pair,game,a_seat,a_score,b_score,a_spread,a_win,turns
0,0,0,400,461,-61,0.0,24
0,1,1,427,396,31,1.0,24
8,0,0,496,424,72,1.0,23
8,1,1,383,511,-128,0.0,23
16,0,0,503,410,93,1.0,24
16,1,1,316,546,-230,0.0,28
24,0,0,489,380,109,1.0,25
24,1,1,447,418,29,1.0,21
32,0,0,417,400,17,1.0,22
32,1,1,491,445,46,1.0,23
40,0,0,408,481,-73,0.0,22
40,1,1,549,453,96,1.0,26
48,0,0,411,538,-127,0.0,23
48,1,1,442,512,-70,0.0,23
56,0,0,448,392,56,1.0,22
56,1,1,415,468,-53,0.0,29
64,0,0,539,260,279,1.0,23
64,1,1,385,446,-61,0.0,27
72,0,0,376,369,7,1.0,23
72,1,1,448,408,40,1.0,23
80,0,0,485,377,108,1.0,27
80,1,1,421,444,-23,0.0,28
88,0,0,427,456,-29,0.0,24
88,1,1,445,437,8,1.0,25
96,0,0,431,510,-79,0.0,18
96,1,1,465,496,-31,0.0,24
104,0,0,494,422,72,1.0,21
104,1,1,420,450,-30,0.0,22
112,0,0,526,334,192,1.0,21
112,1,1,329,579,-250,0.0,19
120,0,0,405,535,-130,0.0,22
120,1,1,542,404,138,1.0,24
128,0,0,407,504,-97,0.0,22
128,1,1,442,418,24,1.0,22
136,0,0,374,385,-11,0.0,24
136,1,1,404,440,-36,0.0,23
144,0,0,480,360,120,1.0,23
144,1,1,356,479,-123,0.0,21
152,0,0,367,522,-155,0.0,24
152,1,1,522,461,61,1.0,21
160,0,0,483,437,46,1.0,22
160,1,1,501,355,146,1.0,24
168,0,0,438,483,-45,0.0,26
168,1,1,446,439,7,1.0,25
176,0,0,423,402,21,1.0,24
176,1,1,504,463,41,1.0,19
184,0,0,477,545,-68,0.0,21
184,1,1,392,397,-5,0.0,25
192,0,0,390,456,-66,0.0,24
192,1,1,478,331,147,1.0,23
200,0,0,427,412,15,1.0,22
200,1,1,486,371,115,1.0,27
208,0,0,484,517,-33,0.0,19
208,1,1,450,466,-16,0.0,21
216,0,0,536,456,80,1.0,19
216,1,1,522,450,72,1.0,21
224,0,0,344,468,-124,0.0,22
224,1,1,544,406,138,1.0,24
232,0,0,466,517,-51,0.0,22
232,1,1,456,504,-48,0.0,23
240,0,0,382,396,-14,0.0,35
240,1,1,407,372,35,1.0,23
248,0,0,422,447,-25,0.0,22
248,1,1,538,422,116,1.0,21
256,0,0,342,479,-137,0.0,22
256,1,1,440,457,-17,0.0,30
264,0,0,452,340,112,1.0,31
264,1,1,332,475,-143,0.0,27
272,0,0,412,410,2,1.0,21
272,1,1,372,493,-121,0.0,24
280,0,0,425,396,29,1.0,26
280,1,1,338,480,-142,0.0,28
288,0,0,462,369,93,1.0,25
288,1,1,535,432,103,1.0,31
296,0,0,454,462,-8,0.0,24
296,1,1,446,474,-28,0.0,24
304,0,0,483,492,-9,0.0,20
304,1,1,391,578,-187,0.0,21
312,0,0,433,432,1,1.0,22
312,1,1,456,413,43,1.0,24
320,0,0,463,445,18,1.0,27
320,1,1,450,479,-29,0.0,23
328,0,0,465,480,-15,0.0,22
328,1,1,503,397,106,1.0,21
336,0,0,524,497,27,1.0,20
336,1,1,398,567,-169,0.0,21
344,0,0,447,282,165,1.0,31
344,1,1,488,413,75,1.0,25
352,0,0,469,338,131,1.0,21
352,1,1,382,469,-87,0.0,26
360,0,0,475,433,42,1.0,28
360,1,1,478,475,3,1.0,20
368,0,0,537,412,125,1.0,25
368,1,1,369,543,-174,0.0,22
376,0,0,367,399,-32,0.0,25
376,1,1,442,401,41,1.0,24
384,0,0,481,415,66,1.0,24
384,1,1,450,488,-38,0.0,23
392,0,0,341,491,-150,0.0,25
392,1,1,434,363,71,1.0,25
400,0,0,497,451,46,1.0,22
400,1,1,516,459,57,1.0,22
408,0,0,440,461,-21,0.0,26
408,1,1,491,461,30,1.0,28
416,0,0,432,437,-5,0.0,21
416,1,1,426,451,-25,0.0,22
424,0,0,486,506,-20,0.0,24
424,1,1,559,385,174,1.0,24
432,0,0,508,387,121,1.0,23
432,1,1,396,508,-112,0.0,23
440,0,0,467,393,74,1.0,29
440,1,1,512,408,104,1.0,23
448,0,0,449,431,18,1.0,24
448,1,1,393,457,-64,0.0,27
456,0,0,385,594,-209,0.0,23
456,1,1,588,309,279,1.0,25
464,0,0,482,436,46,1.0,24
464,1,1,439,373,66,1.0,24
472,0,0,456,398,58,1.0,27
472,1,1,318,484,-166,0.0,34
480,0,0,488,389,99,1.0,21
480,1,1,314,497,-183,0.0,23
488,0,0,519,382,137,1.0,22
488,1,1,325,540,-215,0.0,25
496,0,0,383,446,-63,0.0,25
496,1,1,448,496,-48,0.0,24
504,0,0,438,418,20,1.0,25
504,1,1,460,401,59,1.0,23
512,0,0,405,389,16,1.0,27
512,1,1,396,398,-2,0.0,26
520,0,0,379,594,-215,0.0,22
520,1,1,515,354,161,1.0,20
528,0,0,513,452,61,1.0,23
528,1,1,383,508,-125,0.0,23
536,0,0,446,380,66,1.0,24
536,1,1,434,438,-4,0.0,22
544,0,0,410,494,-84,0.0,24
544,1,1,518,390,128,1.0,24
552,0,0,356,409,-53,0.0,24
552,1,1,366,461,-95,0.0,25
560,0,0,527,478,49,1.0,21
560,1,1,479,437,42,1.0,22
568,0,0,483,370,113,1.0,24
568,1,1,423,521,-98,0.0,29
576,0,0,511,323,188,1.0,22
576,1,1,523,487,36,1.0,21
584,0,0,475,436,39,1.0,26
584,1,1,375,565,-190,0.0,26
592,0,0,431,431,0,0.5,32
592,1,1,443,498,-55,0.0,24
600,0,0,551,493,58,1.0,24
600,1,1,472,626,-154,0.0,18
608,0,0,382,611,-229,0.0,22
608,1,1,457,404,53,1.0,25
616,0,0,450,424,26,1.0,23
616,1,1,454,379,75,1.0,26
624,0,0,488,451,37,1.0,24
624,1,1,434,378,56,1.0,20
632,0,0,442,446,-4,0.0,23
632,1,1,473,428,45,1.0,23
640,0,0,356,607,-251,0.0,28
640,1,1,526,369,157,1.0,28
648,0,0,484,386,98,1.0,21
648,1,1,286,487,-201,0.0,29
656,0,0,482,392,90,1.0,21
656,1,1,401,479,-78,0.0,25
664,0,0,433,372,61,1.0,25
664,1,1,418,451,-33,0.0,24
672,0,0,336,584,-248,0.0,22
672,1,1,564,265,299,1.0,26
680,0,0,523,298,225,1.0,25
680,1,1,336,477,-141,0.0,27
688,0,0,438,423,15,1.0,21
688,1,1,453,466,-13,0.0,21
696,0,0,499,444,55,1.0,21
696,1,1,399,515,-116,0.0,20
704,0,0,352,462,-110,0.0,24
704,1,1,512,373,139,1.0,24
712,0,0,359,436,-77,0.0,30
712,1,1,473,380,93,1.0,28
720,0,0,518,428,90,1.0,21
720,1,1,414,548,-134,0.0,23
728,0,0,381,505,-124,0.0,29
728,1,1,452,443,9,1.0,24
736,0,0,513,457,56,1.0,23
736,1,1,439,518,-79,0.0,23
744,0,0,450,489,-39,0.0,23
744,1,1,406,412,-6,0.0,24
752,0,0,454,367,87,1.0,34
752,1,1,414,379,35,1.0,40
760,0,0,411,464,-53,0.0,25
760,1,1,491,371,120,1.0,23
768,0,0,405,430,-25,0.0,29
768,1,1,459,348,111,1.0,22
776,0,0,505,419,86,1.0,25
776,1,1,398,465,-67,0.0,29
784,0,0,460,522,-62,0.0,23
784,1,1,458,483,-25,0.0,24
792,0,0,393,407,-14,0.0,25
792,1,1,363,411,-48,0.0,23
800,0,0,448,350,98,1.0,23
800,1,1,305,533,-228,0.0,26
808,0,0,429,344,85,1.0,23
808,1,1,334,434,-100,0.0,24
816,0,0,460,395,65,1.0,19
816,1,1,371,520,-149,0.0,22
824,0,0,379,510,-131,0.0,24
824,1,1,541,394,147,1.0,22
832,0,0,555,454,101,1.0,25
832,1,1,514,468,46,1.0,22
840,0,0,472,380,92,1.0,24
840,1,1,392,370,22,1.0,24
848,0,0,482,470,12,1.0,22
848,1,1,331,479,-148,0.0,25
856,0,0,440,489,-49,0.0,22
856,1,1,439,441,-2,0.0,23
864,0,0,392,493,-101,0.0,24
864,1,1,439,436,3,1.0,24
872,0,0,546,322,224,1.0,21
872,1,1,344,569,-225,0.0,23
880,0,0,545,411,134,1.0,22
880,1,1,386,489,-103,0.0,23
888,0,0,478,306,172,1.0,29
888,1,1,339,459,-120,0.0,31
896,0,0,417,410,7,1.0,25
896,1,1,391,513,-122,0.0,25
904,0,0,394,387,7,1.0,27
904,1,1,376,439,-63,0.0,24
912,0,0,502,509,-7,0.0,22
912,1,1,452,511,-59,0.0,26
920,0,0,428,495,-67,0.0,25
920,1,1,456,491,-35,0.0,21
928,0,0,511,343,168,1.0,27
928,1,1,356,413,-57,0.0,24
936,0,0,558,356,202,1.0,22
936,1,1,434,475,-41,0.0,23
944,0,0,375,518,-143,0.0,22
944,1,1,411,422,-11,0.0,23
952,0,0,504,515,-11,0.0,21
952,1,1,571,319,252,1.0,21
960,0,0,450,460,-10,0.0,26
960,1,1,428,472,-44,0.0,26
968,0,0,486,427,59,1.0,27
968,1,1,356,497,-141,0.0,21
976,0,0,370,527,-157,0.0,24
976,1,1,504,399,105,1.0,22
984,0,0,477,440,37,1.0,24
984,1,1,450,436,14,1.0,26
992,0,0,379,496,-117,0.0,22
992,1,1,502,486,16,1.0,22
1000,0,0,486,448,38,1.0,24
1000,1,1,367,372,-5,0.0,37
1008,0,0,477,368,109,1.0,29
1008,1,1,352,513,-161,0.0,23
1016,0,0,426,411,15,1.0,24
1016,1,1,427,449,-22,0.0,26
1024,0,0,465,522,-57,0.0,24
1024,1,1,504,514,-10,0.0,21
1032,0,0,478,505,-27,0.0,20
1032,1,1,511,452,59,1.0,24
1040,0,0,520,395,125,1.0,22
1040,1,1,379,480,-101,0.0,21
1048,0,0,431,446,-15,0.0,25
1048,1,1,456,478,-22,0.0,23
1056,0,0,488,476,12,1.0,23
1056,1,1,464,482,-18,0.0,24
1064,0,0,324,423,-99,0.0,26
1064,1,1,430,362,68,1.0,24
1072,0,0,507,497,10,1.0,23
1072,1,1,457,403,54,1.0,21
1080,0,0,362,440,-78,0.0,21
1080,1,1,521,385,136,1.0,26
1088,0,0,482,388,94,1.0,23
1088,1,1,379,553,-174,0.0,24
1096,0,0,369,459,-90,0.0,22
1096,1,1,517,364,153,1.0,22
1104,0,0,469,428,41,1.0,24
1104,1,1,429,430,-1,0.0,26
1112,0,0,471,453,18,1.0,23
1112,1,1,510,395,115,1.0,24
1120,0,0,512,398,114,1.0,26
1120,1,1,439,573,-134,0.0,24
1128,0,0,449,413,36,1.0,27
1128,1,1,531,457,74,1.0,22
1136,0,0,407,458,-51,0.0,24
1136,1,1,417,321,96,1.0,30
1144,0,0,410,372,38,1.0,26
1144,1,1,384,376,8,1.0,24
1152,0,0,410,554,-144,0.0,21
1152,1,1,501,443,58,1.0,24
1160,0,0,427,502,-75,0.0,20
1160,1,1,391,401,-10,0.0,24
1168,0,0,391,407,-16,0.0,21
1168,1,1,490,342,148,1.0,28
1176,0,0,445,434,11,1.0,22
1176,1,1,438,469,-31,0.0,23
1184,0,0,454,467,-13,0.0,21
1184,1,1,436,500,-64,0.0,21
1192,0,0,520,323,197,1.0,23
1192,1,1,408,541,-133,0.0,24
1200,0,0,527,414,113,1.0,24
1200,1,1,438,451,-13,0.0,24
1208,0,0,394,529,-135,0.0,21
1208,1,1,517,378,139,1.0,22
1216,0,0,497,461,36,1.0,22
1216,1,1,423,449,-26,0.0,24
1224,0,0,416,383,33,1.0,22
1224,1,1,463,370,93,1.0,23
1232,0,0,462,394,68,1.0,22
1232,1,1,357,517,-160,0.0,24
1240,0,0,534,468,66,1.0,22
1240,1,1,356,422,-66,0.0,23
1248,0,0,493,415,78,1.0,24
1248,1,1,431,512,-81,0.0,23
1256,0,0,469,473,-4,0.0,27
1256,1,1,516,406,110,1.0,24
1264,0,0,510,396,114,1.0,29
1264,1,1,418,479,-61,0.0,24
1272,0,0,390,432,-42,0.0,25
1272,1,1,504,440,64,1.0,23
1280,0,0,507,394,113,1.0,25
1280,1,1,363,495,-132,0.0,25
1288,0,0,390,395,-5,0.0,26
1288,1,1,417,364,53,1.0,31
1296,0,0,452,423,29,1.0,22
1296,1,1,419,492,-73,0.0,21
1304,0,0,422,415,7,1.0,23
1304,1,1,372,427,-55,0.0,28
1312,0,0,455,476,-21,0.0,22
1312,1,1,461,373,88,1.0,22
1320,0,0,377,443,-66,0.0,25
1320,1,1,470,441,29,1.0,25
1328,0,0,442,439,3,1.0,24
1328,1,1,519,440,79,1.0,23
1336,0,0,435,406,29,1.0,23
1336,1,1,435,334,101,1.0,23
1344,0,0,319,492,-173,0.0,23
1344,1,1,425,450,-25,0.0,24
1352,0,0,401,426,-25,0.0,24
1352,1,1,435,468,-33,0.0,26
1360,0,0,468,472,-4,0.0,20
1360,1,1,450,372,78,1.0,22
1368,0,0,524,407,117,1.0,23
1368,1,1,468,545,-77,0.0,23
1376,0,0,397,455,-58,0.0,23
1376,1,1,460,468,-8,0.0,21
1384,0,0,495,466,29,1.0,25
1384,1,1,407,525,-118,0.0,26
1392,0,0,392,483,-91,0.0,25
1392,1,1,418,423,-5,0.0,24
1400,0,0,409,499,-90,0.0,27
1400,1,1,423,456,-33,0.0,25
1408,0,0,469,440,29,1.0,23
1408,1,1,398,496,-98,0.0,23
1416,0,0,403,500,-97,0.0,20
1416,1,1,380,395,-15,0.0,22
1424,0,0,414,437,-23,0.0,24
1424,1,1,387,465,-78,0.0,24
1432,0,0,479,357,122,1.0,23
1432,1,1,414,463,-49,0.0,26
1440,0,0,455,423,32,1.0,24
1440,1,1,431,459,-28,0.0,24
1448,0,0,470,374,96,1.0,24
1448,1,1,339,500,-161,0.0,25
1456,0,0,501,414,87,1.0,26
1456,1,1,437,409,28,1.0,27
1464,0,0,450,400,50,1.0,32
1464,1,1,381,508,-127,0.0,19
1472,0,0,458,457,1,1.0,25
1472,1,1,459,430,29,1.0,24
1480,0,0,420,449,-29,0.0,28
1480,1,1,463,401,62,1.0,24
1488,0,0,542,350,192,1.0,23
1488,1,1,330,459,-129,0.0,26
1496,0,0,422,486,-64,0.0,24
1496,1,1,438,486,-48,0.0,23
1504,0,0,423,364,59,1.0,31
1504,1,1,346,488,-142,0.0,25
1512,0,0,488,473,15,1.0,25
1512,1,1,397,444,-47,0.0,25
1520,0,0,388,464,-76,0.0,27
1520,1,1,416,396,20,1.0,27
1528,0,0,407,460,-53,0.0,24
1528,1,1,387,476,-89,0.0,34
1536,0,0,464,440,24,1.0,22
1536,1,1,434,423,11,1.0,25
1544,0,0,414,502,-88,0.0,23
1544,1,1,447,422,25,1.0,25
1552,0,0,359,484,-125,0.0,21
1552,1,1,532,463,69,1.0,23
1560,0,0,394,411,-17,0.0,23
1560,1,1,489,411,78,1.0,24
1568,0,0,468,345,123,1.0,22
1568,1,1,335,435,-100,0.0,25
1576,0,0,511,446,65,1.0,20
1576,1,1,364,598,-234,0.0,21
1584,0,0,431,458,-27,0.0,23
1584,1,1,441,446,-5,0.0,26
1592,0,0,402,432,-30,0.0,24
1592,1,1,548,378,170,1.0,20
1600,0,0,430,363,67,1.0,27
1600,1,1,294,530,-236,0.0,28
1608,0,0,492,460,32,1.0,24
1608,1,1,494,455,39,1.0,22
1616,0,0,508,380,128,1.0,25
1616,1,1,440,458,-18,0.0,23
1624,0,0,479,425,54,1.0,24
1624,1,1,344,390,-46,0.0,27
1632,0,0,367,532,-165,0.0,22
1632,1,1,467,412,55,1.0,21
1640,0,0,452,435,17,1.0,24
1640,1,1,399,418,-19,0.0,23
1648,0,0,453,405,48,1.0,25
1648,1,1,442,445,-3,0.0,22
1656,0,0,462,474,-12,0.0,31
1656,1,1,523,363,160,1.0,26
1664,0,0,454,407,47,1.0,25
1664,1,1,360,454,-94,0.0,24
1672,0,0,520,473,47,1.0,19
1672,1,1,557,462,95,1.0,21
1680,0,0,459,432,27,1.0,21
1680,1,1,418,491,-73,0.0,19
1688,0,0,411,479,-68,0.0,24
1688,1,1,419,353,66,1.0,25
1696,0,0,458,385,73,1.0,26
1696,1,1,311,499,-188,0.0,23
1704,0,0,446,445,1,1.0,24
1704,1,1,419,405,14,1.0,23
1712,0,0,473,474,-1,0.0,24
1712,1,1,441,421,20,1.0,23
1720,0,0,460,454,6,1.0,22
1720,1,1,397,375,22,1.0,24
1728,0,0,428,551,-123,0.0,24
1728,1,1,443,432,11,1.0,23
1736,0,0,504,465,39,1.0,22
1736,1,1,447,499,-52,0.0,26
1744,0,0,316,477,-161,0.0,24
1744,1,1,572,411,161,1.0,24
1752,0,0,384,435,-51,0.0,23
1752,1,1,461,506,-45,0.0,21
1760,0,0,409,379,30,1.0,29
1760,1,1,415,454,-39,0.0,24
1768,0,0,527,319,208,1.0,30
1768,1,1,345,461,-116,0.0,27
1776,0,0,453,496,-43,0.0,23
1776,1,1,371,431,-60,0.0,33
1784,0,0,326,482,-156,0.0,26
1784,1,1,479,392,87,1.0,26
1792,0,0,282,398,-116,0.0,31
1792,1,1,394,460,-66,0.0,24
1800,0,0,375,538,-163,0.0,24
1800,1,1,434,386,48,1.0,24
1808,0,0,417,438,-21,0.0,25
1808,1,1,539,385,154,1.0,28
1816,0,0,503,460,43,1.0,22
1816,1,1,376,520,-144,0.0,22
1824,0,0,458,358,100,1.0,24
1824,1,1,383,580,-197,0.0,22
1832,0,0,407,421,-14,0.0,26
1832,1,1,492,404,88,1.0,22
1840,0,0,317,547,-230,0.0,24
1840,1,1,354,472,-118,0.0,26
1848,0,0,486,411,75,1.0,25
1848,1,1,469,513,-44,0.0,23
1856,0,0,410,367,43,1.0,26
1856,1,1,379,473,-94,0.0,24
1864,0,0,401,468,-67,0.0,22
1864,1,1,433,411,22,1.0,23
1872,0,0,354,499,-145,0.0,29
1872,1,1,404,358,46,1.0,23
1880,0,0,409,420,-11,0.0,24
1880,1,1,493,374,119,1.0,24
1888,0,0,354,514,-160,0.0,24
1888,1,1,509,348,161,1.0,23
1896,0,0,494,451,43,1.0,20
1896,1,1,435,527,-92,0.0,21
1904,0,0,508,473,35,1.0,25
1904,1,1,388,634,-246,0.0,25
1912,0,0,511,485,26,1.0,22
1912,1,1,412,433,-21,0.0,24
1920,0,0,365,488,-123,0.0,30
1920,1,1,420,373,47,1.0,28
1928,0,0,457,399,58,1.0,20
1928,1,1,423,555,-132,0.0,21
1936,0,0,485,289,196,1.0,27
1936,1,1,406,437,-31,0.0,23
1944,0,0,421,372,49,1.0,24
1944,1,1,426,407,19,1.0,31
1952,0,0,436,399,37,1.0,22
1952,1,1,394,487,-93,0.0,19
1960,0,0,404,390,14,1.0,23
1960,1,1,441,454,-13,0.0,26
1968,0,0,525,328,197,1.0,26
1968,1,1,380,495,-115,0.0,27
1976,0,0,416,345,71,1.0,27
1976,1,1,414,491,-77,0.0,24
1984,0,0,360,422,-62,0.0,24
1984,1,1,462,451,11,1.0,19
1992,0,0,388,396,-8,0.0,22
1992,1,1,400,429,-29,0.0,27
pair,game,a_seat,a_score,b_score,a_spread,a_win,turns
1,0,0,465,429,36,1.0,22
1,1,1,488,531,-43,0.0,24
9,0,0,400,455,-55,0.0,21
9,1,1,475,486,-11,0.0,22
17,0,0,404,541,-137,0.0,25
17,1,1,366,458,-92,0.0,22
25,0,0,439,417,22,1.0,26
25,1,1,515,412,103,1.0,23
33,0,0,379,465,-86,0.0,21
33,1,1,398,440,-42,0.0,21
41,0,0,422,458,-36,0.0,22
41,1,1,562,426,136,1.0,21
49,0,0,500,500,0,0.5,24
49,1,1,462,433,29,1.0,20
57,0,0,452,412,40,1.0,24
57,1,1,396,462,-66,0.0,24
65,0,0,348,437,-89,0.0,26
65,1,1,485,288,197,1.0,23
73,0,0,553,464,89,1.0,24
73,1,1,468,451,17,1.0,22
81,0,0,462,522,-60,0.0,26
81,1,1,493,440,53,1.0,20
89,0,0,449,484,-35,0.0,26
89,1,1,434,441,-7,0.0,26
97,0,0,501,374,127,1.0,22
97,1,1,344,468,-124,0.0,28
105,0,0,392,482,-90,0.0,23
105,1,1,492,470,22,1.0,22
113,0,0,372,487,-115,0.0,24
113,1,1,449,466,-17,0.0,23
121,0,0,488,473,15,1.0,20
121,1,1,380,436,-56,0.0,23
129,0,0,554,379,175,1.0,21
129,1,1,385,467,-82,0.0,22
137,0,0,543,399,144,1.0,25
137,1,1,445,452,-7,0.0,24
145,0,0,413,535,-122,0.0,23
145,1,1,511,352,159,1.0,24
153,0,0,361,476,-115,0.0,24
153,1,1,570,310,260,1.0,21
161,0,0,480,393,87,1.0,28
161,1,1,450,403,47,1.0,28
169,0,0,387,480,-93,0.0,24
169,1,1,505,357,148,1.0,24
177,0,0,476,362,114,1.0,22
177,1,1,397,479,-82,0.0,23
185,0,0,502,392,110,1.0,24
185,1,1,327,476,-149,0.0,28
193,0,0,484,422,62,1.0,22
193,1,1,339,582,-243,0.0,25
201,0,0,517,442,75,1.0,24
201,1,1,366,501,-135,0.0,22
209,0,0,498,388,110,1.0,23
209,1,1,470,516,-46,0.0,24
217,0,0,391,468,-77,0.0,25
217,1,1,414,435,-21,0.0,28
225,0,0,383,439,-56,0.0,22
225,1,1,479,371,108,1.0,22
233,0,0,533,497,36,1.0,22
233,1,1,425,479,-54,0.0,22
241,0,0,469,332,137,1.0,25
241,1,1,534,405,129,1.0,19
249,0,0,470,397,73,1.0,23
249,1,1,425,346,79,1.0,25
257,0,0,430,446,-16,0.0,22
257,1,1,394,376,18,1.0,26
265,0,0,394,391,3,1.0,25
265,1,1,427,435,-8,0.0,24
273,0,0,452,398,54,1.0,28
273,1,1,524,366,158,1.0,21
281,0,0,373,449,-76,0.0,25
281,1,1,476,365,111,1.0,26
289,0,0,349,508,-159,0.0,25
289,1,1,485,419,66,1.0,24
297,0,0,328,492,-164,0.0,23
297,1,1,436,431,5,1.0,24
305,0,0,437,395,42,1.0,22
305,1,1,426,450,-24,0.0,23
313,0,0,466,349,117,1.0,28
313,1,1,338,464,-126,0.0,28
321,0,0,358,470,-112,0.0,26
321,1,1,449,385,64,1.0,21
329,0,0,402,411,-9,0.0,22
329,1,1,437,408,29,1.0,24
337,0,0,432,388,44,1.0,26
337,1,1,379,379,0,0.5,28
345,0,0,454,426,28,1.0,23
345,1,1,398,459,-61,0.0,24
353,0,0,447,433,14,1.0,20
353,1,1,336,385,-49,0.0,30
361,0,0,348,461,-113,0.0,23
361,1,1,445,349,96,1.0,24
369,0,0,442,479,-37,0.0,22
369,1,1,470,482,-12,0.0,22
377,0,0,481,429,52,1.0,20
377,1,1,359,510,-151,0.0,25
385,0,0,469,485,-16,0.0,22
385,1,1,460,425,35,1.0,22
393,0,0,550,454,96,1.0,20
393,1,1,489,526,-37,0.0,23
401,0,0,465,426,39,1.0,25
401,1,1,430,467,-37,0.0,25
409,0,0,394,494,-100,0.0,19
409,1,1,556,399,157,1.0,18
417,0,0,336,503,-167,0.0,23
417,1,1,431,460,-29,0.0,26
425,0,0,566,445,121,1.0,22
425,1,1,473,451,22,1.0,24
433,0,0,412,387,25,1.0,24
433,1,1,360,422,-62,0.0,26
441,0,0,518,452,66,1.0,19
441,1,1,406,474,-68,0.0,24
449,0,0,465,424,41,1.0,23
449,1,1,450,505,-55,0.0,27
457,0,0,330,439,-109,0.0,24
457,1,1,376,493,-117,0.0,24
465,0,0,429,486,-57,0.0,20
465,1,1,561,567,-6,0.0,20
473,0,0,459,419,40,1.0,22
473,1,1,415,440,-25,0.0,23
481,0,0,400,479,-79,0.0,27
481,1,1,429,347,82,1.0,26
489,0,0,426,470,-44,0.0,25
489,1,1,485,430,55,1.0,24
497,0,0,487,514,-27,0.0,27
497,1,1,425,409,16,1.0,22
505,0,0,418,397,21,1.0,25
505,1,1,440,417,23,1.0,25
513,0,0,449,461,-12,0.0,22
513,1,1,429,414,15,1.0,30
521,0,0,393,502,-109,0.0,22
521,1,1,367,418,-51,0.0,26
529,0,0,384,578,-194,0.0,19
529,1,1,580,370,210,1.0,21
537,0,0,407,489,-82,0.0,22
537,1,1,494,412,82,1.0,22
545,0,0,460,423,37,1.0,24
545,1,1,354,462,-108,0.0,24
553,0,0,356,553,-197,0.0,19
553,1,1,448,409,39,1.0,22
561,0,0,421,413,8,1.0,29
561,1,1,366,453,-87,0.0,26
569,0,0,461,459,2,1.0,25
569,1,1,407,323,84,1.0,31
577,0,0,426,482,-56,0.0,29
577,1,1,411,478,-67,0.0,24
585,0,0,477,417,60,1.0,22
585,1,1,310,517,-207,0.0,30
593,0,0,432,470,-38,0.0,25
593,1,1,499,383,116,1.0,25
601,0,0,319,487,-168,0.0,25
601,1,1,502,370,132,1.0,23
609,0,0,500,384,116,1.0,24
609,1,1,421,413,8,1.0,29
617,0,0,451,524,-73,0.0,26
617,1,1,548,429,119,1.0,21
625,0,0,318,453,-135,0.0,22
625,1,1,441,431,10,1.0,24
633,0,0,513,495,18,1.0,19
633,1,1,422,491,-69,0.0,19
641,0,0,441,484,-43,0.0,21
641,1,1,454,398,56,1.0,23
649,0,0,450,292,158,1.0,25
649,1,1,524,404,120,1.0,22
657,0,0,386,435,-49,0.0,24
657,1,1,478,356,122,1.0,24
665,0,0,446,439,7,1.0,25
665,1,1,413,505,-92,0.0,22
673,0,0,353,548,-195,0.0,25
673,1,1,447,399,48,1.0,27
681,0,0,492,519,-27,0.0,23
681,1,1,541,389,152,1.0,22
689,0,0,397,439,-42,0.0,30
689,1,1,448,475,-27,0.0,22
697,0,0,417,442,-25,0.0,28
697,1,1,471,415,56,1.0,26
705,0,0,390,436,-46,0.0,19
705,1,1,469,427,42,1.0,20
713,0,0,473,463,10,1.0,26
713,1,1,512,377,135,1.0,21
721,0,0,424,471,-47,0.0,22
721,1,1,539,443,96,1.0,21
729,0,0,453,464,-11,0.0,23
729,1,1,416,492,-76,0.0,26
737,0,0,444,461,-17,0.0,22
737,1,1,422,576,-154,0.0,24
745,0,0,376,544,-168,0.0,21
745,1,1,424,519,-95,0.0,20
753,0,0,490,420,70,1.0,26
753,1,1,415,655,-240,0.0,20
761,0,0,453,413,40,1.0,29
761,1,1,530,376,154,1.0,25
769,0,0,425,426,-1,0.0,24
769,1,1,457,473,-16,0.0,26
777,0,0,459,425,34,1.0,26
777,1,1,427,424,3,1.0,23
785,0,0,463,411,52,1.0,22
785,1,1,512,349,163,1.0,22
793,0,0,496,420,76,1.0,24
793,1,1,355,481,-126,0.0,24
801,0,0,527,409,118,1.0,22
801,1,1,437,416,21,1.0,23
809,0,0,525,505,20,1.0,20
809,1,1,522,511,11,1.0,20
817,0,0,328,417,-89,0.0,24
817,1,1,477,350,127,1.0,24
825,0,0,362,553,-191,0.0,23
825,1,1,455,346,109,1.0,23
833,0,0,557,337,220,1.0,24
833,1,1,372,388,-16,0.0,28
841,0,0,418,482,-64,0.0,23
841,1,1,483,404,79,1.0,22
849,0,0,479,485,-6,0.0,25
849,1,1,379,532,-153,0.0,24
857,0,0,438,404,34,1.0,26
857,1,1,433,430,3,1.0,21
865,0,0,361,598,-237,0.0,21
865,1,1,475,380,95,1.0,21
873,0,0,521,388,133,1.0,21
873,1,1,494,427,67,1.0,21
881,0,0,427,529,-102,0.0,21
881,1,1,484,485,-1,0.0,25
889,0,0,401,450,-49,0.0,23
889,1,1,489,442,47,1.0,21
897,0,0,402,424,-22,0.0,22
897,1,1,600,329,271,1.0,26
905,0,0,262,566,-304,0.0,24
905,1,1,548,341,207,1.0,23
913,0,0,411,404,7,1.0,23
913,1,1,333,432,-99,0.0,30
921,0,0,514,414,100,1.0,24
921,1,1,418,429,-11,0.0,26
929,0,0,452,451,1,1.0,20
929,1,1,468,406,62,1.0,24
937,0,0,421,508,-87,0.0,21
937,1,1,436,459,-23,0.0,24
945,0,0,403,495,-92,0.0,24
945,1,1,523,404,119,1.0,25
953,0,0,453,340,113,1.0,29
953,1,1,469,371,98,1.0,27
961,0,0,352,509,-157,0.0,23
961,1,1,447,491,-44,0.0,20
969,0,0,376,497,-121,0.0,21
969,1,1,420,417,3,1.0,24
977,0,0,394,436,-42,0.0,25
977,1,1,398,384,14,1.0,26
985,0,0,451,370,81,1.0,25
985,1,1,405,440,-35,0.0,19
993,0,0,408,464,-56,0.0,21
993,1,1,497,315,182,1.0,23
1001,0,0,434,387,47,1.0,21
1001,1,1,387,448,-61,0.0,23
1009,0,0,376,477,-101,0.0,23
1009,1,1,453,448,5,1.0,22
1017,0,0,469,500,-31,0.0,29
1017,1,1,511,439,72,1.0,25
1025,0,0,404,447,-43,0.0,24
1025,1,1,419,403,16,1.0,23
1033,0,0,364,505,-141,0.0,21
1033,1,1,475,288,187,1.0,25
1041,0,0,385,441,-56,0.0,23
1041,1,1,563,400,163,1.0,22
1049,0,0,492,520,-28,0.0,22
1049,1,1,496,471,25,1.0,21
1057,0,0,437,462,-25,0.0,24
1057,1,1,498,428,70,1.0,29
1065,0,0,485,455,30,1.0,25
1065,1,1,485,533,-48,0.0,22
1073,0,0,472,529,-57,0.0,25
1073,1,1,360,453,-93,0.0,27
1081,0,0,445,579,-134,0.0,22
1081,1,1,520,416,104,1.0,25
1089,0,0,549,399,150,1.0,25
1089,1,1,406,536,-130,0.0,25
1097,0,0,384,466,-82,0.0,26
1097,1,1,588,305,283,1.0,29
1105,0,0,610,352,258,1.0,22
1105,1,1,327,497,-170,0.0,22
1113,0,0,355,518,-163,0.0,24
1113,1,1,507,460,47,1.0,22
1121,0,0,408,506,-98,0.0,23
1121,1,1,427,439,-12,0.0,21
1129,0,0,432,414,18,1.0,22
1129,1,1,417,521,-104,0.0,22
1137,0,0,449,372,77,1.0,25
1137,1,1,401,373,28,1.0,27
1145,0,0,485,392,93,1.0,24
1145,1,1,355,453,-98,0.0,25
1153,0,0,456,396,60,1.0,25
1153,1,1,327,456,-129,0.0,28
1161,0,0,407,504,-97,0.0,24
1161,1,1,407,465,-58,0.0,20
1169,0,0,456,367,89,1.0,25
1169,1,1,384,448,-64,0.0,23
1177,0,0,374,560,-186,0.0,23
1177,1,1,480,408,72,1.0,25
1185,0,0,530,527,3,1.0,24
1185,1,1,479,505,-26,0.0,23
1193,0,0,520,364,156,1.0,24
1193,1,1,449,456,-7,0.0,28
1201,0,0,394,459,-65,0.0,23
1201,1,1,396,420,-24,0.0,24
1209,0,0,390,401,-11,0.0,23
1209,1,1,435,505,-70,0.0,25
1217,0,0,486,436,50,1.0,19
1217,1,1,420,354,66,1.0,25
1225,0,0,502,375,127,1.0,22
1225,1,1,295,474,-179,0.0,28
1233,0,0,455,475,-20,0.0,23
1233,1,1,439,387,52,1.0,23
1241,0,0,425,463,-38,0.0,23
1241,1,1,453,404,49,1.0,23
1249,0,0,334,576,-242,0.0,29
1249,1,1,468,420,48,1.0,23
1257,0,0,487,404,83,1.0,23
1257,1,1,464,450,14,1.0,25
1265,0,0,501,503,-2,0.0,19
1265,1,1,381,472,-91,0.0,22
1273,0,0,525,344,181,1.0,25
1273,1,1,431,466,-35,0.0,24
1281,0,0,380,563,-183,0.0,26
1281,1,1,463,399,64,1.0,29
1289,0,0,529,333,196,1.0,22
1289,1,1,522,467,55,1.0,23
1297,0,0,475,428,47,1.0,25
1297,1,1,478,445,33,1.0,25
1305,0,0,352,495,-143,0.0,27
1305,1,1,469,369,100,1.0,29
1313,0,0,463,348,115,1.0,34
1313,1,1,527,511,16,1.0,21
1321,0,0,396,476,-80,0.0,23
1321,1,1,487,409,78,1.0,27
1329,0,0,430,456,-26,0.0,24
1329,1,1,430,482,-52,0.0,21
1337,0,0,537,378,159,1.0,27
1337,1,1,372,511,-139,0.0,24
1345,0,0,446,405,41,1.0,23
1345,1,1,451,428,23,1.0,20
1353,0,0,465,495,-30,0.0,21
1353,1,1,439,436,3,1.0,23
1361,0,0,356,454,-98,0.0,25
1361,1,1,432,435,-3,0.0,25
1369,0,0,430,499,-69,0.0,25
1369,1,1,543,496,47,1.0,23
1377,0,0,398,403,-5,0.0,26
1377,1,1,361,444,-83,0.0,26
1385,0,0,385,505,-120,0.0,22
1385,1,1,482,401,81,1.0,23
1393,0,0,523,447,76,1.0,22
1393,1,1,410,400,10,1.0,29
1401,0,0,429,426,3,1.0,29
1401,1,1,556,381,175,1.0,35
1409,0,0,433,328,105,1.0,25
1409,1,1,385,458,-73,0.0,23
1417,0,0,480,399,81,1.0,22
1417,1,1,399,480,-81,0.0,22
1425,0,0,462,386,76,1.0,26
1425,1,1,434,449,-15,0.0,24
1433,0,0,336,595,-259,0.0,25
1433,1,1,448,406,42,1.0,25
1441,0,0,460,520,-60,0.0,21
1441,1,1,360,425,-65,0.0,24
1449,0,0,437,520,-83,0.0,26
1449,1,1,600,482,118,1.0,23
1457,0,0,465,488,-23,0.0,25
1457,1,1,449,442,7,1.0,26
1465,0,0,425,450,-25,0.0,25
1465,1,1,460,363,97,1.0,30
1473,0,0,462,381,81,1.0,26
1473,1,1,444,304,140,1.0,28
1481,0,0,354,629,-275,0.0,23
1481,1,1,617,364,253,1.0,23
1489,0,0,513,383,130,1.0,22
1489,1,1,383,513,-130,0.0,22
1497,0,0,504,479,25,1.0,22
1497,1,1,395,465,-70,0.0,24
1505,0,0,398,402,-4,0.0,23
1505,1,1,474,457,17,1.0,22
1513,0,0,377,540,-163,0.0,24
1513,1,1,442,493,-51,0.0,23
1521,0,0,505,459,46,1.0,22
1521,1,1,411,579,-168,0.0,23
1529,0,0,389,521,-132,0.0,25
1529,1,1,450,405,45,1.0,25
1537,0,0,463,425,38,1.0,23
1537,1,1,362,459,-97,0.0,24
1545,0,0,390,427,-37,0.0,26
1545,1,1,414,459,-45,0.0,25
1553,0,0,422,502,-80,0.0,23
1553,1,1,492,402,90,1.0,27
1561,0,0,396,504,-108,0.0,23
1561,1,1,536,368,168,1.0,24
1569,0,0,452,559,-107,0.0,20
1569,1,1,477,406,71,1.0,20
1577,0,0,416,452,-36,0.0,25
1577,1,1,452,368,84,1.0,22
1585,0,0,491,378,113,1.0,22
1585,1,1,450,483,-33,0.0,21
1593,0,0,449,396,53,1.0,26
1593,1,1,345,538,-193,0.0,31
1601,0,0,416,388,28,1.0,24
1601,1,1,415,459,-44,0.0,30
1609,0,0,435,431,4,1.0,22
1609,1,1,414,380,34,1.0,25
1617,0,0,506,426,80,1.0,23
1617,1,1,440,400,40,1.0,25
1625,0,0,426,461,-35,0.0,21
1625,1,1,450,336,114,1.0,27
1633,0,0,526,451,75,1.0,25
1633,1,1,418,478,-60,0.0,22
1641,0,0,390,536,-146,0.0,22
1641,1,1,508,452,56,1.0,28
1649,0,0,491,421,70,1.0,24
1649,1,1,392,323,69,1.0,26
1657,0,0,471,406,65,1.0,23
1657,1,1,456,426,30,1.0,23
1665,0,0,424,440,-16,0.0,24
1665,1,1,454,451,3,1.0,21
1673,0,0,370,438,-68,0.0,25
1673,1,1,451,408,43,1.0,22
1681,0,0,532,409,123,1.0,24
1681,1,1,442,481,-39,0.0,24
1689,0,0,369,427,-58,0.0,32
1689,1,1,369,468,-99,0.0,24
1697,0,0,278,579,-301,0.0,21
1697,1,1,508,410,98,1.0,22
1705,0,0,396,484,-88,0.0,25
1705,1,1,426,372,54,1.0,24
1713,0,0,451,462,-11,0.0,25
1713,1,1,487,485,2,1.0,23
1721,0,0,333,538,-205,0.0,25
1721,1,1,424,426,-2,0.0,26
1729,0,0,400,461,-61,0.0,25
1729,1,1,397,420,-23,0.0,25
1737,0,0,444,407,37,1.0,27
1737,1,1,407,518,-111,0.0,22
1745,0,0,519,425,94,1.0,22
1745,1,1,434,431,3,1.0,28
1753,0,0,444,478,-34,0.0,21
1753,1,1,459,381,78,1.0,25
1761,0,0,376,409,-33,0.0,24
1761,1,1,434,461,-27,0.0,27
1769,0,0,400,551,-151,0.0,25
1769,1,1,440,429,11,1.0,22
1777,0,0,314,586,-272,0.0,23
1777,1,1,598,311,287,1.0,23
1785,0,0,478,509,-31,0.0,25
1785,1,1,446,416,30,1.0,24
1793,0,0,331,436,-105,0.0,30
1793,1,1,309,393,-84,0.0,28
1801,0,0,386,462,-76,0.0,23
1801,1,1,433,352,81,1.0,30
1809,0,0,485,480,5,1.0,21
1809,1,1,459,402,57,1.0,24
1817,0,0,444,433,11,1.0,23
1817,1,1,421,434,-13,0.0,24
1825,0,0,461,335,126,1.0,24
1825,1,1,356,513,-157,0.0,24
1833,0,0,420,515,-95,0.0,21
1833,1,1,450,455,-5,0.0,22
1841,0,0,367,441,-74,0.0,29
1841,1,1,473,449,24,1.0,24
1849,0,0,452,433,19,1.0,26
1849,1,1,429,363,66,1.0,29
1857,0,0,446,439,7,1.0,22
1857,1,1,420,460,-40,0.0,24
1865,0,0,477,569,-92,0.0,24
1865,1,1,473,467,6,1.0,25
1873,0,0,488,435,53,1.0,23
1873,1,1,466,474,-8,0.0,22
1881,0,0,449,419,30,1.0,34
1881,1,1,373,534,-161,0.0,23
1889,0,0,376,376,0,0.5,25
1889,1,1,376,445,-69,0.0,22
1897,0,0,445,472,-27,0.0,25
1897,1,1,526,514,12,1.0,22
1905,0,0,472,388,84,1.0,28
1905,1,1,412,487,-75,0.0,25
1913,0,0,469,409,60,1.0,22
1913,1,1,526,392,134,1.0,21
1921,0,0,629,402,227,1.0,22
1921,1,1,352,537,-185,0.0,25
1929,0,0,485,455,30,1.0,24
1929,1,1,384,432,-48,0.0,23
1937,0,0,437,468,-31,0.0,25
1937,1,1,450,508,-58,0.0,25
1945,0,0,379,445,-66,0.0,23
1945,1,1,461,458,3,1.0,23
1953,0,0,418,409,9,1.0,27
1953,1,1,409,440,-31,0.0,27
1961,0,0,498,360,138,1.0,23
1961,1,1,424,439,-15,0.0,21
1969,0,0,435,442,-7,0.0,26
1969,1,1,486,491,-5,0.0,21
1977,0,0,433,544,-111,0.0,21
1977,1,1,484,440,44,1.0,23
1985,0,0,479,353,126,1.0,22
1985,1,1,443,450,-7,0.0,22
1993,0,0,369,435,-66,0.0,25
1993,1,1,484,396,88,1.0,28
pair,game,a_seat,a_score,b_score,a_spread,a_win,turns
2,0,0,486,453,33,1.0,22
2,1,1,449,457,-8,0.0,22
10,0,0,505,388,117,1.0,28
10,1,1,440,583,-143,0.0,23
18,0,0,437,464,-27,0.0,26
18,1,1,478,440,38,1.0,25
26,0,0,378,398,-20,0.0,24
26,1,1,376,488,-112,0.0,26
34,0,0,319,416,-97,0.0,26
34,1,1,418,428,-10,0.0,23
42,0,0,416,468,-52,0.0,22
42,1,1,429,375,54,1.0,22
50,0,0,509,441,68,1.0,23
50,1,1,446,517,-71,0.0,21
58,0,0,494,318,176,1.0,20
58,1,1,401,457,-56,0.0,25
66,0,0,472,424,48,1.0,24
66,1,1,462,487,-25,0.0,28
74,0,0,491,476,15,1.0,19
74,1,1,489,487,2,1.0,23
82,0,0,384,423,-39,0.0,22
82,1,1,460,372,88,1.0,24
90,0,0,431,433,-2,0.0,22
90,1,1,425,366,59,1.0,23
98,0,0,394,420,-26,0.0,24
98,1,1,345,441,-96,0.0,23
106,0,0,521,430,91,1.0,21
106,1,1,466,481,-15,0.0,23
114,0,0,462,345,117,1.0,26
114,1,1,410,499,-89,0.0,25
122,0,0,436,450,-14,0.0,24
122,1,1,439,547,-108,0.0,22
130,0,0,461,344,117,1.0,28
130,1,1,395,473,-78,0.0,21
138,0,0,421,359,62,1.0,20
138,1,1,412,487,-75,0.0,21
146,0,0,435,487,-52,0.0,24
146,1,1,456,383,73,1.0,23
154,0,0,553,444,109,1.0,25
154,1,1,424,499,-75,0.0,22
162,0,0,442,520,-78,0.0,23
162,1,1,436,448,-12,0.0,24
170,0,0,442,435,7,1.0,27
170,1,1,406,479,-73,0.0,24
178,0,0,403,445,-42,0.0,25
178,1,1,505,346,159,1.0,25
186,0,0,388,548,-160,0.0,25
186,1,1,472,351,121,1.0,24
194,0,0,388,474,-86,0.0,20
194,1,1,445,423,22,1.0,22
202,0,0,502,436,66,1.0,22
202,1,1,410,526,-116,0.0,21
210,0,0,410,426,-16,0.0,25
210,1,1,540,361,179,1.0,24
218,0,0,495,414,81,1.0,25
218,1,1,339,506,-167,0.0,28
226,0,0,485,475,10,1.0,21
226,1,1,563,386,177,1.0,24
234,0,0,433,459,-26,0.0,28
234,1,1,469,408,61,1.0,27
242,0,0,511,545,-34,0.0,23
242,1,1,505,491,14,1.0,24
250,0,0,500,337,163,1.0,25
250,1,1,300,481,-181,0.0,27
258,0,0,516,400,116,1.0,27
258,1,1,420,485,-65,0.0,21
266,0,0,423,419,4,1.0,24
266,1,1,430,383,47,1.0,23
274,0,0,408,465,-57,0.0,23
274,1,1,335,453,-118,0.0,23
282,0,0,415,539,-124,0.0,23
282,1,1,507,467,40,1.0,24
290,0,0,495,366,129,1.0,24
290,1,1,351,455,-104,0.0,27
298,0,0,391,435,-44,0.0,28
298,1,1,480,414,66,1.0,28
306,0,0,411,455,-44,0.0,26
306,1,1,415,383,32,1.0,23
314,0,0,377,524,-147,0.0,22
314,1,1,400,388,12,1.0,26
322,0,0,421,483,-62,0.0,22
322,1,1,432,443,-11,0.0,24
330,0,0,452,549,-97,0.0,27
330,1,1,460,441,19,1.0,21
338,0,0,532,489,43,1.0,22
338,1,1,497,516,-19,0.0,21
346,0,0,489,402,87,1.0,21
346,1,1,399,529,-130,0.0,24
354,0,0,445,465,-20,0.0,23
354,1,1,450,492,-42,0.0,21
362,0,0,435,404,31,1.0,22
362,1,1,415,493,-78,0.0,20
370,0,0,386,593,-207,0.0,22
370,1,1,447,406,41,1.0,26
378,0,0,456,448,8,1.0,23
378,1,1,423,448,-25,0.0,26
386,0,0,395,479,-84,0.0,28
386,1,1,534,447,87,1.0,22
394,0,0,504,351,153,1.0,25
394,1,1,462,506,-44,0.0,25
402,0,0,378,382,-4,0.0,26
402,1,1,378,410,-32,0.0,25
410,0,0,445,424,21,1.0,24
410,1,1,340,498,-158,0.0,21
418,0,0,375,449,-74,0.0,22
418,1,1,518,387,131,1.0,22
426,0,0,445,387,58,1.0,23
426,1,1,330,471,-141,0.0,23
434,0,0,467,431,36,1.0,25
434,1,1,462,366,96,1.0,25
442,0,0,391,412,-21,0.0,30
442,1,1,379,398,-19,0.0,25
450,0,0,508,483,25,1.0,19
450,1,1,405,536,-131,0.0,19
458,0,0,379,393,-14,0.0,23
458,1,1,407,401,6,1.0,23
466,0,0,415,496,-81,0.0,25
466,1,1,530,362,168,1.0,24
474,0,0,511,446,65,1.0,25
474,1,1,419,475,-56,0.0,24
482,0,0,452,382,70,1.0,25
482,1,1,369,353,16,1.0,28
490,0,0,405,524,-119,0.0,23
490,1,1,451,534,-83,0.0,21
498,0,0,390,561,-171,0.0,22
498,1,1,443,444,-1,0.0,22
506,0,0,440,485,-45,0.0,24
506,1,1,408,422,-14,0.0,25
514,0,0,377,446,-69,0.0,27
514,1,1,393,440,-47,0.0,24
522,0,0,437,440,-3,0.0,21
522,1,1,428,523,-95,0.0,21
530,0,0,429,437,-8,0.0,25
530,1,1,464,445,19,1.0,27
538,0,0,428,505,-77,0.0,25
538,1,1,402,485,-83,0.0,23
546,0,0,427,479,-52,0.0,19
546,1,1,499,447,52,1.0,21
554,0,0,446,404,42,1.0,28
554,1,1,479,447,32,1.0,20
562,0,0,417,360,57,1.0,27
562,1,1,397,414,-17,0.0,23
570,0,0,444,410,34,1.0,26
570,1,1,421,429,-8,0.0,23
578,0,0,405,427,-22,0.0,26
578,1,1,445,456,-11,0.0,25
586,0,0,507,565,-58,0.0,22
586,1,1,462,536,-74,0.0,20
594,0,0,507,345,162,1.0,25
594,1,1,402,486,-84,0.0,22
602,0,0,462,446,16,1.0,22
602,1,1,445,409,36,1.0,23
610,0,0,465,567,-102,0.0,21
610,1,1,543,421,122,1.0,20
618,0,0,441,331,110,1.0,25
618,1,1,413,367,46,1.0,30
626,0,0,483,428,55,1.0,32
626,1,1,389,511,-122,0.0,23
634,0,0,394,486,-92,0.0,24
634,1,1,402,423,-21,0.0,23
642,0,0,517,401,116,1.0,21
642,1,1,534,427,107,1.0,21
650,0,0,397,484,-87,0.0,25
650,1,1,436,411,25,1.0,25
658,0,0,441,430,11,1.0,24
658,1,1,438,444,-6,0.0,21
666,0,0,439,315,124,1.0,26
666,1,1,398,433,-35,0.0,22
674,0,0,468,421,47,1.0,21
674,1,1,386,505,-119,0.0,25
682,0,0,489,451,38,1.0,22
682,1,1,492,397,95,1.0,26
690,0,0,485,489,-4,0.0,26
690,1,1,464,382,82,1.0,24
698,0,0,521,423,98,1.0,23
698,1,1,366,488,-122,0.0,24
706,0,0,426,457,-31,0.0,35
706,1,1,465,412,53,1.0,22
714,0,0,488,389,99,1.0,19
714,1,1,392,495,-103,0.0,29
722,0,0,494,332,162,1.0,33
722,1,1,329,494,-165,0.0,31
730,0,0,383,413,-30,0.0,24
730,1,1,376,423,-47,0.0,22
738,0,0,375,455,-80,0.0,26
738,1,1,366,409,-43,0.0,28
746,0,0,446,534,-88,0.0,25
746,1,1,373,413,-40,0.0,33
754,0,0,423,441,-18,0.0,21
754,1,1,525,298,227,1.0,22
762,0,0,516,464,52,1.0,22
762,1,1,535,507,28,1.0,22
770,0,0,461,464,-3,0.0,24
770,1,1,404,364,40,1.0,23
778,0,0,312,554,-242,0.0,26
778,1,1,548,351,197,1.0,22
786,0,0,557,365,192,1.0,24
786,1,1,410,307,103,1.0,28
794,0,0,354,476,-122,0.0,20
794,1,1,399,481,-82,0.0,23
802,0,0,418,496,-78,0.0,28
802,1,1,449,418,31,1.0,26
810,0,0,323,393,-70,0.0,21
810,1,1,396,463,-67,0.0,21
818,0,0,427,438,-11,0.0,23
818,1,1,510,410,100,1.0,23
826,0,0,489,412,77,1.0,23
826,1,1,408,406,2,1.0,22
834,0,0,561,423,138,1.0,22
834,1,1,428,342,86,1.0,24
842,0,0,458,528,-70,0.0,26
842,1,1,418,446,-28,0.0,24
850,0,0,358,466,-108,0.0,25
850,1,1,474,407,67,1.0,29
858,0,0,439,407,32,1.0,22
858,1,1,403,481,-78,0.0,25
866,0,0,360,546,-186,0.0,26
866,1,1,500,358,142,1.0,23
874,0,0,469,343,126,1.0,27
874,1,1,403,353,50,1.0,26
882,0,0,460,370,90,1.0,29
882,1,1,340,401,-61,0.0,29
890,0,0,508,446,62,1.0,23
890,1,1,479,466,13,1.0,20
898,0,0,286,440,-154,0.0,32
898,1,1,403,394,9,1.0,23
906,0,0,501,335,166,1.0,28
906,1,1,373,480,-107,0.0,25
914,0,0,455,427,28,1.0,29
914,1,1,355,477,-122,0.0,24
922,0,0,453,487,-34,0.0,22
922,1,1,503,378,125,1.0,26
930,0,0,549,369,180,1.0,26
930,1,1,459,471,-12,0.0,23
938,0,0,378,518,-140,0.0,23
938,1,1,439,409,30,1.0,24
946,0,0,499,398,101,1.0,23
946,1,1,396,411,-15,0.0,25
954,0,0,422,448,-26,0.0,26
954,1,1,457,405,52,1.0,23
962,0,0,449,455,-6,0.0,20
962,1,1,396,444,-48,0.0,21
970,0,0,424,392,32,1.0,25
970,1,1,369,442,-73,0.0,27
978,0,0,380,455,-75,0.0,24
978,1,1,460,420,40,1.0,25
986,0,0,419,531,-112,0.0,20
986,1,1,391,418,-27,0.0,24
994,0,0,459,496,-37,0.0,26
994,1,1,422,530,-108,0.0,28
1002,0,0,523,435,88,1.0,26
1002,1,1,324,603,-279,0.0,26
1010,0,0,442,455,-13,0.0,26
1010,1,1,502,440,62,1.0,26
1018,0,0,463,420,43,1.0,21
1018,1,1,441,486,-45,0.0,23
1026,0,0,438,450,-12,0.0,24
1026,1,1,463,476,-13,0.0,23
1034,0,0,488,464,24,1.0,21
1034,1,1,466,485,-19,0.0,22
1042,0,0,457,329,128,1.0,31
1042,1,1,425,380,45,1.0,34
1050,0,0,529,521,8,1.0,23
1050,1,1,477,537,-60,0.0,23
1058,0,0,386,437,-51,0.0,19
1058,1,1,451,359,92,1.0,25
1066,0,0,395,341,54,1.0,32
1066,1,1,392,504,-112,0.0,21
1074,0,0,449,391,58,1.0,23
1074,1,1,535,345,190,1.0,24
1082,0,0,470,360,110,1.0,24
1082,1,1,441,384,57,1.0,24
1090,0,0,442,403,39,1.0,24
1090,1,1,470,488,-18,0.0,26
1098,0,0,399,485,-86,0.0,23
1098,1,1,514,328,186,1.0,24
1106,0,0,446,380,66,1.0,24
1106,1,1,415,519,-104,0.0,23
1114,0,0,405,463,-58,0.0,26
1114,1,1,515,414,101,1.0,22
1122,0,0,471,560,-89,0.0,20
1122,1,1,531,489,42,1.0,21
1130,0,0,401,531,-130,0.0,22
1130,1,1,368,509,-141,0.0,26
1138,0,0,476,429,47,1.0,21
1138,1,1,508,403,105,1.0,20
1146,0,0,416,377,39,1.0,27
1146,1,1,391,429,-38,0.0,25
1154,0,0,490,436,54,1.0,21
1154,1,1,397,501,-104,0.0,24
1162,0,0,436,390,46,1.0,21
1162,1,1,428,395,33,1.0,23
1170,0,0,481,433,48,1.0,23
1170,1,1,370,477,-107,0.0,20
1178,0,0,498,390,108,1.0,23
1178,1,1,452,548,-96,0.0,25
1186,0,0,519,411,108,1.0,22
1186,1,1,494,554,-60,0.0,20
1194,0,0,442,418,24,1.0,27
1194,1,1,475,377,98,1.0,24
1202,0,0,458,452,6,1.0,24
1202,1,1,342,498,-156,0.0,30
1210,0,0,462,454,8,1.0,24
1210,1,1,486,414,72,1.0,24
1218,0,0,393,444,-51,0.0,22
1218,1,1,428,449,-21,0.0,24
1226,0,0,502,372,130,1.0,21
1226,1,1,449,477,-28,0.0,23
1234,0,0,394,427,-33,0.0,26
1234,1,1,454,474,-20,0.0,25
1242,0,0,527,364,163,1.0,21
1242,1,1,311,480,-169,0.0,25
1250,0,0,298,597,-299,0.0,26
1250,1,1,514,353,161,1.0,23
1258,0,0,495,407,88,1.0,19
1258,1,1,461,564,-103,0.0,21
1266,0,0,463,448,15,1.0,24
1266,1,1,404,494,-90,0.0,20
1274,0,0,518,385,133,1.0,27
1274,1,1,332,413,-81,0.0,29
1282,0,0,472,427,45,1.0,23
1282,1,1,494,553,-59,0.0,20
1290,0,0,480,462,18,1.0,23
1290,1,1,552,390,162,1.0,20
1298,0,0,467,364,103,1.0,23
1298,1,1,369,447,-78,0.0,23
1306,0,0,625,336,289,1.0,23
1306,1,1,439,400,39,1.0,29
1314,0,0,507,554,-47,0.0,22
1314,1,1,457,433,24,1.0,22
1322,0,0,453,467,-14,0.0,24
1322,1,1,414,578,-164,0.0,23
1330,0,0,535,445,90,1.0,23
1330,1,1,390,564,-174,0.0,23
1338,0,0,428,446,-18,0.0,22
1338,1,1,483,365,118,1.0,25
1346,0,0,387,440,-53,0.0,23
1346,1,1,452,478,-26,0.0,21
1354,0,0,543,479,64,1.0,22
1354,1,1,491,475,16,1.0,21
1362,0,0,399,418,-19,0.0,28
1362,1,1,471,494,-23,0.0,23
1370,0,0,425,479,-54,0.0,20
1370,1,1,506,434,72,1.0,23
1378,0,0,536,471,65,1.0,21
1378,1,1,504,321,183,1.0,24
1386,0,0,411,469,-58,0.0,24
1386,1,1,507,387,120,1.0,21
1394,0,0,429,557,-128,0.0,20
1394,1,1,366,464,-98,0.0,27
1402,0,0,606,526,80,1.0,22
1402,1,1,450,490,-40,0.0,27
1410,0,0,294,468,-174,0.0,34
1410,1,1,489,386,103,1.0,28
1418,0,0,403,378,25,1.0,31
1418,1,1,399,446,-47,0.0,24
1426,0,0,532,461,71,1.0,21
1426,1,1,489,424,65,1.0,24
1434,0,0,452,410,42,1.0,23
1434,1,1,379,517,-138,0.0,23
1442,0,0,466,490,-24,0.0,24
1442,1,1,479,440,39,1.0,28
1450,0,0,444,466,-22,0.0,21
1450,1,1,442,466,-24,0.0,24
1458,0,0,454,398,56,1.0,25
1458,1,1,451,418,33,1.0,25
1466,0,0,405,444,-39,0.0,24
1466,1,1,390,423,-33,0.0,26
1474,0,0,472,398,74,1.0,24
1474,1,1,372,449,-77,0.0,21
1482,0,0,508,399,109,1.0,21
1482,1,1,395,488,-93,0.0,21
1490,0,0,457,412,45,1.0,23
1490,1,1,471,453,18,1.0,27
1498,0,0,493,442,51,1.0,22
1498,1,1,313,541,-228,0.0,25
1506,0,0,381,487,-106,0.0,24
1506,1,1,477,422,55,1.0,25
1514,0,0,447,397,50,1.0,30
1514,1,1,468,496,-28,0.0,29
1522,0,0,401,479,-78,0.0,21
1522,1,1,505,402,103,1.0,24
1530,0,0,429,531,-102,0.0,24
1530,1,1,426,469,-43,0.0,25
1538,0,0,504,344,160,1.0,21
1538,1,1,385,506,-121,0.0,25
1546,0,0,449,502,-53,0.0,22
1546,1,1,405,588,-183,0.0,24
1554,0,0,384,414,-30,0.0,24
1554,1,1,454,360,94,1.0,23
1562,0,0,459,474,-15,0.0,18
1562,1,1,468,592,-124,0.0,19
1570,0,0,456,366,90,1.0,24
1570,1,1,395,504,-109,0.0,32
1578,0,0,442,435,7,1.0,30
1578,1,1,428,484,-56,0.0,22
1586,0,0,402,360,42,1.0,21
1586,1,1,386,456,-70,0.0,27
1594,0,0,371,487,-116,0.0,22
1594,1,1,485,430,55,1.0,27
1602,0,0,424,493,-69,0.0,24
1602,1,1,477,426,51,1.0,23
1610,0,0,456,482,-26,0.0,20
1610,1,1,359,492,-133,0.0,24
1618,0,0,364,470,-106,0.0,24
1618,1,1,407,592,-185,0.0,21
1626,0,0,485,431,54,1.0,24
1626,1,1,373,406,-33,0.0,25
1634,0,0,461,361,100,1.0,21
1634,1,1,341,378,-37,0.0,27
1642,0,0,476,516,-40,0.0,25
1642,1,1,454,410,44,1.0,24
1650,0,0,472,539,-67,0.0,22
1650,1,1,565,428,137,1.0,22
1658,0,0,474,452,22,1.0,22
1658,1,1,427,437,-10,0.0,26
1666,0,0,477,361,116,1.0,24
1666,1,1,493,414,79,1.0,24
1674,0,0,500,449,51,1.0,21
1674,1,1,410,460,-50,0.0,23
1682,0,0,388,458,-70,0.0,21
1682,1,1,449,494,-45,0.0,29
1690,0,0,423,423,0,0.5,24
1690,1,1,460,435,25,1.0,24
1698,0,0,470,468,2,1.0,22
1698,1,1,497,445,52,1.0,19
1706,0,0,487,392,95,1.0,21
1706,1,1,409,372,37,1.0,30
1714,0,0,464,400,64,1.0,24
1714,1,1,416,468,-52,0.0,21
1722,0,0,492,336,156,1.0,27
1722,1,1,388,480,-92,0.0,26
1730,0,0,467,327,140,1.0,29
1730,1,1,323,453,-130,0.0,25
1738,0,0,367,563,-196,0.0,24
1738,1,1,467,376,91,1.0,23
1746,0,0,441,455,-14,0.0,21
1746,1,1,487,430,57,1.0,23
1754,0,0,467,469,-2,0.0,22
1754,1,1,547,444,103,1.0,22
1762,0,0,404,421,-17,0.0,29
1762,1,1,450,342,108,1.0,28
1770,0,0,417,458,-41,0.0,24
1770,1,1,486,382,104,1.0,24
1778,0,0,494,446,48,1.0,23
1778,1,1,294,444,-150,0.0,24
1786,0,0,450,390,60,1.0,25
1786,1,1,427,549,-122,0.0,22
1794,0,0,336,413,-77,0.0,20
1794,1,1,482,425,57,1.0,21
1802,0,0,478,519,-41,0.0,22
1802,1,1,484,398,86,1.0,23
1810,0,0,506,400,106,1.0,21
1810,1,1,451,442,9,1.0,21
1818,0,0,410,573,-163,0.0,21
1818,1,1,512,453,59,1.0,20
1826,0,0,475,464,11,1.0,24
1826,1,1,511,369,142,1.0,22
1834,0,0,447,373,74,1.0,26
1834,1,1,322,512,-190,0.0,21
1842,0,0,434,420,14,1.0,24
1842,1,1,376,470,-94,0.0,25
1850,0,0,429,322,107,1.0,23
1850,1,1,464,401,63,1.0,24
1858,0,0,502,399,103,1.0,23
1858,1,1,506,585,-79,0.0,19
1866,0,0,426,511,-85,0.0,24
1866,1,1,500,442,58,1.0,20
1874,0,0,376,564,-188,0.0,22
1874,1,1,376,451,-75,0.0,23
1882,0,0,449,361,88,1.0,29
1882,1,1,427,365,62,1.0,23
1890,0,0,536,383,153,1.0,22
1890,1,1,434,506,-72,0.0,23
1898,0,0,606,364,242,1.0,25
1898,1,1,352,468,-116,0.0,25
1906,0,0,391,545,-154,0.0,24
1906,1,1,482,410,72,1.0,22
1914,0,0,431,382,49,1.0,28
1914,1,1,358,451,-93,0.0,25
1922,0,0,457,389,68,1.0,26
1922,1,1,488,452,36,1.0,26
1930,0,0,469,339,130,1.0,26
1930,1,1,347,453,-106,0.0,20
1938,0,0,436,403,33,1.0,24
1938,1,1,410,442,-32,0.0,29
1946,0,0,371,450,-79,0.0,24
1946,1,1,408,347,61,1.0,28
1954,0,0,451,416,35,1.0,29
1954,1,1,331,487,-156,0.0,26
1962,0,0,381,499,-118,0.0,24
1962,1,1,475,392,83,1.0,23
1970,0,0,413,446,-33,0.0,24
1970,1,1,384,411,-27,0.0,23
1978,0,0,409,474,-65,0.0,25
1978,1,1,427,487,-60,0.0,24
1986,0,0,435,335,100,1.0,23
1986,1,1,394,480,-86,0.0,23
1994,0,0,452,517,-65,0.0,19
1994,1,1,448,453,-5,0.0,22
pair,game,a_seat,a_score,b_score,a_spread,a_win,turns
3,0,0,468,468,0,0.5,24
3,1,1,541,472,69,1.0,25
11,0,0,397,443,-46,0.0,23
11,1,1,420,450,-30,0.0,20
19,0,0,362,448,-86,0.0,29
19,1,1,459,379,80,1.0,26
27,0,0,473,405,68,1.0,24
27,1,1,424,462,-38,0.0,27
35,0,0,510,433,77,1.0,23
35,1,1,455,485,-30,0.0,23
43,0,0,444,542,-98,0.0,22
43,1,1,530,396,134,1.0,21
51,0,0,442,455,-13,0.0,24
51,1,1,517,408,109,1.0,27
59,0,0,360,509,-149,0.0,23
59,1,1,555,390,165,1.0,25
67,0,0,505,443,62,1.0,24
67,1,1,382,428,-46,0.0,25
75,0,0,389,452,-63,0.0,28
75,1,1,398,368,30,1.0,25
83,0,0,497,554,-57,0.0,19
83,1,1,423,492,-69,0.0,21
91,0,0,501,398,103,1.0,28
91,1,1,498,445,53,1.0,19
99,0,0,428,357,71,1.0,28
99,1,1,361,439,-78,0.0,31
107,0,0,417,446,-29,0.0,25
107,1,1,475,451,24,1.0,24
115,0,0,420,508,-88,0.0,22
115,1,1,462,490,-28,0.0,23
123,0,0,433,425,8,1.0,24
123,1,1,407,435,-28,0.0,23
131,0,0,520,444,76,1.0,24
131,1,1,453,418,35,1.0,21
139,0,0,410,505,-95,0.0,23
139,1,1,542,424,118,1.0,23
147,0,0,455,370,85,1.0,25
147,1,1,325,443,-118,0.0,35
155,0,0,501,388,113,1.0,22
155,1,1,438,473,-35,0.0,21
163,0,0,441,424,17,1.0,23
163,1,1,449,434,15,1.0,24
171,0,0,381,463,-82,0.0,26
171,1,1,456,434,22,1.0,29
179,0,0,339,431,-92,0.0,26
179,1,1,353,437,-84,0.0,27
187,0,0,399,458,-59,0.0,23
187,1,1,528,358,170,1.0,25
195,0,0,352,400,-48,0.0,22
195,1,1,470,446,24,1.0,22
203,0,0,508,420,88,1.0,27
203,1,1,378,668,-290,0.0,21
211,0,0,481,481,0,0.5,20
211,1,1,355,482,-127,0.0,22
219,0,0,362,437,-75,0.0,28
219,1,1,408,380,28,1.0,23
227,0,0,497,452,45,1.0,24
227,1,1,585,397,188,1.0,19
235,0,0,347,499,-152,0.0,24
235,1,1,537,410,127,1.0,22
243,0,0,365,474,-109,0.0,23
243,1,1,288,468,-180,0.0,35
251,0,0,434,356,78,1.0,24
251,1,1,381,381,0,0.5,25
259,0,0,374,506,-132,0.0,21
259,1,1,584,410,174,1.0,21
267,0,0,399,513,-114,0.0,26
267,1,1,420,470,-50,0.0,24
275,0,0,509,370,139,1.0,26
275,1,1,463,339,124,1.0,25
283,0,0,442,483,-41,0.0,24
283,1,1,473,406,67,1.0,24
291,0,0,370,364,6,1.0,27
291,1,1,480,465,15,1.0,23
299,0,0,376,457,-81,0.0,25
299,1,1,465,345,120,1.0,23
307,0,0,411,466,-55,0.0,23
307,1,1,499,397,102,1.0,23
315,0,0,511,322,189,1.0,24
315,1,1,402,527,-125,0.0,21
323,0,0,335,472,-137,0.0,28
323,1,1,556,381,175,1.0,23
331,0,0,444,435,9,1.0,23
331,1,1,376,426,-50,0.0,26
339,0,0,356,428,-72,0.0,28
339,1,1,479,415,64,1.0,23
347,0,0,405,439,-34,0.0,29
347,1,1,499,404,95,1.0,33
355,0,0,457,459,-2,0.0,25
355,1,1,456,399,57,1.0,24
363,0,0,365,453,-88,0.0,27
363,1,1,407,527,-120,0.0,25
371,0,0,385,379,6,1.0,29
371,1,1,391,452,-61,0.0,26
379,0,0,499,373,126,1.0,27
379,1,1,358,466,-108,0.0,24
387,0,0,498,373,125,1.0,22
387,1,1,446,589,-143,0.0,20
395,0,0,528,504,24,1.0,22
395,1,1,346,556,-210,0.0,29
403,0,0,380,622,-242,0.0,26
403,1,1,500,386,114,1.0,20
411,0,0,430,571,-141,0.0,23
411,1,1,351,456,-105,0.0,22
419,0,0,487,554,-67,0.0,27
419,1,1,399,420,-21,0.0,29
427,0,0,369,466,-97,0.0,21
427,1,1,418,382,36,1.0,31
435,0,0,445,387,58,1.0,24
435,1,1,333,573,-240,0.0,26
443,0,0,473,420,53,1.0,25
443,1,1,464,408,56,1.0,22
451,0,0,438,463,-25,0.0,23
451,1,1,531,404,127,1.0,25
459,0,0,506,359,147,1.0,22
459,1,1,413,363,50,1.0,22
467,0,0,434,536,-102,0.0,19
467,1,1,502,416,86,1.0,24
475,0,0,521,435,86,1.0,22
475,1,1,466,521,-55,0.0,22
483,0,0,395,428,-33,0.0,24
483,1,1,427,438,-11,0.0,24
491,0,0,509,349,160,1.0,22
491,1,1,409,451,-42,0.0,30
499,0,0,492,376,116,1.0,26
499,1,1,378,498,-120,0.0,28
507,0,0,414,389,25,1.0,26
507,1,1,414,543,-129,0.0,20
515,0,0,442,467,-25,0.0,26
515,1,1,476,440,36,1.0,30
523,0,0,373,488,-115,0.0,23
523,1,1,403,459,-56,0.0,21
531,0,0,365,468,-103,0.0,23
531,1,1,446,351,95,1.0,23
539,0,0,416,441,-25,0.0,25
539,1,1,422,513,-91,0.0,24
547,0,0,448,499,-51,0.0,22
547,1,1,412,434,-22,0.0,24
555,0,0,383,494,-111,0.0,27
555,1,1,499,340,159,1.0,25
563,0,0,319,515,-196,0.0,24
563,1,1,414,334,80,1.0,26
571,0,0,466,352,114,1.0,22
571,1,1,389,528,-139,0.0,24
579,0,0,445,495,-50,0.0,21
579,1,1,487,466,21,1.0,22
587,0,0,323,462,-139,0.0,27
587,1,1,426,331,95,1.0,24
595,0,0,346,403,-57,0.0,31
595,1,1,413,489,-76,0.0,27
603,0,0,479,401,78,1.0,23
603,1,1,420,396,24,1.0,27
611,0,0,398,463,-65,0.0,21
611,1,1,566,354,212,1.0,22
619,0,0,363,396,-33,0.0,25
619,1,1,473,469,4,1.0,25
627,0,0,489,359,130,1.0,22
627,1,1,433,519,-86,0.0,24
635,0,0,481,492,-11,0.0,23
635,1,1,457,394,63,1.0,27
643,0,0,471,403,68,1.0,24
643,1,1,461,388,73,1.0,23
651,0,0,412,346,66,1.0,26
651,1,1,447,463,-16,0.0,22
659,0,0,513,434,79,1.0,21
659,1,1,485,411,74,1.0,24
667,0,0,426,431,-5,0.0,24
667,1,1,585,313,272,1.0,24
675,0,0,432,481,-49,0.0,23
675,1,1,404,474,-70,0.0,23
683,0,0,467,424,43,1.0,23
683,1,1,423,371,52,1.0,26
691,0,0,375,472,-97,0.0,25
691,1,1,427,435,-8,0.0,24
699,0,0,408,448,-40,0.0,23
699,1,1,405,422,-17,0.0,24
707,0,0,339,532,-193,0.0,21
707,1,1,548,365,183,1.0,22
715,0,0,346,525,-179,0.0,23
715,1,1,486,497,-11,0.0,23
723,0,0,432,412,20,1.0,23
723,1,1,423,430,-7,0.0,23
731,0,0,454,468,-14,0.0,21
731,1,1,537,435,102,1.0,25
739,0,0,452,413,39,1.0,23
739,1,1,431,431,0,0.5,24
747,0,0,425,468,-43,0.0,25
747,1,1,515,465,50,1.0,22
755,0,0,434,489,-55,0.0,24
755,1,1,451,422,29,1.0,27
763,0,0,421,325,96,1.0,26
763,1,1,394,390,4,1.0,24
771,0,0,421,376,45,1.0,29
771,1,1,431,425,6,1.0,23
779,0,0,345,498,-153,0.0,22
779,1,1,517,349,168,1.0,31
787,0,0,476,374,102,1.0,25
787,1,1,390,487,-97,0.0,25
795,0,0,573,489,84,1.0,20
795,1,1,369,534,-165,0.0,22
803,0,0,364,454,-90,0.0,23
803,1,1,499,384,115,1.0,21
811,0,0,388,423,-35,0.0,33
811,1,1,498,433,65,1.0,23
819,0,0,362,454,-92,0.0,26
819,1,1,429,410,19,1.0,23
827,0,0,445,430,15,1.0,22
827,1,1,506,396,110,1.0,21
835,0,0,363,486,-123,0.0,27
835,1,1,295,501,-206,0.0,27
843,0,0,413,443,-30,0.0,23
843,1,1,404,487,-83,0.0,24
851,0,0,457,425,32,1.0,27
851,1,1,508,485,23,1.0,22
859,0,0,385,505,-120,0.0,25
859,1,1,514,450,64,1.0,22
867,0,0,512,402,110,1.0,23
867,1,1,527,415,112,1.0,23
875,0,0,337,450,-113,0.0,26
875,1,1,455,377,78,1.0,27
883,0,0,403,468,-65,0.0,22
883,1,1,506,386,120,1.0,21
891,0,0,423,443,-20,0.0,24
891,1,1,414,419,-5,0.0,26
899,0,0,348,512,-164,0.0,23
899,1,1,504,391,113,1.0,23
907,0,0,337,465,-128,0.0,29
907,1,1,405,358,47,1.0,29
915,0,0,429,396,33,1.0,27
915,1,1,383,450,-67,0.0,25
923,0,0,454,474,-20,0.0,25
923,1,1,350,426,-76,0.0,26
931,0,0,486,366,120,1.0,23
931,1,1,488,368,120,1.0,26
939,0,0,369,526,-157,0.0,23
939,1,1,486,407,79,1.0,24
947,0,0,356,418,-62,0.0,30
947,1,1,457,415,42,1.0,22
955,0,0,380,453,-73,0.0,21
955,1,1,529,391,138,1.0,25
963,0,0,429,435,-6,0.0,25
963,1,1,468,446,22,1.0,23
971,0,0,366,375,-9,0.0,28
971,1,1,450,344,106,1.0,29
979,0,0,342,499,-157,0.0,29
979,1,1,458,337,121,1.0,24
987,0,0,367,457,-90,0.0,23
987,1,1,592,343,249,1.0,24
995,0,0,468,380,88,1.0,20
995,1,1,425,413,12,1.0,25
1003,0,0,454,365,89,1.0,29
1003,1,1,334,408,-74,0.0,23
1011,0,0,410,342,68,1.0,30
1011,1,1,531,459,72,1.0,21
1019,0,0,513,455,58,1.0,23
1019,1,1,409,524,-115,0.0,22
1027,0,0,362,458,-96,0.0,24
1027,1,1,440,334,106,1.0,27
1035,0,0,484,449,35,1.0,22
1035,1,1,363,375,-12,0.0,26
1043,0,0,532,435,97,1.0,27
1043,1,1,473,477,-4,0.0,27
1051,0,0,485,397,88,1.0,20
1051,1,1,379,498,-119,0.0,22
1059,0,0,421,409,12,1.0,25
1059,1,1,524,448,76,1.0,22
1067,0,0,518,451,67,1.0,20
1067,1,1,483,404,79,1.0,23
1075,0,0,397,437,-40,0.0,22
1075,1,1,451,358,93,1.0,25
1083,0,0,401,429,-28,0.0,24
1083,1,1,339,496,-157,0.0,23
1091,0,0,408,543,-135,0.0,22
1091,1,1,450,460,-10,0.0,24
1099,0,0,390,461,-71,0.0,23
1099,1,1,403,466,-63,0.0,25
1107,0,0,472,382,90,1.0,26
1107,1,1,345,406,-61,0.0,24
1115,0,0,342,469,-127,0.0,24
1115,1,1,454,346,108,1.0,24
1123,0,0,388,480,-92,0.0,24
1123,1,1,432,464,-32,0.0,22
1131,0,0,532,495,37,1.0,21
1131,1,1,402,438,-36,0.0,22
1139,0,0,533,379,154,1.0,24
1139,1,1,418,456,-38,0.0,25
1147,0,0,401,545,-144,0.0,25
1147,1,1,512,462,50,1.0,24
1155,0,0,341,533,-192,0.0,22
1155,1,1,490,424,66,1.0,23
1163,0,0,352,417,-65,0.0,31
1163,1,1,495,401,94,1.0,27
1171,0,0,485,504,-19,0.0,19
1171,1,1,432,536,-104,0.0,20
1179,0,0,395,471,-76,0.0,25
1179,1,1,462,395,67,1.0,20
1187,0,0,495,465,30,1.0,24
1187,1,1,435,529,-94,0.0,25
1195,0,0,288,506,-218,0.0,37
1195,1,1,490,369,121,1.0,30
1203,0,0,350,445,-95,0.0,23
1203,1,1,330,433,-103,0.0,29
1211,0,0,435,394,41,1.0,22
1211,1,1,430,338,92,1.0,30
1219,0,0,441,522,-81,0.0,22
1219,1,1,502,427,75,1.0,23
1227,0,0,416,447,-31,0.0,24
1227,1,1,496,360,136,1.0,26
1235,0,0,425,400,25,1.0,22
1235,1,1,378,485,-107,0.0,24
1243,0,0,419,417,2,1.0,23
1243,1,1,415,414,1,1.0,21
1251,0,0,531,554,-23,0.0,23
1251,1,1,461,500,-39,0.0,21
1259,0,0,421,466,-45,0.0,25
1259,1,1,406,532,-126,0.0,25
1267,0,0,468,452,16,1.0,20
1267,1,1,493,449,44,1.0,21
1275,0,0,456,486,-30,0.0,23
1275,1,1,487,439,48,1.0,26
1283,0,0,384,506,-122,0.0,22
1283,1,1,554,377,177,1.0,24
1291,0,0,449,504,-55,0.0,22
1291,1,1,552,353,199,1.0,21
1299,0,0,453,436,17,1.0,22
1299,1,1,569,406,163,1.0,22
1307,0,0,438,464,-26,0.0,24
1307,1,1,395,512,-117,0.0,20
1315,0,0,457,433,24,1.0,22
1315,1,1,478,411,67,1.0,24
1323,0,0,428,426,2,1.0,23
1323,1,1,354,408,-54,0.0,29
1331,0,0,343,529,-186,0.0,25
1331,1,1,491,358,133,1.0,21
1339,0,0,408,502,-94,0.0,25
1339,1,1,431,484,-53,0.0,20
1347,0,0,315,444,-129,0.0,27
1347,1,1,428,355,73,1.0,25
1355,0,0,367,393,-26,0.0,26
1355,1,1,377,429,-52,0.0,28
1363,0,0,407,493,-86,0.0,20
1363,1,1,501,431,70,1.0,22
1371,0,0,460,378,82,1.0,24
1371,1,1,422,439,-17,0.0,25
1379,0,0,476,448,28,1.0,22
1379,1,1,438,479,-41,0.0,26
1387,0,0,365,598,-233,0.0,25
1387,1,1,529,474,55,1.0,23
1395,0,0,293,561,-268,0.0,23
1395,1,1,467,423,44,1.0,21
1403,0,0,432,456,-24,0.0,26
1403,1,1,435,490,-55,0.0,21
1411,0,0,436,402,34,1.0,23
1411,1,1,445,442,3,1.0,25
1419,0,0,451,551,-100,0.0,26
1419,1,1,502,461,41,1.0,24
1427,0,0,467,535,-68,0.0,23
1427,1,1,455,484,-29,0.0,24
1435,0,0,422,468,-46,0.0,24
1435,1,1,543,354,189,1.0,21
1443,0,0,413,564,-151,0.0,21
1443,1,1,373,448,-75,0.0,26
1451,0,0,529,424,105,1.0,25
1451,1,1,487,386,101,1.0,24
1459,0,0,321,437,-116,0.0,21
1459,1,1,443,447,-4,0.0,24
1467,0,0,480,477,3,1.0,24
1467,1,1,396,383,13,1.0,27
1475,0,0,434,491,-57,0.0,22
1475,1,1,531,535,-4,0.0,20
1483,0,0,429,488,-59,0.0,25
1483,1,1,449,387,62,1.0,22
1491,0,0,423,312,111,1.0,27
1491,1,1,378,352,26,1.0,26
1499,0,0,432,407,25,1.0,28
1499,1,1,461,410,51,1.0,25
1507,0,0,435,376,59,1.0,23
1507,1,1,487,489,-2,0.0,22
1515,0,0,454,533,-79,0.0,21
1515,1,1,442,477,-35,0.0,22
1523,0,0,392,490,-98,0.0,22
1523,1,1,509,317,192,1.0,21
1531,0,0,396,431,-35,0.0,26
1531,1,1,456,433,23,1.0,29
1539,0,0,461,559,-98,0.0,27
1539,1,1,429,454,-25,0.0,24
1547,0,0,471,400,71,1.0,23
1547,1,1,405,427,-22,0.0,22
1555,0,0,418,488,-70,0.0,27
1555,1,1,460,361,99,1.0,32
1563,0,0,341,490,-149,0.0,27
1563,1,1,441,365,76,1.0,23
1571,0,0,393,449,-56,0.0,22
1571,1,1,444,442,2,1.0,25
1579,0,0,550,439,111,1.0,26
1579,1,1,411,502,-91,0.0,24
1587,0,0,429,407,22,1.0,24
1587,1,1,400,425,-25,0.0,22
1595,0,0,423,442,-19,0.0,20
1595,1,1,430,419,11,1.0,23
1603,0,0,407,445,-38,0.0,26
1603,1,1,415,407,8,1.0,25
1611,0,0,342,468,-126,0.0,24
1611,1,1,489,341,148,1.0,24
1619,0,0,409,562,-153,0.0,23
1619,1,1,431,432,-1,0.0,24
1627,0,0,467,489,-22,0.0,25
1627,1,1,462,507,-45,0.0,27
1635,0,0,381,552,-171,0.0,23
1635,1,1,540,319,221,1.0,23
1643,0,0,428,455,-27,0.0,26
1643,1,1,384,491,-107,0.0,26
1651,0,0,431,564,-133,0.0,26
1651,1,1,495,383,112,1.0,23
1659,0,0,462,445,17,1.0,21
1659,1,1,521,278,243,1.0,31
1667,0,0,357,475,-118,0.0,25
1667,1,1,542,357,185,1.0,21
1675,0,0,405,419,-14,0.0,23
1675,1,1,448,418,30,1.0,31
1683,0,0,394,363,31,1.0,25
1683,1,1,388,514,-126,0.0,25
1691,0,0,435,486,-51,0.0,24
1691,1,1,543,382,161,1.0,23
1699,0,0,430,431,-1,0.0,22
1699,1,1,500,529,-29,0.0,24
1707,0,0,400,413,-13,0.0,29
1707,1,1,364,587,-223,0.0,34
1715,0,0,435,421,14,1.0,25
1715,1,1,363,446,-83,0.0,22
1723,0,0,390,414,-24,0.0,23
1723,1,1,385,381,4,1.0,23
1731,0,0,346,555,-209,0.0,22
1731,1,1,436,449,-13,0.0,22
1739,0,0,428,461,-33,0.0,24
1739,1,1,427,385,42,1.0,26
1747,0,0,350,504,-154,0.0,24
1747,1,1,466,321,145,1.0,30
1755,0,0,466,509,-43,0.0,22
1755,1,1,603,417,186,1.0,24
1763,0,0,440,334,106,1.0,26
1763,1,1,426,390,36,1.0,23
1771,0,0,493,478,15,1.0,21
1771,1,1,403,407,-4,0.0,30
1779,0,0,453,457,-4,0.0,26
1779,1,1,365,434,-69,0.0,28
1787,0,0,480,396,84,1.0,29
1787,1,1,490,336,154,1.0,27
1795,0,0,389,453,-64,0.0,24
1795,1,1,455,433,22,1.0,25
1803,0,0,350,437,-87,0.0,23
1803,1,1,472,394,78,1.0,23
1811,0,0,369,470,-101,0.0,26
1811,1,1,539,338,201,1.0,21
1819,0,0,515,501,14,1.0,24
1819,1,1,420,384,36,1.0,26
1827,0,0,448,480,-32,0.0,22
1827,1,1,477,442,35,1.0,24
1835,0,0,488,518,-30,0.0,26
1835,1,1,363,449,-86,0.0,23
1843,0,0,394,599,-205,0.0,25
1843,1,1,572,369,203,1.0,23
1851,0,0,477,478,-1,0.0,22
1851,1,1,478,477,1,1.0,22
1859,0,0,464,362,102,1.0,24
1859,1,1,395,389,6,1.0,29
1867,0,0,458,433,25,1.0,23
1867,1,1,415,455,-40,0.0,22
1875,0,0,449,518,-69,0.0,22
1875,1,1,487,479,8,1.0,22
1883,0,0,472,505,-33,0.0,23
1883,1,1,494,447,47,1.0,22
1891,0,0,410,518,-108,0.0,20
1891,1,1,509,422,87,1.0,18
1899,0,0,462,439,23,1.0,25
1899,1,1,497,459,38,1.0,27
1907,0,0,649,417,232,1.0,20
1907,1,1,474,511,-37,0.0,18
1915,0,0,430,388,42,1.0,28
1915,1,1,434,426,8,1.0,23
1923,0,0,464,471,-7,0.0,23
1923,1,1,483,515,-32,0.0,27
1931,0,0,493,468,25,1.0,21
1931,1,1,500,448,52,1.0,21
1939,0,0,458,436,22,1.0,25
1939,1,1,568,369,199,1.0,24
1947,0,0,585,325,260,1.0,26
1947,1,1,418,502,-84,0.0,23
1955,0,0,474,412,62,1.0,22
1955,1,1,323,477,-154,0.0,30
1963,0,0,504,342,162,1.0,26
1963,1,1,385,545,-160,0.0,25
1971,0,0,357,417,-60,0.0,25
1971,1,1,516,355,161,1.0,25
1979,0,0,423,384,39,1.0,21
1979,1,1,406,503,-97,0.0,22
1987,0,0,576,449,127,1.0,23
1987,1,1,423,538,-115,0.0,23
1995,0,0,516,367,149,1.0,23
1995,1,1,399,411,-12,0.0,27
pair,game,a_seat,a_score,b_score,a_spread,a_win,turns
4,0,0,504,330,174,1.0,24
4,1,1,501,525,-24,0.0,23
12,0,0,395,387,8,1.0,29
12,1,1,436,373,63,1.0,24
20,0,0,471,396,75,1.0,24
20,1,1,475,582,-107,0.0,24
28,0,0,451,368,83,1.0,26
28,1,1,445,417,28,1.0,26
36,0,0,449,393,56,1.0,34
36,1,1,318,453,-135,0.0,28
44,0,0,513,389,124,1.0,23
44,1,1,293,511,-218,0.0,29
52,0,0,354,417,-63,0.0,26
52,1,1,312,399,-87,0.0,27
60,0,0,355,466,-111,0.0,23
60,1,1,397,493,-96,0.0,27
68,0,0,307,632,-325,0.0,20
68,1,1,589,325,264,1.0,22
76,0,0,431,538,-107,0.0,22
76,1,1,326,442,-116,0.0,26
84,0,0,417,448,-31,0.0,25
84,1,1,393,391,2,1.0,25
92,0,0,495,409,86,1.0,22
92,1,1,356,518,-162,0.0,23
100,0,0,438,336,102,1.0,29
100,1,1,364,465,-101,0.0,25
108,0,0,445,494,-49,0.0,25
108,1,1,455,489,-34,0.0,24
116,0,0,391,430,-39,0.0,27
116,1,1,425,393,32,1.0,28
124,0,0,522,499,23,1.0,20
124,1,1,459,540,-81,0.0,23
132,0,0,534,455,79,1.0,24
132,1,1,344,486,-142,0.0,24
140,0,0,454,445,9,1.0,24
140,1,1,363,495,-132,0.0,27
148,0,0,377,449,-72,0.0,28
148,1,1,440,415,25,1.0,21
156,0,0,561,346,215,1.0,23
156,1,1,417,393,24,1.0,24
164,0,0,405,458,-53,0.0,20
164,1,1,471,480,-9,0.0,22
172,0,0,436,431,5,1.0,21
172,1,1,484,368,116,1.0,22
180,0,0,423,423,0,0.5,24
180,1,1,445,403,42,1.0,25
188,0,0,452,454,-2,0.0,19
188,1,1,485,389,96,1.0,20
196,0,0,398,479,-81,0.0,23
196,1,1,474,471,3,1.0,21
204,0,0,312,530,-218,0.0,26
204,1,1,416,425,-9,0.0,23
212,0,0,491,410,81,1.0,23
212,1,1,379,531,-152,0.0,24
220,0,0,441,389,52,1.0,23
220,1,1,427,435,-8,0.0,20
228,0,0,463,504,-41,0.0,21
228,1,1,519,500,19,1.0,22
236,0,0,416,412,4,1.0,23
236,1,1,477,383,94,1.0,24
244,0,0,405,459,-54,0.0,26
244,1,1,470,435,35,1.0,23
252,0,0,473,351,122,1.0,39
252,1,1,256,592,-336,0.0,29
260,0,0,444,416,28,1.0,27
260,1,1,481,463,18,1.0,24
268,0,0,497,391,106,1.0,24
268,1,1,433,483,-50,0.0,25
276,0,0,497,436,61,1.0,25
276,1,1,466,423,43,1.0,22
284,0,0,394,408,-14,0.0,27
284,1,1,503,456,47,1.0,21
292,0,0,483,457,26,1.0,24
292,1,1,469,518,-49,0.0,24
300,0,0,452,452,0,0.5,20
300,1,1,415,550,-135,0.0,23
308,0,0,422,426,-4,0.0,25
308,1,1,396,479,-83,0.0,26
316,0,0,468,468,0,0.5,21
316,1,1,454,422,32,1.0,21
324,0,0,462,412,50,1.0,32
324,1,1,482,443,39,1.0,23
332,0,0,352,503,-151,0.0,21
332,1,1,518,421,97,1.0,23
340,0,0,401,395,6,1.0,26
340,1,1,283,548,-265,0.0,21
348,0,0,461,346,115,1.0,33
348,1,1,352,470,-118,0.0,27
356,0,0,483,426,57,1.0,23
356,1,1,444,436,8,1.0,25
364,0,0,453,404,49,1.0,25
364,1,1,432,470,-38,0.0,23
372,0,0,533,403,130,1.0,26
372,1,1,419,537,-118,0.0,21
380,0,0,414,473,-59,0.0,22
380,1,1,402,387,15,1.0,25
388,0,0,420,396,24,1.0,23
388,1,1,367,455,-88,0.0,21
396,0,0,502,316,186,1.0,23
396,1,1,478,347,131,1.0,24
404,0,0,415,479,-64,0.0,23
404,1,1,477,421,56,1.0,25
412,0,0,396,501,-105,0.0,22
412,1,1,456,532,-76,0.0,22
420,0,0,426,469,-43,0.0,24
420,1,1,432,505,-73,0.0,22
428,0,0,428,461,-33,0.0,24
428,1,1,470,378,92,1.0,23
436,0,0,331,477,-146,0.0,22
436,1,1,426,405,21,1.0,24
444,0,0,482,384,98,1.0,23
444,1,1,363,463,-100,0.0,21
452,0,0,425,506,-81,0.0,21
452,1,1,473,428,45,1.0,22
460,0,0,431,314,117,1.0,28
460,1,1,375,520,-145,0.0,24
468,0,0,366,387,-21,0.0,25
468,1,1,432,353,79,1.0,28
476,0,0,472,550,-78,0.0,22
476,1,1,517,473,44,1.0,25
484,0,0,411,472,-61,0.0,22
484,1,1,422,474,-52,0.0,23
492,0,0,478,440,38,1.0,23
492,1,1,431,543,-112,0.0,23
500,0,0,389,452,-63,0.0,27
500,1,1,426,419,7,1.0,24
508,0,0,540,343,197,1.0,23
508,1,1,442,455,-13,0.0,26
516,0,0,422,409,13,1.0,24
516,1,1,463,407,56,1.0,24
524,0,0,407,523,-116,0.0,26
524,1,1,366,435,-69,0.0,23
532,0,0,421,482,-61,0.0,22
532,1,1,495,413,82,1.0,23
540,0,0,461,358,103,1.0,25
540,1,1,301,395,-94,0.0,32
548,0,0,415,437,-22,0.0,23
548,1,1,505,418,87,1.0,24
556,0,0,421,377,44,1.0,24
556,1,1,393,468,-75,0.0,24
564,0,0,351,447,-96,0.0,22
564,1,1,437,381,56,1.0,23
572,0,0,581,417,164,1.0,22
572,1,1,475,409,66,1.0,25
580,0,0,601,341,260,1.0,23
580,1,1,454,464,-10,0.0,22
588,0,0,431,548,-117,0.0,20
588,1,1,477,409,68,1.0,23
596,0,0,509,469,40,1.0,23
596,1,1,486,466,20,1.0,22
604,0,0,436,467,-31,0.0,24
604,1,1,481,446,35,1.0,21
612,0,0,368,402,-34,0.0,24
612,1,1,446,374,72,1.0,28
620,0,0,505,370,135,1.0,23
620,1,1,371,490,-119,0.0,23
628,0,0,480,338,142,1.0,26
628,1,1,340,540,-200,0.0,24
636,0,0,386,523,-137,0.0,22
636,1,1,547,361,186,1.0,29
644,0,0,433,491,-58,0.0,21
644,1,1,455,429,26,1.0,22
652,0,0,560,383,177,1.0,23
652,1,1,451,468,-17,0.0,27
660,0,0,455,474,-19,0.0,23
660,1,1,439,442,-3,0.0,27
668,0,0,381,424,-43,0.0,22
668,1,1,387,429,-42,0.0,25
676,0,0,313,477,-164,0.0,24
676,1,1,446,368,78,1.0,26
684,0,0,443,478,-35,0.0,29
684,1,1,481,388,93,1.0,24
692,0,0,378,566,-188,0.0,28
692,1,1,488,289,199,1.0,28
700,0,0,451,376,75,1.0,27
700,1,1,370,458,-88,0.0,25
708,0,0,524,386,138,1.0,22
708,1,1,438,452,-14,0.0,23
716,0,0,431,531,-100,0.0,22
716,1,1,544,538,6,1.0,24
724,0,0,502,402,100,1.0,23
724,1,1,445,437,8,1.0,25
732,0,0,431,310,121,1.0,27
732,1,1,458,459,-1,0.0,25
740,0,0,506,507,-1,0.0,23
740,1,1,430,532,-102,0.0,22
748,0,0,390,523,-133,0.0,24
748,1,1,462,456,6,1.0,21
756,0,0,517,540,-23,0.0,18
756,1,1,435,537,-102,0.0,19
764,0,0,430,445,-15,0.0,21
764,1,1,453,429,24,1.0,22
772,0,0,405,437,-32,0.0,25
772,1,1,343,560,-217,0.0,24
780,0,0,448,492,-44,0.0,22
780,1,1,421,383,38,1.0,25
788,0,0,363,544,-181,0.0,22
788,1,1,417,444,-27,0.0,25
796,0,0,384,525,-141,0.0,22
796,1,1,411,422,-11,0.0,26
804,0,0,571,460,111,1.0,20
804,1,1,460,571,-111,0.0,20
812,0,0,423,437,-14,0.0,27
812,1,1,398,460,-62,0.0,31
820,0,0,417,386,31,1.0,25
820,1,1,296,572,-276,0.0,23
828,0,0,487,492,-5,0.0,23
828,1,1,519,316,203,1.0,24
836,0,0,357,510,-153,0.0,21
836,1,1,474,511,-37,0.0,19
844,0,0,502,390,112,1.0,27
844,1,1,416,552,-136,0.0,21
852,0,0,545,419,126,1.0,19
852,1,1,450,531,-81,0.0,23
860,0,0,327,420,-93,0.0,29
860,1,1,388,440,-52,0.0,27
868,0,0,509,350,159,1.0,25
868,1,1,429,470,-41,0.0,23
876,0,0,457,518,-61,0.0,21
876,1,1,396,440,-44,0.0,23
884,0,0,447,505,-58,0.0,27
884,1,1,354,563,-209,0.0,27
892,0,0,539,313,226,1.0,23
892,1,1,411,437,-26,0.0,22
900,0,0,469,394,75,1.0,26
900,1,1,278,446,-168,0.0,24
908,0,0,512,416,96,1.0,22
908,1,1,407,463,-56,0.0,31
916,0,0,462,358,104,1.0,23
916,1,1,302,412,-110,0.0,27
924,0,0,377,474,-97,0.0,22
924,1,1,436,378,58,1.0,22
932,0,0,482,469,13,1.0,20
932,1,1,367,378,-11,0.0,26
940,0,0,442,492,-50,0.0,26
940,1,1,495,448,47,1.0,22
948,0,0,435,431,4,1.0,28
948,1,1,403,370,33,1.0,25
956,0,0,523,512,11,1.0,22
956,1,1,466,529,-63,0.0,24
964,0,0,446,406,40,1.0,25
964,1,1,403,451,-48,0.0,25
972,0,0,563,341,222,1.0,23
972,1,1,384,443,-59,0.0,24
980,0,0,511,408,103,1.0,23
980,1,1,497,358,139,1.0,27
988,0,0,494,426,68,1.0,25
988,1,1,452,458,-6,0.0,23
996,0,0,587,391,196,1.0,23
996,1,1,339,606,-267,0.0,22
1004,0,0,376,488,-112,0.0,24
1004,1,1,413,436,-23,0.0,30
1012,0,0,406,438,-32,0.0,29
1012,1,1,488,367,121,1.0,23
1020,0,0,401,445,-44,0.0,23
1020,1,1,402,406,-4,0.0,21
1028,0,0,347,465,-118,0.0,25
1028,1,1,486,404,82,1.0,30
1036,0,0,491,414,77,1.0,23
1036,1,1,441,456,-15,0.0,24
1044,0,0,514,347,167,1.0,22
1044,1,1,301,557,-256,0.0,22
1052,0,0,329,396,-67,0.0,27
1052,1,1,558,384,174,1.0,25
1060,0,0,447,582,-135,0.0,21
1060,1,1,514,451,63,1.0,21
1068,0,0,414,379,35,1.0,25
1068,1,1,410,542,-132,0.0,22
1076,0,0,441,481,-40,0.0,28
1076,1,1,415,429,-14,0.0,27
1084,0,0,449,471,-22,0.0,23
1084,1,1,529,450,79,1.0,21
1092,0,0,471,386,85,1.0,25
1092,1,1,374,435,-61,0.0,32
1100,0,0,452,413,39,1.0,30
1100,1,1,370,502,-132,0.0,21
1108,0,0,599,426,173,1.0,25
1108,1,1,409,438,-29,0.0,27
1116,0,0,457,443,14,1.0,30
1116,1,1,420,372,48,1.0,25
1124,0,0,462,355,107,1.0,24
1124,1,1,383,461,-78,0.0,27
1132,0,0,431,486,-55,0.0,26
1132,1,1,478,486,-8,0.0,22
1140,0,0,319,456,-137,0.0,30
1140,1,1,488,405,83,1.0,24
1148,0,0,524,449,75,1.0,21
1148,1,1,398,456,-58,0.0,24
1156,0,0,506,333,173,1.0,25
1156,1,1,388,456,-68,0.0,27
1164,0,0,523,478,45,1.0,21
1164,1,1,468,397,71,1.0,23
1172,0,0,358,571,-213,0.0,21
1172,1,1,630,446,184,1.0,22
1180,0,0,516,365,151,1.0,25
1180,1,1,341,571,-230,0.0,27
1188,0,0,410,453,-43,0.0,22
1188,1,1,489,384,105,1.0,26
1196,0,0,439,425,14,1.0,24
1196,1,1,486,450,36,1.0,24
1204,0,0,405,486,-81,0.0,20
1204,1,1,483,374,109,1.0,26
1212,0,0,527,358,169,1.0,21
1212,1,1,396,534,-138,0.0,28
1220,0,0,456,458,-2,0.0,25
1220,1,1,420,459,-39,0.0,23
1228,0,0,425,442,-17,0.0,28
1228,1,1,448,535,-87,0.0,24
1236,0,0,409,463,-54,0.0,24
1236,1,1,428,431,-3,0.0,26
1244,0,0,415,464,-49,0.0,24
1244,1,1,503,319,184,1.0,26
1252,0,0,499,397,102,1.0,22
1252,1,1,386,415,-29,0.0,22
1260,0,0,482,403,79,1.0,20
1260,1,1,411,483,-72,0.0,23
1268,0,0,381,475,-94,0.0,26
1268,1,1,491,374,117,1.0,33
1276,0,0,451,499,-48,0.0,23
1276,1,1,478,447,31,1.0,23
1284,0,0,410,490,-80,0.0,21
1284,1,1,400,442,-42,0.0,21
1292,0,0,389,476,-87,0.0,23
1292,1,1,389,412,-23,0.0,28
1300,0,0,403,478,-75,0.0,24
1300,1,1,525,375,150,1.0,24
1308,0,0,536,458,78,1.0,22
1308,1,1,465,598,-133,0.0,19
1316,0,0,322,511,-189,0.0,25
1316,1,1,408,416,-8,0.0,23
1324,0,0,487,394,93,1.0,21
1324,1,1,397,379,18,1.0,25
1332,0,0,381,507,-126,0.0,23
1332,1,1,478,470,8,1.0,30
1340,0,0,576,343,233,1.0,24
1340,1,1,419,441,-22,0.0,27
1348,0,0,509,460,49,1.0,23
1348,1,1,404,631,-227,0.0,24
1356,0,0,382,450,-68,0.0,25
1356,1,1,494,497,-3,0.0,25
1364,0,0,457,438,19,1.0,24
1364,1,1,488,394,94,1.0,22
1372,0,0,298,509,-211,0.0,24
1372,1,1,421,336,85,1.0,25
1380,0,0,470,375,95,1.0,24
1380,1,1,469,449,20,1.0,27
1388,0,0,443,444,-1,0.0,27
1388,1,1,446,443,3,1.0,29
1396,0,0,372,516,-144,0.0,27
1396,1,1,553,399,154,1.0,25
1404,0,0,432,508,-76,0.0,24
1404,1,1,480,471,9,1.0,25
1412,0,0,449,385,64,1.0,24
1412,1,1,494,368,126,1.0,23
1420,0,0,489,453,36,1.0,23
1420,1,1,469,409,60,1.0,25
1428,0,0,489,325,164,1.0,28
1428,1,1,365,361,4,1.0,26
1436,0,0,345,569,-224,0.0,18
1436,1,1,551,441,110,1.0,23
1444,0,0,502,354,148,1.0,23
1444,1,1,428,488,-60,0.0,23
1452,0,0,547,426,121,1.0,22
1452,1,1,355,615,-260,0.0,21
1460,0,0,382,411,-29,0.0,22
1460,1,1,443,464,-21,0.0,25
1468,0,0,431,430,1,1.0,24
1468,1,1,412,475,-63,0.0,21
1476,0,0,286,439,-153,0.0,23
1476,1,1,504,392,112,1.0,22
1484,0,0,436,505,-69,0.0,24
1484,1,1,489,441,48,1.0,23
1492,0,0,450,315,135,1.0,27
1492,1,1,449,430,19,1.0,24
1500,0,0,374,422,-48,0.0,20
1500,1,1,487,378,109,1.0,21
1508,0,0,424,510,-86,0.0,24
1508,1,1,394,439,-45,0.0,25
1516,0,0,538,492,46,1.0,21
1516,1,1,447,510,-63,0.0,21
1524,0,0,319,459,-140,0.0,25
1524,1,1,447,437,10,1.0,28
1532,0,0,502,351,151,1.0,26
1532,1,1,342,460,-118,0.0,23
1540,0,0,394,369,25,1.0,24
1540,1,1,570,400,170,1.0,20
1548,0,0,565,411,154,1.0,23
1548,1,1,345,469,-124,0.0,26
1556,0,0,406,458,-52,0.0,25
1556,1,1,413,439,-26,0.0,29
1564,0,0,537,401,136,1.0,22
1564,1,1,400,537,-137,0.0,22
1572,0,0,460,389,71,1.0,24
1572,1,1,354,445,-91,0.0,22
1580,0,0,365,391,-26,0.0,27
1580,1,1,544,358,186,1.0,26
1588,0,0,446,343,103,1.0,22
1588,1,1,398,411,-13,0.0,25
1596,0,0,411,420,-9,0.0,26
1596,1,1,530,355,175,1.0,26
1604,0,0,606,422,184,1.0,23
1604,1,1,453,566,-113,0.0,22
1612,0,0,382,565,-183,0.0,22
1612,1,1,583,453,130,1.0,22
1620,0,0,469,402,67,1.0,21
1620,1,1,355,408,-53,0.0,25
1628,0,0,508,450,58,1.0,23
1628,1,1,465,504,-39,0.0,20
1636,0,0,421,445,-24,0.0,26
1636,1,1,445,429,16,1.0,26
1644,0,0,420,390,30,1.0,26
1644,1,1,359,390,-31,0.0,25
1652,0,0,514,285,229,1.0,29
1652,1,1,303,464,-161,0.0,25
1660,0,0,424,345,79,1.0,27
1660,1,1,389,387,2,1.0,27
1668,0,0,472,404,68,1.0,25
1668,1,1,422,422,0,0.5,23
1676,0,0,399,377,22,1.0,23
1676,1,1,444,446,-2,0.0,23
1684,0,0,332,450,-118,0.0,24
1684,1,1,571,331,240,1.0,24
1692,0,0,364,443,-79,0.0,24
1692,1,1,430,445,-15,0.0,24
1700,0,0,444,394,50,1.0,24
1700,1,1,469,398,71,1.0,24
1708,0,0,509,309,200,1.0,25
1708,1,1,385,426,-41,0.0,26
1716,0,0,421,453,-32,0.0,20
1716,1,1,399,436,-37,0.0,26
1724,0,0,517,434,83,1.0,20
1724,1,1,441,449,-8,0.0,26
1732,0,0,408,340,68,1.0,34
1732,1,1,409,423,-14,0.0,32
1740,0,0,508,397,111,1.0,25
1740,1,1,353,499,-146,0.0,27
1748,0,0,574,390,184,1.0,23
1748,1,1,286,524,-238,0.0,23
1756,0,0,519,415,104,1.0,27
1756,1,1,391,530,-139,0.0,26
1764,0,0,441,532,-91,0.0,24
1764,1,1,427,494,-67,0.0,25
1772,0,0,467,437,30,1.0,26
1772,1,1,375,423,-48,0.0,28
1780,0,0,493,514,-21,0.0,23
1780,1,1,560,342,218,1.0,23
1788,0,0,448,483,-35,0.0,26
1788,1,1,402,371,31,1.0,23
1796,0,0,408,394,14,1.0,23
1796,1,1,518,379,139,1.0,24
1804,0,0,456,461,-5,0.0,21
1804,1,1,508,286,222,1.0,26
1812,0,0,431,481,-50,0.0,23
1812,1,1,406,366,40,1.0,23
1820,0,0,391,400,-9,0.0,30
1820,1,1,439,430,9,1.0,26
1828,0,0,442,394,48,1.0,23
1828,1,1,406,448,-42,0.0,26
1836,0,0,425,451,-26,0.0,28
1836,1,1,563,369,194,1.0,23
1844,0,0,402,461,-59,0.0,24
1844,1,1,383,416,-33,0.0,28
1852,0,0,568,324,244,1.0,21
1852,1,1,376,493,-117,0.0,23
1860,0,0,528,448,80,1.0,25
1860,1,1,499,426,73,1.0,24
1868,0,0,430,459,-29,0.0,23
1868,1,1,522,294,228,1.0,26
1876,0,0,458,540,-82,0.0,23
1876,1,1,549,429,120,1.0,23
1884,0,0,384,354,30,1.0,24
1884,1,1,362,424,-62,0.0,25
1892,0,0,502,336,166,1.0,26
1892,1,1,426,502,-76,0.0,26
1900,0,0,446,414,32,1.0,23
1900,1,1,404,408,-4,0.0,23
1908,0,0,294,376,-82,0.0,28
1908,1,1,366,410,-44,0.0,25
1916,0,0,415,515,-100,0.0,21
1916,1,1,502,308,194,1.0,23
1924,0,0,470,546,-76,0.0,26
1924,1,1,419,433,-14,0.0,23
1932,0,0,419,494,-75,0.0,24
1932,1,1,540,329,211,1.0,24
1940,0,0,465,514,-49,0.0,22
1940,1,1,446,502,-56,0.0,24
1948,0,0,454,515,-61,0.0,25
1948,1,1,579,374,205,1.0,22
1956,0,0,585,387,198,1.0,23
1956,1,1,398,587,-189,0.0,19
1964,0,0,532,403,129,1.0,22
1964,1,1,445,334,111,1.0,28
1972,0,0,447,457,-10,0.0,22
1972,1,1,419,487,-68,0.0,24
1980,0,0,531,420,111,1.0,22
1980,1,1,381,510,-129,0.0,22
1988,0,0,447,402,45,1.0,23
1988,1,1,480,434,46,1.0,28
1996,0,0,380,449,-69,0.0,23
1996,1,1,381,465,-84,0.0,24
pair,game,a_seat,a_score,b_score,a_spread,a_win,turns
5,0,0,403,443,-40,0.0,23
5,1,1,536,406,130,1.0,27
13,0,0,338,475,-137,0.0,26
13,1,1,511,377,134,1.0,22
21,0,0,365,371,-6,0.0,26
21,1,1,424,341,83,1.0,25
29,0,0,433,458,-25,0.0,23
29,1,1,412,443,-31,0.0,23
37,0,0,497,470,27,1.0,29
37,1,1,588,425,163,1.0,27
45,0,0,403,460,-57,0.0,25
45,1,1,419,527,-108,0.0,22
53,0,0,448,456,-8,0.0,23
53,1,1,437,442,-5,0.0,23
61,0,0,493,429,64,1.0,22
61,1,1,403,611,-208,0.0,24
69,0,0,443,440,3,1.0,28
69,1,1,378,539,-161,0.0,28
77,0,0,480,507,-27,0.0,21
77,1,1,397,408,-11,0.0,21
85,0,0,471,340,131,1.0,24
85,1,1,391,497,-106,0.0,25
93,0,0,451,407,44,1.0,23
93,1,1,468,391,77,1.0,22
101,0,0,412,428,-16,0.0,22
101,1,1,391,386,5,1.0,23
109,0,0,461,438,23,1.0,22
109,1,1,397,498,-101,0.0,25
117,0,0,358,495,-137,0.0,25
117,1,1,473,328,145,1.0,25
125,0,0,498,460,38,1.0,23
125,1,1,468,487,-19,0.0,23
133,0,0,507,398,109,1.0,24
133,1,1,488,467,21,1.0,22
141,0,0,425,372,53,1.0,24
141,1,1,409,405,4,1.0,24
149,0,0,409,298,111,1.0,33
149,1,1,293,557,-264,0.0,24
157,0,0,506,307,199,1.0,27
157,1,1,417,416,1,1.0,30
165,0,0,453,456,-3,0.0,20
165,1,1,427,424,3,1.0,26
173,0,0,462,456,6,1.0,22
173,1,1,389,443,-54,0.0,25
181,0,0,410,430,-20,0.0,23
181,1,1,411,482,-71,0.0,21
189,0,0,419,388,31,1.0,25
189,1,1,442,353,89,1.0,29
197,0,0,399,404,-5,0.0,25
197,1,1,379,443,-64,0.0,26
205,0,0,469,469,0,0.5,21
205,1,1,603,388,215,1.0,21
213,0,0,439,379,60,1.0,26
213,1,1,568,445,123,1.0,22
221,0,0,404,458,-54,0.0,22
221,1,1,480,390,90,1.0,27
229,0,0,408,486,-78,0.0,22
229,1,1,426,450,-24,0.0,24
237,0,0,407,425,-18,0.0,23
237,1,1,512,401,111,1.0,21
245,0,0,392,535,-143,0.0,22
245,1,1,542,357,185,1.0,23
253,0,0,356,517,-161,0.0,23
253,1,1,415,437,-22,0.0,22
261,0,0,469,374,95,1.0,26
261,1,1,445,421,24,1.0,26
269,0,0,516,409,107,1.0,23
269,1,1,379,481,-102,0.0,23
277,0,0,386,354,32,1.0,23
277,1,1,421,418,3,1.0,30
285,0,0,384,476,-92,0.0,25
285,1,1,426,392,34,1.0,23
293,0,0,462,323,139,1.0,25
293,1,1,406,456,-50,0.0,30
301,0,0,487,360,127,1.0,21
301,1,1,360,510,-150,0.0,23
309,0,0,419,417,2,1.0,19
309,1,1,414,394,20,1.0,23
317,0,0,412,476,-64,0.0,23
317,1,1,546,447,99,1.0,22
325,0,0,438,413,25,1.0,21
325,1,1,555,342,213,1.0,28
333,0,0,519,397,122,1.0,24
333,1,1,491,504,-13,0.0,25
341,0,0,328,500,-172,0.0,24
341,1,1,578,415,163,1.0,22
349,0,0,392,491,-99,0.0,23
349,1,1,394,398,-4,0.0,26
357,0,0,496,469,27,1.0,18
357,1,1,532,367,165,1.0,23
365,0,0,334,450,-116,0.0,27
365,1,1,435,423,12,1.0,27
373,0,0,498,406,92,1.0,22
373,1,1,340,445,-105,0.0,24
381,0,0,396,451,-55,0.0,29
381,1,1,501,399,102,1.0,24
389,0,0,360,426,-66,0.0,28
389,1,1,417,399,18,1.0,28
397,0,0,444,509,-65,0.0,24
397,1,1,513,371,142,1.0,21
405,0,0,375,506,-131,0.0,23
405,1,1,454,457,-3,0.0,26
413,0,0,389,427,-38,0.0,24
413,1,1,438,457,-19,0.0,24
421,0,0,316,471,-155,0.0,25
421,1,1,420,440,-20,0.0,24
429,0,0,479,468,11,1.0,23
429,1,1,493,430,63,1.0,25
437,0,0,332,542,-210,0.0,29
437,1,1,463,365,98,1.0,26
445,0,0,302,544,-242,0.0,22
445,1,1,503,473,30,1.0,22
453,0,0,385,527,-142,0.0,26
453,1,1,529,318,211,1.0,27
461,0,0,456,475,-19,0.0,26
461,1,1,511,366,145,1.0,25
469,0,0,448,476,-28,0.0,23
469,1,1,458,488,-30,0.0,20
477,0,0,389,513,-124,0.0,23
477,1,1,411,488,-77,0.0,24
485,0,0,458,557,-99,0.0,20
485,1,1,557,458,99,1.0,20
493,0,0,513,458,55,1.0,23
493,1,1,494,489,5,1.0,21
501,0,0,420,514,-94,0.0,23
501,1,1,463,469,-6,0.0,26
509,0,0,446,410,36,1.0,24
509,1,1,439,545,-106,0.0,20
517,0,0,514,371,143,1.0,26
517,1,1,312,416,-104,0.0,29
525,0,0,395,475,-80,0.0,23
525,1,1,404,521,-117,0.0,20
533,0,0,373,512,-139,0.0,25
533,1,1,481,492,-11,0.0,22
541,0,0,427,436,-9,0.0,28
541,1,1,344,459,-115,0.0,25
549,0,0,530,340,190,1.0,22
549,1,1,390,553,-163,0.0,22
557,0,0,383,543,-160,0.0,22
557,1,1,475,463,12,1.0,22
565,0,0,507,391,116,1.0,20
565,1,1,426,511,-85,0.0,20
573,0,0,367,486,-119,0.0,28
573,1,1,419,363,56,1.0,25
581,0,0,414,508,-94,0.0,26
581,1,1,511,351,160,1.0,24
589,0,0,430,461,-31,0.0,26
589,1,1,567,440,127,1.0,23
597,0,0,453,400,53,1.0,24
597,1,1,484,409,75,1.0,23
605,0,0,535,458,77,1.0,26
605,1,1,487,426,61,1.0,21
613,0,0,353,437,-84,0.0,27
613,1,1,375,345,30,1.0,26
621,0,0,456,412,44,1.0,24
621,1,1,433,395,38,1.0,22
629,0,0,452,519,-67,0.0,21
629,1,1,548,481,67,1.0,23
637,0,0,382,430,-48,0.0,23
637,1,1,367,436,-69,0.0,26
645,0,0,425,481,-56,0.0,24
645,1,1,489,343,146,1.0,25
653,0,0,449,576,-127,0.0,28
653,1,1,460,346,114,1.0,29
661,0,0,413,403,10,1.0,24
661,1,1,404,430,-26,0.0,27
669,0,0,376,559,-183,0.0,22
669,1,1,539,431,108,1.0,21
677,0,0,387,428,-41,0.0,25
677,1,1,607,366,241,1.0,19
685,0,0,444,388,56,1.0,23
685,1,1,405,461,-56,0.0,22
693,0,0,425,327,98,1.0,25
693,1,1,376,376,0,0.5,28
701,0,0,432,492,-60,0.0,23
701,1,1,403,485,-82,0.0,24
709,0,0,385,389,-4,0.0,25
709,1,1,453,364,89,1.0,25
717,0,0,506,344,162,1.0,25
717,1,1,443,428,15,1.0,21
725,0,0,545,414,131,1.0,25
725,1,1,414,477,-63,0.0,24
733,0,0,449,544,-95,0.0,21
733,1,1,551,462,89,1.0,20
741,0,0,404,469,-65,0.0,27
741,1,1,401,507,-106,0.0,22
749,0,0,426,496,-70,0.0,23
749,1,1,417,445,-28,0.0,25
757,0,0,452,394,58,1.0,24
757,1,1,395,553,-158,0.0,20
765,0,0,453,370,83,1.0,32
765,1,1,392,503,-111,0.0,24
773,0,0,487,558,-71,0.0,21
773,1,1,488,444,44,1.0,21
781,0,0,490,448,42,1.0,25
781,1,1,453,440,13,1.0,25
789,0,0,380,464,-84,0.0,22
789,1,1,489,322,167,1.0,27
797,0,0,498,466,32,1.0,22
797,1,1,477,464,13,1.0,21
805,0,0,454,434,20,1.0,21
805,1,1,435,465,-30,0.0,22
813,0,0,382,398,-16,0.0,23
813,1,1,366,397,-31,0.0,24
821,0,0,342,455,-113,0.0,25
821,1,1,492,331,161,1.0,21
829,0,0,498,333,165,1.0,28
829,1,1,315,481,-166,0.0,26
837,0,0,421,495,-74,0.0,23
837,1,1,452,380,72,1.0,33
845,0,0,397,397,0,0.5,25
845,1,1,367,414,-47,0.0,25
853,0,0,456,462,-6,0.0,18
853,1,1,502,318,184,1.0,22
861,0,0,398,461,-63,0.0,29
861,1,1,347,412,-65,0.0,32
869,0,0,462,455,7,1.0,26
869,1,1,394,442,-48,0.0,31
877,0,0,387,403,-16,0.0,20
877,1,1,370,466,-96,0.0,26
885,0,0,399,482,-83,0.0,26
885,1,1,440,452,-12,0.0,25
893,0,0,417,477,-60,0.0,26
893,1,1,414,480,-66,0.0,27
901,0,0,412,443,-31,0.0,26
901,1,1,469,423,46,1.0,20
909,0,0,427,428,-1,0.0,24
909,1,1,385,381,4,1.0,22
917,0,0,510,519,-9,0.0,23
917,1,1,465,411,54,1.0,22
925,0,0,312,503,-191,0.0,27
925,1,1,449,261,188,1.0,27
933,0,0,431,378,53,1.0,25
933,1,1,383,426,-43,0.0,25
941,0,0,462,372,90,1.0,22
941,1,1,389,456,-67,0.0,22
949,0,0,457,320,137,1.0,22
949,1,1,413,417,-4,0.0,25
957,0,0,490,425,65,1.0,24
957,1,1,383,512,-129,0.0,26
965,0,0,442,395,47,1.0,26
965,1,1,391,601,-210,0.0,24
973,0,0,394,465,-71,0.0,26
973,1,1,439,331,108,1.0,27
981,0,0,488,480,8,1.0,25
981,1,1,431,431,0,0.5,25
989,0,0,587,441,146,1.0,23
989,1,1,429,480,-51,0.0,23
997,0,0,402,465,-63,0.0,30
997,1,1,499,368,131,1.0,23
1005,0,0,430,344,86,1.0,25
1005,1,1,354,514,-160,0.0,28
1013,0,0,286,436,-150,0.0,27
1013,1,1,483,380,103,1.0,25
1021,0,0,373,564,-191,0.0,23
1021,1,1,564,373,191,1.0,23
1029,0,0,548,456,92,1.0,22
1029,1,1,403,419,-16,0.0,23
1037,0,0,564,426,138,1.0,25
1037,1,1,383,464,-81,0.0,29
1045,0,0,395,384,11,1.0,22
1045,1,1,371,381,-10,0.0,23
1053,0,0,378,574,-196,0.0,22
1053,1,1,452,302,150,1.0,26
1061,0,0,300,555,-255,0.0,21
1061,1,1,467,387,80,1.0,24
1069,0,0,409,567,-158,0.0,22
1069,1,1,444,326,118,1.0,24
1077,0,0,455,483,-28,0.0,23
1077,1,1,511,395,116,1.0,25
1085,0,0,456,426,30,1.0,23
1085,1,1,515,348,167,1.0,26
1093,0,0,501,441,60,1.0,24
1093,1,1,468,557,-89,0.0,22
1101,0,0,338,437,-99,0.0,24
1101,1,1,454,419,35,1.0,29
1109,0,0,536,394,142,1.0,24
1109,1,1,411,457,-46,0.0,25
1117,0,0,336,467,-131,0.0,26
1117,1,1,460,405,55,1.0,25
1125,0,0,502,425,77,1.0,24
1125,1,1,394,393,1,1.0,25
1133,0,0,409,368,41,1.0,25
1133,1,1,429,402,27,1.0,23
1141,0,0,416,431,-15,0.0,30
1141,1,1,398,418,-20,0.0,32
1149,0,0,384,416,-32,0.0,23
1149,1,1,408,500,-92,0.0,23
1157,0,0,428,423,5,1.0,25
1157,1,1,368,423,-55,0.0,22
1165,0,0,459,482,-23,0.0,22
1165,1,1,440,393,47,1.0,27
1173,0,0,406,469,-63,0.0,24
1173,1,1,517,417,100,1.0,24
1181,0,0,458,401,57,1.0,23
1181,1,1,465,430,35,1.0,22
1189,0,0,516,531,-15,0.0,22
1189,1,1,570,427,143,1.0,22
1197,0,0,403,442,-39,0.0,27
1197,1,1,458,427,31,1.0,25
1205,0,0,423,471,-48,0.0,26
1205,1,1,450,402,48,1.0,23
1213,0,0,435,508,-73,0.0,23
1213,1,1,398,381,17,1.0,22
1221,0,0,419,338,81,1.0,25
1221,1,1,404,372,32,1.0,34
1229,0,0,467,396,71,1.0,27
1229,1,1,441,420,21,1.0,25
1237,0,0,412,498,-86,0.0,25
1237,1,1,501,451,50,1.0,25
1245,0,0,323,487,-164,0.0,26
1245,1,1,434,411,23,1.0,25
1253,0,0,400,474,-74,0.0,25
1253,1,1,463,419,44,1.0,21
1261,0,0,396,552,-156,0.0,19
1261,1,1,486,382,104,1.0,21
1269,0,0,454,412,42,1.0,22
1269,1,1,400,395,5,1.0,26
1277,0,0,498,343,155,1.0,20
1277,1,1,359,487,-128,0.0,22
1285,0,0,526,405,121,1.0,25
1285,1,1,355,476,-121,0.0,26
1293,0,0,434,424,10,1.0,22
1293,1,1,332,453,-121,0.0,20
1301,0,0,417,469,-52,0.0,24
1301,1,1,393,397,-4,0.0,34
1309,0,0,505,481,24,1.0,24
1309,1,1,454,442,12,1.0,24
1317,0,0,509,385,124,1.0,24
1317,1,1,508,496,12,1.0,21
1325,0,0,479,356,123,1.0,24
1325,1,1,540,438,102,1.0,25
1333,0,0,496,511,-15,0.0,22
1333,1,1,517,370,147,1.0,21
1341,0,0,538,293,245,1.0,22
1341,1,1,366,513,-147,0.0,26
1349,0,0,468,467,1,1.0,24
1349,1,1,470,507,-37,0.0,22
1357,0,0,315,472,-157,0.0,24
1357,1,1,508,333,175,1.0,22
1365,0,0,382,432,-50,0.0,29
1365,1,1,375,372,3,1.0,26
1373,0,0,433,435,-2,0.0,25
1373,1,1,487,403,84,1.0,28
1381,0,0,523,455,68,1.0,20
1381,1,1,474,460,14,1.0,24
1389,0,0,468,338,130,1.0,24
1389,1,1,289,564,-275,0.0,30
1397,0,0,519,433,86,1.0,25
1397,1,1,381,521,-140,0.0,23
1405,0,0,422,511,-89,0.0,34
1405,1,1,449,414,35,1.0,29
1413,0,0,492,367,125,1.0,30
1413,1,1,364,522,-158,0.0,25
1421,0,0,375,494,-119,0.0,26
1421,1,1,539,469,70,1.0,23
1429,0,0,465,497,-32,0.0,20
1429,1,1,495,407,88,1.0,21
1437,0,0,460,523,-63,0.0,23
1437,1,1,423,412,11,1.0,24
1445,0,0,454,451,3,1.0,23
1445,1,1,473,475,-2,0.0,24
1453,0,0,423,469,-46,0.0,22
1453,1,1,387,311,76,1.0,26
1461,0,0,431,453,-22,0.0,26
1461,1,1,378,453,-75,0.0,22
1469,0,0,335,462,-127,0.0,21
1469,1,1,440,457,-17,0.0,28
1477,0,0,437,453,-16,0.0,24
1477,1,1,401,471,-70,0.0,28
1485,0,0,422,534,-112,0.0,22
1485,1,1,431,364,67,1.0,24
1493,0,0,423,404,19,1.0,23
1493,1,1,459,366,93,1.0,24
1501,0,0,522,462,60,1.0,24
1501,1,1,446,671,-225,0.0,21
1509,0,0,305,515,-210,0.0,25
1509,1,1,458,336,122,1.0,25
1517,0,0,448,454,-6,0.0,21
1517,1,1,448,478,-30,0.0,21
1525,0,0,414,496,-82,0.0,23
1525,1,1,380,449,-69,0.0,24
1533,0,0,370,482,-112,0.0,21
1533,1,1,376,381,-5,0.0,32
1541,0,0,504,471,33,1.0,25
1541,1,1,450,508,-58,0.0,26
1549,0,0,409,529,-120,0.0,21
1549,1,1,364,461,-97,0.0,26
1557,0,0,493,440,53,1.0,22
1557,1,1,464,420,44,1.0,22
1565,0,0,367,433,-66,0.0,25
1565,1,1,414,430,-16,0.0,27
1573,0,0,497,489,8,1.0,24
1573,1,1,419,461,-42,0.0,29
1581,0,0,403,416,-13,0.0,26
1581,1,1,500,351,149,1.0,30
1589,0,0,469,443,26,1.0,20
1589,1,1,456,386,70,1.0,24
1597,0,0,525,517,8,1.0,23
1597,1,1,442,440,2,1.0,23
1605,0,0,449,404,45,1.0,31
1605,1,1,498,480,18,1.0,23
1613,0,0,514,436,78,1.0,24
1613,1,1,394,548,-154,0.0,25
1621,0,0,484,359,125,1.0,24
1621,1,1,333,397,-64,0.0,25
1629,0,0,456,414,42,1.0,22
1629,1,1,498,424,74,1.0,32
1637,0,0,430,490,-60,0.0,24
1637,1,1,438,430,8,1.0,22
1645,0,0,416,338,78,1.0,24
1645,1,1,470,353,117,1.0,29
1653,0,0,439,472,-33,0.0,28
1653,1,1,480,403,77,1.0,25
1661,0,0,401,463,-62,0.0,26
1661,1,1,449,438,11,1.0,24
1669,0,0,434,447,-13,0.0,25
1669,1,1,497,487,10,1.0,23
1677,0,0,406,659,-253,0.0,24
1677,1,1,495,354,141,1.0,27
1685,0,0,467,423,44,1.0,26
1685,1,1,404,453,-49,0.0,27
1693,0,0,410,531,-121,0.0,19
1693,1,1,428,399,29,1.0,27
1701,0,0,475,416,59,1.0,27
1701,1,1,484,429,55,1.0,22
1709,0,0,429,388,41,1.0,23
1709,1,1,517,442,75,1.0,27
1717,0,0,431,368,63,1.0,23
1717,1,1,430,395,35,1.0,25
1725,0,0,481,405,76,1.0,24
1725,1,1,397,476,-79,0.0,23
1733,0,0,441,464,-23,0.0,23
1733,1,1,406,424,-18,0.0,24
1741,0,0,408,408,0,0.5,26
1741,1,1,520,545,-25,0.0,20
1749,0,0,442,493,-51,0.0,25
1749,1,1,462,449,13,1.0,27
1757,0,0,376,443,-67,0.0,28
1757,1,1,451,379,72,1.0,22
1765,0,0,305,466,-161,0.0,27
1765,1,1,522,378,144,1.0,24
1773,0,0,414,501,-87,0.0,24
1773,1,1,370,341,29,1.0,27
1781,0,0,483,506,-23,0.0,24
1781,1,1,436,387,49,1.0,25
1789,0,0,507,425,82,1.0,26
1789,1,1,459,516,-57,0.0,21
1797,0,0,400,555,-155,0.0,26
1797,1,1,519,334,185,1.0,24
1805,0,0,586,350,236,1.0,25
1805,1,1,335,543,-208,0.0,26
1813,0,0,386,367,19,1.0,24
1813,1,1,376,444,-68,0.0,23
1821,0,0,477,448,29,1.0,20
1821,1,1,478,407,71,1.0,24
1829,0,0,465,431,34,1.0,22
1829,1,1,603,463,140,1.0,21
1837,0,0,431,370,61,1.0,30
1837,1,1,401,489,-88,0.0,23
1845,0,0,431,530,-99,0.0,27
1845,1,1,550,474,76,1.0,21
1853,0,0,483,413,70,1.0,22
1853,1,1,383,335,48,1.0,28
1861,0,0,412,434,-22,0.0,25
1861,1,1,500,392,108,1.0,27
1869,0,0,422,531,-109,0.0,22
1869,1,1,587,412,175,1.0,24
1877,0,0,416,442,-26,0.0,26
1877,1,1,436,462,-26,0.0,26
1885,0,0,421,311,110,1.0,28
1885,1,1,388,414,-26,0.0,23
1893,0,0,434,540,-106,0.0,23
1893,1,1,538,431,107,1.0,22
1901,0,0,429,405,24,1.0,24
1901,1,1,442,433,9,1.0,25
1909,0,0,413,559,-146,0.0,22
1909,1,1,491,472,19,1.0,22
1917,0,0,503,553,-50,0.0,21
1917,1,1,476,595,-119,0.0,20
1925,0,0,468,446,22,1.0,22
1925,1,1,509,481,28,1.0,26
1933,0,0,359,500,-141,0.0,25
1933,1,1,384,471,-87,0.0,29
1941,0,0,460,419,41,1.0,23
1941,1,1,429,508,-79,0.0,23
1949,0,0,538,476,62,1.0,22
1949,1,1,365,377,-12,0.0,28
1957,0,0,329,483,-154,0.0,26
1957,1,1,493,368,125,1.0,22
1965,0,0,393,487,-94,0.0,26
1965,1,1,490,383,107,1.0,27
1973,0,0,505,463,42,1.0,24
1973,1,1,408,465,-57,0.0,29
1981,0,0,445,475,-30,0.0,24
1981,1,1,506,462,44,1.0,26
1989,0,0,353,587,-234,0.0,26
1989,1,1,552,402,150,1.0,26
1997,0,0,475,456,19,1.0,20
1997,1,1,413,534,-121,0.0,23
pair,game,a_seat,a_score,b_score,a_spread,a_win,turns
6,0,0,450,439,11,1.0,24
6,1,1,348,394,-46,0.0,25
14,0,0,472,379,93,1.0,25
14,1,1,448,413,35,1.0,23
22,0,0,378,465,-87,0.0,33
22,1,1,411,430,-19,0.0,25
30,0,0,470,469,1,1.0,23
30,1,1,503,391,112,1.0,25
38,0,0,535,453,82,1.0,23
38,1,1,439,477,-38,0.0,22
46,0,0,518,406,112,1.0,23
46,1,1,424,451,-27,0.0,28
54,0,0,448,572,-124,0.0,22
54,1,1,472,465,7,1.0,24
62,0,0,379,433,-54,0.0,29
62,1,1,404,461,-57,0.0,25
70,0,0,508,379,129,1.0,26
70,1,1,410,441,-31,0.0,25
78,0,0,446,393,53,1.0,23
78,1,1,360,511,-151,0.0,23
86,0,0,493,339,154,1.0,24
86,1,1,382,486,-104,0.0,26
94,0,0,390,489,-99,0.0,29
94,1,1,458,415,43,1.0,24
102,0,0,362,406,-44,0.0,24
102,1,1,456,383,73,1.0,23
110,0,0,428,457,-29,0.0,26
110,1,1,408,506,-98,0.0,24
118,0,0,586,353,233,1.0,22
118,1,1,384,565,-181,0.0,21
126,0,0,411,369,42,1.0,24
126,1,1,374,462,-88,0.0,26
134,0,0,462,371,91,1.0,25
134,1,1,439,435,4,1.0,24
142,0,0,434,509,-75,0.0,23
142,1,1,479,428,51,1.0,24
150,0,0,507,351,156,1.0,23
150,1,1,421,447,-26,0.0,24
158,0,0,350,565,-215,0.0,22
158,1,1,475,371,104,1.0,23
166,0,0,496,474,22,1.0,20
166,1,1,418,342,76,1.0,22
174,0,0,434,336,98,1.0,21
174,1,1,359,486,-127,0.0,21
182,0,0,494,493,1,1.0,22
182,1,1,478,615,-137,0.0,21
190,0,0,404,457,-53,0.0,22
190,1,1,427,436,-9,0.0,27
198,0,0,537,347,190,1.0,25
198,1,1,353,473,-120,0.0,23
206,0,0,395,451,-56,0.0,27
206,1,1,502,497,5,1.0,22
214,0,0,496,332,164,1.0,29
214,1,1,395,486,-91,0.0,31
222,0,0,464,436,28,1.0,26
222,1,1,384,477,-93,0.0,24
230,0,0,447,406,41,1.0,24
230,1,1,471,419,52,1.0,26
238,0,0,358,511,-153,0.0,25
238,1,1,379,493,-114,0.0,27
246,0,0,429,368,61,1.0,23
246,1,1,425,372,53,1.0,26
254,0,0,466,361,105,1.0,24
254,1,1,368,521,-153,0.0,24
262,0,0,380,520,-140,0.0,22
262,1,1,453,393,60,1.0,23
270,0,0,333,524,-191,0.0,25
270,1,1,393,426,-33,0.0,28
278,0,0,437,453,-16,0.0,21
278,1,1,476,524,-48,0.0,22
286,0,0,462,342,120,1.0,24
286,1,1,462,482,-20,0.0,20
294,0,0,401,461,-60,0.0,23
294,1,1,419,457,-38,0.0,27
302,0,0,352,504,-152,0.0,24
302,1,1,491,361,130,1.0,26
310,0,0,388,456,-68,0.0,23
310,1,1,467,426,41,1.0,23
318,0,0,438,487,-49,0.0,21
318,1,1,501,403,98,1.0,25
326,0,0,516,499,17,1.0,21
326,1,1,404,381,23,1.0,24
334,0,0,542,358,184,1.0,27
334,1,1,414,464,-50,0.0,25
342,0,0,461,357,104,1.0,25
342,1,1,368,465,-97,0.0,25
350,0,0,538,356,182,1.0,24
350,1,1,452,467,-15,0.0,25
358,0,0,458,438,20,1.0,22
358,1,1,454,502,-48,0.0,20
366,0,0,576,467,109,1.0,20
366,1,1,431,490,-59,0.0,27
374,0,0,489,429,60,1.0,29
374,1,1,457,526,-69,0.0,25
382,0,0,483,427,56,1.0,24
382,1,1,526,441,85,1.0,20
390,0,0,415,438,-23,0.0,27
390,1,1,445,393,52,1.0,24
398,0,0,496,465,31,1.0,24
398,1,1,380,451,-71,0.0,29
406,0,0,413,478,-65,0.0,22
406,1,1,320,389,-69,0.0,24
414,0,0,441,408,33,1.0,23
414,1,1,382,311,71,1.0,24
422,0,0,481,402,79,1.0,21
422,1,1,401,487,-86,0.0,21
430,0,0,461,422,39,1.0,25
430,1,1,405,525,-120,0.0,25
438,0,0,466,351,115,1.0,25
438,1,1,461,366,95,1.0,30
446,0,0,416,385,31,1.0,26
446,1,1,378,467,-89,0.0,23
454,0,0,542,453,89,1.0,22
454,1,1,519,453,66,1.0,20
462,0,0,518,456,62,1.0,23
462,1,1,511,503,8,1.0,24
470,0,0,428,515,-87,0.0,22
470,1,1,518,362,156,1.0,22
478,0,0,637,382,255,1.0,23
478,1,1,344,614,-270,0.0,23
486,0,0,442,389,53,1.0,20
486,1,1,373,408,-35,0.0,22
494,0,0,372,521,-149,0.0,24
494,1,1,462,497,-35,0.0,27
502,0,0,458,405,53,1.0,24
502,1,1,353,466,-113,0.0,30
510,0,0,408,407,1,1.0,26
510,1,1,369,524,-155,0.0,21
518,0,0,432,443,-11,0.0,24
518,1,1,444,389,55,1.0,27
526,0,0,485,472,13,1.0,23
526,1,1,483,520,-37,0.0,21
534,0,0,361,462,-101,0.0,29
534,1,1,571,377,194,1.0,26
542,0,0,522,421,101,1.0,24
542,1,1,444,469,-25,0.0,22
550,0,0,537,362,175,1.0,23
550,1,1,331,472,-141,0.0,25
558,0,0,357,355,2,1.0,29
558,1,1,389,399,-10,0.0,27
566,0,0,382,418,-36,0.0,22
566,1,1,360,508,-148,0.0,24
574,0,0,411,317,94,1.0,22
574,1,1,352,505,-153,0.0,27
582,0,0,560,511,49,1.0,20
582,1,1,558,463,95,1.0,21
590,0,0,476,450,26,1.0,22
590,1,1,403,538,-135,0.0,24
598,0,0,430,479,-49,0.0,24
598,1,1,514,350,164,1.0,21
606,0,0,445,395,50,1.0,22
606,1,1,411,450,-39,0.0,23
614,0,0,412,491,-79,0.0,24
614,1,1,434,488,-54,0.0,21
622,0,0,418,406,12,1.0,28
622,1,1,378,329,49,1.0,42
630,0,0,414,401,13,1.0,27
630,1,1,421,428,-7,0.0,22
638,0,0,519,460,59,1.0,22
638,1,1,542,405,137,1.0,23
646,0,0,377,453,-76,0.0,25
646,1,1,420,456,-36,0.0,21
654,0,0,450,422,28,1.0,26
654,1,1,430,403,27,1.0,24
662,0,0,358,446,-88,0.0,25
662,1,1,461,524,-63,0.0,24
670,0,0,497,309,188,1.0,23
670,1,1,408,412,-4,0.0,29
678,0,0,515,390,125,1.0,23
678,1,1,389,435,-46,0.0,27
686,0,0,349,433,-84,0.0,27
686,1,1,472,368,104,1.0,27
694,0,0,420,513,-93,0.0,21
694,1,1,514,460,54,1.0,21
702,0,0,383,489,-106,0.0,20
702,1,1,500,418,82,1.0,23
710,0,0,536,375,161,1.0,23
710,1,1,278,516,-238,0.0,22
718,0,0,426,316,110,1.0,25
718,1,1,374,441,-67,0.0,24
726,0,0,533,404,129,1.0,24
726,1,1,422,553,-131,0.0,20
734,0,0,506,416,90,1.0,25
734,1,1,408,483,-75,0.0,23
742,0,0,486,484,2,1.0,20
742,1,1,493,499,-6,0.0,23
750,0,0,428,504,-76,0.0,20
750,1,1,495,449,46,1.0,20
758,0,0,484,435,49,1.0,24
758,1,1,399,424,-25,0.0,28
766,0,0,375,586,-211,0.0,28
766,1,1,569,446,123,1.0,23
774,0,0,473,454,19,1.0,23
774,1,1,501,437,64,1.0,22
782,0,0,404,499,-95,0.0,24
782,1,1,475,399,76,1.0,28
790,0,0,426,403,23,1.0,26
790,1,1,408,427,-19,0.0,26
798,0,0,408,424,-16,0.0,26
798,1,1,442,442,0,0.5,22
806,0,0,509,408,101,1.0,25
806,1,1,422,473,-51,0.0,26
814,0,0,568,356,212,1.0,23
814,1,1,403,531,-128,0.0,22
822,0,0,379,447,-68,0.0,27
822,1,1,402,412,-10,0.0,23
830,0,0,426,485,-59,0.0,21
830,1,1,482,509,-27,0.0,20
838,0,0,435,411,24,1.0,22
838,1,1,440,451,-11,0.0,21
846,0,0,401,427,-26,0.0,20
846,1,1,413,505,-92,0.0,24
854,0,0,513,293,220,1.0,25
854,1,1,430,449,-19,0.0,27
862,0,0,400,399,1,1.0,27
862,1,1,333,441,-108,0.0,26
870,0,0,427,450,-23,0.0,22
870,1,1,469,379,90,1.0,25
878,0,0,436,496,-60,0.0,22
878,1,1,465,330,135,1.0,26
886,0,0,445,427,18,1.0,22
886,1,1,409,351,58,1.0,30
894,0,0,509,386,123,1.0,23
894,1,1,391,389,2,1.0,22
902,0,0,445,450,-5,0.0,22
902,1,1,390,399,-9,0.0,34
910,0,0,486,397,89,1.0,23
910,1,1,428,513,-85,0.0,23
918,0,0,407,577,-170,0.0,21
918,1,1,524,408,116,1.0,22
926,0,0,512,513,-1,0.0,22
926,1,1,440,407,33,1.0,22
934,0,0,399,497,-98,0.0,25
934,1,1,465,393,72,1.0,23
942,0,0,401,498,-97,0.0,26
942,1,1,486,373,113,1.0,29
950,0,0,437,344,93,1.0,28
950,1,1,434,453,-19,0.0,32
958,0,0,405,445,-40,0.0,26
958,1,1,462,451,11,1.0,28
966,0,0,458,402,56,1.0,25
966,1,1,432,492,-60,0.0,25
974,0,0,445,449,-4,0.0,27
974,1,1,505,348,157,1.0,29
982,0,0,496,328,168,1.0,27
982,1,1,324,491,-167,0.0,24
990,0,0,481,413,68,1.0,28
990,1,1,426,393,33,1.0,28
998,0,0,601,419,182,1.0,23
998,1,1,350,427,-77,0.0,30
1006,0,0,470,376,94,1.0,31
1006,1,1,338,444,-106,0.0,25
1014,0,0,407,526,-119,0.0,22
1014,1,1,529,457,72,1.0,24
1022,0,0,353,453,-100,0.0,29
1022,1,1,435,489,-54,0.0,26
1030,0,0,388,413,-25,0.0,25
1030,1,1,344,465,-121,0.0,25
1038,0,0,416,492,-76,0.0,23
1038,1,1,604,401,203,1.0,23
1046,0,0,455,398,57,1.0,23
1046,1,1,448,459,-11,0.0,22
1054,0,0,405,431,-26,0.0,23
1054,1,1,388,410,-22,0.0,25
1062,0,0,509,358,151,1.0,23
1062,1,1,363,458,-95,0.0,24
1070,0,0,388,642,-254,0.0,20
1070,1,1,519,501,18,1.0,21
1078,0,0,393,543,-150,0.0,23
1078,1,1,445,362,83,1.0,26
1086,0,0,422,519,-97,0.0,21
1086,1,1,465,439,26,1.0,24
1094,0,0,379,501,-122,0.0,22
1094,1,1,472,448,24,1.0,20
1102,0,0,365,387,-22,0.0,30
1102,1,1,471,401,70,1.0,23
1110,0,0,466,398,68,1.0,24
1110,1,1,426,395,31,1.0,29
1118,0,0,426,588,-162,0.0,24
1118,1,1,348,413,-65,0.0,27
1126,0,0,426,387,39,1.0,28
1126,1,1,507,370,137,1.0,29
1134,0,0,459,421,38,1.0,25
1134,1,1,420,496,-76,0.0,24
1142,0,0,442,438,4,1.0,28
1142,1,1,437,511,-74,0.0,22
1150,0,0,398,425,-27,0.0,26
1150,1,1,419,412,7,1.0,25
1158,0,0,467,437,30,1.0,23
1158,1,1,392,486,-94,0.0,23
1166,0,0,443,337,106,1.0,25
1166,1,1,390,434,-44,0.0,25
1174,0,0,462,344,118,1.0,24
1174,1,1,339,439,-100,0.0,21
1182,0,0,531,361,170,1.0,25
1182,1,1,418,504,-86,0.0,23
1190,0,0,412,507,-95,0.0,23
1190,1,1,435,519,-84,0.0,22
1198,0,0,458,472,-14,0.0,23
1198,1,1,450,466,-16,0.0,21
1206,0,0,438,490,-52,0.0,19
1206,1,1,547,425,122,1.0,24
1214,0,0,443,393,50,1.0,22
1214,1,1,429,415,14,1.0,22
1222,0,0,364,525,-161,0.0,24
1222,1,1,408,469,-61,0.0,23
1230,0,0,400,583,-183,0.0,22
1230,1,1,478,459,19,1.0,23
1238,0,0,567,331,236,1.0,23
1238,1,1,340,470,-130,0.0,23
1246,0,0,386,499,-113,0.0,23
1246,1,1,462,429,33,1.0,25
1254,0,0,501,462,39,1.0,24
1254,1,1,446,483,-37,0.0,21
1262,0,0,338,446,-108,0.0,23
1262,1,1,499,448,51,1.0,30
1270,0,0,338,486,-148,0.0,26
1270,1,1,407,434,-27,0.0,22
1278,0,0,416,433,-17,0.0,22
1278,1,1,575,373,202,1.0,27
1286,0,0,444,416,28,1.0,23
1286,1,1,451,368,83,1.0,25
1294,0,0,512,495,17,1.0,23
1294,1,1,479,418,61,1.0,23
1302,0,0,548,474,74,1.0,19
1302,1,1,474,548,-74,0.0,19
1310,0,0,488,360,128,1.0,23
1310,1,1,347,523,-176,0.0,26
1318,0,0,433,425,8,1.0,25
1318,1,1,440,469,-29,0.0,23
1326,0,0,436,426,10,1.0,21
1326,1,1,423,464,-41,0.0,25
1334,0,0,395,372,23,1.0,23
1334,1,1,557,441,116,1.0,24
1342,0,0,427,369,58,1.0,24
1342,1,1,480,479,1,1.0,22
1350,0,0,497,471,26,1.0,21
1350,1,1,432,396,36,1.0,22
1358,0,0,457,402,55,1.0,24
1358,1,1,337,463,-126,0.0,25
1366,0,0,467,476,-9,0.0,23
1366,1,1,473,456,17,1.0,23
1374,0,0,434,397,37,1.0,23
1374,1,1,404,408,-4,0.0,21
1382,0,0,490,425,65,1.0,19
1382,1,1,421,494,-73,0.0,19
1390,0,0,519,490,29,1.0,26
1390,1,1,380,490,-110,0.0,22
1398,0,0,421,392,29,1.0,28
1398,1,1,400,426,-26,0.0,24
1406,0,0,333,498,-165,0.0,22
1406,1,1,353,411,-58,0.0,24
1414,0,0,490,415,75,1.0,31
1414,1,1,440,359,81,1.0,26
1422,0,0,403,491,-88,0.0,21
1422,1,1,492,394,98,1.0,23
1430,0,0,482,284,198,1.0,25
1430,1,1,308,542,-234,0.0,23
1438,0,0,520,421,99,1.0,25
1438,1,1,437,553,-116,0.0,25
1446,0,0,448,422,26,1.0,22
1446,1,1,445,464,-19,0.0,22
1454,0,0,512,391,121,1.0,24
1454,1,1,391,480,-89,0.0,22
1462,0,0,497,445,52,1.0,26
1462,1,1,496,374,122,1.0,26
1470,0,0,461,482,-21,0.0,19
1470,1,1,432,482,-50,0.0,23
1478,0,0,403,445,-42,0.0,22
1478,1,1,481,346,135,1.0,28
1486,0,0,457,334,123,1.0,29
1486,1,1,404,479,-75,0.0,25
1494,0,0,447,479,-32,0.0,27
1494,1,1,456,429,27,1.0,26
1502,0,0,357,532,-175,0.0,22
1502,1,1,580,367,213,1.0,22
1510,0,0,354,508,-154,0.0,22
1510,1,1,427,421,6,1.0,21
1518,0,0,405,397,8,1.0,25
1518,1,1,414,456,-42,0.0,24
1526,0,0,464,431,33,1.0,25
1526,1,1,452,457,-5,0.0,22
1534,0,0,476,433,43,1.0,21
1534,1,1,299,445,-146,0.0,21
1542,0,0,491,421,70,1.0,25
1542,1,1,487,471,16,1.0,21
1550,0,0,486,376,110,1.0,28
1550,1,1,319,514,-195,0.0,24
1558,0,0,475,494,-19,0.0,21
1558,1,1,401,445,-44,0.0,27
1566,0,0,411,492,-81,0.0,22
1566,1,1,437,475,-38,0.0,22
1574,0,0,395,443,-48,0.0,22
1574,1,1,422,428,-6,0.0,25
1582,0,0,383,445,-62,0.0,23
1582,1,1,456,402,54,1.0,24
1590,0,0,488,380,108,1.0,25
1590,1,1,312,423,-111,0.0,24
1598,0,0,549,416,133,1.0,23
1598,1,1,384,475,-91,0.0,22
1606,0,0,497,365,132,1.0,25
1606,1,1,434,361,73,1.0,22
1614,0,0,405,370,35,1.0,22
1614,1,1,441,474,-33,0.0,23
1622,0,0,572,509,63,1.0,21
1622,1,1,477,497,-20,0.0,24
1630,0,0,362,536,-174,0.0,23
1630,1,1,557,352,205,1.0,22
1638,0,0,337,538,-201,0.0,22
1638,1,1,386,467,-81,0.0,23
1646,0,0,335,458,-123,0.0,22
1646,1,1,487,486,1,1.0,22
1654,0,0,494,441,53,1.0,24
1654,1,1,443,415,28,1.0,26
1662,0,0,357,428,-71,0.0,24
1662,1,1,395,390,5,1.0,26
1670,0,0,481,311,170,1.0,24
1670,1,1,347,464,-117,0.0,24
1678,0,0,574,406,168,1.0,22
1678,1,1,509,425,84,1.0,24
1686,0,0,391,496,-105,0.0,22
1686,1,1,469,396,73,1.0,25
1694,0,0,458,449,9,1.0,22
1694,1,1,414,466,-52,0.0,21
1702,0,0,385,411,-26,0.0,24
1702,1,1,435,460,-25,0.0,22
1710,0,0,433,425,8,1.0,23
1710,1,1,500,441,59,1.0,24
1718,0,0,450,438,12,1.0,26
1718,1,1,408,456,-48,0.0,24
1726,0,0,395,532,-137,0.0,26
1726,1,1,555,374,181,1.0,22
1734,0,0,477,382,95,1.0,21
1734,1,1,456,448,8,1.0,24
1742,0,0,609,414,195,1.0,24
1742,1,1,424,466,-42,0.0,22
1750,0,0,404,381,23,1.0,28
1750,1,1,423,371,52,1.0,26
1758,0,0,531,428,103,1.0,23
1758,1,1,460,481,-21,0.0,20
1766,0,0,489,405,84,1.0,23
1766,1,1,405,489,-84,0.0,23
1774,0,0,403,502,-99,0.0,23
1774,1,1,521,421,100,1.0,21
1782,0,0,486,402,84,1.0,26
1782,1,1,394,381,13,1.0,28
1790,0,0,395,420,-25,0.0,24
1790,1,1,405,454,-49,0.0,24
1798,0,0,426,428,-2,0.0,23
1798,1,1,425,476,-51,0.0,23
1806,0,0,496,510,-14,0.0,22
1806,1,1,448,375,73,1.0,24
1814,0,0,533,397,136,1.0,25
1814,1,1,340,538,-198,0.0,27
1822,0,0,467,321,146,1.0,26
1822,1,1,322,484,-162,0.0,25
1830,0,0,406,450,-44,0.0,23
1830,1,1,446,413,33,1.0,24
1838,0,0,497,447,50,1.0,23
1838,1,1,412,531,-119,0.0,26
1846,0,0,549,455,94,1.0,19
1846,1,1,516,425,91,1.0,20
1854,0,0,415,406,9,1.0,21
1854,1,1,386,472,-86,0.0,27
1862,0,0,462,445,17,1.0,26
1862,1,1,503,382,121,1.0,27
1870,0,0,469,346,123,1.0,32
1870,1,1,391,434,-43,0.0,22
1878,0,0,513,406,107,1.0,28
1878,1,1,391,502,-111,0.0,21
1886,0,0,356,521,-165,0.0,25
1886,1,1,528,399,129,1.0,27
1894,0,0,468,404,64,1.0,29
1894,1,1,434,377,57,1.0,26
1902,0,0,451,467,-16,0.0,24
1902,1,1,383,435,-52,0.0,20
1910,0,0,479,342,137,1.0,21
1910,1,1,424,457,-33,0.0,23
1918,0,0,385,606,-221,0.0,23
1918,1,1,381,408,-27,0.0,28
1926,0,0,515,459,56,1.0,21
1926,1,1,438,443,-5,0.0,23
1934,0,0,332,488,-156,0.0,24
1934,1,1,437,400,37,1.0,26
1942,0,0,436,429,7,1.0,25
1942,1,1,382,490,-108,0.0,23
1950,0,0,474,490,-16,0.0,21
1950,1,1,442,375,67,1.0,23
1958,0,0,447,366,81,1.0,24
1958,1,1,440,392,48,1.0,26
1966,0,0,418,366,52,1.0,26
1966,1,1,450,391,59,1.0,24
1974,0,0,481,431,50,1.0,21
1974,1,1,417,444,-27,0.0,22
1982,0,0,518,299,219,1.0,25
1982,1,1,309,450,-141,0.0,27
1990,0,0,406,368,38,1.0,23
1990,1,1,365,542,-177,0.0,22
1998,0,0,514,488,26,1.0,25
1998,1,1,498,524,-26,0.0,23
pair,game,a_seat,a_score,b_score,a_spread,a_win,turns
7,0,0,426,473,-47,0.0,25
7,1,1,436,426,10,1.0,23
15,0,0,435,368,67,1.0,23
15,1,1,481,341,140,1.0,23
23,0,0,474,324,150,1.0,31
23,1,1,409,526,-117,0.0,22
31,0,0,443,382,61,1.0,25
31,1,1,469,421,48,1.0,22
39,0,0,393,460,-67,0.0,24
39,1,1,504,391,113,1.0,23
47,0,0,411,421,-10,0.0,24
47,1,1,453,419,34,1.0,20
55,0,0,415,370,45,1.0,28
55,1,1,346,436,-90,0.0,23
63,0,0,430,429,1,1.0,25
63,1,1,479,419,60,1.0,21
71,0,0,476,345,131,1.0,25
71,1,1,466,447,19,1.0,24
79,0,0,485,429,56,1.0,24
79,1,1,433,415,18,1.0,26
87,0,0,423,510,-87,0.0,20
87,1,1,485,390,95,1.0,27
95,0,0,408,485,-77,0.0,24
95,1,1,651,377,274,1.0,23
103,0,0,464,492,-28,0.0,22
103,1,1,491,433,58,1.0,22
111,0,0,359,548,-189,0.0,24
111,1,1,570,443,127,1.0,25
119,0,0,449,406,43,1.0,26
119,1,1,508,414,94,1.0,26
127,0,0,412,411,1,1.0,22
127,1,1,424,378,46,1.0,23
135,0,0,369,472,-103,0.0,22
135,1,1,478,431,47,1.0,24
143,0,0,309,457,-148,0.0,25
143,1,1,530,394,136,1.0,22
151,0,0,456,324,132,1.0,27
151,1,1,408,406,2,1.0,26
159,0,0,292,521,-229,0.0,29
159,1,1,512,305,207,1.0,24
167,0,0,442,315,127,1.0,23
167,1,1,363,384,-21,0.0,24
175,0,0,470,347,123,1.0,27
175,1,1,486,331,155,1.0,25
183,0,0,442,499,-57,0.0,21
183,1,1,502,464,38,1.0,25
191,0,0,348,477,-129,0.0,23
191,1,1,460,415,45,1.0,23
199,0,0,453,452,1,1.0,26
199,1,1,516,418,98,1.0,25
207,0,0,585,350,235,1.0,22
207,1,1,394,511,-117,0.0,24
215,0,0,544,359,185,1.0,20
215,1,1,325,606,-281,0.0,22
223,0,0,394,433,-39,0.0,24
223,1,1,474,412,62,1.0,31
231,0,0,465,379,86,1.0,25
231,1,1,460,435,25,1.0,24
239,0,0,352,452,-100,0.0,23
239,1,1,501,410,91,1.0,24
247,0,0,316,493,-177,0.0,33
247,1,1,366,437,-71,0.0,23
255,0,0,523,321,202,1.0,22
255,1,1,377,417,-40,0.0,26
263,0,0,399,410,-11,0.0,30
263,1,1,404,476,-72,0.0,25
271,0,0,378,340,38,1.0,27
271,1,1,402,356,46,1.0,33
279,0,0,408,420,-12,0.0,23
279,1,1,398,347,51,1.0,25
287,0,0,450,447,3,1.0,25
287,1,1,423,314,109,1.0,27
295,0,0,476,451,25,1.0,26
295,1,1,428,459,-31,0.0,24
303,0,0,430,372,58,1.0,22
303,1,1,359,327,32,1.0,24
311,0,0,437,454,-17,0.0,24
311,1,1,477,381,96,1.0,27
319,0,0,444,514,-70,0.0,23
319,1,1,451,393,58,1.0,24
327,0,0,567,425,142,1.0,23
327,1,1,455,530,-75,0.0,23
335,0,0,401,523,-122,0.0,24
335,1,1,427,392,35,1.0,24
343,0,0,457,496,-39,0.0,24
343,1,1,372,407,-35,0.0,25
351,0,0,384,366,18,1.0,24
351,1,1,457,465,-8,0.0,24
359,0,0,450,508,-58,0.0,24
359,1,1,446,381,65,1.0,24
367,0,0,546,406,140,1.0,20
367,1,1,472,456,16,1.0,23
375,0,0,410,421,-11,0.0,25
375,1,1,501,412,89,1.0,21
383,0,0,413,487,-74,0.0,25
383,1,1,519,464,55,1.0,21
391,0,0,421,492,-71,0.0,21
391,1,1,448,416,32,1.0,25
399,0,0,463,395,68,1.0,27
399,1,1,444,420,24,1.0,22
407,0,0,481,462,19,1.0,21
407,1,1,464,514,-50,0.0,25
415,0,0,381,510,-129,0.0,23
415,1,1,609,397,212,1.0,23
423,0,0,474,443,31,1.0,25
423,1,1,425,406,19,1.0,31
431,0,0,485,451,34,1.0,24
431,1,1,430,357,73,1.0,27
439,0,0,560,366,194,1.0,24
439,1,1,445,487,-42,0.0,23
447,0,0,539,330,209,1.0,26
447,1,1,474,391,83,1.0,22
455,0,0,470,406,64,1.0,26
455,1,1,440,409,31,1.0,26
463,0,0,454,435,19,1.0,23
463,1,1,508,407,101,1.0,22
471,0,0,494,482,12,1.0,23
471,1,1,543,404,139,1.0,24
479,0,0,415,503,-88,0.0,21
479,1,1,516,351,165,1.0,21
487,0,0,431,448,-17,0.0,22
487,1,1,461,459,2,1.0,21
495,0,0,390,398,-8,0.0,35
495,1,1,457,348,109,1.0,30
503,0,0,471,414,57,1.0,30
503,1,1,363,448,-85,0.0,24
511,0,0,414,430,-16,0.0,20
511,1,1,465,449,16,1.0,24
519,0,0,430,453,-23,0.0,31
519,1,1,470,377,93,1.0,26
527,0,0,414,401,13,1.0,36
527,1,1,425,417,8,1.0,21
535,0,0,424,464,-40,0.0,22
535,1,1,455,431,24,1.0,24
543,0,0,448,476,-28,0.0,22
543,1,1,512,385,127,1.0,23
551,0,0,493,413,80,1.0,24
551,1,1,413,469,-56,0.0,21
559,0,0,488,397,91,1.0,24
559,1,1,535,414,121,1.0,23
567,0,0,400,540,-140,0.0,24
567,1,1,498,448,50,1.0,22
575,0,0,592,395,197,1.0,22
575,1,1,386,624,-238,0.0,24
583,0,0,371,509,-138,0.0,24
583,1,1,428,382,46,1.0,24
591,0,0,472,423,49,1.0,24
591,1,1,400,401,-1,0.0,35
599,0,0,493,367,126,1.0,22
599,1,1,406,430,-24,0.0,26
607,0,0,472,430,42,1.0,23
607,1,1,357,463,-106,0.0,25
615,0,0,546,418,128,1.0,21
615,1,1,425,489,-64,0.0,21
623,0,0,398,451,-53,0.0,27
623,1,1,469,309,160,1.0,27
631,0,0,370,451,-81,0.0,28
631,1,1,462,417,45,1.0,26
639,0,0,436,366,70,1.0,26
639,1,1,370,470,-100,0.0,24
647,0,0,433,440,-7,0.0,26
647,1,1,463,363,100,1.0,23
655,0,0,318,468,-150,0.0,27
655,1,1,501,363,138,1.0,23
663,0,0,329,490,-161,0.0,28
663,1,1,505,439,66,1.0,24
671,0,0,371,460,-89,0.0,24
671,1,1,453,384,69,1.0,20
679,0,0,381,541,-160,0.0,19
679,1,1,547,325,222,1.0,19
687,0,0,520,526,-6,0.0,19
687,1,1,454,380,74,1.0,21
695,0,0,484,472,12,1.0,25
695,1,1,523,494,29,1.0,24
703,0,0,454,437,17,1.0,26
703,1,1,460,432,28,1.0,28
711,0,0,405,451,-46,0.0,23
711,1,1,490,413,77,1.0,22
719,0,0,377,394,-17,0.0,24
719,1,1,436,421,15,1.0,25
727,0,0,471,432,39,1.0,30
727,1,1,487,386,101,1.0,35
735,0,0,485,564,-79,0.0,23
735,1,1,485,400,85,1.0,20
743,0,0,518,425,93,1.0,24
743,1,1,466,403,63,1.0,23
751,0,0,315,530,-215,0.0,24
751,1,1,539,416,123,1.0,23
759,0,0,403,405,-2,0.0,27
759,1,1,459,409,50,1.0,25
767,0,0,448,555,-107,0.0,19
767,1,1,440,489,-49,0.0,21
775,0,0,430,414,16,1.0,25
775,1,1,357,410,-53,0.0,25
783,0,0,459,475,-16,0.0,22
783,1,1,451,482,-31,0.0,21
791,0,0,510,355,155,1.0,25
791,1,1,371,621,-250,0.0,26
799,0,0,387,457,-70,0.0,22
799,1,1,519,382,137,1.0,22
807,0,0,453,383,70,1.0,24
807,1,1,399,548,-149,0.0,22
815,0,0,369,501,-132,0.0,25
815,1,1,421,366,55,1.0,29
823,0,0,410,474,-64,0.0,23
823,1,1,309,356,-47,0.0,25
831,0,0,414,441,-27,0.0,27
831,1,1,353,414,-61,0.0,26
839,0,0,394,356,38,1.0,28
839,1,1,411,480,-69,0.0,26
847,0,0,403,392,11,1.0,31
847,1,1,342,481,-139,0.0,30
855,0,0,343,426,-83,0.0,23
855,1,1,428,410,18,1.0,22
863,0,0,468,386,82,1.0,23
863,1,1,434,414,20,1.0,32
871,0,0,415,365,50,1.0,25
871,1,1,571,351,220,1.0,25
879,0,0,307,572,-265,0.0,23
879,1,1,574,348,226,1.0,21
887,0,0,423,557,-134,0.0,25
887,1,1,527,388,139,1.0,23
895,0,0,396,462,-66,0.0,24
895,1,1,394,417,-23,0.0,24
903,0,0,373,593,-220,0.0,25
903,1,1,508,340,168,1.0,26
911,0,0,504,447,57,1.0,20
911,1,1,421,506,-85,0.0,20
919,0,0,434,430,4,1.0,25
919,1,1,416,496,-80,0.0,24
927,0,0,400,429,-29,0.0,28
927,1,1,429,411,18,1.0,29
935,0,0,357,413,-56,0.0,26
935,1,1,442,420,22,1.0,37
943,0,0,400,474,-74,0.0,23
943,1,1,486,409,77,1.0,22
951,0,0,482,331,151,1.0,24
951,1,1,350,515,-165,0.0,24
959,0,0,437,388,49,1.0,28
959,1,1,339,490,-151,0.0,22
967,0,0,406,424,-18,0.0,23
967,1,1,498,410,88,1.0,24
975,0,0,411,478,-67,0.0,21
975,1,1,458,447,11,1.0,23
983,0,0,472,393,79,1.0,23
983,1,1,437,521,-84,0.0,24
991,0,0,419,476,-57,0.0,24
991,1,1,428,450,-22,0.0,25
999,0,0,375,474,-99,0.0,25
999,1,1,506,323,183,1.0,25
1007,0,0,438,482,-44,0.0,24
1007,1,1,477,394,83,1.0,20
1015,0,0,445,429,16,1.0,25
1015,1,1,499,378,121,1.0,32
1023,0,0,512,392,120,1.0,24
1023,1,1,441,387,54,1.0,28
1031,0,0,429,558,-129,0.0,23
1031,1,1,528,363,165,1.0,23
1039,0,0,420,415,5,1.0,27
1039,1,1,422,493,-71,0.0,24
1047,0,0,338,457,-119,0.0,22
1047,1,1,486,425,61,1.0,25
1055,0,0,386,504,-118,0.0,21
1055,1,1,545,389,156,1.0,25
1063,0,0,530,332,198,1.0,26
1063,1,1,342,467,-125,0.0,23
1071,0,0,419,495,-76,0.0,24
1071,1,1,501,398,103,1.0,26
1079,0,0,394,396,-2,0.0,28
1079,1,1,395,410,-15,0.0,27
1087,0,0,386,450,-64,0.0,26
1087,1,1,380,271,109,1.0,27
1095,0,0,483,474,9,1.0,25
1095,1,1,488,407,81,1.0,21
1103,0,0,453,553,-100,0.0,22
1103,1,1,596,439,157,1.0,22
1111,0,0,460,442,18,1.0,23
1111,1,1,520,443,77,1.0,25
1119,0,0,327,449,-122,0.0,27
1119,1,1,494,335,159,1.0,23
1127,0,0,405,443,-38,0.0,23
1127,1,1,439,362,77,1.0,28
1135,0,0,445,469,-24,0.0,25
1135,1,1,414,443,-29,0.0,25
1143,0,0,510,396,114,1.0,24
1143,1,1,386,472,-86,0.0,24
1151,0,0,447,580,-133,0.0,22
1151,1,1,542,447,95,1.0,23
1159,0,0,433,447,-14,0.0,28
1159,1,1,479,417,62,1.0,26
1167,0,0,494,452,42,1.0,22
1167,1,1,354,481,-127,0.0,20
1175,0,0,363,386,-23,0.0,33
1175,1,1,413,362,51,1.0,29
1183,0,0,489,516,-27,0.0,22
1183,1,1,463,434,29,1.0,22
1191,0,0,439,410,29,1.0,25
1191,1,1,382,501,-119,0.0,22
1199,0,0,483,365,118,1.0,23
1199,1,1,299,529,-230,0.0,22
1207,0,0,459,391,68,1.0,26
1207,1,1,430,369,61,1.0,26
1215,0,0,382,446,-64,0.0,27
1215,1,1,327,379,-52,0.0,26
1223,0,0,399,391,8,1.0,29
1223,1,1,460,396,64,1.0,27
1231,0,0,450,492,-42,0.0,21
1231,1,1,415,399,16,1.0,24
1239,0,0,418,541,-123,0.0,24
1239,1,1,474,382,92,1.0,24
1247,0,0,336,482,-146,0.0,24
1247,1,1,446,363,83,1.0,24
1255,0,0,386,496,-110,0.0,25
1255,1,1,438,499,-61,0.0,20
1263,0,0,401,456,-55,0.0,28
1263,1,1,457,411,46,1.0,24
1271,0,0,328,573,-245,0.0,25
1271,1,1,517,359,158,1.0,23
1279,0,0,491,431,60,1.0,22
1279,1,1,489,383,106,1.0,25
1287,0,0,390,406,-16,0.0,23
1287,1,1,463,443,20,1.0,21
1295,0,0,403,522,-119,0.0,22
1295,1,1,510,369,141,1.0,25
1303,0,0,385,502,-117,0.0,24
1303,1,1,541,400,141,1.0,23
1311,0,0,417,472,-55,0.0,21
1311,1,1,474,510,-36,0.0,20
1319,0,0,468,356,112,1.0,22
1319,1,1,369,451,-82,0.0,27
1327,0,0,384,477,-93,0.0,25
1327,1,1,497,338,159,1.0,25
1335,0,0,422,384,38,1.0,23
1335,1,1,392,485,-93,0.0,22
1343,0,0,532,397,135,1.0,24
1343,1,1,423,423,0,0.5,24
1351,0,0,413,488,-75,0.0,21
1351,1,1,518,386,132,1.0,23
1359,0,0,298,532,-234,0.0,25
1359,1,1,508,388,120,1.0,29
1367,0,0,451,583,-132,0.0,26
1367,1,1,470,334,136,1.0,22
1375,0,0,366,422,-56,0.0,23
1375,1,1,443,437,6,1.0,22
1383,0,0,416,493,-77,0.0,25
1383,1,1,445,435,10,1.0,22
1391,0,0,543,364,179,1.0,22
1391,1,1,404,471,-67,0.0,20
1399,0,0,489,414,75,1.0,21
1399,1,1,463,468,-5,0.0,20
1407,0,0,354,369,-15,0.0,28
1407,1,1,447,379,68,1.0,21
1415,0,0,490,492,-2,0.0,22
1415,1,1,407,481,-74,0.0,22
1423,0,0,337,424,-87,0.0,28
1423,1,1,490,370,120,1.0,26
1431,0,0,373,429,-56,0.0,29
1431,1,1,473,435,38,1.0,22
1439,0,0,472,467,5,1.0,24
1439,1,1,337,396,-59,0.0,32
1447,0,0,383,514,-131,0.0,25
1447,1,1,475,402,73,1.0,23
1455,0,0,457,416,41,1.0,27
1455,1,1,446,476,-30,0.0,22
1463,0,0,511,451,60,1.0,24
1463,1,1,426,461,-35,0.0,26
1471,0,0,519,562,-43,0.0,21
1471,1,1,493,541,-48,0.0,20
1479,0,0,415,525,-110,0.0,26
1479,1,1,464,422,42,1.0,25
1487,0,0,404,470,-66,0.0,23
1487,1,1,503,402,101,1.0,22
1495,0,0,431,548,-117,0.0,20
1495,1,1,535,384,151,1.0,21
1503,0,0,386,439,-53,0.0,27
1503,1,1,528,418,110,1.0,23
1511,0,0,362,454,-92,0.0,25
1511,1,1,447,446,1,1.0,24
1519,0,0,326,507,-181,0.0,27
1519,1,1,439,397,42,1.0,31
1527,0,0,496,456,40,1.0,22
1527,1,1,435,444,-9,0.0,22
1535,0,0,454,535,-81,0.0,23
1535,1,1,535,454,81,1.0,23
1543,0,0,417,486,-69,0.0,21
1543,1,1,533,468,65,1.0,20
1551,0,0,465,386,79,1.0,23
1551,1,1,427,414,13,1.0,21
1559,0,0,421,525,-104,0.0,23
1559,1,1,383,431,-48,0.0,26
1567,0,0,404,391,13,1.0,28
1567,1,1,496,388,108,1.0,25
1575,0,0,415,462,-47,0.0,24
1575,1,1,404,404,0,0.5,30
1583,0,0,383,481,-98,0.0,19
1583,1,1,480,418,62,1.0,21
1591,0,0,380,353,27,1.0,34
1591,1,1,455,347,108,1.0,27
1599,0,0,427,418,9,1.0,22
1599,1,1,453,369,84,1.0,25
1607,0,0,394,444,-50,0.0,27
1607,1,1,442,379,63,1.0,29
1615,0,0,397,435,-38,0.0,27
1615,1,1,381,370,11,1.0,32
1623,0,0,526,460,66,1.0,22
1623,1,1,460,526,-66,0.0,22
1631,0,0,373,413,-40,0.0,27
1631,1,1,543,426,117,1.0,23
1639,0,0,429,324,105,1.0,30
1639,1,1,393,394,-1,0.0,26
1647,0,0,459,440,19,1.0,28
1647,1,1,464,479,-15,0.0,24
1655,0,0,354,531,-177,0.0,25
1655,1,1,558,331,227,1.0,21
1663,0,0,437,381,56,1.0,24
1663,1,1,382,578,-196,0.0,24
1671,0,0,441,452,-11,0.0,21
1671,1,1,488,497,-9,0.0,21
1679,0,0,423,510,-87,0.0,21
1679,1,1,464,374,90,1.0,23
1687,0,0,481,420,61,1.0,23
1687,1,1,492,515,-23,0.0,22
1695,0,0,429,313,116,1.0,26
1695,1,1,370,385,-15,0.0,32
1703,0,0,456,481,-25,0.0,23
1703,1,1,478,434,44,1.0,22
1711,0,0,456,465,-9,0.0,29
1711,1,1,441,382,59,1.0,23
1719,0,0,396,536,-140,0.0,32
1719,1,1,484,297,187,1.0,27
1727,0,0,345,431,-86,0.0,23
1727,1,1,568,374,194,1.0,21
1735,0,0,429,414,15,1.0,21
1735,1,1,508,413,95,1.0,25
1743,0,0,377,370,7,1.0,33
1743,1,1,367,433,-66,0.0,23
1751,0,0,405,390,15,1.0,23
1751,1,1,414,412,2,1.0,23
1759,0,0,510,564,-54,0.0,21
1759,1,1,463,474,-11,0.0,25
1767,0,0,432,355,77,1.0,26
1767,1,1,338,441,-103,0.0,22
1775,0,0,437,440,-3,0.0,25
1775,1,1,393,417,-24,0.0,26
1783,0,0,383,465,-82,0.0,24
1783,1,1,442,450,-8,0.0,28
1791,0,0,420,500,-80,0.0,22
1791,1,1,425,374,51,1.0,26
1799,0,0,404,531,-127,0.0,25
1799,1,1,521,397,124,1.0,25
1807,0,0,414,434,-20,0.0,32
1807,1,1,463,437,26,1.0,23
1815,0,0,382,446,-64,0.0,23
1815,1,1,557,421,136,1.0,27
1823,0,0,451,409,42,1.0,21
1823,1,1,431,435,-4,0.0,21
1831,0,0,562,285,277,1.0,21
1831,1,1,424,416,8,1.0,24
1839,0,0,452,419,33,1.0,27
1839,1,1,353,369,-16,0.0,30
1847,0,0,467,488,-21,0.0,27
1847,1,1,473,375,98,1.0,29
1855,0,0,363,428,-65,0.0,26
1855,1,1,493,433,60,1.0,23
1863,0,0,366,485,-119,0.0,26
1863,1,1,424,377,47,1.0,25
1871,0,0,386,516,-130,0.0,27
1871,1,1,612,327,285,1.0,19
1879,0,0,442,599,-157,0.0,22
1879,1,1,473,462,11,1.0,25
1887,0,0,438,486,-48,0.0,24
1887,1,1,589,401,188,1.0,22
1895,0,0,461,458,3,1.0,26
1895,1,1,453,529,-76,0.0,23
1903,0,0,482,454,28,1.0,23
1903,1,1,413,489,-76,0.0,22
1911,0,0,344,489,-145,0.0,27
1911,1,1,382,379,3,1.0,30
1919,0,0,430,530,-100,0.0,24
1919,1,1,334,427,-93,0.0,23
1927,0,0,408,412,-4,0.0,21
1927,1,1,520,412,108,1.0,23
1935,0,0,495,521,-26,0.0,21
1935,1,1,503,529,-26,0.0,22
1943,0,0,333,423,-90,0.0,27
1943,1,1,418,314,104,1.0,27
1951,0,0,416,520,-104,0.0,28
1951,1,1,437,327,110,1.0,28
1959,0,0,448,405,43,1.0,28
1959,1,1,493,467,26,1.0,32
1967,0,0,448,391,57,1.0,25
1967,1,1,455,436,19,1.0,25
1975,0,0,501,375,126,1.0,26
1975,1,1,406,473,-67,0.0,23
1983,0,0,378,479,-101,0.0,23
1983,1,1,513,436,77,1.0,23
1991,0,0,357,478,-121,0.0,26
1991,1,1,432,411,21,1.0,24
1999,0,0,489,430,59,1.0,24
1999,1,1,427,489,-62,0.0,22
