pair,game,a_seat,a_score,b_score,a_spread,a_win,turns
0,0,0,471,410,61,1.0,23
0,1,1,417,539,-122,0.0,21
8,0,0,358,400,-42,0.0,24
8,1,1,409,466,-57,0.0,23
16,0,0,460,400,60,1.0,24
16,1,1,448,428,20,1.0,24
24,0,0,450,421,29,1.0,22
24,1,1,431,480,-49,0.0,21
32,0,0,495,433,62,1.0,21
32,1,1,341,447,-106,0.0,21
40,0,0,691,425,266,1.0,19
40,1,1,404,615,-211,0.0,23
48,0,0,470,391,79,1.0,23
48,1,1,458,428,30,1.0,20
56,0,0,454,375,79,1.0,23
56,1,1,444,473,-29,0.0,21
64,0,0,411,442,-31,0.0,26
64,1,1,453,366,87,1.0,24
72,0,0,525,398,127,1.0,22
72,1,1,377,545,-168,0.0,27
80,0,0,382,461,-79,0.0,26
80,1,1,474,399,75,1.0,27
88,0,0,542,452,90,1.0,22
88,1,1,278,529,-251,0.0,21
96,0,0,490,576,-86,0.0,25
96,1,1,420,329,91,1.0,28
104,0,0,443,419,24,1.0,23
104,1,1,446,390,56,1.0,27
112,0,0,414,335,79,1.0,24
112,1,1,411,424,-13,0.0,24
120,0,0,462,371,91,1.0,21
120,1,1,350,555,-205,0.0,21
128,0,0,468,414,54,1.0,22
128,1,1,383,451,-68,0.0,23
136,0,0,449,475,-26,0.0,24
136,1,1,404,502,-98,0.0,23
144,0,0,513,390,123,1.0,25
144,1,1,401,508,-107,0.0,24
152,0,0,433,366,67,1.0,24
152,1,1,410,499,-89,0.0,25
160,0,0,397,455,-58,0.0,26
160,1,1,469,435,34,1.0,23
168,0,0,575,341,234,1.0,24
168,1,1,390,536,-146,0.0,24
176,0,0,427,430,-3,0.0,23
176,1,1,524,456,68,1.0,21
184,0,0,547,338,209,1.0,22
184,1,1,382,522,-140,0.0,27
192,0,0,346,460,-114,0.0,24
192,1,1,517,540,-23,0.0,22
200,0,0,449,484,-35,0.0,23
200,1,1,360,452,-92,0.0,25
208,0,0,384,482,-98,0.0,23
208,1,1,454,443,11,1.0,22
216,0,0,483,444,39,1.0,24
216,1,1,462,462,0,0.5,23
224,0,0,427,415,12,1.0,20
224,1,1,516,509,7,1.0,21
232,0,0,471,498,-27,0.0,21
232,1,1,408,389,19,1.0,28
240,0,0,423,459,-36,0.0,20
240,1,1,473,440,33,1.0,23
248,0,0,393,405,-12,0.0,22
248,1,1,450,492,-42,0.0,24
256,0,0,497,522,-25,0.0,20
256,1,1,531,445,86,1.0,23
264,0,0,477,467,10,1.0,20
264,1,1,453,528,-75,0.0,24
272,0,0,452,411,41,1.0,24
272,1,1,394,511,-117,0.0,22
280,0,0,539,432,107,1.0,21
280,1,1,458,566,-108,0.0,24
288,0,0,437,599,-162,0.0,24
288,1,1,524,405,119,1.0,23
296,0,0,470,469,1,1.0,23
296,1,1,592,392,200,1.0,24
304,0,0,465,388,77,1.0,25
304,1,1,343,411,-68,0.0,23
312,0,0,511,420,91,1.0,21
312,1,1,451,522,-71,0.0,22
320,0,0,507,390,117,1.0,23
320,1,1,384,434,-50,0.0,25
328,0,0,471,396,75,1.0,27
328,1,1,472,477,-5,0.0,25
336,0,0,521,474,47,1.0,23
336,1,1,372,488,-116,0.0,23
344,0,0,437,404,33,1.0,23
344,1,1,400,426,-26,0.0,24
352,0,0,561,409,152,1.0,19
352,1,1,456,368,88,1.0,22
360,0,0,586,396,190,1.0,23
360,1,1,450,527,-77,0.0,22
368,0,0,357,509,-152,0.0,21
368,1,1,476,362,114,1.0,24
376,0,0,488,378,110,1.0,28
376,1,1,414,390,24,1.0,22
384,0,0,512,485,27,1.0,22
384,1,1,465,504,-39,0.0,21
392,0,0,494,358,136,1.0,21
392,1,1,390,511,-121,0.0,25
400,0,0,367,428,-61,0.0,24
400,1,1,605,363,242,1.0,22
408,0,0,506,365,141,1.0,25
408,1,1,345,494,-149,0.0,22
416,0,0,520,389,131,1.0,23
416,1,1,406,436,-30,0.0,25
424,0,0,412,493,-81,0.0,24
424,1,1,436,509,-73,0.0,22
432,0,0,551,339,212,1.0,23
432,1,1,483,498,-15,0.0,22
440,0,0,518,409,109,1.0,23
440,1,1,400,406,-6,0.0,25
448,0,0,449,336,113,1.0,25
448,1,1,338,489,-151,0.0,23
456,0,0,521,446,75,1.0,22
456,1,1,400,447,-47,0.0,21
464,0,0,305,621,-316,0.0,28
464,1,1,434,347,87,1.0,26
472,0,0,399,512,-113,0.0,24
472,1,1,400,373,27,1.0,33
480,0,0,449,406,43,1.0,21
480,1,1,394,451,-57,0.0,21
488,0,0,469,360,109,1.0,23
488,1,1,413,522,-109,0.0,25
496,0,0,425,431,-6,0.0,26
496,1,1,424,441,-17,0.0,35
504,0,0,534,421,113,1.0,21
504,1,1,457,418,39,1.0,21
512,0,0,411,368,43,1.0,28
512,1,1,354,533,-179,0.0,23
520,0,0,431,478,-47,0.0,23
520,1,1,471,399,72,1.0,26
528,0,0,508,313,195,1.0,21
528,1,1,396,404,-8,0.0,24
536,0,0,435,468,-33,0.0,24
536,1,1,561,410,151,1.0,22
544,0,0,503,361,142,1.0,24
544,1,1,296,533,-237,0.0,26
552,0,0,525,476,49,1.0,22
552,1,1,333,575,-242,0.0,25
560,0,0,379,523,-144,0.0,22
560,1,1,410,472,-62,0.0,23
568,0,0,383,430,-47,0.0,22
568,1,1,428,465,-37,0.0,25
576,0,0,399,535,-136,0.0,23
576,1,1,453,410,43,1.0,21
584,0,0,383,491,-108,0.0,22
584,1,1,405,435,-30,0.0,23
592,0,0,580,350,230,1.0,19
592,1,1,352,444,-92,0.0,25
600,0,0,526,436,90,1.0,20
600,1,1,513,472,41,1.0,23
608,0,0,372,496,-124,0.0,22
608,1,1,497,449,48,1.0,21
616,0,0,512,434,78,1.0,25
616,1,1,484,423,61,1.0,22
624,0,0,414,451,-37,0.0,24
624,1,1,429,426,3,1.0,26
632,0,0,401,430,-29,0.0,23
632,1,1,377,511,-134,0.0,24
640,0,0,455,513,-58,0.0,21
640,1,1,422,452,-30,0.0,20
648,0,0,492,353,139,1.0,28
648,1,1,363,562,-199,0.0,24
656,0,0,546,398,148,1.0,21
656,1,1,345,550,-205,0.0,21
664,0,0,404,502,-98,0.0,20
664,1,1,411,375,36,1.0,22
672,0,0,436,462,-26,0.0,23
672,1,1,445,445,0,0.5,24
680,0,0,451,456,-5,0.0,22
680,1,1,370,527,-157,0.0,22
688,0,0,404,292,112,1.0,25
688,1,1,380,549,-169,0.0,23
696,0,0,510,396,114,1.0,22
696,1,1,430,516,-86,0.0,22
704,0,0,361,411,-50,0.0,22
704,1,1,479,340,139,1.0,24
712,0,0,504,426,78,1.0,24
712,1,1,385,523,-138,0.0,23
720,0,0,506,513,-7,0.0,20
720,1,1,480,500,-20,0.0,21
728,0,0,437,426,11,1.0,25
728,1,1,426,340,86,1.0,27
736,0,0,501,431,70,1.0,23
736,1,1,419,494,-75,0.0,23
744,0,0,545,366,179,1.0,24
744,1,1,321,524,-203,0.0,25
752,0,0,506,498,8,1.0,24
752,1,1,417,530,-113,0.0,21
760,0,0,419,410,9,1.0,21
760,1,1,460,503,-43,0.0,21
768,0,0,563,362,201,1.0,25
768,1,1,362,619,-257,0.0,23
776,0,0,545,454,91,1.0,23
776,1,1,536,493,43,1.0,25
784,0,0,405,405,0,0.5,25
784,1,1,399,358,41,1.0,27
792,0,0,377,402,-25,0.0,25
792,1,1,566,486,80,1.0,18
800,0,0,468,343,125,1.0,23
800,1,1,388,403,-15,0.0,21
808,0,0,544,420,124,1.0,20
808,1,1,447,507,-60,0.0,23
816,0,0,521,314,207,1.0,27
816,1,1,336,473,-137,0.0,25
824,0,0,519,423,96,1.0,23
824,1,1,384,418,-34,0.0,24
832,0,0,448,389,59,1.0,26
832,1,1,416,387,29,1.0,26
840,0,0,502,438,64,1.0,21
840,1,1,445,452,-7,0.0,24
848,0,0,501,425,76,1.0,22
848,1,1,448,463,-15,0.0,23
856,0,0,582,458,124,1.0,20
856,1,1,408,525,-117,0.0,19
864,0,0,382,466,-84,0.0,23
864,1,1,443,495,-52,0.0,24
872,0,0,424,380,44,1.0,26
872,1,1,358,471,-113,0.0,21
880,0,0,499,360,139,1.0,21
880,1,1,420,531,-111,0.0,22
888,0,0,422,378,44,1.0,27
888,1,1,450,395,55,1.0,24
896,0,0,351,444,-93,0.0,21
896,1,1,545,398,147,1.0,22
904,0,0,377,500,-123,0.0,22
904,1,1,479,436,43,1.0,23
912,0,0,504,301,203,1.0,37
912,1,1,334,556,-222,0.0,23
920,0,0,451,515,-64,0.0,24
920,1,1,491,397,94,1.0,24
928,0,0,407,465,-58,0.0,25
928,1,1,474,473,1,1.0,20
936,0,0,475,459,16,1.0,23
936,1,1,426,436,-10,0.0,23
944,0,0,431,438,-7,0.0,23
944,1,1,540,406,134,1.0,24
952,0,0,378,408,-30,0.0,25
952,1,1,454,411,43,1.0,25
960,0,0,453,386,67,1.0,21
960,1,1,411,425,-14,0.0,29
968,0,0,467,432,35,1.0,24
968,1,1,454,581,-127,0.0,24
976,0,0,439,417,22,1.0,21
976,1,1,380,361,19,1.0,25
984,0,0,423,365,58,1.0,27
984,1,1,487,480,7,1.0,22
992,0,0,413,534,-121,0.0,22
992,1,1,511,321,190,1.0,22
1000,0,0,431,419,12,1.0,22
1000,1,1,396,449,-53,0.0,22
1008,0,0,342,535,-193,0.0,26
1008,1,1,541,456,85,1.0,22
1016,0,0,429,428,1,1.0,22
1016,1,1,434,415,19,1.0,25
1024,0,0,365,446,-81,0.0,28
1024,1,1,485,352,133,1.0,26
1032,0,0,341,443,-102,0.0,25
1032,1,1,396,430,-34,0.0,27
1040,0,0,456,460,-4,0.0,24
1040,1,1,524,523,1,1.0,21
1048,0,0,538,409,129,1.0,25
1048,1,1,367,561,-194,0.0,25
1056,0,0,329,606,-277,0.0,26
1056,1,1,535,337,198,1.0,24
1064,0,0,388,532,-144,0.0,23
1064,1,1,416,348,68,1.0,27
1072,0,0,495,382,113,1.0,22
1072,1,1,413,500,-87,0.0,21
1080,0,0,508,419,89,1.0,22
1080,1,1,479,513,-34,0.0,20
1088,0,0,477,335,142,1.0,26
1088,1,1,389,495,-106,0.0,21
1096,0,0,440,501,-61,0.0,21
1096,1,1,432,492,-60,0.0,23
1104,0,0,416,648,-232,0.0,22
1104,1,1,516,515,1,1.0,21
1112,0,0,476,479,-3,0.0,22
1112,1,1,429,458,-29,0.0,23
1120,0,0,465,459,6,1.0,21
1120,1,1,441,449,-8,0.0,21
1128,0,0,587,416,171,1.0,23
1128,1,1,364,401,-37,0.0,23
1136,0,0,472,358,114,1.0,21
1136,1,1,473,390,83,1.0,22
1144,0,0,446,374,72,1.0,22
1144,1,1,409,505,-96,0.0,22
1152,0,0,396,372,24,1.0,25
1152,1,1,419,481,-62,0.0,24
1160,0,0,392,548,-156,0.0,22
1160,1,1,414,375,39,1.0,21
1168,0,0,315,543,-228,0.0,20
1168,1,1,508,357,151,1.0,25
1176,0,0,463,314,149,1.0,23
1176,1,1,328,430,-102,0.0,19
1184,0,0,392,410,-18,0.0,25
1184,1,1,370,436,-66,0.0,23
1192,0,0,416,519,-103,0.0,24
1192,1,1,492,406,86,1.0,22
1200,0,0,531,511,20,1.0,22
1200,1,1,373,467,-94,0.0,23
1208,0,0,482,411,71,1.0,25
1208,1,1,400,516,-116,0.0,28
1216,0,0,433,450,-17,0.0,24
1216,1,1,479,356,123,1.0,22
1224,0,0,379,441,-62,0.0,25
1224,1,1,430,428,2,1.0,24
1232,0,0,403,424,-21,0.0,24
1232,1,1,416,527,-111,0.0,21
1240,0,0,465,470,-5,0.0,24
1240,1,1,481,455,26,1.0,23
1248,0,0,420,445,-25,0.0,22
1248,1,1,572,422,150,1.0,23
1256,0,0,385,456,-71,0.0,26
1256,1,1,439,451,-12,0.0,23
1264,0,0,484,414,70,1.0,23
1264,1,1,369,451,-82,0.0,25
1272,0,0,432,490,-58,0.0,23
1272,1,1,457,410,47,1.0,22
1280,0,0,514,430,84,1.0,23
1280,1,1,430,481,-51,0.0,22
1288,0,0,450,510,-60,0.0,22
1288,1,1,417,409,8,1.0,22
1296,0,0,383,517,-134,0.0,22
1296,1,1,366,360,6,1.0,32
1304,0,0,493,460,33,1.0,23
1304,1,1,451,436,15,1.0,24
1312,0,0,480,454,26,1.0,25
1312,1,1,479,549,-70,0.0,23
1320,0,0,367,476,-109,0.0,25
1320,1,1,451,426,25,1.0,27
1328,0,0,453,341,112,1.0,26
1328,1,1,374,409,-35,0.0,29
1336,0,0,486,519,-33,0.0,20
1336,1,1,437,558,-121,0.0,23
1344,0,0,492,414,78,1.0,20
1344,1,1,472,516,-44,0.0,21
1352,0,0,452,499,-47,0.0,25
1352,1,1,418,397,21,1.0,22
1360,0,0,438,491,-53,0.0,24
1360,1,1,465,477,-12,0.0,24
1368,0,0,443,412,31,1.0,23
1368,1,1,450,528,-78,0.0,24
1376,0,0,475,345,130,1.0,25
1376,1,1,417,470,-53,0.0,22
1384,0,0,401,432,-31,0.0,27
1384,1,1,399,395,4,1.0,23
1392,0,0,525,406,119,1.0,26
1392,1,1,440,596,-156,0.0,21
1400,0,0,456,440,16,1.0,21
1400,1,1,423,419,4,1.0,25
1408,0,0,538,434,104,1.0,22
1408,1,1,397,462,-65,0.0,23
1416,0,0,389,451,-62,0.0,20
1416,1,1,385,461,-76,0.0,26
1424,0,0,492,403,89,1.0,23
1424,1,1,410,424,-14,0.0,27
1432,0,0,495,330,165,1.0,23
1432,1,1,566,524,42,1.0,23
1440,0,0,441,373,68,1.0,22
1440,1,1,408,398,10,1.0,24
1448,0,0,463,422,41,1.0,24
1448,1,1,396,440,-44,0.0,23
1456,0,0,335,400,-65,0.0,27
1456,1,1,380,559,-179,0.0,23
1464,0,0,395,476,-81,0.0,25
1464,1,1,524,482,42,1.0,23
1472,0,0,502,423,79,1.0,21
1472,1,1,391,539,-148,0.0,23
1480,0,0,452,443,9,1.0,21
1480,1,1,443,452,-9,0.0,21
1488,0,0,375,423,-48,0.0,23
1488,1,1,458,396,62,1.0,24
1496,0,0,554,411,143,1.0,21
1496,1,1,366,532,-166,0.0,24
1504,0,0,392,502,-110,0.0,22
1504,1,1,403,419,-16,0.0,25
1512,0,0,435,393,42,1.0,34
1512,1,1,387,360,27,1.0,29
1520,0,0,498,457,41,1.0,24
1520,1,1,488,450,38,1.0,22
1528,0,0,413,493,-80,0.0,24
1528,1,1,475,408,67,1.0,22
1536,0,0,507,500,7,1.0,20
1536,1,1,469,474,-5,0.0,21
1544,0,0,409,472,-63,0.0,22
1544,1,1,417,402,15,1.0,24
1552,0,0,503,334,169,1.0,25
1552,1,1,577,388,189,1.0,22
1560,0,0,393,520,-127,0.0,22
1560,1,1,512,383,129,1.0,24
1568,0,0,432,380,52,1.0,23
1568,1,1,451,505,-54,0.0,22
1576,0,0,449,394,55,1.0,28
1576,1,1,322,536,-214,0.0,24
1584,0,0,376,377,-1,0.0,25
1584,1,1,333,375,-42,0.0,26
1592,0,0,434,340,94,1.0,23
1592,1,1,389,528,-139,0.0,21
1600,0,0,443,431,12,1.0,22
1600,1,1,421,484,-63,0.0,20
1608,0,0,396,434,-38,0.0,26
1608,1,1,464,412,52,1.0,24
1616,0,0,434,424,10,1.0,24
1616,1,1,365,472,-107,0.0,25
1624,0,0,469,440,29,1.0,21
1624,1,1,397,561,-164,0.0,19
1632,0,0,465,359,106,1.0,24
1632,1,1,489,419,70,1.0,23
1640,0,0,440,419,21,1.0,24
1640,1,1,394,541,-147,0.0,25
1648,0,0,492,379,113,1.0,25
1648,1,1,369,514,-145,0.0,24
1656,0,0,467,444,23,1.0,20
1656,1,1,394,499,-105,0.0,21
1664,0,0,361,495,-134,0.0,24
1664,1,1,478,464,14,1.0,21
1672,0,0,577,355,222,1.0,21
1672,1,1,352,499,-147,0.0,21
1680,0,0,484,416,68,1.0,23
1680,1,1,406,523,-117,0.0,23
1688,0,0,492,355,137,1.0,24
1688,1,1,356,481,-125,0.0,25
1696,0,0,534,421,113,1.0,22
1696,1,1,437,550,-113,0.0,24
1704,0,0,342,334,8,1.0,48
1704,1,1,417,430,-13,0.0,26
1712,0,0,460,443,17,1.0,28
1712,1,1,405,418,-13,0.0,25
1720,0,0,450,442,8,1.0,25
1720,1,1,453,494,-41,0.0,25
1728,0,0,406,440,-34,0.0,22
1728,1,1,412,366,46,1.0,24
1736,0,0,507,353,154,1.0,25
1736,1,1,580,499,81,1.0,21
1744,0,0,453,493,-40,0.0,21
1744,1,1,447,488,-41,0.0,19
1752,0,0,367,425,-58,0.0,23
1752,1,1,507,420,87,1.0,23
1760,0,0,538,424,114,1.0,22
1760,1,1,523,428,95,1.0,25
1768,0,0,399,457,-58,0.0,21
1768,1,1,541,402,139,1.0,25
1776,0,0,400,467,-67,0.0,26
1776,1,1,379,487,-108,0.0,23
1784,0,0,360,523,-163,0.0,25
1784,1,1,574,416,158,1.0,24
1792,0,0,457,472,-15,0.0,23
1792,1,1,553,448,105,1.0,26
1800,0,0,414,356,58,1.0,22
1800,1,1,421,396,25,1.0,25
1808,0,0,458,438,20,1.0,25
1808,1,1,471,436,35,1.0,23
1816,0,0,347,391,-44,0.0,29
1816,1,1,424,433,-9,0.0,24
1824,0,0,479,427,52,1.0,23
1824,1,1,386,544,-158,0.0,23
1832,0,0,451,470,-19,0.0,20
1832,1,1,357,432,-75,0.0,24
1840,0,0,497,526,-29,0.0,25
1840,1,1,486,527,-41,0.0,23
1848,0,0,435,433,2,1.0,22
1848,1,1,455,435,20,1.0,21
1856,0,0,404,431,-27,0.0,23
1856,1,1,390,445,-55,0.0,25
1864,0,0,542,438,104,1.0,23
1864,1,1,375,487,-112,0.0,23
1872,0,0,528,450,78,1.0,22
1872,1,1,351,410,-59,0.0,23
1880,0,0,411,545,-134,0.0,20
1880,1,1,589,441,148,1.0,20
1888,0,0,511,390,121,1.0,26
1888,1,1,411,368,43,1.0,22
1896,0,0,426,381,45,1.0,24
1896,1,1,461,457,4,1.0,20
1904,0,0,546,439,107,1.0,22
1904,1,1,415,447,-32,0.0,22
1912,0,0,462,460,2,1.0,22
1912,1,1,537,405,132,1.0,22
1920,0,0,458,446,12,1.0,23
1920,1,1,399,493,-94,0.0,23
1928,0,0,509,297,212,1.0,25
1928,1,1,409,527,-118,0.0,23
1936,0,0,464,285,179,1.0,27
1936,1,1,394,436,-42,0.0,25
1944,0,0,484,560,-76,0.0,22
1944,1,1,389,442,-53,0.0,27
1952,0,0,472,401,71,1.0,22
1952,1,1,414,539,-125,0.0,20
1960,0,0,492,454,38,1.0,26
1960,1,1,417,516,-99,0.0,23
1968,0,0,526,378,148,1.0,24
1968,1,1,408,502,-94,0.0,25
1976,0,0,512,408,104,1.0,19
1976,1,1,362,504,-142,0.0,21
1984,0,0,435,512,-77,0.0,26
1984,1,1,395,400,-5,0.0,23
1992,0,0,447,455,-8,0.0,22
1992,1,1,507,509,-2,0.0,22
pair,game,a_seat,a_score,b_score,a_spread,a_win,turns
1,0,0,558,441,117,1.0,22
1,1,1,362,504,-142,0.0,22
9,0,0,449,412,37,1.0,18
9,1,1,433,365,68,1.0,23
17,0,0,445,475,-30,0.0,22
17,1,1,561,444,117,1.0,23
25,0,0,409,451,-42,0.0,26
25,1,1,486,419,67,1.0,25
33,0,0,315,525,-210,0.0,25
33,1,1,618,357,261,1.0,22
41,0,0,408,429,-21,0.0,24
41,1,1,530,325,205,1.0,23
49,0,0,440,446,-6,0.0,21
49,1,1,503,452,51,1.0,23
57,0,0,425,418,7,1.0,26
57,1,1,405,398,7,1.0,25
65,0,0,315,604,-289,0.0,23
65,1,1,474,417,57,1.0,24
73,0,0,382,441,-59,0.0,22
73,1,1,450,447,3,1.0,23
81,0,0,418,441,-23,0.0,22
81,1,1,443,404,39,1.0,37
89,0,0,490,449,41,1.0,22
89,1,1,478,510,-32,0.0,24
97,0,0,425,566,-141,0.0,21
97,1,1,402,434,-32,0.0,25
105,0,0,510,417,93,1.0,19
105,1,1,380,506,-126,0.0,23
113,0,0,516,468,48,1.0,27
113,1,1,445,491,-46,0.0,23
121,0,0,456,405,51,1.0,21
121,1,1,311,442,-131,0.0,22
129,0,0,454,400,54,1.0,23
129,1,1,319,635,-316,0.0,20
137,0,0,423,413,10,1.0,23
137,1,1,378,572,-194,0.0,22
145,0,0,528,363,165,1.0,22
145,1,1,386,514,-128,0.0,22
153,0,0,470,370,100,1.0,25
153,1,1,377,461,-84,0.0,24
161,0,0,479,507,-28,0.0,24
161,1,1,406,467,-61,0.0,23
169,0,0,449,506,-57,0.0,24
169,1,1,505,505,0,0.5,23
177,0,0,497,430,67,1.0,27
177,1,1,413,429,-16,0.0,22
185,0,0,422,439,-17,0.0,23
185,1,1,443,488,-45,0.0,25
193,0,0,353,471,-118,0.0,25
193,1,1,446,441,5,1.0,26
201,0,0,442,460,-18,0.0,22
201,1,1,431,462,-31,0.0,23
209,0,0,522,508,14,1.0,21
209,1,1,505,405,100,1.0,20
217,0,0,452,488,-36,0.0,21
217,1,1,474,418,56,1.0,22
225,0,0,379,547,-168,0.0,20
225,1,1,559,402,157,1.0,22
233,0,0,465,462,3,1.0,24
233,1,1,353,490,-137,0.0,23
241,0,0,507,396,111,1.0,22
241,1,1,404,407,-3,0.0,24
249,0,0,440,383,57,1.0,23
249,1,1,391,566,-175,0.0,21
257,0,0,387,519,-132,0.0,25
257,1,1,491,318,173,1.0,26
265,0,0,445,489,-44,0.0,24
265,1,1,493,412,81,1.0,22
273,0,0,458,424,34,1.0,22
273,1,1,506,426,80,1.0,21
281,0,0,468,430,38,1.0,23
281,1,1,488,479,9,1.0,22
289,0,0,439,453,-14,0.0,28
289,1,1,481,390,91,1.0,25
297,0,0,496,466,30,1.0,23
297,1,1,387,421,-34,0.0,23
305,0,0,428,502,-74,0.0,23
305,1,1,343,431,-88,0.0,29
313,0,0,495,473,22,1.0,23
313,1,1,508,512,-4,0.0,23
321,0,0,485,438,47,1.0,22
321,1,1,447,389,58,1.0,24
329,0,0,521,462,59,1.0,24
329,1,1,468,515,-47,0.0,22
337,0,0,500,365,135,1.0,23
337,1,1,351,468,-117,0.0,28
345,0,0,454,519,-65,0.0,20
345,1,1,503,392,111,1.0,25
353,0,0,448,422,26,1.0,26
353,1,1,437,401,36,1.0,26
361,0,0,401,394,7,1.0,27
361,1,1,372,424,-52,0.0,23
369,0,0,314,498,-184,0.0,33
369,1,1,474,399,75,1.0,23
377,0,0,464,421,43,1.0,20
377,1,1,558,311,247,1.0,21
385,0,0,359,469,-110,0.0,23
385,1,1,551,338,213,1.0,23
393,0,0,356,448,-92,0.0,24
393,1,1,384,397,-13,0.0,23
401,0,0,482,487,-5,0.0,22
401,1,1,523,395,128,1.0,23
409,0,0,498,433,65,1.0,25
409,1,1,482,437,45,1.0,22
417,0,0,514,491,23,1.0,24
417,1,1,464,519,-55,0.0,21
425,0,0,464,407,57,1.0,26
425,1,1,447,410,37,1.0,24
433,0,0,339,537,-198,0.0,24
433,1,1,568,357,211,1.0,20
441,0,0,373,593,-220,0.0,21
441,1,1,467,465,2,1.0,21
449,0,0,415,605,-190,0.0,21
449,1,1,520,353,167,1.0,21
457,0,0,407,452,-45,0.0,21
457,1,1,463,392,71,1.0,21
465,0,0,412,423,-11,0.0,27
465,1,1,455,377,78,1.0,25
473,0,0,516,489,27,1.0,21
473,1,1,454,412,42,1.0,23
481,0,0,422,506,-84,0.0,20
481,1,1,453,427,26,1.0,20
489,0,0,449,427,22,1.0,25
489,1,1,340,412,-72,0.0,22
497,0,0,463,555,-92,0.0,25
497,1,1,386,493,-107,0.0,23
505,0,0,573,402,171,1.0,19
505,1,1,406,511,-105,0.0,19
513,0,0,510,441,69,1.0,23
513,1,1,349,440,-91,0.0,23
521,0,0,453,457,-4,0.0,21
521,1,1,389,447,-58,0.0,24
529,0,0,367,562,-195,0.0,25
529,1,1,530,266,264,1.0,25
537,0,0,372,471,-99,0.0,24
537,1,1,507,374,133,1.0,23
545,0,0,480,429,51,1.0,24
545,1,1,541,426,115,1.0,25
553,0,0,464,512,-48,0.0,22
553,1,1,461,440,21,1.0,22
561,0,0,355,462,-107,0.0,26
561,1,1,294,489,-195,0.0,22
569,0,0,414,433,-19,0.0,24
569,1,1,351,463,-112,0.0,24
577,0,0,493,418,75,1.0,24
577,1,1,343,412,-69,0.0,28
585,0,0,514,440,74,1.0,24
585,1,1,397,401,-4,0.0,24
593,0,0,390,423,-33,0.0,20
593,1,1,452,356,96,1.0,22
601,0,0,415,424,-9,0.0,25
601,1,1,303,537,-234,0.0,23
609,0,0,433,459,-26,0.0,27
609,1,1,390,468,-78,0.0,22
617,0,0,400,490,-90,0.0,21
617,1,1,543,560,-17,0.0,21
625,0,0,385,537,-152,0.0,22
625,1,1,557,471,86,1.0,25
633,0,0,446,365,81,1.0,25
633,1,1,479,474,5,1.0,20
641,0,0,499,411,88,1.0,20
641,1,1,550,414,136,1.0,26
649,0,0,357,530,-173,0.0,21
649,1,1,448,360,88,1.0,26
657,0,0,383,448,-65,0.0,23
657,1,1,440,393,47,1.0,22
665,0,0,435,431,4,1.0,24
665,1,1,376,518,-142,0.0,25
673,0,0,378,586,-208,0.0,20
673,1,1,415,463,-48,0.0,22
681,0,0,537,360,177,1.0,26
681,1,1,503,543,-40,0.0,23
689,0,0,442,457,-15,0.0,22
689,1,1,437,501,-64,0.0,26
697,0,0,402,489,-87,0.0,26
697,1,1,397,542,-145,0.0,22
705,0,0,418,423,-5,0.0,24
705,1,1,419,389,30,1.0,30
713,0,0,397,471,-74,0.0,21
713,1,1,532,332,200,1.0,21
721,0,0,417,439,-22,0.0,26
721,1,1,560,365,195,1.0,23
729,0,0,366,431,-65,0.0,29
729,1,1,504,421,83,1.0,23
737,0,0,373,438,-65,0.0,24
737,1,1,512,444,68,1.0,24
745,0,0,439,464,-25,0.0,26
745,1,1,547,392,155,1.0,21
753,0,0,528,396,132,1.0,24
753,1,1,421,497,-76,0.0,21
761,0,0,348,531,-183,0.0,25
761,1,1,473,325,148,1.0,25
769,0,0,487,363,124,1.0,23
769,1,1,497,471,26,1.0,21
777,0,0,547,426,121,1.0,22
777,1,1,455,462,-7,0.0,26
785,0,0,466,393,73,1.0,26
785,1,1,381,404,-23,0.0,27
793,0,0,432,468,-36,0.0,25
793,1,1,436,440,-4,0.0,25
801,0,0,485,458,27,1.0,21
801,1,1,425,432,-7,0.0,25
809,0,0,371,502,-131,0.0,23
809,1,1,525,332,193,1.0,23
817,0,0,420,439,-19,0.0,25
817,1,1,535,439,96,1.0,21
825,0,0,421,477,-56,0.0,23
825,1,1,493,477,16,1.0,24
833,0,0,453,399,54,1.0,26
833,1,1,421,496,-75,0.0,24
841,0,0,367,409,-42,0.0,24
841,1,1,417,420,-3,0.0,24
849,0,0,484,396,88,1.0,20
849,1,1,400,532,-132,0.0,21
857,0,0,345,504,-159,0.0,29
857,1,1,453,369,84,1.0,26
865,0,0,387,457,-70,0.0,23
865,1,1,456,467,-11,0.0,24
873,0,0,481,413,68,1.0,27
873,1,1,475,356,119,1.0,23
881,0,0,331,443,-112,0.0,24
881,1,1,486,435,51,1.0,25
889,0,0,347,539,-192,0.0,25
889,1,1,601,432,169,1.0,21
897,0,0,427,405,22,1.0,22
897,1,1,442,402,40,1.0,24
905,0,0,456,466,-10,0.0,24
905,1,1,444,419,25,1.0,26
913,0,0,366,587,-221,0.0,23
913,1,1,474,309,165,1.0,24
921,0,0,425,432,-7,0.0,26
921,1,1,528,433,95,1.0,24
929,0,0,423,487,-64,0.0,19
929,1,1,526,366,160,1.0,19
937,0,0,377,464,-87,0.0,25
937,1,1,460,396,64,1.0,24
945,0,0,439,458,-19,0.0,21
945,1,1,465,410,55,1.0,21
953,0,0,544,388,156,1.0,25
953,1,1,431,509,-78,0.0,21
961,0,0,404,404,0,0.5,20
961,1,1,449,410,39,1.0,23
969,0,0,360,427,-67,0.0,29
969,1,1,435,422,13,1.0,22
977,0,0,509,449,60,1.0,22
977,1,1,515,489,26,1.0,19
985,0,0,455,466,-11,0.0,22
985,1,1,474,466,8,1.0,20
993,0,0,452,456,-4,0.0,23
993,1,1,409,463,-54,0.0,24
1001,0,0,326,506,-180,0.0,23
1001,1,1,463,354,109,1.0,29
1009,0,0,401,458,-57,0.0,21
1009,1,1,507,456,51,1.0,25
1017,0,0,395,555,-160,0.0,21
1017,1,1,508,433,75,1.0,20
1025,0,0,423,410,13,1.0,28
1025,1,1,481,367,114,1.0,21
1033,0,0,424,468,-44,0.0,20
1033,1,1,439,413,26,1.0,23
1041,0,0,389,487,-98,0.0,28
1041,1,1,486,446,40,1.0,20
1049,0,0,456,408,48,1.0,23
1049,1,1,440,478,-38,0.0,24
1057,0,0,349,440,-91,0.0,25
1057,1,1,411,454,-43,0.0,22
1065,0,0,438,446,-8,0.0,23
1065,1,1,409,431,-22,0.0,27
1073,0,0,470,460,10,1.0,25
1073,1,1,404,476,-72,0.0,25
1081,0,0,435,490,-55,0.0,21
1081,1,1,524,484,40,1.0,21
1089,0,0,392,420,-28,0.0,25
1089,1,1,455,472,-17,0.0,22
1097,0,0,411,446,-35,0.0,27
1097,1,1,512,482,30,1.0,28
1105,0,0,529,475,54,1.0,24
1105,1,1,532,439,93,1.0,21
1113,0,0,450,294,156,1.0,26
1113,1,1,353,462,-109,0.0,21
1121,0,0,354,479,-125,0.0,24
1121,1,1,528,320,208,1.0,23
1129,0,0,501,430,71,1.0,24
1129,1,1,354,526,-172,0.0,22
1137,0,0,474,453,21,1.0,22
1137,1,1,505,434,71,1.0,20
1145,0,0,504,338,166,1.0,23
1145,1,1,471,409,62,1.0,22
1153,0,0,362,409,-47,0.0,25
1153,1,1,424,349,75,1.0,28
1161,0,0,373,480,-107,0.0,23
1161,1,1,424,443,-19,0.0,22
1169,0,0,505,360,145,1.0,22
1169,1,1,396,437,-41,0.0,24
1177,0,0,470,445,25,1.0,23
1177,1,1,506,358,148,1.0,23
1185,0,0,428,405,23,1.0,24
1185,1,1,370,475,-105,0.0,22
1193,0,0,354,482,-128,0.0,30
1193,1,1,481,427,54,1.0,24
1201,0,0,403,488,-85,0.0,25
1201,1,1,449,548,-99,0.0,19
1209,0,0,522,368,154,1.0,22
1209,1,1,333,500,-167,0.0,26
1217,0,0,446,371,75,1.0,26
1217,1,1,438,472,-34,0.0,25
1225,0,0,444,402,42,1.0,26
1225,1,1,354,425,-71,0.0,25
1233,0,0,367,461,-94,0.0,23
1233,1,1,327,350,-23,0.0,24
1241,0,0,501,474,27,1.0,23
1241,1,1,444,512,-68,0.0,22
1249,0,0,349,490,-141,0.0,21
1249,1,1,526,403,123,1.0,23
1257,0,0,491,418,73,1.0,22
1257,1,1,410,497,-87,0.0,23
1265,0,0,556,419,137,1.0,23
1265,1,1,418,409,9,1.0,20
1273,0,0,400,431,-31,0.0,23
1273,1,1,535,370,165,1.0,21
1281,0,0,403,445,-42,0.0,23
1281,1,1,391,352,39,1.0,30
1289,0,0,334,499,-165,0.0,21
1289,1,1,513,350,163,1.0,23
1297,0,0,398,516,-118,0.0,23
1297,1,1,494,417,77,1.0,24
1305,0,0,413,494,-81,0.0,22
1305,1,1,531,363,168,1.0,26
1313,0,0,466,481,-15,0.0,22
1313,1,1,438,425,13,1.0,25
1321,0,0,493,473,20,1.0,23
1321,1,1,442,400,42,1.0,24
1329,0,0,374,404,-30,0.0,39
1329,1,1,449,346,103,1.0,24
1337,0,0,417,438,-21,0.0,22
1337,1,1,436,298,138,1.0,28
1345,0,0,452,519,-67,0.0,24
1345,1,1,385,396,-11,0.0,24
1353,0,0,373,468,-95,0.0,24
1353,1,1,497,331,166,1.0,26
1361,0,0,427,512,-85,0.0,22
1361,1,1,475,449,26,1.0,22
1369,0,0,419,478,-59,0.0,24
1369,1,1,402,430,-28,0.0,23
1377,0,0,436,468,-32,0.0,24
1377,1,1,520,390,130,1.0,24
1385,0,0,507,553,-46,0.0,20
1385,1,1,477,450,27,1.0,22
1393,0,0,510,426,84,1.0,21
1393,1,1,451,341,110,1.0,24
1401,0,0,394,541,-147,0.0,25
1401,1,1,454,420,34,1.0,22
1409,0,0,384,443,-59,0.0,28
1409,1,1,467,408,59,1.0,23
1417,0,0,469,544,-75,0.0,22
1417,1,1,464,562,-98,0.0,20
1425,0,0,489,344,145,1.0,26
1425,1,1,387,407,-20,0.0,26
1433,0,0,400,435,-35,0.0,28
1433,1,1,524,444,80,1.0,24
1441,0,0,496,397,99,1.0,20
1441,1,1,370,459,-89,0.0,24
1449,0,0,376,562,-186,0.0,20
1449,1,1,578,489,89,1.0,22
1457,0,0,514,447,67,1.0,24
1457,1,1,487,520,-33,0.0,22
1465,0,0,457,449,8,1.0,23
1465,1,1,420,439,-19,0.0,24
1473,0,0,458,474,-16,0.0,22
1473,1,1,443,454,-11,0.0,25
1481,0,0,362,531,-169,0.0,23
1481,1,1,443,366,77,1.0,20
1489,0,0,513,463,50,1.0,23
1489,1,1,469,504,-35,0.0,22
1497,0,0,417,438,-21,0.0,27
1497,1,1,559,409,150,1.0,25
1505,0,0,346,556,-210,0.0,25
1505,1,1,512,378,134,1.0,27
1513,0,0,449,376,73,1.0,28
1513,1,1,431,408,23,1.0,25
1521,0,0,316,518,-202,0.0,23
1521,1,1,513,417,96,1.0,30
1529,0,0,476,362,114,1.0,26
1529,1,1,398,517,-119,0.0,22
1537,0,0,398,490,-92,0.0,22
1537,1,1,592,442,150,1.0,21
1545,0,0,488,517,-29,0.0,21
1545,1,1,498,459,39,1.0,23
1553,0,0,462,456,6,1.0,27
1553,1,1,392,400,-8,0.0,23
1561,0,0,406,428,-22,0.0,23
1561,1,1,450,537,-87,0.0,23
1569,0,0,388,416,-28,0.0,24
1569,1,1,488,329,159,1.0,25
1577,0,0,492,453,39,1.0,20
1577,1,1,461,509,-48,0.0,22
1585,0,0,456,424,32,1.0,23
1585,1,1,440,453,-13,0.0,28
1593,0,0,563,395,168,1.0,21
1593,1,1,421,516,-95,0.0,20
1601,0,0,400,456,-56,0.0,24
1601,1,1,514,431,83,1.0,24
1609,0,0,483,462,21,1.0,23
1609,1,1,400,435,-35,0.0,22
1617,0,0,353,477,-124,0.0,23
1617,1,1,539,393,146,1.0,25
1625,0,0,324,551,-227,0.0,23
1625,1,1,593,387,206,1.0,20
1633,0,0,432,499,-67,0.0,27
1633,1,1,413,462,-49,0.0,22
1641,0,0,400,373,27,1.0,26
1641,1,1,339,382,-43,0.0,28
1649,0,0,491,394,97,1.0,21
1649,1,1,459,629,-170,0.0,21
1657,0,0,399,513,-114,0.0,23
1657,1,1,464,449,15,1.0,25
1665,0,0,435,416,19,1.0,23
1665,1,1,377,498,-121,0.0,22
1673,0,0,465,482,-17,0.0,21
1673,1,1,587,456,131,1.0,19
1681,0,0,451,350,101,1.0,26
1681,1,1,462,451,11,1.0,24
1689,0,0,408,530,-122,0.0,21
1689,1,1,378,459,-81,0.0,26
1697,0,0,494,425,69,1.0,24
1697,1,1,457,405,52,1.0,24
1705,0,0,544,437,107,1.0,21
1705,1,1,457,464,-7,0.0,25
1713,0,0,523,381,142,1.0,24
1713,1,1,412,490,-78,0.0,20
1721,0,0,370,479,-109,0.0,28
1721,1,1,415,500,-85,0.0,22
1729,0,0,473,355,118,1.0,23
1729,1,1,500,390,110,1.0,23
1737,0,0,597,349,248,1.0,22
1737,1,1,366,470,-104,0.0,23
1745,0,0,425,456,-31,0.0,25
1745,1,1,458,395,63,1.0,31
1753,0,0,332,523,-191,0.0,20
1753,1,1,480,410,70,1.0,23
1761,0,0,433,388,45,1.0,24
1761,1,1,387,502,-115,0.0,22
1769,0,0,437,452,-15,0.0,22
1769,1,1,437,444,-7,0.0,22
1777,0,0,466,355,111,1.0,25
1777,1,1,372,435,-63,0.0,27
1785,0,0,454,498,-44,0.0,21
1785,1,1,478,436,42,1.0,21
1793,0,0,394,542,-148,0.0,23
1793,1,1,568,454,114,1.0,21
1801,0,0,564,426,138,1.0,24
1801,1,1,447,547,-100,0.0,26
1809,0,0,358,490,-132,0.0,24
1809,1,1,585,441,144,1.0,23
1817,0,0,544,416,128,1.0,21
1817,1,1,569,422,147,1.0,24
1825,0,0,463,426,37,1.0,24
1825,1,1,469,574,-105,0.0,20
1833,0,0,507,510,-3,0.0,21
1833,1,1,438,364,74,1.0,28
1841,0,0,517,420,97,1.0,22
1841,1,1,430,489,-59,0.0,21
1849,0,0,513,409,104,1.0,24
1849,1,1,466,496,-30,0.0,26
1857,0,0,321,521,-200,0.0,25
1857,1,1,522,331,191,1.0,24
1865,0,0,485,486,-1,0.0,19
1865,1,1,459,473,-14,0.0,21
1873,0,0,508,464,44,1.0,24
1873,1,1,481,501,-20,0.0,22
1881,0,0,429,529,-100,0.0,24
1881,1,1,393,395,-2,0.0,24
1889,0,0,448,400,48,1.0,26
1889,1,1,391,505,-114,0.0,32
1897,0,0,439,502,-63,0.0,23
1897,1,1,415,475,-60,0.0,26
1905,0,0,419,472,-53,0.0,24
1905,1,1,378,489,-111,0.0,27
1913,0,0,401,398,3,1.0,26
1913,1,1,533,459,74,1.0,21
1921,0,0,402,656,-254,0.0,23
1921,1,1,362,445,-83,0.0,22
1929,0,0,365,486,-121,0.0,23
1929,1,1,467,450,17,1.0,19
1937,0,0,468,524,-56,0.0,24
1937,1,1,504,424,80,1.0,25
1945,0,0,485,478,7,1.0,22
1945,1,1,387,387,0,0.5,23
1953,0,0,457,397,60,1.0,23
1953,1,1,370,459,-89,0.0,30
1961,0,0,638,434,204,1.0,22
1961,1,1,552,458,94,1.0,20
1969,0,0,329,442,-113,0.0,26
1969,1,1,645,347,298,1.0,21
1977,0,0,400,487,-87,0.0,27
1977,1,1,436,521,-85,0.0,24
1985,0,0,438,493,-55,0.0,23
1985,1,1,417,498,-81,0.0,23
1993,0,0,416,407,9,1.0,26
1993,1,1,436,467,-31,0.0,20
pair,game,a_seat,a_score,b_score,a_spread,a_win,turns
2,0,0,488,380,108,1.0,21
2,1,1,413,580,-167,0.0,23
10,0,0,429,429,0,0.5,24
10,1,1,434,455,-21,0.0,20
18,0,0,399,471,-72,0.0,24
18,1,1,465,401,64,1.0,23
26,0,0,420,424,-4,0.0,23
26,1,1,505,451,54,1.0,23
34,0,0,573,392,181,1.0,23
34,1,1,396,467,-71,0.0,22
42,0,0,475,512,-37,0.0,23
42,1,1,532,433,99,1.0,22
50,0,0,442,457,-15,0.0,24
50,1,1,417,396,21,1.0,24
58,0,0,472,389,83,1.0,23
58,1,1,420,479,-59,0.0,23
66,0,0,479,390,89,1.0,21
66,1,1,411,437,-26,0.0,24
74,0,0,524,388,136,1.0,24
74,1,1,433,438,-5,0.0,23
82,0,0,398,501,-103,0.0,25
82,1,1,419,357,62,1.0,24
90,0,0,411,600,-189,0.0,24
90,1,1,471,458,13,1.0,24
98,0,0,303,553,-250,0.0,30
98,1,1,370,400,-30,0.0,26
106,0,0,415,479,-64,0.0,24
106,1,1,465,450,15,1.0,20
114,0,0,478,543,-65,0.0,22
114,1,1,505,395,110,1.0,26
122,0,0,431,427,4,1.0,22
122,1,1,475,396,79,1.0,26
130,0,0,422,419,3,1.0,23
130,1,1,379,453,-74,0.0,24
138,0,0,448,536,-88,0.0,18
138,1,1,387,528,-141,0.0,21
146,0,0,403,522,-119,0.0,20
146,1,1,427,420,7,1.0,22
154,0,0,540,412,128,1.0,21
154,1,1,457,437,20,1.0,26
162,0,0,454,331,123,1.0,24
162,1,1,369,493,-124,0.0,22
170,0,0,534,399,135,1.0,23
170,1,1,329,479,-150,0.0,23
178,0,0,448,494,-46,0.0,24
178,1,1,577,415,162,1.0,26
186,0,0,352,501,-149,0.0,22
186,1,1,396,494,-98,0.0,23
194,0,0,395,432,-37,0.0,22
194,1,1,521,486,35,1.0,21
202,0,0,407,416,-9,0.0,25
202,1,1,383,429,-46,0.0,27
210,0,0,420,432,-12,0.0,24
210,1,1,387,481,-94,0.0,25
218,0,0,404,474,-70,0.0,22
218,1,1,512,409,103,1.0,22
226,0,0,430,446,-16,0.0,21
226,1,1,491,439,52,1.0,24
234,0,0,469,348,121,1.0,27
234,1,1,377,466,-89,0.0,24
242,0,0,587,367,220,1.0,19
242,1,1,446,608,-162,0.0,23
250,0,0,354,505,-151,0.0,23
250,1,1,559,359,200,1.0,23
258,0,0,445,441,4,1.0,22
258,1,1,462,404,58,1.0,22
266,0,0,402,462,-60,0.0,27
266,1,1,496,361,135,1.0,28
274,0,0,353,380,-27,0.0,25
274,1,1,396,350,46,1.0,23
282,0,0,460,428,32,1.0,23
282,1,1,514,494,20,1.0,21
290,0,0,331,565,-234,0.0,22
290,1,1,477,369,108,1.0,23
298,0,0,516,459,57,1.0,23
298,1,1,378,486,-108,0.0,23
306,0,0,460,452,8,1.0,23
306,1,1,505,495,10,1.0,18
314,0,0,436,436,0,0.5,24
314,1,1,389,399,-10,0.0,24
322,0,0,552,359,193,1.0,26
322,1,1,369,556,-187,0.0,24
330,0,0,439,438,1,1.0,22
330,1,1,503,434,69,1.0,24
338,0,0,389,522,-133,0.0,22
338,1,1,536,433,103,1.0,22
346,0,0,399,426,-27,0.0,21
346,1,1,456,433,23,1.0,21
354,0,0,522,410,112,1.0,21
354,1,1,430,440,-10,0.0,22
362,0,0,428,515,-87,0.0,24
362,1,1,508,404,104,1.0,23
370,0,0,442,441,1,1.0,22
370,1,1,458,441,17,1.0,22
378,0,0,496,385,111,1.0,22
378,1,1,301,507,-206,0.0,23
386,0,0,377,459,-82,0.0,22
386,1,1,365,491,-126,0.0,23
394,0,0,442,393,49,1.0,23
394,1,1,436,431,5,1.0,24
402,0,0,528,459,69,1.0,20
402,1,1,416,525,-109,0.0,21
410,0,0,422,515,-93,0.0,23
410,1,1,478,351,127,1.0,21
418,0,0,455,410,45,1.0,23
418,1,1,406,490,-84,0.0,23
426,0,0,484,471,13,1.0,24
426,1,1,533,488,45,1.0,27
434,0,0,445,393,52,1.0,25
434,1,1,446,407,39,1.0,26
442,0,0,394,335,59,1.0,23
442,1,1,399,546,-147,0.0,21
450,0,0,345,487,-142,0.0,24
450,1,1,540,433,107,1.0,24
458,0,0,498,425,73,1.0,20
458,1,1,377,550,-173,0.0,21
466,0,0,393,473,-80,0.0,28
466,1,1,452,553,-101,0.0,23
474,0,0,444,445,-1,0.0,22
474,1,1,433,455,-22,0.0,24
482,0,0,418,395,23,1.0,24
482,1,1,400,492,-92,0.0,22
490,0,0,532,356,176,1.0,27
490,1,1,333,578,-245,0.0,23
498,0,0,484,419,65,1.0,21
498,1,1,405,431,-26,0.0,24
506,0,0,462,394,68,1.0,23
506,1,1,475,465,10,1.0,21
514,0,0,503,496,7,1.0,20
514,1,1,517,470,47,1.0,20
522,0,0,457,381,76,1.0,22
522,1,1,459,490,-31,0.0,25
530,0,0,469,388,81,1.0,26
530,1,1,414,490,-76,0.0,21
538,0,0,395,380,15,1.0,23
538,1,1,365,502,-137,0.0,23
546,0,0,387,351,36,1.0,23
546,1,1,444,531,-87,0.0,24
554,0,0,463,567,-104,0.0,24
554,1,1,549,432,117,1.0,26
562,0,0,523,404,119,1.0,22
562,1,1,428,504,-76,0.0,21
570,0,0,440,378,62,1.0,25
570,1,1,490,431,59,1.0,23
578,0,0,463,403,60,1.0,24
578,1,1,383,431,-48,0.0,23
586,0,0,446,361,85,1.0,23
586,1,1,381,436,-55,0.0,24
594,0,0,526,567,-41,0.0,21
594,1,1,497,466,31,1.0,22
602,0,0,379,528,-149,0.0,26
602,1,1,520,438,82,1.0,21
610,0,0,464,422,42,1.0,23
610,1,1,441,393,48,1.0,22
618,0,0,458,480,-22,0.0,23
618,1,1,449,415,34,1.0,27
626,0,0,455,437,18,1.0,24
626,1,1,391,449,-58,0.0,28
634,0,0,478,445,33,1.0,27
634,1,1,292,420,-128,0.0,27
642,0,0,459,409,50,1.0,23
642,1,1,374,467,-93,0.0,23
650,0,0,399,498,-99,0.0,22
650,1,1,354,384,-30,0.0,23
658,0,0,531,445,86,1.0,26
658,1,1,484,494,-10,0.0,22
666,0,0,535,372,163,1.0,22
666,1,1,350,474,-124,0.0,21
674,0,0,442,480,-38,0.0,23
674,1,1,497,392,105,1.0,22
682,0,0,565,385,180,1.0,19
682,1,1,466,521,-55,0.0,22
690,0,0,431,411,20,1.0,29
690,1,1,458,422,36,1.0,26
698,0,0,576,430,146,1.0,21
698,1,1,412,559,-147,0.0,24
706,0,0,527,349,178,1.0,24
706,1,1,328,537,-209,0.0,25
714,0,0,428,476,-48,0.0,27
714,1,1,535,479,56,1.0,21
722,0,0,421,378,43,1.0,24
722,1,1,395,541,-146,0.0,27
730,0,0,528,404,124,1.0,21
730,1,1,414,585,-171,0.0,22
738,0,0,407,408,-1,0.0,24
738,1,1,422,423,-1,0.0,22
746,0,0,454,468,-14,0.0,27
746,1,1,514,400,114,1.0,21
754,0,0,440,466,-26,0.0,24
754,1,1,524,326,198,1.0,20
762,0,0,594,396,198,1.0,21
762,1,1,406,500,-94,0.0,21
770,0,0,377,440,-63,0.0,29
770,1,1,470,463,7,1.0,21
778,0,0,559,367,192,1.0,24
778,1,1,359,448,-89,0.0,22
786,0,0,434,446,-12,0.0,23
786,1,1,501,409,92,1.0,24
794,0,0,415,427,-12,0.0,27
794,1,1,456,391,65,1.0,27
802,0,0,432,357,75,1.0,24
802,1,1,389,462,-73,0.0,24
810,0,0,473,400,73,1.0,24
810,1,1,407,495,-88,0.0,28
818,0,0,411,410,1,1.0,23
818,1,1,466,445,21,1.0,22
826,0,0,474,510,-36,0.0,21
826,1,1,488,531,-43,0.0,20
834,0,0,420,369,51,1.0,24
834,1,1,424,433,-9,0.0,27
842,0,0,413,443,-30,0.0,23
842,1,1,346,420,-74,0.0,25
850,0,0,572,382,190,1.0,21
850,1,1,458,573,-115,0.0,20
858,0,0,461,421,40,1.0,22
858,1,1,398,454,-56,0.0,22
866,0,0,526,500,26,1.0,21
866,1,1,445,509,-64,0.0,21
874,0,0,444,490,-46,0.0,22
874,1,1,417,385,32,1.0,29
882,0,0,493,343,150,1.0,23
882,1,1,393,518,-125,0.0,23
890,0,0,479,436,43,1.0,24
890,1,1,397,560,-163,0.0,22
898,0,0,457,495,-38,0.0,24
898,1,1,463,510,-47,0.0,20
906,0,0,366,453,-87,0.0,25
906,1,1,418,519,-101,0.0,20
914,0,0,468,429,39,1.0,24
914,1,1,469,539,-70,0.0,19
922,0,0,420,374,46,1.0,27
922,1,1,403,439,-36,0.0,23
930,0,0,484,386,98,1.0,26
930,1,1,389,476,-87,0.0,23
938,0,0,455,362,93,1.0,27
938,1,1,440,400,40,1.0,26
946,0,0,435,417,18,1.0,22
946,1,1,495,433,62,1.0,20
954,0,0,480,424,56,1.0,23
954,1,1,489,460,29,1.0,21
962,0,0,485,347,138,1.0,23
962,1,1,379,481,-102,0.0,25
970,0,0,423,436,-13,0.0,28
970,1,1,497,374,123,1.0,24
978,0,0,454,421,33,1.0,23
978,1,1,331,482,-151,0.0,23
986,0,0,474,484,-10,0.0,20
986,1,1,382,516,-134,0.0,20
994,0,0,416,433,-17,0.0,26
994,1,1,377,403,-26,0.0,28
1002,0,0,477,365,112,1.0,25
1002,1,1,353,458,-105,0.0,24
1010,0,0,488,417,71,1.0,21
1010,1,1,463,443,20,1.0,22
1018,0,0,384,456,-72,0.0,24
1018,1,1,453,415,38,1.0,23
1026,0,0,441,475,-34,0.0,21
1026,1,1,489,492,-3,0.0,22
1034,0,0,557,350,207,1.0,25
1034,1,1,382,532,-150,0.0,22
1042,0,0,273,663,-390,0.0,26
1042,1,1,515,410,105,1.0,22
1050,0,0,568,399,169,1.0,20
1050,1,1,436,487,-51,0.0,24
1058,0,0,437,502,-65,0.0,25
1058,1,1,463,449,14,1.0,21
1066,0,0,559,260,299,1.0,21
1066,1,1,362,568,-206,0.0,22
1074,0,0,427,453,-26,0.0,21
1074,1,1,372,563,-191,0.0,24
1082,0,0,523,410,113,1.0,21
1082,1,1,425,422,3,1.0,22
1090,0,0,495,436,59,1.0,24
1090,1,1,358,465,-107,0.0,20
1098,0,0,535,395,140,1.0,24
1098,1,1,358,526,-168,0.0,26
1106,0,0,542,364,178,1.0,26
1106,1,1,447,461,-14,0.0,27
1114,0,0,517,363,154,1.0,22
1114,1,1,441,445,-4,0.0,22
1122,0,0,388,423,-35,0.0,26
1122,1,1,373,483,-110,0.0,22
1130,0,0,487,527,-40,0.0,23
1130,1,1,473,460,13,1.0,23
1138,0,0,393,424,-31,0.0,22
1138,1,1,477,430,47,1.0,23
1146,0,0,506,423,83,1.0,23
1146,1,1,498,501,-3,0.0,26
1154,0,0,483,431,52,1.0,23
1154,1,1,455,529,-74,0.0,23
1162,0,0,516,314,202,1.0,29
1162,1,1,325,574,-249,0.0,22
1170,0,0,458,551,-93,0.0,20
1170,1,1,411,433,-22,0.0,20
1178,0,0,421,454,-33,0.0,25
1178,1,1,408,352,56,1.0,23
1186,0,0,463,433,30,1.0,22
1186,1,1,321,541,-220,0.0,23
1194,0,0,437,375,62,1.0,23
1194,1,1,440,412,28,1.0,26
1202,0,0,380,348,32,1.0,26
1202,1,1,364,522,-158,0.0,25
1210,0,0,390,507,-117,0.0,23
1210,1,1,496,404,92,1.0,21
1218,0,0,375,462,-87,0.0,21
1218,1,1,478,288,190,1.0,24
1226,0,0,512,316,196,1.0,26
1226,1,1,364,415,-51,0.0,25
1234,0,0,392,444,-52,0.0,23
1234,1,1,444,489,-45,0.0,23
1242,0,0,518,465,53,1.0,21
1242,1,1,483,507,-24,0.0,21
1250,0,0,501,417,84,1.0,18
1250,1,1,498,495,3,1.0,20
1258,0,0,367,458,-91,0.0,29
1258,1,1,415,340,75,1.0,28
1266,0,0,376,504,-128,0.0,22
1266,1,1,491,375,116,1.0,21
1274,0,0,463,386,77,1.0,20
1274,1,1,406,596,-190,0.0,23
1282,0,0,522,330,192,1.0,25
1282,1,1,427,502,-75,0.0,25
1290,0,0,483,391,92,1.0,21
1290,1,1,536,362,174,1.0,21
1298,0,0,430,472,-42,0.0,25
1298,1,1,480,373,107,1.0,24
1306,0,0,490,449,41,1.0,27
1306,1,1,451,424,27,1.0,23
1314,0,0,491,460,31,1.0,20
1314,1,1,421,530,-109,0.0,21
1322,0,0,474,526,-52,0.0,22
1322,1,1,446,434,12,1.0,20
1330,0,0,512,360,152,1.0,21
1330,1,1,434,572,-138,0.0,21
1338,0,0,519,453,66,1.0,22
1338,1,1,483,460,23,1.0,25
1346,0,0,465,502,-37,0.0,24
1346,1,1,465,387,78,1.0,22
1354,0,0,477,397,80,1.0,27
1354,1,1,430,435,-5,0.0,24
1362,0,0,401,485,-84,0.0,24
1362,1,1,520,403,117,1.0,24
1370,0,0,510,468,42,1.0,21
1370,1,1,480,480,0,0.5,21
1378,0,0,469,473,-4,0.0,26
1378,1,1,488,416,72,1.0,21
1386,0,0,624,413,211,1.0,23
1386,1,1,487,398,89,1.0,23
1394,0,0,376,409,-33,0.0,23
1394,1,1,440,330,110,1.0,25
1402,0,0,575,327,248,1.0,21
1402,1,1,535,376,159,1.0,20
1410,0,0,454,404,50,1.0,26
1410,1,1,359,429,-70,0.0,22
1418,0,0,495,449,46,1.0,22
1418,1,1,427,540,-113,0.0,23
1426,0,0,578,417,161,1.0,21
1426,1,1,420,569,-149,0.0,21
1434,0,0,358,393,-35,0.0,26
1434,1,1,427,415,12,1.0,25
1442,0,0,535,363,172,1.0,23
1442,1,1,297,542,-245,0.0,23
1450,0,0,376,511,-135,0.0,25
1450,1,1,477,402,75,1.0,23
1458,0,0,391,561,-170,0.0,27
1458,1,1,538,437,101,1.0,22
1466,0,0,381,500,-119,0.0,24
1466,1,1,494,388,106,1.0,25
1474,0,0,378,435,-57,0.0,23
1474,1,1,463,394,69,1.0,22
1482,0,0,401,432,-31,0.0,24
1482,1,1,392,377,15,1.0,24
1490,0,0,482,421,61,1.0,21
1490,1,1,464,386,78,1.0,20
1498,0,0,500,412,88,1.0,20
1498,1,1,418,429,-11,0.0,22
1506,0,0,473,387,86,1.0,27
1506,1,1,465,384,81,1.0,22
1514,0,0,370,503,-133,0.0,25
1514,1,1,430,383,47,1.0,30
1522,0,0,508,416,92,1.0,24
1522,1,1,461,619,-158,0.0,21
1530,0,0,506,297,209,1.0,21
1530,1,1,332,504,-172,0.0,28
1538,0,0,547,400,147,1.0,23
1538,1,1,505,457,48,1.0,24
1546,0,0,380,491,-111,0.0,20
1546,1,1,443,575,-132,0.0,25
1554,0,0,477,506,-29,0.0,21
1554,1,1,420,434,-14,0.0,25
1562,0,0,430,498,-68,0.0,25
1562,1,1,498,446,52,1.0,23
1570,0,0,501,482,19,1.0,23
1570,1,1,398,514,-116,0.0,20
1578,0,0,295,536,-241,0.0,26
1578,1,1,570,390,180,1.0,22
1586,0,0,415,450,-35,0.0,27
1586,1,1,331,453,-122,0.0,23
1594,0,0,427,375,52,1.0,24
1594,1,1,451,378,73,1.0,25
1602,0,0,500,485,15,1.0,21
1602,1,1,485,369,116,1.0,24
1610,0,0,487,364,123,1.0,22
1610,1,1,357,493,-136,0.0,22
1618,0,0,395,453,-58,0.0,20
1618,1,1,492,374,118,1.0,20
1626,0,0,472,477,-5,0.0,21
1626,1,1,437,430,7,1.0,24
1634,0,0,479,384,95,1.0,20
1634,1,1,418,427,-9,0.0,21
1642,0,0,421,552,-131,0.0,22
1642,1,1,385,454,-69,0.0,25
1650,0,0,510,411,99,1.0,24
1650,1,1,406,521,-115,0.0,22
1658,0,0,386,445,-59,0.0,27
1658,1,1,428,426,2,1.0,30
1666,0,0,495,447,48,1.0,23
1666,1,1,560,434,126,1.0,22
1674,0,0,441,361,80,1.0,20
1674,1,1,389,466,-77,0.0,27
1682,0,0,526,435,91,1.0,22
1682,1,1,392,480,-88,0.0,22
1690,0,0,425,409,16,1.0,21
1690,1,1,353,481,-128,0.0,21
1698,0,0,501,450,51,1.0,24
1698,1,1,364,472,-108,0.0,21
1706,0,0,639,378,261,1.0,19
1706,1,1,440,533,-93,0.0,20
1714,0,0,465,453,12,1.0,24
1714,1,1,411,520,-109,0.0,23
1722,0,0,344,468,-124,0.0,25
1722,1,1,549,407,142,1.0,25
1730,0,0,489,427,62,1.0,22
1730,1,1,339,494,-155,0.0,21
1738,0,0,519,376,143,1.0,21
1738,1,1,504,339,165,1.0,24
1746,0,0,364,470,-106,0.0,24
1746,1,1,495,449,46,1.0,23
1754,0,0,360,468,-108,0.0,24
1754,1,1,493,430,63,1.0,18
1762,0,0,436,473,-37,0.0,22
1762,1,1,517,415,102,1.0,22
1770,0,0,402,465,-63,0.0,24
1770,1,1,451,451,0,0.5,23
1778,0,0,390,396,-6,0.0,22
1778,1,1,446,485,-39,0.0,21
1786,0,0,412,449,-37,0.0,23
1786,1,1,359,421,-62,0.0,21
1794,0,0,460,408,52,1.0,24
1794,1,1,423,543,-120,0.0,23
1802,0,0,570,405,165,1.0,23
1802,1,1,356,525,-169,0.0,26
1810,0,0,405,432,-27,0.0,24
1810,1,1,483,409,74,1.0,24
1818,0,0,460,476,-16,0.0,25
1818,1,1,446,466,-20,0.0,23
1826,0,0,447,412,35,1.0,24
1826,1,1,371,436,-65,0.0,24
1834,0,0,505,327,178,1.0,23
1834,1,1,371,487,-116,0.0,25
1842,0,0,442,442,0,0.5,28
1842,1,1,482,320,162,1.0,26
1850,0,0,484,333,151,1.0,25
1850,1,1,334,496,-162,0.0,24
1858,0,0,492,389,103,1.0,22
1858,1,1,402,488,-86,0.0,22
1866,0,0,409,425,-16,0.0,25
1866,1,1,499,486,13,1.0,23
1874,0,0,392,393,-1,0.0,30
1874,1,1,351,423,-72,0.0,27
1882,0,0,499,378,121,1.0,23
1882,1,1,344,500,-156,0.0,25
1890,0,0,434,498,-64,0.0,21
1890,1,1,449,533,-84,0.0,20
1898,0,0,633,293,340,1.0,23
1898,1,1,366,446,-80,0.0,31
1906,0,0,383,480,-97,0.0,26
1906,1,1,504,361,143,1.0,24
1914,0,0,557,306,251,1.0,22
1914,1,1,473,441,32,1.0,22
1922,0,0,446,459,-13,0.0,23
1922,1,1,458,437,21,1.0,23
1930,0,0,459,388,71,1.0,21
1930,1,1,474,383,91,1.0,22
1938,0,0,409,431,-22,0.0,24
1938,1,1,471,447,24,1.0,28
1946,0,0,486,411,75,1.0,20
1946,1,1,377,510,-133,0.0,23
1954,0,0,525,351,174,1.0,25
1954,1,1,347,482,-135,0.0,22
1962,0,0,459,439,20,1.0,23
1962,1,1,347,509,-162,0.0,32
1970,0,0,328,478,-150,0.0,23
1970,1,1,522,358,164,1.0,23
1978,0,0,466,577,-111,0.0,20
1978,1,1,501,500,1,1.0,25
1986,0,0,426,411,15,1.0,28
1986,1,1,438,392,46,1.0,20
1994,0,0,501,329,172,1.0,27
1994,1,1,351,503,-152,0.0,24
pair,game,a_seat,a_score,b_score,a_spread,a_win,turns
3,0,0,419,436,-17,0.0,21
3,1,1,406,463,-57,0.0,22
11,0,0,403,510,-107,0.0,27
11,1,1,420,452,-32,0.0,22
19,0,0,571,402,169,1.0,18
19,1,1,456,486,-30,0.0,17
27,0,0,379,498,-119,0.0,22
27,1,1,440,405,35,1.0,24
35,0,0,431,425,6,1.0,24
35,1,1,335,534,-199,0.0,25
43,0,0,412,392,20,1.0,25
43,1,1,493,416,77,1.0,25
51,0,0,413,531,-118,0.0,21
51,1,1,592,422,170,1.0,24
59,0,0,507,467,40,1.0,21
59,1,1,472,402,70,1.0,21
67,0,0,477,466,11,1.0,24
67,1,1,479,498,-19,0.0,24
75,0,0,455,394,61,1.0,24
75,1,1,388,484,-96,0.0,24
83,0,0,405,466,-61,0.0,27
83,1,1,465,468,-3,0.0,25
91,0,0,448,357,91,1.0,28
91,1,1,497,373,124,1.0,25
99,0,0,357,399,-42,0.0,23
99,1,1,443,326,117,1.0,23
107,0,0,500,524,-24,0.0,21
107,1,1,429,461,-32,0.0,24
115,0,0,489,401,88,1.0,28
115,1,1,379,501,-122,0.0,27
123,0,0,402,500,-98,0.0,23
123,1,1,520,375,145,1.0,23
131,0,0,396,496,-100,0.0,23
131,1,1,483,355,128,1.0,23
139,0,0,464,433,31,1.0,22
139,1,1,441,425,16,1.0,23
147,0,0,431,434,-3,0.0,22
147,1,1,422,493,-71,0.0,24
155,0,0,421,473,-52,0.0,20
155,1,1,559,445,114,1.0,19
163,0,0,464,424,40,1.0,25
163,1,1,427,473,-46,0.0,23
171,0,0,603,300,303,1.0,22
171,1,1,461,567,-106,0.0,20
179,0,0,434,398,36,1.0,26
179,1,1,395,382,13,1.0,25
187,0,0,375,459,-84,0.0,21
187,1,1,456,511,-55,0.0,25
195,0,0,522,517,5,1.0,21
195,1,1,445,418,27,1.0,29
203,0,0,338,473,-135,0.0,23
203,1,1,421,499,-78,0.0,24
211,0,0,435,466,-31,0.0,22
211,1,1,537,406,131,1.0,24
219,0,0,416,405,11,1.0,26
219,1,1,463,424,39,1.0,25
227,0,0,378,462,-84,0.0,25
227,1,1,504,372,132,1.0,21
235,0,0,506,370,136,1.0,23
235,1,1,418,438,-20,0.0,23
243,0,0,420,465,-45,0.0,21
243,1,1,457,400,57,1.0,23
251,0,0,336,527,-191,0.0,21
251,1,1,465,354,111,1.0,23
259,0,0,495,363,132,1.0,23
259,1,1,408,503,-95,0.0,23
267,0,0,378,515,-137,0.0,21
267,1,1,461,388,73,1.0,27
275,0,0,433,427,6,1.0,27
275,1,1,447,415,32,1.0,25
283,0,0,498,356,142,1.0,20
283,1,1,501,433,68,1.0,23
291,0,0,507,372,135,1.0,23
291,1,1,348,496,-148,0.0,23
299,0,0,433,491,-58,0.0,24
299,1,1,522,373,149,1.0,22
307,0,0,495,517,-22,0.0,24
307,1,1,407,429,-22,0.0,24
315,0,0,355,574,-219,0.0,21
315,1,1,552,373,179,1.0,23
323,0,0,485,360,125,1.0,25
323,1,1,431,423,8,1.0,23
331,0,0,461,458,3,1.0,23
331,1,1,405,489,-84,0.0,24
339,0,0,485,453,32,1.0,19
339,1,1,440,464,-24,0.0,25
347,0,0,448,499,-51,0.0,21
347,1,1,490,363,127,1.0,21
355,0,0,432,464,-32,0.0,22
355,1,1,440,443,-3,0.0,25
363,0,0,388,452,-64,0.0,23
363,1,1,478,478,0,0.5,22
371,0,0,330,490,-160,0.0,25
371,1,1,570,377,193,1.0,24
379,0,0,451,414,37,1.0,28
379,1,1,489,404,85,1.0,24
387,0,0,395,433,-38,0.0,23
387,1,1,345,460,-115,0.0,26
395,0,0,501,409,92,1.0,24
395,1,1,423,477,-54,0.0,22
403,0,0,404,434,-30,0.0,22
403,1,1,417,374,43,1.0,23
411,0,0,471,390,81,1.0,27
411,1,1,402,493,-91,0.0,23
419,0,0,393,472,-79,0.0,26
419,1,1,533,424,109,1.0,28
427,0,0,440,541,-101,0.0,23
427,1,1,533,407,126,1.0,22
435,0,0,576,489,87,1.0,22
435,1,1,467,512,-45,0.0,21
443,0,0,368,424,-56,0.0,26
443,1,1,479,540,-61,0.0,22
451,0,0,454,456,-2,0.0,24
451,1,1,514,489,25,1.0,22
459,0,0,348,430,-82,0.0,23
459,1,1,547,298,249,1.0,25
467,0,0,342,490,-148,0.0,27
467,1,1,460,454,6,1.0,23
475,0,0,477,478,-1,0.0,21
475,1,1,480,456,24,1.0,21
483,0,0,393,424,-31,0.0,23
483,1,1,489,383,106,1.0,24
491,0,0,443,418,25,1.0,20
491,1,1,400,344,56,1.0,24
499,0,0,384,467,-83,0.0,21
499,1,1,433,443,-10,0.0,23
507,0,0,446,476,-30,0.0,22
507,1,1,487,443,44,1.0,23
515,0,0,416,500,-84,0.0,21
515,1,1,520,369,151,1.0,23
523,0,0,460,497,-37,0.0,28
523,1,1,457,487,-30,0.0,22
531,0,0,448,395,53,1.0,26
531,1,1,433,504,-71,0.0,21
539,0,0,421,462,-41,0.0,22
539,1,1,419,522,-103,0.0,20
547,0,0,500,562,-62,0.0,24
547,1,1,450,469,-19,0.0,26
555,0,0,413,401,12,1.0,25
555,1,1,518,455,63,1.0,22
563,0,0,509,446,63,1.0,23
563,1,1,410,421,-11,0.0,26
571,0,0,486,416,70,1.0,21
571,1,1,447,410,37,1.0,24
579,0,0,361,494,-133,0.0,23
579,1,1,365,372,-7,0.0,22
587,0,0,465,393,72,1.0,22
587,1,1,462,495,-33,0.0,22
595,0,0,447,496,-49,0.0,29
595,1,1,452,381,71,1.0,24
603,0,0,494,473,21,1.0,25
603,1,1,366,493,-127,0.0,23
611,0,0,404,407,-3,0.0,23
611,1,1,379,422,-43,0.0,23
619,0,0,410,450,-40,0.0,24
619,1,1,422,416,6,1.0,27
627,0,0,469,418,51,1.0,31
627,1,1,424,424,0,0.5,30
635,0,0,495,475,20,1.0,25
635,1,1,448,451,-3,0.0,23
643,0,0,473,414,59,1.0,21
643,1,1,462,516,-54,0.0,20
651,0,0,493,574,-81,0.0,19
651,1,1,514,583,-69,0.0,20
659,0,0,552,398,154,1.0,26
659,1,1,422,507,-85,0.0,23
667,0,0,419,484,-65,0.0,21
667,1,1,400,415,-15,0.0,28
675,0,0,419,396,23,1.0,24
675,1,1,356,491,-135,0.0,26
683,0,0,361,494,-133,0.0,21
683,1,1,488,458,30,1.0,21
691,0,0,399,452,-53,0.0,25
691,1,1,606,437,169,1.0,19
699,0,0,576,478,98,1.0,21
699,1,1,465,429,36,1.0,22
707,0,0,372,481,-109,0.0,25
707,1,1,414,493,-79,0.0,22
715,0,0,514,368,146,1.0,25
715,1,1,433,414,19,1.0,22
723,0,0,363,334,29,1.0,34
723,1,1,449,533,-84,0.0,21
731,0,0,426,458,-32,0.0,19
731,1,1,521,378,143,1.0,22
739,0,0,405,361,44,1.0,26
739,1,1,403,466,-63,0.0,24
747,0,0,387,521,-134,0.0,23
747,1,1,529,441,88,1.0,22
755,0,0,451,507,-56,0.0,22
755,1,1,416,429,-13,0.0,24
763,0,0,497,495,2,1.0,21
763,1,1,419,454,-35,0.0,23
771,0,0,486,403,83,1.0,26
771,1,1,401,453,-52,0.0,24
779,0,0,492,466,26,1.0,23
779,1,1,435,395,40,1.0,23
787,0,0,460,425,35,1.0,23
787,1,1,409,386,23,1.0,25
795,0,0,398,403,-5,0.0,25
795,1,1,309,560,-251,0.0,22
803,0,0,444,471,-27,0.0,24
803,1,1,514,443,71,1.0,23
811,0,0,470,364,106,1.0,25
811,1,1,438,527,-89,0.0,29
819,0,0,361,460,-99,0.0,24
819,1,1,464,336,128,1.0,23
827,0,0,383,536,-153,0.0,24
827,1,1,384,440,-56,0.0,26
835,0,0,382,494,-112,0.0,24
835,1,1,471,489,-18,0.0,21
843,0,0,398,456,-58,0.0,22
843,1,1,399,418,-19,0.0,22
851,0,0,405,440,-35,0.0,23
851,1,1,481,431,50,1.0,24
859,0,0,437,404,33,1.0,22
859,1,1,492,416,76,1.0,21
867,0,0,434,551,-117,0.0,23
867,1,1,508,424,84,1.0,22
875,0,0,446,345,101,1.0,22
875,1,1,348,540,-192,0.0,25
883,0,0,443,414,29,1.0,22
883,1,1,470,414,56,1.0,21
891,0,0,447,530,-83,0.0,23
891,1,1,462,412,50,1.0,22
899,0,0,473,360,113,1.0,26
899,1,1,411,377,34,1.0,30
907,0,0,473,423,50,1.0,25
907,1,1,385,488,-103,0.0,27
915,0,0,463,445,18,1.0,25
915,1,1,383,411,-28,0.0,23
923,0,0,389,464,-75,0.0,26
923,1,1,375,557,-182,0.0,23
931,0,0,556,508,48,1.0,20
931,1,1,420,591,-171,0.0,20
939,0,0,534,363,171,1.0,24
939,1,1,353,489,-136,0.0,22
947,0,0,438,379,59,1.0,26
947,1,1,372,517,-145,0.0,26
955,0,0,435,476,-41,0.0,23
955,1,1,522,481,41,1.0,23
963,0,0,570,394,176,1.0,22
963,1,1,469,410,59,1.0,23
971,0,0,408,516,-108,0.0,25
971,1,1,458,403,55,1.0,23
979,0,0,398,439,-41,0.0,24
979,1,1,462,400,62,1.0,23
987,0,0,489,403,86,1.0,26
987,1,1,392,470,-78,0.0,23
995,0,0,580,401,179,1.0,23
995,1,1,354,431,-77,0.0,30
1003,0,0,457,355,102,1.0,23
1003,1,1,362,429,-67,0.0,25
1011,0,0,486,417,69,1.0,22
1011,1,1,331,535,-204,0.0,22
1019,0,0,495,433,62,1.0,23
1019,1,1,395,441,-46,0.0,25
1027,0,0,378,475,-97,0.0,25
1027,1,1,446,420,26,1.0,23
1035,0,0,520,506,14,1.0,23
1035,1,1,474,424,50,1.0,25
1043,0,0,405,460,-55,0.0,24
1043,1,1,460,411,49,1.0,23
1051,0,0,496,512,-16,0.0,19
1051,1,1,490,446,44,1.0,22
1059,0,0,441,426,15,1.0,23
1059,1,1,403,411,-8,0.0,25
1067,0,0,467,401,66,1.0,24
1067,1,1,386,445,-59,0.0,27
1075,0,0,374,446,-72,0.0,25
1075,1,1,512,391,121,1.0,23
1083,0,0,436,500,-64,0.0,21
1083,1,1,481,443,38,1.0,22
1091,0,0,378,517,-139,0.0,22
1091,1,1,489,459,30,1.0,23
1099,0,0,440,489,-49,0.0,20
1099,1,1,529,404,125,1.0,24
1107,0,0,368,408,-40,0.0,26
1107,1,1,422,354,68,1.0,23
1115,0,0,434,466,-32,0.0,26
1115,1,1,321,487,-166,0.0,24
1123,0,0,391,435,-44,0.0,23
1123,1,1,503,425,78,1.0,21
1131,0,0,447,518,-71,0.0,21
1131,1,1,417,427,-10,0.0,23
1139,0,0,508,356,152,1.0,24
1139,1,1,320,549,-229,0.0,27
1147,0,0,409,448,-39,0.0,23
1147,1,1,446,478,-32,0.0,20
1155,0,0,444,434,10,1.0,24
1155,1,1,511,450,61,1.0,25
1163,0,0,544,355,189,1.0,26
1163,1,1,414,478,-64,0.0,23
1171,0,0,491,446,45,1.0,21
1171,1,1,512,463,49,1.0,21
1179,0,0,406,392,14,1.0,26
1179,1,1,375,470,-95,0.0,24
1187,0,0,438,444,-6,0.0,24
1187,1,1,461,413,48,1.0,24
1195,0,0,449,407,42,1.0,24
1195,1,1,407,540,-133,0.0,25
1203,0,0,454,452,2,1.0,22
1203,1,1,364,451,-87,0.0,26
1211,0,0,455,452,3,1.0,25
1211,1,1,452,363,89,1.0,23
1219,0,0,442,474,-32,0.0,21
1219,1,1,573,396,177,1.0,19
1227,0,0,535,412,123,1.0,25
1227,1,1,341,430,-89,0.0,25
1235,0,0,421,403,18,1.0,26
1235,1,1,456,460,-4,0.0,23
1243,0,0,466,475,-9,0.0,22
1243,1,1,471,431,40,1.0,24
1251,0,0,424,527,-103,0.0,23
1251,1,1,410,441,-31,0.0,22
1259,0,0,397,497,-100,0.0,26
1259,1,1,518,410,108,1.0,22
1267,0,0,401,519,-118,0.0,24
1267,1,1,442,489,-47,0.0,24
1275,0,0,395,466,-71,0.0,24
1275,1,1,508,412,96,1.0,21
1283,0,0,502,450,52,1.0,21
1283,1,1,474,515,-41,0.0,21
1291,0,0,443,462,-19,0.0,21
1291,1,1,437,411,26,1.0,23
1299,0,0,371,457,-86,0.0,27
1299,1,1,453,281,172,1.0,26
1307,0,0,507,444,63,1.0,23
1307,1,1,475,495,-20,0.0,24
1315,0,0,341,479,-138,0.0,24
1315,1,1,510,331,179,1.0,23
1323,0,0,395,332,63,1.0,24
1323,1,1,404,371,33,1.0,26
1331,0,0,445,453,-8,0.0,24
1331,1,1,423,406,17,1.0,25
1339,0,0,466,415,51,1.0,25
1339,1,1,368,476,-108,0.0,22
1347,0,0,465,561,-96,0.0,21
1347,1,1,416,467,-51,0.0,22
1355,0,0,377,595,-218,0.0,21
1355,1,1,466,472,-6,0.0,22
1363,0,0,383,434,-51,0.0,25
1363,1,1,388,392,-4,0.0,29
1371,0,0,476,471,5,1.0,26
1371,1,1,398,420,-22,0.0,22
1379,0,0,393,471,-78,0.0,23
1379,1,1,459,343,116,1.0,24
1387,0,0,439,437,2,1.0,20
1387,1,1,475,432,43,1.0,23
1395,0,0,426,430,-4,0.0,23
1395,1,1,434,457,-23,0.0,22
1403,0,0,413,513,-100,0.0,19
1403,1,1,467,454,13,1.0,20
1411,0,0,472,505,-33,0.0,21
1411,1,1,474,425,49,1.0,20
1419,0,0,483,405,78,1.0,24
1419,1,1,418,488,-70,0.0,28
1427,0,0,353,410,-57,0.0,23
1427,1,1,403,424,-21,0.0,22
1435,0,0,477,408,69,1.0,23
1435,1,1,451,393,58,1.0,23
1443,0,0,386,535,-149,0.0,24
1443,1,1,552,402,150,1.0,20
1451,0,0,515,378,137,1.0,24
1451,1,1,356,492,-136,0.0,25
1459,0,0,494,409,85,1.0,23
1459,1,1,361,474,-113,0.0,22
1467,0,0,491,518,-27,0.0,24
1467,1,1,377,441,-64,0.0,24
1475,0,0,442,413,29,1.0,23
1475,1,1,426,455,-29,0.0,27
1483,0,0,383,431,-48,0.0,23
1483,1,1,448,406,42,1.0,24
1491,0,0,470,391,79,1.0,25
1491,1,1,386,373,13,1.0,26
1499,0,0,433,453,-20,0.0,21
1499,1,1,434,423,11,1.0,23
1507,0,0,546,374,172,1.0,22
1507,1,1,405,493,-88,0.0,22
1515,0,0,429,508,-79,0.0,20
1515,1,1,477,416,61,1.0,29
1523,0,0,494,494,0,0.5,23
1523,1,1,451,474,-23,0.0,26
1531,0,0,485,459,26,1.0,21
1531,1,1,517,461,56,1.0,19
1539,0,0,431,463,-32,0.0,22
1539,1,1,544,417,127,1.0,22
1547,0,0,333,513,-180,0.0,25
1547,1,1,463,379,84,1.0,22
1555,0,0,480,465,15,1.0,23
1555,1,1,489,462,27,1.0,23
1563,0,0,338,467,-129,0.0,25
1563,1,1,422,391,31,1.0,22
1571,0,0,427,417,10,1.0,25
1571,1,1,430,420,10,1.0,22
1579,0,0,482,371,111,1.0,22
1579,1,1,386,504,-118,0.0,19
1587,0,0,392,455,-63,0.0,26
1587,1,1,462,465,-3,0.0,24
1595,0,0,501,392,109,1.0,22
1595,1,1,515,432,83,1.0,25
1603,0,0,520,351,169,1.0,25
1603,1,1,485,482,3,1.0,22
1611,0,0,464,416,48,1.0,23
1611,1,1,511,388,123,1.0,24
1619,0,0,292,481,-189,0.0,23
1619,1,1,577,376,201,1.0,25
1627,0,0,432,538,-106,0.0,20
1627,1,1,537,403,134,1.0,21
1635,0,0,417,507,-90,0.0,23
1635,1,1,467,389,78,1.0,24
1643,0,0,541,407,134,1.0,24
1643,1,1,539,505,34,1.0,22
1651,0,0,499,458,41,1.0,22
1651,1,1,481,305,176,1.0,28
1659,0,0,512,466,46,1.0,22
1659,1,1,467,386,81,1.0,22
1667,0,0,444,433,11,1.0,23
1667,1,1,395,404,-9,0.0,25
1675,0,0,393,423,-30,0.0,25
1675,1,1,402,329,73,1.0,25
1683,0,0,391,583,-192,0.0,23
1683,1,1,440,458,-18,0.0,32
1691,0,0,477,514,-37,0.0,23
1691,1,1,474,585,-111,0.0,22
1699,0,0,528,435,93,1.0,23
1699,1,1,363,456,-93,0.0,24
1707,0,0,454,430,24,1.0,25
1707,1,1,415,434,-19,0.0,24
1715,0,0,366,488,-122,0.0,23
1715,1,1,460,457,3,1.0,25
1723,0,0,436,529,-93,0.0,22
1723,1,1,386,400,-14,0.0,20
1731,0,0,529,394,135,1.0,24
1731,1,1,405,438,-33,0.0,25
1739,0,0,421,356,65,1.0,41
1739,1,1,419,415,4,1.0,27
1747,0,0,498,458,40,1.0,24
1747,1,1,495,373,122,1.0,23
1755,0,0,449,434,15,1.0,29
1755,1,1,379,454,-75,0.0,30
1763,0,0,517,475,42,1.0,22
1763,1,1,491,397,94,1.0,23
1771,0,0,449,335,114,1.0,28
1771,1,1,405,453,-48,0.0,23
1779,0,0,449,557,-108,0.0,19
1779,1,1,522,418,104,1.0,24
1787,0,0,436,340,96,1.0,24
1787,1,1,291,453,-162,0.0,25
1795,0,0,513,422,91,1.0,23
1795,1,1,403,515,-112,0.0,21
1803,0,0,435,358,77,1.0,23
1803,1,1,449,405,44,1.0,23
1811,0,0,443,387,56,1.0,26
1811,1,1,364,517,-153,0.0,29
1819,0,0,398,489,-91,0.0,23
1819,1,1,432,416,16,1.0,24
1827,0,0,296,402,-106,0.0,27
1827,1,1,572,433,139,1.0,25
1835,0,0,398,476,-78,0.0,22
1835,1,1,465,432,33,1.0,25
1843,0,0,556,310,246,1.0,24
1843,1,1,465,456,9,1.0,21
1851,0,0,435,424,11,1.0,26
1851,1,1,450,360,90,1.0,27
1859,0,0,537,403,134,1.0,20
1859,1,1,438,476,-38,0.0,24
1867,0,0,350,524,-174,0.0,24
1867,1,1,462,437,25,1.0,23
1875,0,0,527,415,112,1.0,24
1875,1,1,465,408,57,1.0,25
1883,0,0,359,442,-83,0.0,27
1883,1,1,425,386,39,1.0,25
1891,0,0,375,458,-83,0.0,23
1891,1,1,361,442,-81,0.0,28
1899,0,0,427,557,-130,0.0,25
1899,1,1,463,393,70,1.0,22
1907,0,0,511,439,72,1.0,25
1907,1,1,414,507,-93,0.0,25
1915,0,0,339,515,-176,0.0,24
1915,1,1,604,467,137,1.0,21
1923,0,0,478,461,17,1.0,22
1923,1,1,424,480,-56,0.0,24
1931,0,0,386,459,-73,0.0,26
1931,1,1,481,499,-18,0.0,24
1939,0,0,373,502,-129,0.0,23
1939,1,1,466,407,59,1.0,26
1947,0,0,500,509,-9,0.0,22
1947,1,1,477,392,85,1.0,22
1955,0,0,446,428,18,1.0,25
1955,1,1,377,379,-2,0.0,22
1963,0,0,437,355,82,1.0,23
1963,1,1,337,474,-137,0.0,23
1971,0,0,466,372,94,1.0,24
1971,1,1,424,463,-39,0.0,23
1979,0,0,380,552,-172,0.0,23
1979,1,1,380,413,-33,0.0,25
1987,0,0,399,477,-78,0.0,25
1987,1,1,484,366,118,1.0,27
1995,0,0,414,396,18,1.0,23
1995,1,1,446,443,3,1.0,25
pair,game,a_seat,a_score,b_score,a_spread,a_win,turns
4,0,0,402,363,39,1.0,30
4,1,1,341,449,-108,0.0,25
12,0,0,396,361,35,1.0,26
12,1,1,444,443,1,1.0,26
20,0,0,436,500,-64,0.0,22
20,1,1,399,475,-76,0.0,24
28,0,0,419,480,-61,0.0,23
28,1,1,442,434,8,1.0,23
36,0,0,433,414,19,1.0,26
36,1,1,383,479,-96,0.0,23
44,0,0,382,526,-144,0.0,20
44,1,1,423,528,-105,0.0,21
52,0,0,568,557,11,1.0,22
52,1,1,401,492,-91,0.0,22
60,0,0,481,423,58,1.0,23
60,1,1,415,442,-27,0.0,24
68,0,0,499,517,-18,0.0,27
68,1,1,386,434,-48,0.0,28
76,0,0,365,477,-112,0.0,22
76,1,1,365,466,-101,0.0,19
84,0,0,412,543,-131,0.0,23
84,1,1,500,419,81,1.0,24
92,0,0,447,447,0,0.5,24
92,1,1,533,443,90,1.0,21
100,0,0,466,437,29,1.0,23
100,1,1,490,385,105,1.0,25
108,0,0,407,543,-136,0.0,23
108,1,1,584,400,184,1.0,21
116,0,0,442,482,-40,0.0,24
116,1,1,466,439,27,1.0,24
124,0,0,476,400,76,1.0,25
124,1,1,476,491,-15,0.0,25
132,0,0,518,497,21,1.0,22
132,1,1,385,483,-98,0.0,22
140,0,0,485,467,18,1.0,21
140,1,1,433,433,0,0.5,21
148,0,0,452,453,-1,0.0,22
148,1,1,455,454,1,1.0,23
156,0,0,445,364,81,1.0,23
156,1,1,367,468,-101,0.0,28
164,0,0,421,406,15,1.0,24
164,1,1,402,408,-6,0.0,24
172,0,0,464,398,66,1.0,22
172,1,1,375,434,-59,0.0,21
180,0,0,492,410,82,1.0,24
180,1,1,483,415,68,1.0,23
188,0,0,422,397,25,1.0,24
188,1,1,452,492,-40,0.0,22
196,0,0,499,451,48,1.0,24
196,1,1,513,415,98,1.0,22
204,0,0,449,465,-16,0.0,25
204,1,1,415,553,-138,0.0,25
212,0,0,448,449,-1,0.0,24
212,1,1,467,516,-49,0.0,23
220,0,0,580,516,64,1.0,21
220,1,1,372,445,-73,0.0,23
228,0,0,437,523,-86,0.0,22
228,1,1,470,453,17,1.0,23
236,0,0,455,466,-11,0.0,23
236,1,1,390,544,-154,0.0,26
244,0,0,398,448,-50,0.0,22
244,1,1,432,339,93,1.0,28
252,0,0,454,422,32,1.0,25
252,1,1,482,442,40,1.0,26
260,0,0,531,329,202,1.0,21
260,1,1,420,478,-58,0.0,22
268,0,0,567,323,244,1.0,27
268,1,1,364,464,-100,0.0,29
276,0,0,430,398,32,1.0,26
276,1,1,351,430,-79,0.0,25
284,0,0,404,416,-12,0.0,23
284,1,1,517,444,73,1.0,21
292,0,0,333,400,-67,0.0,26
292,1,1,445,347,98,1.0,23
300,0,0,439,361,78,1.0,24
300,1,1,360,494,-134,0.0,22
308,0,0,393,465,-72,0.0,22
308,1,1,398,478,-80,0.0,23
316,0,0,393,567,-174,0.0,26
316,1,1,468,523,-55,0.0,23
324,0,0,422,370,52,1.0,25
324,1,1,445,371,74,1.0,25
332,0,0,413,438,-25,0.0,21
332,1,1,337,454,-117,0.0,24
340,0,0,395,510,-115,0.0,20
340,1,1,451,472,-21,0.0,23
348,0,0,570,388,182,1.0,21
348,1,1,392,560,-168,0.0,23
356,0,0,385,492,-107,0.0,22
356,1,1,564,419,145,1.0,25
364,0,0,490,319,171,1.0,24
364,1,1,333,579,-246,0.0,23
372,0,0,469,398,71,1.0,25
372,1,1,347,447,-100,0.0,25
380,0,0,525,450,75,1.0,21
380,1,1,433,427,6,1.0,22
388,0,0,337,466,-129,0.0,26
388,1,1,386,392,-6,0.0,23
396,0,0,306,464,-158,0.0,28
396,1,1,414,516,-102,0.0,26
404,0,0,452,406,46,1.0,22
404,1,1,387,512,-125,0.0,23
412,0,0,432,461,-29,0.0,24
412,1,1,426,455,-29,0.0,22
420,0,0,460,508,-48,0.0,22
420,1,1,509,433,76,1.0,22
428,0,0,446,418,28,1.0,21
428,1,1,530,416,114,1.0,23
436,0,0,406,453,-47,0.0,23
436,1,1,449,551,-102,0.0,23
444,0,0,431,425,6,1.0,30
444,1,1,406,383,23,1.0,25
452,0,0,450,347,103,1.0,22
452,1,1,330,392,-62,0.0,26
460,0,0,570,412,158,1.0,20
460,1,1,464,454,10,1.0,25
468,0,0,438,461,-23,0.0,25
468,1,1,463,500,-37,0.0,26
476,0,0,543,424,119,1.0,21
476,1,1,445,542,-97,0.0,21
484,0,0,459,478,-19,0.0,23
484,1,1,547,505,42,1.0,21
492,0,0,454,429,25,1.0,24
492,1,1,450,475,-25,0.0,24
500,0,0,492,390,102,1.0,23
500,1,1,498,499,-1,0.0,22
508,0,0,349,513,-164,0.0,26
508,1,1,446,366,80,1.0,30
516,0,0,450,365,85,1.0,24
516,1,1,349,448,-99,0.0,26
524,0,0,476,421,55,1.0,23
524,1,1,394,476,-82,0.0,21
532,0,0,425,516,-91,0.0,22
532,1,1,429,421,8,1.0,26
540,0,0,354,492,-138,0.0,24
540,1,1,485,407,78,1.0,23
548,0,0,411,498,-87,0.0,22
548,1,1,457,486,-29,0.0,22
556,0,0,434,449,-15,0.0,21
556,1,1,448,436,12,1.0,24
564,0,0,404,474,-70,0.0,24
564,1,1,417,427,-10,0.0,26
572,0,0,529,494,35,1.0,22
572,1,1,358,524,-166,0.0,24
580,0,0,426,365,61,1.0,23
580,1,1,345,360,-15,0.0,28
588,0,0,369,458,-89,0.0,24
588,1,1,476,363,113,1.0,24
596,0,0,493,432,61,1.0,22
596,1,1,450,548,-98,0.0,21
604,0,0,505,353,152,1.0,24
604,1,1,483,527,-44,0.0,24
612,0,0,407,484,-77,0.0,23
612,1,1,468,401,67,1.0,23
620,0,0,605,400,205,1.0,21
620,1,1,453,472,-19,0.0,20
628,0,0,416,404,12,1.0,26
628,1,1,479,392,87,1.0,22
636,0,0,417,396,21,1.0,24
636,1,1,413,492,-79,0.0,23
644,0,0,496,443,53,1.0,23
644,1,1,480,470,10,1.0,23
652,0,0,525,362,163,1.0,23
652,1,1,375,559,-184,0.0,22
660,0,0,574,409,165,1.0,23
660,1,1,376,382,-6,0.0,25
668,0,0,433,405,28,1.0,24
668,1,1,435,482,-47,0.0,23
676,0,0,412,412,0,0.5,24
676,1,1,398,385,13,1.0,24
684,0,0,370,513,-143,0.0,23
684,1,1,384,485,-101,0.0,21
692,0,0,421,432,-11,0.0,22
692,1,1,411,459,-48,0.0,23
700,0,0,346,368,-22,0.0,27
700,1,1,441,379,62,1.0,20
708,0,0,437,436,1,1.0,23
708,1,1,391,481,-90,0.0,21
716,0,0,463,408,55,1.0,22
716,1,1,360,385,-25,0.0,22
724,0,0,408,440,-32,0.0,21
724,1,1,435,465,-30,0.0,22
732,0,0,487,509,-22,0.0,25
732,1,1,463,435,28,1.0,25
740,0,0,540,422,118,1.0,22
740,1,1,477,399,78,1.0,23
748,0,0,384,432,-48,0.0,21
748,1,1,469,419,50,1.0,24
756,0,0,500,357,143,1.0,22
756,1,1,419,538,-119,0.0,19
764,0,0,469,349,120,1.0,29
764,1,1,433,428,5,1.0,22
772,0,0,470,456,14,1.0,24
772,1,1,400,579,-179,0.0,19
780,0,0,395,507,-112,0.0,20
780,1,1,513,400,113,1.0,28
788,0,0,425,425,0,0.5,24
788,1,1,474,557,-83,0.0,21
796,0,0,429,450,-21,0.0,22
796,1,1,495,451,44,1.0,21
804,0,0,554,454,100,1.0,22
804,1,1,450,391,59,1.0,21
812,0,0,469,391,78,1.0,22
812,1,1,461,451,10,1.0,24
820,0,0,423,393,30,1.0,27
820,1,1,459,407,52,1.0,22
828,0,0,378,578,-200,0.0,20
828,1,1,432,429,3,1.0,22
836,0,0,536,381,155,1.0,22
836,1,1,384,459,-75,0.0,21
844,0,0,498,437,61,1.0,24
844,1,1,548,417,131,1.0,26
852,0,0,491,339,152,1.0,21
852,1,1,373,443,-70,0.0,25
860,0,0,420,517,-97,0.0,23
860,1,1,560,385,175,1.0,24
868,0,0,518,375,143,1.0,21
868,1,1,392,417,-25,0.0,24
876,0,0,422,449,-27,0.0,24
876,1,1,536,400,136,1.0,24
884,0,0,439,561,-122,0.0,18
884,1,1,472,450,22,1.0,22
892,0,0,501,319,182,1.0,26
892,1,1,412,461,-49,0.0,22
900,0,0,445,407,38,1.0,26
900,1,1,414,467,-53,0.0,21
908,0,0,368,352,16,1.0,23
908,1,1,406,385,21,1.0,27
916,0,0,513,392,121,1.0,27
916,1,1,368,465,-97,0.0,26
924,0,0,411,506,-95,0.0,24
924,1,1,569,345,224,1.0,27
932,0,0,390,561,-171,0.0,23
932,1,1,505,372,133,1.0,25
940,0,0,406,523,-117,0.0,22
940,1,1,554,426,128,1.0,20
948,0,0,552,377,175,1.0,21
948,1,1,402,637,-235,0.0,19
956,0,0,524,360,164,1.0,22
956,1,1,450,576,-126,0.0,20
964,0,0,493,442,51,1.0,29
964,1,1,348,499,-151,0.0,21
972,0,0,477,491,-14,0.0,25
972,1,1,414,351,63,1.0,25
980,0,0,475,534,-59,0.0,24
980,1,1,387,515,-128,0.0,19
988,0,0,429,376,53,1.0,23
988,1,1,423,429,-6,0.0,23
996,0,0,467,374,93,1.0,25
996,1,1,405,514,-109,0.0,24
1004,0,0,464,393,71,1.0,22
1004,1,1,379,447,-68,0.0,27
1012,0,0,483,423,60,1.0,25
1012,1,1,403,460,-57,0.0,24
1020,0,0,375,494,-119,0.0,24
1020,1,1,367,406,-39,0.0,29
1028,0,0,435,425,10,1.0,21
1028,1,1,479,420,59,1.0,23
1036,0,0,543,374,169,1.0,23
1036,1,1,368,538,-170,0.0,23
1044,0,0,510,362,148,1.0,25
1044,1,1,424,412,12,1.0,22
1052,0,0,439,471,-32,0.0,28
1052,1,1,497,485,12,1.0,23
1060,0,0,403,424,-21,0.0,25
1060,1,1,498,309,189,1.0,24
1068,0,0,421,407,14,1.0,26
1068,1,1,401,432,-31,0.0,21
1076,0,0,405,370,35,1.0,25
1076,1,1,443,464,-21,0.0,24
1084,0,0,373,454,-81,0.0,23
1084,1,1,459,320,139,1.0,23
1092,0,0,409,462,-53,0.0,21
1092,1,1,472,409,63,1.0,25
1100,0,0,619,375,244,1.0,19
1100,1,1,464,510,-46,0.0,21
1108,0,0,463,455,8,1.0,25
1108,1,1,494,405,89,1.0,25
1116,0,0,474,489,-15,0.0,22
1116,1,1,366,533,-167,0.0,26
1124,0,0,477,364,113,1.0,23
1124,1,1,421,435,-14,0.0,22
1132,0,0,401,513,-112,0.0,22
1132,1,1,578,404,174,1.0,25
1140,0,0,413,503,-90,0.0,23
1140,1,1,464,365,99,1.0,25
1148,0,0,409,491,-82,0.0,23
1148,1,1,388,493,-105,0.0,23
1156,0,0,330,520,-190,0.0,24
1156,1,1,463,465,-2,0.0,22
1164,0,0,439,424,15,1.0,24
1164,1,1,473,446,27,1.0,20
1172,0,0,393,459,-66,0.0,30
1172,1,1,359,412,-53,0.0,23
1180,0,0,426,426,0,0.5,28
1180,1,1,505,381,124,1.0,22
1188,0,0,377,459,-82,0.0,30
1188,1,1,401,448,-47,0.0,27
1196,0,0,458,420,38,1.0,22
1196,1,1,402,493,-91,0.0,23
1204,0,0,491,365,126,1.0,26
1204,1,1,336,552,-216,0.0,25
1212,0,0,388,407,-19,0.0,27
1212,1,1,325,370,-45,0.0,28
1220,0,0,466,373,93,1.0,25
1220,1,1,482,417,65,1.0,25
1228,0,0,507,334,173,1.0,22
1228,1,1,441,463,-22,0.0,23
1236,0,0,387,361,26,1.0,25
1236,1,1,513,513,0,0.5,22
1244,0,0,429,527,-98,0.0,27
1244,1,1,386,459,-73,0.0,25
1252,0,0,361,527,-166,0.0,24
1252,1,1,511,359,152,1.0,25
1260,0,0,518,383,135,1.0,23
1260,1,1,337,453,-116,0.0,31
1268,0,0,520,460,60,1.0,24
1268,1,1,396,415,-19,0.0,28
1276,0,0,461,441,20,1.0,22
1276,1,1,545,348,197,1.0,20
1284,0,0,395,409,-14,0.0,23
1284,1,1,350,439,-89,0.0,26
1292,0,0,440,442,-2,0.0,22
1292,1,1,437,436,1,1.0,24
1300,0,0,493,415,78,1.0,23
1300,1,1,466,445,21,1.0,23
1308,0,0,449,425,24,1.0,25
1308,1,1,443,532,-89,0.0,23
1316,0,0,546,407,139,1.0,21
1316,1,1,459,427,32,1.0,23
1324,0,0,482,478,4,1.0,21
1324,1,1,427,447,-20,0.0,21
1332,0,0,460,430,30,1.0,28
1332,1,1,461,380,81,1.0,24
1340,0,0,414,457,-43,0.0,24
1340,1,1,430,494,-64,0.0,24
1348,0,0,300,491,-191,0.0,24
1348,1,1,435,399,36,1.0,27
1356,0,0,400,486,-86,0.0,24
1356,1,1,456,482,-26,0.0,23
1364,0,0,414,418,-4,0.0,24
1364,1,1,468,471,-3,0.0,25
1372,0,0,404,516,-112,0.0,20
1372,1,1,494,479,15,1.0,22
1380,0,0,468,425,43,1.0,23
1380,1,1,475,461,14,1.0,21
1388,0,0,494,349,145,1.0,23
1388,1,1,399,513,-114,0.0,29
1396,0,0,454,451,3,1.0,21
1396,1,1,428,489,-61,0.0,21
1404,0,0,494,534,-40,0.0,23
1404,1,1,553,420,133,1.0,24
1412,0,0,507,551,-44,0.0,23
1412,1,1,516,383,133,1.0,25
1420,0,0,420,390,30,1.0,27
1420,1,1,494,390,104,1.0,27
1428,0,0,499,433,66,1.0,24
1428,1,1,482,416,66,1.0,24
1436,0,0,519,459,60,1.0,24
1436,1,1,478,399,79,1.0,20
1444,0,0,507,532,-25,0.0,20
1444,1,1,446,424,22,1.0,24
1452,0,0,520,596,-76,0.0,20
1452,1,1,552,337,215,1.0,22
1460,0,0,360,376,-16,0.0,23
1460,1,1,435,368,67,1.0,24
1468,0,0,519,465,54,1.0,22
1468,1,1,478,542,-64,0.0,21
1476,0,0,486,355,131,1.0,21
1476,1,1,486,473,13,1.0,24
1484,0,0,430,376,54,1.0,23
1484,1,1,454,463,-9,0.0,26
1492,0,0,408,395,13,1.0,24
1492,1,1,476,434,42,1.0,25
1500,0,0,600,377,223,1.0,21
1500,1,1,453,482,-29,0.0,24
1508,0,0,393,358,35,1.0,25
1508,1,1,370,450,-80,0.0,29
1516,0,0,468,342,126,1.0,20
1516,1,1,353,511,-158,0.0,26
1524,0,0,446,391,55,1.0,23
1524,1,1,351,496,-145,0.0,22
1532,0,0,418,425,-7,0.0,25
1532,1,1,399,462,-63,0.0,25
1540,0,0,414,445,-31,0.0,25
1540,1,1,467,499,-32,0.0,23
1548,0,0,547,305,242,1.0,23
1548,1,1,396,505,-109,0.0,21
1556,0,0,516,391,125,1.0,26
1556,1,1,433,515,-82,0.0,22
1564,0,0,524,423,101,1.0,22
1564,1,1,427,499,-72,0.0,22
1572,0,0,436,379,57,1.0,25
1572,1,1,466,399,67,1.0,23
1580,0,0,461,487,-26,0.0,25
1580,1,1,427,548,-121,0.0,22
1588,0,0,505,503,2,1.0,21
1588,1,1,485,485,0,0.5,22
1596,0,0,449,387,62,1.0,29
1596,1,1,415,432,-17,0.0,21
1604,0,0,585,407,178,1.0,21
1604,1,1,470,363,107,1.0,23
1612,0,0,463,390,73,1.0,24
1612,1,1,469,577,-108,0.0,22
1620,0,0,429,513,-84,0.0,22
1620,1,1,459,537,-78,0.0,25
1628,0,0,539,412,127,1.0,21
1628,1,1,351,419,-68,0.0,24
1636,0,0,453,520,-67,0.0,21
1636,1,1,505,340,165,1.0,20
1644,0,0,465,455,10,1.0,21
1644,1,1,331,459,-128,0.0,25
1652,0,0,460,412,48,1.0,24
1652,1,1,467,395,72,1.0,25
1660,0,0,377,510,-133,0.0,21
1660,1,1,445,411,34,1.0,21
1668,0,0,405,428,-23,0.0,23
1668,1,1,410,427,-17,0.0,25
1676,0,0,480,405,75,1.0,25
1676,1,1,433,449,-16,0.0,25
1684,0,0,568,426,142,1.0,23
1684,1,1,355,488,-133,0.0,23
1692,0,0,418,405,13,1.0,22
1692,1,1,443,508,-65,0.0,22
1700,0,0,496,515,-19,0.0,23
1700,1,1,520,551,-31,0.0,22
1708,0,0,504,392,112,1.0,26
1708,1,1,368,506,-138,0.0,26
1716,0,0,413,357,56,1.0,22
1716,1,1,408,512,-104,0.0,19
1724,0,0,461,512,-51,0.0,25
1724,1,1,397,433,-36,0.0,23
1732,0,0,428,434,-6,0.0,24
1732,1,1,368,443,-75,0.0,23
1740,0,0,470,335,135,1.0,23
1740,1,1,380,488,-108,0.0,23
1748,0,0,453,489,-36,0.0,24
1748,1,1,424,386,38,1.0,25
1756,0,0,453,458,-5,0.0,19
1756,1,1,510,400,110,1.0,23
1764,0,0,472,501,-29,0.0,21
1764,1,1,541,523,18,1.0,20
1772,0,0,408,523,-115,0.0,23
1772,1,1,518,397,121,1.0,23
1780,0,0,478,356,122,1.0,21
1780,1,1,516,454,62,1.0,20
1788,0,0,485,447,38,1.0,21
1788,1,1,409,431,-22,0.0,23
1796,0,0,468,433,35,1.0,25
1796,1,1,416,392,24,1.0,31
1804,0,0,487,435,52,1.0,19
1804,1,1,472,540,-68,0.0,20
1812,0,0,372,430,-58,0.0,24
1812,1,1,499,383,116,1.0,22
1820,0,0,391,478,-87,0.0,22
1820,1,1,525,380,145,1.0,22
1828,0,0,406,607,-201,0.0,22
1828,1,1,461,499,-38,0.0,23
1836,0,0,456,417,39,1.0,22
1836,1,1,380,484,-104,0.0,23
1844,0,0,472,457,15,1.0,29
1844,1,1,431,442,-11,0.0,24
1852,0,0,433,425,8,1.0,22
1852,1,1,447,477,-30,0.0,22
1860,0,0,396,468,-72,0.0,27
1860,1,1,493,400,93,1.0,21
1868,0,0,388,461,-73,0.0,23
1868,1,1,569,415,154,1.0,21
1876,0,0,433,440,-7,0.0,22
1876,1,1,513,364,149,1.0,24
1884,0,0,379,460,-81,0.0,23
1884,1,1,464,435,29,1.0,26
1892,0,0,463,442,21,1.0,24
1892,1,1,465,530,-65,0.0,22
1900,0,0,479,436,43,1.0,27
1900,1,1,466,410,56,1.0,26
1908,0,0,566,446,120,1.0,25
1908,1,1,485,409,76,1.0,22
1916,0,0,442,462,-20,0.0,24
1916,1,1,412,463,-51,0.0,23
1924,0,0,472,487,-15,0.0,24
1924,1,1,452,478,-26,0.0,19
1932,0,0,400,461,-61,0.0,24
1932,1,1,438,457,-19,0.0,22
1940,0,0,446,419,27,1.0,21
1940,1,1,434,526,-92,0.0,23
1948,0,0,407,586,-179,0.0,20
1948,1,1,511,443,68,1.0,21
1956,0,0,414,488,-74,0.0,20
1956,1,1,489,470,19,1.0,25
1964,0,0,516,411,105,1.0,22
1964,1,1,413,532,-119,0.0,21
1972,0,0,464,385,79,1.0,23
1972,1,1,354,492,-138,0.0,23
1980,0,0,534,342,192,1.0,23
1980,1,1,379,529,-150,0.0,23
1988,0,0,569,374,195,1.0,22
1988,1,1,439,468,-29,0.0,24
1996,0,0,465,387,78,1.0,22
1996,1,1,382,392,-10,0.0,23
pair,game,a_seat,a_score,b_score,a_spread,a_win,turns
5,0,0,480,393,87,1.0,25
5,1,1,381,455,-74,0.0,22
13,0,0,408,520,-112,0.0,19
13,1,1,438,417,21,1.0,21
21,0,0,544,342,202,1.0,23
21,1,1,371,547,-176,0.0,22
29,0,0,296,589,-293,0.0,21
29,1,1,546,358,188,1.0,22
37,0,0,367,481,-114,0.0,23
37,1,1,324,557,-233,0.0,26
45,0,0,500,403,97,1.0,23
45,1,1,389,403,-14,0.0,27
53,0,0,326,564,-238,0.0,23
53,1,1,488,437,51,1.0,26
61,0,0,400,408,-8,0.0,22
61,1,1,433,417,16,1.0,23
69,0,0,366,425,-59,0.0,25
69,1,1,528,412,116,1.0,23
77,0,0,457,437,20,1.0,20
77,1,1,445,474,-29,0.0,23
85,0,0,553,413,140,1.0,22
85,1,1,427,483,-56,0.0,26
93,0,0,488,370,118,1.0,20
93,1,1,351,437,-86,0.0,22
101,0,0,338,409,-71,0.0,28
101,1,1,322,416,-94,0.0,26
109,0,0,431,449,-18,0.0,28
109,1,1,565,327,238,1.0,23
117,0,0,410,382,28,1.0,30
117,1,1,380,353,27,1.0,28
125,0,0,399,432,-33,0.0,24
125,1,1,480,411,69,1.0,21
133,0,0,361,424,-63,0.0,23
133,1,1,518,402,116,1.0,26
141,0,0,482,387,95,1.0,26
141,1,1,326,444,-118,0.0,24
149,0,0,501,431,70,1.0,21
149,1,1,504,432,72,1.0,19
157,0,0,293,570,-277,0.0,24
157,1,1,544,318,226,1.0,23
165,0,0,322,564,-242,0.0,21
165,1,1,339,469,-130,0.0,22
173,0,0,507,428,79,1.0,20
173,1,1,455,442,13,1.0,21
181,0,0,504,392,112,1.0,24
181,1,1,386,467,-81,0.0,22
189,0,0,375,482,-107,0.0,25
189,1,1,456,330,126,1.0,27
197,0,0,497,394,103,1.0,22
197,1,1,377,482,-105,0.0,22
205,0,0,510,420,90,1.0,22
205,1,1,460,519,-59,0.0,19
213,0,0,465,424,41,1.0,23
213,1,1,409,514,-105,0.0,20
221,0,0,473,415,58,1.0,24
221,1,1,503,362,141,1.0,22
229,0,0,441,382,59,1.0,27
229,1,1,350,484,-134,0.0,24
237,0,0,456,513,-57,0.0,24
237,1,1,425,486,-61,0.0,22
245,0,0,381,442,-61,0.0,24
245,1,1,460,463,-3,0.0,23
253,0,0,461,425,36,1.0,22
253,1,1,475,486,-11,0.0,26
261,0,0,438,420,18,1.0,29
261,1,1,424,488,-64,0.0,25
269,0,0,414,391,23,1.0,25
269,1,1,421,422,-1,0.0,23
277,0,0,448,380,68,1.0,24
277,1,1,436,427,9,1.0,23
285,0,0,367,549,-182,0.0,23
285,1,1,568,391,177,1.0,23
293,0,0,533,443,90,1.0,24
293,1,1,462,445,17,1.0,20
301,0,0,413,385,28,1.0,25
301,1,1,515,367,148,1.0,25
309,0,0,352,538,-186,0.0,22
309,1,1,444,303,141,1.0,24
317,0,0,462,527,-65,0.0,21
317,1,1,423,472,-49,0.0,23
325,0,0,389,497,-108,0.0,23
325,1,1,516,433,83,1.0,23
333,0,0,368,418,-50,0.0,25
333,1,1,393,379,14,1.0,27
341,0,0,387,454,-67,0.0,24
341,1,1,381,505,-124,0.0,21
349,0,0,401,447,-46,0.0,27
349,1,1,524,376,148,1.0,23
357,0,0,474,527,-53,0.0,22
357,1,1,553,409,144,1.0,21
365,0,0,413,390,23,1.0,30
365,1,1,473,464,9,1.0,21
373,0,0,489,412,77,1.0,24
373,1,1,499,432,67,1.0,25
381,0,0,439,368,71,1.0,23
381,1,1,408,473,-65,0.0,24
389,0,0,310,416,-106,0.0,27
389,1,1,421,314,107,1.0,27
397,0,0,443,379,64,1.0,23
397,1,1,504,524,-20,0.0,22
405,0,0,448,461,-13,0.0,26
405,1,1,445,424,21,1.0,24
413,0,0,389,445,-56,0.0,26
413,1,1,524,370,154,1.0,23
421,0,0,449,561,-112,0.0,21
421,1,1,631,403,228,1.0,21
429,0,0,392,406,-14,0.0,26
429,1,1,469,416,53,1.0,24
437,0,0,411,372,39,1.0,27
437,1,1,407,523,-116,0.0,25
445,0,0,521,528,-7,0.0,24
445,1,1,415,339,76,1.0,23
453,0,0,455,579,-124,0.0,21
453,1,1,575,422,153,1.0,19
461,0,0,454,520,-66,0.0,21
461,1,1,447,523,-76,0.0,24
469,0,0,459,376,83,1.0,24
469,1,1,410,406,4,1.0,21
477,0,0,445,539,-94,0.0,21
477,1,1,555,416,139,1.0,25
485,0,0,532,422,110,1.0,22
485,1,1,460,502,-42,0.0,20
493,0,0,648,539,109,1.0,20
493,1,1,466,348,118,1.0,24
501,0,0,485,520,-35,0.0,20
501,1,1,494,459,35,1.0,20
509,0,0,414,545,-131,0.0,22
509,1,1,536,368,168,1.0,23
517,0,0,385,513,-128,0.0,21
517,1,1,510,445,65,1.0,21
525,0,0,585,381,204,1.0,24
525,1,1,399,495,-96,0.0,24
533,0,0,455,450,5,1.0,22
533,1,1,348,481,-133,0.0,22
541,0,0,522,414,108,1.0,22
541,1,1,444,534,-90,0.0,24
549,0,0,430,474,-44,0.0,27
549,1,1,365,389,-24,0.0,26
557,0,0,455,397,58,1.0,24
557,1,1,429,474,-45,0.0,25
565,0,0,388,488,-100,0.0,24
565,1,1,417,389,28,1.0,22
573,0,0,466,530,-64,0.0,23
573,1,1,350,466,-116,0.0,22
581,0,0,377,553,-176,0.0,23
581,1,1,539,359,180,1.0,22
589,0,0,380,511,-131,0.0,25
589,1,1,574,381,193,1.0,22
597,0,0,417,425,-8,0.0,23
597,1,1,417,449,-32,0.0,23
605,0,0,512,284,228,1.0,25
605,1,1,456,327,129,1.0,23
613,0,0,360,437,-77,0.0,28
613,1,1,489,357,132,1.0,33
621,0,0,449,378,71,1.0,23
621,1,1,422,392,30,1.0,27
629,0,0,378,546,-168,0.0,25
629,1,1,443,393,50,1.0,24
637,0,0,333,485,-152,0.0,25
637,1,1,455,322,133,1.0,26
645,0,0,449,500,-51,0.0,25
645,1,1,592,422,170,1.0,22
653,0,0,421,453,-32,0.0,26
653,1,1,385,416,-31,0.0,23
661,0,0,485,405,80,1.0,20
661,1,1,451,524,-73,0.0,22
669,0,0,533,496,37,1.0,23
669,1,1,409,435,-26,0.0,25
677,0,0,313,496,-183,0.0,22
677,1,1,462,455,7,1.0,21
685,0,0,514,471,43,1.0,22
685,1,1,495,470,25,1.0,24
693,0,0,351,503,-152,0.0,25
693,1,1,448,404,44,1.0,25
701,0,0,479,389,90,1.0,23
701,1,1,421,568,-147,0.0,22
709,0,0,517,458,59,1.0,22
709,1,1,494,369,125,1.0,26
717,0,0,445,452,-7,0.0,23
717,1,1,432,482,-50,0.0,20
725,0,0,356,406,-50,0.0,23
725,1,1,432,441,-9,0.0,30
733,0,0,382,518,-136,0.0,23
733,1,1,552,367,185,1.0,21
741,0,0,330,538,-208,0.0,25
741,1,1,542,369,173,1.0,21
749,0,0,505,394,111,1.0,27
749,1,1,431,496,-65,0.0,23
757,0,0,387,459,-72,0.0,31
757,1,1,555,416,139,1.0,25
765,0,0,439,464,-25,0.0,23
765,1,1,390,444,-54,0.0,22
773,0,0,453,417,36,1.0,25
773,1,1,386,446,-60,0.0,24
781,0,0,502,379,123,1.0,27
781,1,1,367,447,-80,0.0,28
789,0,0,420,430,-10,0.0,20
789,1,1,427,449,-22,0.0,22
797,0,0,298,485,-187,0.0,23
797,1,1,468,386,82,1.0,23
805,0,0,435,447,-12,0.0,22
805,1,1,385,443,-58,0.0,24
813,0,0,327,480,-153,0.0,25
813,1,1,455,320,135,1.0,29
821,0,0,426,464,-38,0.0,20
821,1,1,425,425,0,0.5,22
829,0,0,508,425,83,1.0,24
829,1,1,435,541,-106,0.0,28
837,0,0,534,390,144,1.0,22
837,1,1,399,458,-59,0.0,23
845,0,0,313,409,-96,0.0,26
845,1,1,439,370,69,1.0,26
853,0,0,432,429,3,1.0,20
853,1,1,328,460,-132,0.0,23
861,0,0,507,515,-8,0.0,25
861,1,1,495,414,81,1.0,26
869,0,0,497,372,125,1.0,22
869,1,1,516,513,3,1.0,20
877,0,0,340,537,-197,0.0,20
877,1,1,551,371,180,1.0,21
885,0,0,413,397,16,1.0,29
885,1,1,506,404,102,1.0,22
893,0,0,540,519,21,1.0,21
893,1,1,417,444,-27,0.0,22
901,0,0,455,399,56,1.0,21
901,1,1,443,430,13,1.0,20
909,0,0,454,502,-48,0.0,23
909,1,1,415,392,23,1.0,27
917,0,0,402,486,-84,0.0,22
917,1,1,386,454,-68,0.0,21
925,0,0,404,319,85,1.0,26
925,1,1,412,410,2,1.0,25
933,0,0,521,393,128,1.0,22
933,1,1,430,543,-113,0.0,22
941,0,0,473,409,64,1.0,20
941,1,1,405,449,-44,0.0,30
949,0,0,535,431,104,1.0,22
949,1,1,425,480,-55,0.0,21
957,0,0,465,415,50,1.0,22
957,1,1,500,426,74,1.0,24
965,0,0,462,520,-58,0.0,22
965,1,1,459,395,64,1.0,22
973,0,0,450,550,-100,0.0,22
973,1,1,489,472,17,1.0,23
981,0,0,395,405,-10,0.0,27
981,1,1,385,451,-66,0.0,24
989,0,0,461,444,17,1.0,22
989,1,1,439,390,49,1.0,24
997,0,0,485,395,90,1.0,21
997,1,1,396,522,-126,0.0,25
1005,0,0,564,353,211,1.0,22
1005,1,1,445,489,-44,0.0,22
1013,0,0,450,396,54,1.0,24
1013,1,1,353,508,-155,0.0,20
1021,0,0,498,411,87,1.0,23
1021,1,1,389,485,-96,0.0,23
1029,0,0,537,526,11,1.0,22
1029,1,1,415,407,8,1.0,25
1037,0,0,509,332,177,1.0,25
1037,1,1,361,501,-140,0.0,23
1045,0,0,400,443,-43,0.0,23
1045,1,1,433,570,-137,0.0,24
1053,0,0,404,405,-1,0.0,22
1053,1,1,364,386,-22,0.0,29
1061,0,0,417,363,54,1.0,25
1061,1,1,425,370,55,1.0,24
1069,0,0,509,398,111,1.0,24
1069,1,1,410,450,-40,0.0,24
1077,0,0,454,365,89,1.0,22
1077,1,1,459,442,17,1.0,21
1085,0,0,485,417,68,1.0,24
1085,1,1,370,459,-89,0.0,25
1093,0,0,438,406,32,1.0,26
1093,1,1,439,409,30,1.0,23
1101,0,0,317,576,-259,0.0,26
1101,1,1,412,395,17,1.0,26
1109,0,0,372,539,-167,0.0,23
1109,1,1,435,339,96,1.0,24
1117,0,0,417,491,-74,0.0,21
1117,1,1,507,302,205,1.0,23
1125,0,0,466,469,-3,0.0,23
1125,1,1,455,449,6,1.0,24
1133,0,0,475,379,96,1.0,26
1133,1,1,403,460,-57,0.0,25
1141,0,0,391,476,-85,0.0,29
1141,1,1,457,405,52,1.0,22
1149,0,0,451,387,64,1.0,23
1149,1,1,459,493,-34,0.0,20
1157,0,0,418,607,-189,0.0,21
1157,1,1,645,359,286,1.0,22
1165,0,0,536,469,67,1.0,22
1165,1,1,583,406,177,1.0,23
1173,0,0,535,431,104,1.0,24
1173,1,1,501,464,37,1.0,25
1181,0,0,454,468,-14,0.0,23
1181,1,1,492,504,-12,0.0,22
1189,0,0,396,493,-97,0.0,20
1189,1,1,455,546,-91,0.0,25
1197,0,0,490,399,91,1.0,22
1197,1,1,396,472,-76,0.0,22
1205,0,0,396,404,-8,0.0,23
1205,1,1,362,414,-52,0.0,28
1213,0,0,421,448,-27,0.0,23
1213,1,1,600,409,191,1.0,21
1221,0,0,461,465,-4,0.0,20
1221,1,1,445,401,44,1.0,24
1229,0,0,514,471,43,1.0,22
1229,1,1,487,509,-22,0.0,23
1237,0,0,439,479,-40,0.0,24
1237,1,1,426,441,-15,0.0,26
1245,0,0,282,589,-307,0.0,21
1245,1,1,502,370,132,1.0,24
1253,0,0,427,455,-28,0.0,24
1253,1,1,426,434,-8,0.0,25
1261,0,0,383,552,-169,0.0,23
1261,1,1,436,411,25,1.0,30
1269,0,0,436,505,-69,0.0,24
1269,1,1,651,368,283,1.0,23
1277,0,0,415,422,-7,0.0,24
1277,1,1,500,462,38,1.0,25
1285,0,0,406,382,24,1.0,26
1285,1,1,466,402,64,1.0,24
1293,0,0,479,457,22,1.0,23
1293,1,1,555,412,143,1.0,26
1301,0,0,373,480,-107,0.0,27
1301,1,1,456,348,108,1.0,26
1309,0,0,405,436,-31,0.0,23
1309,1,1,420,444,-24,0.0,27
1317,0,0,368,482,-114,0.0,24
1317,1,1,453,398,55,1.0,24
1325,0,0,516,389,127,1.0,24
1325,1,1,397,526,-129,0.0,21
1333,0,0,402,527,-125,0.0,21
1333,1,1,470,419,51,1.0,19
1341,0,0,486,393,93,1.0,25
1341,1,1,544,465,79,1.0,24
1349,0,0,443,567,-124,0.0,21
1349,1,1,524,314,210,1.0,23
1357,0,0,455,420,35,1.0,22
1357,1,1,435,509,-74,0.0,25
1365,0,0,459,329,130,1.0,24
1365,1,1,455,430,25,1.0,25
1373,0,0,539,429,110,1.0,25
1373,1,1,462,402,60,1.0,22
1381,0,0,402,530,-128,0.0,24
1381,1,1,530,402,128,1.0,24
1389,0,0,340,507,-167,0.0,26
1389,1,1,402,404,-2,0.0,24
1397,0,0,385,499,-114,0.0,21
1397,1,1,429,400,29,1.0,26
1405,0,0,391,428,-37,0.0,23
1405,1,1,465,383,82,1.0,25
1413,0,0,342,390,-48,0.0,26
1413,1,1,392,430,-38,0.0,23
1421,0,0,530,411,119,1.0,21
1421,1,1,418,438,-20,0.0,27
1429,0,0,358,420,-62,0.0,23
1429,1,1,440,466,-26,0.0,20
1437,0,0,391,448,-57,0.0,21
1437,1,1,515,411,104,1.0,24
1445,0,0,354,514,-160,0.0,24
1445,1,1,541,480,61,1.0,21
1453,0,0,468,422,46,1.0,22
1453,1,1,379,439,-60,0.0,22
1461,0,0,389,431,-42,0.0,27
1461,1,1,498,439,59,1.0,23
1469,0,0,519,478,41,1.0,19
1469,1,1,449,479,-30,0.0,19
1477,0,0,505,427,78,1.0,25
1477,1,1,462,396,66,1.0,25
1485,0,0,428,365,63,1.0,26
1485,1,1,344,535,-191,0.0,22
1493,0,0,561,438,123,1.0,21
1493,1,1,484,454,30,1.0,20
1501,0,0,418,415,3,1.0,27
1501,1,1,495,445,50,1.0,28
1509,0,0,441,402,39,1.0,25
1509,1,1,414,417,-3,0.0,25
1517,0,0,410,379,31,1.0,25
1517,1,1,375,524,-149,0.0,23
1525,0,0,471,467,4,1.0,20
1525,1,1,385,480,-95,0.0,26
1533,0,0,454,431,23,1.0,23
1533,1,1,405,480,-75,0.0,25
1541,0,0,547,389,158,1.0,25
1541,1,1,413,388,25,1.0,32
1549,0,0,446,532,-86,0.0,27
1549,1,1,445,425,20,1.0,22
1557,0,0,428,490,-62,0.0,20
1557,1,1,579,440,139,1.0,21
1565,0,0,469,466,3,1.0,25
1565,1,1,470,422,48,1.0,23
1573,0,0,405,599,-194,0.0,19
1573,1,1,477,411,66,1.0,22
1581,0,0,428,464,-36,0.0,23
1581,1,1,425,462,-37,0.0,24
1589,0,0,454,423,31,1.0,23
1589,1,1,507,416,91,1.0,24
1597,0,0,468,441,27,1.0,22
1597,1,1,452,484,-32,0.0,22
1605,0,0,408,484,-76,0.0,20
1605,1,1,609,367,242,1.0,23
1613,0,0,503,432,71,1.0,24
1613,1,1,424,379,45,1.0,27
1621,0,0,420,522,-102,0.0,21
1621,1,1,477,469,8,1.0,22
1629,0,0,385,331,54,1.0,26
1629,1,1,476,347,129,1.0,23
1637,0,0,450,422,28,1.0,24
1637,1,1,460,415,45,1.0,22
1645,0,0,378,522,-144,0.0,25
1645,1,1,476,452,24,1.0,23
1653,0,0,423,445,-22,0.0,24
1653,1,1,480,452,28,1.0,21
1661,0,0,451,471,-20,0.0,22
1661,1,1,469,449,20,1.0,23
1669,0,0,417,554,-137,0.0,21
1669,1,1,660,365,295,1.0,21
1677,0,0,379,516,-137,0.0,19
1677,1,1,516,446,70,1.0,20
1685,0,0,466,433,33,1.0,26
1685,1,1,484,434,50,1.0,22
1693,0,0,468,414,54,1.0,25
1693,1,1,514,424,90,1.0,23
1701,0,0,355,505,-150,0.0,22
1701,1,1,575,314,261,1.0,29
1709,0,0,435,457,-22,0.0,22
1709,1,1,519,381,138,1.0,23
1717,0,0,491,492,-1,0.0,23
1717,1,1,511,461,50,1.0,22
1725,0,0,415,571,-156,0.0,21
1725,1,1,607,376,231,1.0,22
1733,0,0,444,426,18,1.0,25
1733,1,1,504,525,-21,0.0,21
1741,0,0,434,472,-38,0.0,23
1741,1,1,522,439,83,1.0,24
1749,0,0,412,460,-48,0.0,24
1749,1,1,457,436,21,1.0,24
1757,0,0,489,452,37,1.0,22
1757,1,1,461,394,67,1.0,23
1765,0,0,483,469,14,1.0,24
1765,1,1,379,567,-188,0.0,24
1773,0,0,370,530,-160,0.0,23
1773,1,1,374,476,-102,0.0,23
1781,0,0,485,362,123,1.0,23
1781,1,1,449,403,46,1.0,24
1789,0,0,382,464,-82,0.0,25
1789,1,1,544,480,64,1.0,21
1797,0,0,492,465,27,1.0,22
1797,1,1,457,393,64,1.0,21
1805,0,0,348,539,-191,0.0,24
1805,1,1,537,414,123,1.0,21
1813,0,0,424,423,1,1.0,27
1813,1,1,397,481,-84,0.0,23
1821,0,0,392,416,-24,0.0,27
1821,1,1,462,472,-10,0.0,23
1829,0,0,449,500,-51,0.0,22
1829,1,1,391,551,-160,0.0,24
1837,0,0,432,536,-104,0.0,22
1837,1,1,446,392,54,1.0,30
1845,0,0,426,546,-120,0.0,21
1845,1,1,536,393,143,1.0,24
1853,0,0,388,520,-132,0.0,22
1853,1,1,457,432,25,1.0,19
1861,0,0,374,427,-53,0.0,24
1861,1,1,410,458,-48,0.0,23
1869,0,0,446,555,-109,0.0,20
1869,1,1,503,433,70,1.0,23
1877,0,0,480,417,63,1.0,25
1877,1,1,440,535,-95,0.0,23
1885,0,0,375,375,0,0.5,25
1885,1,1,480,386,94,1.0,25
1893,0,0,359,437,-78,0.0,23
1893,1,1,525,445,80,1.0,20
1901,0,0,361,500,-139,0.0,19
1901,1,1,412,477,-65,0.0,23
1909,0,0,460,443,17,1.0,22
1909,1,1,578,469,109,1.0,23
1917,0,0,421,413,8,1.0,25
1917,1,1,452,392,60,1.0,24
1925,0,0,461,436,25,1.0,26
1925,1,1,424,465,-41,0.0,23
1933,0,0,537,339,198,1.0,20
1933,1,1,488,474,14,1.0,23
1941,0,0,452,477,-25,0.0,23
1941,1,1,422,420,2,1.0,23
1949,0,0,475,419,56,1.0,23
1949,1,1,452,539,-87,0.0,24
1957,0,0,470,339,131,1.0,22
1957,1,1,484,499,-15,0.0,28
1965,0,0,484,380,104,1.0,22
1965,1,1,417,487,-70,0.0,24
1973,0,0,383,492,-109,0.0,23
1973,1,1,440,401,39,1.0,25
1981,0,0,439,455,-16,0.0,22
1981,1,1,447,450,-3,0.0,22
1989,0,0,388,496,-108,0.0,21
1989,1,1,456,443,13,1.0,28
1997,0,0,442,433,9,1.0,25
1997,1,1,558,356,202,1.0,22
pair,game,a_seat,a_score,b_score,a_spread,a_win,turns
6,0,0,572,304,268,1.0,25
6,1,1,484,435,49,1.0,26
14,0,0,441,445,-4,0.0,22
14,1,1,465,400,65,1.0,24
22,0,0,414,365,49,1.0,26
22,1,1,461,439,22,1.0,22
30,0,0,472,449,23,1.0,21
30,1,1,502,331,171,1.0,22
38,0,0,448,507,-59,0.0,22
38,1,1,472,411,61,1.0,21
46,0,0,431,407,24,1.0,23
46,1,1,386,544,-158,0.0,23
54,0,0,489,366,123,1.0,22
54,1,1,428,442,-14,0.0,22
62,0,0,482,431,51,1.0,23
62,1,1,417,427,-10,0.0,21
70,0,0,442,437,5,1.0,23
70,1,1,479,474,5,1.0,22
78,0,0,465,443,22,1.0,24
78,1,1,449,412,37,1.0,27
86,0,0,451,442,9,1.0,22
86,1,1,453,459,-6,0.0,25
94,0,0,533,292,241,1.0,24
94,1,1,282,567,-285,0.0,23
102,0,0,494,421,73,1.0,26
102,1,1,414,446,-32,0.0,22
110,0,0,486,418,68,1.0,25
110,1,1,453,487,-34,0.0,27
118,0,0,551,405,146,1.0,24
118,1,1,455,427,28,1.0,24
126,0,0,369,502,-133,0.0,20
126,1,1,411,462,-51,0.0,21
134,0,0,532,464,68,1.0,27
134,1,1,487,462,25,1.0,23
142,0,0,521,423,98,1.0,23
142,1,1,458,522,-64,0.0,22
150,0,0,478,380,98,1.0,28
150,1,1,419,386,33,1.0,26
158,0,0,464,436,28,1.0,24
158,1,1,443,400,43,1.0,29
166,0,0,455,383,72,1.0,22
166,1,1,383,544,-161,0.0,23
174,0,0,403,391,12,1.0,27
174,1,1,487,463,24,1.0,23
182,0,0,484,387,97,1.0,23
182,1,1,399,560,-161,0.0,21
190,0,0,559,359,200,1.0,21
190,1,1,311,580,-269,0.0,25
198,0,0,492,399,93,1.0,24
198,1,1,444,450,-6,0.0,23
206,0,0,482,407,75,1.0,23
206,1,1,508,447,61,1.0,21
214,0,0,347,471,-124,0.0,21
214,1,1,441,398,43,1.0,24
222,0,0,538,450,88,1.0,21
222,1,1,476,564,-88,0.0,21
230,0,0,433,437,-4,0.0,25
230,1,1,442,489,-47,0.0,25
238,0,0,419,391,28,1.0,25
238,1,1,403,372,31,1.0,28
246,0,0,404,455,-51,0.0,25
246,1,1,471,426,45,1.0,20
254,0,0,445,366,79,1.0,24
254,1,1,431,421,10,1.0,24
262,0,0,546,424,122,1.0,23
262,1,1,422,425,-3,0.0,27
270,0,0,480,397,83,1.0,28
270,1,1,414,379,35,1.0,24
278,0,0,567,407,160,1.0,22
278,1,1,455,513,-58,0.0,22
286,0,0,452,353,99,1.0,25
286,1,1,281,541,-260,0.0,32
294,0,0,537,377,160,1.0,23
294,1,1,357,508,-151,0.0,23
302,0,0,385,442,-57,0.0,28
302,1,1,437,485,-48,0.0,21
310,0,0,500,334,166,1.0,23
310,1,1,382,425,-43,0.0,24
318,0,0,366,470,-104,0.0,24
318,1,1,467,386,81,1.0,22
326,0,0,632,366,266,1.0,24
326,1,1,297,483,-186,0.0,28
334,0,0,351,544,-193,0.0,23
334,1,1,430,323,107,1.0,22
342,0,0,548,416,132,1.0,19
342,1,1,435,364,71,1.0,22
350,0,0,366,488,-122,0.0,25
350,1,1,458,424,34,1.0,21
358,0,0,375,432,-57,0.0,25
358,1,1,424,462,-38,0.0,25
366,0,0,470,445,25,1.0,21
366,1,1,445,539,-94,0.0,21
374,0,0,447,435,12,1.0,24
374,1,1,504,488,16,1.0,22
382,0,0,525,363,162,1.0,23
382,1,1,377,436,-59,0.0,21
390,0,0,463,381,82,1.0,24
390,1,1,448,432,16,1.0,24
398,0,0,444,426,18,1.0,24
398,1,1,485,562,-77,0.0,22
406,0,0,547,428,119,1.0,22
406,1,1,410,547,-137,0.0,19
414,0,0,479,484,-5,0.0,23
414,1,1,506,433,73,1.0,25
422,0,0,391,447,-56,0.0,28
422,1,1,429,466,-37,0.0,25
430,0,0,467,408,59,1.0,21
430,1,1,392,566,-174,0.0,21
438,0,0,376,491,-115,0.0,22
438,1,1,535,366,169,1.0,24
446,0,0,559,450,109,1.0,22
446,1,1,369,417,-48,0.0,23
454,0,0,544,407,137,1.0,28
454,1,1,331,530,-199,0.0,21
462,0,0,406,512,-106,0.0,27
462,1,1,528,473,55,1.0,23
470,0,0,375,459,-84,0.0,27
470,1,1,466,500,-34,0.0,24
478,0,0,421,525,-104,0.0,22
478,1,1,530,411,119,1.0,22
486,0,0,447,483,-36,0.0,22
486,1,1,451,403,48,1.0,23
494,0,0,441,362,79,1.0,21
494,1,1,360,460,-100,0.0,26
502,0,0,496,398,98,1.0,26
502,1,1,332,477,-145,0.0,24
510,0,0,405,517,-112,0.0,22
510,1,1,440,449,-9,0.0,24
518,0,0,503,492,11,1.0,22
518,1,1,432,396,36,1.0,26
526,0,0,460,444,16,1.0,22
526,1,1,526,334,192,1.0,26
534,0,0,470,445,25,1.0,23
534,1,1,357,452,-95,0.0,23
542,0,0,509,516,-7,0.0,22
542,1,1,389,464,-75,0.0,23
550,0,0,374,439,-65,0.0,29
550,1,1,433,465,-32,0.0,24
558,0,0,514,343,171,1.0,25
558,1,1,488,512,-24,0.0,22
566,0,0,387,511,-124,0.0,21
566,1,1,498,445,53,1.0,20
574,0,0,389,566,-177,0.0,22
574,1,1,444,436,8,1.0,23
582,0,0,492,456,36,1.0,25
582,1,1,448,503,-55,0.0,24
590,0,0,415,412,3,1.0,23
590,1,1,414,381,33,1.0,25
598,0,0,409,458,-49,0.0,28
598,1,1,508,401,107,1.0,25
606,0,0,475,458,17,1.0,21
606,1,1,360,538,-178,0.0,25
614,0,0,386,500,-114,0.0,20
614,1,1,372,414,-42,0.0,24
622,0,0,468,393,75,1.0,25
622,1,1,480,425,55,1.0,27
630,0,0,338,445,-107,0.0,22
630,1,1,383,414,-31,0.0,22
638,0,0,356,488,-132,0.0,23
638,1,1,478,390,88,1.0,22
646,0,0,376,543,-167,0.0,22
646,1,1,466,361,105,1.0,22
654,0,0,494,559,-65,0.0,22
654,1,1,389,442,-53,0.0,24
662,0,0,458,505,-47,0.0,20
662,1,1,468,470,-2,0.0,20
670,0,0,467,444,23,1.0,23
670,1,1,371,463,-92,0.0,23
678,0,0,395,420,-25,0.0,25
678,1,1,358,551,-193,0.0,23
686,0,0,426,482,-56,0.0,23
686,1,1,578,407,171,1.0,22
694,0,0,502,421,81,1.0,23
694,1,1,388,446,-58,0.0,25
702,0,0,375,455,-80,0.0,25
702,1,1,491,483,8,1.0,23
710,0,0,432,412,20,1.0,22
710,1,1,494,396,98,1.0,23
718,0,0,367,537,-170,0.0,23
718,1,1,448,379,69,1.0,21
726,0,0,487,411,76,1.0,23
726,1,1,427,347,80,1.0,26
734,0,0,413,411,2,1.0,27
734,1,1,411,460,-49,0.0,22
742,0,0,394,437,-43,0.0,29
742,1,1,456,509,-53,0.0,21
750,0,0,474,410,64,1.0,22
750,1,1,419,424,-5,0.0,24
758,0,0,391,521,-130,0.0,24
758,1,1,552,374,178,1.0,23
766,0,0,545,439,106,1.0,19
766,1,1,482,392,90,1.0,22
774,0,0,501,482,19,1.0,22
774,1,1,317,598,-281,0.0,21
782,0,0,419,349,70,1.0,27
782,1,1,429,489,-60,0.0,28
790,0,0,389,576,-187,0.0,22
790,1,1,465,503,-38,0.0,20
798,0,0,513,472,41,1.0,21
798,1,1,399,495,-96,0.0,25
806,0,0,409,558,-149,0.0,22
806,1,1,577,454,123,1.0,21
814,0,0,354,441,-87,0.0,24
814,1,1,357,479,-122,0.0,25
822,0,0,410,457,-47,0.0,23
822,1,1,450,439,11,1.0,26
830,0,0,451,488,-37,0.0,22
830,1,1,458,411,47,1.0,28
838,0,0,390,456,-66,0.0,20
838,1,1,466,431,35,1.0,24
846,0,0,505,413,92,1.0,19
846,1,1,485,438,47,1.0,21
854,0,0,545,425,120,1.0,20
854,1,1,542,480,62,1.0,18
862,0,0,474,410,64,1.0,24
862,1,1,361,489,-128,0.0,23
870,0,0,540,370,170,1.0,23
870,1,1,333,549,-216,0.0,25
878,0,0,544,458,86,1.0,20
878,1,1,439,481,-42,0.0,21
886,0,0,415,341,74,1.0,27
886,1,1,488,460,28,1.0,24
894,0,0,397,510,-113,0.0,22
894,1,1,523,420,103,1.0,20
902,0,0,481,471,10,1.0,22
902,1,1,527,459,68,1.0,18
910,0,0,445,385,60,1.0,24
910,1,1,364,544,-180,0.0,25
918,0,0,473,404,69,1.0,29
918,1,1,423,481,-58,0.0,23
926,0,0,382,499,-117,0.0,24
926,1,1,409,374,35,1.0,25
934,0,0,347,440,-93,0.0,24
934,1,1,389,458,-69,0.0,24
942,0,0,311,566,-255,0.0,22
942,1,1,554,401,153,1.0,22
950,0,0,469,360,109,1.0,22
950,1,1,397,473,-76,0.0,21
958,0,0,357,461,-104,0.0,22
958,1,1,379,493,-114,0.0,22
966,0,0,489,383,106,1.0,22
966,1,1,483,381,102,1.0,25
974,0,0,497,365,132,1.0,21
974,1,1,426,483,-57,0.0,25
982,0,0,394,429,-35,0.0,23
982,1,1,418,493,-75,0.0,23
990,0,0,513,510,3,1.0,19
990,1,1,511,513,-2,0.0,19
998,0,0,441,425,16,1.0,25
998,1,1,290,486,-196,0.0,25
1006,0,0,494,409,85,1.0,21
1006,1,1,405,480,-75,0.0,24
1014,0,0,436,439,-3,0.0,21
1014,1,1,513,454,59,1.0,22
1022,0,0,338,388,-50,0.0,25
1022,1,1,473,341,132,1.0,24
1030,0,0,437,429,8,1.0,22
1030,1,1,385,487,-102,0.0,23
1038,0,0,372,535,-163,0.0,22
1038,1,1,409,492,-83,0.0,23
1046,0,0,413,479,-66,0.0,23
1046,1,1,413,451,-38,0.0,28
1054,0,0,502,443,59,1.0,24
1054,1,1,385,522,-137,0.0,23
1062,0,0,435,415,20,1.0,28
1062,1,1,477,392,85,1.0,28
1070,0,0,528,296,232,1.0,23
1070,1,1,391,478,-87,0.0,23
1078,0,0,323,547,-224,0.0,24
1078,1,1,487,270,217,1.0,31
1086,0,0,459,460,-1,0.0,24
1086,1,1,444,437,7,1.0,22
1094,0,0,464,409,55,1.0,23
1094,1,1,351,464,-113,0.0,24
1102,0,0,556,314,242,1.0,22
1102,1,1,370,548,-178,0.0,21
1110,0,0,427,334,93,1.0,26
1110,1,1,398,470,-72,0.0,24
1118,0,0,462,296,166,1.0,24
1118,1,1,375,494,-119,0.0,23
1126,0,0,488,419,69,1.0,24
1126,1,1,433,408,25,1.0,20
1134,0,0,400,375,25,1.0,25
1134,1,1,374,431,-57,0.0,23
1142,0,0,396,467,-71,0.0,24
1142,1,1,395,357,38,1.0,24
1150,0,0,483,398,85,1.0,23
1150,1,1,471,495,-24,0.0,20
1158,0,0,575,333,242,1.0,23
1158,1,1,358,530,-172,0.0,23
1166,0,0,448,507,-59,0.0,21
1166,1,1,407,471,-64,0.0,22
1174,0,0,380,500,-120,0.0,24
1174,1,1,589,426,163,1.0,20
1182,0,0,362,439,-77,0.0,28
1182,1,1,429,423,6,1.0,27
1190,0,0,404,518,-114,0.0,24
1190,1,1,471,395,76,1.0,22
1198,0,0,470,449,21,1.0,22
1198,1,1,449,449,0,0.5,24
1206,0,0,473,537,-64,0.0,22
1206,1,1,401,432,-31,0.0,25
1214,0,0,399,358,41,1.0,24
1214,1,1,478,454,24,1.0,22
1222,0,0,389,474,-85,0.0,22
1222,1,1,421,377,44,1.0,22
1230,0,0,349,462,-113,0.0,24
1230,1,1,526,415,111,1.0,21
1238,0,0,467,373,94,1.0,21
1238,1,1,319,527,-208,0.0,21
1246,0,0,402,550,-148,0.0,23
1246,1,1,499,446,53,1.0,20
1254,0,0,449,437,12,1.0,23
1254,1,1,396,400,-4,0.0,25
1262,0,0,451,424,27,1.0,21
1262,1,1,329,503,-174,0.0,23
1270,0,0,406,406,0,0.5,25
1270,1,1,366,506,-140,0.0,22
1278,0,0,417,351,66,1.0,25
1278,1,1,429,363,66,1.0,22
1286,0,0,447,272,175,1.0,29
1286,1,1,338,476,-138,0.0,25
1294,0,0,513,436,77,1.0,21
1294,1,1,383,497,-114,0.0,19
1302,0,0,473,420,53,1.0,22
1302,1,1,346,513,-167,0.0,23
1310,0,0,495,406,89,1.0,24
1310,1,1,364,552,-188,0.0,21
1318,0,0,444,552,-108,0.0,23
1318,1,1,515,471,44,1.0,23
1326,0,0,411,369,42,1.0,26
1326,1,1,302,384,-82,0.0,35
1334,0,0,542,407,135,1.0,21
1334,1,1,386,474,-88,0.0,24
1342,0,0,338,428,-90,0.0,28
1342,1,1,433,385,48,1.0,28
1350,0,0,479,562,-83,0.0,27
1350,1,1,444,557,-113,0.0,23
1358,0,0,474,409,65,1.0,21
1358,1,1,409,474,-65,0.0,21
1366,0,0,414,437,-23,0.0,24
1366,1,1,458,446,12,1.0,22
1374,0,0,524,384,140,1.0,23
1374,1,1,353,430,-77,0.0,24
1382,0,0,414,555,-141,0.0,22
1382,1,1,472,323,149,1.0,22
1390,0,0,487,391,96,1.0,24
1390,1,1,500,408,92,1.0,21
1398,0,0,495,430,65,1.0,30
1398,1,1,472,420,52,1.0,23
1406,0,0,544,423,121,1.0,23
1406,1,1,469,459,10,1.0,27
1414,0,0,514,424,90,1.0,21
1414,1,1,367,478,-111,0.0,24
1422,0,0,687,401,286,1.0,24
1422,1,1,407,546,-139,0.0,22
1430,0,0,429,405,24,1.0,26
1430,1,1,437,442,-5,0.0,23
1438,0,0,513,421,92,1.0,20
1438,1,1,402,643,-241,0.0,21
1446,0,0,335,557,-222,0.0,22
1446,1,1,475,387,88,1.0,22
1454,0,0,468,464,4,1.0,24
1454,1,1,416,461,-45,0.0,23
1462,0,0,420,363,57,1.0,22
1462,1,1,443,479,-36,0.0,22
1470,0,0,420,456,-36,0.0,22
1470,1,1,447,414,33,1.0,20
1478,0,0,461,363,98,1.0,24
1478,1,1,431,413,18,1.0,22
1486,0,0,418,571,-153,0.0,20
1486,1,1,534,521,13,1.0,21
1494,0,0,603,325,278,1.0,23
1494,1,1,411,550,-139,0.0,22
1502,0,0,487,315,172,1.0,23
1502,1,1,434,300,134,1.0,26
1510,0,0,451,373,78,1.0,23
1510,1,1,410,530,-120,0.0,23
1518,0,0,580,360,220,1.0,21
1518,1,1,357,449,-92,0.0,28
1526,0,0,360,421,-61,0.0,22
1526,1,1,454,615,-161,0.0,23
1534,0,0,428,470,-42,0.0,24
1534,1,1,527,410,117,1.0,24
1542,0,0,416,466,-50,0.0,21
1542,1,1,419,429,-10,0.0,21
1550,0,0,453,336,117,1.0,24
1550,1,1,365,592,-227,0.0,24
1558,0,0,378,421,-43,0.0,27
1558,1,1,415,355,60,1.0,25
1566,0,0,466,490,-24,0.0,22
1566,1,1,370,525,-155,0.0,21
1574,0,0,482,312,170,1.0,23
1574,1,1,428,398,30,1.0,26
1582,0,0,377,571,-194,0.0,26
1582,1,1,497,429,68,1.0,25
1590,0,0,522,415,107,1.0,21
1590,1,1,461,458,3,1.0,22
1598,0,0,462,456,6,1.0,21
1598,1,1,458,636,-178,0.0,19
1606,0,0,550,397,153,1.0,23
1606,1,1,470,492,-22,0.0,24
1614,0,0,497,350,147,1.0,24
1614,1,1,417,491,-74,0.0,21
1622,0,0,384,442,-58,0.0,23
1622,1,1,383,474,-91,0.0,22
1630,0,0,386,604,-218,0.0,23
1630,1,1,496,372,124,1.0,20
1638,0,0,411,452,-41,0.0,25
1638,1,1,444,360,84,1.0,22
1646,0,0,509,450,59,1.0,22
1646,1,1,439,523,-84,0.0,21
1654,0,0,434,451,-17,0.0,23
1654,1,1,347,547,-200,0.0,21
1662,0,0,504,412,92,1.0,21
1662,1,1,418,504,-86,0.0,21
1670,0,0,471,436,35,1.0,26
1670,1,1,371,512,-141,0.0,26
1678,0,0,553,351,202,1.0,21
1678,1,1,472,447,25,1.0,23
1686,0,0,372,620,-248,0.0,22
1686,1,1,458,393,65,1.0,23
1694,0,0,486,448,38,1.0,23
1694,1,1,447,387,60,1.0,24
1702,0,0,483,460,23,1.0,21
1702,1,1,383,481,-98,0.0,26
1710,0,0,483,426,57,1.0,25
1710,1,1,402,459,-57,0.0,23
1718,0,0,439,483,-44,0.0,24
1718,1,1,463,400,63,1.0,24
1726,0,0,436,412,24,1.0,23
1726,1,1,422,443,-21,0.0,21
1734,0,0,501,431,70,1.0,20
1734,1,1,445,413,32,1.0,25
1742,0,0,466,418,48,1.0,22
1742,1,1,354,464,-110,0.0,30
1750,0,0,376,391,-15,0.0,23
1750,1,1,397,422,-25,0.0,24
1758,0,0,474,474,0,0.5,20
1758,1,1,411,513,-102,0.0,24
1766,0,0,518,442,76,1.0,19
1766,1,1,379,468,-89,0.0,23
1774,0,0,442,546,-104,0.0,21
1774,1,1,417,452,-35,0.0,22
1782,0,0,441,540,-99,0.0,23
1782,1,1,601,438,163,1.0,23
1790,0,0,457,438,19,1.0,22
1790,1,1,495,378,117,1.0,22
1798,0,0,403,402,1,1.0,23
1798,1,1,434,337,97,1.0,27
1806,0,0,367,416,-49,0.0,25
1806,1,1,357,411,-54,0.0,23
1814,0,0,406,512,-106,0.0,21
1814,1,1,489,355,134,1.0,24
1822,0,0,357,456,-99,0.0,22
1822,1,1,438,415,23,1.0,24
1830,0,0,455,435,20,1.0,22
1830,1,1,355,422,-67,0.0,26
1838,0,0,516,352,164,1.0,22
1838,1,1,382,448,-66,0.0,27
1846,0,0,607,478,129,1.0,20
1846,1,1,360,427,-67,0.0,26
1854,0,0,389,514,-125,0.0,26
1854,1,1,500,403,97,1.0,23
1862,0,0,487,383,104,1.0,22
1862,1,1,472,441,31,1.0,25
1870,0,0,439,413,26,1.0,24
1870,1,1,594,464,130,1.0,23
1878,0,0,464,350,114,1.0,24
1878,1,1,410,466,-56,0.0,23
1886,0,0,528,477,51,1.0,20
1886,1,1,382,505,-123,0.0,21
1894,0,0,502,349,153,1.0,28
1894,1,1,365,359,6,1.0,23
1902,0,0,373,469,-96,0.0,24
1902,1,1,529,346,183,1.0,20
1910,0,0,471,445,26,1.0,22
1910,1,1,383,406,-23,0.0,24
1918,0,0,520,460,60,1.0,20
1918,1,1,465,507,-42,0.0,23
1926,0,0,390,480,-90,0.0,23
1926,1,1,482,418,64,1.0,22
1934,0,0,431,440,-9,0.0,24
1934,1,1,399,410,-11,0.0,23
1942,0,0,576,365,211,1.0,22
1942,1,1,366,454,-88,0.0,23
1950,0,0,394,407,-13,0.0,25
1950,1,1,413,433,-20,0.0,26
1958,0,0,483,398,85,1.0,21
1958,1,1,494,481,13,1.0,25
1966,0,0,381,523,-142,0.0,25
1966,1,1,461,419,42,1.0,26
1974,0,0,420,460,-40,0.0,24
1974,1,1,540,445,95,1.0,22
1982,0,0,396,506,-110,0.0,22
1982,1,1,479,464,15,1.0,26
1990,0,0,537,377,160,1.0,21
1990,1,1,582,452,130,1.0,20
1998,0,0,355,440,-85,0.0,24
1998,1,1,493,368,125,1.0,22
pair,game,a_seat,a_score,b_score,a_spread,a_win,turns
7,0,0,400,437,-37,0.0,24
7,1,1,428,440,-12,0.0,28
15,0,0,524,422,102,1.0,20
15,1,1,498,438,60,1.0,26
23,0,0,438,382,56,1.0,24
23,1,1,553,406,147,1.0,25
31,0,0,412,540,-128,0.0,22
31,1,1,649,374,275,1.0,21
39,0,0,450,417,33,1.0,25
39,1,1,424,463,-39,0.0,23
47,0,0,409,478,-69,0.0,21
47,1,1,454,501,-47,0.0,22
55,0,0,379,521,-142,0.0,22
55,1,1,519,444,75,1.0,26
63,0,0,352,710,-358,0.0,19
63,1,1,460,454,6,1.0,22
71,0,0,464,458,6,1.0,22
71,1,1,474,549,-75,0.0,22
79,0,0,438,502,-64,0.0,24
79,1,1,544,462,82,1.0,20
87,0,0,447,494,-47,0.0,22
87,1,1,460,551,-91,0.0,20
95,0,0,398,383,15,1.0,24
95,1,1,422,385,37,1.0,26
103,0,0,537,379,158,1.0,23
103,1,1,425,516,-91,0.0,22
111,0,0,440,360,80,1.0,20
111,1,1,376,336,40,1.0,24
119,0,0,377,444,-67,0.0,25
119,1,1,376,456,-80,0.0,26
127,0,0,418,404,14,1.0,24
127,1,1,517,393,124,1.0,25
135,0,0,414,532,-118,0.0,21
135,1,1,471,413,58,1.0,25
143,0,0,484,387,97,1.0,22
143,1,1,380,418,-38,0.0,22
151,0,0,421,538,-117,0.0,22
151,1,1,496,418,78,1.0,19
159,0,0,348,411,-63,0.0,27
159,1,1,435,383,52,1.0,25
167,0,0,493,389,104,1.0,28
167,1,1,343,437,-94,0.0,25
175,0,0,497,353,144,1.0,24
175,1,1,451,372,79,1.0,29
183,0,0,441,402,39,1.0,21
183,1,1,452,475,-23,0.0,23
191,0,0,407,369,38,1.0,26
191,1,1,426,307,119,1.0,27
199,0,0,319,443,-124,0.0,23
199,1,1,433,311,122,1.0,27
207,0,0,484,424,60,1.0,23
207,1,1,480,458,22,1.0,21
215,0,0,427,545,-118,0.0,21
215,1,1,475,427,48,1.0,20
223,0,0,439,460,-21,0.0,23
223,1,1,475,462,13,1.0,19
231,0,0,400,453,-53,0.0,25
231,1,1,490,440,50,1.0,26
239,0,0,467,525,-58,0.0,21
239,1,1,546,454,92,1.0,20
247,0,0,500,326,174,1.0,22
247,1,1,406,538,-132,0.0,23
255,0,0,347,475,-128,0.0,24
255,1,1,431,460,-29,0.0,22
263,0,0,467,535,-68,0.0,21
263,1,1,552,407,145,1.0,20
271,0,0,487,389,98,1.0,27
271,1,1,430,417,13,1.0,20
279,0,0,459,563,-104,0.0,21
279,1,1,522,482,40,1.0,23
287,0,0,440,410,30,1.0,24
287,1,1,344,465,-121,0.0,26
295,0,0,354,516,-162,0.0,26
295,1,1,504,427,77,1.0,23
303,0,0,478,370,108,1.0,22
303,1,1,429,428,1,1.0,25
311,0,0,450,564,-114,0.0,25
311,1,1,461,457,4,1.0,23
319,0,0,405,390,15,1.0,26
319,1,1,478,382,96,1.0,23
327,0,0,442,468,-26,0.0,21
327,1,1,490,336,154,1.0,23
335,0,0,507,463,44,1.0,21
335,1,1,407,427,-20,0.0,23
343,0,0,452,422,30,1.0,27
343,1,1,475,438,37,1.0,25
351,0,0,370,537,-167,0.0,24
351,1,1,404,432,-28,0.0,22
359,0,0,470,387,83,1.0,22
359,1,1,421,470,-49,0.0,22
367,0,0,389,373,16,1.0,27
367,1,1,440,465,-25,0.0,28
375,0,0,435,392,43,1.0,25
375,1,1,346,488,-142,0.0,29
383,0,0,461,544,-83,0.0,21
383,1,1,391,515,-124,0.0,23
391,0,0,357,464,-107,0.0,25
391,1,1,385,439,-54,0.0,29
399,0,0,455,329,126,1.0,26
399,1,1,378,425,-47,0.0,26
407,0,0,549,345,204,1.0,25
407,1,1,378,435,-57,0.0,24
415,0,0,385,495,-110,0.0,19
415,1,1,468,442,26,1.0,25
423,0,0,515,512,3,1.0,21
423,1,1,535,525,10,1.0,22
431,0,0,539,320,219,1.0,23
431,1,1,368,526,-158,0.0,22
439,0,0,494,360,134,1.0,22
439,1,1,390,473,-83,0.0,21
447,0,0,471,336,135,1.0,22
447,1,1,408,455,-47,0.0,23
455,0,0,451,491,-40,0.0,21
455,1,1,531,455,76,1.0,22
463,0,0,509,370,139,1.0,23
463,1,1,359,507,-148,0.0,23
471,0,0,367,555,-188,0.0,23
471,1,1,518,419,99,1.0,24
479,0,0,390,491,-101,0.0,21
479,1,1,449,445,4,1.0,28
487,0,0,507,429,78,1.0,24
487,1,1,404,450,-46,0.0,23
495,0,0,538,454,84,1.0,20
495,1,1,431,518,-87,0.0,22
503,0,0,505,534,-29,0.0,19
503,1,1,455,421,34,1.0,23
511,0,0,482,494,-12,0.0,22
511,1,1,427,527,-100,0.0,25
519,0,0,390,504,-114,0.0,26
519,1,1,413,460,-47,0.0,25
527,0,0,422,475,-53,0.0,24
527,1,1,408,426,-18,0.0,22
535,0,0,495,313,182,1.0,26
535,1,1,348,516,-168,0.0,23
543,0,0,368,365,3,1.0,24
543,1,1,423,415,8,1.0,30
551,0,0,399,396,3,1.0,28
551,1,1,423,446,-23,0.0,24
559,0,0,554,395,159,1.0,20
559,1,1,425,484,-59,0.0,23
567,0,0,327,418,-91,0.0,24
567,1,1,387,459,-72,0.0,25
575,0,0,353,477,-124,0.0,19
575,1,1,508,514,-6,0.0,20
583,0,0,576,393,183,1.0,23
583,1,1,371,544,-173,0.0,23
591,0,0,481,509,-28,0.0,22
591,1,1,495,368,127,1.0,22
599,0,0,446,569,-123,0.0,21
599,1,1,489,397,92,1.0,21
607,0,0,328,445,-117,0.0,26
607,1,1,505,366,139,1.0,24
615,0,0,439,448,-9,0.0,23
615,1,1,376,476,-100,0.0,24
623,0,0,401,428,-27,0.0,23
623,1,1,404,384,20,1.0,21
631,0,0,405,421,-16,0.0,24
631,1,1,410,428,-18,0.0,23
639,0,0,324,507,-183,0.0,25
639,1,1,501,279,222,1.0,23
647,0,0,354,490,-136,0.0,27
647,1,1,502,477,25,1.0,30
655,0,0,523,435,88,1.0,22
655,1,1,374,463,-89,0.0,20
663,0,0,298,574,-276,0.0,27
663,1,1,482,340,142,1.0,21
671,0,0,492,483,9,1.0,25
671,1,1,381,487,-106,0.0,26
679,0,0,433,403,30,1.0,26
679,1,1,361,499,-138,0.0,19
687,0,0,411,403,8,1.0,23
687,1,1,472,489,-17,0.0,24
695,0,0,438,463,-25,0.0,27
695,1,1,375,486,-111,0.0,28
703,0,0,364,451,-87,0.0,24
703,1,1,417,439,-22,0.0,24
711,0,0,420,539,-119,0.0,22
711,1,1,431,514,-83,0.0,22
719,0,0,409,491,-82,0.0,24
719,1,1,495,426,69,1.0,25
727,0,0,463,525,-62,0.0,22
727,1,1,488,421,67,1.0,23
735,0,0,473,449,24,1.0,20
735,1,1,379,423,-44,0.0,23
743,0,0,497,409,88,1.0,24
743,1,1,406,405,1,1.0,25
751,0,0,606,461,145,1.0,23
751,1,1,410,557,-147,0.0,23
759,0,0,407,586,-179,0.0,22
759,1,1,533,362,171,1.0,25
767,0,0,508,403,105,1.0,25
767,1,1,427,484,-57,0.0,22
775,0,0,418,492,-74,0.0,23
775,1,1,490,404,86,1.0,24
783,0,0,474,399,75,1.0,21
783,1,1,353,465,-112,0.0,23
791,0,0,416,511,-95,0.0,23
791,1,1,467,383,84,1.0,26
799,0,0,450,412,38,1.0,22
799,1,1,478,440,38,1.0,21
807,0,0,359,513,-154,0.0,23
807,1,1,591,330,261,1.0,24
815,0,0,470,456,14,1.0,26
815,1,1,412,443,-31,0.0,24
823,0,0,385,466,-81,0.0,23
823,1,1,454,437,17,1.0,25
831,0,0,366,401,-35,0.0,23
831,1,1,486,417,69,1.0,27
839,0,0,451,532,-81,0.0,20
839,1,1,529,443,86,1.0,21
847,0,0,461,540,-79,0.0,24
847,1,1,535,330,205,1.0,22
855,0,0,361,485,-124,0.0,25
855,1,1,448,482,-34,0.0,27
863,0,0,410,414,-4,0.0,27
863,1,1,362,453,-91,0.0,24
871,0,0,441,380,61,1.0,22
871,1,1,415,460,-45,0.0,27
879,0,0,473,495,-22,0.0,26
879,1,1,352,545,-193,0.0,24
887,0,0,493,405,88,1.0,29
887,1,1,389,494,-105,0.0,19
895,0,0,398,369,29,1.0,23
895,1,1,357,561,-204,0.0,26
903,0,0,292,508,-216,0.0,25
903,1,1,538,359,179,1.0,27
911,0,0,449,430,19,1.0,24
911,1,1,408,422,-14,0.0,24
919,0,0,389,400,-11,0.0,27
919,1,1,394,426,-32,0.0,23
927,0,0,362,507,-145,0.0,21
927,1,1,407,721,-314,0.0,25
935,0,0,396,388,8,1.0,26
935,1,1,447,512,-65,0.0,23
943,0,0,392,379,13,1.0,24
943,1,1,466,367,99,1.0,23
951,0,0,511,407,104,1.0,25
951,1,1,412,520,-108,0.0,26
959,0,0,463,437,26,1.0,24
959,1,1,434,436,-2,0.0,23
967,0,0,487,427,60,1.0,21
967,1,1,440,386,54,1.0,21
975,0,0,452,382,70,1.0,29
975,1,1,486,407,79,1.0,25
983,0,0,429,400,29,1.0,26
983,1,1,501,428,73,1.0,21
991,0,0,480,450,30,1.0,20
991,1,1,450,411,39,1.0,22
999,0,0,372,412,-40,0.0,24
999,1,1,542,358,184,1.0,25
1007,0,0,418,526,-108,0.0,23
1007,1,1,439,412,27,1.0,20
1015,0,0,457,472,-15,0.0,27
1015,1,1,362,470,-108,0.0,22
1023,0,0,438,401,37,1.0,26
1023,1,1,581,330,251,1.0,25
1031,0,0,360,579,-219,0.0,21
1031,1,1,636,344,292,1.0,25
1039,0,0,374,460,-86,0.0,24
1039,1,1,483,484,-1,0.0,21
1047,0,0,528,383,145,1.0,23
1047,1,1,370,648,-278,0.0,22
1055,0,0,395,417,-22,0.0,23
1055,1,1,480,318,162,1.0,25
1063,0,0,510,486,24,1.0,19
1063,1,1,486,510,-24,0.0,19
1071,0,0,469,474,-5,0.0,22
1071,1,1,461,419,42,1.0,21
1079,0,0,474,427,47,1.0,23
1079,1,1,442,440,2,1.0,21
1087,0,0,548,419,129,1.0,22
1087,1,1,489,459,30,1.0,27
1095,0,0,341,420,-79,0.0,22
1095,1,1,426,336,90,1.0,22
1103,0,0,487,483,4,1.0,22
1103,1,1,360,376,-16,0.0,28
1111,0,0,373,461,-88,0.0,28
1111,1,1,505,355,150,1.0,25
1119,0,0,419,510,-91,0.0,23
1119,1,1,509,410,99,1.0,26
1127,0,0,444,387,57,1.0,28
1127,1,1,468,415,53,1.0,22
1135,0,0,443,383,60,1.0,24
1135,1,1,446,400,46,1.0,24
1143,0,0,340,501,-161,0.0,21
1143,1,1,489,300,189,1.0,29
1151,0,0,505,441,64,1.0,22
1151,1,1,385,556,-171,0.0,18
1159,0,0,477,499,-22,0.0,23
1159,1,1,465,467,-2,0.0,21
1167,0,0,484,629,-145,0.0,18
1167,1,1,537,428,109,1.0,20
1175,0,0,481,381,100,1.0,24
1175,1,1,374,493,-119,0.0,24
1183,0,0,410,539,-129,0.0,24
1183,1,1,445,450,-5,0.0,24
1191,0,0,450,431,19,1.0,23
1191,1,1,392,478,-86,0.0,22
1199,0,0,335,546,-211,0.0,21
1199,1,1,468,347,121,1.0,25
1207,0,0,469,430,39,1.0,23
1207,1,1,356,368,-12,0.0,28
1215,0,0,591,383,208,1.0,22
1215,1,1,464,393,71,1.0,20
1223,0,0,378,463,-85,0.0,24
1223,1,1,426,447,-21,0.0,22
1231,0,0,424,376,48,1.0,25
1231,1,1,398,499,-101,0.0,26
1239,0,0,444,432,12,1.0,24
1239,1,1,461,545,-84,0.0,22
1247,0,0,397,511,-114,0.0,22
1247,1,1,432,447,-15,0.0,25
1255,0,0,581,438,143,1.0,20
1255,1,1,434,487,-53,0.0,22
1263,0,0,499,461,38,1.0,23
1263,1,1,378,517,-139,0.0,24
1271,0,0,404,498,-94,0.0,22
1271,1,1,329,356,-27,0.0,26
1279,0,0,451,441,10,1.0,23
1279,1,1,395,539,-144,0.0,20
1287,0,0,454,468,-14,0.0,23
1287,1,1,429,471,-42,0.0,28
1295,0,0,471,391,80,1.0,29
1295,1,1,406,444,-38,0.0,30
1303,0,0,471,463,8,1.0,22
1303,1,1,452,495,-43,0.0,20
1311,0,0,506,508,-2,0.0,21
1311,1,1,446,460,-14,0.0,23
1319,0,0,477,417,60,1.0,23
1319,1,1,309,486,-177,0.0,32
1327,0,0,382,453,-71,0.0,25
1327,1,1,602,467,135,1.0,23
1335,0,0,472,466,6,1.0,25
1335,1,1,453,426,27,1.0,21
1343,0,0,393,577,-184,0.0,23
1343,1,1,460,473,-13,0.0,22
1351,0,0,403,487,-84,0.0,29
1351,1,1,364,469,-105,0.0,26
1359,0,0,514,485,29,1.0,22
1359,1,1,358,522,-164,0.0,24
1367,0,0,507,496,11,1.0,20
1367,1,1,514,364,150,1.0,26
1375,0,0,452,423,29,1.0,25
1375,1,1,411,526,-115,0.0,21
1383,0,0,424,349,75,1.0,24
1383,1,1,445,360,85,1.0,25
1391,0,0,445,438,7,1.0,22
1391,1,1,474,412,62,1.0,21
1399,0,0,466,421,45,1.0,28
1399,1,1,392,420,-28,0.0,22
1407,0,0,441,461,-20,0.0,22
1407,1,1,471,438,33,1.0,22
1415,0,0,439,516,-77,0.0,22
1415,1,1,446,388,58,1.0,24
1423,0,0,351,506,-155,0.0,24
1423,1,1,442,431,11,1.0,22
1431,0,0,381,437,-56,0.0,25
1431,1,1,525,363,162,1.0,22
1439,0,0,434,489,-55,0.0,23
1439,1,1,424,495,-71,0.0,24
1447,0,0,569,359,210,1.0,20
1447,1,1,436,443,-7,0.0,22
1455,0,0,456,486,-30,0.0,22
1455,1,1,448,423,25,1.0,22
1463,0,0,351,461,-110,0.0,25
1463,1,1,385,406,-21,0.0,27
1471,0,0,500,367,133,1.0,25
1471,1,1,405,537,-132,0.0,22
1479,0,0,548,359,189,1.0,23
1479,1,1,432,361,71,1.0,28
1487,0,0,392,437,-45,0.0,22
1487,1,1,484,499,-15,0.0,23
1495,0,0,442,532,-90,0.0,23
1495,1,1,455,401,54,1.0,23
1503,0,0,428,432,-4,0.0,23
1503,1,1,504,438,66,1.0,21
1511,0,0,368,534,-166,0.0,23
1511,1,1,449,380,69,1.0,24
1519,0,0,492,433,59,1.0,21
1519,1,1,444,503,-59,0.0,20
1527,0,0,510,402,108,1.0,23
1527,1,1,415,464,-49,0.0,21
1535,0,0,320,455,-135,0.0,26
1535,1,1,456,302,154,1.0,24
1543,0,0,381,393,-12,0.0,31
1543,1,1,503,407,96,1.0,19
1551,0,0,406,513,-107,0.0,24
1551,1,1,501,382,119,1.0,25
1559,0,0,448,401,47,1.0,21
1559,1,1,381,470,-89,0.0,22
1567,0,0,380,477,-97,0.0,23
1567,1,1,488,453,35,1.0,21
1575,0,0,481,335,146,1.0,22
1575,1,1,476,356,120,1.0,23
1583,0,0,431,514,-83,0.0,23
1583,1,1,441,454,-13,0.0,24
1591,0,0,375,456,-81,0.0,20
1591,1,1,500,363,137,1.0,23
1599,0,0,501,453,48,1.0,22
1599,1,1,358,440,-82,0.0,20
1607,0,0,428,478,-50,0.0,24
1607,1,1,414,485,-71,0.0,20
1615,0,0,405,658,-253,0.0,21
1615,1,1,519,345,174,1.0,23
1623,0,0,384,418,-34,0.0,25
1623,1,1,380,490,-110,0.0,26
1631,0,0,422,389,33,1.0,26
1631,1,1,432,440,-8,0.0,27
1639,0,0,486,581,-95,0.0,19
1639,1,1,589,466,123,1.0,19
1647,0,0,545,440,105,1.0,31
1647,1,1,429,436,-7,0.0,25
1655,0,0,335,591,-256,0.0,19
1655,1,1,401,393,8,1.0,38
1663,0,0,412,543,-131,0.0,23
1663,1,1,535,397,138,1.0,21
1671,0,0,483,438,45,1.0,23
1671,1,1,421,438,-17,0.0,29
1679,0,0,469,538,-69,0.0,21
1679,1,1,452,467,-15,0.0,26
1687,0,0,422,543,-121,0.0,22
1687,1,1,486,368,118,1.0,24
1695,0,0,552,477,75,1.0,21
1695,1,1,550,400,150,1.0,22
1703,0,0,452,429,23,1.0,23
1703,1,1,507,356,151,1.0,22
1711,0,0,538,486,52,1.0,21
1711,1,1,458,481,-23,0.0,19
1719,0,0,551,329,222,1.0,20
1719,1,1,433,531,-98,0.0,23
1727,0,0,503,501,2,1.0,23
1727,1,1,487,391,96,1.0,21
1735,0,0,455,391,64,1.0,22
1735,1,1,423,513,-90,0.0,23
1743,0,0,456,393,63,1.0,24
1743,1,1,446,415,31,1.0,24
1751,0,0,427,463,-36,0.0,25
1751,1,1,441,393,48,1.0,21
1759,0,0,497,427,70,1.0,22
1759,1,1,407,407,0,0.5,23
1767,0,0,476,389,87,1.0,24
1767,1,1,357,451,-94,0.0,26
1775,0,0,463,423,40,1.0,22
1775,1,1,450,452,-2,0.0,27
1783,0,0,558,396,162,1.0,23
1783,1,1,380,463,-83,0.0,25
1791,0,0,495,413,82,1.0,21
1791,1,1,384,508,-124,0.0,21
1799,0,0,479,461,18,1.0,25
1799,1,1,538,475,63,1.0,22
1807,0,0,382,400,-18,0.0,25
1807,1,1,392,457,-65,0.0,24
1815,0,0,497,421,76,1.0,23
1815,1,1,407,442,-35,0.0,23
1823,0,0,410,459,-49,0.0,23
1823,1,1,495,445,50,1.0,28
1831,0,0,517,466,51,1.0,25
1831,1,1,476,466,10,1.0,23
1839,0,0,417,424,-7,0.0,23
1839,1,1,415,427,-12,0.0,22
1847,0,0,395,429,-34,0.0,30
1847,1,1,363,507,-144,0.0,24
1855,0,0,452,388,64,1.0,22
1855,1,1,426,448,-22,0.0,21
1863,0,0,383,456,-73,0.0,24
1863,1,1,434,506,-72,0.0,22
1871,0,0,426,380,46,1.0,23
1871,1,1,443,398,45,1.0,22
1879,0,0,377,497,-120,0.0,19
1879,1,1,498,476,22,1.0,21
1887,0,0,480,401,79,1.0,26
1887,1,1,378,422,-44,0.0,23
1895,0,0,461,416,45,1.0,24
1895,1,1,541,389,152,1.0,26
1903,0,0,546,358,188,1.0,22
1903,1,1,431,481,-50,0.0,21
1911,0,0,396,509,-113,0.0,21
1911,1,1,514,493,21,1.0,18
1919,0,0,454,457,-3,0.0,20
1919,1,1,295,407,-112,0.0,23
1927,0,0,435,433,2,1.0,22
1927,1,1,388,446,-58,0.0,26
1935,0,0,420,472,-52,0.0,23
1935,1,1,481,464,17,1.0,20
1943,0,0,389,433,-44,0.0,23
1943,1,1,489,352,137,1.0,24
1951,0,0,461,389,72,1.0,27
1951,1,1,394,576,-182,0.0,23
1959,0,0,327,524,-197,0.0,21
1959,1,1,517,375,142,1.0,27
1967,0,0,429,507,-78,0.0,23
1967,1,1,484,463,21,1.0,22
1975,0,0,425,377,48,1.0,22
1975,1,1,401,483,-82,0.0,21
1983,0,0,480,317,163,1.0,26
1983,1,1,405,362,43,1.0,23
1991,0,0,433,452,-19,0.0,22
1991,1,1,431,412,19,1.0,24
1999,0,0,326,552,-226,0.0,21
1999,1,1,463,431,32,1.0,22
