pair,game,a_seat,a_score,b_score,a_spread,a_win,turns
0,0,0,301,310,-9,0.0,32
0,1,1,404,445,-41,0.0,27
8,0,0,482,519,-37,0.0,23
8,1,1,480,417,63,1.0,20
16,0,0,439,498,-59,0.0,28
16,1,1,472,484,-12,0.0,22
24,0,0,490,367,123,1.0,25
24,1,1,363,482,-119,0.0,22
32,0,0,495,489,6,1.0,21
32,1,1,519,368,151,1.0,24
40,0,0,480,450,30,1.0,20
40,1,1,530,470,60,1.0,20
48,0,0,458,485,-27,0.0,28
48,1,1,463,426,37,1.0,25
56,0,0,562,414,148,1.0,25
56,1,1,361,439,-78,0.0,26
64,0,0,481,469,12,1.0,24
64,1,1,458,432,26,1.0,23
72,0,0,435,482,-47,0.0,24
72,1,1,469,486,-17,0.0,22
80,0,0,486,412,74,1.0,25
80,1,1,497,351,146,1.0,24
88,0,0,424,426,-2,0.0,25
88,1,1,443,371,72,1.0,28
96,0,0,446,438,8,1.0,31
96,1,1,376,554,-178,0.0,25
104,0,0,431,364,67,1.0,27
104,1,1,405,481,-76,0.0,25
112,0,0,383,426,-43,0.0,26
112,1,1,370,394,-24,0.0,37
120,0,0,510,408,102,1.0,23
120,1,1,497,371,126,1.0,24
128,0,0,426,425,1,1.0,26
128,1,1,376,488,-112,0.0,23
136,0,0,467,444,23,1.0,30
136,1,1,482,449,33,1.0,22
144,0,0,443,357,86,1.0,29
144,1,1,301,445,-144,0.0,31
152,0,0,454,481,-27,0.0,24
152,1,1,413,461,-48,0.0,23
160,0,0,539,363,176,1.0,21
160,1,1,367,504,-137,0.0,19
168,0,0,395,383,12,1.0,25
168,1,1,403,361,42,1.0,29
176,0,0,414,448,-34,0.0,24
176,1,1,550,413,137,1.0,26
184,0,0,366,546,-180,0.0,20
184,1,1,518,459,59,1.0,20
192,0,0,333,376,-43,0.0,36
192,1,1,369,440,-71,0.0,28
200,0,0,470,318,152,1.0,23
200,1,1,367,487,-120,0.0,24
208,0,0,498,470,28,1.0,22
208,1,1,450,468,-18,0.0,25
216,0,0,419,520,-101,0.0,23
216,1,1,505,389,116,1.0,21
224,0,0,475,395,80,1.0,23
224,1,1,411,466,-55,0.0,22
232,0,0,537,471,66,1.0,25
232,1,1,489,570,-81,0.0,24
240,0,0,355,447,-92,0.0,24
240,1,1,496,447,49,1.0,24
248,0,0,358,365,-7,0.0,25
248,1,1,454,304,150,1.0,26
256,0,0,489,512,-23,0.0,22
256,1,1,483,536,-53,0.0,23
264,0,0,475,386,89,1.0,24
264,1,1,374,509,-135,0.0,21
272,0,0,394,444,-50,0.0,22
272,1,1,446,424,22,1.0,22
280,0,0,479,413,66,1.0,27
280,1,1,402,531,-129,0.0,25
288,0,0,510,418,92,1.0,21
288,1,1,507,500,7,1.0,20
296,0,0,444,404,40,1.0,27
296,1,1,301,430,-129,0.0,43
304,0,0,564,323,241,1.0,23
304,1,1,413,457,-44,0.0,25
312,0,0,405,468,-63,0.0,23
312,1,1,445,430,15,1.0,25
320,0,0,454,497,-43,0.0,22
320,1,1,417,465,-48,0.0,21
328,0,0,564,509,55,1.0,23
328,1,1,400,483,-83,0.0,25
336,0,0,523,561,-38,0.0,21
336,1,1,434,387,47,1.0,22
344,0,0,451,426,25,1.0,24
344,1,1,447,448,-1,0.0,27
352,0,0,513,319,194,1.0,28
352,1,1,325,413,-88,0.0,25
360,0,0,417,534,-117,0.0,21
360,1,1,551,413,138,1.0,23
368,0,0,476,346,130,1.0,25
368,1,1,355,500,-145,0.0,23
376,0,0,353,386,-33,0.0,29
376,1,1,461,312,149,1.0,24
384,0,0,430,430,0,0.5,23
384,1,1,419,468,-49,0.0,27
392,0,0,407,482,-75,0.0,23
392,1,1,542,463,79,1.0,21
400,0,0,504,454,50,1.0,24
400,1,1,348,427,-79,0.0,23
408,0,0,460,445,15,1.0,23
408,1,1,448,433,15,1.0,27
416,0,0,475,466,9,1.0,24
416,1,1,541,421,120,1.0,22
424,0,0,404,483,-79,0.0,22
424,1,1,441,404,37,1.0,24
432,0,0,392,473,-81,0.0,29
432,1,1,445,390,55,1.0,24
440,0,0,396,504,-108,0.0,21
440,1,1,416,337,79,1.0,27
448,0,0,454,530,-76,0.0,21
448,1,1,365,398,-33,0.0,25
456,0,0,448,377,71,1.0,26
456,1,1,482,384,98,1.0,25
464,0,0,386,464,-78,0.0,26
464,1,1,454,444,10,1.0,26
472,0,0,393,400,-7,0.0,26
472,1,1,369,354,15,1.0,27
480,0,0,516,451,65,1.0,26
480,1,1,480,526,-46,0.0,24
488,0,0,477,355,122,1.0,22
488,1,1,424,423,1,1.0,23
496,0,0,461,467,-6,0.0,25
496,1,1,432,496,-64,0.0,24
504,0,0,470,420,50,1.0,27
504,1,1,366,391,-25,0.0,29
512,0,0,398,477,-79,0.0,20
512,1,1,460,386,74,1.0,23
520,0,0,529,369,160,1.0,38
520,1,1,416,548,-132,0.0,23
528,0,0,410,477,-67,0.0,24
528,1,1,502,370,132,1.0,24
536,0,0,535,274,261,1.0,25
536,1,1,345,493,-148,0.0,24
544,0,0,566,484,82,1.0,21
544,1,1,402,496,-94,0.0,21
552,0,0,519,441,78,1.0,24
552,1,1,514,543,-29,0.0,23
560,0,0,438,375,63,1.0,24
560,1,1,541,398,143,1.0,24
568,0,0,533,362,171,1.0,25
568,1,1,369,437,-68,0.0,26
576,0,0,449,419,30,1.0,25
576,1,1,358,448,-90,0.0,29
584,0,0,348,364,-16,0.0,27
584,1,1,443,487,-44,0.0,23
592,0,0,438,379,59,1.0,24
592,1,1,438,475,-37,0.0,27
600,0,0,572,285,287,1.0,26
600,1,1,319,541,-222,0.0,23
608,0,0,473,306,167,1.0,32
608,1,1,410,515,-105,0.0,25
616,0,0,430,415,15,1.0,26
616,1,1,465,419,46,1.0,26
624,0,0,384,431,-47,0.0,27
624,1,1,404,413,-9,0.0,27
632,0,0,397,523,-126,0.0,21
632,1,1,462,393,69,1.0,24
640,0,0,408,399,9,1.0,27
640,1,1,321,485,-164,0.0,27
648,0,0,376,518,-142,0.0,25
648,1,1,498,353,145,1.0,24
656,0,0,405,578,-173,0.0,22
656,1,1,591,386,205,1.0,22
664,0,0,427,485,-58,0.0,22
664,1,1,454,506,-52,0.0,24
672,0,0,441,387,54,1.0,22
672,1,1,341,428,-87,0.0,28
680,0,0,413,384,29,1.0,29
680,1,1,392,472,-80,0.0,24
688,0,0,513,488,25,1.0,22
688,1,1,459,469,-10,0.0,21
696,0,0,459,374,85,1.0,23
696,1,1,396,484,-88,0.0,26
704,0,0,450,371,79,1.0,31
704,1,1,356,462,-106,0.0,24
712,0,0,374,495,-121,0.0,27
712,1,1,481,375,106,1.0,22
720,0,0,420,517,-97,0.0,27
720,1,1,551,426,125,1.0,24
728,0,0,442,455,-13,0.0,23
728,1,1,366,519,-153,0.0,22
736,0,0,356,329,27,1.0,24
736,1,1,465,388,77,1.0,24
744,0,0,457,441,16,1.0,23
744,1,1,420,470,-50,0.0,23
752,0,0,503,383,120,1.0,25
752,1,1,463,478,-15,0.0,22
760,0,0,435,424,11,1.0,23
760,1,1,370,405,-35,0.0,24
768,0,0,459,432,27,1.0,22
768,1,1,436,448,-12,0.0,24
776,0,0,405,525,-120,0.0,22
776,1,1,404,411,-7,0.0,24
784,0,0,387,493,-106,0.0,27
784,1,1,433,297,136,1.0,24
792,0,0,494,396,98,1.0,24
792,1,1,437,436,1,1.0,25
800,0,0,482,440,42,1.0,25
800,1,1,392,472,-80,0.0,24
808,0,0,446,494,-48,0.0,22
808,1,1,493,407,86,1.0,23
816,0,0,420,462,-42,0.0,26
816,1,1,416,482,-66,0.0,32
824,0,0,456,380,76,1.0,23
824,1,1,428,423,5,1.0,24
832,0,0,468,397,71,1.0,29
832,1,1,401,391,10,1.0,29
840,0,0,456,437,19,1.0,23
840,1,1,408,461,-53,0.0,23
848,0,0,387,604,-217,0.0,21
848,1,1,396,435,-39,0.0,22
856,0,0,330,382,-52,0.0,32
856,1,1,499,366,133,1.0,24
864,0,0,490,354,136,1.0,21
864,1,1,431,446,-15,0.0,22
872,0,0,460,473,-13,0.0,21
872,1,1,505,383,122,1.0,21
880,0,0,429,462,-33,0.0,34
880,1,1,461,328,133,1.0,26
888,0,0,461,430,31,1.0,24
888,1,1,328,565,-237,0.0,25
896,0,0,426,435,-9,0.0,22
896,1,1,439,452,-13,0.0,24
904,0,0,325,491,-166,0.0,26
904,1,1,457,354,103,1.0,42
912,0,0,401,530,-129,0.0,24
912,1,1,457,430,27,1.0,23
920,0,0,454,409,45,1.0,22
920,1,1,448,454,-6,0.0,28
928,0,0,459,413,46,1.0,23
928,1,1,442,452,-10,0.0,23
936,0,0,385,453,-68,0.0,26
936,1,1,471,346,125,1.0,28
944,0,0,414,450,-36,0.0,22
944,1,1,409,430,-21,0.0,23
952,0,0,475,480,-5,0.0,21
952,1,1,542,450,92,1.0,23
960,0,0,517,407,110,1.0,27
960,1,1,442,453,-11,0.0,26
968,0,0,331,377,-46,0.0,25
968,1,1,399,414,-15,0.0,28
976,0,0,485,437,48,1.0,28
976,1,1,483,541,-58,0.0,23
984,0,0,401,519,-118,0.0,24
984,1,1,549,417,132,1.0,20
992,0,0,377,411,-34,0.0,26
992,1,1,382,453,-71,0.0,21
1000,0,0,492,452,40,1.0,23
1000,1,1,442,407,35,1.0,27
1008,0,0,403,406,-3,0.0,30
1008,1,1,402,447,-45,0.0,37
1016,0,0,440,474,-34,0.0,26
1016,1,1,467,405,62,1.0,27
1024,0,0,412,396,16,1.0,25
1024,1,1,322,461,-139,0.0,25
1032,0,0,386,435,-49,0.0,29
1032,1,1,555,451,104,1.0,23
1040,0,0,330,473,-143,0.0,24
1040,1,1,394,566,-172,0.0,25
1048,0,0,459,550,-91,0.0,23
1048,1,1,529,462,67,1.0,22
1056,0,0,465,430,35,1.0,25
1056,1,1,454,513,-59,0.0,21
1064,0,0,453,473,-20,0.0,26
1064,1,1,393,438,-45,0.0,22
1072,0,0,491,378,113,1.0,25
1072,1,1,419,449,-30,0.0,25
1080,0,0,415,431,-16,0.0,28
1080,1,1,491,362,129,1.0,24
1088,0,0,455,373,82,1.0,23
1088,1,1,348,495,-147,0.0,23
1096,0,0,452,353,99,1.0,24
1096,1,1,367,419,-52,0.0,24
1104,0,0,524,409,115,1.0,25
1104,1,1,372,486,-114,0.0,23
1112,0,0,353,518,-165,0.0,26
1112,1,1,520,397,123,1.0,22
1120,0,0,496,392,104,1.0,23
1120,1,1,460,417,43,1.0,23
1128,0,0,392,478,-86,0.0,25
1128,1,1,468,479,-11,0.0,23
1136,0,0,537,426,111,1.0,22
1136,1,1,353,515,-162,0.0,25
1144,0,0,407,521,-114,0.0,22
1144,1,1,330,502,-172,0.0,30
1152,0,0,373,483,-110,0.0,24
1152,1,1,481,428,53,1.0,24
1160,0,0,466,475,-9,0.0,22
1160,1,1,362,461,-99,0.0,25
1168,0,0,477,388,89,1.0,23
1168,1,1,454,489,-35,0.0,23
1176,0,0,355,429,-74,0.0,23
1176,1,1,437,322,115,1.0,28
1184,0,0,417,330,87,1.0,26
1184,1,1,538,421,117,1.0,22
1192,0,0,638,511,127,1.0,23
1192,1,1,381,615,-234,0.0,22
1200,0,0,454,406,48,1.0,25
1200,1,1,405,347,58,1.0,30
1208,0,0,393,495,-102,0.0,23
1208,1,1,500,356,144,1.0,24
1216,0,0,442,435,7,1.0,22
1216,1,1,388,399,-11,0.0,25
1224,0,0,462,392,70,1.0,24
1224,1,1,461,455,6,1.0,27
1232,0,0,438,489,-51,0.0,24
1232,1,1,459,455,4,1.0,22
1240,0,0,368,472,-104,0.0,22
1240,1,1,441,508,-67,0.0,24
1248,0,0,373,374,-1,0.0,30
1248,1,1,502,453,49,1.0,23
1256,0,0,355,346,9,1.0,26
1256,1,1,312,422,-110,0.0,26
1264,0,0,458,482,-24,0.0,23
1264,1,1,436,417,19,1.0,23
1272,0,0,427,403,24,1.0,21
1272,1,1,446,470,-24,0.0,26
1280,0,0,591,371,220,1.0,23
1280,1,1,373,454,-81,0.0,28
1288,0,0,351,548,-197,0.0,26
1288,1,1,492,345,147,1.0,22
1296,0,0,476,368,108,1.0,21
1296,1,1,360,511,-151,0.0,23
1304,0,0,444,552,-108,0.0,20
1304,1,1,561,436,125,1.0,24
1312,0,0,457,525,-68,0.0,24
1312,1,1,485,475,10,1.0,25
1320,0,0,470,369,101,1.0,24
1320,1,1,397,401,-4,0.0,25
1328,0,0,422,422,0,0.5,28
1328,1,1,403,417,-14,0.0,38
1336,0,0,344,494,-150,0.0,22
1336,1,1,467,471,-4,0.0,19
1344,0,0,525,469,56,1.0,20
1344,1,1,398,527,-129,0.0,20
1352,0,0,508,279,229,1.0,27
1352,1,1,428,414,14,1.0,24
1360,0,0,409,464,-55,0.0,23
1360,1,1,420,362,58,1.0,29
1368,0,0,434,475,-41,0.0,23
1368,1,1,539,463,76,1.0,20
1376,0,0,524,365,159,1.0,25
1376,1,1,449,506,-57,0.0,21
1384,0,0,396,434,-38,0.0,26
1384,1,1,455,418,37,1.0,26
1392,0,0,474,540,-66,0.0,22
1392,1,1,424,407,17,1.0,24
1400,0,0,368,444,-76,0.0,26
1400,1,1,485,480,5,1.0,26
1408,0,0,455,332,123,1.0,26
1408,1,1,412,519,-107,0.0,24
1416,0,0,434,453,-19,0.0,23
1416,1,1,467,497,-30,0.0,26
1424,0,0,454,377,77,1.0,26
1424,1,1,410,430,-20,0.0,27
1432,0,0,546,329,217,1.0,27
1432,1,1,419,449,-30,0.0,26
1440,0,0,526,417,109,1.0,31
1440,1,1,479,532,-53,0.0,22
1448,0,0,420,488,-68,0.0,25
1448,1,1,507,420,87,1.0,23
1456,0,0,482,442,40,1.0,21
1456,1,1,383,418,-35,0.0,30
1464,0,0,441,457,-16,0.0,24
1464,1,1,508,459,49,1.0,24
1472,0,0,468,422,46,1.0,27
1472,1,1,426,404,22,1.0,25
1480,0,0,516,390,126,1.0,24
1480,1,1,441,457,-16,0.0,23
1488,0,0,467,418,49,1.0,23
1488,1,1,449,539,-90,0.0,22
1496,0,0,461,410,51,1.0,22
1496,1,1,383,444,-61,0.0,24
1504,0,0,381,479,-98,0.0,26
1504,1,1,411,398,13,1.0,27
1512,0,0,430,413,17,1.0,25
1512,1,1,454,560,-106,0.0,21
1520,0,0,454,423,31,1.0,27
1520,1,1,457,501,-44,0.0,27
1528,0,0,421,370,51,1.0,24
1528,1,1,292,460,-168,0.0,23
1536,0,0,529,431,98,1.0,22
1536,1,1,399,521,-122,0.0,23
1544,0,0,615,364,251,1.0,23
1544,1,1,440,484,-44,0.0,24
1552,0,0,415,376,39,1.0,25
1552,1,1,475,443,32,1.0,21
1560,0,0,404,458,-54,0.0,25
1560,1,1,460,423,37,1.0,24
1568,0,0,401,471,-70,0.0,27
1568,1,1,521,416,105,1.0,22
1576,0,0,421,438,-17,0.0,28
1576,1,1,389,460,-71,0.0,25
1584,0,0,408,495,-87,0.0,25
1584,1,1,510,471,39,1.0,20
1592,0,0,338,594,-256,0.0,25
1592,1,1,574,351,223,1.0,20
1600,0,0,495,366,129,1.0,23
1600,1,1,316,476,-160,0.0,20
1608,0,0,414,387,27,1.0,26
1608,1,1,388,450,-62,0.0,21
1616,0,0,651,386,265,1.0,19
1616,1,1,411,616,-205,0.0,20
1624,0,0,455,451,4,1.0,23
1624,1,1,390,413,-23,0.0,23
1632,0,0,405,338,67,1.0,23
1632,1,1,402,406,-4,0.0,26
1640,0,0,515,516,-1,0.0,23
1640,1,1,411,399,12,1.0,34
1648,0,0,385,349,36,1.0,26
1648,1,1,506,525,-19,0.0,26
1656,0,0,397,367,30,1.0,27
1656,1,1,524,430,94,1.0,23
1664,0,0,444,407,37,1.0,27
1664,1,1,435,410,25,1.0,28
1672,0,0,392,456,-64,0.0,29
1672,1,1,531,430,101,1.0,27
1680,0,0,412,440,-28,0.0,26
1680,1,1,273,477,-204,0.0,27
1688,0,0,489,395,94,1.0,26
1688,1,1,328,433,-105,0.0,24
1696,0,0,485,411,74,1.0,25
1696,1,1,408,393,15,1.0,25
1704,0,0,581,409,172,1.0,22
1704,1,1,374,554,-180,0.0,24
1712,0,0,444,368,76,1.0,25
1712,1,1,415,425,-10,0.0,26
1720,0,0,520,387,133,1.0,25
1720,1,1,448,460,-12,0.0,26
1728,0,0,449,497,-48,0.0,26
1728,1,1,493,460,33,1.0,24
1736,0,0,456,419,37,1.0,23
1736,1,1,398,478,-80,0.0,25
1744,0,0,521,407,114,1.0,23
1744,1,1,435,578,-143,0.0,26
1752,0,0,472,324,148,1.0,26
1752,1,1,427,361,66,1.0,22
1760,0,0,412,487,-75,0.0,23
1760,1,1,491,408,83,1.0,25
1768,0,0,440,424,16,1.0,23
1768,1,1,443,375,68,1.0,28
1776,0,0,424,440,-16,0.0,27
1776,1,1,440,350,90,1.0,23
1784,0,0,465,435,30,1.0,23
1784,1,1,500,449,51,1.0,26
1792,0,0,520,354,166,1.0,32
1792,1,1,467,431,36,1.0,27
1800,0,0,460,410,50,1.0,23
1800,1,1,484,398,86,1.0,24
1808,0,0,395,446,-51,0.0,28
1808,1,1,513,328,185,1.0,22
1816,0,0,481,389,92,1.0,26
1816,1,1,401,426,-25,0.0,28
1824,0,0,441,395,46,1.0,21
1824,1,1,448,462,-14,0.0,21
1832,0,0,457,407,50,1.0,28
1832,1,1,440,436,4,1.0,25
1840,0,0,423,471,-48,0.0,23
1840,1,1,470,462,8,1.0,21
1848,0,0,509,350,159,1.0,25
1848,1,1,419,471,-52,0.0,27
1856,0,0,447,453,-6,0.0,23
1856,1,1,431,404,27,1.0,23
1864,0,0,414,446,-32,0.0,31
1864,1,1,458,479,-21,0.0,30
1872,0,0,457,446,11,1.0,25
1872,1,1,413,406,7,1.0,26
1880,0,0,345,334,11,1.0,24
1880,1,1,409,356,53,1.0,22
1888,0,0,540,377,163,1.0,25
1888,1,1,465,464,1,1.0,24
1896,0,0,479,440,39,1.0,23
1896,1,1,464,542,-78,0.0,23
1904,0,0,410,431,-21,0.0,23
1904,1,1,459,323,136,1.0,24
1912,0,0,439,423,16,1.0,29
1912,1,1,462,450,12,1.0,23
1920,0,0,407,382,25,1.0,24
1920,1,1,478,377,101,1.0,24
1928,0,0,401,394,7,1.0,27
1928,1,1,475,443,32,1.0,20
1936,0,0,487,524,-37,0.0,21
1936,1,1,464,422,42,1.0,21
1944,0,0,560,467,93,1.0,18
1944,1,1,402,478,-76,0.0,25
1952,0,0,501,398,103,1.0,23
1952,1,1,439,474,-35,0.0,29
1960,0,0,402,481,-79,0.0,23
1960,1,1,404,345,59,1.0,28
1968,0,0,447,464,-17,0.0,23
1968,1,1,409,424,-15,0.0,22
1976,0,0,427,401,26,1.0,26
1976,1,1,478,462,16,1.0,22
1984,0,0,411,435,-24,0.0,30
1984,1,1,367,525,-158,0.0,30
1992,0,0,392,472,-80,0.0,26
1992,1,1,481,460,21,1.0,22
pair,game,a_seat,a_score,b_score,a_spread,a_win,turns
1,0,0,572,394,178,1.0,22
1,1,1,467,464,3,1.0,21
9,0,0,426,387,39,1.0,30
9,1,1,389,321,68,1.0,29
17,0,0,357,467,-110,0.0,27
17,1,1,432,453,-21,0.0,23
25,0,0,366,409,-43,0.0,31
25,1,1,347,495,-148,0.0,27
33,0,0,415,511,-96,0.0,23
33,1,1,457,465,-8,0.0,22
41,0,0,502,504,-2,0.0,22
41,1,1,498,446,52,1.0,24
49,0,0,396,469,-73,0.0,19
49,1,1,366,498,-132,0.0,24
57,0,0,453,376,77,1.0,22
57,1,1,385,421,-36,0.0,24
65,0,0,455,476,-21,0.0,21
65,1,1,563,388,175,1.0,23
73,0,0,374,498,-124,0.0,23
73,1,1,453,363,90,1.0,24
81,0,0,390,511,-121,0.0,23
81,1,1,470,383,87,1.0,23
89,0,0,419,524,-105,0.0,22
89,1,1,399,464,-65,0.0,22
97,0,0,392,633,-241,0.0,23
97,1,1,473,400,73,1.0,28
105,0,0,443,352,91,1.0,27
105,1,1,437,458,-21,0.0,26
113,0,0,461,432,29,1.0,22
113,1,1,376,414,-38,0.0,26
121,0,0,394,371,23,1.0,30
121,1,1,364,419,-55,0.0,26
129,0,0,489,326,163,1.0,24
129,1,1,381,463,-82,0.0,24
137,0,0,481,403,78,1.0,25
137,1,1,479,552,-73,0.0,20
145,0,0,445,471,-26,0.0,23
145,1,1,464,425,39,1.0,24
153,0,0,396,471,-75,0.0,25
153,1,1,391,394,-3,0.0,27
161,0,0,512,418,94,1.0,21
161,1,1,353,529,-176,0.0,24
169,0,0,400,563,-163,0.0,24
169,1,1,472,511,-39,0.0,22
177,0,0,442,329,113,1.0,28
177,1,1,506,436,70,1.0,24
185,0,0,425,510,-85,0.0,27
185,1,1,479,475,4,1.0,24
193,0,0,417,460,-43,0.0,24
193,1,1,411,450,-39,0.0,30
201,0,0,381,478,-97,0.0,23
201,1,1,451,364,87,1.0,23
209,0,0,405,474,-69,0.0,26
209,1,1,419,498,-79,0.0,24
217,0,0,473,350,123,1.0,25
217,1,1,312,510,-198,0.0,24
225,0,0,449,437,12,1.0,25
225,1,1,434,475,-41,0.0,20
233,0,0,379,472,-93,0.0,26
233,1,1,443,387,56,1.0,26
241,0,0,430,409,21,1.0,23
241,1,1,434,443,-9,0.0,22
249,0,0,449,606,-157,0.0,22
249,1,1,418,334,84,1.0,36
257,0,0,334,409,-75,0.0,35
257,1,1,370,366,4,1.0,26
265,0,0,478,421,57,1.0,24
265,1,1,325,412,-87,0.0,30
273,0,0,334,355,-21,0.0,27
273,1,1,518,454,64,1.0,21
281,0,0,418,441,-23,0.0,26
281,1,1,445,394,51,1.0,23
289,0,0,468,311,157,1.0,30
289,1,1,418,441,-23,0.0,24
297,0,0,451,443,8,1.0,24
297,1,1,300,369,-69,0.0,37
305,0,0,449,471,-22,0.0,23
305,1,1,423,371,52,1.0,22
313,0,0,365,435,-70,0.0,30
313,1,1,303,390,-87,0.0,42
321,0,0,334,544,-210,0.0,27
321,1,1,530,341,189,1.0,21
329,0,0,383,398,-15,0.0,26
329,1,1,367,437,-70,0.0,22
337,0,0,371,427,-56,0.0,23
337,1,1,510,443,67,1.0,22
345,0,0,420,511,-91,0.0,23
345,1,1,561,371,190,1.0,23
353,0,0,564,412,152,1.0,24
353,1,1,478,411,67,1.0,26
361,0,0,389,424,-35,0.0,26
361,1,1,451,505,-54,0.0,25
369,0,0,434,477,-43,0.0,24
369,1,1,456,449,7,1.0,20
377,0,0,454,325,129,1.0,34
377,1,1,426,446,-20,0.0,26
385,0,0,437,471,-34,0.0,20
385,1,1,501,262,239,1.0,27
393,0,0,349,504,-155,0.0,23
393,1,1,442,389,53,1.0,28
401,0,0,412,467,-55,0.0,24
401,1,1,393,378,15,1.0,26
409,0,0,597,460,137,1.0,20
409,1,1,568,373,195,1.0,21
417,0,0,377,481,-104,0.0,25
417,1,1,411,374,37,1.0,22
425,0,0,393,426,-33,0.0,22
425,1,1,446,402,44,1.0,24
433,0,0,493,409,84,1.0,24
433,1,1,395,375,20,1.0,22
441,0,0,449,468,-19,0.0,28
441,1,1,428,466,-38,0.0,24
449,0,0,480,461,19,1.0,22
449,1,1,451,476,-25,0.0,24
457,0,0,450,450,0,0.5,27
457,1,1,477,402,75,1.0,24
465,0,0,483,381,102,1.0,26
465,1,1,454,388,66,1.0,27
473,0,0,338,482,-144,0.0,22
473,1,1,498,406,92,1.0,22
481,0,0,443,403,40,1.0,33
481,1,1,481,408,73,1.0,31
489,0,0,444,369,75,1.0,23
489,1,1,518,344,174,1.0,19
497,0,0,322,568,-246,0.0,26
497,1,1,564,366,198,1.0,25
505,0,0,492,435,57,1.0,27
505,1,1,490,398,92,1.0,23
513,0,0,408,328,80,1.0,32
513,1,1,313,529,-216,0.0,28
521,0,0,402,381,21,1.0,25
521,1,1,396,431,-35,0.0,27
529,0,0,472,379,93,1.0,29
529,1,1,408,406,2,1.0,25
537,0,0,393,475,-82,0.0,23
537,1,1,477,520,-43,0.0,22
545,0,0,477,428,49,1.0,24
545,1,1,386,338,48,1.0,31
553,0,0,428,355,73,1.0,25
553,1,1,427,469,-42,0.0,25
561,0,0,400,478,-78,0.0,21
561,1,1,502,446,56,1.0,22
569,0,0,430,401,29,1.0,26
569,1,1,454,419,35,1.0,23
577,0,0,455,330,125,1.0,25
577,1,1,423,423,0,0.5,24
585,0,0,307,440,-133,0.0,32
585,1,1,465,393,72,1.0,26
593,0,0,485,309,176,1.0,27
593,1,1,372,419,-47,0.0,26
601,0,0,389,427,-38,0.0,27
601,1,1,359,476,-117,0.0,28
609,0,0,469,418,51,1.0,23
609,1,1,389,523,-134,0.0,23
617,0,0,470,441,29,1.0,28
617,1,1,403,497,-94,0.0,23
625,0,0,459,408,51,1.0,24
625,1,1,398,433,-35,0.0,28
633,0,0,376,539,-163,0.0,24
633,1,1,547,301,246,1.0,28
641,0,0,466,488,-22,0.0,22
641,1,1,389,535,-146,0.0,20
649,0,0,424,420,4,1.0,22
649,1,1,454,298,156,1.0,27
657,0,0,483,458,25,1.0,22
657,1,1,469,481,-12,0.0,20
665,0,0,376,383,-7,0.0,34
665,1,1,439,367,72,1.0,29
673,0,0,451,588,-137,0.0,26
673,1,1,374,456,-82,0.0,24
681,0,0,503,460,43,1.0,20
681,1,1,522,447,75,1.0,20
689,0,0,418,401,17,1.0,27
689,1,1,397,465,-68,0.0,27
697,0,0,441,489,-48,0.0,23
697,1,1,454,471,-17,0.0,24
705,0,0,476,383,93,1.0,24
705,1,1,445,447,-2,0.0,23
713,0,0,418,424,-6,0.0,26
713,1,1,449,509,-60,0.0,25
721,0,0,403,546,-143,0.0,21
721,1,1,501,381,120,1.0,22
729,0,0,464,372,92,1.0,26
729,1,1,411,400,11,1.0,25
737,0,0,434,376,58,1.0,23
737,1,1,398,474,-76,0.0,21
745,0,0,546,386,160,1.0,23
745,1,1,355,455,-100,0.0,32
753,0,0,457,432,25,1.0,23
753,1,1,407,385,22,1.0,23
761,0,0,462,385,77,1.0,25
761,1,1,358,418,-60,0.0,25
769,0,0,477,331,146,1.0,27
769,1,1,333,475,-142,0.0,26
777,0,0,495,338,157,1.0,30
777,1,1,373,527,-154,0.0,26
785,0,0,478,404,74,1.0,26
785,1,1,425,459,-34,0.0,26
793,0,0,480,579,-99,0.0,26
793,1,1,504,461,43,1.0,26
801,0,0,523,423,100,1.0,26
801,1,1,426,503,-77,0.0,22
809,0,0,458,384,74,1.0,26
809,1,1,485,303,182,1.0,24
817,0,0,385,424,-39,0.0,25
817,1,1,399,368,31,1.0,25
825,0,0,517,375,142,1.0,24
825,1,1,397,561,-164,0.0,24
833,0,0,548,447,101,1.0,25
833,1,1,380,470,-90,0.0,25
841,0,0,423,433,-10,0.0,31
841,1,1,380,495,-115,0.0,28
849,0,0,367,434,-67,0.0,24
849,1,1,432,362,70,1.0,25
857,0,0,445,486,-41,0.0,24
857,1,1,431,485,-54,0.0,23
865,0,0,446,449,-3,0.0,29
865,1,1,366,444,-78,0.0,31
873,0,0,344,471,-127,0.0,26
873,1,1,342,492,-150,0.0,25
881,0,0,487,427,60,1.0,23
881,1,1,447,342,105,1.0,28
889,0,0,476,445,31,1.0,24
889,1,1,449,536,-87,0.0,22
897,0,0,431,457,-26,0.0,26
897,1,1,470,345,125,1.0,23
905,0,0,464,391,73,1.0,22
905,1,1,392,561,-169,0.0,25
913,0,0,399,471,-72,0.0,21
913,1,1,410,419,-9,0.0,22
921,0,0,554,499,55,1.0,26
921,1,1,480,554,-74,0.0,26
929,0,0,427,500,-73,0.0,24
929,1,1,463,480,-17,0.0,23
937,0,0,437,513,-76,0.0,23
937,1,1,474,485,-11,0.0,21
945,0,0,425,481,-56,0.0,23
945,1,1,478,431,47,1.0,26
953,0,0,423,399,24,1.0,22
953,1,1,440,426,14,1.0,26
961,0,0,398,466,-68,0.0,27
961,1,1,453,446,7,1.0,26
969,0,0,331,573,-242,0.0,28
969,1,1,488,352,136,1.0,26
977,0,0,396,480,-84,0.0,24
977,1,1,446,371,75,1.0,33
985,0,0,309,456,-147,0.0,35
985,1,1,501,405,96,1.0,26
993,0,0,385,469,-84,0.0,22
993,1,1,641,307,334,1.0,24
1001,0,0,454,277,177,1.0,26
1001,1,1,522,381,141,1.0,25
1009,0,0,462,411,51,1.0,28
1009,1,1,457,468,-11,0.0,26
1017,0,0,367,432,-65,0.0,26
1017,1,1,472,469,3,1.0,24
1025,0,0,353,471,-118,0.0,26
1025,1,1,514,384,130,1.0,25
1033,0,0,373,411,-38,0.0,28
1033,1,1,422,385,37,1.0,32
1041,0,0,473,441,32,1.0,22
1041,1,1,462,403,59,1.0,21
1049,0,0,464,403,61,1.0,23
1049,1,1,349,443,-94,0.0,26
1057,0,0,444,486,-42,0.0,24
1057,1,1,470,408,62,1.0,23
1065,0,0,494,346,148,1.0,25
1065,1,1,464,374,90,1.0,24
1073,0,0,489,396,93,1.0,24
1073,1,1,426,449,-23,0.0,25
1081,0,0,419,479,-60,0.0,23
1081,1,1,445,372,73,1.0,22
1089,0,0,473,469,4,1.0,34
1089,1,1,370,446,-76,0.0,24
1097,0,0,370,558,-188,0.0,28
1097,1,1,456,466,-10,0.0,21
1105,0,0,453,446,7,1.0,22
1105,1,1,338,541,-203,0.0,22
1113,0,0,530,455,75,1.0,23
1113,1,1,411,474,-63,0.0,23
1121,0,0,463,447,16,1.0,21
1121,1,1,361,571,-210,0.0,22
1129,0,0,464,578,-114,0.0,24
1129,1,1,508,325,183,1.0,25
1137,0,0,421,479,-58,0.0,26
1137,1,1,397,399,-2,0.0,30
1145,0,0,424,379,45,1.0,27
1145,1,1,439,381,58,1.0,31
1153,0,0,342,379,-37,0.0,27
1153,1,1,504,380,124,1.0,25
1161,0,0,378,432,-54,0.0,27
1161,1,1,525,464,61,1.0,22
1169,0,0,495,464,31,1.0,23
1169,1,1,456,426,30,1.0,24
1177,0,0,468,451,17,1.0,21
1177,1,1,443,434,9,1.0,27
1185,0,0,389,396,-7,0.0,24
1185,1,1,469,490,-21,0.0,22
1193,0,0,463,356,107,1.0,26
1193,1,1,365,413,-48,0.0,26
1201,0,0,453,503,-50,0.0,25
1201,1,1,472,414,58,1.0,25
1209,0,0,356,507,-151,0.0,25
1209,1,1,536,364,172,1.0,20
1217,0,0,362,436,-74,0.0,29
1217,1,1,396,461,-65,0.0,29
1225,0,0,420,543,-123,0.0,23
1225,1,1,505,350,155,1.0,27
1233,0,0,421,445,-24,0.0,27
1233,1,1,437,476,-39,0.0,24
1241,0,0,501,502,-1,0.0,20
1241,1,1,427,302,125,1.0,28
1249,0,0,461,453,8,1.0,23
1249,1,1,485,360,125,1.0,23
1257,0,0,408,413,-5,0.0,23
1257,1,1,498,430,68,1.0,24
1265,0,0,353,435,-82,0.0,22
1265,1,1,459,363,96,1.0,30
1273,0,0,506,390,116,1.0,22
1273,1,1,499,311,188,1.0,25
1281,0,0,343,517,-174,0.0,22
1281,1,1,471,510,-39,0.0,24
1289,0,0,363,550,-187,0.0,22
1289,1,1,630,325,305,1.0,21
1297,0,0,448,458,-10,0.0,22
1297,1,1,443,459,-16,0.0,21
1305,0,0,426,582,-156,0.0,20
1305,1,1,479,386,93,1.0,25
1313,0,0,432,466,-34,0.0,25
1313,1,1,503,398,105,1.0,23
1321,0,0,557,477,80,1.0,22
1321,1,1,459,528,-69,0.0,25
1329,0,0,590,382,208,1.0,26
1329,1,1,356,519,-163,0.0,25
1337,0,0,489,410,79,1.0,22
1337,1,1,540,503,37,1.0,21
1345,0,0,370,439,-69,0.0,26
1345,1,1,482,393,89,1.0,23
1353,0,0,336,457,-121,0.0,37
1353,1,1,485,388,97,1.0,22
1361,0,0,440,554,-114,0.0,24
1361,1,1,457,470,-13,0.0,26
1369,0,0,406,467,-61,0.0,23
1369,1,1,437,380,57,1.0,23
1377,0,0,361,485,-124,0.0,25
1377,1,1,419,355,64,1.0,28
1385,0,0,407,423,-16,0.0,25
1385,1,1,440,387,53,1.0,23
1393,0,0,345,398,-53,0.0,20
1393,1,1,436,359,77,1.0,24
1401,0,0,408,352,56,1.0,22
1401,1,1,440,477,-37,0.0,27
1409,0,0,492,455,37,1.0,22
1409,1,1,450,488,-38,0.0,24
1417,0,0,457,410,47,1.0,24
1417,1,1,527,422,105,1.0,22
1425,0,0,409,396,13,1.0,27
1425,1,1,396,368,28,1.0,25
1433,0,0,464,432,32,1.0,24
1433,1,1,438,417,21,1.0,24
1441,0,0,363,551,-188,0.0,22
1441,1,1,615,408,207,1.0,21
1449,0,0,507,462,45,1.0,21
1449,1,1,371,445,-74,0.0,24
1457,0,0,480,400,80,1.0,22
1457,1,1,450,505,-55,0.0,21
1465,0,0,411,493,-82,0.0,25
1465,1,1,447,415,32,1.0,26
1473,0,0,398,448,-50,0.0,21
1473,1,1,500,400,100,1.0,23
1481,0,0,398,486,-88,0.0,28
1481,1,1,550,375,175,1.0,26
1489,0,0,403,359,44,1.0,33
1489,1,1,339,483,-144,0.0,23
1497,0,0,470,484,-14,0.0,24
1497,1,1,438,533,-95,0.0,22
1505,0,0,471,489,-18,0.0,23
1505,1,1,452,366,86,1.0,26
1513,0,0,410,420,-10,0.0,25
1513,1,1,492,454,38,1.0,25
1521,0,0,452,395,57,1.0,24
1521,1,1,399,411,-12,0.0,31
1529,0,0,519,411,108,1.0,25
1529,1,1,360,400,-40,0.0,34
1537,0,0,499,419,80,1.0,25
1537,1,1,474,467,7,1.0,25
1545,0,0,421,445,-24,0.0,24
1545,1,1,457,376,81,1.0,25
1553,0,0,383,486,-103,0.0,23
1553,1,1,475,498,-23,0.0,24
1561,0,0,424,454,-30,0.0,27
1561,1,1,533,436,97,1.0,24
1569,0,0,447,531,-84,0.0,23
1569,1,1,524,426,98,1.0,23
1577,0,0,438,406,32,1.0,24
1577,1,1,515,454,61,1.0,27
1585,0,0,371,468,-97,0.0,23
1585,1,1,499,334,165,1.0,27
1593,0,0,381,446,-65,0.0,26
1593,1,1,496,355,141,1.0,24
1601,0,0,465,524,-59,0.0,20
1601,1,1,511,427,84,1.0,22
1609,0,0,467,584,-117,0.0,21
1609,1,1,521,362,159,1.0,21
1617,0,0,528,361,167,1.0,26
1617,1,1,386,503,-117,0.0,24
1625,0,0,415,496,-81,0.0,22
1625,1,1,504,364,140,1.0,25
1633,0,0,427,503,-76,0.0,24
1633,1,1,481,358,123,1.0,22
1641,0,0,319,465,-146,0.0,26
1641,1,1,395,471,-76,0.0,27
1649,0,0,455,377,78,1.0,23
1649,1,1,418,481,-63,0.0,27
1657,0,0,381,610,-229,0.0,23
1657,1,1,509,392,117,1.0,23
1665,0,0,474,486,-12,0.0,23
1665,1,1,359,439,-80,0.0,22
1673,0,0,422,389,33,1.0,27
1673,1,1,400,413,-13,0.0,28
1681,0,0,383,359,24,1.0,28
1681,1,1,490,358,132,1.0,31
1689,0,0,421,504,-83,0.0,23
1689,1,1,478,401,77,1.0,25
1697,0,0,477,416,61,1.0,29
1697,1,1,412,476,-64,0.0,30
1705,0,0,321,504,-183,0.0,35
1705,1,1,380,390,-10,0.0,23
1713,0,0,446,307,139,1.0,25
1713,1,1,377,426,-49,0.0,22
1721,0,0,506,426,80,1.0,22
1721,1,1,461,442,19,1.0,24
1729,0,0,435,473,-38,0.0,21
1729,1,1,417,346,71,1.0,24
1737,0,0,363,404,-41,0.0,31
1737,1,1,451,457,-6,0.0,23
1745,0,0,435,430,5,1.0,23
1745,1,1,360,378,-18,0.0,26
1753,0,0,492,380,112,1.0,27
1753,1,1,524,434,90,1.0,25
1761,0,0,418,405,13,1.0,28
1761,1,1,496,423,73,1.0,27
1769,0,0,346,437,-91,0.0,29
1769,1,1,436,372,64,1.0,21
1777,0,0,341,546,-205,0.0,29
1777,1,1,563,346,217,1.0,25
1785,0,0,336,661,-325,0.0,23
1785,1,1,474,478,-4,0.0,24
1793,0,0,337,455,-118,0.0,24
1793,1,1,351,383,-32,0.0,26
1801,0,0,396,377,19,1.0,25
1801,1,1,422,445,-23,0.0,25
1809,0,0,394,516,-122,0.0,24
1809,1,1,559,435,124,1.0,27
1817,0,0,509,333,176,1.0,25
1817,1,1,427,488,-61,0.0,29
1825,0,0,400,333,67,1.0,25
1825,1,1,330,409,-79,0.0,25
1833,0,0,505,488,17,1.0,20
1833,1,1,408,408,0,0.5,29
1841,0,0,434,456,-22,0.0,26
1841,1,1,432,416,16,1.0,28
1849,0,0,415,422,-7,0.0,23
1849,1,1,442,401,41,1.0,28
1857,0,0,524,370,154,1.0,22
1857,1,1,368,383,-15,0.0,23
1865,0,0,435,392,43,1.0,30
1865,1,1,457,376,81,1.0,21
1873,0,0,450,449,1,1.0,26
1873,1,1,434,392,42,1.0,27
1881,0,0,502,367,135,1.0,24
1881,1,1,488,355,133,1.0,31
1889,0,0,431,407,24,1.0,28
1889,1,1,410,503,-93,0.0,20
1897,0,0,500,519,-19,0.0,20
1897,1,1,416,418,-2,0.0,22
1905,0,0,430,450,-20,0.0,26
1905,1,1,539,416,123,1.0,23
1913,0,0,400,437,-37,0.0,32
1913,1,1,454,413,41,1.0,22
1921,0,0,327,585,-258,0.0,27
1921,1,1,543,353,190,1.0,24
1929,0,0,412,537,-125,0.0,25
1929,1,1,484,415,69,1.0,23
1937,0,0,423,453,-30,0.0,22
1937,1,1,428,480,-52,0.0,25
1945,0,0,502,416,86,1.0,24
1945,1,1,462,475,-13,0.0,22
1953,0,0,492,426,66,1.0,27
1953,1,1,375,546,-171,0.0,21
1961,0,0,390,475,-85,0.0,23
1961,1,1,422,403,19,1.0,27
1969,0,0,382,399,-17,0.0,23
1969,1,1,548,388,160,1.0,23
1977,0,0,447,443,4,1.0,22
1977,1,1,487,498,-11,0.0,22
1985,0,0,532,344,188,1.0,20
1985,1,1,420,528,-108,0.0,20
1993,0,0,453,376,77,1.0,26
1993,1,1,510,410,100,1.0,20
pair,game,a_seat,a_score,b_score,a_spread,a_win,turns
2,0,0,483,415,68,1.0,24
2,1,1,376,442,-66,0.0,23
10,0,0,389,452,-63,0.0,27
10,1,1,453,401,52,1.0,24
18,0,0,434,402,32,1.0,21
18,1,1,432,466,-34,0.0,27
26,0,0,427,350,77,1.0,29
26,1,1,448,448,0,0.5,33
34,0,0,492,375,117,1.0,24
34,1,1,484,404,80,1.0,28
42,0,0,359,514,-155,0.0,22
42,1,1,404,379,25,1.0,24
50,0,0,455,424,31,1.0,24
50,1,1,402,493,-91,0.0,24
58,0,0,399,378,21,1.0,28
58,1,1,323,473,-150,0.0,37
66,0,0,524,464,60,1.0,21
66,1,1,506,537,-31,0.0,21
74,0,0,462,492,-30,0.0,21
74,1,1,467,463,4,1.0,22
82,0,0,401,420,-19,0.0,23
82,1,1,471,416,55,1.0,26
90,0,0,335,443,-108,0.0,27
90,1,1,517,458,59,1.0,21
98,0,0,352,545,-193,0.0,22
98,1,1,389,361,28,1.0,26
106,0,0,438,512,-74,0.0,22
106,1,1,369,491,-122,0.0,28
114,0,0,488,408,80,1.0,23
114,1,1,462,482,-20,0.0,21
122,0,0,466,584,-118,0.0,22
122,1,1,523,472,51,1.0,21
130,0,0,412,456,-44,0.0,24
130,1,1,446,371,75,1.0,22
138,0,0,491,354,137,1.0,23
138,1,1,413,393,20,1.0,24
146,0,0,394,376,18,1.0,29
146,1,1,491,384,107,1.0,23
154,0,0,521,292,229,1.0,27
154,1,1,345,513,-168,0.0,26
162,0,0,380,370,10,1.0,30
162,1,1,382,518,-136,0.0,24
170,0,0,433,450,-17,0.0,23
170,1,1,450,404,46,1.0,20
178,0,0,412,465,-53,0.0,24
178,1,1,498,343,155,1.0,25
186,0,0,390,402,-12,0.0,31
186,1,1,344,567,-223,0.0,22
194,0,0,402,542,-140,0.0,26
194,1,1,476,399,77,1.0,34
202,0,0,450,324,126,1.0,23
202,1,1,391,431,-40,0.0,23
210,0,0,384,424,-40,0.0,26
210,1,1,425,363,62,1.0,24
218,0,0,486,350,136,1.0,28
218,1,1,434,448,-14,0.0,28
226,0,0,347,530,-183,0.0,27
226,1,1,455,427,28,1.0,22
234,0,0,514,512,2,1.0,26
234,1,1,492,407,85,1.0,24
242,0,0,411,455,-44,0.0,30
242,1,1,320,454,-134,0.0,32
250,0,0,453,461,-8,0.0,24
250,1,1,498,502,-4,0.0,23
258,0,0,424,332,92,1.0,22
258,1,1,441,390,51,1.0,26
266,0,0,546,396,150,1.0,19
266,1,1,490,502,-12,0.0,23
274,0,0,387,425,-38,0.0,28
274,1,1,460,353,107,1.0,31
282,0,0,495,344,151,1.0,23
282,1,1,397,427,-30,0.0,26
290,0,0,538,383,155,1.0,22
290,1,1,408,534,-126,0.0,24
298,0,0,421,446,-25,0.0,29
298,1,1,500,355,145,1.0,23
306,0,0,500,460,40,1.0,20
306,1,1,464,420,44,1.0,23
314,0,0,335,498,-163,0.0,26
314,1,1,488,331,157,1.0,26
322,0,0,494,571,-77,0.0,21
322,1,1,551,509,42,1.0,19
330,0,0,488,458,30,1.0,22
330,1,1,516,522,-6,0.0,23
338,0,0,392,342,50,1.0,26
338,1,1,487,306,181,1.0,26
346,0,0,463,468,-5,0.0,23
346,1,1,428,406,22,1.0,26
354,0,0,551,416,135,1.0,23
354,1,1,417,566,-149,0.0,22
362,0,0,478,373,105,1.0,22
362,1,1,457,451,6,1.0,24
370,0,0,581,420,161,1.0,22
370,1,1,380,507,-127,0.0,27
378,0,0,446,407,39,1.0,23
378,1,1,482,397,85,1.0,22
386,0,0,583,428,155,1.0,24
386,1,1,367,513,-146,0.0,24
394,0,0,535,334,201,1.0,27
394,1,1,431,483,-52,0.0,23
402,0,0,489,436,53,1.0,23
402,1,1,537,469,68,1.0,25
410,0,0,565,471,94,1.0,26
410,1,1,484,509,-25,0.0,25
418,0,0,429,396,33,1.0,22
418,1,1,407,423,-16,0.0,23
426,0,0,420,450,-30,0.0,24
426,1,1,488,405,83,1.0,26
434,0,0,379,444,-65,0.0,23
434,1,1,475,369,106,1.0,29
442,0,0,609,365,244,1.0,19
442,1,1,434,531,-97,0.0,21
450,0,0,411,416,-5,0.0,24
450,1,1,481,495,-14,0.0,20
458,0,0,615,456,159,1.0,20
458,1,1,462,562,-100,0.0,21
466,0,0,436,481,-45,0.0,23
466,1,1,450,549,-99,0.0,19
474,0,0,431,401,30,1.0,26
474,1,1,377,407,-30,0.0,25
482,0,0,491,485,6,1.0,33
482,1,1,420,551,-131,0.0,33
490,0,0,406,450,-44,0.0,25
490,1,1,433,391,42,1.0,27
498,0,0,459,413,46,1.0,25
498,1,1,443,488,-45,0.0,20
506,0,0,351,558,-207,0.0,23
506,1,1,486,337,149,1.0,25
514,0,0,444,555,-111,0.0,22
514,1,1,589,456,133,1.0,24
522,0,0,483,387,96,1.0,24
522,1,1,397,448,-51,0.0,28
530,0,0,411,524,-113,0.0,20
530,1,1,471,383,88,1.0,20
538,0,0,488,347,141,1.0,22
538,1,1,357,529,-172,0.0,23
546,0,0,414,409,5,1.0,27
546,1,1,360,540,-180,0.0,24
554,0,0,548,423,125,1.0,26
554,1,1,390,584,-194,0.0,25
562,0,0,479,354,125,1.0,25
562,1,1,392,399,-7,0.0,30
570,0,0,457,364,93,1.0,25
570,1,1,437,404,33,1.0,24
578,0,0,501,383,118,1.0,23
578,1,1,425,467,-42,0.0,23
586,0,0,548,359,189,1.0,23
586,1,1,361,426,-65,0.0,29
594,0,0,423,443,-20,0.0,24
594,1,1,476,429,47,1.0,24
602,0,0,480,481,-1,0.0,21
602,1,1,417,415,2,1.0,26
610,0,0,431,456,-25,0.0,23
610,1,1,453,496,-43,0.0,22
618,0,0,565,336,229,1.0,24
618,1,1,347,616,-269,0.0,21
626,0,0,623,380,243,1.0,26
626,1,1,477,385,92,1.0,26
634,0,0,452,420,32,1.0,27
634,1,1,451,475,-24,0.0,23
642,0,0,313,456,-143,0.0,30
642,1,1,401,447,-46,0.0,31
650,0,0,454,466,-12,0.0,25
650,1,1,525,392,133,1.0,24
658,0,0,390,423,-33,0.0,26
658,1,1,462,372,90,1.0,26
666,0,0,406,450,-44,0.0,23
666,1,1,409,376,33,1.0,26
674,0,0,423,435,-12,0.0,23
674,1,1,398,485,-87,0.0,24
682,0,0,473,367,106,1.0,23
682,1,1,478,481,-3,0.0,24
690,0,0,348,476,-128,0.0,28
690,1,1,356,390,-34,0.0,23
698,0,0,482,414,68,1.0,22
698,1,1,428,447,-19,0.0,20
706,0,0,395,378,17,1.0,27
706,1,1,469,309,160,1.0,28
714,0,0,614,409,205,1.0,23
714,1,1,372,535,-163,0.0,26
722,0,0,415,354,61,1.0,27
722,1,1,276,605,-329,0.0,27
730,0,0,512,385,127,1.0,24
730,1,1,377,567,-190,0.0,25
738,0,0,449,546,-97,0.0,21
738,1,1,469,444,25,1.0,22
746,0,0,405,436,-31,0.0,27
746,1,1,508,412,96,1.0,26
754,0,0,325,422,-97,0.0,27
754,1,1,457,428,29,1.0,28
762,0,0,430,518,-88,0.0,24
762,1,1,495,471,24,1.0,22
770,0,0,369,389,-20,0.0,33
770,1,1,444,429,15,1.0,26
778,0,0,409,497,-88,0.0,21
778,1,1,447,431,16,1.0,23
786,0,0,394,543,-149,0.0,22
786,1,1,478,458,20,1.0,24
794,0,0,380,515,-135,0.0,24
794,1,1,405,495,-90,0.0,23
802,0,0,456,391,65,1.0,27
802,1,1,417,306,111,1.0,26
810,0,0,406,468,-62,0.0,25
810,1,1,432,392,40,1.0,28
818,0,0,384,476,-92,0.0,25
818,1,1,506,406,100,1.0,24
826,0,0,427,425,2,1.0,24
826,1,1,509,422,87,1.0,24
834,0,0,397,397,0,0.5,25
834,1,1,433,503,-70,0.0,24
842,0,0,411,426,-15,0.0,25
842,1,1,425,470,-45,0.0,23
850,0,0,603,365,238,1.0,24
850,1,1,377,543,-166,0.0,24
858,0,0,452,476,-24,0.0,21
858,1,1,433,336,97,1.0,26
866,0,0,482,463,19,1.0,24
866,1,1,410,448,-38,0.0,22
874,0,0,294,462,-168,0.0,27
874,1,1,458,456,2,1.0,24
882,0,0,472,449,23,1.0,26
882,1,1,460,486,-26,0.0,22
890,0,0,552,490,62,1.0,28
890,1,1,429,464,-35,0.0,21
898,0,0,396,394,2,1.0,26
898,1,1,449,398,51,1.0,22
906,0,0,445,430,15,1.0,32
906,1,1,403,480,-77,0.0,25
914,0,0,499,399,100,1.0,26
914,1,1,435,412,23,1.0,26
922,0,0,437,452,-15,0.0,22
922,1,1,469,459,10,1.0,23
930,0,0,379,469,-90,0.0,26
930,1,1,385,412,-27,0.0,28
938,0,0,531,354,177,1.0,26
938,1,1,483,302,181,1.0,27
946,0,0,443,523,-80,0.0,21
946,1,1,434,521,-87,0.0,21
954,0,0,488,487,1,1.0,23
954,1,1,407,437,-30,0.0,24
962,0,0,455,436,19,1.0,22
962,1,1,421,472,-51,0.0,23
970,0,0,510,410,100,1.0,25
970,1,1,362,414,-52,0.0,27
978,0,0,355,499,-144,0.0,23
978,1,1,467,469,-2,0.0,24
986,0,0,456,358,98,1.0,25
986,1,1,323,432,-109,0.0,28
994,0,0,452,481,-29,0.0,22
994,1,1,410,501,-91,0.0,28
1002,0,0,488,506,-18,0.0,26
1002,1,1,555,394,161,1.0,24
1010,0,0,439,464,-25,0.0,24
1010,1,1,417,330,87,1.0,22
1018,0,0,462,435,27,1.0,25
1018,1,1,503,365,138,1.0,22
1026,0,0,403,406,-3,0.0,25
1026,1,1,414,468,-54,0.0,23
1034,0,0,470,438,32,1.0,24
1034,1,1,427,549,-122,0.0,22
1042,0,0,432,421,11,1.0,29
1042,1,1,479,421,58,1.0,25
1050,0,0,446,475,-29,0.0,22
1050,1,1,392,420,-28,0.0,23
1058,0,0,498,477,21,1.0,25
1058,1,1,396,499,-103,0.0,24
1066,0,0,453,469,-16,0.0,23
1066,1,1,430,347,83,1.0,25
1074,0,0,442,389,53,1.0,27
1074,1,1,549,369,180,1.0,25
1082,0,0,440,519,-79,0.0,22
1082,1,1,506,404,102,1.0,22
1090,0,0,521,422,99,1.0,27
1090,1,1,382,462,-80,0.0,25
1098,0,0,426,478,-52,0.0,26
1098,1,1,376,461,-85,0.0,31
1106,0,0,524,448,76,1.0,25
1106,1,1,455,470,-15,0.0,22
1114,0,0,487,453,34,1.0,23
1114,1,1,367,461,-94,0.0,27
1122,0,0,384,492,-108,0.0,22
1122,1,1,520,520,0,0.5,22
1130,0,0,443,407,36,1.0,25
1130,1,1,398,480,-82,0.0,27
1138,0,0,501,387,114,1.0,26
1138,1,1,396,509,-113,0.0,26
1146,0,0,429,374,55,1.0,26
1146,1,1,386,523,-137,0.0,26
1154,0,0,425,581,-156,0.0,22
1154,1,1,571,372,199,1.0,22
1162,0,0,461,370,91,1.0,21
1162,1,1,328,521,-193,0.0,21
1170,0,0,416,435,-19,0.0,24
1170,1,1,397,417,-20,0.0,24
1178,0,0,464,406,58,1.0,23
1178,1,1,450,489,-39,0.0,27
1186,0,0,403,391,12,1.0,23
1186,1,1,482,437,45,1.0,23
1194,0,0,436,392,44,1.0,25
1194,1,1,338,465,-127,0.0,25
1202,0,0,509,330,179,1.0,25
1202,1,1,350,464,-114,0.0,26
1210,0,0,408,390,18,1.0,34
1210,1,1,523,383,140,1.0,30
1218,0,0,356,507,-151,0.0,28
1218,1,1,451,472,-21,0.0,29
1226,0,0,488,447,41,1.0,22
1226,1,1,396,431,-35,0.0,22
1234,0,0,520,404,116,1.0,25
1234,1,1,371,465,-94,0.0,25
1242,0,0,539,366,173,1.0,26
1242,1,1,386,489,-103,0.0,27
1250,0,0,459,464,-5,0.0,25
1250,1,1,539,381,158,1.0,25
1258,0,0,421,407,14,1.0,22
1258,1,1,400,497,-97,0.0,26
1266,0,0,524,489,35,1.0,27
1266,1,1,411,462,-51,0.0,25
1274,0,0,405,486,-81,0.0,25
1274,1,1,376,398,-22,0.0,27
1282,0,0,389,419,-30,0.0,25
1282,1,1,420,430,-10,0.0,33
1290,0,0,403,373,30,1.0,25
1290,1,1,432,425,7,1.0,23
1298,0,0,396,420,-24,0.0,26
1298,1,1,300,506,-206,0.0,32
1306,0,0,376,391,-15,0.0,24
1306,1,1,419,354,65,1.0,25
1314,0,0,369,413,-44,0.0,26
1314,1,1,503,289,214,1.0,26
1322,0,0,495,395,100,1.0,26
1322,1,1,357,485,-128,0.0,24
1330,0,0,449,465,-16,0.0,23
1330,1,1,446,442,4,1.0,26
1338,0,0,443,396,47,1.0,25
1338,1,1,383,473,-90,0.0,24
1346,0,0,398,375,23,1.0,23
1346,1,1,452,408,44,1.0,23
1354,0,0,405,499,-94,0.0,22
1354,1,1,474,379,95,1.0,25
1362,0,0,447,406,41,1.0,25
1362,1,1,454,420,34,1.0,25
1370,0,0,508,397,111,1.0,23
1370,1,1,513,427,86,1.0,23
1378,0,0,560,303,257,1.0,27
1378,1,1,362,463,-101,0.0,28
1386,0,0,453,398,55,1.0,25
1386,1,1,328,508,-180,0.0,25
1394,0,0,503,468,35,1.0,22
1394,1,1,364,390,-26,0.0,26
1402,0,0,477,347,130,1.0,23
1402,1,1,338,563,-225,0.0,23
1410,0,0,502,400,102,1.0,22
1410,1,1,349,551,-202,0.0,25
1418,0,0,509,402,107,1.0,25
1418,1,1,454,388,66,1.0,25
1426,0,0,433,487,-54,0.0,24
1426,1,1,419,467,-48,0.0,26
1434,0,0,498,396,102,1.0,21
1434,1,1,337,525,-188,0.0,22
1442,0,0,467,399,68,1.0,23
1442,1,1,448,464,-16,0.0,24
1450,0,0,420,480,-60,0.0,27
1450,1,1,421,454,-33,0.0,22
1458,0,0,437,405,32,1.0,25
1458,1,1,389,391,-2,0.0,24
1466,0,0,552,368,184,1.0,25
1466,1,1,416,483,-67,0.0,28
1474,0,0,398,455,-57,0.0,23
1474,1,1,370,431,-61,0.0,25
1482,0,0,444,470,-26,0.0,26
1482,1,1,476,517,-41,0.0,24
1490,0,0,619,362,257,1.0,22
1490,1,1,419,461,-42,0.0,21
1498,0,0,524,364,160,1.0,23
1498,1,1,465,403,62,1.0,24
1506,0,0,465,464,1,1.0,26
1506,1,1,436,476,-40,0.0,24
1514,0,0,457,421,36,1.0,23
1514,1,1,414,387,27,1.0,26
1522,0,0,406,391,15,1.0,22
1522,1,1,474,418,56,1.0,22
1530,0,0,508,419,89,1.0,24
1530,1,1,417,460,-43,0.0,24
1538,0,0,454,371,83,1.0,28
1538,1,1,393,420,-27,0.0,31
1546,0,0,332,395,-63,0.0,33
1546,1,1,447,449,-2,0.0,24
1554,0,0,517,386,131,1.0,23
1554,1,1,372,531,-159,0.0,25
1562,0,0,561,355,206,1.0,23
1562,1,1,414,474,-60,0.0,23
1570,0,0,480,426,54,1.0,25
1570,1,1,497,432,65,1.0,26
1578,0,0,416,431,-15,0.0,26
1578,1,1,363,423,-60,0.0,29
1586,0,0,519,321,198,1.0,24
1586,1,1,348,559,-211,0.0,25
1594,0,0,571,401,170,1.0,23
1594,1,1,443,478,-35,0.0,25
1602,0,0,379,382,-3,0.0,27
1602,1,1,424,360,64,1.0,28
1610,0,0,527,375,152,1.0,23
1610,1,1,369,524,-155,0.0,23
1618,0,0,430,479,-49,0.0,22
1618,1,1,476,452,24,1.0,23
1626,0,0,486,351,135,1.0,26
1626,1,1,349,440,-91,0.0,27
1634,0,0,426,433,-7,0.0,22
1634,1,1,425,461,-36,0.0,23
1642,0,0,587,380,207,1.0,22
1642,1,1,466,481,-15,0.0,21
1650,0,0,412,426,-14,0.0,26
1650,1,1,484,455,29,1.0,29
1658,0,0,380,409,-29,0.0,27
1658,1,1,422,391,31,1.0,30
1666,0,0,449,446,3,1.0,25
1666,1,1,457,390,67,1.0,29
1674,0,0,451,408,43,1.0,24
1674,1,1,454,364,90,1.0,24
1682,0,0,495,452,43,1.0,25
1682,1,1,500,477,23,1.0,26
1690,0,0,524,328,196,1.0,23
1690,1,1,398,420,-22,0.0,24
1698,0,0,417,445,-28,0.0,23
1698,1,1,450,426,24,1.0,23
1706,0,0,423,460,-37,0.0,27
1706,1,1,423,515,-92,0.0,23
1714,0,0,381,499,-118,0.0,26
1714,1,1,435,448,-13,0.0,21
1722,0,0,430,418,12,1.0,27
1722,1,1,395,328,67,1.0,29
1730,0,0,379,448,-69,0.0,28
1730,1,1,456,409,47,1.0,25
1738,0,0,459,356,103,1.0,25
1738,1,1,332,514,-182,0.0,32
1746,0,0,480,384,96,1.0,31
1746,1,1,475,442,33,1.0,27
1754,0,0,408,369,39,1.0,26
1754,1,1,453,430,23,1.0,27
1762,0,0,333,505,-172,0.0,24
1762,1,1,527,390,137,1.0,26
1770,0,0,581,429,152,1.0,22
1770,1,1,360,457,-97,0.0,24
1778,0,0,487,437,50,1.0,24
1778,1,1,418,398,20,1.0,28
1786,0,0,438,365,73,1.0,23
1786,1,1,408,594,-186,0.0,21
1794,0,0,455,329,126,1.0,39
1794,1,1,432,374,58,1.0,26
1802,0,0,440,360,80,1.0,25
1802,1,1,333,402,-69,0.0,28
1810,0,0,445,350,95,1.0,25
1810,1,1,512,397,115,1.0,23
1818,0,0,515,327,188,1.0,21
1818,1,1,443,541,-98,0.0,21
1826,0,0,538,417,121,1.0,21
1826,1,1,392,514,-122,0.0,21
1834,0,0,455,407,48,1.0,27
1834,1,1,432,477,-45,0.0,27
1842,0,0,415,459,-44,0.0,25
1842,1,1,378,459,-81,0.0,29
1850,0,0,571,352,219,1.0,21
1850,1,1,369,386,-17,0.0,22
1858,0,0,393,413,-20,0.0,24
1858,1,1,444,419,25,1.0,28
1866,0,0,430,396,34,1.0,29
1866,1,1,450,424,26,1.0,25
1874,0,0,450,365,85,1.0,25
1874,1,1,540,396,144,1.0,27
1882,0,0,446,382,64,1.0,21
1882,1,1,417,443,-26,0.0,23
1890,0,0,504,367,137,1.0,24
1890,1,1,425,453,-28,0.0,26
1898,0,0,423,401,22,1.0,28
1898,1,1,413,461,-48,0.0,25
1906,0,0,446,422,24,1.0,24
1906,1,1,438,468,-30,0.0,22
1914,0,0,548,370,178,1.0,22
1914,1,1,345,388,-43,0.0,25
1922,0,0,487,421,66,1.0,21
1922,1,1,381,444,-63,0.0,24
1930,0,0,518,433,85,1.0,21
1930,1,1,433,474,-41,0.0,25
1938,0,0,392,592,-200,0.0,22
1938,1,1,455,397,58,1.0,23
1946,0,0,365,484,-119,0.0,22
1946,1,1,460,319,141,1.0,30
1954,0,0,457,364,93,1.0,23
1954,1,1,409,424,-15,0.0,23
1962,0,0,397,444,-47,0.0,36
1962,1,1,463,372,91,1.0,27
1970,0,0,524,443,81,1.0,23
1970,1,1,367,474,-107,0.0,27
1978,0,0,461,427,34,1.0,24
1978,1,1,357,517,-160,0.0,24
1986,0,0,366,453,-87,0.0,25
1986,1,1,440,344,96,1.0,25
1994,0,0,470,450,20,1.0,23
1994,1,1,391,472,-81,0.0,27
pair,game,a_seat,a_score,b_score,a_spread,a_win,turns
3,0,0,422,476,-54,0.0,27
3,1,1,447,427,20,1.0,25
11,0,0,529,344,185,1.0,22
11,1,1,412,468,-56,0.0,24
19,0,0,449,404,45,1.0,27
19,1,1,474,399,75,1.0,25
27,0,0,457,440,17,1.0,31
27,1,1,418,501,-83,0.0,27
35,0,0,373,380,-7,0.0,21
35,1,1,501,421,80,1.0,25
43,0,0,402,465,-63,0.0,23
43,1,1,534,404,130,1.0,26
51,0,0,419,376,43,1.0,27
51,1,1,369,440,-71,0.0,25
59,0,0,532,373,159,1.0,28
59,1,1,379,495,-116,0.0,23
67,0,0,429,354,75,1.0,31
67,1,1,332,453,-121,0.0,26
75,0,0,518,305,213,1.0,29
75,1,1,371,447,-76,0.0,24
83,0,0,509,457,52,1.0,22
83,1,1,383,353,30,1.0,28
91,0,0,494,401,93,1.0,26
91,1,1,425,478,-53,0.0,24
99,0,0,434,379,55,1.0,21
99,1,1,408,458,-50,0.0,24
107,0,0,396,513,-117,0.0,21
107,1,1,471,358,113,1.0,27
115,0,0,489,454,35,1.0,22
115,1,1,437,438,-1,0.0,22
123,0,0,382,435,-53,0.0,25
123,1,1,450,415,35,1.0,25
131,0,0,442,433,9,1.0,24
131,1,1,353,400,-47,0.0,29
139,0,0,336,380,-44,0.0,35
139,1,1,469,452,17,1.0,20
147,0,0,324,492,-168,0.0,27
147,1,1,471,328,143,1.0,23
155,0,0,526,429,97,1.0,22
155,1,1,524,494,30,1.0,20
163,0,0,390,468,-78,0.0,23
163,1,1,483,300,183,1.0,27
171,0,0,442,445,-3,0.0,27
171,1,1,454,535,-81,0.0,20
179,0,0,427,485,-58,0.0,29
179,1,1,494,381,113,1.0,25
187,0,0,293,496,-203,0.0,22
187,1,1,389,447,-58,0.0,29
195,0,0,446,403,43,1.0,24
195,1,1,482,420,62,1.0,24
203,0,0,332,509,-177,0.0,26
203,1,1,376,419,-43,0.0,22
211,0,0,450,544,-94,0.0,23
211,1,1,460,399,61,1.0,26
219,0,0,425,514,-89,0.0,25
219,1,1,447,509,-62,0.0,21
227,0,0,414,516,-102,0.0,21
227,1,1,460,401,59,1.0,24
235,0,0,450,451,-1,0.0,22
235,1,1,394,479,-85,0.0,24
243,0,0,474,405,69,1.0,22
243,1,1,410,454,-44,0.0,25
251,0,0,467,453,14,1.0,25
251,1,1,426,406,20,1.0,26
259,0,0,359,504,-145,0.0,22
259,1,1,459,354,105,1.0,26
267,0,0,341,516,-175,0.0,24
267,1,1,528,360,168,1.0,25
275,0,0,401,470,-69,0.0,25
275,1,1,347,413,-66,0.0,33
283,0,0,691,427,264,1.0,20
283,1,1,411,339,72,1.0,26
291,0,0,420,449,-29,0.0,26
291,1,1,495,415,80,1.0,23
299,0,0,418,382,36,1.0,25
299,1,1,382,409,-27,0.0,25
307,0,0,436,438,-2,0.0,26
307,1,1,419,511,-92,0.0,24
315,0,0,486,502,-16,0.0,19
315,1,1,484,407,77,1.0,26
323,0,0,380,537,-157,0.0,28
323,1,1,365,332,33,1.0,32
331,0,0,434,378,56,1.0,26
331,1,1,341,383,-42,0.0,24
339,0,0,496,398,98,1.0,22
339,1,1,427,311,116,1.0,26
347,0,0,412,555,-143,0.0,23
347,1,1,454,394,60,1.0,25
355,0,0,421,467,-46,0.0,26
355,1,1,436,540,-104,0.0,21
363,0,0,400,523,-123,0.0,28
363,1,1,440,390,50,1.0,24
371,0,0,394,455,-61,0.0,22
371,1,1,426,482,-56,0.0,24
379,0,0,510,449,61,1.0,24
379,1,1,483,451,32,1.0,24
387,0,0,584,443,141,1.0,23
387,1,1,430,477,-47,0.0,24
395,0,0,393,378,15,1.0,23
395,1,1,410,419,-9,0.0,21
403,0,0,422,365,57,1.0,24
403,1,1,349,465,-116,0.0,26
411,0,0,465,448,17,1.0,25
411,1,1,479,487,-8,0.0,24
419,0,0,457,471,-14,0.0,20
419,1,1,360,515,-155,0.0,27
427,0,0,482,407,75,1.0,24
427,1,1,470,425,45,1.0,23
435,0,0,497,378,119,1.0,25
435,1,1,355,465,-110,0.0,30
443,0,0,488,347,141,1.0,23
443,1,1,330,389,-59,0.0,25
451,0,0,439,370,69,1.0,24
451,1,1,273,541,-268,0.0,28
459,0,0,495,347,148,1.0,26
459,1,1,397,525,-128,0.0,21
467,0,0,486,495,-9,0.0,27
467,1,1,446,504,-58,0.0,30
475,0,0,387,464,-77,0.0,26
475,1,1,529,395,134,1.0,23
483,0,0,431,399,32,1.0,27
483,1,1,474,392,82,1.0,22
491,0,0,451,351,100,1.0,29
491,1,1,410,314,96,1.0,23
499,0,0,407,450,-43,0.0,40
499,1,1,344,431,-87,0.0,26
507,0,0,438,459,-21,0.0,24
507,1,1,452,444,8,1.0,22
515,0,0,355,498,-143,0.0,26
515,1,1,524,415,109,1.0,21
523,0,0,518,376,142,1.0,21
523,1,1,368,448,-80,0.0,24
531,0,0,384,492,-108,0.0,32
531,1,1,466,418,48,1.0,25
539,0,0,441,361,80,1.0,24
539,1,1,443,373,70,1.0,21
547,0,0,404,509,-105,0.0,27
547,1,1,442,375,67,1.0,27
555,0,0,462,519,-57,0.0,20
555,1,1,414,535,-121,0.0,25
563,0,0,456,396,60,1.0,26
563,1,1,381,448,-67,0.0,26
571,0,0,419,424,-5,0.0,26
571,1,1,430,379,51,1.0,29
579,0,0,539,427,112,1.0,26
579,1,1,550,431,119,1.0,34
587,0,0,477,497,-20,0.0,24
587,1,1,416,564,-148,0.0,23
595,0,0,568,410,158,1.0,23
595,1,1,406,483,-77,0.0,26
603,0,0,478,471,7,1.0,24
603,1,1,489,454,35,1.0,23
611,0,0,350,592,-242,0.0,26
611,1,1,545,427,118,1.0,20
619,0,0,419,451,-32,0.0,26
619,1,1,344,460,-116,0.0,27
627,0,0,411,394,17,1.0,26
627,1,1,387,375,12,1.0,32
635,0,0,352,480,-128,0.0,21
635,1,1,389,407,-18,0.0,26
643,0,0,406,477,-71,0.0,21
643,1,1,519,512,7,1.0,27
651,0,0,456,360,96,1.0,23
651,1,1,376,388,-12,0.0,25
659,0,0,385,443,-58,0.0,24
659,1,1,472,385,87,1.0,26
667,0,0,515,419,96,1.0,24
667,1,1,436,460,-24,0.0,21
675,0,0,464,363,101,1.0,21
675,1,1,433,518,-85,0.0,21
683,0,0,508,377,131,1.0,22
683,1,1,568,441,127,1.0,26
691,0,0,401,462,-61,0.0,26
691,1,1,373,447,-74,0.0,25
699,0,0,278,459,-181,0.0,33
699,1,1,413,520,-107,0.0,23
707,0,0,507,467,40,1.0,26
707,1,1,398,398,0,0.5,33
715,0,0,389,447,-58,0.0,25
715,1,1,376,490,-114,0.0,23
723,0,0,423,441,-18,0.0,27
723,1,1,366,484,-118,0.0,30
731,0,0,444,507,-63,0.0,24
731,1,1,516,397,119,1.0,21
739,0,0,433,454,-21,0.0,23
739,1,1,378,435,-57,0.0,23
747,0,0,491,428,63,1.0,24
747,1,1,403,579,-176,0.0,22
755,0,0,456,431,25,1.0,24
755,1,1,459,479,-20,0.0,26
763,0,0,438,309,129,1.0,30
763,1,1,322,497,-175,0.0,27
771,0,0,433,482,-49,0.0,21
771,1,1,519,353,166,1.0,24
779,0,0,399,549,-150,0.0,24
779,1,1,518,412,106,1.0,24
787,0,0,409,429,-20,0.0,30
787,1,1,373,450,-77,0.0,26
795,0,0,432,484,-52,0.0,25
795,1,1,433,400,33,1.0,25
803,0,0,395,507,-112,0.0,21
803,1,1,556,313,243,1.0,25
811,0,0,446,374,72,1.0,25
811,1,1,353,409,-56,0.0,24
819,0,0,483,352,131,1.0,28
819,1,1,337,429,-92,0.0,24
827,0,0,428,482,-54,0.0,23
827,1,1,479,431,48,1.0,19
835,0,0,411,382,29,1.0,24
835,1,1,417,399,18,1.0,25
843,0,0,488,423,65,1.0,23
843,1,1,400,565,-165,0.0,24
851,0,0,404,490,-86,0.0,22
851,1,1,626,338,288,1.0,29
859,0,0,374,407,-33,0.0,25
859,1,1,418,461,-43,0.0,26
867,0,0,426,495,-69,0.0,21
867,1,1,517,381,136,1.0,21
875,0,0,537,489,48,1.0,27
875,1,1,473,447,26,1.0,25
883,0,0,576,421,155,1.0,22
883,1,1,540,480,60,1.0,23
891,0,0,453,452,1,1.0,24
891,1,1,417,457,-40,0.0,24
899,0,0,473,445,28,1.0,24
899,1,1,412,418,-6,0.0,22
907,0,0,418,500,-82,0.0,25
907,1,1,510,444,66,1.0,23
915,0,0,410,419,-9,0.0,32
915,1,1,459,361,98,1.0,28
923,0,0,444,440,4,1.0,26
923,1,1,443,445,-2,0.0,24
931,0,0,509,425,84,1.0,24
931,1,1,482,477,5,1.0,24
939,0,0,477,422,55,1.0,22
939,1,1,502,491,11,1.0,22
947,0,0,474,426,48,1.0,23
947,1,1,438,432,6,1.0,21
955,0,0,444,505,-61,0.0,26
955,1,1,377,458,-81,0.0,23
963,0,0,498,402,96,1.0,21
963,1,1,388,514,-126,0.0,24
971,0,0,445,431,14,1.0,26
971,1,1,511,539,-28,0.0,25
979,0,0,354,451,-97,0.0,27
979,1,1,499,413,86,1.0,23
987,0,0,492,373,119,1.0,25
987,1,1,433,493,-60,0.0,23
995,0,0,381,433,-52,0.0,23
995,1,1,429,443,-14,0.0,24
1003,0,0,419,419,0,0.5,23
1003,1,1,431,402,29,1.0,24
1011,0,0,361,434,-73,0.0,27
1011,1,1,397,437,-40,0.0,24
1019,0,0,300,476,-176,0.0,24
1019,1,1,495,372,123,1.0,28
1027,0,0,424,461,-37,0.0,24
1027,1,1,504,420,84,1.0,24
1035,0,0,437,498,-61,0.0,21
1035,1,1,551,365,186,1.0,27
1043,0,0,413,421,-8,0.0,24
1043,1,1,379,294,85,1.0,26
1051,0,0,364,467,-103,0.0,25
1051,1,1,517,369,148,1.0,27
1059,0,0,520,390,130,1.0,26
1059,1,1,392,472,-80,0.0,25
1067,0,0,328,410,-82,0.0,37
1067,1,1,482,321,161,1.0,29
1075,0,0,486,401,85,1.0,22
1075,1,1,341,481,-140,0.0,22
1083,0,0,463,529,-66,0.0,24
1083,1,1,470,473,-3,0.0,25
1091,0,0,419,427,-8,0.0,26
1091,1,1,388,393,-5,0.0,26
1099,0,0,500,466,34,1.0,22
1099,1,1,466,500,-34,0.0,22
1107,0,0,377,614,-237,0.0,19
1107,1,1,562,366,196,1.0,22
1115,0,0,460,360,100,1.0,27
1115,1,1,404,502,-98,0.0,24
1123,0,0,475,403,72,1.0,23
1123,1,1,468,450,18,1.0,26
1131,0,0,392,454,-62,0.0,28
1131,1,1,479,419,60,1.0,25
1139,0,0,359,438,-79,0.0,27
1139,1,1,352,350,2,1.0,27
1147,0,0,363,482,-119,0.0,23
1147,1,1,496,423,73,1.0,22
1155,0,0,448,426,22,1.0,22
1155,1,1,401,408,-7,0.0,25
1163,0,0,444,388,56,1.0,28
1163,1,1,490,408,82,1.0,28
1171,0,0,450,453,-3,0.0,25
1171,1,1,399,440,-41,0.0,22
1179,0,0,404,528,-124,0.0,23
1179,1,1,422,335,87,1.0,25
1187,0,0,479,479,0,0.5,21
1187,1,1,449,444,5,1.0,21
1195,0,0,478,444,34,1.0,23
1195,1,1,430,524,-94,0.0,20
1203,0,0,334,484,-150,0.0,24
1203,1,1,435,369,66,1.0,27
1211,0,0,391,433,-42,0.0,25
1211,1,1,408,485,-77,0.0,24
1219,0,0,376,412,-36,0.0,26
1219,1,1,428,447,-19,0.0,24
1227,0,0,422,421,1,1.0,23
1227,1,1,499,394,105,1.0,26
1235,0,0,484,429,55,1.0,32
1235,1,1,372,538,-166,0.0,26
1243,0,0,439,409,30,1.0,24
1243,1,1,492,372,120,1.0,26
1251,0,0,340,470,-130,0.0,27
1251,1,1,421,475,-54,0.0,25
1259,0,0,404,484,-80,0.0,26
1259,1,1,444,370,74,1.0,29
1267,0,0,469,361,108,1.0,23
1267,1,1,453,452,1,1.0,25
1275,0,0,538,462,76,1.0,25
1275,1,1,314,518,-204,0.0,22
1283,0,0,381,478,-97,0.0,33
1283,1,1,474,476,-2,0.0,22
1291,0,0,465,564,-99,0.0,20
1291,1,1,483,517,-34,0.0,22
1299,0,0,474,430,44,1.0,22
1299,1,1,480,431,49,1.0,22
1307,0,0,371,480,-109,0.0,21
1307,1,1,462,427,35,1.0,23
1315,0,0,409,517,-108,0.0,20
1315,1,1,455,368,87,1.0,24
1323,0,0,337,508,-171,0.0,27
1323,1,1,353,501,-148,0.0,24
1331,0,0,415,317,98,1.0,31
1331,1,1,379,450,-71,0.0,27
1339,0,0,386,410,-24,0.0,22
1339,1,1,370,491,-121,0.0,23
1347,0,0,514,340,174,1.0,26
1347,1,1,384,450,-66,0.0,28
1355,0,0,514,410,104,1.0,24
1355,1,1,417,412,5,1.0,23
1363,0,0,360,425,-65,0.0,27
1363,1,1,362,438,-76,0.0,24
1371,0,0,404,483,-79,0.0,24
1371,1,1,472,479,-7,0.0,24
1379,0,0,478,450,28,1.0,24
1379,1,1,466,477,-11,0.0,24
1387,0,0,521,405,116,1.0,24
1387,1,1,467,418,49,1.0,24
1395,0,0,378,420,-42,0.0,23
1395,1,1,468,449,19,1.0,21
1403,0,0,438,488,-50,0.0,27
1403,1,1,368,421,-53,0.0,26
1411,0,0,512,469,43,1.0,25
1411,1,1,482,467,15,1.0,23
1419,0,0,380,538,-158,0.0,22
1419,1,1,527,400,127,1.0,25
1427,0,0,363,521,-158,0.0,21
1427,1,1,460,411,49,1.0,20
1435,0,0,442,498,-56,0.0,22
1435,1,1,432,384,48,1.0,21
1443,0,0,341,471,-130,0.0,27
1443,1,1,437,473,-36,0.0,20
1451,0,0,434,432,2,1.0,27
1451,1,1,478,390,88,1.0,28
1459,0,0,482,395,87,1.0,27
1459,1,1,486,415,71,1.0,21
1467,0,0,420,379,41,1.0,24
1467,1,1,480,455,25,1.0,25
1475,0,0,530,528,2,1.0,22
1475,1,1,409,423,-14,0.0,27
1483,0,0,334,492,-158,0.0,26
1483,1,1,490,339,151,1.0,24
1491,0,0,512,430,82,1.0,22
1491,1,1,405,393,12,1.0,24
1499,0,0,394,376,18,1.0,26
1499,1,1,464,429,35,1.0,26
1507,0,0,447,459,-12,0.0,24
1507,1,1,594,456,138,1.0,22
1515,0,0,313,557,-244,0.0,20
1515,1,1,490,453,37,1.0,23
1523,0,0,412,410,2,1.0,21
1523,1,1,483,436,47,1.0,20
1531,0,0,407,439,-32,0.0,34
1531,1,1,463,396,67,1.0,29
1539,0,0,364,582,-218,0.0,29
1539,1,1,549,426,123,1.0,21
1547,0,0,446,406,40,1.0,22
1547,1,1,435,519,-84,0.0,27
1555,0,0,390,450,-60,0.0,24
1555,1,1,441,391,50,1.0,26
1563,0,0,344,434,-90,0.0,26
1563,1,1,417,332,85,1.0,28
1571,0,0,348,528,-180,0.0,25
1571,1,1,464,458,6,1.0,23
1579,0,0,391,483,-92,0.0,23
1579,1,1,429,401,28,1.0,22
1587,0,0,397,497,-100,0.0,23
1587,1,1,388,415,-27,0.0,25
1595,0,0,401,448,-47,0.0,26
1595,1,1,507,331,176,1.0,28
1603,0,0,480,519,-39,0.0,21
1603,1,1,398,421,-23,0.0,23
1611,0,0,382,505,-123,0.0,25
1611,1,1,468,357,111,1.0,26
1619,0,0,425,489,-64,0.0,22
1619,1,1,511,396,115,1.0,22
1627,0,0,550,391,159,1.0,23
1627,1,1,421,479,-58,0.0,23
1635,0,0,463,429,34,1.0,22
1635,1,1,390,419,-29,0.0,26
1643,0,0,403,417,-14,0.0,25
1643,1,1,553,351,202,1.0,23
1651,0,0,299,476,-177,0.0,25
1651,1,1,478,396,82,1.0,56
1659,0,0,402,449,-47,0.0,25
1659,1,1,615,372,243,1.0,25
1667,0,0,578,404,174,1.0,22
1667,1,1,372,523,-151,0.0,25
1675,0,0,496,452,44,1.0,24
1675,1,1,510,383,127,1.0,25
1683,0,0,400,396,4,1.0,24
1683,1,1,390,420,-30,0.0,25
1691,0,0,435,429,6,1.0,21
1691,1,1,474,436,38,1.0,23
1699,0,0,430,483,-53,0.0,24
1699,1,1,474,471,3,1.0,22
1707,0,0,526,400,126,1.0,22
1707,1,1,368,448,-80,0.0,24
1715,0,0,466,446,20,1.0,19
1715,1,1,544,389,155,1.0,25
1723,0,0,405,449,-44,0.0,23
1723,1,1,518,365,153,1.0,29
1731,0,0,347,399,-52,0.0,38
1731,1,1,437,371,66,1.0,26
1739,0,0,387,423,-36,0.0,24
1739,1,1,468,426,42,1.0,24
1747,0,0,388,421,-33,0.0,21
1747,1,1,407,325,82,1.0,23
1755,0,0,397,470,-73,0.0,27
1755,1,1,447,328,119,1.0,27
1763,0,0,524,461,63,1.0,26
1763,1,1,335,406,-71,0.0,28
1771,0,0,475,462,13,1.0,23
1771,1,1,565,341,224,1.0,23
1779,0,0,495,406,89,1.0,22
1779,1,1,401,386,15,1.0,29
1787,0,0,437,367,70,1.0,26
1787,1,1,403,489,-86,0.0,26
1795,0,0,390,468,-78,0.0,28
1795,1,1,433,394,39,1.0,28
1803,0,0,394,529,-135,0.0,27
1803,1,1,536,348,188,1.0,23
1811,0,0,459,366,93,1.0,28
1811,1,1,411,408,3,1.0,24
1819,0,0,430,387,43,1.0,24
1819,1,1,423,467,-44,0.0,25
1827,0,0,600,429,171,1.0,26
1827,1,1,417,419,-2,0.0,26
1835,0,0,525,485,40,1.0,23
1835,1,1,472,380,92,1.0,22
1843,0,0,554,365,189,1.0,23
1843,1,1,448,418,30,1.0,22
1851,0,0,488,356,132,1.0,26
1851,1,1,448,537,-89,0.0,24
1859,0,0,362,449,-87,0.0,28
1859,1,1,327,374,-47,0.0,30
1867,0,0,419,434,-15,0.0,26
1867,1,1,391,384,7,1.0,27
1875,0,0,443,501,-58,0.0,25
1875,1,1,506,408,98,1.0,27
1883,0,0,418,393,25,1.0,25
1883,1,1,374,442,-68,0.0,27
1891,0,0,469,488,-19,0.0,22
1891,1,1,509,493,16,1.0,21
1899,0,0,493,406,87,1.0,22
1899,1,1,436,456,-20,0.0,23
1907,0,0,313,453,-140,0.0,28
1907,1,1,405,373,32,1.0,26
1915,0,0,473,408,65,1.0,23
1915,1,1,418,490,-72,0.0,21
1923,0,0,397,493,-96,0.0,23
1923,1,1,448,442,6,1.0,24
1931,0,0,420,405,15,1.0,30
1931,1,1,551,484,67,1.0,23
1939,0,0,392,371,21,1.0,24
1939,1,1,376,427,-51,0.0,24
1947,0,0,410,348,62,1.0,29
1947,1,1,356,412,-56,0.0,25
1955,0,0,432,468,-36,0.0,28
1955,1,1,419,419,0,0.5,22
1963,0,0,387,389,-2,0.0,25
1963,1,1,468,449,19,1.0,22
1971,0,0,452,389,63,1.0,22
1971,1,1,452,439,13,1.0,23
1979,0,0,337,569,-232,0.0,23
1979,1,1,423,402,21,1.0,25
1987,0,0,378,565,-187,0.0,27
1987,1,1,393,339,54,1.0,34
1995,0,0,442,439,3,1.0,22
1995,1,1,347,413,-66,0.0,27
pair,game,a_seat,a_score,b_score,a_spread,a_win,turns
4,0,0,542,350,192,1.0,29
4,1,1,402,435,-33,0.0,23
12,0,0,530,351,179,1.0,27
12,1,1,381,520,-139,0.0,23
20,0,0,457,373,84,1.0,26
20,1,1,272,464,-192,0.0,31
28,0,0,489,367,122,1.0,21
28,1,1,496,539,-43,0.0,19
36,0,0,392,571,-179,0.0,20
36,1,1,409,422,-13,0.0,23
44,0,0,426,314,112,1.0,28
44,1,1,459,459,0,0.5,26
52,0,0,431,404,27,1.0,22
52,1,1,477,362,115,1.0,26
60,0,0,397,408,-11,0.0,25
60,1,1,378,430,-52,0.0,25
68,0,0,404,489,-85,0.0,22
68,1,1,416,344,72,1.0,24
76,0,0,498,406,92,1.0,25
76,1,1,413,500,-87,0.0,22
84,0,0,433,456,-23,0.0,25
84,1,1,407,501,-94,0.0,24
92,0,0,391,580,-189,0.0,22
92,1,1,403,398,5,1.0,22
100,0,0,349,480,-131,0.0,24
100,1,1,407,345,62,1.0,29
108,0,0,343,491,-148,0.0,24
108,1,1,538,396,142,1.0,26
116,0,0,535,382,153,1.0,24
116,1,1,388,421,-33,0.0,25
124,0,0,344,467,-123,0.0,20
124,1,1,431,433,-2,0.0,21
132,0,0,442,303,139,1.0,38
132,1,1,404,476,-72,0.0,25
140,0,0,527,458,69,1.0,22
140,1,1,418,537,-119,0.0,21
148,0,0,440,458,-18,0.0,21
148,1,1,491,503,-12,0.0,21
156,0,0,456,452,4,1.0,24
156,1,1,453,411,42,1.0,25
164,0,0,457,449,8,1.0,21
164,1,1,420,458,-38,0.0,22
172,0,0,397,484,-87,0.0,23
172,1,1,463,439,24,1.0,23
180,0,0,435,435,0,0.5,21
180,1,1,412,373,39,1.0,25
188,0,0,416,363,53,1.0,26
188,1,1,468,396,72,1.0,24
196,0,0,444,517,-73,0.0,20
196,1,1,448,477,-29,0.0,20
204,0,0,362,357,5,1.0,31
204,1,1,296,397,-101,0.0,22
212,0,0,532,372,160,1.0,23
212,1,1,393,576,-183,0.0,21
220,0,0,454,324,130,1.0,40
220,1,1,451,503,-52,0.0,26
228,0,0,324,472,-148,0.0,23
228,1,1,550,375,175,1.0,28
236,0,0,487,381,106,1.0,22
236,1,1,478,463,15,1.0,26
244,0,0,399,429,-30,0.0,27
244,1,1,395,525,-130,0.0,27
252,0,0,549,399,150,1.0,21
252,1,1,430,458,-28,0.0,27
260,0,0,402,433,-31,0.0,23
260,1,1,394,519,-125,0.0,20
268,0,0,465,402,63,1.0,31
268,1,1,367,392,-25,0.0,27
276,0,0,407,455,-48,0.0,24
276,1,1,451,385,66,1.0,26
284,0,0,355,499,-144,0.0,34
284,1,1,449,275,174,1.0,26
292,0,0,494,481,13,1.0,27
292,1,1,475,353,122,1.0,27
300,0,0,367,447,-80,0.0,26
300,1,1,462,384,78,1.0,25
308,0,0,338,387,-49,0.0,24
308,1,1,384,424,-40,0.0,27
316,0,0,426,411,15,1.0,24
316,1,1,429,349,80,1.0,34
324,0,0,346,421,-75,0.0,28
324,1,1,378,375,3,1.0,28
332,0,0,526,513,13,1.0,21
332,1,1,430,501,-71,0.0,23
340,0,0,505,483,22,1.0,23
340,1,1,468,408,60,1.0,22
348,0,0,489,448,41,1.0,23
348,1,1,448,489,-41,0.0,23
356,0,0,460,466,-6,0.0,22
356,1,1,501,453,48,1.0,23
364,0,0,360,493,-133,0.0,24
364,1,1,458,409,49,1.0,26
372,0,0,524,419,105,1.0,24
372,1,1,440,565,-125,0.0,24
380,0,0,344,422,-78,0.0,34
380,1,1,536,389,147,1.0,24
388,0,0,481,419,62,1.0,25
388,1,1,378,454,-76,0.0,23
396,0,0,547,465,82,1.0,22
396,1,1,433,491,-58,0.0,21
404,0,0,421,566,-145,0.0,23
404,1,1,512,405,107,1.0,25
412,0,0,472,585,-113,0.0,21
412,1,1,447,409,38,1.0,22
420,0,0,475,481,-6,0.0,22
420,1,1,438,433,5,1.0,26
428,0,0,407,431,-24,0.0,23
428,1,1,420,390,30,1.0,29
436,0,0,434,512,-78,0.0,23
436,1,1,382,534,-152,0.0,21
444,0,0,424,448,-24,0.0,27
444,1,1,472,413,59,1.0,26
452,0,0,414,469,-55,0.0,27
452,1,1,491,376,115,1.0,23
460,0,0,482,403,79,1.0,24
460,1,1,386,535,-149,0.0,23
468,0,0,461,374,87,1.0,26
468,1,1,413,468,-55,0.0,32
476,0,0,426,495,-69,0.0,21
476,1,1,470,470,0,0.5,22
484,0,0,469,378,91,1.0,20
484,1,1,322,398,-76,0.0,22
492,0,0,431,411,20,1.0,24
492,1,1,450,506,-56,0.0,27
500,0,0,499,400,99,1.0,24
500,1,1,363,543,-180,0.0,22
508,0,0,550,538,12,1.0,21
508,1,1,641,364,277,1.0,22
516,0,0,481,460,21,1.0,24
516,1,1,462,435,27,1.0,25
524,0,0,442,452,-10,0.0,28
524,1,1,374,458,-84,0.0,25
532,0,0,401,257,144,1.0,37
532,1,1,350,470,-120,0.0,25
540,0,0,380,372,8,1.0,28
540,1,1,346,518,-172,0.0,25
548,0,0,504,338,166,1.0,22
548,1,1,358,555,-197,0.0,23
556,0,0,513,431,82,1.0,21
556,1,1,455,485,-30,0.0,23
564,0,0,396,430,-34,0.0,20
564,1,1,401,461,-60,0.0,27
572,0,0,543,362,181,1.0,23
572,1,1,309,542,-233,0.0,22
580,0,0,346,427,-81,0.0,24
580,1,1,473,378,95,1.0,20
588,0,0,423,408,15,1.0,30
588,1,1,390,390,0,0.5,28
596,0,0,446,532,-86,0.0,20
596,1,1,444,478,-34,0.0,22
604,0,0,455,384,71,1.0,25
604,1,1,461,509,-48,0.0,21
612,0,0,484,577,-93,0.0,27
612,1,1,455,474,-19,0.0,22
620,0,0,376,419,-43,0.0,27
620,1,1,494,300,194,1.0,24
628,0,0,362,494,-132,0.0,26
628,1,1,458,411,47,1.0,25
636,0,0,405,473,-68,0.0,41
636,1,1,510,378,132,1.0,26
644,0,0,416,504,-88,0.0,25
644,1,1,484,342,142,1.0,24
652,0,0,426,468,-42,0.0,22
652,1,1,438,495,-57,0.0,25
660,0,0,401,462,-61,0.0,22
660,1,1,421,380,41,1.0,24
668,0,0,409,507,-98,0.0,20
668,1,1,505,457,48,1.0,21
676,0,0,498,483,15,1.0,22
676,1,1,531,386,145,1.0,24
684,0,0,480,409,71,1.0,25
684,1,1,347,419,-72,0.0,23
692,0,0,367,408,-41,0.0,26
692,1,1,313,414,-101,0.0,32
700,0,0,375,377,-2,0.0,32
700,1,1,408,473,-65,0.0,21
708,0,0,466,366,100,1.0,25
708,1,1,425,396,29,1.0,26
716,0,0,412,459,-47,0.0,24
716,1,1,411,449,-38,0.0,23
724,0,0,435,492,-57,0.0,23
724,1,1,437,482,-45,0.0,26
732,0,0,413,393,20,1.0,28
732,1,1,373,428,-55,0.0,45
740,0,0,432,384,48,1.0,23
740,1,1,335,413,-78,0.0,32
748,0,0,487,342,145,1.0,24
748,1,1,425,523,-98,0.0,26
756,0,0,400,422,-22,0.0,24
756,1,1,478,400,78,1.0,36
764,0,0,512,389,123,1.0,28
764,1,1,459,365,94,1.0,30
772,0,0,391,481,-90,0.0,25
772,1,1,397,330,67,1.0,20
780,0,0,439,533,-94,0.0,20
780,1,1,459,501,-42,0.0,21
788,0,0,415,370,45,1.0,26
788,1,1,419,394,25,1.0,23
796,0,0,354,486,-132,0.0,28
796,1,1,308,464,-156,0.0,24
804,0,0,492,570,-78,0.0,20
804,1,1,459,502,-43,0.0,22
812,0,0,381,432,-51,0.0,26
812,1,1,514,406,108,1.0,26
820,0,0,513,422,91,1.0,21
820,1,1,502,422,80,1.0,21
828,0,0,426,494,-68,0.0,25
828,1,1,516,346,170,1.0,28
836,0,0,398,475,-77,0.0,27
836,1,1,476,349,127,1.0,25
844,0,0,423,501,-78,0.0,27
844,1,1,473,458,15,1.0,26
852,0,0,357,457,-100,0.0,29
852,1,1,502,354,148,1.0,26
860,0,0,448,358,90,1.0,28
860,1,1,421,377,44,1.0,26
868,0,0,466,430,36,1.0,25
868,1,1,442,440,2,1.0,24
876,0,0,459,477,-18,0.0,21
876,1,1,405,533,-128,0.0,23
884,0,0,370,431,-61,0.0,29
884,1,1,468,335,133,1.0,26
892,0,0,356,605,-249,0.0,22
892,1,1,471,383,88,1.0,26
900,0,0,545,390,155,1.0,22
900,1,1,300,503,-203,0.0,23
908,0,0,424,544,-120,0.0,21
908,1,1,545,379,166,1.0,26
916,0,0,446,325,121,1.0,27
916,1,1,363,455,-92,0.0,22
924,0,0,600,382,218,1.0,21
924,1,1,354,498,-144,0.0,33
932,0,0,439,397,42,1.0,25
932,1,1,406,444,-38,0.0,24
940,0,0,400,507,-107,0.0,26
940,1,1,408,423,-15,0.0,31
948,0,0,441,430,11,1.0,26
948,1,1,480,403,77,1.0,28
956,0,0,395,390,5,1.0,28
956,1,1,398,465,-67,0.0,22
964,0,0,458,420,38,1.0,24
964,1,1,414,491,-77,0.0,29
972,0,0,455,485,-30,0.0,21
972,1,1,488,438,50,1.0,21
980,0,0,464,402,62,1.0,23
980,1,1,489,392,97,1.0,25
988,0,0,433,506,-73,0.0,30
988,1,1,460,358,102,1.0,24
996,0,0,459,480,-21,0.0,21
996,1,1,452,465,-13,0.0,24
1004,0,0,504,470,34,1.0,26
1004,1,1,496,599,-103,0.0,24
1012,0,0,487,435,52,1.0,25
1012,1,1,355,410,-55,0.0,25
1020,0,0,448,445,3,1.0,21
1020,1,1,379,386,-7,0.0,27
1028,0,0,401,451,-50,0.0,25
1028,1,1,442,414,28,1.0,25
1036,0,0,473,435,38,1.0,30
1036,1,1,394,446,-52,0.0,25
1044,0,0,366,488,-122,0.0,27
1044,1,1,455,384,71,1.0,23
1052,0,0,442,465,-23,0.0,23
1052,1,1,376,478,-102,0.0,23
1060,0,0,568,381,187,1.0,25
1060,1,1,376,625,-249,0.0,28
1068,0,0,421,532,-111,0.0,22
1068,1,1,457,440,17,1.0,29
1076,0,0,432,368,64,1.0,25
1076,1,1,469,515,-46,0.0,23
1084,0,0,479,416,63,1.0,27
1084,1,1,449,449,0,0.5,22
1092,0,0,445,368,77,1.0,28
1092,1,1,374,506,-132,0.0,25
1100,0,0,560,354,206,1.0,25
1100,1,1,522,423,99,1.0,23
1108,0,0,472,491,-19,0.0,24
1108,1,1,549,368,181,1.0,23
1116,0,0,390,414,-24,0.0,24
1116,1,1,315,423,-108,0.0,25
1124,0,0,412,460,-48,0.0,22
1124,1,1,449,512,-63,0.0,23
1132,0,0,405,422,-17,0.0,24
1132,1,1,405,414,-9,0.0,25
1140,0,0,440,404,36,1.0,21
1140,1,1,514,395,119,1.0,22
1148,0,0,394,533,-139,0.0,35
1148,1,1,456,326,130,1.0,29
1156,0,0,539,381,158,1.0,23
1156,1,1,450,539,-89,0.0,24
1164,0,0,423,341,82,1.0,27
1164,1,1,478,442,36,1.0,24
1172,0,0,394,391,3,1.0,25
1172,1,1,536,354,182,1.0,22
1180,0,0,395,558,-163,0.0,22
1180,1,1,428,504,-76,0.0,21
1188,0,0,427,453,-26,0.0,22
1188,1,1,399,420,-21,0.0,29
1196,0,0,384,435,-51,0.0,25
1196,1,1,519,455,64,1.0,25
1204,0,0,445,337,108,1.0,25
1204,1,1,427,410,17,1.0,20
1212,0,0,438,363,75,1.0,26
1212,1,1,481,434,47,1.0,24
1220,0,0,470,386,84,1.0,22
1220,1,1,357,499,-142,0.0,22
1228,0,0,414,459,-45,0.0,24
1228,1,1,422,486,-64,0.0,24
1236,0,0,476,521,-45,0.0,22
1236,1,1,442,449,-7,0.0,20
1244,0,0,436,412,24,1.0,26
1244,1,1,422,415,7,1.0,26
1252,0,0,510,426,84,1.0,23
1252,1,1,427,471,-44,0.0,22
1260,0,0,487,506,-19,0.0,26
1260,1,1,394,492,-98,0.0,25
1268,0,0,340,477,-137,0.0,24
1268,1,1,497,430,67,1.0,24
1276,0,0,475,368,107,1.0,27
1276,1,1,432,369,63,1.0,24
1284,0,0,519,454,65,1.0,23
1284,1,1,533,462,71,1.0,24
1292,0,0,461,448,13,1.0,29
1292,1,1,536,412,124,1.0,24
1300,0,0,493,488,5,1.0,25
1300,1,1,471,429,42,1.0,24
1308,0,0,461,412,49,1.0,24
1308,1,1,420,523,-103,0.0,19
1316,0,0,481,395,86,1.0,23
1316,1,1,507,509,-2,0.0,22
1324,0,0,502,431,71,1.0,22
1324,1,1,434,406,28,1.0,28
1332,0,0,350,454,-104,0.0,22
1332,1,1,416,458,-42,0.0,24
1340,0,0,461,423,38,1.0,28
1340,1,1,428,412,16,1.0,24
1348,0,0,490,498,-8,0.0,22
1348,1,1,444,580,-136,0.0,30
1356,0,0,398,447,-49,0.0,22
1356,1,1,469,393,76,1.0,21
1364,0,0,475,543,-68,0.0,20
1364,1,1,461,556,-95,0.0,22
1372,0,0,404,472,-68,0.0,26
1372,1,1,411,372,39,1.0,24
1380,0,0,473,451,22,1.0,24
1380,1,1,461,362,99,1.0,22
1388,0,0,539,491,48,1.0,20
1388,1,1,419,528,-109,0.0,22
1396,0,0,482,396,86,1.0,23
1396,1,1,392,416,-24,0.0,29
1404,0,0,285,558,-273,0.0,24
1404,1,1,526,356,170,1.0,22
1412,0,0,527,506,21,1.0,20
1412,1,1,432,598,-166,0.0,25
1420,0,0,484,395,89,1.0,28
1420,1,1,421,444,-23,0.0,27
1428,0,0,451,407,44,1.0,25
1428,1,1,479,494,-15,0.0,20
1436,0,0,435,531,-96,0.0,22
1436,1,1,461,419,42,1.0,24
1444,0,0,456,446,10,1.0,22
1444,1,1,406,416,-10,0.0,32
1452,0,0,423,390,33,1.0,25
1452,1,1,447,441,6,1.0,26
1460,0,0,367,372,-5,0.0,26
1460,1,1,402,489,-87,0.0,26
1468,0,0,498,405,93,1.0,22
1468,1,1,387,396,-9,0.0,22
1476,0,0,428,364,64,1.0,26
1476,1,1,493,342,151,1.0,25
1484,0,0,496,367,129,1.0,23
1484,1,1,416,515,-99,0.0,22
1492,0,0,382,461,-79,0.0,31
1492,1,1,523,460,63,1.0,24
1500,0,0,385,385,0,0.5,29
1500,1,1,432,390,42,1.0,22
1508,0,0,436,344,92,1.0,29
1508,1,1,341,457,-116,0.0,25
1516,0,0,446,485,-39,0.0,21
1516,1,1,467,378,89,1.0,25
1524,0,0,516,323,193,1.0,27
1524,1,1,426,390,36,1.0,24
1532,0,0,525,433,92,1.0,23
1532,1,1,479,497,-18,0.0,25
1540,0,0,366,343,23,1.0,30
1540,1,1,376,415,-39,0.0,24
1548,0,0,377,463,-86,0.0,25
1548,1,1,497,379,118,1.0,23
1556,0,0,541,408,133,1.0,23
1556,1,1,423,439,-16,0.0,26
1564,0,0,544,351,193,1.0,27
1564,1,1,363,435,-72,0.0,28
1572,0,0,460,461,-1,0.0,24
1572,1,1,438,549,-111,0.0,22
1580,0,0,547,378,169,1.0,24
1580,1,1,351,487,-136,0.0,24
1588,0,0,469,577,-108,0.0,21
1588,1,1,376,369,7,1.0,27
1596,0,0,373,478,-105,0.0,25
1596,1,1,453,343,110,1.0,26
1604,0,0,475,291,184,1.0,27
1604,1,1,321,503,-182,0.0,27
1612,0,0,375,409,-34,0.0,23
1612,1,1,585,397,188,1.0,20
1620,0,0,414,417,-3,0.0,25
1620,1,1,474,450,24,1.0,25
1628,0,0,441,439,2,1.0,24
1628,1,1,440,368,72,1.0,24
1636,0,0,432,324,108,1.0,25
1636,1,1,431,389,42,1.0,24
1644,0,0,465,446,19,1.0,20
1644,1,1,481,433,48,1.0,20
1652,0,0,410,506,-96,0.0,20
1652,1,1,353,499,-146,0.0,27
1660,0,0,404,385,19,1.0,21
1660,1,1,411,474,-63,0.0,22
1668,0,0,469,440,29,1.0,24
1668,1,1,404,434,-30,0.0,27
1676,0,0,555,352,203,1.0,21
1676,1,1,427,438,-11,0.0,24
1684,0,0,418,484,-66,0.0,24
1684,1,1,506,454,52,1.0,21
1692,0,0,366,477,-111,0.0,27
1692,1,1,411,388,23,1.0,25
1700,0,0,535,417,118,1.0,23
1700,1,1,430,394,36,1.0,26
1708,0,0,464,374,90,1.0,25
1708,1,1,371,501,-130,0.0,25
1716,0,0,424,371,53,1.0,27
1716,1,1,458,425,33,1.0,25
1724,0,0,453,312,141,1.0,26
1724,1,1,471,411,60,1.0,24
1732,0,0,280,359,-79,0.0,28
1732,1,1,347,482,-135,0.0,28
1740,0,0,541,359,182,1.0,39
1740,1,1,394,550,-156,0.0,25
1748,0,0,440,410,30,1.0,23
1748,1,1,391,493,-102,0.0,22
1756,0,0,458,415,43,1.0,22
1756,1,1,429,492,-63,0.0,24
1764,0,0,487,501,-14,0.0,23
1764,1,1,505,388,117,1.0,31
1772,0,0,441,456,-15,0.0,24
1772,1,1,530,423,107,1.0,23
1780,0,0,423,503,-80,0.0,26
1780,1,1,462,456,6,1.0,27
1788,0,0,450,367,83,1.0,33
1788,1,1,384,454,-70,0.0,26
1796,0,0,437,372,65,1.0,22
1796,1,1,416,438,-22,0.0,24
1804,0,0,438,367,71,1.0,33
1804,1,1,429,513,-84,0.0,20
1812,0,0,422,458,-36,0.0,27
1812,1,1,509,410,99,1.0,26
1820,0,0,437,485,-48,0.0,27
1820,1,1,395,441,-46,0.0,23
1828,0,0,394,537,-143,0.0,24
1828,1,1,431,401,30,1.0,24
1836,0,0,363,547,-184,0.0,20
1836,1,1,479,364,115,1.0,22
1844,0,0,474,388,86,1.0,24
1844,1,1,352,463,-111,0.0,27
1852,0,0,407,430,-23,0.0,31
1852,1,1,473,474,-1,0.0,24
1860,0,0,446,559,-113,0.0,22
1860,1,1,404,578,-174,0.0,23
1868,0,0,333,455,-122,0.0,25
1868,1,1,422,391,31,1.0,25
1876,0,0,410,527,-117,0.0,20
1876,1,1,540,461,79,1.0,22
1884,0,0,490,512,-22,0.0,20
1884,1,1,466,494,-28,0.0,27
1892,0,0,448,393,55,1.0,27
1892,1,1,317,476,-159,0.0,25
1900,0,0,428,364,64,1.0,30
1900,1,1,369,509,-140,0.0,25
1908,0,0,464,368,96,1.0,22
1908,1,1,451,525,-74,0.0,22
1916,0,0,422,377,45,1.0,26
1916,1,1,411,425,-14,0.0,25
1924,0,0,463,350,113,1.0,22
1924,1,1,457,563,-106,0.0,23
1932,0,0,426,384,42,1.0,21
1932,1,1,309,427,-118,0.0,25
1940,0,0,374,533,-159,0.0,22
1940,1,1,459,390,69,1.0,24
1948,0,0,703,364,339,1.0,23
1948,1,1,298,487,-189,0.0,25
1956,0,0,415,416,-1,0.0,26
1956,1,1,431,447,-16,0.0,23
1964,0,0,466,355,111,1.0,24
1964,1,1,363,498,-135,0.0,22
1972,0,0,442,576,-134,0.0,20
1972,1,1,451,466,-15,0.0,24
1980,0,0,507,492,15,1.0,19
1980,1,1,517,369,148,1.0,24
1988,0,0,408,372,36,1.0,24
1988,1,1,379,412,-33,0.0,21
1996,0,0,524,444,80,1.0,21
1996,1,1,426,473,-47,0.0,23
pair,game,a_seat,a_score,b_score,a_spread,a_win,turns
5,0,0,406,497,-91,0.0,25
5,1,1,513,439,74,1.0,26
13,0,0,389,463,-74,0.0,24
13,1,1,435,388,47,1.0,27
21,0,0,446,416,30,1.0,24
21,1,1,506,328,178,1.0,24
29,0,0,337,516,-179,0.0,25
29,1,1,540,321,219,1.0,26
37,0,0,447,380,67,1.0,25
37,1,1,456,402,54,1.0,26
45,0,0,489,368,121,1.0,30
45,1,1,393,540,-147,0.0,26
53,0,0,452,451,1,1.0,23
53,1,1,487,468,19,1.0,24
61,0,0,525,384,141,1.0,22
61,1,1,368,556,-188,0.0,22
69,0,0,479,354,125,1.0,28
69,1,1,392,509,-117,0.0,26
77,0,0,382,497,-115,0.0,19
77,1,1,497,441,56,1.0,23
85,0,0,440,419,21,1.0,24
85,1,1,430,497,-67,0.0,23
93,0,0,430,500,-70,0.0,25
93,1,1,477,460,17,1.0,25
101,0,0,421,511,-90,0.0,23
101,1,1,500,395,105,1.0,22
109,0,0,421,350,71,1.0,27
109,1,1,356,585,-229,0.0,22
117,0,0,380,541,-161,0.0,19
117,1,1,532,429,103,1.0,22
125,0,0,451,529,-78,0.0,20
125,1,1,436,502,-66,0.0,21
133,0,0,531,423,108,1.0,22
133,1,1,367,461,-94,0.0,22
141,0,0,325,402,-77,0.0,25
141,1,1,331,382,-51,0.0,27
149,0,0,436,464,-28,0.0,25
149,1,1,430,492,-62,0.0,29
157,0,0,419,396,23,1.0,24
157,1,1,505,407,98,1.0,23
165,0,0,448,427,21,1.0,24
165,1,1,473,390,83,1.0,29
173,0,0,365,415,-50,0.0,29
173,1,1,430,456,-26,0.0,22
181,0,0,424,464,-40,0.0,24
181,1,1,469,457,12,1.0,22
189,0,0,391,422,-31,0.0,30
189,1,1,508,380,128,1.0,27
197,0,0,539,493,46,1.0,25
197,1,1,384,396,-12,0.0,30
205,0,0,442,476,-34,0.0,25
205,1,1,581,464,117,1.0,22
213,0,0,410,350,60,1.0,28
213,1,1,435,397,38,1.0,26
221,0,0,521,438,83,1.0,20
221,1,1,423,470,-47,0.0,21
229,0,0,348,557,-209,0.0,22
229,1,1,673,350,323,1.0,24
237,0,0,508,449,59,1.0,23
237,1,1,455,421,34,1.0,21
245,0,0,412,491,-79,0.0,24
245,1,1,585,369,216,1.0,25
253,0,0,398,398,0,0.5,24
253,1,1,386,391,-5,0.0,26
261,0,0,423,444,-21,0.0,26
261,1,1,473,365,108,1.0,30
269,0,0,415,373,42,1.0,27
269,1,1,429,381,48,1.0,27
277,0,0,372,509,-137,0.0,22
277,1,1,488,400,88,1.0,24
285,0,0,443,396,47,1.0,22
285,1,1,464,443,21,1.0,21
293,0,0,426,415,11,1.0,25
293,1,1,375,488,-113,0.0,20
301,0,0,484,355,129,1.0,24
301,1,1,322,456,-134,0.0,25
309,0,0,454,401,53,1.0,27
309,1,1,509,483,26,1.0,22
317,0,0,331,538,-207,0.0,22
317,1,1,575,481,94,1.0,19
325,0,0,415,443,-28,0.0,22
325,1,1,385,429,-44,0.0,27
333,0,0,470,338,132,1.0,25
333,1,1,362,440,-78,0.0,22
341,0,0,418,539,-121,0.0,21
341,1,1,427,466,-39,0.0,22
349,0,0,376,472,-96,0.0,25
349,1,1,482,268,214,1.0,24
357,0,0,381,487,-106,0.0,23
357,1,1,526,323,203,1.0,24
365,0,0,401,384,17,1.0,27
365,1,1,401,301,100,1.0,25
373,0,0,372,422,-50,0.0,25
373,1,1,428,450,-22,0.0,24
381,0,0,467,462,5,1.0,22
381,1,1,512,501,11,1.0,23
389,0,0,492,428,64,1.0,27
389,1,1,364,447,-83,0.0,32
397,0,0,408,455,-47,0.0,22
397,1,1,370,357,13,1.0,27
405,0,0,430,485,-55,0.0,26
405,1,1,449,450,-1,0.0,22
413,0,0,412,529,-117,0.0,24
413,1,1,498,433,65,1.0,21
421,0,0,475,425,50,1.0,27
421,1,1,404,490,-86,0.0,24
429,0,0,420,336,84,1.0,25
429,1,1,347,484,-137,0.0,29
437,0,0,526,456,70,1.0,22
437,1,1,355,458,-103,0.0,38
445,0,0,519,427,92,1.0,24
445,1,1,420,425,-5,0.0,24
453,0,0,467,497,-30,0.0,23
453,1,1,442,402,40,1.0,23
461,0,0,507,330,177,1.0,24
461,1,1,403,465,-62,0.0,25
469,0,0,486,466,20,1.0,27
469,1,1,356,437,-81,0.0,31
477,0,0,557,444,113,1.0,23
477,1,1,439,423,16,1.0,24
485,0,0,575,396,179,1.0,24
485,1,1,355,563,-208,0.0,22
493,0,0,563,392,171,1.0,22
493,1,1,384,566,-182,0.0,21
501,0,0,503,375,128,1.0,24
501,1,1,396,482,-86,0.0,26
509,0,0,446,416,30,1.0,22
509,1,1,433,365,68,1.0,32
517,0,0,451,468,-17,0.0,31
517,1,1,422,434,-12,0.0,26
525,0,0,442,528,-86,0.0,21
525,1,1,482,472,10,1.0,22
533,0,0,434,469,-35,0.0,20
533,1,1,561,407,154,1.0,21
541,0,0,506,417,89,1.0,23
541,1,1,572,393,179,1.0,24
549,0,0,461,439,22,1.0,24
549,1,1,348,519,-171,0.0,22
557,0,0,471,386,85,1.0,21
557,1,1,415,417,-2,0.0,22
565,0,0,433,460,-27,0.0,25
565,1,1,469,439,30,1.0,27
573,0,0,404,433,-29,0.0,29
573,1,1,516,428,88,1.0,23
581,0,0,459,369,90,1.0,25
581,1,1,461,432,29,1.0,23
589,0,0,414,402,12,1.0,24
589,1,1,474,425,49,1.0,24
597,0,0,467,456,11,1.0,23
597,1,1,472,427,45,1.0,25
605,0,0,433,482,-49,0.0,25
605,1,1,491,464,27,1.0,23
613,0,0,315,513,-198,0.0,23
613,1,1,432,376,56,1.0,33
621,0,0,387,387,0,0.5,28
621,1,1,441,362,79,1.0,28
629,0,0,442,348,94,1.0,27
629,1,1,395,441,-46,0.0,27
637,0,0,539,406,133,1.0,22
637,1,1,454,508,-54,0.0,22
645,0,0,368,601,-233,0.0,21
645,1,1,559,378,181,1.0,23
653,0,0,443,355,88,1.0,24
653,1,1,596,344,252,1.0,24
661,0,0,402,459,-57,0.0,33
661,1,1,441,392,49,1.0,25
669,0,0,378,434,-56,0.0,25
669,1,1,399,388,11,1.0,26
677,0,0,496,406,90,1.0,24
677,1,1,344,424,-80,0.0,24
685,0,0,437,612,-175,0.0,21
685,1,1,475,467,8,1.0,22
693,0,0,516,387,129,1.0,23
693,1,1,379,583,-204,0.0,23
701,0,0,505,406,99,1.0,26
701,1,1,431,426,5,1.0,24
709,0,0,401,487,-86,0.0,24
709,1,1,471,432,39,1.0,23
717,0,0,387,480,-93,0.0,22
717,1,1,484,352,132,1.0,21
725,0,0,426,496,-70,0.0,25
725,1,1,602,376,226,1.0,24
733,0,0,414,340,74,1.0,30
733,1,1,388,466,-78,0.0,22
741,0,0,494,348,146,1.0,27
741,1,1,380,481,-101,0.0,23
749,0,0,411,475,-64,0.0,22
749,1,1,557,522,35,1.0,24
757,0,0,354,535,-181,0.0,31
757,1,1,538,437,101,1.0,23
765,0,0,421,560,-139,0.0,24
765,1,1,477,441,36,1.0,30
773,0,0,475,389,86,1.0,24
773,1,1,395,428,-33,0.0,25
781,0,0,504,390,114,1.0,23
781,1,1,379,516,-137,0.0,24
789,0,0,390,486,-96,0.0,21
789,1,1,537,372,165,1.0,19
797,0,0,480,436,44,1.0,26
797,1,1,349,464,-115,0.0,24
805,0,0,496,536,-40,0.0,24
805,1,1,505,492,13,1.0,25
813,0,0,359,511,-152,0.0,23
813,1,1,436,462,-26,0.0,28
821,0,0,501,405,96,1.0,21
821,1,1,333,469,-136,0.0,22
829,0,0,515,483,32,1.0,23
829,1,1,474,460,14,1.0,21
837,0,0,510,439,71,1.0,25
837,1,1,488,484,4,1.0,22
845,0,0,345,513,-168,0.0,23
845,1,1,344,425,-81,0.0,28
853,0,0,484,465,19,1.0,23
853,1,1,425,450,-25,0.0,25
861,0,0,448,456,-8,0.0,27
861,1,1,427,440,-13,0.0,22
869,0,0,420,453,-33,0.0,27
869,1,1,437,405,32,1.0,25
877,0,0,515,374,141,1.0,22
877,1,1,417,530,-113,0.0,22
885,0,0,476,420,56,1.0,26
885,1,1,416,500,-84,0.0,25
893,0,0,426,447,-21,0.0,23
893,1,1,436,468,-32,0.0,24
901,0,0,368,580,-212,0.0,26
901,1,1,490,439,51,1.0,22
909,0,0,457,437,20,1.0,24
909,1,1,525,426,99,1.0,25
917,0,0,459,414,45,1.0,33
917,1,1,479,348,131,1.0,23
925,0,0,459,517,-58,0.0,24
925,1,1,497,433,64,1.0,24
933,0,0,387,536,-149,0.0,22
933,1,1,482,426,56,1.0,24
941,0,0,515,461,54,1.0,25
941,1,1,355,380,-25,0.0,23
949,0,0,321,478,-157,0.0,30
949,1,1,436,523,-87,0.0,22
957,0,0,500,434,66,1.0,30
957,1,1,403,501,-98,0.0,24
965,0,0,436,447,-11,0.0,22
965,1,1,345,441,-96,0.0,23
973,0,0,342,431,-89,0.0,33
973,1,1,470,414,56,1.0,24
981,0,0,416,283,133,1.0,43
981,1,1,478,407,71,1.0,29
989,0,0,466,447,19,1.0,24
989,1,1,449,449,0,0.5,23
997,0,0,383,428,-45,0.0,28
997,1,1,422,385,37,1.0,25
1005,0,0,383,482,-99,0.0,26
1005,1,1,480,459,21,1.0,22
1013,0,0,369,390,-21,0.0,28
1013,1,1,380,398,-18,0.0,28
1021,0,0,480,434,46,1.0,24
1021,1,1,460,536,-76,0.0,24
1029,0,0,458,404,54,1.0,31
1029,1,1,381,473,-92,0.0,22
1037,0,0,534,421,113,1.0,26
1037,1,1,508,382,126,1.0,27
1045,0,0,569,459,110,1.0,24
1045,1,1,412,513,-101,0.0,23
1053,0,0,446,486,-40,0.0,26
1053,1,1,484,489,-5,0.0,22
1061,0,0,392,365,27,1.0,30
1061,1,1,507,352,155,1.0,23
1069,0,0,415,388,27,1.0,28
1069,1,1,417,331,86,1.0,30
1077,0,0,373,529,-156,0.0,23
1077,1,1,463,331,132,1.0,20
1085,0,0,376,491,-115,0.0,22
1085,1,1,576,436,140,1.0,20
1093,0,0,510,383,127,1.0,24
1093,1,1,308,472,-164,0.0,27
1101,0,0,401,495,-94,0.0,25
1101,1,1,440,497,-57,0.0,24
1109,0,0,386,486,-100,0.0,26
1109,1,1,439,398,41,1.0,26
1117,0,0,356,436,-80,0.0,27
1117,1,1,429,398,31,1.0,23
1125,0,0,399,468,-69,0.0,24
1125,1,1,545,398,147,1.0,23
1133,0,0,470,522,-52,0.0,22
1133,1,1,474,460,14,1.0,22
1141,0,0,496,350,146,1.0,24
1141,1,1,465,530,-65,0.0,23
1149,0,0,404,516,-112,0.0,22
1149,1,1,539,323,216,1.0,26
1157,0,0,409,286,123,1.0,38
1157,1,1,426,460,-34,0.0,24
1165,0,0,512,477,35,1.0,25
1165,1,1,430,497,-67,0.0,26
1173,0,0,390,333,57,1.0,31
1173,1,1,492,317,175,1.0,29
1181,0,0,390,391,-1,0.0,28
1181,1,1,491,457,34,1.0,22
1189,0,0,421,477,-56,0.0,23
1189,1,1,470,392,78,1.0,30
1197,0,0,346,347,-1,0.0,28
1197,1,1,565,467,98,1.0,21
1205,0,0,459,395,64,1.0,27
1205,1,1,489,461,28,1.0,27
1213,0,0,395,476,-81,0.0,24
1213,1,1,474,433,41,1.0,24
1221,0,0,436,455,-19,0.0,24
1221,1,1,495,377,118,1.0,26
1229,0,0,556,416,140,1.0,23
1229,1,1,373,345,28,1.0,23
1237,0,0,408,555,-147,0.0,23
1237,1,1,615,364,251,1.0,28
1245,0,0,395,454,-59,0.0,28
1245,1,1,332,342,-10,0.0,44
1253,0,0,382,494,-112,0.0,25
1253,1,1,390,423,-33,0.0,25
1261,0,0,417,483,-66,0.0,22
1261,1,1,467,436,31,1.0,24
1269,0,0,501,512,-11,0.0,23
1269,1,1,442,429,13,1.0,30
1277,0,0,431,447,-16,0.0,25
1277,1,1,415,437,-22,0.0,24
1285,0,0,389,375,14,1.0,28
1285,1,1,421,457,-36,0.0,26
1293,0,0,485,437,48,1.0,20
1293,1,1,416,459,-43,0.0,22
1301,0,0,540,456,84,1.0,21
1301,1,1,371,512,-141,0.0,25
1309,0,0,328,514,-186,0.0,25
1309,1,1,506,411,95,1.0,22
1317,0,0,465,382,83,1.0,29
1317,1,1,351,396,-45,0.0,22
1325,0,0,470,446,24,1.0,21
1325,1,1,446,470,-24,0.0,21
1333,0,0,513,532,-19,0.0,24
1333,1,1,464,437,27,1.0,25
1341,0,0,371,456,-85,0.0,25
1341,1,1,501,366,135,1.0,31
1349,0,0,420,402,18,1.0,25
1349,1,1,451,488,-37,0.0,26
1357,0,0,438,440,-2,0.0,22
1357,1,1,442,305,137,1.0,28
1365,0,0,425,543,-118,0.0,22
1365,1,1,534,417,117,1.0,21
1373,0,0,339,514,-175,0.0,23
1373,1,1,552,402,150,1.0,27
1381,0,0,383,484,-101,0.0,28
1381,1,1,473,527,-54,0.0,24
1389,0,0,411,488,-77,0.0,23
1389,1,1,437,489,-52,0.0,23
1397,0,0,515,411,104,1.0,23
1397,1,1,493,399,94,1.0,29
1405,0,0,432,424,8,1.0,26
1405,1,1,495,373,122,1.0,22
1413,0,0,486,455,31,1.0,22
1413,1,1,496,488,8,1.0,22
1421,0,0,380,499,-119,0.0,21
1421,1,1,456,408,48,1.0,22
1429,0,0,477,416,61,1.0,21
1429,1,1,441,447,-6,0.0,21
1437,0,0,674,342,332,1.0,24
1437,1,1,353,504,-151,0.0,24
1445,0,0,512,455,57,1.0,20
1445,1,1,422,428,-6,0.0,25
1453,0,0,371,421,-50,0.0,25
1453,1,1,444,407,37,1.0,24
1461,0,0,385,439,-54,0.0,25
1461,1,1,407,424,-17,0.0,25
1469,0,0,472,547,-75,0.0,23
1469,1,1,574,407,167,1.0,23
1477,0,0,369,421,-52,0.0,27
1477,1,1,389,450,-61,0.0,22
1485,0,0,408,426,-18,0.0,22
1485,1,1,412,426,-14,0.0,22
1493,0,0,435,430,5,1.0,31
1493,1,1,286,439,-153,0.0,33
1501,0,0,428,371,57,1.0,24
1501,1,1,488,438,50,1.0,21
1509,0,0,313,493,-180,0.0,26
1509,1,1,484,407,77,1.0,33
1517,0,0,445,492,-47,0.0,21
1517,1,1,567,451,116,1.0,23
1525,0,0,475,413,62,1.0,30
1525,1,1,420,445,-25,0.0,24
1533,0,0,360,491,-131,0.0,22
1533,1,1,461,421,40,1.0,24
1541,0,0,517,475,42,1.0,22
1541,1,1,503,423,80,1.0,21
1549,0,0,455,484,-29,0.0,21
1549,1,1,379,534,-155,0.0,20
1557,0,0,406,481,-75,0.0,31
1557,1,1,480,390,90,1.0,25
1565,0,0,426,459,-33,0.0,22
1565,1,1,459,379,80,1.0,24
1573,0,0,351,467,-116,0.0,27
1573,1,1,404,411,-7,0.0,33
1581,0,0,438,459,-21,0.0,24
1581,1,1,424,448,-24,0.0,27
1589,0,0,283,496,-213,0.0,31
1589,1,1,344,431,-87,0.0,30
1597,0,0,396,428,-32,0.0,25
1597,1,1,378,466,-88,0.0,28
1605,0,0,388,463,-75,0.0,25
1605,1,1,541,370,171,1.0,28
1613,0,0,470,376,94,1.0,26
1613,1,1,416,419,-3,0.0,25
1621,0,0,442,428,14,1.0,24
1621,1,1,498,460,38,1.0,25
1629,0,0,493,337,156,1.0,30
1629,1,1,439,473,-34,0.0,26
1637,0,0,498,384,114,1.0,25
1637,1,1,503,382,121,1.0,23
1645,0,0,416,455,-39,0.0,23
1645,1,1,513,430,83,1.0,25
1653,0,0,440,427,13,1.0,23
1653,1,1,362,511,-149,0.0,27
1661,0,0,406,433,-27,0.0,22
1661,1,1,437,445,-8,0.0,26
1669,0,0,537,327,210,1.0,23
1669,1,1,426,521,-95,0.0,21
1677,0,0,347,402,-55,0.0,27
1677,1,1,424,320,104,1.0,27
1685,0,0,592,441,151,1.0,24
1685,1,1,448,351,97,1.0,30
1693,0,0,447,396,51,1.0,27
1693,1,1,337,373,-36,0.0,25
1701,0,0,348,486,-138,0.0,27
1701,1,1,415,443,-28,0.0,25
1709,0,0,419,382,37,1.0,26
1709,1,1,398,420,-22,0.0,26
1717,0,0,445,448,-3,0.0,22
1717,1,1,476,400,76,1.0,21
1725,0,0,320,490,-170,0.0,27
1725,1,1,454,420,34,1.0,24
1733,0,0,463,376,87,1.0,23
1733,1,1,425,544,-119,0.0,34
1741,0,0,514,426,88,1.0,27
1741,1,1,495,426,69,1.0,29
1749,0,0,507,416,91,1.0,24
1749,1,1,353,492,-139,0.0,25
1757,0,0,411,459,-48,0.0,25
1757,1,1,390,384,6,1.0,26
1765,0,0,466,388,78,1.0,26
1765,1,1,502,463,39,1.0,26
1773,0,0,477,493,-16,0.0,21
1773,1,1,480,436,44,1.0,25
1781,0,0,387,519,-132,0.0,26
1781,1,1,537,410,127,1.0,22
1789,0,0,370,473,-103,0.0,21
1789,1,1,448,381,67,1.0,24
1797,0,0,391,453,-62,0.0,24
1797,1,1,408,454,-46,0.0,26
1805,0,0,518,471,47,1.0,20
1805,1,1,424,485,-61,0.0,25
1813,0,0,374,521,-147,0.0,22
1813,1,1,429,361,68,1.0,25
1821,0,0,426,388,38,1.0,33
1821,1,1,413,338,75,1.0,39
1829,0,0,411,547,-136,0.0,22
1829,1,1,529,352,177,1.0,25
1837,0,0,479,410,69,1.0,21
1837,1,1,387,491,-104,0.0,24
1845,0,0,397,463,-66,0.0,23
1845,1,1,439,364,75,1.0,25
1853,0,0,299,422,-123,0.0,29
1853,1,1,490,381,109,1.0,25
1861,0,0,396,488,-92,0.0,21
1861,1,1,444,377,67,1.0,28
1869,0,0,427,527,-100,0.0,26
1869,1,1,405,397,8,1.0,26
1877,0,0,419,532,-113,0.0,22
1877,1,1,525,478,47,1.0,26
1885,0,0,455,513,-58,0.0,21
1885,1,1,408,407,1,1.0,23
1893,0,0,436,454,-18,0.0,23
1893,1,1,351,453,-102,0.0,23
1901,0,0,351,474,-123,0.0,24
1901,1,1,450,417,33,1.0,24
1909,0,0,428,404,24,1.0,22
1909,1,1,373,476,-103,0.0,24
1917,0,0,386,386,0,0.5,27
1917,1,1,435,419,16,1.0,24
1925,0,0,437,496,-59,0.0,26
1925,1,1,444,452,-8,0.0,26
1933,0,0,330,499,-169,0.0,27
1933,1,1,494,392,102,1.0,24
1941,0,0,331,388,-57,0.0,29
1941,1,1,375,432,-57,0.0,25
1949,0,0,431,479,-48,0.0,24
1949,1,1,447,458,-11,0.0,21
1957,0,0,343,475,-132,0.0,22
1957,1,1,403,471,-68,0.0,24
1965,0,0,390,572,-182,0.0,21
1965,1,1,353,432,-79,0.0,26
1973,0,0,408,350,58,1.0,46
1973,1,1,402,447,-45,0.0,22
1981,0,0,432,426,6,1.0,24
1981,1,1,509,493,16,1.0,22
1989,0,0,365,581,-216,0.0,25
1989,1,1,496,437,59,1.0,26
1997,0,0,489,408,81,1.0,25
1997,1,1,525,329,196,1.0,24
pair,game,a_seat,a_score,b_score,a_spread,a_win,turns
6,0,0,456,392,64,1.0,24
6,1,1,391,444,-53,0.0,25
14,0,0,460,455,5,1.0,22
14,1,1,453,366,87,1.0,25
22,0,0,343,507,-164,0.0,22
22,1,1,424,481,-57,0.0,29
30,0,0,551,399,152,1.0,21
30,1,1,399,438,-39,0.0,24
38,0,0,398,442,-44,0.0,24
38,1,1,485,379,106,1.0,21
46,0,0,418,506,-88,0.0,21
46,1,1,522,356,166,1.0,23
54,0,0,423,411,12,1.0,27
54,1,1,408,463,-55,0.0,23
62,0,0,438,434,4,1.0,21
62,1,1,455,503,-48,0.0,22
70,0,0,514,367,147,1.0,27
70,1,1,370,446,-76,0.0,27
78,0,0,434,413,21,1.0,24
78,1,1,435,458,-23,0.0,22
86,0,0,472,424,48,1.0,27
86,1,1,421,474,-53,0.0,30
94,0,0,346,422,-76,0.0,28
94,1,1,385,437,-52,0.0,27
102,0,0,551,394,157,1.0,25
102,1,1,401,432,-31,0.0,25
110,0,0,385,525,-140,0.0,23
110,1,1,471,326,145,1.0,25
118,0,0,457,429,28,1.0,24
118,1,1,456,490,-34,0.0,24
126,0,0,442,453,-11,0.0,24
126,1,1,398,409,-11,0.0,24
134,0,0,473,449,24,1.0,25
134,1,1,444,447,-3,0.0,25
142,0,0,410,345,65,1.0,30
142,1,1,374,359,15,1.0,26
150,0,0,353,446,-93,0.0,26
150,1,1,468,352,116,1.0,25
158,0,0,474,399,75,1.0,24
158,1,1,426,519,-93,0.0,27
166,0,0,382,437,-55,0.0,25
166,1,1,445,457,-12,0.0,26
174,0,0,388,377,11,1.0,30
174,1,1,357,437,-80,0.0,22
182,0,0,510,438,72,1.0,28
182,1,1,298,576,-278,0.0,23
190,0,0,389,429,-40,0.0,24
190,1,1,355,443,-88,0.0,24
198,0,0,332,475,-143,0.0,30
198,1,1,456,460,-4,0.0,23
206,0,0,390,502,-112,0.0,24
206,1,1,424,449,-25,0.0,24
214,0,0,526,367,159,1.0,24
214,1,1,391,481,-90,0.0,25
222,0,0,445,450,-5,0.0,24
222,1,1,427,395,32,1.0,31
230,0,0,516,425,91,1.0,20
230,1,1,464,489,-25,0.0,20
238,0,0,451,484,-33,0.0,25
238,1,1,383,467,-84,0.0,27
246,0,0,400,385,15,1.0,27
246,1,1,314,406,-92,0.0,28
254,0,0,404,434,-30,0.0,23
254,1,1,367,434,-67,0.0,25
262,0,0,423,429,-6,0.0,25
262,1,1,438,437,1,1.0,23
270,0,0,473,415,58,1.0,23
270,1,1,407,492,-85,0.0,24
278,0,0,443,521,-78,0.0,24
278,1,1,415,453,-38,0.0,21
286,0,0,379,463,-84,0.0,26
286,1,1,451,451,0,0.5,23
294,0,0,372,508,-136,0.0,25
294,1,1,516,356,160,1.0,22
302,0,0,444,523,-79,0.0,19
302,1,1,441,421,20,1.0,28
310,0,0,322,460,-138,0.0,30
310,1,1,531,280,251,1.0,24
318,0,0,410,423,-13,0.0,28
318,1,1,480,438,42,1.0,23
326,0,0,457,405,52,1.0,25
326,1,1,345,474,-129,0.0,22
334,0,0,528,394,134,1.0,25
334,1,1,403,479,-76,0.0,25
342,0,0,456,372,84,1.0,26
342,1,1,409,400,9,1.0,25
350,0,0,433,429,4,1.0,20
350,1,1,483,505,-22,0.0,22
358,0,0,462,518,-56,0.0,22
358,1,1,492,487,5,1.0,23
366,0,0,471,436,35,1.0,20
366,1,1,412,488,-76,0.0,24
374,0,0,566,324,242,1.0,23
374,1,1,380,473,-93,0.0,22
382,0,0,380,457,-77,0.0,27
382,1,1,407,416,-9,0.0,28
390,0,0,436,512,-76,0.0,25
390,1,1,530,368,162,1.0,25
398,0,0,331,524,-193,0.0,22
398,1,1,471,326,145,1.0,22
406,0,0,504,481,23,1.0,18
406,1,1,447,543,-96,0.0,21
414,0,0,464,437,27,1.0,24
414,1,1,472,560,-88,0.0,22
422,0,0,444,430,14,1.0,24
422,1,1,463,467,-4,0.0,23
430,0,0,391,439,-48,0.0,26
430,1,1,375,432,-57,0.0,30
438,0,0,432,536,-104,0.0,23
438,1,1,527,423,104,1.0,22
446,0,0,526,477,49,1.0,22
446,1,1,493,479,14,1.0,23
454,0,0,434,387,47,1.0,24
454,1,1,424,526,-102,0.0,25
462,0,0,440,439,1,1.0,25
462,1,1,485,470,15,1.0,21
470,0,0,444,371,73,1.0,24
470,1,1,388,449,-61,0.0,29
478,0,0,427,445,-18,0.0,23
478,1,1,412,556,-144,0.0,23
486,0,0,448,389,59,1.0,25
486,1,1,457,399,58,1.0,25
494,0,0,429,418,11,1.0,25
494,1,1,457,365,92,1.0,25
502,0,0,401,491,-90,0.0,23
502,1,1,428,480,-52,0.0,22
510,0,0,487,356,131,1.0,25
510,1,1,409,552,-143,0.0,20
518,0,0,353,416,-63,0.0,28
518,1,1,396,379,17,1.0,24
526,0,0,459,422,37,1.0,24
526,1,1,373,487,-114,0.0,22
534,0,0,524,560,-36,0.0,21
534,1,1,488,316,172,1.0,24
542,0,0,434,453,-19,0.0,23
542,1,1,449,443,6,1.0,24
550,0,0,375,645,-270,0.0,24
550,1,1,463,286,177,1.0,30
558,0,0,467,520,-53,0.0,23
558,1,1,463,465,-2,0.0,23
566,0,0,371,480,-109,0.0,21
566,1,1,444,482,-38,0.0,24
574,0,0,349,469,-120,0.0,26
574,1,1,386,365,21,1.0,30
582,0,0,399,456,-57,0.0,23
582,1,1,506,407,99,1.0,26
590,0,0,306,449,-143,0.0,28
590,1,1,479,419,60,1.0,26
598,0,0,392,482,-90,0.0,21
598,1,1,544,428,116,1.0,22
606,0,0,491,379,112,1.0,23
606,1,1,373,420,-47,0.0,23
614,0,0,440,475,-35,0.0,23
614,1,1,457,469,-12,0.0,25
622,0,0,451,558,-107,0.0,25
622,1,1,526,409,117,1.0,23
630,0,0,402,498,-96,0.0,21
630,1,1,416,534,-118,0.0,25
638,0,0,355,428,-73,0.0,22
638,1,1,541,408,133,1.0,23
646,0,0,388,429,-41,0.0,23
646,1,1,471,386,85,1.0,31
654,0,0,471,384,87,1.0,24
654,1,1,477,366,111,1.0,28
662,0,0,419,341,78,1.0,24
662,1,1,396,398,-2,0.0,27
670,0,0,486,454,32,1.0,22
670,1,1,491,454,37,1.0,20
678,0,0,432,399,33,1.0,24
678,1,1,467,489,-22,0.0,27
686,0,0,479,423,56,1.0,20
686,1,1,451,437,14,1.0,21
694,0,0,438,443,-5,0.0,23
694,1,1,456,390,66,1.0,23
702,0,0,502,437,65,1.0,23
702,1,1,405,413,-8,0.0,26
710,0,0,438,440,-2,0.0,41
710,1,1,364,500,-136,0.0,25
718,0,0,512,471,41,1.0,25
718,1,1,487,514,-27,0.0,22
726,0,0,394,433,-39,0.0,24
726,1,1,435,445,-10,0.0,23
734,0,0,494,374,120,1.0,24
734,1,1,440,520,-80,0.0,20
742,0,0,468,490,-22,0.0,23
742,1,1,470,440,30,1.0,23
750,0,0,379,560,-181,0.0,21
750,1,1,464,375,89,1.0,31
758,0,0,461,476,-15,0.0,20
758,1,1,463,432,31,1.0,24
766,0,0,433,404,29,1.0,27
766,1,1,449,467,-18,0.0,23
774,0,0,481,397,84,1.0,22
774,1,1,433,462,-29,0.0,25
782,0,0,543,445,98,1.0,24
782,1,1,349,453,-104,0.0,23
790,0,0,520,342,178,1.0,21
790,1,1,442,494,-52,0.0,25
798,0,0,569,395,174,1.0,22
798,1,1,476,494,-18,0.0,22
806,0,0,350,368,-18,0.0,36
806,1,1,472,557,-85,0.0,25
814,0,0,512,384,128,1.0,21
814,1,1,434,484,-50,0.0,22
822,0,0,435,549,-114,0.0,20
822,1,1,521,425,96,1.0,22
830,0,0,448,529,-81,0.0,22
830,1,1,581,452,129,1.0,22
838,0,0,322,429,-107,0.0,32
838,1,1,490,384,106,1.0,24
846,0,0,563,456,107,1.0,23
846,1,1,473,412,61,1.0,29
854,0,0,311,532,-221,0.0,32
854,1,1,478,290,188,1.0,26
862,0,0,550,452,98,1.0,22
862,1,1,397,638,-241,0.0,20
870,0,0,485,337,148,1.0,27
870,1,1,394,514,-120,0.0,22
878,0,0,448,429,19,1.0,27
878,1,1,447,541,-94,0.0,25
886,0,0,525,370,155,1.0,19
886,1,1,439,490,-51,0.0,23
894,0,0,472,451,21,1.0,23
894,1,1,459,443,16,1.0,22
902,0,0,529,401,128,1.0,23
902,1,1,384,503,-119,0.0,23
910,0,0,503,351,152,1.0,23
910,1,1,380,491,-111,0.0,28
918,0,0,447,437,10,1.0,22
918,1,1,509,341,168,1.0,24
926,0,0,441,512,-71,0.0,23
926,1,1,412,466,-54,0.0,23
934,0,0,411,491,-80,0.0,24
934,1,1,450,449,1,1.0,24
942,0,0,447,428,19,1.0,21
942,1,1,497,438,59,1.0,23
950,0,0,502,325,177,1.0,25
950,1,1,391,479,-88,0.0,24
958,0,0,427,398,29,1.0,25
958,1,1,440,490,-50,0.0,26
966,0,0,419,434,-15,0.0,24
966,1,1,314,480,-166,0.0,23
974,0,0,348,374,-26,0.0,23
974,1,1,424,431,-7,0.0,23
982,0,0,334,395,-61,0.0,30
982,1,1,383,384,-1,0.0,27
990,0,0,382,436,-54,0.0,22
990,1,1,435,429,6,1.0,22
998,0,0,386,431,-45,0.0,24
998,1,1,577,398,179,1.0,26
1006,0,0,417,400,17,1.0,25
1006,1,1,408,490,-82,0.0,25
1014,0,0,446,472,-26,0.0,23
1014,1,1,479,453,26,1.0,23
1022,0,0,436,416,20,1.0,26
1022,1,1,419,477,-58,0.0,23
1030,0,0,512,373,139,1.0,22
1030,1,1,413,520,-107,0.0,25
1038,0,0,456,316,140,1.0,25
1038,1,1,355,499,-144,0.0,25
1046,0,0,367,487,-120,0.0,23
1046,1,1,393,347,46,1.0,23
1054,0,0,411,403,8,1.0,34
1054,1,1,451,299,152,1.0,24
1062,0,0,382,390,-8,0.0,27
1062,1,1,474,441,33,1.0,26
1070,0,0,393,431,-38,0.0,26
1070,1,1,360,395,-35,0.0,27
1078,0,0,427,444,-17,0.0,24
1078,1,1,557,399,158,1.0,20
1086,0,0,519,408,111,1.0,24
1086,1,1,464,500,-36,0.0,21
1094,0,0,427,473,-46,0.0,22
1094,1,1,437,371,66,1.0,26
1102,0,0,518,366,152,1.0,25
1102,1,1,345,462,-117,0.0,23
1110,0,0,504,318,186,1.0,27
1110,1,1,371,596,-225,0.0,23
1118,0,0,459,386,73,1.0,23
1118,1,1,386,538,-152,0.0,25
1126,0,0,451,339,112,1.0,28
1126,1,1,354,426,-72,0.0,28
1134,0,0,532,413,119,1.0,21
1134,1,1,405,529,-124,0.0,22
1142,0,0,476,481,-5,0.0,21
1142,1,1,443,438,5,1.0,23
1150,0,0,370,439,-69,0.0,22
1150,1,1,446,367,79,1.0,22
1158,0,0,394,536,-142,0.0,24
1158,1,1,525,424,101,1.0,23
1166,0,0,346,496,-150,0.0,26
1166,1,1,483,443,40,1.0,24
1174,0,0,425,503,-78,0.0,25
1174,1,1,435,436,-1,0.0,21
1182,0,0,280,464,-184,0.0,26
1182,1,1,546,248,298,1.0,26
1190,0,0,427,386,41,1.0,27
1190,1,1,411,390,21,1.0,23
1198,0,0,417,371,46,1.0,24
1198,1,1,383,521,-138,0.0,25
1206,0,0,457,500,-43,0.0,22
1206,1,1,501,392,109,1.0,30
1214,0,0,517,391,126,1.0,22
1214,1,1,407,498,-91,0.0,24
1222,0,0,449,326,123,1.0,27
1222,1,1,429,459,-30,0.0,22
1230,0,0,412,339,73,1.0,29
1230,1,1,329,500,-171,0.0,21
1238,0,0,471,508,-37,0.0,21
1238,1,1,411,517,-106,0.0,23
1246,0,0,464,409,55,1.0,24
1246,1,1,462,333,129,1.0,42
1254,0,0,486,411,75,1.0,24
1254,1,1,423,459,-36,0.0,24
1262,0,0,420,537,-117,0.0,28
1262,1,1,517,469,48,1.0,25
1270,0,0,502,413,89,1.0,24
1270,1,1,455,500,-45,0.0,27
1278,0,0,464,497,-33,0.0,22
1278,1,1,517,438,79,1.0,24
1286,0,0,459,440,19,1.0,22
1286,1,1,373,434,-61,0.0,24
1294,0,0,367,476,-109,0.0,23
1294,1,1,383,399,-16,0.0,23
1302,0,0,301,519,-218,0.0,28
1302,1,1,564,390,174,1.0,18
1310,0,0,411,470,-59,0.0,25
1310,1,1,422,378,44,1.0,25
1318,0,0,440,444,-4,0.0,22
1318,1,1,405,382,23,1.0,29
1326,0,0,504,466,38,1.0,25
1326,1,1,430,434,-4,0.0,27
1334,0,0,434,428,6,1.0,24
1334,1,1,441,509,-68,0.0,24
1342,0,0,574,380,194,1.0,21
1342,1,1,442,413,29,1.0,22
1350,0,0,370,387,-17,0.0,29
1350,1,1,523,380,143,1.0,22
1358,0,0,491,550,-59,0.0,24
1358,1,1,478,412,66,1.0,21
1366,0,0,407,453,-46,0.0,26
1366,1,1,435,394,41,1.0,25
1374,0,0,491,406,85,1.0,28
1374,1,1,328,415,-87,0.0,29
1382,0,0,425,500,-75,0.0,24
1382,1,1,474,408,66,1.0,23
1390,0,0,530,429,101,1.0,23
1390,1,1,435,583,-148,0.0,23
1398,0,0,538,343,195,1.0,24
1398,1,1,359,509,-150,0.0,24
1406,0,0,485,378,107,1.0,25
1406,1,1,314,532,-218,0.0,21
1414,0,0,527,325,202,1.0,23
1414,1,1,476,388,88,1.0,22
1422,0,0,568,335,233,1.0,26
1422,1,1,316,454,-138,0.0,25
1430,0,0,419,441,-22,0.0,23
1430,1,1,377,432,-55,0.0,24
1438,0,0,502,386,116,1.0,23
1438,1,1,400,431,-31,0.0,26
1446,0,0,337,364,-27,0.0,27
1446,1,1,507,569,-62,0.0,23
1454,0,0,481,418,63,1.0,21
1454,1,1,465,364,101,1.0,22
1462,0,0,467,402,65,1.0,25
1462,1,1,460,457,3,1.0,23
1470,0,0,413,394,19,1.0,28
1470,1,1,321,497,-176,0.0,21
1478,0,0,426,386,40,1.0,24
1478,1,1,481,429,52,1.0,28
1486,0,0,473,439,34,1.0,22
1486,1,1,422,435,-13,0.0,26
1494,0,0,455,471,-16,0.0,28
1494,1,1,370,434,-64,0.0,24
1502,0,0,480,456,24,1.0,23
1502,1,1,642,388,254,1.0,24
1510,0,0,519,372,147,1.0,22
1510,1,1,353,486,-133,0.0,22
1518,0,0,428,467,-39,0.0,24
1518,1,1,396,498,-102,0.0,23
1526,0,0,436,412,24,1.0,22
1526,1,1,479,434,45,1.0,25
1534,0,0,412,345,67,1.0,24
1534,1,1,342,440,-98,0.0,25
1542,0,0,567,338,229,1.0,27
1542,1,1,376,521,-145,0.0,24
1550,0,0,483,483,0,0.5,23
1550,1,1,416,427,-11,0.0,24
1558,0,0,404,515,-111,0.0,32
1558,1,1,393,426,-33,0.0,26
1566,0,0,547,366,181,1.0,25
1566,1,1,300,431,-131,0.0,22
1574,0,0,416,348,68,1.0,27
1574,1,1,361,458,-97,0.0,26
1582,0,0,449,376,73,1.0,21
1582,1,1,489,420,69,1.0,24
1590,0,0,570,427,143,1.0,27
1590,1,1,404,533,-129,0.0,22
1598,0,0,468,425,43,1.0,24
1598,1,1,538,467,71,1.0,22
1606,0,0,391,471,-80,0.0,24
1606,1,1,440,439,1,1.0,24
1614,0,0,444,404,40,1.0,22
1614,1,1,414,430,-16,0.0,29
1622,0,0,368,417,-49,0.0,28
1622,1,1,487,511,-24,0.0,20
1630,0,0,422,437,-15,0.0,24
1630,1,1,444,410,34,1.0,23
1638,0,0,435,469,-34,0.0,22
1638,1,1,358,473,-115,0.0,27
1646,0,0,485,462,23,1.0,23
1646,1,1,373,467,-94,0.0,27
1654,0,0,363,500,-137,0.0,23
1654,1,1,519,415,104,1.0,25
1662,0,0,412,390,22,1.0,26
1662,1,1,446,402,44,1.0,21
1670,0,0,502,430,72,1.0,21
1670,1,1,440,467,-27,0.0,23
1678,0,0,494,455,39,1.0,24
1678,1,1,520,376,144,1.0,22
1686,0,0,461,441,20,1.0,21
1686,1,1,425,436,-11,0.0,23
1694,0,0,383,428,-45,0.0,27
1694,1,1,412,445,-33,0.0,29
1702,0,0,355,392,-37,0.0,21
1702,1,1,493,350,143,1.0,24
1710,0,0,471,513,-42,0.0,21
1710,1,1,544,487,57,1.0,22
1718,0,0,393,368,25,1.0,31
1718,1,1,335,436,-101,0.0,23
1726,0,0,422,440,-18,0.0,23
1726,1,1,459,450,9,1.0,23
1734,0,0,451,469,-18,0.0,22
1734,1,1,457,544,-87,0.0,21
1742,0,0,409,530,-121,0.0,22
1742,1,1,455,386,69,1.0,25
1750,0,0,417,472,-55,0.0,24
1750,1,1,474,457,17,1.0,24
1758,0,0,533,359,174,1.0,23
1758,1,1,435,421,14,1.0,31
1766,0,0,441,458,-17,0.0,25
1766,1,1,388,504,-116,0.0,20
1774,0,0,410,535,-125,0.0,25
1774,1,1,482,412,70,1.0,23
1782,0,0,496,364,132,1.0,23
1782,1,1,423,515,-92,0.0,21
1790,0,0,516,474,42,1.0,23
1790,1,1,374,471,-97,0.0,25
1798,0,0,379,432,-53,0.0,36
1798,1,1,425,533,-108,0.0,22
1806,0,0,383,454,-71,0.0,28
1806,1,1,401,516,-115,0.0,23
1814,0,0,513,452,61,1.0,21
1814,1,1,354,461,-107,0.0,25
1822,0,0,440,411,29,1.0,29
1822,1,1,485,416,69,1.0,30
1830,0,0,456,376,80,1.0,31
1830,1,1,419,442,-23,0.0,25
1838,0,0,425,455,-30,0.0,24
1838,1,1,415,414,1,1.0,25
1846,0,0,319,434,-115,0.0,33
1846,1,1,462,342,120,1.0,25
1854,0,0,467,456,11,1.0,22
1854,1,1,438,455,-17,0.0,21
1862,0,0,458,425,33,1.0,23
1862,1,1,435,416,19,1.0,25
1870,0,0,462,471,-9,0.0,26
1870,1,1,432,450,-18,0.0,22
1878,0,0,571,453,118,1.0,24
1878,1,1,408,568,-160,0.0,23
1886,0,0,429,488,-59,0.0,23
1886,1,1,467,389,78,1.0,27
1894,0,0,440,435,5,1.0,23
1894,1,1,417,539,-122,0.0,21
1902,0,0,507,395,112,1.0,24
1902,1,1,439,385,54,1.0,24
1910,0,0,514,330,184,1.0,22
1910,1,1,419,378,41,1.0,31
1918,0,0,492,374,118,1.0,33
1918,1,1,430,459,-29,0.0,25
1926,0,0,474,476,-2,0.0,25
1926,1,1,421,598,-177,0.0,22
1934,0,0,495,590,-95,0.0,20
1934,1,1,449,452,-3,0.0,21
1942,0,0,421,458,-37,0.0,23
1942,1,1,428,568,-140,0.0,23
1950,0,0,486,428,58,1.0,23
1950,1,1,480,499,-19,0.0,26
1958,0,0,543,370,173,1.0,21
1958,1,1,364,503,-139,0.0,25
1966,0,0,499,390,109,1.0,42
1966,1,1,544,464,80,1.0,27
1974,0,0,441,429,12,1.0,30
1974,1,1,436,495,-59,0.0,23
1982,0,0,456,418,38,1.0,23
1982,1,1,409,393,16,1.0,27
1990,0,0,332,428,-96,0.0,26
1990,1,1,470,292,178,1.0,22
1998,0,0,436,441,-5,0.0,23
1998,1,1,498,404,94,1.0,23
pair,game,a_seat,a_score,b_score,a_spread,a_win,turns
7,0,0,441,383,58,1.0,27
7,1,1,433,498,-65,0.0,23
15,0,0,464,435,29,1.0,25
15,1,1,388,522,-134,0.0,22
23,0,0,455,449,6,1.0,25
23,1,1,412,428,-16,0.0,24
31,0,0,403,409,-6,0.0,24
31,1,1,538,321,217,1.0,23
39,0,0,358,351,7,1.0,33
39,1,1,417,345,72,1.0,27
47,0,0,500,443,57,1.0,22
47,1,1,463,473,-10,0.0,23
55,0,0,361,435,-74,0.0,37
55,1,1,481,454,27,1.0,32
63,0,0,466,398,68,1.0,24
63,1,1,521,462,59,1.0,23
71,0,0,440,454,-14,0.0,26
71,1,1,472,449,23,1.0,23
79,0,0,377,515,-138,0.0,23
79,1,1,512,430,82,1.0,24
87,0,0,522,540,-18,0.0,22
87,1,1,441,433,8,1.0,26
95,0,0,528,394,134,1.0,21
95,1,1,343,465,-122,0.0,21
103,0,0,514,416,98,1.0,23
103,1,1,349,478,-129,0.0,27
111,0,0,485,321,164,1.0,24
111,1,1,399,474,-75,0.0,26
119,0,0,431,441,-10,0.0,26
119,1,1,428,442,-14,0.0,27
127,0,0,382,447,-65,0.0,37
127,1,1,509,434,75,1.0,22
135,0,0,537,358,179,1.0,20
135,1,1,408,421,-13,0.0,22
143,0,0,466,428,38,1.0,22
143,1,1,476,478,-2,0.0,23
151,0,0,480,391,89,1.0,22
151,1,1,635,417,218,1.0,21
159,0,0,393,463,-70,0.0,24
159,1,1,440,497,-57,0.0,26
167,0,0,386,416,-30,0.0,25
167,1,1,532,439,93,1.0,25
175,0,0,396,504,-108,0.0,25
175,1,1,503,335,168,1.0,25
183,0,0,461,466,-5,0.0,23
183,1,1,453,531,-78,0.0,20
191,0,0,525,401,124,1.0,29
191,1,1,425,445,-20,0.0,27
199,0,0,467,419,48,1.0,22
199,1,1,513,422,91,1.0,23
207,0,0,372,421,-49,0.0,25
207,1,1,403,395,8,1.0,31
215,0,0,456,407,49,1.0,20
215,1,1,461,489,-28,0.0,22
223,0,0,470,368,102,1.0,22
223,1,1,435,495,-60,0.0,22
231,0,0,341,628,-287,0.0,27
231,1,1,491,358,133,1.0,25
239,0,0,471,462,9,1.0,29
239,1,1,528,453,75,1.0,21
247,0,0,424,315,109,1.0,26
247,1,1,422,486,-64,0.0,23
255,0,0,396,486,-90,0.0,24
255,1,1,527,429,98,1.0,23
263,0,0,358,463,-105,0.0,26
263,1,1,471,376,95,1.0,20
271,0,0,480,430,50,1.0,22
271,1,1,461,460,1,1.0,24
279,0,0,484,387,97,1.0,27
279,1,1,445,467,-22,0.0,25
287,0,0,436,387,49,1.0,27
287,1,1,452,441,11,1.0,25
295,0,0,417,511,-94,0.0,23
295,1,1,461,345,116,1.0,23
303,0,0,437,368,69,1.0,26
303,1,1,369,502,-133,0.0,22
311,0,0,481,336,145,1.0,25
311,1,1,393,514,-121,0.0,22
319,0,0,391,467,-76,0.0,27
319,1,1,462,361,101,1.0,23
327,0,0,493,458,35,1.0,26
327,1,1,542,393,149,1.0,21
335,0,0,472,463,9,1.0,22
335,1,1,476,467,9,1.0,19
343,0,0,529,516,13,1.0,21
343,1,1,458,469,-11,0.0,25
351,0,0,502,327,175,1.0,27
351,1,1,358,505,-147,0.0,22
359,0,0,381,446,-65,0.0,24
359,1,1,466,397,69,1.0,24
367,0,0,408,464,-56,0.0,25
367,1,1,417,408,9,1.0,27
375,0,0,380,453,-73,0.0,28
375,1,1,477,432,45,1.0,39
383,0,0,360,434,-74,0.0,26
383,1,1,426,379,47,1.0,24
391,0,0,421,430,-9,0.0,25
391,1,1,434,353,81,1.0,26
399,0,0,410,471,-61,0.0,28
399,1,1,376,496,-120,0.0,29
407,0,0,398,428,-30,0.0,26
407,1,1,468,349,119,1.0,23
415,0,0,397,468,-71,0.0,22
415,1,1,476,434,42,1.0,23
423,0,0,349,460,-111,0.0,24
423,1,1,477,513,-36,0.0,22
431,0,0,332,575,-243,0.0,23
431,1,1,449,412,37,1.0,24
439,0,0,486,476,10,1.0,28
439,1,1,424,501,-77,0.0,26
447,0,0,577,334,243,1.0,26
447,1,1,416,531,-115,0.0,29
455,0,0,398,466,-68,0.0,26
455,1,1,451,313,138,1.0,24
463,0,0,529,426,103,1.0,21
463,1,1,429,499,-70,0.0,21
471,0,0,413,394,19,1.0,26
471,1,1,430,380,50,1.0,24
479,0,0,438,463,-25,0.0,34
479,1,1,436,388,48,1.0,30
487,0,0,367,513,-146,0.0,23
487,1,1,489,416,73,1.0,23
495,0,0,472,331,141,1.0,26
495,1,1,473,451,22,1.0,28
503,0,0,464,466,-2,0.0,23
503,1,1,382,465,-83,0.0,22
511,0,0,471,435,36,1.0,27
511,1,1,430,528,-98,0.0,23
519,0,0,483,486,-3,0.0,23
519,1,1,487,448,39,1.0,23
527,0,0,474,413,61,1.0,23
527,1,1,466,421,45,1.0,27
535,0,0,528,379,149,1.0,24
535,1,1,398,441,-43,0.0,25
543,0,0,420,484,-64,0.0,24
543,1,1,451,391,60,1.0,26
551,0,0,427,534,-107,0.0,23
551,1,1,463,353,110,1.0,24
559,0,0,445,403,42,1.0,25
559,1,1,423,396,27,1.0,23
567,0,0,358,557,-199,0.0,22
567,1,1,413,399,14,1.0,33
575,0,0,449,449,0,0.5,23
575,1,1,378,423,-45,0.0,24
583,0,0,519,427,92,1.0,23
583,1,1,445,513,-68,0.0,22
591,0,0,478,376,102,1.0,21
591,1,1,424,497,-73,0.0,24
599,0,0,501,331,170,1.0,30
599,1,1,306,470,-164,0.0,29
607,0,0,341,517,-176,0.0,24
607,1,1,439,355,84,1.0,24
615,0,0,325,484,-159,0.0,25
615,1,1,524,420,104,1.0,26
623,0,0,478,433,45,1.0,22
623,1,1,468,457,11,1.0,19
631,0,0,466,469,-3,0.0,24
631,1,1,493,398,95,1.0,26
639,0,0,430,547,-117,0.0,25
639,1,1,469,452,17,1.0,24
647,0,0,478,441,37,1.0,24
647,1,1,451,417,34,1.0,24
655,0,0,474,464,10,1.0,23
655,1,1,530,434,96,1.0,24
663,0,0,340,599,-259,0.0,23
663,1,1,467,449,18,1.0,23
671,0,0,479,474,5,1.0,23
671,1,1,402,456,-54,0.0,23
679,0,0,455,421,34,1.0,26
679,1,1,455,366,89,1.0,26
687,0,0,439,457,-18,0.0,23
687,1,1,416,497,-81,0.0,20
695,0,0,580,391,189,1.0,22
695,1,1,362,509,-147,0.0,22
703,0,0,322,437,-115,0.0,25
703,1,1,478,376,102,1.0,24
711,0,0,423,443,-20,0.0,26
711,1,1,487,477,10,1.0,24
719,0,0,300,509,-209,0.0,23
719,1,1,552,369,183,1.0,22
727,0,0,459,431,28,1.0,21
727,1,1,441,409,32,1.0,22
735,0,0,482,360,122,1.0,28
735,1,1,394,400,-6,0.0,26
743,0,0,465,509,-44,0.0,25
743,1,1,561,408,153,1.0,21
751,0,0,487,495,-8,0.0,24
751,1,1,513,448,65,1.0,25
759,0,0,456,493,-37,0.0,18
759,1,1,493,417,76,1.0,27
767,0,0,365,492,-127,0.0,21
767,1,1,554,481,73,1.0,22
775,0,0,487,487,0,0.5,21
775,1,1,511,507,4,1.0,22
783,0,0,394,513,-119,0.0,22
783,1,1,501,394,107,1.0,29
791,0,0,569,383,186,1.0,26
791,1,1,420,530,-110,0.0,26
799,0,0,503,572,-69,0.0,22
799,1,1,467,427,40,1.0,29
807,0,0,393,423,-30,0.0,21
807,1,1,491,281,210,1.0,27
815,0,0,387,549,-162,0.0,23
815,1,1,357,546,-189,0.0,26
823,0,0,473,368,105,1.0,23
823,1,1,463,440,23,1.0,23
831,0,0,483,298,185,1.0,24
831,1,1,343,551,-208,0.0,25
839,0,0,408,388,20,1.0,27
839,1,1,366,459,-93,0.0,28
847,0,0,441,400,41,1.0,24
847,1,1,560,437,123,1.0,19
855,0,0,428,525,-97,0.0,24
855,1,1,450,493,-43,0.0,23
863,0,0,532,539,-7,0.0,25
863,1,1,434,437,-3,0.0,21
871,0,0,502,389,113,1.0,22
871,1,1,494,464,30,1.0,21
879,0,0,512,399,113,1.0,25
879,1,1,437,507,-70,0.0,22
887,0,0,494,534,-40,0.0,22
887,1,1,509,380,129,1.0,22
895,0,0,431,488,-57,0.0,22
895,1,1,472,301,171,1.0,22
903,0,0,393,417,-24,0.0,24
903,1,1,376,387,-11,0.0,25
911,0,0,440,428,12,1.0,24
911,1,1,387,486,-99,0.0,24
919,0,0,444,521,-77,0.0,23
919,1,1,393,460,-67,0.0,24
927,0,0,568,381,187,1.0,22
927,1,1,465,410,55,1.0,21
935,0,0,262,423,-161,0.0,27
935,1,1,522,332,190,1.0,25
943,0,0,514,433,81,1.0,22
943,1,1,426,464,-38,0.0,21
951,0,0,468,392,76,1.0,27
951,1,1,429,432,-3,0.0,26
959,0,0,351,432,-81,0.0,21
959,1,1,496,327,169,1.0,21
967,0,0,428,369,59,1.0,23
967,1,1,478,297,181,1.0,24
975,0,0,293,526,-233,0.0,22
975,1,1,460,357,103,1.0,31
983,0,0,429,387,42,1.0,22
983,1,1,415,409,6,1.0,25
991,0,0,381,473,-92,0.0,24
991,1,1,439,378,61,1.0,26
999,0,0,443,405,38,1.0,26
999,1,1,538,427,111,1.0,22
1007,0,0,492,411,81,1.0,25
1007,1,1,456,468,-12,0.0,28
1015,0,0,372,504,-132,0.0,25
1015,1,1,487,462,25,1.0,23
1023,0,0,429,577,-148,0.0,27
1023,1,1,506,429,77,1.0,22
1031,0,0,460,512,-52,0.0,22
1031,1,1,332,393,-61,0.0,26
1039,0,0,379,445,-66,0.0,31
1039,1,1,481,352,129,1.0,28
1047,0,0,469,475,-6,0.0,23
1047,1,1,425,367,58,1.0,25
1055,0,0,534,543,-9,0.0,22
1055,1,1,448,357,91,1.0,24
1063,0,0,427,367,60,1.0,26
1063,1,1,428,467,-39,0.0,23
1071,0,0,473,403,70,1.0,29
1071,1,1,405,347,58,1.0,27
1079,0,0,344,508,-164,0.0,21
1079,1,1,546,374,172,1.0,23
1087,0,0,462,365,97,1.0,23
1087,1,1,432,501,-69,0.0,23
1095,0,0,400,429,-29,0.0,24
1095,1,1,417,464,-47,0.0,26
1103,0,0,497,426,71,1.0,27
1103,1,1,510,455,55,1.0,24
1111,0,0,361,543,-182,0.0,24
1111,1,1,478,386,92,1.0,23
1119,0,0,401,482,-81,0.0,24
1119,1,1,485,402,83,1.0,25
1127,0,0,478,409,69,1.0,23
1127,1,1,452,439,13,1.0,25
1135,0,0,405,476,-71,0.0,21
1135,1,1,376,572,-196,0.0,20
1143,0,0,336,556,-220,0.0,26
1143,1,1,462,478,-16,0.0,31
1151,0,0,531,377,154,1.0,25
1151,1,1,441,429,12,1.0,26
1159,0,0,540,501,39,1.0,23
1159,1,1,441,442,-1,0.0,23
1167,0,0,385,450,-65,0.0,27
1167,1,1,429,422,7,1.0,24
1175,0,0,467,400,67,1.0,23
1175,1,1,433,491,-58,0.0,23
1183,0,0,444,428,16,1.0,25
1183,1,1,443,332,111,1.0,30
1191,0,0,400,455,-55,0.0,26
1191,1,1,417,500,-83,0.0,25
1199,0,0,426,409,17,1.0,24
1199,1,1,320,504,-184,0.0,24
1207,0,0,348,399,-51,0.0,31
1207,1,1,432,294,138,1.0,28
1215,0,0,487,407,80,1.0,25
1215,1,1,389,524,-135,0.0,27
1223,0,0,435,487,-52,0.0,23
1223,1,1,489,417,72,1.0,23
1231,0,0,471,380,91,1.0,24
1231,1,1,469,487,-18,0.0,26
1239,0,0,376,414,-38,0.0,29
1239,1,1,449,405,44,1.0,28
1247,0,0,498,311,187,1.0,24
1247,1,1,430,494,-64,0.0,22
1255,0,0,407,513,-106,0.0,21
1255,1,1,511,509,2,1.0,22
1263,0,0,455,394,61,1.0,26
1263,1,1,326,428,-102,0.0,30
1271,0,0,480,518,-38,0.0,24
1271,1,1,497,385,112,1.0,29
1279,0,0,476,534,-58,0.0,25
1279,1,1,497,435,62,1.0,25
1287,0,0,383,441,-58,0.0,25
1287,1,1,370,374,-4,0.0,35
1295,0,0,395,345,50,1.0,31
1295,1,1,424,441,-17,0.0,26
1303,0,0,531,424,107,1.0,24
1303,1,1,399,443,-44,0.0,22
1311,0,0,483,471,12,1.0,25
1311,1,1,486,472,14,1.0,23
1319,0,0,499,383,116,1.0,22
1319,1,1,428,466,-38,0.0,24
1327,0,0,431,499,-68,0.0,23
1327,1,1,515,533,-18,0.0,22
1335,0,0,413,400,13,1.0,27
1335,1,1,360,385,-25,0.0,26
1343,0,0,417,379,38,1.0,25
1343,1,1,501,412,89,1.0,22
1351,0,0,384,519,-135,0.0,24
1351,1,1,536,440,96,1.0,20
1359,0,0,402,385,17,1.0,28
1359,1,1,493,450,43,1.0,22
1367,0,0,500,454,46,1.0,22
1367,1,1,425,476,-51,0.0,22
1375,0,0,321,544,-223,0.0,27
1375,1,1,456,464,-8,0.0,27
1383,0,0,385,353,32,1.0,42
1383,1,1,412,401,11,1.0,28
1391,0,0,433,566,-133,0.0,25
1391,1,1,460,375,85,1.0,30
1399,0,0,351,510,-159,0.0,27
1399,1,1,496,367,129,1.0,24
1407,0,0,476,463,13,1.0,25
1407,1,1,443,447,-4,0.0,26
1415,0,0,312,439,-127,0.0,24
1415,1,1,412,324,88,1.0,25
1423,0,0,434,429,5,1.0,27
1423,1,1,458,350,108,1.0,27
1431,0,0,422,394,28,1.0,26
1431,1,1,475,522,-47,0.0,24
1439,0,0,513,397,116,1.0,23
1439,1,1,493,383,110,1.0,25
1447,0,0,522,489,33,1.0,21
1447,1,1,405,389,16,1.0,25
1455,0,0,388,433,-45,0.0,24
1455,1,1,449,407,42,1.0,29
1463,0,0,437,546,-109,0.0,21
1463,1,1,559,414,145,1.0,23
1471,0,0,365,539,-174,0.0,21
1471,1,1,563,268,295,1.0,23
1479,0,0,470,507,-37,0.0,20
1479,1,1,575,488,87,1.0,21
1487,0,0,395,412,-17,0.0,24
1487,1,1,447,406,41,1.0,24
1495,0,0,446,398,48,1.0,25
1495,1,1,429,345,84,1.0,26
1503,0,0,392,360,32,1.0,31
1503,1,1,302,399,-97,0.0,33
1511,0,0,328,459,-131,0.0,21
1511,1,1,491,377,114,1.0,27
1519,0,0,394,533,-139,0.0,24
1519,1,1,512,405,107,1.0,25
1527,0,0,470,368,102,1.0,26
1527,1,1,429,371,58,1.0,30
1535,0,0,439,499,-60,0.0,21
1535,1,1,505,397,108,1.0,29
1543,0,0,566,340,226,1.0,22
1543,1,1,341,530,-189,0.0,27
1551,0,0,342,542,-200,0.0,26
1551,1,1,597,522,75,1.0,19
1559,0,0,420,543,-123,0.0,22
1559,1,1,466,462,4,1.0,24
1567,0,0,588,406,182,1.0,20
1567,1,1,460,426,34,1.0,26
1575,0,0,527,286,241,1.0,27
1575,1,1,284,491,-207,0.0,28
1583,0,0,397,496,-99,0.0,29
1583,1,1,354,403,-49,0.0,30
1591,0,0,461,420,41,1.0,22
1591,1,1,440,443,-3,0.0,25
1599,0,0,467,360,107,1.0,25
1599,1,1,379,549,-170,0.0,24
1607,0,0,505,362,143,1.0,25
1607,1,1,338,547,-209,0.0,24
1615,0,0,504,415,89,1.0,23
1615,1,1,464,490,-26,0.0,23
1623,0,0,457,499,-42,0.0,26
1623,1,1,549,404,145,1.0,23
1631,0,0,418,532,-114,0.0,28
1631,1,1,451,311,140,1.0,32
1639,0,0,461,355,106,1.0,28
1639,1,1,494,422,72,1.0,21
1647,0,0,404,465,-61,0.0,22
1647,1,1,469,643,-174,0.0,24
1655,0,0,458,487,-29,0.0,23
1655,1,1,438,454,-16,0.0,24
1663,0,0,434,453,-19,0.0,27
1663,1,1,468,368,100,1.0,23
1671,0,0,437,428,9,1.0,22
1671,1,1,392,491,-99,0.0,24
1679,0,0,378,442,-64,0.0,24
1679,1,1,441,417,24,1.0,23
1687,0,0,474,419,55,1.0,21
1687,1,1,428,406,22,1.0,29
1695,0,0,488,405,83,1.0,22
1695,1,1,509,376,133,1.0,23
1703,0,0,507,369,138,1.0,22
1703,1,1,259,491,-232,0.0,28
1711,0,0,341,440,-99,0.0,22
1711,1,1,422,419,3,1.0,34
1719,0,0,478,437,41,1.0,30
1719,1,1,430,427,3,1.0,25
1727,0,0,540,460,80,1.0,26
1727,1,1,413,497,-84,0.0,24
1735,0,0,452,464,-12,0.0,23
1735,1,1,532,330,202,1.0,28
1743,0,0,366,443,-77,0.0,26
1743,1,1,442,443,-1,0.0,23
1751,0,0,501,471,30,1.0,23
1751,1,1,333,480,-147,0.0,25
1759,0,0,347,541,-194,0.0,21
1759,1,1,526,334,192,1.0,23
1767,0,0,441,451,-10,0.0,25
1767,1,1,412,406,6,1.0,29
1775,0,0,470,449,21,1.0,22
1775,1,1,436,467,-31,0.0,25
1783,0,0,562,455,107,1.0,23
1783,1,1,372,613,-241,0.0,20
1791,0,0,403,602,-199,0.0,24
1791,1,1,505,412,93,1.0,23
1799,0,0,396,394,2,1.0,23
1799,1,1,367,444,-77,0.0,30
1807,0,0,444,409,35,1.0,26
1807,1,1,441,376,65,1.0,25
1815,0,0,422,466,-44,0.0,23
1815,1,1,457,463,-6,0.0,23
1823,0,0,384,478,-94,0.0,24
1823,1,1,532,450,82,1.0,23
1831,0,0,603,378,225,1.0,20
1831,1,1,497,446,51,1.0,23
1839,0,0,432,470,-38,0.0,23
1839,1,1,440,415,25,1.0,21
1847,0,0,358,451,-93,0.0,26
1847,1,1,464,382,82,1.0,23
1855,0,0,417,430,-13,0.0,22
1855,1,1,398,412,-14,0.0,21
1863,0,0,482,439,43,1.0,24
1863,1,1,391,439,-48,0.0,22
1871,0,0,547,454,93,1.0,22
1871,1,1,518,435,83,1.0,27
1879,0,0,435,412,23,1.0,24
1879,1,1,378,479,-101,0.0,24
1887,0,0,473,433,40,1.0,22
1887,1,1,448,440,8,1.0,27
1895,0,0,443,431,12,1.0,24
1895,1,1,481,359,122,1.0,22
1903,0,0,486,440,46,1.0,25
1903,1,1,482,386,96,1.0,21
1911,0,0,383,496,-113,0.0,21
1911,1,1,467,458,9,1.0,23
1919,0,0,385,444,-59,0.0,25
1919,1,1,427,470,-43,0.0,23
1927,0,0,487,510,-23,0.0,24
1927,1,1,555,392,163,1.0,23
1935,0,0,395,497,-102,0.0,21
1935,1,1,528,506,22,1.0,23
1943,0,0,453,444,9,1.0,22
1943,1,1,441,453,-12,0.0,30
1951,0,0,450,437,13,1.0,29
1951,1,1,419,467,-48,0.0,24
1959,0,0,394,494,-100,0.0,21
1959,1,1,466,389,77,1.0,19
1967,0,0,304,455,-151,0.0,27
1967,1,1,486,350,136,1.0,24
1975,0,0,497,342,155,1.0,23
1975,1,1,391,494,-103,0.0,23
1983,0,0,487,418,69,1.0,26
1983,1,1,458,444,14,1.0,22
1991,0,0,369,470,-101,0.0,25
1991,1,1,382,468,-86,0.0,28
1999,0,0,487,516,-29,0.0,21
1999,1,1,463,406,57,1.0,23
