pair,game,a_seat,a_score,b_score,a_spread,a_win,turns
0,0,0,509,497,12,1.0,19
0,1,1,505,406,99,1.0,23
8,0,0,477,429,48,1.0,27
8,1,1,424,577,-153,0.0,21
16,0,0,392,400,-8,0.0,24
16,1,1,541,379,162,1.0,22
24,0,0,404,454,-50,0.0,23
24,1,1,434,422,12,1.0,25
32,0,0,455,390,65,1.0,23
32,1,1,438,440,-2,0.0,22
40,0,0,407,428,-21,0.0,24
40,1,1,502,379,123,1.0,22
48,0,0,530,376,154,1.0,24
48,1,1,356,457,-101,0.0,24
56,0,0,454,430,24,1.0,21
56,1,1,441,448,-7,0.0,23
64,0,0,537,394,143,1.0,19
64,1,1,366,484,-118,0.0,25
72,0,0,421,508,-87,0.0,23
72,1,1,531,404,127,1.0,21
80,0,0,420,492,-72,0.0,25
80,1,1,406,439,-33,0.0,25
88,0,0,440,471,-31,0.0,25
88,1,1,475,410,65,1.0,26
96,0,0,459,481,-22,0.0,22
96,1,1,464,404,60,1.0,24
104,0,0,405,476,-71,0.0,22
104,1,1,496,367,129,1.0,26
112,0,0,465,416,49,1.0,25
112,1,1,463,336,127,1.0,26
120,0,0,361,562,-201,0.0,22
120,1,1,609,376,233,1.0,20
128,0,0,509,450,59,1.0,24
128,1,1,441,482,-41,0.0,24
136,0,0,418,482,-64,0.0,23
136,1,1,447,417,30,1.0,24
144,0,0,531,433,98,1.0,22
144,1,1,431,532,-101,0.0,25
152,0,0,405,523,-118,0.0,22
152,1,1,520,336,184,1.0,25
160,0,0,487,449,38,1.0,21
160,1,1,392,531,-139,0.0,22
168,0,0,592,339,253,1.0,22
168,1,1,454,486,-32,0.0,21
176,0,0,342,455,-113,0.0,24
176,1,1,457,421,36,1.0,22
184,0,0,513,462,51,1.0,22
184,1,1,525,414,111,1.0,21
192,0,0,508,468,40,1.0,24
192,1,1,436,460,-24,0.0,22
200,0,0,491,530,-39,0.0,25
200,1,1,440,504,-64,0.0,22
208,0,0,477,495,-18,0.0,23
208,1,1,427,452,-25,0.0,22
216,0,0,466,330,136,1.0,24
216,1,1,434,422,12,1.0,21
224,0,0,573,343,230,1.0,19
224,1,1,373,460,-87,0.0,24
232,0,0,401,538,-137,0.0,20
232,1,1,453,414,39,1.0,21
240,0,0,482,502,-20,0.0,25
240,1,1,504,441,63,1.0,21
248,0,0,490,408,82,1.0,21
248,1,1,396,526,-130,0.0,19
256,0,0,491,328,163,1.0,28
256,1,1,363,454,-91,0.0,24
264,0,0,514,315,199,1.0,29
264,1,1,305,551,-246,0.0,23
272,0,0,518,405,113,1.0,21
272,1,1,459,445,14,1.0,23
280,0,0,454,487,-33,0.0,24
280,1,1,454,404,50,1.0,22
288,0,0,501,409,92,1.0,27
288,1,1,458,503,-45,0.0,24
296,0,0,522,447,75,1.0,21
296,1,1,422,545,-123,0.0,24
304,0,0,456,474,-18,0.0,23
304,1,1,425,459,-34,0.0,22
312,0,0,606,329,277,1.0,21
312,1,1,451,561,-110,0.0,23
320,0,0,459,353,106,1.0,23
320,1,1,461,468,-7,0.0,24
328,0,0,448,463,-15,0.0,26
328,1,1,491,496,-5,0.0,20
336,0,0,489,433,56,1.0,24
336,1,1,550,425,125,1.0,22
344,0,0,498,474,24,1.0,21
344,1,1,468,537,-69,0.0,25
352,0,0,422,498,-76,0.0,25
352,1,1,500,417,83,1.0,20
360,0,0,494,360,134,1.0,25
360,1,1,386,472,-86,0.0,23
368,0,0,483,456,27,1.0,21
368,1,1,472,361,111,1.0,24
376,0,0,614,539,75,1.0,18
376,1,1,521,473,48,1.0,17
384,0,0,495,444,51,1.0,23
384,1,1,473,378,95,1.0,26
392,0,0,488,371,117,1.0,19
392,1,1,408,495,-87,0.0,20
400,0,0,544,417,127,1.0,23
400,1,1,483,467,16,1.0,23
408,0,0,521,414,107,1.0,25
408,1,1,406,468,-62,0.0,22
416,0,0,407,470,-63,0.0,25
416,1,1,433,403,30,1.0,22
424,0,0,487,374,113,1.0,22
424,1,1,332,502,-170,0.0,23
432,0,0,420,453,-33,0.0,21
432,1,1,436,410,26,1.0,22
440,0,0,442,499,-57,0.0,22
440,1,1,502,406,96,1.0,20
448,0,0,489,496,-7,0.0,23
448,1,1,391,447,-56,0.0,22
456,0,0,432,474,-42,0.0,21
456,1,1,452,441,11,1.0,27
464,0,0,537,344,193,1.0,25
464,1,1,345,445,-100,0.0,25
472,0,0,437,511,-74,0.0,19
472,1,1,478,471,7,1.0,23
480,0,0,366,495,-129,0.0,27
480,1,1,555,318,237,1.0,28
488,0,0,320,470,-150,0.0,28
488,1,1,491,357,134,1.0,22
496,0,0,347,444,-97,0.0,25
496,1,1,442,368,74,1.0,24
504,0,0,422,396,26,1.0,23
504,1,1,481,343,138,1.0,22
512,0,0,473,304,169,1.0,25
512,1,1,343,392,-49,0.0,24
520,0,0,474,367,107,1.0,24
520,1,1,425,481,-56,0.0,22
528,0,0,462,418,44,1.0,21
528,1,1,435,484,-49,0.0,22
536,0,0,415,444,-29,0.0,21
536,1,1,523,434,89,1.0,22
544,0,0,455,411,44,1.0,21
544,1,1,408,422,-14,0.0,21
552,0,0,388,450,-62,0.0,24
552,1,1,432,423,9,1.0,24
560,0,0,383,415,-32,0.0,22
560,1,1,442,295,147,1.0,22
568,0,0,419,429,-10,0.0,22
568,1,1,459,398,61,1.0,25
576,0,0,331,471,-140,0.0,20
576,1,1,437,438,-1,0.0,22
584,0,0,532,458,74,1.0,21
584,1,1,504,429,75,1.0,22
592,0,0,395,489,-94,0.0,22
592,1,1,527,394,133,1.0,22
600,0,0,376,450,-74,0.0,32
600,1,1,393,410,-17,0.0,22
608,0,0,346,502,-156,0.0,25
608,1,1,476,443,33,1.0,23
616,0,0,522,365,157,1.0,21
616,1,1,420,482,-62,0.0,24
624,0,0,402,492,-90,0.0,25
624,1,1,623,361,262,1.0,24
632,0,0,476,485,-9,0.0,22
632,1,1,523,411,112,1.0,21
640,0,0,435,520,-85,0.0,20
640,1,1,529,488,41,1.0,20
648,0,0,527,555,-28,0.0,20
648,1,1,465,414,51,1.0,23
656,0,0,488,468,20,1.0,20
656,1,1,435,548,-113,0.0,22
664,0,0,549,377,172,1.0,24
664,1,1,568,435,133,1.0,23
672,0,0,489,445,44,1.0,20
672,1,1,345,435,-90,0.0,25
680,0,0,336,500,-164,0.0,24
680,1,1,388,452,-64,0.0,25
688,0,0,479,429,50,1.0,24
688,1,1,431,474,-43,0.0,23
696,0,0,429,585,-156,0.0,21
696,1,1,493,449,44,1.0,20
704,0,0,484,435,49,1.0,28
704,1,1,329,426,-97,0.0,22
712,0,0,509,383,126,1.0,24
712,1,1,544,388,156,1.0,21
720,0,0,464,429,35,1.0,24
720,1,1,483,400,83,1.0,23
728,0,0,551,395,156,1.0,23
728,1,1,377,602,-225,0.0,23
736,0,0,434,457,-23,0.0,23
736,1,1,459,410,49,1.0,23
744,0,0,499,448,51,1.0,23
744,1,1,430,548,-118,0.0,21
752,0,0,495,397,98,1.0,23
752,1,1,457,400,57,1.0,28
760,0,0,474,541,-67,0.0,23
760,1,1,464,513,-49,0.0,23
768,0,0,400,514,-114,0.0,23
768,1,1,501,372,129,1.0,24
776,0,0,445,392,53,1.0,23
776,1,1,394,565,-171,0.0,21
784,0,0,446,504,-58,0.0,20
784,1,1,458,460,-2,0.0,25
792,0,0,396,438,-42,0.0,23
792,1,1,409,425,-16,0.0,22
800,0,0,526,423,103,1.0,19
800,1,1,478,521,-43,0.0,23
808,0,0,476,414,62,1.0,22
808,1,1,398,449,-51,0.0,21
816,0,0,408,552,-144,0.0,22
816,1,1,508,397,111,1.0,22
824,0,0,363,504,-141,0.0,24
824,1,1,484,399,85,1.0,22
832,0,0,472,394,78,1.0,23
832,1,1,374,366,8,1.0,22
840,0,0,484,450,34,1.0,23
840,1,1,468,363,105,1.0,23
848,0,0,393,500,-107,0.0,22
848,1,1,463,432,31,1.0,24
856,0,0,509,468,41,1.0,23
856,1,1,429,418,11,1.0,23
864,0,0,494,411,83,1.0,21
864,1,1,452,487,-35,0.0,21
872,0,0,557,412,145,1.0,23
872,1,1,556,547,9,1.0,20
880,0,0,450,431,19,1.0,24
880,1,1,479,473,6,1.0,22
888,0,0,427,373,54,1.0,24
888,1,1,456,464,-8,0.0,21
896,0,0,586,413,173,1.0,22
896,1,1,553,397,156,1.0,19
904,0,0,340,494,-154,0.0,23
904,1,1,480,316,164,1.0,23
912,0,0,472,377,95,1.0,22
912,1,1,449,489,-40,0.0,21
920,0,0,430,562,-132,0.0,25
920,1,1,438,424,14,1.0,25
928,0,0,452,435,17,1.0,23
928,1,1,568,476,92,1.0,22
936,0,0,443,304,139,1.0,22
936,1,1,336,451,-115,0.0,25
944,0,0,462,431,31,1.0,30
944,1,1,432,373,59,1.0,22
952,0,0,494,434,60,1.0,23
952,1,1,393,473,-80,0.0,23
960,0,0,597,411,186,1.0,23
960,1,1,346,396,-50,0.0,25
968,0,0,496,406,90,1.0,23
968,1,1,439,585,-146,0.0,20
976,0,0,464,449,15,1.0,23
976,1,1,545,466,79,1.0,20
984,0,0,499,376,123,1.0,20
984,1,1,393,544,-151,0.0,19
992,0,0,461,420,41,1.0,23
992,1,1,472,416,56,1.0,21
1000,0,0,441,474,-33,0.0,21
1000,1,1,488,545,-57,0.0,21
1008,0,0,484,373,111,1.0,21
1008,1,1,379,405,-26,0.0,26
1016,0,0,439,321,118,1.0,25
1016,1,1,463,305,158,1.0,24
1024,0,0,532,449,83,1.0,25
1024,1,1,429,408,21,1.0,22
1032,0,0,449,458,-9,0.0,23
1032,1,1,466,522,-56,0.0,25
1040,0,0,391,408,-17,0.0,23
1040,1,1,547,353,194,1.0,25
1048,0,0,403,576,-173,0.0,21
1048,1,1,491,478,13,1.0,22
1056,0,0,467,468,-1,0.0,21
1056,1,1,474,421,53,1.0,19
1064,0,0,317,472,-155,0.0,21
1064,1,1,482,410,72,1.0,27
1072,0,0,491,390,101,1.0,23
1072,1,1,453,461,-8,0.0,24
1080,0,0,352,499,-147,0.0,22
1080,1,1,497,336,161,1.0,20
1088,0,0,573,446,127,1.0,22
1088,1,1,419,534,-115,0.0,24
1096,0,0,426,468,-42,0.0,21
1096,1,1,420,411,9,1.0,23
1104,0,0,405,450,-45,0.0,22
1104,1,1,550,435,115,1.0,23
1112,0,0,436,558,-122,0.0,22
1112,1,1,484,446,38,1.0,22
1120,0,0,384,391,-7,0.0,23
1120,1,1,388,400,-12,0.0,25
1128,0,0,410,469,-59,0.0,25
1128,1,1,445,445,0,0.5,27
1136,0,0,458,490,-32,0.0,23
1136,1,1,484,323,161,1.0,24
1144,0,0,549,304,245,1.0,21
1144,1,1,378,543,-165,0.0,23
1152,0,0,495,441,54,1.0,23
1152,1,1,461,489,-28,0.0,21
1160,0,0,473,461,12,1.0,26
1160,1,1,374,465,-91,0.0,25
1168,0,0,426,427,-1,0.0,23
1168,1,1,471,519,-48,0.0,23
1176,0,0,380,345,35,1.0,26
1176,1,1,495,437,58,1.0,22
1184,0,0,374,517,-143,0.0,18
1184,1,1,462,463,-1,0.0,22
1192,0,0,513,479,34,1.0,22
1192,1,1,453,518,-65,0.0,23
1200,0,0,375,489,-114,0.0,22
1200,1,1,485,352,133,1.0,21
1208,0,0,448,609,-161,0.0,20
1208,1,1,545,382,163,1.0,21
1216,0,0,452,352,100,1.0,26
1216,1,1,367,450,-83,0.0,23
1224,0,0,467,406,61,1.0,19
1224,1,1,447,409,38,1.0,25
1232,0,0,551,423,128,1.0,21
1232,1,1,411,453,-42,0.0,23
1240,0,0,538,429,109,1.0,20
1240,1,1,439,506,-67,0.0,19
1248,0,0,434,405,29,1.0,22
1248,1,1,545,394,151,1.0,22
1256,0,0,424,476,-52,0.0,22
1256,1,1,477,500,-23,0.0,23
1264,0,0,500,417,83,1.0,21
1264,1,1,474,457,17,1.0,24
1272,0,0,541,431,110,1.0,22
1272,1,1,465,562,-97,0.0,19
1280,0,0,493,464,29,1.0,24
1280,1,1,523,476,47,1.0,24
1288,0,0,569,442,127,1.0,24
1288,1,1,461,429,32,1.0,23
1296,0,0,478,412,66,1.0,27
1296,1,1,465,418,47,1.0,25
1304,0,0,508,413,95,1.0,19
1304,1,1,351,496,-145,0.0,27
1312,0,0,605,435,170,1.0,22
1312,1,1,492,463,29,1.0,22
1320,0,0,495,340,155,1.0,25
1320,1,1,372,570,-198,0.0,20
1328,0,0,442,439,3,1.0,23
1328,1,1,461,320,141,1.0,23
1336,0,0,411,465,-54,0.0,26
1336,1,1,498,442,56,1.0,26
1344,0,0,357,520,-163,0.0,22
1344,1,1,453,446,7,1.0,20
1352,0,0,479,372,107,1.0,25
1352,1,1,381,461,-80,0.0,25
1360,0,0,439,410,29,1.0,23
1360,1,1,439,457,-18,0.0,24
1368,0,0,430,426,4,1.0,25
1368,1,1,483,429,54,1.0,24
1376,0,0,466,416,50,1.0,21
1376,1,1,497,453,44,1.0,23
1384,0,0,450,447,3,1.0,27
1384,1,1,497,391,106,1.0,20
1392,0,0,404,520,-116,0.0,21
1392,1,1,411,383,28,1.0,26
1400,0,0,442,400,42,1.0,26
1400,1,1,495,517,-22,0.0,23
1408,0,0,517,436,81,1.0,25
1408,1,1,461,441,20,1.0,23
1416,0,0,315,532,-217,0.0,28
1416,1,1,455,442,13,1.0,21
1424,0,0,535,442,93,1.0,21
1424,1,1,491,528,-37,0.0,20
1432,0,0,391,618,-227,0.0,26
1432,1,1,481,365,116,1.0,23
1440,0,0,423,490,-67,0.0,23
1440,1,1,412,442,-30,0.0,22
1448,0,0,419,470,-51,0.0,27
1448,1,1,434,439,-5,0.0,24
1456,0,0,374,516,-142,0.0,23
1456,1,1,537,421,116,1.0,24
1464,0,0,517,483,34,1.0,20
1464,1,1,481,474,7,1.0,22
1472,0,0,485,347,138,1.0,26
1472,1,1,372,542,-170,0.0,25
1480,0,0,413,432,-19,0.0,23
1480,1,1,463,462,1,1.0,22
1488,0,0,426,530,-104,0.0,25
1488,1,1,503,461,42,1.0,23
1496,0,0,450,525,-75,0.0,19
1496,1,1,511,431,80,1.0,20
1504,0,0,467,528,-61,0.0,21
1504,1,1,393,414,-21,0.0,25
1512,0,0,445,459,-14,0.0,30
1512,1,1,354,501,-147,0.0,25
1520,0,0,337,530,-193,0.0,22
1520,1,1,502,454,48,1.0,22
1528,0,0,457,432,25,1.0,21
1528,1,1,453,447,6,1.0,19
1536,0,0,471,501,-30,0.0,22
1536,1,1,465,342,123,1.0,25
1544,0,0,499,445,54,1.0,21
1544,1,1,493,470,23,1.0,22
1552,0,0,427,485,-58,0.0,24
1552,1,1,502,459,43,1.0,22
1560,0,0,441,448,-7,0.0,23
1560,1,1,432,415,17,1.0,22
1568,0,0,565,462,103,1.0,20
1568,1,1,553,420,133,1.0,23
1576,0,0,419,449,-30,0.0,25
1576,1,1,501,501,0,0.5,20
1584,0,0,403,502,-99,0.0,22
1584,1,1,450,456,-6,0.0,22
1592,0,0,535,281,254,1.0,28
1592,1,1,383,371,12,1.0,26
1600,0,0,444,524,-80,0.0,24
1600,1,1,483,416,67,1.0,22
1608,0,0,496,437,59,1.0,24
1608,1,1,492,460,32,1.0,21
1616,0,0,421,360,61,1.0,24
1616,1,1,406,479,-73,0.0,25
1624,0,0,419,475,-56,0.0,24
1624,1,1,425,413,12,1.0,23
1632,0,0,429,484,-55,0.0,26
1632,1,1,539,419,120,1.0,24
1640,0,0,408,416,-8,0.0,26
1640,1,1,488,456,32,1.0,24
1648,0,0,462,407,55,1.0,24
1648,1,1,420,459,-39,0.0,26
1656,0,0,410,450,-40,0.0,26
1656,1,1,428,430,-2,0.0,23
1664,0,0,411,401,10,1.0,24
1664,1,1,407,596,-189,0.0,21
1672,0,0,439,379,60,1.0,24
1672,1,1,420,522,-102,0.0,24
1680,0,0,378,563,-185,0.0,22
1680,1,1,461,394,67,1.0,20
1688,0,0,469,469,0,0.5,23
1688,1,1,395,443,-48,0.0,23
1696,0,0,467,437,30,1.0,21
1696,1,1,517,375,142,1.0,24
1704,0,0,435,408,27,1.0,24
1704,1,1,471,384,87,1.0,25
1712,0,0,395,381,14,1.0,27
1712,1,1,518,410,108,1.0,24
1720,0,0,492,434,58,1.0,25
1720,1,1,505,436,69,1.0,23
1728,0,0,508,372,136,1.0,24
1728,1,1,460,398,62,1.0,22
1736,0,0,524,445,79,1.0,22
1736,1,1,447,483,-36,0.0,22
1744,0,0,476,437,39,1.0,25
1744,1,1,521,488,33,1.0,25
1752,0,0,359,462,-103,0.0,25
1752,1,1,513,359,154,1.0,23
1760,0,0,489,396,93,1.0,23
1760,1,1,481,389,92,1.0,24
1768,0,0,430,483,-53,0.0,23
1768,1,1,442,476,-34,0.0,20
1776,0,0,475,474,1,1.0,24
1776,1,1,441,487,-46,0.0,27
1784,0,0,480,526,-46,0.0,24
1784,1,1,376,484,-108,0.0,29
1792,0,0,544,375,169,1.0,21
1792,1,1,428,567,-139,0.0,23
1800,0,0,448,394,54,1.0,23
1800,1,1,457,412,45,1.0,25
1808,0,0,476,482,-6,0.0,22
1808,1,1,463,414,49,1.0,24
1816,0,0,571,431,140,1.0,23
1816,1,1,400,522,-122,0.0,20
1824,0,0,415,481,-66,0.0,26
1824,1,1,416,402,14,1.0,23
1832,0,0,446,494,-48,0.0,21
1832,1,1,431,504,-73,0.0,21
1840,0,0,447,438,9,1.0,23
1840,1,1,470,364,106,1.0,21
1848,0,0,443,310,133,1.0,25
1848,1,1,435,468,-33,0.0,24
1856,0,0,410,450,-40,0.0,21
1856,1,1,461,439,22,1.0,23
1864,0,0,461,462,-1,0.0,23
1864,1,1,424,347,77,1.0,21
1872,0,0,448,419,29,1.0,26
1872,1,1,406,426,-20,0.0,23
1880,0,0,411,610,-199,0.0,20
1880,1,1,550,489,61,1.0,19
1888,0,0,453,514,-61,0.0,30
1888,1,1,431,435,-4,0.0,21
1896,0,0,472,460,12,1.0,24
1896,1,1,396,485,-89,0.0,21
1904,0,0,391,446,-55,0.0,23
1904,1,1,415,413,2,1.0,21
1912,0,0,423,382,41,1.0,24
1912,1,1,372,500,-128,0.0,19
1920,0,0,364,495,-131,0.0,22
1920,1,1,414,417,-3,0.0,22
1928,0,0,586,432,154,1.0,20
1928,1,1,415,549,-134,0.0,25
1936,0,0,477,367,110,1.0,25
1936,1,1,385,474,-89,0.0,23
1944,0,0,555,371,184,1.0,23
1944,1,1,504,356,148,1.0,26
1952,0,0,384,483,-99,0.0,24
1952,1,1,396,434,-38,0.0,22
1960,0,0,504,404,100,1.0,20
1960,1,1,378,552,-174,0.0,22
1968,0,0,473,397,76,1.0,25
1968,1,1,467,516,-49,0.0,22
1976,0,0,430,435,-5,0.0,24
1976,1,1,382,394,-12,0.0,24
1984,0,0,452,387,65,1.0,20
1984,1,1,386,446,-60,0.0,25
1992,0,0,557,412,145,1.0,23
1992,1,1,426,438,-12,0.0,23
pair,game,a_seat,a_score,b_score,a_spread,a_win,turns
1,0,0,447,533,-86,0.0,22
1,1,1,524,536,-12,0.0,21
9,0,0,446,360,86,1.0,22
9,1,1,386,446,-60,0.0,23
17,0,0,442,507,-65,0.0,18
17,1,1,516,437,79,1.0,22
25,0,0,513,361,152,1.0,21
25,1,1,310,404,-94,0.0,24
33,0,0,515,516,-1,0.0,21
33,1,1,513,485,28,1.0,21
41,0,0,489,464,25,1.0,24
41,1,1,444,560,-116,0.0,21
49,0,0,365,360,5,1.0,25
49,1,1,474,375,99,1.0,22
57,0,0,454,407,47,1.0,22
57,1,1,382,506,-124,0.0,20
65,0,0,472,403,69,1.0,22
65,1,1,360,378,-18,0.0,40
73,0,0,446,406,40,1.0,23
73,1,1,452,446,6,1.0,24
81,0,0,506,482,24,1.0,21
81,1,1,469,496,-27,0.0,21
89,0,0,457,386,71,1.0,21
89,1,1,406,505,-99,0.0,23
97,0,0,379,400,-21,0.0,22
97,1,1,439,390,49,1.0,22
105,0,0,426,385,41,1.0,22
105,1,1,494,470,24,1.0,23
113,0,0,469,365,104,1.0,26
113,1,1,393,381,12,1.0,22
121,0,0,369,426,-57,0.0,23
121,1,1,398,440,-42,0.0,24
129,0,0,426,434,-8,0.0,25
129,1,1,418,471,-53,0.0,26
137,0,0,437,520,-83,0.0,22
137,1,1,530,351,179,1.0,22
145,0,0,463,565,-102,0.0,21
145,1,1,578,418,160,1.0,19
153,0,0,506,345,161,1.0,25
153,1,1,422,432,-10,0.0,25
161,0,0,388,409,-21,0.0,26
161,1,1,458,413,45,1.0,26
169,0,0,520,487,33,1.0,20
169,1,1,481,491,-10,0.0,23
177,0,0,385,629,-244,0.0,19
177,1,1,582,450,132,1.0,20
185,0,0,493,461,32,1.0,24
185,1,1,444,414,30,1.0,21
193,0,0,501,496,5,1.0,23
193,1,1,496,480,16,1.0,23
201,0,0,476,548,-72,0.0,22
201,1,1,517,441,76,1.0,22
209,0,0,428,371,57,1.0,23
209,1,1,408,389,19,1.0,23
217,0,0,452,430,22,1.0,22
217,1,1,540,412,128,1.0,19
225,0,0,322,474,-152,0.0,23
225,1,1,559,459,100,1.0,24
233,0,0,532,463,69,1.0,22
233,1,1,488,499,-11,0.0,24
241,0,0,401,503,-102,0.0,23
241,1,1,490,430,60,1.0,23
249,0,0,511,415,96,1.0,25
249,1,1,412,485,-73,0.0,23
257,0,0,415,436,-21,0.0,25
257,1,1,440,361,79,1.0,27
265,0,0,470,388,82,1.0,24
265,1,1,438,403,35,1.0,23
273,0,0,398,460,-62,0.0,22
273,1,1,461,469,-8,0.0,22
281,0,0,469,373,96,1.0,21
281,1,1,475,432,43,1.0,21
289,0,0,432,399,33,1.0,26
289,1,1,518,428,90,1.0,22
297,0,0,479,337,142,1.0,24
297,1,1,466,512,-46,0.0,22
305,0,0,439,403,36,1.0,21
305,1,1,399,436,-37,0.0,22
313,0,0,537,424,113,1.0,24
313,1,1,470,504,-34,0.0,25
321,0,0,405,403,2,1.0,25
321,1,1,445,484,-39,0.0,22
329,0,0,473,456,17,1.0,24
329,1,1,490,326,164,1.0,25
337,0,0,566,433,133,1.0,21
337,1,1,448,427,21,1.0,23
345,0,0,415,379,36,1.0,23
345,1,1,412,347,65,1.0,23
353,0,0,387,458,-71,0.0,22
353,1,1,410,457,-47,0.0,26
361,0,0,462,482,-20,0.0,24
361,1,1,426,412,14,1.0,27
369,0,0,452,451,1,1.0,25
369,1,1,364,555,-191,0.0,20
377,0,0,424,480,-56,0.0,23
377,1,1,412,421,-9,0.0,24
385,0,0,452,440,12,1.0,24
385,1,1,462,423,39,1.0,24
393,0,0,432,522,-90,0.0,24
393,1,1,454,363,91,1.0,24
401,0,0,444,501,-57,0.0,21
401,1,1,515,449,66,1.0,21
409,0,0,445,470,-25,0.0,23
409,1,1,456,364,92,1.0,24
417,0,0,384,463,-79,0.0,26
417,1,1,427,405,22,1.0,23
425,0,0,413,398,15,1.0,22
425,1,1,439,472,-33,0.0,18
433,0,0,334,572,-238,0.0,24
433,1,1,591,485,106,1.0,22
441,0,0,539,416,123,1.0,21
441,1,1,433,537,-104,0.0,24
449,0,0,507,409,98,1.0,22
449,1,1,499,438,61,1.0,22
457,0,0,510,401,109,1.0,24
457,1,1,453,429,24,1.0,22
465,0,0,451,479,-28,0.0,21
465,1,1,429,460,-31,0.0,22
473,0,0,388,520,-132,0.0,22
473,1,1,457,341,116,1.0,22
481,0,0,480,486,-6,0.0,22
481,1,1,498,482,16,1.0,23
489,0,0,453,426,27,1.0,32
489,1,1,544,316,228,1.0,21
497,0,0,571,396,175,1.0,20
497,1,1,461,468,-7,0.0,22
505,0,0,532,452,80,1.0,19
505,1,1,498,450,48,1.0,23
513,0,0,329,605,-276,0.0,27
513,1,1,524,400,124,1.0,21
521,0,0,424,450,-26,0.0,21
521,1,1,399,483,-84,0.0,22
529,0,0,504,456,48,1.0,22
529,1,1,404,503,-99,0.0,21
537,0,0,480,530,-50,0.0,20
537,1,1,433,461,-28,0.0,24
545,0,0,434,383,51,1.0,24
545,1,1,489,364,125,1.0,25
553,0,0,441,437,4,1.0,26
553,1,1,455,411,44,1.0,22
561,0,0,339,484,-145,0.0,27
561,1,1,418,381,37,1.0,23
569,0,0,575,375,200,1.0,21
569,1,1,319,552,-233,0.0,27
577,0,0,404,390,14,1.0,24
577,1,1,460,429,31,1.0,22
585,0,0,494,356,138,1.0,24
585,1,1,405,500,-95,0.0,24
593,0,0,433,430,3,1.0,24
593,1,1,444,328,116,1.0,25
601,0,0,438,436,2,1.0,24
601,1,1,583,345,238,1.0,24
609,0,0,533,409,124,1.0,20
609,1,1,428,426,2,1.0,25
617,0,0,410,473,-63,0.0,23
617,1,1,396,451,-55,0.0,22
625,0,0,415,418,-3,0.0,24
625,1,1,419,517,-98,0.0,22
633,0,0,407,494,-87,0.0,23
633,1,1,475,388,87,1.0,24
641,0,0,534,336,198,1.0,20
641,1,1,452,459,-7,0.0,22
649,0,0,439,430,9,1.0,22
649,1,1,511,434,77,1.0,24
657,0,0,487,520,-33,0.0,21
657,1,1,426,498,-72,0.0,26
665,0,0,432,354,78,1.0,22
665,1,1,480,404,76,1.0,26
673,0,0,477,416,61,1.0,21
673,1,1,385,485,-100,0.0,24
681,0,0,438,460,-22,0.0,20
681,1,1,486,404,82,1.0,21
689,0,0,366,440,-74,0.0,27
689,1,1,487,303,184,1.0,25
697,0,0,504,440,64,1.0,21
697,1,1,420,431,-11,0.0,22
705,0,0,494,409,85,1.0,24
705,1,1,402,431,-29,0.0,22
713,0,0,349,594,-245,0.0,24
713,1,1,445,428,17,1.0,24
721,0,0,413,461,-48,0.0,25
721,1,1,479,451,28,1.0,21
729,0,0,499,382,117,1.0,22
729,1,1,403,453,-50,0.0,26
737,0,0,471,423,48,1.0,24
737,1,1,455,406,49,1.0,24
745,0,0,459,447,12,1.0,23
745,1,1,515,373,142,1.0,25
753,0,0,318,492,-174,0.0,22
753,1,1,438,360,78,1.0,22
761,0,0,497,448,49,1.0,22
761,1,1,465,382,83,1.0,25
769,0,0,417,425,-8,0.0,23
769,1,1,598,410,188,1.0,23
777,0,0,392,505,-113,0.0,24
777,1,1,531,365,166,1.0,27
785,0,0,346,434,-88,0.0,23
785,1,1,466,347,119,1.0,24
793,0,0,472,530,-58,0.0,21
793,1,1,441,491,-50,0.0,22
801,0,0,494,444,50,1.0,24
801,1,1,501,379,122,1.0,24
809,0,0,542,442,100,1.0,22
809,1,1,441,446,-5,0.0,23
817,0,0,468,385,83,1.0,21
817,1,1,393,487,-94,0.0,21
825,0,0,518,533,-15,0.0,20
825,1,1,481,356,125,1.0,21
833,0,0,478,378,100,1.0,24
833,1,1,454,449,5,1.0,19
841,0,0,402,503,-101,0.0,21
841,1,1,445,321,124,1.0,25
849,0,0,486,379,107,1.0,18
849,1,1,547,472,75,1.0,24
857,0,0,399,486,-87,0.0,23
857,1,1,450,469,-19,0.0,25
865,0,0,539,444,95,1.0,21
865,1,1,480,394,86,1.0,25
873,0,0,473,498,-25,0.0,21
873,1,1,446,638,-192,0.0,25
881,0,0,602,358,244,1.0,21
881,1,1,420,553,-133,0.0,23
889,0,0,428,485,-57,0.0,26
889,1,1,414,408,6,1.0,25
897,0,0,538,451,87,1.0,22
897,1,1,532,395,137,1.0,25
905,0,0,454,416,38,1.0,24
905,1,1,483,467,16,1.0,22
913,0,0,515,445,70,1.0,23
913,1,1,372,468,-96,0.0,23
921,0,0,383,412,-29,0.0,25
921,1,1,373,444,-71,0.0,25
929,0,0,463,478,-15,0.0,25
929,1,1,449,452,-3,0.0,27
937,0,0,540,533,7,1.0,21
937,1,1,489,445,44,1.0,22
945,0,0,420,470,-50,0.0,22
945,1,1,475,454,21,1.0,21
953,0,0,331,533,-202,0.0,25
953,1,1,533,373,160,1.0,23
961,0,0,404,419,-15,0.0,22
961,1,1,568,423,145,1.0,23
969,0,0,435,413,22,1.0,24
969,1,1,398,416,-18,0.0,22
977,0,0,432,432,0,0.5,23
977,1,1,395,469,-74,0.0,20
985,0,0,371,441,-70,0.0,28
985,1,1,549,428,121,1.0,21
993,0,0,390,410,-20,0.0,25
993,1,1,527,360,167,1.0,24
1001,0,0,405,374,31,1.0,22
1001,1,1,450,471,-21,0.0,22
1009,0,0,638,343,295,1.0,22
1009,1,1,393,475,-82,0.0,21
1017,0,0,473,408,65,1.0,23
1017,1,1,503,455,48,1.0,24
1025,0,0,470,391,79,1.0,26
1025,1,1,417,461,-44,0.0,22
1033,0,0,406,439,-33,0.0,25
1033,1,1,421,338,83,1.0,24
1041,0,0,396,480,-84,0.0,22
1041,1,1,434,469,-35,0.0,22
1049,0,0,519,386,133,1.0,20
1049,1,1,359,493,-134,0.0,22
1057,0,0,427,405,22,1.0,21
1057,1,1,371,458,-87,0.0,23
1065,0,0,539,348,191,1.0,20
1065,1,1,442,425,17,1.0,23
1073,0,0,389,455,-66,0.0,22
1073,1,1,469,383,86,1.0,22
1081,0,0,620,383,237,1.0,19
1081,1,1,339,605,-266,0.0,24
1089,0,0,449,440,9,1.0,25
1089,1,1,524,433,91,1.0,20
1097,0,0,456,465,-9,0.0,21
1097,1,1,450,486,-36,0.0,21
1105,0,0,448,436,12,1.0,24
1105,1,1,497,446,51,1.0,21
1113,0,0,423,467,-44,0.0,21
1113,1,1,453,513,-60,0.0,21
1121,0,0,436,416,20,1.0,21
1121,1,1,446,464,-18,0.0,24
1129,0,0,437,381,56,1.0,20
1129,1,1,383,550,-167,0.0,20
1137,0,0,412,398,14,1.0,22
1137,1,1,361,493,-132,0.0,25
1145,0,0,416,455,-39,0.0,26
1145,1,1,483,424,59,1.0,22
1153,0,0,435,483,-48,0.0,20
1153,1,1,478,418,60,1.0,23
1161,0,0,444,455,-11,0.0,25
1161,1,1,281,461,-180,0.0,28
1169,0,0,522,412,110,1.0,24
1169,1,1,451,363,88,1.0,24
1177,0,0,479,436,43,1.0,22
1177,1,1,517,459,58,1.0,21
1185,0,0,381,442,-61,0.0,22
1185,1,1,350,533,-183,0.0,26
1193,0,0,443,373,70,1.0,24
1193,1,1,387,386,1,1.0,25
1201,0,0,402,532,-130,0.0,23
1201,1,1,368,470,-102,0.0,22
1209,0,0,435,457,-22,0.0,22
1209,1,1,408,361,47,1.0,22
1217,0,0,473,338,135,1.0,24
1217,1,1,413,510,-97,0.0,23
1225,0,0,485,457,28,1.0,25
1225,1,1,566,436,130,1.0,24
1233,0,0,371,616,-245,0.0,21
1233,1,1,562,464,98,1.0,23
1241,0,0,444,472,-28,0.0,23
1241,1,1,468,454,14,1.0,22
1249,0,0,423,389,34,1.0,27
1249,1,1,505,408,97,1.0,24
1257,0,0,465,380,85,1.0,22
1257,1,1,415,363,52,1.0,26
1265,0,0,373,478,-105,0.0,21
1265,1,1,688,445,243,1.0,23
1273,0,0,413,488,-75,0.0,23
1273,1,1,485,384,101,1.0,26
1281,0,0,401,518,-117,0.0,21
1281,1,1,495,390,105,1.0,21
1289,0,0,411,490,-79,0.0,22
1289,1,1,540,346,194,1.0,22
1297,0,0,467,463,4,1.0,22
1297,1,1,499,343,156,1.0,22
1305,0,0,431,452,-21,0.0,22
1305,1,1,439,515,-76,0.0,21
1313,0,0,374,458,-84,0.0,25
1313,1,1,401,309,92,1.0,25
1321,0,0,531,452,79,1.0,19
1321,1,1,490,472,18,1.0,22
1329,0,0,316,427,-111,0.0,23
1329,1,1,589,346,243,1.0,19
1337,0,0,527,449,78,1.0,20
1337,1,1,438,463,-25,0.0,26
1345,0,0,396,569,-173,0.0,23
1345,1,1,558,392,166,1.0,23
1353,0,0,419,510,-91,0.0,22
1353,1,1,531,392,139,1.0,23
1361,0,0,462,528,-66,0.0,20
1361,1,1,415,484,-69,0.0,20
1369,0,0,425,519,-94,0.0,21
1369,1,1,509,436,73,1.0,21
1377,0,0,473,391,82,1.0,25
1377,1,1,432,505,-73,0.0,25
1385,0,0,526,408,118,1.0,23
1385,1,1,445,503,-58,0.0,23
1393,0,0,437,459,-22,0.0,22
1393,1,1,394,480,-86,0.0,20
1401,0,0,502,475,27,1.0,22
1401,1,1,451,457,-6,0.0,23
1409,0,0,454,444,10,1.0,22
1409,1,1,451,416,35,1.0,21
1417,0,0,446,540,-94,0.0,22
1417,1,1,333,488,-155,0.0,24
1425,0,0,414,431,-17,0.0,23
1425,1,1,425,432,-7,0.0,24
1433,0,0,435,381,54,1.0,25
1433,1,1,469,475,-6,0.0,25
1441,0,0,546,410,136,1.0,31
1441,1,1,426,411,15,1.0,26
1449,0,0,469,548,-79,0.0,22
1449,1,1,460,501,-41,0.0,21
1457,0,0,439,387,52,1.0,26
1457,1,1,420,473,-53,0.0,25
1465,0,0,533,372,161,1.0,24
1465,1,1,345,474,-129,0.0,26
1473,0,0,408,542,-134,0.0,23
1473,1,1,571,408,163,1.0,22
1481,0,0,511,419,92,1.0,21
1481,1,1,445,470,-25,0.0,23
1489,0,0,429,396,33,1.0,24
1489,1,1,342,421,-79,0.0,21
1497,0,0,367,526,-159,0.0,19
1497,1,1,432,423,9,1.0,22
1505,0,0,564,369,195,1.0,22
1505,1,1,378,421,-43,0.0,23
1513,0,0,456,365,91,1.0,24
1513,1,1,453,395,58,1.0,26
1521,0,0,361,505,-144,0.0,23
1521,1,1,584,308,276,1.0,23
1529,0,0,498,567,-69,0.0,21
1529,1,1,527,426,101,1.0,24
1537,0,0,445,401,44,1.0,25
1537,1,1,403,400,3,1.0,24
1545,0,0,492,466,26,1.0,25
1545,1,1,441,508,-67,0.0,22
1553,0,0,364,473,-109,0.0,21
1553,1,1,456,447,9,1.0,21
1561,0,0,346,524,-178,0.0,23
1561,1,1,460,421,39,1.0,23
1569,0,0,367,475,-108,0.0,22
1569,1,1,473,437,36,1.0,22
1577,0,0,400,507,-107,0.0,21
1577,1,1,432,362,70,1.0,23
1585,0,0,420,479,-59,0.0,24
1585,1,1,596,351,245,1.0,22
1593,0,0,461,476,-15,0.0,23
1593,1,1,467,446,21,1.0,22
1601,0,0,318,526,-208,0.0,29
1601,1,1,498,427,71,1.0,23
1609,0,0,419,507,-88,0.0,22
1609,1,1,634,337,297,1.0,21
1617,0,0,356,537,-181,0.0,25
1617,1,1,397,428,-31,0.0,25
1625,0,0,450,470,-20,0.0,18
1625,1,1,468,490,-22,0.0,21
1633,0,0,538,439,99,1.0,18
1633,1,1,489,484,5,1.0,22
1641,0,0,414,493,-79,0.0,23
1641,1,1,588,426,162,1.0,19
1649,0,0,456,480,-24,0.0,25
1649,1,1,443,440,3,1.0,25
1657,0,0,354,506,-152,0.0,23
1657,1,1,495,373,122,1.0,21
1665,0,0,436,431,5,1.0,23
1665,1,1,371,402,-31,0.0,23
1673,0,0,471,458,13,1.0,23
1673,1,1,490,386,104,1.0,27
1681,0,0,349,491,-142,0.0,23
1681,1,1,488,352,136,1.0,23
1689,0,0,483,396,87,1.0,23
1689,1,1,470,404,66,1.0,27
1697,0,0,455,459,-4,0.0,24
1697,1,1,396,465,-69,0.0,22
1705,0,0,494,442,52,1.0,22
1705,1,1,432,486,-54,0.0,23
1713,0,0,405,314,91,1.0,24
1713,1,1,372,388,-16,0.0,21
1721,0,0,382,349,33,1.0,26
1721,1,1,423,474,-51,0.0,26
1729,0,0,390,543,-153,0.0,22
1729,1,1,517,355,162,1.0,25
1737,0,0,375,416,-41,0.0,24
1737,1,1,431,510,-79,0.0,20
1745,0,0,408,457,-49,0.0,24
1745,1,1,467,434,33,1.0,23
1753,0,0,490,405,85,1.0,22
1753,1,1,486,426,60,1.0,27
1761,0,0,485,394,91,1.0,24
1761,1,1,443,502,-59,0.0,21
1769,0,0,400,584,-184,0.0,20
1769,1,1,491,432,59,1.0,28
1777,0,0,395,428,-33,0.0,26
1777,1,1,501,420,81,1.0,23
1785,0,0,418,382,36,1.0,24
1785,1,1,434,421,13,1.0,23
1793,0,0,450,449,1,1.0,22
1793,1,1,446,429,17,1.0,24
1801,0,0,561,383,178,1.0,23
1801,1,1,429,498,-69,0.0,21
1809,0,0,335,471,-136,0.0,22
1809,1,1,497,430,67,1.0,26
1817,0,0,442,492,-50,0.0,22
1817,1,1,521,415,106,1.0,24
1825,0,0,415,423,-8,0.0,22
1825,1,1,373,555,-182,0.0,22
1833,0,0,447,492,-45,0.0,23
1833,1,1,438,461,-23,0.0,24
1841,0,0,390,391,-1,0.0,23
1841,1,1,448,455,-7,0.0,24
1849,0,0,386,528,-142,0.0,23
1849,1,1,501,283,218,1.0,27
1857,0,0,400,300,100,1.0,22
1857,1,1,427,391,36,1.0,26
1865,0,0,497,480,17,1.0,24
1865,1,1,521,380,141,1.0,22
1873,0,0,451,498,-47,0.0,21
1873,1,1,420,442,-22,0.0,21
1881,0,0,488,418,70,1.0,24
1881,1,1,457,419,38,1.0,25
1889,0,0,510,449,61,1.0,22
1889,1,1,416,383,33,1.0,21
1897,0,0,468,511,-43,0.0,26
1897,1,1,496,421,75,1.0,22
1905,0,0,433,519,-86,0.0,21
1905,1,1,518,436,82,1.0,22
1913,0,0,457,385,72,1.0,23
1913,1,1,414,366,48,1.0,24
1921,0,0,497,425,72,1.0,21
1921,1,1,483,528,-45,0.0,22
1929,0,0,525,405,120,1.0,22
1929,1,1,393,555,-162,0.0,21
1937,0,0,462,370,92,1.0,22
1937,1,1,383,417,-34,0.0,23
1945,0,0,445,500,-55,0.0,23
1945,1,1,480,404,76,1.0,23
1953,0,0,491,385,106,1.0,24
1953,1,1,481,508,-27,0.0,21
1961,0,0,453,344,109,1.0,24
1961,1,1,510,381,129,1.0,24
1969,0,0,508,354,154,1.0,22
1969,1,1,451,590,-139,0.0,22
1977,0,0,448,384,64,1.0,24
1977,1,1,446,446,0,0.5,22
1985,0,0,450,457,-7,0.0,24
1985,1,1,423,407,16,1.0,23
1993,0,0,463,547,-84,0.0,25
1993,1,1,399,355,44,1.0,27
pair,game,a_seat,a_score,b_score,a_spread,a_win,turns
2,0,0,400,422,-22,0.0,23
2,1,1,474,337,137,1.0,28
10,0,0,412,410,2,1.0,20
10,1,1,428,467,-39,0.0,20
18,0,0,399,425,-26,0.0,23
18,1,1,442,391,51,1.0,28
26,0,0,509,380,129,1.0,23
26,1,1,435,396,39,1.0,24
34,0,0,346,527,-181,0.0,25
34,1,1,456,440,16,1.0,22
42,0,0,526,436,90,1.0,24
42,1,1,421,468,-47,0.0,23
50,0,0,415,532,-117,0.0,22
50,1,1,536,480,56,1.0,19
58,0,0,493,354,139,1.0,27
58,1,1,382,529,-147,0.0,23
66,0,0,469,471,-2,0.0,21
66,1,1,458,524,-66,0.0,21
74,0,0,394,376,18,1.0,25
74,1,1,406,366,40,1.0,21
82,0,0,488,474,14,1.0,21
82,1,1,517,444,73,1.0,23
90,0,0,351,428,-77,0.0,22
90,1,1,462,360,102,1.0,24
98,0,0,475,361,114,1.0,23
98,1,1,390,412,-22,0.0,25
106,0,0,452,416,36,1.0,25
106,1,1,439,468,-29,0.0,21
114,0,0,459,459,0,0.5,23
114,1,1,518,432,86,1.0,22
122,0,0,476,424,52,1.0,23
122,1,1,443,421,22,1.0,29
130,0,0,502,534,-32,0.0,23
130,1,1,552,473,79,1.0,21
138,0,0,388,367,21,1.0,26
138,1,1,471,480,-9,0.0,24
146,0,0,400,421,-21,0.0,21
146,1,1,459,368,91,1.0,26
154,0,0,405,427,-22,0.0,24
154,1,1,457,446,11,1.0,22
162,0,0,490,483,7,1.0,22
162,1,1,395,491,-96,0.0,21
170,0,0,388,465,-77,0.0,25
170,1,1,397,486,-89,0.0,23
178,0,0,476,430,46,1.0,29
178,1,1,641,499,142,1.0,22
186,0,0,434,383,51,1.0,23
186,1,1,483,441,42,1.0,25
194,0,0,453,436,17,1.0,25
194,1,1,419,422,-3,0.0,29
202,0,0,435,472,-37,0.0,24
202,1,1,509,410,99,1.0,26
210,0,0,469,479,-10,0.0,22
210,1,1,501,461,40,1.0,20
218,0,0,428,522,-94,0.0,22
218,1,1,485,512,-27,0.0,21
226,0,0,503,379,124,1.0,19
226,1,1,375,488,-113,0.0,21
234,0,0,467,503,-36,0.0,19
234,1,1,455,478,-23,0.0,21
242,0,0,395,478,-83,0.0,26
242,1,1,519,440,79,1.0,24
250,0,0,451,421,30,1.0,23
250,1,1,424,509,-85,0.0,21
258,0,0,388,514,-126,0.0,22
258,1,1,412,386,26,1.0,24
266,0,0,350,529,-179,0.0,23
266,1,1,431,469,-38,0.0,28
274,0,0,382,578,-196,0.0,20
274,1,1,586,373,213,1.0,21
282,0,0,478,540,-62,0.0,23
282,1,1,519,464,55,1.0,21
290,0,0,532,358,174,1.0,22
290,1,1,365,431,-66,0.0,26
298,0,0,454,387,67,1.0,23
298,1,1,431,433,-2,0.0,22
306,0,0,420,412,8,1.0,24
306,1,1,346,451,-105,0.0,22
314,0,0,430,419,11,1.0,22
314,1,1,392,509,-117,0.0,21
322,0,0,487,386,101,1.0,20
322,1,1,467,510,-43,0.0,24
330,0,0,478,432,46,1.0,24
330,1,1,409,368,41,1.0,24
338,0,0,564,416,148,1.0,21
338,1,1,454,478,-24,0.0,26
346,0,0,395,510,-115,0.0,23
346,1,1,542,407,135,1.0,22
354,0,0,480,360,120,1.0,25
354,1,1,341,435,-94,0.0,27
362,0,0,486,383,103,1.0,23
362,1,1,408,469,-61,0.0,24
370,0,0,553,348,205,1.0,22
370,1,1,350,587,-237,0.0,23
378,0,0,436,448,-12,0.0,22
378,1,1,405,465,-60,0.0,24
386,0,0,440,595,-155,0.0,21
386,1,1,558,372,186,1.0,22
394,0,0,441,454,-13,0.0,26
394,1,1,434,434,0,0.5,21
402,0,0,437,384,53,1.0,22
402,1,1,425,489,-64,0.0,24
410,0,0,416,485,-69,0.0,29
410,1,1,500,441,59,1.0,26
418,0,0,471,396,75,1.0,23
418,1,1,490,427,63,1.0,25
426,0,0,524,374,150,1.0,23
426,1,1,624,300,324,1.0,25
434,0,0,474,556,-82,0.0,24
434,1,1,425,435,-10,0.0,21
442,0,0,502,421,81,1.0,25
442,1,1,358,531,-173,0.0,23
450,0,0,403,505,-102,0.0,23
450,1,1,577,426,151,1.0,24
458,0,0,491,458,33,1.0,19
458,1,1,429,454,-25,0.0,20
466,0,0,384,569,-185,0.0,22
466,1,1,537,375,162,1.0,24
474,0,0,518,346,172,1.0,23
474,1,1,379,447,-68,0.0,21
482,0,0,476,516,-40,0.0,22
482,1,1,386,441,-55,0.0,21
490,0,0,361,447,-86,0.0,27
490,1,1,447,393,54,1.0,24
498,0,0,496,419,77,1.0,21
498,1,1,431,428,3,1.0,25
506,0,0,480,426,54,1.0,25
506,1,1,417,435,-18,0.0,24
514,0,0,516,493,23,1.0,22
514,1,1,620,540,80,1.0,23
522,0,0,429,467,-38,0.0,23
522,1,1,488,435,53,1.0,22
530,0,0,482,490,-8,0.0,23
530,1,1,404,430,-26,0.0,21
538,0,0,371,408,-37,0.0,22
538,1,1,429,481,-52,0.0,22
546,0,0,389,606,-217,0.0,22
546,1,1,525,387,138,1.0,20
554,0,0,424,409,15,1.0,24
554,1,1,325,509,-184,0.0,27
562,0,0,553,412,141,1.0,21
562,1,1,458,370,88,1.0,24
570,0,0,385,488,-103,0.0,26
570,1,1,396,549,-153,0.0,24
578,0,0,391,369,22,1.0,26
578,1,1,509,437,72,1.0,26
586,0,0,400,541,-141,0.0,20
586,1,1,549,436,113,1.0,22
594,0,0,423,447,-24,0.0,23
594,1,1,454,457,-3,0.0,25
602,0,0,408,446,-38,0.0,30
602,1,1,489,384,105,1.0,23
610,0,0,460,483,-23,0.0,22
610,1,1,502,396,106,1.0,21
618,0,0,447,490,-43,0.0,26
618,1,1,370,483,-113,0.0,24
626,0,0,446,429,17,1.0,24
626,1,1,355,461,-106,0.0,26
634,0,0,388,431,-43,0.0,22
634,1,1,457,465,-8,0.0,23
642,0,0,424,393,31,1.0,23
642,1,1,419,382,37,1.0,26
650,0,0,426,411,15,1.0,27
650,1,1,380,447,-67,0.0,25
658,0,0,484,428,56,1.0,27
658,1,1,401,539,-138,0.0,24
666,0,0,467,372,95,1.0,21
666,1,1,387,454,-67,0.0,24
674,0,0,538,445,93,1.0,22
674,1,1,477,480,-3,0.0,20
682,0,0,532,400,132,1.0,23
682,1,1,427,477,-50,0.0,21
690,0,0,550,523,27,1.0,20
690,1,1,473,448,25,1.0,24
698,0,0,486,428,58,1.0,20
698,1,1,450,496,-46,0.0,24
706,0,0,504,348,156,1.0,26
706,1,1,460,492,-32,0.0,23
714,0,0,514,417,97,1.0,22
714,1,1,463,372,91,1.0,25
722,0,0,377,498,-121,0.0,28
722,1,1,444,390,54,1.0,23
730,0,0,439,415,24,1.0,22
730,1,1,408,434,-26,0.0,22
738,0,0,366,547,-181,0.0,23
738,1,1,536,498,38,1.0,24
746,0,0,384,449,-65,0.0,26
746,1,1,429,406,23,1.0,23
754,0,0,561,408,153,1.0,21
754,1,1,395,451,-56,0.0,28
762,0,0,460,333,127,1.0,28
762,1,1,362,568,-206,0.0,25
770,0,0,402,425,-23,0.0,23
770,1,1,429,374,55,1.0,24
778,0,0,435,376,59,1.0,22
778,1,1,384,489,-105,0.0,23
786,0,0,477,452,25,1.0,24
786,1,1,345,455,-110,0.0,20
794,0,0,363,453,-90,0.0,24
794,1,1,407,353,54,1.0,28
802,0,0,495,462,33,1.0,21
802,1,1,481,475,6,1.0,21
810,0,0,490,436,54,1.0,20
810,1,1,419,536,-117,0.0,23
818,0,0,505,522,-17,0.0,20
818,1,1,439,515,-76,0.0,21
826,0,0,326,484,-158,0.0,22
826,1,1,480,440,40,1.0,24
834,0,0,459,404,55,1.0,22
834,1,1,439,482,-43,0.0,22
842,0,0,462,432,30,1.0,19
842,1,1,425,462,-37,0.0,20
850,0,0,509,486,23,1.0,22
850,1,1,399,504,-105,0.0,27
858,0,0,469,449,20,1.0,22
858,1,1,517,577,-60,0.0,21
866,0,0,504,398,106,1.0,24
866,1,1,355,498,-143,0.0,21
874,0,0,373,552,-179,0.0,25
874,1,1,468,504,-36,0.0,22
882,0,0,465,476,-11,0.0,24
882,1,1,326,503,-177,0.0,23
890,0,0,462,500,-38,0.0,21
890,1,1,518,434,84,1.0,22
898,0,0,401,507,-106,0.0,25
898,1,1,421,392,29,1.0,21
906,0,0,527,392,135,1.0,19
906,1,1,520,437,83,1.0,24
914,0,0,432,446,-14,0.0,21
914,1,1,471,457,14,1.0,23
922,0,0,594,418,176,1.0,23
922,1,1,500,428,72,1.0,23
930,0,0,375,517,-142,0.0,22
930,1,1,423,365,58,1.0,29
938,0,0,482,366,116,1.0,22
938,1,1,405,460,-55,0.0,20
946,0,0,505,384,121,1.0,20
946,1,1,372,493,-121,0.0,21
954,0,0,493,484,9,1.0,26
954,1,1,513,443,70,1.0,24
962,0,0,544,432,112,1.0,24
962,1,1,472,551,-79,0.0,20
970,0,0,383,425,-42,0.0,22
970,1,1,441,444,-3,0.0,22
978,0,0,520,351,169,1.0,23
978,1,1,360,461,-101,0.0,23
986,0,0,476,407,69,1.0,23
986,1,1,411,384,27,1.0,25
994,0,0,499,411,88,1.0,21
994,1,1,493,456,37,1.0,25
1002,0,0,497,373,124,1.0,23
1002,1,1,456,413,43,1.0,22
1010,0,0,535,356,179,1.0,21
1010,1,1,401,545,-144,0.0,25
1018,0,0,426,450,-24,0.0,24
1018,1,1,334,459,-125,0.0,25
1026,0,0,457,393,64,1.0,24
1026,1,1,403,446,-43,0.0,22
1034,0,0,463,382,81,1.0,22
1034,1,1,421,423,-2,0.0,25
1042,0,0,533,473,60,1.0,20
1042,1,1,434,446,-12,0.0,24
1050,0,0,474,408,66,1.0,24
1050,1,1,473,416,57,1.0,22
1058,0,0,449,393,56,1.0,22
1058,1,1,409,455,-46,0.0,22
1066,0,0,483,479,4,1.0,19
1066,1,1,489,381,108,1.0,26
1074,0,0,435,434,1,1.0,22
1074,1,1,533,383,150,1.0,22
1082,0,0,489,388,101,1.0,22
1082,1,1,485,485,0,0.5,23
1090,0,0,468,398,70,1.0,26
1090,1,1,386,461,-75,0.0,26
1098,0,0,493,436,57,1.0,19
1098,1,1,488,497,-9,0.0,23
1106,0,0,465,417,48,1.0,23
1106,1,1,363,409,-46,0.0,26
1114,0,0,442,412,30,1.0,25
1114,1,1,430,551,-121,0.0,21
1122,0,0,502,354,148,1.0,23
1122,1,1,445,447,-2,0.0,22
1130,0,0,482,487,-5,0.0,23
1130,1,1,471,493,-22,0.0,20
1138,0,0,422,445,-23,0.0,22
1138,1,1,465,420,45,1.0,25
1146,0,0,403,515,-112,0.0,22
1146,1,1,553,465,88,1.0,21
1154,0,0,407,457,-50,0.0,26
1154,1,1,390,424,-34,0.0,24
1162,0,0,474,356,118,1.0,23
1162,1,1,503,497,6,1.0,23
1170,0,0,493,341,152,1.0,23
1170,1,1,406,466,-60,0.0,25
1178,0,0,395,440,-45,0.0,21
1178,1,1,482,399,83,1.0,21
1186,0,0,481,367,114,1.0,21
1186,1,1,410,470,-60,0.0,22
1194,0,0,482,454,28,1.0,23
1194,1,1,432,485,-53,0.0,23
1202,0,0,481,432,49,1.0,21
1202,1,1,408,518,-110,0.0,23
1210,0,0,350,434,-84,0.0,25
1210,1,1,381,445,-64,0.0,25
1218,0,0,465,383,82,1.0,23
1218,1,1,420,466,-46,0.0,23
1226,0,0,436,388,48,1.0,24
1226,1,1,515,426,89,1.0,20
1234,0,0,423,445,-22,0.0,21
1234,1,1,437,478,-41,0.0,23
1242,0,0,484,365,119,1.0,24
1242,1,1,342,509,-167,0.0,21
1250,0,0,429,491,-62,0.0,20
1250,1,1,411,438,-27,0.0,22
1258,0,0,424,524,-100,0.0,22
1258,1,1,453,561,-108,0.0,21
1266,0,0,412,433,-21,0.0,31
1266,1,1,529,450,79,1.0,21
1274,0,0,362,395,-33,0.0,24
1274,1,1,533,402,131,1.0,22
1282,0,0,451,366,85,1.0,22
1282,1,1,402,445,-43,0.0,23
1290,0,0,465,334,131,1.0,23
1290,1,1,322,441,-119,0.0,25
1298,0,0,485,484,1,1.0,21
1298,1,1,537,521,16,1.0,20
1306,0,0,722,444,278,1.0,21
1306,1,1,388,561,-173,0.0,19
1314,0,0,440,328,112,1.0,28
1314,1,1,376,476,-100,0.0,26
1322,0,0,456,410,46,1.0,24
1322,1,1,446,380,66,1.0,24
1330,0,0,413,451,-38,0.0,21
1330,1,1,545,336,209,1.0,21
1338,0,0,461,335,126,1.0,25
1338,1,1,375,459,-84,0.0,24
1346,0,0,358,583,-225,0.0,24
1346,1,1,516,492,24,1.0,22
1354,0,0,523,411,112,1.0,22
1354,1,1,518,563,-45,0.0,21
1362,0,0,328,429,-101,0.0,25
1362,1,1,421,415,6,1.0,22
1370,0,0,458,401,57,1.0,24
1370,1,1,466,440,26,1.0,24
1378,0,0,521,424,97,1.0,23
1378,1,1,554,510,44,1.0,21
1386,0,0,438,470,-32,0.0,21
1386,1,1,386,511,-125,0.0,23
1394,0,0,422,487,-65,0.0,23
1394,1,1,451,436,15,1.0,25
1402,0,0,476,392,84,1.0,21
1402,1,1,328,477,-149,0.0,23
1410,0,0,504,441,63,1.0,24
1410,1,1,498,419,79,1.0,24
1418,0,0,419,398,21,1.0,24
1418,1,1,406,489,-83,0.0,26
1426,0,0,542,451,91,1.0,23
1426,1,1,388,465,-77,0.0,21
1434,0,0,475,477,-2,0.0,23
1434,1,1,395,508,-113,0.0,22
1442,0,0,476,363,113,1.0,23
1442,1,1,439,398,41,1.0,22
1450,0,0,457,462,-5,0.0,26
1450,1,1,425,420,5,1.0,22
1458,0,0,398,455,-57,0.0,25
1458,1,1,375,349,26,1.0,26
1466,0,0,489,358,131,1.0,26
1466,1,1,397,354,43,1.0,26
1474,0,0,463,447,16,1.0,21
1474,1,1,486,517,-31,0.0,23
1482,0,0,450,427,23,1.0,25
1482,1,1,448,506,-58,0.0,23
1490,0,0,423,484,-61,0.0,23
1490,1,1,454,553,-99,0.0,21
1498,0,0,381,600,-219,0.0,24
1498,1,1,470,483,-13,0.0,22
1506,0,0,394,484,-90,0.0,27
1506,1,1,370,534,-164,0.0,23
1514,0,0,369,395,-26,0.0,22
1514,1,1,344,465,-121,0.0,23
1522,0,0,424,432,-8,0.0,25
1522,1,1,436,377,59,1.0,22
1530,0,0,423,443,-20,0.0,22
1530,1,1,421,441,-20,0.0,22
1538,0,0,468,411,57,1.0,24
1538,1,1,383,398,-15,0.0,24
1546,0,0,394,451,-57,0.0,24
1546,1,1,498,380,118,1.0,25
1554,0,0,373,474,-101,0.0,22
1554,1,1,392,510,-118,0.0,21
1562,0,0,445,483,-38,0.0,22
1562,1,1,551,423,128,1.0,22
1570,0,0,532,356,176,1.0,27
1570,1,1,508,422,86,1.0,20
1578,0,0,467,566,-99,0.0,21
1578,1,1,524,468,56,1.0,22
1586,0,0,458,466,-8,0.0,23
1586,1,1,477,447,30,1.0,20
1594,0,0,446,438,8,1.0,22
1594,1,1,389,505,-116,0.0,22
1602,0,0,446,407,39,1.0,26
1602,1,1,471,495,-24,0.0,22
1610,0,0,663,483,180,1.0,22
1610,1,1,339,537,-198,0.0,23
1618,0,0,413,423,-10,0.0,21
1618,1,1,382,411,-29,0.0,23
1626,0,0,431,404,27,1.0,25
1626,1,1,429,408,21,1.0,26
1634,0,0,347,463,-116,0.0,24
1634,1,1,396,413,-17,0.0,27
1642,0,0,456,376,80,1.0,24
1642,1,1,422,473,-51,0.0,21
1650,0,0,543,423,120,1.0,21
1650,1,1,519,471,48,1.0,22
1658,0,0,374,452,-78,0.0,25
1658,1,1,473,371,102,1.0,21
1666,0,0,436,412,24,1.0,24
1666,1,1,611,415,196,1.0,22
1674,0,0,606,402,204,1.0,22
1674,1,1,406,482,-76,0.0,25
1682,0,0,439,470,-31,0.0,20
1682,1,1,466,488,-22,0.0,18
1690,0,0,444,457,-13,0.0,24
1690,1,1,434,467,-33,0.0,23
1698,0,0,423,488,-65,0.0,22
1698,1,1,420,458,-38,0.0,23
1706,0,0,408,364,44,1.0,23
1706,1,1,412,502,-90,0.0,21
1714,0,0,523,416,107,1.0,24
1714,1,1,437,401,36,1.0,22
1722,0,0,418,437,-19,0.0,22
1722,1,1,498,426,72,1.0,23
1730,0,0,474,486,-12,0.0,21
1730,1,1,494,500,-6,0.0,23
1738,0,0,568,356,212,1.0,19
1738,1,1,377,449,-72,0.0,27
1746,0,0,459,422,37,1.0,22
1746,1,1,423,517,-94,0.0,23
1754,0,0,472,356,116,1.0,21
1754,1,1,429,466,-37,0.0,22
1762,0,0,493,323,170,1.0,19
1762,1,1,383,426,-43,0.0,25
1770,0,0,397,517,-120,0.0,19
1770,1,1,443,499,-56,0.0,25
1778,0,0,421,423,-2,0.0,27
1778,1,1,568,374,194,1.0,22
1786,0,0,395,501,-106,0.0,23
1786,1,1,447,477,-30,0.0,25
1794,0,0,497,401,96,1.0,25
1794,1,1,370,441,-71,0.0,27
1802,0,0,425,337,88,1.0,23
1802,1,1,507,450,57,1.0,22
1810,0,0,463,411,52,1.0,22
1810,1,1,410,388,22,1.0,23
1818,0,0,571,354,217,1.0,27
1818,1,1,429,432,-3,0.0,24
1826,0,0,544,387,157,1.0,24
1826,1,1,400,499,-99,0.0,25
1834,0,0,454,472,-18,0.0,25
1834,1,1,404,502,-98,0.0,25
1842,0,0,389,482,-93,0.0,22
1842,1,1,465,379,86,1.0,22
1850,0,0,437,467,-30,0.0,21
1850,1,1,438,480,-42,0.0,21
1858,0,0,393,417,-24,0.0,22
1858,1,1,372,442,-70,0.0,23
1866,0,0,323,523,-200,0.0,23
1866,1,1,415,433,-18,0.0,20
1874,0,0,462,349,113,1.0,23
1874,1,1,507,468,39,1.0,22
1882,0,0,465,418,47,1.0,21
1882,1,1,448,434,14,1.0,21
1890,0,0,483,369,114,1.0,22
1890,1,1,441,486,-45,0.0,19
1898,0,0,375,459,-84,0.0,24
1898,1,1,407,431,-24,0.0,27
1906,0,0,426,376,50,1.0,24
1906,1,1,348,358,-10,0.0,24
1914,0,0,428,441,-13,0.0,24
1914,1,1,470,459,11,1.0,22
1922,0,0,415,335,80,1.0,23
1922,1,1,347,573,-226,0.0,21
1930,0,0,388,474,-86,0.0,23
1930,1,1,451,423,28,1.0,23
1938,0,0,470,430,40,1.0,23
1938,1,1,461,546,-85,0.0,21
1946,0,0,527,395,132,1.0,21
1946,1,1,410,496,-86,0.0,20
1954,0,0,373,479,-106,0.0,23
1954,1,1,415,431,-16,0.0,22
1962,0,0,458,500,-42,0.0,21
1962,1,1,425,431,-6,0.0,24
1970,0,0,443,416,27,1.0,28
1970,1,1,537,355,182,1.0,23
1978,0,0,543,491,52,1.0,19
1978,1,1,501,482,19,1.0,20
1986,0,0,443,487,-44,0.0,23
1986,1,1,423,568,-145,0.0,23
1994,0,0,539,426,113,1.0,24
1994,1,1,443,415,28,1.0,22
pair,game,a_seat,a_score,b_score,a_spread,a_win,turns
3,0,0,397,389,8,1.0,21
3,1,1,494,403,91,1.0,23
11,0,0,436,536,-100,0.0,21
11,1,1,392,401,-9,0.0,25
19,0,0,376,509,-133,0.0,20
19,1,1,488,354,134,1.0,23
27,0,0,403,390,13,1.0,21
27,1,1,433,386,47,1.0,25
35,0,0,463,432,31,1.0,24
35,1,1,422,509,-87,0.0,27
43,0,0,527,495,32,1.0,23
43,1,1,450,414,36,1.0,22
51,0,0,521,486,35,1.0,21
51,1,1,387,479,-92,0.0,22
59,0,0,386,408,-22,0.0,29
59,1,1,398,425,-27,0.0,22
67,0,0,409,528,-119,0.0,23
67,1,1,492,400,92,1.0,23
75,0,0,464,376,88,1.0,23
75,1,1,429,458,-29,0.0,24
83,0,0,404,530,-126,0.0,23
83,1,1,417,437,-20,0.0,25
91,0,0,355,521,-166,0.0,23
91,1,1,623,378,245,1.0,18
99,0,0,397,321,76,1.0,30
99,1,1,332,375,-43,0.0,26
107,0,0,426,495,-69,0.0,25
107,1,1,505,465,40,1.0,20
115,0,0,431,442,-11,0.0,22
115,1,1,530,428,102,1.0,20
123,0,0,403,495,-92,0.0,24
123,1,1,485,485,0,0.5,24
131,0,0,480,439,41,1.0,22
131,1,1,504,506,-2,0.0,22
139,0,0,402,391,11,1.0,24
139,1,1,380,440,-60,0.0,24
147,0,0,466,405,61,1.0,23
147,1,1,504,498,6,1.0,20
155,0,0,415,350,65,1.0,22
155,1,1,504,478,26,1.0,20
163,0,0,529,508,21,1.0,22
163,1,1,568,413,155,1.0,23
171,0,0,481,381,100,1.0,22
171,1,1,433,391,42,1.0,25
179,0,0,451,376,75,1.0,24
179,1,1,401,546,-145,0.0,23
187,0,0,357,499,-142,0.0,27
187,1,1,414,436,-22,0.0,22
195,0,0,468,447,21,1.0,22
195,1,1,386,411,-25,0.0,22
203,0,0,382,446,-64,0.0,29
203,1,1,582,437,145,1.0,24
211,0,0,472,525,-53,0.0,21
211,1,1,573,464,109,1.0,26
219,0,0,541,465,76,1.0,21
219,1,1,444,550,-106,0.0,22
227,0,0,471,388,83,1.0,24
227,1,1,476,455,21,1.0,31
235,0,0,336,413,-77,0.0,23
235,1,1,453,412,41,1.0,23
243,0,0,369,402,-33,0.0,25
243,1,1,368,393,-25,0.0,27
251,0,0,459,460,-1,0.0,23
251,1,1,390,427,-37,0.0,26
259,0,0,597,310,287,1.0,24
259,1,1,481,495,-14,0.0,26
267,0,0,378,484,-106,0.0,23
267,1,1,534,395,139,1.0,23
275,0,0,432,561,-129,0.0,21
275,1,1,513,476,37,1.0,22
283,0,0,404,463,-59,0.0,23
283,1,1,427,492,-65,0.0,24
291,0,0,359,521,-162,0.0,24
291,1,1,513,297,216,1.0,23
299,0,0,355,393,-38,0.0,23
299,1,1,456,429,27,1.0,22
307,0,0,414,476,-62,0.0,25
307,1,1,424,460,-36,0.0,21
315,0,0,521,362,159,1.0,23
315,1,1,437,512,-75,0.0,22
323,0,0,411,476,-65,0.0,24
323,1,1,480,474,6,1.0,21
331,0,0,305,481,-176,0.0,26
331,1,1,525,380,145,1.0,23
339,0,0,447,443,4,1.0,24
339,1,1,381,448,-67,0.0,24
347,0,0,384,422,-38,0.0,25
347,1,1,435,445,-10,0.0,25
355,0,0,432,452,-20,0.0,25
355,1,1,501,366,135,1.0,23
363,0,0,437,498,-61,0.0,21
363,1,1,494,489,5,1.0,21
371,0,0,321,671,-350,0.0,22
371,1,1,496,433,63,1.0,24
379,0,0,360,523,-163,0.0,24
379,1,1,503,398,105,1.0,22
387,0,0,515,395,120,1.0,21
387,1,1,459,429,30,1.0,22
395,0,0,484,462,22,1.0,24
395,1,1,472,404,68,1.0,24
403,0,0,455,528,-73,0.0,20
403,1,1,480,494,-14,0.0,20
411,0,0,423,534,-111,0.0,21
411,1,1,540,472,68,1.0,21
419,0,0,402,384,18,1.0,24
419,1,1,512,441,71,1.0,22
427,0,0,452,460,-8,0.0,21
427,1,1,495,363,132,1.0,21
435,0,0,577,415,162,1.0,22
435,1,1,453,494,-41,0.0,23
443,0,0,433,404,29,1.0,23
443,1,1,452,539,-87,0.0,21
451,0,0,524,421,103,1.0,24
451,1,1,423,406,17,1.0,24
459,0,0,477,390,87,1.0,24
459,1,1,332,445,-113,0.0,22
467,0,0,483,395,88,1.0,22
467,1,1,384,538,-154,0.0,23
475,0,0,493,441,52,1.0,22
475,1,1,444,494,-50,0.0,22
483,0,0,516,388,128,1.0,20
483,1,1,409,419,-10,0.0,21
491,0,0,305,514,-209,0.0,23
491,1,1,522,456,66,1.0,22
499,0,0,581,352,229,1.0,25
499,1,1,506,468,38,1.0,21
507,0,0,418,499,-81,0.0,23
507,1,1,525,400,125,1.0,23
515,0,0,468,533,-65,0.0,23
515,1,1,483,337,146,1.0,28
523,0,0,421,435,-14,0.0,21
523,1,1,478,455,23,1.0,23
531,0,0,436,455,-19,0.0,27
531,1,1,443,409,34,1.0,24
539,0,0,484,444,40,1.0,25
539,1,1,553,416,137,1.0,21
547,0,0,513,499,14,1.0,21
547,1,1,496,471,25,1.0,21
555,0,0,468,502,-34,0.0,21
555,1,1,402,536,-134,0.0,22
563,0,0,517,365,152,1.0,24
563,1,1,531,437,94,1.0,23
571,0,0,428,408,20,1.0,21
571,1,1,440,433,7,1.0,22
579,0,0,391,502,-111,0.0,21
579,1,1,510,400,110,1.0,22
587,0,0,448,523,-75,0.0,23
587,1,1,516,499,17,1.0,23
595,0,0,511,353,158,1.0,30
595,1,1,496,516,-20,0.0,21
603,0,0,424,463,-39,0.0,21
603,1,1,469,447,22,1.0,24
611,0,0,415,523,-108,0.0,24
611,1,1,435,396,39,1.0,25
619,0,0,334,443,-109,0.0,26
619,1,1,480,327,153,1.0,25
627,0,0,434,483,-49,0.0,22
627,1,1,557,426,131,1.0,22
635,0,0,441,377,64,1.0,25
635,1,1,407,435,-28,0.0,24
643,0,0,393,435,-42,0.0,24
643,1,1,470,428,42,1.0,22
651,0,0,352,454,-102,0.0,21
651,1,1,419,375,44,1.0,24
659,0,0,439,452,-13,0.0,24
659,1,1,534,354,180,1.0,21
667,0,0,337,575,-238,0.0,23
667,1,1,476,442,34,1.0,23
675,0,0,481,485,-4,0.0,26
675,1,1,387,522,-135,0.0,22
683,0,0,591,370,221,1.0,24
683,1,1,479,439,40,1.0,21
691,0,0,364,497,-133,0.0,25
691,1,1,525,413,112,1.0,25
699,0,0,441,415,26,1.0,22
699,1,1,437,494,-57,0.0,24
707,0,0,486,491,-5,0.0,19
707,1,1,393,419,-26,0.0,25
715,0,0,428,443,-15,0.0,23
715,1,1,432,490,-58,0.0,26
723,0,0,432,452,-20,0.0,22
723,1,1,455,452,3,1.0,23
731,0,0,454,399,55,1.0,22
731,1,1,420,415,5,1.0,22
739,0,0,518,348,170,1.0,23
739,1,1,450,506,-56,0.0,24
747,0,0,509,553,-44,0.0,20
747,1,1,387,475,-88,0.0,22
755,0,0,460,366,94,1.0,25
755,1,1,392,526,-134,0.0,26
763,0,0,431,423,8,1.0,28
763,1,1,377,421,-44,0.0,24
771,0,0,518,315,203,1.0,24
771,1,1,483,425,58,1.0,22
779,0,0,403,470,-67,0.0,24
779,1,1,435,429,6,1.0,23
787,0,0,390,476,-86,0.0,22
787,1,1,518,444,74,1.0,23
795,0,0,412,498,-86,0.0,21
795,1,1,476,423,53,1.0,24
803,0,0,391,602,-211,0.0,21
803,1,1,501,430,71,1.0,24
811,0,0,465,449,16,1.0,21
811,1,1,469,369,100,1.0,26
819,0,0,357,608,-251,0.0,27
819,1,1,450,488,-38,0.0,24
827,0,0,510,426,84,1.0,20
827,1,1,412,443,-31,0.0,22
835,0,0,365,489,-124,0.0,22
835,1,1,489,343,146,1.0,24
843,0,0,475,476,-1,0.0,23
843,1,1,483,391,92,1.0,27
851,0,0,509,505,4,1.0,27
851,1,1,439,562,-123,0.0,22
859,0,0,433,405,28,1.0,21
859,1,1,464,460,4,1.0,23
867,0,0,423,518,-95,0.0,22
867,1,1,501,484,17,1.0,21
875,0,0,428,403,25,1.0,22
875,1,1,406,492,-86,0.0,26
883,0,0,345,531,-186,0.0,21
883,1,1,497,360,137,1.0,25
891,0,0,477,388,89,1.0,24
891,1,1,471,437,34,1.0,21
899,0,0,365,355,10,1.0,27
899,1,1,407,402,5,1.0,23
907,0,0,439,406,33,1.0,22
907,1,1,443,417,26,1.0,23
915,0,0,392,522,-130,0.0,23
915,1,1,535,441,94,1.0,21
923,0,0,372,497,-125,0.0,19
923,1,1,398,365,33,1.0,24
931,0,0,426,491,-65,0.0,24
931,1,1,451,426,25,1.0,25
939,0,0,331,419,-88,0.0,27
939,1,1,432,416,16,1.0,23
947,0,0,481,416,65,1.0,23
947,1,1,399,454,-55,0.0,21
955,0,0,480,443,37,1.0,26
955,1,1,375,531,-156,0.0,22
963,0,0,448,460,-12,0.0,24
963,1,1,511,434,77,1.0,21
971,0,0,579,431,148,1.0,22
971,1,1,455,423,32,1.0,19
979,0,0,460,398,62,1.0,26
979,1,1,424,420,4,1.0,22
987,0,0,365,390,-25,0.0,25
987,1,1,467,461,6,1.0,21
995,0,0,389,484,-95,0.0,22
995,1,1,565,359,206,1.0,23
1003,0,0,484,502,-18,0.0,21
1003,1,1,425,419,6,1.0,23
1011,0,0,459,472,-13,0.0,21
1011,1,1,489,420,69,1.0,21
1019,0,0,513,492,21,1.0,25
1019,1,1,475,569,-94,0.0,21
1027,0,0,494,440,54,1.0,27
1027,1,1,430,413,17,1.0,22
1035,0,0,519,439,80,1.0,21
1035,1,1,497,432,65,1.0,21
1043,0,0,393,505,-112,0.0,25
1043,1,1,336,331,5,1.0,30
1051,0,0,415,485,-70,0.0,22
1051,1,1,505,338,167,1.0,24
1059,0,0,395,553,-158,0.0,26
1059,1,1,421,483,-62,0.0,25
1067,0,0,583,470,113,1.0,23
1067,1,1,465,578,-113,0.0,24
1075,0,0,457,494,-37,0.0,20
1075,1,1,434,366,68,1.0,23
1083,0,0,505,443,62,1.0,20
1083,1,1,392,480,-88,0.0,22
1091,0,0,440,583,-143,0.0,18
1091,1,1,502,352,150,1.0,24
1099,0,0,550,420,130,1.0,22
1099,1,1,375,589,-214,0.0,32
1107,0,0,527,373,154,1.0,22
1107,1,1,415,424,-9,0.0,26
1115,0,0,354,537,-183,0.0,22
1115,1,1,569,380,189,1.0,23
1123,0,0,482,509,-27,0.0,25
1123,1,1,516,394,122,1.0,21
1131,0,0,416,587,-171,0.0,21
1131,1,1,602,310,292,1.0,23
1139,0,0,375,549,-174,0.0,21
1139,1,1,665,410,255,1.0,21
1147,0,0,403,527,-124,0.0,23
1147,1,1,521,445,76,1.0,27
1155,0,0,495,475,20,1.0,24
1155,1,1,570,406,164,1.0,21
1163,0,0,437,552,-115,0.0,23
1163,1,1,464,400,64,1.0,22
1171,0,0,448,468,-20,0.0,23
1171,1,1,484,393,91,1.0,26
1179,0,0,360,456,-96,0.0,27
1179,1,1,460,375,85,1.0,23
1187,0,0,439,378,61,1.0,23
1187,1,1,386,404,-18,0.0,30
1195,0,0,413,446,-33,0.0,21
1195,1,1,446,360,86,1.0,24
1203,0,0,422,405,17,1.0,22
1203,1,1,430,436,-6,0.0,21
1211,0,0,408,467,-59,0.0,21
1211,1,1,525,405,120,1.0,23
1219,0,0,473,441,32,1.0,23
1219,1,1,395,442,-47,0.0,23
1227,0,0,417,478,-61,0.0,24
1227,1,1,464,423,41,1.0,21
1235,0,0,348,495,-147,0.0,25
1235,1,1,457,426,31,1.0,23
1243,0,0,403,321,82,1.0,22
1243,1,1,333,437,-104,0.0,26
1251,0,0,385,447,-62,0.0,23
1251,1,1,342,392,-50,0.0,24
1259,0,0,462,523,-61,0.0,23
1259,1,1,508,417,91,1.0,22
1267,0,0,372,560,-188,0.0,22
1267,1,1,455,411,44,1.0,23
1275,0,0,448,473,-25,0.0,21
1275,1,1,527,424,103,1.0,24
1283,0,0,446,330,116,1.0,22
1283,1,1,448,447,1,1.0,21
1291,0,0,472,364,108,1.0,24
1291,1,1,353,451,-98,0.0,22
1299,0,0,490,414,76,1.0,23
1299,1,1,397,463,-66,0.0,28
1307,0,0,360,382,-22,0.0,27
1307,1,1,296,427,-131,0.0,22
1315,0,0,422,468,-46,0.0,22
1315,1,1,517,439,78,1.0,22
1323,0,0,585,363,222,1.0,24
1323,1,1,334,493,-159,0.0,26
1331,0,0,403,483,-80,0.0,20
1331,1,1,531,439,92,1.0,21
1339,0,0,420,541,-121,0.0,22
1339,1,1,481,360,121,1.0,24
1347,0,0,388,496,-108,0.0,25
1347,1,1,437,365,72,1.0,24
1355,0,0,456,494,-38,0.0,23
1355,1,1,620,352,268,1.0,23
1363,0,0,512,461,51,1.0,22
1363,1,1,482,436,46,1.0,23
1371,0,0,421,451,-30,0.0,30
1371,1,1,484,447,37,1.0,23
1379,0,0,433,507,-74,0.0,22
1379,1,1,551,471,80,1.0,22
1387,0,0,328,491,-163,0.0,22
1387,1,1,505,371,134,1.0,23
1395,0,0,535,469,66,1.0,23
1395,1,1,471,479,-8,0.0,25
1403,0,0,491,409,82,1.0,23
1403,1,1,428,434,-6,0.0,22
1411,0,0,452,508,-56,0.0,23
1411,1,1,455,451,4,1.0,22
1419,0,0,392,494,-102,0.0,25
1419,1,1,467,451,16,1.0,21
1427,0,0,562,416,146,1.0,21
1427,1,1,399,560,-161,0.0,21
1435,0,0,520,410,110,1.0,21
1435,1,1,379,456,-77,0.0,22
1443,0,0,406,433,-27,0.0,25
1443,1,1,398,432,-34,0.0,35
1451,0,0,512,324,188,1.0,22
1451,1,1,426,451,-25,0.0,21
1459,0,0,400,417,-17,0.0,25
1459,1,1,434,444,-10,0.0,26
1467,0,0,469,482,-13,0.0,20
1467,1,1,484,465,19,1.0,25
1475,0,0,373,502,-129,0.0,23
1475,1,1,446,388,58,1.0,23
1483,0,0,452,428,24,1.0,22
1483,1,1,470,405,65,1.0,24
1491,0,0,441,405,36,1.0,22
1491,1,1,493,465,28,1.0,21
1499,0,0,436,485,-49,0.0,21
1499,1,1,434,395,39,1.0,30
1507,0,0,537,421,116,1.0,22
1507,1,1,444,472,-28,0.0,21
1515,0,0,593,458,135,1.0,21
1515,1,1,508,359,149,1.0,24
1523,0,0,321,510,-189,0.0,23
1523,1,1,510,304,206,1.0,24
1531,0,0,495,501,-6,0.0,23
1531,1,1,503,485,18,1.0,22
1539,0,0,415,510,-95,0.0,22
1539,1,1,470,318,152,1.0,22
1547,0,0,409,503,-94,0.0,20
1547,1,1,526,448,78,1.0,26
1555,0,0,386,456,-70,0.0,23
1555,1,1,455,356,99,1.0,21
1563,0,0,567,345,222,1.0,26
1563,1,1,387,520,-133,0.0,26
1571,0,0,520,403,117,1.0,24
1571,1,1,390,473,-83,0.0,22
1579,0,0,429,520,-91,0.0,23
1579,1,1,492,542,-50,0.0,20
1587,0,0,434,455,-21,0.0,21
1587,1,1,387,457,-70,0.0,28
1595,0,0,355,547,-192,0.0,25
1595,1,1,577,520,57,1.0,21
1603,0,0,437,452,-15,0.0,21
1603,1,1,466,401,65,1.0,23
1611,0,0,457,468,-11,0.0,27
1611,1,1,530,537,-7,0.0,21
1619,0,0,441,418,23,1.0,22
1619,1,1,508,445,63,1.0,21
1627,0,0,379,506,-127,0.0,23
1627,1,1,596,381,215,1.0,23
1635,0,0,447,440,7,1.0,21
1635,1,1,507,440,67,1.0,23
1643,0,0,326,527,-201,0.0,25
1643,1,1,530,467,63,1.0,21
1651,0,0,501,432,69,1.0,21
1651,1,1,427,417,10,1.0,25
1659,0,0,412,562,-150,0.0,20
1659,1,1,432,424,8,1.0,21
1667,0,0,464,369,95,1.0,23
1667,1,1,461,436,25,1.0,24
1675,0,0,453,461,-8,0.0,24
1675,1,1,394,430,-36,0.0,24
1683,0,0,422,453,-31,0.0,25
1683,1,1,429,336,93,1.0,30
1691,0,0,462,483,-21,0.0,20
1691,1,1,464,502,-38,0.0,22
1699,0,0,502,381,121,1.0,23
1699,1,1,451,458,-7,0.0,23
1707,0,0,582,340,242,1.0,26
1707,1,1,373,435,-62,0.0,26
1715,0,0,458,437,21,1.0,25
1715,1,1,477,416,61,1.0,24
1723,0,0,392,433,-41,0.0,24
1723,1,1,526,353,173,1.0,23
1731,0,0,454,462,-8,0.0,22
1731,1,1,450,469,-19,0.0,25
1739,0,0,472,461,11,1.0,22
1739,1,1,495,518,-23,0.0,23
1747,0,0,468,455,13,1.0,23
1747,1,1,496,481,15,1.0,21
1755,0,0,462,454,8,1.0,22
1755,1,1,518,474,44,1.0,24
1763,0,0,436,448,-12,0.0,21
1763,1,1,424,402,22,1.0,23
1771,0,0,503,423,80,1.0,20
1771,1,1,409,450,-41,0.0,26
1779,0,0,376,438,-62,0.0,22
1779,1,1,519,444,75,1.0,25
1787,0,0,489,466,23,1.0,23
1787,1,1,411,408,3,1.0,22
1795,0,0,367,491,-124,0.0,25
1795,1,1,594,347,247,1.0,23
1803,0,0,344,518,-174,0.0,26
1803,1,1,511,334,177,1.0,21
1811,0,0,405,539,-134,0.0,23
1811,1,1,509,409,100,1.0,20
1819,0,0,470,526,-56,0.0,19
1819,1,1,445,427,18,1.0,25
1827,0,0,465,470,-5,0.0,19
1827,1,1,400,442,-42,0.0,28
1835,0,0,403,429,-26,0.0,23
1835,1,1,469,395,74,1.0,23
1843,0,0,449,465,-16,0.0,20
1843,1,1,546,416,130,1.0,20
1851,0,0,479,456,23,1.0,24
1851,1,1,472,489,-17,0.0,21
1859,0,0,558,397,161,1.0,22
1859,1,1,425,425,0,0.5,22
1867,0,0,629,447,182,1.0,18
1867,1,1,368,504,-136,0.0,24
1875,0,0,383,408,-25,0.0,23
1875,1,1,379,431,-52,0.0,24
1883,0,0,402,501,-99,0.0,24
1883,1,1,458,513,-55,0.0,22
1891,0,0,593,400,193,1.0,19
1891,1,1,433,471,-38,0.0,23
1899,0,0,538,373,165,1.0,24
1899,1,1,447,400,47,1.0,22
1907,0,0,500,478,22,1.0,23
1907,1,1,608,380,228,1.0,21
1915,0,0,425,508,-83,0.0,24
1915,1,1,576,407,169,1.0,24
1923,0,0,409,392,17,1.0,24
1923,1,1,501,418,83,1.0,25
1931,0,0,481,521,-40,0.0,21
1931,1,1,390,383,7,1.0,23
1939,0,0,404,405,-1,0.0,23
1939,1,1,434,464,-30,0.0,21
1947,0,0,435,407,28,1.0,20
1947,1,1,457,450,7,1.0,23
1955,0,0,424,447,-23,0.0,23
1955,1,1,514,410,104,1.0,21
1963,0,0,376,467,-91,0.0,22
1963,1,1,547,405,142,1.0,27
1971,0,0,559,352,207,1.0,21
1971,1,1,399,530,-131,0.0,23
1979,0,0,437,329,108,1.0,20
1979,1,1,439,464,-25,0.0,20
1987,0,0,376,529,-153,0.0,23
1987,1,1,501,368,133,1.0,21
1995,0,0,495,415,80,1.0,27
1995,1,1,433,427,6,1.0,22
pair,game,a_seat,a_score,b_score,a_spread,a_win,turns
4,0,0,358,384,-26,0.0,24
4,1,1,429,348,81,1.0,27
12,0,0,367,449,-82,0.0,23
12,1,1,401,477,-76,0.0,22
20,0,0,512,428,84,1.0,27
20,1,1,337,484,-147,0.0,23
28,0,0,408,389,19,1.0,24
28,1,1,352,470,-118,0.0,22
36,0,0,510,389,121,1.0,21
36,1,1,492,425,67,1.0,21
44,0,0,502,445,57,1.0,25
44,1,1,485,428,57,1.0,22
52,0,0,454,438,16,1.0,22
52,1,1,550,517,33,1.0,22
60,0,0,415,572,-157,0.0,20
60,1,1,547,401,146,1.0,25
68,0,0,381,396,-15,0.0,24
68,1,1,477,506,-29,0.0,21
76,0,0,508,473,35,1.0,22
76,1,1,453,430,23,1.0,25
84,0,0,382,506,-124,0.0,22
84,1,1,357,500,-143,0.0,21
92,0,0,447,449,-2,0.0,22
92,1,1,454,560,-106,0.0,21
100,0,0,467,462,5,1.0,21
100,1,1,463,477,-14,0.0,22
108,0,0,555,547,8,1.0,21
108,1,1,441,360,81,1.0,24
116,0,0,453,450,3,1.0,21
116,1,1,349,562,-213,0.0,19
124,0,0,389,517,-128,0.0,26
124,1,1,571,377,194,1.0,28
132,0,0,453,445,8,1.0,19
132,1,1,423,527,-104,0.0,20
140,0,0,470,382,88,1.0,22
140,1,1,434,467,-33,0.0,21
148,0,0,438,364,74,1.0,25
148,1,1,487,444,43,1.0,24
156,0,0,432,384,48,1.0,24
156,1,1,359,567,-208,0.0,23
164,0,0,532,459,73,1.0,22
164,1,1,470,532,-62,0.0,21
172,0,0,381,510,-129,0.0,24
172,1,1,479,353,126,1.0,22
180,0,0,393,444,-51,0.0,22
180,1,1,503,400,103,1.0,23
188,0,0,495,452,43,1.0,23
188,1,1,498,542,-44,0.0,20
196,0,0,436,436,0,0.5,22
196,1,1,376,559,-183,0.0,26
204,0,0,533,453,80,1.0,27
204,1,1,404,487,-83,0.0,22
212,0,0,459,448,11,1.0,20
212,1,1,413,460,-47,0.0,20
220,0,0,444,448,-4,0.0,26
220,1,1,384,377,7,1.0,24
228,0,0,456,438,18,1.0,22
228,1,1,367,390,-23,0.0,25
236,0,0,601,323,278,1.0,23
236,1,1,347,538,-191,0.0,21
244,0,0,400,482,-82,0.0,25
244,1,1,536,352,184,1.0,21
252,0,0,480,337,143,1.0,22
252,1,1,441,403,38,1.0,22
260,0,0,528,396,132,1.0,19
260,1,1,523,414,109,1.0,26
268,0,0,393,484,-91,0.0,22
268,1,1,533,384,149,1.0,20
276,0,0,417,390,27,1.0,22
276,1,1,436,462,-26,0.0,25
284,0,0,478,454,24,1.0,21
284,1,1,406,558,-152,0.0,24
292,0,0,546,376,170,1.0,23
292,1,1,501,400,101,1.0,23
300,0,0,538,419,119,1.0,26
300,1,1,534,433,101,1.0,22
308,0,0,500,366,134,1.0,23
308,1,1,310,539,-229,0.0,21
316,0,0,420,451,-31,0.0,24
316,1,1,478,465,13,1.0,21
324,0,0,540,331,209,1.0,23
324,1,1,505,457,48,1.0,20
332,0,0,615,401,214,1.0,19
332,1,1,402,511,-109,0.0,22
340,0,0,446,425,21,1.0,23
340,1,1,517,425,92,1.0,24
348,0,0,484,358,126,1.0,24
348,1,1,391,415,-24,0.0,26
356,0,0,489,460,29,1.0,23
356,1,1,508,404,104,1.0,24
364,0,0,382,442,-60,0.0,22
364,1,1,407,469,-62,0.0,20
372,0,0,532,413,119,1.0,23
372,1,1,450,456,-6,0.0,21
380,0,0,410,451,-41,0.0,22
380,1,1,442,451,-9,0.0,20
388,0,0,464,471,-7,0.0,24
388,1,1,444,421,23,1.0,24
396,0,0,399,433,-34,0.0,25
396,1,1,389,406,-17,0.0,25
404,0,0,422,376,46,1.0,27
404,1,1,342,426,-84,0.0,23
412,0,0,469,460,9,1.0,22
412,1,1,483,423,60,1.0,22
420,0,0,459,369,90,1.0,24
420,1,1,481,428,53,1.0,26
428,0,0,459,423,36,1.0,28
428,1,1,410,374,36,1.0,30
436,0,0,510,498,12,1.0,21
436,1,1,496,356,140,1.0,23
444,0,0,525,423,102,1.0,22
444,1,1,474,501,-27,0.0,23
452,0,0,473,444,29,1.0,21
452,1,1,449,467,-18,0.0,24
460,0,0,524,381,143,1.0,23
460,1,1,372,423,-51,0.0,26
468,0,0,533,450,83,1.0,22
468,1,1,371,364,7,1.0,26
476,0,0,336,453,-117,0.0,25
476,1,1,436,470,-34,0.0,21
484,0,0,468,410,58,1.0,21
484,1,1,487,412,75,1.0,27
492,0,0,416,423,-7,0.0,22
492,1,1,369,497,-128,0.0,28
500,0,0,485,452,33,1.0,19
500,1,1,503,509,-6,0.0,19
508,0,0,390,450,-60,0.0,22
508,1,1,395,463,-68,0.0,21
516,0,0,454,428,26,1.0,24
516,1,1,513,420,93,1.0,21
524,0,0,512,335,177,1.0,21
524,1,1,381,504,-123,0.0,24
532,0,0,383,447,-64,0.0,23
532,1,1,458,478,-20,0.0,22
540,0,0,474,409,65,1.0,21
540,1,1,393,484,-91,0.0,20
548,0,0,412,405,7,1.0,23
548,1,1,484,464,20,1.0,23
556,0,0,391,455,-64,0.0,24
556,1,1,540,377,163,1.0,22
564,0,0,419,400,19,1.0,28
564,1,1,449,462,-13,0.0,30
572,0,0,462,483,-21,0.0,20
572,1,1,437,518,-81,0.0,22
580,0,0,527,398,129,1.0,22
580,1,1,362,488,-126,0.0,25
588,0,0,436,481,-45,0.0,25
588,1,1,509,437,72,1.0,20
596,0,0,492,470,22,1.0,26
596,1,1,409,472,-63,0.0,21
604,0,0,510,389,121,1.0,21
604,1,1,374,504,-130,0.0,23
612,0,0,395,412,-17,0.0,19
612,1,1,486,347,139,1.0,23
620,0,0,425,548,-123,0.0,22
620,1,1,508,372,136,1.0,22
628,0,0,504,386,118,1.0,21
628,1,1,420,471,-51,0.0,26
636,0,0,455,500,-45,0.0,20
636,1,1,427,516,-89,0.0,22
644,0,0,492,455,37,1.0,21
644,1,1,487,393,94,1.0,21
652,0,0,417,383,34,1.0,23
652,1,1,603,429,174,1.0,23
660,0,0,462,528,-66,0.0,23
660,1,1,426,455,-29,0.0,22
668,0,0,498,416,82,1.0,23
668,1,1,489,501,-12,0.0,20
676,0,0,411,367,44,1.0,24
676,1,1,392,507,-115,0.0,24
684,0,0,382,367,15,1.0,24
684,1,1,354,420,-66,0.0,25
692,0,0,532,410,122,1.0,25
692,1,1,457,592,-135,0.0,22
700,0,0,556,443,113,1.0,24
700,1,1,465,544,-79,0.0,24
708,0,0,526,396,130,1.0,25
708,1,1,482,529,-47,0.0,22
716,0,0,492,437,55,1.0,23
716,1,1,440,423,17,1.0,24
724,0,0,417,410,7,1.0,23
724,1,1,441,384,57,1.0,23
732,0,0,340,505,-165,0.0,24
732,1,1,540,381,159,1.0,21
740,0,0,527,450,77,1.0,22
740,1,1,453,454,-1,0.0,20
748,0,0,547,367,180,1.0,23
748,1,1,326,450,-124,0.0,29
756,0,0,463,394,69,1.0,24
756,1,1,325,544,-219,0.0,23
764,0,0,442,440,2,1.0,21
764,1,1,426,461,-35,0.0,20
772,0,0,374,478,-104,0.0,29
772,1,1,492,337,155,1.0,22
780,0,0,450,406,44,1.0,26
780,1,1,425,427,-2,0.0,21
788,0,0,495,355,140,1.0,23
788,1,1,427,531,-104,0.0,23
796,0,0,404,541,-137,0.0,22
796,1,1,423,431,-8,0.0,24
804,0,0,479,440,39,1.0,24
804,1,1,532,435,97,1.0,21
812,0,0,481,345,136,1.0,19
812,1,1,464,470,-6,0.0,20
820,0,0,514,426,88,1.0,21
820,1,1,417,495,-78,0.0,23
828,0,0,392,476,-84,0.0,24
828,1,1,489,334,155,1.0,24
836,0,0,415,445,-30,0.0,29
836,1,1,526,313,213,1.0,24
844,0,0,505,339,166,1.0,23
844,1,1,565,427,138,1.0,23
852,0,0,410,471,-61,0.0,24
852,1,1,416,460,-44,0.0,23
860,0,0,504,462,42,1.0,25
860,1,1,458,569,-111,0.0,20
868,0,0,447,590,-143,0.0,21
868,1,1,513,360,153,1.0,24
876,0,0,371,497,-126,0.0,24
876,1,1,480,468,12,1.0,25
884,0,0,538,430,108,1.0,21
884,1,1,439,526,-87,0.0,21
892,0,0,411,370,41,1.0,24
892,1,1,500,387,113,1.0,20
900,0,0,456,478,-22,0.0,20
900,1,1,479,412,67,1.0,23
908,0,0,427,374,53,1.0,23
908,1,1,417,419,-2,0.0,23
916,0,0,424,436,-12,0.0,25
916,1,1,477,427,50,1.0,20
924,0,0,480,484,-4,0.0,29
924,1,1,458,403,55,1.0,23
932,0,0,393,393,0,0.5,27
932,1,1,373,470,-97,0.0,26
940,0,0,428,436,-8,0.0,21
940,1,1,401,452,-51,0.0,25
948,0,0,501,374,127,1.0,24
948,1,1,440,427,13,1.0,27
956,0,0,503,394,109,1.0,20
956,1,1,437,493,-56,0.0,23
964,0,0,466,367,99,1.0,25
964,1,1,449,389,60,1.0,26
972,0,0,600,355,245,1.0,22
972,1,1,471,540,-69,0.0,21
980,0,0,385,307,78,1.0,22
980,1,1,420,415,5,1.0,24
988,0,0,452,380,72,1.0,24
988,1,1,398,486,-88,0.0,21
996,0,0,436,429,7,1.0,21
996,1,1,489,433,56,1.0,23
1004,0,0,443,431,12,1.0,20
1004,1,1,466,469,-3,0.0,20
1012,0,0,400,494,-94,0.0,20
1012,1,1,464,400,64,1.0,23
1020,0,0,485,403,82,1.0,22
1020,1,1,477,401,76,1.0,22
1028,0,0,534,418,116,1.0,22
1028,1,1,466,465,1,1.0,23
1036,0,0,373,499,-126,0.0,22
1036,1,1,470,420,50,1.0,22
1044,0,0,408,352,56,1.0,24
1044,1,1,361,436,-75,0.0,24
1052,0,0,434,488,-54,0.0,24
1052,1,1,431,416,15,1.0,21
1060,0,0,405,512,-107,0.0,20
1060,1,1,573,380,193,1.0,25
1068,0,0,443,487,-44,0.0,22
1068,1,1,430,565,-135,0.0,22
1076,0,0,398,332,66,1.0,24
1076,1,1,391,532,-141,0.0,21
1084,0,0,455,509,-54,0.0,22
1084,1,1,550,468,82,1.0,23
1092,0,0,352,432,-80,0.0,25
1092,1,1,556,420,136,1.0,23
1100,0,0,409,440,-31,0.0,27
1100,1,1,509,344,165,1.0,22
1108,0,0,425,349,76,1.0,23
1108,1,1,447,453,-6,0.0,22
1116,0,0,312,459,-147,0.0,24
1116,1,1,510,338,172,1.0,20
1124,0,0,444,472,-28,0.0,20
1124,1,1,309,436,-127,0.0,22
1132,0,0,486,426,60,1.0,23
1132,1,1,419,459,-40,0.0,23
1140,0,0,490,479,11,1.0,25
1140,1,1,390,507,-117,0.0,21
1148,0,0,495,442,53,1.0,23
1148,1,1,445,408,37,1.0,24
1156,0,0,414,448,-34,0.0,22
1156,1,1,502,435,67,1.0,27
1164,0,0,514,545,-31,0.0,22
1164,1,1,531,479,52,1.0,20
1172,0,0,394,526,-132,0.0,21
1172,1,1,457,427,30,1.0,23
1180,0,0,493,423,70,1.0,23
1180,1,1,344,486,-142,0.0,23
1188,0,0,389,379,10,1.0,23
1188,1,1,374,432,-58,0.0,23
1196,0,0,439,464,-25,0.0,23
1196,1,1,438,389,49,1.0,24
1204,0,0,409,550,-141,0.0,23
1204,1,1,523,319,204,1.0,20
1212,0,0,462,485,-23,0.0,19
1212,1,1,448,483,-35,0.0,22
1220,0,0,574,330,244,1.0,23
1220,1,1,339,488,-149,0.0,27
1228,0,0,413,444,-31,0.0,20
1228,1,1,433,487,-54,0.0,24
1236,0,0,368,422,-54,0.0,25
1236,1,1,456,362,94,1.0,23
1244,0,0,424,548,-124,0.0,22
1244,1,1,525,461,64,1.0,23
1252,0,0,467,342,125,1.0,23
1252,1,1,384,441,-57,0.0,21
1260,0,0,441,435,6,1.0,23
1260,1,1,428,500,-72,0.0,24
1268,0,0,379,467,-88,0.0,24
1268,1,1,499,387,112,1.0,22
1276,0,0,429,470,-41,0.0,25
1276,1,1,424,590,-166,0.0,22
1284,0,0,399,463,-64,0.0,24
1284,1,1,459,426,33,1.0,21
1292,0,0,458,477,-19,0.0,22
1292,1,1,522,406,116,1.0,20
1300,0,0,457,569,-112,0.0,21
1300,1,1,578,389,189,1.0,20
1308,0,0,390,439,-49,0.0,27
1308,1,1,540,359,181,1.0,26
1316,0,0,510,409,101,1.0,21
1316,1,1,439,401,38,1.0,24
1324,0,0,447,444,3,1.0,21
1324,1,1,426,437,-11,0.0,24
1332,0,0,434,398,36,1.0,22
1332,1,1,467,484,-17,0.0,24
1340,0,0,356,395,-39,0.0,22
1340,1,1,395,405,-10,0.0,22
1348,0,0,606,436,170,1.0,21
1348,1,1,434,512,-78,0.0,24
1356,0,0,418,468,-50,0.0,24
1356,1,1,523,340,183,1.0,20
1364,0,0,380,505,-125,0.0,22
1364,1,1,510,432,78,1.0,23
1372,0,0,415,478,-63,0.0,22
1372,1,1,453,428,25,1.0,23
1380,0,0,506,434,72,1.0,23
1380,1,1,421,403,18,1.0,27
1388,0,0,547,392,155,1.0,23
1388,1,1,403,523,-120,0.0,23
1396,0,0,476,409,67,1.0,24
1396,1,1,424,489,-65,0.0,23
1404,0,0,518,416,102,1.0,23
1404,1,1,401,449,-48,0.0,26
1412,0,0,526,443,83,1.0,21
1412,1,1,504,448,56,1.0,25
1420,0,0,454,384,70,1.0,23
1420,1,1,361,496,-135,0.0,23
1428,0,0,334,430,-96,0.0,26
1428,1,1,409,362,47,1.0,30
1436,0,0,454,416,38,1.0,28
1436,1,1,489,390,99,1.0,23
1444,0,0,512,498,14,1.0,21
1444,1,1,416,413,3,1.0,27
1452,0,0,478,501,-23,0.0,21
1452,1,1,478,426,52,1.0,21
1460,0,0,407,490,-83,0.0,22
1460,1,1,331,466,-135,0.0,21
1468,0,0,560,449,111,1.0,23
1468,1,1,417,494,-77,0.0,23
1476,0,0,501,427,74,1.0,21
1476,1,1,485,577,-92,0.0,19
1484,0,0,445,403,42,1.0,24
1484,1,1,426,473,-47,0.0,25
1492,0,0,510,381,129,1.0,22
1492,1,1,480,448,32,1.0,22
1500,0,0,440,440,0,0.5,24
1500,1,1,393,448,-55,0.0,21
1508,0,0,402,509,-107,0.0,20
1508,1,1,357,487,-130,0.0,23
1516,0,0,541,422,119,1.0,25
1516,1,1,406,442,-36,0.0,23
1524,0,0,378,449,-71,0.0,25
1524,1,1,447,496,-49,0.0,21
1532,0,0,459,485,-26,0.0,23
1532,1,1,390,526,-136,0.0,21
1540,0,0,388,505,-117,0.0,25
1540,1,1,455,375,80,1.0,21
1548,0,0,456,418,38,1.0,23
1548,1,1,483,604,-121,0.0,21
1556,0,0,495,464,31,1.0,22
1556,1,1,503,509,-6,0.0,21
1564,0,0,466,436,30,1.0,23
1564,1,1,466,389,77,1.0,22
1572,0,0,383,469,-86,0.0,22
1572,1,1,425,495,-70,0.0,21
1580,0,0,407,435,-28,0.0,25
1580,1,1,379,473,-94,0.0,23
1588,0,0,451,408,43,1.0,25
1588,1,1,538,418,120,1.0,23
1596,0,0,440,445,-5,0.0,23
1596,1,1,471,409,62,1.0,22
1604,0,0,521,497,24,1.0,22
1604,1,1,538,479,59,1.0,19
1612,0,0,481,433,48,1.0,23
1612,1,1,418,406,12,1.0,24
1620,0,0,438,412,26,1.0,21
1620,1,1,460,545,-85,0.0,19
1628,0,0,490,401,89,1.0,22
1628,1,1,474,399,75,1.0,23
1636,0,0,374,411,-37,0.0,24
1636,1,1,403,413,-10,0.0,24
1644,0,0,560,356,204,1.0,21
1644,1,1,390,506,-116,0.0,21
1652,0,0,348,401,-53,0.0,24
1652,1,1,401,417,-16,0.0,22
1660,0,0,534,394,140,1.0,21
1660,1,1,405,415,-10,0.0,24
1668,0,0,455,415,40,1.0,23
1668,1,1,517,467,50,1.0,22
1676,0,0,481,459,22,1.0,23
1676,1,1,407,410,-3,0.0,23
1684,0,0,456,482,-26,0.0,22
1684,1,1,401,429,-28,0.0,23
1692,0,0,363,527,-164,0.0,24
1692,1,1,553,453,100,1.0,22
1700,0,0,497,442,55,1.0,21
1700,1,1,311,493,-182,0.0,22
1708,0,0,423,485,-62,0.0,20
1708,1,1,360,484,-124,0.0,26
1716,0,0,522,372,150,1.0,23
1716,1,1,494,565,-71,0.0,20
1724,0,0,678,460,218,1.0,19
1724,1,1,433,513,-80,0.0,21
1732,0,0,466,496,-30,0.0,21
1732,1,1,599,428,171,1.0,21
1740,0,0,455,370,85,1.0,23
1740,1,1,403,462,-59,0.0,26
1748,0,0,508,295,213,1.0,23
1748,1,1,329,513,-184,0.0,23
1756,0,0,454,372,82,1.0,23
1756,1,1,455,455,0,0.5,23
1764,0,0,350,491,-141,0.0,24
1764,1,1,533,352,181,1.0,18
1772,0,0,500,381,119,1.0,24
1772,1,1,519,530,-11,0.0,21
1780,0,0,514,553,-39,0.0,22
1780,1,1,462,452,10,1.0,22
1788,0,0,539,549,-10,0.0,19
1788,1,1,569,552,17,1.0,20
1796,0,0,422,397,25,1.0,24
1796,1,1,357,456,-99,0.0,27
1804,0,0,497,449,48,1.0,24
1804,1,1,447,422,25,1.0,22
1812,0,0,438,330,108,1.0,25
1812,1,1,359,454,-95,0.0,29
1820,0,0,392,482,-90,0.0,22
1820,1,1,460,416,44,1.0,23
1828,0,0,480,414,66,1.0,21
1828,1,1,353,397,-44,0.0,24
1836,0,0,439,415,24,1.0,23
1836,1,1,400,527,-127,0.0,26
1844,0,0,456,530,-74,0.0,23
1844,1,1,414,427,-13,0.0,26
1852,0,0,402,419,-17,0.0,24
1852,1,1,531,370,161,1.0,22
1860,0,0,445,501,-56,0.0,22
1860,1,1,492,398,94,1.0,24
1868,0,0,378,472,-94,0.0,22
1868,1,1,464,408,56,1.0,21
1876,0,0,456,434,22,1.0,23
1876,1,1,457,474,-17,0.0,21
1884,0,0,535,360,175,1.0,22
1884,1,1,510,523,-13,0.0,20
1892,0,0,372,436,-64,0.0,24
1892,1,1,551,351,200,1.0,23
1900,0,0,462,442,20,1.0,25
1900,1,1,385,495,-110,0.0,23
1908,0,0,483,440,43,1.0,22
1908,1,1,493,528,-35,0.0,22
1916,0,0,485,506,-21,0.0,23
1916,1,1,420,388,32,1.0,22
1924,0,0,549,343,206,1.0,21
1924,1,1,357,451,-94,0.0,22
1932,0,0,397,447,-50,0.0,26
1932,1,1,512,393,119,1.0,20
1940,0,0,420,480,-60,0.0,23
1940,1,1,418,451,-33,0.0,25
1948,0,0,609,482,127,1.0,19
1948,1,1,492,564,-72,0.0,20
1956,0,0,604,335,269,1.0,26
1956,1,1,333,421,-88,0.0,25
1964,0,0,492,520,-28,0.0,21
1964,1,1,456,513,-57,0.0,23
1972,0,0,345,401,-56,0.0,22
1972,1,1,444,322,122,1.0,27
1980,0,0,577,406,171,1.0,21
1980,1,1,427,490,-63,0.0,24
1988,0,0,417,446,-29,0.0,22
1988,1,1,489,392,97,1.0,24
1996,0,0,392,479,-87,0.0,25
1996,1,1,530,377,153,1.0,21
pair,game,a_seat,a_score,b_score,a_spread,a_win,turns
5,0,0,499,444,55,1.0,23
5,1,1,409,386,23,1.0,25
13,0,0,338,418,-80,0.0,25
13,1,1,515,390,125,1.0,21
21,0,0,454,449,5,1.0,21
21,1,1,545,428,117,1.0,23
29,0,0,454,442,12,1.0,28
29,1,1,392,497,-105,0.0,20
37,0,0,441,396,45,1.0,24
37,1,1,429,520,-91,0.0,22
45,0,0,452,472,-20,0.0,21
45,1,1,453,464,-11,0.0,19
53,0,0,615,442,173,1.0,22
53,1,1,440,467,-27,0.0,24
61,0,0,394,421,-27,0.0,25
61,1,1,549,330,219,1.0,21
69,0,0,334,491,-157,0.0,25
69,1,1,538,270,268,1.0,24
77,0,0,400,466,-66,0.0,24
77,1,1,445,384,61,1.0,21
85,0,0,507,553,-46,0.0,19
85,1,1,466,414,52,1.0,21
93,0,0,468,360,108,1.0,28
93,1,1,478,471,7,1.0,23
101,0,0,487,428,59,1.0,23
101,1,1,395,487,-92,0.0,22
109,0,0,537,410,127,1.0,21
109,1,1,431,466,-35,0.0,24
117,0,0,453,526,-73,0.0,25
117,1,1,419,358,61,1.0,27
125,0,0,483,455,28,1.0,18
125,1,1,491,401,90,1.0,19
133,0,0,469,498,-29,0.0,23
133,1,1,527,431,96,1.0,21
141,0,0,488,440,48,1.0,20
141,1,1,470,381,89,1.0,22
149,0,0,486,389,97,1.0,22
149,1,1,357,427,-70,0.0,22
157,0,0,443,433,10,1.0,22
157,1,1,535,417,118,1.0,20
165,0,0,422,534,-112,0.0,21
165,1,1,676,393,283,1.0,19
173,0,0,407,412,-5,0.0,24
173,1,1,343,370,-27,0.0,26
181,0,0,398,467,-69,0.0,23
181,1,1,537,449,88,1.0,22
189,0,0,504,502,2,1.0,21
189,1,1,403,474,-71,0.0,20
197,0,0,444,489,-45,0.0,24
197,1,1,517,387,130,1.0,24
205,0,0,362,438,-76,0.0,23
205,1,1,433,332,101,1.0,24
213,0,0,509,501,8,1.0,24
213,1,1,432,538,-106,0.0,21
221,0,0,456,417,39,1.0,21
221,1,1,465,504,-39,0.0,21
229,0,0,425,420,5,1.0,25
229,1,1,415,489,-74,0.0,26
237,0,0,531,385,146,1.0,21
237,1,1,461,551,-90,0.0,23
245,0,0,431,516,-85,0.0,21
245,1,1,553,414,139,1.0,21
253,0,0,393,357,36,1.0,25
253,1,1,358,425,-67,0.0,26
261,0,0,500,459,41,1.0,21
261,1,1,414,540,-126,0.0,21
269,0,0,484,369,115,1.0,24
269,1,1,400,386,14,1.0,26
277,0,0,354,487,-133,0.0,26
277,1,1,458,354,104,1.0,23
285,0,0,533,471,62,1.0,21
285,1,1,429,335,94,1.0,23
293,0,0,508,546,-38,0.0,20
293,1,1,508,471,37,1.0,25
301,0,0,546,417,129,1.0,21
301,1,1,366,469,-103,0.0,21
309,0,0,444,506,-62,0.0,23
309,1,1,506,465,41,1.0,22
317,0,0,382,511,-129,0.0,22
317,1,1,535,425,110,1.0,23
325,0,0,468,481,-13,0.0,22
325,1,1,470,355,115,1.0,25
333,0,0,529,487,42,1.0,20
333,1,1,476,540,-64,0.0,20
341,0,0,512,420,92,1.0,22
341,1,1,434,522,-88,0.0,22
349,0,0,395,482,-87,0.0,22
349,1,1,506,372,134,1.0,26
357,0,0,414,430,-16,0.0,22
357,1,1,423,381,42,1.0,21
365,0,0,470,450,20,1.0,26
365,1,1,491,438,53,1.0,21
373,0,0,469,493,-24,0.0,22
373,1,1,527,425,102,1.0,21
381,0,0,467,518,-51,0.0,23
381,1,1,512,546,-34,0.0,20
389,0,0,462,504,-42,0.0,22
389,1,1,571,370,201,1.0,21
397,0,0,373,402,-29,0.0,23
397,1,1,416,385,31,1.0,26
405,0,0,441,355,86,1.0,25
405,1,1,487,443,44,1.0,23
413,0,0,529,397,132,1.0,22
413,1,1,384,528,-144,0.0,22
421,0,0,403,441,-38,0.0,23
421,1,1,454,493,-39,0.0,22
429,0,0,469,424,45,1.0,23
429,1,1,388,461,-73,0.0,23
437,0,0,455,375,80,1.0,26
437,1,1,382,436,-54,0.0,24
445,0,0,428,525,-97,0.0,21
445,1,1,553,412,141,1.0,23
453,0,0,508,374,134,1.0,24
453,1,1,480,499,-19,0.0,20
461,0,0,593,488,105,1.0,18
461,1,1,444,481,-37,0.0,21
469,0,0,431,393,38,1.0,21
469,1,1,368,517,-149,0.0,22
477,0,0,476,415,61,1.0,24
477,1,1,501,486,15,1.0,24
485,0,0,398,403,-5,0.0,22
485,1,1,507,440,67,1.0,22
493,0,0,451,590,-139,0.0,23
493,1,1,524,438,86,1.0,24
501,0,0,473,428,45,1.0,22
501,1,1,535,419,116,1.0,22
509,0,0,489,368,121,1.0,24
509,1,1,449,525,-76,0.0,22
517,0,0,457,379,78,1.0,25
517,1,1,489,439,50,1.0,19
525,0,0,556,357,199,1.0,20
525,1,1,399,492,-93,0.0,24
533,0,0,403,360,43,1.0,23
533,1,1,371,426,-55,0.0,27
541,0,0,469,429,40,1.0,21
541,1,1,411,560,-149,0.0,22
549,0,0,485,440,45,1.0,21
549,1,1,535,379,156,1.0,23
557,0,0,539,363,176,1.0,22
557,1,1,543,351,192,1.0,23
565,0,0,478,454,24,1.0,23
565,1,1,383,552,-169,0.0,22
573,0,0,381,530,-149,0.0,23
573,1,1,493,450,43,1.0,20
581,0,0,412,529,-117,0.0,21
581,1,1,510,338,172,1.0,21
589,0,0,482,426,56,1.0,26
589,1,1,460,464,-4,0.0,20
597,0,0,575,449,126,1.0,20
597,1,1,495,444,51,1.0,25
605,0,0,579,363,216,1.0,23
605,1,1,343,489,-146,0.0,21
613,0,0,473,523,-50,0.0,22
613,1,1,437,460,-23,0.0,22
621,0,0,425,602,-177,0.0,21
621,1,1,529,498,31,1.0,24
629,0,0,441,463,-22,0.0,19
629,1,1,476,454,22,1.0,21
637,0,0,436,476,-40,0.0,23
637,1,1,528,401,127,1.0,21
645,0,0,445,484,-39,0.0,24
645,1,1,395,404,-9,0.0,24
653,0,0,486,393,93,1.0,22
653,1,1,445,487,-42,0.0,20
661,0,0,479,464,15,1.0,25
661,1,1,396,451,-55,0.0,24
669,0,0,431,399,32,1.0,23
669,1,1,414,445,-31,0.0,25
677,0,0,368,396,-28,0.0,21
677,1,1,406,472,-66,0.0,20
685,0,0,346,578,-232,0.0,22
685,1,1,426,478,-52,0.0,25
693,0,0,499,462,37,1.0,25
693,1,1,438,443,-5,0.0,26
701,0,0,438,532,-94,0.0,25
701,1,1,469,358,111,1.0,23
709,0,0,417,506,-89,0.0,23
709,1,1,457,407,50,1.0,22
717,0,0,447,458,-11,0.0,24
717,1,1,549,394,155,1.0,20
725,0,0,410,473,-63,0.0,25
725,1,1,431,459,-28,0.0,24
733,0,0,482,434,48,1.0,24
733,1,1,525,426,99,1.0,20
741,0,0,460,467,-7,0.0,21
741,1,1,426,500,-74,0.0,22
749,0,0,362,459,-97,0.0,24
749,1,1,413,374,39,1.0,25
757,0,0,554,455,99,1.0,22
757,1,1,330,497,-167,0.0,22
765,0,0,364,512,-148,0.0,23
765,1,1,466,365,101,1.0,23
773,0,0,342,581,-239,0.0,22
773,1,1,530,386,144,1.0,23
781,0,0,374,458,-84,0.0,24
781,1,1,377,419,-42,0.0,22
789,0,0,530,345,185,1.0,24
789,1,1,389,447,-58,0.0,22
797,0,0,501,447,54,1.0,22
797,1,1,529,474,55,1.0,19
805,0,0,382,408,-26,0.0,22
805,1,1,462,496,-34,0.0,22
813,0,0,417,434,-17,0.0,26
813,1,1,439,386,53,1.0,22
821,0,0,567,381,186,1.0,24
821,1,1,389,533,-144,0.0,22
829,0,0,354,527,-173,0.0,21
829,1,1,576,339,237,1.0,24
837,0,0,454,522,-68,0.0,20
837,1,1,458,497,-39,0.0,19
845,0,0,455,458,-3,0.0,24
845,1,1,511,370,141,1.0,27
853,0,0,401,463,-62,0.0,26
853,1,1,456,396,60,1.0,21
861,0,0,426,455,-29,0.0,23
861,1,1,429,454,-25,0.0,25
869,0,0,392,497,-105,0.0,24
869,1,1,505,394,111,1.0,23
877,0,0,407,427,-20,0.0,24
877,1,1,522,353,169,1.0,21
885,0,0,448,332,116,1.0,24
885,1,1,505,443,62,1.0,25
893,0,0,442,469,-27,0.0,24
893,1,1,549,467,82,1.0,21
901,0,0,487,342,145,1.0,22
901,1,1,481,395,86,1.0,21
909,0,0,462,438,24,1.0,22
909,1,1,440,416,24,1.0,23
917,0,0,385,527,-142,0.0,25
917,1,1,395,504,-109,0.0,24
925,0,0,447,399,48,1.0,22
925,1,1,372,482,-110,0.0,21
933,0,0,485,470,15,1.0,25
933,1,1,485,378,107,1.0,25
941,0,0,386,384,2,1.0,25
941,1,1,474,386,88,1.0,22
949,0,0,344,477,-133,0.0,23
949,1,1,509,476,33,1.0,24
957,0,0,478,386,92,1.0,28
957,1,1,460,438,22,1.0,21
965,0,0,421,426,-5,0.0,24
965,1,1,381,441,-60,0.0,24
973,0,0,415,429,-14,0.0,21
973,1,1,475,437,38,1.0,22
981,0,0,421,459,-38,0.0,20
981,1,1,511,360,151,1.0,21
989,0,0,418,526,-108,0.0,21
989,1,1,503,450,53,1.0,20
997,0,0,527,370,157,1.0,24
997,1,1,446,392,54,1.0,22
1005,0,0,439,331,108,1.0,22
1005,1,1,499,486,13,1.0,23
1013,0,0,455,544,-89,0.0,22
1013,1,1,523,496,27,1.0,23
1021,0,0,534,389,145,1.0,23
1021,1,1,416,408,8,1.0,23
1029,0,0,453,592,-139,0.0,21
1029,1,1,585,412,173,1.0,21
1037,0,0,477,422,55,1.0,23
1037,1,1,368,465,-97,0.0,22
1045,0,0,336,494,-158,0.0,22
1045,1,1,475,440,35,1.0,20
1053,0,0,471,496,-25,0.0,23
1053,1,1,485,408,77,1.0,21
1061,0,0,363,446,-83,0.0,25
1061,1,1,434,443,-9,0.0,23
1069,0,0,502,386,116,1.0,22
1069,1,1,393,585,-192,0.0,23
1077,0,0,394,455,-61,0.0,22
1077,1,1,573,371,202,1.0,23
1085,0,0,426,460,-34,0.0,25
1085,1,1,544,430,114,1.0,24
1093,0,0,331,497,-166,0.0,25
1093,1,1,417,444,-27,0.0,24
1101,0,0,394,454,-60,0.0,27
1101,1,1,493,390,103,1.0,22
1109,0,0,548,396,152,1.0,23
1109,1,1,386,563,-177,0.0,24
1117,0,0,409,525,-116,0.0,22
1117,1,1,435,459,-24,0.0,22
1125,0,0,348,437,-89,0.0,24
1125,1,1,368,395,-27,0.0,22
1133,0,0,455,403,52,1.0,26
1133,1,1,313,439,-126,0.0,23
1141,0,0,511,518,-7,0.0,24
1141,1,1,459,456,3,1.0,22
1149,0,0,629,383,246,1.0,20
1149,1,1,505,429,76,1.0,23
1157,0,0,602,393,209,1.0,22
1157,1,1,479,420,59,1.0,26
1165,0,0,451,445,6,1.0,26
1165,1,1,407,423,-16,0.0,23
1173,0,0,439,493,-54,0.0,22
1173,1,1,532,399,133,1.0,20
1181,0,0,446,429,17,1.0,20
1181,1,1,457,506,-49,0.0,20
1189,0,0,558,433,125,1.0,26
1189,1,1,478,460,18,1.0,25
1197,0,0,423,514,-91,0.0,22
1197,1,1,499,425,74,1.0,23
1205,0,0,568,373,195,1.0,20
1205,1,1,532,408,124,1.0,25
1213,0,0,521,365,156,1.0,21
1213,1,1,544,482,62,1.0,19
1221,0,0,488,481,7,1.0,26
1221,1,1,439,449,-10,0.0,24
1229,0,0,493,437,56,1.0,23
1229,1,1,546,539,7,1.0,19
1237,0,0,476,382,94,1.0,22
1237,1,1,312,509,-197,0.0,24
1245,0,0,481,497,-16,0.0,23
1245,1,1,475,475,0,0.5,23
1253,0,0,411,567,-156,0.0,25
1253,1,1,527,472,55,1.0,22
1261,0,0,568,373,195,1.0,20
1261,1,1,469,394,75,1.0,21
1269,0,0,510,330,180,1.0,23
1269,1,1,317,561,-244,0.0,25
1277,0,0,502,465,37,1.0,22
1277,1,1,471,426,45,1.0,24
1285,0,0,498,392,106,1.0,26
1285,1,1,523,465,58,1.0,24
1293,0,0,499,439,60,1.0,20
1293,1,1,393,508,-115,0.0,23
1301,0,0,486,472,14,1.0,20
1301,1,1,535,414,121,1.0,23
1309,0,0,434,443,-9,0.0,26
1309,1,1,498,445,53,1.0,25
1317,0,0,385,469,-84,0.0,25
1317,1,1,508,329,179,1.0,23
1325,0,0,382,480,-98,0.0,21
1325,1,1,499,453,46,1.0,19
1333,0,0,404,520,-116,0.0,24
1333,1,1,408,354,54,1.0,22
1341,0,0,540,409,131,1.0,23
1341,1,1,441,578,-137,0.0,23
1349,0,0,417,547,-130,0.0,21
1349,1,1,519,348,171,1.0,23
1357,0,0,347,459,-112,0.0,23
1357,1,1,497,381,116,1.0,24
1365,0,0,372,482,-110,0.0,25
1365,1,1,522,418,104,1.0,22
1373,0,0,525,412,113,1.0,22
1373,1,1,414,505,-91,0.0,23
1381,0,0,396,522,-126,0.0,24
1381,1,1,431,425,6,1.0,21
1389,0,0,488,475,13,1.0,23
1389,1,1,456,449,7,1.0,22
1397,0,0,384,433,-49,0.0,23
1397,1,1,626,483,143,1.0,23
1405,0,0,402,385,17,1.0,22
1405,1,1,464,438,26,1.0,23
1413,0,0,434,454,-20,0.0,24
1413,1,1,540,406,134,1.0,24
1421,0,0,391,407,-16,0.0,23
1421,1,1,413,407,6,1.0,25
1429,0,0,353,484,-131,0.0,26
1429,1,1,506,419,87,1.0,24
1437,0,0,422,455,-33,0.0,22
1437,1,1,455,474,-19,0.0,24
1445,0,0,503,411,92,1.0,25
1445,1,1,435,433,2,1.0,25
1453,0,0,457,464,-7,0.0,20
1453,1,1,420,378,42,1.0,24
1461,0,0,556,565,-9,0.0,22
1461,1,1,474,449,25,1.0,22
1469,0,0,372,418,-46,0.0,22
1469,1,1,521,372,149,1.0,26
1477,0,0,399,476,-77,0.0,19
1477,1,1,426,344,82,1.0,21
1485,0,0,371,433,-62,0.0,23
1485,1,1,458,438,20,1.0,22
1493,0,0,451,540,-89,0.0,25
1493,1,1,477,491,-14,0.0,24
1501,0,0,384,455,-71,0.0,24
1501,1,1,478,425,53,1.0,24
1509,0,0,407,407,0,0.5,26
1509,1,1,461,471,-10,0.0,29
1517,0,0,409,382,27,1.0,22
1517,1,1,412,420,-8,0.0,24
1525,0,0,487,407,80,1.0,22
1525,1,1,391,610,-219,0.0,22
1533,0,0,413,513,-100,0.0,21
1533,1,1,579,441,138,1.0,22
1541,0,0,439,411,28,1.0,21
1541,1,1,435,486,-51,0.0,23
1549,0,0,467,464,3,1.0,23
1549,1,1,474,483,-9,0.0,21
1557,0,0,418,450,-32,0.0,21
1557,1,1,521,408,113,1.0,22
1565,0,0,391,367,24,1.0,22
1565,1,1,517,343,174,1.0,24
1573,0,0,422,497,-75,0.0,23
1573,1,1,477,376,101,1.0,25
1581,0,0,497,448,49,1.0,20
1581,1,1,401,456,-55,0.0,20
1589,0,0,504,419,85,1.0,22
1589,1,1,431,409,22,1.0,25
1597,0,0,465,421,44,1.0,22
1597,1,1,435,473,-38,0.0,21
1605,0,0,488,510,-22,0.0,22
1605,1,1,438,483,-45,0.0,24
1613,0,0,464,458,6,1.0,20
1613,1,1,479,413,66,1.0,27
1621,0,0,353,537,-184,0.0,23
1621,1,1,544,447,97,1.0,20
1629,0,0,467,499,-32,0.0,24
1629,1,1,447,557,-110,0.0,20
1637,0,0,440,580,-140,0.0,23
1637,1,1,528,398,130,1.0,20
1645,0,0,394,444,-50,0.0,23
1645,1,1,396,372,24,1.0,29
1653,0,0,438,388,50,1.0,23
1653,1,1,423,384,39,1.0,23
1661,0,0,396,484,-88,0.0,23
1661,1,1,518,289,229,1.0,24
1669,0,0,435,353,82,1.0,22
1669,1,1,365,495,-130,0.0,22
1677,0,0,479,433,46,1.0,22
1677,1,1,447,455,-8,0.0,24
1685,0,0,471,385,86,1.0,22
1685,1,1,470,534,-64,0.0,23
1693,0,0,521,493,28,1.0,23
1693,1,1,486,525,-39,0.0,20
1701,0,0,471,411,60,1.0,25
1701,1,1,553,393,160,1.0,26
1709,0,0,467,493,-26,0.0,19
1709,1,1,609,408,201,1.0,21
1717,0,0,406,427,-21,0.0,24
1717,1,1,465,370,95,1.0,23
1725,0,0,366,539,-173,0.0,23
1725,1,1,396,347,49,1.0,23
1733,0,0,465,434,31,1.0,21
1733,1,1,472,510,-38,0.0,23
1741,0,0,439,423,16,1.0,24
1741,1,1,451,342,109,1.0,21
1749,0,0,399,384,15,1.0,23
1749,1,1,447,422,25,1.0,25
1757,0,0,466,442,24,1.0,21
1757,1,1,479,446,33,1.0,25
1765,0,0,483,442,41,1.0,24
1765,1,1,441,403,38,1.0,25
1773,0,0,476,490,-14,0.0,20
1773,1,1,483,380,103,1.0,23
1781,0,0,477,360,117,1.0,23
1781,1,1,358,545,-187,0.0,22
1789,0,0,458,452,6,1.0,23
1789,1,1,486,426,60,1.0,24
1797,0,0,435,462,-27,0.0,26
1797,1,1,516,460,56,1.0,23
1805,0,0,436,364,72,1.0,23
1805,1,1,486,426,60,1.0,21
1813,0,0,440,376,64,1.0,23
1813,1,1,442,506,-64,0.0,22
1821,0,0,367,525,-158,0.0,21
1821,1,1,353,509,-156,0.0,22
1829,0,0,448,462,-14,0.0,22
1829,1,1,450,354,96,1.0,22
1837,0,0,314,488,-174,0.0,23
1837,1,1,506,424,82,1.0,22
1845,0,0,425,410,15,1.0,22
1845,1,1,319,519,-200,0.0,22
1853,0,0,402,521,-119,0.0,23
1853,1,1,499,397,102,1.0,25
1861,0,0,457,569,-112,0.0,22
1861,1,1,524,497,27,1.0,23
1869,0,0,430,385,45,1.0,20
1869,1,1,480,453,27,1.0,24
1877,0,0,409,476,-67,0.0,24
1877,1,1,478,424,54,1.0,21
1885,0,0,490,544,-54,0.0,22
1885,1,1,504,455,49,1.0,20
1893,0,0,441,320,121,1.0,36
1893,1,1,374,432,-58,0.0,25
1901,0,0,483,477,6,1.0,24
1901,1,1,438,389,49,1.0,24
1909,0,0,465,404,61,1.0,23
1909,1,1,465,492,-27,0.0,22
1917,0,0,429,469,-40,0.0,26
1917,1,1,335,440,-105,0.0,27
1925,0,0,529,394,135,1.0,20
1925,1,1,413,451,-38,0.0,24
1933,0,0,375,383,-8,0.0,25
1933,1,1,453,365,88,1.0,24
1941,0,0,370,473,-103,0.0,22
1941,1,1,425,385,40,1.0,25
1949,0,0,439,499,-60,0.0,21
1949,1,1,468,475,-7,0.0,24
1957,0,0,473,406,67,1.0,22
1957,1,1,439,474,-35,0.0,22
1965,0,0,486,446,40,1.0,21
1965,1,1,425,520,-95,0.0,21
1973,0,0,513,419,94,1.0,21
1973,1,1,489,348,141,1.0,25
1981,0,0,484,353,131,1.0,25
1981,1,1,385,477,-92,0.0,24
1989,0,0,572,382,190,1.0,20
1989,1,1,432,475,-43,0.0,23
1997,0,0,419,494,-75,0.0,25
1997,1,1,478,496,-18,0.0,20
pair,game,a_seat,a_score,b_score,a_spread,a_win,turns
6,0,0,391,459,-68,0.0,20
6,1,1,401,416,-15,0.0,24
14,0,0,358,461,-103,0.0,23
14,1,1,470,412,58,1.0,23
22,0,0,494,393,101,1.0,20
22,1,1,434,495,-61,0.0,23
30,0,0,468,317,151,1.0,25
30,1,1,285,524,-239,0.0,23
38,0,0,471,525,-54,0.0,23
38,1,1,380,450,-70,0.0,21
46,0,0,438,460,-22,0.0,21
46,1,1,493,386,107,1.0,22
54,0,0,460,517,-57,0.0,22
54,1,1,430,409,21,1.0,19
62,0,0,454,445,9,1.0,21
62,1,1,332,470,-138,0.0,23
70,0,0,494,448,46,1.0,23
70,1,1,489,473,16,1.0,23
78,0,0,435,400,35,1.0,23
78,1,1,596,518,78,1.0,22
86,0,0,495,435,60,1.0,19
86,1,1,390,646,-256,0.0,22
94,0,0,479,398,81,1.0,25
94,1,1,397,366,31,1.0,22
102,0,0,508,424,84,1.0,21
102,1,1,451,490,-39,0.0,21
110,0,0,424,493,-69,0.0,23
110,1,1,420,411,9,1.0,21
118,0,0,475,462,13,1.0,21
118,1,1,440,501,-61,0.0,23
126,0,0,545,376,169,1.0,19
126,1,1,388,458,-70,0.0,21
134,0,0,412,473,-61,0.0,22
134,1,1,447,418,29,1.0,21
142,0,0,534,347,187,1.0,22
142,1,1,448,397,51,1.0,24
150,0,0,448,438,10,1.0,23
150,1,1,428,459,-31,0.0,25
158,0,0,537,344,193,1.0,23
158,1,1,399,426,-27,0.0,25
166,0,0,453,449,4,1.0,23
166,1,1,466,434,32,1.0,23
174,0,0,471,352,119,1.0,25
174,1,1,447,432,15,1.0,26
182,0,0,392,503,-111,0.0,22
182,1,1,449,403,46,1.0,23
190,0,0,476,567,-91,0.0,22
190,1,1,486,479,7,1.0,26
198,0,0,422,422,0,0.5,25
198,1,1,383,474,-91,0.0,21
206,0,0,366,501,-135,0.0,25
206,1,1,492,380,112,1.0,24
214,0,0,490,413,77,1.0,23
214,1,1,425,557,-132,0.0,21
222,0,0,369,588,-219,0.0,22
222,1,1,450,418,32,1.0,23
230,0,0,535,459,76,1.0,21
230,1,1,374,556,-182,0.0,22
238,0,0,464,394,70,1.0,24
238,1,1,341,486,-145,0.0,22
246,0,0,450,521,-71,0.0,23
246,1,1,588,329,259,1.0,26
254,0,0,508,485,23,1.0,22
254,1,1,427,469,-42,0.0,25
262,0,0,343,522,-179,0.0,20
262,1,1,441,438,3,1.0,22
270,0,0,352,473,-121,0.0,20
270,1,1,586,422,164,1.0,20
278,0,0,399,487,-88,0.0,25
278,1,1,450,467,-17,0.0,21
286,0,0,521,421,100,1.0,24
286,1,1,468,462,6,1.0,28
294,0,0,434,418,16,1.0,24
294,1,1,603,372,231,1.0,21
302,0,0,492,497,-5,0.0,26
302,1,1,443,463,-20,0.0,23
310,0,0,421,470,-49,0.0,21
310,1,1,429,396,33,1.0,27
318,0,0,439,514,-75,0.0,23
318,1,1,491,494,-3,0.0,22
326,0,0,420,395,25,1.0,26
326,1,1,351,535,-184,0.0,26
334,0,0,515,481,34,1.0,22
334,1,1,415,426,-11,0.0,22
342,0,0,428,421,7,1.0,25
342,1,1,369,468,-99,0.0,25
350,0,0,556,440,116,1.0,23
350,1,1,472,441,31,1.0,21
358,0,0,432,403,29,1.0,22
358,1,1,417,500,-83,0.0,22
366,0,0,518,458,60,1.0,24
366,1,1,388,473,-85,0.0,24
374,0,0,386,494,-108,0.0,23
374,1,1,575,410,165,1.0,23
382,0,0,373,493,-120,0.0,23
382,1,1,445,417,28,1.0,23
390,0,0,437,357,80,1.0,24
390,1,1,412,486,-74,0.0,24
398,0,0,423,413,10,1.0,21
398,1,1,362,528,-166,0.0,23
406,0,0,474,432,42,1.0,21
406,1,1,421,423,-2,0.0,22
414,0,0,550,414,136,1.0,22
414,1,1,380,593,-213,0.0,23
422,0,0,492,403,89,1.0,22
422,1,1,424,477,-53,0.0,24
430,0,0,418,486,-68,0.0,22
430,1,1,516,438,78,1.0,22
438,0,0,400,447,-47,0.0,23
438,1,1,439,456,-17,0.0,24
446,0,0,449,460,-11,0.0,21
446,1,1,478,508,-30,0.0,21
454,0,0,477,319,158,1.0,24
454,1,1,443,514,-71,0.0,20
462,0,0,458,372,86,1.0,22
462,1,1,485,413,72,1.0,27
470,0,0,417,358,59,1.0,21
470,1,1,414,417,-3,0.0,24
478,0,0,521,422,99,1.0,23
478,1,1,392,470,-78,0.0,21
486,0,0,539,422,117,1.0,22
486,1,1,614,477,137,1.0,23
494,0,0,503,483,20,1.0,23
494,1,1,441,479,-38,0.0,29
502,0,0,505,459,46,1.0,23
502,1,1,436,418,18,1.0,21
510,0,0,440,425,15,1.0,21
510,1,1,407,352,55,1.0,23
518,0,0,472,448,24,1.0,23
518,1,1,532,490,42,1.0,22
526,0,0,457,486,-29,0.0,24
526,1,1,394,357,37,1.0,26
534,0,0,481,384,97,1.0,20
534,1,1,461,496,-35,0.0,21
542,0,0,565,405,160,1.0,24
542,1,1,496,501,-5,0.0,23
550,0,0,469,458,11,1.0,22
550,1,1,406,564,-158,0.0,24
558,0,0,433,408,25,1.0,23
558,1,1,397,376,21,1.0,22
566,0,0,457,450,7,1.0,19
566,1,1,413,425,-12,0.0,21
574,0,0,428,419,9,1.0,23
574,1,1,480,399,81,1.0,23
582,0,0,587,391,196,1.0,21
582,1,1,325,618,-293,0.0,23
590,0,0,429,452,-23,0.0,22
590,1,1,512,421,91,1.0,22
598,0,0,383,403,-20,0.0,25
598,1,1,381,299,82,1.0,25
606,0,0,443,471,-28,0.0,21
606,1,1,370,509,-139,0.0,19
614,0,0,499,383,116,1.0,24
614,1,1,589,455,134,1.0,24
622,0,0,415,410,5,1.0,23
622,1,1,383,442,-59,0.0,24
630,0,0,485,422,63,1.0,21
630,1,1,314,530,-216,0.0,23
638,0,0,475,378,97,1.0,25
638,1,1,531,467,64,1.0,24
646,0,0,404,468,-64,0.0,23
646,1,1,333,423,-90,0.0,27
654,0,0,428,388,40,1.0,24
654,1,1,445,382,63,1.0,24
662,0,0,499,364,135,1.0,23
662,1,1,388,557,-169,0.0,23
670,0,0,500,388,112,1.0,20
670,1,1,442,538,-96,0.0,27
678,0,0,413,504,-91,0.0,23
678,1,1,506,419,87,1.0,23
686,0,0,405,510,-105,0.0,25
686,1,1,534,498,36,1.0,25
694,0,0,463,350,113,1.0,25
694,1,1,319,509,-190,0.0,21
702,0,0,571,409,162,1.0,23
702,1,1,493,406,87,1.0,23
710,0,0,405,441,-36,0.0,26
710,1,1,520,394,126,1.0,20
718,0,0,453,352,101,1.0,24
718,1,1,362,445,-83,0.0,24
726,0,0,481,540,-59,0.0,26
726,1,1,439,475,-36,0.0,26
734,0,0,410,520,-110,0.0,24
734,1,1,459,352,107,1.0,26
742,0,0,599,332,267,1.0,25
742,1,1,422,456,-34,0.0,28
750,0,0,514,365,149,1.0,23
750,1,1,450,496,-46,0.0,25
758,0,0,438,436,2,1.0,21
758,1,1,419,483,-64,0.0,21
766,0,0,503,420,83,1.0,25
766,1,1,446,436,10,1.0,27
774,0,0,496,386,110,1.0,22
774,1,1,444,528,-84,0.0,18
782,0,0,512,460,52,1.0,23
782,1,1,329,537,-208,0.0,21
790,0,0,489,456,33,1.0,21
790,1,1,438,472,-34,0.0,22
798,0,0,434,386,48,1.0,22
798,1,1,411,509,-98,0.0,21
806,0,0,497,390,107,1.0,27
806,1,1,466,376,90,1.0,22
814,0,0,440,460,-20,0.0,25
814,1,1,401,402,-1,0.0,26
822,0,0,484,516,-32,0.0,22
822,1,1,510,557,-47,0.0,19
830,0,0,490,427,63,1.0,21
830,1,1,432,358,74,1.0,25
838,0,0,534,429,105,1.0,19
838,1,1,501,561,-60,0.0,21
846,0,0,432,433,-1,0.0,21
846,1,1,441,496,-55,0.0,24
854,0,0,495,466,29,1.0,21
854,1,1,490,386,104,1.0,23
862,0,0,461,427,34,1.0,24
862,1,1,432,584,-152,0.0,23
870,0,0,540,401,139,1.0,25
870,1,1,479,547,-68,0.0,25
878,0,0,478,414,64,1.0,25
878,1,1,425,497,-72,0.0,23
886,0,0,409,472,-63,0.0,23
886,1,1,485,404,81,1.0,24
894,0,0,457,427,30,1.0,22
894,1,1,394,415,-21,0.0,24
902,0,0,376,425,-49,0.0,24
902,1,1,485,374,111,1.0,22
910,0,0,470,440,30,1.0,24
910,1,1,446,408,38,1.0,29
918,0,0,432,537,-105,0.0,22
918,1,1,596,509,87,1.0,21
926,0,0,403,459,-56,0.0,21
926,1,1,502,401,101,1.0,23
934,0,0,521,320,201,1.0,21
934,1,1,424,487,-63,0.0,21
942,0,0,416,415,1,1.0,26
942,1,1,389,473,-84,0.0,26
950,0,0,428,488,-60,0.0,19
950,1,1,492,408,84,1.0,23
958,0,0,351,526,-175,0.0,22
958,1,1,587,361,226,1.0,24
966,0,0,587,342,245,1.0,25
966,1,1,399,447,-48,0.0,25
974,0,0,435,488,-53,0.0,24
974,1,1,502,394,108,1.0,26
982,0,0,377,389,-12,0.0,27
982,1,1,486,445,41,1.0,24
990,0,0,502,413,89,1.0,23
990,1,1,507,491,16,1.0,22
998,0,0,338,429,-91,0.0,26
998,1,1,487,404,83,1.0,23
1006,0,0,429,483,-54,0.0,24
1006,1,1,440,335,105,1.0,24
1014,0,0,424,421,3,1.0,23
1014,1,1,425,480,-55,0.0,22
1022,0,0,474,384,90,1.0,25
1022,1,1,299,471,-172,0.0,23
1030,0,0,475,539,-64,0.0,22
1030,1,1,508,453,55,1.0,21
1038,0,0,319,552,-233,0.0,26
1038,1,1,426,451,-25,0.0,21
1046,0,0,489,340,149,1.0,25
1046,1,1,464,368,96,1.0,32
1054,0,0,426,464,-38,0.0,22
1054,1,1,458,433,25,1.0,27
1062,0,0,422,470,-48,0.0,22
1062,1,1,461,369,92,1.0,24
1070,0,0,449,538,-89,0.0,23
1070,1,1,339,540,-201,0.0,21
1078,0,0,424,483,-59,0.0,22
1078,1,1,426,498,-72,0.0,22
1086,0,0,374,521,-147,0.0,21
1086,1,1,536,444,92,1.0,22
1094,0,0,510,386,124,1.0,25
1094,1,1,428,484,-56,0.0,24
1102,0,0,415,482,-67,0.0,22
1102,1,1,442,430,12,1.0,22
1110,0,0,405,509,-104,0.0,20
1110,1,1,453,417,36,1.0,20
1118,0,0,395,515,-120,0.0,22
1118,1,1,461,503,-42,0.0,21
1126,0,0,427,438,-11,0.0,21
1126,1,1,477,362,115,1.0,23
1134,0,0,434,523,-89,0.0,22
1134,1,1,486,383,103,1.0,22
1142,0,0,441,458,-17,0.0,26
1142,1,1,535,411,124,1.0,21
1150,0,0,414,454,-40,0.0,26
1150,1,1,449,380,69,1.0,23
1158,0,0,395,546,-151,0.0,22
1158,1,1,458,392,66,1.0,21
1166,0,0,560,452,108,1.0,27
1166,1,1,412,471,-59,0.0,25
1174,0,0,426,443,-17,0.0,25
1174,1,1,450,372,78,1.0,25
1182,0,0,434,422,12,1.0,23
1182,1,1,450,446,4,1.0,23
1190,0,0,419,514,-95,0.0,22
1190,1,1,349,455,-106,0.0,22
1198,0,0,437,509,-72,0.0,23
1198,1,1,395,462,-67,0.0,24
1206,0,0,489,528,-39,0.0,20
1206,1,1,517,507,10,1.0,22
1214,0,0,344,476,-132,0.0,24
1214,1,1,427,389,38,1.0,23
1222,0,0,338,531,-193,0.0,23
1222,1,1,406,406,0,0.5,27
1230,0,0,479,400,79,1.0,25
1230,1,1,391,442,-51,0.0,24
1238,0,0,416,503,-87,0.0,26
1238,1,1,452,458,-6,0.0,21
1246,0,0,419,502,-83,0.0,20
1246,1,1,419,390,29,1.0,24
1254,0,0,437,465,-28,0.0,24
1254,1,1,396,416,-20,0.0,22
1262,0,0,408,371,37,1.0,23
1262,1,1,264,490,-226,0.0,24
1270,0,0,431,580,-149,0.0,22
1270,1,1,596,477,119,1.0,26
1278,0,0,469,378,91,1.0,25
1278,1,1,410,516,-106,0.0,23
1286,0,0,427,430,-3,0.0,22
1286,1,1,402,487,-85,0.0,22
1294,0,0,418,340,78,1.0,23
1294,1,1,366,447,-81,0.0,23
1302,0,0,431,456,-25,0.0,23
1302,1,1,466,446,20,1.0,23
1310,0,0,414,431,-17,0.0,23
1310,1,1,510,421,89,1.0,25
1318,0,0,404,573,-169,0.0,24
1318,1,1,506,404,102,1.0,22
1326,0,0,419,558,-139,0.0,21
1326,1,1,596,340,256,1.0,24
1334,0,0,507,412,95,1.0,22
1334,1,1,457,382,75,1.0,23
1342,0,0,574,298,276,1.0,23
1342,1,1,388,424,-36,0.0,27
1350,0,0,468,416,52,1.0,22
1350,1,1,401,565,-164,0.0,22
1358,0,0,577,383,194,1.0,19
1358,1,1,425,540,-115,0.0,21
1366,0,0,543,510,33,1.0,22
1366,1,1,389,477,-88,0.0,23
1374,0,0,448,376,72,1.0,24
1374,1,1,364,448,-84,0.0,25
1382,0,0,499,378,121,1.0,24
1382,1,1,440,488,-48,0.0,25
1390,0,0,516,460,56,1.0,26
1390,1,1,463,484,-21,0.0,23
1398,0,0,501,462,39,1.0,23
1398,1,1,362,562,-200,0.0,25
1406,0,0,426,463,-37,0.0,24
1406,1,1,457,435,22,1.0,24
1414,0,0,527,366,161,1.0,21
1414,1,1,346,440,-94,0.0,22
1422,0,0,398,490,-92,0.0,22
1422,1,1,363,403,-40,0.0,24
1430,0,0,522,439,83,1.0,20
1430,1,1,423,505,-82,0.0,21
1438,0,0,442,524,-82,0.0,22
1438,1,1,463,459,4,1.0,20
1446,0,0,443,435,8,1.0,20
1446,1,1,401,491,-90,0.0,22
1454,0,0,516,348,168,1.0,25
1454,1,1,419,400,19,1.0,22
1462,0,0,481,490,-9,0.0,26
1462,1,1,492,422,70,1.0,24
1470,0,0,455,423,32,1.0,20
1470,1,1,491,447,44,1.0,24
1478,0,0,412,437,-25,0.0,26
1478,1,1,423,449,-26,0.0,23
1486,0,0,330,416,-86,0.0,26
1486,1,1,593,407,186,1.0,28
1494,0,0,387,523,-136,0.0,21
1494,1,1,444,439,5,1.0,20
1502,0,0,468,427,41,1.0,22
1502,1,1,457,415,42,1.0,24
1510,0,0,463,375,88,1.0,21
1510,1,1,343,535,-192,0.0,19
1518,0,0,474,509,-35,0.0,19
1518,1,1,535,459,76,1.0,21
1526,0,0,509,432,77,1.0,22
1526,1,1,362,506,-144,0.0,19
1534,0,0,396,490,-94,0.0,22
1534,1,1,484,417,67,1.0,24
1542,0,0,507,459,48,1.0,21
1542,1,1,485,483,2,1.0,23
1550,0,0,428,377,51,1.0,23
1550,1,1,451,448,3,1.0,21
1558,0,0,516,233,283,1.0,25
1558,1,1,337,430,-93,0.0,27
1566,0,0,492,395,97,1.0,21
1566,1,1,536,448,88,1.0,22
1574,0,0,362,502,-140,0.0,22
1574,1,1,429,409,20,1.0,20
1582,0,0,510,418,92,1.0,23
1582,1,1,439,437,2,1.0,26
1590,0,0,462,330,132,1.0,23
1590,1,1,431,586,-155,0.0,23
1598,0,0,498,355,143,1.0,21
1598,1,1,422,470,-48,0.0,23
1606,0,0,582,323,259,1.0,23
1606,1,1,417,475,-58,0.0,20
1614,0,0,386,412,-26,0.0,22
1614,1,1,445,390,55,1.0,22
1622,0,0,527,438,89,1.0,22
1622,1,1,405,482,-77,0.0,24
1630,0,0,398,360,38,1.0,25
1630,1,1,372,535,-163,0.0,23
1638,0,0,472,351,121,1.0,21
1638,1,1,492,345,147,1.0,25
1646,0,0,430,467,-37,0.0,20
1646,1,1,482,430,52,1.0,19
1654,0,0,363,502,-139,0.0,22
1654,1,1,513,332,181,1.0,22
1662,0,0,375,423,-48,0.0,24
1662,1,1,436,429,7,1.0,26
1670,0,0,412,508,-96,0.0,24
1670,1,1,461,450,11,1.0,21
1678,0,0,478,451,27,1.0,22
1678,1,1,500,407,93,1.0,26
1686,0,0,411,510,-99,0.0,24
1686,1,1,488,370,118,1.0,20
1694,0,0,486,483,3,1.0,22
1694,1,1,460,380,80,1.0,24
1702,0,0,419,412,7,1.0,27
1702,1,1,447,387,60,1.0,24
1710,0,0,386,459,-73,0.0,26
1710,1,1,500,365,135,1.0,26
1718,0,0,555,489,66,1.0,23
1718,1,1,492,524,-32,0.0,23
1726,0,0,547,415,132,1.0,24
1726,1,1,553,400,153,1.0,22
1734,0,0,392,466,-74,0.0,22
1734,1,1,425,447,-22,0.0,22
1742,0,0,429,495,-66,0.0,22
1742,1,1,480,504,-24,0.0,21
1750,0,0,461,360,101,1.0,25
1750,1,1,322,505,-183,0.0,24
1758,0,0,454,389,65,1.0,22
1758,1,1,469,521,-52,0.0,23
1766,0,0,529,439,90,1.0,20
1766,1,1,408,475,-67,0.0,20
1774,0,0,373,470,-97,0.0,24
1774,1,1,460,414,46,1.0,26
1782,0,0,504,411,93,1.0,25
1782,1,1,323,429,-106,0.0,21
1790,0,0,488,516,-28,0.0,19
1790,1,1,500,360,140,1.0,21
1798,0,0,532,387,145,1.0,26
1798,1,1,420,425,-5,0.0,24
1806,0,0,404,450,-46,0.0,21
1806,1,1,422,417,5,1.0,27
1814,0,0,427,391,36,1.0,22
1814,1,1,378,420,-42,0.0,23
1822,0,0,402,514,-112,0.0,22
1822,1,1,355,502,-147,0.0,21
1830,0,0,418,402,16,1.0,23
1830,1,1,453,388,65,1.0,23
1838,0,0,453,415,38,1.0,23
1838,1,1,467,322,145,1.0,24
1846,0,0,457,494,-37,0.0,21
1846,1,1,402,506,-104,0.0,23
1854,0,0,508,399,109,1.0,21
1854,1,1,432,428,4,1.0,23
1862,0,0,431,432,-1,0.0,25
1862,1,1,423,442,-19,0.0,21
1870,0,0,455,378,77,1.0,22
1870,1,1,356,448,-92,0.0,25
1878,0,0,587,413,174,1.0,21
1878,1,1,446,475,-29,0.0,23
1886,0,0,456,478,-22,0.0,21
1886,1,1,494,431,63,1.0,23
1894,0,0,557,375,182,1.0,21
1894,1,1,385,529,-144,0.0,21
1902,0,0,385,355,30,1.0,24
1902,1,1,385,438,-53,0.0,24
1910,0,0,493,420,73,1.0,21
1910,1,1,460,487,-27,0.0,21
1918,0,0,452,515,-63,0.0,23
1918,1,1,459,388,71,1.0,31
1926,0,0,361,441,-80,0.0,26
1926,1,1,482,428,54,1.0,23
1934,0,0,482,418,64,1.0,21
1934,1,1,391,530,-139,0.0,21
1942,0,0,495,472,23,1.0,21
1942,1,1,490,395,95,1.0,28
1950,0,0,537,418,119,1.0,20
1950,1,1,409,552,-143,0.0,23
1958,0,0,524,376,148,1.0,24
1958,1,1,337,518,-181,0.0,24
1966,0,0,433,476,-43,0.0,22
1966,1,1,421,422,-1,0.0,22
1974,0,0,385,533,-148,0.0,25
1974,1,1,481,399,82,1.0,31
1982,0,0,401,453,-52,0.0,23
1982,1,1,422,340,82,1.0,20
1990,0,0,518,383,135,1.0,26
1990,1,1,395,573,-178,0.0,22
1998,0,0,510,437,73,1.0,22
1998,1,1,563,456,107,1.0,21
pair,game,a_seat,a_score,b_score,a_spread,a_win,turns
7,0,0,395,443,-48,0.0,24
7,1,1,490,482,8,1.0,24
15,0,0,424,465,-41,0.0,23
15,1,1,477,396,81,1.0,23
23,0,0,678,352,326,1.0,23
23,1,1,362,520,-158,0.0,22
31,0,0,525,472,53,1.0,20
31,1,1,369,408,-39,0.0,20
39,0,0,431,392,39,1.0,25
39,1,1,515,349,166,1.0,22
47,0,0,386,533,-147,0.0,23
47,1,1,460,458,2,1.0,24
55,0,0,501,404,97,1.0,23
55,1,1,397,444,-47,0.0,22
63,0,0,461,514,-53,0.0,24
63,1,1,477,303,174,1.0,21
71,0,0,367,437,-70,0.0,25
71,1,1,444,536,-92,0.0,23
79,0,0,428,495,-67,0.0,26
79,1,1,488,438,50,1.0,25
87,0,0,353,482,-129,0.0,24
87,1,1,401,397,4,1.0,24
95,0,0,506,508,-2,0.0,19
95,1,1,480,450,30,1.0,24
103,0,0,366,476,-110,0.0,23
103,1,1,465,374,91,1.0,24
111,0,0,427,561,-134,0.0,21
111,1,1,564,428,136,1.0,21
119,0,0,410,379,31,1.0,23
119,1,1,469,396,73,1.0,22
127,0,0,556,504,52,1.0,21
127,1,1,407,563,-156,0.0,23
135,0,0,415,538,-123,0.0,22
135,1,1,426,511,-85,0.0,21
143,0,0,459,490,-31,0.0,19
143,1,1,453,539,-86,0.0,20
151,0,0,505,333,172,1.0,22
151,1,1,419,540,-121,0.0,20
159,0,0,358,499,-141,0.0,23
159,1,1,520,382,138,1.0,26
167,0,0,449,357,92,1.0,23
167,1,1,420,499,-79,0.0,24
175,0,0,405,444,-39,0.0,21
175,1,1,516,456,60,1.0,25
183,0,0,433,462,-29,0.0,21
183,1,1,461,425,36,1.0,24
191,0,0,372,477,-105,0.0,23
191,1,1,494,383,111,1.0,24
199,0,0,363,401,-38,0.0,21
199,1,1,558,474,84,1.0,21
207,0,0,411,413,-2,0.0,22
207,1,1,465,384,81,1.0,26
215,0,0,375,478,-103,0.0,23
215,1,1,614,386,228,1.0,23
223,0,0,487,420,67,1.0,23
223,1,1,398,491,-93,0.0,23
231,0,0,463,452,11,1.0,20
231,1,1,454,545,-91,0.0,22
239,0,0,445,491,-46,0.0,27
239,1,1,495,413,82,1.0,21
247,0,0,474,362,112,1.0,24
247,1,1,434,510,-76,0.0,21
255,0,0,523,461,62,1.0,22
255,1,1,408,462,-54,0.0,24
263,0,0,472,528,-56,0.0,19
263,1,1,536,452,84,1.0,21
271,0,0,381,460,-79,0.0,23
271,1,1,452,401,51,1.0,23
279,0,0,413,440,-27,0.0,23
279,1,1,419,429,-10,0.0,26
287,0,0,563,348,215,1.0,29
287,1,1,531,500,31,1.0,21
295,0,0,501,397,104,1.0,24
295,1,1,411,528,-117,0.0,25
303,0,0,397,425,-28,0.0,22
303,1,1,510,428,82,1.0,22
311,0,0,421,498,-77,0.0,22
311,1,1,537,328,209,1.0,24
319,0,0,486,448,38,1.0,21
319,1,1,494,514,-20,0.0,21
327,0,0,484,441,43,1.0,21
327,1,1,465,477,-12,0.0,21
335,0,0,367,505,-138,0.0,21
335,1,1,444,421,23,1.0,20
343,0,0,389,464,-75,0.0,23
343,1,1,597,369,228,1.0,21
351,0,0,456,414,42,1.0,25
351,1,1,402,562,-160,0.0,24
359,0,0,454,414,40,1.0,22
359,1,1,513,433,80,1.0,21
367,0,0,458,464,-6,0.0,22
367,1,1,457,466,-9,0.0,22
375,0,0,361,507,-146,0.0,23
375,1,1,451,463,-12,0.0,22
383,0,0,468,549,-81,0.0,22
383,1,1,511,494,17,1.0,21
391,0,0,423,482,-59,0.0,23
391,1,1,441,352,89,1.0,23
399,0,0,543,454,89,1.0,21
399,1,1,380,524,-144,0.0,25
407,0,0,378,404,-26,0.0,20
407,1,1,428,394,34,1.0,24
415,0,0,456,395,61,1.0,21
415,1,1,344,519,-175,0.0,24
423,0,0,435,557,-122,0.0,22
423,1,1,398,348,50,1.0,25
431,0,0,493,495,-2,0.0,20
431,1,1,421,449,-28,0.0,23
439,0,0,433,478,-45,0.0,21
439,1,1,431,489,-58,0.0,22
447,0,0,386,496,-110,0.0,22
447,1,1,544,362,182,1.0,21
455,0,0,439,455,-16,0.0,24
455,1,1,447,442,5,1.0,22
463,0,0,409,358,51,1.0,24
463,1,1,392,445,-53,0.0,23
471,0,0,417,448,-31,0.0,24
471,1,1,514,478,36,1.0,22
479,0,0,472,394,78,1.0,22
479,1,1,391,420,-29,0.0,23
487,0,0,446,517,-71,0.0,21
487,1,1,514,457,57,1.0,21
495,0,0,299,498,-199,0.0,23
495,1,1,372,434,-62,0.0,27
503,0,0,533,480,53,1.0,23
503,1,1,429,505,-76,0.0,28
511,0,0,462,474,-12,0.0,24
511,1,1,470,558,-88,0.0,19
519,0,0,465,520,-55,0.0,21
519,1,1,528,389,139,1.0,23
527,0,0,406,479,-73,0.0,28
527,1,1,347,465,-118,0.0,27
535,0,0,352,479,-127,0.0,22
535,1,1,616,388,228,1.0,24
543,0,0,464,476,-12,0.0,22
543,1,1,550,400,150,1.0,22
551,0,0,573,383,190,1.0,22
551,1,1,533,417,116,1.0,25
559,0,0,389,456,-67,0.0,24
559,1,1,456,421,35,1.0,21
567,0,0,417,477,-60,0.0,22
567,1,1,442,440,2,1.0,24
575,0,0,493,371,122,1.0,24
575,1,1,389,445,-56,0.0,25
583,0,0,315,490,-175,0.0,21
583,1,1,377,487,-110,0.0,25
591,0,0,479,472,7,1.0,25
591,1,1,379,461,-82,0.0,24
599,0,0,414,574,-160,0.0,23
599,1,1,409,394,15,1.0,24
607,0,0,435,441,-6,0.0,20
607,1,1,393,491,-98,0.0,20
615,0,0,479,434,45,1.0,22
615,1,1,436,506,-70,0.0,25
623,0,0,448,467,-19,0.0,22
623,1,1,444,487,-43,0.0,20
631,0,0,548,429,119,1.0,22
631,1,1,508,394,114,1.0,26
639,0,0,407,388,19,1.0,22
639,1,1,448,406,42,1.0,23
647,0,0,448,432,16,1.0,24
647,1,1,543,497,46,1.0,21
655,0,0,423,457,-34,0.0,21
655,1,1,440,446,-6,0.0,23
663,0,0,444,533,-89,0.0,19
663,1,1,572,397,175,1.0,19
671,0,0,440,418,22,1.0,23
671,1,1,469,436,33,1.0,24
679,0,0,489,400,89,1.0,24
679,1,1,403,577,-174,0.0,22
687,0,0,414,385,29,1.0,25
687,1,1,374,495,-121,0.0,24
695,0,0,442,428,14,1.0,23
695,1,1,439,417,22,1.0,22
703,0,0,504,479,25,1.0,21
703,1,1,480,460,20,1.0,22
711,0,0,469,371,98,1.0,28
711,1,1,460,461,-1,0.0,22
719,0,0,456,462,-6,0.0,22
719,1,1,507,360,147,1.0,25
727,0,0,403,586,-183,0.0,22
727,1,1,556,393,163,1.0,24
735,0,0,403,578,-175,0.0,22
735,1,1,580,425,155,1.0,22
743,0,0,483,403,80,1.0,24
743,1,1,537,393,144,1.0,25
751,0,0,422,463,-41,0.0,23
751,1,1,498,441,57,1.0,26
759,0,0,449,473,-24,0.0,22
759,1,1,439,315,124,1.0,23
767,0,0,458,480,-22,0.0,24
767,1,1,466,426,40,1.0,21
775,0,0,529,440,89,1.0,20
775,1,1,496,521,-25,0.0,22
783,0,0,439,342,97,1.0,22
783,1,1,386,504,-118,0.0,22
791,0,0,388,441,-53,0.0,21
791,1,1,573,401,172,1.0,23
799,0,0,402,427,-25,0.0,27
799,1,1,477,439,38,1.0,25
807,0,0,408,364,44,1.0,22
807,1,1,438,485,-47,0.0,20
815,0,0,457,386,71,1.0,31
815,1,1,410,450,-40,0.0,24
823,0,0,448,474,-26,0.0,20
823,1,1,460,508,-48,0.0,20
831,0,0,392,404,-12,0.0,23
831,1,1,496,435,61,1.0,20
839,0,0,365,510,-145,0.0,23
839,1,1,506,412,94,1.0,24
847,0,0,428,517,-89,0.0,22
847,1,1,532,428,104,1.0,24
855,0,0,378,459,-81,0.0,24
855,1,1,497,373,124,1.0,25
863,0,0,409,415,-6,0.0,24
863,1,1,505,364,141,1.0,20
871,0,0,439,446,-7,0.0,23
871,1,1,508,369,139,1.0,25
879,0,0,474,453,21,1.0,22
879,1,1,454,512,-58,0.0,23
887,0,0,374,403,-29,0.0,23
887,1,1,491,368,123,1.0,21
895,0,0,417,475,-58,0.0,23
895,1,1,468,327,141,1.0,23
903,0,0,461,460,1,1.0,23
903,1,1,506,447,59,1.0,20
911,0,0,419,526,-107,0.0,24
911,1,1,410,505,-95,0.0,23
919,0,0,420,477,-57,0.0,23
919,1,1,472,365,107,1.0,19
927,0,0,457,485,-28,0.0,21
927,1,1,443,447,-4,0.0,22
935,0,0,442,477,-35,0.0,22
935,1,1,354,502,-148,0.0,28
943,0,0,434,415,19,1.0,22
943,1,1,383,339,44,1.0,21
951,0,0,438,387,51,1.0,25
951,1,1,419,403,16,1.0,24
959,0,0,374,506,-132,0.0,25
959,1,1,502,387,115,1.0,23
967,0,0,406,475,-69,0.0,23
967,1,1,499,374,125,1.0,28
975,0,0,429,473,-44,0.0,30
975,1,1,478,446,32,1.0,21
983,0,0,454,419,35,1.0,24
983,1,1,427,502,-75,0.0,20
991,0,0,472,471,1,1.0,26
991,1,1,518,478,40,1.0,23
999,0,0,540,463,77,1.0,23
999,1,1,417,458,-41,0.0,25
1007,0,0,354,503,-149,0.0,24
1007,1,1,503,496,7,1.0,22
1015,0,0,493,406,87,1.0,22
1015,1,1,469,368,101,1.0,21
1023,0,0,475,447,28,1.0,24
1023,1,1,469,507,-38,0.0,22
1031,0,0,319,503,-184,0.0,27
1031,1,1,406,397,9,1.0,23
1039,0,0,418,404,14,1.0,27
1039,1,1,528,421,107,1.0,23
1047,0,0,347,464,-117,0.0,23
1047,1,1,429,467,-38,0.0,21
1055,0,0,498,460,38,1.0,23
1055,1,1,510,449,61,1.0,23
1063,0,0,406,452,-46,0.0,23
1063,1,1,471,444,27,1.0,21
1071,0,0,451,439,12,1.0,25
1071,1,1,444,435,9,1.0,25
1079,0,0,401,497,-96,0.0,24
1079,1,1,450,425,25,1.0,24
1087,0,0,512,463,49,1.0,21
1087,1,1,414,489,-75,0.0,21
1095,0,0,437,456,-19,0.0,23
1095,1,1,403,388,15,1.0,22
1103,0,0,415,484,-69,0.0,26
1103,1,1,413,424,-11,0.0,23
1111,0,0,539,433,106,1.0,18
1111,1,1,520,473,47,1.0,19
1119,0,0,439,428,11,1.0,27
1119,1,1,384,405,-21,0.0,26
1127,0,0,547,365,182,1.0,20
1127,1,1,425,494,-69,0.0,20
1135,0,0,414,536,-122,0.0,21
1135,1,1,503,488,15,1.0,22
1143,0,0,461,338,123,1.0,23
1143,1,1,387,501,-114,0.0,22
1151,0,0,553,428,125,1.0,25
1151,1,1,415,520,-105,0.0,24
1159,0,0,528,406,122,1.0,18
1159,1,1,402,469,-67,0.0,21
1167,0,0,449,531,-82,0.0,24
1167,1,1,536,412,124,1.0,20
1175,0,0,420,448,-28,0.0,23
1175,1,1,448,322,126,1.0,22
1183,0,0,456,487,-31,0.0,20
1183,1,1,531,505,26,1.0,25
1191,0,0,413,465,-52,0.0,25
1191,1,1,515,444,71,1.0,19
1199,0,0,475,488,-13,0.0,23
1199,1,1,523,371,152,1.0,21
1207,0,0,625,439,186,1.0,20
1207,1,1,483,477,6,1.0,24
1215,0,0,610,357,253,1.0,22
1215,1,1,312,563,-251,0.0,21
1223,0,0,454,467,-13,0.0,24
1223,1,1,518,453,65,1.0,22
1231,0,0,462,512,-50,0.0,24
1231,1,1,449,478,-29,0.0,25
1239,0,0,488,438,50,1.0,22
1239,1,1,366,471,-105,0.0,26
1247,0,0,384,398,-14,0.0,23
1247,1,1,423,423,0,0.5,23
1255,0,0,397,468,-71,0.0,25
1255,1,1,407,353,54,1.0,24
1263,0,0,431,468,-37,0.0,22
1263,1,1,422,527,-105,0.0,21
1271,0,0,539,342,197,1.0,20
1271,1,1,437,473,-36,0.0,23
1279,0,0,346,538,-192,0.0,23
1279,1,1,451,384,67,1.0,20
1287,0,0,428,591,-163,0.0,23
1287,1,1,483,427,56,1.0,22
1295,0,0,400,522,-122,0.0,26
1295,1,1,410,480,-70,0.0,22
1303,0,0,470,423,47,1.0,20
1303,1,1,477,481,-4,0.0,22
1311,0,0,496,394,102,1.0,20
1311,1,1,429,421,8,1.0,23
1319,0,0,358,432,-74,0.0,23
1319,1,1,596,378,218,1.0,21
1327,0,0,482,428,54,1.0,24
1327,1,1,398,536,-138,0.0,26
1335,0,0,548,577,-29,0.0,20
1335,1,1,443,444,-1,0.0,25
1343,0,0,430,380,50,1.0,26
1343,1,1,437,418,19,1.0,25
1351,0,0,346,567,-221,0.0,25
1351,1,1,598,317,281,1.0,22
1359,0,0,477,423,54,1.0,21
1359,1,1,518,483,35,1.0,24
1367,0,0,420,481,-61,0.0,21
1367,1,1,479,440,39,1.0,20
1375,0,0,412,473,-61,0.0,24
1375,1,1,440,462,-22,0.0,23
1383,0,0,477,430,47,1.0,20
1383,1,1,413,517,-104,0.0,22
1391,0,0,452,403,49,1.0,26
1391,1,1,500,418,82,1.0,23
1399,0,0,383,602,-219,0.0,21
1399,1,1,567,398,169,1.0,23
1407,0,0,424,459,-35,0.0,24
1407,1,1,546,380,166,1.0,24
1415,0,0,438,464,-26,0.0,24
1415,1,1,432,468,-36,0.0,26
1423,0,0,425,461,-36,0.0,25
1423,1,1,509,334,175,1.0,22
1431,0,0,499,468,31,1.0,21
1431,1,1,614,497,117,1.0,20
1439,0,0,468,419,49,1.0,24
1439,1,1,474,416,58,1.0,24
1447,0,0,483,381,102,1.0,26
1447,1,1,457,368,89,1.0,23
1455,0,0,357,558,-201,0.0,25
1455,1,1,473,395,78,1.0,20
1463,0,0,368,522,-154,0.0,25
1463,1,1,483,322,161,1.0,20
1471,0,0,466,497,-31,0.0,24
1471,1,1,516,448,68,1.0,22
1479,0,0,380,505,-125,0.0,22
1479,1,1,484,375,109,1.0,26
1487,0,0,441,516,-75,0.0,25
1487,1,1,453,473,-20,0.0,23
1495,0,0,514,385,129,1.0,22
1495,1,1,412,462,-50,0.0,21
1503,0,0,300,584,-284,0.0,22
1503,1,1,532,348,184,1.0,21
1511,0,0,519,402,117,1.0,22
1511,1,1,499,429,70,1.0,21
1519,0,0,558,426,132,1.0,22
1519,1,1,412,558,-146,0.0,23
1527,0,0,529,346,183,1.0,29
1527,1,1,464,471,-7,0.0,25
1535,0,0,416,435,-19,0.0,24
1535,1,1,480,391,89,1.0,23
1543,0,0,472,604,-132,0.0,21
1543,1,1,546,424,122,1.0,21
1551,0,0,447,436,11,1.0,25
1551,1,1,506,389,117,1.0,26
1559,0,0,474,428,46,1.0,20
1559,1,1,431,377,54,1.0,23
1567,0,0,462,348,114,1.0,25
1567,1,1,459,453,6,1.0,23
1575,0,0,423,463,-40,0.0,23
1575,1,1,433,480,-47,0.0,21
1583,0,0,450,411,39,1.0,20
1583,1,1,537,323,214,1.0,23
1591,0,0,509,306,203,1.0,24
1591,1,1,381,397,-16,0.0,26
1599,0,0,385,514,-129,0.0,24
1599,1,1,449,467,-18,0.0,23
1607,0,0,412,385,27,1.0,25
1607,1,1,428,432,-4,0.0,22
1615,0,0,364,481,-117,0.0,23
1615,1,1,495,369,126,1.0,22
1623,0,0,487,446,41,1.0,27
1623,1,1,439,372,67,1.0,25
1631,0,0,464,421,43,1.0,24
1631,1,1,516,449,67,1.0,23
1639,0,0,439,559,-120,0.0,24
1639,1,1,505,427,78,1.0,22
1647,0,0,430,453,-23,0.0,21
1647,1,1,495,354,141,1.0,22
1655,0,0,489,445,44,1.0,23
1655,1,1,443,441,2,1.0,26
1663,0,0,340,474,-134,0.0,25
1663,1,1,449,493,-44,0.0,21
1671,0,0,426,518,-92,0.0,26
1671,1,1,555,372,183,1.0,26
1679,0,0,551,413,138,1.0,25
1679,1,1,557,426,131,1.0,23
1687,0,0,452,494,-42,0.0,23
1687,1,1,455,469,-14,0.0,22
1695,0,0,436,323,113,1.0,24
1695,1,1,422,493,-71,0.0,21
1703,0,0,371,505,-134,0.0,23
1703,1,1,429,452,-23,0.0,26
1711,0,0,367,446,-79,0.0,22
1711,1,1,559,320,239,1.0,22
1719,0,0,606,340,266,1.0,24
1719,1,1,350,522,-172,0.0,30
1727,0,0,461,442,19,1.0,24
1727,1,1,418,519,-101,0.0,24
1735,0,0,437,329,108,1.0,26
1735,1,1,366,433,-67,0.0,22
1743,0,0,396,374,22,1.0,20
1743,1,1,386,494,-108,0.0,20
1751,0,0,465,437,28,1.0,22
1751,1,1,522,505,17,1.0,24
1759,0,0,487,441,46,1.0,23
1759,1,1,534,515,19,1.0,20
1767,0,0,465,467,-2,0.0,25
1767,1,1,429,629,-200,0.0,18
1775,0,0,613,333,280,1.0,22
1775,1,1,390,534,-144,0.0,25
1783,0,0,428,412,16,1.0,22
1783,1,1,451,490,-39,0.0,22
1791,0,0,393,408,-15,0.0,23
1791,1,1,528,363,165,1.0,23
1799,0,0,379,485,-106,0.0,21
1799,1,1,511,408,103,1.0,19
1807,0,0,488,386,102,1.0,29
1807,1,1,309,481,-172,0.0,24
1815,0,0,438,462,-24,0.0,21
1815,1,1,379,511,-132,0.0,22
1823,0,0,473,475,-2,0.0,22
1823,1,1,520,485,35,1.0,21
1831,0,0,383,431,-48,0.0,22
1831,1,1,538,413,125,1.0,19
1839,0,0,481,394,87,1.0,20
1839,1,1,499,392,107,1.0,21
1847,0,0,346,429,-83,0.0,28
1847,1,1,375,389,-14,0.0,19
1855,0,0,472,403,69,1.0,24
1855,1,1,425,520,-95,0.0,22
1863,0,0,461,421,40,1.0,22
1863,1,1,426,368,58,1.0,24
1871,0,0,403,408,-5,0.0,29
1871,1,1,502,375,127,1.0,24
1879,0,0,459,362,97,1.0,24
1879,1,1,445,449,-4,0.0,22
1887,0,0,456,453,3,1.0,20
1887,1,1,529,456,73,1.0,22
1895,0,0,547,382,165,1.0,19
1895,1,1,325,459,-134,0.0,24
1903,0,0,518,422,96,1.0,25
1903,1,1,478,533,-55,0.0,23
1911,0,0,493,463,30,1.0,23
1911,1,1,499,424,75,1.0,24
1919,0,0,373,465,-92,0.0,20
1919,1,1,488,463,25,1.0,23
1927,0,0,558,352,206,1.0,24
1927,1,1,473,461,12,1.0,23
1935,0,0,361,502,-141,0.0,24
1935,1,1,522,354,168,1.0,25
1943,0,0,384,394,-10,0.0,26
1943,1,1,440,334,106,1.0,21
1951,0,0,527,471,56,1.0,20
1951,1,1,381,470,-89,0.0,24
1959,0,0,361,413,-52,0.0,23
1959,1,1,387,382,5,1.0,25
1967,0,0,380,475,-95,0.0,23
1967,1,1,425,345,80,1.0,21
1975,0,0,424,350,74,1.0,22
1975,1,1,418,469,-51,0.0,26
1983,0,0,430,560,-130,0.0,23
1983,1,1,525,331,194,1.0,28
1991,0,0,507,406,101,1.0,25
1991,1,1,470,383,87,1.0,23
1999,0,0,453,464,-11,0.0,21
1999,1,1,472,466,6,1.0,21
