pair,game,a_seat,a_score,b_score,a_spread,a_win,turns
0,0,0,386,438,-52,0.0,22
0,1,1,524,365,159,1.0,23
10,0,0,416,503,-87,0.0,22
10,1,1,439,347,92,1.0,23
20,0,0,412,545,-133,0.0,22
20,1,1,472,448,24,1.0,23
30,0,0,478,365,113,1.0,26
30,1,1,414,466,-52,0.0,23
40,0,0,428,456,-28,0.0,21
40,1,1,472,431,41,1.0,22
50,0,0,438,433,5,1.0,24
50,1,1,352,517,-165,0.0,25
60,0,0,360,465,-105,0.0,25
60,1,1,438,333,105,1.0,23
70,0,0,429,437,-8,0.0,20
70,1,1,364,445,-81,0.0,20
80,0,0,384,454,-70,0.0,23
80,1,1,423,375,48,1.0,26
90,0,0,499,381,118,1.0,26
90,1,1,565,294,271,1.0,28
100,0,0,487,362,125,1.0,26
100,1,1,338,498,-160,0.0,23
110,0,0,440,480,-40,0.0,22
110,1,1,474,440,34,1.0,20
120,0,0,367,524,-157,0.0,23
120,1,1,541,478,63,1.0,21
130,0,0,479,504,-25,0.0,22
130,1,1,443,520,-77,0.0,22
140,0,0,469,523,-54,0.0,24
140,1,1,384,518,-134,0.0,27
150,0,0,432,397,35,1.0,31
150,1,1,461,445,16,1.0,23
160,0,0,456,459,-3,0.0,22
160,1,1,328,536,-208,0.0,23
170,0,0,439,453,-14,0.0,21
170,1,1,492,519,-27,0.0,22
180,0,0,559,431,128,1.0,23
180,1,1,403,527,-124,0.0,21
190,0,0,430,403,27,1.0,28
190,1,1,388,465,-77,0.0,25
200,0,0,497,451,46,1.0,24
200,1,1,492,505,-13,0.0,24
210,0,0,504,426,78,1.0,23
210,1,1,529,403,126,1.0,22
220,0,0,464,393,71,1.0,20
220,1,1,383,484,-101,0.0,25
230,0,0,382,495,-113,0.0,25
230,1,1,548,396,152,1.0,20
240,0,0,471,397,74,1.0,25
240,1,1,387,390,-3,0.0,22
250,0,0,496,518,-22,0.0,24
250,1,1,435,466,-31,0.0,22
260,0,0,491,441,50,1.0,23
260,1,1,433,528,-95,0.0,20
270,0,0,343,529,-186,0.0,24
270,1,1,531,344,187,1.0,20
280,0,0,512,479,33,1.0,21
280,1,1,478,479,-1,0.0,21
290,0,0,494,358,136,1.0,24
290,1,1,403,487,-84,0.0,22
300,0,0,577,315,262,1.0,41
300,1,1,392,477,-85,0.0,25
310,0,0,479,444,35,1.0,24
310,1,1,446,473,-27,0.0,23
320,0,0,461,437,24,1.0,22
320,1,1,481,372,109,1.0,27
330,0,0,476,444,32,1.0,25
330,1,1,477,438,39,1.0,23
340,0,0,432,525,-93,0.0,23
340,1,1,485,326,159,1.0,24
350,0,0,468,368,100,1.0,21
350,1,1,438,453,-15,0.0,25
360,0,0,395,414,-19,0.0,24
360,1,1,414,383,31,1.0,21
370,0,0,388,468,-80,0.0,22
370,1,1,480,359,121,1.0,22
380,0,0,479,347,132,1.0,28
380,1,1,315,444,-129,0.0,23
390,0,0,457,425,32,1.0,25
390,1,1,399,471,-72,0.0,25
400,0,0,468,407,61,1.0,22
400,1,1,407,539,-132,0.0,23
410,0,0,456,370,86,1.0,21
410,1,1,474,424,50,1.0,23
420,0,0,409,375,34,1.0,22
420,1,1,466,472,-6,0.0,21
430,0,0,453,438,15,1.0,22
430,1,1,453,490,-37,0.0,20
440,0,0,476,548,-72,0.0,21
440,1,1,380,400,-20,0.0,25
450,0,0,330,421,-91,0.0,34
450,1,1,456,442,14,1.0,22
460,0,0,507,412,95,1.0,25
460,1,1,486,465,21,1.0,25
470,0,0,350,338,12,1.0,25
470,1,1,337,411,-74,0.0,25
480,0,0,396,482,-86,0.0,32
480,1,1,441,463,-22,0.0,21
490,0,0,370,394,-24,0.0,22
490,1,1,435,432,3,1.0,23
500,0,0,481,386,95,1.0,27
500,1,1,433,402,31,1.0,25
510,0,0,483,375,108,1.0,21
510,1,1,371,489,-118,0.0,23
520,0,0,531,394,137,1.0,27
520,1,1,325,450,-125,0.0,24
530,0,0,541,427,114,1.0,23
530,1,1,395,532,-137,0.0,22
540,0,0,440,398,42,1.0,27
540,1,1,373,498,-125,0.0,21
550,0,0,391,399,-8,0.0,28
550,1,1,463,408,55,1.0,25
560,0,0,556,382,174,1.0,21
560,1,1,434,385,49,1.0,26
570,0,0,511,546,-35,0.0,21
570,1,1,452,495,-43,0.0,22
580,0,0,489,495,-6,0.0,25
580,1,1,451,477,-26,0.0,25
590,0,0,509,361,148,1.0,24
590,1,1,431,412,19,1.0,23
600,0,0,463,491,-28,0.0,23
600,1,1,388,471,-83,0.0,24
610,0,0,460,416,44,1.0,23
610,1,1,370,431,-61,0.0,22
620,0,0,511,429,82,1.0,23
620,1,1,395,459,-64,0.0,25
630,0,0,355,521,-166,0.0,27
630,1,1,428,449,-21,0.0,23
640,0,0,465,440,25,1.0,24
640,1,1,499,424,75,1.0,21
650,0,0,517,340,177,1.0,24
650,1,1,488,457,31,1.0,20
660,0,0,445,376,69,1.0,22
660,1,1,391,541,-150,0.0,21
670,0,0,511,490,21,1.0,24
670,1,1,459,520,-61,0.0,23
680,0,0,397,436,-39,0.0,26
680,1,1,403,447,-44,0.0,22
690,0,0,435,369,66,1.0,24
690,1,1,408,498,-90,0.0,24
700,0,0,509,364,145,1.0,22
700,1,1,371,444,-73,0.0,24
710,0,0,320,433,-113,0.0,24
710,1,1,403,407,-4,0.0,22
720,0,0,433,447,-14,0.0,24
720,1,1,403,460,-57,0.0,19
730,0,0,414,458,-44,0.0,24
730,1,1,527,329,198,1.0,20
740,0,0,382,541,-159,0.0,24
740,1,1,470,419,51,1.0,22
750,0,0,502,435,67,1.0,19
750,1,1,368,543,-175,0.0,21
760,0,0,485,369,116,1.0,24
760,1,1,306,421,-115,0.0,23
770,0,0,538,360,178,1.0,25
770,1,1,342,485,-143,0.0,24
780,0,0,354,558,-204,0.0,24
780,1,1,450,399,51,1.0,22
790,0,0,508,379,129,1.0,23
790,1,1,362,519,-157,0.0,26
800,0,0,323,490,-167,0.0,25
800,1,1,481,294,187,1.0,30
810,0,0,357,465,-108,0.0,23
810,1,1,404,371,33,1.0,25
820,0,0,431,442,-11,0.0,20
820,1,1,453,451,2,1.0,22
830,0,0,523,381,142,1.0,19
830,1,1,396,376,20,1.0,23
840,0,0,426,382,44,1.0,23
840,1,1,344,571,-227,0.0,23
850,0,0,423,489,-66,0.0,20
850,1,1,348,409,-61,0.0,21
860,0,0,331,491,-160,0.0,20
860,1,1,352,544,-192,0.0,19
870,0,0,435,419,16,1.0,22
870,1,1,367,493,-126,0.0,23
880,0,0,479,451,28,1.0,21
880,1,1,421,517,-96,0.0,21
890,0,0,422,556,-134,0.0,22
890,1,1,515,389,126,1.0,22
900,0,0,555,398,157,1.0,23
900,1,1,404,463,-59,0.0,25
910,0,0,493,383,110,1.0,25
910,1,1,419,465,-46,0.0,22
920,0,0,519,465,54,1.0,20
920,1,1,453,457,-4,0.0,20
930,0,0,441,463,-22,0.0,24
930,1,1,445,437,8,1.0,22
940,0,0,433,439,-6,0.0,26
940,1,1,444,361,83,1.0,30
950,0,0,475,516,-41,0.0,22
950,1,1,445,433,12,1.0,26
960,0,0,336,472,-136,0.0,23
960,1,1,463,455,8,1.0,25
970,0,0,348,464,-116,0.0,22
970,1,1,462,314,148,1.0,29
980,0,0,383,443,-60,0.0,24
980,1,1,396,425,-29,0.0,25
990,0,0,508,369,139,1.0,25
990,1,1,480,466,14,1.0,21
1000,0,0,399,472,-73,0.0,20
1000,1,1,468,376,92,1.0,24
1010,0,0,522,344,178,1.0,24
1010,1,1,347,486,-139,0.0,23
1020,0,0,485,350,135,1.0,24
1020,1,1,516,426,90,1.0,23
1030,0,0,444,421,23,1.0,22
1030,1,1,405,399,6,1.0,23
1040,0,0,483,379,104,1.0,24
1040,1,1,375,534,-159,0.0,23
1050,0,0,417,480,-63,0.0,25
1050,1,1,438,539,-101,0.0,19
1060,0,0,499,406,93,1.0,25
1060,1,1,383,505,-122,0.0,28
1070,0,0,473,412,61,1.0,23
1070,1,1,448,566,-118,0.0,23
1080,0,0,502,463,39,1.0,27
1080,1,1,485,501,-16,0.0,23
1090,0,0,575,406,169,1.0,21
1090,1,1,389,463,-74,0.0,21
1100,0,0,479,453,26,1.0,22
1100,1,1,444,469,-25,0.0,23
1110,0,0,557,396,161,1.0,21
1110,1,1,365,612,-247,0.0,21
1120,0,0,418,479,-61,0.0,23
1120,1,1,463,377,86,1.0,23
1130,0,0,490,369,121,1.0,25
1130,1,1,336,515,-179,0.0,25
1140,0,0,415,454,-39,0.0,24
1140,1,1,379,411,-32,0.0,21
1150,0,0,476,432,44,1.0,23
1150,1,1,466,475,-9,0.0,26
1160,0,0,445,564,-119,0.0,24
1160,1,1,575,426,149,1.0,22
1170,0,0,451,384,67,1.0,22
1170,1,1,407,461,-54,0.0,22
1180,0,0,497,450,47,1.0,21
1180,1,1,380,547,-167,0.0,19
1190,0,0,544,409,135,1.0,26
1190,1,1,389,536,-147,0.0,25
1200,0,0,473,400,73,1.0,25
1200,1,1,464,447,17,1.0,22
1210,0,0,493,562,-69,0.0,19
1210,1,1,434,490,-56,0.0,21
1220,0,0,513,357,156,1.0,26
1220,1,1,372,427,-55,0.0,26
1230,0,0,433,470,-37,0.0,21
1230,1,1,503,446,57,1.0,23
1240,0,0,538,488,50,1.0,22
1240,1,1,460,426,34,1.0,24
1250,0,0,360,485,-125,0.0,25
1250,1,1,464,437,27,1.0,25
1260,0,0,432,555,-123,0.0,26
1260,1,1,502,421,81,1.0,22
1270,0,0,386,452,-66,0.0,28
1270,1,1,467,390,77,1.0,23
1280,0,0,450,408,42,1.0,25
1280,1,1,368,446,-78,0.0,23
1290,0,0,487,403,84,1.0,22
1290,1,1,402,443,-41,0.0,22
1300,0,0,395,404,-9,0.0,23
1300,1,1,397,426,-29,0.0,21
1310,0,0,415,391,24,1.0,22
1310,1,1,436,436,0,0.5,28
1320,0,0,480,488,-8,0.0,21
1320,1,1,499,481,18,1.0,23
1330,0,0,398,373,25,1.0,28
1330,1,1,398,396,2,1.0,25
1340,0,0,401,578,-177,0.0,22
1340,1,1,484,455,29,1.0,23
1350,0,0,378,487,-109,0.0,32
1350,1,1,482,304,178,1.0,30
1360,0,0,426,445,-19,0.0,25
1360,1,1,477,450,27,1.0,23
1370,0,0,504,419,85,1.0,22
1370,1,1,440,532,-92,0.0,22
1380,0,0,366,525,-159,0.0,24
1380,1,1,493,395,98,1.0,22
1390,0,0,398,598,-200,0.0,22
1390,1,1,444,633,-189,0.0,21
1400,0,0,470,380,90,1.0,29
1400,1,1,242,515,-273,0.0,23
1410,0,0,433,353,80,1.0,23
1410,1,1,378,453,-75,0.0,20
1420,0,0,399,503,-104,0.0,22
1420,1,1,536,392,144,1.0,21
1430,0,0,473,447,26,1.0,23
1430,1,1,425,500,-75,0.0,20
1440,0,0,484,420,64,1.0,21
1440,1,1,413,410,3,1.0,21
1450,0,0,528,253,275,1.0,23
1450,1,1,428,445,-17,0.0,23
1460,0,0,380,567,-187,0.0,21
1460,1,1,467,455,12,1.0,21
1470,0,0,515,422,93,1.0,24
1470,1,1,454,445,9,1.0,24
1480,0,0,496,395,101,1.0,22
1480,1,1,318,431,-113,0.0,24
1490,0,0,428,516,-88,0.0,23
1490,1,1,529,461,68,1.0,21
1500,0,0,405,374,31,1.0,22
1500,1,1,384,363,21,1.0,26
1510,0,0,396,428,-32,0.0,21
1510,1,1,501,495,6,1.0,22
1520,0,0,432,453,-21,0.0,25
1520,1,1,417,453,-36,0.0,24
1530,0,0,469,401,68,1.0,23
1530,1,1,435,457,-22,0.0,20
1540,0,0,423,475,-52,0.0,20
1540,1,1,385,409,-24,0.0,27
1550,0,0,472,462,10,1.0,28
1550,1,1,495,454,41,1.0,24
1560,0,0,391,480,-89,0.0,24
1560,1,1,412,521,-109,0.0,20
1570,0,0,455,396,59,1.0,24
1570,1,1,391,414,-23,0.0,25
1580,0,0,463,434,29,1.0,26
1580,1,1,435,526,-91,0.0,23
1590,0,0,577,451,126,1.0,21
1590,1,1,421,487,-66,0.0,21
1600,0,0,453,370,83,1.0,27
1600,1,1,428,562,-134,0.0,22
1610,0,0,445,435,10,1.0,24
1610,1,1,399,452,-53,0.0,22
1620,0,0,541,390,151,1.0,25
1620,1,1,360,447,-87,0.0,25
1630,0,0,523,436,87,1.0,21
1630,1,1,453,542,-89,0.0,23
1640,0,0,411,531,-120,0.0,24
1640,1,1,468,368,100,1.0,30
1650,0,0,432,363,69,1.0,23
1650,1,1,400,492,-92,0.0,23
1660,0,0,488,453,35,1.0,22
1660,1,1,337,488,-151,0.0,23
1670,0,0,425,563,-138,0.0,20
1670,1,1,497,363,134,1.0,21
1680,0,0,466,525,-59,0.0,21
1680,1,1,507,386,121,1.0,20
1690,0,0,494,462,32,1.0,23
1690,1,1,415,531,-116,0.0,24
1700,0,0,483,432,51,1.0,25
1700,1,1,411,468,-57,0.0,23
1710,0,0,470,422,48,1.0,23
1710,1,1,469,369,100,1.0,20
1720,0,0,604,379,225,1.0,21
1720,1,1,383,593,-210,0.0,20
1730,0,0,435,426,9,1.0,23
1730,1,1,343,473,-130,0.0,24
1740,0,0,396,396,0,0.5,24
1740,1,1,464,495,-31,0.0,22
1750,0,0,424,430,-6,0.0,21
1750,1,1,442,390,52,1.0,26
1760,0,0,383,360,23,1.0,23
1760,1,1,493,399,94,1.0,22
1770,0,0,451,400,51,1.0,21
1770,1,1,449,424,25,1.0,22
1780,0,0,448,461,-13,0.0,24
1780,1,1,497,375,122,1.0,23
1790,0,0,524,438,86,1.0,23
1790,1,1,471,341,130,1.0,22
1800,0,0,448,388,60,1.0,26
1800,1,1,373,370,3,1.0,25
1810,0,0,363,593,-230,0.0,19
1810,1,1,451,269,182,1.0,22
1820,0,0,437,563,-126,0.0,22
1820,1,1,523,486,37,1.0,21
1830,0,0,456,383,73,1.0,27
1830,1,1,435,529,-94,0.0,26
1840,0,0,393,391,2,1.0,26
1840,1,1,393,523,-130,0.0,22
1850,0,0,495,446,49,1.0,21
1850,1,1,431,532,-101,0.0,24
1860,0,0,452,415,37,1.0,27
1860,1,1,463,434,29,1.0,21
1870,0,0,463,474,-11,0.0,22
1870,1,1,521,408,113,1.0,24
1880,0,0,341,490,-149,0.0,22
1880,1,1,502,410,92,1.0,24
1890,0,0,525,427,98,1.0,22
1890,1,1,519,465,54,1.0,20
1900,0,0,498,494,4,1.0,22
1900,1,1,514,406,108,1.0,24
1910,0,0,489,503,-14,0.0,21
1910,1,1,516,473,43,1.0,25
1920,0,0,432,458,-26,0.0,24
1920,1,1,529,462,67,1.0,22
1930,0,0,429,599,-170,0.0,23
1930,1,1,566,419,147,1.0,20
1940,0,0,489,549,-60,0.0,21
1940,1,1,477,485,-8,0.0,23
1950,0,0,478,509,-31,0.0,20
1950,1,1,441,432,9,1.0,22
1960,0,0,401,477,-76,0.0,23
1960,1,1,429,463,-34,0.0,19
1970,0,0,349,413,-64,0.0,28
1970,1,1,438,369,69,1.0,24
1980,0,0,422,460,-38,0.0,25
1980,1,1,407,427,-20,0.0,22
1990,0,0,466,349,117,1.0,26
1990,1,1,342,521,-179,0.0,23
1,0,0,356,446,-90,0.0,27
1,1,1,448,334,114,1.0,25
11,0,0,395,497,-102,0.0,22
11,1,1,457,415,42,1.0,24
21,0,0,445,493,-48,0.0,23
21,1,1,370,540,-170,0.0,24
31,0,0,430,547,-117,0.0,23
31,1,1,365,467,-102,0.0,20
41,0,0,530,517,13,1.0,24
41,1,1,469,478,-9,0.0,25
51,0,0,442,459,-17,0.0,26
51,1,1,373,421,-48,0.0,24
61,0,0,463,465,-2,0.0,23
61,1,1,436,429,7,1.0,22
71,0,0,475,405,70,1.0,23
71,1,1,409,545,-136,0.0,23
81,0,0,398,470,-72,0.0,24
81,1,1,575,370,205,1.0,23
91,0,0,375,450,-75,0.0,26
91,1,1,482,495,-13,0.0,26
101,0,0,475,334,141,1.0,22
101,1,1,430,433,-3,0.0,19
111,0,0,396,538,-142,0.0,26
111,1,1,472,367,105,1.0,24
121,0,0,393,524,-131,0.0,26
121,1,1,428,337,91,1.0,24
131,0,0,360,537,-177,0.0,22
131,1,1,498,411,87,1.0,20
141,0,0,469,334,135,1.0,22
141,1,1,453,430,23,1.0,26
151,0,0,431,479,-48,0.0,26
151,1,1,559,367,192,1.0,23
161,0,0,505,399,106,1.0,24
161,1,1,383,501,-118,0.0,22
171,0,0,461,449,12,1.0,25
171,1,1,486,393,93,1.0,24
181,0,0,450,437,13,1.0,23
181,1,1,545,415,130,1.0,25
191,0,0,481,381,100,1.0,23
191,1,1,346,533,-187,0.0,20
201,0,0,459,411,48,1.0,23
201,1,1,423,466,-43,0.0,24
211,0,0,536,503,33,1.0,21
211,1,1,443,484,-41,0.0,22
221,0,0,352,462,-110,0.0,26
221,1,1,458,443,15,1.0,22
231,0,0,402,514,-112,0.0,26
231,1,1,500,431,69,1.0,23
241,0,0,509,415,94,1.0,21
241,1,1,412,430,-18,0.0,22
251,0,0,390,372,18,1.0,27
251,1,1,522,356,166,1.0,25
261,0,0,452,452,0,0.5,21
261,1,1,506,433,73,1.0,21
271,0,0,397,464,-67,0.0,24
271,1,1,556,416,140,1.0,30
281,0,0,490,320,170,1.0,24
281,1,1,400,464,-64,0.0,28
291,0,0,379,454,-75,0.0,24
291,1,1,473,480,-7,0.0,26
301,0,0,433,412,21,1.0,26
301,1,1,457,369,88,1.0,24
311,0,0,442,448,-6,0.0,20
311,1,1,422,445,-23,0.0,20
321,0,0,502,417,85,1.0,24
321,1,1,426,492,-66,0.0,22
331,0,0,535,381,154,1.0,22
331,1,1,371,502,-131,0.0,25
341,0,0,345,428,-83,0.0,24
341,1,1,450,418,32,1.0,24
351,0,0,367,423,-56,0.0,23
351,1,1,474,469,5,1.0,23
361,0,0,388,429,-41,0.0,33
361,1,1,509,336,173,1.0,24
371,0,0,397,560,-163,0.0,23
371,1,1,487,371,116,1.0,21
381,0,0,451,560,-109,0.0,23
381,1,1,534,438,96,1.0,24
391,0,0,388,435,-47,0.0,23
391,1,1,462,408,54,1.0,23
401,0,0,437,506,-69,0.0,21
401,1,1,422,465,-43,0.0,22
411,0,0,488,427,61,1.0,21
411,1,1,429,498,-69,0.0,25
421,0,0,422,388,34,1.0,24
421,1,1,423,463,-40,0.0,24
431,0,0,485,481,4,1.0,23
431,1,1,401,540,-139,0.0,22
441,0,0,477,528,-51,0.0,21
441,1,1,528,477,51,1.0,21
451,0,0,487,539,-52,0.0,24
451,1,1,477,431,46,1.0,20
461,0,0,416,457,-41,0.0,21
461,1,1,453,493,-40,0.0,21
471,0,0,460,500,-40,0.0,23
471,1,1,428,442,-14,0.0,25
481,0,0,451,448,3,1.0,27
481,1,1,499,453,46,1.0,20
491,0,0,519,352,167,1.0,25
491,1,1,390,366,24,1.0,28
501,0,0,395,440,-45,0.0,23
501,1,1,572,369,203,1.0,25
511,0,0,307,541,-234,0.0,22
511,1,1,474,379,95,1.0,28
521,0,0,402,445,-43,0.0,26
521,1,1,416,488,-72,0.0,24
531,0,0,416,432,-16,0.0,23
531,1,1,441,410,31,1.0,21
541,0,0,407,473,-66,0.0,22
541,1,1,485,444,41,1.0,22
551,0,0,396,504,-108,0.0,23
551,1,1,490,365,125,1.0,23
561,0,0,542,405,137,1.0,26
561,1,1,418,460,-42,0.0,27
571,0,0,478,516,-38,0.0,22
571,1,1,420,452,-32,0.0,25
581,0,0,528,441,87,1.0,27
581,1,1,417,562,-145,0.0,23
591,0,0,391,438,-47,0.0,22
591,1,1,351,486,-135,0.0,23
601,0,0,432,459,-27,0.0,31
601,1,1,472,431,41,1.0,23
611,0,0,471,516,-45,0.0,24
611,1,1,512,288,224,1.0,27
621,0,0,427,451,-24,0.0,22
621,1,1,507,459,48,1.0,24
631,0,0,393,343,50,1.0,43
631,1,1,428,412,16,1.0,24
641,0,0,427,371,56,1.0,23
641,1,1,495,532,-37,0.0,22
651,0,0,380,533,-153,0.0,21
651,1,1,535,436,99,1.0,27
661,0,0,373,522,-149,0.0,25
661,1,1,469,360,109,1.0,24
671,0,0,440,420,20,1.0,20
671,1,1,512,396,116,1.0,23
681,0,0,409,515,-106,0.0,19
681,1,1,392,488,-96,0.0,20
691,0,0,492,479,13,1.0,23
691,1,1,460,391,69,1.0,22
701,0,0,355,446,-91,0.0,29
701,1,1,406,426,-20,0.0,25
711,0,0,496,426,70,1.0,20
711,1,1,493,402,91,1.0,23
721,0,0,477,344,133,1.0,22
721,1,1,534,416,118,1.0,26
731,0,0,407,430,-23,0.0,31
731,1,1,362,576,-214,0.0,26
741,0,0,501,508,-7,0.0,22
741,1,1,360,508,-148,0.0,22
751,0,0,344,434,-90,0.0,22
751,1,1,439,350,89,1.0,25
761,0,0,449,477,-28,0.0,22
761,1,1,472,446,26,1.0,20
771,0,0,425,476,-51,0.0,20
771,1,1,457,436,21,1.0,22
781,0,0,455,363,92,1.0,24
781,1,1,411,489,-78,0.0,27
791,0,0,513,327,186,1.0,23
791,1,1,420,435,-15,0.0,26
801,0,0,396,513,-117,0.0,24
801,1,1,459,426,33,1.0,22
811,0,0,483,447,36,1.0,21
811,1,1,437,462,-25,0.0,22
821,0,0,594,304,290,1.0,24
821,1,1,430,464,-34,0.0,25
831,0,0,373,589,-216,0.0,20
831,1,1,539,307,232,1.0,21
841,0,0,427,497,-70,0.0,26
841,1,1,438,498,-60,0.0,21
851,0,0,390,479,-89,0.0,24
851,1,1,583,427,156,1.0,22
861,0,0,291,554,-263,0.0,24
861,1,1,505,357,148,1.0,20
871,0,0,410,490,-80,0.0,22
871,1,1,369,458,-89,0.0,22
881,0,0,492,385,107,1.0,20
881,1,1,384,449,-65,0.0,25
891,0,0,563,389,174,1.0,20
891,1,1,507,551,-44,0.0,22
901,0,0,409,379,30,1.0,23
901,1,1,428,455,-27,0.0,22
911,0,0,442,481,-39,0.0,22
911,1,1,553,355,198,1.0,21
921,0,0,398,560,-162,0.0,23
921,1,1,471,472,-1,0.0,24
931,0,0,479,454,25,1.0,25
931,1,1,342,501,-159,0.0,23
941,0,0,427,547,-120,0.0,20
941,1,1,552,458,94,1.0,20
951,0,0,454,426,28,1.0,22
951,1,1,481,442,39,1.0,22
961,0,0,364,459,-95,0.0,23
961,1,1,470,361,109,1.0,22
971,0,0,492,499,-7,0.0,24
971,1,1,471,470,1,1.0,25
981,0,0,533,373,160,1.0,23
981,1,1,357,480,-123,0.0,22
991,0,0,440,506,-66,0.0,23
991,1,1,585,414,171,1.0,20
1001,0,0,502,503,-1,0.0,22
1001,1,1,476,456,20,1.0,24
1011,0,0,470,450,20,1.0,27
1011,1,1,446,526,-80,0.0,22
1021,0,0,392,482,-90,0.0,20
1021,1,1,528,387,141,1.0,22
1031,0,0,404,521,-117,0.0,23
1031,1,1,413,436,-23,0.0,22
1041,0,0,460,450,10,1.0,23
1041,1,1,518,411,107,1.0,21
1051,0,0,474,441,33,1.0,27
1051,1,1,430,449,-19,0.0,24
1061,0,0,433,498,-65,0.0,22
1061,1,1,509,375,134,1.0,24
1071,0,0,456,388,68,1.0,25
1071,1,1,507,487,20,1.0,23
1081,0,0,392,449,-57,0.0,23
1081,1,1,513,339,174,1.0,21
1091,0,0,472,421,51,1.0,25
1091,1,1,407,476,-69,0.0,27
1101,0,0,498,400,98,1.0,25
1101,1,1,463,359,104,1.0,21
1111,0,0,456,413,43,1.0,22
1111,1,1,413,472,-59,0.0,23
1121,0,0,376,417,-41,0.0,26
1121,1,1,370,474,-104,0.0,24
1131,0,0,480,444,36,1.0,23
1131,1,1,475,424,51,1.0,24
1141,0,0,452,439,13,1.0,23
1141,1,1,500,437,63,1.0,23
1151,0,0,489,434,55,1.0,22
1151,1,1,431,481,-50,0.0,23
1161,0,0,510,460,50,1.0,24
1161,1,1,478,516,-38,0.0,23
1171,0,0,434,459,-25,0.0,21
1171,1,1,391,416,-25,0.0,25
1181,0,0,416,423,-7,0.0,21
1181,1,1,451,349,102,1.0,25
1191,0,0,409,548,-139,0.0,21
1191,1,1,482,398,84,1.0,20
1201,0,0,369,540,-171,0.0,23
1201,1,1,452,506,-54,0.0,22
1211,0,0,399,464,-65,0.0,22
1211,1,1,555,382,173,1.0,28
1221,0,0,421,478,-57,0.0,24
1221,1,1,441,434,7,1.0,23
1231,0,0,466,435,31,1.0,23
1231,1,1,438,329,109,1.0,23
1241,0,0,415,439,-24,0.0,22
1241,1,1,406,413,-7,0.0,25
1251,0,0,456,425,31,1.0,26
1251,1,1,386,433,-47,0.0,25
1261,0,0,384,495,-111,0.0,24
1261,1,1,472,334,138,1.0,25
1271,0,0,510,518,-8,0.0,23
1271,1,1,448,474,-26,0.0,23
1281,0,0,383,487,-104,0.0,23
1281,1,1,500,449,51,1.0,23
1291,0,0,425,376,49,1.0,26
1291,1,1,378,463,-85,0.0,27
1301,0,0,485,476,9,1.0,24
1301,1,1,380,495,-115,0.0,24
1311,0,0,471,418,53,1.0,22
1311,1,1,523,483,40,1.0,21
1321,0,0,396,460,-64,0.0,23
1321,1,1,528,438,90,1.0,21
1331,0,0,422,449,-27,0.0,27
1331,1,1,414,472,-58,0.0,24
1341,0,0,475,383,92,1.0,20
1341,1,1,401,411,-10,0.0,20
1351,0,0,445,449,-4,0.0,21
1351,1,1,464,410,54,1.0,26
1361,0,0,348,522,-174,0.0,21
1361,1,1,449,411,38,1.0,24
1371,0,0,451,496,-45,0.0,24
1371,1,1,516,454,62,1.0,22
1381,0,0,396,490,-94,0.0,23
1381,1,1,477,360,117,1.0,23
1391,0,0,528,523,5,1.0,20
1391,1,1,440,472,-32,0.0,22
1401,0,0,306,531,-225,0.0,25
1401,1,1,519,401,118,1.0,24
1411,0,0,397,543,-146,0.0,24
1411,1,1,481,431,50,1.0,22
1421,0,0,463,383,80,1.0,22
1421,1,1,352,507,-155,0.0,23
1431,0,0,387,524,-137,0.0,23
1431,1,1,529,327,202,1.0,23
1441,0,0,434,359,75,1.0,24
1441,1,1,403,475,-72,0.0,24
1451,0,0,525,447,78,1.0,22
1451,1,1,495,452,43,1.0,23
1461,0,0,400,442,-42,0.0,24
1461,1,1,451,379,72,1.0,24
1471,0,0,446,450,-4,0.0,24
1471,1,1,488,410,78,1.0,26
1481,0,0,718,390,328,1.0,22
1481,1,1,462,567,-105,0.0,19
1491,0,0,408,453,-45,0.0,24
1491,1,1,432,496,-64,0.0,20
1501,0,0,444,457,-13,0.0,26
1501,1,1,416,448,-32,0.0,25
1511,0,0,435,481,-46,0.0,22
1511,1,1,413,432,-19,0.0,25
1521,0,0,461,491,-30,0.0,24
1521,1,1,362,460,-98,0.0,23
1531,0,0,438,506,-68,0.0,21
1531,1,1,457,451,6,1.0,25
1541,0,0,433,453,-20,0.0,23
1541,1,1,487,435,52,1.0,24
1551,0,0,398,517,-119,0.0,22
1551,1,1,511,379,132,1.0,23
1561,0,0,425,419,6,1.0,22
1561,1,1,397,497,-100,0.0,22
1571,0,0,393,485,-92,0.0,21
1571,1,1,454,427,27,1.0,23
1581,0,0,317,596,-279,0.0,30
1581,1,1,502,362,140,1.0,24
1591,0,0,516,487,29,1.0,21
1591,1,1,417,444,-27,0.0,24
1601,0,0,433,425,8,1.0,21
1601,1,1,385,469,-84,0.0,22
1611,0,0,423,484,-61,0.0,28
1611,1,1,413,450,-37,0.0,20
1621,0,0,329,358,-29,0.0,26
1621,1,1,422,367,55,1.0,24
1631,0,0,503,457,46,1.0,25
1631,1,1,416,416,0,0.5,22
1641,0,0,464,446,18,1.0,23
1641,1,1,482,319,163,1.0,22
1651,0,0,385,395,-10,0.0,24
1651,1,1,504,415,89,1.0,25
1661,0,0,392,428,-36,0.0,21
1661,1,1,460,474,-14,0.0,20
1671,0,0,490,448,42,1.0,24
1671,1,1,413,480,-67,0.0,24
1681,0,0,367,539,-172,0.0,20
1681,1,1,468,351,117,1.0,21
1691,0,0,402,525,-123,0.0,22
1691,1,1,522,357,165,1.0,21
1701,0,0,481,464,17,1.0,24
1701,1,1,374,430,-56,0.0,22
1711,0,0,536,397,139,1.0,24
1711,1,1,382,494,-112,0.0,24
1721,0,0,451,524,-73,0.0,22
1721,1,1,480,472,8,1.0,21
1731,0,0,480,421,59,1.0,20
1731,1,1,380,393,-13,0.0,24
1741,0,0,349,363,-14,0.0,25
1741,1,1,381,465,-84,0.0,21
1751,0,0,464,433,31,1.0,22
1751,1,1,522,360,162,1.0,22
1761,0,0,437,432,5,1.0,20
1761,1,1,486,472,14,1.0,24
1771,0,0,436,475,-39,0.0,22
1771,1,1,526,429,97,1.0,21
1781,0,0,413,384,29,1.0,23
1781,1,1,369,355,14,1.0,23
1791,0,0,463,323,140,1.0,24
1791,1,1,353,470,-117,0.0,24
1801,0,0,515,334,181,1.0,23
1801,1,1,351,508,-157,0.0,22
1811,0,0,452,455,-3,0.0,21
1811,1,1,273,543,-270,0.0,28
1821,0,0,449,422,27,1.0,23
1821,1,1,400,403,-3,0.0,23
1831,0,0,453,530,-77,0.0,21
1831,1,1,511,462,49,1.0,19
1841,0,0,475,417,58,1.0,24
1841,1,1,451,455,-4,0.0,22
1851,0,0,482,355,127,1.0,26
1851,1,1,436,527,-91,0.0,22
1861,0,0,389,477,-88,0.0,21
1861,1,1,554,449,105,1.0,24
1871,0,0,417,429,-12,0.0,25
1871,1,1,451,330,121,1.0,26
1881,0,0,332,442,-110,0.0,23
1881,1,1,427,378,49,1.0,24
1891,0,0,438,426,12,1.0,23
1891,1,1,413,399,14,1.0,22
1901,0,0,470,439,31,1.0,22
1901,1,1,442,475,-33,0.0,23
1911,0,0,450,489,-39,0.0,22
1911,1,1,437,448,-11,0.0,21
1921,0,0,414,467,-53,0.0,23
1921,1,1,469,451,18,1.0,23
1931,0,0,425,422,3,1.0,23
1931,1,1,417,428,-11,0.0,21
1941,0,0,377,467,-90,0.0,25
1941,1,1,389,403,-14,0.0,23
1951,0,0,437,458,-21,0.0,21
1951,1,1,483,469,14,1.0,20
1961,0,0,567,337,230,1.0,23
1961,1,1,391,593,-202,0.0,23
1971,0,0,479,414,65,1.0,27
1971,1,1,466,428,38,1.0,25
1981,0,0,389,448,-59,0.0,25
1981,1,1,446,378,68,1.0,26
1991,0,0,367,457,-90,0.0,22
1991,1,1,403,441,-38,0.0,21
2,0,0,450,464,-14,0.0,22
2,1,1,415,395,20,1.0,23
12,0,0,421,439,-18,0.0,29
12,1,1,434,414,20,1.0,23
22,0,0,489,420,69,1.0,23
22,1,1,546,473,73,1.0,20
32,0,0,485,462,23,1.0,20
32,1,1,497,394,103,1.0,24
42,0,0,389,492,-103,0.0,22
42,1,1,478,357,121,1.0,23
52,0,0,516,456,60,1.0,21
52,1,1,466,492,-26,0.0,20
62,0,0,478,508,-30,0.0,22
62,1,1,466,401,65,1.0,23
72,0,0,380,508,-128,0.0,22
72,1,1,507,395,112,1.0,21
82,0,0,537,486,51,1.0,23
82,1,1,358,468,-110,0.0,26
92,0,0,381,481,-100,0.0,20
92,1,1,496,393,103,1.0,20
102,0,0,491,444,47,1.0,23
102,1,1,316,609,-293,0.0,25
112,0,0,561,364,197,1.0,22
112,1,1,342,558,-216,0.0,26
122,0,0,374,447,-73,0.0,21
122,1,1,447,445,2,1.0,20
132,0,0,427,507,-80,0.0,21
132,1,1,450,354,96,1.0,24
142,0,0,488,510,-22,0.0,25
142,1,1,426,411,15,1.0,22
152,0,0,423,439,-16,0.0,21
152,1,1,378,470,-92,0.0,24
162,0,0,473,414,59,1.0,28
162,1,1,447,464,-17,0.0,23
172,0,0,355,553,-198,0.0,30
172,1,1,484,450,34,1.0,28
182,0,0,540,444,96,1.0,24
182,1,1,341,442,-101,0.0,22
192,0,0,424,304,120,1.0,27
192,1,1,492,412,80,1.0,23
202,0,0,549,471,78,1.0,21
202,1,1,426,523,-97,0.0,22
212,0,0,421,482,-61,0.0,23
212,1,1,415,415,0,0.5,21
222,0,0,516,438,78,1.0,22
222,1,1,486,406,80,1.0,21
232,0,0,362,448,-86,0.0,24
232,1,1,465,365,100,1.0,20
242,0,0,576,333,243,1.0,25
242,1,1,430,496,-66,0.0,22
252,0,0,443,389,54,1.0,23
252,1,1,487,456,31,1.0,22
262,0,0,393,484,-91,0.0,22
262,1,1,515,382,133,1.0,22
272,0,0,402,465,-63,0.0,20
272,1,1,471,397,74,1.0,20
282,0,0,459,423,36,1.0,26
282,1,1,400,535,-135,0.0,23
292,0,0,385,419,-34,0.0,22
292,1,1,375,419,-44,0.0,23
302,0,0,407,493,-86,0.0,22
302,1,1,447,450,-3,0.0,23
312,0,0,792,294,498,1.0,19
312,1,1,367,615,-248,0.0,21
322,0,0,576,463,113,1.0,22
322,1,1,430,433,-3,0.0,22
332,0,0,453,452,1,1.0,22
332,1,1,462,416,46,1.0,24
342,0,0,482,428,54,1.0,21
342,1,1,435,485,-50,0.0,25
352,0,0,513,503,10,1.0,21
352,1,1,487,505,-18,0.0,20
362,0,0,484,416,68,1.0,23
362,1,1,425,402,23,1.0,26
372,0,0,561,436,125,1.0,23
372,1,1,373,406,-33,0.0,24
382,0,0,457,325,132,1.0,25
382,1,1,434,454,-20,0.0,21
392,0,0,382,390,-8,0.0,27
392,1,1,373,420,-47,0.0,26
402,0,0,519,354,165,1.0,25
402,1,1,357,520,-163,0.0,23
412,0,0,413,434,-21,0.0,25
412,1,1,349,473,-124,0.0,23
422,0,0,431,406,25,1.0,24
422,1,1,451,431,20,1.0,21
432,0,0,425,427,-2,0.0,29
432,1,1,372,489,-117,0.0,25
442,0,0,446,472,-26,0.0,24
442,1,1,559,389,170,1.0,22
452,0,0,423,378,45,1.0,23
452,1,1,413,412,1,1.0,21
462,0,0,476,490,-14,0.0,24
462,1,1,317,470,-153,0.0,30
472,0,0,396,452,-56,0.0,22
472,1,1,548,384,164,1.0,23
482,0,0,401,390,11,1.0,25
482,1,1,457,402,55,1.0,29
492,0,0,440,459,-19,0.0,29
492,1,1,448,518,-70,0.0,23
502,0,0,515,580,-65,0.0,21
502,1,1,456,539,-83,0.0,22
512,0,0,416,504,-88,0.0,23
512,1,1,421,376,45,1.0,21
522,0,0,428,385,43,1.0,23
522,1,1,385,537,-152,0.0,23
532,0,0,467,346,121,1.0,23
532,1,1,387,491,-104,0.0,23
542,0,0,497,405,92,1.0,25
542,1,1,355,540,-185,0.0,28
552,0,0,461,431,30,1.0,24
552,1,1,460,405,55,1.0,25
562,0,0,411,391,20,1.0,24
562,1,1,392,542,-150,0.0,23
572,0,0,442,411,31,1.0,25
572,1,1,437,429,8,1.0,22
582,0,0,417,488,-71,0.0,24
582,1,1,472,400,72,1.0,22
592,0,0,467,477,-10,0.0,22
592,1,1,483,427,56,1.0,22
602,0,0,378,538,-160,0.0,25
602,1,1,541,285,256,1.0,23
612,0,0,554,452,102,1.0,21
612,1,1,455,497,-42,0.0,23
622,0,0,408,597,-189,0.0,22
622,1,1,509,389,120,1.0,24
632,0,0,382,405,-23,0.0,26
632,1,1,429,442,-13,0.0,24
642,0,0,433,438,-5,0.0,22
642,1,1,575,419,156,1.0,25
652,0,0,496,296,200,1.0,23
652,1,1,358,449,-91,0.0,25
662,0,0,456,422,34,1.0,24
662,1,1,433,349,84,1.0,22
672,0,0,348,532,-184,0.0,20
672,1,1,419,469,-50,0.0,23
682,0,0,347,481,-134,0.0,22
682,1,1,444,454,-10,0.0,22
692,0,0,497,452,45,1.0,23
692,1,1,429,482,-53,0.0,23
702,0,0,434,470,-36,0.0,22
702,1,1,497,292,205,1.0,24
712,0,0,426,410,16,1.0,26
712,1,1,374,373,1,1.0,24
722,0,0,544,397,147,1.0,23
722,1,1,438,482,-44,0.0,23
732,0,0,520,374,146,1.0,22
732,1,1,455,508,-53,0.0,22
742,0,0,464,422,42,1.0,19
742,1,1,410,445,-35,0.0,23
752,0,0,517,395,122,1.0,25
752,1,1,410,444,-34,0.0,22
762,0,0,523,441,82,1.0,21
762,1,1,429,521,-92,0.0,23
772,0,0,478,372,106,1.0,23
772,1,1,391,473,-82,0.0,23
782,0,0,445,455,-10,0.0,22
782,1,1,461,387,74,1.0,26
792,0,0,531,390,141,1.0,21
792,1,1,363,499,-136,0.0,23
802,0,0,517,427,90,1.0,23
802,1,1,417,395,22,1.0,25
812,0,0,399,491,-92,0.0,23
812,1,1,416,413,3,1.0,24
822,0,0,449,478,-29,0.0,21
822,1,1,390,438,-48,0.0,25
832,0,0,483,328,155,1.0,25
832,1,1,362,611,-249,0.0,22
842,0,0,424,406,18,1.0,26
842,1,1,463,447,16,1.0,22
852,0,0,328,371,-43,0.0,24
852,1,1,433,422,11,1.0,20
862,0,0,401,316,85,1.0,26
862,1,1,425,389,36,1.0,26
872,0,0,463,466,-3,0.0,22
872,1,1,556,484,72,1.0,19
882,0,0,424,447,-23,0.0,23
882,1,1,470,384,86,1.0,26
892,0,0,448,396,52,1.0,26
892,1,1,370,499,-129,0.0,19
902,0,0,415,440,-25,0.0,27
902,1,1,437,475,-38,0.0,24
912,0,0,497,369,128,1.0,21
912,1,1,405,509,-104,0.0,22
922,0,0,419,446,-27,0.0,24
922,1,1,440,424,16,1.0,31
932,0,0,441,414,27,1.0,27
932,1,1,466,395,71,1.0,25
942,0,0,510,424,86,1.0,22
942,1,1,442,485,-43,0.0,23
952,0,0,461,370,91,1.0,21
952,1,1,430,440,-10,0.0,22
962,0,0,434,459,-25,0.0,24
962,1,1,397,413,-16,0.0,22
972,0,0,489,377,112,1.0,24
972,1,1,341,508,-167,0.0,25
982,0,0,544,418,126,1.0,23
982,1,1,419,582,-163,0.0,23
992,0,0,444,530,-86,0.0,22
992,1,1,335,472,-137,0.0,22
1002,0,0,461,436,25,1.0,23
1002,1,1,513,440,73,1.0,24
1012,0,0,502,333,169,1.0,27
1012,1,1,464,476,-12,0.0,24
1022,0,0,459,426,33,1.0,25
1022,1,1,444,370,74,1.0,23
1032,0,0,341,501,-160,0.0,26
1032,1,1,557,347,210,1.0,23
1042,0,0,476,482,-6,0.0,22
1042,1,1,448,434,14,1.0,26
1052,0,0,443,357,86,1.0,26
1052,1,1,431,468,-37,0.0,23
1062,0,0,373,522,-149,0.0,24
1062,1,1,550,361,189,1.0,28
1072,0,0,439,489,-50,0.0,22
1072,1,1,377,314,63,1.0,22
1082,0,0,394,520,-126,0.0,20
1082,1,1,490,480,10,1.0,21
1092,0,0,400,448,-48,0.0,22
1092,1,1,534,457,77,1.0,24
1102,0,0,485,406,79,1.0,23
1102,1,1,394,531,-137,0.0,27
1112,0,0,449,400,49,1.0,22
1112,1,1,401,494,-93,0.0,25
1122,0,0,416,421,-5,0.0,24
1122,1,1,423,424,-1,0.0,23
1132,0,0,472,533,-61,0.0,20
1132,1,1,578,399,179,1.0,21
1142,0,0,389,510,-121,0.0,21
1142,1,1,525,413,112,1.0,21
1152,0,0,384,475,-91,0.0,23
1152,1,1,492,351,141,1.0,25
1162,0,0,368,506,-138,0.0,20
1162,1,1,389,522,-133,0.0,24
1172,0,0,471,410,61,1.0,26
1172,1,1,382,401,-19,0.0,25
1182,0,0,492,418,74,1.0,21
1182,1,1,425,535,-110,0.0,21
1192,0,0,442,471,-29,0.0,23
1192,1,1,491,432,59,1.0,21
1202,0,0,395,567,-172,0.0,25
1202,1,1,505,315,190,1.0,26
1212,0,0,412,520,-108,0.0,21
1212,1,1,499,517,-18,0.0,21
1222,0,0,506,332,174,1.0,23
1222,1,1,324,538,-214,0.0,23
1232,0,0,545,424,121,1.0,22
1232,1,1,427,520,-93,0.0,24
1242,0,0,503,365,138,1.0,22
1242,1,1,440,495,-55,0.0,22
1252,0,0,604,455,149,1.0,22
1252,1,1,371,405,-34,0.0,24
1262,0,0,408,444,-36,0.0,23
1262,1,1,396,417,-21,0.0,21
1272,0,0,406,487,-81,0.0,20
1272,1,1,511,402,109,1.0,20
1282,0,0,563,511,52,1.0,21
1282,1,1,419,519,-100,0.0,21
1292,0,0,454,396,58,1.0,26
1292,1,1,385,470,-85,0.0,22
1302,0,0,416,583,-167,0.0,21
1302,1,1,440,506,-66,0.0,22
1312,0,0,523,512,11,1.0,22
1312,1,1,485,455,30,1.0,20
1322,0,0,529,398,131,1.0,25
1322,1,1,402,380,22,1.0,21
1332,0,0,514,364,150,1.0,27
1332,1,1,465,462,3,1.0,23
1342,0,0,469,493,-24,0.0,19
1342,1,1,479,389,90,1.0,27
1352,0,0,428,383,45,1.0,22
1352,1,1,322,479,-157,0.0,22
1362,0,0,473,408,65,1.0,24
1362,1,1,290,397,-107,0.0,23
1372,0,0,450,420,30,1.0,24
1372,1,1,432,459,-27,0.0,24
1382,0,0,558,431,127,1.0,19
1382,1,1,338,435,-97,0.0,26
1392,0,0,468,411,57,1.0,22
1392,1,1,323,482,-159,0.0,25
1402,0,0,355,429,-74,0.0,20
1402,1,1,443,428,15,1.0,24
1412,0,0,344,377,-33,0.0,27
1412,1,1,405,508,-103,0.0,23
1422,0,0,435,463,-28,0.0,23
1422,1,1,462,440,22,1.0,24
1432,0,0,392,534,-142,0.0,24
1432,1,1,564,430,134,1.0,20
1442,0,0,444,490,-46,0.0,25
1442,1,1,543,414,129,1.0,24
1452,0,0,470,372,98,1.0,24
1452,1,1,387,517,-130,0.0,21
1462,0,0,398,510,-112,0.0,25
1462,1,1,529,389,140,1.0,28
1472,0,0,410,406,4,1.0,20
1472,1,1,422,378,44,1.0,28
1482,0,0,479,472,7,1.0,20
1482,1,1,454,549,-95,0.0,20
1492,0,0,355,412,-57,0.0,25
1492,1,1,429,372,57,1.0,23
1502,0,0,448,462,-14,0.0,21
1502,1,1,449,428,21,1.0,23
1512,0,0,433,431,2,1.0,23
1512,1,1,426,429,-3,0.0,22
1522,0,0,500,347,153,1.0,24
1522,1,1,453,405,48,1.0,23
1532,0,0,534,416,118,1.0,22
1532,1,1,456,395,61,1.0,25
1542,0,0,456,442,14,1.0,22
1542,1,1,411,391,20,1.0,23
1552,0,0,365,535,-170,0.0,26
1552,1,1,467,377,90,1.0,24
1562,0,0,497,451,46,1.0,23
1562,1,1,455,457,-2,0.0,23
1572,0,0,513,430,83,1.0,23
1572,1,1,579,481,98,1.0,21
1582,0,0,373,437,-64,0.0,22
1582,1,1,474,391,83,1.0,26
1592,0,0,550,376,174,1.0,25
1592,1,1,481,427,54,1.0,24
1602,0,0,540,424,116,1.0,22
1602,1,1,448,419,29,1.0,28
1612,0,0,383,483,-100,0.0,26
1612,1,1,458,407,51,1.0,25
1622,0,0,553,371,182,1.0,22
1622,1,1,431,513,-82,0.0,22
1632,0,0,409,467,-58,0.0,21
1632,1,1,398,440,-42,0.0,25
1642,0,0,467,595,-128,0.0,24
1642,1,1,403,437,-34,0.0,24
1652,0,0,380,486,-106,0.0,24
1652,1,1,412,327,85,1.0,22
1662,0,0,410,524,-114,0.0,24
1662,1,1,498,457,41,1.0,22
1672,0,0,387,510,-123,0.0,26
1672,1,1,532,334,198,1.0,24
1682,0,0,474,474,0,0.5,21
1682,1,1,472,467,5,1.0,23
1692,0,0,424,489,-65,0.0,27
1692,1,1,364,453,-89,0.0,26
1702,0,0,515,443,72,1.0,20
1702,1,1,522,447,75,1.0,20
1712,0,0,418,425,-7,0.0,24
1712,1,1,402,423,-21,0.0,24
1722,0,0,449,394,55,1.0,20
1722,1,1,372,421,-49,0.0,24
1732,0,0,360,455,-95,0.0,21
1732,1,1,443,400,43,1.0,23
1742,0,0,402,389,13,1.0,21
1742,1,1,445,457,-12,0.0,23
1752,0,0,437,399,38,1.0,23
1752,1,1,380,493,-113,0.0,21
1762,0,0,456,391,65,1.0,19
1762,1,1,423,422,1,1.0,37
1772,0,0,425,397,28,1.0,24
1772,1,1,470,401,69,1.0,25
1782,0,0,456,523,-67,0.0,21
1782,1,1,478,453,25,1.0,22
1792,0,0,602,492,110,1.0,20
1792,1,1,479,458,21,1.0,20
1802,0,0,417,441,-24,0.0,26
1802,1,1,518,404,114,1.0,31
1812,0,0,534,387,147,1.0,22
1812,1,1,382,469,-87,0.0,26
1822,0,0,338,502,-164,0.0,25
1822,1,1,462,649,-187,0.0,19
1832,0,0,411,486,-75,0.0,21
1832,1,1,568,504,64,1.0,22
1842,0,0,392,472,-80,0.0,22
1842,1,1,501,465,36,1.0,20
1852,0,0,584,423,161,1.0,21
1852,1,1,473,433,40,1.0,25
1862,0,0,458,385,73,1.0,25
1862,1,1,426,369,57,1.0,28
1872,0,0,480,466,14,1.0,22
1872,1,1,504,471,33,1.0,22
1882,0,0,391,412,-21,0.0,25
1882,1,1,402,321,81,1.0,24
1892,0,0,368,441,-73,0.0,25
1892,1,1,458,462,-4,0.0,24
1902,0,0,612,358,254,1.0,19
1902,1,1,370,611,-241,0.0,21
1912,0,0,403,412,-9,0.0,23
1912,1,1,457,452,5,1.0,20
1922,0,0,383,400,-17,0.0,22
1922,1,1,458,429,29,1.0,21
1932,0,0,473,471,2,1.0,23
1932,1,1,489,408,81,1.0,22
1942,0,0,445,494,-49,0.0,24
1942,1,1,539,437,102,1.0,24
1952,0,0,475,400,75,1.0,23
1952,1,1,440,384,56,1.0,23
1962,0,0,429,462,-33,0.0,22
1962,1,1,447,502,-55,0.0,24
1972,0,0,554,401,153,1.0,23
1972,1,1,479,473,6,1.0,20
1982,0,0,417,441,-24,0.0,23
1982,1,1,494,422,72,1.0,22
1992,0,0,403,457,-54,0.0,29
1992,1,1,397,489,-92,0.0,21
3,0,0,469,411,58,1.0,23
3,1,1,456,481,-25,0.0,24
13,0,0,358,419,-61,0.0,29
13,1,1,427,345,82,1.0,27
23,0,0,507,438,69,1.0,22
23,1,1,474,496,-22,0.0,20
33,0,0,443,498,-55,0.0,21
33,1,1,426,446,-20,0.0,22
43,0,0,483,482,1,1.0,25
43,1,1,331,470,-139,0.0,22
53,0,0,496,376,120,1.0,24
53,1,1,373,466,-93,0.0,27
63,0,0,380,486,-106,0.0,21
63,1,1,436,438,-2,0.0,21
73,0,0,458,423,35,1.0,22
73,1,1,460,386,74,1.0,24
83,0,0,425,495,-70,0.0,19
83,1,1,475,401,74,1.0,19
93,0,0,478,414,64,1.0,24
93,1,1,429,478,-49,0.0,23
103,0,0,362,518,-156,0.0,24
103,1,1,474,357,117,1.0,24
113,0,0,503,411,92,1.0,22
113,1,1,393,484,-91,0.0,24
123,0,0,480,429,51,1.0,23
123,1,1,467,396,71,1.0,29
133,0,0,354,492,-138,0.0,22
133,1,1,501,394,107,1.0,20
143,0,0,444,595,-151,0.0,21
143,1,1,432,415,17,1.0,26
153,0,0,545,410,135,1.0,24
153,1,1,392,600,-208,0.0,25
163,0,0,379,561,-182,0.0,22
163,1,1,457,422,35,1.0,25
173,0,0,456,399,57,1.0,22
173,1,1,469,376,93,1.0,22
183,0,0,359,423,-64,0.0,31
183,1,1,347,403,-56,0.0,22
193,0,0,326,544,-218,0.0,25
193,1,1,515,324,191,1.0,21
203,0,0,378,483,-105,0.0,24
203,1,1,480,355,125,1.0,26
213,0,0,375,516,-141,0.0,25
213,1,1,494,451,43,1.0,22
223,0,0,447,397,50,1.0,24
223,1,1,366,399,-33,0.0,27
233,0,0,404,464,-60,0.0,22
233,1,1,457,469,-12,0.0,24
243,0,0,415,327,88,1.0,27
243,1,1,372,432,-60,0.0,24
253,0,0,337,555,-218,0.0,26
253,1,1,471,446,25,1.0,25
263,0,0,417,381,36,1.0,25
263,1,1,371,426,-55,0.0,25
273,0,0,359,450,-91,0.0,26
273,1,1,447,329,118,1.0,23
283,0,0,413,444,-31,0.0,28
283,1,1,449,372,77,1.0,26
293,0,0,471,440,31,1.0,23
293,1,1,399,428,-29,0.0,22
303,0,0,512,461,51,1.0,21
303,1,1,415,420,-5,0.0,22
313,0,0,541,436,105,1.0,21
313,1,1,458,528,-70,0.0,22
323,0,0,422,538,-116,0.0,25
323,1,1,443,462,-19,0.0,26
333,0,0,457,292,165,1.0,26
333,1,1,369,422,-53,0.0,26
343,0,0,403,343,60,1.0,27
343,1,1,464,437,27,1.0,25
353,0,0,358,494,-136,0.0,22
353,1,1,444,312,132,1.0,25
363,0,0,416,450,-34,0.0,23
363,1,1,354,547,-193,0.0,28
373,0,0,407,511,-104,0.0,23
373,1,1,551,332,219,1.0,27
383,0,0,409,483,-74,0.0,23
383,1,1,377,409,-32,0.0,20
393,0,0,448,407,41,1.0,26
393,1,1,421,446,-25,0.0,24
403,0,0,429,458,-29,0.0,23
403,1,1,441,389,52,1.0,23
413,0,0,432,387,45,1.0,26
413,1,1,474,429,45,1.0,21
423,0,0,456,440,16,1.0,23
423,1,1,497,414,83,1.0,23
433,0,0,363,570,-207,0.0,21
433,1,1,532,384,148,1.0,21
443,0,0,439,464,-25,0.0,28
443,1,1,403,430,-27,0.0,23
453,0,0,526,375,151,1.0,25
453,1,1,399,501,-102,0.0,25
463,0,0,424,439,-15,0.0,25
463,1,1,390,315,75,1.0,25
473,0,0,443,365,78,1.0,24
473,1,1,444,510,-66,0.0,20
483,0,0,488,359,129,1.0,25
483,1,1,335,447,-112,0.0,24
493,0,0,543,338,205,1.0,24
493,1,1,304,448,-144,0.0,23
503,0,0,426,514,-88,0.0,21
503,1,1,435,418,17,1.0,21
513,0,0,429,486,-57,0.0,23
513,1,1,504,490,14,1.0,24
523,0,0,506,560,-54,0.0,19
523,1,1,428,561,-133,0.0,28
533,0,0,406,449,-43,0.0,23
533,1,1,406,493,-87,0.0,23
543,0,0,471,519,-48,0.0,22
543,1,1,557,383,174,1.0,26
553,0,0,449,434,15,1.0,22
553,1,1,532,448,84,1.0,23
563,0,0,590,449,141,1.0,22
563,1,1,452,453,-1,0.0,21
573,0,0,293,533,-240,0.0,23
573,1,1,576,354,222,1.0,22
583,0,0,518,408,110,1.0,20
583,1,1,422,537,-115,0.0,21
593,0,0,510,454,56,1.0,22
593,1,1,430,482,-52,0.0,22
603,0,0,472,583,-111,0.0,24
603,1,1,475,395,80,1.0,29
613,0,0,395,510,-115,0.0,24
613,1,1,406,491,-85,0.0,26
623,0,0,433,537,-104,0.0,24
623,1,1,461,450,11,1.0,23
633,0,0,444,454,-10,0.0,19
633,1,1,485,502,-17,0.0,21
643,0,0,453,395,58,1.0,24
643,1,1,423,475,-52,0.0,23
653,0,0,344,477,-133,0.0,24
653,1,1,532,413,119,1.0,24
663,0,0,497,450,47,1.0,20
663,1,1,445,427,18,1.0,21
673,0,0,380,440,-60,0.0,27
673,1,1,468,513,-45,0.0,22
683,0,0,394,430,-36,0.0,23
683,1,1,437,432,5,1.0,23
693,0,0,472,463,9,1.0,25
693,1,1,432,540,-108,0.0,22
703,0,0,442,444,-2,0.0,21
703,1,1,631,383,248,1.0,19
713,0,0,522,531,-9,0.0,21
713,1,1,471,499,-28,0.0,20
723,0,0,502,351,151,1.0,22
723,1,1,347,586,-239,0.0,20
733,0,0,485,412,73,1.0,22
733,1,1,441,499,-58,0.0,22
743,0,0,355,497,-142,0.0,21
743,1,1,488,308,180,1.0,21
753,0,0,481,422,59,1.0,24
753,1,1,520,424,96,1.0,23
763,0,0,416,396,20,1.0,26
763,1,1,367,437,-70,0.0,25
773,0,0,384,569,-185,0.0,23
773,1,1,574,335,239,1.0,23
783,0,0,473,459,14,1.0,21
783,1,1,474,370,104,1.0,22
793,0,0,405,396,9,1.0,22
793,1,1,477,428,49,1.0,21
803,0,0,468,408,60,1.0,22
803,1,1,460,444,16,1.0,23
813,0,0,433,465,-32,0.0,23
813,1,1,499,470,29,1.0,23
823,0,0,421,541,-120,0.0,24
823,1,1,463,381,82,1.0,26
833,0,0,376,579,-203,0.0,22
833,1,1,581,282,299,1.0,23
843,0,0,587,389,198,1.0,28
843,1,1,479,479,0,0.5,23
853,0,0,422,327,95,1.0,25
853,1,1,372,401,-29,0.0,22
863,0,0,439,422,17,1.0,22
863,1,1,442,428,14,1.0,23
873,0,0,421,464,-43,0.0,23
873,1,1,346,405,-59,0.0,26
883,0,0,563,385,178,1.0,22
883,1,1,430,504,-74,0.0,24
893,0,0,437,447,-10,0.0,21
893,1,1,477,467,10,1.0,24
903,0,0,586,334,252,1.0,20
903,1,1,447,491,-44,0.0,22
913,0,0,421,489,-68,0.0,22
913,1,1,516,463,53,1.0,20
923,0,0,450,513,-63,0.0,25
923,1,1,487,439,48,1.0,24
933,0,0,373,583,-210,0.0,25
933,1,1,491,395,96,1.0,22
943,0,0,417,358,59,1.0,26
943,1,1,304,446,-142,0.0,22
953,0,0,329,481,-152,0.0,28
953,1,1,490,402,88,1.0,25
963,0,0,465,427,38,1.0,22
963,1,1,455,422,33,1.0,24
973,0,0,469,438,31,1.0,24
973,1,1,365,565,-200,0.0,22
983,0,0,404,320,84,1.0,25
983,1,1,394,391,3,1.0,24
993,0,0,520,328,192,1.0,24
993,1,1,609,431,178,1.0,22
1003,0,0,382,540,-158,0.0,23
1003,1,1,464,327,137,1.0,24
1013,0,0,471,446,25,1.0,25
1013,1,1,543,351,192,1.0,27
1023,0,0,365,484,-119,0.0,24
1023,1,1,493,370,123,1.0,28
1033,0,0,439,352,87,1.0,24
1033,1,1,469,409,60,1.0,26
1043,0,0,421,388,33,1.0,26
1043,1,1,509,455,54,1.0,25
1053,0,0,477,464,13,1.0,19
1053,1,1,414,604,-190,0.0,22
1063,0,0,419,581,-162,0.0,23
1063,1,1,535,382,153,1.0,25
1073,0,0,376,538,-162,0.0,25
1073,1,1,465,355,110,1.0,25
1083,0,0,430,479,-49,0.0,26
1083,1,1,451,385,66,1.0,28
1093,0,0,478,485,-7,0.0,27
1093,1,1,356,492,-136,0.0,23
1103,0,0,323,495,-172,0.0,24
1103,1,1,511,433,78,1.0,22
1113,0,0,460,395,65,1.0,21
1113,1,1,412,391,21,1.0,26
1123,0,0,435,504,-69,0.0,24
1123,1,1,446,477,-31,0.0,21
1133,0,0,396,348,48,1.0,25
1133,1,1,377,457,-80,0.0,25
1143,0,0,439,404,35,1.0,23
1143,1,1,437,425,12,1.0,22
1153,0,0,399,437,-38,0.0,22
1153,1,1,425,449,-24,0.0,26
1163,0,0,324,458,-134,0.0,21
1163,1,1,444,310,134,1.0,22
1173,0,0,512,478,34,1.0,22
1173,1,1,498,382,116,1.0,23
1183,0,0,456,522,-66,0.0,22
1183,1,1,413,360,53,1.0,25
1193,0,0,488,417,71,1.0,23
1193,1,1,395,419,-24,0.0,24
1203,0,0,436,590,-154,0.0,21
1203,1,1,494,413,81,1.0,21
1213,0,0,389,664,-275,0.0,22
1213,1,1,450,536,-86,0.0,21
1223,0,0,487,421,66,1.0,24
1223,1,1,471,329,142,1.0,23
1233,0,0,481,401,80,1.0,23
1233,1,1,389,540,-151,0.0,22
1243,0,0,447,399,48,1.0,24
1243,1,1,493,427,66,1.0,21
1253,0,0,326,568,-242,0.0,21
1253,1,1,571,327,244,1.0,23
1263,0,0,390,443,-53,0.0,21
1263,1,1,440,462,-22,0.0,24
1273,0,0,382,401,-19,0.0,21
1273,1,1,434,496,-62,0.0,26
1283,0,0,403,417,-14,0.0,25
1283,1,1,510,450,60,1.0,22
1293,0,0,381,573,-192,0.0,22
1293,1,1,499,443,56,1.0,21
1303,0,0,455,449,6,1.0,22
1303,1,1,403,407,-4,0.0,28
1313,0,0,408,462,-54,0.0,25
1313,1,1,528,413,115,1.0,25
1323,0,0,439,433,6,1.0,26
1323,1,1,422,436,-14,0.0,26
1333,0,0,431,524,-93,0.0,27
1333,1,1,433,407,26,1.0,24
1343,0,0,346,373,-27,0.0,26
1343,1,1,360,479,-119,0.0,23
1353,0,0,381,580,-199,0.0,22
1353,1,1,587,388,199,1.0,23
1363,0,0,366,544,-178,0.0,24
1363,1,1,540,300,240,1.0,24
1373,0,0,453,464,-11,0.0,24
1373,1,1,483,489,-6,0.0,23
1383,0,0,534,407,127,1.0,23
1383,1,1,371,481,-110,0.0,22
1393,0,0,397,353,44,1.0,29
1393,1,1,429,458,-29,0.0,21
1403,0,0,443,384,59,1.0,28
1403,1,1,443,497,-54,0.0,20
1413,0,0,447,556,-109,0.0,23
1413,1,1,572,426,146,1.0,19
1423,0,0,432,429,3,1.0,21
1423,1,1,429,493,-64,0.0,25
1433,0,0,284,563,-279,0.0,25
1433,1,1,443,347,96,1.0,26
1443,0,0,434,510,-76,0.0,21
1443,1,1,377,455,-78,0.0,25
1453,0,0,537,390,147,1.0,22
1453,1,1,425,447,-22,0.0,26
1463,0,0,441,542,-101,0.0,21
1463,1,1,499,467,32,1.0,19
1473,0,0,470,377,93,1.0,22
1473,1,1,367,640,-273,0.0,22
1483,0,0,367,480,-113,0.0,28
1483,1,1,394,419,-25,0.0,23
1493,0,0,478,416,62,1.0,23
1493,1,1,404,441,-37,0.0,22
1503,0,0,322,528,-206,0.0,23
1503,1,1,527,354,173,1.0,23
1513,0,0,508,436,72,1.0,18
1513,1,1,559,391,168,1.0,23
1523,0,0,466,348,118,1.0,25
1523,1,1,356,595,-239,0.0,20
1533,0,0,336,416,-80,0.0,26
1533,1,1,475,407,68,1.0,22
1543,0,0,574,377,197,1.0,22
1543,1,1,425,388,37,1.0,26
1553,0,0,349,509,-160,0.0,26
1553,1,1,522,349,173,1.0,20
1563,0,0,472,355,117,1.0,22
1563,1,1,393,428,-35,0.0,24
1573,0,0,447,410,37,1.0,23
1573,1,1,459,486,-27,0.0,26
1583,0,0,390,436,-46,0.0,21
1583,1,1,453,386,67,1.0,25
1593,0,0,434,587,-153,0.0,23
1593,1,1,617,419,198,1.0,22
1603,0,0,398,379,19,1.0,29
1603,1,1,396,435,-39,0.0,26
1613,0,0,487,374,113,1.0,27
1613,1,1,459,464,-5,0.0,23
1623,0,0,430,422,8,1.0,27
1623,1,1,391,484,-93,0.0,24
1633,0,0,426,462,-36,0.0,22
1633,1,1,505,375,130,1.0,21
1643,0,0,365,424,-59,0.0,24
1643,1,1,381,426,-45,0.0,24
1653,0,0,435,467,-32,0.0,23
1653,1,1,505,304,201,1.0,27
1663,0,0,374,506,-132,0.0,24
1663,1,1,554,312,242,1.0,25
1673,0,0,427,455,-28,0.0,23
1673,1,1,521,463,58,1.0,23
1683,0,0,402,484,-82,0.0,25
1683,1,1,404,474,-70,0.0,26
1693,0,0,382,503,-121,0.0,23
1693,1,1,410,433,-23,0.0,24
1703,0,0,436,501,-65,0.0,20
1703,1,1,472,494,-22,0.0,22
1713,0,0,424,438,-14,0.0,23
1713,1,1,553,523,30,1.0,20
1723,0,0,423,563,-140,0.0,21
1723,1,1,489,453,36,1.0,24
1733,0,0,384,415,-31,0.0,27
1733,1,1,488,423,65,1.0,22
1743,0,0,400,494,-94,0.0,22
1743,1,1,429,464,-35,0.0,20
1753,0,0,464,370,94,1.0,23
1753,1,1,419,510,-91,0.0,24
1763,0,0,443,451,-8,0.0,22
1763,1,1,459,494,-35,0.0,23
1773,0,0,388,488,-100,0.0,22
1773,1,1,506,402,104,1.0,23
1783,0,0,360,592,-232,0.0,23
1783,1,1,540,317,223,1.0,23
1793,0,0,370,535,-165,0.0,23
1793,1,1,457,398,59,1.0,21
1803,0,0,527,480,47,1.0,22
1803,1,1,494,579,-85,0.0,22
1813,0,0,404,424,-20,0.0,25
1813,1,1,424,480,-56,0.0,23
1823,0,0,430,437,-7,0.0,23
1823,1,1,410,433,-23,0.0,27
1833,0,0,453,375,78,1.0,24
1833,1,1,394,558,-164,0.0,23
1843,0,0,412,462,-50,0.0,26
1843,1,1,419,409,10,1.0,27
1853,0,0,381,431,-50,0.0,26
1853,1,1,452,350,102,1.0,33
1863,0,0,419,474,-55,0.0,22
1863,1,1,550,400,150,1.0,27
1873,0,0,441,566,-125,0.0,21
1873,1,1,447,325,122,1.0,22
1883,0,0,428,489,-61,0.0,22
1883,1,1,421,483,-62,0.0,22
1893,0,0,363,620,-257,0.0,22
1893,1,1,527,353,174,1.0,23
1903,0,0,423,438,-15,0.0,25
1903,1,1,395,409,-14,0.0,20
1913,0,0,377,483,-106,0.0,21
1913,1,1,481,427,54,1.0,22
1923,0,0,443,555,-112,0.0,20
1923,1,1,567,400,167,1.0,19
1933,0,0,472,436,36,1.0,24
1933,1,1,512,423,89,1.0,21
1943,0,0,419,460,-41,0.0,21
1943,1,1,432,508,-76,0.0,24
1953,0,0,471,472,-1,0.0,18
1953,1,1,361,388,-27,0.0,22
1963,0,0,338,456,-118,0.0,28
1963,1,1,482,393,89,1.0,22
1973,0,0,415,402,13,1.0,26
1973,1,1,404,429,-25,0.0,24
1983,0,0,426,395,31,1.0,25
1983,1,1,436,509,-73,0.0,22
1993,0,0,524,440,84,1.0,22
1993,1,1,551,407,144,1.0,22
4,0,0,476,410,66,1.0,22
4,1,1,397,451,-54,0.0,27
14,0,0,448,355,93,1.0,22
14,1,1,401,373,28,1.0,30
24,0,0,404,467,-63,0.0,26
24,1,1,395,423,-28,0.0,25
34,0,0,405,505,-100,0.0,22
34,1,1,480,432,48,1.0,23
44,0,0,414,528,-114,0.0,20
44,1,1,449,365,84,1.0,22
54,0,0,507,465,42,1.0,24
54,1,1,533,397,136,1.0,25
64,0,0,544,405,139,1.0,25
64,1,1,420,439,-19,0.0,24
74,0,0,530,332,198,1.0,23
74,1,1,529,438,91,1.0,20
84,0,0,461,411,50,1.0,20
84,1,1,445,489,-44,0.0,25
94,0,0,433,439,-6,0.0,23
94,1,1,445,406,39,1.0,23
104,0,0,429,466,-37,0.0,25
104,1,1,455,505,-50,0.0,22
114,0,0,391,426,-35,0.0,22
114,1,1,485,478,7,1.0,25
124,0,0,584,387,197,1.0,23
124,1,1,409,460,-51,0.0,25
134,0,0,411,449,-38,0.0,23
134,1,1,439,384,55,1.0,23
144,0,0,429,469,-40,0.0,20
144,1,1,490,552,-62,0.0,19
154,0,0,516,483,33,1.0,20
154,1,1,446,426,20,1.0,24
164,0,0,480,536,-56,0.0,20
164,1,1,493,620,-127,0.0,22
174,0,0,397,544,-147,0.0,24
174,1,1,444,431,13,1.0,23
184,0,0,461,508,-47,0.0,23
184,1,1,403,412,-9,0.0,22
194,0,0,405,432,-27,0.0,23
194,1,1,530,299,231,1.0,26
204,0,0,443,402,41,1.0,24
204,1,1,498,331,167,1.0,21
214,0,0,465,513,-48,0.0,24
214,1,1,524,482,42,1.0,23
224,0,0,482,536,-54,0.0,23
224,1,1,430,481,-51,0.0,23
234,0,0,466,522,-56,0.0,22
234,1,1,478,467,11,1.0,23
244,0,0,467,375,92,1.0,26
244,1,1,412,365,47,1.0,24
254,0,0,429,487,-58,0.0,24
254,1,1,464,419,45,1.0,26
264,0,0,378,470,-92,0.0,22
264,1,1,489,383,106,1.0,21
274,0,0,424,509,-85,0.0,24
274,1,1,563,601,-38,0.0,21
284,0,0,525,392,133,1.0,25
284,1,1,402,570,-168,0.0,22
294,0,0,467,445,22,1.0,24
294,1,1,433,414,19,1.0,22
304,0,0,409,427,-18,0.0,21
304,1,1,458,452,6,1.0,25
314,0,0,475,485,-10,0.0,21
314,1,1,457,447,10,1.0,24
324,0,0,418,483,-65,0.0,24
324,1,1,478,332,146,1.0,30
334,0,0,446,429,17,1.0,23
334,1,1,444,433,11,1.0,23
344,0,0,359,493,-134,0.0,22
344,1,1,393,388,5,1.0,25
354,0,0,396,452,-56,0.0,23
354,1,1,518,462,56,1.0,24
364,0,0,431,387,44,1.0,22
364,1,1,444,433,11,1.0,24
374,0,0,475,433,42,1.0,22
374,1,1,411,481,-70,0.0,22
384,0,0,526,409,117,1.0,23
384,1,1,502,442,60,1.0,25
394,0,0,521,348,173,1.0,22
394,1,1,309,452,-143,0.0,23
404,0,0,417,402,15,1.0,25
404,1,1,439,493,-54,0.0,21
414,0,0,572,356,216,1.0,22
414,1,1,422,541,-119,0.0,20
424,0,0,468,356,112,1.0,23
424,1,1,438,449,-11,0.0,23
434,0,0,340,430,-90,0.0,28
434,1,1,475,364,111,1.0,26
444,0,0,438,499,-61,0.0,22
444,1,1,523,409,114,1.0,22
454,0,0,352,506,-154,0.0,26
454,1,1,501,504,-3,0.0,26
464,0,0,426,380,46,1.0,24
464,1,1,472,400,72,1.0,24
474,0,0,423,498,-75,0.0,21
474,1,1,551,413,138,1.0,21
484,0,0,355,397,-42,0.0,24
484,1,1,406,482,-76,0.0,25
494,0,0,449,423,26,1.0,23
494,1,1,415,452,-37,0.0,22
504,0,0,513,266,247,1.0,22
504,1,1,366,401,-35,0.0,23
514,0,0,525,353,172,1.0,25
514,1,1,388,571,-183,0.0,27
524,0,0,487,435,52,1.0,22
524,1,1,465,390,75,1.0,24
534,0,0,362,513,-151,0.0,22
534,1,1,436,326,110,1.0,27
544,0,0,408,423,-15,0.0,24
544,1,1,366,512,-146,0.0,25
554,0,0,529,375,154,1.0,26
554,1,1,348,421,-73,0.0,24
564,0,0,395,424,-29,0.0,26
564,1,1,477,442,35,1.0,26
574,0,0,375,598,-223,0.0,21
574,1,1,521,384,137,1.0,22
584,0,0,465,494,-29,0.0,26
584,1,1,528,394,134,1.0,25
594,0,0,549,417,132,1.0,24
594,1,1,401,459,-58,0.0,20
604,0,0,460,430,30,1.0,22
604,1,1,476,449,27,1.0,21
614,0,0,430,429,1,1.0,24
614,1,1,485,423,62,1.0,23
624,0,0,474,515,-41,0.0,19
624,1,1,422,449,-27,0.0,25
634,0,0,406,367,39,1.0,28
634,1,1,466,375,91,1.0,28
644,0,0,534,366,168,1.0,22
644,1,1,348,478,-130,0.0,21
654,0,0,380,395,-15,0.0,26
654,1,1,470,376,94,1.0,20
664,0,0,431,374,57,1.0,24
664,1,1,511,513,-2,0.0,21
674,0,0,464,368,96,1.0,20
674,1,1,447,528,-81,0.0,25
684,0,0,331,569,-238,0.0,18
684,1,1,467,400,67,1.0,20
694,0,0,439,471,-32,0.0,21
694,1,1,457,360,97,1.0,25
704,0,0,484,423,61,1.0,27
704,1,1,388,557,-169,0.0,23
714,0,0,539,371,168,1.0,23
714,1,1,447,401,46,1.0,22
724,0,0,467,434,33,1.0,21
724,1,1,380,475,-95,0.0,25
734,0,0,489,543,-54,0.0,21
734,1,1,485,381,104,1.0,20
744,0,0,480,339,141,1.0,27
744,1,1,496,364,132,1.0,26
754,0,0,505,331,174,1.0,22
754,1,1,394,517,-123,0.0,22
764,0,0,392,464,-72,0.0,22
764,1,1,454,477,-23,0.0,22
774,0,0,520,547,-27,0.0,27
774,1,1,507,418,89,1.0,22
784,0,0,515,341,174,1.0,23
784,1,1,370,405,-35,0.0,24
794,0,0,505,386,119,1.0,24
794,1,1,258,488,-230,0.0,27
804,0,0,391,470,-79,0.0,23
804,1,1,436,487,-51,0.0,22
814,0,0,414,432,-18,0.0,23
814,1,1,440,402,38,1.0,23
824,0,0,432,520,-88,0.0,21
824,1,1,495,437,58,1.0,23
834,0,0,372,464,-92,0.0,21
834,1,1,444,354,90,1.0,23
844,0,0,465,347,118,1.0,25
844,1,1,345,507,-162,0.0,23
854,0,0,412,576,-164,0.0,24
854,1,1,549,357,192,1.0,23
864,0,0,455,445,10,1.0,22
864,1,1,422,467,-45,0.0,22
874,0,0,425,474,-49,0.0,24
874,1,1,377,389,-12,0.0,24
884,0,0,482,426,56,1.0,23
884,1,1,494,432,62,1.0,23
894,0,0,324,509,-185,0.0,22
894,1,1,495,466,29,1.0,24
904,0,0,473,445,28,1.0,22
904,1,1,475,488,-13,0.0,21
914,0,0,476,373,103,1.0,38
914,1,1,428,439,-11,0.0,28
924,0,0,518,436,82,1.0,24
924,1,1,334,444,-110,0.0,32
934,0,0,422,516,-94,0.0,20
934,1,1,506,525,-19,0.0,25
944,0,0,481,392,89,1.0,22
944,1,1,388,468,-80,0.0,21
954,0,0,454,457,-3,0.0,22
954,1,1,534,438,96,1.0,24
964,0,0,439,466,-27,0.0,21
964,1,1,419,414,5,1.0,25
974,0,0,452,345,107,1.0,22
974,1,1,437,553,-116,0.0,21
984,0,0,371,531,-160,0.0,22
984,1,1,525,372,153,1.0,25
994,0,0,446,425,21,1.0,23
994,1,1,407,474,-67,0.0,21
1004,0,0,394,486,-92,0.0,28
1004,1,1,470,377,93,1.0,24
1014,0,0,517,451,66,1.0,21
1014,1,1,535,488,47,1.0,23
1024,0,0,384,373,11,1.0,25
1024,1,1,394,420,-26,0.0,24
1034,0,0,504,387,117,1.0,21
1034,1,1,435,499,-64,0.0,21
1044,0,0,496,407,89,1.0,24
1044,1,1,414,462,-48,0.0,24
1054,0,0,472,424,48,1.0,24
1054,1,1,468,564,-96,0.0,22
1064,0,0,508,454,54,1.0,22
1064,1,1,426,542,-116,0.0,25
1074,0,0,425,427,-2,0.0,26
1074,1,1,349,402,-53,0.0,25
1084,0,0,427,470,-43,0.0,25
1084,1,1,344,494,-150,0.0,23
1094,0,0,437,338,99,1.0,25
1094,1,1,457,491,-34,0.0,23
1104,0,0,358,472,-114,0.0,24
1104,1,1,382,426,-44,0.0,23
1114,0,0,431,456,-25,0.0,26
1114,1,1,514,350,164,1.0,24
1124,0,0,330,524,-194,0.0,21
1124,1,1,537,489,48,1.0,19
1134,0,0,510,351,159,1.0,21
1134,1,1,372,447,-75,0.0,24
1144,0,0,446,348,98,1.0,23
1144,1,1,572,429,143,1.0,29
1154,0,0,464,419,45,1.0,28
1154,1,1,416,451,-35,0.0,24
1164,0,0,421,410,11,1.0,24
1164,1,1,439,412,27,1.0,26
1174,0,0,414,385,29,1.0,24
1174,1,1,428,415,13,1.0,24
1184,0,0,439,404,35,1.0,24
1184,1,1,422,491,-69,0.0,23
1194,0,0,399,482,-83,0.0,22
1194,1,1,411,391,20,1.0,26
1204,0,0,390,529,-139,0.0,22
1204,1,1,477,479,-2,0.0,19
1214,0,0,459,447,12,1.0,23
1214,1,1,587,418,169,1.0,21
1224,0,0,503,558,-55,0.0,21
1224,1,1,479,421,58,1.0,19
1234,0,0,454,469,-15,0.0,24
1234,1,1,533,384,149,1.0,20
1244,0,0,464,418,46,1.0,24
1244,1,1,396,505,-109,0.0,21
1254,0,0,445,400,45,1.0,23
1254,1,1,396,497,-101,0.0,25
1264,0,0,366,519,-153,0.0,23
1264,1,1,501,361,140,1.0,22
1274,0,0,404,423,-19,0.0,23
1274,1,1,378,394,-16,0.0,23
1284,0,0,353,480,-127,0.0,26
1284,1,1,465,371,94,1.0,21
1294,0,0,466,520,-54,0.0,19
1294,1,1,521,490,31,1.0,25
1304,0,0,466,501,-35,0.0,21
1304,1,1,413,449,-36,0.0,21
1314,0,0,648,339,309,1.0,25
1314,1,1,360,516,-156,0.0,21
1324,0,0,419,440,-21,0.0,23
1324,1,1,440,434,6,1.0,22
1334,0,0,480,350,130,1.0,25
1334,1,1,383,435,-52,0.0,23
1344,0,0,565,468,97,1.0,23
1344,1,1,408,438,-30,0.0,19
1354,0,0,383,502,-119,0.0,21
1354,1,1,480,489,-9,0.0,24
1364,0,0,447,392,55,1.0,21
1364,1,1,384,396,-12,0.0,22
1374,0,0,434,405,29,1.0,21
1374,1,1,413,472,-59,0.0,23
1384,0,0,423,453,-30,0.0,23
1384,1,1,371,435,-64,0.0,25
1394,0,0,458,485,-27,0.0,23
1394,1,1,439,535,-96,0.0,23
1404,0,0,545,504,41,1.0,25
1404,1,1,467,472,-5,0.0,23
1414,0,0,483,422,61,1.0,22
1414,1,1,423,486,-63,0.0,21
1424,0,0,467,400,67,1.0,21
1424,1,1,409,443,-34,0.0,27
1434,0,0,365,394,-29,0.0,26
1434,1,1,415,461,-46,0.0,24
1444,0,0,434,473,-39,0.0,24
1444,1,1,403,507,-104,0.0,20
1454,0,0,477,474,3,1.0,21
1454,1,1,399,485,-86,0.0,25
1464,0,0,469,362,107,1.0,22
1464,1,1,389,566,-177,0.0,23
1474,0,0,485,515,-30,0.0,21
1474,1,1,436,410,26,1.0,22
1484,0,0,417,418,-1,0.0,26
1484,1,1,351,428,-77,0.0,27
1494,0,0,405,454,-49,0.0,23
1494,1,1,423,421,2,1.0,23
1504,0,0,494,381,113,1.0,23
1504,1,1,395,480,-85,0.0,24
1514,0,0,531,439,92,1.0,22
1514,1,1,321,510,-189,0.0,24
1524,0,0,502,397,105,1.0,23
1524,1,1,463,426,37,1.0,24
1534,0,0,510,468,42,1.0,23
1534,1,1,455,407,48,1.0,24
1544,0,0,574,433,141,1.0,22
1544,1,1,469,560,-91,0.0,23
1554,0,0,496,446,50,1.0,21
1554,1,1,483,424,59,1.0,23
1564,0,0,333,513,-180,0.0,26
1564,1,1,428,483,-55,0.0,25
1574,0,0,377,443,-66,0.0,23
1574,1,1,531,484,47,1.0,22
1584,0,0,427,401,26,1.0,26
1584,1,1,382,424,-42,0.0,22
1594,0,0,495,406,89,1.0,23
1594,1,1,415,476,-61,0.0,26
1604,0,0,461,529,-68,0.0,20
1604,1,1,412,482,-70,0.0,21
1614,0,0,631,461,170,1.0,29
1614,1,1,392,323,69,1.0,28
1624,0,0,521,365,156,1.0,22
1624,1,1,414,369,45,1.0,29
1634,0,0,471,487,-16,0.0,23
1634,1,1,388,551,-163,0.0,21
1644,0,0,446,476,-30,0.0,24
1644,1,1,384,386,-2,0.0,24
1654,0,0,442,421,21,1.0,23
1654,1,1,427,411,16,1.0,26
1664,0,0,538,399,139,1.0,21
1664,1,1,438,388,50,1.0,26
1674,0,0,470,380,90,1.0,23
1674,1,1,340,530,-190,0.0,28
1684,0,0,394,429,-35,0.0,26
1684,1,1,349,433,-84,0.0,23
1694,0,0,372,406,-34,0.0,24
1694,1,1,456,491,-35,0.0,22
1704,0,0,396,472,-76,0.0,23
1704,1,1,414,467,-53,0.0,21
1714,0,0,425,426,-1,0.0,30
1714,1,1,442,394,48,1.0,24
1724,0,0,445,450,-5,0.0,24
1724,1,1,481,485,-4,0.0,24
1734,0,0,470,512,-42,0.0,24
1734,1,1,487,374,113,1.0,26
1744,0,0,528,439,89,1.0,24
1744,1,1,470,459,11,1.0,22
1754,0,0,506,368,138,1.0,21
1754,1,1,416,436,-20,0.0,20
1764,0,0,429,423,6,1.0,34
1764,1,1,507,421,86,1.0,21
1774,0,0,464,390,74,1.0,23
1774,1,1,363,452,-89,0.0,23
1784,0,0,500,462,38,1.0,21
1784,1,1,475,483,-8,0.0,22
1794,0,0,447,465,-18,0.0,24
1794,1,1,411,457,-46,0.0,23
1804,0,0,415,455,-40,0.0,22
1804,1,1,471,453,18,1.0,22
1814,0,0,364,482,-118,0.0,22
1814,1,1,459,342,117,1.0,23
1824,0,0,518,430,88,1.0,24
1824,1,1,381,519,-138,0.0,20
1834,0,0,397,480,-83,0.0,22
1834,1,1,456,410,46,1.0,22
1844,0,0,330,488,-158,0.0,29
1844,1,1,456,401,55,1.0,23
1854,0,0,413,396,17,1.0,25
1854,1,1,424,431,-7,0.0,32
1864,0,0,508,397,111,1.0,23
1864,1,1,472,516,-44,0.0,24
1874,0,0,405,402,3,1.0,23
1874,1,1,508,439,69,1.0,24
1884,0,0,473,399,74,1.0,25
1884,1,1,377,598,-221,0.0,21
1894,0,0,451,426,25,1.0,21
1894,1,1,361,447,-86,0.0,22
1904,0,0,478,435,43,1.0,21
1904,1,1,365,445,-80,0.0,21
1914,0,0,470,438,32,1.0,24
1914,1,1,219,508,-289,0.0,29
1924,0,0,353,434,-81,0.0,25
1924,1,1,541,389,152,1.0,23
1934,0,0,527,406,121,1.0,21
1934,1,1,434,452,-18,0.0,28
1944,0,0,448,402,46,1.0,20
1944,1,1,446,431,15,1.0,22
1954,0,0,525,403,122,1.0,23
1954,1,1,466,382,84,1.0,24
1964,0,0,431,413,18,1.0,22
1964,1,1,389,447,-58,0.0,25
1974,0,0,407,461,-54,0.0,28
1974,1,1,359,560,-201,0.0,23
1984,0,0,414,526,-112,0.0,22
1984,1,1,415,531,-116,0.0,23
1994,0,0,463,456,7,1.0,24
1994,1,1,441,516,-75,0.0,24
5,0,0,660,394,266,1.0,22
5,1,1,373,532,-159,0.0,21
15,0,0,394,441,-47,0.0,22
15,1,1,481,453,28,1.0,21
25,0,0,469,480,-11,0.0,22
25,1,1,413,461,-48,0.0,22
35,0,0,347,576,-229,0.0,23
35,1,1,567,365,202,1.0,23
45,0,0,459,458,1,1.0,23
45,1,1,434,475,-41,0.0,24
55,0,0,433,506,-73,0.0,19
55,1,1,440,417,23,1.0,25
65,0,0,497,428,69,1.0,22
65,1,1,429,465,-36,0.0,21
75,0,0,352,449,-97,0.0,25
75,1,1,479,418,61,1.0,24
85,0,0,364,478,-114,0.0,25
85,1,1,413,490,-77,0.0,25
95,0,0,381,587,-206,0.0,23
95,1,1,333,430,-97,0.0,24
105,0,0,419,520,-101,0.0,20
105,1,1,521,366,155,1.0,21
115,0,0,464,473,-9,0.0,26
115,1,1,503,342,161,1.0,21
125,0,0,479,422,57,1.0,24
125,1,1,476,409,67,1.0,24
135,0,0,460,499,-39,0.0,20
135,1,1,460,395,65,1.0,21
145,0,0,376,542,-166,0.0,21
145,1,1,443,363,80,1.0,23
155,0,0,475,472,3,1.0,20
155,1,1,527,508,19,1.0,20
165,0,0,512,358,154,1.0,22
165,1,1,343,417,-74,0.0,24
175,0,0,460,513,-53,0.0,23
175,1,1,420,495,-75,0.0,24
185,0,0,587,343,244,1.0,20
185,1,1,389,536,-147,0.0,22
195,0,0,379,474,-95,0.0,30
195,1,1,503,335,168,1.0,27
205,0,0,406,386,20,1.0,24
205,1,1,438,376,62,1.0,26
215,0,0,426,407,19,1.0,21
215,1,1,460,345,115,1.0,26
225,0,0,483,415,68,1.0,23
225,1,1,398,437,-39,0.0,24
235,0,0,485,417,68,1.0,25
235,1,1,471,465,6,1.0,22
245,0,0,382,346,36,1.0,23
245,1,1,444,389,55,1.0,21
255,0,0,448,481,-33,0.0,21
255,1,1,518,382,136,1.0,22
265,0,0,451,458,-7,0.0,22
265,1,1,420,414,6,1.0,22
275,0,0,430,427,3,1.0,29
275,1,1,356,421,-65,0.0,26
285,0,0,403,521,-118,0.0,19
285,1,1,449,366,83,1.0,25
295,0,0,440,434,6,1.0,22
295,1,1,493,390,103,1.0,20
305,0,0,458,430,28,1.0,22
305,1,1,392,469,-77,0.0,25
315,0,0,415,445,-30,0.0,21
315,1,1,332,495,-163,0.0,23
325,0,0,550,410,140,1.0,22
325,1,1,575,405,170,1.0,22
335,0,0,598,501,97,1.0,22
335,1,1,568,398,170,1.0,21
345,0,0,391,553,-162,0.0,23
345,1,1,530,373,157,1.0,23
355,0,0,480,331,149,1.0,20
355,1,1,312,429,-117,0.0,26
365,0,0,402,443,-41,0.0,25
365,1,1,530,401,129,1.0,24
375,0,0,375,562,-187,0.0,23
375,1,1,488,443,45,1.0,22
385,0,0,394,453,-59,0.0,24
385,1,1,422,379,43,1.0,22
395,0,0,477,434,43,1.0,20
395,1,1,407,456,-49,0.0,25
405,0,0,467,450,17,1.0,24
405,1,1,476,426,50,1.0,21
415,0,0,511,349,162,1.0,20
415,1,1,414,451,-37,0.0,22
425,0,0,505,450,55,1.0,24
425,1,1,473,485,-12,0.0,21
435,0,0,421,438,-17,0.0,28
435,1,1,352,481,-129,0.0,24
445,0,0,461,422,39,1.0,21
445,1,1,521,382,139,1.0,20
455,0,0,414,406,8,1.0,23
455,1,1,424,380,44,1.0,29
465,0,0,509,443,66,1.0,20
465,1,1,399,522,-123,0.0,21
475,0,0,493,376,117,1.0,23
475,1,1,424,397,27,1.0,24
485,0,0,450,558,-108,0.0,19
485,1,1,545,475,70,1.0,20
495,0,0,383,417,-34,0.0,23
495,1,1,417,405,12,1.0,25
505,0,0,406,496,-90,0.0,20
505,1,1,511,444,67,1.0,21
515,0,0,601,427,174,1.0,22
515,1,1,431,462,-31,0.0,23
525,0,0,510,499,11,1.0,23
525,1,1,471,355,116,1.0,28
535,0,0,382,502,-120,0.0,25
535,1,1,429,486,-57,0.0,30
545,0,0,533,369,164,1.0,22
545,1,1,474,404,70,1.0,22
555,0,0,489,326,163,1.0,22
555,1,1,427,512,-85,0.0,25
565,0,0,562,479,83,1.0,22
565,1,1,430,503,-73,0.0,25
575,0,0,496,456,40,1.0,22
575,1,1,495,416,79,1.0,21
585,0,0,540,397,143,1.0,23
585,1,1,316,436,-120,0.0,28
595,0,0,492,559,-67,0.0,23
595,1,1,480,512,-32,0.0,21
605,0,0,370,619,-249,0.0,23
605,1,1,379,459,-80,0.0,22
615,0,0,438,485,-47,0.0,23
615,1,1,555,436,119,1.0,23
625,0,0,514,464,50,1.0,21
625,1,1,435,392,43,1.0,26
635,0,0,452,393,59,1.0,25
635,1,1,443,466,-23,0.0,21
645,0,0,528,385,143,1.0,24
645,1,1,353,458,-105,0.0,23
655,0,0,634,535,99,1.0,23
655,1,1,486,489,-3,0.0,25
665,0,0,437,491,-54,0.0,24
665,1,1,445,446,-1,0.0,21
675,0,0,366,522,-156,0.0,24
675,1,1,534,438,96,1.0,23
685,0,0,456,426,30,1.0,24
685,1,1,429,409,20,1.0,24
695,0,0,425,473,-48,0.0,23
695,1,1,487,397,90,1.0,25
705,0,0,377,444,-67,0.0,25
705,1,1,480,358,122,1.0,25
715,0,0,390,527,-137,0.0,21
715,1,1,603,380,223,1.0,26
725,0,0,398,372,26,1.0,29
725,1,1,521,428,93,1.0,22
735,0,0,369,459,-90,0.0,24
735,1,1,450,436,14,1.0,25
745,0,0,458,353,105,1.0,23
745,1,1,460,336,124,1.0,27
755,0,0,405,563,-158,0.0,22
755,1,1,598,355,243,1.0,21
765,0,0,518,384,134,1.0,22
765,1,1,431,340,91,1.0,29
775,0,0,480,372,108,1.0,20
775,1,1,439,391,48,1.0,21
785,0,0,460,439,21,1.0,27
785,1,1,471,472,-1,0.0,23
795,0,0,470,453,17,1.0,22
795,1,1,491,390,101,1.0,24
805,0,0,336,393,-57,0.0,23
805,1,1,360,478,-118,0.0,22
815,0,0,486,479,7,1.0,20
815,1,1,547,407,140,1.0,22
825,0,0,486,435,51,1.0,22
825,1,1,356,437,-81,0.0,22
835,0,0,476,437,39,1.0,25
835,1,1,510,341,169,1.0,19
845,0,0,467,442,25,1.0,25
845,1,1,493,456,37,1.0,21
855,0,0,364,398,-34,0.0,23
855,1,1,504,370,134,1.0,23
865,0,0,396,499,-103,0.0,23
865,1,1,465,379,86,1.0,27
875,0,0,441,429,12,1.0,24
875,1,1,411,486,-75,0.0,22
885,0,0,378,555,-177,0.0,22
885,1,1,495,402,93,1.0,22
895,0,0,390,524,-134,0.0,23
895,1,1,469,392,77,1.0,25
905,0,0,500,404,96,1.0,22
905,1,1,423,452,-29,0.0,23
915,0,0,418,403,15,1.0,27
915,1,1,418,447,-29,0.0,23
925,0,0,567,402,165,1.0,25
925,1,1,369,459,-90,0.0,27
935,0,0,537,361,176,1.0,24
935,1,1,411,406,5,1.0,26
945,0,0,441,494,-53,0.0,22
945,1,1,455,410,45,1.0,23
955,0,0,547,390,157,1.0,22
955,1,1,467,471,-4,0.0,22
965,0,0,460,472,-12,0.0,21
965,1,1,481,481,0,0.5,23
975,0,0,458,435,23,1.0,21
975,1,1,386,466,-80,0.0,22
985,0,0,383,603,-220,0.0,22
985,1,1,537,451,86,1.0,22
995,0,0,480,396,84,1.0,24
995,1,1,447,453,-6,0.0,21
1005,0,0,466,387,79,1.0,27
1005,1,1,455,465,-10,0.0,23
1015,0,0,386,430,-44,0.0,27
1015,1,1,456,376,80,1.0,24
1025,0,0,526,430,96,1.0,26
1025,1,1,422,564,-142,0.0,23
1035,0,0,364,481,-117,0.0,23
1035,1,1,441,437,4,1.0,22
1045,0,0,316,577,-261,0.0,23
1045,1,1,526,344,182,1.0,25
1055,0,0,496,447,49,1.0,22
1055,1,1,409,459,-50,0.0,22
1065,0,0,519,436,83,1.0,22
1065,1,1,442,545,-103,0.0,21
1075,0,0,447,402,45,1.0,20
1075,1,1,450,541,-91,0.0,22
1085,0,0,412,440,-28,0.0,22
1085,1,1,404,466,-62,0.0,23
1095,0,0,359,523,-164,0.0,21
1095,1,1,539,340,199,1.0,21
1105,0,0,458,420,38,1.0,31
1105,1,1,345,396,-51,0.0,27
1115,0,0,372,520,-148,0.0,19
1115,1,1,401,387,14,1.0,22
1125,0,0,475,447,28,1.0,26
1125,1,1,521,432,89,1.0,23
1135,0,0,515,376,139,1.0,26
1135,1,1,410,586,-176,0.0,26
1145,0,0,420,415,5,1.0,24
1145,1,1,533,410,123,1.0,21
1155,0,0,441,498,-57,0.0,25
1155,1,1,461,402,59,1.0,22
1165,0,0,457,414,43,1.0,22
1165,1,1,459,542,-83,0.0,22
1175,0,0,390,472,-82,0.0,25
1175,1,1,573,325,248,1.0,21
1185,0,0,418,494,-76,0.0,25
1185,1,1,431,452,-21,0.0,25
1195,0,0,471,347,124,1.0,28
1195,1,1,358,357,1,1.0,30
1205,0,0,459,426,33,1.0,25
1205,1,1,493,439,54,1.0,23
1215,0,0,408,473,-65,0.0,22
1215,1,1,506,430,76,1.0,22
1225,0,0,476,400,76,1.0,24
1225,1,1,426,481,-55,0.0,21
1235,0,0,323,559,-236,0.0,21
1235,1,1,493,366,127,1.0,22
1245,0,0,455,496,-41,0.0,22
1245,1,1,610,446,164,1.0,21
1255,0,0,442,476,-34,0.0,23
1255,1,1,467,384,83,1.0,25
1265,0,0,519,445,74,1.0,22
1265,1,1,454,448,6,1.0,22
1275,0,0,415,530,-115,0.0,23
1275,1,1,503,438,65,1.0,22
1285,0,0,373,578,-205,0.0,24
1285,1,1,478,358,120,1.0,23
1295,0,0,486,529,-43,0.0,24
1295,1,1,437,478,-41,0.0,24
1305,0,0,397,459,-62,0.0,23
1305,1,1,472,422,50,1.0,23
1315,0,0,410,444,-34,0.0,22
1315,1,1,547,388,159,1.0,24
1325,0,0,430,412,18,1.0,26
1325,1,1,589,309,280,1.0,25
1335,0,0,448,458,-10,0.0,22
1335,1,1,404,461,-57,0.0,24
1345,0,0,424,429,-5,0.0,24
1345,1,1,504,450,54,1.0,21
1355,0,0,373,510,-137,0.0,29
1355,1,1,472,350,122,1.0,24
1365,0,0,498,461,37,1.0,22
1365,1,1,486,398,88,1.0,22
1375,0,0,422,395,27,1.0,25
1375,1,1,477,491,-14,0.0,22
1385,0,0,410,441,-31,0.0,24
1385,1,1,385,443,-58,0.0,27
1395,0,0,413,487,-74,0.0,20
1395,1,1,513,360,153,1.0,21
1405,0,0,431,507,-76,0.0,23
1405,1,1,438,511,-73,0.0,22
1415,0,0,388,519,-131,0.0,21
1415,1,1,537,355,182,1.0,21
1425,0,0,428,490,-62,0.0,20
1425,1,1,454,389,65,1.0,22
1435,0,0,453,468,-15,0.0,23
1435,1,1,379,435,-56,0.0,24
1445,0,0,498,429,69,1.0,20
1445,1,1,512,429,83,1.0,22
1455,0,0,433,437,-4,0.0,21
1455,1,1,426,531,-105,0.0,20
1465,0,0,383,491,-108,0.0,26
1465,1,1,422,382,40,1.0,26
1475,0,0,472,493,-21,0.0,24
1475,1,1,465,327,138,1.0,23
1485,0,0,461,387,74,1.0,29
1485,1,1,422,453,-31,0.0,24
1495,0,0,360,596,-236,0.0,22
1495,1,1,508,364,144,1.0,21
1505,0,0,380,493,-113,0.0,22
1505,1,1,509,393,116,1.0,22
1515,0,0,429,493,-64,0.0,24
1515,1,1,387,407,-20,0.0,23
1525,0,0,368,474,-106,0.0,29
1525,1,1,458,466,-8,0.0,20
1535,0,0,500,429,71,1.0,21
1535,1,1,469,408,61,1.0,21
1545,0,0,451,501,-50,0.0,23
1545,1,1,471,356,115,1.0,25
1555,0,0,443,414,29,1.0,21
1555,1,1,371,496,-125,0.0,20
1565,0,0,435,437,-2,0.0,23
1565,1,1,433,404,29,1.0,22
1575,0,0,435,502,-67,0.0,21
1575,1,1,405,486,-81,0.0,22
1585,0,0,491,443,48,1.0,20
1585,1,1,492,449,43,1.0,20
1595,0,0,428,388,40,1.0,24
1595,1,1,396,596,-200,0.0,22
1605,0,0,420,434,-14,0.0,22
1605,1,1,388,419,-31,0.0,23
1615,0,0,467,332,135,1.0,22
1615,1,1,460,487,-27,0.0,19
1625,0,0,412,440,-28,0.0,23
1625,1,1,553,351,202,1.0,21
1635,0,0,427,413,14,1.0,26
1635,1,1,510,332,178,1.0,25
1645,0,0,357,501,-144,0.0,23
1645,1,1,466,367,99,1.0,23
1655,0,0,556,463,93,1.0,23
1655,1,1,423,471,-48,0.0,21
1665,0,0,469,447,22,1.0,21
1665,1,1,398,453,-55,0.0,25
1675,0,0,429,556,-127,0.0,25
1675,1,1,443,423,20,1.0,24
1685,0,0,520,448,72,1.0,23
1685,1,1,544,497,47,1.0,21
1695,0,0,553,451,102,1.0,22
1695,1,1,407,530,-123,0.0,19
1705,0,0,499,384,115,1.0,25
1705,1,1,342,538,-196,0.0,23
1715,0,0,275,484,-209,0.0,25
1715,1,1,541,210,331,1.0,27
1725,0,0,493,469,24,1.0,21
1725,1,1,521,508,13,1.0,22
1735,0,0,440,412,28,1.0,24
1735,1,1,440,589,-149,0.0,20
1745,0,0,454,518,-64,0.0,21
1745,1,1,389,572,-183,0.0,20
1755,0,0,450,539,-89,0.0,25
1755,1,1,455,364,91,1.0,23
1765,0,0,504,436,68,1.0,20
1765,1,1,496,478,18,1.0,20
1775,0,0,439,433,6,1.0,21
1775,1,1,354,477,-123,0.0,24
1785,0,0,541,380,161,1.0,24
1785,1,1,481,442,39,1.0,21
1795,0,0,400,589,-189,0.0,21
1795,1,1,408,548,-140,0.0,24
1805,0,0,456,464,-8,0.0,21
1805,1,1,481,409,72,1.0,21
1815,0,0,441,483,-42,0.0,23
1815,1,1,537,465,72,1.0,22
1825,0,0,343,542,-199,0.0,23
1825,1,1,415,441,-26,0.0,25
1835,0,0,448,460,-12,0.0,22
1835,1,1,474,497,-23,0.0,21
1845,0,0,499,414,85,1.0,20
1845,1,1,394,482,-88,0.0,22
1855,0,0,460,477,-17,0.0,23
1855,1,1,488,487,1,1.0,21
1865,0,0,434,461,-27,0.0,28
1865,1,1,403,460,-57,0.0,24
1875,0,0,478,471,7,1.0,22
1875,1,1,472,485,-13,0.0,22
1885,0,0,436,354,82,1.0,25
1885,1,1,346,503,-157,0.0,26
1895,0,0,390,520,-130,0.0,23
1895,1,1,523,438,85,1.0,26
1905,0,0,543,385,158,1.0,23
1905,1,1,436,557,-121,0.0,22
1915,0,0,435,394,41,1.0,20
1915,1,1,534,340,194,1.0,23
1925,0,0,332,450,-118,0.0,23
1925,1,1,450,371,79,1.0,25
1935,0,0,398,409,-11,0.0,26
1935,1,1,398,463,-65,0.0,22
1945,0,0,439,476,-37,0.0,22
1945,1,1,464,408,56,1.0,22
1955,0,0,416,528,-112,0.0,21
1955,1,1,521,493,28,1.0,23
1965,0,0,570,464,106,1.0,19
1965,1,1,561,559,2,1.0,22
1975,0,0,544,375,169,1.0,22
1975,1,1,461,532,-71,0.0,19
1985,0,0,567,459,108,1.0,22
1985,1,1,580,351,229,1.0,21
1995,0,0,472,457,15,1.0,21
1995,1,1,519,445,74,1.0,19
6,0,0,473,382,91,1.0,27
6,1,1,481,421,60,1.0,24
16,0,0,377,534,-157,0.0,20
16,1,1,491,406,85,1.0,22
26,0,0,482,440,42,1.0,24
26,1,1,410,388,22,1.0,28
36,0,0,502,397,105,1.0,24
36,1,1,470,501,-31,0.0,24
46,0,0,418,441,-23,0.0,24
46,1,1,433,364,69,1.0,29
56,0,0,507,438,69,1.0,23
56,1,1,421,518,-97,0.0,21
66,0,0,424,481,-57,0.0,22
66,1,1,448,466,-18,0.0,23
76,0,0,469,410,59,1.0,25
76,1,1,382,518,-136,0.0,25
86,0,0,412,370,42,1.0,25
86,1,1,415,505,-90,0.0,26
96,0,0,350,479,-129,0.0,28
96,1,1,462,377,85,1.0,27
106,0,0,339,440,-101,0.0,32
106,1,1,415,309,106,1.0,22
116,0,0,426,349,77,1.0,27
116,1,1,440,409,31,1.0,27
126,0,0,374,404,-30,0.0,24
126,1,1,343,420,-77,0.0,22
136,0,0,522,429,93,1.0,26
136,1,1,373,453,-80,0.0,24
146,0,0,483,342,141,1.0,23
146,1,1,365,396,-31,0.0,25
156,0,0,525,342,183,1.0,19
156,1,1,452,521,-69,0.0,22
166,0,0,414,438,-24,0.0,31
166,1,1,496,440,56,1.0,26
176,0,0,341,420,-79,0.0,27
176,1,1,449,409,40,1.0,20
186,0,0,539,440,99,1.0,25
186,1,1,421,583,-162,0.0,22
196,0,0,298,577,-279,0.0,23
196,1,1,430,441,-11,0.0,27
206,0,0,442,420,22,1.0,23
206,1,1,466,391,75,1.0,24
216,0,0,451,424,27,1.0,25
216,1,1,479,419,60,1.0,22
226,0,0,381,516,-135,0.0,25
226,1,1,450,383,67,1.0,25
236,0,0,414,425,-11,0.0,26
236,1,1,401,470,-69,0.0,24
246,0,0,380,407,-27,0.0,24
246,1,1,462,402,60,1.0,22
256,0,0,367,514,-147,0.0,25
256,1,1,502,324,178,1.0,22
266,0,0,418,491,-73,0.0,22
266,1,1,486,415,71,1.0,21
276,0,0,416,365,51,1.0,21
276,1,1,456,406,50,1.0,22
286,0,0,524,419,105,1.0,20
286,1,1,409,505,-96,0.0,23
296,0,0,456,571,-115,0.0,24
296,1,1,479,428,51,1.0,21
306,0,0,438,370,68,1.0,22
306,1,1,487,419,68,1.0,22
316,0,0,464,490,-26,0.0,24
316,1,1,325,441,-116,0.0,25
326,0,0,362,523,-161,0.0,25
326,1,1,479,405,74,1.0,25
336,0,0,417,397,20,1.0,28
336,1,1,446,386,60,1.0,24
346,0,0,454,419,35,1.0,22
346,1,1,390,457,-67,0.0,22
356,0,0,520,429,91,1.0,24
356,1,1,459,553,-94,0.0,20
366,0,0,334,516,-182,0.0,24
366,1,1,383,379,4,1.0,26
376,0,0,391,414,-23,0.0,26
376,1,1,423,421,2,1.0,21
386,0,0,352,609,-257,0.0,23
386,1,1,477,427,50,1.0,22
396,0,0,436,454,-18,0.0,22
396,1,1,391,432,-41,0.0,26
406,0,0,494,396,98,1.0,22
406,1,1,431,498,-67,0.0,22
416,0,0,522,456,66,1.0,22
416,1,1,385,499,-114,0.0,20
426,0,0,402,523,-121,0.0,24
426,1,1,508,329,179,1.0,24
436,0,0,483,373,110,1.0,21
436,1,1,403,524,-121,0.0,26
446,0,0,482,496,-14,0.0,20
446,1,1,398,484,-86,0.0,23
456,0,0,412,490,-78,0.0,22
456,1,1,480,391,89,1.0,26
466,0,0,512,310,202,1.0,25
466,1,1,325,568,-243,0.0,24
476,0,0,424,484,-60,0.0,20
476,1,1,454,405,49,1.0,22
486,0,0,456,381,75,1.0,22
486,1,1,452,426,26,1.0,26
496,0,0,410,464,-54,0.0,28
496,1,1,495,301,194,1.0,24
506,0,0,468,434,34,1.0,21
506,1,1,395,395,0,0.5,25
516,0,0,394,470,-76,0.0,22
516,1,1,482,397,85,1.0,26
526,0,0,515,358,157,1.0,21
526,1,1,338,403,-65,0.0,25
536,0,0,408,501,-93,0.0,25
536,1,1,482,412,70,1.0,26
546,0,0,390,494,-104,0.0,26
546,1,1,408,439,-31,0.0,25
556,0,0,408,479,-71,0.0,21
556,1,1,535,396,139,1.0,23
566,0,0,429,379,50,1.0,27
566,1,1,407,509,-102,0.0,30
576,0,0,457,351,106,1.0,26
576,1,1,360,530,-170,0.0,25
586,0,0,528,462,66,1.0,27
586,1,1,369,499,-130,0.0,25
596,0,0,453,397,56,1.0,25
596,1,1,400,493,-93,0.0,22
606,0,0,427,404,23,1.0,22
606,1,1,388,453,-65,0.0,22
616,0,0,329,376,-47,0.0,25
616,1,1,448,408,40,1.0,21
626,0,0,508,405,103,1.0,23
626,1,1,459,433,26,1.0,23
636,0,0,407,389,18,1.0,24
636,1,1,357,511,-154,0.0,23
646,0,0,446,551,-105,0.0,22
646,1,1,468,384,84,1.0,25
656,0,0,505,388,117,1.0,23
656,1,1,481,360,121,1.0,24
666,0,0,481,504,-23,0.0,22
666,1,1,493,442,51,1.0,20
676,0,0,405,409,-4,0.0,25
676,1,1,440,474,-34,0.0,25
686,0,0,398,437,-39,0.0,25
686,1,1,475,393,82,1.0,24
696,0,0,410,499,-89,0.0,26
696,1,1,569,303,266,1.0,22
706,0,0,563,452,111,1.0,18
706,1,1,441,537,-96,0.0,21
716,0,0,427,509,-82,0.0,21
716,1,1,549,315,234,1.0,22
726,0,0,402,450,-48,0.0,23
726,1,1,375,416,-41,0.0,23
736,0,0,427,408,19,1.0,24
736,1,1,396,511,-115,0.0,23
746,0,0,393,473,-80,0.0,22
746,1,1,468,345,123,1.0,24
756,0,0,482,410,72,1.0,26
756,1,1,408,471,-63,0.0,26
766,0,0,555,421,134,1.0,19
766,1,1,464,502,-38,0.0,24
776,0,0,456,454,2,1.0,23
776,1,1,560,423,137,1.0,18
786,0,0,471,440,31,1.0,25
786,1,1,344,480,-136,0.0,27
796,0,0,356,464,-108,0.0,22
796,1,1,486,413,73,1.0,23
806,0,0,457,409,48,1.0,24
806,1,1,459,374,85,1.0,23
816,0,0,298,434,-136,0.0,31
816,1,1,460,388,72,1.0,25
826,0,0,442,563,-121,0.0,20
826,1,1,528,479,49,1.0,22
836,0,0,392,390,2,1.0,26
836,1,1,407,460,-53,0.0,25
846,0,0,516,326,190,1.0,25
846,1,1,399,456,-57,0.0,21
856,0,0,476,483,-7,0.0,21
856,1,1,460,466,-6,0.0,21
866,0,0,323,572,-249,0.0,23
866,1,1,557,302,255,1.0,22
876,0,0,421,404,17,1.0,22
876,1,1,283,488,-205,0.0,23
886,0,0,486,423,63,1.0,22
886,1,1,447,428,19,1.0,22
896,0,0,424,435,-11,0.0,24
896,1,1,354,413,-59,0.0,26
906,0,0,525,401,124,1.0,23
906,1,1,410,526,-116,0.0,20
916,0,0,388,496,-108,0.0,22
916,1,1,517,423,94,1.0,22
926,0,0,509,378,131,1.0,21
926,1,1,444,394,50,1.0,23
936,0,0,546,416,130,1.0,23
936,1,1,463,527,-64,0.0,22
946,0,0,410,467,-57,0.0,22
946,1,1,510,420,90,1.0,22
956,0,0,523,474,49,1.0,22
956,1,1,520,483,37,1.0,26
966,0,0,407,493,-86,0.0,21
966,1,1,474,487,-13,0.0,23
976,0,0,496,390,106,1.0,22
976,1,1,417,415,2,1.0,24
986,0,0,583,444,139,1.0,23
986,1,1,361,431,-70,0.0,27
996,0,0,377,504,-127,0.0,23
996,1,1,475,450,25,1.0,26
1006,0,0,351,419,-68,0.0,22
1006,1,1,443,380,63,1.0,21
1016,0,0,465,330,135,1.0,30
1016,1,1,345,548,-203,0.0,22
1026,0,0,376,459,-83,0.0,25
1026,1,1,404,380,24,1.0,28
1036,0,0,441,471,-30,0.0,27
1036,1,1,475,348,127,1.0,22
1046,0,0,389,407,-18,0.0,22
1046,1,1,366,501,-135,0.0,25
1056,0,0,452,414,38,1.0,21
1056,1,1,430,451,-21,0.0,21
1066,0,0,509,426,83,1.0,21
1066,1,1,364,503,-139,0.0,23
1076,0,0,409,471,-62,0.0,22
1076,1,1,487,449,38,1.0,23
1086,0,0,420,497,-77,0.0,22
1086,1,1,386,463,-77,0.0,24
1096,0,0,507,345,162,1.0,25
1096,1,1,382,424,-42,0.0,25
1106,0,0,408,436,-28,0.0,25
1106,1,1,457,433,24,1.0,23
1116,0,0,466,449,17,1.0,21
1116,1,1,471,429,42,1.0,23
1126,0,0,462,359,103,1.0,21
1126,1,1,329,543,-214,0.0,20
1136,0,0,473,370,103,1.0,23
1136,1,1,417,451,-34,0.0,25
1146,0,0,378,372,6,1.0,26
1146,1,1,429,414,15,1.0,25
1156,0,0,472,426,46,1.0,23
1156,1,1,379,479,-100,0.0,23
1166,0,0,483,474,9,1.0,26
1166,1,1,481,370,111,1.0,26
1176,0,0,426,496,-70,0.0,21
1176,1,1,553,398,155,1.0,24
1186,0,0,464,406,58,1.0,21
1186,1,1,422,438,-16,0.0,25
1196,0,0,475,400,75,1.0,21
1196,1,1,455,448,7,1.0,26
1206,0,0,421,475,-54,0.0,22
1206,1,1,370,438,-68,0.0,23
1216,0,0,463,404,59,1.0,24
1216,1,1,400,440,-40,0.0,22
1226,0,0,508,336,172,1.0,25
1226,1,1,374,466,-92,0.0,32
1236,0,0,468,431,37,1.0,24
1236,1,1,516,509,7,1.0,20
1246,0,0,393,492,-99,0.0,24
1246,1,1,485,344,141,1.0,24
1256,0,0,408,540,-132,0.0,22
1256,1,1,429,468,-39,0.0,28
1266,0,0,381,474,-93,0.0,25
1266,1,1,463,419,44,1.0,25
1276,0,0,451,302,149,1.0,28
1276,1,1,544,419,125,1.0,24
1286,0,0,399,425,-26,0.0,22
1286,1,1,405,413,-8,0.0,22
1296,0,0,512,303,209,1.0,25
1296,1,1,376,448,-72,0.0,24
1306,0,0,467,365,102,1.0,23
1306,1,1,477,424,53,1.0,27
1316,0,0,588,408,180,1.0,22
1316,1,1,360,609,-249,0.0,21
1326,0,0,466,436,30,1.0,23
1326,1,1,572,372,200,1.0,23
1336,0,0,484,408,76,1.0,21
1336,1,1,402,469,-67,0.0,23
1346,0,0,438,380,58,1.0,22
1346,1,1,379,464,-85,0.0,24
1356,0,0,458,409,49,1.0,25
1356,1,1,383,401,-18,0.0,25
1366,0,0,389,481,-92,0.0,22
1366,1,1,476,428,48,1.0,22
1376,0,0,418,424,-6,0.0,25
1376,1,1,456,394,62,1.0,23
1386,0,0,549,356,193,1.0,23
1386,1,1,331,566,-235,0.0,21
1396,0,0,339,534,-195,0.0,24
1396,1,1,440,449,-9,0.0,23
1406,0,0,370,485,-115,0.0,24
1406,1,1,504,369,135,1.0,22
1416,0,0,445,474,-29,0.0,22
1416,1,1,496,380,116,1.0,26
1426,0,0,419,508,-89,0.0,24
1426,1,1,505,360,145,1.0,22
1436,0,0,419,335,84,1.0,27
1436,1,1,335,488,-153,0.0,21
1446,0,0,462,503,-41,0.0,22
1446,1,1,424,403,21,1.0,25
1456,0,0,526,476,50,1.0,19
1456,1,1,446,466,-20,0.0,23
1466,0,0,463,279,184,1.0,24
1466,1,1,336,531,-195,0.0,23
1476,0,0,361,375,-14,0.0,28
1476,1,1,415,401,14,1.0,27
1486,0,0,390,481,-91,0.0,23
1486,1,1,478,397,81,1.0,23
1496,0,0,582,422,160,1.0,23
1496,1,1,477,576,-99,0.0,23
1506,0,0,520,380,140,1.0,21
1506,1,1,402,546,-144,0.0,23
1516,0,0,545,479,66,1.0,24
1516,1,1,471,460,11,1.0,21
1526,0,0,526,409,117,1.0,26
1526,1,1,411,458,-47,0.0,23
1536,0,0,474,347,127,1.0,23
1536,1,1,393,476,-83,0.0,27
1546,0,0,354,473,-119,0.0,28
1546,1,1,506,402,104,1.0,27
1556,0,0,400,474,-74,0.0,26
1556,1,1,457,589,-132,0.0,22
1566,0,0,383,480,-97,0.0,24
1566,1,1,499,382,117,1.0,24
1576,0,0,484,503,-19,0.0,23
1576,1,1,485,468,17,1.0,24
1586,0,0,480,448,32,1.0,23
1586,1,1,411,477,-66,0.0,28
1596,0,0,440,472,-32,0.0,22
1596,1,1,495,502,-7,0.0,26
1606,0,0,427,401,26,1.0,28
1606,1,1,421,349,72,1.0,23
1616,0,0,531,491,40,1.0,20
1616,1,1,422,455,-33,0.0,24
1626,0,0,371,490,-119,0.0,26
1626,1,1,473,428,45,1.0,25
1636,0,0,517,465,52,1.0,26
1636,1,1,388,559,-171,0.0,23
1646,0,0,414,409,5,1.0,20
1646,1,1,388,474,-86,0.0,23
1656,0,0,451,461,-10,0.0,20
1656,1,1,421,377,44,1.0,24
1666,0,0,493,353,140,1.0,21
1666,1,1,411,400,11,1.0,24
1676,0,0,452,416,36,1.0,27
1676,1,1,431,492,-61,0.0,24
1686,0,0,427,372,55,1.0,23
1686,1,1,466,454,12,1.0,26
1696,0,0,387,533,-146,0.0,21
1696,1,1,488,535,-47,0.0,22
1706,0,0,515,420,95,1.0,24
1706,1,1,414,543,-129,0.0,22
1716,0,0,488,509,-21,0.0,22
1716,1,1,418,474,-56,0.0,22
1726,0,0,373,377,-4,0.0,27
1726,1,1,423,378,45,1.0,24
1736,0,0,479,330,149,1.0,24
1736,1,1,366,462,-96,0.0,24
1746,0,0,419,332,87,1.0,25
1746,1,1,446,448,-2,0.0,24
1756,0,0,421,430,-9,0.0,26
1756,1,1,514,340,174,1.0,25
1766,0,0,401,495,-94,0.0,20
1766,1,1,429,431,-2,0.0,27
1776,0,0,442,419,23,1.0,24
1776,1,1,448,433,15,1.0,25
1786,0,0,420,449,-29,0.0,22
1786,1,1,399,458,-59,0.0,22
1796,0,0,448,398,50,1.0,24
1796,1,1,418,454,-36,0.0,25
1806,0,0,456,425,31,1.0,21
1806,1,1,450,464,-14,0.0,22
1816,0,0,409,503,-94,0.0,22
1816,1,1,476,464,12,1.0,25
1826,0,0,409,431,-22,0.0,27
1826,1,1,410,391,19,1.0,27
1836,0,0,401,500,-99,0.0,24
1836,1,1,407,535,-128,0.0,23
1846,0,0,443,340,103,1.0,26
1846,1,1,468,371,97,1.0,24
1856,0,0,446,422,24,1.0,20
1856,1,1,436,364,72,1.0,22
1866,0,0,485,454,31,1.0,21
1866,1,1,422,519,-97,0.0,23
1876,0,0,501,487,14,1.0,26
1876,1,1,377,529,-152,0.0,23
1886,0,0,413,584,-171,0.0,20
1886,1,1,511,477,34,1.0,22
1896,0,0,435,577,-142,0.0,26
1896,1,1,504,398,106,1.0,22
1906,0,0,450,421,29,1.0,24
1906,1,1,501,394,107,1.0,24
1916,0,0,461,374,87,1.0,23
1916,1,1,373,449,-76,0.0,26
1926,0,0,493,483,10,1.0,21
1926,1,1,332,455,-123,0.0,23
1936,0,0,425,512,-87,0.0,20
1936,1,1,454,417,37,1.0,28
1946,0,0,505,433,72,1.0,21
1946,1,1,497,349,148,1.0,23
1956,0,0,407,515,-108,0.0,23
1956,1,1,475,408,67,1.0,21
1966,0,0,434,393,41,1.0,28
1966,1,1,432,412,20,1.0,24
1976,0,0,394,403,-9,0.0,28
1976,1,1,339,523,-184,0.0,22
1986,0,0,529,451,78,1.0,25
1986,1,1,362,443,-81,0.0,25
1996,0,0,498,377,121,1.0,21
1996,1,1,393,482,-89,0.0,21
7,0,0,430,508,-78,0.0,20
7,1,1,521,425,96,1.0,22
17,0,0,444,386,58,1.0,24
17,1,1,387,424,-37,0.0,22
27,0,0,529,455,74,1.0,20
27,1,1,446,472,-26,0.0,21
37,0,0,390,508,-118,0.0,22
37,1,1,535,367,168,1.0,23
47,0,0,462,528,-66,0.0,22
47,1,1,448,501,-53,0.0,20
57,0,0,407,450,-43,0.0,23
57,1,1,440,427,13,1.0,21
67,0,0,451,503,-52,0.0,26
67,1,1,491,447,44,1.0,22
77,0,0,475,437,38,1.0,27
77,1,1,484,492,-8,0.0,24
87,0,0,427,489,-62,0.0,23
87,1,1,518,459,59,1.0,21
97,0,0,425,418,7,1.0,23
97,1,1,461,409,52,1.0,21
107,0,0,468,425,43,1.0,26
107,1,1,539,350,189,1.0,31
117,0,0,584,416,168,1.0,22
117,1,1,383,541,-158,0.0,23
127,0,0,487,412,75,1.0,24
127,1,1,423,411,12,1.0,27
137,0,0,413,486,-73,0.0,26
137,1,1,426,420,6,1.0,27
147,0,0,360,484,-124,0.0,21
147,1,1,433,400,33,1.0,21
157,0,0,394,426,-32,0.0,30
157,1,1,429,443,-14,0.0,24
167,0,0,391,462,-71,0.0,25
167,1,1,464,390,74,1.0,21
177,0,0,424,479,-55,0.0,24
177,1,1,492,444,48,1.0,20
187,0,0,424,488,-64,0.0,21
187,1,1,434,461,-27,0.0,27
197,0,0,425,342,83,1.0,22
197,1,1,483,383,100,1.0,21
207,0,0,422,420,2,1.0,25
207,1,1,438,380,58,1.0,25
217,0,0,494,490,4,1.0,21
217,1,1,561,509,52,1.0,22
227,0,0,393,510,-117,0.0,21
227,1,1,499,390,109,1.0,23
237,0,0,575,365,210,1.0,22
237,1,1,393,436,-43,0.0,20
247,0,0,461,517,-56,0.0,21
247,1,1,518,416,102,1.0,23
257,0,0,493,328,165,1.0,23
257,1,1,412,437,-25,0.0,25
267,0,0,539,477,62,1.0,22
267,1,1,423,555,-132,0.0,23
277,0,0,322,577,-255,0.0,22
277,1,1,484,321,163,1.0,24
287,0,0,485,420,65,1.0,22
287,1,1,509,387,122,1.0,21
297,0,0,476,553,-77,0.0,21
297,1,1,512,450,62,1.0,23
307,0,0,358,469,-111,0.0,24
307,1,1,391,445,-54,0.0,22
317,0,0,407,491,-84,0.0,25
317,1,1,418,457,-39,0.0,24
327,0,0,462,422,40,1.0,22
327,1,1,429,492,-63,0.0,24
337,0,0,458,515,-57,0.0,21
337,1,1,515,466,49,1.0,23
347,0,0,395,469,-74,0.0,22
347,1,1,466,377,89,1.0,22
357,0,0,448,482,-34,0.0,26
357,1,1,476,461,15,1.0,22
367,0,0,389,444,-55,0.0,26
367,1,1,511,489,22,1.0,23
377,0,0,462,469,-7,0.0,25
377,1,1,490,412,78,1.0,22
387,0,0,381,521,-140,0.0,25
387,1,1,546,331,215,1.0,26
397,0,0,483,495,-12,0.0,21
397,1,1,382,498,-116,0.0,23
407,0,0,401,507,-106,0.0,25
407,1,1,488,394,94,1.0,27
417,0,0,357,556,-199,0.0,23
417,1,1,506,311,195,1.0,25
427,0,0,334,552,-218,0.0,19
427,1,1,415,408,7,1.0,24
437,0,0,389,540,-151,0.0,22
437,1,1,470,384,86,1.0,26
447,0,0,460,417,43,1.0,22
447,1,1,409,434,-25,0.0,21
457,0,0,405,414,-9,0.0,24
457,1,1,405,455,-50,0.0,23
467,0,0,439,413,26,1.0,24
467,1,1,392,444,-52,0.0,20
477,0,0,412,372,40,1.0,24
477,1,1,477,293,184,1.0,26
487,0,0,507,417,90,1.0,23
487,1,1,426,520,-94,0.0,23
497,0,0,520,431,89,1.0,24
497,1,1,437,431,6,1.0,25
507,0,0,414,510,-96,0.0,23
507,1,1,465,445,20,1.0,21
517,0,0,404,427,-23,0.0,26
517,1,1,456,359,97,1.0,23
527,0,0,535,360,175,1.0,23
527,1,1,389,451,-62,0.0,25
537,0,0,446,462,-16,0.0,23
537,1,1,527,443,84,1.0,22
547,0,0,405,438,-33,0.0,22
547,1,1,438,428,10,1.0,25
557,0,0,440,417,23,1.0,26
557,1,1,494,365,129,1.0,24
567,0,0,421,454,-33,0.0,24
567,1,1,465,443,22,1.0,24
577,0,0,450,505,-55,0.0,21
577,1,1,427,361,66,1.0,29
587,0,0,450,464,-14,0.0,24
587,1,1,418,491,-73,0.0,23
597,0,0,498,402,96,1.0,24
597,1,1,358,503,-145,0.0,25
607,0,0,442,489,-47,0.0,26
607,1,1,547,411,136,1.0,23
617,0,0,576,418,158,1.0,22
617,1,1,446,461,-15,0.0,22
627,0,0,382,457,-75,0.0,24
627,1,1,409,415,-6,0.0,28
637,0,0,426,549,-123,0.0,19
637,1,1,461,406,55,1.0,22
647,0,0,388,427,-39,0.0,22
647,1,1,547,538,9,1.0,22
657,0,0,377,438,-61,0.0,25
657,1,1,535,314,221,1.0,23
667,0,0,459,459,0,0.5,19
667,1,1,434,401,33,1.0,24
677,0,0,500,444,56,1.0,24
677,1,1,497,487,10,1.0,24
687,0,0,342,406,-64,0.0,26
687,1,1,506,476,30,1.0,24
697,0,0,408,523,-115,0.0,21
697,1,1,482,393,89,1.0,19
707,0,0,461,463,-2,0.0,24
707,1,1,463,428,35,1.0,25
717,0,0,415,461,-46,0.0,23
717,1,1,439,487,-48,0.0,26
727,0,0,430,412,18,1.0,24
727,1,1,455,426,29,1.0,22
737,0,0,402,360,42,1.0,26
737,1,1,410,405,5,1.0,24
747,0,0,481,553,-72,0.0,21
747,1,1,493,420,73,1.0,23
757,0,0,377,450,-73,0.0,24
757,1,1,373,383,-10,0.0,22
767,0,0,471,422,49,1.0,23
767,1,1,437,361,76,1.0,29
777,0,0,382,413,-31,0.0,37
777,1,1,426,358,68,1.0,26
787,0,0,470,406,64,1.0,27
787,1,1,437,514,-77,0.0,25
797,0,0,419,447,-28,0.0,23
797,1,1,514,439,75,1.0,24
807,0,0,409,439,-30,0.0,21
807,1,1,482,408,74,1.0,22
817,0,0,443,432,11,1.0,27
817,1,1,425,379,46,1.0,23
827,0,0,394,432,-38,0.0,22
827,1,1,387,371,16,1.0,27
837,0,0,461,478,-17,0.0,21
837,1,1,457,471,-14,0.0,22
847,0,0,486,549,-63,0.0,22
847,1,1,498,516,-18,0.0,21
857,0,0,370,597,-227,0.0,22
857,1,1,439,434,5,1.0,24
867,0,0,376,446,-70,0.0,24
867,1,1,464,355,109,1.0,22
877,0,0,451,490,-39,0.0,22
877,1,1,382,388,-6,0.0,26
887,0,0,369,509,-140,0.0,22
887,1,1,525,470,55,1.0,22
897,0,0,525,464,61,1.0,20
897,1,1,440,528,-88,0.0,21
907,0,0,415,501,-86,0.0,22
907,1,1,492,452,40,1.0,20
917,0,0,369,456,-87,0.0,28
917,1,1,412,348,64,1.0,26
927,0,0,472,364,108,1.0,27
927,1,1,403,470,-67,0.0,24
937,0,0,455,430,25,1.0,22
937,1,1,396,483,-87,0.0,24
947,0,0,437,484,-47,0.0,22
947,1,1,489,426,63,1.0,21
957,0,0,411,480,-69,0.0,19
957,1,1,477,432,45,1.0,22
967,0,0,456,588,-132,0.0,21
967,1,1,540,459,81,1.0,22
977,0,0,432,511,-79,0.0,23
977,1,1,454,450,4,1.0,23
987,0,0,461,441,20,1.0,21
987,1,1,477,474,3,1.0,23
997,0,0,438,389,49,1.0,23
997,1,1,363,500,-137,0.0,23
1007,0,0,440,431,9,1.0,24
1007,1,1,422,452,-30,0.0,24
1017,0,0,419,512,-93,0.0,23
1017,1,1,424,341,83,1.0,28
1027,0,0,467,414,53,1.0,22
1027,1,1,462,396,66,1.0,21
1037,0,0,508,446,62,1.0,27
1037,1,1,403,499,-96,0.0,22
1047,0,0,484,339,145,1.0,20
1047,1,1,517,342,175,1.0,22
1057,0,0,425,475,-50,0.0,24
1057,1,1,429,416,13,1.0,22
1067,0,0,462,419,43,1.0,23
1067,1,1,398,537,-139,0.0,21
1077,0,0,608,354,254,1.0,23
1077,1,1,385,608,-223,0.0,22
1087,0,0,355,482,-127,0.0,24
1087,1,1,468,467,1,1.0,23
1097,0,0,456,441,15,1.0,24
1097,1,1,518,432,86,1.0,21
1107,0,0,419,492,-73,0.0,25
1107,1,1,432,395,37,1.0,24
1117,0,0,494,516,-22,0.0,25
1117,1,1,508,442,66,1.0,23
1127,0,0,533,360,173,1.0,24
1127,1,1,390,508,-118,0.0,26
1137,0,0,354,424,-70,0.0,25
1137,1,1,423,318,105,1.0,23
1147,0,0,413,453,-40,0.0,25
1147,1,1,467,410,57,1.0,24
1157,0,0,388,473,-85,0.0,23
1157,1,1,497,419,78,1.0,25
1167,0,0,501,434,67,1.0,27
1167,1,1,489,440,49,1.0,21
1177,0,0,444,464,-20,0.0,22
1177,1,1,399,537,-138,0.0,25
1187,0,0,465,425,40,1.0,24
1187,1,1,427,516,-89,0.0,23
1197,0,0,462,549,-87,0.0,20
1197,1,1,556,386,170,1.0,23
1207,0,0,510,428,82,1.0,21
1207,1,1,429,565,-136,0.0,23
1217,0,0,447,420,27,1.0,23
1217,1,1,419,361,58,1.0,23
1227,0,0,462,441,21,1.0,22
1227,1,1,432,400,32,1.0,24
1237,0,0,366,559,-193,0.0,21
1237,1,1,637,429,208,1.0,22
1247,0,0,527,438,89,1.0,20
1247,1,1,340,443,-103,0.0,22
1257,0,0,378,563,-185,0.0,21
1257,1,1,478,425,53,1.0,24
1267,0,0,317,502,-185,0.0,21
1267,1,1,530,333,197,1.0,23
1277,0,0,536,422,114,1.0,22
1277,1,1,460,378,82,1.0,21
1287,0,0,419,511,-92,0.0,21
1287,1,1,544,511,33,1.0,20
1297,0,0,540,399,141,1.0,21
1297,1,1,352,600,-248,0.0,20
1307,0,0,475,515,-40,0.0,23
1307,1,1,407,358,49,1.0,27
1317,0,0,500,439,61,1.0,20
1317,1,1,538,454,84,1.0,21
1327,0,0,444,549,-105,0.0,23
1327,1,1,452,431,21,1.0,21
1337,0,0,418,474,-56,0.0,22
1337,1,1,433,391,42,1.0,23
1347,0,0,412,473,-61,0.0,26
1347,1,1,463,430,33,1.0,24
1357,0,0,432,375,57,1.0,24
1357,1,1,410,425,-15,0.0,27
1367,0,0,423,490,-67,0.0,28
1367,1,1,418,482,-64,0.0,23
1377,0,0,348,551,-203,0.0,23
1377,1,1,490,385,105,1.0,23
1387,0,0,429,408,21,1.0,20
1387,1,1,356,450,-94,0.0,23
1397,0,0,426,423,3,1.0,25
1397,1,1,436,400,36,1.0,24
1407,0,0,387,416,-29,0.0,25
1407,1,1,397,442,-45,0.0,23
1417,0,0,421,424,-3,0.0,25
1417,1,1,387,473,-86,0.0,23
1427,0,0,501,396,105,1.0,22
1427,1,1,449,517,-68,0.0,20
1437,0,0,414,547,-133,0.0,23
1437,1,1,526,398,128,1.0,23
1447,0,0,462,472,-10,0.0,23
1447,1,1,419,414,5,1.0,24
1457,0,0,456,436,20,1.0,22
1457,1,1,476,442,34,1.0,25
1467,0,0,474,417,57,1.0,22
1467,1,1,617,474,143,1.0,19
1477,0,0,464,497,-33,0.0,25
1477,1,1,497,453,44,1.0,23
1487,0,0,477,434,43,1.0,26
1487,1,1,423,449,-26,0.0,27
1497,0,0,395,488,-93,0.0,26
1497,1,1,537,388,149,1.0,24
1507,0,0,499,404,95,1.0,22
1507,1,1,477,437,40,1.0,22
1517,0,0,358,499,-141,0.0,24
1517,1,1,540,306,234,1.0,25
1527,0,0,410,538,-128,0.0,23
1527,1,1,443,422,21,1.0,22
1537,0,0,595,462,133,1.0,21
1537,1,1,353,566,-213,0.0,22
1547,0,0,420,440,-20,0.0,24
1547,1,1,420,411,9,1.0,21
1557,0,0,376,425,-49,0.0,28
1557,1,1,480,420,60,1.0,24
1567,0,0,489,398,91,1.0,22
1567,1,1,372,432,-60,0.0,24
1577,0,0,372,484,-112,0.0,24
1577,1,1,524,336,188,1.0,22
1587,0,0,442,375,67,1.0,25
1587,1,1,370,459,-89,0.0,28
1597,0,0,503,395,108,1.0,23
1597,1,1,455,454,1,1.0,24
1607,0,0,460,463,-3,0.0,22
1607,1,1,395,501,-106,0.0,22
1617,0,0,467,545,-78,0.0,22
1617,1,1,481,419,62,1.0,22
1627,0,0,471,468,3,1.0,23
1627,1,1,374,442,-68,0.0,23
1637,0,0,510,542,-32,0.0,22
1637,1,1,414,501,-87,0.0,23
1647,0,0,274,522,-248,0.0,24
1647,1,1,518,283,235,1.0,25
1657,0,0,437,390,47,1.0,22
1657,1,1,508,445,63,1.0,22
1667,0,0,484,353,131,1.0,23
1667,1,1,442,371,71,1.0,25
1677,0,0,430,480,-50,0.0,20
1677,1,1,560,400,160,1.0,20
1687,0,0,364,529,-165,0.0,21
1687,1,1,566,386,180,1.0,23
1697,0,0,505,410,95,1.0,21
1697,1,1,427,425,2,1.0,20
1707,0,0,370,468,-98,0.0,24
1707,1,1,364,404,-40,0.0,24
1717,0,0,406,435,-29,0.0,24
1717,1,1,419,411,8,1.0,25
1727,0,0,478,439,39,1.0,23
1727,1,1,443,484,-41,0.0,25
1737,0,0,453,405,48,1.0,22
1737,1,1,516,469,47,1.0,21
1747,0,0,416,532,-116,0.0,25
1747,1,1,423,385,38,1.0,24
1757,0,0,440,487,-47,0.0,22
1757,1,1,426,444,-18,0.0,24
1767,0,0,438,405,33,1.0,27
1767,1,1,455,436,19,1.0,23
1777,0,0,468,413,55,1.0,25
1777,1,1,418,377,41,1.0,27
1787,0,0,430,451,-21,0.0,22
1787,1,1,493,441,52,1.0,24
1797,0,0,372,489,-117,0.0,24
1797,1,1,363,337,26,1.0,26
1807,0,0,483,415,68,1.0,21
1807,1,1,377,483,-106,0.0,22
1817,0,0,387,374,13,1.0,25
1817,1,1,453,492,-39,0.0,26
1827,0,0,451,510,-59,0.0,24
1827,1,1,486,462,24,1.0,23
1837,0,0,370,460,-90,0.0,23
1837,1,1,457,467,-10,0.0,21
1847,0,0,403,481,-78,0.0,25
1847,1,1,446,346,100,1.0,20
1857,0,0,392,518,-126,0.0,24
1857,1,1,481,374,107,1.0,21
1867,0,0,459,417,42,1.0,24
1867,1,1,443,483,-40,0.0,23
1877,0,0,390,432,-42,0.0,24
1877,1,1,465,409,56,1.0,28
1887,0,0,519,267,252,1.0,24
1887,1,1,323,501,-178,0.0,22
1897,0,0,479,497,-18,0.0,25
1897,1,1,546,520,26,1.0,21
1907,0,0,510,421,89,1.0,22
1907,1,1,400,421,-21,0.0,23
1917,0,0,482,487,-5,0.0,23
1917,1,1,414,434,-20,0.0,22
1927,0,0,446,419,27,1.0,23
1927,1,1,390,439,-49,0.0,24
1937,0,0,290,586,-296,0.0,19
1937,1,1,496,439,57,1.0,23
1947,0,0,426,386,40,1.0,22
1947,1,1,477,398,79,1.0,28
1957,0,0,443,405,38,1.0,23
1957,1,1,441,552,-111,0.0,21
1967,0,0,362,467,-105,0.0,26
1967,1,1,446,456,-10,0.0,23
1977,0,0,394,486,-92,0.0,20
1977,1,1,443,404,39,1.0,21
1987,0,0,446,457,-11,0.0,23
1987,1,1,495,355,140,1.0,23
1997,0,0,370,355,15,1.0,27
1997,1,1,460,443,17,1.0,25
8,0,0,400,401,-1,0.0,24
8,1,1,382,484,-102,0.0,24
18,0,0,387,492,-105,0.0,22
18,1,1,468,466,2,1.0,25
28,0,0,329,519,-190,0.0,24
28,1,1,464,372,92,1.0,22
38,0,0,500,332,168,1.0,24
38,1,1,475,429,46,1.0,23
48,0,0,469,384,85,1.0,23
48,1,1,364,525,-161,0.0,19
58,0,0,555,437,118,1.0,21
58,1,1,445,512,-67,0.0,21
68,0,0,535,419,116,1.0,21
68,1,1,446,457,-11,0.0,27
78,0,0,342,448,-106,0.0,24
78,1,1,426,405,21,1.0,25
88,0,0,409,469,-60,0.0,21
88,1,1,404,510,-106,0.0,23
98,0,0,490,533,-43,0.0,20
98,1,1,516,478,38,1.0,20
108,0,0,397,381,16,1.0,21
108,1,1,416,462,-46,0.0,21
118,0,0,520,451,69,1.0,21
118,1,1,375,517,-142,0.0,21
128,0,0,393,431,-38,0.0,24
128,1,1,406,402,4,1.0,23
138,0,0,452,498,-46,0.0,26
138,1,1,421,468,-47,0.0,26
148,0,0,466,456,10,1.0,24
148,1,1,423,488,-65,0.0,28
158,0,0,457,417,40,1.0,23
158,1,1,444,417,27,1.0,21
168,0,0,482,393,89,1.0,21
168,1,1,440,534,-94,0.0,22
178,0,0,463,327,136,1.0,23
178,1,1,378,532,-154,0.0,22
188,0,0,461,391,70,1.0,26
188,1,1,388,488,-100,0.0,26
198,0,0,499,451,48,1.0,26
198,1,1,458,489,-31,0.0,24
208,0,0,465,285,180,1.0,32
208,1,1,342,546,-204,0.0,29
218,0,0,539,421,118,1.0,21
218,1,1,441,392,49,1.0,24
228,0,0,367,441,-74,0.0,22
228,1,1,454,394,60,1.0,24
238,0,0,472,479,-7,0.0,20
238,1,1,499,515,-16,0.0,20
248,0,0,508,553,-45,0.0,24
248,1,1,439,444,-5,0.0,31
258,0,0,537,344,193,1.0,21
258,1,1,463,557,-94,0.0,21
268,0,0,384,437,-53,0.0,24
268,1,1,437,469,-32,0.0,21
278,0,0,495,388,107,1.0,25
278,1,1,382,432,-50,0.0,23
288,0,0,544,399,145,1.0,22
288,1,1,345,541,-196,0.0,24
298,0,0,424,481,-57,0.0,24
298,1,1,433,471,-38,0.0,25
308,0,0,529,286,243,1.0,22
308,1,1,395,561,-166,0.0,21
318,0,0,361,460,-99,0.0,20
318,1,1,478,429,49,1.0,19
328,0,0,374,448,-74,0.0,22
328,1,1,530,346,184,1.0,20
338,0,0,462,509,-47,0.0,20
338,1,1,437,424,13,1.0,23
348,0,0,450,408,42,1.0,22
348,1,1,503,443,60,1.0,23
358,0,0,466,467,-1,0.0,19
358,1,1,431,488,-57,0.0,22
368,0,0,461,435,26,1.0,24
368,1,1,339,512,-173,0.0,25
378,0,0,399,491,-92,0.0,21
378,1,1,439,529,-90,0.0,25
388,0,0,385,450,-65,0.0,25
388,1,1,467,414,53,1.0,22
398,0,0,479,391,88,1.0,21
398,1,1,414,502,-88,0.0,22
408,0,0,481,404,77,1.0,21
408,1,1,457,560,-103,0.0,20
418,0,0,376,511,-135,0.0,27
418,1,1,518,385,133,1.0,29
428,0,0,385,457,-72,0.0,24
428,1,1,449,400,49,1.0,24
438,0,0,406,422,-16,0.0,26
438,1,1,376,422,-46,0.0,29
448,0,0,417,452,-35,0.0,23
448,1,1,404,504,-100,0.0,23
458,0,0,532,372,160,1.0,21
458,1,1,484,538,-54,0.0,20
468,0,0,580,451,129,1.0,21
468,1,1,467,356,111,1.0,26
478,0,0,594,503,91,1.0,20
478,1,1,413,403,10,1.0,22
488,0,0,443,406,37,1.0,22
488,1,1,468,458,10,1.0,22
498,0,0,516,419,97,1.0,21
498,1,1,529,495,34,1.0,20
508,0,0,492,455,37,1.0,22
508,1,1,418,381,37,1.0,21
518,0,0,519,343,176,1.0,35
518,1,1,442,476,-34,0.0,24
528,0,0,385,396,-11,0.0,21
528,1,1,392,498,-106,0.0,21
538,0,0,585,430,155,1.0,21
538,1,1,459,552,-93,0.0,23
548,0,0,406,423,-17,0.0,23
548,1,1,463,426,37,1.0,23
558,0,0,419,405,14,1.0,23
558,1,1,433,410,23,1.0,23
568,0,0,384,497,-113,0.0,26
568,1,1,427,362,65,1.0,29
578,0,0,424,464,-40,0.0,21
578,1,1,445,485,-40,0.0,21
588,0,0,492,357,135,1.0,23
588,1,1,436,604,-168,0.0,25
598,0,0,484,356,128,1.0,24
598,1,1,428,476,-48,0.0,23
608,0,0,511,297,214,1.0,22
608,1,1,402,466,-64,0.0,23
618,0,0,517,393,124,1.0,23
618,1,1,280,531,-251,0.0,22
628,0,0,439,433,6,1.0,20
628,1,1,481,466,15,1.0,22
638,0,0,464,452,12,1.0,24
638,1,1,446,484,-38,0.0,25
648,0,0,460,478,-18,0.0,24
648,1,1,439,412,27,1.0,25
658,0,0,413,458,-45,0.0,22
658,1,1,459,516,-57,0.0,20
668,0,0,382,370,12,1.0,26
668,1,1,500,447,53,1.0,27
678,0,0,436,452,-16,0.0,23
678,1,1,397,483,-86,0.0,24
688,0,0,444,382,62,1.0,23
688,1,1,546,392,154,1.0,20
698,0,0,417,405,12,1.0,26
698,1,1,511,378,133,1.0,24
708,0,0,483,414,69,1.0,23
708,1,1,451,380,71,1.0,22
718,0,0,482,452,30,1.0,24
718,1,1,472,456,16,1.0,20
728,0,0,453,449,4,1.0,28
728,1,1,460,485,-25,0.0,24
738,0,0,468,427,41,1.0,24
738,1,1,345,411,-66,0.0,25
748,0,0,385,522,-137,0.0,25
748,1,1,447,334,113,1.0,28
758,0,0,349,516,-167,0.0,26
758,1,1,451,449,2,1.0,25
768,0,0,474,411,63,1.0,27
768,1,1,474,450,24,1.0,22
778,0,0,466,476,-10,0.0,26
778,1,1,375,406,-31,0.0,25
788,0,0,502,380,122,1.0,22
788,1,1,317,489,-172,0.0,24
798,0,0,487,390,97,1.0,23
798,1,1,424,454,-30,0.0,26
808,0,0,442,465,-23,0.0,22
808,1,1,429,454,-25,0.0,23
818,0,0,557,423,134,1.0,24
818,1,1,372,561,-189,0.0,23
828,0,0,380,444,-64,0.0,24
828,1,1,449,392,57,1.0,22
838,0,0,471,485,-14,0.0,26
838,1,1,477,435,42,1.0,24
848,0,0,484,402,82,1.0,29
848,1,1,385,527,-142,0.0,25
858,0,0,520,497,23,1.0,21
858,1,1,440,456,-16,0.0,24
868,0,0,571,378,193,1.0,24
868,1,1,301,529,-228,0.0,19
878,0,0,402,545,-143,0.0,27
878,1,1,417,394,23,1.0,23
888,0,0,482,407,75,1.0,23
888,1,1,444,479,-35,0.0,26
898,0,0,419,469,-50,0.0,23
898,1,1,473,396,77,1.0,24
908,0,0,492,369,123,1.0,25
908,1,1,416,550,-134,0.0,22
918,0,0,389,375,14,1.0,27
918,1,1,493,385,108,1.0,24
928,0,0,606,325,281,1.0,21
928,1,1,351,463,-112,0.0,24
938,0,0,473,546,-73,0.0,22
938,1,1,497,425,72,1.0,25
948,0,0,478,495,-17,0.0,23
948,1,1,460,490,-30,0.0,23
958,0,0,487,438,49,1.0,20
958,1,1,435,441,-6,0.0,22
968,0,0,506,515,-9,0.0,21
968,1,1,511,481,30,1.0,22
978,0,0,437,428,9,1.0,23
978,1,1,386,365,21,1.0,23
988,0,0,421,510,-89,0.0,24
988,1,1,423,447,-24,0.0,24
998,0,0,431,372,59,1.0,21
998,1,1,528,378,150,1.0,22
1008,0,0,500,406,94,1.0,24
1008,1,1,374,490,-116,0.0,25
1018,0,0,396,487,-91,0.0,24
1018,1,1,449,431,18,1.0,23
1028,0,0,434,437,-3,0.0,22
1028,1,1,371,555,-184,0.0,21
1038,0,0,438,404,34,1.0,28
1038,1,1,414,378,36,1.0,29
1048,0,0,358,455,-97,0.0,23
1048,1,1,476,390,86,1.0,23
1058,0,0,433,399,34,1.0,22
1058,1,1,551,354,197,1.0,24
1068,0,0,430,507,-77,0.0,21
1068,1,1,519,400,119,1.0,25
1078,0,0,421,508,-87,0.0,25
1078,1,1,512,461,51,1.0,20
1088,0,0,574,373,201,1.0,25
1088,1,1,457,603,-146,0.0,22
1098,0,0,465,495,-30,0.0,24
1098,1,1,459,471,-12,0.0,27
1108,0,0,423,508,-85,0.0,20
1108,1,1,548,376,172,1.0,22
1118,0,0,471,413,58,1.0,22
1118,1,1,512,445,67,1.0,20
1128,0,0,513,458,55,1.0,23
1128,1,1,373,484,-111,0.0,28
1138,0,0,461,554,-93,0.0,24
1138,1,1,459,431,28,1.0,22
1148,0,0,479,461,18,1.0,22
1148,1,1,423,444,-21,0.0,25
1158,0,0,356,593,-237,0.0,20
1158,1,1,426,409,17,1.0,32
1168,0,0,432,418,14,1.0,25
1168,1,1,470,487,-17,0.0,24
1178,0,0,337,490,-153,0.0,23
1178,1,1,491,375,116,1.0,23
1188,0,0,412,463,-51,0.0,26
1188,1,1,413,450,-37,0.0,22
1198,0,0,448,451,-3,0.0,25
1198,1,1,443,466,-23,0.0,24
1208,0,0,451,444,7,1.0,24
1208,1,1,450,456,-6,0.0,22
1218,0,0,456,360,96,1.0,25
1218,1,1,347,497,-150,0.0,23
1228,0,0,412,436,-24,0.0,23
1228,1,1,445,443,2,1.0,21
1238,0,0,447,343,104,1.0,25
1238,1,1,316,514,-198,0.0,24
1248,0,0,517,404,113,1.0,23
1248,1,1,494,457,37,1.0,23
1258,0,0,461,390,71,1.0,23
1258,1,1,355,452,-97,0.0,21
1268,0,0,455,365,90,1.0,19
1268,1,1,365,493,-128,0.0,25
1278,0,0,519,445,74,1.0,21
1278,1,1,419,578,-159,0.0,21
1288,0,0,490,504,-14,0.0,23
1288,1,1,444,509,-65,0.0,23
1298,0,0,306,480,-174,0.0,27
1298,1,1,551,355,196,1.0,23
1308,0,0,542,338,204,1.0,23
1308,1,1,486,421,65,1.0,22
1318,0,0,444,471,-27,0.0,22
1318,1,1,522,407,115,1.0,25
1328,0,0,414,404,10,1.0,22
1328,1,1,409,451,-42,0.0,20
1338,0,0,429,455,-26,0.0,25
1338,1,1,498,416,82,1.0,26
1348,0,0,425,446,-21,0.0,22
1348,1,1,479,430,49,1.0,20
1358,0,0,466,452,14,1.0,24
1358,1,1,348,500,-152,0.0,24
1368,0,0,364,449,-85,0.0,22
1368,1,1,445,399,46,1.0,22
1378,0,0,410,399,11,1.0,23
1378,1,1,401,479,-78,0.0,25
1388,0,0,454,438,16,1.0,21
1388,1,1,425,475,-50,0.0,20
1398,0,0,423,310,113,1.0,26
1398,1,1,303,468,-165,0.0,23
1408,0,0,368,551,-183,0.0,22
1408,1,1,476,406,70,1.0,20
1418,0,0,473,331,142,1.0,24
1418,1,1,364,478,-114,0.0,23
1428,0,0,413,551,-138,0.0,24
1428,1,1,459,498,-39,0.0,22
1438,0,0,389,434,-45,0.0,26
1438,1,1,550,454,96,1.0,24
1448,0,0,479,420,59,1.0,23
1448,1,1,444,537,-93,0.0,22
1458,0,0,516,430,86,1.0,24
1458,1,1,476,461,15,1.0,22
1468,0,0,477,395,82,1.0,23
1468,1,1,406,498,-92,0.0,24
1478,0,0,534,435,99,1.0,21
1478,1,1,455,431,24,1.0,23
1488,0,0,608,430,178,1.0,24
1488,1,1,365,466,-101,0.0,24
1498,0,0,460,338,122,1.0,23
1498,1,1,406,451,-45,0.0,22
1508,0,0,448,449,-1,0.0,21
1508,1,1,468,434,34,1.0,24
1518,0,0,552,394,158,1.0,19
1518,1,1,335,499,-164,0.0,20
1528,0,0,436,427,9,1.0,21
1528,1,1,480,419,61,1.0,21
1538,0,0,329,438,-109,0.0,22
1538,1,1,521,410,111,1.0,25
1548,0,0,434,504,-70,0.0,20
1548,1,1,445,418,27,1.0,24
1558,0,0,454,419,35,1.0,25
1558,1,1,453,334,119,1.0,26
1568,0,0,372,533,-161,0.0,22
1568,1,1,464,447,17,1.0,24
1578,0,0,342,485,-143,0.0,23
1578,1,1,469,438,31,1.0,24
1588,0,0,469,443,26,1.0,24
1588,1,1,363,427,-64,0.0,26
1598,0,0,596,454,142,1.0,21
1598,1,1,550,403,147,1.0,20
1608,0,0,479,452,27,1.0,22
1608,1,1,370,472,-102,0.0,30
1618,0,0,535,485,50,1.0,21
1618,1,1,416,557,-141,0.0,19
1628,0,0,427,541,-114,0.0,21
1628,1,1,540,407,133,1.0,20
1638,0,0,498,437,61,1.0,21
1638,1,1,408,428,-20,0.0,26
1648,0,0,423,573,-150,0.0,22
1648,1,1,512,394,118,1.0,24
1658,0,0,415,509,-94,0.0,24
1658,1,1,395,430,-35,0.0,21
1668,0,0,483,412,71,1.0,22
1668,1,1,498,471,27,1.0,24
1678,0,0,408,568,-160,0.0,21
1678,1,1,418,405,13,1.0,24
1688,0,0,467,363,104,1.0,24
1688,1,1,318,399,-81,0.0,25
1698,0,0,410,355,55,1.0,23
1698,1,1,376,423,-47,0.0,24
1708,0,0,498,507,-9,0.0,21
1708,1,1,486,467,19,1.0,21
1718,0,0,406,402,4,1.0,21
1718,1,1,384,504,-120,0.0,21
1728,0,0,492,410,82,1.0,23
1728,1,1,340,461,-121,0.0,22
1738,0,0,426,454,-28,0.0,28
1738,1,1,351,481,-130,0.0,33
1748,0,0,418,438,-20,0.0,20
1748,1,1,399,475,-76,0.0,23
1758,0,0,489,574,-85,0.0,20
1758,1,1,445,447,-2,0.0,24
1768,0,0,442,522,-80,0.0,26
1768,1,1,526,465,61,1.0,21
1778,0,0,401,505,-104,0.0,24
1778,1,1,459,378,81,1.0,25
1788,0,0,387,393,-6,0.0,27
1788,1,1,429,531,-102,0.0,21
1798,0,0,430,468,-38,0.0,22
1798,1,1,476,453,23,1.0,21
1808,0,0,606,286,320,1.0,21
1808,1,1,388,505,-117,0.0,24
1818,0,0,480,391,89,1.0,22
1818,1,1,472,388,84,1.0,31
1828,0,0,450,470,-20,0.0,26
1828,1,1,470,371,99,1.0,23
1838,0,0,472,339,133,1.0,24
1838,1,1,403,533,-130,0.0,22
1848,0,0,357,449,-92,0.0,25
1848,1,1,549,574,-25,0.0,21
1858,0,0,414,376,38,1.0,25
1858,1,1,438,384,54,1.0,26
1868,0,0,316,504,-188,0.0,24
1868,1,1,471,423,48,1.0,26
1878,0,0,468,451,17,1.0,23
1878,1,1,521,569,-48,0.0,23
1888,0,0,439,437,2,1.0,25
1888,1,1,421,365,56,1.0,23
1898,0,0,494,435,59,1.0,24
1898,1,1,452,432,20,1.0,20
1908,0,0,446,401,45,1.0,24
1908,1,1,437,564,-127,0.0,21
1918,0,0,387,400,-13,0.0,25
1918,1,1,350,478,-128,0.0,23
1928,0,0,502,453,49,1.0,23
1928,1,1,371,509,-138,0.0,23
1938,0,0,577,407,170,1.0,21
1938,1,1,369,690,-321,0.0,21
1948,0,0,352,418,-66,0.0,22
1948,1,1,439,445,-6,0.0,23
1958,0,0,489,411,78,1.0,21
1958,1,1,425,581,-156,0.0,23
1968,0,0,383,380,3,1.0,24
1968,1,1,389,515,-126,0.0,23
1978,0,0,374,564,-190,0.0,18
1978,1,1,627,331,296,1.0,23
1988,0,0,432,471,-39,0.0,24
1988,1,1,380,468,-88,0.0,25
1998,0,0,431,464,-33,0.0,21
1998,1,1,427,514,-87,0.0,24
9,0,0,528,384,144,1.0,20
9,1,1,424,458,-34,0.0,31
19,0,0,345,469,-124,0.0,22
19,1,1,485,456,29,1.0,23
29,0,0,391,439,-48,0.0,25
29,1,1,410,398,12,1.0,22
39,0,0,458,417,41,1.0,23
39,1,1,499,369,130,1.0,20
49,0,0,490,392,98,1.0,24
49,1,1,426,496,-70,0.0,22
59,0,0,453,498,-45,0.0,21
59,1,1,487,463,24,1.0,22
69,0,0,303,497,-194,0.0,23
69,1,1,533,304,229,1.0,21
79,0,0,435,476,-41,0.0,20
79,1,1,586,541,45,1.0,21
89,0,0,497,478,19,1.0,23
89,1,1,401,397,4,1.0,26
99,0,0,445,437,8,1.0,21
99,1,1,437,440,-3,0.0,21
109,0,0,479,403,76,1.0,22
109,1,1,431,438,-7,0.0,26
119,0,0,535,433,102,1.0,22
119,1,1,433,425,8,1.0,21
129,0,0,481,449,32,1.0,22
129,1,1,394,408,-14,0.0,22
139,0,0,393,471,-78,0.0,26
139,1,1,475,454,21,1.0,24
149,0,0,405,421,-16,0.0,24
149,1,1,355,421,-66,0.0,22
159,0,0,425,501,-76,0.0,23
159,1,1,510,459,51,1.0,25
169,0,0,389,403,-14,0.0,23
169,1,1,482,425,57,1.0,23
179,0,0,440,420,20,1.0,28
179,1,1,432,418,14,1.0,25
189,0,0,527,363,164,1.0,25
189,1,1,334,406,-72,0.0,24
199,0,0,411,478,-67,0.0,26
199,1,1,483,547,-64,0.0,24
209,0,0,426,423,3,1.0,27
209,1,1,450,426,24,1.0,26
219,0,0,542,360,182,1.0,26
219,1,1,397,411,-14,0.0,22
229,0,0,532,559,-27,0.0,20
229,1,1,414,488,-74,0.0,26
239,0,0,278,495,-217,0.0,26
239,1,1,524,295,229,1.0,25
249,0,0,481,441,40,1.0,21
249,1,1,385,507,-122,0.0,23
259,0,0,418,484,-66,0.0,24
259,1,1,439,350,89,1.0,25
269,0,0,598,341,257,1.0,24
269,1,1,407,511,-104,0.0,23
279,0,0,298,469,-171,0.0,20
279,1,1,462,400,62,1.0,26
289,0,0,395,473,-78,0.0,24
289,1,1,394,401,-7,0.0,25
299,0,0,432,438,-6,0.0,24
299,1,1,440,384,56,1.0,29
309,0,0,450,530,-80,0.0,29
309,1,1,536,398,138,1.0,28
319,0,0,393,426,-33,0.0,29
319,1,1,375,471,-96,0.0,23
329,0,0,401,431,-30,0.0,23
329,1,1,399,412,-13,0.0,26
339,0,0,480,394,86,1.0,26
339,1,1,378,400,-22,0.0,26
349,0,0,372,487,-115,0.0,22
349,1,1,478,421,57,1.0,22
359,0,0,371,462,-91,0.0,23
359,1,1,459,438,21,1.0,20
369,0,0,427,509,-82,0.0,24
369,1,1,516,426,90,1.0,22
379,0,0,429,529,-100,0.0,21
379,1,1,490,459,31,1.0,24
389,0,0,405,481,-76,0.0,21
389,1,1,447,400,47,1.0,22
399,0,0,546,439,107,1.0,21
399,1,1,438,539,-101,0.0,18
409,0,0,390,469,-79,0.0,21
409,1,1,460,358,102,1.0,23
419,0,0,470,459,11,1.0,25
419,1,1,455,499,-44,0.0,24
429,0,0,517,494,23,1.0,19
429,1,1,572,476,96,1.0,23
439,0,0,433,413,20,1.0,24
439,1,1,369,565,-196,0.0,22
449,0,0,478,510,-32,0.0,23
449,1,1,493,363,130,1.0,25
459,0,0,442,443,-1,0.0,23
459,1,1,424,395,29,1.0,29
469,0,0,429,468,-39,0.0,22
469,1,1,450,395,55,1.0,25
479,0,0,537,497,40,1.0,22
479,1,1,400,481,-81,0.0,25
489,0,0,475,453,22,1.0,22
489,1,1,388,551,-163,0.0,20
499,0,0,431,397,34,1.0,27
499,1,1,360,411,-51,0.0,26
509,0,0,499,573,-74,0.0,21
509,1,1,495,496,-1,0.0,24
519,0,0,448,484,-36,0.0,23
519,1,1,452,427,25,1.0,23
529,0,0,487,486,1,1.0,22
529,1,1,490,504,-14,0.0,24
539,0,0,453,527,-74,0.0,26
539,1,1,510,398,112,1.0,24
549,0,0,375,432,-57,0.0,23
549,1,1,460,462,-2,0.0,24
559,0,0,487,465,22,1.0,24
559,1,1,432,494,-62,0.0,21
569,0,0,521,365,156,1.0,22
569,1,1,544,441,103,1.0,23
579,0,0,319,476,-157,0.0,25
579,1,1,448,435,13,1.0,27
589,0,0,425,424,1,1.0,28
589,1,1,517,511,6,1.0,22
599,0,0,398,453,-55,0.0,25
599,1,1,509,445,64,1.0,27
609,0,0,535,379,156,1.0,18
609,1,1,402,428,-26,0.0,22
619,0,0,490,481,9,1.0,27
619,1,1,488,390,98,1.0,21
629,0,0,390,528,-138,0.0,23
629,1,1,572,401,171,1.0,21
639,0,0,303,516,-213,0.0,25
639,1,1,445,465,-20,0.0,22
649,0,0,333,454,-121,0.0,22
649,1,1,439,439,0,0.5,21
659,0,0,417,445,-28,0.0,24
659,1,1,489,441,48,1.0,26
669,0,0,476,380,96,1.0,22
669,1,1,466,405,61,1.0,29
679,0,0,320,584,-264,0.0,24
679,1,1,528,396,132,1.0,23
689,0,0,426,550,-124,0.0,21
689,1,1,540,425,115,1.0,22
699,0,0,442,410,32,1.0,21
699,1,1,366,458,-92,0.0,23
709,0,0,506,477,29,1.0,19
709,1,1,413,535,-122,0.0,21
719,0,0,473,498,-25,0.0,21
719,1,1,420,446,-26,0.0,32
729,0,0,421,356,65,1.0,24
729,1,1,350,382,-32,0.0,22
739,0,0,363,465,-102,0.0,23
739,1,1,486,375,111,1.0,23
749,0,0,442,451,-9,0.0,30
749,1,1,535,386,149,1.0,21
759,0,0,448,462,-14,0.0,29
759,1,1,513,473,40,1.0,22
769,0,0,501,350,151,1.0,22
769,1,1,406,404,2,1.0,25
779,0,0,524,430,94,1.0,21
779,1,1,490,492,-2,0.0,23
789,0,0,437,654,-217,0.0,21
789,1,1,588,336,252,1.0,23
799,0,0,397,532,-135,0.0,19
799,1,1,524,361,163,1.0,21
809,0,0,400,451,-51,0.0,26
809,1,1,522,420,102,1.0,25
819,0,0,436,472,-36,0.0,22
819,1,1,472,442,30,1.0,22
829,0,0,443,416,27,1.0,20
829,1,1,492,407,85,1.0,23
839,0,0,443,485,-42,0.0,24
839,1,1,431,417,14,1.0,23
849,0,0,452,419,33,1.0,22
849,1,1,398,422,-24,0.0,24
859,0,0,448,524,-76,0.0,28
859,1,1,498,393,105,1.0,19
869,0,0,384,469,-85,0.0,23
869,1,1,495,443,52,1.0,22
879,0,0,375,540,-165,0.0,25
879,1,1,518,253,265,1.0,28
889,0,0,460,427,33,1.0,23
889,1,1,516,481,35,1.0,23
899,0,0,527,396,131,1.0,23
899,1,1,423,443,-20,0.0,26
909,0,0,434,388,46,1.0,22
909,1,1,475,530,-55,0.0,24
919,0,0,402,450,-48,0.0,26
919,1,1,522,362,160,1.0,29
929,0,0,391,624,-233,0.0,21
929,1,1,541,409,132,1.0,19
939,0,0,441,483,-42,0.0,20
939,1,1,495,446,49,1.0,25
949,0,0,380,471,-91,0.0,24
949,1,1,547,394,153,1.0,26
959,0,0,488,360,128,1.0,26
959,1,1,477,548,-71,0.0,21
969,0,0,441,430,11,1.0,24
969,1,1,469,493,-24,0.0,21
979,0,0,471,419,52,1.0,25
979,1,1,330,633,-303,0.0,22
989,0,0,429,464,-35,0.0,26
989,1,1,447,372,75,1.0,22
999,0,0,376,465,-89,0.0,25
999,1,1,419,495,-76,0.0,24
1009,0,0,455,440,15,1.0,23
1009,1,1,385,505,-120,0.0,22
1019,0,0,415,530,-115,0.0,20
1019,1,1,477,461,16,1.0,22
1029,0,0,424,443,-19,0.0,24
1029,1,1,401,434,-33,0.0,22
1039,0,0,449,463,-14,0.0,22
1039,1,1,474,325,149,1.0,22
1049,0,0,406,446,-40,0.0,23
1049,1,1,456,436,20,1.0,23
1059,0,0,295,520,-225,0.0,21
1059,1,1,561,363,198,1.0,26
1069,0,0,440,383,57,1.0,25
1069,1,1,474,344,130,1.0,23
1079,0,0,455,446,9,1.0,23
1079,1,1,539,367,172,1.0,23
1089,0,0,464,436,28,1.0,22
1089,1,1,344,524,-180,0.0,20
1099,0,0,513,408,105,1.0,27
1099,1,1,423,409,14,1.0,24
1109,0,0,516,490,26,1.0,20
1109,1,1,438,463,-25,0.0,21
1119,0,0,554,478,76,1.0,24
1119,1,1,549,316,233,1.0,23
1129,0,0,516,449,67,1.0,23
1129,1,1,565,415,150,1.0,21
1139,0,0,460,450,10,1.0,24
1139,1,1,409,413,-4,0.0,25
1149,0,0,471,552,-81,0.0,23
1149,1,1,478,406,72,1.0,20
1159,0,0,511,416,95,1.0,22
1159,1,1,341,513,-172,0.0,23
1169,0,0,498,496,2,1.0,22
1169,1,1,536,496,40,1.0,20
1179,0,0,473,418,55,1.0,20
1179,1,1,426,455,-29,0.0,22
1189,0,0,464,481,-17,0.0,24
1189,1,1,395,426,-31,0.0,24
1199,0,0,380,450,-70,0.0,25
1199,1,1,433,372,61,1.0,25
1209,0,0,383,543,-160,0.0,22
1209,1,1,522,373,149,1.0,23
1219,0,0,515,564,-49,0.0,20
1219,1,1,491,409,82,1.0,22
1229,0,0,410,452,-42,0.0,22
1229,1,1,479,441,38,1.0,23
1239,0,0,451,451,0,0.5,26
1239,1,1,357,485,-128,0.0,24
1249,0,0,488,425,63,1.0,23
1249,1,1,447,394,53,1.0,21
1259,0,0,504,444,60,1.0,23
1259,1,1,415,478,-63,0.0,24
1269,0,0,422,392,30,1.0,28
1269,1,1,448,356,92,1.0,31
1279,0,0,474,433,41,1.0,26
1279,1,1,491,428,63,1.0,21
1289,0,0,404,404,0,0.5,27
1289,1,1,501,407,94,1.0,29
1299,0,0,420,384,36,1.0,20
1299,1,1,433,444,-11,0.0,23
1309,0,0,456,476,-20,0.0,22
1309,1,1,381,407,-26,0.0,24
1319,0,0,414,469,-55,0.0,22
1319,1,1,386,368,18,1.0,25
1329,0,0,497,397,100,1.0,24
1329,1,1,380,477,-97,0.0,24
1339,0,0,489,518,-29,0.0,21
1339,1,1,480,405,75,1.0,23
1349,0,0,382,411,-29,0.0,22
1349,1,1,415,451,-36,0.0,25
1359,0,0,425,453,-28,0.0,24
1359,1,1,412,425,-13,0.0,25
1369,0,0,480,491,-11,0.0,23
1369,1,1,459,548,-89,0.0,18
1379,0,0,403,465,-62,0.0,26
1379,1,1,476,448,28,1.0,23
1389,0,0,494,474,20,1.0,21
1389,1,1,532,418,114,1.0,22
1399,0,0,441,481,-40,0.0,21
1399,1,1,575,406,169,1.0,23
1409,0,0,413,468,-55,0.0,20
1409,1,1,456,373,83,1.0,25
1419,0,0,414,452,-38,0.0,23
1419,1,1,417,397,20,1.0,23
1429,0,0,436,373,63,1.0,26
1429,1,1,368,420,-52,0.0,26
1439,0,0,380,560,-180,0.0,21
1439,1,1,442,425,17,1.0,21
1449,0,0,470,446,24,1.0,25
1449,1,1,461,328,133,1.0,23
1459,0,0,393,490,-97,0.0,21
1459,1,1,444,449,-5,0.0,22
1469,0,0,492,369,123,1.0,24
1469,1,1,410,455,-45,0.0,23
1479,0,0,497,365,132,1.0,24
1479,1,1,420,456,-36,0.0,22
1489,0,0,444,568,-124,0.0,24
1489,1,1,485,467,18,1.0,25
1499,0,0,480,521,-41,0.0,20
1499,1,1,530,414,116,1.0,21
1509,0,0,468,440,28,1.0,22
1509,1,1,538,362,176,1.0,21
1519,0,0,533,499,34,1.0,25
1519,1,1,474,519,-45,0.0,22
1529,0,0,303,567,-264,0.0,22
1529,1,1,523,399,124,1.0,21
1539,0,0,378,464,-86,0.0,20
1539,1,1,514,381,133,1.0,22
1549,0,0,383,488,-105,0.0,25
1549,1,1,382,322,60,1.0,32
1559,0,0,499,411,88,1.0,26
1559,1,1,477,519,-42,0.0,23
1569,0,0,382,522,-140,0.0,20
1569,1,1,502,317,185,1.0,23
1579,0,0,543,323,220,1.0,22
1579,1,1,360,544,-184,0.0,21
1589,0,0,371,371,0,0.5,28
1589,1,1,447,378,69,1.0,25
1599,0,0,459,413,46,1.0,24
1599,1,1,473,358,115,1.0,26
1609,0,0,422,388,34,1.0,22
1609,1,1,430,451,-21,0.0,23
1619,0,0,458,403,55,1.0,22
1619,1,1,405,500,-95,0.0,21
1629,0,0,428,481,-53,0.0,23
1629,1,1,452,411,41,1.0,22
1639,0,0,336,512,-176,0.0,21
1639,1,1,473,366,107,1.0,24
1649,0,0,382,469,-87,0.0,23
1649,1,1,479,435,44,1.0,25
1659,0,0,488,397,91,1.0,22
1659,1,1,543,452,91,1.0,23
1669,0,0,466,505,-39,0.0,21
1669,1,1,437,448,-11,0.0,23
1679,0,0,339,489,-150,0.0,21
1679,1,1,496,318,178,1.0,22
1689,0,0,544,353,191,1.0,20
1689,1,1,499,412,87,1.0,21
1699,0,0,419,476,-57,0.0,23
1699,1,1,511,388,123,1.0,23
1709,0,0,333,510,-177,0.0,24
1709,1,1,582,435,147,1.0,21
1719,0,0,345,527,-182,0.0,26
1719,1,1,475,383,92,1.0,25
1729,0,0,444,404,40,1.0,24
1729,1,1,397,515,-118,0.0,23
1739,0,0,472,410,62,1.0,21
1739,1,1,445,409,36,1.0,23
1749,0,0,434,530,-96,0.0,23
1749,1,1,386,534,-148,0.0,26
1759,0,0,519,394,125,1.0,20
1759,1,1,493,384,109,1.0,21
1769,0,0,475,429,46,1.0,25
1769,1,1,428,478,-50,0.0,24
1779,0,0,435,425,10,1.0,18
1779,1,1,467,472,-5,0.0,20
1789,0,0,428,456,-28,0.0,22
1789,1,1,432,510,-78,0.0,22
1799,0,0,339,542,-203,0.0,24
1799,1,1,522,368,154,1.0,23
1809,0,0,321,384,-63,0.0,21
1809,1,1,427,400,27,1.0,26
1819,0,0,451,610,-159,0.0,21
1819,1,1,482,420,62,1.0,22
1829,0,0,390,446,-56,0.0,21
1829,1,1,465,431,34,1.0,22
1839,0,0,349,539,-190,0.0,23
1839,1,1,456,488,-32,0.0,24
1849,0,0,467,437,30,1.0,23
1849,1,1,458,407,51,1.0,24
1859,0,0,491,424,67,1.0,24
1859,1,1,456,392,64,1.0,24
1869,0,0,519,418,101,1.0,25
1869,1,1,456,482,-26,0.0,23
1879,0,0,346,622,-276,0.0,21
1879,1,1,629,346,283,1.0,22
1889,0,0,364,549,-185,0.0,22
1889,1,1,469,378,91,1.0,21
1899,0,0,445,445,0,0.5,26
1899,1,1,482,343,139,1.0,25
1909,0,0,377,428,-51,0.0,23
1909,1,1,420,459,-39,0.0,28
1919,0,0,498,397,101,1.0,23
1919,1,1,526,490,36,1.0,22
1929,0,0,439,496,-57,0.0,24
1929,1,1,422,383,39,1.0,24
1939,0,0,376,400,-24,0.0,24
1939,1,1,345,595,-250,0.0,22
1949,0,0,558,460,98,1.0,22
1949,1,1,412,544,-132,0.0,20
1959,0,0,491,391,100,1.0,23
1959,1,1,418,426,-8,0.0,23
1969,0,0,420,410,10,1.0,25
1969,1,1,470,428,42,1.0,22
1979,0,0,418,510,-92,0.0,21
1979,1,1,503,381,122,1.0,25
1989,0,0,395,601,-206,0.0,19
1989,1,1,617,382,235,1.0,21
1999,0,0,367,596,-229,0.0,27
1999,1,1,494,460,34,1.0,21
