
========================================================
  Inference match: SIMINF vs NOINF
  100000 seeds x 1 pairing x 2 seats = 200000 games (until stopped)
  9 threads, 15 candidates, 4-ply outer sims
  Turn budget: 15s (SIMINF: up to 10s simmed-infer deducted; STATINF margin 5)
  Inner sim: 2-ply, 5 arms, probe=120, full=600, margin=3.0
  Late game: 99-ply when unseen < 14 tiles
  Log: simmedinf_vs_sim4_log.csv
========================================================

loaded config with command: set -threads 1 -savesettings false -hr false -numplays 15 -ima 0 -minp 100 -autosave false -fgrequired false
seed: 1789195797
loaded config with command: set -lex CSW21 -wmp true -s1 equity -s2 equity -r1 all -r2 all -numplays 1 -threads 9
seed: 1789195798
loaded config with command: cgp 15/15/15/15/15/15/15/15/15/15/15/15/15/15/15 / 0/0 0 -lex CSW21;
seed: 1789195799
  Game   1 (seed=  1, SIMINF vs NOINF):
    Turn  1 (SIMINF  p0): 8D KRONE 28  [15.0s, 1011592 iters]
    Turn  2 (NOINF   p1): E5 REC(R)UITS 90  [15.0s, 810391 iters]
    Turn  3 (SIMINF  p0): 12A QUAI(S) 48  [15.0s, 925891 iters, siminf=0.06s 1 racks]
    Turn  4 (NOINF   p1): B11 F(U)DGY 26  [15.0s, 802447 iters]
    Turn  5 (SIMINF  p0): 6B JIV(E) 30  [15.0s, 269284 iters, siminf=10.03s 1838 racks]
    Turn  6 (NOINF   p1): H8 (E)nGENDER 80  [15.0s, 775209 iters]
    Turn  7 (SIMINF  p0): 15A A(Y)AH 42  [15.0s, 768633 iters, siminf=0.05s 1 racks]
    Turn  8 (NOINF   p1): 14E IVI(E)D 17  [15.0s, 775638 iters]
    Turn  9 (SIMINF  p0): 9C PO(U)F 23  [15.0s, 270602 iters, siminf=10.04s 1545 racks]
    Turn 10 (NOINF   p1): I2 MALISON 71  [15.0s, 773794 iters]
    Turn 11 (SIMINF  p0): 5I (I)NBOX 28  [15.0s, 717412 iters, siminf=0.06s 1 racks]
    Turn 12 (NOINF   p1): H1 GAPE 35  [15.0s, 806441 iters]
    Turn 13 (SIMINF  p0): 4L BACH 47  [15.0s, 253838 iters, siminf=10.04s 2150 racks]
    Turn 14 (NOINF   p1): O1 EAT(H)LY 36  [15.0s, 678145 iters]
    Turn 15 (SIMINF  p0): 3K LOW 43  [15.0s, 691188 iters, siminf=0.23s 31 racks]
    Turn 16 (NOINF   p1): 1A STEERIN(G) 80  [15.0s, 560450 iters]
    Turn 17 (SIMINF  p0): 15H (R)ETRAInS 77  [15.0s, 789908 iters, siminf=0.06s 1 racks]
    Turn 18 (NOINF   p1): 14K UNTO 16  [15.0s, 982324 iters]
    Turn 19 (SIMINF  p0): N6 MORE 25  [15.0s, 2142551 iters]
    Turn 20 (NOINF   p1): 8L WA(R)E 33  [0.0s, 15 iters]
    Turn 21 (SIMINF  p0): 3F ZU(PA) 16  [0.0s, 15 iters]
    Turn 22 (NOINF   p1): J1 DI 12  [0.0s, 15 iters]
    Turn 23 (SIMINF  p0): 10H (G)OE 6  [0.0s, 15 iters]
    Final: SIMINF 417 - NOINF 496 (23 turns, 285.1s)
  Game   2 (seed=  1, NOINF vs SIMINF):
    Turn  1 (NOINF   p0): 8D KRONE 28  [15.0s, 1065803 iters]
    Turn  2 (SIMINF  p1): E5 REC(R)UITS 90  [15.0s, 779056 iters, siminf=0.75s 65 racks]
    Turn  3 (NOINF   p0): 12A QUAI(S) 48  [15.0s, 940861 iters]
    Turn  4 (SIMINF  p1): B11 F(U)DGY 26  [15.0s, 266176 iters, siminf=10.04s 2644 racks]
    Turn  5 (NOINF   p0): 6B JIV(E) 30  [15.0s, 863590 iters]
    Turn  6 (SIMINF  p1): H8 (E)nGENDER 80  [15.0s, 260274 iters, siminf=10.02s 2175 racks]
    Turn  7 (NOINF   p0): 15A A(Y)AH 42  [15.0s, 780969 iters]
    Turn  8 (SIMINF  p1): 14E IVI(E)D 17  [15.1s, 256433 iters, siminf=10.06s 3378 racks]
    Turn  9 (NOINF   p0): 9C PO(U)F 23  [15.0s, 839806 iters]
    Turn 10 (SIMINF  p1): I2 MALISON 71  [15.0s, 254617 iters, siminf=10.04s 1557 racks]
    Turn 11 (NOINF   p0): 5I (I)NBOX 28  [15.0s, 720929 iters]
    Turn 12 (SIMINF  p1): H1 GAPE 35  [15.0s, 271527 iters, siminf=10.02s 1474 racks]
    Turn 13 (NOINF   p0): 4L BACH 47  [15.0s, 762559 iters]
    Turn 14 (SIMINF  p1): 11H (E)NTAYLES 72  [15.0s, 235120 iters, siminf=10.04s 1773 racks]
    Turn 15 (NOINF   p0): 3K LOW 43  [15.0s, 638787 iters]
    Turn 16 (SIMINF  p1): O3 T(H)IRTEEN(S) 86  [15.0s, 137670 iters, siminf=10.01s 1449 racks]
    Turn 17 (NOINF   p0): 1A TASERIn(G) 77  [15.0s, 740229 iters]
    Turn 18 (SIMINF  p1): 12K TOIL 24  [15.0s, 1042029 iters]
    Turn 19 (NOINF   p0): 13H (D)OZE 22  [0.0s, 15 iters]
    Turn 20 (SIMINF  p1): 2A EW 22  [0.0s, 15 iters]
    Turn 21 (NOINF   p0): N7 UME 13  [0.0s, 15 iters]
    Turn 22 (SIMINF  p1): 13G A(DOZE) 19  [0.0s, 15 iters]
    Turn 23 (NOINF   p0): pass  [0.0s, 7 iters]
    Turn 24 (SIMINF  p1): M11 (LI)DO 10  [0.0s, 15 iters]
    Turn 25 (NOINF   p0): pass  [0.0s, 8 iters]
    Turn 26 (SIMINF  p1): pass  [0.0s, 10 iters]
    Turn 27 (NOINF   p0): pass  [0.0s, 8 iters]
    Turn 28 (SIMINF  p1): pass  [0.0s, 10 iters]
    Turn 29 (NOINF   p0): pass  [0.0s, 8 iters]
    Turn 30 (SIMINF  p1): pass  [0.0s, 10 iters]
    Final: NOINF 400 - SIMINF 551 (30 turns, 270.2s)

==== Results after 1 seed(s) (6 games) ====
  SIMINF  vs NOINF  :   1 -   1 (0 ties) in   2 games | SIMINF spread +72 (+36.0/g)
  NOINF   overall:   1 wins /   2 games (50.0%)
  STATINF overall:   0 wins /   0 games (0.0%)
  SIMINF  overall:   1 wins /   2 games (50.0%)

  Game   3 (seed=  2, SIMINF vs NOINF):
    Turn  1 (SIMINF  p0): 8H TRaNQ 46  [15.0s, 1151854 iters]
    Turn  2 (NOINF   p1): K5 PIN(N)ATE 36  [15.0s, 981670 iters]
    Turn  3 (SIMINF  p0): J10 EE 10  [15.0s, 865530 iters, siminf=0.06s 7 racks]
    Turn  4 (NOINF   p1): M2 EPAULES 84  [15.0s, 846932 iters]
    Turn  5 (SIMINF  p0): 9C InCONIE 66  [15.0s, 929005 iters, siminf=0.06s 1 racks]
    Turn  6 (NOINF   p1): D3 BREAKI(n)G 80  [15.0s, 882538 iters]
    Turn  7 (SIMINF  p0): E5 TRY 27  [15.0s, 799988 iters, siminf=0.06s 1 racks]
    Turn  8 (NOINF   p1): 8A JED(I) 39  [15.0s, 832691 iters]
    Turn  9 (SIMINF  p0): L4 MI 21  [15.0s, 269033 iters, siminf=10.02s 1496 racks]
    Turn 10 (NOINF   p1): 11A UROSOME 83  [15.0s, 772587 iters]
    Turn 11 (SIMINF  p0): 10F OI 14  [15.0s, 801156 iters, siminf=0.06s 1 racks]
    Turn 12 (NOINF   p1): 2J WOO(E)R 32  [15.0s, 775547 iters]
    Turn 13 (SIMINF  p0): 12H HINDERS 94  [15.0s, 228691 iters, siminf=10.02s 1575 racks]
    Turn 14 (NOINF   p1): H11 S(H)AUL 34  [15.0s, 658462 iters]
    Turn 15 (SIMINF  p0): 1F HALVA 38  [15.0s, 219706 iters, siminf=10.02s 1298 racks]
    Turn 16 (NOINF   p1): A8 (J)EL(U)TONG 51  [15.0s, 590408 iters]
    Turn 17 (SIMINF  p0): B13 BY 28  [15.0s, 632421 iters, siminf=0.06s 11 racks]
    Turn 18 (NOINF   p1): 6A CAF(AR)D 18  [15.0s, 742382 iters]
    Turn 19 (SIMINF  p0): N1 V(R)OT 16  [15.0s, 1048827 iters]
    Turn 20 (NOINF   p1): O4 TUX 18  [0.0s, 15 iters]
    Turn 21 (SIMINF  p0): 3D (B)ANZAI 28  [0.0s, 15 iters]
    Turn 22 (NOINF   p1): M11 G(R)ID 12  [0.0s, 15 iters]
    Turn 23 (SIMINF  p0): 10I W(ET) 12  [0.0s, 15 iters]
    Turn 24 (NOINF   p1): pass  [0.0s, 9 iters]
    Turn 25 (SIMINF  p0): K2 (O)E 2  [0.0s, 15 iters]
    Final: SIMINF 410 - NOINF 487 (25 turns, 285.1s)
  Game   4 (seed=  2, NOINF vs SIMINF):
    Turn  1 (NOINF   p0): 8H TRaNQ 46  [15.0s, 1173770 iters]
    Turn  2 (SIMINF  p1): K5 PIN(N)ATE 36  [15.0s, 967962 iters, siminf=0.62s 234 racks]
    Turn  3 (NOINF   p0): J10 EE 10  [15.0s, 928970 iters]
    Turn  4 (SIMINF  p1): M2 EPAULES 84  [15.0s, 293960 iters, siminf=10.00s 1474 racks]
    Turn  5 (NOINF   p0): 9C InCONIE 66  [15.0s, 930488 iters]
    Turn  6 (SIMINF  p1): D3 BREAKI(n)G 80  [15.0s, 883802 iters, siminf=0.05s 1 racks]
    Turn  7 (NOINF   p0): E5 TRY 27  [15.0s, 806226 iters]
    Turn  8 (SIMINF  p1): 8A JED(I) 39  [15.1s, 283127 iters, siminf=10.06s 1308 racks]
    Turn  9 (NOINF   p0): L4 MI 21  [15.0s, 841996 iters]
    Turn 10 (SIMINF  p1): 11A UROSOME 83  [15.0s, 271560 iters, siminf=10.00s 1158 racks]
    Turn 11 (NOINF   p0): 10F OI 14  [15.0s, 820070 iters]
    Turn 12 (SIMINF  p1): C2 WAUR 27  [15.0s, 284511 iters, siminf=10.03s 1263 racks]
    Turn 13 (NOINF   p0): 12H HINDERS 94  [15.0s, 796226 iters]
    Turn 14 (SIMINF  p1): H11 S(H)OOL 34  [15.0s, 796672 iters, siminf=0.06s 1 racks]
    Turn 15 (NOINF   p0): N2 HAY 40  [15.0s, 766268 iters]
    Turn 16 (SIMINF  p1): A8 (J)EL(U)TONG 51  [15.0s, 219221 iters, siminf=10.02s 1615 racks]
    Turn 17 (NOINF   p0): G13 ZO 44  [15.0s, 693508 iters]
    Turn 18 (SIMINF  p1): B4 FADG(E) 24  [15.0s, 249306 iters, siminf=10.04s 1919 racks]
    Turn 19 (NOINF   p0): O3 VAV 28  [15.0s, 922626 iters]
    Turn 20 (SIMINF  p1): M11 C(R)UX 26  [15.0s, 2113101 iters]
    Turn 21 (NOINF   p0): L12 (E)NEW 22  [0.0s, 15 iters]
    Turn 22 (SIMINF  p1): 2A FA(W) 18  [0.0s, 15 iters]
    Turn 23 (NOINF   p0): 15A (G)LIB 10  [0.0s, 15 iters]
    Turn 24 (SIMINF  p1): 15G A(L)IT 16  [0.0s, 15 iters]
    Turn 25 (NOINF   p0): pass  [0.0s, 13 iters]
    Turn 26 (SIMINF  p1): pass  [0.0s, 13 iters]
    Turn 27 (NOINF   p0): pass  [0.0s, 13 iters]
    Turn 28 (SIMINF  p1): pass  [0.0s, 13 iters]
    Turn 29 (NOINF   p0): pass  [0.0s, 13 iters]
    Turn 30 (SIMINF  p1): pass  [0.0s, 13 iters]
    Final: NOINF 421 - SIMINF 516 (30 turns, 300.2s)

==== Results after 2 seed(s) (12 games) ====
  SIMINF  vs NOINF  :   2 -   2 (0 ties) in   4 games | SIMINF spread +90 (+22.5/g)
  NOINF   overall:   2 wins /   4 games (50.0%)
  STATINF overall:   0 wins /   0 games (0.0%)
  SIMINF  overall:   2 wins /   4 games (50.0%)

  Game   5 (seed=  3, SIMINF vs NOINF):
    Turn  1 (SIMINF  p0): 8H TRANQ 48  [15.0s, 1106747 iters]
    Turn  2 (NOINF   p1): J6 JE(A)T 27  [15.0s, 939578 iters]
    Turn  3 (SIMINF  p0): I7 B(R)IT 20  [15.0s, 323118 iters, siminf=10.02s 2654 racks]
    Turn  4 (NOINF   p1): 11I HUGY 32  [15.0s, 1072827 iters]
    Turn  5 (SIMINF  p0): K5 CON(N) 26  [15.0s, 320175 iters, siminf=10.01s 2992 racks]
    Turn  6 (NOINF   p1): 9L IWI 21  [15.0s, 1231708 iters]
    Turn  7 (SIMINF  p0): N4 EkLOG(I)TE 62  [15.0s, 348614 iters, siminf=10.01s 2977 racks]
    Turn  8 (NOINF   p1): O1 DEAW 45  [15.0s, 1190505 iters]
    Turn  9 (SIMINF  p0): 12C MAdUROS 79  [15.0s, 334453 iters, siminf=10.03s 3031 racks]
    Turn 10 (NOINF   p1): O11 FEVER 41  [15.0s, 1106019 iters]
    Turn 11 (SIMINF  p0): 13A LOUIE 21  [15.0s, 970924 iters, siminf=0.75s 244 racks]
    Turn 12 (NOINF   p1): A12 F(L)EY 42  [15.0s, 1023933 iters]
    Turn 13 (SIMINF  p0): O7 XI 45  [15.0s, 354262 iters, siminf=10.02s 2144 racks]
    Turn 14 (NOINF   p1): 2J BOOTI(E) 28  [15.0s, 1042978 iters]
    Turn 15 (SIMINF  p0): 14H INCREAS(E) 82  [15.0s, 904047 iters, siminf=0.68s 102 racks]
    Turn 16 (NOINF   p1): 13K ADZ 53  [15.0s, 1067215 iters]
    Turn 17 (SIMINF  p0): L1 L(O)ATHE 37  [15.1s, 357665 iters, siminf=10.05s 2409 racks]
    Turn 18 (NOINF   p1): 15H DA 20  [15.0s, 1024651 iters]
    Turn 19 (SIMINF  p0): 1G PUKA 34  [15.1s, 434497 iters, siminf=10.06s 1562 racks]
    Turn 20 (NOINF   p1): 7M P(OX) 15  [15.0s, 1711676 iters]
    Turn 21 (SIMINF  p0): 2F MI 14  [15.0s, 1947887 iters]
    Turn 22 (NOINF   p1): 3C GONIA 24  [15.0s, 2705949 iters]
    Turn 23 (SIMINF  p0): E3 (N)ERVE 16  [0.0s, 15 iters]
    Turn 24 (NOINF   p1): 4C OD(E)S 24  [0.0s, 15 iters]
    Turn 25 (SIMINF  p0): 4B N(ODES) 6  [0.0s, 15 iters]
    Turn 26 (NOINF   p1): D12 (AI)R 3  [0.0s, 15 iters]
    Turn 27 (SIMINF  p0): K11 (G)N(AR) 5  [0.0s, 15 iters]
    Turn 28 (NOINF   p1): pass  [0.0s, 7 iters]
    Turn 29 (SIMINF  p0): pass  [0.0s, 15 iters]
    Turn 30 (NOINF   p1): pass  [0.0s, 7 iters]
    Turn 31 (SIMINF  p0): pass  [0.0s, 15 iters]
    Turn 32 (NOINF   p1): pass  [0.0s, 7 iters]
    Turn 33 (SIMINF  p0): pass  [0.0s, 15 iters]
    Final: SIMINF 494 - NOINF 374 (33 turns, 330.2s)
  Game   6 (seed=  3, NOINF vs SIMINF):
    Turn  1 (NOINF   p0): 8H TRANQ 48  [15.0s, 1122010 iters]
    Turn  2 (SIMINF  p1): J6 JE(A)T 27  [15.0s, 908899 iters, siminf=0.52s 303 racks]
    Turn  3 (NOINF   p0): I7 B(R)IT 20  [15.0s, 989174 iters]
    Turn  4 (SIMINF  p1): 11I HUGY 32  [15.0s, 346978 iters, siminf=10.04s 2157 racks]
    Turn  5 (NOINF   p0): K5 CON(N) 26  [15.0s, 977174 iters]
    Turn  6 (SIMINF  p1): 9L IF 20  [15.0s, 397945 iters, siminf=10.03s 2287 racks]
    Turn  7 (NOINF   p0): 12J GOEL 26  [15.0s, 1073712 iters]
    Turn  8 (SIMINF  p1): 13L WAE 25  [15.0s, 398616 iters, siminf=10.05s 2946 racks]
    Turn  9 (NOINF   p0): O7 UnTEAMS 90  [15.0s, 1205129 iters]
    Turn 10 (SIMINF  p1): N10 WE 28  [15.0s, 1203775 iters, siminf=0.06s 1 racks]
    Turn 11 (NOINF   p0): 10F RIO(T) 6  [15.0s, 1031245 iters]
    Turn 12 (SIMINF  p1): 9F OB 16  [15.1s, 370371 iters, siminf=10.06s 2026 racks]
    Turn 13 (NOINF   p0): 14F LOURIEs 69  [15.0s, 1019292 iters]
    Turn 14 (SIMINF  p1): 8A DRIVEN 45  [15.0s, 1071202 iters, siminf=0.05s 1 racks]
    Turn 15 (NOINF   p0): 15D CAINS 40  [15.0s, 1023603 iters]
    Turn 16 (SIMINF  p1): 13G YO 22  [15.0s, 1033773 iters, siminf=0.17s 25 racks]
    Turn 17 (NOINF   p0): 7B EX 36  [15.0s, 1038880 iters]
    Turn 18 (SIMINF  p1): 11E FIZ 48  [15.0s, 356692 iters, siminf=10.05s 2122 racks]
    Turn 19 (NOINF   p0): E5 THE(E)K 33  [15.0s, 1087535 iters]
    Turn 20 (SIMINF  p1): B7 (ER)ADIATES 78  [15.0s, 397853 iters, siminf=10.03s 2128 racks]
    Turn 21 (NOINF   p0): A12 PARE 44  [15.0s, 1400423 iters]
    Turn 22 (SIMINF  p1): 12A (PA)LP 16  [15.0s, 1788872 iters]
    Turn 23 (NOINF   p0): 13G (YO)U 10  [15.0s, 2421339 iters]
    Turn 24 (SIMINF  p1): A6 OD(D) 16  [15.0s, 2571505 iters]
    Turn 25 (NOINF   p0): D1 VEALS 26  [0.0s, 15 iters]
    Turn 26 (SIMINF  p1): C2 ODA 18  [0.0s, 15 iters]
    Turn 27 (NOINF   p0): K14 (E)M 4  [0.0s, 15 iters]
    Turn 28 (SIMINF  p1): 2B R(OE) 6  [0.0s, 15 iters]
    Turn 29 (NOINF   p0): pass  [0.0s, 7 iters]
    Turn 30 (SIMINF  p1): pass  [0.0s, 15 iters]
    Turn 31 (NOINF   p0): pass  [0.0s, 7 iters]
    Turn 32 (SIMINF  p1): pass  [0.0s, 15 iters]
    Turn 33 (NOINF   p0): pass  [0.0s, 7 iters]
    Turn 34 (SIMINF  p1): pass  [0.0s, 15 iters]
    Final: NOINF 477 - SIMINF 393 (34 turns, 360.3s)

==== Results after 3 seed(s) (18 games) ====
  SIMINF  vs NOINF  :   3 -   3 (0 ties) in   6 games | SIMINF spread +126 (+21.0/g)
  NOINF   overall:   3 wins /   6 games (50.0%)
  STATINF overall:   0 wins /   0 games (0.0%)
  SIMINF  overall:   3 wins /   6 games (50.0%)

  Game   7 (seed=  4, SIMINF vs NOINF):
    Turn  1 (SIMINF  p0): 8G TOKO 16  [15.0s, 1101523 iters]
    Turn  2 (NOINF   p1): 7D GALAGO 23  [15.0s, 1022404 iters]
    Turn  3 (SIMINF  p0): E5 GU(A)NASES 86  [15.0s, 799321 iters, siminf=0.12s 9 racks]
    Turn  4 (NOINF   p1): 12A WInD(S)AIL 82  [15.0s, 729673 iters]
    Turn  5 (SIMINF  p0): 13G FOB 26  [15.0s, 768672 iters, siminf=0.05s 1 racks]
    Turn  6 (NOINF   p1): A12 (W)HIR 30  [15.0s, 749874 iters]
    Turn  7 (SIMINF  p0): 9D Q(A)T 12  [15.1s, 222240 iters, siminf=10.05s 1492 racks]
    Turn  8 (NOINF   p1): 14A (I)NBORN 20  [15.0s, 719936 iters]
    Turn  9 (SIMINF  p0): 14H PITHEAD 89  [15.0s, 633304 iters, siminf=0.90s 89 racks]
    Turn 10 (NOINF   p1): 13K CRY 35  [15.0s, 609401 iters]
    Turn 11 (SIMINF  p0): 15F YAE 41  [15.0s, 238499 iters, siminf=10.05s 1364 racks]
    Turn 12 (NOINF   p1): 15M MIZ 53  [15.0s, 621130 iters]
    Turn 13 (SIMINF  p0): K10 ROU(CH)E 22  [15.1s, 237934 iters, siminf=10.06s 2193 racks]
    Turn 14 (NOINF   p1): 9H VEX 38  [15.0s, 676139 iters]
    Turn 15 (SIMINF  p0): L4 InFANTE 72  [15.0s, 227315 iters, siminf=10.03s 2356 racks]
    Turn 16 (NOINF   p1): 6I TUR(F) 17  [15.0s, 697327 iters]
    Turn 17 (SIMINF  p0): 10H SNO(RE) 36  [15.0s, 238683 iters, siminf=10.04s 1235 racks]
    Turn 18 (NOINF   p1): 12J M(U)IL 27  [15.0s, 876176 iters]
    Turn 19 (SIMINF  p0): 10B AVI(S)E 27  [15.0s, 386067 iters, siminf=10.01s 2333 racks]
    Turn 20 (NOINF   p1): M2 JIN 22  [15.0s, 2050903 iters]
    Turn 21 (SIMINF  p0): M7 WE 20  [15.0s, 2862524 iters]
    Turn 22 (NOINF   p1): N1 TAO 26  [15.0s, 5057164 iters]
    Turn 23 (SIMINF  p0): N6 CLEPE 26  [0.0s, 15 iters]
    Turn 24 (NOINF   p1): K1 REED 9  [0.0s, 15 iters]
    Turn 25 (SIMINF  p0): 10N (E)D 3  [0.0s, 15 iters]
    Turn 26 (NOINF   p1): pass  [0.0s, 7 iters]
    Turn 27 (SIMINF  p0): pass  [0.0s, 11 iters]
    Turn 28 (NOINF   p1): pass  [0.0s, 7 iters]
    Turn 29 (SIMINF  p0): pass  [0.0s, 11 iters]
    Turn 30 (NOINF   p1): pass  [0.0s, 7 iters]
    Turn 31 (SIMINF  p0): pass  [0.0s, 11 iters]
    Final: SIMINF 475 - NOINF 381 (31 turns, 330.3s)
  Game   8 (seed=  4, NOINF vs SIMINF):
    Turn  1 (NOINF   p0): 8G TOKO 16  [15.0s, 1106329 iters]
    Turn  2 (SIMINF  p1): 7D GALAGO 23  [15.0s, 345996 iters, siminf=10.00s 2237 racks]
    Turn  3 (NOINF   p0): E5 GU(A)NASES 86  [15.0s, 811652 iters]
    Turn  4 (SIMINF  p1): 12A WInD(S)AIL 82  [15.0s, 728833 iters, siminf=0.05s 1 racks]
    Turn  5 (NOINF   p0): 13G FOB 26  [15.0s, 768872 iters]
    Turn  6 (SIMINF  p1): A12 (W)HIR 30  [15.0s, 246517 iters, siminf=10.00s 1378 racks]
    Turn  7 (NOINF   p0): 9D Q(A)T 12  [15.0s, 652566 iters]
    Turn  8 (SIMINF  p1): 14A (I)NBORN 20  [15.0s, 247054 iters, siminf=10.02s 1224 racks]
    Turn  9 (NOINF   p0): 14H PITHEAD 89  [15.0s, 699062 iters]
    Turn 10 (SIMINF  p1): 13K CRY 35  [15.0s, 611170 iters, siminf=0.05s 1 racks]
    Turn 11 (NOINF   p0): 15F YAE 41  [15.0s, 736870 iters]
    Turn 12 (SIMINF  p1): 15M MIZ 53  [15.0s, 215969 iters, siminf=10.01s 1458 racks]
    Turn 13 (NOINF   p0): K10 ROU(CH)E 22  [15.0s, 709405 iters]
    Turn 14 (SIMINF  p1): 9H VEX 38  [15.0s, 225285 iters, siminf=10.04s 1421 racks]
    Turn 15 (NOINF   p0): L4 InFANTE 72  [15.0s, 685512 iters]
    Turn 16 (SIMINF  p1): 6I TUR(F) 17  [15.0s, 679500 iters, siminf=0.06s 1 racks]
    Turn 17 (NOINF   p0): 10H SNO(RE) 36  [15.0s, 717533 iters]
    Turn 18 (SIMINF  p1): 12J M(U)IL 27  [15.0s, 290160 iters, siminf=10.04s 1561 racks]
    Turn 19 (NOINF   p0): 10B AVI(S)E 27  [15.0s, 1135441 iters]
    Turn 20 (SIMINF  p1): M2 JIN 22  [15.0s, 2029559 iters]
    Turn 21 (NOINF   p0): M7 WE 20  [15.0s, 2901535 iters]
    Turn 22 (SIMINF  p1): N1 TAO 26  [15.0s, 5055769 iters]
    Turn 23 (NOINF   p0): N6 CLEPE 26  [0.0s, 15 iters]
    Turn 24 (SIMINF  p1): K1 REED 9  [0.0s, 15 iters]
    Turn 25 (NOINF   p0): 10N (E)D 3  [0.0s, 15 iters]
    Turn 26 (SIMINF  p1): pass  [0.0s, 7 iters]
    Turn 27 (NOINF   p0): pass  [0.0s, 11 iters]
    Turn 28 (SIMINF  p1): pass  [0.0s, 7 iters]
    Turn 29 (NOINF   p0): pass  [0.0s, 11 iters]
    Turn 30 (SIMINF  p1): pass  [0.0s, 7 iters]
    Turn 31 (NOINF   p0): pass  [0.0s, 11 iters]
    Final: NOINF 475 - SIMINF 381 (31 turns, 330.1s)

==== Results after 4 seed(s) (24 games) ====
  SIMINF  vs NOINF  :   4 -   4 (0 ties) in   8 games | SIMINF spread +126 (+15.8/g)
  NOINF   overall:   4 wins /   8 games (50.0%)
  STATINF overall:   0 wins /   0 games (0.0%)
  SIMINF  overall:   4 wins /   8 games (50.0%)

  Game   9 (seed=  5, SIMINF vs NOINF):
    Turn  1 (SIMINF  p0): 8F JIB 24  [15.0s, 1276647 iters]
    Turn  2 (NOINF   p1): I7 DeNTING 75  [15.0s, 946260 iters]
    Turn  3 (SIMINF  p0): F7 A(J)IVA 23  [15.0s, 878614 iters, siminf=0.06s 1 racks]
    Turn  4 (NOINF   p1): 11D sW(A)MP(I)NG 60  [15.0s, 805892 iters]
    Turn  5 (SIMINF  p0): E5 WEB 20  [15.0s, 820629 iters, siminf=0.12s 9 racks]
    Turn  6 (NOINF   p1): H13 UFO 21  [15.0s, 843781 iters]
    Turn  7 (SIMINF  p0): J1 PEDICLE 69  [15.0s, 275912 iters, siminf=10.04s 1450 racks]
    Turn  8 (NOINF   p1): 2G HER(E)UNTO 72  [15.0s, 724386 iters]
    Turn  9 (SIMINF  p0): H1 L(E)X 30  [15.0s, 685553 iters, siminf=0.06s 1 racks]
    Turn 10 (NOINF   p1): D1 COZIED 50  [15.0s, 703108 iters]
    Turn 11 (SIMINF  p0): 3B LU(Z) 24  [15.0s, 706940 iters, siminf=0.12s 16 racks]
    Turn 12 (NOINF   p1): B2 A(L)KANETS 78  [15.0s, 675327 iters]
    Turn 13 (SIMINF  p0): A9 ORTHIAN 94  [15.0s, 653152 iters, siminf=0.06s 1 racks]
    Turn 14 (NOINF   p1): 3J (D)REIDL 27  [15.0s, 587880 iters]
    Turn 15 (SIMINF  p0): 12C QI 24  [15.0s, 554481 iters, siminf=0.16s 16 racks]
    Turn 16 (NOINF   p1): 5G GRO(C)ERY 26  [15.0s, 783172 iters]
    Turn 17 (SIMINF  p0): 13C IF 37  [15.0s, 959190 iters, siminf=0.06s 9 racks]
    Turn 18 (NOINF   p1): O3 (L)AYOUT 30  [15.0s, 1314269 iters]
    Turn 19 (SIMINF  p0): 1D (C)AVE(L) 15  [15.0s, 3500518 iters]
    Turn 20 (NOINF   p1): 9K RASES 16  [0.0s, 15 iters]
    Turn 21 (SIMINF  p0): 8L MEA(T) 20  [0.0s, 15 iters]
    Turn 22 (NOINF   p1): M8 (ES)ES 4  [0.0s, 15 iters]
    Final: SIMINF 380 - NOINF 465 (22 turns, 285.1s)
  Game  10 (seed=  5, NOINF vs SIMINF):
    Turn  1 (NOINF   p0): 8F JIB 24  [15.0s, 1276440 iters]
    Turn  2 (SIMINF  p1): I7 DeNTING 75  [15.0s, 312158 iters, siminf=10.05s 2684 racks]
    Turn  3 (NOINF   p0): F7 A(J)IVA 23  [15.0s, 884682 iters]
    Turn  4 (SIMINF  p1): 11D sW(A)MP(I)NG 60  [15.0s, 275102 iters, siminf=10.05s 2169 racks]
    Turn  5 (NOINF   p0): E5 WEB 20  [15.0s, 848995 iters]
    Turn  6 (SIMINF  p1): H13 UFO 21  [15.0s, 277912 iters, siminf=10.03s 1428 racks]
    Turn  7 (NOINF   p0): J1 PEDICLE 69  [15.0s, 835129 iters]
    Turn  8 (SIMINF  p1): 2G HER(E)UNTO 72  [15.0s, 718000 iters, siminf=0.06s 1 racks]
    Turn  9 (NOINF   p0): H1 L(E)X 30  [15.0s, 685080 iters]
    Turn 10 (SIMINF  p1): D1 COZIED 50  [15.0s, 231899 iters, siminf=10.01s 1226 racks]
    Turn 11 (NOINF   p0): 3B LU(Z) 24  [15.0s, 724335 iters]
    Turn 12 (SIMINF  p1): B2 A(L)KANETS 78  [15.0s, 231416 iters, siminf=10.00s 1304 racks]
    Turn 13 (NOINF   p0): A9 ORTHIAN 94  [15.0s, 675050 iters]
    Turn 14 (SIMINF  p1): 3J (D)REIDL 27  [15.0s, 595302 iters, siminf=0.06s 1 racks]
    Turn 15 (NOINF   p0): 12C QI 24  [15.0s, 566404 iters]
    Turn 16 (SIMINF  p1): 5G GRO(C)ERY 26  [15.0s, 270864 iters, siminf=10.01s 1748 racks]
    Turn 17 (NOINF   p0): 13C IF 37  [15.0s, 963467 iters]
    Turn 18 (SIMINF  p1): O3 (L)AYOUT 30  [15.0s, 438524 iters, siminf=10.01s 3149 racks]
    Turn 19 (NOINF   p0): 1D (C)AVE(L) 15  [15.0s, 3490807 iters]
    Turn 20 (SIMINF  p1): 9K RASES 16  [0.0s, 15 iters]
    Turn 21 (NOINF   p0): 8L MEA(T) 20  [0.0s, 15 iters]
    Turn 22 (SIMINF  p1): M8 (ES)ES 4  [0.0s, 15 iters]
    Final: NOINF 380 - SIMINF 465 (22 turns, 285.2s)

==== Results after 5 seed(s) (30 games) ====
  SIMINF  vs NOINF  :   5 -   5 (0 ties) in  10 games | SIMINF spread +126 (+12.6/g)
  NOINF   overall:   5 wins /  10 games (50.0%)
  STATINF overall:   0 wins /   0 games (0.0%)
  SIMINF  overall:   5 wins /  10 games (50.0%)

  Game  11 (seed=  6, SIMINF vs NOINF):
    Turn  1 (SIMINF  p0): 8D CROFT 26  [15.0s, 984628 iters]
    Turn  2 (NOINF   p1): E4 mAND(R)ELS 82  [15.0s, 845863 iters]
    Turn  3 (SIMINF  p0): 10B JIL(L)ET 31  [15.0s, 724375 iters, siminf=0.06s 1 racks]
    Turn  4 (NOINF   p1): D8 (C)A(L)IGO 22  [15.0s, 808896 iters]
    Turn  5 (SIMINF  p0): 13C N(O)TARIZE 106  [15.0s, 272312 iters, siminf=10.04s 1826 racks]
    Turn  6 (NOINF   p1): 4C SO(m)ETIME 70  [15.0s, 769007 iters]
    Turn  7 (SIMINF  p0): 14H NOX 64  [15.0s, 629476 iters, siminf=0.06s 1 racks]
    Turn  8 (NOINF   p1): F1 NIC(E)TY 36  [15.0s, 803231 iters]
    Turn  9 (SIMINF  p0): I3 U(M)EBOsHI 80  [15.0s, 683283 iters, siminf=0.51s 45 racks]
    Turn 10 (NOINF   p1): J6 OU 12  [15.0s, 862945 iters]
    Turn 11 (SIMINF  p0): 15E HARKS 69  [15.0s, 275313 iters, siminf=10.02s 1155 racks]
    Turn 12 (NOINF   p1): B9 A(J)EE 11  [15.0s, 856708 iters]
    Turn 13 (SIMINF  p0): D2 PL(O)W 15  [15.0s, 302902 iters, siminf=10.02s 1843 racks]
    Turn 14 (NOINF   p1): 1E I(N)NATIVE 86  [15.0s, 864660 iters]
    Turn 15 (SIMINF  p0): H1 (A)DM(I)N 14  [15.0s, 856136 iters, siminf=0.06s 1 racks]
    Turn 16 (NOINF   p1): A12 BROO 34  [15.0s, 983107 iters]
    Turn 17 (SIMINF  p0): 12G AWDLS 54  [15.1s, 336781 iters, siminf=10.06s 1665 racks]
    Turn 18 (NOINF   p1): 11J PUR 27  [15.0s, 1539966 iters]
    Turn 19 (SIMINF  p0): 2L EGGY 20  [15.0s, 2938994 iters]
    Turn 20 (NOINF   p1): A6 AVID 27  [0.0s, 15 iters]
    Turn 21 (SIMINF  p0): O1 E(Y)E 18  [0.0s, 15 iters]
    Turn 22 (NOINF   p1): C13 (N)UR 3  [0.0s, 15 iters]
    Turn 23 (SIMINF  p0): pass  [0.0s, 15 iters]
    Turn 24 (NOINF   p1): pass  [0.0s, 15 iters]
    Turn 25 (SIMINF  p0): pass  [0.0s, 15 iters]
    Turn 26 (NOINF   p1): pass  [0.0s, 15 iters]
    Turn 27 (SIMINF  p0): pass  [0.0s, 15 iters]
    Turn 28 (NOINF   p1): pass  [0.0s, 15 iters]
    Final: SIMINF 492 - NOINF 400 (28 turns, 285.2s)
  Game  12 (seed=  6, NOINF vs SIMINF):
    Turn  1 (NOINF   p0): 8D CROFT 26  [15.0s, 976203 iters]
    Turn  2 (SIMINF  p1): E4 mAND(R)ELS 82  [15.0s, 774370 iters, siminf=1.10s 203 racks]
    Turn  3 (NOINF   p0): 10B JIL(L)ET 31  [15.0s, 723647 iters]
    Turn  4 (SIMINF  p1): D8 (C)A(L)IGO 22  [15.0s, 719606 iters, siminf=1.30s 155 racks]
    Turn  5 (NOINF   p0): 13C N(O)TARIZE 106  [15.0s, 816677 iters]
    Turn  6 (SIMINF  p1): 4C SO(m)ETIME 70  [15.0s, 761468 iters, siminf=0.05s 1 racks]
    Turn  7 (NOINF   p0): 14H NOX 64  [15.0s, 632208 iters]
    Turn  8 (SIMINF  p1): F1 NIC(E)TY 36  [15.1s, 265965 iters, siminf=10.06s 1966 racks]
    Turn  9 (NOINF   p0): I3 U(M)EBOsHI 80  [15.0s, 733040 iters]
    Turn 10 (SIMINF  p1): J6 OU 12  [15.0s, 896814 iters, siminf=0.06s 1 racks]
    Turn 11 (NOINF   p0): 15E HARKS 69  [15.0s, 815650 iters]
    Turn 12 (SIMINF  p1): B9 A(J)EE 11  [15.0s, 817108 iters, siminf=0.68s 122 racks]
    Turn 13 (NOINF   p0): D2 PL(O)W 15  [15.0s, 901017 iters]
    Turn 14 (SIMINF  p1): 1E I(N)NATIVE 86  [15.1s, 280590 iters, siminf=10.05s 1745 racks]
    Turn 15 (NOINF   p0): H1 (A)DM(I)N 14  [15.0s, 857720 iters]
    Turn 16 (SIMINF  p1): 2A QUO(P) 30  [15.1s, 330589 iters, siminf=10.06s 1730 racks]
    Turn 17 (NOINF   p0): A12 FLAW 51  [15.0s, 1346597 iters]
    Turn 18 (SIMINF  p1): K6 BRAVO 20  [15.0s, 1787374 iters]
    Turn 19 (NOINF   p0): A5 SEDGY 35  [15.0s, 4279090 iters]
    Turn 20 (SIMINF  p1): 12G URD 30  [0.0s, 15 iters]
    Turn 21 (NOINF   p0): K1 (V)AG 7  [0.0s, 15 iters]
    Turn 22 (SIMINF  p1): 3K (G)IP 12  [0.0s, 15 iters]
    Turn 23 (NOINF   p0): pass  [0.0s, 14 iters]
    Turn 24 (SIMINF  p1): 10K (O)RE 3  [0.0s, 15 iters]
    Final: NOINF 498 - SIMINF 416 (24 turns, 285.2s)

==== Results after 6 seed(s) (36 games) ====
  SIMINF  vs NOINF  :   6 -   6 (0 ties) in  12 games | SIMINF spread +136 (+11.3/g)
  NOINF   overall:   6 wins /  12 games (50.0%)
  STATINF overall:   0 wins /   0 games (0.0%)
  SIMINF  overall:   6 wins /  12 games (50.0%)

  Game  13 (seed=  7, SIMINF vs NOINF):
    Turn  1 (SIMINF  p0): (exch LTTVX)  [15.0s, 1371342 iters]
    Turn  2 (NOINF   p1): 8H OWIE 14  [15.0s, 1102038 iters]
    Turn  3 (SIMINF  p0): H5 INN(O)CENT 61  [15.1s, 288236 iters, siminf=10.05s 2484 racks]
    Turn  4 (NOINF   p1): 11E GUA(N)AsES 82  [15.0s, 731336 iters]
    Turn  5 (SIMINF  p0): 12K MIAOU 24  [15.0s, 711865 iters, siminf=0.06s 1 racks]
    Turn  6 (NOINF   p1): 10D RAX 54  [15.0s, 799280 iters]
    Turn  7 (SIMINF  p0): 13L FLIP 34  [15.0s, 227745 iters, siminf=10.04s 1636 racks]
    Turn  8 (NOINF   p1): 5E VAN(I)TORY 106  [15.0s, 703604 iters]
    Turn  9 (SIMINF  p0): 4I STEALED 86  [15.0s, 622610 iters, siminf=0.06s 1 racks]
    Turn 10 (NOINF   p1): 6J WEEN 38  [15.0s, 668863 iters]
    Turn 11 (SIMINF  p0): O8 LOOK(UP) 36  [15.1s, 225842 iters, siminf=10.05s 1216 racks]
    Turn 12 (NOINF   p1): O1 QAI(D) 42  [15.0s, 666115 iters]
    Turn 13 (SIMINF  p0): 3C CORTEgE 74  [15.0s, 230434 iters, siminf=10.02s 2280 racks]
    Turn 14 (NOINF   p1): 2I BRITH 18  [15.0s, 644369 iters]
    Turn 15 (SIMINF  p0): 12A BIGGS 28  [15.0s, 635745 iters, siminf=0.46s 33 racks]
    Turn 16 (NOINF   p1): B10 PR(I)NT 26  [15.0s, 630996 iters]
    Turn 17 (SIMINF  p0): 10J IF 18  [15.0s, 239166 iters, siminf=10.03s 1320 racks]
    Turn 18 (NOINF   p1): N10 ZO(OI)D 107  [15.0s, 944280 iters]
    Turn 19 (SIMINF  p0): A8 AYU 22  [15.0s, 1375005 iters]
    Turn 20 (NOINF   p1): B5 JUVE 18  [15.0s, 3352706 iters]
    Turn 21 (SIMINF  p0): 15M ASH 34  [0.0s, 15 iters]
    Turn 22 (NOINF   p1): C5 OM 17  [0.0s, 15 iters]
    Turn 23 (SIMINF  p0): 6F RE(N) 11  [0.0s, 15 iters]
    Turn 24 (NOINF   p1): 2D DE 8  [0.0s, 15 iters]
    Turn 25 (SIMINF  p0): 13A I(N) 6  [0.0s, 15 iters]
    Turn 26 (NOINF   p1): pass  [0.0s, 12 iters]
    Turn 27 (SIMINF  p0): pass  [0.0s, 7 iters]
    Turn 28 (NOINF   p1): pass  [0.0s, 12 iters]
    Turn 29 (SIMINF  p0): pass  [0.0s, 7 iters]
    Turn 30 (NOINF   p1): pass  [0.0s, 12 iters]
    Turn 31 (SIMINF  p0): pass  [0.0s, 7 iters]
    Final: SIMINF 433 - NOINF 528 (31 turns, 300.2s)
  Game  14 (seed=  7, NOINF vs SIMINF):
    Turn  1 (NOINF   p0): (exch LTTVX)  [15.0s, 1373142 iters]
    Turn  2 (SIMINF  p1): 8H OWIE 14  [15.1s, 367571 iters, siminf=10.06s 2351 racks]
    Turn  3 (NOINF   p0): H5 INN(O)CENT 61  [15.0s, 890701 iters]
    Turn  4 (SIMINF  p1): 11E GUA(N)AsES 82  [15.0s, 734115 iters, siminf=0.06s 1 racks]
    Turn  5 (NOINF   p0): 12K MIAOU 24  [15.0s, 711106 iters]
    Turn  6 (SIMINF  p1): 10D VAX 57  [15.0s, 764043 iters, siminf=0.96s 80 racks]
    Turn  7 (NOINF   p0): 13L FLIP 34  [15.0s, 759601 iters]
    Turn  8 (SIMINF  p1): 9H (C)ONTRARY 75  [15.0s, 245710 iters, siminf=10.04s 1904 racks]
    Turn  9 (NOINF   p0): O2 SEDATEL(Y) 92  [15.0s, 660792 iters]
    Turn 10 (SIMINF  p1): 14J QAT 39  [15.0s, 676786 iters, siminf=0.06s 1 racks]
    Turn 11 (NOINF   p0): 12B KOLO 20  [15.0s, 784247 iters]
    Turn 12 (SIMINF  p1): 2H WEBZINE(S) 106  [15.1s, 249193 iters, siminf=10.06s 1197 racks]
    Turn 13 (NOINF   p0): 1C COvETER 94  [15.0s, 718406 iters]
    Turn 14 (SIMINF  p1): 15H PHI 35  [15.0s, 664854 iters, siminf=0.05s 1 racks]
    Turn 15 (NOINF   p0): 13C FIGGY 52  [15.0s, 625153 iters]
    Turn 16 (SIMINF  p1): L1 J(I)RD 40  [15.0s, 675459 iters, siminf=0.22s 72 racks]
    Turn 17 (NOINF   p0): E1 (v)IBRISSA 68  [15.0s, 808161 iters]
    Turn 18 (SIMINF  p1): I1 (RE)V 10  [15.0s, 1452666 iters]
    Turn 19 (NOINF   p0): F6 HOE 31  [15.0s, 1687501 iters]
    Turn 20 (SIMINF  p1): 3L (R)UM(E) 20  [0.0s, 15 iters]
    Turn 21 (NOINF   p0): G3 DELE 16  [0.0s, 15 iters]
    Turn 22 (SIMINF  p1): 7K ROND(E) 10  [0.0s, 15 iters]
    Turn 23 (NOINF   p0): B10 AU(K) 9  [0.0s, 15 iters]
    Final: NOINF 503 - SIMINF 488 (23 turns, 285.2s)

==== Results after 7 seed(s) (42 games) ====
  SIMINF  vs NOINF  :   6 -   8 (0 ties) in  14 games | SIMINF spread +26 (+1.9/g)
  NOINF   overall:   8 wins /  14 games (57.1%)
  STATINF overall:   0 wins /   0 games (0.0%)
  SIMINF  overall:   6 wins /  14 games (42.9%)

  Game  15 (seed=  8, SIMINF vs NOINF):
    Turn  1 (SIMINF  p0): 8G DIRK 18  [15.0s, 1093977 iters]
    Turn  2 (NOINF   p1): K3 TRIPLED 80  [15.0s, 857040 iters]
    Turn  3 (SIMINF  p0): 3K (T)URD 10  [15.0s, 822462 iters, siminf=0.06s 1 racks]
    Turn  4 (NOINF   p1): 5H JOY(I)NG 17  [15.0s, 748568 iters]
    Turn  5 (SIMINF  p0): G6 WU(D) 8  [15.0s, 658087 iters, siminf=1.58s 132 racks]
    Turn  6 (NOINF   p1): 6I MO(P)E 23  [15.0s, 636406 iters]
    Turn  7 (SIMINF  p0): O1 VEST 30  [15.0s, 267539 iters, siminf=10.03s 1473 racks]
    Turn  8 (NOINF   p1): L9 ECHO 21  [15.0s, 720655 iters]
    Turn  9 (SIMINF  p0): (exch NNRS)  [15.0s, 246448 iters, siminf=10.03s 1320 racks]
    Turn 10 (NOINF   p1): K11 COB 30  [15.0s, 688487 iters]
    Turn 11 (SIMINF  p0): M11 ARFS 25  [15.0s, 248326 iters, siminf=10.01s 1465 racks]
    Turn 12 (NOINF   p1): N10 QI 40  [15.0s, 862651 iters]
    Turn 13 (SIMINF  p0): O9 MiSRATE 97  [15.0s, 286845 iters, siminf=10.02s 2328 racks]
    Turn 14 (NOINF   p1): N13 AE 16  [15.0s, 923550 iters]
    Turn 15 (SIMINF  p0): 7I EL(L) 22  [15.1s, 358917 iters, siminf=10.06s 1548 racks]
    Turn 16 (NOINF   p1): M7 GIE 12  [15.0s, 1012073 iters]
    Turn 17 (SIMINF  p0): N2 O(D)E 14  [15.1s, 358598 iters, siminf=10.05s 2056 racks]
    Turn 18 (NOINF   p1): N6 ZIN 37  [15.0s, 989226 iters]
    Turn 19 (SIMINF  p0): O6 ON 17  [15.0s, 363579 iters, siminf=10.01s 4704 racks]
    Turn 20 (NOINF   p1): 9F YU 15  [15.0s, 1091252 iters]
    Turn 21 (SIMINF  p0): E9 AVION 22  [15.1s, 323036 iters, siminf=10.06s 1782 racks]
    Turn 22 (NOINF   p1): D11 BLET 22  [15.0s, 915456 iters]
    Turn 23 (SIMINF  p0): 10C TA(V)A 23  [15.0s, 276432 iters, siminf=10.05s 1574 racks]
    Turn 24 (NOINF   p1): 15D SHIRT 36  [15.0s, 854245 iters]
    Turn 25 (SIMINF  p0): F3 AIDE 14  [15.0s, 1154116 iters]
    Turn 26 (NOINF   p1): 2A UPFLOW 61  [15.0s, 2790067 iters]
    Turn 27 (SIMINF  p0): B2 (P)ANAXEs 31  [0.0s, 15 iters]
    Turn 28 (NOINF   p1): I4 G(OMER) 8  [0.0s, 15 iters]
    Turn 29 (SIMINF  p0): pass  [0.0s, 14 iters]
    Turn 30 (NOINF   p1): pass  [0.0s, 13 iters]
    Turn 31 (SIMINF  p0): pass  [0.0s, 14 iters]
    Turn 32 (NOINF   p1): pass  [0.0s, 13 iters]
    Turn 33 (SIMINF  p0): pass  [0.0s, 14 iters]
    Turn 34 (NOINF   p1): pass  [0.0s, 13 iters]
    Final: SIMINF 330 - NOINF 417 (34 turns, 390.3s)
  Game  16 (seed=  8, NOINF vs SIMINF):
    Turn  1 (NOINF   p0): 8G DIRK 18  [15.0s, 1105126 iters]
    Turn  2 (SIMINF  p1): K3 TRIPLED 80  [15.0s, 275954 iters, siminf=10.05s 2025 racks]
    Turn  3 (NOINF   p0): 3K (T)URD 10  [15.0s, 809394 iters]
    Turn  4 (SIMINF  p1): 4I CO(R)M 24  [15.0s, 247122 iters, siminf=10.01s 1073 racks]
    Turn  5 (NOINF   p0): N1 UN(D)REW 36  [15.0s, 832537 iters]
    Turn  6 (SIMINF  p1): O6 ENJOY 50  [15.0s, 744479 iters, siminf=0.88s 271 racks]
    Turn  7 (NOINF   p0): H7 V(I)NS 7  [15.0s, 849415 iters]
    Turn  8 (SIMINF  p1): O1 HE 32  [15.0s, 246940 iters, siminf=10.01s 775 racks]
    Turn  9 (NOINF   p0): N10 FARMS 52  [15.0s, 717651 iters]
    Turn 10 (SIMINF  p1): 10F QI(S) 32  [15.0s, 623089 iters, siminf=1.28s 190 racks]
    Turn 11 (NOINF   p0): 12H STERTO(R)S 70  [15.0s, 801409 iters]
    Turn 12 (SIMINF  p1): 11J BOA 20  [15.0s, 689050 iters, siminf=0.06s 1 racks]
    Turn 13 (NOINF   p0): M5 NOVAE 21  [15.0s, 707035 iters]
    Turn 14 (SIMINF  p1): 13G LIEGE 22  [15.0s, 677012 iters, siminf=1.09s 83 racks]
    Turn 15 (NOINF   p0): 11B AALII 21  [15.0s, 650605 iters]
    Turn 16 (SIMINF  p1): 10B ZEE 67  [15.0s, 601923 iters, siminf=0.64s 76 racks]
    Turn 17 (NOINF   p0): 7G A(V)O 15  [15.0s, 641742 iters]
    Turn 18 (SIMINF  p1): 14D TICING 24  [15.0s, 163852 iters, siminf=10.04s 1066 racks]
    Turn 19 (NOINF   p0): 6A AErATED 66  [15.0s, 500115 iters]
    Turn 20 (SIMINF  p1): 15H HUB 50  [15.0s, 750975 iters]
    Turn 21 (NOINF   p0): O14 OX 29  [15.0s, 1318516 iters]
    Turn 22 (SIMINF  p1): A2 POLY(A)cT 36  [0.0s, 15 iters]
    Turn 23 (NOINF   p0): 5D FAN 23  [0.0s, 15 iters]
    Turn 24 (SIMINF  p1): pass  [0.0s, 8 iters]
    Turn 25 (NOINF   p0): 9D GI 7  [0.0s, 15 iters]
    Turn 26 (SIMINF  p1): pass  [0.0s, 8 iters]
    Turn 27 (NOINF   p0): pass  [0.0s, 5 iters]
    Turn 28 (SIMINF  p1): pass  [0.0s, 8 iters]
    Turn 29 (NOINF   p0): pass  [0.0s, 5 iters]
    Turn 30 (SIMINF  p1): pass  [0.0s, 8 iters]
    Turn 31 (NOINF   p0): pass  [0.0s, 5 iters]
    Final: NOINF 371 - SIMINF 436 (31 turns, 315.1s)

==== Results after 8 seed(s) (48 games) ====
  SIMINF  vs NOINF  :   7 -   9 (0 ties) in  16 games | SIMINF spread +4 (+0.2/g)
  NOINF   overall:   9 wins /  16 games (56.2%)
  STATINF overall:   0 wins /   0 games (0.0%)
  SIMINF  overall:   7 wins /  16 games (43.8%)

  Game  17 (seed=  9, SIMINF vs NOINF):
    Turn  1 (SIMINF  p0): 8B TOMENTA 74  [15.0s, 978363 iters]
    Turn  2 (NOINF   p1): 7C WHO 31  [15.0s, 909558 iters]
    Turn  3 (SIMINF  p0): 6E RUPIAH 24  [15.0s, 311141 iters, siminf=10.02s 2132 racks]
    Turn  4 (NOINF   p1): 7I XI 39  [15.0s, 850315 iters]
    Turn  5 (SIMINF  p0): 8J MILORS 35  [15.1s, 262631 iters, siminf=10.05s 1997 racks]
    Turn  6 (NOINF   p1): O8 (S)YnOVIAL 101  [15.0s, 742418 iters]
    Turn  7 (SIMINF  p0): N14 ZE 46  [15.0s, 825687 iters, siminf=0.06s 1 racks]
    Turn  8 (NOINF   p1): 5I TSK 33  [15.0s, 773311 iters]
    Turn  9 (SIMINF  p0): 9M UE(Y) 12  [15.1s, 264360 iters, siminf=10.05s 1534 racks]
    Turn 10 (NOINF   p1): M7 B(OU)NCER 28  [15.0s, 763965 iters]
    Turn 11 (SIMINF  p0): 9B EF 24  [15.0s, 753815 iters, siminf=0.80s 194 racks]
    Turn 12 (NOINF   p1): L12 WUDU 30  [15.0s, 751346 iters]
    Turn 13 (SIMINF  p0): K11 RAP 21  [15.0s, 237172 iters, siminf=10.02s 3384 racks]
    Turn 14 (NOINF   p1): 10K CO(N)I(n) 21  [15.0s, 760030 iters]
    Turn 15 (SIMINF  p0): F5 G(U)A(N) 15  [15.1s, 270014 iters, siminf=10.06s 1702 racks]
    Turn 16 (NOINF   p1): 9E DOING 26  [15.0s, 866124 iters]
    Turn 17 (SIMINF  p0): A9 NERVATE 98  [15.0s, 732516 iters, siminf=0.39s 91 racks]
    Turn 18 (NOINF   p1): (exch AFNOQ)  [15.0s, 781586 iters]
    Turn 19 (SIMINF  p0): H8 (AN)GSTIER 30  [15.0s, 211942 iters, siminf=10.04s 1116 racks]
    Turn 20 (NOINF   p1): 4K ONIE 14  [15.0s, 528556 iters]
    Turn 21 (SIMINF  p0): 15C BANdE(R)OL 60  [15.1s, 259775 iters, siminf=10.06s 998 racks]
    Turn 22 (NOINF   p1): 11D JEAT(S) 24  [0.0s, 15 iters]
    Turn 23 (SIMINF  p0): 12C EASY 39  [0.0s, 15 iters]
    Turn 24 (NOINF   p1): 14D DI 8  [0.0s, 15 iters]
    Turn 25 (SIMINF  p0): N3 F(E)D 7  [0.0s, 15 iters]
    Turn 26 (NOINF   p1): pass  [0.0s, 2 iters]
    Turn 27 (SIMINF  p0): pass  [0.0s, 6 iters]
    Turn 28 (NOINF   p1): pass  [0.0s, 2 iters]
    Turn 29 (SIMINF  p0): pass  [0.0s, 6 iters]
    Turn 30 (NOINF   p1): pass  [0.0s, 2 iters]
    Turn 31 (SIMINF  p0): pass  [0.0s, 6 iters]
    Final: SIMINF 484 - NOINF 345 (31 turns, 315.3s)
  Game  18 (seed=  9, NOINF vs SIMINF):
    Turn  1 (NOINF   p0): 8B TOMENTA 74  [15.0s, 970967 iters]
    Turn  2 (SIMINF  p1): 7C WHO 31  [15.0s, 900387 iters, siminf=0.06s 1 racks]
    Turn  3 (NOINF   p0): 6E RUPIAH 24  [15.0s, 958250 iters]
    Turn  4 (SIMINF  p1): 7I XI 39  [15.0s, 880125 iters, siminf=0.12s 15 racks]
    Turn  5 (NOINF   p0): 8J MILORS 35  [15.0s, 796309 iters]
    Turn  6 (SIMINF  p1): O8 (S)YnOVIAL 101  [15.0s, 702425 iters, siminf=0.11s 3 racks]
    Turn  7 (NOINF   p0): N14 ZE 46  [15.0s, 799156 iters]
    Turn  8 (SIMINF  p1): 5I TSK 33  [15.0s, 252632 iters, siminf=10.02s 2020 racks]
    Turn  9 (NOINF   p0): 9M UE(Y) 12  [15.0s, 816385 iters]
    Turn 10 (SIMINF  p1): M7 B(OU)NCER 28  [15.0s, 257285 iters, siminf=10.04s 1554 racks]
    Turn 11 (NOINF   p0): 9B EF 24  [15.0s, 794230 iters]
    Turn 12 (SIMINF  p1): L12 WUDU 30  [15.0s, 250239 iters, siminf=10.05s 1197 racks]
    Turn 13 (NOINF   p0): K11 RAP 21  [15.0s, 708124 iters]
    Turn 14 (SIMINF  p1): 10K CO(N)I(n) 21  [15.0s, 254881 iters, siminf=10.02s 1117 racks]
    Turn 15 (NOINF   p0): F5 G(U)A(N) 15  [15.0s, 821982 iters]
    Turn 16 (SIMINF  p1): 9E DOING 26  [15.0s, 297459 iters, siminf=10.04s 1519 racks]
    Turn 17 (NOINF   p0): A9 NERVATE 98  [15.0s, 765561 iters]
    Turn 18 (SIMINF  p1): (exch AFNOQ)  [15.0s, 790944 iters, siminf=0.06s 1 racks]
    Turn 19 (NOINF   p0): H8 (AN)GSTIER 30  [15.0s, 630450 iters]
    Turn 20 (SIMINF  p1): 4K ONIE 14  [15.0s, 519254 iters, siminf=0.11s 4 racks]
    Turn 21 (NOINF   p0): 15C BANdE(R)OL 60  [15.0s, 748751 iters]
    Turn 22 (SIMINF  p1): 11D JEAT(S) 24  [0.0s, 15 iters]
    Turn 23 (NOINF   p0): 12C EASY 39  [0.0s, 15 iters]
    Turn 24 (SIMINF  p1): 14D DI 8  [0.0s, 15 iters]
    Turn 25 (NOINF   p0): N3 F(E)D 7  [0.0s, 15 iters]
    Turn 26 (SIMINF  p1): pass  [0.0s, 2 iters]
    Turn 27 (NOINF   p0): pass  [0.0s, 6 iters]
    Turn 28 (SIMINF  p1): pass  [0.0s, 2 iters]
    Turn 29 (NOINF   p0): pass  [0.0s, 6 iters]
    Turn 30 (SIMINF  p1): pass  [0.0s, 2 iters]
    Turn 31 (NOINF   p0): pass  [0.0s, 6 iters]
    Final: NOINF 484 - SIMINF 345 (31 turns, 315.2s)

==== Results after 9 seed(s) (54 games) ====
  SIMINF  vs NOINF  :   8 -  10 (0 ties) in  18 games | SIMINF spread +4 (+0.2/g)
  NOINF   overall:  10 wins /  18 games (55.6%)
  STATINF overall:   0 wins /   0 games (0.0%)
  SIMINF  overall:   8 wins /  18 games (44.4%)

  Game  19 (seed= 10, SIMINF vs NOINF):
    Turn  1 (SIMINF  p0): 8H REDUX 42  [15.0s, 1127071 iters]
    Turn  2 (NOINF   p1): I7 R(E)V 11  [15.0s, 966688 iters]
    Turn  3 (SIMINF  p0): L8 (X)YLAN 30  [15.1s, 365092 iters, siminf=10.06s 1807 racks]
    Turn  4 (NOINF   p1): K11 HAP 28  [15.0s, 924359 iters]
    Turn  5 (SIMINF  p0): M11 ONLY 23  [15.0s, 333021 iters, siminf=10.01s 1911 racks]
    Turn  6 (NOINF   p1): H1 HITChIE(R) 97  [15.0s, 867229 iters]
    Turn  7 (SIMINF  p0): (exch BCFPV)  [15.0s, 891621 iters, siminf=0.06s 1 racks]
    Turn  8 (NOINF   p1): 3H (T)ZARIST 52  [15.0s, 901401 iters]
    Turn  9 (SIMINF  p0): 10D AGENISE 69  [15.0s, 837475 iters, siminf=0.10s 12 racks]
    Turn 10 (NOINF   p1): 11A GOBBO 30  [15.0s, 691623 iters]
    Turn 11 (SIMINF  p0): H10 (I)MPUTE 39  [15.0s, 693928 iters, siminf=0.97s 161 racks]
    Turn 12 (NOINF   p1): J2 Q(A)T 32  [15.0s, 737392 iters]
    Turn 13 (SIMINF  p0): B9 AJ(O)WAN 64  [15.0s, 244002 iters, siminf=10.01s 1718 racks]
    Turn 14 (NOINF   p1): C3 kNOLLER 69  [15.0s, 755115 iters]
    Turn 15 (SIMINF  p0): C11 (B)OMA 31  [15.0s, 729890 iters, siminf=0.06s 1 racks]
    Turn 16 (NOINF   p1): A7 DEW 27  [15.0s, 704199 iters]
    Turn 17 (SIMINF  p0): N1 CU(T)OVERS 80  [15.1s, 256946 iters, siminf=10.05s 1160 racks]
    Turn 18 (NOINF   p1): 1K DEI(C)E 27  [15.0s, 794551 iters]
    Turn 19 (SIMINF  p0): 4A FI(N)ITE 26  [15.1s, 327054 iters, siminf=10.06s 1546 racks]
    Turn 20 (NOINF   p1): F1 NAK(E)DEST 67  [15.0s, 2910687 iters]
    Turn 21 (SIMINF  p0): 6J FUGI(E) 17  [0.0s, 15 iters]
    Turn 22 (NOINF   p1): 14F OR(T) 5  [0.0s, 15 iters]
    Final: SIMINF 421 - NOINF 451 (22 turns, 300.2s)
  Game  20 (seed= 10, NOINF vs SIMINF):
    Turn  1 (NOINF   p0): 8H REDUX 42  [15.0s, 1120567 iters]
    Turn  2 (SIMINF  p1): I7 R(E)V 11  [15.0s, 930356 iters, siminf=0.85s 273 racks]
    Turn  3 (NOINF   p0): L8 (X)YLAN 30  [15.0s, 1136525 iters]
    Turn  4 (SIMINF  p1): K11 HAP 28  [15.0s, 299200 iters, siminf=10.02s 2701 racks]
    Turn  5 (NOINF   p0): M11 ONLY 23  [15.0s, 980642 iters]
    Turn  6 (SIMINF  p1): H1 HITChIE(R) 97  [15.0s, 283306 iters, siminf=10.02s 2195 racks]
    Turn  7 (NOINF   p0): (exch BCFPV)  [15.0s, 886805 iters]
    Turn  8 (SIMINF  p1): 3H (T)ZARIST 52  [15.0s, 296959 iters, siminf=10.03s 1155 racks]
    Turn  9 (NOINF   p0): 10D AGENISE 69  [15.0s, 851446 iters]
    Turn 10 (SIMINF  p1): 11A GOBBO 30  [15.0s, 700410 iters, siminf=0.05s 1 racks]
    Turn 11 (NOINF   p0): H10 (I)MPUTE 39  [15.0s, 769151 iters]
    Turn 12 (SIMINF  p1): J2 Q(A)T 32  [15.0s, 712313 iters, siminf=0.62s 101 racks]
    Turn 13 (NOINF   p0): B9 AJ(O)WAN 64  [15.0s, 744586 iters]
    Turn 14 (SIMINF  p1): C3 kNOLLER 69  [15.0s, 750223 iters, siminf=0.29s 144 racks]
    Turn 15 (NOINF   p0): C11 (B)OMA 31  [15.0s, 739833 iters]
    Turn 16 (SIMINF  p1): A7 DEW 27  [15.0s, 242616 iters, siminf=10.01s 1343 racks]
    Turn 17 (NOINF   p0): N1 CU(T)OVERS 80  [15.0s, 761213 iters]
    Turn 18 (SIMINF  p1): 1K DEI(C)E 27  [15.0s, 791124 iters, siminf=0.06s 1 racks]
    Turn 19 (NOINF   p0): 4A FI(N)ITE 26  [15.0s, 986281 iters]
    Turn 20 (SIMINF  p1): F1 NAK(E)DEST 67  [15.0s, 2899474 iters]
    Turn 21 (NOINF   p0): 6J FUGI(E) 17  [0.0s, 15 iters]
    Turn 22 (SIMINF  p1): 14F OR(T) 5  [0.0s, 15 iters]
    Final: NOINF 421 - SIMINF 451 (22 turns, 300.1s)

==== Results after 10 seed(s) (60 games) ====
  SIMINF  vs NOINF  :   9 -  11 (0 ties) in  20 games | SIMINF spread +4 (+0.2/g)
  NOINF   overall:  11 wins /  20 games (55.0%)
  STATINF overall:   0 wins /   0 games (0.0%)
  SIMINF  overall:   9 wins /  20 games (45.0%)

  Game  21 (seed= 11, SIMINF vs NOINF):
    Turn  1 (SIMINF  p0): 8D FAYER 30  [15.0s, 1159228 iters]
    Turn  2 (NOINF   p1): E5 vIC(A)RATE 86  [15.0s, 944697 iters]
    Turn  3 (SIMINF  p0): F8 (Y)EX 56  [15.0s, 1142396 iters, siminf=0.06s 1 racks]
    Turn  4 (NOINF   p1): D8 (F)ILUM 43  [15.0s, 1043363 iters]
    Turn  5 (SIMINF  p0): 7G PAIRING 75  [15.0s, 333758 iters, siminf=10.01s 4919 racks]
    Turn  6 (NOINF   p1): N4 ROOSTED 75  [15.0s, 716653 iters]
    Turn  7 (SIMINF  p0): C11 HAJ 37  [15.0s, 778300 iters, siminf=0.05s 1 racks]
    Turn  8 (NOINF   p1): J4 OVE(R)SUDS 68  [15.0s, 784633 iters]
    Turn  9 (SIMINF  p0): M9 BOWNE 36  [15.0s, 741688 iters, siminf=0.06s 1 racks]
    Turn 10 (NOINF   p1): 14B CINQ 44  [15.0s, 787959 iters]
    Turn 11 (SIMINF  p0): B9 TWP 25  [15.0s, 245154 iters, siminf=10.03s 2724 racks]
    Turn 12 (NOINF   p1): O8 OLEUM 45  [15.0s, 833588 iters]
    Turn 13 (SIMINF  p0): O1 VIBEY 50  [15.0s, 805501 iters, siminf=0.33s 117 racks]
    Turn 14 (NOINF   p1): A6 ZITE 41  [15.0s, 902382 iters]
    Turn 15 (SIMINF  p0): M2 ROOF 26  [15.0s, 340629 iters, siminf=10.02s 1879 racks]
    Turn 16 (NOINF   p1): 1G KESTInG 92  [15.0s, 1235592 iters]
    Turn 17 (SIMINF  p0): B5 LAT 20  [15.0s, 1784694 iters, siminf=0.05s 1 racks]
    Turn 18 (NOINF   p1): C2 ANOA 10  [15.0s, 2705894 iters]
    Turn 19 (SIMINF  p0): 14J RAGDE 30  [0.0s, 15 iters]
    Turn 20 (NOINF   p1): 15H HIED 29  [0.0s, 15 iters]
    Turn 21 (SIMINF  p0): K3 NU 4  [0.0s, 15 iters]
    Final: SIMINF 395 - NOINF 533 (21 turns, 270.1s)
  Game  22 (seed= 11, NOINF vs SIMINF):
    Turn  1 (NOINF   p0): 8D FAYER 30  [15.0s, 1143456 iters]
    Turn  2 (SIMINF  p1): E5 vIC(A)RATE 86  [15.0s, 888099 iters, siminf=0.85s 76 racks]
    Turn  3 (NOINF   p0): F8 (Y)EX 56  [15.0s, 1151804 iters]
    Turn  4 (SIMINF  p1): D8 (F)ILUM 43  [15.0s, 348990 iters, siminf=10.03s 3336 racks]
    Turn  5 (NOINF   p0): 7G PAIRING 75  [15.0s, 1041541 iters]
    Turn  6 (SIMINF  p1): N4 ROOSTED 75  [15.0s, 713684 iters, siminf=0.06s 1 racks]
    Turn  7 (NOINF   p0): C11 HAJ 37  [15.0s, 776328 iters]
    Turn  8 (SIMINF  p1): J4 OVE(R)SUDS 68  [15.1s, 257477 iters, siminf=10.06s 1360 racks]
    Turn  9 (NOINF   p0): M9 BOWNE 36  [15.0s, 744342 iters]
    Turn 10 (SIMINF  p1): 14B CINQ 44  [15.0s, 742161 iters, siminf=1.13s 147 racks]
    Turn 11 (NOINF   p0): B9 TWP 25  [15.0s, 753842 iters]
    Turn 12 (SIMINF  p1): O8 OLEUM 45  [15.0s, 278068 iters, siminf=10.04s 1759 racks]
    Turn 13 (NOINF   p0): O1 VIBEY 50  [15.0s, 842034 iters]
    Turn 14 (SIMINF  p1): A6 ZITE 41  [15.0s, 912592 iters, siminf=0.34s 108 racks]
    Turn 15 (NOINF   p0): M1 GROOF 30  [15.0s, 1044055 iters]
    Turn 16 (SIMINF  p1): 13G KITEnG(E)S 68  [15.0s, 1442028 iters, siminf=0.23s 33 racks]
    Turn 17 (NOINF   p0): B3 LUNA 19  [15.0s, 1760595 iters]
    Turn 18 (SIMINF  p1): C2 LANA 16  [15.0s, 2776111 iters]
    Turn 19 (NOINF   p0): 14H DAH 33  [0.0s, 15 iters]
    Turn 20 (SIMINF  p1): L2 AND 22  [0.0s, 15 iters]
    Turn 21 (NOINF   p0): 15G TE 18  [0.0s, 15 iters]
    Turn 22 (SIMINF  p1): 11H OE(S) 3  [0.0s, 15 iters]
    Final: NOINF 409 - SIMINF 515 (22 turns, 270.1s)

==== Results after 11 seed(s) (66 games) ====
  SIMINF  vs NOINF  :  10 -  12 (0 ties) in  22 games | SIMINF spread -28 (-1.3/g)
  NOINF   overall:  12 wins /  22 games (54.5%)
  STATINF overall:   0 wins /   0 games (0.0%)
  SIMINF  overall:  10 wins /  22 games (45.5%)

  Game  23 (seed= 12, SIMINF vs NOINF):
    Turn  1 (SIMINF  p0): (exch FNOV)  [15.0s, 1351320 iters]
    Turn  2 (NOINF   p1): 8F CELT 12  [15.0s, 1046511 iters]
    Turn  3 (SIMINF  p0): F6 WY(C)H 23  [15.0s, 339838 iters, siminf=10.04s 1797 racks]
    Turn  4 (NOINF   p1): H6 WA(L)TZ 17  [15.0s, 588421 iters]
    Turn  5 (SIMINF  p0): I8 (T)OO 18  [15.0s, 326488 iters, siminf=10.05s 1571 racks]
    Turn  6 (NOINF   p1): E9 aNNEXED 82  [15.0s, 886751 iters]
    Turn  7 (SIMINF  p0): 12D R(E)ALTONE 68  [15.0s, 804041 iters, siminf=0.06s 1 racks]
    Turn  8 (NOINF   p1): 15C HY(D)RIC 57  [15.0s, 784595 iters]
    Turn  9 (SIMINF  p0): 11J UMBO 26  [15.0s, 725286 iters, siminf=0.63s 189 racks]
    Turn 10 (NOINF   p1): J2 QuEESTS 94  [15.0s, 696613 iters]
    Turn 11 (SIMINF  p0): D3 FENNIER 77  [15.0s, 774388 iters, siminf=0.06s 1 racks]
    Turn 12 (NOINF   p1): 15A DI(HYDRIC) 54  [15.0s, 740717 iters]
    Turn 13 (SIMINF  p0): 4H GR(E)MIALS 78  [15.0s, 222865 iters, siminf=10.01s 5122 racks]
    Turn 14 (NOINF   p1): H1 VUG(G) 27  [15.0s, 665414 iters]
    Turn 15 (SIMINF  p0): B10 JUPAT(I) 62  [15.0s, 230069 iters, siminf=10.03s 1545 racks]
    Turn 16 (NOINF   p1): 13I FINAL 41  [15.0s, 715328 iters]
    Turn 17 (SIMINF  p0): C1 VAIRE 30  [15.0s, 767119 iters, siminf=0.28s 27 racks]
    Turn 18 (NOINF   p1): N1 DEA(L)ATES 72  [15.0s, 945008 iters]
    Turn 19 (SIMINF  p0): O1 ORG(S) 29  [15.0s, 1762280 iters]
    Turn 20 (NOINF   p1): B3 DOBE 24  [0.0s, 15 iters]
    Turn 21 (SIMINF  p0): 10M KIP 17  [0.0s, 15 iters]
    Turn 22 (NOINF   p1): M7 OI 8  [0.0s, 15 iters]
    Turn 23 (SIMINF  p0): 10B (J)A 9  [0.0s, 15 iters]
    Turn 24 (NOINF   p1): G12 (L)O 3  [0.0s, 15 iters]
    Final: SIMINF 437 - NOINF 495 (24 turns, 285.1s)
  Game  24 (seed= 12, NOINF vs SIMINF):
    Turn  1 (NOINF   p0): (exch FNOV)  [15.0s, 1381219 iters]
    Turn  2 (SIMINF  p1): 8F TELD 10  [15.0s, 349174 iters, siminf=10.01s 2526 racks]
    Turn  3 (NOINF   p0): 9G WOAH 30  [15.0s, 1100706 iters]
    Turn  4 (SIMINF  p1): 10F ZeX 53  [15.0s, 271861 iters, siminf=10.04s 2622 racks]
    Turn  5 (NOINF   p0): 11E YO 21  [15.0s, 1172684 iters]
    Turn  6 (SIMINF  p1): 12D WEAN 31  [15.0s, 388209 iters, siminf=10.04s 2357 racks]
    Turn  7 (NOINF   p0): 10J MOL 24  [15.0s, 1161158 iters]
    Turn  8 (SIMINF  p1): M9 HYENIC 45  [15.0s, 340447 iters, siminf=10.05s 1943 racks]
    Turn  9 (NOINF   p0): 14J BUN(C)E 30  [15.0s, 1045963 iters]
    Turn 10 (SIMINF  p1): O8 RESECTS 96  [15.0s, 330248 iters, siminf=10.05s 2147 racks]
    Turn 11 (NOINF   p0): 15E ROTIFER 86  [15.0s, 899093 iters]
    Turn 12 (SIMINF  p1): 14F GID 21  [15.0s, 743462 iters, siminf=0.06s 1 racks]
    Turn 13 (NOINF   p0): E11 (YE)N 6  [15.0s, 966681 iters]
    Turn 14 (SIMINF  p1): L8 VU(L)N 18  [15.0s, 228524 iters, siminf=10.00s 1071 racks]
    Turn 15 (NOINF   p0): N2 GERMINA 76  [15.0s, 816280 iters]
    Turn 16 (SIMINF  p1): 3H LIQuAT(E)D 86  [15.0s, 840799 iters, siminf=0.05s 1 racks]
    Turn 17 (NOINF   p0): L1 JA(A)P 42  [15.0s, 1007401 iters]
    Turn 18 (SIMINF  p1): O3 (D)EAF 21  [15.0s, 319272 iters, siminf=10.01s 1920 racks]
    Turn 19 (NOINF   p0): H1 VI(L)LUS 30  [15.0s, 972661 iters]
    Turn 20 (SIMINF  p1): M3 (T)AO 14  [15.0s, 1089366 iters, siminf=0.28s 32 racks]
    Turn 21 (NOINF   p0): 2E TRA(I)K 17  [15.0s, 1370230 iters]
    Turn 22 (SIMINF  p1): 13B DOE(N) 15  [15.0s, 2190920 iters]
    Turn 23 (NOINF   p0): 6A PIROGIE(S) 65  [15.0s, 3756270 iters]
    Turn 24 (SIMINF  p1): 5E ABO(U)TS 28  [0.0s, 15 iters]
    Turn 25 (NOINF   p0): pass  [0.0s, 8 iters]
    Turn 26 (SIMINF  p1): J5 (S)I 4  [0.0s, 15 iters]
    Turn 27 (NOINF   p0): pass  [0.0s, 8 iters]
    Turn 28 (SIMINF  p1): C13 (O)E 2  [0.0s, 15 iters]
    Final: NOINF 427 - SIMINF 446 (28 turns, 345.2s)

==== Results after 12 seed(s) (72 games) ====
  SIMINF  vs NOINF  :  11 -  13 (0 ties) in  24 games | SIMINF spread -67 (-2.8/g)
  NOINF   overall:  13 wins /  24 games (54.2%)
  STATINF overall:   0 wins /   0 games (0.0%)
  SIMINF  overall:  11 wins /  24 games (45.8%)

  Game  25 (seed= 13, SIMINF vs NOINF):
    Turn  1 (SIMINF  p0): 8F CLEW 18  [15.0s, 1094503 iters]
    Turn  2 (NOINF   p1): 7H MAFTIR 23  [15.0s, 987056 iters]
    Turn  3 (SIMINF  p0): 9G AGENISE 77  [15.0s, 828523 iters, siminf=0.12s 10 racks]
    Turn  4 (NOINF   p1): K5 OU(T)W(I)ND 44  [15.0s, 815965 iters]
    Turn  5 (SIMINF  p0): 10I SY(N) 34  [15.0s, 698866 iters, siminf=1.26s 242 racks]
    Turn  6 (NOINF   p1): L1 HOOEY 35  [15.0s, 862969 iters]
    Turn  7 (SIMINF  p0): N2 VEGIEST 88  [15.0s, 748084 iters, siminf=0.85s 94 racks]
    Turn  8 (NOINF   p1): F1 ELECTRI(C) 66  [15.0s, 793609 iters]
    Turn  9 (SIMINF  p0): 1E V(E)GO 24  [15.0s, 718670 iters, siminf=0.06s 1 racks]
    Turn 10 (NOINF   p1): O8 AX 33  [15.0s, 582586 iters]
    Turn 11 (SIMINF  p0): 4D UN(C)OER 18  [15.0s, 208310 iters, siminf=10.05s 1231 racks]
    Turn 12 (NOINF   p1): 3I AZI(O)N(E) 35  [15.0s, 535062 iters]
    Turn 13 (SIMINF  p0): 10D PLOD 13  [15.0s, 203984 iters, siminf=10.01s 1654 racks]
    Turn 14 (NOINF   p1): 12F ORALIsT 75  [15.0s, 548876 iters]
    Turn 15 (SIMINF  p0): H12 (A)HED 24  [15.0s, 539305 iters, siminf=0.06s 1 racks]
    Turn 16 (NOINF   p1): 11C KAON 27  [15.0s, 512137 iters]
    Turn 17 (SIMINF  p0): 12A QUIM 70  [15.0s, 203598 iters, siminf=10.05s 899 racks]
    Turn 18 (NOINF   p1): A11 E(Q)UIP 48  [15.0s, 559519 iters]
    Turn 19 (SIMINF  p0): D3 B(U)B 7  [15.0s, 728885 iters]
    Turn 20 (NOINF   p1): C2 JA 26  [15.0s, 3243268 iters]
    Turn 21 (SIMINF  p0): B3 STANDER 65  [0.0s, 15 iters]
    Final: SIMINF 454 - NOINF 412 (21 turns, 300.1s)
  Game  26 (seed= 13, NOINF vs SIMINF):
    Turn  1 (NOINF   p0): 8F CLEW 18  [15.0s, 1110169 iters]
    Turn  2 (SIMINF  p1): 7H FARD 20  [15.0s, 330634 iters, siminf=10.02s 2323 racks]
    Turn  3 (NOINF   p0): 9G AGENISE 78  [15.0s, 825275 iters]
    Turn  4 (SIMINF  p1): 8M HOW 32  [15.0s, 831378 iters, siminf=0.06s 1 racks]
    Turn  5 (NOINF   p0): 10H SEY 42  [15.0s, 837990 iters]
    Turn  6 (SIMINF  p1): 11J MOTU 20  [15.0s, 293633 iters, siminf=10.03s 2069 racks]
    Turn  7 (NOINF   p0): 12M GOV 14  [15.0s, 884651 iters]
    Turn  8 (SIMINF  p1): O10 CO(V)YNE 42  [15.0s, 288175 iters, siminf=10.01s 1576 racks]
    Turn  9 (NOINF   p0): 15L GIV(E) 10  [15.0s, 936866 iters]
    Turn 10 (SIMINF  p1): 7M TIE 18  [15.1s, 273574 iters, siminf=10.05s 1491 racks]
    Turn 11 (NOINF   p0): 6L OE 9  [15.0s, 858474 iters]
    Turn 12 (SIMINF  p1): 5K ZILA 36  [15.1s, 318287 iters, siminf=10.06s 1222 racks]
    Turn 13 (NOINF   p0): 13G TENOURS 76  [15.0s, 894028 iters]
    Turn 14 (SIMINF  p1): 14B RElAXIN 112  [15.0s, 937361 iters, siminf=0.06s 1 racks]
    Turn 15 (NOINF   p0): 15E RUDD 45  [15.0s, 801518 iters]
    Turn 16 (SIMINF  p1): C9 IOLIT(E) 14  [15.0s, 288868 iters, siminf=10.01s 3980 racks]
    Turn 17 (NOINF   p0): 10B Q(O)PH 38  [15.0s, 766931 iters]
    Turn 18 (SIMINF  p1): 12A KA(I)N 26  [15.1s, 310731 iters, siminf=10.05s 3635 racks]
    Turn 19 (NOINF   p0): 11C (L)IMED 35  [15.0s, 918187 iters]
    Turn 20 (SIMINF  p1): 14J ORA 15  [15.0s, 324676 iters, siminf=10.02s 2391 racks]
    Turn 21 (NOINF   p0): O1 BABES 44  [15.0s, 1267273 iters]
    Turn 22 (SIMINF  p1): F6 PA(C) 13  [0.0s, 15 iters]
    Turn 23 (NOINF   p0): 2L JoT(A) 20  [0.0s, 15 iters]
    Turn 24 (SIMINF  p1): E5 AUE 12  [0.0s, 15 iters]
    Turn 25 (NOINF   p0): 6D T(UP) 5  [0.0s, 15 iters]
    Turn 26 (SIMINF  p1): pass  [0.0s, 14 iters]
    Turn 27 (NOINF   p0): M1 L(o) 1  [0.0s, 15 iters]
    Turn 28 (SIMINF  p1): pass  [0.0s, 13 iters]
    Turn 29 (NOINF   p0): pass  [0.0s, 9 iters]
    Turn 30 (SIMINF  p1): pass  [0.0s, 13 iters]
    Turn 31 (NOINF   p0): pass  [0.0s, 9 iters]
    Turn 32 (SIMINF  p1): pass  [0.0s, 13 iters]
    Turn 33 (NOINF   p0): pass  [0.0s, 9 iters]
    Final: NOINF 430 - SIMINF 358 (33 turns, 315.3s)

==== Results after 13 seed(s) (78 games) ====
  SIMINF  vs NOINF  :  12 -  14 (0 ties) in  26 games | SIMINF spread -97 (-3.7/g)
  NOINF   overall:  14 wins /  26 games (53.8%)
  STATINF overall:   0 wins /   0 games (0.0%)
  SIMINF  overall:  12 wins /  26 games (46.2%)

  Game  27 (seed= 14, SIMINF vs NOINF):
    Turn  1 (SIMINF  p0): 8F STARTER 66  [15.0s, 938827 iters]
    Turn  2 (NOINF   p1): J6 BU(T)EO 15  [15.0s, 776951 iters]
    Turn  3 (SIMINF  p0): 11D LITOTES 72  [15.0s, 229948 iters, siminf=10.04s 1772 racks]
    Turn  4 (NOINF   p1): 12A LEMONEd 77  [15.0s, 647823 iters]
    Turn  5 (SIMINF  p0): 13B RIG 22  [15.0s, 731261 iters, siminf=0.06s 1 racks]
    Turn  6 (NOINF   p1): A11 U(L)PAN 28  [15.0s, 683150 iters]
    Turn  7 (SIMINF  p0): B10 TH(ER)E 29  [15.1s, 225962 iters, siminf=10.06s 1589 racks]
    Turn  8 (NOINF   p1): 13F WAUL 18  [15.0s, 689143 iters]
    Turn  9 (SIMINF  p0): 7I A(U)A 9  [15.0s, 243014 iters, siminf=10.02s 1243 racks]
    Turn 10 (NOINF   p1): 9G OX 22  [15.0s, 769486 iters]
    Turn 11 (SIMINF  p0): C4 ENRANGE 63  [15.0s, 226802 iters, siminf=10.02s 1320 racks]
    Turn 12 (NOINF   p1): 8A FI(N)O 24  [15.0s, 677316 iters]
    Turn 13 (SIMINF  p0): 4A PR(E)BID 28  [15.0s, 188732 iters, siminf=10.02s 1366 racks]
    Turn 14 (NOINF   p1): A1 QUE(P) 45  [15.0s, 569028 iters]
    Turn 15 (SIMINF  p0): 3F OVICIDE 73  [15.0s, 190369 iters, siminf=10.02s 1409 racks]
    Turn 16 (NOINF   p1): 5E DAVY 32  [15.0s, 550743 iters]
    Turn 17 (SIMINF  p0): H1 RE(I)F(Y) 45  [15.0s, 165240 iters, siminf=10.00s 1131 racks]
    Turn 18 (NOINF   p1): 2J KANJIS 75  [15.0s, 536600 iters]
    Turn 19 (SIMINF  p0): 4L WHOM 42  [15.0s, 705450 iters]
    Turn 20 (NOINF   p1): 14H GID 14  [15.0s, 1905897 iters]
    Turn 21 (SIMINF  p0): 15H STAY 39  [0.0s, 15 iters]
    Turn 22 (NOINF   p1): 10J (O)ChONE 9  [0.0s, 15 iters]
    Final: SIMINF 488 - NOINF 383 (22 turns, 300.2s)
  Game  28 (seed= 14, NOINF vs SIMINF):
    Turn  1 (NOINF   p0): 8F STARTER 66  [15.0s, 934747 iters]
    Turn  2 (SIMINF  p1): J6 BU(T)EO 15  [15.0s, 758953 iters, siminf=0.06s 1 racks]
    Turn  3 (NOINF   p0): 11D LITOTES 72  [15.0s, 683910 iters]
    Turn  4 (SIMINF  p1): 12A LEMONEd 77  [15.0s, 639781 iters, siminf=0.06s 1 racks]
    Turn  5 (NOINF   p0): 13B RIG 22  [15.0s, 724977 iters]
    Turn  6 (SIMINF  p1): A11 U(L)PAN 28  [15.0s, 237035 iters, siminf=10.04s 1131 racks]
    Turn  7 (NOINF   p0): B10 TH(ER)E 29  [15.0s, 679570 iters]
    Turn  8 (SIMINF  p1): 13F WAUL 18  [15.0s, 231978 iters, siminf=10.02s 1106 racks]
    Turn  9 (NOINF   p0): 7I A(U)A 9  [15.0s, 734547 iters]
    Turn 10 (SIMINF  p1): 9G OX 22  [15.0s, 264902 iters, siminf=10.03s 1162 racks]
    Turn 11 (NOINF   p0): C4 ENRANGE 63  [15.0s, 673006 iters]
    Turn 12 (SIMINF  p1): 8A FI(N)O 24  [15.0s, 679853 iters, siminf=0.06s 1 racks]
    Turn 13 (NOINF   p0): 4A PR(E)BID 28  [15.0s, 551485 iters]
    Turn 14 (SIMINF  p1): A1 QUE(P) 45  [15.0s, 533931 iters, siminf=1.03s 208 racks]
    Turn 15 (NOINF   p0): 3F OVICIDE 73  [15.0s, 561135 iters]
    Turn 16 (SIMINF  p1): 5E DAVY 32  [15.0s, 543987 iters, siminf=0.06s 1 racks]
    Turn 17 (NOINF   p0): H1 RE(I)F(Y) 45  [15.0s, 497268 iters]
    Turn 18 (SIMINF  p1): 2J KANJI 73  [15.0s, 155080 iters, siminf=10.04s 1383 racks]
    Turn 19 (NOINF   p0): 4L WHOM 42  [15.0s, 683775 iters]
    Turn 20 (SIMINF  p1): 7B D(A)G 11  [15.0s, 1547591 iters]
    Turn 21 (NOINF   p0): I10 Z(E)A(L)S 25  [0.0s, 15 iters]
    Turn 22 (SIMINF  p1): M6 COSINEs 68  [0.0s, 15 iters]
    Final: NOINF 474 - SIMINF 427 (22 turns, 300.2s)

==== Results after 14 seed(s) (84 games) ====
  SIMINF  vs NOINF  :  13 -  15 (0 ties) in  28 games | SIMINF spread -39 (-1.4/g)
  NOINF   overall:  15 wins /  28 games (53.6%)
  STATINF overall:   0 wins /   0 games (0.0%)
  SIMINF  overall:  13 wins /  28 games (46.4%)

  Game  29 (seed= 15, SIMINF vs NOINF):
    Turn  1 (SIMINF  p0): 8H ARABA 16  [15.0s, 1113257 iters]
    Turn  2 (NOINF   p1): H1 TEgUMIN(A) 80  [15.0s, 880927 iters]
    Turn  3 (SIMINF  p0): 1B CORELA(T)E 61  [15.0s, 760752 iters, siminf=0.06s 1 racks]
    Turn  4 (NOINF   p1): B1 (C)OUNTY 38  [15.0s, 690106 iters]
    Turn  5 (SIMINF  p0): J6 JH(A)LA 33  [15.0s, 659081 iters, siminf=1.28s 244 racks]
    Turn  6 (NOINF   p1): A6 FOX 47  [15.0s, 573478 iters]
    Turn  7 (SIMINF  p0): K8 (B)IDET 21  [15.1s, 229393 iters, siminf=10.06s 1909 racks]
    Turn  8 (NOINF   p1): (exch FGQW)  [15.0s, 692994 iters]
    Turn  9 (SIMINF  p0): L10 ZEE 43  [15.1s, 257115 iters, siminf=10.06s 642 racks]
    Turn 10 (NOINF   p1): M2 PIRNIES 78  [15.0s, 690311 iters]
    Turn 11 (SIMINF  p0): J1 SCUG 24  [15.0s, 648810 iters, siminf=0.06s 1 racks]
    Turn 12 (NOINF   p1): L2 OGEE 23  [15.0s, 700084 iters]
    Turn 13 (SIMINF  p0): 3A L(U)V 12  [15.0s, 237701 iters, siminf=10.03s 1361 racks]
    Turn 14 (NOINF   p1): N1 WANK 43  [15.0s, 753333 iters]
    Turn 15 (SIMINF  p0): O4 SHORTIa 89  [15.0s, 270413 iters, siminf=10.03s 2774 racks]
    Turn 16 (NOINF   p1): N10 FAW 29  [15.0s, 806380 iters]
    Turn 17 (SIMINF  p0): G4 MUTE 20  [15.0s, 271557 iters, siminf=10.05s 1550 racks]
    Turn 18 (NOINF   p1): B8 IO 11  [15.0s, 726122 iters]
    Turn 19 (SIMINF  p0): (exch BDDQ)  [15.0s, 271879 iters, siminf=10.04s 1551 racks]
    Turn 20 (NOINF   p1): C9 IODIN 17  [15.0s, 679273 iters]
    Turn 21 (SIMINF  p0): 12A VY(I)NG 32  [15.0s, 806343 iters]
    Turn 22 (NOINF   p1): 14B BERE 19  [15.0s, 1352216 iters]
    Turn 23 (SIMINF  p0): 15E DADO 21  [0.0s, 15 iters]
    Turn 24 (NOINF   p1): 15A TIS 21  [0.0s, 15 iters]
    Turn 25 (SIMINF  p0): 5K R(EN) 6  [0.0s, 15 iters]
    Turn 26 (NOINF   p1): 11B A(D) 8  [0.0s, 15 iters]
    Turn 27 (SIMINF  p0): 5F L(UM) 5  [0.0s, 14 iters]
    Turn 28 (NOINF   p1): pass  [0.0s, 14 iters]
    Turn 29 (SIMINF  p0): pass  [0.0s, 7 iters]
    Turn 30 (NOINF   p1): pass  [0.0s, 7 iters]
    Turn 31 (SIMINF  p0): pass  [0.0s, 7 iters]
    Turn 32 (NOINF   p1): pass  [0.0s, 7 iters]
    Turn 33 (SIMINF  p0): 5E P(LUM) 16  [0.0s, 7 iters]
    Final: SIMINF 419 - NOINF 414 (33 turns, 330.3s)
  Game  30 (seed= 15, NOINF vs SIMINF):
    Turn  1 (NOINF   p0): 8H ARABA 16  [15.0s, 1103507 iters]
    Turn  2 (SIMINF  p1): H1 TEgUMIN(A) 80  [15.0s, 846309 iters, siminf=0.64s 86 racks]
    Turn  3 (NOINF   p0): 1B CORELA(T)E 61  [15.0s, 779220 iters]
    Turn  4 (SIMINF  p1): B1 (C)OUNTY 38  [15.0s, 685756 iters, siminf=0.06s 1 racks]
    Turn  5 (NOINF   p0): J6 JH(A)LA 33  [15.0s, 725608 iters]
    Turn  6 (SIMINF  p1): A6 FOX 47  [15.0s, 185343 iters, siminf=10.02s 1474 racks]
    Turn  7 (NOINF   p0): J1 DITE 19  [15.0s, 687573 iters]
    Turn  8 (SIMINF  p1): 10I W(A)QF 19  [15.0s, 253495 iters, siminf=10.01s 978 racks]
    Turn  9 (NOINF   p0): L10 (F)UZE 32  [15.0s, 764445 iters]
    Turn 10 (SIMINF  p1): 14I PERSING 91  [15.0s, 238677 iters, siminf=10.04s 1107 racks]
    Turn 11 (NOINF   p0): L1 CONTESS(A) 76  [15.0s, 692028 iters]
    Turn 12 (SIMINF  p1): O12 AI(G)A 18  [15.0s, 687670 iters, siminf=0.05s 1 racks]
    Turn 13 (NOINF   p0): 15D cHERVIL 92  [15.0s, 629411 iters]
    Turn 14 (SIMINF  p1): M2 KAIE 30  [15.0s, 740862 iters, siminf=0.06s 1 racks]
    Turn 15 (NOINF   p0): 3A M(U)DBUG 24  [15.0s, 790597 iters]
    Turn 16 (SIMINF  p1): M12 OW(I)E 35  [15.0s, 870110 iters, siminf=0.35s 80 racks]
    Turn 17 (NOINF   p0): 4D YGO 34  [15.0s, 1223251 iters]
    Turn 18 (SIMINF  p1): B8 IODIN 19  [15.0s, 1688729 iters]
    Turn 19 (NOINF   p0): N1 VANT 34  [15.0s, 4287216 iters]
    Turn 20 (SIMINF  p1): N8 LOIPE 22  [0.0s, 15 iters]
    Turn 21 (NOINF   p0): F3 (GO)DS 8  [0.0s, 15 iters]
    Turn 22 (SIMINF  p1): F13 ER(E) 5  [0.0s, 15 iters]
    Final: NOINF 429 - SIMINF 408 (22 turns, 285.1s)

==== Results after 15 seed(s) (90 games) ====
  SIMINF  vs NOINF  :  14 -  16 (0 ties) in  30 games | SIMINF spread -55 (-1.8/g)
  NOINF   overall:  16 wins /  30 games (53.3%)
  STATINF overall:   0 wins /   0 games (0.0%)
  SIMINF  overall:  14 wins /  30 games (46.7%)

  Game  31 (seed= 16, SIMINF vs NOINF):
    Turn  1 (SIMINF  p0): (exch EQW)  [15.0s, 1442474 iters]
    Turn  2 (NOINF   p1): 8H PRIMY 32  [15.0s, 1138044 iters]
    Turn  3 (SIMINF  p0): L4 NAVV(Y) 28  [15.0s, 1021585 iters, siminf=0.92s 170 racks]
    Turn  4 (NOINF   p1): M3 GOT 12  [15.0s, 1047947 iters]
    Turn  5 (SIMINF  p0): 9B ECTOPIA 69  [15.0s, 308243 iters, siminf=10.03s 1568 racks]
    Turn  6 (NOINF   p1): 10H TONGUES 67  [15.0s, 731141 iters]
    Turn  7 (SIMINF  p0): B2 UNCINAT(E) 74  [15.0s, 669104 iters, siminf=0.06s 1 racks]
    Turn  8 (NOINF   p1): 1B RELIgHT 91  [15.0s, 630766 iters]
    Turn  9 (SIMINF  p0): A5 OOZE 60  [15.0s, 687580 iters, siminf=0.06s 1 racks]
    Turn 10 (NOINF   p1): K3 LOW 27  [15.0s, 623105 iters]
    Turn 11 (SIMINF  p0): C5 KEX 59  [15.0s, 203736 iters, siminf=10.01s 1097 racks]
    Turn 12 (NOINF   p1): 11J YOM 31  [15.0s, 717403 iters]
    Turn 13 (SIMINF  p0): 12K BEANO 32  [15.0s, 224750 iters, siminf=10.01s 1170 racks]
    Turn 14 (NOINF   p1): H8 (PAT)ERNAL 33  [15.0s, 668408 iters]
    Turn 15 (SIMINF  p0): 2J JAG 34  [15.0s, 630787 iters, siminf=0.46s 43 racks]
    Turn 16 (NOINF   p1): 13M AUF 23  [15.0s, 637333 iters]
    Turn 17 (SIMINF  p0): O12 (OF)FS 30  [15.0s, 252459 iters, siminf=10.02s 1345 racks]
    Turn 18 (NOINF   p1): 1L ARID 22  [15.0s, 545284 iters]
    Turn 19 (SIMINF  p0): N5 SQUIB(S) 44  [15.0s, 356239 iters, siminf=10.03s 1233 racks]
    Turn 20 (NOINF   p1): E8 D(O)DS 12  [15.0s, 1658719 iters]
    Turn 21 (SIMINF  p0): F9 (P)ITIER 19  [15.0s, 2163345 iters]
    Turn 22 (NOINF   p1): C9 (C)HARaDE 24  [0.0s, 15 iters]
    Turn 23 (SIMINF  p0): B14 EW 21  [0.0s, 15 iters]
    Turn 24 (NOINF   p1): 11B E(A) 2  [0.0s, 15 iters]
    Final: SIMINF 470 - NOINF 382 (24 turns, 315.1s)
  Game  32 (seed= 16, NOINF vs SIMINF):
    Turn  1 (NOINF   p0): (exch EQW)  [15.0s, 1434917 iters]
    Turn  2 (SIMINF  p1): 8H PRIMY 32  [15.0s, 377758 iters, siminf=10.01s 2519 racks]
    Turn  3 (NOINF   p0): L4 NAVV(Y) 28  [15.0s, 1137772 iters]
    Turn  4 (SIMINF  p1): M3 GOT 12  [15.0s, 343919 iters, siminf=10.03s 4601 racks]
    Turn  5 (NOINF   p0): 9B ECTOPIA 69  [15.0s, 899974 iters]
    Turn  6 (SIMINF  p1): 10H TONGUES 67  [15.0s, 724545 iters, siminf=0.06s 1 racks]
    Turn  7 (NOINF   p0): B2 UNCINAT(E) 74  [15.0s, 667827 iters]
    Turn  8 (SIMINF  p1): 1B RELIgHT 91  [15.0s, 624414 iters, siminf=0.06s 1 racks]
    Turn  9 (NOINF   p0): A5 OOZE 60  [15.0s, 684311 iters]
    Turn 10 (SIMINF  p1): M9 M(E)LLOW 28  [15.0s, 207797 iters, siminf=10.02s 3212 racks]
    Turn 11 (NOINF   p0): C5 KEX 59  [15.0s, 637446 iters]
    Turn 12 (SIMINF  p1): 15K NOYAU 42  [15.0s, 209495 iters, siminf=10.05s 3702 racks]
    Turn 13 (NOINF   p0): N4 BEFANA(S) 32  [15.0s, 617046 iters]
    Turn 14 (SIMINF  p1): 11C FADDIER 82  [15.0s, 548625 iters, siminf=0.12s 9 racks]
    Turn 15 (NOINF   p0): O1 JOGS 46  [15.0s, 560453 iters]
    Turn 16 (SIMINF  p1): O7 HAD 38  [15.1s, 207886 iters, siminf=10.06s 1606 racks]
    Turn 17 (NOINF   p0): 12D BI 19  [15.0s, 943559 iters]
    Turn 18 (SIMINF  p1): 13B ReADERS 76  [15.1s, 411407 iters, siminf=10.06s 1035 racks]
    Turn 19 (NOINF   p0): 3A U(N)REELS 16  [0.0s, 15 iters]
    Turn 20 (SIMINF  p1): 4D EW 19  [0.0s, 15 iters]
    Turn 21 (NOINF   p0): pass  [0.0s, 2 iters]
    Turn 22 (SIMINF  p1): A12 IT 11  [0.0s, 15 iters]
    Turn 23 (NOINF   p0): pass  [0.0s, 2 iters]
    Turn 24 (SIMINF  p1): 12M (L)IE 4  [0.0s, 15 iters]
    Turn 25 (NOINF   p0): pass  [0.0s, 2 iters]
    Turn 26 (SIMINF  p1): pass  [0.0s, 12 iters]
    Turn 27 (NOINF   p0): pass  [0.0s, 2 iters]
    Turn 28 (SIMINF  p1): pass  [0.0s, 12 iters]
    Turn 29 (NOINF   p0): pass  [0.0s, 2 iters]
    Turn 30 (SIMINF  p1): pass  [0.0s, 12 iters]
    Final: NOINF 393 - SIMINF 501 (30 turns, 270.2s)

==== Results after 16 seed(s) (96 games) ====
  SIMINF  vs NOINF  :  16 -  16 (0 ties) in  32 games | SIMINF spread +141 (+4.4/g)
  NOINF   overall:  16 wins /  32 games (50.0%)
  STATINF overall:   0 wins /   0 games (0.0%)
  SIMINF  overall:  16 wins /  32 games (50.0%)

  Game  33 (seed= 17, SIMINF vs NOINF):
    Turn  1 (SIMINF  p0): 8H ENDEW 26  [15.0s, 1061845 iters]
    Turn  2 (NOINF   p1): H8 (E)NSNARED 80  [15.0s, 819120 iters]
    Turn  3 (SIMINF  p0): 14B CROSSL(E)T 74  [15.0s, 655893 iters, siminf=0.06s 1 racks]
    Turn  4 (NOINF   p1): 9H (N)EAFE 25  [15.0s, 706523 iters]
    Turn  5 (SIMINF  p0): 11D HEXA(N)OIc 118  [15.0s, 220405 iters, siminf=10.02s 1433 racks]
    Turn  6 (NOINF   p1): 12C LIEU 29  [15.0s, 811531 iters]
    Turn  7 (SIMINF  p0): 15D KIT 27  [15.0s, 267875 iters, siminf=10.01s 1851 racks]
    Turn  8 (NOINF   p1): 15H (D)EVOTION 91  [15.0s, 857219 iters]
    Turn  9 (SIMINF  p0): 10B VEG 22  [15.0s, 845193 iters, siminf=0.06s 1 racks]
    Turn 10 (NOINF   p1): 14M GHI 29  [15.0s, 774996 iters]
    Turn 11 (SIMINF  p0): C3 CAROTEN(E) 74  [15.1s, 253460 iters, siminf=10.06s 1778 racks]
    Turn 12 (NOINF   p1): 8A BE(E)FY 51  [15.0s, 721493 iters]
    Turn 13 (SIMINF  p0): B4 YAW 37  [15.0s, 221364 iters, siminf=10.03s 2754 racks]
    Turn 14 (NOINF   p1): E4 BILG(Y) 22  [15.0s, 609121 iters]
    Turn 15 (SIMINF  p0): A1 RUMPOT 59  [15.1s, 190214 iters, siminf=10.06s 1292 racks]
    Turn 16 (NOINF   p1): F2 JIAO 33  [15.0s, 575241 iters]
    Turn 17 (SIMINF  p0): G1 DADO 27  [15.0s, 226657 iters, siminf=10.03s 2084 racks]
    Turn 18 (NOINF   p1): 7K TAMP 23  [15.0s, 1340182 iters]
    Turn 19 (SIMINF  p0): 1G (D)UrIAN 21  [0.0s, 15 iters]
    Turn 20 (NOINF   p1): O12 ZE(IN) 23  [0.0s, 15 iters]
    Turn 21 (SIMINF  p0): K14 L(O) 2  [0.0s, 15 iters]
    Turn 22 (NOINF   p1): H4 SRI 11  [0.0s, 15 iters]
    Turn 23 (SIMINF  p0): pass  [0.0s, 6 iters]
    Turn 24 (NOINF   p1): pass  [0.0s, 8 iters]
    Turn 25 (SIMINF  p0): pass  [0.0s, 6 iters]
    Turn 26 (NOINF   p1): pass  [0.0s, 8 iters]
    Turn 27 (SIMINF  p0): pass  [0.0s, 6 iters]
    Turn 28 (NOINF   p1): pass  [0.0s, 8 iters]
    Final: SIMINF 486 - NOINF 406 (28 turns, 270.2s)
  Game  34 (seed= 17, NOINF vs SIMINF):
    Turn  1 (NOINF   p0): 8H ENDEW 26  [15.0s, 1102480 iters]
    Turn  2 (SIMINF  p1): H8 (E)NSNARED 80  [15.0s, 780810 iters, siminf=1.08s 141 racks]
    Turn  3 (NOINF   p0): 14B CROSSL(E)T 74  [15.0s, 662129 iters]
    Turn  4 (SIMINF  p1): 9H (N)EAFE 25  [15.0s, 707129 iters, siminf=0.06s 1 racks]
    Turn  5 (NOINF   p0): 11D HEXA(N)OIc 118  [15.0s, 646473 iters]
    Turn  6 (SIMINF  p1): 12C LIEU 29  [15.0s, 795180 iters, siminf=0.06s 1 racks]
    Turn  7 (NOINF   p0): 10B VIG 22  [15.0s, 796370 iters]
    Turn  8 (SIMINF  p1): 15H (D)EVOTION 91  [15.0s, 266662 iters, siminf=10.02s 1971 racks]
    Turn  9 (NOINF   p0): 14K KETO 30  [15.0s, 817514 iters]
    Turn 10 (SIMINF  p1): 15A GHEE 39  [15.1s, 263991 iters, siminf=10.06s 1664 racks]
    Turn 11 (NOINF   p0): K7 R(EF) 6  [15.0s, 801429 iters]
    Turn 12 (SIMINF  p1): 13A FAY 40  [15.0s, 256511 iters, siminf=10.01s 822 racks]
    Turn 13 (NOINF   p0): 6I CATERAN 70  [15.0s, 713838 iters]
    Turn 14 (SIMINF  p1): O1 LIBBI(N)G 45  [15.0s, 630333 iters, siminf=0.06s 1 racks]
    Turn 15 (NOINF   p0): M3 UPD(R)Y 30  [15.0s, 512883 iters]
    Turn 16 (SIMINF  p1): 10L TAJ 32  [15.0s, 176354 iters, siminf=10.05s 1858 racks]
    Turn 17 (NOINF   p0): 4J WIM(P) 22  [15.0s, 570816 iters]
    Turn 18 (SIMINF  p1): J2 MO(W)R(A) 16  [15.0s, 256610 iters, siminf=10.04s 1688 racks]
    Turn 19 (NOINF   p0): 11M DO 15  [15.0s, 988788 iters]
    Turn 20 (SIMINF  p1): 13N PI 9  [15.0s, 839922 iters]
    Turn 21 (NOINF   p0): I1 OUT 11  [0.0s, 15 iters]
    Turn 22 (SIMINF  p1): K2 UN(I) 11  [0.0s, 15 iters]
    Turn 23 (NOINF   p0): N6 (A)AL 10  [0.0s, 15 iters]
    Turn 24 (SIMINF  p1): O11 SR(I) 8  [0.0s, 15 iters]
    Turn 25 (NOINF   p0): 13H (R)At 7  [0.0s, 15 iters]
    Final: NOINF 483 - SIMINF 425 (25 turns, 300.2s)

==== Results after 17 seed(s) (102 games) ====
  SIMINF  vs NOINF  :  17 -  17 (0 ties) in  34 games | SIMINF spread +163 (+4.8/g)
  NOINF   overall:  17 wins /  34 games (50.0%)
  STATINF overall:   0 wins /   0 games (0.0%)
  SIMINF  overall:  17 wins /  34 games (50.0%)

  Game  35 (seed= 18, SIMINF vs NOINF):
    Turn  1 (SIMINF  p0): (exch DFLVZ)  [15.0s, 1348862 iters]
    Turn  2 (NOINF   p1): (exch AAIO)  [15.0s, 1445875 iters]
    Turn  3 (SIMINF  p0): 8C NAGARIS 68  [15.0s, 314964 iters, siminf=10.04s 2519 racks]
    Turn  4 (NOINF   p1): F6 HW(A)N 18  [15.0s, 913297 iters]
    Turn  5 (SIMINF  p0): 9A FAUX 27  [15.1s, 290984 iters, siminf=10.06s 1677 racks]
    Turn  6 (NOINF   p1): I2 BRIEFE(S)T 66  [15.0s, 849617 iters]
    Turn  7 (SIMINF  p0): A6 WHE(F)T 42  [15.0s, 689585 iters, siminf=0.06s 1 racks]
    Turn  8 (NOINF   p1): 2I (B)ALANCE 26  [15.0s, 695572 iters]
    Turn  9 (SIMINF  p0): O1 P(E)RV 39  [15.0s, 662354 iters, siminf=0.06s 3 racks]
    Turn 10 (NOINF   p1): L1 J(A)IL 38  [15.0s, 668114 iters]
    Turn 11 (SIMINF  p0): H4 MOE 22  [15.0s, 223906 iters, siminf=10.01s 1728 racks]
    Turn 12 (NOINF   p1): 10A (T)YTE 41  [15.0s, 729652 iters]
    Turn 13 (SIMINF  p0): 11D DEMASTS 82  [15.0s, 210289 iters, siminf=10.05s 2372 racks]
    Turn 14 (NOINF   p1): M1 A(N)NO 23  [15.0s, 646243 iters]
    Turn 15 (SIMINF  p0): B2 COZIE 43  [15.0s, 187372 iters, siminf=10.02s 1200 racks]
    Turn 16 (NOINF   p1): O1 (PERV)IATED 45  [15.0s, 665208 iters]
    Turn 17 (SIMINF  p0): 8K GLOV(E) 10  [15.0s, 629449 iters, siminf=0.63s 125 racks]
    Turn 18 (NOINF   p1): H11 (S)KODY 54  [15.0s, 566401 iters]
    Turn 19 (SIMINF  p0): E5 QUA(G) 38  [15.0s, 237966 iters, siminf=10.00s 3040 racks]
    Turn 20 (NOINF   p1): 14D BLUI(D)IER 65  [15.0s, 935566 iters]
    Turn 21 (SIMINF  p0): M7 G(O)NOPODs 78  [15.0s, 1372414 iters]
    Turn 22 (NOINF   p1): 4B (Z)Ig 22  [0.0s, 15 iters]
    Turn 23 (SIMINF  p0): 15H (Y)ORES 15  [0.0s, 15 iters]
    Turn 24 (NOINF   p1): L8 (L)ITU 12  [0.0s, 15 iters]
    Turn 25 (SIMINF  p0): 7I (E)E 2  [0.0s, 15 iters]
    Final: SIMINF 470 - NOINF 410 (25 turns, 315.2s)
  Game  36 (seed= 18, NOINF vs SIMINF):
    Turn  1 (NOINF   p0): (exch DFLVZ)  [15.0s, 1354477 iters]
    Turn  2 (SIMINF  p1): (exch AAIO)  [15.1s, 469225 iters, siminf=10.05s 2383 racks]
    Turn  3 (NOINF   p0): 8G SARANGI 70  [15.0s, 975373 iters]
    Turn  4 (SIMINF  p1): J6 WH(A) 17  [15.0s, 875324 iters, siminf=0.06s 1 racks]
    Turn  5 (NOINF   p0): 7M XU 34  [15.0s, 850435 iters]
    Turn  6 (SIMINF  p1): J6 (WHA)RF 22  [15.0s, 292479 iters, siminf=10.04s 3181 racks]
    Turn  7 (NOINF   p0): K1 WHARVE 35  [15.0s, 831195 iters]
    Turn  8 (SIMINF  p1): G5 TEN(S)IBLE 62  [15.0s, 722277 iters, siminf=0.12s 21 racks]
    Turn  9 (NOINF   p0): H12 FETT 42  [15.0s, 700607 iters]
    Turn 10 (SIMINF  p1): 1K (W)ANEY 36  [15.0s, 231948 iters, siminf=10.02s 1816 racks]
    Turn 11 (NOINF   p0): 14G S(T)AMPEDO 88  [15.0s, 619592 iters]
    Turn 12 (SIMINF  p1): 15L LAIC 29  [15.0s, 583086 iters, siminf=0.06s 1 racks]
    Turn 13 (NOINF   p0): F4 MIZ 67  [15.0s, 575402 iters]
    Turn 14 (SIMINF  p1): 3I JE(A)NED 44  [15.0s, 194191 iters, siminf=10.02s 1581 racks]
    Turn 15 (NOINF   p0): E3 VEG 26  [15.0s, 406992 iters]
    Turn 16 (SIMINF  p1): 6C TOA(ZE) 22  [15.0s, 178187 iters, siminf=10.04s 1004 racks]
    Turn 17 (NOINF   p0): I7 C(R)OOLS 36  [15.0s, 544156 iters]
    Turn 18 (SIMINF  p1): C3 DIT(T)Y 26  [15.0s, 558425 iters, siminf=0.65s 111 racks]
    Turn 19 (NOINF   p0): K11 QUO(P) 30  [15.0s, 592451 iters]
    Turn 20 (SIMINF  p1): B1 LAIK 25  [15.0s, 249070 iters, siminf=10.02s 1614 racks]
    Turn 21 (NOINF   p0): 1A G(L)OP 30  [15.0s, 852129 iters]
    Turn 22 (SIMINF  p1): 13K (O)BO 23  [15.0s, 379135 iters, siminf=10.01s 2263 racks]
    Turn 23 (NOINF   p0): B7 bANDERS 65  [15.0s, 2216164 iters]
    Turn 24 (SIMINF  p1): A8 NIEf 21  [0.0s, 15 iters]
    Turn 25 (NOINF   p0): L1 (A)I(N)E 17  [0.0s, 15 iters]
    Turn 26 (SIMINF  p1): D1 (P)I 4  [0.0s, 15 iters]
    Turn 27 (NOINF   p0): 11A (fE)TOR 8  [0.0s, 15 iters]
    Turn 28 (SIMINF  p1): pass  [0.0s, 15 iters]
    Turn 29 (NOINF   p0): pass  [0.0s, 7 iters]
    Turn 30 (SIMINF  p1): pass  [0.0s, 15 iters]
    Turn 31 (NOINF   p0): pass  [0.0s, 7 iters]
    Turn 32 (SIMINF  p1): pass  [0.0s, 15 iters]
    Turn 33 (NOINF   p0): pass  [0.0s, 7 iters]
    Final: NOINF 547 - SIMINF 329 (33 turns, 345.2s)

==== Results after 18 seed(s) (108 games) ====
  SIMINF  vs NOINF  :  18 -  18 (0 ties) in  36 games | SIMINF spread +5 (+0.1/g)
  NOINF   overall:  18 wins /  36 games (50.0%)
  STATINF overall:   0 wins /   0 games (0.0%)
  SIMINF  overall:  18 wins /  36 games (50.0%)

  Game  37 (seed= 19, SIMINF vs NOINF):
    Turn  1 (SIMINF  p0): 8G PURELY 30  [15.0s, 1087182 iters]
    Turn  2 (NOINF   p1): L7 Z(Y)MITE 40  [15.0s, 1006160 iters]
    Turn  3 (SIMINF  p0): 13F FEAGUES 85  [15.0s, 767174 iters, siminf=1.22s 194 racks]
    Turn  4 (NOINF   p1): 12A CURATOR 81  [15.0s, 750555 iters]
    Turn  5 (SIMINF  p0): 6I IOTA 28  [15.0s, 719230 iters, siminf=0.06s 1 racks]
    Turn  6 (NOINF   p1): K10 DEW(E)D 32  [15.0s, 719179 iters]
    Turn  7 (SIMINF  p0): K3 EXI(T) 22  [15.0s, 250436 iters, siminf=10.05s 1309 racks]
    Turn  8 (NOINF   p1): L2 GHI 37  [15.0s, 707497 iters]
    Turn  9 (SIMINF  p0): 14F FIE 36  [15.1s, 228894 iters, siminf=10.05s 1294 racks]
    Turn 10 (NOINF   p1): A8 DIaR(C)HAL 167  [15.0s, 589074 iters]
    Turn 11 (SIMINF  p0): M9 YEA 28  [15.0s, 638046 iters, siminf=0.06s 1 racks]
    Turn 12 (NOINF   p1): 11D MET 28  [15.0s, 598132 iters]
    Turn 13 (SIMINF  p0): B6 JOE 29  [15.0s, 190572 iters, siminf=10.02s 1099 racks]
    Turn 14 (NOINF   p1): 5C NONWARS 72  [15.0s, 501824 iters]
    Turn 15 (SIMINF  p0): C1 PALI(N)ODE 94  [15.0s, 399981 iters, siminf=0.06s 1 racks]
    Turn 16 (NOINF   p1): 2B N(A)BOB 30  [15.0s, 389633 iters]
    Turn 17 (SIMINF  p0): 4A Qu(I)N 48  [15.0s, 221302 iters, siminf=10.03s 1345 racks]
    Turn 18 (NOINF   p1): 3E KING 20  [15.0s, 852271 iters]
    Turn 19 (SIMINF  p0): 1A TO(P)O 28  [15.0s, 1045986 iters]
    Turn 20 (NOINF   p1): 9E CLAT 14  [0.0s, 15 iters]
    Turn 21 (SIMINF  p0): M1 AIS 21  [0.0s, 15 iters]
    Turn 22 (NOINF   p1): G5 (A)N 2  [0.0s, 15 iters]
    Turn 23 (SIMINF  p0): 15D RES 15  [0.0s, 15 iters]
    Turn 24 (NOINF   p1): pass  [0.0s, 3 iters]
    Turn 25 (SIMINF  p0): pass  [0.0s, 8 iters]
    Turn 26 (NOINF   p1): pass  [0.0s, 3 iters]
    Turn 27 (SIMINF  p0): pass  [0.0s, 8 iters]
    Turn 28 (NOINF   p1): pass  [0.0s, 3 iters]
    Turn 29 (SIMINF  p0): pass  [0.0s, 8 iters]
    Final: SIMINF 463 - NOINF 515 (29 turns, 285.2s)
  Game  38 (seed= 19, NOINF vs SIMINF):
    Turn  1 (NOINF   p0): 8G PURELY 30  [15.0s, 1078677 iters]
    Turn  2 (SIMINF  p1): L7 Z(Y)MITE 40  [15.0s, 1000183 iters, siminf=0.11s 10 racks]
    Turn  3 (NOINF   p0): 13F FEAGUES 85  [15.0s, 856775 iters]
    Turn  4 (SIMINF  p1): 12A CURATOR 81  [15.0s, 764111 iters, siminf=0.06s 1 racks]
    Turn  5 (NOINF   p0): 6I IOTA 28  [15.0s, 733366 iters]
    Turn  6 (SIMINF  p1): K10 DEW(E)D 32  [15.0s, 240692 iters, siminf=10.04s 1416 racks]
    Turn  7 (NOINF   p0): K3 EXI(T) 22  [15.0s, 765079 iters]
    Turn  8 (SIMINF  p1): B10 HA(U)LD 34  [15.0s, 236606 iters, siminf=10.03s 704 racks]
    Turn  9 (NOINF   p0): C9 FEI(R)IE 40  [15.0s, 688017 iters]
    Turn 10 (SIMINF  p1): A4 HIRINGs 97  [15.0s, 589958 iters, siminf=1.24s 118 racks]
    Turn 11 (NOINF   p0): H12 Y(A)LE 50  [15.0s, 628917 iters]
    Turn 12 (SIMINF  p1): B1 WORM 25  [15.0s, 199469 iters, siminf=10.02s 1399 racks]
    Turn 13 (NOINF   p0): 5E POOJA 30  [15.0s, 622808 iters]
    Turn 14 (SIMINF  p1): M10 VAN 22  [15.0s, 578441 iters, siminf=1.08s 134 racks]
    Turn 15 (NOINF   p0): L1 QADi 65  [15.0s, 838114 iters]
    Turn 16 (SIMINF  p1): 6D BOB 27  [15.0s, 322935 iters, siminf=10.00s 2286 racks]
    Turn 17 (NOINF   p0): N5 EARNEST 75  [15.0s, 1104292 iters]
    Turn 18 (SIMINF  p1): 7A (I)NK 12  [15.0s, 1525130 iters]
    Turn 19 (NOINF   p0): A1 ON 23  [15.0s, 1975689 iters]
    Turn 20 (SIMINF  p1): 9F VEG 16  [15.0s, 3386304 iters]
    Turn 21 (NOINF   p0): O11 SOUCT 29  [0.0s, 15 iters]
    Turn 22 (SIMINF  p1): G2 LIN(O)S 14  [0.0s, 15 iters]
    Turn 23 (NOINF   p0): 8N (N)A 6  [0.0s, 15 iters]
    Turn 24 (SIMINF  p1): 3G (I)T 2  [0.0s, 15 iters]
    Final: NOINF 483 - SIMINF 404 (24 turns, 300.1s)

==== Results after 19 seed(s) (114 games) ====
  SIMINF  vs NOINF  :  18 -  20 (0 ties) in  38 games | SIMINF spread -126 (-3.3/g)
  NOINF   overall:  20 wins /  38 games (52.6%)
  STATINF overall:   0 wins /   0 games (0.0%)
  SIMINF  overall:  18 wins /  38 games (47.4%)

  Game  39 (seed= 20, SIMINF vs NOINF):
    Turn  1 (SIMINF  p0): 8D QUOTA 48  [15.0s, 1114397 iters]
    Turn  2 (NOINF   p1): 8A NON(QUOTA) 51  [15.0s, 1177930 iters]
    Turn  3 (SIMINF  p0): 7E MM 14  [15.0s, 350194 iters, siminf=10.02s 6499 racks]
    Turn  4 (NOINF   p1): 9E TOETOE 23  [15.0s, 1012944 iters]
    Turn  5 (SIMINF  p0): J8 R(E)VERING 72  [15.0s, 863883 iters, siminf=0.12s 15 racks]
    Turn  6 (NOINF   p1): C2 EPIFAu(N)A 76  [15.0s, 831242 iters]
    Turn  7 (SIMINF  p0): 12C pACIFIE(R) 76  [15.0s, 784073 iters, siminf=0.06s 1 racks]
    Turn  8 (NOINF   p1): 15H SI(G)NALED 149  [15.0s, 740656 iters]
    Turn  9 (SIMINF  p0): 2B V(E)INY 38  [15.0s, 747983 iters, siminf=0.05s 1 racks]
    Turn 10 (NOINF   p1): 8J (R)AYLED 42  [15.0s, 677925 iters]
    Turn 11 (SIMINF  p0): 1D TABORET 92  [15.0s, 557248 iters, siminf=0.78s 41 racks]
    Turn 12 (NOINF   p1): B10 WOO 27  [15.0s, 575247 iters]
    Turn 13 (SIMINF  p0): 4B S(I)LURIDS 72  [15.0s, 185745 iters, siminf=10.01s 997 racks]
    Turn 14 (NOINF   p1): 10F PA 27  [15.0s, 571426 iters]
    Turn 15 (SIMINF  p0): B4 (S)EZ 68  [15.1s, 189462 iters, siminf=10.07s 737 racks]
    Turn 16 (NOINF   p1): N2 BEACHI(E)R 96  [15.0s, 587291 iters]
    Turn 17 (SIMINF  p0): O1 WING 41  [15.0s, 777615 iters]
    Turn 18 (NOINF   p1): 3G LEU 14  [15.0s, 1333450 iters]
    Turn 19 (SIMINF  p0): K5 KOH(A)S 31  [0.0s, 15 iters]
    Turn 20 (NOINF   p1): D10 JE(A)T 11  [0.0s, 15 iters]
    Turn 21 (SIMINF  p0): 6J D(O)R 8  [0.0s, 15 iters]
    Turn 22 (NOINF   p1): H7 G(AT) 4  [0.0s, 15 iters]
    Turn 23 (SIMINF  p0): pass  [0.0s, 5 iters]
    Turn 24 (NOINF   p1): pass  [0.0s, 7 iters]
    Turn 25 (SIMINF  p0): pass  [0.0s, 5 iters]
    Turn 26 (NOINF   p1): pass  [0.0s, 7 iters]
    Turn 27 (SIMINF  p0): pass  [0.0s, 5 iters]
    Turn 28 (NOINF   p1): pass  [0.0s, 7 iters]
    Final: SIMINF 552 - NOINF 519 (28 turns, 270.1s)
  Game  40 (seed= 20, NOINF vs SIMINF):
    Turn  1 (NOINF   p0): 8D QUOTA 48  [15.0s, 1136717 iters]
    Turn  2 (SIMINF  p1): 8A NON(QUOTA) 51  [15.0s, 1145247 iters, siminf=0.63s 298 racks]
    Turn  3 (NOINF   p0): 9E MM 14  [15.0s, 1086087 iters]
    Turn  4 (SIMINF  p1): 7E FOE 23  [15.0s, 337518 iters, siminf=10.01s 1354 racks]
    Turn  5 (NOINF   p0): H8 (A)VERRING 89  [15.0s, 1026871 iters]
    Turn  6 (SIMINF  p1): 11E OpE(R)ETTA 78  [15.0s, 802021 iters, siminf=0.06s 1 racks]
    Turn  7 (NOINF   p0): 12A pACIFIE(R) 82  [15.0s, 770093 iters]
    Turn  8 (SIMINF  p1): 6G SALPIAN 68  [15.0s, 710075 iters, siminf=0.06s 1 racks]
    Turn  9 (NOINF   p0): 12L BEVY 40  [15.0s, 691407 iters]
    Turn 10 (SIMINF  p1): L2 DAED(A)LIC 76  [15.0s, 218944 iters, siminf=10.02s 2096 racks]
    Turn 11 (NOINF   p0): 15A TROATIN(G) 80  [15.0s, 603590 iters]
    Turn 12 (SIMINF  p1): N10 WA(V)EY 44  [15.0s, 591865 iters, siminf=0.06s 1 racks]
    Turn 13 (NOINF   p0): N2 RUDIS 28  [15.0s, 582072 iters]
    Turn 14 (SIMINF  p1): O7 PHOOE(Y) 49  [15.0s, 539429 iters, siminf=0.24s 19 racks]
    Turn 15 (NOINF   p0): 13F SW(I)Z 42  [15.0s, 529636 iters]
    Turn 16 (SIMINF  p1): O14 UG 14  [15.0s, 209860 iters, siminf=10.00s 1414 racks]
    Turn 17 (NOINF   p0): 5J OL(D) 16  [15.0s, 684786 iters]
    Turn 18 (SIMINF  p1): 4H JIB 27  [15.0s, 867150 iters]
    Turn 19 (NOINF   p0): C3 KERNI(N)GS 82  [15.0s, 1658990 iters]
    Turn 20 (SIMINF  p1): D2 LARE 20  [0.0s, 15 iters]
    Turn 21 (NOINF   p0): I3 H(I) 9  [0.0s, 15 iters]
    Turn 22 (SIMINF  p1): O1 TE 8  [0.0s, 15 iters]
    Turn 23 (NOINF   p0): C14 D(O) 3  [0.0s, 15 iters]
    Turn 24 (SIMINF  p1): pass  [0.0s, 14 iters]
    Turn 25 (NOINF   p0): pass  [0.0s, 4 iters]
    Turn 26 (SIMINF  p1): pass  [0.0s, 14 iters]
    Turn 27 (NOINF   p0): pass  [0.0s, 4 iters]
    Turn 28 (SIMINF  p1): pass  [0.0s, 14 iters]
    Turn 29 (NOINF   p0): pass  [0.0s, 4 iters]
    Final: NOINF 525 - SIMINF 457 (29 turns, 285.0s)

==== Results after 20 seed(s) (120 games) ====
  SIMINF  vs NOINF  :  19 -  21 (0 ties) in  40 games | SIMINF spread -161 (-4.0/g)
  NOINF   overall:  21 wins /  40 games (52.5%)
  STATINF overall:   0 wins /   0 games (0.0%)
  SIMINF  overall:  19 wins /  40 games (47.5%)

  Game  41 (seed= 21, SIMINF vs NOINF):
    Turn  1 (SIMINF  p0): 8H AXIOM 34  [15.0s, 1226047 iters]
    Turn  2 (NOINF   p1): 9I UNYOKE 40  [15.0s, 1248292 iters]
    Turn  3 (SIMINF  p0): 10L TAHR 39  [15.0s, 1086063 iters, siminf=0.12s 12 racks]
    Turn  4 (NOINF   p1): 11G CLADIST 83  [15.0s, 934563 iters]
    Turn  5 (SIMINF  p0): O10 (R)EQuIT 72  [15.0s, 876819 iters, siminf=0.06s 1 racks]
    Turn  6 (NOINF   p1): J6 FO(IN) 15  [15.0s, 1007837 iters]
    Turn  7 (SIMINF  p0): 7B WOOmERA 63  [15.0s, 295987 iters, siminf=10.01s 1648 racks]
    Turn  8 (NOINF   p1): 15H FLOREAN(T) 86  [15.0s, 929714 iters]
    Turn  9 (SIMINF  p0): F2 MUTAG(E)NS 71  [15.0s, 804556 iters, siminf=0.06s 1 racks]
    Turn 10 (NOINF   p1): 14G VIEW 38  [15.0s, 765991 iters]
    Turn 11 (SIMINF  p0): 8A VOIP 50  [15.0s, 238226 iters, siminf=10.01s 2564 racks]
    Turn 12 (NOINF   p1): E3 GED 21  [15.0s, 741327 iters]
    Turn 13 (SIMINF  p0): 12D BAGH 27  [15.0s, 235331 iters, siminf=10.04s 1402 racks]
    Turn 14 (NOINF   p1): B7 (WO)NTEDLY 34  [15.0s, 722710 iters]
    Turn 15 (SIMINF  p0): K2 BRIZE 37  [15.0s, 645657 iters, siminf=0.06s 12 racks]
    Turn 16 (NOINF   p1): 6J (FE)IRIE 11  [15.0s, 694721 iters]
    Turn 17 (SIMINF  p0): 3H ADO(R)NERS 72  [15.0s, 1004937 iters]
    Turn 18 (NOINF   p1): N1 JU(R)A 22  [0.0s, 15 iters]
    Turn 19 (SIMINF  p0): E11 C(A)UP 16  [0.0s, 15 iters]
    Turn 20 (NOINF   p1): 10B (T)INS 13  [0.0s, 15 iters]
    Turn 21 (SIMINF  p0): A11 TE 9  [0.0s, 15 iters]
    Turn 22 (NOINF   p1): pass  [0.0s, 10 iters]
    Turn 23 (SIMINF  p0): J11 (D)E 3  [0.0s, 15 iters]
    Final: SIMINF 495 - NOINF 363 (23 turns, 255.1s)
  Game  42 (seed= 21, NOINF vs SIMINF):
    Turn  1 (NOINF   p0): 8H AXIOM 34  [15.0s, 1230245 iters]
    Turn  2 (SIMINF  p1): 9I UNYOKE 40  [15.0s, 1185664 iters, siminf=0.71s 129 racks]
    Turn  3 (NOINF   p0): 10L TAHR 39  [15.0s, 1067559 iters]
    Turn  4 (SIMINF  p1): 11G CLADIST 83  [15.0s, 304084 iters, siminf=10.04s 3059 racks]
    Turn  5 (NOINF   p0): O10 (R)EQuIT 72  [15.0s, 873304 iters]
    Turn  6 (SIMINF  p1): J6 FO(IN) 15  [15.0s, 965534 iters, siminf=0.60s 242 racks]
    Turn  7 (NOINF   p0): 7B WOOmERA 63  [15.0s, 886100 iters]
    Turn  8 (SIMINF  p1): 15H FLOREAN(T) 86  [15.0s, 927540 iters, siminf=0.06s 1 racks]
    Turn  9 (NOINF   p0): F2 MUTAG(E)NS 71  [15.0s, 837668 iters]
    Turn 10 (SIMINF  p1): 14G VIEW 38  [15.0s, 773104 iters, siminf=0.06s 1 racks]
    Turn 11 (NOINF   p0): 8A VOIP 50  [15.0s, 718213 iters]
    Turn 12 (SIMINF  p1): E3 GED 21  [15.0s, 246246 iters, siminf=10.01s 4562 racks]
    Turn 13 (NOINF   p0): 12D BAGH 27  [15.0s, 694179 iters]
    Turn 14 (SIMINF  p1): B7 (WO)NTEDLY 34  [15.1s, 239365 iters, siminf=10.05s 1284 racks]
    Turn 15 (NOINF   p0): K2 BRIZE 37  [15.0s, 665266 iters]
    Turn 16 (SIMINF  p1): 6J (FE)IRIE 11  [15.0s, 733827 iters, siminf=0.23s 53 racks]
    Turn 17 (NOINF   p0): 3H ADO(R)NERS 72  [15.0s, 1010128 iters]
    Turn 18 (SIMINF  p1): N1 JU(R)A 22  [0.0s, 15 iters]
    Turn 19 (NOINF   p0): E11 C(A)UP 16  [0.0s, 15 iters]
    Turn 20 (SIMINF  p1): 10B (T)INS 13  [0.0s, 15 iters]
    Turn 21 (NOINF   p0): A11 TE 9  [0.0s, 15 iters]
    Turn 22 (SIMINF  p1): pass  [0.0s, 10 iters]
    Turn 23 (NOINF   p0): J11 (D)E 3  [0.0s, 15 iters]
    Final: NOINF 495 - SIMINF 363 (23 turns, 255.1s)

==== Results after 21 seed(s) (126 games) ====
  SIMINF  vs NOINF  :  20 -  22 (0 ties) in  42 games | SIMINF spread -161 (-3.8/g)
  NOINF   overall:  22 wins /  42 games (52.4%)
  STATINF overall:   0 wins /   0 games (0.0%)
  SIMINF  overall:  20 wins /  42 games (47.6%)

  Game  43 (seed= 22, SIMINF vs NOINF):
    Turn  1 (SIMINF  p0): 8D PHONO 26  [15.0s, 1182813 iters]
    Turn  2 (NOINF   p1): 9C QI 25  [15.0s, 991676 iters]
    Turn  3 (SIMINF  p0): C9 (Q)UAFF 40  [15.0s, 352162 iters, siminf=10.03s 3325 racks]
    Turn  4 (NOINF   p1): D8 (PI)GMY 49  [15.0s, 955137 iters]
    Turn  5 (SIMINF  p0): F7 B(O)OZE 36  [15.0s, 357324 iters, siminf=10.01s 5402 racks]
    Turn  6 (NOINF   p1): I3 WAVIEsT 78  [15.0s, 988590 iters]
    Turn  7 (SIMINF  p0): H1 AWED 40  [15.0s, 975421 iters, siminf=0.06s 1 racks]
    Turn  8 (NOINF   p1): G7 A(N)YON 40  [15.0s, 1036723 iters]
    Turn  9 (SIMINF  p0): 1F BR(A)NT 7  [15.0s, 330342 iters, siminf=10.03s 2675 racks]
    Turn 10 (NOINF   p1): 2B AGILE 22  [15.0s, 934962 iters]
    Turn 11 (SIMINF  p0): D1 J(I)NS 38  [15.0s, 913778 iters, siminf=0.30s 19 racks]
    Turn 12 (NOINF   p1): A1 EVICT 49  [15.0s, 846856 iters]
    Turn 13 (SIMINF  p0): 14C STEARIC 82  [15.0s, 766990 iters, siminf=0.35s 135 racks]
    Turn 14 (NOINF   p1): H12 KE(I)R 39  [15.0s, 779799 iters]
    Turn 15 (SIMINF  p0): 12C (FY)RD 29  [15.0s, 255673 iters, siminf=10.01s 1835 racks]
    Turn 16 (NOINF   p1): G3 LOU 15  [15.0s, 814399 iters]
    Turn 17 (SIMINF  p0): 3C U(N)I 14  [15.0s, 289704 iters, siminf=10.03s 1577 racks]
    Turn 18 (NOINF   p1): 10F (ZO)L 12  [15.0s, 907051 iters]
    Turn 19 (SIMINF  p0): K1 SANTIMI 76  [15.0s, 303070 iters, siminf=10.03s 1010 racks]
    Turn 20 (NOINF   p1): L7 DEHORNS 77  [15.0s, 926706 iters]
    Turn 21 (SIMINF  p0): M9 OPE 18  [15.0s, 1120341 iters]
    Turn 22 (NOINF   p1): N7 GOX 24  [15.0s, 4952727 iters]
    Turn 23 (SIMINF  p0): 2J E(A)TAgE 18  [0.0s, 15 iters]
    Turn 24 (NOINF   p1): 3K (N)ADIR 23  [0.0s, 15 iters]
    Turn 25 (SIMINF  p0): 12K U(N) 2  [0.0s, 15 iters]
    Turn 26 (NOINF   p1): E14 (E)E 2  [0.0s, 15 iters]
    Final: SIMINF 426 - NOINF 457 (26 turns, 330.2s)
  Game  44 (seed= 22, NOINF vs SIMINF):
    Turn  1 (NOINF   p0): 8D PHONO 26  [15.0s, 1191505 iters]
    Turn  2 (SIMINF  p1): 9C QI 25  [15.0s, 924165 iters, siminf=0.97s 141 racks]
    Turn  3 (NOINF   p0): C9 (Q)UAFF 40  [15.0s, 1096268 iters]
    Turn  4 (SIMINF  p1): D8 (PI)GMY 49  [15.0s, 306922 iters, siminf=10.00s 4649 racks]
    Turn  5 (NOINF   p0): F7 B(O)OZE 36  [15.0s, 1110376 iters]
    Turn  6 (SIMINF  p1): I3 WAVIEsT 78  [15.1s, 341982 iters, siminf=10.05s 2085 racks]
    Turn  7 (NOINF   p0): H1 AWED 40  [15.0s, 1023547 iters]
    Turn  8 (SIMINF  p1): G7 A(N)YON 40  [15.1s, 359328 iters, siminf=10.06s 2435 racks]
    Turn  9 (NOINF   p0): 1F BR(A)NT 7  [15.0s, 1011088 iters]
    Turn 10 (SIMINF  p1): 2B AGILE 22  [15.0s, 325883 iters, siminf=10.02s 1785 racks]
    Turn 11 (NOINF   p0): D1 J(I)NS 38  [15.0s, 976207 iters]
    Turn 12 (SIMINF  p1): A1 EVICT 49  [15.0s, 288897 iters, siminf=10.03s 1900 racks]
    Turn 13 (NOINF   p0): 12G STEARIC 79  [15.0s, 798667 iters]
    Turn 14 (SIMINF  p1): K6 KRULLE(R) 22  [15.0s, 776838 iters, siminf=0.06s 1 racks]
    Turn 15 (NOINF   p0): M8 INDI(C)T 20  [15.0s, 724334 iters]
    Turn 16 (SIMINF  p1): N2 HONORED 79  [15.0s, 719645 iters, siminf=0.29s 30 racks]
    Turn 17 (NOINF   p0): 14G UREMIAS 75  [15.0s, 923942 iters]
    Turn 18 (SIMINF  p1): O1 GOX 47  [15.0s, 2132389 iters]
    Turn 19 (NOINF   p0): M3 PUL 38  [15.0s, 5384033 iters]
    Turn 20 (SIMINF  p1): O7 DERAIlS 86  [0.0s, 15 iters]
    Final: NOINF 399 - SIMINF 507 (20 turns, 285.2s)

==== Results after 22 seed(s) (132 games) ====
  SIMINF  vs NOINF  :  21 -  23 (0 ties) in  44 games | SIMINF spread -84 (-1.9/g)
  NOINF   overall:  23 wins /  44 games (52.3%)
  STATINF overall:   0 wins /   0 games (0.0%)
  SIMINF  overall:  21 wins /  44 games (47.7%)

  Game  45 (seed= 23, SIMINF vs NOINF):
    Turn  1 (SIMINF  p0): 8H BICEP 28  [15.0s, 1256723 iters]
    Turn  2 (NOINF   p1): 9G QIN 30  [15.0s, 1263910 iters]
    Turn  3 (SIMINF  p0): L8 (P)LOTZ 32  [15.0s, 398454 iters, siminf=10.03s 3466 racks]
    Turn  4 (NOINF   p1): 7H OY 24  [15.0s, 1152879 iters]
    Turn  5 (SIMINF  p0): M9 AFEAR 39  [15.0s, 381983 iters, siminf=10.02s 2166 racks]
    Turn  6 (NOINF   p1): 6F AULA 19  [15.0s, 1086241 iters]
    Turn  7 (SIMINF  p0): N10 FAS 46  [15.1s, 368080 iters, siminf=10.06s 2370 racks]
    Turn  8 (NOINF   p1): O8 ONST 26  [15.0s, 1183917 iters]
    Turn  9 (SIMINF  p0): 5I LIATrIS 70  [15.1s, 342579 iters, siminf=10.05s 1829 racks]
    Turn 10 (NOINF   p1): O1 VOLK(S) 51  [15.0s, 851866 iters]
    Turn 11 (SIMINF  p0): 5E WEX 37  [15.0s, 330102 iters, siminf=10.01s 5269 racks]
    Turn 12 (NOINF   p1): 14I jOINDER 78  [15.0s, 1039967 iters]
    Turn 13 (SIMINF  p0): 15G EUOI 15  [15.0s, 998520 iters, siminf=0.06s 1 racks]
    Turn 14 (NOINF   p1): 4B BEGET 24  [15.0s, 1000324 iters]
    Turn 15 (SIMINF  p0): 3H TOROIDA(L) 70  [15.0s, 966703 iters, siminf=0.62s 97 racks]
    Turn 16 (NOINF   p1): B2 CE(B)ID 28  [15.0s, 948948 iters]
    Turn 17 (SIMINF  p0): 2N J(O) 36  [15.1s, 335063 iters, siminf=10.05s 1769 racks]
    Turn 18 (NOINF   p1): 3A V(E)NUE 29  [15.0s, 1087716 iters]
    Turn 19 (SIMINF  p0): (exch GMMNRRW)  [15.0s, 385396 iters, siminf=10.04s 4816 racks]
    Turn 20 (NOINF   p1): A5 HEDGY 47  [15.0s, 1299308 iters]
    Turn 21 (SIMINF  p0): H1 PH(T) 24  [15.0s, 1844333 iters]
    Turn 22 (NOINF   p1): D2 R(UG) 4  [15.0s, 1896798 iters]
    Turn 23 (SIMINF  p0): L14 (N)U 3  [15.0s, 3405085 iters]
    Turn 24 (NOINF   p1): 14B WANTER 24  [15.0s, 6281471 iters]
    Turn 25 (SIMINF  p0): D9 SEANI(N)G 20  [0.0s, 15 iters]
    Turn 26 (NOINF   p1): K2 M(O) 4  [0.0s, 15 iters]
    Turn 27 (SIMINF  p0): pass  [0.0s, 10 iters]
    Turn 28 (NOINF   p1): N14 (E)M 4  [0.0s, 15 iters]
    Final: SIMINF 420 - NOINF 394 (28 turns, 360.3s)
  Game  46 (seed= 23, NOINF vs SIMINF):
    Turn  1 (NOINF   p0): 8H BICEP 28  [15.0s, 1205073 iters]
    Turn  2 (SIMINF  p1): 9G QIN 30  [15.0s, 1205429 iters, siminf=1.11s 247 racks]
    Turn  3 (NOINF   p0): K4 FROZ(E) 34  [15.0s, 1223307 iters]
    Turn  4 (SIMINF  p1): K4 (FROZE)NLY 46  [15.0s, 384463 iters, siminf=10.02s 2049 racks]
    Turn  5 (NOINF   p0): L2 FAA 22  [15.0s, 1198278 iters]
    Turn  6 (SIMINF  p1): L6 NA(P)OO 24  [15.0s, 402135 iters, siminf=10.03s 1958 racks]
    Turn  7 (NOINF   p0): M1 pALATES 95  [15.0s, 1301663 iters]
    Turn  8 (SIMINF  p1): J11 KUTA 19  [15.0s, 1243197 iters, siminf=0.06s 1 racks]
    Turn  9 (NOINF   p0): 10F XI 36  [15.0s, 1226057 iters]
    Turn 10 (SIMINF  p1): 7G VOL 20  [15.0s, 411578 iters, siminf=10.04s 2415 racks]
    Turn 11 (NOINF   p0): N1 EWT 34  [15.0s, 1202650 iters]
    Turn 12 (SIMINF  p1): O2 SODdIER 91  [15.0s, 444742 iters, siminf=10.05s 2818 racks]
    Turn 13 (NOINF   p0): 11B UTILISE 85  [15.0s, 1220221 iters]
    Turn 14 (SIMINF  p1): B10 B(U)DGE 30  [15.0s, 1198518 iters, siminf=0.06s 1 racks]
    Turn 15 (NOINF   p0): 15A AROID 31  [15.0s, 1153702 iters]
    Turn 16 (SIMINF  p1): C9 TE(T)E 12  [15.0s, 1060691 iters, siminf=0.30s 47 racks]
    Turn 17 (NOINF   p0): H11 (E)MONG 33  [15.0s, 1007866 iters]
    Turn 18 (SIMINF  p1): N8 EUGENIC 80  [15.1s, 329872 iters, siminf=10.06s 1938 racks]
    Turn 19 (NOINF   p0): 13L PR(I)M 16  [15.0s, 1118999 iters]
    Turn 20 (SIMINF  p1): D10 T(I)VY 39  [15.0s, 1284519 iters]
    Turn 21 (NOINF   p0): 13G W(O)R(T) 12  [15.0s, 2522274 iters]
    Turn 22 (SIMINF  p1): L12 E(P)HA 20  [0.0s, 15 iters]
    Turn 23 (NOINF   p0): 15K J(A)I 10  [0.0s, 15 iters]
    Turn 24 (SIMINF  p1): O11 RE(M) 11  [0.0s, 15 iters]
    Turn 25 (NOINF   p0): 14A H(E)S 13  [0.0s, 15 iters]
    Turn 26 (SIMINF  p1): pass  [0.0s, 15 iters]
    Turn 27 (NOINF   p0): 13D (Y)U 5  [0.0s, 15 iters]
    Turn 28 (SIMINF  p1): pass  [0.0s, 10 iters]
    Turn 29 (NOINF   p0): pass  [0.0s, 15 iters]
    Turn 30 (SIMINF  p1): pass  [0.0s, 10 iters]
    Turn 31 (NOINF   p0): pass  [0.0s, 15 iters]
    Turn 32 (SIMINF  p1): pass  [0.0s, 10 iters]
    Turn 33 (NOINF   p0): pass  [0.0s, 15 iters]
    Final: NOINF 452 - SIMINF 419 (33 turns, 315.2s)

==== Results after 23 seed(s) (138 games) ====
  SIMINF  vs NOINF  :  22 -  24 (0 ties) in  46 games | SIMINF spread -91 (-2.0/g)
  NOINF   overall:  24 wins /  46 games (52.2%)
  STATINF overall:   0 wins /   0 games (0.0%)
  SIMINF  overall:  22 wins /  46 games (47.8%)

  Game  47 (seed= 24, SIMINF vs NOINF):
    Turn  1 (SIMINF  p0): 8B INVADeR 78  [15.0s, 1137184 iters]
    Turn  2 (NOINF   p1): F8 (D)UKA 19  [15.0s, 1092505 iters]
    Turn  3 (SIMINF  p0): 7B QI 26  [15.0s, 341130 iters, siminf=10.00s 2169 racks]
    Turn  4 (NOINF   p1): 12F STYLETS 88  [15.0s, 923008 iters]
    Turn  5 (SIMINF  p0): E10 OH 26  [15.0s, 914241 iters, siminf=0.06s 1 racks]
    Turn  6 (NOINF   p1): K5 DERELIC(T) 94  [15.0s, 869133 iters]
    Turn  7 (SIMINF  p0): 8J L(E)GONG 30  [15.0s, 785590 iters, siminf=0.06s 1 racks]
    Turn  8 (NOINF   p1): H12 (Y)EAN 21  [15.0s, 776040 iters]
    Turn  9 (SIMINF  p0): J6 TA(L)EA 21  [15.1s, 256457 iters, siminf=10.06s 949 racks]
    Turn 10 (NOINF   p1): 14G S(A)NIFIED 78  [15.0s, 676721 iters]
    Turn 11 (SIMINF  p0): 13L URAO 18  [15.0s, 713300 iters, siminf=0.06s 1 racks]
    Turn 12 (NOINF   p1): 15M MOZ 51  [15.0s, 661329 iters]
    Turn 13 (SIMINF  p0): (exch AAEIO)  [15.1s, 227214 iters, siminf=10.05s 1636 racks]
    Turn 14 (NOINF   p1): O1 OMITTIn(G) 83  [15.0s, 662647 iters]
    Turn 15 (SIMINF  p0): N1 JOBE 49  [15.0s, 732028 iters, siminf=0.06s 1 racks]
    Turn 16 (NOINF   p1): L4 WEX 39  [15.0s, 804082 iters]
    Turn 17 (SIMINF  p0): G7 V(e)NA 21  [15.1s, 280551 iters, siminf=10.05s 1701 racks]
    Turn 18 (NOINF   p1): D11 CURER 24  [15.0s, 945358 iters]
    Turn 19 (SIMINF  p0): N6 HU(N) 28  [15.0s, 981914 iters, siminf=0.34s 66 racks]
    Turn 20 (NOINF   p1): 15A ABO(R)T 21  [15.0s, 1112956 iters]
    Turn 21 (SIMINF  p0): 13B PA(R)P 16  [15.0s, 1522483 iters]
    Turn 22 (NOINF   p1): M3 OE 21  [15.0s, 3132831 iters]
    Turn 23 (SIMINF  p0): M7 N(O)WED 17  [0.0s, 15 iters]
    Turn 24 (NOINF   p1): 6C FY 14  [0.0s, 15 iters]
    Turn 25 (SIMINF  p0): pass  [0.0s, 11 iters]
    Turn 26 (NOINF   p1): 10I R(AI)L(E)S 8  [0.0s, 15 iters]
    Turn 27 (SIMINF  p0): pass  [0.0s, 10 iters]
    Turn 28 (NOINF   p1): pass  [0.0s, 10 iters]
    Turn 29 (SIMINF  p0): pass  [0.0s, 10 iters]
    Turn 30 (NOINF   p1): pass  [0.0s, 10 iters]
    Turn 31 (SIMINF  p0): pass  [0.0s, 10 iters]
    Turn 32 (NOINF   p1): pass  [0.0s, 10 iters]
    Final: SIMINF 326 - NOINF 560 (32 turns, 330.2s)
  Game  48 (seed= 24, NOINF vs SIMINF):
    Turn  1 (NOINF   p0): 8B INVADeR 78  [15.0s, 1108718 iters]
    Turn  2 (SIMINF  p1): F8 (D)UKA 19  [15.0s, 1049330 iters, siminf=0.06s 1 racks]
    Turn  3 (NOINF   p0): 7B QI 26  [15.0s, 1031860 iters]
    Turn  4 (SIMINF  p1): 12F STYLETS 88  [15.0s, 294353 iters, siminf=10.05s 2937 racks]
    Turn  5 (NOINF   p0): E10 OH 26  [15.0s, 933168 iters]
    Turn  6 (SIMINF  p1): K5 DERELIC(T) 94  [15.1s, 295008 iters, siminf=10.06s 1504 racks]
    Turn  7 (NOINF   p0): 8J L(E)GONG 30  [15.0s, 792963 iters]
    Turn  8 (SIMINF  p1): H12 (Y)EAN 21  [15.0s, 745852 iters, siminf=1.25s 150 racks]
    Turn  9 (NOINF   p0): J6 TA(L)EA 21  [15.0s, 734993 iters]
    Turn 10 (SIMINF  p1): 14G S(A)NIFIED 78  [15.1s, 226319 iters, siminf=10.06s 1497 racks]
    Turn 11 (NOINF   p0): 13L URAO 18  [15.0s, 704191 iters]
    Turn 12 (SIMINF  p1): 15M MOZ 51  [15.1s, 216057 iters, siminf=10.06s 1425 racks]
    Turn 13 (NOINF   p0): (exch AAEIO)  [15.0s, 665403 iters]
    Turn 14 (SIMINF  p1): O1 OMITTIn(G) 83  [15.0s, 227273 iters, siminf=10.03s 938 racks]
    Turn 15 (NOINF   p0): N1 JOBE 49  [15.0s, 785118 iters]
    Turn 16 (SIMINF  p1): 9M XU 36  [15.0s, 281094 iters, siminf=10.03s 1823 racks]
    Turn 17 (NOINF   p0): L3 UVA 15  [15.0s, 862589 iters]
    Turn 18 (SIMINF  p1): D11 COWER 30  [15.0s, 277394 iters, siminf=10.01s 1524 racks]
    Turn 19 (NOINF   p0): G7 P(e)H 23  [15.0s, 980813 iters]
    Turn 20 (SIMINF  p1): C1 REOBTA(IN)S 74  [15.0s, 456929 iters, siminf=10.02s 1490 racks]
    Turn 21 (NOINF   p0): D3 PIAN 28  [15.0s, 2544243 iters]
    Turn 22 (SIMINF  p1): 1C (R)EFILE 30  [0.0s, 15 iters]
    Turn 23 (NOINF   p0): 14A NEW(E)D 18  [0.0s, 15 iters]
    Turn 24 (SIMINF  p1): 2M Y(OM) 8  [0.0s, 15 iters]
    Turn 25 (NOINF   p0): pass  [0.0s, 12 iters]
    Turn 26 (SIMINF  p1): pass  [0.0s, 9 iters]
    Turn 27 (NOINF   p0): pass  [0.0s, 12 iters]
    Turn 28 (SIMINF  p1): pass  [0.0s, 9 iters]
    Turn 29 (NOINF   p0): pass  [0.0s, 12 iters]
    Turn 30 (SIMINF  p1): pass  [0.0s, 9 iters]
    Final: NOINF 330 - SIMINF 611 (30 turns, 315.3s)

==== Results after 24 seed(s) (144 games) ====
  SIMINF  vs NOINF  :  23 -  25 (0 ties) in  48 games | SIMINF spread -44 (-0.9/g)
  NOINF   overall:  25 wins /  48 games (52.1%)
  STATINF overall:   0 wins /   0 games (0.0%)
  SIMINF  overall:  23 wins /  48 games (47.9%)

  Game  49 (seed= 25, SIMINF vs NOINF):
    Turn  1 (SIMINF  p0): 8D QAIDS 50  [15.0s, 1300432 iters]
    Turn  2 (NOINF   p1): E5 INL(A)NdER 78  [15.0s, 928181 iters]
    Turn  3 (SIMINF  p0): 12D O(R)OIDE 18  [15.0s, 937500 iters, siminf=0.06s 1 racks]
    Turn  4 (NOINF   p1): 6B TUR(N)SPIT 64  [15.0s, 785667 iters]
    Turn  5 (SIMINF  p0): H12 (D)EEV 24  [15.0s, 749837 iters, siminf=0.06s 1 racks]
    Turn  6 (NOINF   p1): 7H FEG 17  [15.0s, 751026 iters]
    Turn  7 (SIMINF  p0): G11 B(I)ZE 48  [15.0s, 322786 iters, siminf=10.02s 1088 racks]
    Turn  8 (NOINF   p1): 15H (V)IPErOUS 86  [15.0s, 881889 iters]
    Turn  9 (SIMINF  p0): L8 MISALTE(r) 74  [15.0s, 832850 iters, siminf=0.06s 1 racks]
    Turn 10 (NOINF   p1): I9 MAV(E)N 27  [15.0s, 806023 iters]
    Turn 11 (SIMINF  p0): 13A HORK 28  [15.0s, 303096 iters, siminf=10.05s 1551 racks]
    Turn 12 (NOINF   p1): A12 C(H)EF 45  [15.0s, 909383 iters]
    Turn 13 (SIMINF  p0): 9C YI(N) 21  [15.0s, 295030 iters, siminf=10.04s 2155 racks]
    Turn 14 (NOINF   p1): B11 WH(O)W 43  [15.0s, 955775 iters]
    Turn 15 (SIMINF  p0): O8 CLARION(S) 83  [15.0s, 321237 iters, siminf=10.03s 2896 racks]
    Turn 16 (NOINF   p1): N10 BOAT 28  [15.0s, 1040830 iters]
    Turn 17 (SIMINF  p0): M7 AUTO 19  [15.0s, 396004 iters, siminf=10.01s 2267 racks]
    Turn 18 (NOINF   p1): N2 ADNEXA 62  [15.0s, 1450830 iters]
    Turn 19 (SIMINF  p0): 4I GRATI(N)G 22  [15.0s, 2032718 iters]
    Turn 20 (NOINF   p1): 2K YOJ(A)N 15  [0.0s, 15 iters]
    Turn 21 (SIMINF  p0): 5K EE 10  [0.0s, 15 iters]
    Turn 22 (NOINF   p1): H5 D(IFS) 8  [0.0s, 15 iters]
    Turn 23 (SIMINF  p0): pass  [0.0s, 9 iters]
    Turn 24 (NOINF   p1): 14F R(EE) 5  [0.0s, 15 iters]
    Turn 25 (SIMINF  p0): pass  [0.0s, 8 iters]
    Turn 26 (NOINF   p1): pass  [0.0s, 12 iters]
    Turn 27 (SIMINF  p0): pass  [0.0s, 8 iters]
    Turn 28 (NOINF   p1): pass  [0.0s, 12 iters]
    Turn 29 (SIMINF  p0): pass  [0.0s, 8 iters]
    Turn 30 (NOINF   p1): pass  [0.0s, 12 iters]
    Final: SIMINF 396 - NOINF 477 (30 turns, 285.2s)
  Game  50 (seed= 25, NOINF vs SIMINF):
    Turn  1 (NOINF   p0): 8D QAIDS 50  [15.0s, 1361765 iters]
    Turn  2 (SIMINF  p1): E5 INL(A)NdER 78  [15.0s, 908576 iters, siminf=0.81s 307 racks]
    Turn  3 (NOINF   p0): 12D O(R)OIDE 18  [15.0s, 950072 iters]
    Turn  4 (SIMINF  p1): 6B TUR(N)SPIT 64  [15.0s, 807683 iters, siminf=0.42s 45 racks]
    Turn  5 (NOINF   p0): H12 (D)EEV 24  [15.0s, 767932 iters]
    Turn  6 (SIMINF  p1): 7H FEG 17  [15.0s, 253334 iters, siminf=10.04s 1499 racks]
    Turn  7 (NOINF   p0): G11 B(I)ZE 48  [15.0s, 960637 iters]
    Turn  8 (SIMINF  p1): 13C UPSI(ZE) 48  [15.0s, 283967 iters, siminf=10.02s 1886 racks]
    Turn  9 (NOINF   p0): B2 SMAL(T)ITE 70  [15.0s, 930658 iters]
    Turn 10 (SIMINF  p1): A9 EVOCAtE 94  [15.0s, 878353 iters, siminf=0.06s 1 racks]
    Turn 11 (NOINF   p0): 14F K(EE)CH 49  [15.0s, 1009702 iters]
    Turn 12 (SIMINF  p1): A1 FAH 36  [15.1s, 371609 iters, siminf=10.05s 2500 racks]
    Turn 13 (NOINF   p0): 11I YIRR 19  [15.0s, 1061636 iters]
    Turn 14 (SIMINF  p1): 10H NOB 27  [15.0s, 357537 iters, siminf=10.03s 2052 racks]
    Turn 15 (NOINF   p0): 13J OLIO 13  [15.0s, 1031882 iters]
    Turn 16 (SIMINF  p1): 5H DAWT 27  [15.0s, 341746 iters, siminf=10.00s 1987 racks]
    Turn 17 (NOINF   p0): D8 (Q)UA 15  [15.0s, 1000350 iters]
    Turn 18 (SIMINF  p1): 4I WEAN 28  [15.0s, 372858 iters, siminf=10.03s 2005 racks]
    Turn 19 (NOINF   p0): 3J TO 11  [15.0s, 1131650 iters]
    Turn 20 (SIMINF  p1): 14L DOX 27  [15.0s, 1424711 iters]
    Turn 21 (NOINF   p0): 2K GINGE 19  [15.0s, 1958804 iters]
    Turn 22 (SIMINF  p1): O1 N(E)UME 30  [0.0s, 15 iters]
    Turn 23 (NOINF   p0): 14A (t)ARA 13  [0.0s, 15 iters]
    Turn 24 (SIMINF  p1): 10C R(Ad) 2  [0.0s, 15 iters]
    Turn 25 (NOINF   p0): 4B (A)T 2  [0.0s, 15 iters]
    Turn 26 (SIMINF  p1): pass  [0.0s, 6 iters]
    Turn 27 (NOINF   p0): pass  [0.0s, 6 iters]
    Turn 28 (SIMINF  p1): pass  [0.0s, 6 iters]
    Turn 29 (NOINF   p0): pass  [0.0s, 6 iters]
    Turn 30 (SIMINF  p1): pass  [0.0s, 6 iters]
    Turn 31 (NOINF   p0): pass  [0.0s, 6 iters]
    Final: NOINF 350 - SIMINF 466 (31 turns, 315.2s)

==== Results after 25 seed(s) (150 games) ====
  SIMINF  vs NOINF  :  24 -  26 (0 ties) in  50 games | SIMINF spread -9 (-0.2/g)
  NOINF   overall:  26 wins /  50 games (52.0%)
  STATINF overall:   0 wins /   0 games (0.0%)
  SIMINF  overall:  24 wins /  50 games (48.0%)

  Game  51 (seed= 26, SIMINF vs NOINF):
    Turn  1 (SIMINF  p0): 8C EVOLuES 76  [15.0s, 1139416 iters]
    Turn  2 (NOINF   p1): 7B FY 21  [15.0s, 1107132 iters]
    Turn  3 (SIMINF  p0): 6B OE 17  [15.1s, 373102 iters, siminf=10.05s 2019 racks]
    Turn  4 (NOINF   p1): A1 PANDAR 36  [15.0s, 1016971 iters]
    Turn  5 (SIMINF  p0): F7 F(L)EECING 70  [15.0s, 905223 iters, siminf=0.12s 13 racks]
    Turn  6 (NOINF   p1): 12D WA(I)RUA 20  [15.0s, 804984 iters]
    Turn  7 (SIMINF  p0): H1 BALADIN(E) 86  [15.0s, 584533 iters, siminf=1.43s 107 racks]
    Turn  8 (NOINF   p1): 11E E(C)U 16  [15.0s, 594431 iters]
    Turn  9 (SIMINF  p0): 2H (A)sPIRING 82  [15.1s, 198777 iters, siminf=10.06s 1238 racks]
    Turn 10 (NOINF   p1): 13I ROUTINE 69  [15.0s, 550239 iters]
    Turn 11 (SIMINF  p0): O12 J(E)AT 57  [15.0s, 529010 iters, siminf=0.06s 1 racks]
    Turn 12 (NOINF   p1): 14B EULO(G)IST 71  [15.0s, 507903 iters]
    Turn 13 (SIMINF  p0): 5E BIR(D)MEN 48  [15.0s, 449976 iters, siminf=0.06s 1 racks]
    Turn 14 (NOINF   p1): K10 TOQ(U)E 28  [15.0s, 451469 iters]
    Turn 15 (SIMINF  p0): 15H TIKS 49  [15.0s, 165146 iters, siminf=10.02s 996 racks]
    Turn 16 (NOINF   p1): 13A HOX 46  [15.0s, 527290 iters]
    Turn 17 (SIMINF  p0): 4K AVOW 22  [15.0s, 235115 iters, siminf=10.02s 1122 racks]
    Turn 18 (NOINF   p1): 6J HAD 31  [15.0s, 1565969 iters]
    Turn 19 (SIMINF  p0): 2A (A)CTORS 20  [0.0s, 15 iters]
    Turn 20 (NOINF   p1): J9 ZED 22  [0.0s, 15 iters]
    Turn 21 (SIMINF  p0): K4 (ANA)L 4  [0.0s, 15 iters]
    Turn 22 (NOINF   p1): 1C EM 16  [0.0s, 15 iters]
    Turn 23 (SIMINF  p0): M4 (O)I 2  [0.0s, 15 iters]
    Final: SIMINF 545 - NOINF 376 (23 turns, 270.2s)
  Game  52 (seed= 26, NOINF vs SIMINF):
    Turn  1 (NOINF   p0): 8C EVOLuES 76  [15.0s, 1151537 iters]
    Turn  2 (SIMINF  p1): 7B FY 21  [15.0s, 1106225 iters, siminf=0.06s 1 racks]
    Turn  3 (NOINF   p0): 6B OE 17  [15.0s, 1139082 iters]
    Turn  4 (SIMINF  p1): A1 PANDAR 36  [15.0s, 350758 iters, siminf=10.02s 2102 racks]
    Turn  5 (NOINF   p0): F7 F(L)EECING 70  [15.0s, 921869 iters]
    Turn  6 (SIMINF  p1): 12D WA(I)RUA 20  [15.0s, 808508 iters, siminf=0.06s 1 racks]
    Turn  7 (NOINF   p0): H1 BALADIN(E) 86  [15.0s, 646207 iters]
    Turn  8 (SIMINF  p1): 11E E(C)U 16  [15.0s, 597258 iters, siminf=0.06s 1 racks]
    Turn  9 (NOINF   p0): 2H (A)sPIRING 82  [15.0s, 567377 iters]
    Turn 10 (SIMINF  p1): 13I ROUTINE 69  [15.0s, 545171 iters, siminf=0.06s 1 racks]
    Turn 11 (NOINF   p0): O12 J(E)AT 57  [15.0s, 532735 iters]
    Turn 12 (SIMINF  p1): 14B EULO(G)IST 71  [15.0s, 170938 iters, siminf=10.05s 1626 racks]
    Turn 13 (NOINF   p0): 5E BIR(D)MEN 48  [15.0s, 471844 iters]
    Turn 14 (SIMINF  p1): K10 TOQ(U)E 28  [15.0s, 456833 iters, siminf=0.12s 18 racks]
    Turn 15 (NOINF   p0): 15H TIKS 49  [15.0s, 508496 iters]
    Turn 16 (SIMINF  p1): 13A HOX 46  [15.0s, 180053 iters, siminf=10.04s 1716 racks]
    Turn 17 (NOINF   p0): 4K AVOW 22  [15.0s, 736992 iters]
    Turn 18 (SIMINF  p1): 6J HAD 31  [15.0s, 1518509 iters]
    Turn 19 (NOINF   p0): 2A (A)CTORS 20  [0.0s, 15 iters]
    Turn 20 (SIMINF  p1): J9 ZED 22  [0.0s, 15 iters]
    Turn 21 (NOINF   p0): K4 (ANA)L 4  [0.0s, 15 iters]
    Turn 22 (SIMINF  p1): 1C EM 16  [0.0s, 15 iters]
    Turn 23 (NOINF   p0): M4 (O)I 2  [0.0s, 15 iters]
    Final: NOINF 545 - SIMINF 376 (23 turns, 270.1s)

==== Results after 26 seed(s) (156 games) ====
  SIMINF  vs NOINF  :  25 -  27 (0 ties) in  52 games | SIMINF spread -9 (-0.2/g)
  NOINF   overall:  27 wins /  52 games (51.9%)
  STATINF overall:   0 wins /   0 games (0.0%)
  SIMINF  overall:  25 wins /  52 games (48.1%)

  Game  53 (seed= 27, SIMINF vs NOINF):
    Turn  1 (SIMINF  p0): (exch BMV)  [15.0s, 1394815 iters]
    Turn  2 (NOINF   p1): 8E AULA 8  [15.0s, 1213687 iters]
    Turn  3 (SIMINF  p0): F7 O(U)TDOING 68  [15.1s, 295277 iters, siminf=10.05s 2189 racks]
    Turn  4 (NOINF   p1): E4 NUBI(A) 16  [15.0s, 876968 iters]
    Turn  5 (SIMINF  p0): E11 ODOUR 24  [15.0s, 309696 iters, siminf=10.01s 1643 racks]
    Turn  6 (NOINF   p1): 4D I(N)OSITES 68  [15.0s, 707967 iters]
    Turn  7 (SIMINF  p0): 3H AERAtED 75  [15.0s, 695272 iters, siminf=0.06s 1 racks]
    Turn  8 (NOINF   p1): H1 TW(AI)N 24  [15.0s, 717947 iters]
    Turn  9 (SIMINF  p0): 15A MAJO(R) 45  [15.0s, 240666 iters, siminf=10.01s 1680 racks]
    Turn 10 (NOINF   p1): 2J PRIZE 76  [15.0s, 713283 iters]
    Turn 11 (SIMINF  p0): 5K TELL 16  [15.0s, 659097 iters, siminf=0.77s 271 racks]
    Turn 12 (NOINF   p1): 13C TH(ON)G 22  [15.0s, 647999 iters]
    Turn 13 (SIMINF  p0): H12 DYNE 43  [15.0s, 207664 iters, siminf=10.01s 1198 racks]
    Turn 14 (NOINF   p1): 1A RICHTEs(T) 98  [15.0s, 661358 iters]
    Turn 15 (SIMINF  p0): 12H (D)OWERING 80  [15.0s, 652606 iters, siminf=0.06s 1 racks]
    Turn 16 (NOINF   p1): N10 KE(N)AF 44  [15.0s, 658424 iters]
    Turn 17 (SIMINF  p0): C6 BANALES(T) 62  [15.0s, 208097 iters, siminf=10.04s 1384 racks]
    Turn 18 (NOINF   p1): O7 RIVO 27  [15.0s, 794451 iters]
    Turn 19 (SIMINF  p0): 11I SEY 29  [0.0s, 15 iters]
    Turn 20 (NOINF   p1): 2D MIX 62  [0.0s, 15 iters]
    Turn 21 (SIMINF  p0): 9H ECU 10  [0.0s, 15 iters]
    Turn 22 (NOINF   p1): 8A PA(N) 15  [0.0s, 15 iters]
    Turn 23 (SIMINF  p0): 8N Q(I) 11  [0.0s, 2 iters]
    Final: SIMINF 479 - NOINF 460 (23 turns, 270.1s)
  Game  54 (seed= 27, NOINF vs SIMINF):
    Turn  1 (NOINF   p0): (exch BMV)  [15.0s, 1421427 iters]
    Turn  2 (SIMINF  p1): 8G AITU 8  [15.0s, 407036 iters, siminf=10.03s 2533 racks]
    Turn  3 (NOINF   p0): J7 O(U)TDOING 68  [15.0s, 1085146 iters]
    Turn  4 (SIMINF  p1): K11 UNAI 19  [15.0s, 840892 iters, siminf=0.06s 1 racks]
    Turn  5 (NOINF   p0): K3 ODOUR 14  [15.0s, 847062 iters]
    Turn  6 (SIMINF  p1): L3 BIOS 26  [15.0s, 805578 iters, siminf=0.56s 38 racks]
    Turn  7 (NOINF   p0): 9B AERAtED 65  [15.0s, 755607 iters]
    Turn  8 (SIMINF  p1): 8A TEWEL 39  [15.0s, 695903 iters, siminf=0.06s 1 racks]
    Turn  9 (NOINF   p0): 12F ADJO(IN)T 46  [15.0s, 643176 iters]
    Turn 10 (SIMINF  p1): E5 INC(LA)SP 44  [15.0s, 533416 iters, siminf=1.42s 297 racks]
    Turn 11 (NOINF   p0): H12 (J)ELL 33  [15.0s, 524792 iters]
    Turn 12 (SIMINF  p1): B5 THR(EA)T 19  [15.0s, 113805 iters, siminf=10.05s 1416 racks]
    Turn 13 (NOINF   p0): F3 MONY 32  [15.0s, 501393 iters]
    Turn 14 (SIMINF  p1): A1 GRIZE 77  [15.0s, 167893 iters, siminf=10.01s 999 racks]
    Turn 15 (NOINF   p0): M2 WIENER 40  [15.0s, 462635 iters]
    Turn 16 (SIMINF  p1): 3C VEH(M) 24  [15.0s, 394952 iters, siminf=0.12s 16 racks]
    Turn 17 (NOINF   p0): D2 B(E)NGA 26  [15.0s, 410250 iters]
    Turn 18 (SIMINF  p1): 13J (NA)IK 18  [15.0s, 136116 iters, siminf=10.02s 1370 racks]
    Turn 19 (NOINF   p0): A10 ASYLEE 41  [15.0s, 409805 iters]
    Turn 20 (SIMINF  p1): B13 OX 38  [15.0s, 609992 iters]
    Turn 21 (NOINF   p0): 13A (LO)VES 16  [15.0s, 1321957 iters]
    Turn 22 (SIMINF  p1): I3 AdRIF(T) 23  [0.0s, 15 iters]
    Turn 23 (NOINF   p0): 14J (GI)P 11  [0.0s, 15 iters]
    Turn 24 (SIMINF  p1): 10D A(S) 5  [0.0s, 15 iters]
    Turn 25 (NOINF   p0): 7M (R)UC 5  [0.0s, 15 iters]
    Turn 26 (SIMINF  p1): pass  [0.0s, 6 iters]
    Turn 27 (NOINF   p0): pass  [0.0s, 11 iters]
    Turn 28 (SIMINF  p1): pass  [0.0s, 6 iters]
    Turn 29 (NOINF   p0): pass  [0.0s, 11 iters]
    Turn 30 (SIMINF  p1): pass  [0.0s, 6 iters]
    Turn 31 (NOINF   p0): pass  [0.0s, 11 iters]
    Final: NOINF 384 - SIMINF 336 (31 turns, 315.1s)

==== Results after 27 seed(s) (162 games) ====
  SIMINF  vs NOINF  :  26 -  28 (0 ties) in  54 games | SIMINF spread -38 (-0.7/g)
  NOINF   overall:  28 wins /  54 games (51.9%)
  STATINF overall:   0 wins /   0 games (0.0%)
  SIMINF  overall:  26 wins /  54 games (48.1%)

  Game  55 (seed= 28, SIMINF vs NOINF):
    Turn  1 (SIMINF  p0): 8H UEY 12  [15.0s, 1380794 iters]
    Turn  2 (NOINF   p1): 7G DOOK 26  [15.0s, 1229776 iters]
    Turn  3 (SIMINF  p0): 6D EVOE 12  [15.0s, 393770 iters, siminf=10.02s 3100 racks]
    Turn  4 (NOINF   p1): 9J EW 15  [15.0s, 1149401 iters]
    Turn  5 (SIMINF  p0): K9 (W)OOF 20  [15.0s, 355007 iters, siminf=10.05s 1712 racks]
    Turn  6 (NOINF   p1): 12E SEACRA(F)T 82  [15.0s, 870430 iters]
    Turn  7 (SIMINF  p0): H12 (C)OVE 27  [15.0s, 814892 iters, siminf=0.06s 1 racks]
    Turn  8 (NOINF   p1): 11B JALOP 36  [15.0s, 781602 iters]
    Turn  9 (SIMINF  p0): 13F EX(O) 40  [15.0s, 744504 iters, siminf=1.11s 162 racks]
    Turn 10 (NOINF   p1): B11 (J)AGIR 26  [15.0s, 826517 iters]
    Turn 11 (SIMINF  p0): 15A A(R)CH 39  [15.0s, 254345 iters, siminf=10.01s 1604 racks]
    Turn 12 (NOINF   p1): D2 MIQU(E)LeT 86  [15.0s, 747255 iters]
    Turn 13 (SIMINF  p0): I6 T(OE)D 16  [15.0s, 806450 iters, siminf=0.05s 1 racks]
    Turn 14 (NOINF   p1): 8A BIN(e)R 18  [15.0s, 822698 iters]
    Turn 15 (SIMINF  p0): 3D (I)NERTIAE 60  [15.0s, 283892 iters, siminf=10.02s 1576 racks]
    Turn 16 (NOINF   p1): F2 G(E)NR(O) 10  [15.0s, 816750 iters]
    Turn 17 (SIMINF  p0): L4 TINILY 31  [15.0s, 262443 iters, siminf=10.04s 995 racks]
    Turn 18 (NOINF   p1): 2I SERAFIN 82  [15.0s, 675205 iters]
    Turn 19 (SIMINF  p0): 1K AHI 27  [15.0s, 651627 iters, siminf=0.06s 1 racks]
    Turn 20 (NOINF   p1): 5K D(I)TZ 28  [15.0s, 848037 iters]
    Turn 21 (SIMINF  p0): 14F DE(V)A 33  [15.0s, 931103 iters]
    Turn 22 (NOINF   p1): 2B GU(M) 12  [15.0s, 1471651 iters]
    Turn 23 (SIMINF  p0): 15H (E)MBOW 20  [0.0s, 15 iters]
    Turn 24 (NOINF   p1): O5 yEPS 29  [0.0s, 15 iters]
    Turn 25 (SIMINF  p0): B2 (G)INS 5  [0.0s, 15 iters]
    Final: SIMINF 346 - NOINF 450 (25 turns, 330.2s)
  Game  56 (seed= 28, NOINF vs SIMINF):
    Turn  1 (NOINF   p0): 8H UEY 12  [15.0s, 1403999 iters]
    Turn  2 (SIMINF  p1): 7G DOOK 26  [15.0s, 428153 iters, siminf=10.03s 2772 racks]
    Turn  3 (NOINF   p0): 6D EVOE 12  [15.0s, 1198687 iters]
    Turn  4 (SIMINF  p1): 9J EW 15  [15.0s, 395288 iters, siminf=10.02s 2681 racks]
    Turn  5 (NOINF   p0): K9 (W)OOF 20  [15.0s, 1064004 iters]
    Turn  6 (SIMINF  p1): 12E SEACRA(F)T 82  [15.0s, 287099 iters, siminf=10.05s 2046 racks]
    Turn  7 (NOINF   p0): H12 (C)OVE 27  [15.0s, 813213 iters]
    Turn  8 (SIMINF  p1): 11D JARP 36  [15.1s, 264735 iters, siminf=10.06s 1502 racks]
    Turn  9 (NOINF   p0): 13F EX(O) 41  [15.0s, 800050 iters]
    Turn 10 (SIMINF  p1): D1 MOTIL(E) 22  [15.1s, 274962 iters, siminf=10.06s 2250 racks]
    Turn 11 (NOINF   p0): 1D (M)ITCH 36  [15.0s, 783148 iters]
    Turn 12 (SIMINF  p1): 15H (E)QUALInG 104  [15.1s, 258059 iters, siminf=10.06s 1467 racks]
    Turn 13 (NOINF   p0): 3A TAR(T)ANED 70  [15.0s, 787763 iters]
    Turn 14 (SIMINF  p1): B2 B(A)RN 12  [15.0s, 725721 iters, siminf=0.06s 1 racks]
    Turn 15 (NOINF   p0): E5 I(V)Y 22  [15.0s, 742304 iters]
    Turn 16 (SIMINF  p1): K1 RINGERS 76  [15.1s, 202753 iters, siminf=10.05s 1251 racks]
    Turn 17 (NOINF   p0): O8 TOWELIN(G) 89  [15.0s, 619546 iters]
    Turn 18 (SIMINF  p1): N4 INFLAmE 79  [15.0s, 729894 iters, siminf=0.06s 1 racks]
    Turn 19 (NOINF   p0): O1 BIND 32  [15.0s, 819143 iters]
    Turn 20 (SIMINF  p1): 2J Z(I)TS 33  [15.0s, 1859605 iters]
    Turn 21 (NOINF   p0): A5 AHEM 29  [0.0s, 15 iters]
    Turn 22 (SIMINF  p1): 5G GUP 11  [0.0s, 15 iters]
    Turn 23 (NOINF   p0): 13J IS 15  [0.0s, 15 iters]
    Turn 24 (SIMINF  p1): 4K (G)U 6  [0.0s, 15 iters]
    Turn 25 (NOINF   p0): 5M A(N) 2  [0.0s, 15 iters]
    Final: NOINF 411 - SIMINF 502 (25 turns, 300.3s)

==== Results after 28 seed(s) (168 games) ====
  SIMINF  vs NOINF  :  27 -  29 (0 ties) in  56 games | SIMINF spread -51 (-0.9/g)
  NOINF   overall:  29 wins /  56 games (51.8%)
  STATINF overall:   0 wins /   0 games (0.0%)
  SIMINF  overall:  27 wins /  56 games (48.2%)

  Game  57 (seed= 29, SIMINF vs NOINF):
    Turn  1 (SIMINF  p0): 8E VOLT 14  [15.0s, 1238426 iters]
    Turn  2 (NOINF   p1): I7 FEH 25  [15.0s, 1112721 iters]
    Turn  3 (SIMINF  p0): J8 DOD 24  [15.0s, 362790 iters, siminf=10.03s 2171 racks]
    Turn  4 (NOINF   p1): K9 BESHINE 85  [15.0s, 935938 iters]
    Turn  5 (SIMINF  p0): 15G OPIN(E)D 33  [15.0s, 866559 iters, siminf=0.06s 1 racks]
    Turn  6 (NOINF   p1): 12K (H)AIKU 26  [15.0s, 889794 iters]
    Turn  7 (SIMINF  p0): G1 NEURONA(L) 60  [15.0s, 253831 iters, siminf=10.02s 1916 racks]
    Turn  8 (NOINF   p1): 1A TRICOR(N) 36  [15.0s, 607738 iters]
    Turn  9 (SIMINF  p0): 5F D(O)VELETS 74  [15.0s, 550278 iters, siminf=0.12s 6 racks]
    Turn 10 (NOINF   p1): H1 EFT 55  [15.0s, 497305 iters]
    Turn 11 (SIMINF  p0): O8 GeST(U)RAL 122  [15.0s, 160954 iters, siminf=10.01s 1648 racks]
    Turn 12 (NOINF   p1): F3 JE(D)I 30  [15.0s, 509779 iters]
    Turn 13 (SIMINF  p0): 4B WAXI(ER) 32  [15.1s, 183109 iters, siminf=10.06s 1032 racks]
    Turn 14 (NOINF   p1): 14I QI(N) 29  [15.0s, 726150 iters]
    Turn 15 (SIMINF  p0): M9 ZOW(I)E 54  [15.1s, 266557 iters, siminf=10.05s 1183 racks]
    Turn 16 (NOINF   p1): N8 UEY 42  [15.0s, 892270 iters]
    Turn 17 (SIMINF  p0): 14B UNCAPS 34  [15.1s, 338381 iters, siminf=10.06s 2839 racks]
    Turn 18 (NOINF   p1): C3 L(A)BORER 22  [15.0s, 1191752 iters]
    Turn 19 (SIMINF  p0): N12 (K)AMA 33  [15.0s, 2687114 iters]
    Turn 20 (NOINF   p1): B6 MAE 25  [0.0s, 15 iters]
    Turn 21 (SIMINF  p0): A8 TOrY 27  [0.0s, 15 iters]
    Turn 22 (NOINF   p1): K2 GAG(E) 6  [0.0s, 15 iters]
    Turn 23 (SIMINF  p0): E14 (A)I 2  [0.0s, 15 iters]
    Turn 24 (NOINF   p1): pass  [0.0s, 9 iters]
    Turn 25 (SIMINF  p0): pass  [0.0s, 15 iters]
    Turn 26 (NOINF   p1): pass  [0.0s, 9 iters]
    Turn 27 (SIMINF  p0): pass  [0.0s, 15 iters]
    Turn 28 (NOINF   p1): pass  [0.0s, 9 iters]
    Turn 29 (SIMINF  p0): pass  [0.0s, 15 iters]
    Final: SIMINF 508 - NOINF 380 (29 turns, 285.2s)
  Game  58 (seed= 29, NOINF vs SIMINF):
    Turn  1 (NOINF   p0): 8E VOLT 14  [15.0s, 1146233 iters]
    Turn  2 (SIMINF  p1): I7 FEH 25  [15.1s, 358749 iters, siminf=10.05s 2018 racks]
    Turn  3 (NOINF   p0): J8 DOD 24  [15.0s, 1087824 iters]
    Turn  4 (SIMINF  p1): 11H BESHINE 80  [15.1s, 300033 iters, siminf=10.06s 1996 racks]
    Turn  5 (NOINF   p0): H11 (B)IPOD 33  [15.0s, 889218 iters]
    Turn  6 (SIMINF  p1): 12L TURK 34  [15.0s, 283140 iters, siminf=10.01s 1935 racks]
    Turn  7 (NOINF   p0): G1 NEURONA(L) 60  [15.0s, 749183 iters]
    Turn  8 (SIMINF  p1): E8 (V)ICTORIA 76  [15.0s, 612427 iters, siminf=0.06s 1 racks]
    Turn  9 (NOINF   p0): 1D VEN(N)EL 39  [15.0s, 582481 iters]
    Turn 10 (SIMINF  p1): N10 J(ER)RY 62  [15.0s, 501383 iters, siminf=0.97s 143 racks]
    Turn 11 (NOINF   p0): 15A STAL(A)G 24  [15.0s, 504123 iters]
    Turn 12 (SIMINF  p1): O12 (K)EEF 40  [15.0s, 479987 iters, siminf=0.46s 34 racks]
    Turn 13 (NOINF   p0): 5E TR(O)lANDS 82  [15.0s, 478021 iters]
    Turn 14 (SIMINF  p1): C8 QUINIEL(A) 86  [15.0s, 471206 iters, siminf=0.06s 1 racks]
    Turn 15 (NOINF   p0): O6 PIEZO 57  [15.0s, 485755 iters]
    Turn 16 (SIMINF  p1): B10 BEGO 30  [15.0s, 416902 iters, siminf=0.52s 76 racks]
    Turn 17 (NOINF   p0): 4B WAWS 22  [15.0s, 572566 iters]
    Turn 18 (SIMINF  p1): 13K GAR(RE) 21  [15.0s, 866648 iters]
    Turn 19 (NOINF   p0): 4L AX 22  [15.0s, 1346428 iters]
    Turn 20 (SIMINF  p1): 3J MAYOs 42  [0.0s, 15 iters]
    Turn 21 (NOINF   p0): 15H (D)ICTUM 12  [0.0s, 15 iters]
    Turn 22 (SIMINF  p1): J3 (M)E(N) 5  [0.0s, 15 iters]
    Turn 23 (NOINF   p0): I1 (L)A 2  [0.0s, 15 iters]
    Final: NOINF 393 - SIMINF 501 (23 turns, 285.1s)

==== Results after 29 seed(s) (174 games) ====
  SIMINF  vs NOINF  :  29 -  29 (0 ties) in  58 games | SIMINF spread +185 (+3.2/g)
  NOINF   overall:  29 wins /  58 games (50.0%)
  STATINF overall:   0 wins /   0 games (0.0%)
  SIMINF  overall:  29 wins /  58 games (50.0%)

  Game  59 (seed= 30, SIMINF vs NOINF):
    Turn  1 (SIMINF  p0): 8F PLU 10  [15.0s, 1152733 iters]
    Turn  2 (NOINF   p1): F6 ZU(P)A 35  [15.0s, 1040405 iters]
    Turn  3 (SIMINF  p0): 10D INN 23  [15.0s, 335669 iters, siminf=10.03s 2977 racks]
    Turn  4 (NOINF   p1): 11D fUSTOCs 86  [15.0s, 1045485 iters]
    Turn  5 (SIMINF  p0): J4 BRANTLE(s) 63  [15.0s, 874615 iters, siminf=0.06s 1 racks]
    Turn  6 (NOINF   p1): H10 D(O)BLON 36  [15.0s, 836170 iters]
    Turn  7 (SIMINF  p0): 12C IF 20  [15.0s, 763835 iters, siminf=0.59s 193 racks]
    Turn  8 (NOINF   p1): B6 RADULAR 68  [15.0s, 808104 iters]
    Turn  9 (SIMINF  p0): 15D CAPO(N)IER 65  [15.0s, 775711 iters, siminf=0.06s 1 racks]
    Turn 10 (NOINF   p1): A7 KIN 38  [15.0s, 727038 iters]
    Turn 11 (SIMINF  p0): G6 AG(L)Y 39  [15.0s, 248212 iters, siminf=10.03s 1544 racks]
    Turn 12 (NOINF   p1): 8J (T)WIGGY 45  [15.0s, 791769 iters]
    Turn 13 (SIMINF  p0): 14J FEESE 47  [15.0s, 725308 iters, siminf=0.29s 123 racks]
    Turn 14 (NOINF   p1): O12 VIDE 46  [15.0s, 697818 iters]
    Turn 15 (SIMINF  p0): L3 THEOR(I)SE 72  [15.0s, 225517 iters, siminf=10.01s 3039 racks]
    Turn 16 (NOINF   p1): M2 WAMED 38  [15.0s, 657046 iters]
    Turn 17 (SIMINF  p0): L12 VI(E) 12  [15.0s, 680425 iters, siminf=0.36s 62 racks]
    Turn 18 (NOINF   p1): N8 (G)AJO 28  [15.0s, 777396 iters]
    Turn 19 (SIMINF  p0): N2 OX 38  [15.0s, 1033667 iters]
    Turn 20 (NOINF   p1): O1 MOI 32  [15.0s, 1408787 iters]
    Turn 21 (SIMINF  p0): H2 RITTS 18  [0.0s, 15 iters]
    Turn 22 (NOINF   p1): C5 NET 14  [0.0s, 15 iters]
    Turn 23 (SIMINF  p0): 13K H(I) 11  [0.0s, 15 iters]
    Turn 24 (NOINF   p1): G2 EA 8  [0.0s, 15 iters]
    Turn 25 (SIMINF  p0): 11M O(O) 2  [0.0s, 15 iters]
    Final: SIMINF 442 - NOINF 474 (25 turns, 300.1s)
  Game  60 (seed= 30, NOINF vs SIMINF):
    Turn  1 (NOINF   p0): 8F PLU 10  [15.0s, 1153970 iters]
    Turn  2 (SIMINF  p1): F8 (P)OZ 34  [15.0s, 339055 iters, siminf=10.05s 2118 racks]
    Turn  3 (NOINF   p0): G10 ANN 14  [15.0s, 1057195 iters]
    Turn  4 (SIMINF  p1): 13C USUCApT 75  [15.0s, 319662 iters, siminf=10.02s 1826 racks]
    Turn  5 (NOINF   p0): 13C (USUCApT)IBLE 28  [15.0s, 893564 iters]
    Turn  6 (SIMINF  p1): D6 BaNDROL(S) 72  [15.0s, 264048 iters, siminf=10.02s 2107 racks]
    Turn  7 (NOINF   p0): 10F (ZA)RI 13  [15.0s, 844874 iters]
    Turn  8 (SIMINF  p1): C5 RAKU 29  [15.0s, 300198 iters, siminf=10.02s 1277 racks]
    Turn  9 (NOINF   p0): B6 CANTRIP 91  [15.0s, 807644 iters]
    Turn 10 (SIMINF  p1): L8 VALID(L)Y 36  [15.0s, 754267 iters, siminf=0.06s 1 racks]
    Turn 11 (NOINF   p0): K9 YEH 35  [15.0s, 789609 iters]
    Turn 12 (SIMINF  p1): I2 WEDGING 72  [15.0s, 248708 iters, siminf=10.02s 2196 racks]
    Turn 13 (NOINF   p0): 14J FO(Y) 34  [15.0s, 709247 iters]
    Turn 14 (SIMINF  p1): A11 DOWIE 38  [15.0s, 237720 iters, siminf=10.03s 1341 racks]
    Turn 15 (NOINF   p0): 8L (V)EGA 24  [15.0s, 680597 iters]
    Turn 16 (SIMINF  p1): H1 JAM 45  [15.0s, 227291 iters, siminf=10.05s 1280 racks]
    Turn 17 (NOINF   p0): J6 FE 28  [15.0s, 678819 iters]
    Turn 18 (SIMINF  p1): 3H (ME)EMIE 20  [15.0s, 197592 iters, siminf=10.04s 1367 racks]
    Turn 19 (NOINF   p0): 15D TERESES 80  [15.0s, 609850 iters]
    Turn 20 (SIMINF  p1): E3 TOEA 16  [15.0s, 704733 iters]
    Turn 21 (NOINF   p0): H10 (R)OO(p) 9  [15.0s, 1041402 iters]
    Turn 22 (SIMINF  p1): O6 TH(A)NX 15  [0.0s, 15 iters]
    Turn 23 (NOINF   p0): L2 V(I)STO 16  [0.0s, 15 iters]
    Turn 24 (SIMINF  p1): J12 R(IFS) 7  [0.0s, 15 iters]
    Turn 25 (NOINF   p0): pass  [0.0s, 14 iters]
    Turn 26 (SIMINF  p1): 3E (T)A 2  [0.0s, 15 iters]
    Turn 27 (NOINF   p0): pass  [0.0s, 13 iters]
    Turn 28 (SIMINF  p1): pass  [0.0s, 13 iters]
    Turn 29 (NOINF   p0): pass  [0.0s, 13 iters]
    Turn 30 (SIMINF  p1): pass  [0.0s, 13 iters]
    Turn 31 (NOINF   p0): pass  [0.0s, 13 iters]
    Turn 32 (SIMINF  p1): pass  [0.0s, 13 iters]
    Final: NOINF 380 - SIMINF 451 (32 turns, 315.3s)

==== Results after 30 seed(s) (180 games) ====
  SIMINF  vs NOINF  :  30 -  30 (0 ties) in  60 games | SIMINF spread +224 (+3.7/g)
  NOINF   overall:  30 wins /  60 games (50.0%)
  STATINF overall:   0 wins /   0 games (0.0%)
  SIMINF  overall:  30 wins /  60 games (50.0%)

  Game  61 (seed= 31, SIMINF vs NOINF):
    Turn  1 (SIMINF  p0): 8B MOKIhIS 84  [15.0s, 1098156 iters]
    Turn  2 (NOINF   p1): C5 HER(O)IZES 72  [15.0s, 1054695 iters]
    Turn  3 (SIMINF  p0): B2 FOLEY 56  [15.0s, 1019122 iters, siminf=0.06s 1 racks]
    Turn  4 (NOINF   p1): 7E DUX 40  [15.0s, 1082217 iters]
    Turn  5 (SIMINF  p0): D10 AEON 25  [15.0s, 339485 iters, siminf=10.04s 2744 racks]
    Turn  6 (NOINF   p1): A1 BIB 30  [15.0s, 1074304 iters]
    Turn  7 (SIMINF  p0): D1 VOCES 34  [15.1s, 328108 iters, siminf=10.05s 2663 racks]
    Turn  8 (NOINF   p1): 1D (V)AGUS 27  [15.0s, 999693 iters]
    Turn  9 (SIMINF  p0): 3D (C)HEQUE 31  [15.0s, 307584 iters, siminf=10.04s 1875 racks]
    Turn 10 (NOINF   p1): J2 CROON 36  [15.0s, 939887 iters]
    Turn 11 (SIMINF  p0): 4F DIGL(O)T 31  [15.0s, 873944 iters, siminf=0.68s 81 racks]
    Turn 12 (NOINF   p1): A5 PAT 20  [15.0s, 956840 iters]
    Turn 13 (SIMINF  p0): K4 (T)YE 24  [15.0s, 317986 iters, siminf=10.04s 1728 racks]
    Turn 14 (NOINF   p1): F1 (G)I(ED) 8  [15.0s, 1009028 iters]
    Turn 15 (SIMINF  p0): 10C (ZA)FTIG 21  [15.0s, 333105 iters, siminf=10.02s 1281 racks]
    Turn 16 (NOINF   p1): L6 DILATER 72  [15.0s, 823917 iters]
    Turn 17 (SIMINF  p0): H10 (G)OWPEN 48  [15.0s, 772940 iters, siminf=0.06s 1 racks]
    Turn 18 (NOINF   p1): K11 WON 24  [15.0s, 855963 iters]
    Turn 19 (SIMINF  p0): J9 gRADUAL 73  [15.0s, 430737 iters, siminf=10.03s 1265 racks]
    Turn 20 (NOINF   p1): M7 NITE 16  [15.0s, 3252244 iters]
    Turn 21 (SIMINF  p0): E12 VERA 15  [0.0s, 15 iters]
    Turn 22 (NOINF   p1): 15D N(A)M 6  [0.0s, 15 iters]
    Turn 23 (SIMINF  p0): 12G A(W) 5  [0.0s, 15 iters]
    Turn 24 (NOINF   p1): pass  [0.0s, 13 iters]
    Turn 25 (SIMINF  p0): 14H (E)R(A) 3  [0.0s, 15 iters]
    Turn 26 (NOINF   p1): pass  [0.0s, 10 iters]
    Turn 27 (SIMINF  p0): pass  [0.0s, 6 iters]
    Turn 28 (NOINF   p1): pass  [0.0s, 10 iters]
    Turn 29 (SIMINF  p0): pass  [0.0s, 6 iters]
    Turn 30 (NOINF   p1): pass  [0.0s, 10 iters]
    Turn 31 (SIMINF  p0): pass  [0.0s, 6 iters]
    Final: SIMINF 449 - NOINF 342 (31 turns, 300.2s)
  Game  62 (seed= 31, NOINF vs SIMINF):
    Turn  1 (NOINF   p0): 8B MOKIhIS 84  [15.0s, 1146624 iters]
    Turn  2 (SIMINF  p1): C5 HER(O)IZES 72  [15.0s, 1089684 iters, siminf=0.06s 1 racks]
    Turn  3 (NOINF   p0): B2 FOLEY 56  [15.0s, 1068811 iters]
    Turn  4 (SIMINF  p1): 7E DUX 40  [15.0s, 1046542 iters, siminf=0.73s 225 racks]
    Turn  5 (NOINF   p0): D10 AEON 25  [15.0s, 1035486 iters]
    Turn  6 (SIMINF  p1): A1 BIB 30  [15.1s, 374351 iters, siminf=10.05s 1821 racks]
    Turn  7 (NOINF   p0): D1 VOCES 34  [15.0s, 1007425 iters]
    Turn  8 (SIMINF  p1): 1D (V)AGUS 27  [15.0s, 939840 iters, siminf=0.95s 164 racks]
    Turn  9 (NOINF   p0): 3D (C)HEQUE 31  [15.0s, 925390 iters]
    Turn 10 (SIMINF  p1): J2 CROON 36  [15.0s, 883913 iters, siminf=0.74s 102 racks]
    Turn 11 (NOINF   p0): 4F DIGL(O)T 31  [15.0s, 915664 iters]
    Turn 12 (SIMINF  p1): A5 PAT 20  [15.0s, 929472 iters, siminf=0.46s 150 racks]
    Turn 13 (NOINF   p0): K4 (T)YE 24  [15.0s, 924428 iters]
    Turn 14 (SIMINF  p1): 10C (ZA)TI 15  [15.0s, 334752 iters, siminf=10.02s 1686 racks]
    Turn 15 (NOINF   p0): B11 GIFT 23  [15.0s, 978162 iters]
    Turn 16 (SIMINF  p1): A14 AW 17  [15.0s, 328701 iters, siminf=10.02s 2059 racks]
    Turn 17 (NOINF   p0): A10 WOP 25  [15.0s, 1079387 iters]
    Turn 18 (SIMINF  p1): 2J (C)INDER 18  [15.0s, 324364 iters, siminf=10.04s 2481 racks]
    Turn 19 (NOINF   p0): O1 g(R)ANDEUR 131  [15.0s, 1213535 iters]
    Turn 20 (SIMINF  p1): M2 (D)ON 8  [15.0s, 1670566 iters]
    Turn 21 (NOINF   p0): 7K ERA 11  [15.0s, 1711993 iters]
    Turn 22 (SIMINF  p1): 9H INLET 8  [0.0s, 15 iters]
    Turn 23 (NOINF   p0): 10J AMA 17  [0.0s, 15 iters]
    Turn 24 (SIMINF  p1): pass  [0.0s, 15 iters]
    Turn 25 (NOINF   p0): L9 (TA)LAR 10  [0.0s, 15 iters]
    Turn 26 (SIMINF  p1): 12K T(A) 2  [0.0s, 15 iters]
    Turn 27 (NOINF   p0): pass  [0.0s, 3 iters]
    Turn 28 (SIMINF  p1): pass  [0.0s, 3 iters]
    Turn 29 (NOINF   p0): pass  [0.0s, 3 iters]
    Turn 30 (SIMINF  p1): pass  [0.0s, 3 iters]
    Turn 31 (NOINF   p0): pass  [0.0s, 3 iters]
    Turn 32 (SIMINF  p1): pass  [0.0s, 3 iters]
    Final: NOINF 498 - SIMINF 285 (32 turns, 315.1s)

==== Results after 31 seed(s) (186 games) ====
  SIMINF  vs NOINF  :  31 -  31 (0 ties) in  62 games | SIMINF spread +118 (+1.9/g)
  NOINF   overall:  31 wins /  62 games (50.0%)
  STATINF overall:   0 wins /   0 games (0.0%)
  SIMINF  overall:  31 wins /  62 games (50.0%)

  Game  63 (seed= 32, SIMINF vs NOINF):
    Turn  1 (SIMINF  p0): 8H AYE 12  [15.0s, 1266415 iters]
    Turn  2 (NOINF   p1): 7H BOWIE 26  [15.0s, 1223328 iters]
    Turn  3 (SIMINF  p0): 9I EYRA 24  [15.0s, 1006697 iters, siminf=0.75s 71 racks]
    Turn  4 (NOINF   p1): L2 WIGGL(E) 22  [15.0s, 950872 iters]
    Turn  5 (SIMINF  p0): 10C RADIALS 67  [15.0s, 834191 iters, siminf=0.86s 267 racks]
    Turn  6 (NOINF   p1): 10L MAX 32  [15.0s, 814504 iters]
    Turn  7 (SIMINF  p0): 3K D(I)CK 22  [15.0s, 273390 iters, siminf=10.03s 1323 racks]
    Turn  8 (NOINF   p1): O7 BELIVE 49  [15.0s, 718922 iters]
    Turn  9 (SIMINF  p0): N6 QAT 38  [15.0s, 821494 iters, siminf=0.12s 11 racks]
    Turn 10 (NOINF   p1): O1 JUST 48  [15.0s, 798002 iters]
    Turn 11 (SIMINF  p0): D8 FR(A)GOR 28  [15.0s, 280664 iters, siminf=10.04s 3049 racks]
    Turn 12 (NOINF   p1): 5E EUcHRIN(G) 94  [15.0s, 828117 iters]
    Turn 13 (SIMINF  p0): C12 NOVA 20  [15.0s, 894438 iters, siminf=0.06s 1 racks]
    Turn 14 (NOINF   p1): E10 (D)IODE 27  [15.0s, 883812 iters]
    Turn 15 (SIMINF  p0): F12 NOD 24  [15.0s, 296671 iters, siminf=10.04s 2750 racks]
    Turn 16 (NOINF   p1): 15F SlIPOUT 82  [15.0s, 1005771 iters]
    Turn 17 (SIMINF  p0): 8A FIE(F) 30  [15.0s, 1142171 iters, siminf=0.06s 1 racks]
    Turn 18 (NOINF   p1): H1 TEET(H) 27  [15.0s, 1257663 iters]
    Turn 19 (SIMINF  p0): 15A CL(A)N 21  [15.0s, 1421773 iters]
    Turn 20 (NOINF   p1): N12 ZHO 41  [15.0s, 2554700 iters]
    Turn 21 (SIMINF  p0): 6A ENURNS 16  [0.0s, 15 iters]
    Turn 22 (NOINF   p1): 3B METOPA(E) 24  [0.0s, 15 iters]
    Turn 23 (SIMINF  p0): 1G A(T) 2  [0.0s, 15 iters]
    Final: SIMINF 306 - NOINF 472 (23 turns, 300.1s)
  Game  64 (seed= 32, NOINF vs SIMINF):
    Turn  1 (NOINF   p0): 8H AYE 12  [15.0s, 1258990 iters]
    Turn  2 (SIMINF  p1): 9H BOWIE 26  [15.0s, 394467 iters, siminf=10.01s 2207 racks]
    Turn  3 (NOINF   p0): 8L YIRR 42  [15.0s, 1072973 iters]
    Turn  4 (SIMINF  p1): 10L WIG 20  [15.0s, 323802 iters, siminf=10.05s 3295 racks]
    Turn  5 (NOINF   p0): 7M AA 8  [15.0s, 965109 iters]
    Turn  6 (SIMINF  p1): N2 AXILL(AR) 32  [15.0s, 308782 iters, siminf=10.03s 1427 racks]
    Turn  7 (NOINF   p0): 7B ASLAKED 70  [15.0s, 893606 iters]
    Turn  8 (SIMINF  p1): 6B JEE 55  [15.0s, 750336 iters, siminf=0.06s 1 racks]
    Turn  9 (NOINF   p0): E5 CR(A)G 25  [15.0s, 659095 iters]
    Turn 10 (SIMINF  p1): (exch BGNTV)  [15.0s, 252762 iters, siminf=10.01s 1020 racks]
    Turn 11 (NOINF   p0): M2 DOD 34  [15.0s, 662113 iters]
    Turn 12 (SIMINF  p1): 11F EcHIUMS 82  [15.0s, 254630 iters, siminf=10.01s 1760 racks]
    Turn 13 (NOINF   p0): O3 OF 30  [15.0s, 770475 iters]
    Turn 14 (SIMINF  p1): 10D REZ 63  [15.0s, 280417 iters, siminf=10.00s 1606 racks]
    Turn 15 (NOINF   p0): 5L VO(L)T 19  [15.0s, 740370 iters]
    Turn 16 (SIMINF  p1): 12C MOUE 24  [15.0s, 274058 iters, siminf=10.04s 1482 racks]
    Turn 17 (NOINF   p0): 13B QIN 34  [15.0s, 907956 iters]
    Turn 18 (SIMINF  p1): 14A HIDE 47  [15.0s, 268243 iters, siminf=10.02s 1813 racks]
    Turn 19 (NOINF   p0): 15A AN 33  [15.0s, 828068 iters]
    Turn 20 (SIMINF  p1): 15D SlIPOUT 82  [15.0s, 281285 iters, siminf=10.03s 1855 racks]
    Turn 21 (NOINF   p0): H13 FR(O) 6  [15.0s, 898528 iters]
    Turn 22 (SIMINF  p1): 5E (C)OVENT 11  [15.0s, 326559 iters, siminf=10.01s 1456 racks]
    Turn 23 (NOINF   p0): C3 LEN(ES) 10  [15.0s, 1350315 iters]
    Turn 24 (SIMINF  p1): D2 TOT 12  [15.0s, 2089537 iters]
    Turn 25 (NOINF   p0): H1 SCRA(E) 24  [0.0s, 15 iters]
    Turn 26 (SIMINF  p1): 9A PUBE 13  [0.0s, 15 iters]
    Turn 27 (NOINF   p0): I11 (I)N 2  [0.0s, 15 iters]
    Turn 28 (SIMINF  p1): 1E TAI(S) 4  [0.0s, 15 iters]
    Final: NOINF 349 - SIMINF 477 (28 turns, 360.2s)

==== Results after 32 seed(s) (192 games) ====
  SIMINF  vs NOINF  :  32 -  32 (0 ties) in  64 games | SIMINF spread +80 (+1.2/g)
  NOINF   overall:  32 wins /  64 games (50.0%)
  STATINF overall:   0 wins /   0 games (0.0%)
  SIMINF  overall:  32 wins /  64 games (50.0%)

  Game  65 (seed= 33, SIMINF vs NOINF):
    Turn  1 (SIMINF  p0): 8F EUOI 8  [15.0s, 1242085 iters]
    Turn  2 (NOINF   p1): I6 OU(I)JA 21  [15.0s, 1146349 iters]
    Turn  3 (SIMINF  p0): J10 XI 50  [15.0s, 346708 iters, siminf=10.05s 2783 racks]
    Turn  4 (NOINF   p1): H10 REDIAE 37  [15.0s, 1005660 iters]
    Turn  5 (SIMINF  p0): 15A DEcENTR(E) 77  [15.0s, 868380 iters, siminf=0.12s 8 racks]
    Turn  6 (NOINF   p1): J4 PAY 29  [15.0s, 765317 iters]
    Turn  7 (SIMINF  p0): K3 VOGS 32  [15.0s, 261398 iters, siminf=10.01s 1496 racks]
    Turn  8 (NOINF   p1): L4 ZE 54  [15.0s, 860549 iters]
    Turn  9 (SIMINF  p0): B10 WAKAN(E) 42  [15.0s, 265851 iters, siminf=10.04s 2483 racks]
    Turn 10 (NOINF   p1): A4 DRYABLE 100  [15.0s, 751316 iters]
    Turn 11 (SIMINF  p0): 13A F(A)LL 14  [15.0s, 699734 iters, siminf=0.06s 1 racks]
    Turn 12 (NOINF   p1): 14H (A)CQuIRES 126  [15.0s, 790664 iters]
    Turn 13 (SIMINF  p0): O8 SONGFE(S)T 194  [15.0s, 891647 iters, siminf=0.06s 1 racks]
    Turn 14 (NOINF   p1): F3 ROOMI(E)ST 68  [15.0s, 781559 iters]
    Turn 15 (SIMINF  p0): E5 HAP 34  [15.0s, 827882 iters, siminf=0.06s 1 racks]
    Turn 16 (NOINF   p1): 2D TABU 31  [15.0s, 793210 iters]
    Turn 17 (SIMINF  p0): 1A VIGIA 35  [15.0s, 340212 iters, siminf=10.03s 1290 racks]
    Turn 18 (NOINF   p1): H1 UNWIT 34  [15.0s, 1676415 iters]
    Turn 19 (SIMINF  p0): B6 OH 19  [15.0s, 3571590 iters]
    Turn 20 (NOINF   p1): G7 C(U)T 22  [0.0s, 15 iters]
    Turn 21 (SIMINF  p0): D5 ODE 24  [0.0s, 15 iters]
    Turn 22 (NOINF   p1): M5 ELM 13  [0.0s, 15 iters]
    Turn 23 (SIMINF  p0): 12E IRE(D) 5  [0.0s, 15 iters]
    Final: SIMINF 538 - NOINF 535 (23 turns, 285.1s)
  Game  66 (seed= 33, NOINF vs SIMINF):
    Turn  1 (NOINF   p0): 8F EUOI 8  [15.0s, 1256277 iters]
    Turn  2 (SIMINF  p1): I6 OU(I)JA 21  [15.0s, 381473 iters, siminf=10.05s 2582 racks]
    Turn  3 (NOINF   p0): J10 XI 50  [15.0s, 1017648 iters]
    Turn  4 (SIMINF  p1): H10 REDIAE 37  [15.0s, 320504 iters, siminf=10.01s 2138 racks]
    Turn  5 (NOINF   p0): 15A DEcENTR(E) 77  [15.0s, 862459 iters]
    Turn  6 (SIMINF  p1): J4 PAY 29  [15.0s, 754695 iters, siminf=0.06s 1 racks]
    Turn  7 (NOINF   p0): K3 VOGS 32  [15.0s, 795673 iters]
    Turn  8 (SIMINF  p1): L4 ZE 54  [15.1s, 284996 iters, siminf=10.06s 1832 racks]
    Turn  9 (NOINF   p0): B10 WAKAN(E) 42  [15.0s, 829420 iters]
    Turn 10 (SIMINF  p1): A4 DRYABLE 100  [15.0s, 694405 iters, siminf=0.74s 188 racks]
    Turn 11 (NOINF   p0): 13A F(A)LL 14  [15.0s, 716020 iters]
    Turn 12 (SIMINF  p1): 14H (A)CQuIRES 126  [15.0s, 262121 iters, siminf=10.03s 1264 racks]
    Turn 13 (NOINF   p0): O8 SONGFE(S)T 194  [15.0s, 879533 iters]
    Turn 14 (SIMINF  p1): F3 ROOMI(E)ST 68  [15.0s, 746836 iters, siminf=0.06s 1 racks]
    Turn 15 (NOINF   p0): E5 HAP 34  [15.0s, 794807 iters]
    Turn 16 (SIMINF  p1): 2D TUB 30  [15.0s, 261512 iters, siminf=10.02s 1250 racks]
    Turn 17 (NOINF   p0): 1A VAGI 30  [15.0s, 940303 iters]
    Turn 18 (SIMINF  p1): H1 UNNAIL 28  [15.0s, 438481 iters, siminf=10.04s 1781 racks]
    Turn 19 (NOINF   p0): N6 HIE 16  [15.0s, 2271906 iters]
    Turn 20 (SIMINF  p1): 13L MET(E) 22  [0.0s, 15 iters]
    Turn 21 (NOINF   p0): M5 REDO 25  [0.0s, 15 iters]
    Turn 22 (SIMINF  p1): 7A (A)CT 6  [0.0s, 15 iters]
    Turn 23 (NOINF   p0): 9D IO(S) 3  [0.0s, 15 iters]
    Final: NOINF 535 - SIMINF 521 (23 turns, 285.2s)

==== Results after 33 seed(s) (198 games) ====
  SIMINF  vs NOINF  :  33 -  33 (0 ties) in  66 games | SIMINF spread +69 (+1.0/g)
  NOINF   overall:  33 wins /  66 games (50.0%)
  STATINF overall:   0 wins /   0 games (0.0%)
  SIMINF  overall:  33 wins /  66 games (50.0%)

  Game  67 (seed= 34, SIMINF vs NOINF):
    Turn  1 (SIMINF  p0): (exch GHNQ)  [15.0s, 1335817 iters]
    Turn  2 (NOINF   p1): 8H ROOFY 30  [15.0s, 1204654 iters]
    Turn  3 (SIMINF  p0): J2 BIZARR(O)S 77  [15.0s, 889075 iters, siminf=0.91s 177 racks]
    Turn  4 (NOINF   p1): L4 TUNN(Y) 16  [15.0s, 938118 iters]
    Turn  5 (SIMINF  p0): 6F QUEE(R) 34  [15.0s, 296199 iters, siminf=10.03s 1767 racks]
    Turn  6 (NOINF   p1): M3 NANA 14  [15.0s, 964387 iters]
    Turn  7 (SIMINF  p0): N2 NOISY 54  [15.0s, 348181 iters, siminf=10.02s 1678 racks]
    Turn  8 (NOINF   p1): H1 SCATH(E) 36  [15.0s, 921165 iters]
    Turn  9 (SIMINF  p0): O1 HOX 51  [15.0s, 960357 iters, siminf=0.46s 37 racks]
    Turn 10 (NOINF   p1): 1A AURIcLE(S) 74  [15.0s, 887028 iters]
    Turn 11 (SIMINF  p0): G3 FE 20  [15.0s, 932867 iters, siminf=0.06s 1 racks]
    Turn 12 (NOINF   p1): 9G PEW(S) 27  [15.0s, 1081308 iters]
    Turn 13 (SIMINF  p0): C1 (R)EGmAKER 76  [15.0s, 339746 iters, siminf=10.05s 2329 racks]
    Turn 14 (NOINF   p1): 10F JIBE 44  [15.0s, 1094615 iters]
    Turn 15 (SIMINF  p0): 8A GI(R)D 24  [15.0s, 365703 iters, siminf=10.00s 2550 racks]
    Turn 16 (NOINF   p1): 11C PICOT 32  [15.0s, 984400 iters]
    Turn 17 (SIMINF  p0): D3 OUTA 21  [15.0s, 938229 iters, siminf=0.39s 69 racks]
    Turn 18 (NOINF   p1): 7E TIG 22  [15.0s, 1033330 iters]
    Turn 19 (SIMINF  p0): 12F TAW 26  [15.1s, 421994 iters, siminf=10.06s 1969 racks]
    Turn 20 (NOINF   p1): B5 MOD(I)I 27  [15.0s, 1618155 iters]
    Turn 21 (SIMINF  p0): 12B VID 24  [15.0s, 2959288 iters]
    Turn 22 (NOINF   p1): A11 LAV 16  [15.0s, 5819202 iters]
    Turn 23 (SIMINF  p0): E3 ENE 24  [0.0s, 15 iters]
    Turn 24 (NOINF   p1): 13C SED 22  [0.0s, 15 iters]
    Turn 25 (SIMINF  p0): 9D OM 7  [0.0s, 15 iters]
    Turn 26 (NOINF   p1): A1 (A)L 2  [0.0s, 15 iters]
    Turn 27 (SIMINF  p0): pass  [0.0s, 3 iters]
    Turn 28 (NOINF   p1): pass  [0.0s, 9 iters]
    Turn 29 (SIMINF  p0): pass  [0.0s, 3 iters]
    Turn 30 (NOINF   p1): pass  [0.0s, 9 iters]
    Turn 31 (SIMINF  p0): pass  [0.0s, 3 iters]
    Turn 32 (NOINF   p1): pass  [0.0s, 9 iters]
    Final: SIMINF 436 - NOINF 361 (32 turns, 330.2s)
  Game  68 (seed= 34, NOINF vs SIMINF):
    Turn  1 (NOINF   p0): (exch GHNQ)  [15.0s, 1284342 iters]
    Turn  2 (SIMINF  p1): 8H ROOFY 30  [15.0s, 373863 iters, siminf=10.02s 2443 racks]
    Turn  3 (NOINF   p0): J2 BIZARR(O)S 77  [15.0s, 926687 iters]
    Turn  4 (SIMINF  p1): L4 TUNN(Y) 16  [15.0s, 924332 iters, siminf=0.06s 1 racks]
    Turn  5 (NOINF   p0): 6F QUEE(R) 34  [15.0s, 889439 iters]
    Turn  6 (SIMINF  p1): M3 NANA 14  [15.0s, 329222 iters, siminf=10.01s 2461 racks]
    Turn  7 (NOINF   p0): N2 NOISY 54  [15.0s, 1034746 iters]
    Turn  8 (SIMINF  p1): H1 SCATH(E) 36  [15.0s, 842523 iters, siminf=0.65s 231 racks]
    Turn  9 (NOINF   p0): O1 HOX 51  [15.0s, 958411 iters]
    Turn 10 (SIMINF  p1): 1A AURIcLE(S) 74  [15.0s, 293457 iters, siminf=10.01s 2319 racks]
    Turn 11 (NOINF   p0): G3 FE 20  [15.0s, 937147 iters]
    Turn 12 (SIMINF  p1): C1 (R)OJI 22  [15.0s, 364340 iters, siminf=10.04s 1776 racks]
    Turn 13 (NOINF   p0): H8 (R)EGmAKER 89  [15.0s, 1030947 iters]
    Turn 14 (SIMINF  p1): 9G W(E)B(S) 23  [15.0s, 957755 iters, siminf=0.06s 1 racks]
    Turn 15 (NOINF   p0): 14H (E)RGATOID 78  [15.0s, 1045597 iters]
    Turn 16 (SIMINF  p1): 13K PEP 28  [15.0s, 1043364 iters, siminf=0.06s 1 racks]
    Turn 17 (NOINF   p0): 15K WALDO 59  [15.0s, 1019617 iters]
    Turn 18 (SIMINF  p1): 2B G(O) 12  [15.0s, 1159863 iters, siminf=0.12s 67 racks]
    Turn 19 (NOINF   p0): 7C MUTI 20  [15.0s, 1240031 iters]
    Turn 20 (SIMINF  p1): D3 OD 21  [15.0s, 481434 iters, siminf=10.01s 2323 racks]
    Turn 21 (NOINF   p0): 6A VEE 12  [15.0s, 1966185 iters]
    Turn 22 (SIMINF  p1): 12D TIET(A)C 16  [15.0s, 2604153 iters]
    Turn 23 (NOINF   p0): 8A VAES 32  [0.0s, 15 iters]
    Turn 24 (SIMINF  p1): B8 (A)LME 12  [0.0s, 15 iters]
    Turn 25 (NOINF   p0): 11A L(E)D 4  [0.0s, 15 iters]
    Turn 26 (SIMINF  p1): pass  [0.0s, 8 iters]
    Turn 27 (NOINF   p0): pass  [0.0s, 9 iters]
    Turn 28 (SIMINF  p1): pass  [0.0s, 8 iters]
    Turn 29 (NOINF   p0): pass  [0.0s, 9 iters]
    Turn 30 (SIMINF  p1): pass  [0.0s, 8 iters]
    Turn 31 (NOINF   p0): pass  [0.0s, 9 iters]
    Final: NOINF 529 - SIMINF 302 (31 turns, 330.1s)

==== Results after 34 seed(s) (204 games) ====
  SIMINF  vs NOINF  :  34 -  34 (0 ties) in  68 games | SIMINF spread -83 (-1.2/g)
  NOINF   overall:  34 wins /  68 games (50.0%)
  STATINF overall:   0 wins /   0 games (0.0%)
  SIMINF  overall:  34 wins /  68 games (50.0%)

  Game  69 (seed= 35, SIMINF vs NOINF):
    Turn  1 (SIMINF  p0): 8H OOTID 16  [15.0s, 1195592 iters]
    Turn  2 (NOINF   p1): I3 BELAB(O)UR 69  [15.0s, 912522 iters]
    Turn  3 (SIMINF  p0): H1 NOON 22  [15.0s, 875634 iters, siminf=0.06s 1 racks]
    Turn  4 (NOINF   p1): G1 EINE 18  [15.0s, 826051 iters]
    Turn  5 (SIMINF  p0): K5 RAR(I)TIES 82  [15.0s, 230281 iters, siminf=10.03s 1528 racks]
    Turn  6 (NOINF   p1): J4 WAW 41  [15.0s, 814601 iters]
    Turn  7 (SIMINF  p0): L2 COVEY 40  [15.0s, 258565 iters, siminf=10.01s 4166 racks]
    Turn  8 (NOINF   p1): L11 XI 31  [15.0s, 842398 iters]
    Turn  9 (SIMINF  p0): 2J PA(C)HA 36  [15.0s, 300063 iters, siminf=10.03s 1878 racks]
    Turn 10 (NOINF   p1): 11C MIElIES 79  [15.0s, 747446 iters]
    Turn 11 (SIMINF  p0): 12B HYDRID 47  [15.0s, 667652 iters, siminf=0.06s 1 racks]
    Turn 12 (NOINF   p1): M10 TOFU 30  [15.0s, 747352 iters]
    Turn 13 (SIMINF  p0): N1 P(A)GANIST 63  [15.0s, 203377 iters, siminf=10.05s 1442 racks]
    Turn 14 (NOINF   p1): B12 (H)AUF 20  [15.0s, 585886 iters]
    Turn 15 (SIMINF  p0): K1 Q(A)T 14  [15.1s, 175762 iters, siminf=10.06s 876 racks]
    Turn 16 (NOINF   p1): 1M A(P)E 20  [15.0s, 629504 iters]
    Turn 17 (SIMINF  p0): F11 (lI)NK 17  [15.0s, 188209 iters, siminf=10.04s 593 racks]
    Turn 18 (NOINF   p1): 7G JI(B) 22  [15.0s, 670229 iters]
    Turn 19 (SIMINF  p0): 1A ENUREM(EN)T 86  [15.0s, 220159 iters, siminf=10.03s 692 racks]
    Turn 20 (NOINF   p1): 13A L(A)C 30  [15.0s, 1000803 iters]
    Turn 21 (SIMINF  p0): 15F SEZ 44  [15.0s, 4499362 iters]
    Turn 22 (NOINF   p1): O8 ALDOL 27  [0.0s, 15 iters]
    Turn 23 (SIMINF  p0): E1 (E)VO 6  [0.0s, 15 iters]
    Turn 24 (NOINF   p1): H13 fE(Z) 11  [0.0s, 15 iters]
    Final: SIMINF 473 - NOINF 408 (24 turns, 315.3s)
  Game  70 (seed= 35, NOINF vs SIMINF):
    Turn  1 (NOINF   p0): 8H OOTID 16  [15.0s, 1189662 iters]
    Turn  2 (SIMINF  p1): I3 BELAB(O)UR 69  [15.0s, 869344 iters, siminf=0.57s 72 racks]
    Turn  3 (NOINF   p0): H1 NOON 22  [15.0s, 883134 iters]
    Turn  4 (SIMINF  p1): K6 ME(I)NIE 16  [15.1s, 262584 iters, siminf=10.05s 1757 racks]
    Turn  5 (NOINF   p0): 1A RESTRAI(N) 77  [15.0s, 635120 iters]
    Turn  6 (SIMINF  p1): J4 WAI 23  [15.0s, 653133 iters, siminf=0.06s 1 racks]
    Turn  7 (NOINF   p0): G3 DEV 24  [15.0s, 671283 iters]
    Turn  8 (SIMINF  p1): 2E EX 52  [15.0s, 219971 iters, siminf=10.02s 1298 racks]
    Turn  9 (NOINF   p0): H10 ORPHIC 50  [15.0s, 667143 iters]
    Turn 10 (SIMINF  p1): 12D WIcO(P)IES 83  [15.0s, 609760 iters, siminf=0.12s 20 racks]
    Turn 11 (NOINF   p0): 11C YAH 33  [15.0s, 690658 iters]
    Turn 12 (SIMINF  p1): 10D FAUT(OR) 26  [15.0s, 236232 iters, siminf=10.02s 1149 racks]
    Turn 13 (NOINF   p0): B9 DYNAST 46  [15.0s, 632867 iters]
    Turn 14 (SIMINF  p1): A12 FUEL 46  [15.0s, 614150 iters, siminf=0.11s 5 racks]
    Turn 15 (NOINF   p0): A4 MAGPIE 45  [15.0s, 524534 iters]
    Turn 16 (SIMINF  p1): 6F JA 33  [15.0s, 539252 iters, siminf=0.06s 10 racks]
    Turn 17 (NOINF   p0): (exch NQTT)  [15.0s, 524159 iters]
    Turn 18 (SIMINF  p1): 15H (C)ALICOEs 92  [15.0s, 230881 iters, siminf=10.04s 901 racks]
    Turn 19 (NOINF   p0): J11 Z(E)K 27  [15.0s, 853199 iters]
    Turn 20 (SIMINF  p1): 14G Q(I)N 14  [15.0s, 2147273 iters]
    Turn 21 (NOINF   p0): B1 (E)EVEN 22  [15.0s, 3439255 iters]
    Turn 22 (SIMINF  p1): D1 (T)ROD 20  [0.0s, 15 iters]
    Turn 23 (NOINF   p0): L13 RU(C) 5  [0.0s, 15 iters]
    Turn 24 (SIMINF  p1): 14K G(U) 6  [0.0s, 15 iters]
    Turn 25 (NOINF   p0): pass  [0.0s, 6 iters]
    Turn 26 (SIMINF  p1): 14K (GU)S 6  [0.0s, 15 iters]
    Turn 27 (NOINF   p0): pass  [0.0s, 5 iters]
    Turn 28 (SIMINF  p1): pass  [0.0s, 5 iters]
    Turn 29 (NOINF   p0): pass  [0.0s, 5 iters]
    Turn 30 (SIMINF  p1): pass  [0.0s, 5 iters]
    Turn 31 (NOINF   p0): pass  [0.0s, 5 iters]
    Turn 32 (SIMINF  p1): pass  [0.0s, 5 iters]
    Final: NOINF 365 - SIMINF 483 (32 turns, 315.1s)

==== Results after 35 seed(s) (210 games) ====
  SIMINF  vs NOINF  :  36 -  34 (0 ties) in  70 games | SIMINF spread +100 (+1.4/g)
  NOINF   overall:  34 wins /  70 games (48.6%)
  STATINF overall:   0 wins /   0 games (0.0%)
  SIMINF  overall:  36 wins /  70 games (51.4%)

  Game  71 (seed= 36, SIMINF vs NOINF):
    Turn  1 (SIMINF  p0): 8F MWAH 24  [15.0s, 1173914 iters]
    Turn  2 (NOINF   p1): G7 I(W)I 8  [15.0s, 1130076 iters]
    Turn  3 (SIMINF  p0): 7I CHOUX 38  [15.0s, 360839 iters, siminf=10.01s 2900 racks]
    Turn  4 (NOINF   p1): 9I EVIRATE 71  [15.0s, 1022326 iters]
    Turn  5 (SIMINF  p0): O8 R(E)DEYE 42  [15.0s, 900631 iters, siminf=0.06s 1 racks]
    Turn  6 (NOINF   p1): 12K PODG(Y) 24  [15.0s, 819775 iters]
    Turn  7 (SIMINF  p0): 13G zAREEBA 82  [15.0s, 262264 iters, siminf=10.01s 1519 racks]
    Turn  8 (NOINF   p1): 11G POTION 31  [15.0s, 910750 iters]
    Turn  9 (SIMINF  p0): H13 (A)DZ 39  [15.0s, 741445 iters, siminf=0.12s 15 racks]
    Turn 10 (NOINF   p1): 14M KIS 33  [15.0s, 825117 iters]
    Turn 11 (SIMINF  p0): 15J QINS 23  [15.0s, 291748 iters, siminf=10.01s 1615 racks]
    Turn 12 (NOINF   p1): 6J UNGET 31  [15.0s, 973387 iters]
    Turn 13 (SIMINF  p0): 15D WALT(Z) 21  [15.0s, 923486 iters, siminf=0.45s 159 racks]
    Turn 14 (NOINF   p1): D12 VRO(W) 20  [15.0s, 935476 iters]
    Turn 15 (SIMINF  p0): M3 CUL(EX) 28  [15.0s, 319082 iters, siminf=10.04s 1748 racks]
    Turn 16 (NOINF   p1): 5D EYELIAD 79  [15.0s, 925387 iters]
    Turn 17 (SIMINF  p0): 3F UNEROTI(C) 62  [15.0s, 772780 iters, siminf=0.06s 1 racks]
    Turn 18 (NOINF   p1): 4B AEONS 22  [15.0s, 852065 iters]
    Turn 19 (SIMINF  p0): 3A BARF 30  [15.0s, 1005275 iters]
    Turn 20 (NOINF   p1): 10H JA 28  [0.0s, 15 iters]
    Turn 21 (SIMINF  p0): 2F MOrEL 35  [0.0s, 15 iters]
    Turn 22 (NOINF   p1): 6A FIGS 17  [0.0s, 15 iters]
    Turn 23 (SIMINF  p0): pass  [0.0s, 9 iters]
    Turn 24 (NOINF   p1): pass  [0.0s, 10 iters]
    Turn 25 (SIMINF  p0): pass  [0.0s, 9 iters]
    Turn 26 (NOINF   p1): pass  [0.0s, 10 iters]
    Turn 27 (SIMINF  p0): pass  [0.0s, 9 iters]
    Turn 28 (NOINF   p1): pass  [0.0s, 10 iters]
    Final: SIMINF 423 - NOINF 363 (28 turns, 285.1s)
  Game  72 (seed= 36, NOINF vs SIMINF):
    Turn  1 (NOINF   p0): 8F MWAH 24  [15.0s, 1186145 iters]
    Turn  2 (SIMINF  p1): G7 I(W)I 8  [15.0s, 360279 iters, siminf=10.02s 2301 racks]
    Turn  3 (NOINF   p0): 7I CHOUX 38  [15.0s, 1092550 iters]
    Turn  4 (SIMINF  p1): 9I EVIRATE 71  [15.0s, 976373 iters, siminf=0.94s 269 racks]
    Turn  5 (NOINF   p0): O8 R(E)DEYE 42  [15.0s, 905539 iters]
    Turn  6 (SIMINF  p1): 12K PODG(Y) 24  [15.0s, 789961 iters, siminf=0.87s 102 racks]
    Turn  7 (NOINF   p0): 13G zAREEBA 82  [15.0s, 771452 iters]
    Turn  8 (SIMINF  p1): 11G POTION 31  [15.0s, 863593 iters, siminf=0.06s 1 racks]
    Turn  9 (NOINF   p0): H13 (A)DZ 39  [15.0s, 738839 iters]
    Turn 10 (SIMINF  p1): 14M KIS 33  [15.0s, 268793 iters, siminf=10.03s 2520 racks]
    Turn 11 (NOINF   p0): 15J QINS 23  [15.0s, 899875 iters]
    Turn 12 (SIMINF  p1): 6J UNGET 31  [15.0s, 327221 iters, siminf=10.01s 2437 racks]
    Turn 13 (NOINF   p0): 15D WALT(Z) 21  [15.0s, 954663 iters]
    Turn 14 (SIMINF  p1): D12 VRO(W) 20  [15.0s, 321691 iters, siminf=10.01s 3115 racks]
    Turn 15 (NOINF   p0): M3 CUL(EX) 28  [15.0s, 1002343 iters]
    Turn 16 (SIMINF  p1): 5D EYELIAD 79  [15.0s, 310922 iters, siminf=10.04s 3075 racks]
    Turn 17 (NOINF   p0): 3F UNEROTI(C) 62  [15.0s, 772868 iters]
    Turn 18 (SIMINF  p1): 4B AEONS 22  [15.0s, 820605 iters, siminf=0.06s 1 racks]
    Turn 19 (NOINF   p0): 3A BARF 30  [15.0s, 972670 iters]
    Turn 20 (SIMINF  p1): 10H JA 28  [0.0s, 15 iters]
    Turn 21 (NOINF   p0): 2F MOrEL 35  [0.0s, 15 iters]
    Turn 22 (SIMINF  p1): 6A FIGS 17  [0.0s, 15 iters]
    Turn 23 (NOINF   p0): pass  [0.0s, 9 iters]
    Turn 24 (SIMINF  p1): pass  [0.0s, 10 iters]
    Turn 25 (NOINF   p0): pass  [0.0s, 9 iters]
    Turn 26 (SIMINF  p1): pass  [0.0s, 10 iters]
    Turn 27 (NOINF   p0): pass  [0.0s, 9 iters]
    Turn 28 (SIMINF  p1): pass  [0.0s, 10 iters]
    Final: NOINF 423 - SIMINF 363 (28 turns, 285.1s)

==== Results after 36 seed(s) (216 games) ====
  SIMINF  vs NOINF  :  37 -  35 (0 ties) in  72 games | SIMINF spread +100 (+1.4/g)
  NOINF   overall:  35 wins /  72 games (48.6%)
  STATINF overall:   0 wins /   0 games (0.0%)
  SIMINF  overall:  37 wins /  72 games (51.4%)

  Game  73 (seed= 37, SIMINF vs NOINF):
    Turn  1 (SIMINF  p0): 8D LOONIE 14  [15.0s, 1083311 iters]
    Turn  2 (NOINF   p1): 9E FEY 29  [15.0s, 1027109 iters]
    Turn  3 (SIMINF  p0): 10G MUCKY 34  [15.0s, 347021 iters, siminf=10.04s 2059 racks]
    Turn  4 (NOINF   p1): K5 HURLE(Y)S 52  [15.0s, 942288 iters]
    Turn  5 (SIMINF  p0): L1 BOOAI 25  [15.0s, 892393 iters, siminf=0.06s 11 racks]
    Turn  6 (NOINF   p1): M2 OXEN 50  [15.0s, 835672 iters]
    Turn  7 (SIMINF  p0): K1 ALS 20  [15.0s, 266057 iters, siminf=10.02s 1926 racks]
    Turn  8 (NOINF   p1): 2J G(LOO)M 24  [15.0s, 754540 iters]
    Turn  9 (SIMINF  p0): I7 Z(E) 21  [15.0s, 255461 iters, siminf=10.00s 1837 racks]
    Turn 10 (NOINF   p1): 8K (L)URCH 33  [15.0s, 843385 iters]
    Turn 11 (SIMINF  p0): M7 W(R)INGERS 84  [15.0s, 250053 iters, siminf=10.02s 2405 racks]
    Turn 12 (NOINF   p1): 7C WADT 24  [15.0s, 808205 iters]
    Turn 13 (SIMINF  p0): L11 EAU 16  [15.0s, 292752 iters, siminf=10.04s 1507 racks]
    Turn 14 (NOINF   p1): 6A OVA 19  [15.0s, 871132 iters]
    Turn 15 (SIMINF  p0): 5C PRETEEN 76  [15.0s, 236766 iters, siminf=10.02s 1656 racks]
    Turn 16 (NOINF   p1): H1 TRID(E) 24  [15.0s, 575157 iters]
    Turn 17 (SIMINF  p0): A6 (O)IDIA 18  [15.0s, 170225 iters, siminf=10.02s 1117 racks]
    Turn 18 (NOINF   p1): B8 INDiTER 84  [15.0s, 369421 iters]
    Turn 19 (SIMINF  p0): 1K (AB)BOT 45  [15.0s, 468661 iters, siminf=0.06s 1 racks]
    Turn 20 (NOINF   p1): O7 S(H)EAFING 66  [15.0s, 501805 iters]
    Turn 21 (SIMINF  p0): 3B AVEnTA(I)L 74  [0.0s, 15 iters]
    Final: SIMINF 473 - NOINF 405 (21 turns, 300.2s)
  Game  74 (seed= 37, NOINF vs SIMINF):
    Turn  1 (NOINF   p0): 8D LOONIE 14  [15.0s, 1055580 iters]
    Turn  2 (SIMINF  p1): 9E FEY 29  [15.0s, 1006355 iters, siminf=0.12s 7 racks]
    Turn  3 (NOINF   p0): 10G MUCKY 34  [15.0s, 1034061 iters]
    Turn  4 (SIMINF  p1): K5 HURLE(Y)S 52  [15.0s, 844757 iters, siminf=0.99s 271 racks]
    Turn  5 (NOINF   p0): L1 BOOAI 25  [15.0s, 892035 iters]
    Turn  6 (SIMINF  p1): M2 OXEN 50  [15.0s, 792605 iters, siminf=0.79s 99 racks]
    Turn  7 (NOINF   p0): K1 ALS 20  [15.0s, 811399 iters]
    Turn  8 (SIMINF  p1): N5 GRAV 18  [15.0s, 255572 iters, siminf=10.04s 1158 racks]
    Turn  9 (NOINF   p0): O1 GREWS 48  [15.0s, 670337 iters]
    Turn 10 (SIMINF  p1): 10B DUNT 15  [15.0s, 635843 iters, siminf=0.76s 181 racks]
    Turn 11 (NOINF   p0): 9M ZE 30  [15.0s, 710161 iters]
    Turn 12 (SIMINF  p1): I1 CHOWTIM(E) 72  [15.0s, 255946 iters, siminf=10.03s 1124 racks]
    Turn 13 (NOINF   p0): M9 (Z)EATIN 30  [15.0s, 680150 iters]
    Turn 14 (SIMINF  p1): O9 DREADeR 90  [15.0s, 644145 iters, siminf=0.35s 30 racks]
    Turn 15 (NOINF   p0): B7 PRU(D)ENcE 70  [15.0s, 617652 iters]
    Turn 16 (SIMINF  p1): C2 FINITE 25  [15.0s, 579595 iters, siminf=0.06s 1 racks]
    Turn 17 (NOINF   p0): H4 AIDO(I) 22  [15.0s, 610869 iters]
    Turn 18 (SIMINF  p1): 4A QI(N) 22  [15.0s, 1022317 iters]
    Turn 19 (NOINF   p0): L12 ABA 20  [15.0s, 1457895 iters]
    Turn 20 (SIMINF  p1): 5B S(I)JO 24  [0.0s, 15 iters]
    Turn 21 (NOINF   p0): 12A I(N)LET 12  [0.0s, 15 iters]
    Turn 22 (SIMINF  p1): 9A P(U)G 13  [0.0s, 15 iters]
    Turn 23 (NOINF   p0): D12 (E)T 2  [0.0s, 15 iters]
    Final: NOINF 337 - SIMINF 410 (23 turns, 285.1s)

==== Results after 37 seed(s) (222 games) ====
  SIMINF  vs NOINF  :  39 -  35 (0 ties) in  74 games | SIMINF spread +241 (+3.3/g)
  NOINF   overall:  35 wins /  74 games (47.3%)
  STATINF overall:   0 wins /   0 games (0.0%)
  SIMINF  overall:  39 wins /  74 games (52.7%)

  Game  75 (seed= 38, SIMINF vs NOINF):
    Turn  1 (SIMINF  p0): 8H OK 12  [15.0s, 1267593 iters]
    Turn  2 (NOINF   p1): 9G WHY 38  [15.0s, 1045002 iters]
    Turn  3 (SIMINF  p0): J4 MAINEsT 81  [15.0s, 315434 iters, siminf=10.03s 4405 racks]
    Turn  4 (NOINF   p1): 5I Z(A)P 28  [15.0s, 900881 iters]
    Turn  5 (SIMINF  p0): 6G HIO(I) 18  [15.0s, 345955 iters, siminf=10.02s 2102 racks]
    Turn  6 (NOINF   p1): L2 FUNS 29  [15.0s, 951244 iters]
    Turn  7 (SIMINF  p0): 2L (F)OIL 14  [15.0s, 342158 iters, siminf=10.04s 1914 racks]
    Turn  8 (NOINF   p1): O1 C(L)EG 27  [15.0s, 955578 iters]
    Turn  9 (SIMINF  p0): 3K A(U)E 10  [15.1s, 322403 iters, siminf=10.05s 1876 racks]
    Turn 10 (NOINF   p1): (exch LQ)  [15.0s, 1007488 iters]
    Turn 11 (SIMINF  p0): 5D VINO 19  [15.0s, 306015 iters, siminf=10.01s 1255 racks]
    Turn 12 (NOINF   p1): 10B ENGORES 73  [15.0s, 835919 iters]
    Turn 13 (SIMINF  p0): 11E WEN 30  [15.0s, 911155 iters, siminf=0.06s 1 racks]
    Turn 14 (NOINF   p1): 12F PAVIORS 94  [15.0s, 878274 iters]
    Turn 15 (SIMINF  p0): H12 (V)ERB 27  [15.0s, 922602 iters, siminf=0.06s 1 racks]
    Turn 16 (NOINF   p1): (exch ADDGQTT)  [15.0s, 878580 iters]
    Turn 17 (SIMINF  p0): N4 UTU 8  [15.0s, 275485 iters, siminf=10.03s 519 racks]
    Turn 18 (NOINF   p1): 13H (E)F 18  [15.0s, 862491 iters]
    Turn 19 (SIMINF  p0): B4 LETTER(E)D 61  [15.0s, 243057 iters, siminf=10.04s 1237 racks]
    Turn 20 (NOINF   p1): A11 ABORD 36  [15.0s, 668222 iters]
    Turn 21 (SIMINF  p0): D4 E(V)ITIN(G) 24  [15.0s, 531872 iters, siminf=0.65s 81 racks]
    Turn 22 (NOINF   p1): 8A S(E)X(I)LY 48  [15.0s, 572990 iters]
    Turn 23 (SIMINF  p0): C3 QI 25  [15.0s, 304822 iters, siminf=10.02s 1791 racks]
    Turn 24 (NOINF   p1): 7B (T)E(T) 14  [15.0s, 1475437 iters]
    Turn 25 (SIMINF  p0): O6 RAJA 35  [15.0s, 1769882 iters]
    Turn 26 (NOINF   p1): L7 ChIAU(S)ED 60  [15.0s, 4961637 iters]
    Turn 27 (SIMINF  p0): 7F OM 23  [0.0s, 15 iters]
    Turn 28 (NOINF   p1): pass  [0.0s, 9 iters]
    Turn 29 (SIMINF  p0): 14L (D)ADA 12  [0.0s, 15 iters]
    Turn 30 (NOINF   p1): pass  [0.0s, 12 iters]
    Turn 31 (SIMINF  p0): 10L (A)L 2  [0.0s, 15 iters]
    Turn 32 (NOINF   p1): pass  [0.0s, 10 iters]
    Turn 33 (SIMINF  p0): pass  [0.0s, 6 iters]
    Turn 34 (NOINF   p1): pass  [0.0s, 10 iters]
    Turn 35 (SIMINF  p0): pass  [0.0s, 6 iters]
    Turn 36 (NOINF   p1): pass  [0.0s, 10 iters]
    Turn 37 (SIMINF  p0): pass  [0.0s, 6 iters]
    Final: SIMINF 399 - NOINF 464 (37 turns, 390.2s)
  Game  76 (seed= 38, NOINF vs SIMINF):
    Turn  1 (NOINF   p0): 8H OK 12  [15.0s, 1275959 iters]
    Turn  2 (SIMINF  p1): 9G WHY 38  [15.1s, 339108 iters, siminf=10.05s 2242 racks]
    Turn  3 (NOINF   p0): J4 MAINEsT 81  [15.0s, 973599 iters]
    Turn  4 (SIMINF  p1): 5I Z(A)P 28  [15.0s, 898779 iters, siminf=0.06s 1 racks]
    Turn  5 (NOINF   p0): 6G HIO(I) 18  [15.0s, 1089144 iters]
    Turn  6 (SIMINF  p1): L2 FUNS 29  [15.0s, 326989 iters, siminf=10.05s 2067 racks]
    Turn  7 (NOINF   p0): 2L (F)OIL 14  [15.0s, 1047217 iters]
    Turn  8 (SIMINF  p1): O1 C(L)EG 27  [15.0s, 312263 iters, siminf=10.00s 1298 racks]
    Turn  9 (NOINF   p0): 10F REO 16  [15.0s, 995652 iters]
    Turn 10 (SIMINF  p1): (exch NQ)  [15.1s, 363107 iters, siminf=10.05s 1653 racks]
    Turn 11 (NOINF   p0): 5A VAWNTIE 81  [15.0s, 844808 iters]
    Turn 12 (SIMINF  p1): B5 (A)EROGELS 63  [15.0s, 769972 iters, siminf=0.06s 1 racks]
    Turn 13 (NOINF   p0): 12B (S)UBTEENS 72  [15.0s, 680928 iters]
    Turn 14 (SIMINF  p1): 8A P(O)OF 39  [15.0s, 572331 iters, siminf=0.06s 1 racks]
    Turn 15 (NOINF   p0): 13G XU 36  [15.0s, 653951 iters]
    Turn 16 (SIMINF  p1): 3K Q(U)IT(E) 34  [15.0s, 242184 iters, siminf=10.01s 1502 racks]
    Turn 17 (NOINF   p0): 14H NITRIDE 73  [15.0s, 739392 iters]
    Turn 18 (SIMINF  p1): L10 GRAV(I)D 26  [15.0s, 661544 iters, siminf=0.06s 1 racks]
    Turn 19 (NOINF   p0): 15L (D)IME 28  [15.0s, 710742 iters]
    Turn 20 (SIMINF  p1): 4H DA(M) 20  [15.0s, 225194 iters, siminf=10.01s 1415 racks]
    Turn 21 (NOINF   p0): 3C JACARE 35  [15.0s, 1036707 iters]
    Turn 22 (SIMINF  p1): 2F BATON 31  [15.0s, 1539417 iters]
    Turn 23 (NOINF   p0): 15E DOYs 30  [0.0s, 15 iters]
    Turn 24 (SIMINF  p1): 14B LARIS 21  [0.0s, 15 iters]
    Turn 25 (NOINF   p0): 1I LA 6  [0.0s, 15 iters]
    Turn 26 (SIMINF  p1): 11A E(L) 2  [0.0s, 15 iters]
    Final: NOINF 502 - SIMINF 360 (26 turns, 330.2s)

==== Results after 38 seed(s) (228 games) ====
  SIMINF  vs NOINF  :  39 -  37 (0 ties) in  76 games | SIMINF spread +34 (+0.4/g)
  NOINF   overall:  37 wins /  76 games (48.7%)
  STATINF overall:   0 wins /   0 games (0.0%)
  SIMINF  overall:  39 wins /  76 games (51.3%)

  Game  77 (seed= 39, SIMINF vs NOINF):
    Turn  1 (SIMINF  p0): 8G VAW 18  [15.0s, 1269025 iters]
    Turn  2 (NOINF   p1): 7H FA 17  [15.0s, 1269887 iters]
    Turn  3 (SIMINF  p0): 9H TAV 20  [15.1s, 425606 iters, siminf=10.05s 2672 racks]
    Turn  4 (NOINF   p1): K9 SAU 13  [15.0s, 1230966 iters]
    Turn  5 (SIMINF  p0): J9 (V)AX 28  [15.0s, 422666 iters, siminf=10.02s 1704 racks]
    Turn  6 (NOINF   p1): 10B UNROPES 74  [15.0s, 1068662 iters]
    Turn  7 (SIMINF  p0): E9 T(O)MB 16  [15.0s, 995207 iters, siminf=0.06s 1 racks]
    Turn  8 (NOINF   p1): (exch EEIIO)  [15.0s, 966530 iters]
    Turn  9 (SIMINF  p0): B9 G(U)RNED 16  [15.1s, 290314 iters, siminf=10.05s 918 racks]
    Turn 10 (NOINF   p1): (exch EEIOO)  [15.0s, 874951 iters]
    Turn 11 (SIMINF  p0): A13 HOI 26  [15.0s, 288686 iters, siminf=10.05s 759 racks]
    Turn 12 (NOINF   p1): C10 (N)EEM 32  [15.0s, 855472 iters]
    Turn 13 (SIMINF  p0): A7 FOU 21  [15.0s, 322967 iters, siminf=10.04s 1831 racks]
    Turn 14 (NOINF   p1): J6 ZA 37  [15.0s, 805355 iters]
    Turn 15 (SIMINF  p0): K1 ThEREON 80  [15.0s, 296880 iters, siminf=10.04s 2237 racks]
    Turn 16 (NOINF   p1): 2H QOP(h) 20  [15.0s, 734780 iters]
    Turn 17 (SIMINF  p0): L1 OS 21  [15.0s, 315060 iters, siminf=10.03s 2131 racks]
    Turn 18 (NOINF   p1): 12K TALLY 28  [15.0s, 939226 iters]
    Turn 19 (SIMINF  p0): N10 WI(L)CO 36  [15.0s, 825939 iters, siminf=0.67s 80 racks]
    Turn 20 (NOINF   p1): 3G JIB 41  [15.0s, 962078 iters]
    Turn 21 (SIMINF  p0): O8 THE 23  [15.0s, 302501 iters, siminf=10.04s 3159 racks]
    Turn 22 (NOINF   p1): 13F DRAINED 69  [15.0s, 891091 iters]
    Turn 23 (SIMINF  p0): N2 GENTLES 72  [15.0s, 877011 iters, siminf=0.06s 1 racks]
    Turn 24 (NOINF   p1): O1 IURE 23  [15.0s, 1183222 iters]
    Turn 25 (SIMINF  p0): B5 ICY 22  [15.0s, 1704436 iters]
    Turn 26 (NOINF   p1): 4F IONs 30  [0.0s, 15 iters]
    Turn 27 (SIMINF  p0): 7A (FY)KED 21  [0.0s, 15 iters]
    Turn 28 (NOINF   p1): H13 (A)IR 9  [0.0s, 15 iters]
    Turn 29 (SIMINF  p0): 8L GA(ST) 7  [0.0s, 15 iters]
    Turn 30 (NOINF   p1): pass  [0.0s, 14 iters]
    Turn 31 (SIMINF  p0): pass  [0.0s, 12 iters]
    Turn 32 (NOINF   p1): pass  [0.0s, 14 iters]
    Turn 33 (SIMINF  p0): pass  [0.0s, 12 iters]
    Turn 34 (NOINF   p1): pass  [0.0s, 14 iters]
    Turn 35 (SIMINF  p0): pass  [0.0s, 12 iters]
    Final: SIMINF 426 - NOINF 392 (35 turns, 375.3s)
  Game  78 (seed= 39, NOINF vs SIMINF):
    Turn  1 (NOINF   p0): 8G VAW 18  [15.0s, 1321839 iters]
    Turn  2 (SIMINF  p1): J6 FAS 24  [15.1s, 432375 iters, siminf=10.06s 3156 racks]
    Turn  3 (NOINF   p0): K5 VAG 22  [15.0s, 1274842 iters]
    Turn  4 (SIMINF  p1): L6 EAU 14  [15.0s, 399399 iters, siminf=10.01s 3022 racks]
    Turn  5 (NOINF   p0): 9J TAX 28  [15.0s, 1152429 iters]
    Turn  6 (SIMINF  p1): 10D INPOURS 77  [15.0s, 331985 iters, siminf=10.00s 2518 racks]
    Turn  7 (NOINF   p0): D9 B(I)RD 14  [15.0s, 939685 iters]
    Turn  8 (SIMINF  p1): E8 AI(N)EE 21  [15.0s, 305184 iters, siminf=10.02s 1655 racks]
    Turn  9 (NOINF   p0): F12 NTH 18  [15.0s, 842231 iters]
    Turn 10 (SIMINF  p1): (exch EEIOOO)  [15.0s, 280829 iters, siminf=10.02s 1902 racks]
    Turn 11 (NOINF   p0): H10 (U)NRULE 21  [15.0s, 868238 iters]
    Turn 12 (SIMINF  p1): 14E P(H)I(L)ATELY 69  [15.0s, 805357 iters, siminf=0.62s 136 racks]
    Turn 13 (NOINF   p0): M8 TIFO 22  [15.0s, 883974 iters]
    Turn 14 (SIMINF  p1): 15D QI 25  [15.0s, 261681 iters, siminf=10.02s 1618 racks]
    Turn 15 (NOINF   p0): H1 METaSOM(A) 83  [15.0s, 824829 iters]
    Turn 16 (SIMINF  p1): 5D GOJI(S) 26  [15.0s, 848680 iters, siminf=0.06s 1 racks]
    Turn 17 (NOINF   p0): I13 G(A)W 19  [15.0s, 808093 iters]
    Turn 18 (SIMINF  p1): 2B DURNED(E)R 74  [15.0s, 226015 iters, siminf=10.02s 1231 racks]
    Turn 19 (NOINF   p0): 15L OOZE 50  [15.0s, 671476 iters]
    Turn 20 (SIMINF  p1): 6C BIRO 24  [15.0s, 297382 iters, siminf=10.03s 2114 racks]
    Turn 21 (NOINF   p0): G13 H(I)N 28  [15.0s, 1054900 iters]
    Turn 22 (SIMINF  p1): O8 DOwNLIK(E) 89  [15.0s, 2024967 iters]
    Turn 23 (NOINF   p0): 13A EYES 22  [0.0s, 15 iters]
    Turn 24 (SIMINF  p1): L12 CA(LO) 12  [0.0s, 15 iters]
    Turn 25 (NOINF   p0): 4H (a)CT 4  [0.0s, 15 iters]
    Turn 26 (SIMINF  p1): B12 E(Y)E 12  [0.0s, 15 iters]
    Turn 27 (NOINF   p0): pass  [0.0s, 6 iters]
    Turn 28 (SIMINF  p1): C6 (B)A 5  [0.0s, 15 iters]
    Turn 29 (NOINF   p0): pass  [0.0s, 8 iters]
    Turn 30 (SIMINF  p1): pass  [0.0s, 8 iters]
    Turn 31 (NOINF   p0): pass  [0.0s, 8 iters]
    Turn 32 (SIMINF  p1): pass  [0.0s, 8 iters]
    Turn 33 (NOINF   p0): pass  [0.0s, 8 iters]
    Turn 34 (SIMINF  p1): pass  [0.0s, 8 iters]
    Final: NOINF 348 - SIMINF 471 (34 turns, 330.2s)

==== Results after 39 seed(s) (234 games) ====
  SIMINF  vs NOINF  :  41 -  37 (0 ties) in  78 games | SIMINF spread +191 (+2.4/g)
  NOINF   overall:  37 wins /  78 games (47.4%)
  STATINF overall:   0 wins /   0 games (0.0%)
  SIMINF  overall:  41 wins /  78 games (52.6%)

  Game  79 (seed= 40, SIMINF vs NOINF):
    Turn  1 (SIMINF  p0): 8D ZINCS 52  [15.0s, 1204504 iters]
    Turn  2 (NOINF   p1): 9C JEFE 40  [15.0s, 1232032 iters]
    Turn  3 (SIMINF  p0): F8 (NE)XT 27  [15.0s, 415383 iters, siminf=10.05s 6529 racks]
    Turn  4 (NOINF   p1): (exch BLNRT)  [15.0s, 1249009 iters]
    Turn  5 (SIMINF  p0): 10B COL 32  [15.0s, 374217 iters, siminf=10.01s 1461 racks]
    Turn  6 (NOINF   p1): D8 (ZEL)ATOR 32  [15.0s, 1089718 iters]
    Turn  7 (SIMINF  p0): 14B BA(R)MY 40  [15.1s, 392587 iters, siminf=10.06s 3123 racks]
    Turn  8 (NOINF   p1): 15F ULU 14  [15.0s, 1086048 iters]
    Turn  9 (SIMINF  p0): 11D (A)N(T)IRAPE 40  [15.0s, 364077 iters, siminf=10.03s 2425 racks]
    Turn 10 (NOINF   p1): 15A HIE 24  [15.0s, 1073709 iters]
    Turn 11 (SIMINF  p0): 13C D(O)OK 40  [15.0s, 359714 iters, siminf=10.02s 2249 racks]
    Turn 12 (NOINF   p1): 12I AITU 16  [15.0s, 1076548 iters]
    Turn 13 (SIMINF  p0): 10H OF 13  [15.1s, 366191 iters, siminf=10.06s 2513 racks]
    Turn 14 (NOINF   p1): H1 DISABLE(S) 86  [15.0s, 931714 iters]
    Turn 15 (SIMINF  p0): 2G D(I)APERED 86  [15.0s, 688064 iters, siminf=0.06s 1 racks]
    Turn 16 (NOINF   p1): 3H (S)WILER 47  [15.0s, 717330 iters]
    Turn 17 (SIMINF  p0): L1 W(RE)N 22  [15.0s, 690129 iters, siminf=0.35s 83 racks]
    Turn 18 (NOINF   p1): M6 INVENTS 67  [15.0s, 665222 iters]
    Turn 19 (SIMINF  p0): 1L (W)HOM 45  [15.0s, 530318 iters, siminf=0.06s 1 racks]
    Turn 20 (NOINF   p1): L6 QI 24  [15.0s, 641596 iters]
    Turn 21 (SIMINF  p0): J11 (PI)U 5  [15.0s, 339858 iters, siminf=10.04s 1499 racks]
    Turn 22 (NOINF   p1): 6C GOOGO(L) 12  [15.0s, 1063155 iters]
    Turn 23 (SIMINF  p0): 1A SERIATE(D) 83  [15.0s, 1887313 iters]
    Turn 24 (NOINF   p1): 4D VARi(A)Nt 26  [0.0s, 15 iters]
    Turn 25 (SIMINF  p0): K7 YEA 12  [0.0s, 15 iters]
    Turn 26 (NOINF   p1): pass  [0.0s, 6 iters]
    Turn 27 (SIMINF  p0): pass  [0.0s, 14 iters]
    Turn 28 (NOINF   p1): pass  [0.0s, 6 iters]
    Turn 29 (SIMINF  p0): pass  [0.0s, 14 iters]
    Turn 30 (NOINF   p1): pass  [0.0s, 6 iters]
    Turn 31 (SIMINF  p0): pass  [0.0s, 14 iters]
    Final: SIMINF 496 - NOINF 386 (31 turns, 345.3s)
  Game  80 (seed= 40, NOINF vs SIMINF):
    Turn  1 (NOINF   p0): 8D ZINCS 52  [15.0s, 1207897 iters]
    Turn  2 (SIMINF  p1): 9C JEFE 40  [15.0s, 1163889 iters, siminf=0.59s 221 racks]
    Turn  3 (NOINF   p0): F8 (NE)XT 27  [15.0s, 1249530 iters]
    Turn  4 (SIMINF  p1): (exch BLRT)  [15.0s, 388034 iters, siminf=10.02s 2397 racks]
    Turn  5 (NOINF   p0): 10B COL 32  [15.0s, 1103732 iters]
    Turn  6 (SIMINF  p1): D8 (ZEL)ANT 30  [15.0s, 365800 iters, siminf=10.01s 2836 racks]
    Turn  7 (NOINF   p0): 11C B(A)Y(T) 30  [15.0s, 1142338 iters]
    Turn  8 (SIMINF  p1): H1 HAIRNET(S) 86  [15.0s, 300556 iters, siminf=10.04s 2608 racks]
    Turn  9 (NOINF   p0): G1 OLM 22  [15.0s, 905983 iters]
    Turn 10 (SIMINF  p1): 6C ABOIT(E)AU 64  [15.0s, 288253 iters, siminf=10.01s 1555 racks]
    Turn 11 (NOINF   p0): 4H (R)EPAIRER 72  [15.0s, 790706 iters]
    Turn 12 (SIMINF  p1): 5J LED 20  [15.0s, 669514 iters, siminf=0.06s 1 racks]
    Turn 13 (NOINF   p0): 3L DOF 28  [15.0s, 715594 iters]
    Turn 14 (SIMINF  p1): 14B RESEW 48  [15.0s, 207177 iters, siminf=10.03s 1172 racks]
    Turn 15 (NOINF   p0): 5C DAK 35  [15.0s, 648845 iters]
    Turn 16 (SIMINF  p1): G13 UNI 13  [15.0s, 196727 iters, siminf=10.05s 1206 racks]
    Turn 17 (NOINF   p0): 4B ROD 24  [15.0s, 549886 iters]
    Turn 18 (SIMINF  p1): J4 (PLU)VIOUS 15  [15.0s, 185543 iters, siminf=10.01s 654 racks]
    Turn 19 (NOINF   p0): A4 PAWER 49  [15.0s, 414504 iters]
    Turn 20 (SIMINF  p1): 11H QI(S) 12  [15.0s, 505598 iters, siminf=0.52s 35 racks]
    Turn 21 (NOINF   p0): 8J (I)NHUME 45  [15.0s, 690443 iters]
    Turn 22 (SIMINF  p1): 15G (I)GLOO 18  [15.0s, 909506 iters]
    Turn 23 (NOINF   p0): N8 (M)EATIEST 74  [15.0s, 345597 iters]
    Turn 24 (SIMINF  p1): 9I V(O)yAG(E)d 27  [0.0s, 15 iters]
    Turn 25 (NOINF   p0): K14 Y(O) 5  [0.0s, 15 iters]
    Turn 26 (SIMINF  p1): 12M G(I) 3  [0.0s, 15 iters]
    Turn 27 (NOINF   p0): pass  [0.0s, 15 iters]
    Turn 28 (SIMINF  p1): pass  [0.0s, 10 iters]
    Turn 29 (NOINF   p0): pass  [0.0s, 15 iters]
    Turn 30 (SIMINF  p1): pass  [0.0s, 10 iters]
    Turn 31 (NOINF   p0): pass  [0.0s, 15 iters]
    Turn 32 (SIMINF  p1): pass  [0.0s, 10 iters]
    Final: NOINF 494 - SIMINF 375 (32 turns, 345.2s)

==== Results after 40 seed(s) (240 games) ====
  SIMINF  vs NOINF  :  42 -  38 (0 ties) in  80 games | SIMINF spread +182 (+2.3/g)
  NOINF   overall:  38 wins /  80 games (47.5%)
  STATINF overall:   0 wins /   0 games (0.0%)
  SIMINF  overall:  42 wins /  80 games (52.5%)

  Game  81 (seed= 41, SIMINF vs NOINF):
    Turn  1 (SIMINF  p0): 8D PLONG 22  [15.0s, 1114571 iters]
    Turn  2 (NOINF   p1): E5 RAY(L)IKE 56  [15.0s, 989459 iters]
    Turn  3 (SIMINF  p0): 11D D(E)VEINED 76  [15.0s, 750911 iters, siminf=0.06s 21 racks]
    Turn  4 (NOINF   p1): K4 BAtOONE(D) 70  [15.0s, 686893 iters]
    Turn  5 (SIMINF  p0): I3 PORTMEn 75  [15.0s, 734317 iters, siminf=0.06s 1 racks]
    Turn  6 (NOINF   p1): H3 UMU 21  [15.0s, 761994 iters]
    Turn  7 (SIMINF  p0): F6 WO(O)F 41  [15.1s, 261844 iters, siminf=10.05s 1397 racks]
    Turn  8 (NOINF   p1): L1 FIRIE 34  [15.0s, 855746 iters]
    Turn  9 (SIMINF  p0): 1H DARA(F) 27  [15.0s, 814234 iters, siminf=0.69s 110 racks]
    Turn 10 (NOINF   p1): 10J H(E)LOT 31  [15.0s, 868528 iters]
    Turn 11 (SIMINF  p0): D1 TANGUN 24  [15.0s, 274032 iters, siminf=10.01s 1679 racks]
    Turn 12 (NOINF   p1): 12A EUGE 18  [15.0s, 747111 iters]
    Turn 13 (SIMINF  p0): M8 IR(O)NICAL 72  [15.0s, 236123 iters, siminf=10.04s 1536 racks]
    Turn 14 (NOINF   p1): G2 ICE 23  [15.0s, 677848 iters]
    Turn 15 (SIMINF  p0): 15J STY(L)IE 39  [15.0s, 204610 iters, siminf=10.03s 1298 racks]
    Turn 16 (NOINF   p1): O7 AVOSETS 92  [15.0s, 646171 iters]
    Turn 17 (SIMINF  p0): F1 AX 50  [15.0s, 845200 iters]
    Turn 18 (NOINF   p1): 12L Q(I) 22  [15.0s, 1326088 iters]
    Turn 19 (SIMINF  p0): 13J ZOI(C) 26  [0.0s, 15 iters]
    Turn 20 (NOINF   p1): N2 REWASH 33  [0.0s, 15 iters]
    Turn 21 (SIMINF  p0): 4F D(EMO) 7  [0.0s, 15 iters]
    Turn 22 (NOINF   p1): pass  [0.0s, 12 iters]
    Turn 23 (SIMINF  p0): A11 T(E)L 3  [0.0s, 15 iters]
    Turn 24 (NOINF   p1): pass  [0.0s, 11 iters]
    Turn 25 (SIMINF  p0): pass  [0.0s, 2 iters]
    Turn 26 (NOINF   p1): pass  [0.0s, 11 iters]
    Turn 27 (SIMINF  p0): pass  [0.0s, 2 iters]
    Turn 28 (NOINF   p1): pass  [0.0s, 11 iters]
    Turn 29 (SIMINF  p0): pass  [0.0s, 2 iters]
    Final: SIMINF 454 - NOINF 397 (29 turns, 270.1s)
  Game  82 (seed= 41, NOINF vs SIMINF):
    Turn  1 (NOINF   p0): 8D PLONG 22  [15.0s, 1167106 iters]
    Turn  2 (SIMINF  p1): E5 RAY(L)IKE 56  [15.0s, 964663 iters, siminf=0.97s 181 racks]
    Turn  3 (NOINF   p0): 11D D(E)VEINED 76  [15.0s, 786118 iters]
    Turn  4 (SIMINF  p1): K4 BAtOONE(D) 70  [15.0s, 704311 iters, siminf=0.05s 1 racks]
    Turn  5 (NOINF   p0): I3 PORTMEn 75  [15.0s, 751711 iters]
    Turn  6 (SIMINF  p1): H3 UMU 21  [15.0s, 776331 iters, siminf=0.06s 1 racks]
    Turn  7 (NOINF   p0): F6 WO(O)F 41  [15.0s, 808123 iters]
    Turn  8 (SIMINF  p1): L1 FIRIE 34  [15.0s, 293530 iters, siminf=10.05s 2627 racks]
    Turn  9 (NOINF   p0): D1 DURGAN 28  [15.0s, 856235 iters]
    Turn 10 (SIMINF  p1): 10J H(E)LOT 31  [15.0s, 817218 iters, siminf=0.11s 11 racks]
    Turn 11 (NOINF   p0): 1H ANTI(F)A 27  [15.0s, 764168 iters]
    Turn 12 (SIMINF  p1): 1A GEE(D) 18  [15.0s, 727059 iters, siminf=0.37s 43 racks]
    Turn 13 (NOINF   p0): 8K (O)CTAL 30  [15.0s, 660467 iters]
    Turn 14 (SIMINF  p1): C3 AUE 16  [15.0s, 222785 iters, siminf=10.04s 1547 racks]
    Turn 15 (NOINF   p0): G2 OY 21  [15.0s, 654303 iters]
    Turn 16 (SIMINF  p1): H10 C(I)VIES 45  [15.0s, 214064 iters, siminf=10.02s 1149 racks]
    Turn 17 (NOINF   p0): 15A AIRINES(S) 77  [15.0s, 604200 iters]
    Turn 18 (SIMINF  p1): 14B QAT 50  [15.0s, 851467 iters]
    Turn 19 (NOINF   p0): 2K T(I)X 21  [15.0s, 2673215 iters]
    Turn 20 (SIMINF  p1): B5 SHOWERS 77  [0.0s, 15 iters]
    Final: NOINF 418 - SIMINF 468 (20 turns, 285.1s)

==== Results after 41 seed(s) (246 games) ====
  SIMINF  vs NOINF  :  44 -  38 (0 ties) in  82 games | SIMINF spread +289 (+3.5/g)
  NOINF   overall:  38 wins /  82 games (46.3%)
  STATINF overall:   0 wins /   0 games (0.0%)
  SIMINF  overall:  44 wins /  82 games (53.7%)

  Game  83 (seed= 42, SIMINF vs NOINF):
    Turn  1 (SIMINF  p0): 8D QUEYN 54  [15.0s, 1112302 iters]
    Turn  2 (NOINF   p1): F6 BL(E)NT 15  [15.0s, 1011390 iters]
    Turn  3 (SIMINF  p0): G3 JIVE 26  [15.1s, 314107 iters, siminf=10.06s 2269 racks]
    Turn  4 (NOINF   p1): 4B DUETT(I)NO 70  [15.0s, 996895 iters]
    Turn  5 (SIMINF  p0): 3I BIFIDA 37  [15.0s, 910318 iters, siminf=0.06s 1 racks]
    Turn  6 (NOINF   p1): H8 (N)IHONGAS 89  [15.0s, 858260 iters]
    Turn  7 (SIMINF  p0): 2I OX 55  [15.0s, 904203 iters, siminf=0.06s 1 racks]
    Turn  8 (NOINF   p1): K3 (F)AVA 20  [15.0s, 850805 iters]
    Turn  9 (SIMINF  p0): J6 FLUOR 31  [15.0s, 291871 iters, siminf=10.03s 1657 racks]
    Turn 10 (NOINF   p1): 12F PA(N)DEMIA 76  [15.0s, 853789 iters]
    Turn 11 (SIMINF  p0): 1E WRECK 52  [15.0s, 789177 iters, siminf=0.06s 1 racks]
    Turn 12 (NOINF   p1): L1 WA(I)R 26  [15.0s, 777324 iters]
    Turn 13 (SIMINF  p0): 13J ROTELY 30  [15.0s, 257229 iters, siminf=10.03s 1068 racks]
    Turn 14 (NOINF   p1): 15H (S)NARIEST 77  [15.0s, 637387 iters]
    Turn 15 (SIMINF  p0): O8 MIGHT(Y) 48  [15.0s, 636185 iters, siminf=0.06s 1 racks]
    Turn 16 (NOINF   p1): 3A PAGE 25  [15.0s, 664656 iters]
    Turn 17 (SIMINF  p0): N6 DOOL 15  [15.0s, 702088 iters]
    Turn 18 (NOINF   p1): D6 aC(Q)UIRES 86  [15.0s, 1332307 iters]
    Turn 19 (SIMINF  p0): 1K S(W)IzZ 48  [0.0s, 15 iters]
    Turn 20 (NOINF   p1): O5 EE 5  [0.0s, 15 iters]
    Final: SIMINF 396 - NOINF 495 (20 turns, 270.1s)
  Game  84 (seed= 42, NOINF vs SIMINF):
    Turn  1 (NOINF   p0): 8D QUEYN 54  [15.0s, 1130096 iters]
    Turn  2 (SIMINF  p1): F6 BL(E)NT 15  [15.0s, 980880 iters, siminf=0.56s 327 racks]
    Turn  3 (NOINF   p0): G3 JIVE 26  [15.0s, 918022 iters]
    Turn  4 (SIMINF  p1): 4B DUETT(I)NO 70  [15.0s, 319904 iters, siminf=10.04s 2324 racks]
    Turn  5 (NOINF   p0): 3I BIFIDA 37  [15.0s, 905444 iters]
    Turn  6 (SIMINF  p1): H8 (N)IHONGAS 89  [15.0s, 855836 iters, siminf=0.12s 24 racks]
    Turn  7 (NOINF   p0): 2I OX 55  [15.0s, 905646 iters]
    Turn  8 (SIMINF  p1): K3 (F)AVA 20  [15.1s, 289215 iters, siminf=10.06s 1736 racks]
    Turn  9 (NOINF   p0): J6 FLUOR 31  [15.0s, 907407 iters]
    Turn 10 (SIMINF  p1): 12F PA(N)DEMIA 76  [15.0s, 850177 iters, siminf=0.52s 54 racks]
    Turn 11 (NOINF   p0): 1E WRECK 52  [15.0s, 823773 iters]
    Turn 12 (SIMINF  p1): L1 WA(I)R 26  [15.0s, 753450 iters, siminf=0.51s 113 racks]
    Turn 13 (NOINF   p0): 13J ROTELY 30  [15.0s, 754961 iters]
    Turn 14 (SIMINF  p1): 15H (S)NARIEST 77  [15.0s, 611851 iters, siminf=0.06s 0 racks]
    Turn 15 (NOINF   p0): O8 MIGHT(Y) 48  [15.0s, 643909 iters]
    Turn 16 (SIMINF  p1): 3A PAGE 25  [15.0s, 647204 iters, siminf=0.17s 39 racks]
    Turn 17 (NOINF   p0): N6 DOOL 15  [15.0s, 708712 iters]
    Turn 18 (SIMINF  p1): D6 aC(Q)UIRES 86  [15.0s, 1322702 iters]
    Turn 19 (NOINF   p0): 1K S(W)IzZ 48  [0.0s, 15 iters]
    Turn 20 (SIMINF  p1): O5 EE 5  [0.0s, 15 iters]
    Final: NOINF 396 - SIMINF 495 (20 turns, 270.1s)

==== Results after 42 seed(s) (252 games) ====
  SIMINF  vs NOINF  :  45 -  39 (0 ties) in  84 games | SIMINF spread +289 (+3.4/g)
  NOINF   overall:  39 wins /  84 games (46.4%)
  STATINF overall:   0 wins /   0 games (0.0%)
  SIMINF  overall:  45 wins /  84 games (53.6%)

  Game  85 (seed= 43, SIMINF vs NOINF):
    Turn  1 (SIMINF  p0): 8G GOX 22  [15.0s, 1257494 iters]
    Turn  2 (NOINF   p1): 7D FECULAE 80  [15.0s, 1262457 iters]
    Turn  3 (SIMINF  p0): 8A NICAD 36  [15.0s, 1124792 iters, siminf=0.06s 1 racks]
    Turn  4 (NOINF   p1): 6I VOWING 36  [15.0s, 1072197 iters]
    Turn  5 (SIMINF  p0): 5J REM 27  [15.0s, 973652 iters, siminf=0.11s 20 racks]
    Turn  6 (NOINF   p1): 4K NANNA 28  [15.0s, 848359 iters]
    Turn  7 (SIMINF  p0): O1 PYR(A)L 30  [15.0s, 836192 iters, siminf=1.11s 174 racks]
    Turn  8 (NOINF   p1): 2J GHOST(Y) 34  [15.0s, 854837 iters]
    Turn  9 (SIMINF  p0): A8 (N)IDIfIES 74  [15.0s, 722645 iters, siminf=0.97s 149 racks]
    Turn 10 (NOINF   p1): 1L ZE 44  [15.0s, 802865 iters]
    Turn 11 (SIMINF  p0): 1G OBIA 21  [15.0s, 269650 iters, siminf=10.05s 2209 racks]
    Turn 12 (NOINF   p1): E4 MEV(ED) 22  [15.0s, 808933 iters]
    Turn 13 (SIMINF  p0): D1 KORU 34  [15.0s, 254363 iters, siminf=10.01s 1165 racks]
    Turn 14 (NOINF   p1): 1A WEL(K) 33  [15.0s, 751671 iters]
    Turn 15 (SIMINF  p0): C8 (C)ALIBReD 76  [15.0s, 235091 iters, siminf=10.01s 1301 racks]
