pair,game,a_seat,a_score,b_score,a_spread,a_win,turns
0,0,0,548,361,187,1.0,29
0,1,1,360,531,-171,0.0,35
8,0,0,424,552,-128,0.0,20
8,1,1,487,442,45,1.0,21
16,0,0,499,522,-23,0.0,24
16,1,1,448,451,-3,0.0,21
24,0,0,406,506,-100,0.0,21
24,1,1,416,516,-100,0.0,23
32,0,0,547,302,245,1.0,21
32,1,1,380,446,-66,0.0,24
40,0,0,476,374,102,1.0,21
40,1,1,609,406,203,1.0,25
48,0,0,489,428,61,1.0,21
48,1,1,355,490,-135,0.0,25
56,0,0,462,479,-17,0.0,22
56,1,1,402,464,-62,0.0,27
64,0,0,455,447,8,1.0,25
64,1,1,499,409,90,1.0,26
72,0,0,465,483,-18,0.0,22
72,1,1,514,544,-30,0.0,20
80,0,0,524,494,30,1.0,22
80,1,1,512,513,-1,0.0,20
88,0,0,469,410,59,1.0,26
88,1,1,414,425,-11,0.0,25
96,0,0,454,447,7,1.0,26
96,1,1,394,453,-59,0.0,29
104,0,0,403,522,-119,0.0,24
104,1,1,465,371,94,1.0,25
112,0,0,482,432,50,1.0,24
112,1,1,425,441,-16,0.0,22
120,0,0,469,410,59,1.0,24
120,1,1,356,484,-128,0.0,25
128,0,0,447,478,-31,0.0,23
128,1,1,495,436,59,1.0,26
136,0,0,474,421,53,1.0,26
136,1,1,409,461,-52,0.0,22
144,0,0,436,567,-131,0.0,23
144,1,1,456,441,15,1.0,21
152,0,0,388,511,-123,0.0,20
152,1,1,404,477,-73,0.0,23
160,0,0,449,440,9,1.0,23
160,1,1,514,424,90,1.0,26
168,0,0,347,429,-82,0.0,24
168,1,1,435,416,19,1.0,26
176,0,0,406,445,-39,0.0,24
176,1,1,390,339,51,1.0,24
184,0,0,493,484,9,1.0,20
184,1,1,438,554,-116,0.0,19
192,0,0,380,601,-221,0.0,20
192,1,1,553,440,113,1.0,19
200,0,0,462,446,16,1.0,22
200,1,1,399,497,-98,0.0,24
208,0,0,350,412,-62,0.0,24
208,1,1,415,426,-11,0.0,23
216,0,0,440,520,-80,0.0,25
216,1,1,578,388,190,1.0,23
224,0,0,392,413,-21,0.0,24
224,1,1,375,430,-55,0.0,22
232,0,0,385,476,-91,0.0,26
232,1,1,508,465,43,1.0,21
240,0,0,455,459,-4,0.0,24
240,1,1,489,394,95,1.0,22
248,0,0,335,341,-6,0.0,26
248,1,1,364,401,-37,0.0,25
256,0,0,376,479,-103,0.0,24
256,1,1,463,412,51,1.0,22
264,0,0,462,383,79,1.0,21
264,1,1,404,412,-8,0.0,25
272,0,0,468,434,34,1.0,21
272,1,1,504,425,79,1.0,23
280,0,0,504,455,49,1.0,23
280,1,1,547,450,97,1.0,21
288,0,0,411,443,-32,0.0,26
288,1,1,476,392,84,1.0,23
296,0,0,363,459,-96,0.0,24
296,1,1,399,380,19,1.0,26
304,0,0,478,374,104,1.0,27
304,1,1,433,445,-12,0.0,24
312,0,0,455,472,-17,0.0,23
312,1,1,470,404,66,1.0,26
320,0,0,443,505,-62,0.0,22
320,1,1,579,373,206,1.0,22
328,0,0,534,434,100,1.0,23
328,1,1,400,491,-91,0.0,23
336,0,0,615,359,256,1.0,21
336,1,1,378,484,-106,0.0,21
344,0,0,488,397,91,1.0,25
344,1,1,399,585,-186,0.0,23
352,0,0,452,428,24,1.0,25
352,1,1,351,531,-180,0.0,25
360,0,0,453,536,-83,0.0,20
360,1,1,481,405,76,1.0,22
368,0,0,685,343,342,1.0,19
368,1,1,464,503,-39,0.0,20
376,0,0,476,507,-31,0.0,25
376,1,1,484,507,-23,0.0,24
384,0,0,574,399,175,1.0,24
384,1,1,467,545,-78,0.0,20
392,0,0,471,331,140,1.0,26
392,1,1,368,408,-40,0.0,25
400,0,0,480,452,28,1.0,22
400,1,1,381,429,-48,0.0,24
408,0,0,527,398,129,1.0,27
408,1,1,406,437,-31,0.0,25
416,0,0,485,488,-3,0.0,25
416,1,1,486,358,128,1.0,25
424,0,0,510,449,61,1.0,22
424,1,1,478,570,-92,0.0,22
432,0,0,435,564,-129,0.0,20
432,1,1,436,457,-21,0.0,21
440,0,0,453,415,38,1.0,26
440,1,1,429,449,-20,0.0,26
448,0,0,470,404,66,1.0,23
448,1,1,323,497,-174,0.0,25
456,0,0,419,436,-17,0.0,22
456,1,1,418,458,-40,0.0,22
464,0,0,471,412,59,1.0,21
464,1,1,537,481,56,1.0,19
472,0,0,397,421,-24,0.0,22
472,1,1,514,385,129,1.0,22
480,0,0,496,372,124,1.0,21
480,1,1,433,449,-16,0.0,23
488,0,0,488,412,76,1.0,22
488,1,1,437,532,-95,0.0,22
496,0,0,630,455,175,1.0,21
496,1,1,563,496,67,1.0,21
504,0,0,442,464,-22,0.0,22
504,1,1,464,436,28,1.0,24
512,0,0,442,450,-8,0.0,21
512,1,1,627,507,120,1.0,20
520,0,0,469,354,115,1.0,22
520,1,1,322,501,-179,0.0,24
528,0,0,504,479,25,1.0,21
528,1,1,459,470,-11,0.0,22
536,0,0,549,429,120,1.0,19
536,1,1,465,512,-47,0.0,22
544,0,0,526,390,136,1.0,21
544,1,1,462,428,34,1.0,28
552,0,0,390,455,-65,0.0,25
552,1,1,532,391,141,1.0,26
560,0,0,428,483,-55,0.0,21
560,1,1,506,479,27,1.0,20
568,0,0,473,403,70,1.0,25
568,1,1,449,474,-25,0.0,24
576,0,0,436,530,-94,0.0,24
576,1,1,541,502,39,1.0,21
584,0,0,487,452,35,1.0,23
584,1,1,471,511,-40,0.0,23
592,0,0,365,489,-124,0.0,24
592,1,1,420,385,35,1.0,25
600,0,0,481,573,-92,0.0,23
600,1,1,533,485,48,1.0,21
608,0,0,485,369,116,1.0,23
608,1,1,396,431,-35,0.0,30
616,0,0,509,467,42,1.0,23
616,1,1,426,459,-33,0.0,25
624,0,0,496,432,64,1.0,23
624,1,1,475,412,63,1.0,24
632,0,0,490,485,5,1.0,25
632,1,1,423,428,-5,0.0,24
640,0,0,536,452,84,1.0,21
640,1,1,469,410,59,1.0,31
648,0,0,489,378,111,1.0,20
648,1,1,465,531,-66,0.0,23
656,0,0,378,370,8,1.0,31
656,1,1,420,389,31,1.0,27
664,0,0,418,426,-8,0.0,25
664,1,1,391,441,-50,0.0,29
672,0,0,536,449,87,1.0,20
672,1,1,408,553,-145,0.0,22
680,0,0,504,316,188,1.0,27
680,1,1,269,392,-123,0.0,23
688,0,0,442,532,-90,0.0,22
688,1,1,601,448,153,1.0,22
696,0,0,367,391,-24,0.0,24
696,1,1,420,452,-32,0.0,23
704,0,0,443,436,7,1.0,24
704,1,1,586,429,157,1.0,24
712,0,0,477,364,113,1.0,24
712,1,1,439,555,-116,0.0,24
720,0,0,453,382,71,1.0,27
720,1,1,411,428,-17,0.0,26
728,0,0,362,565,-203,0.0,24
728,1,1,556,456,100,1.0,20
736,0,0,490,502,-12,0.0,19
736,1,1,382,405,-23,0.0,25
744,0,0,414,477,-63,0.0,25
744,1,1,432,383,49,1.0,25
752,0,0,411,579,-168,0.0,22
752,1,1,466,429,37,1.0,24
760,0,0,385,400,-15,0.0,22
760,1,1,360,474,-114,0.0,20
768,0,0,516,427,89,1.0,25
768,1,1,446,608,-162,0.0,21
776,0,0,453,443,10,1.0,21
776,1,1,379,387,-8,0.0,24
784,0,0,449,391,58,1.0,22
784,1,1,395,428,-33,0.0,23
792,0,0,356,486,-130,0.0,20
792,1,1,456,393,63,1.0,29
800,0,0,537,346,191,1.0,22
800,1,1,341,537,-196,0.0,21
808,0,0,409,403,6,1.0,24
808,1,1,362,437,-75,0.0,22
816,0,0,455,493,-38,0.0,20
816,1,1,509,477,32,1.0,21
824,0,0,595,411,184,1.0,25
824,1,1,450,452,-2,0.0,24
832,0,0,490,402,88,1.0,23
832,1,1,432,495,-63,0.0,21
840,0,0,456,528,-72,0.0,23
840,1,1,511,472,39,1.0,20
848,0,0,414,425,-11,0.0,25
848,1,1,440,423,17,1.0,25
856,0,0,460,423,37,1.0,22
856,1,1,339,554,-215,0.0,19
864,0,0,385,461,-76,0.0,23
864,1,1,444,369,75,1.0,24
872,0,0,383,446,-63,0.0,23
872,1,1,507,449,58,1.0,22
880,0,0,434,388,46,1.0,25
880,1,1,369,466,-97,0.0,25
888,0,0,485,386,99,1.0,22
888,1,1,499,439,60,1.0,23
896,0,0,414,431,-17,0.0,26
896,1,1,465,503,-38,0.0,21
904,0,0,433,404,29,1.0,24
904,1,1,515,485,30,1.0,28
912,0,0,361,506,-145,0.0,22
912,1,1,479,411,68,1.0,21
920,0,0,372,542,-170,0.0,21
920,1,1,568,304,264,1.0,22
928,0,0,461,425,36,1.0,23
928,1,1,423,507,-84,0.0,24
936,0,0,455,503,-48,0.0,23
936,1,1,530,478,52,1.0,18
944,0,0,466,491,-25,0.0,22
944,1,1,495,505,-10,0.0,19
952,0,0,427,414,13,1.0,23
952,1,1,450,370,80,1.0,24
960,0,0,474,487,-13,0.0,23
960,1,1,545,414,131,1.0,24
968,0,0,359,484,-125,0.0,22
968,1,1,432,475,-43,0.0,23
976,0,0,382,426,-44,0.0,23
976,1,1,473,387,86,1.0,25
984,0,0,442,477,-35,0.0,22
984,1,1,356,482,-126,0.0,23
992,0,0,564,413,151,1.0,21
992,1,1,483,490,-7,0.0,20
1000,0,0,552,405,147,1.0,22
1000,1,1,356,489,-133,0.0,23
1008,0,0,483,430,53,1.0,21
1008,1,1,396,559,-163,0.0,20
1016,0,0,484,395,89,1.0,26
1016,1,1,526,522,4,1.0,22
1024,0,0,505,550,-45,0.0,22
1024,1,1,433,486,-53,0.0,21
1032,0,0,475,366,109,1.0,22
1032,1,1,403,545,-142,0.0,20
1040,0,0,431,400,31,1.0,26
1040,1,1,373,467,-94,0.0,31
1048,0,0,480,407,73,1.0,25
1048,1,1,490,422,68,1.0,24
1056,0,0,350,414,-64,0.0,26
1056,1,1,458,357,101,1.0,24
1064,0,0,477,398,79,1.0,23
1064,1,1,450,520,-70,0.0,19
1072,0,0,499,408,91,1.0,23
1072,1,1,432,550,-118,0.0,21
1080,0,0,387,462,-75,0.0,29
1080,1,1,542,408,134,1.0,28
1088,0,0,559,455,104,1.0,24
1088,1,1,530,412,118,1.0,23
1096,0,0,503,384,119,1.0,24
1096,1,1,376,498,-122,0.0,23
1104,0,0,428,433,-5,0.0,25
1104,1,1,428,438,-10,0.0,30
1112,0,0,458,382,76,1.0,25
1112,1,1,417,441,-24,0.0,21
1120,0,0,454,519,-65,0.0,25
1120,1,1,492,503,-11,0.0,22
1128,0,0,442,445,-3,0.0,26
1128,1,1,380,474,-94,0.0,23
1136,0,0,400,341,59,1.0,25
1136,1,1,414,484,-70,0.0,25
1144,0,0,429,499,-70,0.0,21
1144,1,1,473,363,110,1.0,26
1152,0,0,463,428,35,1.0,20
1152,1,1,464,454,10,1.0,21
1160,0,0,513,392,121,1.0,25
1160,1,1,426,461,-35,0.0,22
1168,0,0,369,403,-34,0.0,23
1168,1,1,447,496,-49,0.0,25
1176,0,0,533,440,93,1.0,22
1176,1,1,346,503,-157,0.0,27
1184,0,0,327,455,-128,0.0,24
1184,1,1,426,390,36,1.0,25
1192,0,0,577,335,242,1.0,24
1192,1,1,370,551,-181,0.0,21
1200,0,0,361,513,-152,0.0,22
1200,1,1,480,426,54,1.0,20
1208,0,0,425,485,-60,0.0,26
1208,1,1,484,399,85,1.0,22
1216,0,0,375,360,15,1.0,24
1216,1,1,493,494,-1,0.0,26
1224,0,0,417,352,65,1.0,26
1224,1,1,418,401,17,1.0,20
1232,0,0,366,448,-82,0.0,26
1232,1,1,524,359,165,1.0,24
1240,0,0,438,444,-6,0.0,25
1240,1,1,448,400,48,1.0,22
1248,0,0,493,410,83,1.0,27
1248,1,1,518,473,45,1.0,22
1256,0,0,510,408,102,1.0,23
1256,1,1,478,444,34,1.0,23
1264,0,0,467,482,-15,0.0,25
1264,1,1,359,516,-157,0.0,21
1272,0,0,469,432,37,1.0,23
1272,1,1,454,509,-55,0.0,27
1280,0,0,428,422,6,1.0,24
1280,1,1,298,448,-150,0.0,23
1288,0,0,540,392,148,1.0,23
1288,1,1,358,444,-86,0.0,23
1296,0,0,464,394,70,1.0,30
1296,1,1,495,472,23,1.0,24
1304,0,0,412,486,-74,0.0,24
1304,1,1,450,451,-1,0.0,23
1312,0,0,464,471,-7,0.0,23
1312,1,1,472,431,41,1.0,20
1320,0,0,516,320,196,1.0,24
1320,1,1,360,555,-195,0.0,21
1328,0,0,347,463,-116,0.0,33
1328,1,1,456,438,18,1.0,22
1336,0,0,448,564,-116,0.0,22
1336,1,1,568,415,153,1.0,21
1344,0,0,385,446,-61,0.0,26
1344,1,1,490,432,58,1.0,23
1352,0,0,507,363,144,1.0,19
1352,1,1,415,486,-71,0.0,21
1360,0,0,479,365,114,1.0,26
1360,1,1,502,457,45,1.0,18
1368,0,0,410,509,-99,0.0,25
1368,1,1,456,479,-23,0.0,23
1376,0,0,475,383,92,1.0,21
1376,1,1,379,475,-96,0.0,22
1384,0,0,319,518,-199,0.0,23
1384,1,1,473,400,73,1.0,24
1392,0,0,465,443,22,1.0,21
1392,1,1,426,463,-37,0.0,21
1400,0,0,478,438,40,1.0,23
1400,1,1,534,451,83,1.0,21
1408,0,0,537,489,48,1.0,22
1408,1,1,446,477,-31,0.0,23
1416,0,0,490,486,4,1.0,21
1416,1,1,537,381,156,1.0,22
1424,0,0,509,363,146,1.0,25
1424,1,1,440,488,-48,0.0,23
1432,0,0,489,383,106,1.0,25
1432,1,1,436,458,-22,0.0,23
1440,0,0,382,434,-52,0.0,25
1440,1,1,552,381,171,1.0,21
1448,0,0,432,483,-51,0.0,24
1448,1,1,524,399,125,1.0,23
1456,0,0,417,584,-167,0.0,27
1456,1,1,509,429,80,1.0,27
1464,0,0,519,395,124,1.0,25
1464,1,1,459,500,-41,0.0,22
1472,0,0,457,411,46,1.0,24
1472,1,1,417,342,75,1.0,31
1480,0,0,349,545,-196,0.0,25
1480,1,1,492,488,4,1.0,22
1488,0,0,502,454,48,1.0,24
1488,1,1,381,428,-47,0.0,24
1496,0,0,324,456,-132,0.0,25
1496,1,1,510,366,144,1.0,24
1504,0,0,451,447,4,1.0,24
1504,1,1,454,471,-17,0.0,20
1512,0,0,429,462,-33,0.0,22
1512,1,1,422,395,27,1.0,26
1520,0,0,469,520,-51,0.0,21
1520,1,1,364,509,-145,0.0,23
1528,0,0,482,419,63,1.0,20
1528,1,1,389,475,-86,0.0,24
1536,0,0,605,333,272,1.0,23
1536,1,1,384,561,-177,0.0,26
1544,0,0,483,490,-7,0.0,23
1544,1,1,466,418,48,1.0,26
1552,0,0,541,337,204,1.0,24
1552,1,1,456,513,-57,0.0,22
1560,0,0,478,387,91,1.0,24
1560,1,1,338,566,-228,0.0,25
1568,0,0,433,467,-34,0.0,25
1568,1,1,397,478,-81,0.0,25
1576,0,0,427,531,-104,0.0,22
1576,1,1,501,443,58,1.0,22
1584,0,0,482,401,81,1.0,24
1584,1,1,416,532,-116,0.0,25
1592,0,0,456,438,18,1.0,21
1592,1,1,463,407,56,1.0,23
1600,0,0,556,334,222,1.0,23
1600,1,1,312,494,-182,0.0,23
1608,0,0,328,517,-189,0.0,25
1608,1,1,401,508,-107,0.0,20
1616,0,0,426,440,-14,0.0,22
1616,1,1,605,394,211,1.0,20
1624,0,0,526,367,159,1.0,24
1624,1,1,395,504,-109,0.0,22
1632,0,0,528,425,103,1.0,23
1632,1,1,416,456,-40,0.0,25
1640,0,0,602,365,237,1.0,23
1640,1,1,449,500,-51,0.0,23
1648,0,0,409,423,-14,0.0,28
1648,1,1,518,388,130,1.0,22
1656,0,0,420,431,-11,0.0,24
1656,1,1,456,419,37,1.0,22
1664,0,0,442,302,140,1.0,27
1664,1,1,270,552,-282,0.0,22
1672,0,0,390,427,-37,0.0,21
1672,1,1,457,380,77,1.0,25
1680,0,0,448,493,-45,0.0,23
1680,1,1,528,413,115,1.0,24
1688,0,0,514,453,61,1.0,25
1688,1,1,494,444,50,1.0,23
1696,0,0,402,494,-92,0.0,24
1696,1,1,383,420,-37,0.0,26
1704,0,0,440,329,111,1.0,24
1704,1,1,516,448,68,1.0,22
1712,0,0,533,445,88,1.0,23
1712,1,1,499,459,40,1.0,23
1720,0,0,492,432,60,1.0,27
1720,1,1,445,523,-78,0.0,21
1728,0,0,531,439,92,1.0,22
1728,1,1,383,379,4,1.0,25
1736,0,0,382,526,-144,0.0,22
1736,1,1,428,471,-43,0.0,21
1744,0,0,416,396,20,1.0,26
1744,1,1,319,449,-130,0.0,23
1752,0,0,449,444,5,1.0,23
1752,1,1,558,416,142,1.0,23
1760,0,0,457,559,-102,0.0,20
1760,1,1,514,417,97,1.0,21
1768,0,0,499,429,70,1.0,26
1768,1,1,386,482,-96,0.0,23
1776,0,0,499,366,133,1.0,22
1776,1,1,441,457,-16,0.0,23
1784,0,0,353,383,-30,0.0,28
1784,1,1,566,390,176,1.0,20
1792,0,0,581,396,185,1.0,23
1792,1,1,436,508,-72,0.0,21
1800,0,0,489,434,55,1.0,25
1800,1,1,462,389,73,1.0,25
1808,0,0,453,456,-3,0.0,25
1808,1,1,425,614,-189,0.0,22
1816,0,0,531,497,34,1.0,23
1816,1,1,518,397,121,1.0,28
1824,0,0,549,336,213,1.0,22
1824,1,1,390,470,-80,0.0,24
1832,0,0,474,448,26,1.0,21
1832,1,1,507,511,-4,0.0,19
1840,0,0,411,414,-3,0.0,24
1840,1,1,390,487,-97,0.0,24
1848,0,0,495,376,119,1.0,21
1848,1,1,324,432,-108,0.0,25
1856,0,0,547,549,-2,0.0,22
1856,1,1,429,478,-49,0.0,25
1864,0,0,375,429,-54,0.0,22
1864,1,1,411,421,-10,0.0,22
1872,0,0,565,333,232,1.0,25
1872,1,1,294,476,-182,0.0,23
1880,0,0,422,405,17,1.0,22
1880,1,1,422,581,-159,0.0,22
1888,0,0,448,579,-131,0.0,22
1888,1,1,428,440,-12,0.0,21
1896,0,0,385,486,-101,0.0,22
1896,1,1,460,376,84,1.0,26
1904,0,0,490,391,99,1.0,26
1904,1,1,314,491,-177,0.0,25
1912,0,0,444,496,-52,0.0,19
1912,1,1,502,482,20,1.0,21
1920,0,0,422,566,-144,0.0,21
1920,1,1,510,437,73,1.0,23
1928,0,0,416,427,-11,0.0,24
1928,1,1,377,439,-62,0.0,22
1936,0,0,417,425,-8,0.0,23
1936,1,1,440,378,62,1.0,25
1944,0,0,613,310,303,1.0,23
1944,1,1,452,484,-32,0.0,22
1952,0,0,370,417,-47,0.0,24
1952,1,1,453,351,102,1.0,24
1960,0,0,455,434,21,1.0,20
1960,1,1,467,458,9,1.0,24
1968,0,0,451,469,-18,0.0,23
1968,1,1,431,550,-119,0.0,22
1976,0,0,427,502,-75,0.0,22
1976,1,1,471,440,31,1.0,24
1984,0,0,579,357,222,1.0,22
1984,1,1,358,533,-175,0.0,24
1992,0,0,612,381,231,1.0,25
1992,1,1,413,529,-116,0.0,23
pair,game,a_seat,a_score,b_score,a_spread,a_win,turns
1,0,0,410,460,-50,0.0,23
1,1,1,482,445,37,1.0,27
9,0,0,477,524,-47,0.0,20
9,1,1,526,396,130,1.0,25
17,0,0,560,475,85,1.0,23
17,1,1,509,448,61,1.0,24
25,0,0,442,376,66,1.0,26
25,1,1,340,491,-151,0.0,24
33,0,0,362,429,-67,0.0,22
33,1,1,490,401,89,1.0,24
41,0,0,540,427,113,1.0,23
41,1,1,392,341,51,1.0,25
49,0,0,422,428,-6,0.0,24
49,1,1,473,501,-28,0.0,24
57,0,0,414,313,101,1.0,25
57,1,1,405,390,15,1.0,24
65,0,0,463,511,-48,0.0,23
65,1,1,576,391,185,1.0,23
73,0,0,359,461,-102,0.0,25
73,1,1,537,334,203,1.0,23
81,0,0,528,409,119,1.0,22
81,1,1,442,467,-25,0.0,24
89,0,0,422,415,7,1.0,22
89,1,1,428,499,-71,0.0,22
97,0,0,508,376,132,1.0,25
97,1,1,348,484,-136,0.0,22
105,0,0,485,402,83,1.0,23
105,1,1,463,479,-16,0.0,20
113,0,0,508,416,92,1.0,23
113,1,1,486,478,8,1.0,22
121,0,0,494,528,-34,0.0,20
121,1,1,511,381,130,1.0,23
129,0,0,464,479,-15,0.0,23
129,1,1,439,526,-87,0.0,21
137,0,0,313,476,-163,0.0,24
137,1,1,457,408,49,1.0,21
145,0,0,425,446,-21,0.0,26
145,1,1,408,515,-107,0.0,25
153,0,0,500,395,105,1.0,22
153,1,1,427,432,-5,0.0,25
161,0,0,555,379,176,1.0,25
161,1,1,426,488,-62,0.0,22
169,0,0,451,472,-21,0.0,19
169,1,1,515,485,30,1.0,19
177,0,0,462,390,72,1.0,20
177,1,1,352,423,-71,0.0,22
185,0,0,503,474,29,1.0,22
185,1,1,582,450,132,1.0,22
193,0,0,381,418,-37,0.0,23
193,1,1,472,389,83,1.0,26
201,0,0,425,484,-59,0.0,27
201,1,1,497,463,34,1.0,20
209,0,0,455,367,88,1.0,25
209,1,1,412,407,5,1.0,22
217,0,0,492,430,62,1.0,24
217,1,1,472,467,5,1.0,22
225,0,0,439,494,-55,0.0,21
225,1,1,419,456,-37,0.0,23
233,0,0,443,454,-11,0.0,23
233,1,1,417,479,-62,0.0,22
241,0,0,495,478,17,1.0,24
241,1,1,389,445,-56,0.0,23
249,0,0,552,450,102,1.0,24
249,1,1,419,392,27,1.0,23
257,0,0,409,497,-88,0.0,23
257,1,1,473,422,51,1.0,25
265,0,0,482,459,23,1.0,23
265,1,1,420,525,-105,0.0,25
273,0,0,499,375,124,1.0,25
273,1,1,416,500,-84,0.0,23
281,0,0,467,447,20,1.0,24
281,1,1,497,393,104,1.0,22
289,0,0,438,431,7,1.0,25
289,1,1,519,400,119,1.0,23
297,0,0,341,449,-108,0.0,25
297,1,1,500,353,147,1.0,25
305,0,0,460,437,23,1.0,22
305,1,1,402,431,-29,0.0,25
313,0,0,461,500,-39,0.0,21
313,1,1,521,366,155,1.0,23
321,0,0,441,487,-46,0.0,20
321,1,1,418,480,-62,0.0,26
329,0,0,435,480,-45,0.0,24
329,1,1,406,422,-16,0.0,23
337,0,0,455,539,-84,0.0,20
337,1,1,473,460,13,1.0,22
345,0,0,443,477,-34,0.0,23
345,1,1,427,503,-76,0.0,22
353,0,0,415,444,-29,0.0,22
353,1,1,587,517,70,1.0,24
361,0,0,503,380,123,1.0,20
361,1,1,451,484,-33,0.0,23
369,0,0,413,434,-21,0.0,21
369,1,1,416,471,-55,0.0,20
377,0,0,436,579,-143,0.0,20
377,1,1,531,404,127,1.0,21
385,0,0,407,450,-43,0.0,23
385,1,1,457,501,-44,0.0,23
393,0,0,498,419,79,1.0,22
393,1,1,475,377,98,1.0,22
401,0,0,308,436,-128,0.0,23
401,1,1,449,318,131,1.0,29
409,0,0,477,379,98,1.0,24
409,1,1,463,432,31,1.0,25
417,0,0,397,480,-83,0.0,22
417,1,1,441,349,92,1.0,24
425,0,0,405,556,-151,0.0,22
425,1,1,357,417,-60,0.0,22
433,0,0,538,375,163,1.0,21
433,1,1,490,572,-82,0.0,23
441,0,0,508,432,76,1.0,21
441,1,1,492,475,17,1.0,23
449,0,0,466,390,76,1.0,22
449,1,1,466,477,-11,0.0,20
457,0,0,436,438,-2,0.0,20
457,1,1,445,390,55,1.0,22
465,0,0,451,504,-53,0.0,24
465,1,1,474,415,59,1.0,25
473,0,0,555,432,123,1.0,20
473,1,1,478,493,-15,0.0,21
481,0,0,351,341,10,1.0,26
481,1,1,422,379,43,1.0,22
489,0,0,473,547,-74,0.0,22
489,1,1,458,459,-1,0.0,23
497,0,0,362,470,-108,0.0,25
497,1,1,417,406,11,1.0,26
505,0,0,377,518,-141,0.0,22
505,1,1,470,401,69,1.0,24
513,0,0,442,469,-27,0.0,24
513,1,1,466,374,92,1.0,25
521,0,0,462,545,-83,0.0,22
521,1,1,579,383,196,1.0,22
529,0,0,409,398,11,1.0,25
529,1,1,463,473,-10,0.0,27
537,0,0,397,480,-83,0.0,24
537,1,1,552,289,263,1.0,23
545,0,0,423,585,-162,0.0,22
545,1,1,529,417,112,1.0,22
553,0,0,432,433,-1,0.0,28
553,1,1,474,444,30,1.0,21
561,0,0,570,405,165,1.0,20
561,1,1,456,471,-15,0.0,22
569,0,0,556,337,219,1.0,24
569,1,1,505,547,-42,0.0,23
577,0,0,410,403,7,1.0,24
577,1,1,435,444,-9,0.0,24
585,0,0,378,533,-155,0.0,22
585,1,1,392,440,-48,0.0,28
593,0,0,403,452,-49,0.0,25
593,1,1,544,427,117,1.0,22
601,0,0,537,471,66,1.0,20
601,1,1,407,447,-40,0.0,26
609,0,0,431,520,-89,0.0,22
609,1,1,463,408,55,1.0,22
617,0,0,420,540,-120,0.0,19
617,1,1,543,415,128,1.0,19
625,0,0,582,449,133,1.0,22
625,1,1,437,557,-120,0.0,22
633,0,0,492,446,46,1.0,26
633,1,1,535,458,77,1.0,25
641,0,0,356,433,-77,0.0,24
641,1,1,438,359,79,1.0,23
649,0,0,435,487,-52,0.0,21
649,1,1,524,433,91,1.0,24
657,0,0,484,405,79,1.0,24
657,1,1,494,407,87,1.0,24
665,0,0,426,447,-21,0.0,23
665,1,1,514,446,68,1.0,23
673,0,0,447,507,-60,0.0,24
673,1,1,506,383,123,1.0,23
681,0,0,484,411,73,1.0,25
681,1,1,382,540,-158,0.0,21
689,0,0,389,489,-100,0.0,24
689,1,1,508,350,158,1.0,23
697,0,0,482,410,72,1.0,20
697,1,1,423,317,106,1.0,26
705,0,0,403,523,-120,0.0,24
705,1,1,630,359,271,1.0,19
713,0,0,494,449,45,1.0,23
713,1,1,554,488,66,1.0,22
721,0,0,465,404,61,1.0,21
721,1,1,450,438,12,1.0,22
729,0,0,496,418,78,1.0,26
729,1,1,443,469,-26,0.0,23
737,0,0,442,450,-8,0.0,26
737,1,1,384,503,-119,0.0,25
745,0,0,546,450,96,1.0,19
745,1,1,477,457,20,1.0,23
753,0,0,454,379,75,1.0,26
753,1,1,337,552,-215,0.0,25
761,0,0,511,375,136,1.0,24
761,1,1,399,493,-94,0.0,23
769,0,0,361,550,-189,0.0,28
769,1,1,517,461,56,1.0,20
777,0,0,472,527,-55,0.0,24
777,1,1,430,384,46,1.0,20
785,0,0,536,351,185,1.0,27
785,1,1,389,414,-25,0.0,23
793,0,0,471,404,67,1.0,24
793,1,1,476,421,55,1.0,23
801,0,0,406,518,-112,0.0,23
801,1,1,498,422,76,1.0,21
809,0,0,486,511,-25,0.0,20
809,1,1,509,438,71,1.0,21
817,0,0,494,560,-66,0.0,20
817,1,1,452,427,25,1.0,23
825,0,0,493,489,4,1.0,23
825,1,1,414,432,-18,0.0,23
833,0,0,473,446,27,1.0,22
833,1,1,402,407,-5,0.0,26
841,0,0,524,460,64,1.0,24
841,1,1,526,408,118,1.0,23
849,0,0,412,419,-7,0.0,23
849,1,1,448,452,-4,0.0,23
857,0,0,500,599,-99,0.0,22
857,1,1,562,377,185,1.0,21
865,0,0,434,558,-124,0.0,22
865,1,1,475,452,23,1.0,22
873,0,0,478,436,42,1.0,24
873,1,1,490,339,151,1.0,27
881,0,0,474,450,24,1.0,20
881,1,1,409,487,-78,0.0,23
889,0,0,400,369,31,1.0,24
889,1,1,486,330,156,1.0,23
897,0,0,472,474,-2,0.0,22
897,1,1,513,442,71,1.0,21
905,0,0,526,457,69,1.0,24
905,1,1,447,447,0,0.5,22
913,0,0,427,426,1,1.0,26
913,1,1,410,362,48,1.0,24
921,0,0,474,469,5,1.0,23
921,1,1,448,438,10,1.0,24
929,0,0,498,404,94,1.0,22
929,1,1,384,456,-72,0.0,23
937,0,0,339,525,-186,0.0,24
937,1,1,505,282,223,1.0,23
945,0,0,514,365,149,1.0,22
945,1,1,410,432,-22,0.0,23
953,0,0,477,440,37,1.0,23
953,1,1,456,495,-39,0.0,22
961,0,0,491,472,19,1.0,21
961,1,1,542,348,194,1.0,23
969,0,0,403,480,-77,0.0,26
969,1,1,496,329,167,1.0,24
977,0,0,464,436,28,1.0,24
977,1,1,480,489,-9,0.0,24
985,0,0,526,504,22,1.0,21
985,1,1,526,461,65,1.0,23
993,0,0,354,425,-71,0.0,25
993,1,1,403,382,21,1.0,25
1001,0,0,390,488,-98,0.0,26
1001,1,1,428,401,27,1.0,27
1009,0,0,481,494,-13,0.0,21
1009,1,1,510,470,40,1.0,20
1017,0,0,423,404,19,1.0,24
1017,1,1,406,539,-133,0.0,21
1025,0,0,459,427,32,1.0,22
1025,1,1,438,429,9,1.0,19
1033,0,0,410,477,-67,0.0,25
1033,1,1,492,370,122,1.0,23
1041,0,0,440,416,24,1.0,22
1041,1,1,474,381,93,1.0,27
1049,0,0,504,446,58,1.0,20
1049,1,1,440,546,-106,0.0,20
1057,0,0,339,462,-123,0.0,25
1057,1,1,645,328,317,1.0,19
1065,0,0,435,418,17,1.0,24
1065,1,1,383,376,7,1.0,28
1073,0,0,450,466,-16,0.0,23
1073,1,1,476,453,23,1.0,22
1081,0,0,437,337,100,1.0,23
1081,1,1,486,415,71,1.0,23
1089,0,0,391,422,-31,0.0,26
1089,1,1,461,406,55,1.0,24
1097,0,0,479,431,48,1.0,26
1097,1,1,408,381,27,1.0,31
1105,0,0,453,544,-91,0.0,23
1105,1,1,489,406,83,1.0,21
1113,0,0,490,455,35,1.0,20
1113,1,1,420,436,-16,0.0,20
1121,0,0,278,535,-257,0.0,25
1121,1,1,550,386,164,1.0,24
1129,0,0,365,553,-188,0.0,23
1129,1,1,523,365,158,1.0,24
1137,0,0,375,481,-106,0.0,26
1137,1,1,502,437,65,1.0,24
1145,0,0,435,525,-90,0.0,25
1145,1,1,504,371,133,1.0,23
1153,0,0,377,543,-166,0.0,23
1153,1,1,526,488,38,1.0,22
1161,0,0,473,422,51,1.0,25
1161,1,1,383,423,-40,0.0,24
1169,0,0,440,473,-33,0.0,20
1169,1,1,500,398,102,1.0,20
1177,0,0,299,457,-158,0.0,24
1177,1,1,383,442,-59,0.0,26
1185,0,0,423,502,-79,0.0,23
1185,1,1,533,380,153,1.0,29
1193,0,0,430,495,-65,0.0,24
1193,1,1,401,428,-27,0.0,26
1201,0,0,462,397,65,1.0,22
1201,1,1,429,552,-123,0.0,22
1209,0,0,400,434,-34,0.0,27
1209,1,1,507,533,-26,0.0,22
1217,0,0,368,476,-108,0.0,28
1217,1,1,492,410,82,1.0,23
1225,0,0,469,523,-54,0.0,22
1225,1,1,441,366,75,1.0,24
1233,0,0,399,372,27,1.0,25
1233,1,1,460,438,22,1.0,26
1241,0,0,466,410,56,1.0,23
1241,1,1,507,374,133,1.0,19
1249,0,0,512,471,41,1.0,22
1249,1,1,534,452,82,1.0,22
1257,0,0,388,425,-37,0.0,24
1257,1,1,461,441,20,1.0,24
1265,0,0,489,410,79,1.0,20
1265,1,1,458,471,-13,0.0,21
1273,0,0,437,446,-9,0.0,25
1273,1,1,433,472,-39,0.0,22
1281,0,0,423,476,-53,0.0,22
1281,1,1,469,391,78,1.0,23
1289,0,0,465,414,51,1.0,22
1289,1,1,374,456,-82,0.0,23
1297,0,0,334,433,-99,0.0,22
1297,1,1,354,449,-95,0.0,22
1305,0,0,508,516,-8,0.0,26
1305,1,1,520,411,109,1.0,24
1313,0,0,515,446,69,1.0,24
1313,1,1,492,435,57,1.0,22
1321,0,0,536,475,61,1.0,22
1321,1,1,422,455,-33,0.0,24
1329,0,0,386,475,-89,0.0,27
1329,1,1,436,435,1,1.0,26
1337,0,0,465,456,9,1.0,20
1337,1,1,426,430,-4,0.0,23
1345,0,0,379,479,-100,0.0,25
1345,1,1,546,397,149,1.0,22
1353,0,0,407,399,8,1.0,22
1353,1,1,469,422,47,1.0,22
1361,0,0,461,422,39,1.0,23
1361,1,1,407,531,-124,0.0,26
1369,0,0,380,455,-75,0.0,25
1369,1,1,466,371,95,1.0,23
1377,0,0,450,474,-24,0.0,22
1377,1,1,473,396,77,1.0,22
1385,0,0,496,498,-2,0.0,25
1385,1,1,414,419,-5,0.0,25
1393,0,0,562,462,100,1.0,21
1393,1,1,459,552,-93,0.0,24
1401,0,0,363,394,-31,0.0,27
1401,1,1,514,405,109,1.0,24
1409,0,0,445,431,14,1.0,22
1409,1,1,471,480,-9,0.0,23
1417,0,0,550,415,135,1.0,21
1417,1,1,386,624,-238,0.0,21
1425,0,0,515,354,161,1.0,19
1425,1,1,399,485,-86,0.0,18
1433,0,0,457,346,111,1.0,27
1433,1,1,365,382,-17,0.0,26
1441,0,0,490,498,-8,0.0,21
1441,1,1,486,409,77,1.0,22
1449,0,0,539,449,90,1.0,22
1449,1,1,434,437,-3,0.0,24
1457,0,0,413,533,-120,0.0,26
1457,1,1,551,392,159,1.0,25
1465,0,0,451,420,31,1.0,23
1465,1,1,395,482,-87,0.0,22
1473,0,0,370,482,-112,0.0,21
1473,1,1,429,431,-2,0.0,24
1481,0,0,400,490,-90,0.0,23
1481,1,1,365,549,-184,0.0,22
1489,0,0,372,523,-151,0.0,23
1489,1,1,551,411,140,1.0,24
1497,0,0,489,516,-27,0.0,24
1497,1,1,422,442,-20,0.0,24
1505,0,0,580,383,197,1.0,22
1505,1,1,361,631,-270,0.0,23
1513,0,0,400,545,-145,0.0,22
1513,1,1,463,496,-33,0.0,22
1521,0,0,546,409,137,1.0,25
1521,1,1,436,449,-13,0.0,21
1529,0,0,537,419,118,1.0,24
1529,1,1,404,513,-109,0.0,25
1537,0,0,295,458,-163,0.0,25
1537,1,1,580,381,199,1.0,23
1545,0,0,486,487,-1,0.0,22
1545,1,1,461,456,5,1.0,22
1553,0,0,433,443,-10,0.0,24
1553,1,1,375,450,-75,0.0,24
1561,0,0,426,423,3,1.0,23
1561,1,1,371,472,-101,0.0,22
1569,0,0,359,568,-209,0.0,23
1569,1,1,382,399,-17,0.0,21
1577,0,0,476,481,-5,0.0,23
1577,1,1,665,390,275,1.0,21
1585,0,0,426,399,27,1.0,24
1585,1,1,443,401,42,1.0,24
1593,0,0,478,439,39,1.0,22
1593,1,1,620,364,256,1.0,21
1601,0,0,465,430,35,1.0,20
1601,1,1,576,446,130,1.0,21
1609,0,0,461,572,-111,0.0,24
1609,1,1,461,466,-5,0.0,23
1617,0,0,419,412,7,1.0,22
1617,1,1,390,464,-74,0.0,22
1625,0,0,571,445,126,1.0,20
1625,1,1,535,491,44,1.0,23
1633,0,0,404,485,-81,0.0,22
1633,1,1,447,430,17,1.0,24
1641,0,0,418,473,-55,0.0,24
1641,1,1,522,331,191,1.0,21
1649,0,0,392,471,-79,0.0,22
1649,1,1,459,517,-58,0.0,20
1657,0,0,380,341,39,1.0,25
1657,1,1,429,466,-37,0.0,23
1665,0,0,399,500,-101,0.0,24
1665,1,1,415,401,14,1.0,23
1673,0,0,358,514,-156,0.0,22
1673,1,1,475,421,54,1.0,24
1681,0,0,513,449,64,1.0,24
1681,1,1,509,367,142,1.0,22
1689,0,0,331,542,-211,0.0,23
1689,1,1,500,350,150,1.0,26
1697,0,0,514,403,111,1.0,21
1697,1,1,435,522,-87,0.0,23
1705,0,0,426,471,-45,0.0,22
1705,1,1,459,393,66,1.0,24
1713,0,0,353,555,-202,0.0,23
1713,1,1,433,325,108,1.0,21
1721,0,0,373,482,-109,0.0,25
1721,1,1,437,400,37,1.0,22
1729,0,0,454,434,20,1.0,19
1729,1,1,461,428,33,1.0,27
1737,0,0,416,484,-68,0.0,23
1737,1,1,483,475,8,1.0,24
1745,0,0,534,412,122,1.0,21
1745,1,1,429,507,-78,0.0,23
1753,0,0,499,335,164,1.0,22
1753,1,1,340,510,-170,0.0,24
1761,0,0,459,394,65,1.0,27
1761,1,1,333,481,-148,0.0,23
1769,0,0,374,445,-71,0.0,22
1769,1,1,486,453,33,1.0,24
1777,0,0,475,517,-42,0.0,21
1777,1,1,490,463,27,1.0,21
1785,0,0,384,447,-63,0.0,24
1785,1,1,464,433,31,1.0,26
1793,0,0,405,436,-31,0.0,24
1793,1,1,448,392,56,1.0,27
1801,0,0,385,353,32,1.0,30
1801,1,1,472,432,40,1.0,23
1809,0,0,408,503,-95,0.0,23
1809,1,1,481,452,29,1.0,25
1817,0,0,429,497,-68,0.0,26
1817,1,1,498,442,56,1.0,31
1825,0,0,473,522,-49,0.0,21
1825,1,1,479,380,99,1.0,21
1833,0,0,496,353,143,1.0,24
1833,1,1,480,426,54,1.0,24
1841,0,0,417,443,-26,0.0,23
1841,1,1,590,507,83,1.0,22
1849,0,0,463,387,76,1.0,22
1849,1,1,388,482,-94,0.0,22
1857,0,0,377,415,-38,0.0,21
1857,1,1,497,401,96,1.0,23
1865,0,0,422,388,34,1.0,25
1865,1,1,404,392,12,1.0,24
1873,0,0,371,464,-93,0.0,23
1873,1,1,553,413,140,1.0,21
1881,0,0,361,470,-109,0.0,23
1881,1,1,417,412,5,1.0,21
1889,0,0,518,394,124,1.0,22
1889,1,1,467,403,64,1.0,23
1897,0,0,416,446,-30,0.0,23
1897,1,1,456,447,9,1.0,23
1905,0,0,417,424,-7,0.0,22
1905,1,1,446,446,0,0.5,24
1913,0,0,492,523,-31,0.0,24
1913,1,1,512,429,83,1.0,22
1921,0,0,416,410,6,1.0,24
1921,1,1,395,411,-16,0.0,27
1929,0,0,374,485,-111,0.0,23
1929,1,1,418,345,73,1.0,21
1937,0,0,402,499,-97,0.0,23
1937,1,1,535,505,30,1.0,22
1945,0,0,477,433,44,1.0,20
1945,1,1,524,435,89,1.0,20
1953,0,0,458,489,-31,0.0,23
1953,1,1,457,486,-29,0.0,24
1961,0,0,489,403,86,1.0,23
1961,1,1,302,436,-134,0.0,24
1969,0,0,345,453,-108,0.0,21
1969,1,1,437,471,-34,0.0,22
1977,0,0,295,430,-135,0.0,23
1977,1,1,416,358,58,1.0,22
1985,0,0,462,517,-55,0.0,23
1985,1,1,510,422,88,1.0,29
1993,0,0,401,577,-176,0.0,20
1993,1,1,523,390,133,1.0,22
pair,game,a_seat,a_score,b_score,a_spread,a_win,turns
2,0,0,438,457,-19,0.0,24
2,1,1,401,405,-4,0.0,26
10,0,0,464,373,91,1.0,22
10,1,1,429,422,7,1.0,25
18,0,0,477,422,55,1.0,27
18,1,1,417,422,-5,0.0,23
26,0,0,425,459,-34,0.0,23
26,1,1,503,394,109,1.0,23
34,0,0,518,402,116,1.0,23
34,1,1,422,523,-101,0.0,25
42,0,0,480,468,12,1.0,27
42,1,1,406,465,-59,0.0,25
50,0,0,463,382,81,1.0,24
50,1,1,398,464,-66,0.0,26
58,0,0,505,505,0,0.5,21
58,1,1,459,417,42,1.0,22
66,0,0,482,430,52,1.0,22
66,1,1,418,522,-104,0.0,21
74,0,0,384,439,-55,0.0,23
74,1,1,423,499,-76,0.0,24
82,0,0,467,404,63,1.0,24
82,1,1,485,408,77,1.0,22
90,0,0,405,436,-31,0.0,24
90,1,1,396,403,-7,0.0,23
98,0,0,475,394,81,1.0,24
98,1,1,478,401,77,1.0,21
106,0,0,427,312,115,1.0,22
106,1,1,343,541,-198,0.0,22
114,0,0,476,541,-65,0.0,24
114,1,1,554,470,84,1.0,23
122,0,0,449,394,55,1.0,23
122,1,1,426,467,-41,0.0,22
130,0,0,403,544,-141,0.0,23
130,1,1,414,556,-142,0.0,24
138,0,0,435,435,0,0.5,22
138,1,1,426,473,-47,0.0,23
146,0,0,443,376,67,1.0,25
146,1,1,450,477,-27,0.0,23
154,0,0,493,365,128,1.0,23
154,1,1,434,459,-25,0.0,24
162,0,0,403,449,-46,0.0,21
162,1,1,464,367,97,1.0,26
170,0,0,467,440,27,1.0,23
170,1,1,444,435,9,1.0,25
178,0,0,423,542,-119,0.0,21
178,1,1,555,427,128,1.0,23
186,0,0,442,510,-68,0.0,22
186,1,1,493,468,25,1.0,20
194,0,0,484,338,146,1.0,23
194,1,1,326,501,-175,0.0,23
202,0,0,534,435,99,1.0,21
202,1,1,395,542,-147,0.0,21
210,0,0,447,406,41,1.0,21
210,1,1,489,404,85,1.0,19
218,0,0,500,381,119,1.0,23
218,1,1,516,447,69,1.0,20
226,0,0,412,396,16,1.0,22
226,1,1,429,392,37,1.0,27
234,0,0,516,446,70,1.0,22
234,1,1,539,469,70,1.0,24
242,0,0,499,436,63,1.0,19
242,1,1,434,408,26,1.0,21
250,0,0,480,467,13,1.0,24
250,1,1,384,383,1,1.0,25
258,0,0,551,488,63,1.0,21
258,1,1,458,635,-177,0.0,17
266,0,0,477,511,-34,0.0,26
266,1,1,556,380,176,1.0,24
274,0,0,556,377,179,1.0,21
274,1,1,373,470,-97,0.0,25
282,0,0,488,378,110,1.0,24
282,1,1,463,523,-60,0.0,20
290,0,0,476,498,-22,0.0,21
290,1,1,415,427,-12,0.0,25
298,0,0,447,439,8,1.0,23
298,1,1,500,478,22,1.0,22
306,0,0,445,469,-24,0.0,22
306,1,1,401,517,-116,0.0,24
314,0,0,429,509,-80,0.0,22
314,1,1,497,285,212,1.0,24
322,0,0,456,406,50,1.0,22
322,1,1,436,358,78,1.0,25
330,0,0,404,470,-66,0.0,22
330,1,1,375,473,-98,0.0,22
338,0,0,439,490,-51,0.0,21
338,1,1,416,464,-48,0.0,21
346,0,0,457,313,144,1.0,24
346,1,1,456,481,-25,0.0,22
354,0,0,473,438,35,1.0,20
354,1,1,395,408,-13,0.0,25
362,0,0,504,426,78,1.0,23
362,1,1,414,473,-59,0.0,23
370,0,0,415,485,-70,0.0,24
370,1,1,446,446,0,0.5,22
378,0,0,514,441,73,1.0,23
378,1,1,375,573,-198,0.0,24
386,0,0,413,481,-68,0.0,22
386,1,1,562,318,244,1.0,24
394,0,0,449,409,40,1.0,22
394,1,1,448,514,-66,0.0,23
402,0,0,528,409,119,1.0,25
402,1,1,356,553,-197,0.0,29
410,0,0,491,441,50,1.0,28
410,1,1,455,446,9,1.0,23
418,0,0,357,424,-67,0.0,24
418,1,1,459,460,-1,0.0,24
426,0,0,458,410,48,1.0,20
426,1,1,379,477,-98,0.0,23
434,0,0,463,437,26,1.0,23
434,1,1,427,497,-70,0.0,21
442,0,0,390,478,-88,0.0,23
442,1,1,518,435,83,1.0,21
450,0,0,309,555,-246,0.0,24
450,1,1,549,318,231,1.0,25
458,0,0,476,399,77,1.0,23
458,1,1,487,544,-57,0.0,22
466,0,0,490,354,136,1.0,23
466,1,1,437,364,73,1.0,30
474,0,0,497,401,96,1.0,26
474,1,1,360,458,-98,0.0,21
482,0,0,411,494,-83,0.0,24
482,1,1,531,449,82,1.0,25
490,0,0,457,394,63,1.0,24
490,1,1,523,482,41,1.0,21
498,0,0,472,429,43,1.0,24
498,1,1,417,404,13,1.0,25
506,0,0,387,524,-137,0.0,24
506,1,1,502,383,119,1.0,23
514,0,0,515,354,161,1.0,26
514,1,1,503,392,111,1.0,22
522,0,0,433,386,47,1.0,24
522,1,1,418,444,-26,0.0,23
530,0,0,395,495,-100,0.0,22
530,1,1,402,518,-116,0.0,21
538,0,0,466,405,61,1.0,23
538,1,1,388,430,-42,0.0,22
546,0,0,537,453,84,1.0,24
546,1,1,426,496,-70,0.0,23
554,0,0,379,395,-16,0.0,22
554,1,1,455,398,57,1.0,20
562,0,0,554,406,148,1.0,23
562,1,1,446,495,-49,0.0,23
570,0,0,391,490,-99,0.0,24
570,1,1,442,327,115,1.0,32
578,0,0,399,468,-69,0.0,27
578,1,1,421,489,-68,0.0,23
586,0,0,384,466,-82,0.0,23
586,1,1,441,411,30,1.0,21
594,0,0,518,495,23,1.0,21
594,1,1,466,347,119,1.0,24
602,0,0,335,404,-69,0.0,23
602,1,1,463,405,58,1.0,26
610,0,0,447,413,34,1.0,23
610,1,1,556,334,222,1.0,24
618,0,0,474,401,73,1.0,23
618,1,1,335,528,-193,0.0,25
626,0,0,528,465,63,1.0,23
626,1,1,472,381,91,1.0,24
634,0,0,472,413,59,1.0,24
634,1,1,418,503,-85,0.0,24
642,0,0,536,493,43,1.0,18
642,1,1,480,465,15,1.0,21
650,0,0,399,498,-99,0.0,22
650,1,1,468,486,-18,0.0,22
658,0,0,555,421,134,1.0,23
658,1,1,408,465,-57,0.0,24
666,0,0,538,442,96,1.0,20
666,1,1,509,522,-13,0.0,20
674,0,0,566,463,103,1.0,21
674,1,1,538,498,40,1.0,19
682,0,0,457,476,-19,0.0,20
682,1,1,372,539,-167,0.0,19
690,0,0,545,399,146,1.0,23
690,1,1,411,444,-33,0.0,30
698,0,0,329,551,-222,0.0,22
698,1,1,446,316,130,1.0,25
706,0,0,499,442,57,1.0,22
706,1,1,479,516,-37,0.0,22
714,0,0,409,514,-105,0.0,27
714,1,1,429,386,43,1.0,23
722,0,0,445,459,-14,0.0,24
722,1,1,459,423,36,1.0,21
730,0,0,371,541,-170,0.0,23
730,1,1,459,430,29,1.0,25
738,0,0,352,490,-138,0.0,24
738,1,1,419,432,-13,0.0,25
746,0,0,453,396,57,1.0,22
746,1,1,399,461,-62,0.0,24
754,0,0,556,373,183,1.0,24
754,1,1,354,402,-48,0.0,26
762,0,0,389,412,-23,0.0,24
762,1,1,414,474,-60,0.0,25
770,0,0,515,353,162,1.0,19
770,1,1,348,459,-111,0.0,23
778,0,0,567,369,198,1.0,22
778,1,1,357,502,-145,0.0,22
786,0,0,441,466,-25,0.0,22
786,1,1,486,474,12,1.0,22
794,0,0,442,552,-110,0.0,22
794,1,1,479,447,32,1.0,24
802,0,0,457,389,68,1.0,23
802,1,1,475,500,-25,0.0,23
810,0,0,426,368,58,1.0,25
810,1,1,451,450,1,1.0,24
818,0,0,506,399,107,1.0,21
818,1,1,501,423,78,1.0,22
826,0,0,459,363,96,1.0,23
826,1,1,343,515,-172,0.0,21
834,0,0,612,335,277,1.0,22
834,1,1,442,460,-18,0.0,23
842,0,0,392,511,-119,0.0,23
842,1,1,455,394,61,1.0,24
850,0,0,391,497,-106,0.0,22
850,1,1,389,396,-7,0.0,23
858,0,0,410,377,33,1.0,24
858,1,1,393,474,-81,0.0,24
866,0,0,468,378,90,1.0,25
866,1,1,465,473,-8,0.0,20
874,0,0,453,529,-76,0.0,20
874,1,1,446,501,-55,0.0,24
882,0,0,497,412,85,1.0,22
882,1,1,433,388,45,1.0,22
890,0,0,407,434,-27,0.0,22
890,1,1,390,385,5,1.0,24
898,0,0,387,408,-21,0.0,22
898,1,1,331,419,-88,0.0,25
906,0,0,374,457,-83,0.0,24
906,1,1,382,487,-105,0.0,22
914,0,0,531,401,130,1.0,24
914,1,1,362,398,-36,0.0,24
922,0,0,385,365,20,1.0,23
922,1,1,458,389,69,1.0,21
930,0,0,474,397,77,1.0,24
930,1,1,359,506,-147,0.0,22
938,0,0,461,428,33,1.0,22
938,1,1,363,415,-52,0.0,23
946,0,0,537,407,130,1.0,25
946,1,1,439,401,38,1.0,21
954,0,0,400,435,-35,0.0,23
954,1,1,513,426,87,1.0,22
962,0,0,441,501,-60,0.0,22
962,1,1,544,416,128,1.0,23
970,0,0,433,422,11,1.0,26
970,1,1,478,396,82,1.0,20
978,0,0,504,386,118,1.0,25
978,1,1,342,504,-162,0.0,25
986,0,0,462,440,22,1.0,24
986,1,1,412,445,-33,0.0,27
994,0,0,387,440,-53,0.0,25
994,1,1,527,400,127,1.0,23
1002,0,0,554,399,155,1.0,24
1002,1,1,447,473,-26,0.0,24
1010,0,0,403,508,-105,0.0,26
1010,1,1,471,369,102,1.0,22
1018,0,0,433,478,-45,0.0,23
1018,1,1,518,445,73,1.0,22
1026,0,0,508,475,33,1.0,21
1026,1,1,461,588,-127,0.0,20
1034,0,0,557,452,105,1.0,23
1034,1,1,448,481,-33,0.0,24
1042,0,0,528,449,79,1.0,21
1042,1,1,373,401,-28,0.0,25
1050,0,0,420,451,-31,0.0,26
1050,1,1,384,527,-143,0.0,25
1058,0,0,373,342,31,1.0,27
1058,1,1,411,319,92,1.0,28
1066,0,0,436,466,-30,0.0,23
1066,1,1,598,438,160,1.0,21
1074,0,0,396,351,45,1.0,23
1074,1,1,445,476,-31,0.0,23
1082,0,0,417,403,14,1.0,26
1082,1,1,500,473,27,1.0,24
1090,0,0,468,400,68,1.0,22
1090,1,1,351,415,-64,0.0,25
1098,0,0,490,456,34,1.0,29
1098,1,1,485,404,81,1.0,23
1106,0,0,428,464,-36,0.0,22
1106,1,1,443,473,-30,0.0,22
1114,0,0,409,463,-54,0.0,22
1114,1,1,373,385,-12,0.0,26
1122,0,0,445,511,-66,0.0,23
1122,1,1,486,480,6,1.0,22
1130,0,0,586,284,302,1.0,23
1130,1,1,425,617,-192,0.0,24
1138,0,0,454,357,97,1.0,26
1138,1,1,353,408,-55,0.0,28
1146,0,0,417,386,31,1.0,21
1146,1,1,482,390,92,1.0,23
1154,0,0,456,411,45,1.0,23
1154,1,1,440,503,-63,0.0,23
1162,0,0,426,386,40,1.0,25
1162,1,1,350,339,11,1.0,27
1170,0,0,571,435,136,1.0,24
1170,1,1,432,471,-39,0.0,25
1178,0,0,433,545,-112,0.0,24
1178,1,1,435,414,21,1.0,24
1186,0,0,282,476,-194,0.0,26
1186,1,1,460,304,156,1.0,28
1194,0,0,445,452,-7,0.0,23
1194,1,1,432,514,-82,0.0,24
1202,0,0,412,458,-46,0.0,21
1202,1,1,527,372,155,1.0,22
1210,0,0,544,507,37,1.0,21
1210,1,1,437,547,-110,0.0,20
1218,0,0,395,548,-153,0.0,25
1218,1,1,342,591,-249,0.0,23
1226,0,0,396,431,-35,0.0,23
1226,1,1,356,411,-55,0.0,29
1234,0,0,473,391,82,1.0,22
1234,1,1,476,538,-62,0.0,23
1242,0,0,454,436,18,1.0,23
1242,1,1,414,436,-22,0.0,24
1250,0,0,433,451,-18,0.0,22
1250,1,1,364,454,-90,0.0,23
1258,0,0,424,448,-24,0.0,24
1258,1,1,425,415,10,1.0,25
1266,0,0,461,436,25,1.0,23
1266,1,1,452,463,-11,0.0,23
1274,0,0,381,479,-98,0.0,25
1274,1,1,439,363,76,1.0,24
1282,0,0,426,385,41,1.0,22
1282,1,1,381,442,-61,0.0,23
1290,0,0,376,513,-137,0.0,24
1290,1,1,460,494,-34,0.0,23
1298,0,0,578,367,211,1.0,19
1298,1,1,493,432,61,1.0,22
1306,0,0,377,454,-77,0.0,22
1306,1,1,517,431,86,1.0,22
1314,0,0,529,357,172,1.0,25
1314,1,1,433,459,-26,0.0,25
1322,0,0,436,421,15,1.0,24
1322,1,1,407,432,-25,0.0,25
1330,0,0,528,554,-26,0.0,21
1330,1,1,380,627,-247,0.0,23
1338,0,0,391,501,-110,0.0,24
1338,1,1,472,443,29,1.0,23
1346,0,0,499,433,66,1.0,21
1346,1,1,449,357,92,1.0,21
1354,0,0,515,420,95,1.0,22
1354,1,1,407,498,-91,0.0,21
1362,0,0,479,539,-60,0.0,23
1362,1,1,551,408,143,1.0,22
1370,0,0,325,435,-110,0.0,30
1370,1,1,369,359,10,1.0,24
1378,0,0,419,471,-52,0.0,21
1378,1,1,460,490,-30,0.0,21
1386,0,0,362,392,-30,0.0,22
1386,1,1,401,613,-212,0.0,20
1394,0,0,494,303,191,1.0,32
1394,1,1,415,528,-113,0.0,25
1402,0,0,522,445,77,1.0,19
1402,1,1,435,499,-64,0.0,23
1410,0,0,464,545,-81,0.0,22
1410,1,1,380,523,-143,0.0,25
1418,0,0,454,462,-8,0.0,24
1418,1,1,552,471,81,1.0,22
1426,0,0,486,381,105,1.0,26
1426,1,1,448,464,-16,0.0,23
1434,0,0,412,477,-65,0.0,22
1434,1,1,408,425,-17,0.0,24
1442,0,0,385,469,-84,0.0,20
1442,1,1,517,500,17,1.0,19
1450,0,0,508,518,-10,0.0,24
1450,1,1,452,440,12,1.0,24
1458,0,0,429,475,-46,0.0,25
1458,1,1,373,540,-167,0.0,22
1466,0,0,381,437,-56,0.0,25
1466,1,1,450,518,-68,0.0,24
1474,0,0,568,449,119,1.0,24
1474,1,1,466,459,7,1.0,23
1482,0,0,528,422,106,1.0,23
1482,1,1,412,537,-125,0.0,24
1490,0,0,543,445,98,1.0,21
1490,1,1,426,481,-55,0.0,25
1498,0,0,503,479,24,1.0,20
1498,1,1,376,514,-138,0.0,26
1506,0,0,453,434,19,1.0,27
1506,1,1,393,459,-66,0.0,23
1514,0,0,524,363,161,1.0,21
1514,1,1,403,441,-38,0.0,22
1522,0,0,504,440,64,1.0,22
1522,1,1,363,458,-95,0.0,24
1530,0,0,415,450,-35,0.0,22
1530,1,1,565,401,164,1.0,25
1538,0,0,486,451,35,1.0,22
1538,1,1,514,449,65,1.0,22
1546,0,0,550,388,162,1.0,21
1546,1,1,517,430,87,1.0,21
1554,0,0,391,509,-118,0.0,22
1554,1,1,543,377,166,1.0,26
1562,0,0,467,479,-12,0.0,21
1562,1,1,403,430,-27,0.0,25
1570,0,0,492,395,97,1.0,23
1570,1,1,403,496,-93,0.0,24
1578,0,0,501,363,138,1.0,21
1578,1,1,390,553,-163,0.0,25
1586,0,0,451,462,-11,0.0,21
1586,1,1,616,442,174,1.0,24
1594,0,0,507,496,11,1.0,28
1594,1,1,506,495,11,1.0,24
1602,0,0,471,398,73,1.0,23
1602,1,1,517,347,170,1.0,22
1610,0,0,486,520,-34,0.0,22
1610,1,1,458,471,-13,0.0,22
1618,0,0,544,404,140,1.0,19
1618,1,1,437,479,-42,0.0,22
1626,0,0,567,451,116,1.0,19
1626,1,1,441,555,-114,0.0,19
1634,0,0,422,420,2,1.0,26
1634,1,1,344,438,-94,0.0,25
1642,0,0,536,232,304,1.0,23
1642,1,1,330,524,-194,0.0,25
1650,0,0,441,419,22,1.0,23
1650,1,1,281,607,-326,0.0,21
1658,0,0,538,509,29,1.0,23
1658,1,1,551,493,58,1.0,19
1666,0,0,417,409,8,1.0,21
1666,1,1,398,502,-104,0.0,23
1674,0,0,514,373,141,1.0,24
1674,1,1,392,526,-134,0.0,21
1682,0,0,462,475,-13,0.0,20
1682,1,1,517,486,31,1.0,24
1690,0,0,467,406,61,1.0,23
1690,1,1,443,470,-27,0.0,21
1698,0,0,531,341,190,1.0,24
1698,1,1,441,563,-122,0.0,22
1706,0,0,413,461,-48,0.0,22
1706,1,1,483,473,10,1.0,20
1714,0,0,444,396,48,1.0,25
1714,1,1,439,496,-57,0.0,24
1722,0,0,451,495,-44,0.0,25
1722,1,1,464,505,-41,0.0,21
1730,0,0,412,545,-133,0.0,19
1730,1,1,439,474,-35,0.0,20
1738,0,0,531,379,152,1.0,23
1738,1,1,347,547,-200,0.0,21
1746,0,0,409,496,-87,0.0,19
1746,1,1,484,520,-36,0.0,21
1754,0,0,572,451,121,1.0,26
1754,1,1,394,481,-87,0.0,20
1762,0,0,439,558,-119,0.0,23
1762,1,1,510,406,104,1.0,26
1770,0,0,565,343,222,1.0,24
1770,1,1,508,618,-110,0.0,20
1778,0,0,395,524,-129,0.0,22
1778,1,1,494,426,68,1.0,21
1786,0,0,438,456,-18,0.0,20
1786,1,1,471,391,80,1.0,22
1794,0,0,449,471,-22,0.0,25
1794,1,1,381,470,-89,0.0,19
1802,0,0,369,423,-54,0.0,24
1802,1,1,402,401,1,1.0,26
1810,0,0,481,505,-24,0.0,21
1810,1,1,483,522,-39,0.0,19
1818,0,0,482,520,-38,0.0,24
1818,1,1,435,401,34,1.0,25
1826,0,0,534,463,71,1.0,22
1826,1,1,420,392,28,1.0,25
1834,0,0,467,449,18,1.0,24
1834,1,1,396,422,-26,0.0,26
1842,0,0,457,429,28,1.0,24
1842,1,1,442,384,58,1.0,24
1850,0,0,393,471,-78,0.0,23
1850,1,1,458,457,1,1.0,19
1858,0,0,484,389,95,1.0,24
1858,1,1,309,544,-235,0.0,25
1866,0,0,408,438,-30,0.0,22
1866,1,1,502,444,58,1.0,22
1874,0,0,420,454,-34,0.0,26
1874,1,1,425,392,33,1.0,24
1882,0,0,576,404,172,1.0,22
1882,1,1,381,551,-170,0.0,22
1890,0,0,493,542,-49,0.0,25
1890,1,1,545,568,-23,0.0,21
1898,0,0,466,388,78,1.0,27
1898,1,1,399,369,30,1.0,22
1906,0,0,410,485,-75,0.0,24
1906,1,1,440,484,-44,0.0,22
1914,0,0,428,414,14,1.0,25
1914,1,1,420,514,-94,0.0,22
1922,0,0,493,396,97,1.0,20
1922,1,1,497,486,11,1.0,22
1930,0,0,356,556,-200,0.0,19
1930,1,1,496,373,123,1.0,26
1938,0,0,497,511,-14,0.0,27
1938,1,1,547,366,181,1.0,23
1946,0,0,439,449,-10,0.0,24
1946,1,1,447,516,-69,0.0,22
1954,0,0,526,411,115,1.0,25
1954,1,1,469,413,56,1.0,24
1962,0,0,438,429,9,1.0,23
1962,1,1,392,506,-114,0.0,23
1970,0,0,453,412,41,1.0,26
1970,1,1,366,440,-74,0.0,23
1978,0,0,612,436,176,1.0,21
1978,1,1,500,492,8,1.0,20
1986,0,0,427,294,133,1.0,26
1986,1,1,330,519,-189,0.0,23
1994,0,0,673,412,261,1.0,21
1994,1,1,341,703,-362,0.0,23
pair,game,a_seat,a_score,b_score,a_spread,a_win,turns
3,0,0,532,385,147,1.0,21
3,1,1,400,511,-111,0.0,22
11,0,0,447,328,119,1.0,22
11,1,1,386,531,-145,0.0,22
19,0,0,469,421,48,1.0,21
19,1,1,422,472,-50,0.0,24
27,0,0,449,595,-146,0.0,24
27,1,1,525,445,80,1.0,22
35,0,0,387,478,-91,0.0,24
35,1,1,425,399,26,1.0,24
43,0,0,376,407,-31,0.0,24
43,1,1,444,456,-12,0.0,22
51,0,0,451,481,-30,0.0,22
51,1,1,390,465,-75,0.0,24
59,0,0,471,407,64,1.0,22
59,1,1,356,445,-89,0.0,22
67,0,0,565,422,143,1.0,24
67,1,1,467,328,139,1.0,25
75,0,0,380,447,-67,0.0,23
75,1,1,483,385,98,1.0,27
83,0,0,435,524,-89,0.0,21
83,1,1,550,390,160,1.0,23
91,0,0,367,486,-119,0.0,25
91,1,1,513,330,183,1.0,25
99,0,0,378,493,-115,0.0,21
99,1,1,486,405,81,1.0,25
107,0,0,514,463,51,1.0,22
107,1,1,471,501,-30,0.0,22
115,0,0,488,443,45,1.0,24
115,1,1,437,467,-30,0.0,21
123,0,0,479,440,39,1.0,25
123,1,1,414,479,-65,0.0,22
131,0,0,584,353,231,1.0,21
131,1,1,293,621,-328,0.0,23
139,0,0,481,559,-78,0.0,18
139,1,1,575,536,39,1.0,18
147,0,0,394,524,-130,0.0,23
147,1,1,526,426,100,1.0,23
155,0,0,467,409,58,1.0,23
155,1,1,497,455,42,1.0,22
163,0,0,420,540,-120,0.0,24
163,1,1,537,401,136,1.0,26
171,0,0,543,401,142,1.0,27
171,1,1,383,531,-148,0.0,27
179,0,0,464,500,-36,0.0,22
179,1,1,574,411,163,1.0,23
187,0,0,469,483,-14,0.0,22
187,1,1,398,492,-94,0.0,22
195,0,0,486,384,102,1.0,26
195,1,1,346,561,-215,0.0,24
203,0,0,447,440,7,1.0,30
203,1,1,381,430,-49,0.0,24
211,0,0,449,539,-90,0.0,20
211,1,1,592,364,228,1.0,22
219,0,0,409,505,-96,0.0,22
219,1,1,561,375,186,1.0,23
227,0,0,399,415,-16,0.0,24
227,1,1,558,337,221,1.0,22
235,0,0,438,374,64,1.0,25
235,1,1,442,367,75,1.0,26
243,0,0,490,537,-47,0.0,24
243,1,1,477,445,32,1.0,20
251,0,0,425,450,-25,0.0,26
251,1,1,466,378,88,1.0,25
259,0,0,408,504,-96,0.0,23
259,1,1,491,462,29,1.0,24
267,0,0,422,414,8,1.0,24
267,1,1,425,384,41,1.0,27
275,0,0,475,427,48,1.0,22
275,1,1,526,431,95,1.0,23
283,0,0,420,404,16,1.0,25
283,1,1,440,499,-59,0.0,25
291,0,0,345,519,-174,0.0,21
291,1,1,383,427,-44,0.0,21
299,0,0,521,435,86,1.0,25
299,1,1,473,375,98,1.0,28
307,0,0,446,457,-11,0.0,24
307,1,1,367,592,-225,0.0,24
315,0,0,458,434,24,1.0,26
315,1,1,489,510,-21,0.0,21
323,0,0,361,448,-87,0.0,26
323,1,1,444,404,40,1.0,24
331,0,0,451,550,-99,0.0,20
331,1,1,589,397,192,1.0,21
339,0,0,391,472,-81,0.0,25
339,1,1,491,443,48,1.0,27
347,0,0,392,442,-50,0.0,22
347,1,1,487,409,78,1.0,25
355,0,0,340,522,-182,0.0,25
355,1,1,421,402,19,1.0,26
363,0,0,384,485,-101,0.0,24
363,1,1,489,401,88,1.0,24
371,0,0,544,372,172,1.0,25
371,1,1,463,498,-35,0.0,25
379,0,0,460,488,-28,0.0,22
379,1,1,469,490,-21,0.0,23
387,0,0,460,383,77,1.0,21
387,1,1,413,579,-166,0.0,22
395,0,0,475,413,62,1.0,24
395,1,1,471,377,94,1.0,23
403,0,0,558,381,177,1.0,26
403,1,1,329,603,-274,0.0,24
411,0,0,374,403,-29,0.0,25
411,1,1,408,440,-32,0.0,24
419,0,0,365,559,-194,0.0,25
419,1,1,521,441,80,1.0,21
427,0,0,426,492,-66,0.0,23
427,1,1,336,439,-103,0.0,26
435,0,0,410,401,9,1.0,27
435,1,1,471,430,41,1.0,23
443,0,0,338,558,-220,0.0,22
443,1,1,468,406,62,1.0,23
451,0,0,456,550,-94,0.0,19
451,1,1,575,445,130,1.0,21
459,0,0,481,389,92,1.0,25
459,1,1,385,439,-54,0.0,22
467,0,0,457,401,56,1.0,22
467,1,1,396,429,-33,0.0,24
475,0,0,457,457,0,0.5,21
475,1,1,459,504,-45,0.0,23
483,0,0,495,402,93,1.0,22
483,1,1,298,482,-184,0.0,24
491,0,0,313,506,-193,0.0,21
491,1,1,477,429,48,1.0,23
499,0,0,350,495,-145,0.0,24
499,1,1,498,384,114,1.0,24
507,0,0,456,477,-21,0.0,24
507,1,1,462,392,70,1.0,22
515,0,0,410,488,-78,0.0,24
515,1,1,450,414,36,1.0,27
523,0,0,432,466,-34,0.0,23
523,1,1,460,457,3,1.0,25
531,0,0,378,463,-85,0.0,21
531,1,1,529,453,76,1.0,19
539,0,0,467,449,18,1.0,25
539,1,1,446,474,-28,0.0,23
547,0,0,423,486,-63,0.0,23
547,1,1,492,420,72,1.0,24
555,0,0,543,440,103,1.0,23
555,1,1,453,469,-16,0.0,27
563,0,0,477,411,66,1.0,22
563,1,1,447,457,-10,0.0,24
571,0,0,299,529,-230,0.0,25
571,1,1,417,422,-5,0.0,24
579,0,0,317,532,-215,0.0,25
579,1,1,497,466,31,1.0,20
587,0,0,306,541,-235,0.0,21
587,1,1,599,360,239,1.0,21
595,0,0,380,484,-104,0.0,26
595,1,1,522,418,104,1.0,21
603,0,0,469,426,43,1.0,23
603,1,1,469,431,38,1.0,25
611,0,0,478,493,-15,0.0,21
611,1,1,403,512,-109,0.0,21
619,0,0,479,502,-23,0.0,24
619,1,1,340,412,-72,0.0,27
627,0,0,471,357,114,1.0,26
627,1,1,430,398,32,1.0,21
635,0,0,507,526,-19,0.0,22
635,1,1,497,418,79,1.0,23
643,0,0,455,375,80,1.0,24
643,1,1,425,455,-30,0.0,26
651,0,0,355,497,-142,0.0,23
651,1,1,460,421,39,1.0,25
659,0,0,382,525,-143,0.0,26
659,1,1,532,390,142,1.0,26
667,0,0,501,460,41,1.0,23
667,1,1,462,436,26,1.0,23
675,0,0,378,413,-35,0.0,22
675,1,1,470,338,132,1.0,24
683,0,0,438,461,-23,0.0,22
683,1,1,444,457,-13,0.0,22
691,0,0,519,426,93,1.0,22
691,1,1,353,396,-43,0.0,22
699,0,0,473,464,9,1.0,23
699,1,1,418,480,-62,0.0,24
707,0,0,457,439,18,1.0,24
707,1,1,459,446,13,1.0,24
715,0,0,298,453,-155,0.0,25
715,1,1,472,416,56,1.0,24
723,0,0,370,525,-155,0.0,22
723,1,1,459,382,77,1.0,21
731,0,0,442,504,-62,0.0,21
731,1,1,548,494,54,1.0,24
739,0,0,363,553,-190,0.0,19
739,1,1,490,429,61,1.0,21
747,0,0,445,555,-110,0.0,21
747,1,1,519,358,161,1.0,21
755,0,0,401,481,-80,0.0,22
755,1,1,480,406,74,1.0,23
763,0,0,461,420,41,1.0,25
763,1,1,426,501,-75,0.0,23
771,0,0,356,540,-184,0.0,21
771,1,1,496,382,114,1.0,22
779,0,0,388,425,-37,0.0,27
779,1,1,401,430,-29,0.0,23
787,0,0,367,464,-97,0.0,26
787,1,1,430,480,-50,0.0,21
795,0,0,347,542,-195,0.0,19
795,1,1,494,402,92,1.0,24
803,0,0,445,480,-35,0.0,25
803,1,1,465,437,28,1.0,23
811,0,0,483,396,87,1.0,28
811,1,1,361,415,-54,0.0,25
819,0,0,523,433,90,1.0,24
819,1,1,441,477,-36,0.0,28
827,0,0,448,398,50,1.0,27
827,1,1,554,467,87,1.0,19
835,0,0,401,443,-42,0.0,24
835,1,1,424,464,-40,0.0,25
843,0,0,492,401,91,1.0,23
843,1,1,495,454,41,1.0,22
851,0,0,318,511,-193,0.0,24
851,1,1,523,322,201,1.0,25
859,0,0,463,345,118,1.0,24
859,1,1,381,547,-166,0.0,23
867,0,0,500,459,41,1.0,23
867,1,1,440,508,-68,0.0,24
875,0,0,404,464,-60,0.0,21
875,1,1,470,422,48,1.0,21
883,0,0,374,488,-114,0.0,25
883,1,1,529,417,112,1.0,28
891,0,0,340,522,-182,0.0,25
891,1,1,510,381,129,1.0,22
899,0,0,442,558,-116,0.0,22
899,1,1,494,460,34,1.0,21
907,0,0,453,419,34,1.0,26
907,1,1,602,491,111,1.0,21
915,0,0,504,519,-15,0.0,22
915,1,1,384,537,-153,0.0,22
923,0,0,423,487,-64,0.0,22
923,1,1,465,411,54,1.0,24
931,0,0,418,572,-154,0.0,18
931,1,1,508,380,128,1.0,21
939,0,0,427,494,-67,0.0,25
939,1,1,400,498,-98,0.0,20
947,0,0,484,425,59,1.0,24
947,1,1,364,415,-51,0.0,23
955,0,0,438,422,16,1.0,21
955,1,1,430,464,-34,0.0,24
963,0,0,298,602,-304,0.0,25
963,1,1,525,320,205,1.0,24
971,0,0,477,439,38,1.0,22
971,1,1,432,378,54,1.0,23
979,0,0,292,432,-140,0.0,24
979,1,1,535,401,134,1.0,27
987,0,0,443,482,-39,0.0,21
987,1,1,417,407,10,1.0,21
995,0,0,410,436,-26,0.0,23
995,1,1,532,380,152,1.0,25
1003,0,0,520,458,62,1.0,22
1003,1,1,441,441,0,0.5,24
1011,0,0,526,429,97,1.0,24
1011,1,1,440,450,-10,0.0,24
1019,0,0,612,462,150,1.0,21
1019,1,1,486,549,-63,0.0,21
1027,0,0,324,507,-183,0.0,25
1027,1,1,614,339,275,1.0,24
1035,0,0,336,603,-267,0.0,21
1035,1,1,496,402,94,1.0,22
1043,0,0,379,503,-124,0.0,26
1043,1,1,515,359,156,1.0,24
1051,0,0,443,454,-11,0.0,20
1051,1,1,348,428,-80,0.0,28
1059,0,0,402,474,-72,0.0,24
1059,1,1,506,421,85,1.0,22
1067,0,0,492,575,-83,0.0,19
1067,1,1,487,488,-1,0.0,22
1075,0,0,432,395,37,1.0,29
1075,1,1,469,343,126,1.0,33
1083,0,0,362,591,-229,0.0,21
1083,1,1,494,399,95,1.0,21
1091,0,0,520,398,122,1.0,22
1091,1,1,398,546,-148,0.0,20
1099,0,0,347,513,-166,0.0,23
1099,1,1,548,410,138,1.0,24
1107,0,0,466,490,-24,0.0,24
1107,1,1,442,386,56,1.0,27
1115,0,0,421,441,-20,0.0,25
1115,1,1,389,489,-100,0.0,26
1123,0,0,440,417,23,1.0,22
1123,1,1,431,459,-28,0.0,22
1131,0,0,551,351,200,1.0,22
1131,1,1,466,461,5,1.0,22
1139,0,0,363,475,-112,0.0,21
1139,1,1,410,414,-4,0.0,22
1147,0,0,329,452,-123,0.0,26
1147,1,1,410,430,-20,0.0,23
1155,0,0,530,401,129,1.0,25
1155,1,1,402,375,27,1.0,24
1163,0,0,442,483,-41,0.0,18
1163,1,1,552,389,163,1.0,24
1171,0,0,394,483,-89,0.0,21
1171,1,1,423,456,-33,0.0,22
1179,0,0,462,419,43,1.0,22
1179,1,1,420,449,-29,0.0,20
1187,0,0,418,482,-64,0.0,23
1187,1,1,443,458,-15,0.0,23
1195,0,0,591,380,211,1.0,22
1195,1,1,483,365,118,1.0,27
1203,0,0,425,424,1,1.0,26
1203,1,1,603,392,211,1.0,25
1211,0,0,542,458,84,1.0,23
1211,1,1,396,564,-168,0.0,20
1219,0,0,459,411,48,1.0,23
1219,1,1,431,500,-69,0.0,21
1227,0,0,473,454,19,1.0,27
1227,1,1,408,483,-75,0.0,20
1235,0,0,427,552,-125,0.0,21
1235,1,1,518,379,139,1.0,23
1243,0,0,429,418,11,1.0,26
1243,1,1,333,577,-244,0.0,22
1251,0,0,476,412,64,1.0,22
1251,1,1,405,420,-15,0.0,26
1259,0,0,380,577,-197,0.0,23
1259,1,1,512,386,126,1.0,22
1267,0,0,435,401,34,1.0,28
1267,1,1,455,421,34,1.0,25
1275,0,0,449,405,44,1.0,26
1275,1,1,460,461,-1,0.0,26
1283,0,0,425,471,-46,0.0,21
1283,1,1,492,415,77,1.0,24
1291,0,0,493,445,48,1.0,22
1291,1,1,436,391,45,1.0,23
1299,0,0,421,548,-127,0.0,24
1299,1,1,480,400,80,1.0,27
1307,0,0,399,447,-48,0.0,22
1307,1,1,528,442,86,1.0,24
1315,0,0,410,413,-3,0.0,25
1315,1,1,506,379,127,1.0,27
1323,0,0,400,438,-38,0.0,28
1323,1,1,437,466,-29,0.0,34
1331,0,0,440,563,-123,0.0,22
1331,1,1,534,352,182,1.0,28
1339,0,0,501,479,22,1.0,20
1339,1,1,455,470,-15,0.0,24
1347,0,0,447,416,31,1.0,27
1347,1,1,384,515,-131,0.0,24
1355,0,0,531,469,62,1.0,27
1355,1,1,457,408,49,1.0,26
1363,0,0,400,484,-84,0.0,29
1363,1,1,444,503,-59,0.0,26
1371,0,0,468,437,31,1.0,24
1371,1,1,387,474,-87,0.0,25
1379,0,0,467,394,73,1.0,19
1379,1,1,446,450,-4,0.0,24
1387,0,0,445,479,-34,0.0,22
1387,1,1,495,443,52,1.0,20
1395,0,0,323,510,-187,0.0,25
1395,1,1,483,392,91,1.0,22
1403,0,0,549,391,158,1.0,24
1403,1,1,368,474,-106,0.0,21
1411,0,0,489,497,-8,0.0,23
1411,1,1,469,528,-59,0.0,22
1419,0,0,355,520,-165,0.0,24
1419,1,1,450,383,67,1.0,23
1427,0,0,491,353,138,1.0,23
1427,1,1,414,404,10,1.0,21
1435,0,0,430,477,-47,0.0,24
1435,1,1,467,426,41,1.0,23
1443,0,0,392,458,-66,0.0,28
1443,1,1,418,452,-34,0.0,24
1451,0,0,448,408,40,1.0,24
1451,1,1,471,461,10,1.0,23
1459,0,0,413,538,-125,0.0,21
1459,1,1,492,470,22,1.0,25
1467,0,0,458,421,37,1.0,21
1467,1,1,354,475,-121,0.0,24
1475,0,0,445,333,112,1.0,25
1475,1,1,400,476,-76,0.0,25
1483,0,0,364,555,-191,0.0,23
1483,1,1,459,366,93,1.0,22
1491,0,0,417,503,-86,0.0,21
1491,1,1,394,540,-146,0.0,24
1499,0,0,435,437,-2,0.0,21
1499,1,1,415,471,-56,0.0,21
1507,0,0,532,459,73,1.0,22
1507,1,1,484,440,44,1.0,29
1515,0,0,377,543,-166,0.0,23
1515,1,1,513,422,91,1.0,20
1523,0,0,445,383,62,1.0,22
1523,1,1,409,471,-62,0.0,24
1531,0,0,550,372,178,1.0,23
1531,1,1,496,427,69,1.0,22
1539,0,0,450,507,-57,0.0,19
1539,1,1,392,379,13,1.0,27
1547,0,0,480,527,-47,0.0,24
1547,1,1,565,408,157,1.0,25
1555,0,0,442,457,-15,0.0,23
1555,1,1,389,364,25,1.0,23
1563,0,0,456,390,66,1.0,27
1563,1,1,519,439,80,1.0,24
1571,0,0,526,506,20,1.0,20
1571,1,1,375,501,-126,0.0,23
1579,0,0,538,397,141,1.0,21
1579,1,1,500,451,49,1.0,22
1587,0,0,305,698,-393,0.0,23
1587,1,1,547,433,114,1.0,23
1595,0,0,386,397,-11,0.0,23
1595,1,1,531,421,110,1.0,22
1603,0,0,496,406,90,1.0,23
1603,1,1,454,522,-68,0.0,21
1611,0,0,437,441,-4,0.0,21
1611,1,1,494,499,-5,0.0,23
1619,0,0,516,392,124,1.0,26
1619,1,1,436,463,-27,0.0,24
1627,0,0,521,403,118,1.0,28
1627,1,1,379,488,-109,0.0,26
1635,0,0,390,442,-52,0.0,21
1635,1,1,554,399,155,1.0,24
1643,0,0,514,497,17,1.0,21
1643,1,1,455,421,34,1.0,22
1651,0,0,539,445,94,1.0,20
1651,1,1,458,499,-41,0.0,18
1659,0,0,403,583,-180,0.0,22
1659,1,1,561,375,186,1.0,22
1667,0,0,324,424,-100,0.0,27
1667,1,1,408,483,-75,0.0,23
1675,0,0,463,481,-18,0.0,24
1675,1,1,381,450,-69,0.0,22
1683,0,0,409,396,13,1.0,27
1683,1,1,441,371,70,1.0,22
1691,0,0,397,461,-64,0.0,24
1691,1,1,421,408,13,1.0,26
1699,0,0,520,524,-4,0.0,22
1699,1,1,515,479,36,1.0,24
1707,0,0,460,411,49,1.0,21
1707,1,1,401,455,-54,0.0,25
1715,0,0,389,450,-61,0.0,24
1715,1,1,381,459,-78,0.0,26
1723,0,0,576,485,91,1.0,21
1723,1,1,338,490,-152,0.0,19
1731,0,0,455,445,10,1.0,26
1731,1,1,433,398,35,1.0,23
1739,0,0,583,423,160,1.0,22
1739,1,1,386,582,-196,0.0,20
1747,0,0,524,354,170,1.0,22
1747,1,1,437,517,-80,0.0,24
1755,0,0,437,435,2,1.0,24
1755,1,1,568,424,144,1.0,25
1763,0,0,515,396,119,1.0,23
1763,1,1,413,488,-75,0.0,24
1771,0,0,292,503,-211,0.0,21
1771,1,1,456,304,152,1.0,26
1779,0,0,386,480,-94,0.0,24
1779,1,1,387,470,-83,0.0,25
1787,0,0,416,518,-102,0.0,23
1787,1,1,485,418,67,1.0,24
1795,0,0,435,460,-25,0.0,20
1795,1,1,518,526,-8,0.0,21
1803,0,0,408,537,-129,0.0,21
1803,1,1,457,415,42,1.0,23
1811,0,0,360,501,-141,0.0,26
1811,1,1,455,368,87,1.0,24
1819,0,0,412,435,-23,0.0,26
1819,1,1,461,378,83,1.0,23
1827,0,0,470,375,95,1.0,24
1827,1,1,408,407,1,1.0,23
1835,0,0,418,541,-123,0.0,21
1835,1,1,503,302,201,1.0,28
1843,0,0,522,546,-24,0.0,21
1843,1,1,506,457,49,1.0,21
1851,0,0,575,491,84,1.0,24
1851,1,1,490,518,-28,0.0,24
1859,0,0,581,383,198,1.0,24
1859,1,1,369,556,-187,0.0,18
1867,0,0,335,418,-83,0.0,23
1867,1,1,497,376,121,1.0,25
1875,0,0,460,544,-84,0.0,23
1875,1,1,445,546,-101,0.0,22
1883,0,0,418,489,-71,0.0,25
1883,1,1,494,447,47,1.0,25
1891,0,0,545,404,141,1.0,20
1891,1,1,429,373,56,1.0,27
1899,0,0,370,428,-58,0.0,23
1899,1,1,470,454,16,1.0,24
1907,0,0,351,502,-151,0.0,23
1907,1,1,467,416,51,1.0,20
1915,0,0,491,545,-54,0.0,21
1915,1,1,509,516,-7,0.0,23
1923,0,0,357,453,-96,0.0,23
1923,1,1,502,469,33,1.0,21
1931,0,0,531,462,69,1.0,21
1931,1,1,485,479,6,1.0,26
1939,0,0,619,435,184,1.0,21
1939,1,1,434,541,-107,0.0,25
1947,0,0,523,323,200,1.0,26
1947,1,1,448,534,-86,0.0,26
1955,0,0,437,396,41,1.0,24
1955,1,1,473,457,16,1.0,20
1963,0,0,507,435,72,1.0,23
1963,1,1,471,437,34,1.0,24
1971,0,0,392,401,-9,0.0,26
1971,1,1,484,381,103,1.0,22
1979,0,0,390,449,-59,0.0,24
1979,1,1,431,351,80,1.0,23
1987,0,0,488,425,63,1.0,22
1987,1,1,389,519,-130,0.0,31
1995,0,0,469,504,-35,0.0,25
1995,1,1,386,455,-69,0.0,23
pair,game,a_seat,a_score,b_score,a_spread,a_win,turns
4,0,0,438,420,18,1.0,28
4,1,1,443,445,-2,0.0,24
12,0,0,473,490,-17,0.0,21
12,1,1,562,493,69,1.0,21
20,0,0,428,413,15,1.0,23
20,1,1,402,409,-7,0.0,21
28,0,0,418,378,40,1.0,25
28,1,1,412,505,-93,0.0,23
36,0,0,482,382,100,1.0,26
36,1,1,357,461,-104,0.0,24
44,0,0,567,354,213,1.0,26
44,1,1,287,471,-184,0.0,23
52,0,0,475,403,72,1.0,24
52,1,1,401,461,-60,0.0,22
60,0,0,540,394,146,1.0,26
60,1,1,400,456,-56,0.0,21
68,0,0,499,420,79,1.0,21
68,1,1,426,506,-80,0.0,26
76,0,0,504,387,117,1.0,21
76,1,1,514,380,134,1.0,24
84,0,0,485,332,153,1.0,23
84,1,1,443,500,-57,0.0,23
92,0,0,445,367,78,1.0,25
92,1,1,380,448,-68,0.0,23
100,0,0,376,440,-64,0.0,23
100,1,1,478,399,79,1.0,26
108,0,0,442,439,3,1.0,27
108,1,1,417,524,-107,0.0,25
116,0,0,438,456,-18,0.0,26
116,1,1,433,497,-64,0.0,25
124,0,0,489,513,-24,0.0,27
124,1,1,413,410,3,1.0,23
132,0,0,597,372,225,1.0,17
132,1,1,318,580,-262,0.0,21
140,0,0,565,470,95,1.0,22
140,1,1,553,474,79,1.0,20
148,0,0,489,494,-5,0.0,22
148,1,1,439,403,36,1.0,24
156,0,0,407,416,-9,0.0,24
156,1,1,391,502,-111,0.0,21
164,0,0,372,582,-210,0.0,24
164,1,1,537,437,100,1.0,22
172,0,0,492,463,29,1.0,25
172,1,1,419,524,-105,0.0,25
180,0,0,427,475,-48,0.0,21
180,1,1,524,444,80,1.0,22
188,0,0,344,562,-218,0.0,26
188,1,1,398,463,-65,0.0,22
196,0,0,448,467,-19,0.0,19
196,1,1,450,493,-43,0.0,24
204,0,0,447,509,-62,0.0,23
204,1,1,433,383,50,1.0,23
212,0,0,405,417,-12,0.0,25
212,1,1,385,418,-33,0.0,22
220,0,0,608,366,242,1.0,21
220,1,1,466,477,-11,0.0,25
228,0,0,380,457,-77,0.0,24
228,1,1,467,417,50,1.0,23
236,0,0,326,522,-196,0.0,30
236,1,1,402,425,-23,0.0,26
244,0,0,428,473,-45,0.0,21
244,1,1,478,300,178,1.0,24
252,0,0,492,416,76,1.0,27
252,1,1,469,451,18,1.0,26
260,0,0,400,520,-120,0.0,21
260,1,1,538,381,157,1.0,24
268,0,0,543,474,69,1.0,22
268,1,1,426,439,-13,0.0,24
276,0,0,492,305,187,1.0,24
276,1,1,409,543,-134,0.0,26
284,0,0,458,519,-61,0.0,20
284,1,1,439,447,-8,0.0,22
292,0,0,471,478,-7,0.0,25
292,1,1,505,372,133,1.0,24
300,0,0,460,429,31,1.0,24
300,1,1,452,473,-21,0.0,21
308,0,0,592,450,142,1.0,23
308,1,1,426,365,61,1.0,24
316,0,0,451,397,54,1.0,27
316,1,1,473,458,15,1.0,26
324,0,0,412,419,-7,0.0,24
324,1,1,443,435,8,1.0,26
332,0,0,401,493,-92,0.0,24
332,1,1,508,376,132,1.0,22
340,0,0,525,418,107,1.0,22
340,1,1,378,483,-105,0.0,21
348,0,0,415,386,29,1.0,24
348,1,1,338,393,-55,0.0,27
356,0,0,462,411,51,1.0,23
356,1,1,373,407,-34,0.0,23
364,0,0,459,511,-52,0.0,19
364,1,1,490,404,86,1.0,20
372,0,0,522,433,89,1.0,21
372,1,1,580,468,112,1.0,24
380,0,0,472,422,50,1.0,26
380,1,1,439,484,-45,0.0,24
388,0,0,543,423,120,1.0,23
388,1,1,475,390,85,1.0,22
396,0,0,451,388,63,1.0,23
396,1,1,418,440,-22,0.0,25
404,0,0,398,549,-151,0.0,20
404,1,1,505,412,93,1.0,24
412,0,0,451,451,0,0.5,24
412,1,1,423,503,-80,0.0,26
420,0,0,444,435,9,1.0,24
420,1,1,426,451,-25,0.0,25
428,0,0,513,389,124,1.0,22
428,1,1,345,491,-146,0.0,36
436,0,0,452,350,102,1.0,30
436,1,1,313,409,-96,0.0,29
444,0,0,488,417,71,1.0,24
444,1,1,390,416,-26,0.0,23
452,0,0,419,476,-57,0.0,24
452,1,1,405,453,-48,0.0,23
460,0,0,463,470,-7,0.0,21
460,1,1,552,391,161,1.0,18
468,0,0,448,347,101,1.0,26
468,1,1,447,442,5,1.0,24
476,0,0,418,453,-35,0.0,23
476,1,1,486,415,71,1.0,26
484,0,0,430,470,-40,0.0,24
484,1,1,475,441,34,1.0,22
492,0,0,346,520,-174,0.0,22
492,1,1,531,323,208,1.0,26
500,0,0,543,480,63,1.0,22
500,1,1,477,449,28,1.0,22
508,0,0,413,469,-56,0.0,27
508,1,1,403,442,-39,0.0,26
516,0,0,469,372,97,1.0,24
516,1,1,439,541,-102,0.0,25
524,0,0,500,393,107,1.0,23
524,1,1,370,585,-215,0.0,23
532,0,0,378,371,7,1.0,26
532,1,1,426,577,-151,0.0,26
540,0,0,479,432,47,1.0,22
540,1,1,420,446,-26,0.0,27
548,0,0,294,458,-164,0.0,26
548,1,1,418,354,64,1.0,30
556,0,0,494,390,104,1.0,25
556,1,1,475,421,54,1.0,24
564,0,0,416,517,-101,0.0,22
564,1,1,496,482,14,1.0,21
572,0,0,417,485,-68,0.0,24
572,1,1,488,560,-72,0.0,22
580,0,0,451,393,58,1.0,25
580,1,1,397,398,-1,0.0,23
588,0,0,441,349,92,1.0,23
588,1,1,375,401,-26,0.0,24
596,0,0,326,514,-188,0.0,24
596,1,1,469,341,128,1.0,24
604,0,0,521,364,157,1.0,24
604,1,1,378,475,-97,0.0,25
612,0,0,494,468,26,1.0,21
612,1,1,458,486,-28,0.0,20
620,0,0,372,454,-82,0.0,25
620,1,1,374,429,-55,0.0,24
628,0,0,420,318,102,1.0,26
628,1,1,423,450,-27,0.0,24
636,0,0,474,470,4,1.0,27
636,1,1,440,407,33,1.0,25
644,0,0,499,378,121,1.0,23
644,1,1,345,548,-203,0.0,25
652,0,0,442,428,14,1.0,23
652,1,1,493,394,99,1.0,22
660,0,0,523,411,112,1.0,23
660,1,1,440,532,-92,0.0,22
668,0,0,505,431,74,1.0,21
668,1,1,475,467,8,1.0,20
676,0,0,488,449,39,1.0,21
676,1,1,488,434,54,1.0,25
684,0,0,397,476,-79,0.0,20
684,1,1,486,413,73,1.0,20
692,0,0,395,453,-58,0.0,29
692,1,1,472,450,22,1.0,24
700,0,0,419,464,-45,0.0,28
700,1,1,475,355,120,1.0,26
708,0,0,452,506,-54,0.0,23
708,1,1,461,533,-72,0.0,26
716,0,0,422,402,20,1.0,23
716,1,1,346,452,-106,0.0,22
724,0,0,482,397,85,1.0,25
724,1,1,382,571,-189,0.0,22
732,0,0,410,433,-23,0.0,25
732,1,1,352,522,-170,0.0,25
740,0,0,434,441,-7,0.0,21
740,1,1,484,388,96,1.0,22
748,0,0,422,377,45,1.0,25
748,1,1,419,451,-32,0.0,21
756,0,0,462,377,85,1.0,24
756,1,1,405,455,-50,0.0,26
764,0,0,611,407,204,1.0,20
764,1,1,417,465,-48,0.0,23
772,0,0,497,564,-67,0.0,18
772,1,1,501,469,32,1.0,19
780,0,0,461,517,-56,0.0,20
780,1,1,372,438,-66,0.0,22
788,0,0,540,366,174,1.0,25
788,1,1,412,518,-106,0.0,25
796,0,0,476,480,-4,0.0,21
796,1,1,518,431,87,1.0,21
804,0,0,423,370,53,1.0,24
804,1,1,417,457,-40,0.0,23
812,0,0,484,417,67,1.0,23
812,1,1,408,422,-14,0.0,23
820,0,0,406,476,-70,0.0,23
820,1,1,493,368,125,1.0,25
828,0,0,484,360,124,1.0,21
828,1,1,416,408,8,1.0,23
836,0,0,399,389,10,1.0,24
836,1,1,359,428,-69,0.0,25
844,0,0,506,448,58,1.0,22
844,1,1,365,498,-133,0.0,21
852,0,0,396,441,-45,0.0,25
852,1,1,460,422,38,1.0,24
860,0,0,503,401,102,1.0,24
860,1,1,482,483,-1,0.0,25
868,0,0,455,450,5,1.0,23
868,1,1,632,316,316,1.0,22
876,0,0,572,419,153,1.0,22
876,1,1,352,479,-127,0.0,23
884,0,0,442,399,43,1.0,25
884,1,1,350,482,-132,0.0,24
892,0,0,450,384,66,1.0,22
892,1,1,405,451,-46,0.0,23
900,0,0,403,456,-53,0.0,27
900,1,1,462,326,136,1.0,24
908,0,0,489,400,89,1.0,20
908,1,1,480,387,93,1.0,23
916,0,0,521,333,188,1.0,21
916,1,1,430,589,-159,0.0,19
924,0,0,573,352,221,1.0,24
924,1,1,363,430,-67,0.0,23
932,0,0,459,370,89,1.0,21
932,1,1,443,529,-86,0.0,23
940,0,0,448,434,14,1.0,21
940,1,1,463,383,80,1.0,24
948,0,0,380,473,-93,0.0,21
948,1,1,414,447,-33,0.0,24
956,0,0,364,428,-64,0.0,23
956,1,1,419,477,-58,0.0,24
964,0,0,494,407,87,1.0,22
964,1,1,484,513,-29,0.0,19
972,0,0,348,506,-158,0.0,21
972,1,1,476,340,136,1.0,22
980,0,0,409,479,-70,0.0,23
980,1,1,471,414,57,1.0,20
988,0,0,385,467,-82,0.0,30
988,1,1,401,381,20,1.0,24
996,0,0,465,515,-50,0.0,21
996,1,1,506,456,50,1.0,19
1004,0,0,476,414,62,1.0,24
1004,1,1,475,453,22,1.0,21
1012,0,0,364,510,-146,0.0,22
1012,1,1,512,446,66,1.0,25
1020,0,0,474,319,155,1.0,30
1020,1,1,472,480,-8,0.0,22
1028,0,0,486,500,-14,0.0,24
1028,1,1,432,387,45,1.0,26
1036,0,0,359,522,-163,0.0,23
1036,1,1,444,384,60,1.0,27
1044,0,0,427,545,-118,0.0,22
1044,1,1,424,476,-52,0.0,22
1052,0,0,489,346,143,1.0,31
1052,1,1,523,403,120,1.0,22
1060,0,0,474,413,61,1.0,25
1060,1,1,459,453,6,1.0,24
1068,0,0,389,599,-210,0.0,22
1068,1,1,469,416,53,1.0,24
1076,0,0,447,416,31,1.0,24
1076,1,1,425,487,-62,0.0,25
1084,0,0,567,411,156,1.0,17
1084,1,1,486,469,17,1.0,21
1092,0,0,474,366,108,1.0,23
1092,1,1,402,468,-66,0.0,21
1100,0,0,425,374,51,1.0,24
1100,1,1,487,500,-13,0.0,22
1108,0,0,522,364,158,1.0,21
1108,1,1,374,491,-117,0.0,23
1116,0,0,434,441,-7,0.0,24
1116,1,1,418,420,-2,0.0,24
1124,0,0,443,358,85,1.0,25
1124,1,1,335,491,-156,0.0,24
1132,0,0,460,454,6,1.0,23
1132,1,1,462,554,-92,0.0,22
1140,0,0,523,386,137,1.0,22
1140,1,1,468,467,1,1.0,21
1148,0,0,474,392,82,1.0,26
1148,1,1,412,483,-71,0.0,25
1156,0,0,423,493,-70,0.0,20
1156,1,1,440,443,-3,0.0,21
1164,0,0,447,397,50,1.0,22
1164,1,1,369,479,-110,0.0,22
1172,0,0,488,432,56,1.0,23
1172,1,1,430,563,-133,0.0,22
1180,0,0,524,436,88,1.0,21
1180,1,1,504,497,7,1.0,23
1188,0,0,566,458,108,1.0,21
1188,1,1,402,439,-37,0.0,23
1196,0,0,410,409,1,1.0,24
1196,1,1,348,464,-116,0.0,26
1204,0,0,359,483,-124,0.0,23
1204,1,1,474,455,19,1.0,22
1212,0,0,459,473,-14,0.0,22
1212,1,1,493,487,6,1.0,24
1220,0,0,468,481,-13,0.0,21
1220,1,1,445,485,-40,0.0,21
1228,0,0,484,517,-33,0.0,21
1228,1,1,425,443,-18,0.0,23
1236,0,0,601,417,184,1.0,17
1236,1,1,486,625,-139,0.0,22
1244,0,0,405,471,-66,0.0,24
1244,1,1,519,476,43,1.0,21
1252,0,0,511,431,80,1.0,25
1252,1,1,390,453,-63,0.0,24
1260,0,0,602,375,227,1.0,21
1260,1,1,367,523,-156,0.0,20
1268,0,0,481,465,16,1.0,23
1268,1,1,385,448,-63,0.0,23
1276,0,0,552,325,227,1.0,21
1276,1,1,428,463,-35,0.0,22
1284,0,0,354,446,-92,0.0,24
1284,1,1,479,404,75,1.0,21
1292,0,0,466,490,-24,0.0,24
1292,1,1,434,448,-14,0.0,24
1300,0,0,464,387,77,1.0,23
1300,1,1,387,441,-54,0.0,23
1308,0,0,424,457,-33,0.0,27
1308,1,1,413,485,-72,0.0,23
1316,0,0,491,478,13,1.0,21
1316,1,1,387,444,-57,0.0,21
1324,0,0,441,515,-74,0.0,24
1324,1,1,480,473,7,1.0,21
1332,0,0,348,409,-61,0.0,25
1332,1,1,585,476,109,1.0,20
1340,0,0,550,513,37,1.0,21
1340,1,1,527,470,57,1.0,22
1348,0,0,511,430,81,1.0,22
1348,1,1,424,402,22,1.0,23
1356,0,0,418,478,-60,0.0,23
1356,1,1,471,431,40,1.0,25
1364,0,0,368,416,-48,0.0,25
1364,1,1,427,492,-65,0.0,22
1372,0,0,584,421,163,1.0,24
1372,1,1,514,405,109,1.0,27
1380,0,0,497,380,117,1.0,22
1380,1,1,318,524,-206,0.0,21
1388,0,0,505,463,42,1.0,21
1388,1,1,570,384,186,1.0,23
1396,0,0,449,473,-24,0.0,22
1396,1,1,501,394,107,1.0,22
1404,0,0,429,433,-4,0.0,24
1404,1,1,483,384,99,1.0,24
1412,0,0,521,408,113,1.0,24
1412,1,1,388,481,-93,0.0,25
1420,0,0,473,522,-49,0.0,20
1420,1,1,496,455,41,1.0,22
1428,0,0,464,478,-14,0.0,19
1428,1,1,442,403,39,1.0,21
1436,0,0,578,358,220,1.0,23
1436,1,1,400,537,-137,0.0,24
1444,0,0,432,463,-31,0.0,23
1444,1,1,546,437,109,1.0,23
1452,0,0,362,468,-106,0.0,23
1452,1,1,507,357,150,1.0,24
1460,0,0,463,475,-12,0.0,20
1460,1,1,402,550,-148,0.0,23
1468,0,0,444,435,9,1.0,21
1468,1,1,395,416,-21,0.0,25
1476,0,0,400,441,-41,0.0,26
1476,1,1,490,373,117,1.0,24
1484,0,0,544,448,96,1.0,23
1484,1,1,398,523,-125,0.0,25
1492,0,0,375,455,-80,0.0,25
1492,1,1,476,492,-16,0.0,23
1500,0,0,483,451,32,1.0,26
1500,1,1,385,497,-112,0.0,21
1508,0,0,577,447,130,1.0,21
1508,1,1,369,497,-128,0.0,23
1516,0,0,372,397,-25,0.0,26
1516,1,1,468,392,76,1.0,23
1524,0,0,543,394,149,1.0,23
1524,1,1,404,457,-53,0.0,23
1532,0,0,443,490,-47,0.0,23
1532,1,1,433,414,19,1.0,21
1540,0,0,524,546,-22,0.0,20
1540,1,1,482,576,-94,0.0,20
1548,0,0,470,417,53,1.0,22
1548,1,1,400,411,-11,0.0,22
1556,0,0,361,513,-152,0.0,24
1556,1,1,454,399,55,1.0,25
1564,0,0,390,471,-81,0.0,27
1564,1,1,443,436,7,1.0,25
1572,0,0,412,452,-40,0.0,23
1572,1,1,466,544,-78,0.0,23
1580,0,0,392,447,-55,0.0,24
1580,1,1,375,452,-77,0.0,26
1588,0,0,393,465,-72,0.0,24
1588,1,1,465,446,19,1.0,24
1596,0,0,534,441,93,1.0,22
1596,1,1,440,495,-55,0.0,22
1604,0,0,319,543,-224,0.0,23
1604,1,1,375,405,-30,0.0,22
1612,0,0,562,482,80,1.0,20
1612,1,1,432,452,-20,0.0,26
1620,0,0,515,463,52,1.0,25
1620,1,1,369,545,-176,0.0,22
1628,0,0,382,411,-29,0.0,22
1628,1,1,475,372,103,1.0,26
1636,0,0,454,382,72,1.0,21
1636,1,1,427,476,-49,0.0,19
1644,0,0,481,453,28,1.0,22
1644,1,1,416,447,-31,0.0,22
1652,0,0,450,465,-15,0.0,21
1652,1,1,501,426,75,1.0,20
1660,0,0,505,438,67,1.0,24
1660,1,1,497,485,12,1.0,22
1668,0,0,417,451,-34,0.0,23
1668,1,1,519,418,101,1.0,24
1676,0,0,492,503,-11,0.0,21
1676,1,1,392,453,-61,0.0,23
1684,0,0,434,459,-25,0.0,32
1684,1,1,393,437,-44,0.0,25
1692,0,0,463,438,25,1.0,24
1692,1,1,411,398,13,1.0,23
1700,0,0,535,388,147,1.0,23
1700,1,1,468,492,-24,0.0,26
1708,0,0,408,590,-182,0.0,26
1708,1,1,423,425,-2,0.0,25
1716,0,0,591,398,193,1.0,21
1716,1,1,399,512,-113,0.0,20
1724,0,0,652,432,220,1.0,20
1724,1,1,426,484,-58,0.0,23
1732,0,0,513,425,88,1.0,24
1732,1,1,499,565,-66,0.0,18
1740,0,0,428,536,-108,0.0,21
1740,1,1,538,375,163,1.0,22
1748,0,0,492,396,96,1.0,22
1748,1,1,389,483,-94,0.0,21
1756,0,0,640,403,237,1.0,21
1756,1,1,379,487,-108,0.0,23
1764,0,0,445,417,28,1.0,21
1764,1,1,397,443,-46,0.0,23
1772,0,0,428,460,-32,0.0,23
1772,1,1,342,496,-154,0.0,21
1780,0,0,410,550,-140,0.0,21
1780,1,1,472,448,24,1.0,22
1788,0,0,550,367,183,1.0,25
1788,1,1,307,514,-207,0.0,24
1796,0,0,470,378,92,1.0,21
1796,1,1,430,409,21,1.0,24
1804,0,0,386,379,7,1.0,23
1804,1,1,358,489,-131,0.0,23
1812,0,0,468,384,84,1.0,23
1812,1,1,329,486,-157,0.0,24
1820,0,0,529,354,175,1.0,24
1820,1,1,393,447,-54,0.0,29
1828,0,0,527,451,76,1.0,20
1828,1,1,453,473,-20,0.0,19
1836,0,0,558,325,233,1.0,29
1836,1,1,326,419,-93,0.0,27
1844,0,0,421,431,-10,0.0,25
1844,1,1,502,471,31,1.0,22
1852,0,0,462,514,-52,0.0,25
1852,1,1,392,487,-95,0.0,22
1860,0,0,542,390,152,1.0,26
1860,1,1,345,588,-243,0.0,23
1868,0,0,446,466,-20,0.0,20
1868,1,1,559,414,145,1.0,23
1876,0,0,396,482,-86,0.0,24
1876,1,1,400,448,-48,0.0,21
1884,0,0,376,369,7,1.0,25
1884,1,1,434,444,-10,0.0,21
1892,0,0,432,456,-24,0.0,26
1892,1,1,441,511,-70,0.0,21
1900,0,0,488,424,64,1.0,23
1900,1,1,448,420,28,1.0,25
1908,0,0,360,595,-235,0.0,20
1908,1,1,574,353,221,1.0,20
1916,0,0,357,459,-102,0.0,24
1916,1,1,444,394,50,1.0,26
1924,0,0,421,512,-91,0.0,23
1924,1,1,539,321,218,1.0,22
1932,0,0,494,394,100,1.0,22
1932,1,1,404,411,-7,0.0,26
1940,0,0,430,401,29,1.0,20
1940,1,1,412,433,-21,0.0,23
1948,0,0,474,409,65,1.0,23
1948,1,1,505,506,-1,0.0,22
1956,0,0,465,437,28,1.0,30
1956,1,1,466,418,48,1.0,24
1964,0,0,535,330,205,1.0,21
1964,1,1,396,439,-43,0.0,23
1972,0,0,498,409,89,1.0,23
1972,1,1,379,444,-65,0.0,25
1980,0,0,462,361,101,1.0,25
1980,1,1,477,418,59,1.0,26
1988,0,0,367,458,-91,0.0,22
1988,1,1,421,432,-11,0.0,22
1996,0,0,424,473,-49,0.0,21
1996,1,1,527,384,143,1.0,20
pair,game,a_seat,a_score,b_score,a_spread,a_win,turns
5,0,0,499,384,115,1.0,24
5,1,1,402,430,-28,0.0,22
13,0,0,465,439,26,1.0,23
13,1,1,428,451,-23,0.0,23
21,0,0,460,473,-13,0.0,22
21,1,1,452,364,88,1.0,22
29,0,0,538,456,82,1.0,18
29,1,1,512,409,103,1.0,21
37,0,0,457,462,-5,0.0,23
37,1,1,353,396,-43,0.0,23
45,0,0,407,517,-110,0.0,23
45,1,1,436,410,26,1.0,23
53,0,0,437,505,-68,0.0,21
53,1,1,555,449,106,1.0,24
61,0,0,527,419,108,1.0,20
61,1,1,395,542,-147,0.0,24
69,0,0,451,456,-5,0.0,22
69,1,1,495,430,65,1.0,22
77,0,0,518,433,85,1.0,22
77,1,1,393,482,-89,0.0,21
85,0,0,528,357,171,1.0,23
85,1,1,368,496,-128,0.0,22
93,0,0,487,436,51,1.0,24
93,1,1,504,439,65,1.0,25
101,0,0,461,470,-9,0.0,22
101,1,1,405,522,-117,0.0,20
109,0,0,456,446,10,1.0,22
109,1,1,450,419,31,1.0,22
117,0,0,447,483,-36,0.0,21
117,1,1,547,496,51,1.0,21
125,0,0,521,438,83,1.0,25
125,1,1,497,469,28,1.0,23
133,0,0,384,437,-53,0.0,21
133,1,1,458,426,32,1.0,23
141,0,0,438,503,-65,0.0,22
141,1,1,439,449,-10,0.0,23
149,0,0,355,573,-218,0.0,21
149,1,1,482,405,77,1.0,25
157,0,0,447,424,23,1.0,23
157,1,1,414,495,-81,0.0,24
165,0,0,417,385,32,1.0,24
165,1,1,469,509,-40,0.0,22
173,0,0,498,423,75,1.0,20
173,1,1,371,559,-188,0.0,20
181,0,0,373,454,-81,0.0,24
181,1,1,463,408,55,1.0,26
189,0,0,403,496,-93,0.0,24
189,1,1,473,473,0,0.5,22
197,0,0,386,395,-9,0.0,25
197,1,1,433,439,-6,0.0,23
205,0,0,370,530,-160,0.0,24
205,1,1,453,541,-88,0.0,22
213,0,0,392,560,-168,0.0,23
213,1,1,560,429,131,1.0,21
221,0,0,422,397,25,1.0,20
221,1,1,420,376,44,1.0,24
229,0,0,473,383,90,1.0,24
229,1,1,414,450,-36,0.0,21
237,0,0,443,412,31,1.0,23
237,1,1,522,375,147,1.0,23
245,0,0,469,424,45,1.0,24
245,1,1,407,456,-49,0.0,27
253,0,0,459,444,15,1.0,22
253,1,1,442,525,-83,0.0,24
261,0,0,409,527,-118,0.0,24
261,1,1,538,390,148,1.0,25
269,0,0,337,557,-220,0.0,21
269,1,1,563,326,237,1.0,26
277,0,0,465,428,37,1.0,22
277,1,1,429,503,-74,0.0,23
285,0,0,451,519,-68,0.0,25
285,1,1,464,462,2,1.0,25
293,0,0,373,506,-133,0.0,23
293,1,1,497,418,79,1.0,21
301,0,0,466,401,65,1.0,22
301,1,1,426,492,-66,0.0,21
309,0,0,531,348,183,1.0,22
309,1,1,356,469,-113,0.0,22
317,0,0,372,567,-195,0.0,21
317,1,1,537,467,70,1.0,21
325,0,0,420,425,-5,0.0,22
325,1,1,419,441,-22,0.0,23
333,0,0,564,413,151,1.0,23
333,1,1,471,576,-105,0.0,23
341,0,0,334,455,-121,0.0,24
341,1,1,598,326,272,1.0,25
349,0,0,436,382,54,1.0,28
349,1,1,456,389,67,1.0,27
357,0,0,407,491,-84,0.0,24
357,1,1,450,448,2,1.0,23
365,0,0,432,453,-21,0.0,28
365,1,1,484,462,22,1.0,25
373,0,0,405,445,-40,0.0,20
373,1,1,423,443,-20,0.0,24
381,0,0,512,522,-10,0.0,22
381,1,1,510,400,110,1.0,23
389,0,0,499,325,174,1.0,25
389,1,1,350,367,-17,0.0,23
397,0,0,459,365,94,1.0,22
397,1,1,474,451,23,1.0,24
405,0,0,464,361,103,1.0,23
405,1,1,410,378,32,1.0,26
413,0,0,473,522,-49,0.0,20
413,1,1,521,378,143,1.0,21
421,0,0,437,511,-74,0.0,20
421,1,1,484,405,79,1.0,22
429,0,0,454,398,56,1.0,27
429,1,1,391,511,-120,0.0,28
437,0,0,441,311,130,1.0,26
437,1,1,400,478,-78,0.0,24
445,0,0,366,574,-208,0.0,24
445,1,1,520,467,53,1.0,22
453,0,0,510,463,47,1.0,26
453,1,1,455,430,25,1.0,21
461,0,0,440,401,39,1.0,22
461,1,1,467,489,-22,0.0,20
469,0,0,490,369,121,1.0,27
469,1,1,437,430,7,1.0,24
477,0,0,381,488,-107,0.0,22
477,1,1,413,410,3,1.0,25
485,0,0,497,406,91,1.0,20
485,1,1,457,415,42,1.0,23
493,0,0,386,502,-116,0.0,22
493,1,1,432,397,35,1.0,24
501,0,0,396,453,-57,0.0,24
501,1,1,579,408,171,1.0,24
509,0,0,407,530,-123,0.0,24
509,1,1,542,468,74,1.0,22
517,0,0,438,468,-30,0.0,26
517,1,1,456,311,145,1.0,25
525,0,0,375,424,-49,0.0,21
525,1,1,479,519,-40,0.0,22
533,0,0,475,385,90,1.0,27
533,1,1,424,447,-23,0.0,21
541,0,0,472,418,54,1.0,24
541,1,1,407,486,-79,0.0,24
549,0,0,475,476,-1,0.0,25
549,1,1,497,380,117,1.0,25
557,0,0,436,404,32,1.0,24
557,1,1,414,462,-48,0.0,21
565,0,0,386,394,-8,0.0,24
565,1,1,481,382,99,1.0,23
573,0,0,471,447,24,1.0,21
573,1,1,351,579,-228,0.0,24
581,0,0,469,446,23,1.0,25
581,1,1,422,371,51,1.0,27
589,0,0,477,437,40,1.0,23
589,1,1,407,430,-23,0.0,23
597,0,0,474,420,54,1.0,22
597,1,1,469,446,23,1.0,21
605,0,0,484,461,23,1.0,24
605,1,1,436,446,-10,0.0,22
613,0,0,484,464,20,1.0,25
613,1,1,466,410,56,1.0,23
621,0,0,400,481,-81,0.0,27
621,1,1,578,527,51,1.0,23
629,0,0,416,465,-49,0.0,21
629,1,1,424,490,-66,0.0,21
637,0,0,384,656,-272,0.0,23
637,1,1,545,359,186,1.0,21
645,0,0,380,572,-192,0.0,23
645,1,1,498,394,104,1.0,23
653,0,0,282,467,-185,0.0,24
653,1,1,449,352,97,1.0,27
661,0,0,428,493,-65,0.0,28
661,1,1,489,452,37,1.0,23
669,0,0,393,458,-65,0.0,21
669,1,1,468,321,147,1.0,25
677,0,0,409,484,-75,0.0,25
677,1,1,422,519,-97,0.0,21
685,0,0,361,495,-134,0.0,21
685,1,1,539,413,126,1.0,22
693,0,0,492,417,75,1.0,23
693,1,1,469,418,51,1.0,22
701,0,0,386,441,-55,0.0,23
701,1,1,443,468,-25,0.0,23
709,0,0,361,486,-125,0.0,22
709,1,1,463,423,40,1.0,25
717,0,0,410,387,23,1.0,28
717,1,1,467,422,45,1.0,22
725,0,0,487,462,25,1.0,21
725,1,1,498,472,26,1.0,20
733,0,0,476,444,32,1.0,24
733,1,1,466,407,59,1.0,21
741,0,0,401,460,-59,0.0,25
741,1,1,464,405,59,1.0,21
749,0,0,355,511,-156,0.0,23
749,1,1,572,385,187,1.0,23
757,0,0,459,343,116,1.0,23
757,1,1,443,371,72,1.0,23
765,0,0,449,515,-66,0.0,28
765,1,1,478,401,77,1.0,23
773,0,0,534,482,52,1.0,23
773,1,1,579,433,146,1.0,21
781,0,0,633,345,288,1.0,24
781,1,1,297,536,-239,0.0,25
789,0,0,478,388,90,1.0,23
789,1,1,464,505,-41,0.0,23
797,0,0,433,383,50,1.0,26
797,1,1,432,454,-22,0.0,24
805,0,0,405,456,-51,0.0,21
805,1,1,371,448,-77,0.0,21
813,0,0,413,426,-13,0.0,24
813,1,1,427,414,13,1.0,23
821,0,0,419,442,-23,0.0,23
821,1,1,425,426,-1,0.0,24
829,0,0,439,390,49,1.0,24
829,1,1,479,460,19,1.0,22
837,0,0,434,500,-66,0.0,25
837,1,1,417,369,48,1.0,24
845,0,0,351,529,-178,0.0,24
845,1,1,506,466,40,1.0,23
853,0,0,576,449,127,1.0,20
853,1,1,495,499,-4,0.0,20
861,0,0,381,448,-67,0.0,21
861,1,1,447,370,77,1.0,23
869,0,0,471,509,-38,0.0,22
869,1,1,441,475,-34,0.0,24
877,0,0,509,401,108,1.0,23
877,1,1,433,350,83,1.0,26
885,0,0,572,504,68,1.0,22
885,1,1,477,423,54,1.0,23
893,0,0,462,447,15,1.0,24
893,1,1,510,441,69,1.0,24
901,0,0,398,443,-45,0.0,25
901,1,1,486,399,87,1.0,24
909,0,0,474,451,23,1.0,21
909,1,1,432,549,-117,0.0,22
917,0,0,519,446,73,1.0,23
917,1,1,458,448,10,1.0,26
925,0,0,569,386,183,1.0,24
925,1,1,457,479,-22,0.0,24
933,0,0,495,445,50,1.0,24
933,1,1,530,352,178,1.0,26
941,0,0,528,395,133,1.0,26
941,1,1,437,448,-11,0.0,24
949,0,0,406,482,-76,0.0,21
949,1,1,515,497,18,1.0,21
957,0,0,557,349,208,1.0,19
957,1,1,387,510,-123,0.0,21
965,0,0,459,406,53,1.0,24
965,1,1,504,419,85,1.0,22
973,0,0,416,526,-110,0.0,21
973,1,1,429,470,-41,0.0,18
981,0,0,461,407,54,1.0,24
981,1,1,451,419,32,1.0,21
989,0,0,489,362,127,1.0,22
989,1,1,419,455,-36,0.0,26
997,0,0,364,431,-67,0.0,25
997,1,1,536,280,256,1.0,24
1005,0,0,434,372,62,1.0,24
1005,1,1,397,466,-69,0.0,22
1013,0,0,441,404,37,1.0,22
1013,1,1,450,351,99,1.0,23
1021,0,0,385,420,-35,0.0,23
1021,1,1,368,493,-125,0.0,22
1029,0,0,434,459,-25,0.0,22
1029,1,1,438,505,-67,0.0,20
1037,0,0,497,397,100,1.0,28
1037,1,1,509,380,129,1.0,25
1045,0,0,427,448,-21,0.0,24
1045,1,1,449,450,-1,0.0,22
1053,0,0,420,460,-40,0.0,24
1053,1,1,484,362,122,1.0,27
1061,0,0,413,592,-179,0.0,21
1061,1,1,547,399,148,1.0,22
1069,0,0,444,475,-31,0.0,23
1069,1,1,580,354,226,1.0,24
1077,0,0,379,471,-92,0.0,23
1077,1,1,506,351,155,1.0,19
1085,0,0,307,526,-219,0.0,23
1085,1,1,380,449,-69,0.0,21
1093,0,0,428,444,-16,0.0,20
1093,1,1,463,435,28,1.0,20
1101,0,0,417,418,-1,0.0,26
1101,1,1,444,466,-22,0.0,27
1109,0,0,544,339,205,1.0,24
1109,1,1,492,453,39,1.0,21
1117,0,0,360,503,-143,0.0,24
1117,1,1,516,429,87,1.0,24
1125,0,0,356,439,-83,0.0,26
1125,1,1,369,481,-112,0.0,26
1133,0,0,316,528,-212,0.0,23
1133,1,1,459,334,125,1.0,24
1141,0,0,451,432,19,1.0,23
1141,1,1,407,568,-161,0.0,24
1149,0,0,477,431,46,1.0,23
1149,1,1,381,426,-45,0.0,26
1157,0,0,490,487,3,1.0,22
1157,1,1,530,414,116,1.0,22
1165,0,0,493,483,10,1.0,23
1165,1,1,433,505,-72,0.0,22
1173,0,0,449,368,81,1.0,20
1173,1,1,508,394,114,1.0,23
1181,0,0,422,455,-33,0.0,20
1181,1,1,471,450,21,1.0,22
1189,0,0,501,410,91,1.0,26
1189,1,1,529,436,93,1.0,27
1197,0,0,480,481,-1,0.0,24
1197,1,1,479,363,116,1.0,22
1205,0,0,435,430,5,1.0,24
1205,1,1,375,507,-132,0.0,20
1213,0,0,378,440,-62,0.0,22
1213,1,1,488,338,150,1.0,23
1221,0,0,558,429,129,1.0,22
1221,1,1,461,558,-97,0.0,23
1229,0,0,370,456,-86,0.0,28
1229,1,1,379,343,36,1.0,23
1237,0,0,458,421,37,1.0,27
1237,1,1,427,485,-58,0.0,23
1245,0,0,347,502,-155,0.0,24
1245,1,1,596,330,266,1.0,21
1253,0,0,508,461,47,1.0,21
1253,1,1,421,525,-104,0.0,20
1261,0,0,433,457,-24,0.0,20
1261,1,1,523,469,54,1.0,24
1269,0,0,504,388,116,1.0,24
1269,1,1,446,430,16,1.0,23
1277,0,0,419,477,-58,0.0,27
1277,1,1,489,466,23,1.0,22
1285,0,0,356,476,-120,0.0,24
1285,1,1,488,455,33,1.0,24
1293,0,0,496,427,69,1.0,23
1293,1,1,411,350,61,1.0,24
1301,0,0,445,424,21,1.0,24
1301,1,1,434,395,39,1.0,20
1309,0,0,578,408,170,1.0,25
1309,1,1,369,430,-61,0.0,24
1317,0,0,433,449,-16,0.0,20
1317,1,1,381,374,7,1.0,26
1325,0,0,518,477,41,1.0,21
1325,1,1,445,466,-21,0.0,22
1333,0,0,515,474,41,1.0,23
1333,1,1,376,460,-84,0.0,29
1341,0,0,464,434,30,1.0,23
1341,1,1,481,521,-40,0.0,20
1349,0,0,420,422,-2,0.0,23
1349,1,1,451,455,-4,0.0,25
1357,0,0,548,405,143,1.0,23
1357,1,1,352,498,-146,0.0,22
1365,0,0,594,272,322,1.0,20
1365,1,1,335,535,-200,0.0,22
1373,0,0,307,547,-240,0.0,29
1373,1,1,430,345,85,1.0,27
1381,0,0,431,441,-10,0.0,24
1381,1,1,389,395,-6,0.0,24
1389,0,0,381,496,-115,0.0,23
1389,1,1,461,479,-18,0.0,25
1397,0,0,384,405,-21,0.0,26
1397,1,1,427,427,0,0.5,27
1405,0,0,319,563,-244,0.0,25
1405,1,1,347,443,-96,0.0,30
1413,0,0,370,344,26,1.0,24
1413,1,1,368,496,-128,0.0,22
1421,0,0,434,432,2,1.0,22
1421,1,1,464,486,-22,0.0,22
1429,0,0,470,412,58,1.0,22
1429,1,1,424,532,-108,0.0,22
1437,0,0,432,350,82,1.0,23
1437,1,1,426,447,-21,0.0,23
1445,0,0,540,351,189,1.0,22
1445,1,1,480,454,26,1.0,22
1453,0,0,400,526,-126,0.0,23
1453,1,1,535,413,122,1.0,22
1461,0,0,473,453,20,1.0,21
1461,1,1,467,439,28,1.0,22
1469,0,0,562,487,75,1.0,23
1469,1,1,465,480,-15,0.0,22
1477,0,0,449,453,-4,0.0,23
1477,1,1,471,399,72,1.0,23
1485,0,0,378,492,-114,0.0,23
1485,1,1,392,490,-98,0.0,22
1493,0,0,430,485,-55,0.0,21
1493,1,1,362,431,-69,0.0,25
1501,0,0,409,508,-99,0.0,25
1501,1,1,448,377,71,1.0,22
1509,0,0,340,518,-178,0.0,23
1509,1,1,463,370,93,1.0,27
1517,0,0,488,519,-31,0.0,22
1517,1,1,445,415,30,1.0,22
1525,0,0,345,512,-167,0.0,21
1525,1,1,590,293,297,1.0,23
1533,0,0,508,472,36,1.0,22
1533,1,1,471,443,28,1.0,21
1541,0,0,484,481,3,1.0,25
1541,1,1,451,455,-4,0.0,24
1549,0,0,384,430,-46,0.0,27
1549,1,1,442,460,-18,0.0,28
1557,0,0,504,473,31,1.0,23
1557,1,1,350,502,-152,0.0,23
1565,0,0,440,363,77,1.0,25
1565,1,1,500,395,105,1.0,23
1573,0,0,380,446,-66,0.0,25
1573,1,1,517,397,120,1.0,25
1581,0,0,421,524,-103,0.0,22
1581,1,1,471,350,121,1.0,22
1589,0,0,400,577,-177,0.0,21
1589,1,1,488,455,33,1.0,22
1597,0,0,407,538,-131,0.0,23
1597,1,1,472,484,-12,0.0,23
1605,0,0,451,476,-25,0.0,23
1605,1,1,430,407,23,1.0,23
1613,0,0,411,625,-214,0.0,24
1613,1,1,536,402,134,1.0,24
1621,0,0,403,474,-71,0.0,25
1621,1,1,432,439,-7,0.0,26
1629,0,0,582,475,107,1.0,22
1629,1,1,446,432,14,1.0,22
1637,0,0,506,435,71,1.0,22
1637,1,1,459,483,-24,0.0,26
1645,0,0,428,497,-69,0.0,23
1645,1,1,496,328,168,1.0,21
1653,0,0,394,423,-29,0.0,24
1653,1,1,402,506,-104,0.0,22
1661,0,0,440,506,-66,0.0,22
1661,1,1,467,468,-1,0.0,21
1669,0,0,385,502,-117,0.0,21
1669,1,1,444,489,-45,0.0,22
1677,0,0,450,499,-49,0.0,21
1677,1,1,529,383,146,1.0,20
1685,0,0,496,456,40,1.0,23
1685,1,1,415,389,26,1.0,24
1693,0,0,441,377,64,1.0,22
1693,1,1,377,515,-138,0.0,24
1701,0,0,360,467,-107,0.0,27
1701,1,1,432,426,6,1.0,22
1709,0,0,494,374,120,1.0,26
1709,1,1,383,539,-156,0.0,22
1717,0,0,417,422,-5,0.0,22
1717,1,1,345,452,-107,0.0,22
1725,0,0,372,537,-165,0.0,23
1725,1,1,549,325,224,1.0,23
1733,0,0,411,394,17,1.0,25
1733,1,1,514,454,60,1.0,26
1741,0,0,466,399,67,1.0,22
1741,1,1,349,391,-42,0.0,25
1749,0,0,506,348,158,1.0,23
1749,1,1,493,438,55,1.0,22
1757,0,0,420,410,10,1.0,23
1757,1,1,352,372,-20,0.0,23
1765,0,0,453,481,-28,0.0,23
1765,1,1,500,341,159,1.0,26
1773,0,0,359,530,-171,0.0,25
1773,1,1,422,496,-74,0.0,18
1781,0,0,412,434,-22,0.0,24
1781,1,1,507,389,118,1.0,25
1789,0,0,524,453,71,1.0,21
1789,1,1,398,449,-51,0.0,22
1797,0,0,399,523,-124,0.0,25
1797,1,1,504,440,64,1.0,20
1805,0,0,416,530,-114,0.0,22
1805,1,1,419,468,-49,0.0,20
1813,0,0,388,418,-30,0.0,30
1813,1,1,441,415,26,1.0,27
1821,0,0,346,505,-159,0.0,21
1821,1,1,492,345,147,1.0,24
1829,0,0,403,447,-44,0.0,22
1829,1,1,445,313,132,1.0,27
1837,0,0,514,443,71,1.0,27
1837,1,1,533,563,-30,0.0,26
1845,0,0,442,451,-9,0.0,25
1845,1,1,478,459,19,1.0,25
1853,0,0,292,528,-236,0.0,21
1853,1,1,480,446,34,1.0,22
1861,0,0,500,409,91,1.0,21
1861,1,1,415,555,-140,0.0,23
1869,0,0,452,544,-92,0.0,23
1869,1,1,375,435,-60,0.0,26
1877,0,0,452,385,67,1.0,22
1877,1,1,442,530,-88,0.0,24
1885,0,0,501,449,52,1.0,24
1885,1,1,473,418,55,1.0,25
1893,0,0,252,540,-288,0.0,23
1893,1,1,422,479,-57,0.0,22
1901,0,0,482,447,35,1.0,20
1901,1,1,475,469,6,1.0,21
1909,0,0,419,479,-60,0.0,25
1909,1,1,371,518,-147,0.0,26
1917,0,0,403,495,-92,0.0,23
1917,1,1,385,404,-19,0.0,26
1925,0,0,426,485,-59,0.0,21
1925,1,1,510,472,38,1.0,24
1933,0,0,399,497,-98,0.0,26
1933,1,1,515,382,133,1.0,24
1941,0,0,459,474,-15,0.0,20
1941,1,1,445,462,-17,0.0,22
1949,0,0,455,498,-43,0.0,20
1949,1,1,459,431,28,1.0,21
1957,0,0,377,517,-140,0.0,24
1957,1,1,391,367,24,1.0,32
1965,0,0,419,417,2,1.0,21
1965,1,1,420,436,-16,0.0,27
1973,0,0,452,552,-100,0.0,20
1973,1,1,410,357,53,1.0,26
1981,0,0,431,398,33,1.0,23
1981,1,1,458,422,36,1.0,21
1989,0,0,424,352,72,1.0,23
1989,1,1,482,420,62,1.0,20
1997,0,0,488,425,63,1.0,24
1997,1,1,415,472,-57,0.0,26
pair,game,a_seat,a_score,b_score,a_spread,a_win,turns
6,0,0,423,463,-40,0.0,24
6,1,1,551,475,76,1.0,23
14,0,0,460,401,59,1.0,23
14,1,1,416,442,-26,0.0,26
22,0,0,368,602,-234,0.0,20
22,1,1,631,433,198,1.0,22
30,0,0,454,337,117,1.0,23
30,1,1,316,535,-219,0.0,23
38,0,0,510,403,107,1.0,23
38,1,1,382,361,21,1.0,23
46,0,0,517,342,175,1.0,23
46,1,1,392,374,18,1.0,27
54,0,0,500,368,132,1.0,25
54,1,1,441,449,-8,0.0,21
62,0,0,501,441,60,1.0,25
62,1,1,460,387,73,1.0,25
70,0,0,398,384,14,1.0,23
70,1,1,413,466,-53,0.0,23
78,0,0,413,401,12,1.0,36
78,1,1,371,415,-44,0.0,24
86,0,0,463,445,18,1.0,23
86,1,1,448,453,-5,0.0,26
94,0,0,370,544,-174,0.0,24
94,1,1,497,431,66,1.0,21
102,0,0,496,379,117,1.0,26
102,1,1,321,445,-124,0.0,25
110,0,0,471,371,100,1.0,24
110,1,1,466,478,-12,0.0,24
118,0,0,556,466,90,1.0,27
118,1,1,482,435,47,1.0,25
126,0,0,535,477,58,1.0,21
126,1,1,532,436,96,1.0,23
134,0,0,564,456,108,1.0,20
134,1,1,507,477,30,1.0,20
142,0,0,401,503,-102,0.0,20
142,1,1,501,374,127,1.0,25
150,0,0,422,325,97,1.0,25
150,1,1,371,438,-67,0.0,23
158,0,0,423,439,-16,0.0,22
158,1,1,513,470,43,1.0,23
166,0,0,502,470,32,1.0,23
166,1,1,457,463,-6,0.0,25
174,0,0,421,470,-49,0.0,24
174,1,1,443,447,-4,0.0,26
182,0,0,433,415,18,1.0,20
182,1,1,464,373,91,1.0,26
190,0,0,421,374,47,1.0,24
190,1,1,426,501,-75,0.0,26
198,0,0,531,376,155,1.0,23
198,1,1,533,503,30,1.0,20
206,0,0,389,482,-93,0.0,25
206,1,1,536,543,-7,0.0,21
214,0,0,479,413,66,1.0,24
214,1,1,453,453,0,0.5,21
222,0,0,308,492,-184,0.0,24
222,1,1,504,381,123,1.0,18
230,0,0,455,394,61,1.0,26
230,1,1,426,435,-9,0.0,25
238,0,0,560,385,175,1.0,21
238,1,1,494,473,21,1.0,22
246,0,0,464,399,65,1.0,24
246,1,1,533,409,124,1.0,22
254,0,0,464,466,-2,0.0,20
254,1,1,345,598,-253,0.0,23
262,0,0,484,367,117,1.0,22
262,1,1,431,456,-25,0.0,23
270,0,0,485,431,54,1.0,26
270,1,1,393,469,-76,0.0,28
278,0,0,487,507,-20,0.0,21
278,1,1,489,509,-20,0.0,21
286,0,0,586,284,302,1.0,21
286,1,1,351,546,-195,0.0,21
294,0,0,453,449,4,1.0,24
294,1,1,446,459,-13,0.0,22
302,0,0,541,365,176,1.0,23
302,1,1,412,426,-14,0.0,21
310,0,0,405,396,9,1.0,22
310,1,1,405,415,-10,0.0,23
318,0,0,445,388,57,1.0,26
318,1,1,422,472,-50,0.0,22
326,0,0,532,415,117,1.0,23
326,1,1,465,495,-30,0.0,22
334,0,0,466,426,40,1.0,23
334,1,1,369,420,-51,0.0,26
342,0,0,425,513,-88,0.0,24
342,1,1,379,434,-55,0.0,22
350,0,0,554,392,162,1.0,27
350,1,1,448,550,-102,0.0,24
358,0,0,447,372,75,1.0,26
358,1,1,388,524,-136,0.0,23
366,0,0,380,533,-153,0.0,25
366,1,1,418,516,-98,0.0,23
374,0,0,410,508,-98,0.0,23
374,1,1,491,526,-35,0.0,22
382,0,0,512,362,150,1.0,21
382,1,1,431,462,-31,0.0,20
390,0,0,479,508,-29,0.0,26
390,1,1,485,475,10,1.0,22
398,0,0,508,435,73,1.0,20
398,1,1,431,469,-38,0.0,22
406,0,0,553,298,255,1.0,21
406,1,1,375,498,-123,0.0,22
414,0,0,491,352,139,1.0,22
414,1,1,420,368,52,1.0,23
422,0,0,463,459,4,1.0,23
422,1,1,352,427,-75,0.0,22
430,0,0,407,456,-49,0.0,24
430,1,1,486,487,-1,0.0,23
438,0,0,480,431,49,1.0,28
438,1,1,437,453,-16,0.0,24
446,0,0,387,543,-156,0.0,26
446,1,1,446,393,53,1.0,25
454,0,0,423,406,17,1.0,24
454,1,1,437,419,18,1.0,24
462,0,0,543,341,202,1.0,23
462,1,1,385,378,7,1.0,25
470,0,0,390,445,-55,0.0,20
470,1,1,434,456,-22,0.0,24
478,0,0,516,370,146,1.0,27
478,1,1,329,483,-154,0.0,27
486,0,0,448,479,-31,0.0,23
486,1,1,383,421,-38,0.0,20
494,0,0,413,453,-40,0.0,23
494,1,1,420,393,27,1.0,35
502,0,0,415,439,-24,0.0,21
502,1,1,424,411,13,1.0,23
510,0,0,396,397,-1,0.0,26
510,1,1,332,403,-71,0.0,29
518,0,0,451,436,15,1.0,25
518,1,1,432,498,-66,0.0,23
526,0,0,470,489,-19,0.0,22
526,1,1,517,477,40,1.0,24
534,0,0,513,372,141,1.0,21
534,1,1,486,442,44,1.0,24
542,0,0,435,556,-121,0.0,20
542,1,1,470,491,-21,0.0,20
550,0,0,387,427,-40,0.0,25
550,1,1,461,399,62,1.0,29
558,0,0,513,433,80,1.0,25
558,1,1,457,567,-110,0.0,24
566,0,0,427,568,-141,0.0,24
566,1,1,382,441,-59,0.0,26
574,0,0,453,389,64,1.0,26
574,1,1,404,461,-57,0.0,25
582,0,0,473,447,26,1.0,23
582,1,1,492,368,124,1.0,22
590,0,0,360,574,-214,0.0,22
590,1,1,401,459,-58,0.0,22
598,0,0,409,443,-34,0.0,22
598,1,1,482,446,36,1.0,25
606,0,0,613,392,221,1.0,26
606,1,1,523,396,127,1.0,24
614,0,0,420,382,38,1.0,30
614,1,1,479,351,128,1.0,24
622,0,0,395,412,-17,0.0,22
622,1,1,506,386,120,1.0,22
630,0,0,344,464,-120,0.0,22
630,1,1,431,467,-36,0.0,24
638,0,0,455,349,106,1.0,28
638,1,1,369,403,-34,0.0,24
646,0,0,519,373,146,1.0,22
646,1,1,390,428,-38,0.0,26
654,0,0,451,459,-8,0.0,21
654,1,1,462,501,-39,0.0,20
662,0,0,563,510,53,1.0,21
662,1,1,487,446,41,1.0,20
670,0,0,501,408,93,1.0,23
670,1,1,467,423,44,1.0,28
678,0,0,449,314,135,1.0,23
678,1,1,389,441,-52,0.0,23
686,0,0,456,464,-8,0.0,21
686,1,1,506,510,-4,0.0,21
694,0,0,514,361,153,1.0,25
694,1,1,531,409,122,1.0,20
702,0,0,444,615,-171,0.0,20
702,1,1,473,431,42,1.0,22
710,0,0,426,387,39,1.0,22
710,1,1,350,375,-25,0.0,27
718,0,0,404,507,-103,0.0,20
718,1,1,433,475,-42,0.0,20
726,0,0,435,338,97,1.0,25
726,1,1,363,525,-162,0.0,24
734,0,0,394,389,5,1.0,30
734,1,1,402,447,-45,0.0,25
742,0,0,405,486,-81,0.0,24
742,1,1,481,456,25,1.0,21
750,0,0,468,453,15,1.0,24
750,1,1,476,468,8,1.0,22
758,0,0,492,463,29,1.0,20
758,1,1,444,531,-87,0.0,23
766,0,0,418,482,-64,0.0,25
766,1,1,426,486,-60,0.0,24
774,0,0,471,399,72,1.0,23
774,1,1,477,451,26,1.0,22
782,0,0,405,402,3,1.0,25
782,1,1,452,350,102,1.0,22
790,0,0,458,424,34,1.0,24
790,1,1,430,455,-25,0.0,24
798,0,0,455,407,48,1.0,24
798,1,1,448,418,30,1.0,22
806,0,0,419,357,62,1.0,21
806,1,1,407,523,-116,0.0,21
814,0,0,421,505,-84,0.0,22
814,1,1,513,403,110,1.0,24
822,0,0,465,402,63,1.0,22
822,1,1,384,550,-166,0.0,21
830,0,0,537,425,112,1.0,22
830,1,1,376,432,-56,0.0,27
838,0,0,413,452,-39,0.0,27
838,1,1,461,471,-10,0.0,23
846,0,0,418,436,-18,0.0,23
846,1,1,481,377,104,1.0,25
854,0,0,440,463,-23,0.0,22
854,1,1,495,462,33,1.0,25
862,0,0,488,436,52,1.0,22
862,1,1,362,608,-246,0.0,21
870,0,0,374,522,-148,0.0,21
870,1,1,510,453,57,1.0,21
878,0,0,446,582,-136,0.0,22
878,1,1,562,418,144,1.0,26
886,0,0,367,345,22,1.0,29
886,1,1,458,310,148,1.0,25
894,0,0,441,482,-41,0.0,23
894,1,1,487,434,53,1.0,19
902,0,0,630,353,277,1.0,21
902,1,1,451,572,-121,0.0,20
910,0,0,462,361,101,1.0,23
910,1,1,457,507,-50,0.0,26
918,0,0,528,357,171,1.0,25
918,1,1,478,493,-15,0.0,24
926,0,0,558,404,154,1.0,20
926,1,1,374,611,-237,0.0,20
934,0,0,592,415,177,1.0,23
934,1,1,333,514,-181,0.0,23
942,0,0,451,415,36,1.0,21
942,1,1,497,479,18,1.0,25
950,0,0,464,413,51,1.0,25
950,1,1,489,373,116,1.0,29
958,0,0,510,343,167,1.0,23
958,1,1,338,436,-98,0.0,27
966,0,0,440,471,-31,0.0,25
966,1,1,439,366,73,1.0,24
974,0,0,404,394,10,1.0,24
974,1,1,440,390,50,1.0,21
982,0,0,390,455,-65,0.0,21
982,1,1,417,400,17,1.0,23
990,0,0,622,360,262,1.0,26
990,1,1,373,490,-117,0.0,23
998,0,0,401,524,-123,0.0,20
998,1,1,474,516,-42,0.0,21
1006,0,0,459,484,-25,0.0,23
1006,1,1,481,498,-17,0.0,22
1014,0,0,477,502,-25,0.0,22
1014,1,1,474,425,49,1.0,22
1022,0,0,381,457,-76,0.0,26
1022,1,1,444,415,29,1.0,26
1030,0,0,526,409,117,1.0,25
1030,1,1,341,576,-235,0.0,24
1038,0,0,462,409,53,1.0,21
1038,1,1,400,543,-143,0.0,21
1046,0,0,443,490,-47,0.0,23
1046,1,1,519,400,119,1.0,23
1054,0,0,488,488,0,0.5,22
1054,1,1,283,451,-168,0.0,22
1062,0,0,526,452,74,1.0,23
1062,1,1,442,475,-33,0.0,22
1070,0,0,375,472,-97,0.0,22
1070,1,1,427,430,-3,0.0,23
1078,0,0,399,520,-121,0.0,22
1078,1,1,556,339,217,1.0,25
1086,0,0,392,415,-23,0.0,24
1086,1,1,411,435,-24,0.0,24
1094,0,0,400,497,-97,0.0,22
1094,1,1,476,377,99,1.0,23
1102,0,0,575,376,199,1.0,24
1102,1,1,376,503,-127,0.0,21
1110,0,0,509,450,59,1.0,24
1110,1,1,439,498,-59,0.0,23
1118,0,0,351,491,-140,0.0,23
1118,1,1,488,479,9,1.0,26
1126,0,0,504,408,96,1.0,23
1126,1,1,480,519,-39,0.0,23
1134,0,0,666,396,270,1.0,20
1134,1,1,419,502,-83,0.0,20
1142,0,0,399,537,-138,0.0,20
1142,1,1,431,523,-92,0.0,23
1150,0,0,389,404,-15,0.0,26
1150,1,1,563,420,143,1.0,23
1158,0,0,357,434,-77,0.0,23
1158,1,1,437,400,37,1.0,24
1166,0,0,472,408,64,1.0,24
1166,1,1,424,569,-145,0.0,23
1174,0,0,362,595,-233,0.0,24
1174,1,1,533,378,155,1.0,24
1182,0,0,460,451,9,1.0,27
1182,1,1,364,416,-52,0.0,23
1190,0,0,558,441,117,1.0,21
1190,1,1,446,576,-130,0.0,19
1198,0,0,443,494,-51,0.0,25
1198,1,1,531,334,197,1.0,20
1206,0,0,475,402,73,1.0,21
1206,1,1,393,478,-85,0.0,22
1214,0,0,533,486,47,1.0,23
1214,1,1,489,410,79,1.0,22
1222,0,0,442,351,91,1.0,21
1222,1,1,365,377,-12,0.0,22
1230,0,0,508,463,45,1.0,21
1230,1,1,407,511,-104,0.0,22
1238,0,0,492,374,118,1.0,24
1238,1,1,438,568,-130,0.0,22
1246,0,0,499,387,112,1.0,23
1246,1,1,374,550,-176,0.0,21
1254,0,0,533,310,223,1.0,21
1254,1,1,335,492,-157,0.0,21
1262,0,0,506,414,92,1.0,26
1262,1,1,466,456,10,1.0,23
1270,0,0,616,388,228,1.0,21
1270,1,1,396,502,-106,0.0,23
1278,0,0,349,393,-44,0.0,25
1278,1,1,430,404,26,1.0,26
1286,0,0,480,464,16,1.0,25
1286,1,1,477,412,65,1.0,22
1294,0,0,539,524,15,1.0,21
1294,1,1,430,467,-37,0.0,23
1302,0,0,422,426,-4,0.0,24
1302,1,1,457,475,-18,0.0,24
1310,0,0,444,360,84,1.0,26
1310,1,1,513,440,73,1.0,21
1318,0,0,414,478,-64,0.0,22
1318,1,1,416,398,18,1.0,24
1326,0,0,489,441,48,1.0,23
1326,1,1,515,295,220,1.0,24
1334,0,0,486,453,33,1.0,23
1334,1,1,482,467,15,1.0,26
1342,0,0,428,481,-53,0.0,28
1342,1,1,438,416,22,1.0,22
1350,0,0,419,433,-14,0.0,24
1350,1,1,535,368,167,1.0,23
1358,0,0,552,496,56,1.0,24
1358,1,1,330,491,-161,0.0,22
1366,0,0,403,515,-112,0.0,20
1366,1,1,401,405,-4,0.0,25
1374,0,0,487,375,112,1.0,24
1374,1,1,417,418,-1,0.0,23
1382,0,0,420,368,52,1.0,26
1382,1,1,387,411,-24,0.0,20
1390,0,0,531,417,114,1.0,24
1390,1,1,349,470,-121,0.0,23
1398,0,0,527,404,123,1.0,21
1398,1,1,410,546,-136,0.0,21
1406,0,0,497,478,19,1.0,23
1406,1,1,542,479,63,1.0,24
1414,0,0,430,507,-77,0.0,24
1414,1,1,481,475,6,1.0,22
1422,0,0,437,410,27,1.0,27
1422,1,1,496,461,35,1.0,21
1430,0,0,437,489,-52,0.0,22
1430,1,1,430,433,-3,0.0,24
1438,0,0,408,484,-76,0.0,22
1438,1,1,340,442,-102,0.0,22
1446,0,0,433,385,48,1.0,25
1446,1,1,526,368,158,1.0,23
1454,0,0,456,459,-3,0.0,21
1454,1,1,477,427,50,1.0,19
1462,0,0,453,381,72,1.0,27
1462,1,1,512,393,119,1.0,20
1470,0,0,404,420,-16,0.0,25
1470,1,1,477,381,96,1.0,25
1478,0,0,413,508,-95,0.0,21
1478,1,1,581,409,172,1.0,22
1486,0,0,375,579,-204,0.0,23
1486,1,1,484,421,63,1.0,21
1494,0,0,547,489,58,1.0,23
1494,1,1,532,544,-12,0.0,20
1502,0,0,496,527,-31,0.0,26
1502,1,1,547,436,111,1.0,24
1510,0,0,497,395,102,1.0,25
1510,1,1,397,429,-32,0.0,25
1518,0,0,497,331,166,1.0,23
1518,1,1,496,393,103,1.0,20
1526,0,0,538,473,65,1.0,21
1526,1,1,412,477,-65,0.0,21
1534,0,0,442,458,-16,0.0,25
1534,1,1,385,452,-67,0.0,26
1542,0,0,525,377,148,1.0,24
1542,1,1,423,452,-29,0.0,22
1550,0,0,660,430,230,1.0,24
1550,1,1,423,428,-5,0.0,24
1558,0,0,481,407,74,1.0,23
1558,1,1,343,466,-123,0.0,25
1566,0,0,658,453,205,1.0,19
1566,1,1,449,427,22,1.0,25
1574,0,0,433,482,-49,0.0,22
1574,1,1,429,391,38,1.0,23
1582,0,0,439,391,48,1.0,22
1582,1,1,436,424,12,1.0,20
1590,0,0,475,439,36,1.0,22
1590,1,1,403,449,-46,0.0,27
1598,0,0,430,382,48,1.0,25
1598,1,1,334,594,-260,0.0,27
1606,0,0,378,419,-41,0.0,27
1606,1,1,438,472,-34,0.0,25
1614,0,0,463,581,-118,0.0,20
1614,1,1,530,371,159,1.0,20
1622,0,0,479,464,15,1.0,21
1622,1,1,478,481,-3,0.0,21
1630,0,0,548,353,195,1.0,27
1630,1,1,435,494,-59,0.0,22
1638,0,0,403,378,25,1.0,27
1638,1,1,541,395,146,1.0,23
1646,0,0,335,459,-124,0.0,24
1646,1,1,413,453,-40,0.0,23
1654,0,0,462,397,65,1.0,20
1654,1,1,405,386,19,1.0,23
1662,0,0,506,619,-113,0.0,20
1662,1,1,453,508,-55,0.0,21
1670,0,0,548,442,106,1.0,22
1670,1,1,452,418,34,1.0,25
1678,0,0,392,425,-33,0.0,24
1678,1,1,503,440,63,1.0,26
1686,0,0,439,406,33,1.0,24
1686,1,1,360,471,-111,0.0,26
1694,0,0,624,426,198,1.0,22
1694,1,1,414,534,-120,0.0,23
1702,0,0,454,464,-10,0.0,21
1702,1,1,413,402,11,1.0,26
1710,0,0,439,361,78,1.0,25
1710,1,1,370,425,-55,0.0,27
1718,0,0,428,361,67,1.0,23
1718,1,1,387,469,-82,0.0,27
1726,0,0,517,386,131,1.0,22
1726,1,1,523,440,83,1.0,20
1734,0,0,456,465,-9,0.0,24
1734,1,1,482,459,23,1.0,22
1742,0,0,407,498,-91,0.0,22
1742,1,1,406,457,-51,0.0,22
1750,0,0,460,487,-27,0.0,22
1750,1,1,541,424,117,1.0,20
1758,0,0,530,281,249,1.0,23
1758,1,1,388,591,-203,0.0,23
1766,0,0,464,432,32,1.0,23
1766,1,1,322,425,-103,0.0,27
1774,0,0,444,447,-3,0.0,23
1774,1,1,562,465,97,1.0,18
1782,0,0,436,349,87,1.0,25
1782,1,1,400,482,-82,0.0,29
1790,0,0,442,488,-46,0.0,22
1790,1,1,401,450,-49,0.0,23
1798,0,0,533,389,144,1.0,24
1798,1,1,431,372,59,1.0,24
1806,0,0,376,406,-30,0.0,26
1806,1,1,358,388,-30,0.0,27
1814,0,0,388,441,-53,0.0,30
1814,1,1,383,440,-57,0.0,24
1822,0,0,460,519,-59,0.0,22
1822,1,1,493,437,56,1.0,20
1830,0,0,460,460,0,0.5,22
1830,1,1,422,365,57,1.0,25
1838,0,0,458,486,-28,0.0,22
1838,1,1,501,469,32,1.0,21
1846,0,0,571,405,166,1.0,24
1846,1,1,522,548,-26,0.0,20
1854,0,0,410,427,-17,0.0,24
1854,1,1,401,409,-8,0.0,22
1862,0,0,449,454,-5,0.0,27
1862,1,1,390,515,-125,0.0,22
1870,0,0,382,303,79,1.0,23
1870,1,1,376,523,-147,0.0,27
1878,0,0,460,442,18,1.0,21
1878,1,1,439,499,-60,0.0,22
1886,0,0,491,444,47,1.0,25
1886,1,1,533,456,77,1.0,24
1894,0,0,550,503,47,1.0,27
1894,1,1,521,454,67,1.0,25
1902,0,0,428,372,56,1.0,28
1902,1,1,386,431,-45,0.0,25
1910,0,0,411,473,-62,0.0,24
1910,1,1,392,392,0,0.5,24
1918,0,0,479,379,100,1.0,22
1918,1,1,401,445,-44,0.0,27
1926,0,0,496,444,52,1.0,22
1926,1,1,513,455,58,1.0,20
1934,0,0,481,411,70,1.0,32
1934,1,1,480,404,76,1.0,20
1942,0,0,370,438,-68,0.0,24
1942,1,1,435,395,40,1.0,25
1950,0,0,439,521,-82,0.0,22
1950,1,1,421,471,-50,0.0,24
1958,0,0,516,512,4,1.0,22
1958,1,1,446,491,-45,0.0,27
1966,0,0,402,361,41,1.0,26
1966,1,1,404,420,-16,0.0,26
1974,0,0,477,354,123,1.0,25
1974,1,1,271,486,-215,0.0,27
1982,0,0,387,387,0,0.5,23
1982,1,1,411,415,-4,0.0,28
1990,0,0,456,442,14,1.0,23
1990,1,1,422,404,18,1.0,27
1998,0,0,539,451,88,1.0,21
1998,1,1,557,544,13,1.0,24
pair,game,a_seat,a_score,b_score,a_spread,a_win,turns
7,0,0,526,375,151,1.0,22
7,1,1,465,459,6,1.0,21
15,0,0,386,406,-20,0.0,24
15,1,1,316,422,-106,0.0,25
23,0,0,430,575,-145,0.0,21
23,1,1,438,376,62,1.0,24
31,0,0,481,440,41,1.0,24
31,1,1,501,453,48,1.0,25
39,0,0,491,490,1,1.0,23
39,1,1,426,377,49,1.0,26
47,0,0,369,445,-76,0.0,22
47,1,1,476,408,68,1.0,23
55,0,0,422,442,-20,0.0,25
55,1,1,490,483,7,1.0,24
63,0,0,492,340,152,1.0,24
63,1,1,419,456,-37,0.0,24
71,0,0,431,427,4,1.0,21
71,1,1,437,435,2,1.0,22
79,0,0,406,491,-85,0.0,22
79,1,1,441,349,92,1.0,24
87,0,0,380,401,-21,0.0,22
87,1,1,461,482,-21,0.0,21
95,0,0,527,478,49,1.0,20
95,1,1,494,405,89,1.0,20
103,0,0,503,381,122,1.0,22
103,1,1,396,454,-58,0.0,24
111,0,0,462,508,-46,0.0,23
111,1,1,466,431,35,1.0,23
119,0,0,489,344,145,1.0,23
119,1,1,365,508,-143,0.0,22
127,0,0,387,550,-163,0.0,23
127,1,1,485,429,56,1.0,27
135,0,0,435,477,-42,0.0,22
135,1,1,472,497,-25,0.0,20
143,0,0,398,456,-58,0.0,24
143,1,1,482,343,139,1.0,23
151,0,0,467,377,90,1.0,23
151,1,1,327,515,-188,0.0,26
159,0,0,500,488,12,1.0,21
159,1,1,423,486,-63,0.0,22
167,0,0,445,505,-60,0.0,20
167,1,1,461,435,26,1.0,24
175,0,0,472,443,29,1.0,25
175,1,1,480,409,71,1.0,22
183,0,0,486,488,-2,0.0,24
183,1,1,470,401,69,1.0,21
191,0,0,416,447,-31,0.0,25
191,1,1,433,356,77,1.0,24
199,0,0,426,548,-122,0.0,27
199,1,1,493,389,104,1.0,23
207,0,0,541,410,131,1.0,21
207,1,1,438,503,-65,0.0,24
215,0,0,468,452,16,1.0,22
215,1,1,522,371,151,1.0,22
223,0,0,339,458,-119,0.0,24
223,1,1,560,284,276,1.0,23
231,0,0,458,374,84,1.0,25
231,1,1,440,448,-8,0.0,24
239,0,0,420,436,-16,0.0,26
239,1,1,421,361,60,1.0,24
247,0,0,443,490,-47,0.0,26
247,1,1,486,434,52,1.0,23
255,0,0,447,462,-15,0.0,24
255,1,1,489,577,-88,0.0,22
263,0,0,512,420,92,1.0,22
263,1,1,484,424,60,1.0,27
271,0,0,527,443,84,1.0,20
271,1,1,438,525,-87,0.0,22
279,0,0,469,393,76,1.0,24
279,1,1,481,363,118,1.0,21
287,0,0,568,382,186,1.0,24
287,1,1,343,419,-76,0.0,26
295,0,0,399,497,-98,0.0,21
295,1,1,401,454,-53,0.0,26
303,0,0,432,549,-117,0.0,24
303,1,1,538,438,100,1.0,22
311,0,0,556,410,146,1.0,23
311,1,1,371,443,-72,0.0,27
319,0,0,372,446,-74,0.0,23
319,1,1,522,416,106,1.0,23
327,0,0,452,513,-61,0.0,22
327,1,1,538,415,123,1.0,25
335,0,0,395,480,-85,0.0,21
335,1,1,414,476,-62,0.0,30
343,0,0,530,448,82,1.0,21
343,1,1,435,496,-61,0.0,22
351,0,0,352,545,-193,0.0,23
351,1,1,492,449,43,1.0,22
359,0,0,441,341,100,1.0,23
359,1,1,362,524,-162,0.0,24
367,0,0,434,401,33,1.0,27
367,1,1,391,558,-167,0.0,22
375,0,0,412,465,-53,0.0,23
375,1,1,544,380,164,1.0,21
383,0,0,446,444,2,1.0,25
383,1,1,460,422,38,1.0,23
391,0,0,327,500,-173,0.0,25
391,1,1,403,484,-81,0.0,22
399,0,0,519,380,139,1.0,25
399,1,1,430,456,-26,0.0,21
407,0,0,533,437,96,1.0,25
407,1,1,427,504,-77,0.0,24
415,0,0,434,422,12,1.0,24
415,1,1,374,426,-52,0.0,26
423,0,0,362,518,-156,0.0,26
423,1,1,501,389,112,1.0,20
431,0,0,374,400,-26,0.0,22
431,1,1,507,423,84,1.0,25
439,0,0,372,482,-110,0.0,24
439,1,1,572,388,184,1.0,25
447,0,0,434,541,-107,0.0,25
447,1,1,525,393,132,1.0,23
455,0,0,379,345,34,1.0,22
455,1,1,499,437,62,1.0,22
463,0,0,512,399,113,1.0,24
463,1,1,388,645,-257,0.0,27
471,0,0,445,461,-16,0.0,23
471,1,1,473,400,73,1.0,26
479,0,0,492,412,80,1.0,21
479,1,1,542,481,61,1.0,22
487,0,0,367,502,-135,0.0,27
487,1,1,505,388,117,1.0,24
495,0,0,429,324,105,1.0,30
495,1,1,491,433,58,1.0,23
503,0,0,489,478,11,1.0,19
503,1,1,348,502,-154,0.0,23
511,0,0,403,406,-3,0.0,22
511,1,1,376,427,-51,0.0,25
519,0,0,361,416,-55,0.0,25
519,1,1,455,372,83,1.0,23
527,0,0,573,366,207,1.0,23
527,1,1,442,491,-49,0.0,22
535,0,0,509,421,88,1.0,20
535,1,1,480,394,86,1.0,27
543,0,0,388,597,-209,0.0,22
543,1,1,494,491,3,1.0,20
551,0,0,501,416,85,1.0,22
551,1,1,431,490,-59,0.0,22
559,0,0,526,365,161,1.0,24
559,1,1,386,540,-154,0.0,24
567,0,0,479,483,-4,0.0,24
567,1,1,359,487,-128,0.0,30
575,0,0,570,344,226,1.0,22
575,1,1,447,407,40,1.0,24
583,0,0,325,506,-181,0.0,22
583,1,1,541,322,219,1.0,29
591,0,0,283,457,-174,0.0,23
591,1,1,447,360,87,1.0,27
599,0,0,504,426,78,1.0,20
599,1,1,520,430,90,1.0,21
607,0,0,488,486,2,1.0,22
607,1,1,453,530,-77,0.0,22
615,0,0,372,470,-98,0.0,23
615,1,1,495,485,10,1.0,25
623,0,0,425,464,-39,0.0,23
623,1,1,408,455,-47,0.0,22
631,0,0,451,359,92,1.0,27
631,1,1,411,427,-16,0.0,26
639,0,0,433,492,-59,0.0,22
639,1,1,542,471,71,1.0,22
647,0,0,498,477,21,1.0,20
647,1,1,513,448,65,1.0,21
655,0,0,510,426,84,1.0,22
655,1,1,395,446,-51,0.0,24
663,0,0,417,517,-100,0.0,21
663,1,1,527,434,93,1.0,23
671,0,0,507,444,63,1.0,22
671,1,1,443,438,5,1.0,23
679,0,0,454,475,-21,0.0,27
679,1,1,473,387,86,1.0,25
687,0,0,478,579,-101,0.0,21
687,1,1,572,360,212,1.0,24
695,0,0,380,423,-43,0.0,22
695,1,1,517,406,111,1.0,21
703,0,0,480,330,150,1.0,25
703,1,1,380,460,-80,0.0,23
711,0,0,388,394,-6,0.0,22
711,1,1,445,505,-60,0.0,24
719,0,0,437,419,18,1.0,28
719,1,1,465,471,-6,0.0,27
727,0,0,445,544,-99,0.0,21
727,1,1,577,437,140,1.0,21
735,0,0,386,420,-34,0.0,23
735,1,1,469,412,57,1.0,21
743,0,0,413,462,-49,0.0,23
743,1,1,501,440,61,1.0,21
751,0,0,361,510,-149,0.0,25
751,1,1,419,414,5,1.0,25
759,0,0,356,444,-88,0.0,26
759,1,1,452,378,74,1.0,28
767,0,0,382,494,-112,0.0,24
767,1,1,529,378,151,1.0,19
775,0,0,388,415,-27,0.0,25
775,1,1,367,464,-97,0.0,24
783,0,0,394,469,-75,0.0,25
783,1,1,475,378,97,1.0,25
791,0,0,484,571,-87,0.0,21
791,1,1,592,408,184,1.0,21
799,0,0,424,461,-37,0.0,22
799,1,1,417,417,0,0.5,25
807,0,0,448,448,0,0.5,22
807,1,1,576,447,129,1.0,25
815,0,0,439,455,-16,0.0,22
815,1,1,468,404,64,1.0,24
823,0,0,486,447,39,1.0,21
823,1,1,401,478,-77,0.0,24
831,0,0,428,462,-34,0.0,24
831,1,1,470,449,21,1.0,22
839,0,0,370,476,-106,0.0,24
839,1,1,484,394,90,1.0,25
847,0,0,472,499,-27,0.0,23
847,1,1,531,431,100,1.0,22
855,0,0,387,523,-136,0.0,22
855,1,1,444,421,23,1.0,21
863,0,0,480,424,56,1.0,20
863,1,1,398,509,-111,0.0,20
871,0,0,451,426,25,1.0,23
871,1,1,367,422,-55,0.0,22
879,0,0,391,445,-54,0.0,24
879,1,1,465,404,61,1.0,22
887,0,0,308,471,-163,0.0,27
887,1,1,551,463,88,1.0,22
895,0,0,394,409,-15,0.0,24
895,1,1,437,357,80,1.0,23
903,0,0,279,519,-240,0.0,25
903,1,1,596,411,185,1.0,22
911,0,0,484,395,89,1.0,26
911,1,1,429,476,-47,0.0,23
919,0,0,371,388,-17,0.0,21
919,1,1,448,414,34,1.0,22
927,0,0,438,469,-31,0.0,24
927,1,1,465,445,20,1.0,22
935,0,0,352,539,-187,0.0,25
935,1,1,486,421,65,1.0,27
943,0,0,505,412,93,1.0,20
943,1,1,441,460,-19,0.0,21
951,0,0,421,365,56,1.0,27
951,1,1,497,409,88,1.0,26
959,0,0,380,510,-130,0.0,19
959,1,1,436,401,35,1.0,24
967,0,0,517,473,44,1.0,23
967,1,1,520,459,61,1.0,22
975,0,0,441,458,-17,0.0,22
975,1,1,483,447,36,1.0,22
983,0,0,485,462,23,1.0,21
983,1,1,493,429,64,1.0,21
991,0,0,420,368,52,1.0,27
991,1,1,344,525,-181,0.0,27
999,0,0,486,403,83,1.0,26
999,1,1,319,475,-156,0.0,24
1007,0,0,443,510,-67,0.0,22
1007,1,1,494,458,36,1.0,21
1015,0,0,430,449,-19,0.0,24
1015,1,1,488,448,40,1.0,20
1023,0,0,395,423,-28,0.0,25
1023,1,1,464,366,98,1.0,25
1031,0,0,434,375,59,1.0,24
1031,1,1,545,404,141,1.0,23
1039,0,0,383,488,-105,0.0,25
1039,1,1,456,456,0,0.5,24
1047,0,0,398,495,-97,0.0,23
1047,1,1,504,401,103,1.0,22
1055,0,0,493,398,95,1.0,27
1055,1,1,383,520,-137,0.0,23
1063,0,0,442,470,-28,0.0,26
1063,1,1,462,556,-94,0.0,19
1071,0,0,426,462,-36,0.0,23
1071,1,1,466,419,47,1.0,27
1079,0,0,433,424,9,1.0,21
1079,1,1,470,434,36,1.0,21
1087,0,0,366,473,-107,0.0,23
1087,1,1,516,576,-60,0.0,21
1095,0,0,382,399,-17,0.0,23
1095,1,1,375,387,-12,0.0,21
1103,0,0,524,441,83,1.0,26
1103,1,1,455,405,50,1.0,21
1111,0,0,575,399,176,1.0,22
1111,1,1,413,533,-120,0.0,22
1119,0,0,415,534,-119,0.0,19
1119,1,1,551,436,115,1.0,22
1127,0,0,374,489,-115,0.0,21
1127,1,1,510,374,136,1.0,22
1135,0,0,505,505,0,0.5,20
1135,1,1,491,418,73,1.0,21
1143,0,0,482,442,40,1.0,22
1143,1,1,417,378,39,1.0,21
1151,0,0,464,420,44,1.0,22
1151,1,1,547,417,130,1.0,23
1159,0,0,436,364,72,1.0,23
1159,1,1,484,374,110,1.0,26
1167,0,0,486,367,119,1.0,23
1167,1,1,310,543,-233,0.0,26
1175,0,0,544,395,149,1.0,21
1175,1,1,395,572,-177,0.0,24
1183,0,0,454,436,18,1.0,24
1183,1,1,412,460,-48,0.0,23
1191,0,0,430,471,-41,0.0,21
1191,1,1,391,401,-10,0.0,20
1199,0,0,394,531,-137,0.0,24
1199,1,1,500,505,-5,0.0,20
1207,0,0,474,513,-39,0.0,22
1207,1,1,496,407,89,1.0,20
1215,0,0,484,431,53,1.0,25
1215,1,1,433,487,-54,0.0,23
1223,0,0,393,492,-99,0.0,23
1223,1,1,574,365,209,1.0,27
1231,0,0,461,350,111,1.0,21
1231,1,1,342,515,-173,0.0,23
1239,0,0,445,424,21,1.0,23
1239,1,1,491,353,138,1.0,26
1247,0,0,476,519,-43,0.0,20
1247,1,1,471,479,-8,0.0,20
1255,0,0,456,436,20,1.0,26
1255,1,1,421,483,-62,0.0,25
1263,0,0,544,502,42,1.0,20
1263,1,1,435,493,-58,0.0,21
1271,0,0,450,460,-10,0.0,24
1271,1,1,478,560,-82,0.0,24
1279,0,0,461,500,-39,0.0,21
1279,1,1,398,438,-40,0.0,23
1287,0,0,480,394,86,1.0,21
1287,1,1,390,490,-100,0.0,22
1295,0,0,429,380,49,1.0,23
1295,1,1,403,498,-95,0.0,21
1303,0,0,427,384,43,1.0,24
1303,1,1,494,498,-4,0.0,22
1311,0,0,427,392,35,1.0,27
1311,1,1,428,411,17,1.0,25
1319,0,0,424,468,-44,0.0,24
1319,1,1,458,418,40,1.0,20
1327,0,0,526,390,136,1.0,26
1327,1,1,437,429,8,1.0,27
1335,0,0,462,322,140,1.0,22
1335,1,1,420,513,-93,0.0,24
1343,0,0,433,538,-105,0.0,22
1343,1,1,456,456,0,0.5,22
1351,0,0,487,340,147,1.0,27
1351,1,1,475,403,72,1.0,22
1359,0,0,400,450,-50,0.0,22
1359,1,1,391,443,-52,0.0,25
1367,0,0,425,490,-65,0.0,20
1367,1,1,495,428,67,1.0,21
1375,0,0,446,486,-40,0.0,24
1375,1,1,539,314,225,1.0,22
1383,0,0,441,464,-23,0.0,19
1383,1,1,374,520,-146,0.0,23
1391,0,0,426,392,34,1.0,28
1391,1,1,411,472,-61,0.0,24
1399,0,0,395,493,-98,0.0,22
1399,1,1,458,444,14,1.0,20
1407,0,0,373,515,-142,0.0,24
1407,1,1,478,375,103,1.0,21
1415,0,0,440,526,-86,0.0,23
1415,1,1,525,458,67,1.0,19
1423,0,0,483,474,9,1.0,26
1423,1,1,443,427,16,1.0,27
1431,0,0,331,462,-131,0.0,27
1431,1,1,438,483,-45,0.0,23
1439,0,0,385,410,-25,0.0,24
1439,1,1,515,413,102,1.0,23
1447,0,0,481,355,126,1.0,22
1447,1,1,442,479,-37,0.0,25
1455,0,0,383,433,-50,0.0,22
1455,1,1,492,376,116,1.0,21
1463,0,0,539,451,88,1.0,24
1463,1,1,451,560,-109,0.0,20
1471,0,0,461,402,59,1.0,27
1471,1,1,378,435,-57,0.0,26
1479,0,0,517,509,8,1.0,22
1479,1,1,429,454,-25,0.0,26
1487,0,0,382,474,-92,0.0,20
1487,1,1,441,433,8,1.0,24
1495,0,0,413,343,70,1.0,28
1495,1,1,464,402,62,1.0,25
1503,0,0,457,454,3,1.0,23
1503,1,1,497,424,73,1.0,25
1511,0,0,428,425,3,1.0,22
1511,1,1,428,544,-116,0.0,27
1519,0,0,471,411,60,1.0,23
1519,1,1,526,494,32,1.0,23
1527,0,0,463,382,81,1.0,25
1527,1,1,501,441,60,1.0,24
1535,0,0,439,391,48,1.0,23
1535,1,1,395,496,-101,0.0,23
1543,0,0,518,348,170,1.0,21
1543,1,1,436,465,-29,0.0,22
1551,0,0,382,456,-74,0.0,25
1551,1,1,470,419,51,1.0,24
1559,0,0,407,505,-98,0.0,22
1559,1,1,512,483,29,1.0,21
1567,0,0,495,454,41,1.0,23
1567,1,1,445,429,16,1.0,25
1575,0,0,457,423,34,1.0,24
1575,1,1,412,418,-6,0.0,24
1583,0,0,501,560,-59,0.0,20
1583,1,1,610,501,109,1.0,21
1591,0,0,509,393,116,1.0,31
1591,1,1,436,572,-136,0.0,23
1599,0,0,457,365,92,1.0,22
1599,1,1,356,464,-108,0.0,22
1607,0,0,532,383,149,1.0,26
1607,1,1,493,471,22,1.0,23
1615,0,0,425,432,-7,0.0,26
1615,1,1,467,477,-10,0.0,23
1623,0,0,354,448,-94,0.0,23
1623,1,1,528,464,64,1.0,22
1631,0,0,354,443,-89,0.0,25
1631,1,1,530,369,161,1.0,22
1639,0,0,501,497,4,1.0,22
1639,1,1,500,414,86,1.0,22
1647,0,0,393,461,-68,0.0,23
1647,1,1,326,494,-168,0.0,21
1655,0,0,485,460,25,1.0,25
1655,1,1,490,379,111,1.0,21
1663,0,0,474,481,-7,0.0,21
1663,1,1,380,453,-73,0.0,30
1671,0,0,417,495,-78,0.0,21
1671,1,1,491,432,59,1.0,24
1679,0,0,451,476,-25,0.0,23
1679,1,1,472,569,-97,0.0,19
1687,0,0,453,450,3,1.0,29
1687,1,1,407,477,-70,0.0,22
1695,0,0,491,372,119,1.0,23
1695,1,1,450,435,15,1.0,25
1703,0,0,484,427,57,1.0,20
1703,1,1,373,502,-129,0.0,20
1711,0,0,446,427,19,1.0,23
1711,1,1,438,473,-35,0.0,22
1719,0,0,474,454,20,1.0,24
1719,1,1,452,369,83,1.0,23
1727,0,0,446,454,-8,0.0,22
1727,1,1,502,549,-47,0.0,19
1735,0,0,470,397,73,1.0,24
1735,1,1,379,483,-104,0.0,22
1743,0,0,442,446,-4,0.0,21
1743,1,1,418,440,-22,0.0,26
1751,0,0,497,441,56,1.0,21
1751,1,1,334,456,-122,0.0,23
1759,0,0,494,363,131,1.0,20
1759,1,1,325,531,-206,0.0,23
1767,0,0,442,376,66,1.0,28
1767,1,1,390,378,12,1.0,26
1775,0,0,413,434,-21,0.0,25
1775,1,1,477,403,74,1.0,24
1783,0,0,384,467,-83,0.0,29
1783,1,1,451,500,-49,0.0,24
1791,0,0,488,410,78,1.0,25
1791,1,1,515,422,93,1.0,21
1799,0,0,418,515,-97,0.0,21
1799,1,1,432,454,-22,0.0,24
1807,0,0,509,467,42,1.0,23
1807,1,1,460,503,-43,0.0,23
1815,0,0,413,471,-58,0.0,23
1815,1,1,419,423,-4,0.0,24
1823,0,0,500,446,54,1.0,20
1823,1,1,552,437,115,1.0,24
1831,0,0,470,371,99,1.0,23
1831,1,1,410,512,-102,0.0,26
1839,0,0,377,490,-113,0.0,26
1839,1,1,478,383,95,1.0,27
1847,0,0,517,458,59,1.0,23
1847,1,1,455,443,12,1.0,21
1855,0,0,431,491,-60,0.0,21
1855,1,1,422,490,-68,0.0,25
1863,0,0,480,426,54,1.0,22
1863,1,1,424,477,-53,0.0,21
1871,0,0,391,586,-195,0.0,25
1871,1,1,508,534,-26,0.0,23
1879,0,0,354,433,-79,0.0,25
1879,1,1,543,366,177,1.0,23
1887,0,0,379,475,-96,0.0,23
1887,1,1,538,306,232,1.0,30
1895,0,0,473,413,60,1.0,23
1895,1,1,442,429,13,1.0,21
1903,0,0,363,435,-72,0.0,21
1903,1,1,593,440,153,1.0,22
1911,0,0,350,521,-171,0.0,24
1911,1,1,485,350,135,1.0,28
1919,0,0,367,459,-92,0.0,31
1919,1,1,375,478,-103,0.0,24
1927,0,0,441,384,57,1.0,26
1927,1,1,417,397,20,1.0,24
1935,0,0,408,374,34,1.0,27
1935,1,1,406,441,-35,0.0,24
1943,0,0,437,531,-94,0.0,22
1943,1,1,453,394,59,1.0,23
1951,0,0,393,419,-26,0.0,26
1951,1,1,469,429,40,1.0,24
1959,0,0,394,597,-203,0.0,23
1959,1,1,450,444,6,1.0,21
1967,0,0,383,549,-166,0.0,24
1967,1,1,519,505,14,1.0,19
1975,0,0,517,403,114,1.0,20
1975,1,1,410,561,-151,0.0,23
1983,0,0,553,513,40,1.0,21
1983,1,1,576,476,100,1.0,19
1991,0,0,334,450,-116,0.0,22
1991,1,1,407,356,51,1.0,22
1999,0,0,454,466,-12,0.0,20
1999,1,1,441,458,-17,0.0,21
