pair,game,a_seat,a_score,b_score,a_spread,a_win,turns
0,0,0,557,392,165,1.0,23
0,1,1,424,517,-93,0.0,23
10,0,0,600,379,221,1.0,28
10,1,1,408,483,-75,0.0,27
20,0,0,562,427,135,1.0,28
20,1,1,572,462,110,1.0,23
30,0,0,508,544,-36,0.0,21
30,1,1,488,433,55,1.0,26
40,0,0,477,463,14,1.0,23
40,1,1,451,478,-27,0.0,23
50,0,0,553,464,89,1.0,20
50,1,1,441,565,-124,0.0,23
60,0,0,391,498,-107,0.0,28
60,1,1,485,357,128,1.0,23
70,0,0,594,451,143,1.0,21
70,1,1,419,635,-216,0.0,24
80,0,0,425,496,-71,0.0,25
80,1,1,518,462,56,1.0,23
90,0,0,446,362,84,1.0,26
90,1,1,367,529,-162,0.0,30
100,0,0,495,493,2,1.0,22
100,1,1,406,534,-128,0.0,23
110,0,0,523,453,70,1.0,24
110,1,1,476,416,60,1.0,25
120,0,0,556,451,105,1.0,21
120,1,1,468,464,4,1.0,23
130,0,0,534,373,161,1.0,25
130,1,1,425,483,-58,0.0,27
140,0,0,475,533,-58,0.0,24
140,1,1,562,439,123,1.0,23
150,0,0,511,449,62,1.0,25
150,1,1,437,442,-5,0.0,25
160,0,0,493,537,-44,0.0,23
160,1,1,461,538,-77,0.0,23
170,0,0,506,431,75,1.0,23
170,1,1,500,524,-24,0.0,25
180,0,0,453,450,3,1.0,25
180,1,1,501,417,84,1.0,24
190,0,0,616,425,191,1.0,22
190,1,1,412,576,-164,0.0,21
200,0,0,450,393,57,1.0,26
200,1,1,440,523,-83,0.0,22
210,0,0,468,444,24,1.0,27
210,1,1,595,356,239,1.0,30
220,0,0,520,522,-2,0.0,26
220,1,1,431,518,-87,0.0,28
230,0,0,498,434,64,1.0,23
230,1,1,436,549,-113,0.0,21
240,0,0,554,444,110,1.0,22
240,1,1,481,578,-97,0.0,21
250,0,0,412,585,-173,0.0,20
250,1,1,470,438,32,1.0,22
260,0,0,406,498,-92,0.0,26
260,1,1,532,488,44,1.0,22
270,0,0,462,492,-30,0.0,25
270,1,1,509,543,-34,0.0,24
280,0,0,475,464,11,1.0,22
280,1,1,458,495,-37,0.0,24
290,0,0,469,416,53,1.0,38
290,1,1,527,460,67,1.0,22
300,0,0,571,410,161,1.0,21
300,1,1,455,555,-100,0.0,28
310,0,0,458,427,31,1.0,22
310,1,1,492,487,5,1.0,24
320,0,0,442,509,-67,0.0,22
320,1,1,486,473,13,1.0,25
330,0,0,674,397,277,1.0,29
330,1,1,374,577,-203,0.0,25
340,0,0,529,368,161,1.0,21
340,1,1,481,393,88,1.0,25
350,0,0,403,432,-29,0.0,24
350,1,1,495,467,28,1.0,22
360,0,0,432,478,-46,0.0,24
360,1,1,475,448,27,1.0,23
370,0,0,659,426,233,1.0,21
370,1,1,453,566,-113,0.0,20
380,0,0,471,438,33,1.0,25
380,1,1,535,463,72,1.0,25
390,0,0,417,494,-77,0.0,22
390,1,1,556,388,168,1.0,24
400,0,0,486,444,42,1.0,23
400,1,1,421,550,-129,0.0,23
410,0,0,410,505,-95,0.0,23
410,1,1,633,404,229,1.0,24
420,0,0,531,481,50,1.0,24
420,1,1,520,512,8,1.0,25
430,0,0,495,508,-13,0.0,24
430,1,1,590,367,223,1.0,20
440,0,0,515,444,71,1.0,24
440,1,1,460,427,33,1.0,25
450,0,0,389,531,-142,0.0,27
450,1,1,504,588,-84,0.0,27
460,0,0,527,449,78,1.0,26
460,1,1,360,537,-177,0.0,25
470,0,0,495,419,76,1.0,23
470,1,1,388,547,-159,0.0,27
480,0,0,484,357,127,1.0,29
480,1,1,374,532,-158,0.0,24
490,0,0,587,458,129,1.0,22
490,1,1,524,480,44,1.0,22
500,0,0,579,417,162,1.0,24
500,1,1,374,596,-222,0.0,27
510,0,0,558,348,210,1.0,24
510,1,1,424,566,-142,0.0,19
520,0,0,419,511,-92,0.0,26
520,1,1,494,411,83,1.0,27
530,0,0,382,438,-56,0.0,30
530,1,1,439,465,-26,0.0,26
540,0,0,526,459,67,1.0,20
540,1,1,558,462,96,1.0,20
550,0,0,447,468,-21,0.0,19
550,1,1,415,412,3,1.0,28
560,0,0,438,368,70,1.0,25
560,1,1,409,439,-30,0.0,27
570,0,0,368,614,-246,0.0,20
570,1,1,526,422,104,1.0,26
580,0,0,466,457,9,1.0,23
580,1,1,502,479,23,1.0,24
590,0,0,439,465,-26,0.0,22
590,1,1,424,459,-35,0.0,23
600,0,0,498,462,36,1.0,22
600,1,1,504,415,89,1.0,23
610,0,0,498,440,58,1.0,22
610,1,1,403,439,-36,0.0,25
620,0,0,458,415,43,1.0,28
620,1,1,383,583,-200,0.0,23
630,0,0,470,436,34,1.0,24
630,1,1,493,410,83,1.0,25
640,0,0,425,457,-32,0.0,28
640,1,1,509,437,72,1.0,24
650,0,0,509,491,18,1.0,21
650,1,1,406,533,-127,0.0,21
660,0,0,454,531,-77,0.0,24
660,1,1,496,488,8,1.0,20
670,0,0,433,584,-151,0.0,26
670,1,1,549,404,145,1.0,21
680,0,0,472,431,41,1.0,23
680,1,1,424,475,-51,0.0,24
690,0,0,438,473,-35,0.0,24
690,1,1,408,485,-77,0.0,25
700,0,0,501,371,130,1.0,24
700,1,1,305,565,-260,0.0,25
710,0,0,546,444,102,1.0,24
710,1,1,448,503,-55,0.0,28
720,0,0,372,602,-230,0.0,21
720,1,1,579,372,207,1.0,21
730,0,0,489,469,20,1.0,23
730,1,1,385,456,-71,0.0,24
740,0,0,628,338,290,1.0,26
740,1,1,350,561,-211,0.0,25
750,0,0,544,447,97,1.0,23
750,1,1,464,635,-171,0.0,22
760,0,0,367,475,-108,0.0,23
760,1,1,498,487,11,1.0,26
770,0,0,366,455,-89,0.0,25
770,1,1,484,482,2,1.0,25
780,0,0,574,444,130,1.0,20
780,1,1,485,505,-20,0.0,22
790,0,0,415,589,-174,0.0,24
790,1,1,472,502,-30,0.0,26
800,0,0,443,518,-75,0.0,28
800,1,1,512,554,-42,0.0,22
810,0,0,506,420,86,1.0,25
810,1,1,463,501,-38,0.0,24
820,0,0,440,643,-203,0.0,24
820,1,1,534,410,124,1.0,22
830,0,0,459,353,106,1.0,28
830,1,1,294,496,-202,0.0,24
840,0,0,487,449,38,1.0,23
840,1,1,418,560,-142,0.0,22
850,0,0,479,531,-52,0.0,19
850,1,1,515,506,9,1.0,26
860,0,0,371,575,-204,0.0,27
860,1,1,531,447,84,1.0,22
870,0,0,551,488,63,1.0,24
870,1,1,542,546,-4,0.0,20
880,0,0,572,435,137,1.0,22
880,1,1,426,626,-200,0.0,22
890,0,0,563,451,112,1.0,25
890,1,1,309,530,-221,0.0,29
900,0,0,471,417,54,1.0,23
900,1,1,398,448,-50,0.0,28
910,0,0,571,442,129,1.0,31
910,1,1,403,472,-69,0.0,24
920,0,0,541,419,122,1.0,26
920,1,1,378,520,-142,0.0,25
930,0,0,339,581,-242,0.0,26
930,1,1,492,399,93,1.0,26
940,0,0,405,530,-125,0.0,22
940,1,1,522,405,117,1.0,23
950,0,0,566,442,124,1.0,27
950,1,1,482,470,12,1.0,25
960,0,0,483,477,6,1.0,27
960,1,1,416,589,-173,0.0,21
970,0,0,532,451,81,1.0,24
970,1,1,485,456,29,1.0,24
980,0,0,455,528,-73,0.0,28
980,1,1,399,461,-62,0.0,25
990,0,0,498,411,87,1.0,21
990,1,1,469,437,32,1.0,23
1000,0,0,558,498,60,1.0,21
1000,1,1,471,494,-23,0.0,24
1010,0,0,403,507,-104,0.0,22
1010,1,1,459,474,-15,0.0,22
1020,0,0,512,545,-33,0.0,22
1020,1,1,512,614,-102,0.0,24
1030,0,0,539,429,110,1.0,21
1030,1,1,518,472,46,1.0,23
1040,0,0,515,334,181,1.0,37
1040,1,1,457,492,-35,0.0,29
1050,0,0,455,465,-10,0.0,24
1050,1,1,488,494,-6,0.0,24
1060,0,0,461,537,-76,0.0,21
1060,1,1,566,442,124,1.0,25
1070,0,0,474,337,137,1.0,26
1070,1,1,364,649,-285,0.0,23
1080,0,0,457,395,62,1.0,24
1080,1,1,531,356,175,1.0,22
1090,0,0,530,434,96,1.0,22
1090,1,1,435,556,-121,0.0,21
1100,0,0,475,457,18,1.0,22
1100,1,1,404,532,-128,0.0,21
1110,0,0,545,426,119,1.0,24
1110,1,1,432,545,-113,0.0,22
1120,0,0,442,532,-90,0.0,25
1120,1,1,461,417,44,1.0,22
1130,0,0,445,448,-3,0.0,25
1130,1,1,465,483,-18,0.0,23
1140,0,0,551,287,264,1.0,24
1140,1,1,474,542,-68,0.0,21
1150,0,0,459,426,33,1.0,29
1150,1,1,448,503,-55,0.0,27
1160,0,0,551,436,115,1.0,24
1160,1,1,506,475,31,1.0,24
1170,0,0,450,432,18,1.0,24
1170,1,1,420,442,-22,0.0,26
1180,0,0,460,592,-132,0.0,22
1180,1,1,705,428,277,1.0,22
1190,0,0,552,490,62,1.0,21
1190,1,1,567,460,107,1.0,22
1200,0,0,420,501,-81,0.0,22
1200,1,1,435,523,-88,0.0,23
1210,0,0,567,547,20,1.0,23
1210,1,1,462,503,-41,0.0,20
1220,0,0,533,393,140,1.0,25
1220,1,1,344,421,-77,0.0,32
1230,0,0,609,372,237,1.0,23
1230,1,1,336,609,-273,0.0,21
1240,0,0,527,285,242,1.0,27
1240,1,1,354,504,-150,0.0,26
1250,0,0,479,554,-75,0.0,22
1250,1,1,526,513,13,1.0,23
1260,0,0,545,444,101,1.0,26
1260,1,1,375,556,-181,0.0,26
1270,0,0,482,514,-32,0.0,24
1270,1,1,539,392,147,1.0,25
1280,0,0,422,567,-145,0.0,25
1280,1,1,577,421,156,1.0,27
1290,0,0,467,407,60,1.0,26
1290,1,1,460,477,-17,0.0,33
1300,0,0,460,457,3,1.0,28
1300,1,1,378,570,-192,0.0,24
1310,0,0,478,561,-83,0.0,26
1310,1,1,578,557,21,1.0,27
1320,0,0,484,557,-73,0.0,23
1320,1,1,518,477,41,1.0,26
1330,0,0,457,466,-9,0.0,26
1330,1,1,499,452,47,1.0,22
1340,0,0,487,419,68,1.0,32
1340,1,1,530,421,109,1.0,22
1350,0,0,455,484,-29,0.0,24
1350,1,1,459,430,29,1.0,23
1360,0,0,446,610,-164,0.0,24
1360,1,1,475,513,-38,0.0,23
1370,0,0,493,510,-17,0.0,24
1370,1,1,481,561,-80,0.0,21
1380,0,0,480,463,17,1.0,21
1380,1,1,503,502,1,1.0,21
1390,0,0,481,487,-6,0.0,25
1390,1,1,519,473,46,1.0,24
1400,0,0,461,405,56,1.0,27
1400,1,1,583,484,99,1.0,23
1410,0,0,435,423,12,1.0,27
1410,1,1,432,532,-100,0.0,25
1420,0,0,507,426,81,1.0,22
1420,1,1,437,478,-41,0.0,26
1430,0,0,534,367,167,1.0,25
1430,1,1,372,538,-166,0.0,21
1440,0,0,455,411,44,1.0,21
1440,1,1,423,419,4,1.0,23
1450,0,0,564,459,105,1.0,21
1450,1,1,427,460,-33,0.0,25
1460,0,0,517,442,75,1.0,23
1460,1,1,481,473,8,1.0,21
1470,0,0,474,455,19,1.0,23
1470,1,1,402,493,-91,0.0,22
1480,0,0,411,561,-150,0.0,25
1480,1,1,377,631,-254,0.0,23
1490,0,0,509,454,55,1.0,23
1490,1,1,366,469,-103,0.0,22
1500,0,0,510,416,94,1.0,25
1500,1,1,400,482,-82,0.0,26
1510,0,0,474,431,43,1.0,26
1510,1,1,379,399,-20,0.0,31
1520,0,0,494,375,119,1.0,24
1520,1,1,456,590,-134,0.0,24
1530,0,0,533,606,-73,0.0,21
1530,1,1,465,367,98,1.0,24
1540,0,0,481,484,-3,0.0,25
1540,1,1,446,496,-50,0.0,22
1550,0,0,493,506,-13,0.0,22
1550,1,1,539,511,28,1.0,23
1560,0,0,438,510,-72,0.0,25
1560,1,1,502,431,71,1.0,22
1570,0,0,433,423,10,1.0,24
1570,1,1,471,453,18,1.0,21
1580,0,0,412,415,-3,0.0,26
1580,1,1,558,437,121,1.0,22
1590,0,0,473,465,8,1.0,22
1590,1,1,439,465,-26,0.0,23
1600,0,0,378,548,-170,0.0,27
1600,1,1,431,559,-128,0.0,21
1610,0,0,469,521,-52,0.0,24
1610,1,1,533,441,92,1.0,25
1620,0,0,547,375,172,1.0,27
1620,1,1,490,523,-33,0.0,22
1630,0,0,487,429,58,1.0,21
1630,1,1,422,513,-91,0.0,21
1640,0,0,427,452,-25,0.0,24
1640,1,1,506,443,63,1.0,22
1650,0,0,438,516,-78,0.0,20
1650,1,1,494,533,-39,0.0,25
1660,0,0,595,366,229,1.0,27
1660,1,1,456,650,-194,0.0,22
1670,0,0,581,414,167,1.0,24
1670,1,1,439,550,-111,0.0,21
1680,0,0,467,493,-26,0.0,24
1680,1,1,498,401,97,1.0,24
1690,0,0,457,494,-37,0.0,28
1690,1,1,486,468,18,1.0,23
1700,0,0,572,489,83,1.0,23
1700,1,1,502,578,-76,0.0,23
1710,0,0,544,370,174,1.0,23
1710,1,1,345,638,-293,0.0,26
1720,0,0,561,499,62,1.0,23
1720,1,1,495,429,66,1.0,24
1730,0,0,515,392,123,1.0,19
1730,1,1,441,458,-17,0.0,23
1740,0,0,518,483,35,1.0,25
1740,1,1,511,473,38,1.0,24
1750,0,0,467,564,-97,0.0,21
1750,1,1,279,476,-197,0.0,24
1760,0,0,562,457,105,1.0,21
1760,1,1,462,419,43,1.0,24
1770,0,0,462,495,-33,0.0,23
1770,1,1,518,418,100,1.0,22
1780,0,0,451,387,64,1.0,25
1780,1,1,403,533,-130,0.0,26
1790,0,0,490,447,43,1.0,22
1790,1,1,509,536,-27,0.0,22
1800,0,0,563,375,188,1.0,25
1800,1,1,396,571,-175,0.0,21
1810,0,0,415,642,-227,0.0,21
1810,1,1,664,362,302,1.0,24
1820,0,0,541,352,189,1.0,21
1820,1,1,466,604,-138,0.0,25
1830,0,0,433,539,-106,0.0,26
1830,1,1,524,433,91,1.0,23
1840,0,0,442,452,-10,0.0,28
1840,1,1,455,534,-79,0.0,23
1850,0,0,407,413,-6,0.0,24
1850,1,1,555,471,84,1.0,23
1860,0,0,459,497,-38,0.0,20
1860,1,1,533,441,92,1.0,23
1870,0,0,520,378,142,1.0,24
1870,1,1,497,499,-2,0.0,24
1880,0,0,600,412,188,1.0,23
1880,1,1,378,423,-45,0.0,26
1890,0,0,456,511,-55,0.0,25
1890,1,1,511,431,80,1.0,25
1900,0,0,478,470,8,1.0,26
1900,1,1,448,457,-9,0.0,27
1910,0,0,478,496,-18,0.0,25
1910,1,1,425,492,-67,0.0,29
1920,0,0,447,628,-181,0.0,27
1920,1,1,507,386,121,1.0,24
1930,0,0,532,527,5,1.0,21
1930,1,1,336,586,-250,0.0,24
1940,0,0,509,505,4,1.0,22
1940,1,1,545,454,91,1.0,25
1950,0,0,557,482,75,1.0,22
1950,1,1,499,511,-12,0.0,23
1960,0,0,376,533,-157,0.0,23
1960,1,1,552,431,121,1.0,21
1970,0,0,408,462,-54,0.0,24
1970,1,1,488,496,-8,0.0,26
1980,0,0,505,465,40,1.0,26
1980,1,1,451,481,-30,0.0,23
1990,0,0,506,438,68,1.0,22
1990,1,1,450,480,-30,0.0,20
1,0,0,382,658,-276,0.0,23
1,1,1,509,406,103,1.0,26
11,0,0,424,503,-79,0.0,26
11,1,1,530,433,97,1.0,25
21,0,0,361,428,-67,0.0,24
21,1,1,470,383,87,1.0,23
31,0,0,457,496,-39,0.0,24
31,1,1,457,492,-35,0.0,25
41,0,0,368,543,-175,0.0,23
41,1,1,563,420,143,1.0,25
51,0,0,360,561,-201,0.0,24
51,1,1,459,503,-44,0.0,22
61,0,0,529,444,85,1.0,24
61,1,1,430,484,-54,0.0,22
71,0,0,427,466,-39,0.0,22
71,1,1,418,411,7,1.0,23
81,0,0,518,477,41,1.0,24
81,1,1,456,533,-77,0.0,20
91,0,0,362,663,-301,0.0,19
91,1,1,514,502,12,1.0,22
101,0,0,492,418,74,1.0,23
101,1,1,482,468,14,1.0,23
111,0,0,570,430,140,1.0,25
111,1,1,440,518,-78,0.0,27
121,0,0,526,506,20,1.0,24
121,1,1,453,471,-18,0.0,23
131,0,0,424,480,-56,0.0,26
131,1,1,499,568,-69,0.0,20
141,0,0,509,431,78,1.0,22
141,1,1,397,548,-151,0.0,25
151,0,0,564,394,170,1.0,24
151,1,1,407,501,-94,0.0,24
161,0,0,374,562,-188,0.0,32
161,1,1,534,315,219,1.0,28
171,0,0,461,381,80,1.0,29
171,1,1,304,486,-182,0.0,26
181,0,0,523,506,17,1.0,24
181,1,1,484,463,21,1.0,24
191,0,0,530,467,63,1.0,23
191,1,1,557,575,-18,0.0,21
201,0,0,461,574,-113,0.0,23
201,1,1,386,482,-96,0.0,23
211,0,0,399,525,-126,0.0,25
211,1,1,591,379,212,1.0,23
221,0,0,610,461,149,1.0,25
221,1,1,526,426,100,1.0,28
231,0,0,518,454,64,1.0,23
231,1,1,413,540,-127,0.0,25
241,0,0,483,373,110,1.0,28
241,1,1,465,527,-62,0.0,25
251,0,0,388,502,-114,0.0,24
251,1,1,516,421,95,1.0,19
261,0,0,438,519,-81,0.0,22
261,1,1,540,514,26,1.0,21
271,0,0,490,404,86,1.0,22
271,1,1,390,424,-34,0.0,26
281,0,0,561,389,172,1.0,24
281,1,1,486,503,-17,0.0,21
291,0,0,488,535,-47,0.0,21
291,1,1,567,462,105,1.0,22
301,0,0,477,453,24,1.0,24
301,1,1,418,352,66,1.0,27
311,0,0,349,447,-98,0.0,24
311,1,1,404,398,6,1.0,28
321,0,0,487,426,61,1.0,33
321,1,1,467,388,79,1.0,26
331,0,0,444,446,-2,0.0,23
331,1,1,346,500,-154,0.0,26
341,0,0,413,474,-61,0.0,23
341,1,1,311,604,-293,0.0,24
351,0,0,479,480,-1,0.0,21
351,1,1,462,434,28,1.0,22
361,0,0,538,525,13,1.0,24
361,1,1,523,423,100,1.0,24
371,0,0,410,409,1,1.0,25
371,1,1,445,445,0,0.5,25
381,0,0,504,493,11,1.0,26
381,1,1,472,501,-29,0.0,26
391,0,0,373,611,-238,0.0,28
391,1,1,537,388,149,1.0,26
401,0,0,504,406,98,1.0,24
401,1,1,458,537,-79,0.0,20
411,0,0,473,340,133,1.0,29
411,1,1,444,488,-44,0.0,22
421,0,0,356,547,-191,0.0,27
421,1,1,470,393,77,1.0,26
431,0,0,470,484,-14,0.0,22
431,1,1,460,458,2,1.0,22
441,0,0,396,480,-84,0.0,28
441,1,1,571,540,31,1.0,23
451,0,0,488,526,-38,0.0,24
451,1,1,473,443,30,1.0,20
461,0,0,570,380,190,1.0,23
461,1,1,468,553,-85,0.0,22
471,0,0,478,485,-7,0.0,23
471,1,1,420,472,-52,0.0,25
481,0,0,408,527,-119,0.0,25
481,1,1,431,474,-43,0.0,23
491,0,0,444,533,-89,0.0,25
491,1,1,455,534,-79,0.0,22
501,0,0,409,468,-59,0.0,25
501,1,1,427,457,-30,0.0,28
511,0,0,441,543,-102,0.0,29
511,1,1,435,602,-167,0.0,24
521,0,0,564,393,171,1.0,29
521,1,1,370,494,-124,0.0,23
531,0,0,410,534,-124,0.0,22
531,1,1,576,428,148,1.0,21
541,0,0,444,455,-11,0.0,24
541,1,1,448,501,-53,0.0,29
551,0,0,497,459,38,1.0,28
551,1,1,519,432,87,1.0,29
561,0,0,658,451,207,1.0,19
561,1,1,347,653,-306,0.0,21
571,0,0,500,476,24,1.0,25
571,1,1,452,537,-85,0.0,22
581,0,0,533,518,15,1.0,26
581,1,1,534,451,83,1.0,26
591,0,0,420,518,-98,0.0,25
591,1,1,486,487,-1,0.0,25
601,0,0,441,390,51,1.0,22
601,1,1,393,530,-137,0.0,20
611,0,0,574,475,99,1.0,22
611,1,1,395,638,-243,0.0,26
621,0,0,575,458,117,1.0,20
621,1,1,512,543,-31,0.0,24
631,0,0,522,414,108,1.0,26
631,1,1,469,477,-8,0.0,21
641,0,0,502,492,10,1.0,23
641,1,1,434,494,-60,0.0,21
651,0,0,505,454,51,1.0,23
651,1,1,366,530,-164,0.0,28
661,0,0,495,423,72,1.0,23
661,1,1,489,447,42,1.0,21
671,0,0,611,339,272,1.0,26
671,1,1,437,592,-155,0.0,25
681,0,0,426,427,-1,0.0,23
681,1,1,476,356,120,1.0,24
691,0,0,565,408,157,1.0,23
691,1,1,512,487,25,1.0,27
701,0,0,488,380,108,1.0,26
701,1,1,367,494,-127,0.0,24
711,0,0,462,409,53,1.0,22
711,1,1,483,423,60,1.0,29
721,0,0,524,455,69,1.0,25
721,1,1,472,445,27,1.0,24
731,0,0,483,425,58,1.0,25
731,1,1,484,438,46,1.0,24
741,0,0,519,445,74,1.0,23
741,1,1,508,479,29,1.0,22
751,0,0,415,609,-194,0.0,23
751,1,1,420,399,21,1.0,26
761,0,0,526,442,84,1.0,19
761,1,1,316,629,-313,0.0,26
771,0,0,478,413,65,1.0,23
771,1,1,596,296,300,1.0,26
781,0,0,582,519,63,1.0,22
781,1,1,589,587,2,1.0,27
791,0,0,487,437,50,1.0,27
791,1,1,529,395,134,1.0,19
801,0,0,594,552,42,1.0,22
801,1,1,524,593,-69,0.0,21
811,0,0,548,438,110,1.0,21
811,1,1,434,460,-26,0.0,33
821,0,0,531,404,127,1.0,23
821,1,1,474,347,127,1.0,22
831,0,0,508,524,-16,0.0,22
831,1,1,431,454,-23,0.0,24
841,0,0,460,515,-55,0.0,24
841,1,1,525,363,162,1.0,25
851,0,0,466,561,-95,0.0,23
851,1,1,605,452,153,1.0,21
861,0,0,496,358,138,1.0,27
861,1,1,499,398,101,1.0,27
871,0,0,435,531,-96,0.0,22
871,1,1,578,406,172,1.0,22
881,0,0,492,476,16,1.0,29
881,1,1,487,582,-95,0.0,21
891,0,0,551,391,160,1.0,25
891,1,1,382,467,-85,0.0,23
901,0,0,433,568,-135,0.0,30
901,1,1,456,475,-19,0.0,26
911,0,0,414,376,38,1.0,25
911,1,1,421,538,-117,0.0,20
921,0,0,460,436,24,1.0,24
921,1,1,453,492,-39,0.0,20
931,0,0,480,403,77,1.0,23
931,1,1,451,527,-76,0.0,25
941,0,0,572,342,230,1.0,25
941,1,1,421,548,-127,0.0,23
951,0,0,463,427,36,1.0,22
951,1,1,434,488,-54,0.0,24
961,0,0,502,378,124,1.0,26
961,1,1,328,630,-302,0.0,24
971,0,0,424,537,-113,0.0,24
971,1,1,491,435,56,1.0,23
981,0,0,444,458,-14,0.0,23
981,1,1,522,484,38,1.0,25
991,0,0,545,483,62,1.0,25
991,1,1,558,437,121,1.0,26
1001,0,0,533,355,178,1.0,26
1001,1,1,535,619,-84,0.0,21
1011,0,0,400,498,-98,0.0,22
1011,1,1,463,442,21,1.0,26
1021,0,0,392,550,-158,0.0,24
1021,1,1,559,339,220,1.0,26
1031,0,0,557,531,26,1.0,24
1031,1,1,463,472,-9,0.0,21
1041,0,0,432,475,-43,0.0,24
1041,1,1,559,431,128,1.0,23
1051,0,0,476,534,-58,0.0,20
1051,1,1,495,552,-57,0.0,22
1061,0,0,464,409,55,1.0,26
1061,1,1,530,395,135,1.0,25
1071,0,0,446,538,-92,0.0,23
1071,1,1,529,397,132,1.0,20
1081,0,0,445,527,-82,0.0,25
1081,1,1,391,492,-101,0.0,23
1091,0,0,432,452,-20,0.0,24
1091,1,1,486,464,22,1.0,21
1101,0,0,384,484,-100,0.0,21
1101,1,1,382,539,-157,0.0,20
1111,0,0,420,421,-1,0.0,24
1111,1,1,476,351,125,1.0,25
1121,0,0,534,428,106,1.0,22
1121,1,1,435,426,9,1.0,25
1131,0,0,391,434,-43,0.0,22
1131,1,1,457,479,-22,0.0,29
1141,0,0,408,481,-73,0.0,24
1141,1,1,388,646,-258,0.0,24
1151,0,0,563,491,72,1.0,22
1151,1,1,348,565,-217,0.0,23
1161,0,0,378,542,-164,0.0,27
1161,1,1,455,449,6,1.0,23
1171,0,0,544,549,-5,0.0,22
1171,1,1,503,395,108,1.0,26
1181,0,0,393,547,-154,0.0,27
1181,1,1,515,361,154,1.0,28
1191,0,0,437,409,28,1.0,24
1191,1,1,459,488,-29,0.0,22
1201,0,0,539,475,64,1.0,22
1201,1,1,450,430,20,1.0,28
1211,0,0,369,617,-248,0.0,23
1211,1,1,529,423,106,1.0,23
1221,0,0,451,515,-64,0.0,23
1221,1,1,477,474,3,1.0,22
1231,0,0,389,520,-131,0.0,23
1231,1,1,501,384,117,1.0,25
1241,0,0,374,490,-116,0.0,24
1241,1,1,648,422,226,1.0,23
1251,0,0,370,458,-88,0.0,23
1251,1,1,460,368,92,1.0,24
1261,0,0,455,570,-115,0.0,20
1261,1,1,640,449,191,1.0,21
1271,0,0,586,482,104,1.0,20
1271,1,1,484,411,73,1.0,24
1281,0,0,424,588,-164,0.0,22
1281,1,1,470,431,39,1.0,23
1291,0,0,464,454,10,1.0,23
1291,1,1,475,504,-29,0.0,25
1301,0,0,402,620,-218,0.0,25
1301,1,1,594,406,188,1.0,23
1311,0,0,516,434,82,1.0,25
1311,1,1,491,506,-15,0.0,24
1321,0,0,397,491,-94,0.0,29
1321,1,1,411,473,-62,0.0,22
1331,0,0,578,379,199,1.0,26
1331,1,1,419,484,-65,0.0,23
1341,0,0,489,443,46,1.0,25
1341,1,1,524,452,72,1.0,26
1351,0,0,625,469,156,1.0,25
1351,1,1,568,513,55,1.0,21
1361,0,0,428,469,-41,0.0,23
1361,1,1,535,376,159,1.0,22
1371,0,0,436,388,48,1.0,33
1371,1,1,386,442,-56,0.0,22
1381,0,0,509,433,76,1.0,24
1381,1,1,572,410,162,1.0,25
1391,0,0,596,465,131,1.0,22
1391,1,1,424,587,-163,0.0,22
1401,0,0,395,494,-99,0.0,24
1401,1,1,396,530,-134,0.0,21
1411,0,0,524,484,40,1.0,23
1411,1,1,439,537,-98,0.0,22
1421,0,0,396,581,-185,0.0,25
1421,1,1,469,583,-114,0.0,24
1431,0,0,489,477,12,1.0,24
1431,1,1,517,431,86,1.0,24
1441,0,0,357,501,-144,0.0,24
1441,1,1,566,372,194,1.0,32
1451,0,0,378,655,-277,0.0,23
1451,1,1,571,520,51,1.0,20
1461,0,0,452,575,-123,0.0,25
1461,1,1,538,470,68,1.0,24
1471,0,0,482,404,78,1.0,22
1471,1,1,470,522,-52,0.0,22
1481,0,0,374,464,-90,0.0,27
1481,1,1,593,528,65,1.0,24
1491,0,0,386,444,-58,0.0,25
1491,1,1,533,430,103,1.0,29
1501,0,0,500,373,127,1.0,27
1501,1,1,371,539,-168,0.0,22
1511,0,0,545,348,197,1.0,26
1511,1,1,340,427,-87,0.0,44
1521,0,0,415,603,-188,0.0,23
1521,1,1,531,442,89,1.0,20
1531,0,0,619,497,122,1.0,21
1531,1,1,444,518,-74,0.0,21
1541,0,0,443,438,5,1.0,23
1541,1,1,470,547,-77,0.0,22
1551,0,0,401,580,-179,0.0,28
1551,1,1,639,347,292,1.0,27
1561,0,0,500,409,91,1.0,26
1561,1,1,458,529,-71,0.0,23
1571,0,0,459,510,-51,0.0,22
1571,1,1,380,461,-81,0.0,32
1581,0,0,513,518,-5,0.0,20
1581,1,1,567,377,190,1.0,24
1591,0,0,432,461,-29,0.0,26
1591,1,1,533,468,65,1.0,21
1601,0,0,493,297,196,1.0,30
1601,1,1,397,477,-80,0.0,25
1611,0,0,463,430,33,1.0,25
1611,1,1,467,458,9,1.0,23
1621,0,0,526,490,36,1.0,26
1621,1,1,431,473,-42,0.0,27
1631,0,0,506,416,90,1.0,20
1631,1,1,436,507,-71,0.0,23
1641,0,0,491,492,-1,0.0,21
1641,1,1,474,525,-51,0.0,29
1651,0,0,534,427,107,1.0,25
1651,1,1,467,486,-19,0.0,24
1661,0,0,378,635,-257,0.0,23
1661,1,1,587,420,167,1.0,25
1671,0,0,423,449,-26,0.0,25
1671,1,1,451,466,-15,0.0,29
1681,0,0,424,521,-97,0.0,21
1681,1,1,432,383,49,1.0,25
1691,0,0,379,459,-80,0.0,30
1691,1,1,577,381,196,1.0,25
1701,0,0,466,394,72,1.0,32
1701,1,1,409,469,-60,0.0,27
1711,0,0,379,515,-136,0.0,21
1711,1,1,432,443,-11,0.0,21
1721,0,0,447,416,31,1.0,29
1721,1,1,483,490,-7,0.0,26
1731,0,0,427,458,-31,0.0,31
1731,1,1,550,384,166,1.0,23
1741,0,0,541,491,50,1.0,20
1741,1,1,402,680,-278,0.0,20
1751,0,0,421,515,-94,0.0,25
1751,1,1,424,435,-11,0.0,24
1761,0,0,475,505,-30,0.0,26
1761,1,1,451,512,-61,0.0,23
1771,0,0,417,508,-91,0.0,23
1771,1,1,493,428,65,1.0,22
1781,0,0,446,589,-143,0.0,25
1781,1,1,421,425,-4,0.0,26
1791,0,0,443,530,-87,0.0,25
1791,1,1,487,529,-42,0.0,23
1801,0,0,492,517,-25,0.0,22
1801,1,1,475,519,-44,0.0,20
1811,0,0,511,451,60,1.0,23
1811,1,1,535,541,-6,0.0,21
1821,0,0,368,482,-114,0.0,21
1821,1,1,483,455,28,1.0,21
1831,0,0,502,515,-13,0.0,32
1831,1,1,467,571,-104,0.0,22
1841,0,0,593,428,165,1.0,22
1841,1,1,490,463,27,1.0,22
1851,0,0,434,543,-109,0.0,21
1851,1,1,553,411,142,1.0,32
1861,0,0,434,565,-131,0.0,23
1861,1,1,488,438,50,1.0,23
1871,0,0,498,454,44,1.0,25
1871,1,1,544,494,50,1.0,23
1881,0,0,417,423,-6,0.0,26
1881,1,1,492,356,136,1.0,25
1891,0,0,466,482,-16,0.0,24
1891,1,1,407,430,-23,0.0,31
1901,0,0,530,391,139,1.0,22
1901,1,1,442,534,-92,0.0,26
1911,0,0,426,466,-40,0.0,23
1911,1,1,545,364,181,1.0,24
1921,0,0,515,466,49,1.0,25
1921,1,1,391,465,-74,0.0,24
1931,0,0,500,455,45,1.0,31
1931,1,1,488,514,-26,0.0,25
1941,0,0,442,478,-36,0.0,23
1941,1,1,432,512,-80,0.0,23
1951,0,0,544,363,181,1.0,25
1951,1,1,399,375,24,1.0,28
1961,0,0,430,567,-137,0.0,23
1961,1,1,486,489,-3,0.0,25
1971,0,0,534,400,134,1.0,21
1971,1,1,449,538,-89,0.0,22
1981,0,0,500,479,21,1.0,25
1981,1,1,478,476,2,1.0,24
1991,0,0,492,374,118,1.0,24
1991,1,1,394,456,-62,0.0,24
2,0,0,549,463,86,1.0,21
2,1,1,385,479,-94,0.0,23
12,0,0,540,442,98,1.0,24
12,1,1,445,515,-70,0.0,23
22,0,0,503,423,80,1.0,24
22,1,1,411,474,-63,0.0,24
32,0,0,473,419,54,1.0,24
32,1,1,466,487,-21,0.0,26
42,0,0,415,552,-137,0.0,24
42,1,1,627,419,208,1.0,24
52,0,0,500,501,-1,0.0,22
52,1,1,549,419,130,1.0,25
62,0,0,448,476,-28,0.0,30
62,1,1,375,427,-52,0.0,25
72,0,0,573,473,100,1.0,20
72,1,1,537,523,14,1.0,25
82,0,0,440,379,61,1.0,25
82,1,1,521,520,1,1.0,29
92,0,0,412,503,-91,0.0,24
92,1,1,471,364,107,1.0,35
102,0,0,442,558,-116,0.0,22
102,1,1,438,511,-73,0.0,24
112,0,0,540,528,12,1.0,22
112,1,1,448,538,-90,0.0,23
122,0,0,419,517,-98,0.0,22
122,1,1,500,433,67,1.0,26
132,0,0,568,439,129,1.0,30
132,1,1,458,487,-29,0.0,24
142,0,0,492,521,-29,0.0,22
142,1,1,511,431,80,1.0,21
152,0,0,505,530,-25,0.0,20
152,1,1,569,547,22,1.0,20
162,0,0,542,335,207,1.0,23
162,1,1,380,555,-175,0.0,23
172,0,0,511,605,-94,0.0,22
172,1,1,509,515,-6,0.0,23
182,0,0,436,533,-97,0.0,25
182,1,1,496,478,18,1.0,27
192,0,0,451,497,-46,0.0,21
192,1,1,482,483,-1,0.0,22
202,0,0,520,456,64,1.0,25
202,1,1,425,585,-160,0.0,21
212,0,0,472,472,0,0.5,26
212,1,1,527,381,146,1.0,26
222,0,0,568,574,-6,0.0,23
222,1,1,497,658,-161,0.0,23
232,0,0,592,364,228,1.0,25
232,1,1,454,462,-8,0.0,24
242,0,0,368,526,-158,0.0,27
242,1,1,461,456,5,1.0,23
252,0,0,628,372,256,1.0,23
252,1,1,374,554,-180,0.0,23
262,0,0,518,541,-23,0.0,21
262,1,1,519,496,23,1.0,22
272,0,0,476,387,89,1.0,23
272,1,1,424,479,-55,0.0,32
282,0,0,472,513,-41,0.0,22
282,1,1,562,458,104,1.0,21
292,0,0,463,417,46,1.0,25
292,1,1,384,495,-111,0.0,23
302,0,0,399,506,-107,0.0,28
302,1,1,433,526,-93,0.0,23
312,0,0,382,437,-55,0.0,24
312,1,1,477,487,-10,0.0,24
322,0,0,410,439,-29,0.0,25
322,1,1,500,375,125,1.0,26
332,0,0,534,523,11,1.0,25
332,1,1,483,406,77,1.0,26
342,0,0,447,436,11,1.0,23
342,1,1,505,440,65,1.0,22
352,0,0,519,501,18,1.0,21
352,1,1,321,635,-314,0.0,26
362,0,0,587,368,219,1.0,21
362,1,1,424,605,-181,0.0,23
372,0,0,471,431,40,1.0,33
372,1,1,413,628,-215,0.0,23
382,0,0,530,457,73,1.0,24
382,1,1,397,467,-70,0.0,22
392,0,0,536,583,-47,0.0,24
392,1,1,447,476,-29,0.0,22
402,0,0,590,374,216,1.0,21
402,1,1,452,687,-235,0.0,23
412,0,0,421,454,-33,0.0,28
412,1,1,484,391,93,1.0,25
422,0,0,452,440,12,1.0,24
422,1,1,490,422,68,1.0,26
432,0,0,392,487,-95,0.0,22
432,1,1,525,412,113,1.0,29
442,0,0,457,347,110,1.0,25
442,1,1,442,508,-66,0.0,22
452,0,0,417,481,-64,0.0,29
452,1,1,457,406,51,1.0,28
462,0,0,512,451,61,1.0,25
462,1,1,418,464,-46,0.0,24
472,0,0,452,497,-45,0.0,23
472,1,1,452,384,68,1.0,24
482,0,0,504,429,75,1.0,22
482,1,1,473,440,33,1.0,25
492,0,0,467,498,-31,0.0,23
492,1,1,501,379,122,1.0,23
502,0,0,399,526,-127,0.0,27
502,1,1,495,438,57,1.0,21
512,0,0,412,483,-71,0.0,26
512,1,1,514,517,-3,0.0,22
522,0,0,426,491,-65,0.0,24
522,1,1,494,456,38,1.0,24
532,0,0,400,545,-145,0.0,23
532,1,1,446,457,-11,0.0,27
542,0,0,477,438,39,1.0,25
542,1,1,420,483,-63,0.0,23
552,0,0,566,388,178,1.0,26
552,1,1,325,509,-184,0.0,24
562,0,0,469,353,116,1.0,22
562,1,1,440,482,-42,0.0,24
572,0,0,475,528,-53,0.0,22
572,1,1,460,591,-131,0.0,23
582,0,0,458,411,47,1.0,26
582,1,1,401,619,-218,0.0,25
592,0,0,465,389,76,1.0,30
592,1,1,469,426,43,1.0,22
602,0,0,436,562,-126,0.0,29
602,1,1,478,502,-24,0.0,26
612,0,0,548,433,115,1.0,29
612,1,1,496,574,-78,0.0,27
622,0,0,477,466,11,1.0,24
622,1,1,438,463,-25,0.0,22
632,0,0,552,443,109,1.0,23
632,1,1,542,426,116,1.0,27
642,0,0,485,450,35,1.0,23
642,1,1,504,388,116,1.0,26
652,0,0,560,518,42,1.0,20
652,1,1,496,465,31,1.0,23
662,0,0,455,627,-172,0.0,20
662,1,1,443,563,-120,0.0,19
672,0,0,597,423,174,1.0,20
672,1,1,418,616,-198,0.0,21
682,0,0,557,419,138,1.0,22
682,1,1,442,547,-105,0.0,22
692,0,0,488,445,43,1.0,22
692,1,1,540,440,100,1.0,23
702,0,0,355,504,-149,0.0,26
702,1,1,384,411,-27,0.0,25
712,0,0,509,319,190,1.0,22
712,1,1,425,428,-3,0.0,26
722,0,0,576,393,183,1.0,22
722,1,1,426,558,-132,0.0,25
732,0,0,520,386,134,1.0,25
732,1,1,412,470,-58,0.0,29
742,0,0,531,339,192,1.0,22
742,1,1,383,624,-241,0.0,26
752,0,0,374,408,-34,0.0,24
752,1,1,388,381,7,1.0,25
762,0,0,465,442,23,1.0,21
762,1,1,485,464,21,1.0,23
772,0,0,400,458,-58,0.0,26
772,1,1,698,355,343,1.0,21
782,0,0,481,462,19,1.0,19
782,1,1,469,496,-27,0.0,19
792,0,0,460,464,-4,0.0,23
792,1,1,493,472,21,1.0,22
802,0,0,452,376,76,1.0,25
802,1,1,441,561,-120,0.0,27
812,0,0,472,499,-27,0.0,23
812,1,1,565,457,108,1.0,22
822,0,0,406,395,11,1.0,24
822,1,1,471,465,6,1.0,20
832,0,0,494,472,22,1.0,22
832,1,1,502,526,-24,0.0,28
842,0,0,525,453,72,1.0,23
842,1,1,355,475,-120,0.0,34
852,0,0,385,459,-74,0.0,22
852,1,1,481,447,34,1.0,21
862,0,0,525,347,178,1.0,25
862,1,1,490,434,56,1.0,26
872,0,0,403,441,-38,0.0,24
872,1,1,473,549,-76,0.0,25
882,0,0,387,536,-149,0.0,18
882,1,1,492,447,45,1.0,26
892,0,0,517,430,87,1.0,24
892,1,1,490,552,-62,0.0,21
902,0,0,537,420,117,1.0,22
902,1,1,500,603,-103,0.0,20
912,0,0,359,416,-57,0.0,27
912,1,1,474,400,74,1.0,26
922,0,0,471,428,43,1.0,26
922,1,1,486,424,62,1.0,26
932,0,0,406,559,-153,0.0,20
932,1,1,492,504,-12,0.0,23
942,0,0,404,498,-94,0.0,26
942,1,1,417,436,-19,0.0,28
952,0,0,521,403,118,1.0,25
952,1,1,376,524,-148,0.0,27
962,0,0,548,534,14,1.0,19
962,1,1,437,583,-146,0.0,25
972,0,0,442,636,-194,0.0,23
972,1,1,496,384,112,1.0,29
982,0,0,500,502,-2,0.0,24
982,1,1,530,496,34,1.0,26
992,0,0,529,384,145,1.0,29
992,1,1,544,442,102,1.0,24
1002,0,0,519,404,115,1.0,25
1002,1,1,356,567,-211,0.0,23
1012,0,0,350,567,-217,0.0,21
1012,1,1,652,364,288,1.0,22
1022,0,0,532,444,88,1.0,28
1022,1,1,448,557,-109,0.0,29
1032,0,0,473,466,7,1.0,24
1032,1,1,457,451,6,1.0,24
1042,0,0,517,462,55,1.0,26
1042,1,1,469,504,-35,0.0,27
1052,0,0,403,514,-111,0.0,22
1052,1,1,546,414,132,1.0,24
1062,0,0,368,532,-164,0.0,19
1062,1,1,478,486,-8,0.0,23
1072,0,0,513,559,-46,0.0,24
1072,1,1,653,412,241,1.0,22
1082,0,0,458,492,-34,0.0,22
1082,1,1,462,503,-41,0.0,24
1092,0,0,519,433,86,1.0,23
1092,1,1,435,405,30,1.0,24
1102,0,0,523,578,-55,0.0,26
1102,1,1,590,360,230,1.0,24
1112,0,0,533,445,88,1.0,24
1112,1,1,418,498,-80,0.0,25
1122,0,0,396,416,-20,0.0,21
1122,1,1,412,534,-122,0.0,26
1132,0,0,475,479,-4,0.0,24
1132,1,1,504,479,25,1.0,24
1142,0,0,521,509,12,1.0,25
1142,1,1,501,522,-21,0.0,25
1152,0,0,607,413,194,1.0,22
1152,1,1,420,438,-18,0.0,25
1162,0,0,497,402,95,1.0,22
1162,1,1,458,484,-26,0.0,24
1172,0,0,444,487,-43,0.0,23
1172,1,1,579,379,200,1.0,20
1182,0,0,477,486,-9,0.0,21
1182,1,1,383,519,-136,0.0,24
1192,0,0,467,435,32,1.0,26
1192,1,1,485,401,84,1.0,26
1202,0,0,489,425,64,1.0,24
1202,1,1,534,412,122,1.0,23
1212,0,0,476,408,68,1.0,23
1212,1,1,596,515,81,1.0,21
1222,0,0,672,345,327,1.0,26
1222,1,1,348,511,-163,0.0,25
1232,0,0,524,500,24,1.0,24
1232,1,1,500,478,22,1.0,21
1242,0,0,453,423,30,1.0,30
1242,1,1,555,417,138,1.0,23
1252,0,0,439,463,-24,0.0,26
1252,1,1,450,435,15,1.0,27
1262,0,0,490,459,31,1.0,21
1262,1,1,462,483,-21,0.0,23
1272,0,0,495,464,31,1.0,22
1272,1,1,464,420,44,1.0,21
1282,0,0,503,424,79,1.0,23
1282,1,1,382,569,-187,0.0,24
1292,0,0,417,426,-9,0.0,23
1292,1,1,505,450,55,1.0,24
1302,0,0,446,507,-61,0.0,21
1302,1,1,506,548,-42,0.0,23
1312,0,0,543,564,-21,0.0,22
1312,1,1,339,468,-129,0.0,23
1322,0,0,580,337,243,1.0,25
1322,1,1,359,535,-176,0.0,25
1332,0,0,460,395,65,1.0,26
1332,1,1,458,488,-30,0.0,29
1342,0,0,395,516,-121,0.0,25
1342,1,1,442,360,82,1.0,25
1352,0,0,519,407,112,1.0,24
1352,1,1,460,554,-94,0.0,21
1362,0,0,616,475,141,1.0,22
1362,1,1,448,706,-258,0.0,24
1372,0,0,506,496,10,1.0,25
1372,1,1,428,513,-85,0.0,27
1382,0,0,526,435,91,1.0,25
1382,1,1,447,452,-5,0.0,27
1392,0,0,468,399,69,1.0,24
1392,1,1,422,492,-70,0.0,22
1402,0,0,433,545,-112,0.0,25
1402,1,1,456,566,-110,0.0,22
1412,0,0,606,451,155,1.0,21
1412,1,1,423,578,-155,0.0,20
1422,0,0,416,504,-88,0.0,22
1422,1,1,492,409,83,1.0,22
1432,0,0,460,492,-32,0.0,27
1432,1,1,469,447,22,1.0,23
1442,0,0,471,471,0,0.5,33
1442,1,1,405,470,-65,0.0,26
1452,0,0,435,514,-79,0.0,28
1452,1,1,401,464,-63,0.0,27
1462,0,0,480,480,0,0.5,22
1462,1,1,496,570,-74,0.0,21
1472,0,0,470,432,38,1.0,28
1472,1,1,399,405,-6,0.0,26
1482,0,0,445,529,-84,0.0,20
1482,1,1,546,414,132,1.0,24
1492,0,0,423,434,-11,0.0,26
1492,1,1,410,390,20,1.0,24
1502,0,0,423,406,17,1.0,25
1502,1,1,459,469,-10,0.0,27
1512,0,0,471,452,19,1.0,22
1512,1,1,502,517,-15,0.0,24
1522,0,0,502,390,112,1.0,30
1522,1,1,463,556,-93,0.0,25
1532,0,0,370,394,-24,0.0,27
1532,1,1,498,459,39,1.0,28
1542,0,0,662,263,399,1.0,23
1542,1,1,401,571,-170,0.0,26
1552,0,0,568,477,91,1.0,22
1552,1,1,495,584,-89,0.0,23
1562,0,0,494,453,41,1.0,23
1562,1,1,444,419,25,1.0,26
1572,0,0,426,396,30,1.0,27
1572,1,1,395,490,-95,0.0,26
1582,0,0,465,433,32,1.0,22
1582,1,1,376,547,-171,0.0,22
1592,0,0,500,556,-56,0.0,20
1592,1,1,425,508,-83,0.0,23
1602,0,0,439,479,-40,0.0,24
1602,1,1,551,415,136,1.0,22
1612,0,0,507,540,-33,0.0,21
1612,1,1,546,501,45,1.0,21
1622,0,0,452,386,66,1.0,26
1622,1,1,472,468,4,1.0,23
1632,0,0,562,411,151,1.0,25
1632,1,1,428,558,-130,0.0,27
1642,0,0,493,428,65,1.0,25
1642,1,1,417,373,44,1.0,25
1652,0,0,549,476,73,1.0,20
1652,1,1,511,461,50,1.0,22
1662,0,0,504,524,-20,0.0,21
1662,1,1,486,441,45,1.0,23
1672,0,0,409,442,-33,0.0,23
1672,1,1,430,532,-102,0.0,24
1682,0,0,461,363,98,1.0,30
1682,1,1,395,543,-148,0.0,23
1692,0,0,413,407,6,1.0,24
1692,1,1,409,481,-72,0.0,23
1702,0,0,469,455,14,1.0,24
1702,1,1,461,421,40,1.0,23
1712,0,0,390,477,-87,0.0,23
1712,1,1,550,584,-34,0.0,22
1722,0,0,540,357,183,1.0,25
1722,1,1,376,434,-58,0.0,27
1732,0,0,509,406,103,1.0,25
1732,1,1,411,450,-39,0.0,31
1742,0,0,530,479,51,1.0,21
1742,1,1,505,525,-20,0.0,20
1752,0,0,460,503,-43,0.0,20
1752,1,1,418,485,-67,0.0,23
1762,0,0,432,479,-47,0.0,25
1762,1,1,567,380,187,1.0,23
1772,0,0,501,503,-2,0.0,22
1772,1,1,530,509,21,1.0,25
1782,0,0,451,532,-81,0.0,26
1782,1,1,476,394,82,1.0,24
1792,0,0,470,503,-33,0.0,26
1792,1,1,531,422,109,1.0,20
1802,0,0,463,477,-14,0.0,24
1802,1,1,465,501,-36,0.0,23
1812,0,0,455,471,-16,0.0,23
1812,1,1,449,406,43,1.0,29
1822,0,0,522,500,22,1.0,21
1822,1,1,506,631,-125,0.0,23
1832,0,0,514,374,140,1.0,25
1832,1,1,423,518,-95,0.0,23
1842,0,0,553,386,167,1.0,21
1842,1,1,303,686,-383,0.0,21
1852,0,0,439,547,-108,0.0,23
1852,1,1,476,433,43,1.0,23
1862,0,0,499,501,-2,0.0,27
1862,1,1,410,405,5,1.0,28
1872,0,0,507,423,84,1.0,25
1872,1,1,445,470,-25,0.0,29
1882,0,0,365,496,-131,0.0,25
1882,1,1,567,351,216,1.0,23
1892,0,0,575,452,123,1.0,20
1892,1,1,489,485,4,1.0,23
1902,0,0,627,433,194,1.0,25
1902,1,1,387,550,-163,0.0,25
1912,0,0,468,541,-73,0.0,22
1912,1,1,388,577,-189,0.0,27
1922,0,0,504,535,-31,0.0,22
1922,1,1,526,431,95,1.0,26
1932,0,0,593,444,149,1.0,21
1932,1,1,496,544,-48,0.0,22
1942,0,0,387,560,-173,0.0,22
1942,1,1,496,423,73,1.0,21
1952,0,0,499,461,38,1.0,24
1952,1,1,489,469,20,1.0,23
1962,0,0,527,460,67,1.0,21
1962,1,1,438,482,-44,0.0,21
1972,0,0,500,583,-83,0.0,24
1972,1,1,442,476,-34,0.0,25
1982,0,0,628,294,334,1.0,23
1982,1,1,432,591,-159,0.0,25
1992,0,0,494,436,58,1.0,26
1992,1,1,563,498,65,1.0,23
3,0,0,424,460,-36,0.0,28
3,1,1,552,475,77,1.0,27
13,0,0,474,493,-19,0.0,21
13,1,1,468,443,25,1.0,22
23,0,0,523,502,21,1.0,22
23,1,1,466,418,48,1.0,24
33,0,0,440,388,52,1.0,27
33,1,1,457,376,81,1.0,27
43,0,0,537,468,69,1.0,24
43,1,1,517,423,94,1.0,23
53,0,0,482,439,43,1.0,26
53,1,1,456,484,-28,0.0,26
63,0,0,400,444,-44,0.0,29
63,1,1,479,471,8,1.0,25
73,0,0,445,615,-170,0.0,21
73,1,1,466,447,19,1.0,24
83,0,0,429,452,-23,0.0,27
83,1,1,454,625,-171,0.0,22
93,0,0,511,390,121,1.0,25
93,1,1,427,513,-86,0.0,23
103,0,0,431,487,-56,0.0,21
103,1,1,487,480,7,1.0,22
113,0,0,428,429,-1,0.0,23
113,1,1,482,420,62,1.0,21
123,0,0,430,542,-112,0.0,25
123,1,1,454,363,91,1.0,26
133,0,0,415,442,-27,0.0,26
133,1,1,515,506,9,1.0,19
143,0,0,451,566,-115,0.0,23
143,1,1,463,457,6,1.0,20
153,0,0,480,461,19,1.0,22
153,1,1,520,441,79,1.0,24
163,0,0,348,457,-109,0.0,24
163,1,1,477,412,65,1.0,24
173,0,0,437,536,-99,0.0,25
173,1,1,450,376,74,1.0,27
183,0,0,528,498,30,1.0,22
183,1,1,528,404,124,1.0,29
193,0,0,453,471,-18,0.0,23
193,1,1,494,377,117,1.0,23
203,0,0,486,518,-32,0.0,20
203,1,1,513,464,49,1.0,21
213,0,0,487,438,49,1.0,23
213,1,1,342,528,-186,0.0,26
223,0,0,538,527,11,1.0,21
223,1,1,488,525,-37,0.0,23
233,0,0,348,501,-153,0.0,22
233,1,1,435,491,-56,0.0,25
243,0,0,439,496,-57,0.0,22
243,1,1,540,357,183,1.0,28
253,0,0,309,534,-225,0.0,22
253,1,1,536,344,192,1.0,24
263,0,0,519,443,76,1.0,21
263,1,1,540,513,27,1.0,19
273,0,0,491,470,21,1.0,23
273,1,1,418,540,-122,0.0,20
283,0,0,411,516,-105,0.0,28
283,1,1,596,446,150,1.0,21
293,0,0,360,442,-82,0.0,28
293,1,1,590,377,213,1.0,27
303,0,0,369,475,-106,0.0,23
303,1,1,447,426,21,1.0,22
313,0,0,496,454,42,1.0,21
313,1,1,390,499,-109,0.0,25
323,0,0,510,552,-42,0.0,20
323,1,1,540,478,62,1.0,24
333,0,0,480,409,71,1.0,21
333,1,1,547,524,23,1.0,24
343,0,0,545,431,114,1.0,26
343,1,1,455,499,-44,0.0,21
353,0,0,425,628,-203,0.0,23
353,1,1,513,439,74,1.0,23
363,0,0,484,516,-32,0.0,25
363,1,1,402,557,-155,0.0,23
373,0,0,550,499,51,1.0,19
373,1,1,470,592,-122,0.0,26
383,0,0,421,459,-38,0.0,25
383,1,1,433,411,22,1.0,28
393,0,0,444,375,69,1.0,29
393,1,1,486,496,-10,0.0,26
403,0,0,489,485,4,1.0,22
403,1,1,481,446,35,1.0,22
413,0,0,470,446,24,1.0,26
413,1,1,567,409,158,1.0,24
423,0,0,386,538,-152,0.0,25
423,1,1,543,404,139,1.0,24
433,0,0,371,592,-221,0.0,26
433,1,1,424,442,-18,0.0,24
443,0,0,520,397,123,1.0,33
443,1,1,478,465,13,1.0,30
453,0,0,529,441,88,1.0,24
453,1,1,424,538,-114,0.0,29
463,0,0,390,418,-28,0.0,27
463,1,1,439,465,-26,0.0,25
473,0,0,456,447,9,1.0,24
473,1,1,542,440,102,1.0,23
483,0,0,465,476,-11,0.0,22
483,1,1,491,475,16,1.0,23
493,0,0,382,505,-123,0.0,31
493,1,1,585,385,200,1.0,24
503,0,0,385,550,-165,0.0,23
503,1,1,507,457,50,1.0,22
513,0,0,407,520,-113,0.0,31
513,1,1,512,442,70,1.0,22
523,0,0,515,531,-16,0.0,25
523,1,1,370,505,-135,0.0,24
533,0,0,451,432,19,1.0,22
533,1,1,467,399,68,1.0,25
543,0,0,473,450,23,1.0,23
543,1,1,418,441,-23,0.0,23
553,0,0,381,558,-177,0.0,23
553,1,1,575,438,137,1.0,21
563,0,0,360,545,-185,0.0,29
563,1,1,547,415,132,1.0,23
573,0,0,401,431,-30,0.0,25
573,1,1,479,482,-3,0.0,22
583,0,0,301,623,-322,0.0,22
583,1,1,629,344,285,1.0,24
593,0,0,552,488,64,1.0,25
593,1,1,468,485,-17,0.0,24
603,0,0,438,510,-72,0.0,25
603,1,1,515,500,15,1.0,20
613,0,0,546,535,11,1.0,24
613,1,1,512,492,20,1.0,23
623,0,0,412,408,4,1.0,40
623,1,1,416,581,-165,0.0,25
633,0,0,487,477,10,1.0,23
633,1,1,524,488,36,1.0,22
643,0,0,488,523,-35,0.0,24
643,1,1,487,522,-35,0.0,23
653,0,0,446,516,-70,0.0,25
653,1,1,480,401,79,1.0,27
663,0,0,410,558,-148,0.0,23
663,1,1,513,442,71,1.0,25
673,0,0,436,502,-66,0.0,23
673,1,1,443,529,-86,0.0,24
683,0,0,650,425,225,1.0,24
683,1,1,450,523,-73,0.0,25
693,0,0,413,459,-46,0.0,22
693,1,1,465,429,36,1.0,22
703,0,0,425,571,-146,0.0,25
703,1,1,509,471,38,1.0,23
713,0,0,388,476,-88,0.0,23
713,1,1,546,356,190,1.0,23
723,0,0,384,486,-102,0.0,23
723,1,1,492,395,97,1.0,20
733,0,0,417,514,-97,0.0,21
733,1,1,460,506,-46,0.0,25
743,0,0,405,632,-227,0.0,25
743,1,1,548,463,85,1.0,23
753,0,0,501,446,55,1.0,27
753,1,1,434,480,-46,0.0,25
763,0,0,469,391,78,1.0,21
763,1,1,504,461,43,1.0,22
773,0,0,401,525,-124,0.0,19
773,1,1,534,310,224,1.0,23
783,0,0,555,412,143,1.0,23
783,1,1,325,515,-190,0.0,24
793,0,0,458,397,61,1.0,25
793,1,1,447,487,-40,0.0,20
803,0,0,424,535,-111,0.0,19
803,1,1,521,416,105,1.0,23
813,0,0,375,402,-27,0.0,25
813,1,1,538,438,100,1.0,26
823,0,0,483,456,27,1.0,23
823,1,1,513,464,49,1.0,22
833,0,0,527,481,46,1.0,21
833,1,1,577,417,160,1.0,27
843,0,0,473,476,-3,0.0,25
843,1,1,457,410,47,1.0,22
853,0,0,403,525,-122,0.0,21
853,1,1,531,450,81,1.0,21
863,0,0,492,433,59,1.0,27
863,1,1,591,487,104,1.0,25
873,0,0,438,512,-74,0.0,23
873,1,1,564,406,158,1.0,25
883,0,0,522,360,162,1.0,22
883,1,1,438,532,-94,0.0,24
893,0,0,492,398,94,1.0,23
893,1,1,485,512,-27,0.0,22
903,0,0,543,330,213,1.0,24
903,1,1,340,555,-215,0.0,22
913,0,0,585,344,241,1.0,22
913,1,1,456,530,-74,0.0,22
923,0,0,473,409,64,1.0,26
923,1,1,412,522,-110,0.0,28
933,0,0,465,514,-49,0.0,26
933,1,1,554,414,140,1.0,22
943,0,0,431,535,-104,0.0,23
943,1,1,448,469,-21,0.0,23
953,0,0,442,561,-119,0.0,24
953,1,1,506,473,33,1.0,23
963,0,0,461,429,32,1.0,23
963,1,1,489,415,74,1.0,28
973,0,0,425,471,-46,0.0,23
973,1,1,435,430,5,1.0,25
983,0,0,387,468,-81,0.0,27
983,1,1,457,319,138,1.0,26
993,0,0,503,446,57,1.0,25
993,1,1,551,447,104,1.0,25
1003,0,0,387,559,-172,0.0,21
1003,1,1,521,478,43,1.0,24
1013,0,0,568,487,81,1.0,25
1013,1,1,512,438,74,1.0,25
1023,0,0,579,590,-11,0.0,26
1023,1,1,459,497,-38,0.0,24
1033,0,0,435,486,-51,0.0,22
1033,1,1,497,468,29,1.0,20
1043,0,0,454,396,58,1.0,25
1043,1,1,463,404,59,1.0,28
1053,0,0,346,498,-152,0.0,23
1053,1,1,515,306,209,1.0,25
1063,0,0,461,544,-83,0.0,23
1063,1,1,580,411,169,1.0,24
1073,0,0,375,629,-254,0.0,25
1073,1,1,522,540,-18,0.0,26
1083,0,0,421,411,10,1.0,24
1083,1,1,446,440,6,1.0,22
1093,0,0,500,521,-21,0.0,21
1093,1,1,387,489,-102,0.0,22
1103,0,0,536,477,59,1.0,22
1103,1,1,566,579,-13,0.0,24
1113,0,0,457,349,108,1.0,22
1113,1,1,353,505,-152,0.0,22
1123,0,0,545,420,125,1.0,22
1123,1,1,376,512,-136,0.0,20
1133,0,0,366,618,-252,0.0,23
1133,1,1,451,402,49,1.0,24
1143,0,0,506,498,8,1.0,26
1143,1,1,445,579,-134,0.0,20
1153,0,0,456,567,-111,0.0,23
1153,1,1,599,468,131,1.0,22
1163,0,0,438,444,-6,0.0,27
1163,1,1,521,380,141,1.0,21
1173,0,0,476,572,-96,0.0,27
1173,1,1,534,402,132,1.0,31
1183,0,0,558,390,168,1.0,22
1183,1,1,423,443,-20,0.0,24
1193,0,0,356,530,-174,0.0,24
1193,1,1,567,351,216,1.0,21
1203,0,0,484,519,-35,0.0,24
1203,1,1,519,574,-55,0.0,22
1213,0,0,559,427,132,1.0,24
1213,1,1,470,523,-53,0.0,19
1223,0,0,287,536,-249,0.0,23
1223,1,1,557,371,186,1.0,25
1233,0,0,424,522,-98,0.0,21
1233,1,1,550,465,85,1.0,22
1243,0,0,399,562,-163,0.0,25
1243,1,1,520,385,135,1.0,30
1253,0,0,413,438,-25,0.0,23
1253,1,1,542,426,116,1.0,25
1263,0,0,345,494,-149,0.0,23
1263,1,1,479,420,59,1.0,22
1273,0,0,453,477,-24,0.0,21
1273,1,1,501,428,73,1.0,23
1283,0,0,395,552,-157,0.0,22
1283,1,1,439,270,169,1.0,26
1293,0,0,465,462,3,1.0,24
1293,1,1,460,383,77,1.0,26
1303,0,0,646,356,290,1.0,26
1303,1,1,451,377,74,1.0,25
1313,0,0,400,352,48,1.0,39
1313,1,1,470,444,26,1.0,24
1323,0,0,419,525,-106,0.0,22
1323,1,1,471,393,78,1.0,25
1333,0,0,396,480,-84,0.0,29
1333,1,1,375,389,-14,0.0,25
1343,0,0,395,436,-41,0.0,22
1343,1,1,544,353,191,1.0,21
1353,0,0,444,610,-166,0.0,21
1353,1,1,568,424,144,1.0,26
1363,0,0,544,487,57,1.0,22
1363,1,1,523,379,144,1.0,26
1373,0,0,455,465,-10,0.0,25
1373,1,1,505,461,44,1.0,23
1383,0,0,397,524,-127,0.0,25
1383,1,1,554,296,258,1.0,23
1393,0,0,478,512,-34,0.0,26
1393,1,1,456,378,78,1.0,24
1403,0,0,513,443,70,1.0,22
1403,1,1,616,474,142,1.0,27
1413,0,0,427,515,-88,0.0,28
1413,1,1,506,567,-61,0.0,24
1423,0,0,533,496,37,1.0,21
1423,1,1,490,474,16,1.0,21
1433,0,0,348,537,-189,0.0,27
1433,1,1,466,330,136,1.0,27
1443,0,0,368,598,-230,0.0,23
1443,1,1,387,484,-97,0.0,26
1453,0,0,551,359,192,1.0,22
1453,1,1,524,452,72,1.0,23
1463,0,0,516,421,95,1.0,25
1463,1,1,476,497,-21,0.0,22
1473,0,0,512,473,39,1.0,24
1473,1,1,453,436,17,1.0,25
1483,0,0,502,424,78,1.0,22
1483,1,1,463,517,-54,0.0,24
1493,0,0,592,432,160,1.0,26
1493,1,1,452,405,47,1.0,23
1503,0,0,453,561,-108,0.0,25
1503,1,1,467,396,71,1.0,24
1513,0,0,473,471,2,1.0,26
1513,1,1,448,464,-16,0.0,23
1523,0,0,378,508,-130,0.0,21
1523,1,1,522,424,98,1.0,21
1533,0,0,295,513,-218,0.0,23
1533,1,1,568,417,151,1.0,22
1543,0,0,498,472,26,1.0,22
1543,1,1,426,292,134,1.0,32
1553,0,0,442,526,-84,0.0,23
1553,1,1,535,452,83,1.0,21
1563,0,0,419,486,-67,0.0,29
1563,1,1,513,513,0,0.5,25
1573,0,0,448,448,0,0.5,31
1573,1,1,457,538,-81,0.0,28
1583,0,0,520,390,130,1.0,26
1583,1,1,482,543,-61,0.0,28
1593,0,0,429,573,-144,0.0,22
1593,1,1,506,424,82,1.0,22
1603,0,0,446,582,-136,0.0,27
1603,1,1,510,420,90,1.0,25
1613,0,0,417,613,-196,0.0,21
1613,1,1,344,424,-80,0.0,24
1623,0,0,426,516,-90,0.0,26
1623,1,1,438,496,-58,0.0,23
1633,0,0,462,473,-11,0.0,25
1633,1,1,390,481,-91,0.0,26
1643,0,0,415,500,-85,0.0,27
1643,1,1,538,433,105,1.0,23
1653,0,0,521,474,47,1.0,22
1653,1,1,380,573,-193,0.0,24
1663,0,0,427,494,-67,0.0,23
1663,1,1,408,421,-13,0.0,22
1673,0,0,396,535,-139,0.0,21
1673,1,1,522,362,160,1.0,21
1683,0,0,461,521,-60,0.0,21
1683,1,1,522,374,148,1.0,23
1693,0,0,370,485,-115,0.0,22
1693,1,1,456,351,105,1.0,22
1703,0,0,469,520,-51,0.0,23
1703,1,1,559,467,92,1.0,21
1713,0,0,488,498,-10,0.0,28
1713,1,1,492,474,18,1.0,24
1723,0,0,509,414,95,1.0,23
1723,1,1,406,551,-145,0.0,23
1733,0,0,518,452,66,1.0,28
1733,1,1,488,468,20,1.0,24
1743,0,0,479,525,-46,0.0,23
1743,1,1,522,379,143,1.0,21
1753,0,0,504,492,12,1.0,21
1753,1,1,512,528,-16,0.0,27
1763,0,0,491,434,57,1.0,28
1763,1,1,449,384,65,1.0,25
1773,0,0,593,351,242,1.0,22
1773,1,1,457,553,-96,0.0,23
1783,0,0,504,445,59,1.0,23
1783,1,1,499,523,-24,0.0,23
1793,0,0,456,477,-21,0.0,26
1793,1,1,434,444,-10,0.0,24
1803,0,0,401,552,-151,0.0,24
1803,1,1,734,449,285,1.0,26
1813,0,0,342,525,-183,0.0,21
1813,1,1,637,433,204,1.0,23
1823,0,0,414,448,-34,0.0,22
1823,1,1,411,479,-68,0.0,27
1833,0,0,454,468,-14,0.0,20
1833,1,1,468,432,36,1.0,22
1843,0,0,444,444,0,0.5,28
1843,1,1,414,426,-12,0.0,27
1853,0,0,463,488,-25,0.0,23
1853,1,1,611,450,161,1.0,28
1863,0,0,485,459,26,1.0,25
1863,1,1,621,425,196,1.0,25
1873,0,0,471,515,-44,0.0,27
1873,1,1,368,511,-143,0.0,24
1883,0,0,488,503,-15,0.0,25
1883,1,1,473,465,8,1.0,23
1893,0,0,520,505,15,1.0,26
1893,1,1,410,460,-50,0.0,34
1903,0,0,516,411,105,1.0,24
1903,1,1,419,507,-88,0.0,24
1913,0,0,452,531,-79,0.0,21
1913,1,1,524,390,134,1.0,23
1923,0,0,420,529,-109,0.0,23
1923,1,1,462,513,-51,0.0,22
1933,0,0,363,495,-132,0.0,24
1933,1,1,463,471,-8,0.0,24
1943,0,0,404,511,-107,0.0,24
1943,1,1,367,407,-40,0.0,24
1953,0,0,400,663,-263,0.0,23
1953,1,1,583,466,117,1.0,23
1963,0,0,449,473,-24,0.0,25
1963,1,1,497,461,36,1.0,21
1973,0,0,430,528,-98,0.0,24
1973,1,1,485,448,37,1.0,23
1983,0,0,533,347,186,1.0,24
1983,1,1,385,452,-67,0.0,25
1993,0,0,457,558,-101,0.0,23
1993,1,1,480,383,97,1.0,26
4,0,0,540,401,139,1.0,25
4,1,1,442,455,-13,0.0,21
14,0,0,519,377,142,1.0,26
14,1,1,404,488,-84,0.0,24
24,0,0,511,470,41,1.0,33
24,1,1,472,494,-22,0.0,27
34,0,0,520,452,68,1.0,25
34,1,1,415,631,-216,0.0,29
44,0,0,451,477,-26,0.0,30
44,1,1,517,466,51,1.0,25
54,0,0,435,474,-39,0.0,21
54,1,1,447,496,-49,0.0,20
64,0,0,533,424,109,1.0,22
64,1,1,456,455,1,1.0,22
74,0,0,523,413,110,1.0,23
74,1,1,384,437,-53,0.0,25
84,0,0,456,521,-65,0.0,25
84,1,1,485,405,80,1.0,28
94,0,0,444,460,-16,0.0,26
94,1,1,430,495,-65,0.0,25
104,0,0,442,477,-35,0.0,26
104,1,1,421,472,-51,0.0,26
114,0,0,446,502,-56,0.0,23
114,1,1,490,383,107,1.0,22
124,0,0,512,336,176,1.0,25
124,1,1,442,454,-12,0.0,28
134,0,0,568,520,48,1.0,20
134,1,1,506,533,-27,0.0,21
144,0,0,514,384,130,1.0,24
144,1,1,372,489,-117,0.0,23
154,0,0,505,420,85,1.0,29
154,1,1,441,440,1,1.0,29
164,0,0,486,410,76,1.0,25
164,1,1,469,487,-18,0.0,23
174,0,0,410,452,-42,0.0,22
174,1,1,493,511,-18,0.0,29
184,0,0,426,520,-94,0.0,21
184,1,1,565,365,200,1.0,24
194,0,0,428,429,-1,0.0,31
194,1,1,523,431,92,1.0,28
204,0,0,404,506,-102,0.0,22
204,1,1,559,476,83,1.0,24
214,0,0,461,463,-2,0.0,23
214,1,1,455,433,22,1.0,24
224,0,0,419,416,3,1.0,24
224,1,1,445,477,-32,0.0,22
234,0,0,500,436,64,1.0,21
234,1,1,474,464,10,1.0,21
244,0,0,603,381,222,1.0,21
244,1,1,313,577,-264,0.0,23
254,0,0,349,586,-237,0.0,26
254,1,1,469,481,-12,0.0,25
264,0,0,533,411,122,1.0,23
264,1,1,572,523,49,1.0,20
274,0,0,503,483,20,1.0,21
274,1,1,522,519,3,1.0,21
284,0,0,430,430,0,0.5,24
284,1,1,399,429,-30,0.0,28
294,0,0,448,389,59,1.0,23
294,1,1,485,523,-38,0.0,28
304,0,0,556,391,165,1.0,24
304,1,1,438,425,13,1.0,21
314,0,0,558,472,86,1.0,23
314,1,1,304,468,-164,0.0,24
324,0,0,504,478,26,1.0,23
324,1,1,393,630,-237,0.0,21
334,0,0,534,546,-12,0.0,21
334,1,1,547,429,118,1.0,21
344,0,0,508,522,-14,0.0,25
344,1,1,535,473,62,1.0,27
354,0,0,354,518,-164,0.0,29
354,1,1,417,463,-46,0.0,24
364,0,0,416,497,-81,0.0,24
364,1,1,536,404,132,1.0,23
374,0,0,448,368,80,1.0,25
374,1,1,450,414,36,1.0,24
384,0,0,443,395,48,1.0,26
384,1,1,498,481,17,1.0,22
394,0,0,477,375,102,1.0,27
394,1,1,407,478,-71,0.0,27
404,0,0,409,435,-26,0.0,29
404,1,1,383,494,-111,0.0,25
414,0,0,417,476,-59,0.0,24
414,1,1,602,429,173,1.0,24
424,0,0,537,437,100,1.0,25
424,1,1,381,476,-95,0.0,37
434,0,0,522,396,126,1.0,24
434,1,1,376,611,-235,0.0,23
444,0,0,469,417,52,1.0,23
444,1,1,497,395,102,1.0,22
454,0,0,439,530,-91,0.0,25
454,1,1,422,417,5,1.0,30
464,0,0,417,490,-73,0.0,25
464,1,1,448,323,125,1.0,30
474,0,0,496,497,-1,0.0,22
474,1,1,427,516,-89,0.0,24
484,0,0,476,448,28,1.0,23
484,1,1,450,474,-24,0.0,23
494,0,0,375,478,-103,0.0,23
494,1,1,548,395,153,1.0,24
504,0,0,618,433,185,1.0,23
504,1,1,397,436,-39,0.0,27
514,0,0,480,480,0,0.5,20
514,1,1,479,503,-24,0.0,25
524,0,0,472,471,1,1.0,26
524,1,1,526,457,69,1.0,23
534,0,0,447,534,-87,0.0,25
534,1,1,555,453,102,1.0,31
544,0,0,521,448,73,1.0,23
544,1,1,466,436,30,1.0,30
554,0,0,418,560,-142,0.0,23
554,1,1,475,455,20,1.0,24
564,0,0,407,457,-50,0.0,22
564,1,1,609,401,208,1.0,20
574,0,0,365,468,-103,0.0,28
574,1,1,546,390,156,1.0,21
584,0,0,520,531,-11,0.0,24
584,1,1,424,453,-29,0.0,22
594,0,0,483,509,-26,0.0,22
594,1,1,509,424,85,1.0,24
604,0,0,509,452,57,1.0,25
604,1,1,430,602,-172,0.0,24
614,0,0,414,611,-197,0.0,20
614,1,1,495,505,-10,0.0,22
624,0,0,443,526,-83,0.0,20
624,1,1,523,477,46,1.0,20
634,0,0,416,510,-94,0.0,25
634,1,1,552,397,155,1.0,26
644,0,0,465,463,2,1.0,26
644,1,1,375,429,-54,0.0,33
654,0,0,499,475,24,1.0,25
654,1,1,496,497,-1,0.0,25
664,0,0,565,449,116,1.0,23
664,1,1,451,561,-110,0.0,23
674,0,0,459,527,-68,0.0,22
674,1,1,508,463,45,1.0,24
684,0,0,434,529,-95,0.0,23
684,1,1,636,429,207,1.0,23
694,0,0,561,450,111,1.0,20
694,1,1,408,547,-139,0.0,22
704,0,0,537,452,85,1.0,22
704,1,1,472,447,25,1.0,22
714,0,0,422,493,-71,0.0,26
714,1,1,355,544,-189,0.0,23
724,0,0,516,382,134,1.0,29
724,1,1,467,360,107,1.0,31
734,0,0,486,498,-12,0.0,26
734,1,1,487,559,-72,0.0,21
744,0,0,492,379,113,1.0,27
744,1,1,401,523,-122,0.0,23
754,0,0,523,447,76,1.0,24
754,1,1,489,561,-72,0.0,21
764,0,0,541,463,78,1.0,26
764,1,1,445,440,5,1.0,25
774,0,0,429,426,3,1.0,24
774,1,1,449,482,-33,0.0,24
784,0,0,524,357,167,1.0,24
784,1,1,326,623,-297,0.0,23
794,0,0,571,403,168,1.0,28
794,1,1,456,527,-71,0.0,22
804,0,0,512,498,14,1.0,22
804,1,1,348,470,-122,0.0,23
814,0,0,510,464,46,1.0,25
814,1,1,376,510,-134,0.0,25
824,0,0,494,474,20,1.0,23
824,1,1,509,384,125,1.0,29
834,0,0,595,366,229,1.0,24
834,1,1,487,385,102,1.0,22
844,0,0,540,548,-8,0.0,25
844,1,1,477,415,62,1.0,24
854,0,0,427,422,5,1.0,23
854,1,1,436,475,-39,0.0,23
864,0,0,518,385,133,1.0,23
864,1,1,377,548,-171,0.0,25
874,0,0,428,584,-156,0.0,22
874,1,1,582,503,79,1.0,19
884,0,0,412,441,-29,0.0,31
884,1,1,434,595,-161,0.0,23
894,0,0,315,582,-267,0.0,23
894,1,1,508,355,153,1.0,26
904,0,0,453,469,-16,0.0,24
904,1,1,444,379,65,1.0,25
914,0,0,405,522,-117,0.0,23
914,1,1,437,389,48,1.0,26
924,0,0,453,347,106,1.0,29
924,1,1,413,530,-117,0.0,26
934,0,0,510,447,63,1.0,26
934,1,1,393,534,-141,0.0,19
944,0,0,359,599,-240,0.0,24
944,1,1,651,306,345,1.0,20
954,0,0,555,451,104,1.0,25
954,1,1,425,528,-103,0.0,23
964,0,0,408,524,-116,0.0,24
964,1,1,495,444,51,1.0,28
974,0,0,439,550,-111,0.0,22
974,1,1,459,437,22,1.0,24
984,0,0,494,398,96,1.0,23
984,1,1,449,400,49,1.0,25
994,0,0,577,466,111,1.0,23
994,1,1,371,589,-218,0.0,23
1004,0,0,364,527,-163,0.0,25
1004,1,1,577,446,131,1.0,21
1014,0,0,489,443,46,1.0,24
1014,1,1,343,599,-256,0.0,19
1024,0,0,504,430,74,1.0,22
1024,1,1,490,487,3,1.0,21
1034,0,0,360,526,-166,0.0,20
1034,1,1,565,469,96,1.0,26
1044,0,0,366,536,-170,0.0,26
1044,1,1,574,510,64,1.0,22
1054,0,0,360,478,-118,0.0,28
1054,1,1,446,341,105,1.0,40
1064,0,0,437,489,-52,0.0,23
1064,1,1,539,496,43,1.0,24
1074,0,0,431,534,-103,0.0,25
1074,1,1,430,452,-22,0.0,21
1084,0,0,516,395,121,1.0,22
1084,1,1,378,481,-103,0.0,26
1094,0,0,418,446,-28,0.0,22
1094,1,1,409,486,-77,0.0,27
1104,0,0,488,464,24,1.0,24
1104,1,1,374,513,-139,0.0,25
1114,0,0,495,511,-16,0.0,23
1114,1,1,526,417,109,1.0,24
1124,0,0,529,449,80,1.0,23
1124,1,1,582,431,151,1.0,25
1134,0,0,645,339,306,1.0,21
1134,1,1,288,638,-350,0.0,25
1144,0,0,532,423,109,1.0,22
1144,1,1,510,523,-13,0.0,25
1154,0,0,430,514,-84,0.0,24
1154,1,1,497,423,74,1.0,23
1164,0,0,352,582,-230,0.0,20
1164,1,1,512,597,-85,0.0,22
1174,0,0,411,411,0,0.5,28
1174,1,1,496,411,85,1.0,22
1184,0,0,638,421,217,1.0,22
1184,1,1,436,496,-60,0.0,25
1194,0,0,438,498,-60,0.0,18
1194,1,1,530,603,-73,0.0,18
1204,0,0,501,494,7,1.0,22
1204,1,1,432,512,-80,0.0,32
1214,0,0,507,405,102,1.0,25
1214,1,1,503,494,9,1.0,23
1224,0,0,593,420,173,1.0,21
1224,1,1,504,384,120,1.0,31
1234,0,0,446,447,-1,0.0,23
1234,1,1,502,423,79,1.0,24
1244,0,0,489,420,69,1.0,22
1244,1,1,372,481,-109,0.0,24
1254,0,0,504,493,11,1.0,22
1254,1,1,432,486,-54,0.0,20
1264,0,0,517,382,135,1.0,24
1264,1,1,407,490,-83,0.0,24
1274,0,0,532,459,73,1.0,22
1274,1,1,478,511,-33,0.0,22
1284,0,0,490,489,1,1.0,24
1284,1,1,472,509,-37,0.0,21
1294,0,0,551,365,186,1.0,23
1294,1,1,478,550,-72,0.0,25
1304,0,0,499,450,49,1.0,23
1304,1,1,448,520,-72,0.0,24
1314,0,0,531,479,52,1.0,23
1314,1,1,404,604,-200,0.0,25
1324,0,0,479,408,71,1.0,25
1324,1,1,456,560,-104,0.0,23
1334,0,0,528,420,108,1.0,20
1334,1,1,430,537,-107,0.0,23
1344,0,0,505,528,-23,0.0,21
1344,1,1,520,460,60,1.0,24
1354,0,0,568,384,184,1.0,26
1354,1,1,485,493,-8,0.0,22
1364,0,0,640,357,283,1.0,23
1364,1,1,527,512,15,1.0,23
1374,0,0,389,515,-126,0.0,20
1374,1,1,551,472,79,1.0,24
1384,0,0,449,503,-54,0.0,26
1384,1,1,464,520,-56,0.0,23
1394,0,0,497,412,85,1.0,22
1394,1,1,425,519,-94,0.0,24
1404,0,0,431,417,14,1.0,21
1404,1,1,476,524,-48,0.0,21
1414,0,0,408,592,-184,0.0,21
1414,1,1,609,389,220,1.0,21
1424,0,0,398,525,-127,0.0,23
1424,1,1,511,450,61,1.0,24
1434,0,0,463,382,81,1.0,26
1434,1,1,416,325,91,1.0,28
1444,0,0,507,486,21,1.0,28
1444,1,1,461,366,95,1.0,22
1454,0,0,487,467,20,1.0,25
1454,1,1,445,417,28,1.0,24
1464,0,0,407,401,6,1.0,23
1464,1,1,486,404,82,1.0,26
1474,0,0,464,355,109,1.0,28
1474,1,1,423,542,-119,0.0,23
1484,0,0,521,455,66,1.0,22
1484,1,1,478,514,-36,0.0,27
1494,0,0,474,621,-147,0.0,26
1494,1,1,593,480,113,1.0,22
1504,0,0,365,395,-30,0.0,30
1504,1,1,494,438,56,1.0,24
1514,0,0,594,398,196,1.0,22
1514,1,1,451,473,-22,0.0,27
1524,0,0,538,528,10,1.0,26
1524,1,1,442,441,1,1.0,26
1534,0,0,517,442,75,1.0,22
1534,1,1,469,562,-93,0.0,23
1544,0,0,647,316,331,1.0,23
1544,1,1,472,432,40,1.0,25
1554,0,0,589,378,211,1.0,24
1554,1,1,428,497,-69,0.0,24
1564,0,0,557,352,205,1.0,25
1564,1,1,389,506,-117,0.0,24
1574,0,0,569,451,118,1.0,23
1574,1,1,466,554,-88,0.0,23
1584,0,0,434,475,-41,0.0,23
1584,1,1,514,384,130,1.0,22
1594,0,0,505,389,116,1.0,28
1594,1,1,406,491,-85,0.0,28
1604,0,0,490,461,29,1.0,23
1604,1,1,491,535,-44,0.0,22
1614,0,0,428,427,1,1.0,28
1614,1,1,477,396,81,1.0,26
1624,0,0,472,460,12,1.0,25
1624,1,1,472,369,103,1.0,26
1634,0,0,467,447,20,1.0,23
1634,1,1,399,542,-143,0.0,27
1644,0,0,389,579,-190,0.0,21
1644,1,1,549,386,163,1.0,23
1654,0,0,515,362,153,1.0,24
1654,1,1,418,440,-22,0.0,26
1664,0,0,594,348,246,1.0,21
1664,1,1,538,400,138,1.0,27
1674,0,0,431,533,-102,0.0,22
1674,1,1,541,558,-17,0.0,21
1684,0,0,538,420,118,1.0,22
1684,1,1,443,478,-35,0.0,22
1694,0,0,511,394,117,1.0,26
1694,1,1,364,616,-252,0.0,23
1704,0,0,449,398,51,1.0,24
1704,1,1,398,629,-231,0.0,25
1714,0,0,415,604,-189,0.0,25
1714,1,1,425,479,-54,0.0,27
1724,0,0,454,498,-44,0.0,22
1724,1,1,431,490,-59,0.0,20
1734,0,0,556,403,153,1.0,26
1734,1,1,305,541,-236,0.0,25
1744,0,0,427,454,-27,0.0,24
1744,1,1,557,349,208,1.0,22
1754,0,0,426,533,-107,0.0,22
1754,1,1,552,447,105,1.0,24
1764,0,0,433,453,-20,0.0,21
1764,1,1,514,557,-43,0.0,23
1774,0,0,451,528,-77,0.0,24
1774,1,1,441,460,-19,0.0,25
1784,0,0,405,466,-61,0.0,28
1784,1,1,443,431,12,1.0,27
1794,0,0,445,468,-23,0.0,25
1794,1,1,434,487,-53,0.0,21
1804,0,0,535,344,191,1.0,23
1804,1,1,509,440,69,1.0,22
1814,0,0,491,489,2,1.0,24
1814,1,1,531,435,96,1.0,23
1824,0,0,496,328,168,1.0,25
1824,1,1,460,485,-25,0.0,27
1834,0,0,473,533,-60,0.0,24
1834,1,1,522,557,-35,0.0,26
1844,0,0,521,367,154,1.0,26
1844,1,1,358,518,-160,0.0,22
1854,0,0,551,368,183,1.0,25
1854,1,1,404,540,-136,0.0,24
1864,0,0,384,629,-245,0.0,22
1864,1,1,520,371,149,1.0,26
1874,0,0,450,383,67,1.0,25
1874,1,1,445,531,-86,0.0,25
1884,0,0,508,342,166,1.0,24
1884,1,1,323,647,-324,0.0,25
1894,0,0,376,490,-114,0.0,25
1894,1,1,412,454,-42,0.0,26
1904,0,0,481,399,82,1.0,23
1904,1,1,404,505,-101,0.0,25
1914,0,0,582,442,140,1.0,25
1914,1,1,502,456,46,1.0,26
1924,0,0,401,443,-42,0.0,22
1924,1,1,437,462,-25,0.0,23
1934,0,0,493,377,116,1.0,22
1934,1,1,565,470,95,1.0,20
1944,0,0,416,501,-85,0.0,25
1944,1,1,474,515,-41,0.0,25
1954,0,0,393,521,-128,0.0,20
1954,1,1,464,497,-33,0.0,24
1964,0,0,569,472,97,1.0,21
1964,1,1,582,536,46,1.0,22
1974,0,0,450,442,8,1.0,24
1974,1,1,489,467,22,1.0,28
1984,0,0,594,352,242,1.0,25
1984,1,1,457,473,-16,0.0,25
1994,0,0,446,489,-43,0.0,23
1994,1,1,438,386,52,1.0,30
5,0,0,445,418,27,1.0,30
5,1,1,403,464,-61,0.0,24
15,0,0,457,380,77,1.0,26
15,1,1,438,435,3,1.0,23
25,0,0,518,452,66,1.0,24
25,1,1,461,488,-27,0.0,24
35,0,0,511,475,36,1.0,23
35,1,1,475,422,53,1.0,24
45,0,0,473,541,-68,0.0,25
45,1,1,489,561,-72,0.0,26
55,0,0,378,433,-55,0.0,24
55,1,1,438,421,17,1.0,26
65,0,0,552,426,126,1.0,25
65,1,1,474,480,-6,0.0,25
75,0,0,531,518,13,1.0,25
75,1,1,492,548,-56,0.0,23
85,0,0,332,614,-282,0.0,24
85,1,1,418,442,-24,0.0,27
95,0,0,484,537,-53,0.0,25
95,1,1,515,491,24,1.0,24
105,0,0,516,566,-50,0.0,20
105,1,1,446,564,-118,0.0,24
115,0,0,461,576,-115,0.0,26
115,1,1,569,316,253,1.0,21
125,0,0,528,535,-7,0.0,21
125,1,1,546,376,170,1.0,25
135,0,0,447,495,-48,0.0,22
135,1,1,484,447,37,1.0,24
145,0,0,462,497,-35,0.0,23
145,1,1,529,529,0,0.5,20
155,0,0,471,423,48,1.0,23
155,1,1,448,474,-26,0.0,22
165,0,0,457,445,12,1.0,24
165,1,1,451,491,-40,0.0,21
175,0,0,524,484,40,1.0,21
175,1,1,482,344,138,1.0,28
185,0,0,390,543,-153,0.0,23
185,1,1,458,356,102,1.0,26
195,0,0,309,589,-280,0.0,22
195,1,1,526,336,190,1.0,22
205,0,0,420,470,-50,0.0,25
205,1,1,478,437,41,1.0,22
215,0,0,540,493,47,1.0,24
215,1,1,519,489,30,1.0,24
225,0,0,498,409,89,1.0,26
225,1,1,424,415,9,1.0,24
235,0,0,522,525,-3,0.0,19
235,1,1,535,450,85,1.0,27
245,0,0,509,467,42,1.0,22
245,1,1,374,460,-86,0.0,28
255,0,0,480,492,-12,0.0,26
255,1,1,380,508,-128,0.0,24
265,0,0,570,432,138,1.0,25
265,1,1,468,506,-38,0.0,28
275,0,0,390,551,-161,0.0,25
275,1,1,559,455,104,1.0,23
285,0,0,339,581,-242,0.0,26
285,1,1,611,388,223,1.0,24
295,0,0,525,362,163,1.0,24
295,1,1,356,575,-219,0.0,21
305,0,0,494,451,43,1.0,24
305,1,1,372,392,-20,0.0,26
315,0,0,494,551,-57,0.0,22
315,1,1,566,433,133,1.0,23
325,0,0,403,637,-234,0.0,25
325,1,1,447,483,-36,0.0,25
335,0,0,489,430,59,1.0,26
335,1,1,493,470,23,1.0,26
345,0,0,400,475,-75,0.0,29
345,1,1,508,414,94,1.0,24
355,0,0,446,488,-42,0.0,21
355,1,1,467,491,-24,0.0,23
365,0,0,342,612,-270,0.0,21
365,1,1,526,347,179,1.0,24
375,0,0,411,538,-127,0.0,27
375,1,1,676,415,261,1.0,22
385,0,0,463,461,2,1.0,22
385,1,1,465,493,-28,0.0,20
395,0,0,403,512,-109,0.0,22
395,1,1,501,456,45,1.0,23
405,0,0,404,533,-129,0.0,21
405,1,1,616,413,203,1.0,24
415,0,0,410,482,-72,0.0,22
415,1,1,513,429,84,1.0,26
425,0,0,338,498,-160,0.0,26
425,1,1,477,452,25,1.0,26
435,0,0,480,554,-74,0.0,20
435,1,1,503,510,-7,0.0,21
445,0,0,396,498,-102,0.0,23
445,1,1,563,449,114,1.0,22
455,0,0,418,523,-105,0.0,27
455,1,1,655,419,236,1.0,25
465,0,0,509,486,23,1.0,23
465,1,1,422,466,-44,0.0,22
475,0,0,426,505,-79,0.0,25
475,1,1,547,505,42,1.0,27
485,0,0,463,523,-60,0.0,20
485,1,1,488,374,114,1.0,29
495,0,0,499,491,8,1.0,24
495,1,1,505,376,129,1.0,25
505,0,0,512,486,26,1.0,22
505,1,1,455,563,-108,0.0,23
515,0,0,507,373,134,1.0,27
515,1,1,587,487,100,1.0,26
525,0,0,392,562,-170,0.0,30
525,1,1,600,377,223,1.0,26
535,0,0,621,340,281,1.0,23
535,1,1,478,536,-58,0.0,21
545,0,0,413,472,-59,0.0,23
545,1,1,476,402,74,1.0,25
555,0,0,583,455,128,1.0,24
555,1,1,472,460,12,1.0,25
565,0,0,527,495,32,1.0,24
565,1,1,505,523,-18,0.0,25
575,0,0,351,464,-113,0.0,27
575,1,1,473,433,40,1.0,21
585,0,0,510,455,55,1.0,22
585,1,1,540,394,146,1.0,33
595,0,0,507,434,73,1.0,27
595,1,1,486,553,-67,0.0,24
605,0,0,445,559,-114,0.0,24
605,1,1,415,572,-157,0.0,22
615,0,0,498,444,54,1.0,28
615,1,1,483,401,82,1.0,22
625,0,0,485,452,33,1.0,24
625,1,1,505,465,40,1.0,26
635,0,0,452,517,-65,0.0,23
635,1,1,607,470,137,1.0,25
645,0,0,406,467,-61,0.0,24
645,1,1,516,488,28,1.0,30
655,0,0,394,571,-177,0.0,21
655,1,1,455,373,82,1.0,23
665,0,0,467,545,-78,0.0,21
665,1,1,556,463,93,1.0,20
675,0,0,445,521,-76,0.0,22
675,1,1,479,379,100,1.0,22
685,0,0,524,465,59,1.0,21
685,1,1,375,577,-202,0.0,22
695,0,0,524,488,36,1.0,23
695,1,1,507,410,97,1.0,23
705,0,0,394,541,-147,0.0,21
705,1,1,593,434,159,1.0,22
715,0,0,581,477,104,1.0,21
715,1,1,436,602,-166,0.0,24
725,0,0,425,524,-99,0.0,26
725,1,1,486,476,10,1.0,22
735,0,0,497,390,107,1.0,24
735,1,1,488,480,8,1.0,23
745,0,0,379,381,-2,0.0,29
745,1,1,460,399,61,1.0,29
755,0,0,459,494,-35,0.0,24
755,1,1,427,459,-32,0.0,23
765,0,0,433,580,-147,0.0,22
765,1,1,549,420,129,1.0,21
775,0,0,564,360,204,1.0,26
775,1,1,342,564,-222,0.0,28
785,0,0,472,370,102,1.0,25
785,1,1,422,504,-82,0.0,24
795,0,0,496,450,46,1.0,23
795,1,1,485,458,27,1.0,24
805,0,0,497,438,59,1.0,25
805,1,1,524,499,25,1.0,22
815,0,0,364,483,-119,0.0,23
815,1,1,475,490,-15,0.0,24
825,0,0,477,504,-27,0.0,24
825,1,1,582,475,107,1.0,22
835,0,0,460,558,-98,0.0,21
835,1,1,408,548,-140,0.0,24
845,0,0,356,491,-135,0.0,24
845,1,1,547,360,187,1.0,25
855,0,0,455,434,21,1.0,23
855,1,1,497,441,56,1.0,26
865,0,0,418,427,-9,0.0,24
865,1,1,507,432,75,1.0,23
875,0,0,467,463,4,1.0,29
875,1,1,458,528,-70,0.0,22
885,0,0,562,359,203,1.0,25
885,1,1,400,565,-165,0.0,23
895,0,0,509,490,19,1.0,26
895,1,1,449,475,-26,0.0,21
905,0,0,477,486,-9,0.0,26
905,1,1,543,402,141,1.0,27
915,0,0,448,538,-90,0.0,23
915,1,1,493,486,7,1.0,25
925,0,0,450,514,-64,0.0,25
925,1,1,665,457,208,1.0,21
935,0,0,493,428,65,1.0,25
935,1,1,470,471,-1,0.0,27
945,0,0,505,467,38,1.0,20
945,1,1,487,410,77,1.0,22
955,0,0,470,575,-105,0.0,19
955,1,1,534,504,30,1.0,20
965,0,0,517,497,20,1.0,22
965,1,1,553,454,99,1.0,21
975,0,0,519,452,67,1.0,22
975,1,1,411,587,-176,0.0,23
985,0,0,419,497,-78,0.0,28
985,1,1,546,437,109,1.0,23
995,0,0,474,485,-11,0.0,23
995,1,1,498,491,7,1.0,24
1005,0,0,494,483,11,1.0,21
1005,1,1,456,524,-68,0.0,21
1015,0,0,418,514,-96,0.0,25
1015,1,1,516,405,111,1.0,25
1025,0,0,384,518,-134,0.0,23
1025,1,1,419,464,-45,0.0,26
1035,0,0,518,394,124,1.0,25
1035,1,1,379,571,-192,0.0,22
1045,0,0,486,643,-157,0.0,21
1045,1,1,520,439,81,1.0,25
1055,0,0,511,523,-12,0.0,29
1055,1,1,460,449,11,1.0,26
1065,0,0,453,529,-76,0.0,25
1065,1,1,469,558,-89,0.0,33
1075,0,0,414,479,-65,0.0,23
1075,1,1,479,454,25,1.0,25
1085,0,0,605,534,71,1.0,24
1085,1,1,515,557,-42,0.0,24
1095,0,0,370,577,-207,0.0,21
1095,1,1,529,348,181,1.0,23
1105,0,0,441,547,-106,0.0,23
1105,1,1,530,429,101,1.0,25
1115,0,0,544,417,127,1.0,20
1115,1,1,461,467,-6,0.0,23
1125,0,0,436,483,-47,0.0,22
1125,1,1,524,457,67,1.0,19
1135,0,0,525,341,184,1.0,24
1135,1,1,501,444,57,1.0,25
1145,0,0,344,530,-186,0.0,23
1145,1,1,451,491,-40,0.0,24
1155,0,0,441,680,-239,0.0,20
1155,1,1,571,403,168,1.0,20
1165,0,0,624,413,211,1.0,26
1165,1,1,463,532,-69,0.0,23
1175,0,0,409,409,0,0.5,26
1175,1,1,422,398,24,1.0,24
1185,0,0,406,509,-103,0.0,23
1185,1,1,525,425,100,1.0,25
1195,0,0,551,379,172,1.0,25
1195,1,1,567,453,114,1.0,23
1205,0,0,523,516,7,1.0,24
1205,1,1,511,451,60,1.0,21
1215,0,0,512,391,121,1.0,26
1215,1,1,417,464,-47,0.0,28
1225,0,0,476,511,-35,0.0,24
1225,1,1,502,397,105,1.0,26
1235,0,0,490,392,98,1.0,23
1235,1,1,527,527,0,0.5,21
1245,0,0,428,445,-17,0.0,23
1245,1,1,446,357,89,1.0,24
1255,0,0,417,520,-103,0.0,24
1255,1,1,372,471,-99,0.0,29
1265,0,0,459,443,16,1.0,28
1265,1,1,550,402,148,1.0,23
1275,0,0,446,611,-165,0.0,21
1275,1,1,530,492,38,1.0,22
1285,0,0,412,428,-16,0.0,26
1285,1,1,492,377,115,1.0,31
1295,0,0,356,499,-143,0.0,27
1295,1,1,497,317,180,1.0,23
1305,0,0,473,435,38,1.0,23
1305,1,1,377,527,-150,0.0,28
1315,0,0,415,507,-92,0.0,23
1315,1,1,477,463,14,1.0,22
1325,0,0,497,448,49,1.0,25
1325,1,1,562,441,121,1.0,29
1335,0,0,437,375,62,1.0,27
1335,1,1,470,421,49,1.0,26
1345,0,0,543,394,149,1.0,24
1345,1,1,473,464,9,1.0,24
1355,0,0,473,419,54,1.0,23
1355,1,1,396,587,-191,0.0,21
1365,0,0,428,460,-32,0.0,23
1365,1,1,499,352,147,1.0,30
1375,0,0,490,517,-27,0.0,24
1375,1,1,467,520,-53,0.0,24
1385,0,0,587,420,167,1.0,21
1385,1,1,431,610,-179,0.0,21
1395,0,0,374,526,-152,0.0,24
1395,1,1,525,454,71,1.0,28
1405,0,0,541,489,52,1.0,24
1405,1,1,437,495,-58,0.0,24
1415,0,0,448,501,-53,0.0,26
1415,1,1,530,348,182,1.0,25
1425,0,0,522,468,54,1.0,24
1425,1,1,351,578,-227,0.0,26
1435,0,0,461,524,-63,0.0,25
1435,1,1,426,425,1,1.0,34
1445,0,0,445,499,-54,0.0,27
1445,1,1,559,435,124,1.0,24
1455,0,0,555,435,120,1.0,22
1455,1,1,419,534,-115,0.0,22
1465,0,0,347,521,-174,0.0,24
1465,1,1,525,437,88,1.0,24
1475,0,0,495,342,153,1.0,31
1475,1,1,427,482,-55,0.0,24
1485,0,0,430,452,-22,0.0,23
1485,1,1,445,415,30,1.0,22
1495,0,0,493,634,-141,0.0,22
1495,1,1,424,561,-137,0.0,22
1505,0,0,533,378,155,1.0,23
1505,1,1,480,533,-53,0.0,21
1515,0,0,412,686,-274,0.0,21
1515,1,1,674,393,281,1.0,20
1525,0,0,453,636,-183,0.0,25
1525,1,1,627,434,193,1.0,23
1535,0,0,394,534,-140,0.0,24
1535,1,1,536,375,161,1.0,22
1545,0,0,555,426,129,1.0,22
1545,1,1,484,532,-48,0.0,22
1555,0,0,352,502,-150,0.0,26
1555,1,1,559,442,117,1.0,23
1565,0,0,473,361,112,1.0,24
1565,1,1,447,424,23,1.0,22
1575,0,0,431,494,-63,0.0,25
1575,1,1,628,420,208,1.0,23
1585,0,0,412,474,-62,0.0,27
1585,1,1,566,511,55,1.0,22
1595,0,0,575,491,84,1.0,22
1595,1,1,445,634,-189,0.0,20
1605,0,0,552,522,30,1.0,22
1605,1,1,465,550,-85,0.0,24
1615,0,0,427,344,83,1.0,29
1615,1,1,417,445,-28,0.0,26
1625,0,0,406,480,-74,0.0,22
1625,1,1,591,322,269,1.0,23
1635,0,0,371,536,-165,0.0,22
1635,1,1,465,533,-68,0.0,21
1645,0,0,396,498,-102,0.0,21
1645,1,1,511,459,52,1.0,18
1655,0,0,435,519,-84,0.0,25
1655,1,1,531,377,154,1.0,26
1665,0,0,573,481,92,1.0,21
1665,1,1,460,480,-20,0.0,26
1675,0,0,443,553,-110,0.0,20
1675,1,1,556,452,104,1.0,24
1685,0,0,521,331,190,1.0,40
1685,1,1,442,492,-50,0.0,29
1695,0,0,480,362,118,1.0,30
1695,1,1,411,476,-65,0.0,27
1705,0,0,623,342,281,1.0,24
1705,1,1,417,496,-79,0.0,21
1715,0,0,554,399,155,1.0,22
1715,1,1,469,484,-15,0.0,21
1725,0,0,448,494,-46,0.0,26
1725,1,1,648,468,180,1.0,23
1735,0,0,528,466,62,1.0,25
1735,1,1,444,531,-87,0.0,25
1745,0,0,345,455,-110,0.0,26
1745,1,1,508,286,222,1.0,26
1755,0,0,438,597,-159,0.0,21
1755,1,1,511,408,103,1.0,24
1765,0,0,423,538,-115,0.0,28
1765,1,1,553,440,113,1.0,26
1775,0,0,522,441,81,1.0,25
1775,1,1,426,563,-137,0.0,24
1785,0,0,480,463,17,1.0,25
1785,1,1,437,422,15,1.0,24
1795,0,0,370,508,-138,0.0,21
1795,1,1,525,493,32,1.0,22
1805,0,0,420,495,-75,0.0,23
1805,1,1,472,412,60,1.0,29
1815,0,0,562,369,193,1.0,24
1815,1,1,460,458,2,1.0,22
1825,0,0,457,411,46,1.0,23
1825,1,1,413,433,-20,0.0,27
1835,0,0,375,544,-169,0.0,22
1835,1,1,609,318,291,1.0,25
1845,0,0,483,575,-92,0.0,20
1845,1,1,463,585,-122,0.0,27
1855,0,0,585,592,-7,0.0,19
1855,1,1,495,514,-19,0.0,23
1865,0,0,487,383,104,1.0,24
1865,1,1,395,509,-114,0.0,23
1875,0,0,455,415,40,1.0,23
1875,1,1,506,426,80,1.0,24
1885,0,0,559,471,88,1.0,23
1885,1,1,464,438,26,1.0,23
1895,0,0,373,550,-177,0.0,25
1895,1,1,527,445,82,1.0,26
1905,0,0,487,520,-33,0.0,23
1905,1,1,515,382,133,1.0,21
1915,0,0,492,416,76,1.0,23
1915,1,1,437,462,-25,0.0,24
1925,0,0,430,446,-16,0.0,25
1925,1,1,423,458,-35,0.0,24
1935,0,0,461,448,13,1.0,24
1935,1,1,504,518,-14,0.0,24
1945,0,0,470,512,-42,0.0,24
1945,1,1,452,530,-78,0.0,24
1955,0,0,508,397,111,1.0,28
1955,1,1,479,459,20,1.0,26
1965,0,0,366,463,-97,0.0,26
1965,1,1,452,354,98,1.0,26
1975,0,0,440,487,-47,0.0,25
1975,1,1,465,444,21,1.0,26
1985,0,0,470,567,-97,0.0,26
1985,1,1,522,518,4,1.0,23
1995,0,0,541,433,108,1.0,24
1995,1,1,463,542,-79,0.0,25
6,0,0,488,529,-41,0.0,25
6,1,1,493,486,7,1.0,24
16,0,0,526,521,5,1.0,26
16,1,1,540,466,74,1.0,23
26,0,0,503,487,16,1.0,23
26,1,1,403,454,-51,0.0,24
36,0,0,505,516,-11,0.0,25
36,1,1,485,439,46,1.0,25
46,0,0,495,380,115,1.0,27
46,1,1,439,559,-120,0.0,23
56,0,0,395,601,-206,0.0,22
56,1,1,651,428,223,1.0,23
66,0,0,429,405,24,1.0,25
66,1,1,505,513,-8,0.0,26
76,0,0,578,348,230,1.0,24
76,1,1,420,604,-184,0.0,24
86,0,0,422,402,20,1.0,24
86,1,1,446,398,48,1.0,26
96,0,0,436,512,-76,0.0,25
96,1,1,529,435,94,1.0,23
106,0,0,395,374,21,1.0,27
106,1,1,416,447,-31,0.0,27
116,0,0,476,503,-27,0.0,23
116,1,1,479,424,55,1.0,23
126,0,0,479,495,-16,0.0,27
126,1,1,501,495,6,1.0,27
136,0,0,545,523,22,1.0,24
136,1,1,499,493,6,1.0,26
146,0,0,626,320,306,1.0,25
146,1,1,353,575,-222,0.0,25
156,0,0,394,542,-148,0.0,22
156,1,1,545,433,112,1.0,25
166,0,0,471,470,1,1.0,23
166,1,1,529,649,-120,0.0,23
176,0,0,555,522,33,1.0,24
176,1,1,482,543,-61,0.0,24
186,0,0,426,438,-12,0.0,25
186,1,1,543,381,162,1.0,22
196,0,0,491,480,11,1.0,29
196,1,1,412,524,-112,0.0,23
206,0,0,410,443,-33,0.0,27
206,1,1,480,507,-27,0.0,26
216,0,0,398,335,63,1.0,26
216,1,1,485,363,122,1.0,25
226,0,0,473,435,38,1.0,21
226,1,1,426,471,-45,0.0,25
236,0,0,567,426,141,1.0,23
236,1,1,454,554,-100,0.0,22
246,0,0,435,476,-41,0.0,24
246,1,1,571,411,160,1.0,22
256,0,0,507,428,79,1.0,25
256,1,1,385,660,-275,0.0,21
266,0,0,514,412,102,1.0,23
266,1,1,514,489,25,1.0,23
276,0,0,438,417,21,1.0,23
276,1,1,536,401,135,1.0,21
286,0,0,584,349,235,1.0,24
286,1,1,299,597,-298,0.0,24
296,0,0,477,582,-105,0.0,30
296,1,1,480,523,-43,0.0,23
306,0,0,420,414,6,1.0,24
306,1,1,399,427,-28,0.0,23
316,0,0,470,543,-73,0.0,19
316,1,1,524,348,176,1.0,22
326,0,0,465,447,18,1.0,19
326,1,1,551,481,70,1.0,20
336,0,0,381,520,-139,0.0,22
336,1,1,449,430,19,1.0,26
346,0,0,556,353,203,1.0,22
346,1,1,444,537,-93,0.0,24
356,0,0,580,424,156,1.0,25
356,1,1,448,437,11,1.0,32
366,0,0,397,527,-130,0.0,24
366,1,1,508,478,30,1.0,25
376,0,0,632,433,199,1.0,25
376,1,1,525,499,26,1.0,23
386,0,0,454,448,6,1.0,31
386,1,1,488,439,49,1.0,26
396,0,0,463,382,81,1.0,33
396,1,1,554,424,130,1.0,26
406,0,0,416,420,-4,0.0,26
406,1,1,484,471,13,1.0,25
416,0,0,517,585,-68,0.0,21
416,1,1,483,465,18,1.0,29
426,0,0,542,532,10,1.0,25
426,1,1,499,527,-28,0.0,21
436,0,0,424,479,-55,0.0,23
436,1,1,540,365,175,1.0,24
446,0,0,576,342,234,1.0,23
446,1,1,360,494,-134,0.0,21
456,0,0,476,462,14,1.0,22
456,1,1,421,578,-157,0.0,21
466,0,0,521,392,129,1.0,28
466,1,1,516,447,69,1.0,30
476,0,0,348,510,-162,0.0,22
476,1,1,508,398,110,1.0,24
486,0,0,569,423,146,1.0,24
486,1,1,439,500,-61,0.0,25
496,0,0,486,369,117,1.0,23
496,1,1,382,419,-37,0.0,23
506,0,0,507,552,-45,0.0,22
506,1,1,473,454,19,1.0,25
516,0,0,574,452,122,1.0,21
516,1,1,465,542,-77,0.0,23
526,0,0,564,354,210,1.0,25
526,1,1,476,586,-110,0.0,20
536,0,0,460,477,-17,0.0,24
536,1,1,441,535,-94,0.0,22
546,0,0,435,552,-117,0.0,23
546,1,1,547,389,158,1.0,24
556,0,0,464,439,25,1.0,25
556,1,1,534,376,158,1.0,25
566,0,0,411,428,-17,0.0,24
566,1,1,491,474,17,1.0,24
576,0,0,532,439,93,1.0,22
576,1,1,349,498,-149,0.0,25
586,0,0,502,569,-67,0.0,21
586,1,1,512,414,98,1.0,26
596,0,0,409,419,-10,0.0,28
596,1,1,448,496,-48,0.0,26
606,0,0,429,513,-84,0.0,24
606,1,1,480,332,148,1.0,33
616,0,0,487,524,-37,0.0,24
616,1,1,562,523,39,1.0,20
626,0,0,465,619,-154,0.0,24
626,1,1,527,423,104,1.0,28
636,0,0,553,314,239,1.0,27
636,1,1,408,555,-147,0.0,23
646,0,0,500,519,-19,0.0,22
646,1,1,473,482,-9,0.0,24
656,0,0,526,416,110,1.0,21
656,1,1,493,470,23,1.0,24
666,0,0,508,472,36,1.0,22
666,1,1,442,407,35,1.0,22
676,0,0,506,439,67,1.0,24
676,1,1,374,545,-171,0.0,24
686,0,0,498,461,37,1.0,25
686,1,1,487,524,-37,0.0,22
696,0,0,453,384,69,1.0,21
696,1,1,450,476,-26,0.0,21
706,0,0,417,519,-102,0.0,22
706,1,1,464,522,-58,0.0,19
716,0,0,446,550,-104,0.0,24
716,1,1,421,543,-122,0.0,28
726,0,0,498,421,77,1.0,23
726,1,1,372,494,-122,0.0,23
736,0,0,487,449,38,1.0,23
736,1,1,432,486,-54,0.0,23
746,0,0,461,549,-88,0.0,23
746,1,1,557,469,88,1.0,33
756,0,0,425,593,-168,0.0,20
756,1,1,447,481,-34,0.0,23
766,0,0,428,394,34,1.0,20
766,1,1,415,483,-68,0.0,24
776,0,0,468,467,1,1.0,23
776,1,1,466,446,20,1.0,23
786,0,0,424,396,28,1.0,25
786,1,1,370,373,-3,0.0,25
796,0,0,523,450,73,1.0,25
796,1,1,439,527,-88,0.0,23
806,0,0,573,390,183,1.0,24
806,1,1,524,389,135,1.0,23
816,0,0,506,493,13,1.0,20
816,1,1,459,589,-130,0.0,19
826,0,0,445,419,26,1.0,25
826,1,1,468,412,56,1.0,26
836,0,0,448,472,-24,0.0,23
836,1,1,455,459,-4,0.0,27
846,0,0,522,430,92,1.0,25
846,1,1,468,605,-137,0.0,19
856,0,0,449,411,38,1.0,25
856,1,1,424,478,-54,0.0,26
866,0,0,497,597,-100,0.0,21
866,1,1,512,466,46,1.0,22
876,0,0,462,353,109,1.0,25
876,1,1,441,538,-97,0.0,23
886,0,0,476,439,37,1.0,27
886,1,1,510,446,64,1.0,24
896,0,0,443,547,-104,0.0,21
896,1,1,460,383,77,1.0,27
906,0,0,404,545,-141,0.0,23
906,1,1,554,395,159,1.0,33
916,0,0,523,413,110,1.0,25
916,1,1,422,590,-168,0.0,23
926,0,0,498,424,74,1.0,22
926,1,1,487,505,-18,0.0,28
936,0,0,390,447,-57,0.0,24
936,1,1,404,501,-97,0.0,23
946,0,0,474,396,78,1.0,26
946,1,1,397,512,-115,0.0,24
956,0,0,456,450,6,1.0,24
956,1,1,527,540,-13,0.0,25
966,0,0,527,455,72,1.0,23
966,1,1,437,474,-37,0.0,23
976,0,0,499,505,-6,0.0,23
976,1,1,536,493,43,1.0,25
986,0,0,539,458,81,1.0,22
986,1,1,490,450,40,1.0,21
996,0,0,489,373,116,1.0,24
996,1,1,517,526,-9,0.0,21
1006,0,0,484,451,33,1.0,26
1006,1,1,404,474,-70,0.0,24
1016,0,0,433,471,-38,0.0,22
1016,1,1,474,485,-11,0.0,24
1026,0,0,644,441,203,1.0,22
1026,1,1,410,591,-181,0.0,23
1036,0,0,342,500,-158,0.0,30
1036,1,1,450,482,-32,0.0,26
1046,0,0,497,671,-174,0.0,23
1046,1,1,664,377,287,1.0,23
1056,0,0,489,429,60,1.0,26
1056,1,1,362,547,-185,0.0,26
1066,0,0,420,432,-12,0.0,30
1066,1,1,435,411,24,1.0,28
1076,0,0,479,477,2,1.0,22
1076,1,1,472,426,46,1.0,24
1086,0,0,616,470,146,1.0,21
1086,1,1,413,471,-58,0.0,24
1096,0,0,479,444,35,1.0,24
1096,1,1,538,518,20,1.0,21
1106,0,0,426,488,-62,0.0,24
1106,1,1,490,430,60,1.0,25
1116,0,0,531,402,129,1.0,21
1116,1,1,410,565,-155,0.0,25
1126,0,0,481,350,131,1.0,23
1126,1,1,597,436,161,1.0,23
1136,0,0,465,525,-60,0.0,23
1136,1,1,470,488,-18,0.0,25
1146,0,0,461,430,31,1.0,25
1146,1,1,458,464,-6,0.0,24
1156,0,0,514,442,72,1.0,21
1156,1,1,512,442,70,1.0,21
1166,0,0,480,513,-33,0.0,26
1166,1,1,482,405,77,1.0,25
1176,0,0,569,481,88,1.0,22
1176,1,1,429,440,-11,0.0,27
1186,0,0,569,427,142,1.0,23
1186,1,1,463,552,-89,0.0,27
1196,0,0,429,500,-71,0.0,28
1196,1,1,508,537,-29,0.0,25
1206,0,0,584,480,104,1.0,20
1206,1,1,322,553,-231,0.0,21
1216,0,0,544,422,122,1.0,25
1216,1,1,353,538,-185,0.0,21
1226,0,0,520,527,-7,0.0,23
1226,1,1,494,493,1,1.0,25
1236,0,0,479,511,-32,0.0,24
1236,1,1,437,472,-35,0.0,27
1246,0,0,486,426,60,1.0,24
1246,1,1,441,546,-105,0.0,21
1256,0,0,532,473,59,1.0,27
1256,1,1,491,520,-29,0.0,22
1266,0,0,507,379,128,1.0,26
1266,1,1,407,490,-83,0.0,22
1276,0,0,468,441,27,1.0,26
1276,1,1,451,465,-14,0.0,25
1286,0,0,440,413,27,1.0,25
1286,1,1,422,457,-35,0.0,23
1296,0,0,503,448,55,1.0,28
1296,1,1,457,532,-75,0.0,25
1306,0,0,537,406,131,1.0,23
1306,1,1,414,467,-53,0.0,31
1316,0,0,465,449,16,1.0,21
1316,1,1,455,460,-5,0.0,25
1326,0,0,431,502,-71,0.0,23
1326,1,1,464,482,-18,0.0,23
1336,0,0,497,449,48,1.0,22
1336,1,1,444,428,16,1.0,26
1346,0,0,458,462,-4,0.0,25
1346,1,1,484,443,41,1.0,22
1356,0,0,460,484,-24,0.0,24
1356,1,1,479,487,-8,0.0,23
1366,0,0,465,519,-54,0.0,23
1366,1,1,458,423,35,1.0,24
1376,0,0,463,412,51,1.0,22
1376,1,1,474,425,49,1.0,22
1386,0,0,447,423,24,1.0,22
1386,1,1,503,489,14,1.0,22
1396,0,0,446,479,-33,0.0,21
1396,1,1,447,498,-51,0.0,22
1406,0,0,732,368,364,1.0,21
1406,1,1,446,575,-129,0.0,20
1416,0,0,499,459,40,1.0,22
1416,1,1,513,520,-7,0.0,22
1426,0,0,392,520,-128,0.0,24
1426,1,1,489,428,61,1.0,26
1436,0,0,463,405,58,1.0,25
1436,1,1,417,520,-103,0.0,29
1446,0,0,513,430,83,1.0,24
1446,1,1,496,600,-104,0.0,22
1456,0,0,526,365,161,1.0,26
1456,1,1,572,505,67,1.0,20
1466,0,0,533,328,205,1.0,24
1466,1,1,399,535,-136,0.0,27
1476,0,0,368,581,-213,0.0,24
1476,1,1,455,413,42,1.0,24
1486,0,0,501,468,33,1.0,19
1486,1,1,434,471,-37,0.0,21
1496,0,0,463,511,-48,0.0,26
1496,1,1,484,474,10,1.0,21
1506,0,0,396,424,-28,0.0,29
1506,1,1,509,434,75,1.0,23
1516,0,0,405,568,-163,0.0,23
1516,1,1,680,450,230,1.0,22
1526,0,0,661,347,314,1.0,25
1526,1,1,397,452,-55,0.0,21
1536,0,0,486,626,-140,0.0,22
1536,1,1,596,484,112,1.0,26
1546,0,0,482,373,109,1.0,26
1546,1,1,419,579,-160,0.0,21
1556,0,0,481,411,70,1.0,21
1556,1,1,554,535,19,1.0,19
1566,0,0,360,554,-194,0.0,30
1566,1,1,404,632,-228,0.0,19
1576,0,0,544,480,64,1.0,26
1576,1,1,466,521,-55,0.0,24
1586,0,0,598,467,131,1.0,25
1586,1,1,522,454,68,1.0,30
1596,0,0,478,456,22,1.0,22
1596,1,1,507,415,92,1.0,26
1606,0,0,408,482,-74,0.0,24
1606,1,1,534,466,68,1.0,26
1616,0,0,435,551,-116,0.0,22
1616,1,1,487,451,36,1.0,39
1626,0,0,524,553,-29,0.0,20
1626,1,1,471,416,55,1.0,23
1636,0,0,487,511,-24,0.0,22
1636,1,1,517,540,-23,0.0,24
1646,0,0,550,504,46,1.0,23
1646,1,1,338,482,-144,0.0,24
1656,0,0,461,517,-56,0.0,23
1656,1,1,453,405,48,1.0,23
1666,0,0,384,643,-259,0.0,28
1666,1,1,476,490,-14,0.0,26
1676,0,0,337,428,-91,0.0,28
1676,1,1,521,440,81,1.0,25
1686,0,0,504,524,-20,0.0,26
1686,1,1,417,428,-11,0.0,32
1696,0,0,541,382,159,1.0,22
1696,1,1,432,489,-57,0.0,22
1706,0,0,499,551,-52,0.0,24
1706,1,1,388,466,-78,0.0,23
1716,0,0,513,396,117,1.0,23
1716,1,1,407,520,-113,0.0,23
1726,0,0,432,359,73,1.0,25
1726,1,1,366,504,-138,0.0,22
1736,0,0,453,498,-45,0.0,28
1736,1,1,482,491,-9,0.0,24
1746,0,0,604,427,177,1.0,21
1746,1,1,423,495,-72,0.0,23
1756,0,0,418,605,-187,0.0,25
1756,1,1,585,539,46,1.0,23
1766,0,0,524,446,78,1.0,20
1766,1,1,535,451,84,1.0,24
1776,0,0,417,447,-30,0.0,25
1776,1,1,468,437,31,1.0,24
1786,0,0,536,475,61,1.0,22
1786,1,1,376,497,-121,0.0,22
1796,0,0,516,491,25,1.0,21
1796,1,1,467,431,36,1.0,21
1806,0,0,403,439,-36,0.0,26
1806,1,1,472,531,-59,0.0,21
1816,0,0,494,427,67,1.0,24
1816,1,1,424,468,-44,0.0,22
1826,0,0,522,482,40,1.0,26
1826,1,1,560,397,163,1.0,24
1836,0,0,453,418,35,1.0,24
1836,1,1,455,506,-51,0.0,25
1846,0,0,537,414,123,1.0,22
1846,1,1,534,397,137,1.0,22
1856,0,0,465,391,74,1.0,22
1856,1,1,361,502,-141,0.0,27
1866,0,0,482,560,-78,0.0,25
1866,1,1,345,515,-170,0.0,25
1876,0,0,507,402,105,1.0,24
1876,1,1,434,435,-1,0.0,27
1886,0,0,523,454,69,1.0,23
1886,1,1,413,586,-173,0.0,23
1896,0,0,530,512,18,1.0,25
1896,1,1,421,768,-347,0.0,19
1906,0,0,527,429,98,1.0,21
1906,1,1,436,472,-36,0.0,28
1916,0,0,484,468,16,1.0,21
1916,1,1,485,429,56,1.0,21
1926,0,0,455,568,-113,0.0,25
1926,1,1,421,561,-140,0.0,25
1936,0,0,541,411,130,1.0,23
1936,1,1,451,546,-95,0.0,24
1946,0,0,424,536,-112,0.0,22
1946,1,1,538,410,128,1.0,22
1956,0,0,484,406,78,1.0,26
1956,1,1,385,491,-106,0.0,23
1966,0,0,625,369,256,1.0,21
1966,1,1,387,520,-133,0.0,26
1976,0,0,546,489,57,1.0,23
1976,1,1,513,464,49,1.0,23
1986,0,0,418,490,-72,0.0,24
1986,1,1,422,448,-26,0.0,26
1996,0,0,454,431,23,1.0,20
1996,1,1,489,543,-54,0.0,22
7,0,0,443,478,-35,0.0,27
7,1,1,492,447,45,1.0,22
17,0,0,467,496,-29,0.0,22
17,1,1,553,411,142,1.0,21
27,0,0,628,491,137,1.0,20
27,1,1,505,490,15,1.0,27
37,0,0,434,440,-6,0.0,26
37,1,1,467,440,27,1.0,24
47,0,0,546,443,103,1.0,26
47,1,1,408,497,-89,0.0,29
57,0,0,562,482,80,1.0,22
57,1,1,478,443,35,1.0,23
67,0,0,448,577,-129,0.0,26
67,1,1,469,478,-9,0.0,25
77,0,0,535,361,174,1.0,24
77,1,1,429,450,-21,0.0,22
87,0,0,495,447,48,1.0,21
87,1,1,470,498,-28,0.0,29
97,0,0,451,417,34,1.0,26
97,1,1,420,457,-37,0.0,23
107,0,0,460,412,48,1.0,24
107,1,1,494,476,18,1.0,23
117,0,0,450,599,-149,0.0,23
117,1,1,536,427,109,1.0,20
127,0,0,441,416,25,1.0,26
127,1,1,374,505,-131,0.0,23
137,0,0,468,453,15,1.0,25
137,1,1,520,426,94,1.0,23
147,0,0,537,339,198,1.0,28
147,1,1,562,520,42,1.0,25
157,0,0,310,591,-281,0.0,21
157,1,1,571,390,181,1.0,25
167,0,0,511,465,46,1.0,23
167,1,1,477,378,99,1.0,26
177,0,0,476,420,56,1.0,28
177,1,1,427,501,-74,0.0,23
187,0,0,551,430,121,1.0,23
187,1,1,436,475,-39,0.0,24
197,0,0,451,474,-23,0.0,28
197,1,1,527,447,80,1.0,27
207,0,0,477,515,-38,0.0,25
207,1,1,475,494,-19,0.0,25
217,0,0,454,493,-39,0.0,27
217,1,1,578,501,77,1.0,25
227,0,0,427,428,-1,0.0,22
227,1,1,492,494,-2,0.0,22
237,0,0,388,545,-157,0.0,24
237,1,1,579,476,103,1.0,28
247,0,0,587,414,173,1.0,24
247,1,1,428,496,-68,0.0,26
257,0,0,507,422,85,1.0,26
257,1,1,385,408,-23,0.0,23
267,0,0,553,399,154,1.0,26
267,1,1,387,662,-275,0.0,22
277,0,0,515,446,69,1.0,23
277,1,1,424,472,-48,0.0,21
287,0,0,585,448,137,1.0,20
287,1,1,446,540,-94,0.0,20
297,0,0,491,484,7,1.0,22
297,1,1,500,483,17,1.0,25
307,0,0,326,376,-50,0.0,33
307,1,1,534,367,167,1.0,24
317,0,0,572,403,169,1.0,24
317,1,1,418,594,-176,0.0,22
327,0,0,442,458,-16,0.0,22
327,1,1,488,468,20,1.0,22
337,0,0,450,474,-24,0.0,26
337,1,1,458,488,-30,0.0,26
347,0,0,523,408,115,1.0,24
347,1,1,522,456,66,1.0,24
357,0,0,450,482,-32,0.0,23
357,1,1,585,434,151,1.0,23
367,0,0,439,601,-162,0.0,23
367,1,1,581,372,209,1.0,21
377,0,0,476,388,88,1.0,21
377,1,1,427,471,-44,0.0,25
387,0,0,380,473,-93,0.0,25
387,1,1,518,409,109,1.0,24
397,0,0,454,561,-107,0.0,23
397,1,1,593,427,166,1.0,23
407,0,0,499,520,-21,0.0,24
407,1,1,558,448,110,1.0,21
417,0,0,442,476,-34,0.0,23
417,1,1,494,486,8,1.0,23
427,0,0,441,464,-23,0.0,31
427,1,1,396,496,-100,0.0,28
437,0,0,389,392,-3,0.0,27
437,1,1,452,435,17,1.0,25
447,0,0,416,467,-51,0.0,20
447,1,1,512,461,51,1.0,24
457,0,0,409,494,-85,0.0,26
457,1,1,657,341,316,1.0,24
467,0,0,494,470,24,1.0,24
467,1,1,485,396,89,1.0,28
477,0,0,488,454,34,1.0,26
477,1,1,441,479,-38,0.0,25
487,0,0,502,441,61,1.0,26
487,1,1,479,456,23,1.0,26
497,0,0,343,548,-205,0.0,24
497,1,1,474,413,61,1.0,26
507,0,0,532,492,40,1.0,31
507,1,1,513,510,3,1.0,22
517,0,0,538,439,99,1.0,25
517,1,1,432,422,10,1.0,22
527,0,0,499,383,116,1.0,22
527,1,1,370,508,-138,0.0,24
537,0,0,562,427,135,1.0,26
537,1,1,318,461,-143,0.0,34
547,0,0,464,414,50,1.0,20
547,1,1,368,457,-89,0.0,28
557,0,0,571,481,90,1.0,22
557,1,1,386,584,-198,0.0,25
567,0,0,418,501,-83,0.0,24
567,1,1,482,453,29,1.0,22
577,0,0,476,488,-12,0.0,25
577,1,1,517,551,-34,0.0,21
587,0,0,469,448,21,1.0,23
587,1,1,517,387,130,1.0,22
597,0,0,431,348,83,1.0,23
597,1,1,440,492,-52,0.0,28
607,0,0,506,512,-6,0.0,22
607,1,1,582,405,177,1.0,19
617,0,0,379,486,-107,0.0,23
617,1,1,536,417,119,1.0,22
627,0,0,420,530,-110,0.0,24
627,1,1,495,454,41,1.0,22
637,0,0,533,521,12,1.0,25
637,1,1,492,475,17,1.0,24
647,0,0,523,422,101,1.0,26
647,1,1,426,589,-163,0.0,27
657,0,0,465,366,99,1.0,25
657,1,1,411,484,-73,0.0,25
667,0,0,474,473,1,1.0,21
667,1,1,443,412,31,1.0,22
677,0,0,484,496,-12,0.0,21
677,1,1,519,369,150,1.0,29
687,0,0,529,505,24,1.0,21
687,1,1,516,468,48,1.0,24
697,0,0,451,427,24,1.0,25
697,1,1,414,434,-20,0.0,24
707,0,0,388,591,-203,0.0,23
707,1,1,537,460,77,1.0,23
717,0,0,450,433,17,1.0,24
717,1,1,520,394,126,1.0,24
727,0,0,464,469,-5,0.0,20
727,1,1,571,543,28,1.0,21
737,0,0,498,552,-54,0.0,22
737,1,1,513,421,92,1.0,26
747,0,0,444,499,-55,0.0,22
747,1,1,505,480,25,1.0,20
757,0,0,465,448,17,1.0,24
757,1,1,408,427,-19,0.0,25
767,0,0,488,373,115,1.0,28
767,1,1,447,437,10,1.0,24
777,0,0,442,493,-51,0.0,23
777,1,1,478,542,-64,0.0,22
787,0,0,449,457,-8,0.0,21
787,1,1,484,498,-14,0.0,20
797,0,0,453,479,-26,0.0,25
797,1,1,492,453,39,1.0,28
807,0,0,386,500,-114,0.0,25
807,1,1,459,377,82,1.0,27
817,0,0,430,515,-85,0.0,31
817,1,1,483,406,77,1.0,25
827,0,0,443,644,-201,0.0,20
827,1,1,486,464,22,1.0,25
837,0,0,468,497,-29,0.0,24
837,1,1,548,379,169,1.0,28
847,0,0,510,418,92,1.0,22
847,1,1,566,490,76,1.0,21
857,0,0,387,512,-125,0.0,24
857,1,1,534,334,200,1.0,29
867,0,0,501,411,90,1.0,26
867,1,1,418,562,-144,0.0,22
877,0,0,447,461,-14,0.0,25
877,1,1,494,467,27,1.0,23
887,0,0,384,468,-84,0.0,27
887,1,1,529,415,114,1.0,23
897,0,0,438,415,23,1.0,28
897,1,1,524,413,111,1.0,24
907,0,0,550,478,72,1.0,20
907,1,1,505,528,-23,0.0,21
917,0,0,551,416,135,1.0,23
917,1,1,483,518,-35,0.0,21
927,0,0,499,450,49,1.0,22
927,1,1,479,444,35,1.0,26
937,0,0,509,617,-108,0.0,25
937,1,1,537,414,123,1.0,27
947,0,0,512,439,73,1.0,26
947,1,1,488,386,102,1.0,26
957,0,0,512,470,42,1.0,21
957,1,1,485,455,30,1.0,22
967,0,0,411,708,-297,0.0,21
967,1,1,426,493,-67,0.0,25
977,0,0,471,541,-70,0.0,23
977,1,1,525,559,-34,0.0,28
987,0,0,461,489,-28,0.0,23
987,1,1,454,514,-60,0.0,24
997,0,0,471,450,21,1.0,23
997,1,1,450,438,12,1.0,23
1007,0,0,517,364,153,1.0,28
1007,1,1,422,520,-98,0.0,24
1017,0,0,542,484,58,1.0,22
1017,1,1,436,601,-165,0.0,20
1027,0,0,538,421,117,1.0,26
1027,1,1,559,449,110,1.0,21
1037,0,0,368,587,-219,0.0,23
1037,1,1,555,388,167,1.0,24
1047,0,0,413,513,-100,0.0,23
1047,1,1,583,398,185,1.0,22
1057,0,0,447,514,-67,0.0,25
1057,1,1,574,452,122,1.0,24
1067,0,0,493,464,29,1.0,25
1067,1,1,481,397,84,1.0,27
1077,0,0,586,407,179,1.0,22
1077,1,1,436,490,-54,0.0,29
1087,0,0,522,376,146,1.0,23
1087,1,1,439,462,-23,0.0,24
1097,0,0,405,605,-200,0.0,21
1097,1,1,569,400,169,1.0,23
1107,0,0,373,451,-78,0.0,29
1107,1,1,503,358,145,1.0,24
1117,0,0,520,445,75,1.0,23
1117,1,1,469,566,-97,0.0,24
1127,0,0,467,459,8,1.0,26
1127,1,1,445,502,-57,0.0,20
1137,0,0,370,553,-183,0.0,26
1137,1,1,500,373,127,1.0,26
1147,0,0,430,403,27,1.0,21
1147,1,1,411,488,-77,0.0,23
1157,0,0,527,477,50,1.0,22
1157,1,1,504,521,-17,0.0,23
1167,0,0,501,507,-6,0.0,23
1167,1,1,455,465,-10,0.0,25
1177,0,0,455,464,-9,0.0,21
1177,1,1,560,413,147,1.0,23
1187,0,0,505,451,54,1.0,22
1187,1,1,448,433,15,1.0,27
1197,0,0,398,441,-43,0.0,25
1197,1,1,465,400,65,1.0,23
1207,0,0,577,418,159,1.0,22
1207,1,1,498,476,22,1.0,23
1217,0,0,491,445,46,1.0,21
1217,1,1,527,336,191,1.0,23
1227,0,0,486,432,54,1.0,29
1227,1,1,534,497,37,1.0,23
1237,0,0,375,551,-176,0.0,30
1237,1,1,472,438,34,1.0,28
1247,0,0,430,415,15,1.0,31
1247,1,1,459,422,37,1.0,24
1257,0,0,386,441,-55,0.0,27
1257,1,1,521,361,160,1.0,27
1267,0,0,537,391,146,1.0,29
1267,1,1,500,467,33,1.0,23
1277,0,0,423,532,-109,0.0,28
1277,1,1,519,527,-8,0.0,23
1287,0,0,438,428,10,1.0,26
1287,1,1,411,351,60,1.0,31
1297,0,0,576,386,190,1.0,24
1297,1,1,367,483,-116,0.0,26
1307,0,0,480,574,-94,0.0,23
1307,1,1,525,415,110,1.0,22
1317,0,0,485,473,12,1.0,23
1317,1,1,435,537,-102,0.0,25
1327,0,0,515,380,135,1.0,26
1327,1,1,499,510,-11,0.0,23
1337,0,0,487,436,51,1.0,26
1337,1,1,480,450,30,1.0,22
1347,0,0,551,526,25,1.0,26
1347,1,1,425,462,-37,0.0,25
1357,0,0,534,426,108,1.0,24
1357,1,1,509,477,32,1.0,22
1367,0,0,487,463,24,1.0,24
1367,1,1,496,517,-21,0.0,25
1377,0,0,488,488,0,0.5,22
1377,1,1,488,514,-26,0.0,22
1387,0,0,395,460,-65,0.0,25
1387,1,1,424,501,-77,0.0,24
1397,0,0,473,433,40,1.0,25
1397,1,1,429,475,-46,0.0,30
1407,0,0,402,442,-40,0.0,22
1407,1,1,507,396,111,1.0,25
1417,0,0,554,430,124,1.0,23
1417,1,1,480,563,-83,0.0,23
1427,0,0,521,376,145,1.0,27
1427,1,1,506,549,-43,0.0,25
1437,0,0,485,389,96,1.0,25
1437,1,1,391,473,-82,0.0,29
1447,0,0,442,423,19,1.0,23
1447,1,1,421,452,-31,0.0,22
1457,0,0,501,463,38,1.0,24
1457,1,1,377,491,-114,0.0,23
1467,0,0,430,464,-34,0.0,27
1467,1,1,436,387,49,1.0,25
1477,0,0,508,533,-25,0.0,24
1477,1,1,575,516,59,1.0,21
1487,0,0,379,561,-182,0.0,27
1487,1,1,569,440,129,1.0,22
1497,0,0,455,487,-32,0.0,22
1497,1,1,472,392,80,1.0,23
1507,0,0,421,604,-183,0.0,23
1507,1,1,513,463,50,1.0,22
1517,0,0,435,493,-58,0.0,26
1517,1,1,492,409,83,1.0,21
1527,0,0,390,513,-123,0.0,22
1527,1,1,577,404,173,1.0,30
1537,0,0,415,367,48,1.0,27
1537,1,1,471,385,86,1.0,27
1547,0,0,461,487,-26,0.0,24
1547,1,1,493,362,131,1.0,23
1557,0,0,389,466,-77,0.0,26
1557,1,1,503,402,101,1.0,24
1567,0,0,537,327,210,1.0,24
1567,1,1,440,512,-72,0.0,24
1577,0,0,559,486,73,1.0,22
1577,1,1,427,452,-25,0.0,24
1587,0,0,455,544,-89,0.0,20
1587,1,1,512,442,70,1.0,25
1597,0,0,504,438,66,1.0,24
1597,1,1,442,597,-155,0.0,23
1607,0,0,492,438,54,1.0,23
1607,1,1,491,530,-39,0.0,21
1617,0,0,366,571,-205,0.0,21
1617,1,1,542,387,155,1.0,23
1627,0,0,477,453,24,1.0,29
1627,1,1,468,536,-68,0.0,26
1637,0,0,388,562,-174,0.0,23
1637,1,1,464,429,35,1.0,26
1647,0,0,446,472,-26,0.0,27
1647,1,1,435,501,-66,0.0,29
1657,0,0,460,548,-88,0.0,22
1657,1,1,534,446,88,1.0,22
1667,0,0,471,470,1,1.0,21
1667,1,1,502,527,-25,0.0,22
1677,0,0,467,532,-65,0.0,21
1677,1,1,394,431,-37,0.0,24
1687,0,0,472,453,19,1.0,26
1687,1,1,440,496,-56,0.0,24
1697,0,0,450,412,38,1.0,24
1697,1,1,464,507,-43,0.0,28
1707,0,0,402,552,-150,0.0,21
1707,1,1,470,464,6,1.0,26
1717,0,0,463,481,-18,0.0,22
1717,1,1,478,463,15,1.0,21
1727,0,0,570,388,182,1.0,22
1727,1,1,387,445,-58,0.0,23
1737,0,0,365,518,-153,0.0,25
1737,1,1,522,354,168,1.0,24
1747,0,0,395,538,-143,0.0,26
1747,1,1,493,370,123,1.0,22
1757,0,0,616,437,179,1.0,22
1757,1,1,567,444,123,1.0,23
1767,0,0,350,538,-188,0.0,23
1767,1,1,672,382,290,1.0,25
1777,0,0,459,477,-18,0.0,20
1777,1,1,493,459,34,1.0,20
1787,0,0,464,575,-111,0.0,21
1787,1,1,565,361,204,1.0,22
1797,0,0,441,456,-15,0.0,23
1797,1,1,570,459,111,1.0,21
1807,0,0,484,523,-39,0.0,24
1807,1,1,550,408,142,1.0,23
1817,0,0,491,618,-127,0.0,22
1817,1,1,502,554,-52,0.0,28
1827,0,0,443,660,-217,0.0,20
1827,1,1,426,509,-83,0.0,24
1837,0,0,530,445,85,1.0,23
1837,1,1,553,504,49,1.0,21
1847,0,0,527,474,53,1.0,22
1847,1,1,514,552,-38,0.0,21
1857,0,0,436,476,-40,0.0,27
1857,1,1,477,403,74,1.0,27
1867,0,0,492,506,-14,0.0,21
1867,1,1,487,502,-15,0.0,24
1877,0,0,564,406,158,1.0,21
1877,1,1,360,570,-210,0.0,22
1887,0,0,469,428,41,1.0,21
1887,1,1,488,450,38,1.0,25
1897,0,0,468,525,-57,0.0,23
1897,1,1,480,530,-50,0.0,22
1907,0,0,458,406,52,1.0,24
1907,1,1,493,524,-31,0.0,21
1917,0,0,522,541,-19,0.0,25
1917,1,1,472,465,7,1.0,22
1927,0,0,521,604,-83,0.0,22
1927,1,1,598,578,20,1.0,22
1937,0,0,356,527,-171,0.0,25
1937,1,1,528,415,113,1.0,22
1947,0,0,480,529,-49,0.0,22
1947,1,1,378,521,-143,0.0,23
1957,0,0,376,618,-242,0.0,22
1957,1,1,601,445,156,1.0,21
1967,0,0,406,446,-40,0.0,29
1967,1,1,445,450,-5,0.0,24
1977,0,0,458,443,15,1.0,26
1977,1,1,419,564,-145,0.0,23
1987,0,0,490,451,39,1.0,26
1987,1,1,487,489,-2,0.0,29
1997,0,0,561,364,197,1.0,23
1997,1,1,354,578,-224,0.0,24
8,0,0,502,530,-28,0.0,22
8,1,1,469,504,-35,0.0,23
18,0,0,553,529,24,1.0,22
18,1,1,546,558,-12,0.0,20
28,0,0,503,420,83,1.0,26
28,1,1,397,526,-129,0.0,24
38,0,0,472,451,21,1.0,20
38,1,1,565,499,66,1.0,26
48,0,0,589,434,155,1.0,22
48,1,1,459,586,-127,0.0,23
58,0,0,535,319,216,1.0,21
58,1,1,417,608,-191,0.0,24
68,0,0,493,469,24,1.0,23
68,1,1,449,460,-11,0.0,27
78,0,0,496,520,-24,0.0,21
78,1,1,424,547,-123,0.0,23
88,0,0,312,570,-258,0.0,22
88,1,1,454,466,-12,0.0,24
98,0,0,596,338,258,1.0,26
98,1,1,399,590,-191,0.0,23
108,0,0,516,429,87,1.0,29
108,1,1,455,513,-58,0.0,23
118,0,0,389,646,-257,0.0,23
118,1,1,559,360,199,1.0,24
128,0,0,494,414,80,1.0,27
128,1,1,368,613,-245,0.0,28
138,0,0,552,330,222,1.0,24
138,1,1,418,607,-189,0.0,22
148,0,0,472,540,-68,0.0,26
148,1,1,382,457,-75,0.0,23
158,0,0,472,654,-182,0.0,23
158,1,1,504,534,-30,0.0,25
168,0,0,462,497,-35,0.0,29
168,1,1,485,356,129,1.0,32
178,0,0,678,417,261,1.0,22
178,1,1,397,538,-141,0.0,22
188,0,0,414,507,-93,0.0,22
188,1,1,477,492,-15,0.0,20
198,0,0,552,434,118,1.0,24
198,1,1,351,577,-226,0.0,23
208,0,0,442,504,-62,0.0,22
208,1,1,458,354,104,1.0,24
218,0,0,428,511,-83,0.0,24
218,1,1,463,407,56,1.0,22
228,0,0,678,343,335,1.0,21
228,1,1,350,662,-312,0.0,26
238,0,0,480,546,-66,0.0,23
238,1,1,508,412,96,1.0,24
248,0,0,424,419,5,1.0,24
248,1,1,531,481,50,1.0,27
258,0,0,534,383,151,1.0,26
258,1,1,373,521,-148,0.0,24
268,0,0,583,423,160,1.0,21
268,1,1,433,511,-78,0.0,23
278,0,0,488,475,13,1.0,23
278,1,1,505,513,-8,0.0,27
288,0,0,406,410,-4,0.0,24
288,1,1,507,409,98,1.0,23
298,0,0,484,535,-51,0.0,20
298,1,1,568,514,54,1.0,20
308,0,0,611,369,242,1.0,26
308,1,1,387,612,-225,0.0,27
318,0,0,421,433,-12,0.0,30
318,1,1,426,626,-200,0.0,24
328,0,0,322,513,-191,0.0,25
328,1,1,558,422,136,1.0,25
338,0,0,504,472,32,1.0,22
338,1,1,487,479,8,1.0,25
348,0,0,610,415,195,1.0,23
348,1,1,389,575,-186,0.0,23
358,0,0,434,490,-56,0.0,25
358,1,1,443,434,9,1.0,22
368,0,0,420,535,-115,0.0,24
368,1,1,430,449,-19,0.0,24
378,0,0,455,402,53,1.0,36
378,1,1,318,438,-120,0.0,27
388,0,0,414,487,-73,0.0,24
388,1,1,454,370,84,1.0,26
398,0,0,357,433,-76,0.0,22
398,1,1,489,349,140,1.0,22
408,0,0,576,424,152,1.0,23
408,1,1,447,498,-51,0.0,27
418,0,0,433,470,-37,0.0,26
418,1,1,491,352,139,1.0,28
428,0,0,533,496,37,1.0,20
428,1,1,589,457,132,1.0,20
438,0,0,373,552,-179,0.0,26
438,1,1,525,578,-53,0.0,28
448,0,0,444,516,-72,0.0,22
448,1,1,520,447,73,1.0,22
458,0,0,601,459,142,1.0,23
458,1,1,459,534,-75,0.0,24
468,0,0,499,449,50,1.0,23
468,1,1,419,582,-163,0.0,23
478,0,0,393,530,-137,0.0,24
478,1,1,460,381,79,1.0,27
488,0,0,508,362,146,1.0,26
488,1,1,390,534,-144,0.0,23
498,0,0,571,407,164,1.0,21
498,1,1,441,456,-15,0.0,23
508,0,0,546,410,136,1.0,23
508,1,1,568,493,75,1.0,21
518,0,0,573,387,186,1.0,23
518,1,1,460,527,-67,0.0,30
528,0,0,425,446,-21,0.0,25
528,1,1,366,547,-181,0.0,28
538,0,0,471,484,-13,0.0,23
538,1,1,474,453,21,1.0,28
548,0,0,558,411,147,1.0,23
548,1,1,446,492,-46,0.0,26
558,0,0,530,407,123,1.0,23
558,1,1,445,546,-101,0.0,23
568,0,0,496,338,158,1.0,26
568,1,1,513,505,8,1.0,26
578,0,0,524,531,-7,0.0,23
578,1,1,469,545,-76,0.0,24
588,0,0,494,405,89,1.0,24
588,1,1,443,626,-183,0.0,20
598,0,0,529,491,38,1.0,20
598,1,1,406,535,-129,0.0,25
608,0,0,394,571,-177,0.0,24
608,1,1,501,391,110,1.0,21
618,0,0,515,468,47,1.0,21
618,1,1,469,521,-52,0.0,23
628,0,0,531,536,-5,0.0,22
628,1,1,492,495,-3,0.0,21
638,0,0,520,487,33,1.0,23
638,1,1,485,634,-149,0.0,21
648,0,0,437,319,118,1.0,23
648,1,1,527,505,22,1.0,23
658,0,0,382,552,-170,0.0,26
658,1,1,524,383,141,1.0,31
668,0,0,446,451,-5,0.0,27
668,1,1,525,503,22,1.0,23
678,0,0,428,589,-161,0.0,24
678,1,1,509,371,138,1.0,24
688,0,0,411,456,-45,0.0,24
688,1,1,509,411,98,1.0,20
698,0,0,551,442,109,1.0,24
698,1,1,516,346,170,1.0,26
708,0,0,480,505,-25,0.0,23
708,1,1,538,460,78,1.0,21
718,0,0,408,677,-269,0.0,20
718,1,1,580,531,49,1.0,24
728,0,0,345,553,-208,0.0,27
728,1,1,510,477,33,1.0,25
738,0,0,483,384,99,1.0,25
738,1,1,531,378,153,1.0,24
748,0,0,499,507,-8,0.0,24
748,1,1,556,440,116,1.0,22
758,0,0,474,429,45,1.0,26
758,1,1,559,619,-60,0.0,22
768,0,0,534,573,-39,0.0,21
768,1,1,435,584,-149,0.0,19
778,0,0,413,547,-134,0.0,26
778,1,1,409,466,-57,0.0,25
788,0,0,554,394,160,1.0,23
788,1,1,354,534,-180,0.0,27
798,0,0,500,304,196,1.0,24
798,1,1,507,391,116,1.0,23
808,0,0,518,392,126,1.0,25
808,1,1,551,510,41,1.0,24
818,0,0,444,392,52,1.0,26
818,1,1,487,495,-8,0.0,23
828,0,0,425,385,40,1.0,31
828,1,1,455,469,-14,0.0,25
838,0,0,399,427,-28,0.0,26
838,1,1,344,487,-143,0.0,23
848,0,0,424,486,-62,0.0,27
848,1,1,419,470,-51,0.0,27
858,0,0,478,451,27,1.0,21
858,1,1,546,480,66,1.0,22
868,0,0,571,458,113,1.0,24
868,1,1,464,455,9,1.0,27
878,0,0,454,435,19,1.0,24
878,1,1,496,459,37,1.0,24
888,0,0,529,463,66,1.0,21
888,1,1,408,550,-142,0.0,23
898,0,0,470,543,-73,0.0,25
898,1,1,516,508,8,1.0,25
908,0,0,407,519,-112,0.0,25
908,1,1,413,500,-87,0.0,27
918,0,0,581,567,14,1.0,24
918,1,1,504,500,4,1.0,22
928,0,0,532,432,100,1.0,21
928,1,1,395,585,-190,0.0,23
938,0,0,491,497,-6,0.0,22
938,1,1,545,427,118,1.0,22
948,0,0,501,445,56,1.0,24
948,1,1,526,680,-154,0.0,23
958,0,0,421,558,-137,0.0,20
958,1,1,451,466,-15,0.0,23
968,0,0,440,522,-82,0.0,27
968,1,1,460,557,-97,0.0,21
978,0,0,464,472,-8,0.0,22
978,1,1,502,514,-12,0.0,19
988,0,0,456,499,-43,0.0,22
988,1,1,508,391,117,1.0,27
998,0,0,533,406,127,1.0,25
998,1,1,413,461,-48,0.0,31
1008,0,0,558,438,120,1.0,24
1008,1,1,381,574,-193,0.0,23
1018,0,0,555,432,123,1.0,22
1018,1,1,531,495,36,1.0,26
1028,0,0,481,575,-94,0.0,22
1028,1,1,446,464,-18,0.0,26
1038,0,0,510,430,80,1.0,23
1038,1,1,506,404,102,1.0,23
1048,0,0,583,399,184,1.0,22
1048,1,1,463,596,-133,0.0,22
1058,0,0,573,415,158,1.0,23
1058,1,1,364,571,-207,0.0,21
1068,0,0,473,554,-81,0.0,22
1068,1,1,490,518,-28,0.0,27
1078,0,0,442,526,-84,0.0,22
1078,1,1,504,427,77,1.0,31
1088,0,0,414,631,-217,0.0,20
1088,1,1,511,497,14,1.0,22
1098,0,0,604,322,282,1.0,22
1098,1,1,413,595,-182,0.0,23
1108,0,0,354,538,-184,0.0,26
1108,1,1,499,397,102,1.0,20
1118,0,0,514,545,-31,0.0,22
1118,1,1,435,536,-101,0.0,23
1128,0,0,643,320,323,1.0,25
1128,1,1,397,586,-189,0.0,21
1138,0,0,405,362,43,1.0,29
1138,1,1,495,446,49,1.0,24
1148,0,0,555,497,58,1.0,23
1148,1,1,453,760,-307,0.0,23
1158,0,0,560,397,163,1.0,21
1158,1,1,422,584,-162,0.0,23
1168,0,0,416,551,-135,0.0,24
1168,1,1,544,483,61,1.0,23
1178,0,0,463,493,-30,0.0,20
1178,1,1,377,545,-168,0.0,26
1188,0,0,503,527,-24,0.0,25
1188,1,1,489,534,-45,0.0,23
1198,0,0,553,442,111,1.0,23
1198,1,1,441,477,-36,0.0,22
1208,0,0,461,485,-24,0.0,23
1208,1,1,472,517,-45,0.0,24
1218,0,0,522,379,143,1.0,24
1218,1,1,430,498,-68,0.0,28
1228,0,0,525,405,120,1.0,24
1228,1,1,406,415,-9,0.0,27
1238,0,0,506,322,184,1.0,29
1238,1,1,433,378,55,1.0,25
1248,0,0,564,433,131,1.0,20
1248,1,1,502,509,-7,0.0,24
1258,0,0,520,503,17,1.0,24
1258,1,1,420,425,-5,0.0,26
1268,0,0,400,528,-128,0.0,26
1268,1,1,436,394,42,1.0,27
1278,0,0,495,479,16,1.0,21
1278,1,1,509,577,-68,0.0,21
1288,0,0,467,370,97,1.0,27
1288,1,1,464,401,63,1.0,25
1298,0,0,358,435,-77,0.0,21
1298,1,1,477,506,-29,0.0,25
1308,0,0,424,458,-34,0.0,27
1308,1,1,411,474,-63,0.0,28
1318,0,0,534,444,90,1.0,20
1318,1,1,347,435,-88,0.0,25
1328,0,0,416,400,16,1.0,26
1328,1,1,456,444,12,1.0,23
1338,0,0,539,432,107,1.0,24
1338,1,1,433,651,-218,0.0,21
1348,0,0,713,418,295,1.0,25
1348,1,1,516,547,-31,0.0,20
1358,0,0,405,523,-118,0.0,23
1358,1,1,490,447,43,1.0,21
1368,0,0,530,440,90,1.0,22
1368,1,1,411,519,-108,0.0,22
1378,0,0,442,582,-140,0.0,24
1378,1,1,603,414,189,1.0,22
1388,0,0,475,516,-41,0.0,25
1388,1,1,478,400,78,1.0,27
1398,0,0,448,424,24,1.0,26
1398,1,1,453,534,-81,0.0,24
1408,0,0,457,578,-121,0.0,23
1408,1,1,507,507,0,0.5,23
1418,0,0,462,504,-42,0.0,27
1418,1,1,485,437,48,1.0,26
1428,0,0,490,421,69,1.0,27
1428,1,1,381,512,-131,0.0,21
1438,0,0,590,519,71,1.0,22
1438,1,1,501,529,-28,0.0,21
1448,0,0,420,454,-34,0.0,27
1448,1,1,406,570,-164,0.0,23
1458,0,0,520,519,1,1.0,23
1458,1,1,389,389,0,0.5,24
1468,0,0,503,441,62,1.0,22
1468,1,1,417,481,-64,0.0,23
1478,0,0,435,482,-47,0.0,23
1478,1,1,511,518,-7,0.0,26
1488,0,0,452,427,25,1.0,27
1488,1,1,367,438,-71,0.0,26
1498,0,0,556,332,224,1.0,26
1498,1,1,476,474,2,1.0,27
1508,0,0,562,432,130,1.0,24
1508,1,1,519,474,45,1.0,24
1518,0,0,503,509,-6,0.0,23
1518,1,1,506,479,27,1.0,24
1528,0,0,375,522,-147,0.0,23
1528,1,1,492,484,8,1.0,22
1538,0,0,514,419,95,1.0,21
1538,1,1,471,354,117,1.0,24
1548,0,0,486,572,-86,0.0,23
1548,1,1,485,504,-19,0.0,21
1558,0,0,617,437,180,1.0,20
1558,1,1,479,625,-146,0.0,19
1568,0,0,595,473,122,1.0,24
1568,1,1,433,478,-45,0.0,23
1578,0,0,485,461,24,1.0,24
1578,1,1,386,516,-130,0.0,23
1588,0,0,507,491,16,1.0,26
1588,1,1,474,459,15,1.0,22
1598,0,0,505,505,0,0.5,25
1598,1,1,441,414,27,1.0,27
1608,0,0,462,344,118,1.0,27
1608,1,1,391,503,-112,0.0,30
1618,0,0,451,579,-128,0.0,20
1618,1,1,558,372,186,1.0,22
1628,0,0,533,488,45,1.0,23
1628,1,1,465,532,-67,0.0,25
1638,0,0,422,432,-10,0.0,27
1638,1,1,465,575,-110,0.0,21
1648,0,0,481,368,113,1.0,23
1648,1,1,482,432,50,1.0,24
1658,0,0,371,540,-169,0.0,22
1658,1,1,647,303,344,1.0,26
1668,0,0,607,406,201,1.0,21
1668,1,1,381,636,-255,0.0,21
1678,0,0,512,304,208,1.0,25
1678,1,1,480,447,33,1.0,25
1688,0,0,471,504,-33,0.0,23
1688,1,1,468,457,11,1.0,21
1698,0,0,527,409,118,1.0,24
1698,1,1,436,507,-71,0.0,27
1708,0,0,490,479,11,1.0,24
1708,1,1,590,421,169,1.0,24
1718,0,0,517,477,40,1.0,22
1718,1,1,520,500,20,1.0,24
1728,0,0,555,475,80,1.0,25
1728,1,1,419,480,-61,0.0,27
1738,0,0,697,380,317,1.0,22
1738,1,1,316,633,-317,0.0,23
1748,0,0,472,429,43,1.0,24
1748,1,1,425,448,-23,0.0,26
1758,0,0,495,399,96,1.0,23
1758,1,1,387,480,-93,0.0,25
1768,0,0,465,496,-31,0.0,22
1768,1,1,448,452,-4,0.0,25
1778,0,0,373,501,-128,0.0,26
1778,1,1,656,375,281,1.0,23
1788,0,0,524,412,112,1.0,21
1788,1,1,460,516,-56,0.0,24
1798,0,0,506,477,29,1.0,20
1798,1,1,445,468,-23,0.0,29
1808,0,0,642,397,245,1.0,26
1808,1,1,385,462,-77,0.0,28
1818,0,0,484,495,-11,0.0,25
1818,1,1,452,465,-13,0.0,26
1828,0,0,406,592,-186,0.0,24
1828,1,1,442,499,-57,0.0,21
1838,0,0,360,469,-109,0.0,24
1838,1,1,506,434,72,1.0,28
1848,0,0,472,506,-34,0.0,24
1848,1,1,574,444,130,1.0,27
1858,0,0,523,458,65,1.0,25
1858,1,1,513,454,59,1.0,32
1868,0,0,425,438,-13,0.0,25
1868,1,1,405,473,-68,0.0,25
1878,0,0,473,438,35,1.0,24
1878,1,1,432,536,-104,0.0,24
1888,0,0,476,602,-126,0.0,20
1888,1,1,602,394,208,1.0,27
1898,0,0,397,484,-87,0.0,26
1898,1,1,510,489,21,1.0,24
1908,0,0,479,372,107,1.0,22
1908,1,1,341,417,-76,0.0,27
1918,0,0,417,506,-89,0.0,24
1918,1,1,484,439,45,1.0,29
1928,0,0,389,489,-100,0.0,27
1928,1,1,480,516,-36,0.0,26
1938,0,0,489,501,-12,0.0,23
1938,1,1,493,497,-4,0.0,21
1948,0,0,451,532,-81,0.0,19
1948,1,1,547,474,73,1.0,21
1958,0,0,558,426,132,1.0,24
1958,1,1,462,535,-73,0.0,23
1968,0,0,411,430,-19,0.0,23
1968,1,1,475,449,26,1.0,26
1978,0,0,550,454,96,1.0,23
1978,1,1,454,597,-143,0.0,20
1988,0,0,418,542,-124,0.0,24
1988,1,1,566,477,89,1.0,23
1998,0,0,480,464,16,1.0,24
1998,1,1,523,502,21,1.0,23
9,0,0,514,520,-6,0.0,20
9,1,1,511,533,-22,0.0,20
19,0,0,507,510,-3,0.0,20
19,1,1,435,491,-56,0.0,22
29,0,0,518,435,83,1.0,24
29,1,1,501,507,-6,0.0,25
39,0,0,507,498,9,1.0,25
39,1,1,442,454,-12,0.0,21
49,0,0,507,495,12,1.0,21
49,1,1,501,520,-19,0.0,21
59,0,0,569,388,181,1.0,24
59,1,1,415,479,-64,0.0,22
69,0,0,433,467,-34,0.0,25
69,1,1,503,509,-6,0.0,22
79,0,0,415,380,35,1.0,21
79,1,1,469,453,16,1.0,21
89,0,0,515,420,95,1.0,23
89,1,1,472,497,-25,0.0,26
99,0,0,545,427,118,1.0,25
99,1,1,400,416,-16,0.0,29
109,0,0,460,426,34,1.0,22
109,1,1,623,457,166,1.0,23
119,0,0,475,469,6,1.0,22
119,1,1,379,516,-137,0.0,26
129,0,0,473,598,-125,0.0,20
129,1,1,482,485,-3,0.0,22
139,0,0,416,527,-111,0.0,24
139,1,1,542,417,125,1.0,26
149,0,0,425,559,-134,0.0,27
149,1,1,537,467,70,1.0,23
159,0,0,598,512,86,1.0,22
159,1,1,477,398,79,1.0,28
169,0,0,443,537,-94,0.0,22
169,1,1,504,420,84,1.0,25
179,0,0,473,509,-36,0.0,24
179,1,1,389,580,-191,0.0,25
189,0,0,471,484,-13,0.0,23
189,1,1,427,407,20,1.0,23
199,0,0,651,388,263,1.0,24
199,1,1,446,464,-18,0.0,22
209,0,0,432,447,-15,0.0,25
209,1,1,358,463,-105,0.0,29
219,0,0,536,505,31,1.0,26
219,1,1,544,384,160,1.0,22
229,0,0,464,418,46,1.0,30
229,1,1,469,418,51,1.0,28
239,0,0,565,347,218,1.0,23
239,1,1,382,593,-211,0.0,24
249,0,0,516,510,6,1.0,22
249,1,1,487,463,24,1.0,26
259,0,0,465,541,-76,0.0,22
259,1,1,546,326,220,1.0,26
269,0,0,485,451,34,1.0,23
269,1,1,430,532,-102,0.0,23
279,0,0,423,499,-76,0.0,22
279,1,1,532,503,29,1.0,21
289,0,0,503,537,-34,0.0,24
289,1,1,484,381,103,1.0,27
299,0,0,499,496,3,1.0,19
299,1,1,483,516,-33,0.0,20
309,0,0,452,521,-69,0.0,23
309,1,1,478,486,-8,0.0,23
319,0,0,522,442,80,1.0,25
319,1,1,445,533,-88,0.0,24
329,0,0,472,532,-60,0.0,25
329,1,1,534,428,106,1.0,25
339,0,0,569,434,135,1.0,25
339,1,1,413,564,-151,0.0,24
349,0,0,442,451,-9,0.0,28
349,1,1,373,463,-90,0.0,26
359,0,0,490,516,-26,0.0,21
359,1,1,495,470,25,1.0,21
369,0,0,434,511,-77,0.0,21
369,1,1,503,512,-9,0.0,22
379,0,0,555,328,227,1.0,27
379,1,1,397,536,-139,0.0,27
389,0,0,484,328,156,1.0,41
389,1,1,571,468,103,1.0,26
399,0,0,460,431,29,1.0,24
399,1,1,559,416,143,1.0,20
409,0,0,460,418,42,1.0,22
409,1,1,464,462,2,1.0,24
419,0,0,387,416,-29,0.0,26
419,1,1,428,427,1,1.0,25
429,0,0,449,537,-88,0.0,21
429,1,1,563,497,66,1.0,22
439,0,0,465,495,-30,0.0,26
439,1,1,450,496,-46,0.0,26
449,0,0,378,563,-185,0.0,28
449,1,1,557,462,95,1.0,23
459,0,0,442,563,-121,0.0,24
459,1,1,564,518,46,1.0,25
469,0,0,473,454,19,1.0,22
469,1,1,482,433,49,1.0,20
479,0,0,454,532,-78,0.0,20
479,1,1,595,533,62,1.0,21
489,0,0,430,506,-76,0.0,25
489,1,1,583,377,206,1.0,25
499,0,0,430,459,-29,0.0,25
499,1,1,450,484,-34,0.0,19
509,0,0,440,527,-87,0.0,23
509,1,1,599,417,182,1.0,20
519,0,0,517,479,38,1.0,23
519,1,1,472,502,-30,0.0,20
529,0,0,439,498,-59,0.0,23
529,1,1,458,414,44,1.0,28
539,0,0,398,459,-61,0.0,36
539,1,1,433,446,-13,0.0,26
549,0,0,440,401,39,1.0,21
549,1,1,512,498,14,1.0,23
559,0,0,413,432,-19,0.0,26
559,1,1,429,501,-72,0.0,22
569,0,0,450,441,9,1.0,23
569,1,1,411,428,-17,0.0,24
579,0,0,509,437,72,1.0,28
579,1,1,520,468,52,1.0,25
589,0,0,438,532,-94,0.0,21
589,1,1,498,446,52,1.0,22
599,0,0,462,504,-42,0.0,23
599,1,1,418,491,-73,0.0,23
609,0,0,487,381,106,1.0,26
609,1,1,419,492,-73,0.0,24
619,0,0,514,396,118,1.0,24
619,1,1,445,563,-118,0.0,25
629,0,0,466,446,20,1.0,24
629,1,1,414,443,-29,0.0,21
639,0,0,435,415,20,1.0,22
639,1,1,401,406,-5,0.0,24
649,0,0,483,540,-57,0.0,25
649,1,1,568,480,88,1.0,23
659,0,0,487,560,-73,0.0,24
659,1,1,496,454,42,1.0,25
669,0,0,417,459,-42,0.0,21
669,1,1,441,404,37,1.0,24
679,0,0,528,321,207,1.0,27
679,1,1,314,555,-241,0.0,24
689,0,0,500,427,73,1.0,21
689,1,1,442,507,-65,0.0,20
699,0,0,509,503,6,1.0,23
699,1,1,497,552,-55,0.0,24
709,0,0,383,507,-124,0.0,28
709,1,1,462,417,45,1.0,24
719,0,0,519,506,13,1.0,29
719,1,1,437,466,-29,0.0,22
729,0,0,536,481,55,1.0,21
729,1,1,569,536,33,1.0,29
739,0,0,357,595,-238,0.0,22
739,1,1,614,353,261,1.0,24
749,0,0,505,414,91,1.0,27
749,1,1,422,443,-21,0.0,24
759,0,0,465,390,75,1.0,21
759,1,1,374,413,-39,0.0,23
769,0,0,481,447,34,1.0,27
769,1,1,548,402,146,1.0,27
779,0,0,579,493,86,1.0,20
779,1,1,503,505,-2,0.0,23
789,0,0,391,469,-78,0.0,27
789,1,1,541,449,92,1.0,25
799,0,0,417,520,-103,0.0,21
799,1,1,579,419,160,1.0,29
809,0,0,383,495,-112,0.0,25
809,1,1,551,323,228,1.0,26
819,0,0,456,606,-150,0.0,22
819,1,1,474,461,13,1.0,26
829,0,0,366,530,-164,0.0,27
829,1,1,506,466,40,1.0,25
839,0,0,487,430,57,1.0,23
839,1,1,353,346,7,1.0,25
849,0,0,482,534,-52,0.0,22
849,1,1,545,443,102,1.0,22
859,0,0,431,403,28,1.0,25
859,1,1,419,480,-61,0.0,25
869,0,0,416,403,13,1.0,30
869,1,1,591,394,197,1.0,24
879,0,0,387,495,-108,0.0,23
879,1,1,365,489,-124,0.0,24
889,0,0,473,595,-122,0.0,21
889,1,1,604,492,112,1.0,23
899,0,0,474,346,128,1.0,28
899,1,1,412,550,-138,0.0,23
909,0,0,590,411,179,1.0,25
909,1,1,513,361,152,1.0,26
919,0,0,494,434,60,1.0,23
919,1,1,388,398,-10,0.0,26
929,0,0,439,420,19,1.0,27
929,1,1,411,455,-44,0.0,24
939,0,0,525,364,161,1.0,22
939,1,1,460,460,0,0.5,23
949,0,0,399,565,-166,0.0,23
949,1,1,462,384,78,1.0,25
959,0,0,415,463,-48,0.0,26
959,1,1,491,401,90,1.0,26
969,0,0,344,637,-293,0.0,23
969,1,1,538,344,194,1.0,22
979,0,0,408,439,-31,0.0,27
979,1,1,460,360,100,1.0,23
989,0,0,436,469,-33,0.0,24
989,1,1,457,390,67,1.0,26
999,0,0,356,530,-174,0.0,23
999,1,1,477,462,15,1.0,23
1009,0,0,564,452,112,1.0,23
1009,1,1,461,537,-76,0.0,21
1019,0,0,530,561,-31,0.0,23
1019,1,1,567,528,39,1.0,19
1029,0,0,372,519,-147,0.0,24
1029,1,1,594,454,140,1.0,23
1039,0,0,459,404,55,1.0,27
1039,1,1,415,441,-26,0.0,26
1049,0,0,443,404,39,1.0,29
1049,1,1,401,489,-88,0.0,27
1059,0,0,463,413,50,1.0,27
1059,1,1,502,379,123,1.0,25
1069,0,0,461,467,-6,0.0,28
1069,1,1,575,426,149,1.0,31
1079,0,0,478,516,-38,0.0,28
1079,1,1,514,458,56,1.0,23
1089,0,0,402,511,-109,0.0,22
1089,1,1,396,383,13,1.0,24
1099,0,0,512,455,57,1.0,24
1099,1,1,532,546,-14,0.0,22
1109,0,0,394,549,-155,0.0,21
1109,1,1,461,432,29,1.0,23
1119,0,0,500,505,-5,0.0,22
1119,1,1,565,427,138,1.0,23
1129,0,0,560,413,147,1.0,23
1129,1,1,495,496,-1,0.0,22
1139,0,0,470,404,66,1.0,24
1139,1,1,335,477,-142,0.0,26
1149,0,0,429,543,-114,0.0,25
1149,1,1,501,360,141,1.0,26
1159,0,0,496,480,16,1.0,23
1159,1,1,508,461,47,1.0,28
1169,0,0,470,505,-35,0.0,26
1169,1,1,483,488,-5,0.0,22
1179,0,0,390,373,17,1.0,32
1179,1,1,461,481,-20,0.0,24
1189,0,0,387,561,-174,0.0,20
1189,1,1,498,449,49,1.0,21
1199,0,0,461,454,7,1.0,20
1199,1,1,496,392,104,1.0,23
1209,0,0,543,380,163,1.0,24
1209,1,1,454,562,-108,0.0,21
1219,0,0,513,419,94,1.0,20
1219,1,1,524,518,6,1.0,24
1229,0,0,437,432,5,1.0,25
1229,1,1,547,476,71,1.0,26
1239,0,0,495,436,59,1.0,21
1239,1,1,506,489,17,1.0,23
1249,0,0,563,403,160,1.0,24
1249,1,1,455,465,-10,0.0,24
1259,0,0,440,469,-29,0.0,29
1259,1,1,427,442,-15,0.0,22
1269,0,0,470,483,-13,0.0,25
1269,1,1,473,508,-35,0.0,23
1279,0,0,421,456,-35,0.0,26
1279,1,1,536,496,40,1.0,23
1289,0,0,487,636,-149,0.0,24
1289,1,1,556,476,80,1.0,25
1299,0,0,408,432,-24,0.0,27
1299,1,1,449,471,-22,0.0,24
1309,0,0,523,453,70,1.0,24
1309,1,1,515,420,95,1.0,26
1319,0,0,387,481,-94,0.0,23
1319,1,1,452,368,84,1.0,23
1329,0,0,443,564,-121,0.0,23
1329,1,1,505,444,61,1.0,24
1339,0,0,524,504,20,1.0,27
1339,1,1,537,454,83,1.0,24
1349,0,0,438,540,-102,0.0,23
1349,1,1,565,459,106,1.0,26
1359,0,0,434,522,-88,0.0,27
1359,1,1,501,411,90,1.0,26
1369,0,0,403,476,-73,0.0,30
1369,1,1,560,416,144,1.0,21
1379,0,0,375,471,-96,0.0,23
1379,1,1,531,476,55,1.0,21
1389,0,0,477,413,64,1.0,26
1389,1,1,407,488,-81,0.0,22
1399,0,0,439,437,2,1.0,23
1399,1,1,471,458,13,1.0,23
1409,0,0,455,499,-44,0.0,23
1409,1,1,447,309,138,1.0,35
1419,0,0,499,397,102,1.0,24
1419,1,1,504,470,34,1.0,24
1429,0,0,480,577,-97,0.0,21
1429,1,1,418,487,-69,0.0,25
1439,0,0,425,491,-66,0.0,25
1439,1,1,513,436,77,1.0,23
1449,0,0,480,509,-29,0.0,26
1449,1,1,436,402,34,1.0,26
1459,0,0,439,469,-30,0.0,23
1459,1,1,436,516,-80,0.0,24
1469,0,0,508,519,-11,0.0,23
1469,1,1,431,491,-60,0.0,23
1479,0,0,532,399,133,1.0,24
1479,1,1,492,522,-30,0.0,21
1489,0,0,404,606,-202,0.0,22
1489,1,1,437,466,-29,0.0,23
1499,0,0,375,522,-147,0.0,24
1499,1,1,514,360,154,1.0,22
1509,0,0,463,594,-131,0.0,26
1509,1,1,545,357,188,1.0,24
1519,0,0,424,447,-23,0.0,23
1519,1,1,552,426,126,1.0,27
1529,0,0,467,483,-16,0.0,22
1529,1,1,495,451,44,1.0,22
1539,0,0,528,419,109,1.0,29
1539,1,1,386,518,-132,0.0,20
1549,0,0,472,431,41,1.0,24
1549,1,1,448,466,-18,0.0,26
1559,0,0,472,539,-67,0.0,24
1559,1,1,491,521,-30,0.0,22
1569,0,0,457,425,32,1.0,28
1569,1,1,373,461,-88,0.0,30
1579,0,0,483,480,3,1.0,22
1579,1,1,543,395,148,1.0,22
1589,0,0,461,594,-133,0.0,25
1589,1,1,413,395,18,1.0,23
1599,0,0,521,517,4,1.0,20
1599,1,1,480,540,-60,0.0,24
1609,0,0,456,601,-145,0.0,24
1609,1,1,577,439,138,1.0,23
1619,0,0,492,590,-98,0.0,21
1619,1,1,548,503,45,1.0,24
1629,0,0,457,481,-24,0.0,22
1629,1,1,449,461,-12,0.0,24
1639,0,0,443,468,-25,0.0,24
1639,1,1,408,546,-138,0.0,27
1649,0,0,443,506,-63,0.0,23
1649,1,1,483,588,-105,0.0,21
1659,0,0,459,436,23,1.0,25
1659,1,1,457,431,26,1.0,22
1669,0,0,386,585,-199,0.0,24
1669,1,1,506,431,75,1.0,25
1679,0,0,540,412,128,1.0,25
1679,1,1,489,438,51,1.0,28
1689,0,0,497,495,2,1.0,21
1689,1,1,534,481,53,1.0,21
1699,0,0,382,587,-205,0.0,22
1699,1,1,528,410,118,1.0,21
1709,0,0,492,446,46,1.0,20
1709,1,1,446,519,-73,0.0,24
1719,0,0,424,435,-11,0.0,21
1719,1,1,527,504,23,1.0,19
1729,0,0,533,507,26,1.0,21
1729,1,1,474,500,-26,0.0,24
1739,0,0,599,389,210,1.0,25
1739,1,1,479,573,-94,0.0,25
1749,0,0,511,485,26,1.0,39
1749,1,1,402,484,-82,0.0,24
1759,0,0,462,503,-41,0.0,21
1759,1,1,546,462,84,1.0,22
1769,0,0,476,484,-8,0.0,24
1769,1,1,467,596,-129,0.0,22
1779,0,0,431,408,23,1.0,27
1779,1,1,558,505,53,1.0,23
1789,0,0,432,484,-52,0.0,21
1789,1,1,480,505,-25,0.0,22
1799,0,0,441,484,-43,0.0,24
1799,1,1,577,414,163,1.0,24
1809,0,0,432,399,33,1.0,24
1809,1,1,454,456,-2,0.0,21
1819,0,0,382,413,-31,0.0,28
1819,1,1,564,372,192,1.0,26
1829,0,0,508,590,-82,0.0,23
1829,1,1,595,508,87,1.0,24
1839,0,0,491,559,-68,0.0,25
1839,1,1,497,521,-24,0.0,23
1849,0,0,487,429,58,1.0,25
1849,1,1,473,383,90,1.0,28
1859,0,0,564,489,75,1.0,22
1859,1,1,486,518,-32,0.0,24
1869,0,0,452,487,-35,0.0,23
1869,1,1,481,539,-58,0.0,21
1879,0,0,477,483,-6,0.0,24
1879,1,1,475,460,15,1.0,24
1889,0,0,494,535,-41,0.0,19
1889,1,1,460,561,-101,0.0,23
1899,0,0,480,491,-11,0.0,24
1899,1,1,461,476,-15,0.0,21
1909,0,0,467,437,30,1.0,26
1909,1,1,426,463,-37,0.0,24
1919,0,0,466,476,-10,0.0,26
1919,1,1,459,458,1,1.0,21
1929,0,0,482,412,70,1.0,26
1929,1,1,463,537,-74,0.0,29
1939,0,0,492,469,23,1.0,24
1939,1,1,492,500,-8,0.0,24
1949,0,0,505,461,44,1.0,28
1949,1,1,419,530,-111,0.0,25
1959,0,0,485,479,6,1.0,23
1959,1,1,501,343,158,1.0,25
1969,0,0,481,490,-9,0.0,23
1969,1,1,550,513,37,1.0,22
1979,0,0,424,365,59,1.0,24
1979,1,1,364,642,-278,0.0,24
1989,0,0,595,436,159,1.0,19
1989,1,1,413,454,-41,0.0,24
1999,0,0,450,496,-46,0.0,23
1999,1,1,550,440,110,1.0,22
