pair,game,a_seat,a_score,b_score,a_spread,a_win,turns
0,0,0,452,457,-5,0.0,22
0,1,1,458,399,59,1.0,20
8,0,0,343,530,-187,0.0,23
8,1,1,511,325,186,1.0,22
16,0,0,443,369,74,1.0,23
16,1,1,357,504,-147,0.0,22
24,0,0,503,466,37,1.0,23
24,1,1,451,406,45,1.0,22
32,0,0,525,423,102,1.0,23
32,1,1,416,499,-83,0.0,23
40,0,0,483,469,14,1.0,25
40,1,1,390,452,-62,0.0,23
48,0,0,470,435,35,1.0,24
48,1,1,516,487,29,1.0,23
56,0,0,561,416,145,1.0,19
56,1,1,456,408,48,1.0,21
64,0,0,487,454,33,1.0,19
64,1,1,482,433,49,1.0,21
72,0,0,416,450,-34,0.0,22
72,1,1,372,499,-127,0.0,21
80,0,0,485,401,84,1.0,22
80,1,1,439,428,11,1.0,25
88,0,0,424,505,-81,0.0,21
88,1,1,525,432,93,1.0,21
96,0,0,451,488,-37,0.0,22
96,1,1,405,578,-173,0.0,21
104,0,0,574,438,136,1.0,21
104,1,1,462,545,-83,0.0,26
112,0,0,409,494,-85,0.0,22
112,1,1,440,466,-26,0.0,24
120,0,0,538,507,31,1.0,21
120,1,1,503,349,154,1.0,23
128,0,0,448,493,-45,0.0,23
128,1,1,490,436,54,1.0,20
136,0,0,422,490,-68,0.0,24
136,1,1,455,363,92,1.0,24
144,0,0,405,512,-107,0.0,22
144,1,1,485,439,46,1.0,20
152,0,0,507,454,53,1.0,23
152,1,1,382,600,-218,0.0,19
160,0,0,633,409,224,1.0,23
160,1,1,458,537,-79,0.0,19
168,0,0,426,356,70,1.0,21
168,1,1,444,400,44,1.0,23
176,0,0,481,473,8,1.0,22
176,1,1,462,504,-42,0.0,20
184,0,0,370,588,-218,0.0,20
184,1,1,490,380,110,1.0,22
192,0,0,432,460,-28,0.0,22
192,1,1,341,502,-161,0.0,23
200,0,0,525,460,65,1.0,23
200,1,1,400,457,-57,0.0,23
208,0,0,490,508,-18,0.0,23
208,1,1,515,331,184,1.0,27
216,0,0,509,391,118,1.0,23
216,1,1,460,593,-133,0.0,21
224,0,0,450,391,59,1.0,24
224,1,1,426,449,-23,0.0,27
232,0,0,538,356,182,1.0,22
232,1,1,294,618,-324,0.0,25
240,0,0,489,544,-55,0.0,19
240,1,1,446,415,31,1.0,22
248,0,0,431,531,-100,0.0,22
248,1,1,396,459,-63,0.0,21
256,0,0,348,530,-182,0.0,24
256,1,1,436,410,26,1.0,24
264,0,0,525,422,103,1.0,21
264,1,1,375,508,-133,0.0,19
272,0,0,385,478,-93,0.0,26
272,1,1,534,451,83,1.0,21
280,0,0,327,429,-102,0.0,30
280,1,1,542,368,174,1.0,27
288,0,0,426,471,-45,0.0,26
288,1,1,397,463,-66,0.0,26
296,0,0,490,312,178,1.0,25
296,1,1,432,349,83,1.0,29
304,0,0,349,493,-144,0.0,22
304,1,1,463,366,97,1.0,22
312,0,0,423,485,-62,0.0,23
312,1,1,477,423,54,1.0,25
320,0,0,487,371,116,1.0,25
320,1,1,411,529,-118,0.0,28
328,0,0,517,377,140,1.0,24
328,1,1,402,535,-133,0.0,23
336,0,0,569,346,223,1.0,25
336,1,1,338,555,-217,0.0,22
344,0,0,424,416,8,1.0,22
344,1,1,437,479,-42,0.0,21
352,0,0,526,442,84,1.0,24
352,1,1,362,449,-87,0.0,25
360,0,0,447,404,43,1.0,29
360,1,1,384,468,-84,0.0,28
368,0,0,411,450,-39,0.0,24
368,1,1,418,451,-33,0.0,24
376,0,0,449,361,88,1.0,25
376,1,1,446,454,-8,0.0,22
384,0,0,460,394,66,1.0,21
384,1,1,414,570,-156,0.0,25
392,0,0,485,453,32,1.0,20
392,1,1,400,472,-72,0.0,30
400,0,0,400,442,-42,0.0,29
400,1,1,418,438,-20,0.0,25
408,0,0,560,426,134,1.0,23
408,1,1,457,480,-23,0.0,20
416,0,0,471,544,-73,0.0,23
416,1,1,402,521,-119,0.0,21
424,0,0,443,538,-95,0.0,23
424,1,1,431,399,32,1.0,23
432,0,0,562,436,126,1.0,22
432,1,1,363,489,-126,0.0,23
440,0,0,340,572,-232,0.0,20
440,1,1,525,364,161,1.0,23
448,0,0,417,428,-11,0.0,21
448,1,1,444,541,-97,0.0,22
456,0,0,508,416,92,1.0,23
456,1,1,442,526,-84,0.0,21
464,0,0,386,451,-65,0.0,26
464,1,1,470,410,60,1.0,23
472,0,0,460,501,-41,0.0,22
472,1,1,474,344,130,1.0,24
480,0,0,399,581,-182,0.0,21
480,1,1,422,376,46,1.0,22
488,0,0,481,413,68,1.0,22
488,1,1,415,394,21,1.0,24
496,0,0,443,392,51,1.0,26
496,1,1,552,432,120,1.0,20
504,0,0,401,376,25,1.0,26
504,1,1,404,424,-20,0.0,29
512,0,0,345,476,-131,0.0,25
512,1,1,534,288,246,1.0,27
520,0,0,445,415,30,1.0,22
520,1,1,367,431,-64,0.0,26
528,0,0,502,412,90,1.0,23
528,1,1,459,437,22,1.0,20
536,0,0,400,309,91,1.0,25
536,1,1,485,492,-7,0.0,24
544,0,0,513,463,50,1.0,26
544,1,1,474,428,46,1.0,23
552,0,0,407,465,-58,0.0,23
552,1,1,507,354,153,1.0,23
560,0,0,404,386,18,1.0,24
560,1,1,444,443,1,1.0,24
568,0,0,521,426,95,1.0,22
568,1,1,418,472,-54,0.0,22
576,0,0,446,485,-39,0.0,23
576,1,1,465,466,-1,0.0,34
584,0,0,491,387,104,1.0,21
584,1,1,388,525,-137,0.0,21
592,0,0,417,504,-87,0.0,23
592,1,1,469,410,59,1.0,21
600,0,0,443,385,58,1.0,25
600,1,1,385,359,26,1.0,24
608,0,0,424,466,-42,0.0,24
608,1,1,458,515,-57,0.0,23
616,0,0,379,469,-90,0.0,24
616,1,1,404,424,-20,0.0,24
624,0,0,352,553,-201,0.0,24
624,1,1,494,354,140,1.0,22
632,0,0,391,434,-43,0.0,25
632,1,1,414,413,1,1.0,26
640,0,0,379,432,-53,0.0,22
640,1,1,423,442,-19,0.0,23
648,0,0,502,431,71,1.0,21
648,1,1,383,459,-76,0.0,23
656,0,0,461,455,6,1.0,26
656,1,1,472,473,-1,0.0,22
664,0,0,396,373,23,1.0,24
664,1,1,445,541,-96,0.0,23
672,0,0,444,480,-36,0.0,21
672,1,1,448,430,18,1.0,24
680,0,0,350,397,-47,0.0,24
680,1,1,426,410,16,1.0,33
688,0,0,505,395,110,1.0,24
688,1,1,439,443,-4,0.0,23
696,0,0,487,339,148,1.0,26
696,1,1,339,492,-153,0.0,23
704,0,0,481,498,-17,0.0,20
704,1,1,402,458,-56,0.0,22
712,0,0,447,369,78,1.0,27
712,1,1,403,524,-121,0.0,23
720,0,0,426,393,33,1.0,27
720,1,1,481,453,28,1.0,20
728,0,0,521,513,8,1.0,19
728,1,1,583,350,233,1.0,19
736,0,0,566,323,243,1.0,22
736,1,1,377,514,-137,0.0,21
744,0,0,479,437,42,1.0,19
744,1,1,352,494,-142,0.0,28
752,0,0,447,354,93,1.0,23
752,1,1,412,430,-18,0.0,22
760,0,0,456,476,-20,0.0,25
760,1,1,431,510,-79,0.0,22
768,0,0,368,487,-119,0.0,23
768,1,1,465,379,86,1.0,21
776,0,0,517,421,96,1.0,23
776,1,1,446,419,27,1.0,22
784,0,0,343,590,-247,0.0,18
784,1,1,526,439,87,1.0,22
792,0,0,448,418,30,1.0,22
792,1,1,506,323,183,1.0,23
800,0,0,470,383,87,1.0,22
800,1,1,402,544,-142,0.0,27
808,0,0,470,455,15,1.0,22
808,1,1,442,518,-76,0.0,22
816,0,0,494,412,82,1.0,25
816,1,1,435,453,-18,0.0,21
824,0,0,455,452,3,1.0,22
824,1,1,476,453,23,1.0,29
832,0,0,628,348,280,1.0,21
832,1,1,364,607,-243,0.0,21
840,0,0,370,480,-110,0.0,23
840,1,1,421,378,43,1.0,25
848,0,0,391,455,-64,0.0,26
848,1,1,371,328,43,1.0,23
856,0,0,484,376,108,1.0,27
856,1,1,401,399,2,1.0,23
864,0,0,408,448,-40,0.0,24
864,1,1,400,357,43,1.0,24
872,0,0,407,457,-50,0.0,23
872,1,1,522,487,35,1.0,20
880,0,0,425,498,-73,0.0,22
880,1,1,529,439,90,1.0,24
888,0,0,438,497,-59,0.0,24
888,1,1,422,524,-102,0.0,26
896,0,0,492,429,63,1.0,26
896,1,1,465,351,114,1.0,24
904,0,0,406,389,17,1.0,25
904,1,1,507,404,103,1.0,24
912,0,0,425,351,74,1.0,24
912,1,1,474,374,100,1.0,26
920,0,0,484,445,39,1.0,23
920,1,1,441,467,-26,0.0,24
928,0,0,500,359,141,1.0,23
928,1,1,367,460,-93,0.0,23
936,0,0,364,333,31,1.0,25
936,1,1,388,296,92,1.0,27
944,0,0,418,425,-7,0.0,23
944,1,1,557,465,92,1.0,23
952,0,0,409,487,-78,0.0,21
952,1,1,488,323,165,1.0,24
960,0,0,418,403,15,1.0,23
960,1,1,509,434,75,1.0,23
968,0,0,376,469,-93,0.0,22
968,1,1,475,504,-29,0.0,20
976,0,0,433,490,-57,0.0,28
976,1,1,536,440,96,1.0,22
984,0,0,489,524,-35,0.0,22
984,1,1,457,466,-9,0.0,26
992,0,0,466,350,116,1.0,24
992,1,1,491,416,75,1.0,24
1000,0,0,474,407,67,1.0,22
1000,1,1,439,400,39,1.0,24
1008,0,0,501,440,61,1.0,20
1008,1,1,497,501,-4,0.0,22
1016,0,0,334,403,-69,0.0,31
1016,1,1,517,322,195,1.0,24
1024,0,0,461,438,23,1.0,22
1024,1,1,496,471,25,1.0,19
1032,0,0,466,407,59,1.0,21
1032,1,1,478,473,5,1.0,23
1040,0,0,513,333,180,1.0,27
1040,1,1,426,421,5,1.0,31
1048,0,0,424,474,-50,0.0,27
1048,1,1,419,469,-50,0.0,25
1056,0,0,477,419,58,1.0,23
1056,1,1,475,420,55,1.0,23
1064,0,0,477,298,179,1.0,28
1064,1,1,398,377,21,1.0,27
1072,0,0,434,457,-23,0.0,23
1072,1,1,527,432,95,1.0,28
1080,0,0,555,427,128,1.0,26
1080,1,1,413,401,12,1.0,28
1088,0,0,455,519,-64,0.0,22
1088,1,1,495,473,22,1.0,25
1096,0,0,454,411,43,1.0,23
1096,1,1,384,563,-179,0.0,24
1104,0,0,404,433,-29,0.0,23
1104,1,1,492,447,45,1.0,25
1112,0,0,415,368,47,1.0,20
1112,1,1,415,437,-22,0.0,22
1120,0,0,409,406,3,1.0,24
1120,1,1,448,442,6,1.0,23
1128,0,0,453,381,72,1.0,22
1128,1,1,360,367,-7,0.0,23
1136,0,0,514,490,24,1.0,23
1136,1,1,495,455,40,1.0,20
1144,0,0,400,402,-2,0.0,27
1144,1,1,479,319,160,1.0,26
1152,0,0,451,408,43,1.0,22
1152,1,1,439,530,-91,0.0,22
1160,0,0,531,397,134,1.0,25
1160,1,1,378,464,-86,0.0,23
1168,0,0,451,447,4,1.0,27
1168,1,1,476,417,59,1.0,22
1176,0,0,473,452,21,1.0,23
1176,1,1,525,382,143,1.0,23
1184,0,0,483,471,12,1.0,22
1184,1,1,384,577,-193,0.0,26
1192,0,0,494,422,72,1.0,23
1192,1,1,347,428,-81,0.0,23
1200,0,0,407,454,-47,0.0,25
1200,1,1,440,482,-42,0.0,23
1208,0,0,401,412,-11,0.0,23
1208,1,1,499,399,100,1.0,24
1216,0,0,379,528,-149,0.0,24
1216,1,1,504,355,149,1.0,25
1224,0,0,484,430,54,1.0,25
1224,1,1,328,569,-241,0.0,23
1232,0,0,432,413,19,1.0,23
1232,1,1,422,397,25,1.0,28
1240,0,0,499,435,64,1.0,22
1240,1,1,381,512,-131,0.0,23
1248,0,0,334,431,-97,0.0,22
1248,1,1,527,525,2,1.0,19
1256,0,0,530,350,180,1.0,23
1256,1,1,485,404,81,1.0,21
1264,0,0,426,434,-8,0.0,27
1264,1,1,454,414,40,1.0,29
1272,0,0,460,451,9,1.0,25
1272,1,1,441,480,-39,0.0,23
1280,0,0,349,489,-140,0.0,22
1280,1,1,435,443,-8,0.0,22
1288,0,0,520,380,140,1.0,22
1288,1,1,436,424,12,1.0,26
1296,0,0,413,409,4,1.0,22
1296,1,1,377,455,-78,0.0,24
1304,0,0,566,374,192,1.0,20
1304,1,1,323,498,-175,0.0,21
1312,0,0,462,446,16,1.0,21
1312,1,1,376,524,-148,0.0,23
1320,0,0,417,395,22,1.0,24
1320,1,1,434,413,21,1.0,21
1328,0,0,502,455,47,1.0,24
1328,1,1,423,494,-71,0.0,22
1336,0,0,512,467,45,1.0,25
1336,1,1,428,511,-83,0.0,23
1344,0,0,469,447,22,1.0,22
1344,1,1,394,399,-5,0.0,22
1352,0,0,445,402,43,1.0,20
1352,1,1,386,443,-57,0.0,24
1360,0,0,478,356,122,1.0,21
1360,1,1,364,491,-127,0.0,23
1368,0,0,423,426,-3,0.0,24
1368,1,1,379,357,22,1.0,23
1376,0,0,440,404,36,1.0,22
1376,1,1,416,579,-163,0.0,29
1384,0,0,454,498,-44,0.0,22
1384,1,1,466,492,-26,0.0,21
1392,0,0,370,386,-16,0.0,21
1392,1,1,368,374,-6,0.0,23
1400,0,0,356,528,-172,0.0,22
1400,1,1,492,334,158,1.0,23
1408,0,0,418,395,23,1.0,23
1408,1,1,479,488,-9,0.0,22
1416,0,0,414,503,-89,0.0,24
1416,1,1,495,504,-9,0.0,22
1424,0,0,423,429,-6,0.0,24
1424,1,1,360,450,-90,0.0,26
1432,0,0,454,485,-31,0.0,22
1432,1,1,444,457,-13,0.0,23
1440,0,0,537,391,146,1.0,24
1440,1,1,440,435,5,1.0,23
1448,0,0,418,357,61,1.0,22
1448,1,1,354,480,-126,0.0,21
1456,0,0,421,492,-71,0.0,21
1456,1,1,418,308,110,1.0,26
1464,0,0,458,414,44,1.0,22
1464,1,1,471,520,-49,0.0,22
1472,0,0,447,516,-69,0.0,24
1472,1,1,492,420,72,1.0,23
1480,0,0,459,390,69,1.0,29
1480,1,1,420,429,-9,0.0,26
1488,0,0,497,453,44,1.0,23
1488,1,1,475,507,-32,0.0,22
1496,0,0,475,403,72,1.0,21
1496,1,1,341,445,-104,0.0,23
1504,0,0,521,468,53,1.0,22
1504,1,1,363,532,-169,0.0,23
1512,0,0,515,449,66,1.0,25
1512,1,1,471,402,69,1.0,24
1520,0,0,462,399,63,1.0,22
1520,1,1,454,483,-29,0.0,21
1528,0,0,346,500,-154,0.0,24
1528,1,1,475,420,55,1.0,22
1536,0,0,496,398,98,1.0,22
1536,1,1,387,586,-199,0.0,21
1544,0,0,422,426,-4,0.0,21
1544,1,1,520,450,70,1.0,24
1552,0,0,409,415,-6,0.0,23
1552,1,1,450,464,-14,0.0,24
1560,0,0,398,495,-97,0.0,22
1560,1,1,478,380,98,1.0,23
1568,0,0,407,454,-47,0.0,26
1568,1,1,432,419,13,1.0,23
1576,0,0,528,402,126,1.0,27
1576,1,1,400,435,-35,0.0,22
1584,0,0,408,584,-176,0.0,26
1584,1,1,583,335,248,1.0,22
1592,0,0,557,451,106,1.0,20
1592,1,1,415,518,-103,0.0,21
1600,0,0,338,523,-185,0.0,22
1600,1,1,372,491,-119,0.0,25
1608,0,0,512,343,169,1.0,23
1608,1,1,442,457,-15,0.0,22
1616,0,0,464,474,-10,0.0,20
1616,1,1,492,489,3,1.0,20
1624,0,0,334,428,-94,0.0,26
1624,1,1,422,439,-17,0.0,21
1632,0,0,422,335,87,1.0,25
1632,1,1,454,433,21,1.0,25
1640,0,0,444,530,-86,0.0,23
1640,1,1,487,459,28,1.0,24
1648,0,0,552,471,81,1.0,20
1648,1,1,418,453,-35,0.0,24
1656,0,0,434,384,50,1.0,21
1656,1,1,413,429,-16,0.0,23
1664,0,0,523,445,78,1.0,25
1664,1,1,444,379,65,1.0,23
1672,0,0,434,413,21,1.0,23
1672,1,1,372,453,-81,0.0,24
1680,0,0,431,486,-55,0.0,23
1680,1,1,488,449,39,1.0,21
1688,0,0,426,428,-2,0.0,38
1688,1,1,464,406,58,1.0,24
1696,0,0,457,409,48,1.0,23
1696,1,1,493,434,59,1.0,24
1704,0,0,559,454,105,1.0,23
1704,1,1,514,402,112,1.0,23
1712,0,0,502,469,33,1.0,23
1712,1,1,455,506,-51,0.0,22
1720,0,0,380,537,-157,0.0,23
1720,1,1,369,422,-53,0.0,22
1728,0,0,524,378,146,1.0,22
1728,1,1,375,518,-143,0.0,21
1736,0,0,530,398,132,1.0,23
1736,1,1,455,420,35,1.0,23
1744,0,0,432,458,-26,0.0,28
1744,1,1,448,368,80,1.0,25
1752,0,0,473,539,-66,0.0,24
1752,1,1,475,468,7,1.0,25
1760,0,0,371,422,-51,0.0,26
1760,1,1,336,505,-169,0.0,26
1768,0,0,485,504,-19,0.0,21
1768,1,1,601,459,142,1.0,22
1776,0,0,352,447,-95,0.0,24
1776,1,1,543,400,143,1.0,26
1784,0,0,557,399,158,1.0,23
1784,1,1,369,501,-132,0.0,22
1792,0,0,475,393,82,1.0,22
1792,1,1,408,473,-65,0.0,24
1800,0,0,481,364,117,1.0,26
1800,1,1,395,414,-19,0.0,22
1808,0,0,436,360,76,1.0,22
1808,1,1,337,463,-126,0.0,25
1816,0,0,461,381,80,1.0,23
1816,1,1,418,365,53,1.0,24
1824,0,0,416,429,-13,0.0,30
1824,1,1,396,390,6,1.0,23
1832,0,0,451,483,-32,0.0,31
1832,1,1,446,393,53,1.0,23
1840,0,0,409,425,-16,0.0,24
1840,1,1,436,453,-17,0.0,25
1848,0,0,434,361,73,1.0,30
1848,1,1,473,412,61,1.0,29
1856,0,0,455,468,-13,0.0,24
1856,1,1,411,494,-83,0.0,22
1864,0,0,532,449,83,1.0,21
1864,1,1,395,459,-64,0.0,20
1872,0,0,450,403,47,1.0,24
1872,1,1,416,456,-40,0.0,24
1880,0,0,482,467,15,1.0,22
1880,1,1,429,477,-48,0.0,22
1888,0,0,358,432,-74,0.0,24
1888,1,1,484,410,74,1.0,23
1896,0,0,400,440,-40,0.0,23
1896,1,1,389,549,-160,0.0,28
1904,0,0,454,433,21,1.0,22
1904,1,1,438,406,32,1.0,25
1912,0,0,455,485,-30,0.0,24
1912,1,1,486,414,72,1.0,22
1920,0,0,460,426,34,1.0,20
1920,1,1,314,495,-181,0.0,25
1928,0,0,466,435,31,1.0,24
1928,1,1,463,511,-48,0.0,21
1936,0,0,431,348,83,1.0,20
1936,1,1,450,414,36,1.0,24
1944,0,0,438,430,8,1.0,24
1944,1,1,399,487,-88,0.0,24
1952,0,0,453,486,-33,0.0,21
1952,1,1,440,410,30,1.0,24
1960,0,0,396,471,-75,0.0,25
1960,1,1,429,381,48,1.0,25
1968,0,0,401,448,-47,0.0,23
1968,1,1,477,372,105,1.0,21
1976,0,0,542,404,138,1.0,24
1976,1,1,488,419,69,1.0,23
1984,0,0,411,431,-20,0.0,24
1984,1,1,500,440,60,1.0,21
1992,0,0,559,354,205,1.0,26
1992,1,1,362,489,-127,0.0,21
1,0,0,395,497,-102,0.0,21
1,1,1,473,436,37,1.0,25
9,0,0,329,599,-270,0.0,22
9,1,1,554,438,116,1.0,23
17,0,0,416,401,15,1.0,23
17,1,1,396,400,-4,0.0,23
25,0,0,415,494,-79,0.0,22
25,1,1,460,528,-68,0.0,20
33,0,0,445,585,-140,0.0,23
33,1,1,533,393,140,1.0,21
41,0,0,331,397,-66,0.0,26
41,1,1,531,402,129,1.0,21
49,0,0,431,482,-51,0.0,24
49,1,1,446,441,5,1.0,26
57,0,0,444,476,-32,0.0,22
57,1,1,508,408,100,1.0,21
65,0,0,394,481,-87,0.0,22
65,1,1,485,488,-3,0.0,26
73,0,0,406,406,0,0.5,24
73,1,1,408,376,32,1.0,26
81,0,0,345,601,-256,0.0,21
81,1,1,586,416,170,1.0,24
89,0,0,384,467,-83,0.0,23
89,1,1,452,419,33,1.0,24
97,0,0,408,432,-24,0.0,22
97,1,1,447,493,-46,0.0,24
105,0,0,457,397,60,1.0,23
105,1,1,456,524,-68,0.0,22
113,0,0,324,564,-240,0.0,24
113,1,1,392,392,0,0.5,24
121,0,0,496,486,10,1.0,23
121,1,1,420,457,-37,0.0,21
129,0,0,423,409,14,1.0,23
129,1,1,472,475,-3,0.0,19
137,0,0,375,462,-87,0.0,25
137,1,1,494,334,160,1.0,24
145,0,0,323,424,-101,0.0,27
145,1,1,463,417,46,1.0,26
153,0,0,391,504,-113,0.0,25
153,1,1,491,444,47,1.0,28
161,0,0,436,365,71,1.0,20
161,1,1,455,490,-35,0.0,26
169,0,0,343,509,-166,0.0,27
169,1,1,392,340,52,1.0,25
177,0,0,456,530,-74,0.0,22
177,1,1,357,451,-94,0.0,21
185,0,0,369,510,-141,0.0,23
185,1,1,457,493,-36,0.0,24
193,0,0,446,358,88,1.0,22
193,1,1,448,467,-19,0.0,22
201,0,0,484,437,47,1.0,30
201,1,1,466,420,46,1.0,21
209,0,0,392,506,-114,0.0,26
209,1,1,340,393,-53,0.0,22
217,0,0,455,506,-51,0.0,25
217,1,1,437,568,-131,0.0,24
225,0,0,445,486,-41,0.0,26
225,1,1,502,432,70,1.0,24
233,0,0,409,506,-97,0.0,25
233,1,1,501,432,69,1.0,22
241,0,0,423,516,-93,0.0,20
241,1,1,459,594,-135,0.0,18
249,0,0,441,453,-12,0.0,22
249,1,1,485,403,82,1.0,22
257,0,0,425,542,-117,0.0,23
257,1,1,525,442,83,1.0,23
265,0,0,489,442,47,1.0,21
265,1,1,432,403,29,1.0,25
273,0,0,504,374,130,1.0,24
273,1,1,496,424,72,1.0,23
281,0,0,459,518,-59,0.0,21
281,1,1,509,368,141,1.0,24
289,0,0,389,422,-33,0.0,25
289,1,1,463,336,127,1.0,23
297,0,0,531,413,118,1.0,21
297,1,1,416,494,-78,0.0,23
305,0,0,445,381,64,1.0,23
305,1,1,409,418,-9,0.0,26
313,0,0,423,455,-32,0.0,23
313,1,1,480,396,84,1.0,24
321,0,0,416,429,-13,0.0,25
321,1,1,502,363,139,1.0,21
329,0,0,452,411,41,1.0,21
329,1,1,382,458,-76,0.0,24
337,0,0,422,548,-126,0.0,22
337,1,1,530,426,104,1.0,23
345,0,0,394,507,-113,0.0,25
345,1,1,372,488,-116,0.0,27
353,0,0,536,403,133,1.0,22
353,1,1,421,526,-105,0.0,24
361,0,0,367,574,-207,0.0,21
361,1,1,517,323,194,1.0,23
369,0,0,377,450,-73,0.0,22
369,1,1,438,402,36,1.0,24
377,0,0,473,523,-50,0.0,20
377,1,1,525,453,72,1.0,21
385,0,0,427,426,1,1.0,26
385,1,1,310,487,-177,0.0,31
393,0,0,389,435,-46,0.0,23
393,1,1,411,379,32,1.0,25
401,0,0,353,566,-213,0.0,25
401,1,1,559,309,250,1.0,24
409,0,0,467,417,50,1.0,20
409,1,1,480,419,61,1.0,26
417,0,0,411,471,-60,0.0,24
417,1,1,462,471,-9,0.0,23
425,0,0,378,558,-180,0.0,23
425,1,1,530,400,130,1.0,21
433,0,0,422,437,-15,0.0,25
433,1,1,574,366,208,1.0,21
441,0,0,412,388,24,1.0,27
441,1,1,382,416,-34,0.0,28
449,0,0,368,478,-110,0.0,21
449,1,1,420,346,74,1.0,23
457,0,0,517,464,53,1.0,22
457,1,1,515,440,75,1.0,24
465,0,0,411,459,-48,0.0,22
465,1,1,380,388,-8,0.0,26
473,0,0,418,449,-31,0.0,25
473,1,1,505,352,153,1.0,23
481,0,0,512,454,58,1.0,27
481,1,1,409,482,-73,0.0,24
489,0,0,447,420,27,1.0,22
489,1,1,481,407,74,1.0,22
497,0,0,436,511,-75,0.0,20
497,1,1,501,458,43,1.0,20
505,0,0,394,586,-192,0.0,23
505,1,1,512,325,187,1.0,21
513,0,0,482,350,132,1.0,26
513,1,1,328,355,-27,0.0,33
521,0,0,467,400,67,1.0,28
521,1,1,344,447,-103,0.0,26
529,0,0,370,570,-200,0.0,24
529,1,1,476,363,113,1.0,22
537,0,0,467,445,22,1.0,24
537,1,1,422,451,-29,0.0,22
545,0,0,573,385,188,1.0,26
545,1,1,401,461,-60,0.0,25
553,0,0,499,394,105,1.0,24
553,1,1,426,367,59,1.0,20
561,0,0,432,519,-87,0.0,22
561,1,1,536,438,98,1.0,21
569,0,0,474,479,-5,0.0,22
569,1,1,449,418,31,1.0,23
577,0,0,413,518,-105,0.0,23
577,1,1,510,447,63,1.0,19
585,0,0,394,525,-131,0.0,25
585,1,1,402,372,30,1.0,23
593,0,0,361,567,-206,0.0,22
593,1,1,507,414,93,1.0,22
601,0,0,420,432,-12,0.0,22
601,1,1,497,434,63,1.0,21
609,0,0,430,409,21,1.0,22
609,1,1,396,403,-7,0.0,24
617,0,0,416,622,-206,0.0,21
617,1,1,436,477,-41,0.0,24
625,0,0,359,560,-201,0.0,22
625,1,1,453,408,45,1.0,22
633,0,0,407,445,-38,0.0,22
633,1,1,509,334,175,1.0,23
641,0,0,423,407,16,1.0,23
641,1,1,560,426,134,1.0,23
649,0,0,331,467,-136,0.0,24
649,1,1,534,412,122,1.0,23
657,0,0,452,377,75,1.0,23
657,1,1,380,547,-167,0.0,21
665,0,0,406,448,-42,0.0,21
665,1,1,443,439,4,1.0,23
673,0,0,415,307,108,1.0,24
673,1,1,555,448,107,1.0,23
681,0,0,459,406,53,1.0,23
681,1,1,360,432,-72,0.0,25
689,0,0,479,437,42,1.0,23
689,1,1,416,428,-12,0.0,23
697,0,0,313,526,-213,0.0,25
697,1,1,523,440,83,1.0,25
705,0,0,391,542,-151,0.0,22
705,1,1,560,383,177,1.0,25
713,0,0,578,478,100,1.0,20
713,1,1,511,441,70,1.0,23
721,0,0,390,446,-56,0.0,23
721,1,1,435,327,108,1.0,22
729,0,0,488,500,-12,0.0,23
729,1,1,535,457,78,1.0,24
737,0,0,421,512,-91,0.0,21
737,1,1,440,457,-17,0.0,23
745,0,0,434,437,-3,0.0,21
745,1,1,471,386,85,1.0,21
753,0,0,435,457,-22,0.0,26
753,1,1,372,503,-131,0.0,26
761,0,0,468,430,38,1.0,24
761,1,1,436,435,1,1.0,25
769,0,0,466,463,3,1.0,26
769,1,1,427,417,10,1.0,25
777,0,0,514,297,217,1.0,26
777,1,1,421,502,-81,0.0,23
785,0,0,411,521,-110,0.0,23
785,1,1,374,338,36,1.0,22
793,0,0,423,467,-44,0.0,23
793,1,1,435,468,-33,0.0,23
801,0,0,420,482,-62,0.0,23
801,1,1,437,472,-35,0.0,22
809,0,0,532,466,66,1.0,20
809,1,1,511,457,54,1.0,22
817,0,0,474,529,-55,0.0,21
817,1,1,569,421,148,1.0,22
825,0,0,442,463,-21,0.0,23
825,1,1,558,384,174,1.0,26
833,0,0,453,426,27,1.0,24
833,1,1,462,510,-48,0.0,23
841,0,0,491,505,-14,0.0,24
841,1,1,440,395,45,1.0,26
849,0,0,556,380,176,1.0,24
849,1,1,348,486,-138,0.0,23
857,0,0,410,395,15,1.0,27
857,1,1,475,420,55,1.0,22
865,0,0,502,395,107,1.0,28
865,1,1,468,477,-9,0.0,24
873,0,0,424,354,70,1.0,27
873,1,1,498,586,-88,0.0,22
881,0,0,410,439,-29,0.0,22
881,1,1,439,422,17,1.0,29
889,0,0,394,543,-149,0.0,21
889,1,1,468,426,42,1.0,19
897,0,0,442,453,-11,0.0,23
897,1,1,500,455,45,1.0,25
905,0,0,515,482,33,1.0,19
905,1,1,461,480,-19,0.0,22
913,0,0,521,396,125,1.0,25
913,1,1,406,458,-52,0.0,21
921,0,0,454,435,19,1.0,20
921,1,1,395,455,-60,0.0,21
929,0,0,541,365,176,1.0,25
929,1,1,469,335,134,1.0,25
937,0,0,429,488,-59,0.0,23
937,1,1,429,421,8,1.0,27
945,0,0,526,438,88,1.0,25
945,1,1,527,367,160,1.0,19
953,0,0,513,377,136,1.0,22
953,1,1,490,540,-50,0.0,24
961,0,0,370,466,-96,0.0,22
961,1,1,734,421,313,1.0,23
969,0,0,462,522,-60,0.0,27
969,1,1,439,385,54,1.0,23
977,0,0,421,448,-27,0.0,27
977,1,1,432,386,46,1.0,27
985,0,0,376,488,-112,0.0,23
985,1,1,566,395,171,1.0,21
993,0,0,479,426,53,1.0,21
993,1,1,413,522,-109,0.0,24
1001,0,0,375,432,-57,0.0,26
1001,1,1,416,456,-40,0.0,27
1009,0,0,479,419,60,1.0,23
1009,1,1,438,482,-44,0.0,23
1017,0,0,444,416,28,1.0,25
1017,1,1,557,427,130,1.0,24
1025,0,0,318,538,-220,0.0,22
1025,1,1,481,377,104,1.0,24
1033,0,0,458,461,-3,0.0,24
1033,1,1,415,505,-90,0.0,22
1041,0,0,613,411,202,1.0,27
1041,1,1,392,422,-30,0.0,27
1049,0,0,468,555,-87,0.0,22
1049,1,1,509,434,75,1.0,22
1057,0,0,429,400,29,1.0,23
1057,1,1,441,504,-63,0.0,24
1065,0,0,447,450,-3,0.0,22
1065,1,1,424,335,89,1.0,23
1073,0,0,368,466,-98,0.0,22
1073,1,1,472,455,17,1.0,20
1081,0,0,418,560,-142,0.0,22
1081,1,1,552,383,169,1.0,21
1089,0,0,480,448,32,1.0,26
1089,1,1,378,408,-30,0.0,24
1097,0,0,536,456,80,1.0,22
1097,1,1,414,450,-36,0.0,26
1105,0,0,400,492,-92,0.0,25
1105,1,1,396,399,-3,0.0,26
1113,0,0,482,377,105,1.0,24
1113,1,1,442,462,-20,0.0,22
1121,0,0,410,371,39,1.0,28
1121,1,1,446,396,50,1.0,22
1129,0,0,401,504,-103,0.0,22
1129,1,1,478,414,64,1.0,21
1137,0,0,346,528,-182,0.0,24
1137,1,1,479,308,171,1.0,24
1145,0,0,495,395,100,1.0,22
1145,1,1,451,446,5,1.0,23
1153,0,0,427,583,-156,0.0,23
1153,1,1,591,402,189,1.0,21
1161,0,0,429,401,28,1.0,24
1161,1,1,451,410,41,1.0,18
1169,0,0,462,473,-11,0.0,25
1169,1,1,518,416,102,1.0,24
1177,0,0,519,325,194,1.0,24
1177,1,1,339,494,-155,0.0,26
1185,0,0,429,359,70,1.0,26
1185,1,1,479,375,104,1.0,26
1193,0,0,479,427,52,1.0,22
1193,1,1,446,461,-15,0.0,23
1201,0,0,419,491,-72,0.0,27
1201,1,1,408,407,1,1.0,27
1209,0,0,458,406,52,1.0,23
1209,1,1,436,395,41,1.0,25
1217,0,0,501,529,-28,0.0,24
1217,1,1,390,457,-67,0.0,26
1225,0,0,341,458,-117,0.0,25
1225,1,1,394,418,-24,0.0,28
1233,0,0,544,467,77,1.0,22
1233,1,1,519,425,94,1.0,21
1241,0,0,386,534,-148,0.0,29
1241,1,1,559,385,174,1.0,25
1249,0,0,435,393,42,1.0,27
1249,1,1,451,469,-18,0.0,23
1257,0,0,457,552,-95,0.0,23
1257,1,1,418,414,4,1.0,22
1265,0,0,456,468,-12,0.0,21
1265,1,1,472,506,-34,0.0,21
1273,0,0,454,508,-54,0.0,21
1273,1,1,399,391,8,1.0,21
1281,0,0,337,581,-244,0.0,20
1281,1,1,451,447,4,1.0,22
1289,0,0,423,451,-28,0.0,26
1289,1,1,529,416,113,1.0,22
1297,0,0,418,473,-55,0.0,22
1297,1,1,420,450,-30,0.0,20
1305,0,0,590,425,165,1.0,21
1305,1,1,425,445,-20,0.0,22
1313,0,0,415,516,-101,0.0,23
1313,1,1,529,456,73,1.0,20
1321,0,0,419,525,-106,0.0,19
1321,1,1,464,343,121,1.0,23
1329,0,0,382,564,-182,0.0,25
1329,1,1,511,422,89,1.0,20
1337,0,0,606,461,145,1.0,18
1337,1,1,507,492,15,1.0,23
1345,0,0,356,384,-28,0.0,23
1345,1,1,455,385,70,1.0,23
1353,0,0,346,392,-46,0.0,23
1353,1,1,433,409,24,1.0,22
1361,0,0,460,479,-19,0.0,22
1361,1,1,460,404,56,1.0,24
1369,0,0,474,346,128,1.0,20
1369,1,1,357,525,-168,0.0,21
1377,0,0,385,462,-77,0.0,23
1377,1,1,436,423,13,1.0,23
1385,0,0,510,369,141,1.0,22
1385,1,1,388,464,-76,0.0,23
1393,0,0,411,483,-72,0.0,25
1393,1,1,488,394,94,1.0,24
1401,0,0,489,379,110,1.0,26
1401,1,1,388,513,-125,0.0,22
1409,0,0,408,440,-32,0.0,22
1409,1,1,437,365,72,1.0,21
1417,0,0,420,417,3,1.0,20
1417,1,1,417,460,-43,0.0,21
1425,0,0,490,509,-19,0.0,25
1425,1,1,491,439,52,1.0,23
1433,0,0,394,463,-69,0.0,27
1433,1,1,537,438,99,1.0,25
1441,0,0,443,456,-13,0.0,22
1441,1,1,490,552,-62,0.0,24
1449,0,0,389,461,-72,0.0,23
1449,1,1,473,414,59,1.0,25
1457,0,0,564,397,167,1.0,25
1457,1,1,353,448,-95,0.0,24
1465,0,0,446,575,-129,0.0,23
1465,1,1,446,445,1,1.0,20
1473,0,0,348,380,-32,0.0,23
1473,1,1,481,511,-30,0.0,24
1481,0,0,441,401,40,1.0,23
1481,1,1,484,365,119,1.0,22
1489,0,0,424,577,-153,0.0,23
1489,1,1,455,537,-82,0.0,24
1497,0,0,431,447,-16,0.0,24
1497,1,1,433,494,-61,0.0,23
1505,0,0,408,480,-72,0.0,27
1505,1,1,470,396,74,1.0,24
1513,0,0,398,450,-52,0.0,22
1513,1,1,471,332,139,1.0,25
1521,0,0,429,459,-30,0.0,25
1521,1,1,553,362,191,1.0,25
1529,0,0,440,459,-19,0.0,21
1529,1,1,417,541,-124,0.0,22
1537,0,0,452,427,25,1.0,24
1537,1,1,491,466,25,1.0,23
1545,0,0,502,431,71,1.0,22
1545,1,1,418,523,-105,0.0,23
1553,0,0,429,419,10,1.0,27
1553,1,1,459,375,84,1.0,26
1561,0,0,463,389,74,1.0,21
1561,1,1,457,408,49,1.0,22
1569,0,0,331,534,-203,0.0,24
1569,1,1,489,347,142,1.0,22
1577,0,0,433,415,18,1.0,25
1577,1,1,407,373,34,1.0,26
1585,0,0,411,484,-73,0.0,21
1585,1,1,440,406,34,1.0,24
1593,0,0,465,446,19,1.0,27
1593,1,1,357,494,-137,0.0,24
1601,0,0,492,365,127,1.0,22
1601,1,1,409,493,-84,0.0,22
1609,0,0,436,519,-83,0.0,23
1609,1,1,452,323,129,1.0,27
1617,0,0,323,426,-103,0.0,25
1617,1,1,490,335,155,1.0,22
1625,0,0,324,464,-140,0.0,24
1625,1,1,347,568,-221,0.0,22
1633,0,0,501,463,38,1.0,23
1633,1,1,361,473,-112,0.0,21
1641,0,0,473,410,63,1.0,21
1641,1,1,421,483,-62,0.0,19
1649,0,0,570,355,215,1.0,25
1649,1,1,533,385,148,1.0,23
1657,0,0,376,315,61,1.0,29
1657,1,1,451,357,94,1.0,23
1665,0,0,484,420,64,1.0,22
1665,1,1,429,419,10,1.0,23
1673,0,0,452,463,-11,0.0,22
1673,1,1,412,493,-81,0.0,23
1681,0,0,417,437,-20,0.0,32
1681,1,1,469,406,63,1.0,24
1689,0,0,394,434,-40,0.0,22
1689,1,1,509,401,108,1.0,26
1697,0,0,515,466,49,1.0,20
1697,1,1,445,518,-73,0.0,21
1705,0,0,534,357,177,1.0,24
1705,1,1,554,449,105,1.0,27
1713,0,0,506,373,133,1.0,23
1713,1,1,330,441,-111,0.0,28
1721,0,0,387,630,-243,0.0,19
1721,1,1,474,380,94,1.0,21
1729,0,0,411,561,-150,0.0,20
1729,1,1,461,504,-43,0.0,21
1737,0,0,447,468,-21,0.0,21
1737,1,1,458,495,-37,0.0,24
1745,0,0,467,434,33,1.0,23
1745,1,1,415,500,-85,0.0,21
1753,0,0,350,481,-131,0.0,27
1753,1,1,382,413,-31,0.0,28
1761,0,0,408,407,1,1.0,28
1761,1,1,431,481,-50,0.0,26
1769,0,0,408,507,-99,0.0,22
1769,1,1,411,576,-165,0.0,30
1777,0,0,374,516,-142,0.0,23
1777,1,1,480,436,44,1.0,22
1785,0,0,394,536,-142,0.0,21
1785,1,1,486,398,88,1.0,24
1793,0,0,387,561,-174,0.0,22
1793,1,1,464,460,4,1.0,23
1801,0,0,326,507,-181,0.0,27
1801,1,1,498,311,187,1.0,25
1809,0,0,455,466,-11,0.0,24
1809,1,1,554,420,134,1.0,19
1817,0,0,359,463,-104,0.0,24
1817,1,1,594,431,163,1.0,24
1825,0,0,401,521,-120,0.0,26
1825,1,1,473,438,35,1.0,24
1833,0,0,451,491,-40,0.0,22
1833,1,1,497,452,45,1.0,22
1841,0,0,499,445,54,1.0,21
1841,1,1,457,448,9,1.0,21
1849,0,0,417,462,-45,0.0,23
1849,1,1,481,423,58,1.0,20
1857,0,0,522,450,72,1.0,22
1857,1,1,393,471,-78,0.0,22
1865,0,0,373,517,-144,0.0,23
1865,1,1,541,464,77,1.0,25
1873,0,0,398,632,-234,0.0,21
1873,1,1,503,385,118,1.0,20
1881,0,0,430,381,49,1.0,27
1881,1,1,362,481,-119,0.0,24
1889,0,0,387,574,-187,0.0,22
1889,1,1,549,370,179,1.0,22
1897,0,0,400,555,-155,0.0,22
1897,1,1,446,367,79,1.0,20
1905,0,0,493,383,110,1.0,24
1905,1,1,416,401,15,1.0,24
1913,0,0,373,447,-74,0.0,31
1913,1,1,437,446,-9,0.0,22
1921,0,0,491,471,20,1.0,23
1921,1,1,485,518,-33,0.0,20
1929,0,0,430,428,2,1.0,21
1929,1,1,388,385,3,1.0,24
1937,0,0,594,413,181,1.0,21
1937,1,1,338,600,-262,0.0,22
1945,0,0,539,433,106,1.0,28
1945,1,1,435,377,58,1.0,21
1953,0,0,483,413,70,1.0,25
1953,1,1,460,452,8,1.0,27
1961,0,0,473,584,-111,0.0,19
1961,1,1,542,413,129,1.0,18
1969,0,0,387,434,-47,0.0,24
1969,1,1,402,363,39,1.0,22
1977,0,0,388,388,0,0.5,25
1977,1,1,450,413,37,1.0,25
1985,0,0,435,316,119,1.0,28
1985,1,1,422,353,69,1.0,25
1993,0,0,412,488,-76,0.0,25
1993,1,1,383,445,-62,0.0,25
2,0,0,402,410,-8,0.0,23
2,1,1,457,428,29,1.0,22
10,0,0,459,413,46,1.0,29
10,1,1,417,393,24,1.0,22
18,0,0,468,412,56,1.0,23
18,1,1,383,451,-68,0.0,21
26,0,0,378,360,18,1.0,28
26,1,1,426,396,30,1.0,24
34,0,0,458,528,-70,0.0,22
34,1,1,547,421,126,1.0,26
42,0,0,485,441,44,1.0,21
42,1,1,444,501,-57,0.0,21
50,0,0,428,378,50,1.0,26
50,1,1,311,511,-200,0.0,23
58,0,0,418,445,-27,0.0,22
58,1,1,443,359,84,1.0,25
66,0,0,673,477,196,1.0,19
66,1,1,585,337,248,1.0,20
74,0,0,425,457,-32,0.0,24
74,1,1,432,475,-43,0.0,23
82,0,0,379,513,-134,0.0,24
82,1,1,445,399,46,1.0,24
90,0,0,405,375,30,1.0,29
90,1,1,463,286,177,1.0,25
98,0,0,416,404,12,1.0,25
98,1,1,376,451,-75,0.0,23
106,0,0,443,465,-22,0.0,24
106,1,1,513,473,40,1.0,22
114,0,0,422,330,92,1.0,25
114,1,1,381,506,-125,0.0,28
122,0,0,391,392,-1,0.0,26
122,1,1,407,361,46,1.0,23
130,0,0,400,408,-8,0.0,22
130,1,1,375,489,-114,0.0,23
138,0,0,467,422,45,1.0,24
138,1,1,416,522,-106,0.0,23
146,0,0,619,316,303,1.0,25
146,1,1,408,469,-61,0.0,24
154,0,0,402,388,14,1.0,26
154,1,1,454,389,65,1.0,22
162,0,0,558,367,191,1.0,22
162,1,1,368,541,-173,0.0,22
170,0,0,418,376,42,1.0,23
170,1,1,377,362,15,1.0,26
178,0,0,470,529,-59,0.0,22
178,1,1,390,530,-140,0.0,22
186,0,0,504,405,99,1.0,23
186,1,1,380,392,-12,0.0,22
194,0,0,449,324,125,1.0,23
194,1,1,427,576,-149,0.0,21
202,0,0,389,455,-66,0.0,27
202,1,1,413,512,-99,0.0,21
210,0,0,378,476,-98,0.0,24
210,1,1,410,443,-33,0.0,22
218,0,0,462,329,133,1.0,27
218,1,1,438,499,-61,0.0,23
226,0,0,425,406,19,1.0,21
226,1,1,559,427,132,1.0,21
234,0,0,511,461,50,1.0,22
234,1,1,399,509,-110,0.0,23
242,0,0,441,504,-63,0.0,23
242,1,1,459,364,95,1.0,26
250,0,0,373,463,-90,0.0,20
250,1,1,447,403,44,1.0,21
258,0,0,415,595,-180,0.0,24
258,1,1,520,336,184,1.0,22
266,0,0,375,462,-87,0.0,23
266,1,1,421,480,-59,0.0,22
274,0,0,419,441,-22,0.0,26
274,1,1,457,439,18,1.0,24
282,0,0,419,528,-109,0.0,22
282,1,1,563,422,141,1.0,24
290,0,0,585,476,109,1.0,19
290,1,1,413,494,-81,0.0,22
298,0,0,512,342,170,1.0,22
298,1,1,415,660,-245,0.0,24
306,0,0,410,463,-53,0.0,24
306,1,1,446,523,-77,0.0,25
314,0,0,491,415,76,1.0,25
314,1,1,360,462,-102,0.0,23
322,0,0,453,412,41,1.0,21
322,1,1,424,431,-7,0.0,25
330,0,0,470,443,27,1.0,25
330,1,1,441,539,-98,0.0,23
338,0,0,423,476,-53,0.0,26
338,1,1,431,381,50,1.0,24
346,0,0,526,483,43,1.0,27
346,1,1,413,402,11,1.0,24
354,0,0,495,469,26,1.0,21
354,1,1,549,450,99,1.0,22
362,0,0,394,518,-124,0.0,26
362,1,1,486,425,61,1.0,27
370,0,0,518,382,136,1.0,25
370,1,1,472,519,-47,0.0,23
378,0,0,458,398,60,1.0,24
378,1,1,508,414,94,1.0,24
386,0,0,396,375,21,1.0,25
386,1,1,356,388,-32,0.0,24
394,0,0,489,384,105,1.0,29
394,1,1,403,449,-46,0.0,26
402,0,0,429,325,104,1.0,21
402,1,1,445,479,-34,0.0,22
410,0,0,457,417,40,1.0,20
410,1,1,414,476,-62,0.0,21
418,0,0,435,393,42,1.0,26
418,1,1,354,486,-132,0.0,25
426,0,0,484,503,-19,0.0,24
426,1,1,388,540,-152,0.0,20
434,0,0,372,393,-21,0.0,24
434,1,1,493,383,110,1.0,20
442,0,0,434,528,-94,0.0,20
442,1,1,427,413,14,1.0,27
450,0,0,411,420,-9,0.0,25
450,1,1,466,406,60,1.0,24
458,0,0,529,471,58,1.0,25
458,1,1,451,414,37,1.0,22
466,0,0,442,439,3,1.0,24
466,1,1,336,570,-234,0.0,23
474,0,0,406,466,-60,0.0,21
474,1,1,424,416,8,1.0,21
482,0,0,589,409,180,1.0,22
482,1,1,347,582,-235,0.0,21
490,0,0,472,520,-48,0.0,21
490,1,1,418,519,-101,0.0,23
498,0,0,302,482,-180,0.0,22
498,1,1,442,450,-8,0.0,27
506,0,0,444,498,-54,0.0,23
506,1,1,474,384,90,1.0,24
514,0,0,368,518,-150,0.0,20
514,1,1,558,372,186,1.0,20
522,0,0,355,517,-162,0.0,22
522,1,1,481,386,95,1.0,24
530,0,0,482,427,55,1.0,23
530,1,1,412,493,-81,0.0,25
538,0,0,390,475,-85,0.0,24
538,1,1,488,364,124,1.0,28
546,0,0,422,546,-124,0.0,22
546,1,1,497,479,18,1.0,22
554,0,0,339,493,-154,0.0,27
554,1,1,478,391,87,1.0,22
562,0,0,445,369,76,1.0,23
562,1,1,514,464,50,1.0,25
570,0,0,363,448,-85,0.0,22
570,1,1,345,585,-240,0.0,27
578,0,0,520,422,98,1.0,24
578,1,1,356,449,-93,0.0,21
586,0,0,416,396,20,1.0,24
586,1,1,489,379,110,1.0,27
594,0,0,486,397,89,1.0,27
594,1,1,410,495,-85,0.0,22
602,0,0,383,396,-13,0.0,25
602,1,1,487,481,6,1.0,25
610,0,0,426,395,31,1.0,24
610,1,1,454,439,15,1.0,24
618,0,0,332,447,-115,0.0,28
618,1,1,496,402,94,1.0,23
626,0,0,482,339,143,1.0,23
626,1,1,263,551,-288,0.0,30
634,0,0,425,565,-140,0.0,27
634,1,1,468,331,137,1.0,29
642,0,0,443,450,-7,0.0,26
642,1,1,380,433,-53,0.0,23
650,0,0,437,474,-37,0.0,23
650,1,1,433,426,7,1.0,24
658,0,0,571,440,131,1.0,21
658,1,1,473,503,-30,0.0,21
666,0,0,474,425,49,1.0,23
666,1,1,436,484,-48,0.0,22
674,0,0,457,384,73,1.0,25
674,1,1,348,477,-129,0.0,29
682,0,0,479,328,151,1.0,25
682,1,1,424,442,-18,0.0,23
690,0,0,521,455,66,1.0,20
690,1,1,489,434,55,1.0,22
698,0,0,519,429,90,1.0,23
698,1,1,447,448,-1,0.0,23
706,0,0,311,584,-273,0.0,22
706,1,1,546,392,154,1.0,22
714,0,0,559,430,129,1.0,22
714,1,1,376,572,-196,0.0,22
722,0,0,430,401,29,1.0,24
722,1,1,405,453,-48,0.0,28
730,0,0,399,486,-87,0.0,20
730,1,1,327,449,-122,0.0,23
738,0,0,487,442,45,1.0,23
738,1,1,463,433,30,1.0,26
746,0,0,487,356,131,1.0,23
746,1,1,398,576,-178,0.0,22
754,0,0,452,390,62,1.0,22
754,1,1,397,440,-43,0.0,21
762,0,0,387,334,53,1.0,24
762,1,1,485,401,84,1.0,25
770,0,0,460,439,21,1.0,23
770,1,1,439,502,-63,0.0,24
778,0,0,462,443,19,1.0,23
778,1,1,451,550,-99,0.0,21
786,0,0,373,479,-106,0.0,26
786,1,1,434,476,-42,0.0,26
794,0,0,394,441,-47,0.0,22
794,1,1,471,390,81,1.0,23
802,0,0,393,388,5,1.0,27
802,1,1,456,405,51,1.0,23
810,0,0,349,514,-165,0.0,24
810,1,1,486,415,71,1.0,22
818,0,0,426,519,-93,0.0,25
818,1,1,509,420,89,1.0,25
826,0,0,396,388,8,1.0,30
826,1,1,436,457,-21,0.0,23
834,0,0,441,502,-61,0.0,22
834,1,1,433,449,-16,0.0,23
842,0,0,478,441,37,1.0,20
842,1,1,413,426,-13,0.0,21
850,0,0,498,402,96,1.0,32
850,1,1,439,413,26,1.0,23
858,0,0,639,392,247,1.0,21
858,1,1,459,465,-6,0.0,23
866,0,0,447,553,-106,0.0,25
866,1,1,520,391,129,1.0,24
874,0,0,369,398,-29,0.0,20
874,1,1,435,382,53,1.0,26
882,0,0,440,373,67,1.0,23
882,1,1,431,430,1,1.0,26
890,0,0,404,487,-83,0.0,23
890,1,1,447,411,36,1.0,23
898,0,0,352,493,-141,0.0,24
898,1,1,507,417,90,1.0,24
906,0,0,476,531,-55,0.0,22
906,1,1,353,463,-110,0.0,25
914,0,0,402,442,-40,0.0,23
914,1,1,428,497,-69,0.0,20
922,0,0,407,414,-7,0.0,26
922,1,1,369,433,-64,0.0,27
930,0,0,482,456,26,1.0,22
930,1,1,415,436,-21,0.0,27
938,0,0,419,390,29,1.0,23
938,1,1,467,480,-13,0.0,22
946,0,0,510,367,143,1.0,23
946,1,1,358,472,-114,0.0,24
954,0,0,437,391,46,1.0,26
954,1,1,465,421,44,1.0,25
962,0,0,502,329,173,1.0,25
962,1,1,438,527,-89,0.0,23
970,0,0,487,483,4,1.0,24
970,1,1,532,415,117,1.0,24
978,0,0,381,535,-154,0.0,25
978,1,1,499,356,143,1.0,24
986,0,0,519,509,10,1.0,21
986,1,1,500,466,34,1.0,20
994,0,0,531,479,52,1.0,23
994,1,1,508,387,121,1.0,22
1002,0,0,446,412,34,1.0,22
1002,1,1,438,459,-21,0.0,23
1010,0,0,432,458,-26,0.0,21
1010,1,1,384,482,-98,0.0,21
1018,0,0,458,434,24,1.0,23
1018,1,1,354,401,-47,0.0,27
1026,0,0,443,493,-50,0.0,25
1026,1,1,448,433,15,1.0,23
1034,0,0,366,465,-99,0.0,28
1034,1,1,415,452,-37,0.0,26
1042,0,0,450,552,-102,0.0,24
1042,1,1,392,484,-92,0.0,29
1050,0,0,441,462,-21,0.0,22
1050,1,1,447,472,-25,0.0,20
1058,0,0,438,444,-6,0.0,21
1058,1,1,414,447,-33,0.0,23
1066,0,0,454,387,67,1.0,23
1066,1,1,489,519,-30,0.0,22
1074,0,0,474,408,66,1.0,22
1074,1,1,470,423,47,1.0,25
1082,0,0,435,446,-11,0.0,25
1082,1,1,420,425,-5,0.0,24
1090,0,0,406,512,-106,0.0,20
1090,1,1,457,376,81,1.0,22
1098,0,0,404,442,-38,0.0,24
1098,1,1,409,462,-53,0.0,21
1106,0,0,468,463,5,1.0,19
1106,1,1,427,399,28,1.0,20
1114,0,0,507,377,130,1.0,24
1114,1,1,377,381,-4,0.0,22
1122,0,0,480,405,75,1.0,26
1122,1,1,434,441,-7,0.0,21
1130,0,0,406,461,-55,0.0,24
1130,1,1,397,420,-23,0.0,25
1138,0,0,395,457,-62,0.0,22
1138,1,1,398,549,-151,0.0,23
1146,0,0,401,431,-30,0.0,23
1146,1,1,402,433,-31,0.0,23
1154,0,0,539,460,79,1.0,23
1154,1,1,580,604,-24,0.0,21
1162,0,0,534,435,99,1.0,21
1162,1,1,499,463,36,1.0,22
1170,0,0,493,383,110,1.0,21
1170,1,1,396,492,-96,0.0,23
1178,0,0,413,339,74,1.0,26
1178,1,1,338,510,-172,0.0,23
1186,0,0,512,442,70,1.0,22
1186,1,1,513,442,71,1.0,21
1194,0,0,582,426,156,1.0,21
1194,1,1,376,548,-172,0.0,22
1202,0,0,502,436,66,1.0,21
1202,1,1,442,496,-54,0.0,23
1210,0,0,414,463,-49,0.0,22
1210,1,1,479,383,96,1.0,22
1218,0,0,469,430,39,1.0,22
1218,1,1,404,429,-25,0.0,22
1226,0,0,430,479,-49,0.0,22
1226,1,1,427,443,-16,0.0,21
1234,0,0,507,407,100,1.0,24
1234,1,1,502,449,53,1.0,25
1242,0,0,562,464,98,1.0,19
1242,1,1,526,371,155,1.0,23
1250,0,0,533,388,145,1.0,23
1250,1,1,376,515,-139,0.0,24
1258,0,0,445,382,63,1.0,24
1258,1,1,395,507,-112,0.0,23
1266,0,0,404,496,-92,0.0,27
1266,1,1,486,376,110,1.0,27
1274,0,0,442,439,3,1.0,23
1274,1,1,364,440,-76,0.0,24
1282,0,0,519,536,-17,0.0,22
1282,1,1,444,491,-47,0.0,22
1290,0,0,391,411,-20,0.0,26
1290,1,1,400,349,51,1.0,29
1298,0,0,485,369,116,1.0,25
1298,1,1,406,530,-124,0.0,23
1306,0,0,463,430,33,1.0,22
1306,1,1,477,443,34,1.0,24
1314,0,0,419,516,-97,0.0,20
1314,1,1,390,419,-29,0.0,29
1322,0,0,496,439,57,1.0,24
1322,1,1,414,459,-45,0.0,24
1330,0,0,532,408,124,1.0,24
1330,1,1,417,480,-63,0.0,26
1338,0,0,455,421,34,1.0,29
1338,1,1,453,462,-9,0.0,22
1346,0,0,524,411,113,1.0,20
1346,1,1,527,400,127,1.0,26
1354,0,0,464,471,-7,0.0,21
1354,1,1,470,375,95,1.0,22
1362,0,0,422,375,47,1.0,30
1362,1,1,519,353,166,1.0,26
1370,0,0,437,468,-31,0.0,24
1370,1,1,449,363,86,1.0,23
1378,0,0,473,385,88,1.0,24
1378,1,1,433,424,9,1.0,29
1386,0,0,383,492,-109,0.0,22
1386,1,1,367,458,-91,0.0,25
1394,0,0,503,334,169,1.0,24
1394,1,1,435,485,-50,0.0,22
1402,0,0,426,370,56,1.0,24
1402,1,1,460,450,10,1.0,21
1410,0,0,494,424,70,1.0,23
1410,1,1,547,499,48,1.0,22
1418,0,0,449,443,6,1.0,23
1418,1,1,415,474,-59,0.0,22
1426,0,0,331,463,-132,0.0,24
1426,1,1,480,355,125,1.0,22
1434,0,0,506,365,141,1.0,22
1434,1,1,468,392,76,1.0,21
1442,0,0,479,405,74,1.0,22
1442,1,1,426,488,-62,0.0,23
1450,0,0,432,424,8,1.0,25
1450,1,1,413,393,20,1.0,30
1458,0,0,410,373,37,1.0,23
1458,1,1,417,484,-67,0.0,21
1466,0,0,452,427,25,1.0,28
1466,1,1,330,519,-189,0.0,24
1474,0,0,486,471,15,1.0,21
1474,1,1,473,472,1,1.0,22
1482,0,0,430,520,-90,0.0,23
1482,1,1,578,426,152,1.0,21
1490,0,0,436,377,59,1.0,26
1490,1,1,394,475,-81,0.0,22
1498,0,0,353,410,-57,0.0,27
1498,1,1,447,373,74,1.0,24
1506,0,0,405,387,18,1.0,22
1506,1,1,363,502,-139,0.0,25
1514,0,0,475,394,81,1.0,24
1514,1,1,521,528,-7,0.0,22
1522,0,0,434,460,-26,0.0,29
1522,1,1,504,479,25,1.0,24
1530,0,0,304,495,-191,0.0,24
1530,1,1,468,396,72,1.0,26
1538,0,0,370,487,-117,0.0,24
1538,1,1,554,465,89,1.0,20
1546,0,0,442,492,-50,0.0,22
1546,1,1,494,340,154,1.0,25
1554,0,0,346,379,-33,0.0,28
1554,1,1,401,447,-46,0.0,24
1562,0,0,383,400,-17,0.0,28
1562,1,1,462,361,101,1.0,26
1570,0,0,486,376,110,1.0,24
1570,1,1,465,492,-27,0.0,25
1578,0,0,496,352,144,1.0,25
1578,1,1,403,392,11,1.0,26
1586,0,0,441,484,-43,0.0,21
1586,1,1,573,336,237,1.0,22
1594,0,0,495,444,51,1.0,20
1594,1,1,406,631,-225,0.0,22
1602,0,0,410,374,36,1.0,24
1602,1,1,455,515,-60,0.0,22
1610,0,0,430,387,43,1.0,26
1610,1,1,487,390,97,1.0,25
1618,0,0,488,358,130,1.0,25
1618,1,1,472,494,-22,0.0,25
1626,0,0,462,541,-79,0.0,20
1626,1,1,566,533,33,1.0,22
1634,0,0,451,343,108,1.0,27
1634,1,1,370,416,-46,0.0,23
1642,0,0,511,345,166,1.0,27
1642,1,1,377,531,-154,0.0,22
1650,0,0,470,428,42,1.0,25
1650,1,1,428,443,-15,0.0,25
1658,0,0,478,382,96,1.0,24
1658,1,1,392,428,-36,0.0,22
1666,0,0,458,503,-45,0.0,22
1666,1,1,527,459,68,1.0,25
1674,0,0,431,405,26,1.0,20
1674,1,1,447,369,78,1.0,24
1682,0,0,411,492,-81,0.0,26
1682,1,1,524,426,98,1.0,23
1690,0,0,394,503,-109,0.0,20
1690,1,1,484,395,89,1.0,22
1698,0,0,373,450,-77,0.0,22
1698,1,1,413,382,31,1.0,24
1706,0,0,465,412,53,1.0,23
1706,1,1,535,408,127,1.0,20
1714,0,0,486,401,85,1.0,21
1714,1,1,521,504,17,1.0,23
1722,0,0,404,546,-142,0.0,22
1722,1,1,468,441,27,1.0,24
1730,0,0,464,595,-131,0.0,21
1730,1,1,482,437,45,1.0,23
1738,0,0,407,487,-80,0.0,23
1738,1,1,502,462,40,1.0,23
1746,0,0,414,391,23,1.0,25
1746,1,1,432,422,10,1.0,31
1754,0,0,517,450,67,1.0,22
1754,1,1,491,564,-73,0.0,22
1762,0,0,437,423,14,1.0,24
1762,1,1,460,459,1,1.0,24
1770,0,0,339,458,-119,0.0,24
1770,1,1,559,423,136,1.0,24
1778,0,0,377,416,-39,0.0,25
1778,1,1,494,435,59,1.0,23
1786,0,0,517,322,195,1.0,23
1786,1,1,290,442,-152,0.0,25
1794,0,0,546,437,109,1.0,21
1794,1,1,469,472,-3,0.0,25
1802,0,0,526,397,129,1.0,27
1802,1,1,440,493,-53,0.0,26
1810,0,0,435,442,-7,0.0,23
1810,1,1,447,445,2,1.0,22
1818,0,0,458,339,119,1.0,24
1818,1,1,489,457,32,1.0,21
1826,0,0,535,459,76,1.0,23
1826,1,1,431,444,-13,0.0,23
1834,0,0,483,403,80,1.0,22
1834,1,1,440,502,-62,0.0,22
1842,0,0,432,466,-34,0.0,24
1842,1,1,454,350,104,1.0,22
1850,0,0,366,466,-100,0.0,29
1850,1,1,436,456,-20,0.0,22
1858,0,0,519,434,85,1.0,22
1858,1,1,388,446,-58,0.0,22
1866,0,0,451,373,78,1.0,24
1866,1,1,360,452,-92,0.0,23
1874,0,0,458,431,27,1.0,23
1874,1,1,429,476,-47,0.0,26
1882,0,0,406,457,-51,0.0,22
1882,1,1,458,439,19,1.0,24
1890,0,0,394,481,-87,0.0,22
1890,1,1,382,565,-183,0.0,23
1898,0,0,484,388,96,1.0,24
1898,1,1,437,484,-47,0.0,24
1906,0,0,485,377,108,1.0,21
1906,1,1,406,435,-29,0.0,25
1914,0,0,509,390,119,1.0,24
1914,1,1,367,468,-101,0.0,21
1922,0,0,436,470,-34,0.0,24
1922,1,1,403,476,-73,0.0,25
1930,0,0,379,458,-79,0.0,24
1930,1,1,469,388,81,1.0,27
1938,0,0,504,488,16,1.0,23
1938,1,1,539,436,103,1.0,22
1946,0,0,493,495,-2,0.0,20
1946,1,1,474,397,77,1.0,22
1954,0,0,461,393,68,1.0,21
1954,1,1,450,425,25,1.0,20
1962,0,0,559,283,276,1.0,22
1962,1,1,357,538,-181,0.0,23
1970,0,0,444,389,55,1.0,23
1970,1,1,404,550,-146,0.0,27
1978,0,0,328,476,-148,0.0,28
1978,1,1,345,535,-190,0.0,25
1986,0,0,476,391,85,1.0,26
1986,1,1,504,486,18,1.0,21
1994,0,0,472,300,172,1.0,25
1994,1,1,562,403,159,1.0,24
3,0,0,442,492,-50,0.0,24
3,1,1,541,412,129,1.0,21
11,0,0,470,408,62,1.0,24
11,1,1,387,466,-79,0.0,21
19,0,0,408,560,-152,0.0,23
19,1,1,373,473,-100,0.0,22
27,0,0,478,562,-84,0.0,21
27,1,1,453,423,30,1.0,24
35,0,0,344,570,-226,0.0,21
35,1,1,562,459,103,1.0,23
43,0,0,408,513,-105,0.0,29
43,1,1,447,336,111,1.0,23
51,0,0,464,409,55,1.0,20
51,1,1,423,427,-4,0.0,21
59,0,0,456,419,37,1.0,22
59,1,1,454,337,117,1.0,27
67,0,0,489,445,44,1.0,25
67,1,1,328,437,-109,0.0,25
75,0,0,441,515,-74,0.0,21
75,1,1,481,458,23,1.0,20
83,0,0,400,493,-93,0.0,25
83,1,1,429,445,-16,0.0,23
91,0,0,431,361,70,1.0,26
91,1,1,470,434,36,1.0,24
99,0,0,467,513,-46,0.0,23
99,1,1,482,439,43,1.0,21
107,0,0,486,379,107,1.0,24
107,1,1,374,555,-181,0.0,23
115,0,0,344,579,-235,0.0,22
115,1,1,465,436,29,1.0,22
123,0,0,369,385,-16,0.0,21
123,1,1,501,347,154,1.0,27
131,0,0,397,409,-12,0.0,27
131,1,1,386,460,-74,0.0,22
139,0,0,546,481,65,1.0,25
139,1,1,450,462,-12,0.0,23
147,0,0,414,496,-82,0.0,23
147,1,1,529,395,134,1.0,23
155,0,0,505,373,132,1.0,23
155,1,1,445,451,-6,0.0,23
163,0,0,430,453,-23,0.0,21
163,1,1,530,468,62,1.0,19
171,0,0,526,380,146,1.0,25
171,1,1,373,400,-27,0.0,34
179,0,0,378,486,-108,0.0,26
179,1,1,480,469,11,1.0,25
187,0,0,388,529,-141,0.0,23
187,1,1,488,421,67,1.0,24
195,0,0,426,509,-83,0.0,26
195,1,1,504,409,95,1.0,23
203,0,0,384,502,-118,0.0,25
203,1,1,541,420,121,1.0,21
211,0,0,383,491,-108,0.0,21
211,1,1,510,393,117,1.0,23
219,0,0,402,508,-106,0.0,29
219,1,1,436,298,138,1.0,22
227,0,0,413,412,1,1.0,23
227,1,1,404,464,-60,0.0,27
235,0,0,504,457,47,1.0,22
235,1,1,472,405,67,1.0,32
243,0,0,507,464,43,1.0,20
243,1,1,468,522,-54,0.0,21
251,0,0,360,431,-71,0.0,27
251,1,1,432,451,-19,0.0,22
259,0,0,489,449,40,1.0,24
259,1,1,448,439,9,1.0,24
267,0,0,532,289,243,1.0,26
267,1,1,306,467,-161,0.0,22
275,0,0,469,519,-50,0.0,21
275,1,1,475,434,41,1.0,23
283,0,0,438,437,1,1.0,25
283,1,1,447,419,28,1.0,27
291,0,0,465,365,100,1.0,26
291,1,1,375,478,-103,0.0,24
299,0,0,457,557,-100,0.0,22
299,1,1,482,363,119,1.0,22
307,0,0,515,480,35,1.0,23
307,1,1,517,423,94,1.0,27
315,0,0,452,460,-8,0.0,21
315,1,1,520,429,91,1.0,19
323,0,0,381,514,-133,0.0,24
323,1,1,491,428,63,1.0,22
331,0,0,482,441,41,1.0,20
331,1,1,455,495,-40,0.0,21
339,0,0,444,402,42,1.0,23
339,1,1,463,389,74,1.0,24
347,0,0,397,595,-198,0.0,23
347,1,1,520,388,132,1.0,24
355,0,0,343,458,-115,0.0,25
355,1,1,491,433,58,1.0,25
363,0,0,383,432,-49,0.0,22
363,1,1,453,342,111,1.0,24
371,0,0,331,504,-173,0.0,23
371,1,1,445,463,-18,0.0,20
379,0,0,461,425,36,1.0,25
379,1,1,453,540,-87,0.0,27
387,0,0,362,410,-48,0.0,21
387,1,1,470,421,49,1.0,24
395,0,0,512,400,112,1.0,25
395,1,1,334,453,-119,0.0,24
403,0,0,528,394,134,1.0,22
403,1,1,345,582,-237,0.0,25
411,0,0,413,365,48,1.0,25
411,1,1,371,408,-37,0.0,32
419,0,0,518,387,131,1.0,23
419,1,1,338,451,-113,0.0,29
427,0,0,454,393,61,1.0,25
427,1,1,410,444,-34,0.0,23
435,0,0,396,511,-115,0.0,25
435,1,1,512,389,123,1.0,34
443,0,0,327,421,-94,0.0,25
443,1,1,461,468,-7,0.0,24
451,0,0,374,506,-132,0.0,21
451,1,1,442,513,-71,0.0,21
459,0,0,406,525,-119,0.0,25
459,1,1,491,369,122,1.0,27
467,0,0,425,483,-58,0.0,25
467,1,1,435,419,16,1.0,22
475,0,0,370,348,22,1.0,23
475,1,1,463,495,-32,0.0,23
483,0,0,488,437,51,1.0,23
483,1,1,428,430,-2,0.0,24
491,0,0,409,511,-102,0.0,20
491,1,1,563,390,173,1.0,19
499,0,0,479,354,125,1.0,25
499,1,1,445,420,25,1.0,25
507,0,0,462,483,-21,0.0,21
507,1,1,436,444,-8,0.0,25
515,0,0,412,346,66,1.0,30
515,1,1,502,415,87,1.0,23
523,0,0,521,387,134,1.0,21
523,1,1,405,502,-97,0.0,23
531,0,0,555,501,54,1.0,19
531,1,1,437,524,-87,0.0,19
539,0,0,435,355,80,1.0,22
539,1,1,453,443,10,1.0,24
547,0,0,472,449,23,1.0,24
547,1,1,353,451,-98,0.0,25
555,0,0,449,518,-69,0.0,24
555,1,1,495,430,65,1.0,23
563,0,0,470,440,30,1.0,22
563,1,1,424,442,-18,0.0,27
571,0,0,382,433,-51,0.0,24
571,1,1,485,340,145,1.0,21
579,0,0,380,496,-116,0.0,21
579,1,1,432,350,82,1.0,21
587,0,0,471,410,61,1.0,21
587,1,1,360,501,-141,0.0,20
595,0,0,530,342,188,1.0,22
595,1,1,314,493,-179,0.0,24
603,0,0,453,456,-3,0.0,25
603,1,1,491,564,-73,0.0,23
611,0,0,357,511,-154,0.0,26
611,1,1,428,412,16,1.0,25
619,0,0,436,511,-75,0.0,19
619,1,1,562,421,141,1.0,19
627,0,0,473,376,97,1.0,25
627,1,1,367,458,-91,0.0,25
635,0,0,379,531,-152,0.0,19
635,1,1,491,367,124,1.0,24
643,0,0,462,363,99,1.0,23
643,1,1,425,504,-79,0.0,22
651,0,0,425,401,24,1.0,23
651,1,1,482,436,46,1.0,24
659,0,0,308,477,-169,0.0,25
659,1,1,403,488,-85,0.0,24
667,0,0,473,509,-36,0.0,21
667,1,1,409,430,-21,0.0,24
675,0,0,389,465,-76,0.0,22
675,1,1,511,450,61,1.0,24
683,0,0,474,433,41,1.0,24
683,1,1,445,428,17,1.0,22
691,0,0,331,503,-172,0.0,27
691,1,1,531,381,150,1.0,23
699,0,0,503,343,160,1.0,22
699,1,1,376,448,-72,0.0,26
707,0,0,402,406,-4,0.0,24
707,1,1,491,318,173,1.0,29
715,0,0,486,468,18,1.0,24
715,1,1,433,407,26,1.0,24
723,0,0,514,465,49,1.0,24
723,1,1,435,494,-59,0.0,24
731,0,0,365,427,-62,0.0,26
731,1,1,383,509,-126,0.0,22
739,0,0,395,501,-106,0.0,22
739,1,1,569,326,243,1.0,25
747,0,0,462,441,21,1.0,24
747,1,1,445,428,17,1.0,23
755,0,0,397,425,-28,0.0,22
755,1,1,461,438,23,1.0,23
763,0,0,379,491,-112,0.0,26
763,1,1,549,353,196,1.0,22
771,0,0,487,518,-31,0.0,22
771,1,1,543,375,168,1.0,24
779,0,0,434,352,82,1.0,26
779,1,1,477,373,104,1.0,29
787,0,0,401,434,-33,0.0,24
787,1,1,513,400,113,1.0,23
795,0,0,419,412,7,1.0,23
795,1,1,512,442,70,1.0,24
803,0,0,360,397,-37,0.0,23
803,1,1,412,453,-41,0.0,23
811,0,0,387,481,-94,0.0,23
811,1,1,447,411,36,1.0,20
819,0,0,431,510,-79,0.0,25
819,1,1,457,532,-75,0.0,22
827,0,0,505,380,125,1.0,21
827,1,1,452,496,-44,0.0,23
835,0,0,465,540,-75,0.0,21
835,1,1,480,468,12,1.0,22
843,0,0,470,328,142,1.0,24
843,1,1,310,529,-219,0.0,20
851,0,0,419,452,-33,0.0,23
851,1,1,408,477,-69,0.0,24
859,0,0,515,484,31,1.0,19
859,1,1,448,413,35,1.0,25
867,0,0,437,433,4,1.0,21
867,1,1,442,458,-16,0.0,23
875,0,0,428,549,-121,0.0,19
875,1,1,580,546,34,1.0,19
883,0,0,326,522,-196,0.0,21
883,1,1,606,363,243,1.0,25
891,0,0,526,392,134,1.0,19
891,1,1,540,481,59,1.0,23
899,0,0,564,469,95,1.0,20
899,1,1,510,537,-27,0.0,22
907,0,0,393,542,-149,0.0,23
907,1,1,428,472,-44,0.0,24
915,0,0,433,469,-36,0.0,25
915,1,1,463,375,88,1.0,22
923,0,0,390,516,-126,0.0,18
923,1,1,528,438,90,1.0,21
931,0,0,338,505,-167,0.0,23
931,1,1,518,392,126,1.0,21
939,0,0,377,364,13,1.0,29
939,1,1,400,405,-5,0.0,26
947,0,0,429,455,-26,0.0,21
947,1,1,400,407,-7,0.0,30
955,0,0,389,459,-70,0.0,24
955,1,1,471,317,154,1.0,24
963,0,0,517,399,118,1.0,23
963,1,1,478,513,-35,0.0,24
971,0,0,499,516,-17,0.0,24
971,1,1,505,451,54,1.0,23
979,0,0,500,411,89,1.0,22
979,1,1,532,419,113,1.0,26
987,0,0,465,448,17,1.0,23
987,1,1,458,509,-51,0.0,22
995,0,0,436,562,-126,0.0,24
995,1,1,490,534,-44,0.0,18
1003,0,0,473,367,106,1.0,23
1003,1,1,421,587,-166,0.0,23
1011,0,0,445,510,-65,0.0,22
1011,1,1,443,518,-75,0.0,22
1019,0,0,496,413,83,1.0,22
1019,1,1,380,527,-147,0.0,24
1027,0,0,436,499,-63,0.0,25
1027,1,1,532,392,140,1.0,23
1035,0,0,344,461,-117,0.0,24
1035,1,1,396,365,31,1.0,22
1043,0,0,480,404,76,1.0,24
1043,1,1,432,478,-46,0.0,24
1051,0,0,509,409,100,1.0,21
1051,1,1,475,560,-85,0.0,24
1059,0,0,438,440,-2,0.0,23
1059,1,1,402,496,-94,0.0,24
1067,0,0,621,414,207,1.0,22
1067,1,1,466,392,74,1.0,25
1075,0,0,382,513,-131,0.0,21
1075,1,1,505,440,65,1.0,25
1083,0,0,532,346,186,1.0,28
1083,1,1,475,408,67,1.0,25
1091,0,0,405,461,-56,0.0,22
1091,1,1,487,421,66,1.0,24
1099,0,0,479,464,15,1.0,22
1099,1,1,400,503,-103,0.0,22
1107,0,0,439,392,47,1.0,25
1107,1,1,384,505,-121,0.0,25
1115,0,0,462,353,109,1.0,25
1115,1,1,428,401,27,1.0,25
1123,0,0,473,312,161,1.0,21
1123,1,1,381,447,-66,0.0,23
1131,0,0,355,419,-64,0.0,23
1131,1,1,436,372,64,1.0,27
1139,0,0,429,341,88,1.0,32
1139,1,1,418,421,-3,0.0,25
1147,0,0,399,495,-96,0.0,25
1147,1,1,483,406,77,1.0,23
1155,0,0,446,457,-11,0.0,24
1155,1,1,472,409,63,1.0,23
1163,0,0,474,447,27,1.0,22
1163,1,1,490,461,29,1.0,22
1171,0,0,467,356,111,1.0,28
1171,1,1,371,437,-66,0.0,25
1179,0,0,474,413,61,1.0,26
1179,1,1,353,488,-135,0.0,24
1187,0,0,364,373,-9,0.0,26
1187,1,1,511,405,106,1.0,24
1195,0,0,472,470,2,1.0,24
1195,1,1,402,426,-24,0.0,24
1203,0,0,388,509,-121,0.0,23
1203,1,1,595,449,146,1.0,22
1211,0,0,535,419,116,1.0,20
1211,1,1,435,498,-63,0.0,20
1219,0,0,372,583,-211,0.0,22
1219,1,1,512,351,161,1.0,22
1227,0,0,371,420,-49,0.0,25
1227,1,1,406,488,-82,0.0,22
1235,0,0,317,468,-151,0.0,21
1235,1,1,520,452,68,1.0,25
1243,0,0,430,387,43,1.0,21
1243,1,1,429,521,-92,0.0,22
1251,0,0,407,503,-96,0.0,26
1251,1,1,543,364,179,1.0,25
1259,0,0,390,526,-136,0.0,24
1259,1,1,466,377,89,1.0,23
1267,0,0,428,410,18,1.0,24
1267,1,1,543,396,147,1.0,24
1275,0,0,343,496,-153,0.0,25
1275,1,1,501,449,52,1.0,21
1283,0,0,344,505,-161,0.0,24
1283,1,1,468,445,23,1.0,20
1291,0,0,404,500,-96,0.0,24
1291,1,1,455,313,142,1.0,23
1299,0,0,532,440,92,1.0,21
1299,1,1,338,545,-207,0.0,21
1307,0,0,417,549,-132,0.0,25
1307,1,1,543,404,139,1.0,22
1315,0,0,459,378,81,1.0,22
1315,1,1,399,448,-49,0.0,22
1323,0,0,336,484,-148,0.0,27
1323,1,1,445,398,47,1.0,25
1331,0,0,384,400,-16,0.0,24
1331,1,1,385,519,-134,0.0,22
1339,0,0,405,408,-3,0.0,26
1339,1,1,481,392,89,1.0,25
1347,0,0,386,488,-102,0.0,24
1347,1,1,429,503,-74,0.0,20
1355,0,0,526,453,73,1.0,24
1355,1,1,454,519,-65,0.0,20
1363,0,0,566,359,207,1.0,20
1363,1,1,335,460,-125,0.0,23
1371,0,0,434,417,17,1.0,22
1371,1,1,472,418,54,1.0,24
1379,0,0,383,389,-6,0.0,25
1379,1,1,373,478,-105,0.0,24
1387,0,0,447,422,25,1.0,24
1387,1,1,354,471,-117,0.0,28
1395,0,0,442,527,-85,0.0,21
1395,1,1,467,715,-248,0.0,22
1403,0,0,453,460,-7,0.0,22
1403,1,1,416,427,-11,0.0,21
1411,0,0,500,416,84,1.0,20
1411,1,1,392,540,-148,0.0,22
1419,0,0,468,410,58,1.0,24
1419,1,1,411,437,-26,0.0,28
1427,0,0,410,463,-53,0.0,24
1427,1,1,478,498,-20,0.0,28
1435,0,0,580,407,173,1.0,26
1435,1,1,457,450,7,1.0,24
1443,0,0,486,394,92,1.0,22
1443,1,1,469,397,72,1.0,24
1451,0,0,336,408,-72,0.0,24
1451,1,1,577,319,258,1.0,25
1459,0,0,395,439,-44,0.0,23
1459,1,1,468,458,10,1.0,22
1467,0,0,411,471,-60,0.0,22
1467,1,1,483,432,51,1.0,25
1475,0,0,394,525,-131,0.0,23
1475,1,1,455,463,-8,0.0,22
1483,0,0,418,435,-17,0.0,24
1483,1,1,482,498,-16,0.0,21
1491,0,0,460,424,36,1.0,22
1491,1,1,483,420,63,1.0,20
1499,0,0,355,512,-157,0.0,24
1499,1,1,449,299,150,1.0,26
1507,0,0,493,470,23,1.0,23
1507,1,1,426,381,45,1.0,28
1515,0,0,478,430,48,1.0,23
1515,1,1,396,415,-19,0.0,25
1523,0,0,400,509,-109,0.0,21
1523,1,1,471,369,102,1.0,23
1531,0,0,479,379,100,1.0,22
1531,1,1,381,532,-151,0.0,22
1539,0,0,375,504,-129,0.0,23
1539,1,1,600,393,207,1.0,23
1547,0,0,368,544,-176,0.0,23
1547,1,1,509,407,102,1.0,26
1555,0,0,411,528,-117,0.0,21
1555,1,1,529,384,145,1.0,23
1563,0,0,437,426,11,1.0,22
1563,1,1,437,458,-21,0.0,25
1571,0,0,390,612,-222,0.0,21
1571,1,1,454,371,83,1.0,24
1579,0,0,405,467,-62,0.0,23
1579,1,1,462,420,42,1.0,26
1587,0,0,490,395,95,1.0,24
1587,1,1,518,401,117,1.0,19
1595,0,0,383,534,-151,0.0,23
1595,1,1,464,368,96,1.0,23
1603,0,0,454,424,30,1.0,23
1603,1,1,398,482,-84,0.0,22
1611,0,0,421,480,-59,0.0,22
1611,1,1,400,345,55,1.0,28
1619,0,0,358,475,-117,0.0,23
1619,1,1,447,442,5,1.0,21
1627,0,0,419,492,-73,0.0,24
1627,1,1,472,465,7,1.0,23
1635,0,0,472,382,90,1.0,27
1635,1,1,455,385,70,1.0,23
1643,0,0,362,597,-235,0.0,20
1643,1,1,477,403,74,1.0,24
1651,0,0,335,435,-100,0.0,26
1651,1,1,549,402,147,1.0,22
1659,0,0,400,509,-109,0.0,24
1659,1,1,550,351,199,1.0,23
1667,0,0,315,521,-206,0.0,28
1667,1,1,515,456,59,1.0,25
1675,0,0,334,549,-215,0.0,21
1675,1,1,434,390,44,1.0,26
1683,0,0,485,455,30,1.0,22
1683,1,1,556,453,103,1.0,21
1691,0,0,459,444,15,1.0,25
1691,1,1,441,494,-53,0.0,23
1699,0,0,396,498,-102,0.0,21
1699,1,1,392,485,-93,0.0,26
1707,0,0,360,470,-110,0.0,25
1707,1,1,372,422,-50,0.0,22
1715,0,0,475,409,66,1.0,22
1715,1,1,438,511,-73,0.0,22
1723,0,0,416,432,-16,0.0,23
1723,1,1,557,427,130,1.0,21
1731,0,0,487,430,57,1.0,27
1731,1,1,493,330,163,1.0,22
1739,0,0,406,511,-105,0.0,23
1739,1,1,452,450,2,1.0,25
1747,0,0,422,458,-36,0.0,25
1747,1,1,341,431,-90,0.0,27
1755,0,0,418,477,-59,0.0,24
1755,1,1,476,436,40,1.0,24
1763,0,0,564,383,181,1.0,22
1763,1,1,477,378,99,1.0,25
1771,0,0,408,468,-60,0.0,26
1771,1,1,433,448,-15,0.0,27
1779,0,0,444,377,67,1.0,25
1779,1,1,395,496,-101,0.0,24
1787,0,0,408,595,-187,0.0,21
1787,1,1,547,367,180,1.0,21
1795,0,0,503,319,184,1.0,22
1795,1,1,423,458,-35,0.0,25
1803,0,0,508,395,113,1.0,27
1803,1,1,388,430,-42,0.0,23
1811,0,0,423,430,-7,0.0,23
1811,1,1,430,478,-48,0.0,25
1819,0,0,494,436,58,1.0,23
1819,1,1,419,487,-68,0.0,24
1827,0,0,525,493,32,1.0,23
1827,1,1,400,509,-109,0.0,23
1835,0,0,404,431,-27,0.0,26
1835,1,1,485,389,96,1.0,21
1843,0,0,443,463,-20,0.0,24
1843,1,1,500,462,38,1.0,25
1851,0,0,407,466,-59,0.0,21
1851,1,1,534,425,109,1.0,28
1859,0,0,378,487,-109,0.0,22
1859,1,1,404,389,15,1.0,22
1867,0,0,513,404,109,1.0,21
1867,1,1,359,580,-221,0.0,24
1875,0,0,497,532,-35,0.0,22
1875,1,1,529,460,69,1.0,22
1883,0,0,457,400,57,1.0,24
1883,1,1,529,385,144,1.0,22
1891,0,0,414,429,-15,0.0,23
1891,1,1,461,460,1,1.0,26
1899,0,0,533,401,132,1.0,24
1899,1,1,388,419,-31,0.0,26
1907,0,0,398,427,-29,0.0,28
1907,1,1,473,366,107,1.0,24
1915,0,0,331,538,-207,0.0,19
1915,1,1,456,404,52,1.0,21
1923,0,0,456,386,70,1.0,26
1923,1,1,426,406,20,1.0,24
1931,0,0,435,518,-83,0.0,21
1931,1,1,514,438,76,1.0,21
1939,0,0,413,475,-62,0.0,24
1939,1,1,452,399,53,1.0,20
1947,0,0,479,486,-7,0.0,19
1947,1,1,464,502,-38,0.0,18
1955,0,0,436,522,-86,0.0,25
1955,1,1,482,447,35,1.0,23
1963,0,0,484,535,-51,0.0,20
1963,1,1,528,486,42,1.0,20
1971,0,0,403,494,-91,0.0,26
1971,1,1,462,343,119,1.0,31
1979,0,0,418,563,-145,0.0,22
1979,1,1,555,369,186,1.0,22
1987,0,0,411,497,-86,0.0,21
1987,1,1,413,345,68,1.0,26
1995,0,0,393,554,-161,0.0,20
1995,1,1,457,448,9,1.0,23
4,0,0,552,338,214,1.0,27
4,1,1,523,396,127,1.0,22
12,0,0,561,408,153,1.0,21
12,1,1,373,467,-94,0.0,26
20,0,0,452,355,97,1.0,25
20,1,1,383,477,-94,0.0,25
28,0,0,441,397,44,1.0,27
28,1,1,387,419,-32,0.0,28
36,0,0,420,449,-29,0.0,27
36,1,1,418,398,20,1.0,26
44,0,0,515,410,105,1.0,21
44,1,1,559,433,126,1.0,22
52,0,0,467,327,140,1.0,26
52,1,1,387,479,-92,0.0,20
60,0,0,499,384,115,1.0,22
60,1,1,479,314,165,1.0,26
68,0,0,436,515,-79,0.0,20
68,1,1,513,468,45,1.0,20
76,0,0,448,413,35,1.0,22
76,1,1,472,580,-108,0.0,19
84,0,0,513,441,72,1.0,24
84,1,1,554,496,58,1.0,22
92,0,0,355,445,-90,0.0,25
92,1,1,477,425,52,1.0,26
100,0,0,476,344,132,1.0,24
100,1,1,504,472,32,1.0,22
108,0,0,521,451,70,1.0,21
108,1,1,467,442,25,1.0,21
116,0,0,398,397,1,1.0,26
116,1,1,408,404,4,1.0,25
124,0,0,438,426,12,1.0,21
124,1,1,427,407,20,1.0,23
132,0,0,347,465,-118,0.0,22
132,1,1,493,444,49,1.0,22
140,0,0,412,456,-44,0.0,24
140,1,1,443,462,-19,0.0,22
148,0,0,424,470,-46,0.0,23
148,1,1,409,445,-36,0.0,25
156,0,0,503,343,160,1.0,25
156,1,1,337,472,-135,0.0,25
164,0,0,330,407,-77,0.0,24
164,1,1,372,504,-132,0.0,29
172,0,0,470,375,95,1.0,21
172,1,1,357,543,-186,0.0,21
180,0,0,475,439,36,1.0,22
180,1,1,491,407,84,1.0,22
188,0,0,516,507,9,1.0,19
188,1,1,462,383,79,1.0,24
196,0,0,480,374,106,1.0,23
196,1,1,535,398,137,1.0,24
204,0,0,412,325,87,1.0,25
204,1,1,334,517,-183,0.0,22
212,0,0,477,370,107,1.0,26
212,1,1,420,494,-74,0.0,24
220,0,0,404,478,-74,0.0,24
220,1,1,482,413,69,1.0,21
228,0,0,448,543,-95,0.0,22
228,1,1,428,394,34,1.0,21
236,0,0,507,373,134,1.0,23
236,1,1,437,388,49,1.0,28
244,0,0,415,501,-86,0.0,19
244,1,1,510,392,118,1.0,24
252,0,0,373,403,-30,0.0,22
252,1,1,355,463,-108,0.0,25
260,0,0,501,438,63,1.0,22
260,1,1,393,488,-95,0.0,24
268,0,0,474,392,82,1.0,24
268,1,1,438,502,-64,0.0,22
276,0,0,364,511,-147,0.0,25
276,1,1,407,480,-73,0.0,27
284,0,0,420,479,-59,0.0,25
284,1,1,546,370,176,1.0,21
292,0,0,506,417,89,1.0,24
292,1,1,353,487,-134,0.0,21
300,0,0,431,379,52,1.0,23
300,1,1,394,385,9,1.0,23
308,0,0,410,430,-20,0.0,23
308,1,1,497,331,166,1.0,23
316,0,0,421,364,57,1.0,24
316,1,1,334,413,-79,0.0,21
324,0,0,540,361,179,1.0,23
324,1,1,415,482,-67,0.0,22
332,0,0,494,449,45,1.0,20
332,1,1,444,337,107,1.0,28
340,0,0,369,507,-138,0.0,22
340,1,1,469,386,83,1.0,24
348,0,0,410,388,22,1.0,27
348,1,1,410,433,-23,0.0,24
356,0,0,488,396,92,1.0,24
356,1,1,394,504,-110,0.0,21
364,0,0,505,387,118,1.0,21
364,1,1,431,391,40,1.0,26
372,0,0,466,367,99,1.0,25
372,1,1,434,427,7,1.0,23
380,0,0,447,379,68,1.0,28
380,1,1,377,433,-56,0.0,27
388,0,0,501,366,135,1.0,26
388,1,1,366,531,-165,0.0,23
396,0,0,455,387,68,1.0,29
396,1,1,324,584,-260,0.0,23
404,0,0,447,454,-7,0.0,24
404,1,1,421,431,-10,0.0,21
412,0,0,443,450,-7,0.0,26
412,1,1,328,467,-139,0.0,21
420,0,0,375,460,-85,0.0,20
420,1,1,442,436,6,1.0,22
428,0,0,449,483,-34,0.0,22
428,1,1,438,329,109,1.0,27
436,0,0,465,430,35,1.0,25
436,1,1,454,443,11,1.0,25
444,0,0,403,462,-59,0.0,21
444,1,1,440,382,58,1.0,25
452,0,0,378,450,-72,0.0,22
452,1,1,410,464,-54,0.0,21
460,0,0,452,446,6,1.0,24
460,1,1,468,502,-34,0.0,23
468,0,0,388,437,-49,0.0,22
468,1,1,442,454,-12,0.0,22
476,0,0,409,425,-16,0.0,23
476,1,1,454,399,55,1.0,22
484,0,0,457,462,-5,0.0,24
484,1,1,444,478,-34,0.0,21
492,0,0,403,367,36,1.0,27
492,1,1,352,415,-63,0.0,28
500,0,0,376,516,-140,0.0,26
500,1,1,443,437,6,1.0,25
508,0,0,413,413,0,0.5,24
508,1,1,463,396,67,1.0,23
516,0,0,498,419,79,1.0,27
516,1,1,441,443,-2,0.0,22
524,0,0,444,406,38,1.0,23
524,1,1,459,488,-29,0.0,23
532,0,0,487,440,47,1.0,24
532,1,1,454,507,-53,0.0,22
540,0,0,411,420,-9,0.0,25
540,1,1,445,443,2,1.0,23
548,0,0,543,333,210,1.0,26
548,1,1,445,494,-49,0.0,24
556,0,0,510,493,17,1.0,23
556,1,1,368,522,-154,0.0,21
564,0,0,474,408,66,1.0,24
564,1,1,368,474,-106,0.0,21
572,0,0,402,598,-196,0.0,24
572,1,1,382,442,-60,0.0,22
580,0,0,433,474,-41,0.0,23
580,1,1,461,623,-162,0.0,19
588,0,0,347,507,-160,0.0,24
588,1,1,516,346,170,1.0,24
596,0,0,469,393,76,1.0,23
596,1,1,345,466,-121,0.0,23
604,0,0,393,457,-64,0.0,25
604,1,1,436,389,47,1.0,24
612,0,0,431,336,95,1.0,25
612,1,1,501,426,75,1.0,30
620,0,0,486,403,83,1.0,24
620,1,1,422,544,-122,0.0,23
628,0,0,369,480,-111,0.0,23
628,1,1,476,421,55,1.0,22
636,0,0,447,431,16,1.0,25
636,1,1,514,494,20,1.0,24
644,0,0,456,375,81,1.0,24
644,1,1,445,480,-35,0.0,23
652,0,0,469,435,34,1.0,23
652,1,1,423,367,56,1.0,24
660,0,0,504,424,80,1.0,21
660,1,1,407,541,-134,0.0,22
668,0,0,477,377,100,1.0,22
668,1,1,379,378,1,1.0,26
676,0,0,450,461,-11,0.0,22
676,1,1,466,364,102,1.0,25
684,0,0,430,473,-43,0.0,22
684,1,1,503,421,82,1.0,24
692,0,0,514,388,126,1.0,24
692,1,1,419,471,-52,0.0,20
700,0,0,491,416,75,1.0,21
700,1,1,445,481,-36,0.0,20
708,0,0,545,500,45,1.0,20
708,1,1,397,401,-4,0.0,23
716,0,0,454,456,-2,0.0,22
716,1,1,415,472,-57,0.0,22
724,0,0,416,472,-56,0.0,23
724,1,1,479,500,-21,0.0,26
732,0,0,462,427,35,1.0,23
732,1,1,471,462,9,1.0,22
740,0,0,460,488,-28,0.0,22
740,1,1,516,449,67,1.0,22
748,0,0,474,395,79,1.0,20
748,1,1,371,476,-105,0.0,28
756,0,0,439,502,-63,0.0,22
756,1,1,500,466,34,1.0,20
764,0,0,344,423,-79,0.0,23
764,1,1,447,389,58,1.0,23
772,0,0,400,503,-103,0.0,26
772,1,1,481,406,75,1.0,22
780,0,0,441,421,20,1.0,22
780,1,1,538,429,109,1.0,23
788,0,0,534,427,107,1.0,23
788,1,1,335,472,-137,0.0,23
796,0,0,413,366,47,1.0,26
796,1,1,447,373,74,1.0,25
804,0,0,429,397,32,1.0,23
804,1,1,555,352,203,1.0,20
812,0,0,422,456,-34,0.0,23
812,1,1,487,437,50,1.0,21
820,0,0,472,449,23,1.0,21
820,1,1,459,368,91,1.0,29
828,0,0,447,382,65,1.0,27
828,1,1,481,400,81,1.0,20
836,0,0,349,510,-161,0.0,21
836,1,1,487,427,60,1.0,21
844,0,0,496,404,92,1.0,24
844,1,1,356,557,-201,0.0,23
852,0,0,402,452,-50,0.0,21
852,1,1,514,425,89,1.0,22
860,0,0,454,391,63,1.0,23
860,1,1,508,360,148,1.0,21
868,0,0,329,488,-159,0.0,25
868,1,1,387,397,-10,0.0,25
876,0,0,430,409,21,1.0,21
876,1,1,407,501,-94,0.0,22
884,0,0,531,321,210,1.0,26
884,1,1,395,488,-93,0.0,22
892,0,0,456,448,8,1.0,22
892,1,1,396,408,-12,0.0,26
900,0,0,463,367,96,1.0,23
900,1,1,443,431,12,1.0,25
908,0,0,443,364,79,1.0,24
908,1,1,480,460,20,1.0,21
916,0,0,499,395,104,1.0,22
916,1,1,389,533,-144,0.0,23
924,0,0,500,369,131,1.0,22
924,1,1,524,507,17,1.0,22
932,0,0,394,650,-256,0.0,22
932,1,1,464,463,1,1.0,23
940,0,0,439,380,59,1.0,25
940,1,1,452,387,65,1.0,24
948,0,0,395,409,-14,0.0,27
948,1,1,385,470,-85,0.0,23
956,0,0,445,409,36,1.0,24
956,1,1,386,431,-45,0.0,23
964,0,0,426,447,-21,0.0,22
964,1,1,383,454,-71,0.0,23
972,0,0,524,397,127,1.0,23
972,1,1,489,405,84,1.0,25
980,0,0,529,445,84,1.0,22
980,1,1,457,569,-112,0.0,22
988,0,0,411,429,-18,0.0,22
988,1,1,371,480,-109,0.0,23
996,0,0,360,429,-69,0.0,24
996,1,1,502,404,98,1.0,25
1004,0,0,492,382,110,1.0,22
1004,1,1,444,472,-28,0.0,27
1012,0,0,477,430,47,1.0,22
1012,1,1,446,458,-12,0.0,23
1020,0,0,482,424,58,1.0,21
1020,1,1,431,537,-106,0.0,23
1028,0,0,412,407,5,1.0,22
1028,1,1,429,438,-9,0.0,23
1036,0,0,566,373,193,1.0,23
1036,1,1,373,458,-85,0.0,24
1044,0,0,454,422,32,1.0,24
1044,1,1,537,525,12,1.0,19
1052,0,0,466,532,-66,0.0,22
1052,1,1,530,455,75,1.0,23
1060,0,0,427,445,-18,0.0,27
1060,1,1,388,445,-57,0.0,24
1068,0,0,494,360,134,1.0,24
1068,1,1,360,488,-128,0.0,23
1076,0,0,410,496,-86,0.0,26
1076,1,1,421,452,-31,0.0,25
1084,0,0,508,427,81,1.0,26
1084,1,1,496,487,9,1.0,20
1092,0,0,401,468,-67,0.0,25
1092,1,1,450,314,136,1.0,34
1100,0,0,401,513,-112,0.0,25
1100,1,1,508,371,137,1.0,23
1108,0,0,484,467,17,1.0,22
1108,1,1,428,443,-15,0.0,23
1116,0,0,423,457,-34,0.0,25
1116,1,1,375,433,-58,0.0,22
1124,0,0,528,283,245,1.0,23
1124,1,1,491,482,9,1.0,28
1132,0,0,392,403,-11,0.0,24
1132,1,1,414,357,57,1.0,23
1140,0,0,369,405,-36,0.0,26
1140,1,1,444,506,-62,0.0,23
1148,0,0,381,422,-41,0.0,25
1148,1,1,545,416,129,1.0,24
1156,0,0,408,437,-29,0.0,24
1156,1,1,457,498,-41,0.0,26
1164,0,0,501,419,82,1.0,25
1164,1,1,371,411,-40,0.0,23
1172,0,0,415,433,-18,0.0,23
1172,1,1,471,442,29,1.0,23
1180,0,0,449,413,36,1.0,27
1180,1,1,408,487,-79,0.0,26
1188,0,0,556,424,132,1.0,23
1188,1,1,358,519,-161,0.0,23
1196,0,0,479,449,30,1.0,21
1196,1,1,418,487,-69,0.0,23
1204,0,0,442,447,-5,0.0,21
1204,1,1,465,432,33,1.0,23
1212,0,0,430,396,34,1.0,21
1212,1,1,392,478,-86,0.0,26
1220,0,0,474,416,58,1.0,24
1220,1,1,461,481,-20,0.0,23
1228,0,0,510,449,61,1.0,20
1228,1,1,466,483,-17,0.0,23
1236,0,0,462,319,143,1.0,30
1236,1,1,431,427,4,1.0,21
1244,0,0,471,372,99,1.0,21
1244,1,1,547,421,126,1.0,22
1252,0,0,493,407,86,1.0,20
1252,1,1,491,447,44,1.0,24
1260,0,0,465,365,100,1.0,27
1260,1,1,389,462,-73,0.0,23
1268,0,0,426,488,-62,0.0,24
1268,1,1,403,377,26,1.0,28
1276,0,0,464,362,102,1.0,25
1276,1,1,296,483,-187,0.0,26
1284,0,0,411,394,17,1.0,19
1284,1,1,490,376,114,1.0,21
1292,0,0,391,426,-35,0.0,24
1292,1,1,400,508,-108,0.0,22
1300,0,0,493,391,102,1.0,21
1300,1,1,411,422,-11,0.0,22
1308,0,0,465,432,33,1.0,23
1308,1,1,405,405,0,0.5,23
1316,0,0,476,454,22,1.0,21
1316,1,1,479,497,-18,0.0,22
1324,0,0,519,356,163,1.0,24
1324,1,1,443,414,29,1.0,26
1332,0,0,433,351,82,1.0,23
1332,1,1,434,588,-154,0.0,24
1340,0,0,427,472,-45,0.0,20
1340,1,1,438,491,-53,0.0,20
1348,0,0,444,379,65,1.0,26
1348,1,1,340,492,-152,0.0,25
1356,0,0,496,443,53,1.0,22
1356,1,1,436,442,-6,0.0,26
1364,0,0,422,569,-147,0.0,22
1364,1,1,500,367,133,1.0,24
1372,0,0,378,502,-124,0.0,25
1372,1,1,532,398,134,1.0,30
1380,0,0,496,376,120,1.0,22
1380,1,1,482,453,29,1.0,23
1388,0,0,488,408,80,1.0,22
1388,1,1,425,390,35,1.0,20
1396,0,0,449,356,93,1.0,24
1396,1,1,401,486,-85,0.0,22
1404,0,0,430,443,-13,0.0,29
1404,1,1,426,463,-37,0.0,25
1412,0,0,482,373,109,1.0,23
1412,1,1,373,473,-100,0.0,23
1420,0,0,616,414,202,1.0,23
1420,1,1,397,467,-70,0.0,23
1428,0,0,408,397,11,1.0,25
1428,1,1,414,490,-76,0.0,24
1436,0,0,527,518,9,1.0,21
1436,1,1,482,535,-53,0.0,21
1444,0,0,443,422,21,1.0,23
1444,1,1,419,451,-32,0.0,23
1452,0,0,531,388,143,1.0,29
1452,1,1,372,475,-103,0.0,21
1460,0,0,517,371,146,1.0,23
1460,1,1,421,565,-144,0.0,23
1468,0,0,407,440,-33,0.0,23
1468,1,1,548,468,80,1.0,23
1476,0,0,441,520,-79,0.0,23
1476,1,1,473,424,49,1.0,24
1484,0,0,415,422,-7,0.0,23
1484,1,1,449,523,-74,0.0,21
1492,0,0,364,421,-57,0.0,24
1492,1,1,513,337,176,1.0,22
1500,0,0,410,487,-77,0.0,24
1500,1,1,396,419,-23,0.0,26
1508,0,0,368,388,-20,0.0,24
1508,1,1,443,456,-13,0.0,29
1516,0,0,430,485,-55,0.0,23
1516,1,1,491,457,34,1.0,20
1524,0,0,463,426,37,1.0,21
1524,1,1,368,520,-152,0.0,21
1532,0,0,510,370,140,1.0,21
1532,1,1,385,580,-195,0.0,22
1540,0,0,393,388,5,1.0,25
1540,1,1,365,384,-19,0.0,25
1548,0,0,456,435,21,1.0,20
1548,1,1,382,520,-138,0.0,24
1556,0,0,395,505,-110,0.0,26
1556,1,1,423,390,33,1.0,25
1564,0,0,384,360,24,1.0,28
1564,1,1,480,392,88,1.0,27
1572,0,0,420,474,-54,0.0,25
1572,1,1,507,535,-28,0.0,21
1580,0,0,422,411,11,1.0,22
1580,1,1,460,480,-20,0.0,22
1588,0,0,455,467,-12,0.0,22
1588,1,1,363,430,-67,0.0,21
1596,0,0,453,408,45,1.0,22
1596,1,1,423,507,-84,0.0,23
1604,0,0,485,524,-39,0.0,21
1604,1,1,533,498,35,1.0,21
1612,0,0,390,522,-132,0.0,22
1612,1,1,384,584,-200,0.0,21
1620,0,0,380,421,-41,0.0,26
1620,1,1,428,396,32,1.0,26
1628,0,0,526,490,36,1.0,25
1628,1,1,457,476,-19,0.0,23
1636,0,0,397,392,5,1.0,27
1636,1,1,441,443,-2,0.0,22
1644,0,0,457,457,0,0.5,25
1644,1,1,406,516,-110,0.0,22
1652,0,0,488,447,41,1.0,25
1652,1,1,460,361,99,1.0,24
1660,0,0,501,356,145,1.0,27
1660,1,1,393,492,-99,0.0,24
1668,0,0,483,368,115,1.0,23
1668,1,1,334,458,-124,0.0,23
1676,0,0,401,425,-24,0.0,23
1676,1,1,530,421,109,1.0,20
1684,0,0,454,429,25,1.0,26
1684,1,1,468,501,-33,0.0,19
1692,0,0,464,427,37,1.0,22
1692,1,1,506,368,138,1.0,23
1700,0,0,585,446,139,1.0,24
1700,1,1,367,606,-239,0.0,24
1708,0,0,457,368,89,1.0,24
1708,1,1,423,436,-13,0.0,22
1716,0,0,491,464,27,1.0,26
1716,1,1,408,382,26,1.0,24
1724,0,0,463,418,45,1.0,21
1724,1,1,403,472,-69,0.0,22
1732,0,0,424,503,-79,0.0,23
1732,1,1,499,375,124,1.0,24
1740,0,0,545,415,130,1.0,21
1740,1,1,497,559,-62,0.0,20
1748,0,0,480,494,-14,0.0,24
1748,1,1,411,450,-39,0.0,21
1756,0,0,468,481,-13,0.0,24
1756,1,1,490,479,11,1.0,20
1764,0,0,360,528,-168,0.0,23
1764,1,1,587,325,262,1.0,22
1772,0,0,464,443,21,1.0,26
1772,1,1,380,457,-77,0.0,21
1780,0,0,350,528,-178,0.0,24
1780,1,1,530,409,121,1.0,29
1788,0,0,473,465,8,1.0,22
1788,1,1,413,496,-83,0.0,25
1796,0,0,487,403,84,1.0,23
1796,1,1,491,560,-69,0.0,18
1804,0,0,390,415,-25,0.0,25
1804,1,1,470,424,46,1.0,21
1812,0,0,457,554,-97,0.0,21
1812,1,1,556,418,138,1.0,22
1820,0,0,533,380,153,1.0,23
1820,1,1,432,463,-31,0.0,21
1828,0,0,384,515,-131,0.0,22
1828,1,1,473,465,8,1.0,23
1836,0,0,443,452,-9,0.0,22
1836,1,1,430,484,-54,0.0,21
1844,0,0,486,367,119,1.0,22
1844,1,1,478,348,130,1.0,25
1852,0,0,386,455,-69,0.0,23
1852,1,1,453,480,-27,0.0,24
1860,0,0,479,364,115,1.0,25
1860,1,1,557,371,186,1.0,20
1868,0,0,546,403,143,1.0,22
1868,1,1,434,545,-111,0.0,20
1876,0,0,451,514,-63,0.0,25
1876,1,1,399,413,-14,0.0,23
1884,0,0,479,412,67,1.0,26
1884,1,1,423,431,-8,0.0,18
1892,0,0,457,449,8,1.0,21
1892,1,1,418,461,-43,0.0,21
1900,0,0,556,459,97,1.0,20
1900,1,1,486,595,-109,0.0,23
1908,0,0,495,504,-9,0.0,27
1908,1,1,493,483,10,1.0,29
1916,0,0,562,402,160,1.0,22
1916,1,1,386,524,-138,0.0,24
1924,0,0,517,310,207,1.0,25
1924,1,1,341,421,-80,0.0,26
1932,0,0,494,371,123,1.0,23
1932,1,1,451,496,-45,0.0,24
1940,0,0,415,417,-2,0.0,23
1940,1,1,418,414,4,1.0,25
1948,0,0,346,473,-127,0.0,26
1948,1,1,430,431,-1,0.0,22
1956,0,0,401,404,-3,0.0,22
1956,1,1,382,472,-90,0.0,25
1964,0,0,480,388,92,1.0,22
1964,1,1,441,480,-39,0.0,24
1972,0,0,438,568,-130,0.0,20
1972,1,1,399,536,-137,0.0,21
1980,0,0,409,389,20,1.0,22
1980,1,1,455,426,29,1.0,24
1988,0,0,503,410,93,1.0,24
1988,1,1,433,455,-22,0.0,30
1996,0,0,462,494,-32,0.0,24
1996,1,1,434,417,17,1.0,25
5,0,0,362,499,-137,0.0,23
5,1,1,533,411,122,1.0,22
13,0,0,427,580,-153,0.0,21
13,1,1,508,361,147,1.0,24
21,0,0,449,331,118,1.0,24
21,1,1,324,497,-173,0.0,24
29,0,0,419,419,0,0.5,26
29,1,1,450,447,3,1.0,23
37,0,0,320,500,-180,0.0,24
37,1,1,578,336,242,1.0,23
45,0,0,350,455,-105,0.0,25
45,1,1,529,355,174,1.0,24
53,0,0,385,424,-39,0.0,22
53,1,1,458,402,56,1.0,23
61,0,0,483,525,-42,0.0,20
61,1,1,408,453,-45,0.0,32
69,0,0,460,520,-60,0.0,22
69,1,1,557,437,120,1.0,22
77,0,0,598,469,129,1.0,20
77,1,1,488,632,-144,0.0,21
85,0,0,477,314,163,1.0,24
85,1,1,411,491,-80,0.0,20
93,0,0,390,499,-109,0.0,23
93,1,1,423,351,72,1.0,30
101,0,0,440,433,7,1.0,20
101,1,1,397,498,-101,0.0,24
109,0,0,393,384,9,1.0,32
109,1,1,425,314,111,1.0,21
117,0,0,414,460,-46,0.0,27
117,1,1,452,503,-51,0.0,26
125,0,0,297,458,-161,0.0,25
125,1,1,436,328,108,1.0,27
133,0,0,338,530,-192,0.0,21
133,1,1,502,410,92,1.0,22
141,0,0,389,501,-112,0.0,20
141,1,1,454,428,26,1.0,25
149,0,0,441,454,-13,0.0,23
149,1,1,367,536,-169,0.0,22
157,0,0,401,374,27,1.0,23
157,1,1,464,307,157,1.0,25
165,0,0,350,513,-163,0.0,27
165,1,1,495,411,84,1.0,25
173,0,0,531,470,61,1.0,24
173,1,1,529,436,93,1.0,24
181,0,0,418,476,-58,0.0,26
181,1,1,458,473,-15,0.0,24
189,0,0,416,393,23,1.0,22
189,1,1,462,412,50,1.0,19
197,0,0,452,443,9,1.0,22
197,1,1,515,437,78,1.0,24
205,0,0,491,505,-14,0.0,19
205,1,1,543,486,57,1.0,20
213,0,0,525,411,114,1.0,24
213,1,1,424,466,-42,0.0,24
221,0,0,487,507,-20,0.0,21
221,1,1,425,420,5,1.0,24
229,0,0,405,442,-37,0.0,24
229,1,1,485,360,125,1.0,24
237,0,0,436,364,72,1.0,22
237,1,1,382,398,-16,0.0,22
245,0,0,489,435,54,1.0,25
245,1,1,372,405,-33,0.0,22
253,0,0,389,507,-118,0.0,25
253,1,1,383,389,-6,0.0,21
261,0,0,341,478,-137,0.0,23
261,1,1,481,422,59,1.0,20
269,0,0,416,367,49,1.0,25
269,1,1,417,434,-17,0.0,31
277,0,0,433,489,-56,0.0,25
277,1,1,549,369,180,1.0,24
285,0,0,512,306,206,1.0,22
285,1,1,339,378,-39,0.0,29
293,0,0,314,483,-169,0.0,22
293,1,1,463,316,147,1.0,26
301,0,0,405,446,-41,0.0,24
301,1,1,374,412,-38,0.0,24
309,0,0,502,506,-4,0.0,25
309,1,1,499,402,97,1.0,25
317,0,0,446,340,106,1.0,23
317,1,1,434,502,-68,0.0,23
325,0,0,432,472,-40,0.0,21
325,1,1,403,451,-48,0.0,22
333,0,0,456,396,60,1.0,28
333,1,1,449,361,88,1.0,25
341,0,0,373,390,-17,0.0,22
341,1,1,396,480,-84,0.0,24
349,0,0,491,509,-18,0.0,24
349,1,1,443,502,-59,0.0,25
357,0,0,418,462,-44,0.0,23
357,1,1,502,403,99,1.0,23
365,0,0,331,506,-175,0.0,23
365,1,1,518,327,191,1.0,21
373,0,0,416,379,37,1.0,23
373,1,1,468,406,62,1.0,23
381,0,0,440,473,-33,0.0,24
381,1,1,370,515,-145,0.0,22
389,0,0,487,382,105,1.0,24
389,1,1,586,410,176,1.0,22
397,0,0,462,404,58,1.0,22
397,1,1,387,518,-131,0.0,20
405,0,0,531,412,119,1.0,21
405,1,1,432,560,-128,0.0,19
413,0,0,368,447,-79,0.0,24
413,1,1,480,448,32,1.0,21
421,0,0,454,566,-112,0.0,23
421,1,1,518,471,47,1.0,22
429,0,0,451,418,33,1.0,25
429,1,1,402,457,-55,0.0,22
437,0,0,415,483,-68,0.0,22
437,1,1,449,425,24,1.0,24
445,0,0,392,513,-121,0.0,23
445,1,1,461,428,33,1.0,22
453,0,0,559,311,248,1.0,26
453,1,1,365,433,-68,0.0,21
461,0,0,452,494,-42,0.0,26
461,1,1,508,438,70,1.0,21
469,0,0,428,469,-41,0.0,21
469,1,1,481,417,64,1.0,26
477,0,0,486,417,69,1.0,26
477,1,1,356,470,-114,0.0,22
485,0,0,413,496,-83,0.0,20
485,1,1,442,409,33,1.0,22
493,0,0,485,431,54,1.0,20
493,1,1,430,525,-95,0.0,22
501,0,0,506,314,192,1.0,27
501,1,1,472,415,57,1.0,23
509,0,0,371,500,-129,0.0,25
509,1,1,478,400,78,1.0,28
517,0,0,464,426,38,1.0,19
517,1,1,438,500,-62,0.0,20
525,0,0,423,437,-14,0.0,24
525,1,1,389,478,-89,0.0,20
533,0,0,507,451,56,1.0,26
533,1,1,415,486,-71,0.0,21
541,0,0,474,477,-3,0.0,24
541,1,1,406,457,-51,0.0,20
549,0,0,404,420,-16,0.0,22
549,1,1,449,389,60,1.0,23
557,0,0,427,302,125,1.0,32
557,1,1,382,445,-63,0.0,28
565,0,0,416,443,-27,0.0,27
565,1,1,514,297,217,1.0,28
573,0,0,403,552,-149,0.0,25
573,1,1,431,424,7,1.0,24
581,0,0,464,441,23,1.0,22
581,1,1,558,478,80,1.0,22
589,0,0,378,443,-65,0.0,24
589,1,1,400,380,20,1.0,27
597,0,0,480,401,79,1.0,29
597,1,1,423,463,-40,0.0,22
605,0,0,582,431,151,1.0,23
605,1,1,418,469,-51,0.0,22
613,0,0,358,438,-80,0.0,28
613,1,1,474,390,84,1.0,22
621,0,0,397,492,-95,0.0,25
621,1,1,492,527,-35,0.0,22
629,0,0,395,493,-98,0.0,21
629,1,1,484,538,-54,0.0,19
637,0,0,417,455,-38,0.0,23
637,1,1,481,533,-52,0.0,22
645,0,0,410,528,-118,0.0,22
645,1,1,449,485,-36,0.0,20
653,0,0,500,522,-22,0.0,21
653,1,1,489,457,32,1.0,23
661,0,0,490,406,84,1.0,25
661,1,1,467,508,-41,0.0,25
669,0,0,417,491,-74,0.0,24
669,1,1,465,385,80,1.0,24
677,0,0,525,352,173,1.0,24
677,1,1,375,441,-66,0.0,26
685,0,0,423,429,-6,0.0,23
685,1,1,489,416,73,1.0,22
693,0,0,436,407,29,1.0,23
693,1,1,390,496,-106,0.0,23
701,0,0,427,435,-8,0.0,22
701,1,1,472,430,42,1.0,26
709,0,0,379,497,-118,0.0,28
709,1,1,489,432,57,1.0,25
717,0,0,398,371,27,1.0,26
717,1,1,363,429,-66,0.0,24
725,0,0,446,426,20,1.0,22
725,1,1,580,356,224,1.0,25
733,0,0,439,413,26,1.0,23
733,1,1,423,462,-39,0.0,26
741,0,0,353,426,-73,0.0,24
741,1,1,442,358,84,1.0,27
749,0,0,478,499,-21,0.0,22
749,1,1,498,422,76,1.0,23
757,0,0,329,448,-119,0.0,28
757,1,1,488,342,146,1.0,23
765,0,0,356,479,-123,0.0,22
765,1,1,481,376,105,1.0,23
773,0,0,508,416,92,1.0,22
773,1,1,458,547,-89,0.0,22
781,0,0,394,426,-32,0.0,22
781,1,1,320,525,-205,0.0,24
789,0,0,403,406,-3,0.0,25
789,1,1,387,403,-16,0.0,22
797,0,0,356,560,-204,0.0,22
797,1,1,412,427,-15,0.0,26
805,0,0,340,585,-245,0.0,23
805,1,1,550,537,13,1.0,22
813,0,0,494,412,82,1.0,23
813,1,1,418,570,-152,0.0,23
821,0,0,387,441,-54,0.0,27
821,1,1,455,339,116,1.0,23
829,0,0,546,342,204,1.0,24
829,1,1,325,569,-244,0.0,25
837,0,0,360,430,-70,0.0,26
837,1,1,406,688,-282,0.0,25
845,0,0,446,452,-6,0.0,23
845,1,1,537,401,136,1.0,23
853,0,0,474,489,-15,0.0,22
853,1,1,500,471,29,1.0,25
861,0,0,454,664,-210,0.0,21
861,1,1,594,395,199,1.0,20
869,0,0,408,477,-69,0.0,28
869,1,1,386,450,-64,0.0,20
877,0,0,529,388,141,1.0,23
877,1,1,469,492,-23,0.0,21
885,0,0,493,378,115,1.0,22
885,1,1,438,461,-23,0.0,24
893,0,0,392,494,-102,0.0,24
893,1,1,416,385,31,1.0,31
901,0,0,460,419,41,1.0,26
901,1,1,485,474,11,1.0,23
909,0,0,386,445,-59,0.0,22
909,1,1,454,399,55,1.0,23
917,0,0,410,546,-136,0.0,22
917,1,1,634,393,241,1.0,19
925,0,0,419,360,59,1.0,21
925,1,1,362,434,-72,0.0,22
933,0,0,554,411,143,1.0,22
933,1,1,370,342,28,1.0,27
941,0,0,436,501,-65,0.0,21
941,1,1,393,413,-20,0.0,26
949,0,0,388,482,-94,0.0,24
949,1,1,479,423,56,1.0,24
957,0,0,403,473,-70,0.0,23
957,1,1,541,310,231,1.0,34
965,0,0,443,383,60,1.0,23
965,1,1,443,443,0,0.5,26
973,0,0,464,375,89,1.0,22
973,1,1,411,551,-140,0.0,23
981,0,0,420,411,9,1.0,23
981,1,1,398,408,-10,0.0,22
989,0,0,426,404,22,1.0,24
989,1,1,470,410,60,1.0,22
997,0,0,336,443,-107,0.0,29
997,1,1,532,268,264,1.0,25
1005,0,0,579,502,77,1.0,20
1005,1,1,463,435,28,1.0,26
1013,0,0,350,482,-132,0.0,21
1013,1,1,484,410,74,1.0,21
1021,0,0,392,472,-80,0.0,27
1021,1,1,470,277,193,1.0,28
1029,0,0,476,369,107,1.0,23
1029,1,1,424,497,-73,0.0,20
1037,0,0,446,476,-30,0.0,23
1037,1,1,485,349,136,1.0,24
1045,0,0,342,512,-170,0.0,25
1045,1,1,543,341,202,1.0,21
1053,0,0,448,427,21,1.0,24
1053,1,1,450,450,0,0.5,24
1061,0,0,465,501,-36,0.0,23
1061,1,1,412,451,-39,0.0,22
1069,0,0,484,425,59,1.0,23
1069,1,1,449,487,-38,0.0,25
1077,0,0,408,490,-82,0.0,22
1077,1,1,634,323,311,1.0,23
1085,0,0,433,464,-31,0.0,22
1085,1,1,456,470,-14,0.0,22
1093,0,0,500,389,111,1.0,22
1093,1,1,434,507,-73,0.0,22
1101,0,0,537,411,126,1.0,23
1101,1,1,454,438,16,1.0,24
1109,0,0,470,485,-15,0.0,20
1109,1,1,497,434,63,1.0,21
1117,0,0,381,427,-46,0.0,21
1117,1,1,455,406,49,1.0,25
1125,0,0,526,366,160,1.0,25
1125,1,1,412,368,44,1.0,23
1133,0,0,445,464,-19,0.0,21
1133,1,1,539,543,-4,0.0,21
1141,0,0,431,417,14,1.0,25
1141,1,1,429,485,-56,0.0,22
1149,0,0,359,426,-67,0.0,27
1149,1,1,437,432,5,1.0,34
1157,0,0,430,480,-50,0.0,21
1157,1,1,430,443,-13,0.0,24
1165,0,0,457,486,-29,0.0,22
1165,1,1,487,449,38,1.0,24
1173,0,0,381,468,-87,0.0,26
1173,1,1,510,441,69,1.0,23
1181,0,0,448,388,60,1.0,23
1181,1,1,361,480,-119,0.0,22
1189,0,0,402,452,-50,0.0,29
1189,1,1,353,348,5,1.0,28
1197,0,0,442,409,33,1.0,23
1197,1,1,483,453,30,1.0,21
1205,0,0,484,359,125,1.0,23
1205,1,1,391,496,-105,0.0,23
1213,0,0,468,360,108,1.0,22
1213,1,1,546,415,131,1.0,23
1221,0,0,486,465,21,1.0,24
1221,1,1,455,451,4,1.0,22
1229,0,0,357,484,-127,0.0,24
1229,1,1,394,447,-53,0.0,20
1237,0,0,388,555,-167,0.0,21
1237,1,1,447,392,55,1.0,21
1245,0,0,449,476,-27,0.0,24
1245,1,1,383,464,-81,0.0,25
1253,0,0,379,398,-19,0.0,22
1253,1,1,527,460,67,1.0,24
1261,0,0,364,509,-145,0.0,25
1261,1,1,475,425,50,1.0,24
1269,0,0,432,462,-30,0.0,24
1269,1,1,458,353,105,1.0,23
1277,0,0,461,427,34,1.0,26
1277,1,1,431,396,35,1.0,25
1285,0,0,382,440,-58,0.0,24
1285,1,1,384,444,-60,0.0,24
1293,0,0,432,543,-111,0.0,21
1293,1,1,583,460,123,1.0,21
1301,0,0,485,361,124,1.0,28
1301,1,1,452,496,-44,0.0,22
1309,0,0,437,403,34,1.0,25
1309,1,1,386,354,32,1.0,26
1317,0,0,403,431,-28,0.0,24
1317,1,1,475,438,37,1.0,22
1325,0,0,479,406,73,1.0,24
1325,1,1,438,397,41,1.0,25
1333,0,0,401,567,-166,0.0,22
1333,1,1,481,396,85,1.0,21
1341,0,0,382,496,-114,0.0,25
1341,1,1,571,396,175,1.0,24
1349,0,0,393,528,-135,0.0,26
1349,1,1,459,384,75,1.0,29
1357,0,0,400,483,-83,0.0,27
1357,1,1,556,443,113,1.0,21
1365,0,0,423,441,-18,0.0,29
1365,1,1,352,437,-85,0.0,28
1373,0,0,519,485,34,1.0,22
1373,1,1,480,437,43,1.0,27
1381,0,0,555,437,118,1.0,19
1381,1,1,473,518,-45,0.0,22
1389,0,0,405,482,-77,0.0,24
1389,1,1,482,416,66,1.0,24
1397,0,0,416,457,-41,0.0,23
1397,1,1,542,385,157,1.0,27
1405,0,0,471,439,32,1.0,19
1405,1,1,417,541,-124,0.0,21
1413,0,0,439,411,28,1.0,23
1413,1,1,522,502,20,1.0,27
1421,0,0,441,439,2,1.0,28
1421,1,1,406,491,-85,0.0,22
1429,0,0,452,460,-8,0.0,21
1429,1,1,467,407,60,1.0,21
1437,0,0,433,401,32,1.0,23
1437,1,1,474,416,58,1.0,23
1445,0,0,487,403,84,1.0,22
1445,1,1,457,370,87,1.0,23
1453,0,0,373,555,-182,0.0,22
1453,1,1,429,354,75,1.0,25
1461,0,0,456,441,15,1.0,22
1461,1,1,503,468,35,1.0,21
1469,0,0,407,475,-68,0.0,24
1469,1,1,406,506,-100,0.0,29
1477,0,0,506,446,60,1.0,23
1477,1,1,407,523,-116,0.0,27
1485,0,0,367,414,-47,0.0,21
1485,1,1,387,462,-75,0.0,22
1493,0,0,443,366,77,1.0,21
1493,1,1,459,447,12,1.0,22
1501,0,0,416,402,14,1.0,24
1501,1,1,458,455,3,1.0,22
1509,0,0,362,454,-92,0.0,23
1509,1,1,412,423,-11,0.0,22
1517,0,0,479,437,42,1.0,22
1517,1,1,445,383,62,1.0,25
1525,0,0,407,528,-121,0.0,21
1525,1,1,553,382,171,1.0,25
1533,0,0,478,531,-53,0.0,28
1533,1,1,461,526,-65,0.0,23
1541,0,0,356,452,-96,0.0,26
1541,1,1,425,427,-2,0.0,24
1549,0,0,410,376,34,1.0,26
1549,1,1,399,392,7,1.0,22
1557,0,0,549,408,141,1.0,26
1557,1,1,395,476,-81,0.0,22
1565,0,0,412,542,-130,0.0,21
1565,1,1,572,378,194,1.0,22
1573,0,0,348,488,-140,0.0,22
1573,1,1,498,374,124,1.0,25
1581,0,0,548,452,96,1.0,26
1581,1,1,464,414,50,1.0,22
1589,0,0,361,419,-58,0.0,22
1589,1,1,479,398,81,1.0,27
1597,0,0,477,450,27,1.0,22
1597,1,1,454,533,-79,0.0,20
1605,0,0,496,391,105,1.0,22
1605,1,1,451,482,-31,0.0,23
1613,0,0,440,343,97,1.0,25
1613,1,1,374,512,-138,0.0,24
1621,0,0,507,411,96,1.0,28
1621,1,1,437,522,-85,0.0,22
1629,0,0,553,423,130,1.0,24
1629,1,1,473,466,7,1.0,21
1637,0,0,468,370,98,1.0,24
1637,1,1,340,482,-142,0.0,24
1645,0,0,494,571,-77,0.0,24
1645,1,1,421,404,17,1.0,29
1653,0,0,461,462,-1,0.0,22
1653,1,1,555,436,119,1.0,22
1661,0,0,452,543,-91,0.0,19
1661,1,1,392,529,-137,0.0,21
1669,0,0,501,411,90,1.0,21
1669,1,1,453,562,-109,0.0,21
1677,0,0,350,424,-74,0.0,26
1677,1,1,489,491,-2,0.0,23
1685,0,0,451,566,-115,0.0,22
1685,1,1,514,488,26,1.0,23
1693,0,0,423,424,-1,0.0,25
1693,1,1,362,366,-4,0.0,23
1701,0,0,346,575,-229,0.0,21
1701,1,1,512,372,140,1.0,24
1709,0,0,496,391,105,1.0,20
1709,1,1,450,491,-41,0.0,23
1717,0,0,421,426,-5,0.0,22
1717,1,1,463,469,-6,0.0,26
1725,0,0,436,423,13,1.0,24
1725,1,1,424,349,75,1.0,31
1733,0,0,312,492,-180,0.0,23
1733,1,1,460,463,-3,0.0,23
1741,0,0,480,308,172,1.0,24
1741,1,1,273,526,-253,0.0,22
1749,0,0,379,664,-285,0.0,21
1749,1,1,426,440,-14,0.0,21
1757,0,0,355,433,-78,0.0,24
1757,1,1,459,381,78,1.0,25
1765,0,0,439,568,-129,0.0,25
1765,1,1,516,481,35,1.0,22
1773,0,0,481,399,82,1.0,24
1773,1,1,407,456,-49,0.0,23
1781,0,0,317,550,-233,0.0,23
1781,1,1,470,366,104,1.0,21
1789,0,0,435,447,-12,0.0,24
1789,1,1,583,377,206,1.0,21
1797,0,0,432,509,-77,0.0,23
1797,1,1,423,521,-98,0.0,22
1805,0,0,428,526,-98,0.0,21
1805,1,1,512,478,34,1.0,26
1813,0,0,551,460,91,1.0,22
1813,1,1,450,463,-13,0.0,24
1821,0,0,424,476,-52,0.0,22
1821,1,1,509,415,94,1.0,22
1829,0,0,454,377,77,1.0,24
1829,1,1,414,414,0,0.5,23
1837,0,0,433,430,3,1.0,25
1837,1,1,394,417,-23,0.0,23
1845,0,0,505,277,228,1.0,26
1845,1,1,504,476,28,1.0,26
1853,0,0,567,331,236,1.0,32
1853,1,1,508,451,57,1.0,21
1861,0,0,421,380,41,1.0,23
1861,1,1,415,459,-44,0.0,24
1869,0,0,483,386,97,1.0,22
1869,1,1,503,432,71,1.0,23
1877,0,0,518,523,-5,0.0,22
1877,1,1,454,520,-66,0.0,21
1885,0,0,451,440,11,1.0,25
1885,1,1,386,469,-83,0.0,21
1893,0,0,498,397,101,1.0,21
1893,1,1,470,438,32,1.0,23
1901,0,0,479,532,-53,0.0,23
1901,1,1,508,477,31,1.0,21
1909,0,0,470,459,11,1.0,27
1909,1,1,355,528,-173,0.0,21
1917,0,0,412,531,-119,0.0,23
1917,1,1,470,396,74,1.0,22
1925,0,0,555,464,91,1.0,23
1925,1,1,471,513,-42,0.0,23
1933,0,0,416,483,-67,0.0,26
1933,1,1,499,392,107,1.0,24
1941,0,0,442,501,-59,0.0,22
1941,1,1,523,407,116,1.0,25
1949,0,0,443,385,58,1.0,23
1949,1,1,380,483,-103,0.0,27
1957,0,0,485,404,81,1.0,25
1957,1,1,436,452,-16,0.0,25
1965,0,0,411,404,7,1.0,22
1965,1,1,432,612,-180,0.0,21
1973,0,0,361,522,-161,0.0,23
1973,1,1,438,384,54,1.0,24
1981,0,0,363,414,-51,0.0,25
1981,1,1,373,410,-37,0.0,26
1989,0,0,341,472,-131,0.0,23
1989,1,1,423,421,2,1.0,22
1997,0,0,422,383,39,1.0,24
1997,1,1,347,541,-194,0.0,24
6,0,0,404,409,-5,0.0,24
6,1,1,414,304,110,1.0,24
14,0,0,440,439,1,1.0,22
14,1,1,457,476,-19,0.0,25
22,0,0,546,357,189,1.0,26
22,1,1,461,376,85,1.0,27
30,0,0,599,367,232,1.0,23
30,1,1,412,489,-77,0.0,28
38,0,0,393,446,-53,0.0,25
38,1,1,411,421,-10,0.0,23
46,0,0,366,430,-64,0.0,23
46,1,1,475,432,43,1.0,24
54,0,0,383,425,-42,0.0,25
54,1,1,366,470,-104,0.0,22
62,0,0,414,403,11,1.0,26
62,1,1,395,437,-42,0.0,23
70,0,0,483,503,-20,0.0,22
70,1,1,406,440,-34,0.0,21
78,0,0,493,447,46,1.0,21
78,1,1,394,430,-36,0.0,22
86,0,0,502,444,58,1.0,24
86,1,1,516,417,99,1.0,24
94,0,0,552,481,71,1.0,22
94,1,1,324,414,-90,0.0,26
102,0,0,394,440,-46,0.0,26
102,1,1,552,451,101,1.0,22
110,0,0,482,360,122,1.0,24
110,1,1,448,412,36,1.0,22
118,0,0,555,448,107,1.0,22
118,1,1,403,508,-105,0.0,21
126,0,0,448,406,42,1.0,26
126,1,1,391,484,-93,0.0,23
134,0,0,456,423,33,1.0,25
134,1,1,371,480,-109,0.0,23
142,0,0,403,477,-74,0.0,21
142,1,1,507,478,29,1.0,23
150,0,0,446,501,-55,0.0,25
150,1,1,506,385,121,1.0,22
158,0,0,486,434,52,1.0,21
158,1,1,444,424,20,1.0,25
166,0,0,353,443,-90,0.0,22
166,1,1,524,370,154,1.0,22
174,0,0,448,429,19,1.0,23
174,1,1,429,450,-21,0.0,22
182,0,0,528,403,125,1.0,19
182,1,1,319,577,-258,0.0,21
190,0,0,342,472,-130,0.0,27
190,1,1,513,383,130,1.0,27
198,0,0,400,453,-53,0.0,23
198,1,1,447,355,92,1.0,24
206,0,0,440,468,-28,0.0,23
206,1,1,397,432,-35,0.0,23
214,0,0,515,438,77,1.0,21
214,1,1,483,466,17,1.0,24
222,0,0,448,471,-23,0.0,23
222,1,1,456,496,-40,0.0,26
230,0,0,418,452,-34,0.0,26
230,1,1,386,490,-104,0.0,23
238,0,0,451,439,12,1.0,22
238,1,1,492,462,30,1.0,21
246,0,0,460,408,52,1.0,21
246,1,1,380,405,-25,0.0,24
254,0,0,381,469,-88,0.0,24
254,1,1,518,419,99,1.0,24
262,0,0,457,392,65,1.0,24
262,1,1,374,547,-173,0.0,19
270,0,0,467,391,76,1.0,23
270,1,1,418,509,-91,0.0,24
278,0,0,352,400,-48,0.0,23
278,1,1,467,410,57,1.0,23
286,0,0,517,406,111,1.0,24
286,1,1,388,533,-145,0.0,20
294,0,0,373,424,-51,0.0,25
294,1,1,536,550,-14,0.0,20
302,0,0,564,441,123,1.0,23
302,1,1,408,492,-84,0.0,22
310,0,0,454,411,43,1.0,24
310,1,1,418,499,-81,0.0,26
318,0,0,675,493,182,1.0,16
318,1,1,453,600,-147,0.0,20
326,0,0,405,553,-148,0.0,21
326,1,1,610,384,226,1.0,21
334,0,0,355,427,-72,0.0,24
334,1,1,464,374,90,1.0,26
342,0,0,391,512,-121,0.0,23
342,1,1,529,336,193,1.0,21
350,0,0,449,520,-71,0.0,21
350,1,1,497,426,71,1.0,23
358,0,0,512,476,36,1.0,21
358,1,1,538,392,146,1.0,28
366,0,0,437,417,20,1.0,19
366,1,1,416,518,-102,0.0,25
374,0,0,431,384,47,1.0,26
374,1,1,458,459,-1,0.0,26
382,0,0,535,454,81,1.0,25
382,1,1,407,434,-27,0.0,25
390,0,0,431,413,18,1.0,25
390,1,1,492,481,11,1.0,19
398,0,0,482,449,33,1.0,24
398,1,1,372,478,-106,0.0,21
406,0,0,509,436,73,1.0,24
406,1,1,488,402,86,1.0,25
414,0,0,471,366,105,1.0,24
414,1,1,343,658,-315,0.0,21
422,0,0,502,417,85,1.0,23
422,1,1,432,430,2,1.0,25
430,0,0,626,337,289,1.0,21
430,1,1,379,618,-239,0.0,21
438,0,0,525,476,49,1.0,23
438,1,1,416,539,-123,0.0,23
446,0,0,384,420,-36,0.0,22
446,1,1,383,452,-69,0.0,23
454,0,0,515,375,140,1.0,22
454,1,1,331,496,-165,0.0,23
462,0,0,567,401,166,1.0,24
462,1,1,455,523,-68,0.0,20
470,0,0,443,494,-51,0.0,21
470,1,1,535,387,148,1.0,23
478,0,0,484,366,118,1.0,25
478,1,1,415,418,-3,0.0,29
486,0,0,433,398,35,1.0,24
486,1,1,388,390,-2,0.0,23
494,0,0,396,423,-27,0.0,25
494,1,1,390,439,-49,0.0,26
502,0,0,447,457,-10,0.0,24
502,1,1,490,447,43,1.0,22
510,0,0,492,551,-59,0.0,20
510,1,1,408,431,-23,0.0,25
518,0,0,469,481,-12,0.0,24
518,1,1,412,445,-33,0.0,30
526,0,0,506,385,121,1.0,20
526,1,1,304,354,-50,0.0,26
534,0,0,485,537,-52,0.0,21
534,1,1,492,378,114,1.0,21
542,0,0,476,447,29,1.0,25
542,1,1,452,450,2,1.0,19
550,0,0,488,469,19,1.0,21
550,1,1,472,389,83,1.0,23
558,0,0,520,451,69,1.0,20
558,1,1,449,490,-41,0.0,20
566,0,0,404,435,-31,0.0,22
566,1,1,401,479,-78,0.0,22
574,0,0,404,377,27,1.0,25
574,1,1,387,456,-69,0.0,25
582,0,0,438,491,-53,0.0,26
582,1,1,449,465,-16,0.0,23
590,0,0,497,415,82,1.0,24
590,1,1,345,402,-57,0.0,23
598,0,0,444,510,-66,0.0,22
598,1,1,482,401,81,1.0,23
606,0,0,473,402,71,1.0,25
606,1,1,406,528,-122,0.0,27
614,0,0,410,428,-18,0.0,24
614,1,1,457,379,78,1.0,22
622,0,0,390,565,-175,0.0,20
622,1,1,435,390,45,1.0,23
630,0,0,400,477,-77,0.0,26
630,1,1,428,388,40,1.0,22
638,0,0,447,419,28,1.0,22
638,1,1,515,446,69,1.0,21
646,0,0,582,424,158,1.0,23
646,1,1,441,400,41,1.0,22
654,0,0,428,385,43,1.0,27
654,1,1,403,414,-11,0.0,27
662,0,0,477,503,-26,0.0,22
662,1,1,483,519,-36,0.0,22
670,0,0,544,466,78,1.0,22
670,1,1,511,429,82,1.0,21
678,0,0,611,392,219,1.0,22
678,1,1,440,450,-10,0.0,25
686,0,0,491,411,80,1.0,26
686,1,1,459,393,66,1.0,22
694,0,0,376,541,-165,0.0,23
694,1,1,573,311,262,1.0,20
702,0,0,459,461,-2,0.0,22
702,1,1,361,460,-99,0.0,29
710,0,0,418,480,-62,0.0,22
710,1,1,351,416,-65,0.0,23
718,0,0,433,370,63,1.0,23
718,1,1,359,435,-76,0.0,24
726,0,0,406,462,-56,0.0,22
726,1,1,388,448,-60,0.0,22
734,0,0,465,452,13,1.0,20
734,1,1,451,486,-35,0.0,21
742,0,0,453,463,-10,0.0,21
742,1,1,439,331,108,1.0,26
750,0,0,473,487,-14,0.0,22
750,1,1,434,432,2,1.0,22
758,0,0,433,457,-24,0.0,21
758,1,1,433,416,17,1.0,23
766,0,0,421,438,-17,0.0,20
766,1,1,372,477,-105,0.0,23
774,0,0,420,461,-41,0.0,24
774,1,1,517,370,147,1.0,23
782,0,0,474,407,67,1.0,23
782,1,1,458,497,-39,0.0,28
790,0,0,480,468,12,1.0,22
790,1,1,425,454,-29,0.0,21
798,0,0,501,329,172,1.0,22
798,1,1,333,510,-177,0.0,24
806,0,0,491,456,35,1.0,20
806,1,1,416,445,-29,0.0,21
814,0,0,372,442,-70,0.0,24
814,1,1,524,444,80,1.0,22
822,0,0,450,374,76,1.0,22
822,1,1,586,522,64,1.0,25
830,0,0,351,444,-93,0.0,22
830,1,1,479,439,40,1.0,25
838,0,0,335,461,-126,0.0,23
838,1,1,492,446,46,1.0,21
846,0,0,384,423,-39,0.0,26
846,1,1,516,361,155,1.0,24
854,0,0,416,327,89,1.0,22
854,1,1,470,442,28,1.0,24
862,0,0,382,409,-27,0.0,23
862,1,1,541,425,116,1.0,23
870,0,0,522,394,128,1.0,25
870,1,1,439,476,-37,0.0,25
878,0,0,379,439,-60,0.0,26
878,1,1,442,328,114,1.0,25
886,0,0,321,431,-110,0.0,27
886,1,1,580,375,205,1.0,24
894,0,0,461,340,121,1.0,24
894,1,1,338,506,-168,0.0,22
902,0,0,502,536,-34,0.0,20
902,1,1,497,496,1,1.0,24
910,0,0,460,439,21,1.0,22
910,1,1,442,475,-33,0.0,23
918,0,0,479,383,96,1.0,27
918,1,1,447,469,-22,0.0,20
926,0,0,436,382,54,1.0,26
926,1,1,482,445,37,1.0,21
934,0,0,379,440,-61,0.0,27
934,1,1,574,421,153,1.0,22
942,0,0,494,327,167,1.0,25
942,1,1,363,590,-227,0.0,21
950,0,0,482,428,54,1.0,23
950,1,1,485,482,3,1.0,21
958,0,0,560,347,213,1.0,21
958,1,1,371,437,-66,0.0,23
966,0,0,477,418,59,1.0,24
966,1,1,662,373,289,1.0,22
974,0,0,370,451,-81,0.0,22
974,1,1,512,355,157,1.0,24
982,0,0,444,386,58,1.0,22
982,1,1,511,462,49,1.0,23
990,0,0,583,418,165,1.0,25
990,1,1,426,509,-83,0.0,21
998,0,0,398,389,9,1.0,26
998,1,1,467,407,60,1.0,23
1006,0,0,488,438,50,1.0,24
1006,1,1,450,352,98,1.0,25
1014,0,0,412,436,-24,0.0,23
1014,1,1,449,522,-73,0.0,23
1022,0,0,470,404,66,1.0,24
1022,1,1,374,475,-101,0.0,25
1030,0,0,496,400,96,1.0,23
1030,1,1,503,417,86,1.0,29
1038,0,0,365,437,-72,0.0,26
1038,1,1,479,426,53,1.0,28
1046,0,0,423,385,38,1.0,24
1046,1,1,421,516,-95,0.0,21
1054,0,0,455,400,55,1.0,21
1054,1,1,385,502,-117,0.0,21
1062,0,0,458,393,65,1.0,27
1062,1,1,393,440,-47,0.0,24
1070,0,0,431,364,67,1.0,25
1070,1,1,419,375,44,1.0,25
1078,0,0,395,501,-106,0.0,21
1078,1,1,422,441,-19,0.0,23
1086,0,0,431,370,61,1.0,24
1086,1,1,520,383,137,1.0,26
1094,0,0,466,467,-1,0.0,19
1094,1,1,412,471,-59,0.0,21
1102,0,0,492,383,109,1.0,25
1102,1,1,434,443,-9,0.0,23
1110,0,0,441,404,37,1.0,25
1110,1,1,335,449,-114,0.0,25
1118,0,0,559,320,239,1.0,23
1118,1,1,312,438,-126,0.0,24
1126,0,0,391,413,-22,0.0,28
1126,1,1,411,466,-55,0.0,24
1134,0,0,540,355,185,1.0,24
1134,1,1,395,405,-10,0.0,23
1142,0,0,442,408,34,1.0,23
1142,1,1,401,431,-30,0.0,22
1150,0,0,474,365,109,1.0,25
1150,1,1,454,486,-32,0.0,23
1158,0,0,486,457,29,1.0,26
1158,1,1,426,471,-45,0.0,26
1166,0,0,363,488,-125,0.0,24
1166,1,1,511,419,92,1.0,22
1174,0,0,411,325,86,1.0,27
1174,1,1,423,334,89,1.0,28
1182,0,0,414,416,-2,0.0,25
1182,1,1,496,395,101,1.0,21
1190,0,0,399,527,-128,0.0,22
1190,1,1,460,346,114,1.0,25
1198,0,0,394,396,-2,0.0,24
1198,1,1,548,453,95,1.0,20
1206,0,0,416,456,-40,0.0,22
1206,1,1,405,503,-98,0.0,24
1214,0,0,515,390,125,1.0,22
1214,1,1,388,522,-134,0.0,21
1222,0,0,428,288,140,1.0,24
1222,1,1,427,451,-24,0.0,25
1230,0,0,402,477,-75,0.0,24
1230,1,1,398,514,-116,0.0,21
1238,0,0,438,398,40,1.0,25
1238,1,1,397,458,-61,0.0,23
1246,0,0,472,445,27,1.0,22
1246,1,1,478,685,-207,0.0,19
1254,0,0,396,527,-131,0.0,21
1254,1,1,513,383,130,1.0,23
1262,0,0,421,568,-147,0.0,23
1262,1,1,621,402,219,1.0,23
1270,0,0,462,444,18,1.0,20
1270,1,1,486,437,49,1.0,21
1278,0,0,527,422,105,1.0,20
1278,1,1,411,564,-153,0.0,25
1286,0,0,468,459,9,1.0,22
1286,1,1,414,392,22,1.0,27
1294,0,0,485,489,-4,0.0,23
1294,1,1,482,480,2,1.0,23
1302,0,0,411,460,-49,0.0,22
1302,1,1,511,397,114,1.0,23
1310,0,0,522,399,123,1.0,23
1310,1,1,413,461,-48,0.0,24
1318,0,0,477,411,66,1.0,27
1318,1,1,395,551,-156,0.0,23
1326,0,0,546,379,167,1.0,23
1326,1,1,369,509,-140,0.0,27
1334,0,0,353,444,-91,0.0,24
1334,1,1,403,463,-60,0.0,27
1342,0,0,572,379,193,1.0,22
1342,1,1,359,491,-132,0.0,25
1350,0,0,409,404,5,1.0,25
1350,1,1,494,504,-10,0.0,23
1358,0,0,404,493,-89,0.0,22
1358,1,1,555,336,219,1.0,22
1366,0,0,419,417,2,1.0,22
1366,1,1,466,442,24,1.0,24
1374,0,0,464,385,79,1.0,24
1374,1,1,430,465,-35,0.0,23
1382,0,0,526,434,92,1.0,22
1382,1,1,456,463,-7,0.0,23
1390,0,0,502,447,55,1.0,22
1390,1,1,443,455,-12,0.0,22
1398,0,0,428,463,-35,0.0,24
1398,1,1,437,354,83,1.0,22
1406,0,0,452,395,57,1.0,33
1406,1,1,429,462,-33,0.0,25
1414,0,0,483,378,105,1.0,23
1414,1,1,409,469,-60,0.0,25
1422,0,0,456,449,7,1.0,23
1422,1,1,350,500,-150,0.0,27
1430,0,0,453,466,-13,0.0,27
1430,1,1,427,390,37,1.0,24
1438,0,0,452,404,48,1.0,26
1438,1,1,324,458,-134,0.0,23
1446,0,0,313,454,-141,0.0,27
1446,1,1,415,374,41,1.0,26
1454,0,0,485,443,42,1.0,26
1454,1,1,439,513,-74,0.0,26
1462,0,0,439,521,-82,0.0,22
1462,1,1,475,466,9,1.0,23
1470,0,0,428,396,32,1.0,23
1470,1,1,372,437,-65,0.0,24
1478,0,0,463,399,64,1.0,21
1478,1,1,439,385,54,1.0,24
1486,0,0,373,574,-201,0.0,20
1486,1,1,558,476,82,1.0,22
1494,0,0,455,358,97,1.0,23
1494,1,1,330,480,-150,0.0,23
1502,0,0,438,404,34,1.0,22
1502,1,1,428,509,-81,0.0,27
1510,0,0,359,445,-86,0.0,27
1510,1,1,419,377,42,1.0,30
1518,0,0,439,404,35,1.0,23
1518,1,1,463,518,-55,0.0,21
1526,0,0,465,389,76,1.0,21
1526,1,1,452,432,20,1.0,23
1534,0,0,486,356,130,1.0,29
1534,1,1,399,521,-122,0.0,24
1542,0,0,460,427,33,1.0,23
1542,1,1,490,398,92,1.0,22
1550,0,0,443,404,39,1.0,24
1550,1,1,488,491,-3,0.0,21
1558,0,0,448,468,-20,0.0,25
1558,1,1,423,350,73,1.0,26
1566,0,0,499,452,47,1.0,22
1566,1,1,449,606,-157,0.0,22
1574,0,0,396,465,-69,0.0,24
1574,1,1,405,359,46,1.0,33
1582,0,0,465,414,51,1.0,21
1582,1,1,452,449,3,1.0,20
1590,0,0,456,483,-27,0.0,20
1590,1,1,520,419,101,1.0,22
1598,0,0,411,381,30,1.0,27
1598,1,1,427,521,-94,0.0,25
1606,0,0,381,441,-60,0.0,24
1606,1,1,417,466,-49,0.0,28
1614,0,0,421,457,-36,0.0,20
1614,1,1,404,424,-20,0.0,25
1622,0,0,453,329,124,1.0,23
1622,1,1,362,467,-105,0.0,23
1630,0,0,388,588,-200,0.0,20
1630,1,1,488,357,131,1.0,25
1638,0,0,532,477,55,1.0,26
1638,1,1,522,506,16,1.0,22
1646,0,0,429,454,-25,0.0,21
1646,1,1,353,429,-76,0.0,29
1654,0,0,386,481,-95,0.0,22
1654,1,1,446,446,0,0.5,22
1662,0,0,436,478,-42,0.0,25
1662,1,1,398,471,-73,0.0,22
1670,0,0,424,375,49,1.0,24
1670,1,1,499,408,91,1.0,22
1678,0,0,424,482,-58,0.0,23
1678,1,1,418,477,-59,0.0,25
1686,0,0,478,421,57,1.0,24
1686,1,1,485,356,129,1.0,23
1694,0,0,448,407,41,1.0,28
1694,1,1,405,369,36,1.0,25
1702,0,0,456,388,68,1.0,20
1702,1,1,404,541,-137,0.0,21
1710,0,0,451,456,-5,0.0,25
1710,1,1,421,439,-18,0.0,23
1718,0,0,360,513,-153,0.0,30
1718,1,1,378,497,-119,0.0,28
1726,0,0,413,473,-60,0.0,24
1726,1,1,459,433,26,1.0,24
1734,0,0,461,443,18,1.0,22
1734,1,1,362,539,-177,0.0,23
1742,0,0,444,471,-27,0.0,25
1742,1,1,456,404,52,1.0,21
1750,0,0,501,410,91,1.0,24
1750,1,1,422,465,-43,0.0,27
1758,0,0,394,372,22,1.0,26
1758,1,1,408,526,-118,0.0,21
1766,0,0,524,357,167,1.0,26
1766,1,1,388,496,-108,0.0,25
1774,0,0,357,537,-180,0.0,23
1774,1,1,462,392,70,1.0,29
1782,0,0,512,325,187,1.0,21
1782,1,1,406,524,-118,0.0,25
1790,0,0,563,392,171,1.0,23
1790,1,1,378,419,-41,0.0,19
1798,0,0,452,430,22,1.0,22
1798,1,1,365,481,-116,0.0,24
1806,0,0,543,358,185,1.0,21
1806,1,1,358,524,-166,0.0,23
1814,0,0,316,437,-121,0.0,26
1814,1,1,455,466,-11,0.0,24
1822,0,0,413,368,45,1.0,23
1822,1,1,479,418,61,1.0,22
1830,0,0,392,552,-160,0.0,22
1830,1,1,459,335,124,1.0,24
1838,0,0,516,332,184,1.0,25
1838,1,1,338,543,-205,0.0,21
1846,0,0,404,551,-147,0.0,22
1846,1,1,472,422,50,1.0,23
1854,0,0,519,407,112,1.0,24
1854,1,1,393,514,-121,0.0,25
1862,0,0,472,484,-12,0.0,23
1862,1,1,464,523,-59,0.0,20
1870,0,0,466,356,110,1.0,21
1870,1,1,408,438,-30,0.0,21
1878,0,0,503,443,60,1.0,24
1878,1,1,479,494,-15,0.0,24
1886,0,0,452,438,14,1.0,21
1886,1,1,341,491,-150,0.0,23
1894,0,0,489,451,38,1.0,21
1894,1,1,433,524,-91,0.0,23
1902,0,0,443,426,17,1.0,28
1902,1,1,443,395,48,1.0,23
1910,0,0,356,377,-21,0.0,24
1910,1,1,450,329,121,1.0,26
1918,0,0,424,479,-55,0.0,25
1918,1,1,334,505,-171,0.0,25
1926,0,0,367,384,-17,0.0,25
1926,1,1,465,417,48,1.0,29
1934,0,0,474,498,-24,0.0,23
1934,1,1,452,360,92,1.0,22
1942,0,0,479,449,30,1.0,21
1942,1,1,445,434,11,1.0,26
1950,0,0,466,462,4,1.0,26
1950,1,1,465,446,19,1.0,26
1958,0,0,619,401,218,1.0,19
1958,1,1,447,412,35,1.0,22
1966,0,0,476,353,123,1.0,24
1966,1,1,415,401,14,1.0,23
1974,0,0,449,420,29,1.0,24
1974,1,1,570,534,36,1.0,21
1982,0,0,469,443,26,1.0,26
1982,1,1,416,473,-57,0.0,24
1990,0,0,454,392,62,1.0,23
1990,1,1,491,359,132,1.0,24
1998,0,0,425,487,-62,0.0,22
1998,1,1,556,395,161,1.0,24
7,0,0,492,364,128,1.0,25
7,1,1,456,453,3,1.0,24
15,0,0,396,509,-113,0.0,25
15,1,1,513,461,52,1.0,24
23,0,0,308,564,-256,0.0,21
23,1,1,411,354,57,1.0,26
31,0,0,385,443,-58,0.0,26
31,1,1,432,436,-4,0.0,23
39,0,0,514,475,39,1.0,23
39,1,1,493,518,-25,0.0,21
47,0,0,452,398,54,1.0,23
47,1,1,416,422,-6,0.0,24
55,0,0,434,387,47,1.0,28
55,1,1,401,457,-56,0.0,23
63,0,0,429,525,-96,0.0,24
63,1,1,456,449,7,1.0,22
71,0,0,406,460,-54,0.0,26
71,1,1,471,399,72,1.0,20
79,0,0,371,443,-72,0.0,25
79,1,1,469,398,71,1.0,28
87,0,0,468,410,58,1.0,24
87,1,1,379,480,-101,0.0,26
95,0,0,449,375,74,1.0,24
95,1,1,439,464,-25,0.0,22
103,0,0,395,413,-18,0.0,29
103,1,1,410,439,-29,0.0,24
111,0,0,505,393,112,1.0,25
111,1,1,496,449,47,1.0,21
119,0,0,406,509,-103,0.0,23
119,1,1,464,456,8,1.0,22
127,0,0,468,426,42,1.0,24
127,1,1,427,456,-29,0.0,22
135,0,0,306,473,-167,0.0,21
135,1,1,488,303,185,1.0,25
143,0,0,315,577,-262,0.0,23
143,1,1,588,290,298,1.0,29
151,0,0,398,297,101,1.0,29
151,1,1,435,481,-46,0.0,23
159,0,0,469,489,-20,0.0,23
159,1,1,446,382,64,1.0,21
167,0,0,457,459,-2,0.0,23
167,1,1,380,461,-81,0.0,21
175,0,0,431,412,19,1.0,22
175,1,1,435,454,-19,0.0,23
183,0,0,367,463,-96,0.0,24
183,1,1,571,344,227,1.0,24
191,0,0,426,420,6,1.0,22
191,1,1,444,356,88,1.0,26
199,0,0,435,467,-32,0.0,23
199,1,1,467,420,47,1.0,22
207,0,0,462,481,-19,0.0,24
207,1,1,487,452,35,1.0,21
215,0,0,476,537,-61,0.0,22
215,1,1,463,445,18,1.0,21
223,0,0,541,426,115,1.0,20
223,1,1,442,531,-89,0.0,21
231,0,0,563,368,195,1.0,20
231,1,1,447,375,72,1.0,21
239,0,0,594,486,108,1.0,26
239,1,1,506,550,-44,0.0,24
247,0,0,418,409,9,1.0,27
247,1,1,416,357,59,1.0,27
255,0,0,515,420,95,1.0,23
255,1,1,342,420,-78,0.0,28
263,0,0,470,511,-41,0.0,21
263,1,1,511,470,41,1.0,21
271,0,0,434,472,-38,0.0,26
271,1,1,470,417,53,1.0,23
279,0,0,483,474,9,1.0,20
279,1,1,416,477,-61,0.0,21
287,0,0,397,527,-130,0.0,26
287,1,1,449,390,59,1.0,25
295,0,0,479,508,-29,0.0,23
295,1,1,403,427,-24,0.0,21
303,0,0,433,471,-38,0.0,25
303,1,1,537,371,166,1.0,25
311,0,0,520,418,102,1.0,20
311,1,1,445,547,-102,0.0,23
319,0,0,385,396,-11,0.0,25
319,1,1,398,464,-66,0.0,24
327,0,0,488,364,124,1.0,23
327,1,1,425,482,-57,0.0,23
335,0,0,381,447,-66,0.0,22
335,1,1,458,390,68,1.0,23
343,0,0,441,323,118,1.0,22
343,1,1,428,409,19,1.0,23
351,0,0,429,520,-91,0.0,23
351,1,1,407,472,-65,0.0,21
359,0,0,452,555,-103,0.0,19
359,1,1,483,439,44,1.0,26
367,0,0,435,482,-47,0.0,23
367,1,1,404,466,-62,0.0,22
375,0,0,413,523,-110,0.0,23
375,1,1,524,371,153,1.0,22
383,0,0,515,399,116,1.0,21
383,1,1,449,474,-25,0.0,22
391,0,0,484,363,121,1.0,26
391,1,1,410,426,-16,0.0,29
399,0,0,534,404,130,1.0,24
399,1,1,450,352,98,1.0,24
407,0,0,487,465,22,1.0,23
407,1,1,515,422,93,1.0,22
415,0,0,413,421,-8,0.0,25
415,1,1,500,496,4,1.0,21
423,0,0,455,507,-52,0.0,25
423,1,1,390,367,23,1.0,25
431,0,0,498,404,94,1.0,22
431,1,1,495,547,-52,0.0,22
439,0,0,418,366,52,1.0,23
439,1,1,363,428,-65,0.0,24
447,0,0,476,503,-27,0.0,22
447,1,1,461,445,16,1.0,22
455,0,0,407,534,-127,0.0,24
455,1,1,486,412,74,1.0,21
463,0,0,472,454,18,1.0,23
463,1,1,469,485,-16,0.0,22
471,0,0,514,389,125,1.0,24
471,1,1,372,367,5,1.0,30
479,0,0,565,421,144,1.0,22
479,1,1,481,528,-47,0.0,20
487,0,0,446,493,-47,0.0,26
487,1,1,540,392,148,1.0,21
495,0,0,409,615,-206,0.0,22
495,1,1,471,514,-43,0.0,22
503,0,0,481,336,145,1.0,26
503,1,1,387,484,-97,0.0,23
511,0,0,340,466,-126,0.0,23
511,1,1,552,357,195,1.0,23
519,0,0,402,543,-141,0.0,23
519,1,1,476,394,82,1.0,23
527,0,0,429,412,17,1.0,23
527,1,1,515,402,113,1.0,24
535,0,0,458,371,87,1.0,24
535,1,1,419,434,-15,0.0,22
543,0,0,399,437,-38,0.0,23
543,1,1,460,529,-69,0.0,24
551,0,0,527,473,54,1.0,19
551,1,1,475,452,23,1.0,22
559,0,0,527,424,103,1.0,22
559,1,1,307,520,-213,0.0,22
567,0,0,420,455,-35,0.0,23
567,1,1,444,454,-10,0.0,22
575,0,0,493,475,18,1.0,22
575,1,1,527,458,69,1.0,19
583,0,0,521,377,144,1.0,22
583,1,1,361,607,-246,0.0,23
591,0,0,358,393,-35,0.0,27
591,1,1,496,345,151,1.0,23
599,0,0,466,401,65,1.0,21
599,1,1,474,565,-91,0.0,20
607,0,0,400,457,-57,0.0,25
607,1,1,395,438,-43,0.0,24
615,0,0,393,476,-83,0.0,27
615,1,1,408,475,-67,0.0,24
623,0,0,417,426,-9,0.0,23
623,1,1,421,456,-35,0.0,22
631,0,0,398,462,-64,0.0,31
631,1,1,401,407,-6,0.0,26
639,0,0,472,382,90,1.0,22
639,1,1,391,497,-106,0.0,24
647,0,0,374,428,-54,0.0,24
647,1,1,528,392,136,1.0,25
655,0,0,387,483,-96,0.0,24
655,1,1,452,385,67,1.0,23
663,0,0,402,389,13,1.0,22
663,1,1,333,480,-147,0.0,23
671,0,0,505,417,88,1.0,28
671,1,1,402,382,20,1.0,27
679,0,0,462,513,-51,0.0,24
679,1,1,432,503,-71,0.0,22
687,0,0,506,446,60,1.0,25
687,1,1,409,405,4,1.0,27
695,0,0,391,554,-163,0.0,20
695,1,1,488,399,89,1.0,26
703,0,0,493,512,-19,0.0,24
703,1,1,442,416,26,1.0,21
711,0,0,430,382,48,1.0,24
711,1,1,427,508,-81,0.0,20
719,0,0,412,548,-136,0.0,23
719,1,1,532,428,104,1.0,23
727,0,0,378,486,-108,0.0,21
727,1,1,451,437,14,1.0,26
735,0,0,439,422,17,1.0,25
735,1,1,460,433,27,1.0,21
743,0,0,481,434,47,1.0,24
743,1,1,417,380,37,1.0,24
751,0,0,392,437,-45,0.0,26
751,1,1,391,441,-50,0.0,22
759,0,0,415,353,62,1.0,22
759,1,1,404,449,-45,0.0,25
767,0,0,458,419,39,1.0,35
767,1,1,420,406,14,1.0,22
775,0,0,341,429,-88,0.0,27
775,1,1,430,396,34,1.0,26
783,0,0,424,444,-20,0.0,22
783,1,1,490,372,118,1.0,23
791,0,0,344,503,-159,0.0,23
791,1,1,409,385,24,1.0,25
799,0,0,458,480,-22,0.0,21
799,1,1,410,478,-68,0.0,24
807,0,0,411,498,-87,0.0,22
807,1,1,478,440,38,1.0,23
815,0,0,524,398,126,1.0,24
815,1,1,397,448,-51,0.0,24
823,0,0,465,522,-57,0.0,21
823,1,1,509,400,109,1.0,24
831,0,0,499,501,-2,0.0,24
831,1,1,404,649,-245,0.0,24
839,0,0,447,333,114,1.0,24
839,1,1,428,482,-54,0.0,27
847,0,0,426,443,-17,0.0,23
847,1,1,492,409,83,1.0,21
855,0,0,537,425,112,1.0,20
855,1,1,414,464,-50,0.0,21
863,0,0,470,397,73,1.0,23
863,1,1,355,544,-189,0.0,25
871,0,0,406,404,2,1.0,23
871,1,1,424,375,49,1.0,24
879,0,0,469,465,4,1.0,24
879,1,1,397,394,3,1.0,24
887,0,0,307,472,-165,0.0,27
887,1,1,530,363,167,1.0,19
895,0,0,350,483,-133,0.0,21
895,1,1,522,416,106,1.0,23
903,0,0,352,527,-175,0.0,25
903,1,1,524,307,217,1.0,26
911,0,0,453,445,8,1.0,22
911,1,1,519,398,121,1.0,22
919,0,0,379,578,-199,0.0,22
919,1,1,517,429,88,1.0,23
927,0,0,465,424,41,1.0,26
927,1,1,455,458,-3,0.0,23
935,0,0,429,464,-35,0.0,21
935,1,1,421,478,-57,0.0,23
943,0,0,567,396,171,1.0,24
943,1,1,355,443,-88,0.0,25
951,0,0,414,434,-20,0.0,26
951,1,1,389,487,-98,0.0,22
959,0,0,496,490,6,1.0,23
959,1,1,484,570,-86,0.0,22
967,0,0,418,369,49,1.0,26
967,1,1,392,413,-21,0.0,26
975,0,0,518,447,71,1.0,21
975,1,1,466,506,-40,0.0,21
983,0,0,406,391,15,1.0,25
983,1,1,328,475,-147,0.0,26
991,0,0,407,463,-56,0.0,22
991,1,1,373,562,-189,0.0,22
999,0,0,430,397,33,1.0,26
999,1,1,447,455,-8,0.0,22
1007,0,0,359,570,-211,0.0,23
1007,1,1,390,508,-118,0.0,20
1015,0,0,427,466,-39,0.0,23
1015,1,1,421,445,-24,0.0,23
1023,0,0,407,471,-64,0.0,21
1023,1,1,536,520,16,1.0,20
1031,0,0,471,485,-14,0.0,23
1031,1,1,414,389,25,1.0,23
1039,0,0,441,551,-110,0.0,23
1039,1,1,468,398,70,1.0,24
1047,0,0,427,474,-47,0.0,25
1047,1,1,369,408,-39,0.0,22
1055,0,0,385,510,-125,0.0,24
1055,1,1,415,452,-37,0.0,22
1063,0,0,376,581,-205,0.0,23
1063,1,1,503,453,50,1.0,22
1071,0,0,487,382,105,1.0,22
1071,1,1,397,501,-104,0.0,21
1079,0,0,442,573,-131,0.0,24
1079,1,1,452,457,-5,0.0,23
1087,0,0,404,358,46,1.0,22
1087,1,1,454,426,28,1.0,23
1095,0,0,401,502,-101,0.0,31
1095,1,1,402,382,20,1.0,24
1103,0,0,463,432,31,1.0,25
1103,1,1,407,494,-87,0.0,23
1111,0,0,323,447,-124,0.0,25
1111,1,1,438,468,-30,0.0,23
1119,0,0,396,495,-99,0.0,23
1119,1,1,504,465,39,1.0,21
1127,0,0,493,387,106,1.0,27
1127,1,1,402,489,-87,0.0,22
1135,0,0,335,469,-134,0.0,24
1135,1,1,495,397,98,1.0,22
1143,0,0,522,389,133,1.0,22
1143,1,1,443,466,-23,0.0,22
1151,0,0,469,501,-32,0.0,25
1151,1,1,483,432,51,1.0,19
1159,0,0,417,465,-48,0.0,22
1159,1,1,548,448,100,1.0,22
1167,0,0,398,376,22,1.0,26
1167,1,1,389,479,-90,0.0,26
1175,0,0,467,482,-15,0.0,21
1175,1,1,422,432,-10,0.0,22
1183,0,0,503,440,63,1.0,22
1183,1,1,479,431,48,1.0,19
1191,0,0,425,377,48,1.0,23
1191,1,1,452,463,-11,0.0,20
1199,0,0,397,460,-63,0.0,22
1199,1,1,459,375,84,1.0,21
1207,0,0,462,426,36,1.0,23
1207,1,1,422,458,-36,0.0,21
1215,0,0,429,481,-52,0.0,24
1215,1,1,412,438,-26,0.0,21
1223,0,0,425,357,68,1.0,26
1223,1,1,396,361,35,1.0,26
1231,0,0,466,463,3,1.0,23
1231,1,1,419,393,26,1.0,23
1239,0,0,483,406,77,1.0,22
1239,1,1,426,468,-42,0.0,22
1247,0,0,452,533,-81,0.0,24
1247,1,1,530,532,-2,0.0,25
1255,0,0,435,376,59,1.0,23
1255,1,1,339,432,-93,0.0,24
1263,0,0,479,432,47,1.0,22
1263,1,1,399,553,-154,0.0,25
1271,0,0,319,533,-214,0.0,24
1271,1,1,562,354,208,1.0,26
1279,0,0,391,378,13,1.0,24
1279,1,1,405,436,-31,0.0,27
1287,0,0,539,439,100,1.0,22
1287,1,1,543,476,67,1.0,23
1295,0,0,453,404,49,1.0,25
1295,1,1,458,480,-22,0.0,23
1303,0,0,455,428,27,1.0,24
1303,1,1,483,431,52,1.0,24
1311,0,0,514,365,149,1.0,22
1311,1,1,424,542,-118,0.0,22
1319,0,0,506,436,70,1.0,21
1319,1,1,413,501,-88,0.0,22
1327,0,0,409,530,-121,0.0,21
1327,1,1,515,444,71,1.0,22
1335,0,0,445,429,16,1.0,21
1335,1,1,464,484,-20,0.0,22
1343,0,0,361,564,-203,0.0,23
1343,1,1,490,381,109,1.0,22
1351,0,0,513,472,41,1.0,23
1351,1,1,450,423,27,1.0,27
1359,0,0,405,494,-89,0.0,20
1359,1,1,557,465,92,1.0,22
1367,0,0,319,491,-172,0.0,25
1367,1,1,561,478,83,1.0,22
1375,0,0,452,377,75,1.0,25
1375,1,1,472,375,97,1.0,25
1383,0,0,465,499,-34,0.0,25
1383,1,1,492,429,63,1.0,26
1391,0,0,402,489,-87,0.0,23
1391,1,1,514,423,91,1.0,22
1399,0,0,403,458,-55,0.0,22
1399,1,1,384,381,3,1.0,24
1407,0,0,393,349,44,1.0,26
1407,1,1,595,421,174,1.0,25
1415,0,0,394,391,3,1.0,24
1415,1,1,505,386,119,1.0,19
1423,0,0,483,445,38,1.0,28
1423,1,1,401,489,-88,0.0,25
1431,0,0,399,444,-45,0.0,22
1431,1,1,445,425,20,1.0,23
1439,0,0,456,428,28,1.0,23
1439,1,1,372,450,-78,0.0,28
1447,0,0,402,416,-14,0.0,23
1447,1,1,425,523,-98,0.0,23
1455,0,0,359,443,-84,0.0,27
1455,1,1,412,488,-76,0.0,27
1463,0,0,457,422,35,1.0,22
1463,1,1,430,377,53,1.0,22
1471,0,0,355,446,-91,0.0,20
1471,1,1,468,416,52,1.0,21
1479,0,0,487,503,-16,0.0,22
1479,1,1,489,424,65,1.0,25
1487,0,0,468,443,25,1.0,24
1487,1,1,531,398,133,1.0,27
1495,0,0,465,419,46,1.0,22
1495,1,1,528,348,180,1.0,23
1503,0,0,377,493,-116,0.0,26
1503,1,1,470,312,158,1.0,24
1511,0,0,499,376,123,1.0,23
1511,1,1,437,541,-104,0.0,22
1519,0,0,388,414,-26,0.0,22
1519,1,1,356,443,-87,0.0,22
1527,0,0,535,438,97,1.0,21
1527,1,1,492,525,-33,0.0,22
1535,0,0,560,441,119,1.0,22
1535,1,1,452,519,-67,0.0,20
1543,0,0,338,580,-242,0.0,23
1543,1,1,393,391,2,1.0,25
1551,0,0,319,415,-96,0.0,24
1551,1,1,425,446,-21,0.0,21
1559,0,0,424,391,33,1.0,25
1559,1,1,481,386,95,1.0,27
1567,0,0,424,475,-51,0.0,26
1567,1,1,409,423,-14,0.0,22
1575,0,0,498,345,153,1.0,25
1575,1,1,319,462,-143,0.0,23
1583,0,0,487,457,30,1.0,23
1583,1,1,339,538,-199,0.0,26
1591,0,0,332,530,-198,0.0,21
1591,1,1,470,365,105,1.0,23
1599,0,0,551,352,199,1.0,24
1599,1,1,393,498,-105,0.0,22
1607,0,0,351,554,-203,0.0,23
1607,1,1,480,423,57,1.0,24
1615,0,0,366,368,-2,0.0,24
1615,1,1,362,402,-40,0.0,23
1623,0,0,470,405,65,1.0,24
1623,1,1,495,505,-10,0.0,21
1631,0,0,378,574,-196,0.0,22
1631,1,1,508,410,98,1.0,24
1639,0,0,466,417,49,1.0,24
1639,1,1,397,435,-38,0.0,27
1647,0,0,480,455,25,1.0,25
1647,1,1,477,389,88,1.0,26
1655,0,0,535,460,75,1.0,20
1655,1,1,425,496,-71,0.0,20
1663,0,0,405,491,-86,0.0,26
1663,1,1,418,395,23,1.0,25
1671,0,0,455,397,58,1.0,23
1671,1,1,373,444,-71,0.0,24
1679,0,0,373,498,-125,0.0,23
1679,1,1,472,358,114,1.0,24
1687,0,0,522,432,90,1.0,24
1687,1,1,597,513,84,1.0,24
1695,0,0,591,477,114,1.0,20
1695,1,1,565,502,63,1.0,21
1703,0,0,458,465,-7,0.0,24
1703,1,1,452,459,-7,0.0,26
1711,0,0,547,442,105,1.0,21
1711,1,1,425,449,-24,0.0,22
1719,0,0,445,502,-57,0.0,24
1719,1,1,434,409,25,1.0,25
1727,0,0,451,405,46,1.0,22
1727,1,1,436,428,8,1.0,26
1735,0,0,491,444,47,1.0,23
1735,1,1,418,494,-76,0.0,24
1743,0,0,527,348,179,1.0,22
1743,1,1,353,550,-197,0.0,22
1751,0,0,464,453,11,1.0,27
1751,1,1,435,448,-13,0.0,23
1759,0,0,423,458,-35,0.0,22
1759,1,1,441,481,-40,0.0,24
1767,0,0,402,423,-21,0.0,25
1767,1,1,438,454,-16,0.0,23
1775,0,0,406,407,-1,0.0,24
1775,1,1,418,494,-76,0.0,21
1783,0,0,494,409,85,1.0,21
1783,1,1,451,495,-44,0.0,20
1791,0,0,355,405,-50,0.0,27
1791,1,1,436,421,15,1.0,26
1799,0,0,591,418,173,1.0,22
1799,1,1,380,550,-170,0.0,22
1807,0,0,523,391,132,1.0,24
1807,1,1,331,486,-155,0.0,23
1815,0,0,452,595,-143,0.0,21
1815,1,1,456,461,-5,0.0,21
1823,0,0,346,525,-179,0.0,24
1823,1,1,498,405,93,1.0,22
1831,0,0,365,415,-50,0.0,28
1831,1,1,379,458,-79,0.0,29
1839,0,0,443,450,-7,0.0,23
1839,1,1,468,453,15,1.0,20
1847,0,0,388,437,-49,0.0,27
1847,1,1,418,394,24,1.0,26
1855,0,0,491,434,57,1.0,22
1855,1,1,424,355,69,1.0,25
1863,0,0,478,489,-11,0.0,24
1863,1,1,513,451,62,1.0,20
1871,0,0,552,352,200,1.0,21
1871,1,1,409,590,-181,0.0,20
1879,0,0,511,434,77,1.0,21
1879,1,1,424,379,45,1.0,35
1887,0,0,431,496,-65,0.0,21
1887,1,1,469,509,-40,0.0,20
1895,0,0,446,403,43,1.0,29
1895,1,1,430,386,44,1.0,24
1903,0,0,409,418,-9,0.0,23
1903,1,1,496,389,107,1.0,23
1911,0,0,464,431,33,1.0,23
1911,1,1,402,488,-86,0.0,21
1919,0,0,465,412,53,1.0,23
1919,1,1,368,512,-144,0.0,22
1927,0,0,470,399,71,1.0,27
1927,1,1,407,507,-100,0.0,24
1935,0,0,432,343,89,1.0,25
1935,1,1,476,346,130,1.0,26
1943,0,0,385,493,-108,0.0,23
1943,1,1,486,511,-25,0.0,24
1951,0,0,430,338,92,1.0,27
1951,1,1,408,462,-54,0.0,24
1959,0,0,512,407,105,1.0,25
1959,1,1,337,477,-140,0.0,24
1967,0,0,484,400,84,1.0,22
1967,1,1,454,582,-128,0.0,20
1975,0,0,501,387,114,1.0,24
1975,1,1,523,459,64,1.0,23
1983,0,0,490,365,125,1.0,27
1983,1,1,425,430,-5,0.0,21
1991,0,0,484,418,66,1.0,21
1991,1,1,393,579,-186,0.0,22
1999,0,0,477,522,-45,0.0,25
1999,1,1,557,364,193,1.0,21
