pair,game,a_seat,a_score,b_score,a_spread,a_win,turns
0,0,0,406,518,-112,0.0,22
0,1,1,503,357,146,1.0,22
8,0,0,437,485,-48,0.0,21
8,1,1,499,431,68,1.0,22
16,0,0,403,505,-102,0.0,21
16,1,1,515,351,164,1.0,20
24,0,0,392,496,-104,0.0,23
24,1,1,503,408,95,1.0,23
32,0,0,486,386,100,1.0,24
32,1,1,346,481,-135,0.0,22
40,0,0,451,389,62,1.0,22
40,1,1,389,451,-62,0.0,22
48,0,0,465,458,7,1.0,22
48,1,1,399,485,-86,0.0,23
56,0,0,422,426,-4,0.0,23
56,1,1,373,442,-69,0.0,21
64,0,0,358,430,-72,0.0,25
64,1,1,441,376,65,1.0,26
72,0,0,417,414,3,1.0,21
72,1,1,421,381,40,1.0,22
80,0,0,403,382,21,1.0,22
80,1,1,399,391,8,1.0,22
88,0,0,478,497,-19,0.0,24
88,1,1,507,422,85,1.0,27
96,0,0,440,311,129,1.0,24
96,1,1,325,457,-132,0.0,25
104,0,0,447,335,112,1.0,25
104,1,1,371,343,28,1.0,25
112,0,0,410,402,8,1.0,23
112,1,1,366,495,-129,0.0,26
120,0,0,402,438,-36,0.0,28
120,1,1,465,383,82,1.0,30
128,0,0,494,445,49,1.0,24
128,1,1,460,496,-36,0.0,24
136,0,0,422,422,0,0.5,20
136,1,1,402,435,-33,0.0,22
144,0,0,399,421,-22,0.0,23
144,1,1,460,359,101,1.0,26
152,0,0,489,437,52,1.0,26
152,1,1,483,421,62,1.0,27
160,0,0,405,520,-115,0.0,21
160,1,1,524,409,115,1.0,21
168,0,0,485,431,54,1.0,23
168,1,1,497,420,77,1.0,20
176,0,0,493,328,165,1.0,22
176,1,1,381,473,-92,0.0,20
184,0,0,417,402,15,1.0,24
184,1,1,399,407,-8,0.0,24
192,0,0,425,355,70,1.0,23
192,1,1,371,381,-10,0.0,22
200,0,0,508,419,89,1.0,20
200,1,1,385,503,-118,0.0,22
208,0,0,535,379,156,1.0,27
208,1,1,391,473,-82,0.0,25
216,0,0,420,474,-54,0.0,21
216,1,1,458,371,87,1.0,23
224,0,0,366,440,-74,0.0,26
224,1,1,496,358,138,1.0,24
232,0,0,521,384,137,1.0,19
232,1,1,428,475,-47,0.0,21
240,0,0,346,527,-181,0.0,24
240,1,1,516,344,172,1.0,22
248,0,0,452,430,22,1.0,22
248,1,1,444,431,13,1.0,23
256,0,0,524,445,79,1.0,22
256,1,1,457,508,-51,0.0,20
264,0,0,456,331,125,1.0,23
264,1,1,297,436,-139,0.0,22
272,0,0,433,343,90,1.0,24
272,1,1,393,406,-13,0.0,23
280,0,0,450,365,85,1.0,27
280,1,1,311,508,-197,0.0,27
288,0,0,396,505,-109,0.0,25
288,1,1,478,375,103,1.0,22
296,0,0,372,395,-23,0.0,23
296,1,1,409,391,18,1.0,24
304,0,0,468,573,-105,0.0,21
304,1,1,573,468,105,1.0,21
312,0,0,448,446,2,1.0,24
312,1,1,477,443,34,1.0,20
320,0,0,436,469,-33,0.0,23
320,1,1,516,442,74,1.0,23
328,0,0,421,446,-25,0.0,23
328,1,1,472,364,108,1.0,24
336,0,0,464,346,118,1.0,28
336,1,1,370,468,-98,0.0,28
344,0,0,468,367,101,1.0,23
344,1,1,395,496,-101,0.0,23
352,0,0,436,478,-42,0.0,23
352,1,1,491,427,64,1.0,23
360,0,0,420,356,64,1.0,24
360,1,1,355,408,-53,0.0,24
368,0,0,379,442,-63,0.0,23
368,1,1,443,379,64,1.0,24
376,0,0,398,405,-7,0.0,27
376,1,1,401,397,4,1.0,26
384,0,0,403,403,0,0.5,23
384,1,1,455,346,109,1.0,22
392,0,0,499,320,179,1.0,23
392,1,1,367,409,-42,0.0,22
400,0,0,423,573,-150,0.0,22
400,1,1,573,423,150,1.0,22
408,0,0,418,401,17,1.0,23
408,1,1,427,400,27,1.0,23
416,0,0,398,430,-32,0.0,24
416,1,1,426,399,27,1.0,22
424,0,0,427,393,34,1.0,23
424,1,1,384,404,-20,0.0,24
432,0,0,460,379,81,1.0,21
432,1,1,397,402,-5,0.0,22
440,0,0,494,465,29,1.0,25
440,1,1,449,435,14,1.0,21
448,0,0,436,455,-19,0.0,25
448,1,1,491,431,60,1.0,23
456,0,0,426,502,-76,0.0,28
456,1,1,536,411,125,1.0,26
464,0,0,588,369,219,1.0,24
464,1,1,407,591,-184,0.0,24
472,0,0,418,362,56,1.0,22
472,1,1,414,396,18,1.0,20
480,0,0,374,464,-90,0.0,23
480,1,1,458,363,95,1.0,22
488,0,0,359,458,-99,0.0,24
488,1,1,447,379,68,1.0,25
496,0,0,498,353,145,1.0,22
496,1,1,399,447,-48,0.0,22
504,0,0,403,354,49,1.0,21
504,1,1,385,388,-3,0.0,23
512,0,0,530,387,143,1.0,24
512,1,1,387,527,-140,0.0,24
520,0,0,365,366,-1,0.0,25
520,1,1,330,341,-11,0.0,28
528,0,0,458,480,-22,0.0,27
528,1,1,404,432,-28,0.0,25
536,0,0,440,442,-2,0.0,24
536,1,1,450,422,28,1.0,24
544,0,0,437,350,87,1.0,21
544,1,1,345,431,-86,0.0,21
552,0,0,430,508,-78,0.0,22
552,1,1,508,392,116,1.0,22
560,0,0,389,472,-83,0.0,22
560,1,1,494,380,114,1.0,22
568,0,0,492,432,60,1.0,21
568,1,1,496,453,43,1.0,24
576,0,0,383,376,7,1.0,23
576,1,1,380,404,-24,0.0,24
584,0,0,456,388,68,1.0,22
584,1,1,400,444,-44,0.0,23
592,0,0,411,390,21,1.0,22
592,1,1,397,425,-28,0.0,24
600,0,0,427,478,-51,0.0,23
600,1,1,409,427,-18,0.0,25
608,0,0,410,476,-66,0.0,24
608,1,1,439,415,24,1.0,25
616,0,0,411,470,-59,0.0,23
616,1,1,455,390,65,1.0,23
624,0,0,351,482,-131,0.0,26
624,1,1,476,309,167,1.0,26
632,0,0,449,420,29,1.0,25
632,1,1,405,451,-46,0.0,23
640,0,0,389,396,-7,0.0,27
640,1,1,394,389,5,1.0,27
648,0,0,416,419,-3,0.0,24
648,1,1,442,426,16,1.0,25
656,0,0,434,467,-33,0.0,24
656,1,1,471,454,17,1.0,24
664,0,0,517,338,179,1.0,25
664,1,1,392,477,-85,0.0,23
672,0,0,447,376,71,1.0,25
672,1,1,371,490,-119,0.0,25
680,0,0,515,364,151,1.0,24
680,1,1,384,491,-107,0.0,22
688,0,0,409,407,2,1.0,23
688,1,1,436,463,-27,0.0,25
696,0,0,349,363,-14,0.0,29
696,1,1,371,351,20,1.0,25
704,0,0,432,512,-80,0.0,21
704,1,1,514,412,102,1.0,21
712,0,0,410,386,24,1.0,24
712,1,1,375,410,-35,0.0,23
720,0,0,621,457,164,1.0,18
720,1,1,394,582,-188,0.0,21
728,0,0,416,474,-58,0.0,23
728,1,1,476,432,44,1.0,25
736,0,0,369,498,-129,0.0,24
736,1,1,406,372,34,1.0,24
744,0,0,403,382,21,1.0,23
744,1,1,410,458,-48,0.0,23
752,0,0,467,329,138,1.0,24
752,1,1,374,443,-69,0.0,22
760,0,0,403,547,-144,0.0,22
760,1,1,561,394,167,1.0,22
768,0,0,347,450,-103,0.0,24
768,1,1,422,393,29,1.0,25
776,0,0,387,517,-130,0.0,23
776,1,1,456,378,78,1.0,22
784,0,0,437,358,79,1.0,26
784,1,1,352,381,-29,0.0,25
792,0,0,406,397,9,1.0,21
792,1,1,418,474,-56,0.0,23
800,0,0,485,390,95,1.0,22
800,1,1,374,535,-161,0.0,26
808,0,0,471,410,61,1.0,23
808,1,1,418,498,-80,0.0,23
816,0,0,389,560,-171,0.0,23
816,1,1,537,388,149,1.0,24
824,0,0,477,420,57,1.0,23
824,1,1,473,469,4,1.0,24
832,0,0,468,466,2,1.0,22
832,1,1,456,456,0,0.5,22
840,0,0,340,459,-119,0.0,25
840,1,1,473,386,87,1.0,28
848,0,0,495,350,145,1.0,24
848,1,1,333,450,-117,0.0,23
856,0,0,412,383,29,1.0,21
856,1,1,368,398,-30,0.0,21
864,0,0,396,392,4,1.0,23
864,1,1,392,396,-4,0.0,23
872,0,0,451,414,37,1.0,25
872,1,1,407,442,-35,0.0,23
880,0,0,377,443,-66,0.0,23
880,1,1,471,417,54,1.0,23
888,0,0,509,389,120,1.0,25
888,1,1,345,492,-147,0.0,27
896,0,0,523,388,135,1.0,23
896,1,1,418,516,-98,0.0,23
904,0,0,394,345,49,1.0,21
904,1,1,350,454,-104,0.0,21
912,0,0,453,420,33,1.0,27
912,1,1,426,420,6,1.0,25
920,0,0,510,393,117,1.0,21
920,1,1,400,552,-152,0.0,22
928,0,0,556,406,150,1.0,24
928,1,1,451,519,-68,0.0,25
936,0,0,456,475,-19,0.0,23
936,1,1,437,439,-2,0.0,24
944,0,0,377,540,-163,0.0,23
944,1,1,497,415,82,1.0,21
952,0,0,377,398,-21,0.0,25
952,1,1,421,398,23,1.0,24
960,0,0,418,426,-8,0.0,22
960,1,1,410,389,21,1.0,25
968,0,0,413,364,49,1.0,23
968,1,1,380,420,-40,0.0,23
976,0,0,463,451,12,1.0,21
976,1,1,439,440,-1,0.0,22
984,0,0,426,364,62,1.0,22
984,1,1,400,445,-45,0.0,22
992,0,0,468,372,96,1.0,23
992,1,1,371,478,-107,0.0,23
1000,0,0,439,351,88,1.0,26
1000,1,1,328,405,-77,0.0,23
1008,0,0,438,347,91,1.0,22
1008,1,1,398,418,-20,0.0,22
1016,0,0,446,427,19,1.0,24
1016,1,1,429,450,-21,0.0,24
1024,0,0,422,534,-112,0.0,24
1024,1,1,575,427,148,1.0,22
1032,0,0,377,446,-69,0.0,22
1032,1,1,396,394,2,1.0,24
1040,0,0,434,432,2,1.0,23
1040,1,1,422,439,-17,0.0,25
1048,0,0,391,479,-88,0.0,23
1048,1,1,507,373,134,1.0,22
1056,0,0,710,374,336,1.0,21
1056,1,1,374,710,-336,0.0,21
1064,0,0,440,454,-14,0.0,23
1064,1,1,454,440,14,1.0,23
1072,0,0,507,407,100,1.0,23
1072,1,1,429,482,-53,0.0,26
1080,0,0,382,456,-74,0.0,23
1080,1,1,456,382,74,1.0,23
1088,0,0,423,467,-44,0.0,22
1088,1,1,475,413,62,1.0,21
1096,0,0,473,406,67,1.0,22
1096,1,1,374,511,-137,0.0,21
1104,0,0,460,405,55,1.0,24
1104,1,1,405,434,-29,0.0,22
1112,0,0,465,408,57,1.0,23
1112,1,1,446,445,1,1.0,21
1120,0,0,548,341,207,1.0,23
1120,1,1,338,542,-204,0.0,23
1128,0,0,457,365,92,1.0,25
1128,1,1,361,458,-97,0.0,24
1136,0,0,388,467,-79,0.0,22
1136,1,1,470,407,63,1.0,23
1144,0,0,366,478,-112,0.0,24
1144,1,1,429,419,10,1.0,24
1152,0,0,451,451,0,0.5,22
1152,1,1,421,478,-57,0.0,24
1160,0,0,456,393,63,1.0,23
1160,1,1,409,436,-27,0.0,23
1168,0,0,497,416,81,1.0,24
1168,1,1,402,464,-62,0.0,24
1176,0,0,517,431,86,1.0,22
1176,1,1,414,568,-154,0.0,23
1184,0,0,395,374,21,1.0,26
1184,1,1,380,453,-73,0.0,24
1192,0,0,361,467,-106,0.0,23
1192,1,1,344,314,30,1.0,23
1200,0,0,467,457,10,1.0,24
1200,1,1,418,483,-65,0.0,24
1208,0,0,432,492,-60,0.0,22
1208,1,1,479,464,15,1.0,22
1216,0,0,557,465,92,1.0,21
1216,1,1,476,466,10,1.0,22
1224,0,0,436,449,-13,0.0,24
1224,1,1,449,436,13,1.0,24
1232,0,0,530,399,131,1.0,23
1232,1,1,398,495,-97,0.0,21
1240,0,0,510,412,98,1.0,25
1240,1,1,426,462,-36,0.0,27
1248,0,0,492,379,113,1.0,19
1248,1,1,414,430,-16,0.0,20
1256,0,0,470,359,111,1.0,29
1256,1,1,404,414,-10,0.0,26
1264,0,0,542,314,228,1.0,28
1264,1,1,340,516,-176,0.0,26
1272,0,0,473,363,110,1.0,21
1272,1,1,382,436,-54,0.0,22
1280,0,0,396,475,-79,0.0,26
1280,1,1,550,362,188,1.0,24
1288,0,0,473,443,30,1.0,22
1288,1,1,443,475,-32,0.0,22
1296,0,0,362,457,-95,0.0,24
1296,1,1,504,348,156,1.0,22
1304,0,0,375,445,-70,0.0,23
1304,1,1,441,389,52,1.0,23
1312,0,0,459,370,89,1.0,21
1312,1,1,373,540,-167,0.0,23
1320,0,0,377,491,-114,0.0,22
1320,1,1,490,328,162,1.0,22
1328,0,0,478,335,143,1.0,22
1328,1,1,355,490,-135,0.0,23
1336,0,0,457,373,84,1.0,23
1336,1,1,344,451,-107,0.0,23
1344,0,0,425,374,51,1.0,24
1344,1,1,374,425,-51,0.0,24
1352,0,0,509,367,142,1.0,25
1352,1,1,372,500,-128,0.0,24
1360,0,0,474,513,-39,0.0,21
1360,1,1,510,464,46,1.0,21
1368,0,0,594,375,219,1.0,23
1368,1,1,411,531,-120,0.0,27
1376,0,0,356,433,-77,0.0,26
1376,1,1,471,375,96,1.0,23
1384,0,0,419,433,-14,0.0,24
1384,1,1,365,440,-75,0.0,27
1392,0,0,434,389,45,1.0,23
1392,1,1,386,444,-58,0.0,21
1400,0,0,481,459,22,1.0,23
1400,1,1,504,430,74,1.0,22
1408,0,0,433,453,-20,0.0,23
1408,1,1,460,439,21,1.0,23
1416,0,0,458,428,30,1.0,22
1416,1,1,468,422,46,1.0,20
1424,0,0,616,381,235,1.0,22
1424,1,1,357,644,-287,0.0,21
1432,0,0,389,446,-57,0.0,22
1432,1,1,454,428,26,1.0,23
1440,0,0,492,371,121,1.0,23
1440,1,1,439,395,44,1.0,22
1448,0,0,436,410,26,1.0,24
1448,1,1,392,446,-54,0.0,24
1456,0,0,416,412,4,1.0,21
1456,1,1,481,455,26,1.0,22
1464,0,0,456,382,74,1.0,21
1464,1,1,380,487,-107,0.0,21
1472,0,0,431,400,31,1.0,24
1472,1,1,425,420,5,1.0,24
1480,0,0,380,407,-27,0.0,23
1480,1,1,479,283,196,1.0,24
1488,0,0,411,431,-20,0.0,27
1488,1,1,423,422,1,1.0,25
1496,0,0,376,440,-64,0.0,27
1496,1,1,440,376,64,1.0,27
1504,0,0,447,472,-25,0.0,23
1504,1,1,459,421,38,1.0,21
1512,0,0,375,510,-135,0.0,22
1512,1,1,448,435,13,1.0,21
1520,0,0,411,345,66,1.0,26
1520,1,1,346,398,-52,0.0,24
1528,0,0,430,484,-54,0.0,23
1528,1,1,499,411,88,1.0,25
1536,0,0,455,432,23,1.0,21
1536,1,1,420,416,4,1.0,21
1544,0,0,390,465,-75,0.0,22
1544,1,1,427,389,38,1.0,21
1552,0,0,429,422,7,1.0,21
1552,1,1,355,479,-124,0.0,25
1560,0,0,393,401,-8,0.0,28
1560,1,1,402,394,8,1.0,26
1568,0,0,418,362,56,1.0,23
1568,1,1,415,444,-29,0.0,24
1576,0,0,415,481,-66,0.0,25
1576,1,1,486,410,76,1.0,24
1584,0,0,394,457,-63,0.0,22
1584,1,1,511,440,71,1.0,23
1592,0,0,426,440,-14,0.0,21
1592,1,1,424,433,-9,0.0,21
1600,0,0,418,435,-17,0.0,24
1600,1,1,435,418,17,1.0,24
1608,0,0,370,406,-36,0.0,25
1608,1,1,460,351,109,1.0,24
1616,0,0,581,407,174,1.0,23
1616,1,1,362,558,-196,0.0,27
1624,0,0,460,343,117,1.0,23
1624,1,1,345,457,-112,0.0,23
1632,0,0,425,438,-13,0.0,25
1632,1,1,376,425,-49,0.0,24
1640,0,0,395,438,-43,0.0,23
1640,1,1,437,407,30,1.0,23
1648,0,0,360,439,-79,0.0,25
1648,1,1,454,338,116,1.0,24
1656,0,0,516,400,116,1.0,24
1656,1,1,421,526,-105,0.0,23
1664,0,0,417,462,-45,0.0,23
1664,1,1,467,363,104,1.0,23
1672,0,0,333,530,-197,0.0,21
1672,1,1,530,333,197,1.0,21
1680,0,0,485,371,114,1.0,21
1680,1,1,371,485,-114,0.0,21
1688,0,0,423,470,-47,0.0,22
1688,1,1,413,429,-16,0.0,23
1696,0,0,438,412,26,1.0,26
1696,1,1,414,383,31,1.0,26
1704,0,0,360,421,-61,0.0,24
1704,1,1,383,366,17,1.0,24
1712,0,0,382,328,54,1.0,24
1712,1,1,333,389,-56,0.0,25
1720,0,0,425,516,-91,0.0,21
1720,1,1,497,418,79,1.0,25
1728,0,0,523,409,114,1.0,24
1728,1,1,419,515,-96,0.0,25
1736,0,0,378,368,10,1.0,22
1736,1,1,362,373,-11,0.0,24
1744,0,0,411,399,12,1.0,26
1744,1,1,391,353,38,1.0,28
1752,0,0,604,288,316,1.0,21
1752,1,1,311,550,-239,0.0,22
1760,0,0,512,467,45,1.0,26
1760,1,1,432,510,-78,0.0,22
1768,0,0,477,314,163,1.0,28
1768,1,1,375,499,-124,0.0,26
1776,0,0,390,370,20,1.0,26
1776,1,1,375,401,-26,0.0,26
1784,0,0,430,415,15,1.0,24
1784,1,1,484,413,71,1.0,22
1792,0,0,436,432,4,1.0,22
1792,1,1,454,442,12,1.0,23
1800,0,0,439,376,63,1.0,25
1800,1,1,382,475,-93,0.0,25
1808,0,0,337,551,-214,0.0,20
1808,1,1,491,364,127,1.0,22
1816,0,0,462,342,120,1.0,25
1816,1,1,387,463,-76,0.0,23
1824,0,0,383,407,-24,0.0,22
1824,1,1,418,395,23,1.0,24
1832,0,0,496,354,142,1.0,23
1832,1,1,349,529,-180,0.0,25
1840,0,0,384,481,-97,0.0,25
1840,1,1,503,308,195,1.0,25
1848,0,0,392,473,-81,0.0,24
1848,1,1,453,437,16,1.0,24
1856,0,0,335,426,-91,0.0,22
1856,1,1,407,328,79,1.0,22
1864,0,0,452,420,32,1.0,25
1864,1,1,400,440,-40,0.0,23
1872,0,0,559,432,127,1.0,25
1872,1,1,362,540,-178,0.0,24
1880,0,0,486,465,21,1.0,22
1880,1,1,459,466,-7,0.0,21
1888,0,0,529,300,229,1.0,23
1888,1,1,314,497,-183,0.0,25
1896,0,0,443,385,58,1.0,21
1896,1,1,381,479,-98,0.0,21
1904,0,0,553,303,250,1.0,23
1904,1,1,306,447,-141,0.0,23
1912,0,0,355,401,-46,0.0,22
1912,1,1,473,364,109,1.0,22
1920,0,0,439,379,60,1.0,25
1920,1,1,366,443,-77,0.0,23
1928,0,0,466,445,21,1.0,24
1928,1,1,400,450,-50,0.0,24
1936,0,0,433,422,11,1.0,23
1936,1,1,416,412,4,1.0,24
1944,0,0,438,505,-67,0.0,23
1944,1,1,505,438,67,1.0,22
1952,0,0,427,419,8,1.0,24
1952,1,1,353,417,-64,0.0,24
1960,0,0,448,391,57,1.0,24
1960,1,1,374,437,-63,0.0,24
1968,0,0,430,461,-31,0.0,24
1968,1,1,440,438,2,1.0,25
1976,0,0,442,394,48,1.0,21
1976,1,1,413,434,-21,0.0,22
1984,0,0,422,510,-88,0.0,26
1984,1,1,451,415,36,1.0,29
1992,0,0,461,386,75,1.0,24
1992,1,1,441,465,-24,0.0,23
pair,game,a_seat,a_score,b_score,a_spread,a_win,turns
1,0,0,361,393,-32,0.0,25
1,1,1,448,325,123,1.0,23
9,0,0,356,426,-70,0.0,23
9,1,1,422,384,38,1.0,25
17,0,0,369,465,-96,0.0,22
17,1,1,466,356,110,1.0,23
25,0,0,407,445,-38,0.0,22
25,1,1,455,394,61,1.0,23
33,0,0,503,362,141,1.0,22
33,1,1,362,503,-141,0.0,22
41,0,0,428,422,6,1.0,27
41,1,1,422,450,-28,0.0,23
49,0,0,463,501,-38,0.0,24
49,1,1,494,469,25,1.0,22
57,0,0,362,383,-21,0.0,25
57,1,1,348,364,-16,0.0,24
65,0,0,483,454,29,1.0,21
65,1,1,454,486,-32,0.0,21
73,0,0,480,392,88,1.0,24
73,1,1,408,418,-10,0.0,24
81,0,0,318,426,-108,0.0,23
81,1,1,453,342,111,1.0,23
89,0,0,401,471,-70,0.0,22
89,1,1,506,430,76,1.0,22
97,0,0,487,370,117,1.0,24
97,1,1,397,454,-57,0.0,23
105,0,0,546,483,63,1.0,22
105,1,1,472,494,-22,0.0,21
113,0,0,367,413,-46,0.0,24
113,1,1,388,372,16,1.0,25
121,0,0,363,479,-116,0.0,23
121,1,1,450,368,82,1.0,24
129,0,0,381,409,-28,0.0,25
129,1,1,425,332,93,1.0,21
137,0,0,378,417,-39,0.0,27
137,1,1,425,394,31,1.0,24
145,0,0,365,562,-197,0.0,20
145,1,1,546,364,182,1.0,21
153,0,0,419,516,-97,0.0,21
153,1,1,495,416,79,1.0,21
161,0,0,470,415,55,1.0,19
161,1,1,337,529,-192,0.0,20
169,0,0,432,423,9,1.0,25
169,1,1,426,403,23,1.0,25
177,0,0,433,430,3,1.0,21
177,1,1,390,421,-31,0.0,21
185,0,0,366,472,-106,0.0,21
185,1,1,515,373,142,1.0,22
193,0,0,390,497,-107,0.0,24
193,1,1,438,403,35,1.0,26
201,0,0,408,423,-15,0.0,21
201,1,1,431,359,72,1.0,19
209,0,0,347,461,-114,0.0,23
209,1,1,445,427,18,1.0,24
217,0,0,405,397,8,1.0,24
217,1,1,383,415,-32,0.0,23
225,0,0,516,388,128,1.0,20
225,1,1,400,499,-99,0.0,21
233,0,0,419,492,-73,0.0,22
233,1,1,437,409,28,1.0,24
241,0,0,388,537,-149,0.0,24
241,1,1,555,376,179,1.0,23
249,0,0,545,391,154,1.0,22
249,1,1,456,470,-14,0.0,24
257,0,0,440,513,-73,0.0,22
257,1,1,506,400,106,1.0,22
265,0,0,487,431,56,1.0,24
265,1,1,430,426,4,1.0,26
273,0,0,455,506,-51,0.0,23
273,1,1,516,461,55,1.0,21
281,0,0,510,311,199,1.0,28
281,1,1,431,444,-13,0.0,26
289,0,0,457,424,33,1.0,22
289,1,1,458,417,41,1.0,24
297,0,0,350,571,-221,0.0,24
297,1,1,552,335,217,1.0,22
305,0,0,367,321,46,1.0,22
305,1,1,370,362,8,1.0,21
313,0,0,378,430,-52,0.0,25
313,1,1,477,405,72,1.0,23
321,0,0,472,406,66,1.0,20
321,1,1,418,490,-72,0.0,22
329,0,0,488,411,77,1.0,23
329,1,1,438,415,23,1.0,24
337,0,0,388,458,-70,0.0,26
337,1,1,485,384,101,1.0,25
345,0,0,460,464,-4,0.0,20
345,1,1,468,458,10,1.0,20
353,0,0,371,395,-24,0.0,24
353,1,1,390,363,27,1.0,23
361,0,0,588,421,167,1.0,23
361,1,1,397,552,-155,0.0,23
369,0,0,304,413,-109,0.0,25
369,1,1,430,352,78,1.0,26
377,0,0,415,458,-43,0.0,21
377,1,1,424,465,-41,0.0,23
385,0,0,455,403,52,1.0,21
385,1,1,403,455,-52,0.0,21
393,0,0,476,476,0,0.5,23
393,1,1,465,462,3,1.0,22
401,0,0,561,450,111,1.0,20
401,1,1,456,569,-113,0.0,20
409,0,0,424,442,-18,0.0,27
409,1,1,500,443,57,1.0,25
417,0,0,464,324,140,1.0,21
417,1,1,344,445,-101,0.0,22
425,0,0,407,498,-91,0.0,21
425,1,1,483,406,77,1.0,21
433,0,0,366,544,-178,0.0,22
433,1,1,477,376,101,1.0,25
441,0,0,397,404,-7,0.0,20
441,1,1,450,378,72,1.0,22
449,0,0,345,545,-200,0.0,21
449,1,1,465,364,101,1.0,22
457,0,0,410,383,27,1.0,23
457,1,1,423,406,17,1.0,23
465,0,0,354,525,-171,0.0,23
465,1,1,521,393,128,1.0,26
473,0,0,433,435,-2,0.0,24
473,1,1,403,421,-18,0.0,28
481,0,0,380,372,8,1.0,24
481,1,1,389,391,-2,0.0,22
489,0,0,510,365,145,1.0,24
489,1,1,360,437,-77,0.0,23
497,0,0,451,384,67,1.0,24
497,1,1,413,413,0,0.5,25
505,0,0,458,344,114,1.0,26
505,1,1,320,402,-82,0.0,23
513,0,0,495,420,75,1.0,24
513,1,1,446,409,37,1.0,26
521,0,0,524,388,136,1.0,24
521,1,1,451,475,-24,0.0,21
529,0,0,441,523,-82,0.0,22
529,1,1,542,439,103,1.0,22
537,0,0,435,522,-87,0.0,21
537,1,1,540,417,123,1.0,21
545,0,0,358,515,-157,0.0,21
545,1,1,484,408,76,1.0,22
553,0,0,376,453,-77,0.0,23
553,1,1,443,384,59,1.0,22
561,0,0,546,373,173,1.0,22
561,1,1,377,435,-58,0.0,22
569,0,0,468,483,-15,0.0,19
569,1,1,475,491,-16,0.0,21
577,0,0,445,430,15,1.0,22
577,1,1,429,523,-94,0.0,22
585,0,0,388,408,-20,0.0,25
585,1,1,401,441,-40,0.0,22
593,0,0,459,479,-20,0.0,22
593,1,1,488,457,31,1.0,23
601,0,0,407,508,-101,0.0,24
601,1,1,437,413,24,1.0,24
609,0,0,426,481,-55,0.0,23
609,1,1,479,419,60,1.0,23
617,0,0,477,376,101,1.0,25
617,1,1,361,503,-142,0.0,24
625,0,0,466,470,-4,0.0,21
625,1,1,443,470,-27,0.0,22
633,0,0,480,394,86,1.0,22
633,1,1,394,480,-86,0.0,22
641,0,0,420,388,32,1.0,24
641,1,1,429,430,-1,0.0,23
649,0,0,336,456,-120,0.0,23
649,1,1,472,391,81,1.0,24
657,0,0,369,382,-13,0.0,25
657,1,1,424,369,55,1.0,24
665,0,0,355,456,-101,0.0,24
665,1,1,504,369,135,1.0,24
673,0,0,550,420,130,1.0,20
673,1,1,417,500,-83,0.0,21
681,0,0,417,385,32,1.0,22
681,1,1,370,431,-61,0.0,22
689,0,0,438,523,-85,0.0,23
689,1,1,508,379,129,1.0,21
697,0,0,400,491,-91,0.0,21
697,1,1,536,385,151,1.0,21
705,0,0,480,363,117,1.0,22
705,1,1,371,439,-68,0.0,22
713,0,0,506,397,109,1.0,24
713,1,1,396,496,-100,0.0,24
721,0,0,335,466,-131,0.0,21
721,1,1,462,349,113,1.0,23
729,0,0,386,434,-48,0.0,23
729,1,1,446,379,67,1.0,25
737,0,0,410,363,47,1.0,24
737,1,1,363,416,-53,0.0,24
745,0,0,461,468,-7,0.0,20
745,1,1,468,461,7,1.0,20
753,0,0,489,502,-13,0.0,22
753,1,1,493,475,18,1.0,21
761,0,0,450,423,27,1.0,25
761,1,1,423,450,-27,0.0,25
769,0,0,392,405,-13,0.0,25
769,1,1,386,515,-129,0.0,27
777,0,0,415,387,28,1.0,26
777,1,1,414,430,-16,0.0,23
785,0,0,372,481,-109,0.0,27
785,1,1,477,356,121,1.0,25
793,0,0,451,508,-57,0.0,21
793,1,1,435,536,-101,0.0,23
801,0,0,357,500,-143,0.0,22
801,1,1,518,335,183,1.0,22
809,0,0,392,459,-67,0.0,26
809,1,1,445,370,75,1.0,23
817,0,0,413,381,32,1.0,24
817,1,1,409,471,-62,0.0,24
825,0,0,432,363,69,1.0,22
825,1,1,470,338,132,1.0,21
833,0,0,506,409,97,1.0,22
833,1,1,409,506,-97,0.0,22
841,0,0,408,379,29,1.0,23
841,1,1,423,371,52,1.0,23
849,0,0,403,495,-92,0.0,23
849,1,1,506,402,104,1.0,26
857,0,0,381,602,-221,0.0,21
857,1,1,505,377,128,1.0,22
865,0,0,423,445,-22,0.0,26
865,1,1,424,424,0,0.5,26
873,0,0,357,389,-32,0.0,23
873,1,1,400,324,76,1.0,24
881,0,0,391,436,-45,0.0,25
881,1,1,436,415,21,1.0,28
889,0,0,376,504,-128,0.0,20
889,1,1,504,376,128,1.0,20
897,0,0,513,417,96,1.0,20
897,1,1,417,513,-96,0.0,20
905,0,0,479,370,109,1.0,24
905,1,1,348,458,-110,0.0,26
913,0,0,502,503,-1,0.0,23
913,1,1,476,463,13,1.0,22
921,0,0,393,459,-66,0.0,25
921,1,1,342,359,-17,0.0,25
929,0,0,422,408,14,1.0,20
929,1,1,368,411,-43,0.0,23
937,0,0,410,431,-21,0.0,22
937,1,1,427,433,-6,0.0,22
945,0,0,425,469,-44,0.0,21
945,1,1,469,425,44,1.0,21
953,0,0,453,455,-2,0.0,23
953,1,1,452,470,-18,0.0,24
961,0,0,390,354,36,1.0,22
961,1,1,391,379,12,1.0,24
969,0,0,400,355,45,1.0,23
969,1,1,415,381,34,1.0,23
977,0,0,444,592,-148,0.0,24
977,1,1,569,436,133,1.0,22
985,0,0,417,479,-62,0.0,24
985,1,1,472,445,27,1.0,22
993,0,0,449,497,-48,0.0,22
993,1,1,533,390,143,1.0,21
1001,0,0,388,539,-151,0.0,26
1001,1,1,535,386,149,1.0,25
1009,0,0,493,420,73,1.0,23
1009,1,1,449,500,-51,0.0,26
1017,0,0,479,486,-7,0.0,23
1017,1,1,527,413,114,1.0,21
1025,0,0,386,486,-100,0.0,25
1025,1,1,433,406,27,1.0,25
1033,0,0,404,557,-153,0.0,22
1033,1,1,510,373,137,1.0,21
1041,0,0,470,458,12,1.0,22
1041,1,1,458,498,-40,0.0,24
1049,0,0,360,441,-81,0.0,21
1049,1,1,410,406,4,1.0,23
1057,0,0,522,398,124,1.0,21
1057,1,1,414,532,-118,0.0,22
1065,0,0,504,354,150,1.0,22
1065,1,1,343,511,-168,0.0,22
1073,0,0,362,369,-7,0.0,25
1073,1,1,374,337,37,1.0,23
1081,0,0,479,443,36,1.0,24
1081,1,1,455,491,-36,0.0,23
1089,0,0,458,384,74,1.0,20
1089,1,1,379,544,-165,0.0,20
1097,0,0,366,399,-33,0.0,26
1097,1,1,423,377,46,1.0,25
1105,0,0,387,451,-64,0.0,22
1105,1,1,451,387,64,1.0,22
1113,0,0,357,454,-97,0.0,22
1113,1,1,406,425,-19,0.0,23
1121,0,0,448,522,-74,0.0,21
1121,1,1,522,394,128,1.0,21
1129,0,0,343,422,-79,0.0,25
1129,1,1,395,372,23,1.0,24
1137,0,0,374,399,-25,0.0,23
1137,1,1,418,448,-30,0.0,24
1145,0,0,530,459,71,1.0,27
1145,1,1,439,531,-92,0.0,25
1153,0,0,355,375,-20,0.0,26
1153,1,1,423,336,87,1.0,25
1161,0,0,494,409,85,1.0,21
1161,1,1,401,438,-37,0.0,21
1169,0,0,477,481,-4,0.0,21
1169,1,1,483,460,23,1.0,25
1177,0,0,364,568,-204,0.0,21
1177,1,1,574,358,216,1.0,22
1185,0,0,430,495,-65,0.0,26
1185,1,1,504,394,110,1.0,23
1193,0,0,428,510,-82,0.0,25
1193,1,1,499,426,73,1.0,21
1201,0,0,310,402,-92,0.0,23
1201,1,1,409,326,83,1.0,24
1209,0,0,389,461,-72,0.0,23
1209,1,1,465,365,100,1.0,22
1217,0,0,434,508,-74,0.0,25
1217,1,1,451,420,31,1.0,22
1225,0,0,354,494,-140,0.0,23
1225,1,1,508,329,179,1.0,23
1233,0,0,357,425,-68,0.0,22
1233,1,1,369,380,-11,0.0,22
1241,0,0,396,397,-1,0.0,23
1241,1,1,416,362,54,1.0,25
1249,0,0,505,408,97,1.0,22
1249,1,1,426,503,-77,0.0,22
1257,0,0,496,437,59,1.0,18
1257,1,1,437,496,-59,0.0,18
1265,0,0,460,511,-51,0.0,25
1265,1,1,495,448,47,1.0,23
1273,0,0,487,409,78,1.0,23
1273,1,1,424,446,-22,0.0,21
1281,0,0,398,473,-75,0.0,23
1281,1,1,497,403,94,1.0,23
1289,0,0,385,409,-24,0.0,24
1289,1,1,447,361,86,1.0,24
1297,0,0,486,364,122,1.0,24
1297,1,1,380,457,-77,0.0,27
1305,0,0,432,362,70,1.0,27
1305,1,1,448,433,15,1.0,27
1313,0,0,429,478,-49,0.0,23
1313,1,1,438,418,20,1.0,23
1321,0,0,373,451,-78,0.0,25
1321,1,1,552,359,193,1.0,27
1329,0,0,467,394,73,1.0,23
1329,1,1,376,509,-133,0.0,24
1337,0,0,460,446,14,1.0,22
1337,1,1,416,430,-14,0.0,22
1345,0,0,433,410,23,1.0,23
1345,1,1,389,414,-25,0.0,26
1353,0,0,353,519,-166,0.0,19
1353,1,1,520,399,121,1.0,19
1361,0,0,428,432,-4,0.0,26
1361,1,1,403,418,-15,0.0,22
1369,0,0,491,331,160,1.0,26
1369,1,1,378,482,-104,0.0,24
1377,0,0,428,363,65,1.0,24
1377,1,1,422,396,26,1.0,24
1385,0,0,413,371,42,1.0,23
1385,1,1,396,421,-25,0.0,20
1393,0,0,371,471,-100,0.0,24
1393,1,1,472,403,69,1.0,22
1401,0,0,401,401,0,0.5,25
1401,1,1,373,411,-38,0.0,23
1409,0,0,478,461,17,1.0,23
1409,1,1,436,486,-50,0.0,22
1417,0,0,522,409,113,1.0,20
1417,1,1,409,522,-113,0.0,21
1425,0,0,536,371,165,1.0,22
1425,1,1,442,440,2,1.0,22
1433,0,0,381,390,-9,0.0,24
1433,1,1,405,380,25,1.0,22
1441,0,0,421,526,-105,0.0,23
1441,1,1,541,402,139,1.0,23
1449,0,0,471,485,-14,0.0,20
1449,1,1,485,471,14,1.0,20
1457,0,0,441,449,-8,0.0,23
1457,1,1,507,431,76,1.0,24
1465,0,0,456,448,8,1.0,24
1465,1,1,445,377,68,1.0,24
1473,0,0,493,466,27,1.0,23
1473,1,1,489,425,64,1.0,23
1481,0,0,387,496,-109,0.0,25
1481,1,1,454,418,36,1.0,22
1489,0,0,386,397,-11,0.0,24
1489,1,1,390,337,53,1.0,24
1497,0,0,406,399,7,1.0,24
1497,1,1,397,414,-17,0.0,22
1505,0,0,478,401,77,1.0,23
1505,1,1,431,475,-44,0.0,24
1513,0,0,438,444,-6,0.0,27
1513,1,1,424,448,-24,0.0,26
1521,0,0,362,509,-147,0.0,21
1521,1,1,509,367,142,1.0,21
1529,0,0,348,498,-150,0.0,25
1529,1,1,559,348,211,1.0,24
1537,0,0,470,428,42,1.0,26
1537,1,1,524,435,89,1.0,21
1545,0,0,395,548,-153,0.0,23
1545,1,1,525,474,51,1.0,23
1553,0,0,406,389,17,1.0,24
1553,1,1,367,417,-50,0.0,28
1561,0,0,391,411,-20,0.0,26
1561,1,1,411,391,20,1.0,26
1569,0,0,464,497,-33,0.0,20
1569,1,1,510,462,48,1.0,21
1577,0,0,425,291,134,1.0,24
1577,1,1,320,494,-174,0.0,25
1585,0,0,460,428,32,1.0,24
1585,1,1,414,492,-78,0.0,26
1593,0,0,466,330,136,1.0,22
1593,1,1,284,518,-234,0.0,23
1601,0,0,454,391,63,1.0,26
1601,1,1,406,452,-46,0.0,21
1609,0,0,359,402,-43,0.0,22
1609,1,1,427,502,-75,0.0,24
1617,0,0,310,590,-280,0.0,21
1617,1,1,502,321,181,1.0,25
1625,0,0,395,365,30,1.0,23
1625,1,1,342,411,-69,0.0,25
1633,0,0,392,342,50,1.0,23
1633,1,1,343,393,-50,0.0,21
1641,0,0,434,387,47,1.0,22
1641,1,1,388,372,16,1.0,23
1649,0,0,489,403,86,1.0,24
1649,1,1,437,480,-43,0.0,23
1657,0,0,477,400,77,1.0,21
1657,1,1,395,455,-60,0.0,21
1665,0,0,422,598,-176,0.0,22
1665,1,1,607,355,252,1.0,22
1673,0,0,332,454,-122,0.0,23
1673,1,1,461,302,159,1.0,22
1681,0,0,437,412,25,1.0,24
1681,1,1,471,361,110,1.0,22
1689,0,0,347,524,-177,0.0,22
1689,1,1,493,326,167,1.0,22
1697,0,0,447,489,-42,0.0,24
1697,1,1,509,426,83,1.0,23
1705,0,0,463,357,106,1.0,27
1705,1,1,343,487,-144,0.0,24
1713,0,0,339,501,-162,0.0,21
1713,1,1,500,365,135,1.0,23
1721,0,0,486,393,93,1.0,25
1721,1,1,457,461,-4,0.0,25
1729,0,0,503,381,122,1.0,20
1729,1,1,397,457,-60,0.0,22
1737,0,0,474,431,43,1.0,27
1737,1,1,381,430,-49,0.0,24
1745,0,0,461,338,123,1.0,22
1745,1,1,318,469,-151,0.0,21
1753,0,0,463,381,82,1.0,23
1753,1,1,320,452,-132,0.0,22
1761,0,0,366,542,-176,0.0,26
1761,1,1,538,392,146,1.0,25
1769,0,0,448,442,6,1.0,25
1769,1,1,433,434,-1,0.0,24
1777,0,0,430,393,37,1.0,25
1777,1,1,408,414,-6,0.0,27
1785,0,0,521,378,143,1.0,20
1785,1,1,382,514,-132,0.0,22
1793,0,0,494,411,83,1.0,22
1793,1,1,396,490,-94,0.0,22
1801,0,0,490,421,69,1.0,25
1801,1,1,458,456,2,1.0,21
1809,0,0,346,507,-161,0.0,22
1809,1,1,473,381,92,1.0,20
1817,0,0,448,382,66,1.0,24
1817,1,1,465,431,34,1.0,24
1825,0,0,430,391,39,1.0,21
1825,1,1,414,381,33,1.0,23
1833,0,0,332,502,-170,0.0,25
1833,1,1,544,306,238,1.0,25
1841,0,0,413,401,12,1.0,24
1841,1,1,398,343,55,1.0,25
1849,0,0,370,457,-87,0.0,25
1849,1,1,452,376,76,1.0,23
1857,0,0,485,382,103,1.0,21
1857,1,1,421,409,12,1.0,21
1865,0,0,305,455,-150,0.0,26
1865,1,1,429,383,46,1.0,24
1873,0,0,376,372,4,1.0,24
1873,1,1,378,378,0,0.5,24
1881,0,0,465,394,71,1.0,22
1881,1,1,443,484,-41,0.0,20
1889,0,0,424,438,-14,0.0,29
1889,1,1,447,439,8,1.0,24
1897,0,0,400,495,-95,0.0,21
1897,1,1,495,400,95,1.0,21
1905,0,0,526,382,144,1.0,19
1905,1,1,363,544,-181,0.0,21
1913,0,0,431,473,-42,0.0,26
1913,1,1,458,382,76,1.0,25
1921,0,0,397,442,-45,0.0,21
1921,1,1,442,397,45,1.0,21
1929,0,0,296,572,-276,0.0,25
1929,1,1,524,318,206,1.0,23
1937,0,0,508,374,134,1.0,24
1937,1,1,374,466,-92,0.0,23
1945,0,0,448,424,24,1.0,20
1945,1,1,410,427,-17,0.0,23
1953,0,0,302,533,-231,0.0,21
1953,1,1,543,349,194,1.0,21
1961,0,0,347,445,-98,0.0,23
1961,1,1,434,408,26,1.0,23
1969,0,0,506,407,99,1.0,18
1969,1,1,431,399,32,1.0,22
1977,0,0,359,423,-64,0.0,26
1977,1,1,408,424,-16,0.0,24
1985,0,0,408,447,-39,0.0,26
1985,1,1,489,426,63,1.0,25
1993,0,0,418,355,63,1.0,22
1993,1,1,350,398,-48,0.0,23
pair,game,a_seat,a_score,b_score,a_spread,a_win,turns
2,0,0,474,348,126,1.0,22
2,1,1,345,484,-139,0.0,23
10,0,0,485,404,81,1.0,23
10,1,1,427,460,-33,0.0,30
18,0,0,384,473,-89,0.0,23
18,1,1,484,375,109,1.0,22
26,0,0,395,429,-34,0.0,25
26,1,1,418,425,-7,0.0,23
34,0,0,432,505,-73,0.0,20
34,1,1,485,416,69,1.0,20
42,0,0,487,453,34,1.0,21
42,1,1,518,449,69,1.0,23
50,0,0,505,349,156,1.0,19
50,1,1,347,422,-75,0.0,23
58,0,0,526,421,105,1.0,22
58,1,1,423,462,-39,0.0,21
66,0,0,364,452,-88,0.0,24
66,1,1,454,404,50,1.0,24
74,0,0,433,355,78,1.0,25
74,1,1,390,426,-36,0.0,23
82,0,0,489,424,65,1.0,22
82,1,1,391,466,-75,0.0,23
90,0,0,432,456,-24,0.0,23
90,1,1,476,374,102,1.0,24
98,0,0,426,412,14,1.0,22
98,1,1,392,340,52,1.0,22
106,0,0,430,410,20,1.0,28
106,1,1,397,432,-35,0.0,27
114,0,0,360,523,-163,0.0,26
114,1,1,470,331,139,1.0,24
122,0,0,392,421,-29,0.0,23
122,1,1,420,334,86,1.0,23
130,0,0,380,372,8,1.0,22
130,1,1,372,380,-8,0.0,22
138,0,0,480,348,132,1.0,23
138,1,1,440,445,-5,0.0,23
146,0,0,456,455,1,1.0,23
146,1,1,467,436,31,1.0,24
154,0,0,339,444,-105,0.0,23
154,1,1,451,336,115,1.0,22
162,0,0,504,363,141,1.0,24
162,1,1,347,506,-159,0.0,21
170,0,0,336,522,-186,0.0,23
170,1,1,542,312,230,1.0,23
178,0,0,480,477,3,1.0,23
178,1,1,436,452,-16,0.0,21
186,0,0,524,457,67,1.0,21
186,1,1,473,454,19,1.0,23
194,0,0,394,522,-128,0.0,24
194,1,1,482,441,41,1.0,26
202,0,0,394,458,-64,0.0,25
202,1,1,461,364,97,1.0,25
210,0,0,323,455,-132,0.0,24
210,1,1,415,322,93,1.0,25
218,0,0,493,405,88,1.0,21
218,1,1,387,513,-126,0.0,21
226,0,0,402,536,-134,0.0,22
226,1,1,562,375,187,1.0,20
234,0,0,507,443,64,1.0,22
234,1,1,396,490,-94,0.0,23
242,0,0,381,400,-19,0.0,21
242,1,1,400,381,19,1.0,21
250,0,0,422,460,-38,0.0,22
250,1,1,421,442,-21,0.0,22
258,0,0,464,386,78,1.0,27
258,1,1,373,469,-96,0.0,25
266,0,0,386,387,-1,0.0,23
266,1,1,454,403,51,1.0,23
274,0,0,465,348,117,1.0,21
274,1,1,365,469,-104,0.0,21
282,0,0,376,440,-64,0.0,23
282,1,1,474,341,133,1.0,23
290,0,0,377,467,-90,0.0,24
290,1,1,534,315,219,1.0,22
298,0,0,419,416,3,1.0,22
298,1,1,385,469,-84,0.0,23
306,0,0,485,410,75,1.0,22
306,1,1,416,443,-27,0.0,22
314,0,0,447,416,31,1.0,24
314,1,1,439,407,32,1.0,22
322,0,0,444,419,25,1.0,20
322,1,1,426,516,-90,0.0,21
330,0,0,407,428,-21,0.0,25
330,1,1,522,392,130,1.0,23
338,0,0,395,398,-3,0.0,23
338,1,1,411,404,7,1.0,24
346,0,0,437,418,19,1.0,22
346,1,1,415,433,-18,0.0,22
354,0,0,331,420,-89,0.0,24
354,1,1,458,367,91,1.0,24
362,0,0,478,350,128,1.0,25
362,1,1,318,447,-129,0.0,23
370,0,0,436,487,-51,0.0,23
370,1,1,479,436,43,1.0,21
378,0,0,401,525,-124,0.0,22
378,1,1,529,403,126,1.0,21
386,0,0,477,429,48,1.0,22
386,1,1,442,525,-83,0.0,22
394,0,0,372,427,-55,0.0,25
394,1,1,421,372,49,1.0,23
402,0,0,382,464,-82,0.0,22
402,1,1,430,424,6,1.0,22
410,0,0,555,365,190,1.0,22
410,1,1,365,560,-195,0.0,23
418,0,0,400,475,-75,0.0,22
418,1,1,462,393,69,1.0,22
426,0,0,421,399,22,1.0,22
426,1,1,345,503,-158,0.0,21
434,0,0,461,412,49,1.0,25
434,1,1,395,454,-59,0.0,23
442,0,0,493,394,99,1.0,24
442,1,1,402,479,-77,0.0,23
450,0,0,434,478,-44,0.0,21
450,1,1,491,404,87,1.0,21
458,0,0,463,370,93,1.0,24
458,1,1,381,439,-58,0.0,24
466,0,0,419,377,42,1.0,21
466,1,1,407,441,-34,0.0,24
474,0,0,551,385,166,1.0,24
474,1,1,407,536,-129,0.0,24
482,0,0,444,456,-12,0.0,23
482,1,1,456,444,12,1.0,23
490,0,0,471,393,78,1.0,25
490,1,1,425,501,-76,0.0,24
498,0,0,412,383,29,1.0,23
498,1,1,407,308,99,1.0,24
506,0,0,417,371,46,1.0,23
506,1,1,448,479,-31,0.0,21
514,0,0,406,478,-72,0.0,24
514,1,1,459,409,50,1.0,25
522,0,0,418,436,-18,0.0,25
522,1,1,481,433,48,1.0,28
530,0,0,281,439,-158,0.0,26
530,1,1,605,298,307,1.0,24
538,0,0,541,371,170,1.0,23
538,1,1,389,529,-140,0.0,22
546,0,0,480,370,110,1.0,26
546,1,1,356,516,-160,0.0,23
554,0,0,520,430,90,1.0,24
554,1,1,429,499,-70,0.0,24
562,0,0,354,427,-73,0.0,22
562,1,1,477,335,142,1.0,20
570,0,0,414,419,-5,0.0,24
570,1,1,412,406,6,1.0,24
578,0,0,440,410,30,1.0,23
578,1,1,414,474,-60,0.0,23
586,0,0,359,484,-125,0.0,23
586,1,1,441,363,78,1.0,22
594,0,0,499,444,55,1.0,21
594,1,1,520,435,85,1.0,21
602,0,0,432,433,-1,0.0,22
602,1,1,410,423,-13,0.0,22
610,0,0,532,347,185,1.0,23
610,1,1,345,547,-202,0.0,24
618,0,0,387,506,-119,0.0,23
618,1,1,471,407,64,1.0,22
626,0,0,383,438,-55,0.0,23
626,1,1,467,312,155,1.0,23
634,0,0,389,511,-122,0.0,24
634,1,1,473,400,73,1.0,26
642,0,0,476,421,55,1.0,22
642,1,1,368,490,-122,0.0,23
650,0,0,415,380,35,1.0,25
650,1,1,375,405,-30,0.0,23
658,0,0,441,420,21,1.0,26
658,1,1,464,383,81,1.0,25
666,0,0,490,327,163,1.0,23
666,1,1,339,477,-138,0.0,25
674,0,0,385,490,-105,0.0,28
674,1,1,498,335,163,1.0,25
682,0,0,443,434,9,1.0,22
682,1,1,420,442,-22,0.0,22
690,0,0,458,357,101,1.0,24
690,1,1,352,463,-111,0.0,24
698,0,0,504,507,-3,0.0,25
698,1,1,438,532,-94,0.0,22
706,0,0,382,418,-36,0.0,23
706,1,1,385,359,26,1.0,22
714,0,0,510,382,128,1.0,22
714,1,1,383,554,-171,0.0,21
722,0,0,456,500,-44,0.0,21
722,1,1,484,402,82,1.0,21
730,0,0,409,404,5,1.0,21
730,1,1,420,389,31,1.0,24
738,0,0,446,557,-111,0.0,23
738,1,1,550,416,134,1.0,23
746,0,0,569,331,238,1.0,27
746,1,1,350,449,-99,0.0,22
754,0,0,531,389,142,1.0,23
754,1,1,390,551,-161,0.0,24
762,0,0,410,528,-118,0.0,20
762,1,1,476,421,55,1.0,20
770,0,0,407,391,16,1.0,23
770,1,1,415,421,-6,0.0,22
778,0,0,493,499,-6,0.0,22
778,1,1,508,424,84,1.0,22
786,0,0,446,419,27,1.0,21
786,1,1,395,486,-91,0.0,19
794,0,0,467,525,-58,0.0,21
794,1,1,451,389,62,1.0,20
802,0,0,405,432,-27,0.0,21
802,1,1,485,330,155,1.0,23
810,0,0,428,436,-8,0.0,23
810,1,1,451,437,14,1.0,23
818,0,0,401,418,-17,0.0,20
818,1,1,415,422,-7,0.0,20
826,0,0,403,398,5,1.0,25
826,1,1,358,406,-48,0.0,25
834,0,0,453,406,47,1.0,24
834,1,1,431,452,-21,0.0,26
842,0,0,625,375,250,1.0,21
842,1,1,376,627,-251,0.0,21
850,0,0,484,421,63,1.0,25
850,1,1,451,466,-15,0.0,23
858,0,0,468,356,112,1.0,22
858,1,1,320,482,-162,0.0,23
866,0,0,480,469,11,1.0,24
866,1,1,472,477,-5,0.0,24
874,0,0,534,402,132,1.0,20
874,1,1,465,542,-77,0.0,21
882,0,0,593,350,243,1.0,25
882,1,1,407,485,-78,0.0,26
890,0,0,495,328,167,1.0,26
890,1,1,307,449,-142,0.0,27
898,0,0,312,432,-120,0.0,26
898,1,1,456,308,148,1.0,24
906,0,0,441,470,-29,0.0,23
906,1,1,493,438,55,1.0,24
914,0,0,466,387,79,1.0,22
914,1,1,419,492,-73,0.0,22
922,0,0,457,341,116,1.0,20
922,1,1,296,487,-191,0.0,22
930,0,0,508,364,144,1.0,23
930,1,1,332,498,-166,0.0,23
938,0,0,399,469,-70,0.0,21
938,1,1,470,410,60,1.0,21
946,0,0,446,383,63,1.0,24
946,1,1,372,462,-90,0.0,25
954,0,0,481,422,59,1.0,24
954,1,1,383,492,-109,0.0,24
962,0,0,481,387,94,1.0,23
962,1,1,408,448,-40,0.0,24
970,0,0,402,493,-91,0.0,22
970,1,1,498,423,75,1.0,22
978,0,0,460,397,63,1.0,25
978,1,1,394,468,-74,0.0,23
986,0,0,471,418,53,1.0,23
986,1,1,461,442,19,1.0,22
994,0,0,482,443,39,1.0,25
994,1,1,399,546,-147,0.0,23
1002,0,0,417,433,-16,0.0,26
1002,1,1,401,399,2,1.0,25
1010,0,0,342,431,-89,0.0,23
1010,1,1,417,371,46,1.0,21
1018,0,0,344,380,-36,0.0,28
1018,1,1,405,368,37,1.0,26
1026,0,0,387,597,-210,0.0,23
1026,1,1,597,387,210,1.0,23
1034,0,0,422,512,-90,0.0,23
1034,1,1,510,436,74,1.0,21
1042,0,0,555,352,203,1.0,28
1042,1,1,379,478,-99,0.0,25
1050,0,0,433,415,18,1.0,27
1050,1,1,515,387,128,1.0,24
1058,0,0,470,441,29,1.0,21
1058,1,1,441,386,55,1.0,21
1066,0,0,417,371,46,1.0,22
1066,1,1,365,445,-80,0.0,23
1074,0,0,425,393,32,1.0,22
1074,1,1,395,417,-22,0.0,22
1082,0,0,544,391,153,1.0,21
1082,1,1,429,522,-93,0.0,18
1090,0,0,436,399,37,1.0,25
1090,1,1,432,421,11,1.0,26
1098,0,0,507,447,60,1.0,21
1098,1,1,475,489,-14,0.0,22
1106,0,0,427,400,27,1.0,24
1106,1,1,365,479,-114,0.0,23
1114,0,0,449,415,34,1.0,23
1114,1,1,409,455,-46,0.0,23
1122,0,0,343,536,-193,0.0,24
1122,1,1,533,346,187,1.0,24
1130,0,0,524,423,101,1.0,21
1130,1,1,446,468,-22,0.0,21
1138,0,0,431,488,-57,0.0,23
1138,1,1,484,386,98,1.0,23
1146,0,0,489,440,49,1.0,22
1146,1,1,455,464,-9,0.0,22
1154,0,0,534,343,191,1.0,23
1154,1,1,333,579,-246,0.0,23
1162,0,0,524,395,129,1.0,23
1162,1,1,425,457,-32,0.0,25
1170,0,0,467,358,109,1.0,21
1170,1,1,392,459,-67,0.0,22
1178,0,0,466,478,-12,0.0,23
1178,1,1,463,407,56,1.0,23
1186,0,0,368,379,-11,0.0,27
1186,1,1,404,360,44,1.0,25
1194,0,0,455,395,60,1.0,26
1194,1,1,408,402,6,1.0,26
1202,0,0,493,420,73,1.0,22
1202,1,1,415,512,-97,0.0,24
1210,0,0,510,336,174,1.0,24
1210,1,1,342,513,-171,0.0,25
1218,0,0,445,495,-50,0.0,21
1218,1,1,502,447,55,1.0,21
1226,0,0,444,510,-66,0.0,23
1226,1,1,449,538,-89,0.0,23
1234,0,0,617,420,197,1.0,24
1234,1,1,389,578,-189,0.0,25
1242,0,0,387,423,-36,0.0,24
1242,1,1,465,396,69,1.0,24
1250,0,0,462,461,1,1.0,24
1250,1,1,461,470,-9,0.0,24
1258,0,0,463,412,51,1.0,26
1258,1,1,427,465,-38,0.0,25
1266,0,0,547,436,111,1.0,24
1266,1,1,482,499,-17,0.0,23
1274,0,0,470,422,48,1.0,22
1274,1,1,434,434,0,0.5,24
1282,0,0,340,437,-97,0.0,22
1282,1,1,458,367,91,1.0,24
1290,0,0,413,576,-163,0.0,25
1290,1,1,547,402,145,1.0,24
1298,0,0,460,480,-20,0.0,24
1298,1,1,500,418,82,1.0,24
1306,0,0,405,432,-27,0.0,25
1306,1,1,408,465,-57,0.0,24
1314,0,0,572,297,275,1.0,22
1314,1,1,374,558,-184,0.0,26
1322,0,0,407,458,-51,0.0,21
1322,1,1,458,407,51,1.0,21
1330,0,0,341,454,-113,0.0,24
1330,1,1,421,336,85,1.0,28
1338,0,0,532,352,180,1.0,23
1338,1,1,369,501,-132,0.0,23
1346,0,0,317,479,-162,0.0,28
1346,1,1,405,314,91,1.0,28
1354,0,0,428,466,-38,0.0,23
1354,1,1,519,430,89,1.0,24
1362,0,0,462,434,28,1.0,24
1362,1,1,434,448,-14,0.0,24
1370,0,0,583,360,223,1.0,26
1370,1,1,361,593,-232,0.0,25
1378,0,0,381,513,-132,0.0,22
1378,1,1,556,346,210,1.0,20
1386,0,0,464,446,18,1.0,21
1386,1,1,471,464,7,1.0,23
1394,0,0,529,423,106,1.0,23
1394,1,1,409,466,-57,0.0,23
1402,0,0,622,459,163,1.0,22
1402,1,1,444,625,-181,0.0,22
1410,0,0,479,459,20,1.0,23
1410,1,1,415,535,-120,0.0,23
1418,0,0,416,413,3,1.0,22
1418,1,1,362,406,-44,0.0,22
1426,0,0,429,416,13,1.0,21
1426,1,1,478,475,3,1.0,21
1434,0,0,441,518,-77,0.0,20
1434,1,1,482,433,49,1.0,20
1442,0,0,363,366,-3,0.0,23
1442,1,1,426,354,72,1.0,23
1450,0,0,456,451,5,1.0,21
1450,1,1,451,456,-5,0.0,21
1458,0,0,430,503,-73,0.0,20
1458,1,1,569,451,118,1.0,22
1466,0,0,496,458,38,1.0,22
1466,1,1,387,504,-117,0.0,23
1474,0,0,525,545,-20,0.0,23
1474,1,1,523,513,10,1.0,21
1482,0,0,468,437,31,1.0,26
1482,1,1,440,463,-23,0.0,26
1490,0,0,411,490,-79,0.0,21
1490,1,1,519,397,122,1.0,23
1498,0,0,541,410,131,1.0,21
1498,1,1,369,530,-161,0.0,21
1506,0,0,434,428,6,1.0,19
1506,1,1,461,398,63,1.0,21
1514,0,0,481,465,16,1.0,22
1514,1,1,446,473,-27,0.0,21
1522,0,0,459,384,75,1.0,21
1522,1,1,334,463,-129,0.0,23
1530,0,0,392,460,-68,0.0,24
1530,1,1,434,440,-6,0.0,23
1538,0,0,405,519,-114,0.0,22
1538,1,1,471,438,33,1.0,23
1546,0,0,421,413,8,1.0,23
1546,1,1,472,414,58,1.0,27
1554,0,0,427,439,-12,0.0,23
1554,1,1,471,407,64,1.0,28
1562,0,0,461,360,101,1.0,21
1562,1,1,409,424,-15,0.0,26
1570,0,0,390,556,-166,0.0,22
1570,1,1,568,385,183,1.0,22
1578,0,0,421,351,70,1.0,27
1578,1,1,362,431,-69,0.0,30
1586,0,0,390,454,-64,0.0,21
1586,1,1,474,400,74,1.0,24
1594,0,0,437,325,112,1.0,23
1594,1,1,327,438,-111,0.0,24
1602,0,0,346,587,-241,0.0,21
1602,1,1,587,346,241,1.0,21
1610,0,0,443,394,49,1.0,25
1610,1,1,399,434,-35,0.0,26
1618,0,0,489,417,72,1.0,22
1618,1,1,355,462,-107,0.0,22
1626,0,0,414,378,36,1.0,23
1626,1,1,422,378,44,1.0,20
1634,0,0,424,472,-48,0.0,24
1634,1,1,459,418,41,1.0,22
1642,0,0,573,478,95,1.0,22
1642,1,1,468,595,-127,0.0,23
1650,0,0,385,386,-1,0.0,27
1650,1,1,401,402,-1,0.0,25
1658,0,0,405,434,-29,0.0,24
1658,1,1,439,367,72,1.0,25
1666,0,0,392,493,-101,0.0,22
1666,1,1,504,409,95,1.0,23
1674,0,0,321,458,-137,0.0,26
1674,1,1,412,351,61,1.0,27
1682,0,0,485,367,118,1.0,23
1682,1,1,355,484,-129,0.0,23
1690,0,0,494,350,144,1.0,22
1690,1,1,397,496,-99,0.0,23
1698,0,0,437,442,-5,0.0,24
1698,1,1,431,414,17,1.0,24
1706,0,0,423,441,-18,0.0,25
1706,1,1,423,415,8,1.0,26
1714,0,0,420,464,-44,0.0,24
1714,1,1,453,458,-5,0.0,23
1722,0,0,433,416,17,1.0,23
1722,1,1,409,469,-60,0.0,25
1730,0,0,422,410,12,1.0,22
1730,1,1,392,443,-51,0.0,24
1738,0,0,450,320,130,1.0,28
1738,1,1,378,489,-111,0.0,24
1746,0,0,525,337,188,1.0,23
1746,1,1,375,460,-85,0.0,27
1754,0,0,366,441,-75,0.0,26
1754,1,1,430,366,64,1.0,26
1762,0,0,377,431,-54,0.0,22
1762,1,1,452,413,39,1.0,22
1770,0,0,419,404,15,1.0,22
1770,1,1,446,402,44,1.0,22
1778,0,0,398,364,34,1.0,27
1778,1,1,363,379,-16,0.0,27
1786,0,0,498,428,70,1.0,23
1786,1,1,395,527,-132,0.0,23
1794,0,0,446,381,65,1.0,26
1794,1,1,391,460,-69,0.0,26
1802,0,0,408,333,75,1.0,25
1802,1,1,357,408,-51,0.0,25
1810,0,0,485,477,8,1.0,21
1810,1,1,504,456,48,1.0,21
1818,0,0,468,433,35,1.0,26
1818,1,1,442,386,56,1.0,26
1826,0,0,338,462,-124,0.0,23
1826,1,1,403,344,59,1.0,23
1834,0,0,368,412,-44,0.0,22
1834,1,1,397,397,0,0.5,21
1842,0,0,530,360,170,1.0,28
1842,1,1,336,475,-139,0.0,23
1850,0,0,411,389,22,1.0,25
1850,1,1,363,447,-84,0.0,25
1858,0,0,494,386,108,1.0,25
1858,1,1,418,469,-51,0.0,26
1866,0,0,548,390,158,1.0,25
1866,1,1,398,488,-90,0.0,22
1874,0,0,422,439,-17,0.0,22
1874,1,1,439,422,17,1.0,22
1882,0,0,402,371,31,1.0,25
1882,1,1,425,401,24,1.0,23
1890,0,0,534,326,208,1.0,23
1890,1,1,366,464,-98,0.0,25
1898,0,0,457,424,33,1.0,22
1898,1,1,411,471,-60,0.0,25
1906,0,0,480,341,139,1.0,24
1906,1,1,322,481,-159,0.0,22
1914,0,0,436,435,1,1.0,23
1914,1,1,455,431,24,1.0,23
1922,0,0,448,486,-38,0.0,22
1922,1,1,543,372,171,1.0,22
1930,0,0,430,403,27,1.0,23
1930,1,1,461,475,-14,0.0,22
1938,0,0,359,385,-26,0.0,26
1938,1,1,383,361,22,1.0,26
1946,0,0,565,378,187,1.0,20
1946,1,1,393,581,-188,0.0,22
1954,0,0,449,422,27,1.0,22
1954,1,1,430,436,-6,0.0,22
1962,0,0,474,472,2,1.0,20
1962,1,1,450,500,-50,0.0,21
1970,0,0,509,445,64,1.0,24
1970,1,1,467,466,1,1.0,22
1978,0,0,424,401,23,1.0,26
1978,1,1,470,347,123,1.0,20
1986,0,0,401,439,-38,0.0,23
1986,1,1,444,436,8,1.0,22
1994,0,0,451,451,0,0.5,24
1994,1,1,435,478,-43,0.0,24
pair,game,a_seat,a_score,b_score,a_spread,a_win,turns
3,0,0,418,387,31,1.0,25
3,1,1,418,411,7,1.0,25
11,0,0,387,530,-143,0.0,21
11,1,1,530,387,143,1.0,21
19,0,0,487,479,8,1.0,22
19,1,1,459,499,-40,0.0,22
27,0,0,497,386,111,1.0,24
27,1,1,381,508,-127,0.0,22
35,0,0,357,529,-172,0.0,21
35,1,1,513,386,127,1.0,21
43,0,0,414,389,25,1.0,26
43,1,1,362,385,-23,0.0,26
51,0,0,364,512,-148,0.0,25
51,1,1,482,408,74,1.0,30
59,0,0,333,532,-199,0.0,26
59,1,1,535,339,196,1.0,26
67,0,0,489,397,92,1.0,22
67,1,1,393,515,-122,0.0,22
75,0,0,442,440,2,1.0,22
75,1,1,468,443,25,1.0,24
83,0,0,435,437,-2,0.0,23
83,1,1,427,429,-2,0.0,23
91,0,0,431,385,46,1.0,28
91,1,1,410,448,-38,0.0,28
99,0,0,438,373,65,1.0,23
99,1,1,415,433,-18,0.0,25
107,0,0,369,425,-56,0.0,24
107,1,1,454,399,55,1.0,28
115,0,0,507,429,78,1.0,23
115,1,1,377,526,-149,0.0,24
123,0,0,468,462,6,1.0,24
123,1,1,445,487,-42,0.0,22
131,0,0,436,381,55,1.0,23
131,1,1,386,418,-32,0.0,23
139,0,0,423,410,13,1.0,21
139,1,1,433,411,22,1.0,22
147,0,0,439,456,-17,0.0,25
147,1,1,456,453,3,1.0,26
155,0,0,394,399,-5,0.0,24
155,1,1,442,394,48,1.0,23
163,0,0,462,436,26,1.0,21
163,1,1,436,462,-26,0.0,21
171,0,0,365,426,-61,0.0,24
171,1,1,437,429,8,1.0,25
179,0,0,394,476,-82,0.0,24
179,1,1,480,366,114,1.0,21
187,0,0,388,501,-113,0.0,25
187,1,1,431,365,66,1.0,25
195,0,0,422,341,81,1.0,31
195,1,1,410,387,23,1.0,27
203,0,0,387,427,-40,0.0,23
203,1,1,476,366,110,1.0,21
211,0,0,518,394,124,1.0,21
211,1,1,410,480,-70,0.0,23
219,0,0,467,420,47,1.0,24
219,1,1,476,514,-38,0.0,24
227,0,0,429,374,55,1.0,23
227,1,1,351,485,-134,0.0,22
235,0,0,457,407,50,1.0,24
235,1,1,453,447,6,1.0,25
243,0,0,371,489,-118,0.0,25
243,1,1,528,331,197,1.0,25
251,0,0,410,485,-75,0.0,20
251,1,1,508,373,135,1.0,22
259,0,0,505,407,98,1.0,19
259,1,1,349,529,-180,0.0,20
267,0,0,463,344,119,1.0,20
267,1,1,365,464,-99,0.0,22
275,0,0,285,384,-99,0.0,24
275,1,1,408,294,114,1.0,23
283,0,0,322,529,-207,0.0,25
283,1,1,551,379,172,1.0,25
291,0,0,401,549,-148,0.0,23
291,1,1,538,401,137,1.0,23
299,0,0,357,459,-102,0.0,26
299,1,1,451,328,123,1.0,24
307,0,0,470,425,45,1.0,24
307,1,1,401,438,-37,0.0,24
315,0,0,370,416,-46,0.0,24
315,1,1,460,363,97,1.0,23
323,0,0,407,392,15,1.0,21
323,1,1,398,427,-29,0.0,22
331,0,0,384,499,-115,0.0,24
331,1,1,495,408,87,1.0,24
339,0,0,452,409,43,1.0,21
339,1,1,431,402,29,1.0,23
347,0,0,361,469,-108,0.0,25
347,1,1,447,396,51,1.0,26
355,0,0,436,461,-25,0.0,21
355,1,1,511,428,83,1.0,21
363,0,0,300,420,-120,0.0,23
363,1,1,464,307,157,1.0,24
371,0,0,570,394,176,1.0,25
371,1,1,385,530,-145,0.0,24
379,0,0,423,436,-13,0.0,23
379,1,1,419,396,23,1.0,27
387,0,0,446,435,11,1.0,19
387,1,1,395,488,-93,0.0,21
395,0,0,394,416,-22,0.0,25
395,1,1,416,394,22,1.0,25
403,0,0,396,434,-38,0.0,29
403,1,1,421,371,50,1.0,25
411,0,0,438,462,-24,0.0,23
411,1,1,484,420,64,1.0,21
419,0,0,387,441,-54,0.0,23
419,1,1,515,375,140,1.0,21
427,0,0,462,374,88,1.0,20
427,1,1,369,475,-106,0.0,19
435,0,0,300,449,-149,0.0,23
435,1,1,476,288,188,1.0,22
443,0,0,359,359,0,0.5,21
443,1,1,366,401,-35,0.0,23
451,0,0,467,455,12,1.0,22
451,1,1,488,471,17,1.0,23
459,0,0,392,476,-84,0.0,20
459,1,1,513,398,115,1.0,23
467,0,0,510,367,143,1.0,22
467,1,1,429,467,-38,0.0,24
475,0,0,518,379,139,1.0,24
475,1,1,383,472,-89,0.0,27
483,0,0,421,438,-17,0.0,22
483,1,1,454,410,44,1.0,23
491,0,0,455,502,-47,0.0,23
491,1,1,505,472,33,1.0,23
499,0,0,447,431,16,1.0,24
499,1,1,433,502,-69,0.0,25
507,0,0,408,523,-115,0.0,23
507,1,1,513,433,80,1.0,20
515,0,0,473,376,97,1.0,24
515,1,1,363,493,-130,0.0,24
523,0,0,426,384,42,1.0,24
523,1,1,418,407,11,1.0,22
531,0,0,384,426,-42,0.0,21
531,1,1,408,426,-18,0.0,24
539,0,0,395,524,-129,0.0,23
539,1,1,425,475,-50,0.0,24
547,0,0,406,439,-33,0.0,22
547,1,1,439,406,33,1.0,22
555,0,0,432,353,79,1.0,23
555,1,1,372,455,-83,0.0,21
563,0,0,368,456,-88,0.0,19
563,1,1,439,360,79,1.0,20
571,0,0,383,551,-168,0.0,21
571,1,1,561,385,176,1.0,21
579,0,0,456,388,68,1.0,24
579,1,1,392,445,-53,0.0,24
587,0,0,487,430,57,1.0,22
587,1,1,512,429,83,1.0,23
595,0,0,426,334,92,1.0,22
595,1,1,367,439,-72,0.0,24
603,0,0,375,467,-92,0.0,23
603,1,1,473,402,71,1.0,25
611,0,0,390,410,-20,0.0,22
611,1,1,429,391,38,1.0,22
619,0,0,421,400,21,1.0,26
619,1,1,423,372,51,1.0,25
627,0,0,426,526,-100,0.0,21
627,1,1,510,438,72,1.0,21
635,0,0,463,389,74,1.0,23
635,1,1,382,457,-75,0.0,23
643,0,0,402,563,-161,0.0,20
643,1,1,545,382,163,1.0,20
651,0,0,460,449,11,1.0,25
651,1,1,467,434,33,1.0,22
659,0,0,453,599,-146,0.0,22
659,1,1,599,453,146,1.0,22
667,0,0,421,480,-59,0.0,23
667,1,1,426,422,4,1.0,24
675,0,0,490,385,105,1.0,24
675,1,1,374,503,-129,0.0,23
683,0,0,349,421,-72,0.0,24
683,1,1,412,339,73,1.0,23
691,0,0,438,400,38,1.0,33
691,1,1,389,444,-55,0.0,32
699,0,0,409,439,-30,0.0,25
699,1,1,430,430,0,0.5,24
707,0,0,480,391,89,1.0,23
707,1,1,467,475,-8,0.0,26
715,0,0,338,456,-118,0.0,21
715,1,1,456,338,118,1.0,21
723,0,0,384,375,9,1.0,25
723,1,1,374,372,2,1.0,25
731,0,0,452,406,46,1.0,24
731,1,1,376,523,-147,0.0,25
739,0,0,526,407,119,1.0,22
739,1,1,422,494,-72,0.0,22
747,0,0,386,428,-42,0.0,23
747,1,1,429,378,51,1.0,24
755,0,0,480,458,22,1.0,22
755,1,1,488,459,29,1.0,23
763,0,0,460,338,122,1.0,26
763,1,1,325,478,-153,0.0,26
771,0,0,358,410,-52,0.0,26
771,1,1,398,364,34,1.0,26
779,0,0,384,465,-81,0.0,27
779,1,1,433,392,41,1.0,23
787,0,0,487,404,83,1.0,23
787,1,1,450,460,-10,0.0,21
795,0,0,420,463,-43,0.0,23
795,1,1,478,424,54,1.0,25
803,0,0,407,400,7,1.0,24
803,1,1,393,416,-23,0.0,25
811,0,0,490,491,-1,0.0,22
811,1,1,488,485,3,1.0,21
819,0,0,461,459,2,1.0,25
819,1,1,449,413,36,1.0,23
827,0,0,358,382,-24,0.0,23
827,1,1,386,366,20,1.0,24
835,0,0,305,488,-183,0.0,25
835,1,1,463,337,126,1.0,26
843,0,0,366,521,-155,0.0,23
843,1,1,521,366,155,1.0,23
851,0,0,443,435,8,1.0,27
851,1,1,456,459,-3,0.0,26
859,0,0,386,445,-59,0.0,22
859,1,1,457,374,83,1.0,23
867,0,0,415,488,-73,0.0,21
867,1,1,488,419,69,1.0,23
875,0,0,329,378,-49,0.0,26
875,1,1,481,327,154,1.0,26
883,0,0,368,386,-18,0.0,27
883,1,1,368,405,-37,0.0,28
891,0,0,417,383,34,1.0,24
891,1,1,414,420,-6,0.0,24
899,0,0,361,482,-121,0.0,23
899,1,1,559,390,169,1.0,23
907,0,0,371,501,-130,0.0,24
907,1,1,497,382,115,1.0,23
915,0,0,415,522,-107,0.0,22
915,1,1,483,412,71,1.0,21
923,0,0,425,398,27,1.0,23
923,1,1,354,464,-110,0.0,24
931,0,0,360,419,-59,0.0,24
931,1,1,413,349,64,1.0,22
939,0,0,456,360,96,1.0,24
939,1,1,424,380,44,1.0,23
947,0,0,389,449,-60,0.0,21
947,1,1,449,389,60,1.0,21
955,0,0,495,571,-76,0.0,21
955,1,1,506,503,3,1.0,22
963,0,0,401,377,24,1.0,22
963,1,1,415,393,22,1.0,23
971,0,0,486,413,73,1.0,22
971,1,1,449,438,11,1.0,22
979,0,0,351,470,-119,0.0,21
979,1,1,471,363,108,1.0,21
987,0,0,394,424,-30,0.0,23
987,1,1,360,433,-73,0.0,24
995,0,0,503,369,134,1.0,25
995,1,1,327,484,-157,0.0,25
1003,0,0,440,342,98,1.0,24
1003,1,1,398,397,1,1.0,24
1011,0,0,287,408,-121,0.0,29
1011,1,1,484,292,192,1.0,27
1019,0,0,463,419,44,1.0,27
1019,1,1,417,496,-79,0.0,26
1027,0,0,386,411,-25,0.0,26
1027,1,1,424,361,63,1.0,28
1035,0,0,440,343,97,1.0,22
1035,1,1,346,406,-60,0.0,24
1043,0,0,455,474,-19,0.0,24
1043,1,1,598,372,226,1.0,24
1051,0,0,378,420,-42,0.0,24
1051,1,1,427,379,48,1.0,23
1059,0,0,386,500,-114,0.0,25
1059,1,1,461,403,58,1.0,23
1067,0,0,434,412,22,1.0,23
1067,1,1,402,432,-30,0.0,25
1075,0,0,457,512,-55,0.0,21
1075,1,1,491,456,35,1.0,23
1083,0,0,427,430,-3,0.0,27
1083,1,1,420,402,18,1.0,21
1091,0,0,541,490,51,1.0,21
1091,1,1,504,539,-35,0.0,21
1099,0,0,416,443,-27,0.0,23
1099,1,1,427,382,45,1.0,24
1107,0,0,405,400,5,1.0,23
1107,1,1,394,418,-24,0.0,24
1115,0,0,436,457,-21,0.0,25
1115,1,1,463,426,37,1.0,25
1123,0,0,404,498,-94,0.0,23
1123,1,1,538,410,128,1.0,25
1131,0,0,492,408,84,1.0,24
1131,1,1,484,403,81,1.0,21
1139,0,0,474,528,-54,0.0,21
1139,1,1,586,436,150,1.0,19
1147,0,0,444,388,56,1.0,23
1147,1,1,423,459,-36,0.0,25
1155,0,0,424,416,8,1.0,22
1155,1,1,430,433,-3,0.0,24
1163,0,0,356,489,-133,0.0,23
1163,1,1,489,363,126,1.0,24
1171,0,0,419,493,-74,0.0,23
1171,1,1,514,379,135,1.0,21
1179,0,0,410,475,-65,0.0,23
1179,1,1,403,419,-16,0.0,24
1187,0,0,344,388,-44,0.0,26
1187,1,1,388,344,44,1.0,26
1195,0,0,386,576,-190,0.0,21
1195,1,1,576,386,190,1.0,21
1203,0,0,472,380,92,1.0,22
1203,1,1,405,419,-14,0.0,24
1211,0,0,448,384,64,1.0,24
1211,1,1,380,406,-26,0.0,23
1219,0,0,419,459,-40,0.0,24
1219,1,1,417,424,-7,0.0,24
1227,0,0,384,418,-34,0.0,23
1227,1,1,398,384,14,1.0,22
1235,0,0,388,396,-8,0.0,23
1235,1,1,407,373,34,1.0,22
1243,0,0,401,329,72,1.0,20
1243,1,1,341,397,-56,0.0,22
1251,0,0,519,356,163,1.0,23
1251,1,1,370,512,-142,0.0,24
1259,0,0,411,389,22,1.0,28
1259,1,1,374,410,-36,0.0,28
1267,0,0,403,473,-70,0.0,23
1267,1,1,420,398,22,1.0,23
1275,0,0,502,396,106,1.0,21
1275,1,1,382,486,-104,0.0,23
1283,0,0,474,470,4,1.0,24
1283,1,1,488,433,55,1.0,25
1291,0,0,357,520,-163,0.0,21
1291,1,1,519,372,147,1.0,21
1299,0,0,461,445,16,1.0,22
1299,1,1,445,461,-16,0.0,22
1307,0,0,365,550,-185,0.0,22
1307,1,1,559,350,209,1.0,21
1315,0,0,358,391,-33,0.0,27
1315,1,1,401,358,43,1.0,27
1323,0,0,426,494,-68,0.0,22
1323,1,1,532,412,120,1.0,22
1331,0,0,439,473,-34,0.0,24
1331,1,1,470,423,47,1.0,24
1339,0,0,416,395,21,1.0,23
1339,1,1,452,396,56,1.0,21
1347,0,0,447,502,-55,0.0,23
1347,1,1,460,499,-39,0.0,22
1355,0,0,374,461,-87,0.0,26
1355,1,1,467,422,45,1.0,24
1363,0,0,322,424,-102,0.0,24
1363,1,1,397,337,60,1.0,24
1371,0,0,340,543,-203,0.0,21
1371,1,1,530,336,194,1.0,21
1379,0,0,437,469,-32,0.0,26
1379,1,1,472,377,95,1.0,24
1387,0,0,440,347,93,1.0,24
1387,1,1,334,404,-70,0.0,26
1395,0,0,429,367,62,1.0,23
1395,1,1,367,419,-52,0.0,23
1403,0,0,380,401,-21,0.0,22
1403,1,1,433,399,34,1.0,24
1411,0,0,512,376,136,1.0,24
1411,1,1,392,514,-122,0.0,24
1419,0,0,467,370,97,1.0,22
1419,1,1,348,469,-121,0.0,22
1427,0,0,460,449,11,1.0,21
1427,1,1,434,454,-20,0.0,22
1435,0,0,351,537,-186,0.0,22
1435,1,1,524,410,114,1.0,23
1443,0,0,371,499,-128,0.0,23
1443,1,1,414,475,-61,0.0,24
1451,0,0,436,549,-113,0.0,21
1451,1,1,575,456,119,1.0,23
1459,0,0,445,333,112,1.0,22
1459,1,1,350,417,-67,0.0,22
1467,0,0,406,449,-43,0.0,23
1467,1,1,418,416,2,1.0,23
1475,0,0,361,376,-15,0.0,24
1475,1,1,375,387,-12,0.0,22
1483,0,0,411,410,1,1.0,21
1483,1,1,406,359,47,1.0,21
1491,0,0,412,343,69,1.0,21
1491,1,1,356,424,-68,0.0,23
1499,0,0,438,434,4,1.0,21
1499,1,1,430,460,-30,0.0,21
1507,0,0,532,501,31,1.0,20
1507,1,1,546,500,46,1.0,22
1515,0,0,351,330,21,1.0,28
1515,1,1,375,312,63,1.0,25
1523,0,0,344,495,-151,0.0,23
1523,1,1,427,379,48,1.0,21
1531,0,0,480,458,22,1.0,21
1531,1,1,418,503,-85,0.0,23
1539,0,0,381,428,-47,0.0,24
1539,1,1,409,419,-10,0.0,22
1547,0,0,403,448,-45,0.0,21
1547,1,1,446,418,28,1.0,21
1555,0,0,391,413,-22,0.0,22
1555,1,1,418,399,19,1.0,21
1563,0,0,450,431,19,1.0,24
1563,1,1,431,469,-38,0.0,23
1571,0,0,483,363,120,1.0,24
1571,1,1,401,485,-84,0.0,24
1579,0,0,376,418,-42,0.0,23
1579,1,1,419,310,109,1.0,24
1587,0,0,456,474,-18,0.0,27
1587,1,1,458,402,56,1.0,24
1595,0,0,499,335,164,1.0,25
1595,1,1,279,482,-203,0.0,24
1603,0,0,506,400,106,1.0,21
1603,1,1,407,513,-106,0.0,20
1611,0,0,346,445,-99,0.0,24
1611,1,1,439,341,98,1.0,22
1619,0,0,519,444,75,1.0,23
1619,1,1,433,498,-65,0.0,21
1627,0,0,542,406,136,1.0,25
1627,1,1,367,540,-173,0.0,26
1635,0,0,385,407,-22,0.0,23
1635,1,1,411,374,37,1.0,23
1643,0,0,400,492,-92,0.0,22
1643,1,1,443,427,16,1.0,23
1651,0,0,502,376,126,1.0,21
1651,1,1,368,529,-161,0.0,22
1659,0,0,395,539,-144,0.0,22
1659,1,1,539,395,144,1.0,22
1667,0,0,454,401,53,1.0,26
1667,1,1,442,410,32,1.0,25
1675,0,0,499,408,91,1.0,21
1675,1,1,418,439,-21,0.0,21
1683,0,0,430,397,33,1.0,23
1683,1,1,414,435,-21,0.0,23
1691,0,0,357,506,-149,0.0,23
1691,1,1,487,437,50,1.0,22
1699,0,0,388,334,54,1.0,22
1699,1,1,336,335,1,1.0,22
1707,0,0,575,382,193,1.0,24
1707,1,1,375,517,-142,0.0,23
1715,0,0,393,395,-2,0.0,24
1715,1,1,442,441,1,1.0,23
1723,0,0,558,383,175,1.0,20
1723,1,1,308,504,-196,0.0,20
1731,0,0,430,415,15,1.0,24
1731,1,1,422,433,-11,0.0,24
1739,0,0,599,377,222,1.0,20
1739,1,1,421,539,-118,0.0,22
1747,0,0,485,375,110,1.0,23
1747,1,1,389,476,-87,0.0,22
1755,0,0,364,471,-107,0.0,27
1755,1,1,440,356,84,1.0,25
1763,0,0,376,498,-122,0.0,26
1763,1,1,460,373,87,1.0,24
1771,0,0,454,467,-13,0.0,21
1771,1,1,495,474,21,1.0,23
1779,0,0,430,548,-118,0.0,22
1779,1,1,548,430,118,1.0,22
1787,0,0,484,451,33,1.0,22
1787,1,1,497,411,86,1.0,22
1795,0,0,449,363,86,1.0,24
1795,1,1,408,428,-20,0.0,24
1803,0,0,458,417,41,1.0,23
1803,1,1,418,458,-40,0.0,21
1811,0,0,461,430,31,1.0,24
1811,1,1,398,527,-129,0.0,22
1819,0,0,424,502,-78,0.0,21
1819,1,1,502,424,78,1.0,21
1827,0,0,352,429,-77,0.0,25
1827,1,1,435,429,6,1.0,24
1835,0,0,442,368,74,1.0,21
1835,1,1,401,453,-52,0.0,21
1843,0,0,383,524,-141,0.0,23
1843,1,1,475,378,97,1.0,21
1851,0,0,440,426,14,1.0,26
1851,1,1,435,430,5,1.0,27
1859,0,0,394,452,-58,0.0,22
1859,1,1,459,399,60,1.0,22
1867,0,0,304,494,-190,0.0,27
1867,1,1,462,336,126,1.0,26
1875,0,0,469,430,39,1.0,25
1875,1,1,444,453,-9,0.0,25
1883,0,0,405,462,-57,0.0,23
1883,1,1,487,414,73,1.0,23
1891,0,0,491,372,119,1.0,23
1891,1,1,409,491,-82,0.0,24
1899,0,0,503,457,46,1.0,21
1899,1,1,471,508,-37,0.0,21
1907,0,0,390,523,-133,0.0,22
1907,1,1,506,377,129,1.0,23
1915,0,0,312,426,-114,0.0,25
1915,1,1,431,311,120,1.0,26
1923,0,0,391,602,-211,0.0,20
1923,1,1,602,391,211,1.0,20
1931,0,0,487,408,79,1.0,24
1931,1,1,392,453,-61,0.0,24
1939,0,0,350,428,-78,0.0,22
1939,1,1,428,350,78,1.0,22
1947,0,0,379,422,-43,0.0,23
1947,1,1,415,397,18,1.0,24
1955,0,0,369,577,-208,0.0,25
1955,1,1,566,346,220,1.0,25
1963,0,0,522,556,-34,0.0,21
1963,1,1,553,484,69,1.0,19
1971,0,0,517,395,122,1.0,20
1971,1,1,408,503,-95,0.0,21
1979,0,0,356,556,-200,0.0,21
1979,1,1,566,336,230,1.0,22
1987,0,0,353,493,-140,0.0,22
1987,1,1,502,355,147,1.0,22
1995,0,0,365,427,-62,0.0,23
1995,1,1,306,496,-190,0.0,22
pair,game,a_seat,a_score,b_score,a_spread,a_win,turns
4,0,0,466,432,34,1.0,22
4,1,1,432,466,-34,0.0,22
12,0,0,432,381,51,1.0,21
12,1,1,381,432,-51,0.0,21
20,0,0,419,383,36,1.0,24
20,1,1,443,385,58,1.0,24
28,0,0,493,464,29,1.0,21
28,1,1,487,475,12,1.0,23
36,0,0,519,464,55,1.0,21
36,1,1,486,521,-35,0.0,23
44,0,0,450,457,-7,0.0,24
44,1,1,418,448,-30,0.0,24
52,0,0,467,381,86,1.0,25
52,1,1,437,470,-33,0.0,25
60,0,0,464,365,99,1.0,25
60,1,1,439,461,-22,0.0,24
68,0,0,409,389,20,1.0,23
68,1,1,412,407,5,1.0,23
76,0,0,387,452,-65,0.0,24
76,1,1,476,447,29,1.0,25
84,0,0,462,380,82,1.0,23
84,1,1,463,402,61,1.0,24
92,0,0,464,437,27,1.0,27
92,1,1,464,504,-40,0.0,23
100,0,0,424,428,-4,0.0,22
100,1,1,398,451,-53,0.0,23
108,0,0,433,405,28,1.0,23
108,1,1,444,390,54,1.0,23
116,0,0,376,394,-18,0.0,23
116,1,1,394,391,3,1.0,23
124,0,0,358,429,-71,0.0,22
124,1,1,455,371,84,1.0,24
132,0,0,498,447,51,1.0,26
132,1,1,423,585,-162,0.0,23
140,0,0,390,428,-38,0.0,28
140,1,1,418,375,43,1.0,26
148,0,0,366,555,-189,0.0,25
148,1,1,542,386,156,1.0,27
156,0,0,389,404,-15,0.0,21
156,1,1,409,399,10,1.0,23
164,0,0,468,408,60,1.0,23
164,1,1,394,431,-37,0.0,22
172,0,0,400,564,-164,0.0,20
172,1,1,564,400,164,1.0,20
180,0,0,480,497,-17,0.0,22
180,1,1,482,512,-30,0.0,23
188,0,0,405,502,-97,0.0,22
188,1,1,505,400,105,1.0,23
196,0,0,398,381,17,1.0,23
196,1,1,398,374,24,1.0,23
204,0,0,401,449,-48,0.0,24
204,1,1,460,443,17,1.0,21
212,0,0,448,508,-60,0.0,23
212,1,1,518,457,61,1.0,24
220,0,0,477,482,-5,0.0,21
220,1,1,613,439,174,1.0,20
228,0,0,397,341,56,1.0,22
228,1,1,311,489,-178,0.0,23
236,0,0,490,423,67,1.0,27
236,1,1,413,393,20,1.0,29
244,0,0,381,519,-138,0.0,24
244,1,1,519,381,138,1.0,24
252,0,0,466,307,159,1.0,24
252,1,1,290,457,-167,0.0,23
260,0,0,506,427,79,1.0,21
260,1,1,443,474,-31,0.0,21
268,0,0,475,399,76,1.0,24
268,1,1,403,472,-69,0.0,24
276,0,0,386,440,-54,0.0,25
276,1,1,449,370,79,1.0,27
284,0,0,464,358,106,1.0,21
284,1,1,388,493,-105,0.0,21
292,0,0,558,371,187,1.0,23
292,1,1,457,530,-73,0.0,24
300,0,0,434,509,-75,0.0,20
300,1,1,550,428,122,1.0,20
308,0,0,405,429,-24,0.0,24
308,1,1,436,475,-39,0.0,25
316,0,0,445,442,3,1.0,25
316,1,1,402,439,-37,0.0,23
324,0,0,464,399,65,1.0,22
324,1,1,410,446,-36,0.0,22
332,0,0,397,596,-199,0.0,21
332,1,1,562,409,153,1.0,25
340,0,0,458,416,42,1.0,21
340,1,1,477,403,74,1.0,20
348,0,0,472,448,24,1.0,21
348,1,1,448,472,-24,0.0,21
356,0,0,453,344,109,1.0,23
356,1,1,347,460,-113,0.0,23
364,0,0,418,354,64,1.0,19
364,1,1,354,418,-64,0.0,19
372,0,0,419,540,-121,0.0,24
372,1,1,576,398,178,1.0,22
380,0,0,493,568,-75,0.0,22
380,1,1,527,498,29,1.0,21
388,0,0,483,392,91,1.0,25
388,1,1,397,489,-92,0.0,25
396,0,0,431,440,-9,0.0,24
396,1,1,418,429,-11,0.0,22
404,0,0,407,460,-53,0.0,27
404,1,1,460,407,53,1.0,27
412,0,0,366,426,-60,0.0,26
412,1,1,403,352,51,1.0,28
420,0,0,461,533,-72,0.0,19
420,1,1,578,387,191,1.0,20
428,0,0,419,543,-124,0.0,22
428,1,1,560,450,110,1.0,22
436,0,0,522,398,124,1.0,24
436,1,1,406,503,-97,0.0,21
444,0,0,473,442,31,1.0,25
444,1,1,401,426,-25,0.0,23
452,0,0,402,500,-98,0.0,25
452,1,1,524,399,125,1.0,25
460,0,0,434,428,6,1.0,20
460,1,1,449,437,12,1.0,21
468,0,0,396,448,-52,0.0,24
468,1,1,407,427,-20,0.0,22
476,0,0,427,404,23,1.0,27
476,1,1,362,414,-52,0.0,24
484,0,0,364,435,-71,0.0,22
484,1,1,435,364,71,1.0,22
492,0,0,391,434,-43,0.0,20
492,1,1,386,456,-70,0.0,21
500,0,0,403,513,-110,0.0,21
500,1,1,563,432,131,1.0,22
508,0,0,396,467,-71,0.0,22
508,1,1,466,324,142,1.0,24
516,0,0,479,469,10,1.0,25
516,1,1,495,467,28,1.0,23
524,0,0,491,431,60,1.0,24
524,1,1,437,497,-60,0.0,26
532,0,0,490,497,-7,0.0,21
532,1,1,497,474,23,1.0,21
540,0,0,513,475,38,1.0,23
540,1,1,475,513,-38,0.0,23
548,0,0,546,364,182,1.0,23
548,1,1,394,498,-104,0.0,23
556,0,0,635,383,252,1.0,22
556,1,1,417,620,-203,0.0,22
564,0,0,367,402,-35,0.0,24
564,1,1,376,419,-43,0.0,24
572,0,0,420,440,-20,0.0,20
572,1,1,437,412,25,1.0,21
580,0,0,352,552,-200,0.0,22
580,1,1,601,349,252,1.0,22
588,0,0,493,397,96,1.0,22
588,1,1,413,465,-52,0.0,21
596,0,0,485,365,120,1.0,25
596,1,1,445,470,-25,0.0,24
604,0,0,446,403,43,1.0,25
604,1,1,391,469,-78,0.0,25
612,0,0,400,480,-80,0.0,21
612,1,1,434,436,-2,0.0,23
620,0,0,422,506,-84,0.0,22
620,1,1,473,538,-65,0.0,23
628,0,0,448,403,45,1.0,26
628,1,1,403,448,-45,0.0,26
636,0,0,411,364,47,1.0,24
636,1,1,422,387,35,1.0,24
644,0,0,436,384,52,1.0,22
644,1,1,313,465,-152,0.0,23
652,0,0,423,441,-18,0.0,22
652,1,1,399,422,-23,0.0,22
660,0,0,425,443,-18,0.0,22
660,1,1,403,452,-49,0.0,23
668,0,0,392,564,-172,0.0,25
668,1,1,569,359,210,1.0,27
676,0,0,553,416,137,1.0,22
676,1,1,354,496,-142,0.0,23
684,0,0,467,302,165,1.0,26
684,1,1,334,457,-123,0.0,28
692,0,0,426,382,44,1.0,21
692,1,1,432,359,73,1.0,22
700,0,0,444,429,15,1.0,25
700,1,1,424,386,38,1.0,25
708,0,0,369,427,-58,0.0,27
708,1,1,383,412,-29,0.0,22
716,0,0,477,441,36,1.0,23
716,1,1,377,491,-114,0.0,23
724,0,0,486,388,98,1.0,23
724,1,1,395,481,-86,0.0,21
732,0,0,397,401,-4,0.0,23
732,1,1,420,408,12,1.0,24
740,0,0,488,421,67,1.0,25
740,1,1,429,461,-32,0.0,25
748,0,0,429,477,-48,0.0,22
748,1,1,494,363,131,1.0,21
756,0,0,524,332,192,1.0,22
756,1,1,276,515,-239,0.0,22
764,0,0,402,408,-6,0.0,23
764,1,1,432,444,-12,0.0,23
772,0,0,440,417,23,1.0,23
772,1,1,420,501,-81,0.0,22
780,0,0,493,347,146,1.0,22
780,1,1,343,481,-138,0.0,23
788,0,0,380,374,6,1.0,23
788,1,1,386,379,7,1.0,23
796,0,0,483,440,43,1.0,23
796,1,1,438,483,-45,0.0,23
804,0,0,374,462,-88,0.0,22
804,1,1,448,387,61,1.0,23
812,0,0,393,521,-128,0.0,22
812,1,1,520,393,127,1.0,22
820,0,0,459,331,128,1.0,23
820,1,1,372,452,-80,0.0,24
828,0,0,518,362,156,1.0,21
828,1,1,362,518,-156,0.0,21
836,0,0,511,349,162,1.0,21
836,1,1,340,455,-115,0.0,21
844,0,0,546,358,188,1.0,21
844,1,1,387,469,-82,0.0,23
852,0,0,422,441,-19,0.0,23
852,1,1,439,407,32,1.0,23
860,0,0,426,452,-26,0.0,22
860,1,1,452,430,22,1.0,21
868,0,0,459,426,33,1.0,25
868,1,1,429,425,4,1.0,25
876,0,0,412,386,26,1.0,24
876,1,1,393,426,-33,0.0,25
884,0,0,451,420,31,1.0,22
884,1,1,391,499,-108,0.0,23
892,0,0,431,469,-38,0.0,23
892,1,1,425,425,0,0.5,23
900,0,0,346,462,-116,0.0,23
900,1,1,462,346,116,1.0,23
908,0,0,421,354,67,1.0,23
908,1,1,414,390,24,1.0,24
916,0,0,439,470,-31,0.0,26
916,1,1,523,371,152,1.0,26
924,0,0,441,509,-68,0.0,23
924,1,1,472,516,-44,0.0,21
932,0,0,529,392,137,1.0,21
932,1,1,416,468,-52,0.0,22
940,0,0,366,426,-60,0.0,22
940,1,1,393,491,-98,0.0,20
948,0,0,505,400,105,1.0,20
948,1,1,407,506,-99,0.0,20
956,0,0,424,357,67,1.0,24
956,1,1,317,431,-114,0.0,24
964,0,0,430,443,-13,0.0,25
964,1,1,429,409,20,1.0,26
972,0,0,519,337,182,1.0,23
972,1,1,378,490,-112,0.0,22
980,0,0,445,440,5,1.0,22
980,1,1,440,438,2,1.0,22
988,0,0,471,415,56,1.0,24
988,1,1,402,403,-1,0.0,24
996,0,0,432,492,-60,0.0,21
996,1,1,503,447,56,1.0,21
1004,0,0,378,496,-118,0.0,24
1004,1,1,480,370,110,1.0,23
1012,0,0,511,413,98,1.0,23
1012,1,1,404,478,-74,0.0,23
1020,0,0,427,350,77,1.0,22
1020,1,1,314,491,-177,0.0,21
1028,0,0,492,401,91,1.0,23
1028,1,1,462,440,22,1.0,22
1036,0,0,455,459,-4,0.0,23
1036,1,1,459,455,4,1.0,23
1044,0,0,435,407,28,1.0,24
1044,1,1,414,386,28,1.0,22
1052,0,0,437,459,-22,0.0,22
1052,1,1,519,443,76,1.0,23
1060,0,0,388,409,-21,0.0,26
1060,1,1,387,384,3,1.0,24
1068,0,0,398,420,-22,0.0,24
1068,1,1,406,444,-38,0.0,23
1076,0,0,583,277,306,1.0,21
1076,1,1,318,478,-160,0.0,25
1084,0,0,480,502,-22,0.0,22
1084,1,1,509,481,28,1.0,22
1092,0,0,441,386,55,1.0,24
1092,1,1,413,440,-27,0.0,24
1100,0,0,515,472,43,1.0,23
1100,1,1,526,520,6,1.0,23
1108,0,0,440,441,-1,0.0,21
1108,1,1,421,469,-48,0.0,20
1116,0,0,466,442,24,1.0,21
1116,1,1,450,481,-31,0.0,21
1124,0,0,461,376,85,1.0,21
1124,1,1,477,436,41,1.0,20
1132,0,0,370,473,-103,0.0,23
1132,1,1,432,394,38,1.0,22
1140,0,0,437,369,68,1.0,23
1140,1,1,373,413,-40,0.0,23
1148,0,0,369,419,-50,0.0,26
1148,1,1,384,385,-1,0.0,24
1156,0,0,464,432,32,1.0,22
1156,1,1,432,464,-32,0.0,22
1164,0,0,443,429,14,1.0,24
1164,1,1,408,526,-118,0.0,21
1172,0,0,396,375,21,1.0,22
1172,1,1,393,426,-33,0.0,24
1180,0,0,541,332,209,1.0,22
1180,1,1,363,524,-161,0.0,23
1188,0,0,413,324,89,1.0,21
1188,1,1,355,449,-94,0.0,22
1196,0,0,373,519,-146,0.0,23
1196,1,1,588,352,236,1.0,24
1204,0,0,321,486,-165,0.0,24
1204,1,1,506,298,208,1.0,22
1212,0,0,494,489,5,1.0,23
1212,1,1,488,520,-32,0.0,22
1220,0,0,524,427,97,1.0,22
1220,1,1,473,546,-73,0.0,22
1228,0,0,463,482,-19,0.0,27
1228,1,1,479,451,28,1.0,25
1236,0,0,366,491,-125,0.0,25
1236,1,1,443,439,4,1.0,25
1244,0,0,414,393,21,1.0,23
1244,1,1,407,410,-3,0.0,25
1252,0,0,369,441,-72,0.0,26
1252,1,1,427,341,86,1.0,27
1260,0,0,467,391,76,1.0,23
1260,1,1,401,423,-22,0.0,24
1268,0,0,527,396,131,1.0,26
1268,1,1,414,392,22,1.0,24
1276,0,0,448,372,76,1.0,27
1276,1,1,387,414,-27,0.0,28
1284,0,0,531,427,104,1.0,26
1284,1,1,432,541,-109,0.0,25
1292,0,0,367,450,-83,0.0,23
1292,1,1,393,455,-62,0.0,21
1300,0,0,498,388,110,1.0,22
1300,1,1,369,502,-133,0.0,21
1308,0,0,473,487,-14,0.0,22
1308,1,1,500,469,31,1.0,23
1316,0,0,373,516,-143,0.0,25
1316,1,1,524,344,180,1.0,28
1324,0,0,518,390,128,1.0,25
1324,1,1,459,435,24,1.0,23
1332,0,0,411,365,46,1.0,19
1332,1,1,425,398,27,1.0,21
1340,0,0,432,418,14,1.0,29
1340,1,1,451,427,24,1.0,28
1348,0,0,383,374,9,1.0,28
1348,1,1,324,406,-82,0.0,29
1356,0,0,487,432,55,1.0,24
1356,1,1,412,481,-69,0.0,23
1364,0,0,408,382,26,1.0,25
1364,1,1,449,322,127,1.0,26
1372,0,0,422,364,58,1.0,21
1372,1,1,418,395,23,1.0,24
1380,0,0,365,479,-114,0.0,23
1380,1,1,450,333,117,1.0,24
1388,0,0,350,404,-54,0.0,25
1388,1,1,403,361,42,1.0,24
1396,0,0,408,477,-69,0.0,22
1396,1,1,495,418,77,1.0,22
1404,0,0,431,390,41,1.0,21
1404,1,1,390,426,-36,0.0,21
1412,0,0,361,437,-76,0.0,32
1412,1,1,446,374,72,1.0,30
1420,0,0,406,410,-4,0.0,24
1420,1,1,412,394,18,1.0,26
1428,0,0,391,497,-106,0.0,22
1428,1,1,471,397,74,1.0,24
1436,0,0,498,400,98,1.0,23
1436,1,1,402,511,-109,0.0,23
1444,0,0,525,568,-43,0.0,19
1444,1,1,537,488,49,1.0,21
1452,0,0,446,422,24,1.0,22
1452,1,1,410,477,-67,0.0,24
1460,0,0,396,425,-29,0.0,22
1460,1,1,394,412,-18,0.0,22
1468,0,0,439,320,119,1.0,23
1468,1,1,335,418,-83,0.0,24
1476,0,0,507,336,171,1.0,23
1476,1,1,402,454,-52,0.0,25
1484,0,0,405,415,-10,0.0,22
1484,1,1,427,416,11,1.0,22
1492,0,0,574,362,212,1.0,24
1492,1,1,383,529,-146,0.0,23
1500,0,0,415,485,-70,0.0,24
1500,1,1,466,414,52,1.0,23
1508,0,0,551,356,195,1.0,21
1508,1,1,388,567,-179,0.0,23
1516,0,0,409,394,15,1.0,23
1516,1,1,394,409,-15,0.0,23
1524,0,0,339,406,-67,0.0,26
1524,1,1,425,358,67,1.0,26
1532,0,0,545,341,204,1.0,22
1532,1,1,425,474,-49,0.0,25
1540,0,0,408,473,-65,0.0,26
1540,1,1,473,408,65,1.0,26
1548,0,0,475,448,27,1.0,25
1548,1,1,451,439,12,1.0,22
1556,0,0,424,466,-42,0.0,22
1556,1,1,464,429,35,1.0,22
1564,0,0,562,420,142,1.0,23
1564,1,1,393,581,-188,0.0,21
1572,0,0,471,363,108,1.0,22
1572,1,1,370,413,-43,0.0,21
1580,0,0,464,384,80,1.0,23
1580,1,1,390,452,-62,0.0,25
1588,0,0,399,351,48,1.0,22
1588,1,1,329,426,-97,0.0,23
1596,0,0,409,491,-82,0.0,25
1596,1,1,490,371,119,1.0,27
1604,0,0,463,503,-40,0.0,24
1604,1,1,459,463,-4,0.0,24
1612,0,0,483,481,2,1.0,23
1612,1,1,481,368,113,1.0,23
1620,0,0,438,425,13,1.0,22
1620,1,1,396,442,-46,0.0,22
1628,0,0,483,428,55,1.0,20
1628,1,1,396,497,-101,0.0,19
1636,0,0,518,425,93,1.0,23
1636,1,1,414,525,-111,0.0,23
1644,0,0,403,403,0,0.5,22
1644,1,1,411,419,-8,0.0,22
1652,0,0,400,399,1,1.0,22
1652,1,1,431,395,36,1.0,20
1660,0,0,407,366,41,1.0,21
1660,1,1,425,392,33,1.0,20
1668,0,0,515,470,45,1.0,23
1668,1,1,421,480,-59,0.0,24
1676,0,0,443,402,41,1.0,22
1676,1,1,416,440,-24,0.0,22
1684,0,0,391,432,-41,0.0,22
1684,1,1,421,391,30,1.0,22
1692,0,0,422,483,-61,0.0,23
1692,1,1,466,461,5,1.0,23
1700,0,0,451,435,16,1.0,22
1700,1,1,534,433,101,1.0,24
1708,0,0,462,422,40,1.0,24
1708,1,1,422,459,-37,0.0,24
1716,0,0,411,438,-27,0.0,23
1716,1,1,484,356,128,1.0,22
1724,0,0,473,422,51,1.0,24
1724,1,1,380,433,-53,0.0,29
1732,0,0,459,419,40,1.0,25
1732,1,1,416,428,-12,0.0,22
1740,0,0,441,378,63,1.0,20
1740,1,1,378,441,-63,0.0,20
1748,0,0,435,418,17,1.0,24
1748,1,1,430,412,18,1.0,24
1756,0,0,443,364,79,1.0,22
1756,1,1,368,543,-175,0.0,24
1764,0,0,458,400,58,1.0,26
1764,1,1,355,522,-167,0.0,24
1772,0,0,362,437,-75,0.0,21
1772,1,1,443,398,45,1.0,21
1780,0,0,405,405,0,0.5,23
1780,1,1,409,380,29,1.0,23
1788,0,0,352,469,-117,0.0,30
1788,1,1,425,328,97,1.0,28
1796,0,0,412,457,-45,0.0,23
1796,1,1,471,356,115,1.0,24
1804,0,0,422,385,37,1.0,25
1804,1,1,396,419,-23,0.0,27
1812,0,0,428,461,-33,0.0,23
1812,1,1,462,460,2,1.0,23
1820,0,0,547,361,186,1.0,22
1820,1,1,401,536,-135,0.0,23
1828,0,0,520,353,167,1.0,23
1828,1,1,331,538,-207,0.0,23
1836,0,0,478,363,115,1.0,23
1836,1,1,364,472,-108,0.0,22
1844,0,0,505,430,75,1.0,24
1844,1,1,511,443,68,1.0,24
1852,0,0,546,427,119,1.0,24
1852,1,1,398,550,-152,0.0,21
1860,0,0,390,445,-55,0.0,22
1860,1,1,492,340,152,1.0,22
1868,0,0,437,450,-13,0.0,26
1868,1,1,431,438,-7,0.0,24
1876,0,0,456,407,49,1.0,23
1876,1,1,387,474,-87,0.0,24
1884,0,0,425,497,-72,0.0,22
1884,1,1,416,430,-14,0.0,25
1892,0,0,351,431,-80,0.0,24
1892,1,1,424,357,67,1.0,25
1900,0,0,392,381,11,1.0,22
1900,1,1,411,347,64,1.0,20
1908,0,0,501,382,119,1.0,26
1908,1,1,404,422,-18,0.0,25
1916,0,0,557,377,180,1.0,19
1916,1,1,365,506,-141,0.0,21
1924,0,0,488,439,49,1.0,21
1924,1,1,415,471,-56,0.0,20
1932,0,0,474,366,108,1.0,22
1932,1,1,328,505,-177,0.0,22
1940,0,0,390,438,-48,0.0,25
1940,1,1,426,386,40,1.0,23
1948,0,0,402,351,51,1.0,24
1948,1,1,326,393,-67,0.0,26
1956,0,0,362,502,-140,0.0,25
1956,1,1,476,368,108,1.0,23
1964,0,0,439,411,28,1.0,24
1964,1,1,372,440,-68,0.0,26
1972,0,0,426,492,-66,0.0,21
1972,1,1,492,426,66,1.0,21
1980,0,0,510,593,-83,0.0,20
1980,1,1,593,510,83,1.0,20
1988,0,0,393,428,-35,0.0,24
1988,1,1,438,390,48,1.0,25
1996,0,0,437,438,-1,0.0,25
1996,1,1,425,385,40,1.0,24
pair,game,a_seat,a_score,b_score,a_spread,a_win,turns
5,0,0,461,554,-93,0.0,23
5,1,1,507,438,69,1.0,21
13,0,0,348,460,-112,0.0,25
13,1,1,422,345,77,1.0,25
21,0,0,539,364,175,1.0,20
21,1,1,466,461,5,1.0,22
29,0,0,368,415,-47,0.0,21
29,1,1,398,367,31,1.0,22
37,0,0,462,374,88,1.0,25
37,1,1,325,492,-167,0.0,24
45,0,0,367,379,-12,0.0,21
45,1,1,390,392,-2,0.0,23
53,0,0,388,425,-37,0.0,23
53,1,1,462,391,71,1.0,23
61,0,0,373,465,-92,0.0,22
61,1,1,463,328,135,1.0,23
69,0,0,400,421,-21,0.0,23
69,1,1,419,403,16,1.0,23
77,0,0,362,481,-119,0.0,25
77,1,1,476,339,137,1.0,26
85,0,0,351,437,-86,0.0,25
85,1,1,445,373,72,1.0,24
93,0,0,399,461,-62,0.0,20
93,1,1,426,470,-44,0.0,23
101,0,0,435,337,98,1.0,23
101,1,1,368,442,-74,0.0,23
109,0,0,468,434,34,1.0,26
109,1,1,498,434,64,1.0,25
117,0,0,399,412,-13,0.0,21
117,1,1,424,431,-7,0.0,22
125,0,0,408,449,-41,0.0,22
125,1,1,490,384,106,1.0,21
133,0,0,424,476,-52,0.0,27
133,1,1,440,458,-18,0.0,25
141,0,0,518,410,108,1.0,23
141,1,1,421,489,-68,0.0,23
149,0,0,463,441,22,1.0,23
149,1,1,518,491,27,1.0,24
157,0,0,501,420,81,1.0,21
157,1,1,441,511,-70,0.0,22
165,0,0,400,414,-14,0.0,25
165,1,1,396,346,50,1.0,26
173,0,0,395,402,-7,0.0,23
173,1,1,400,399,1,1.0,23
181,0,0,425,470,-45,0.0,22
181,1,1,455,440,15,1.0,24
189,0,0,506,306,200,1.0,22
189,1,1,314,565,-251,0.0,23
197,0,0,449,420,29,1.0,22
197,1,1,419,446,-27,0.0,22
205,0,0,410,356,54,1.0,22
205,1,1,384,405,-21,0.0,22
213,0,0,386,386,0,0.5,21
213,1,1,386,386,0,0.5,21
221,0,0,357,505,-148,0.0,25
221,1,1,512,315,197,1.0,23
229,0,0,382,377,5,1.0,20
229,1,1,377,382,-5,0.0,20
237,0,0,413,396,17,1.0,23
237,1,1,423,454,-31,0.0,25
245,0,0,397,388,9,1.0,23
245,1,1,449,450,-1,0.0,24
253,0,0,623,400,223,1.0,24
253,1,1,444,507,-63,0.0,21
261,0,0,405,611,-206,0.0,21
261,1,1,611,405,206,1.0,21
269,0,0,418,445,-27,0.0,22
269,1,1,426,401,25,1.0,24
277,0,0,436,492,-56,0.0,22
277,1,1,507,446,61,1.0,22
285,0,0,414,390,24,1.0,25
285,1,1,412,420,-8,0.0,24
293,0,0,408,362,46,1.0,22
293,1,1,370,397,-27,0.0,23
301,0,0,358,387,-29,0.0,24
301,1,1,438,335,103,1.0,27
309,0,0,462,460,2,1.0,23
309,1,1,495,466,29,1.0,24
317,0,0,352,474,-122,0.0,25
317,1,1,458,376,82,1.0,24
325,0,0,469,435,34,1.0,21
325,1,1,457,460,-3,0.0,21
333,0,0,359,411,-52,0.0,24
333,1,1,400,354,46,1.0,24
341,0,0,463,443,20,1.0,22
341,1,1,455,403,52,1.0,23
349,0,0,332,551,-219,0.0,24
349,1,1,503,316,187,1.0,24
357,0,0,318,416,-98,0.0,23
357,1,1,452,337,115,1.0,23
365,0,0,415,467,-52,0.0,24
365,1,1,483,403,80,1.0,26
373,0,0,575,287,288,1.0,26
373,1,1,323,555,-232,0.0,24
381,0,0,483,436,47,1.0,22
381,1,1,418,472,-54,0.0,23
389,0,0,389,389,0,0.5,25
389,1,1,432,370,62,1.0,25
397,0,0,389,527,-138,0.0,22
397,1,1,449,405,44,1.0,22
405,0,0,431,437,-6,0.0,22
405,1,1,436,435,1,1.0,22
413,0,0,307,472,-165,0.0,24
413,1,1,475,318,157,1.0,26
421,0,0,419,422,-3,0.0,21
421,1,1,430,413,17,1.0,21
429,0,0,360,470,-110,0.0,22
429,1,1,503,363,140,1.0,22
437,0,0,493,394,99,1.0,22
437,1,1,439,462,-23,0.0,20
445,0,0,400,433,-33,0.0,23
445,1,1,493,395,98,1.0,21
453,0,0,366,400,-34,0.0,24
453,1,1,405,400,5,1.0,24
461,0,0,442,514,-72,0.0,22
461,1,1,542,400,142,1.0,22
469,0,0,320,565,-245,0.0,23
469,1,1,551,296,255,1.0,21
477,0,0,449,403,46,1.0,26
477,1,1,409,482,-73,0.0,25
485,0,0,360,362,-2,0.0,28
485,1,1,403,423,-20,0.0,28
493,0,0,453,466,-13,0.0,24
493,1,1,543,395,148,1.0,22
501,0,0,439,404,35,1.0,23
501,1,1,435,460,-25,0.0,23
509,0,0,453,488,-35,0.0,22
509,1,1,492,453,39,1.0,23
517,0,0,421,364,57,1.0,21
517,1,1,364,408,-44,0.0,20
525,0,0,350,470,-120,0.0,22
525,1,1,429,359,70,1.0,23
533,0,0,495,446,49,1.0,20
533,1,1,446,495,-49,0.0,20
541,0,0,384,427,-43,0.0,26
541,1,1,429,356,73,1.0,26
549,0,0,617,427,190,1.0,23
549,1,1,427,617,-190,0.0,23
557,0,0,442,447,-5,0.0,25
557,1,1,480,489,-9,0.0,24
565,0,0,350,531,-181,0.0,25
565,1,1,527,352,175,1.0,24
573,0,0,504,408,96,1.0,29
573,1,1,489,446,43,1.0,25
581,0,0,490,347,143,1.0,22
581,1,1,368,454,-86,0.0,24
589,0,0,491,378,113,1.0,24
589,1,1,356,481,-125,0.0,24
597,0,0,509,389,120,1.0,27
597,1,1,413,507,-94,0.0,28
605,0,0,475,560,-85,0.0,21
605,1,1,512,452,60,1.0,20
613,0,0,508,377,131,1.0,24
613,1,1,348,481,-133,0.0,22
621,0,0,534,416,118,1.0,24
621,1,1,526,494,32,1.0,22
629,0,0,372,434,-62,0.0,22
629,1,1,435,372,63,1.0,23
637,0,0,513,404,109,1.0,21
637,1,1,406,523,-117,0.0,22
645,0,0,355,520,-165,0.0,21
645,1,1,456,379,77,1.0,21
653,0,0,394,410,-16,0.0,22
653,1,1,462,366,96,1.0,21
661,0,0,441,476,-35,0.0,20
661,1,1,485,460,25,1.0,20
669,0,0,436,409,27,1.0,23
669,1,1,392,409,-17,0.0,21
677,0,0,448,480,-32,0.0,23
677,1,1,483,454,29,1.0,24
685,0,0,503,399,104,1.0,21
685,1,1,399,503,-104,0.0,21
693,0,0,402,460,-58,0.0,26
693,1,1,460,405,55,1.0,24
701,0,0,423,446,-23,0.0,22
701,1,1,463,434,29,1.0,24
709,0,0,436,431,5,1.0,23
709,1,1,420,384,36,1.0,22
717,0,0,459,352,107,1.0,24
717,1,1,363,454,-91,0.0,26
725,0,0,360,527,-167,0.0,21
725,1,1,492,399,93,1.0,20
733,0,0,454,379,75,1.0,23
733,1,1,367,436,-69,0.0,25
741,0,0,387,524,-137,0.0,24
741,1,1,526,369,157,1.0,26
749,0,0,444,543,-99,0.0,20
749,1,1,505,430,75,1.0,23
757,0,0,362,394,-32,0.0,23
757,1,1,390,323,67,1.0,23
765,0,0,525,363,162,1.0,22
765,1,1,381,530,-149,0.0,24
773,0,0,456,456,0,0.5,23
773,1,1,457,430,27,1.0,23
781,0,0,457,427,30,1.0,26
781,1,1,417,433,-16,0.0,27
789,0,0,372,506,-134,0.0,23
789,1,1,445,421,24,1.0,25
797,0,0,477,480,-3,0.0,22
797,1,1,480,477,3,1.0,22
805,0,0,386,500,-114,0.0,24
805,1,1,476,417,59,1.0,23
813,0,0,438,449,-11,0.0,21
813,1,1,459,432,27,1.0,21
821,0,0,460,526,-66,0.0,20
821,1,1,552,490,62,1.0,20
829,0,0,595,321,274,1.0,21
829,1,1,360,606,-246,0.0,22
837,0,0,393,386,7,1.0,30
837,1,1,407,329,78,1.0,23
845,0,0,414,500,-86,0.0,22
845,1,1,483,371,112,1.0,21
853,0,0,432,446,-14,0.0,23
853,1,1,453,439,14,1.0,23
861,0,0,465,423,42,1.0,22
861,1,1,474,444,30,1.0,21
869,0,0,394,397,-3,0.0,23
869,1,1,422,382,40,1.0,23
877,0,0,428,367,61,1.0,22
877,1,1,388,426,-38,0.0,22
885,0,0,336,481,-145,0.0,21
885,1,1,419,347,72,1.0,23
893,0,0,380,475,-95,0.0,24
893,1,1,465,333,132,1.0,24
901,0,0,404,410,-6,0.0,25
901,1,1,447,380,67,1.0,23
909,0,0,403,450,-47,0.0,23
909,1,1,442,401,41,1.0,24
917,0,0,446,497,-51,0.0,22
917,1,1,505,441,64,1.0,23
925,0,0,453,397,56,1.0,22
925,1,1,418,463,-45,0.0,24
933,0,0,359,460,-101,0.0,21
933,1,1,445,387,58,1.0,23
941,0,0,463,455,8,1.0,22
941,1,1,463,441,22,1.0,22
949,0,0,403,493,-90,0.0,22
949,1,1,497,461,36,1.0,20
957,0,0,490,345,145,1.0,26
957,1,1,343,487,-144,0.0,27
965,0,0,473,443,30,1.0,25
965,1,1,497,446,51,1.0,22
973,0,0,415,426,-11,0.0,26
973,1,1,441,418,23,1.0,26
981,0,0,428,342,86,1.0,26
981,1,1,339,416,-77,0.0,25
989,0,0,455,437,18,1.0,24
989,1,1,435,424,11,1.0,22
997,0,0,407,438,-31,0.0,22
997,1,1,517,390,127,1.0,23
1005,0,0,470,344,126,1.0,26
1005,1,1,327,467,-140,0.0,24
1013,0,0,356,415,-59,0.0,24
1013,1,1,435,408,27,1.0,24
1021,0,0,347,491,-144,0.0,27
1021,1,1,492,371,121,1.0,25
1029,0,0,387,470,-83,0.0,24
1029,1,1,482,392,90,1.0,24
1037,0,0,494,352,142,1.0,25
1037,1,1,408,458,-50,0.0,23
1045,0,0,330,453,-123,0.0,25
1045,1,1,455,374,81,1.0,26
1053,0,0,379,379,0,0.5,25
1053,1,1,380,375,5,1.0,26
1061,0,0,373,571,-198,0.0,22
1061,1,1,579,372,207,1.0,22
1069,0,0,331,467,-136,0.0,24
1069,1,1,474,346,128,1.0,23
1077,0,0,508,425,83,1.0,21
1077,1,1,433,502,-69,0.0,21
1085,0,0,447,494,-47,0.0,22
1085,1,1,509,373,136,1.0,21
1093,0,0,446,461,-15,0.0,21
1093,1,1,461,446,15,1.0,21
1101,0,0,427,378,49,1.0,23
1101,1,1,391,429,-38,0.0,23
1109,0,0,453,412,41,1.0,20
1109,1,1,445,390,55,1.0,23
1117,0,0,453,411,42,1.0,20
1117,1,1,428,394,34,1.0,22
1125,0,0,411,469,-58,0.0,24
1125,1,1,493,356,137,1.0,27
1133,0,0,502,413,89,1.0,26
1133,1,1,411,513,-102,0.0,26
1141,0,0,440,463,-23,0.0,22
1141,1,1,454,403,51,1.0,22
1149,0,0,425,335,90,1.0,25
1149,1,1,314,437,-123,0.0,25
1157,0,0,422,452,-30,0.0,22
1157,1,1,430,419,11,1.0,22
1165,0,0,392,388,4,1.0,24
1165,1,1,395,450,-55,0.0,26
1173,0,0,383,452,-69,0.0,24
1173,1,1,461,465,-4,0.0,22
1181,0,0,548,437,111,1.0,28
1181,1,1,440,495,-55,0.0,29
1189,0,0,437,371,66,1.0,22
1189,1,1,400,405,-5,0.0,24
1197,0,0,379,437,-58,0.0,24
1197,1,1,455,449,6,1.0,24
1205,0,0,452,490,-38,0.0,20
1205,1,1,485,465,20,1.0,20
1213,0,0,381,467,-86,0.0,22
1213,1,1,485,398,87,1.0,22
1221,0,0,492,396,96,1.0,26
1221,1,1,371,511,-140,0.0,25
1229,0,0,391,399,-8,0.0,22
1229,1,1,442,338,104,1.0,24
1237,0,0,357,453,-96,0.0,27
1237,1,1,382,393,-11,0.0,25
1245,0,0,449,369,80,1.0,24
1245,1,1,369,449,-80,0.0,24
1253,0,0,329,480,-151,0.0,23
1253,1,1,449,420,29,1.0,22
1261,0,0,470,444,26,1.0,25
1261,1,1,420,481,-61,0.0,23
1269,0,0,557,501,56,1.0,24
1269,1,1,511,513,-2,0.0,21
1277,0,0,468,486,-18,0.0,21
1277,1,1,494,461,33,1.0,21
1285,0,0,394,488,-94,0.0,23
1285,1,1,494,527,-33,0.0,22
1293,0,0,488,361,127,1.0,22
1293,1,1,366,413,-47,0.0,25
1301,0,0,450,470,-20,0.0,24
1301,1,1,455,472,-17,0.0,22
1309,0,0,487,393,94,1.0,23
1309,1,1,365,490,-125,0.0,22
1317,0,0,377,513,-136,0.0,24
1317,1,1,546,355,191,1.0,25
1325,0,0,454,463,-9,0.0,23
1325,1,1,442,437,5,1.0,25
1333,0,0,420,577,-157,0.0,22
1333,1,1,596,402,194,1.0,21
1341,0,0,447,445,2,1.0,31
1341,1,1,410,380,30,1.0,25
1349,0,0,391,488,-97,0.0,23
1349,1,1,489,396,93,1.0,25
1357,0,0,504,350,154,1.0,26
1357,1,1,357,362,-5,0.0,27
1365,0,0,326,561,-235,0.0,26
1365,1,1,580,301,279,1.0,24
1373,0,0,478,481,-3,0.0,23
1373,1,1,473,479,-6,0.0,23
1381,0,0,412,395,17,1.0,22
1381,1,1,400,411,-11,0.0,22
1389,0,0,383,518,-135,0.0,21
1389,1,1,518,383,135,1.0,21
1397,0,0,416,327,89,1.0,28
1397,1,1,319,436,-117,0.0,25
1405,0,0,516,345,171,1.0,21
1405,1,1,348,507,-159,0.0,22
1413,0,0,588,410,178,1.0,22
1413,1,1,413,523,-110,0.0,22
1421,0,0,425,340,85,1.0,21
1421,1,1,368,466,-98,0.0,21
1429,0,0,452,375,77,1.0,23
1429,1,1,389,437,-48,0.0,21
1437,0,0,364,483,-119,0.0,22
1437,1,1,527,389,138,1.0,25
1445,0,0,352,482,-130,0.0,22
1445,1,1,524,376,148,1.0,23
1453,0,0,496,449,47,1.0,22
1453,1,1,475,500,-25,0.0,22
1461,0,0,427,416,11,1.0,22
1461,1,1,446,396,50,1.0,22
1469,0,0,387,492,-105,0.0,26
1469,1,1,451,379,72,1.0,23
1477,0,0,430,361,69,1.0,24
1477,1,1,359,406,-47,0.0,28
1485,0,0,474,478,-4,0.0,23
1485,1,1,475,474,1,1.0,22
1493,0,0,435,424,11,1.0,23
1493,1,1,437,418,19,1.0,22
1501,0,0,432,463,-31,0.0,24
1501,1,1,480,403,77,1.0,23
1509,0,0,369,433,-64,0.0,23
1509,1,1,404,414,-10,0.0,28
1517,0,0,471,458,13,1.0,20
1517,1,1,480,423,57,1.0,20
1525,0,0,523,321,202,1.0,24
1525,1,1,311,507,-196,0.0,24
1533,0,0,478,388,90,1.0,25
1533,1,1,394,443,-49,0.0,23
1541,0,0,366,528,-162,0.0,21
1541,1,1,432,413,19,1.0,22
1549,0,0,449,440,9,1.0,26
1549,1,1,438,409,29,1.0,26
1557,0,0,378,413,-35,0.0,26
1557,1,1,417,404,13,1.0,27
1565,0,0,325,444,-119,0.0,23
1565,1,1,448,349,99,1.0,25
1573,0,0,352,372,-20,0.0,24
1573,1,1,362,340,22,1.0,25
1581,0,0,503,487,16,1.0,22
1581,1,1,487,503,-16,0.0,22
1589,0,0,448,444,4,1.0,19
1589,1,1,472,456,16,1.0,22
1597,0,0,502,402,100,1.0,22
1597,1,1,497,437,60,1.0,23
1605,0,0,492,400,92,1.0,23
1605,1,1,405,566,-161,0.0,25
1613,0,0,368,462,-94,0.0,23
1613,1,1,446,373,73,1.0,23
1621,0,0,477,334,143,1.0,26
1621,1,1,334,477,-143,0.0,26
1629,0,0,445,418,27,1.0,22
1629,1,1,436,434,2,1.0,23
1637,0,0,447,434,13,1.0,23
1637,1,1,400,412,-12,0.0,24
1645,0,0,478,445,33,1.0,24
1645,1,1,465,466,-1,0.0,24
1653,0,0,384,354,30,1.0,29
1653,1,1,340,378,-38,0.0,28
1661,0,0,443,456,-13,0.0,25
1661,1,1,458,447,11,1.0,24
1669,0,0,366,442,-76,0.0,23
1669,1,1,481,349,132,1.0,23
1677,0,0,379,502,-123,0.0,23
1677,1,1,524,341,183,1.0,22
1685,0,0,434,410,24,1.0,26
1685,1,1,444,403,41,1.0,25
1693,0,0,292,533,-241,0.0,21
1693,1,1,543,305,238,1.0,22
1701,0,0,328,498,-170,0.0,23
1701,1,1,504,330,174,1.0,23
1709,0,0,520,411,109,1.0,20
1709,1,1,412,508,-96,0.0,20
1717,0,0,451,442,9,1.0,22
1717,1,1,431,456,-25,0.0,22
1725,0,0,443,371,72,1.0,22
1725,1,1,415,417,-2,0.0,30
1733,0,0,368,535,-167,0.0,26
1733,1,1,535,368,167,1.0,26
1741,0,0,341,553,-212,0.0,22
1741,1,1,550,345,205,1.0,22
1749,0,0,438,399,39,1.0,22
1749,1,1,387,502,-115,0.0,23
1757,0,0,485,447,38,1.0,23
1757,1,1,439,437,2,1.0,22
1765,0,0,401,408,-7,0.0,22
1765,1,1,408,401,7,1.0,22
1773,0,0,381,367,14,1.0,21
1773,1,1,452,400,52,1.0,21
1781,0,0,493,424,69,1.0,21
1781,1,1,412,527,-115,0.0,22
1789,0,0,381,429,-48,0.0,24
1789,1,1,435,422,13,1.0,24
1797,0,0,425,402,23,1.0,23
1797,1,1,422,434,-12,0.0,25
1805,0,0,418,485,-67,0.0,23
1805,1,1,516,392,124,1.0,21
1813,0,0,446,499,-53,0.0,32
1813,1,1,496,431,65,1.0,31
1821,0,0,518,430,88,1.0,22
1821,1,1,404,498,-94,0.0,22
1829,0,0,423,420,3,1.0,26
1829,1,1,427,376,51,1.0,26
1837,0,0,344,412,-68,0.0,26
1837,1,1,430,336,94,1.0,26
1845,0,0,393,551,-158,0.0,22
1845,1,1,551,393,158,1.0,22
1853,0,0,359,442,-83,0.0,24
1853,1,1,463,338,125,1.0,23
1861,0,0,484,339,145,1.0,20
1861,1,1,380,412,-32,0.0,23
1869,0,0,392,498,-106,0.0,23
1869,1,1,503,352,151,1.0,23
1877,0,0,510,358,152,1.0,23
1877,1,1,348,524,-176,0.0,24
1885,0,0,385,452,-67,0.0,22
1885,1,1,465,322,143,1.0,23
1893,0,0,405,434,-29,0.0,24
1893,1,1,449,390,59,1.0,24
1901,0,0,441,380,61,1.0,22
1901,1,1,394,407,-13,0.0,23
1909,0,0,402,483,-81,0.0,25
1909,1,1,464,417,47,1.0,24
1917,0,0,391,558,-167,0.0,24
1917,1,1,521,379,142,1.0,23
1925,0,0,443,351,92,1.0,24
1925,1,1,365,442,-77,0.0,26
1933,0,0,420,449,-29,0.0,23
1933,1,1,390,422,-32,0.0,21
1941,0,0,361,526,-165,0.0,23
1941,1,1,563,320,243,1.0,27
1949,0,0,422,481,-59,0.0,25
1949,1,1,478,324,154,1.0,23
1957,0,0,457,346,111,1.0,26
1957,1,1,341,498,-157,0.0,28
1965,0,0,510,487,23,1.0,20
1965,1,1,488,485,3,1.0,22
1973,0,0,366,446,-80,0.0,23
1973,1,1,440,371,69,1.0,23
1981,0,0,393,470,-77,0.0,23
1981,1,1,461,431,30,1.0,22
1989,0,0,406,445,-39,0.0,21
1989,1,1,406,407,-1,0.0,21
1997,0,0,469,476,-7,0.0,25
1997,1,1,439,456,-17,0.0,30
pair,game,a_seat,a_score,b_score,a_spread,a_win,turns
6,0,0,403,422,-19,0.0,21
6,1,1,410,396,14,1.0,21
14,0,0,385,492,-107,0.0,23
14,1,1,496,426,70,1.0,23
22,0,0,374,428,-54,0.0,25
22,1,1,426,291,135,1.0,24
30,0,0,413,436,-23,0.0,22
30,1,1,436,413,23,1.0,22
38,0,0,460,409,51,1.0,24
38,1,1,397,469,-72,0.0,23
46,0,0,432,431,1,1.0,22
46,1,1,431,432,-1,0.0,22
54,0,0,447,460,-13,0.0,19
54,1,1,443,428,15,1.0,19
62,0,0,503,362,141,1.0,23
62,1,1,354,493,-139,0.0,23
70,0,0,429,434,-5,0.0,21
70,1,1,508,361,147,1.0,22
78,0,0,480,446,34,1.0,22
78,1,1,393,480,-87,0.0,21
86,0,0,450,474,-24,0.0,22
86,1,1,466,406,60,1.0,21
94,0,0,491,444,47,1.0,23
94,1,1,378,443,-65,0.0,25
102,0,0,457,399,58,1.0,26
102,1,1,417,451,-34,0.0,24
110,0,0,466,505,-39,0.0,22
110,1,1,558,511,47,1.0,21
118,0,0,450,459,-9,0.0,21
118,1,1,475,470,5,1.0,23
126,0,0,422,288,134,1.0,21
126,1,1,345,427,-82,0.0,21
134,0,0,404,333,71,1.0,22
134,1,1,356,449,-93,0.0,25
142,0,0,434,501,-67,0.0,24
142,1,1,481,394,87,1.0,23
150,0,0,503,382,121,1.0,24
150,1,1,372,502,-130,0.0,21
158,0,0,439,395,44,1.0,22
158,1,1,396,428,-32,0.0,22
166,0,0,382,433,-51,0.0,24
166,1,1,439,396,43,1.0,24
174,0,0,518,342,176,1.0,23
174,1,1,386,506,-120,0.0,22
182,0,0,491,418,73,1.0,25
182,1,1,434,450,-16,0.0,24
190,0,0,427,482,-55,0.0,22
190,1,1,419,397,22,1.0,23
198,0,0,375,502,-127,0.0,22
198,1,1,460,393,67,1.0,24
206,0,0,396,491,-95,0.0,23
206,1,1,525,370,155,1.0,27
214,0,0,350,441,-91,0.0,25
214,1,1,459,366,93,1.0,24
222,0,0,440,348,92,1.0,27
222,1,1,424,404,20,1.0,27
230,0,0,338,392,-54,0.0,22
230,1,1,416,346,70,1.0,23
238,0,0,420,448,-28,0.0,24
238,1,1,465,386,79,1.0,22
246,0,0,505,280,225,1.0,23
246,1,1,314,495,-181,0.0,28
254,0,0,430,387,43,1.0,23
254,1,1,449,396,53,1.0,21
262,0,0,425,464,-39,0.0,21
262,1,1,461,441,20,1.0,21
270,0,0,507,447,60,1.0,22
270,1,1,415,500,-85,0.0,21
278,0,0,552,340,212,1.0,25
278,1,1,418,491,-73,0.0,24
286,0,0,369,468,-99,0.0,20
286,1,1,423,395,28,1.0,22
294,0,0,432,342,90,1.0,24
294,1,1,373,453,-80,0.0,23
302,0,0,351,487,-136,0.0,22
302,1,1,451,397,54,1.0,25
310,0,0,445,436,9,1.0,22
310,1,1,478,410,68,1.0,20
318,0,0,379,383,-4,0.0,22
318,1,1,396,401,-5,0.0,22
326,0,0,445,370,75,1.0,23
326,1,1,352,382,-30,0.0,24
334,0,0,518,406,112,1.0,22
334,1,1,412,595,-183,0.0,23
342,0,0,369,487,-118,0.0,24
342,1,1,523,359,164,1.0,22
350,0,0,407,556,-149,0.0,25
350,1,1,572,422,150,1.0,23
358,0,0,412,549,-137,0.0,26
358,1,1,445,444,1,1.0,23
366,0,0,473,451,22,1.0,19
366,1,1,463,440,23,1.0,20
374,0,0,369,448,-79,0.0,24
374,1,1,377,390,-13,0.0,25
382,0,0,420,490,-70,0.0,25
382,1,1,464,455,9,1.0,25
390,0,0,450,421,29,1.0,25
390,1,1,462,418,44,1.0,26
398,0,0,430,543,-113,0.0,22
398,1,1,404,430,-26,0.0,24
406,0,0,463,433,30,1.0,24
406,1,1,491,433,58,1.0,22
414,0,0,421,396,25,1.0,26
414,1,1,417,390,27,1.0,29
422,0,0,442,393,49,1.0,22
422,1,1,456,343,113,1.0,20
430,0,0,368,484,-116,0.0,23
430,1,1,524,342,182,1.0,26
438,0,0,350,436,-86,0.0,22
438,1,1,448,367,81,1.0,25
446,0,0,385,492,-107,0.0,23
446,1,1,509,356,153,1.0,22
454,0,0,478,334,144,1.0,23
454,1,1,320,414,-94,0.0,23
462,0,0,435,381,54,1.0,24
462,1,1,423,441,-18,0.0,25
470,0,0,389,438,-49,0.0,25
470,1,1,460,336,124,1.0,26
478,0,0,499,344,155,1.0,22
478,1,1,327,498,-171,0.0,21
486,0,0,433,365,68,1.0,24
486,1,1,416,431,-15,0.0,26
494,0,0,510,376,134,1.0,21
494,1,1,422,476,-54,0.0,23
502,0,0,503,400,103,1.0,21
502,1,1,409,509,-100,0.0,21
510,0,0,522,434,88,1.0,22
510,1,1,435,541,-106,0.0,22
518,0,0,382,360,22,1.0,24
518,1,1,368,384,-16,0.0,26
526,0,0,461,359,102,1.0,23
526,1,1,453,468,-15,0.0,24
534,0,0,423,410,13,1.0,21
534,1,1,410,423,-13,0.0,21
542,0,0,363,399,-36,0.0,24
542,1,1,373,448,-75,0.0,23
550,0,0,527,482,45,1.0,22
550,1,1,480,536,-56,0.0,22
558,0,0,431,439,-8,0.0,26
558,1,1,423,418,5,1.0,28
566,0,0,429,363,66,1.0,22
566,1,1,363,429,-66,0.0,22
574,0,0,536,393,143,1.0,20
574,1,1,381,528,-147,0.0,21
582,0,0,436,398,38,1.0,21
582,1,1,378,489,-111,0.0,21
590,0,0,458,406,52,1.0,23
590,1,1,398,470,-72,0.0,24
598,0,0,408,448,-40,0.0,22
598,1,1,427,463,-36,0.0,24
606,0,0,469,362,107,1.0,24
606,1,1,417,497,-80,0.0,24
614,0,0,537,465,72,1.0,22
614,1,1,477,542,-65,0.0,25
622,0,0,396,439,-43,0.0,26
622,1,1,426,383,43,1.0,26
630,0,0,461,437,24,1.0,22
630,1,1,424,497,-73,0.0,19
638,0,0,418,452,-34,0.0,24
638,1,1,452,401,51,1.0,23
646,0,0,399,467,-68,0.0,32
646,1,1,470,346,124,1.0,26
654,0,0,431,446,-15,0.0,25
654,1,1,439,422,17,1.0,25
662,0,0,470,426,44,1.0,23
662,1,1,376,446,-70,0.0,20
670,0,0,384,444,-60,0.0,27
670,1,1,437,401,36,1.0,30
678,0,0,352,361,-9,0.0,28
678,1,1,373,366,7,1.0,29
686,0,0,346,359,-13,0.0,28
686,1,1,380,365,15,1.0,29
694,0,0,399,380,19,1.0,21
694,1,1,396,402,-6,0.0,22
702,0,0,382,613,-231,0.0,24
702,1,1,467,371,96,1.0,24
710,0,0,417,424,-7,0.0,22
710,1,1,430,373,57,1.0,24
718,0,0,487,338,149,1.0,23
718,1,1,314,474,-160,0.0,22
726,0,0,359,388,-29,0.0,25
726,1,1,408,347,61,1.0,24
734,0,0,397,506,-109,0.0,26
734,1,1,480,395,85,1.0,27
742,0,0,372,447,-75,0.0,24
742,1,1,495,361,134,1.0,20
750,0,0,485,421,64,1.0,21
750,1,1,475,450,25,1.0,22
758,0,0,436,417,19,1.0,20
758,1,1,552,378,174,1.0,23
766,0,0,316,479,-163,0.0,24
766,1,1,472,308,164,1.0,24
774,0,0,561,316,245,1.0,22
774,1,1,347,497,-150,0.0,25
782,0,0,405,535,-130,0.0,22
782,1,1,460,393,67,1.0,26
790,0,0,376,448,-72,0.0,24
790,1,1,481,418,63,1.0,25
798,0,0,468,370,98,1.0,23
798,1,1,497,452,45,1.0,24
806,0,0,380,483,-103,0.0,22
806,1,1,461,375,86,1.0,22
814,0,0,408,422,-14,0.0,24
814,1,1,436,404,32,1.0,24
822,0,0,453,381,72,1.0,21
822,1,1,359,438,-79,0.0,22
830,0,0,362,318,44,1.0,24
830,1,1,359,338,21,1.0,22
838,0,0,464,410,54,1.0,25
838,1,1,434,452,-18,0.0,25
846,0,0,492,396,96,1.0,22
846,1,1,432,485,-53,0.0,22
854,0,0,520,419,101,1.0,27
854,1,1,398,585,-187,0.0,27
862,0,0,396,436,-40,0.0,27
862,1,1,453,396,57,1.0,27
870,0,0,444,463,-19,0.0,26
870,1,1,476,414,62,1.0,26
878,0,0,536,279,257,1.0,23
878,1,1,321,525,-204,0.0,24
886,0,0,404,456,-52,0.0,25
886,1,1,403,473,-70,0.0,23
894,0,0,485,488,-3,0.0,21
894,1,1,448,527,-79,0.0,24
902,0,0,385,520,-135,0.0,20
902,1,1,526,392,134,1.0,20
910,0,0,393,334,59,1.0,23
910,1,1,315,461,-146,0.0,21
918,0,0,390,309,81,1.0,25
918,1,1,325,383,-58,0.0,25
926,0,0,403,438,-35,0.0,26
926,1,1,444,425,19,1.0,26
934,0,0,452,406,46,1.0,24
934,1,1,397,500,-103,0.0,23
942,0,0,477,360,117,1.0,21
942,1,1,382,429,-47,0.0,24
950,0,0,405,392,13,1.0,23
950,1,1,461,401,60,1.0,22
958,0,0,498,359,139,1.0,23
958,1,1,369,575,-206,0.0,23
966,0,0,531,363,168,1.0,21
966,1,1,383,480,-97,0.0,23
974,0,0,474,405,69,1.0,24
974,1,1,410,508,-98,0.0,24
982,0,0,457,394,63,1.0,25
982,1,1,383,462,-79,0.0,23
990,0,0,468,395,73,1.0,22
990,1,1,411,479,-68,0.0,26
998,0,0,491,367,124,1.0,23
998,1,1,374,554,-180,0.0,23
1006,0,0,459,523,-64,0.0,22
1006,1,1,490,473,17,1.0,21
1014,0,0,331,440,-109,0.0,24
1014,1,1,430,373,57,1.0,27
1022,0,0,449,404,45,1.0,24
1022,1,1,390,428,-38,0.0,22
1030,0,0,365,380,-15,0.0,22
1030,1,1,397,402,-5,0.0,25
1038,0,0,407,465,-58,0.0,23
1038,1,1,467,414,53,1.0,24
1046,0,0,423,336,87,1.0,28
1046,1,1,369,472,-103,0.0,22
1054,0,0,390,582,-192,0.0,20
1054,1,1,572,443,129,1.0,23
1062,0,0,423,350,73,1.0,24
1062,1,1,420,390,30,1.0,22
1070,0,0,508,437,71,1.0,24
1070,1,1,486,541,-55,0.0,23
1078,0,0,450,368,82,1.0,24
1078,1,1,337,468,-131,0.0,23
1086,0,0,506,344,162,1.0,23
1086,1,1,344,506,-162,0.0,23
1094,0,0,314,485,-171,0.0,23
1094,1,1,589,327,262,1.0,24
1102,0,0,344,450,-106,0.0,22
1102,1,1,445,367,78,1.0,22
1110,0,0,464,391,73,1.0,22
1110,1,1,465,410,55,1.0,22
1118,0,0,419,491,-72,0.0,25
1118,1,1,491,419,72,1.0,25
1126,0,0,434,371,63,1.0,24
1126,1,1,368,419,-51,0.0,24
1134,0,0,405,410,-5,0.0,24
1134,1,1,482,412,70,1.0,26
1142,0,0,378,572,-194,0.0,22
1142,1,1,529,332,197,1.0,26
1150,0,0,554,385,169,1.0,22
1150,1,1,354,535,-181,0.0,21
1158,0,0,470,445,25,1.0,21
1158,1,1,459,390,69,1.0,24
1166,0,0,510,431,79,1.0,22
1166,1,1,402,445,-43,0.0,24
1174,0,0,436,414,22,1.0,23
1174,1,1,391,437,-46,0.0,23
1182,0,0,355,334,21,1.0,25
1182,1,1,357,350,7,1.0,26
1190,0,0,456,478,-22,0.0,22
1190,1,1,449,490,-41,0.0,20
1198,0,0,403,434,-31,0.0,26
1198,1,1,386,394,-8,0.0,24
1206,0,0,391,486,-95,0.0,22
1206,1,1,422,434,-12,0.0,23
1214,0,0,562,313,249,1.0,23
1214,1,1,345,484,-139,0.0,24
1222,0,0,433,430,3,1.0,24
1222,1,1,477,449,28,1.0,24
1230,0,0,494,409,85,1.0,25
1230,1,1,390,502,-112,0.0,25
1238,0,0,404,474,-70,0.0,24
1238,1,1,479,375,104,1.0,23
1246,0,0,454,413,41,1.0,21
1246,1,1,430,403,27,1.0,23
1254,0,0,466,452,14,1.0,22
1254,1,1,368,533,-165,0.0,23
1262,0,0,420,357,63,1.0,25
1262,1,1,367,432,-65,0.0,25
1270,0,0,421,448,-27,0.0,24
1270,1,1,416,421,-5,0.0,23
1278,0,0,409,360,49,1.0,21
1278,1,1,388,390,-2,0.0,23
1286,0,0,466,393,73,1.0,22
1286,1,1,402,478,-76,0.0,22
1294,0,0,550,375,175,1.0,23
1294,1,1,365,485,-120,0.0,22
1302,0,0,550,322,228,1.0,23
1302,1,1,363,537,-174,0.0,23
1310,0,0,348,380,-32,0.0,25
1310,1,1,358,362,-4,0.0,25
1318,0,0,496,322,174,1.0,25
1318,1,1,430,390,40,1.0,22
1326,0,0,412,419,-7,0.0,20
1326,1,1,366,398,-32,0.0,20
1334,0,0,453,416,37,1.0,23
1334,1,1,463,448,15,1.0,23
1342,0,0,438,476,-38,0.0,26
1342,1,1,461,477,-16,0.0,26
1350,0,0,416,394,22,1.0,20
1350,1,1,381,482,-101,0.0,21
1358,0,0,402,451,-49,0.0,23
1358,1,1,436,393,43,1.0,23
1366,0,0,542,422,120,1.0,23
1366,1,1,467,521,-54,0.0,23
1374,0,0,388,415,-27,0.0,22
1374,1,1,415,388,27,1.0,22
1382,0,0,537,435,102,1.0,21
1382,1,1,456,547,-91,0.0,23
1390,0,0,441,416,25,1.0,26
1390,1,1,451,404,47,1.0,25
1398,0,0,416,447,-31,0.0,22
1398,1,1,427,435,-8,0.0,25
1406,0,0,475,372,103,1.0,24
1406,1,1,370,458,-88,0.0,24
1414,0,0,383,553,-170,0.0,22
1414,1,1,517,357,160,1.0,22
1422,0,0,458,314,144,1.0,27
1422,1,1,324,452,-128,0.0,27
1430,0,0,425,538,-113,0.0,22
1430,1,1,433,474,-41,0.0,23
1438,0,0,450,551,-101,0.0,22
1438,1,1,550,428,122,1.0,22
1446,0,0,507,450,57,1.0,22
1446,1,1,450,507,-57,0.0,22
1454,0,0,378,442,-64,0.0,24
1454,1,1,458,394,64,1.0,25
1462,0,0,380,476,-96,0.0,25
1462,1,1,468,341,127,1.0,24
1470,0,0,353,513,-160,0.0,20
1470,1,1,488,399,89,1.0,21
1478,0,0,531,398,133,1.0,21
1478,1,1,449,523,-74,0.0,24
1486,0,0,428,531,-103,0.0,20
1486,1,1,496,367,129,1.0,21
1494,0,0,417,456,-39,0.0,23
1494,1,1,425,468,-43,0.0,21
1502,0,0,449,482,-33,0.0,25
1502,1,1,409,481,-72,0.0,25
1510,0,0,385,457,-72,0.0,29
1510,1,1,455,358,97,1.0,27
1518,0,0,554,380,174,1.0,24
1518,1,1,401,549,-148,0.0,25
1526,0,0,543,380,163,1.0,24
1526,1,1,401,471,-70,0.0,23
1534,0,0,505,434,71,1.0,23
1534,1,1,440,482,-42,0.0,24
1542,0,0,474,341,133,1.0,23
1542,1,1,341,482,-141,0.0,25
1550,0,0,373,465,-92,0.0,24
1550,1,1,460,382,78,1.0,24
1558,0,0,447,348,99,1.0,26
1558,1,1,346,457,-111,0.0,26
1566,0,0,394,505,-111,0.0,22
1566,1,1,424,417,7,1.0,23
1574,0,0,557,377,180,1.0,21
1574,1,1,394,513,-119,0.0,23
1582,0,0,502,427,75,1.0,21
1582,1,1,435,448,-13,0.0,23
1590,0,0,401,457,-56,0.0,23
1590,1,1,474,421,53,1.0,23
1598,0,0,452,464,-12,0.0,26
1598,1,1,455,472,-17,0.0,25
1606,0,0,445,443,2,1.0,24
1606,1,1,454,430,24,1.0,23
1614,0,0,453,308,145,1.0,23
1614,1,1,348,455,-107,0.0,26
1622,0,0,482,426,56,1.0,22
1622,1,1,430,455,-25,0.0,20
1630,0,0,481,369,112,1.0,23
1630,1,1,367,493,-126,0.0,23
1638,0,0,493,438,55,1.0,22
1638,1,1,475,479,-4,0.0,25
1646,0,0,404,373,31,1.0,23
1646,1,1,425,424,1,1.0,24
1654,0,0,467,365,102,1.0,23
1654,1,1,378,453,-75,0.0,22
1662,0,0,532,419,113,1.0,23
1662,1,1,354,594,-240,0.0,22
1670,0,0,455,325,130,1.0,21
1670,1,1,360,401,-41,0.0,24
1678,0,0,358,523,-165,0.0,25
1678,1,1,573,349,224,1.0,23
1686,0,0,506,359,147,1.0,21
1686,1,1,397,504,-107,0.0,21
1694,0,0,483,390,93,1.0,22
1694,1,1,388,486,-98,0.0,22
1702,0,0,501,348,153,1.0,27
1702,1,1,372,521,-149,0.0,25
1710,0,0,444,339,105,1.0,26
1710,1,1,313,457,-144,0.0,25
1718,0,0,459,393,66,1.0,22
1718,1,1,459,434,25,1.0,22
1726,0,0,426,475,-49,0.0,23
1726,1,1,466,378,88,1.0,23
1734,0,0,390,386,4,1.0,27
1734,1,1,399,385,14,1.0,29
1742,0,0,489,400,89,1.0,23
1742,1,1,421,386,35,1.0,24
1750,0,0,279,470,-191,0.0,22
1750,1,1,477,318,159,1.0,22
1758,0,0,411,427,-16,0.0,21
1758,1,1,384,468,-84,0.0,21
1766,0,0,387,441,-54,0.0,28
1766,1,1,431,388,43,1.0,27
1774,0,0,531,360,171,1.0,22
1774,1,1,360,531,-171,0.0,22
1782,0,0,473,397,76,1.0,26
1782,1,1,346,473,-127,0.0,25
1790,0,0,556,322,234,1.0,21
1790,1,1,322,556,-234,0.0,21
1798,0,0,414,447,-33,0.0,24
1798,1,1,485,386,99,1.0,24
1806,0,0,421,429,-8,0.0,21
1806,1,1,436,427,9,1.0,21
1814,0,0,370,454,-84,0.0,23
1814,1,1,473,373,100,1.0,23
1822,0,0,392,484,-92,0.0,26
1822,1,1,457,449,8,1.0,26
1830,0,0,473,453,20,1.0,23
1830,1,1,453,470,-17,0.0,23
1838,0,0,363,482,-119,0.0,22
1838,1,1,496,352,144,1.0,22
1846,0,0,422,450,-28,0.0,21
1846,1,1,500,406,94,1.0,22
1854,0,0,463,324,139,1.0,25
1854,1,1,313,473,-160,0.0,28
1862,0,0,417,488,-71,0.0,21
1862,1,1,467,425,42,1.0,23
1870,0,0,415,412,3,1.0,22
1870,1,1,410,425,-15,0.0,21
1878,0,0,478,382,96,1.0,26
1878,1,1,411,459,-48,0.0,24
1886,0,0,549,366,183,1.0,21
1886,1,1,376,561,-185,0.0,21
1894,0,0,423,507,-84,0.0,24
1894,1,1,457,431,26,1.0,24
1902,0,0,399,455,-56,0.0,26
1902,1,1,434,400,34,1.0,24
1910,0,0,414,525,-111,0.0,20
1910,1,1,545,411,134,1.0,21
1918,0,0,473,378,95,1.0,24
1918,1,1,364,500,-136,0.0,25
1926,0,0,477,358,119,1.0,23
1926,1,1,358,484,-126,0.0,23
1934,0,0,418,418,0,0.5,22
1934,1,1,403,430,-27,0.0,23
1942,0,0,336,587,-251,0.0,22
1942,1,1,557,328,229,1.0,21
1950,0,0,523,341,182,1.0,18
1950,1,1,341,523,-182,0.0,18
1958,0,0,479,489,-10,0.0,23
1958,1,1,489,455,34,1.0,24
1966,0,0,492,531,-39,0.0,23
1966,1,1,499,459,40,1.0,21
1974,0,0,475,415,60,1.0,22
1974,1,1,413,496,-83,0.0,24
1982,0,0,399,458,-59,0.0,23
1982,1,1,480,387,93,1.0,23
1990,0,0,459,440,19,1.0,20
1990,1,1,455,418,37,1.0,20
1998,0,0,493,382,111,1.0,26
1998,1,1,328,473,-145,0.0,25
pair,game,a_seat,a_score,b_score,a_spread,a_win,turns
7,0,0,369,502,-133,0.0,23
7,1,1,546,373,173,1.0,23
15,0,0,425,472,-47,0.0,23
15,1,1,470,452,18,1.0,23
23,0,0,363,452,-89,0.0,27
23,1,1,445,377,68,1.0,30
31,0,0,451,472,-21,0.0,24
31,1,1,468,392,76,1.0,23
39,0,0,413,438,-25,0.0,23
39,1,1,457,418,39,1.0,21
47,0,0,389,436,-47,0.0,21
47,1,1,386,400,-14,0.0,23
55,0,0,418,449,-31,0.0,23
55,1,1,446,419,27,1.0,26
63,0,0,436,382,54,1.0,22
63,1,1,380,384,-4,0.0,23
71,0,0,429,436,-7,0.0,20
71,1,1,472,366,106,1.0,22
79,0,0,378,466,-88,0.0,24
79,1,1,474,376,98,1.0,23
87,0,0,386,474,-88,0.0,23
87,1,1,451,313,138,1.0,23
95,0,0,436,542,-106,0.0,26
95,1,1,516,454,62,1.0,22
103,0,0,394,529,-135,0.0,19
103,1,1,500,404,96,1.0,19
111,0,0,454,352,102,1.0,22
111,1,1,362,443,-81,0.0,22
119,0,0,465,415,50,1.0,22
119,1,1,424,461,-37,0.0,22
127,0,0,422,435,-13,0.0,23
127,1,1,506,329,177,1.0,24
135,0,0,537,463,74,1.0,19
135,1,1,426,479,-53,0.0,21
143,0,0,457,514,-57,0.0,21
143,1,1,461,438,23,1.0,23
151,0,0,387,408,-21,0.0,24
151,1,1,382,419,-37,0.0,24
159,0,0,477,439,38,1.0,24
159,1,1,402,466,-64,0.0,24
167,0,0,348,443,-95,0.0,24
167,1,1,426,361,65,1.0,25
175,0,0,321,457,-136,0.0,26
175,1,1,416,327,89,1.0,24
183,0,0,369,358,11,1.0,25
183,1,1,355,381,-26,0.0,23
191,0,0,406,393,13,1.0,25
191,1,1,464,393,71,1.0,24
199,0,0,384,482,-98,0.0,23
199,1,1,461,390,71,1.0,22
207,0,0,400,511,-111,0.0,23
207,1,1,516,393,123,1.0,24
215,0,0,469,409,60,1.0,23
215,1,1,431,444,-13,0.0,21
223,0,0,406,453,-47,0.0,22
223,1,1,513,409,104,1.0,22
231,0,0,373,493,-120,0.0,21
231,1,1,493,362,131,1.0,21
239,0,0,431,506,-75,0.0,22
239,1,1,506,431,75,1.0,22
247,0,0,412,496,-84,0.0,21
247,1,1,387,477,-90,0.0,20
255,0,0,371,486,-115,0.0,23
255,1,1,530,374,156,1.0,25
263,0,0,434,419,15,1.0,22
263,1,1,435,414,21,1.0,22
271,0,0,425,423,2,1.0,24
271,1,1,445,376,69,1.0,25
279,0,0,511,392,119,1.0,22
279,1,1,393,496,-103,0.0,21
287,0,0,468,556,-88,0.0,22
287,1,1,545,470,75,1.0,21
295,0,0,440,453,-13,0.0,23
295,1,1,454,465,-11,0.0,24
303,0,0,397,449,-52,0.0,25
303,1,1,454,394,60,1.0,25
311,0,0,483,440,43,1.0,25
311,1,1,426,499,-73,0.0,23
319,0,0,328,529,-201,0.0,23
319,1,1,499,372,127,1.0,22
327,0,0,394,388,6,1.0,24
327,1,1,392,366,26,1.0,23
335,0,0,525,429,96,1.0,23
335,1,1,395,527,-132,0.0,23
343,0,0,430,428,2,1.0,23
343,1,1,414,415,-1,0.0,22
351,0,0,474,466,8,1.0,20
351,1,1,445,465,-20,0.0,20
359,0,0,526,410,116,1.0,22
359,1,1,408,462,-54,0.0,22
367,0,0,367,438,-71,0.0,26
367,1,1,415,376,39,1.0,25
375,0,0,479,311,168,1.0,27
375,1,1,365,472,-107,0.0,24
383,0,0,360,537,-177,0.0,21
383,1,1,587,355,232,1.0,21
391,0,0,354,499,-145,0.0,25
391,1,1,507,364,143,1.0,25
399,0,0,564,417,147,1.0,22
399,1,1,411,567,-156,0.0,21
407,0,0,413,428,-15,0.0,24
407,1,1,414,405,9,1.0,24
415,0,0,416,497,-81,0.0,22
415,1,1,469,380,89,1.0,22
423,0,0,376,408,-32,0.0,24
423,1,1,395,391,4,1.0,23
431,0,0,495,472,23,1.0,21
431,1,1,506,532,-26,0.0,24
439,0,0,408,432,-24,0.0,22
439,1,1,417,432,-15,0.0,22
447,0,0,512,325,187,1.0,26
447,1,1,336,514,-178,0.0,27
455,0,0,481,431,50,1.0,23
455,1,1,432,446,-14,0.0,22
463,0,0,387,419,-32,0.0,21
463,1,1,433,377,56,1.0,19
471,0,0,341,477,-136,0.0,23
471,1,1,473,339,134,1.0,22
479,0,0,334,534,-200,0.0,24
479,1,1,514,320,194,1.0,22
487,0,0,535,372,163,1.0,23
487,1,1,476,440,36,1.0,22
495,0,0,516,427,89,1.0,22
495,1,1,443,451,-8,0.0,22
503,0,0,372,419,-47,0.0,23
503,1,1,421,389,32,1.0,24
511,0,0,382,376,6,1.0,24
511,1,1,378,358,20,1.0,22
519,0,0,434,429,5,1.0,23
519,1,1,440,444,-4,0.0,23
527,0,0,511,389,122,1.0,22
527,1,1,428,431,-3,0.0,23
535,0,0,390,380,10,1.0,22
535,1,1,414,426,-12,0.0,25
543,0,0,346,478,-132,0.0,23
543,1,1,507,353,154,1.0,29
551,0,0,387,499,-112,0.0,23
551,1,1,503,381,122,1.0,23
559,0,0,519,346,173,1.0,24
559,1,1,363,529,-166,0.0,23
567,0,0,403,471,-68,0.0,23
567,1,1,412,447,-35,0.0,22
575,0,0,447,419,28,1.0,24
575,1,1,364,405,-41,0.0,24
583,0,0,336,500,-164,0.0,24
583,1,1,516,407,109,1.0,27
591,0,0,327,448,-121,0.0,23
591,1,1,475,326,149,1.0,23
599,0,0,480,390,90,1.0,23
599,1,1,378,500,-122,0.0,24
607,0,0,387,393,-6,0.0,26
607,1,1,393,387,6,1.0,26
615,0,0,380,366,14,1.0,23
615,1,1,410,383,27,1.0,25
623,0,0,505,431,74,1.0,23
623,1,1,412,564,-152,0.0,22
631,0,0,377,555,-178,0.0,25
631,1,1,555,377,178,1.0,25
639,0,0,406,453,-47,0.0,22
639,1,1,499,381,118,1.0,23
647,0,0,376,412,-36,0.0,23
647,1,1,445,394,51,1.0,25
655,0,0,376,512,-136,0.0,22
655,1,1,528,367,161,1.0,20
663,0,0,329,453,-124,0.0,23
663,1,1,401,320,81,1.0,22
671,0,0,410,420,-10,0.0,24
671,1,1,467,399,68,1.0,24
679,0,0,462,412,50,1.0,22
679,1,1,399,452,-53,0.0,22
687,0,0,436,453,-17,0.0,23
687,1,1,453,436,17,1.0,23
695,0,0,358,398,-40,0.0,25
695,1,1,455,378,77,1.0,25
703,0,0,456,518,-62,0.0,24
703,1,1,529,432,97,1.0,23
711,0,0,398,506,-108,0.0,25
711,1,1,500,391,109,1.0,25
719,0,0,486,365,121,1.0,25
719,1,1,363,476,-113,0.0,24
727,0,0,407,421,-14,0.0,25
727,1,1,627,387,240,1.0,23
735,0,0,431,374,57,1.0,25
735,1,1,374,431,-57,0.0,25
743,0,0,586,346,240,1.0,22
743,1,1,377,539,-162,0.0,24
751,0,0,382,505,-123,0.0,26
751,1,1,514,358,156,1.0,24
759,0,0,440,441,-1,0.0,20
759,1,1,441,440,1,1.0,20
767,0,0,420,517,-97,0.0,24
767,1,1,535,400,135,1.0,23
775,0,0,364,539,-175,0.0,21
775,1,1,539,364,175,1.0,21
783,0,0,564,409,155,1.0,24
783,1,1,418,525,-107,0.0,23
791,0,0,538,363,175,1.0,21
791,1,1,363,538,-175,0.0,21
799,0,0,449,525,-76,0.0,19
799,1,1,538,433,105,1.0,19
807,0,0,393,524,-131,0.0,26
807,1,1,472,412,60,1.0,23
815,0,0,451,343,108,1.0,24
815,1,1,363,418,-55,0.0,26
823,0,0,369,442,-73,0.0,23
823,1,1,403,385,18,1.0,25
831,0,0,429,396,33,1.0,21
831,1,1,445,428,17,1.0,22
839,0,0,325,444,-119,0.0,23
839,1,1,419,379,40,1.0,21
847,0,0,473,415,58,1.0,25
847,1,1,425,442,-17,0.0,23
855,0,0,391,379,12,1.0,22
855,1,1,404,351,53,1.0,22
863,0,0,392,503,-111,0.0,22
863,1,1,571,386,185,1.0,21
871,0,0,418,472,-54,0.0,23
871,1,1,472,418,54,1.0,23
879,0,0,548,325,223,1.0,23
879,1,1,384,497,-113,0.0,24
887,0,0,416,392,24,1.0,24
887,1,1,411,517,-106,0.0,22
895,0,0,429,499,-70,0.0,23
895,1,1,499,429,70,1.0,23
903,0,0,459,320,139,1.0,25
903,1,1,331,486,-155,0.0,31
911,0,0,512,417,95,1.0,22
911,1,1,482,510,-28,0.0,23
919,0,0,442,455,-13,0.0,23
919,1,1,443,512,-69,0.0,23
927,0,0,457,398,59,1.0,22
927,1,1,413,459,-46,0.0,24
935,0,0,360,400,-40,0.0,27
935,1,1,453,360,93,1.0,26
943,0,0,432,505,-73,0.0,21
943,1,1,455,452,3,1.0,22
951,0,0,432,397,35,1.0,23
951,1,1,398,409,-11,0.0,25
959,0,0,566,347,219,1.0,24
959,1,1,333,590,-257,0.0,23
967,0,0,507,498,9,1.0,25
967,1,1,558,462,96,1.0,27
975,0,0,312,490,-178,0.0,24
975,1,1,476,310,166,1.0,25
983,0,0,467,409,58,1.0,26
983,1,1,383,518,-135,0.0,22
991,0,0,456,456,0,0.5,25
991,1,1,484,385,99,1.0,21
999,0,0,622,373,249,1.0,22
999,1,1,411,615,-204,0.0,20
1007,0,0,415,418,-3,0.0,21
1007,1,1,416,426,-10,0.0,21
1015,0,0,435,438,-3,0.0,25
1015,1,1,418,461,-43,0.0,24
1023,0,0,489,402,87,1.0,23
1023,1,1,430,460,-30,0.0,23
1031,0,0,432,487,-55,0.0,21
1031,1,1,487,432,55,1.0,21
1039,0,0,379,438,-59,0.0,23
1039,1,1,438,379,59,1.0,23
1047,0,0,405,443,-38,0.0,27
1047,1,1,447,379,68,1.0,25
1055,0,0,310,514,-204,0.0,23
1055,1,1,481,382,99,1.0,22
1063,0,0,392,432,-40,0.0,23
1063,1,1,441,399,42,1.0,23
1071,0,0,467,533,-66,0.0,22
1071,1,1,531,401,130,1.0,21
1079,0,0,570,432,138,1.0,22
1079,1,1,474,529,-55,0.0,21
1087,0,0,437,430,7,1.0,23
1087,1,1,429,423,6,1.0,23
1095,0,0,373,497,-124,0.0,21
1095,1,1,498,370,128,1.0,21
1103,0,0,392,415,-23,0.0,24
1103,1,1,431,373,58,1.0,22
1111,0,0,406,410,-4,0.0,22
1111,1,1,432,431,1,1.0,25
1119,0,0,366,643,-277,0.0,22
1119,1,1,643,375,268,1.0,22
1127,0,0,388,371,17,1.0,24
1127,1,1,393,397,-4,0.0,22
1135,0,0,456,464,-8,0.0,21
1135,1,1,403,440,-37,0.0,24
1143,0,0,422,393,29,1.0,22
1143,1,1,465,402,63,1.0,21
1151,0,0,468,456,12,1.0,23
1151,1,1,470,471,-1,0.0,23
1159,0,0,387,483,-96,0.0,23
1159,1,1,526,329,197,1.0,24
1167,0,0,483,481,2,1.0,24
1167,1,1,488,442,46,1.0,22
1175,0,0,350,452,-102,0.0,24
1175,1,1,452,350,102,1.0,24
1183,0,0,424,419,5,1.0,24
1183,1,1,445,459,-14,0.0,23
1191,0,0,454,440,14,1.0,24
1191,1,1,447,446,1,1.0,23
1199,0,0,382,509,-127,0.0,22
1199,1,1,531,359,172,1.0,22
1207,0,0,542,478,64,1.0,24
1207,1,1,460,432,28,1.0,23
1215,0,0,491,375,116,1.0,22
1215,1,1,349,513,-164,0.0,22
1223,0,0,379,413,-34,0.0,24
1223,1,1,421,385,36,1.0,25
1231,0,0,481,377,104,1.0,21
1231,1,1,377,481,-104,0.0,21
1239,0,0,544,313,231,1.0,21
1239,1,1,300,561,-261,0.0,20
1247,0,0,482,418,64,1.0,25
1247,1,1,396,482,-86,0.0,22
1255,0,0,423,456,-33,0.0,23
1255,1,1,456,423,33,1.0,23
1263,0,0,406,453,-47,0.0,23
1263,1,1,508,410,98,1.0,25
1271,0,0,484,491,-7,0.0,20
1271,1,1,503,502,1,1.0,20
1279,0,0,473,339,134,1.0,22
1279,1,1,366,493,-127,0.0,20
1287,0,0,474,396,78,1.0,24
1287,1,1,421,460,-39,0.0,25
1295,0,0,381,474,-93,0.0,23
1295,1,1,437,370,67,1.0,25
1303,0,0,458,463,-5,0.0,23
1303,1,1,386,505,-119,0.0,24
1311,0,0,420,541,-121,0.0,26
1311,1,1,546,459,87,1.0,24
1319,0,0,379,537,-158,0.0,24
1319,1,1,497,404,93,1.0,21
1327,0,0,433,460,-27,0.0,21
1327,1,1,458,421,37,1.0,20
1335,0,0,359,521,-162,0.0,24
1335,1,1,536,392,144,1.0,25
1343,0,0,474,430,44,1.0,21
1343,1,1,423,421,2,1.0,23
1351,0,0,383,507,-124,0.0,23
1351,1,1,500,393,107,1.0,23
1359,0,0,476,374,102,1.0,20
1359,1,1,436,480,-44,0.0,22
1367,0,0,465,377,88,1.0,22
1367,1,1,431,435,-4,0.0,22
1375,0,0,341,541,-200,0.0,23
1375,1,1,573,348,225,1.0,22
1383,0,0,380,381,-1,0.0,24
1383,1,1,413,362,51,1.0,25
1391,0,0,294,514,-220,0.0,22
1391,1,1,510,376,134,1.0,22
1399,0,0,458,559,-101,0.0,22
1399,1,1,559,450,109,1.0,22
1407,0,0,486,383,103,1.0,24
1407,1,1,437,388,49,1.0,25
1415,0,0,523,426,97,1.0,22
1415,1,1,427,508,-81,0.0,22
1423,0,0,460,408,52,1.0,24
1423,1,1,447,385,62,1.0,27
1431,0,0,424,461,-37,0.0,27
1431,1,1,457,438,19,1.0,25
1439,0,0,383,535,-152,0.0,23
1439,1,1,557,374,183,1.0,23
1447,0,0,436,476,-40,0.0,23
1447,1,1,481,427,54,1.0,23
1455,0,0,404,457,-53,0.0,23
1455,1,1,434,393,41,1.0,24
1463,0,0,327,418,-91,0.0,27
1463,1,1,528,361,167,1.0,28
1471,0,0,391,358,33,1.0,25
1471,1,1,355,344,11,1.0,25
1479,0,0,409,451,-42,0.0,25
1479,1,1,436,429,7,1.0,24
1487,0,0,428,421,7,1.0,22
1487,1,1,442,456,-14,0.0,24
1495,0,0,497,416,81,1.0,20
1495,1,1,423,491,-68,0.0,21
1503,0,0,394,450,-56,0.0,23
1503,1,1,458,419,39,1.0,21
1511,0,0,359,484,-125,0.0,22
1511,1,1,520,363,157,1.0,22
1519,0,0,427,420,7,1.0,24
1519,1,1,430,432,-2,0.0,22
1527,0,0,483,387,96,1.0,26
1527,1,1,381,489,-108,0.0,26
1535,0,0,430,379,51,1.0,20
1535,1,1,406,409,-3,0.0,23
1543,0,0,343,435,-92,0.0,23
1543,1,1,471,321,150,1.0,21
1551,0,0,481,422,59,1.0,20
1551,1,1,423,504,-81,0.0,20
1559,0,0,407,552,-145,0.0,21
1559,1,1,586,433,153,1.0,22
1567,0,0,429,482,-53,0.0,21
1567,1,1,482,429,53,1.0,21
1575,0,0,495,412,83,1.0,20
1575,1,1,409,502,-93,0.0,20
1583,0,0,489,349,140,1.0,22
1583,1,1,351,489,-138,0.0,22
1591,0,0,584,360,224,1.0,21
1591,1,1,352,575,-223,0.0,20
1599,0,0,404,392,12,1.0,23
1599,1,1,388,409,-21,0.0,22
1607,0,0,404,472,-68,0.0,22
1607,1,1,448,357,91,1.0,22
1615,0,0,352,563,-211,0.0,25
1615,1,1,530,316,214,1.0,26
1623,0,0,400,402,-2,0.0,22
1623,1,1,469,396,73,1.0,21
1631,0,0,343,471,-128,0.0,23
1631,1,1,458,364,94,1.0,22
1639,0,0,439,510,-71,0.0,23
1639,1,1,485,425,60,1.0,21
1647,0,0,428,441,-13,0.0,22
1647,1,1,419,424,-5,0.0,23
1655,0,0,394,435,-41,0.0,23
1655,1,1,416,428,-12,0.0,22
1663,0,0,326,451,-125,0.0,23
1663,1,1,529,308,221,1.0,21
1671,0,0,333,508,-175,0.0,23
1671,1,1,492,391,101,1.0,22
1679,0,0,419,439,-20,0.0,23
1679,1,1,462,426,36,1.0,24
1687,0,0,476,424,52,1.0,23
1687,1,1,424,476,-52,0.0,23
1695,0,0,404,387,17,1.0,24
1695,1,1,383,388,-5,0.0,24
1703,0,0,453,460,-7,0.0,23
1703,1,1,490,431,59,1.0,21
1711,0,0,397,485,-88,0.0,25
1711,1,1,472,395,77,1.0,24
1719,0,0,481,448,33,1.0,22
1719,1,1,495,488,7,1.0,23
1727,0,0,387,447,-60,0.0,25
1727,1,1,496,415,81,1.0,25
1735,0,0,460,376,84,1.0,27
1735,1,1,417,458,-41,0.0,28
1743,0,0,388,414,-26,0.0,22
1743,1,1,357,380,-23,0.0,25
1751,0,0,399,511,-112,0.0,22
1751,1,1,464,373,91,1.0,22
1759,0,0,436,536,-100,0.0,20
1759,1,1,536,436,100,1.0,20
1767,0,0,427,366,61,1.0,24
1767,1,1,324,412,-88,0.0,22
1775,0,0,665,346,319,1.0,22
1775,1,1,380,662,-282,0.0,20
1783,0,0,449,352,97,1.0,24
1783,1,1,346,448,-102,0.0,23
1791,0,0,356,426,-70,0.0,24
1791,1,1,418,343,75,1.0,24
1799,0,0,480,424,56,1.0,23
1799,1,1,417,499,-82,0.0,23
1807,0,0,400,448,-48,0.0,27
1807,1,1,351,393,-42,0.0,27
1815,0,0,362,395,-33,0.0,26
1815,1,1,400,360,40,1.0,25
1823,0,0,380,461,-81,0.0,25
1823,1,1,492,396,96,1.0,26
1831,0,0,460,386,74,1.0,23
1831,1,1,381,480,-99,0.0,23
1839,0,0,348,478,-130,0.0,21
1839,1,1,480,320,160,1.0,21
1847,0,0,437,404,33,1.0,22
1847,1,1,442,440,2,1.0,23
1855,0,0,469,413,56,1.0,23
1855,1,1,406,469,-63,0.0,23
1863,0,0,463,422,41,1.0,21
1863,1,1,417,452,-35,0.0,21
1871,0,0,581,364,217,1.0,23
1871,1,1,389,550,-161,0.0,21
1879,0,0,355,506,-151,0.0,22
1879,1,1,506,355,151,1.0,22
1887,0,0,427,398,29,1.0,23
1887,1,1,398,427,-29,0.0,23
1895,0,0,379,450,-71,0.0,22
1895,1,1,450,379,71,1.0,22
1903,0,0,271,529,-258,0.0,21
1903,1,1,533,290,243,1.0,21
1911,0,0,399,443,-44,0.0,23
1911,1,1,443,399,44,1.0,23
1919,0,0,397,399,-2,0.0,23
1919,1,1,405,403,2,1.0,23
1927,0,0,503,367,136,1.0,22
1927,1,1,405,447,-42,0.0,21
1935,0,0,347,521,-174,0.0,25
1935,1,1,525,339,186,1.0,22
1943,0,0,385,513,-128,0.0,23
1943,1,1,525,382,143,1.0,27
1951,0,0,433,473,-40,0.0,21
1951,1,1,470,438,32,1.0,21
1959,0,0,435,377,58,1.0,22
1959,1,1,369,414,-45,0.0,22
1967,0,0,480,413,67,1.0,21
1967,1,1,425,471,-46,0.0,23
1975,0,0,418,391,27,1.0,25
1975,1,1,437,378,59,1.0,23
1983,0,0,452,390,62,1.0,22
1983,1,1,423,414,9,1.0,23
1991,0,0,337,489,-152,0.0,24
1991,1,1,560,315,245,1.0,22
1999,0,0,386,422,-36,0.0,23
1999,1,1,429,400,29,1.0,23
