pair,game,a_seat,a_score,b_score,a_spread,a_win,turns
0,0,0,370,506,-136,0.0,22
0,1,1,336,417,-81,0.0,28
8,0,0,521,379,142,1.0,21
8,1,1,447,517,-70,0.0,22
16,0,0,467,418,49,1.0,23
16,1,1,362,437,-75,0.0,28
24,0,0,424,380,44,1.0,26
24,1,1,345,447,-102,0.0,22
32,0,0,505,433,72,1.0,20
32,1,1,441,481,-40,0.0,21
40,0,0,589,416,173,1.0,23
40,1,1,333,537,-204,0.0,19
48,0,0,424,437,-13,0.0,21
48,1,1,303,527,-224,0.0,28
56,0,0,521,376,145,1.0,23
56,1,1,460,418,42,1.0,22
64,0,0,486,443,43,1.0,22
64,1,1,411,526,-115,0.0,22
72,0,0,461,332,129,1.0,24
72,1,1,365,545,-180,0.0,30
80,0,0,413,395,18,1.0,24
80,1,1,474,266,208,1.0,24
88,0,0,615,413,202,1.0,25
88,1,1,325,484,-159,0.0,26
96,0,0,426,375,51,1.0,29
96,1,1,482,404,78,1.0,31
104,0,0,472,515,-43,0.0,24
104,1,1,441,416,25,1.0,22
112,0,0,445,381,64,1.0,24
112,1,1,492,432,60,1.0,24
120,0,0,435,412,23,1.0,28
120,1,1,470,456,14,1.0,26
128,0,0,468,560,-92,0.0,22
128,1,1,553,411,142,1.0,21
136,0,0,453,392,61,1.0,20
136,1,1,430,494,-64,0.0,19
144,0,0,332,503,-171,0.0,28
144,1,1,361,420,-59,0.0,25
152,0,0,512,421,91,1.0,21
152,1,1,373,495,-122,0.0,23
160,0,0,495,353,142,1.0,21
160,1,1,433,423,10,1.0,22
168,0,0,431,427,4,1.0,25
168,1,1,441,502,-61,0.0,26
176,0,0,543,363,180,1.0,23
176,1,1,401,457,-56,0.0,24
184,0,0,477,529,-52,0.0,20
184,1,1,354,421,-67,0.0,23
192,0,0,419,442,-23,0.0,28
192,1,1,462,416,46,1.0,24
200,0,0,452,463,-11,0.0,22
200,1,1,436,561,-125,0.0,22
208,0,0,469,393,76,1.0,22
208,1,1,391,454,-63,0.0,29
216,0,0,450,453,-3,0.0,24
216,1,1,523,392,131,1.0,24
224,0,0,397,510,-113,0.0,20
224,1,1,506,473,33,1.0,22
232,0,0,527,412,115,1.0,20
232,1,1,433,494,-61,0.0,23
240,0,0,460,384,76,1.0,22
240,1,1,385,439,-54,0.0,24
248,0,0,518,502,16,1.0,21
248,1,1,527,448,79,1.0,23
256,0,0,451,499,-48,0.0,22
256,1,1,463,505,-42,0.0,22
264,0,0,444,465,-21,0.0,21
264,1,1,459,624,-165,0.0,30
272,0,0,491,403,88,1.0,22
272,1,1,370,544,-174,0.0,19
280,0,0,374,503,-129,0.0,23
280,1,1,425,389,36,1.0,29
288,0,0,323,607,-284,0.0,22
288,1,1,570,413,157,1.0,24
296,0,0,397,422,-25,0.0,28
296,1,1,584,518,66,1.0,22
304,0,0,519,499,20,1.0,24
304,1,1,475,522,-47,0.0,22
312,0,0,441,531,-90,0.0,22
312,1,1,451,389,62,1.0,25
320,0,0,416,491,-75,0.0,22
320,1,1,440,387,53,1.0,24
328,0,0,466,418,48,1.0,24
328,1,1,456,468,-12,0.0,23
336,0,0,476,508,-32,0.0,23
336,1,1,454,377,77,1.0,22
344,0,0,560,457,103,1.0,22
344,1,1,400,559,-159,0.0,22
352,0,0,511,403,108,1.0,31
352,1,1,375,420,-45,0.0,27
360,0,0,516,391,125,1.0,23
360,1,1,414,482,-68,0.0,29
368,0,0,423,426,-3,0.0,22
368,1,1,414,442,-28,0.0,23
376,0,0,341,463,-122,0.0,31
376,1,1,470,380,90,1.0,34
384,0,0,365,432,-67,0.0,26
384,1,1,368,457,-89,0.0,28
392,0,0,388,396,-8,0.0,29
392,1,1,430,473,-43,0.0,23
400,0,0,419,456,-37,0.0,22
400,1,1,382,541,-159,0.0,25
408,0,0,391,542,-151,0.0,26
408,1,1,413,452,-39,0.0,30
416,0,0,494,383,111,1.0,23
416,1,1,430,540,-110,0.0,26
424,0,0,486,438,48,1.0,22
424,1,1,485,546,-61,0.0,25
432,0,0,359,435,-76,0.0,27
432,1,1,429,507,-78,0.0,22
440,0,0,488,484,4,1.0,25
440,1,1,483,493,-10,0.0,24
448,0,0,400,521,-121,0.0,26
448,1,1,465,507,-42,0.0,22
456,0,0,358,496,-138,0.0,23
456,1,1,459,450,9,1.0,26
464,0,0,473,447,26,1.0,21
464,1,1,489,449,40,1.0,25
472,0,0,501,439,62,1.0,21
472,1,1,427,372,55,1.0,26
480,0,0,493,339,154,1.0,23
480,1,1,334,482,-148,0.0,27
488,0,0,402,419,-17,0.0,22
488,1,1,506,399,107,1.0,22
496,0,0,469,407,62,1.0,24
496,1,1,477,419,58,1.0,24
504,0,0,523,523,0,0.5,24
504,1,1,457,466,-9,0.0,29
512,0,0,442,398,44,1.0,23
512,1,1,406,514,-108,0.0,23
520,0,0,423,392,31,1.0,24
520,1,1,418,472,-54,0.0,23
528,0,0,451,422,29,1.0,23
528,1,1,417,457,-40,0.0,26
536,0,0,406,484,-78,0.0,26
536,1,1,377,435,-58,0.0,24
544,0,0,450,511,-61,0.0,22
544,1,1,459,494,-35,0.0,25
552,0,0,538,485,53,1.0,22
552,1,1,400,470,-70,0.0,26
560,0,0,461,467,-6,0.0,23
560,1,1,474,446,28,1.0,24
568,0,0,353,451,-98,0.0,25
568,1,1,478,382,96,1.0,27
576,0,0,469,401,68,1.0,27
576,1,1,429,513,-84,0.0,27
584,0,0,479,408,71,1.0,26
584,1,1,398,362,36,1.0,26
592,0,0,452,400,52,1.0,24
592,1,1,462,415,47,1.0,23
600,0,0,398,447,-49,0.0,26
600,1,1,491,355,136,1.0,24
608,0,0,475,411,64,1.0,23
608,1,1,437,648,-211,0.0,24
616,0,0,398,491,-93,0.0,20
616,1,1,418,400,18,1.0,26
624,0,0,546,478,68,1.0,26
624,1,1,483,494,-11,0.0,23
632,0,0,534,425,109,1.0,28
632,1,1,462,379,83,1.0,25
640,0,0,409,419,-10,0.0,22
640,1,1,495,493,2,1.0,19
648,0,0,434,521,-87,0.0,20
648,1,1,509,462,47,1.0,26
656,0,0,409,416,-7,0.0,24
656,1,1,459,417,42,1.0,22
664,0,0,472,529,-57,0.0,23
664,1,1,420,548,-128,0.0,21
672,0,0,550,425,125,1.0,22
672,1,1,422,497,-75,0.0,24
680,0,0,374,360,14,1.0,26
680,1,1,400,444,-44,0.0,30
688,0,0,476,385,91,1.0,23
688,1,1,429,476,-47,0.0,23
696,0,0,493,509,-16,0.0,21
696,1,1,420,507,-87,0.0,27
704,0,0,406,433,-27,0.0,26
704,1,1,477,434,43,1.0,28
712,0,0,426,539,-113,0.0,23
712,1,1,349,536,-187,0.0,23
720,0,0,371,451,-80,0.0,25
720,1,1,409,478,-69,0.0,25
728,0,0,433,490,-57,0.0,24
728,1,1,452,457,-5,0.0,21
736,0,0,431,508,-77,0.0,20
736,1,1,540,478,62,1.0,27
744,0,0,356,502,-146,0.0,22
744,1,1,441,362,79,1.0,22
752,0,0,375,419,-44,0.0,23
752,1,1,498,423,75,1.0,28
760,0,0,377,430,-53,0.0,31
760,1,1,359,447,-88,0.0,27
768,0,0,364,609,-245,0.0,22
768,1,1,545,400,145,1.0,23
776,0,0,381,544,-163,0.0,28
776,1,1,478,446,32,1.0,22
784,0,0,549,242,307,1.0,25
784,1,1,322,476,-154,0.0,24
792,0,0,428,486,-58,0.0,25
792,1,1,448,416,32,1.0,27
800,0,0,498,496,2,1.0,21
800,1,1,434,372,62,1.0,22
808,0,0,421,532,-111,0.0,28
808,1,1,413,499,-86,0.0,23
816,0,0,398,505,-107,0.0,26
816,1,1,476,461,15,1.0,19
824,0,0,367,572,-205,0.0,22
824,1,1,477,387,90,1.0,22
832,0,0,475,346,129,1.0,24
832,1,1,484,447,37,1.0,21
840,0,0,491,375,116,1.0,22
840,1,1,406,456,-50,0.0,22
848,0,0,380,460,-80,0.0,25
848,1,1,539,374,165,1.0,28
856,0,0,319,535,-216,0.0,20
856,1,1,556,398,158,1.0,24
864,0,0,482,365,117,1.0,24
864,1,1,462,488,-26,0.0,20
872,0,0,457,430,27,1.0,26
872,1,1,416,416,0,0.5,24
880,0,0,428,481,-53,0.0,23
880,1,1,491,360,131,1.0,26
888,0,0,405,487,-82,0.0,21
888,1,1,395,389,6,1.0,22
896,0,0,424,448,-24,0.0,23
896,1,1,439,389,50,1.0,23
904,0,0,445,425,20,1.0,23
904,1,1,541,417,124,1.0,22
912,0,0,473,444,29,1.0,22
912,1,1,396,463,-67,0.0,26
920,0,0,450,455,-5,0.0,23
920,1,1,452,384,68,1.0,23
928,0,0,311,479,-168,0.0,26
928,1,1,387,429,-42,0.0,22
936,0,0,432,371,61,1.0,29
936,1,1,425,357,68,1.0,24
944,0,0,405,407,-2,0.0,26
944,1,1,293,411,-118,0.0,29
952,0,0,467,413,54,1.0,25
952,1,1,417,470,-53,0.0,23
960,0,0,438,376,62,1.0,25
960,1,1,373,539,-166,0.0,25
968,0,0,462,384,78,1.0,29
968,1,1,445,403,42,1.0,21
976,0,0,394,380,14,1.0,25
976,1,1,523,384,139,1.0,24
984,0,0,407,474,-67,0.0,23
984,1,1,621,315,306,1.0,20
992,0,0,444,327,117,1.0,24
992,1,1,356,476,-120,0.0,30
1000,0,0,544,414,130,1.0,20
1000,1,1,401,509,-108,0.0,21
1008,0,0,441,478,-37,0.0,23
1008,1,1,460,468,-8,0.0,23
1016,0,0,439,418,21,1.0,24
1016,1,1,324,517,-193,0.0,22
1024,0,0,470,435,35,1.0,27
1024,1,1,491,376,115,1.0,23
1032,0,0,431,473,-42,0.0,23
1032,1,1,515,428,87,1.0,26
1040,0,0,499,379,120,1.0,23
1040,1,1,449,487,-38,0.0,22
1048,0,0,390,448,-58,0.0,32
1048,1,1,355,484,-129,0.0,27
1056,0,0,451,430,21,1.0,23
1056,1,1,443,558,-115,0.0,24
1064,0,0,382,465,-83,0.0,24
1064,1,1,389,470,-81,0.0,23
1072,0,0,389,421,-32,0.0,24
1072,1,1,472,373,99,1.0,22
1080,0,0,337,379,-42,0.0,29
1080,1,1,387,495,-108,0.0,25
1088,0,0,416,372,44,1.0,21
1088,1,1,491,357,134,1.0,23
1096,0,0,515,330,185,1.0,23
1096,1,1,356,524,-168,0.0,25
1104,0,0,455,457,-2,0.0,20
1104,1,1,522,450,72,1.0,23
1112,0,0,270,434,-164,0.0,33
1112,1,1,427,464,-37,0.0,25
1120,0,0,507,348,159,1.0,24
1120,1,1,411,530,-119,0.0,26
1128,0,0,453,410,43,1.0,27
1128,1,1,373,424,-51,0.0,25
1136,0,0,393,337,56,1.0,27
1136,1,1,392,471,-79,0.0,24
1144,0,0,335,495,-160,0.0,26
1144,1,1,459,344,115,1.0,33
1152,0,0,516,414,102,1.0,21
1152,1,1,513,505,8,1.0,22
1160,0,0,411,439,-28,0.0,24
1160,1,1,406,713,-307,0.0,23
1168,0,0,322,405,-83,0.0,27
1168,1,1,432,556,-124,0.0,21
1176,0,0,458,440,18,1.0,20
1176,1,1,449,404,45,1.0,24
1184,0,0,464,336,128,1.0,27
1184,1,1,437,436,1,1.0,24
1192,0,0,467,457,10,1.0,24
1192,1,1,430,541,-111,0.0,28
1200,0,0,390,431,-41,0.0,25
1200,1,1,515,370,145,1.0,19
1208,0,0,474,498,-24,0.0,24
1208,1,1,381,463,-82,0.0,21
1216,0,0,478,405,73,1.0,28
1216,1,1,395,474,-79,0.0,27
1224,0,0,450,393,57,1.0,25
1224,1,1,373,426,-53,0.0,26
1232,0,0,429,516,-87,0.0,23
1232,1,1,503,519,-16,0.0,19
1240,0,0,460,382,78,1.0,24
1240,1,1,406,491,-85,0.0,23
1248,0,0,426,453,-27,0.0,21
1248,1,1,444,477,-33,0.0,24
1256,0,0,404,410,-6,0.0,26
1256,1,1,440,426,14,1.0,22
1264,0,0,462,411,51,1.0,22
1264,1,1,390,465,-75,0.0,23
1272,0,0,330,560,-230,0.0,22
1272,1,1,446,420,26,1.0,22
1280,0,0,514,443,71,1.0,25
1280,1,1,517,435,82,1.0,21
1288,0,0,432,386,46,1.0,27
1288,1,1,406,411,-5,0.0,23
1296,0,0,368,426,-58,0.0,30
1296,1,1,361,407,-46,0.0,29
1304,0,0,519,520,-1,0.0,19
1304,1,1,566,463,103,1.0,18
1312,0,0,432,455,-23,0.0,23
1312,1,1,454,408,46,1.0,20
1320,0,0,347,441,-94,0.0,28
1320,1,1,348,433,-85,0.0,25
1328,0,0,422,409,13,1.0,25
1328,1,1,341,503,-162,0.0,34
1336,0,0,481,318,163,1.0,27
1336,1,1,386,481,-95,0.0,27
1344,0,0,405,370,35,1.0,30
1344,1,1,344,442,-98,0.0,21
1352,0,0,508,509,-1,0.0,20
1352,1,1,418,527,-109,0.0,22
1360,0,0,499,336,163,1.0,25
1360,1,1,436,476,-40,0.0,24
1368,0,0,465,337,128,1.0,23
1368,1,1,398,560,-162,0.0,25
1376,0,0,500,410,90,1.0,21
1376,1,1,404,370,34,1.0,28
1384,0,0,436,453,-17,0.0,22
1384,1,1,473,486,-13,0.0,21
1392,0,0,416,410,6,1.0,23
1392,1,1,428,432,-4,0.0,23
1400,0,0,426,361,65,1.0,28
1400,1,1,385,363,22,1.0,26
1408,0,0,464,395,69,1.0,25
1408,1,1,410,471,-61,0.0,23
1416,0,0,445,381,64,1.0,21
1416,1,1,583,414,169,1.0,23
1424,0,0,428,582,-154,0.0,23
1424,1,1,514,531,-17,0.0,23
1432,0,0,461,379,82,1.0,22
1432,1,1,356,336,20,1.0,28
1440,0,0,402,401,1,1.0,28
1440,1,1,593,344,249,1.0,26
1448,0,0,401,472,-71,0.0,21
1448,1,1,388,466,-78,0.0,23
1456,0,0,512,445,67,1.0,22
1456,1,1,469,544,-75,0.0,21
1464,0,0,347,517,-170,0.0,26
1464,1,1,461,532,-71,0.0,22
1472,0,0,465,549,-84,0.0,26
1472,1,1,530,417,113,1.0,20
1480,0,0,513,522,-9,0.0,24
1480,1,1,399,475,-76,0.0,27
1488,0,0,437,473,-36,0.0,22
1488,1,1,374,407,-33,0.0,27
1496,0,0,386,463,-77,0.0,24
1496,1,1,499,361,138,1.0,24
1504,0,0,369,490,-121,0.0,23
1504,1,1,452,354,98,1.0,24
1512,0,0,441,378,63,1.0,23
1512,1,1,481,359,122,1.0,23
1520,0,0,453,351,102,1.0,28
1520,1,1,365,397,-32,0.0,27
1528,0,0,330,456,-126,0.0,24
1528,1,1,466,343,123,1.0,25
1536,0,0,427,441,-14,0.0,24
1536,1,1,403,438,-35,0.0,23
1544,0,0,551,483,68,1.0,22
1544,1,1,367,539,-172,0.0,27
1552,0,0,526,360,166,1.0,21
1552,1,1,427,492,-65,0.0,22
1560,0,0,443,386,57,1.0,24
1560,1,1,394,439,-45,0.0,23
1568,0,0,463,403,60,1.0,21
1568,1,1,317,503,-186,0.0,25
1576,0,0,429,503,-74,0.0,22
1576,1,1,431,411,20,1.0,22
1584,0,0,491,328,163,1.0,29
1584,1,1,363,523,-160,0.0,26
1592,0,0,480,460,20,1.0,22
1592,1,1,478,358,120,1.0,25
1600,0,0,528,492,36,1.0,21
1600,1,1,554,467,87,1.0,23
1608,0,0,495,313,182,1.0,29
1608,1,1,447,500,-53,0.0,20
1616,0,0,434,457,-23,0.0,24
1616,1,1,462,455,7,1.0,30
1624,0,0,435,412,23,1.0,24
1624,1,1,413,421,-8,0.0,21
1632,0,0,521,413,108,1.0,22
1632,1,1,424,413,11,1.0,24
1640,0,0,432,380,52,1.0,26
1640,1,1,426,486,-60,0.0,26
1648,0,0,481,486,-5,0.0,20
1648,1,1,508,445,63,1.0,22
1656,0,0,371,459,-88,0.0,26
1656,1,1,487,374,113,1.0,24
1664,0,0,440,422,18,1.0,25
1664,1,1,427,482,-55,0.0,25
1672,0,0,619,328,291,1.0,25
1672,1,1,256,572,-316,0.0,21
1680,0,0,424,466,-42,0.0,21
1680,1,1,374,424,-50,0.0,26
1688,0,0,442,431,11,1.0,21
1688,1,1,457,383,74,1.0,24
1696,0,0,466,433,33,1.0,21
1696,1,1,426,533,-107,0.0,21
1704,0,0,376,473,-97,0.0,25
1704,1,1,408,472,-64,0.0,25
1712,0,0,486,441,45,1.0,21
1712,1,1,496,464,32,1.0,24
1720,0,0,493,420,73,1.0,26
1720,1,1,385,459,-74,0.0,29
1728,0,0,405,409,-4,0.0,22
1728,1,1,461,428,33,1.0,22
1736,0,0,476,499,-23,0.0,23
1736,1,1,408,486,-78,0.0,23
1744,0,0,427,486,-59,0.0,22
1744,1,1,531,549,-18,0.0,20
1752,0,0,394,502,-108,0.0,25
1752,1,1,484,321,163,1.0,22
1760,0,0,432,362,70,1.0,24
1760,1,1,496,356,140,1.0,22
1768,0,0,425,372,53,1.0,26
1768,1,1,425,426,-1,0.0,22
1776,0,0,348,469,-121,0.0,28
1776,1,1,524,396,128,1.0,22
1784,0,0,455,386,69,1.0,25
1784,1,1,411,403,8,1.0,25
1792,0,0,430,487,-57,0.0,20
1792,1,1,370,370,0,0.5,24
1800,0,0,343,433,-90,0.0,33
1800,1,1,414,326,88,1.0,33
1808,0,0,367,513,-146,0.0,20
1808,1,1,419,443,-24,0.0,22
1816,0,0,441,352,89,1.0,23
1816,1,1,431,358,73,1.0,23
1824,0,0,554,457,97,1.0,24
1824,1,1,400,459,-59,0.0,24
1832,0,0,490,424,66,1.0,25
1832,1,1,439,491,-52,0.0,22
1840,0,0,404,507,-103,0.0,24
1840,1,1,397,398,-1,0.0,23
1848,0,0,459,412,47,1.0,22
1848,1,1,375,438,-63,0.0,23
1856,0,0,491,445,46,1.0,24
1856,1,1,415,509,-94,0.0,22
1864,0,0,473,343,130,1.0,26
1864,1,1,370,527,-157,0.0,23
1872,0,0,455,398,57,1.0,23
1872,1,1,563,382,181,1.0,23
1880,0,0,533,371,162,1.0,24
1880,1,1,353,543,-190,0.0,22
1888,0,0,368,565,-197,0.0,23
1888,1,1,606,367,239,1.0,20
1896,0,0,482,362,120,1.0,23
1896,1,1,491,442,49,1.0,24
1904,0,0,501,435,66,1.0,21
1904,1,1,457,364,93,1.0,24
1912,0,0,430,313,117,1.0,26
1912,1,1,361,432,-71,0.0,27
1920,0,0,538,400,138,1.0,24
1920,1,1,354,493,-139,0.0,22
1928,0,0,471,443,28,1.0,21
1928,1,1,387,521,-134,0.0,23
1936,0,0,487,500,-13,0.0,22
1936,1,1,507,587,-80,0.0,20
1944,0,0,335,478,-143,0.0,26
1944,1,1,367,340,27,1.0,25
1952,0,0,540,430,110,1.0,25
1952,1,1,366,482,-116,0.0,25
1960,0,0,324,451,-127,0.0,34
1960,1,1,490,407,83,1.0,28
1968,0,0,598,423,175,1.0,23
1968,1,1,446,446,0,0.5,24
1976,0,0,408,393,15,1.0,27
1976,1,1,383,505,-122,0.0,26
1984,0,0,482,341,141,1.0,24
1984,1,1,382,607,-225,0.0,22
1992,0,0,390,503,-113,0.0,22
1992,1,1,422,456,-34,0.0,25
pair,game,a_seat,a_score,b_score,a_spread,a_win,turns
1,0,0,479,460,19,1.0,22
1,1,1,430,469,-39,0.0,22
9,0,0,414,482,-68,0.0,22
9,1,1,451,416,35,1.0,24
17,0,0,461,482,-21,0.0,23
17,1,1,435,396,39,1.0,26
25,0,0,457,448,9,1.0,25
25,1,1,399,429,-30,0.0,26
33,0,0,427,427,0,0.5,23
33,1,1,423,423,0,0.5,23
41,0,0,444,485,-41,0.0,21
41,1,1,476,399,77,1.0,20
49,0,0,464,471,-7,0.0,22
49,1,1,548,442,106,1.0,20
57,0,0,430,377,53,1.0,28
57,1,1,391,519,-128,0.0,24
65,0,0,385,510,-125,0.0,21
65,1,1,501,430,71,1.0,24
73,0,0,484,482,2,1.0,22
73,1,1,498,446,52,1.0,22
81,0,0,552,406,146,1.0,24
81,1,1,448,394,54,1.0,24
89,0,0,369,457,-88,0.0,28
89,1,1,460,355,105,1.0,26
97,0,0,426,483,-57,0.0,22
97,1,1,468,529,-61,0.0,23
105,0,0,430,449,-19,0.0,23
105,1,1,470,358,112,1.0,26
113,0,0,484,526,-42,0.0,22
113,1,1,466,418,48,1.0,23
121,0,0,329,450,-121,0.0,25
121,1,1,422,432,-10,0.0,26
129,0,0,491,395,96,1.0,23
129,1,1,394,503,-109,0.0,25
137,0,0,385,432,-47,0.0,24
137,1,1,380,440,-60,0.0,28
145,0,0,519,370,149,1.0,23
145,1,1,379,545,-166,0.0,24
153,0,0,550,416,134,1.0,23
153,1,1,451,475,-24,0.0,24
161,0,0,408,611,-203,0.0,22
161,1,1,487,480,7,1.0,25
169,0,0,528,420,108,1.0,21
169,1,1,429,387,42,1.0,20
177,0,0,448,387,61,1.0,19
177,1,1,481,442,39,1.0,25
185,0,0,401,440,-39,0.0,25
185,1,1,412,495,-83,0.0,22
193,0,0,490,418,72,1.0,22
193,1,1,394,419,-25,0.0,22
201,0,0,355,487,-132,0.0,23
201,1,1,444,374,70,1.0,25
209,0,0,527,364,163,1.0,21
209,1,1,366,461,-95,0.0,24
217,0,0,415,452,-37,0.0,25
217,1,1,476,339,137,1.0,24
225,0,0,482,406,76,1.0,25
225,1,1,454,449,5,1.0,22
233,0,0,391,406,-15,0.0,23
233,1,1,402,513,-111,0.0,26
241,0,0,317,307,10,1.0,27
241,1,1,449,415,34,1.0,21
249,0,0,447,456,-9,0.0,21
249,1,1,538,375,163,1.0,23
257,0,0,389,533,-144,0.0,23
257,1,1,434,369,65,1.0,25
265,0,0,382,458,-76,0.0,28
265,1,1,446,333,113,1.0,28
273,0,0,461,395,66,1.0,26
273,1,1,363,446,-83,0.0,24
281,0,0,434,443,-9,0.0,28
281,1,1,341,471,-130,0.0,23
289,0,0,365,505,-140,0.0,23
289,1,1,524,434,90,1.0,21
297,0,0,470,441,29,1.0,22
297,1,1,386,495,-109,0.0,28
305,0,0,375,443,-68,0.0,25
305,1,1,393,374,19,1.0,24
313,0,0,339,325,14,1.0,25
313,1,1,491,341,150,1.0,24
321,0,0,453,419,34,1.0,21
321,1,1,419,513,-94,0.0,23
329,0,0,343,476,-133,0.0,23
329,1,1,567,474,93,1.0,21
337,0,0,577,423,154,1.0,24
337,1,1,440,520,-80,0.0,28
345,0,0,470,469,1,1.0,22
345,1,1,392,361,31,1.0,37
353,0,0,418,410,8,1.0,24
353,1,1,436,484,-48,0.0,23
361,0,0,414,468,-54,0.0,21
361,1,1,396,463,-67,0.0,26
369,0,0,421,388,33,1.0,26
369,1,1,445,414,31,1.0,25
377,0,0,475,435,40,1.0,25
377,1,1,465,430,35,1.0,22
385,0,0,496,430,66,1.0,26
385,1,1,420,476,-56,0.0,28
393,0,0,438,456,-18,0.0,22
393,1,1,390,394,-4,0.0,24
401,0,0,484,449,35,1.0,22
401,1,1,424,473,-49,0.0,22
409,0,0,447,422,25,1.0,24
409,1,1,422,366,56,1.0,22
417,0,0,524,421,103,1.0,22
417,1,1,505,493,12,1.0,21
425,0,0,418,437,-19,0.0,27
425,1,1,407,372,35,1.0,24
433,0,0,342,490,-148,0.0,23
433,1,1,520,367,153,1.0,23
441,0,0,457,463,-6,0.0,26
441,1,1,446,452,-6,0.0,23
449,0,0,504,448,56,1.0,22
449,1,1,327,587,-260,0.0,24
457,0,0,385,484,-99,0.0,24
457,1,1,551,378,173,1.0,23
465,0,0,347,551,-204,0.0,23
465,1,1,405,418,-13,0.0,23
473,0,0,332,551,-219,0.0,25
473,1,1,402,313,89,1.0,24
481,0,0,417,499,-82,0.0,24
481,1,1,540,370,170,1.0,24
489,0,0,407,440,-33,0.0,27
489,1,1,468,401,67,1.0,24
497,0,0,463,376,87,1.0,22
497,1,1,419,390,29,1.0,26
505,0,0,487,550,-63,0.0,21
505,1,1,518,482,36,1.0,21
513,0,0,526,449,77,1.0,21
513,1,1,419,489,-70,0.0,23
521,0,0,505,444,61,1.0,24
521,1,1,407,389,18,1.0,21
529,0,0,426,371,55,1.0,28
529,1,1,364,383,-19,0.0,25
537,0,0,449,469,-20,0.0,22
537,1,1,409,482,-73,0.0,26
545,0,0,447,489,-42,0.0,23
545,1,1,432,481,-49,0.0,25
553,0,0,437,589,-152,0.0,24
553,1,1,495,363,132,1.0,23
561,0,0,436,384,52,1.0,22
561,1,1,425,387,38,1.0,25
569,0,0,434,476,-42,0.0,22
569,1,1,480,480,0,0.5,20
577,0,0,552,394,158,1.0,21
577,1,1,433,450,-17,0.0,22
585,0,0,391,508,-117,0.0,22
585,1,1,590,342,248,1.0,23
593,0,0,392,494,-102,0.0,26
593,1,1,455,430,25,1.0,24
601,0,0,341,396,-55,0.0,27
601,1,1,435,494,-59,0.0,24
609,0,0,424,488,-64,0.0,23
609,1,1,464,422,42,1.0,24
617,0,0,414,399,15,1.0,25
617,1,1,440,355,85,1.0,25
625,0,0,374,440,-66,0.0,23
625,1,1,446,471,-25,0.0,23
633,0,0,467,523,-56,0.0,19
633,1,1,591,465,126,1.0,22
641,0,0,399,351,48,1.0,28
641,1,1,436,400,36,1.0,22
649,0,0,462,408,54,1.0,24
649,1,1,458,413,45,1.0,24
657,0,0,508,485,23,1.0,20
657,1,1,465,447,18,1.0,24
665,0,0,323,497,-174,0.0,22
665,1,1,374,494,-120,0.0,22
673,0,0,527,462,65,1.0,22
673,1,1,559,539,20,1.0,24
681,0,0,467,416,51,1.0,25
681,1,1,542,422,120,1.0,24
689,0,0,328,451,-123,0.0,31
689,1,1,518,305,213,1.0,25
697,0,0,487,522,-35,0.0,19
697,1,1,452,450,2,1.0,22
705,0,0,483,403,80,1.0,25
705,1,1,299,482,-183,0.0,23
713,0,0,484,464,20,1.0,21
713,1,1,403,537,-134,0.0,24
721,0,0,432,566,-134,0.0,21
721,1,1,502,408,94,1.0,22
729,0,0,414,485,-71,0.0,21
729,1,1,422,419,3,1.0,21
737,0,0,482,531,-49,0.0,23
737,1,1,503,409,94,1.0,21
745,0,0,343,355,-12,0.0,26
745,1,1,445,362,83,1.0,24
753,0,0,423,384,39,1.0,22
753,1,1,356,448,-92,0.0,24
761,0,0,416,506,-90,0.0,28
761,1,1,463,466,-3,0.0,25
769,0,0,419,476,-57,0.0,26
769,1,1,402,330,72,1.0,26
777,0,0,582,372,210,1.0,26
777,1,1,426,495,-69,0.0,26
785,0,0,453,400,53,1.0,20
785,1,1,468,358,110,1.0,23
793,0,0,466,443,23,1.0,25
793,1,1,461,403,58,1.0,25
801,0,0,474,427,47,1.0,23
801,1,1,355,579,-224,0.0,23
809,0,0,456,458,-2,0.0,23
809,1,1,382,421,-39,0.0,30
817,0,0,415,525,-110,0.0,26
817,1,1,481,453,28,1.0,21
825,0,0,502,469,33,1.0,21
825,1,1,450,611,-161,0.0,21
833,0,0,491,354,137,1.0,24
833,1,1,449,433,16,1.0,21
841,0,0,371,512,-141,0.0,21
841,1,1,457,351,106,1.0,25
849,0,0,383,508,-125,0.0,25
849,1,1,437,387,50,1.0,25
857,0,0,386,483,-97,0.0,22
857,1,1,354,413,-59,0.0,26
865,0,0,359,470,-111,0.0,23
865,1,1,480,556,-76,0.0,21
873,0,0,413,558,-145,0.0,23
873,1,1,573,320,253,1.0,23
881,0,0,496,546,-50,0.0,21
881,1,1,432,421,11,1.0,25
889,0,0,503,385,118,1.0,26
889,1,1,521,447,74,1.0,22
897,0,0,484,422,62,1.0,24
897,1,1,393,520,-127,0.0,24
905,0,0,438,494,-56,0.0,22
905,1,1,448,387,61,1.0,23
913,0,0,431,459,-28,0.0,21
913,1,1,475,385,90,1.0,22
921,0,0,518,404,114,1.0,22
921,1,1,506,437,69,1.0,22
929,0,0,373,518,-145,0.0,25
929,1,1,455,444,11,1.0,22
937,0,0,410,501,-91,0.0,20
937,1,1,527,435,92,1.0,20
945,0,0,436,416,20,1.0,24
945,1,1,532,310,222,1.0,23
953,0,0,441,434,7,1.0,34
953,1,1,478,486,-8,0.0,25
961,0,0,548,432,116,1.0,22
961,1,1,409,450,-41,0.0,25
969,0,0,460,457,3,1.0,21
969,1,1,479,354,125,1.0,22
977,0,0,398,467,-69,0.0,23
977,1,1,455,418,37,1.0,31
985,0,0,449,451,-2,0.0,28
985,1,1,445,424,21,1.0,25
993,0,0,460,397,63,1.0,25
993,1,1,322,372,-50,0.0,27
1001,0,0,379,424,-45,0.0,29
1001,1,1,455,417,38,1.0,26
1009,0,0,415,403,12,1.0,26
1009,1,1,444,429,15,1.0,24
1017,0,0,368,492,-124,0.0,23
1017,1,1,415,383,32,1.0,28
1025,0,0,402,435,-33,0.0,24
1025,1,1,505,370,135,1.0,23
1033,0,0,509,444,65,1.0,22
1033,1,1,342,461,-119,0.0,24
1041,0,0,404,451,-47,0.0,21
1041,1,1,439,392,47,1.0,24
1049,0,0,461,473,-12,0.0,26
1049,1,1,447,447,0,0.5,21
1057,0,0,383,486,-103,0.0,22
1057,1,1,416,534,-118,0.0,22
1065,0,0,369,451,-82,0.0,30
1065,1,1,484,373,111,1.0,25
1073,0,0,453,502,-49,0.0,22
1073,1,1,432,376,56,1.0,22
1081,0,0,337,421,-84,0.0,23
1081,1,1,584,326,258,1.0,21
1089,0,0,414,459,-45,0.0,23
1089,1,1,442,423,19,1.0,23
1097,0,0,393,542,-149,0.0,23
1097,1,1,400,464,-64,0.0,28
1105,0,0,462,361,101,1.0,27
1105,1,1,488,495,-7,0.0,21
1113,0,0,377,500,-123,0.0,21
1113,1,1,532,317,215,1.0,25
1121,0,0,505,397,108,1.0,21
1121,1,1,481,485,-4,0.0,21
1129,0,0,471,482,-11,0.0,29
1129,1,1,422,501,-79,0.0,24
1137,0,0,468,346,122,1.0,24
1137,1,1,425,493,-68,0.0,22
1145,0,0,370,492,-122,0.0,24
1145,1,1,425,396,29,1.0,25
1153,0,0,409,480,-71,0.0,22
1153,1,1,472,440,32,1.0,30
1161,0,0,501,468,33,1.0,22
1161,1,1,341,440,-99,0.0,29
1169,0,0,444,380,64,1.0,28
1169,1,1,360,489,-129,0.0,26
1177,0,0,458,476,-18,0.0,20
1177,1,1,414,400,14,1.0,22
1185,0,0,414,449,-35,0.0,24
1185,1,1,412,362,50,1.0,25
1193,0,0,390,511,-121,0.0,25
1193,1,1,463,431,32,1.0,21
1201,0,0,396,413,-17,0.0,25
1201,1,1,393,404,-11,0.0,27
1209,0,0,449,557,-108,0.0,21
1209,1,1,443,488,-45,0.0,23
1217,0,0,502,571,-69,0.0,23
1217,1,1,509,458,51,1.0,21
1225,0,0,474,451,23,1.0,28
1225,1,1,421,450,-29,0.0,24
1233,0,0,446,401,45,1.0,26
1233,1,1,436,405,31,1.0,25
1241,0,0,406,413,-7,0.0,27
1241,1,1,526,377,149,1.0,23
1249,0,0,480,425,55,1.0,22
1249,1,1,475,342,133,1.0,23
1257,0,0,459,390,69,1.0,29
1257,1,1,476,538,-62,0.0,25
1265,0,0,439,549,-110,0.0,19
1265,1,1,494,485,9,1.0,21
1273,0,0,460,382,78,1.0,25
1273,1,1,435,495,-60,0.0,24
1281,0,0,570,284,286,1.0,22
1281,1,1,324,524,-200,0.0,24
1289,0,0,500,395,105,1.0,23
1289,1,1,371,563,-192,0.0,22
1297,0,0,422,348,74,1.0,23
1297,1,1,354,473,-119,0.0,25
1305,0,0,444,399,45,1.0,29
1305,1,1,432,349,83,1.0,29
1313,0,0,372,472,-100,0.0,23
1313,1,1,470,374,96,1.0,23
1321,0,0,493,435,58,1.0,22
1321,1,1,387,386,1,1.0,23
1329,0,0,408,516,-108,0.0,22
1329,1,1,473,401,72,1.0,27
1337,0,0,528,388,140,1.0,24
1337,1,1,331,497,-166,0.0,22
1345,0,0,402,477,-75,0.0,21
1345,1,1,426,437,-11,0.0,21
1353,0,0,436,479,-43,0.0,25
1353,1,1,340,421,-81,0.0,25
1361,0,0,393,524,-131,0.0,21
1361,1,1,443,409,34,1.0,23
1369,0,0,464,448,16,1.0,24
1369,1,1,411,426,-15,0.0,28
1377,0,0,418,463,-45,0.0,28
1377,1,1,360,395,-35,0.0,26
1385,0,0,541,435,106,1.0,22
1385,1,1,343,383,-40,0.0,27
1393,0,0,413,451,-38,0.0,23
1393,1,1,393,438,-45,0.0,23
1401,0,0,446,533,-87,0.0,22
1401,1,1,562,483,79,1.0,22
1409,0,0,516,514,2,1.0,25
1409,1,1,447,360,87,1.0,27
1417,0,0,409,574,-165,0.0,21
1417,1,1,394,473,-79,0.0,25
1425,0,0,558,344,214,1.0,25
1425,1,1,573,466,107,1.0,21
1433,0,0,422,461,-39,0.0,24
1433,1,1,407,458,-51,0.0,26
1441,0,0,470,371,99,1.0,24
1441,1,1,443,411,32,1.0,24
1449,0,0,399,411,-12,0.0,31
1449,1,1,455,405,50,1.0,26
1457,0,0,407,533,-126,0.0,27
1457,1,1,458,445,13,1.0,24
1465,0,0,501,460,41,1.0,24
1465,1,1,528,393,135,1.0,28
1473,0,0,464,482,-18,0.0,28
1473,1,1,452,400,52,1.0,20
1481,0,0,472,433,39,1.0,24
1481,1,1,415,373,42,1.0,23
1489,0,0,508,388,120,1.0,26
1489,1,1,359,391,-32,0.0,26
1497,0,0,467,359,108,1.0,23
1497,1,1,489,483,6,1.0,24
1505,0,0,499,425,74,1.0,21
1505,1,1,453,549,-96,0.0,22
1513,0,0,452,342,110,1.0,25
1513,1,1,476,423,53,1.0,21
1521,0,0,505,368,137,1.0,22
1521,1,1,324,463,-139,0.0,26
1529,0,0,382,416,-34,0.0,26
1529,1,1,388,499,-111,0.0,24
1537,0,0,476,343,133,1.0,20
1537,1,1,431,412,19,1.0,23
1545,0,0,424,336,88,1.0,25
1545,1,1,292,491,-199,0.0,24
1553,0,0,412,452,-40,0.0,23
1553,1,1,432,487,-55,0.0,22
1561,0,0,403,481,-78,0.0,23
1561,1,1,515,469,46,1.0,22
1569,0,0,413,341,72,1.0,24
1569,1,1,399,331,68,1.0,27
1577,0,0,484,408,76,1.0,20
1577,1,1,507,522,-15,0.0,22
1585,0,0,448,539,-91,0.0,21
1585,1,1,404,471,-67,0.0,25
1593,0,0,422,471,-49,0.0,23
1593,1,1,463,431,32,1.0,24
1601,0,0,339,413,-74,0.0,25
1601,1,1,468,389,79,1.0,25
1609,0,0,346,530,-184,0.0,23
1609,1,1,475,370,105,1.0,25
1617,0,0,443,436,7,1.0,25
1617,1,1,495,362,133,1.0,23
1625,0,0,392,494,-102,0.0,23
1625,1,1,511,414,97,1.0,24
1633,0,0,435,461,-26,0.0,24
1633,1,1,383,483,-100,0.0,22
1641,0,0,388,498,-110,0.0,27
1641,1,1,452,397,55,1.0,22
1649,0,0,448,479,-31,0.0,21
1649,1,1,411,536,-125,0.0,22
1657,0,0,517,382,135,1.0,25
1657,1,1,351,430,-79,0.0,29
1665,0,0,437,441,-4,0.0,22
1665,1,1,441,398,43,1.0,25
1673,0,0,424,399,25,1.0,24
1673,1,1,459,421,38,1.0,27
1681,0,0,426,521,-95,0.0,23
1681,1,1,514,311,203,1.0,23
1689,0,0,446,522,-76,0.0,23
1689,1,1,465,455,10,1.0,23
1697,0,0,368,570,-202,0.0,21
1697,1,1,639,376,263,1.0,23
1705,0,0,495,430,65,1.0,24
1705,1,1,393,477,-84,0.0,27
1713,0,0,470,400,70,1.0,26
1713,1,1,508,401,107,1.0,25
1721,0,0,474,411,63,1.0,22
1721,1,1,396,429,-33,0.0,23
1729,0,0,482,324,158,1.0,28
1729,1,1,367,500,-133,0.0,26
1737,0,0,392,497,-105,0.0,21
1737,1,1,502,370,132,1.0,26
1745,0,0,415,590,-175,0.0,23
1745,1,1,427,401,26,1.0,23
1753,0,0,421,518,-97,0.0,21
1753,1,1,531,459,72,1.0,21
1761,0,0,390,363,27,1.0,31
1761,1,1,442,381,61,1.0,27
1769,0,0,417,497,-80,0.0,23
1769,1,1,582,433,149,1.0,20
1777,0,0,396,538,-142,0.0,27
1777,1,1,526,419,107,1.0,20
1785,0,0,517,432,85,1.0,25
1785,1,1,450,505,-55,0.0,23
1793,0,0,394,600,-206,0.0,24
1793,1,1,542,344,198,1.0,25
1801,0,0,525,424,101,1.0,24
1801,1,1,416,505,-89,0.0,21
1809,0,0,479,422,57,1.0,20
1809,1,1,427,349,78,1.0,23
1817,0,0,459,427,32,1.0,24
1817,1,1,449,422,27,1.0,24
1825,0,0,446,421,25,1.0,24
1825,1,1,459,445,14,1.0,24
1833,0,0,439,535,-96,0.0,25
1833,1,1,388,394,-6,0.0,24
1841,0,0,385,443,-58,0.0,27
1841,1,1,414,385,29,1.0,28
1849,0,0,544,463,81,1.0,21
1849,1,1,369,479,-110,0.0,26
1857,0,0,465,390,75,1.0,25
1857,1,1,444,479,-35,0.0,23
1865,0,0,458,334,124,1.0,25
1865,1,1,324,458,-134,0.0,25
1873,0,0,583,353,230,1.0,24
1873,1,1,355,423,-68,0.0,22
1881,0,0,311,530,-219,0.0,25
1881,1,1,442,440,2,1.0,22
1889,0,0,374,489,-115,0.0,23
1889,1,1,478,449,29,1.0,22
1897,0,0,460,441,19,1.0,24
1897,1,1,437,414,23,1.0,24
1905,0,0,582,365,217,1.0,26
1905,1,1,373,500,-127,0.0,23
1913,0,0,528,448,80,1.0,27
1913,1,1,416,512,-96,0.0,22
1921,0,0,474,477,-3,0.0,22
1921,1,1,438,492,-54,0.0,25
1929,0,0,514,512,2,1.0,20
1929,1,1,460,421,39,1.0,22
1937,0,0,595,396,199,1.0,28
1937,1,1,390,468,-78,0.0,24
1945,0,0,570,454,116,1.0,24
1945,1,1,496,527,-31,0.0,19
1953,0,0,501,435,66,1.0,21
1953,1,1,432,493,-61,0.0,21
1961,0,0,320,492,-172,0.0,26
1961,1,1,514,264,250,1.0,23
1969,0,0,424,535,-111,0.0,23
1969,1,1,496,478,18,1.0,22
1977,0,0,497,413,84,1.0,22
1977,1,1,410,475,-65,0.0,23
1985,0,0,473,462,11,1.0,22
1985,1,1,395,424,-29,0.0,24
1993,0,0,336,448,-112,0.0,25
1993,1,1,394,468,-74,0.0,26
pair,game,a_seat,a_score,b_score,a_spread,a_win,turns
2,0,0,549,397,152,1.0,21
2,1,1,426,495,-69,0.0,23
10,0,0,468,365,103,1.0,24
10,1,1,497,427,70,1.0,21
18,0,0,495,470,25,1.0,22
18,1,1,407,331,76,1.0,30
26,0,0,416,443,-27,0.0,23
26,1,1,379,407,-28,0.0,25
34,0,0,440,426,14,1.0,24
34,1,1,327,466,-139,0.0,24
42,0,0,447,366,81,1.0,25
42,1,1,376,481,-105,0.0,21
50,0,0,337,470,-133,0.0,24
50,1,1,562,406,156,1.0,26
58,0,0,319,490,-171,0.0,22
58,1,1,454,434,20,1.0,24
66,0,0,472,409,63,1.0,20
66,1,1,298,564,-266,0.0,28
74,0,0,469,377,92,1.0,28
74,1,1,394,561,-167,0.0,26
82,0,0,485,505,-20,0.0,24
82,1,1,545,433,112,1.0,24
90,0,0,454,515,-61,0.0,22
90,1,1,515,454,61,1.0,22
98,0,0,468,388,80,1.0,23
98,1,1,411,474,-63,0.0,23
106,0,0,467,356,111,1.0,34
106,1,1,436,348,88,1.0,26
114,0,0,359,438,-79,0.0,25
114,1,1,374,419,-45,0.0,22
122,0,0,432,433,-1,0.0,23
122,1,1,400,451,-51,0.0,27
130,0,0,519,383,136,1.0,25
130,1,1,340,470,-130,0.0,23
138,0,0,450,416,34,1.0,26
138,1,1,487,515,-28,0.0,18
146,0,0,399,345,54,1.0,21
146,1,1,445,454,-9,0.0,23
154,0,0,507,346,161,1.0,25
154,1,1,473,477,-4,0.0,27
162,0,0,391,389,2,1.0,23
162,1,1,417,529,-112,0.0,26
170,0,0,459,493,-34,0.0,24
170,1,1,455,397,58,1.0,20
178,0,0,538,411,127,1.0,23
178,1,1,379,520,-141,0.0,23
186,0,0,428,486,-58,0.0,22
186,1,1,317,433,-116,0.0,22
194,0,0,416,423,-7,0.0,25
194,1,1,433,407,26,1.0,25
202,0,0,563,457,106,1.0,21
202,1,1,449,484,-35,0.0,25
210,0,0,457,400,57,1.0,21
210,1,1,418,413,5,1.0,27
218,0,0,440,390,50,1.0,29
218,1,1,447,490,-43,0.0,22
226,0,0,455,454,1,1.0,22
226,1,1,412,469,-57,0.0,24
234,0,0,416,368,48,1.0,27
234,1,1,326,465,-139,0.0,28
242,0,0,474,464,10,1.0,21
242,1,1,446,487,-41,0.0,27
250,0,0,425,459,-34,0.0,21
250,1,1,470,474,-4,0.0,21
258,0,0,480,536,-56,0.0,20
258,1,1,458,428,30,1.0,23
266,0,0,441,442,-1,0.0,20
266,1,1,448,480,-32,0.0,22
274,0,0,531,399,132,1.0,23
274,1,1,287,544,-257,0.0,27
282,0,0,465,450,15,1.0,22
282,1,1,512,391,121,1.0,24
290,0,0,429,347,82,1.0,26
290,1,1,430,499,-69,0.0,22
298,0,0,388,483,-95,0.0,24
298,1,1,431,482,-51,0.0,21
306,0,0,383,458,-75,0.0,20
306,1,1,328,441,-113,0.0,27
314,0,0,533,432,101,1.0,22
314,1,1,474,487,-13,0.0,20
322,0,0,371,557,-186,0.0,24
322,1,1,485,412,73,1.0,25
330,0,0,382,410,-28,0.0,31
330,1,1,513,371,142,1.0,26
338,0,0,498,449,49,1.0,23
338,1,1,534,478,56,1.0,24
346,0,0,377,464,-87,0.0,24
346,1,1,432,359,73,1.0,25
354,0,0,453,490,-37,0.0,26
354,1,1,454,424,30,1.0,23
362,0,0,432,436,-4,0.0,24
362,1,1,414,460,-46,0.0,26
370,0,0,348,523,-175,0.0,24
370,1,1,429,425,4,1.0,25
378,0,0,497,485,12,1.0,23
378,1,1,557,504,53,1.0,21
386,0,0,436,509,-73,0.0,24
386,1,1,543,325,218,1.0,35
394,0,0,494,543,-49,0.0,20
394,1,1,504,494,10,1.0,19
402,0,0,462,324,138,1.0,26
402,1,1,396,490,-94,0.0,27
410,0,0,400,347,53,1.0,27
410,1,1,411,413,-2,0.0,22
418,0,0,333,399,-66,0.0,20
418,1,1,464,379,85,1.0,22
426,0,0,458,495,-37,0.0,20
426,1,1,495,458,37,1.0,20
434,0,0,418,430,-12,0.0,25
434,1,1,525,418,107,1.0,23
442,0,0,478,380,98,1.0,25
442,1,1,379,432,-53,0.0,25
450,0,0,425,564,-139,0.0,22
450,1,1,546,382,164,1.0,24
458,0,0,467,436,31,1.0,24
458,1,1,522,411,111,1.0,26
466,0,0,438,494,-56,0.0,20
466,1,1,505,520,-15,0.0,19
474,0,0,545,351,194,1.0,22
474,1,1,480,435,45,1.0,23
482,0,0,403,495,-92,0.0,22
482,1,1,387,464,-77,0.0,28
490,0,0,395,477,-82,0.0,26
490,1,1,413,474,-61,0.0,25
498,0,0,467,424,43,1.0,25
498,1,1,378,616,-238,0.0,21
506,0,0,522,461,61,1.0,22
506,1,1,416,528,-112,0.0,23
514,0,0,413,469,-56,0.0,26
514,1,1,428,507,-79,0.0,23
522,0,0,502,421,81,1.0,24
522,1,1,557,614,-57,0.0,23
530,0,0,452,334,118,1.0,26
530,1,1,332,451,-119,0.0,29
538,0,0,422,395,27,1.0,26
538,1,1,470,394,76,1.0,24
546,0,0,520,446,74,1.0,21
546,1,1,423,560,-137,0.0,19
554,0,0,380,428,-48,0.0,23
554,1,1,418,426,-8,0.0,22
562,0,0,514,445,69,1.0,23
562,1,1,415,484,-69,0.0,23
570,0,0,331,569,-238,0.0,22
570,1,1,589,320,269,1.0,22
578,0,0,336,492,-156,0.0,22
578,1,1,475,458,17,1.0,23
586,0,0,514,473,41,1.0,22
586,1,1,521,457,64,1.0,22
594,0,0,308,514,-206,0.0,23
594,1,1,546,333,213,1.0,22
602,0,0,481,415,66,1.0,23
602,1,1,443,424,19,1.0,24
610,0,0,376,379,-3,0.0,28
610,1,1,392,349,43,1.0,25
618,0,0,545,428,117,1.0,27
618,1,1,394,534,-140,0.0,25
626,0,0,572,397,175,1.0,24
626,1,1,443,553,-110,0.0,23
634,0,0,526,342,184,1.0,23
634,1,1,472,500,-28,0.0,24
642,0,0,508,367,141,1.0,23
642,1,1,391,513,-122,0.0,23
650,0,0,494,369,125,1.0,24
650,1,1,307,469,-162,0.0,26
658,0,0,405,387,18,1.0,24
658,1,1,432,435,-3,0.0,23
666,0,0,477,540,-63,0.0,21
666,1,1,447,441,6,1.0,22
674,0,0,430,524,-94,0.0,22
674,1,1,456,557,-101,0.0,24
682,0,0,427,359,68,1.0,22
682,1,1,401,404,-3,0.0,24
690,0,0,345,443,-98,0.0,24
690,1,1,494,439,55,1.0,23
698,0,0,453,533,-80,0.0,21
698,1,1,477,435,42,1.0,24
706,0,0,510,423,87,1.0,22
706,1,1,489,504,-15,0.0,24
714,0,0,353,479,-126,0.0,20
714,1,1,464,453,11,1.0,25
722,0,0,384,427,-43,0.0,25
722,1,1,418,402,16,1.0,24
730,0,0,455,391,64,1.0,25
730,1,1,366,429,-63,0.0,25
738,0,0,549,364,185,1.0,28
738,1,1,353,464,-111,0.0,25
746,0,0,488,413,75,1.0,25
746,1,1,446,479,-33,0.0,26
754,0,0,363,484,-121,0.0,26
754,1,1,457,465,-8,0.0,21
762,0,0,527,489,38,1.0,23
762,1,1,418,485,-67,0.0,23
770,0,0,412,408,4,1.0,23
770,1,1,398,426,-28,0.0,23
778,0,0,482,534,-52,0.0,20
778,1,1,518,500,18,1.0,21
786,0,0,447,527,-80,0.0,24
786,1,1,478,470,8,1.0,24
794,0,0,505,329,176,1.0,24
794,1,1,450,463,-13,0.0,23
802,0,0,499,446,53,1.0,20
802,1,1,467,507,-40,0.0,21
810,0,0,450,417,33,1.0,25
810,1,1,426,450,-24,0.0,21
818,0,0,459,377,82,1.0,25
818,1,1,439,541,-102,0.0,23
826,0,0,376,482,-106,0.0,25
826,1,1,476,383,93,1.0,25
834,0,0,398,387,11,1.0,26
834,1,1,358,474,-116,0.0,28
842,0,0,449,367,82,1.0,25
842,1,1,396,434,-38,0.0,24
850,0,0,430,391,39,1.0,23
850,1,1,381,602,-221,0.0,25
858,0,0,487,502,-15,0.0,25
858,1,1,457,456,1,1.0,23
866,0,0,401,504,-103,0.0,22
866,1,1,545,404,141,1.0,21
874,0,0,532,360,172,1.0,27
874,1,1,392,506,-114,0.0,22
882,0,0,477,471,6,1.0,24
882,1,1,425,409,16,1.0,22
890,0,0,428,505,-77,0.0,24
890,1,1,443,425,18,1.0,24
898,0,0,470,435,35,1.0,26
898,1,1,415,404,11,1.0,35
906,0,0,397,539,-142,0.0,22
906,1,1,439,484,-45,0.0,20
914,0,0,498,449,49,1.0,26
914,1,1,340,488,-148,0.0,21
922,0,0,299,478,-179,0.0,27
922,1,1,487,371,116,1.0,20
930,0,0,406,507,-101,0.0,23
930,1,1,458,460,-2,0.0,21
938,0,0,414,456,-42,0.0,23
938,1,1,429,451,-22,0.0,24
946,0,0,459,575,-116,0.0,21
946,1,1,539,349,190,1.0,21
954,0,0,348,521,-173,0.0,24
954,1,1,545,335,210,1.0,22
962,0,0,348,518,-170,0.0,22
962,1,1,384,523,-139,0.0,23
970,0,0,434,479,-45,0.0,22
970,1,1,498,398,100,1.0,24
978,0,0,499,382,117,1.0,24
978,1,1,341,460,-119,0.0,23
986,0,0,541,436,105,1.0,22
986,1,1,439,549,-110,0.0,21
994,0,0,495,457,38,1.0,25
994,1,1,344,505,-161,0.0,20
1002,0,0,344,424,-80,0.0,26
1002,1,1,478,387,91,1.0,22
1010,0,0,445,552,-107,0.0,21
1010,1,1,417,406,11,1.0,24
1018,0,0,385,429,-44,0.0,22
1018,1,1,507,356,151,1.0,22
1026,0,0,431,366,65,1.0,22
1026,1,1,367,510,-143,0.0,23
1034,0,0,550,403,147,1.0,21
1034,1,1,481,451,30,1.0,21
1042,0,0,463,385,78,1.0,27
1042,1,1,436,535,-99,0.0,27
1050,0,0,405,471,-66,0.0,24
1050,1,1,494,357,137,1.0,20
1058,0,0,367,364,3,1.0,28
1058,1,1,435,524,-89,0.0,24
1066,0,0,416,499,-83,0.0,25
1066,1,1,386,406,-20,0.0,25
1074,0,0,388,340,48,1.0,30
1074,1,1,439,483,-44,0.0,24
1082,0,0,368,442,-74,0.0,30
1082,1,1,365,378,-13,0.0,24
1090,0,0,440,504,-64,0.0,22
1090,1,1,401,377,24,1.0,24
1098,0,0,496,382,114,1.0,23
1098,1,1,493,443,50,1.0,25
1106,0,0,392,499,-107,0.0,24
1106,1,1,394,483,-89,0.0,25
1114,0,0,406,431,-25,0.0,24
1114,1,1,461,359,102,1.0,24
1122,0,0,519,468,51,1.0,23
1122,1,1,443,638,-195,0.0,22
1130,0,0,449,489,-40,0.0,24
1130,1,1,543,398,145,1.0,24
1138,0,0,510,324,186,1.0,28
1138,1,1,346,399,-53,0.0,25
1146,0,0,332,346,-14,0.0,21
1146,1,1,414,484,-70,0.0,25
1154,0,0,404,421,-17,0.0,30
1154,1,1,394,480,-86,0.0,24
1162,0,0,392,405,-13,0.0,28
1162,1,1,417,505,-88,0.0,23
1170,0,0,381,329,52,1.0,27
1170,1,1,509,295,214,1.0,27
1178,0,0,409,505,-96,0.0,21
1178,1,1,516,326,190,1.0,24
1186,0,0,374,543,-169,0.0,24
1186,1,1,548,377,171,1.0,24
1194,0,0,451,436,15,1.0,21
1194,1,1,394,467,-73,0.0,21
1202,0,0,528,350,178,1.0,35
1202,1,1,467,395,72,1.0,25
1210,0,0,405,581,-176,0.0,23
1210,1,1,567,465,102,1.0,24
1218,0,0,497,351,146,1.0,28
1218,1,1,314,458,-144,0.0,25
1226,0,0,471,432,39,1.0,23
1226,1,1,401,482,-81,0.0,24
1234,0,0,440,513,-73,0.0,23
1234,1,1,566,395,171,1.0,23
1242,0,0,483,438,45,1.0,22
1242,1,1,409,458,-49,0.0,20
1250,0,0,484,485,-1,0.0,25
1250,1,1,428,551,-123,0.0,23
1258,0,0,353,438,-85,0.0,28
1258,1,1,452,445,7,1.0,26
1266,0,0,433,402,31,1.0,22
1266,1,1,428,457,-29,0.0,23
1274,0,0,358,473,-115,0.0,24
1274,1,1,364,471,-107,0.0,27
1282,0,0,561,447,114,1.0,26
1282,1,1,431,410,21,1.0,24
1290,0,0,338,460,-122,0.0,22
1290,1,1,419,387,32,1.0,22
1298,0,0,471,423,48,1.0,25
1298,1,1,395,439,-44,0.0,26
1306,0,0,530,418,112,1.0,23
1306,1,1,390,426,-36,0.0,24
1314,0,0,395,484,-89,0.0,25
1314,1,1,422,513,-91,0.0,21
1322,0,0,518,347,171,1.0,24
1322,1,1,261,465,-204,0.0,25
1330,0,0,563,419,144,1.0,20
1330,1,1,444,646,-202,0.0,20
1338,0,0,435,403,32,1.0,28
1338,1,1,511,452,59,1.0,23
1346,0,0,374,428,-54,0.0,24
1346,1,1,424,483,-59,0.0,25
1354,0,0,362,408,-46,0.0,27
1354,1,1,350,486,-136,0.0,23
1362,0,0,404,513,-109,0.0,24
1362,1,1,461,524,-63,0.0,22
1370,0,0,401,429,-28,0.0,23
1370,1,1,411,436,-25,0.0,22
1378,0,0,529,418,111,1.0,25
1378,1,1,509,410,99,1.0,21
1386,0,0,373,504,-131,0.0,28
1386,1,1,423,415,8,1.0,25
1394,0,0,492,439,53,1.0,25
1394,1,1,420,613,-193,0.0,21
1402,0,0,382,452,-70,0.0,26
1402,1,1,319,454,-135,0.0,25
1410,0,0,505,393,112,1.0,24
1410,1,1,383,513,-130,0.0,27
1418,0,0,475,413,62,1.0,22
1418,1,1,375,459,-84,0.0,28
1426,0,0,434,446,-12,0.0,24
1426,1,1,432,491,-59,0.0,21
1434,0,0,464,497,-33,0.0,24
1434,1,1,448,357,91,1.0,23
1442,0,0,387,490,-103,0.0,24
1442,1,1,424,470,-46,0.0,25
1450,0,0,398,380,18,1.0,23
1450,1,1,454,417,37,1.0,24
1458,0,0,458,475,-17,0.0,25
1458,1,1,524,372,152,1.0,24
1466,0,0,319,476,-157,0.0,24
1466,1,1,360,380,-20,0.0,24
1474,0,0,447,341,106,1.0,23
1474,1,1,468,471,-3,0.0,23
1482,0,0,483,445,38,1.0,23
1482,1,1,390,384,6,1.0,26
1490,0,0,482,367,115,1.0,21
1490,1,1,439,590,-151,0.0,21
1498,0,0,551,348,203,1.0,21
1498,1,1,370,380,-10,0.0,27
1506,0,0,379,395,-16,0.0,31
1506,1,1,406,453,-47,0.0,20
1514,0,0,528,473,55,1.0,20
1514,1,1,417,487,-70,0.0,22
1522,0,0,420,505,-85,0.0,22
1522,1,1,558,422,136,1.0,28
1530,0,0,480,446,34,1.0,21
1530,1,1,515,451,64,1.0,23
1538,0,0,496,428,68,1.0,24
1538,1,1,345,442,-97,0.0,26
1546,0,0,421,440,-19,0.0,24
1546,1,1,399,532,-133,0.0,25
1554,0,0,419,475,-56,0.0,21
1554,1,1,364,474,-110,0.0,26
1562,0,0,557,442,115,1.0,24
1562,1,1,402,572,-170,0.0,23
1570,0,0,376,453,-77,0.0,24
1570,1,1,454,429,25,1.0,25
1578,0,0,373,480,-107,0.0,26
1578,1,1,465,311,154,1.0,23
1586,0,0,442,457,-15,0.0,23
1586,1,1,355,428,-73,0.0,26
1594,0,0,506,414,92,1.0,23
1594,1,1,384,494,-110,0.0,23
1602,0,0,438,501,-63,0.0,23
1602,1,1,421,418,3,1.0,22
1610,0,0,415,455,-40,0.0,24
1610,1,1,446,454,-8,0.0,27
1618,0,0,305,486,-181,0.0,30
1618,1,1,500,316,184,1.0,21
1626,0,0,443,398,45,1.0,22
1626,1,1,335,531,-196,0.0,21
1634,0,0,388,443,-55,0.0,25
1634,1,1,440,317,123,1.0,21
1642,0,0,495,469,26,1.0,25
1642,1,1,446,523,-77,0.0,25
1650,0,0,461,418,43,1.0,23
1650,1,1,381,414,-33,0.0,25
1658,0,0,371,502,-131,0.0,27
1658,1,1,492,394,98,1.0,28
1666,0,0,453,410,43,1.0,25
1666,1,1,426,457,-31,0.0,23
1674,0,0,510,392,118,1.0,23
1674,1,1,368,531,-163,0.0,24
1682,0,0,396,404,-8,0.0,27
1682,1,1,572,431,141,1.0,23
1690,0,0,495,416,79,1.0,26
1690,1,1,366,513,-147,0.0,25
1698,0,0,485,461,24,1.0,25
1698,1,1,366,391,-25,0.0,22
1706,0,0,394,682,-288,0.0,23
1706,1,1,440,360,80,1.0,27
1714,0,0,299,392,-93,0.0,28
1714,1,1,468,345,123,1.0,28
1722,0,0,528,330,198,1.0,27
1722,1,1,361,503,-142,0.0,25
1730,0,0,476,461,15,1.0,22
1730,1,1,416,451,-35,0.0,23
1738,0,0,445,479,-34,0.0,24
1738,1,1,481,382,99,1.0,24
1746,0,0,374,396,-22,0.0,21
1746,1,1,499,424,75,1.0,23
1754,0,0,460,341,119,1.0,24
1754,1,1,402,586,-184,0.0,21
1762,0,0,525,445,80,1.0,23
1762,1,1,498,391,107,1.0,21
1770,0,0,414,470,-56,0.0,24
1770,1,1,515,445,70,1.0,24
1778,0,0,420,501,-81,0.0,28
1778,1,1,474,454,20,1.0,21
1786,0,0,547,438,109,1.0,23
1786,1,1,385,479,-94,0.0,22
1794,0,0,442,369,73,1.0,24
1794,1,1,380,554,-174,0.0,25
1802,0,0,464,497,-33,0.0,29
1802,1,1,469,368,101,1.0,24
1810,0,0,478,353,125,1.0,28
1810,1,1,413,513,-100,0.0,25
1818,0,0,435,266,169,1.0,29
1818,1,1,343,480,-137,0.0,27
1826,0,0,459,439,20,1.0,21
1826,1,1,500,433,67,1.0,24
1834,0,0,447,423,24,1.0,24
1834,1,1,399,464,-65,0.0,25
1842,0,0,511,334,177,1.0,23
1842,1,1,397,444,-47,0.0,23
1850,0,0,442,331,111,1.0,25
1850,1,1,408,343,65,1.0,35
1858,0,0,545,445,100,1.0,19
1858,1,1,391,496,-105,0.0,21
1866,0,0,442,362,80,1.0,27
1866,1,1,386,405,-19,0.0,26
1874,0,0,407,421,-14,0.0,26
1874,1,1,570,387,183,1.0,22
1882,0,0,474,408,66,1.0,27
1882,1,1,436,467,-31,0.0,25
1890,0,0,270,421,-151,0.0,30
1890,1,1,432,424,8,1.0,26
1898,0,0,520,406,114,1.0,23
1898,1,1,425,441,-16,0.0,23
1906,0,0,539,453,86,1.0,21
1906,1,1,462,485,-23,0.0,23
1914,0,0,450,517,-67,0.0,22
1914,1,1,493,413,80,1.0,24
1922,0,0,426,396,30,1.0,25
1922,1,1,493,449,44,1.0,22
1930,0,0,389,494,-105,0.0,25
1930,1,1,441,415,26,1.0,24
1938,0,0,453,368,85,1.0,29
1938,1,1,364,412,-48,0.0,32
1946,0,0,563,439,124,1.0,22
1946,1,1,356,538,-182,0.0,22
1954,0,0,503,380,123,1.0,25
1954,1,1,486,437,49,1.0,22
1962,0,0,412,416,-4,0.0,21
1962,1,1,476,359,117,1.0,25
1970,0,0,378,556,-178,0.0,26
1970,1,1,498,451,47,1.0,27
1978,0,0,533,447,86,1.0,23
1978,1,1,505,360,145,1.0,22
1986,0,0,382,565,-183,0.0,24
1986,1,1,494,451,43,1.0,24
1994,0,0,416,380,36,1.0,24
1994,1,1,395,437,-42,0.0,23
pair,game,a_seat,a_score,b_score,a_spread,a_win,turns
3,0,0,388,458,-70,0.0,29
3,1,1,371,465,-94,0.0,27
11,0,0,480,307,173,1.0,28
11,1,1,295,504,-209,0.0,26
19,0,0,415,487,-72,0.0,22
19,1,1,412,444,-32,0.0,22
27,0,0,417,514,-97,0.0,27
27,1,1,430,487,-57,0.0,31
35,0,0,471,458,13,1.0,23
35,1,1,435,426,9,1.0,25
43,0,0,320,582,-262,0.0,31
43,1,1,504,373,131,1.0,25
51,0,0,428,454,-26,0.0,23
51,1,1,473,461,12,1.0,21
59,0,0,435,433,2,1.0,23
59,1,1,410,449,-39,0.0,24
67,0,0,340,450,-110,0.0,23
67,1,1,461,359,102,1.0,23
75,0,0,450,498,-48,0.0,24
75,1,1,352,514,-162,0.0,22
83,0,0,386,460,-74,0.0,21
83,1,1,402,441,-39,0.0,22
91,0,0,367,499,-132,0.0,24
91,1,1,482,491,-9,0.0,20
99,0,0,482,477,5,1.0,22
99,1,1,447,460,-13,0.0,24
107,0,0,376,537,-161,0.0,25
107,1,1,482,382,100,1.0,28
115,0,0,444,405,39,1.0,24
115,1,1,450,441,9,1.0,22
123,0,0,438,455,-17,0.0,24
123,1,1,392,451,-59,0.0,24
131,0,0,337,468,-131,0.0,27
131,1,1,612,335,277,1.0,24
139,0,0,344,518,-174,0.0,25
139,1,1,469,509,-40,0.0,23
147,0,0,405,537,-132,0.0,24
147,1,1,493,355,138,1.0,29
155,0,0,372,439,-67,0.0,26
155,1,1,454,349,105,1.0,27
163,0,0,402,412,-10,0.0,24
163,1,1,483,430,53,1.0,21
171,0,0,387,380,7,1.0,23
171,1,1,426,407,19,1.0,20
179,0,0,438,387,51,1.0,20
179,1,1,456,347,109,1.0,21
187,0,0,405,447,-42,0.0,24
187,1,1,389,451,-62,0.0,23
195,0,0,436,579,-143,0.0,21
195,1,1,434,397,37,1.0,23
203,0,0,439,466,-27,0.0,21
203,1,1,385,403,-18,0.0,23
211,0,0,385,604,-219,0.0,23
211,1,1,581,307,274,1.0,21
219,0,0,443,515,-72,0.0,21
219,1,1,414,473,-59,0.0,24
227,0,0,446,526,-80,0.0,21
227,1,1,349,501,-152,0.0,22
235,0,0,461,483,-22,0.0,22
235,1,1,420,468,-48,0.0,25
243,0,0,428,610,-182,0.0,26
243,1,1,449,460,-11,0.0,26
251,0,0,425,474,-49,0.0,25
251,1,1,470,486,-16,0.0,30
259,0,0,390,418,-28,0.0,25
259,1,1,485,363,122,1.0,24
267,0,0,449,445,4,1.0,25
267,1,1,500,411,89,1.0,26
275,0,0,436,475,-39,0.0,26
275,1,1,463,388,75,1.0,22
283,0,0,361,443,-82,0.0,23
283,1,1,499,431,68,1.0,21
291,0,0,462,454,8,1.0,25
291,1,1,415,439,-24,0.0,31
299,0,0,517,350,167,1.0,23
299,1,1,359,492,-133,0.0,22
307,0,0,383,451,-68,0.0,25
307,1,1,409,373,36,1.0,26
315,0,0,388,461,-73,0.0,30
315,1,1,353,416,-63,0.0,28
323,0,0,441,432,9,1.0,22
323,1,1,414,381,33,1.0,24
331,0,0,503,391,112,1.0,26
331,1,1,483,413,70,1.0,26
339,0,0,375,437,-62,0.0,26
339,1,1,437,473,-36,0.0,22
347,0,0,408,586,-178,0.0,21
347,1,1,384,386,-2,0.0,23
355,0,0,380,356,24,1.0,29
355,1,1,452,416,36,1.0,26
363,0,0,382,459,-77,0.0,27
363,1,1,422,476,-54,0.0,24
371,0,0,470,336,134,1.0,27
371,1,1,530,431,99,1.0,21
379,0,0,453,426,27,1.0,21
379,1,1,477,323,154,1.0,32
387,0,0,477,490,-13,0.0,26
387,1,1,448,407,41,1.0,24
395,0,0,424,453,-29,0.0,23
395,1,1,572,389,183,1.0,25
403,0,0,419,419,0,0.5,27
403,1,1,464,333,131,1.0,35
411,0,0,454,358,96,1.0,23
411,1,1,444,487,-43,0.0,20
419,0,0,328,417,-89,0.0,23
419,1,1,498,322,176,1.0,21
427,0,0,398,495,-97,0.0,28
427,1,1,530,489,41,1.0,19
435,0,0,430,348,82,1.0,25
435,1,1,404,469,-65,0.0,23
443,0,0,433,556,-123,0.0,23
443,1,1,564,421,143,1.0,23
451,0,0,446,510,-64,0.0,27
451,1,1,526,428,98,1.0,22
459,0,0,478,372,106,1.0,22
459,1,1,419,471,-52,0.0,23
467,0,0,531,456,75,1.0,20
467,1,1,379,448,-69,0.0,24
475,0,0,419,456,-37,0.0,25
475,1,1,425,483,-58,0.0,26
483,0,0,374,385,-11,0.0,32
483,1,1,406,312,94,1.0,37
491,0,0,391,356,35,1.0,30
491,1,1,403,393,10,1.0,23
499,0,0,452,468,-16,0.0,21
499,1,1,565,416,149,1.0,23
507,0,0,469,427,42,1.0,21
507,1,1,353,423,-70,0.0,23
515,0,0,418,427,-9,0.0,22
515,1,1,443,406,37,1.0,27
523,0,0,326,476,-150,0.0,23
523,1,1,466,374,92,1.0,22
531,0,0,423,433,-10,0.0,22
531,1,1,457,421,36,1.0,23
539,0,0,388,405,-17,0.0,26
539,1,1,355,430,-75,0.0,30
547,0,0,529,272,257,1.0,26
547,1,1,406,468,-62,0.0,21
555,0,0,554,363,191,1.0,24
555,1,1,358,482,-124,0.0,21
563,0,0,506,440,66,1.0,21
563,1,1,403,441,-38,0.0,22
571,0,0,453,540,-87,0.0,23
571,1,1,487,466,21,1.0,23
579,0,0,409,422,-13,0.0,27
579,1,1,443,397,46,1.0,26
587,0,0,447,366,81,1.0,26
587,1,1,384,425,-41,0.0,24
595,0,0,456,365,91,1.0,22
595,1,1,436,510,-74,0.0,25
603,0,0,438,445,-7,0.0,23
603,1,1,471,432,39,1.0,21
611,0,0,435,536,-101,0.0,24
611,1,1,481,402,79,1.0,22
619,0,0,400,503,-103,0.0,26
619,1,1,531,421,110,1.0,25
627,0,0,343,545,-202,0.0,23
627,1,1,462,380,82,1.0,24
635,0,0,409,419,-10,0.0,26
635,1,1,567,346,221,1.0,23
643,0,0,492,567,-75,0.0,23
643,1,1,424,477,-53,0.0,22
651,0,0,381,463,-82,0.0,24
651,1,1,465,399,66,1.0,24
659,0,0,509,423,86,1.0,26
659,1,1,407,413,-6,0.0,23
667,0,0,462,450,12,1.0,24
667,1,1,357,420,-63,0.0,25
675,0,0,429,551,-122,0.0,24
675,1,1,429,481,-52,0.0,23
683,0,0,378,536,-158,0.0,21
683,1,1,423,510,-87,0.0,20
691,0,0,458,474,-16,0.0,26
691,1,1,482,441,41,1.0,23
699,0,0,432,519,-87,0.0,22
699,1,1,575,416,159,1.0,23
707,0,0,482,528,-46,0.0,22
707,1,1,605,369,236,1.0,23
715,0,0,453,375,78,1.0,24
715,1,1,437,392,45,1.0,24
723,0,0,423,467,-44,0.0,21
723,1,1,495,437,58,1.0,25
731,0,0,429,439,-10,0.0,26
731,1,1,377,429,-52,0.0,21
739,0,0,301,485,-184,0.0,29
739,1,1,486,375,111,1.0,23
747,0,0,435,478,-43,0.0,24
747,1,1,496,343,153,1.0,26
755,0,0,421,411,10,1.0,22
755,1,1,372,475,-103,0.0,28
763,0,0,590,410,180,1.0,20
763,1,1,314,575,-261,0.0,24
771,0,0,530,511,19,1.0,20
771,1,1,507,499,8,1.0,21
779,0,0,463,386,77,1.0,23
779,1,1,406,476,-70,0.0,21
787,0,0,435,397,38,1.0,25
787,1,1,413,402,11,1.0,27
795,0,0,428,393,35,1.0,23
795,1,1,557,467,90,1.0,21
803,0,0,427,508,-81,0.0,22
803,1,1,439,426,13,1.0,23
811,0,0,313,517,-204,0.0,25
811,1,1,494,256,238,1.0,23
819,0,0,508,438,70,1.0,20
819,1,1,580,428,152,1.0,21
827,0,0,378,441,-63,0.0,24
827,1,1,423,571,-148,0.0,26
835,0,0,533,449,84,1.0,28
835,1,1,454,425,29,1.0,23
843,0,0,403,520,-117,0.0,23
843,1,1,460,371,89,1.0,24
851,0,0,403,522,-119,0.0,21
851,1,1,540,414,126,1.0,24
859,0,0,447,414,33,1.0,25
859,1,1,410,457,-47,0.0,22
867,0,0,487,380,107,1.0,31
867,1,1,358,436,-78,0.0,30
875,0,0,434,422,12,1.0,22
875,1,1,431,397,34,1.0,29
883,0,0,535,385,150,1.0,24
883,1,1,453,390,63,1.0,23
891,0,0,353,407,-54,0.0,23
891,1,1,429,394,35,1.0,26
899,0,0,388,447,-59,0.0,28
899,1,1,482,404,78,1.0,23
907,0,0,390,393,-3,0.0,25
907,1,1,360,361,-1,0.0,24
915,0,0,481,377,104,1.0,23
915,1,1,400,501,-101,0.0,28
923,0,0,368,402,-34,0.0,24
923,1,1,372,403,-31,0.0,23
931,0,0,443,488,-45,0.0,26
931,1,1,478,329,149,1.0,27
939,0,0,536,388,148,1.0,22
939,1,1,435,429,6,1.0,24
947,0,0,498,349,149,1.0,25
947,1,1,401,402,-1,0.0,24
955,0,0,476,442,34,1.0,23
955,1,1,472,433,39,1.0,22
963,0,0,528,449,79,1.0,22
963,1,1,463,435,28,1.0,22
971,0,0,324,550,-226,0.0,22
971,1,1,510,346,164,1.0,23
979,0,0,482,426,56,1.0,30
979,1,1,386,387,-1,0.0,22
987,0,0,434,407,27,1.0,25
987,1,1,425,427,-2,0.0,22
995,0,0,467,559,-92,0.0,20
995,1,1,516,443,73,1.0,23
1003,0,0,440,584,-144,0.0,23
1003,1,1,486,397,89,1.0,21
1011,0,0,422,447,-25,0.0,25
1011,1,1,379,417,-38,0.0,25
1019,0,0,393,463,-70,0.0,21
1019,1,1,429,463,-34,0.0,24
1027,0,0,403,491,-88,0.0,21
1027,1,1,472,457,15,1.0,21
1035,0,0,436,475,-39,0.0,23
1035,1,1,419,377,42,1.0,26
1043,0,0,311,528,-217,0.0,25
1043,1,1,501,316,185,1.0,24
1051,0,0,416,398,18,1.0,28
1051,1,1,412,532,-120,0.0,28
1059,0,0,390,471,-81,0.0,37
1059,1,1,451,490,-39,0.0,32
1067,0,0,554,390,164,1.0,22
1067,1,1,457,501,-44,0.0,24
1075,0,0,408,427,-19,0.0,27
1075,1,1,516,394,122,1.0,23
1083,0,0,448,426,22,1.0,24
1083,1,1,439,462,-23,0.0,23
1091,0,0,396,371,25,1.0,24
1091,1,1,452,453,-1,0.0,26
1099,0,0,467,523,-56,0.0,23
1099,1,1,509,406,103,1.0,20
1107,0,0,442,527,-85,0.0,22
1107,1,1,483,421,62,1.0,22
1115,0,0,390,529,-139,0.0,21
1115,1,1,619,411,208,1.0,19
1123,0,0,512,361,151,1.0,24
1123,1,1,430,447,-17,0.0,26
1131,0,0,558,455,103,1.0,23
1131,1,1,450,550,-100,0.0,23
1139,0,0,379,459,-80,0.0,25
1139,1,1,510,373,137,1.0,24
1147,0,0,443,413,30,1.0,22
1147,1,1,452,392,60,1.0,28
1155,0,0,499,366,133,1.0,25
1155,1,1,377,443,-66,0.0,23
1163,0,0,402,535,-133,0.0,22
1163,1,1,424,338,86,1.0,25
1171,0,0,414,438,-24,0.0,27
1171,1,1,438,491,-53,0.0,25
1179,0,0,485,461,24,1.0,22
1179,1,1,424,550,-126,0.0,22
1187,0,0,492,441,51,1.0,21
1187,1,1,500,471,29,1.0,22
1195,0,0,418,475,-57,0.0,20
1195,1,1,477,415,62,1.0,29
1203,0,0,352,453,-101,0.0,24
1203,1,1,448,457,-9,0.0,26
1211,0,0,352,402,-50,0.0,24
1211,1,1,464,412,52,1.0,23
1219,0,0,444,397,47,1.0,24
1219,1,1,367,488,-121,0.0,23
1227,0,0,413,471,-58,0.0,23
1227,1,1,458,410,48,1.0,21
1235,0,0,400,439,-39,0.0,25
1235,1,1,388,346,42,1.0,24
1243,0,0,264,427,-163,0.0,29
1243,1,1,433,362,71,1.0,27
1251,0,0,488,376,112,1.0,23
1251,1,1,330,441,-111,0.0,27
1259,0,0,363,460,-97,0.0,42
1259,1,1,392,402,-10,0.0,24
1267,0,0,394,494,-100,0.0,24
1267,1,1,494,510,-16,0.0,23
1275,0,0,432,469,-37,0.0,21
1275,1,1,430,489,-59,0.0,21
1283,0,0,487,467,20,1.0,20
1283,1,1,483,490,-7,0.0,20
1291,0,0,466,429,37,1.0,21
1291,1,1,500,428,72,1.0,25
1299,0,0,463,387,76,1.0,26
1299,1,1,346,420,-74,0.0,26
1307,0,0,444,423,21,1.0,25
1307,1,1,354,381,-27,0.0,26
1315,0,0,402,451,-49,0.0,23
1315,1,1,588,399,189,1.0,25
1323,0,0,352,494,-142,0.0,23
1323,1,1,448,374,74,1.0,24
1331,0,0,420,415,5,1.0,24
1331,1,1,424,434,-10,0.0,28
1339,0,0,551,552,-1,0.0,25
1339,1,1,469,459,10,1.0,24
1347,0,0,361,441,-80,0.0,24
1347,1,1,455,483,-28,0.0,24
1355,0,0,380,667,-287,0.0,22
1355,1,1,398,524,-126,0.0,23
1363,0,0,445,398,47,1.0,24
1363,1,1,459,438,21,1.0,27
1371,0,0,442,365,77,1.0,24
1371,1,1,351,429,-78,0.0,24
1379,0,0,475,336,139,1.0,28
1379,1,1,420,487,-67,0.0,23
1387,0,0,402,451,-49,0.0,27
1387,1,1,385,435,-50,0.0,23
1395,0,0,466,408,58,1.0,25
1395,1,1,409,577,-168,0.0,22
1403,0,0,433,325,108,1.0,22
1403,1,1,396,402,-6,0.0,25
1411,0,0,414,555,-141,0.0,21
1411,1,1,503,493,10,1.0,24
1419,0,0,424,535,-111,0.0,26
1419,1,1,531,489,42,1.0,20
1427,0,0,448,445,3,1.0,24
1427,1,1,422,439,-17,0.0,22
1435,0,0,388,429,-41,0.0,24
1435,1,1,438,376,62,1.0,24
1443,0,0,412,439,-27,0.0,24
1443,1,1,480,460,20,1.0,24
1451,0,0,437,522,-85,0.0,24
1451,1,1,525,438,87,1.0,20
1459,0,0,456,525,-69,0.0,22
1459,1,1,489,466,23,1.0,21
1467,0,0,443,438,5,1.0,25
1467,1,1,418,334,84,1.0,25
1475,0,0,488,464,24,1.0,23
1475,1,1,453,467,-14,0.0,23
1483,0,0,502,448,54,1.0,22
1483,1,1,422,461,-39,0.0,22
1491,0,0,486,328,158,1.0,27
1491,1,1,322,448,-126,0.0,27
1499,0,0,532,392,140,1.0,23
1499,1,1,508,498,10,1.0,22
1507,0,0,481,308,173,1.0,33
1507,1,1,463,440,23,1.0,23
1515,0,0,423,441,-18,0.0,23
1515,1,1,482,339,143,1.0,23
1523,0,0,353,531,-178,0.0,27
1523,1,1,472,425,47,1.0,21
1531,0,0,384,463,-79,0.0,30
1531,1,1,297,513,-216,0.0,26
1539,0,0,373,459,-86,0.0,22
1539,1,1,522,364,158,1.0,22
1547,0,0,462,480,-18,0.0,25
1547,1,1,445,440,5,1.0,23
1555,0,0,400,434,-34,0.0,22
1555,1,1,416,381,35,1.0,25
1563,0,0,482,484,-2,0.0,23
1563,1,1,312,589,-277,0.0,27
1571,0,0,403,388,15,1.0,31
1571,1,1,409,383,26,1.0,34
1579,0,0,390,392,-2,0.0,23
1579,1,1,515,389,126,1.0,22
1587,0,0,488,501,-13,0.0,24
1587,1,1,496,489,7,1.0,21
1595,0,0,420,493,-73,0.0,23
1595,1,1,495,379,116,1.0,23
1603,0,0,468,434,34,1.0,24
1603,1,1,381,407,-26,0.0,29
1611,0,0,417,441,-24,0.0,27
1611,1,1,412,518,-106,0.0,21
1619,0,0,437,469,-32,0.0,29
1619,1,1,470,438,32,1.0,22
1627,0,0,385,420,-35,0.0,21
1627,1,1,370,445,-75,0.0,26
1635,0,0,498,407,91,1.0,24
1635,1,1,367,455,-88,0.0,23
1643,0,0,407,456,-49,0.0,33
1643,1,1,435,468,-33,0.0,24
1651,0,0,460,451,9,1.0,24
1651,1,1,455,342,113,1.0,29
1659,0,0,414,476,-62,0.0,21
1659,1,1,447,453,-6,0.0,21
1667,0,0,361,377,-16,0.0,22
1667,1,1,392,404,-12,0.0,21
1675,0,0,283,486,-203,0.0,21
1675,1,1,507,351,156,1.0,24
1683,0,0,294,511,-217,0.0,25
1683,1,1,503,322,181,1.0,25
1691,0,0,448,431,17,1.0,23
1691,1,1,367,457,-90,0.0,25
1699,0,0,461,441,20,1.0,21
1699,1,1,487,420,67,1.0,21
1707,0,0,416,410,6,1.0,22
1707,1,1,389,462,-73,0.0,22
1715,0,0,389,364,25,1.0,31
1715,1,1,492,359,133,1.0,24
1723,0,0,421,428,-7,0.0,26
1723,1,1,354,423,-69,0.0,22
1731,0,0,452,472,-20,0.0,21
1731,1,1,378,505,-127,0.0,26
1739,0,0,320,483,-163,0.0,28
1739,1,1,518,489,29,1.0,21
1747,0,0,477,408,69,1.0,25
1747,1,1,422,517,-95,0.0,22
1755,0,0,429,425,4,1.0,29
1755,1,1,270,487,-217,0.0,23
1763,0,0,380,456,-76,0.0,23
1763,1,1,391,430,-39,0.0,21
1771,0,0,430,403,27,1.0,27
1771,1,1,360,414,-54,0.0,29
1779,0,0,486,479,7,1.0,23
1779,1,1,453,406,47,1.0,23
1787,0,0,527,389,138,1.0,23
1787,1,1,414,488,-74,0.0,22
1795,0,0,382,370,12,1.0,27
1795,1,1,386,437,-51,0.0,28
1803,0,0,478,367,111,1.0,26
1803,1,1,425,471,-46,0.0,23
1811,0,0,458,492,-34,0.0,25
1811,1,1,480,367,113,1.0,22
1819,0,0,403,446,-43,0.0,24
1819,1,1,401,329,72,1.0,25
1827,0,0,401,432,-31,0.0,21
1827,1,1,445,468,-23,0.0,22
1835,0,0,615,464,151,1.0,25
1835,1,1,387,493,-106,0.0,28
1843,0,0,394,436,-42,0.0,24
1843,1,1,431,420,11,1.0,23
1851,0,0,444,352,92,1.0,24
1851,1,1,442,434,8,1.0,20
1859,0,0,423,495,-72,0.0,22
1859,1,1,407,390,17,1.0,23
1867,0,0,475,306,169,1.0,25
1867,1,1,409,393,16,1.0,26
1875,0,0,456,396,60,1.0,27
1875,1,1,524,398,126,1.0,27
1883,0,0,497,575,-78,0.0,20
1883,1,1,504,533,-29,0.0,22
1891,0,0,445,423,22,1.0,22
1891,1,1,396,423,-27,0.0,22
1899,0,0,432,473,-41,0.0,23
1899,1,1,476,482,-6,0.0,26
1907,0,0,328,457,-129,0.0,27
1907,1,1,559,389,170,1.0,25
1915,0,0,366,480,-114,0.0,25
1915,1,1,524,375,149,1.0,24
1923,0,0,470,449,21,1.0,20
1923,1,1,439,433,6,1.0,23
1931,0,0,275,545,-270,0.0,23
1931,1,1,533,301,232,1.0,27
1939,0,0,401,324,77,1.0,30
1939,1,1,430,409,21,1.0,25
1947,0,0,369,554,-185,0.0,24
1947,1,1,477,434,43,1.0,25
1955,0,0,459,450,9,1.0,24
1955,1,1,416,463,-47,0.0,27
1963,0,0,446,602,-156,0.0,21
1963,1,1,467,408,59,1.0,24
1971,0,0,431,389,42,1.0,23
1971,1,1,345,524,-179,0.0,23
1979,0,0,447,376,71,1.0,27
1979,1,1,341,474,-133,0.0,22
1987,0,0,415,430,-15,0.0,24
1987,1,1,542,289,253,1.0,21
1995,0,0,455,505,-50,0.0,22
1995,1,1,442,390,52,1.0,23
pair,game,a_seat,a_score,b_score,a_spread,a_win,turns
4,0,0,462,476,-14,0.0,22
4,1,1,407,500,-93,0.0,21
12,0,0,318,396,-78,0.0,40
12,1,1,513,394,119,1.0,22
20,0,0,487,444,43,1.0,22
20,1,1,442,490,-48,0.0,21
28,0,0,519,335,184,1.0,24
28,1,1,361,501,-140,0.0,22
36,0,0,522,301,221,1.0,23
36,1,1,350,516,-166,0.0,21
44,0,0,477,374,103,1.0,23
44,1,1,400,414,-14,0.0,27
52,0,0,506,441,65,1.0,24
52,1,1,329,572,-243,0.0,25
60,0,0,563,414,149,1.0,25
60,1,1,453,535,-82,0.0,22
68,0,0,379,473,-94,0.0,23
68,1,1,503,449,54,1.0,25
76,0,0,522,514,8,1.0,21
76,1,1,444,534,-90,0.0,20
84,0,0,451,419,32,1.0,26
84,1,1,374,413,-39,0.0,30
92,0,0,446,498,-52,0.0,23
92,1,1,458,415,43,1.0,22
100,0,0,463,427,36,1.0,24
100,1,1,383,359,24,1.0,29
108,0,0,511,339,172,1.0,21
108,1,1,486,430,56,1.0,22
116,0,0,379,473,-94,0.0,26
116,1,1,447,353,94,1.0,29
124,0,0,464,353,111,1.0,25
124,1,1,426,444,-18,0.0,25
132,0,0,470,449,21,1.0,21
132,1,1,280,544,-264,0.0,23
140,0,0,441,392,49,1.0,25
140,1,1,545,431,114,1.0,21
148,0,0,415,429,-14,0.0,20
148,1,1,485,514,-29,0.0,20
156,0,0,458,499,-41,0.0,21
156,1,1,471,427,44,1.0,23
164,0,0,551,447,104,1.0,25
164,1,1,350,497,-147,0.0,23
172,0,0,488,430,58,1.0,21
172,1,1,415,462,-47,0.0,25
180,0,0,515,386,129,1.0,22
180,1,1,326,573,-247,0.0,24
188,0,0,574,320,254,1.0,30
188,1,1,486,447,39,1.0,22
196,0,0,448,359,89,1.0,28
196,1,1,362,529,-167,0.0,28
204,0,0,434,432,2,1.0,22
204,1,1,495,382,113,1.0,22
212,0,0,370,412,-42,0.0,41
212,1,1,522,387,135,1.0,25
220,0,0,455,461,-6,0.0,23
220,1,1,324,292,32,1.0,42
228,0,0,468,442,26,1.0,23
228,1,1,361,375,-14,0.0,26
236,0,0,442,496,-54,0.0,20
236,1,1,403,530,-127,0.0,22
244,0,0,341,439,-98,0.0,26
244,1,1,409,349,60,1.0,26
252,0,0,449,380,69,1.0,26
252,1,1,350,473,-123,0.0,27
260,0,0,484,482,2,1.0,23
260,1,1,442,418,24,1.0,24
268,0,0,471,357,114,1.0,25
268,1,1,420,445,-25,0.0,20
276,0,0,434,498,-64,0.0,26
276,1,1,514,397,117,1.0,22
284,0,0,509,328,181,1.0,25
284,1,1,403,459,-56,0.0,24
292,0,0,507,402,105,1.0,22
292,1,1,375,486,-111,0.0,22
300,0,0,520,491,29,1.0,20
300,1,1,473,520,-47,0.0,20
308,0,0,503,382,121,1.0,20
308,1,1,421,398,23,1.0,22
316,0,0,473,404,69,1.0,25
316,1,1,435,428,7,1.0,23
324,0,0,501,405,96,1.0,21
324,1,1,484,442,42,1.0,23
332,0,0,538,330,208,1.0,23
332,1,1,311,493,-182,0.0,22
340,0,0,457,441,16,1.0,22
340,1,1,432,505,-73,0.0,20
348,0,0,344,388,-44,0.0,29
348,1,1,333,510,-177,0.0,29
356,0,0,448,449,-1,0.0,21
356,1,1,477,331,146,1.0,26
364,0,0,428,589,-161,0.0,20
364,1,1,549,538,11,1.0,20
372,0,0,443,397,46,1.0,25
372,1,1,414,422,-8,0.0,24
380,0,0,414,411,3,1.0,22
380,1,1,376,449,-73,0.0,24
388,0,0,445,469,-24,0.0,27
388,1,1,405,486,-81,0.0,30
396,0,0,460,507,-47,0.0,22
396,1,1,475,507,-32,0.0,22
404,0,0,459,435,24,1.0,24
404,1,1,413,416,-3,0.0,23
412,0,0,468,416,52,1.0,21
412,1,1,418,451,-33,0.0,24
420,0,0,407,435,-28,0.0,23
420,1,1,540,372,168,1.0,24
428,0,0,518,358,160,1.0,25
428,1,1,376,551,-175,0.0,23
436,0,0,523,314,209,1.0,27
436,1,1,302,472,-170,0.0,27
444,0,0,454,446,8,1.0,24
444,1,1,420,386,34,1.0,22
452,0,0,432,550,-118,0.0,23
452,1,1,397,528,-131,0.0,23
460,0,0,381,467,-86,0.0,28
460,1,1,499,416,83,1.0,27
468,0,0,537,395,142,1.0,25
468,1,1,361,399,-38,0.0,28
476,0,0,588,382,206,1.0,25
476,1,1,394,584,-190,0.0,21
484,0,0,348,481,-133,0.0,29
484,1,1,433,359,74,1.0,27
492,0,0,486,434,52,1.0,21
492,1,1,434,486,-52,0.0,21
500,0,0,375,488,-113,0.0,22
500,1,1,531,349,182,1.0,24
508,0,0,558,397,161,1.0,25
508,1,1,359,556,-197,0.0,24
516,0,0,331,409,-78,0.0,28
516,1,1,421,462,-41,0.0,25
524,0,0,376,582,-206,0.0,23
524,1,1,515,341,174,1.0,22
532,0,0,607,425,182,1.0,24
532,1,1,450,508,-58,0.0,22
540,0,0,460,424,36,1.0,24
540,1,1,451,391,60,1.0,27
548,0,0,340,400,-60,0.0,30
548,1,1,482,462,20,1.0,21
556,0,0,463,411,52,1.0,22
556,1,1,400,438,-38,0.0,22
564,0,0,325,524,-199,0.0,25
564,1,1,596,364,232,1.0,23
572,0,0,399,431,-32,0.0,24
572,1,1,361,529,-168,0.0,22
580,0,0,489,367,122,1.0,21
580,1,1,507,525,-18,0.0,22
588,0,0,441,383,58,1.0,23
588,1,1,560,413,147,1.0,21
596,0,0,400,327,73,1.0,29
596,1,1,377,422,-45,0.0,26
604,0,0,424,535,-111,0.0,21
604,1,1,540,531,9,1.0,23
612,0,0,419,444,-25,0.0,28
612,1,1,469,443,26,1.0,26
620,0,0,343,484,-141,0.0,20
620,1,1,582,442,140,1.0,20
628,0,0,584,334,250,1.0,26
628,1,1,380,559,-179,0.0,22
636,0,0,607,440,167,1.0,22
636,1,1,358,544,-186,0.0,23
644,0,0,471,399,72,1.0,24
644,1,1,401,468,-67,0.0,23
652,0,0,514,466,48,1.0,19
652,1,1,491,595,-104,0.0,21
660,0,0,491,363,128,1.0,24
660,1,1,333,497,-164,0.0,23
668,0,0,389,495,-106,0.0,24
668,1,1,550,354,196,1.0,23
676,0,0,339,435,-96,0.0,22
676,1,1,532,314,218,1.0,23
684,0,0,451,385,66,1.0,28
684,1,1,434,514,-80,0.0,22
692,0,0,530,386,144,1.0,21
692,1,1,386,463,-77,0.0,23
700,0,0,449,462,-13,0.0,22
700,1,1,500,474,26,1.0,23
708,0,0,332,420,-88,0.0,25
708,1,1,461,412,49,1.0,21
716,0,0,400,425,-25,0.0,26
716,1,1,531,321,210,1.0,22
724,0,0,425,437,-12,0.0,23
724,1,1,495,383,112,1.0,29
732,0,0,517,384,133,1.0,25
732,1,1,450,396,54,1.0,26
740,0,0,517,345,172,1.0,28
740,1,1,411,416,-5,0.0,22
748,0,0,480,409,71,1.0,21
748,1,1,424,533,-109,0.0,25
756,0,0,512,341,171,1.0,22
756,1,1,344,499,-155,0.0,22
764,0,0,583,384,199,1.0,23
764,1,1,419,632,-213,0.0,21
772,0,0,442,450,-8,0.0,25
772,1,1,431,393,38,1.0,23
780,0,0,481,461,20,1.0,21
780,1,1,521,307,214,1.0,25
788,0,0,446,410,36,1.0,28
788,1,1,432,360,72,1.0,30
796,0,0,435,550,-115,0.0,20
796,1,1,518,480,38,1.0,18
804,0,0,462,537,-75,0.0,20
804,1,1,379,416,-37,0.0,22
812,0,0,351,416,-65,0.0,25
812,1,1,387,421,-34,0.0,25
820,0,0,409,384,25,1.0,27
820,1,1,449,465,-16,0.0,23
828,0,0,421,477,-56,0.0,22
828,1,1,462,553,-91,0.0,20
836,0,0,382,387,-5,0.0,30
836,1,1,450,378,72,1.0,23
844,0,0,416,377,39,1.0,22
844,1,1,429,440,-11,0.0,22
852,0,0,366,340,26,1.0,31
852,1,1,535,405,130,1.0,24
860,0,0,391,414,-23,0.0,24
860,1,1,432,413,19,1.0,25
868,0,0,480,404,76,1.0,24
868,1,1,415,430,-15,0.0,22
876,0,0,515,434,81,1.0,22
876,1,1,405,584,-179,0.0,23
884,0,0,461,403,58,1.0,24
884,1,1,474,473,1,1.0,24
892,0,0,374,425,-51,0.0,24
892,1,1,457,366,91,1.0,22
900,0,0,368,488,-120,0.0,21
900,1,1,406,260,146,1.0,24
908,0,0,461,350,111,1.0,25
908,1,1,430,460,-30,0.0,25
916,0,0,431,507,-76,0.0,22
916,1,1,413,453,-40,0.0,21
924,0,0,392,508,-116,0.0,25
924,1,1,531,446,85,1.0,21
932,0,0,331,446,-115,0.0,25
932,1,1,410,363,47,1.0,23
940,0,0,437,402,35,1.0,22
940,1,1,362,424,-62,0.0,24
948,0,0,389,452,-63,0.0,22
948,1,1,446,366,80,1.0,23
956,0,0,502,361,141,1.0,30
956,1,1,455,470,-15,0.0,25
964,0,0,446,368,78,1.0,22
964,1,1,324,370,-46,0.0,24
972,0,0,452,462,-10,0.0,19
972,1,1,457,402,55,1.0,23
980,0,0,334,426,-92,0.0,24
980,1,1,519,382,137,1.0,26
988,0,0,438,448,-10,0.0,27
988,1,1,369,442,-73,0.0,26
996,0,0,404,465,-61,0.0,23
996,1,1,510,394,116,1.0,22
1004,0,0,506,376,130,1.0,25
1004,1,1,407,547,-140,0.0,27
1012,0,0,361,563,-202,0.0,22
1012,1,1,489,451,38,1.0,27
1020,0,0,452,395,57,1.0,23
1020,1,1,427,489,-62,0.0,27
1028,0,0,374,417,-43,0.0,28
1028,1,1,388,477,-89,0.0,24
1036,0,0,441,423,18,1.0,23
1036,1,1,426,444,-18,0.0,25
1044,0,0,505,407,98,1.0,22
1044,1,1,481,364,117,1.0,21
1052,0,0,484,448,36,1.0,27
1052,1,1,317,492,-175,0.0,29
1060,0,0,439,464,-25,0.0,26
1060,1,1,404,434,-30,0.0,26
1068,0,0,437,436,1,1.0,27
1068,1,1,522,557,-35,0.0,22
1076,0,0,466,411,55,1.0,19
1076,1,1,372,535,-163,0.0,20
1084,0,0,502,437,65,1.0,25
1084,1,1,493,481,12,1.0,22
1092,0,0,433,386,47,1.0,22
1092,1,1,328,406,-78,0.0,23
1100,0,0,454,332,122,1.0,22
1100,1,1,297,507,-210,0.0,27
1108,0,0,549,376,173,1.0,23
1108,1,1,360,603,-243,0.0,22
1116,0,0,416,462,-46,0.0,22
1116,1,1,475,383,92,1.0,24
1124,0,0,380,353,27,1.0,26
1124,1,1,492,442,50,1.0,22
1132,0,0,516,405,111,1.0,21
1132,1,1,421,408,13,1.0,23
1140,0,0,505,314,191,1.0,23
1140,1,1,376,482,-106,0.0,21
1148,0,0,394,470,-76,0.0,29
1148,1,1,431,441,-10,0.0,20
1156,0,0,474,410,64,1.0,27
1156,1,1,528,450,78,1.0,20
1164,0,0,461,423,38,1.0,25
1164,1,1,436,473,-37,0.0,24
1172,0,0,445,506,-61,0.0,21
1172,1,1,527,381,146,1.0,21
1180,0,0,475,416,59,1.0,22
1180,1,1,459,472,-13,0.0,22
1188,0,0,517,382,135,1.0,22
1188,1,1,387,512,-125,0.0,25
1196,0,0,471,402,69,1.0,22
1196,1,1,443,409,34,1.0,22
1204,0,0,478,459,19,1.0,23
1204,1,1,474,438,36,1.0,27
1212,0,0,452,369,83,1.0,25
1212,1,1,498,440,58,1.0,23
1220,0,0,444,378,66,1.0,25
1220,1,1,460,393,67,1.0,23
1228,0,0,419,432,-13,0.0,25
1228,1,1,427,451,-24,0.0,26
1236,0,0,439,435,4,1.0,28
1236,1,1,446,435,11,1.0,24
1244,0,0,424,456,-32,0.0,23
1244,1,1,432,398,34,1.0,25
1252,0,0,475,481,-6,0.0,22
1252,1,1,478,460,18,1.0,25
1260,0,0,611,451,160,1.0,28
1260,1,1,461,440,21,1.0,22
1268,0,0,372,519,-147,0.0,25
1268,1,1,454,525,-71,0.0,22
1276,0,0,524,328,196,1.0,22
1276,1,1,329,444,-115,0.0,25
1284,0,0,319,456,-137,0.0,24
1284,1,1,423,465,-42,0.0,26
1292,0,0,494,375,119,1.0,25
1292,1,1,345,440,-95,0.0,28
1300,0,0,417,474,-57,0.0,23
1300,1,1,512,357,155,1.0,23
1308,0,0,431,399,32,1.0,23
1308,1,1,404,461,-57,0.0,23
1316,0,0,540,448,92,1.0,22
1316,1,1,402,459,-57,0.0,23
1324,0,0,496,484,12,1.0,21
1324,1,1,458,581,-123,0.0,23
1332,0,0,492,368,124,1.0,23
1332,1,1,338,446,-108,0.0,26
1340,0,0,427,389,38,1.0,22
1340,1,1,445,484,-39,0.0,22
1348,0,0,536,473,63,1.0,21
1348,1,1,464,559,-95,0.0,21
1356,0,0,464,406,58,1.0,23
1356,1,1,379,500,-121,0.0,21
1364,0,0,429,457,-28,0.0,24
1364,1,1,417,463,-46,0.0,26
1372,0,0,392,361,31,1.0,24
1372,1,1,480,394,86,1.0,22
1380,0,0,481,514,-33,0.0,22
1380,1,1,482,409,73,1.0,24
1388,0,0,358,321,37,1.0,27
1388,1,1,401,417,-16,0.0,22
1396,0,0,478,383,95,1.0,25
1396,1,1,395,447,-52,0.0,23
1404,0,0,478,445,33,1.0,24
1404,1,1,577,474,103,1.0,22
1412,0,0,448,477,-29,0.0,23
1412,1,1,480,484,-4,0.0,25
1420,0,0,352,466,-114,0.0,23
1420,1,1,452,394,58,1.0,23
1428,0,0,402,483,-81,0.0,25
1428,1,1,377,411,-34,0.0,24
1436,0,0,322,576,-254,0.0,24
1436,1,1,570,360,210,1.0,25
1444,0,0,434,432,2,1.0,27
1444,1,1,439,458,-19,0.0,25
1452,0,0,392,567,-175,0.0,24
1452,1,1,591,342,249,1.0,22
1460,0,0,571,364,207,1.0,24
1460,1,1,351,538,-187,0.0,24
1468,0,0,537,409,128,1.0,23
1468,1,1,489,515,-26,0.0,22
1476,0,0,407,417,-10,0.0,25
1476,1,1,443,357,86,1.0,24
1484,0,0,552,415,137,1.0,21
1484,1,1,420,580,-160,0.0,23
1492,0,0,494,379,115,1.0,26
1492,1,1,388,486,-98,0.0,23
1500,0,0,393,382,11,1.0,27
1500,1,1,382,560,-178,0.0,21
1508,0,0,421,416,5,1.0,21
1508,1,1,510,348,162,1.0,24
1516,0,0,504,416,88,1.0,21
1516,1,1,374,497,-123,0.0,25
1524,0,0,465,491,-26,0.0,23
1524,1,1,499,448,51,1.0,21
1532,0,0,424,389,35,1.0,22
1532,1,1,492,376,116,1.0,22
1540,0,0,346,409,-63,0.0,25
1540,1,1,412,367,45,1.0,28
1548,0,0,481,332,149,1.0,23
1548,1,1,431,501,-70,0.0,22
1556,0,0,478,339,139,1.0,26
1556,1,1,443,557,-114,0.0,25
1564,0,0,489,388,101,1.0,22
1564,1,1,412,473,-61,0.0,28
1572,0,0,515,434,81,1.0,20
1572,1,1,387,499,-112,0.0,22
1580,0,0,331,530,-199,0.0,28
1580,1,1,362,525,-163,0.0,25
1588,0,0,494,323,171,1.0,24
1588,1,1,358,525,-167,0.0,23
1596,0,0,372,446,-74,0.0,30
1596,1,1,467,395,72,1.0,26
1604,0,0,467,449,18,1.0,27
1604,1,1,510,395,115,1.0,26
1612,0,0,457,419,38,1.0,24
1612,1,1,385,386,-1,0.0,26
1620,0,0,455,444,11,1.0,24
1620,1,1,319,456,-137,0.0,24
1628,0,0,436,536,-100,0.0,21
1628,1,1,418,393,25,1.0,24
1636,0,0,454,422,32,1.0,24
1636,1,1,483,421,62,1.0,28
1644,0,0,487,338,149,1.0,23
1644,1,1,371,437,-66,0.0,26
1652,0,0,460,474,-14,0.0,22
1652,1,1,450,516,-66,0.0,24
1660,0,0,461,431,30,1.0,27
1660,1,1,388,440,-52,0.0,25
1668,0,0,360,460,-100,0.0,26
1668,1,1,421,326,95,1.0,27
1676,0,0,302,506,-204,0.0,26
1676,1,1,448,353,95,1.0,26
1684,0,0,485,372,113,1.0,25
1684,1,1,393,552,-159,0.0,19
1692,0,0,439,324,115,1.0,25
1692,1,1,383,489,-106,0.0,24
1700,0,0,368,494,-126,0.0,23
1700,1,1,437,403,34,1.0,23
1708,0,0,412,325,87,1.0,30
1708,1,1,389,528,-139,0.0,21
1716,0,0,506,350,156,1.0,23
1716,1,1,393,421,-28,0.0,31
1724,0,0,462,508,-46,0.0,23
1724,1,1,435,388,47,1.0,28
1732,0,0,529,429,100,1.0,23
1732,1,1,498,484,14,1.0,26
1740,0,0,474,461,13,1.0,25
1740,1,1,293,470,-177,0.0,25
1748,0,0,502,456,46,1.0,22
1748,1,1,430,473,-43,0.0,23
1756,0,0,404,443,-39,0.0,26
1756,1,1,436,473,-37,0.0,29
1764,0,0,411,415,-4,0.0,26
1764,1,1,523,384,139,1.0,20
1772,0,0,475,483,-8,0.0,24
1772,1,1,454,390,64,1.0,27
1780,0,0,516,430,86,1.0,23
1780,1,1,467,389,78,1.0,24
1788,0,0,477,425,52,1.0,23
1788,1,1,425,572,-147,0.0,25
1796,0,0,437,521,-84,0.0,24
1796,1,1,457,450,7,1.0,24
1804,0,0,522,389,133,1.0,27
1804,1,1,354,444,-90,0.0,29
1812,0,0,490,422,68,1.0,22
1812,1,1,421,508,-87,0.0,21
1820,0,0,510,460,50,1.0,26
1820,1,1,379,446,-67,0.0,25
1828,0,0,486,429,57,1.0,27
1828,1,1,465,444,21,1.0,26
1836,0,0,430,413,17,1.0,24
1836,1,1,364,430,-66,0.0,25
1844,0,0,334,402,-68,0.0,23
1844,1,1,535,421,114,1.0,22
1852,0,0,498,422,76,1.0,20
1852,1,1,353,634,-281,0.0,21
1860,0,0,436,523,-87,0.0,23
1860,1,1,552,500,52,1.0,20
1868,0,0,439,377,62,1.0,29
1868,1,1,432,393,39,1.0,26
1876,0,0,501,357,144,1.0,26
1876,1,1,448,536,-88,0.0,21
1884,0,0,388,511,-123,0.0,20
1884,1,1,570,373,197,1.0,22
1892,0,0,487,339,148,1.0,28
1892,1,1,345,479,-134,0.0,26
1900,0,0,410,459,-49,0.0,22
1900,1,1,375,494,-119,0.0,27
1908,0,0,384,376,8,1.0,32
1908,1,1,345,479,-134,0.0,35
1916,0,0,454,346,108,1.0,22
1916,1,1,463,450,13,1.0,23
1924,0,0,441,383,58,1.0,24
1924,1,1,443,432,11,1.0,24
1932,0,0,470,365,105,1.0,22
1932,1,1,451,440,11,1.0,24
1940,0,0,476,501,-25,0.0,24
1940,1,1,372,417,-45,0.0,28
1948,0,0,466,424,42,1.0,21
1948,1,1,474,349,125,1.0,26
1956,0,0,513,323,190,1.0,21
1956,1,1,402,603,-201,0.0,26
1964,0,0,399,542,-143,0.0,27
1964,1,1,393,401,-8,0.0,24
1972,0,0,535,389,146,1.0,25
1972,1,1,465,493,-28,0.0,25
1980,0,0,450,509,-59,0.0,26
1980,1,1,466,419,47,1.0,30
1988,0,0,415,510,-95,0.0,29
1988,1,1,496,348,148,1.0,24
1996,0,0,491,354,137,1.0,27
1996,1,1,481,377,104,1.0,22
pair,game,a_seat,a_score,b_score,a_spread,a_win,turns
5,0,0,443,399,44,1.0,24
5,1,1,379,463,-84,0.0,23
13,0,0,360,533,-173,0.0,21
13,1,1,545,425,120,1.0,25
21,0,0,397,444,-47,0.0,26
21,1,1,487,339,148,1.0,23
29,0,0,439,406,33,1.0,21
29,1,1,478,366,112,1.0,21
37,0,0,469,415,54,1.0,22
37,1,1,436,360,76,1.0,24
45,0,0,396,386,10,1.0,25
45,1,1,391,493,-102,0.0,24
53,0,0,428,532,-104,0.0,21
53,1,1,453,459,-6,0.0,22
61,0,0,314,412,-98,0.0,33
61,1,1,473,329,144,1.0,29
69,0,0,451,369,82,1.0,22
69,1,1,409,504,-95,0.0,21
77,0,0,348,436,-88,0.0,25
77,1,1,491,416,75,1.0,23
85,0,0,485,531,-46,0.0,23
85,1,1,658,373,285,1.0,25
93,0,0,522,391,131,1.0,25
93,1,1,535,456,79,1.0,20
101,0,0,461,549,-88,0.0,19
101,1,1,526,498,28,1.0,21
109,0,0,432,366,66,1.0,24
109,1,1,517,414,103,1.0,23
117,0,0,505,432,73,1.0,25
117,1,1,500,515,-15,0.0,24
125,0,0,450,511,-61,0.0,21
125,1,1,423,550,-127,0.0,26
133,0,0,339,455,-116,0.0,25
133,1,1,496,446,50,1.0,23
141,0,0,421,502,-81,0.0,28
141,1,1,424,398,26,1.0,25
149,0,0,426,413,13,1.0,22
149,1,1,503,382,121,1.0,27
157,0,0,388,453,-65,0.0,24
157,1,1,429,344,85,1.0,26
165,0,0,395,536,-141,0.0,24
165,1,1,449,399,50,1.0,22
173,0,0,326,476,-150,0.0,25
173,1,1,394,488,-94,0.0,32
181,0,0,476,423,53,1.0,23
181,1,1,439,572,-133,0.0,23
189,0,0,439,453,-14,0.0,28
189,1,1,406,490,-84,0.0,25
197,0,0,558,364,194,1.0,22
197,1,1,463,432,31,1.0,21
205,0,0,418,458,-40,0.0,23
205,1,1,457,443,14,1.0,22
213,0,0,402,395,7,1.0,24
213,1,1,410,392,18,1.0,24
221,0,0,426,416,10,1.0,22
221,1,1,482,544,-62,0.0,20
229,0,0,394,458,-64,0.0,25
229,1,1,311,457,-146,0.0,22
237,0,0,512,421,91,1.0,22
237,1,1,436,498,-62,0.0,25
245,0,0,408,373,35,1.0,24
245,1,1,344,325,19,1.0,42
253,0,0,471,436,35,1.0,22
253,1,1,559,415,144,1.0,23
261,0,0,344,524,-180,0.0,26
261,1,1,582,378,204,1.0,23
269,0,0,413,289,124,1.0,25
269,1,1,496,432,64,1.0,24
277,0,0,361,421,-60,0.0,26
277,1,1,358,480,-122,0.0,21
285,0,0,459,390,69,1.0,23
285,1,1,507,396,111,1.0,21
293,0,0,438,388,50,1.0,22
293,1,1,404,383,21,1.0,26
301,0,0,381,370,11,1.0,26
301,1,1,398,429,-31,0.0,24
309,0,0,445,384,61,1.0,26
309,1,1,463,401,62,1.0,25
317,0,0,436,435,1,1.0,26
317,1,1,470,366,104,1.0,26
325,0,0,428,545,-117,0.0,26
325,1,1,560,395,165,1.0,21
333,0,0,364,439,-75,0.0,25
333,1,1,443,523,-80,0.0,23
341,0,0,523,468,55,1.0,23
341,1,1,478,547,-69,0.0,30
349,0,0,491,485,6,1.0,22
349,1,1,529,434,95,1.0,24
357,0,0,361,557,-196,0.0,23
357,1,1,467,315,152,1.0,25
365,0,0,432,441,-9,0.0,20
365,1,1,506,475,31,1.0,24
373,0,0,452,539,-87,0.0,22
373,1,1,501,384,117,1.0,21
381,0,0,411,496,-85,0.0,33
381,1,1,478,363,115,1.0,22
389,0,0,459,454,5,1.0,26
389,1,1,372,463,-91,0.0,24
397,0,0,385,481,-96,0.0,23
397,1,1,496,457,39,1.0,24
405,0,0,316,585,-269,0.0,22
405,1,1,524,386,138,1.0,22
413,0,0,486,458,28,1.0,27
413,1,1,421,367,54,1.0,33
421,0,0,461,511,-50,0.0,20
421,1,1,513,459,54,1.0,21
429,0,0,438,430,8,1.0,25
429,1,1,465,521,-56,0.0,27
437,0,0,423,487,-64,0.0,22
437,1,1,422,380,42,1.0,24
445,0,0,389,523,-134,0.0,24
445,1,1,470,360,110,1.0,25
453,0,0,448,435,13,1.0,25
453,1,1,385,453,-68,0.0,23
461,0,0,464,497,-33,0.0,23
461,1,1,478,490,-12,0.0,22
469,0,0,503,420,83,1.0,23
469,1,1,357,499,-142,0.0,23
477,0,0,448,511,-63,0.0,23
477,1,1,431,445,-14,0.0,23
485,0,0,360,391,-31,0.0,31
485,1,1,527,308,219,1.0,25
493,0,0,433,548,-115,0.0,23
493,1,1,393,404,-11,0.0,20
501,0,0,342,453,-111,0.0,27
501,1,1,502,338,164,1.0,25
509,0,0,438,390,48,1.0,22
509,1,1,436,501,-65,0.0,26
517,0,0,403,484,-81,0.0,24
517,1,1,506,347,159,1.0,25
525,0,0,426,401,25,1.0,28
525,1,1,479,403,76,1.0,25
533,0,0,560,402,158,1.0,24
533,1,1,387,496,-109,0.0,24
541,0,0,438,446,-8,0.0,26
541,1,1,415,385,30,1.0,28
549,0,0,353,386,-33,0.0,24
549,1,1,412,397,15,1.0,33
557,0,0,387,451,-64,0.0,23
557,1,1,466,431,35,1.0,27
565,0,0,424,423,1,1.0,21
565,1,1,408,504,-96,0.0,20
573,0,0,413,541,-128,0.0,24
573,1,1,448,340,108,1.0,25
581,0,0,427,462,-35,0.0,25
581,1,1,459,444,15,1.0,22
589,0,0,559,397,162,1.0,22
589,1,1,379,393,-14,0.0,26
597,0,0,298,577,-279,0.0,22
597,1,1,586,331,255,1.0,27
605,0,0,398,411,-13,0.0,27
605,1,1,398,491,-93,0.0,30
613,0,0,477,431,46,1.0,21
613,1,1,441,463,-22,0.0,23
621,0,0,446,384,62,1.0,23
621,1,1,480,460,20,1.0,21
629,0,0,563,404,159,1.0,18
629,1,1,437,436,1,1.0,21
637,0,0,523,344,179,1.0,24
637,1,1,417,482,-65,0.0,23
645,0,0,358,489,-131,0.0,28
645,1,1,460,393,67,1.0,26
653,0,0,401,533,-132,0.0,23
653,1,1,410,468,-58,0.0,25
661,0,0,504,443,61,1.0,21
661,1,1,424,433,-9,0.0,23
669,0,0,394,432,-38,0.0,22
669,1,1,476,398,78,1.0,22
677,0,0,360,509,-149,0.0,21
677,1,1,456,509,-53,0.0,24
685,0,0,447,449,-2,0.0,25
685,1,1,499,422,77,1.0,22
693,0,0,432,485,-53,0.0,23
693,1,1,540,419,121,1.0,21
701,0,0,396,606,-210,0.0,23
701,1,1,489,344,145,1.0,23
709,0,0,356,438,-82,0.0,24
709,1,1,451,468,-17,0.0,22
717,0,0,375,422,-47,0.0,26
717,1,1,389,443,-54,0.0,26
725,0,0,369,427,-58,0.0,23
725,1,1,442,467,-25,0.0,22
733,0,0,376,497,-121,0.0,20
733,1,1,532,449,83,1.0,20
741,0,0,442,444,-2,0.0,28
741,1,1,386,458,-72,0.0,29
749,0,0,459,505,-46,0.0,23
749,1,1,447,396,51,1.0,24
757,0,0,435,425,10,1.0,25
757,1,1,449,502,-53,0.0,25
765,0,0,464,432,32,1.0,22
765,1,1,391,487,-96,0.0,22
773,0,0,408,415,-7,0.0,23
773,1,1,379,395,-16,0.0,24
781,0,0,409,472,-63,0.0,21
781,1,1,426,422,4,1.0,25
789,0,0,464,510,-46,0.0,19
789,1,1,449,366,83,1.0,25
797,0,0,511,466,45,1.0,22
797,1,1,612,432,180,1.0,22
805,0,0,578,410,168,1.0,21
805,1,1,389,488,-99,0.0,22
813,0,0,374,407,-33,0.0,23
813,1,1,495,477,18,1.0,23
821,0,0,444,373,71,1.0,24
821,1,1,510,342,168,1.0,21
829,0,0,434,441,-7,0.0,24
829,1,1,494,416,78,1.0,23
837,0,0,493,412,81,1.0,23
837,1,1,482,377,105,1.0,33
845,0,0,467,422,45,1.0,21
845,1,1,461,469,-8,0.0,21
853,0,0,317,472,-155,0.0,23
853,1,1,413,439,-26,0.0,29
861,0,0,483,354,129,1.0,24
861,1,1,414,459,-45,0.0,24
869,0,0,463,468,-5,0.0,21
869,1,1,403,460,-57,0.0,20
877,0,0,332,464,-132,0.0,26
877,1,1,472,376,96,1.0,28
885,0,0,457,450,7,1.0,24
885,1,1,435,492,-57,0.0,24
893,0,0,463,502,-39,0.0,21
893,1,1,463,431,32,1.0,22
901,0,0,429,449,-20,0.0,23
901,1,1,392,472,-80,0.0,25
909,0,0,328,487,-159,0.0,28
909,1,1,426,345,81,1.0,25
917,0,0,376,511,-135,0.0,25
917,1,1,555,409,146,1.0,21
925,0,0,391,392,-1,0.0,24
925,1,1,386,377,9,1.0,22
933,0,0,457,402,55,1.0,24
933,1,1,318,573,-255,0.0,25
941,0,0,398,516,-118,0.0,23
941,1,1,632,238,394,1.0,21
949,0,0,454,367,87,1.0,24
949,1,1,445,401,44,1.0,29
957,0,0,365,448,-83,0.0,23
957,1,1,452,486,-34,0.0,23
965,0,0,587,408,179,1.0,22
965,1,1,355,503,-148,0.0,24
973,0,0,415,521,-106,0.0,24
973,1,1,496,391,105,1.0,22
981,0,0,343,460,-117,0.0,28
981,1,1,518,365,153,1.0,23
989,0,0,462,393,69,1.0,24
989,1,1,340,509,-169,0.0,24
997,0,0,364,442,-78,0.0,26
997,1,1,459,435,24,1.0,22
1005,0,0,384,481,-97,0.0,23
1005,1,1,499,366,133,1.0,22
1013,0,0,516,379,137,1.0,22
1013,1,1,382,497,-115,0.0,23
1021,0,0,521,408,113,1.0,21
1021,1,1,438,508,-70,0.0,23
1029,0,0,295,497,-202,0.0,27
1029,1,1,538,438,100,1.0,22
1037,0,0,497,313,184,1.0,24
1037,1,1,366,445,-79,0.0,24
1045,0,0,378,450,-72,0.0,25
1045,1,1,450,454,-4,0.0,25
1053,0,0,501,411,90,1.0,22
1053,1,1,324,522,-198,0.0,21
1061,0,0,502,397,105,1.0,22
1061,1,1,436,490,-54,0.0,20
1069,0,0,485,431,54,1.0,24
1069,1,1,417,381,36,1.0,29
1077,0,0,411,552,-141,0.0,23
1077,1,1,405,463,-58,0.0,26
1085,0,0,427,435,-8,0.0,24
1085,1,1,408,422,-14,0.0,24
1093,0,0,358,532,-174,0.0,25
1093,1,1,658,399,259,1.0,25
1101,0,0,559,416,143,1.0,22
1101,1,1,260,512,-252,0.0,30
1109,0,0,376,461,-85,0.0,26
1109,1,1,485,357,128,1.0,25
1117,0,0,364,460,-96,0.0,26
1117,1,1,496,429,67,1.0,23
1125,0,0,418,393,25,1.0,22
1125,1,1,387,501,-114,0.0,22
1133,0,0,440,383,57,1.0,32
1133,1,1,442,466,-24,0.0,24
1141,0,0,345,461,-116,0.0,24
1141,1,1,425,434,-9,0.0,20
1149,0,0,349,466,-117,0.0,28
1149,1,1,446,393,53,1.0,22
1157,0,0,377,414,-37,0.0,24
1157,1,1,400,398,2,1.0,24
1165,0,0,427,453,-26,0.0,22
1165,1,1,383,444,-61,0.0,24
1173,0,0,473,397,76,1.0,23
1173,1,1,458,469,-11,0.0,21
1181,0,0,322,463,-141,0.0,27
1181,1,1,551,263,288,1.0,27
1189,0,0,492,471,21,1.0,22
1189,1,1,484,455,29,1.0,22
1197,0,0,369,486,-117,0.0,23
1197,1,1,476,385,91,1.0,20
1205,0,0,356,461,-105,0.0,27
1205,1,1,474,435,39,1.0,25
1213,0,0,358,453,-95,0.0,24
1213,1,1,328,485,-157,0.0,26
1221,0,0,403,379,24,1.0,21
1221,1,1,501,422,79,1.0,24
1229,0,0,344,438,-94,0.0,23
1229,1,1,570,384,186,1.0,22
1237,0,0,470,457,13,1.0,21
1237,1,1,429,473,-44,0.0,23
1245,0,0,409,523,-114,0.0,23
1245,1,1,459,436,23,1.0,27
1253,0,0,462,348,114,1.0,26
1253,1,1,426,455,-29,0.0,22
1261,0,0,476,510,-34,0.0,24
1261,1,1,547,381,166,1.0,25
1269,0,0,403,492,-89,0.0,23
1269,1,1,471,370,101,1.0,22
1277,0,0,530,401,129,1.0,23
1277,1,1,447,511,-64,0.0,19
1285,0,0,467,367,100,1.0,20
1285,1,1,401,466,-65,0.0,21
1293,0,0,418,441,-23,0.0,22
1293,1,1,447,441,6,1.0,23
1301,0,0,445,476,-31,0.0,27
1301,1,1,579,425,154,1.0,26
1309,0,0,422,491,-69,0.0,25
1309,1,1,489,365,124,1.0,24
1317,0,0,458,466,-8,0.0,22
1317,1,1,452,396,56,1.0,24
1325,0,0,383,479,-96,0.0,25
1325,1,1,438,373,65,1.0,23
1333,0,0,511,474,37,1.0,26
1333,1,1,394,445,-51,0.0,22
1341,0,0,413,514,-101,0.0,22
1341,1,1,495,358,137,1.0,21
1349,0,0,404,445,-41,0.0,22
1349,1,1,530,325,205,1.0,23
1357,0,0,466,471,-5,0.0,22
1357,1,1,410,478,-68,0.0,22
1365,0,0,480,495,-15,0.0,23
1365,1,1,461,410,51,1.0,22
1373,0,0,425,650,-225,0.0,23
1373,1,1,498,406,92,1.0,24
1381,0,0,422,486,-64,0.0,24
1381,1,1,475,449,26,1.0,24
1389,0,0,426,505,-79,0.0,21
1389,1,1,526,440,86,1.0,22
1397,0,0,490,342,148,1.0,22
1397,1,1,450,474,-24,0.0,23
1405,0,0,520,355,165,1.0,22
1405,1,1,378,375,3,1.0,25
1413,0,0,517,359,158,1.0,23
1413,1,1,342,537,-195,0.0,23
1421,0,0,484,444,40,1.0,27
1421,1,1,411,452,-41,0.0,22
1429,0,0,423,421,2,1.0,24
1429,1,1,448,406,42,1.0,24
1437,0,0,488,429,59,1.0,24
1437,1,1,444,486,-42,0.0,24
1445,0,0,353,598,-245,0.0,22
1445,1,1,490,370,120,1.0,22
1453,0,0,493,470,23,1.0,24
1453,1,1,482,386,96,1.0,25
1461,0,0,474,461,13,1.0,25
1461,1,1,438,396,42,1.0,24
1469,0,0,464,458,6,1.0,26
1469,1,1,303,441,-138,0.0,35
1477,0,0,346,416,-70,0.0,26
1477,1,1,398,401,-3,0.0,24
1485,0,0,378,506,-128,0.0,26
1485,1,1,436,401,35,1.0,24
1493,0,0,348,501,-153,0.0,25
1493,1,1,450,440,10,1.0,22
1501,0,0,399,426,-27,0.0,23
1501,1,1,383,385,-2,0.0,25
1509,0,0,522,395,127,1.0,23
1509,1,1,465,421,44,1.0,20
1517,0,0,319,412,-93,0.0,24
1517,1,1,440,368,72,1.0,29
1525,0,0,398,389,9,1.0,23
1525,1,1,410,387,23,1.0,26
1533,0,0,426,506,-80,0.0,23
1533,1,1,409,467,-58,0.0,24
1541,0,0,394,468,-74,0.0,25
1541,1,1,401,420,-19,0.0,28
1549,0,0,510,438,72,1.0,22
1549,1,1,430,454,-24,0.0,28
1557,0,0,343,474,-131,0.0,27
1557,1,1,341,558,-217,0.0,24
1565,0,0,392,481,-89,0.0,22
1565,1,1,480,388,92,1.0,23
1573,0,0,498,448,50,1.0,22
1573,1,1,414,418,-4,0.0,27
1581,0,0,482,435,47,1.0,24
1581,1,1,415,407,8,1.0,22
1589,0,0,411,473,-62,0.0,24
1589,1,1,514,439,75,1.0,23
1597,0,0,545,372,173,1.0,21
1597,1,1,399,497,-98,0.0,18
1605,0,0,387,425,-38,0.0,25
1605,1,1,456,372,84,1.0,27
1613,0,0,353,507,-154,0.0,31
1613,1,1,431,453,-22,0.0,30
1621,0,0,407,450,-43,0.0,23
1621,1,1,510,394,116,1.0,24
1629,0,0,482,439,43,1.0,22
1629,1,1,408,498,-90,0.0,25
1637,0,0,421,338,83,1.0,25
1637,1,1,396,367,29,1.0,29
1645,0,0,402,428,-26,0.0,26
1645,1,1,565,423,142,1.0,27
1653,0,0,398,403,-5,0.0,26
1653,1,1,365,366,-1,0.0,31
1661,0,0,419,420,-1,0.0,25
1661,1,1,444,409,35,1.0,27
1669,0,0,500,376,124,1.0,21
1669,1,1,420,457,-37,0.0,25
1677,0,0,426,322,104,1.0,28
1677,1,1,447,409,38,1.0,26
1685,0,0,367,459,-92,0.0,25
1685,1,1,481,304,177,1.0,27
1693,0,0,421,396,25,1.0,21
1693,1,1,381,441,-60,0.0,27
1701,0,0,467,472,-5,0.0,23
1701,1,1,404,457,-53,0.0,23
1709,0,0,325,580,-255,0.0,23
1709,1,1,608,380,228,1.0,21
1717,0,0,428,496,-68,0.0,24
1717,1,1,507,338,169,1.0,29
1725,0,0,473,430,43,1.0,24
1725,1,1,428,398,30,1.0,25
1733,0,0,419,415,4,1.0,21
1733,1,1,622,293,329,1.0,21
1741,0,0,520,434,86,1.0,22
1741,1,1,502,416,86,1.0,25
1749,0,0,461,366,95,1.0,24
1749,1,1,431,516,-85,0.0,26
1757,0,0,370,477,-107,0.0,26
1757,1,1,475,399,76,1.0,22
1765,0,0,390,483,-93,0.0,22
1765,1,1,426,465,-39,0.0,23
1773,0,0,414,395,19,1.0,25
1773,1,1,384,381,3,1.0,30
1781,0,0,515,305,210,1.0,20
1781,1,1,317,585,-268,0.0,20
1789,0,0,326,502,-176,0.0,23
1789,1,1,563,404,159,1.0,21
1797,0,0,505,474,31,1.0,22
1797,1,1,414,435,-21,0.0,25
1805,0,0,343,494,-151,0.0,24
1805,1,1,414,457,-43,0.0,32
1813,0,0,475,464,11,1.0,21
1813,1,1,389,485,-96,0.0,23
1821,0,0,435,385,50,1.0,24
1821,1,1,425,394,31,1.0,29
1829,0,0,467,468,-1,0.0,28
1829,1,1,350,545,-195,0.0,25
1837,0,0,366,563,-197,0.0,23
1837,1,1,491,398,93,1.0,24
1845,0,0,383,398,-15,0.0,29
1845,1,1,283,449,-166,0.0,28
1853,0,0,375,544,-169,0.0,27
1853,1,1,400,416,-16,0.0,24
1861,0,0,398,455,-57,0.0,23
1861,1,1,467,390,77,1.0,23
1869,0,0,356,370,-14,0.0,33
1869,1,1,353,429,-76,0.0,22
1877,0,0,426,494,-68,0.0,31
1877,1,1,510,347,163,1.0,27
1885,0,0,414,424,-10,0.0,27
1885,1,1,388,437,-49,0.0,26
1893,0,0,354,457,-103,0.0,24
1893,1,1,479,319,160,1.0,22
1901,0,0,485,437,48,1.0,23
1901,1,1,430,467,-37,0.0,23
1909,0,0,500,441,59,1.0,22
1909,1,1,467,371,96,1.0,27
1917,0,0,461,373,88,1.0,25
1917,1,1,317,407,-90,0.0,26
1925,0,0,415,418,-3,0.0,23
1925,1,1,439,436,3,1.0,24
1933,0,0,328,532,-204,0.0,25
1933,1,1,419,449,-30,0.0,25
1941,0,0,450,523,-73,0.0,22
1941,1,1,468,498,-30,0.0,22
1949,0,0,409,514,-105,0.0,28
1949,1,1,466,448,18,1.0,25
1957,0,0,450,402,48,1.0,23
1957,1,1,407,434,-27,0.0,25
1965,0,0,540,441,99,1.0,23
1965,1,1,532,386,146,1.0,21
1973,0,0,399,381,18,1.0,27
1973,1,1,493,555,-62,0.0,26
1981,0,0,447,353,94,1.0,21
1981,1,1,482,490,-8,0.0,20
1989,0,0,469,437,32,1.0,24
1989,1,1,481,431,50,1.0,23
1997,0,0,417,391,26,1.0,24
1997,1,1,373,477,-104,0.0,20
pair,game,a_seat,a_score,b_score,a_spread,a_win,turns
6,0,0,335,524,-189,0.0,26
6,1,1,524,441,83,1.0,23
14,0,0,485,352,133,1.0,19
14,1,1,367,439,-72,0.0,24
22,0,0,375,415,-40,0.0,25
22,1,1,402,408,-6,0.0,26
30,0,0,389,447,-58,0.0,24
30,1,1,390,380,10,1.0,25
38,0,0,437,449,-12,0.0,23
38,1,1,483,419,64,1.0,24
46,0,0,392,403,-11,0.0,24
46,1,1,386,395,-9,0.0,26
54,0,0,525,431,94,1.0,23
54,1,1,397,453,-56,0.0,22
62,0,0,411,502,-91,0.0,24
62,1,1,489,451,38,1.0,22
70,0,0,475,492,-17,0.0,21
70,1,1,470,401,69,1.0,23
78,0,0,474,504,-30,0.0,26
78,1,1,420,384,36,1.0,26
86,0,0,521,348,173,1.0,21
86,1,1,464,429,35,1.0,24
94,0,0,470,406,64,1.0,22
94,1,1,467,456,11,1.0,24
102,0,0,463,373,90,1.0,22
102,1,1,299,555,-256,0.0,23
110,0,0,430,393,37,1.0,24
110,1,1,351,501,-150,0.0,24
118,0,0,490,411,79,1.0,24
118,1,1,397,543,-146,0.0,22
126,0,0,542,377,165,1.0,26
126,1,1,382,418,-36,0.0,24
134,0,0,477,394,83,1.0,22
134,1,1,342,534,-192,0.0,25
142,0,0,468,419,49,1.0,27
142,1,1,446,491,-45,0.0,25
150,0,0,492,338,154,1.0,22
150,1,1,447,573,-126,0.0,23
158,0,0,460,393,67,1.0,25
158,1,1,420,485,-65,0.0,27
166,0,0,472,386,86,1.0,21
166,1,1,492,493,-1,0.0,21
174,0,0,312,401,-89,0.0,25
174,1,1,492,315,177,1.0,22
182,0,0,399,435,-36,0.0,22
182,1,1,472,365,107,1.0,23
190,0,0,396,388,8,1.0,25
190,1,1,492,439,53,1.0,30
198,0,0,408,466,-58,0.0,26
198,1,1,497,359,138,1.0,26
206,0,0,412,532,-120,0.0,20
206,1,1,536,476,60,1.0,24
214,0,0,491,470,21,1.0,23
214,1,1,391,413,-22,0.0,26
222,0,0,426,488,-62,0.0,24
222,1,1,440,469,-29,0.0,23
230,0,0,452,432,20,1.0,23
230,1,1,372,417,-45,0.0,25
238,0,0,394,497,-103,0.0,26
238,1,1,355,391,-36,0.0,29
246,0,0,436,411,25,1.0,24
246,1,1,365,512,-147,0.0,30
254,0,0,543,462,81,1.0,19
254,1,1,486,439,47,1.0,23
262,0,0,342,563,-221,0.0,20
262,1,1,484,372,112,1.0,19
270,0,0,376,506,-130,0.0,26
270,1,1,531,437,94,1.0,26
278,0,0,398,363,35,1.0,23
278,1,1,268,462,-194,0.0,29
286,0,0,461,428,33,1.0,23
286,1,1,398,462,-64,0.0,27
294,0,0,435,380,55,1.0,25
294,1,1,434,469,-35,0.0,21
302,0,0,488,366,122,1.0,28
302,1,1,356,390,-34,0.0,28
310,0,0,504,435,69,1.0,23
310,1,1,423,461,-38,0.0,27
318,0,0,457,502,-45,0.0,26
318,1,1,491,427,64,1.0,29
326,0,0,430,418,12,1.0,24
326,1,1,415,528,-113,0.0,21
334,0,0,378,411,-33,0.0,25
334,1,1,542,280,262,1.0,22
342,0,0,461,476,-15,0.0,23
342,1,1,433,461,-28,0.0,22
350,0,0,376,487,-111,0.0,24
350,1,1,569,434,135,1.0,22
358,0,0,534,472,62,1.0,19
358,1,1,484,319,165,1.0,25
366,0,0,448,481,-33,0.0,23
366,1,1,308,540,-232,0.0,30
374,0,0,497,416,81,1.0,26
374,1,1,403,470,-67,0.0,28
382,0,0,455,371,84,1.0,29
382,1,1,381,472,-91,0.0,26
390,0,0,397,517,-120,0.0,24
390,1,1,468,403,65,1.0,26
398,0,0,467,484,-17,0.0,24
398,1,1,467,396,71,1.0,27
406,0,0,365,628,-263,0.0,21
406,1,1,398,413,-15,0.0,23
414,0,0,413,482,-69,0.0,24
414,1,1,402,472,-70,0.0,19
422,0,0,608,353,255,1.0,24
422,1,1,416,449,-33,0.0,24
430,0,0,369,501,-132,0.0,24
430,1,1,600,391,209,1.0,23
438,0,0,522,400,122,1.0,19
438,1,1,473,490,-17,0.0,20
446,0,0,560,439,121,1.0,21
446,1,1,509,507,2,1.0,21
454,0,0,412,448,-36,0.0,26
454,1,1,314,499,-185,0.0,29
462,0,0,363,538,-175,0.0,21
462,1,1,592,291,301,1.0,25
470,0,0,424,374,50,1.0,24
470,1,1,458,458,0,0.5,28
478,0,0,389,489,-100,0.0,24
478,1,1,479,400,79,1.0,24
486,0,0,484,337,147,1.0,26
486,1,1,346,519,-173,0.0,23
494,0,0,503,374,129,1.0,31
494,1,1,515,529,-14,0.0,23
502,0,0,558,368,190,1.0,21
502,1,1,411,510,-99,0.0,27
510,0,0,421,495,-74,0.0,22
510,1,1,451,402,49,1.0,25
518,0,0,474,497,-23,0.0,21
518,1,1,303,359,-56,0.0,26
526,0,0,397,439,-42,0.0,23
526,1,1,481,461,20,1.0,23
534,0,0,439,527,-88,0.0,26
534,1,1,455,362,93,1.0,24
542,0,0,308,443,-135,0.0,24
542,1,1,465,475,-10,0.0,29
550,0,0,463,368,95,1.0,24
550,1,1,398,354,44,1.0,28
558,0,0,497,504,-7,0.0,20
558,1,1,501,505,-4,0.0,24
566,0,0,346,377,-31,0.0,30
566,1,1,505,442,63,1.0,23
574,0,0,475,406,69,1.0,23
574,1,1,403,399,4,1.0,21
582,0,0,453,504,-51,0.0,26
582,1,1,389,511,-122,0.0,22
590,0,0,553,434,119,1.0,26
590,1,1,360,527,-167,0.0,26
598,0,0,412,410,2,1.0,22
598,1,1,365,384,-19,0.0,24
606,0,0,444,372,72,1.0,23
606,1,1,474,433,41,1.0,23
614,0,0,408,357,51,1.0,23
614,1,1,537,455,82,1.0,24
622,0,0,397,475,-78,0.0,20
622,1,1,434,463,-29,0.0,24
630,0,0,502,529,-27,0.0,24
630,1,1,465,445,20,1.0,23
638,0,0,502,425,77,1.0,24
638,1,1,409,429,-20,0.0,25
646,0,0,318,559,-241,0.0,22
646,1,1,523,349,174,1.0,22
654,0,0,369,391,-22,0.0,26
654,1,1,456,438,18,1.0,23
662,0,0,383,493,-110,0.0,22
662,1,1,404,344,60,1.0,22
670,0,0,509,441,68,1.0,25
670,1,1,272,432,-160,0.0,29
678,0,0,438,401,37,1.0,25
678,1,1,386,392,-6,0.0,24
686,0,0,457,433,24,1.0,28
686,1,1,431,496,-65,0.0,21
694,0,0,442,324,118,1.0,24
694,1,1,365,516,-151,0.0,27
702,0,0,428,408,20,1.0,23
702,1,1,318,497,-179,0.0,28
710,0,0,558,435,123,1.0,23
710,1,1,369,452,-83,0.0,21
718,0,0,466,327,139,1.0,27
718,1,1,359,548,-189,0.0,25
726,0,0,483,423,60,1.0,21
726,1,1,429,522,-93,0.0,24
734,0,0,404,445,-41,0.0,23
734,1,1,386,433,-47,0.0,23
742,0,0,421,415,6,1.0,24
742,1,1,484,476,8,1.0,24
750,0,0,431,419,12,1.0,30
750,1,1,401,458,-57,0.0,27
758,0,0,438,415,23,1.0,23
758,1,1,508,492,16,1.0,22
766,0,0,454,399,55,1.0,26
766,1,1,411,472,-61,0.0,26
774,0,0,486,404,82,1.0,20
774,1,1,415,499,-84,0.0,23
782,0,0,499,408,91,1.0,22
782,1,1,385,393,-8,0.0,29
790,0,0,549,426,123,1.0,24
790,1,1,373,427,-54,0.0,29
798,0,0,513,488,25,1.0,21
798,1,1,424,505,-81,0.0,24
806,0,0,427,497,-70,0.0,24
806,1,1,394,475,-81,0.0,25
814,0,0,407,370,37,1.0,26
814,1,1,431,455,-24,0.0,22
822,0,0,433,497,-64,0.0,25
822,1,1,438,453,-15,0.0,28
830,0,0,447,355,92,1.0,24
830,1,1,361,482,-121,0.0,24
838,0,0,503,377,126,1.0,25
838,1,1,549,332,217,1.0,23
846,0,0,418,507,-89,0.0,23
846,1,1,472,436,36,1.0,22
854,0,0,425,506,-81,0.0,20
854,1,1,410,432,-22,0.0,21
862,0,0,500,531,-31,0.0,20
862,1,1,449,422,27,1.0,23
870,0,0,493,379,114,1.0,21
870,1,1,376,484,-108,0.0,24
878,0,0,433,355,78,1.0,30
878,1,1,367,439,-72,0.0,24
886,0,0,349,541,-192,0.0,24
886,1,1,487,515,-28,0.0,24
894,0,0,482,370,112,1.0,24
894,1,1,376,429,-53,0.0,24
902,0,0,360,421,-61,0.0,25
902,1,1,463,407,56,1.0,23
910,0,0,422,418,4,1.0,31
910,1,1,444,501,-57,0.0,26
918,0,0,541,379,162,1.0,22
918,1,1,379,541,-162,0.0,22
926,0,0,337,561,-224,0.0,22
926,1,1,444,373,71,1.0,29
934,0,0,374,426,-52,0.0,27
934,1,1,389,434,-45,0.0,22
942,0,0,381,503,-122,0.0,20
942,1,1,569,357,212,1.0,22
950,0,0,461,423,38,1.0,19
950,1,1,397,433,-36,0.0,26
958,0,0,428,398,30,1.0,29
958,1,1,480,457,23,1.0,22
966,0,0,456,313,143,1.0,24
966,1,1,405,496,-91,0.0,23
974,0,0,459,439,20,1.0,26
974,1,1,374,537,-163,0.0,35
982,0,0,443,466,-23,0.0,24
982,1,1,431,469,-38,0.0,23
990,0,0,436,424,12,1.0,21
990,1,1,445,397,48,1.0,24
998,0,0,408,317,91,1.0,26
998,1,1,385,374,11,1.0,28
1006,0,0,422,341,81,1.0,33
1006,1,1,292,400,-108,0.0,31
1014,0,0,611,349,262,1.0,25
1014,1,1,432,479,-47,0.0,22
1022,0,0,459,401,58,1.0,28
1022,1,1,388,549,-161,0.0,30
1030,0,0,468,449,19,1.0,27
1030,1,1,454,452,2,1.0,24
1038,0,0,369,365,4,1.0,26
1038,1,1,438,416,22,1.0,25
1046,0,0,434,454,-20,0.0,23
1046,1,1,499,397,102,1.0,22
1054,0,0,591,396,195,1.0,23
1054,1,1,398,486,-88,0.0,32
1062,0,0,608,346,262,1.0,28
1062,1,1,421,475,-54,0.0,22
1070,0,0,456,475,-19,0.0,22
1070,1,1,456,432,24,1.0,22
1078,0,0,492,426,66,1.0,25
1078,1,1,413,393,20,1.0,24
1086,0,0,711,371,340,1.0,19
1086,1,1,371,711,-340,0.0,19
1094,0,0,440,448,-8,0.0,25
1094,1,1,397,496,-99,0.0,22
1102,0,0,467,400,67,1.0,21
1102,1,1,507,445,62,1.0,24
1110,0,0,521,484,37,1.0,21
1110,1,1,516,572,-56,0.0,21
1118,0,0,513,487,26,1.0,23
1118,1,1,519,365,154,1.0,22
1126,0,0,426,399,27,1.0,26
1126,1,1,430,481,-51,0.0,25
1134,0,0,442,462,-20,0.0,22
1134,1,1,364,424,-60,0.0,27
1142,0,0,397,480,-83,0.0,23
1142,1,1,527,442,85,1.0,22
1150,0,0,450,428,22,1.0,22
1150,1,1,483,387,96,1.0,22
1158,0,0,558,396,162,1.0,23
1158,1,1,387,480,-93,0.0,25
1166,0,0,593,349,244,1.0,22
1166,1,1,320,458,-138,0.0,25
1174,0,0,465,457,8,1.0,21
1174,1,1,451,486,-35,0.0,24
1182,0,0,442,454,-12,0.0,20
1182,1,1,426,457,-31,0.0,22
1190,0,0,437,519,-82,0.0,24
1190,1,1,567,457,110,1.0,21
1198,0,0,376,396,-20,0.0,23
1198,1,1,409,472,-63,0.0,22
1206,0,0,454,449,5,1.0,21
1206,1,1,465,558,-93,0.0,21
1214,0,0,368,416,-48,0.0,31
1214,1,1,362,397,-35,0.0,40
1222,0,0,505,374,131,1.0,25
1222,1,1,389,524,-135,0.0,21
1230,0,0,436,445,-9,0.0,24
1230,1,1,393,394,-1,0.0,28
1238,0,0,441,454,-13,0.0,24
1238,1,1,532,422,110,1.0,22
1246,0,0,408,379,29,1.0,25
1246,1,1,366,402,-36,0.0,27
1254,0,0,510,404,106,1.0,23
1254,1,1,469,423,46,1.0,25
1262,0,0,478,404,74,1.0,25
1262,1,1,454,455,-1,0.0,20
1270,0,0,486,416,70,1.0,24
1270,1,1,424,475,-51,0.0,24
1278,0,0,467,402,65,1.0,20
1278,1,1,366,361,5,1.0,22
1286,0,0,377,463,-86,0.0,29
1286,1,1,446,410,36,1.0,28
1294,0,0,492,458,34,1.0,23
1294,1,1,503,479,24,1.0,22
1302,0,0,412,578,-166,0.0,26
1302,1,1,471,445,26,1.0,24
1310,0,0,438,518,-80,0.0,20
1310,1,1,435,371,64,1.0,26
1318,0,0,420,555,-135,0.0,23
1318,1,1,462,363,99,1.0,24
1326,0,0,428,501,-73,0.0,24
1326,1,1,441,464,-23,0.0,22
1334,0,0,385,445,-60,0.0,23
1334,1,1,401,423,-22,0.0,23
1342,0,0,492,426,66,1.0,19
1342,1,1,299,534,-235,0.0,21
1350,0,0,460,427,33,1.0,23
1350,1,1,407,384,23,1.0,27
1358,0,0,460,415,45,1.0,23
1358,1,1,377,421,-44,0.0,30
1366,0,0,368,458,-90,0.0,24
1366,1,1,427,404,23,1.0,24
1374,0,0,488,410,78,1.0,23
1374,1,1,368,414,-46,0.0,26
1382,0,0,470,427,43,1.0,22
1382,1,1,435,499,-64,0.0,26
1390,0,0,474,487,-13,0.0,24
1390,1,1,522,452,70,1.0,23
1398,0,0,436,447,-11,0.0,28
1398,1,1,485,509,-24,0.0,25
1406,0,0,389,395,-6,0.0,23
1406,1,1,372,387,-15,0.0,25
1414,0,0,448,457,-9,0.0,27
1414,1,1,390,353,37,1.0,28
1422,0,0,517,434,83,1.0,21
1422,1,1,474,532,-58,0.0,22
1430,0,0,351,496,-145,0.0,26
1430,1,1,471,404,67,1.0,24
1438,0,0,437,380,57,1.0,21
1438,1,1,395,444,-49,0.0,23
1446,0,0,440,420,20,1.0,26
1446,1,1,421,592,-171,0.0,21
1454,0,0,362,400,-38,0.0,23
1454,1,1,354,372,-18,0.0,30
1462,0,0,419,430,-11,0.0,26
1462,1,1,474,386,88,1.0,27
1470,0,0,347,449,-102,0.0,24
1470,1,1,374,514,-140,0.0,23
1478,0,0,372,412,-40,0.0,22
1478,1,1,354,515,-161,0.0,28
1486,0,0,485,397,88,1.0,27
1486,1,1,399,452,-53,0.0,27
1494,0,0,448,546,-98,0.0,20
1494,1,1,445,460,-15,0.0,23
1502,0,0,468,317,151,1.0,26
1502,1,1,332,494,-162,0.0,24
1510,0,0,482,391,91,1.0,24
1510,1,1,407,496,-89,0.0,25
1518,0,0,495,425,70,1.0,21
1518,1,1,543,440,103,1.0,26
1526,0,0,422,374,48,1.0,24
1526,1,1,423,470,-47,0.0,25
1534,0,0,455,391,64,1.0,22
1534,1,1,442,479,-37,0.0,22
1542,0,0,382,468,-86,0.0,25
1542,1,1,461,394,67,1.0,21
1550,0,0,433,418,15,1.0,26
1550,1,1,407,418,-11,0.0,24
1558,0,0,428,345,83,1.0,27
1558,1,1,351,440,-89,0.0,21
1566,0,0,433,442,-9,0.0,23
1566,1,1,495,456,39,1.0,22
1574,0,0,457,407,50,1.0,24
1574,1,1,327,498,-171,0.0,24
1582,0,0,415,396,19,1.0,21
1582,1,1,440,463,-23,0.0,22
1590,0,0,353,454,-101,0.0,24
1590,1,1,399,513,-114,0.0,25
1598,0,0,464,446,18,1.0,25
1598,1,1,382,466,-84,0.0,21
1606,0,0,507,498,9,1.0,20
1606,1,1,408,447,-39,0.0,23
1614,0,0,371,437,-66,0.0,23
1614,1,1,397,455,-58,0.0,21
1622,0,0,441,491,-50,0.0,20
1622,1,1,496,545,-49,0.0,23
1630,0,0,391,435,-44,0.0,22
1630,1,1,463,405,58,1.0,22
1638,0,0,481,463,18,1.0,26
1638,1,1,370,531,-161,0.0,25
1646,0,0,407,472,-65,0.0,21
1646,1,1,419,390,29,1.0,28
1654,0,0,526,509,17,1.0,22
1654,1,1,419,507,-88,0.0,22
1662,0,0,502,454,48,1.0,21
1662,1,1,425,462,-37,0.0,22
1670,0,0,448,421,27,1.0,27
1670,1,1,434,480,-46,0.0,31
1678,0,0,470,436,34,1.0,25
1678,1,1,441,478,-37,0.0,23
1686,0,0,390,445,-55,0.0,22
1686,1,1,436,568,-132,0.0,21
1694,0,0,529,365,164,1.0,25
1694,1,1,400,473,-73,0.0,22
1702,0,0,532,420,112,1.0,23
1702,1,1,348,544,-196,0.0,21
1710,0,0,327,612,-285,0.0,18
1710,1,1,482,397,85,1.0,22
1718,0,0,479,402,77,1.0,19
1718,1,1,354,440,-86,0.0,24
1726,0,0,418,489,-71,0.0,22
1726,1,1,440,489,-49,0.0,23
1734,0,0,506,367,139,1.0,27
1734,1,1,393,475,-82,0.0,24
1742,0,0,483,340,143,1.0,25
1742,1,1,417,465,-48,0.0,22
1750,0,0,484,390,94,1.0,25
1750,1,1,408,493,-85,0.0,25
1758,0,0,484,376,108,1.0,27
1758,1,1,325,475,-150,0.0,26
1766,0,0,362,471,-109,0.0,26
1766,1,1,399,405,-6,0.0,22
1774,0,0,431,487,-56,0.0,27
1774,1,1,485,362,123,1.0,24
1782,0,0,503,396,107,1.0,22
1782,1,1,426,423,3,1.0,26
1790,0,0,409,373,36,1.0,25
1790,1,1,430,567,-137,0.0,21
1798,0,0,550,378,172,1.0,23
1798,1,1,365,595,-230,0.0,23
1806,0,0,442,513,-71,0.0,24
1806,1,1,446,462,-16,0.0,24
1814,0,0,318,484,-166,0.0,28
1814,1,1,480,400,80,1.0,23
1822,0,0,452,489,-37,0.0,23
1822,1,1,399,504,-105,0.0,21
1830,0,0,407,368,39,1.0,26
1830,1,1,429,497,-68,0.0,23
1838,0,0,546,413,133,1.0,27
1838,1,1,338,592,-254,0.0,27
1846,0,0,401,523,-122,0.0,24
1846,1,1,519,413,106,1.0,24
1854,0,0,477,373,104,1.0,26
1854,1,1,507,406,101,1.0,24
1862,0,0,400,320,80,1.0,26
1862,1,1,335,489,-154,0.0,28
1870,0,0,428,415,13,1.0,25
1870,1,1,422,375,47,1.0,24
1878,0,0,495,356,139,1.0,22
1878,1,1,441,425,16,1.0,25
1886,0,0,435,450,-15,0.0,25
1886,1,1,420,458,-38,0.0,21
1894,0,0,604,394,210,1.0,21
1894,1,1,431,494,-63,0.0,27
1902,0,0,550,444,106,1.0,22
1902,1,1,469,480,-11,0.0,21
1910,0,0,631,412,219,1.0,19
1910,1,1,430,475,-45,0.0,22
1918,0,0,418,405,13,1.0,24
1918,1,1,374,453,-79,0.0,23
1926,0,0,361,451,-90,0.0,22
1926,1,1,440,398,42,1.0,24
1934,0,0,372,354,18,1.0,25
1934,1,1,369,518,-149,0.0,25
1942,0,0,464,452,12,1.0,22
1942,1,1,359,456,-97,0.0,29
1950,0,0,461,391,70,1.0,23
1950,1,1,423,489,-66,0.0,24
1958,0,0,395,424,-29,0.0,26
1958,1,1,370,319,51,1.0,28
1966,0,0,419,413,6,1.0,26
1966,1,1,403,422,-19,0.0,23
1974,0,0,499,300,199,1.0,27
1974,1,1,445,506,-61,0.0,21
1982,0,0,491,415,76,1.0,21
1982,1,1,400,480,-80,0.0,25
1990,0,0,524,346,178,1.0,23
1990,1,1,393,518,-125,0.0,23
1998,0,0,570,367,203,1.0,23
1998,1,1,433,563,-130,0.0,24
pair,game,a_seat,a_score,b_score,a_spread,a_win,turns
7,0,0,487,445,42,1.0,24
7,1,1,457,523,-66,0.0,24
15,0,0,427,467,-40,0.0,28
15,1,1,380,489,-109,0.0,30
23,0,0,425,458,-33,0.0,26
23,1,1,500,349,151,1.0,28
31,0,0,558,468,90,1.0,22
31,1,1,384,595,-211,0.0,24
39,0,0,402,464,-62,0.0,20
39,1,1,397,525,-128,0.0,26
47,0,0,424,380,44,1.0,23
47,1,1,382,371,11,1.0,25
55,0,0,354,499,-145,0.0,26
55,1,1,462,259,203,1.0,28
63,0,0,387,452,-65,0.0,23
63,1,1,472,413,59,1.0,22
71,0,0,485,392,93,1.0,26
71,1,1,363,462,-99,0.0,25
79,0,0,388,436,-48,0.0,29
79,1,1,507,358,149,1.0,26
87,0,0,316,507,-191,0.0,25
87,1,1,521,344,177,1.0,23
95,0,0,495,481,14,1.0,23
95,1,1,512,453,59,1.0,21
103,0,0,335,426,-91,0.0,28
103,1,1,546,298,248,1.0,33
111,0,0,433,494,-61,0.0,26
111,1,1,514,385,129,1.0,25
119,0,0,407,494,-87,0.0,25
119,1,1,369,464,-95,0.0,22
127,0,0,379,373,6,1.0,34
127,1,1,360,461,-101,0.0,27
135,0,0,426,434,-8,0.0,23
135,1,1,384,396,-12,0.0,26
143,0,0,358,495,-137,0.0,25
143,1,1,541,381,160,1.0,23
151,0,0,390,476,-86,0.0,25
151,1,1,478,356,122,1.0,24
159,0,0,478,402,76,1.0,24
159,1,1,377,405,-28,0.0,24
167,0,0,535,458,77,1.0,26
167,1,1,408,455,-47,0.0,23
175,0,0,490,437,53,1.0,25
175,1,1,547,433,114,1.0,25
183,0,0,479,444,35,1.0,21
183,1,1,440,498,-58,0.0,21
191,0,0,382,479,-97,0.0,24
191,1,1,384,506,-122,0.0,22
199,0,0,361,494,-133,0.0,23
199,1,1,385,509,-124,0.0,24
207,0,0,505,448,57,1.0,23
207,1,1,465,471,-6,0.0,20
215,0,0,461,446,15,1.0,24
215,1,1,480,493,-13,0.0,22
223,0,0,362,452,-90,0.0,26
223,1,1,425,417,8,1.0,24
231,0,0,333,475,-142,0.0,22
231,1,1,622,380,242,1.0,23
239,0,0,392,403,-11,0.0,24
239,1,1,393,470,-77,0.0,26
247,0,0,463,376,87,1.0,30
247,1,1,463,417,46,1.0,27
255,0,0,460,378,82,1.0,24
255,1,1,388,430,-42,0.0,23
263,0,0,377,512,-135,0.0,24
263,1,1,350,387,-37,0.0,29
271,0,0,378,470,-92,0.0,22
271,1,1,437,459,-22,0.0,26
279,0,0,402,403,-1,0.0,24
279,1,1,534,441,93,1.0,21
287,0,0,473,326,147,1.0,27
287,1,1,363,454,-91,0.0,26
295,0,0,570,387,183,1.0,22
295,1,1,397,460,-63,0.0,25
303,0,0,381,458,-77,0.0,25
303,1,1,499,348,151,1.0,21
311,0,0,383,477,-94,0.0,25
311,1,1,446,366,80,1.0,24
319,0,0,424,392,32,1.0,24
319,1,1,469,518,-49,0.0,20
327,0,0,417,455,-38,0.0,22
327,1,1,453,516,-63,0.0,26
335,0,0,429,474,-45,0.0,22
335,1,1,538,413,125,1.0,22
343,0,0,485,454,31,1.0,22
343,1,1,398,446,-48,0.0,24
351,0,0,332,457,-125,0.0,24
351,1,1,417,503,-86,0.0,23
359,0,0,524,358,166,1.0,22
359,1,1,404,542,-138,0.0,22
367,0,0,488,343,145,1.0,22
367,1,1,368,464,-96,0.0,25
375,0,0,468,390,78,1.0,25
375,1,1,395,555,-160,0.0,26
383,0,0,482,418,64,1.0,24
383,1,1,486,434,52,1.0,23
391,0,0,427,319,108,1.0,26
391,1,1,400,468,-68,0.0,27
399,0,0,444,449,-5,0.0,26
399,1,1,454,435,19,1.0,22
407,0,0,438,409,29,1.0,25
407,1,1,484,288,196,1.0,25
415,0,0,473,463,10,1.0,22
415,1,1,466,350,116,1.0,23
423,0,0,437,608,-171,0.0,24
423,1,1,452,398,54,1.0,23
431,0,0,403,485,-82,0.0,22
431,1,1,509,443,66,1.0,25
439,0,0,491,409,82,1.0,26
439,1,1,346,536,-190,0.0,22
447,0,0,376,448,-72,0.0,22
447,1,1,415,406,9,1.0,25
455,0,0,425,460,-35,0.0,21
455,1,1,509,445,64,1.0,22
463,0,0,350,411,-61,0.0,30
463,1,1,412,432,-20,0.0,22
471,0,0,448,421,27,1.0,21
471,1,1,491,369,122,1.0,22
479,0,0,411,440,-29,0.0,25
479,1,1,397,423,-26,0.0,28
487,0,0,324,451,-127,0.0,32
487,1,1,385,407,-22,0.0,26
495,0,0,420,386,34,1.0,22
495,1,1,342,386,-44,0.0,24
503,0,0,535,464,71,1.0,23
503,1,1,440,543,-103,0.0,21
511,0,0,533,338,195,1.0,24
511,1,1,376,414,-38,0.0,23
519,0,0,360,544,-184,0.0,24
519,1,1,592,320,272,1.0,21
527,0,0,425,548,-123,0.0,19
527,1,1,506,388,118,1.0,23
535,0,0,453,401,52,1.0,23
535,1,1,440,440,0,0.5,27
543,0,0,420,408,12,1.0,21
543,1,1,421,500,-79,0.0,25
551,0,0,437,325,112,1.0,29
551,1,1,367,431,-64,0.0,28
559,0,0,402,419,-17,0.0,24
559,1,1,406,444,-38,0.0,23
567,0,0,425,410,15,1.0,23
567,1,1,455,421,34,1.0,24
575,0,0,424,406,18,1.0,22
575,1,1,483,438,45,1.0,23
583,0,0,401,729,-328,0.0,19
583,1,1,538,424,114,1.0,23
591,0,0,356,407,-51,0.0,23
591,1,1,499,417,82,1.0,22
599,0,0,402,413,-11,0.0,28
599,1,1,463,422,41,1.0,27
607,0,0,433,422,11,1.0,31
607,1,1,313,445,-132,0.0,26
615,0,0,447,375,72,1.0,26
615,1,1,418,463,-45,0.0,27
623,0,0,478,449,29,1.0,22
623,1,1,553,420,133,1.0,21
631,0,0,539,440,99,1.0,24
631,1,1,331,461,-130,0.0,27
639,0,0,386,442,-56,0.0,28
639,1,1,429,435,-6,0.0,23
647,0,0,416,426,-10,0.0,23
647,1,1,446,426,20,1.0,24
655,0,0,402,442,-40,0.0,22
655,1,1,448,434,14,1.0,24
663,0,0,523,349,174,1.0,23
663,1,1,507,445,62,1.0,21
671,0,0,475,305,170,1.0,27
671,1,1,450,444,6,1.0,24
679,0,0,447,481,-34,0.0,24
679,1,1,458,429,29,1.0,22
687,0,0,400,587,-187,0.0,21
687,1,1,404,390,14,1.0,21
695,0,0,525,415,110,1.0,20
695,1,1,542,404,138,1.0,21
703,0,0,501,417,84,1.0,28
703,1,1,361,489,-128,0.0,34
711,0,0,430,449,-19,0.0,26
711,1,1,492,329,163,1.0,25
719,0,0,409,461,-52,0.0,27
719,1,1,456,386,70,1.0,24
727,0,0,465,456,9,1.0,21
727,1,1,556,457,99,1.0,22
735,0,0,453,529,-76,0.0,23
735,1,1,486,486,0,0.5,23
743,0,0,445,451,-6,0.0,21
743,1,1,407,397,10,1.0,25
751,0,0,437,370,67,1.0,25
751,1,1,426,420,6,1.0,25
759,0,0,446,406,40,1.0,34
759,1,1,458,433,25,1.0,28
767,0,0,514,305,209,1.0,26
767,1,1,426,385,41,1.0,27
775,0,0,391,472,-81,0.0,24
775,1,1,467,406,61,1.0,26
783,0,0,413,434,-21,0.0,28
783,1,1,510,378,132,1.0,21
791,0,0,541,314,227,1.0,28
791,1,1,446,492,-46,0.0,22
799,0,0,457,376,81,1.0,23
799,1,1,375,486,-111,0.0,24
807,0,0,360,477,-117,0.0,25
807,1,1,488,355,133,1.0,21
815,0,0,340,516,-176,0.0,24
815,1,1,578,416,162,1.0,22
823,0,0,403,516,-113,0.0,22
823,1,1,404,344,60,1.0,26
831,0,0,505,384,121,1.0,23
831,1,1,464,489,-25,0.0,23
839,0,0,439,490,-51,0.0,23
839,1,1,508,424,84,1.0,23
847,0,0,404,435,-31,0.0,26
847,1,1,468,407,61,1.0,24
855,0,0,459,414,45,1.0,30
855,1,1,496,495,1,1.0,24
863,0,0,377,355,22,1.0,35
863,1,1,396,399,-3,0.0,25
871,0,0,503,398,105,1.0,20
871,1,1,434,394,40,1.0,22
879,0,0,638,423,215,1.0,21
879,1,1,451,626,-175,0.0,21
887,0,0,399,482,-83,0.0,23
887,1,1,404,338,66,1.0,24
895,0,0,473,482,-9,0.0,23
895,1,1,583,377,206,1.0,21
903,0,0,414,513,-99,0.0,25
903,1,1,488,413,75,1.0,23
911,0,0,477,395,82,1.0,24
911,1,1,359,494,-135,0.0,26
919,0,0,474,443,31,1.0,22
919,1,1,461,408,53,1.0,23
927,0,0,456,445,11,1.0,25
927,1,1,492,406,86,1.0,26
935,0,0,391,525,-134,0.0,23
935,1,1,500,362,138,1.0,23
943,0,0,489,549,-60,0.0,22
943,1,1,476,468,8,1.0,26
951,0,0,407,506,-99,0.0,27
951,1,1,373,514,-141,0.0,27
959,0,0,455,500,-45,0.0,26
959,1,1,458,455,3,1.0,22
967,0,0,502,502,0,0.5,25
967,1,1,494,458,36,1.0,24
975,0,0,500,497,3,1.0,20
975,1,1,464,408,56,1.0,26
983,0,0,489,411,78,1.0,23
983,1,1,478,514,-36,0.0,24
991,0,0,374,507,-133,0.0,24
991,1,1,492,438,54,1.0,24
999,0,0,513,465,48,1.0,22
999,1,1,484,426,58,1.0,24
1007,0,0,398,444,-46,0.0,24
1007,1,1,476,367,109,1.0,25
1015,0,0,539,398,141,1.0,22
1015,1,1,403,505,-102,0.0,24
1023,0,0,415,396,19,1.0,24
1023,1,1,418,403,15,1.0,26
1031,0,0,389,387,2,1.0,27
1031,1,1,340,460,-120,0.0,29
1039,0,0,465,431,34,1.0,22
1039,1,1,541,449,92,1.0,25
1047,0,0,420,495,-75,0.0,22
1047,1,1,450,461,-11,0.0,23
1055,0,0,425,425,0,0.5,24
1055,1,1,357,407,-50,0.0,22
1063,0,0,391,480,-89,0.0,22
1063,1,1,421,396,25,1.0,23
1071,0,0,534,393,141,1.0,20
1071,1,1,433,531,-98,0.0,20
1079,0,0,361,420,-59,0.0,24
1079,1,1,463,407,56,1.0,28
1087,0,0,412,508,-96,0.0,26
1087,1,1,573,404,169,1.0,24
1095,0,0,474,460,14,1.0,23
1095,1,1,414,386,28,1.0,24
1103,0,0,433,560,-127,0.0,25
1103,1,1,404,365,39,1.0,22
1111,0,0,395,514,-119,0.0,22
1111,1,1,523,416,107,1.0,24
1119,0,0,425,390,35,1.0,25
1119,1,1,369,533,-164,0.0,24
1127,0,0,464,520,-56,0.0,21
1127,1,1,465,409,56,1.0,25
1135,0,0,377,473,-96,0.0,22
1135,1,1,513,442,71,1.0,24
1143,0,0,536,380,156,1.0,23
1143,1,1,492,362,130,1.0,25
1151,0,0,474,300,174,1.0,23
1151,1,1,378,461,-83,0.0,24
1159,0,0,537,336,201,1.0,27
1159,1,1,376,561,-185,0.0,24
1167,0,0,417,378,39,1.0,25
1167,1,1,425,453,-28,0.0,23
1175,0,0,495,392,103,1.0,29
1175,1,1,431,503,-72,0.0,21
1183,0,0,460,432,28,1.0,25
1183,1,1,400,468,-68,0.0,24
1191,0,0,512,475,37,1.0,20
1191,1,1,515,421,94,1.0,22
1199,0,0,438,494,-56,0.0,21
1199,1,1,442,380,62,1.0,21
1207,0,0,313,583,-270,0.0,23
1207,1,1,439,396,43,1.0,24
1215,0,0,466,502,-36,0.0,23
1215,1,1,492,418,74,1.0,25
1223,0,0,462,354,108,1.0,28
1223,1,1,467,354,113,1.0,21
1231,0,0,412,576,-164,0.0,23
1231,1,1,502,345,157,1.0,21
1239,0,0,465,434,31,1.0,21
1239,1,1,337,533,-196,0.0,24
1247,0,0,449,342,107,1.0,25
1247,1,1,479,406,73,1.0,26
1255,0,0,393,509,-116,0.0,23
1255,1,1,365,308,57,1.0,32
1263,0,0,390,494,-104,0.0,23
1263,1,1,460,427,33,1.0,22
1271,0,0,465,402,63,1.0,20
1271,1,1,464,361,103,1.0,26
1279,0,0,447,474,-27,0.0,22
1279,1,1,473,451,22,1.0,22
1287,0,0,422,513,-91,0.0,24
1287,1,1,461,330,131,1.0,23
1295,0,0,414,410,4,1.0,22
1295,1,1,477,450,27,1.0,23
1303,0,0,338,450,-112,0.0,26
1303,1,1,422,352,70,1.0,25
1311,0,0,452,396,56,1.0,22
1311,1,1,339,391,-52,0.0,27
1319,0,0,512,415,97,1.0,21
1319,1,1,450,457,-7,0.0,24
1327,0,0,443,317,126,1.0,30
1327,1,1,388,479,-91,0.0,24
1335,0,0,424,331,93,1.0,25
1335,1,1,345,330,15,1.0,29
1343,0,0,360,411,-51,0.0,27
1343,1,1,407,321,86,1.0,33
1351,0,0,433,524,-91,0.0,23
1351,1,1,586,350,236,1.0,24
1359,0,0,387,453,-66,0.0,32
1359,1,1,372,442,-70,0.0,26
1367,0,0,420,542,-122,0.0,23
1367,1,1,536,364,172,1.0,23
1375,0,0,440,509,-69,0.0,24
1375,1,1,449,415,34,1.0,22
1383,0,0,429,443,-14,0.0,25
1383,1,1,512,395,117,1.0,23
1391,0,0,449,419,30,1.0,26
1391,1,1,385,440,-55,0.0,27
1399,0,0,430,438,-8,0.0,20
1399,1,1,390,431,-41,0.0,27
1407,0,0,445,442,3,1.0,23
1407,1,1,437,564,-127,0.0,20
1415,0,0,419,455,-36,0.0,21
1415,1,1,481,407,74,1.0,23
1423,0,0,341,451,-110,0.0,23
1423,1,1,412,439,-27,0.0,21
1431,0,0,348,432,-84,0.0,25
1431,1,1,457,321,136,1.0,29
1439,0,0,359,451,-92,0.0,23
1439,1,1,435,430,5,1.0,22
1447,0,0,400,311,89,1.0,30
1447,1,1,363,396,-33,0.0,32
1455,0,0,478,367,111,1.0,22
1455,1,1,425,454,-29,0.0,24
1463,0,0,488,366,122,1.0,20
1463,1,1,427,479,-52,0.0,22
1471,0,0,480,480,0,0.5,23
1471,1,1,459,399,60,1.0,23
1479,0,0,468,487,-19,0.0,24
1479,1,1,524,466,58,1.0,20
1487,0,0,402,438,-36,0.0,26
1487,1,1,547,465,82,1.0,23
1495,0,0,345,441,-96,0.0,30
1495,1,1,521,394,127,1.0,22
1503,0,0,514,371,143,1.0,23
1503,1,1,429,462,-33,0.0,25
1511,0,0,418,436,-18,0.0,23
1511,1,1,462,491,-29,0.0,23
1519,0,0,538,359,179,1.0,28
1519,1,1,440,483,-43,0.0,29
1527,0,0,489,400,89,1.0,26
1527,1,1,384,471,-87,0.0,22
1535,0,0,423,498,-75,0.0,23
1535,1,1,477,399,78,1.0,21
1543,0,0,432,506,-74,0.0,25
1543,1,1,490,369,121,1.0,21
1551,0,0,388,464,-76,0.0,26
1551,1,1,454,447,7,1.0,24
1559,0,0,448,432,16,1.0,23
1559,1,1,551,421,130,1.0,23
1567,0,0,494,505,-11,0.0,20
1567,1,1,438,528,-90,0.0,22
1575,0,0,469,415,54,1.0,25
1575,1,1,425,520,-95,0.0,24
1583,0,0,527,443,84,1.0,20
1583,1,1,421,561,-140,0.0,25
1591,0,0,523,403,120,1.0,30
1591,1,1,456,445,11,1.0,21
1599,0,0,501,320,181,1.0,24
1599,1,1,516,403,113,1.0,23
1607,0,0,417,432,-15,0.0,30
1607,1,1,487,389,98,1.0,24
1615,0,0,494,514,-20,0.0,24
1615,1,1,434,431,3,1.0,23
1623,0,0,507,419,88,1.0,26
1623,1,1,361,393,-32,0.0,37
1631,0,0,445,546,-101,0.0,20
1631,1,1,540,363,177,1.0,23
1639,0,0,372,512,-140,0.0,21
1639,1,1,459,411,48,1.0,20
1647,0,0,401,433,-32,0.0,25
1647,1,1,489,462,27,1.0,21
1655,0,0,463,484,-21,0.0,26
1655,1,1,415,487,-72,0.0,20
1663,0,0,411,474,-63,0.0,25
1663,1,1,471,419,52,1.0,25
1671,0,0,441,459,-18,0.0,21
1671,1,1,543,489,54,1.0,21
1679,0,0,433,407,26,1.0,26
1679,1,1,423,443,-20,0.0,22
1687,0,0,392,512,-120,0.0,22
1687,1,1,402,440,-38,0.0,24
1695,0,0,427,483,-56,0.0,28
1695,1,1,447,366,81,1.0,28
1703,0,0,370,454,-84,0.0,24
1703,1,1,442,371,71,1.0,24
1711,0,0,503,337,166,1.0,22
1711,1,1,367,447,-80,0.0,27
1719,0,0,416,484,-68,0.0,22
1719,1,1,556,327,229,1.0,23
1727,0,0,495,415,80,1.0,20
1727,1,1,443,498,-55,0.0,20
1735,0,0,454,471,-17,0.0,21
1735,1,1,455,461,-6,0.0,24
1743,0,0,422,346,76,1.0,25
1743,1,1,373,568,-195,0.0,26
1751,0,0,479,475,4,1.0,22
1751,1,1,482,481,1,1.0,24
1759,0,0,388,569,-181,0.0,24
1759,1,1,533,306,227,1.0,26
1767,0,0,425,292,133,1.0,30
1767,1,1,383,429,-46,0.0,24
1775,0,0,389,393,-4,0.0,27
1775,1,1,429,435,-6,0.0,26
1783,0,0,430,442,-12,0.0,23
1783,1,1,506,342,164,1.0,26
1791,0,0,406,467,-61,0.0,23
1791,1,1,372,476,-104,0.0,23
1799,0,0,497,482,15,1.0,21
1799,1,1,561,451,110,1.0,19
1807,0,0,459,498,-39,0.0,21
1807,1,1,434,481,-47,0.0,22
1815,0,0,515,339,176,1.0,25
1815,1,1,373,424,-51,0.0,27
1823,0,0,573,364,209,1.0,21
1823,1,1,389,554,-165,0.0,19
1831,0,0,466,560,-94,0.0,23
1831,1,1,453,371,82,1.0,24
1839,0,0,403,583,-180,0.0,25
1839,1,1,544,382,162,1.0,23
1847,0,0,478,495,-17,0.0,19
1847,1,1,468,434,34,1.0,23
1855,0,0,359,385,-26,0.0,26
1855,1,1,376,373,3,1.0,26
1863,0,0,433,398,35,1.0,25
1863,1,1,376,501,-125,0.0,21
1871,0,0,374,588,-214,0.0,25
1871,1,1,524,360,164,1.0,23
1879,0,0,445,377,68,1.0,24
1879,1,1,499,449,50,1.0,27
1887,0,0,425,423,2,1.0,23
1887,1,1,501,421,80,1.0,24
1895,0,0,432,365,67,1.0,26
1895,1,1,378,486,-108,0.0,22
1903,0,0,435,563,-128,0.0,25
1903,1,1,490,334,156,1.0,23
1911,0,0,458,515,-57,0.0,28
1911,1,1,429,412,17,1.0,25
1919,0,0,427,400,27,1.0,23
1919,1,1,430,482,-52,0.0,24
1927,0,0,369,485,-116,0.0,25
1927,1,1,500,360,140,1.0,21
1935,0,0,529,355,174,1.0,23
1935,1,1,399,383,16,1.0,26
1943,0,0,410,416,-6,0.0,26
1943,1,1,391,406,-15,0.0,25
1951,0,0,395,412,-17,0.0,20
1951,1,1,326,515,-189,0.0,20
1959,0,0,493,425,68,1.0,22
1959,1,1,367,430,-63,0.0,27
1967,0,0,508,431,77,1.0,22
1967,1,1,471,492,-21,0.0,20
1975,0,0,375,469,-94,0.0,22
1975,1,1,560,452,108,1.0,23
1983,0,0,383,505,-122,0.0,23
1983,1,1,516,375,141,1.0,26
1991,0,0,494,497,-3,0.0,22
1991,1,1,549,480,69,1.0,22
1999,0,0,563,329,234,1.0,22
1999,1,1,355,469,-114,0.0,22
