pair,game,a_seat,a_score,b_score,a_spread,a_win,turns
0,0,0,390,494,-104,0.0,24
0,1,1,572,399,173,1.0,24
8,0,0,383,415,-32,0.0,22
8,1,1,545,470,75,1.0,20
16,0,0,478,456,22,1.0,22
16,1,1,504,463,41,1.0,23
24,0,0,575,409,166,1.0,21
24,1,1,388,545,-157,0.0,21
32,0,0,471,387,84,1.0,23
32,1,1,398,479,-81,0.0,23
40,0,0,356,504,-148,0.0,22
40,1,1,504,430,74,1.0,22
48,0,0,580,400,180,1.0,21
48,1,1,402,559,-157,0.0,20
56,0,0,388,517,-129,0.0,21
56,1,1,449,412,37,1.0,20
64,0,0,404,563,-159,0.0,24
64,1,1,496,385,111,1.0,23
72,0,0,570,293,277,1.0,21
72,1,1,382,556,-174,0.0,22
80,0,0,543,498,45,1.0,20
80,1,1,462,573,-111,0.0,18
88,0,0,367,450,-83,0.0,21
88,1,1,520,412,108,1.0,23
96,0,0,521,342,179,1.0,22
96,1,1,353,511,-158,0.0,23
104,0,0,467,361,106,1.0,22
104,1,1,410,465,-55,0.0,23
112,0,0,483,444,39,1.0,20
112,1,1,476,479,-3,0.0,23
120,0,0,602,410,192,1.0,26
120,1,1,393,544,-151,0.0,22
128,0,0,422,402,20,1.0,21
128,1,1,403,609,-206,0.0,24
136,0,0,423,482,-59,0.0,24
136,1,1,505,352,153,1.0,22
144,0,0,385,534,-149,0.0,21
144,1,1,494,442,52,1.0,22
152,0,0,357,470,-113,0.0,22
152,1,1,490,420,70,1.0,20
160,0,0,619,423,196,1.0,23
160,1,1,327,547,-220,0.0,21
168,0,0,446,443,3,1.0,25
168,1,1,391,476,-85,0.0,25
176,0,0,449,463,-14,0.0,24
176,1,1,495,439,56,1.0,22
184,0,0,511,460,51,1.0,23
184,1,1,401,486,-85,0.0,27
192,0,0,415,385,30,1.0,24
192,1,1,424,463,-39,0.0,24
200,0,0,415,443,-28,0.0,24
200,1,1,380,428,-48,0.0,24
208,0,0,484,447,37,1.0,24
208,1,1,426,497,-71,0.0,25
216,0,0,371,468,-97,0.0,21
216,1,1,494,320,174,1.0,23
224,0,0,373,483,-110,0.0,21
224,1,1,556,365,191,1.0,27
232,0,0,430,343,87,1.0,21
232,1,1,362,539,-177,0.0,24
240,0,0,414,484,-70,0.0,20
240,1,1,565,437,128,1.0,23
248,0,0,437,442,-5,0.0,19
248,1,1,517,475,42,1.0,23
256,0,0,526,337,189,1.0,22
256,1,1,316,498,-182,0.0,21
264,0,0,452,461,-9,0.0,23
264,1,1,443,452,-9,0.0,24
272,0,0,440,484,-44,0.0,22
272,1,1,342,479,-137,0.0,25
280,0,0,411,441,-30,0.0,25
280,1,1,480,525,-45,0.0,23
288,0,0,407,451,-44,0.0,22
288,1,1,488,438,50,1.0,20
296,0,0,535,388,147,1.0,21
296,1,1,607,376,231,1.0,23
304,0,0,488,408,80,1.0,21
304,1,1,501,421,80,1.0,20
312,0,0,441,393,48,1.0,27
312,1,1,429,492,-63,0.0,23
320,0,0,504,389,115,1.0,22
320,1,1,372,416,-44,0.0,23
328,0,0,413,434,-21,0.0,24
328,1,1,416,402,14,1.0,24
336,0,0,353,473,-120,0.0,28
336,1,1,429,431,-2,0.0,22
344,0,0,445,453,-8,0.0,21
344,1,1,427,491,-64,0.0,23
352,0,0,426,431,-5,0.0,25
352,1,1,482,447,35,1.0,21
360,0,0,560,398,162,1.0,22
360,1,1,320,615,-295,0.0,21
368,0,0,415,431,-16,0.0,24
368,1,1,322,520,-198,0.0,23
376,0,0,438,517,-79,0.0,23
376,1,1,557,420,137,1.0,25
384,0,0,474,443,31,1.0,24
384,1,1,445,484,-39,0.0,22
392,0,0,459,466,-7,0.0,21
392,1,1,392,460,-68,0.0,27
400,0,0,518,357,161,1.0,26
400,1,1,345,528,-183,0.0,28
408,0,0,562,464,98,1.0,21
408,1,1,582,477,105,1.0,20
416,0,0,417,439,-22,0.0,23
416,1,1,433,453,-20,0.0,23
424,0,0,523,429,94,1.0,23
424,1,1,456,462,-6,0.0,24
432,0,0,525,384,141,1.0,22
432,1,1,400,550,-150,0.0,25
440,0,0,559,420,139,1.0,22
440,1,1,529,443,86,1.0,20
448,0,0,489,436,53,1.0,21
448,1,1,409,489,-80,0.0,22
456,0,0,431,547,-116,0.0,20
456,1,1,462,561,-99,0.0,22
464,0,0,415,466,-51,0.0,27
464,1,1,535,430,105,1.0,22
472,0,0,466,427,39,1.0,23
472,1,1,436,487,-51,0.0,23
480,0,0,437,519,-82,0.0,20
480,1,1,572,414,158,1.0,20
488,0,0,543,496,47,1.0,22
488,1,1,500,548,-48,0.0,24
496,0,0,526,464,62,1.0,21
496,1,1,461,518,-57,0.0,21
504,0,0,415,534,-119,0.0,24
504,1,1,493,532,-39,0.0,23
512,0,0,487,403,84,1.0,24
512,1,1,488,415,73,1.0,22
520,0,0,479,413,66,1.0,23
520,1,1,509,446,63,1.0,21
528,0,0,514,420,94,1.0,21
528,1,1,408,470,-62,0.0,23
536,0,0,489,482,7,1.0,19
536,1,1,430,453,-23,0.0,23
544,0,0,622,462,160,1.0,20
544,1,1,390,626,-236,0.0,19
552,0,0,377,444,-67,0.0,24
552,1,1,526,440,86,1.0,23
560,0,0,384,535,-151,0.0,21
560,1,1,467,438,29,1.0,23
568,0,0,540,432,108,1.0,24
568,1,1,442,518,-76,0.0,25
576,0,0,411,531,-120,0.0,21
576,1,1,387,402,-15,0.0,22
584,0,0,424,424,0,0.5,24
584,1,1,459,483,-24,0.0,21
592,0,0,484,467,17,1.0,21
592,1,1,473,500,-27,0.0,22
600,0,0,403,421,-18,0.0,23
600,1,1,490,408,82,1.0,22
608,0,0,393,476,-83,0.0,21
608,1,1,498,411,87,1.0,22
616,0,0,423,461,-38,0.0,22
616,1,1,361,608,-247,0.0,19
624,0,0,419,444,-25,0.0,28
624,1,1,582,423,159,1.0,24
632,0,0,500,417,83,1.0,23
632,1,1,491,417,74,1.0,23
640,0,0,467,452,15,1.0,23
640,1,1,379,509,-130,0.0,23
648,0,0,461,436,25,1.0,23
648,1,1,456,527,-71,0.0,21
656,0,0,379,449,-70,0.0,26
656,1,1,565,402,163,1.0,22
664,0,0,489,399,90,1.0,22
664,1,1,388,430,-42,0.0,23
672,0,0,452,429,23,1.0,23
672,1,1,443,541,-98,0.0,22
680,0,0,468,468,0,0.5,19
680,1,1,434,434,0,0.5,21
688,0,0,479,418,61,1.0,23
688,1,1,457,554,-97,0.0,21
696,0,0,460,427,33,1.0,26
696,1,1,434,448,-14,0.0,24
704,0,0,389,500,-111,0.0,23
704,1,1,433,432,1,1.0,23
712,0,0,476,466,10,1.0,22
712,1,1,581,369,212,1.0,22
720,0,0,397,527,-130,0.0,22
720,1,1,503,420,83,1.0,26
728,0,0,464,400,64,1.0,22
728,1,1,274,518,-244,0.0,25
736,0,0,524,498,26,1.0,23
736,1,1,409,467,-58,0.0,23
744,0,0,400,447,-47,0.0,23
744,1,1,469,449,20,1.0,23
752,0,0,423,473,-50,0.0,22
752,1,1,610,386,224,1.0,22
760,0,0,438,461,-23,0.0,22
760,1,1,469,418,51,1.0,24
768,0,0,435,480,-45,0.0,23
768,1,1,509,412,97,1.0,26
776,0,0,435,594,-159,0.0,24
776,1,1,509,450,59,1.0,23
784,0,0,472,427,45,1.0,22
784,1,1,378,487,-109,0.0,23
792,0,0,360,495,-135,0.0,23
792,1,1,489,344,145,1.0,23
800,0,0,459,462,-3,0.0,21
800,1,1,409,496,-87,0.0,22
808,0,0,453,459,-6,0.0,26
808,1,1,395,437,-42,0.0,23
816,0,0,440,469,-29,0.0,22
816,1,1,409,428,-19,0.0,22
824,0,0,522,494,28,1.0,28
824,1,1,423,491,-68,0.0,20
832,0,0,477,490,-13,0.0,20
832,1,1,446,485,-39,0.0,22
840,0,0,407,462,-55,0.0,23
840,1,1,395,489,-94,0.0,22
848,0,0,526,408,118,1.0,20
848,1,1,493,523,-30,0.0,21
856,0,0,361,469,-108,0.0,24
856,1,1,465,411,54,1.0,25
864,0,0,419,443,-24,0.0,32
864,1,1,445,442,3,1.0,23
872,0,0,516,430,86,1.0,22
872,1,1,405,455,-50,0.0,22
880,0,0,571,438,133,1.0,21
880,1,1,465,528,-63,0.0,23
888,0,0,429,490,-61,0.0,24
888,1,1,475,501,-26,0.0,23
896,0,0,436,445,-9,0.0,23
896,1,1,420,429,-9,0.0,21
904,0,0,518,412,106,1.0,23
904,1,1,467,521,-54,0.0,23
912,0,0,474,456,18,1.0,24
912,1,1,399,509,-110,0.0,22
920,0,0,431,423,8,1.0,21
920,1,1,371,563,-192,0.0,25
928,0,0,422,427,-5,0.0,22
928,1,1,433,425,8,1.0,22
936,0,0,523,510,13,1.0,21
936,1,1,440,446,-6,0.0,25
944,0,0,449,478,-29,0.0,22
944,1,1,443,463,-20,0.0,22
952,0,0,454,370,84,1.0,22
952,1,1,383,474,-91,0.0,24
960,0,0,525,401,124,1.0,24
960,1,1,423,561,-138,0.0,24
968,0,0,332,451,-119,0.0,20
968,1,1,462,337,125,1.0,22
976,0,0,457,428,29,1.0,25
976,1,1,447,399,48,1.0,22
984,0,0,430,501,-71,0.0,21
984,1,1,512,512,0,0.5,21
992,0,0,413,344,69,1.0,23
992,1,1,349,411,-62,0.0,21
1000,0,0,613,379,234,1.0,21
1000,1,1,336,542,-206,0.0,25
1008,0,0,431,347,84,1.0,23
1008,1,1,518,434,84,1.0,20
1016,0,0,419,428,-9,0.0,22
1016,1,1,461,486,-25,0.0,21
1024,0,0,437,417,20,1.0,22
1024,1,1,423,416,7,1.0,26
1032,0,0,397,379,18,1.0,23
1032,1,1,414,446,-32,0.0,24
1040,0,0,381,501,-120,0.0,22
1040,1,1,408,494,-86,0.0,23
1048,0,0,442,410,32,1.0,21
1048,1,1,467,454,13,1.0,24
1056,0,0,461,422,39,1.0,24
1056,1,1,457,474,-17,0.0,23
1064,0,0,398,535,-137,0.0,24
1064,1,1,536,418,118,1.0,22
1072,0,0,474,481,-7,0.0,26
1072,1,1,393,473,-80,0.0,21
1080,0,0,462,352,110,1.0,25
1080,1,1,499,494,5,1.0,28
1088,0,0,467,396,71,1.0,21
1088,1,1,563,340,223,1.0,20
1096,0,0,441,555,-114,0.0,22
1096,1,1,536,448,88,1.0,22
1104,0,0,411,546,-135,0.0,20
1104,1,1,526,430,96,1.0,23
1112,0,0,512,438,74,1.0,24
1112,1,1,422,458,-36,0.0,26
1120,0,0,526,612,-86,0.0,22
1120,1,1,514,417,97,1.0,23
1128,0,0,474,465,9,1.0,23
1128,1,1,451,490,-39,0.0,20
1136,0,0,580,428,152,1.0,21
1136,1,1,513,500,13,1.0,22
1144,0,0,451,452,-1,0.0,23
1144,1,1,388,488,-100,0.0,22
1152,0,0,450,423,27,1.0,23
1152,1,1,498,454,44,1.0,21
1160,0,0,480,430,50,1.0,21
1160,1,1,461,462,-1,0.0,21
1168,0,0,368,470,-102,0.0,24
1168,1,1,439,346,93,1.0,23
1176,0,0,396,357,39,1.0,22
1176,1,1,386,456,-70,0.0,22
1184,0,0,552,423,129,1.0,21
1184,1,1,327,524,-197,0.0,26
1192,0,0,498,386,112,1.0,25
1192,1,1,381,483,-102,0.0,25
1200,0,0,432,500,-68,0.0,22
1200,1,1,514,404,110,1.0,23
1208,0,0,492,496,-4,0.0,22
1208,1,1,482,494,-12,0.0,19
1216,0,0,462,414,48,1.0,20
1216,1,1,449,457,-8,0.0,20
1224,0,0,508,414,94,1.0,26
1224,1,1,507,496,11,1.0,22
1232,0,0,578,360,218,1.0,23
1232,1,1,327,670,-343,0.0,27
1240,0,0,423,467,-44,0.0,28
1240,1,1,600,341,259,1.0,26
1248,0,0,465,456,9,1.0,24
1248,1,1,454,420,34,1.0,22
1256,0,0,572,376,196,1.0,22
1256,1,1,430,512,-82,0.0,21
1264,0,0,547,370,177,1.0,23
1264,1,1,385,447,-62,0.0,21
1272,0,0,373,401,-28,0.0,22
1272,1,1,436,403,33,1.0,25
1280,0,0,396,479,-83,0.0,24
1280,1,1,487,439,48,1.0,22
1288,0,0,550,311,239,1.0,19
1288,1,1,410,537,-127,0.0,23
1296,0,0,434,474,-40,0.0,22
1296,1,1,411,424,-13,0.0,23
1304,0,0,477,435,42,1.0,21
1304,1,1,460,465,-5,0.0,23
1312,0,0,555,423,132,1.0,23
1312,1,1,432,497,-65,0.0,21
1320,0,0,368,585,-217,0.0,22
1320,1,1,492,347,145,1.0,26
1328,0,0,431,488,-57,0.0,24
1328,1,1,409,495,-86,0.0,23
1336,0,0,522,456,66,1.0,22
1336,1,1,383,468,-85,0.0,24
1344,0,0,514,423,91,1.0,24
1344,1,1,362,405,-43,0.0,24
1352,0,0,445,394,51,1.0,25
1352,1,1,519,448,71,1.0,24
1360,0,0,414,386,28,1.0,22
1360,1,1,412,453,-41,0.0,22
1368,0,0,478,359,119,1.0,25
1368,1,1,423,389,34,1.0,22
1376,0,0,408,402,6,1.0,23
1376,1,1,430,397,33,1.0,23
1384,0,0,505,404,101,1.0,23
1384,1,1,466,476,-10,0.0,25
1392,0,0,457,410,47,1.0,25
1392,1,1,445,480,-35,0.0,22
1400,0,0,469,465,4,1.0,21
1400,1,1,502,484,18,1.0,22
1408,0,0,523,489,34,1.0,22
1408,1,1,514,408,106,1.0,22
1416,0,0,471,377,94,1.0,25
1416,1,1,455,458,-3,0.0,23
1424,0,0,515,401,114,1.0,22
1424,1,1,405,478,-73,0.0,27
1432,0,0,544,433,111,1.0,23
1432,1,1,386,718,-332,0.0,23
1440,0,0,549,361,188,1.0,22
1440,1,1,407,498,-91,0.0,22
1448,0,0,461,549,-88,0.0,23
1448,1,1,455,478,-23,0.0,21
1456,0,0,384,463,-79,0.0,25
1456,1,1,434,470,-36,0.0,24
1464,0,0,452,404,48,1.0,22
1464,1,1,425,466,-41,0.0,21
1472,0,0,406,487,-81,0.0,20
1472,1,1,421,462,-41,0.0,21
1480,0,0,381,595,-214,0.0,21
1480,1,1,498,374,124,1.0,21
1488,0,0,491,457,34,1.0,21
1488,1,1,435,454,-19,0.0,23
1496,0,0,529,417,112,1.0,24
1496,1,1,530,374,156,1.0,26
1504,0,0,572,345,227,1.0,24
1504,1,1,412,480,-68,0.0,22
1512,0,0,501,490,11,1.0,23
1512,1,1,482,454,28,1.0,21
1520,0,0,539,433,106,1.0,20
1520,1,1,433,411,22,1.0,20
1528,0,0,423,450,-27,0.0,22
1528,1,1,445,522,-77,0.0,19
1536,0,0,455,455,0,0.5,23
1536,1,1,484,464,20,1.0,25
1544,0,0,502,385,117,1.0,21
1544,1,1,375,500,-125,0.0,22
1552,0,0,418,453,-35,0.0,23
1552,1,1,473,406,67,1.0,23
1560,0,0,440,502,-62,0.0,23
1560,1,1,470,479,-9,0.0,22
1568,0,0,354,502,-148,0.0,29
1568,1,1,474,400,74,1.0,23
1576,0,0,582,432,150,1.0,19
1576,1,1,479,556,-77,0.0,22
1584,0,0,405,458,-53,0.0,26
1584,1,1,467,383,84,1.0,22
1592,0,0,469,517,-48,0.0,22
1592,1,1,454,461,-7,0.0,21
1600,0,0,503,375,128,1.0,25
1600,1,1,454,426,28,1.0,22
1608,0,0,523,339,184,1.0,23
1608,1,1,467,436,31,1.0,23
1616,0,0,368,525,-157,0.0,26
1616,1,1,420,472,-52,0.0,23
1624,0,0,515,465,50,1.0,23
1624,1,1,466,490,-24,0.0,21
1632,0,0,395,358,37,1.0,25
1632,1,1,432,500,-68,0.0,20
1640,0,0,447,411,36,1.0,21
1640,1,1,390,447,-57,0.0,23
1648,0,0,509,468,41,1.0,21
1648,1,1,473,436,37,1.0,25
1656,0,0,519,341,178,1.0,25
1656,1,1,321,504,-183,0.0,23
1664,0,0,480,538,-58,0.0,20
1664,1,1,528,467,61,1.0,20
1672,0,0,582,451,131,1.0,21
1672,1,1,471,488,-17,0.0,23
1680,0,0,476,460,16,1.0,22
1680,1,1,444,432,12,1.0,25
1688,0,0,487,496,-9,0.0,22
1688,1,1,409,378,31,1.0,23
1696,0,0,527,420,107,1.0,23
1696,1,1,491,447,44,1.0,24
1704,0,0,657,349,308,1.0,24
1704,1,1,376,527,-151,0.0,25
1712,0,0,342,523,-181,0.0,22
1712,1,1,508,351,157,1.0,23
1720,0,0,532,423,109,1.0,22
1720,1,1,391,553,-162,0.0,21
1728,0,0,535,484,51,1.0,20
1728,1,1,424,541,-117,0.0,23
1736,0,0,494,394,100,1.0,21
1736,1,1,489,487,2,1.0,24
1744,0,0,421,554,-133,0.0,23
1744,1,1,484,423,61,1.0,24
1752,0,0,475,409,66,1.0,25
1752,1,1,432,400,32,1.0,28
1760,0,0,491,462,29,1.0,23
1760,1,1,422,502,-80,0.0,23
1768,0,0,414,476,-62,0.0,24
1768,1,1,441,521,-80,0.0,23
1776,0,0,451,446,5,1.0,21
1776,1,1,452,559,-107,0.0,21
1784,0,0,425,489,-64,0.0,21
1784,1,1,552,473,79,1.0,19
1792,0,0,407,522,-115,0.0,22
1792,1,1,513,443,70,1.0,24
1800,0,0,354,599,-245,0.0,22
1800,1,1,583,339,244,1.0,22
1808,0,0,577,256,321,1.0,23
1808,1,1,244,583,-339,0.0,23
1816,0,0,555,376,179,1.0,22
1816,1,1,333,473,-140,0.0,24
1824,0,0,438,499,-61,0.0,20
1824,1,1,423,409,14,1.0,22
1832,0,0,481,563,-82,0.0,23
1832,1,1,573,481,92,1.0,20
1840,0,0,459,475,-16,0.0,19
1840,1,1,406,437,-31,0.0,20
1848,0,0,477,462,15,1.0,24
1848,1,1,515,373,142,1.0,20
1856,0,0,318,502,-184,0.0,24
1856,1,1,490,426,64,1.0,25
1864,0,0,508,388,120,1.0,21
1864,1,1,408,446,-38,0.0,25
1872,0,0,595,430,165,1.0,23
1872,1,1,493,569,-76,0.0,20
1880,0,0,461,501,-40,0.0,25
1880,1,1,447,431,16,1.0,24
1888,0,0,486,408,78,1.0,25
1888,1,1,387,435,-48,0.0,25
1896,0,0,516,367,149,1.0,25
1896,1,1,374,507,-133,0.0,22
1904,0,0,539,429,110,1.0,25
1904,1,1,390,475,-85,0.0,22
1912,0,0,406,501,-95,0.0,24
1912,1,1,407,392,15,1.0,24
1920,0,0,379,512,-133,0.0,23
1920,1,1,424,444,-20,0.0,25
1928,0,0,348,567,-219,0.0,24
1928,1,1,479,345,134,1.0,20
1936,0,0,540,432,108,1.0,24
1936,1,1,424,540,-116,0.0,19
1944,0,0,454,428,26,1.0,22
1944,1,1,346,498,-152,0.0,24
1952,0,0,526,514,12,1.0,26
1952,1,1,490,451,39,1.0,22
1960,0,0,392,429,-37,0.0,25
1960,1,1,413,435,-22,0.0,21
1968,0,0,495,492,3,1.0,23
1968,1,1,539,460,79,1.0,21
1976,0,0,450,507,-57,0.0,22
1976,1,1,474,440,34,1.0,21
1984,0,0,458,377,81,1.0,26
1984,1,1,446,402,44,1.0,22
1992,0,0,534,374,160,1.0,24
1992,1,1,367,500,-133,0.0,24
pair,game,a_seat,a_score,b_score,a_spread,a_win,turns
1,0,0,453,445,8,1.0,22
1,1,1,442,495,-53,0.0,23
9,0,0,461,357,104,1.0,22
9,1,1,410,438,-28,0.0,23
17,0,0,381,422,-41,0.0,21
17,1,1,435,476,-41,0.0,22
25,0,0,514,529,-15,0.0,22
25,1,1,490,454,36,1.0,21
33,0,0,545,423,122,1.0,24
33,1,1,437,506,-69,0.0,22
41,0,0,474,450,24,1.0,22
41,1,1,462,412,50,1.0,27
49,0,0,475,498,-23,0.0,22
49,1,1,383,470,-87,0.0,24
57,0,0,425,508,-83,0.0,23
57,1,1,429,394,35,1.0,21
65,0,0,393,539,-146,0.0,21
65,1,1,392,434,-42,0.0,21
73,0,0,479,379,100,1.0,22
73,1,1,405,515,-110,0.0,24
81,0,0,529,439,90,1.0,20
81,1,1,405,492,-87,0.0,23
89,0,0,470,489,-19,0.0,21
89,1,1,478,476,2,1.0,21
97,0,0,396,471,-75,0.0,18
97,1,1,392,474,-82,0.0,24
105,0,0,374,489,-115,0.0,24
105,1,1,529,447,82,1.0,24
113,0,0,359,499,-140,0.0,22
113,1,1,445,401,44,1.0,23
121,0,0,469,405,64,1.0,25
121,1,1,476,406,70,1.0,24
129,0,0,413,379,34,1.0,25
129,1,1,372,421,-49,0.0,21
137,0,0,437,510,-73,0.0,22
137,1,1,425,471,-46,0.0,22
145,0,0,494,397,97,1.0,22
145,1,1,327,425,-98,0.0,23
153,0,0,433,559,-126,0.0,21
153,1,1,494,491,3,1.0,23
161,0,0,414,569,-155,0.0,25
161,1,1,408,495,-87,0.0,25
169,0,0,427,359,68,1.0,22
169,1,1,408,395,13,1.0,23
177,0,0,508,369,139,1.0,21
177,1,1,467,414,53,1.0,23
185,0,0,486,448,38,1.0,24
185,1,1,445,494,-49,0.0,23
193,0,0,331,503,-172,0.0,26
193,1,1,551,379,172,1.0,24
201,0,0,434,410,24,1.0,23
201,1,1,447,419,28,1.0,20
209,0,0,340,472,-132,0.0,22
209,1,1,448,381,67,1.0,20
217,0,0,509,382,127,1.0,22
217,1,1,490,422,68,1.0,21
225,0,0,440,441,-1,0.0,28
225,1,1,591,420,171,1.0,21
233,0,0,507,343,164,1.0,26
233,1,1,358,525,-167,0.0,25
241,0,0,343,473,-130,0.0,23
241,1,1,471,394,77,1.0,25
249,0,0,454,478,-24,0.0,21
249,1,1,644,419,225,1.0,20
257,0,0,523,384,139,1.0,20
257,1,1,342,516,-174,0.0,20
265,0,0,542,460,82,1.0,21
265,1,1,401,472,-71,0.0,25
273,0,0,383,540,-157,0.0,23
273,1,1,553,381,172,1.0,27
281,0,0,506,365,141,1.0,22
281,1,1,401,441,-40,0.0,23
289,0,0,476,543,-67,0.0,21
289,1,1,465,449,16,1.0,23
297,0,0,508,411,97,1.0,22
297,1,1,414,462,-48,0.0,22
305,0,0,441,450,-9,0.0,21
305,1,1,468,443,25,1.0,20
313,0,0,403,570,-167,0.0,26
313,1,1,393,491,-98,0.0,21
321,0,0,401,498,-97,0.0,21
321,1,1,487,469,18,1.0,23
329,0,0,407,492,-85,0.0,21
329,1,1,482,417,65,1.0,21
337,0,0,448,438,10,1.0,23
337,1,1,411,478,-67,0.0,22
345,0,0,542,392,150,1.0,24
345,1,1,384,469,-85,0.0,20
353,0,0,447,441,6,1.0,22
353,1,1,505,451,54,1.0,21
361,0,0,295,377,-82,0.0,25
361,1,1,440,404,36,1.0,22
369,0,0,386,423,-37,0.0,23
369,1,1,415,477,-62,0.0,24
377,0,0,562,565,-3,0.0,21
377,1,1,553,525,28,1.0,20
385,0,0,546,379,167,1.0,21
385,1,1,395,467,-72,0.0,19
393,0,0,521,434,87,1.0,25
393,1,1,391,429,-38,0.0,21
401,0,0,406,447,-41,0.0,20
401,1,1,498,345,153,1.0,24
409,0,0,453,432,21,1.0,24
409,1,1,417,402,15,1.0,26
417,0,0,453,501,-48,0.0,22
417,1,1,351,565,-214,0.0,22
425,0,0,481,435,46,1.0,22
425,1,1,416,510,-94,0.0,23
433,0,0,490,399,91,1.0,27
433,1,1,321,401,-80,0.0,24
441,0,0,443,444,-1,0.0,22
441,1,1,396,472,-76,0.0,26
449,0,0,415,427,-12,0.0,26
449,1,1,489,468,21,1.0,21
457,0,0,452,466,-14,0.0,21
457,1,1,404,652,-248,0.0,23
465,0,0,455,520,-65,0.0,21
465,1,1,449,466,-17,0.0,22
473,0,0,420,419,1,1.0,27
473,1,1,428,395,33,1.0,25
481,0,0,455,459,-4,0.0,22
481,1,1,466,487,-21,0.0,21
489,0,0,437,416,21,1.0,28
489,1,1,424,381,43,1.0,24
497,0,0,465,421,44,1.0,24
497,1,1,448,511,-63,0.0,22
505,0,0,392,480,-88,0.0,25
505,1,1,505,477,28,1.0,21
513,0,0,432,518,-86,0.0,22
513,1,1,438,423,15,1.0,23
521,0,0,393,382,11,1.0,23
521,1,1,447,425,22,1.0,22
529,0,0,433,365,68,1.0,26
529,1,1,480,379,101,1.0,23
537,0,0,451,468,-17,0.0,21
537,1,1,421,410,11,1.0,25
545,0,0,500,383,117,1.0,24
545,1,1,362,484,-122,0.0,22
553,0,0,409,323,86,1.0,22
553,1,1,426,479,-53,0.0,24
561,0,0,488,449,39,1.0,21
561,1,1,437,481,-44,0.0,24
569,0,0,421,360,61,1.0,22
569,1,1,309,502,-193,0.0,22
577,0,0,508,460,48,1.0,20
577,1,1,463,520,-57,0.0,20
585,0,0,346,618,-272,0.0,21
585,1,1,535,415,120,1.0,23
593,0,0,502,449,53,1.0,21
593,1,1,427,527,-100,0.0,22
601,0,0,497,438,59,1.0,24
601,1,1,385,446,-61,0.0,25
609,0,0,482,513,-31,0.0,19
609,1,1,533,374,159,1.0,20
617,0,0,465,494,-29,0.0,23
617,1,1,473,425,48,1.0,23
625,0,0,561,410,151,1.0,24
625,1,1,427,492,-65,0.0,25
633,0,0,464,536,-72,0.0,26
633,1,1,407,386,21,1.0,26
641,0,0,421,430,-9,0.0,22
641,1,1,460,466,-6,0.0,24
649,0,0,397,419,-22,0.0,26
649,1,1,491,415,76,1.0,25
657,0,0,416,462,-46,0.0,22
657,1,1,488,379,109,1.0,23
665,0,0,496,452,44,1.0,23
665,1,1,506,554,-48,0.0,21
673,0,0,416,438,-22,0.0,22
673,1,1,519,448,71,1.0,21
681,0,0,433,481,-48,0.0,21
681,1,1,483,498,-15,0.0,21
689,0,0,525,451,74,1.0,22
689,1,1,434,512,-78,0.0,23
697,0,0,346,451,-105,0.0,27
697,1,1,424,450,-26,0.0,22
705,0,0,481,359,122,1.0,22
705,1,1,374,574,-200,0.0,24
713,0,0,423,440,-17,0.0,23
713,1,1,476,438,38,1.0,21
721,0,0,518,440,78,1.0,20
721,1,1,386,516,-130,0.0,21
729,0,0,406,452,-46,0.0,23
729,1,1,425,367,58,1.0,28
737,0,0,580,393,187,1.0,24
737,1,1,482,467,15,1.0,24
745,0,0,569,380,189,1.0,20
745,1,1,433,441,-8,0.0,25
753,0,0,411,530,-119,0.0,20
753,1,1,517,506,11,1.0,22
761,0,0,554,428,126,1.0,25
761,1,1,395,542,-147,0.0,24
769,0,0,519,475,44,1.0,20
769,1,1,474,459,15,1.0,25
777,0,0,444,589,-145,0.0,19
777,1,1,647,471,176,1.0,20
785,0,0,451,403,48,1.0,23
785,1,1,416,425,-9,0.0,24
793,0,0,552,560,-8,0.0,19
793,1,1,558,552,6,1.0,19
801,0,0,439,472,-33,0.0,26
801,1,1,468,463,5,1.0,23
809,0,0,543,403,140,1.0,21
809,1,1,437,467,-30,0.0,21
817,0,0,380,386,-6,0.0,22
817,1,1,436,417,19,1.0,23
825,0,0,510,482,28,1.0,22
825,1,1,510,486,24,1.0,21
833,0,0,369,412,-43,0.0,25
833,1,1,354,432,-78,0.0,23
841,0,0,467,460,7,1.0,24
841,1,1,466,512,-46,0.0,23
849,0,0,482,458,24,1.0,25
849,1,1,418,466,-48,0.0,21
857,0,0,442,405,37,1.0,24
857,1,1,465,407,58,1.0,26
865,0,0,514,452,62,1.0,20
865,1,1,492,515,-23,0.0,22
873,0,0,482,323,159,1.0,23
873,1,1,371,547,-176,0.0,24
881,0,0,527,422,105,1.0,24
881,1,1,435,480,-45,0.0,23
889,0,0,439,360,79,1.0,29
889,1,1,363,480,-117,0.0,24
897,0,0,445,424,21,1.0,26
897,1,1,398,352,46,1.0,26
905,0,0,408,493,-85,0.0,21
905,1,1,415,446,-31,0.0,21
913,0,0,395,452,-57,0.0,21
913,1,1,495,486,9,1.0,20
921,0,0,399,439,-40,0.0,24
921,1,1,366,475,-109,0.0,23
929,0,0,522,496,26,1.0,22
929,1,1,586,394,192,1.0,21
937,0,0,499,415,84,1.0,24
937,1,1,392,464,-72,0.0,26
945,0,0,456,522,-66,0.0,20
945,1,1,448,403,45,1.0,20
953,0,0,535,444,91,1.0,24
953,1,1,356,464,-108,0.0,24
961,0,0,429,475,-46,0.0,24
961,1,1,481,407,74,1.0,24
969,0,0,349,472,-123,0.0,23
969,1,1,491,517,-26,0.0,21
977,0,0,375,513,-138,0.0,21
977,1,1,346,444,-98,0.0,22
985,0,0,481,440,41,1.0,21
985,1,1,506,396,110,1.0,19
993,0,0,337,531,-194,0.0,21
993,1,1,439,313,126,1.0,23
1001,0,0,425,493,-68,0.0,21
1001,1,1,495,427,68,1.0,22
1009,0,0,398,446,-48,0.0,25
1009,1,1,460,410,50,1.0,21
1017,0,0,503,516,-13,0.0,21
1017,1,1,508,410,98,1.0,21
1025,0,0,393,440,-47,0.0,22
1025,1,1,450,456,-6,0.0,23
1033,0,0,484,506,-22,0.0,21
1033,1,1,452,497,-45,0.0,22
1041,0,0,461,420,41,1.0,22
1041,1,1,422,473,-51,0.0,22
1049,0,0,566,494,72,1.0,23
1049,1,1,494,566,-72,0.0,23
1057,0,0,440,460,-20,0.0,23
1057,1,1,491,514,-23,0.0,21
1065,0,0,488,480,8,1.0,22
1065,1,1,525,462,63,1.0,21
1073,0,0,497,428,69,1.0,22
1073,1,1,421,428,-7,0.0,23
1081,0,0,483,552,-69,0.0,21
1081,1,1,539,397,142,1.0,22
1089,0,0,293,525,-232,0.0,23
1089,1,1,474,431,43,1.0,23
1097,0,0,433,472,-39,0.0,23
1097,1,1,525,444,81,1.0,25
1105,0,0,396,433,-37,0.0,21
1105,1,1,517,381,136,1.0,21
1113,0,0,433,512,-79,0.0,21
1113,1,1,539,470,69,1.0,24
1121,0,0,465,489,-24,0.0,22
1121,1,1,355,521,-166,0.0,22
1129,0,0,563,366,197,1.0,25
1129,1,1,379,543,-164,0.0,25
1137,0,0,519,488,31,1.0,21
1137,1,1,416,490,-74,0.0,20
1145,0,0,446,429,17,1.0,23
1145,1,1,463,467,-4,0.0,23
1153,0,0,478,376,102,1.0,24
1153,1,1,518,409,109,1.0,23
1161,0,0,447,444,3,1.0,22
1161,1,1,399,449,-50,0.0,23
1169,0,0,376,570,-194,0.0,22
1169,1,1,525,396,129,1.0,22
1177,0,0,546,398,148,1.0,24
1177,1,1,469,474,-5,0.0,23
1185,0,0,377,452,-75,0.0,21
1185,1,1,517,437,80,1.0,21
1193,0,0,457,442,15,1.0,26
1193,1,1,437,418,19,1.0,25
1201,0,0,486,431,55,1.0,24
1201,1,1,363,481,-118,0.0,22
1209,0,0,515,423,92,1.0,21
1209,1,1,443,519,-76,0.0,31
1217,0,0,446,549,-103,0.0,23
1217,1,1,541,427,114,1.0,21
1225,0,0,477,489,-12,0.0,19
1225,1,1,471,472,-1,0.0,20
1233,0,0,429,399,30,1.0,25
1233,1,1,459,469,-10,0.0,26
1241,0,0,431,463,-32,0.0,25
1241,1,1,402,473,-71,0.0,27
1249,0,0,492,443,49,1.0,22
1249,1,1,526,434,92,1.0,21
1257,0,0,449,419,30,1.0,22
1257,1,1,460,500,-40,0.0,24
1265,0,0,587,385,202,1.0,22
1265,1,1,418,444,-26,0.0,24
1273,0,0,468,345,123,1.0,24
1273,1,1,407,491,-84,0.0,24
1281,0,0,514,477,37,1.0,22
1281,1,1,461,447,14,1.0,23
1289,0,0,452,460,-8,0.0,21
1289,1,1,477,419,58,1.0,24
1297,0,0,490,412,78,1.0,20
1297,1,1,410,444,-34,0.0,22
1305,0,0,406,489,-83,0.0,23
1305,1,1,489,467,22,1.0,24
1313,0,0,421,488,-67,0.0,23
1313,1,1,385,394,-9,0.0,25
1321,0,0,523,401,122,1.0,20
1321,1,1,445,426,19,1.0,19
1329,0,0,461,434,27,1.0,24
1329,1,1,479,419,60,1.0,24
1337,0,0,445,475,-30,0.0,23
1337,1,1,484,430,54,1.0,24
1345,0,0,557,388,169,1.0,24
1345,1,1,511,417,94,1.0,22
1353,0,0,354,515,-161,0.0,24
1353,1,1,517,413,104,1.0,22
1361,0,0,396,457,-61,0.0,24
1361,1,1,497,457,40,1.0,24
1369,0,0,467,382,85,1.0,23
1369,1,1,428,455,-27,0.0,19
1377,0,0,431,469,-38,0.0,24
1377,1,1,432,317,115,1.0,23
1385,0,0,415,468,-53,0.0,22
1385,1,1,440,534,-94,0.0,24
1393,0,0,320,520,-200,0.0,26
1393,1,1,417,392,25,1.0,24
1401,0,0,485,473,12,1.0,26
1401,1,1,400,572,-172,0.0,21
1409,0,0,573,357,216,1.0,20
1409,1,1,520,368,152,1.0,25
1417,0,0,482,431,51,1.0,24
1417,1,1,464,444,20,1.0,25
1425,0,0,361,564,-203,0.0,22
1425,1,1,528,415,113,1.0,22
1433,0,0,478,374,104,1.0,27
1433,1,1,396,502,-106,0.0,24
1441,0,0,495,430,65,1.0,19
1441,1,1,409,481,-72,0.0,23
1449,0,0,385,443,-58,0.0,22
1449,1,1,423,420,3,1.0,21
1457,0,0,423,550,-127,0.0,20
1457,1,1,487,405,82,1.0,20
1465,0,0,476,497,-21,0.0,22
1465,1,1,441,494,-53,0.0,25
1473,0,0,475,388,87,1.0,23
1473,1,1,437,459,-22,0.0,20
1481,0,0,569,448,121,1.0,22
1481,1,1,467,573,-106,0.0,21
1489,0,0,361,434,-73,0.0,30
1489,1,1,471,383,88,1.0,25
1497,0,0,283,545,-262,0.0,21
1497,1,1,593,435,158,1.0,22
1505,0,0,485,405,80,1.0,23
1505,1,1,297,472,-175,0.0,27
1513,0,0,510,432,78,1.0,25
1513,1,1,466,487,-21,0.0,24
1521,0,0,460,408,52,1.0,20
1521,1,1,477,476,1,1.0,25
1529,0,0,462,473,-11,0.0,22
1529,1,1,455,410,45,1.0,23
1537,0,0,559,500,59,1.0,22
1537,1,1,507,519,-12,0.0,21
1545,0,0,471,557,-86,0.0,21
1545,1,1,552,464,88,1.0,21
1553,0,0,477,480,-3,0.0,22
1553,1,1,453,439,14,1.0,21
1561,0,0,462,434,28,1.0,24
1561,1,1,415,427,-12,0.0,22
1569,0,0,342,518,-176,0.0,25
1569,1,1,509,394,115,1.0,24
1577,0,0,527,515,12,1.0,20
1577,1,1,515,527,-12,0.0,20
1585,0,0,499,429,70,1.0,20
1585,1,1,460,438,22,1.0,23
1593,0,0,436,398,38,1.0,22
1593,1,1,487,489,-2,0.0,22
1601,0,0,487,430,57,1.0,19
1601,1,1,494,447,47,1.0,21
1609,0,0,547,443,104,1.0,23
1609,1,1,521,493,28,1.0,21
1617,0,0,553,368,185,1.0,24
1617,1,1,385,494,-109,0.0,21
1625,0,0,472,456,16,1.0,22
1625,1,1,468,366,102,1.0,21
1633,0,0,483,420,63,1.0,25
1633,1,1,395,572,-177,0.0,24
1641,0,0,455,381,74,1.0,23
1641,1,1,437,544,-107,0.0,19
1649,0,0,401,534,-133,0.0,19
1649,1,1,458,445,13,1.0,21
1657,0,0,418,545,-127,0.0,21
1657,1,1,542,381,161,1.0,19
1665,0,0,429,551,-122,0.0,23
1665,1,1,451,399,52,1.0,23
1673,0,0,421,508,-87,0.0,23
1673,1,1,532,369,163,1.0,23
1681,0,0,321,516,-195,0.0,23
1681,1,1,503,364,139,1.0,23
1689,0,0,421,520,-99,0.0,20
1689,1,1,432,469,-37,0.0,24
1697,0,0,407,438,-31,0.0,24
1697,1,1,474,447,27,1.0,24
1705,0,0,346,418,-72,0.0,23
1705,1,1,484,381,103,1.0,23
1713,0,0,428,636,-208,0.0,21
1713,1,1,454,513,-59,0.0,20
1721,0,0,410,390,20,1.0,25
1721,1,1,408,406,2,1.0,24
1729,0,0,418,542,-124,0.0,20
1729,1,1,484,420,64,1.0,20
1737,0,0,447,524,-77,0.0,23
1737,1,1,478,404,74,1.0,21
1745,0,0,428,473,-45,0.0,22
1745,1,1,449,511,-62,0.0,24
1753,0,0,407,511,-104,0.0,23
1753,1,1,535,395,140,1.0,21
1761,0,0,562,354,208,1.0,22
1761,1,1,401,565,-164,0.0,25
1769,0,0,310,617,-307,0.0,22
1769,1,1,504,397,107,1.0,22
1777,0,0,440,462,-22,0.0,23
1777,1,1,407,360,47,1.0,29
1785,0,0,400,438,-38,0.0,23
1785,1,1,388,429,-41,0.0,24
1793,0,0,464,445,19,1.0,23
1793,1,1,447,395,52,1.0,22
1801,0,0,558,417,141,1.0,24
1801,1,1,440,545,-105,0.0,19
1809,0,0,471,491,-20,0.0,23
1809,1,1,399,428,-29,0.0,22
1817,0,0,489,482,7,1.0,18
1817,1,1,477,387,90,1.0,20
1825,0,0,461,447,14,1.0,22
1825,1,1,515,389,126,1.0,24
1833,0,0,427,512,-85,0.0,22
1833,1,1,515,444,71,1.0,25
1841,0,0,472,393,79,1.0,24
1841,1,1,392,566,-174,0.0,24
1849,0,0,365,539,-174,0.0,26
1849,1,1,550,390,160,1.0,20
1857,0,0,414,580,-166,0.0,23
1857,1,1,526,396,130,1.0,23
1865,0,0,512,376,136,1.0,25
1865,1,1,539,496,43,1.0,22
1873,0,0,537,553,-16,0.0,22
1873,1,1,470,470,0,0.5,25
1881,0,0,507,424,83,1.0,23
1881,1,1,390,342,48,1.0,26
1889,0,0,484,373,111,1.0,24
1889,1,1,464,305,159,1.0,25
1897,0,0,501,467,34,1.0,18
1897,1,1,412,348,64,1.0,19
1905,0,0,419,462,-43,0.0,22
1905,1,1,446,397,49,1.0,21
1913,0,0,358,455,-97,0.0,21
1913,1,1,471,352,119,1.0,21
1921,0,0,499,449,50,1.0,23
1921,1,1,477,438,39,1.0,22
1929,0,0,442,386,56,1.0,23
1929,1,1,419,414,5,1.0,22
1937,0,0,375,449,-74,0.0,24
1937,1,1,516,364,152,1.0,21
1945,0,0,489,505,-16,0.0,23
1945,1,1,535,443,92,1.0,24
1953,0,0,406,482,-76,0.0,21
1953,1,1,411,468,-57,0.0,21
1961,0,0,497,462,35,1.0,22
1961,1,1,468,379,89,1.0,24
1969,0,0,389,475,-86,0.0,23
1969,1,1,561,351,210,1.0,25
1977,0,0,391,540,-149,0.0,25
1977,1,1,466,414,52,1.0,21
1985,0,0,440,519,-79,0.0,23
1985,1,1,459,452,7,1.0,25
1993,0,0,472,347,125,1.0,24
1993,1,1,459,395,64,1.0,21
pair,game,a_seat,a_score,b_score,a_spread,a_win,turns
2,0,0,464,486,-22,0.0,22
2,1,1,477,475,2,1.0,20
10,0,0,401,446,-45,0.0,26
10,1,1,492,370,122,1.0,25
18,0,0,415,425,-10,0.0,23
18,1,1,414,481,-67,0.0,23
26,0,0,587,365,222,1.0,21
26,1,1,348,475,-127,0.0,25
34,0,0,480,450,30,1.0,24
34,1,1,470,473,-3,0.0,23
42,0,0,505,356,149,1.0,29
42,1,1,485,425,60,1.0,24
50,0,0,411,445,-34,0.0,22
50,1,1,473,389,84,1.0,24
58,0,0,406,458,-52,0.0,21
58,1,1,466,439,27,1.0,20
66,0,0,483,378,105,1.0,23
66,1,1,513,550,-37,0.0,20
74,0,0,348,487,-139,0.0,29
74,1,1,417,494,-77,0.0,21
82,0,0,415,433,-18,0.0,22
82,1,1,428,406,22,1.0,22
90,0,0,371,498,-127,0.0,22
90,1,1,574,380,194,1.0,22
98,0,0,536,484,52,1.0,22
98,1,1,424,445,-21,0.0,25
106,0,0,413,542,-129,0.0,20
106,1,1,442,425,17,1.0,22
114,0,0,523,432,91,1.0,22
114,1,1,441,533,-92,0.0,23
122,0,0,512,410,102,1.0,21
122,1,1,454,543,-89,0.0,20
130,0,0,484,385,99,1.0,24
130,1,1,430,518,-88,0.0,25
138,0,0,571,461,110,1.0,21
138,1,1,467,553,-86,0.0,20
146,0,0,447,473,-26,0.0,20
146,1,1,454,489,-35,0.0,21
154,0,0,421,452,-31,0.0,24
154,1,1,453,416,37,1.0,24
162,0,0,522,451,71,1.0,20
162,1,1,484,507,-23,0.0,20
170,0,0,407,484,-77,0.0,26
170,1,1,487,483,4,1.0,21
178,0,0,526,335,191,1.0,21
178,1,1,432,420,12,1.0,22
186,0,0,444,409,35,1.0,23
186,1,1,458,363,95,1.0,20
194,0,0,365,549,-184,0.0,20
194,1,1,427,403,24,1.0,24
202,0,0,382,408,-26,0.0,23
202,1,1,439,415,24,1.0,24
210,0,0,427,415,12,1.0,23
210,1,1,359,421,-62,0.0,24
218,0,0,379,508,-129,0.0,21
218,1,1,508,419,89,1.0,21
226,0,0,567,347,220,1.0,21
226,1,1,393,425,-32,0.0,23
234,0,0,459,423,36,1.0,21
234,1,1,465,513,-48,0.0,21
242,0,0,397,407,-10,0.0,23
242,1,1,490,430,60,1.0,20
250,0,0,476,416,60,1.0,27
250,1,1,503,440,63,1.0,20
258,0,0,461,468,-7,0.0,21
258,1,1,481,369,112,1.0,22
266,0,0,507,560,-53,0.0,21
266,1,1,412,472,-60,0.0,23
274,0,0,438,453,-15,0.0,20
274,1,1,381,503,-122,0.0,21
282,0,0,421,409,12,1.0,23
282,1,1,395,493,-98,0.0,25
290,0,0,478,474,4,1.0,23
290,1,1,453,618,-165,0.0,21
298,0,0,490,379,111,1.0,20
298,1,1,346,504,-158,0.0,23
306,0,0,522,317,205,1.0,23
306,1,1,425,510,-85,0.0,20
314,0,0,422,576,-154,0.0,20
314,1,1,554,417,137,1.0,22
322,0,0,484,508,-24,0.0,20
322,1,1,526,451,75,1.0,24
330,0,0,504,485,19,1.0,22
330,1,1,431,563,-132,0.0,21
338,0,0,496,487,9,1.0,21
338,1,1,413,478,-65,0.0,23
346,0,0,435,471,-36,0.0,22
346,1,1,346,465,-119,0.0,24
354,0,0,485,436,49,1.0,21
354,1,1,496,466,30,1.0,21
362,0,0,490,421,69,1.0,20
362,1,1,444,473,-29,0.0,22
370,0,0,521,423,98,1.0,21
370,1,1,339,549,-210,0.0,24
378,0,0,451,351,100,1.0,26
378,1,1,310,493,-183,0.0,25
386,0,0,403,364,39,1.0,23
386,1,1,359,465,-106,0.0,23
394,0,0,542,351,191,1.0,26
394,1,1,334,493,-159,0.0,20
402,0,0,503,442,61,1.0,21
402,1,1,438,569,-131,0.0,24
410,0,0,411,543,-132,0.0,25
410,1,1,428,457,-29,0.0,24
418,0,0,375,512,-137,0.0,24
418,1,1,521,418,103,1.0,23
426,0,0,430,709,-279,0.0,22
426,1,1,567,441,126,1.0,21
434,0,0,405,458,-53,0.0,24
434,1,1,548,374,174,1.0,23
442,0,0,501,423,78,1.0,23
442,1,1,386,506,-120,0.0,19
450,0,0,442,500,-58,0.0,24
450,1,1,455,461,-6,0.0,22
458,0,0,424,518,-94,0.0,23
458,1,1,571,455,116,1.0,23
466,0,0,299,431,-132,0.0,24
466,1,1,609,396,213,1.0,25
474,0,0,384,458,-74,0.0,22
474,1,1,557,453,104,1.0,24
482,0,0,354,477,-123,0.0,23
482,1,1,461,378,83,1.0,26
490,0,0,392,464,-72,0.0,22
490,1,1,486,440,46,1.0,22
498,0,0,438,481,-43,0.0,22
498,1,1,422,494,-72,0.0,25
506,0,0,550,426,124,1.0,22
506,1,1,496,470,26,1.0,20
514,0,0,455,457,-2,0.0,22
514,1,1,448,450,-2,0.0,21
522,0,0,562,443,119,1.0,21
522,1,1,411,627,-216,0.0,21
530,0,0,438,492,-54,0.0,21
530,1,1,431,495,-64,0.0,21
538,0,0,492,454,38,1.0,22
538,1,1,440,544,-104,0.0,23
546,0,0,650,456,194,1.0,22
546,1,1,526,550,-24,0.0,20
554,0,0,480,427,53,1.0,21
554,1,1,489,441,48,1.0,23
562,0,0,436,509,-73,0.0,23
562,1,1,369,420,-51,0.0,25
570,0,0,373,591,-218,0.0,22
570,1,1,472,354,118,1.0,21
578,0,0,523,400,123,1.0,23
578,1,1,369,573,-204,0.0,19
586,0,0,516,400,116,1.0,21
586,1,1,441,453,-12,0.0,24
594,0,0,334,495,-161,0.0,22
594,1,1,507,495,12,1.0,25
602,0,0,537,450,87,1.0,24
602,1,1,455,574,-119,0.0,23
610,0,0,382,446,-64,0.0,25
610,1,1,472,401,71,1.0,24
618,0,0,515,448,67,1.0,23
618,1,1,464,430,34,1.0,23
626,0,0,413,433,-20,0.0,21
626,1,1,568,380,188,1.0,22
634,0,0,410,422,-12,0.0,23
634,1,1,419,452,-33,0.0,22
642,0,0,423,417,6,1.0,21
642,1,1,437,427,10,1.0,25
650,0,0,501,381,120,1.0,29
650,1,1,413,530,-117,0.0,22
658,0,0,377,393,-16,0.0,21
658,1,1,480,507,-27,0.0,21
666,0,0,463,414,49,1.0,24
666,1,1,510,502,8,1.0,21
674,0,0,529,435,94,1.0,22
674,1,1,430,551,-121,0.0,23
682,0,0,407,490,-83,0.0,21
682,1,1,353,453,-100,0.0,26
690,0,0,502,384,118,1.0,24
690,1,1,368,610,-242,0.0,25
698,0,0,416,450,-34,0.0,21
698,1,1,504,388,116,1.0,22
706,0,0,378,342,36,1.0,24
706,1,1,457,474,-17,0.0,25
714,0,0,560,369,191,1.0,21
714,1,1,525,407,118,1.0,23
722,0,0,447,386,61,1.0,26
722,1,1,427,523,-96,0.0,21
730,0,0,417,436,-19,0.0,21
730,1,1,552,394,158,1.0,21
738,0,0,561,438,123,1.0,19
738,1,1,468,432,36,1.0,23
746,0,0,512,408,104,1.0,26
746,1,1,519,496,23,1.0,20
754,0,0,465,389,76,1.0,22
754,1,1,382,442,-60,0.0,23
762,0,0,493,371,122,1.0,23
762,1,1,386,411,-25,0.0,23
770,0,0,437,437,0,0.5,23
770,1,1,441,450,-9,0.0,23
778,0,0,457,444,13,1.0,25
778,1,1,352,678,-326,0.0,19
786,0,0,447,443,4,1.0,22
786,1,1,325,401,-76,0.0,22
794,0,0,335,500,-165,0.0,24
794,1,1,417,495,-78,0.0,24
802,0,0,445,388,57,1.0,21
802,1,1,499,467,32,1.0,22
810,0,0,607,389,218,1.0,21
810,1,1,482,501,-19,0.0,20
818,0,0,505,352,153,1.0,21
818,1,1,486,445,41,1.0,24
826,0,0,498,550,-52,0.0,22
826,1,1,421,454,-33,0.0,28
834,0,0,419,379,40,1.0,28
834,1,1,358,498,-140,0.0,23
842,0,0,424,379,45,1.0,26
842,1,1,463,495,-32,0.0,22
850,0,0,457,385,72,1.0,21
850,1,1,378,574,-196,0.0,23
858,0,0,476,416,60,1.0,22
858,1,1,397,438,-41,0.0,23
866,0,0,435,456,-21,0.0,23
866,1,1,415,470,-55,0.0,20
874,0,0,430,460,-30,0.0,22
874,1,1,435,599,-164,0.0,23
882,0,0,503,450,53,1.0,24
882,1,1,465,485,-20,0.0,23
890,0,0,507,425,82,1.0,21
890,1,1,448,506,-58,0.0,25
898,0,0,468,418,50,1.0,21
898,1,1,425,450,-25,0.0,24
906,0,0,500,437,63,1.0,26
906,1,1,420,476,-56,0.0,21
914,0,0,422,516,-94,0.0,19
914,1,1,415,460,-45,0.0,24
922,0,0,495,481,14,1.0,20
922,1,1,524,499,25,1.0,21
930,0,0,443,370,73,1.0,25
930,1,1,442,416,26,1.0,25
938,0,0,421,369,52,1.0,24
938,1,1,421,460,-39,0.0,24
946,0,0,574,433,141,1.0,22
946,1,1,420,558,-138,0.0,22
954,0,0,517,415,102,1.0,21
954,1,1,438,384,54,1.0,22
962,0,0,465,506,-41,0.0,23
962,1,1,539,477,62,1.0,22
970,0,0,328,542,-214,0.0,27
970,1,1,442,509,-67,0.0,22
978,0,0,395,528,-133,0.0,27
978,1,1,405,386,19,1.0,24
986,0,0,347,494,-147,0.0,23
986,1,1,481,476,5,1.0,23
994,0,0,369,441,-72,0.0,23
994,1,1,509,447,62,1.0,21
1002,0,0,532,422,110,1.0,24
1002,1,1,385,417,-32,0.0,22
1010,0,0,461,423,38,1.0,24
1010,1,1,471,419,52,1.0,21
1018,0,0,487,436,51,1.0,23
1018,1,1,463,506,-43,0.0,24
1026,0,0,485,433,52,1.0,23
1026,1,1,555,414,141,1.0,20
1034,0,0,502,473,29,1.0,23
1034,1,1,442,476,-34,0.0,23
1042,0,0,447,426,21,1.0,26
1042,1,1,405,478,-73,0.0,25
1050,0,0,381,419,-38,0.0,25
1050,1,1,420,472,-52,0.0,21
1058,0,0,374,574,-200,0.0,20
1058,1,1,484,401,83,1.0,22
1066,0,0,437,567,-130,0.0,22
1066,1,1,463,384,79,1.0,23
1074,0,0,433,428,5,1.0,25
1074,1,1,485,421,64,1.0,24
1082,0,0,497,382,115,1.0,23
1082,1,1,322,452,-130,0.0,23
1090,0,0,442,339,103,1.0,23
1090,1,1,294,397,-103,0.0,22
1098,0,0,349,433,-84,0.0,22
1098,1,1,540,360,180,1.0,26
1106,0,0,432,384,48,1.0,19
1106,1,1,489,450,39,1.0,19
1114,0,0,430,387,43,1.0,23
1114,1,1,287,437,-150,0.0,23
1122,0,0,462,455,7,1.0,20
1122,1,1,349,467,-118,0.0,25
1130,0,0,572,454,118,1.0,20
1130,1,1,431,486,-55,0.0,20
1138,0,0,487,446,41,1.0,25
1138,1,1,428,420,8,1.0,23
1146,0,0,539,372,167,1.0,23
1146,1,1,405,542,-137,0.0,27
1154,0,0,351,456,-105,0.0,25
1154,1,1,451,316,135,1.0,24
1162,0,0,460,449,11,1.0,22
1162,1,1,448,439,9,1.0,22
1170,0,0,404,466,-62,0.0,25
1170,1,1,495,449,46,1.0,22
1178,0,0,389,478,-89,0.0,22
1178,1,1,388,444,-56,0.0,23
1186,0,0,462,396,66,1.0,23
1186,1,1,452,491,-39,0.0,23
1194,0,0,450,428,22,1.0,22
1194,1,1,447,403,44,1.0,21
1202,0,0,359,378,-19,0.0,25
1202,1,1,500,485,15,1.0,22
1210,0,0,411,487,-76,0.0,22
1210,1,1,465,428,37,1.0,23
1218,0,0,324,494,-170,0.0,25
1218,1,1,403,386,17,1.0,24
1226,0,0,421,445,-24,0.0,23
1226,1,1,415,478,-63,0.0,23
1234,0,0,466,382,84,1.0,24
1234,1,1,472,462,10,1.0,22
1242,0,0,463,413,50,1.0,21
1242,1,1,423,449,-26,0.0,25
1250,0,0,366,553,-187,0.0,24
1250,1,1,486,412,74,1.0,21
1258,0,0,415,468,-53,0.0,24
1258,1,1,450,490,-40,0.0,24
1266,0,0,428,466,-38,0.0,22
1266,1,1,372,411,-39,0.0,24
1274,0,0,393,506,-113,0.0,24
1274,1,1,456,402,54,1.0,22
1282,0,0,531,453,78,1.0,22
1282,1,1,470,575,-105,0.0,20
1290,0,0,576,463,113,1.0,20
1290,1,1,478,503,-25,0.0,23
1298,0,0,517,429,88,1.0,23
1298,1,1,427,469,-42,0.0,23
1306,0,0,444,511,-67,0.0,22
1306,1,1,364,464,-100,0.0,27
1314,0,0,382,426,-44,0.0,24
1314,1,1,455,355,100,1.0,23
1322,0,0,586,298,288,1.0,22
1322,1,1,380,587,-207,0.0,23
1330,0,0,420,425,-5,0.0,23
1330,1,1,360,438,-78,0.0,25
1338,0,0,361,470,-109,0.0,24
1338,1,1,476,444,32,1.0,23
1346,0,0,446,446,0,0.5,21
1346,1,1,474,454,20,1.0,21
1354,0,0,479,393,86,1.0,23
1354,1,1,343,505,-162,0.0,27
1362,0,0,455,541,-86,0.0,22
1362,1,1,438,414,24,1.0,25
1370,0,0,407,403,4,1.0,21
1370,1,1,430,420,10,1.0,22
1378,0,0,517,389,128,1.0,24
1378,1,1,345,477,-132,0.0,26
1386,0,0,500,475,25,1.0,23
1386,1,1,430,531,-101,0.0,21
1394,0,0,475,305,170,1.0,21
1394,1,1,334,530,-196,0.0,21
1402,0,0,407,444,-37,0.0,25
1402,1,1,427,393,34,1.0,25
1410,0,0,450,323,127,1.0,22
1410,1,1,373,404,-31,0.0,20
1418,0,0,387,465,-78,0.0,20
1418,1,1,393,513,-120,0.0,22
1426,0,0,424,515,-91,0.0,25
1426,1,1,507,423,84,1.0,25
1434,0,0,514,414,100,1.0,22
1434,1,1,414,491,-77,0.0,22
1442,0,0,551,393,158,1.0,21
1442,1,1,382,443,-61,0.0,25
1450,0,0,426,515,-89,0.0,22
1450,1,1,524,409,115,1.0,22
1458,0,0,532,318,214,1.0,21
1458,1,1,441,468,-27,0.0,20
1466,0,0,489,372,117,1.0,24
1466,1,1,461,490,-29,0.0,20
1474,0,0,446,393,53,1.0,23
1474,1,1,417,404,13,1.0,24
1482,0,0,499,459,40,1.0,19
1482,1,1,574,415,159,1.0,22
1490,0,0,492,398,94,1.0,21
1490,1,1,530,451,79,1.0,22
1498,0,0,425,419,6,1.0,25
1498,1,1,442,436,6,1.0,22
1506,0,0,441,381,60,1.0,23
1506,1,1,433,354,79,1.0,24
1514,0,0,467,516,-49,0.0,23
1514,1,1,474,396,78,1.0,21
1522,0,0,455,466,-11,0.0,23
1522,1,1,463,469,-6,0.0,23
1530,0,0,413,467,-54,0.0,26
1530,1,1,447,404,43,1.0,24
1538,0,0,431,446,-15,0.0,21
1538,1,1,503,435,68,1.0,24
1546,0,0,364,603,-239,0.0,22
1546,1,1,398,519,-121,0.0,23
1554,0,0,481,314,167,1.0,21
1554,1,1,317,531,-214,0.0,21
1562,0,0,447,405,42,1.0,21
1562,1,1,358,636,-278,0.0,21
1570,0,0,362,412,-50,0.0,21
1570,1,1,448,594,-146,0.0,20
1578,0,0,379,498,-119,0.0,21
1578,1,1,590,415,175,1.0,21
1586,0,0,368,493,-125,0.0,22
1586,1,1,536,395,141,1.0,23
1594,0,0,487,373,114,1.0,22
1594,1,1,360,500,-140,0.0,22
1602,0,0,490,454,36,1.0,19
1602,1,1,434,507,-73,0.0,21
1610,0,0,430,418,12,1.0,22
1610,1,1,441,404,37,1.0,23
1618,0,0,444,466,-22,0.0,19
1618,1,1,453,488,-35,0.0,20
1626,0,0,494,395,99,1.0,21
1626,1,1,374,556,-182,0.0,21
1634,0,0,462,442,20,1.0,21
1634,1,1,421,547,-126,0.0,23
1642,0,0,428,550,-122,0.0,22
1642,1,1,411,446,-35,0.0,23
1650,0,0,465,493,-28,0.0,22
1650,1,1,450,485,-35,0.0,20
1658,0,0,553,334,219,1.0,19
1658,1,1,383,570,-187,0.0,22
1666,0,0,431,432,-1,0.0,24
1666,1,1,429,412,17,1.0,24
1674,0,0,472,339,133,1.0,25
1674,1,1,447,464,-17,0.0,23
1682,0,0,359,507,-148,0.0,24
1682,1,1,423,405,18,1.0,25
1690,0,0,497,435,62,1.0,23
1690,1,1,490,438,52,1.0,21
1698,0,0,606,380,226,1.0,22
1698,1,1,317,433,-116,0.0,23
1706,0,0,438,493,-55,0.0,23
1706,1,1,489,441,48,1.0,23
1714,0,0,556,414,142,1.0,24
1714,1,1,463,468,-5,0.0,24
1722,0,0,500,463,37,1.0,20
1722,1,1,466,499,-33,0.0,21
1730,0,0,566,397,169,1.0,22
1730,1,1,472,504,-32,0.0,22
1738,0,0,563,392,171,1.0,21
1738,1,1,368,534,-166,0.0,19
1746,0,0,508,511,-3,0.0,21
1746,1,1,493,521,-28,0.0,21
1754,0,0,467,462,5,1.0,24
1754,1,1,507,430,77,1.0,26
1762,0,0,440,505,-65,0.0,24
1762,1,1,530,461,69,1.0,25
1770,0,0,447,375,72,1.0,23
1770,1,1,356,519,-163,0.0,24
1778,0,0,468,442,26,1.0,21
1778,1,1,493,460,33,1.0,21
1786,0,0,452,485,-33,0.0,22
1786,1,1,583,451,132,1.0,21
1794,0,0,502,402,100,1.0,26
1794,1,1,490,491,-1,0.0,21
1802,0,0,457,430,27,1.0,24
1802,1,1,459,451,8,1.0,21
1810,0,0,469,434,35,1.0,23
1810,1,1,393,460,-67,0.0,24
1818,0,0,532,422,110,1.0,23
1818,1,1,329,507,-178,0.0,26
1826,0,0,397,480,-83,0.0,24
1826,1,1,563,373,190,1.0,23
1834,0,0,464,439,25,1.0,24
1834,1,1,473,546,-73,0.0,22
1842,0,0,403,406,-3,0.0,25
1842,1,1,424,463,-39,0.0,22
1850,0,0,492,510,-18,0.0,22
1850,1,1,410,604,-194,0.0,21
1858,0,0,455,530,-75,0.0,22
1858,1,1,595,458,137,1.0,19
1866,0,0,500,468,32,1.0,23
1866,1,1,468,500,-32,0.0,23
1874,0,0,448,492,-44,0.0,21
1874,1,1,474,483,-9,0.0,22
1882,0,0,469,496,-27,0.0,22
1882,1,1,441,472,-31,0.0,21
1890,0,0,431,453,-22,0.0,24
1890,1,1,515,473,42,1.0,26
1898,0,0,464,459,5,1.0,20
1898,1,1,455,480,-25,0.0,19
1906,0,0,474,451,23,1.0,21
1906,1,1,411,526,-115,0.0,22
1914,0,0,417,353,64,1.0,24
1914,1,1,382,451,-69,0.0,21
1922,0,0,507,324,183,1.0,22
1922,1,1,398,487,-89,0.0,26
1930,0,0,476,398,78,1.0,22
1930,1,1,431,412,19,1.0,23
1938,0,0,465,451,14,1.0,22
1938,1,1,461,642,-181,0.0,22
1946,0,0,530,446,84,1.0,22
1946,1,1,524,446,78,1.0,22
1954,0,0,414,573,-159,0.0,25
1954,1,1,526,359,167,1.0,25
1962,0,0,405,489,-84,0.0,22
1962,1,1,477,383,94,1.0,23
1970,0,0,486,354,132,1.0,24
1970,1,1,337,463,-126,0.0,26
1978,0,0,388,544,-156,0.0,21
1978,1,1,516,407,109,1.0,24
1986,0,0,402,497,-95,0.0,21
1986,1,1,489,390,99,1.0,20
1994,0,0,388,502,-114,0.0,20
1994,1,1,442,532,-90,0.0,22
pair,game,a_seat,a_score,b_score,a_spread,a_win,turns
3,0,0,534,411,123,1.0,22
3,1,1,481,420,61,1.0,20
11,0,0,417,414,3,1.0,23
11,1,1,417,438,-21,0.0,21
19,0,0,389,490,-101,0.0,24
19,1,1,570,483,87,1.0,20
27,0,0,446,440,6,1.0,23
27,1,1,472,450,22,1.0,26
35,0,0,522,371,151,1.0,24
35,1,1,449,418,31,1.0,27
43,0,0,424,485,-61,0.0,29
43,1,1,432,364,68,1.0,26
51,0,0,527,385,142,1.0,22
51,1,1,537,440,97,1.0,23
59,0,0,468,491,-23,0.0,24
59,1,1,475,439,36,1.0,22
67,0,0,451,467,-16,0.0,22
67,1,1,404,498,-94,0.0,23
75,0,0,374,488,-114,0.0,23
75,1,1,577,346,231,1.0,25
83,0,0,438,483,-45,0.0,22
83,1,1,491,415,76,1.0,22
91,0,0,553,471,82,1.0,25
91,1,1,493,433,60,1.0,23
99,0,0,540,470,70,1.0,23
99,1,1,482,444,38,1.0,24
107,0,0,380,550,-170,0.0,21
107,1,1,495,438,57,1.0,23
115,0,0,394,539,-145,0.0,21
115,1,1,517,505,12,1.0,27
123,0,0,458,351,107,1.0,22
123,1,1,355,454,-99,0.0,22
131,0,0,377,502,-125,0.0,23
131,1,1,554,367,187,1.0,24
139,0,0,437,564,-127,0.0,20
139,1,1,535,398,137,1.0,21
147,0,0,459,424,35,1.0,23
147,1,1,428,413,15,1.0,28
155,0,0,380,477,-97,0.0,24
155,1,1,396,435,-39,0.0,23
163,0,0,571,379,192,1.0,20
163,1,1,401,587,-186,0.0,20
171,0,0,488,451,37,1.0,20
171,1,1,490,495,-5,0.0,20
179,0,0,518,540,-22,0.0,21
179,1,1,540,518,22,1.0,21
187,0,0,403,396,7,1.0,23
187,1,1,426,364,62,1.0,23
195,0,0,525,348,177,1.0,24
195,1,1,454,446,8,1.0,20
203,0,0,457,448,9,1.0,25
203,1,1,402,453,-51,0.0,24
211,0,0,432,551,-119,0.0,23
211,1,1,428,429,-1,0.0,25
219,0,0,416,532,-116,0.0,23
219,1,1,456,415,41,1.0,22
227,0,0,479,422,57,1.0,19
227,1,1,404,443,-39,0.0,23
235,0,0,494,420,74,1.0,24
235,1,1,468,559,-91,0.0,23
243,0,0,447,532,-85,0.0,21
243,1,1,567,469,98,1.0,21
251,0,0,445,488,-43,0.0,20
251,1,1,540,314,226,1.0,25
259,0,0,393,541,-148,0.0,23
259,1,1,489,330,159,1.0,24
267,0,0,465,556,-91,0.0,20
267,1,1,507,520,-13,0.0,21
275,0,0,457,503,-46,0.0,24
275,1,1,485,419,66,1.0,23
283,0,0,393,487,-94,0.0,21
283,1,1,473,507,-34,0.0,23
291,0,0,377,540,-163,0.0,26
291,1,1,542,326,216,1.0,23
299,0,0,513,471,42,1.0,22
299,1,1,516,453,63,1.0,21
307,0,0,480,451,29,1.0,22
307,1,1,405,462,-57,0.0,23
315,0,0,509,520,-11,0.0,21
315,1,1,586,457,129,1.0,21
323,0,0,401,455,-54,0.0,25
323,1,1,468,365,103,1.0,22
331,0,0,405,390,15,1.0,26
331,1,1,462,413,49,1.0,22
339,0,0,381,393,-12,0.0,23
339,1,1,418,482,-64,0.0,23
347,0,0,470,416,54,1.0,21
347,1,1,466,474,-8,0.0,21
355,0,0,556,400,156,1.0,21
355,1,1,420,489,-69,0.0,21
363,0,0,441,480,-39,0.0,27
363,1,1,399,322,77,1.0,23
371,0,0,334,468,-134,0.0,23
371,1,1,552,408,144,1.0,24
379,0,0,415,501,-86,0.0,21
379,1,1,392,435,-43,0.0,24
387,0,0,436,563,-127,0.0,23
387,1,1,530,373,157,1.0,23
395,0,0,366,490,-124,0.0,26
395,1,1,484,397,87,1.0,24
403,0,0,422,591,-169,0.0,25
403,1,1,477,451,26,1.0,25
411,0,0,485,483,2,1.0,20
411,1,1,469,477,-8,0.0,20
419,0,0,402,452,-50,0.0,26
419,1,1,495,445,50,1.0,24
427,0,0,460,397,63,1.0,20
427,1,1,422,401,21,1.0,22
435,0,0,385,597,-212,0.0,19
435,1,1,471,393,78,1.0,21
443,0,0,355,490,-135,0.0,27
443,1,1,457,426,31,1.0,25
451,0,0,460,446,14,1.0,23
451,1,1,396,395,1,1.0,25
459,0,0,489,521,-32,0.0,23
459,1,1,479,385,94,1.0,27
467,0,0,460,431,29,1.0,21
467,1,1,437,564,-127,0.0,22
475,0,0,595,356,239,1.0,21
475,1,1,317,526,-209,0.0,22
483,0,0,384,560,-176,0.0,22
483,1,1,542,424,118,1.0,24
491,0,0,470,528,-58,0.0,20
491,1,1,412,533,-121,0.0,22
499,0,0,453,386,67,1.0,23
499,1,1,408,431,-23,0.0,26
507,0,0,362,466,-104,0.0,22
507,1,1,450,466,-16,0.0,21
515,0,0,453,517,-64,0.0,23
515,1,1,578,452,126,1.0,21
523,0,0,480,401,79,1.0,24
523,1,1,357,518,-161,0.0,23
531,0,0,468,489,-21,0.0,23
531,1,1,524,437,87,1.0,25
539,0,0,352,458,-106,0.0,28
539,1,1,450,366,84,1.0,27
547,0,0,497,434,63,1.0,23
547,1,1,410,460,-50,0.0,23
555,0,0,371,527,-156,0.0,24
555,1,1,549,357,192,1.0,23
563,0,0,413,435,-22,0.0,22
563,1,1,425,430,-5,0.0,24
571,0,0,489,381,108,1.0,27
571,1,1,454,401,53,1.0,24
579,0,0,519,381,138,1.0,18
579,1,1,429,527,-98,0.0,21
587,0,0,501,442,59,1.0,20
587,1,1,523,436,87,1.0,19
595,0,0,367,458,-91,0.0,25
595,1,1,448,329,119,1.0,25
603,0,0,412,442,-30,0.0,23
603,1,1,526,366,160,1.0,23
611,0,0,493,399,94,1.0,26
611,1,1,383,495,-112,0.0,23
619,0,0,389,398,-9,0.0,23
619,1,1,428,369,59,1.0,28
627,0,0,419,444,-25,0.0,21
627,1,1,477,368,109,1.0,23
635,0,0,448,420,28,1.0,22
635,1,1,449,507,-58,0.0,22
643,0,0,421,349,72,1.0,26
643,1,1,387,415,-28,0.0,24
651,0,0,421,503,-82,0.0,21
651,1,1,418,480,-62,0.0,20
659,0,0,500,392,108,1.0,24
659,1,1,405,507,-102,0.0,24
667,0,0,456,383,73,1.0,25
667,1,1,409,485,-76,0.0,20
675,0,0,466,500,-34,0.0,21
675,1,1,433,470,-37,0.0,23
683,0,0,522,443,79,1.0,20
683,1,1,432,485,-53,0.0,20
691,0,0,505,377,128,1.0,22
691,1,1,390,561,-171,0.0,22
699,0,0,548,424,124,1.0,28
699,1,1,431,501,-70,0.0,23
707,0,0,481,457,24,1.0,18
707,1,1,499,366,133,1.0,22
715,0,0,395,381,14,1.0,29
715,1,1,421,336,85,1.0,24
723,0,0,470,404,66,1.0,24
723,1,1,395,491,-96,0.0,22
731,0,0,373,383,-10,0.0,23
731,1,1,440,430,10,1.0,21
739,0,0,448,456,-8,0.0,21
739,1,1,585,479,106,1.0,20
747,0,0,468,539,-71,0.0,20
747,1,1,535,479,56,1.0,21
755,0,0,441,462,-21,0.0,21
755,1,1,435,476,-41,0.0,20
763,0,0,518,453,65,1.0,22
763,1,1,429,515,-86,0.0,23
771,0,0,444,505,-61,0.0,25
771,1,1,512,383,129,1.0,23
779,0,0,487,446,41,1.0,23
779,1,1,505,426,79,1.0,21
787,0,0,442,472,-30,0.0,23
787,1,1,424,473,-49,0.0,25
795,0,0,415,460,-45,0.0,27
795,1,1,440,459,-19,0.0,24
803,0,0,421,473,-52,0.0,20
803,1,1,473,483,-10,0.0,22
811,0,0,401,570,-169,0.0,24
811,1,1,529,467,62,1.0,22
819,0,0,407,535,-128,0.0,23
819,1,1,565,391,174,1.0,21
827,0,0,459,479,-20,0.0,19
827,1,1,513,435,78,1.0,25
835,0,0,540,474,66,1.0,23
835,1,1,458,501,-43,0.0,21
843,0,0,414,451,-37,0.0,22
843,1,1,470,476,-6,0.0,22
851,0,0,477,473,4,1.0,29
851,1,1,503,389,114,1.0,29
859,0,0,531,437,94,1.0,25
859,1,1,382,495,-113,0.0,26
867,0,0,380,481,-101,0.0,22
867,1,1,516,459,57,1.0,22
875,0,0,545,465,80,1.0,26
875,1,1,440,576,-136,0.0,22
883,0,0,476,475,1,1.0,21
883,1,1,426,460,-34,0.0,22
891,0,0,516,411,105,1.0,24
891,1,1,447,490,-43,0.0,23
899,0,0,473,368,105,1.0,24
899,1,1,500,382,118,1.0,21
907,0,0,388,421,-33,0.0,20
907,1,1,522,333,189,1.0,24
915,0,0,508,481,27,1.0,21
915,1,1,584,532,52,1.0,20
923,0,0,461,409,52,1.0,19
923,1,1,374,483,-109,0.0,20
931,0,0,425,606,-181,0.0,23
931,1,1,539,430,109,1.0,22
939,0,0,434,516,-82,0.0,21
939,1,1,496,419,77,1.0,21
947,0,0,526,506,20,1.0,23
947,1,1,483,470,13,1.0,21
955,0,0,432,495,-63,0.0,22
955,1,1,447,434,13,1.0,24
963,0,0,491,448,43,1.0,23
963,1,1,583,377,206,1.0,21
971,0,0,449,495,-46,0.0,25
971,1,1,496,432,64,1.0,22
979,0,0,407,465,-58,0.0,26
979,1,1,503,377,126,1.0,22
987,0,0,444,524,-80,0.0,21
987,1,1,521,467,54,1.0,23
995,0,0,492,446,46,1.0,22
995,1,1,495,520,-25,0.0,21
1003,0,0,516,414,102,1.0,22
1003,1,1,446,526,-80,0.0,21
1011,0,0,538,379,159,1.0,22
1011,1,1,368,506,-138,0.0,20
1019,0,0,565,375,190,1.0,22
1019,1,1,402,491,-89,0.0,20
1027,0,0,411,428,-17,0.0,25
1027,1,1,297,481,-184,0.0,26
1035,0,0,463,496,-33,0.0,23
1035,1,1,443,410,33,1.0,24
1043,0,0,439,395,44,1.0,25
1043,1,1,433,412,21,1.0,21
1051,0,0,424,453,-29,0.0,25
1051,1,1,485,418,67,1.0,26
1059,0,0,518,458,60,1.0,20
1059,1,1,461,453,8,1.0,21
1067,0,0,468,415,53,1.0,22
1067,1,1,588,458,130,1.0,21
1075,0,0,426,552,-126,0.0,20
1075,1,1,540,449,91,1.0,22
1083,0,0,352,530,-178,0.0,21
1083,1,1,514,418,96,1.0,26
1091,0,0,462,378,84,1.0,25
1091,1,1,372,408,-36,0.0,23
1099,0,0,518,496,22,1.0,20
1099,1,1,544,534,10,1.0,22
1107,0,0,439,450,-11,0.0,25
1107,1,1,521,401,120,1.0,24
1115,0,0,520,444,76,1.0,23
1115,1,1,406,514,-108,0.0,23
1123,0,0,506,477,29,1.0,22
1123,1,1,479,435,44,1.0,24
1131,0,0,396,485,-89,0.0,22
1131,1,1,493,394,99,1.0,22
1139,0,0,495,493,2,1.0,20
1139,1,1,460,405,55,1.0,23
1147,0,0,482,520,-38,0.0,24
1147,1,1,501,583,-82,0.0,23
1155,0,0,470,519,-49,0.0,24
1155,1,1,472,470,2,1.0,21
1163,0,0,444,460,-16,0.0,25
1163,1,1,463,525,-62,0.0,22
1171,0,0,318,485,-167,0.0,23
1171,1,1,466,393,73,1.0,23
1179,0,0,448,452,-4,0.0,25
1179,1,1,430,420,10,1.0,22
1187,0,0,464,469,-5,0.0,21
1187,1,1,465,416,49,1.0,26
1195,0,0,435,407,28,1.0,25
1195,1,1,376,490,-114,0.0,22
1203,0,0,521,456,65,1.0,19
1203,1,1,478,493,-15,0.0,21
1211,0,0,372,485,-113,0.0,21
1211,1,1,464,365,99,1.0,24
1219,0,0,475,390,85,1.0,21
1219,1,1,410,437,-27,0.0,20
1227,0,0,523,477,46,1.0,20
1227,1,1,477,521,-44,0.0,22
1235,0,0,416,500,-84,0.0,24
1235,1,1,565,320,245,1.0,23
1243,0,0,462,360,102,1.0,22
1243,1,1,475,338,137,1.0,26
1251,0,0,371,466,-95,0.0,24
1251,1,1,487,379,108,1.0,23
1259,0,0,444,421,23,1.0,21
1259,1,1,415,477,-62,0.0,25
1267,0,0,441,449,-8,0.0,24
1267,1,1,396,440,-44,0.0,24
1275,0,0,433,438,-5,0.0,21
1275,1,1,420,432,-12,0.0,22
1283,0,0,332,453,-121,0.0,24
1283,1,1,595,341,254,1.0,24
1291,0,0,444,458,-14,0.0,23
1291,1,1,503,434,69,1.0,21
1299,0,0,443,719,-276,0.0,20
1299,1,1,570,421,149,1.0,22
1307,0,0,453,484,-31,0.0,22
1307,1,1,543,481,62,1.0,19
1315,0,0,467,608,-141,0.0,21
1315,1,1,495,462,33,1.0,20
1323,0,0,455,480,-25,0.0,26
1323,1,1,449,475,-26,0.0,24
1331,0,0,355,463,-108,0.0,23
1331,1,1,462,371,91,1.0,26
1339,0,0,375,477,-102,0.0,24
1339,1,1,530,428,102,1.0,21
1347,0,0,459,346,113,1.0,24
1347,1,1,393,460,-67,0.0,23
1355,0,0,454,437,17,1.0,25
1355,1,1,381,440,-59,0.0,23
1363,0,0,352,490,-138,0.0,23
1363,1,1,488,383,105,1.0,22
1371,0,0,439,485,-46,0.0,22
1371,1,1,511,484,27,1.0,21
1379,0,0,504,457,47,1.0,21
1379,1,1,476,485,-9,0.0,21
1387,0,0,391,439,-48,0.0,26
1387,1,1,507,485,22,1.0,22
1395,0,0,510,422,88,1.0,26
1395,1,1,342,433,-91,0.0,24
1403,0,0,403,535,-132,0.0,23
1403,1,1,523,456,67,1.0,24
1411,0,0,424,384,40,1.0,21
1411,1,1,418,440,-22,0.0,25
1419,0,0,403,455,-52,0.0,23
1419,1,1,494,408,86,1.0,24
1427,0,0,435,372,63,1.0,22
1427,1,1,443,372,71,1.0,25
1435,0,0,467,502,-35,0.0,20
1435,1,1,462,418,44,1.0,24
1443,0,0,506,414,92,1.0,24
1443,1,1,425,501,-76,0.0,24
1451,0,0,377,545,-168,0.0,21
1451,1,1,476,451,25,1.0,22
1459,0,0,427,497,-70,0.0,22
1459,1,1,425,436,-11,0.0,23
1467,0,0,484,510,-26,0.0,24
1467,1,1,557,511,46,1.0,25
1475,0,0,389,570,-181,0.0,22
1475,1,1,550,375,175,1.0,23
1483,0,0,426,441,-15,0.0,20
1483,1,1,452,425,27,1.0,20
1491,0,0,417,448,-31,0.0,23
1491,1,1,435,408,27,1.0,25
1499,0,0,482,424,58,1.0,24
1499,1,1,415,436,-21,0.0,22
1507,0,0,472,428,44,1.0,27
1507,1,1,427,502,-75,0.0,23
1515,0,0,476,627,-151,0.0,23
1515,1,1,516,491,25,1.0,23
1523,0,0,548,516,32,1.0,20
1523,1,1,438,501,-63,0.0,20
1531,0,0,422,509,-87,0.0,25
1531,1,1,443,372,71,1.0,24
1539,0,0,522,346,176,1.0,24
1539,1,1,357,479,-122,0.0,24
1547,0,0,481,406,75,1.0,22
1547,1,1,481,528,-47,0.0,23
1555,0,0,407,466,-59,0.0,23
1555,1,1,430,447,-17,0.0,21
1563,0,0,507,476,31,1.0,22
1563,1,1,463,462,1,1.0,22
1571,0,0,474,445,29,1.0,19
1571,1,1,450,435,15,1.0,22
1579,0,0,439,545,-106,0.0,21
1579,1,1,402,451,-49,0.0,25
1587,0,0,403,405,-2,0.0,22
1587,1,1,512,378,134,1.0,21
1595,0,0,506,410,96,1.0,21
1595,1,1,476,502,-26,0.0,23
1603,0,0,533,449,84,1.0,24
1603,1,1,499,421,78,1.0,23
1611,0,0,450,395,55,1.0,22
1611,1,1,414,473,-59,0.0,23
1619,0,0,414,388,26,1.0,20
1619,1,1,519,317,202,1.0,23
1627,0,0,384,527,-143,0.0,21
1627,1,1,544,331,213,1.0,23
1635,0,0,508,454,54,1.0,22
1635,1,1,461,461,0,0.5,22
1643,0,0,384,528,-144,0.0,25
1643,1,1,590,396,194,1.0,27
1651,0,0,465,560,-95,0.0,24
1651,1,1,511,490,21,1.0,24
1659,0,0,510,456,54,1.0,20
1659,1,1,461,467,-6,0.0,22
1667,0,0,371,537,-166,0.0,22
1667,1,1,553,359,194,1.0,21
1675,0,0,435,351,84,1.0,23
1675,1,1,369,414,-45,0.0,21
1683,0,0,375,432,-57,0.0,22
1683,1,1,402,402,0,0.5,21
1691,0,0,414,466,-52,0.0,22
1691,1,1,462,415,47,1.0,24
1699,0,0,538,463,75,1.0,20
1699,1,1,426,420,6,1.0,24
1707,0,0,357,474,-117,0.0,21
1707,1,1,473,353,120,1.0,22
1715,0,0,517,464,53,1.0,25
1715,1,1,389,430,-41,0.0,24
1723,0,0,478,470,8,1.0,21
1723,1,1,433,618,-185,0.0,20
1731,0,0,544,383,161,1.0,19
1731,1,1,370,552,-182,0.0,22
1739,0,0,402,516,-114,0.0,21
1739,1,1,502,399,103,1.0,25
1747,0,0,414,454,-40,0.0,26
1747,1,1,405,375,30,1.0,25
1755,0,0,431,509,-78,0.0,25
1755,1,1,527,413,114,1.0,24
1763,0,0,425,448,-23,0.0,22
1763,1,1,515,456,59,1.0,23
1771,0,0,484,418,66,1.0,23
1771,1,1,358,461,-103,0.0,26
1779,0,0,455,438,17,1.0,23
1779,1,1,392,461,-69,0.0,28
1787,0,0,410,506,-96,0.0,24
1787,1,1,471,423,48,1.0,23
1795,0,0,410,509,-99,0.0,22
1795,1,1,503,369,134,1.0,22
1803,0,0,431,512,-81,0.0,21
1803,1,1,486,446,40,1.0,24
1811,0,0,499,466,33,1.0,23
1811,1,1,557,517,40,1.0,21
1819,0,0,422,452,-30,0.0,23
1819,1,1,424,458,-34,0.0,25
1827,0,0,486,499,-13,0.0,21
1827,1,1,453,437,16,1.0,21
1835,0,0,410,393,17,1.0,23
1835,1,1,478,417,61,1.0,24
1843,0,0,483,479,4,1.0,21
1843,1,1,414,415,-1,0.0,24
1851,0,0,492,419,73,1.0,20
1851,1,1,381,508,-127,0.0,20
1859,0,0,540,456,84,1.0,18
1859,1,1,439,509,-70,0.0,22
1867,0,0,482,488,-6,0.0,22
1867,1,1,453,418,35,1.0,23
1875,0,0,600,472,128,1.0,23
1875,1,1,490,464,26,1.0,21
1883,0,0,371,484,-113,0.0,23
1883,1,1,451,393,58,1.0,25
1891,0,0,534,468,66,1.0,20
1891,1,1,504,457,47,1.0,22
1899,0,0,547,435,112,1.0,22
1899,1,1,462,400,62,1.0,21
1907,0,0,461,431,30,1.0,25
1907,1,1,419,414,5,1.0,23
1915,0,0,465,422,43,1.0,23
1915,1,1,421,480,-59,0.0,22
1923,0,0,385,502,-117,0.0,23
1923,1,1,453,453,0,0.5,25
1931,0,0,489,400,89,1.0,24
1931,1,1,499,408,91,1.0,23
1939,0,0,445,376,69,1.0,23
1939,1,1,366,466,-100,0.0,24
1947,0,0,530,505,25,1.0,22
1947,1,1,505,530,-25,0.0,22
1955,0,0,419,400,19,1.0,24
1955,1,1,431,394,37,1.0,22
1963,0,0,455,474,-19,0.0,24
1963,1,1,493,422,71,1.0,21
1971,0,0,473,425,48,1.0,23
1971,1,1,453,471,-18,0.0,21
1979,0,0,464,415,49,1.0,27
1979,1,1,455,360,95,1.0,23
1987,0,0,458,500,-42,0.0,22
1987,1,1,470,503,-33,0.0,20
1995,0,0,455,405,50,1.0,23
1995,1,1,411,455,-44,0.0,26
pair,game,a_seat,a_score,b_score,a_spread,a_win,turns
4,0,0,530,403,127,1.0,19
4,1,1,429,491,-62,0.0,20
12,0,0,487,360,127,1.0,22
12,1,1,361,512,-151,0.0,23
20,0,0,472,494,-22,0.0,21
20,1,1,525,490,35,1.0,21
28,0,0,523,392,131,1.0,21
28,1,1,472,494,-22,0.0,24
36,0,0,587,385,202,1.0,20
36,1,1,383,597,-214,0.0,20
44,0,0,473,370,103,1.0,21
44,1,1,378,444,-66,0.0,24
52,0,0,481,425,56,1.0,24
52,1,1,459,457,2,1.0,22
60,0,0,418,533,-115,0.0,22
60,1,1,403,488,-85,0.0,21
68,0,0,448,420,28,1.0,26
68,1,1,452,396,56,1.0,24
76,0,0,433,491,-58,0.0,23
76,1,1,471,460,11,1.0,21
84,0,0,403,397,6,1.0,24
84,1,1,349,422,-73,0.0,23
92,0,0,571,411,160,1.0,25
92,1,1,392,545,-153,0.0,23
100,0,0,453,390,63,1.0,21
100,1,1,483,358,125,1.0,26
108,0,0,469,611,-142,0.0,21
108,1,1,514,378,136,1.0,22
116,0,0,430,465,-35,0.0,20
116,1,1,394,469,-75,0.0,23
124,0,0,514,465,49,1.0,25
124,1,1,425,489,-64,0.0,25
132,0,0,613,405,208,1.0,23
132,1,1,377,422,-45,0.0,25
140,0,0,412,340,72,1.0,23
140,1,1,487,529,-42,0.0,23
148,0,0,424,423,1,1.0,21
148,1,1,462,440,22,1.0,24
156,0,0,384,497,-113,0.0,23
156,1,1,485,400,85,1.0,22
164,0,0,552,431,121,1.0,19
164,1,1,455,544,-89,0.0,21
172,0,0,434,463,-29,0.0,21
172,1,1,471,419,52,1.0,26
180,0,0,538,513,25,1.0,23
180,1,1,517,558,-41,0.0,19
188,0,0,454,413,41,1.0,22
188,1,1,404,499,-95,0.0,22
196,0,0,437,439,-2,0.0,21
196,1,1,463,439,24,1.0,22
204,0,0,431,452,-21,0.0,22
204,1,1,395,496,-101,0.0,26
212,0,0,421,428,-7,0.0,22
212,1,1,416,524,-108,0.0,21
220,0,0,463,568,-105,0.0,22
220,1,1,543,394,149,1.0,25
228,0,0,433,489,-56,0.0,22
228,1,1,536,380,156,1.0,20
236,0,0,454,487,-33,0.0,20
236,1,1,428,531,-103,0.0,21
244,0,0,374,470,-96,0.0,21
244,1,1,515,361,154,1.0,28
252,0,0,379,514,-135,0.0,21
252,1,1,554,441,113,1.0,21
260,0,0,479,388,91,1.0,27
260,1,1,367,527,-160,0.0,23
268,0,0,546,466,80,1.0,24
268,1,1,451,526,-75,0.0,23
276,0,0,458,356,102,1.0,25
276,1,1,415,485,-70,0.0,24
284,0,0,507,443,64,1.0,23
284,1,1,513,433,80,1.0,22
292,0,0,463,402,61,1.0,24
292,1,1,411,552,-141,0.0,24
300,0,0,393,396,-3,0.0,20
300,1,1,411,432,-21,0.0,24
308,0,0,425,504,-79,0.0,22
308,1,1,433,393,40,1.0,29
316,0,0,536,405,131,1.0,24
316,1,1,423,516,-93,0.0,22
324,0,0,567,437,130,1.0,21
324,1,1,346,618,-272,0.0,21
332,0,0,480,402,78,1.0,24
332,1,1,352,411,-59,0.0,29
340,0,0,438,604,-166,0.0,21
340,1,1,390,526,-136,0.0,23
348,0,0,427,451,-24,0.0,20
348,1,1,414,457,-43,0.0,23
356,0,0,564,393,171,1.0,21
356,1,1,394,548,-154,0.0,21
364,0,0,382,441,-59,0.0,22
364,1,1,459,539,-80,0.0,25
372,0,0,470,369,101,1.0,23
372,1,1,429,489,-60,0.0,22
380,0,0,476,318,158,1.0,23
380,1,1,518,359,159,1.0,25
388,0,0,358,587,-229,0.0,25
388,1,1,464,382,82,1.0,24
396,0,0,425,452,-27,0.0,24
396,1,1,411,429,-18,0.0,21
404,0,0,538,459,79,1.0,21
404,1,1,439,514,-75,0.0,21
412,0,0,476,396,80,1.0,25
412,1,1,424,399,25,1.0,23
420,0,0,363,609,-246,0.0,20
420,1,1,613,442,171,1.0,20
428,0,0,405,426,-21,0.0,23
428,1,1,468,425,43,1.0,24
436,0,0,424,441,-17,0.0,22
436,1,1,434,505,-71,0.0,23
444,0,0,448,445,3,1.0,22
444,1,1,469,340,129,1.0,25
452,0,0,431,367,64,1.0,25
452,1,1,383,423,-40,0.0,26
460,0,0,492,452,40,1.0,24
460,1,1,364,386,-22,0.0,24
468,0,0,477,500,-23,0.0,25
468,1,1,477,383,94,1.0,22
476,0,0,406,395,11,1.0,25
476,1,1,393,418,-25,0.0,25
484,0,0,578,395,183,1.0,21
484,1,1,396,548,-152,0.0,23
492,0,0,402,505,-103,0.0,19
492,1,1,490,472,18,1.0,24
500,0,0,516,394,122,1.0,25
500,1,1,298,513,-215,0.0,25
508,0,0,493,543,-50,0.0,20
508,1,1,515,480,35,1.0,26
516,0,0,453,464,-11,0.0,24
516,1,1,436,452,-16,0.0,24
524,0,0,522,422,100,1.0,21
524,1,1,433,433,0,0.5,22
532,0,0,454,368,86,1.0,22
532,1,1,354,459,-105,0.0,21
540,0,0,378,498,-120,0.0,23
540,1,1,435,375,60,1.0,24
548,0,0,500,423,77,1.0,19
548,1,1,391,484,-93,0.0,23
556,0,0,542,410,132,1.0,25
556,1,1,392,546,-154,0.0,24
564,0,0,542,466,76,1.0,21
564,1,1,463,424,39,1.0,23
572,0,0,553,411,142,1.0,22
572,1,1,519,503,16,1.0,22
580,0,0,503,360,143,1.0,23
580,1,1,379,500,-121,0.0,25
588,0,0,381,483,-102,0.0,22
588,1,1,474,394,80,1.0,22
596,0,0,619,367,252,1.0,24
596,1,1,371,625,-254,0.0,25
604,0,0,364,522,-158,0.0,24
604,1,1,469,413,56,1.0,23
612,0,0,565,416,149,1.0,20
612,1,1,411,534,-123,0.0,19
620,0,0,468,384,84,1.0,22
620,1,1,448,463,-15,0.0,25
628,0,0,489,396,93,1.0,22
628,1,1,334,504,-170,0.0,21
636,0,0,439,443,-4,0.0,24
636,1,1,518,415,103,1.0,22
644,0,0,505,420,85,1.0,23
644,1,1,433,456,-23,0.0,22
652,0,0,505,457,48,1.0,23
652,1,1,436,465,-29,0.0,20
660,0,0,541,411,130,1.0,23
660,1,1,479,422,57,1.0,25
668,0,0,380,439,-59,0.0,22
668,1,1,454,365,89,1.0,23
676,0,0,420,428,-8,0.0,23
676,1,1,418,529,-111,0.0,23
684,0,0,411,508,-97,0.0,24
684,1,1,441,448,-7,0.0,23
692,0,0,497,411,86,1.0,26
692,1,1,458,480,-22,0.0,23
700,0,0,550,513,37,1.0,21
700,1,1,464,548,-84,0.0,21
708,0,0,374,420,-46,0.0,23
708,1,1,451,402,49,1.0,24
716,0,0,471,350,121,1.0,22
716,1,1,483,558,-75,0.0,19
724,0,0,498,510,-12,0.0,20
724,1,1,506,421,85,1.0,22
732,0,0,456,392,64,1.0,24
732,1,1,417,472,-55,0.0,23
740,0,0,413,452,-39,0.0,23
740,1,1,468,526,-58,0.0,23
748,0,0,359,475,-116,0.0,24
748,1,1,514,313,201,1.0,23
756,0,0,416,435,-19,0.0,21
756,1,1,480,355,125,1.0,21
764,0,0,458,395,63,1.0,23
764,1,1,395,464,-69,0.0,24
772,0,0,436,465,-29,0.0,22
772,1,1,390,485,-95,0.0,22
780,0,0,409,528,-119,0.0,20
780,1,1,418,466,-48,0.0,23
788,0,0,491,354,137,1.0,24
788,1,1,381,518,-137,0.0,22
796,0,0,385,446,-61,0.0,23
796,1,1,457,358,99,1.0,26
804,0,0,373,484,-111,0.0,21
804,1,1,456,529,-73,0.0,25
812,0,0,493,382,111,1.0,21
812,1,1,420,526,-106,0.0,21
820,0,0,480,500,-20,0.0,21
820,1,1,486,509,-23,0.0,23
828,0,0,401,392,9,1.0,20
828,1,1,418,478,-60,0.0,22
836,0,0,408,458,-50,0.0,22
836,1,1,452,437,15,1.0,21
844,0,0,469,493,-24,0.0,23
844,1,1,471,440,31,1.0,24
852,0,0,434,529,-95,0.0,19
852,1,1,469,444,25,1.0,26
860,0,0,480,356,124,1.0,21
860,1,1,451,531,-80,0.0,22
868,0,0,480,516,-36,0.0,23
868,1,1,404,431,-27,0.0,21
876,0,0,453,428,25,1.0,21
876,1,1,453,508,-55,0.0,21
884,0,0,512,423,89,1.0,20
884,1,1,422,562,-140,0.0,22
892,0,0,451,426,25,1.0,24
892,1,1,397,603,-206,0.0,19
900,0,0,431,497,-66,0.0,24
900,1,1,403,441,-38,0.0,21
908,0,0,493,534,-41,0.0,24
908,1,1,422,420,2,1.0,22
916,0,0,469,450,19,1.0,24
916,1,1,438,487,-49,0.0,21
924,0,0,520,439,81,1.0,21
924,1,1,424,556,-132,0.0,21
932,0,0,523,461,62,1.0,23
932,1,1,428,467,-39,0.0,27
940,0,0,409,366,43,1.0,26
940,1,1,416,516,-100,0.0,21
948,0,0,495,387,108,1.0,21
948,1,1,459,522,-63,0.0,24
956,0,0,518,443,75,1.0,23
956,1,1,472,455,17,1.0,25
964,0,0,409,416,-7,0.0,26
964,1,1,402,417,-15,0.0,27
972,0,0,367,386,-19,0.0,26
972,1,1,402,434,-32,0.0,26
980,0,0,565,412,153,1.0,23
980,1,1,409,471,-62,0.0,20
988,0,0,544,404,140,1.0,23
988,1,1,405,577,-172,0.0,21
996,0,0,455,403,52,1.0,24
996,1,1,449,417,32,1.0,24
1004,0,0,497,501,-4,0.0,21
1004,1,1,516,454,62,1.0,22
1012,0,0,441,529,-88,0.0,22
1012,1,1,388,459,-71,0.0,23
1020,0,0,448,399,49,1.0,23
1020,1,1,525,365,160,1.0,24
1028,0,0,567,410,157,1.0,22
1028,1,1,506,554,-48,0.0,18
1036,0,0,537,450,87,1.0,21
1036,1,1,445,484,-39,0.0,25
1044,0,0,470,393,77,1.0,24
1044,1,1,409,416,-7,0.0,25
1052,0,0,388,519,-131,0.0,22
1052,1,1,560,365,195,1.0,24
1060,0,0,516,433,83,1.0,23
1060,1,1,455,400,55,1.0,24
1068,0,0,587,428,159,1.0,19
1068,1,1,430,575,-145,0.0,19
1076,0,0,513,332,181,1.0,24
1076,1,1,400,521,-121,0.0,24
1084,0,0,433,470,-37,0.0,26
1084,1,1,511,351,160,1.0,23
1092,0,0,419,500,-81,0.0,21
1092,1,1,421,500,-79,0.0,21
1100,0,0,479,502,-23,0.0,20
1100,1,1,486,472,14,1.0,22
1108,0,0,517,457,60,1.0,20
1108,1,1,460,479,-19,0.0,22
1116,0,0,400,533,-133,0.0,22
1116,1,1,357,496,-139,0.0,21
1124,0,0,464,367,97,1.0,21
1124,1,1,466,546,-80,0.0,22
1132,0,0,465,510,-45,0.0,23
1132,1,1,505,379,126,1.0,23
1140,0,0,418,452,-34,0.0,20
1140,1,1,530,415,115,1.0,22
1148,0,0,515,441,74,1.0,22
1148,1,1,421,529,-108,0.0,20
1156,0,0,383,499,-116,0.0,21
1156,1,1,523,366,157,1.0,20
1164,0,0,454,471,-17,0.0,22
1164,1,1,464,473,-9,0.0,22
1172,0,0,412,561,-149,0.0,22
1172,1,1,561,499,62,1.0,19
1180,0,0,431,471,-40,0.0,22
1180,1,1,407,468,-61,0.0,22
1188,0,0,442,432,10,1.0,23
1188,1,1,426,462,-36,0.0,20
1196,0,0,443,350,93,1.0,23
1196,1,1,427,472,-45,0.0,21
1204,0,0,482,354,128,1.0,22
1204,1,1,380,437,-57,0.0,23
1212,0,0,469,570,-101,0.0,20
1212,1,1,473,361,112,1.0,26
1220,0,0,397,427,-30,0.0,26
1220,1,1,462,497,-35,0.0,23
1228,0,0,445,444,1,1.0,23
1228,1,1,458,352,106,1.0,25
1236,0,0,501,506,-5,0.0,22
1236,1,1,454,484,-30,0.0,21
1244,0,0,557,452,105,1.0,20
1244,1,1,346,561,-215,0.0,24
1252,0,0,445,356,89,1.0,20
1252,1,1,512,416,96,1.0,21
1260,0,0,399,484,-85,0.0,22
1260,1,1,410,444,-34,0.0,23
1268,0,0,590,304,286,1.0,23
1268,1,1,390,439,-49,0.0,22
1276,0,0,360,454,-94,0.0,23
1276,1,1,435,411,24,1.0,21
1284,0,0,345,646,-301,0.0,22
1284,1,1,442,374,68,1.0,22
1292,0,0,447,398,49,1.0,24
1292,1,1,375,429,-54,0.0,23
1300,0,0,429,365,64,1.0,23
1300,1,1,442,416,26,1.0,25
1308,0,0,511,412,99,1.0,21
1308,1,1,377,562,-185,0.0,24
1316,0,0,451,456,-5,0.0,21
1316,1,1,387,469,-82,0.0,23
1324,0,0,327,547,-220,0.0,21
1324,1,1,514,356,158,1.0,22
1332,0,0,488,362,126,1.0,23
1332,1,1,383,467,-84,0.0,25
1340,0,0,379,501,-122,0.0,25
1340,1,1,620,276,344,1.0,24
1348,0,0,551,466,85,1.0,21
1348,1,1,387,475,-88,0.0,20
1356,0,0,380,486,-106,0.0,21
1356,1,1,444,454,-10,0.0,21
1364,0,0,466,417,49,1.0,20
1364,1,1,457,497,-40,0.0,21
1372,0,0,463,497,-34,0.0,21
1372,1,1,452,416,36,1.0,19
1380,0,0,406,471,-65,0.0,22
1380,1,1,505,397,108,1.0,25
1388,0,0,402,404,-2,0.0,22
1388,1,1,396,443,-47,0.0,24
1396,0,0,537,330,207,1.0,21
1396,1,1,406,584,-178,0.0,22
1404,0,0,462,389,73,1.0,27
1404,1,1,486,434,52,1.0,25
1412,0,0,379,448,-69,0.0,23
1412,1,1,475,337,138,1.0,23
1420,0,0,423,532,-109,0.0,22
1420,1,1,516,428,88,1.0,24
1428,0,0,511,379,132,1.0,21
1428,1,1,347,486,-139,0.0,23
1436,0,0,483,412,71,1.0,22
1436,1,1,461,446,15,1.0,21
1444,0,0,382,404,-22,0.0,24
1444,1,1,404,492,-88,0.0,21
1452,0,0,639,354,285,1.0,21
1452,1,1,419,604,-185,0.0,22
1460,0,0,482,398,84,1.0,21
1460,1,1,358,570,-212,0.0,21
1468,0,0,395,419,-24,0.0,24
1468,1,1,407,401,6,1.0,24
1476,0,0,497,458,39,1.0,22
1476,1,1,547,445,102,1.0,20
1484,0,0,563,406,157,1.0,21
1484,1,1,347,465,-118,0.0,21
1492,0,0,454,500,-46,0.0,21
1492,1,1,467,527,-60,0.0,19
1500,0,0,472,409,63,1.0,24
1500,1,1,428,461,-33,0.0,23
1508,0,0,454,481,-27,0.0,21
1508,1,1,502,430,72,1.0,22
1516,0,0,457,323,134,1.0,20
1516,1,1,446,410,36,1.0,20
1524,0,0,401,447,-46,0.0,24
1524,1,1,408,523,-115,0.0,20
1532,0,0,432,381,51,1.0,24
1532,1,1,438,443,-5,0.0,25
1540,0,0,484,463,21,1.0,23
1540,1,1,379,416,-37,0.0,25
1548,0,0,446,451,-5,0.0,23
1548,1,1,413,424,-11,0.0,24
1556,0,0,413,522,-109,0.0,22
1556,1,1,534,441,93,1.0,20
1564,0,0,514,501,13,1.0,22
1564,1,1,454,467,-13,0.0,22
1572,0,0,553,410,143,1.0,23
1572,1,1,398,472,-74,0.0,22
1580,0,0,440,413,27,1.0,24
1580,1,1,551,436,115,1.0,20
1588,0,0,448,366,82,1.0,25
1588,1,1,438,548,-110,0.0,22
1596,0,0,479,387,92,1.0,19
1596,1,1,446,427,19,1.0,23
1604,0,0,396,399,-3,0.0,23
1604,1,1,397,511,-114,0.0,23
1612,0,0,448,497,-49,0.0,22
1612,1,1,404,420,-16,0.0,22
1620,0,0,461,483,-22,0.0,24
1620,1,1,399,420,-21,0.0,26
1628,0,0,458,306,152,1.0,23
1628,1,1,356,521,-165,0.0,24
1636,0,0,487,378,109,1.0,21
1636,1,1,378,518,-140,0.0,21
1644,0,0,523,465,58,1.0,21
1644,1,1,453,582,-129,0.0,20
1652,0,0,541,357,184,1.0,21
1652,1,1,418,613,-195,0.0,23
1660,0,0,447,441,6,1.0,21
1660,1,1,534,413,121,1.0,21
1668,0,0,518,437,81,1.0,23
1668,1,1,454,511,-57,0.0,23
1676,0,0,517,426,91,1.0,21
1676,1,1,468,497,-29,0.0,21
1684,0,0,455,453,2,1.0,25
1684,1,1,458,478,-20,0.0,22
1692,0,0,487,422,65,1.0,22
1692,1,1,441,436,5,1.0,22
1700,0,0,545,432,113,1.0,20
1700,1,1,445,552,-107,0.0,19
1708,0,0,432,405,27,1.0,22
1708,1,1,414,470,-56,0.0,23
1716,0,0,480,423,57,1.0,22
1716,1,1,431,499,-68,0.0,23
1724,0,0,442,444,-2,0.0,24
1724,1,1,374,508,-134,0.0,23
1732,0,0,367,454,-87,0.0,22
1732,1,1,425,379,46,1.0,26
1740,0,0,474,490,-16,0.0,25
1740,1,1,508,458,50,1.0,20
1748,0,0,372,529,-157,0.0,22
1748,1,1,447,356,91,1.0,22
1756,0,0,512,414,98,1.0,21
1756,1,1,382,499,-117,0.0,20
1764,0,0,520,437,83,1.0,23
1764,1,1,393,538,-145,0.0,20
1772,0,0,523,472,51,1.0,20
1772,1,1,454,516,-62,0.0,21
1780,0,0,552,388,164,1.0,29
1780,1,1,479,502,-23,0.0,21
1788,0,0,477,488,-11,0.0,20
1788,1,1,485,424,61,1.0,22
1796,0,0,493,386,107,1.0,29
1796,1,1,355,467,-112,0.0,26
1804,0,0,541,519,22,1.0,20
1804,1,1,412,481,-69,0.0,20
1812,0,0,404,426,-22,0.0,21
1812,1,1,435,464,-29,0.0,22
1820,0,0,501,425,76,1.0,21
1820,1,1,475,501,-26,0.0,20
1828,0,0,505,393,112,1.0,22
1828,1,1,452,495,-43,0.0,22
1836,0,0,505,515,-10,0.0,23
1836,1,1,528,491,37,1.0,23
1844,0,0,482,361,121,1.0,25
1844,1,1,356,574,-218,0.0,25
1852,0,0,455,394,61,1.0,23
1852,1,1,431,412,19,1.0,20
1860,0,0,474,504,-30,0.0,22
1860,1,1,527,542,-15,0.0,23
1868,0,0,543,405,138,1.0,22
1868,1,1,421,498,-77,0.0,21
1876,0,0,542,433,109,1.0,23
1876,1,1,410,391,19,1.0,24
1884,0,0,456,452,4,1.0,21
1884,1,1,509,523,-14,0.0,21
1892,0,0,516,387,129,1.0,21
1892,1,1,411,459,-48,0.0,21
1900,0,0,529,399,130,1.0,23
1900,1,1,472,566,-94,0.0,21
1908,0,0,493,417,76,1.0,23
1908,1,1,492,504,-12,0.0,22
1916,0,0,483,455,28,1.0,23
1916,1,1,467,430,37,1.0,25
1924,0,0,576,353,223,1.0,21
1924,1,1,442,448,-6,0.0,24
1932,0,0,498,562,-64,0.0,23
1932,1,1,504,419,85,1.0,22
1940,0,0,644,478,166,1.0,23
1940,1,1,453,551,-98,0.0,21
1948,0,0,431,446,-15,0.0,25
1948,1,1,455,409,46,1.0,23
1956,0,0,460,492,-32,0.0,21
1956,1,1,425,407,18,1.0,23
1964,0,0,420,413,7,1.0,25
1964,1,1,457,402,55,1.0,24
1972,0,0,406,417,-11,0.0,23
1972,1,1,445,494,-49,0.0,23
1980,0,0,553,429,124,1.0,21
1980,1,1,445,547,-102,0.0,19
1988,0,0,428,543,-115,0.0,22
1988,1,1,534,436,98,1.0,23
1996,0,0,388,377,11,1.0,23
1996,1,1,415,335,80,1.0,25
pair,game,a_seat,a_score,b_score,a_spread,a_win,turns
5,0,0,495,507,-12,0.0,22
5,1,1,422,506,-84,0.0,22
13,0,0,437,416,21,1.0,27
13,1,1,403,453,-50,0.0,24
21,0,0,480,474,6,1.0,22
21,1,1,412,509,-97,0.0,20
29,0,0,449,529,-80,0.0,21
29,1,1,510,454,56,1.0,21
37,0,0,414,447,-33,0.0,21
37,1,1,453,454,-1,0.0,21
45,0,0,483,484,-1,0.0,22
45,1,1,409,421,-12,0.0,23
53,0,0,502,440,62,1.0,22
53,1,1,417,536,-119,0.0,21
61,0,0,430,451,-21,0.0,22
61,1,1,447,366,81,1.0,26
69,0,0,402,471,-69,0.0,29
69,1,1,495,381,114,1.0,23
77,0,0,456,453,3,1.0,22
77,1,1,454,448,6,1.0,22
85,0,0,424,460,-36,0.0,24
85,1,1,433,456,-23,0.0,24
93,0,0,527,416,111,1.0,23
93,1,1,485,439,46,1.0,21
101,0,0,322,488,-166,0.0,23
101,1,1,532,364,168,1.0,23
109,0,0,493,475,18,1.0,23
109,1,1,402,425,-23,0.0,24
117,0,0,412,504,-92,0.0,24
117,1,1,443,419,24,1.0,22
125,0,0,486,404,82,1.0,22
125,1,1,426,463,-37,0.0,25
133,0,0,406,407,-1,0.0,25
133,1,1,443,412,31,1.0,27
141,0,0,335,614,-279,0.0,21
141,1,1,449,456,-7,0.0,21
149,0,0,493,316,177,1.0,22
149,1,1,456,478,-22,0.0,22
157,0,0,340,492,-152,0.0,22
157,1,1,481,409,72,1.0,26
165,0,0,450,439,11,1.0,23
165,1,1,363,492,-129,0.0,27
173,0,0,464,457,7,1.0,21
173,1,1,519,405,114,1.0,23
181,0,0,481,458,23,1.0,23
181,1,1,474,475,-1,0.0,22
189,0,0,436,562,-126,0.0,22
189,1,1,449,524,-75,0.0,21
197,0,0,483,535,-52,0.0,20
197,1,1,557,379,178,1.0,20
205,0,0,451,459,-8,0.0,21
205,1,1,404,381,23,1.0,25
213,0,0,473,464,9,1.0,24
213,1,1,395,448,-53,0.0,29
221,0,0,415,493,-78,0.0,23
221,1,1,411,478,-67,0.0,22
229,0,0,449,484,-35,0.0,24
229,1,1,549,435,114,1.0,24
237,0,0,486,432,54,1.0,26
237,1,1,457,432,25,1.0,24
245,0,0,553,391,162,1.0,24
245,1,1,446,462,-16,0.0,24
253,0,0,379,568,-189,0.0,20
253,1,1,730,321,409,1.0,21
261,0,0,456,510,-54,0.0,21
261,1,1,500,448,52,1.0,20
269,0,0,400,528,-128,0.0,21
269,1,1,454,532,-78,0.0,20
277,0,0,395,525,-130,0.0,26
277,1,1,496,424,72,1.0,25
285,0,0,452,401,51,1.0,24
285,1,1,463,354,109,1.0,25
293,0,0,361,621,-260,0.0,20
293,1,1,630,365,265,1.0,21
301,0,0,466,455,11,1.0,23
301,1,1,368,471,-103,0.0,23
309,0,0,447,526,-79,0.0,23
309,1,1,428,431,-3,0.0,25
317,0,0,478,510,-32,0.0,19
317,1,1,434,421,13,1.0,21
325,0,0,485,371,114,1.0,22
325,1,1,409,476,-67,0.0,24
333,0,0,536,309,227,1.0,23
333,1,1,444,495,-51,0.0,22
341,0,0,522,454,68,1.0,22
341,1,1,517,484,33,1.0,22
349,0,0,406,536,-130,0.0,24
349,1,1,480,397,83,1.0,25
357,0,0,503,383,120,1.0,21
357,1,1,407,451,-44,0.0,19
365,0,0,562,366,196,1.0,24
365,1,1,440,421,19,1.0,26
373,0,0,449,495,-46,0.0,23
373,1,1,471,550,-79,0.0,20
381,0,0,425,427,-2,0.0,26
381,1,1,430,490,-60,0.0,20
389,0,0,428,499,-71,0.0,25
389,1,1,533,316,217,1.0,23
397,0,0,531,441,90,1.0,20
397,1,1,443,513,-70,0.0,22
405,0,0,467,550,-83,0.0,23
405,1,1,328,469,-141,0.0,24
413,0,0,558,400,158,1.0,25
413,1,1,374,519,-145,0.0,23
421,0,0,535,342,193,1.0,26
421,1,1,457,453,4,1.0,25
429,0,0,391,444,-53,0.0,20
429,1,1,458,392,66,1.0,22
437,0,0,339,519,-180,0.0,24
437,1,1,471,455,16,1.0,25
445,0,0,370,374,-4,0.0,25
445,1,1,493,485,8,1.0,21
453,0,0,442,506,-64,0.0,23
453,1,1,403,424,-21,0.0,22
461,0,0,562,458,104,1.0,21
461,1,1,468,441,27,1.0,21
469,0,0,531,427,104,1.0,23
469,1,1,388,452,-64,0.0,23
477,0,0,397,433,-36,0.0,24
477,1,1,436,429,7,1.0,23
485,0,0,594,435,159,1.0,23
485,1,1,408,552,-144,0.0,24
493,0,0,481,519,-38,0.0,23
493,1,1,516,475,41,1.0,22
501,0,0,440,435,5,1.0,29
501,1,1,551,381,170,1.0,21
509,0,0,536,379,157,1.0,20
509,1,1,421,463,-42,0.0,22
517,0,0,425,446,-21,0.0,21
517,1,1,302,465,-163,0.0,25
525,0,0,376,427,-51,0.0,23
525,1,1,396,585,-189,0.0,20
533,0,0,557,380,177,1.0,20
533,1,1,433,535,-102,0.0,19
541,0,0,442,356,86,1.0,21
541,1,1,332,452,-120,0.0,20
549,0,0,438,483,-45,0.0,22
549,1,1,382,525,-143,0.0,20
557,0,0,435,506,-71,0.0,25
557,1,1,547,362,185,1.0,27
565,0,0,447,454,-7,0.0,24
565,1,1,484,490,-6,0.0,23
573,0,0,460,486,-26,0.0,21
573,1,1,456,455,1,1.0,23
581,0,0,485,487,-2,0.0,26
581,1,1,437,413,24,1.0,24
589,0,0,607,468,139,1.0,24
589,1,1,512,490,22,1.0,21
597,0,0,461,504,-43,0.0,22
597,1,1,443,399,44,1.0,28
605,0,0,435,386,49,1.0,22
605,1,1,463,456,7,1.0,20
613,0,0,476,401,75,1.0,22
613,1,1,395,411,-16,0.0,24
621,0,0,545,395,150,1.0,23
621,1,1,467,493,-26,0.0,24
629,0,0,482,453,29,1.0,21
629,1,1,466,516,-50,0.0,24
637,0,0,488,494,-6,0.0,20
637,1,1,509,449,60,1.0,23
645,0,0,420,507,-87,0.0,23
645,1,1,497,461,36,1.0,22
653,0,0,425,441,-16,0.0,23
653,1,1,392,429,-37,0.0,23
661,0,0,587,451,136,1.0,21
661,1,1,471,585,-114,0.0,20
669,0,0,436,471,-35,0.0,21
669,1,1,398,391,7,1.0,23
677,0,0,529,410,119,1.0,26
677,1,1,410,606,-196,0.0,21
685,0,0,410,456,-46,0.0,23
685,1,1,499,361,138,1.0,26
693,0,0,496,444,52,1.0,23
693,1,1,457,495,-38,0.0,21
701,0,0,420,477,-57,0.0,25
701,1,1,498,388,110,1.0,23
709,0,0,472,397,75,1.0,23
709,1,1,434,399,35,1.0,23
717,0,0,486,488,-2,0.0,22
717,1,1,501,414,87,1.0,23
725,0,0,500,404,96,1.0,21
725,1,1,383,436,-53,0.0,24
733,0,0,468,524,-56,0.0,23
733,1,1,475,433,42,1.0,21
741,0,0,384,396,-12,0.0,23
741,1,1,443,456,-13,0.0,22
749,0,0,355,523,-168,0.0,25
749,1,1,572,424,148,1.0,22
757,0,0,481,423,58,1.0,22
757,1,1,514,449,65,1.0,21
765,0,0,433,460,-27,0.0,26
765,1,1,489,398,91,1.0,21
773,0,0,599,439,160,1.0,18
773,1,1,487,602,-115,0.0,20
781,0,0,433,394,39,1.0,24
781,1,1,477,373,104,1.0,24
789,0,0,415,487,-72,0.0,23
789,1,1,502,471,31,1.0,23
797,0,0,521,427,94,1.0,26
797,1,1,387,526,-139,0.0,25
805,0,0,475,355,120,1.0,25
805,1,1,425,418,7,1.0,23
813,0,0,591,437,154,1.0,20
813,1,1,332,613,-281,0.0,20
821,0,0,471,463,8,1.0,22
821,1,1,585,510,75,1.0,22
829,0,0,534,440,94,1.0,19
829,1,1,473,513,-40,0.0,22
837,0,0,333,558,-225,0.0,23
837,1,1,604,402,202,1.0,22
845,0,0,495,398,97,1.0,23
845,1,1,392,428,-36,0.0,22
853,0,0,404,406,-2,0.0,26
853,1,1,479,370,109,1.0,22
861,0,0,541,398,143,1.0,24
861,1,1,332,441,-109,0.0,22
869,0,0,342,535,-193,0.0,23
869,1,1,496,322,174,1.0,24
877,0,0,416,455,-39,0.0,22
877,1,1,469,425,44,1.0,26
885,0,0,435,452,-17,0.0,25
885,1,1,421,448,-27,0.0,23
893,0,0,458,407,51,1.0,21
893,1,1,428,596,-168,0.0,20
901,0,0,442,452,-10,0.0,23
901,1,1,409,460,-51,0.0,23
909,0,0,475,414,61,1.0,20
909,1,1,430,489,-59,0.0,22
917,0,0,454,391,63,1.0,22
917,1,1,391,562,-171,0.0,20
925,0,0,418,538,-120,0.0,23
925,1,1,513,430,83,1.0,23
933,0,0,361,478,-117,0.0,25
933,1,1,585,394,191,1.0,23
941,0,0,501,384,117,1.0,24
941,1,1,405,477,-72,0.0,23
949,0,0,426,457,-31,0.0,22
949,1,1,412,429,-17,0.0,23
957,0,0,400,450,-50,0.0,23
957,1,1,572,353,219,1.0,22
965,0,0,459,411,48,1.0,27
965,1,1,457,493,-36,0.0,20
973,0,0,342,447,-105,0.0,24
973,1,1,484,334,150,1.0,21
981,0,0,435,499,-64,0.0,23
981,1,1,457,437,20,1.0,21
989,0,0,451,376,75,1.0,21
989,1,1,388,469,-81,0.0,23
997,0,0,458,479,-21,0.0,22
997,1,1,505,377,128,1.0,23
1005,0,0,462,485,-23,0.0,22
1005,1,1,581,406,175,1.0,23
1013,0,0,604,450,154,1.0,23
1013,1,1,436,581,-145,0.0,20
1021,0,0,352,478,-126,0.0,21
1021,1,1,487,400,87,1.0,24
1029,0,0,547,391,156,1.0,23
1029,1,1,456,437,19,1.0,23
1037,0,0,410,507,-97,0.0,25
1037,1,1,502,448,54,1.0,25
1045,0,0,448,431,17,1.0,23
1045,1,1,466,489,-23,0.0,21
1053,0,0,395,467,-72,0.0,21
1053,1,1,530,533,-3,0.0,19
1061,0,0,492,424,68,1.0,26
1061,1,1,424,494,-70,0.0,25
1069,0,0,439,560,-121,0.0,24
1069,1,1,554,412,142,1.0,23
1077,0,0,396,482,-86,0.0,22
1077,1,1,527,368,159,1.0,23
1085,0,0,396,433,-37,0.0,25
1085,1,1,493,380,113,1.0,24
1093,0,0,441,489,-48,0.0,23
1093,1,1,400,398,2,1.0,21
1101,0,0,458,494,-36,0.0,19
1101,1,1,415,504,-89,0.0,21
1109,0,0,455,474,-19,0.0,21
1109,1,1,472,428,44,1.0,21
1117,0,0,355,395,-40,0.0,25
1117,1,1,393,359,34,1.0,26
1125,0,0,493,468,25,1.0,21
1125,1,1,531,406,125,1.0,23
1133,0,0,521,365,156,1.0,22
1133,1,1,459,534,-75,0.0,20
1141,0,0,509,442,67,1.0,23
1141,1,1,440,506,-66,0.0,25
1149,0,0,513,433,80,1.0,25
1149,1,1,429,516,-87,0.0,26
1157,0,0,490,400,90,1.0,24
1157,1,1,437,483,-46,0.0,22
1165,0,0,378,606,-228,0.0,23
1165,1,1,588,426,162,1.0,23
1173,0,0,446,440,6,1.0,25
1173,1,1,397,420,-23,0.0,25
1181,0,0,377,428,-51,0.0,24
1181,1,1,433,427,6,1.0,23
1189,0,0,346,418,-72,0.0,25
1189,1,1,462,394,68,1.0,23
1197,0,0,570,358,212,1.0,22
1197,1,1,485,424,61,1.0,27
1205,0,0,449,459,-10,0.0,22
1205,1,1,439,457,-18,0.0,24
1213,0,0,505,441,64,1.0,20
1213,1,1,426,481,-55,0.0,22
1221,0,0,345,526,-181,0.0,23
1221,1,1,585,365,220,1.0,21
1229,0,0,499,590,-91,0.0,24
1229,1,1,503,463,40,1.0,26
1237,0,0,441,600,-159,0.0,23
1237,1,1,634,416,218,1.0,19
1245,0,0,543,572,-29,0.0,20
1245,1,1,579,551,28,1.0,22
1253,0,0,303,553,-250,0.0,23
1253,1,1,543,310,233,1.0,23
1261,0,0,444,506,-62,0.0,22
1261,1,1,494,480,14,1.0,22
1269,0,0,469,490,-21,0.0,20
1269,1,1,453,434,19,1.0,22
1277,0,0,403,395,8,1.0,27
1277,1,1,372,420,-48,0.0,21
1285,0,0,440,451,-11,0.0,21
1285,1,1,471,321,150,1.0,23
1293,0,0,462,453,9,1.0,20
1293,1,1,490,460,30,1.0,19
1301,0,0,507,466,41,1.0,22
1301,1,1,484,504,-20,0.0,22
1309,0,0,406,468,-62,0.0,25
1309,1,1,490,446,44,1.0,22
1317,0,0,334,563,-229,0.0,23
1317,1,1,593,409,184,1.0,23
1325,0,0,543,377,166,1.0,22
1325,1,1,403,529,-126,0.0,22
1333,0,0,494,456,38,1.0,23
1333,1,1,373,393,-20,0.0,23
1341,0,0,579,412,167,1.0,21
1341,1,1,437,610,-173,0.0,20
1349,0,0,396,520,-124,0.0,27
1349,1,1,446,441,5,1.0,24
1357,0,0,469,386,83,1.0,23
1357,1,1,433,469,-36,0.0,24
1365,0,0,494,382,112,1.0,22
1365,1,1,383,514,-131,0.0,25
1373,0,0,417,417,0,0.5,24
1373,1,1,428,451,-23,0.0,25
1381,0,0,431,428,3,1.0,22
1381,1,1,433,358,75,1.0,27
1389,0,0,422,522,-100,0.0,21
1389,1,1,578,393,185,1.0,19
1397,0,0,349,482,-133,0.0,24
1397,1,1,449,394,55,1.0,23
1405,0,0,437,577,-140,0.0,20
1405,1,1,563,448,115,1.0,22
1413,0,0,415,412,3,1.0,24
1413,1,1,427,454,-27,0.0,23
1421,0,0,387,517,-130,0.0,23
1421,1,1,569,455,114,1.0,21
1429,0,0,517,479,38,1.0,20
1429,1,1,476,389,87,1.0,19
1437,0,0,502,418,84,1.0,22
1437,1,1,369,532,-163,0.0,22
1445,0,0,313,433,-120,0.0,26
1445,1,1,530,343,187,1.0,25
1453,0,0,340,416,-76,0.0,24
1453,1,1,477,473,4,1.0,21
1461,0,0,499,429,70,1.0,23
1461,1,1,419,528,-109,0.0,23
1469,0,0,426,447,-21,0.0,20
1469,1,1,476,396,80,1.0,20
1477,0,0,504,487,17,1.0,21
1477,1,1,516,517,-1,0.0,22
1485,0,0,522,382,140,1.0,23
1485,1,1,424,547,-123,0.0,22
1493,0,0,488,452,36,1.0,25
1493,1,1,412,530,-118,0.0,20
1501,0,0,390,539,-149,0.0,21
1501,1,1,612,367,245,1.0,23
1509,0,0,531,434,97,1.0,21
1509,1,1,436,535,-99,0.0,21
1517,0,0,481,347,134,1.0,24
1517,1,1,362,598,-236,0.0,24
1525,0,0,454,488,-34,0.0,21
1525,1,1,462,518,-56,0.0,20
1533,0,0,467,466,1,1.0,23
1533,1,1,500,417,83,1.0,19
1541,0,0,413,413,0,0.5,24
1541,1,1,410,441,-31,0.0,26
1549,0,0,438,457,-19,0.0,22
1549,1,1,395,557,-162,0.0,20
1557,0,0,451,492,-41,0.0,24
1557,1,1,514,368,146,1.0,26
1565,0,0,422,535,-113,0.0,23
1565,1,1,496,360,136,1.0,23
1573,0,0,479,396,83,1.0,22
1573,1,1,398,514,-116,0.0,22
1581,0,0,417,398,19,1.0,23
1581,1,1,452,373,79,1.0,21
1589,0,0,444,489,-45,0.0,19
1589,1,1,509,443,66,1.0,21
1597,0,0,453,472,-19,0.0,26
1597,1,1,433,506,-73,0.0,26
1605,0,0,463,447,16,1.0,20
1605,1,1,481,464,17,1.0,23
1613,0,0,353,486,-133,0.0,25
1613,1,1,502,368,134,1.0,23
1621,0,0,405,446,-41,0.0,21
1621,1,1,534,383,151,1.0,21
1629,0,0,459,518,-59,0.0,22
1629,1,1,486,401,85,1.0,23
1637,0,0,484,431,53,1.0,24
1637,1,1,477,521,-44,0.0,23
1645,0,0,396,484,-88,0.0,22
1645,1,1,377,476,-99,0.0,24
1653,0,0,487,386,101,1.0,24
1653,1,1,486,562,-76,0.0,23
1661,0,0,455,420,35,1.0,22
1661,1,1,453,443,10,1.0,25
1669,0,0,467,462,5,1.0,22
1669,1,1,459,497,-38,0.0,21
1677,0,0,400,478,-78,0.0,19
1677,1,1,378,478,-100,0.0,21
1685,0,0,449,489,-40,0.0,24
1685,1,1,486,398,88,1.0,23
1693,0,0,406,501,-95,0.0,22
1693,1,1,509,379,130,1.0,22
1701,0,0,537,531,6,1.0,24
1701,1,1,447,483,-36,0.0,20
1709,0,0,410,539,-129,0.0,24
1709,1,1,435,503,-68,0.0,26
1717,0,0,465,483,-18,0.0,22
1717,1,1,503,480,23,1.0,20
1725,0,0,517,409,108,1.0,20
1725,1,1,432,385,47,1.0,22
1733,0,0,390,409,-19,0.0,20
1733,1,1,426,511,-85,0.0,22
1741,0,0,496,443,53,1.0,21
1741,1,1,425,525,-100,0.0,20
1749,0,0,491,454,37,1.0,20
1749,1,1,472,493,-21,0.0,21
1757,0,0,496,417,79,1.0,22
1757,1,1,373,466,-93,0.0,23
1765,0,0,537,439,98,1.0,24
1765,1,1,503,455,48,1.0,25
1773,0,0,439,543,-104,0.0,24
1773,1,1,511,483,28,1.0,22
1781,0,0,400,418,-18,0.0,22
1781,1,1,427,370,57,1.0,22
1789,0,0,401,425,-24,0.0,25
1789,1,1,548,341,207,1.0,25
1797,0,0,471,448,23,1.0,23
1797,1,1,422,515,-93,0.0,23
1805,0,0,515,332,183,1.0,22
1805,1,1,446,582,-136,0.0,21
1813,0,0,444,389,55,1.0,20
1813,1,1,470,373,97,1.0,25
1821,0,0,502,456,46,1.0,20
1821,1,1,448,514,-66,0.0,24
1829,0,0,532,386,146,1.0,24
1829,1,1,469,482,-13,0.0,22
1837,0,0,455,464,-9,0.0,22
1837,1,1,395,401,-6,0.0,24
1845,0,0,458,472,-14,0.0,21
1845,1,1,472,458,14,1.0,21
1853,0,0,501,435,66,1.0,22
1853,1,1,452,504,-52,0.0,22
1861,0,0,556,394,162,1.0,20
1861,1,1,428,487,-59,0.0,20
1869,0,0,486,480,6,1.0,24
1869,1,1,465,454,11,1.0,22
1877,0,0,425,490,-65,0.0,24
1877,1,1,468,429,39,1.0,23
1885,0,0,434,525,-91,0.0,22
1885,1,1,576,314,262,1.0,23
1893,0,0,423,463,-40,0.0,21
1893,1,1,465,493,-28,0.0,22
1901,0,0,447,484,-37,0.0,23
1901,1,1,391,365,26,1.0,21
1909,0,0,567,417,150,1.0,21
1909,1,1,440,463,-23,0.0,21
1917,0,0,501,384,117,1.0,24
1917,1,1,412,511,-99,0.0,23
1925,0,0,435,436,-1,0.0,22
1925,1,1,432,393,39,1.0,23
1933,0,0,478,457,21,1.0,21
1933,1,1,430,423,7,1.0,23
1941,0,0,494,460,34,1.0,23
1941,1,1,530,440,90,1.0,20
1949,0,0,381,451,-70,0.0,26
1949,1,1,420,400,20,1.0,24
1957,0,0,483,429,54,1.0,22
1957,1,1,403,504,-101,0.0,20
1965,0,0,490,415,75,1.0,20
1965,1,1,424,468,-44,0.0,24
1973,0,0,405,543,-138,0.0,21
1973,1,1,542,382,160,1.0,23
1981,0,0,307,502,-195,0.0,23
1981,1,1,518,362,156,1.0,23
1989,0,0,458,534,-76,0.0,20
1989,1,1,581,398,183,1.0,19
1997,0,0,481,389,92,1.0,20
1997,1,1,472,434,38,1.0,24
pair,game,a_seat,a_score,b_score,a_spread,a_win,turns
6,0,0,420,475,-55,0.0,23
6,1,1,435,494,-59,0.0,22
14,0,0,381,537,-156,0.0,23
14,1,1,545,401,144,1.0,25
22,0,0,393,419,-26,0.0,22
22,1,1,443,394,49,1.0,26
30,0,0,474,414,60,1.0,20
30,1,1,434,466,-32,0.0,21
38,0,0,399,466,-67,0.0,23
38,1,1,410,404,6,1.0,24
46,0,0,445,400,45,1.0,23
46,1,1,473,474,-1,0.0,21
54,0,0,390,501,-111,0.0,23
54,1,1,408,439,-31,0.0,28
62,0,0,515,396,119,1.0,27
62,1,1,586,491,95,1.0,21
70,0,0,461,433,28,1.0,23
70,1,1,542,454,88,1.0,22
78,0,0,429,535,-106,0.0,26
78,1,1,504,487,17,1.0,19
86,0,0,567,431,136,1.0,21
86,1,1,456,462,-6,0.0,21
94,0,0,360,543,-183,0.0,21
94,1,1,517,476,41,1.0,22
102,0,0,360,436,-76,0.0,24
102,1,1,411,503,-92,0.0,23
110,0,0,371,493,-122,0.0,22
110,1,1,453,374,79,1.0,26
118,0,0,502,343,159,1.0,26
118,1,1,461,458,3,1.0,23
126,0,0,459,432,27,1.0,21
126,1,1,505,461,44,1.0,23
134,0,0,491,421,70,1.0,24
134,1,1,470,509,-39,0.0,22
142,0,0,449,467,-18,0.0,18
142,1,1,468,505,-37,0.0,22
150,0,0,490,332,158,1.0,25
150,1,1,323,486,-163,0.0,23
158,0,0,455,553,-98,0.0,20
158,1,1,490,386,104,1.0,22
166,0,0,454,489,-35,0.0,22
166,1,1,452,472,-20,0.0,24
174,0,0,521,407,114,1.0,22
174,1,1,455,484,-29,0.0,22
182,0,0,568,338,230,1.0,23
182,1,1,417,554,-137,0.0,24
190,0,0,487,463,24,1.0,21
190,1,1,394,507,-113,0.0,24
198,0,0,366,486,-120,0.0,22
198,1,1,455,403,52,1.0,26
206,0,0,499,428,71,1.0,25
206,1,1,392,384,8,1.0,25
214,0,0,441,425,16,1.0,22
214,1,1,437,431,6,1.0,23
222,0,0,392,431,-39,0.0,25
222,1,1,439,399,40,1.0,23
230,0,0,539,434,105,1.0,22
230,1,1,418,463,-45,0.0,23
238,0,0,515,392,123,1.0,20
238,1,1,381,556,-175,0.0,22
246,0,0,564,424,140,1.0,22
246,1,1,472,471,1,1.0,23
254,0,0,529,511,18,1.0,22
254,1,1,416,490,-74,0.0,21
262,0,0,454,457,-3,0.0,22
262,1,1,459,435,24,1.0,21
270,0,0,431,561,-130,0.0,21
270,1,1,549,474,75,1.0,22
278,0,0,473,488,-15,0.0,23
278,1,1,457,476,-19,0.0,20
286,0,0,394,469,-75,0.0,24
286,1,1,464,409,55,1.0,22
294,0,0,373,476,-103,0.0,23
294,1,1,438,506,-68,0.0,21
302,0,0,461,458,3,1.0,20
302,1,1,397,556,-159,0.0,23
310,0,0,361,430,-69,0.0,26
310,1,1,516,419,97,1.0,23
318,0,0,500,448,52,1.0,21
318,1,1,458,370,88,1.0,23
326,0,0,625,456,169,1.0,22
326,1,1,459,554,-95,0.0,21
334,0,0,523,458,65,1.0,20
334,1,1,353,606,-253,0.0,26
342,0,0,476,406,70,1.0,23
342,1,1,348,475,-127,0.0,24
350,0,0,496,436,60,1.0,20
350,1,1,434,498,-64,0.0,24
358,0,0,527,434,93,1.0,23
358,1,1,483,404,79,1.0,25
366,0,0,481,432,49,1.0,21
366,1,1,485,478,7,1.0,23
374,0,0,432,601,-169,0.0,22
374,1,1,405,501,-96,0.0,21
382,0,0,507,473,34,1.0,19
382,1,1,449,424,25,1.0,23
390,0,0,529,358,171,1.0,21
390,1,1,364,524,-160,0.0,21
398,0,0,414,489,-75,0.0,22
398,1,1,564,440,124,1.0,24
406,0,0,475,522,-47,0.0,21
406,1,1,484,417,67,1.0,21
414,0,0,446,484,-38,0.0,23
414,1,1,469,535,-66,0.0,21
422,0,0,389,421,-32,0.0,24
422,1,1,470,405,65,1.0,24
430,0,0,475,444,31,1.0,24
430,1,1,430,405,25,1.0,28
438,0,0,443,400,43,1.0,28
438,1,1,471,470,1,1.0,22
446,0,0,462,495,-33,0.0,23
446,1,1,505,428,77,1.0,22
454,0,0,480,518,-38,0.0,21
454,1,1,497,550,-53,0.0,24
462,0,0,409,563,-154,0.0,22
462,1,1,459,461,-2,0.0,23
470,0,0,508,476,32,1.0,21
470,1,1,464,516,-52,0.0,21
478,0,0,554,299,255,1.0,24
478,1,1,420,469,-49,0.0,22
486,0,0,414,478,-64,0.0,21
486,1,1,512,376,136,1.0,23
494,0,0,453,326,127,1.0,23
494,1,1,371,484,-113,0.0,25
502,0,0,499,418,81,1.0,20
502,1,1,386,542,-156,0.0,21
510,0,0,429,468,-39,0.0,23
510,1,1,468,423,45,1.0,22
518,0,0,441,383,58,1.0,22
518,1,1,409,457,-48,0.0,22
526,0,0,441,401,40,1.0,24
526,1,1,402,438,-36,0.0,22
534,0,0,421,404,17,1.0,26
534,1,1,459,446,13,1.0,20
542,0,0,456,539,-83,0.0,21
542,1,1,468,531,-63,0.0,23
550,0,0,460,447,13,1.0,24
550,1,1,431,425,6,1.0,24
558,0,0,367,424,-57,0.0,25
558,1,1,365,457,-92,0.0,23
566,0,0,587,401,186,1.0,19
566,1,1,364,603,-239,0.0,21
574,0,0,408,406,2,1.0,24
574,1,1,379,459,-80,0.0,28
582,0,0,463,381,82,1.0,21
582,1,1,380,517,-137,0.0,21
590,0,0,550,344,206,1.0,25
590,1,1,369,484,-115,0.0,21
598,0,0,471,409,62,1.0,23
598,1,1,430,457,-27,0.0,24
606,0,0,391,459,-68,0.0,21
606,1,1,515,380,135,1.0,20
614,0,0,350,534,-184,0.0,23
614,1,1,479,338,141,1.0,23
622,0,0,419,580,-161,0.0,21
622,1,1,551,287,264,1.0,22
630,0,0,496,447,49,1.0,22
630,1,1,423,471,-48,0.0,22
638,0,0,484,379,105,1.0,26
638,1,1,507,472,35,1.0,21
646,0,0,594,373,221,1.0,19
646,1,1,364,585,-221,0.0,19
654,0,0,488,504,-16,0.0,21
654,1,1,535,419,116,1.0,22
662,0,0,431,468,-37,0.0,22
662,1,1,432,600,-168,0.0,22
670,0,0,492,518,-26,0.0,21
670,1,1,528,414,114,1.0,21
678,0,0,459,448,11,1.0,25
678,1,1,477,475,2,1.0,24
686,0,0,491,465,26,1.0,22
686,1,1,435,443,-8,0.0,26
694,0,0,539,382,157,1.0,21
694,1,1,380,486,-106,0.0,23
702,0,0,397,561,-164,0.0,22
702,1,1,554,422,132,1.0,20
710,0,0,362,458,-96,0.0,22
710,1,1,445,448,-3,0.0,24
718,0,0,481,487,-6,0.0,23
718,1,1,450,479,-29,0.0,22
726,0,0,442,502,-60,0.0,20
726,1,1,489,470,19,1.0,23
734,0,0,372,525,-153,0.0,22
734,1,1,518,399,119,1.0,20
742,0,0,403,445,-42,0.0,25
742,1,1,407,385,22,1.0,26
750,0,0,397,518,-121,0.0,20
750,1,1,464,403,61,1.0,26
758,0,0,493,377,116,1.0,21
758,1,1,396,545,-149,0.0,23
766,0,0,518,414,104,1.0,22
766,1,1,493,464,29,1.0,23
774,0,0,425,440,-15,0.0,24
774,1,1,458,407,51,1.0,23
782,0,0,470,488,-18,0.0,22
782,1,1,426,552,-126,0.0,23
790,0,0,474,422,52,1.0,26
790,1,1,533,453,80,1.0,22
798,0,0,357,467,-110,0.0,24
798,1,1,470,327,143,1.0,23
806,0,0,372,558,-186,0.0,21
806,1,1,500,420,80,1.0,19
814,0,0,395,602,-207,0.0,18
814,1,1,423,467,-44,0.0,21
822,0,0,463,470,-7,0.0,20
822,1,1,438,536,-98,0.0,21
830,0,0,443,518,-75,0.0,22
830,1,1,522,399,123,1.0,20
838,0,0,401,551,-150,0.0,22
838,1,1,441,388,53,1.0,21
846,0,0,353,519,-166,0.0,24
846,1,1,457,359,98,1.0,24
854,0,0,444,453,-9,0.0,23
854,1,1,486,459,27,1.0,23
862,0,0,474,373,101,1.0,26
862,1,1,535,480,55,1.0,23
870,0,0,449,509,-60,0.0,22
870,1,1,472,501,-29,0.0,24
878,0,0,442,443,-1,0.0,27
878,1,1,479,448,31,1.0,25
886,0,0,495,399,96,1.0,22
886,1,1,399,508,-109,0.0,22
894,0,0,510,313,197,1.0,25
894,1,1,414,430,-16,0.0,21
902,0,0,498,371,127,1.0,23
902,1,1,418,463,-45,0.0,22
910,0,0,462,469,-7,0.0,23
910,1,1,484,404,80,1.0,23
918,0,0,526,445,81,1.0,22
918,1,1,409,395,14,1.0,26
926,0,0,443,648,-205,0.0,24
926,1,1,528,470,58,1.0,22
934,0,0,531,404,127,1.0,24
934,1,1,382,533,-151,0.0,27
942,0,0,528,392,136,1.0,21
942,1,1,404,465,-61,0.0,23
950,0,0,415,454,-39,0.0,21
950,1,1,484,478,6,1.0,24
958,0,0,434,464,-30,0.0,24
958,1,1,425,517,-92,0.0,25
966,0,0,476,425,51,1.0,24
966,1,1,403,443,-40,0.0,22
974,0,0,445,600,-155,0.0,20
974,1,1,445,463,-18,0.0,23
982,0,0,493,474,19,1.0,22
982,1,1,504,449,55,1.0,22
990,0,0,554,368,186,1.0,21
990,1,1,398,509,-111,0.0,21
998,0,0,551,548,3,1.0,23
998,1,1,481,430,51,1.0,24
1006,0,0,423,576,-153,0.0,25
1006,1,1,562,410,152,1.0,24
1014,0,0,435,389,46,1.0,26
1014,1,1,387,367,20,1.0,22
1022,0,0,432,438,-6,0.0,22
1022,1,1,368,423,-55,0.0,22
1030,0,0,447,418,29,1.0,22
1030,1,1,345,432,-87,0.0,24
1038,0,0,403,434,-31,0.0,23
1038,1,1,446,413,33,1.0,23
1046,0,0,458,499,-41,0.0,25
1046,1,1,461,448,13,1.0,21
1054,0,0,445,388,57,1.0,23
1054,1,1,373,444,-71,0.0,22
1062,0,0,465,432,33,1.0,26
1062,1,1,422,487,-65,0.0,23
1070,0,0,435,503,-68,0.0,21
1070,1,1,503,435,68,1.0,21
1078,0,0,421,369,52,1.0,24
1078,1,1,366,509,-143,0.0,21
1086,0,0,346,457,-111,0.0,24
1086,1,1,451,501,-50,0.0,24
1094,0,0,506,402,104,1.0,25
1094,1,1,447,544,-97,0.0,25
1102,0,0,504,358,146,1.0,25
1102,1,1,382,419,-37,0.0,24
1110,0,0,410,448,-38,0.0,22
1110,1,1,416,490,-74,0.0,24
1118,0,0,438,488,-50,0.0,21
1118,1,1,520,446,74,1.0,24
1126,0,0,497,454,43,1.0,20
1126,1,1,456,451,5,1.0,23
1134,0,0,484,416,68,1.0,22
1134,1,1,410,474,-64,0.0,23
1142,0,0,505,444,61,1.0,23
1142,1,1,458,455,3,1.0,23
1150,0,0,345,453,-108,0.0,25
1150,1,1,515,372,143,1.0,22
1158,0,0,411,547,-136,0.0,20
1158,1,1,435,481,-46,0.0,21
1166,0,0,441,369,72,1.0,23
1166,1,1,384,422,-38,0.0,23
1174,0,0,434,434,0,0.5,23
1174,1,1,441,393,48,1.0,25
1182,0,0,471,489,-18,0.0,20
1182,1,1,388,523,-135,0.0,23
1190,0,0,466,403,63,1.0,26
1190,1,1,483,424,59,1.0,23
1198,0,0,546,395,151,1.0,21
1198,1,1,392,509,-117,0.0,21
1206,0,0,533,476,57,1.0,21
1206,1,1,498,495,3,1.0,22
1214,0,0,565,414,151,1.0,21
1214,1,1,455,569,-114,0.0,22
1222,0,0,410,466,-56,0.0,23
1222,1,1,473,328,145,1.0,23
1230,0,0,385,518,-133,0.0,24
1230,1,1,542,434,108,1.0,24
1238,0,0,474,525,-51,0.0,24
1238,1,1,432,501,-69,0.0,23
1246,0,0,451,505,-54,0.0,22
1246,1,1,486,411,75,1.0,24
1254,0,0,607,408,199,1.0,23
1254,1,1,343,568,-225,0.0,23
1262,0,0,426,508,-82,0.0,23
1262,1,1,487,408,79,1.0,22
1270,0,0,565,406,159,1.0,20
1270,1,1,466,602,-136,0.0,22
1278,0,0,486,379,107,1.0,23
1278,1,1,453,438,15,1.0,23
1286,0,0,444,493,-49,0.0,22
1286,1,1,445,515,-70,0.0,25
1294,0,0,439,532,-93,0.0,23
1294,1,1,613,406,207,1.0,28
1302,0,0,389,451,-62,0.0,20
1302,1,1,468,542,-74,0.0,22
1310,0,0,342,495,-153,0.0,20
1310,1,1,508,373,135,1.0,22
1318,0,0,650,426,224,1.0,23
1318,1,1,395,626,-231,0.0,25
1326,0,0,456,458,-2,0.0,23
1326,1,1,425,577,-152,0.0,25
1334,0,0,477,393,84,1.0,28
1334,1,1,339,432,-93,0.0,25
1342,0,0,435,533,-98,0.0,25
1342,1,1,486,409,77,1.0,28
1350,0,0,388,476,-88,0.0,25
1350,1,1,488,326,162,1.0,28
1358,0,0,407,523,-116,0.0,20
1358,1,1,564,420,144,1.0,24
1366,0,0,505,487,18,1.0,24
1366,1,1,522,464,58,1.0,22
1374,0,0,450,336,114,1.0,22
1374,1,1,427,417,10,1.0,20
1382,0,0,443,397,46,1.0,23
1382,1,1,449,466,-17,0.0,22
1390,0,0,538,386,152,1.0,22
1390,1,1,390,542,-152,0.0,21
1398,0,0,448,385,63,1.0,28
1398,1,1,414,449,-35,0.0,26
1406,0,0,518,459,59,1.0,24
1406,1,1,370,494,-124,0.0,21
1414,0,0,532,422,110,1.0,22
1414,1,1,432,513,-81,0.0,22
1422,0,0,456,459,-3,0.0,21
1422,1,1,435,455,-20,0.0,22
1430,0,0,484,473,11,1.0,24
1430,1,1,450,572,-122,0.0,20
1438,0,0,489,415,74,1.0,22
1438,1,1,507,477,30,1.0,20
1446,0,0,416,430,-14,0.0,25
1446,1,1,381,445,-64,0.0,24
1454,0,0,510,446,64,1.0,21
1454,1,1,404,549,-145,0.0,19
1462,0,0,630,430,200,1.0,17
1462,1,1,454,588,-134,0.0,19
1470,0,0,399,425,-26,0.0,21
1470,1,1,503,460,43,1.0,21
1478,0,0,372,449,-77,0.0,24
1478,1,1,489,362,127,1.0,22
1486,0,0,391,449,-58,0.0,24
1486,1,1,395,377,18,1.0,24
1494,0,0,414,422,-8,0.0,20
1494,1,1,409,467,-58,0.0,25
1502,0,0,437,453,-16,0.0,22
1502,1,1,546,420,126,1.0,22
1510,0,0,396,491,-95,0.0,22
1510,1,1,463,402,61,1.0,22
1518,0,0,433,464,-31,0.0,24
1518,1,1,408,473,-65,0.0,23
1526,0,0,431,587,-156,0.0,20
1526,1,1,618,331,287,1.0,22
1534,0,0,456,451,5,1.0,22
1534,1,1,417,566,-149,0.0,22
1542,0,0,467,398,69,1.0,23
1542,1,1,469,482,-13,0.0,25
1550,0,0,466,473,-7,0.0,21
1550,1,1,420,468,-48,0.0,22
1558,0,0,492,405,87,1.0,25
1558,1,1,379,458,-79,0.0,27
1566,0,0,367,400,-33,0.0,24
1566,1,1,605,522,83,1.0,20
1574,0,0,427,526,-99,0.0,20
1574,1,1,480,438,42,1.0,21
1582,0,0,443,510,-67,0.0,23
1582,1,1,619,401,218,1.0,22
1590,0,0,444,404,40,1.0,23
1590,1,1,398,457,-59,0.0,21
1598,0,0,411,504,-93,0.0,21
1598,1,1,566,515,51,1.0,21
1606,0,0,450,456,-6,0.0,23
1606,1,1,506,465,41,1.0,21
1614,0,0,468,428,40,1.0,20
1614,1,1,469,461,8,1.0,22
1622,0,0,354,473,-119,0.0,23
1622,1,1,484,391,93,1.0,21
1630,0,0,524,464,60,1.0,22
1630,1,1,361,517,-156,0.0,21
1638,0,0,429,474,-45,0.0,21
1638,1,1,478,404,74,1.0,22
1646,0,0,560,384,176,1.0,27
1646,1,1,444,456,-12,0.0,25
1654,0,0,431,404,27,1.0,24
1654,1,1,414,467,-53,0.0,23
1662,0,0,455,457,-2,0.0,26
1662,1,1,383,388,-5,0.0,23
1670,0,0,425,460,-35,0.0,31
1670,1,1,445,417,28,1.0,24
1678,0,0,467,372,95,1.0,22
1678,1,1,402,432,-30,0.0,23
1686,0,0,400,638,-238,0.0,24
1686,1,1,426,483,-57,0.0,22
1694,0,0,483,554,-71,0.0,22
1694,1,1,560,489,71,1.0,22
1702,0,0,493,456,37,1.0,20
1702,1,1,478,484,-6,0.0,25
1710,0,0,493,392,101,1.0,24
1710,1,1,380,467,-87,0.0,25
1718,0,0,483,442,41,1.0,21
1718,1,1,442,469,-27,0.0,23
1726,0,0,514,483,31,1.0,21
1726,1,1,409,526,-117,0.0,21
1734,0,0,503,362,141,1.0,23
1734,1,1,432,515,-83,0.0,20
1742,0,0,459,416,43,1.0,22
1742,1,1,442,484,-42,0.0,24
1750,0,0,415,569,-154,0.0,22
1750,1,1,434,413,21,1.0,22
1758,0,0,370,344,26,1.0,22
1758,1,1,454,395,59,1.0,24
1766,0,0,422,545,-123,0.0,24
1766,1,1,472,436,36,1.0,21
1774,0,0,451,449,2,1.0,22
1774,1,1,456,400,56,1.0,22
1782,0,0,423,405,18,1.0,23
1782,1,1,425,460,-35,0.0,23
1790,0,0,514,483,31,1.0,20
1790,1,1,541,498,43,1.0,22
1798,0,0,381,510,-129,0.0,22
1798,1,1,457,399,58,1.0,25
1806,0,0,501,494,7,1.0,21
1806,1,1,436,450,-14,0.0,21
1814,0,0,520,438,82,1.0,22
1814,1,1,456,471,-15,0.0,21
1822,0,0,433,465,-32,0.0,23
1822,1,1,448,467,-19,0.0,22
1830,0,0,407,464,-57,0.0,23
1830,1,1,468,393,75,1.0,23
1838,0,0,453,508,-55,0.0,24
1838,1,1,499,432,67,1.0,26
1846,0,0,534,433,101,1.0,28
1846,1,1,452,464,-12,0.0,24
1854,0,0,458,464,-6,0.0,22
1854,1,1,468,434,34,1.0,24
1862,0,0,460,515,-55,0.0,23
1862,1,1,502,457,45,1.0,23
1870,0,0,564,376,188,1.0,25
1870,1,1,363,528,-165,0.0,23
1878,0,0,524,474,50,1.0,21
1878,1,1,439,467,-28,0.0,20
1886,0,0,433,433,0,0.5,22
1886,1,1,493,368,125,1.0,20
1894,0,0,487,436,51,1.0,19
1894,1,1,441,475,-34,0.0,21
1902,0,0,500,458,42,1.0,20
1902,1,1,496,512,-16,0.0,21
1910,0,0,492,413,79,1.0,23
1910,1,1,425,479,-54,0.0,25
1918,0,0,409,547,-138,0.0,23
1918,1,1,440,484,-44,0.0,20
1926,0,0,533,383,150,1.0,19
1926,1,1,482,543,-61,0.0,20
1934,0,0,489,487,2,1.0,19
1934,1,1,535,385,150,1.0,19
1942,0,0,486,347,139,1.0,23
1942,1,1,478,486,-8,0.0,22
1950,0,0,558,279,279,1.0,21
1950,1,1,370,415,-45,0.0,21
1958,0,0,551,421,130,1.0,26
1958,1,1,411,481,-70,0.0,23
1966,0,0,527,498,29,1.0,22
1966,1,1,447,561,-114,0.0,22
1974,0,0,487,410,77,1.0,23
1974,1,1,456,409,47,1.0,21
1982,0,0,433,457,-24,0.0,24
1982,1,1,414,460,-46,0.0,22
1990,0,0,505,444,61,1.0,23
1990,1,1,436,457,-21,0.0,23
1998,0,0,398,537,-139,0.0,22
1998,1,1,497,474,23,1.0,21
pair,game,a_seat,a_score,b_score,a_spread,a_win,turns
7,0,0,337,470,-133,0.0,23
7,1,1,589,431,158,1.0,25
15,0,0,392,479,-87,0.0,23
15,1,1,442,469,-27,0.0,21
23,0,0,480,543,-63,0.0,21
23,1,1,516,571,-55,0.0,21
31,0,0,379,519,-140,0.0,23
31,1,1,488,347,141,1.0,25
39,0,0,363,540,-177,0.0,22
39,1,1,563,398,165,1.0,20
47,0,0,481,364,117,1.0,25
47,1,1,345,510,-165,0.0,23
55,0,0,494,403,91,1.0,23
55,1,1,411,432,-21,0.0,24
63,0,0,541,454,87,1.0,22
63,1,1,435,461,-26,0.0,24
71,0,0,574,438,136,1.0,22
71,1,1,423,450,-27,0.0,24
79,0,0,474,518,-44,0.0,22
79,1,1,541,428,113,1.0,23
87,0,0,458,483,-25,0.0,23
87,1,1,474,485,-11,0.0,24
95,0,0,418,532,-114,0.0,27
95,1,1,338,609,-271,0.0,22
103,0,0,367,446,-79,0.0,23
103,1,1,510,443,67,1.0,21
111,0,0,491,514,-23,0.0,22
111,1,1,463,449,14,1.0,20
119,0,0,349,519,-170,0.0,23
119,1,1,518,379,139,1.0,22
127,0,0,360,597,-237,0.0,26
127,1,1,456,411,45,1.0,20
135,0,0,496,467,29,1.0,24
135,1,1,449,483,-34,0.0,22
143,0,0,390,506,-116,0.0,21
143,1,1,540,395,145,1.0,21
151,0,0,418,423,-5,0.0,26
151,1,1,380,419,-39,0.0,23
159,0,0,500,397,103,1.0,20
159,1,1,470,446,24,1.0,25
167,0,0,439,437,2,1.0,21
167,1,1,480,462,18,1.0,20
175,0,0,439,467,-28,0.0,22
175,1,1,464,353,111,1.0,21
183,0,0,392,455,-63,0.0,24
183,1,1,442,370,72,1.0,22
191,0,0,468,575,-107,0.0,23
191,1,1,590,399,191,1.0,25
199,0,0,424,523,-99,0.0,22
199,1,1,396,409,-13,0.0,23
207,0,0,491,448,43,1.0,22
207,1,1,479,510,-31,0.0,21
215,0,0,509,383,126,1.0,25
215,1,1,430,521,-91,0.0,23
223,0,0,428,478,-50,0.0,21
223,1,1,546,437,109,1.0,25
231,0,0,460,460,0,0.5,24
231,1,1,470,337,133,1.0,24
239,0,0,436,474,-38,0.0,22
239,1,1,410,399,11,1.0,24
247,0,0,449,515,-66,0.0,26
247,1,1,530,444,86,1.0,27
255,0,0,444,462,-18,0.0,24
255,1,1,449,488,-39,0.0,24
263,0,0,399,451,-52,0.0,25
263,1,1,386,451,-65,0.0,26
271,0,0,392,503,-111,0.0,22
271,1,1,487,402,85,1.0,23
279,0,0,459,466,-7,0.0,23
279,1,1,394,454,-60,0.0,23
287,0,0,584,417,167,1.0,22
287,1,1,511,420,91,1.0,20
295,0,0,420,485,-65,0.0,23
295,1,1,491,412,79,1.0,27
303,0,0,509,452,57,1.0,22
303,1,1,384,443,-59,0.0,25
311,0,0,344,501,-157,0.0,24
311,1,1,550,426,124,1.0,24
319,0,0,504,428,76,1.0,24
319,1,1,370,515,-145,0.0,23
327,0,0,536,451,85,1.0,20
327,1,1,452,532,-80,0.0,20
335,0,0,465,414,51,1.0,20
335,1,1,527,417,110,1.0,21
343,0,0,368,663,-295,0.0,22
343,1,1,414,427,-13,0.0,24
351,0,0,430,490,-60,0.0,25
351,1,1,407,450,-43,0.0,27
359,0,0,365,536,-171,0.0,22
359,1,1,523,354,169,1.0,22
367,0,0,480,591,-111,0.0,21
367,1,1,465,479,-14,0.0,22
375,0,0,392,422,-30,0.0,21
375,1,1,465,377,88,1.0,21
383,0,0,482,390,92,1.0,24
383,1,1,409,427,-18,0.0,24
391,0,0,451,436,15,1.0,24
391,1,1,492,513,-21,0.0,20
399,0,0,281,602,-321,0.0,20
399,1,1,622,363,259,1.0,19
407,0,0,442,526,-84,0.0,23
407,1,1,468,375,93,1.0,22
415,0,0,426,457,-31,0.0,21
415,1,1,450,423,27,1.0,22
423,0,0,481,501,-20,0.0,22
423,1,1,461,508,-47,0.0,22
431,0,0,467,521,-54,0.0,23
431,1,1,585,409,176,1.0,21
439,0,0,389,617,-228,0.0,23
439,1,1,445,404,41,1.0,24
447,0,0,390,415,-25,0.0,21
447,1,1,426,471,-45,0.0,22
455,0,0,477,437,40,1.0,21
455,1,1,377,453,-76,0.0,23
463,0,0,426,478,-52,0.0,20
463,1,1,467,425,42,1.0,23
471,0,0,471,459,12,1.0,24
471,1,1,472,377,95,1.0,21
479,0,0,430,369,61,1.0,24
479,1,1,462,368,94,1.0,24
487,0,0,389,402,-13,0.0,22
487,1,1,432,342,90,1.0,28
495,0,0,481,485,-4,0.0,20
495,1,1,417,462,-45,0.0,23
503,0,0,427,489,-62,0.0,20
503,1,1,495,401,94,1.0,20
511,0,0,433,427,6,1.0,24
511,1,1,543,406,137,1.0,20
519,0,0,487,355,132,1.0,25
519,1,1,397,439,-42,0.0,25
527,0,0,388,521,-133,0.0,21
527,1,1,464,564,-100,0.0,22
535,0,0,454,444,10,1.0,25
535,1,1,466,461,5,1.0,25
543,0,0,495,418,77,1.0,23
543,1,1,408,534,-126,0.0,19
551,0,0,562,408,154,1.0,22
551,1,1,366,469,-103,0.0,27
559,0,0,513,401,112,1.0,22
559,1,1,430,462,-32,0.0,20
567,0,0,385,675,-290,0.0,22
567,1,1,590,377,213,1.0,21
575,0,0,382,435,-53,0.0,21
575,1,1,388,455,-67,0.0,28
583,0,0,341,568,-227,0.0,20
583,1,1,497,337,160,1.0,22
591,0,0,527,395,132,1.0,23
591,1,1,451,552,-101,0.0,20
599,0,0,422,458,-36,0.0,25
599,1,1,444,476,-32,0.0,21
607,0,0,442,440,2,1.0,24
607,1,1,491,372,119,1.0,24
615,0,0,488,403,85,1.0,21
615,1,1,449,510,-61,0.0,21
623,0,0,511,416,95,1.0,30
623,1,1,394,559,-165,0.0,24
631,0,0,405,458,-53,0.0,25
631,1,1,447,520,-73,0.0,25
639,0,0,425,561,-136,0.0,22
639,1,1,515,486,29,1.0,20
647,0,0,521,454,67,1.0,20
647,1,1,455,428,27,1.0,21
655,0,0,525,444,81,1.0,22
655,1,1,470,449,21,1.0,21
663,0,0,397,487,-90,0.0,23
663,1,1,478,419,59,1.0,23
671,0,0,369,523,-154,0.0,21
671,1,1,528,345,183,1.0,21
679,0,0,372,491,-119,0.0,21
679,1,1,490,398,92,1.0,21
687,0,0,525,425,100,1.0,20
687,1,1,482,507,-25,0.0,22
695,0,0,489,480,9,1.0,25
695,1,1,500,530,-30,0.0,22
703,0,0,440,493,-53,0.0,23
703,1,1,513,478,35,1.0,21
711,0,0,476,506,-30,0.0,22
711,1,1,525,417,108,1.0,21
719,0,0,421,451,-30,0.0,23
719,1,1,435,433,2,1.0,22
727,0,0,431,409,22,1.0,20
727,1,1,507,398,109,1.0,22
735,0,0,460,350,110,1.0,25
735,1,1,446,479,-33,0.0,24
743,0,0,516,468,48,1.0,21
743,1,1,535,388,147,1.0,19
751,0,0,453,453,0,0.5,24
751,1,1,445,463,-18,0.0,22
759,0,0,507,381,126,1.0,26
759,1,1,428,410,18,1.0,23
767,0,0,427,426,1,1.0,23
767,1,1,457,417,40,1.0,20
775,0,0,346,466,-120,0.0,23
775,1,1,514,423,91,1.0,22
783,0,0,433,457,-24,0.0,22
783,1,1,503,405,98,1.0,22
791,0,0,381,505,-124,0.0,22
791,1,1,461,484,-23,0.0,23
799,0,0,441,441,0,0.5,22
799,1,1,482,423,59,1.0,21
807,0,0,419,514,-95,0.0,25
807,1,1,457,469,-12,0.0,23
815,0,0,434,529,-95,0.0,23
815,1,1,500,427,73,1.0,25
823,0,0,440,407,33,1.0,32
823,1,1,410,436,-26,0.0,25
831,0,0,487,500,-13,0.0,26
831,1,1,491,445,46,1.0,21
839,0,0,474,530,-56,0.0,19
839,1,1,523,466,57,1.0,19
847,0,0,509,368,141,1.0,28
847,1,1,440,428,12,1.0,24
855,0,0,456,445,11,1.0,21
855,1,1,445,456,-11,0.0,21
863,0,0,490,330,160,1.0,23
863,1,1,320,440,-120,0.0,23
871,0,0,458,476,-18,0.0,22
871,1,1,475,402,73,1.0,22
879,0,0,473,414,59,1.0,24
879,1,1,462,425,37,1.0,21
887,0,0,473,337,136,1.0,21
887,1,1,357,440,-83,0.0,24
895,0,0,403,579,-176,0.0,21
895,1,1,545,433,112,1.0,22
903,0,0,498,407,91,1.0,25
903,1,1,446,432,14,1.0,22
911,0,0,430,488,-58,0.0,21
911,1,1,454,487,-33,0.0,23
919,0,0,474,354,120,1.0,23
919,1,1,358,549,-191,0.0,25
927,0,0,397,461,-64,0.0,21
927,1,1,453,435,18,1.0,23
935,0,0,471,458,13,1.0,23
935,1,1,564,438,126,1.0,23
943,0,0,413,458,-45,0.0,21
943,1,1,493,402,91,1.0,23
951,0,0,379,396,-17,0.0,22
951,1,1,453,383,70,1.0,26
959,0,0,536,440,96,1.0,23
959,1,1,523,419,104,1.0,23
967,0,0,385,491,-106,0.0,24
967,1,1,444,543,-99,0.0,21
975,0,0,534,530,4,1.0,20
975,1,1,463,513,-50,0.0,22
983,0,0,452,414,38,1.0,26
983,1,1,464,439,25,1.0,23
991,0,0,418,429,-11,0.0,25
991,1,1,458,415,43,1.0,23
999,0,0,604,371,233,1.0,21
999,1,1,502,518,-16,0.0,22
1007,0,0,413,461,-48,0.0,24
1007,1,1,456,445,11,1.0,21
1015,0,0,382,423,-41,0.0,28
1015,1,1,336,437,-101,0.0,24
1023,0,0,477,392,85,1.0,23
1023,1,1,474,503,-29,0.0,21
1031,0,0,442,463,-21,0.0,25
1031,1,1,482,393,89,1.0,24
1039,0,0,445,508,-63,0.0,23
1039,1,1,561,415,146,1.0,22
1047,0,0,413,460,-47,0.0,22
1047,1,1,425,463,-38,0.0,25
1055,0,0,414,431,-17,0.0,25
1055,1,1,414,402,12,1.0,23
1063,0,0,502,448,54,1.0,21
1063,1,1,494,466,28,1.0,21
1071,0,0,432,462,-30,0.0,24
1071,1,1,456,427,29,1.0,24
1079,0,0,457,415,42,1.0,24
1079,1,1,367,511,-144,0.0,23
1087,0,0,398,507,-109,0.0,23
1087,1,1,542,400,142,1.0,23
1095,0,0,378,419,-41,0.0,25
1095,1,1,528,347,181,1.0,24
1103,0,0,381,528,-147,0.0,19
1103,1,1,513,421,92,1.0,22
1111,0,0,396,468,-72,0.0,21
1111,1,1,511,446,65,1.0,24
1119,0,0,381,485,-104,0.0,22
1119,1,1,470,483,-13,0.0,25
1127,0,0,436,462,-26,0.0,25
1127,1,1,446,517,-71,0.0,21
1135,0,0,434,339,95,1.0,23
1135,1,1,419,446,-27,0.0,24
1143,0,0,462,411,51,1.0,23
1143,1,1,327,526,-199,0.0,26
1151,0,0,430,441,-11,0.0,24
1151,1,1,430,387,43,1.0,25
1159,0,0,361,566,-205,0.0,23
1159,1,1,487,381,106,1.0,22
1167,0,0,389,441,-52,0.0,20
1167,1,1,433,410,23,1.0,22
1175,0,0,461,408,53,1.0,25
1175,1,1,365,507,-142,0.0,24
1183,0,0,478,406,72,1.0,23
1183,1,1,368,491,-123,0.0,26
1191,0,0,450,538,-88,0.0,23
1191,1,1,466,522,-56,0.0,24
1199,0,0,485,544,-59,0.0,23
1199,1,1,490,436,54,1.0,23
1207,0,0,483,424,59,1.0,29
1207,1,1,475,431,44,1.0,21
1215,0,0,376,475,-99,0.0,24
1215,1,1,489,415,74,1.0,24
1223,0,0,477,465,12,1.0,21
1223,1,1,480,503,-23,0.0,23
1231,0,0,420,434,-14,0.0,27
1231,1,1,494,409,85,1.0,25
1239,0,0,347,585,-238,0.0,23
1239,1,1,342,418,-76,0.0,24
1247,0,0,431,471,-40,0.0,28
1247,1,1,528,418,110,1.0,23
1255,0,0,430,449,-19,0.0,24
1255,1,1,544,396,148,1.0,23
1263,0,0,456,379,77,1.0,20
1263,1,1,428,441,-13,0.0,23
1271,0,0,409,474,-65,0.0,20
1271,1,1,396,466,-70,0.0,24
1279,0,0,459,500,-41,0.0,24
1279,1,1,444,472,-28,0.0,20
1287,0,0,392,561,-169,0.0,22
1287,1,1,487,390,97,1.0,25
1295,0,0,456,429,27,1.0,20
1295,1,1,475,497,-22,0.0,21
1303,0,0,472,464,8,1.0,22
1303,1,1,446,426,20,1.0,23
1311,0,0,415,390,25,1.0,23
1311,1,1,453,417,36,1.0,24
1319,0,0,421,577,-156,0.0,24
1319,1,1,517,401,116,1.0,23
1327,0,0,472,363,109,1.0,22
1327,1,1,411,441,-30,0.0,24
1335,0,0,479,381,98,1.0,26
1335,1,1,441,452,-11,0.0,25
1343,0,0,568,434,134,1.0,23
1343,1,1,462,524,-62,0.0,21
1351,0,0,426,502,-76,0.0,21
1351,1,1,523,576,-53,0.0,19
1359,0,0,525,364,161,1.0,23
1359,1,1,411,573,-162,0.0,24
1367,0,0,457,499,-42,0.0,24
1367,1,1,513,373,140,1.0,23
1375,0,0,462,429,33,1.0,22
1375,1,1,484,345,139,1.0,29
1383,0,0,489,413,76,1.0,26
1383,1,1,322,523,-201,0.0,25
1391,0,0,435,393,42,1.0,23
1391,1,1,415,457,-42,0.0,23
1399,0,0,474,447,27,1.0,24
1399,1,1,562,483,79,1.0,22
1407,0,0,471,385,86,1.0,20
1407,1,1,500,443,57,1.0,22
1415,0,0,409,485,-76,0.0,23
1415,1,1,477,445,32,1.0,23
1423,0,0,462,449,13,1.0,23
1423,1,1,457,489,-32,0.0,21
1431,0,0,493,415,78,1.0,22
1431,1,1,473,462,11,1.0,24
1439,0,0,438,559,-121,0.0,23
1439,1,1,510,464,46,1.0,22
1447,0,0,431,514,-83,0.0,24
1447,1,1,566,429,137,1.0,21
1455,0,0,538,465,73,1.0,24
1455,1,1,423,434,-11,0.0,25
1463,0,0,424,499,-75,0.0,26
1463,1,1,472,385,87,1.0,23
1471,0,0,414,431,-17,0.0,24
1471,1,1,446,410,36,1.0,23
1479,0,0,409,478,-69,0.0,24
1479,1,1,434,446,-12,0.0,22
1487,0,0,524,461,63,1.0,22
1487,1,1,430,543,-113,0.0,20
1495,0,0,411,580,-169,0.0,22
1495,1,1,424,435,-11,0.0,23
1503,0,0,402,519,-117,0.0,25
1503,1,1,511,442,69,1.0,22
1511,0,0,445,415,30,1.0,24
1511,1,1,414,447,-33,0.0,24
1519,0,0,416,491,-75,0.0,21
1519,1,1,498,450,48,1.0,24
1527,0,0,423,472,-49,0.0,22
1527,1,1,418,460,-42,0.0,23
1535,0,0,507,405,102,1.0,21
1535,1,1,388,406,-18,0.0,22
1543,0,0,419,460,-41,0.0,21
1543,1,1,454,429,25,1.0,23
1551,0,0,478,501,-23,0.0,23
1551,1,1,515,495,20,1.0,19
1559,0,0,385,629,-244,0.0,17
1559,1,1,510,419,91,1.0,20
1567,0,0,404,466,-62,0.0,23
1567,1,1,480,339,141,1.0,23
1575,0,0,483,404,79,1.0,23
1575,1,1,447,419,28,1.0,24
1583,0,0,434,444,-10,0.0,22
1583,1,1,483,485,-2,0.0,21
1591,0,0,421,424,-3,0.0,22
1591,1,1,504,416,88,1.0,24
1599,0,0,416,536,-120,0.0,23
1599,1,1,483,397,86,1.0,21
1607,0,0,553,366,187,1.0,24
1607,1,1,407,541,-134,0.0,25
1615,0,0,406,523,-117,0.0,23
1615,1,1,435,444,-9,0.0,21
1623,0,0,473,497,-24,0.0,22
1623,1,1,526,414,112,1.0,22
1631,0,0,434,403,31,1.0,23
1631,1,1,501,499,2,1.0,23
1639,0,0,475,398,77,1.0,20
1639,1,1,399,463,-64,0.0,20
1647,0,0,526,450,76,1.0,25
1647,1,1,483,604,-121,0.0,20
1655,0,0,422,456,-34,0.0,22
1655,1,1,518,425,93,1.0,25
1663,0,0,362,465,-103,0.0,24
1663,1,1,437,333,104,1.0,25
1671,0,0,391,425,-34,0.0,24
1671,1,1,458,366,92,1.0,22
1679,0,0,441,416,25,1.0,22
1679,1,1,428,485,-57,0.0,22
1687,0,0,443,459,-16,0.0,21
1687,1,1,441,394,47,1.0,22
1695,0,0,490,529,-39,0.0,26
1695,1,1,516,436,80,1.0,21
1703,0,0,601,384,217,1.0,28
1703,1,1,410,493,-83,0.0,22
1711,0,0,345,513,-168,0.0,22
1711,1,1,549,406,143,1.0,24
1719,0,0,391,542,-151,0.0,26
1719,1,1,509,422,87,1.0,26
1727,0,0,369,506,-137,0.0,22
1727,1,1,509,360,149,1.0,22
1735,0,0,396,492,-96,0.0,21
1735,1,1,454,337,117,1.0,21
1743,0,0,482,459,23,1.0,25
1743,1,1,467,436,31,1.0,22
1751,0,0,483,473,10,1.0,21
1751,1,1,510,359,151,1.0,21
1759,0,0,465,488,-23,0.0,21
1759,1,1,404,505,-101,0.0,18
1767,0,0,461,453,8,1.0,23
1767,1,1,385,473,-88,0.0,26
1775,0,0,425,473,-48,0.0,26
1775,1,1,403,428,-25,0.0,23
1783,0,0,521,403,118,1.0,25
1783,1,1,461,468,-7,0.0,23
1791,0,0,482,477,5,1.0,21
1791,1,1,505,364,141,1.0,25
1799,0,0,336,530,-194,0.0,23
1799,1,1,553,312,241,1.0,25
1807,0,0,463,349,114,1.0,22
1807,1,1,380,538,-158,0.0,22
1815,0,0,441,339,102,1.0,26
1815,1,1,503,440,63,1.0,24
1823,0,0,428,461,-33,0.0,24
1823,1,1,503,438,65,1.0,23
1831,0,0,432,439,-7,0.0,24
1831,1,1,568,453,115,1.0,23
1839,0,0,441,519,-78,0.0,21
1839,1,1,480,530,-50,0.0,21
1847,0,0,415,446,-31,0.0,21
1847,1,1,469,379,90,1.0,23
1855,0,0,433,430,3,1.0,23
1855,1,1,423,426,-3,0.0,27
1863,0,0,473,418,55,1.0,23
1863,1,1,427,496,-69,0.0,21
1871,0,0,434,423,11,1.0,23
1871,1,1,389,501,-112,0.0,24
1879,0,0,522,391,131,1.0,22
1879,1,1,427,425,2,1.0,23
1887,0,0,438,582,-144,0.0,21
1887,1,1,577,411,166,1.0,23
1895,0,0,369,451,-82,0.0,24
1895,1,1,431,449,-18,0.0,25
1903,0,0,338,522,-184,0.0,20
1903,1,1,505,444,61,1.0,21
1911,0,0,391,444,-53,0.0,19
1911,1,1,452,454,-2,0.0,21
1919,0,0,450,452,-2,0.0,20
1919,1,1,463,420,43,1.0,23
1927,0,0,362,529,-167,0.0,25
1927,1,1,492,369,123,1.0,22
1935,0,0,530,414,116,1.0,25
1935,1,1,329,413,-84,0.0,24
1943,0,0,355,527,-172,0.0,27
1943,1,1,377,372,5,1.0,25
1951,0,0,435,524,-89,0.0,19
1951,1,1,548,454,94,1.0,19
1959,0,0,607,345,262,1.0,22
1959,1,1,372,553,-181,0.0,22
1967,0,0,516,421,95,1.0,23
1967,1,1,511,455,56,1.0,21
1975,0,0,389,534,-145,0.0,24
1975,1,1,445,369,76,1.0,24
1983,0,0,466,464,2,1.0,21
1983,1,1,454,414,40,1.0,23
1991,0,0,519,384,135,1.0,28
1991,1,1,441,452,-11,0.0,25
1999,0,0,314,449,-135,0.0,24
1999,1,1,507,304,203,1.0,28
