pair,game,a_seat,a_score,b_score,a_spread,a_win,turns
0,0,0,559,383,176,1.0,23
0,1,1,525,344,181,1.0,25
8,0,0,536,402,134,1.0,24
8,1,1,490,365,125,1.0,22
16,0,0,417,446,-29,0.0,25
16,1,1,408,279,129,1.0,30
24,0,0,500,369,131,1.0,24
24,1,1,353,435,-82,0.0,25
32,0,0,568,377,191,1.0,24
32,1,1,382,478,-96,0.0,23
40,0,0,443,385,58,1.0,26
40,1,1,340,518,-178,0.0,25
48,0,0,431,485,-54,0.0,25
48,1,1,470,362,108,1.0,23
56,0,0,501,495,6,1.0,21
56,1,1,524,491,33,1.0,21
64,0,0,445,404,41,1.0,24
64,1,1,467,380,87,1.0,25
72,0,0,382,405,-23,0.0,28
72,1,1,475,394,81,1.0,26
80,0,0,561,409,152,1.0,23
80,1,1,341,496,-155,0.0,25
88,0,0,464,422,42,1.0,20
88,1,1,451,482,-31,0.0,26
96,0,0,385,412,-27,0.0,26
96,1,1,371,390,-19,0.0,23
104,0,0,468,405,63,1.0,22
104,1,1,425,460,-35,0.0,23
112,0,0,419,448,-29,0.0,27
112,1,1,377,411,-34,0.0,25
120,0,0,390,518,-128,0.0,25
120,1,1,494,410,84,1.0,22
128,0,0,443,418,25,1.0,25
128,1,1,433,374,59,1.0,23
136,0,0,552,424,128,1.0,24
136,1,1,557,385,172,1.0,23
144,0,0,514,405,109,1.0,21
144,1,1,320,449,-129,0.0,23
152,0,0,487,354,133,1.0,23
152,1,1,368,453,-85,0.0,24
160,0,0,426,416,10,1.0,25
160,1,1,420,448,-28,0.0,28
168,0,0,533,432,101,1.0,26
168,1,1,304,452,-148,0.0,23
176,0,0,437,372,65,1.0,26
176,1,1,422,386,36,1.0,24
184,0,0,431,379,52,1.0,26
184,1,1,364,453,-89,0.0,24
192,0,0,450,488,-38,0.0,23
192,1,1,459,349,110,1.0,24
200,0,0,419,369,50,1.0,25
200,1,1,452,488,-36,0.0,21
208,0,0,448,485,-37,0.0,20
208,1,1,506,363,143,1.0,23
216,0,0,421,430,-9,0.0,25
216,1,1,489,340,149,1.0,21
224,0,0,385,476,-91,0.0,24
224,1,1,427,435,-8,0.0,22
232,0,0,537,369,168,1.0,27
232,1,1,385,454,-69,0.0,22
240,0,0,412,361,51,1.0,22
240,1,1,433,460,-27,0.0,19
248,0,0,326,471,-145,0.0,24
248,1,1,410,453,-43,0.0,24
256,0,0,358,431,-73,0.0,24
256,1,1,353,465,-112,0.0,23
264,0,0,363,481,-118,0.0,22
264,1,1,541,368,173,1.0,22
272,0,0,479,311,168,1.0,25
272,1,1,573,350,223,1.0,23
280,0,0,525,337,188,1.0,22
280,1,1,359,471,-112,0.0,26
288,0,0,471,385,86,1.0,23
288,1,1,513,396,117,1.0,23
296,0,0,451,494,-43,0.0,28
296,1,1,513,385,128,1.0,25
304,0,0,444,292,152,1.0,23
304,1,1,394,475,-81,0.0,24
312,0,0,537,418,119,1.0,23
312,1,1,322,456,-134,0.0,25
320,0,0,423,516,-93,0.0,22
320,1,1,459,400,59,1.0,22
328,0,0,351,494,-143,0.0,26
328,1,1,462,515,-53,0.0,22
336,0,0,413,314,99,1.0,24
336,1,1,375,473,-98,0.0,23
344,0,0,390,420,-30,0.0,22
344,1,1,459,476,-17,0.0,25
352,0,0,449,451,-2,0.0,22
352,1,1,484,360,124,1.0,26
360,0,0,389,372,17,1.0,25
360,1,1,342,452,-110,0.0,23
368,0,0,500,342,158,1.0,27
368,1,1,396,554,-158,0.0,32
376,0,0,504,382,122,1.0,21
376,1,1,413,453,-40,0.0,26
384,0,0,540,490,50,1.0,23
384,1,1,480,467,13,1.0,22
392,0,0,434,338,96,1.0,22
392,1,1,398,498,-100,0.0,26
400,0,0,484,357,127,1.0,23
400,1,1,401,587,-186,0.0,21
408,0,0,425,420,5,1.0,26
408,1,1,417,439,-22,0.0,22
416,0,0,434,380,54,1.0,25
416,1,1,475,296,179,1.0,26
424,0,0,375,533,-158,0.0,25
424,1,1,488,346,142,1.0,26
432,0,0,515,414,101,1.0,21
432,1,1,396,475,-79,0.0,23
440,0,0,413,414,-1,0.0,26
440,1,1,411,396,15,1.0,28
448,0,0,440,484,-44,0.0,25
448,1,1,360,463,-103,0.0,26
456,0,0,341,493,-152,0.0,22
456,1,1,406,426,-20,0.0,29
464,0,0,576,413,163,1.0,24
464,1,1,332,462,-130,0.0,27
472,0,0,429,424,5,1.0,24
472,1,1,522,350,172,1.0,28
480,0,0,437,371,66,1.0,23
480,1,1,367,457,-90,0.0,21
488,0,0,489,411,78,1.0,23
488,1,1,445,437,8,1.0,25
496,0,0,502,404,98,1.0,23
496,1,1,432,480,-48,0.0,24
504,0,0,430,502,-72,0.0,21
504,1,1,482,464,18,1.0,23
512,0,0,513,427,86,1.0,21
512,1,1,440,399,41,1.0,22
520,0,0,429,418,11,1.0,25
520,1,1,429,453,-24,0.0,21
528,0,0,438,335,103,1.0,27
528,1,1,340,474,-134,0.0,27
536,0,0,378,491,-113,0.0,28
536,1,1,452,364,88,1.0,26
544,0,0,412,493,-81,0.0,22
544,1,1,477,432,45,1.0,24
552,0,0,493,354,139,1.0,23
552,1,1,427,396,31,1.0,20
560,0,0,533,387,146,1.0,21
560,1,1,431,387,44,1.0,23
568,0,0,440,367,73,1.0,28
568,1,1,377,517,-140,0.0,23
576,0,0,535,321,214,1.0,24
576,1,1,492,441,51,1.0,26
584,0,0,524,410,114,1.0,24
584,1,1,384,413,-29,0.0,25
592,0,0,377,450,-73,0.0,23
592,1,1,423,435,-12,0.0,21
600,0,0,499,342,157,1.0,23
600,1,1,408,366,42,1.0,31
608,0,0,407,426,-19,0.0,24
608,1,1,484,418,66,1.0,26
616,0,0,473,370,103,1.0,22
616,1,1,457,472,-15,0.0,20
624,0,0,530,414,116,1.0,21
624,1,1,517,388,129,1.0,21
632,0,0,480,398,82,1.0,24
632,1,1,383,446,-63,0.0,26
640,0,0,372,383,-11,0.0,27
640,1,1,487,467,20,1.0,25
648,0,0,452,355,97,1.0,29
648,1,1,394,422,-28,0.0,23
656,0,0,334,457,-123,0.0,28
656,1,1,383,461,-78,0.0,25
664,0,0,400,466,-66,0.0,20
664,1,1,394,409,-15,0.0,26
672,0,0,408,502,-94,0.0,23
672,1,1,510,391,119,1.0,22
680,0,0,411,405,6,1.0,25
680,1,1,380,445,-65,0.0,26
688,0,0,459,425,34,1.0,22
688,1,1,361,380,-19,0.0,23
696,0,0,467,455,12,1.0,21
696,1,1,540,372,168,1.0,20
704,0,0,418,487,-69,0.0,24
704,1,1,442,490,-48,0.0,22
712,0,0,400,423,-23,0.0,24
712,1,1,455,404,51,1.0,22
720,0,0,446,335,111,1.0,23
720,1,1,446,406,40,1.0,24
728,0,0,522,416,106,1.0,21
728,1,1,441,451,-10,0.0,24
736,0,0,451,379,72,1.0,20
736,1,1,439,436,3,1.0,23
744,0,0,427,391,36,1.0,25
744,1,1,458,393,65,1.0,27
752,0,0,393,458,-65,0.0,21
752,1,1,357,416,-59,0.0,22
760,0,0,494,341,153,1.0,24
760,1,1,471,447,24,1.0,24
768,0,0,397,424,-27,0.0,28
768,1,1,442,371,71,1.0,23
776,0,0,434,320,114,1.0,24
776,1,1,397,421,-24,0.0,24
784,0,0,368,414,-46,0.0,24
784,1,1,440,395,45,1.0,29
792,0,0,359,472,-113,0.0,25
792,1,1,500,380,120,1.0,22
800,0,0,477,382,95,1.0,22
800,1,1,483,469,14,1.0,22
808,0,0,443,487,-44,0.0,24
808,1,1,443,400,43,1.0,22
816,0,0,517,406,111,1.0,21
816,1,1,377,418,-41,0.0,23
824,0,0,375,460,-85,0.0,23
824,1,1,509,368,141,1.0,24
832,0,0,550,379,171,1.0,21
832,1,1,353,421,-68,0.0,21
840,0,0,383,400,-17,0.0,24
840,1,1,328,434,-106,0.0,22
848,0,0,303,387,-84,0.0,24
848,1,1,419,436,-17,0.0,25
856,0,0,465,337,128,1.0,25
856,1,1,424,380,44,1.0,22
864,0,0,448,364,84,1.0,24
864,1,1,327,542,-215,0.0,25
872,0,0,431,393,38,1.0,26
872,1,1,391,466,-75,0.0,23
880,0,0,437,397,40,1.0,24
880,1,1,531,422,109,1.0,22
888,0,0,529,482,47,1.0,22
888,1,1,395,525,-130,0.0,21
896,0,0,512,423,89,1.0,27
896,1,1,449,430,19,1.0,22
904,0,0,344,444,-100,0.0,22
904,1,1,449,341,108,1.0,24
912,0,0,437,335,102,1.0,28
912,1,1,395,521,-126,0.0,21
920,0,0,521,520,1,1.0,21
920,1,1,394,451,-57,0.0,27
928,0,0,422,426,-4,0.0,22
928,1,1,505,420,85,1.0,26
936,0,0,387,426,-39,0.0,25
936,1,1,396,412,-16,0.0,27
944,0,0,444,434,10,1.0,25
944,1,1,441,435,6,1.0,24
952,0,0,500,439,61,1.0,24
952,1,1,443,473,-30,0.0,25
960,0,0,416,401,15,1.0,25
960,1,1,477,381,96,1.0,25
968,0,0,388,302,86,1.0,26
968,1,1,395,381,14,1.0,25
976,0,0,457,430,27,1.0,24
976,1,1,356,496,-140,0.0,21
984,0,0,433,313,120,1.0,24
984,1,1,368,447,-79,0.0,25
992,0,0,440,381,59,1.0,23
992,1,1,395,531,-136,0.0,20
1000,0,0,451,382,69,1.0,22
1000,1,1,524,403,121,1.0,22
1008,0,0,454,418,36,1.0,23
1008,1,1,480,533,-53,0.0,22
1016,0,0,418,440,-22,0.0,26
1016,1,1,461,416,45,1.0,22
1024,0,0,375,478,-103,0.0,25
1024,1,1,546,438,108,1.0,22
1032,0,0,455,400,55,1.0,27
1032,1,1,404,415,-11,0.0,22
1040,0,0,421,457,-36,0.0,21
1040,1,1,519,470,49,1.0,23
1048,0,0,484,468,16,1.0,19
1048,1,1,459,426,33,1.0,21
1056,0,0,437,315,122,1.0,22
1056,1,1,366,427,-61,0.0,25
1064,0,0,377,354,23,1.0,30
1064,1,1,446,441,5,1.0,28
1072,0,0,427,350,77,1.0,22
1072,1,1,478,476,2,1.0,20
1080,0,0,461,394,67,1.0,21
1080,1,1,496,450,46,1.0,22
1088,0,0,386,445,-59,0.0,25
1088,1,1,415,455,-40,0.0,23
1096,0,0,414,451,-37,0.0,22
1096,1,1,353,462,-109,0.0,27
1104,0,0,361,381,-20,0.0,27
1104,1,1,616,400,216,1.0,22
1112,0,0,430,372,58,1.0,24
1112,1,1,494,373,121,1.0,25
1120,0,0,439,364,75,1.0,22
1120,1,1,406,489,-83,0.0,22
1128,0,0,409,371,38,1.0,22
1128,1,1,468,463,5,1.0,25
1136,0,0,326,475,-149,0.0,23
1136,1,1,375,416,-41,0.0,23
1144,0,0,486,390,96,1.0,23
1144,1,1,348,511,-163,0.0,21
1152,0,0,444,440,4,1.0,24
1152,1,1,478,407,71,1.0,24
1160,0,0,472,430,42,1.0,23
1160,1,1,425,418,7,1.0,23
1168,0,0,534,409,125,1.0,23
1168,1,1,362,486,-124,0.0,22
1176,0,0,329,446,-117,0.0,22
1176,1,1,470,333,137,1.0,25
1184,0,0,410,480,-70,0.0,25
1184,1,1,370,431,-61,0.0,26
1192,0,0,432,490,-58,0.0,21
1192,1,1,473,422,51,1.0,21
1200,0,0,366,413,-47,0.0,25
1200,1,1,443,301,142,1.0,25
1208,0,0,433,426,7,1.0,21
1208,1,1,377,432,-55,0.0,23
1216,0,0,498,392,106,1.0,23
1216,1,1,423,514,-91,0.0,21
1224,0,0,486,469,17,1.0,25
1224,1,1,485,458,27,1.0,21
1232,0,0,443,434,9,1.0,25
1232,1,1,407,392,15,1.0,25
1240,0,0,428,378,50,1.0,23
1240,1,1,538,422,116,1.0,24
1248,0,0,476,438,38,1.0,27
1248,1,1,499,393,106,1.0,22
1256,0,0,532,454,78,1.0,20
1256,1,1,359,600,-241,0.0,21
1264,0,0,489,541,-52,0.0,23
1264,1,1,510,478,32,1.0,23
1272,0,0,425,431,-6,0.0,23
1272,1,1,510,463,47,1.0,22
1280,0,0,484,347,137,1.0,25
1280,1,1,313,532,-219,0.0,24
1288,0,0,504,479,25,1.0,24
1288,1,1,464,490,-26,0.0,22
1296,0,0,362,386,-24,0.0,27
1296,1,1,392,441,-49,0.0,25
1304,0,0,504,296,208,1.0,22
1304,1,1,382,504,-122,0.0,22
1312,0,0,416,395,21,1.0,24
1312,1,1,421,482,-61,0.0,27
1320,0,0,450,407,43,1.0,22
1320,1,1,367,459,-92,0.0,24
1328,0,0,457,465,-8,0.0,21
1328,1,1,458,467,-9,0.0,23
1336,0,0,377,395,-18,0.0,25
1336,1,1,349,364,-15,0.0,27
1344,0,0,434,423,11,1.0,22
1344,1,1,431,413,18,1.0,24
1352,0,0,506,407,99,1.0,23
1352,1,1,417,402,15,1.0,25
1360,0,0,343,558,-215,0.0,22
1360,1,1,475,436,39,1.0,23
1368,0,0,485,350,135,1.0,25
1368,1,1,370,420,-50,0.0,23
1376,0,0,426,471,-45,0.0,23
1376,1,1,388,387,1,1.0,23
1384,0,0,467,357,110,1.0,25
1384,1,1,320,470,-150,0.0,24
1392,0,0,408,432,-24,0.0,23
1392,1,1,415,397,18,1.0,25
1400,0,0,351,560,-209,0.0,23
1400,1,1,521,404,117,1.0,25
1408,0,0,509,316,193,1.0,32
1408,1,1,424,460,-36,0.0,24
1416,0,0,488,427,61,1.0,27
1416,1,1,380,400,-20,0.0,29
1424,0,0,441,398,43,1.0,24
1424,1,1,428,368,60,1.0,24
1432,0,0,555,363,192,1.0,22
1432,1,1,470,497,-27,0.0,22
1440,0,0,469,417,52,1.0,24
1440,1,1,454,339,115,1.0,28
1448,0,0,441,321,120,1.0,23
1448,1,1,316,478,-162,0.0,23
1456,0,0,428,439,-11,0.0,20
1456,1,1,472,429,43,1.0,23
1464,0,0,441,388,53,1.0,24
1464,1,1,467,415,52,1.0,22
1472,0,0,382,438,-56,0.0,25
1472,1,1,426,471,-45,0.0,23
1480,0,0,378,397,-19,0.0,24
1480,1,1,373,349,24,1.0,23
1488,0,0,455,381,74,1.0,25
1488,1,1,409,416,-7,0.0,25
1496,0,0,526,383,143,1.0,31
1496,1,1,350,503,-153,0.0,23
1504,0,0,534,390,144,1.0,23
1504,1,1,369,527,-158,0.0,24
1512,0,0,357,386,-29,0.0,26
1512,1,1,384,482,-98,0.0,24
1520,0,0,531,313,218,1.0,21
1520,1,1,375,338,37,1.0,22
1528,0,0,455,432,23,1.0,27
1528,1,1,385,484,-99,0.0,23
1536,0,0,362,480,-118,0.0,24
1536,1,1,419,445,-26,0.0,24
1544,0,0,401,409,-8,0.0,22
1544,1,1,495,342,153,1.0,24
1552,0,0,489,336,153,1.0,22
1552,1,1,378,427,-49,0.0,27
1560,0,0,369,491,-122,0.0,24
1560,1,1,553,358,195,1.0,23
1568,0,0,391,408,-17,0.0,24
1568,1,1,397,382,15,1.0,23
1576,0,0,411,453,-42,0.0,27
1576,1,1,383,441,-58,0.0,23
1584,0,0,426,438,-12,0.0,23
1584,1,1,355,426,-71,0.0,23
1592,0,0,390,367,23,1.0,22
1592,1,1,405,431,-26,0.0,19
1600,0,0,491,365,126,1.0,21
1600,1,1,415,391,24,1.0,25
1608,0,0,586,482,104,1.0,23
1608,1,1,441,569,-128,0.0,22
1616,0,0,384,530,-146,0.0,20
1616,1,1,480,443,37,1.0,21
1624,0,0,533,360,173,1.0,19
1624,1,1,446,433,13,1.0,20
1632,0,0,435,392,43,1.0,22
1632,1,1,444,494,-50,0.0,24
1640,0,0,513,358,155,1.0,25
1640,1,1,406,481,-75,0.0,24
1648,0,0,652,355,297,1.0,21
1648,1,1,300,505,-205,0.0,22
1656,0,0,413,451,-38,0.0,24
1656,1,1,439,397,42,1.0,22
1664,0,0,588,363,225,1.0,21
1664,1,1,506,321,185,1.0,26
1672,0,0,514,425,89,1.0,23
1672,1,1,426,413,13,1.0,23
1680,0,0,404,360,44,1.0,24
1680,1,1,458,406,52,1.0,25
1688,0,0,402,450,-48,0.0,25
1688,1,1,450,456,-6,0.0,23
1696,0,0,396,445,-49,0.0,22
1696,1,1,404,308,96,1.0,23
1704,0,0,509,363,146,1.0,26
1704,1,1,310,552,-242,0.0,21
1712,0,0,432,442,-10,0.0,21
1712,1,1,471,438,33,1.0,21
1720,0,0,533,344,189,1.0,19
1720,1,1,319,502,-183,0.0,25
1728,0,0,402,401,1,1.0,21
1728,1,1,365,464,-99,0.0,23
1736,0,0,402,423,-21,0.0,24
1736,1,1,427,383,44,1.0,23
1744,0,0,449,385,64,1.0,26
1744,1,1,417,354,63,1.0,25
1752,0,0,431,368,63,1.0,25
1752,1,1,412,424,-12,0.0,22
1760,0,0,486,388,98,1.0,24
1760,1,1,379,438,-59,0.0,26
1768,0,0,480,451,29,1.0,22
1768,1,1,374,437,-63,0.0,26
1776,0,0,469,415,54,1.0,24
1776,1,1,433,462,-29,0.0,21
1784,0,0,364,385,-21,0.0,23
1784,1,1,455,389,66,1.0,21
1792,0,0,372,420,-48,0.0,26
1792,1,1,415,404,11,1.0,24
1800,0,0,497,530,-33,0.0,26
1800,1,1,428,522,-94,0.0,23
1808,0,0,461,354,107,1.0,25
1808,1,1,404,417,-13,0.0,24
1816,0,0,406,389,17,1.0,22
1816,1,1,420,387,33,1.0,25
1824,0,0,333,361,-28,0.0,27
1824,1,1,453,368,85,1.0,28
1832,0,0,585,471,114,1.0,21
1832,1,1,407,552,-145,0.0,22
1840,0,0,449,463,-14,0.0,26
1840,1,1,471,344,127,1.0,23
1848,0,0,432,316,116,1.0,26
1848,1,1,374,407,-33,0.0,24
1856,0,0,411,464,-53,0.0,21
1856,1,1,438,436,2,1.0,22
1864,0,0,556,316,240,1.0,24
1864,1,1,327,465,-138,0.0,24
1872,0,0,470,360,110,1.0,26
1872,1,1,423,386,37,1.0,26
1880,0,0,480,390,90,1.0,24
1880,1,1,437,454,-17,0.0,26
1888,0,0,531,366,165,1.0,24
1888,1,1,385,403,-18,0.0,23
1896,0,0,387,382,5,1.0,24
1896,1,1,439,391,48,1.0,24
1904,0,0,470,438,32,1.0,23
1904,1,1,396,404,-8,0.0,24
1912,0,0,412,466,-54,0.0,25
1912,1,1,563,388,175,1.0,23
1920,0,0,501,499,2,1.0,24
1920,1,1,371,551,-180,0.0,23
1928,0,0,530,368,162,1.0,28
1928,1,1,460,474,-14,0.0,21
1936,0,0,434,410,24,1.0,26
1936,1,1,466,458,8,1.0,22
1944,0,0,409,477,-68,0.0,26
1944,1,1,385,426,-41,0.0,26
1952,0,0,331,487,-156,0.0,24
1952,1,1,475,404,71,1.0,22
1960,0,0,526,418,108,1.0,21
1960,1,1,406,456,-50,0.0,27
1968,0,0,412,465,-53,0.0,22
1968,1,1,460,404,56,1.0,26
1976,0,0,555,336,219,1.0,26
1976,1,1,437,505,-68,0.0,24
1984,0,0,314,562,-248,0.0,20
1984,1,1,501,343,158,1.0,21
1992,0,0,500,366,134,1.0,23
1992,1,1,310,439,-129,0.0,22
pair,game,a_seat,a_score,b_score,a_spread,a_win,turns
1,0,0,406,373,33,1.0,28
1,1,1,440,421,19,1.0,24
9,0,0,372,457,-85,0.0,26
9,1,1,456,520,-64,0.0,25
17,0,0,414,469,-55,0.0,28
17,1,1,365,381,-16,0.0,23
25,0,0,385,457,-72,0.0,25
25,1,1,383,380,3,1.0,24
33,0,0,315,371,-56,0.0,26
33,1,1,415,396,19,1.0,25
41,0,0,357,368,-11,0.0,26
41,1,1,369,385,-16,0.0,24
49,0,0,386,558,-172,0.0,21
49,1,1,501,384,117,1.0,23
57,0,0,455,492,-37,0.0,23
57,1,1,529,480,49,1.0,23
65,0,0,441,379,62,1.0,20
65,1,1,501,407,94,1.0,24
73,0,0,424,487,-63,0.0,21
73,1,1,417,388,29,1.0,24
81,0,0,459,436,23,1.0,21
81,1,1,473,441,32,1.0,24
89,0,0,507,377,130,1.0,21
89,1,1,335,458,-123,0.0,21
97,0,0,435,385,50,1.0,23
97,1,1,427,540,-113,0.0,26
105,0,0,401,408,-7,0.0,26
105,1,1,355,471,-116,0.0,26
113,0,0,395,479,-84,0.0,23
113,1,1,546,361,185,1.0,20
121,0,0,472,461,11,1.0,21
121,1,1,375,389,-14,0.0,21
129,0,0,382,422,-40,0.0,27
129,1,1,520,361,159,1.0,30
137,0,0,509,308,201,1.0,22
137,1,1,345,480,-135,0.0,20
145,0,0,496,368,128,1.0,24
145,1,1,413,414,-1,0.0,26
153,0,0,398,519,-121,0.0,21
153,1,1,552,444,108,1.0,21
161,0,0,465,512,-47,0.0,24
161,1,1,507,366,141,1.0,24
169,0,0,483,422,61,1.0,25
169,1,1,391,425,-34,0.0,27
177,0,0,322,482,-160,0.0,26
177,1,1,499,366,133,1.0,22
185,0,0,392,367,25,1.0,26
185,1,1,389,413,-24,0.0,38
193,0,0,442,349,93,1.0,27
193,1,1,430,482,-52,0.0,24
201,0,0,491,400,91,1.0,20
201,1,1,466,439,27,1.0,23
209,0,0,471,466,5,1.0,25
209,1,1,672,407,265,1.0,23
217,0,0,406,311,95,1.0,30
217,1,1,344,434,-90,0.0,25
225,0,0,383,506,-123,0.0,23
225,1,1,526,461,65,1.0,22
233,0,0,414,361,53,1.0,21
233,1,1,271,391,-120,0.0,24
241,0,0,524,350,174,1.0,23
241,1,1,401,508,-107,0.0,22
249,0,0,498,365,133,1.0,24
249,1,1,331,397,-66,0.0,23
257,0,0,434,395,39,1.0,25
257,1,1,388,395,-7,0.0,26
265,0,0,406,416,-10,0.0,22
265,1,1,490,481,9,1.0,27
273,0,0,420,451,-31,0.0,22
273,1,1,482,330,152,1.0,21
281,0,0,450,319,131,1.0,25
281,1,1,421,473,-52,0.0,25
289,0,0,364,512,-148,0.0,26
289,1,1,510,339,171,1.0,24
297,0,0,354,375,-21,0.0,22
297,1,1,436,372,64,1.0,25
305,0,0,493,506,-13,0.0,21
305,1,1,457,407,50,1.0,25
313,0,0,420,479,-59,0.0,26
313,1,1,429,366,63,1.0,22
321,0,0,467,431,36,1.0,23
321,1,1,409,434,-25,0.0,24
329,0,0,429,424,5,1.0,27
329,1,1,326,468,-142,0.0,26
337,0,0,382,469,-87,0.0,25
337,1,1,472,311,161,1.0,27
345,0,0,337,509,-172,0.0,27
345,1,1,536,352,184,1.0,21
353,0,0,307,512,-205,0.0,28
353,1,1,523,331,192,1.0,24
361,0,0,506,411,95,1.0,21
361,1,1,380,456,-76,0.0,25
369,0,0,432,368,64,1.0,24
369,1,1,407,529,-122,0.0,24
377,0,0,449,349,100,1.0,23
377,1,1,306,454,-148,0.0,26
385,0,0,387,376,11,1.0,24
385,1,1,514,368,146,1.0,23
393,0,0,468,370,98,1.0,21
393,1,1,389,463,-74,0.0,21
401,0,0,358,347,11,1.0,28
401,1,1,430,393,37,1.0,22
409,0,0,334,515,-181,0.0,24
409,1,1,475,454,21,1.0,24
417,0,0,489,349,140,1.0,24
417,1,1,303,402,-99,0.0,22
425,0,0,382,419,-37,0.0,29
425,1,1,425,440,-15,0.0,27
433,0,0,293,460,-167,0.0,29
433,1,1,397,364,33,1.0,27
441,0,0,524,435,89,1.0,23
441,1,1,591,378,213,1.0,21
449,0,0,468,477,-9,0.0,21
449,1,1,482,373,109,1.0,22
457,0,0,353,442,-89,0.0,25
457,1,1,521,384,137,1.0,22
465,0,0,384,457,-73,0.0,25
465,1,1,503,377,126,1.0,23
473,0,0,514,337,177,1.0,24
473,1,1,363,426,-63,0.0,26
481,0,0,411,463,-52,0.0,25
481,1,1,477,495,-18,0.0,23
489,0,0,459,393,66,1.0,24
489,1,1,492,482,10,1.0,26
497,0,0,473,295,178,1.0,23
497,1,1,497,406,91,1.0,23
505,0,0,461,366,95,1.0,26
505,1,1,427,453,-26,0.0,27
513,0,0,362,427,-65,0.0,23
513,1,1,341,423,-82,0.0,24
521,0,0,359,433,-74,0.0,24
521,1,1,423,395,28,1.0,21
529,0,0,446,359,87,1.0,24
529,1,1,417,442,-25,0.0,25
537,0,0,472,389,83,1.0,23
537,1,1,375,494,-119,0.0,25
545,0,0,425,393,32,1.0,24
545,1,1,418,490,-72,0.0,25
553,0,0,457,394,63,1.0,24
553,1,1,393,553,-160,0.0,20
561,0,0,451,506,-55,0.0,20
561,1,1,497,413,84,1.0,23
569,0,0,358,558,-200,0.0,24
569,1,1,436,461,-25,0.0,27
577,0,0,397,444,-47,0.0,23
577,1,1,448,341,107,1.0,21
585,0,0,403,453,-50,0.0,23
585,1,1,508,440,68,1.0,22
593,0,0,400,361,39,1.0,28
593,1,1,392,392,0,0.5,24
601,0,0,456,455,1,1.0,23
601,1,1,419,356,63,1.0,22
609,0,0,478,471,7,1.0,25
609,1,1,447,407,40,1.0,23
617,0,0,411,508,-97,0.0,25
617,1,1,481,428,53,1.0,22
625,0,0,350,476,-126,0.0,24
625,1,1,471,441,30,1.0,24
633,0,0,483,367,116,1.0,24
633,1,1,418,464,-46,0.0,25
641,0,0,503,385,118,1.0,27
641,1,1,439,481,-42,0.0,25
649,0,0,388,391,-3,0.0,25
649,1,1,530,424,106,1.0,23
657,0,0,474,444,30,1.0,24
657,1,1,488,456,32,1.0,24
665,0,0,436,531,-95,0.0,23
665,1,1,523,361,162,1.0,21
673,0,0,477,349,128,1.0,21
673,1,1,381,449,-68,0.0,24
681,0,0,421,317,104,1.0,25
681,1,1,405,412,-7,0.0,23
689,0,0,503,376,127,1.0,24
689,1,1,332,429,-97,0.0,25
697,0,0,411,410,1,1.0,28
697,1,1,418,319,99,1.0,24
705,0,0,464,489,-25,0.0,24
705,1,1,448,396,52,1.0,24
713,0,0,368,450,-82,0.0,26
713,1,1,357,462,-105,0.0,24
721,0,0,463,317,146,1.0,25
721,1,1,456,463,-7,0.0,23
729,0,0,374,470,-96,0.0,22
729,1,1,492,412,80,1.0,23
737,0,0,425,392,33,1.0,28
737,1,1,516,357,159,1.0,27
745,0,0,510,503,7,1.0,22
745,1,1,445,441,4,1.0,24
753,0,0,530,374,156,1.0,20
753,1,1,389,562,-173,0.0,22
761,0,0,359,478,-119,0.0,22
761,1,1,438,426,12,1.0,22
769,0,0,356,431,-75,0.0,25
769,1,1,475,402,73,1.0,21
777,0,0,328,601,-273,0.0,23
777,1,1,428,402,26,1.0,24
785,0,0,348,436,-88,0.0,25
785,1,1,359,489,-130,0.0,26
793,0,0,355,469,-114,0.0,23
793,1,1,461,404,57,1.0,24
801,0,0,424,498,-74,0.0,19
801,1,1,459,509,-50,0.0,22
809,0,0,459,410,49,1.0,25
809,1,1,341,457,-116,0.0,22
817,0,0,350,424,-74,0.0,25
817,1,1,480,367,113,1.0,22
825,0,0,425,444,-19,0.0,24
825,1,1,462,470,-8,0.0,21
833,0,0,383,387,-4,0.0,25
833,1,1,378,381,-3,0.0,25
841,0,0,403,478,-75,0.0,23
841,1,1,496,355,141,1.0,23
849,0,0,557,397,160,1.0,24
849,1,1,361,434,-73,0.0,22
857,0,0,285,478,-193,0.0,27
857,1,1,507,348,159,1.0,24
865,0,0,293,514,-221,0.0,26
865,1,1,542,388,154,1.0,23
873,0,0,367,487,-120,0.0,23
873,1,1,532,306,226,1.0,21
881,0,0,416,399,17,1.0,25
881,1,1,449,374,75,1.0,23
889,0,0,516,502,14,1.0,21
889,1,1,427,514,-87,0.0,24
897,0,0,410,434,-24,0.0,24
897,1,1,432,489,-57,0.0,27
905,0,0,396,514,-118,0.0,24
905,1,1,466,313,153,1.0,23
913,0,0,358,575,-217,0.0,22
913,1,1,580,341,239,1.0,24
921,0,0,394,397,-3,0.0,25
921,1,1,413,350,63,1.0,24
929,0,0,432,437,-5,0.0,23
929,1,1,357,449,-92,0.0,23
937,0,0,400,514,-114,0.0,21
937,1,1,389,467,-78,0.0,23
945,0,0,374,515,-141,0.0,25
945,1,1,491,412,79,1.0,20
953,0,0,404,466,-62,0.0,25
953,1,1,481,424,57,1.0,20
961,0,0,426,450,-24,0.0,24
961,1,1,493,379,114,1.0,22
969,0,0,516,381,135,1.0,20
969,1,1,373,454,-81,0.0,21
977,0,0,464,451,13,1.0,22
977,1,1,409,419,-10,0.0,25
985,0,0,365,481,-116,0.0,23
985,1,1,480,366,114,1.0,25
993,0,0,431,397,34,1.0,25
993,1,1,368,471,-103,0.0,26
1001,0,0,453,411,42,1.0,25
1001,1,1,406,393,13,1.0,24
1009,0,0,469,397,72,1.0,22
1009,1,1,378,428,-50,0.0,22
1017,0,0,351,401,-50,0.0,23
1017,1,1,383,319,64,1.0,25
1025,0,0,473,431,42,1.0,23
1025,1,1,539,527,12,1.0,20
1033,0,0,504,429,75,1.0,21
1033,1,1,412,561,-149,0.0,24
1041,0,0,412,408,4,1.0,21
1041,1,1,483,382,101,1.0,23
1049,0,0,284,416,-132,0.0,26
1049,1,1,409,406,3,1.0,24
1057,0,0,361,548,-187,0.0,21
1057,1,1,529,393,136,1.0,21
1065,0,0,408,342,66,1.0,24
1065,1,1,306,440,-134,0.0,24
1073,0,0,539,503,36,1.0,24
1073,1,1,507,415,92,1.0,23
1081,0,0,515,396,119,1.0,20
1081,1,1,439,461,-22,0.0,23
1089,0,0,364,420,-56,0.0,25
1089,1,1,495,401,94,1.0,24
1097,0,0,430,406,24,1.0,23
1097,1,1,376,389,-13,0.0,24
1105,0,0,485,495,-10,0.0,22
1105,1,1,547,525,22,1.0,22
1113,0,0,479,443,36,1.0,22
1113,1,1,489,356,133,1.0,20
1121,0,0,387,413,-26,0.0,23
1121,1,1,374,382,-8,0.0,21
1129,0,0,344,438,-94,0.0,25
1129,1,1,518,441,77,1.0,23
1137,0,0,373,431,-58,0.0,25
1137,1,1,321,411,-90,0.0,27
1145,0,0,421,443,-22,0.0,21
1145,1,1,366,466,-100,0.0,21
1153,0,0,433,412,21,1.0,30
1153,1,1,395,434,-39,0.0,31
1161,0,0,387,508,-121,0.0,27
1161,1,1,454,338,116,1.0,27
1169,0,0,441,370,71,1.0,26
1169,1,1,416,434,-18,0.0,26
1177,0,0,398,428,-30,0.0,21
1177,1,1,367,402,-35,0.0,25
1185,0,0,510,362,148,1.0,22
1185,1,1,430,430,0,0.5,23
1193,0,0,333,519,-186,0.0,30
1193,1,1,395,360,35,1.0,25
1201,0,0,421,462,-41,0.0,22
1201,1,1,429,534,-105,0.0,25
1209,0,0,411,314,97,1.0,24
1209,1,1,342,524,-182,0.0,26
1217,0,0,525,420,105,1.0,24
1217,1,1,416,311,105,1.0,23
1225,0,0,379,321,58,1.0,24
1225,1,1,411,417,-6,0.0,24
1233,0,0,333,535,-202,0.0,24
1233,1,1,483,345,138,1.0,23
1241,0,0,406,488,-82,0.0,25
1241,1,1,441,377,64,1.0,25
1249,0,0,478,395,83,1.0,22
1249,1,1,433,521,-88,0.0,24
1257,0,0,351,432,-81,0.0,21
1257,1,1,439,514,-75,0.0,25
1265,0,0,415,439,-24,0.0,23
1265,1,1,482,358,124,1.0,22
1273,0,0,383,529,-146,0.0,24
1273,1,1,480,363,117,1.0,24
1281,0,0,419,435,-16,0.0,21
1281,1,1,475,526,-51,0.0,23
1289,0,0,356,498,-142,0.0,23
1289,1,1,461,370,91,1.0,25
1297,0,0,401,421,-20,0.0,24
1297,1,1,504,441,63,1.0,24
1305,0,0,477,386,91,1.0,28
1305,1,1,441,454,-13,0.0,24
1313,0,0,372,513,-141,0.0,21
1313,1,1,438,403,35,1.0,23
1321,0,0,477,484,-7,0.0,22
1321,1,1,526,505,21,1.0,22
1329,0,0,374,401,-27,0.0,28
1329,1,1,403,363,40,1.0,25
1337,0,0,367,491,-124,0.0,25
1337,1,1,348,364,-16,0.0,23
1345,0,0,415,444,-29,0.0,24
1345,1,1,419,433,-14,0.0,24
1353,0,0,437,474,-37,0.0,22
1353,1,1,459,368,91,1.0,23
1361,0,0,362,395,-33,0.0,27
1361,1,1,391,347,44,1.0,24
1369,0,0,368,377,-9,0.0,27
1369,1,1,331,454,-123,0.0,26
1377,0,0,472,381,91,1.0,22
1377,1,1,382,400,-18,0.0,26
1385,0,0,395,424,-29,0.0,27
1385,1,1,497,387,110,1.0,22
1393,0,0,400,346,54,1.0,26
1393,1,1,471,338,133,1.0,24
1401,0,0,510,378,132,1.0,22
1401,1,1,421,436,-15,0.0,24
1409,0,0,413,386,27,1.0,27
1409,1,1,395,453,-58,0.0,24
1417,0,0,405,426,-21,0.0,25
1417,1,1,362,318,44,1.0,22
1425,0,0,340,495,-155,0.0,25
1425,1,1,509,416,93,1.0,23
1433,0,0,366,595,-229,0.0,22
1433,1,1,563,300,263,1.0,25
1441,0,0,347,452,-105,0.0,23
1441,1,1,460,437,23,1.0,24
1449,0,0,339,452,-113,0.0,25
1449,1,1,343,391,-48,0.0,24
1457,0,0,359,571,-212,0.0,21
1457,1,1,536,348,188,1.0,24
1465,0,0,483,368,115,1.0,22
1465,1,1,425,499,-74,0.0,23
1473,0,0,333,616,-283,0.0,25
1473,1,1,418,476,-58,0.0,30
1481,0,0,434,453,-19,0.0,23
1481,1,1,412,497,-85,0.0,24
1489,0,0,472,367,105,1.0,20
1489,1,1,400,435,-35,0.0,22
1497,0,0,497,396,101,1.0,23
1497,1,1,457,503,-46,0.0,21
1505,0,0,403,374,29,1.0,24
1505,1,1,433,413,20,1.0,21
1513,0,0,459,417,42,1.0,24
1513,1,1,504,488,16,1.0,21
1521,0,0,275,480,-205,0.0,23
1521,1,1,518,358,160,1.0,22
1529,0,0,458,415,43,1.0,25
1529,1,1,379,512,-133,0.0,23
1537,0,0,465,440,25,1.0,23
1537,1,1,333,447,-114,0.0,24
1545,0,0,492,333,159,1.0,22
1545,1,1,420,409,11,1.0,26
1553,0,0,375,576,-201,0.0,24
1553,1,1,484,339,145,1.0,23
1561,0,0,405,388,17,1.0,27
1561,1,1,361,361,0,0.5,26
1569,0,0,368,451,-83,0.0,24
1569,1,1,469,338,131,1.0,23
1577,0,0,505,463,42,1.0,22
1577,1,1,412,552,-140,0.0,21
1585,0,0,489,416,73,1.0,24
1585,1,1,471,367,104,1.0,22
1593,0,0,477,405,72,1.0,23
1593,1,1,399,426,-27,0.0,24
1601,0,0,439,321,118,1.0,26
1601,1,1,317,452,-135,0.0,27
1609,0,0,400,474,-74,0.0,23
1609,1,1,386,381,5,1.0,24
1617,0,0,470,458,12,1.0,26
1617,1,1,457,422,35,1.0,23
1625,0,0,487,312,175,1.0,26
1625,1,1,435,398,37,1.0,24
1633,0,0,340,446,-106,0.0,24
1633,1,1,529,352,177,1.0,29
1641,0,0,470,472,-2,0.0,24
1641,1,1,451,411,40,1.0,23
1649,0,0,349,470,-121,0.0,41
1649,1,1,424,389,35,1.0,25
1657,0,0,343,520,-177,0.0,26
1657,1,1,490,318,172,1.0,25
1665,0,0,456,515,-59,0.0,21
1665,1,1,435,491,-56,0.0,26
1673,0,0,392,472,-80,0.0,23
1673,1,1,498,414,84,1.0,23
1681,0,0,500,383,117,1.0,25
1681,1,1,380,454,-74,0.0,26
1689,0,0,386,481,-95,0.0,24
1689,1,1,430,328,102,1.0,22
1697,0,0,420,448,-28,0.0,25
1697,1,1,377,417,-40,0.0,23
1705,0,0,445,364,81,1.0,23
1705,1,1,425,438,-13,0.0,23
1713,0,0,454,322,132,1.0,27
1713,1,1,316,470,-154,0.0,27
1721,0,0,335,393,-58,0.0,25
1721,1,1,401,404,-3,0.0,20
1729,0,0,510,405,105,1.0,20
1729,1,1,359,466,-107,0.0,28
1737,0,0,425,444,-19,0.0,28
1737,1,1,517,552,-35,0.0,22
1745,0,0,444,439,5,1.0,24
1745,1,1,374,517,-143,0.0,22
1753,0,0,406,393,13,1.0,25
1753,1,1,480,389,91,1.0,25
1761,0,0,471,364,107,1.0,26
1761,1,1,390,495,-105,0.0,24
1769,0,0,457,507,-50,0.0,22
1769,1,1,430,452,-22,0.0,24
1777,0,0,361,429,-68,0.0,24
1777,1,1,378,396,-18,0.0,25
1785,0,0,486,434,52,1.0,25
1785,1,1,404,498,-94,0.0,22
1793,0,0,359,418,-59,0.0,26
1793,1,1,397,474,-77,0.0,23
1801,0,0,439,398,41,1.0,24
1801,1,1,321,385,-64,0.0,30
1809,0,0,358,536,-178,0.0,23
1809,1,1,487,375,112,1.0,21
1817,0,0,527,319,208,1.0,22
1817,1,1,337,496,-159,0.0,23
1825,0,0,273,595,-322,0.0,25
1825,1,1,464,349,115,1.0,24
1833,0,0,443,369,74,1.0,23
1833,1,1,392,350,42,1.0,25
1841,0,0,472,354,118,1.0,24
1841,1,1,413,503,-90,0.0,23
1849,0,0,471,318,153,1.0,26
1849,1,1,352,423,-71,0.0,25
1857,0,0,458,464,-6,0.0,24
1857,1,1,425,441,-16,0.0,23
1865,0,0,466,477,-11,0.0,23
1865,1,1,437,430,7,1.0,23
1873,0,0,334,387,-53,0.0,29
1873,1,1,456,418,38,1.0,25
1881,0,0,427,487,-60,0.0,39
1881,1,1,442,372,70,1.0,25
1889,0,0,413,375,38,1.0,23
1889,1,1,392,511,-119,0.0,21
1897,0,0,344,512,-168,0.0,27
1897,1,1,365,331,34,1.0,25
1905,0,0,587,420,167,1.0,22
1905,1,1,394,403,-9,0.0,24
1913,0,0,436,452,-16,0.0,22
1913,1,1,395,444,-49,0.0,25
1921,0,0,380,407,-27,0.0,24
1921,1,1,371,354,17,1.0,24
1929,0,0,494,452,42,1.0,23
1929,1,1,461,371,90,1.0,23
1937,0,0,549,405,144,1.0,21
1937,1,1,340,641,-301,0.0,20
1945,0,0,363,540,-177,0.0,19
1945,1,1,405,386,19,1.0,24
1953,0,0,332,569,-237,0.0,23
1953,1,1,512,425,87,1.0,24
1961,0,0,435,428,7,1.0,23
1961,1,1,453,380,73,1.0,24
1969,0,0,446,466,-20,0.0,21
1969,1,1,489,329,160,1.0,21
1977,0,0,395,396,-1,0.0,27
1977,1,1,475,407,68,1.0,24
1985,0,0,374,419,-45,0.0,24
1985,1,1,461,409,52,1.0,22
1993,0,0,399,491,-92,0.0,25
1993,1,1,490,365,125,1.0,27
pair,game,a_seat,a_score,b_score,a_spread,a_win,turns
2,0,0,430,458,-28,0.0,26
2,1,1,475,434,41,1.0,22
10,0,0,373,495,-122,0.0,28
10,1,1,473,439,34,1.0,22
18,0,0,359,410,-51,0.0,22
18,1,1,440,498,-58,0.0,24
26,0,0,582,361,221,1.0,22
26,1,1,363,557,-194,0.0,21
34,0,0,371,485,-114,0.0,23
34,1,1,412,370,42,1.0,23
42,0,0,418,446,-28,0.0,26
42,1,1,466,453,13,1.0,28
50,0,0,428,410,18,1.0,22
50,1,1,357,428,-71,0.0,23
58,0,0,555,293,262,1.0,22
58,1,1,315,571,-256,0.0,23
66,0,0,381,427,-46,0.0,22
66,1,1,530,429,101,1.0,22
74,0,0,525,383,142,1.0,23
74,1,1,429,400,29,1.0,23
82,0,0,466,344,122,1.0,23
82,1,1,417,479,-62,0.0,26
90,0,0,452,353,99,1.0,26
90,1,1,372,464,-92,0.0,22
98,0,0,366,474,-108,0.0,23
98,1,1,585,370,215,1.0,24
106,0,0,404,453,-49,0.0,25
106,1,1,374,395,-21,0.0,26
114,0,0,441,424,17,1.0,22
114,1,1,383,431,-48,0.0,21
122,0,0,484,359,125,1.0,26
122,1,1,396,444,-48,0.0,22
130,0,0,448,415,33,1.0,24
130,1,1,434,427,7,1.0,24
138,0,0,490,374,116,1.0,21
138,1,1,444,467,-23,0.0,20
146,0,0,381,481,-100,0.0,24
146,1,1,481,437,44,1.0,22
154,0,0,483,318,165,1.0,25
154,1,1,390,529,-139,0.0,23
162,0,0,403,363,40,1.0,22
162,1,1,419,377,42,1.0,28
170,0,0,420,455,-35,0.0,22
170,1,1,401,431,-30,0.0,22
178,0,0,414,426,-12,0.0,24
178,1,1,361,365,-4,0.0,37
186,0,0,496,354,142,1.0,21
186,1,1,398,489,-91,0.0,24
194,0,0,376,369,7,1.0,24
194,1,1,502,392,110,1.0,23
202,0,0,421,423,-2,0.0,23
202,1,1,372,395,-23,0.0,25
210,0,0,403,392,11,1.0,26
210,1,1,413,452,-39,0.0,27
218,0,0,380,456,-76,0.0,21
218,1,1,565,400,165,1.0,19
226,0,0,388,464,-76,0.0,23
226,1,1,465,405,60,1.0,20
234,0,0,419,471,-52,0.0,23
234,1,1,424,430,-6,0.0,25
242,0,0,364,435,-71,0.0,22
242,1,1,345,430,-85,0.0,23
250,0,0,408,480,-72,0.0,24
250,1,1,485,362,123,1.0,21
258,0,0,530,388,142,1.0,23
258,1,1,461,388,73,1.0,23
266,0,0,492,309,183,1.0,25
266,1,1,425,507,-82,0.0,21
274,0,0,474,402,72,1.0,25
274,1,1,460,496,-36,0.0,25
282,0,0,408,319,89,1.0,26
282,1,1,362,486,-124,0.0,26
290,0,0,481,366,115,1.0,23
290,1,1,390,475,-85,0.0,26
298,0,0,420,367,53,1.0,23
298,1,1,404,489,-85,0.0,25
306,0,0,331,484,-153,0.0,25
306,1,1,475,370,105,1.0,24
314,0,0,412,378,34,1.0,23
314,1,1,342,428,-86,0.0,22
322,0,0,398,329,69,1.0,23
322,1,1,442,462,-20,0.0,22
330,0,0,401,488,-87,0.0,24
330,1,1,512,451,61,1.0,24
338,0,0,354,433,-79,0.0,24
338,1,1,487,358,129,1.0,20
346,0,0,383,497,-114,0.0,24
346,1,1,455,576,-121,0.0,22
354,0,0,390,492,-102,0.0,24
354,1,1,510,413,97,1.0,21
362,0,0,498,414,84,1.0,24
362,1,1,346,494,-148,0.0,23
370,0,0,505,417,88,1.0,22
370,1,1,407,457,-50,0.0,26
378,0,0,485,435,50,1.0,21
378,1,1,407,313,94,1.0,22
386,0,0,483,389,94,1.0,24
386,1,1,448,517,-69,0.0,27
394,0,0,464,433,31,1.0,24
394,1,1,415,418,-3,0.0,22
402,0,0,438,386,52,1.0,22
402,1,1,424,452,-28,0.0,24
410,0,0,391,446,-55,0.0,22
410,1,1,393,402,-9,0.0,25
418,0,0,365,400,-35,0.0,21
418,1,1,504,357,147,1.0,26
426,0,0,306,431,-125,0.0,26
426,1,1,508,384,124,1.0,25
434,0,0,333,528,-195,0.0,22
434,1,1,522,426,96,1.0,20
442,0,0,369,360,9,1.0,22
442,1,1,390,433,-43,0.0,22
450,0,0,490,366,124,1.0,23
450,1,1,327,490,-163,0.0,25
458,0,0,478,409,69,1.0,22
458,1,1,555,504,51,1.0,22
466,0,0,491,359,132,1.0,22
466,1,1,420,487,-67,0.0,24
474,0,0,398,419,-21,0.0,26
474,1,1,399,410,-11,0.0,21
482,0,0,466,449,17,1.0,23
482,1,1,470,474,-4,0.0,21
490,0,0,434,466,-32,0.0,26
490,1,1,480,347,133,1.0,23
498,0,0,415,442,-27,0.0,25
498,1,1,430,425,5,1.0,21
506,0,0,433,333,100,1.0,23
506,1,1,470,414,56,1.0,22
514,0,0,422,434,-12,0.0,24
514,1,1,346,517,-171,0.0,22
522,0,0,406,513,-107,0.0,24
522,1,1,436,379,57,1.0,22
530,0,0,462,461,1,1.0,24
530,1,1,426,406,20,1.0,25
538,0,0,420,380,40,1.0,24
538,1,1,442,395,47,1.0,26
546,0,0,425,413,12,1.0,26
546,1,1,395,401,-6,0.0,23
554,0,0,513,355,158,1.0,22
554,1,1,452,423,29,1.0,25
562,0,0,497,466,31,1.0,24
562,1,1,476,376,100,1.0,20
570,0,0,493,380,113,1.0,25
570,1,1,474,435,39,1.0,23
578,0,0,433,330,103,1.0,24
578,1,1,342,487,-145,0.0,25
586,0,0,435,413,22,1.0,24
586,1,1,449,475,-26,0.0,23
594,0,0,423,321,102,1.0,38
594,1,1,344,423,-79,0.0,25
602,0,0,351,425,-74,0.0,25
602,1,1,395,359,36,1.0,26
610,0,0,356,549,-193,0.0,22
610,1,1,444,510,-66,0.0,23
618,0,0,423,367,56,1.0,25
618,1,1,439,390,49,1.0,25
626,0,0,361,511,-150,0.0,20
626,1,1,541,394,147,1.0,22
634,0,0,320,453,-133,0.0,24
634,1,1,447,374,73,1.0,24
642,0,0,443,472,-29,0.0,23
642,1,1,403,385,18,1.0,24
650,0,0,356,409,-53,0.0,26
650,1,1,444,303,141,1.0,24
658,0,0,372,429,-57,0.0,26
658,1,1,492,402,90,1.0,23
666,0,0,532,425,107,1.0,20
666,1,1,377,475,-98,0.0,22
674,0,0,451,411,40,1.0,23
674,1,1,351,483,-132,0.0,23
682,0,0,370,444,-74,0.0,23
682,1,1,510,366,144,1.0,23
690,0,0,331,514,-183,0.0,22
690,1,1,505,369,136,1.0,24
698,0,0,377,450,-73,0.0,24
698,1,1,432,456,-24,0.0,25
706,0,0,310,429,-119,0.0,25
706,1,1,476,388,88,1.0,22
714,0,0,464,489,-25,0.0,22
714,1,1,463,502,-39,0.0,22
722,0,0,424,366,58,1.0,23
722,1,1,398,505,-107,0.0,21
730,0,0,449,474,-25,0.0,24
730,1,1,448,365,83,1.0,24
738,0,0,439,354,85,1.0,23
738,1,1,407,424,-17,0.0,24
746,0,0,439,433,6,1.0,25
746,1,1,367,395,-28,0.0,22
754,0,0,520,350,170,1.0,28
754,1,1,359,435,-76,0.0,27
762,0,0,413,438,-25,0.0,22
762,1,1,419,309,110,1.0,23
770,0,0,432,459,-27,0.0,22
770,1,1,457,354,103,1.0,18
778,0,0,537,371,166,1.0,24
778,1,1,415,390,25,1.0,23
786,0,0,380,462,-82,0.0,24
786,1,1,431,395,36,1.0,24
794,0,0,414,442,-28,0.0,22
794,1,1,377,478,-101,0.0,22
802,0,0,454,438,16,1.0,26
802,1,1,391,482,-91,0.0,25
810,0,0,334,425,-91,0.0,26
810,1,1,424,408,16,1.0,23
818,0,0,414,517,-103,0.0,20
818,1,1,446,412,34,1.0,24
826,0,0,468,427,41,1.0,22
826,1,1,434,460,-26,0.0,22
834,0,0,479,355,124,1.0,24
834,1,1,407,435,-28,0.0,32
842,0,0,509,370,139,1.0,23
842,1,1,406,529,-123,0.0,21
850,0,0,412,491,-79,0.0,26
850,1,1,371,448,-77,0.0,25
858,0,0,364,457,-93,0.0,24
858,1,1,416,332,84,1.0,26
866,0,0,413,374,39,1.0,22
866,1,1,454,408,46,1.0,28
874,0,0,475,296,179,1.0,21
874,1,1,383,595,-212,0.0,25
882,0,0,351,442,-91,0.0,24
882,1,1,367,321,46,1.0,25
890,0,0,441,397,44,1.0,26
890,1,1,342,448,-106,0.0,24
898,0,0,546,380,166,1.0,22
898,1,1,406,556,-150,0.0,20
906,0,0,357,398,-41,0.0,24
906,1,1,429,385,44,1.0,23
914,0,0,536,365,171,1.0,25
914,1,1,389,453,-64,0.0,25
922,0,0,392,471,-79,0.0,25
922,1,1,433,407,26,1.0,26
930,0,0,317,468,-151,0.0,26
930,1,1,535,347,188,1.0,23
938,0,0,357,468,-111,0.0,24
938,1,1,395,421,-26,0.0,23
946,0,0,410,287,123,1.0,27
946,1,1,328,449,-121,0.0,28
954,0,0,449,461,-12,0.0,23
954,1,1,464,322,142,1.0,22
962,0,0,350,333,17,1.0,28
962,1,1,498,416,82,1.0,23
970,0,0,370,438,-68,0.0,26
970,1,1,419,399,20,1.0,23
978,0,0,673,359,314,1.0,23
978,1,1,456,477,-21,0.0,20
986,0,0,533,342,191,1.0,23
986,1,1,353,406,-53,0.0,27
994,0,0,381,488,-107,0.0,25
994,1,1,485,383,102,1.0,25
1002,0,0,460,335,125,1.0,22
1002,1,1,389,506,-117,0.0,20
1010,0,0,412,421,-9,0.0,23
1010,1,1,482,382,100,1.0,24
1018,0,0,373,436,-63,0.0,24
1018,1,1,375,351,24,1.0,22
1026,0,0,420,435,-15,0.0,22
1026,1,1,441,489,-48,0.0,21
1034,0,0,395,411,-16,0.0,23
1034,1,1,439,449,-10,0.0,26
1042,0,0,496,362,134,1.0,23
1042,1,1,433,550,-117,0.0,20
1050,0,0,407,391,16,1.0,23
1050,1,1,381,469,-88,0.0,23
1058,0,0,576,322,254,1.0,23
1058,1,1,313,534,-221,0.0,25
1066,0,0,475,427,48,1.0,21
1066,1,1,445,368,77,1.0,21
1074,0,0,433,454,-21,0.0,24
1074,1,1,474,389,85,1.0,26
1082,0,0,420,376,44,1.0,22
1082,1,1,459,362,97,1.0,24
1090,0,0,365,461,-96,0.0,27
1090,1,1,441,445,-4,0.0,26
1098,0,0,475,475,0,0.5,23
1098,1,1,438,442,-4,0.0,23
1106,0,0,444,454,-10,0.0,21
1106,1,1,377,486,-109,0.0,25
1114,0,0,484,336,148,1.0,28
1114,1,1,359,395,-36,0.0,23
1122,0,0,373,439,-66,0.0,22
1122,1,1,496,345,151,1.0,20
1130,0,0,448,379,69,1.0,23
1130,1,1,429,397,32,1.0,23
1138,0,0,417,448,-31,0.0,20
1138,1,1,391,390,1,1.0,24
1146,0,0,491,296,195,1.0,26
1146,1,1,425,458,-33,0.0,24
1154,0,0,497,306,191,1.0,25
1154,1,1,380,453,-73,0.0,25
1162,0,0,486,385,101,1.0,22
1162,1,1,415,511,-96,0.0,24
1170,0,0,390,394,-4,0.0,27
1170,1,1,409,443,-34,0.0,28
1178,0,0,386,423,-37,0.0,21
1178,1,1,407,371,36,1.0,25
1186,0,0,476,389,87,1.0,22
1186,1,1,526,356,170,1.0,23
1194,0,0,471,435,36,1.0,23
1194,1,1,453,500,-47,0.0,21
1202,0,0,383,390,-7,0.0,26
1202,1,1,413,405,8,1.0,24
1210,0,0,327,512,-185,0.0,25
1210,1,1,502,316,186,1.0,24
1218,0,0,425,434,-9,0.0,25
1218,1,1,440,370,70,1.0,21
1226,0,0,603,357,246,1.0,21
1226,1,1,274,527,-253,0.0,24
1234,0,0,525,458,67,1.0,22
1234,1,1,438,541,-103,0.0,21
1242,0,0,514,366,148,1.0,25
1242,1,1,402,453,-51,0.0,26
1250,0,0,437,401,36,1.0,26
1250,1,1,469,401,68,1.0,23
1258,0,0,444,374,70,1.0,20
1258,1,1,461,457,4,1.0,25
1266,0,0,447,437,10,1.0,21
1266,1,1,479,467,12,1.0,23
1274,0,0,285,446,-161,0.0,27
1274,1,1,431,402,29,1.0,25
1282,0,0,341,484,-143,0.0,26
1282,1,1,422,450,-28,0.0,22
1290,0,0,364,554,-190,0.0,24
1290,1,1,455,321,134,1.0,21
1298,0,0,479,326,153,1.0,26
1298,1,1,373,419,-46,0.0,23
1306,0,0,532,351,181,1.0,22
1306,1,1,383,571,-188,0.0,23
1314,0,0,388,407,-19,0.0,22
1314,1,1,382,447,-65,0.0,24
1322,0,0,464,456,8,1.0,22
1322,1,1,483,361,122,1.0,22
1330,0,0,458,412,46,1.0,23
1330,1,1,431,378,53,1.0,23
1338,0,0,403,381,22,1.0,24
1338,1,1,379,401,-22,0.0,27
1346,0,0,397,380,17,1.0,27
1346,1,1,441,434,7,1.0,23
1354,0,0,489,294,195,1.0,30
1354,1,1,492,402,90,1.0,21
1362,0,0,413,426,-13,0.0,22
1362,1,1,396,410,-14,0.0,26
1370,0,0,481,412,69,1.0,25
1370,1,1,329,534,-205,0.0,23
1378,0,0,423,426,-3,0.0,26
1378,1,1,374,447,-73,0.0,22
1386,0,0,418,513,-95,0.0,25
1386,1,1,413,444,-31,0.0,21
1394,0,0,492,410,82,1.0,23
1394,1,1,461,548,-87,0.0,21
1402,0,0,460,300,160,1.0,22
1402,1,1,325,470,-145,0.0,24
1410,0,0,522,334,188,1.0,23
1410,1,1,342,513,-171,0.0,26
1418,0,0,497,329,168,1.0,28
1418,1,1,337,469,-132,0.0,23
1426,0,0,487,332,155,1.0,23
1426,1,1,330,468,-138,0.0,19
1434,0,0,387,392,-5,0.0,26
1434,1,1,444,329,115,1.0,24
1442,0,0,514,427,87,1.0,20
1442,1,1,535,443,92,1.0,23
1450,0,0,367,399,-32,0.0,24
1450,1,1,429,339,90,1.0,25
1458,0,0,410,572,-162,0.0,23
1458,1,1,440,414,26,1.0,24
1466,0,0,392,490,-98,0.0,26
1466,1,1,378,482,-104,0.0,25
1474,0,0,462,347,115,1.0,23
1474,1,1,414,443,-29,0.0,23
1482,0,0,463,382,81,1.0,22
1482,1,1,369,450,-81,0.0,22
1490,0,0,391,368,23,1.0,22
1490,1,1,426,409,17,1.0,23
1498,0,0,505,364,141,1.0,23
1498,1,1,374,437,-63,0.0,24
1506,0,0,424,462,-38,0.0,25
1506,1,1,462,393,69,1.0,28
1514,0,0,370,462,-92,0.0,27
1514,1,1,423,307,116,1.0,22
1522,0,0,388,365,23,1.0,26
1522,1,1,462,348,114,1.0,25
1530,0,0,409,431,-22,0.0,29
1530,1,1,448,339,109,1.0,25
1538,0,0,536,390,146,1.0,25
1538,1,1,356,524,-168,0.0,27
1546,0,0,374,402,-28,0.0,37
1546,1,1,492,369,123,1.0,20
1554,0,0,500,371,129,1.0,23
1554,1,1,404,475,-71,0.0,23
1562,0,0,482,431,51,1.0,25
1562,1,1,444,389,55,1.0,22
1570,0,0,444,366,78,1.0,23
1570,1,1,351,536,-185,0.0,23
1578,0,0,569,342,227,1.0,23
1578,1,1,444,527,-83,0.0,23
1586,0,0,456,361,95,1.0,29
1586,1,1,352,398,-46,0.0,31
1594,0,0,450,398,52,1.0,25
1594,1,1,497,412,85,1.0,25
1602,0,0,397,512,-115,0.0,20
1602,1,1,418,491,-73,0.0,23
1610,0,0,510,372,138,1.0,21
1610,1,1,350,481,-131,0.0,25
1618,0,0,444,349,95,1.0,26
1618,1,1,455,377,78,1.0,22
1626,0,0,389,399,-10,0.0,24
1626,1,1,398,494,-96,0.0,21
1634,0,0,452,402,50,1.0,26
1634,1,1,464,420,44,1.0,23
1642,0,0,455,413,42,1.0,27
1642,1,1,492,370,122,1.0,22
1650,0,0,623,352,271,1.0,23
1650,1,1,433,427,6,1.0,23
1658,0,0,566,398,168,1.0,25
1658,1,1,510,393,117,1.0,23
1666,0,0,426,355,71,1.0,22
1666,1,1,345,465,-120,0.0,25
1674,0,0,523,356,167,1.0,19
1674,1,1,381,469,-88,0.0,23
1682,0,0,381,381,0,0.5,22
1682,1,1,339,434,-95,0.0,23
1690,0,0,379,382,-3,0.0,24
1690,1,1,362,330,32,1.0,23
1698,0,0,459,443,16,1.0,26
1698,1,1,364,436,-72,0.0,23
1706,0,0,407,513,-106,0.0,23
1706,1,1,458,395,63,1.0,22
1714,0,0,442,354,88,1.0,23
1714,1,1,304,507,-203,0.0,26
1722,0,0,515,352,163,1.0,25
1722,1,1,408,435,-27,0.0,24
1730,0,0,558,299,259,1.0,23
1730,1,1,454,378,76,1.0,24
1738,0,0,507,369,138,1.0,22
1738,1,1,374,506,-132,0.0,26
1746,0,0,462,275,187,1.0,26
1746,1,1,301,578,-277,0.0,23
1754,0,0,373,437,-64,0.0,28
1754,1,1,405,432,-27,0.0,25
1762,0,0,411,400,11,1.0,28
1762,1,1,442,335,107,1.0,25
1770,0,0,531,398,133,1.0,21
1770,1,1,442,388,54,1.0,23
1778,0,0,452,412,40,1.0,21
1778,1,1,384,521,-137,0.0,25
1786,0,0,468,475,-7,0.0,24
1786,1,1,439,421,18,1.0,21
1794,0,0,526,475,51,1.0,21
1794,1,1,441,447,-6,0.0,19
1802,0,0,391,461,-70,0.0,23
1802,1,1,352,564,-212,0.0,21
1810,0,0,484,479,5,1.0,24
1810,1,1,442,440,2,1.0,24
1818,0,0,421,415,6,1.0,24
1818,1,1,410,376,34,1.0,22
1826,0,0,373,416,-43,0.0,24
1826,1,1,501,409,92,1.0,21
1834,0,0,449,527,-78,0.0,22
1834,1,1,433,436,-3,0.0,22
1842,0,0,477,429,48,1.0,23
1842,1,1,522,356,166,1.0,22
1850,0,0,467,399,68,1.0,24
1850,1,1,403,488,-85,0.0,21
1858,0,0,324,535,-211,0.0,23
1858,1,1,482,360,122,1.0,23
1866,0,0,510,438,72,1.0,23
1866,1,1,359,513,-154,0.0,22
1874,0,0,346,433,-87,0.0,23
1874,1,1,447,391,56,1.0,25
1882,0,0,436,367,69,1.0,24
1882,1,1,365,483,-118,0.0,25
1890,0,0,392,446,-54,0.0,25
1890,1,1,425,346,79,1.0,28
1898,0,0,392,397,-5,0.0,22
1898,1,1,369,387,-18,0.0,25
1906,0,0,373,388,-15,0.0,26
1906,1,1,429,478,-49,0.0,23
1914,0,0,457,435,22,1.0,22
1914,1,1,435,483,-48,0.0,20
1922,0,0,471,382,89,1.0,24
1922,1,1,318,464,-146,0.0,23
1930,0,0,552,343,209,1.0,25
1930,1,1,301,475,-174,0.0,24
1938,0,0,435,458,-23,0.0,20
1938,1,1,387,410,-23,0.0,22
1946,0,0,346,481,-135,0.0,23
1946,1,1,458,390,68,1.0,21
1954,0,0,440,513,-73,0.0,24
1954,1,1,413,420,-7,0.0,23
1962,0,0,466,362,104,1.0,25
1962,1,1,445,417,28,1.0,26
1970,0,0,357,448,-91,0.0,25
1970,1,1,570,317,253,1.0,24
1978,0,0,409,469,-60,0.0,22
1978,1,1,447,435,12,1.0,24
1986,0,0,451,444,7,1.0,22
1986,1,1,371,520,-149,0.0,24
1994,0,0,398,433,-35,0.0,21
1994,1,1,478,409,69,1.0,24
pair,game,a_seat,a_score,b_score,a_spread,a_win,turns
3,0,0,432,383,49,1.0,23
3,1,1,366,412,-46,0.0,25
11,0,0,449,380,69,1.0,22
11,1,1,333,350,-17,0.0,21
19,0,0,444,432,12,1.0,25
19,1,1,466,465,1,1.0,21
27,0,0,452,405,47,1.0,21
27,1,1,435,452,-17,0.0,21
35,0,0,523,483,40,1.0,22
35,1,1,435,408,27,1.0,21
43,0,0,310,415,-105,0.0,27
43,1,1,468,365,103,1.0,25
51,0,0,437,376,61,1.0,23
51,1,1,309,402,-93,0.0,24
59,0,0,342,484,-142,0.0,25
59,1,1,476,342,134,1.0,21
67,0,0,409,449,-40,0.0,21
67,1,1,455,372,83,1.0,21
75,0,0,284,563,-279,0.0,22
75,1,1,488,400,88,1.0,25
83,0,0,333,493,-160,0.0,25
83,1,1,470,361,109,1.0,21
91,0,0,429,296,133,1.0,25
91,1,1,328,477,-149,0.0,25
99,0,0,448,402,46,1.0,23
99,1,1,374,461,-87,0.0,25
107,0,0,412,524,-112,0.0,21
107,1,1,345,376,-31,0.0,22
115,0,0,394,471,-77,0.0,23
115,1,1,466,488,-22,0.0,24
123,0,0,413,443,-30,0.0,22
123,1,1,438,352,86,1.0,28
131,0,0,455,541,-86,0.0,24
131,1,1,366,480,-114,0.0,23
139,0,0,458,399,59,1.0,28
139,1,1,325,446,-121,0.0,26
147,0,0,499,582,-83,0.0,23
147,1,1,459,403,56,1.0,22
155,0,0,359,425,-66,0.0,25
155,1,1,469,281,188,1.0,29
163,0,0,399,435,-36,0.0,28
163,1,1,411,441,-30,0.0,23
171,0,0,476,453,23,1.0,21
171,1,1,375,423,-48,0.0,20
179,0,0,316,500,-184,0.0,26
179,1,1,555,379,176,1.0,23
187,0,0,398,423,-25,0.0,26
187,1,1,492,466,26,1.0,24
195,0,0,353,538,-185,0.0,22
195,1,1,402,342,60,1.0,21
203,0,0,515,340,175,1.0,24
203,1,1,426,428,-2,0.0,23
211,0,0,396,402,-6,0.0,21
211,1,1,378,458,-80,0.0,24
219,0,0,357,420,-63,0.0,25
219,1,1,485,412,73,1.0,21
227,0,0,402,423,-21,0.0,24
227,1,1,433,359,74,1.0,29
235,0,0,428,397,31,1.0,29
235,1,1,480,356,124,1.0,23
243,0,0,480,451,29,1.0,25
243,1,1,332,501,-169,0.0,20
251,0,0,445,449,-4,0.0,22
251,1,1,414,452,-38,0.0,23
259,0,0,527,338,189,1.0,24
259,1,1,425,464,-39,0.0,23
267,0,0,479,383,96,1.0,24
267,1,1,391,399,-8,0.0,23
275,0,0,338,401,-63,0.0,25
275,1,1,530,427,103,1.0,22
283,0,0,432,439,-7,0.0,25
283,1,1,484,374,110,1.0,23
291,0,0,307,424,-117,0.0,23
291,1,1,350,450,-100,0.0,22
299,0,0,406,488,-82,0.0,22
299,1,1,572,408,164,1.0,24
307,0,0,415,362,53,1.0,23
307,1,1,402,319,83,1.0,35
315,0,0,408,360,48,1.0,26
315,1,1,411,426,-15,0.0,26
323,0,0,471,438,33,1.0,22
323,1,1,394,427,-33,0.0,21
331,0,0,446,398,48,1.0,24
331,1,1,501,469,32,1.0,23
339,0,0,489,373,116,1.0,20
339,1,1,402,450,-48,0.0,24
347,0,0,356,489,-133,0.0,29
347,1,1,419,357,62,1.0,25
355,0,0,336,409,-73,0.0,23
355,1,1,497,368,129,1.0,23
363,0,0,507,414,93,1.0,22
363,1,1,401,482,-81,0.0,23
371,0,0,441,412,29,1.0,23
371,1,1,431,440,-9,0.0,27
379,0,0,378,521,-143,0.0,22
379,1,1,370,488,-118,0.0,22
387,0,0,532,384,148,1.0,23
387,1,1,396,475,-79,0.0,22
395,0,0,462,469,-7,0.0,26
395,1,1,382,521,-139,0.0,23
403,0,0,378,478,-100,0.0,25
403,1,1,427,422,5,1.0,23
411,0,0,330,407,-77,0.0,27
411,1,1,493,287,206,1.0,22
419,0,0,410,471,-61,0.0,23
419,1,1,457,394,63,1.0,22
427,0,0,514,523,-9,0.0,21
427,1,1,523,424,99,1.0,22
435,0,0,510,420,90,1.0,23
435,1,1,487,400,87,1.0,25
443,0,0,398,532,-134,0.0,25
443,1,1,356,472,-116,0.0,22
451,0,0,407,422,-15,0.0,25
451,1,1,460,399,61,1.0,24
459,0,0,399,450,-51,0.0,22
459,1,1,526,351,175,1.0,21
467,0,0,378,398,-20,0.0,25
467,1,1,481,373,108,1.0,26
475,0,0,370,347,23,1.0,23
475,1,1,452,367,85,1.0,21
483,0,0,505,355,150,1.0,22
483,1,1,480,379,101,1.0,27
491,0,0,533,376,157,1.0,28
491,1,1,370,374,-4,0.0,26
499,0,0,469,380,89,1.0,27
499,1,1,377,393,-16,0.0,23
507,0,0,399,449,-50,0.0,23
507,1,1,438,393,45,1.0,22
515,0,0,506,382,124,1.0,25
515,1,1,359,370,-11,0.0,27
523,0,0,390,436,-46,0.0,26
523,1,1,428,411,17,1.0,24
531,0,0,370,388,-18,0.0,25
531,1,1,415,440,-25,0.0,26
539,0,0,525,338,187,1.0,24
539,1,1,326,539,-213,0.0,27
547,0,0,390,440,-50,0.0,21
547,1,1,390,490,-100,0.0,22
555,0,0,354,443,-89,0.0,24
555,1,1,478,376,102,1.0,24
563,0,0,398,485,-87,0.0,28
563,1,1,520,435,85,1.0,26
571,0,0,358,376,-18,0.0,27
571,1,1,482,326,156,1.0,21
579,0,0,442,422,20,1.0,27
579,1,1,415,448,-33,0.0,26
587,0,0,412,380,32,1.0,25
587,1,1,525,483,42,1.0,26
595,0,0,396,568,-172,0.0,24
595,1,1,462,326,136,1.0,26
603,0,0,429,454,-25,0.0,23
603,1,1,459,394,65,1.0,21
611,0,0,301,487,-186,0.0,27
611,1,1,510,427,83,1.0,21
619,0,0,438,448,-10,0.0,20
619,1,1,409,457,-48,0.0,22
627,0,0,467,420,47,1.0,25
627,1,1,425,404,21,1.0,24
635,0,0,370,348,22,1.0,20
635,1,1,359,446,-87,0.0,22
643,0,0,478,376,102,1.0,24
643,1,1,368,497,-129,0.0,24
651,0,0,401,432,-31,0.0,27
651,1,1,395,454,-59,0.0,26
659,0,0,379,426,-47,0.0,24
659,1,1,420,329,91,1.0,22
667,0,0,446,417,29,1.0,23
667,1,1,432,470,-38,0.0,22
675,0,0,374,526,-152,0.0,26
675,1,1,512,370,142,1.0,25
683,0,0,428,435,-7,0.0,22
683,1,1,469,379,90,1.0,22
691,0,0,365,451,-86,0.0,24
691,1,1,470,356,114,1.0,25
699,0,0,339,475,-136,0.0,21
699,1,1,488,402,86,1.0,22
707,0,0,440,444,-4,0.0,22
707,1,1,550,414,136,1.0,27
715,0,0,418,425,-7,0.0,27
715,1,1,396,532,-136,0.0,25
723,0,0,361,442,-81,0.0,23
723,1,1,424,384,40,1.0,23
731,0,0,460,508,-48,0.0,25
731,1,1,419,369,50,1.0,23
739,0,0,330,446,-116,0.0,25
739,1,1,546,300,246,1.0,23
747,0,0,335,473,-138,0.0,25
747,1,1,499,349,150,1.0,22
755,0,0,437,427,10,1.0,23
755,1,1,339,430,-91,0.0,23
763,0,0,373,457,-84,0.0,25
763,1,1,419,335,84,1.0,24
771,0,0,392,328,64,1.0,25
771,1,1,461,335,126,1.0,28
779,0,0,454,473,-19,0.0,22
779,1,1,403,377,26,1.0,24
787,0,0,416,468,-52,0.0,27
787,1,1,378,441,-63,0.0,26
795,0,0,526,445,81,1.0,20
795,1,1,512,488,24,1.0,24
803,0,0,350,460,-110,0.0,23
803,1,1,432,424,8,1.0,22
811,0,0,423,355,68,1.0,25
811,1,1,482,365,117,1.0,24
819,0,0,375,484,-109,0.0,21
819,1,1,500,376,124,1.0,21
827,0,0,405,359,46,1.0,27
827,1,1,457,472,-15,0.0,23
835,0,0,513,450,63,1.0,21
835,1,1,399,548,-149,0.0,24
843,0,0,394,415,-21,0.0,24
843,1,1,440,435,5,1.0,22
851,0,0,410,481,-71,0.0,23
851,1,1,372,413,-41,0.0,26
859,0,0,420,445,-25,0.0,24
859,1,1,489,450,39,1.0,27
867,0,0,490,462,28,1.0,24
867,1,1,396,512,-116,0.0,25
875,0,0,356,424,-68,0.0,26
875,1,1,523,363,160,1.0,26
883,0,0,470,449,21,1.0,27
883,1,1,519,328,191,1.0,24
891,0,0,416,323,93,1.0,24
891,1,1,362,487,-125,0.0,24
899,0,0,399,358,41,1.0,23
899,1,1,422,324,98,1.0,31
907,0,0,411,367,44,1.0,23
907,1,1,422,444,-22,0.0,24
915,0,0,477,399,78,1.0,23
915,1,1,431,569,-138,0.0,24
923,0,0,309,348,-39,0.0,26
923,1,1,406,349,57,1.0,22
931,0,0,439,508,-69,0.0,21
931,1,1,401,511,-110,0.0,23
939,0,0,406,548,-142,0.0,26
939,1,1,555,370,185,1.0,25
947,0,0,384,477,-93,0.0,21
947,1,1,414,419,-5,0.0,25
955,0,0,388,380,8,1.0,24
955,1,1,433,403,30,1.0,26
963,0,0,419,442,-23,0.0,27
963,1,1,410,396,14,1.0,28
971,0,0,450,408,42,1.0,26
971,1,1,389,406,-17,0.0,23
979,0,0,491,482,9,1.0,24
979,1,1,484,444,40,1.0,24
987,0,0,412,459,-47,0.0,22
987,1,1,388,351,37,1.0,23
995,0,0,394,482,-88,0.0,23
995,1,1,459,416,43,1.0,23
1003,0,0,389,507,-118,0.0,19
1003,1,1,465,321,144,1.0,21
1011,0,0,417,352,65,1.0,27
1011,1,1,362,435,-73,0.0,28
1019,0,0,473,451,22,1.0,25
1019,1,1,468,333,135,1.0,29
1027,0,0,419,524,-105,0.0,23
1027,1,1,533,506,27,1.0,22
1035,0,0,437,433,4,1.0,20
1035,1,1,413,408,5,1.0,19
1043,0,0,318,351,-33,0.0,20
1043,1,1,444,435,9,1.0,21
1051,0,0,478,394,84,1.0,26
1051,1,1,424,450,-26,0.0,23
1059,0,0,417,460,-43,0.0,24
1059,1,1,364,482,-118,0.0,25
1067,0,0,503,307,196,1.0,27
1067,1,1,410,436,-26,0.0,28
1075,0,0,486,401,85,1.0,22
1075,1,1,393,522,-129,0.0,24
1083,0,0,500,338,162,1.0,24
1083,1,1,499,450,49,1.0,22
1091,0,0,381,448,-67,0.0,21
1091,1,1,502,440,62,1.0,23
1099,0,0,369,533,-164,0.0,24
1099,1,1,474,394,80,1.0,22
1107,0,0,444,454,-10,0.0,25
1107,1,1,487,464,23,1.0,23
1115,0,0,388,351,37,1.0,25
1115,1,1,347,437,-90,0.0,26
1123,0,0,392,405,-13,0.0,22
1123,1,1,407,445,-38,0.0,22
1131,0,0,357,462,-105,0.0,23
1131,1,1,378,337,41,1.0,28
1139,0,0,371,461,-90,0.0,24
1139,1,1,559,346,213,1.0,25
1147,0,0,425,461,-36,0.0,23
1147,1,1,433,424,9,1.0,23
1155,0,0,400,460,-60,0.0,23
1155,1,1,381,465,-84,0.0,23
1163,0,0,421,430,-9,0.0,23
1163,1,1,450,486,-36,0.0,22
1171,0,0,517,418,99,1.0,23
1171,1,1,383,514,-131,0.0,24
1179,0,0,373,444,-71,0.0,24
1179,1,1,415,380,35,1.0,25
1187,0,0,570,467,103,1.0,25
1187,1,1,432,403,29,1.0,26
1195,0,0,441,423,18,1.0,24
1195,1,1,443,469,-26,0.0,22
1203,0,0,344,436,-92,0.0,22
1203,1,1,452,389,63,1.0,22
1211,0,0,333,465,-132,0.0,23
1211,1,1,434,470,-36,0.0,22
1219,0,0,416,374,42,1.0,24
1219,1,1,288,397,-109,0.0,26
1227,0,0,428,444,-16,0.0,26
1227,1,1,449,418,31,1.0,22
1235,0,0,475,413,62,1.0,24
1235,1,1,436,491,-55,0.0,23
1243,0,0,415,436,-21,0.0,22
1243,1,1,576,426,150,1.0,23
1251,0,0,332,535,-203,0.0,23
1251,1,1,558,420,138,1.0,22
1259,0,0,231,533,-302,0.0,27
1259,1,1,441,346,95,1.0,26
1267,0,0,530,417,113,1.0,26
1267,1,1,349,491,-142,0.0,24
1275,0,0,407,408,-1,0.0,25
1275,1,1,410,406,4,1.0,29
1283,0,0,413,432,-19,0.0,25
1283,1,1,415,384,31,1.0,23
1291,0,0,397,493,-96,0.0,23
1291,1,1,415,410,5,1.0,26
1299,0,0,346,529,-183,0.0,23
1299,1,1,602,311,291,1.0,24
1307,0,0,302,437,-135,0.0,23
1307,1,1,423,356,67,1.0,26
1315,0,0,355,567,-212,0.0,23
1315,1,1,446,378,68,1.0,25
1323,0,0,459,396,63,1.0,26
1323,1,1,363,449,-86,0.0,23
1331,0,0,445,399,46,1.0,20
1331,1,1,523,365,158,1.0,29
1339,0,0,419,380,39,1.0,23
1339,1,1,395,457,-62,0.0,26
1347,0,0,392,367,25,1.0,25
1347,1,1,368,407,-39,0.0,20
1355,0,0,377,405,-28,0.0,26
1355,1,1,419,424,-5,0.0,21
1363,0,0,423,545,-122,0.0,26
1363,1,1,453,378,75,1.0,23
1371,0,0,401,356,45,1.0,29
1371,1,1,422,410,12,1.0,22
1379,0,0,433,444,-11,0.0,23
1379,1,1,355,370,-15,0.0,24
1387,0,0,346,445,-99,0.0,25
1387,1,1,335,381,-46,0.0,22
1395,0,0,386,521,-135,0.0,24
1395,1,1,471,440,31,1.0,24
1403,0,0,425,526,-101,0.0,24
1403,1,1,504,347,157,1.0,21
1411,0,0,351,447,-96,0.0,22
1411,1,1,440,322,118,1.0,22
1419,0,0,366,494,-128,0.0,20
1419,1,1,432,404,28,1.0,22
1427,0,0,462,296,166,1.0,22
1427,1,1,448,423,25,1.0,21
1435,0,0,386,482,-96,0.0,23
1435,1,1,559,360,199,1.0,24
1443,0,0,430,452,-22,0.0,24
1443,1,1,551,289,262,1.0,23
1451,0,0,551,346,205,1.0,24
1451,1,1,341,388,-47,0.0,25
1459,0,0,328,488,-160,0.0,23
1459,1,1,360,305,55,1.0,29
1467,0,0,465,376,89,1.0,23
1467,1,1,416,487,-71,0.0,26
1475,0,0,434,443,-9,0.0,28
1475,1,1,473,415,58,1.0,26
1483,0,0,536,318,218,1.0,22
1483,1,1,430,516,-86,0.0,22
1491,0,0,413,440,-27,0.0,23
1491,1,1,414,473,-59,0.0,24
1499,0,0,328,484,-156,0.0,22
1499,1,1,405,389,16,1.0,21
1507,0,0,442,490,-48,0.0,23
1507,1,1,382,445,-63,0.0,25
1515,0,0,530,388,142,1.0,23
1515,1,1,419,448,-29,0.0,20
1523,0,0,465,378,87,1.0,26
1523,1,1,398,460,-62,0.0,28
1531,0,0,553,386,167,1.0,20
1531,1,1,394,561,-167,0.0,25
1539,0,0,522,389,133,1.0,22
1539,1,1,415,456,-41,0.0,24
1547,0,0,367,420,-53,0.0,24
1547,1,1,495,436,59,1.0,24
1555,0,0,488,417,71,1.0,22
1555,1,1,418,520,-102,0.0,24
1563,0,0,426,521,-95,0.0,24
1563,1,1,469,402,67,1.0,22
1571,0,0,351,483,-132,0.0,26
1571,1,1,431,412,19,1.0,21
1579,0,0,362,476,-114,0.0,24
1579,1,1,731,416,315,1.0,21
1587,0,0,496,355,141,1.0,24
1587,1,1,450,463,-13,0.0,25
1595,0,0,449,448,1,1.0,23
1595,1,1,492,303,189,1.0,26
1603,0,0,381,395,-14,0.0,25
1603,1,1,414,425,-11,0.0,24
1611,0,0,379,373,6,1.0,25
1611,1,1,407,445,-38,0.0,23
1619,0,0,446,473,-27,0.0,22
1619,1,1,449,365,84,1.0,22
1627,0,0,385,468,-83,0.0,25
1627,1,1,391,330,61,1.0,24
1635,0,0,431,414,17,1.0,26
1635,1,1,425,401,24,1.0,23
1643,0,0,421,406,15,1.0,25
1643,1,1,528,408,120,1.0,23
1651,0,0,512,326,186,1.0,20
1651,1,1,459,472,-13,0.0,21
1659,0,0,412,440,-28,0.0,24
1659,1,1,481,405,76,1.0,23
1667,0,0,457,398,59,1.0,24
1667,1,1,464,483,-19,0.0,23
1675,0,0,454,470,-16,0.0,21
1675,1,1,483,431,52,1.0,21
1683,0,0,425,501,-76,0.0,23
1683,1,1,466,401,65,1.0,26
1691,0,0,446,453,-7,0.0,25
1691,1,1,491,474,17,1.0,23
1699,0,0,356,509,-153,0.0,20
1699,1,1,448,484,-36,0.0,22
1707,0,0,307,454,-147,0.0,28
1707,1,1,482,327,155,1.0,24
1715,0,0,398,444,-46,0.0,21
1715,1,1,460,356,104,1.0,21
1723,0,0,377,443,-66,0.0,22
1723,1,1,544,338,206,1.0,23
1731,0,0,409,469,-60,0.0,24
1731,1,1,447,400,47,1.0,23
1739,0,0,406,469,-63,0.0,25
1739,1,1,481,404,77,1.0,22
1747,0,0,374,405,-31,0.0,23
1747,1,1,320,422,-102,0.0,24
1755,0,0,372,378,-6,0.0,23
1755,1,1,499,359,140,1.0,22
1763,0,0,516,376,140,1.0,23
1763,1,1,454,419,35,1.0,23
1771,0,0,453,464,-11,0.0,23
1771,1,1,397,498,-101,0.0,24
1779,0,0,418,404,14,1.0,22
1779,1,1,421,412,9,1.0,25
1787,0,0,446,448,-2,0.0,21
1787,1,1,526,435,91,1.0,27
1795,0,0,373,484,-111,0.0,23
1795,1,1,353,348,5,1.0,25
1803,0,0,571,459,112,1.0,23
1803,1,1,430,429,1,1.0,22
1811,0,0,455,426,29,1.0,24
1811,1,1,461,479,-18,0.0,19
1819,0,0,502,378,124,1.0,24
1819,1,1,508,397,111,1.0,22
1827,0,0,527,421,106,1.0,24
1827,1,1,484,442,42,1.0,23
1835,0,0,475,390,85,1.0,22
1835,1,1,371,540,-169,0.0,20
1843,0,0,437,427,10,1.0,23
1843,1,1,431,447,-16,0.0,24
1851,0,0,517,382,135,1.0,24
1851,1,1,431,456,-25,0.0,26
1859,0,0,461,363,98,1.0,28
1859,1,1,439,414,25,1.0,20
1867,0,0,446,327,119,1.0,25
1867,1,1,384,379,5,1.0,26
1875,0,0,329,497,-168,0.0,20
1875,1,1,532,345,187,1.0,21
1883,0,0,540,407,133,1.0,24
1883,1,1,443,418,25,1.0,23
1891,0,0,397,540,-143,0.0,21
1891,1,1,738,423,315,1.0,22
1899,0,0,489,377,112,1.0,24
1899,1,1,492,481,11,1.0,24
1907,0,0,496,379,117,1.0,22
1907,1,1,474,399,75,1.0,29
1915,0,0,402,447,-45,0.0,24
1915,1,1,484,406,78,1.0,22
1923,0,0,424,369,55,1.0,23
1923,1,1,397,473,-76,0.0,27
1931,0,0,463,418,45,1.0,24
1931,1,1,440,492,-52,0.0,24
1939,0,0,375,406,-31,0.0,23
1939,1,1,356,503,-147,0.0,27
1947,0,0,440,506,-66,0.0,23
1947,1,1,419,363,56,1.0,28
1955,0,0,570,427,143,1.0,23
1955,1,1,409,468,-59,0.0,25
1963,0,0,393,431,-38,0.0,22
1963,1,1,434,381,53,1.0,22
1971,0,0,421,393,28,1.0,25
1971,1,1,352,534,-182,0.0,31
1979,0,0,348,593,-245,0.0,21
1979,1,1,514,362,152,1.0,23
1987,0,0,311,428,-117,0.0,33
1987,1,1,402,408,-6,0.0,24
1995,0,0,513,331,182,1.0,24
1995,1,1,400,428,-28,0.0,23
pair,game,a_seat,a_score,b_score,a_spread,a_win,turns
4,0,0,340,496,-156,0.0,22
4,1,1,457,461,-4,0.0,25
12,0,0,391,519,-128,0.0,21
12,1,1,517,374,143,1.0,21
20,0,0,360,562,-202,0.0,24
20,1,1,462,307,155,1.0,23
28,0,0,409,341,68,1.0,24
28,1,1,390,466,-76,0.0,23
36,0,0,412,367,45,1.0,24
36,1,1,391,387,4,1.0,23
44,0,0,401,442,-41,0.0,23
44,1,1,337,478,-141,0.0,23
52,0,0,514,372,142,1.0,23
52,1,1,338,468,-130,0.0,21
60,0,0,418,461,-43,0.0,25
60,1,1,531,419,112,1.0,26
68,0,0,412,450,-38,0.0,25
68,1,1,528,326,202,1.0,26
76,0,0,449,344,105,1.0,25
76,1,1,335,518,-183,0.0,27
84,0,0,400,426,-26,0.0,22
84,1,1,391,482,-91,0.0,20
92,0,0,390,385,5,1.0,25
92,1,1,359,455,-96,0.0,23
100,0,0,400,345,55,1.0,23
100,1,1,360,369,-9,0.0,20
108,0,0,465,409,56,1.0,23
108,1,1,351,482,-131,0.0,27
116,0,0,415,317,98,1.0,23
116,1,1,387,517,-130,0.0,25
124,0,0,445,333,112,1.0,25
124,1,1,361,401,-40,0.0,25
132,0,0,452,449,3,1.0,24
132,1,1,392,436,-44,0.0,27
140,0,0,484,429,55,1.0,24
140,1,1,406,463,-57,0.0,22
148,0,0,350,439,-89,0.0,23
148,1,1,431,465,-34,0.0,23
156,0,0,427,351,76,1.0,25
156,1,1,405,421,-16,0.0,27
164,0,0,517,378,139,1.0,21
164,1,1,490,393,97,1.0,20
172,0,0,515,461,54,1.0,20
172,1,1,425,477,-52,0.0,25
180,0,0,343,435,-92,0.0,22
180,1,1,371,417,-46,0.0,23
188,0,0,413,364,49,1.0,23
188,1,1,466,423,43,1.0,30
196,0,0,393,445,-52,0.0,22
196,1,1,378,409,-31,0.0,23
204,0,0,507,331,176,1.0,23
204,1,1,408,449,-41,0.0,21
212,0,0,474,466,8,1.0,24
212,1,1,435,450,-15,0.0,23
220,0,0,365,434,-69,0.0,23
220,1,1,413,354,59,1.0,23
228,0,0,395,464,-69,0.0,27
228,1,1,423,502,-79,0.0,25
236,0,0,433,443,-10,0.0,27
236,1,1,387,376,11,1.0,24
244,0,0,421,415,6,1.0,24
244,1,1,477,391,86,1.0,24
252,0,0,428,430,-2,0.0,22
252,1,1,456,442,14,1.0,23
260,0,0,477,434,43,1.0,22
260,1,1,435,427,8,1.0,24
268,0,0,511,332,179,1.0,23
268,1,1,370,515,-145,0.0,23
276,0,0,438,478,-40,0.0,22
276,1,1,535,307,228,1.0,20
284,0,0,394,377,17,1.0,29
284,1,1,389,465,-76,0.0,25
292,0,0,388,438,-50,0.0,22
292,1,1,475,451,24,1.0,23
300,0,0,481,328,153,1.0,23
300,1,1,323,493,-170,0.0,21
308,0,0,454,378,76,1.0,24
308,1,1,427,543,-116,0.0,23
316,0,0,544,340,204,1.0,22
316,1,1,359,502,-143,0.0,26
324,0,0,511,424,87,1.0,26
324,1,1,397,476,-79,0.0,28
332,0,0,403,423,-20,0.0,25
332,1,1,469,353,116,1.0,24
340,0,0,349,496,-147,0.0,22
340,1,1,466,346,120,1.0,25
348,0,0,503,404,99,1.0,25
348,1,1,388,441,-53,0.0,25
356,0,0,390,469,-79,0.0,27
356,1,1,511,369,142,1.0,26
364,0,0,387,426,-39,0.0,22
364,1,1,448,368,80,1.0,27
372,0,0,434,486,-52,0.0,23
372,1,1,356,507,-151,0.0,25
380,0,0,523,415,108,1.0,23
380,1,1,285,565,-280,0.0,24
388,0,0,493,408,85,1.0,20
388,1,1,432,450,-18,0.0,22
396,0,0,376,401,-25,0.0,25
396,1,1,462,454,8,1.0,24
404,0,0,481,453,28,1.0,20
404,1,1,400,478,-78,0.0,24
412,0,0,423,338,85,1.0,25
412,1,1,394,370,24,1.0,27
420,0,0,653,399,254,1.0,25
420,1,1,421,456,-35,0.0,24
428,0,0,459,415,44,1.0,25
428,1,1,478,413,65,1.0,25
436,0,0,451,396,55,1.0,23
436,1,1,404,379,25,1.0,26
444,0,0,392,550,-158,0.0,22
444,1,1,444,454,-10,0.0,24
452,0,0,452,469,-17,0.0,22
452,1,1,517,442,75,1.0,22
460,0,0,288,414,-126,0.0,22
460,1,1,354,433,-79,0.0,24
468,0,0,565,397,168,1.0,22
468,1,1,387,542,-155,0.0,21
476,0,0,367,493,-126,0.0,22
476,1,1,534,385,149,1.0,24
484,0,0,385,329,56,1.0,26
484,1,1,334,369,-35,0.0,25
492,0,0,513,447,66,1.0,21
492,1,1,413,393,20,1.0,28
500,0,0,451,317,134,1.0,25
500,1,1,342,419,-77,0.0,27
508,0,0,490,384,106,1.0,28
508,1,1,304,574,-270,0.0,25
516,0,0,358,602,-244,0.0,24
516,1,1,503,411,92,1.0,28
524,0,0,486,466,20,1.0,23
524,1,1,411,522,-111,0.0,23
532,0,0,461,464,-3,0.0,22
532,1,1,502,470,32,1.0,22
540,0,0,513,364,149,1.0,25
540,1,1,314,625,-311,0.0,26
548,0,0,532,394,138,1.0,23
548,1,1,531,319,212,1.0,20
556,0,0,547,370,177,1.0,27
556,1,1,422,447,-25,0.0,22
564,0,0,500,382,118,1.0,23
564,1,1,357,456,-99,0.0,23
572,0,0,425,610,-185,0.0,23
572,1,1,532,268,264,1.0,24
580,0,0,458,369,89,1.0,23
580,1,1,417,425,-8,0.0,23
588,0,0,433,374,59,1.0,23
588,1,1,464,366,98,1.0,24
596,0,0,415,422,-7,0.0,21
596,1,1,417,436,-19,0.0,25
604,0,0,409,385,24,1.0,29
604,1,1,478,463,15,1.0,24
612,0,0,475,351,124,1.0,23
612,1,1,348,485,-137,0.0,23
620,0,0,446,451,-5,0.0,21
620,1,1,425,417,8,1.0,23
628,0,0,547,430,117,1.0,21
628,1,1,395,457,-62,0.0,21
636,0,0,429,401,28,1.0,25
636,1,1,339,438,-99,0.0,24
644,0,0,528,385,143,1.0,23
644,1,1,375,417,-42,0.0,23
652,0,0,485,361,124,1.0,24
652,1,1,453,346,107,1.0,30
660,0,0,404,334,70,1.0,26
660,1,1,340,444,-104,0.0,26
668,0,0,495,421,74,1.0,22
668,1,1,450,475,-25,0.0,21
676,0,0,385,492,-107,0.0,23
676,1,1,446,420,26,1.0,26
684,0,0,504,385,119,1.0,21
684,1,1,461,421,40,1.0,25
692,0,0,438,465,-27,0.0,22
692,1,1,436,382,54,1.0,27
700,0,0,378,401,-23,0.0,21
700,1,1,452,402,50,1.0,24
708,0,0,491,520,-29,0.0,20
708,1,1,411,435,-24,0.0,20
716,0,0,428,576,-148,0.0,23
716,1,1,484,466,18,1.0,21
724,0,0,379,464,-85,0.0,22
724,1,1,434,401,33,1.0,26
732,0,0,423,390,33,1.0,22
732,1,1,334,474,-140,0.0,25
740,0,0,423,354,69,1.0,24
740,1,1,400,437,-37,0.0,24
748,0,0,450,463,-13,0.0,26
748,1,1,334,466,-132,0.0,23
756,0,0,631,322,309,1.0,23
756,1,1,469,427,42,1.0,24
764,0,0,370,446,-76,0.0,26
764,1,1,457,365,92,1.0,24
772,0,0,463,374,89,1.0,23
772,1,1,372,470,-98,0.0,23
780,0,0,408,334,74,1.0,25
780,1,1,384,473,-89,0.0,22
788,0,0,493,446,47,1.0,26
788,1,1,339,500,-161,0.0,20
796,0,0,362,415,-53,0.0,23
796,1,1,461,454,7,1.0,24
804,0,0,439,456,-17,0.0,23
804,1,1,421,504,-83,0.0,21
812,0,0,436,345,91,1.0,26
812,1,1,435,418,17,1.0,26
820,0,0,428,415,13,1.0,23
820,1,1,398,393,5,1.0,21
828,0,0,494,378,116,1.0,24
828,1,1,430,372,58,1.0,24
836,0,0,394,400,-6,0.0,26
836,1,1,398,411,-13,0.0,25
844,0,0,375,328,47,1.0,24
844,1,1,407,476,-69,0.0,25
852,0,0,440,346,94,1.0,23
852,1,1,390,409,-19,0.0,22
860,0,0,480,418,62,1.0,23
860,1,1,442,485,-43,0.0,23
868,0,0,479,458,21,1.0,20
868,1,1,458,401,57,1.0,26
876,0,0,431,491,-60,0.0,26
876,1,1,454,423,31,1.0,26
884,0,0,390,468,-78,0.0,30
884,1,1,497,489,8,1.0,24
892,0,0,372,410,-38,0.0,24
892,1,1,445,463,-18,0.0,22
900,0,0,443,439,4,1.0,23
900,1,1,434,436,-2,0.0,25
908,0,0,480,414,66,1.0,23
908,1,1,411,413,-2,0.0,25
916,0,0,395,424,-29,0.0,28
916,1,1,400,413,-13,0.0,24
924,0,0,502,442,60,1.0,21
924,1,1,451,503,-52,0.0,23
932,0,0,425,449,-24,0.0,23
932,1,1,435,409,26,1.0,23
940,0,0,574,331,243,1.0,23
940,1,1,407,486,-79,0.0,22
948,0,0,415,451,-36,0.0,25
948,1,1,360,421,-61,0.0,26
956,0,0,505,358,147,1.0,25
956,1,1,383,462,-79,0.0,25
964,0,0,413,528,-115,0.0,20
964,1,1,350,411,-61,0.0,24
972,0,0,460,443,17,1.0,25
972,1,1,383,374,9,1.0,25
980,0,0,304,421,-117,0.0,25
980,1,1,480,457,23,1.0,22
988,0,0,439,501,-62,0.0,25
988,1,1,443,460,-17,0.0,21
996,0,0,391,520,-129,0.0,24
996,1,1,484,372,112,1.0,24
1004,0,0,399,472,-73,0.0,24
1004,1,1,453,453,0,0.5,21
1012,0,0,451,382,69,1.0,25
1012,1,1,306,417,-111,0.0,23
1020,0,0,487,433,54,1.0,24
1020,1,1,277,552,-275,0.0,38
1028,0,0,414,409,5,1.0,24
1028,1,1,434,401,33,1.0,21
1036,0,0,479,371,108,1.0,24
1036,1,1,445,497,-52,0.0,31
1044,0,0,416,577,-161,0.0,19
1044,1,1,470,440,30,1.0,21
1052,0,0,570,307,263,1.0,22
1052,1,1,325,477,-152,0.0,23
1060,0,0,521,401,120,1.0,21
1060,1,1,401,530,-129,0.0,21
1068,0,0,363,385,-22,0.0,26
1068,1,1,428,412,16,1.0,25
1076,0,0,417,399,18,1.0,22
1076,1,1,370,378,-8,0.0,22
1084,0,0,482,409,73,1.0,25
1084,1,1,324,525,-201,0.0,23
1092,0,0,432,432,0,0.5,24
1092,1,1,381,473,-92,0.0,24
1100,0,0,458,323,135,1.0,24
1100,1,1,420,477,-57,0.0,24
1108,0,0,394,436,-42,0.0,27
1108,1,1,319,370,-51,0.0,24
1116,0,0,484,363,121,1.0,21
1116,1,1,394,365,29,1.0,23
1124,0,0,457,430,27,1.0,24
1124,1,1,394,455,-61,0.0,23
1132,0,0,377,473,-96,0.0,22
1132,1,1,423,431,-8,0.0,25
1140,0,0,353,431,-78,0.0,22
1140,1,1,443,313,130,1.0,26
1148,0,0,377,401,-24,0.0,24
1148,1,1,502,448,54,1.0,24
1156,0,0,410,343,67,1.0,24
1156,1,1,394,406,-12,0.0,26
1164,0,0,410,433,-23,0.0,23
1164,1,1,577,376,201,1.0,22
1172,0,0,438,357,81,1.0,26
1172,1,1,337,536,-199,0.0,24
1180,0,0,344,404,-60,0.0,28
1180,1,1,449,362,87,1.0,26
1188,0,0,462,428,34,1.0,24
1188,1,1,512,387,125,1.0,22
1196,0,0,393,446,-53,0.0,22
1196,1,1,405,428,-23,0.0,22
1204,0,0,364,374,-10,0.0,26
1204,1,1,385,362,23,1.0,24
1212,0,0,317,432,-115,0.0,24
1212,1,1,419,408,11,1.0,28
1220,0,0,389,452,-63,0.0,22
1220,1,1,496,397,99,1.0,24
1228,0,0,388,374,14,1.0,25
1228,1,1,413,407,6,1.0,27
1236,0,0,365,539,-174,0.0,24
1236,1,1,493,400,93,1.0,23
1244,0,0,421,365,56,1.0,25
1244,1,1,438,497,-59,0.0,24
1252,0,0,387,460,-73,0.0,25
1252,1,1,487,406,81,1.0,23
1260,0,0,403,391,12,1.0,24
1260,1,1,525,416,109,1.0,24
1268,0,0,453,333,120,1.0,25
1268,1,1,367,448,-81,0.0,23
1276,0,0,299,544,-245,0.0,23
1276,1,1,471,384,87,1.0,25
1284,0,0,421,528,-107,0.0,22
1284,1,1,459,459,0,0.5,26
1292,0,0,436,344,92,1.0,24
1292,1,1,395,522,-127,0.0,22
1300,0,0,365,433,-68,0.0,23
1300,1,1,483,442,41,1.0,25
1308,0,0,482,377,105,1.0,27
1308,1,1,417,462,-45,0.0,24
1316,0,0,438,371,67,1.0,24
1316,1,1,433,398,35,1.0,30
1324,0,0,389,442,-53,0.0,25
1324,1,1,377,427,-50,0.0,22
1332,0,0,386,454,-68,0.0,24
1332,1,1,438,387,51,1.0,20
1340,0,0,361,406,-45,0.0,22
1340,1,1,351,409,-58,0.0,25
1348,0,0,324,501,-177,0.0,23
1348,1,1,477,307,170,1.0,23
1356,0,0,495,372,123,1.0,23
1356,1,1,431,411,20,1.0,23
1364,0,0,430,436,-6,0.0,22
1364,1,1,414,600,-186,0.0,23
1372,0,0,485,357,128,1.0,22
1372,1,1,526,509,17,1.0,22
1380,0,0,452,395,57,1.0,27
1380,1,1,337,438,-101,0.0,23
1388,0,0,428,371,57,1.0,21
1388,1,1,342,445,-103,0.0,26
1396,0,0,367,395,-28,0.0,28
1396,1,1,477,362,115,1.0,24
1404,0,0,424,440,-16,0.0,24
1404,1,1,445,390,55,1.0,23
1412,0,0,426,416,10,1.0,26
1412,1,1,426,465,-39,0.0,24
1420,0,0,382,330,52,1.0,25
1420,1,1,337,528,-191,0.0,23
1428,0,0,453,425,28,1.0,21
1428,1,1,378,511,-133,0.0,23
1436,0,0,556,383,173,1.0,21
1436,1,1,412,585,-173,0.0,23
1444,0,0,380,435,-55,0.0,22
1444,1,1,372,420,-48,0.0,26
1452,0,0,582,301,281,1.0,21
1452,1,1,356,441,-85,0.0,23
1460,0,0,434,493,-59,0.0,23
1460,1,1,478,393,85,1.0,28
1468,0,0,505,293,212,1.0,24
1468,1,1,316,471,-155,0.0,22
1476,0,0,373,500,-127,0.0,24
1476,1,1,389,422,-33,0.0,21
1484,0,0,403,506,-103,0.0,26
1484,1,1,402,440,-38,0.0,21
1492,0,0,351,493,-142,0.0,28
1492,1,1,411,464,-53,0.0,24
1500,0,0,424,369,55,1.0,22
1500,1,1,487,398,89,1.0,22
1508,0,0,413,444,-31,0.0,26
1508,1,1,489,424,65,1.0,23
1516,0,0,311,409,-98,0.0,29
1516,1,1,432,436,-4,0.0,22
1524,0,0,551,394,157,1.0,23
1524,1,1,490,510,-20,0.0,22
1532,0,0,351,433,-82,0.0,22
1532,1,1,427,385,42,1.0,29
1540,0,0,424,404,20,1.0,24
1540,1,1,427,381,46,1.0,30
1548,0,0,421,459,-38,0.0,26
1548,1,1,520,465,55,1.0,26
1556,0,0,464,351,113,1.0,22
1556,1,1,362,434,-72,0.0,26
1564,0,0,506,395,111,1.0,21
1564,1,1,381,442,-61,0.0,26
1572,0,0,411,531,-120,0.0,20
1572,1,1,460,406,54,1.0,22
1580,0,0,434,375,59,1.0,21
1580,1,1,391,369,22,1.0,21
1588,0,0,390,374,16,1.0,27
1588,1,1,414,481,-67,0.0,21
1596,0,0,394,421,-27,0.0,22
1596,1,1,471,363,108,1.0,22
1604,0,0,369,384,-15,0.0,24
1604,1,1,437,361,76,1.0,23
1612,0,0,477,349,128,1.0,24
1612,1,1,378,489,-111,0.0,26
1620,0,0,410,436,-26,0.0,22
1620,1,1,328,427,-99,0.0,25
1628,0,0,463,394,69,1.0,23
1628,1,1,446,385,61,1.0,23
1636,0,0,438,375,63,1.0,24
1636,1,1,378,495,-117,0.0,22
1644,0,0,432,446,-14,0.0,22
1644,1,1,511,454,57,1.0,21
1652,0,0,378,421,-43,0.0,26
1652,1,1,486,396,90,1.0,25
1660,0,0,485,392,93,1.0,24
1660,1,1,387,517,-130,0.0,23
1668,0,0,330,425,-95,0.0,22
1668,1,1,417,403,14,1.0,25
1676,0,0,461,451,10,1.0,27
1676,1,1,446,392,54,1.0,28
1684,0,0,442,403,39,1.0,22
1684,1,1,346,460,-114,0.0,23
1692,0,0,483,355,128,1.0,21
1692,1,1,377,438,-61,0.0,21
1700,0,0,398,437,-39,0.0,25
1700,1,1,471,409,62,1.0,22
1708,0,0,518,382,136,1.0,24
1708,1,1,390,448,-58,0.0,23
1716,0,0,538,418,120,1.0,21
1716,1,1,450,420,30,1.0,23
1724,0,0,506,340,166,1.0,27
1724,1,1,392,389,3,1.0,29
1732,0,0,417,324,93,1.0,25
1732,1,1,438,422,16,1.0,24
1740,0,0,357,465,-108,0.0,26
1740,1,1,401,315,86,1.0,29
1748,0,0,449,299,150,1.0,25
1748,1,1,363,442,-79,0.0,31
1756,0,0,369,428,-59,0.0,22
1756,1,1,372,365,7,1.0,24
1764,0,0,441,423,18,1.0,30
1764,1,1,479,457,22,1.0,28
1772,0,0,564,379,185,1.0,22
1772,1,1,466,453,13,1.0,20
1780,0,0,507,415,92,1.0,24
1780,1,1,316,517,-201,0.0,24
1788,0,0,526,412,114,1.0,21
1788,1,1,383,472,-89,0.0,25
1796,0,0,443,413,30,1.0,26
1796,1,1,459,393,66,1.0,24
1804,0,0,414,380,34,1.0,26
1804,1,1,356,374,-18,0.0,24
1812,0,0,375,488,-113,0.0,24
1812,1,1,462,452,10,1.0,22
1820,0,0,450,319,131,1.0,24
1820,1,1,318,526,-208,0.0,27
1828,0,0,416,493,-77,0.0,26
1828,1,1,390,372,18,1.0,24
1836,0,0,508,266,242,1.0,24
1836,1,1,303,520,-217,0.0,21
1844,0,0,367,429,-62,0.0,24
1844,1,1,391,372,19,1.0,23
1852,0,0,435,599,-164,0.0,21
1852,1,1,510,353,157,1.0,22
1860,0,0,389,474,-85,0.0,22
1860,1,1,522,374,148,1.0,22
1868,0,0,478,473,5,1.0,24
1868,1,1,426,388,38,1.0,27
1876,0,0,508,386,122,1.0,23
1876,1,1,366,491,-125,0.0,28
1884,0,0,523,452,71,1.0,23
1884,1,1,415,483,-68,0.0,24
1892,0,0,387,448,-61,0.0,25
1892,1,1,479,400,79,1.0,24
1900,0,0,461,377,84,1.0,22
1900,1,1,391,537,-146,0.0,20
1908,0,0,400,336,64,1.0,28
1908,1,1,407,334,73,1.0,27
1916,0,0,364,509,-145,0.0,22
1916,1,1,401,423,-22,0.0,23
1924,0,0,348,482,-134,0.0,28
1924,1,1,469,372,97,1.0,25
1932,0,0,508,410,98,1.0,25
1932,1,1,385,426,-41,0.0,24
1940,0,0,428,343,85,1.0,27
1940,1,1,408,487,-79,0.0,24
1948,0,0,422,417,5,1.0,22
1948,1,1,521,396,125,1.0,22
1956,0,0,467,437,30,1.0,24
1956,1,1,381,485,-104,0.0,23
1964,0,0,511,386,125,1.0,26
1964,1,1,351,478,-127,0.0,30
1972,0,0,517,323,194,1.0,21
1972,1,1,370,517,-147,0.0,24
1980,0,0,452,379,73,1.0,22
1980,1,1,371,363,8,1.0,24
1988,0,0,468,388,80,1.0,23
1988,1,1,469,490,-21,0.0,20
1996,0,0,434,377,57,1.0,24
1996,1,1,386,464,-78,0.0,24
pair,game,a_seat,a_score,b_score,a_spread,a_win,turns
5,0,0,380,373,7,1.0,27
5,1,1,493,425,68,1.0,23
13,0,0,489,458,31,1.0,22
13,1,1,430,466,-36,0.0,24
21,0,0,558,250,308,1.0,24
21,1,1,360,447,-87,0.0,24
29,0,0,426,442,-16,0.0,20
29,1,1,434,438,-4,0.0,25
37,0,0,384,341,43,1.0,39
37,1,1,362,389,-27,0.0,21
45,0,0,384,524,-140,0.0,25
45,1,1,476,485,-9,0.0,23
53,0,0,344,546,-202,0.0,22
53,1,1,431,426,5,1.0,26
61,0,0,461,362,99,1.0,24
61,1,1,436,481,-45,0.0,24
69,0,0,391,481,-90,0.0,25
69,1,1,356,392,-36,0.0,27
77,0,0,439,424,15,1.0,21
77,1,1,379,489,-110,0.0,24
85,0,0,302,394,-92,0.0,25
85,1,1,500,328,172,1.0,21
93,0,0,413,507,-94,0.0,24
93,1,1,495,415,80,1.0,22
101,0,0,474,442,32,1.0,24
101,1,1,460,462,-2,0.0,22
109,0,0,339,500,-161,0.0,26
109,1,1,438,412,26,1.0,22
117,0,0,475,449,26,1.0,23
117,1,1,463,285,178,1.0,25
125,0,0,341,560,-219,0.0,29
125,1,1,441,361,80,1.0,23
133,0,0,353,404,-51,0.0,23
133,1,1,405,361,44,1.0,27
141,0,0,383,426,-43,0.0,22
141,1,1,437,328,109,1.0,17
149,0,0,481,401,80,1.0,28
149,1,1,481,419,62,1.0,25
157,0,0,449,485,-36,0.0,23
157,1,1,417,391,26,1.0,21
165,0,0,435,371,64,1.0,23
165,1,1,534,413,121,1.0,24
173,0,0,424,343,81,1.0,24
173,1,1,382,337,45,1.0,28
181,0,0,374,485,-111,0.0,21
181,1,1,395,439,-44,0.0,20
189,0,0,400,484,-84,0.0,21
189,1,1,362,411,-49,0.0,24
197,0,0,376,551,-175,0.0,22
197,1,1,509,332,177,1.0,23
205,0,0,446,470,-24,0.0,27
205,1,1,456,338,118,1.0,26
213,0,0,381,426,-45,0.0,26
213,1,1,447,437,10,1.0,22
221,0,0,565,302,263,1.0,25
221,1,1,423,507,-84,0.0,25
229,0,0,378,478,-100,0.0,32
229,1,1,336,446,-110,0.0,22
237,0,0,591,392,199,1.0,22
237,1,1,409,423,-14,0.0,27
245,0,0,409,351,58,1.0,22
245,1,1,425,419,6,1.0,25
253,0,0,409,330,79,1.0,26
253,1,1,399,414,-15,0.0,22
261,0,0,369,419,-50,0.0,19
261,1,1,444,419,25,1.0,22
269,0,0,432,397,35,1.0,23
269,1,1,423,436,-13,0.0,23
277,0,0,353,478,-125,0.0,21
277,1,1,479,403,76,1.0,22
285,0,0,462,485,-23,0.0,23
285,1,1,439,489,-50,0.0,23
293,0,0,409,354,55,1.0,24
293,1,1,516,339,177,1.0,27
301,0,0,444,512,-68,0.0,23
301,1,1,445,402,43,1.0,23
309,0,0,411,387,24,1.0,24
309,1,1,467,389,78,1.0,23
317,0,0,367,445,-78,0.0,21
317,1,1,524,405,119,1.0,23
325,0,0,410,406,4,1.0,23
325,1,1,441,328,113,1.0,21
333,0,0,409,445,-36,0.0,27
333,1,1,466,453,13,1.0,25
341,0,0,410,410,0,0.5,20
341,1,1,489,410,79,1.0,24
349,0,0,392,547,-155,0.0,23
349,1,1,392,374,18,1.0,24
357,0,0,464,434,30,1.0,27
357,1,1,436,414,22,1.0,24
365,0,0,433,448,-15,0.0,24
365,1,1,433,376,57,1.0,26
373,0,0,363,380,-17,0.0,22
373,1,1,480,402,78,1.0,24
381,0,0,449,362,87,1.0,23
381,1,1,317,460,-143,0.0,26
389,0,0,410,370,40,1.0,25
389,1,1,373,307,66,1.0,24
397,0,0,455,439,16,1.0,25
397,1,1,419,541,-122,0.0,23
405,0,0,501,332,169,1.0,27
405,1,1,421,448,-27,0.0,23
413,0,0,583,368,215,1.0,23
413,1,1,327,574,-247,0.0,20
421,0,0,359,521,-162,0.0,23
421,1,1,555,356,199,1.0,25
429,0,0,324,544,-220,0.0,23
429,1,1,546,414,132,1.0,22
437,0,0,466,398,68,1.0,26
437,1,1,420,387,33,1.0,24
445,0,0,424,468,-44,0.0,23
445,1,1,441,464,-23,0.0,25
453,0,0,350,443,-93,0.0,28
453,1,1,435,412,23,1.0,26
461,0,0,466,370,96,1.0,23
461,1,1,432,409,23,1.0,24
469,0,0,374,463,-89,0.0,24
469,1,1,374,430,-56,0.0,25
477,0,0,378,417,-39,0.0,27
477,1,1,527,440,87,1.0,22
485,0,0,388,414,-26,0.0,24
485,1,1,457,365,92,1.0,24
493,0,0,434,388,46,1.0,22
493,1,1,468,473,-5,0.0,21
501,0,0,429,350,79,1.0,26
501,1,1,396,438,-42,0.0,27
509,0,0,504,500,4,1.0,25
509,1,1,392,443,-51,0.0,23
517,0,0,511,351,160,1.0,21
517,1,1,382,519,-137,0.0,26
525,0,0,507,494,13,1.0,21
525,1,1,494,412,82,1.0,23
533,0,0,334,451,-117,0.0,23
533,1,1,434,320,114,1.0,25
541,0,0,499,416,83,1.0,22
541,1,1,400,432,-32,0.0,23
549,0,0,408,421,-13,0.0,23
549,1,1,498,345,153,1.0,23
557,0,0,463,395,68,1.0,22
557,1,1,311,459,-148,0.0,25
565,0,0,349,420,-71,0.0,23
565,1,1,356,434,-78,0.0,21
573,0,0,404,491,-87,0.0,23
573,1,1,478,385,93,1.0,24
581,0,0,420,483,-63,0.0,25
581,1,1,519,353,166,1.0,21
589,0,0,475,345,130,1.0,22
589,1,1,345,468,-123,0.0,23
597,0,0,391,530,-139,0.0,25
597,1,1,504,317,187,1.0,29
605,0,0,439,299,140,1.0,24
605,1,1,393,371,22,1.0,23
613,0,0,395,434,-39,0.0,23
613,1,1,436,440,-4,0.0,22
621,0,0,364,418,-54,0.0,24
621,1,1,473,373,100,1.0,22
629,0,0,466,408,58,1.0,21
629,1,1,408,383,25,1.0,25
637,0,0,381,392,-11,0.0,25
637,1,1,437,364,73,1.0,23
645,0,0,403,440,-37,0.0,22
645,1,1,525,397,128,1.0,22
653,0,0,371,431,-60,0.0,27
653,1,1,458,331,127,1.0,23
661,0,0,438,380,58,1.0,25
661,1,1,368,383,-15,0.0,23
669,0,0,498,386,112,1.0,25
669,1,1,376,411,-35,0.0,28
677,0,0,396,472,-76,0.0,23
677,1,1,529,363,166,1.0,23
685,0,0,462,334,128,1.0,24
685,1,1,393,480,-87,0.0,25
693,0,0,356,445,-89,0.0,26
693,1,1,522,287,235,1.0,27
701,0,0,423,420,3,1.0,24
701,1,1,375,431,-56,0.0,24
709,0,0,382,461,-79,0.0,25
709,1,1,441,445,-4,0.0,24
717,0,0,405,452,-47,0.0,23
717,1,1,370,369,1,1.0,23
725,0,0,427,340,87,1.0,31
725,1,1,524,432,92,1.0,24
733,0,0,494,326,168,1.0,22
733,1,1,300,497,-197,0.0,25
741,0,0,433,487,-54,0.0,22
741,1,1,451,464,-13,0.0,22
749,0,0,370,500,-130,0.0,21
749,1,1,581,413,168,1.0,23
757,0,0,386,460,-74,0.0,24
757,1,1,421,459,-38,0.0,25
765,0,0,424,418,6,1.0,24
765,1,1,439,372,67,1.0,24
773,0,0,457,510,-53,0.0,24
773,1,1,493,436,57,1.0,24
781,0,0,388,412,-24,0.0,25
781,1,1,383,486,-103,0.0,25
789,0,0,373,437,-64,0.0,26
789,1,1,463,329,134,1.0,23
797,0,0,320,513,-193,0.0,29
797,1,1,477,367,110,1.0,27
805,0,0,475,355,120,1.0,27
805,1,1,414,490,-76,0.0,23
813,0,0,470,332,138,1.0,26
813,1,1,379,482,-103,0.0,25
821,0,0,343,528,-185,0.0,26
821,1,1,562,340,222,1.0,23
829,0,0,487,395,92,1.0,24
829,1,1,368,444,-76,0.0,25
837,0,0,553,465,88,1.0,23
837,1,1,587,456,131,1.0,24
845,0,0,431,480,-49,0.0,24
845,1,1,526,388,138,1.0,23
853,0,0,357,449,-92,0.0,23
853,1,1,429,450,-21,0.0,27
861,0,0,359,437,-78,0.0,22
861,1,1,439,391,48,1.0,22
869,0,0,354,427,-73,0.0,20
869,1,1,408,331,77,1.0,26
877,0,0,425,360,65,1.0,24
877,1,1,440,341,99,1.0,25
885,0,0,449,463,-14,0.0,23
885,1,1,413,370,43,1.0,27
893,0,0,452,410,42,1.0,22
893,1,1,443,326,117,1.0,22
901,0,0,458,405,53,1.0,26
901,1,1,416,436,-20,0.0,27
909,0,0,374,355,19,1.0,25
909,1,1,400,339,61,1.0,26
917,0,0,368,476,-108,0.0,23
917,1,1,452,434,18,1.0,24
925,0,0,391,477,-86,0.0,23
925,1,1,454,353,101,1.0,23
933,0,0,418,443,-25,0.0,20
933,1,1,329,471,-142,0.0,22
941,0,0,560,348,212,1.0,24
941,1,1,317,556,-239,0.0,27
949,0,0,390,450,-60,0.0,21
949,1,1,344,507,-163,0.0,24
957,0,0,527,403,124,1.0,24
957,1,1,408,413,-5,0.0,21
965,0,0,426,360,66,1.0,30
965,1,1,327,482,-155,0.0,25
973,0,0,400,512,-112,0.0,21
973,1,1,351,464,-113,0.0,26
981,0,0,570,356,214,1.0,21
981,1,1,368,488,-120,0.0,23
989,0,0,389,541,-152,0.0,23
989,1,1,536,373,163,1.0,23
997,0,0,440,435,5,1.0,26
997,1,1,417,355,62,1.0,21
1005,0,0,471,404,67,1.0,27
1005,1,1,512,421,91,1.0,20
1013,0,0,454,383,71,1.0,24
1013,1,1,384,433,-49,0.0,26
1021,0,0,384,598,-214,0.0,23
1021,1,1,523,447,76,1.0,24
1029,0,0,425,418,7,1.0,25
1029,1,1,392,413,-21,0.0,24
1037,0,0,439,358,81,1.0,22
1037,1,1,407,373,34,1.0,24
1045,0,0,375,422,-47,0.0,23
1045,1,1,437,391,46,1.0,24
1053,0,0,433,448,-15,0.0,23
1053,1,1,412,464,-52,0.0,22
1061,0,0,320,439,-119,0.0,24
1061,1,1,499,399,100,1.0,21
1069,0,0,348,519,-171,0.0,21
1069,1,1,519,332,187,1.0,22
1077,0,0,417,481,-64,0.0,23
1077,1,1,542,371,171,1.0,21
1085,0,0,394,510,-116,0.0,24
1085,1,1,470,385,85,1.0,21
1093,0,0,447,379,68,1.0,23
1093,1,1,479,463,16,1.0,21
1101,0,0,447,413,34,1.0,22
1101,1,1,390,339,51,1.0,24
1109,0,0,384,448,-64,0.0,23
1109,1,1,464,374,90,1.0,23
1117,0,0,357,470,-113,0.0,27
1117,1,1,442,370,72,1.0,27
1125,0,0,418,410,8,1.0,22
1125,1,1,393,356,37,1.0,25
1133,0,0,372,430,-58,0.0,25
1133,1,1,487,288,199,1.0,28
1141,0,0,527,362,165,1.0,25
1141,1,1,385,452,-67,0.0,22
1149,0,0,340,543,-203,0.0,23
1149,1,1,471,375,96,1.0,24
1157,0,0,471,320,151,1.0,25
1157,1,1,385,414,-29,0.0,21
1165,0,0,424,497,-73,0.0,24
1165,1,1,487,445,42,1.0,26
1173,0,0,498,507,-9,0.0,24
1173,1,1,425,441,-16,0.0,26
1181,0,0,467,393,74,1.0,26
1181,1,1,562,430,132,1.0,22
1189,0,0,601,413,188,1.0,21
1189,1,1,368,475,-107,0.0,25
1197,0,0,419,368,51,1.0,23
1197,1,1,384,429,-45,0.0,24
1205,0,0,350,464,-114,0.0,23
1205,1,1,453,450,3,1.0,25
1213,0,0,378,463,-85,0.0,24
1213,1,1,479,386,93,1.0,22
1221,0,0,474,414,60,1.0,20
1221,1,1,573,303,270,1.0,21
1229,0,0,380,385,-5,0.0,22
1229,1,1,452,518,-66,0.0,22
1237,0,0,434,418,16,1.0,25
1237,1,1,509,424,85,1.0,23
1245,0,0,439,465,-26,0.0,25
1245,1,1,542,351,191,1.0,21
1253,0,0,347,476,-129,0.0,29
1253,1,1,445,304,141,1.0,23
1261,0,0,440,388,52,1.0,22
1261,1,1,417,440,-23,0.0,24
1269,0,0,319,527,-208,0.0,25
1269,1,1,413,418,-5,0.0,23
1277,0,0,405,457,-52,0.0,27
1277,1,1,481,403,78,1.0,23
1285,0,0,381,362,19,1.0,25
1285,1,1,453,461,-8,0.0,29
1293,0,0,380,445,-65,0.0,23
1293,1,1,419,449,-30,0.0,23
1301,0,0,512,364,148,1.0,21
1301,1,1,448,452,-4,0.0,24
1309,0,0,397,533,-136,0.0,23
1309,1,1,575,385,190,1.0,21
1317,0,0,493,468,25,1.0,20
1317,1,1,396,510,-114,0.0,20
1325,0,0,526,443,83,1.0,23
1325,1,1,405,374,31,1.0,23
1333,0,0,327,399,-72,0.0,26
1333,1,1,411,396,15,1.0,25
1341,0,0,397,499,-102,0.0,21
1341,1,1,476,441,35,1.0,22
1349,0,0,457,349,108,1.0,24
1349,1,1,397,365,32,1.0,23
1357,0,0,460,437,23,1.0,23
1357,1,1,492,405,87,1.0,22
1365,0,0,328,437,-109,0.0,23
1365,1,1,479,524,-45,0.0,23
1373,0,0,522,323,199,1.0,26
1373,1,1,372,613,-241,0.0,25
1381,0,0,448,488,-40,0.0,26
1381,1,1,468,369,99,1.0,25
1389,0,0,445,388,57,1.0,22
1389,1,1,425,429,-4,0.0,23
1397,0,0,358,364,-6,0.0,25
1397,1,1,418,391,27,1.0,25
1405,0,0,506,380,126,1.0,29
1405,1,1,349,552,-203,0.0,22
1413,0,0,467,431,36,1.0,22
1413,1,1,405,468,-63,0.0,26
1421,0,0,520,324,196,1.0,27
1421,1,1,390,493,-103,0.0,28
1429,0,0,444,370,74,1.0,20
1429,1,1,370,508,-138,0.0,22
1437,0,0,463,382,81,1.0,22
1437,1,1,494,382,112,1.0,22
1445,0,0,344,502,-158,0.0,23
1445,1,1,424,317,107,1.0,24
1453,0,0,410,456,-46,0.0,21
1453,1,1,499,412,87,1.0,22
1461,0,0,408,298,110,1.0,23
1461,1,1,348,488,-140,0.0,23
1469,0,0,454,396,58,1.0,20
1469,1,1,390,463,-73,0.0,22
1477,0,0,413,439,-26,0.0,24
1477,1,1,383,462,-79,0.0,23
1485,0,0,410,529,-119,0.0,25
1485,1,1,427,397,30,1.0,22
1493,0,0,378,486,-108,0.0,23
1493,1,1,502,406,96,1.0,24
1501,0,0,400,371,29,1.0,24
1501,1,1,403,412,-9,0.0,25
1509,0,0,385,400,-15,0.0,25
1509,1,1,456,356,100,1.0,24
1517,0,0,413,427,-14,0.0,23
1517,1,1,424,420,4,1.0,24
1525,0,0,373,543,-170,0.0,25
1525,1,1,510,419,91,1.0,22
1533,0,0,387,335,52,1.0,27
1533,1,1,395,471,-76,0.0,24
1541,0,0,467,453,14,1.0,24
1541,1,1,396,468,-72,0.0,28
1549,0,0,423,444,-21,0.0,23
1549,1,1,517,359,158,1.0,23
1557,0,0,447,317,130,1.0,29
1557,1,1,353,433,-80,0.0,26
1565,0,0,413,445,-32,0.0,24
1565,1,1,396,447,-51,0.0,22
1573,0,0,315,462,-147,0.0,23
1573,1,1,464,383,81,1.0,19
1581,0,0,443,475,-32,0.0,24
1581,1,1,570,391,179,1.0,23
1589,0,0,458,423,35,1.0,23
1589,1,1,417,465,-48,0.0,22
1597,0,0,581,450,131,1.0,19
1597,1,1,385,537,-152,0.0,23
1605,0,0,427,405,22,1.0,24
1605,1,1,396,427,-31,0.0,24
1613,0,0,432,403,29,1.0,21
1613,1,1,386,441,-55,0.0,23
1621,0,0,573,317,256,1.0,25
1621,1,1,416,546,-130,0.0,23
1629,0,0,438,488,-50,0.0,27
1629,1,1,499,411,88,1.0,23
1637,0,0,447,418,29,1.0,24
1637,1,1,414,419,-5,0.0,28
1645,0,0,431,421,10,1.0,22
1645,1,1,358,399,-41,0.0,26
1653,0,0,482,345,137,1.0,21
1653,1,1,357,531,-174,0.0,26
1661,0,0,366,445,-79,0.0,23
1661,1,1,419,381,38,1.0,22
1669,0,0,382,449,-67,0.0,20
1669,1,1,432,452,-20,0.0,20
1677,0,0,478,398,80,1.0,24
1677,1,1,422,357,65,1.0,25
1685,0,0,485,373,112,1.0,24
1685,1,1,379,438,-59,0.0,22
1693,0,0,358,560,-202,0.0,21
1693,1,1,396,345,51,1.0,29
1701,0,0,572,337,235,1.0,24
1701,1,1,313,545,-232,0.0,24
1709,0,0,346,449,-103,0.0,27
1709,1,1,535,422,113,1.0,24
1717,0,0,443,445,-2,0.0,22
1717,1,1,461,374,87,1.0,23
1725,0,0,485,470,15,1.0,21
1725,1,1,367,463,-96,0.0,26
1733,0,0,493,368,125,1.0,25
1733,1,1,373,438,-65,0.0,24
1741,0,0,352,515,-163,0.0,24
1741,1,1,547,392,155,1.0,21
1749,0,0,341,461,-120,0.0,26
1749,1,1,378,434,-56,0.0,24
1757,0,0,283,533,-250,0.0,21
1757,1,1,547,376,171,1.0,22
1765,0,0,393,376,17,1.0,26
1765,1,1,393,399,-6,0.0,24
1773,0,0,292,404,-112,0.0,25
1773,1,1,374,422,-48,0.0,29
1781,0,0,589,392,197,1.0,27
1781,1,1,445,441,4,1.0,26
1789,0,0,424,510,-86,0.0,26
1789,1,1,518,382,136,1.0,25
1797,0,0,409,426,-17,0.0,22
1797,1,1,359,407,-48,0.0,23
1805,0,0,517,386,131,1.0,20
1805,1,1,387,464,-77,0.0,20
1813,0,0,505,403,102,1.0,23
1813,1,1,408,400,8,1.0,25
1821,0,0,367,482,-115,0.0,23
1821,1,1,426,443,-17,0.0,25
1829,0,0,484,350,134,1.0,23
1829,1,1,462,428,34,1.0,29
1837,0,0,443,479,-36,0.0,27
1837,1,1,376,437,-61,0.0,26
1845,0,0,473,482,-9,0.0,25
1845,1,1,467,400,67,1.0,27
1853,0,0,373,411,-38,0.0,24
1853,1,1,452,445,7,1.0,25
1861,0,0,377,440,-63,0.0,23
1861,1,1,401,396,5,1.0,22
1869,0,0,477,373,104,1.0,24
1869,1,1,420,430,-10,0.0,21
1877,0,0,308,582,-274,0.0,21
1877,1,1,507,361,146,1.0,22
1885,0,0,410,330,80,1.0,25
1885,1,1,377,424,-47,0.0,24
1893,0,0,453,472,-19,0.0,23
1893,1,1,431,401,30,1.0,26
1901,0,0,434,444,-10,0.0,21
1901,1,1,447,498,-51,0.0,23
1909,0,0,374,355,19,1.0,26
1909,1,1,453,405,48,1.0,21
1917,0,0,505,491,14,1.0,21
1917,1,1,429,444,-15,0.0,22
1925,0,0,346,392,-46,0.0,23
1925,1,1,405,458,-53,0.0,22
1933,0,0,480,339,141,1.0,25
1933,1,1,364,367,-3,0.0,25
1941,0,0,299,375,-76,0.0,26
1941,1,1,396,337,59,1.0,27
1949,0,0,478,423,55,1.0,22
1949,1,1,459,494,-35,0.0,22
1957,0,0,467,347,120,1.0,23
1957,1,1,387,545,-158,0.0,24
1965,0,0,415,554,-139,0.0,23
1965,1,1,509,454,55,1.0,21
1973,0,0,421,474,-53,0.0,22
1973,1,1,539,362,177,1.0,25
1981,0,0,409,420,-11,0.0,24
1981,1,1,447,376,71,1.0,21
1989,0,0,403,416,-13,0.0,22
1989,1,1,517,310,207,1.0,27
1997,0,0,518,470,48,1.0,21
1997,1,1,505,449,56,1.0,22
pair,game,a_seat,a_score,b_score,a_spread,a_win,turns
6,0,0,348,447,-99,0.0,21
6,1,1,486,352,134,1.0,21
14,0,0,443,336,107,1.0,26
14,1,1,340,367,-27,0.0,24
22,0,0,486,421,65,1.0,23
22,1,1,431,453,-22,0.0,23
30,0,0,436,423,13,1.0,24
30,1,1,393,401,-8,0.0,24
38,0,0,460,363,97,1.0,28
38,1,1,344,532,-188,0.0,22
46,0,0,400,397,3,1.0,22
46,1,1,408,363,45,1.0,22
54,0,0,508,362,146,1.0,28
54,1,1,404,476,-72,0.0,19
62,0,0,447,436,11,1.0,22
62,1,1,481,440,41,1.0,23
70,0,0,314,364,-50,0.0,24
70,1,1,440,386,54,1.0,24
78,0,0,433,422,11,1.0,24
78,1,1,339,525,-186,0.0,21
86,0,0,362,439,-77,0.0,23
86,1,1,411,425,-14,0.0,21
94,0,0,443,423,20,1.0,27
94,1,1,409,402,7,1.0,25
102,0,0,388,400,-12,0.0,24
102,1,1,404,418,-14,0.0,27
110,0,0,383,426,-43,0.0,23
110,1,1,331,507,-176,0.0,26
118,0,0,523,358,165,1.0,25
118,1,1,403,499,-96,0.0,23
126,0,0,246,445,-199,0.0,24
126,1,1,480,372,108,1.0,24
134,0,0,481,282,199,1.0,24
134,1,1,419,409,10,1.0,24
142,0,0,408,413,-5,0.0,24
142,1,1,448,409,39,1.0,22
150,0,0,371,492,-121,0.0,26
150,1,1,410,400,10,1.0,27
158,0,0,479,470,9,1.0,23
158,1,1,486,397,89,1.0,23
166,0,0,297,559,-262,0.0,22
166,1,1,495,378,117,1.0,21
174,0,0,534,383,151,1.0,26
174,1,1,440,370,70,1.0,20
182,0,0,425,494,-69,0.0,26
182,1,1,541,371,170,1.0,24
190,0,0,368,395,-27,0.0,27
190,1,1,472,396,76,1.0,27
198,0,0,370,416,-46,0.0,26
198,1,1,425,376,49,1.0,22
206,0,0,403,347,56,1.0,24
206,1,1,375,436,-61,0.0,22
214,0,0,433,370,63,1.0,22
214,1,1,427,385,42,1.0,24
222,0,0,319,407,-88,0.0,22
222,1,1,463,418,45,1.0,23
230,0,0,429,431,-2,0.0,28
230,1,1,328,451,-123,0.0,25
238,0,0,453,389,64,1.0,23
238,1,1,380,529,-149,0.0,26
246,0,0,390,396,-6,0.0,22
246,1,1,297,445,-148,0.0,29
254,0,0,400,385,15,1.0,26
254,1,1,440,490,-50,0.0,23
262,0,0,398,454,-56,0.0,26
262,1,1,398,382,16,1.0,21
270,0,0,440,407,33,1.0,22
270,1,1,496,375,121,1.0,22
278,0,0,359,420,-61,0.0,24
278,1,1,458,332,126,1.0,23
286,0,0,423,419,4,1.0,25
286,1,1,478,378,100,1.0,25
294,0,0,433,428,5,1.0,21
294,1,1,370,511,-141,0.0,21
302,0,0,385,372,13,1.0,26
302,1,1,376,367,9,1.0,28
310,0,0,495,390,105,1.0,27
310,1,1,424,458,-34,0.0,26
318,0,0,380,504,-124,0.0,24
318,1,1,454,378,76,1.0,22
326,0,0,413,360,53,1.0,26
326,1,1,526,402,124,1.0,23
334,0,0,405,435,-30,0.0,26
334,1,1,444,496,-52,0.0,21
342,0,0,398,466,-68,0.0,26
342,1,1,426,339,87,1.0,25
350,0,0,398,332,66,1.0,23
350,1,1,346,414,-68,0.0,23
358,0,0,449,385,64,1.0,23
358,1,1,365,584,-219,0.0,20
366,0,0,506,375,131,1.0,25
366,1,1,333,423,-90,0.0,23
374,0,0,504,626,-122,0.0,20
374,1,1,474,445,29,1.0,22
382,0,0,405,401,4,1.0,25
382,1,1,456,491,-35,0.0,23
390,0,0,378,490,-112,0.0,24
390,1,1,343,419,-76,0.0,25
398,0,0,446,420,26,1.0,24
398,1,1,344,488,-144,0.0,26
406,0,0,460,395,65,1.0,22
406,1,1,413,384,29,1.0,22
414,0,0,385,305,80,1.0,36
414,1,1,413,451,-38,0.0,23
422,0,0,420,467,-47,0.0,23
422,1,1,444,319,125,1.0,24
430,0,0,432,400,32,1.0,26
430,1,1,477,444,33,1.0,25
438,0,0,486,392,94,1.0,31
438,1,1,436,465,-29,0.0,24
446,0,0,447,408,39,1.0,23
446,1,1,373,435,-62,0.0,27
454,0,0,399,396,3,1.0,23
454,1,1,412,475,-63,0.0,23
462,0,0,451,462,-11,0.0,25
462,1,1,698,428,270,1.0,25
470,0,0,427,389,38,1.0,25
470,1,1,393,368,25,1.0,24
478,0,0,460,504,-44,0.0,24
478,1,1,440,417,23,1.0,22
486,0,0,524,401,123,1.0,24
486,1,1,417,517,-100,0.0,22
494,0,0,348,482,-134,0.0,24
494,1,1,452,498,-46,0.0,25
502,0,0,379,411,-32,0.0,24
502,1,1,368,475,-107,0.0,22
510,0,0,416,500,-84,0.0,24
510,1,1,503,358,145,1.0,24
518,0,0,439,445,-6,0.0,23
518,1,1,452,419,33,1.0,23
526,0,0,349,476,-127,0.0,22
526,1,1,457,417,40,1.0,23
534,0,0,352,503,-151,0.0,21
534,1,1,464,376,88,1.0,27
542,0,0,465,400,65,1.0,24
542,1,1,527,416,111,1.0,23
550,0,0,417,386,31,1.0,23
550,1,1,407,447,-40,0.0,21
558,0,0,444,451,-7,0.0,27
558,1,1,404,607,-203,0.0,23
566,0,0,433,448,-15,0.0,21
566,1,1,573,314,259,1.0,23
574,0,0,515,523,-8,0.0,23
574,1,1,451,431,20,1.0,22
582,0,0,382,441,-59,0.0,22
582,1,1,537,382,155,1.0,22
590,0,0,469,404,65,1.0,27
590,1,1,407,511,-104,0.0,23
598,0,0,453,372,81,1.0,23
598,1,1,389,393,-4,0.0,24
606,0,0,445,413,32,1.0,22
606,1,1,414,433,-19,0.0,22
614,0,0,436,476,-40,0.0,24
614,1,1,474,419,55,1.0,22
622,0,0,407,365,42,1.0,25
622,1,1,377,450,-73,0.0,25
630,0,0,408,468,-60,0.0,24
630,1,1,436,502,-66,0.0,23
638,0,0,415,413,2,1.0,26
638,1,1,413,316,97,1.0,24
646,0,0,364,432,-68,0.0,27
646,1,1,404,438,-34,0.0,24
654,0,0,448,382,66,1.0,26
654,1,1,443,446,-3,0.0,26
662,0,0,403,453,-50,0.0,22
662,1,1,392,376,16,1.0,26
670,0,0,549,459,90,1.0,21
670,1,1,409,453,-44,0.0,19
678,0,0,437,446,-9,0.0,24
678,1,1,408,383,25,1.0,27
686,0,0,461,431,30,1.0,23
686,1,1,464,449,15,1.0,24
694,0,0,449,476,-27,0.0,24
694,1,1,383,399,-16,0.0,23
702,0,0,360,451,-91,0.0,23
702,1,1,514,389,125,1.0,22
710,0,0,364,406,-42,0.0,23
710,1,1,443,407,36,1.0,24
718,0,0,434,483,-49,0.0,24
718,1,1,478,326,152,1.0,22
726,0,0,518,387,131,1.0,22
726,1,1,384,481,-97,0.0,24
734,0,0,333,531,-198,0.0,23
734,1,1,482,371,111,1.0,22
742,0,0,476,380,96,1.0,22
742,1,1,391,459,-68,0.0,28
750,0,0,326,492,-166,0.0,23
750,1,1,447,403,44,1.0,21
758,0,0,553,317,236,1.0,21
758,1,1,316,478,-162,0.0,25
766,0,0,386,356,30,1.0,25
766,1,1,381,440,-59,0.0,25
774,0,0,440,476,-36,0.0,21
774,1,1,396,363,33,1.0,24
782,0,0,473,539,-66,0.0,21
782,1,1,533,368,165,1.0,24
790,0,0,481,376,105,1.0,23
790,1,1,434,423,11,1.0,25
798,0,0,384,510,-126,0.0,25
798,1,1,549,372,177,1.0,23
806,0,0,484,366,118,1.0,25
806,1,1,351,481,-130,0.0,24
814,0,0,325,490,-165,0.0,22
814,1,1,513,357,156,1.0,25
822,0,0,400,380,20,1.0,25
822,1,1,424,396,28,1.0,25
830,0,0,437,397,40,1.0,22
830,1,1,423,442,-19,0.0,22
838,0,0,476,350,126,1.0,22
838,1,1,324,420,-96,0.0,28
846,0,0,511,364,147,1.0,24
846,1,1,335,412,-77,0.0,23
854,0,0,495,419,76,1.0,24
854,1,1,327,493,-166,0.0,22
862,0,0,412,478,-66,0.0,24
862,1,1,465,390,75,1.0,24
870,0,0,462,380,82,1.0,23
870,1,1,356,467,-111,0.0,25
878,0,0,388,395,-7,0.0,27
878,1,1,407,480,-73,0.0,21
886,0,0,376,470,-94,0.0,24
886,1,1,436,323,113,1.0,23
894,0,0,448,433,15,1.0,26
894,1,1,445,436,9,1.0,22
902,0,0,340,457,-117,0.0,23
902,1,1,503,432,71,1.0,20
910,0,0,516,319,197,1.0,21
910,1,1,356,499,-143,0.0,25
918,0,0,538,391,147,1.0,25
918,1,1,458,457,1,1.0,22
926,0,0,340,421,-81,0.0,25
926,1,1,492,363,129,1.0,29
934,0,0,383,468,-85,0.0,22
934,1,1,514,350,164,1.0,26
942,0,0,416,511,-95,0.0,25
942,1,1,442,374,68,1.0,22
950,0,0,499,368,131,1.0,24
950,1,1,416,517,-101,0.0,21
958,0,0,600,378,222,1.0,22
958,1,1,342,493,-151,0.0,23
966,0,0,505,407,98,1.0,21
966,1,1,413,484,-71,0.0,24
974,0,0,428,442,-14,0.0,21
974,1,1,444,360,84,1.0,26
982,0,0,493,503,-10,0.0,24
982,1,1,446,363,83,1.0,23
990,0,0,416,443,-27,0.0,23
990,1,1,462,396,66,1.0,26
998,0,0,455,398,57,1.0,22
998,1,1,388,543,-155,0.0,25
1006,0,0,428,485,-57,0.0,23
1006,1,1,397,481,-84,0.0,22
1014,0,0,381,439,-58,0.0,22
1014,1,1,504,342,162,1.0,25
1022,0,0,388,362,26,1.0,24
1022,1,1,399,325,74,1.0,24
1030,0,0,436,442,-6,0.0,22
1030,1,1,549,379,170,1.0,20
1038,0,0,464,414,50,1.0,22
1038,1,1,475,441,34,1.0,22
1046,0,0,525,386,139,1.0,21
1046,1,1,357,517,-160,0.0,22
1054,0,0,377,483,-106,0.0,22
1054,1,1,312,391,-79,0.0,24
1062,0,0,464,399,65,1.0,23
1062,1,1,370,434,-64,0.0,22
1070,0,0,543,539,4,1.0,23
1070,1,1,429,408,21,1.0,24
1078,0,0,410,374,36,1.0,26
1078,1,1,363,337,26,1.0,24
1086,0,0,460,330,130,1.0,26
1086,1,1,342,570,-228,0.0,24
1094,0,0,453,532,-79,0.0,24
1094,1,1,543,426,117,1.0,24
1102,0,0,387,463,-76,0.0,25
1102,1,1,433,336,97,1.0,24
1110,0,0,435,389,46,1.0,24
1110,1,1,447,482,-35,0.0,25
1118,0,0,395,459,-64,0.0,24
1118,1,1,514,329,185,1.0,22
1126,0,0,407,350,57,1.0,24
1126,1,1,394,412,-18,0.0,25
1134,0,0,355,409,-54,0.0,24
1134,1,1,411,337,74,1.0,28
1142,0,0,391,375,16,1.0,28
1142,1,1,342,425,-83,0.0,23
1150,0,0,433,511,-78,0.0,21
1150,1,1,426,483,-57,0.0,19
1158,0,0,442,312,130,1.0,25
1158,1,1,317,541,-224,0.0,25
1166,0,0,469,433,36,1.0,23
1166,1,1,414,464,-50,0.0,23
1174,0,0,352,489,-137,0.0,24
1174,1,1,396,404,-8,0.0,22
1182,0,0,537,372,165,1.0,26
1182,1,1,375,459,-84,0.0,25
1190,0,0,531,369,162,1.0,24
1190,1,1,322,543,-221,0.0,23
1198,0,0,404,469,-65,0.0,26
1198,1,1,464,443,21,1.0,21
1206,0,0,457,399,58,1.0,21
1206,1,1,429,470,-41,0.0,20
1214,0,0,365,460,-95,0.0,25
1214,1,1,404,494,-90,0.0,32
1222,0,0,425,356,69,1.0,28
1222,1,1,454,376,78,1.0,28
1230,0,0,446,328,118,1.0,22
1230,1,1,411,464,-53,0.0,23
1238,0,0,455,381,74,1.0,23
1238,1,1,368,453,-85,0.0,26
1246,0,0,365,419,-54,0.0,23
1246,1,1,389,417,-28,0.0,21
1254,0,0,402,459,-57,0.0,24
1254,1,1,515,382,133,1.0,22
1262,0,0,389,380,9,1.0,28
1262,1,1,361,477,-116,0.0,25
1270,0,0,563,321,242,1.0,25
1270,1,1,393,532,-139,0.0,22
1278,0,0,532,281,251,1.0,23
1278,1,1,318,494,-176,0.0,23
1286,0,0,375,461,-86,0.0,24
1286,1,1,427,312,115,1.0,24
1294,0,0,395,363,32,1.0,23
1294,1,1,390,395,-5,0.0,24
1302,0,0,432,375,57,1.0,27
1302,1,1,465,367,98,1.0,22
1310,0,0,479,382,97,1.0,22
1310,1,1,363,461,-98,0.0,19
1318,0,0,354,511,-157,0.0,26
1318,1,1,493,549,-56,0.0,24
1326,0,0,558,364,194,1.0,29
1326,1,1,385,513,-128,0.0,24
1334,0,0,368,449,-81,0.0,23
1334,1,1,463,443,20,1.0,25
1342,0,0,390,408,-18,0.0,22
1342,1,1,588,409,179,1.0,26
1350,0,0,373,484,-111,0.0,24
1350,1,1,423,344,79,1.0,22
1358,0,0,480,326,154,1.0,23
1358,1,1,347,387,-40,0.0,25
1366,0,0,393,460,-67,0.0,23
1366,1,1,487,360,127,1.0,22
1374,0,0,351,461,-110,0.0,21
1374,1,1,408,403,5,1.0,22
1382,0,0,525,406,119,1.0,22
1382,1,1,546,433,113,1.0,26
1390,0,0,443,407,36,1.0,24
1390,1,1,403,418,-15,0.0,25
1398,0,0,479,331,148,1.0,23
1398,1,1,337,440,-103,0.0,25
1406,0,0,452,429,23,1.0,27
1406,1,1,557,355,202,1.0,24
1414,0,0,445,484,-39,0.0,25
1414,1,1,359,514,-155,0.0,19
1422,0,0,370,499,-129,0.0,21
1422,1,1,420,401,19,1.0,27
1430,0,0,414,381,33,1.0,21
1430,1,1,454,478,-24,0.0,22
1438,0,0,503,352,151,1.0,23
1438,1,1,433,372,61,1.0,28
1446,0,0,520,372,148,1.0,23
1446,1,1,387,382,5,1.0,22
1454,0,0,473,345,128,1.0,25
1454,1,1,349,405,-56,0.0,22
1462,0,0,465,396,69,1.0,22
1462,1,1,435,585,-150,0.0,23
1470,0,0,390,430,-40,0.0,26
1470,1,1,520,502,18,1.0,24
1478,0,0,375,470,-95,0.0,22
1478,1,1,448,383,65,1.0,23
1486,0,0,603,448,155,1.0,21
1486,1,1,427,559,-132,0.0,23
1494,0,0,366,420,-54,0.0,24
1494,1,1,412,480,-68,0.0,21
1502,0,0,518,493,25,1.0,26
1502,1,1,521,418,103,1.0,26
1510,0,0,430,420,10,1.0,26
1510,1,1,494,482,12,1.0,24
1518,0,0,377,490,-113,0.0,22
1518,1,1,416,410,6,1.0,28
1526,0,0,454,433,21,1.0,25
1526,1,1,485,459,26,1.0,23
1534,0,0,483,395,88,1.0,23
1534,1,1,468,410,58,1.0,21
1542,0,0,499,356,143,1.0,23
1542,1,1,422,525,-103,0.0,24
1550,0,0,521,340,181,1.0,25
1550,1,1,329,404,-75,0.0,27
1558,0,0,539,344,195,1.0,21
1558,1,1,398,437,-39,0.0,23
1566,0,0,377,389,-12,0.0,23
1566,1,1,398,392,6,1.0,23
1574,0,0,501,577,-76,0.0,21
1574,1,1,509,468,41,1.0,22
1582,0,0,343,473,-130,0.0,26
1582,1,1,434,379,55,1.0,28
1590,0,0,393,377,16,1.0,26
1590,1,1,373,442,-69,0.0,25
1598,0,0,380,381,-1,0.0,26
1598,1,1,439,449,-10,0.0,23
1606,0,0,407,511,-104,0.0,24
1606,1,1,578,423,155,1.0,22
1614,0,0,456,417,39,1.0,23
1614,1,1,442,394,48,1.0,24
1622,0,0,560,384,176,1.0,21
1622,1,1,339,475,-136,0.0,25
1630,0,0,424,376,48,1.0,24
1630,1,1,428,445,-17,0.0,21
1638,0,0,426,460,-34,0.0,23
1638,1,1,472,511,-39,0.0,27
1646,0,0,567,425,142,1.0,23
1646,1,1,413,493,-80,0.0,26
1654,0,0,474,360,114,1.0,22
1654,1,1,436,454,-18,0.0,25
1662,0,0,396,442,-46,0.0,24
1662,1,1,397,395,2,1.0,28
1670,0,0,420,438,-18,0.0,25
1670,1,1,365,386,-21,0.0,26
1678,0,0,421,517,-96,0.0,25
1678,1,1,485,422,63,1.0,23
1686,0,0,271,463,-192,0.0,25
1686,1,1,431,391,40,1.0,29
1694,0,0,439,428,11,1.0,23
1694,1,1,450,449,1,1.0,23
1702,0,0,415,408,7,1.0,26
1702,1,1,422,408,14,1.0,26
1710,0,0,557,347,210,1.0,23
1710,1,1,374,434,-60,0.0,24
1718,0,0,479,338,141,1.0,21
1718,1,1,344,504,-160,0.0,23
1726,0,0,479,357,122,1.0,24
1726,1,1,403,400,3,1.0,25
1734,0,0,478,447,31,1.0,22
1734,1,1,492,404,88,1.0,24
1742,0,0,499,363,136,1.0,24
1742,1,1,436,372,64,1.0,25
1750,0,0,426,440,-14,0.0,23
1750,1,1,508,420,88,1.0,25
1758,0,0,504,330,174,1.0,21
1758,1,1,367,505,-138,0.0,23
1766,0,0,465,452,13,1.0,25
1766,1,1,386,391,-5,0.0,24
1774,0,0,451,518,-67,0.0,23
1774,1,1,434,431,3,1.0,23
1782,0,0,370,364,6,1.0,22
1782,1,1,367,543,-176,0.0,25
1790,0,0,393,487,-94,0.0,22
1790,1,1,433,518,-85,0.0,25
1798,0,0,393,369,24,1.0,24
1798,1,1,472,543,-71,0.0,20
1806,0,0,479,376,103,1.0,23
1806,1,1,300,566,-266,0.0,25
1814,0,0,522,445,77,1.0,21
1814,1,1,356,514,-158,0.0,24
1822,0,0,432,409,23,1.0,21
1822,1,1,408,322,86,1.0,32
1830,0,0,500,389,111,1.0,24
1830,1,1,363,508,-145,0.0,24
1838,0,0,368,421,-53,0.0,24
1838,1,1,364,388,-24,0.0,30
1846,0,0,526,409,117,1.0,21
1846,1,1,446,471,-25,0.0,20
1854,0,0,557,372,185,1.0,21
1854,1,1,447,410,37,1.0,24
1862,0,0,381,419,-38,0.0,23
1862,1,1,442,401,41,1.0,20
1870,0,0,507,304,203,1.0,23
1870,1,1,447,429,18,1.0,23
1878,0,0,476,415,61,1.0,21
1878,1,1,457,468,-11,0.0,24
1886,0,0,447,439,8,1.0,22
1886,1,1,350,352,-2,0.0,26
1894,0,0,508,453,55,1.0,22
1894,1,1,306,492,-186,0.0,25
1902,0,0,472,348,124,1.0,21
1902,1,1,454,430,24,1.0,23
1910,0,0,483,367,116,1.0,22
1910,1,1,353,423,-70,0.0,26
1918,0,0,457,387,70,1.0,25
1918,1,1,436,452,-16,0.0,24
1926,0,0,423,357,66,1.0,24
1926,1,1,356,455,-99,0.0,22
1934,0,0,454,377,77,1.0,22
1934,1,1,449,380,69,1.0,20
1942,0,0,385,389,-4,0.0,25
1942,1,1,388,476,-88,0.0,25
1950,0,0,439,446,-7,0.0,22
1950,1,1,276,578,-302,0.0,28
1958,0,0,406,328,78,1.0,28
1958,1,1,420,391,29,1.0,25
1966,0,0,348,516,-168,0.0,20
1966,1,1,349,311,38,1.0,23
1974,0,0,510,374,136,1.0,21
1974,1,1,363,391,-28,0.0,21
1982,0,0,427,476,-49,0.0,24
1982,1,1,555,337,218,1.0,22
1990,0,0,357,529,-172,0.0,25
1990,1,1,480,277,203,1.0,25
1998,0,0,482,295,187,1.0,26
1998,1,1,378,425,-47,0.0,25
pair,game,a_seat,a_score,b_score,a_spread,a_win,turns
7,0,0,441,386,55,1.0,23
7,1,1,467,430,37,1.0,24
15,0,0,413,366,47,1.0,26
15,1,1,470,417,53,1.0,24
23,0,0,362,443,-81,0.0,26
23,1,1,429,421,8,1.0,26
31,0,0,407,386,21,1.0,26
31,1,1,459,449,10,1.0,23
39,0,0,488,400,88,1.0,22
39,1,1,484,405,79,1.0,26
47,0,0,363,376,-13,0.0,25
47,1,1,520,458,62,1.0,26
55,0,0,397,445,-48,0.0,22
55,1,1,460,369,91,1.0,24
63,0,0,340,467,-127,0.0,24
63,1,1,456,500,-44,0.0,25
71,0,0,433,405,28,1.0,24
71,1,1,440,397,43,1.0,21
79,0,0,406,478,-72,0.0,23
79,1,1,512,479,33,1.0,22
87,0,0,367,466,-99,0.0,25
87,1,1,473,358,115,1.0,27
95,0,0,395,522,-127,0.0,22
95,1,1,548,397,151,1.0,21
103,0,0,411,392,19,1.0,24
103,1,1,421,437,-16,0.0,22
111,0,0,549,343,206,1.0,21
111,1,1,336,537,-201,0.0,22
119,0,0,425,278,147,1.0,21
119,1,1,326,404,-78,0.0,22
127,0,0,494,383,111,1.0,21
127,1,1,412,405,7,1.0,22
135,0,0,397,586,-189,0.0,22
135,1,1,596,344,252,1.0,19
143,0,0,386,466,-80,0.0,26
143,1,1,621,463,158,1.0,18
151,0,0,312,513,-201,0.0,21
151,1,1,466,379,87,1.0,24
159,0,0,385,433,-48,0.0,22
159,1,1,473,324,149,1.0,27
167,0,0,468,399,69,1.0,21
167,1,1,448,443,5,1.0,23
175,0,0,513,399,114,1.0,24
175,1,1,469,355,114,1.0,24
183,0,0,375,401,-26,0.0,21
183,1,1,402,432,-30,0.0,22
191,0,0,467,456,11,1.0,21
191,1,1,459,495,-36,0.0,24
199,0,0,438,355,83,1.0,23
199,1,1,375,478,-103,0.0,26
207,0,0,303,485,-182,0.0,25
207,1,1,459,327,132,1.0,22
215,0,0,377,463,-86,0.0,25
215,1,1,512,313,199,1.0,21
223,0,0,446,390,56,1.0,22
223,1,1,538,343,195,1.0,23
231,0,0,461,422,39,1.0,22
231,1,1,450,297,153,1.0,23
239,0,0,402,438,-36,0.0,25
239,1,1,369,330,39,1.0,24
247,0,0,345,528,-183,0.0,23
247,1,1,542,357,185,1.0,24
255,0,0,402,356,46,1.0,23
255,1,1,335,486,-151,0.0,27
263,0,0,398,438,-40,0.0,21
263,1,1,446,387,59,1.0,25
271,0,0,417,461,-44,0.0,21
271,1,1,576,345,231,1.0,22
279,0,0,441,430,11,1.0,22
279,1,1,469,523,-54,0.0,22
287,0,0,518,441,77,1.0,21
287,1,1,430,487,-57,0.0,21
295,0,0,411,448,-37,0.0,25
295,1,1,295,637,-342,0.0,22
303,0,0,377,507,-130,0.0,24
303,1,1,481,334,147,1.0,25
311,0,0,438,402,36,1.0,22
311,1,1,400,430,-30,0.0,22
319,0,0,463,355,108,1.0,23
319,1,1,421,416,5,1.0,26
327,0,0,480,394,86,1.0,25
327,1,1,428,522,-94,0.0,24
335,0,0,436,418,18,1.0,24
335,1,1,446,483,-37,0.0,22
343,0,0,450,426,24,1.0,24
343,1,1,346,514,-168,0.0,23
351,0,0,456,365,91,1.0,21
351,1,1,402,426,-24,0.0,22
359,0,0,516,439,77,1.0,24
359,1,1,388,419,-31,0.0,24
367,0,0,409,447,-38,0.0,22
367,1,1,474,420,54,1.0,25
375,0,0,484,440,44,1.0,21
375,1,1,390,552,-162,0.0,20
383,0,0,478,424,54,1.0,21
383,1,1,433,445,-12,0.0,19
391,0,0,407,431,-24,0.0,21
391,1,1,461,440,21,1.0,27
399,0,0,462,369,93,1.0,29
399,1,1,376,438,-62,0.0,27
407,0,0,364,344,20,1.0,27
407,1,1,313,507,-194,0.0,29
415,0,0,337,451,-114,0.0,22
415,1,1,470,335,135,1.0,24
423,0,0,456,385,71,1.0,24
423,1,1,419,403,16,1.0,22
431,0,0,419,537,-118,0.0,24
431,1,1,441,482,-41,0.0,24
439,0,0,402,429,-27,0.0,22
439,1,1,420,405,15,1.0,24
447,0,0,399,422,-23,0.0,24
447,1,1,460,433,27,1.0,26
455,0,0,400,435,-35,0.0,23
455,1,1,524,494,30,1.0,21
463,0,0,488,403,85,1.0,24
463,1,1,473,474,-1,0.0,21
471,0,0,408,432,-24,0.0,22
471,1,1,505,475,30,1.0,25
479,0,0,514,387,127,1.0,25
479,1,1,393,460,-67,0.0,25
487,0,0,444,420,24,1.0,27
487,1,1,488,398,90,1.0,24
495,0,0,412,369,43,1.0,23
495,1,1,446,395,51,1.0,22
503,0,0,373,490,-117,0.0,19
503,1,1,441,390,51,1.0,27
511,0,0,344,487,-143,0.0,21
511,1,1,521,426,95,1.0,25
519,0,0,302,540,-238,0.0,23
519,1,1,553,342,211,1.0,22
527,0,0,422,456,-34,0.0,23
527,1,1,458,419,39,1.0,23
535,0,0,421,480,-59,0.0,23
535,1,1,394,464,-70,0.0,22
543,0,0,373,462,-89,0.0,23
543,1,1,467,352,115,1.0,22
551,0,0,334,377,-43,0.0,28
551,1,1,428,408,20,1.0,25
559,0,0,416,420,-4,0.0,22
559,1,1,458,448,10,1.0,26
567,0,0,443,474,-31,0.0,21
567,1,1,373,428,-55,0.0,23
575,0,0,513,397,116,1.0,22
575,1,1,386,385,1,1.0,22
583,0,0,354,446,-92,0.0,24
583,1,1,435,385,50,1.0,22
591,0,0,422,539,-117,0.0,22
591,1,1,396,375,21,1.0,23
599,0,0,476,371,105,1.0,26
599,1,1,367,384,-17,0.0,25
607,0,0,266,492,-226,0.0,28
607,1,1,447,356,91,1.0,24
615,0,0,435,406,29,1.0,20
615,1,1,454,485,-31,0.0,23
623,0,0,478,497,-19,0.0,27
623,1,1,437,385,52,1.0,23
631,0,0,389,418,-29,0.0,28
631,1,1,440,354,86,1.0,24
639,0,0,395,416,-21,0.0,21
639,1,1,421,424,-3,0.0,24
647,0,0,332,590,-258,0.0,17
647,1,1,485,326,159,1.0,25
655,0,0,369,440,-71,0.0,24
655,1,1,513,303,210,1.0,24
663,0,0,438,410,28,1.0,23
663,1,1,401,481,-80,0.0,23
671,0,0,520,356,164,1.0,25
671,1,1,351,554,-203,0.0,26
679,0,0,548,402,146,1.0,24
679,1,1,396,397,-1,0.0,25
687,0,0,573,390,183,1.0,25
687,1,1,453,534,-81,0.0,24
695,0,0,374,399,-25,0.0,27
695,1,1,458,393,65,1.0,23
703,0,0,375,350,25,1.0,30
703,1,1,424,413,11,1.0,24
711,0,0,468,305,163,1.0,22
711,1,1,459,368,91,1.0,32
719,0,0,422,386,36,1.0,23
719,1,1,401,424,-23,0.0,24
727,0,0,383,393,-10,0.0,23
727,1,1,417,541,-124,0.0,23
735,0,0,437,398,39,1.0,26
735,1,1,506,421,85,1.0,26
743,0,0,414,410,4,1.0,23
743,1,1,491,461,30,1.0,22
751,0,0,392,504,-112,0.0,25
751,1,1,499,353,146,1.0,23
759,0,0,379,339,40,1.0,25
759,1,1,419,434,-15,0.0,23
767,0,0,345,463,-118,0.0,23
767,1,1,458,376,82,1.0,24
775,0,0,633,325,308,1.0,20
775,1,1,394,470,-76,0.0,21
783,0,0,413,385,28,1.0,21
783,1,1,386,435,-49,0.0,26
791,0,0,362,511,-149,0.0,22
791,1,1,517,423,94,1.0,22
799,0,0,538,477,61,1.0,21
799,1,1,395,397,-2,0.0,26
807,0,0,402,442,-40,0.0,25
807,1,1,446,405,41,1.0,22
815,0,0,454,464,-10,0.0,23
815,1,1,451,430,21,1.0,23
823,0,0,354,353,1,1.0,29
823,1,1,450,485,-35,0.0,27
831,0,0,328,497,-169,0.0,24
831,1,1,525,348,177,1.0,22
839,0,0,402,358,44,1.0,25
839,1,1,363,448,-85,0.0,27
847,0,0,452,475,-23,0.0,25
847,1,1,519,415,104,1.0,21
855,0,0,392,471,-79,0.0,24
855,1,1,499,368,131,1.0,23
863,0,0,385,522,-137,0.0,25
863,1,1,617,322,295,1.0,25
871,0,0,460,422,38,1.0,24
871,1,1,374,477,-103,0.0,24
879,0,0,392,460,-68,0.0,25
879,1,1,361,315,46,1.0,26
887,0,0,431,452,-21,0.0,22
887,1,1,427,381,46,1.0,25
895,0,0,435,444,-9,0.0,23
895,1,1,496,324,172,1.0,28
903,0,0,437,437,0,0.5,22
903,1,1,415,408,7,1.0,27
911,0,0,423,542,-119,0.0,20
911,1,1,425,451,-26,0.0,20
919,0,0,439,484,-45,0.0,25
919,1,1,440,404,36,1.0,25
927,0,0,531,431,100,1.0,26
927,1,1,436,341,95,1.0,24
935,0,0,471,395,76,1.0,22
935,1,1,307,576,-269,0.0,20
943,0,0,373,433,-60,0.0,29
943,1,1,454,368,86,1.0,25
951,0,0,489,350,139,1.0,22
951,1,1,453,499,-46,0.0,22
959,0,0,414,423,-9,0.0,23
959,1,1,443,441,2,1.0,25
967,0,0,371,488,-117,0.0,22
967,1,1,502,327,175,1.0,21
975,0,0,397,480,-83,0.0,27
975,1,1,420,355,65,1.0,22
983,0,0,382,414,-32,0.0,21
983,1,1,506,310,196,1.0,23
991,0,0,443,480,-37,0.0,23
991,1,1,430,409,21,1.0,24
999,0,0,483,436,47,1.0,23
999,1,1,463,328,135,1.0,27
1007,0,0,397,374,23,1.0,21
1007,1,1,399,416,-17,0.0,23
1015,0,0,386,352,34,1.0,23
1015,1,1,423,538,-115,0.0,24
1023,0,0,383,560,-177,0.0,22
1023,1,1,473,395,78,1.0,23
1031,0,0,371,338,33,1.0,23
1031,1,1,484,428,56,1.0,27
1039,0,0,482,468,14,1.0,22
1039,1,1,394,396,-2,0.0,25
1047,0,0,326,460,-134,0.0,22
1047,1,1,432,422,10,1.0,27
1055,0,0,512,402,110,1.0,23
1055,1,1,434,514,-80,0.0,23
1063,0,0,411,513,-102,0.0,22
1063,1,1,403,415,-12,0.0,27
1071,0,0,349,447,-98,0.0,27
1071,1,1,534,358,176,1.0,23
1079,0,0,415,411,4,1.0,23
1079,1,1,538,391,147,1.0,21
1087,0,0,341,441,-100,0.0,23
1087,1,1,304,459,-155,0.0,24
1095,0,0,359,453,-94,0.0,24
1095,1,1,605,357,248,1.0,23
1103,0,0,390,428,-38,0.0,23
1103,1,1,417,392,25,1.0,26
1111,0,0,477,428,49,1.0,21
1111,1,1,470,524,-54,0.0,24
1119,0,0,489,423,66,1.0,24
1119,1,1,455,404,51,1.0,24
1127,0,0,299,506,-207,0.0,25
1127,1,1,493,381,112,1.0,23
1135,0,0,370,467,-97,0.0,25
1135,1,1,417,383,34,1.0,25
1143,0,0,499,500,-1,0.0,24
1143,1,1,405,376,29,1.0,30
1151,0,0,503,386,117,1.0,18
1151,1,1,407,374,33,1.0,22
1159,0,0,425,292,133,1.0,22
1159,1,1,481,427,54,1.0,23
1167,0,0,414,406,8,1.0,21
1167,1,1,600,509,91,1.0,23
1175,0,0,431,418,13,1.0,20
1175,1,1,413,358,55,1.0,23
1183,0,0,380,464,-84,0.0,24
1183,1,1,410,405,5,1.0,25
1191,0,0,444,456,-12,0.0,24
1191,1,1,389,442,-53,0.0,22
1199,0,0,486,452,34,1.0,28
1199,1,1,429,455,-26,0.0,24
1207,0,0,380,487,-107,0.0,22
1207,1,1,457,413,44,1.0,21
1215,0,0,396,405,-9,0.0,24
1215,1,1,332,423,-91,0.0,25
1223,0,0,417,421,-4,0.0,24
1223,1,1,483,456,27,1.0,25
1231,0,0,554,364,190,1.0,19
1231,1,1,427,578,-151,0.0,20
1239,0,0,378,408,-30,0.0,23
1239,1,1,481,442,39,1.0,23
1247,0,0,510,396,114,1.0,22
1247,1,1,458,582,-124,0.0,24
1255,0,0,354,471,-117,0.0,24
1255,1,1,480,399,81,1.0,22
1263,0,0,375,516,-141,0.0,24
1263,1,1,495,341,154,1.0,24
1271,0,0,380,523,-143,0.0,21
1271,1,1,433,487,-54,0.0,26
1279,0,0,431,451,-20,0.0,27
1279,1,1,440,419,21,1.0,23
1287,0,0,572,370,202,1.0,23
1287,1,1,370,431,-61,0.0,24
1295,0,0,436,471,-35,0.0,27
1295,1,1,438,391,47,1.0,21
1303,0,0,443,413,30,1.0,26
1303,1,1,325,464,-139,0.0,27
1311,0,0,344,442,-98,0.0,24
1311,1,1,454,390,64,1.0,23
1319,0,0,397,460,-63,0.0,23
1319,1,1,524,378,146,1.0,23
1327,0,0,404,515,-111,0.0,23
1327,1,1,368,437,-69,0.0,23
1335,0,0,399,419,-20,0.0,25
1335,1,1,505,422,83,1.0,23
1343,0,0,404,462,-58,0.0,27
1343,1,1,522,403,119,1.0,23
1351,0,0,398,514,-116,0.0,23
1351,1,1,406,469,-63,0.0,24
1359,0,0,385,431,-46,0.0,24
1359,1,1,493,416,77,1.0,21
1367,0,0,485,352,133,1.0,23
1367,1,1,496,501,-5,0.0,25
1375,0,0,366,485,-119,0.0,23
1375,1,1,542,369,173,1.0,25
1383,0,0,509,339,170,1.0,24
1383,1,1,360,546,-186,0.0,23
1391,0,0,406,380,26,1.0,21
1391,1,1,382,472,-90,0.0,24
1399,0,0,389,436,-47,0.0,23
1399,1,1,366,368,-2,0.0,26
1407,0,0,394,461,-67,0.0,24
1407,1,1,405,380,25,1.0,22
1415,0,0,442,404,38,1.0,24
1415,1,1,376,416,-40,0.0,26
1423,0,0,503,380,123,1.0,22
1423,1,1,391,464,-73,0.0,22
1431,0,0,413,423,-10,0.0,21
1431,1,1,365,459,-94,0.0,24
1439,0,0,383,345,38,1.0,31
1439,1,1,407,394,13,1.0,23
1447,0,0,442,434,8,1.0,24
1447,1,1,452,430,22,1.0,25
1455,0,0,454,442,12,1.0,23
1455,1,1,483,364,119,1.0,27
1463,0,0,496,469,27,1.0,22
1463,1,1,383,468,-85,0.0,23
1471,0,0,406,506,-100,0.0,22
1471,1,1,573,341,232,1.0,22
1479,0,0,392,460,-68,0.0,23
1479,1,1,473,507,-34,0.0,25
1487,0,0,443,390,53,1.0,25
1487,1,1,516,411,105,1.0,23
1495,0,0,446,402,44,1.0,22
1495,1,1,535,406,129,1.0,19
1503,0,0,454,502,-48,0.0,21
1503,1,1,465,480,-15,0.0,21
1511,0,0,384,393,-9,0.0,24
1511,1,1,482,334,148,1.0,25
1519,0,0,455,368,87,1.0,24
1519,1,1,435,360,75,1.0,22
1527,0,0,404,393,11,1.0,22
1527,1,1,427,462,-35,0.0,23
1535,0,0,404,464,-60,0.0,23
1535,1,1,481,393,88,1.0,21
1543,0,0,466,426,40,1.0,21
1543,1,1,454,351,103,1.0,21
1551,0,0,489,409,80,1.0,24
1551,1,1,372,377,-5,0.0,24
1559,0,0,404,430,-26,0.0,20
1559,1,1,510,404,106,1.0,22
1567,0,0,362,413,-51,0.0,23
1567,1,1,430,456,-26,0.0,23
1575,0,0,378,506,-128,0.0,26
1575,1,1,483,366,117,1.0,23
1583,0,0,383,349,34,1.0,25
1583,1,1,415,498,-83,0.0,24
1591,0,0,441,428,13,1.0,22
1591,1,1,485,465,20,1.0,20
1599,0,0,393,361,32,1.0,25
1599,1,1,382,351,31,1.0,23
1607,0,0,351,420,-69,0.0,22
1607,1,1,428,369,59,1.0,24
1615,0,0,434,429,5,1.0,24
1615,1,1,437,407,30,1.0,22
1623,0,0,423,414,9,1.0,23
1623,1,1,407,469,-62,0.0,22
1631,0,0,472,456,16,1.0,25
1631,1,1,367,385,-18,0.0,26
1639,0,0,391,439,-48,0.0,25
1639,1,1,435,377,58,1.0,23
1647,0,0,422,386,36,1.0,25
1647,1,1,475,425,50,1.0,22
1655,0,0,379,491,-112,0.0,23
1655,1,1,453,377,76,1.0,22
1663,0,0,353,583,-230,0.0,25
1663,1,1,467,326,141,1.0,20
1671,0,0,474,414,60,1.0,21
1671,1,1,439,415,24,1.0,21
1679,0,0,479,404,75,1.0,21
1679,1,1,454,417,37,1.0,24
1687,0,0,342,385,-43,0.0,25
1687,1,1,457,509,-52,0.0,22
1695,0,0,427,492,-65,0.0,25
1695,1,1,457,408,49,1.0,23
1703,0,0,527,344,183,1.0,23
1703,1,1,450,553,-103,0.0,20
1711,0,0,560,413,147,1.0,21
1711,1,1,422,469,-47,0.0,23
1719,0,0,357,507,-150,0.0,23
1719,1,1,499,379,120,1.0,23
1727,0,0,404,343,61,1.0,23
1727,1,1,414,381,33,1.0,25
1735,0,0,451,326,125,1.0,22
1735,1,1,486,508,-22,0.0,23
1743,0,0,465,415,50,1.0,23
1743,1,1,429,424,5,1.0,23
1751,0,0,441,450,-9,0.0,24
1751,1,1,390,490,-100,0.0,24
1759,0,0,422,424,-2,0.0,24
1759,1,1,503,375,128,1.0,22
1767,0,0,387,417,-30,0.0,23
1767,1,1,408,392,16,1.0,21
1775,0,0,401,465,-64,0.0,24
1775,1,1,423,406,17,1.0,26
1783,0,0,439,409,30,1.0,24
1783,1,1,416,367,49,1.0,26
1791,0,0,411,460,-49,0.0,22
1791,1,1,431,367,64,1.0,32
1799,0,0,483,302,181,1.0,23
1799,1,1,341,512,-171,0.0,26
1807,0,0,395,482,-87,0.0,22
1807,1,1,409,373,36,1.0,20
1815,0,0,349,505,-156,0.0,23
1815,1,1,522,285,237,1.0,26
1823,0,0,496,384,112,1.0,24
1823,1,1,409,336,73,1.0,27
1831,0,0,396,493,-97,0.0,22
1831,1,1,472,333,139,1.0,28
1839,0,0,390,508,-118,0.0,22
1839,1,1,546,419,127,1.0,24
1847,0,0,316,488,-172,0.0,31
1847,1,1,425,357,68,1.0,29
1855,0,0,426,502,-76,0.0,21
1855,1,1,462,530,-68,0.0,21
1863,0,0,571,388,183,1.0,24
1863,1,1,445,438,7,1.0,28
1871,0,0,466,453,13,1.0,23
1871,1,1,437,447,-10,0.0,22
1879,0,0,508,455,53,1.0,19
1879,1,1,392,380,12,1.0,23
1887,0,0,351,355,-4,0.0,22
1887,1,1,409,441,-32,0.0,24
1895,0,0,398,530,-132,0.0,25
1895,1,1,534,367,167,1.0,21
1903,0,0,394,420,-26,0.0,25
1903,1,1,450,353,97,1.0,22
1911,0,0,310,545,-235,0.0,21
1911,1,1,492,389,103,1.0,22
1919,0,0,481,363,118,1.0,35
1919,1,1,367,481,-114,0.0,25
1927,0,0,424,351,73,1.0,25
1927,1,1,409,405,4,1.0,24
1935,0,0,393,511,-118,0.0,21
1935,1,1,413,350,63,1.0,23
1943,0,0,368,413,-45,0.0,27
1943,1,1,417,341,76,1.0,25
1951,0,0,395,418,-23,0.0,23
1951,1,1,454,476,-22,0.0,20
1959,0,0,372,457,-85,0.0,24
1959,1,1,473,415,58,1.0,24
1967,0,0,339,423,-84,0.0,28
1967,1,1,479,419,60,1.0,22
1975,0,0,396,447,-51,0.0,23
1975,1,1,394,451,-57,0.0,29
1983,0,0,375,400,-25,0.0,23
1983,1,1,505,381,124,1.0,30
1991,0,0,407,374,33,1.0,24
1991,1,1,414,352,62,1.0,23
1999,0,0,496,483,13,1.0,21
1999,1,1,451,431,20,1.0,22
