pos,model,pat_rank,static_rank,static_eq,pat_eq,pat_adj,move
1092,CSW24_hsp,1,1,30.921000,22.125000,-8.796000,n8 GUY
1092,CSW24_hsp,2,2,28.778000,20.846000,-7.932000,g3 URANYL
1092,CSW24_hsp,3,3,27.600000,19.174000,-8.426000,4k VEERY
1092,CSW24_hsp,4,4,26.921000,18.238000,-8.683000,j6 YU
1092,CSW24_hsp,5,5,25.927000,17.857000,-8.070000,i7 RYU
1092,CSW24_hsp,6,6,25.586000,17.025000,-8.561000,j5 AYU
1092,CSW24_hsp,7,7,24.778000,16.904000,-7.874000,i4 UNARY
1092,CSW24_hsp,8,11,23.927000,16.178000,-7.749000,10k RUBY
1092,CSW24_hsp,9,9,24.572000,15.905000,-8.667000,n10 YA
1092,CSW24_hsp,10,8,24.572000,15.652000,-8.920000,n8 GAY
1092,CSW24_hsp,11,10,24.298000,15.374000,-8.924000,n6 UNGEAR
1092,CSW24_hsp,12,12,23.586000,13.976000,-9.610000,n13 AYU
1092,CSW24_hsp,13,13,22.572000,13.954000,-8.618000,j5 AY
1092,CSW24_hsp,14,14,22.477000,13.664000,-8.813000,n8 GRAY
1092,CSW24_hsp,15,16,21.983000,13.393000,-8.590000,j5 NY
1092,CSW24_hsp,16,19,20.719000,12.912000,-7.807000,g3 YUAN
1092,CSW24_hsp,17,15,22.477000,12.785000,-9.692000,n13 ARY
1092,CSW24_hsp,18,17,20.927000,12.519000,-8.408000,14l YOUR
1092,CSW24_hsp,19,21,20.477000,12.322000,-8.155000,i7 RYA
1092,CSW24_hsp,20,22,20.162000,12.148000,-8.014000,g3 YARN
1092,CSW24_hsp,21,18,20.921000,11.758000,-9.163000,n14 YU
1092,CSW24_hsp,22,20,20.572000,11.705000,-8.867000,j6 YA
1092,CSW24_hsp,23,24,19.477000,11.271000,-8.206000,i6 ARY
1092,CSW24_hsp,24,25,19.477000,11.260000,-8.217000,i6 RAY
1092,CSW24_hsp,25,26,19.477000,11.150000,-8.327000,i8 YAR
1131,CSW24_hsp,1,1,34.218000,29.460000,-4.758000,e8 OPAH
1131,CSW24_hsp,2,2,27.365000,22.476000,-4.889000,10j VAT
1131,CSW24_hsp,3,3,27.218000,22.211000,-5.007000,10j HAP
1131,CSW24_hsp,4,4,26.930000,21.954000,-4.976000,10j HAH
1131,CSW24_hsp,5,5,23.725000,18.987000,-4.738000,m9 HADITH
1131,CSW24_hsp,6,8,18.933000,16.855000,-2.078000,1g VITA
1131,CSW24_hsp,7,6,21.451000,16.506000,-4.945000,10j HAT
1131,CSW24_hsp,8,7,19.413000,14.532000,-4.881000,n5 CHAI
1131,CSW24_hsp,9,16,14.594000,13.819000,-0.775000,1n HI
1131,CSW24_hsp,10,9,18.466000,13.726000,-4.740000,n5 CHA
1131,CSW24_hsp,11,11,17.066000,13.011000,-4.055000,6n HI
1131,CSW24_hsp,12,17,14.537000,12.519000,-2.018000,1h VIA
1131,CSW24_hsp,13,10,17.594000,12.333000,-5.261000,n4 ICH
1131,CSW24_hsp,14,21,12.466000,11.686000,-0.780000,1n HA
1131,CSW24_hsp,15,12,15.855000,11.623000,-4.232000,e8 OVA
1131,CSW24_hsp,16,15,14.712000,10.802000,-3.910000,m11 DIVI
1131,CSW24_hsp,17,14,15.466000,10.640000,-4.826000,10j HA
1131,CSW24_hsp,18,20,14.067000,10.489000,-3.578000,10b VAW
1131,CSW24_hsp,19,19,14.466000,9.929000,-4.537000,e10 AH
1131,CSW24_hsp,20,18,14.466000,9.786000,-4.680000,n9 AH
1131,CSW24_hsp,21,25,10.235000,9.774000,-0.461000,1n PI
1131,CSW24_hsp,22,13,15.466000,9.502000,-5.964000,n4 ACH
1131,CSW24_hsp,23,23,11.067000,7.738000,-3.329000,m11 DIV
1131,CSW24_hsp,24,22,11.067000,7.730000,-3.337000,j10 VOE
1131,CSW24_hsp,25,24,10.855000,6.859000,-3.996000,m11 DIVA
185,CSW24_hsp,1,1,23.778000,16.291000,-7.487000,9f LOOIE
185,CSW24_hsp,2,2,18.778000,10.012000,-8.766000,5a LOOGIE
185,CSW24_hsp,3,4,16.790000,9.930000,-6.860000,k5 OE
185,CSW24_hsp,4,3,18.778000,9.675000,-9.103000,5d GOOLIE
185,CSW24_hsp,5,7,14.902000,8.196000,-6.706000,e4 OO
185,CSW24_hsp,6,8,14.902000,7.950000,-6.952000,k5 OO
185,CSW24_hsp,7,12,13.902000,6.989000,-6.913000,e5 OO
185,CSW24_hsp,8,6,15.694000,6.730000,-8.964000,5d GOORIE
185,CSW24_hsp,9,5,15.694000,6.656000,-9.038000,5d GOOIER
185,CSW24_hsp,10,11,14.086000,5.700000,-8.386000,5b LOGIE
185,CSW24_hsp,11,23,12.150000,5.582000,-6.568000,1a LOO
185,CSW24_hsp,12,13,13.839000,5.488000,-8.351000,5b LOGOI
185,CSW24_hsp,13,9,14.694000,5.301000,-9.393000,6i ROOFIE
185,CSW24_hsp,14,14,13.839000,5.243000,-8.596000,5c IGLOO
185,CSW24_hsp,15,27,11.790000,5.166000,-6.624000,1a OE
185,CSW24_hsp,16,10,14.694000,5.144000,-9.550000,6j OOFIER
185,CSW24_hsp,17,16,13.465000,5.014000,-8.451000,4h LOOED
185,CSW24_hsp,18,31,11.790000,4.464000,-7.326000,c6 OE
185,CSW24_hsp,19,25,12.086000,4.411000,-7.675000,5j LOUIE
185,CSW24_hsp,20,33,11.790000,4.267000,-7.523000,7h OE
185,CSW24_hsp,21,45,10.767000,4.244000,-6.523000,e4 IO
185,CSW24_hsp,22,20,12.778000,4.223000,-8.555000,j4 OOLITE
185,CSW24_hsp,23,18,12.778000,4.164000,-8.614000,i3 LOOIES
185,CSW24_hsp,24,47,10.767000,3.914000,-6.853000,k5 OI
185,CSW24_hsp,25,46,10.767000,3.861000,-6.906000,e4 OI
843,CSW24_hsp,1,1,23.522000,15.086000,-8.436000,14e AUTOMAn
843,CSW24_hsp,2,2,16.693000,10.377000,-6.316000,c3 TOMO
843,CSW24_hsp,3,3,15.546000,9.074000,-6.472000,c1 OUMA
843,CSW24_hsp,4,4,14.994000,8.821000,-6.173000,c4 OMA
843,CSW24_hsp,5,6,14.153000,7.714000,-6.439000,c1 OUTA
843,CSW24_hsp,6,5,14.153000,7.673000,-6.480000,c1 AUTO
843,CSW24_hsp,7,8,12.439000,6.321000,-6.118000,c2 ATOM
843,CSW24_hsp,8,10,11.994000,5.812000,-6.182000,c3 MOA
843,CSW24_hsp,9,7,12.937000,5.731000,-7.206000,2f OAR
843,CSW24_hsp,10,14,10.693000,4.631000,-6.062000,c2 TOOM
843,CSW24_hsp,11,15,10.439000,4.605000,-5.834000,c2 MOAT
843,CSW24_hsp,12,12,10.937000,4.591000,-6.346000,2g ARO
843,CSW24_hsp,13,13,10.815000,4.587000,-6.228000,c3 OOM
843,CSW24_hsp,14,11,11.044000,4.428000,-6.616000,2f TARO
843,CSW24_hsp,15,16,10.439000,4.037000,-6.402000,14g TOMAn
843,CSW24_hsp,16,9,12.153000,3.942000,-8.211000,14e AUTO
843,CSW24_hsp,17,17,9.994000,3.873000,-6.121000,13i AMIDO
843,CSW24_hsp,18,19,9.044000,3.055000,-5.989000,c3 OAT
843,CSW24_hsp,19,20,8.991000,2.950000,-6.041000,i7 ARM
843,CSW24_hsp,20,18,9.549000,2.821000,-6.728000,2f MARA
843,CSW24_hsp,21,25,8.274000,2.556000,-5.718000,f6 MOA
843,CSW24_hsp,22,24,8.549000,2.442000,-6.107000,c4 AMA
843,CSW24_hsp,23,22,8.688000,2.387000,-6.301000,c1 ATUA
843,CSW24_hsp,24,23,8.657000,2.357000,-6.300000,3l VAT
843,CSW24_hsp,25,21,8.693000,2.342000,-6.351000,c2 MOOT
550,CSW24_hsp,1,1,51.061000,40.449000,-10.612000,14b RAX
550,CSW24_hsp,2,4,31.857000,24.682000,-7.175000,d10 AX
550,CSW24_hsp,3,2,35.150000,24.322000,-10.828000,14b RAH
550,CSW24_hsp,4,9,30.881000,22.672000,-8.209000,11d XI
550,CSW24_hsp,5,3,34.061000,21.708000,-12.353000,14g RAX
550,CSW24_hsp,6,5,31.857000,21.117000,-10.740000,14c AX
550,CSW24_hsp,7,7,31.150000,20.951000,-10.199000,10b HARL
550,CSW24_hsp,8,10,30.881000,20.811000,-10.070000,d13 OX
550,CSW24_hsp,9,12,30.857000,20.744000,-10.113000,7h AX
550,CSW24_hsp,10,11,30.881000,20.581000,-10.300000,g13 OX
550,CSW24_hsp,11,8,30.915000,20.343000,-10.572000,g12 HOX
550,CSW24_hsp,12,6,31.150000,19.958000,-11.192000,g4 RAH
550,CSW24_hsp,13,13,30.857000,19.708000,-11.149000,9h AX
550,CSW24_hsp,14,15,30.150000,19.491000,-10.659000,d3 HART
550,CSW24_hsp,15,14,30.186000,19.080000,-11.106000,14b SAX
550,CSW24_hsp,16,18,27.199000,19.056000,-8.143000,d10 EX
550,CSW24_hsp,17,17,28.194000,18.930000,-9.264000,12g HEX
550,CSW24_hsp,18,31,25.606000,18.055000,-7.551000,d11 HAO
550,CSW24_hsp,19,16,29.853000,17.042000,-12.811000,14g REX
550,CSW24_hsp,20,23,26.423000,16.753000,-9.670000,12g HER
550,CSW24_hsp,21,25,26.199000,16.236000,-9.963000,7h EX
550,CSW24_hsp,22,22,26.423000,16.157000,-10.266000,10b HERL
550,CSW24_hsp,23,21,26.423000,16.055000,-10.368000,9b RHEA
550,CSW24_hsp,24,35,25.024000,15.344000,-9.680000,10c RELAX
550,CSW24_hsp,25,20,26.423000,15.299000,-11.124000,g4 REH
960,CSW24_hsp,1,1,42.707000,38.694000,-4.013000,o4 GAMED
960,CSW24_hsp,2,2,41.707000,37.658000,-4.049000,o6 MADGE
960,CSW24_hsp,3,4,39.727000,35.708000,-4.019000,o4 MATED
960,CSW24_hsp,4,6,38.747000,34.393000,-4.354000,o6 KAM
960,CSW24_hsp,5,8,37.667000,33.343000,-4.324000,o4 GATED
960,CSW24_hsp,6,3,40.712000,32.298000,-8.414000,h1 GEEK
960,CSW24_hsp,7,5,39.211000,30.919000,-8.292000,h1 MEEK
960,CSW24_hsp,8,12,34.712000,30.160000,-4.552000,o6 KEG
960,CSW24_hsp,9,7,37.907000,29.469000,-8.438000,h1 DEEK
960,CSW24_hsp,10,13,33.727000,29.364000,-4.363000,o4 TAMED
960,CSW24_hsp,11,15,32.645000,28.312000,-4.333000,o7 EGMA
960,CSW24_hsp,12,14,32.845000,28.147000,-4.698000,o6 GAM
960,CSW24_hsp,13,9,36.596000,27.951000,-8.645000,6j KIT
960,CSW24_hsp,14,10,36.446000,27.862000,-8.584000,6j KID
960,CSW24_hsp,15,11,36.042000,27.507000,-8.535000,h1 TEEK
960,CSW24_hsp,16,16,32.306000,27.402000,-4.904000,8m GAK
960,CSW24_hsp,17,18,31.907000,27.355000,-4.552000,o6 KED
960,CSW24_hsp,18,22,30.300000,25.623000,-4.677000,o6 GEM
960,CSW24_hsp,19,23,29.845000,24.941000,-4.904000,o6 MAG
960,CSW24_hsp,20,24,29.693000,24.928000,-4.765000,8m KAM
960,CSW24_hsp,21,26,29.391000,24.858000,-4.533000,o5 AKED
960,CSW24_hsp,22,27,29.391000,24.855000,-4.536000,o5 KAED
960,CSW24_hsp,23,25,29.693000,24.842000,-4.851000,8m MAK
960,CSW24_hsp,24,17,32.146000,23.559000,-8.587000,h1 KEEMA
960,CSW24_hsp,25,19,31.146000,23.284000,-7.862000,13j MAKER
1156,CSW24_hsp,1,1,61.217000,54.399000,-6.818000,o1 MAIKO
1156,CSW24_hsp,2,2,57.334000,50.412000,-6.922000,o1 MAIK
1156,CSW24_hsp,3,3,54.052000,47.134000,-6.918000,o1 MIRK
1156,CSW24_hsp,4,4,53.123000,46.195000,-6.928000,o1 MARK
1156,CSW24_hsp,5,5,50.614000,43.751000,-6.863000,o1 KORMA
1156,CSW24_hsp,6,6,48.211000,41.267000,-6.944000,o1 RAIK
1156,CSW24_hsp,7,7,47.334000,40.478000,-6.856000,o1 KAIM
1156,CSW24_hsp,8,9,43.496000,36.362000,-7.134000,o1 MIKRA
1156,CSW24_hsp,9,10,43.067000,35.951000,-7.116000,o1 MOKI
1156,CSW24_hsp,10,11,41.371000,34.255000,-7.116000,o1 MAKO
1156,CSW24_hsp,11,12,41.334000,34.218000,-7.116000,o1 MAKI
1156,CSW24_hsp,12,13,39.334000,32.351000,-6.983000,o1 KAMI
1156,CSW24_hsp,13,8,45.515000,30.498000,-15.017000,k5 ROMAIKA
1156,CSW24_hsp,14,15,33.877000,26.161000,-7.716000,o1 VOM
1156,CSW24_hsp,15,18,32.741000,25.025000,-7.716000,o1 VIM
1156,CSW24_hsp,16,21,32.205000,24.976000,-7.229000,o1 VAIR
1156,CSW24_hsp,17,20,32.211000,24.950000,-7.261000,o1 RAKI
1156,CSW24_hsp,18,22,31.938000,23.898000,-8.040000,o1 MAK
1156,CSW24_hsp,19,14,35.067000,22.343000,-12.724000,m1 MOKI
1156,CSW24_hsp,20,27,29.264000,22.096000,-7.168000,o1 KORI
1156,CSW24_hsp,21,23,29.938000,21.992000,-7.946000,o1 KAM
1156,CSW24_hsp,22,29,27.988000,20.812000,-7.176000,o1 KARO
1156,CSW24_hsp,23,17,33.334000,20.619000,-12.715000,m1 MAKI
1156,CSW24_hsp,24,16,33.371000,20.416000,-12.955000,m1 MAKO
1156,CSW24_hsp,25,37,26.257000,18.869000,-7.388000,o1 MORIA
452,CSW24_hsp,1,1,25.084000,17.497000,-7.587000,14j HIE
452,CSW24_hsp,2,6,19.084000,13.202000,-5.882000,i11 HIE
452,CSW24_hsp,3,7,18.683000,12.628000,-6.055000,5i HEARIE
452,CSW24_hsp,4,4,19.097000,12.585000,-6.512000,g9 AENEI
452,CSW24_hsp,5,5,19.084000,12.393000,-6.691000,4h HIE
452,CSW24_hsp,6,10,18.084000,12.066000,-6.018000,i12 HIE
452,CSW24_hsp,7,2,19.917000,11.596000,-8.321000,13c HAINED
452,CSW24_hsp,8,9,18.084000,11.508000,-6.576000,g12 HIE
452,CSW24_hsp,9,13,17.001000,10.829000,-6.172000,5j HIREE
452,CSW24_hsp,10,16,16.097000,10.756000,-5.341000,i10 AINEE
452,CSW24_hsp,11,3,19.362000,10.620000,-8.742000,14g HeINIE
452,CSW24_hsp,12,15,16.097000,9.905000,-6.192000,g10 AINEE
452,CSW24_hsp,13,12,17.370000,9.746000,-7.624000,2j HE
452,CSW24_hsp,14,11,17.622000,9.525000,-8.097000,4e HEINIE
452,CSW24_hsp,15,17,15.917000,9.104000,-6.813000,5j HERNIA
452,CSW24_hsp,16,20,15.084000,9.047000,-6.037000,5j HIRE
452,CSW24_hsp,17,19,15.084000,8.984000,-6.100000,5i HEIR
452,CSW24_hsp,18,24,14.785000,8.981000,-5.804000,i10 AINE
452,CSW24_hsp,19,18,15.536000,8.574000,-6.962000,4j HEINIE
452,CSW24_hsp,20,14,16.617000,8.454000,-8.163000,14j HAE
452,CSW24_hsp,21,23,14.785000,8.315000,-6.470000,g10 EINA
452,CSW24_hsp,22,29,13.785000,8.198000,-5.587000,i7 ELAIN
452,CSW24_hsp,23,27,13.832000,8.134000,-5.698000,i7 ILEA
452,CSW24_hsp,24,22,14.785000,8.107000,-6.678000,g10 AINE
452,CSW24_hsp,25,25,14.536000,8.007000,-6.529000,5h INHERE
105,CSW24_hsp,1,1,43.739000,39.754000,-3.985000,1l JEDI
105,CSW24_hsp,2,2,20.268000,15.020000,-5.248000,1l WIDE
105,CSW24_hsp,3,3,19.001000,13.460000,-5.541000,o1 IF
105,CSW24_hsp,4,4,17.610000,10.298000,-7.312000,k4 JET
105,CSW24_hsp,5,6,15.008000,9.450000,-5.558000,o1 EF
105,CSW24_hsp,6,5,16.464000,8.495000,-7.969000,3h FRITTED
105,CSW24_hsp,7,8,14.485000,6.837000,-7.648000,j5 TEW
105,CSW24_hsp,8,7,14.869000,6.768000,-8.101000,k1 TWITE
105,CSW24_hsp,9,9,14.464000,6.352000,-8.112000,k1 FITTE
105,CSW24_hsp,10,10,13.545000,5.796000,-7.749000,k2 WIFE
105,CSW24_hsp,11,11,13.305000,5.661000,-7.644000,j5 TEF
105,CSW24_hsp,12,13,12.305000,4.647000,-7.658000,k4 TEF
105,CSW24_hsp,13,14,12.058000,4.173000,-7.885000,5d WIFE
105,CSW24_hsp,14,15,11.645000,3.525000,-8.120000,f2 JEE
105,CSW24_hsp,15,16,11.174000,3.116000,-8.058000,3i RIFTED
105,CSW24_hsp,16,18,10.485000,2.820000,-7.665000,12i WET
105,CSW24_hsp,17,17,10.485000,2.710000,-7.775000,k4 WET
105,CSW24_hsp,18,27,8.704000,2.515000,-6.189000,o1 IT
105,CSW24_hsp,19,12,12.781000,2.387000,-10.394000,f1 TWEET
105,CSW24_hsp,20,20,9.999000,1.991000,-8.008000,j5 TIT
105,CSW24_hsp,21,19,10.392000,1.635000,-8.757000,13f FETT
105,CSW24_hsp,22,24,9.305000,1.501000,-7.804000,k4 FET
105,CSW24_hsp,23,22,9.579000,1.402000,-8.177000,k2 WITE
105,CSW24_hsp,24,25,9.001000,1.226000,-7.775000,j6 IF
105,CSW24_hsp,25,26,8.766000,0.920000,-7.846000,8l TOTE
35,CSW24_hsp,1,3,32.773000,25.305000,-7.468000,a11 SWUNG
35,CSW24_hsp,2,1,33.321000,23.661000,-9.660000,f8 IDS
35,CSW24_hsp,3,9,29.287000,21.705000,-7.582000,a12 WUDS
35,CSW24_hsp,4,4,31.287000,21.327000,-9.960000,f12 SUD
35,CSW24_hsp,5,7,30.245000,21.040000,-9.205000,f3 GUID
35,CSW24_hsp,6,2,33.315000,20.799000,-12.516000,f12 STUD
35,CSW24_hsp,7,10,29.283000,19.561000,-9.722000,f8 ITS
35,CSW24_hsp,8,8,29.468000,19.158000,-10.310000,f12 SUG
35,CSW24_hsp,9,5,30.773000,18.219000,-12.554000,f12 SNUG
35,CSW24_hsp,10,6,30.773000,18.219000,-12.554000,f12 SUNG
35,CSW24_hsp,11,12,28.074000,17.231000,-10.843000,13e STUNG
35,CSW24_hsp,12,11,28.797000,15.661000,-13.136000,4k DUNGS
35,CSW24_hsp,13,20,23.321000,14.515000,-8.806000,6f DIS
35,CSW24_hsp,14,16,24.283000,14.278000,-10.005000,f12 ST
35,CSW24_hsp,15,14,25.315000,14.109000,-11.206000,13e STUD
35,CSW24_hsp,16,15,24.753000,13.940000,-10.813000,4k DUNG
35,CSW24_hsp,17,18,23.951000,13.487000,-10.464000,4k DUGS
35,CSW24_hsp,18,30,21.918000,13.287000,-8.631000,6f DIT
35,CSW24_hsp,19,13,25.730000,13.202000,-12.528000,f12 STUN
35,CSW24_hsp,20,23,22.940000,13.084000,-9.856000,12i TYGS
35,CSW24_hsp,21,21,23.245000,12.964000,-10.281000,f1 DUG
35,CSW24_hsp,22,26,22.606000,12.884000,-9.722000,f8 INS
35,CSW24_hsp,23,28,22.283000,12.390000,-9.893000,f10 ST
35,CSW24_hsp,24,25,22.773000,11.914000,-10.859000,13e SUNG
35,CSW24_hsp,25,27,22.287000,11.807000,-10.480000,13e SUD
134,CSW24_hsp,1,1,54.440000,48.366000,-6.074000,15a COSY
134,CSW24_hsp,2,2,47.561000,41.195000,-6.366000,15a ROSY
134,CSW24_hsp,3,3,41.036000,35.023000,-6.013000,15a CYST
134,CSW24_hsp,4,5,34.721000,28.227000,-6.494000,15a OYS
134,CSW24_hsp,5,6,34.089000,27.804000,-6.285000,15a CIST
134,CSW24_hsp,6,7,33.826000,27.432000,-6.394000,14b CAY
134,CSW24_hsp,7,11,31.907000,26.244000,-5.663000,g8 TOY
134,CSW24_hsp,8,10,32.411000,26.057000,-6.354000,15a COST
134,CSW24_hsp,9,9,32.586000,26.056000,-6.530000,14b YA
134,CSW24_hsp,10,4,34.907000,25.137000,-9.770000,b14 YO
134,CSW24_hsp,11,12,31.586000,25.032000,-6.554000,i7 YE
134,CSW24_hsp,12,8,32.907000,24.545000,-8.362000,7i YO
134,CSW24_hsp,13,13,31.331000,24.443000,-6.888000,15a ROSIT
134,CSW24_hsp,14,14,31.331000,24.398000,-6.933000,15a ROSTI
134,CSW24_hsp,15,16,29.940000,23.749000,-6.191000,f6 CITY
134,CSW24_hsp,16,18,29.496000,23.450000,-6.046000,13e RAPEY
134,CSW24_hsp,17,17,29.585000,23.052000,-6.533000,15a CIS
134,CSW24_hsp,18,15,30.439000,22.751000,-7.688000,11h mYOTIC
134,CSW24_hsp,19,22,28.196000,22.727000,-5.469000,10g CORY
134,CSW24_hsp,20,21,28.491000,22.161000,-6.330000,e5 CYTE
134,CSW24_hsp,21,20,28.673000,21.994000,-6.679000,15a COS
134,CSW24_hsp,22,27,27.586000,21.967000,-5.619000,10h OY
134,CSW24_hsp,23,26,27.586000,21.578000,-6.008000,10g YO
134,CSW24_hsp,24,28,27.586000,21.063000,-6.523000,12h OY
134,CSW24_hsp,25,48,25.826000,20.978000,-4.848000,10g COY
53,CSW24_hsp,1,1,21.064000,16.395000,-4.669000,3c WAVE
53,CSW24_hsp,2,3,18.568000,13.572000,-4.996000,3b WEAVE
53,CSW24_hsp,3,4,18.019000,13.436000,-4.583000,3c VAW
53,CSW24_hsp,4,2,19.189000,12.805000,-6.384000,h1 TWEEN
53,CSW24_hsp,5,5,15.912000,10.124000,-5.788000,3a VEGAN
53,CSW24_hsp,6,6,15.546000,9.939000,-5.607000,h1 VENENE
53,CSW24_hsp,7,10,13.840000,9.123000,-4.717000,3c GAVE
53,CSW24_hsp,8,8,13.952000,9.062000,-4.890000,3b TWANG
53,CSW24_hsp,9,7,14.580000,9.012000,-5.568000,h1 EEVEN
53,CSW24_hsp,10,12,13.649000,8.726000,-4.923000,3c WAG
53,CSW24_hsp,11,11,13.649000,8.631000,-5.018000,3c GAW
53,CSW24_hsp,12,16,12.817000,8.370000,-4.447000,3c VANG
53,CSW24_hsp,13,15,12.884000,8.144000,-4.740000,3c WANG
53,CSW24_hsp,14,9,13.840000,7.930000,-5.910000,3a VEGA
53,CSW24_hsp,15,14,12.884000,7.620000,-5.264000,3b GNAW
53,CSW24_hsp,16,18,12.367000,7.559000,-4.808000,3c WAGE
53,CSW24_hsp,17,19,11.874000,7.297000,-4.577000,3c VAG
53,CSW24_hsp,18,17,12.516000,6.537000,-5.979000,10b VEST
53,CSW24_hsp,19,20,11.384000,6.373000,-5.011000,6i GET
53,CSW24_hsp,20,23,10.944000,4.877000,-6.067000,c10 EVET
53,CSW24_hsp,21,31,9.189000,4.326000,-4.863000,3c WATE
53,CSW24_hsp,22,13,13.516000,4.084000,-9.432000,c1 VET
53,CSW24_hsp,23,26,10.189000,4.024000,-6.165000,10b WEST
53,CSW24_hsp,24,30,9.189000,3.994000,-5.195000,3b TWAE
53,CSW24_hsp,25,34,9.171000,3.839000,-5.332000,10d SEV
964,CSW24_hsp,1,1,33.064000,28.311000,-4.753000,15g PAV
964,CSW24_hsp,2,2,32.194000,27.134000,-5.060000,15g PAVEN
964,CSW24_hsp,3,3,31.849000,27.110000,-4.739000,15e VEGAN
964,CSW24_hsp,4,5,31.568000,26.634000,-4.934000,15e VAPE
964,CSW24_hsp,5,6,31.568000,26.500000,-5.068000,15g PAVE
964,CSW24_hsp,6,4,31.849000,26.313000,-5.536000,15g GANEV
964,CSW24_hsp,7,7,29.568000,22.985000,-6.583000,8a PAVER
964,CSW24_hsp,8,8,29.568000,22.553000,-7.015000,8a VAPER
964,CSW24_hsp,9,10,26.885000,22.062000,-4.823000,15e VEGA
964,CSW24_hsp,10,11,26.885000,21.803000,-5.082000,15g GAVE
964,CSW24_hsp,11,9,27.247000,20.772000,-6.475000,d4 VANG
964,CSW24_hsp,12,13,25.247000,20.362000,-4.885000,i6 VANG
964,CSW24_hsp,13,12,25.655000,20.015000,-5.640000,15g PANG
964,CSW24_hsp,14,15,24.849000,18.436000,-6.413000,f2 VEGAN
964,CSW24_hsp,15,14,25.064000,18.294000,-6.770000,d11 PAV
964,CSW24_hsp,16,18,23.549000,17.957000,-5.592000,15g PENG
964,CSW24_hsp,17,17,23.909000,17.813000,-6.096000,6d GOV
964,CSW24_hsp,18,19,22.971000,16.530000,-6.441000,d4 VAG
964,CSW24_hsp,19,24,21.367000,16.044000,-5.323000,15g GAP
964,CSW24_hsp,20,22,22.367000,15.805000,-6.562000,f4 GAP
964,CSW24_hsp,21,20,22.598000,15.782000,-6.816000,8a TAVER
964,CSW24_hsp,22,21,22.568000,15.347000,-7.221000,d11 PAVE
964,CSW24_hsp,23,26,20.849000,15.316000,-5.533000,i6 GANEV
964,CSW24_hsp,24,27,20.274000,14.977000,-5.297000,15g PEG
964,CSW24_hsp,25,16,24.194000,14.836000,-9.358000,d11 PAVEN
355,CSW24_hsp,1,4,69.508000,61.989000,-7.519000,j9 AZON
355,CSW24_hsp,2,2,69.528000,61.976000,-7.552000,j9 AZO
355,CSW24_hsp,3,5,69.432000,61.679000,-7.753000,j9 AZOTE
355,CSW24_hsp,4,3,69.510000,61.222000,-8.288000,j10 ZANY
355,CSW24_hsp,5,6,68.981000,60.995000,-7.986000,j10 ZONAE
355,CSW24_hsp,6,12,67.235000,60.503000,-6.732000,j6 ZETA
355,CSW24_hsp,7,7,68.502000,59.834000,-8.668000,j10 ZO
355,CSW24_hsp,8,8,67.884000,59.724000,-8.160000,j3 TOAZE
355,CSW24_hsp,9,9,67.529000,59.383000,-8.146000,j10 ZANTE
355,CSW24_hsp,10,10,67.528000,59.197000,-8.331000,j10 ZOA
355,CSW24_hsp,11,15,66.242000,59.175000,-7.067000,j6 ZEA
355,CSW24_hsp,12,11,67.508000,59.055000,-8.453000,j10 ZONA
355,CSW24_hsp,13,14,66.685000,58.521000,-8.164000,j4 TOZE
355,CSW24_hsp,14,13,67.138000,58.433000,-8.705000,j10 ZONE
355,CSW24_hsp,15,16,66.242000,57.885000,-8.357000,j10 ZA
355,CSW24_hsp,16,1,70.547000,57.565000,-12.982000,j10 ZONATE
355,CSW24_hsp,17,17,65.527000,57.367000,-8.160000,j3 TEAZE
355,CSW24_hsp,18,18,65.527000,57.176000,-8.351000,j10 ZETA
355,CSW24_hsp,19,19,65.418000,56.905000,-8.513000,j10 ZOEA
355,CSW24_hsp,20,20,64.995000,56.530000,-8.465000,j10 ZE
355,CSW24_hsp,21,23,64.242000,56.432000,-7.810000,6j ZEA
355,CSW24_hsp,22,21,64.745000,56.376000,-8.369000,j10 ZEA
355,CSW24_hsp,23,22,64.279000,56.085000,-8.194000,j4 NAZE
355,CSW24_hsp,24,24,63.235000,55.307000,-7.928000,6j ZETA
355,CSW24_hsp,25,26,62.995000,55.202000,-7.793000,6j ZEE
324,CSW24_hsp,1,1,30.038000,24.289000,-5.749000,7c ZOOM
324,CSW24_hsp,2,2,29.371000,23.261000,-6.110000,a3 FIL
324,CSW24_hsp,3,3,27.038000,21.528000,-5.510000,14a JAM
324,CSW24_hsp,4,6,26.038000,20.531000,-5.507000,12j EM
324,CSW24_hsp,5,4,26.438000,20.428000,-6.010000,h4 FILMIS
324,CSW24_hsp,6,5,26.047000,20.052000,-5.995000,a3 MIL
324,CSW24_hsp,7,8,25.427000,19.755000,-5.672000,3a FEM
324,CSW24_hsp,8,9,25.038000,19.482000,-5.556000,5a MOWER
324,CSW24_hsp,9,7,25.497000,19.201000,-6.296000,a3 FEM
324,CSW24_hsp,10,14,24.038000,19.022000,-5.016000,7h MI
324,CSW24_hsp,11,10,24.883000,18.786000,-6.097000,a3 FIT
324,CSW24_hsp,12,15,23.929000,17.825000,-6.104000,a3 FIR
324,CSW24_hsp,13,18,23.053000,17.788000,-5.265000,7h MILF
324,CSW24_hsp,14,11,24.438000,17.747000,-6.691000,n5 FLIM
324,CSW24_hsp,15,19,23.038000,17.685000,-5.353000,3b EM
324,CSW24_hsp,16,17,23.438000,17.359000,-6.079000,j4 MILF
324,CSW24_hsp,17,16,23.869000,16.880000,-6.989000,j2 FLEMIT
324,CSW24_hsp,18,20,22.692000,16.553000,-6.139000,j4 LIFT
324,CSW24_hsp,19,12,24.376000,16.094000,-8.282000,n2 FILTRE
324,CSW24_hsp,20,22,22.056000,16.041000,-6.015000,a3 MIR
324,CSW24_hsp,21,24,21.492000,16.037000,-5.455000,15n MI
324,CSW24_hsp,22,23,22.056000,16.036000,-6.020000,a3 RIM
324,CSW24_hsp,23,13,24.376000,15.981000,-8.395000,n2 TRIFLE
324,CSW24_hsp,24,25,21.361000,15.369000,-5.992000,a3 MEL
324,CSW24_hsp,25,26,21.180000,15.245000,-5.935000,c14 IF
982,CSW24_hsp,1,1,6.343000,-0.204000,-6.547000,f6 CLOTH
982,CSW24_hsp,2,2,4.610000,-1.530000,-6.140000,ex LQRT
982,CSW24_hsp,3,3,3.929000,-2.211000,-6.140000,ex LQRRT
982,CSW24_hsp,4,4,3.833000,-2.307000,-6.140000,ex LQR
982,CSW24_hsp,5,5,3.575000,-2.565000,-6.140000,ex LQRR
982,CSW24_hsp,6,6,1.200000,-4.940000,-6.140000,ex CLQR
982,CSW24_hsp,7,7,1.022000,-5.118000,-6.140000,ex CLQRT
982,CSW24_hsp,8,8,0.934000,-5.206000,-6.140000,ex QRRT
982,CSW24_hsp,9,9,0.929000,-5.211000,-6.140000,ex CLQRRT
982,CSW24_hsp,10,10,0.869000,-5.271000,-6.140000,ex CHLQRT
982,CSW24_hsp,11,14,0.629000,-5.511000,-6.140000,ex CLQRR
982,CSW24_hsp,12,13,0.636000,-5.549000,-6.185000,f7 TORCH
982,CSW24_hsp,13,15,0.506000,-5.634000,-6.140000,ex CHLQR
982,CSW24_hsp,14,12,0.636000,-5.694000,-6.330000,f7 ROTCH
982,CSW24_hsp,15,16,0.386000,-5.754000,-6.140000,ex HLQRT
982,CSW24_hsp,16,17,0.000000,-6.140000,-6.140000,ex CHLQRRT
982,CSW24_hsp,17,11,0.636000,-6.229000,-6.865000,e6 CRITH
982,CSW24_hsp,18,18,-0.123000,-6.263000,-6.140000,ex HLQRRT
982,CSW24_hsp,19,22,-0.895000,-6.615000,-5.720000,c6 CRAWL
982,CSW24_hsp,20,19,-0.482000,-6.622000,-6.140000,ex CHLQRR
982,CSW24_hsp,21,20,-0.805000,-6.724000,-5.919000,f7 ROCH
982,CSW24_hsp,22,21,-0.850000,-6.990000,-6.140000,ex HLQR
982,CSW24_hsp,23,25,-1.190000,-7.017000,-5.827000,e8 ITCH
982,CSW24_hsp,24,23,-0.896000,-7.036000,-6.140000,ex CHQRRT
982,CSW24_hsp,25,24,-1.129000,-7.269000,-6.140000,ex QRR
320,CSW24_hsp,1,1,52.110000,44.680000,-7.430000,l1 WARPED
320,CSW24_hsp,2,5,45.386000,37.120000,-8.266000,12d WUS
320,CSW24_hsp,3,2,46.207000,36.605000,-9.602000,i1 PAW
320,CSW24_hsp,4,13,43.082000,36.449000,-6.633000,h1 PAWERS
320,CSW24_hsp,5,14,43.062000,36.232000,-6.830000,h7 PEW
320,CSW24_hsp,6,4,45.935000,35.838000,-10.097000,i1 DAW
320,CSW24_hsp,7,9,43.386000,35.718000,-7.668000,7h WO
320,CSW24_hsp,8,3,46.074000,35.632000,-10.442000,b10 WARPER
320,CSW24_hsp,9,8,43.439000,35.462000,-7.977000,l2 PAWED
320,CSW24_hsp,10,10,43.386000,35.448000,-7.938000,9h WE
320,CSW24_hsp,11,12,43.110000,34.956000,-8.154000,l10 WARPED
320,CSW24_hsp,12,23,41.607000,34.743000,-6.864000,h7 DEW
320,CSW24_hsp,13,24,41.607000,34.706000,-6.901000,h7 WED
320,CSW24_hsp,14,7,44.101000,34.566000,-9.535000,i2 AW
320,CSW24_hsp,15,16,42.439000,34.241000,-8.198000,l1 PAWED
320,CSW24_hsp,16,20,42.207000,34.014000,-8.193000,l10 WAP
320,CSW24_hsp,17,6,44.580000,33.834000,-10.746000,b10 WARDER
320,CSW24_hsp,18,17,42.386000,33.798000,-8.588000,3i WO
320,CSW24_hsp,19,18,42.386000,33.788000,-8.598000,13g WO
320,CSW24_hsp,20,22,42.062000,33.741000,-8.321000,13c PWN
320,CSW24_hsp,21,19,42.207000,33.595000,-8.612000,l3 PAW
320,CSW24_hsp,22,11,43.207000,32.989000,-10.218000,i1 WAP
320,CSW24_hsp,23,15,42.854000,32.968000,-9.886000,14h UPWARDS
320,CSW24_hsp,24,25,41.386000,32.882000,-8.504000,10e POW
320,CSW24_hsp,25,30,40.583000,32.691000,-7.892000,l4 WED
1038,CSW24_hsp,1,1,56.359000,45.802000,-10.557000,10f ZAG
1038,CSW24_hsp,2,2,49.198000,38.630000,-10.568000,10f ZA
1038,CSW24_hsp,3,3,35.952000,24.319000,-11.633000,10f FAG
1038,CSW24_hsp,4,6,31.864000,22.326000,-9.538000,a7 GOV
1038,CSW24_hsp,5,4,31.974000,21.197000,-10.777000,1l VETO
1038,CSW24_hsp,6,5,31.974000,21.197000,-10.777000,1l VOTE
1038,CSW24_hsp,7,7,29.373000,17.384000,-11.989000,k3 FAV
1038,CSW24_hsp,8,8,27.864000,16.214000,-11.650000,n8 GOV
1038,CSW24_hsp,9,9,27.823000,15.849000,-11.974000,k3 FAVE
1038,CSW24_hsp,10,10,26.917000,15.570000,-11.347000,j3 FROZEN
1038,CSW24_hsp,11,11,26.606000,14.989000,-11.617000,j3 FROZE
1038,CSW24_hsp,12,12,26.572000,14.803000,-11.769000,2g GONZO
1038,CSW24_hsp,13,13,26.547000,14.517000,-12.030000,10f FA
1038,CSW24_hsp,14,23,23.151000,13.785000,-9.366000,a7 OVEN
1038,CSW24_hsp,15,15,24.777000,13.291000,-11.486000,f10 FAE
1038,CSW24_hsp,16,14,25.082000,12.970000,-12.112000,k3 VANG
1038,CSW24_hsp,17,17,24.398000,12.369000,-12.029000,k3 GANEV
1038,CSW24_hsp,18,16,24.398000,12.231000,-12.167000,k1 VEGAN
1038,CSW24_hsp,19,24,23.078000,11.845000,-11.233000,o12 DOZE
1038,CSW24_hsp,20,20,23.597000,11.777000,-11.820000,b2 VEG
1038,CSW24_hsp,21,18,24.398000,11.507000,-12.891000,n11 VENGE
1038,CSW24_hsp,22,19,23.864000,11.495000,-12.369000,n11 VEGO
1038,CSW24_hsp,23,26,22.974000,11.445000,-11.529000,o12 DOVE
1038,CSW24_hsp,24,25,22.974000,11.444000,-11.530000,o12 DEVO
1038,CSW24_hsp,25,22,23.299000,11.122000,-12.177000,k3 VAG
955,CSW24_hsp,1,1,26.373000,21.439000,-4.934000,8k DIGIT
955,CSW24_hsp,2,3,22.608000,17.678000,-4.930000,8k ATIGI
955,CSW24_hsp,3,2,23.512000,16.342000,-7.170000,d8 MIDGY
955,CSW24_hsp,4,4,18.561000,12.220000,-6.341000,6h GAID
955,CSW24_hsp,5,5,16.749000,10.189000,-6.560000,6h GAIT
955,CSW24_hsp,6,7,14.608000,7.676000,-6.932000,6j ATIGI
955,CSW24_hsp,7,9,14.406000,7.553000,-6.853000,6k TIDY
955,CSW24_hsp,8,14,13.503000,7.332000,-6.171000,9c GID
955,CSW24_hsp,9,16,12.813000,6.990000,-5.823000,k7 ATIGI
955,CSW24_hsp,10,13,13.503000,6.923000,-6.580000,9c DIG
955,CSW24_hsp,11,11,13.660000,6.721000,-6.939000,6k YAGI
955,CSW24_hsp,12,17,12.660000,6.459000,-6.201000,8k YAGI
955,CSW24_hsp,13,10,13.939000,6.347000,-7.592000,k4 DIYA
955,CSW24_hsp,14,8,14.561000,6.300000,-8.261000,9b IGAD
955,CSW24_hsp,15,22,12.020000,5.682000,-6.338000,9c GIT
955,CSW24_hsp,16,12,13.561000,5.514000,-8.047000,9b GAID
955,CSW24_hsp,17,23,12.020000,5.471000,-6.549000,9c TIG
955,CSW24_hsp,18,21,12.020000,5.136000,-6.884000,e7 DIGIT
955,CSW24_hsp,19,24,11.924000,4.814000,-7.110000,9c YAG
955,CSW24_hsp,20,19,12.608000,4.798000,-7.810000,10i ATIGI
955,CSW24_hsp,21,29,10.248000,3.936000,-6.312000,9c TYG
955,CSW24_hsp,22,41,9.503000,3.910000,-5.593000,k5 IGAD
955,CSW24_hsp,23,36,9.608000,3.767000,-5.841000,8j ATIGI
955,CSW24_hsp,24,6,16.373000,3.570000,-12.803000,9a DIGIT
955,CSW24_hsp,25,25,11.749000,3.503000,-8.246000,9b GAIT
842,CSW24_hsp,1,1,42.521000,25.110000,-17.411000,n1 CURAGH
842,CSW24_hsp,2,2,36.563000,25.036000,-11.527000,15a GAMY
842,CSW24_hsp,3,5,34.400000,23.298000,-11.102000,h12 HUIA
842,CSW24_hsp,4,3,36.476000,21.609000,-14.867000,c12 HAEM
842,CSW24_hsp,5,4,35.521000,19.308000,-16.213000,8j NURHAG
842,CSW24_hsp,6,6,33.206000,17.533000,-15.673000,7c HAKAM
842,CSW24_hsp,7,8,28.823000,17.336000,-11.487000,15a MARY
842,CSW24_hsp,8,11,26.437000,15.379000,-11.058000,h12 HAIR
842,CSW24_hsp,9,7,30.563000,14.775000,-15.788000,13a GAMY
842,CSW24_hsp,10,10,27.048000,11.704000,-15.344000,g3 HAG
842,CSW24_hsp,11,9,27.400000,11.697000,-15.703000,7c HAKU
842,CSW24_hsp,12,21,21.823000,10.941000,-10.882000,h12 MAIR
842,CSW24_hsp,13,23,21.637000,10.940000,-10.697000,h12 MUIR
842,CSW24_hsp,14,12,25.703000,10.560000,-15.143000,7e KUMARA
842,CSW24_hsp,15,14,24.642000,9.686000,-14.956000,7e KAGU
842,CSW24_hsp,16,13,24.947000,9.298000,-15.649000,c12 HAE
842,CSW24_hsp,17,35,19.708000,8.934000,-10.774000,h12 GAIR
842,CSW24_hsp,18,17,23.015000,7.510000,-15.505000,2i AMU
842,CSW24_hsp,19,16,23.139000,7.455000,-15.684000,7g HUMA
842,CSW24_hsp,20,18,22.630000,7.074000,-15.556000,c12 GAE
842,CSW24_hsp,21,15,23.400000,6.888000,-16.512000,3b GRAHAM
842,CSW24_hsp,22,20,22.199000,6.778000,-15.421000,2i UMU
842,CSW24_hsp,23,19,22.366000,6.396000,-15.970000,4j DERHAM
842,CSW24_hsp,24,22,21.823000,6.109000,-15.714000,13a MARY
842,CSW24_hsp,25,49,17.959000,5.827000,-12.132000,15a HM
408,CSW24_hsp,1,1,48.878000,45.910000,-2.968000,15l WOST
408,CSW24_hsp,2,2,48.543000,44.139000,-4.404000,e11 NOHOW
408,CSW24_hsp,3,3,46.667000,42.059000,-4.608000,d3 WON
408,CSW24_hsp,4,4,46.197000,41.728000,-4.469000,6e JOW
408,CSW24_hsp,5,5,44.005000,41.037000,-2.968000,15l WEST
408,CSW24_hsp,6,6,42.197000,38.031000,-4.166000,h13 DOW
408,CSW24_hsp,7,12,40.119000,36.647000,-3.472000,15k WORST
408,CSW24_hsp,8,7,41.197000,36.429000,-4.768000,d3 WO
408,CSW24_hsp,9,11,40.543000,35.601000,-4.942000,12i WON
408,CSW24_hsp,10,8,41.024000,35.598000,-5.426000,12i WO
408,CSW24_hsp,11,13,40.012000,35.324000,-4.688000,l11 FROWN
408,CSW24_hsp,12,18,39.045000,34.993000,-4.052000,15f ENOW
408,CSW24_hsp,13,16,39.485000,34.619000,-4.866000,d2 TWO
408,CSW24_hsp,14,19,38.940000,34.320000,-4.620000,d3 WEN
408,CSW24_hsp,15,17,39.197000,34.240000,-4.957000,4c WOF
408,CSW24_hsp,16,10,40.951000,34.121000,-6.830000,d1 WORE
408,CSW24_hsp,17,9,40.951000,34.118000,-6.833000,d1 WERO
408,CSW24_hsp,18,22,37.244000,33.735000,-3.509000,15k TOWSE
408,CSW24_hsp,19,23,37.215000,33.713000,-3.502000,15k WORSE
408,CSW24_hsp,20,24,36.752000,33.280000,-3.472000,15k WREST
408,CSW24_hsp,21,20,38.543000,33.049000,-5.494000,13m WIN
408,CSW24_hsp,22,21,38.046000,32.832000,-5.214000,l11 FROW
408,CSW24_hsp,23,14,39.797000,32.643000,-7.154000,d1 REWON
408,CSW24_hsp,24,15,39.797000,32.643000,-7.154000,d1 ROWEN
408,CSW24_hsp,25,26,36.398000,32.369000,-4.029000,15f EWT
1005,CSW24_hsp,1,1,24.937000,17.299000,-7.638000,o14 OY
1005,CSW24_hsp,2,2,24.898000,16.972000,-7.926000,13l MON
1005,CSW24_hsp,3,4,23.617000,15.483000,-8.134000,1n MY
1005,CSW24_hsp,4,3,23.937000,15.192000,-8.745000,6f OY
1005,CSW24_hsp,5,5,22.898000,14.733000,-8.165000,1n MO
1005,CSW24_hsp,6,7,20.064000,12.304000,-7.760000,13l TON
1005,CSW24_hsp,7,8,20.049000,12.256000,-7.793000,13m ON
1005,CSW24_hsp,8,10,19.340000,10.906000,-8.434000,m12 BOA
1005,CSW24_hsp,9,11,18.898000,10.769000,-8.129000,l6 MOY
1005,CSW24_hsp,10,13,17.898000,10.364000,-7.534000,o14 OM
1005,CSW24_hsp,11,6,20.241000,9.649000,-10.592000,m12 BOAT
1005,CSW24_hsp,12,12,17.898000,9.387000,-8.511000,6f OM
1005,CSW24_hsp,13,9,19.473000,9.035000,-10.438000,m12 BOAR
1005,CSW24_hsp,14,17,16.832000,8.891000,-7.941000,13l MAN
1005,CSW24_hsp,15,15,16.937000,8.813000,-8.124000,k7 OOFY
1005,CSW24_hsp,16,16,16.898000,8.707000,-8.191000,11l MOAI
1005,CSW24_hsp,17,14,16.937000,8.523000,-8.414000,k6 YOOF
1005,CSW24_hsp,18,18,16.736000,8.198000,-8.538000,6i TOY
1005,CSW24_hsp,19,19,16.064000,7.866000,-8.198000,l6 TOY
1005,CSW24_hsp,20,22,15.049000,6.787000,-8.262000,7l OE
1005,CSW24_hsp,21,20,15.529000,6.737000,-8.792000,6f AY
1005,CSW24_hsp,22,24,14.832000,6.638000,-8.194000,1n MA
1005,CSW24_hsp,23,23,14.937000,6.603000,-8.334000,k12 COY
1005,CSW24_hsp,24,26,14.379000,6.593000,-7.786000,13l RAN
1005,CSW24_hsp,25,21,15.304000,6.426000,-8.878000,f2 MARTYR
573,CSW24_hsp,1,3,61.414000,58.317000,-3.097000,o6 UNKEPT
573,CSW24_hsp,2,1,61.705000,58.300000,-3.405000,o6 TUPEK
573,CSW24_hsp,3,2,61.552000,58.054000,-3.498000,o8 GETUP
573,CSW24_hsp,4,4,56.860000,53.412000,-3.448000,o8 KEPT
573,CSW24_hsp,5,5,55.328000,51.915000,-3.413000,o6 PUKE
573,CSW24_hsp,6,6,53.472000,49.857000,-3.615000,o8 KEP
573,CSW24_hsp,7,7,51.661000,48.142000,-3.519000,o8 PENK
573,CSW24_hsp,8,8,49.541000,45.826000,-3.715000,o6 UNPEG
573,CSW24_hsp,9,9,49.183000,45.485000,-3.698000,o6 UNKET
573,CSW24_hsp,10,10,49.074000,45.362000,-3.712000,o8 KEG
573,CSW24_hsp,11,11,46.471000,42.433000,-4.038000,o8 KET
573,CSW24_hsp,12,12,45.732000,41.836000,-3.896000,8n UP
573,CSW24_hsp,13,17,44.376000,41.745000,-2.631000,o8 GEPiK
573,CSW24_hsp,14,14,44.720000,40.713000,-4.007000,o8 KENT
573,CSW24_hsp,15,15,44.559000,40.641000,-3.918000,o8 PENG
573,CSW24_hsp,16,18,44.162000,40.170000,-3.992000,o6 UNGET
573,CSW24_hsp,17,19,43.559000,39.594000,-3.965000,o8 PEG
573,CSW24_hsp,18,13,45.328000,37.718000,-7.610000,m12 PUKE
573,CSW24_hsp,19,16,44.492000,37.274000,-7.218000,k6 HETING
573,CSW24_hsp,20,22,40.977000,37.234000,-3.743000,o6 KUNE
573,CSW24_hsp,21,24,40.977000,37.224000,-3.753000,o8 NEUK
573,CSW24_hsp,22,23,40.977000,37.193000,-3.784000,o6 NUKE
573,CSW24_hsp,23,20,42.755000,36.886000,-5.869000,k5 PHEsING
573,CSW24_hsp,24,26,40.252000,36.479000,-3.773000,o7 KUE
573,CSW24_hsp,25,27,40.252000,36.473000,-3.779000,o7 UKE
696,CSW24_hsp,1,1,45.126000,41.843000,-3.283000,2b PINEY
696,CSW24_hsp,2,2,30.966000,27.023000,-3.943000,2c INBYE
696,CSW24_hsp,3,4,30.446000,26.978000,-3.468000,k11 PYIN
696,CSW24_hsp,4,3,30.966000,26.971000,-3.995000,2d INBYE
696,CSW24_hsp,5,5,29.583000,25.470000,-4.113000,2c INBY
696,CSW24_hsp,6,6,29.583000,25.340000,-4.243000,2d INBY
696,CSW24_hsp,7,8,28.227000,25.292000,-2.935000,m9 YIP
696,CSW24_hsp,8,7,28.683000,24.780000,-3.903000,13h BEPITY
696,CSW24_hsp,9,9,27.446000,22.974000,-4.472000,2c PINY
696,CSW24_hsp,10,11,25.858000,22.803000,-3.055000,2f BEIN
696,CSW24_hsp,11,10,25.966000,21.813000,-4.153000,2b INBYE
696,CSW24_hsp,12,15,23.364000,20.523000,-2.841000,2f BYE
696,CSW24_hsp,13,14,23.364000,20.302000,-3.062000,2e BYE
696,CSW24_hsp,14,16,23.364000,20.067000,-3.297000,k11 BYE
696,CSW24_hsp,15,13,23.430000,19.720000,-3.710000,13i PIETY
696,CSW24_hsp,16,17,22.858000,19.001000,-3.857000,10e BIEN
696,CSW24_hsp,17,18,22.127000,18.902000,-3.225000,2j BI
696,CSW24_hsp,18,19,21.653000,18.607000,-3.046000,2e PYE
696,CSW24_hsp,19,22,21.475000,18.479000,-2.996000,2f BY
696,CSW24_hsp,20,20,21.653000,18.326000,-3.327000,k11 PYE
696,CSW24_hsp,21,21,21.475000,18.323000,-3.152000,2e BY
696,CSW24_hsp,22,23,21.364000,17.940000,-3.424000,2d BEY
696,CSW24_hsp,23,24,20.858000,17.738000,-3.120000,m9 BIEN
696,CSW24_hsp,24,25,20.475000,17.041000,-3.434000,k11 BY
696,CSW24_hsp,25,12,23.446000,16.761000,-6.685000,m12 PINY
757,CSW24_hsp,1,1,28.929000,21.788000,-7.141000,10j YUG
757,CSW24_hsp,2,2,28.398000,21.221000,-7.177000,10j YUGA
757,CSW24_hsp,3,3,25.705000,18.484000,-7.221000,10j YURTA
757,CSW24_hsp,4,5,23.500000,16.410000,-7.090000,10i AYU
757,CSW24_hsp,5,6,23.329000,16.054000,-7.275000,10j YU
757,CSW24_hsp,6,7,22.366000,15.104000,-7.262000,10j YURT
757,CSW24_hsp,7,4,25.398000,13.467000,-11.931000,12a YUGA
757,CSW24_hsp,8,9,19.929000,12.265000,-7.664000,12j YUG
757,CSW24_hsp,9,8,20.398000,11.931000,-8.467000,12j YUGA
757,CSW24_hsp,10,12,18.929000,11.008000,-7.921000,10j GUY
757,CSW24_hsp,11,11,19.518000,10.075000,-9.443000,9h AUGURY
757,CSW24_hsp,12,15,18.138000,10.004000,-8.134000,10j GURU
757,CSW24_hsp,13,13,18.398000,9.942000,-8.456000,12k YUGA
757,CSW24_hsp,14,16,17.929000,9.783000,-8.146000,12k YUG
757,CSW24_hsp,15,10,19.518000,9.044000,-10.474000,7h AUGURY
757,CSW24_hsp,16,17,15.751000,8.095000,-7.656000,14h UTU
757,CSW24_hsp,17,20,15.444000,7.278000,-8.166000,10j GU
757,CSW24_hsp,18,18,15.705000,7.216000,-8.489000,12j YURTA
757,CSW24_hsp,19,24,14.185000,6.984000,-7.201000,10j YAG
757,CSW24_hsp,20,23,14.929000,6.777000,-8.152000,l12 YUGA
757,CSW24_hsp,21,14,18.366000,6.531000,-11.835000,12a YURT
757,CSW24_hsp,22,25,13.887000,6.410000,-7.477000,j7 GRAYOUT
757,CSW24_hsp,23,22,14.929000,6.172000,-8.757000,10b GUY
757,CSW24_hsp,24,26,13.759000,5.746000,-8.013000,10j GAU
757,CSW24_hsp,25,28,13.211000,5.255000,-7.956000,j8 GUYOT
910,CSW24_hsp,1,1,38.611000,33.604000,-5.007000,f8 VAX
910,CSW24_hsp,2,2,34.548000,30.430000,-4.118000,f4 AXE
910,CSW24_hsp,3,3,31.611000,27.160000,-4.451000,f4 AX
910,CSW24_hsp,4,4,28.681000,23.668000,-5.013000,f8 VEX
910,CSW24_hsp,5,5,27.615000,22.838000,-4.777000,f3 GARI
910,CSW24_hsp,6,6,26.615000,21.451000,-5.164000,d8 PAGRI
910,CSW24_hsp,7,7,25.926000,20.600000,-5.326000,4c REJIG
910,CSW24_hsp,8,10,24.877000,20.078000,-4.799000,f3 GARE
910,CSW24_hsp,9,13,23.830000,19.453000,-4.377000,f3 RAX
910,CSW24_hsp,10,9,25.001000,19.178000,-5.823000,f8 VAGI
910,CSW24_hsp,11,17,22.699000,18.744000,-3.955000,f5 XI
910,CSW24_hsp,12,12,23.877000,18.559000,-5.318000,d8 PARGE
910,CSW24_hsp,13,8,25.133000,18.419000,-6.714000,d8 PARAGE
910,CSW24_hsp,14,11,23.877000,18.296000,-5.581000,d8 PAGER
910,CSW24_hsp,15,14,23.173000,18.094000,-5.079000,4d AJI
910,CSW24_hsp,16,15,22.877000,17.498000,-5.379000,f2 GEAR
910,CSW24_hsp,17,16,22.863000,17.498000,-5.365000,f8 VAG
910,CSW24_hsp,18,19,22.631000,17.463000,-5.168000,4d AJAR
910,CSW24_hsp,19,18,22.631000,17.339000,-5.292000,4c RAJA
910,CSW24_hsp,20,21,22.404000,17.273000,-5.131000,f2 AGAR
910,CSW24_hsp,21,22,21.611000,16.770000,-4.841000,d8 PAX
910,CSW24_hsp,22,23,21.306000,15.895000,-5.411000,f2 AGA
910,CSW24_hsp,23,30,19.863000,15.051000,-4.812000,9c GAY
910,CSW24_hsp,24,24,20.779000,14.737000,-6.042000,f8 VARIX
910,CSW24_hsp,25,29,19.871000,14.694000,-5.177000,4c RAJ
418,CSW24_hsp,1,1,23.272000,16.286000,-6.986000,f1 PURGE
418,CSW24_hsp,2,3,22.670000,16.096000,-6.574000,f1 GUP
418,CSW24_hsp,3,2,23.272000,15.749000,-7.523000,4a GUIPURE
418,CSW24_hsp,4,7,17.891000,11.551000,-6.340000,f2 EF
418,CSW24_hsp,5,5,18.009000,11.457000,-6.552000,f1 GEEP
418,CSW24_hsp,6,4,18.023000,10.907000,-7.116000,g7 FRUG
418,CSW24_hsp,7,12,15.425000,9.965000,-5.460000,9b PERSE
418,CSW24_hsp,8,9,16.100000,9.944000,-6.156000,f2 URGE
418,CSW24_hsp,9,8,16.465000,9.761000,-6.704000,f1 FEU
418,CSW24_hsp,10,13,15.366000,9.643000,-5.723000,d7 POUF
418,CSW24_hsp,11,11,15.537000,9.254000,-6.283000,9b PE
418,CSW24_hsp,12,16,15.043000,9.134000,-5.909000,f2 EUGE
418,CSW24_hsp,13,6,17.974000,8.730000,-9.244000,g7 GRUFE
418,CSW24_hsp,14,15,15.080000,8.645000,-6.435000,f2 UP
418,CSW24_hsp,15,10,15.965000,8.377000,-7.588000,4b FIGURE
418,CSW24_hsp,16,21,13.916000,8.108000,-5.808000,9b PEES
418,CSW24_hsp,17,17,14.480000,8.093000,-6.387000,f1 GUE
418,CSW24_hsp,18,18,14.197000,7.495000,-6.702000,f1 PUER
418,CSW24_hsp,19,22,13.096000,7.394000,-5.702000,d7 FOU
418,CSW24_hsp,20,26,12.891000,6.835000,-6.056000,9c EFS
418,CSW24_hsp,21,19,14.183000,6.516000,-7.667000,h8 SPEUG
418,CSW24_hsp,22,23,13.023000,6.290000,-6.733000,h5 FUGS
418,CSW24_hsp,23,33,11.891000,6.200000,-5.691000,d7 FOE
418,CSW24_hsp,24,32,12.018000,5.905000,-6.113000,f2 URP
418,CSW24_hsp,25,14,15.183000,5.797000,-9.386000,g6 PURGE
1006,CSW24_hsp,1,1,57.554000,51.414000,-6.140000,c3 JOWL
1006,CSW24_hsp,2,2,54.554000,49.105000,-5.449000,6i JOW
1006,CSW24_hsp,3,3,50.145000,44.700000,-5.445000,9c WOF
1006,CSW24_hsp,4,5,46.446000,41.242000,-5.204000,e3 JINN
1006,CSW24_hsp,5,6,46.446000,40.762000,-5.684000,6i JIN
1006,CSW24_hsp,6,4,47.145000,40.336000,-6.809000,c3 FOWL
1006,CSW24_hsp,7,8,43.642000,39.279000,-4.363000,e4 JIN
1006,CSW24_hsp,8,7,44.145000,38.689000,-5.456000,6i WOF
1006,CSW24_hsp,9,9,43.449000,37.707000,-5.742000,6i JOIN
1006,CSW24_hsp,10,10,42.383000,37.217000,-5.166000,9c JO
1006,CSW24_hsp,11,11,41.383000,35.965000,-5.418000,6i JO
1006,CSW24_hsp,12,12,41.145000,34.571000,-6.574000,c4 WOLF
1006,CSW24_hsp,13,13,40.145000,33.864000,-6.281000,d8 WOWF
1006,CSW24_hsp,14,14,39.176000,33.750000,-5.426000,e3 JOIN
1006,CSW24_hsp,15,15,36.709000,31.142000,-5.567000,9c WON
1006,CSW24_hsp,16,16,35.834000,30.045000,-5.789000,d3 FINI
1006,CSW24_hsp,17,17,35.834000,29.923000,-5.911000,6i FIN
1006,CSW24_hsp,18,18,35.138000,29.905000,-5.233000,5f IF
1006,CSW24_hsp,19,20,34.685000,29.642000,-5.043000,i6 JET
1006,CSW24_hsp,20,19,34.860000,29.162000,-5.698000,9c FON
1006,CSW24_hsp,21,24,34.138000,29.088000,-5.050000,e4 FIN
1006,CSW24_hsp,22,23,34.287000,29.044000,-5.243000,9d OF
1006,CSW24_hsp,23,21,34.491000,28.772000,-5.719000,e3 WINN
1006,CSW24_hsp,24,22,34.491000,28.439000,-6.052000,6i WIN
1006,CSW24_hsp,25,26,33.834000,28.186000,-5.648000,h4 FINNA
461,CSW24_hsp,1,2,39.010000,27.599000,-11.411000,15a EUGH
461,CSW24_hsp,2,1,39.640000,26.816000,-12.824000,c12 AGUE
461,CSW24_hsp,3,3,38.197000,26.568000,-11.629000,15a EUGHS
461,CSW24_hsp,4,5,35.810000,24.750000,-11.060000,a1 UVEAS
461,CSW24_hsp,5,6,35.778000,24.493000,-11.285000,15a AUGH
461,CSW24_hsp,6,4,36.010000,23.112000,-12.898000,c13 GUE
461,CSW24_hsp,7,9,33.430000,22.497000,-10.933000,a1 UVAE
461,CSW24_hsp,8,10,33.430000,22.453000,-10.977000,a1 UVEA
461,CSW24_hsp,9,7,34.191000,21.751000,-12.440000,c4 AGUES
461,CSW24_hsp,10,11,32.810000,21.300000,-11.510000,15d HAUSE
461,CSW24_hsp,11,12,32.778000,20.120000,-12.658000,c13 GAU
461,CSW24_hsp,12,8,34.191000,18.916000,-15.275000,j7 USAGE
461,CSW24_hsp,13,15,31.739000,18.784000,-12.955000,c13 GAE
461,CSW24_hsp,14,25,29.517000,18.675000,-10.842000,a1 UVAS
461,CSW24_hsp,15,19,31.379000,18.567000,-12.812000,c12 AGEE
461,CSW24_hsp,16,27,29.257000,18.320000,-10.937000,a1 AVES
461,CSW24_hsp,17,16,31.640000,18.274000,-13.366000,3g AGUE
461,CSW24_hsp,18,17,31.561000,18.111000,-13.450000,c12 AGES
461,CSW24_hsp,19,26,29.362000,17.464000,-11.898000,15a GUSHES
461,CSW24_hsp,20,32,28.663000,17.351000,-11.312000,15a SUGH
461,CSW24_hsp,21,31,28.663000,17.346000,-11.317000,15a GUSH
461,CSW24_hsp,22,14,32.191000,17.178000,-15.013000,j4 AGUES
461,CSW24_hsp,23,18,31.539000,16.683000,-14.856000,j8 SEGUE
461,CSW24_hsp,24,21,30.191000,16.554000,-13.637000,3g AGUES
461,CSW24_hsp,25,24,29.539000,16.152000,-13.387000,3f SEGUE
860,CSW24_hsp,1,2,22.550000,12.681000,-9.869000,12l HE
860,CSW24_hsp,2,4,20.558000,11.966000,-8.592000,15l EHED
860,CSW24_hsp,3,1,22.820000,11.822000,-10.998000,11d HIVED
860,CSW24_hsp,4,10,17.948000,9.012000,-8.936000,15k DEVI
860,CSW24_hsp,5,6,19.785000,8.642000,-11.143000,12d DUVET
860,CSW24_hsp,6,7,19.327000,8.244000,-11.083000,k11 HUMA
860,CSW24_hsp,7,5,19.933000,8.184000,-11.749000,k4 DEVICE
860,CSW24_hsp,8,3,21.277000,7.813000,-13.464000,k3 HEIDUC
860,CSW24_hsp,9,11,17.605000,7.288000,-10.317000,k8 CHIV
860,CSW24_hsp,10,9,18.077000,6.810000,-11.267000,j5 UVEA
860,CSW24_hsp,11,13,16.659000,6.294000,-10.365000,k8 CIVE
860,CSW24_hsp,12,8,18.251000,5.946000,-12.305000,k5 HUIC
860,CSW24_hsp,13,16,15.948000,5.846000,-10.102000,11h DIVED
860,CSW24_hsp,14,12,17.285000,5.433000,-11.852000,11e HUED
860,CSW24_hsp,15,15,15.948000,4.949000,-10.999000,11d DIVED
860,CSW24_hsp,16,26,13.928000,4.601000,-9.327000,15k DEEV
860,CSW24_hsp,17,18,15.327000,4.551000,-10.776000,7i UH
860,CSW24_hsp,18,22,14.659000,4.533000,-10.126000,11h DIVE
860,CSW24_hsp,19,21,14.659000,4.508000,-10.151000,11h DEVI
860,CSW24_hsp,20,23,14.026000,4.141000,-9.885000,l11 VIEW
860,CSW24_hsp,21,14,16.285000,4.097000,-12.188000,10f HULE
860,CSW24_hsp,22,17,15.327000,3.946000,-11.381000,n6 HUE
860,CSW24_hsp,23,25,13.933000,3.865000,-10.068000,10h LEVIED
860,CSW24_hsp,24,41,12.715000,3.835000,-8.880000,15l EIDE
860,CSW24_hsp,25,19,14.948000,3.819000,-11.129000,10f VILDE
661,CSW24_hsp,1,1,35.715000,28.637000,-7.078000,c3 YAUP
661,CSW24_hsp,2,3,31.536000,25.238000,-6.298000,c3 YAUPS
661,CSW24_hsp,3,4,28.536000,20.295000,-8.241000,k4 YAUPS
661,CSW24_hsp,4,2,31.539000,19.901000,-11.638000,5a PYURIA
661,CSW24_hsp,5,7,25.584000,18.553000,-7.031000,9i YU
661,CSW24_hsp,6,5,26.815000,18.536000,-8.279000,5b PIRAYA
661,CSW24_hsp,7,6,26.708000,17.683000,-9.025000,j6 YUGA
661,CSW24_hsp,8,10,23.030000,16.317000,-6.713000,9i YUP
661,CSW24_hsp,9,8,23.807000,15.802000,-8.005000,k5 AYUS
661,CSW24_hsp,10,21,20.109000,15.143000,-4.966000,7f YAP
661,CSW24_hsp,11,13,22.059000,14.039000,-8.020000,5d RUPIA
661,CSW24_hsp,12,11,22.715000,13.432000,-9.283000,k4 APAYS
661,CSW24_hsp,13,12,22.086000,13.253000,-8.833000,k4 PAUAS
661,CSW24_hsp,14,18,20.584000,12.830000,-7.754000,7h PAUA
661,CSW24_hsp,15,20,20.584000,12.513000,-8.071000,j8 GUY
661,CSW24_hsp,16,19,20.584000,12.502000,-8.082000,j6 YUG
661,CSW24_hsp,17,24,19.739000,12.409000,-7.330000,k5 YUPS
661,CSW24_hsp,18,23,19.739000,12.359000,-7.380000,k5 PUYS
661,CSW24_hsp,19,15,21.420000,12.185000,-9.235000,j6 YAGI
661,CSW24_hsp,20,29,18.930000,12.139000,-6.791000,7h AUA
661,CSW24_hsp,21,26,19.420000,12.090000,-7.330000,5b AIRY
661,CSW24_hsp,22,9,23.622000,12.036000,-11.586000,5a PYURIAS
661,CSW24_hsp,23,27,19.109000,11.946000,-7.163000,c2 PYA
661,CSW24_hsp,24,32,18.675000,11.859000,-6.816000,9i YIP
661,CSW24_hsp,25,42,17.602000,11.469000,-6.133000,7h PIU
462,CSW24_hsp,1,1,102.000000,94.521000,-7.479000,14b FREAKING
462,CSW24_hsp,2,2,49.940000,46.116000,-3.824000,14b FREAK
462,CSW24_hsp,3,4,42.536000,42.293000,-0.243000,15a KAFS
462,CSW24_hsp,4,3,43.462000,41.915000,-1.547000,c10 FAIK
462,CSW24_hsp,5,6,38.483000,38.256000,-0.227000,15a KIFS
462,CSW24_hsp,6,7,38.382000,38.168000,-0.214000,15a FRISK
462,CSW24_hsp,7,5,38.694000,37.631000,-1.063000,15a FRISKA
462,CSW24_hsp,8,8,36.317000,32.935000,-3.382000,13c KIF
462,CSW24_hsp,9,9,35.622000,32.002000,-3.620000,13c FIRKING
462,CSW24_hsp,10,10,33.511000,31.973000,-1.538000,15d SARKING
462,CSW24_hsp,11,11,33.362000,31.619000,-1.743000,15a FARSING
462,CSW24_hsp,12,15,31.857000,30.768000,-1.089000,15c ASKING
462,CSW24_hsp,13,12,32.960000,29.673000,-3.287000,c13 KA
462,CSW24_hsp,14,20,30.157000,29.343000,-0.814000,15d SAFING
462,CSW24_hsp,15,14,32.258000,29.175000,-3.083000,13c FIKING
462,CSW24_hsp,16,13,32.869000,28.790000,-4.079000,13b FAIKING
462,CSW24_hsp,17,16,31.536000,28.360000,-3.176000,13b FAIK
462,CSW24_hsp,18,17,31.536000,28.345000,-3.191000,13b KAIF
462,CSW24_hsp,19,24,28.878000,26.986000,-1.892000,c10 NAIK
462,CSW24_hsp,20,23,29.630000,26.622000,-3.008000,13c FIRK
462,CSW24_hsp,21,33,26.554000,25.866000,-0.688000,15a GAKS
462,CSW24_hsp,22,30,26.607000,25.447000,-1.160000,15a ARFS
462,CSW24_hsp,23,19,30.258000,25.435000,-4.823000,13a FIKING
462,CSW24_hsp,24,31,26.607000,25.434000,-1.173000,15a FARS
462,CSW24_hsp,25,32,26.607000,25.434000,-1.173000,15a FRAS
1055,CSW24_hsp,1,1,39.608000,28.081000,-11.527000,l8 FOX
1055,CSW24_hsp,2,3,34.399000,27.577000,-6.822000,1n OP
1055,CSW24_hsp,3,6,30.617000,24.072000,-6.545000,o1 POX
1055,CSW24_hsp,4,8,29.888000,22.998000,-6.890000,o1 ROOP
1055,CSW24_hsp,5,2,34.608000,22.203000,-12.405000,j5 OXER
1055,CSW24_hsp,6,4,32.903000,21.659000,-11.244000,1h PROTO
1055,CSW24_hsp,7,11,27.781000,20.900000,-6.881000,o1 POTOO
1055,CSW24_hsp,8,5,31.403000,20.259000,-11.144000,1h PORTA
1055,CSW24_hsp,9,17,25.967000,19.142000,-6.825000,o1 POORT
1055,CSW24_hsp,10,25,24.437000,17.418000,-7.019000,o1 POOT
1055,CSW24_hsp,11,26,24.437000,17.303000,-7.134000,o1 TOPO
1055,CSW24_hsp,12,7,29.903000,16.973000,-12.930000,8a PROTO
1055,CSW24_hsp,13,31,23.888000,16.937000,-6.951000,o1 POOR
1055,CSW24_hsp,14,9,28.903000,16.728000,-12.175000,1g TROOP
1055,CSW24_hsp,15,10,28.403000,15.581000,-12.822000,8a PORTA
1055,CSW24_hsp,16,13,27.608000,15.306000,-12.302000,5k OXO
1055,CSW24_hsp,17,12,27.618000,14.796000,-12.822000,n9 AX
1055,CSW24_hsp,18,15,26.903000,14.701000,-12.202000,1g POORT
1055,CSW24_hsp,19,14,27.074000,14.608000,-12.466000,3i POX
1055,CSW24_hsp,20,43,21.296000,14.325000,-6.971000,o1 PORTA
1055,CSW24_hsp,21,16,26.118000,14.279000,-11.839000,1h ROOP
1055,CSW24_hsp,22,19,25.403000,13.418000,-11.985000,1g APORT
1055,CSW24_hsp,23,21,25.321000,13.344000,-11.977000,4i TAXOR
1055,CSW24_hsp,24,20,25.403000,13.143000,-12.260000,1g PORTA
1055,CSW24_hsp,25,49,20.399000,13.140000,-7.259000,o1 OOP
900,CSW24_hsp,1,2,32.792000,31.720000,-1.072000,15h RUBIES
900,CSW24_hsp,2,1,32.792000,31.699000,-1.093000,15h BURIES
900,CSW24_hsp,3,4,29.887000,28.909000,-0.978000,15h IBERIS
900,CSW24_hsp,4,3,30.068000,28.076000,-1.992000,o14 BI
900,CSW24_hsp,5,5,28.815000,26.562000,-2.253000,c2 VIBIER
900,CSW24_hsp,6,6,27.068000,24.618000,-2.450000,3g BI
900,CSW24_hsp,7,7,25.621000,22.362000,-3.259000,3a HI
900,CSW24_hsp,8,8,24.068000,21.128000,-2.940000,i10 BI
900,CSW24_hsp,9,9,23.497000,20.679000,-2.818000,c2 VIBE
900,CSW24_hsp,10,11,23.068000,20.643000,-2.425000,6a OBI
900,CSW24_hsp,11,10,23.476000,20.366000,-3.110000,8a DUI
900,CSW24_hsp,12,13,22.621000,19.879000,-2.742000,6a OI
900,CSW24_hsp,13,12,22.621000,19.661000,-2.960000,g1 TAI
900,CSW24_hsp,14,19,20.792000,19.159000,-1.633000,9b BRUISE
900,CSW24_hsp,15,15,21.312000,18.562000,-2.750000,11g BURIER
900,CSW24_hsp,16,16,21.312000,18.558000,-2.754000,11g RUBIER
900,CSW24_hsp,17,17,21.213000,18.513000,-2.700000,4m LUZ
900,CSW24_hsp,18,18,21.068000,18.442000,-2.626000,g1 TABI
900,CSW24_hsp,19,14,21.621000,18.346000,-3.275000,8a DI
900,CSW24_hsp,20,23,20.068000,17.232000,-2.836000,11i BIER
900,CSW24_hsp,21,20,20.621000,17.205000,-3.416000,8e IT
900,CSW24_hsp,22,22,20.068000,17.143000,-2.925000,8d BIT
900,CSW24_hsp,23,26,19.162000,17.044000,-2.118000,9c IBIS
900,CSW24_hsp,24,21,20.621000,16.596000,-4.025000,11n LI
900,CSW24_hsp,25,27,18.973000,16.035000,-2.938000,c2 VIE
1196,CSW24_hsp,1,1,57.516000,42.403000,-15.113000,b10 JA
1196,CSW24_hsp,2,2,49.053000,38.126000,-10.927000,1l AZAN
1196,CSW24_hsp,3,3,48.638000,37.392000,-11.246000,1m ZAG
1196,CSW24_hsp,4,4,48.332000,33.620000,-14.712000,b8 JAFA
1196,CSW24_hsp,5,5,42.841000,29.852000,-12.989000,e5 JAFA
1196,CSW24_hsp,6,9,38.035000,26.274000,-11.761000,1m FAG
1196,CSW24_hsp,7,6,40.332000,25.232000,-15.100000,b6 JAFA
1196,CSW24_hsp,8,7,38.489000,24.739000,-13.750000,e11 JAG
1196,CSW24_hsp,9,8,38.048000,24.358000,-13.690000,g3 ZA
1196,CSW24_hsp,10,10,36.476000,21.560000,-14.916000,b6 JAGA
1196,CSW24_hsp,11,12,35.489000,20.975000,-14.514000,b8 JAG
1196,CSW24_hsp,12,11,35.646000,20.845000,-14.801000,b10 FA
1196,CSW24_hsp,13,15,34.035000,20.180000,-13.855000,e11 FAG
1196,CSW24_hsp,14,13,35.035000,19.878000,-15.157000,b8 FAG
1196,CSW24_hsp,15,22,31.531000,19.704000,-11.827000,1m FAN
1196,CSW24_hsp,16,14,34.476000,19.491000,-14.985000,b8 JAGA
1196,CSW24_hsp,17,16,33.435000,19.010000,-14.425000,5f GARJAN
1196,CSW24_hsp,18,19,32.638000,18.977000,-13.661000,e11 ZAG
1196,CSW24_hsp,19,17,33.139000,18.750000,-14.389000,3e GANEF
1196,CSW24_hsp,20,20,32.414000,18.130000,-14.284000,g6 GOFF
1196,CSW24_hsp,21,21,32.394000,17.304000,-15.090000,b10 FAA
1196,CSW24_hsp,22,23,30.638000,16.961000,-13.677000,6d ZAG
1196,CSW24_hsp,23,18,33.139000,16.931000,-16.208000,b6 FANG
1196,CSW24_hsp,24,24,29.739000,16.694000,-13.045000,m1 FEZ
1196,CSW24_hsp,25,30,28.441000,16.182000,-12.259000,i1 NEF
815,CSW24_hsp,1,1,38.401000,32.526000,-5.875000,2f FROTH
815,CSW24_hsp,2,2,27.388000,21.311000,-6.077000,2g MOTH
815,CSW24_hsp,3,3,25.936000,19.821000,-6.115000,2g DOTH
815,CSW24_hsp,4,4,23.401000,15.903000,-7.498000,j2 FIRTH
815,CSW24_hsp,5,5,20.745000,14.281000,-6.464000,2h OHM
815,CSW24_hsp,6,6,18.101000,10.482000,-7.619000,j2 MIRTH
815,CSW24_hsp,7,7,17.470000,9.974000,-7.496000,6m FUD
815,CSW24_hsp,8,9,16.980000,9.870000,-7.110000,i2 DOM
815,CSW24_hsp,9,11,16.745000,9.716000,-7.029000,i2 HOM
815,CSW24_hsp,10,8,17.431000,9.283000,-8.148000,6l THUD
815,CSW24_hsp,11,15,15.384000,8.403000,-6.981000,2f FROM
815,CSW24_hsp,12,14,15.963000,8.375000,-7.588000,6m MUD
815,CSW24_hsp,13,10,16.919000,7.268000,-9.651000,n5 FURTH
815,CSW24_hsp,14,18,14.263000,6.903000,-7.360000,15d HUMFS
815,CSW24_hsp,15,16,14.634000,6.402000,-8.232000,13g HAFT
815,CSW24_hsp,16,23,12.856000,6.044000,-6.812000,2j MU
815,CSW24_hsp,17,20,13.384000,6.031000,-7.353000,f11 DRUM
815,CSW24_hsp,18,13,16.263000,6.015000,-10.248000,n5 HUMF
815,CSW24_hsp,19,12,16.473000,6.000000,-10.473000,n5 THRUM
815,CSW24_hsp,20,22,12.916000,5.811000,-7.105000,j2 FID
815,CSW24_hsp,21,19,13.386000,5.718000,-7.668000,i9 FUM
815,CSW24_hsp,22,17,14.431000,5.341000,-9.090000,n5 THUD
815,CSW24_hsp,23,21,13.021000,4.981000,-8.040000,6l TURD
815,CSW24_hsp,24,25,12.470000,4.922000,-7.548000,i9 FUD
815,CSW24_hsp,25,24,12.822000,4.869000,-7.953000,13g FAURD
845,CSW24_hsp,1,1,43.247000,42.416000,-0.831000,2f UVA
845,CSW24_hsp,2,2,42.307000,41.263000,-1.044000,2f AVO
845,CSW24_hsp,3,3,42.307000,41.196000,-1.111000,2f OVA
845,CSW24_hsp,4,4,42.234000,40.660000,-1.574000,2f HOO
845,CSW24_hsp,5,11,39.234000,38.845000,-0.389000,i11 HOO
845,CSW24_hsp,6,8,39.307000,38.364000,-0.943000,m12 AVO
845,CSW24_hsp,7,6,39.880000,38.356000,-1.524000,2f HAO
845,CSW24_hsp,8,7,39.880000,38.311000,-1.569000,2f HOA
845,CSW24_hsp,9,10,39.247000,38.111000,-1.136000,7f UVAE
845,CSW24_hsp,10,9,39.293000,38.087000,-1.206000,6f HOVED
845,CSW24_hsp,11,5,40.234000,37.160000,-3.074000,i12 HOO
845,CSW24_hsp,12,13,38.686000,37.141000,-1.545000,6e HOOVED
845,CSW24_hsp,13,16,37.307000,36.574000,-0.733000,3g VOAR
845,CSW24_hsp,14,18,36.880000,36.466000,-0.414000,i11 HOA
845,CSW24_hsp,15,17,36.880000,36.198000,-0.682000,i11 HAO
845,CSW24_hsp,16,14,37.880000,35.113000,-2.767000,i12 HAO
845,CSW24_hsp,17,21,35.351000,35.033000,-0.318000,7g VOE
845,CSW24_hsp,18,12,38.922000,34.984000,-3.938000,14j YAHOO
845,CSW24_hsp,19,15,37.880000,34.849000,-3.031000,i12 HOA
845,CSW24_hsp,20,20,36.234000,34.661000,-1.573000,m12 HOO
845,CSW24_hsp,21,19,36.234000,34.465000,-1.769000,2f OHO
845,CSW24_hsp,22,23,34.956000,34.014000,-0.942000,3g HOUR
845,CSW24_hsp,23,25,33.880000,32.640000,-1.240000,m12 HAO
845,CSW24_hsp,24,26,33.880000,32.548000,-1.332000,m12 HOA
845,CSW24_hsp,25,24,33.880000,32.275000,-1.605000,6f HOAED
55,CSW24_hsp,1,1,34.459000,25.652000,-8.807000,b10 WON
55,CSW24_hsp,2,4,29.459000,22.764000,-6.695000,d10 NOW
55,CSW24_hsp,3,8,27.229000,20.675000,-6.554000,d10 MOW
55,CSW24_hsp,4,2,30.328000,19.764000,-10.564000,d12 WOON
55,CSW24_hsp,5,7,27.459000,19.638000,-7.821000,d12 WON
55,CSW24_hsp,6,11,26.459000,19.602000,-6.857000,d10 WON
55,CSW24_hsp,7,5,28.582000,19.288000,-9.294000,b10 WIN
55,CSW24_hsp,8,3,29.649000,18.699000,-10.950000,d12 WINO
55,CSW24_hsp,9,10,27.052000,18.128000,-8.924000,b10 WO
55,CSW24_hsp,10,6,28.364000,17.892000,-10.472000,d12 MOWN
55,CSW24_hsp,11,9,27.052000,17.331000,-9.721000,b9 OW
55,CSW24_hsp,12,12,26.229000,17.324000,-8.905000,b10 MOW
55,CSW24_hsp,13,15,23.387000,16.300000,-7.087000,d10 NOMOI
55,CSW24_hsp,14,13,25.806000,16.048000,-9.758000,b9 OWO
55,CSW24_hsp,15,14,25.806000,15.636000,-10.170000,b10 WOO
55,CSW24_hsp,16,26,20.806000,13.793000,-7.013000,d11 OWO
55,CSW24_hsp,17,23,21.229000,13.724000,-7.505000,d12 MOW
55,CSW24_hsp,18,25,21.052000,13.694000,-7.358000,d12 WO
55,CSW24_hsp,19,24,21.052000,13.606000,-7.446000,d11 OW
55,CSW24_hsp,20,19,22.364000,13.584000,-8.780000,9f MOWN
55,CSW24_hsp,21,20,21.582000,13.233000,-8.349000,d12 WIN
55,CSW24_hsp,22,22,21.459000,13.232000,-8.227000,d12 NOW
55,CSW24_hsp,23,18,22.459000,13.231000,-9.228000,b10 NOW
55,CSW24_hsp,24,32,19.974000,13.168000,-6.806000,d10 MONO
55,CSW24_hsp,25,21,21.459000,12.762000,-8.697000,9f NOW
930,CSW24_hsp,1,2,52.618000,46.347000,-6.271000,15k DRIFT
930,CSW24_hsp,2,1,53.289000,45.362000,-7.927000,12a VANT
930,CSW24_hsp,3,3,49.244000,41.421000,-7.823000,12a DAVIT
930,CSW24_hsp,4,4,48.697000,40.814000,-7.883000,c9 VINT
930,CSW24_hsp,5,5,46.655000,38.758000,-7.897000,12a VAIN
930,CSW24_hsp,6,6,45.774000,37.902000,-7.872000,12a VAIR
930,CSW24_hsp,7,7,44.662000,36.566000,-8.096000,14e ATOMIZED
930,CSW24_hsp,8,8,44.479000,36.190000,-8.289000,c9 VID
930,CSW24_hsp,9,9,43.551000,35.656000,-7.895000,12a RAVIN
930,CSW24_hsp,10,12,41.506000,34.468000,-7.038000,a8 VIaND
930,CSW24_hsp,11,15,40.710000,34.384000,-6.326000,15l RIFT
930,CSW24_hsp,12,10,41.790000,33.567000,-8.223000,12a VAT
930,CSW24_hsp,13,11,41.655000,33.563000,-8.092000,c9 VIN
930,CSW24_hsp,14,13,41.479000,33.266000,-8.213000,12b AVID
930,CSW24_hsp,15,14,41.149000,32.716000,-8.433000,3g VIRTU
930,CSW24_hsp,16,18,40.264000,32.384000,-7.880000,6h VINTED
930,CSW24_hsp,17,16,40.490000,32.170000,-8.320000,12a DANT
930,CSW24_hsp,18,17,40.309000,32.110000,-8.199000,12a VAR
930,CSW24_hsp,19,19,40.158000,31.843000,-8.315000,11a DERV
930,CSW24_hsp,20,20,40.158000,31.804000,-8.354000,11a VERD
930,CSW24_hsp,21,21,39.982000,31.730000,-8.252000,12a DART
930,CSW24_hsp,22,22,39.697000,31.640000,-8.057000,n4 VINT
930,CSW24_hsp,23,23,39.689000,31.432000,-8.257000,12a VAN
930,CSW24_hsp,24,28,38.891000,31.362000,-7.529000,a7 DIVeRT
930,CSW24_hsp,25,24,39.535000,31.136000,-8.399000,11a VERT
839,CSW24_hsp,1,1,39.477000,31.407000,-8.070000,c4 TROVE
839,CSW24_hsp,2,2,38.094000,31.371000,-6.723000,7b ORB
839,CSW24_hsp,3,3,35.416000,28.045000,-7.371000,c5 ROVE
839,CSW24_hsp,4,4,35.094000,27.602000,-7.492000,4j DORB
839,CSW24_hsp,5,7,33.658000,26.457000,-7.201000,e8 MORT
839,CSW24_hsp,6,8,33.419000,26.044000,-7.375000,d6 BRUNT
839,CSW24_hsp,7,6,34.687000,25.461000,-9.226000,b7 THROB
839,CSW24_hsp,8,5,34.687000,24.453000,-10.234000,b4 BROTH
839,CSW24_hsp,9,9,31.377000,24.187000,-7.190000,ex BRV
839,CSW24_hsp,10,10,30.945000,23.755000,-7.190000,ex RTV
839,CSW24_hsp,11,11,30.853000,23.613000,-7.240000,7b ORT
839,CSW24_hsp,12,15,29.999000,23.282000,-6.717000,a7 BRR
839,CSW24_hsp,13,12,30.350000,23.160000,-7.190000,ex RV
839,CSW24_hsp,14,14,29.999000,23.154000,-6.845000,a6 BRR
839,CSW24_hsp,15,13,30.046000,22.856000,-7.190000,ex BRTV
839,CSW24_hsp,16,17,29.229000,22.039000,-7.190000,ex BORTV
839,CSW24_hsp,17,20,28.850000,21.919000,-6.931000,10e BO
839,CSW24_hsp,18,16,29.853000,21.817000,-8.036000,e8 MOTOR
839,CSW24_hsp,19,21,28.559000,21.369000,-7.190000,ex BRRV
839,CSW24_hsp,20,18,29.094000,21.343000,-7.751000,f9 PROB
839,CSW24_hsp,21,19,28.850000,21.248000,-7.602000,7b OB
839,CSW24_hsp,22,22,28.292000,21.102000,-7.190000,ex BORRTV
839,CSW24_hsp,23,23,28.264000,21.074000,-7.190000,ex BORV
839,CSW24_hsp,24,24,28.187000,20.772000,-7.415000,c5 VOTE
839,CSW24_hsp,25,26,27.906000,20.716000,-7.190000,ex BORRV
121,CSW24_hsp,1,1,37.044000,28.390000,-8.654000,c12 ZIP
121,CSW24_hsp,2,2,36.282000,27.521000,-8.761000,c12 ZIG
121,CSW24_hsp,3,3,33.121000,24.435000,-8.686000,c12 ZAP
121,CSW24_hsp,4,4,31.472000,22.679000,-8.793000,c12 ZAG
121,CSW24_hsp,5,7,28.646000,20.829000,-7.817000,f6 ZARI
121,CSW24_hsp,6,5,29.288000,20.567000,-8.721000,c9 ZA
121,CSW24_hsp,7,8,28.646000,20.500000,-8.146000,f8 RIZA
121,CSW24_hsp,8,6,28.646000,19.433000,-9.213000,f5 IZAR
121,CSW24_hsp,9,9,28.646000,19.031000,-9.615000,10b ZILA
121,CSW24_hsp,10,10,27.932000,18.642000,-9.290000,c12 PIG
121,CSW24_hsp,11,15,26.282000,18.384000,-7.898000,f7 GRIZ
121,CSW24_hsp,12,19,24.974000,16.250000,-8.724000,11d CIGAR
121,CSW24_hsp,13,22,23.955000,15.905000,-8.050000,f8 RIZ
121,CSW24_hsp,14,14,26.308000,15.778000,-10.530000,11f AIRGAP
121,CSW24_hsp,15,11,26.308000,15.328000,-10.980000,5d AGAPAI
121,CSW24_hsp,16,12,26.308000,14.941000,-11.367000,5f AGAPAI
121,CSW24_hsp,17,20,24.335000,14.846000,-9.489000,11b PICA
121,CSW24_hsp,18,21,24.203000,14.828000,-9.375000,f4 GAZAR
121,CSW24_hsp,19,13,26.308000,14.582000,-11.726000,5h AGAPAI
121,CSW24_hsp,20,17,25.567000,14.232000,-11.335000,11g GRAIP
121,CSW24_hsp,21,24,22.614000,13.880000,-8.734000,f6 PIRAI
121,CSW24_hsp,22,25,22.288000,13.753000,-8.535000,c12 ZA
121,CSW24_hsp,23,28,21.441000,12.271000,-9.170000,i5 AIA
121,CSW24_hsp,24,30,21.308000,11.817000,-9.491000,f6 AIRGAP
121,CSW24_hsp,25,29,21.335000,11.739000,-9.596000,6f PADI
829,CSW24_hsp,1,1,114.000000,100.382000,-13.618000,k4 LaTERIZE
829,CSW24_hsp,2,2,101.481000,89.220000,-12.261000,f8 RIZ
829,CSW24_hsp,3,3,98.528000,86.500000,-12.028000,f7 TREZ
829,CSW24_hsp,4,4,97.144000,84.895000,-12.249000,f8 REZ
829,CSW24_hsp,5,5,92.144000,79.469000,-12.675000,6n ZE
829,CSW24_hsp,6,6,88.000000,68.904000,-19.096000,n4 LaTERIZE
829,CSW24_hsp,7,7,76.427000,64.151000,-12.276000,f8 ReZ
829,CSW24_hsp,8,8,76.427000,64.139000,-12.288000,f8 RiZ
829,CSW24_hsp,9,15,71.793000,63.608000,-8.185000,o7 RITZ
829,CSW24_hsp,10,9,75.427000,62.992000,-12.435000,f10 Zo
829,CSW24_hsp,11,10,74.104000,62.641000,-11.463000,o1 RITZiER
829,CSW24_hsp,12,11,74.104000,62.638000,-11.466000,o1 RiTZIER
829,CSW24_hsp,13,13,73.617000,61.774000,-11.843000,f7 gRIZ
829,CSW24_hsp,14,12,73.617000,61.698000,-11.919000,f7 fRIZ
829,CSW24_hsp,15,14,72.979000,60.916000,-12.063000,f7 TReZ
829,CSW24_hsp,16,27,68.481000,60.477000,-8.004000,o7 RIZ
829,CSW24_hsp,17,33,67.528000,59.451000,-8.077000,o6 TREZ
829,CSW24_hsp,18,17,71.427000,58.707000,-12.720000,6n Ze
829,CSW24_hsp,19,18,71.427000,58.532000,-12.895000,6n Zo
829,CSW24_hsp,20,16,71.427000,58.527000,-12.900000,6n Za
829,CSW24_hsp,21,20,70.522000,57.358000,-13.164000,10d BIZ
829,CSW24_hsp,22,21,69.875000,56.585000,-13.290000,n6 ZEL
829,CSW24_hsp,23,39,64.497000,56.333000,-8.164000,o4 ZaIRE
829,CSW24_hsp,24,40,64.144000,56.151000,-7.993000,o7 REZ
829,CSW24_hsp,25,35,67.497000,55.549000,-11.948000,f7 pREZ
1067,CSW24_hsp,1,1,34.843000,27.924000,-6.919000,n2 BEND
1067,CSW24_hsp,2,2,34.210000,27.751000,-6.459000,n2 COED
1067,CSW24_hsp,3,3,32.475000,25.848000,-6.627000,n2 BOND
1067,CSW24_hsp,4,5,31.038000,24.435000,-6.603000,n2 COND
1067,CSW24_hsp,5,4,31.115000,23.343000,-7.772000,n2 BED
1067,CSW24_hsp,6,7,28.854000,20.977000,-7.877000,c1 BUNCOED
1067,CSW24_hsp,7,15,26.115000,20.952000,-5.163000,3g DIEB
1067,CSW24_hsp,8,12,27.405000,20.464000,-6.941000,n2 BOD
1067,CSW24_hsp,9,10,28.045000,19.968000,-8.077000,n2 BE
1067,CSW24_hsp,10,11,27.872000,19.838000,-8.034000,n2 BEN
1067,CSW24_hsp,11,18,25.378000,19.582000,-5.796000,6j BOX
1067,CSW24_hsp,12,13,26.997000,19.487000,-7.510000,n2 NEED
1067,CSW24_hsp,13,6,29.991000,19.140000,-10.851000,n1 EBON
1067,CSW24_hsp,14,8,28.210000,18.774000,-9.436000,n1 COED
1067,CSW24_hsp,15,14,26.627000,18.588000,-8.039000,n2 BON
1067,CSW24_hsp,16,9,28.210000,18.552000,-9.658000,n1 ECOD
1067,CSW24_hsp,17,26,24.229000,18.103000,-6.126000,7h GOBO
1067,CSW24_hsp,18,21,25.154000,17.899000,-7.255000,d1 BACON
1067,CSW24_hsp,19,19,25.280000,17.843000,-7.437000,d1 BACNE
1067,CSW24_hsp,20,24,24.914000,17.677000,-7.237000,n2 DOC
1067,CSW24_hsp,21,22,25.154000,17.637000,-7.517000,d1 BANCO
1067,CSW24_hsp,22,20,25.229000,17.560000,-7.669000,n2 BO
1067,CSW24_hsp,23,23,24.992000,17.458000,-7.534000,n2 CON
1067,CSW24_hsp,24,28,23.914000,16.922000,-6.992000,n2 COD
1067,CSW24_hsp,25,27,24.115000,16.860000,-7.255000,d1 BADE
740,CSW24_hsp,1,1,62.090000,57.608000,-4.482000,k5 HEMATINE
740,CSW24_hsp,2,2,61.265000,55.846000,-5.419000,k4 HAEMATIN
740,CSW24_hsp,3,4,57.888000,54.751000,-3.137000,12f ETH
740,CSW24_hsp,4,3,58.616000,53.927000,-4.689000,k5 HEMATIN
740,CSW24_hsp,5,5,56.437000,53.584000,-2.853000,12e METH
740,CSW24_hsp,6,7,53.888000,50.334000,-3.554000,12d EH
740,CSW24_hsp,7,6,54.450000,49.980000,-4.470000,d11 HAREM
740,CSW24_hsp,8,8,53.104000,49.709000,-3.395000,11d MEAN
740,CSW24_hsp,9,10,52.533000,49.694000,-2.839000,12e MATH
740,CSW24_hsp,10,9,52.888000,49.312000,-3.576000,13n HE
740,CSW24_hsp,11,11,52.073000,47.861000,-4.212000,d11 HARIM
740,CSW24_hsp,12,13,51.871000,47.834000,-4.037000,12l AE
740,CSW24_hsp,13,12,52.073000,47.804000,-4.269000,d11 IHRAM
740,CSW24_hsp,14,14,51.202000,47.513000,-3.689000,11e EAN
740,CSW24_hsp,15,17,49.888000,46.267000,-3.621000,12e HET
740,CSW24_hsp,16,15,50.845000,46.256000,-4.589000,d11 HIREE
740,CSW24_hsp,17,20,49.461000,46.091000,-3.370000,11e HAN
740,CSW24_hsp,18,16,50.450000,45.954000,-4.496000,d11 HERMA
740,CSW24_hsp,19,21,49.047000,45.522000,-3.525000,13n HI
740,CSW24_hsp,20,18,49.493000,45.017000,-4.476000,d10 HEIR
740,CSW24_hsp,21,19,49.493000,44.560000,-4.933000,d11 HIRE
740,CSW24_hsp,22,25,48.104000,44.382000,-3.722000,f12 EMMA
740,CSW24_hsp,23,22,49.042000,44.077000,-4.965000,d10 HEARIE
740,CSW24_hsp,24,27,47.461000,43.739000,-3.722000,12d EM
740,CSW24_hsp,25,26,47.461000,43.695000,-3.766000,12d AH
576,CSW24_hsp,1,1,58.462000,51.555000,-6.907000,15f DITZ
576,CSW24_hsp,2,2,52.074000,44.057000,-8.017000,15f TIZ
576,CSW24_hsp,3,3,50.074000,41.875000,-8.199000,15g TIZ
576,CSW24_hsp,4,9,45.487000,40.100000,-5.387000,15d DINTS
576,CSW24_hsp,5,5,48.904000,39.845000,-9.059000,10h SAZ
576,CSW24_hsp,6,4,48.904000,39.740000,-9.164000,10f ZAS
576,CSW24_hsp,7,11,45.218000,38.317000,-6.901000,15f SITZ
576,CSW24_hsp,8,6,47.642000,38.047000,-9.595000,k7 ADZ
576,CSW24_hsp,9,15,43.308000,37.928000,-5.380000,15d DANTS
576,CSW24_hsp,10,8,46.083000,37.445000,-8.638000,k9 ZATI
576,CSW24_hsp,11,7,46.161000,37.434000,-8.727000,10h SIZAR
576,CSW24_hsp,12,10,45.432000,35.190000,-10.242000,10i TZAR
576,CSW24_hsp,13,13,43.951000,34.739000,-9.212000,10i IZARD
576,CSW24_hsp,14,20,40.527000,33.773000,-6.754000,k9 ZATIS
576,CSW24_hsp,15,14,43.642000,33.727000,-9.915000,k10 ADZ
576,CSW24_hsp,16,16,42.773000,33.716000,-9.057000,n8 NAZI
576,CSW24_hsp,17,12,44.060000,33.697000,-10.363000,10l RIZ
576,CSW24_hsp,18,18,42.462000,33.506000,-8.956000,13f DITZ
576,CSW24_hsp,19,17,42.642000,32.728000,-9.914000,13g ADZ
576,CSW24_hsp,20,19,40.857000,30.896000,-9.961000,m2 DI
576,CSW24_hsp,21,21,40.076000,30.233000,-9.843000,2m ZEX
576,CSW24_hsp,22,27,37.215000,30.193000,-7.022000,10i IZARDS
576,CSW24_hsp,23,23,38.103000,29.803000,-8.300000,15f DINT
576,CSW24_hsp,24,22,39.642000,29.207000,-10.435000,k1 ADZ
576,CSW24_hsp,25,30,37.103000,28.786000,-8.317000,15f TIND
1064,CSW24_hsp,1,2,47.234000,41.689000,-5.545000,14b AUTO
1064,CSW24_hsp,2,3,47.234000,41.403000,-5.831000,14b OUTA
1064,CSW24_hsp,3,1,47.234000,38.536000,-8.698000,n11 OUTTA
1064,CSW24_hsp,4,4,46.234000,37.588000,-8.646000,7g QUOTA
1064,CSW24_hsp,5,10,43.128000,36.899000,-6.229000,14b OUT
1064,CSW24_hsp,6,5,46.234000,36.877000,-9.357000,b8 OUTA
1064,CSW24_hsp,7,8,43.455000,36.836000,-6.619000,11j OU
1064,CSW24_hsp,8,7,43.455000,36.602000,-6.853000,n10 OU
1064,CSW24_hsp,9,18,42.128000,36.234000,-5.894000,14d OUT
1064,CSW24_hsp,10,13,42.455000,36.123000,-6.332000,14b OU
1064,CSW24_hsp,11,17,42.128000,35.714000,-6.414000,13b OUT
1064,CSW24_hsp,12,14,42.203000,35.556000,-6.647000,11i NOO
1064,CSW24_hsp,13,16,42.203000,35.480000,-6.723000,11i OON
1064,CSW24_hsp,14,15,42.203000,35.332000,-6.871000,11i ONO
1064,CSW24_hsp,15,12,42.455000,35.271000,-7.184000,n11 OU
1064,CSW24_hsp,16,9,43.203000,35.151000,-8.052000,n9 ONO
1064,CSW24_hsp,17,22,41.476000,34.829000,-6.647000,11i TOO
1064,CSW24_hsp,18,23,41.203000,34.790000,-6.413000,14b OON
1064,CSW24_hsp,19,30,40.476000,34.756000,-5.720000,14b TOO
1064,CSW24_hsp,20,21,41.476000,34.742000,-6.734000,11i OOT
1064,CSW24_hsp,21,20,41.680000,34.608000,-7.072000,7g QUA
1064,CSW24_hsp,22,19,42.047000,34.599000,-7.448000,n9 OO
1064,CSW24_hsp,23,37,40.203000,34.377000,-5.826000,14d NOO
1064,CSW24_hsp,24,32,40.372000,34.375000,-5.997000,13a NOUT
1064,CSW24_hsp,25,33,40.372000,34.302000,-6.070000,13a TOUN
683,CSW24_hsp,1,1,32.439000,26.545000,-5.894000,a6 FOOTAGE
683,CSW24_hsp,2,2,23.686000,17.633000,-6.053000,a7 OUTAGE
683,CSW24_hsp,3,4,21.062000,14.975000,-6.087000,a6 ROOTAGE
683,CSW24_hsp,4,3,22.778000,12.700000,-10.078000,9h FOGOU
683,CSW24_hsp,5,6,17.776000,12.237000,-5.539000,8a EF
683,CSW24_hsp,6,5,19.396000,10.745000,-8.651000,5h EUGE
683,CSW24_hsp,7,7,17.198000,8.363000,-8.835000,k2 DEBUG
683,CSW24_hsp,8,12,14.032000,7.780000,-6.252000,a7 OUTA
683,CSW24_hsp,9,10,14.990000,5.779000,-9.211000,d11 UFO
683,CSW24_hsp,10,9,14.990000,5.464000,-9.526000,9h FOU
683,CSW24_hsp,11,18,11.653000,5.349000,-6.304000,a8 UTA
683,CSW24_hsp,12,22,10.867000,5.092000,-5.775000,o1 FEU
683,CSW24_hsp,13,11,14.887000,4.665000,-10.222000,9h FOREGO
683,CSW24_hsp,14,28,9.963000,3.986000,-5.977000,o1 GEO
683,CSW24_hsp,15,8,14.990000,3.877000,-11.113000,n4 TOFU
683,CSW24_hsp,16,13,13.482000,3.494000,-9.988000,9h FOO
683,CSW24_hsp,17,16,11.990000,2.745000,-9.245000,4a FOUER
683,CSW24_hsp,18,14,12.774000,2.700000,-10.074000,9h FORGO
683,CSW24_hsp,19,17,11.753000,2.446000,-9.307000,9h FOG
683,CSW24_hsp,20,15,12.257000,2.265000,-9.992000,9h FOUER
683,CSW24_hsp,21,20,10.963000,2.058000,-8.905000,11a GO
683,CSW24_hsp,22,19,11.221000,1.698000,-9.523000,9h FOUR
683,CSW24_hsp,23,21,10.934000,1.669000,-9.265000,5j OE
683,CSW24_hsp,24,23,10.653000,1.659000,-8.994000,g6 GUV
683,CSW24_hsp,25,35,9.537000,1.283000,-8.254000,11a OO
633,CSW24_hsp,1,1,25.500000,20.903000,-4.597000,13a EVOS
633,CSW24_hsp,2,3,22.519000,17.955000,-4.564000,13a AVOS
633,CSW24_hsp,3,2,23.539000,17.227000,-6.312000,k9 SOOGEE
633,CSW24_hsp,4,6,20.645000,16.777000,-3.868000,j10 ESNE
633,CSW24_hsp,5,7,20.645000,16.479000,-4.166000,j11 SNEE
633,CSW24_hsp,6,5,20.881000,16.300000,-4.581000,13a AVES
633,CSW24_hsp,7,4,22.197000,15.998000,-6.199000,13k OOSE
633,CSW24_hsp,8,8,20.553000,14.919000,-5.634000,13a EVO
633,CSW24_hsp,9,9,20.389000,14.388000,-6.001000,3g COO
633,CSW24_hsp,10,10,20.197000,13.859000,-6.338000,8j OOSE
633,CSW24_hsp,11,12,19.362000,13.762000,-5.600000,8k OOSES
633,CSW24_hsp,12,13,18.500000,13.127000,-5.373000,2f OOSE
633,CSW24_hsp,13,11,19.389000,12.829000,-6.560000,6h OO
633,CSW24_hsp,14,15,17.875000,12.274000,-5.601000,13a AVO
633,CSW24_hsp,15,16,17.875000,12.271000,-5.604000,13a OVA
633,CSW24_hsp,16,31,15.055000,11.807000,-3.248000,j10 ESNES
633,CSW24_hsp,17,14,18.197000,11.675000,-6.522000,8k OOSE
633,CSW24_hsp,18,20,16.519000,11.498000,-5.021000,i1 SOAR
633,CSW24_hsp,19,18,16.871000,11.493000,-5.378000,8k OASES
633,CSW24_hsp,20,24,15.645000,11.031000,-4.614000,13a EVES
633,CSW24_hsp,21,19,16.553000,10.828000,-5.725000,k11 EGO
633,CSW24_hsp,22,21,16.418000,10.818000,-5.600000,k11 OGEE
633,CSW24_hsp,23,23,15.881000,10.202000,-5.679000,9e ANES
633,CSW24_hsp,24,22,16.389000,10.145000,-6.244000,6m OO
633,CSW24_hsp,25,32,15.010000,10.003000,-5.007000,ex EOO
761,CSW24_hsp,1,1,41.743000,33.289000,-8.454000,14b MALAM
761,CSW24_hsp,2,2,34.524000,29.043000,-5.481000,7k GAMMA
761,CSW24_hsp,3,5,31.808000,25.927000,-5.881000,14f MARG
761,CSW24_hsp,4,7,30.808000,24.594000,-6.214000,14d GAM
761,CSW24_hsp,5,4,33.524000,24.194000,-9.330000,14b MAGMA
761,CSW24_hsp,6,3,33.524000,24.172000,-9.352000,14b GAMMA
761,CSW24_hsp,7,8,29.339000,22.934000,-6.405000,14f MARM
761,CSW24_hsp,8,9,29.232000,22.753000,-6.479000,14c GLAM
761,CSW24_hsp,9,10,28.808000,22.739000,-6.069000,7k GAM
761,CSW24_hsp,10,6,30.826000,22.176000,-8.650000,14b LIMMA
761,CSW24_hsp,11,11,28.339000,21.473000,-6.866000,14d MAM
761,CSW24_hsp,12,13,27.339000,21.410000,-5.929000,7k MAM
761,CSW24_hsp,13,14,26.824000,21.196000,-5.628000,7j IMAM
761,CSW24_hsp,14,15,26.752000,20.918000,-5.834000,14f MAR
761,CSW24_hsp,15,16,26.486000,20.479000,-6.007000,14f MARL
761,CSW24_hsp,16,12,27.824000,20.136000,-7.688000,14c IMAM
761,CSW24_hsp,17,17,25.808000,19.829000,-5.979000,g11 GAM
761,CSW24_hsp,18,18,25.752000,19.684000,-6.068000,14e AM
761,CSW24_hsp,19,19,25.486000,19.152000,-6.334000,14d LAM
761,CSW24_hsp,20,22,23.928000,18.131000,-5.797000,14e MM
761,CSW24_hsp,21,21,24.339000,17.925000,-6.414000,g11 MAM
761,CSW24_hsp,22,24,23.406000,17.246000,-6.160000,7k MALM
761,CSW24_hsp,23,20,24.521000,17.220000,-7.301000,13c MILAGE
761,CSW24_hsp,24,23,23.622000,15.289000,-8.333000,d3 LAMMING
761,CSW24_hsp,25,25,22.669000,15.267000,-7.402000,14f MARA
327,CSW24_hsp,1,1,45.335000,43.479000,-1.856000,4g AJIS
327,CSW24_hsp,2,2,42.882000,41.105000,-1.777000,12c JAPED
327,CSW24_hsp,3,3,36.356000,34.126000,-2.230000,f2 JAPED
327,CSW24_hsp,4,4,35.968000,33.838000,-2.130000,6d JAM
327,CSW24_hsp,5,5,34.520000,31.611000,-2.909000,f2 JAPE
327,CSW24_hsp,6,7,33.699000,31.475000,-2.224000,12c IMPED
327,CSW24_hsp,7,6,33.882000,31.227000,-2.655000,12b JAPED
327,CSW24_hsp,8,8,32.583000,30.549000,-2.034000,6d PIMA
327,CSW24_hsp,9,9,31.583000,29.605000,-1.978000,4f PIMAS
327,CSW24_hsp,10,10,31.157000,29.350000,-1.807000,6f MADID
327,CSW24_hsp,11,14,30.285000,28.602000,-1.683000,6d AIMED
327,CSW24_hsp,12,11,30.659000,28.528000,-2.131000,6d DIME
327,CSW24_hsp,13,12,30.444000,28.334000,-2.110000,6f MAP
327,CSW24_hsp,14,13,30.310000,28.047000,-2.263000,12c AMPED
327,CSW24_hsp,15,18,29.659000,27.728000,-1.931000,6e IDEM
327,CSW24_hsp,16,15,30.059000,27.322000,-2.737000,d1 IMP
327,CSW24_hsp,17,19,29.490000,27.197000,-2.293000,6d DIM
327,CSW24_hsp,18,20,29.444000,27.133000,-2.311000,6d PAM
327,CSW24_hsp,19,16,30.020000,27.096000,-2.924000,f2 JADE
327,CSW24_hsp,20,22,28.977000,26.799000,-2.178000,6d JADE
327,CSW24_hsp,21,21,29.231000,26.665000,-2.566000,12c JAPE
327,CSW24_hsp,22,23,28.659000,26.635000,-2.024000,4f DIMES
327,CSW24_hsp,23,25,28.285000,26.631000,-1.654000,4e AMIDES
327,CSW24_hsp,24,24,28.421000,26.056000,-2.365000,12d PIED
327,CSW24_hsp,25,27,27.421000,25.302000,-2.119000,4f PEDIS
736,CSW24_hsp,1,1,34.302000,28.381000,-5.921000,e2 VILLI
736,CSW24_hsp,2,2,32.331000,25.564000,-6.767000,5k WILI
736,CSW24_hsp,3,3,30.327000,24.716000,-5.611000,l3 LI
736,CSW24_hsp,4,4,30.327000,24.359000,-5.968000,5f LI
736,CSW24_hsp,5,5,29.348000,23.722000,-5.626000,ex IILV
736,CSW24_hsp,6,6,29.327000,22.947000,-6.380000,f4 LIEGER
736,CSW24_hsp,7,8,28.327000,22.800000,-5.527000,4k TIL
736,CSW24_hsp,8,9,28.292000,22.666000,-5.626000,ex IIILLV
736,CSW24_hsp,9,10,28.032000,22.406000,-5.626000,ex IIILV
736,CSW24_hsp,10,7,29.327000,22.073000,-7.254000,g7 OBELI
736,CSW24_hsp,11,11,27.477000,21.851000,-5.626000,ex IILLV
736,CSW24_hsp,12,12,26.327000,20.559000,-5.768000,j3 LI
736,CSW24_hsp,13,13,26.010000,20.348000,-5.662000,4k TILL
736,CSW24_hsp,14,14,25.331000,19.705000,-5.626000,ex IIL
736,CSW24_hsp,15,19,24.805000,19.179000,-5.626000,ex IIV
736,CSW24_hsp,16,17,25.251000,19.143000,-6.108000,i9 AVI
736,CSW24_hsp,17,15,25.327000,18.870000,-6.457000,4i LIT
736,CSW24_hsp,18,18,25.010000,18.327000,-6.683000,5k WILL
736,CSW24_hsp,19,21,23.620000,18.163000,-5.457000,4k TI
736,CSW24_hsp,20,20,23.707000,18.081000,-5.626000,ex IILL
736,CSW24_hsp,21,16,25.327000,17.848000,-7.479000,i9 AIL
736,CSW24_hsp,22,23,22.327000,16.701000,-5.626000,ex IL
736,CSW24_hsp,23,22,23.010000,16.498000,-6.512000,4h LILT
736,CSW24_hsp,24,24,21.686000,16.060000,-5.626000,ex ILV
736,CSW24_hsp,25,27,21.568000,15.942000,-5.626000,ex IIIV
1085,CSW24_hsp,1,1,27.255000,19.441000,-7.814000,14a REDTOP
1085,CSW24_hsp,2,3,22.774000,18.686000,-4.088000,3g PEG
1085,CSW24_hsp,3,4,22.405000,18.007000,-4.398000,b7 GO
1085,CSW24_hsp,4,2,24.082000,17.429000,-6.653000,3b PROTEGE
1085,CSW24_hsp,5,6,21.769000,17.375000,-4.394000,i1 GOD
1085,CSW24_hsp,6,7,21.313000,16.994000,-4.319000,3g DEG
1085,CSW24_hsp,7,8,21.313000,16.968000,-4.345000,3g GED
1085,CSW24_hsp,8,5,21.769000,16.908000,-4.861000,g1 GOD
1085,CSW24_hsp,9,9,21.301000,15.855000,-5.446000,2f PONG
1085,CSW24_hsp,10,13,19.996000,15.776000,-4.220000,b13 DEG
1085,CSW24_hsp,11,11,20.782000,15.635000,-5.147000,g1 TOP
1085,CSW24_hsp,12,14,19.405000,15.134000,-4.271000,ex G
1085,CSW24_hsp,13,16,19.108000,14.725000,-4.383000,3g TEG
1085,CSW24_hsp,14,15,19.108000,14.711000,-4.397000,3g GET
1085,CSW24_hsp,15,12,20.506000,14.192000,-6.314000,5g GROPED
1085,CSW24_hsp,16,20,18.473000,13.965000,-4.508000,i1 GOT
1085,CSW24_hsp,17,19,18.473000,13.536000,-4.937000,g1 GOT
1085,CSW24_hsp,18,17,18.630000,13.414000,-5.216000,g1 DOP
1085,CSW24_hsp,19,29,16.996000,12.678000,-4.318000,i1 GED
1085,CSW24_hsp,20,21,18.438000,12.332000,-6.106000,3d PODGE
1085,CSW24_hsp,21,28,16.996000,12.195000,-4.801000,g1 GED
1085,CSW24_hsp,22,22,17.936000,12.047000,-5.889000,5g DROPT
1085,CSW24_hsp,23,24,17.769000,11.957000,-5.812000,2f DONG
1085,CSW24_hsp,24,23,17.849000,11.725000,-6.124000,4h CODGER
1085,CSW24_hsp,25,25,17.402000,11.668000,-5.734000,3d GORPED
959,CSW24_hsp,1,1,27.950000,20.198000,-7.752000,c1 BEG
959,CSW24_hsp,2,2,27.950000,20.057000,-7.893000,10j BIG
959,CSW24_hsp,3,6,26.562000,18.725000,-7.837000,c1 BERG
959,CSW24_hsp,4,4,27.192000,18.028000,-9.164000,13g BIG
959,CSW24_hsp,5,5,26.580000,17.963000,-8.617000,c1 BEGIRT
959,CSW24_hsp,6,7,25.950000,17.819000,-8.131000,10j GIB
959,CSW24_hsp,7,3,27.253000,17.611000,-9.642000,d8 GRIPT
959,CSW24_hsp,8,8,25.523000,16.556000,-8.967000,13g GIP
959,CSW24_hsp,9,10,24.950000,16.192000,-8.758000,i11 GUB
959,CSW24_hsp,10,9,25.305000,15.583000,-9.722000,13f BRIG
959,CSW24_hsp,11,12,24.305000,15.315000,-8.990000,5e BRING
959,CSW24_hsp,12,11,24.772000,15.289000,-9.483000,13f GRIP
959,CSW24_hsp,13,13,23.950000,15.254000,-8.696000,i11 BUG
959,CSW24_hsp,14,17,22.506000,14.803000,-7.703000,c1 PEG
959,CSW24_hsp,15,18,22.506000,14.514000,-7.992000,10j PIG
959,CSW24_hsp,16,14,23.523000,14.476000,-9.047000,13g PIG
959,CSW24_hsp,17,16,22.562000,14.413000,-8.149000,i10 GRUB
959,CSW24_hsp,18,22,21.562000,13.647000,-7.915000,10i BRIG
959,CSW24_hsp,19,15,22.787000,13.308000,-9.479000,h11 GLIBS
959,CSW24_hsp,20,20,21.950000,13.089000,-8.861000,4g GIB
959,CSW24_hsp,21,19,21.950000,13.040000,-8.910000,4g BIG
959,CSW24_hsp,22,26,20.506000,12.340000,-8.166000,10j GIP
959,CSW24_hsp,23,21,21.772000,12.134000,-9.638000,13f PRIG
959,CSW24_hsp,24,23,20.919000,11.458000,-9.461000,h11 BLIPS
959,CSW24_hsp,25,24,20.787000,11.344000,-9.443000,d8 BRIGS
1060,CSW24_hsp,1,2,55.093000,51.837000,-3.256000,7g DAW
1060,CSW24_hsp,2,1,58.585000,51.310000,-7.275000,f6 TAXIWAY
1060,CSW24_hsp,3,3,54.142000,49.967000,-4.175000,7g DAWT
1060,CSW24_hsp,4,4,54.093000,49.847000,-4.246000,e8 ADAW
1060,CSW24_hsp,5,6,50.859000,47.897000,-2.962000,9e WIFTY
1060,CSW24_hsp,6,7,50.613000,47.537000,-3.076000,7g DAY
1060,CSW24_hsp,7,5,51.375000,46.624000,-4.751000,e8 ADYTA
1060,CSW24_hsp,8,8,50.571000,45.958000,-4.613000,9b TWA
1060,CSW24_hsp,9,15,45.502000,42.195000,-3.307000,7g DA
1060,CSW24_hsp,10,13,45.671000,41.483000,-4.188000,9c TA
1060,CSW24_hsp,11,12,46.671000,41.395000,-5.276000,f6 TAXI
1060,CSW24_hsp,12,10,47.847000,40.849000,-6.998000,7h WADY
1060,CSW24_hsp,13,18,44.854000,40.590000,-4.264000,e7 WADY
1060,CSW24_hsp,14,21,44.126000,39.947000,-4.179000,9c YA
1060,CSW24_hsp,15,11,46.887000,39.860000,-7.027000,7h TWAY
1060,CSW24_hsp,16,14,45.571000,39.842000,-5.729000,e5 TAWA
1060,CSW24_hsp,17,32,42.883000,39.805000,-3.078000,9e DIF
1060,CSW24_hsp,18,28,43.502000,39.405000,-4.097000,9c DA
1060,CSW24_hsp,19,16,45.030000,38.861000,-6.169000,7h WAY
1060,CSW24_hsp,20,31,43.048000,38.856000,-4.192000,d8 JAW
1060,CSW24_hsp,21,17,45.030000,38.707000,-6.323000,7h YAW
1060,CSW24_hsp,22,24,43.671000,38.664000,-5.007000,d6 TAJ
1060,CSW24_hsp,23,19,44.375000,37.942000,-6.433000,e4 ADYTA
1060,CSW24_hsp,24,20,44.250000,37.786000,-6.464000,9b AWA
1060,CSW24_hsp,25,29,43.414000,37.730000,-5.684000,7g DATA
19,CSW24_hsp,1,1,67.000000,53.026000,-13.974000,i7 UNHEARSE
19,CSW24_hsp,2,3,53.361000,45.879000,-7.482000,4i HAZE
19,CSW24_hsp,3,2,53.989000,45.674000,-8.315000,l2 HUE
19,CSW24_hsp,4,8,47.561000,39.922000,-7.639000,4i HAZER
19,CSW24_hsp,5,6,48.061000,39.464000,-8.597000,l2 AUE
19,CSW24_hsp,6,5,48.361000,38.736000,-9.625000,l2 HAE
19,CSW24_hsp,7,4,50.561000,38.357000,-12.204000,l1 HARE
19,CSW24_hsp,8,10,45.396000,36.950000,-8.446000,l3 HE
19,CSW24_hsp,9,12,44.430000,36.101000,-8.329000,4j AZURE
19,CSW24_hsp,10,7,47.601000,35.441000,-12.160000,l1 HERE
19,CSW24_hsp,11,14,43.044000,34.375000,-8.669000,l2 RUE
19,CSW24_hsp,12,9,46.430000,33.674000,-12.756000,l1 UREA
19,CSW24_hsp,13,16,41.628000,33.346000,-8.282000,l3 HA
19,CSW24_hsp,14,15,43.044000,33.280000,-9.764000,l2 URE
19,CSW24_hsp,15,19,40.162000,32.502000,-7.660000,4i HAZES
19,CSW24_hsp,16,18,41.013000,32.336000,-8.677000,l3 EA
19,CSW24_hsp,17,11,44.561000,32.174000,-12.387000,l1 RHEA
19,CSW24_hsp,18,17,41.013000,31.795000,-9.218000,l3 AE
19,CSW24_hsp,19,20,39.013000,30.900000,-8.113000,4k ZEA
19,CSW24_hsp,20,21,38.989000,30.594000,-8.395000,m8 HUE
19,CSW24_hsp,21,13,43.191000,30.266000,-12.925000,4a ARUHE
19,CSW24_hsp,22,24,37.774000,30.022000,-7.752000,4i HAZERS
19,CSW24_hsp,23,23,38.197000,28.466000,-9.731000,h1 HUERS
19,CSW24_hsp,24,22,38.197000,28.345000,-9.852000,h1 ERHUS
19,CSW24_hsp,25,28,36.326000,28.206000,-8.120000,4c UH
1021,CSW24_hsp,1,1,30.376000,21.984000,-8.392000,c7 FRANION
1021,CSW24_hsp,2,2,29.792000,21.379000,-8.413000,c3 NONFARM
1021,CSW24_hsp,3,4,22.137000,17.063000,-5.074000,7e NOMA
1021,CSW24_hsp,4,5,21.904000,16.739000,-5.165000,9d AMNIO
1021,CSW24_hsp,5,6,21.356000,16.490000,-4.866000,7e FOAM
1021,CSW24_hsp,6,8,21.137000,15.408000,-5.729000,9d MANO
1021,CSW24_hsp,7,11,20.268000,14.641000,-5.627000,7e NOM
1021,CSW24_hsp,8,7,21.242000,13.810000,-7.432000,e5 FONE
1021,CSW24_hsp,9,13,18.962000,13.541000,-5.421000,9d MANI
1021,CSW24_hsp,10,3,22.683000,13.296000,-9.387000,e6 FOEMAN
1021,CSW24_hsp,11,15,18.766000,11.803000,-6.963000,e5 NIFE
1021,CSW24_hsp,12,14,18.766000,11.781000,-6.985000,e5 FINE
1021,CSW24_hsp,13,9,20.752000,11.751000,-9.001000,e3 FAMINE
1021,CSW24_hsp,14,21,17.254000,11.712000,-5.542000,9g OF
1021,CSW24_hsp,15,10,20.752000,11.696000,-9.056000,e3 INFAME
1021,CSW24_hsp,16,23,16.268000,11.027000,-5.241000,7f NOM
1021,CSW24_hsp,17,12,19.511000,10.892000,-8.619000,c7 IRONMAN
1021,CSW24_hsp,18,29,15.991000,10.831000,-5.160000,9g IF
1021,CSW24_hsp,19,20,17.356000,10.679000,-6.677000,7b FOAM
1021,CSW24_hsp,20,16,18.459000,10.675000,-7.784000,f6 FAUN
1021,CSW24_hsp,21,30,15.962000,10.555000,-5.407000,9e AMIN
1021,CSW24_hsp,22,24,16.268000,10.427000,-5.841000,9f MON
1021,CSW24_hsp,23,25,16.254000,10.423000,-5.831000,7d OF
1021,CSW24_hsp,24,19,17.459000,9.965000,-7.494000,e5 FANE
1021,CSW24_hsp,25,26,16.254000,9.906000,-6.348000,9d OF
715,CSW24_hsp,1,1,68.000000,56.962000,-11.038000,12c ATTESTOR
715,CSW24_hsp,2,2,68.000000,56.921000,-11.079000,12c TESTATOR
715,CSW24_hsp,3,3,30.012000,21.566000,-8.446000,n3 TANTO
715,CSW24_hsp,4,5,28.259000,21.040000,-7.219000,9g TO
715,CSW24_hsp,5,18,25.259000,18.190000,-7.069000,m4 OAT
715,CSW24_hsp,6,7,28.012000,18.058000,-9.954000,12h TORTA
715,CSW24_hsp,7,6,28.012000,17.926000,-10.086000,12h TAROT
715,CSW24_hsp,8,10,27.402000,17.706000,-9.696000,13j STOAT
715,CSW24_hsp,9,20,24.734000,17.543000,-7.191000,9g TA
715,CSW24_hsp,10,12,26.249000,17.454000,-8.795000,13j STOT
715,CSW24_hsp,11,8,27.854000,17.060000,-10.794000,13j STATTO
715,CSW24_hsp,12,16,25.967000,16.840000,-9.127000,12i TROT
715,CSW24_hsp,13,26,24.161000,16.405000,-7.756000,k3 TATT
715,CSW24_hsp,14,34,23.259000,16.191000,-7.068000,h7 THO
715,CSW24_hsp,15,11,27.012000,16.149000,-10.863000,i4 TOTAL
715,CSW24_hsp,16,17,25.651000,16.039000,-9.612000,9e TOTE
715,CSW24_hsp,17,13,26.191000,15.984000,-10.207000,m8 STATTO
715,CSW24_hsp,18,52,22.685000,15.962000,-6.723000,m3 TEAT
715,CSW24_hsp,19,28,23.892000,15.951000,-7.941000,7f TAO
715,CSW24_hsp,20,15,25.967000,15.894000,-10.073000,i11 TOT
715,CSW24_hsp,21,14,26.012000,15.708000,-10.304000,12i TROAT
715,CSW24_hsp,22,35,23.259000,15.492000,-7.767000,h8 HOT
715,CSW24_hsp,23,32,23.259000,15.395000,-7.864000,k3 TOT
715,CSW24_hsp,24,24,24.292000,14.955000,-9.337000,k11 TEAT
715,CSW24_hsp,25,23,24.362000,14.872000,-9.490000,13j STOTT
1116,CSW24_hsp,1,1,15.362000,13.884000,-1.478000,l2 UNSOUL
1116,CSW24_hsp,2,2,12.315000,10.034000,-2.281000,1j OUNCE
1116,CSW24_hsp,3,3,11.358000,9.731000,-1.627000,f12 LUAU
1116,CSW24_hsp,4,4,11.010000,9.610000,-1.400000,1j OU
1116,CSW24_hsp,5,5,10.213000,8.719000,-1.494000,5g UlNAE
1116,CSW24_hsp,6,6,9.400000,7.911000,-1.489000,l2 ENSOUL
1116,CSW24_hsp,7,7,8.857000,7.262000,-1.595000,k4 DOULA
1116,CSW24_hsp,8,8,8.542000,7.129000,-1.413000,f11 ALU
1116,CSW24_hsp,9,9,8.010000,6.749000,-1.261000,k3 UDO
1116,CSW24_hsp,10,12,8.010000,6.738000,-1.272000,l7 OU
1116,CSW24_hsp,11,10,8.010000,6.628000,-1.382000,k4 DUO
1116,CSW24_hsp,12,11,8.010000,6.494000,-1.516000,i6 OU
1116,CSW24_hsp,13,13,8.010000,6.456000,-1.554000,13m OU
1116,CSW24_hsp,14,14,7.343000,5.991000,-1.352000,l6 ULU
1116,CSW24_hsp,15,15,7.010000,5.514000,-1.496000,l4 SOU
1116,CSW24_hsp,16,18,6.202000,5.334000,-0.868000,k4 DOUN
1116,CSW24_hsp,17,16,6.526000,4.923000,-1.603000,f12 LOU
1116,CSW24_hsp,18,17,6.202000,4.799000,-1.403000,k3 UDON
1116,CSW24_hsp,19,19,6.010000,4.511000,-1.499000,11m OU
1116,CSW24_hsp,20,20,5.865000,4.465000,-1.400000,j4 LUAU
1116,CSW24_hsp,21,21,5.526000,3.935000,-1.591000,l4 SOUL
1116,CSW24_hsp,22,24,4.787000,3.735000,-1.052000,ex OUU
1116,CSW24_hsp,23,23,5.010000,3.647000,-1.363000,c5 OU
1116,CSW24_hsp,24,22,5.010000,3.557000,-1.453000,j4 LOU
1116,CSW24_hsp,25,25,4.477000,2.884000,-1.593000,f12 LOUN
373,CSW24_hsp,1,1,34.891000,30.209000,-4.682000,h1 MALOTI
373,CSW24_hsp,2,2,34.104000,29.383000,-4.721000,h1 MANITO
373,CSW24_hsp,3,6,29.109000,25.698000,-3.411000,f8 JOL
373,CSW24_hsp,4,4,29.355000,25.644000,-3.711000,j4 OLM
373,CSW24_hsp,5,5,29.348000,24.978000,-4.370000,j5 OM
373,CSW24_hsp,6,3,29.376000,24.667000,-4.709000,h1 LATINO
373,CSW24_hsp,7,7,28.355000,24.118000,-4.237000,10d MOL
373,CSW24_hsp,8,8,27.242000,23.164000,-4.078000,10d LOT
373,CSW24_hsp,9,9,26.717000,22.387000,-4.330000,j4 TOM
373,CSW24_hsp,10,11,26.348000,22.290000,-4.058000,f8 JOMO
373,CSW24_hsp,11,13,25.717000,21.586000,-4.131000,10d MOT
373,CSW24_hsp,12,10,26.519000,21.556000,-4.963000,j3 LOAM
373,CSW24_hsp,13,12,26.078000,21.338000,-4.740000,10c MOIL
373,CSW24_hsp,14,19,24.786000,21.333000,-3.453000,f8 JOT
373,CSW24_hsp,15,22,24.581000,21.236000,-3.345000,6i MM
373,CSW24_hsp,16,14,25.509000,21.193000,-4.316000,j4 LAM
373,CSW24_hsp,17,20,24.766000,20.914000,-3.852000,10d LIT
373,CSW24_hsp,18,16,25.338000,20.781000,-4.557000,j5 AM
373,CSW24_hsp,19,21,24.766000,20.773000,-3.993000,10d TIL
373,CSW24_hsp,20,15,25.461000,20.757000,-4.704000,10c TOIL
373,CSW24_hsp,21,17,24.957000,20.641000,-4.316000,10d OIL
373,CSW24_hsp,22,18,24.888000,20.607000,-4.281000,j4 NOM
373,CSW24_hsp,23,27,23.546000,19.876000,-3.670000,j4 LIMN
373,CSW24_hsp,24,26,23.808000,19.674000,-4.134000,10d NOT
373,CSW24_hsp,25,30,23.348000,19.460000,-3.888000,j6 OM
328,CSW24_hsp,1,1,26.904000,21.690000,-5.214000,j3 PEGHS
328,CSW24_hsp,2,2,25.598000,20.429000,-5.169000,j4 FEHS
328,CSW24_hsp,3,4,23.187000,18.033000,-5.154000,j4 PEHS
328,CSW24_hsp,4,3,23.247000,16.651000,-6.596000,10h PEGH
328,CSW24_hsp,5,6,21.594000,16.602000,-4.992000,j4 FEGS
328,CSW24_hsp,6,7,21.232000,16.137000,-5.095000,j4 NEFS
328,CSW24_hsp,7,5,22.083000,16.120000,-5.963000,10h PEH
328,CSW24_hsp,8,8,21.187000,16.090000,-5.097000,j4 HEPS
328,CSW24_hsp,9,9,20.508000,15.467000,-5.041000,j5 EFS
328,CSW24_hsp,10,11,20.426000,15.297000,-5.129000,6i FEG
328,CSW24_hsp,11,12,19.830000,14.481000,-5.349000,6i FEH
328,CSW24_hsp,12,10,20.480000,13.955000,-6.525000,10h PENG
328,CSW24_hsp,13,13,19.247000,13.590000,-5.657000,6i PEGH
328,CSW24_hsp,14,14,18.480000,12.580000,-5.900000,6i PENG
328,CSW24_hsp,15,15,17.490000,11.970000,-5.520000,g6 FAWN
328,CSW24_hsp,16,20,16.812000,11.817000,-4.995000,j4 PEGS
328,CSW24_hsp,17,16,17.369000,11.540000,-5.829000,10h PEG
328,CSW24_hsp,18,22,16.206000,11.137000,-5.069000,j4 NEPS
328,CSW24_hsp,19,17,17.187000,11.134000,-6.053000,j5 HESP
328,CSW24_hsp,20,23,15.320000,10.836000,-4.484000,ex FGN
328,CSW24_hsp,21,21,16.587000,10.727000,-5.860000,6i EF
328,CSW24_hsp,22,18,17.187000,10.627000,-6.560000,10h PEHS
328,CSW24_hsp,23,19,16.904000,10.104000,-6.800000,10h PEGHS
328,CSW24_hsp,24,28,14.474000,9.990000,-4.484000,ex FGP
328,CSW24_hsp,25,29,14.430000,9.946000,-4.484000,ex FGNP
296,CSW24_hsp,1,1,33.791000,30.713000,-3.078000,b8 NON
296,CSW24_hsp,2,3,30.993000,27.707000,-3.286000,n5 NEXUS
296,CSW24_hsp,3,4,30.216000,27.198000,-3.018000,b8 NOS
296,CSW24_hsp,4,5,30.216000,27.168000,-3.048000,b8 SON
296,CSW24_hsp,5,2,31.163000,26.872000,-4.291000,11a SONNE
296,CSW24_hsp,6,6,29.286000,26.598000,-2.688000,m1 ISOS
296,CSW24_hsp,7,9,28.867000,25.477000,-3.390000,b9 ON
296,CSW24_hsp,8,7,29.216000,25.281000,-3.935000,11a SON
296,CSW24_hsp,9,10,28.791000,25.199000,-3.592000,3l NON
296,CSW24_hsp,10,11,28.216000,24.604000,-3.612000,b9 ONS
296,CSW24_hsp,11,12,27.926000,24.418000,-3.508000,b8 NOELS
296,CSW24_hsp,12,15,27.216000,24.076000,-3.140000,d1 NOBS
296,CSW24_hsp,13,14,27.867000,23.827000,-4.040000,9f NO
296,CSW24_hsp,14,13,27.926000,23.585000,-4.341000,b8 NOLES
296,CSW24_hsp,15,19,26.926000,23.340000,-3.586000,d3 BELONS
296,CSW24_hsp,16,18,26.926000,23.312000,-3.614000,d1 NOBLES
296,CSW24_hsp,17,25,26.881000,23.049000,-3.832000,l1 PINE
296,CSW24_hsp,18,30,26.108000,22.907000,-3.201000,b8 NOEL
296,CSW24_hsp,19,16,27.163000,22.795000,-4.368000,b8 NONES
296,CSW24_hsp,20,31,26.108000,22.175000,-3.933000,b8 NOLE
296,CSW24_hsp,21,26,26.163000,22.126000,-4.037000,d3 BONNES
296,CSW24_hsp,22,17,27.163000,22.112000,-5.051000,b8 SONNE
296,CSW24_hsp,23,36,25.216000,21.727000,-3.489000,10m SON
296,CSW24_hsp,24,41,24.867000,21.713000,-3.154000,2n ON
296,CSW24_hsp,25,33,25.685000,21.701000,-3.984000,b8 NONE
527,CSW24_hsp,1,1,68.000000,61.225000,-6.775000,11b RONDELET
527,CSW24_hsp,2,2,61.000000,53.081000,-7.919000,m3 TOLTERED
527,CSW24_hsp,3,3,60.000000,51.977000,-8.023000,m1 DOTTEREL
527,CSW24_hsp,4,4,30.932000,25.162000,-5.770000,f6 DEB
527,CSW24_hsp,5,5,30.788000,24.859000,-5.929000,f6 LOB
527,CSW24_hsp,6,6,29.972000,24.202000,-5.770000,f6 DOB
527,CSW24_hsp,7,8,28.438000,22.496000,-5.942000,e10 DELO
527,CSW24_hsp,8,7,28.788000,22.014000,-6.774000,9g ZOL
527,CSW24_hsp,9,10,27.774000,21.129000,-6.645000,9g ZEL
527,CSW24_hsp,10,9,27.788000,20.855000,-6.933000,h8 DOL
527,CSW24_hsp,11,11,27.438000,20.232000,-7.206000,h8 DOLED
527,CSW24_hsp,12,12,26.774000,19.729000,-7.045000,h8 DEL
527,CSW24_hsp,13,14,25.398000,19.185000,-6.213000,c9 ERODE
527,CSW24_hsp,14,13,25.774000,19.039000,-6.735000,k2 LIFE
527,CSW24_hsp,15,16,24.969000,18.546000,-6.423000,9g ZE
527,CSW24_hsp,16,20,24.515000,18.270000,-6.245000,c10 DOTE
527,CSW24_hsp,17,19,24.694000,18.213000,-6.481000,c10 DOTER
527,CSW24_hsp,18,28,24.064000,18.074000,-5.990000,e10 LED
527,CSW24_hsp,19,17,24.932000,18.030000,-6.902000,9g ZED
527,CSW24_hsp,20,21,24.488000,17.983000,-6.505000,9g ZO
527,CSW24_hsp,21,27,24.064000,17.927000,-6.137000,e10 DEL
527,CSW24_hsp,22,31,23.680000,17.628000,-6.052000,e10 DOL
527,CSW24_hsp,23,32,23.680000,17.625000,-6.055000,e10 LOD
527,CSW24_hsp,24,38,23.444000,17.424000,-6.020000,e10 DERO
527,CSW24_hsp,25,39,23.444000,17.317000,-6.127000,e10 REDO
848,CSW24_hsp,1,1,40.041000,31.494000,-8.547000,h12 WIND
848,CSW24_hsp,2,2,38.824000,30.043000,-8.781000,h12 WAND
848,CSW24_hsp,3,3,36.643000,28.163000,-8.480000,h12 WINN
848,CSW24_hsp,4,4,27.012000,20.192000,-6.820000,15c TWAIN
848,CSW24_hsp,5,5,25.012000,15.868000,-9.144000,h11 WINNA
848,CSW24_hsp,6,6,24.312000,15.552000,-8.760000,15a WIT
848,CSW24_hsp,7,7,22.430000,13.916000,-8.514000,h12 CANN
848,CSW24_hsp,8,8,21.474000,11.669000,-9.805000,15c TWA
848,CSW24_hsp,9,16,19.391000,10.609000,-8.782000,15a CIT
848,CSW24_hsp,10,29,13.508000,7.331000,-6.177000,15a DITA
848,CSW24_hsp,11,9,21.446000,6.534000,-14.912000,6g CAID
848,CSW24_hsp,12,12,21.107000,6.307000,-14.800000,9c WAT
848,CSW24_hsp,13,10,21.387000,6.178000,-15.209000,6g CAIRD
848,CSW24_hsp,14,11,21.225000,5.998000,-15.227000,6g CAIRN
848,CSW24_hsp,15,13,20.171000,5.209000,-14.962000,6g CAIN
848,CSW24_hsp,16,15,19.944000,4.990000,-14.954000,g7 UPWIND
848,CSW24_hsp,17,28,13.569000,4.155000,-9.414000,h11 DINNA
848,CSW24_hsp,18,38,12.340000,3.573000,-8.767000,15h AIRN
848,CSW24_hsp,19,18,18.609000,3.335000,-15.274000,g7 UPWARD
848,CSW24_hsp,20,39,12.097000,3.209000,-8.888000,h12 RIND
848,CSW24_hsp,21,17,18.877000,2.895000,-15.982000,6i INWARD
848,CSW24_hsp,22,60,10.088000,2.749000,-7.339000,15c TRIAD
848,CSW24_hsp,23,14,19.944000,2.477000,-17.467000,g3 WINDUP
848,CSW24_hsp,24,20,17.387000,2.286000,-15.101000,13i ACRID
848,CSW24_hsp,25,55,10.508000,1.866000,-8.642000,15h AID
879,CSW24_hsp,1,1,90.000000,84.380000,-5.620000,15a ORIENTEER
879,CSW24_hsp,2,2,41.064000,33.761000,-7.303000,3b NINE
879,CSW24_hsp,3,3,38.380000,31.090000,-7.290000,3b TINE
879,CSW24_hsp,4,4,36.919000,29.604000,-7.315000,3b RINE
879,CSW24_hsp,5,5,36.380000,28.719000,-7.661000,3a TEIN
879,CSW24_hsp,6,6,35.760000,28.487000,-7.273000,3b EINE
879,CSW24_hsp,7,7,35.358000,27.761000,-7.597000,3a TRINE
879,CSW24_hsp,8,8,34.919000,27.304000,-7.615000,3a REIN
879,CSW24_hsp,9,9,32.492000,25.047000,-7.445000,3c IN
879,CSW24_hsp,10,10,31.652000,24.367000,-7.285000,3c INN
879,CSW24_hsp,11,11,29.163000,21.850000,-7.313000,3b TIN
879,CSW24_hsp,12,12,29.163000,21.845000,-7.318000,3c INT
879,CSW24_hsp,13,13,27.938000,19.657000,-8.281000,7d ON
879,CSW24_hsp,14,15,26.463000,19.128000,-7.335000,3b RIN
879,CSW24_hsp,15,14,26.938000,18.693000,-8.245000,4f KO
879,CSW24_hsp,16,18,26.423000,18.574000,-7.849000,j10 OE
879,CSW24_hsp,17,16,26.423000,18.410000,-8.013000,2j OE
879,CSW24_hsp,18,17,26.423000,18.371000,-8.052000,f10 OE
879,CSW24_hsp,19,19,25.938000,17.534000,-8.404000,11d OO
879,CSW24_hsp,20,21,25.716000,17.465000,-8.251000,7d EN
879,CSW24_hsp,21,22,25.716000,17.420000,-8.296000,9d EA
879,CSW24_hsp,22,23,25.423000,17.327000,-8.096000,7c EON
879,CSW24_hsp,23,30,24.746000,17.052000,-7.694000,3a TRIN
879,CSW24_hsp,24,28,24.938000,16.824000,-8.114000,10e TO
879,CSW24_hsp,25,26,24.938000,16.814000,-8.124000,8a PO
217,CSW24_hsp,1,1,63.607000,51.979000,-11.628000,h12 AJEE
217,CSW24_hsp,2,2,56.437000,43.698000,-12.739000,j9 JOE
217,CSW24_hsp,3,4,52.073000,41.077000,-10.996000,5d JIAO
217,CSW24_hsp,4,3,54.607000,38.774000,-15.833000,l12 AJEE
217,CSW24_hsp,5,5,50.139000,36.932000,-13.207000,8k EJIdO
217,CSW24_hsp,6,8,48.437000,35.727000,-12.710000,l3 JOE
217,CSW24_hsp,7,6,48.607000,35.592000,-13.015000,l2 AJEE
217,CSW24_hsp,8,9,48.437000,35.158000,-13.279000,5d JOE
217,CSW24_hsp,9,7,48.607000,34.967000,-13.640000,5c AJEE
217,CSW24_hsp,10,10,48.265000,33.837000,-14.428000,f8 FEIJOA
217,CSW24_hsp,11,14,44.098000,33.499000,-10.599000,5e JAI
217,CSW24_hsp,12,11,46.098000,33.394000,-12.704000,l12 AJI
217,CSW24_hsp,13,13,44.567000,32.021000,-12.546000,j9 JO
217,CSW24_hsp,14,12,44.607000,31.675000,-12.932000,9d AJEE
217,CSW24_hsp,15,15,43.989000,31.211000,-12.778000,l3 JEE
217,CSW24_hsp,16,16,43.989000,30.595000,-13.394000,5d JEE
217,CSW24_hsp,17,24,40.989000,29.634000,-11.355000,9e JEE
217,CSW24_hsp,18,23,41.263000,29.232000,-12.031000,12h ASIDE
217,CSW24_hsp,19,18,42.098000,28.818000,-13.280000,l3 JAI
217,CSW24_hsp,20,17,42.098000,28.512000,-13.586000,l3 AJI
217,CSW24_hsp,21,29,39.073000,27.366000,-11.707000,g8 RIOJA
217,CSW24_hsp,22,26,39.868000,26.987000,-12.881000,j10 OE
217,CSW24_hsp,23,22,41.437000,26.682000,-14.755000,9d JOE
217,CSW24_hsp,24,25,40.257000,26.580000,-13.677000,12e AJIES
217,CSW24_hsp,25,19,42.098000,26.270000,-15.828000,7k HAJI
137,CSW24_hsp,1,1,58.074000,54.078000,-3.996000,4h ZINNIA
137,CSW24_hsp,2,2,53.969000,51.268000,-2.701000,5e ZA
137,CSW24_hsp,3,3,52.082000,48.456000,-3.626000,4h ZINNIAS
137,CSW24_hsp,4,4,50.969000,47.744000,-3.225000,i3 ZA
137,CSW24_hsp,5,5,47.399000,43.887000,-3.512000,3i ZEINS
137,CSW24_hsp,6,6,46.014000,43.719000,-2.295000,5e ZAS
137,CSW24_hsp,7,8,43.885000,39.952000,-3.933000,13j ZAYIN
137,CSW24_hsp,8,9,43.539000,39.436000,-4.103000,13c DIZAIN
137,CSW24_hsp,9,10,43.235000,39.153000,-4.082000,b1 ZIN
137,CSW24_hsp,10,11,42.555000,38.982000,-3.573000,3i ZEDAS
137,CSW24_hsp,11,12,42.413000,38.821000,-3.592000,e2 AZIDE
137,CSW24_hsp,12,7,44.074000,38.110000,-5.964000,2c DIAZIN
137,CSW24_hsp,13,13,42.413000,37.959000,-4.454000,13b ZAIDA
137,CSW24_hsp,14,14,40.690000,36.506000,-4.184000,m13 ADZ
137,CSW24_hsp,15,15,40.074000,35.933000,-4.141000,4g ZINNIA
137,CSW24_hsp,16,17,39.051000,34.549000,-4.502000,k6 DI
137,CSW24_hsp,17,18,39.027000,34.272000,-4.755000,4h ZIN
137,CSW24_hsp,18,21,38.480000,34.268000,-4.212000,10h NID
137,CSW24_hsp,19,26,37.885000,34.176000,-3.709000,e2 AZINE
137,CSW24_hsp,20,16,39.413000,33.971000,-5.442000,3f AZIDE
137,CSW24_hsp,21,23,38.235000,33.906000,-4.329000,d1 ZIN
137,CSW24_hsp,22,19,38.486000,33.864000,-4.622000,4a DIVAN
137,CSW24_hsp,23,29,37.599000,33.796000,-3.803000,k4 AND
137,CSW24_hsp,24,20,38.486000,33.748000,-4.738000,4a DIVNA
137,CSW24_hsp,25,22,38.432000,33.738000,-4.694000,4j NAZI
602,CSW24_hsp,1,1,69.000000,56.538000,-12.462000,6b RUSTRED
602,CSW24_hsp,2,2,69.000000,56.438000,-12.562000,6c RUSTRED
602,CSW24_hsp,3,3,39.667000,27.669000,-11.998000,a13 DUR
602,CSW24_hsp,4,4,38.667000,26.477000,-12.190000,a13 RUD
602,CSW24_hsp,5,6,36.667000,22.878000,-13.789000,6f DUR
602,CSW24_hsp,6,5,36.667000,22.288000,-14.379000,3l BURD
602,CSW24_hsp,7,7,35.667000,22.050000,-13.617000,6f RUD
602,CSW24_hsp,8,8,35.667000,22.009000,-13.658000,6f URD
602,CSW24_hsp,9,9,35.667000,21.752000,-13.915000,6g URD
602,CSW24_hsp,10,12,33.207000,20.908000,-12.299000,a13 RUT
602,CSW24_hsp,11,11,33.667000,20.879000,-12.788000,k9 URD
602,CSW24_hsp,12,15,32.667000,20.729000,-11.938000,5j DUAR
602,CSW24_hsp,13,16,32.667000,20.485000,-12.182000,5k DAUR
602,CSW24_hsp,14,10,33.933000,20.473000,-13.460000,6f TURD
602,CSW24_hsp,15,14,32.667000,19.582000,-13.085000,5i DURA
602,CSW24_hsp,16,13,33.012000,19.363000,-13.649000,6f DURR
602,CSW24_hsp,17,20,32.045000,18.968000,-13.077000,a5 URDE
602,CSW24_hsp,18,19,32.045000,18.896000,-13.149000,a5 RUDE
602,CSW24_hsp,19,18,32.045000,18.848000,-13.197000,a5 DURE
602,CSW24_hsp,20,24,31.667000,18.538000,-13.129000,m9 URD
602,CSW24_hsp,21,29,30.447000,18.375000,-12.072000,a12 TRUE
602,CSW24_hsp,22,22,31.933000,18.125000,-13.808000,15b TURD
602,CSW24_hsp,23,21,31.933000,17.983000,-13.950000,6e TURD
602,CSW24_hsp,24,27,30.667000,17.965000,-12.702000,9i DRUG
602,CSW24_hsp,25,17,32.207000,17.803000,-14.404000,3l BRUT
89,CSW24_hsp,1,1,48.214000,39.039000,-9.175000,n1 WILT
89,CSW24_hsp,2,2,46.835000,37.645000,-9.190000,n1 TWIT
89,CSW24_hsp,3,3,41.633000,35.495000,-6.138000,n2 WIT
89,CSW24_hsp,4,4,41.422000,35.350000,-6.072000,2a EWT
89,CSW24_hsp,5,8,37.380000,31.195000,-6.185000,11h LINT
89,CSW24_hsp,6,9,34.849000,30.466000,-4.383000,j9 NIT
89,CSW24_hsp,7,5,39.015000,29.600000,-9.415000,n1 TILT
89,CSW24_hsp,8,12,33.942000,28.828000,-5.114000,e8 ODAL
89,CSW24_hsp,9,6,38.078000,28.328000,-9.750000,n1 TINT
89,CSW24_hsp,10,15,33.192000,27.941000,-5.251000,e7 NODAL
89,CSW24_hsp,11,7,37.380000,27.877000,-9.503000,n1 LINT
89,CSW24_hsp,12,11,34.229000,27.718000,-6.511000,n2 TIL
89,CSW24_hsp,13,10,34.229000,27.668000,-6.561000,n2 LIT
89,CSW24_hsp,14,14,33.293000,27.116000,-6.177000,2a ELT
89,CSW24_hsp,15,13,33.849000,26.970000,-6.879000,4a VINT
89,CSW24_hsp,16,17,32.911000,26.610000,-6.301000,n2 TIT
89,CSW24_hsp,17,30,30.791000,26.553000,-4.238000,j9 NIL
89,CSW24_hsp,18,22,32.192000,26.372000,-5.820000,5j LUMEN
89,CSW24_hsp,19,24,31.842000,26.364000,-5.478000,2a EW
89,CSW24_hsp,20,23,32.158000,26.289000,-5.869000,ex LTW
89,CSW24_hsp,21,19,32.849000,26.236000,-6.613000,n2 NIT
89,CSW24_hsp,22,18,32.849000,25.780000,-7.069000,n2 INT
89,CSW24_hsp,23,26,31.146000,25.497000,-5.649000,4k FART
89,CSW24_hsp,24,27,31.090000,25.221000,-5.869000,ex LTTW
89,CSW24_hsp,25,29,30.942000,25.205000,-5.737000,h7 LEMEL
567,CSW24_hsp,1,1,37.614000,32.943000,-4.671000,3b QUEBEC
567,CSW24_hsp,2,2,33.614000,28.753000,-4.861000,13c QUEBEC
567,CSW24_hsp,3,4,31.381000,25.580000,-5.801000,n1 VIBE
567,CSW24_hsp,4,5,28.785000,24.241000,-4.544000,i3 QI
567,CSW24_hsp,5,3,31.614000,23.515000,-8.099000,13a QUEBEC
567,CSW24_hsp,6,6,25.993000,20.700000,-5.293000,5b QUBIt
567,CSW24_hsp,7,7,24.017000,19.075000,-4.942000,12c CIRQUE
567,CSW24_hsp,8,9,21.637000,16.239000,-5.398000,3c VIBE
567,CSW24_hsp,9,10,21.637000,15.892000,-5.745000,13b VIBE
567,CSW24_hsp,10,11,20.969000,15.580000,-5.389000,12c VERB
567,CSW24_hsp,11,12,20.706000,15.320000,-5.386000,10b QUIT
567,CSW24_hsp,12,15,19.964000,15.016000,-4.948000,10b QUITE
567,CSW24_hsp,13,8,22.381000,13.828000,-8.553000,2a VIBE
567,CSW24_hsp,14,20,18.372000,13.654000,-4.718000,12d CRUIVE
567,CSW24_hsp,15,16,18.726000,13.424000,-5.302000,3c CIVE
567,CSW24_hsp,16,17,18.726000,13.419000,-5.307000,3c VICE
567,CSW24_hsp,17,19,18.726000,13.227000,-5.499000,13b VICE
567,CSW24_hsp,18,18,18.726000,13.224000,-5.502000,13b CIVE
567,CSW24_hsp,19,13,20.070000,11.833000,-8.237000,2a CIVE
567,CSW24_hsp,20,14,20.070000,11.666000,-8.404000,2a VICE
567,CSW24_hsp,21,22,15.070000,9.541000,-5.529000,5b CIVEt
567,CSW24_hsp,22,21,16.638000,9.407000,-7.231000,n1 CUBE
567,CSW24_hsp,23,23,15.070000,9.396000,-5.674000,5b EVICt
567,CSW24_hsp,24,26,13.706000,8.396000,-5.310000,4d QUAI
567,CSW24_hsp,25,28,13.262000,7.878000,-5.384000,4d QUA
495,CSW24_hsp,1,1,53.869000,50.837000,-3.032000,8j DOWLNE
495,CSW24_hsp,2,2,45.778000,42.295000,-3.483000,8k LOWND
495,CSW24_hsp,3,3,44.969000,41.799000,-3.170000,8l WEND
495,CSW24_hsp,4,4,43.891000,40.763000,-3.128000,o4 WELDOR
495,CSW24_hsp,5,5,43.104000,39.914000,-3.190000,o4 WONDER
495,CSW24_hsp,6,6,42.694000,39.169000,-3.525000,8k ROWND
495,CSW24_hsp,7,7,38.869000,35.457000,-3.412000,o4 DOWLNE
495,CSW24_hsp,8,8,38.499000,34.870000,-3.629000,8k LOWNE
495,CSW24_hsp,9,9,37.104000,33.642000,-3.462000,o4 DOWNER
495,CSW24_hsp,10,10,36.869000,33.301000,-3.568000,o4 LOWNED
495,CSW24_hsp,11,11,35.877000,31.390000,-4.487000,12j NOW
495,CSW24_hsp,12,12,34.778000,31.094000,-3.684000,o5 LOWND
495,CSW24_hsp,13,13,33.877000,29.291000,-4.586000,m13 WON
495,CSW24_hsp,14,14,33.600000,29.113000,-4.487000,12j ROW
495,CSW24_hsp,15,15,33.247000,28.857000,-4.390000,12j DOW
495,CSW24_hsp,16,17,32.119000,28.462000,-3.657000,o5 WORLD
495,CSW24_hsp,17,16,32.877000,28.371000,-4.506000,12j WON
495,CSW24_hsp,18,18,31.878000,28.098000,-3.780000,o6 WOLD
495,CSW24_hsp,19,19,31.694000,27.969000,-3.725000,o5 ROWND
495,CSW24_hsp,20,20,31.284000,27.358000,-3.926000,o6 LOWN
495,CSW24_hsp,21,21,31.278000,27.314000,-3.964000,o7 LOW
495,CSW24_hsp,22,22,30.694000,27.012000,-3.682000,o5 DROWN
495,CSW24_hsp,23,24,30.243000,26.478000,-3.765000,o6 DROW
495,CSW24_hsp,24,25,30.158000,26.040000,-4.118000,12h NOWED
495,CSW24_hsp,25,26,29.595000,25.929000,-3.666000,o5 ENDOW
43,CSW24_hsp,1,1,48.603000,38.006000,-10.597000,j4 DEX
43,CSW24_hsp,2,2,42.909000,32.058000,-10.851000,j5 EX
43,CSW24_hsp,3,3,39.499000,30.787000,-8.712000,1f NIXERS
43,CSW24_hsp,4,5,37.392000,28.350000,-9.042000,1k SIXER
43,CSW24_hsp,5,4,37.603000,25.785000,-11.818000,n13 DEX
43,CSW24_hsp,6,6,36.603000,25.674000,-10.929000,l4 XED
43,CSW24_hsp,7,10,30.729000,19.534000,-11.195000,6j XI
43,CSW24_hsp,8,14,27.864000,19.128000,-8.736000,1g NIXES
43,CSW24_hsp,9,7,34.878000,18.779000,-16.099000,2j RADIX
43,CSW24_hsp,10,11,29.512000,17.779000,-11.733000,4h REDOX
43,CSW24_hsp,11,8,32.473000,17.416000,-15.057000,n9 RIND
43,CSW24_hsp,12,13,28.909000,17.029000,-11.880000,n14 EX
43,CSW24_hsp,13,12,29.021000,16.712000,-12.309000,8h ALIGHTED
43,CSW24_hsp,14,17,25.047000,15.681000,-9.366000,1h RINSED
43,CSW24_hsp,15,22,24.473000,15.584000,-8.889000,1g RINDS
43,CSW24_hsp,16,9,31.512000,14.904000,-16.608000,2j RAXED
43,CSW24_hsp,17,21,24.586000,13.550000,-11.036000,6h DIXI
43,CSW24_hsp,18,42,22.412000,13.249000,-9.163000,1h RINSER
43,CSW24_hsp,19,45,22.158000,13.053000,-9.105000,1f DRIERS
43,CSW24_hsp,20,46,22.158000,13.009000,-9.149000,1f REIRDS
43,CSW24_hsp,21,47,22.158000,12.990000,-9.168000,1f RIDERS
43,CSW24_hsp,22,44,22.158000,12.979000,-9.179000,1f DERRIS
43,CSW24_hsp,23,48,22.047000,12.796000,-9.251000,1f DINERS
43,CSW24_hsp,24,16,25.971000,12.779000,-13.192000,2j RAX
43,CSW24_hsp,25,26,23.898000,12.584000,-11.314000,4j NOX
17,CSW24_hsp,1,1,29.465000,23.311000,-6.154000,7c QI
17,CSW24_hsp,2,2,28.877000,23.060000,-5.817000,11e QIN
17,CSW24_hsp,3,3,27.889000,21.655000,-6.234000,11e QAT
17,CSW24_hsp,4,4,26.609000,18.833000,-7.776000,2i TENIAE
17,CSW24_hsp,5,5,21.609000,13.843000,-7.766000,2f ENATE
17,CSW24_hsp,6,7,20.650000,13.840000,-6.810000,2g EINE
17,CSW24_hsp,7,10,19.301000,13.686000,-5.615000,2h ETA
17,CSW24_hsp,8,8,19.484000,13.473000,-6.011000,2h ENE
17,CSW24_hsp,9,9,19.301000,13.440000,-5.861000,2h ATE
17,CSW24_hsp,10,11,19.252000,13.162000,-6.090000,2g NETE
17,CSW24_hsp,11,13,18.755000,13.042000,-5.713000,2i EE
17,CSW24_hsp,12,6,21.427000,12.999000,-8.428000,2e TENIAE
17,CSW24_hsp,13,12,19.252000,12.836000,-6.416000,2g TENE
17,CSW24_hsp,14,14,18.465000,12.615000,-5.850000,2g QI
17,CSW24_hsp,15,16,17.920000,11.822000,-6.098000,2g NITE
17,CSW24_hsp,16,19,17.871000,11.775000,-6.096000,2h ANE
17,CSW24_hsp,17,15,18.220000,11.716000,-6.504000,2g TANE
17,CSW24_hsp,18,17,17.920000,11.618000,-6.302000,2g TINE
17,CSW24_hsp,19,21,17.301000,11.602000,-5.699000,12l ATE
17,CSW24_hsp,20,20,17.301000,10.961000,-6.340000,g1 ATE
17,CSW24_hsp,21,24,17.164000,10.564000,-6.600000,2g EINA
17,CSW24_hsp,22,22,17.220000,10.423000,-6.797000,2i TENIA
17,CSW24_hsp,23,25,16.461000,10.091000,-6.370000,g1 AE
17,CSW24_hsp,24,23,17.164000,9.987000,-7.177000,2g AINE
17,CSW24_hsp,25,27,15.877000,9.978000,-5.899000,2g QIN
763,CSW24_hsp,1,1,86.000000,80.963000,-5.037000,12c DUSTRAG
763,CSW24_hsp,2,3,74.000000,66.844000,-7.156000,12f DUSTRAG
763,CSW24_hsp,3,2,74.000000,64.562000,-9.438000,i6 DUSTRAG
763,CSW24_hsp,4,6,29.705000,24.235000,-5.470000,12c GUST
763,CSW24_hsp,5,7,29.297000,23.829000,-5.468000,12b DUGS
763,CSW24_hsp,6,4,32.006000,22.728000,-9.278000,12a DRUGS
763,CSW24_hsp,7,9,28.390000,22.383000,-6.007000,12f DUG
763,CSW24_hsp,8,5,31.506000,21.995000,-9.511000,12a GAUDS
763,CSW24_hsp,9,12,26.705000,21.209000,-5.496000,12b TUGS
763,CSW24_hsp,10,8,28.390000,21.130000,-7.260000,g11 DUG
763,CSW24_hsp,11,11,26.705000,20.760000,-5.945000,12b GUTS
763,CSW24_hsp,12,19,26.441000,20.743000,-5.698000,12c DUST
763,CSW24_hsp,13,15,26.473000,20.741000,-5.732000,g8 WUD
763,CSW24_hsp,14,22,25.826000,20.489000,-5.337000,12b DURST
763,CSW24_hsp,15,21,26.092000,19.758000,-6.334000,d4 GRAD
763,CSW24_hsp,16,24,25.255000,19.291000,-5.964000,12b ADUST
763,CSW24_hsp,17,10,27.853000,18.473000,-9.380000,12a TRUGS
763,CSW24_hsp,18,34,23.806000,18.070000,-5.736000,12c GUS
763,CSW24_hsp,19,35,23.806000,18.001000,-5.805000,12c UGS
763,CSW24_hsp,20,23,25.297000,17.761000,-7.536000,i5 DUGS
763,CSW24_hsp,21,44,23.309000,17.645000,-5.664000,12c GAST
763,CSW24_hsp,22,43,23.441000,17.639000,-5.802000,12e STUD
763,CSW24_hsp,23,33,24.074000,17.571000,-6.503000,f2 TUGRA
763,CSW24_hsp,24,38,23.651000,17.517000,-6.134000,7b GRUED
763,CSW24_hsp,25,41,23.651000,17.383000,-6.268000,12f DRUG
947,CSW24_hsp,1,3,12.645000,7.439000,-5.206000,j3 UVEA
947,CSW24_hsp,2,4,12.180000,6.820000,-5.360000,13b UVA
947,CSW24_hsp,3,1,14.645000,5.174000,-9.471000,13a UVAE
947,CSW24_hsp,4,2,14.645000,5.129000,-9.516000,13a UVEA
947,CSW24_hsp,5,5,10.572000,5.071000,-5.501000,j2 VIAE
947,CSW24_hsp,6,12,9.026000,4.651000,-4.375000,m7 ETUI
947,CSW24_hsp,7,13,8.645000,3.424000,-5.221000,j2 UVAE
947,CSW24_hsp,8,14,8.645000,3.331000,-5.314000,j2 UVEA
947,CSW24_hsp,9,16,8.380000,2.970000,-5.410000,13b VIA
947,CSW24_hsp,10,15,8.380000,2.803000,-5.577000,13b AVI
947,CSW24_hsp,11,26,7.088000,2.363000,-4.725000,m8 TUI
947,CSW24_hsp,12,18,8.012000,2.339000,-5.673000,13b AVO
947,CSW24_hsp,13,19,8.012000,2.252000,-5.760000,13b OVA
947,CSW24_hsp,14,11,9.103000,2.151000,-6.952000,d5 CAUVES
947,CSW24_hsp,15,22,7.439000,1.988000,-5.451000,j2 VICE
947,CSW24_hsp,16,10,9.180000,1.673000,-7.507000,9b UVA
947,CSW24_hsp,17,17,8.180000,1.507000,-6.673000,d7 UVAS
947,CSW24_hsp,18,24,7.400000,1.358000,-6.042000,j1 VOICE
947,CSW24_hsp,19,30,6.644000,1.239000,-5.405000,13b VIE
947,CSW24_hsp,20,32,6.439000,1.222000,-5.217000,6h CIVIE
947,CSW24_hsp,21,35,6.179000,1.117000,-5.062000,7k VIAE
947,CSW24_hsp,22,28,6.759000,1.027000,-5.732000,13b VOE
947,CSW24_hsp,23,27,6.759000,1.025000,-5.734000,13b EVO
947,CSW24_hsp,24,6,10.572000,1.018000,-9.554000,13a VIAE
947,CSW24_hsp,25,25,7.400000,0.462000,-6.938000,d5 VOICES
147,CSW24_hsp,1,2,10.534000,5.139000,-5.395000,k2 PHILOMELAS
147,CSW24_hsp,2,1,11.045000,4.041000,-7.004000,ex DFNN
147,CSW24_hsp,3,3,10.439000,3.435000,-7.004000,ex DFNNT
147,CSW24_hsp,4,4,9.797000,2.793000,-7.004000,ex DFNNR
147,CSW24_hsp,5,5,9.110000,2.106000,-7.004000,ex DFNNRT
147,CSW24_hsp,6,6,8.951000,1.947000,-7.004000,ex DFNR
147,CSW24_hsp,7,8,8.926000,1.922000,-7.004000,ex DFNRT
147,CSW24_hsp,8,7,8.927000,1.915000,-7.012000,d8 BANDS
147,CSW24_hsp,9,9,8.447000,1.443000,-7.004000,ex FNNT
147,CSW24_hsp,10,10,8.074000,1.070000,-7.004000,ex FNNRT
147,CSW24_hsp,11,11,7.781000,0.777000,-7.004000,ex DFNT
147,CSW24_hsp,12,12,7.157000,0.486000,-6.671000,d8 BARFS
147,CSW24_hsp,13,14,7.092000,0.315000,-6.777000,d8 BAFTS
147,CSW24_hsp,14,13,7.109000,0.105000,-7.004000,ex DFN
147,CSW24_hsp,15,15,7.083000,0.079000,-7.004000,ex FNRT
147,CSW24_hsp,16,16,7.002000,-0.110000,-7.112000,d8 BANTS
147,CSW24_hsp,17,17,6.727000,-0.277000,-7.004000,ex DNNT
147,CSW24_hsp,18,18,6.650000,-0.471000,-7.121000,d8 BANNS
147,CSW24_hsp,19,19,6.562000,-0.766000,-7.328000,d8 BAND
147,CSW24_hsp,20,20,5.983000,-1.021000,-7.004000,ex DNN
147,CSW24_hsp,21,22,5.456000,-1.163000,-6.619000,e8 OINT
147,CSW24_hsp,22,21,5.773000,-1.231000,-7.004000,ex FNNR
147,CSW24_hsp,23,23,5.174000,-1.830000,-7.004000,ex DNNRT
147,CSW24_hsp,24,25,4.981000,-2.023000,-7.004000,ex FNT
147,CSW24_hsp,25,26,4.965000,-2.039000,-7.004000,ex FNN
1143,CSW24_hsp,1,1,85.076000,80.820000,-4.256000,o6 QUEME
1143,CSW24_hsp,2,3,80.382000,76.764000,-3.618000,15h MEH
1143,CSW24_hsp,3,2,81.076000,75.094000,-5.982000,b6 QUEME
1143,CSW24_hsp,4,5,66.589000,63.524000,-3.065000,h12 QUOd
1143,CSW24_hsp,5,6,66.589000,63.501000,-3.088000,h12 QUOp
1143,CSW24_hsp,6,8,65.628000,62.775000,-2.853000,15h HE
1143,CSW24_hsp,7,4,69.382000,62.617000,-6.765000,m12 HEM
1143,CSW24_hsp,8,7,66.521000,61.118000,-5.403000,8l CHEM
1143,CSW24_hsp,9,9,64.865000,58.489000,-6.376000,o7 HEME
1143,CSW24_hsp,10,11,63.798000,57.176000,-6.622000,13b HM
1143,CSW24_hsp,11,15,60.798000,57.154000,-3.644000,h13 HOM
1143,CSW24_hsp,12,13,62.798000,57.027000,-5.771000,o14 HM
1143,CSW24_hsp,13,18,59.521000,56.304000,-3.217000,15h ME
1143,CSW24_hsp,14,17,59.841000,56.269000,-3.572000,15f HUM
1143,CSW24_hsp,15,12,63.382000,56.121000,-7.261000,2b MEH
1143,CSW24_hsp,16,10,64.865000,55.463000,-9.402000,m12 HEME
1143,CSW24_hsp,17,19,58.376000,55.250000,-3.126000,o5 QUEtHE
1143,CSW24_hsp,18,20,58.376000,55.242000,-3.134000,o5 cHEQUE
1143,CSW24_hsp,19,14,62.382000,54.849000,-7.533000,2b HEM
1143,CSW24_hsp,20,21,56.929000,53.671000,-3.258000,o6 QUEMEd
1143,CSW24_hsp,21,22,56.929000,53.671000,-3.258000,o6 QUEMEs
1143,CSW24_hsp,22,16,60.382000,53.094000,-7.288000,b11 HOME
1143,CSW24_hsp,23,26,54.929000,51.482000,-3.447000,o5 QUEMEs
1143,CSW24_hsp,24,28,54.466000,49.865000,-4.601000,o6 QUeME
1143,CSW24_hsp,25,23,55.628000,49.217000,-6.411000,m12 HE
917,CSW24_hsp,1,1,64.572000,57.888000,-6.684000,15l KYNE
917,CSW24_hsp,2,2,62.038000,55.567000,-6.471000,15l KYND
917,CSW24_hsp,3,3,57.646000,50.947000,-6.699000,15l DYKE
917,CSW24_hsp,4,4,53.791000,46.822000,-6.969000,15k EMYDE
917,CSW24_hsp,5,5,53.599000,46.701000,-6.898000,15k KEYED
917,CSW24_hsp,6,6,51.693000,44.932000,-6.761000,k10 KY
917,CSW24_hsp,7,7,48.572000,40.794000,-7.778000,d8 ZONKEY
917,CSW24_hsp,8,8,45.199000,38.609000,-6.590000,a4 KEeNED
917,CSW24_hsp,9,10,43.234000,36.555000,-6.679000,a4 KNeED
917,CSW24_hsp,10,9,43.452000,36.233000,-7.219000,15l DYNE
917,CSW24_hsp,11,11,41.608000,34.841000,-6.767000,a4 MEeKEN
917,CSW24_hsp,12,12,41.234000,33.304000,-7.930000,d8 ZONKED
917,CSW24_hsp,13,13,40.452000,33.113000,-7.339000,15l NYED
917,CSW24_hsp,14,14,39.646000,32.883000,-6.763000,a5 KeYED
917,CSW24_hsp,15,16,35.739000,28.340000,-7.399000,15l EYED
917,CSW24_hsp,16,15,38.353000,27.809000,-10.544000,11k MAWKY
917,CSW24_hsp,17,17,35.646000,27.469000,-8.177000,4h FYKED
917,CSW24_hsp,18,19,34.593000,27.141000,-7.452000,10f KED
917,CSW24_hsp,19,20,33.171000,26.047000,-7.124000,k10 NY
917,CSW24_hsp,20,22,33.034000,25.914000,-7.120000,a4 ENeMY
917,CSW24_hsp,21,23,32.730000,25.552000,-7.178000,a6 eMYDE
917,CSW24_hsp,22,24,32.608000,25.543000,-7.065000,a5 MeEKEN
917,CSW24_hsp,23,21,33.166000,25.403000,-7.763000,k5 MECK
917,CSW24_hsp,24,18,34.693000,24.479000,-10.214000,15l KY
917,CSW24_hsp,25,26,32.171000,24.079000,-8.092000,d8 ZONED
21,CSW24_hsp,1,1,43.879000,34.987000,-8.892000,11k FOP
21,CSW24_hsp,2,4,41.107000,34.691000,-6.416000,1l JOKE
21,CSW24_hsp,3,8,39.247000,32.841000,-6.406000,h1 POKE
21,CSW24_hsp,4,3,41.402000,32.004000,-9.398000,n5 OF
21,CSW24_hsp,5,2,41.438000,31.875000,-9.563000,n4 NEF
21,CSW24_hsp,6,6,39.879000,31.161000,-8.718000,k3 FOP
21,CSW24_hsp,7,5,39.915000,31.044000,-8.871000,11k KOP
21,CSW24_hsp,8,12,36.904000,30.282000,-6.622000,h1 POKES
21,CSW24_hsp,9,7,39.646000,29.229000,-10.417000,b13 KEF
21,CSW24_hsp,10,9,38.879000,28.742000,-10.137000,b13 FOP
21,CSW24_hsp,11,10,37.669000,28.292000,-9.377000,n5 EF
21,CSW24_hsp,12,11,37.067000,28.256000,-8.811000,k3 PONK
21,CSW24_hsp,13,24,34.009000,27.597000,-6.412000,h1 FONE
21,CSW24_hsp,14,15,35.879000,27.196000,-8.683000,k2 FOP
21,CSW24_hsp,15,13,36.067000,27.006000,-9.061000,k9 PONK
21,CSW24_hsp,16,16,35.879000,26.894000,-8.985000,k10 FOP
21,CSW24_hsp,17,17,35.469000,26.592000,-8.877000,11k KEP
21,CSW24_hsp,18,19,35.301000,26.363000,-8.938000,5c FUNK
21,CSW24_hsp,19,18,35.402000,26.347000,-9.055000,c6 OF
21,CSW24_hsp,20,21,35.067000,25.926000,-9.141000,j2 KNOP
21,CSW24_hsp,21,14,35.915000,25.737000,-10.178000,b13 KOP
21,CSW24_hsp,22,20,35.277000,25.701000,-9.576000,6l KIF
21,CSW24_hsp,23,22,34.067000,25.539000,-8.528000,k4 PONK
21,CSW24_hsp,24,37,32.030000,25.276000,-6.754000,h1 SNOEK
21,CSW24_hsp,25,25,33.730000,25.194000,-8.536000,k2 FOPS
478,CSW24_hsp,1,1,82.000000,72.533000,-9.467000,13g BLUECOAT
478,CSW24_hsp,2,2,26.323000,18.476000,-7.847000,12a BUGOUT
478,CSW24_hsp,3,4,23.706000,16.707000,-6.999000,a11 OBA
478,CSW24_hsp,4,5,23.670000,16.500000,-7.170000,a11 OB
478,CSW24_hsp,5,3,24.249000,16.442000,-7.807000,g6 BUNCO
478,CSW24_hsp,6,7,21.592000,14.807000,-6.785000,g7 UNCO
478,CSW24_hsp,7,9,20.629000,13.621000,-7.008000,a10 COB
478,CSW24_hsp,8,8,21.006000,12.608000,-8.398000,11e BOUNCE
478,CSW24_hsp,9,10,19.627000,12.125000,-7.502000,e8 MOTUCA
478,CSW24_hsp,10,13,19.061000,11.537000,-7.524000,11e BOUN
478,CSW24_hsp,11,16,18.458000,11.228000,-7.230000,d8 GUAC
478,CSW24_hsp,12,11,19.362000,11.098000,-8.264000,11e COBNUT
478,CSW24_hsp,13,6,21.877000,10.700000,-11.177000,e2 OUTBEAM
478,CSW24_hsp,14,14,18.774000,10.683000,-8.091000,e6 COMBAT
478,CSW24_hsp,15,15,18.774000,10.463000,-8.311000,e6 TOMBAC
478,CSW24_hsp,16,22,16.723000,10.141000,-6.582000,g8 NUB
478,CSW24_hsp,17,25,16.592000,9.944000,-6.648000,10c DOUC
478,CSW24_hsp,18,20,17.099000,9.845000,-7.254000,e8 MUCATE
478,CSW24_hsp,19,12,19.075000,9.747000,-9.328000,12h CABOC
478,CSW24_hsp,20,24,16.613000,9.490000,-7.123000,a10 BOTA
478,CSW24_hsp,21,17,18.075000,9.453000,-8.622000,g6 BANCO
478,CSW24_hsp,22,23,16.645000,9.340000,-7.305000,a12 BA
478,CSW24_hsp,23,18,17.362000,9.244000,-8.118000,g5 COBNUT
478,CSW24_hsp,24,21,16.997000,9.052000,-7.945000,7c VAUTE
478,CSW24_hsp,25,27,15.935000,8.875000,-7.060000,10c DAUB
1194,CSW24_hsp,1,1,37.622000,35.274000,-2.348000,j5 ENTITY
1194,CSW24_hsp,2,3,36.362000,34.257000,-2.105000,j6 TINTY
1194,CSW24_hsp,3,2,36.362000,34.249000,-2.113000,j6 NITTY
1194,CSW24_hsp,4,5,34.917000,32.756000,-2.161000,j6 TANTY
1194,CSW24_hsp,5,4,34.917000,32.722000,-2.195000,j6 NATTY
1194,CSW24_hsp,6,7,33.536000,31.395000,-2.141000,j6 TENTY
1194,CSW24_hsp,7,6,33.536000,31.387000,-2.149000,j6 NETTY
1194,CSW24_hsp,8,8,29.355000,27.698000,-1.657000,15d YET
1194,CSW24_hsp,9,9,24.530000,21.697000,-2.833000,10h dEY
1194,CSW24_hsp,10,10,23.424000,21.606000,-1.818000,15d YA
1194,CSW24_hsp,11,11,22.912000,21.214000,-1.698000,15d YIN
1194,CSW24_hsp,12,12,22.579000,20.607000,-1.972000,15d YE
1194,CSW24_hsp,13,13,22.530000,19.903000,-2.627000,13a OY
1194,CSW24_hsp,14,15,22.078000,19.302000,-2.776000,j7 YITE
1194,CSW24_hsp,15,14,22.078000,19.263000,-2.815000,j7 YETI
1194,CSW24_hsp,16,20,21.078000,19.003000,-2.075000,f3 YETI
1194,CSW24_hsp,17,16,22.001000,18.876000,-3.125000,j6 YETT
1194,CSW24_hsp,18,17,21.519000,18.669000,-2.850000,j7 YATE
1194,CSW24_hsp,19,18,21.402000,18.613000,-2.789000,6e SANITY
1194,CSW24_hsp,20,19,21.402000,18.608000,-2.794000,6e SATINY
1194,CSW24_hsp,21,23,20.519000,18.314000,-2.205000,6b YEAST
1194,CSW24_hsp,22,21,20.530000,18.264000,-2.266000,d14 OY
1194,CSW24_hsp,23,24,20.249000,17.682000,-2.567000,b4 TIYN
1194,CSW24_hsp,24,22,20.530000,17.480000,-3.050000,15g YEW
1194,CSW24_hsp,25,25,20.001000,17.442000,-2.559000,b5 TYTE
242,CSW24_hsp,1,1,70.000000,60.982000,-9.018000,c8 ENARGITE
242,CSW24_hsp,2,2,35.688000,29.375000,-6.313000,a1 NIGH
242,CSW24_hsp,3,3,32.295000,25.876000,-6.419000,7m TOW
242,CSW24_hsp,4,4,32.169000,25.747000,-6.422000,a1 NIGHT
242,CSW24_hsp,5,8,31.618000,25.465000,-6.153000,c3 GU
242,CSW24_hsp,6,5,31.979000,25.416000,-6.563000,a1 GATH
242,CSW24_hsp,7,6,31.878000,25.283000,-6.595000,a1 AIGHT
242,CSW24_hsp,8,7,31.672000,25.227000,-6.445000,a1 ARGH
242,CSW24_hsp,9,12,30.438000,24.671000,-5.767000,10h GAIN
242,CSW24_hsp,10,9,30.618000,24.069000,-6.549000,j3 GID
242,CSW24_hsp,11,10,30.618000,23.974000,-6.644000,k4 DOG
242,CSW24_hsp,12,13,30.423000,23.942000,-6.481000,3b AG
242,CSW24_hsp,13,11,30.536000,23.746000,-6.790000,a1 EATH
242,CSW24_hsp,14,18,29.438000,23.633000,-5.805000,10g NGAI
242,CSW24_hsp,15,14,30.086000,23.577000,-6.509000,10j AT
242,CSW24_hsp,16,15,29.940000,23.141000,-6.799000,a1 RATHE
242,CSW24_hsp,17,16,29.618000,23.026000,-6.592000,h8 TAG
242,CSW24_hsp,18,19,29.385000,22.837000,-6.548000,a1 EIGHT
242,CSW24_hsp,19,26,28.536000,22.815000,-5.721000,10h TEA
242,CSW24_hsp,20,25,28.536000,22.806000,-5.730000,10h TAE
242,CSW24_hsp,21,17,29.452000,22.657000,-6.795000,7f RE
242,CSW24_hsp,22,23,28.981000,22.610000,-6.371000,a1 RIGHT
242,CSW24_hsp,23,20,29.295000,22.567000,-6.728000,j3 TID
242,CSW24_hsp,24,21,29.295000,22.554000,-6.741000,k4 DOT
242,CSW24_hsp,25,22,29.086000,22.405000,-6.681000,m7 TAR
1200,CSW24_hsp,1,1,41.871000,39.887000,-1.984000,a1 JAGER
1200,CSW24_hsp,2,2,38.135000,35.046000,-3.089000,d1 JEER
1200,CSW24_hsp,3,3,35.871000,33.964000,-1.907000,2a JAGER
1200,CSW24_hsp,4,4,35.446000,33.486000,-1.960000,2a JOG
1200,CSW24_hsp,5,5,31.514000,30.576000,-0.938000,11e JOE
1200,CSW24_hsp,6,6,30.902000,28.953000,-1.949000,2a JAG
1200,CSW24_hsp,7,7,29.839000,28.746000,-1.093000,13c GAJO
1200,CSW24_hsp,8,8,29.514000,28.136000,-1.378000,11d JOE
1200,CSW24_hsp,9,9,28.839000,28.134000,-0.705000,2c GAJO
1200,CSW24_hsp,10,10,28.446000,27.381000,-1.065000,g2 JOG
1200,CSW24_hsp,11,12,27.506000,26.971000,-0.535000,2b AGREE
1200,CSW24_hsp,12,11,27.514000,26.764000,-0.750000,b1 JOE
1200,CSW24_hsp,13,15,26.921000,26.115000,-0.806000,d1 AJEE
1200,CSW24_hsp,14,14,26.990000,25.591000,-1.399000,f5 AJEE
1200,CSW24_hsp,15,13,27.257000,24.917000,-2.340000,e6 EVEJAR
1200,CSW24_hsp,16,16,26.272000,24.667000,-1.605000,g2 JO
1200,CSW24_hsp,17,17,26.187000,24.320000,-1.867000,f6 JEE
1200,CSW24_hsp,18,18,25.514000,24.130000,-1.384000,d1 JOE
1200,CSW24_hsp,19,20,24.921000,24.040000,-0.881000,11d AJEE
1200,CSW24_hsp,20,19,25.272000,23.764000,-1.508000,11e JO
1200,CSW24_hsp,21,24,24.291000,23.459000,-0.832000,2b OGRE
1200,CSW24_hsp,22,26,23.902000,22.851000,-1.051000,g2 JAG
1200,CSW24_hsp,23,39,22.506000,22.818000,0.312000,a1 EAGER
1200,CSW24_hsp,24,21,24.730000,22.734000,-1.996000,2b EGO
1200,CSW24_hsp,25,25,24.235000,22.684000,-1.551000,2b OGEE
455,CSW24_hsp,1,2,28.289000,20.008000,-8.281000,h10 THAE
455,CSW24_hsp,2,1,28.409000,19.993000,-8.416000,e13 TAI
455,CSW24_hsp,3,3,26.409000,17.482000,-8.927000,12f BOAT
455,CSW24_hsp,4,4,25.078000,16.767000,-8.311000,12a CATE
455,CSW24_hsp,5,5,23.409000,14.598000,-8.811000,2d ETA
455,CSW24_hsp,6,7,23.409000,14.542000,-8.867000,13e TAXA
455,CSW24_hsp,7,6,23.409000,14.308000,-9.101000,a12 TAJ
455,CSW24_hsp,8,9,22.102000,13.736000,-8.366000,12a ACTA
455,CSW24_hsp,9,8,22.289000,13.426000,-8.863000,13b TEA
455,CSW24_hsp,10,13,21.078000,12.749000,-8.329000,12a TACE
455,CSW24_hsp,11,11,21.409000,12.638000,-8.771000,9f NAT
455,CSW24_hsp,12,12,21.409000,12.525000,-8.884000,10i TA
455,CSW24_hsp,13,17,20.409000,12.130000,-8.279000,12c TA
455,CSW24_hsp,14,10,21.409000,12.041000,-9.368000,5e VAT
455,CSW24_hsp,15,14,20.836000,11.987000,-8.849000,13b TEC
455,CSW24_hsp,16,15,20.409000,11.621000,-8.788000,3a ALBATA
455,CSW24_hsp,17,16,20.409000,11.556000,-8.853000,10h AT
455,CSW24_hsp,18,18,19.761000,10.974000,-8.787000,12f BOA
455,CSW24_hsp,19,23,19.159000,10.722000,-8.437000,h11 HAE
455,CSW24_hsp,20,22,19.289000,10.522000,-8.767000,10h ETA
455,CSW24_hsp,21,21,19.289000,10.494000,-8.795000,10h ATE
455,CSW24_hsp,22,24,19.076000,10.455000,-8.621000,h10 CHA
455,CSW24_hsp,23,19,19.409000,10.231000,-9.178000,5a ITA
455,CSW24_hsp,24,20,19.409000,10.193000,-9.216000,9c TA
455,CSW24_hsp,25,29,18.409000,10.097000,-8.312000,d10 ATT
855,CSW24_hsp,1,1,64.000000,56.637000,-7.363000,k4 mOINEAUS
855,CSW24_hsp,2,2,63.000000,54.919000,-8.081000,7h mOINEAU
855,CSW24_hsp,3,4,48.135000,42.438000,-5.697000,15l NAOI
855,CSW24_hsp,4,3,49.002000,41.987000,-7.015000,13j EUOI
855,CSW24_hsp,5,5,47.002000,40.045000,-6.957000,13f OUTIE
855,CSW24_hsp,6,7,46.685000,39.504000,-7.181000,13f OUTA
855,CSW24_hsp,7,6,46.685000,39.479000,-7.206000,13f AUTO
855,CSW24_hsp,8,9,44.478000,38.251000,-6.227000,15m AUE
855,CSW24_hsp,9,8,44.478000,36.674000,-7.804000,13k EAU
855,CSW24_hsp,10,10,44.320000,35.898000,-8.422000,13m OU
855,CSW24_hsp,11,19,42.320000,35.891000,-6.429000,15n OU
855,CSW24_hsp,12,16,43.135000,35.777000,-7.358000,13j NAOI
855,CSW24_hsp,13,14,43.320000,35.770000,-7.550000,12h FOU
855,CSW24_hsp,14,18,42.914000,35.711000,-7.203000,13g UTA
855,CSW24_hsp,15,13,43.320000,35.405000,-7.915000,10j OU
855,CSW24_hsp,16,15,43.320000,35.317000,-8.003000,13l OU
855,CSW24_hsp,17,12,43.478000,35.201000,-8.277000,13m EAU
855,CSW24_hsp,18,11,43.478000,35.101000,-8.377000,13m AUE
855,CSW24_hsp,19,17,43.002000,34.976000,-8.026000,10j EUOI
855,CSW24_hsp,20,21,41.638000,34.501000,-7.137000,13f IOTA
855,CSW24_hsp,21,20,41.651000,34.445000,-7.206000,13g UTE
855,CSW24_hsp,22,22,41.478000,33.539000,-7.939000,10j AUE
855,CSW24_hsp,23,23,41.478000,33.491000,-7.987000,10j EAU
855,CSW24_hsp,24,24,41.320000,32.864000,-8.456000,15l OU
855,CSW24_hsp,25,25,40.455000,32.755000,-7.700000,10g OBOE
688,CSW24_hsp,1,1,0.854000,-11.452000,-12.306000,ex AAAEIO
688,CSW24_hsp,2,2,0.000000,-12.306000,-12.306000,ex AAAEEIO
688,CSW24_hsp,3,3,-0.378000,-12.684000,-12.306000,ex AAEEIO
688,CSW24_hsp,4,4,-0.638000,-12.944000,-12.306000,ex AAEIO
688,CSW24_hsp,5,9,-2.520000,-13.834000,-11.314000,9d AGIO
688,CSW24_hsp,6,10,-2.882000,-13.886000,-11.004000,6c AIYEE
688,CSW24_hsp,7,6,-2.083000,-14.389000,-12.306000,ex AAAEO
688,CSW24_hsp,8,7,-2.208000,-14.514000,-12.306000,ex AAAEEO
688,CSW24_hsp,9,8,-2.478000,-14.784000,-12.306000,ex AAAEEI
688,CSW24_hsp,10,13,-3.959000,-14.870000,-10.911000,9d AGEE
688,CSW24_hsp,11,11,-3.129000,-15.435000,-12.306000,ex AAAEI
688,CSW24_hsp,12,12,-3.464000,-15.770000,-12.306000,ex AAEEO
688,CSW24_hsp,13,14,-3.980000,-16.286000,-12.306000,ex AAAIO
688,CSW24_hsp,14,15,-4.718000,-17.024000,-12.306000,ex AAEO
688,CSW24_hsp,15,16,-4.936000,-17.242000,-12.306000,ex AAEEI
688,CSW24_hsp,16,21,-5.897000,-18.203000,-12.306000,ex AAAEE
688,CSW24_hsp,17,17,-5.678000,-18.314000,-12.636000,f2 AIA
688,CSW24_hsp,18,24,-6.612000,-18.918000,-12.306000,ex AEEIO
688,CSW24_hsp,19,25,-6.861000,-19.167000,-12.306000,ex AAIO
688,CSW24_hsp,20,26,-6.920000,-19.226000,-12.306000,ex AAEI
688,CSW24_hsp,21,27,-7.298000,-19.604000,-12.306000,ex AAAE
688,CSW24_hsp,22,5,-2.044000,-20.177000,-18.133000,i7 AREAE
688,CSW24_hsp,23,30,-8.098000,-20.367000,-12.269000,1d KAIE
688,CSW24_hsp,24,31,-8.188000,-20.494000,-12.306000,ex AAAO
688,CSW24_hsp,25,34,-8.608000,-20.914000,-12.306000,ex AEIO
707,CSW24_hsp,1,1,23.356000,14.896000,-8.460000,3f OILY
707,CSW24_hsp,2,2,22.683000,13.923000,-8.760000,3i NOILY
707,CSW24_hsp,3,3,21.683000,13.120000,-8.563000,9g NOILY
707,CSW24_hsp,4,4,21.038000,11.948000,-9.090000,3i YONI
707,CSW24_hsp,5,5,19.683000,10.571000,-9.112000,5i NOILY
707,CSW24_hsp,6,7,19.324000,10.318000,-9.006000,3i YIN
707,CSW24_hsp,7,6,19.324000,10.248000,-9.076000,3b YIN
707,CSW24_hsp,8,8,18.038000,9.767000,-8.271000,f12 YONI
707,CSW24_hsp,9,10,16.324000,8.532000,-7.792000,f12 YIN
707,CSW24_hsp,10,13,15.373000,7.466000,-7.907000,9g NOIL
707,CSW24_hsp,11,12,16.004000,7.227000,-8.777000,3b NOY
707,CSW24_hsp,12,14,15.364000,6.638000,-8.726000,5i LINY
707,CSW24_hsp,13,15,15.324000,6.319000,-9.005000,c2 INDY
707,CSW24_hsp,14,11,16.038000,5.648000,-10.390000,9h YONI
707,CSW24_hsp,15,18,14.324000,5.383000,-8.941000,9h YIN
707,CSW24_hsp,16,19,14.253000,5.070000,-9.183000,3b ION
707,CSW24_hsp,17,20,14.004000,4.710000,-9.294000,h1 YONI
707,CSW24_hsp,18,22,13.364000,4.612000,-8.752000,5j INLY
707,CSW24_hsp,19,26,13.004000,4.506000,-8.498000,3i YON
707,CSW24_hsp,20,25,13.004000,4.442000,-8.562000,3b YON
707,CSW24_hsp,21,9,16.364000,4.300000,-12.064000,c1 LINDY
707,CSW24_hsp,22,23,13.253000,4.267000,-8.986000,3g ION
707,CSW24_hsp,23,24,13.103000,4.142000,-8.961000,5i LINNY
707,CSW24_hsp,24,28,12.825000,4.006000,-8.819000,3b LOY
707,CSW24_hsp,25,21,13.364000,3.995000,-9.369000,3j INLY
1189,CSW24_hsp,1,1,38.839000,33.072000,-5.767000,l3 WIFE
1189,CSW24_hsp,2,2,33.189000,24.461000,-8.728000,i7 INFERE
1189,CSW24_hsp,3,3,29.861000,23.467000,-6.394000,i7 INFER
1189,CSW24_hsp,4,4,27.899000,21.518000,-6.381000,l6 WERE
1189,CSW24_hsp,5,5,26.861000,21.038000,-5.823000,l3 RIFE
1189,CSW24_hsp,6,6,25.899000,19.215000,-6.684000,l5 EWER
1189,CSW24_hsp,7,8,23.861000,17.408000,-6.453000,l3 FIER
1189,CSW24_hsp,8,11,21.990000,16.108000,-5.882000,l5 FRERE
1189,CSW24_hsp,9,10,22.011000,15.398000,-6.613000,l3 FIE
1189,CSW24_hsp,10,7,25.792000,14.979000,-10.813000,5e FREEWARE
1189,CSW24_hsp,11,19,20.729000,14.682000,-6.047000,l5 FEER
1189,CSW24_hsp,12,12,21.861000,14.423000,-7.438000,l2 REIF
1189,CSW24_hsp,13,18,20.830000,13.694000,-7.136000,l5 EW
1189,CSW24_hsp,14,9,22.272000,13.566000,-8.706000,l8 REWIRE
1189,CSW24_hsp,15,14,21.189000,12.473000,-8.716000,l8 REFIRE
1189,CSW24_hsp,16,15,21.095000,12.149000,-8.946000,l8 REEFIER
1189,CSW24_hsp,17,26,18.098000,12.135000,-5.963000,l4 IF
1189,CSW24_hsp,18,13,21.861000,11.642000,-10.219000,4k GRIEF
1189,CSW24_hsp,19,24,18.189000,11.160000,-7.029000,m3 FEERIN
1189,CSW24_hsp,20,28,17.830000,11.140000,-6.690000,10h WEX
1189,CSW24_hsp,21,16,20.899000,11.048000,-9.851000,i10 EEW
1189,CSW24_hsp,22,23,18.830000,10.645000,-8.185000,i10 EW
1189,CSW24_hsp,23,17,20.899000,10.403000,-10.496000,i10 EWE
1189,CSW24_hsp,24,25,18.150000,9.843000,-8.307000,i3 FEW
1189,CSW24_hsp,25,39,15.546000,9.426000,-6.120000,l5 FE
669,CSW24_hsp,1,1,79.000000,66.659000,-12.341000,n9 FORINTS
669,CSW24_hsp,2,2,68.000000,60.917000,-7.083000,m6 FORINTS
669,CSW24_hsp,3,3,36.739000,31.104000,-5.635000,f5 OF
669,CSW24_hsp,4,5,35.151000,28.506000,-6.645000,h11 FUTON
669,CSW24_hsp,5,4,36.110000,27.443000,-8.667000,n9 FORINT
669,CSW24_hsp,6,6,33.642000,26.887000,-6.755000,n8 ORF
669,CSW24_hsp,7,7,32.642000,26.481000,-6.161000,3e FRO
669,CSW24_hsp,8,15,29.739000,23.966000,-5.773000,6m FIT
669,CSW24_hsp,9,16,29.642000,23.908000,-5.734000,3f FOR
669,CSW24_hsp,10,14,29.739000,23.834000,-5.905000,e3 FAR
669,CSW24_hsp,11,13,29.890000,23.257000,-6.633000,n9 OF
669,CSW24_hsp,12,20,28.739000,22.972000,-5.767000,i11 FA
669,CSW24_hsp,13,17,28.739000,22.925000,-5.814000,7a EF
669,CSW24_hsp,14,18,28.739000,22.920000,-5.819000,8a IF
669,CSW24_hsp,15,21,28.694000,22.899000,-5.795000,3f FON
669,CSW24_hsp,16,22,28.642000,22.882000,-5.760000,m6 FOR
669,CSW24_hsp,17,11,30.642000,22.865000,-7.777000,b13 ORF
669,CSW24_hsp,18,19,28.739000,22.850000,-5.889000,9n FE
669,CSW24_hsp,19,23,28.642000,22.822000,-5.820000,m6 FRO
669,CSW24_hsp,20,8,31.642000,22.794000,-8.848000,c1 FORD
669,CSW24_hsp,21,27,28.361000,22.627000,-5.734000,c2 FID
669,CSW24_hsp,22,28,28.361000,22.519000,-5.842000,j10 FIL
669,CSW24_hsp,23,12,30.045000,22.418000,-7.627000,n8 INFO
669,CSW24_hsp,24,29,27.940000,22.175000,-5.765000,m6 FIN
669,CSW24_hsp,25,9,30.940000,22.102000,-8.838000,c1 FIND
97,CSW24_hsp,1,1,72.000000,66.530000,-5.470000,10f RAVIOLI
97,CSW24_hsp,2,2,68.000000,59.837000,-8.163000,7h RAVIOLI
97,CSW24_hsp,3,3,68.000000,58.827000,-9.173000,9h RAVIOLI
97,CSW24_hsp,4,4,39.723000,34.996000,-4.727000,10b VIOLA
97,CSW24_hsp,5,7,34.614000,29.294000,-5.320000,10e AVI
97,CSW24_hsp,6,6,34.723000,28.658000,-6.065000,10f VOILA
97,CSW24_hsp,7,5,34.723000,28.428000,-6.295000,10f VIOLA
97,CSW24_hsp,8,8,32.345000,26.693000,-5.652000,10f VIOL
97,CSW24_hsp,9,9,29.345000,23.732000,-5.613000,10b VIOL
97,CSW24_hsp,10,10,29.103000,23.651000,-5.452000,10f VIRAL
97,CSW24_hsp,11,11,29.036000,23.523000,-5.513000,10f VAIL
97,CSW24_hsp,12,13,29.036000,23.455000,-5.581000,10f VIAL
97,CSW24_hsp,13,12,29.036000,23.384000,-5.652000,10f VALI
97,CSW24_hsp,14,14,28.614000,22.999000,-5.615000,10f VIA
97,CSW24_hsp,15,15,27.951000,22.507000,-5.444000,10f VAIR
97,CSW24_hsp,16,16,26.803000,21.154000,-5.649000,10e AVO
97,CSW24_hsp,17,21,22.956000,17.920000,-5.036000,10f VRIL
97,CSW24_hsp,18,20,22.956000,17.741000,-5.215000,10f VIRL
97,CSW24_hsp,19,19,23.450000,17.578000,-5.872000,10f VOLAR
97,CSW24_hsp,20,18,23.450000,17.158000,-6.292000,10f VALOR
97,CSW24_hsp,21,17,23.590000,17.035000,-6.555000,d8 HAVIOR
97,CSW24_hsp,22,22,22.157000,16.358000,-5.799000,10f VOLA
97,CSW24_hsp,23,23,21.636000,15.793000,-5.843000,10f VOAR
97,CSW24_hsp,24,25,20.358000,14.928000,-5.430000,10f VOR
97,CSW24_hsp,25,24,20.475000,14.748000,-5.727000,10f VOL
311,CSW24_hsp,1,1,43.594000,34.743000,-8.851000,8a BAHU
311,CSW24_hsp,2,2,43.594000,34.724000,-8.870000,8a HABU
311,CSW24_hsp,3,4,36.364000,29.702000,-6.662000,1e BONA
311,CSW24_hsp,4,5,35.719000,29.060000,-6.659000,1f OBA
311,CSW24_hsp,5,3,36.368000,27.143000,-9.225000,10f HA
311,CSW24_hsp,6,6,35.710000,26.945000,-8.765000,8a BUNA
311,CSW24_hsp,7,7,35.413000,26.078000,-9.335000,10f HO
311,CSW24_hsp,8,8,34.594000,25.776000,-8.818000,3b BAHU
311,CSW24_hsp,9,11,32.368000,25.676000,-6.692000,1g HA
311,CSW24_hsp,10,9,33.594000,24.759000,-8.835000,3b HABU
311,CSW24_hsp,11,15,29.902000,23.184000,-6.718000,1g BA
311,CSW24_hsp,12,10,32.482000,23.089000,-9.393000,10f BO
311,CSW24_hsp,13,14,31.364000,22.543000,-8.821000,8a BONA
311,CSW24_hsp,14,12,31.902000,22.479000,-9.423000,10f BA
311,CSW24_hsp,15,17,27.533000,20.943000,-6.590000,1e SOBA
311,CSW24_hsp,16,13,31.688000,20.285000,-11.403000,3a BHUNA
311,CSW24_hsp,17,16,28.612000,19.850000,-8.762000,3b HUB
311,CSW24_hsp,18,20,26.612000,18.395000,-8.217000,e3 BRUH
311,CSW24_hsp,19,18,27.074000,18.374000,-8.700000,3b BOH
311,CSW24_hsp,20,19,26.710000,17.812000,-8.898000,3b BUNA
311,CSW24_hsp,21,21,26.612000,17.736000,-8.876000,e8 BRUH
311,CSW24_hsp,22,24,26.074000,17.366000,-8.708000,3b HOB
311,CSW24_hsp,23,23,26.083000,17.357000,-8.726000,3b BAH
311,CSW24_hsp,24,26,25.612000,17.089000,-8.523000,f8 BAHU
311,CSW24_hsp,25,27,25.364000,16.828000,-8.536000,3c UH
1044,CSW24_hsp,1,1,80.000000,71.189000,-8.811000,c7 TUBEROID
1044,CSW24_hsp,2,5,22.246000,16.059000,-6.187000,3m BRU
1044,CSW24_hsp,3,4,22.310000,15.084000,-7.226000,c9 BURIED
1044,CSW24_hsp,4,3,22.310000,14.950000,-7.360000,c9 BURDIE
1044,CSW24_hsp,5,2,23.792000,14.924000,-8.868000,c8 OBTRUDE
1044,CSW24_hsp,6,8,20.362000,14.253000,-6.109000,3j BI
1044,CSW24_hsp,7,9,20.085000,13.856000,-6.229000,3m BRO
1044,CSW24_hsp,8,6,21.792000,13.453000,-8.339000,c7 OUTBRED
1044,CSW24_hsp,9,10,19.792000,13.175000,-6.617000,12a BOET
1044,CSW24_hsp,10,17,17.516000,12.204000,-5.312000,o1 BIEN
1044,CSW24_hsp,11,13,19.467000,11.850000,-7.617000,c9 BORIDE
1044,CSW24_hsp,12,14,18.631000,11.725000,-6.906000,c9 TURBO
1044,CSW24_hsp,13,11,19.553000,11.148000,-8.405000,c7 IODURET
1044,CSW24_hsp,14,15,17.603000,11.137000,-6.466000,12a DUET
1044,CSW24_hsp,15,12,19.467000,10.498000,-8.969000,b9 BOGIED
1044,CSW24_hsp,16,23,16.774000,10.402000,-6.372000,d10 OUTBID
1044,CSW24_hsp,17,29,15.362000,10.268000,-5.094000,o1 BI
1044,CSW24_hsp,18,18,17.175000,10.154000,-7.021000,c9 BURET
1044,CSW24_hsp,19,7,20.887000,10.072000,-10.815000,b9 BIGOTED
1044,CSW24_hsp,20,22,16.871000,9.956000,-6.915000,c9 TURBID
1044,CSW24_hsp,21,25,15.771000,9.640000,-6.131000,9l OX
1044,CSW24_hsp,22,16,17.553000,9.352000,-8.201000,c7 ETOURDI
1044,CSW24_hsp,23,34,14.085000,8.979000,-5.106000,o1 BO
1044,CSW24_hsp,24,31,15.219000,8.741000,-6.478000,12a DIET
1044,CSW24_hsp,25,19,17.099000,8.616000,-8.483000,b9 DUGITE
876,CSW24_hsp,1,2,18.908000,13.502000,-5.406000,6i OU
876,CSW24_hsp,2,1,19.169000,12.848000,-6.321000,5g UNCUT
876,CSW24_hsp,3,3,18.258000,11.600000,-6.658000,5g UNCUTE
876,CSW24_hsp,4,4,16.908000,10.928000,-5.980000,k12 UR
876,CSW24_hsp,5,5,15.654000,10.427000,-5.227000,ex UU
876,CSW24_hsp,6,6,15.576000,9.859000,-5.717000,k11 RURU
876,CSW24_hsp,7,7,14.908000,9.681000,-5.227000,ex U
876,CSW24_hsp,8,8,14.850000,9.314000,-5.536000,h12 UTES
876,CSW24_hsp,9,10,13.622000,7.223000,-6.399000,k7 UNTRUER
876,CSW24_hsp,10,11,13.622000,7.086000,-6.536000,k8 NURTURE
876,CSW24_hsp,11,9,14.258000,6.812000,-7.446000,k10 UNTRUE
876,CSW24_hsp,12,16,12.167000,6.536000,-5.631000,5i CRU
876,CSW24_hsp,13,23,11.688000,6.461000,-5.227000,ex NUU
876,CSW24_hsp,14,19,11.862000,6.435000,-5.427000,12j NUT
876,CSW24_hsp,15,17,12.167000,6.401000,-5.766000,5i CUR
876,CSW24_hsp,16,20,11.857000,6.314000,-5.543000,h10 URATES
876,CSW24_hsp,17,22,11.850000,6.301000,-5.549000,12k UT
876,CSW24_hsp,18,18,12.111000,6.228000,-5.883000,5i CUE
876,CSW24_hsp,19,12,12.887000,6.170000,-6.717000,5g UNCRATE
876,CSW24_hsp,20,21,11.850000,6.108000,-5.742000,5i CUT
876,CSW24_hsp,21,14,12.439000,5.650000,-6.789000,5g UNCATE
876,CSW24_hsp,22,31,11.181000,5.499000,-5.682000,l10 UNAI
876,CSW24_hsp,23,34,10.998000,5.393000,-5.605000,l11 UNI
876,CSW24_hsp,24,33,10.998000,5.335000,-5.663000,k11 NUR
876,CSW24_hsp,25,29,11.477000,5.023000,-6.454000,l12 AITU
574,CSW24_hsp,1,1,57.518000,42.121000,-15.397000,f6 FOUTH
574,CSW24_hsp,2,2,49.119000,32.288000,-16.831000,a5 FOWTH
574,CSW24_hsp,3,3,44.790000,29.392000,-15.398000,a8 WHOT
574,CSW24_hsp,4,7,41.962000,26.558000,-15.404000,a8 WHET
574,CSW24_hsp,5,5,43.102000,26.386000,-16.716000,f3 HOWF
574,CSW24_hsp,6,6,42.752000,26.043000,-16.709000,a5 WHEFT
574,CSW24_hsp,7,8,39.193000,23.538000,-15.655000,a8 WHO
574,CSW24_hsp,8,4,43.119000,22.883000,-20.236000,d1 FOWTH
574,CSW24_hsp,9,9,37.579000,21.396000,-16.183000,a7 HOWE
574,CSW24_hsp,10,10,37.119000,20.146000,-16.973000,d2 FOWTH
574,CSW24_hsp,11,15,35.840000,19.811000,-16.029000,f6 HOUF
574,CSW24_hsp,12,14,36.007000,19.712000,-16.295000,f4 WOF
574,CSW24_hsp,13,12,37.102000,19.021000,-18.081000,11h HOWF
574,CSW24_hsp,14,11,37.119000,18.896000,-18.223000,11h FOWTH
574,CSW24_hsp,15,16,34.102000,17.403000,-16.699000,6b WHOOF
574,CSW24_hsp,16,18,33.342000,17.348000,-15.994000,13a WAFT
574,CSW24_hsp,17,13,36.752000,17.242000,-19.510000,d1 WHEFT
574,CSW24_hsp,18,17,33.904000,16.870000,-17.034000,a5 THEOW
574,CSW24_hsp,19,19,33.119000,16.390000,-16.729000,c5 FOWTH
574,CSW24_hsp,20,20,32.562000,16.322000,-16.240000,h11 WEFTE
574,CSW24_hsp,21,22,32.260000,16.158000,-16.102000,a7 FEW
574,CSW24_hsp,22,21,32.260000,15.993000,-16.267000,f4 FEW
574,CSW24_hsp,23,23,31.904000,15.311000,-16.593000,f2 THEOW
574,CSW24_hsp,24,24,31.562000,14.867000,-16.695000,a6 WEFT
574,CSW24_hsp,25,25,31.102000,14.320000,-16.782000,c6 HOWF
532,CSW24_hsp,1,1,62.000000,47.276000,-14.724000,7i ANTIENT
532,CSW24_hsp,2,2,24.519000,19.908000,-4.611000,10c ANTE
532,CSW24_hsp,3,6,20.576000,15.064000,-5.512000,10c INT
532,CSW24_hsp,4,5,20.672000,14.694000,-5.978000,10c ANT
532,CSW24_hsp,5,7,19.576000,14.368000,-5.208000,d8 DAINT
532,CSW24_hsp,6,3,21.249000,14.235000,-7.014000,e5 INTOWN
532,CSW24_hsp,7,8,19.355000,14.131000,-5.224000,10c NET
532,CSW24_hsp,8,9,19.355000,13.934000,-5.421000,10c TEN
532,CSW24_hsp,9,13,18.579000,13.844000,-4.735000,10e NE
532,CSW24_hsp,10,4,21.078000,13.701000,-7.377000,e7 TOWNIE
532,CSW24_hsp,11,11,19.078000,13.701000,-5.377000,10b TINE
532,CSW24_hsp,12,12,18.579000,13.560000,-5.019000,10e EN
532,CSW24_hsp,13,14,18.519000,12.863000,-5.656000,10b TANE
532,CSW24_hsp,14,16,17.981000,12.630000,-5.351000,10b TINT
532,CSW24_hsp,15,26,17.530000,12.516000,-5.014000,f8 DAN
532,CSW24_hsp,16,19,17.948000,12.362000,-5.586000,f8 DANT
532,CSW24_hsp,17,20,17.672000,12.217000,-5.455000,7h NAT
532,CSW24_hsp,18,29,16.790000,12.118000,-4.672000,10e TE
532,CSW24_hsp,19,22,17.576000,11.992000,-5.584000,7h NIT
532,CSW24_hsp,20,15,18.032000,11.912000,-6.120000,7g ANENT
532,CSW24_hsp,21,24,17.530000,11.892000,-5.638000,e7 NOW
532,CSW24_hsp,22,17,17.948000,11.676000,-6.272000,e7 NOWT
532,CSW24_hsp,23,18,17.948000,11.659000,-6.289000,e7 TOWN
532,CSW24_hsp,24,21,17.672000,11.654000,-6.018000,7h TAN
532,CSW24_hsp,25,25,17.530000,11.642000,-5.888000,e8 OWN
1197,CSW24_hsp,1,1,47.778000,43.227000,-4.551000,13m QI
1197,CSW24_hsp,2,3,36.778000,31.594000,-5.184000,k7 QI
1197,CSW24_hsp,3,2,36.778000,31.411000,-5.367000,1n QI
1197,CSW24_hsp,4,5,35.908000,31.046000,-4.862000,10e QIS
1197,CSW24_hsp,5,4,36.117000,30.586000,-5.531000,10e QI
1197,CSW24_hsp,6,6,34.117000,28.914000,-5.203000,i1 QI
1197,CSW24_hsp,7,7,27.850000,22.301000,-5.549000,ex BQ
1197,CSW24_hsp,8,8,25.778000,20.229000,-5.549000,ex Q
1197,CSW24_hsp,9,10,22.387000,17.610000,-4.777000,6h BEN
1197,CSW24_hsp,10,9,22.667000,17.118000,-5.549000,ex BIQ
1197,CSW24_hsp,11,11,20.987000,15.122000,-5.865000,12k BRINY
1197,CSW24_hsp,12,14,19.387000,14.390000,-4.997000,13m BI
1197,CSW24_hsp,13,12,19.565000,14.357000,-5.208000,h6 BEAUT
1197,CSW24_hsp,14,15,19.387000,14.104000,-5.283000,14m BA
1197,CSW24_hsp,15,13,19.476000,13.927000,-5.549000,ex QT
1197,CSW24_hsp,16,16,19.350000,13.801000,-5.549000,ex BQT
1197,CSW24_hsp,17,18,18.438000,13.373000,-5.065000,k7 QIS
1197,CSW24_hsp,18,17,18.901000,13.352000,-5.549000,ex BQR
1197,CSW24_hsp,19,19,18.164000,12.614000,-5.550000,10d BRIS
1197,CSW24_hsp,20,20,18.117000,12.568000,-5.549000,ex IQ
1197,CSW24_hsp,21,22,17.933000,12.384000,-5.549000,ex BIQT
1197,CSW24_hsp,22,21,17.978000,12.200000,-5.778000,10c BREIS
1197,CSW24_hsp,23,25,17.431000,12.181000,-5.250000,h6 BEAUTER
1197,CSW24_hsp,24,24,17.549000,12.000000,-5.549000,ex QR
1197,CSW24_hsp,25,23,17.656000,11.707000,-5.949000,10e BIS
549,CSW24_hsp,1,1,18.880000,13.006000,-5.874000,5k JOWL
549,CSW24_hsp,2,2,15.476000,9.669000,-5.807000,j6 JAW
549,CSW24_hsp,3,4,13.611000,8.027000,-5.584000,5i JALOP
549,CSW24_hsp,4,3,13.733000,7.886000,-5.847000,j6 JAP
549,CSW24_hsp,5,7,11.653000,6.506000,-5.147000,k5 JA
549,CSW24_hsp,6,5,11.971000,6.035000,-5.936000,5j PLOW
549,CSW24_hsp,7,6,11.971000,5.845000,-6.126000,5k LOWP
549,CSW24_hsp,8,9,10.255000,4.755000,-5.500000,5k JOW
549,CSW24_hsp,9,8,10.300000,4.595000,-5.705000,5k VOW
549,CSW24_hsp,10,10,10.187000,4.037000,-6.150000,j6 VAW
549,CSW24_hsp,11,12,9.975000,3.933000,-6.042000,5k JOLL
549,CSW24_hsp,12,11,10.050000,3.632000,-6.418000,j6 PAWL
549,CSW24_hsp,13,13,8.526000,2.036000,-6.490000,j6 WALL
549,CSW24_hsp,14,15,7.384000,1.410000,-5.974000,5k VOL
549,CSW24_hsp,15,16,7.145000,0.873000,-6.272000,c9 PAW
549,CSW24_hsp,16,14,7.405000,0.824000,-6.581000,13a WELP
549,CSW24_hsp,17,18,6.187000,0.435000,-5.752000,5j AVOW
549,CSW24_hsp,18,17,6.611000,0.340000,-6.271000,j6 PAV
549,CSW24_hsp,19,20,5.570000,-0.150000,-5.720000,5k JOL
549,CSW24_hsp,20,19,5.653000,-0.260000,-5.913000,j6 JA
549,CSW24_hsp,21,21,4.900000,-1.690000,-6.590000,j6 PALL
549,CSW24_hsp,22,22,4.145000,-2.085000,-6.230000,j6 WAP
549,CSW24_hsp,23,24,3.387000,-2.621000,-6.008000,5k POW
549,CSW24_hsp,24,25,3.387000,-2.647000,-6.034000,5k WOP
549,CSW24_hsp,25,23,3.387000,-3.117000,-6.504000,3l TWP
172,CSW24_hsp,1,1,42.265000,33.816000,-8.449000,10j SEE
172,CSW24_hsp,2,2,41.247000,33.799000,-7.448000,10i ES
172,CSW24_hsp,3,4,41.012000,33.483000,-7.529000,10g SEES
172,CSW24_hsp,4,7,41.012000,33.103000,-7.909000,10i ESES
172,CSW24_hsp,5,6,41.012000,33.081000,-7.931000,10h SESE
172,CSW24_hsp,6,8,41.012000,33.056000,-7.956000,10i ESSE
172,CSW24_hsp,7,3,41.012000,32.989000,-8.023000,10g ESES
172,CSW24_hsp,8,5,41.012000,32.880000,-8.132000,10h ESSE
172,CSW24_hsp,9,9,41.012000,32.436000,-8.576000,10j SEES
172,CSW24_hsp,10,10,41.012000,32.367000,-8.645000,10j SESE
172,CSW24_hsp,11,11,39.640000,32.083000,-7.557000,10g TEES
172,CSW24_hsp,12,17,37.345000,29.657000,-7.688000,10i ESS
172,CSW24_hsp,13,16,37.345000,29.432000,-7.913000,10h ESS
172,CSW24_hsp,14,13,39.012000,29.088000,-9.924000,n2 SEES
172,CSW24_hsp,15,14,38.265000,28.738000,-9.527000,n5 SEE
172,CSW24_hsp,16,12,39.012000,28.532000,-10.480000,n2 ESES
172,CSW24_hsp,17,24,35.778000,28.390000,-7.388000,10h TES
172,CSW24_hsp,18,15,37.640000,27.836000,-9.804000,n2 TEES
172,CSW24_hsp,19,26,35.778000,27.723000,-8.055000,10j SET
172,CSW24_hsp,20,19,37.012000,27.613000,-9.399000,n3 SESE
172,CSW24_hsp,21,27,35.265000,27.585000,-7.680000,l8 SEE
172,CSW24_hsp,22,25,35.778000,27.506000,-8.272000,10i EST
172,CSW24_hsp,23,18,37.012000,27.481000,-9.531000,n3 ESSE
172,CSW24_hsp,24,20,37.012000,27.469000,-9.543000,n4 ESES
172,CSW24_hsp,25,21,37.012000,27.397000,-9.615000,n4 ESSE
371,CSW24_hsp,1,1,36.014000,28.255000,-7.759000,k5 FY
371,CSW24_hsp,2,2,35.539000,27.836000,-7.703000,k5 KY
371,CSW24_hsp,3,3,29.487000,21.495000,-7.992000,k5 NY
371,CSW24_hsp,4,4,25.509000,17.164000,-8.345000,12k SKYF
371,CSW24_hsp,5,7,19.107000,11.074000,-8.033000,e9 FRANK
371,CSW24_hsp,6,5,20.316000,10.814000,-9.502000,e10 FANNY
371,CSW24_hsp,7,6,19.110000,10.675000,-8.435000,e4 KNAG
371,CSW24_hsp,8,8,18.311000,10.102000,-8.209000,12k SKRY
371,CSW24_hsp,9,9,18.311000,9.707000,-8.604000,12k SKYR
371,CSW24_hsp,10,11,18.148000,9.453000,-8.695000,j11 SKYF
371,CSW24_hsp,11,10,18.148000,9.405000,-8.743000,f11 SKYF
371,CSW24_hsp,12,14,15.487000,8.252000,-7.235000,f9 NYS
371,CSW24_hsp,13,12,16.835000,7.857000,-8.978000,e10 FANK
371,CSW24_hsp,14,13,16.315000,7.441000,-8.874000,e4 KNAGS
371,CSW24_hsp,15,16,15.448000,7.281000,-8.167000,6h SNY
371,CSW24_hsp,16,15,15.469000,7.055000,-8.414000,e4 FRAG
371,CSW24_hsp,17,18,14.683000,6.242000,-8.441000,h11 INKY
371,CSW24_hsp,18,19,14.448000,6.056000,-8.392000,12k SNY
371,CSW24_hsp,19,20,14.448000,6.042000,-8.406000,12k SYN
371,CSW24_hsp,20,17,15.247000,5.904000,-9.343000,e10 NARKY
371,CSW24_hsp,21,24,13.639000,5.555000,-8.084000,5k NAW
371,CSW24_hsp,22,22,13.693000,5.093000,-8.600000,j11 SKRY
371,CSW24_hsp,23,25,13.552000,5.080000,-8.472000,12k SKY
371,CSW24_hsp,24,21,13.693000,5.064000,-8.629000,f11 SKRY
371,CSW24_hsp,25,26,13.054000,5.010000,-8.044000,5k FAW
253,CSW24_hsp,1,1,64.000000,51.586000,-12.414000,g5 FIGtREES
253,CSW24_hsp,2,2,42.485000,36.423000,-6.062000,9h EF
253,CSW24_hsp,3,3,39.426000,33.276000,-6.150000,9g ERF
253,CSW24_hsp,4,4,39.107000,33.141000,-5.966000,9h IF
253,CSW24_hsp,5,5,36.574000,29.291000,-7.283000,j6 GED
253,CSW24_hsp,6,11,33.242000,27.524000,-5.718000,9h EFS
253,CSW24_hsp,7,6,35.485000,26.988000,-8.497000,k5 FEY
253,CSW24_hsp,8,9,33.978000,26.798000,-7.180000,7c GIF
253,CSW24_hsp,9,7,35.171000,26.709000,-8.462000,k5 GEY
253,CSW24_hsp,10,10,33.978000,26.615000,-7.363000,9c GIF
253,CSW24_hsp,11,8,34.350000,26.376000,-7.974000,6k FEG
253,CSW24_hsp,12,12,32.242000,25.126000,-7.116000,k5 FEYS
253,CSW24_hsp,13,26,30.366000,24.713000,-5.653000,9h IFS
253,CSW24_hsp,14,16,31.457000,24.238000,-7.219000,j6 FED
253,CSW24_hsp,15,13,31.978000,24.188000,-7.790000,6k FIG
253,CSW24_hsp,16,23,30.485000,23.930000,-6.555000,9g EF
253,CSW24_hsp,17,14,31.854000,23.787000,-8.067000,l2 FRIGES
253,CSW24_hsp,18,25,30.457000,23.534000,-6.923000,i7 KIF
253,CSW24_hsp,19,21,30.485000,23.385000,-7.100000,7d EF
253,CSW24_hsp,20,15,31.854000,23.365000,-8.489000,l2 GRIEFS
253,CSW24_hsp,21,22,30.485000,23.076000,-7.409000,9d EF
253,CSW24_hsp,22,17,31.350000,22.901000,-8.449000,f7 FLEG
253,CSW24_hsp,23,24,30.465000,22.785000,-7.680000,l4 FEGS
253,CSW24_hsp,24,29,29.790000,22.722000,-7.068000,9e FIE
253,CSW24_hsp,25,20,30.485000,22.397000,-8.088000,6k FE
1089,CSW24_hsp,1,1,43.082000,37.378000,-5.704000,13i PETSAI
1089,CSW24_hsp,2,2,40.220000,35.174000,-5.046000,5j PA
1089,CSW24_hsp,3,4,39.901000,34.380000,-5.521000,2l PAD
1089,CSW24_hsp,4,5,39.220000,34.249000,-4.971000,d3 PAL
1089,CSW24_hsp,5,6,39.197000,34.116000,-5.081000,m10 DIPT
1089,CSW24_hsp,6,9,38.901000,33.942000,-4.959000,2l DAP
1089,CSW24_hsp,7,10,37.967000,32.958000,-5.009000,m10 DIP
1089,CSW24_hsp,8,13,37.340000,32.459000,-4.881000,9g AD
1089,CSW24_hsp,9,12,37.340000,32.375000,-4.965000,5j DA
1089,CSW24_hsp,10,11,37.340000,32.319000,-5.021000,d3 DAL
1089,CSW24_hsp,11,8,39.012000,32.201000,-6.811000,2l PAID
1089,CSW24_hsp,12,15,36.901000,32.021000,-4.880000,9f DAP
1089,CSW24_hsp,13,7,39.012000,31.742000,-7.270000,2l PADI
1089,CSW24_hsp,14,3,39.935000,31.643000,-8.292000,d1 PEDAL
1089,CSW24_hsp,15,17,36.353000,31.219000,-5.134000,13k ASP
1089,CSW24_hsp,16,19,36.220000,31.189000,-5.031000,d11 PA
1089,CSW24_hsp,17,22,35.967000,31.021000,-4.946000,9f DIP
1089,CSW24_hsp,18,20,36.220000,31.010000,-5.210000,m12 PA
1089,CSW24_hsp,19,23,35.901000,31.004000,-4.897000,9f PAD
1089,CSW24_hsp,20,18,36.220000,30.923000,-5.297000,2l PA
1089,CSW24_hsp,21,26,35.827000,30.906000,-4.921000,9g ID
1089,CSW24_hsp,22,14,37.082000,30.835000,-6.247000,13j PASTIE
1089,CSW24_hsp,23,16,36.792000,30.569000,-6.223000,13j PASTED
1089,CSW24_hsp,24,30,35.545000,30.524000,-5.021000,m10 DITA
1089,CSW24_hsp,25,21,36.178000,30.505000,-5.673000,2l PAT
219,CSW24_hsp,1,1,67.000000,62.580000,-4.420000,2f TARDIVE
219,CSW24_hsp,2,3,28.572000,24.982000,-3.590000,6f VERD
219,CSW24_hsp,3,2,28.688000,24.870000,-3.818000,6d DIVER
219,CSW24_hsp,4,5,27.570000,23.929000,-3.641000,6f VERA
219,CSW24_hsp,5,4,27.570000,23.601000,-3.969000,6e AVER
219,CSW24_hsp,6,6,26.859000,23.084000,-3.775000,4g GUV
219,CSW24_hsp,7,7,26.688000,23.054000,-3.634000,k1 DIV
219,CSW24_hsp,8,10,26.185000,22.494000,-3.691000,6f VERT
219,CSW24_hsp,9,14,25.076000,22.161000,-2.915000,o12 VITA
219,CSW24_hsp,10,8,26.688000,22.107000,-4.581000,i2 DIV
219,CSW24_hsp,11,9,26.438000,22.070000,-4.368000,i2 DIVA
219,CSW24_hsp,12,12,25.688000,21.998000,-3.690000,11e DIVi
219,CSW24_hsp,13,11,25.859000,21.668000,-4.191000,5f VET
219,CSW24_hsp,14,13,25.284000,21.309000,-3.975000,6c TAIVER
219,CSW24_hsp,15,16,25.056000,21.257000,-3.799000,6e AVERT
219,CSW24_hsp,16,15,25.056000,21.150000,-3.906000,6d TAVER
219,CSW24_hsp,17,21,24.353000,21.103000,-3.250000,i4 VAR
219,CSW24_hsp,18,18,24.680000,21.009000,-3.671000,6k HIDED
219,CSW24_hsp,19,19,24.622000,20.943000,-3.679000,6k HIDER
219,CSW24_hsp,20,17,24.705000,20.793000,-3.912000,6e VIER
219,CSW24_hsp,21,20,24.572000,20.719000,-3.853000,6f DERV
219,CSW24_hsp,22,22,24.301000,20.398000,-3.903000,6d AIVER
219,CSW24_hsp,23,23,24.006000,20.186000,-3.820000,6b DERIVER
219,CSW24_hsp,24,24,23.778000,20.017000,-3.761000,j1 DAVIT
219,CSW24_hsp,25,25,23.622000,19.933000,-3.689000,g13 ROK
372,CSW24_hsp,1,1,71.067000,65.172000,-5.895000,k5 TuBIFEX
372,CSW24_hsp,2,2,47.628000,38.870000,-8.758000,d10 PREFIX
372,CSW24_hsp,3,3,35.493000,30.356000,-5.137000,1a EFT
372,CSW24_hsp,4,4,34.916000,25.847000,-9.069000,d11 REFIX
372,CSW24_hsp,5,5,25.496000,20.076000,-5.420000,1a EF
372,CSW24_hsp,6,7,23.451000,15.680000,-7.771000,5c FIB
372,CSW24_hsp,7,6,23.451000,15.674000,-7.777000,f2 FUB
372,CSW24_hsp,8,8,22.813000,14.737000,-8.076000,d10 FRIB
372,CSW24_hsp,9,9,21.451000,13.681000,-7.770000,k5 FuB
372,CSW24_hsp,10,10,20.597000,13.157000,-7.440000,5c PIX
372,CSW24_hsp,11,12,19.118000,11.739000,-7.379000,5c FIX
372,CSW24_hsp,12,11,19.291000,11.373000,-7.918000,f2 PUB
372,CSW24_hsp,13,13,18.381000,11.229000,-7.152000,o3 XI
372,CSW24_hsp,14,14,18.326000,10.696000,-7.630000,o3 PI
372,CSW24_hsp,15,17,18.238000,10.573000,-7.665000,o3 PE
372,CSW24_hsp,16,15,18.291000,10.321000,-7.970000,k5 PuB
372,CSW24_hsp,17,18,18.124000,10.207000,-7.917000,9e BOWET
372,CSW24_hsp,18,19,18.065000,10.198000,-7.867000,f1 PFUI
372,CSW24_hsp,19,16,18.264000,9.849000,-8.415000,d10 BRIEF
372,CSW24_hsp,20,20,17.459000,9.614000,-7.845000,d10 PREX
372,CSW24_hsp,21,21,17.065000,9.373000,-7.692000,k4 PFuI
372,CSW24_hsp,22,22,16.829000,9.170000,-7.659000,4a BE
372,CSW24_hsp,23,23,16.496000,8.833000,-7.663000,e3 NEF
372,CSW24_hsp,24,25,16.144000,7.816000,-8.328000,3m ZAP
372,CSW24_hsp,25,26,16.078000,7.756000,-8.322000,k5 PuBE
54,CSW24_hsp,1,1,43.841000,35.294000,-8.547000,15k GLIFF
54,CSW24_hsp,2,2,26.262000,17.400000,-8.862000,15k FLAIL
54,CSW24_hsp,3,3,22.262000,12.717000,-9.545000,15a FLAIL
54,CSW24_hsp,4,4,21.061000,11.661000,-9.400000,15k GLIAL
54,CSW24_hsp,5,5,19.061000,9.321000,-9.740000,15a GLIAL
54,CSW24_hsp,6,6,14.841000,3.147000,-11.694000,m8 GLIFFS
54,CSW24_hsp,7,8,13.278000,1.115000,-12.163000,15k FLAG
54,CSW24_hsp,8,9,12.770000,1.031000,-11.739000,n6 FIG
54,CSW24_hsp,9,7,14.294000,0.937000,-13.357000,n13 EFF
54,CSW24_hsp,10,10,12.218000,0.724000,-11.494000,b10 GAFF
54,CSW24_hsp,11,17,10.767000,-0.007000,-10.774000,l9 FILLO
54,CSW24_hsp,12,16,10.770000,-0.020000,-10.790000,l10 FIGO
54,CSW24_hsp,13,13,11.278000,-0.085000,-11.363000,m9 FLAGS
54,CSW24_hsp,14,11,11.370000,-0.202000,-11.572000,k10 FLITE
54,CSW24_hsp,15,19,9.864000,-0.446000,-10.310000,a8 IF
54,CSW24_hsp,16,15,10.864000,-0.979000,-11.843000,14m IF
54,CSW24_hsp,17,14,10.896000,-1.395000,-12.291000,n6 FAG
54,CSW24_hsp,18,22,9.370000,-1.517000,-10.887000,l10 FILO
54,CSW24_hsp,19,12,11.278000,-1.613000,-12.891000,n5 FLAG
54,CSW24_hsp,20,20,9.459000,-2.128000,-11.587000,b10 GALL
54,CSW24_hsp,21,18,10.278000,-2.726000,-13.004000,15b FLAG
54,CSW24_hsp,22,21,9.370000,-3.141000,-12.511000,h4 FLITED
54,CSW24_hsp,23,24,8.770000,-3.152000,-11.922000,15k FIG
54,CSW24_hsp,24,27,8.606000,-3.536000,-12.142000,15k GAFF
54,CSW24_hsp,25,26,8.654000,-3.623000,-12.277000,15k FALL
63,CSW24_hsp,1,1,28.728000,18.524000,-10.204000,13l GAW
63,CSW24_hsp,2,2,25.751000,18.291000,-7.460000,15m AWN
63,CSW24_hsp,3,5,25.214000,17.980000,-7.234000,15l NARY
63,CSW24_hsp,4,7,24.508000,17.172000,-7.336000,15m AWA
63,CSW24_hsp,5,6,25.083000,15.044000,-10.039000,13l GAY
63,CSW24_hsp,6,15,22.270000,15.001000,-7.269000,15n AW
63,CSW24_hsp,7,3,25.483000,14.754000,-10.729000,k11 YAWN
63,CSW24_hsp,8,4,25.244000,14.170000,-11.074000,k10 WAYANG
63,CSW24_hsp,9,19,21.284000,13.993000,-7.291000,15m ARY
63,CSW24_hsp,10,9,24.270000,13.484000,-10.786000,13m AW
63,CSW24_hsp,11,8,24.382000,13.267000,-11.115000,m11 WARTY
63,CSW24_hsp,12,10,22.728000,13.150000,-9.578000,7g GAW
63,CSW24_hsp,13,12,22.382000,12.060000,-10.322000,7g AWRY
63,CSW24_hsp,14,14,22.270000,12.014000,-10.256000,f6 WAW
63,CSW24_hsp,15,13,22.382000,11.628000,-10.754000,10i AWRY
63,CSW24_hsp,16,11,22.441000,11.409000,-11.032000,m11 WANTY
63,CSW24_hsp,17,40,19.139000,10.946000,-8.193000,15j WYN
63,CSW24_hsp,18,17,21.869000,10.430000,-11.439000,9h WAYANG
63,CSW24_hsp,19,54,17.732000,10.395000,-7.337000,15n AY
63,CSW24_hsp,20,57,17.557000,10.293000,-7.264000,15m ANY
63,CSW24_hsp,21,16,21.869000,10.036000,-11.833000,7h WAYANG
63,CSW24_hsp,22,26,20.441000,9.966000,-10.475000,7g AWNY
63,CSW24_hsp,23,20,20.910000,9.928000,-10.982000,m9 GYRANT
63,CSW24_hsp,24,52,17.751000,9.923000,-7.828000,15l NAW
63,CSW24_hsp,25,33,19.751000,9.877000,-9.874000,12d AWARN
1190,CSW24_hsp,1,1,32.716000,23.213000,-9.503000,m7 WIZ
1190,CSW24_hsp,2,2,30.366000,20.811000,-9.555000,m6 QUIZ
1190,CSW24_hsp,3,3,28.988000,19.218000,-9.770000,j6 TOWT
1190,CSW24_hsp,4,4,26.400000,16.605000,-9.795000,h4 QUA
1190,CSW24_hsp,5,5,25.993000,16.198000,-9.795000,2g WORT
1190,CSW24_hsp,6,6,24.182000,15.254000,-8.928000,b4 OWT
1190,CSW24_hsp,7,7,23.988000,14.936000,-9.052000,7c WOP
1190,CSW24_hsp,8,8,23.879000,14.159000,-9.720000,7k ROT
1190,CSW24_hsp,9,9,22.993000,12.980000,-10.013000,2g ROWT
1190,CSW24_hsp,10,10,22.192000,12.144000,-10.048000,m6 QUIRT
1190,CSW24_hsp,11,14,20.988000,11.958000,-9.030000,2f OW
1190,CSW24_hsp,12,11,22.182000,11.782000,-10.400000,b8 TOW
1190,CSW24_hsp,13,15,20.769000,11.497000,-9.272000,m7 QI
1190,CSW24_hsp,14,19,20.182000,11.455000,-8.727000,b3 TOW
1190,CSW24_hsp,15,21,19.988000,10.984000,-9.004000,b5 WO
1190,CSW24_hsp,16,16,20.552000,10.812000,-9.740000,m6 QUIT
1190,CSW24_hsp,17,17,20.479000,10.774000,-9.705000,9b QUOD
1190,CSW24_hsp,18,18,20.182000,10.292000,-9.890000,2g WOT
1190,CSW24_hsp,19,12,21.182000,9.932000,-11.250000,n6 WONT
1190,CSW24_hsp,20,13,21.182000,9.624000,-11.558000,n8 NOWT
1190,CSW24_hsp,21,20,19.993000,9.173000,-10.820000,b8 TROW
1190,CSW24_hsp,22,27,18.509000,9.083000,-9.426000,m7 WIT
1190,CSW24_hsp,23,23,19.074000,9.043000,-10.031000,h1 DROW
1190,CSW24_hsp,24,31,18.074000,9.027000,-9.047000,g3 WORN
1190,CSW24_hsp,25,26,18.988000,8.818000,-10.170000,j9 TWO
1160,CSW24_hsp,1,1,35.597000,31.624000,-3.973000,j2 PINK
1160,CSW24_hsp,2,2,30.676000,25.538000,-5.138000,g3 KIP
1160,CSW24_hsp,3,3,29.426000,25.146000,-4.280000,12a POWNIE
1160,CSW24_hsp,4,4,27.449000,23.069000,-4.380000,12a PINKIE
1160,CSW24_hsp,5,5,27.400000,22.647000,-4.753000,j2 PIN
1160,CSW24_hsp,6,6,27.363000,22.030000,-5.333000,j2 PI
1160,CSW24_hsp,7,7,24.920000,19.859000,-5.061000,g3 KOP
1160,CSW24_hsp,8,8,22.370000,16.852000,-5.518000,g3 KI
1160,CSW24_hsp,9,11,19.974000,15.557000,-4.417000,12b POKIE
1160,CSW24_hsp,10,10,20.517000,15.472000,-5.045000,j1 OP
1160,CSW24_hsp,11,9,21.214000,15.339000,-5.875000,g9 WIG
1160,CSW24_hsp,12,16,18.866000,14.561000,-4.305000,k2 WINO
1160,CSW24_hsp,13,12,19.400000,14.440000,-4.960000,j2 NIP
1160,CSW24_hsp,14,18,18.203000,13.845000,-4.358000,12b KNOWE
1160,CSW24_hsp,15,14,19.363000,13.745000,-5.618000,g9 PIG
1160,CSW24_hsp,16,15,19.214000,13.544000,-5.670000,d12 WINY
1160,CSW24_hsp,17,13,19.363000,13.455000,-5.908000,g3 PI
1160,CSW24_hsp,18,17,18.322000,12.163000,-6.159000,m6 OW
1160,CSW24_hsp,19,23,16.618000,11.838000,-4.780000,12c OWIE
1160,CSW24_hsp,20,19,17.363000,11.735000,-5.628000,d12 PINY
1160,CSW24_hsp,21,20,17.187000,11.658000,-5.529000,h10 WIKI
1160,CSW24_hsp,22,21,16.932000,11.166000,-5.766000,c11 OPIUM
1160,CSW24_hsp,23,24,16.187000,10.745000,-5.442000,h10 KIWI
1160,CSW24_hsp,24,22,16.676000,10.625000,-6.051000,m2 KIP
1160,CSW24_hsp,25,29,14.409000,10.095000,-4.314000,k2 KINO
722,CSW24_hsp,1,1,32.974000,24.934000,-8.040000,5e VROUW
722,CSW24_hsp,2,2,28.496000,19.085000,-9.411000,h12 FROW
722,CSW24_hsp,3,5,24.109000,16.345000,-7.764000,2f VROW
722,CSW24_hsp,4,3,26.055000,16.197000,-9.858000,3c VOWERS
722,CSW24_hsp,5,8,21.639000,12.708000,-8.931000,13g REW
722,CSW24_hsp,6,7,21.974000,12.633000,-9.341000,g9 VOWER
722,CSW24_hsp,7,4,24.504000,12.622000,-11.882000,11a PERVO
722,CSW24_hsp,8,6,22.095000,12.618000,-9.477000,3b PROVERS
722,CSW24_hsp,9,9,20.974000,11.831000,-9.143000,3d VROWS
722,CSW24_hsp,10,11,20.504000,11.491000,-9.013000,3c PROVES
722,CSW24_hsp,11,10,20.504000,11.358000,-9.146000,3c PERVOS
722,CSW24_hsp,12,18,18.974000,11.350000,-7.624000,6e VOWER
722,CSW24_hsp,13,14,19.873000,11.343000,-8.530000,11g POW
722,CSW24_hsp,14,15,19.873000,11.290000,-8.583000,11g WOP
722,CSW24_hsp,15,17,19.200000,10.371000,-8.829000,f11 VROW
722,CSW24_hsp,16,24,17.843000,10.199000,-7.644000,6f PREVED
722,CSW24_hsp,17,16,19.865000,9.945000,-9.920000,6d POWRE
722,CSW24_hsp,18,19,18.873000,9.588000,-9.285000,j11 PROW
722,CSW24_hsp,19,20,18.252000,9.411000,-8.841000,2f PROW
722,CSW24_hsp,20,30,16.344000,8.792000,-7.552000,j2 PWN
722,CSW24_hsp,21,27,16.564000,8.298000,-8.266000,i12 EW
722,CSW24_hsp,22,26,16.564000,8.158000,-8.406000,g12 EW
722,CSW24_hsp,23,25,16.608000,8.063000,-8.545000,13b WOVE
722,CSW24_hsp,24,12,20.504000,7.856000,-12.648000,13a PERVO
722,CSW24_hsp,25,13,20.504000,7.829000,-12.675000,13a PROVE
345,CSW24_hsp,1,1,22.004000,24.230000,2.226000,e7 PINNAL
345,CSW24_hsp,2,2,21.895000,23.439000,1.544000,e8 INFANT
345,CSW24_hsp,3,3,21.090000,22.854000,1.764000,e7 PILAF
345,CSW24_hsp,4,4,19.143000,20.066000,0.923000,e7 PINNA
345,CSW24_hsp,5,5,18.474000,19.416000,0.942000,e7 PINTA
345,CSW24_hsp,6,6,14.859000,15.227000,0.368000,e7 PINT
345,CSW24_hsp,7,8,14.474000,14.742000,0.268000,e8 INAPT
345,CSW24_hsp,8,7,14.743000,14.535000,-0.208000,11c FANTAD
345,CSW24_hsp,9,9,13.291000,14.236000,0.945000,e7 PIN
345,CSW24_hsp,10,10,13.090000,13.659000,0.569000,f11 FLAP
345,CSW24_hsp,11,11,11.885000,11.986000,0.101000,f11 FLAN
345,CSW24_hsp,12,12,10.904000,11.120000,0.216000,f11 PLANT
345,CSW24_hsp,13,13,10.607000,10.893000,0.286000,e7 LIFT
345,CSW24_hsp,14,14,8.474000,8.437000,-0.037000,f11 PANT
345,CSW24_hsp,15,15,7.579000,7.580000,0.001000,f11 PLAN
345,CSW24_hsp,16,16,7.056000,7.305000,0.249000,e7 PINA
345,CSW24_hsp,17,18,6.291000,6.842000,0.551000,d7 PWN
345,CSW24_hsp,18,19,5.815000,6.766000,0.951000,e7 PIT
345,CSW24_hsp,19,17,6.885000,6.285000,-0.600000,d5 FLAWN
345,CSW24_hsp,20,25,4.303000,5.763000,1.460000,10j FID
345,CSW24_hsp,21,20,5.361000,5.625000,0.264000,f1 AFT
345,CSW24_hsp,22,23,4.968000,5.466000,0.498000,e7 LINN
345,CSW24_hsp,23,21,5.038000,5.415000,0.377000,e7 LINT
345,CSW24_hsp,24,22,5.011000,5.112000,0.101000,f11 FLAT
345,CSW24_hsp,25,28,3.303000,4.750000,1.447000,9e FOY
230,CSW24_hsp,1,1,37.778000,24.210000,-13.568000,8j ABODED
230,CSW24_hsp,2,7,32.853000,22.397000,-10.456000,o8 ERODE
230,CSW24_hsp,3,3,34.284000,22.393000,-11.891000,m10 ODEA
230,CSW24_hsp,4,2,35.169000,21.726000,-13.443000,8k BODED
230,CSW24_hsp,5,6,32.854000,21.441000,-11.413000,o6 ADORED
230,CSW24_hsp,6,4,33.854000,21.194000,-12.660000,l4 ADORED
230,CSW24_hsp,7,11,31.077000,20.695000,-10.382000,o8 AREDE
230,CSW24_hsp,8,5,32.854000,20.549000,-12.305000,l4 DEODAR
230,CSW24_hsp,9,10,31.622000,20.168000,-11.454000,o6 ERODED
230,CSW24_hsp,10,8,32.622000,20.006000,-12.616000,l4 ERODED
230,CSW24_hsp,11,16,29.980000,18.866000,-11.114000,o7 OARED
230,CSW24_hsp,12,9,32.086000,18.840000,-13.246000,8k BEDAD
230,CSW24_hsp,13,17,29.980000,18.759000,-11.221000,o7 OREAD
230,CSW24_hsp,14,20,29.522000,18.121000,-11.401000,o6 DEARED
230,CSW24_hsp,15,21,29.522000,18.112000,-11.410000,o6 EARDED
230,CSW24_hsp,16,14,30.076000,17.692000,-12.384000,m11 DOE
230,CSW24_hsp,17,12,30.775000,17.386000,-13.389000,8k BORDE
230,CSW24_hsp,18,13,30.775000,17.384000,-13.391000,8k BORED
230,CSW24_hsp,19,22,28.362000,17.302000,-11.060000,o7 RODED
230,CSW24_hsp,20,18,29.522000,17.260000,-12.262000,l4 DEADER
230,CSW24_hsp,21,19,29.522000,17.251000,-12.271000,l4 DEARED
230,CSW24_hsp,22,15,29.980000,17.193000,-12.787000,l4 ADORE
230,CSW24_hsp,23,33,28.086000,16.765000,-11.321000,o8 DEAD
230,CSW24_hsp,24,23,28.284000,16.541000,-11.743000,o7 ODEA
230,CSW24_hsp,25,29,28.169000,16.492000,-11.677000,o7 EDDO
971,CSW24_hsp,1,1,36.989000,27.913000,-9.076000,13f SAU
971,CSW24_hsp,2,5,34.152000,25.474000,-8.678000,n9 AUA
971,CSW24_hsp,3,3,34.933000,25.259000,-9.674000,i5 AUAS
971,CSW24_hsp,4,2,34.989000,25.259000,-9.730000,j1 SAU
971,CSW24_hsp,5,6,33.673000,24.550000,-9.123000,10i AUA
971,CSW24_hsp,6,10,32.989000,24.547000,-8.442000,n9 AUAS
971,CSW24_hsp,7,4,34.191000,24.091000,-10.100000,13c ASURA
971,CSW24_hsp,8,9,33.221000,23.827000,-9.394000,n13 AA
971,CSW24_hsp,9,8,33.539000,23.671000,-9.868000,13e URASE
971,CSW24_hsp,10,16,31.058000,22.465000,-8.593000,10n AN
971,CSW24_hsp,11,12,31.221000,22.269000,-8.952000,10j AA
971,CSW24_hsp,12,17,30.989000,22.238000,-8.751000,10h SAU
971,CSW24_hsp,13,15,31.058000,22.177000,-8.881000,3c AR
971,CSW24_hsp,14,11,31.933000,21.872000,-10.061000,13c AUAS
971,CSW24_hsp,15,18,30.474000,21.349000,-9.125000,i5 EAUS
971,CSW24_hsp,16,7,33.673000,21.220000,-12.453000,n13 AUA
971,CSW24_hsp,17,21,29.886000,21.019000,-8.867000,3c AREAS
971,CSW24_hsp,18,22,29.763000,20.913000,-8.850000,13g AUE
971,CSW24_hsp,19,20,30.191000,20.703000,-9.488000,i4 AURAS
971,CSW24_hsp,20,14,31.191000,20.463000,-10.728000,13d AURAS
971,CSW24_hsp,21,25,29.197000,20.421000,-8.776000,i6 RUSA
971,CSW24_hsp,22,26,29.197000,20.353000,-8.844000,i6 URSA
971,CSW24_hsp,23,19,30.361000,20.276000,-10.085000,i6 AAS
971,CSW24_hsp,24,32,28.815000,20.075000,-8.740000,3c AREARS
971,CSW24_hsp,25,34,28.739000,19.873000,-8.866000,3c ARAR
486,CSW24_hsp,1,1,78.000000,66.741000,-11.259000,b8 IGNoRES
486,CSW24_hsp,2,3,75.705000,65.921000,-9.784000,8a RIDES
486,CSW24_hsp,3,29,74.000000,64.457000,-9.543000,15f cRINGERS
486,CSW24_hsp,4,28,74.000000,64.237000,-9.763000,15f bRINGERS
486,CSW24_hsp,5,8,74.000000,64.222000,-9.778000,d8 ENRInGS
486,CSW24_hsp,6,30,74.000000,64.189000,-9.811000,15f wRINGERS
486,CSW24_hsp,7,23,74.000000,64.165000,-9.835000,15f GRINdERS
486,CSW24_hsp,8,25,74.000000,64.147000,-9.853000,15f GRInNERS
486,CSW24_hsp,9,24,74.000000,64.146000,-9.854000,15f GRINnERS
486,CSW24_hsp,10,27,74.000000,64.113000,-9.887000,15f IGNoRERS
486,CSW24_hsp,11,26,74.000000,64.096000,-9.904000,15f GRaINERS
486,CSW24_hsp,12,21,74.000000,63.970000,-10.030000,15e SpRINGER
486,CSW24_hsp,13,19,74.000000,63.817000,-10.183000,15e RINGStER
486,CSW24_hsp,14,18,74.000000,63.774000,-10.226000,15e RESIGNeR
486,CSW24_hsp,15,20,74.000000,63.772000,-10.228000,15e ReSIGNER
486,CSW24_hsp,16,22,74.000000,63.759000,-10.241000,15e StRINGER
486,CSW24_hsp,17,35,72.947000,63.181000,-9.766000,8a NIDES
486,CSW24_hsp,18,31,73.000000,63.150000,-9.850000,d8 EnRINGS
486,CSW24_hsp,19,61,71.171000,62.754000,-8.417000,1e QINS
486,CSW24_hsp,20,47,72.000000,62.430000,-9.570000,11c SERvING
486,CSW24_hsp,21,4,75.000000,62.389000,-12.611000,b9 GERmINS
486,CSW24_hsp,22,53,72.000000,62.239000,-9.761000,11c SINGERs
486,CSW24_hsp,23,60,72.000000,62.234000,-9.766000,11c SyRINGE
486,CSW24_hsp,24,57,72.000000,62.217000,-9.783000,11c SpRINGE
486,CSW24_hsp,25,50,72.000000,62.203000,-9.797000,11c SIGNERs
704,CSW24_hsp,1,1,70.000000,63.059000,-6.941000,11a GLIADINS
704,CSW24_hsp,2,2,34.127000,27.185000,-6.942000,5b QI
704,CSW24_hsp,3,3,31.106000,24.067000,-7.039000,i2 ID
704,CSW24_hsp,4,4,29.321000,22.565000,-6.756000,3c AID
704,CSW24_hsp,5,5,28.983000,22.463000,-6.520000,c4 NIBS
704,CSW24_hsp,6,6,28.432000,21.651000,-6.781000,3c AIL
704,CSW24_hsp,7,8,27.106000,19.621000,-7.485000,e8 LAID
704,CSW24_hsp,8,10,26.106000,19.128000,-6.978000,5f DIE
704,CSW24_hsp,9,9,27.106000,18.914000,-8.192000,9i ID
704,CSW24_hsp,10,7,27.110000,18.846000,-8.264000,11a GLIADIN
704,CSW24_hsp,11,12,25.579000,18.680000,-6.899000,3c AIN
704,CSW24_hsp,12,14,25.047000,18.518000,-6.529000,i1 SIN
704,CSW24_hsp,13,11,25.793000,18.503000,-7.290000,i2 IN
704,CSW24_hsp,14,17,24.613000,17.555000,-7.058000,7a PAISA
704,CSW24_hsp,15,15,24.885000,17.461000,-7.424000,b9 NAIL
704,CSW24_hsp,16,13,25.106000,17.045000,-8.061000,i8 HID
704,CSW24_hsp,17,18,24.432000,16.905000,-7.527000,b10 AIL
704,CSW24_hsp,18,28,23.723000,16.824000,-6.899000,5f DIEL
704,CSW24_hsp,19,21,24.127000,16.696000,-7.431000,i8 HI
704,CSW24_hsp,20,24,23.983000,16.673000,-7.310000,7a PAIS
704,CSW24_hsp,21,20,24.321000,16.621000,-7.700000,b10 AID
704,CSW24_hsp,22,16,24.793000,16.607000,-8.186000,9i IN
704,CSW24_hsp,23,19,24.413000,16.526000,-7.887000,5h ELIAD
704,CSW24_hsp,24,29,23.723000,16.282000,-7.441000,5h EILD
704,CSW24_hsp,25,27,23.793000,16.246000,-7.547000,e8 LAIN
589,CSW24_hsp,1,1,80.000000,68.151000,-11.849000,3g GYNOECIA
589,CSW24_hsp,2,2,35.792000,25.172000,-10.620000,e8 JOYANCE
589,CSW24_hsp,3,3,33.852000,24.238000,-9.614000,e8 JOEY
589,CSW24_hsp,4,6,31.852000,24.067000,-7.785000,i7 OYE
589,CSW24_hsp,5,4,32.134000,23.852000,-8.282000,i7 OY
589,CSW24_hsp,6,5,32.134000,23.353000,-8.781000,i8 YO
589,CSW24_hsp,7,11,29.917000,22.938000,-6.979000,i7 CYANO
589,CSW24_hsp,8,10,30.246000,22.685000,-7.561000,i7 AYE
589,CSW24_hsp,9,8,30.426000,22.282000,-8.144000,i7 AY
589,CSW24_hsp,10,7,31.547000,21.187000,-10.360000,h10 AEONIC
589,CSW24_hsp,11,9,30.426000,21.019000,-9.407000,i8 YA
589,CSW24_hsp,12,15,28.362000,20.737000,-7.625000,i8 YONIC
589,CSW24_hsp,13,12,29.246000,20.420000,-8.826000,i8 YAE
589,CSW24_hsp,14,17,26.843000,20.105000,-6.738000,i7 AYIN
589,CSW24_hsp,15,13,29.246000,19.864000,-9.382000,i8 YEA
589,CSW24_hsp,16,16,28.323000,18.909000,-9.414000,i8 YONI
589,CSW24_hsp,17,14,28.688000,18.711000,-9.977000,i8 YE
589,CSW24_hsp,18,23,23.702000,17.832000,-5.870000,i7 CYAN
589,CSW24_hsp,19,22,24.064000,15.633000,-8.431000,i8 YINCE
589,CSW24_hsp,20,21,24.529000,15.616000,-8.913000,i8 YON
589,CSW24_hsp,21,24,23.645000,14.132000,-9.513000,i8 YEAN
589,CSW24_hsp,22,36,21.686000,13.929000,-7.757000,i7 NYE
589,CSW24_hsp,23,33,22.374000,13.699000,-8.675000,i8 YIN
589,CSW24_hsp,24,52,20.134000,13.626000,-6.508000,4i YO
589,CSW24_hsp,25,54,19.645000,13.351000,-6.294000,4i YEAN
950,CSW24_hsp,1,1,45.774000,40.101000,-5.673000,a10 MIKRON
950,CSW24_hsp,2,4,36.319000,32.443000,-3.876000,15a KOINE
950,CSW24_hsp,3,2,36.887000,31.542000,-5.345000,a7 MONIKER
950,CSW24_hsp,4,9,31.356000,26.060000,-5.296000,a11 KORUN
950,CSW24_hsp,5,11,30.061000,25.777000,-4.284000,15a IKON
950,CSW24_hsp,6,3,36.428000,24.920000,-11.508000,4k HOKUM
950,CSW24_hsp,7,16,28.779000,24.338000,-4.441000,15a MEOU
950,CSW24_hsp,8,22,27.780000,23.600000,-4.180000,15a MUON
950,CSW24_hsp,9,5,34.080000,22.713000,-11.367000,l1 KUNE
950,CSW24_hsp,10,8,31.459000,22.453000,-9.006000,k11 KUE
950,CSW24_hsp,11,6,33.061000,21.441000,-11.620000,l1 KINO
950,CSW24_hsp,12,10,30.428000,21.342000,-9.086000,4j KHOUM
950,CSW24_hsp,13,7,32.857000,21.299000,-11.558000,l1 MOKI
950,CSW24_hsp,14,27,27.176000,19.397000,-7.779000,j5 OUK
950,CSW24_hsp,15,45,23.736000,19.273000,-4.463000,15a MENU
950,CSW24_hsp,16,21,28.080000,18.970000,-9.110000,k11 KUNE
950,CSW24_hsp,17,19,28.319000,18.849000,-9.470000,l2 KOINE
950,CSW24_hsp,18,26,27.459000,18.829000,-8.630000,j4 UKE
950,CSW24_hsp,19,20,28.319000,18.647000,-9.672000,k11 KOINE
950,CSW24_hsp,20,12,30.057000,18.645000,-11.412000,l1 KINE
950,CSW24_hsp,21,24,27.459000,18.585000,-8.874000,l2 KUE
950,CSW24_hsp,22,13,29.970000,18.476000,-11.494000,l1 MOKE
950,CSW24_hsp,23,30,26.475000,18.202000,-8.273000,h14 KO
950,CSW24_hsp,24,14,29.909000,18.163000,-11.746000,l1 KENO
950,CSW24_hsp,25,15,29.779000,18.146000,-11.633000,l1 MOUE
914,CSW24_hsp,1,1,42.012000,29.040000,-12.972000,6f CEES
914,CSW24_hsp,2,3,37.911000,28.476000,-9.435000,15l BETE
914,CSW24_hsp,3,2,40.640000,27.660000,-12.980000,6f CETE
914,CSW24_hsp,4,8,33.253000,23.740000,-9.513000,15l BETS
914,CSW24_hsp,5,4,37.265000,22.936000,-14.329000,6f CEE
914,CSW24_hsp,6,6,34.640000,21.118000,-13.522000,6h CTENE
914,CSW24_hsp,7,5,36.012000,20.203000,-15.809000,d8 CESSE
914,CSW24_hsp,8,9,33.191000,19.540000,-13.651000,6h CTENES
914,CSW24_hsp,9,10,32.733000,19.327000,-13.406000,6f TEES
914,CSW24_hsp,10,14,31.894000,18.567000,-13.327000,6f TECS
914,CSW24_hsp,11,13,31.894000,18.563000,-13.331000,6f SECT
914,CSW24_hsp,12,11,32.265000,17.859000,-14.406000,l4 CEE
914,CSW24_hsp,13,15,31.640000,17.640000,-14.000000,m9 CETE
914,CSW24_hsp,14,12,32.012000,17.529000,-14.483000,6e CEES
914,CSW24_hsp,15,16,31.265000,17.092000,-14.173000,m10 CEE
914,CSW24_hsp,16,7,34.191000,16.898000,-17.293000,l1 CETES
914,CSW24_hsp,17,17,30.733000,16.326000,-14.407000,12k SHEET
914,CSW24_hsp,18,23,29.816000,16.116000,-13.700000,6h SEEN
914,CSW24_hsp,19,18,30.345000,15.594000,-14.751000,6f SEC
914,CSW24_hsp,20,19,30.265000,15.419000,-14.846000,l3 CEE
914,CSW24_hsp,21,28,28.911000,15.210000,-13.701000,6h TEEN
914,CSW24_hsp,22,22,30.012000,15.208000,-14.804000,l2 CEES
914,CSW24_hsp,23,32,28.733000,15.172000,-13.561000,6h TEENS
914,CSW24_hsp,24,21,30.012000,15.136000,-14.876000,j2 CEES
914,CSW24_hsp,25,27,28.911000,15.135000,-13.776000,6h ETEN
412,CSW24_hsp,1,2,11.104000,8.423000,-2.681000,7e ULU
412,CSW24_hsp,2,1,11.428000,6.061000,-5.367000,h8 VOULU
412,CSW24_hsp,3,3,10.774000,4.854000,-5.920000,e8 MOULIN
412,CSW24_hsp,4,4,10.496000,4.718000,-5.778000,e4 ONIUM
412,CSW24_hsp,5,8,7.524000,4.028000,-3.496000,e7 UMU
412,CSW24_hsp,6,16,5.702000,2.224000,-3.478000,7f OU
412,CSW24_hsp,7,5,7.970000,2.041000,-5.929000,e4 OLEUM
412,CSW24_hsp,8,6,7.538000,2.016000,-5.522000,e4 UNLIME
412,CSW24_hsp,9,14,6.104000,1.900000,-4.204000,7c ULU
412,CSW24_hsp,10,10,6.918000,1.889000,-5.029000,e8 MOUE
412,CSW24_hsp,11,15,6.104000,1.812000,-4.292000,9c ULU
412,CSW24_hsp,12,9,6.918000,1.734000,-5.184000,e8 MEOU
412,CSW24_hsp,13,7,7.538000,1.564000,-5.974000,e6 LUMINE
412,CSW24_hsp,14,22,4.517000,1.551000,-2.966000,ex OUU
412,CSW24_hsp,15,12,6.767000,1.350000,-5.417000,e8 MULIE
412,CSW24_hsp,16,13,6.715000,1.311000,-5.404000,7c NOULE
412,CSW24_hsp,17,11,6.767000,1.238000,-5.529000,e4 ILEUM
412,CSW24_hsp,18,21,4.542000,0.587000,-3.955000,e8 MUIL
412,CSW24_hsp,19,19,4.777000,0.586000,-4.191000,e8 MUNI
412,CSW24_hsp,20,20,4.777000,0.087000,-4.690000,e8 MUON
412,CSW24_hsp,21,29,2.694000,-0.210000,-2.904000,7e ULE
412,CSW24_hsp,22,30,2.524000,-0.442000,-2.966000,ex UU
412,CSW24_hsp,23,23,4.265000,-0.455000,-4.720000,e4 LINUM
412,CSW24_hsp,24,31,2.428000,-0.538000,-2.966000,ex LOUU
412,CSW24_hsp,25,34,2.119000,-0.847000,-2.966000,ex ILOUU
770,CSW24_hsp,1,1,66.981000,53.502000,-13.479000,o7 OX
770,CSW24_hsp,2,2,62.838000,49.364000,-13.474000,o7 AX
770,CSW24_hsp,3,3,58.888000,45.832000,-13.056000,15g DOX
770,CSW24_hsp,4,4,56.751000,44.105000,-12.646000,15g RAXED
770,CSW24_hsp,5,5,56.508000,43.041000,-13.467000,o7 EX
770,CSW24_hsp,6,6,54.981000,41.486000,-13.495000,15h OX
770,CSW24_hsp,7,7,53.841000,41.003000,-12.838000,15g REDOX
770,CSW24_hsp,8,8,53.217000,40.217000,-13.000000,15f OXER
770,CSW24_hsp,9,9,52.303000,39.124000,-13.179000,15h AXEL
770,CSW24_hsp,10,11,51.969000,39.045000,-12.924000,15h AXED
770,CSW24_hsp,11,10,52.217000,39.019000,-13.198000,15h OXER
770,CSW24_hsp,12,12,51.207000,38.151000,-13.056000,15g DEX
770,CSW24_hsp,13,13,51.207000,38.135000,-13.072000,15g XED
770,CSW24_hsp,14,15,50.615000,37.424000,-13.191000,15g RAX
770,CSW24_hsp,15,14,50.838000,37.337000,-13.501000,15h AX
770,CSW24_hsp,16,16,49.440000,36.221000,-13.219000,15h EXO
770,CSW24_hsp,17,17,48.440000,35.222000,-13.218000,15f EXO
770,CSW24_hsp,18,18,48.077000,35.114000,-12.963000,15g RELAX
770,CSW24_hsp,19,19,46.404000,33.183000,-13.221000,15h AXE
770,CSW24_hsp,20,20,46.248000,33.045000,-13.203000,15g REX
770,CSW24_hsp,21,21,44.508000,31.026000,-13.482000,15h EX
770,CSW24_hsp,22,23,42.654000,29.303000,-13.351000,15g RELOAD
770,CSW24_hsp,23,22,43.981000,28.057000,-15.924000,e11 OX
770,CSW24_hsp,24,25,41.005000,27.733000,-13.272000,8m DEX
770,CSW24_hsp,25,24,41.981000,26.432000,-15.549000,o14 OX
201,CSW24_hsp,1,2,89.000000,81.405000,-7.595000,o1 ACtIVATE
201,CSW24_hsp,2,1,89.000000,81.401000,-7.599000,o1 ACTIVAtE
201,CSW24_hsp,3,3,78.000000,69.671000,-8.329000,n1 REACTIVe
201,CSW24_hsp,4,4,78.000000,69.523000,-8.477000,n1 ReACTIVE
201,CSW24_hsp,5,5,76.000000,68.624000,-7.376000,4h EnACTIVE
201,CSW24_hsp,6,6,56.444000,50.588000,-5.856000,k5 VAT
201,CSW24_hsp,7,7,55.062000,49.275000,-5.787000,k4 VIA
201,CSW24_hsp,8,8,54.447000,49.115000,-5.332000,g1 VAC
201,CSW24_hsp,9,9,50.790000,45.643000,-5.147000,g1 VAE
201,CSW24_hsp,10,12,50.444000,45.152000,-5.292000,9j TAV
201,CSW24_hsp,11,13,50.241000,44.957000,-5.284000,n1 RAV
201,CSW24_hsp,12,14,50.224000,44.938000,-5.286000,9c CH
201,CSW24_hsp,13,10,50.713000,44.829000,-5.884000,12h DAVIT
201,CSW24_hsp,14,11,50.527000,44.624000,-5.903000,k5 CAT
201,CSW24_hsp,15,16,49.790000,44.513000,-5.277000,n1 REV
201,CSW24_hsp,16,15,49.875000,44.401000,-5.474000,j6 JUST
201,CSW24_hsp,17,18,49.444000,44.348000,-5.096000,b8 TAV
201,CSW24_hsp,18,17,49.616000,44.145000,-5.471000,4h EVICT
201,CSW24_hsp,19,22,48.443000,43.265000,-5.178000,7a dIV
201,CSW24_hsp,20,19,49.179000,43.095000,-6.084000,12h DATIVE
201,CSW24_hsp,21,21,48.462000,42.923000,-5.539000,4h EVITE
201,CSW24_hsp,22,20,48.462000,42.604000,-5.858000,n1 RIVET
201,CSW24_hsp,23,23,48.221000,42.439000,-5.782000,n1 RIVE
201,CSW24_hsp,24,26,47.646000,42.319000,-5.327000,6e ACME
201,CSW24_hsp,25,24,48.221000,42.296000,-5.925000,6j JIVE
745,CSW24_hsp,1,1,64.000000,58.280000,-5.720000,h4 DOGBOLTS
745,CSW24_hsp,2,2,63.000000,57.597000,-5.403000,h7 DOGBOLTS
745,CSW24_hsp,3,3,27.773000,23.515000,-4.258000,9e GLOB
745,CSW24_hsp,4,4,25.773000,19.685000,-6.088000,7i BLOG
745,CSW24_hsp,5,8,21.723000,18.277000,-3.446000,9f GOD
745,CSW24_hsp,6,7,21.798000,18.168000,-3.630000,9f GOB
745,CSW24_hsp,7,12,21.131000,16.866000,-4.265000,9h BOLD
745,CSW24_hsp,8,11,21.131000,16.455000,-4.676000,7h BOLD
745,CSW24_hsp,9,17,20.297000,16.005000,-4.292000,9f DOB
745,CSW24_hsp,10,9,21.520000,16.002000,-5.518000,j4 BLOGS
745,CSW24_hsp,11,6,22.110000,15.959000,-6.151000,h4 DOGBOLT
745,CSW24_hsp,12,10,21.520000,15.950000,-5.570000,j4 GLOBS
745,CSW24_hsp,13,5,23.131000,15.884000,-7.247000,7i BOLD
745,CSW24_hsp,14,14,20.772000,15.883000,-4.889000,7h GOLD
745,CSW24_hsp,15,21,19.297000,15.450000,-3.847000,9f BOD
745,CSW24_hsp,16,13,21.110000,15.333000,-5.777000,h7 DOGBOLT
745,CSW24_hsp,17,31,17.798000,14.472000,-3.326000,9h BOG
745,CSW24_hsp,18,23,18.730000,14.459000,-4.271000,9h BOLT
745,CSW24_hsp,19,34,17.723000,14.314000,-3.409000,9h DOG
745,CSW24_hsp,20,15,20.730000,14.154000,-6.576000,7i BLOT
745,CSW24_hsp,21,22,18.730000,14.056000,-4.674000,7h BOLT
745,CSW24_hsp,22,30,17.798000,14.004000,-3.794000,7h BOG
745,CSW24_hsp,23,18,19.798000,13.742000,-6.056000,7i BOG
745,CSW24_hsp,24,32,17.723000,13.718000,-4.005000,7h DOG
745,CSW24_hsp,25,16,20.730000,13.495000,-7.235000,7i BOLT
469,CSW24_hsp,1,1,92.000000,82.471000,-9.529000,3f ITEMIZERS
469,CSW24_hsp,2,2,58.901000,50.615000,-8.286000,e5 REZ
469,CSW24_hsp,3,3,58.694000,50.190000,-8.504000,k3 ZEE
469,CSW24_hsp,4,4,56.978000,48.528000,-8.450000,e5 TIZ
469,CSW24_hsp,5,7,54.850000,47.241000,-7.609000,i6 ZEN
469,CSW24_hsp,6,6,54.850000,45.989000,-8.861000,e5 ZE
469,CSW24_hsp,7,5,54.850000,45.912000,-8.938000,k3 ZE
469,CSW24_hsp,8,8,54.694000,45.299000,-9.395000,d1 JEEZ
469,CSW24_hsp,9,9,53.345000,44.783000,-8.562000,e5 RIZ
469,CSW24_hsp,10,10,53.312000,44.513000,-8.799000,e4 TREZ
469,CSW24_hsp,11,13,49.348000,41.320000,-8.028000,5j TIZ
469,CSW24_hsp,12,11,49.440000,41.044000,-8.396000,k3 ZEES
469,CSW24_hsp,13,15,49.053000,40.745000,-8.308000,e5 SEZ
469,CSW24_hsp,14,17,48.667000,40.693000,-7.974000,5h ZITE
469,CSW24_hsp,15,12,49.348000,40.504000,-8.844000,4j TIZ
469,CSW24_hsp,16,16,48.933000,39.818000,-9.115000,e3 ZITE
469,CSW24_hsp,17,14,49.110000,39.097000,-10.013000,3f ITEMIZER
469,CSW24_hsp,18,18,47.978000,38.993000,-8.985000,e5 ZIT
469,CSW24_hsp,19,19,47.933000,37.908000,-10.025000,9c ZITE
469,CSW24_hsp,20,20,45.933000,37.881000,-8.052000,g3 ZITE
469,CSW24_hsp,21,22,45.694000,37.068000,-8.626000,e5 ZEE
469,CSW24_hsp,22,21,45.850000,37.004000,-8.846000,9e ZE
469,CSW24_hsp,23,24,44.901000,36.228000,-8.673000,5j TREZ
469,CSW24_hsp,24,23,44.901000,35.935000,-8.966000,4j TREZ
469,CSW24_hsp,25,28,42.850000,35.918000,-6.932000,6f FEZ
447,CSW24_hsp,1,1,58.520000,51.994000,-6.526000,1l DOWL
447,CSW24_hsp,2,2,48.286000,39.246000,-9.040000,1l ZED
447,CSW24_hsp,3,3,46.900000,38.862000,-8.038000,1l ZO
447,CSW24_hsp,4,4,44.723000,36.689000,-8.034000,1l ZE
447,CSW24_hsp,5,6,36.220000,29.862000,-6.358000,1m OWL
447,CSW24_hsp,6,7,36.128000,29.754000,-6.374000,1m WED
447,CSW24_hsp,7,5,37.675000,28.771000,-8.904000,1l DOW
447,CSW24_hsp,8,11,34.128000,27.834000,-6.294000,1m DEW
447,CSW24_hsp,9,8,35.128000,27.562000,-7.566000,1l DEW
447,CSW24_hsp,10,9,34.931000,26.211000,-8.720000,6b ZULU
447,CSW24_hsp,11,10,34.509000,26.112000,-8.397000,6d WUZ
447,CSW24_hsp,12,15,30.353000,24.012000,-6.341000,1m OWE
447,CSW24_hsp,13,16,30.135000,23.897000,-6.238000,1m LEW
447,CSW24_hsp,14,12,32.526000,23.110000,-9.416000,h11 gLOZE
447,CSW24_hsp,15,13,31.446000,22.991000,-8.455000,12d WUD
447,CSW24_hsp,16,14,31.128000,22.661000,-8.467000,3c WIFED
447,CSW24_hsp,17,22,26.762000,20.548000,-6.214000,1n WO
447,CSW24_hsp,18,20,27.446000,19.137000,-8.309000,6b WUDU
447,CSW24_hsp,19,18,27.931000,19.132000,-8.799000,m10 LULZ
447,CSW24_hsp,20,19,27.675000,18.994000,-8.681000,12d DOW
447,CSW24_hsp,21,21,26.900000,18.712000,-8.188000,6e UWU
447,CSW24_hsp,22,27,25.931000,17.527000,-8.404000,c6 LULZ
447,CSW24_hsp,23,28,25.802000,17.478000,-8.324000,6d LUZ
447,CSW24_hsp,24,26,26.220000,17.474000,-8.746000,12d LOW
447,CSW24_hsp,25,25,26.486000,17.266000,-9.220000,12d LOWE
1168,CSW24_hsp,1,1,62.091000,54.210000,-7.881000,3b OAK
1168,CSW24_hsp,2,3,61.091000,52.788000,-8.303000,3a OKA
1168,CSW24_hsp,3,2,61.187000,52.767000,-8.420000,3a SOAK
1168,CSW24_hsp,4,4,57.187000,51.572000,-5.615000,a4 HOKAS
1168,CSW24_hsp,5,5,56.187000,48.216000,-7.971000,3b OAKS
1168,CSW24_hsp,6,7,52.535000,47.441000,-5.094000,a1 QOpH
1168,CSW24_hsp,7,9,51.138000,45.397000,-5.741000,a4 HAKAS
1168,CSW24_hsp,8,6,53.851000,45.255000,-8.596000,3a AKA
1168,CSW24_hsp,9,8,51.138000,44.611000,-6.527000,a1 KASHA
1168,CSW24_hsp,10,14,49.851000,41.915000,-7.936000,3c AKA
1168,CSW24_hsp,11,13,50.091000,41.365000,-8.726000,6i OKA
1168,CSW24_hsp,12,15,49.260000,40.911000,-8.349000,3b KA
1168,CSW24_hsp,13,22,45.385000,39.934000,-5.451000,a1 QOpHS
1168,CSW24_hsp,14,17,48.239000,39.482000,-8.757000,3a SKA
1168,CSW24_hsp,15,12,51.091000,38.911000,-12.180000,b2 KAYO
1168,CSW24_hsp,16,18,47.187000,37.703000,-9.484000,j4 OAKS
1168,CSW24_hsp,17,20,46.091000,37.266000,-8.825000,3d KOA
1168,CSW24_hsp,18,19,47.187000,37.160000,-10.027000,j7 SOAK
1168,CSW24_hsp,19,24,45.138000,36.988000,-8.150000,3c AKAS
1168,CSW24_hsp,20,27,44.762000,36.514000,-8.248000,6i OK
1168,CSW24_hsp,21,16,49.187000,36.473000,-12.714000,b2 KAYOS
1168,CSW24_hsp,22,28,44.556000,36.368000,-8.188000,6i AQuA
1168,CSW24_hsp,23,25,44.762000,36.055000,-8.707000,3a OK
1168,CSW24_hsp,24,26,44.762000,35.074000,-9.688000,b4 YOK
1168,CSW24_hsp,25,34,42.217000,34.694000,-7.523000,i5 KOBS
530,CSW24_hsp,1,1,90.000000,78.851000,-11.149000,14a VALKYRIE
530,CSW24_hsp,2,2,41.792000,33.923000,-7.869000,d10 VALKYR
530,CSW24_hsp,3,3,36.362000,27.827000,-8.535000,13c VIRALLY
530,CSW24_hsp,4,4,34.298000,26.059000,-8.239000,d10 VAKIL
530,CSW24_hsp,5,5,31.940000,24.217000,-7.723000,m10 VAIRY
530,CSW24_hsp,6,6,30.940000,23.156000,-7.784000,d10 VAIRY
530,CSW24_hsp,7,7,30.455000,22.336000,-8.119000,d10 VARY
530,CSW24_hsp,8,8,27.500000,19.654000,-7.846000,m10 VRIL
530,CSW24_hsp,9,9,26.403000,18.559000,-7.844000,m10 VAIL
530,CSW24_hsp,10,10,26.403000,18.400000,-8.003000,m10 VIAL
530,CSW24_hsp,11,12,25.829000,18.036000,-7.793000,m10 VAIR
530,CSW24_hsp,12,11,25.865000,17.496000,-8.369000,d10 YARK
530,CSW24_hsp,13,15,25.403000,17.318000,-8.085000,d10 VALI
530,CSW24_hsp,14,14,25.403000,17.312000,-8.091000,d10 VAIL
530,CSW24_hsp,15,16,25.195000,17.018000,-8.177000,m11 YIRK
530,CSW24_hsp,16,18,24.829000,16.732000,-8.097000,d10 VAIR
530,CSW24_hsp,17,20,24.614000,16.712000,-7.902000,d10 LARKY
530,CSW24_hsp,18,17,24.967000,16.537000,-8.430000,14f KIEV
530,CSW24_hsp,19,19,24.634000,16.385000,-8.249000,d10 KAY
530,CSW24_hsp,20,21,24.371000,16.103000,-8.268000,d10 LAKY
530,CSW24_hsp,21,22,23.634000,15.490000,-8.144000,d10 YAK
530,CSW24_hsp,22,23,23.427000,15.437000,-7.990000,d10 VAR
530,CSW24_hsp,23,24,23.378000,14.805000,-8.573000,14e LIVERY
530,CSW24_hsp,24,25,22.865000,14.580000,-8.285000,m11 YARK
530,CSW24_hsp,25,26,22.416000,14.090000,-8.326000,3e LAVVY
970,CSW24_hsp,1,4,25.654000,21.512000,-4.142000,8h EW
970,CSW24_hsp,2,3,25.654000,21.489000,-4.165000,8g WE
970,CSW24_hsp,3,7,24.954000,21.367000,-3.587000,8g EW
970,CSW24_hsp,4,8,24.954000,21.316000,-3.638000,8h WE
970,CSW24_hsp,5,1,26.854000,18.933000,-7.921000,8d WANTER
970,CSW24_hsp,6,2,26.119000,18.730000,-7.389000,8d WRATE
970,CSW24_hsp,7,11,23.688000,18.305000,-5.383000,8g WEN
970,CSW24_hsp,8,15,22.988000,18.258000,-4.730000,8h WEN
970,CSW24_hsp,9,10,23.688000,18.179000,-5.509000,8g NEW
970,CSW24_hsp,10,12,22.988000,18.038000,-4.950000,8f NEW
970,CSW24_hsp,11,6,25.419000,17.969000,-7.450000,8d WATER
970,CSW24_hsp,12,13,22.988000,17.941000,-5.047000,8f WEN
970,CSW24_hsp,13,14,22.988000,17.857000,-5.131000,8h NEW
970,CSW24_hsp,14,5,25.518000,17.318000,-8.200000,8d WEANER
970,CSW24_hsp,15,9,24.306000,17.209000,-7.097000,8h RENEW
970,CSW24_hsp,16,31,20.451000,16.225000,-4.226000,8h AW
970,CSW24_hsp,17,44,19.751000,15.798000,-3.953000,8g AW
970,CSW24_hsp,18,199,15.654000,15.449000,-0.205000,ex EW
970,CSW24_hsp,19,207,15.593000,15.388000,-0.205000,ex W
970,CSW24_hsp,20,17,21.438000,14.942000,-6.496000,8e WENA
970,CSW24_hsp,21,21,21.438000,14.922000,-6.516000,8h ANEW
970,CSW24_hsp,22,16,21.438000,14.731000,-6.707000,8e WANE
970,CSW24_hsp,23,20,21.438000,14.700000,-6.738000,8g WENA
970,CSW24_hsp,24,18,21.438000,14.652000,-6.786000,8f ANEW
970,CSW24_hsp,25,19,21.438000,14.650000,-6.788000,8g WANE
3,CSW24_hsp,1,1,48.561000,45.832000,-2.729000,15a JIRD
3,CSW24_hsp,2,2,36.310000,33.052000,-3.258000,15a DIRTY
3,CSW24_hsp,3,3,35.117000,31.947000,-3.170000,15a YIRD
3,CSW24_hsp,4,4,31.561000,27.312000,-4.249000,14b JERID
3,CSW24_hsp,5,5,31.069000,26.209000,-4.860000,14b DEITY
3,CSW24_hsp,6,6,27.673000,23.885000,-3.788000,f6 JIRD
3,CSW24_hsp,7,8,26.059000,22.958000,-3.101000,m1 AJI
3,CSW24_hsp,8,7,26.310000,22.881000,-3.429000,11i DIRTY
3,CSW24_hsp,9,9,25.847000,22.069000,-3.778000,6b JILT
3,CSW24_hsp,10,10,25.310000,21.313000,-3.997000,j10 DIRTY
3,CSW24_hsp,11,11,24.053000,20.332000,-3.721000,15a DIRT
3,CSW24_hsp,12,12,23.673000,19.870000,-3.803000,5c JEDI
3,CSW24_hsp,13,14,23.561000,19.761000,-3.800000,5c JERID
3,CSW24_hsp,14,13,23.673000,19.150000,-4.523000,14b JEDI
3,CSW24_hsp,15,16,20.058000,16.640000,-3.418000,7c JAY
3,CSW24_hsp,16,15,20.561000,16.218000,-4.343000,11f JIRD
3,CSW24_hsp,17,19,18.053000,14.414000,-3.639000,11i DIRT
3,CSW24_hsp,18,18,18.069000,13.680000,-4.389000,f6 DIRTY
3,CSW24_hsp,19,21,16.788000,13.100000,-3.688000,3k TAJ
3,CSW24_hsp,20,17,18.424000,12.552000,-5.872000,14b TEIID
3,CSW24_hsp,21,20,17.069000,12.172000,-4.897000,m6 TIDY
3,CSW24_hsp,22,23,15.673000,11.603000,-4.070000,10h JEDI
3,CSW24_hsp,23,22,16.069000,11.277000,-4.792000,11g TIDY
3,CSW24_hsp,24,24,15.511000,10.977000,-4.534000,11i DIT
3,CSW24_hsp,25,26,15.069000,10.697000,-4.372000,5c DEITY
66,CSW24_hsp,1,1,90.000000,87.302000,-2.698000,b8 SNEEZED
66,CSW24_hsp,2,3,49.110000,47.032000,-2.078000,d10 NEEZED
66,CSW24_hsp,3,2,49.967000,46.689000,-3.278000,14f ZEN
66,CSW24_hsp,4,4,48.967000,46.477000,-2.490000,g11 ZE
66,CSW24_hsp,5,5,46.967000,44.788000,-2.179000,n5 ZEE
66,CSW24_hsp,6,6,43.372000,41.172000,-2.200000,g8 MZEE
66,CSW24_hsp,7,8,40.313000,38.094000,-2.219000,f4 ZED
66,CSW24_hsp,8,7,40.372000,37.910000,-2.462000,i9 ZEE
66,CSW24_hsp,9,9,40.074000,37.542000,-2.532000,d10 NEEZE
66,CSW24_hsp,10,12,39.372000,37.379000,-1.993000,g10 ZEE
66,CSW24_hsp,11,10,39.421000,37.247000,-2.174000,f5 ED
66,CSW24_hsp,12,11,39.372000,37.163000,-2.209000,f4 ZEE
66,CSW24_hsp,13,14,38.796000,36.701000,-2.095000,f4 NED
66,CSW24_hsp,14,13,38.924000,36.642000,-2.282000,3c EVE
66,CSW24_hsp,15,15,38.353000,35.961000,-2.392000,b8 SEZ
66,CSW24_hsp,16,16,37.894000,35.597000,-2.297000,5k ZENDO
66,CSW24_hsp,17,19,36.980000,35.068000,-1.912000,15g NEEZES
66,CSW24_hsp,18,17,37.501000,35.030000,-2.471000,i9 ZEN
66,CSW24_hsp,19,18,37.313000,34.859000,-2.454000,i9 ZED
66,CSW24_hsp,20,21,36.796000,34.666000,-2.130000,9g END
66,CSW24_hsp,21,20,36.967000,34.364000,-2.603000,12f ZEX
66,CSW24_hsp,22,22,36.501000,34.292000,-2.209000,f4 ZEN
66,CSW24_hsp,23,23,36.353000,34.232000,-2.121000,n5 ZEES
66,CSW24_hsp,24,24,36.082000,34.009000,-2.073000,d10 NEEZES
66,CSW24_hsp,25,27,35.974000,33.947000,-2.027000,6l DEER
1171,CSW24_hsp,1,4,74.000000,66.377000,-7.623000,10c UrEMIAS
1171,CSW24_hsp,2,1,79.000000,65.212000,-13.788000,c9 MAUSIEr
1171,CSW24_hsp,3,2,79.000000,64.508000,-14.492000,c9 MAUbIES
1171,CSW24_hsp,4,3,75.000000,63.256000,-11.744000,10a AMUSIvE
1171,CSW24_hsp,5,5,73.000000,61.506000,-11.494000,10a MAUSIEr
1171,CSW24_hsp,6,6,73.000000,60.850000,-12.150000,10a cAESIUM
1171,CSW24_hsp,7,13,67.000000,59.298000,-7.702000,f4 bUMELIAS
1171,CSW24_hsp,8,10,68.000000,58.688000,-9.312000,5c MOInEAUS
1171,CSW24_hsp,9,8,69.000000,58.470000,-10.530000,7h MAUSIEr
1171,CSW24_hsp,10,7,71.000000,58.451000,-12.549000,c9 AMUSIvE
1171,CSW24_hsp,11,15,67.000000,58.321000,-8.679000,f7 ALUMInES
1171,CSW24_hsp,12,16,65.000000,58.062000,-6.938000,f2 MUSIcALE
1171,CSW24_hsp,13,9,69.000000,57.629000,-11.371000,7h MAUbIES
1171,CSW24_hsp,14,17,65.000000,56.941000,-8.059000,f4 SIMULAtE
1171,CSW24_hsp,15,11,67.000000,56.925000,-10.075000,j2 MAUSIESt
1171,CSW24_hsp,16,14,67.000000,56.621000,-10.379000,j6 MISUSAgE
1171,CSW24_hsp,17,12,67.000000,56.583000,-10.417000,j3 AnIMUSES
1171,CSW24_hsp,18,34,61.000000,54.076000,-6.924000,f3 MISvALUE
1171,CSW24_hsp,19,26,63.000000,53.386000,-9.614000,j5 cAESIUMS
1171,CSW24_hsp,20,25,63.000000,52.554000,-10.446000,j5 MAUSIESt
1171,CSW24_hsp,21,19,64.000000,52.524000,-11.476000,g6 AUTEcISM
1171,CSW24_hsp,22,47,56.845000,51.102000,-5.743000,e4 AIM
1171,CSW24_hsp,23,36,61.000000,50.915000,-10.085000,4d BUMElIAS
1171,CSW24_hsp,24,18,64.000000,50.877000,-13.123000,g3 MUrIATES
1171,CSW24_hsp,25,39,61.000000,50.708000,-10.292000,j4 MISUSAgE
354,CSW24_hsp,1,1,110.000000,103.024000,-6.976000,o1 SLAdANG
354,CSW24_hsp,2,3,91.212000,83.591000,-7.621000,o1 SNAG
354,CSW24_hsp,3,2,91.212000,83.515000,-7.697000,o1 SANG
354,CSW24_hsp,4,5,91.002000,83.460000,-7.542000,o1 SLAG
354,CSW24_hsp,5,4,91.032000,83.256000,-7.776000,o1 SANGA
354,CSW24_hsp,6,6,89.090000,81.319000,-7.771000,o1 SLANG
354,CSW24_hsp,7,7,85.835000,78.204000,-7.631000,o1 SAAG
354,CSW24_hsp,8,8,82.835000,75.009000,-7.826000,o1 SAGA
354,CSW24_hsp,9,9,82.134000,74.330000,-7.804000,o1 SAG
354,CSW24_hsp,10,10,82.000000,74.141000,-7.859000,l4 mANGALS
354,CSW24_hsp,11,11,80.776000,72.969000,-7.807000,o1 SAL
354,CSW24_hsp,12,12,77.717000,69.868000,-7.849000,o1 SAN
354,CSW24_hsp,13,13,77.000000,65.122000,-11.878000,2b ALNAGeS
354,CSW24_hsp,14,14,77.000000,65.107000,-11.893000,2b ANLAGeS
354,CSW24_hsp,15,20,72.000000,64.238000,-7.762000,3g GrANOLAS
354,CSW24_hsp,16,23,71.304000,63.638000,-7.666000,1g BANDAGERS
354,CSW24_hsp,17,17,74.000000,62.586000,-11.414000,2b LAGuNAS
354,CSW24_hsp,18,16,74.000000,61.807000,-12.193000,2b LAGeNAS
354,CSW24_hsp,19,15,74.000000,61.773000,-12.227000,2b GALeNAS
354,CSW24_hsp,20,35,68.000000,59.559000,-8.441000,3g dALGONAS
354,CSW24_hsp,21,26,70.000000,58.241000,-11.759000,4h LeGUAANS
354,CSW24_hsp,22,21,72.000000,58.076000,-13.924000,b7 LANGArS
354,CSW24_hsp,23,40,65.462000,57.814000,-7.648000,o1 sLAG
354,CSW24_hsp,24,42,65.322000,57.594000,-7.728000,o1 sNAG
354,CSW24_hsp,25,22,72.000000,57.519000,-14.481000,b7 mANGALS
154,CSW24_hsp,1,1,77.000000,67.104000,-9.896000,i2 UPhAUDS
154,CSW24_hsp,2,4,64.000000,56.005000,-7.995000,f3 PAlUDOUS
154,CSW24_hsp,3,3,66.000000,54.232000,-11.768000,9h UPhAUDS
154,CSW24_hsp,4,2,66.000000,53.920000,-12.080000,7h UPhAUDS
154,CSW24_hsp,5,6,50.425000,43.979000,-6.446000,d8 KUDUS
154,CSW24_hsp,6,5,51.090000,43.497000,-7.593000,i4 PUDUS
154,CSW24_hsp,7,7,48.040000,41.692000,-6.348000,d8 KUDU
154,CSW24_hsp,8,10,47.433000,41.414000,-6.019000,d6 PUKU
154,CSW24_hsp,9,11,46.942000,40.974000,-5.968000,g7 UWU
154,CSW24_hsp,10,9,47.654000,40.590000,-7.064000,d8 KAPUS
154,CSW24_hsp,11,13,46.686000,40.124000,-6.562000,i8 SPUD
154,CSW24_hsp,12,8,48.040000,40.086000,-7.954000,g8 WUDU
154,CSW24_hsp,13,14,46.663000,40.065000,-6.598000,i6 UPS
154,CSW24_hsp,14,12,46.686000,40.037000,-6.649000,i5 DUPS
154,CSW24_hsp,15,18,45.612000,39.530000,-6.082000,f7 DOUP
154,CSW24_hsp,16,17,45.612000,39.198000,-6.414000,f5 UPDO
154,CSW24_hsp,17,21,44.663000,38.881000,-5.782000,i8 SUP
154,CSW24_hsp,18,22,44.622000,38.658000,-5.964000,f8 OUP
154,CSW24_hsp,19,15,45.686000,38.547000,-7.139000,i5 PUDS
154,CSW24_hsp,20,25,43.622000,38.360000,-5.262000,7e UP
154,CSW24_hsp,21,20,44.663000,38.247000,-6.416000,i6 PUS
154,CSW24_hsp,22,26,43.622000,38.214000,-5.408000,9e UP
154,CSW24_hsp,23,16,45.654000,38.105000,-7.549000,i5 UPAS
154,CSW24_hsp,24,19,44.788000,37.892000,-6.896000,f8 OUPA
154,CSW24_hsp,25,23,44.501000,37.606000,-6.895000,e5 DUAN
767,CSW24_hsp,1,1,76.000000,59.864000,-16.136000,5e ACCREDIT
767,CSW24_hsp,2,2,40.626000,28.614000,-12.012000,15h TIC
767,CSW24_hsp,3,3,37.386000,26.640000,-10.746000,15a CITED
767,CSW24_hsp,4,4,35.749000,25.003000,-10.746000,15a CRIED
767,CSW24_hsp,5,5,33.827000,22.240000,-11.587000,15h TEC
767,CSW24_hsp,6,7,31.447000,20.656000,-10.791000,15a CITER
767,CSW24_hsp,7,10,27.515000,15.677000,-11.838000,15h TID
767,CSW24_hsp,8,6,31.771000,14.404000,-17.367000,4a DICTY
767,CSW24_hsp,9,15,26.012000,14.179000,-11.833000,15a CITE
767,CSW24_hsp,10,12,26.626000,14.158000,-12.468000,15a CIT
767,CSW24_hsp,11,24,23.942000,13.043000,-10.899000,15a TRIED
767,CSW24_hsp,12,20,24.791000,12.676000,-12.115000,15h TED
767,CSW24_hsp,13,11,27.150000,10.978000,-16.172000,14j CLIED
767,CSW24_hsp,14,27,23.004000,10.876000,-12.128000,15h ED
767,CSW24_hsp,15,8,29.520000,10.745000,-18.775000,14j CLERIC
767,CSW24_hsp,16,17,25.626000,10.465000,-15.161000,4b CITY
767,CSW24_hsp,17,14,26.150000,10.446000,-15.704000,8k RICED
767,CSW24_hsp,18,21,24.783000,9.805000,-14.978000,d11 DICT
767,CSW24_hsp,19,9,28.749000,9.738000,-19.011000,14j CLERID
767,CSW24_hsp,20,13,26.561000,9.239000,-17.322000,4a DECRY
767,CSW24_hsp,21,25,23.878000,8.971000,-14.907000,4c CRY
767,CSW24_hsp,22,23,24.561000,8.876000,-15.685000,4d CYDER
767,CSW24_hsp,23,39,20.551000,8.813000,-11.738000,15h TI
767,CSW24_hsp,24,19,24.869000,8.712000,-16.157000,5e ACCITED
767,CSW24_hsp,25,26,23.087000,8.486000,-14.601000,i11 CAY
34,CSW24_hsp,1,1,34.812000,27.107000,-7.705000,8l MUTI
34,CSW24_hsp,2,2,30.292000,22.833000,-7.459000,8l MUTE
34,CSW24_hsp,3,3,23.234000,15.516000,-7.718000,8l METE
34,CSW24_hsp,4,13,11.426000,2.546000,-8.880000,o7 AMIE
34,CSW24_hsp,5,17,9.581000,1.578000,-8.003000,8m UTE
34,CSW24_hsp,6,5,16.893000,-0.095000,-16.988000,6l TIME
34,CSW24_hsp,7,23,8.020000,-0.489000,-8.509000,o7 AITU
34,CSW24_hsp,8,4,19.917000,-1.938000,-21.855000,k7 HUMITE
34,CSW24_hsp,9,7,13.356000,-2.141000,-15.497000,9i ETUI
34,CSW24_hsp,10,6,14.943000,-2.518000,-17.461000,6m UME
34,CSW24_hsp,11,44,5.707000,-2.652000,-8.359000,o7 AUE
34,CSW24_hsp,12,43,5.707000,-2.686000,-8.393000,o6 EAU
34,CSW24_hsp,13,10,11.943000,-4.145000,-16.088000,8k EMU
34,CSW24_hsp,14,8,12.317000,-5.670000,-17.987000,9g EMEU
34,CSW24_hsp,15,12,11.893000,-6.540000,-18.433000,6k EMIT
34,CSW24_hsp,16,9,11.943000,-6.977000,-18.920000,6h EMU
34,CSW24_hsp,17,100,0.573000,-7.441000,-8.014000,8n TI
34,CSW24_hsp,18,97,0.573000,-7.646000,-8.219000,o7 AIM
34,CSW24_hsp,19,24,7.943000,-7.750000,-15.693000,8k MEU
34,CSW24_hsp,20,98,0.573000,-7.844000,-8.417000,o7 AMI
34,CSW24_hsp,21,19,8.893000,-8.446000,-17.339000,6l MITE
34,CSW24_hsp,22,16,9.668000,-8.908000,-18.576000,l5 EUOI
34,CSW24_hsp,23,137,-1.379000,-9.410000,-8.031000,o7 AMU
34,CSW24_hsp,24,142,-1.431000,-9.577000,-8.146000,o6 MAUT
34,CSW24_hsp,25,29,7.234000,-9.754000,-16.988000,6l TEME
64,CSW24_hsp,1,5,70.000000,59.245000,-10.755000,l7 OUTRIDES
64,CSW24_hsp,2,1,70.000000,59.172000,-10.828000,l3 IODURETS
64,CSW24_hsp,3,3,70.000000,59.142000,-10.858000,l6 SUITORED
64,CSW24_hsp,4,6,70.000000,59.077000,-10.923000,l7 OUTSIDER
64,CSW24_hsp,5,7,70.000000,56.019000,-13.981000,m7 OUTRIDES
64,CSW24_hsp,6,4,70.000000,55.914000,-14.086000,m6 SUITORED
64,CSW24_hsp,7,8,70.000000,55.893000,-14.107000,m7 OUTSIDER
64,CSW24_hsp,8,2,70.000000,55.621000,-14.379000,m3 IODURETS
64,CSW24_hsp,9,9,36.350000,30.071000,-6.279000,8m UDO
64,CSW24_hsp,10,11,33.854000,27.614000,-6.240000,8n OU
64,CSW24_hsp,11,10,33.854000,25.869000,-7.985000,8k OU
64,CSW24_hsp,12,17,31.885000,25.772000,-6.113000,8l EURO
64,CSW24_hsp,13,18,31.792000,25.100000,-6.692000,o4 UREDOS
64,CSW24_hsp,14,15,31.887000,25.081000,-6.806000,o4 DORIES
64,CSW24_hsp,15,16,31.887000,25.055000,-6.832000,o7 ROSIED
64,CSW24_hsp,16,20,31.522000,24.927000,-6.595000,o4 RUDIES
64,CSW24_hsp,17,21,31.522000,24.849000,-6.673000,o7 DISEUR
64,CSW24_hsp,18,24,30.447000,24.563000,-5.884000,8l EUOI
64,CSW24_hsp,19,22,30.545000,24.357000,-6.188000,8l IURE
64,CSW24_hsp,20,12,33.350000,23.951000,-9.399000,10j UDO
64,CSW24_hsp,21,23,30.536000,23.219000,-7.317000,8k DUI
64,CSW24_hsp,22,13,32.580000,23.204000,-9.376000,l8 UT
64,CSW24_hsp,23,14,32.580000,23.120000,-9.460000,j9 mU
64,CSW24_hsp,24,36,28.465000,22.461000,-6.004000,o6 DUOS
64,CSW24_hsp,25,37,28.465000,22.374000,-6.091000,o6 OUDS
624,CSW24_hsp,1,2,43.089000,37.889000,-5.200000,8a SI
624,CSW24_hsp,2,1,44.774000,37.052000,-7.722000,14a ADIOS
624,CSW24_hsp,3,3,36.096000,27.564000,-8.532000,5j DIOL
624,CSW24_hsp,4,4,34.096000,25.705000,-8.391000,3j DIOL
624,CSW24_hsp,5,5,34.096000,25.464000,-8.632000,12l IDOL
624,CSW24_hsp,6,6,33.821000,25.094000,-8.727000,14e LO
624,CSW24_hsp,7,8,31.821000,23.209000,-8.612000,5j LO
624,CSW24_hsp,8,9,31.108000,23.027000,-8.081000,i6 DIRL
624,CSW24_hsp,9,7,32.096000,22.756000,-9.340000,n10 DILdO
624,CSW24_hsp,10,11,30.821000,22.207000,-8.614000,7h LO
624,CSW24_hsp,11,12,30.505000,21.931000,-8.574000,5j DIEL
624,CSW24_hsp,12,10,31.096000,20.951000,-10.145000,14l IDOL
624,CSW24_hsp,13,16,29.505000,20.662000,-8.843000,5j LIED
624,CSW24_hsp,14,15,29.821000,20.317000,-9.504000,14m LO
624,CSW24_hsp,15,18,29.067000,20.215000,-8.852000,3l OLD
624,CSW24_hsp,16,14,30.096000,20.200000,-9.896000,14l OLID
624,CSW24_hsp,17,22,28.596000,19.997000,-8.599000,5j LI
624,CSW24_hsp,18,19,29.067000,19.995000,-9.072000,14m DOL
624,CSW24_hsp,19,20,28.770000,19.486000,-9.284000,2a OIL
624,CSW24_hsp,20,21,28.770000,19.446000,-9.324000,h6 ULE
624,CSW24_hsp,21,13,30.163000,19.194000,-10.969000,14j SOILED
624,CSW24_hsp,22,26,27.821000,18.980000,-8.841000,9e LO
624,CSW24_hsp,23,27,27.821000,18.861000,-8.960000,a10 LO
624,CSW24_hsp,24,35,27.462000,18.711000,-8.751000,g11 SOCLE
624,CSW24_hsp,25,24,28.067000,18.612000,-9.455000,14m LOD
248,CSW24_hsp,1,1,68.895000,63.536000,-5.359000,h12 JAMB
248,CSW24_hsp,2,2,62.751000,59.097000,-3.654000,n2 FUB
248,CSW24_hsp,3,3,60.616000,56.885000,-3.731000,n2 FUM
248,CSW24_hsp,4,4,57.944000,54.072000,-3.872000,n2 FUN
248,CSW24_hsp,5,5,56.971000,53.155000,-3.816000,n2 BUM
248,CSW24_hsp,6,7,53.637000,48.028000,-5.609000,13g FAM
248,CSW24_hsp,7,6,53.751000,47.543000,-6.208000,13f FLAM
248,CSW24_hsp,8,8,52.895000,47.250000,-5.645000,13g BAM
248,CSW24_hsp,9,10,50.626000,46.610000,-4.016000,n2 BUN
248,CSW24_hsp,10,9,52.410000,46.152000,-6.258000,13f BLAM
248,CSW24_hsp,11,11,50.148000,46.128000,-4.020000,n2 MUN
248,CSW24_hsp,12,12,48.626000,44.350000,-4.276000,n2 NUB
248,CSW24_hsp,13,16,47.219000,43.248000,-3.971000,n2 BUNA
248,CSW24_hsp,14,15,47.751000,43.053000,-4.698000,j2 FaB
248,CSW24_hsp,15,14,47.971000,42.654000,-5.317000,f6 COOMB
248,CSW24_hsp,16,18,46.944000,42.253000,-4.691000,j2 FaN
248,CSW24_hsp,17,13,48.051000,42.149000,-5.902000,13g FAN
248,CSW24_hsp,18,17,47.187000,41.763000,-5.424000,9b FLAB
248,CSW24_hsp,19,22,46.219000,41.059000,-5.160000,13k NAB
248,CSW24_hsp,20,24,45.530000,40.985000,-4.545000,2j FA
248,CSW24_hsp,21,23,45.616000,40.950000,-4.666000,j2 FaM
248,CSW24_hsp,22,21,46.313000,40.462000,-5.851000,13g NAM
248,CSW24_hsp,23,25,45.461000,40.317000,-5.144000,h10 eNJAMB
248,CSW24_hsp,24,20,46.410000,40.240000,-6.170000,e7 GIMBAL
248,CSW24_hsp,25,19,46.488000,40.101000,-6.387000,13f FLAN
335,CSW24_hsp,1,1,45.105000,43.084000,-2.021000,d12 HAUD
335,CSW24_hsp,2,2,39.601000,37.605000,-1.996000,d12 HOED
335,CSW24_hsp,3,4,38.421000,36.419000,-2.002000,d12 HEAD
335,CSW24_hsp,4,3,38.421000,36.374000,-2.047000,d12 HAED
335,CSW24_hsp,5,5,38.101000,35.908000,-2.193000,d12 HAO
335,CSW24_hsp,6,6,38.101000,35.904000,-2.197000,d12 HOA
335,CSW24_hsp,7,8,37.500000,35.662000,-1.838000,d10 DUH
335,CSW24_hsp,8,7,37.601000,35.605000,-1.996000,d11 OHED
335,CSW24_hsp,9,9,37.212000,35.279000,-1.933000,d10 DOH
335,CSW24_hsp,10,10,36.421000,34.388000,-2.033000,d11 AHED
335,CSW24_hsp,11,11,36.421000,34.298000,-2.123000,d12 HADE
335,CSW24_hsp,12,12,35.914000,33.838000,-2.076000,d11 UH
335,CSW24_hsp,13,13,35.675000,33.700000,-1.975000,d10 DAH
335,CSW24_hsp,14,14,34.212000,32.135000,-2.077000,d12 HOD
335,CSW24_hsp,15,15,34.184000,31.957000,-2.227000,d11 OH
335,CSW24_hsp,16,16,34.184000,31.537000,-2.647000,d12 HO
335,CSW24_hsp,17,18,32.914000,30.962000,-1.952000,b13 UH
335,CSW24_hsp,18,17,33.987000,30.651000,-3.336000,12c CHOU
335,CSW24_hsp,19,20,32.751000,30.456000,-2.295000,d11 AH
335,CSW24_hsp,20,22,32.675000,30.399000,-2.276000,d12 HAD
335,CSW24_hsp,21,23,32.459000,30.201000,-2.258000,d12 HOE
335,CSW24_hsp,22,21,32.751000,30.189000,-2.562000,d12 HA
335,CSW24_hsp,23,24,31.813000,29.313000,-2.500000,d12 HAE
335,CSW24_hsp,24,25,31.184000,29.061000,-2.123000,b13 OH
335,CSW24_hsp,25,19,32.815000,28.952000,-3.863000,12c COHEAD
1066,CSW24_hsp,1,1,41.484000,36.356000,-5.128000,9i EXO
1066,CSW24_hsp,2,3,41.374000,35.177000,-6.197000,9l EX
1066,CSW24_hsp,3,2,41.374000,35.083000,-6.291000,9i EX
1066,CSW24_hsp,4,5,39.733000,33.525000,-6.208000,9g OXEN
1066,CSW24_hsp,5,4,39.733000,33.425000,-6.308000,9g EXON
1066,CSW24_hsp,6,6,38.484000,32.037000,-6.447000,9g EXO
1066,CSW24_hsp,7,7,38.374000,31.521000,-6.853000,9g EX
1066,CSW24_hsp,8,14,35.921000,29.887000,-6.034000,9l OX
1066,CSW24_hsp,9,12,35.921000,29.861000,-6.060000,7l OX
1066,CSW24_hsp,10,13,35.921000,29.861000,-6.060000,9i OX
1066,CSW24_hsp,11,19,34.253000,29.564000,-4.689000,9h NOX
1066,CSW24_hsp,12,8,37.484000,29.213000,-8.271000,9l EXO
1066,CSW24_hsp,13,20,33.313000,27.046000,-6.267000,9f COX
1066,CSW24_hsp,14,18,34.484000,26.750000,-7.734000,7f EXO
1066,CSW24_hsp,15,17,34.622000,26.683000,-7.939000,l4 CONEY
1066,CSW24_hsp,16,16,35.303000,26.615000,-8.688000,k5 EXOME
1066,CSW24_hsp,17,24,32.119000,26.479000,-5.640000,9f COXES
1066,CSW24_hsp,18,21,32.921000,26.076000,-6.845000,9g OX
1066,CSW24_hsp,19,23,32.374000,25.577000,-6.797000,l8 YEX
1066,CSW24_hsp,20,22,32.622000,25.425000,-7.197000,7k ONCE
1066,CSW24_hsp,21,15,35.594000,25.351000,-10.243000,9l EXEC
1066,CSW24_hsp,22,30,29.115000,24.514000,-4.601000,9h SEX
1066,CSW24_hsp,23,9,36.733000,24.085000,-12.648000,7l OXEN
1066,CSW24_hsp,24,26,30.268000,24.022000,-6.246000,9g OXES
1066,CSW24_hsp,25,11,36.733000,23.901000,-12.832000,9l OXEN
474,CSW24_hsp,1,1,54.043000,52.610000,-1.433000,1h NIXED
474,CSW24_hsp,2,2,42.140000,40.182000,-1.958000,1g BEINED
474,CSW24_hsp,3,3,41.515000,39.261000,-2.254000,n11 ZEIN
474,CSW24_hsp,4,4,38.843000,37.110000,-1.733000,f5 BEZ
474,CSW24_hsp,5,5,37.192000,34.894000,-2.298000,l11 EX
474,CSW24_hsp,6,6,36.418000,32.889000,-3.529000,14e EXEC
474,CSW24_hsp,7,7,34.708000,32.413000,-2.295000,l11 EXINE
474,CSW24_hsp,8,8,32.639000,30.233000,-2.406000,12d ZENDO
474,CSW24_hsp,9,11,32.227000,30.010000,-2.217000,n11 ZEX
474,CSW24_hsp,10,13,32.072000,29.970000,-2.102000,l11 EZINE
474,CSW24_hsp,11,12,32.192000,29.596000,-2.596000,1j XED
474,CSW24_hsp,12,9,32.508000,29.347000,-3.161000,n11 BEIN
474,CSW24_hsp,13,10,32.508000,29.341000,-3.167000,n11 BENI
474,CSW24_hsp,14,14,31.481000,29.090000,-2.391000,f3 ZINEB
474,CSW24_hsp,15,16,30.192000,27.255000,-2.937000,k14 EX
474,CSW24_hsp,16,15,31.329000,26.956000,-4.373000,14d XEBEC
474,CSW24_hsp,17,17,29.473000,26.855000,-2.618000,f5 NEB
474,CSW24_hsp,18,22,28.508000,26.010000,-2.498000,f4 BIEN
474,CSW24_hsp,19,21,28.693000,25.968000,-2.725000,15h EX
474,CSW24_hsp,20,18,29.192000,25.594000,-3.598000,14j YEX
474,CSW24_hsp,21,19,28.730000,25.230000,-3.500000,n11 BEEN
474,CSW24_hsp,22,23,27.843000,25.195000,-2.648000,n11 BEZ
474,CSW24_hsp,23,24,27.689000,25.190000,-2.499000,i12 NE
474,CSW24_hsp,24,25,27.639000,25.175000,-2.464000,n11 ZEN
474,CSW24_hsp,25,20,28.730000,25.112000,-3.618000,n11 BENE
180,CSW24_hsp,1,2,24.958000,26.248000,1.290000,e10 REN
180,CSW24_hsp,2,1,25.615000,26.112000,0.497000,9c MORAY
180,CSW24_hsp,3,3,24.313000,25.817000,1.504000,e10 MEN
180,CSW24_hsp,4,5,19.927000,20.848000,0.921000,a1 WORM
180,CSW24_hsp,5,4,21.362000,20.740000,-0.622000,7a TORR
180,CSW24_hsp,6,7,19.252000,20.531000,1.279000,e10 TEN
180,CSW24_hsp,7,6,19.362000,19.828000,0.466000,12a ROZET
180,CSW24_hsp,8,9,17.506000,18.591000,1.085000,k9 ENORM
180,CSW24_hsp,9,10,16.927000,17.787000,0.860000,a12 MORN
180,CSW24_hsp,10,11,16.891000,17.578000,0.687000,l5 TERMOR
180,CSW24_hsp,11,12,16.891000,17.500000,0.609000,l5 TREMOR
180,CSW24_hsp,12,8,17.927000,17.145000,-0.782000,9j DORM
180,CSW24_hsp,13,20,16.215000,16.962000,0.747000,k9 ORMER
180,CSW24_hsp,14,16,16.692000,16.845000,0.153000,l5 TORN
180,CSW24_hsp,15,17,16.692000,16.717000,0.025000,l5 TRON
180,CSW24_hsp,16,15,16.713000,16.706000,-0.007000,12c ZERO
180,CSW24_hsp,17,25,15.506000,16.325000,0.819000,12a MOZE
180,CSW24_hsp,18,21,15.927000,16.323000,0.396000,10b ROUM
180,CSW24_hsp,19,13,16.891000,16.104000,-0.787000,b6 TERMOR
180,CSW24_hsp,20,18,16.692000,15.831000,-0.861000,b6 TORN
180,CSW24_hsp,21,22,15.869000,15.723000,-0.146000,i8 TORMENT
180,CSW24_hsp,22,26,15.371000,15.642000,0.271000,i8 TORN
180,CSW24_hsp,23,27,15.005000,15.489000,0.484000,l5 TERM
180,CSW24_hsp,24,40,14.304000,15.480000,1.176000,6j RETORN
180,CSW24_hsp,25,28,15.005000,15.402000,0.397000,l5 TREM
827,CSW24_hsp,1,1,28.169000,23.437000,-4.732000,g5 DA
827,CSW24_hsp,2,2,26.076000,21.899000,-4.177000,5c DAN
827,CSW24_hsp,3,5,25.169000,21.694000,-3.475000,7n AD
827,CSW24_hsp,4,7,25.169000,21.509000,-3.660000,9n AD
827,CSW24_hsp,5,6,25.169000,20.337000,-4.832000,n8 YAD
827,CSW24_hsp,6,4,25.169000,20.234000,-4.935000,n6 DAY
827,CSW24_hsp,7,9,24.169000,20.051000,-4.118000,m6 DAB
827,CSW24_hsp,8,10,23.927000,19.877000,-4.050000,5c DAD
827,CSW24_hsp,9,8,24.169000,19.777000,-4.392000,5c DA
827,CSW24_hsp,10,3,25.284000,19.394000,-5.890000,g3 NADA
827,CSW24_hsp,11,12,23.855000,19.171000,-4.684000,6f ZA
827,CSW24_hsp,12,14,22.362000,18.796000,-3.566000,7l EAN
827,CSW24_hsp,13,13,23.284000,18.134000,-5.150000,n6 DAYAN
827,CSW24_hsp,14,11,23.878000,18.010000,-5.868000,g3 DADA
827,CSW24_hsp,15,17,21.169000,17.213000,-3.956000,7h AD
827,CSW24_hsp,16,18,21.169000,17.043000,-4.126000,7h DA
827,CSW24_hsp,17,16,21.175000,16.944000,-4.231000,5c RAD
827,CSW24_hsp,18,19,20.855000,16.839000,-4.016000,7l EA
827,CSW24_hsp,19,15,21.362000,16.530000,-4.832000,g5 NA
827,CSW24_hsp,20,26,19.525000,15.317000,-4.208000,5c DAE
827,CSW24_hsp,21,22,19.981000,15.224000,-4.757000,n6 DRYAD
827,CSW24_hsp,22,24,19.927000,15.171000,-4.756000,n7 DYAD
827,CSW24_hsp,23,30,19.076000,15.112000,-3.964000,7h DAN
827,CSW24_hsp,24,28,19.218000,14.594000,-4.624000,6f ZERDA
827,CSW24_hsp,25,31,18.855000,14.414000,-4.441000,11a AHI
419,CSW24_hsp,1,1,38.609000,24.583000,-14.026000,a10 WIFEYS
419,CSW24_hsp,2,2,31.563000,18.502000,-13.061000,4d QI
419,CSW24_hsp,3,3,30.563000,17.802000,-12.761000,l3 QIS
419,CSW24_hsp,4,4,30.431000,16.204000,-14.227000,3j VIEWY
419,CSW24_hsp,5,5,29.168000,16.100000,-13.068000,13b WEY
419,CSW24_hsp,6,6,28.679000,15.444000,-13.235000,c10 WIRY
419,CSW24_hsp,7,7,28.377000,14.161000,-14.216000,a10 WIFIES
419,CSW24_hsp,8,9,23.679000,10.992000,-12.687000,l2 YWIS
419,CSW24_hsp,9,8,24.563000,10.882000,-13.681000,6a QI
419,CSW24_hsp,10,10,23.470000,10.748000,-12.722000,13b WEYS
419,CSW24_hsp,11,13,20.728000,8.825000,-11.903000,e10 WYE
419,CSW24_hsp,12,18,19.220000,8.565000,-10.655000,i9 YWIS
419,CSW24_hsp,13,11,21.168000,8.296000,-12.872000,h10 WYLE
419,CSW24_hsp,14,15,20.056000,8.292000,-11.764000,i10 QIS
419,CSW24_hsp,15,12,20.743000,8.100000,-12.643000,11e WEB
419,CSW24_hsp,16,14,20.563000,7.192000,-13.371000,14e QIN
419,CSW24_hsp,17,16,19.743000,6.137000,-13.606000,6a EW
419,CSW24_hsp,18,17,19.522000,5.558000,-13.964000,3j VIEW
419,CSW24_hsp,19,19,18.522000,4.914000,-13.608000,c10 WIRE
419,CSW24_hsp,20,21,17.522000,4.508000,-13.014000,h10 WILE
419,CSW24_hsp,21,25,17.168000,4.378000,-12.790000,l2 YEWS
419,CSW24_hsp,22,24,17.168000,4.340000,-12.828000,l2 WYES
419,CSW24_hsp,23,23,17.168000,4.196000,-12.972000,l2 WEYS
419,CSW24_hsp,24,20,18.168000,4.141000,-14.027000,4c WYE
419,CSW24_hsp,25,22,17.314000,3.948000,-13.366000,6h SWEE
793,CSW24_hsp,1,1,86.000000,79.290000,-6.710000,h8 SAVOURER
793,CSW24_hsp,2,2,29.553000,21.299000,-8.254000,d8 ZOUAVE
793,CSW24_hsp,3,3,24.865000,20.040000,-4.825000,9b URAO
793,CSW24_hsp,4,4,22.067000,17.087000,-4.980000,9a EURO
793,CSW24_hsp,5,10,16.869000,11.959000,-4.910000,9a OUR
793,CSW24_hsp,6,5,19.622000,11.938000,-7.684000,e4 OUVRIER
793,CSW24_hsp,7,6,19.622000,11.760000,-7.862000,f6 RUNOVER
793,CSW24_hsp,8,13,16.504000,11.441000,-5.063000,9a ORRA
793,CSW24_hsp,9,11,16.547000,10.801000,-5.746000,9b RUE
793,CSW24_hsp,10,8,17.169000,10.647000,-6.522000,h4 VROUS
793,CSW24_hsp,11,12,16.547000,10.388000,-6.159000,9b URE
793,CSW24_hsp,12,14,15.895000,10.235000,-5.660000,9b ORA
793,CSW24_hsp,13,7,19.504000,10.115000,-9.389000,d4 ARROZ
793,CSW24_hsp,14,17,14.624000,9.699000,-4.925000,9a AERO
793,CSW24_hsp,15,19,14.392000,8.469000,-5.923000,b6 VROU
793,CSW24_hsp,16,16,14.778000,7.515000,-7.263000,h8 SAVOUR
793,CSW24_hsp,17,21,14.086000,7.478000,-6.608000,h4 VARUS
793,CSW24_hsp,18,9,16.869000,7.056000,-9.813000,7h AVOURE
793,CSW24_hsp,19,22,13.780000,6.645000,-7.135000,c6 AVOURE
793,CSW24_hsp,20,18,14.522000,6.538000,-7.984000,g3 VERRUGA
793,CSW24_hsp,21,24,13.596000,6.374000,-7.222000,d8 ZA
793,CSW24_hsp,22,35,11.027000,6.103000,-4.924000,9b REO
793,CSW24_hsp,23,25,13.258000,6.056000,-7.202000,f7 UNROVE
793,CSW24_hsp,24,15,14.869000,5.993000,-8.876000,g3 OUVRAGE
793,CSW24_hsp,25,23,13.622000,5.793000,-7.829000,f2 OVERRUN
798,CSW24_hsp,1,3,23.014000,19.584000,-3.430000,8a BETH
798,CSW24_hsp,2,1,23.726000,17.101000,-6.625000,13a GEEP
798,CSW24_hsp,3,2,23.323000,16.672000,-6.651000,13a BEEP
798,CSW24_hsp,4,4,20.081000,14.976000,-5.105000,14m BEG
798,CSW24_hsp,5,9,17.081000,14.754000,-2.327000,9e BEG
798,CSW24_hsp,6,6,19.152000,14.676000,-4.476000,11b BETE
798,CSW24_hsp,7,5,20.014000,14.652000,-5.362000,n10 BLENT
798,CSW24_hsp,8,7,18.247000,13.234000,-5.013000,2f BEIGE
798,CSW24_hsp,9,8,17.481000,12.420000,-5.061000,14m PEG
798,CSW24_hsp,10,10,14.481000,12.033000,-2.448000,9e PEG
798,CSW24_hsp,11,13,13.081000,8.616000,-4.465000,6i BEG
798,CSW24_hsp,12,12,13.466000,8.068000,-5.398000,n10 GLENT
798,CSW24_hsp,13,15,12.081000,7.490000,-4.591000,11b BEG
798,CSW24_hsp,14,11,13.726000,7.036000,-6.690000,11a GEEP
798,CSW24_hsp,15,16,12.014000,6.894000,-5.120000,14m BET
798,CSW24_hsp,16,17,11.152000,6.079000,-5.073000,14m PET
798,CSW24_hsp,17,28,8.466000,6.035000,-2.431000,9e TEG
798,CSW24_hsp,18,18,10.481000,5.981000,-4.500000,6i PEG
798,CSW24_hsp,19,19,10.443000,5.953000,-4.490000,13b PEE
798,CSW24_hsp,20,21,10.367000,5.949000,-4.418000,13b BEE
798,CSW24_hsp,21,14,12.323000,5.622000,-6.701000,11a BEEP
798,CSW24_hsp,22,23,9.481000,4.914000,-4.567000,11b PEG
798,CSW24_hsp,23,24,9.206000,4.684000,-4.522000,11d PE
798,CSW24_hsp,24,26,9.029000,4.503000,-4.526000,13b GEE
798,CSW24_hsp,25,25,9.081000,4.497000,-4.584000,2g GIBE
6,CSW24_hsp,1,1,48.536000,38.787000,-9.749000,14e AX
6,CSW24_hsp,2,2,43.796000,34.047000,-9.749000,14e EX
6,CSW24_hsp,3,3,35.078000,25.536000,-9.542000,k2 VAXED
6,CSW24_hsp,4,4,32.654000,21.650000,-11.004000,n9 ADVENT
6,CSW24_hsp,5,6,30.369000,20.594000,-9.775000,f13 OX
6,CSW24_hsp,6,5,31.062000,20.457000,-10.605000,8j VANnED
6,CSW24_hsp,7,7,29.654000,18.895000,-10.759000,l8 ADVENT
6,CSW24_hsp,8,9,27.868000,18.007000,-9.861000,n1 VEENA
6,CSW24_hsp,9,8,28.654000,17.435000,-11.219000,2a VERDANT
6,CSW24_hsp,10,14,26.529000,17.044000,-9.485000,2m FAV
6,CSW24_hsp,11,13,26.529000,17.040000,-9.489000,n1 VAE
6,CSW24_hsp,12,15,26.192000,16.244000,-9.948000,4k TEEND
6,CSW24_hsp,13,11,26.736000,16.142000,-10.594000,n5 TAX
6,CSW24_hsp,14,10,27.579000,16.030000,-11.549000,n5 TAXED
6,CSW24_hsp,15,23,24.682000,15.761000,-8.921000,k2 VAX
6,CSW24_hsp,16,16,25.984000,15.643000,-10.341000,8k VAnED
6,CSW24_hsp,17,18,25.647000,15.612000,-10.035000,h1 DEMY
6,CSW24_hsp,18,17,25.769000,15.396000,-10.373000,2k DAFT
6,CSW24_hsp,19,24,24.682000,15.385000,-9.297000,5l VAX
6,CSW24_hsp,20,25,24.682000,15.223000,-9.459000,7l VAX
6,CSW24_hsp,21,26,24.682000,14.893000,-9.789000,9l VEX
6,CSW24_hsp,22,29,24.101000,14.657000,-9.444000,k2 VANDA
6,CSW24_hsp,23,21,25.274000,14.589000,-10.685000,n5 XED
6,CSW24_hsp,24,19,25.536000,14.536000,-11.000000,2m FAX
6,CSW24_hsp,25,30,24.101000,14.474000,-9.627000,5i VANDA
32,CSW24_hsp,1,2,78.000000,69.528000,-8.472000,11a EUXENiTE
32,CSW24_hsp,2,1,78.000000,67.045000,-10.955000,e8 EUXENiTE
32,CSW24_hsp,3,3,75.292000,64.701000,-10.591000,b10 EXEUNT
32,CSW24_hsp,4,5,57.755000,51.251000,-6.504000,2j EX
32,CSW24_hsp,5,7,57.755000,50.437000,-7.318000,b10 EX
32,CSW24_hsp,6,4,58.009000,50.267000,-7.742000,n5 XU
32,CSW24_hsp,7,6,57.755000,49.438000,-8.317000,f8 SEX
32,CSW24_hsp,8,12,54.595000,48.215000,-6.380000,4h OXEN
32,CSW24_hsp,9,8,56.265000,47.617000,-8.648000,e8 EXEUNT
32,CSW24_hsp,10,9,56.265000,47.555000,-8.710000,11a EXEUNT
32,CSW24_hsp,11,10,55.638000,47.047000,-8.591000,f8 SEXT
32,CSW24_hsp,12,11,54.755000,46.409000,-8.346000,n4 EX
32,CSW24_hsp,13,17,52.654000,45.965000,-6.689000,4k NEW
32,CSW24_hsp,14,13,53.009000,45.515000,-7.494000,b2 XU
32,CSW24_hsp,15,14,53.009000,45.501000,-7.508000,9a MUX
32,CSW24_hsp,16,15,53.009000,45.441000,-7.568000,b11 XU
32,CSW24_hsp,17,20,50.654000,44.371000,-6.283000,l2 NAE
32,CSW24_hsp,18,24,49.957000,43.969000,-5.988000,4j ENEW
32,CSW24_hsp,19,23,50.342000,43.861000,-6.481000,4k NEWT
32,CSW24_hsp,20,22,50.595000,43.551000,-7.044000,k2 NIXE
32,CSW24_hsp,21,18,51.755000,43.361000,-8.394000,7m EX
32,CSW24_hsp,22,19,51.135000,43.133000,-8.002000,b11 NEXT
32,CSW24_hsp,23,16,52.755000,42.684000,-10.071000,4m WEX
32,CSW24_hsp,24,31,49.227000,42.596000,-6.631000,4k TEW
32,CSW24_hsp,25,27,49.573000,42.521000,-7.052000,7g UTE
529,CSW24_hsp,1,2,13.035000,5.544000,-7.491000,f7 LEVY
529,CSW24_hsp,2,3,12.981000,4.528000,-8.453000,i6 VASTLY
529,CSW24_hsp,3,4,12.413000,4.200000,-8.213000,i6 VASTY
529,CSW24_hsp,4,6,12.110000,4.036000,-8.074000,f7 LEAVY
529,CSW24_hsp,5,1,13.534000,3.991000,-9.543000,c8 RATTLY
529,CSW24_hsp,6,5,12.112000,2.988000,-9.124000,f5 TYTE
529,CSW24_hsp,7,7,11.534000,1.122000,-10.412000,d3 LYTTAE
529,CSW24_hsp,8,9,11.534000,0.725000,-10.809000,e8 RATTLY
529,CSW24_hsp,9,8,11.534000,0.537000,-10.997000,e6 TARTLY
529,CSW24_hsp,10,18,6.053000,0.148000,-5.905000,7f TAY
529,CSW24_hsp,11,14,6.828000,0.094000,-6.734000,c6 VARY
529,CSW24_hsp,12,15,6.582000,-0.133000,-6.715000,c7 TRY
529,CSW24_hsp,13,11,8.591000,-0.303000,-8.894000,f5 LYTE
529,CSW24_hsp,14,19,6.053000,-0.566000,-6.619000,9f TAY
529,CSW24_hsp,15,10,9.694000,-0.822000,-10.516000,e8 RATTY
529,CSW24_hsp,16,12,8.110000,-0.896000,-9.006000,i8 SYLVA
529,CSW24_hsp,17,17,6.110000,-2.233000,-8.343000,f7 VEALY
529,CSW24_hsp,18,22,5.035000,-2.546000,-7.581000,d7 LEVY
529,CSW24_hsp,19,16,6.112000,-2.777000,-8.889000,f7 YETT
529,CSW24_hsp,20,21,5.053000,-2.972000,-8.025000,7d TAY
529,CSW24_hsp,21,13,6.842000,-3.025000,-9.867000,e5 LYART
529,CSW24_hsp,22,35,3.302000,-3.212000,-6.514000,7h TAV
529,CSW24_hsp,23,20,5.053000,-3.248000,-8.301000,7b TAY
529,CSW24_hsp,24,34,3.302000,-3.481000,-6.783000,7b VAT
529,CSW24_hsp,25,25,4.534000,-4.201000,-8.735000,c6 TARTLY
952,CSW24_hsp,1,1,28.884000,24.733000,-4.151000,7f BOO
952,CSW24_hsp,2,2,28.884000,24.466000,-4.418000,9f BOO
952,CSW24_hsp,3,5,27.611000,23.378000,-4.233000,7f BOOR
952,CSW24_hsp,4,8,27.186000,23.345000,-3.841000,7f BAO
952,CSW24_hsp,5,3,27.884000,23.032000,-4.852000,7e OBO
952,CSW24_hsp,6,6,27.611000,22.938000,-4.673000,9f BOOR
952,CSW24_hsp,7,9,27.186000,22.843000,-4.343000,9f BOA
952,CSW24_hsp,8,4,27.884000,22.783000,-5.101000,9e OBO
952,CSW24_hsp,9,7,27.522000,21.796000,-5.726000,i3 BRAVOS
952,CSW24_hsp,10,14,26.186000,21.655000,-4.531000,7e OBA
952,CSW24_hsp,11,13,26.837000,21.475000,-5.362000,i5 OBVS
952,CSW24_hsp,12,15,26.096000,21.241000,-4.855000,g6 VOW
952,CSW24_hsp,13,10,26.932000,21.003000,-5.929000,7h OVA
952,CSW24_hsp,14,11,26.932000,20.831000,-6.101000,9h AVO
952,CSW24_hsp,15,12,26.932000,20.799000,-6.133000,9h OVA
952,CSW24_hsp,16,16,25.097000,19.869000,-5.228000,9c VOAR
952,CSW24_hsp,17,19,24.633000,19.819000,-4.814000,9f BOAR
952,CSW24_hsp,18,26,23.583000,19.567000,-4.016000,i8 SOV
952,CSW24_hsp,19,21,24.096000,19.068000,-5.028000,f8 AVO
952,CSW24_hsp,20,20,24.096000,18.990000,-5.106000,f6 OVA
952,CSW24_hsp,21,23,23.957000,18.138000,-5.819000,9f BO
952,CSW24_hsp,22,22,23.957000,18.046000,-5.911000,7f BO
952,CSW24_hsp,23,27,23.073000,17.890000,-5.183000,f6 BRAVO
952,CSW24_hsp,24,18,24.884000,17.852000,-7.032000,e8 HOBO
952,CSW24_hsp,25,17,24.884000,17.576000,-7.308000,e5 BOOH
61,CSW24_hsp,1,1,34.258000,29.707000,-4.551000,11j FAIRY
61,CSW24_hsp,2,2,33.622000,29.228000,-4.394000,11i FRIARY
61,CSW24_hsp,3,3,33.622000,29.014000,-4.608000,11i RARIFY
61,CSW24_hsp,4,4,32.511000,28.255000,-4.256000,o10 ARIARY
61,CSW24_hsp,5,5,30.345000,25.361000,-4.984000,11k FRAY
61,CSW24_hsp,6,7,25.388000,21.287000,-4.101000,11j FIRRY
61,CSW24_hsp,7,6,25.511000,20.705000,-4.806000,11i ARIARY
61,CSW24_hsp,8,8,24.694000,20.134000,-4.560000,11k AIRY
61,CSW24_hsp,9,9,22.737000,16.711000,-6.026000,11j ARRAY
61,CSW24_hsp,10,10,19.723000,14.621000,-5.102000,o10 YARFA
61,CSW24_hsp,11,11,19.029000,14.475000,-4.554000,9i AY
61,CSW24_hsp,12,12,17.681000,13.181000,-4.500000,m9 YIRR
61,CSW24_hsp,13,17,15.657000,11.236000,-4.421000,o10 YAAR
61,CSW24_hsp,14,15,16.596000,10.812000,-5.784000,11l RAY
61,CSW24_hsp,15,14,16.596000,10.719000,-5.877000,11l ARY
61,CSW24_hsp,16,16,16.596000,10.574000,-6.022000,11m RYA
61,CSW24_hsp,17,13,16.657000,9.930000,-6.727000,11l RAYA
61,CSW24_hsp,18,19,15.596000,9.801000,-5.795000,o10 YAR
61,CSW24_hsp,19,18,15.596000,9.661000,-5.935000,o10 ARY
61,CSW24_hsp,20,23,13.312000,9.175000,-4.137000,11l FRY
61,CSW24_hsp,21,21,13.694000,9.014000,-4.680000,o10 AIRY
61,CSW24_hsp,22,20,14.360000,8.912000,-5.448000,11l FAY
61,CSW24_hsp,23,22,13.470000,8.429000,-5.041000,o10 ARF
61,CSW24_hsp,24,26,11.876000,6.525000,-5.351000,o10 YARR
61,CSW24_hsp,25,33,10.400000,6.216000,-4.184000,k5 RENEY
1138,CSW24_hsp,1,1,47.031000,41.561000,-5.470000,g10 UFO
1138,CSW24_hsp,2,4,40.747000,35.233000,-5.514000,9h FUCI
1138,CSW24_hsp,3,2,41.031000,35.205000,-5.826000,9h FOU
1138,CSW24_hsp,4,5,40.747000,33.623000,-7.124000,g11 FUCI
1138,CSW24_hsp,5,3,40.759000,32.925000,-7.834000,i6 FUGU
1138,CSW24_hsp,6,6,39.031000,31.680000,-7.351000,g11 FOU
1138,CSW24_hsp,7,12,34.704000,29.420000,-5.284000,11e FOU
1138,CSW24_hsp,8,11,34.704000,29.261000,-5.443000,11d UFO
1138,CSW24_hsp,9,8,37.031000,27.992000,-9.039000,g12 UFO
1138,CSW24_hsp,10,13,34.704000,27.986000,-6.718000,12d FUN
1138,CSW24_hsp,11,10,36.031000,26.941000,-9.090000,9i UFO
1138,CSW24_hsp,12,9,36.031000,26.779000,-9.252000,7i UFO
1138,CSW24_hsp,13,7,37.129000,26.520000,-10.609000,i6 FUGIO
1138,CSW24_hsp,14,18,31.280000,26.511000,-4.769000,9h OU
1138,CSW24_hsp,15,15,32.280000,26.333000,-5.947000,e11 OU
1138,CSW24_hsp,16,16,31.737000,25.963000,-5.774000,10f XU
1138,CSW24_hsp,17,17,31.280000,25.375000,-5.905000,7h OU
1138,CSW24_hsp,18,19,30.951000,25.080000,-5.871000,g10 IF
1138,CSW24_hsp,19,14,33.031000,24.636000,-8.395000,e12 UFO
1138,CSW24_hsp,20,20,30.790000,24.524000,-6.266000,ex FOUU
1138,CSW24_hsp,21,21,30.759000,24.493000,-6.266000,ex FUU
1138,CSW24_hsp,22,25,29.964000,24.382000,-5.582000,9h FOCI
1138,CSW24_hsp,23,24,29.964000,24.230000,-5.734000,9h FICO
1138,CSW24_hsp,24,23,30.437000,24.171000,-6.266000,ex FIUU
1138,CSW24_hsp,25,22,30.704000,23.256000,-7.448000,i6 FUG
44,CSW24_hsp,1,1,45.752000,36.192000,-9.560000,d1 JIAO
44,CSW24_hsp,2,3,38.720000,30.806000,-7.914000,k3 FOH
44,CSW24_hsp,3,4,36.859000,28.983000,-7.876000,k3 FAH
44,CSW24_hsp,4,5,36.752000,28.872000,-7.880000,k2 JIAO
44,CSW24_hsp,5,6,36.652000,28.767000,-7.885000,k3 FEH
44,CSW24_hsp,6,2,38.929000,28.161000,-10.768000,b7 FEIJOA
44,CSW24_hsp,7,7,35.556000,27.921000,-7.635000,j13 AJI
44,CSW24_hsp,8,10,30.881000,25.493000,-5.388000,o12 WIFE
44,CSW24_hsp,9,13,29.708000,24.371000,-5.337000,o12 WAIF
44,CSW24_hsp,10,15,29.515000,24.150000,-5.365000,o12 WHIO
44,CSW24_hsp,11,9,31.286000,22.816000,-8.470000,7g JIVE
44,CSW24_hsp,12,11,30.624000,22.569000,-8.055000,k4 OH
44,CSW24_hsp,13,12,29.859000,22.082000,-7.777000,d2 FAH
44,CSW24_hsp,14,14,29.652000,21.903000,-7.749000,d2 FEH
44,CSW24_hsp,15,19,28.814000,21.886000,-6.928000,10f FEAT
44,CSW24_hsp,16,25,26.825000,21.426000,-5.399000,o12 WHOA
44,CSW24_hsp,17,26,26.825000,21.403000,-5.422000,o12 WOAH
44,CSW24_hsp,18,16,29.093000,21.093000,-8.000000,k4 EH
44,CSW24_hsp,19,20,28.466000,20.941000,-7.525000,f10 FEIJOA
44,CSW24_hsp,20,18,28.916000,20.758000,-8.158000,k4 AH
44,CSW24_hsp,21,17,28.929000,19.911000,-9.018000,3e FEIJOA
44,CSW24_hsp,22,23,26.841000,19.854000,-6.987000,10f HAET
44,CSW24_hsp,23,24,26.841000,19.771000,-7.070000,10f HEAT
44,CSW24_hsp,24,8,33.672000,19.760000,-13.912000,n7 FEIJOA
44,CSW24_hsp,25,22,26.917000,19.645000,-7.272000,10f FE
315,CSW24_hsp,1,2,42.992000,43.031000,0.039000,6n QI
315,CSW24_hsp,2,1,44.265000,42.735000,-1.530000,13g ZOCALOS
315,CSW24_hsp,3,4,38.846000,40.054000,1.208000,14e CLOU
315,CSW24_hsp,4,3,38.860000,39.823000,0.963000,3m QUA
315,CSW24_hsp,5,5,35.860000,36.910000,1.050000,7m QUa
315,CSW24_hsp,6,7,35.840000,36.503000,0.663000,3l AQUA
315,CSW24_hsp,7,6,35.840000,36.390000,0.550000,l1 AQUA
315,CSW24_hsp,8,8,35.431000,36.241000,0.810000,15d QUOLL
315,CSW24_hsp,9,9,34.292000,35.454000,1.162000,14f LOU
315,CSW24_hsp,10,10,32.736000,33.931000,1.195000,11e COME
315,CSW24_hsp,11,11,31.840000,32.440000,0.600000,7l AQUa
315,CSW24_hsp,12,12,31.237000,31.820000,0.583000,13g ZOCALO
315,CSW24_hsp,13,13,29.322000,30.671000,1.349000,6k COQUI
315,CSW24_hsp,14,15,29.034000,30.461000,1.427000,13a FECAL
315,CSW24_hsp,15,19,27.846000,30.157000,2.311000,3l LOCA
315,CSW24_hsp,16,18,27.846000,30.125000,2.279000,3l COLA
315,CSW24_hsp,17,17,27.846000,30.050000,2.204000,l1 ALCO
315,CSW24_hsp,18,20,27.846000,30.034000,2.188000,4l CLON
315,CSW24_hsp,19,16,29.016000,29.834000,0.818000,14e CLOUS
315,CSW24_hsp,20,21,27.846000,29.720000,1.874000,6l LOCI
315,CSW24_hsp,21,14,29.093000,29.342000,0.249000,14g OU
315,CSW24_hsp,22,23,27.034000,28.707000,1.673000,11d CLAME
315,CSW24_hsp,23,24,26.736000,28.016000,1.280000,3m OCA
315,CSW24_hsp,24,29,25.431000,27.726000,2.295000,15e QUOLL
315,CSW24_hsp,25,26,26.292000,27.465000,1.173000,11e LOME
2189,CSW24_hsp,1,1,58.740000,50.741000,-7.999000,n6 JATO
2189,CSW24_hsp,2,2,54.263000,46.281000,-7.982000,n6 JA
2189,CSW24_hsp,3,4,53.080000,45.880000,-7.200000,n4 TAJ
2189,CSW24_hsp,4,3,53.340000,45.829000,-7.511000,n6 JEAT
2189,CSW24_hsp,5,5,44.826000,37.712000,-7.114000,n6 JET
2189,CSW24_hsp,6,6,42.810000,35.407000,-7.403000,o12 GAJO
2189,CSW24_hsp,7,7,33.740000,25.956000,-7.784000,n4 JOTA
2189,CSW24_hsp,8,9,31.263000,23.955000,-7.308000,2f JA
2189,CSW24_hsp,9,8,31.740000,23.845000,-7.895000,6b JOTA
2189,CSW24_hsp,10,14,29.510000,22.413000,-7.097000,m2 FALAJ
2189,CSW24_hsp,11,15,29.469000,22.169000,-7.300000,2f JO
2189,CSW24_hsp,12,17,29.103000,22.134000,-6.969000,2f JOE
2189,CSW24_hsp,13,12,29.740000,21.932000,-7.808000,4c JOTA
2189,CSW24_hsp,14,11,29.740000,21.929000,-7.811000,4c JATO
2189,CSW24_hsp,15,13,29.510000,21.567000,-7.943000,m1 AFLAJ
2189,CSW24_hsp,16,16,29.263000,20.525000,-8.738000,n10 JAG
2189,CSW24_hsp,17,20,27.756000,20.491000,-7.265000,2f JOL
2189,CSW24_hsp,18,19,28.340000,19.834000,-8.506000,14b JEAT
2189,CSW24_hsp,19,23,27.021000,19.783000,-7.238000,2f JOT
2189,CSW24_hsp,20,22,27.249000,19.446000,-7.803000,e11 JOUAL
2189,CSW24_hsp,21,18,29.037000,19.440000,-9.597000,n10 JAGA
2189,CSW24_hsp,22,28,26.305000,19.214000,-7.091000,10i AJEE
2189,CSW24_hsp,23,25,26.543000,18.805000,-7.738000,n4 JOLE
2189,CSW24_hsp,24,21,27.469000,18.743000,-8.726000,n10 JOG
2189,CSW24_hsp,25,26,26.340000,18.710000,-7.630000,4d JEAT
2140,CSW24_hsp,1,2,35.715000,33.253000,-2.462000,o12 USED
2140,CSW24_hsp,2,1,36.178000,32.749000,-3.429000,o13 SAU
2140,CSW24_hsp,3,3,35.555000,32.403000,-3.152000,1j EUPADS
2140,CSW24_hsp,4,4,34.987000,31.608000,-3.379000,o13 SUI
2140,CSW24_hsp,5,6,33.388000,30.893000,-2.495000,15a US
2140,CSW24_hsp,6,5,34.897000,30.551000,-4.346000,3g UVA
2140,CSW24_hsp,7,7,33.178000,29.096000,-4.082000,3g UVAS
2140,CSW24_hsp,8,8,32.897000,28.641000,-4.256000,9g AUF
2140,CSW24_hsp,9,12,31.715000,28.373000,-3.342000,1k SPUED
2140,CSW24_hsp,10,11,31.739000,27.852000,-3.887000,1l PAID
2140,CSW24_hsp,11,10,31.739000,27.825000,-3.914000,1l PADI
2140,CSW24_hsp,12,24,29.815000,27.542000,-2.273000,12k AIDES
2140,CSW24_hsp,13,15,30.530000,27.419000,-3.111000,o13 SUD
2140,CSW24_hsp,14,9,32.142000,27.418000,-4.724000,f10 FEU
2140,CSW24_hsp,15,13,31.178000,27.280000,-3.898000,9g AUFS
2140,CSW24_hsp,16,25,29.715000,27.059000,-2.656000,12l USED
2140,CSW24_hsp,17,23,29.885000,26.936000,-2.949000,12j EAUS
2140,CSW24_hsp,18,17,30.235000,26.848000,-3.387000,o13 SUE
2140,CSW24_hsp,19,14,30.640000,26.465000,-4.175000,n10 ADIEU
2140,CSW24_hsp,20,36,28.853000,26.362000,-2.491000,o11 ISSUE
2140,CSW24_hsp,21,18,30.191000,26.167000,-4.024000,n10 ADIEUS
2140,CSW24_hsp,22,16,30.388000,25.883000,-4.505000,o12 US
2140,CSW24_hsp,23,35,28.887000,25.807000,-3.080000,o10 DASSIE
2140,CSW24_hsp,24,34,28.887000,25.796000,-3.091000,o10 DAISES
2140,CSW24_hsp,25,26,29.530000,25.713000,-3.817000,1l PUDS
2029,CSW24_hsp,1,1,19.994000,16.988000,-3.006000,1l VROT
2029,CSW24_hsp,2,2,13.302000,6.267000,-7.035000,3f VENT
2029,CSW24_hsp,3,3,12.529000,5.559000,-6.970000,3f VETO
2029,CSW24_hsp,4,4,12.358000,5.196000,-7.162000,6c VOTER
2029,CSW24_hsp,5,5,11.964000,4.963000,-7.001000,6d VROT
2029,CSW24_hsp,6,7,10.358000,3.239000,-7.119000,6b OVERT
2029,CSW24_hsp,7,9,10.300000,3.216000,-7.084000,6e REV
2029,CSW24_hsp,8,21,5.698000,1.945000,-3.753000,1m VOR
2029,CSW24_hsp,9,11,9.002000,1.750000,-7.252000,3f VET
2029,CSW24_hsp,10,10,9.358000,1.649000,-7.709000,6a OVERT
2029,CSW24_hsp,11,6,10.615000,1.642000,-8.973000,ex QV
2029,CSW24_hsp,12,12,8.964000,1.537000,-7.427000,6b VROT
2029,CSW24_hsp,13,26,5.150000,1.394000,-3.756000,1j ENROOT
2029,CSW24_hsp,14,8,10.358000,0.935000,-9.423000,12a OVERT
2029,CSW24_hsp,15,36,4.239000,0.563000,-3.676000,1k ROTON
2029,CSW24_hsp,16,44,3.969000,0.176000,-3.793000,1m VOE
2029,CSW24_hsp,17,16,6.964000,-0.726000,-7.690000,12b VROT
2029,CSW24_hsp,18,13,7.927000,-1.046000,-8.973000,ex OQV
2029,CSW24_hsp,19,18,6.302000,-1.312000,-7.614000,6b VENT
2029,CSW24_hsp,20,14,7.438000,-1.535000,-8.973000,ex NOQV
2029,CSW24_hsp,21,19,6.067000,-1.599000,-7.666000,6b VERT
2029,CSW24_hsp,22,59,2.230000,-1.640000,-3.870000,1l TOON
2029,CSW24_hsp,23,23,5.529000,-1.682000,-7.211000,12c VOTE
2029,CSW24_hsp,24,22,5.529000,-1.683000,-7.212000,12c VETO
2029,CSW24_hsp,25,15,7.064000,-1.909000,-8.973000,ex NQV
2400,CSW24_hsp,1,1,95.000000,88.542000,-6.458000,o1 OuTPRAYS
2400,CSW24_hsp,2,2,89.000000,82.641000,-6.359000,o1 PORTrAYS
2400,CSW24_hsp,3,3,89.000000,82.641000,-6.359000,o1 POrTRAYS
2400,CSW24_hsp,4,4,75.090000,69.932000,-5.158000,l11 PORTY
2400,CSW24_hsp,5,5,69.229000,64.050000,-5.179000,l10 ATOPY
2400,CSW24_hsp,6,6,66.847000,61.747000,-5.100000,l11 PORY
2400,CSW24_hsp,7,9,65.000000,60.117000,-4.883000,o4 PYROSTAt
2400,CSW24_hsp,8,10,65.000000,60.105000,-4.895000,o4 PYROStAT
2400,CSW24_hsp,9,7,65.122000,59.764000,-5.358000,l12 OATY
2400,CSW24_hsp,10,8,65.043000,59.376000,-5.667000,l11 TOY
2400,CSW24_hsp,11,11,64.000000,58.558000,-5.442000,15f PODiATRY
2400,CSW24_hsp,12,14,62.000000,57.707000,-4.293000,o6 PASTORlY
2400,CSW24_hsp,13,12,62.548000,57.201000,-5.347000,l12 OARY
2400,CSW24_hsp,14,24,60.796000,56.926000,-3.870000,a7 YO
2400,CSW24_hsp,15,15,61.909000,56.742000,-5.167000,l10 APORT
2400,CSW24_hsp,16,16,61.909000,56.662000,-5.247000,l11 PORTA
2400,CSW24_hsp,17,13,62.377000,56.624000,-5.753000,c11 YAP
2400,CSW24_hsp,18,28,60.218000,56.344000,-3.874000,a7 YA
2400,CSW24_hsp,19,21,61.594000,56.156000,-5.438000,l10 ATOP
2400,CSW24_hsp,20,22,61.377000,55.998000,-5.379000,a1 YAP
2400,CSW24_hsp,21,19,61.692000,55.978000,-5.714000,l11 POT
2400,CSW24_hsp,22,20,61.692000,55.932000,-5.760000,l11 TOP
2400,CSW24_hsp,23,18,61.796000,55.511000,-6.285000,l12 OY
2400,CSW24_hsp,24,17,61.799000,55.327000,-6.472000,n10 OTARY
2400,CSW24_hsp,25,23,61.122000,55.253000,-5.869000,12k TOKAY
2240,CSW24_hsp,1,1,80.104000,78.345000,-1.759000,15h AIRDATES
2240,CSW24_hsp,2,2,73.000000,68.565000,-4.435000,b4 SALTIRE
2240,CSW24_hsp,3,3,70.000000,64.341000,-5.659000,b1 REALIST
2240,CSW24_hsp,4,5,65.000000,60.982000,-4.018000,b3 SLATIER
2240,CSW24_hsp,5,4,65.000000,60.784000,-4.216000,b3 SALTIER
2240,CSW24_hsp,6,12,62.000000,57.975000,-4.025000,2e TRENAILS
2240,CSW24_hsp,7,11,62.000000,57.900000,-4.100000,2e SLANTIER
2240,CSW24_hsp,8,9,62.000000,57.840000,-4.160000,2e LARNIEST
2240,CSW24_hsp,9,10,62.000000,57.646000,-4.354000,2e REINSTAL
2240,CSW24_hsp,10,8,62.000000,57.610000,-4.390000,2d RETINALS
2240,CSW24_hsp,11,7,62.000000,57.301000,-4.699000,2c RATLINES
2240,CSW24_hsp,12,6,62.000000,57.289000,-4.711000,2c LATRINES
2240,CSW24_hsp,13,14,59.000000,56.195000,-2.805000,1d LAIRIEST
2240,CSW24_hsp,14,13,59.000000,56.165000,-2.835000,1b LISTERIA
2240,CSW24_hsp,15,15,59.000000,56.155000,-2.845000,1f LAIRIEST
2240,CSW24_hsp,16,16,59.000000,56.026000,-2.974000,3e TERtIALS
2240,CSW24_hsp,17,17,43.219000,40.814000,-2.405000,m11 LEX
2240,CSW24_hsp,18,18,41.565000,39.458000,-2.107000,b9 LI
2240,CSW24_hsp,19,19,41.565000,39.237000,-2.328000,11m LI
2240,CSW24_hsp,20,20,41.300000,39.118000,-2.182000,e11 ZATI
2240,CSW24_hsp,21,22,40.850000,38.828000,-2.022000,f6 LAW
2240,CSW24_hsp,22,23,40.818000,38.747000,-2.071000,13d AR
2240,CSW24_hsp,23,21,41.219000,38.566000,-2.653000,14j LAH
2240,CSW24_hsp,24,40,37.350000,37.740000,0.390000,15k DATAL
2240,CSW24_hsp,25,25,39.850000,37.726000,-2.124000,b9 LA
2330,CSW24_hsp,1,3,14.997000,13.403000,-1.594000,15l PICE
2330,CSW24_hsp,2,6,13.998000,12.428000,-1.570000,15l PUCE
2330,CSW24_hsp,3,4,14.312000,12.024000,-2.288000,e4 CURIO
2330,CSW24_hsp,4,1,17.386000,11.914000,-5.472000,b1 GUIDED
2330,CSW24_hsp,5,7,13.892000,11.900000,-1.992000,5d GUE
2330,CSW24_hsp,6,5,14.312000,11.851000,-2.461000,13j RUNIC
2330,CSW24_hsp,7,2,15.386000,11.105000,-4.281000,e1 GUIDER
2330,CSW24_hsp,8,8,12.893000,10.498000,-2.395000,l3 CIG
2330,CSW24_hsp,9,9,11.934000,9.400000,-2.534000,5d GU
2330,CSW24_hsp,10,12,11.392000,9.380000,-2.012000,5c GIE
2330,CSW24_hsp,11,10,11.934000,8.941000,-2.993000,m12 GU
2330,CSW24_hsp,12,14,11.206000,8.926000,-2.280000,9a DUCI
2330,CSW24_hsp,13,11,11.934000,8.922000,-3.012000,m13 UG
2330,CSW24_hsp,14,15,11.145000,8.045000,-3.100000,n11 CEDI
2330,CSW24_hsp,15,16,11.145000,8.028000,-3.117000,n11 CIDE
2330,CSW24_hsp,16,18,10.145000,7.539000,-2.606000,n10 ICED
2330,CSW24_hsp,17,22,9.323000,7.147000,-2.176000,15l PEDI
2330,CSW24_hsp,18,13,11.268000,7.139000,-4.129000,b3 GUID
2330,CSW24_hsp,19,23,9.323000,7.124000,-2.199000,15l PIED
2330,CSW24_hsp,20,19,9.934000,6.941000,-2.993000,l3 GU
2330,CSW24_hsp,21,20,9.832000,6.807000,-3.025000,l3 GI
2330,CSW24_hsp,22,17,10.705000,6.731000,-3.974000,e1 DICIER
2330,CSW24_hsp,23,21,9.523000,6.545000,-2.978000,15d GUIDS
2330,CSW24_hsp,24,25,8.997000,6.138000,-2.859000,n10 ICE
2330,CSW24_hsp,25,24,9.000000,6.101000,-2.899000,n11 CUED
2205,CSW24_hsp,1,1,86.000000,77.854000,-8.146000,o9 POOTInG
2205,CSW24_hsp,2,2,61.129000,54.767000,-6.362000,11e GROW
2205,CSW24_hsp,3,3,57.565000,53.778000,-3.787000,15a POSIT
2205,CSW24_hsp,4,4,57.526000,51.338000,-6.188000,11e PROW
2205,CSW24_hsp,5,5,53.813000,47.223000,-6.590000,11e TROW
2205,CSW24_hsp,6,6,51.723000,46.462000,-5.261000,15a PISO
2205,CSW24_hsp,7,7,50.592000,44.536000,-6.056000,11e TROWInG
2205,CSW24_hsp,8,12,46.407000,43.917000,-2.490000,o6 OOT
2205,CSW24_hsp,9,9,49.516000,42.837000,-6.679000,d10 OOP
2205,CSW24_hsp,10,8,50.129000,42.498000,-7.631000,f6 EGO
2205,CSW24_hsp,11,10,48.129000,41.384000,-6.745000,15a GOS
2205,CSW24_hsp,12,11,46.813000,38.998000,-7.815000,11f ROWT
2205,CSW24_hsp,13,15,45.526000,38.942000,-6.584000,15a POS
2205,CSW24_hsp,14,16,45.423000,38.645000,-6.778000,m9 GOOP
2205,CSW24_hsp,15,13,45.653000,38.264000,-7.389000,11f ROW
2205,CSW24_hsp,16,14,45.526000,38.206000,-7.320000,d11 OP
2205,CSW24_hsp,17,17,45.129000,36.943000,-8.186000,m9 GO
2205,CSW24_hsp,18,18,44.423000,36.872000,-7.551000,o9 GOOP
2205,CSW24_hsp,19,19,44.129000,36.740000,-7.389000,15c SOG
2205,CSW24_hsp,20,30,42.938000,36.193000,-6.745000,15a GIS
2205,CSW24_hsp,21,20,43.528000,35.998000,-7.530000,f4 POET
2205,CSW24_hsp,22,25,43.423000,35.997000,-7.426000,10j POGOS
2205,CSW24_hsp,23,21,43.528000,35.966000,-7.562000,12a POUT
2205,CSW24_hsp,24,22,43.526000,35.736000,-7.790000,1k OP
2205,CSW24_hsp,25,24,43.423000,35.673000,-7.750000,o9 POGO
2023,CSW24_hsp,1,1,53.712000,52.334000,-1.378000,8l RIVA
2023,CSW24_hsp,2,4,46.712000,45.874000,-0.838000,m2 VIAS
2023,CSW24_hsp,3,2,47.712000,45.274000,-2.438000,14d VIA
2023,CSW24_hsp,4,3,46.712000,45.054000,-1.658000,m2 AVIS
2023,CSW24_hsp,5,9,41.681000,41.741000,0.060000,4a AD
2023,CSW24_hsp,6,5,43.235000,41.518000,-1.717000,m1 VINAS
2023,CSW24_hsp,7,6,43.235000,40.849000,-2.386000,14d VAIN
2023,CSW24_hsp,8,10,41.393000,40.808000,-0.585000,d1 AIGA
2023,CSW24_hsp,9,11,41.393000,40.722000,-0.671000,f10 AI
2023,CSW24_hsp,10,7,43.235000,40.285000,-2.950000,14d VINA
2023,CSW24_hsp,11,14,39.681000,39.384000,-0.297000,f2 ZEA
2023,CSW24_hsp,12,12,40.712000,39.378000,-1.334000,i8 RIVA
2023,CSW24_hsp,13,13,40.019000,39.376000,-0.643000,m3 VIS
2023,CSW24_hsp,14,15,39.393000,38.733000,-0.660000,4j AI
2023,CSW24_hsp,15,16,39.235000,37.740000,-1.495000,7j NAEVI
2023,CSW24_hsp,16,8,41.712000,37.476000,-4.236000,4m AVI
2023,CSW24_hsp,17,17,38.736000,37.188000,-1.548000,m2 AVAS
2023,CSW24_hsp,18,18,38.342000,37.057000,-1.285000,3i ANI
2023,CSW24_hsp,19,29,36.932000,36.820000,-0.112000,7d IF
2023,CSW24_hsp,20,24,37.393000,36.662000,-0.731000,7i AI
2023,CSW24_hsp,21,23,37.393000,36.581000,-0.812000,m3 AIS
2023,CSW24_hsp,22,27,37.203000,36.556000,-0.647000,m3 VAS
2023,CSW24_hsp,23,20,38.342000,36.484000,-1.858000,8l RANI
2023,CSW24_hsp,24,19,38.342000,36.448000,-1.894000,8l RAIN
2023,CSW24_hsp,25,30,36.681000,36.377000,-0.304000,7e FA
2358,CSW24_hsp,1,1,27.310000,29.016000,1.706000,k1 CIMIER
2358,CSW24_hsp,2,2,26.867000,27.570000,0.703000,a1 IMIDO
2358,CSW24_hsp,3,3,26.199000,26.374000,0.175000,a12 VICE
2358,CSW24_hsp,4,4,25.407000,26.357000,0.950000,k11 MICO
2358,CSW24_hsp,5,6,24.386000,25.573000,1.187000,k1 MOTIER
2358,CSW24_hsp,6,7,24.251000,25.459000,1.208000,k1 MITIER
2358,CSW24_hsp,7,9,23.879000,24.582000,0.703000,a1 IMIDE
2358,CSW24_hsp,8,5,24.854000,24.457000,-0.397000,i9 MEIOTIC
2358,CSW24_hsp,9,8,23.935000,24.171000,0.236000,a1 IMID
2358,CSW24_hsp,10,10,22.415000,23.117000,0.702000,k2 ICIER
2358,CSW24_hsp,11,11,22.368000,22.715000,0.347000,k11 MOI
2358,CSW24_hsp,12,12,22.317000,22.297000,-0.020000,a12 VITE
2358,CSW24_hsp,13,19,19.997000,21.703000,1.706000,11e OI
2358,CSW24_hsp,14,15,20.403000,21.269000,0.866000,k11 MICE
2358,CSW24_hsp,15,13,20.523000,20.936000,0.413000,k11 MOIT
2358,CSW24_hsp,16,14,20.523000,20.928000,0.405000,k11 MOTI
2358,CSW24_hsp,17,16,20.368000,20.705000,0.337000,11i MOOI
2358,CSW24_hsp,18,17,20.199000,20.435000,0.236000,a1 ICED
2358,CSW24_hsp,19,21,18.968000,20.085000,1.117000,k11 MI
2358,CSW24_hsp,20,20,18.968000,19.904000,0.936000,1d MI
2358,CSW24_hsp,21,22,18.827000,19.354000,0.527000,k11 MIC
2358,CSW24_hsp,22,26,17.968000,18.936000,0.968000,i2 MI
2358,CSW24_hsp,23,25,17.997000,18.852000,0.855000,i1 OI
2358,CSW24_hsp,24,18,20.103000,18.789000,-1.314000,k11 METIC
2358,CSW24_hsp,25,23,18.317000,18.599000,0.282000,k3 TIER
2141,CSW24_hsp,1,1,69.000000,65.019000,-3.981000,m1 RUTTIER
2141,CSW24_hsp,2,2,27.398000,26.855000,-0.543000,13g TIRE
2141,CSW24_hsp,3,4,16.053000,14.289000,-1.764000,m5 RUT
2141,CSW24_hsp,4,3,16.506000,14.055000,-2.451000,c8 REDUIT
2141,CSW24_hsp,5,10,14.249000,13.120000,-1.129000,13h IRE
2141,CSW24_hsp,6,5,16.053000,12.984000,-3.069000,c7 TURD
2141,CSW24_hsp,7,8,14.792000,12.783000,-2.009000,m2 TURRET
2141,CSW24_hsp,8,7,14.792000,12.775000,-2.017000,m2 RUTTER
2141,CSW24_hsp,9,9,14.723000,12.660000,-2.063000,m3 UTTER
2141,CSW24_hsp,10,6,15.053000,12.498000,-2.555000,7f RUT
2141,CSW24_hsp,11,11,14.032000,12.141000,-1.891000,m3 TRUER
2141,CSW24_hsp,12,15,12.883000,11.315000,-1.568000,13g TI
2141,CSW24_hsp,13,14,13.027000,11.281000,-1.746000,14h UT
2141,CSW24_hsp,14,13,13.181000,10.967000,-2.214000,c10 DIRT
2141,CSW24_hsp,15,16,12.583000,10.651000,-1.932000,m6 UR
2141,CSW24_hsp,16,12,13.181000,10.353000,-2.828000,9b RIT
2141,CSW24_hsp,17,17,12.159000,10.050000,-2.109000,13l YAR
2141,CSW24_hsp,18,21,11.583000,9.812000,-1.771000,6m RUN
2141,CSW24_hsp,19,19,11.887000,9.794000,-2.093000,m2 TERRIT
2141,CSW24_hsp,20,23,11.583000,9.697000,-1.886000,7l URUS
2141,CSW24_hsp,21,20,11.887000,9.691000,-2.196000,m2 TRITER
2141,CSW24_hsp,22,22,11.583000,9.665000,-1.918000,6m URN
2141,CSW24_hsp,23,18,11.887000,9.439000,-2.448000,m2 RITTER
2141,CSW24_hsp,24,27,11.439000,9.291000,-2.148000,m3 TITER
2141,CSW24_hsp,25,26,11.583000,9.158000,-2.425000,e13 RUC
2018,CSW24_hsp,1,1,80.000000,78.746000,-1.254000,1a OSTREGER
2018,CSW24_hsp,2,2,47.667000,47.583000,-0.084000,11f ERG
2018,CSW24_hsp,3,3,46.348000,46.907000,0.559000,8l BERG
2018,CSW24_hsp,4,4,40.936000,42.333000,1.397000,11a SCATTER
2018,CSW24_hsp,5,5,35.667000,35.388000,-0.279000,c3 ERG
2018,CSW24_hsp,6,6,35.667000,35.368000,-0.299000,c3 REG
2018,CSW24_hsp,7,8,33.667000,33.331000,-0.336000,l3 REG
2018,CSW24_hsp,8,7,33.667000,33.312000,-0.355000,l3 ERG
2018,CSW24_hsp,9,10,32.912000,33.298000,0.386000,7a GI
2018,CSW24_hsp,10,15,32.651000,33.245000,0.594000,11f ER
2018,CSW24_hsp,11,13,32.651000,33.225000,0.574000,8l BEER
2018,CSW24_hsp,12,14,32.651000,33.191000,0.540000,8l BERE
2018,CSW24_hsp,13,9,33.439000,33.145000,-0.294000,c3 GREET
2018,CSW24_hsp,14,16,31.651000,32.112000,0.461000,11g RE
2018,CSW24_hsp,15,17,31.545000,31.893000,0.348000,3a KEG
2018,CSW24_hsp,16,12,32.667000,31.808000,-0.859000,2a AREG
2018,CSW24_hsp,17,11,32.667000,31.801000,-0.866000,2a AGER
2018,CSW24_hsp,18,19,31.348000,31.529000,0.181000,5a DARG
2018,CSW24_hsp,19,20,30.912000,31.017000,0.105000,9a INGO
2018,CSW24_hsp,20,21,30.429000,30.838000,0.409000,g7 FAVER
2018,CSW24_hsp,21,24,29.912000,30.243000,0.331000,2a AG
2018,CSW24_hsp,22,25,29.912000,29.658000,-0.254000,8l BEG
2018,CSW24_hsp,23,26,29.348000,29.608000,0.260000,1a ORG
2018,CSW24_hsp,24,27,29.348000,29.283000,-0.065000,5l RIG
2018,CSW24_hsp,25,28,28.912000,29.035000,0.123000,5a DAG
2325,CSW24_hsp,1,1,20.892000,22.123000,1.231000,f7 BEADS
2325,CSW24_hsp,2,2,17.993000,18.249000,0.256000,12j TABID
2325,CSW24_hsp,3,3,16.661000,16.924000,0.263000,2f DI
2325,CSW24_hsp,4,9,12.445000,13.567000,1.122000,f7 DEADS
2325,CSW24_hsp,5,4,13.386000,13.268000,-0.118000,14c BADDIE
2325,CSW24_hsp,6,5,13.365000,12.926000,-0.439000,14f DIEB
2325,CSW24_hsp,7,7,12.554000,12.640000,0.086000,10e BIO
2325,CSW24_hsp,8,8,12.524000,12.480000,-0.044000,4k ODIC
2325,CSW24_hsp,9,6,12.708000,12.461000,-0.247000,5a BOORD
2325,CSW24_hsp,10,10,11.892000,12.246000,0.354000,e6 DARB
2325,CSW24_hsp,11,13,11.095000,11.505000,0.410000,13c AD
2325,CSW24_hsp,12,15,10.782000,11.221000,0.439000,c10 BAY
2325,CSW24_hsp,13,11,11.386000,10.916000,-0.470000,14d ABIDED
2325,CSW24_hsp,14,12,11.365000,10.791000,-0.574000,14e BIDE
2325,CSW24_hsp,15,14,10.948000,10.677000,-0.271000,14e BIDED
2325,CSW24_hsp,16,16,10.126000,10.085000,-0.041000,14c CADDIE
2325,CSW24_hsp,17,17,9.993000,9.676000,-0.317000,14d ABIDE
2325,CSW24_hsp,18,18,9.708000,9.455000,-0.253000,7f BOD
2325,CSW24_hsp,19,25,9.095000,9.453000,0.358000,c10 DAY
2325,CSW24_hsp,20,19,9.708000,9.452000,-0.256000,7f DOB
2325,CSW24_hsp,21,26,9.095000,9.419000,0.324000,i13 AD
2325,CSW24_hsp,22,27,9.026000,9.379000,0.353000,b12 ADD
2325,CSW24_hsp,23,23,9.233000,9.069000,-0.164000,15f BINDI
2325,CSW24_hsp,24,24,9.185000,8.951000,-0.234000,14d DIDIE
2325,CSW24_hsp,25,22,9.365000,8.853000,-0.512000,15f BIND
2352,CSW24_hsp,1,1,32.698000,32.788000,0.090000,1l CODE
2352,CSW24_hsp,2,3,30.917000,32.612000,1.695000,k7 OCREA
2352,CSW24_hsp,3,2,31.362000,32.401000,1.039000,c8 COSIER
2352,CSW24_hsp,4,4,29.392000,29.482000,0.090000,1l CEDI
2352,CSW24_hsp,5,5,29.392000,29.482000,0.090000,1l CIDE
2352,CSW24_hsp,6,6,29.150000,29.240000,0.090000,1l CODA
2352,CSW24_hsp,7,7,28.909000,28.999000,0.090000,1l CADE
2352,CSW24_hsp,8,8,28.323000,27.612000,-0.711000,c9 OSIER
2352,CSW24_hsp,9,9,27.251000,27.513000,0.262000,c8 EASIER
2352,CSW24_hsp,10,10,26.778000,26.881000,0.103000,l10 AEONIC
2352,CSW24_hsp,11,11,25.902000,25.992000,0.090000,1l CADI
2352,CSW24_hsp,12,12,25.185000,25.275000,0.090000,1l CEDE
2352,CSW24_hsp,13,13,24.529000,24.153000,-0.376000,k9 ROE
2352,CSW24_hsp,14,15,23.878000,23.729000,-0.149000,k10 OE
2352,CSW24_hsp,15,14,23.967000,23.197000,-0.770000,1l AIDE
2352,CSW24_hsp,16,22,21.956000,22.519000,0.563000,k8 CREE
2352,CSW24_hsp,17,17,23.013000,22.485000,-0.528000,9f OI
2352,CSW24_hsp,18,16,23.030000,22.465000,-0.565000,12f EAU
2352,CSW24_hsp,19,20,22.282000,22.338000,0.056000,1k CREDO
2352,CSW24_hsp,20,21,22.013000,21.816000,-0.197000,o1 IO
2352,CSW24_hsp,21,19,22.496000,21.722000,-0.774000,12l AERO
2352,CSW24_hsp,22,18,22.698000,21.688000,-1.010000,d12 COVE
2352,CSW24_hsp,23,24,21.103000,21.606000,0.503000,15j OCREAE
2352,CSW24_hsp,24,25,21.030000,20.889000,-0.141000,k10 AE
2352,CSW24_hsp,25,26,21.030000,20.865000,-0.165000,k10 EA
2296,CSW24_hsp,1,1,36.042000,35.689000,-0.353000,e11 EE
2296,CSW24_hsp,2,2,35.042000,34.693000,-0.349000,e10 EE
2296,CSW24_hsp,3,3,31.345000,30.972000,-0.373000,b4 VIAE
2296,CSW24_hsp,4,5,31.257000,30.944000,-0.313000,e11 EA
2296,CSW24_hsp,5,4,31.257000,30.919000,-0.338000,e11 AE
2296,CSW24_hsp,6,6,30.257000,30.007000,-0.250000,e10 AE
2296,CSW24_hsp,7,7,30.257000,29.923000,-0.334000,e10 EA
2296,CSW24_hsp,8,9,30.042000,28.879000,-1.163000,6e EEN
2296,CSW24_hsp,9,12,29.042000,27.887000,-1.155000,b6 EE
2296,CSW24_hsp,10,10,29.042000,27.659000,-1.383000,i1 EEL
2296,CSW24_hsp,11,8,30.042000,27.199000,-2.843000,2h REE
2296,CSW24_hsp,12,11,29.042000,26.965000,-2.077000,2e EE
2296,CSW24_hsp,13,19,26.320000,26.633000,0.313000,e10 ETA
2296,CSW24_hsp,14,18,26.320000,26.622000,0.302000,e10 ATE
2296,CSW24_hsp,15,13,27.280000,26.483000,-0.797000,b4 VIE
2296,CSW24_hsp,16,14,27.257000,26.052000,-1.205000,6j AE
2296,CSW24_hsp,17,17,27.042000,25.670000,-1.372000,f10 EE
2296,CSW24_hsp,18,16,27.042000,25.603000,-1.439000,7g DEE
2296,CSW24_hsp,19,20,26.042000,24.191000,-1.851000,6k EE
2296,CSW24_hsp,20,21,25.257000,24.094000,-1.163000,6e EAN
2296,CSW24_hsp,21,15,27.042000,23.622000,-3.420000,2j EE
2296,CSW24_hsp,22,22,25.042000,23.603000,-1.439000,1h FEE
2296,CSW24_hsp,23,27,24.257000,23.099000,-1.158000,b6 AE
2296,CSW24_hsp,24,28,24.257000,23.088000,-1.169000,b6 EA
2296,CSW24_hsp,25,23,25.042000,23.021000,-2.021000,k4 EYE
2024,CSW24_hsp,1,1,12.252000,11.059000,-1.193000,j8 GOOG
2024,CSW24_hsp,2,3,9.252000,7.753000,-1.499000,j7 GOGO
2024,CSW24_hsp,3,2,11.252000,6.991000,-4.261000,n7 GOOG
2024,CSW24_hsp,4,4,7.549000,6.341000,-1.208000,j8 AGOG
2024,CSW24_hsp,5,7,5.280000,4.399000,-0.881000,j9 GOO
2024,CSW24_hsp,6,9,4.280000,2.819000,-1.461000,10a GOO
2024,CSW24_hsp,7,5,6.549000,2.780000,-3.769000,n7 AGOG
2024,CSW24_hsp,8,10,3.549000,2.177000,-1.372000,e1 AGGRO
2024,CSW24_hsp,9,11,3.280000,1.474000,-1.806000,j8 GOO
2024,CSW24_hsp,10,6,5.549000,0.734000,-4.815000,9l AGOG
2024,CSW24_hsp,11,13,1.841000,0.517000,-1.324000,10a AGO
2024,CSW24_hsp,12,15,1.287000,0.129000,-1.158000,12i GOV
2024,CSW24_hsp,13,16,0.841000,-0.064000,-0.905000,j9 GOA
2024,CSW24_hsp,14,12,2.549000,-0.171000,-2.720000,b9 AGOG
2024,CSW24_hsp,15,14,1.394000,-0.844000,-2.238000,2h HOGG
2024,CSW24_hsp,16,17,0.287000,-1.109000,-1.396000,10b GO
2024,CSW24_hsp,17,8,4.280000,-1.243000,-5.523000,9m GOO
2024,CSW24_hsp,18,21,-0.159000,-1.620000,-1.461000,10a GOA
2024,CSW24_hsp,19,18,0.000000,-2.009000,-2.009000,ex AGGIOOQ
2024,CSW24_hsp,20,25,-0.727000,-2.188000,-1.461000,10a GIO
2024,CSW24_hsp,21,19,-0.159000,-2.200000,-2.041000,9l AGO
2024,CSW24_hsp,22,29,-1.594000,-2.353000,-0.759000,j9 GAG
2024,CSW24_hsp,23,22,-0.378000,-2.387000,-2.009000,ex GGIOOQ
2024,CSW24_hsp,24,27,-1.159000,-2.973000,-1.814000,j8 GOA
2024,CSW24_hsp,25,26,-1.159000,-3.045000,-1.886000,j8 AGO
2126,CSW24_hsp,1,3,49.773000,47.128000,-2.645000,o7 WaVY
2126,CSW24_hsp,2,4,49.250000,46.426000,-2.824000,o8 SWY
2126,CSW24_hsp,3,1,50.755000,46.265000,-4.490000,12l WYND
2126,CSW24_hsp,4,2,50.506000,45.362000,-5.144000,14e WYTED
2126,CSW24_hsp,5,5,46.755000,42.191000,-4.564000,13l WYND
2126,CSW24_hsp,6,7,41.547000,38.818000,-2.729000,o7 DaVY
2126,CSW24_hsp,7,6,42.499000,38.374000,-4.125000,13g VLY
2126,CSW24_hsp,8,8,41.442000,35.674000,-5.768000,14e WYTE
2126,CSW24_hsp,9,11,38.385000,35.625000,-2.760000,o7 TiVY
2126,CSW24_hsp,10,10,40.096000,35.385000,-4.711000,12l TYND
2126,CSW24_hsp,11,12,38.352000,35.295000,-3.057000,o8 STY
2126,CSW24_hsp,12,9,40.117000,34.931000,-5.186000,2g VOW
2126,CSW24_hsp,13,15,36.562000,33.840000,-2.722000,o7 WaDY
2126,CSW24_hsp,14,14,36.562000,33.791000,-2.771000,o7 DeWY
2126,CSW24_hsp,15,13,38.000000,32.939000,-5.061000,14g VET
2126,CSW24_hsp,16,16,36.250000,31.686000,-4.564000,12l WYNS
2126,CSW24_hsp,17,30,34.225000,31.671000,-2.554000,o6 VaSTY
2126,CSW24_hsp,18,29,34.225000,31.492000,-2.733000,o6 STiVY
2126,CSW24_hsp,19,17,36.096000,31.389000,-4.707000,13l TYND
2126,CSW24_hsp,20,21,35.692000,30.690000,-5.002000,13l WYN
2126,CSW24_hsp,21,19,35.755000,30.531000,-5.224000,1f WYND
2126,CSW24_hsp,22,20,35.692000,30.522000,-5.170000,12l WYN
2126,CSW24_hsp,23,18,36.096000,30.198000,-5.898000,14e TYDE
2126,CSW24_hsp,24,35,32.610000,29.850000,-2.760000,o7 ToWY
2126,CSW24_hsp,25,34,32.610000,29.847000,-2.763000,o7 TWaY
2010,CSW24_hsp,1,1,38.432000,34.837000,-3.595000,14k DIXI
2010,CSW24_hsp,2,2,36.684000,30.688000,-5.996000,2b BINDI
2010,CSW24_hsp,3,3,29.918000,25.975000,-3.943000,14k BIDI
2010,CSW24_hsp,4,4,28.692000,24.813000,-3.879000,d11 NIXY
2010,CSW24_hsp,5,5,28.381000,24.107000,-4.274000,j5 BY
2010,CSW24_hsp,6,6,27.684000,23.441000,-4.243000,d11 BINDI
2010,CSW24_hsp,7,7,26.995000,22.668000,-4.327000,14m XI
2010,CSW24_hsp,8,8,25.522000,21.481000,-4.041000,12k NIXY
2010,CSW24_hsp,9,9,25.178000,20.345000,-4.833000,2e BIN
2010,CSW24_hsp,10,10,24.918000,18.445000,-6.473000,2c BIDI
2010,CSW24_hsp,11,12,23.334000,18.353000,-4.981000,2e BI
2010,CSW24_hsp,12,13,22.918000,18.233000,-4.685000,d11 BIDI
2010,CSW24_hsp,13,18,21.665000,17.857000,-3.808000,14k NIDI
2010,CSW24_hsp,14,14,22.442000,17.259000,-5.183000,m7 INBY
2010,CSW24_hsp,15,15,21.942000,17.187000,-4.755000,d11 BIND
2010,CSW24_hsp,16,17,21.914000,16.997000,-4.917000,d11 BID
2010,CSW24_hsp,17,16,21.914000,16.894000,-5.020000,6j BETID
2010,CSW24_hsp,18,11,23.432000,16.853000,-6.579000,2c DIXI
2010,CSW24_hsp,19,19,21.153000,16.482000,-4.671000,i13 YIP
2010,CSW24_hsp,20,21,20.800000,16.458000,-4.342000,j5 NY
2010,CSW24_hsp,21,23,20.459000,15.686000,-4.773000,12j INBY
2010,CSW24_hsp,22,20,20.822000,15.542000,-5.280000,2e YIN
2010,CSW24_hsp,23,25,20.334000,15.287000,-5.047000,14m BI
2010,CSW24_hsp,24,24,20.356000,15.258000,-5.098000,2e DIN
2010,CSW24_hsp,25,28,19.680000,15.162000,-4.518000,d11 NIX
2295,CSW24_hsp,1,1,22.798000,19.594000,-3.204000,15a AGAMI
2295,CSW24_hsp,2,2,21.561000,18.033000,-3.528000,15a OGAM
2295,CSW24_hsp,3,3,20.561000,17.553000,-3.008000,l10 GOA
2295,CSW24_hsp,4,5,18.561000,15.708000,-2.853000,m3 GOA
2295,CSW24_hsp,5,6,18.206000,14.862000,-3.344000,15a ALAMO
2295,CSW24_hsp,6,7,17.388000,14.153000,-3.235000,n6 LOGIE
2295,CSW24_hsp,7,10,16.282000,13.297000,-2.985000,k1 ANGLO
2295,CSW24_hsp,8,11,16.080000,13.001000,-3.079000,k2 NGAI
2295,CSW24_hsp,9,4,18.854000,12.990000,-5.864000,12i LOGANIA
2295,CSW24_hsp,10,13,14.903000,11.918000,-2.985000,l10 GAE
2295,CSW24_hsp,11,12,15.080000,11.807000,-3.273000,8k ATIGI
2295,CSW24_hsp,12,14,14.406000,11.288000,-3.118000,k1 ANOLE
2295,CSW24_hsp,13,8,16.798000,11.050000,-5.748000,l12 AIGA
2295,CSW24_hsp,14,18,13.724000,10.415000,-3.309000,l11 AIA
2295,CSW24_hsp,15,9,16.740000,10.406000,-6.334000,12k GONIA
2295,CSW24_hsp,16,20,13.336000,10.402000,-2.934000,l10 GEO
2295,CSW24_hsp,17,21,13.336000,10.381000,-2.955000,l10 GOE
2295,CSW24_hsp,18,16,13.830000,9.995000,-3.835000,15a LOAM
2295,CSW24_hsp,19,22,13.282000,9.631000,-3.651000,11i AGLOW
2295,CSW24_hsp,20,29,11.956000,8.962000,-2.994000,k1 ANGLE
2295,CSW24_hsp,21,26,12.561000,8.897000,-3.664000,f1 GOA
2295,CSW24_hsp,22,33,11.336000,8.497000,-2.839000,m3 GOE
2295,CSW24_hsp,23,17,13.740000,8.427000,-5.313000,n4 AGIO
2295,CSW24_hsp,24,27,12.561000,8.060000,-4.501000,n5 AGO
2295,CSW24_hsp,25,28,12.406000,8.057000,-4.349000,11j ALOWE
2264,CSW24_hsp,1,1,27.740000,25.346000,-2.394000,b4 TIX
2264,CSW24_hsp,2,2,25.194000,23.059000,-2.135000,10g KYLIX
2264,CSW24_hsp,3,3,24.128000,21.700000,-2.428000,c9 CYLIX
2264,CSW24_hsp,4,5,21.501000,19.035000,-2.466000,b4 TIK
2264,CSW24_hsp,5,4,21.934000,18.954000,-2.980000,11k GLIKE
2264,CSW24_hsp,6,6,21.148000,18.730000,-2.418000,10g KILTY
2264,CSW24_hsp,7,7,20.473000,17.522000,-2.951000,11k IXTLE
2264,CSW24_hsp,8,8,18.919000,16.464000,-2.455000,10g KILT
2264,CSW24_hsp,9,10,18.317000,16.313000,-2.004000,6b GILLY
2264,CSW24_hsp,10,9,18.567000,15.979000,-2.588000,b4 TYG
2264,CSW24_hsp,11,11,18.035000,15.278000,-2.757000,b4 TIG
2264,CSW24_hsp,12,14,17.501000,15.105000,-2.396000,f2 TIK
2264,CSW24_hsp,13,13,17.680000,14.748000,-2.932000,11k YLIKE
2264,CSW24_hsp,14,12,17.680000,14.679000,-3.001000,11k KYLIE
2264,CSW24_hsp,15,15,16.582000,14.170000,-2.412000,j1 IKAT
2264,CSW24_hsp,16,16,15.190000,12.631000,-2.559000,f2 ILK
2264,CSW24_hsp,17,17,14.501000,11.763000,-2.738000,10g KIT
2264,CSW24_hsp,18,18,13.718000,11.471000,-2.247000,f5 XI
2264,CSW24_hsp,19,19,13.567000,10.784000,-2.783000,10g TYG
2264,CSW24_hsp,20,20,13.190000,10.572000,-2.618000,6b KILL
2264,CSW24_hsp,21,21,13.190000,10.120000,-3.070000,12l KILD
2264,CSW24_hsp,22,22,13.035000,10.114000,-2.921000,10g TIG
2264,CSW24_hsp,23,23,12.207000,9.600000,-2.607000,10g KY
2264,CSW24_hsp,24,28,12.022000,9.564000,-2.458000,6b TILLY
2264,CSW24_hsp,25,26,12.035000,9.424000,-2.611000,n5 GEIT
2112,CSW24_hsp,1,1,39.936000,37.683000,-2.253000,14a ROKE
2112,CSW24_hsp,2,3,33.936000,31.586000,-2.350000,3g KORE
2112,CSW24_hsp,3,2,33.936000,31.565000,-2.371000,3g KERO
2112,CSW24_hsp,4,5,31.596000,29.017000,-2.579000,3e KEG
2112,CSW24_hsp,5,4,32.057000,28.688000,-3.369000,14b OKE
2112,CSW24_hsp,6,7,30.057000,27.345000,-2.712000,3f OKE
2112,CSW24_hsp,7,6,30.366000,26.677000,-3.689000,14a ROK
2112,CSW24_hsp,8,8,29.366000,26.299000,-3.067000,3g KOR
2112,CSW24_hsp,9,9,28.352000,25.407000,-2.945000,3f OK
2112,CSW24_hsp,10,12,27.653000,25.180000,-2.473000,4l GOOK
2112,CSW24_hsp,11,10,28.086000,25.125000,-2.961000,e2 GRYKE
2112,CSW24_hsp,12,11,27.719000,24.980000,-2.739000,e3 KYOGEN
2112,CSW24_hsp,13,14,26.678000,24.658000,-2.020000,m4 GEEK
2112,CSW24_hsp,14,13,27.301000,24.338000,-2.963000,3f EGER
2112,CSW24_hsp,15,15,26.366000,23.843000,-2.523000,4l ROOK
2112,CSW24_hsp,16,16,25.596000,22.010000,-3.586000,h1 KEGS
2112,CSW24_hsp,17,17,25.352000,21.908000,-3.444000,14b OK
2112,CSW24_hsp,18,22,23.902000,21.488000,-2.414000,4l GROK
2112,CSW24_hsp,19,18,24.664000,21.365000,-3.299000,3g GORE
2112,CSW24_hsp,20,23,23.839000,21.116000,-2.723000,3f EKE
2112,CSW24_hsp,21,20,24.366000,20.757000,-3.609000,h1 ROKS
2112,CSW24_hsp,22,19,24.366000,20.750000,-3.616000,h1 KORS
2112,CSW24_hsp,23,21,23.990000,20.345000,-3.645000,h1 ERKS
2112,CSW24_hsp,24,24,23.187000,20.233000,-2.954000,h1 GROSER
2112,CSW24_hsp,25,27,22.057000,19.720000,-2.337000,o3 OKE
2230,CSW24_hsp,1,1,203.000000,194.333000,-8.667000,o1 GWYNIADS
2230,CSW24_hsp,2,3,80.000000,67.140000,-12.860000,14b WARDINGS
2230,CSW24_hsp,3,2,80.000000,64.568000,-15.432000,14a SWARDING
2230,CSW24_hsp,4,4,73.000000,60.087000,-12.913000,14c DRAWINGS
2230,CSW24_hsp,5,5,57.110000,50.152000,-6.958000,o1 GWYNIAD
2230,CSW24_hsp,6,6,50.074000,43.451000,-6.623000,o1 WAYING
2230,CSW24_hsp,7,7,50.074000,43.231000,-6.843000,o3 YAWING
2230,CSW24_hsp,8,10,45.110000,38.111000,-6.999000,15c DEAWING
2230,CSW24_hsp,9,11,44.779000,37.918000,-6.861000,o1 WAY
2230,CSW24_hsp,10,8,46.303000,37.410000,-8.893000,c13 WAD
2230,CSW24_hsp,11,9,45.315000,36.682000,-8.633000,e10 WAID
2230,CSW24_hsp,12,13,43.303000,36.037000,-7.266000,15a WADE
2230,CSW24_hsp,13,14,42.539000,35.426000,-7.113000,15c DEWING
2230,CSW24_hsp,14,12,44.303000,35.364000,-8.939000,c13 DAW
2230,CSW24_hsp,15,15,42.413000,35.264000,-7.149000,15a WAGED
2230,CSW24_hsp,16,16,39.282000,32.745000,-6.537000,o1 WAYS
2230,CSW24_hsp,17,18,38.591000,31.568000,-7.023000,o1 DAY
2230,CSW24_hsp,18,22,37.578000,30.330000,-7.248000,15a WIDE
2230,CSW24_hsp,19,25,36.571000,29.899000,-6.672000,o1 SWY
2230,CSW24_hsp,20,19,38.591000,29.678000,-8.913000,e10 DA
2230,CSW24_hsp,21,30,36.074000,29.665000,-6.409000,1l TWIG
2230,CSW24_hsp,22,17,38.771000,29.401000,-9.370000,4k WAD
2230,CSW24_hsp,23,26,36.432000,29.249000,-7.183000,15a WAGE
2230,CSW24_hsp,24,21,37.779000,28.725000,-9.054000,c12 AW
2230,CSW24_hsp,25,23,37.432000,28.489000,-8.943000,c13 GAW
2327,CSW24_hsp,1,1,24.515000,27.809000,3.294000,c2 EUOI
2327,CSW24_hsp,2,6,17.162000,19.698000,2.536000,d8 VOILE
2327,CSW24_hsp,3,2,18.150000,19.206000,1.056000,o12 TOLU
2327,CSW24_hsp,4,4,17.790000,16.231000,-1.559000,i3 JEU
2327,CSW24_hsp,5,8,14.047000,15.103000,1.056000,o12 TOLE
2327,CSW24_hsp,6,9,13.994000,15.050000,1.056000,o12 TOUR
2327,CSW24_hsp,7,10,13.162000,15.000000,1.838000,6b LOERIE
2327,CSW24_hsp,8,3,17.917000,11.147000,-6.770000,d8 VELOUR
2327,CSW24_hsp,9,11,12.902000,11.030000,-1.872000,c4 OU
2327,CSW24_hsp,10,13,10.908000,9.350000,-1.558000,i3 JOE
2327,CSW24_hsp,11,14,10.162000,9.168000,-0.994000,6a OILER
2327,CSW24_hsp,12,25,8.777000,8.554000,-0.223000,c2 REO
2327,CSW24_hsp,13,42,5.774000,8.543000,2.769000,f8 NEROLI
2327,CSW24_hsp,14,24,8.820000,8.495000,-0.325000,h4 OIL
2327,CSW24_hsp,15,17,9.723000,8.191000,-1.532000,j14 IO
2327,CSW24_hsp,16,16,9.790000,8.147000,-1.643000,5i UTE
2327,CSW24_hsp,17,19,9.085000,8.026000,-1.059000,9k LEP
2327,CSW24_hsp,18,5,17.774000,7.972000,-9.802000,c2 REOIL
2327,CSW24_hsp,19,18,9.150000,7.933000,-1.217000,c1 LOU
2327,CSW24_hsp,20,15,9.902000,7.751000,-2.151000,c2 OU
2327,CSW24_hsp,21,21,8.909000,7.741000,-1.168000,c1 ULE
2327,CSW24_hsp,22,20,8.909000,7.682000,-1.227000,c1 LEU
2327,CSW24_hsp,23,7,14.103000,7.321000,-6.782000,d8 VELURE
2327,CSW24_hsp,24,22,8.908000,7.219000,-1.689000,h4 OE
2327,CSW24_hsp,25,23,8.902000,7.075000,-1.827000,5g HOUT
2163,CSW24_hsp,1,1,56.358000,49.950000,-6.408000,15k JIVED
2163,CSW24_hsp,2,2,38.425000,33.786000,-4.639000,15l VIED
2163,CSW24_hsp,3,3,35.186000,31.043000,-4.143000,15k VINED
2163,CSW24_hsp,4,4,34.964000,30.051000,-4.913000,6b JIVED
2163,CSW24_hsp,5,5,33.575000,28.412000,-5.163000,4a JIVER
2163,CSW24_hsp,6,6,27.990000,22.109000,-5.881000,15m DEV
2163,CSW24_hsp,7,7,24.843000,19.551000,-5.292000,a12 BENJ
2163,CSW24_hsp,8,10,20.390000,14.554000,-5.836000,6b VINED
2163,CSW24_hsp,9,8,20.558000,13.178000,-7.380000,c11 QADI
2163,CSW24_hsp,10,9,20.558000,13.174000,-7.384000,c11 QAID
2163,CSW24_hsp,11,11,19.997000,13.050000,-6.947000,6b JIVE
2163,CSW24_hsp,12,12,19.513000,11.997000,-7.516000,d12 CINQ
2163,CSW24_hsp,13,13,17.575000,10.277000,-7.298000,15k JIVE
2163,CSW24_hsp,14,17,13.986000,8.761000,-5.225000,15l NIED
2163,CSW24_hsp,15,15,14.186000,8.096000,-6.090000,6a VEINED
2163,CSW24_hsp,16,14,14.186000,8.088000,-6.098000,6a ENVIED
2163,CSW24_hsp,17,16,14.186000,7.059000,-7.127000,b9 DEVEIN
2163,CSW24_hsp,18,18,13.795000,6.547000,-7.248000,b10 JEED
2163,CSW24_hsp,19,19,13.390000,6.131000,-7.259000,c9 DIVAN
2163,CSW24_hsp,20,21,12.186000,5.731000,-6.455000,3b DIVINE
2163,CSW24_hsp,21,22,12.186000,5.617000,-6.569000,4c VERDIN
2163,CSW24_hsp,22,24,11.785000,5.489000,-6.296000,15m DEN
2163,CSW24_hsp,23,20,12.814000,5.435000,-7.379000,3c DJIN
2163,CSW24_hsp,24,25,11.785000,5.318000,-6.467000,15m NED
2163,CSW24_hsp,25,23,12.186000,5.038000,-7.148000,c9 INVADE
2334,CSW24_hsp,1,1,64.482000,63.844000,-0.638000,a7 AX
2334,CSW24_hsp,2,2,61.489000,60.858000,-0.631000,a7 OX
2334,CSW24_hsp,3,3,50.903000,47.331000,-3.572000,15d SCOPA
2334,CSW24_hsp,4,4,49.403000,45.796000,-3.607000,15d SCAPA
2334,CSW24_hsp,5,6,45.967000,44.578000,-1.389000,15a PACS
2334,CSW24_hsp,6,5,45.967000,44.327000,-1.640000,15a CAPS
2334,CSW24_hsp,7,7,43.926000,42.295000,-1.631000,15a COPS
2334,CSW24_hsp,8,12,41.753000,39.865000,-1.888000,15a OPAS
2334,CSW24_hsp,9,13,41.753000,39.843000,-1.910000,15a POAS
2334,CSW24_hsp,10,11,41.753000,39.822000,-1.931000,15a APOS
2334,CSW24_hsp,11,16,41.349000,39.760000,-1.589000,15a OCAS
2334,CSW24_hsp,12,9,42.903000,39.242000,-3.661000,15e CAPOS
2334,CSW24_hsp,13,10,42.903000,39.235000,-3.668000,15e PACOS
2334,CSW24_hsp,14,8,43.482000,39.032000,-4.450000,15n AX
2334,CSW24_hsp,15,19,40.380000,38.478000,-1.902000,15a CAAS
2334,CSW24_hsp,16,15,41.403000,37.698000,-3.705000,15e PACAS
2334,CSW24_hsp,17,14,41.403000,37.690000,-3.713000,15e CAPAS
2334,CSW24_hsp,18,18,40.489000,36.085000,-4.404000,15n OX
2334,CSW24_hsp,19,17,41.042000,35.904000,-5.138000,m7 CAXONS
2334,CSW24_hsp,20,22,37.967000,34.670000,-3.297000,15f PACS
2334,CSW24_hsp,21,21,37.967000,34.627000,-3.340000,15f CAPS
2334,CSW24_hsp,22,25,36.274000,34.093000,-2.181000,a7 POA
2334,CSW24_hsp,23,27,35.926000,32.601000,-3.325000,15f COPS
2334,CSW24_hsp,24,20,38.482000,32.529000,-5.953000,10m AX
2334,CSW24_hsp,25,23,36.968000,31.914000,-5.054000,i4 COAX
2265,CSW24_hsp,1,1,86.000000,86.205000,0.205000,a6 EARCONS
2265,CSW24_hsp,2,2,86.000000,85.272000,-0.728000,m7 CARNOSE
2265,CSW24_hsp,3,3,82.000000,81.384000,-0.616000,m7 NARCOSE
2265,CSW24_hsp,4,4,80.000000,79.670000,-0.330000,m8 COARSEN
2265,CSW24_hsp,5,5,74.000000,72.876000,-1.124000,2h EARCONS
2265,CSW24_hsp,6,6,73.000000,72.357000,-0.643000,m6 EARCONS
2265,CSW24_hsp,7,8,72.000000,72.000000,0.000000,l4 NARCOSE
2265,CSW24_hsp,8,7,72.000000,71.856000,-0.144000,l4 CARNOSE
2265,CSW24_hsp,9,9,71.000000,70.641000,-0.359000,m6 CANOERS
2265,CSW24_hsp,10,10,71.000000,70.578000,-0.422000,m6 CORNEAS
2265,CSW24_hsp,11,15,67.000000,67.104000,0.104000,j4 NARCOSE
2265,CSW24_hsp,12,14,67.000000,67.099000,0.099000,j4 EARCONS
2265,CSW24_hsp,13,12,67.000000,67.069000,0.069000,j4 CARNOSE
2265,CSW24_hsp,14,13,67.000000,67.042000,0.042000,j4 CORNEAS
2265,CSW24_hsp,15,11,67.000000,67.012000,0.012000,j4 CANOERS
2265,CSW24_hsp,16,16,49.044000,47.381000,-1.663000,13k ZONA
2265,CSW24_hsp,17,17,46.156000,44.637000,-1.519000,13k ZOA
2265,CSW24_hsp,18,18,45.717000,44.036000,-1.681000,13k ZONE
2265,CSW24_hsp,19,19,45.261000,43.786000,-1.475000,13k ZEN
2265,CSW24_hsp,20,20,45.077000,42.709000,-2.368000,13k ZA
2265,CSW24_hsp,21,21,44.140000,41.727000,-2.413000,13k ZO
2265,CSW24_hsp,22,23,43.261000,41.272000,-1.989000,b2 ENMEW
2265,CSW24_hsp,23,24,42.803000,41.181000,-1.622000,13k ZERO
2265,CSW24_hsp,24,25,42.490000,40.976000,-1.514000,13k ZEA
2265,CSW24_hsp,25,29,41.071000,40.141000,-0.930000,a1 ORCA
2198,CSW24_hsp,1,1,38.522000,42.962000,4.440000,15c ABORAL
2198,CSW24_hsp,2,2,33.064000,36.889000,3.825000,15d BOLAR
2198,CSW24_hsp,3,3,33.064000,36.869000,3.805000,15d BORAL
2198,CSW24_hsp,4,4,31.388000,35.194000,3.806000,15d BROOL
2198,CSW24_hsp,5,6,27.064000,29.738000,2.674000,15d LOBAR
2198,CSW24_hsp,6,5,27.064000,29.729000,2.665000,15d LABOR
2198,CSW24_hsp,7,8,23.340000,22.947000,-0.393000,15e BOAR
2198,CSW24_hsp,8,7,25.258000,22.798000,-2.460000,b6 BALOO
2198,CSW24_hsp,9,11,22.559000,22.169000,-0.390000,15e OBOL
2198,CSW24_hsp,10,10,22.559000,22.163000,-0.396000,15e BOOL
2198,CSW24_hsp,11,9,23.207000,21.973000,-1.234000,15f BOA
2198,CSW24_hsp,12,12,21.378000,20.988000,-0.390000,15e BOOR
2198,CSW24_hsp,13,14,20.064000,20.362000,0.298000,g2 BAILOR
2198,CSW24_hsp,14,13,20.837000,18.977000,-1.860000,f2 BOXLA
2198,CSW24_hsp,15,15,18.681000,18.307000,-0.374000,15e BAAL
2198,CSW24_hsp,16,21,16.622000,16.847000,0.225000,6b BAROLOS
2198,CSW24_hsp,17,17,17.622000,16.110000,-1.512000,b4 ROBALO
2198,CSW24_hsp,18,18,17.590000,15.256000,-2.334000,i6 ORRA
2198,CSW24_hsp,19,20,16.623000,15.223000,-1.400000,15e ORAL
2198,CSW24_hsp,20,22,16.590000,15.171000,-1.419000,15f OAR
2198,CSW24_hsp,21,19,17.280000,15.117000,-2.163000,3f ALGA
2198,CSW24_hsp,22,16,17.676000,14.678000,-2.998000,b9 OB
2198,CSW24_hsp,23,25,15.418000,13.991000,-1.427000,15f OOR
2198,CSW24_hsp,24,34,14.679000,13.485000,-1.194000,15f BAA
2198,CSW24_hsp,25,36,14.552000,13.244000,-1.308000,15e LOOR
2214,CSW24_hsp,1,2,8.956000,7.935000,-1.021000,6b UNITY
2214,CSW24_hsp,2,3,8.613000,7.441000,-1.172000,m2 OY
2214,CSW24_hsp,3,5,8.450000,6.903000,-1.547000,d2 NOYAU
2214,CSW24_hsp,4,6,7.285000,6.012000,-1.273000,d4 YOU
2214,CSW24_hsp,5,7,6.770000,5.862000,-0.908000,m1 NOY
2214,CSW24_hsp,6,1,8.981000,4.178000,-4.803000,c13 AYU
2214,CSW24_hsp,7,4,8.450000,4.102000,-4.348000,d1 NOYAU
2214,CSW24_hsp,8,8,5.582000,4.093000,-1.489000,f2 YONI
2214,CSW24_hsp,9,9,5.285000,3.855000,-1.430000,d3 YOU
2214,CSW24_hsp,10,11,4.566000,2.922000,-1.644000,d3 UNAI
2214,CSW24_hsp,11,10,4.582000,2.856000,-1.726000,d2 YONI
2214,CSW24_hsp,12,15,3.233000,2.235000,-0.998000,10h INIA
2214,CSW24_hsp,13,12,3.285000,1.945000,-1.340000,10h YOU
2214,CSW24_hsp,14,14,3.233000,1.526000,-1.707000,f3 INIA
2214,CSW24_hsp,15,16,2.981000,1.498000,-1.483000,d3 AYU
2214,CSW24_hsp,16,13,3.233000,1.339000,-1.894000,d3 INIA
2214,CSW24_hsp,17,19,1.899000,0.753000,-1.146000,6b AUNTY
2214,CSW24_hsp,18,17,2.566000,0.661000,-1.905000,d2 UNAI
2214,CSW24_hsp,19,22,1.403000,0.533000,-0.870000,10h AYIN
2214,CSW24_hsp,20,18,1.911000,-0.120000,-2.031000,c13 OI
2214,CSW24_hsp,21,20,1.642000,-0.167000,-1.809000,l11 VITA
2214,CSW24_hsp,22,26,0.981000,-0.285000,-1.266000,10h AYU
2214,CSW24_hsp,23,21,1.457000,-0.364000,-1.821000,6c AITU
2214,CSW24_hsp,24,23,1.233000,-0.798000,-2.031000,d2 INIA
2214,CSW24_hsp,25,27,0.950000,-0.823000,-1.773000,d3 NAOI
2008,CSW24_hsp,1,1,47.518000,46.440000,-1.078000,1d FORDED
2008,CSW24_hsp,2,2,45.082000,43.949000,-1.133000,1d FORTED
2008,CSW24_hsp,3,3,34.301000,33.394000,-0.907000,1m DOF
2008,CSW24_hsp,4,4,31.208000,29.990000,-1.218000,1f FORD
2008,CSW24_hsp,5,5,30.511000,29.221000,-1.290000,1d DORTED
2008,CSW24_hsp,6,6,30.301000,27.993000,-2.308000,3g DOF
2008,CSW24_hsp,7,7,28.499000,26.145000,-2.354000,d8 FLOTED
2008,CSW24_hsp,8,8,27.303000,26.073000,-1.230000,1f DEFT
2008,CSW24_hsp,9,9,26.447000,25.540000,-0.907000,1m DEF
2008,CSW24_hsp,10,11,25.047000,23.828000,-1.219000,1m DOD
2008,CSW24_hsp,11,13,24.447000,23.103000,-1.344000,1g FED
2008,CSW24_hsp,12,10,25.518000,23.016000,-2.502000,5d FORDED
2008,CSW24_hsp,13,14,24.263000,22.992000,-1.271000,1f FEOD
2008,CSW24_hsp,14,12,24.506000,22.502000,-2.004000,d7 FOLDED
2008,CSW24_hsp,15,18,23.467000,22.080000,-1.387000,1f FORT
2008,CSW24_hsp,16,19,23.451000,22.077000,-1.374000,1m DOT
2008,CSW24_hsp,17,20,23.263000,22.035000,-1.228000,1f DEFO
2008,CSW24_hsp,18,17,23.526000,21.975000,-1.551000,1g OFT
2008,CSW24_hsp,19,16,24.082000,21.559000,-2.523000,d7 TELFORD
2008,CSW24_hsp,20,15,24.082000,21.527000,-2.555000,5d FORTED
2008,CSW24_hsp,21,22,23.047000,21.421000,-1.626000,1g ODD
2008,CSW24_hsp,22,21,23.047000,21.391000,-1.656000,1g DOD
2008,CSW24_hsp,23,23,22.857000,21.384000,-1.473000,1e DOTED
2008,CSW24_hsp,24,25,22.451000,21.031000,-1.420000,1m TOD
2008,CSW24_hsp,25,24,22.774000,20.432000,-2.342000,i1 DOF
2369,CSW24_hsp,1,1,39.891000,42.492000,2.601000,11b WEFTED
2369,CSW24_hsp,2,2,34.240000,36.913000,2.673000,3k WIND
2369,CSW24_hsp,3,4,32.527000,36.501000,3.974000,11b WEFTE
2369,CSW24_hsp,4,3,33.313000,35.692000,2.379000,3k NIEF
2369,CSW24_hsp,5,5,32.082000,33.526000,1.444000,3k WIT
2369,CSW24_hsp,6,6,32.034000,33.466000,1.432000,3k WIN
2369,CSW24_hsp,7,9,28.004000,32.030000,4.026000,11c NEWED
2369,CSW24_hsp,8,10,27.904000,31.949000,4.045000,11c TEWED
2369,CSW24_hsp,9,11,27.904000,31.946000,4.042000,11c TWEED
2369,CSW24_hsp,10,7,30.537000,31.762000,1.225000,14i FEW
2369,CSW24_hsp,11,8,29.813000,31.731000,1.918000,11e TEF
2369,CSW24_hsp,12,14,27.387000,31.427000,4.040000,11c FETED
2369,CSW24_hsp,13,12,27.840000,29.981000,2.141000,11e DEF
2369,CSW24_hsp,14,25,25.473000,29.444000,3.971000,11c TWEEN
2369,CSW24_hsp,15,13,27.399000,29.441000,2.042000,11k FETWA
2369,CSW24_hsp,16,15,27.313000,29.224000,1.911000,11e NEF
2369,CSW24_hsp,17,16,26.813000,28.384000,1.571000,11e FET
2369,CSW24_hsp,18,20,26.193000,28.090000,1.897000,11e WED
2369,CSW24_hsp,19,19,26.218000,27.795000,1.577000,11e WET
2369,CSW24_hsp,20,21,25.840000,27.765000,1.925000,11e FED
2369,CSW24_hsp,21,17,26.537000,27.229000,0.692000,7c FEW
2369,CSW24_hsp,22,22,25.555000,27.102000,1.547000,11e WEN
2369,CSW24_hsp,23,18,26.537000,27.015000,0.478000,9c FEW
2369,CSW24_hsp,24,29,23.004000,26.972000,3.968000,14i NEWED
2369,CSW24_hsp,25,30,22.904000,26.841000,3.937000,14i TEWED
2292,CSW24_hsp,1,1,28.173000,23.258000,-4.915000,h13 VIN
2292,CSW24_hsp,2,2,27.486000,23.178000,-4.308000,h11 LEVIN
2292,CSW24_hsp,3,3,24.579000,20.028000,-4.551000,15f PEN
2292,CSW24_hsp,4,4,24.234000,19.306000,-4.928000,h11 LIPIN
2292,CSW24_hsp,5,6,20.891000,15.429000,-5.462000,h13 NIP
2292,CSW24_hsp,6,7,20.891000,15.399000,-5.492000,h13 PIN
2292,CSW24_hsp,7,5,24.066000,15.124000,-8.942000,d2 QIN
2292,CSW24_hsp,8,20,16.496000,11.231000,-5.265000,h11 LININ
2292,CSW24_hsp,9,10,19.055000,10.998000,-8.057000,5c VENIN
2292,CSW24_hsp,10,8,19.452000,10.743000,-8.709000,b3 MIRV
2292,CSW24_hsp,11,11,18.775000,10.423000,-8.352000,4c EN
2292,CSW24_hsp,12,12,18.759000,10.048000,-8.711000,5e VIN
2292,CSW24_hsp,13,19,16.627000,9.514000,-7.113000,g7 IMPED
2292,CSW24_hsp,14,13,18.759000,9.455000,-9.304000,l8 VIN
2292,CSW24_hsp,15,18,16.697000,8.416000,-8.281000,5c RIVEN
2292,CSW24_hsp,16,9,19.067000,8.253000,-10.814000,k1 VINTNER
2292,CSW24_hsp,17,16,17.173000,7.645000,-9.528000,g3 EEVN
2292,CSW24_hsp,18,23,15.759000,6.360000,-9.399000,10j BAVIN
2292,CSW24_hsp,19,21,16.173000,6.359000,-9.814000,l3 NAV
2292,CSW24_hsp,20,22,16.173000,6.275000,-9.898000,l3 VAN
2292,CSW24_hsp,21,17,16.891000,6.198000,-10.693000,g13 PWN
2292,CSW24_hsp,22,58,10.596000,5.846000,-4.750000,15f REN
2292,CSW24_hsp,23,15,17.356000,5.651000,-11.705000,3l PERV
2292,CSW24_hsp,24,14,17.579000,5.496000,-12.083000,n9 PERFIN
2292,CSW24_hsp,25,26,14.697000,5.342000,-9.355000,l6 RIVEN
2271,CSW24_hsp,1,2,24.467000,23.167000,-1.300000,15a KRILL
2271,CSW24_hsp,2,1,24.468000,22.898000,-1.570000,15a KILL
2271,CSW24_hsp,3,4,24.300000,22.897000,-1.403000,j1 GAD
2271,CSW24_hsp,4,3,24.300000,22.888000,-1.412000,j1 DAG
2271,CSW24_hsp,5,5,21.930000,20.481000,-1.449000,j1 GAL
2271,CSW24_hsp,6,9,21.471000,20.462000,-1.009000,10b KITeD
2271,CSW24_hsp,7,6,21.930000,20.429000,-1.501000,j1 LAG
2271,CSW24_hsp,8,7,21.487000,20.012000,-1.475000,j1 GAR
2271,CSW24_hsp,9,8,21.487000,19.856000,-1.631000,j1 RAG
2271,CSW24_hsp,10,10,19.914000,18.393000,-1.521000,12h FAKIR
2271,CSW24_hsp,11,13,19.300000,18.196000,-1.104000,f10 GADI
2271,CSW24_hsp,12,11,19.524000,17.948000,-1.576000,j1 RAD
2271,CSW24_hsp,13,15,19.002000,17.465000,-1.537000,j1 LAD
2271,CSW24_hsp,14,14,19.002000,17.463000,-1.539000,j1 DAL
2271,CSW24_hsp,15,12,19.468000,17.331000,-2.137000,n8 ILK
2271,CSW24_hsp,16,16,18.411000,16.775000,-1.636000,15a GRILL
2271,CSW24_hsp,17,17,17.487000,16.354000,-1.133000,f10 GARI
2271,CSW24_hsp,18,19,17.141000,16.008000,-1.133000,10b KITeR
2271,CSW24_hsp,19,18,17.148000,15.522000,-1.626000,c9 GAK
2271,CSW24_hsp,20,24,15.877000,14.747000,-1.130000,f11 GLID
2271,CSW24_hsp,21,20,16.862000,14.599000,-2.263000,m1 RAGTAIL
2271,CSW24_hsp,22,25,15.860000,14.540000,-1.320000,f11 GRID
2271,CSW24_hsp,23,22,16.316000,14.413000,-1.903000,15a GILL
2271,CSW24_hsp,24,30,15.524000,14.400000,-1.124000,f10 DARI
2271,CSW24_hsp,25,32,15.002000,14.084000,-0.918000,f10 DALI
2027,CSW24_hsp,1,1,79.000000,72.429000,-6.571000,14b RENEGUE
2027,CSW24_hsp,2,2,25.062000,20.022000,-5.040000,d4 SCRIPTURE
2027,CSW24_hsp,3,4,16.596000,11.216000,-5.380000,14f GUE
2027,CSW24_hsp,4,12,13.477000,11.011000,-2.466000,l9 GEE
2027,CSW24_hsp,5,3,16.878000,10.704000,-6.174000,14e EUGE
2027,CSW24_hsp,6,5,15.408000,10.583000,-4.825000,6d REE
2027,CSW24_hsp,7,13,13.260000,9.944000,-3.316000,8m kUE
2027,CSW24_hsp,8,7,14.350000,9.850000,-4.500000,l12 GEE
2027,CSW24_hsp,9,9,13.878000,9.809000,-4.069000,c9 EUGE
2027,CSW24_hsp,10,16,12.482000,9.264000,-3.218000,a6 NEE
2027,CSW24_hsp,11,8,14.104000,9.136000,-4.968000,6j GU
2027,CSW24_hsp,12,6,14.477000,8.756000,-5.721000,14f GEE
2027,CSW24_hsp,13,10,13.839000,7.896000,-5.943000,k3 UNGET
2027,CSW24_hsp,14,11,13.839000,7.787000,-6.052000,14e GENU
2027,CSW24_hsp,15,25,10.820000,7.761000,-3.059000,a6 NEG
2027,CSW24_hsp,16,27,10.351000,7.399000,-2.952000,a6 NUG
2027,CSW24_hsp,17,14,13.221000,7.335000,-5.886000,c9 ENURE
2027,CSW24_hsp,18,15,12.596000,6.509000,-6.087000,h12 EUGH
2027,CSW24_hsp,19,20,11.408000,6.392000,-5.016000,6a EYER
2027,CSW24_hsp,20,19,11.412000,6.228000,-5.184000,6b YER
2027,CSW24_hsp,21,23,10.857000,5.946000,-4.911000,f2 GERBE
2027,CSW24_hsp,22,24,10.857000,5.942000,-4.915000,f2 GREBE
2027,CSW24_hsp,23,17,11.596000,5.787000,-5.809000,10k GUDE
2027,CSW24_hsp,24,26,10.820000,5.738000,-5.082000,6j NEG
2027,CSW24_hsp,25,18,11.477000,5.467000,-6.010000,10j GEED
2009,CSW24_hsp,1,1,43.459000,45.254000,1.795000,b1 ARROWY
2009,CSW24_hsp,2,2,40.894000,44.353000,3.459000,8k GYANI
2009,CSW24_hsp,3,3,40.232000,43.670000,3.438000,8k GYRON
2009,CSW24_hsp,4,4,37.001000,40.578000,3.577000,8k GORMY
2009,CSW24_hsp,5,7,33.298000,37.395000,4.097000,15j NOMINA
2009,CSW24_hsp,6,6,33.528000,37.137000,3.609000,8k GRIMY
2009,CSW24_hsp,7,5,35.083000,36.564000,1.481000,j2 OY
2009,CSW24_hsp,8,11,32.328000,35.975000,3.647000,8k GOARY
2009,CSW24_hsp,9,19,30.683000,35.529000,4.846000,j1 MAYOR
2009,CSW24_hsp,10,13,32.296000,35.389000,3.093000,j1 MOY
2009,CSW24_hsp,11,12,32.313000,35.297000,2.984000,e11 YON
2009,CSW24_hsp,12,21,30.512000,34.914000,4.402000,j1 MOYA
2009,CSW24_hsp,13,20,30.512000,34.904000,4.392000,j1 MAYO
2009,CSW24_hsp,14,16,31.736000,34.648000,2.912000,e11 YIN
2009,CSW24_hsp,15,10,33.083000,34.631000,1.548000,e11 YO
2009,CSW24_hsp,16,24,30.036000,34.523000,4.487000,j2 MYNA
2009,CSW24_hsp,17,9,33.083000,34.441000,1.358000,j3 YO
2009,CSW24_hsp,18,15,31.802000,34.394000,2.592000,j2 MY
2009,CSW24_hsp,19,25,29.882000,34.384000,4.502000,15j NONARY
2009,CSW24_hsp,20,17,31.313000,34.148000,2.835000,j1 NOY
2009,CSW24_hsp,21,18,31.313000,34.143000,2.830000,j1 ONY
2009,CSW24_hsp,22,8,33.198000,33.749000,0.551000,3f JIVEY
2009,CSW24_hsp,23,14,32.083000,33.479000,1.396000,e10 OY
2009,CSW24_hsp,24,31,28.894000,32.993000,4.099000,j2 AYIN
2009,CSW24_hsp,25,34,27.882000,32.899000,5.017000,j1 RAYON
2054,CSW24_hsp,1,1,41.102000,40.286000,-0.816000,f10 JEU
2054,CSW24_hsp,2,2,33.740000,37.796000,4.056000,11e EYER
2054,CSW24_hsp,3,3,32.242000,36.293000,4.051000,11e EYES
2054,CSW24_hsp,4,4,31.640000,33.832000,2.192000,2e JERRY
2054,CSW24_hsp,5,6,28.677000,29.884000,1.207000,11e EYE
2054,CSW24_hsp,6,27,23.836000,28.953000,5.117000,4d REESTY
2054,CSW24_hsp,7,7,28.457000,28.391000,-0.066000,c10 JEFES
2054,CSW24_hsp,8,5,29.102000,28.387000,-0.715000,c10 JEFE
2054,CSW24_hsp,9,9,28.207000,27.908000,-0.299000,12c FANUMS
2054,CSW24_hsp,10,10,26.859000,27.825000,0.966000,14a REES
2054,CSW24_hsp,11,8,28.231000,27.729000,-0.502000,14a RES
2054,CSW24_hsp,12,47,20.188000,27.101000,6.913000,1e JESTER
2054,CSW24_hsp,13,14,25.288000,26.728000,1.440000,e8 SYREN
2054,CSW24_hsp,14,12,26.550000,26.701000,0.151000,11i JOE
2054,CSW24_hsp,15,11,26.710000,26.314000,-0.396000,11f YER
2054,CSW24_hsp,16,13,26.472000,26.007000,-0.465000,11f YES
2054,CSW24_hsp,17,15,25.102000,25.357000,0.255000,1f JET
2054,CSW24_hsp,18,16,25.102000,25.135000,0.033000,4f JET
2054,CSW24_hsp,19,21,24.457000,25.084000,0.627000,1f JETS
2054,CSW24_hsp,20,20,24.457000,25.020000,0.563000,1e JEST
2054,CSW24_hsp,21,23,24.457000,25.015000,0.558000,4f JETS
2054,CSW24_hsp,22,22,24.457000,24.772000,0.315000,4e JEST
2054,CSW24_hsp,23,18,24.472000,24.707000,0.235000,4g STEY
2054,CSW24_hsp,24,19,24.472000,24.471000,-0.001000,e9 SYEN
2054,CSW24_hsp,25,35,22.034000,24.027000,1.993000,2e JEERS
2080,CSW24_hsp,1,2,35.099000,33.429000,-1.670000,12h VIZIER
2080,CSW24_hsp,2,1,35.206000,33.019000,-2.187000,12h VIBRIO
2080,CSW24_hsp,3,4,33.864000,32.516000,-1.348000,12h VIZIR
2080,CSW24_hsp,4,3,34.206000,32.481000,-1.725000,11h ORIBI
2080,CSW24_hsp,5,5,33.446000,32.082000,-1.364000,12h VIZOR
2080,CSW24_hsp,6,6,33.390000,31.209000,-2.181000,12h VIBIER
2080,CSW24_hsp,7,7,32.099000,30.587000,-1.512000,6h SIZIER
2080,CSW24_hsp,8,9,30.800000,30.300000,-0.500000,6h SIZE
2080,CSW24_hsp,9,10,30.603000,29.257000,-1.346000,12h VEZIR
2080,CSW24_hsp,10,11,30.128000,29.197000,-0.931000,k4 COZIE
2080,CSW24_hsp,11,12,30.126000,28.721000,-1.405000,k4 COZIER
2080,CSW24_hsp,12,8,31.126000,27.543000,-3.583000,n4 OOZIER
2080,CSW24_hsp,13,13,28.603000,27.386000,-1.217000,6h SIZER
2080,CSW24_hsp,14,14,28.308000,26.615000,-1.693000,k4 CORBIE
2080,CSW24_hsp,15,15,28.084000,26.571000,-1.513000,11h OBI
2080,CSW24_hsp,16,16,27.148000,26.531000,-0.617000,e10 IO
2080,CSW24_hsp,17,17,27.148000,26.519000,-0.629000,e10 OI
2080,CSW24_hsp,18,19,26.515000,25.951000,-0.564000,k4 CRIB
2080,CSW24_hsp,19,20,26.213000,25.669000,-0.544000,d1 OB
2080,CSW24_hsp,20,18,26.684000,25.456000,-1.228000,6h SIB
2080,CSW24_hsp,21,21,26.148000,25.001000,-1.147000,11h OI
2080,CSW24_hsp,22,22,24.967000,24.132000,-0.835000,1f BINE
2080,CSW24_hsp,23,24,24.684000,23.393000,-1.291000,l1 BLIT
2080,CSW24_hsp,24,27,23.528000,23.383000,-0.145000,6h SOZ
2080,CSW24_hsp,25,23,24.712000,23.190000,-1.522000,12h VIREO
2098,CSW24_hsp,1,1,12.893000,7.578000,-5.315000,7a BREEZE
2098,CSW24_hsp,2,3,8.221000,5.976000,-2.245000,4l BE
2098,CSW24_hsp,3,6,7.370000,4.718000,-2.652000,b11 MUIR
2098,CSW24_hsp,4,5,7.545000,4.672000,-2.873000,10e LIEU
2098,CSW24_hsp,5,7,7.150000,4.320000,-2.830000,10e LUBE
2098,CSW24_hsp,6,2,9.047000,3.820000,-5.227000,14h BEE
2098,CSW24_hsp,7,8,7.047000,3.604000,-3.443000,2b BEE
2098,CSW24_hsp,8,9,6.482000,3.415000,-3.067000,5m EUK
2098,CSW24_hsp,9,4,8.038000,3.368000,-4.670000,2b IURE
2098,CSW24_hsp,10,14,5.893000,3.177000,-2.716000,2b BREE
2098,CSW24_hsp,11,16,5.673000,2.938000,-2.735000,2c BREI
2098,CSW24_hsp,12,12,6.020000,2.658000,-3.362000,6h OUREBI
2098,CSW24_hsp,13,13,5.893000,2.489000,-3.404000,2b BERE
2098,CSW24_hsp,14,20,5.020000,2.218000,-2.802000,m3 RUBIER
2098,CSW24_hsp,15,27,4.445000,2.212000,-2.233000,14f URB
2098,CSW24_hsp,16,17,5.482000,2.177000,-3.305000,h13 UEY
2098,CSW24_hsp,17,19,5.047000,1.980000,-3.067000,f12 BEEP
2098,CSW24_hsp,18,18,5.150000,1.833000,-3.317000,m3 RUBE
2098,CSW24_hsp,19,24,4.778000,1.583000,-3.195000,ex BEEIU
2098,CSW24_hsp,20,25,4.482000,1.572000,-2.910000,g8 GUE
2098,CSW24_hsp,21,28,4.418000,1.564000,-2.854000,i6 EE
2098,CSW24_hsp,22,26,4.482000,1.533000,-2.949000,10e LEU
2098,CSW24_hsp,23,10,6.047000,0.871000,-5.176000,n8 BEE
2098,CSW24_hsp,24,37,3.508000,0.819000,-2.689000,2d REI
2098,CSW24_hsp,25,38,3.468000,0.771000,-2.697000,12a BUDO
2398,CSW24_hsp,1,1,76.000000,72.073000,-3.927000,4b FEDERATE
2398,CSW24_hsp,2,2,38.854000,35.069000,-3.785000,n9 DEFEAT
2398,CSW24_hsp,3,3,33.775000,29.812000,-3.963000,15a FETED
2398,CSW24_hsp,4,4,31.556000,27.873000,-3.683000,15a FADED
2398,CSW24_hsp,5,5,31.154000,27.320000,-3.834000,15a FATED
2398,CSW24_hsp,6,6,31.020000,25.476000,-5.544000,14a FEATED
2398,CSW24_hsp,7,7,29.980000,25.167000,-4.813000,4a FEATER
2398,CSW24_hsp,8,8,29.980000,24.939000,-5.041000,4d TEREFA
2398,CSW24_hsp,9,9,29.775000,24.782000,-4.993000,g3 FETE
2398,CSW24_hsp,10,10,29.006000,24.208000,-4.798000,4a FEEDER
2398,CSW24_hsp,11,13,27.020000,24.084000,-2.936000,e1 FATED
2398,CSW24_hsp,12,12,27.057000,22.911000,-4.146000,d11 EF
2398,CSW24_hsp,13,11,27.154000,22.075000,-5.079000,g3 FETA
2398,CSW24_hsp,14,18,25.362000,21.913000,-3.449000,12a DEFEAT
2398,CSW24_hsp,15,17,26.139000,21.831000,-4.308000,14b FETED
2398,CSW24_hsp,16,14,26.402000,21.474000,-4.928000,4a DEAFER
2398,CSW24_hsp,17,16,26.249000,21.281000,-4.968000,n11 FEED
2398,CSW24_hsp,18,15,26.402000,21.200000,-5.202000,4c FEARED
2398,CSW24_hsp,19,28,22.953000,20.073000,-2.880000,f10 TEAED
2398,CSW24_hsp,20,21,24.775000,20.037000,-4.738000,n11 FEET
2398,CSW24_hsp,21,19,25.057000,19.991000,-5.066000,g3 FE
2398,CSW24_hsp,22,20,25.006000,19.849000,-5.157000,4c FEERED
2398,CSW24_hsp,23,22,24.775000,19.658000,-5.117000,n11 FETE
2398,CSW24_hsp,24,24,24.057000,19.472000,-4.585000,l11 FE
2398,CSW24_hsp,25,23,24.362000,18.850000,-5.512000,n11 FETED
2143,CSW24_hsp,1,1,26.937000,22.473000,-4.464000,c1 UNPAY
2143,CSW24_hsp,2,2,23.114000,21.684000,-1.430000,c3 PUY
2143,CSW24_hsp,3,3,22.740000,21.600000,-1.140000,a12 WANY
2143,CSW24_hsp,4,5,22.435000,21.172000,-1.263000,i12 FY
2143,CSW24_hsp,5,4,22.541000,20.939000,-1.602000,c2 YAUP
2143,CSW24_hsp,6,6,22.114000,20.620000,-1.494000,c3 YUP
2143,CSW24_hsp,7,7,21.826000,20.497000,-1.329000,c3 FAY
2143,CSW24_hsp,8,8,19.541000,17.879000,-1.662000,l8 LAYUP
2143,CSW24_hsp,9,9,19.195000,17.749000,-1.446000,f2 PUNY
2143,CSW24_hsp,10,10,18.747000,17.288000,-1.459000,c3 PAY
2143,CSW24_hsp,11,13,17.740000,16.502000,-1.238000,i11 ANY
2143,CSW24_hsp,12,11,18.114000,16.445000,-1.669000,g12 PUY
2143,CSW24_hsp,13,12,17.747000,16.245000,-1.502000,c3 YAP
2143,CSW24_hsp,14,14,16.826000,15.405000,-1.421000,i12 FAY
2143,CSW24_hsp,15,17,15.825000,14.481000,-1.344000,c3 YAY
2143,CSW24_hsp,16,15,16.114000,14.156000,-1.958000,c11 YAUP
2143,CSW24_hsp,17,18,15.246000,13.488000,-1.758000,i13 YU
2143,CSW24_hsp,18,19,14.662000,12.909000,-1.753000,c3 AUF
2143,CSW24_hsp,19,21,14.435000,12.665000,-1.770000,c11 FAY
2143,CSW24_hsp,20,20,14.584000,12.622000,-1.962000,11h PUNY
2143,CSW24_hsp,21,24,13.740000,12.092000,-1.648000,c3 NAY
2143,CSW24_hsp,22,23,13.747000,12.078000,-1.669000,g12 PAY
2143,CSW24_hsp,23,22,13.870000,12.037000,-1.833000,13b NY
2143,CSW24_hsp,24,25,13.679000,11.458000,-2.221000,13f FUNNY
2143,CSW24_hsp,25,16,15.937000,11.187000,-4.750000,f1 UNPAY
2144,CSW24_hsp,1,2,37.683000,35.668000,-2.015000,j8 GADID
2144,CSW24_hsp,2,1,37.683000,35.647000,-2.036000,j8 GADDI
2144,CSW24_hsp,3,3,36.836000,33.985000,-2.851000,j8 GADI
2144,CSW24_hsp,4,4,32.792000,31.551000,-1.241000,j9 ADDING
2144,CSW24_hsp,5,8,28.499000,26.390000,-2.109000,j9 AD
2144,CSW24_hsp,6,7,28.571000,26.302000,-2.269000,j10 DI
2144,CSW24_hsp,7,5,29.014000,26.294000,-2.720000,j8 GAD
2144,CSW24_hsp,8,6,28.630000,25.770000,-2.860000,j10 DID
2144,CSW24_hsp,9,9,26.065000,23.209000,-2.856000,j9 ADD
2144,CSW24_hsp,10,12,24.499000,22.431000,-2.068000,f8 YAD
2144,CSW24_hsp,11,10,25.000000,22.160000,-2.840000,j10 DIG
2144,CSW24_hsp,12,11,24.836000,21.270000,-3.566000,c11 GAID
2144,CSW24_hsp,13,14,22.499000,20.172000,-2.327000,j10 DA
2144,CSW24_hsp,14,16,22.282000,19.669000,-2.613000,d8 KADI
2144,CSW24_hsp,15,15,22.282000,19.570000,-2.712000,c8 CAID
2144,CSW24_hsp,16,17,22.282000,19.186000,-3.096000,c12 AID
2144,CSW24_hsp,17,13,22.683000,18.527000,-4.156000,2a GADID
2144,CSW24_hsp,18,22,20.282000,18.495000,-1.787000,a13 AID
2144,CSW24_hsp,19,18,21.630000,17.859000,-3.771000,n12 DID
2144,CSW24_hsp,20,19,21.399000,17.823000,-3.576000,j10 DING
2144,CSW24_hsp,21,20,20.836000,17.427000,-3.409000,d3 IGAD
2144,CSW24_hsp,22,21,20.282000,17.382000,-2.900000,d12 AID
2144,CSW24_hsp,23,28,19.499000,17.259000,-2.240000,f10 DA
2144,CSW24_hsp,24,26,19.571000,17.196000,-2.375000,c11 DI
2144,CSW24_hsp,25,23,20.065000,17.187000,-2.878000,j10 DAD
2073,CSW24_hsp,1,1,47.953000,44.532000,-3.421000,b8 HEW
2073,CSW24_hsp,2,2,46.901000,43.056000,-3.845000,d4 EWKING
2073,CSW24_hsp,3,3,38.953000,35.608000,-3.345000,b14 WE
2073,CSW24_hsp,4,4,36.345000,32.948000,-3.397000,13g WIG
2073,CSW24_hsp,5,7,34.901000,31.478000,-3.423000,c11 GREW
2073,CSW24_hsp,6,6,34.953000,31.202000,-3.751000,13f EW
2073,CSW24_hsp,7,5,35.012000,30.842000,-4.170000,f10 WINGE
2073,CSW24_hsp,8,8,33.953000,29.409000,-4.544000,m6 WE
2073,CSW24_hsp,9,9,33.012000,29.186000,-3.826000,f9 GWINE
2073,CSW24_hsp,10,11,32.426000,28.967000,-3.459000,13e TEW
2073,CSW24_hsp,11,12,32.426000,28.960000,-3.466000,13f EWT
2073,CSW24_hsp,12,10,32.742000,28.761000,-3.981000,d4 EIKING
2073,CSW24_hsp,13,13,32.191000,28.216000,-3.975000,f9 TWINGE
2073,CSW24_hsp,14,14,31.120000,27.465000,-3.655000,9a RESEW
2073,CSW24_hsp,15,16,30.935000,26.976000,-3.959000,f10 WENGE
2073,CSW24_hsp,16,15,30.953000,26.947000,-4.006000,10i EWER
2073,CSW24_hsp,17,21,29.426000,26.595000,-2.831000,9g WET
2073,CSW24_hsp,18,17,29.953000,26.243000,-3.710000,10a EWE
2073,CSW24_hsp,19,20,29.761000,26.225000,-3.536000,11e GITE
2073,CSW24_hsp,20,18,29.953000,25.892000,-4.061000,f10 WEN
2073,CSW24_hsp,21,19,29.953000,25.649000,-4.304000,f12 NEW
2073,CSW24_hsp,22,23,28.983000,25.297000,-3.686000,b10 EGO
2073,CSW24_hsp,23,22,29.345000,25.280000,-4.065000,f10 WING
2073,CSW24_hsp,24,26,28.953000,24.914000,-4.039000,11a AWE
2073,CSW24_hsp,25,24,28.953000,24.707000,-4.246000,e8 EW
2391,CSW24_hsp,1,1,44.877000,45.720000,0.843000,13c ANOMIC
2391,CSW24_hsp,2,2,38.877000,39.549000,0.672000,13d CONIMA
2391,CSW24_hsp,3,3,38.014000,37.350000,-0.664000,13d COMIC
2391,CSW24_hsp,4,5,35.877000,37.243000,1.366000,a7 ENCOMIA
2391,CSW24_hsp,5,4,36.355000,35.394000,-0.961000,4g AZONIC
2391,CSW24_hsp,6,6,35.683000,35.028000,-0.655000,13b OCCAM
2391,CSW24_hsp,7,7,35.521000,34.754000,-0.767000,13d CONIC
2391,CSW24_hsp,8,8,34.336000,33.565000,-0.771000,13d NOMIC
2391,CSW24_hsp,9,9,33.246000,33.308000,0.062000,i3 MARC
2391,CSW24_hsp,10,11,31.242000,32.724000,1.482000,a7 ECCO
2391,CSW24_hsp,11,10,32.324000,32.004000,-0.320000,13f MICA
2391,CSW24_hsp,12,12,29.877000,29.345000,-0.532000,3g MANIOCA
2391,CSW24_hsp,13,15,27.345000,27.579000,0.234000,i3 MAR
2391,CSW24_hsp,14,13,28.386000,27.361000,-1.025000,13b MACON
2391,CSW24_hsp,15,26,25.821000,27.354000,1.533000,a7 EMIC
2391,CSW24_hsp,16,14,27.877000,27.299000,-0.578000,3b MANIOCA
2391,CSW24_hsp,17,18,26.821000,26.981000,0.160000,13f MIC
2391,CSW24_hsp,18,17,27.324000,26.931000,-0.393000,13d CAMI
2391,CSW24_hsp,19,21,26.329000,26.563000,0.234000,i3 MOR
2391,CSW24_hsp,20,16,27.336000,26.303000,-1.033000,3c CONIMA
2391,CSW24_hsp,21,19,26.780000,26.302000,-0.478000,13b MICO
2391,CSW24_hsp,22,22,26.328000,25.921000,-0.407000,13b COCA
2391,CSW24_hsp,23,25,25.852000,25.717000,-0.135000,4l COMP
2391,CSW24_hsp,24,34,24.317000,25.522000,1.205000,a7 ECO
2391,CSW24_hsp,25,20,26.384000,25.287000,-1.097000,h13 CAW
2299,CSW24_hsp,1,2,133.000000,128.675000,-4.325000,o4 PHEEZES
2299,CSW24_hsp,2,1,136.000000,123.611000,-12.389000,n2 PHEEZES
2299,CSW24_hsp,3,3,120.000000,113.777000,-6.223000,15e PHEEZES
2299,CSW24_hsp,4,4,91.110000,79.792000,-11.318000,n2 PHEEZE
2299,CSW24_hsp,5,5,74.110000,68.381000,-5.729000,15e PHEEZE
2299,CSW24_hsp,6,6,68.464000,62.431000,-6.033000,15a ZEPS
2299,CSW24_hsp,7,11,64.067000,60.769000,-3.298000,o5 HEEZES
2299,CSW24_hsp,8,7,66.853000,60.648000,-6.205000,15a ZEES
2299,CSW24_hsp,9,9,66.206000,60.444000,-5.762000,15d SHEEP
2299,CSW24_hsp,10,8,66.206000,59.801000,-6.405000,15a PHESE
2299,CSW24_hsp,11,10,64.580000,58.737000,-5.843000,15f HEEZE
2299,CSW24_hsp,12,12,61.320000,54.550000,-6.770000,j2 ZEE
2299,CSW24_hsp,13,14,60.900000,54.444000,-6.456000,15a PEHS
2299,CSW24_hsp,14,15,60.067000,54.403000,-5.664000,15f HEEZES
2299,CSW24_hsp,15,13,60.900000,54.375000,-6.525000,15a HEPS
2299,CSW24_hsp,16,17,54.464000,50.977000,-3.487000,o7 ZEPS
2299,CSW24_hsp,17,16,56.320000,50.018000,-6.302000,15h ZEE
2299,CSW24_hsp,18,19,52.853000,49.262000,-3.591000,o7 ZEES
2299,CSW24_hsp,19,20,52.392000,49.100000,-3.292000,o6 PHEESE
2299,CSW24_hsp,20,21,52.206000,48.485000,-3.721000,o7 PHESE
2299,CSW24_hsp,21,18,54.173000,47.352000,-6.821000,15a PEES
2299,CSW24_hsp,22,22,52.119000,44.969000,-7.150000,j2 ZE
2299,CSW24_hsp,23,29,46.900000,43.067000,-3.833000,o7 HEPS
2299,CSW24_hsp,24,25,48.853000,43.049000,-5.804000,15h ZEES
2299,CSW24_hsp,25,24,51.320000,43.035000,-8.285000,n6 ZEE
2183,CSW24_hsp,1,1,56.885000,57.831000,0.946000,a7 ZYME
2183,CSW24_hsp,2,4,43.314000,44.527000,1.213000,a7 YMPE
2183,CSW24_hsp,3,3,43.555000,44.386000,0.831000,12l ZE
2183,CSW24_hsp,4,2,43.555000,44.367000,0.812000,4l ZE
2183,CSW24_hsp,5,5,38.062000,39.326000,1.264000,a7 TYPE
2183,CSW24_hsp,6,6,37.971000,39.287000,1.316000,l2 ZYME
2183,CSW24_hsp,7,7,37.869000,39.148000,1.279000,a7 PYNE
2183,CSW24_hsp,8,8,36.885000,38.168000,1.283000,4d ZYME
2183,CSW24_hsp,9,10,34.189000,36.524000,2.335000,f10 ZE
2183,CSW24_hsp,10,9,35.065000,36.181000,1.116000,9k YMPT
2183,CSW24_hsp,11,15,31.151000,33.294000,2.143000,n13 YEZ
2183,CSW24_hsp,12,14,31.302000,33.254000,1.952000,l2 YMPE
2183,CSW24_hsp,13,11,31.984000,33.133000,1.149000,a7 TYNE
2183,CSW24_hsp,14,18,30.471000,32.948000,2.477000,l12 YELP
2183,CSW24_hsp,15,12,31.978000,32.794000,0.816000,l4 MEYNT
2183,CSW24_hsp,16,13,31.473000,32.633000,1.160000,d4 EMPTY
2183,CSW24_hsp,17,21,30.151000,32.313000,2.162000,l4 YEZ
2183,CSW24_hsp,18,25,29.813000,32.290000,2.477000,l12 YELM
2183,CSW24_hsp,19,24,29.813000,32.281000,2.468000,12l MY
2183,CSW24_hsp,20,16,30.994000,32.178000,1.184000,m3 MELTY
2183,CSW24_hsp,21,26,29.627000,31.850000,2.223000,l4 ZEP
2183,CSW24_hsp,22,19,30.432000,31.794000,1.362000,a8 PYE
2183,CSW24_hsp,23,17,30.915000,31.608000,0.693000,l4 NEMPT
2183,CSW24_hsp,24,20,30.314000,31.434000,1.120000,4d YMPE
2183,CSW24_hsp,25,23,30.062000,31.280000,1.218000,d4 TYPEY
2346,CSW24_hsp,1,1,27.253000,24.607000,-2.646000,l1 THEGN
2346,CSW24_hsp,2,2,25.465000,23.702000,-1.763000,d12 BRIG
2346,CSW24_hsp,3,4,25.093000,22.964000,-2.129000,l2 BETH
2346,CSW24_hsp,4,3,25.396000,22.741000,-2.655000,l1 BRENT
2346,CSW24_hsp,5,6,24.045000,21.745000,-2.300000,d8 PIGHT
2346,CSW24_hsp,6,5,24.339000,21.499000,-2.840000,l1 THEGNS
2346,CSW24_hsp,7,8,23.287000,21.115000,-2.172000,l2 HERB
2346,CSW24_hsp,8,7,23.462000,20.707000,-2.755000,l2 BETHS
2346,CSW24_hsp,9,9,23.176000,20.327000,-2.849000,l1 BRENTS
2346,CSW24_hsp,10,10,22.521000,20.270000,-2.251000,l1 BREN
2346,CSW24_hsp,11,11,22.045000,20.263000,-1.782000,d12 THIG
2346,CSW24_hsp,12,13,21.268000,19.511000,-1.757000,d12 BRIT
2346,CSW24_hsp,13,12,21.465000,19.308000,-2.157000,l2 BERG
2346,CSW24_hsp,14,14,20.568000,17.770000,-2.798000,l2 HERBS
2346,CSW24_hsp,15,18,18.411000,16.758000,-1.653000,15c NTH
2346,CSW24_hsp,16,16,18.521000,16.742000,-1.779000,d12 BRIN
2346,CSW24_hsp,17,15,18.890000,16.670000,-2.220000,l1 GREN
2346,CSW24_hsp,18,17,18.504000,15.807000,-2.697000,l2 BERGS
2346,CSW24_hsp,19,19,17.087000,15.275000,-1.812000,d12 THIR
2346,CSW24_hsp,20,21,16.890000,15.157000,-1.733000,d12 GRIN
2346,CSW24_hsp,21,24,16.423000,14.873000,-1.550000,c13 BEG
2346,CSW24_hsp,22,22,16.521000,14.594000,-1.927000,c12 BREN
2346,CSW24_hsp,23,23,16.423000,14.435000,-1.988000,l2 BEG
2346,CSW24_hsp,24,20,17.004000,14.301000,-2.703000,l1 GHEST
2346,CSW24_hsp,25,25,16.297000,14.203000,-2.094000,l2 BENT
2106,CSW24_hsp,1,1,62.397000,58.320000,-4.077000,j5 AHI
2106,CSW24_hsp,2,2,60.633000,56.421000,-4.212000,j5 AH
2106,CSW24_hsp,3,3,57.785000,52.931000,-4.854000,j6 HE
2106,CSW24_hsp,4,6,56.533000,52.551000,-3.982000,j4 HAG
2106,CSW24_hsp,5,5,56.785000,52.410000,-4.375000,b6 HE
2106,CSW24_hsp,6,4,57.104000,52.396000,-4.708000,j5 AGE
2106,CSW24_hsp,7,7,55.163000,50.412000,-4.751000,j6 HI
2106,CSW24_hsp,8,8,54.288000,49.458000,-4.830000,m4 GIE
2106,CSW24_hsp,9,9,53.633000,48.791000,-4.842000,j6 HA
2106,CSW24_hsp,10,11,52.633000,48.194000,-4.439000,b6 HA
2106,CSW24_hsp,11,10,52.633000,48.191000,-4.442000,b5 AH
2106,CSW24_hsp,12,12,51.785000,47.241000,-4.544000,m6 EH
2106,CSW24_hsp,13,13,51.081000,46.265000,-4.816000,m4 GEE
2106,CSW24_hsp,14,14,50.775000,46.046000,-4.729000,j5 AG
2106,CSW24_hsp,15,17,49.025000,45.070000,-3.955000,g11 GAITA
2106,CSW24_hsp,16,16,50.076000,44.790000,-5.286000,8l RHEA
2106,CSW24_hsp,17,15,50.533000,43.726000,-6.807000,m1 HAG
2106,CSW24_hsp,18,19,48.785000,43.518000,-5.267000,m7 HE
2106,CSW24_hsp,19,18,48.785000,43.385000,-5.400000,7i HE
2106,CSW24_hsp,20,32,45.785000,43.169000,-2.616000,15a HE
2106,CSW24_hsp,21,21,47.533000,42.992000,-4.541000,j2 HAG
2106,CSW24_hsp,22,20,47.785000,42.858000,-4.927000,b9 HE
2106,CSW24_hsp,23,30,46.076000,42.816000,-3.260000,15e AHED
2106,CSW24_hsp,24,34,45.155000,42.067000,-3.088000,15e EHED
2106,CSW24_hsp,25,36,45.104000,41.848000,-3.256000,15e EGAD
2197,CSW24_hsp,1,1,29.792000,30.449000,0.657000,5b HEAVILY
2197,CSW24_hsp,2,4,24.650000,22.184000,-2.466000,15m AHI
2197,CSW24_hsp,3,3,24.983000,21.375000,-3.608000,14b VIE
2197,CSW24_hsp,4,2,25.828000,21.320000,-4.508000,14b HIE
2197,CSW24_hsp,5,6,21.672000,20.172000,-1.500000,3c LIVIER
2197,CSW24_hsp,6,5,22.828000,19.115000,-3.713000,15n HI
2197,CSW24_hsp,7,7,20.819000,18.042000,-2.777000,5d VEILY
2197,CSW24_hsp,8,8,20.650000,16.352000,-4.298000,13m AHI
2197,CSW24_hsp,9,20,15.515000,15.961000,0.446000,3b HAILIER
2197,CSW24_hsp,10,10,17.636000,15.818000,-1.818000,5d HEAVY
2197,CSW24_hsp,11,9,18.974000,15.738000,-3.236000,5d HAILY
2197,CSW24_hsp,12,13,17.097000,15.422000,-1.675000,11b VENIAL
2197,CSW24_hsp,13,14,17.097000,15.412000,-1.685000,11b VINEAL
2197,CSW24_hsp,14,12,17.097000,15.325000,-1.772000,11a VEINAL
2197,CSW24_hsp,15,27,14.450000,14.177000,-0.273000,3c HALVER
2197,CSW24_hsp,16,11,17.382000,13.015000,-4.367000,10b VIAE
2197,CSW24_hsp,17,17,15.785000,11.996000,-3.789000,11b VINAL
2197,CSW24_hsp,18,18,15.785000,11.811000,-3.974000,11c ANVIL
2197,CSW24_hsp,19,19,15.785000,11.745000,-4.040000,11d NIVAL
2197,CSW24_hsp,20,38,13.614000,11.659000,-1.955000,3c HAILER
2197,CSW24_hsp,21,39,13.614000,11.635000,-1.979000,3c HALIER
2197,CSW24_hsp,22,15,15.983000,11.431000,-4.552000,2f VIA
2197,CSW24_hsp,23,16,15.983000,11.337000,-4.646000,10b VIA
2197,CSW24_hsp,24,40,13.412000,10.945000,-2.467000,15m HAE
2197,CSW24_hsp,25,22,15.259000,10.846000,-4.413000,10b VIAL
2074,CSW24_hsp,1,1,76.000000,70.690000,-5.310000,14a FERRITIN
2074,CSW24_hsp,2,2,36.869000,34.366000,-2.503000,14h NIFTIER
2074,CSW24_hsp,3,3,36.053000,34.329000,-1.724000,1a FIRM
2074,CSW24_hsp,4,4,35.027000,33.681000,-1.346000,f1 IFF
2074,CSW24_hsp,5,5,32.723000,31.820000,-0.903000,1a FREMIT
2074,CSW24_hsp,6,6,32.032000,31.083000,-0.949000,1a FIRMER
2074,CSW24_hsp,7,7,31.440000,30.240000,-1.200000,1a FERMI
2074,CSW24_hsp,8,9,27.792000,26.150000,-1.642000,13g RIFTIER
2074,CSW24_hsp,9,10,27.027000,24.926000,-2.101000,i12 IF
2074,CSW24_hsp,10,8,29.053000,24.649000,-4.404000,4a FRIZ
2074,CSW24_hsp,11,11,25.053000,22.560000,-2.493000,10b FRIG
2074,CSW24_hsp,12,14,23.518000,22.220000,-1.298000,12f RIMFIRE
2074,CSW24_hsp,13,12,24.027000,21.841000,-2.186000,11k IF
2074,CSW24_hsp,14,16,21.122000,21.819000,0.697000,h1 FRIT
2074,CSW24_hsp,15,13,23.899000,21.294000,-2.605000,1a TRIM
2074,CSW24_hsp,16,17,20.737000,19.196000,-1.541000,1a TRIMER
2074,CSW24_hsp,17,15,21.967000,18.753000,-3.214000,4b RIZ
2074,CSW24_hsp,18,20,19.502000,17.788000,-1.714000,1a FERM
2074,CSW24_hsp,19,21,19.440000,17.406000,-2.034000,j10 PREIF
2074,CSW24_hsp,20,22,19.440000,17.405000,-2.035000,j10 PRIEF
2074,CSW24_hsp,21,18,20.027000,17.049000,-2.978000,4b FIZ
2074,CSW24_hsp,22,23,19.440000,16.751000,-2.689000,14f FINER
2074,CSW24_hsp,23,25,19.027000,16.463000,-2.564000,e1 IF
2074,CSW24_hsp,24,26,19.027000,15.828000,-3.199000,14f FIN
2074,CSW24_hsp,25,27,18.361000,15.723000,-2.638000,1a RIEM
2167,CSW24_hsp,1,1,27.370000,28.237000,0.867000,g7 TIVY
2167,CSW24_hsp,2,4,25.035000,27.060000,2.025000,n2 BYTES
2167,CSW24_hsp,3,3,25.294000,26.589000,1.295000,1a VET
2167,CSW24_hsp,4,2,25.394000,26.271000,0.877000,c1 TOBY
2167,CSW24_hsp,5,6,24.059000,26.030000,1.971000,13g VID
2167,CSW24_hsp,6,7,23.164000,24.784000,1.620000,g7 VIBEY
2167,CSW24_hsp,7,5,24.370000,24.673000,0.303000,9h TIVY
2167,CSW24_hsp,8,8,22.732000,24.157000,1.425000,11d IVY
2167,CSW24_hsp,9,9,22.394000,23.058000,0.664000,10h TOBY
2167,CSW24_hsp,10,11,20.433000,21.961000,1.528000,1a BEY
2167,CSW24_hsp,11,10,20.990000,21.916000,0.926000,g7 BITTY
2167,CSW24_hsp,12,16,18.017000,20.110000,2.093000,n2 YETTS
2167,CSW24_hsp,13,13,18.634000,19.949000,1.315000,13g VIDE
2167,CSW24_hsp,14,12,18.990000,19.537000,0.547000,10h BOTTY
2167,CSW24_hsp,15,19,17.732000,19.070000,1.338000,g8 IVY
2167,CSW24_hsp,16,14,18.294000,19.058000,0.764000,10f VETO
2167,CSW24_hsp,17,17,17.732000,19.016000,1.284000,m5 VLY
2167,CSW24_hsp,18,18,17.732000,19.016000,1.284000,l6 IVY
2167,CSW24_hsp,19,15,18.294000,18.742000,0.448000,14i EVET
2167,CSW24_hsp,20,20,17.635000,18.552000,0.917000,g7 VIBE
2167,CSW24_hsp,21,21,17.531000,18.296000,0.765000,11i XYST
2167,CSW24_hsp,22,22,17.294000,18.133000,0.839000,c1 VOTE
2167,CSW24_hsp,23,24,16.410000,17.802000,1.392000,13g VIDS
2167,CSW24_hsp,24,23,16.726000,17.689000,0.963000,9g STIVY
2167,CSW24_hsp,25,25,16.296000,17.489000,1.193000,1a BET
2087,CSW24_hsp,1,1,37.362000,35.615000,-1.747000,a1 ALOHA
2087,CSW24_hsp,2,2,18.118000,17.382000,-0.736000,1a LEASH
2087,CSW24_hsp,3,3,18.021000,15.908000,-2.113000,1a HAOS
2087,CSW24_hsp,4,4,18.021000,15.816000,-2.205000,1a HOAS
2087,CSW24_hsp,5,9,12.826000,10.671000,-2.155000,1a HAES
2087,CSW24_hsp,6,13,11.243000,8.662000,-2.581000,1a ALAS
2087,CSW24_hsp,7,5,14.977000,7.995000,-6.982000,g7 ANOA
2087,CSW24_hsp,8,6,13.080000,7.272000,-5.808000,7g AAH
2087,CSW24_hsp,9,7,13.080000,7.088000,-5.992000,9g AAH
2087,CSW24_hsp,10,29,8.503000,6.344000,-2.159000,1a HOES
2087,CSW24_hsp,11,8,13.080000,6.298000,-6.782000,14e AHA
2087,CSW24_hsp,12,10,11.935000,6.102000,-5.833000,c1 ASH
2087,CSW24_hsp,13,11,11.935000,6.004000,-5.931000,c2 SHA
2087,CSW24_hsp,14,14,11.080000,5.324000,-5.756000,a4 AAH
2087,CSW24_hsp,15,16,10.392000,4.575000,-5.817000,10e MOOLAH
2087,CSW24_hsp,16,19,9.935000,4.535000,-5.400000,3b AHI
2087,CSW24_hsp,17,15,10.935000,4.407000,-6.528000,3f HA
2087,CSW24_hsp,18,20,9.589000,3.710000,-5.879000,3g AL
2087,CSW24_hsp,19,12,11.362000,3.504000,-7.858000,14e ALOHA
2087,CSW24_hsp,20,26,9.021000,3.274000,-5.747000,a4 HAO
2087,CSW24_hsp,21,17,10.362000,2.818000,-7.544000,9h ALOHA
2087,CSW24_hsp,22,48,5.361000,2.788000,-2.573000,1a ALES
2087,CSW24_hsp,23,18,10.080000,2.769000,-7.311000,7l AHA
2087,CSW24_hsp,24,49,5.361000,2.651000,-2.710000,1a LEAS
2087,CSW24_hsp,25,30,8.503000,2.606000,-5.897000,c8 HOE
2317,CSW24_hsp,1,2,26.740000,27.904000,1.164000,l12 WOOD
2317,CSW24_hsp,2,1,27.740000,26.042000,-1.698000,12a WOOD
2317,CSW24_hsp,3,4,23.794000,24.763000,0.969000,l12 WOOT
2317,CSW24_hsp,4,3,24.794000,22.906000,-1.888000,12a WOOT
2317,CSW24_hsp,5,5,20.363000,20.666000,0.303000,l8 QIN
2317,CSW24_hsp,6,7,19.712000,20.324000,0.612000,l10 NOW
2317,CSW24_hsp,7,6,20.363000,19.938000,-0.425000,14b QI
2317,CSW24_hsp,8,9,18.930000,19.651000,0.721000,12j QADI
2317,CSW24_hsp,9,10,18.930000,19.643000,0.713000,12j QAID
2317,CSW24_hsp,10,8,19.363000,19.230000,-0.133000,n2 QI
2317,CSW24_hsp,11,12,18.396000,19.158000,0.762000,12b DOW
2317,CSW24_hsp,12,13,18.054000,18.569000,0.515000,12b TOW
2317,CSW24_hsp,13,14,17.549000,18.506000,0.957000,l12 DOWT
2317,CSW24_hsp,14,11,18.740000,17.941000,-0.799000,14b WOOD
2317,CSW24_hsp,15,16,17.054000,17.506000,0.452000,l12 WOT
2317,CSW24_hsp,16,17,16.838000,17.043000,0.205000,l12 WOO
2317,CSW24_hsp,17,15,17.549000,16.622000,-0.927000,14b DOWT
2317,CSW24_hsp,18,18,16.794000,15.681000,-1.113000,14b WOOT
2317,CSW24_hsp,19,21,14.519000,15.410000,0.891000,l10 NODI
2317,CSW24_hsp,20,20,14.593000,14.692000,0.099000,12j QAT
2317,CSW24_hsp,21,22,13.712000,13.806000,0.094000,12c OW
2317,CSW24_hsp,22,23,13.396000,13.648000,0.252000,c3 DOW
2317,CSW24_hsp,23,24,13.396000,13.514000,0.118000,l12 DOW
2317,CSW24_hsp,24,27,12.712000,12.653000,-0.059000,l12 WO
2317,CSW24_hsp,25,19,16.740000,12.509000,-4.231000,14a WOOD
