pos,model,pat_rank,static_rank,static_eq,pat_eq,pat_adj,move
303,CSW24,1,1,73.000000,70.963000,-2.037000,k3 AEROTONE
303,CSW24,2,2,21.919000,19.412000,-2.507000,k3 AERO
303,CSW24,3,3,19.871000,18.784000,-1.087000,15k OATEN
303,CSW24,4,4,19.249000,16.142000,-3.107000,k5 RONEO
303,CSW24,5,5,17.510000,15.794000,-1.716000,15l AEON
303,CSW24,6,6,17.510000,15.794000,-1.716000,15l EOAN
303,CSW24,7,8,17.358000,15.664000,-1.694000,15l TOEA
303,CSW24,8,7,17.465000,14.464000,-3.001000,k5 ROO
303,CSW24,9,11,16.463000,14.272000,-2.191000,14a OVA
303,CSW24,10,9,16.772000,13.993000,-2.779000,k5 REO
303,CSW24,11,10,16.772000,13.973000,-2.799000,k5 ROE
303,CSW24,12,12,15.358000,12.339000,-3.019000,k5 ROATE
303,CSW24,13,13,15.249000,12.173000,-3.076000,4j RONEO
303,CSW24,14,14,14.192000,11.121000,-3.071000,k5 RATOO
303,CSW24,15,15,13.257000,11.011000,-2.246000,14b VAE
303,CSW24,16,18,12.877000,9.905000,-2.972000,k5 ROON
303,CSW24,17,23,11.570000,9.856000,-1.714000,g5 ATOKE
303,CSW24,18,16,13.020000,9.729000,-3.291000,k5 RATOON
303,CSW24,19,31,11.139000,9.353000,-1.786000,15l TOON
303,CSW24,20,19,12.403000,9.342000,-3.061000,k5 RENO
303,CSW24,21,20,12.403000,9.326000,-3.077000,k5 RONE
303,CSW24,22,34,11.080000,9.286000,-1.794000,15l NOTE
303,CSW24,23,35,11.080000,9.214000,-1.866000,15l TONE
303,CSW24,24,22,11.772000,9.191000,-2.581000,3g EYOT
303,CSW24,25,25,11.465000,8.350000,-3.115000,4j ROO
788,CSW24,1,1,47.262000,33.344000,-13.918000,12l VRIL
788,CSW24,2,4,44.335000,31.010000,-13.325000,g3 VOLT
788,CSW24,3,2,45.262000,30.870000,-14.392000,k2 VRIL
788,CSW24,4,3,44.952000,30.436000,-14.516000,6d LEV
788,CSW24,5,6,42.952000,29.042000,-13.910000,13m LEV
788,CSW24,6,5,43.072000,28.591000,-14.481000,6d REV
788,CSW24,7,7,42.611000,28.391000,-14.220000,6d VERB
788,CSW24,8,8,42.598000,28.056000,-14.542000,12l BLIT
788,CSW24,9,9,41.304000,27.228000,-14.076000,13m VET
788,CSW24,10,12,40.952000,27.139000,-13.813000,g3 VOL
788,CSW24,11,13,40.952000,27.127000,-13.825000,i3 VOL
788,CSW24,12,11,41.072000,27.101000,-13.971000,13m REV
788,CSW24,13,10,41.132000,26.746000,-14.386000,6d VERT
788,CSW24,14,16,40.132000,26.573000,-13.559000,g2 VROT
788,CSW24,15,17,40.132000,26.021000,-14.111000,i2 VROT
788,CSW24,16,15,40.598000,25.901000,-14.697000,13l BLET
788,CSW24,17,14,40.598000,25.845000,-14.753000,k2 BLIT
788,CSW24,18,18,40.089000,25.638000,-14.451000,12l BRIT
788,CSW24,19,21,39.072000,25.408000,-13.664000,g3 VOR
788,CSW24,20,22,39.072000,25.282000,-13.790000,i3 VOR
788,CSW24,21,20,39.416000,25.131000,-14.285000,6d LEVS
788,CSW24,22,19,39.598000,24.338000,-15.260000,9c BLET
788,CSW24,23,23,38.277000,23.979000,-14.298000,6d REVS
788,CSW24,24,27,37.304000,23.530000,-13.774000,9d VET
788,CSW24,25,24,38.089000,23.344000,-14.745000,k2 BRIT
168,CSW24,1,1,59.667000,53.432000,-6.235000,d10 IRED
168,CSW24,2,2,56.933000,50.697000,-6.236000,d9 TIRED
168,CSW24,3,3,56.667000,50.462000,-6.205000,d9 DIRE
168,CSW24,4,5,52.207000,46.043000,-6.164000,d9 TIRE
168,CSW24,5,4,52.207000,45.919000,-6.288000,d9 RITE
168,CSW24,6,6,50.357000,44.255000,-6.102000,d10 IRE
168,CSW24,7,7,47.778000,41.473000,-6.305000,d8 STIRED
168,CSW24,8,8,46.545000,40.433000,-6.112000,d12 ED
168,CSW24,9,9,46.438000,40.220000,-6.218000,d9 SIRED
168,CSW24,10,10,46.040000,39.828000,-6.212000,d9 DITE
168,CSW24,11,11,44.348000,38.506000,-5.842000,7i RED
168,CSW24,12,12,44.284000,38.153000,-6.131000,d8 STIRE
168,CSW24,13,14,44.284000,38.113000,-6.171000,d9 TIRES
168,CSW24,14,13,44.284000,37.952000,-6.332000,d9 RITES
168,CSW24,15,17,42.301000,36.108000,-6.193000,d10 IRES
168,CSW24,16,20,41.412000,35.667000,-5.745000,7i RET
168,CSW24,17,18,41.545000,35.080000,-6.465000,12c ZED
168,CSW24,18,16,42.869000,35.066000,-7.803000,15a RESTED
168,CSW24,19,15,42.869000,35.050000,-7.819000,15a DESERT
168,CSW24,20,21,41.284000,34.317000,-6.967000,15a ERST
168,CSW24,21,25,40.284000,34.265000,-6.019000,7i TERSE
168,CSW24,22,26,40.080000,34.256000,-5.824000,7i RE
168,CSW24,23,22,41.284000,34.192000,-7.092000,15a REST
168,CSW24,24,24,40.301000,34.149000,-6.152000,d9 SIRE
168,CSW24,25,19,41.518000,33.966000,-7.552000,15c SERRED
403,CSW24,1,1,34.997000,30.938000,-4.059000,i3 BUOY
403,CSW24,2,5,29.311000,24.743000,-4.568000,g3 BOUN
403,CSW24,3,2,31.881000,24.052000,-7.829000,4c BOYAUX
403,CSW24,4,6,28.260000,23.653000,-4.607000,g3 BOAB
403,CSW24,5,8,27.311000,20.320000,-6.991000,4d UNBOX
403,CSW24,6,4,30.881000,18.368000,-12.513000,g1 BOYAU
403,CSW24,7,3,30.881000,18.345000,-12.536000,g1 BAYOU
403,CSW24,8,13,22.359000,17.569000,-4.790000,g3 YOU
403,CSW24,9,7,27.553000,16.116000,-11.437000,g1 BUBO
403,CSW24,10,17,19.923000,15.806000,-4.117000,i3 YU
403,CSW24,11,16,20.911000,15.742000,-5.169000,g3 BOA
403,CSW24,12,12,23.576000,15.466000,-8.110000,4c NOYAUX
403,CSW24,13,10,25.527000,15.047000,-10.480000,i1 BABU
403,CSW24,14,15,21.092000,14.352000,-6.740000,5h GOBBY
403,CSW24,15,9,25.527000,14.030000,-11.497000,g1 BUBA
403,CSW24,16,11,24.576000,13.088000,-11.488000,g1 NOYAU
403,CSW24,17,20,18.978000,12.893000,-6.085000,i2 AYU
403,CSW24,18,22,18.623000,12.680000,-5.943000,5e BUNGY
403,CSW24,19,24,17.491000,12.386000,-5.105000,g3 BO
403,CSW24,20,21,18.767000,12.006000,-6.761000,5h GABBY
403,CSW24,21,26,16.889000,11.708000,-5.181000,g3 BA
403,CSW24,22,27,15.950000,11.294000,-4.656000,g3 YO
403,CSW24,23,23,17.911000,10.795000,-7.116000,g2 OBA
403,CSW24,24,19,19.158000,9.579000,-9.579000,i1 BUY
403,CSW24,25,35,14.149000,9.342000,-4.807000,g3 YA
702,CSW24,1,1,76.000000,70.061000,-5.939000,14f ENLISTS
702,CSW24,2,2,66.000000,59.198000,-6.802000,5g SETLINES
702,CSW24,3,3,66.000000,58.989000,-7.011000,5h LITENESS
702,CSW24,4,4,60.000000,52.305000,-7.695000,3g SETLINES
702,CSW24,5,5,59.000000,50.959000,-8.041000,3h LITENESS
702,CSW24,6,6,46.110000,40.186000,-5.924000,14i SETLINE
702,CSW24,7,7,43.642000,35.299000,-8.343000,14a LEVS
702,CSW24,8,8,38.110000,30.655000,-7.455000,15a LISTEN
702,CSW24,9,9,37.989000,30.179000,-7.810000,12k NY
702,CSW24,10,11,37.071000,29.612000,-7.459000,15a LIST
702,CSW24,11,10,37.241000,29.494000,-7.747000,9c LA
702,CSW24,12,13,36.818000,29.273000,-7.545000,12k NYS
702,CSW24,13,14,36.818000,29.224000,-7.594000,12k SYN
702,CSW24,14,12,36.818000,28.944000,-7.874000,12j SNY
702,CSW24,15,18,35.531000,28.545000,-6.986000,14n TE
702,CSW24,16,16,36.055000,28.484000,-7.571000,c8 ALS
702,CSW24,17,17,35.797000,28.441000,-7.356000,15a ELSIN
702,CSW24,18,20,35.413000,27.884000,-7.529000,15a LEST
702,CSW24,19,15,36.055000,27.826000,-8.229000,f6 LITAS
702,CSW24,20,22,35.055000,27.481000,-7.574000,c7 SAL
702,CSW24,21,26,34.265000,27.329000,-6.936000,14l LINE
702,CSW24,22,19,35.449000,27.195000,-8.254000,c12 GUVS
702,CSW24,23,23,35.046000,27.179000,-7.867000,15a LIS
702,CSW24,24,21,35.241000,27.164000,-8.077000,7m AL
702,CSW24,25,24,34.818000,26.968000,-7.850000,10d INS
1088,CSW24,1,1,50.295000,45.648000,-4.647000,1g BUNN
1088,CSW24,2,3,43.596000,39.096000,-4.500000,h1 AN
1088,CSW24,3,4,43.313000,38.617000,-4.696000,1g BUNT
1088,CSW24,4,6,41.119000,36.517000,-4.602000,1g BUN
1088,CSW24,5,2,43.799000,35.292000,-8.507000,3b TANNOY
1088,CSW24,6,5,42.828000,34.234000,-8.594000,3c ANNOY
1088,CSW24,7,11,38.237000,33.377000,-4.860000,1g BANT
1088,CSW24,8,7,40.828000,33.254000,-7.574000,6j ANN
1088,CSW24,9,14,37.019000,32.160000,-4.859000,1g BUNA
1088,CSW24,10,10,38.596000,31.801000,-6.795000,13b CAN
1088,CSW24,11,9,39.313000,31.731000,-7.582000,6j TUN
1088,CSW24,12,12,37.828000,31.093000,-6.735000,d10 ANAN
1088,CSW24,13,8,39.460000,30.836000,-8.624000,14d NAUNT
1088,CSW24,14,20,35.596000,30.820000,-4.776000,1g BAN
1088,CSW24,15,13,37.714000,29.841000,-7.873000,6e QIN
1088,CSW24,16,18,35.828000,28.557000,-7.271000,14d NAN
1088,CSW24,17,16,36.148000,28.534000,-7.614000,6j TUAN
1088,CSW24,18,15,36.148000,28.525000,-7.623000,6j AUNT
1088,CSW24,19,17,36.148000,28.444000,-7.704000,6j TUNA
1088,CSW24,20,21,35.596000,27.954000,-7.642000,c10 AND
1088,CSW24,21,23,35.047000,27.950000,-7.097000,d11 NAN
1088,CSW24,22,22,35.119000,27.818000,-7.301000,7b NU
1088,CSW24,23,41,31.881000,27.421000,-4.460000,h1 AT
1088,CSW24,24,25,34.596000,27.379000,-7.217000,f9 RAN
1088,CSW24,25,24,34.714000,27.223000,-7.491000,j7 WEEN
861,CSW24,1,7,9.621000,4.651000,-4.970000,1g OP
861,CSW24,2,6,10.799000,3.016000,-7.783000,14g OPINE
861,CSW24,3,1,11.407000,2.978000,-8.429000,l1 POISE
861,CSW24,4,2,10.925000,2.820000,-8.105000,14h EINE
861,CSW24,5,17,6.912000,1.739000,-5.173000,1g PE
861,CSW24,6,13,6.993000,1.464000,-5.529000,1g OE
861,CSW24,7,10,8.871000,1.106000,-7.765000,i10 PITIES
861,CSW24,8,8,8.925000,0.885000,-8.040000,f2 VIE
861,CSW24,9,9,8.925000,0.541000,-8.384000,7i REIS
861,CSW24,10,5,10.827000,0.540000,-10.287000,13a PIXIE
861,CSW24,11,3,10.925000,0.485000,-10.440000,14m DEI
861,CSW24,12,25,5.621000,0.454000,-5.167000,1g PO
861,CSW24,13,4,10.925000,0.285000,-10.640000,14m DIE
861,CSW24,14,12,7.827000,-0.344000,-8.171000,m6 PIE
861,CSW24,15,18,6.827000,-1.143000,-7.970000,i12 PIES
861,CSW24,16,11,8.827000,-1.345000,-10.172000,10a PIE
861,CSW24,17,15,6.925000,-1.678000,-8.603000,7l SEI
861,CSW24,18,21,6.317000,-1.725000,-8.042000,b14 PI
861,CSW24,19,20,6.403000,-2.038000,-8.441000,l1 PEISE
861,CSW24,20,16,6.925000,-2.109000,-9.034000,9l TIE
861,CSW24,21,24,5.810000,-2.448000,-8.258000,m6 TIE
861,CSW24,22,22,5.827000,-2.544000,-8.371000,l1 PIES
861,CSW24,23,27,5.329000,-2.562000,-7.891000,1j OI
861,CSW24,24,29,4.993000,-2.582000,-7.575000,k3 EVO
861,CSW24,25,28,5.329000,-2.747000,-8.076000,i13 IOS
310,CSW24,1,3,21.609000,17.526000,-4.083000,7i YAE
310,CSW24,2,2,24.009000,17.233000,-6.776000,9k EYE
310,CSW24,3,1,24.020000,16.280000,-7.740000,7e LACEY
310,CSW24,4,4,21.475000,13.776000,-7.699000,l8 KAYLE
310,CSW24,5,5,20.667000,13.484000,-7.183000,l4 CLEEK
310,CSW24,6,9,18.093000,13.463000,-4.630000,7g LEY
310,CSW24,7,13,16.750000,12.849000,-3.901000,7g CEE
310,CSW24,8,6,20.009000,12.831000,-7.178000,k5 EYEN
310,CSW24,9,7,18.362000,12.150000,-6.212000,7e LYCEE
310,CSW24,10,14,16.750000,12.089000,-4.661000,9g CEE
310,CSW24,11,8,18.362000,12.066000,-6.296000,9e LYCEE
310,CSW24,12,12,17.683000,11.085000,-6.598000,l4 ALECK
310,CSW24,13,22,15.050000,10.970000,-4.080000,7g CAY
310,CSW24,14,33,14.086000,10.538000,-3.548000,7h EALE
310,CSW24,15,16,16.609000,9.858000,-6.751000,9k YAE
310,CSW24,16,15,16.609000,9.802000,-6.807000,9k AYE
310,CSW24,17,26,14.609000,9.687000,-4.922000,7g YEA
310,CSW24,18,25,14.609000,9.382000,-5.227000,7g YAE
310,CSW24,19,10,18.009000,9.373000,-8.636000,7f EYE
310,CSW24,20,23,15.020000,8.898000,-6.122000,7e LYCEA
310,CSW24,21,27,14.609000,8.740000,-5.869000,9g YEA
310,CSW24,22,24,15.020000,8.676000,-6.344000,9e LYCEA
310,CSW24,23,17,16.475000,8.429000,-8.046000,9k YALE
310,CSW24,24,19,15.820000,8.303000,-7.517000,k7 ENLACE
310,CSW24,25,42,12.832000,8.242000,-4.590000,7h EE
928,CSW24,1,3,33.487000,28.481000,-5.006000,i4 PLUMS
928,CSW24,2,2,33.487000,28.067000,-5.420000,i4 LUMPS
928,CSW24,3,4,32.637000,27.127000,-5.510000,7h ZAP
928,CSW24,4,10,30.103000,27.078000,-3.025000,h4 PLUME
928,CSW24,5,9,30.688000,26.910000,-3.778000,7h ZA
928,CSW24,6,1,33.720000,26.709000,-7.011000,7h ZUPA
928,CSW24,7,16,29.193000,26.542000,-2.651000,h5 PUZEL
928,CSW24,8,6,31.477000,26.506000,-4.971000,i5 UMPS
928,CSW24,9,5,31.487000,26.227000,-5.260000,i8 SLUMP
928,CSW24,10,12,29.494000,25.265000,-4.229000,i5 PLUS
928,CSW24,11,8,31.103000,25.264000,-5.839000,7h PLUM
928,CSW24,12,13,29.494000,25.101000,-4.393000,i5 PULS
928,CSW24,13,14,29.477000,24.813000,-4.664000,i8 SUMP
928,CSW24,14,15,29.438000,24.779000,-4.659000,i5 LUMS
928,CSW24,15,20,28.896000,24.667000,-4.229000,7h PLU
928,CSW24,16,21,28.896000,24.603000,-4.293000,7h PUL
928,CSW24,17,7,31.392000,24.338000,-7.054000,i3 AMPULS
928,CSW24,18,41,25.730000,23.888000,-1.842000,h7 ZEP
928,CSW24,19,24,27.961000,23.868000,-4.093000,h3 AMPULE
928,CSW24,20,22,28.280000,23.849000,-4.431000,g8 CUZ
928,CSW24,21,35,26.436000,23.491000,-2.945000,9h LUZ
928,CSW24,22,17,29.103000,23.474000,-5.629000,9h LUMP
928,CSW24,23,39,26.011000,23.345000,-2.666000,i4 ZUPAS
928,CSW24,24,28,27.428000,23.336000,-4.092000,i6 UPS
928,CSW24,25,11,30.103000,23.063000,-7.040000,g8 CLUMP
1016,CSW24,1,1,62.221000,52.445000,-9.776000,n2 ENJOY
1016,CSW24,2,2,56.340000,47.654000,-8.686000,n6 JOE
1016,CSW24,3,3,49.547000,40.737000,-8.810000,n6 JO
1016,CSW24,4,4,48.752000,38.858000,-9.894000,m9 JAYGEE
1016,CSW24,5,5,45.221000,35.722000,-9.499000,15f ENJOY
1016,CSW24,6,7,40.221000,34.424000,-5.797000,a7 ENJOY
1016,CSW24,7,9,39.128000,33.144000,-5.984000,a8 GOOEY
1016,CSW24,8,12,37.184000,31.185000,-5.999000,a8 GOONY
1016,CSW24,9,6,42.141000,30.939000,-11.202000,n3 JOEY
1016,CSW24,10,8,39.349000,30.278000,-9.071000,9m JEE
1016,CSW24,11,13,36.437000,30.051000,-6.386000,a10 OOGENY
1016,CSW24,12,10,38.062000,28.648000,-9.414000,n4 JOY
1016,CSW24,13,11,37.857000,27.501000,-10.356000,l8 JETON
1016,CSW24,14,17,33.437000,27.015000,-6.422000,a8 GOONEY
1016,CSW24,15,14,34.547000,25.467000,-9.080000,9m JOE
1016,CSW24,16,20,30.383000,24.297000,-6.086000,a8 JEON
1016,CSW24,17,16,33.779000,23.992000,-9.787000,n4 GEY
1016,CSW24,18,18,32.764000,23.744000,-9.020000,n5 EYNE
1016,CSW24,19,15,34.128000,22.522000,-11.606000,n3 GOEY
1016,CSW24,20,19,31.597000,22.417000,-9.180000,n6 YGO
1016,CSW24,21,22,28.184000,21.827000,-6.357000,15a GYNO
1016,CSW24,22,29,24.779000,18.449000,-6.330000,a8 YGOE
1016,CSW24,23,23,27.582000,18.128000,-9.454000,k9 JOEY
1016,CSW24,24,21,28.349000,18.005000,-10.344000,j6 JEE
1016,CSW24,25,24,26.927000,17.416000,-9.511000,n5 OY
153,CSW24,1,2,77.933000,76.519000,-1.414000,o11 EXITS
153,CSW24,2,1,77.933000,76.507000,-1.426000,o11 EXIST
153,CSW24,3,3,72.797000,71.182000,-1.615000,o10 SEXIER
153,CSW24,4,4,71.045000,69.545000,-1.500000,o11 EXIES
153,CSW24,5,5,70.218000,68.771000,-1.447000,o11 EXERT
153,CSW24,6,6,67.778000,66.227000,-1.551000,o10 SEXIST
153,CSW24,7,7,62.032000,60.463000,-1.569000,o10 SEXERS
153,CSW24,8,8,61.948000,59.165000,-2.783000,2n XI
153,CSW24,9,10,61.667000,58.320000,-3.347000,12m SIX
153,CSW24,10,9,61.824000,58.177000,-3.647000,2m EX
153,CSW24,11,11,58.673000,55.291000,-3.382000,12m TIX
153,CSW24,12,12,55.012000,53.576000,-1.436000,o8 SIXER
153,CSW24,13,13,53.933000,52.703000,-1.230000,o7 SIXTE
153,CSW24,14,16,51.797000,50.605000,-1.192000,o7 SEXIER
153,CSW24,15,14,53.694000,50.401000,-3.293000,12m SEX
153,CSW24,16,17,50.935000,49.555000,-1.380000,o8 REXES
153,CSW24,17,18,50.935000,49.475000,-1.460000,o8 SEXER
153,CSW24,18,20,50.555000,49.215000,-1.340000,o8 EXSERT
153,CSW24,19,15,52.509000,49.109000,-3.400000,12m REX
153,CSW24,20,22,50.151000,48.780000,-1.371000,o8 TEXES
153,CSW24,21,23,50.045000,48.544000,-1.501000,o8 EXIES
153,CSW24,22,19,50.824000,48.176000,-2.648000,12n EX
153,CSW24,23,21,50.327000,46.999000,-3.328000,12m TEX
153,CSW24,24,24,49.667000,46.965000,-2.702000,15d SIX
153,CSW24,25,27,48.241000,46.261000,-1.980000,l11 OX
987,CSW24,1,1,45.574000,44.216000,-1.358000,2a ZEL
987,CSW24,2,3,44.694000,44.007000,-0.687000,9a CIZERS
987,CSW24,3,2,45.277000,43.702000,-1.575000,2a ZE
987,CSW24,4,4,43.277000,40.717000,-2.560000,b1 ZED
987,CSW24,5,5,41.277000,39.029000,-2.248000,4a ZE
987,CSW24,6,6,40.531000,38.523000,-2.008000,5e ELUVIAL
987,CSW24,7,7,39.644000,37.560000,-2.084000,2a CEL
987,CSW24,8,8,38.574000,36.889000,-1.685000,c9 ZEL
987,CSW24,9,9,36.685000,34.469000,-2.216000,d1 FLOC
987,CSW24,10,10,35.667000,33.787000,-1.880000,9b ICERS
987,CSW24,11,12,33.518000,31.009000,-2.509000,d1 FLOE
987,CSW24,12,11,33.644000,30.859000,-2.785000,j7 ALEC
987,CSW24,13,13,33.277000,30.459000,-2.818000,9k ZE
987,CSW24,14,14,32.644000,30.240000,-2.404000,c9 CEL
987,CSW24,15,17,32.576000,29.932000,-2.644000,9b ICER
987,CSW24,16,19,32.486000,29.814000,-2.672000,13c CREEL
987,CSW24,17,18,32.576000,29.796000,-2.780000,9h ICE
987,CSW24,18,20,31.902000,29.439000,-2.463000,9i LICE
987,CSW24,19,15,32.576000,29.160000,-3.416000,b1 CEDI
987,CSW24,20,16,32.576000,29.159000,-3.417000,b1 CIDE
987,CSW24,21,24,31.206000,29.033000,-2.173000,9i CLIES
987,CSW24,22,21,31.518000,28.812000,-2.706000,2b EL
987,CSW24,23,22,31.451000,28.700000,-2.751000,9b LIERS
987,CSW24,24,25,31.013000,28.427000,-2.586000,9a SIZER
987,CSW24,25,27,30.796000,28.305000,-2.491000,13b CIRL
140,CSW24,1,1,48.886000,40.143000,-8.743000,b10 FANUM
140,CSW24,2,2,45.408000,36.168000,-9.240000,b10 HUMAN
140,CSW24,3,4,37.140000,32.254000,-4.886000,7g FAH
140,CSW24,4,3,37.904000,28.175000,-9.729000,b10 MOHUA
140,CSW24,5,6,33.461000,27.263000,-6.198000,11h HOUF
140,CSW24,6,5,35.461000,27.201000,-8.260000,b10 HOUF
140,CSW24,7,9,30.649000,24.433000,-6.216000,11h HAUF
140,CSW24,8,7,32.649000,24.294000,-8.355000,b10 HAUF
140,CSW24,9,11,30.302000,23.856000,-6.446000,7g FANUM
140,CSW24,10,8,30.975000,23.121000,-7.854000,b10 FOU
140,CSW24,11,18,28.034000,22.920000,-5.114000,7g FAM
140,CSW24,12,10,30.528000,22.850000,-7.678000,b10 HUMF
140,CSW24,13,15,29.133000,22.791000,-6.342000,b9 OF
140,CSW24,14,12,29.549000,22.407000,-7.142000,b10 FUN
140,CSW24,15,16,28.886000,22.085000,-6.801000,11h FANUM
140,CSW24,16,19,27.903000,21.660000,-6.243000,7g HAAF
140,CSW24,17,14,29.229000,21.298000,-7.931000,b10 FOH
140,CSW24,18,13,29.447000,20.903000,-8.544000,b10 FAUN
140,CSW24,19,17,28.081000,20.813000,-7.268000,b10 FUM
140,CSW24,20,21,27.708000,20.807000,-6.901000,7g FANO
140,CSW24,21,32,25.445000,20.119000,-5.326000,7g HAM
140,CSW24,22,26,25.751000,19.374000,-6.377000,11h FOHN
140,CSW24,23,28,25.694000,19.226000,-6.468000,f2 FORUM
140,CSW24,24,20,27.751000,19.220000,-8.531000,b10 FOHN
140,CSW24,25,33,25.233000,19.194000,-6.039000,7g FAAN
894,CSW24,1,1,32.041000,22.289000,-9.752000,9g PUTS
894,CSW24,2,2,31.586000,21.243000,-10.343000,9g PUT
894,CSW24,3,4,28.420000,18.594000,-9.826000,k2 TIFT
894,CSW24,4,5,27.667000,17.903000,-9.764000,9g PATS
894,CSW24,5,3,28.469000,17.438000,-11.031000,2m FAT
894,CSW24,6,9,26.986000,16.623000,-10.363000,9g PAT
894,CSW24,7,7,27.325000,16.622000,-10.703000,2m FAP
894,CSW24,8,6,27.469000,16.484000,-10.985000,l1 FAcT
894,CSW24,9,8,27.222000,15.215000,-12.007000,n1 FUST
894,CSW24,10,10,26.586000,15.087000,-11.499000,2m PUT
894,CSW24,11,11,24.586000,13.252000,-11.334000,2m TUP
894,CSW24,12,13,22.335000,12.366000,-9.969000,k2 TIPT
894,CSW24,13,12,23.222000,12.241000,-10.981000,f1 FAUT
894,CSW24,14,16,21.469000,11.036000,-10.433000,5h FAUT
894,CSW24,15,17,21.469000,10.728000,-10.741000,5i TUFA
894,CSW24,16,18,20.137000,10.690000,-9.447000,8a FA
894,CSW24,17,14,21.986000,10.346000,-11.640000,2m PAT
894,CSW24,18,25,19.293000,9.686000,-9.607000,15b ZEP
894,CSW24,19,23,19.459000,9.295000,-10.164000,9g PA
894,CSW24,20,15,21.469000,9.146000,-12.323000,n1 FAST
894,CSW24,21,19,20.010000,9.054000,-10.956000,2m FA
894,CSW24,22,20,19.986000,8.794000,-11.192000,l1 PAcT
894,CSW24,23,27,18.511000,8.734000,-9.777000,k2 SIFT
894,CSW24,24,24,19.420000,8.694000,-10.726000,5i TUFT
894,CSW24,25,21,19.986000,8.497000,-11.489000,2m TAP
441,CSW24,1,1,72.205000,69.530000,-2.675000,14c LoLZ
441,CSW24,2,2,72.205000,69.526000,-2.679000,14c LuLZ
441,CSW24,3,3,60.084000,54.929000,-5.155000,8k AXILS
441,CSW24,4,5,53.891000,50.609000,-3.282000,13g ZINGeLS
441,CSW24,5,4,55.231000,49.894000,-5.337000,13g ZING
441,CSW24,6,6,53.231000,48.255000,-4.976000,h12 ZINE
441,CSW24,7,7,52.657000,47.531000,-5.126000,c2 LINUM
441,CSW24,8,10,51.672000,46.952000,-4.720000,c2 LINUMS
441,CSW24,9,9,51.835000,46.918000,-4.917000,13g ZINGS
441,CSW24,10,8,52.482000,46.844000,-5.638000,6j NURL
441,CSW24,11,11,50.482000,44.375000,-6.107000,11i LORN
441,CSW24,12,12,49.682000,44.276000,-5.406000,m5 INN
441,CSW24,13,16,48.796000,44.088000,-4.708000,8j LAXINg
441,CSW24,14,18,48.657000,43.636000,-5.021000,12b LIND
441,CSW24,15,14,49.482000,43.421000,-6.061000,11d NIL
441,CSW24,16,13,49.482000,43.342000,-6.140000,11d LIN
441,CSW24,17,17,48.775000,43.266000,-5.509000,h6 SAIN
441,CSW24,18,15,49.341000,43.077000,-6.264000,11d LINN
441,CSW24,19,20,48.573000,43.030000,-5.543000,6j NURLS
441,CSW24,20,19,48.657000,42.754000,-5.903000,13b LIND
441,CSW24,21,21,48.096000,42.499000,-5.597000,11d ZIN
441,CSW24,22,22,47.863000,42.476000,-5.387000,8j LAX
441,CSW24,23,23,47.682000,41.688000,-5.994000,13j GINN
441,CSW24,24,24,46.775000,41.685000,-5.090000,12i NUS
441,CSW24,25,28,46.130000,41.199000,-4.931000,8j ZAX
224,CSW24,1,1,80.000000,73.385000,-6.615000,12d REDSTREAK
224,CSW24,2,2,77.000000,70.768000,-6.232000,i3 DARKEST
224,CSW24,3,4,75.000000,65.786000,-9.214000,i8 STRAKED
224,CSW24,4,3,75.000000,65.575000,-9.425000,i8 STARKED
224,CSW24,5,6,66.000000,55.581000,-10.419000,7h STRAKED
224,CSW24,6,5,66.000000,55.362000,-10.638000,7h STARKED
224,CSW24,7,7,45.667000,39.169000,-6.498000,c11 DAK
224,CSW24,8,8,43.019000,36.598000,-6.421000,6a DETENT
224,CSW24,9,9,42.892000,35.818000,-7.074000,3a KAW
224,CSW24,10,11,40.980000,34.797000,-6.183000,f5 STREAK
224,CSW24,11,10,41.012000,34.256000,-6.756000,c11 DARK
224,CSW24,12,12,40.207000,33.726000,-6.481000,9c KHAT
224,CSW24,13,14,40.170000,33.629000,-6.541000,6c TEND
224,CSW24,14,13,40.207000,33.587000,-6.620000,c11 TAK
224,CSW24,15,15,39.967000,33.577000,-6.390000,f6 DREK
224,CSW24,16,17,39.390000,32.882000,-6.508000,f6 DEEK
224,CSW24,17,20,38.622000,32.759000,-5.863000,6b STEND
224,CSW24,18,16,39.892000,32.572000,-7.320000,11d ELK
224,CSW24,19,18,38.892000,31.896000,-6.996000,4e OK
224,CSW24,20,26,37.853000,31.747000,-6.106000,f5 STREEK
224,CSW24,21,19,38.892000,31.631000,-7.261000,10c KI
224,CSW24,22,22,38.347000,31.521000,-6.826000,f8 ERK
224,CSW24,23,21,38.565000,31.476000,-7.089000,12c DREK
224,CSW24,24,24,38.207000,31.009000,-7.198000,f7 TEAK
224,CSW24,25,25,38.170000,30.961000,-7.209000,3a DAW
36,CSW24,1,1,83.000000,75.107000,-7.893000,14i MODDERs
36,CSW24,2,3,80.000000,74.757000,-5.243000,12i DERMOiD
36,CSW24,3,2,82.000000,73.859000,-8.141000,14i DERMOiD
36,CSW24,4,4,77.000000,71.507000,-5.493000,12i MODDERs
36,CSW24,5,5,61.292000,53.895000,-7.397000,14i MODDER
36,CSW24,6,6,56.987000,52.111000,-4.876000,10f DO
36,CSW24,7,7,55.292000,50.572000,-4.720000,12i MODDER
36,CSW24,8,8,55.250000,50.310000,-4.940000,11e BOUNDED
36,CSW24,9,10,54.035000,49.527000,-4.508000,12i DORM
36,CSW24,10,12,53.229000,48.440000,-4.789000,12i DOMED
36,CSW24,11,9,54.283000,47.785000,-6.498000,14i MOD
36,CSW24,12,17,51.430000,47.541000,-3.889000,10f DOER
36,CSW24,13,14,51.915000,47.299000,-4.616000,f10 DONE
36,CSW24,14,11,53.283000,46.983000,-6.300000,14i DOM
36,CSW24,15,15,51.585000,46.860000,-4.725000,12i MODER
36,CSW24,16,16,51.451000,46.578000,-4.873000,11e BOUNDER
36,CSW24,17,18,51.283000,46.534000,-4.749000,e2 DORM
36,CSW24,18,23,50.253000,46.000000,-4.253000,f10 DONER
36,CSW24,19,21,50.915000,45.905000,-5.010000,11e BOUND
36,CSW24,20,22,50.283000,45.456000,-4.827000,12i MOD
36,CSW24,21,26,49.697000,45.078000,-4.619000,12i MODE
36,CSW24,22,19,51.109000,44.992000,-6.117000,14i DOD
36,CSW24,23,27,49.411000,44.910000,-4.501000,12i DERM
36,CSW24,24,39,48.895000,44.838000,-4.057000,10f DOE
36,CSW24,25,25,49.915000,44.821000,-5.094000,g7 ADD
1039,CSW24,1,1,23.045000,14.337000,-8.708000,f6 DRENT
1039,CSW24,2,2,23.045000,14.317000,-8.728000,f6 TREND
1039,CSW24,3,3,17.109000,9.564000,-7.545000,5b DIRT
1039,CSW24,4,4,13.598000,5.902000,-7.696000,5b RIND
1039,CSW24,5,6,12.981000,5.271000,-7.710000,5b RITT
1039,CSW24,6,7,12.598000,4.739000,-7.859000,f7 NERD
1039,CSW24,7,8,12.598000,4.705000,-7.893000,f7 REND
1039,CSW24,8,10,11.045000,4.579000,-6.466000,ex DNRT
1039,CSW24,9,5,13.506000,4.082000,-9.424000,f6 TRENDS
1039,CSW24,10,9,11.468000,4.063000,-7.405000,5b TIRR
1039,CSW24,11,19,10.439000,3.973000,-6.466000,ex DNRTT
1039,CSW24,12,20,9.797000,3.331000,-6.466000,ex DNRRT
1039,CSW24,13,11,10.981000,3.034000,-7.947000,f6 TRET
1039,CSW24,14,13,10.965000,2.956000,-8.009000,f7 TERN
1039,CSW24,15,12,10.965000,2.845000,-8.120000,f7 RENT
1039,CSW24,16,15,10.594000,2.764000,-7.830000,5b DINT
1039,CSW24,17,16,10.594000,2.762000,-7.832000,5b TIND
1039,CSW24,18,14,10.598000,2.700000,-7.898000,f7 DERN
1039,CSW24,19,22,9.110000,2.644000,-6.466000,ex DNRRTT
1039,CSW24,20,24,8.951000,2.485000,-6.466000,ex DRRT
1039,CSW24,21,25,8.926000,2.460000,-6.466000,ex DRRTT
1039,CSW24,22,17,10.471000,2.070000,-8.401000,5b DIRTS
1039,CSW24,23,26,8.447000,1.981000,-6.466000,ex NRTT
1039,CSW24,24,18,10.471000,1.862000,-8.609000,f6 DREST
1039,CSW24,25,29,8.074000,1.608000,-6.466000,ex NRRTT
737,CSW24,1,1,71.000000,61.462000,-9.538000,j2 ALINERS
737,CSW24,2,2,71.000000,61.395000,-9.605000,j2 NAILERS
737,CSW24,3,3,71.000000,61.115000,-9.885000,j2 RENAILS
737,CSW24,4,4,68.000000,57.206000,-10.794000,l6 RAINLESS
737,CSW24,5,7,66.000000,54.873000,-11.127000,k8 ALIENORS
737,CSW24,6,5,66.000000,54.812000,-11.188000,k8 AILERONS
737,CSW24,7,6,66.000000,54.807000,-11.193000,k8 ALERIONS
737,CSW24,8,8,65.000000,51.438000,-13.562000,9h PEARLINS
737,CSW24,9,9,46.067000,36.584000,-9.483000,12c ANGARY
737,CSW24,10,10,44.933000,34.180000,-10.753000,a11 VINAL
737,CSW24,11,12,41.519000,31.821000,-9.698000,12c ANGA
737,CSW24,12,11,42.300000,31.620000,-10.680000,12b NA
737,CSW24,13,13,41.071000,30.290000,-10.781000,a11 VIRAL
737,CSW24,14,15,39.316000,30.141000,-9.175000,12b SANG
737,CSW24,15,16,38.979000,30.024000,-8.955000,12b SANGA
737,CSW24,16,14,39.413000,28.669000,-10.744000,a11 VELAR
737,CSW24,17,17,38.462000,27.801000,-10.661000,a11 VILER
737,CSW24,18,18,38.322000,27.653000,-10.669000,a11 VINER
737,CSW24,19,19,38.151000,27.378000,-10.773000,a11 VENAL
737,CSW24,20,22,37.548000,26.944000,-10.604000,12n LA
737,CSW24,21,21,37.597000,26.674000,-10.923000,n12 LEX
737,CSW24,22,20,37.792000,26.213000,-11.579000,5e SALFERN
737,CSW24,23,24,36.225000,26.161000,-10.064000,9e WARP
737,CSW24,24,29,34.300000,26.077000,-8.223000,o14 ON
737,CSW24,25,23,36.731000,25.899000,-10.832000,n12 REX
46,CSW24,1,1,65.000000,48.740000,-16.260000,10a LAIPSING
46,CSW24,2,2,43.413000,32.782000,-10.631000,4d PLAIN
46,CSW24,3,8,36.413000,28.559000,-7.854000,1h PLAID
46,CSW24,4,9,35.462000,27.424000,-8.038000,1h LIPID
46,CSW24,5,6,38.284000,26.506000,-11.778000,9g IN
46,CSW24,6,3,39.555000,25.691000,-13.864000,4a PLAIN
46,CSW24,7,4,39.413000,25.596000,-13.817000,4a PIAL
46,CSW24,8,5,39.163000,25.197000,-13.966000,4a PIANI
46,CSW24,9,11,35.413000,24.346000,-11.067000,4b PALI
46,CSW24,10,10,35.413000,24.279000,-11.134000,4b PAIL
46,CSW24,11,12,35.106000,24.148000,-10.958000,4d PI
46,CSW24,12,19,32.441000,23.311000,-9.130000,m2 ISNA
46,CSW24,13,15,33.966000,23.251000,-10.715000,m3 SLAIN
46,CSW24,14,16,33.966000,23.188000,-10.778000,m3 SNAIL
46,CSW24,15,13,35.106000,23.121000,-11.985000,9f PIN
46,CSW24,16,7,36.704000,22.658000,-14.046000,4a PIAN
46,CSW24,17,14,34.104000,22.131000,-11.973000,9f LIN
46,CSW24,18,43,29.580000,21.850000,-7.730000,1g INLAID
46,CSW24,19,17,32.704000,21.396000,-11.308000,4b PAIN
46,CSW24,20,24,32.321000,21.315000,-11.006000,4d PIA
46,CSW24,21,26,32.263000,20.948000,-11.315000,m1 INS
46,CSW24,22,18,32.700000,20.251000,-12.449000,i8 NAIL
46,CSW24,23,31,30.723000,20.180000,-10.543000,6e PILA
46,CSW24,24,25,32.302000,20.148000,-12.154000,9g INN
46,CSW24,25,59,28.014000,20.107000,-7.907000,1h LIPIDS
765,CSW24,1,1,26.631000,21.591000,-5.040000,9c GETA
765,CSW24,2,3,24.159000,19.888000,-4.271000,m13 AME
765,CSW24,3,2,24.159000,19.877000,-4.282000,13l TAKE
765,CSW24,4,6,22.209000,18.144000,-4.065000,n4 DIZEN
765,CSW24,5,5,23.055000,17.377000,-5.678000,2l GIE
765,CSW24,6,4,23.249000,16.732000,-6.517000,2l GIED
765,CSW24,7,8,21.047000,16.556000,-4.491000,14f DE
765,CSW24,8,11,20.745000,16.544000,-4.201000,m13 AMI
765,CSW24,9,10,20.745000,16.492000,-4.253000,13l TAKI
765,CSW24,10,12,20.312000,15.329000,-4.983000,9d ETA
765,CSW24,11,13,20.312000,15.172000,-5.140000,14f TEA
765,CSW24,12,7,21.775000,15.004000,-6.771000,2l GITE
765,CSW24,13,17,18.089000,14.069000,-4.020000,13l TAK
765,CSW24,14,9,20.775000,13.822000,-6.953000,2l TIGE
765,CSW24,15,14,18.353000,13.695000,-4.658000,9i GEAL
765,CSW24,16,18,18.055000,12.362000,-5.693000,5e GIE
765,CSW24,17,15,18.249000,12.342000,-5.907000,7b GIED
765,CSW24,18,16,18.249000,12.063000,-6.186000,9b GIED
765,CSW24,19,32,16.057000,11.682000,-4.375000,9i GI
765,CSW24,20,20,17.407000,11.137000,-6.270000,9b AGED
765,CSW24,21,21,17.407000,11.119000,-6.288000,9b EGAD
765,CSW24,22,22,17.055000,11.107000,-5.948000,7b GIE
765,CSW24,23,19,17.407000,11.008000,-6.399000,7b AGED
765,CSW24,24,23,17.055000,10.980000,-6.075000,9b GIE
765,CSW24,25,31,16.057000,10.741000,-5.316000,2l GI
840,CSW24,1,2,31.092000,25.071000,-6.021000,f3 OLID
840,CSW24,2,1,31.092000,24.779000,-6.313000,f3 LOID
840,CSW24,3,3,30.284000,23.917000,-6.367000,f4 LID
840,CSW24,4,4,29.948000,23.406000,-6.542000,f5 ID
840,CSW24,5,7,27.935000,21.236000,-6.699000,i12 LUDO
840,CSW24,6,8,27.266000,20.805000,-6.461000,f4 TID
840,CSW24,7,9,27.042000,20.146000,-6.896000,2d UDO
840,CSW24,8,6,27.935000,19.948000,-7.987000,l1 COULD
840,CSW24,9,5,27.935000,19.831000,-8.104000,l1 CLOUD
840,CSW24,10,12,25.042000,18.407000,-6.635000,i13 UDO
840,CSW24,11,13,24.417000,17.530000,-6.887000,j8 MUD
840,CSW24,12,10,25.104000,17.417000,-7.687000,k8 STUDIO
840,CSW24,13,11,25.092000,17.300000,-7.792000,5i VIOLD
840,CSW24,14,14,24.196000,17.213000,-6.983000,i12 LUD
840,CSW24,15,19,23.032000,16.510000,-6.522000,k4 LUDOS
840,CSW24,16,22,22.676000,16.079000,-6.597000,2e DO
840,CSW24,17,15,24.074000,15.961000,-8.113000,l1 COUTIL
840,CSW24,18,16,23.935000,15.915000,-8.020000,12h ALOUD
840,CSW24,19,24,22.524000,15.902000,-6.622000,k4 DOUTS
840,CSW24,20,21,22.797000,15.809000,-6.988000,j8 MODULI
840,CSW24,21,18,23.284000,15.795000,-7.489000,5i VILD
840,CSW24,22,25,22.417000,15.785000,-6.632000,f1 PUD
840,CSW24,23,17,23.885000,15.757000,-8.128000,l1 CLOUT
840,CSW24,24,27,22.417000,15.523000,-6.894000,14f DUE
840,CSW24,25,36,21.457000,15.436000,-6.021000,f3 SUID
83,CSW24,1,1,44.500000,37.661000,-6.839000,o12 FOBS
83,CSW24,2,2,43.887000,36.876000,-7.011000,o12 FOID
83,CSW24,3,7,35.043000,27.873000,-7.170000,o12 BODS
83,CSW24,4,3,40.371000,27.047000,-13.324000,e5 TIDBITS
83,CSW24,5,4,39.887000,26.882000,-13.005000,14m DIF
83,CSW24,6,8,32.157000,24.854000,-7.303000,o12 BOTS
83,CSW24,7,9,32.043000,24.639000,-7.404000,o12 DOBS
83,CSW24,8,5,38.149000,21.986000,-16.163000,14h SEXFID
83,CSW24,9,6,37.191000,21.316000,-15.875000,14m DIB
83,CSW24,10,12,28.353000,21.024000,-7.329000,o12 SOFT
83,CSW24,11,14,27.391000,19.497000,-7.894000,o13 OFT
83,CSW24,12,21,25.043000,17.746000,-7.297000,o12 BOIS
83,CSW24,13,19,25.306000,17.617000,-7.689000,o12 DOIT
83,CSW24,14,10,30.412000,16.713000,-13.699000,j9 IF
83,CSW24,15,20,25.176000,16.278000,-8.898000,15i SITZ
83,CSW24,16,25,23.481000,15.730000,-7.751000,o12 DOST
83,CSW24,17,26,23.481000,15.730000,-7.751000,o12 DOTS
83,CSW24,18,11,28.823000,15.688000,-13.135000,10h DOF
83,CSW24,19,13,27.932000,14.904000,-13.028000,10h FOB
83,CSW24,20,18,25.932000,14.523000,-11.409000,o12 FOB
83,CSW24,21,15,27.306000,13.013000,-14.293000,14m TID
83,CSW24,22,37,20.481000,12.957000,-7.524000,o12 TODS
83,CSW24,23,16,25.987000,12.786000,-13.201000,10h DOB
83,CSW24,24,17,25.955000,12.751000,-13.204000,14m SIF
83,CSW24,25,30,22.353000,12.666000,-9.687000,15i SIFT
14,CSW24,1,1,43.303000,38.298000,-5.005000,h1 PEKIN
14,CSW24,2,2,40.331000,35.202000,-5.129000,9e POX
14,CSW24,3,3,38.462000,33.538000,-4.924000,h1 PEKINS
14,CSW24,4,4,36.282000,31.120000,-5.162000,10b PEKIN
14,CSW24,5,5,35.383000,30.201000,-5.182000,9e NOX
14,CSW24,6,6,34.020000,29.261000,-4.759000,g12 CEL
14,CSW24,7,7,33.417000,28.113000,-5.304000,11g CHAOS
14,CSW24,8,8,33.323000,27.758000,-5.565000,f2 KEPT
14,CSW24,9,11,32.730000,27.598000,-5.132000,8k ASPIC
14,CSW24,10,10,32.760000,27.360000,-5.400000,8k ACK
14,CSW24,11,14,32.119000,27.342000,-4.777000,10b PICKS
14,CSW24,12,9,33.067000,27.069000,-5.998000,l3 SICKEN
14,CSW24,13,15,32.010000,26.981000,-5.029000,4a KING
14,CSW24,14,17,31.777000,26.853000,-4.924000,15j ICK
14,CSW24,15,12,32.303000,26.722000,-5.581000,l4 KIPE
14,CSW24,16,20,31.462000,26.528000,-4.934000,10b KEPIS
14,CSW24,17,21,31.462000,26.512000,-4.950000,10b KIPES
14,CSW24,18,13,32.303000,26.481000,-5.822000,l4 PIKE
14,CSW24,19,23,31.413000,26.147000,-5.266000,10d PIN
14,CSW24,20,22,31.417000,26.075000,-5.342000,12g CURB
14,CSW24,21,24,31.383000,26.007000,-5.376000,f7 WOON
14,CSW24,22,28,31.010000,25.770000,-5.240000,10d KIN
14,CSW24,23,29,30.683000,25.728000,-4.955000,10b PECKS
14,CSW24,24,16,31.835000,25.668000,-6.167000,j6 PE
14,CSW24,25,27,31.010000,25.588000,-5.422000,f2 KNIT
293,CSW24,1,1,63.608000,56.850000,-6.758000,10j GIPPY
293,CSW24,2,2,62.569000,55.900000,-6.669000,10j HIPPY
293,CSW24,3,3,61.334000,54.892000,-6.442000,f10 GLYPH
293,CSW24,4,4,57.711000,50.321000,-7.390000,l11 HYP
293,CSW24,5,5,57.683000,50.290000,-7.393000,m3 GYPS
293,CSW24,6,6,56.676000,50.287000,-6.389000,13a PEGH
293,CSW24,7,8,54.799000,47.848000,-6.951000,f10 GLYPHS
293,CSW24,8,7,54.993000,47.573000,-7.420000,12g GYP
293,CSW24,9,12,53.867000,47.405000,-6.462000,13a PEG
293,CSW24,10,10,54.183000,47.087000,-7.096000,m3 HYPS
293,CSW24,11,11,53.867000,46.691000,-7.176000,10j PIG
293,CSW24,12,9,54.608000,46.323000,-8.285000,g10 GAPPY
293,CSW24,13,13,53.183000,45.947000,-7.236000,l11 HYPS
293,CSW24,14,15,52.683000,45.805000,-6.878000,10j GIPSY
293,CSW24,15,14,52.993000,45.425000,-7.568000,g10 GAPY
293,CSW24,16,16,52.054000,45.061000,-6.993000,f8 APPLY
293,CSW24,17,17,51.867000,44.641000,-7.226000,10j GIP
293,CSW24,18,19,50.821000,44.363000,-6.458000,13a PEGHS
293,CSW24,19,18,51.054000,43.805000,-7.249000,10j PIPY
293,CSW24,20,20,50.183000,43.729000,-6.454000,m6 SYPH
293,CSW24,21,22,49.867000,43.133000,-6.734000,8j PEG
293,CSW24,22,21,50.054000,41.845000,-8.209000,5k TYPP
293,CSW24,23,26,48.589000,41.793000,-6.796000,5i PHT
293,CSW24,24,25,48.676000,41.549000,-7.127000,8j PEGH
293,CSW24,25,27,48.464000,41.548000,-6.916000,10j SIPPY
865,CSW24,1,1,17.118000,11.012000,-6.106000,j10 WEAL
865,CSW24,2,2,16.826000,10.814000,-6.012000,g13 WAE
865,CSW24,3,3,11.392000,4.874000,-6.518000,j12 ALOW
865,CSW24,4,7,10.677000,3.947000,-6.730000,j12 ALAE
865,CSW24,5,6,10.677000,3.761000,-6.916000,j8 GALEA
865,CSW24,6,8,10.118000,3.566000,-6.552000,j12 WEAL
865,CSW24,7,9,10.076000,3.533000,-6.543000,j12 LOWE
865,CSW24,8,10,9.589000,2.853000,-6.736000,j12 ALOE
865,CSW24,9,11,9.105000,1.349000,-7.756000,j12 ALA
865,CSW24,10,4,11.080000,0.781000,-10.299000,7b AWA
865,CSW24,11,13,7.503000,0.676000,-6.827000,j12 WOE
865,CSW24,12,14,7.118000,0.531000,-6.587000,j12 ALEW
865,CSW24,13,5,11.080000,0.036000,-11.044000,9b AWA
865,CSW24,14,18,5.503000,-1.308000,-6.811000,j13 OWE
865,CSW24,15,20,4.902000,-1.829000,-6.731000,g13 LAW
865,CSW24,16,17,5.682000,-1.945000,-7.627000,j12 LOW
865,CSW24,17,21,4.527000,-2.258000,-6.785000,7i AA
865,CSW24,18,16,5.826000,-2.556000,-8.382000,j6 WAGE
865,CSW24,19,24,3.902000,-3.702000,-7.604000,12h MALWA
865,CSW24,20,23,4.076000,-3.969000,-8.045000,d8 BOWEL
865,CSW24,21,28,3.105000,-4.076000,-7.181000,7i AAL
865,CSW24,22,22,4.076000,-4.131000,-8.207000,d8 BELOW
865,CSW24,23,32,2.935000,-4.328000,-7.263000,j8 GAW
865,CSW24,24,26,3.677000,-4.472000,-8.149000,j6 ALGAE
865,CSW24,25,27,3.281000,-4.560000,-7.841000,11e OATEN
998,CSW24,1,4,25.836000,16.171000,-9.665000,6b BANTZ
998,CSW24,2,3,25.881000,15.808000,-10.073000,12k IDANT
998,CSW24,3,1,26.527000,15.441000,-11.086000,h10 BONITA
998,CSW24,4,6,24.997000,15.242000,-9.755000,12l TIND
998,CSW24,5,5,24.997000,15.210000,-9.787000,12l DINT
998,CSW24,6,2,26.193000,15.017000,-11.176000,n10 BENNI
998,CSW24,7,7,24.519000,14.682000,-9.837000,10f BANDS
998,CSW24,8,8,23.430000,13.489000,-9.941000,12l DANT
998,CSW24,9,10,21.836000,11.982000,-9.854000,10f BANTS
998,CSW24,10,9,22.756000,11.285000,-11.471000,n10 BETID
998,CSW24,11,12,20.674000,10.808000,-9.866000,12l DIN
998,CSW24,12,14,20.355000,10.390000,-9.965000,l10 BIND
998,CSW24,13,18,19.674000,9.994000,-9.680000,12l NID
998,CSW24,14,13,20.575000,9.746000,-10.829000,12d TABID
998,CSW24,15,17,20.078000,9.574000,-10.504000,12f BIND
998,CSW24,16,22,18.904000,9.288000,-9.616000,d1 BARN
998,CSW24,17,16,20.126000,9.125000,-11.001000,h10 DONNAT
998,CSW24,18,21,19.078000,9.063000,-10.015000,l10 BINDI
998,CSW24,19,24,18.660000,8.806000,-9.854000,10f BANNS
998,CSW24,20,15,20.161000,8.788000,-11.373000,m9 NIKAB
998,CSW24,21,25,18.555000,8.782000,-9.773000,12l DAN
998,CSW24,22,19,19.450000,8.661000,-10.789000,12f NIB
998,CSW24,23,20,19.355000,8.558000,-10.797000,n10 BEND
998,CSW24,24,27,17.865000,8.218000,-9.647000,12l NIT
998,CSW24,25,28,17.865000,7.890000,-9.975000,12l TIN
703,CSW24,1,1,42.449000,29.186000,-13.263000,f2 BANAK
703,CSW24,2,2,37.409000,24.041000,-13.368000,f3 BOAK
703,CSW24,3,3,36.227000,23.880000,-12.347000,f6 KAWA
703,CSW24,4,5,35.404000,22.894000,-12.510000,f6 NAWAB
703,CSW24,5,7,35.076000,22.831000,-12.245000,f8 WAWA
703,CSW24,6,6,35.076000,22.584000,-12.492000,f6 WAWA
703,CSW24,7,4,35.687000,22.488000,-13.199000,f4 WOK
703,CSW24,8,8,33.212000,20.797000,-12.415000,f8 WAW
703,CSW24,9,12,32.779000,20.308000,-12.471000,f8 WOW
703,CSW24,10,9,33.158000,19.870000,-13.288000,f4 KAW
703,CSW24,11,13,32.645000,19.830000,-12.815000,f6 KAW
703,CSW24,12,11,33.021000,19.727000,-13.294000,f4 BOK
703,CSW24,13,10,33.083000,19.333000,-13.750000,f3 ANOW
703,CSW24,14,14,32.212000,19.237000,-12.975000,f6 WAW
703,CSW24,15,16,31.744000,18.946000,-12.798000,f6 KOW
703,CSW24,16,15,31.779000,18.796000,-12.983000,f6 WOW
703,CSW24,17,17,31.566000,18.301000,-13.265000,f4 OAK
703,CSW24,18,18,31.500000,18.194000,-13.306000,f4 BAW
703,CSW24,19,19,31.279000,17.829000,-13.450000,f4 BOW
703,CSW24,20,20,31.137000,17.757000,-13.380000,f2 NAWAB
703,CSW24,21,21,30.764000,17.482000,-13.282000,f4 NAW
703,CSW24,22,22,30.687000,17.266000,-13.421000,f4 KOW
703,CSW24,23,23,30.552000,17.031000,-13.521000,f3 KNOW
703,CSW24,24,28,29.500000,16.958000,-12.542000,f10 WAB
703,CSW24,25,24,30.212000,16.954000,-13.258000,f5 AW
471,CSW24,1,1,32.956000,27.772000,-5.184000,l4 HETE
471,CSW24,2,2,30.103000,24.926000,-5.177000,l1 EATHE
471,CSW24,3,3,28.956000,24.074000,-4.882000,l3 THEE
471,CSW24,4,4,23.776000,19.442000,-4.334000,l4 HET
471,CSW24,5,5,23.362000,19.321000,-4.041000,4h TOUGHIE
471,CSW24,6,6,22.956000,18.535000,-4.421000,l2 ETHE
471,CSW24,7,7,22.702000,18.267000,-4.435000,l1 EATH
471,CSW24,8,8,21.812000,17.377000,-4.435000,l1 OATH
471,CSW24,9,9,20.926000,16.843000,-4.083000,l4 HE
471,CSW24,10,10,19.970000,15.824000,-4.146000,n10 HOE
471,CSW24,11,13,17.825000,14.039000,-3.786000,2b HOI
471,CSW24,12,11,18.556000,13.958000,-4.598000,n9 OHIA
471,CSW24,13,12,17.825000,13.898000,-3.927000,2a OH
471,CSW24,14,14,17.825000,13.590000,-4.235000,l3 OH
471,CSW24,15,15,17.776000,13.543000,-4.233000,l3 THE
471,CSW24,16,18,17.282000,13.392000,-3.890000,j9 HOTE
471,CSW24,17,20,16.926000,13.059000,-3.867000,2a EH
471,CSW24,18,16,17.702000,12.937000,-4.765000,b11 HAET
471,CSW24,19,19,16.970000,12.738000,-4.232000,8k HOE
471,CSW24,20,21,16.926000,12.723000,-4.203000,l3 EH
471,CSW24,21,17,17.702000,12.501000,-5.201000,b11 HEAT
471,CSW24,22,23,16.222000,12.389000,-3.833000,2a OE
471,CSW24,23,22,16.403000,12.388000,-4.015000,n10 HIE
471,CSW24,24,25,16.185000,12.247000,-3.938000,g12 AI
471,CSW24,25,26,15.827000,11.654000,-4.173000,n10 HAE
682,CSW24,1,1,42.338000,35.643000,-6.695000,9c JOR
682,CSW24,2,3,35.771000,29.661000,-6.110000,10g POOJA
682,CSW24,3,2,37.506000,27.990000,-9.516000,h1 CREPON
682,CSW24,4,4,35.657000,27.778000,-7.879000,13i POLJE
682,CSW24,5,7,32.380000,25.471000,-6.909000,9c CERO
682,CSW24,6,5,33.522000,25.068000,-8.454000,11e PROJECT
682,CSW24,7,8,30.263000,23.373000,-6.890000,9c COR
682,CSW24,8,6,33.506000,22.195000,-11.311000,9a COPER
682,CSW24,9,11,27.966000,21.731000,-6.235000,l12 ROOP
682,CSW24,10,10,28.225000,21.000000,-7.225000,9c JO
682,CSW24,11,15,26.681000,20.925000,-5.756000,10j JA
682,CSW24,12,9,28.966000,20.048000,-8.918000,9b POOR
682,CSW24,13,13,27.225000,19.746000,-7.479000,5g JO
682,CSW24,14,20,24.776000,19.388000,-5.388000,10j JAP
682,CSW24,15,21,24.507000,18.922000,-5.585000,10j JAPER
682,CSW24,16,16,26.042000,18.892000,-7.150000,9c PER
682,CSW24,17,23,24.154000,18.622000,-5.532000,10j JAPE
682,CSW24,18,14,27.109000,17.916000,-9.193000,g3 JOCO
682,CSW24,19,19,25.225000,17.657000,-7.568000,13i JOL
682,CSW24,20,25,23.213000,17.087000,-6.126000,12h COPER
682,CSW24,21,22,24.167000,16.575000,-7.592000,9e ROE
682,CSW24,22,18,25.541000,16.330000,-9.211000,7b JOOK
682,CSW24,23,29,22.437000,15.806000,-6.631000,12g COOPER
682,CSW24,24,32,21.154000,15.557000,-5.597000,12i JEEP
682,CSW24,25,31,22.042000,15.549000,-6.493000,j6 CREEP
570,CSW24,1,1,84.000000,72.848000,-11.152000,n4 SOVRaNLY
570,CSW24,2,2,79.000000,68.141000,-10.859000,n3 SLOVeNRY
570,CSW24,3,3,53.746000,45.400000,-8.346000,n9 VLY
570,CSW24,4,4,50.746000,42.746000,-8.000000,c5 VLY
570,CSW24,5,7,44.598000,36.150000,-8.448000,k4 LUNY
570,CSW24,6,5,48.439000,35.993000,-12.446000,n1 LeNVOY
570,CSW24,7,8,44.422000,35.780000,-8.642000,8j ENVY
570,CSW24,8,9,44.229000,35.731000,-8.498000,4f SYLVAN
570,CSW24,9,10,43.439000,34.906000,-8.533000,8j EVeNLY
570,CSW24,10,6,46.163000,33.978000,-12.185000,n1 ReNVOY
570,CSW24,11,12,42.379000,33.871000,-8.508000,l4 VLY
570,CSW24,12,11,42.595000,33.729000,-8.866000,8j ENVoYS
570,CSW24,13,15,41.946000,33.605000,-8.341000,4i VAN
570,CSW24,14,13,42.163000,33.376000,-8.787000,14j NeRVY
570,CSW24,15,17,41.295000,33.082000,-8.213000,n4 VOR
570,CSW24,16,16,41.560000,32.521000,-9.039000,n10 NY
570,CSW24,17,18,40.911000,32.486000,-8.425000,n4 VOL
570,CSW24,18,14,42.018000,32.467000,-9.551000,n2 eNVOY
570,CSW24,19,21,40.587000,32.128000,-8.459000,k4 RULY
570,CSW24,20,20,40.868000,32.095000,-8.773000,n9 NYS
570,CSW24,21,22,40.049000,31.987000,-8.062000,6d SPRY
570,CSW24,22,23,39.868000,31.606000,-8.262000,10g SYN
570,CSW24,23,24,39.317000,31.126000,-8.191000,f7 NOES
570,CSW24,24,25,39.244000,30.807000,-8.437000,4f SYLVA
570,CSW24,25,29,38.835000,30.747000,-8.088000,6g SYVER
493,CSW24,1,1,23.032000,15.004000,-8.028000,h3 KNEW
493,CSW24,2,2,18.315000,10.249000,-8.066000,h3 SKEW
493,CSW24,3,3,16.315000,9.970000,-6.345000,11d EWKS
493,CSW24,4,4,15.494000,7.504000,-7.990000,h4 NEW
493,CSW24,5,5,14.879000,6.703000,-8.176000,ex VWW
493,CSW24,6,6,14.071000,5.895000,-8.176000,ex KVWW
493,CSW24,7,11,10.787000,5.783000,-5.004000,h6 WETS
493,CSW24,8,7,12.979000,4.803000,-8.176000,ex NVWW
493,CSW24,9,10,11.688000,4.237000,-7.451000,h6 WET
493,CSW24,10,8,12.247000,4.071000,-8.176000,ex VW
493,CSW24,11,9,12.191000,4.015000,-8.176000,ex KNVWW
493,CSW24,12,18,9.345000,2.971000,-6.374000,11d WENS
493,CSW24,13,26,8.315000,2.408000,-5.907000,i5 EWKS
493,CSW24,14,13,10.163000,2.348000,-7.815000,10d VEST
493,CSW24,15,12,10.688000,2.031000,-8.657000,h5 EW
493,CSW24,16,14,10.139000,1.963000,-8.176000,ex KVW
493,CSW24,17,15,9.949000,1.773000,-8.176000,ex NVW
493,CSW24,18,19,9.284000,1.403000,-7.881000,6f JOW
493,CSW24,19,17,9.345000,1.011000,-8.334000,11d NEWS
493,CSW24,20,20,9.110000,0.934000,-8.176000,ex EKNVWW
493,CSW24,21,21,9.021000,0.845000,-8.176000,ex ENVWW
493,CSW24,22,23,8.926000,0.750000,-8.176000,ex EKVWW
493,CSW24,23,24,8.858000,0.682000,-8.176000,ex EVWW
493,CSW24,24,25,8.761000,0.585000,-8.176000,ex KNVW
493,CSW24,25,16,9.375000,0.377000,-8.998000,h10 EWW
918,CSW24,1,1,16.649000,15.241000,-1.408000,d7 ULAN
918,CSW24,2,2,10.983000,9.023000,-1.960000,5a LUNT
918,CSW24,3,4,10.157000,8.729000,-1.428000,d9 ANTI
918,CSW24,4,5,9.763000,8.344000,-1.419000,d7 TUAN
918,CSW24,5,3,10.398000,8.100000,-2.298000,l10 ANNUL
918,CSW24,6,6,9.078000,6.683000,-2.395000,7c NULLA
918,CSW24,7,7,8.983000,6.581000,-2.402000,7a BLUNT
918,CSW24,8,8,7.157000,5.595000,-1.562000,d8 TAN
918,CSW24,9,9,7.142000,5.140000,-2.002000,h4 PULLI
918,CSW24,10,12,6.653000,5.111000,-1.542000,d8 NAN
918,CSW24,11,13,6.649000,4.825000,-1.824000,b5 ULAN
918,CSW24,12,10,6.983000,4.525000,-2.458000,g1 LUNET
918,CSW24,13,11,6.983000,4.124000,-2.859000,g1 UNLET
918,CSW24,14,15,6.236000,4.060000,-2.176000,e2 LION
918,CSW24,15,18,6.064000,3.982000,-2.082000,6j JAUNT
918,CSW24,16,14,6.398000,3.978000,-2.420000,7c ANNUAL
918,CSW24,17,16,6.214000,3.537000,-2.677000,g1 LUNE
918,CSW24,18,17,6.159000,3.535000,-2.624000,13g ELUANT
918,CSW24,19,21,4.569000,2.472000,-2.097000,5a LANT
918,CSW24,20,19,5.214000,2.325000,-2.889000,7d LUNA
918,CSW24,21,20,5.214000,2.319000,-2.895000,7d ULNA
918,CSW24,22,22,3.649000,1.417000,-2.232000,d6 LUNA
918,CSW24,23,23,3.649000,1.401000,-2.248000,d6 ULNA
918,CSW24,24,28,2.763000,1.395000,-1.368000,14f ARNUT
918,CSW24,25,26,3.127000,0.948000,-2.179000,e1 UNION
282,CSW24,1,1,33.640000,26.398000,-7.242000,m1 GIP
282,CSW24,2,2,31.320000,24.817000,-6.503000,k9 MOG
282,CSW24,3,5,30.548000,23.891000,-6.657000,c2 RIG
282,CSW24,4,4,31.004000,23.519000,-7.485000,m1 POM
282,CSW24,5,3,31.004000,23.401000,-7.603000,m1 MOP
282,CSW24,6,6,29.700000,22.847000,-6.853000,13f PROG
282,CSW24,7,8,29.320000,22.805000,-6.515000,h4 GNOME
282,CSW24,8,9,29.004000,22.567000,-6.437000,k9 MOP
282,CSW24,9,10,29.004000,22.529000,-6.475000,k9 POM
282,CSW24,10,7,29.681000,22.283000,-7.398000,m1 IMP
282,CSW24,11,11,28.980000,22.155000,-6.825000,c2 RIGOR
282,CSW24,12,12,28.938000,22.127000,-6.811000,13f PRIG
282,CSW24,13,15,28.681000,22.109000,-6.572000,3f IMP
282,CSW24,14,13,28.840000,22.093000,-6.747000,13f MIG
282,CSW24,15,16,28.640000,21.893000,-6.747000,13f PIG
282,CSW24,16,14,28.780000,21.740000,-7.040000,11h GIMPS
282,CSW24,17,17,28.320000,21.533000,-6.787000,13f MOG
282,CSW24,18,20,27.368000,20.678000,-6.690000,c2 RIM
282,CSW24,19,18,27.510000,20.637000,-6.873000,13f PIROG
282,CSW24,20,19,27.401000,20.180000,-7.221000,10j PIROG
282,CSW24,21,23,26.840000,20.130000,-6.710000,c4 MIG
282,CSW24,22,21,27.005000,20.116000,-6.889000,k9 ROMP
282,CSW24,23,25,26.640000,20.070000,-6.570000,10f PRIG
282,CSW24,24,22,27.005000,19.967000,-7.038000,13f PROM
282,CSW24,25,24,26.840000,19.823000,-7.017000,10k GRIM
318,CSW24,1,1,23.402000,17.850000,-5.552000,b3 NAUTILI
318,CSW24,2,2,21.249000,15.675000,-5.574000,5i TULIp
318,CSW24,3,3,18.575000,12.917000,-5.658000,b5 UTA
318,CSW24,4,4,17.810000,12.339000,-5.471000,k4 TUI
318,CSW24,5,5,17.673000,11.839000,-5.834000,b5 UT
318,CSW24,6,6,16.888000,11.223000,-5.665000,b5 UTE
318,CSW24,7,10,14.575000,9.181000,-5.394000,k4 TAU
318,CSW24,8,11,14.241000,8.714000,-5.527000,5k TIp
318,CSW24,9,8,14.810000,8.435000,-6.375000,n8 ETUI
318,CSW24,10,14,13.125000,7.467000,-5.658000,b5 ITA
318,CSW24,11,12,13.512000,7.196000,-6.316000,d8 DILUTE
318,CSW24,12,13,13.444000,7.154000,-6.290000,i4 AITU
318,CSW24,13,7,15.888000,6.914000,-8.974000,10a UTE
318,CSW24,14,15,12.407000,6.860000,-5.547000,c3 CLAUT
318,CSW24,15,16,12.241000,6.364000,-5.877000,n1 TI
318,CSW24,16,20,11.561000,6.088000,-5.473000,k4 TUT
318,CSW24,17,9,14.673000,5.533000,-9.140000,10a UT
318,CSW24,18,18,11.673000,5.499000,-6.174000,7j UT
318,CSW24,19,22,11.241000,5.487000,-5.754000,b6 TI
318,CSW24,20,19,11.673000,5.450000,-6.223000,i9 GOUT
318,CSW24,21,21,11.241000,5.414000,-5.827000,b5 IT
318,CSW24,22,17,11.673000,5.401000,-6.272000,2h UTU
318,CSW24,23,23,10.847000,5.176000,-5.671000,b5 ULE
318,CSW24,24,24,10.673000,4.429000,-6.244000,1a ATUA
318,CSW24,25,25,10.673000,4.329000,-6.344000,5a GUT
927,CSW24,1,1,72.229000,68.111000,-4.118000,15g REJON
927,CSW24,2,2,66.300000,62.833000,-3.467000,h1 JURE
927,CSW24,3,4,60.976000,58.294000,-2.682000,h1 JUN
927,CSW24,4,3,61.480000,56.621000,-4.859000,15h JEON
927,CSW24,5,5,58.340000,53.465000,-4.875000,5i REJON
927,CSW24,6,7,55.847000,50.994000,-4.853000,c12 ROJI
927,CSW24,7,6,56.241000,50.853000,-5.388000,12c JOG
927,CSW24,8,8,53.536000,49.142000,-4.394000,c5 RAJ
927,CSW24,9,10,52.300000,47.703000,-4.597000,13c JEER
927,CSW24,10,9,52.300000,47.636000,-4.664000,5i JEER
927,CSW24,11,12,51.779000,47.104000,-4.675000,5i JEON
927,CSW24,12,11,51.847000,46.625000,-5.222000,7a JOR
927,CSW24,13,13,51.592000,46.505000,-5.087000,15h JOE
927,CSW24,14,15,50.847000,46.478000,-4.369000,15i JOR
927,CSW24,15,14,51.480000,45.731000,-5.749000,3c JEON
927,CSW24,16,16,48.869000,44.560000,-4.309000,15g REJOiN
927,CSW24,17,17,48.241000,43.433000,-4.808000,3c JO
927,CSW24,18,18,47.146000,42.649000,-4.497000,5e NOR
927,CSW24,19,19,46.536000,42.438000,-4.098000,c5 JAR
927,CSW24,20,29,44.146000,42.134000,-2.012000,h1 OURN
927,CSW24,21,22,46.241000,41.840000,-4.401000,b13 JOE
927,CSW24,22,23,46.241000,41.811000,-4.430000,13c JOE
927,CSW24,23,20,46.241000,41.629000,-4.612000,d4 JOR
927,CSW24,24,21,46.241000,41.613000,-4.628000,5c JO
927,CSW24,25,26,45.146000,41.450000,-3.696000,15l RONT
306,CSW24,1,1,68.000000,67.037000,-0.963000,7a CINDERS
306,CSW24,2,3,66.000000,67.013000,1.013000,9b NERDICS
306,CSW24,3,2,68.000000,66.838000,-1.162000,7a NERDICS
306,CSW24,4,4,65.000000,66.308000,1.308000,9b RESCIND
306,CSW24,5,5,64.000000,65.338000,1.338000,9b CINDERS
306,CSW24,6,6,64.000000,65.071000,1.071000,9b DISCERN
306,CSW24,7,7,44.044000,44.378000,0.334000,15l DINS
306,CSW24,8,8,42.044000,42.273000,0.229000,15l NIDS
306,CSW24,9,9,39.156000,38.974000,-0.182000,15l DI
306,CSW24,10,11,37.484000,37.713000,0.229000,15l RIDS
306,CSW24,11,10,37.996000,37.029000,-0.967000,4g DA
306,CSW24,12,12,36.156000,35.678000,-0.478000,15m IDS
306,CSW24,13,14,34.793000,34.925000,0.132000,15l RINS
306,CSW24,14,15,34.590000,34.005000,-0.585000,15m INS
306,CSW24,15,13,34.996000,33.850000,-1.146000,13n DI
306,CSW24,16,18,33.685000,33.474000,-0.211000,j1 DE
306,CSW24,17,17,33.996000,32.731000,-1.265000,l14 ED
306,CSW24,18,16,34.025000,32.701000,-1.324000,1h SOC
306,CSW24,19,25,31.891000,32.283000,0.392000,12d DESCRIBED
306,CSW24,20,19,33.197000,32.186000,-1.011000,2g RAX
306,CSW24,21,22,32.882000,31.727000,-1.155000,4g NA
306,CSW24,22,20,32.996000,31.634000,-1.362000,1g DSO
306,CSW24,23,21,32.996000,31.522000,-1.474000,1h SOD
306,CSW24,24,27,30.892000,31.226000,0.334000,15l DISS
306,CSW24,25,28,30.528000,30.862000,0.334000,15l DIES
645,CSW24,1,1,52.006000,44.580000,-7.426000,a7 JEUX
645,CSW24,2,2,44.103000,36.072000,-8.031000,a7 JULEP
645,CSW24,3,3,43.101000,35.029000,-8.072000,a7 JULIET
645,CSW24,4,4,38.054000,29.898000,-8.156000,a7 JUPE
645,CSW24,5,5,37.119000,28.884000,-8.235000,a7 JUT
645,CSW24,6,6,37.017000,28.166000,-8.851000,12l XI
645,CSW24,7,7,33.621000,25.313000,-8.308000,a7 JUTE
645,CSW24,8,8,33.535000,25.276000,-8.259000,a7 JILT
645,CSW24,9,9,31.976000,23.702000,-8.274000,d4 TUNEUP
645,CSW24,10,10,31.426000,22.539000,-8.887000,12k EX
645,CSW24,11,11,30.562000,21.880000,-8.682000,8b LEX
645,CSW24,12,13,28.567000,20.332000,-8.235000,a7 JEU
645,CSW24,13,12,29.133000,20.185000,-8.948000,8b LETUP
645,CSW24,14,14,27.966000,18.317000,-9.649000,10e EXULT
645,CSW24,15,15,25.718000,17.456000,-8.262000,a7 JET
645,CSW24,16,19,24.628000,15.996000,-8.632000,8c EXUL
645,CSW24,17,18,24.743000,15.431000,-9.312000,l11 EXUL
645,CSW24,18,20,24.286000,15.391000,-8.895000,8b LEPT
645,CSW24,19,17,24.936000,15.384000,-9.552000,10e IXTLE
645,CSW24,20,21,23.985000,15.359000,-8.626000,8b LEP
645,CSW24,21,22,23.433000,14.725000,-8.708000,8b LEU
645,CSW24,22,16,25.583000,13.895000,-11.688000,l11 EXULT
645,CSW24,23,23,22.743000,12.933000,-9.810000,12g LUX
645,CSW24,24,29,21.447000,12.787000,-8.660000,g1 PIU
645,CSW24,25,30,21.434000,12.754000,-8.680000,8c EXIT
41,CSW24,1,4,35.115000,30.400000,-4.715000,a6 FECK
41,CSW24,2,1,38.164000,29.343000,-8.821000,n6 DECK
41,CSW24,3,3,35.253000,27.270000,-7.983000,n5 TSK
41,CSW24,4,2,36.420000,26.264000,-10.156000,2l TOCK
41,CSW24,5,7,30.873000,26.094000,-4.779000,a6 FECKS
41,CSW24,6,6,33.749000,24.103000,-9.646000,n5 TSKED
41,CSW24,7,5,33.892000,23.789000,-10.103000,2l DOCK
41,CSW24,8,9,30.790000,22.565000,-8.225000,1m JET
41,CSW24,9,8,30.854000,21.918000,-8.936000,n6 DECKS
41,CSW24,10,12,27.148000,21.795000,-5.353000,a6 FETT
41,CSW24,11,11,28.686000,20.834000,-7.852000,e3 KETE
41,CSW24,12,10,29.004000,20.020000,-8.984000,e6 EDUCT
41,CSW24,13,27,23.431000,18.121000,-5.310000,a6 FETTS
41,CSW24,14,19,26.077000,17.945000,-8.132000,e6 EDUCTS
41,CSW24,15,23,25.651000,17.829000,-7.822000,e3 DEKE
41,CSW24,16,21,25.938000,17.787000,-8.151000,e3 TETE
41,CSW24,17,15,26.420000,17.645000,-8.775000,b5 TICK
41,CSW24,18,17,26.413000,17.550000,-8.863000,2l TOD
41,CSW24,19,16,26.413000,17.495000,-8.918000,2l DOT
41,CSW24,20,22,25.844000,17.055000,-8.789000,n6 DE
41,CSW24,21,13,26.797000,17.021000,-9.776000,b5 TICKED
41,CSW24,22,20,26.010000,16.221000,-9.789000,n6 SKET
41,CSW24,23,18,26.208000,15.884000,-10.324000,2k STOCK
41,CSW24,24,30,23.254000,15.376000,-7.878000,e3 CETE
41,CSW24,25,25,23.938000,15.105000,-8.833000,2l TOT
313,CSW24,1,1,66.000000,57.205000,-8.795000,f7 WIDEOUTS
313,CSW24,2,4,63.000000,53.841000,-9.159000,h4 OUTWEEDS
313,CSW24,3,3,63.000000,53.096000,-9.904000,h3 OUTWEEDS
313,CSW24,4,2,65.000000,51.811000,-13.189000,g7 UNSTOWED
313,CSW24,5,6,45.095000,37.003000,-8.092000,e5 TESTUDO
313,CSW24,6,5,45.095000,36.610000,-8.485000,e5 DUETTOS
313,CSW24,7,7,39.161000,32.431000,-6.730000,6d WUD
313,CSW24,8,9,37.726000,30.762000,-6.964000,b10 OW
313,CSW24,9,8,37.760000,30.434000,-7.326000,6d DOW
313,CSW24,10,10,36.092000,28.348000,-7.744000,b10 OWED
313,CSW24,11,12,34.101000,26.790000,-7.311000,6d TOW
313,CSW24,12,11,35.388000,26.602000,-8.786000,e5 DUETTO
313,CSW24,13,18,33.282000,26.596000,-6.686000,d6 WEX
313,CSW24,14,14,33.767000,26.281000,-7.486000,e5 DUETT
313,CSW24,15,15,33.726000,26.119000,-7.607000,6d WO
313,CSW24,16,17,33.284000,26.103000,-7.181000,6d DEW
313,CSW24,17,16,33.561000,25.913000,-7.648000,6d DOWT
313,CSW24,18,19,32.625000,25.633000,-6.992000,e5 DUET
313,CSW24,19,26,32.166000,25.544000,-6.622000,b10 OWE
313,CSW24,20,24,32.404000,25.323000,-7.081000,e5 WOST
313,CSW24,21,34,30.760000,25.168000,-5.592000,7f DOW
313,CSW24,22,35,30.760000,24.971000,-5.789000,9f DOW
313,CSW24,23,33,30.864000,24.774000,-6.090000,9c DOE
313,CSW24,24,32,30.904000,24.692000,-6.212000,9c DO
313,CSW24,25,36,30.726000,24.579000,-6.147000,10a JOW
298,CSW24,1,1,26.563000,19.706000,-6.857000,e8 WIFIE
298,CSW24,2,2,25.462000,19.506000,-5.956000,e8 WIFE
298,CSW24,3,7,22.462000,18.311000,-4.151000,9f FIE
298,CSW24,4,8,21.598000,17.987000,-3.611000,7f DEIF
298,CSW24,5,3,24.598000,17.972000,-6.626000,e8 WIFED
298,CSW24,6,4,22.631000,17.808000,-4.823000,9c LIEF
298,CSW24,7,6,22.462000,17.389000,-5.073000,9c FIE
298,CSW24,8,5,22.462000,17.329000,-5.133000,7c FIE
298,CSW24,9,9,19.792000,12.831000,-6.961000,d4 FILETED
298,CSW24,10,14,17.917000,12.813000,-5.104000,7b FLIED
298,CSW24,11,10,18.917000,12.560000,-6.357000,9f FIELD
298,CSW24,12,11,18.631000,12.553000,-6.078000,d4 FILET
298,CSW24,13,15,17.917000,12.111000,-5.806000,9b FLIED
298,CSW24,14,12,18.030000,11.819000,-6.211000,e8 WEID
298,CSW24,15,26,15.030000,11.744000,-3.286000,7f DEI
298,CSW24,16,13,18.030000,11.670000,-6.360000,e8 WIDE
298,CSW24,17,16,16.721000,10.749000,-5.972000,e8 WEIL
298,CSW24,18,18,16.721000,10.710000,-6.011000,e8 WILE
298,CSW24,19,17,16.721000,10.651000,-6.070000,e8 WIEL
298,CSW24,20,28,15.030000,10.629000,-4.401000,9f DIE
298,CSW24,21,41,13.721000,10.310000,-3.411000,7f LEI
298,CSW24,22,24,15.497000,9.854000,-5.643000,e8 WILI
298,CSW24,23,38,14.156000,9.800000,-4.356000,7c LIED
298,CSW24,24,27,15.030000,9.729000,-5.301000,9c DIE
298,CSW24,25,19,16.156000,9.709000,-6.447000,e7 DWILE
395,CSW24,1,1,40.609000,33.309000,-7.300000,8l PAIR
395,CSW24,2,3,39.043000,31.729000,-7.314000,8l PIAN
395,CSW24,3,2,39.043000,31.692000,-7.351000,8l PAIN
395,CSW24,4,4,33.014000,22.897000,-10.117000,n9 SPIRIC
395,CSW24,5,5,30.944000,22.094000,-8.850000,h1 PIING
395,CSW24,6,6,29.971000,21.244000,-8.727000,h1 ICING
395,CSW24,7,8,28.683000,21.046000,-7.637000,l3 PATRICO
395,CSW24,8,12,27.622000,20.249000,-7.373000,l8 PORCINI
395,CSW24,9,9,28.043000,18.954000,-9.089000,h1 APING
395,CSW24,10,13,27.435000,18.481000,-8.954000,h1 ACING
395,CSW24,11,16,26.831000,18.038000,-8.793000,h1 CRAIG
395,CSW24,12,10,28.043000,17.483000,-10.560000,7a PINA
395,CSW24,13,11,27.891000,17.383000,-10.508000,l1 PIRATIC
395,CSW24,14,7,29.877000,16.853000,-13.024000,n8 ASPIRIN
395,CSW24,15,18,25.584000,16.759000,-8.825000,8l PI
395,CSW24,16,22,24.258000,16.392000,-7.866000,l7 PIONIC
395,CSW24,17,14,27.386000,16.117000,-11.269000,n9 SPINAR
395,CSW24,18,15,27.386000,15.647000,-11.739000,n9 SPRAIN
395,CSW24,19,17,25.852000,15.036000,-10.816000,7a PIR
395,CSW24,20,19,25.462000,14.048000,-11.414000,4j DIAPIR
395,CSW24,21,24,22.852000,13.988000,-8.864000,10j RIP
395,CSW24,22,29,21.824000,13.980000,-7.844000,8l PIA
395,CSW24,23,21,24.584000,13.448000,-11.136000,7a PI
395,CSW24,24,31,21.386000,13.166000,-8.220000,l8 PORINA
395,CSW24,25,23,23.924000,13.150000,-10.774000,7a PIN
294,CSW24,1,2,28.818000,19.518000,-9.300000,a1 VAE
294,CSW24,2,1,28.917000,19.099000,-9.818000,11a OAVES
294,CSW24,3,3,27.320000,17.291000,-10.029000,3a ARVO
294,CSW24,4,6,26.500000,17.175000,-9.325000,a1 VIE
294,CSW24,5,5,26.530000,16.785000,-9.745000,c1 VOE
294,CSW24,6,4,26.555000,16.664000,-9.891000,2e EVOvAE
294,CSW24,7,7,25.103000,15.285000,-9.818000,11a EAVES
294,CSW24,8,8,24.818000,15.063000,-9.755000,c1 VAE
294,CSW24,9,9,24.766000,14.972000,-9.794000,3b REO
294,CSW24,10,10,24.766000,14.917000,-9.849000,3b ROE
294,CSW24,11,11,24.282000,14.784000,-9.498000,11b VOES
294,CSW24,12,12,23.773000,14.458000,-9.315000,a1 VEE
294,CSW24,13,13,23.519000,14.194000,-9.325000,a1 VIA
294,CSW24,14,15,22.766000,13.165000,-9.601000,i3 EGO
294,CSW24,15,16,22.500000,12.737000,-9.763000,c1 VIE
294,CSW24,16,18,22.080000,12.557000,-9.523000,11b VIES
294,CSW24,17,17,22.282000,12.399000,-9.883000,j1 EVOS
294,CSW24,18,21,21.702000,12.192000,-9.510000,11b VAES
294,CSW24,19,20,21.702000,11.867000,-9.835000,11b AVES
294,CSW24,20,14,22.766000,11.686000,-11.080000,n1 OE
294,CSW24,21,19,21.809000,11.494000,-10.315000,3a ARIE
294,CSW24,22,25,20.689000,11.068000,-9.621000,i3 AGO
294,CSW24,23,23,20.766000,11.055000,-9.711000,c2 OE
294,CSW24,24,22,21.105000,10.995000,-10.110000,11a VIAE
294,CSW24,25,27,19.956000,10.466000,-9.490000,11b VEES
416,CSW24,1,1,30.981000,19.979000,-11.002000,d1 BITO
416,CSW24,2,2,29.561000,18.305000,-11.256000,d1 OBIA
416,CSW24,3,3,25.503000,17.208000,-8.295000,d2 BIO
416,CSW24,4,4,24.529000,15.301000,-9.228000,h1 TIBIAS
416,CSW24,5,5,23.086000,13.756000,-9.330000,h1 BIOTAS
416,CSW24,6,10,20.034000,12.322000,-7.712000,a13 YOB
416,CSW24,7,9,20.073000,11.954000,-8.119000,d4 OBI
416,CSW24,8,6,23.056000,11.855000,-11.201000,d1 IOTA
416,CSW24,9,8,21.547000,11.502000,-10.045000,4i ABIOTIC
416,CSW24,10,13,19.034000,11.323000,-7.711000,a13 BOY
416,CSW24,11,7,22.241000,11.231000,-11.010000,d1 BOTA
416,CSW24,12,14,18.503000,10.759000,-7.744000,a13 BIO
416,CSW24,13,15,18.503000,10.759000,-7.744000,a13 BOI
416,CSW24,14,12,19.093000,10.691000,-8.402000,d3 IO
416,CSW24,15,11,19.373000,9.468000,-9.905000,4j BIOTIC
416,CSW24,16,16,17.682000,9.207000,-8.475000,d2 ITA
416,CSW24,17,18,17.262000,9.015000,-8.247000,d3 YO
416,CSW24,18,20,17.080000,8.771000,-8.309000,d2 BOA
416,CSW24,19,23,16.948000,8.754000,-8.194000,d3 TABI
416,CSW24,20,19,17.080000,8.750000,-8.330000,d2 BAO
416,CSW24,21,21,17.080000,8.736000,-8.344000,d2 OBA
416,CSW24,22,25,16.094000,8.383000,-7.711000,a13 BAY
416,CSW24,23,17,17.561000,8.298000,-9.263000,l8 BOOAI
416,CSW24,24,26,15.494000,7.203000,-8.291000,d3 YA
416,CSW24,25,24,16.317000,7.036000,-9.281000,l8 BOOAY
423,CSW24,1,1,27.301000,20.754000,-6.547000,k5 LOR
423,CSW24,2,2,25.617000,18.939000,-6.678000,k5 DOR
423,CSW24,3,3,24.877000,18.254000,-6.623000,k5 ROT
423,CSW24,4,4,24.877000,18.147000,-6.730000,k5 TOR
423,CSW24,5,5,22.288000,15.713000,-6.575000,k5 DOL
423,CSW24,6,6,21.506000,14.634000,-6.872000,2j OLDER
423,CSW24,7,7,20.613000,13.941000,-6.672000,k5 LOT
423,CSW24,8,9,18.398000,12.103000,-6.295000,k2 DERRO
423,CSW24,9,8,18.398000,11.429000,-6.969000,2j ORDER
423,CSW24,10,10,18.197000,11.204000,-6.993000,k6 OR
423,CSW24,11,12,17.228000,10.868000,-6.360000,k2 RETRO
423,CSW24,12,11,17.506000,10.804000,-6.702000,f6 ROULADE
423,CSW24,13,13,16.774000,9.995000,-6.779000,7i GURL
423,CSW24,14,14,16.617000,9.849000,-6.768000,f6 DOURA
423,CSW24,15,15,16.617000,9.537000,-7.080000,f12 ORD
423,CSW24,16,16,15.877000,9.024000,-6.853000,2j ORT
423,CSW24,17,17,15.617000,8.753000,-6.864000,2j ORD
423,CSW24,18,20,14.969000,8.562000,-6.407000,5a GOR
423,CSW24,19,19,15.301000,8.551000,-6.750000,f13 LOR
423,CSW24,20,21,14.969000,8.484000,-6.485000,7i GUR
423,CSW24,21,23,14.822000,8.344000,-6.478000,k5 DOT
423,CSW24,22,26,14.220000,8.272000,-5.948000,5e EORL
423,CSW24,23,24,14.497000,7.986000,-6.511000,k3 DERO
423,CSW24,24,25,14.497000,7.929000,-6.568000,k3 REDO
423,CSW24,25,22,14.877000,7.879000,-6.998000,f12 ORT
51,CSW24,1,1,89.000000,86.725000,-2.275000,15b sANDBaR
51,CSW24,2,3,89.000000,86.722000,-2.278000,15b saNDBAR
51,CSW24,3,2,89.000000,86.707000,-2.293000,15b sANDBuR
51,CSW24,4,4,66.778000,62.149000,-4.629000,a13 HOB
51,CSW24,5,5,65.728000,60.745000,-4.983000,a13 HON
51,CSW24,6,6,63.920000,59.122000,-4.798000,a13 HOD
51,CSW24,7,7,62.895000,55.851000,-7.044000,h11 BURAN
51,CSW24,8,8,61.173000,55.468000,-5.705000,11k BAN
51,CSW24,9,9,60.735000,55.203000,-5.532000,11k BAD
51,CSW24,10,10,60.698000,55.014000,-5.684000,11k BAR
51,CSW24,11,11,60.454000,54.156000,-6.298000,i5 NOD
51,CSW24,12,14,59.675000,54.045000,-5.630000,n2 uNVISITED
51,CSW24,13,12,60.145000,53.969000,-6.176000,i4 BROD
51,CSW24,14,13,59.895000,53.241000,-6.654000,i3 BARON
51,CSW24,15,15,58.735000,53.078000,-5.657000,11k DAB
51,CSW24,16,16,58.230000,52.000000,-6.230000,i5 ROD
51,CSW24,17,17,58.005000,51.952000,-6.053000,i5 BOD
51,CSW24,18,39,55.396000,51.676000,-3.720000,15a As
51,CSW24,19,19,57.553000,51.500000,-6.053000,11k DAN
51,CSW24,20,18,57.728000,51.295000,-6.433000,7f POON
51,CSW24,21,31,56.305000,51.274000,-5.031000,a13 HOA
51,CSW24,22,21,57.173000,51.087000,-6.086000,11k NAB
51,CSW24,23,20,57.454000,50.942000,-6.512000,i5 DON
51,CSW24,24,28,56.658000,50.854000,-5.804000,11j AB
51,CSW24,25,29,56.658000,50.807000,-5.851000,11k BA
792,CSW24,1,1,30.629000,22.363000,-8.266000,13e LOWND
792,CSW24,2,2,27.799000,19.946000,-7.853000,a11 LOWND
792,CSW24,3,4,26.855000,18.978000,-7.877000,a11 NOHOW
792,CSW24,4,3,27.482000,18.851000,-8.631000,b6 WHOOT
792,CSW24,5,6,25.504000,17.630000,-7.874000,a11 WOOLD
792,CSW24,6,7,25.504000,17.280000,-8.224000,13e DOWL
792,CSW24,7,8,25.161000,16.874000,-8.287000,13e HOWL
792,CSW24,8,11,24.208000,15.957000,-8.251000,13e DOWN
792,CSW24,9,10,24.649000,15.717000,-8.932000,11i HOWDY
792,CSW24,10,9,24.649000,15.678000,-8.971000,l4 HOWDY
792,CSW24,11,15,23.591000,15.368000,-8.223000,13e LOWT
792,CSW24,12,13,23.966000,15.240000,-8.726000,11h TOWNLY
792,CSW24,13,12,23.966000,15.053000,-8.913000,l3 TOWNLY
792,CSW24,14,17,23.118000,14.948000,-8.170000,13e NOWL
792,CSW24,15,16,23.118000,14.871000,-8.247000,13e LOWN
792,CSW24,16,20,22.417000,14.214000,-8.203000,13e NOWT
792,CSW24,17,21,22.417000,14.200000,-8.217000,13e TOWN
792,CSW24,18,5,25.527000,14.186000,-11.341000,d1 THOWL
792,CSW24,19,22,22.240000,14.146000,-8.094000,6e CH
792,CSW24,20,19,22.504000,13.848000,-8.656000,11i DOWLY
792,CSW24,21,24,21.886000,13.653000,-8.233000,13e DOWT
792,CSW24,22,18,22.504000,13.644000,-8.860000,l4 DOWLY
792,CSW24,23,23,22.225000,13.550000,-8.675000,j6 WEALTH
792,CSW24,24,25,21.260000,12.815000,-8.445000,j6 WEALD
792,CSW24,25,14,23.629000,12.529000,-11.100000,d1 LOWND
1185,CSW24,1,1,25.222000,11.807000,-13.415000,f10 FOU
1185,CSW24,2,2,24.989000,11.578000,-13.411000,f10 FOUET
1185,CSW24,3,4,19.042000,9.152000,-9.890000,15g FOY
1185,CSW24,4,3,20.770000,7.405000,-13.365000,f10 FEU
1185,CSW24,5,7,17.222000,6.851000,-10.371000,15g FOU
1185,CSW24,6,8,16.770000,5.994000,-10.776000,h12 FUSE
1185,CSW24,7,5,18.150000,4.749000,-13.401000,c7 FAUVE
1185,CSW24,8,6,18.074000,4.686000,-13.388000,f10 FOE
1185,CSW24,9,11,12.858000,4.621000,-8.237000,a12 YEBO
1185,CSW24,10,14,10.979000,2.650000,-8.329000,15a YE
1185,CSW24,11,9,14.641000,1.182000,-13.459000,c7 FAV
1185,CSW24,12,10,14.367000,1.004000,-13.363000,c7 FAVE
1185,CSW24,13,17,10.074000,-0.216000,-10.290000,15g FOE
1185,CSW24,14,12,11.487000,-2.346000,-13.833000,10d VIVO
1185,CSW24,15,13,11.222000,-2.418000,-13.640000,13f UFO
1185,CSW24,16,16,10.074000,-3.270000,-13.344000,3f FOE
1185,CSW24,17,18,9.989000,-3.313000,-13.302000,3i FUERO
1185,CSW24,18,15,10.222000,-3.577000,-13.799000,13g FOU
1185,CSW24,19,20,9.481000,-4.384000,-13.865000,f10 FE
1185,CSW24,20,19,9.640000,-4.530000,-14.170000,10d VIVE
1185,CSW24,21,21,9.042000,-4.590000,-13.632000,13g FOY
1185,CSW24,22,23,7.222000,-6.101000,-13.323000,4f UFO
1185,CSW24,23,22,7.488000,-6.172000,-13.660000,3h EVO
1185,CSW24,24,29,4.516000,-6.977000,-11.493000,h11 YOUSE
1185,CSW24,25,24,6.855000,-7.069000,-13.924000,3j FURY
753,CSW24,1,1,34.871000,25.046000,-9.825000,n2 ROTCHE
753,CSW24,2,2,32.967000,24.168000,-8.799000,3j OCHE
753,CSW24,3,3,28.967000,19.833000,-9.134000,g13 HOE
753,CSW24,4,12,25.507000,19.510000,-5.997000,o1 HERYE
753,CSW24,5,4,28.624000,19.228000,-9.396000,d1 HUER
753,CSW24,6,6,27.388000,17.390000,-9.998000,g10 ODE
753,CSW24,7,5,27.388000,17.268000,-10.120000,g8 FEOD
753,CSW24,8,7,26.967000,17.120000,-9.847000,3f HOE
753,CSW24,9,10,26.314000,16.455000,-9.859000,g11 DOO
753,CSW24,10,8,26.388000,16.448000,-9.940000,3g OE
753,CSW24,11,9,26.314000,16.182000,-10.132000,g8 FOOD
753,CSW24,12,13,25.468000,16.038000,-9.430000,g11 DOH
753,CSW24,13,11,26.012000,15.980000,-10.032000,n2 ROTCH
753,CSW24,14,14,25.468000,15.862000,-9.606000,i11 SOH
753,CSW24,15,52,21.624000,15.597000,-6.027000,o1 HERY
753,CSW24,16,16,25.388000,15.439000,-9.949000,i7 EVO
753,CSW24,17,15,25.388000,15.310000,-10.078000,7g OE
753,CSW24,18,17,24.967000,15.117000,-9.850000,b4 HOE
753,CSW24,19,60,21.104000,14.936000,-6.168000,o1 CORY
753,CSW24,20,19,24.778000,14.674000,-10.104000,9c COHOE
753,CSW24,21,23,24.324000,14.376000,-9.948000,n2 RETCH
753,CSW24,22,24,23.992000,14.365000,-9.627000,12d OOH
753,CSW24,23,21,24.388000,14.324000,-10.064000,b6 OE
753,CSW24,24,22,24.354000,14.204000,-10.150000,2j OO
753,CSW24,25,18,24.778000,14.072000,-10.706000,7c COHOE
100,CSW24,1,2,42.051000,39.550000,-2.501000,12d SMOTE
100,CSW24,2,1,42.323000,39.368000,-2.955000,12e BO
100,CSW24,3,3,41.568000,38.930000,-2.638000,12b BASTO
100,CSW24,4,4,40.920000,38.781000,-2.139000,12d STOB
100,CSW24,5,5,40.627000,37.913000,-2.714000,12d STOMA
100,CSW24,6,8,39.967000,36.205000,-3.762000,12e MOB
100,CSW24,7,7,40.012000,36.194000,-3.818000,12e BOMA
100,CSW24,8,9,38.051000,35.432000,-2.619000,12b MESTO
100,CSW24,9,11,37.451000,34.268000,-3.183000,12e MO
100,CSW24,10,6,40.568000,33.939000,-6.629000,12a BOAST
100,CSW24,11,13,37.006000,33.142000,-3.864000,12e BOT
100,CSW24,12,14,36.651000,32.977000,-3.674000,12e MOBE
100,CSW24,13,15,36.451000,32.710000,-3.741000,12e BOA
100,CSW24,14,18,36.168000,32.566000,-3.602000,12e BOTA
100,CSW24,15,17,36.168000,32.410000,-3.758000,12e BOAT
100,CSW24,16,19,35.197000,31.654000,-3.543000,12e TOMB
100,CSW24,17,21,35.193000,31.606000,-3.587000,12e BOTE
100,CSW24,18,20,35.193000,31.525000,-3.668000,12e BOET
100,CSW24,19,10,38.046000,31.416000,-6.630000,12a BEAST
100,CSW24,20,16,36.323000,31.356000,-4.967000,10i OB
100,CSW24,21,25,33.719000,30.772000,-2.947000,12d STOAE
100,CSW24,22,12,37.249000,30.686000,-6.563000,12a MOBS
100,CSW24,23,28,33.222000,30.114000,-3.108000,12d STOA
100,CSW24,24,27,33.323000,30.039000,-3.284000,7h BO
100,CSW24,25,23,34.323000,29.815000,-4.508000,12f OB
122,CSW24,1,1,92.090000,88.727000,-3.363000,14j JIB
122,CSW24,2,2,82.558000,79.219000,-3.339000,14j JAB
122,CSW24,3,3,81.090000,77.687000,-3.403000,n2 JIB
122,CSW24,4,4,73.011000,69.423000,-3.588000,14j JA
122,CSW24,5,5,71.558000,68.128000,-3.430000,n2 JAB
122,CSW24,6,6,71.179000,66.336000,-4.843000,n10 BAIJIU
122,CSW24,7,10,59.948000,56.762000,-3.186000,14j JIbB
122,CSW24,8,9,59.948000,56.748000,-3.200000,14j JIBs
122,CSW24,9,8,59.948000,56.741000,-3.207000,14j JIBb
122,CSW24,10,7,60.790000,56.335000,-4.455000,10d BAJRI
122,CSW24,11,13,59.090000,55.771000,-3.319000,l12 JIBE
122,CSW24,12,14,59.011000,55.605000,-3.406000,n2 JA
122,CSW24,13,12,59.090000,55.296000,-3.794000,11d JIBE
122,CSW24,14,11,59.386000,54.166000,-5.220000,n10 JABIrU
122,CSW24,15,15,57.362000,53.917000,-3.445000,f13 AJI
122,CSW24,16,16,56.126000,52.213000,-3.913000,2j JICAmA
122,CSW24,17,17,54.850000,51.315000,-3.535000,14h KoJI
122,CSW24,18,18,54.090000,50.576000,-3.514000,o12 JIBS
122,CSW24,19,19,52.235000,48.040000,-4.195000,3m JIN
122,CSW24,20,20,51.142000,47.927000,-3.215000,14j JABs
122,CSW24,21,21,51.142000,47.836000,-3.306000,14j JAmB
122,CSW24,22,25,50.850000,47.707000,-3.143000,14j JIz
122,CSW24,23,22,50.985000,47.663000,-3.322000,14j JIAo
122,CSW24,24,23,50.850000,47.554000,-3.296000,14j JIb
122,CSW24,25,24,50.850000,47.543000,-3.307000,14j JIn
281,CSW24,1,1,82.000000,71.438000,-10.562000,11d TRISTATE
281,CSW24,2,3,82.000000,71.309000,-10.691000,11e TARTIEST
281,CSW24,3,2,82.000000,71.290000,-10.710000,11e RATTIEST
281,CSW24,4,4,70.000000,59.278000,-10.722000,13b ARIETTES
281,CSW24,5,7,70.000000,59.274000,-10.726000,13c TEARIEST
281,CSW24,6,6,70.000000,59.242000,-10.758000,13b TREATIES
281,CSW24,7,5,70.000000,59.103000,-10.897000,13b ITERATES
281,CSW24,8,10,70.000000,57.808000,-12.192000,14b ARTSIEST
281,CSW24,9,15,66.000000,54.930000,-11.070000,11c ATTRITES
281,CSW24,10,16,66.000000,54.886000,-11.114000,11c TITRATES
281,CSW24,11,14,66.000000,54.714000,-11.286000,11b TRISTATE
281,CSW24,12,9,70.000000,54.679000,-15.321000,14a STRIATES
281,CSW24,13,11,68.000000,53.715000,-14.285000,13a TREATISE
281,CSW24,14,8,70.000000,53.684000,-16.316000,14a ARTISTES
281,CSW24,15,12,66.000000,51.858000,-14.142000,11a RATTIEST
281,CSW24,16,21,62.000000,51.812000,-10.188000,10c TEARIEST
281,CSW24,17,13,66.000000,51.791000,-14.209000,11a TARTIEST
281,CSW24,18,20,62.000000,51.402000,-10.598000,10b TREATIES
281,CSW24,19,19,62.000000,51.382000,-10.618000,10b ITERATES
281,CSW24,20,18,62.000000,51.369000,-10.631000,10b ARIETTES
281,CSW24,21,23,62.000000,50.754000,-11.246000,14e ARTSIEST
281,CSW24,22,22,62.000000,50.440000,-11.560000,14d ARTISTES
281,CSW24,23,17,62.000000,48.579000,-13.421000,10a TREATISE
281,CSW24,24,24,49.850000,39.238000,-10.612000,12k TAXI
281,CSW24,25,25,46.850000,37.202000,-9.648000,4g QAT
882,CSW24,1,1,73.371000,66.685000,-6.686000,15l MIRY
882,CSW24,2,2,67.371000,60.437000,-6.934000,15l RIMY
882,CSW24,3,3,62.663000,55.819000,-6.844000,15m IVY
882,CSW24,4,4,47.194000,40.059000,-7.135000,15n MY
882,CSW24,5,5,24.244000,16.958000,-7.286000,o10 TWIRPY
882,CSW24,6,6,13.663000,5.611000,-8.052000,11j TIVY
882,CSW24,7,7,13.194000,5.497000,-7.697000,m6 MY
882,CSW24,8,8,7.397000,-0.087000,-7.484000,i6 MIDI
882,CSW24,9,11,6.730000,-0.612000,-7.342000,5h VINER
882,CSW24,10,12,6.730000,-0.992000,-7.722000,6g RIVEL
882,CSW24,11,10,6.749000,-1.098000,-7.847000,12l MIRI
882,CSW24,12,13,6.694000,-1.336000,-8.030000,13l YIRR
882,CSW24,13,9,6.749000,-1.339000,-8.088000,11j TRIM
882,CSW24,14,14,4.822000,-3.271000,-8.093000,12j rIMY
882,CSW24,15,15,3.050000,-4.781000,-7.831000,12h CIrRI
882,CSW24,16,18,2.504000,-5.497000,-8.001000,14m RIP
882,CSW24,17,17,2.678000,-5.522000,-8.200000,14m YIP
882,CSW24,18,16,2.828000,-5.587000,-8.415000,14m IMP
882,CSW24,19,19,1.749000,-5.824000,-7.573000,5h MINER
882,CSW24,20,22,1.590000,-5.992000,-7.582000,m1 VALI
882,CSW24,21,21,1.749000,-6.001000,-7.750000,15j EMIR
882,CSW24,22,20,1.749000,-6.317000,-8.066000,10b RIMu
882,CSW24,23,23,1.079000,-6.382000,-7.461000,ex IRVY
882,CSW24,24,24,0.988000,-6.388000,-7.376000,15j EYRIR
882,CSW24,25,25,0.869000,-6.592000,-7.461000,ex IIMRVY
232,CSW24,1,3,84.000000,73.736000,-10.264000,5d ZAmINDARy
232,CSW24,2,2,84.000000,73.599000,-10.401000,5d ZAmINDARs
232,CSW24,3,1,84.000000,73.440000,-10.560000,5d ZAmINDARi
232,CSW24,4,4,84.000000,73.430000,-10.570000,5d ZAmiNDARI
232,CSW24,5,5,77.000000,68.667000,-8.333000,h1 RIdDANcE
232,CSW24,6,7,77.000000,67.353000,-9.647000,h1 hARDlINE
232,CSW24,7,6,77.000000,67.010000,-9.990000,h1 fReDAINE
232,CSW24,8,8,77.000000,66.908000,-10.092000,h1 pINDAReE
232,CSW24,9,11,76.000000,66.738000,-9.262000,3c sWARDINg
232,CSW24,10,9,76.000000,66.579000,-9.421000,3c AWaRDINg
232,CSW24,11,10,76.000000,66.579000,-9.421000,3c aWARDINg
232,CSW24,12,26,74.000000,65.881000,-8.119000,h1 ReINvADE
232,CSW24,13,20,74.000000,65.269000,-8.731000,h1 DeRAcINE
232,CSW24,14,24,74.000000,65.235000,-8.765000,h1 RaDIANcE
232,CSW24,15,22,74.000000,65.224000,-8.776000,h1 RADIaNcE
232,CSW24,16,34,74.000000,65.172000,-8.828000,h8 ENDbRAIn
232,CSW24,17,35,74.000000,65.158000,-8.842000,h8 EnDbRAIN
232,CSW24,18,12,75.000000,65.025000,-9.975000,11e DIsADoRN
232,CSW24,19,33,74.000000,64.933000,-9.067000,3b INWARDly
232,CSW24,20,13,74.000000,64.815000,-9.185000,h1 AcRIDiNE
232,CSW24,21,27,74.000000,64.339000,-9.661000,h1 bRANDIsE
232,CSW24,22,29,74.000000,64.249000,-9.751000,h1 mIDRANgE
232,CSW24,23,17,74.000000,64.031000,-9.969000,h1 DRAIsiNE
232,CSW24,24,32,74.000000,63.962000,-10.038000,h1 oRgANDIE
232,CSW24,25,15,74.000000,63.891000,-10.109000,h1 DRAINagE
858,CSW24,1,1,23.465000,22.643000,-0.822000,12h VINIC
858,CSW24,2,2,22.609000,21.890000,-0.719000,12k REIKI
858,CSW24,3,3,19.979000,19.070000,-0.909000,8a AMICI
858,CSW24,4,4,18.555000,17.290000,-1.265000,c6 ICER
858,CSW24,5,5,17.700000,17.121000,-0.579000,c6 ICE
858,CSW24,6,7,16.707000,16.575000,-0.132000,12l ICK
858,CSW24,7,6,17.465000,15.956000,-1.509000,6b DINIC
858,CSW24,8,8,16.555000,15.152000,-1.403000,c5 CIRE
858,CSW24,9,10,15.450000,14.680000,-0.770000,13j IRENIC
858,CSW24,10,13,14.547000,14.405000,-0.142000,o1 IN
858,CSW24,11,9,15.518000,14.376000,-1.142000,10a TI
858,CSW24,12,12,14.555000,13.778000,-0.777000,12j ERICK
858,CSW24,13,15,14.177000,13.598000,-0.579000,c11 LIRI
858,CSW24,14,14,14.518000,13.168000,-1.350000,12n KI
858,CSW24,15,11,14.555000,13.058000,-1.497000,c6 ERIC
858,CSW24,16,16,14.157000,12.804000,-1.353000,c5 CINE
858,CSW24,17,22,12.617000,12.615000,-0.002000,12k RICK
858,CSW24,18,18,13.518000,12.251000,-1.267000,15h BI
858,CSW24,19,17,13.917000,12.204000,-1.713000,13a ONIRIC
858,CSW24,20,27,12.202000,12.133000,-0.069000,12k REIK
858,CSW24,21,29,12.122000,12.113000,-0.009000,12k NICK
858,CSW24,22,23,12.555000,11.735000,-0.820000,l8 CITER
858,CSW24,23,21,13.043000,11.693000,-1.350000,3a NEINEI
858,CSW24,24,19,13.465000,11.599000,-1.866000,e11 VINIC
858,CSW24,25,20,13.386000,11.516000,-1.870000,c9 INLIER
476,CSW24,1,1,46.723000,39.873000,-6.850000,j11 GRIZ
476,CSW24,2,2,44.998000,38.743000,-6.255000,f2 ZAG
476,CSW24,3,3,42.662000,37.361000,-5.301000,f2 ZAGS
476,CSW24,4,4,39.044000,32.896000,-6.148000,j12 MIZ
476,CSW24,5,7,35.196000,28.948000,-6.248000,j12 RIZ
476,CSW24,6,6,35.662000,28.844000,-6.818000,k10 ZAGS
476,CSW24,7,8,35.075000,28.467000,-6.608000,6h MAK
476,CSW24,8,5,35.947000,28.452000,-7.495000,k9 MARKS
476,CSW24,9,9,34.875000,28.302000,-6.573000,6h GAK
476,CSW24,10,13,33.947000,27.131000,-6.816000,j3 MARKS
476,CSW24,11,12,34.079000,26.498000,-7.581000,k9 MARGS
476,CSW24,12,14,33.576000,26.424000,-7.152000,12j MARK
476,CSW24,13,15,33.075000,26.416000,-6.659000,6h KAM
476,CSW24,14,10,34.079000,26.372000,-7.707000,k9 GARMS
476,CSW24,15,20,32.226000,26.267000,-5.959000,f2 MASK
476,CSW24,16,16,32.721000,26.111000,-6.610000,j4 GAKS
476,CSW24,17,18,32.518000,26.107000,-6.411000,j12 ZIG
476,CSW24,18,11,34.079000,26.106000,-7.973000,k9 GRAMS
476,CSW24,19,17,32.721000,25.477000,-7.244000,k10 GAKS
476,CSW24,20,19,32.398000,25.039000,-7.359000,12j MARG
476,CSW24,21,23,32.075000,24.923000,-7.152000,12j KAM
476,CSW24,22,22,32.226000,24.707000,-7.519000,k11 MASK
476,CSW24,23,32,30.844000,24.699000,-6.145000,j12 RIZA
476,CSW24,24,21,32.226000,24.596000,-7.630000,k10 MAKS
476,CSW24,25,24,31.716000,24.575000,-7.141000,j11 GRIM
200,CSW24,1,1,32.797000,28.060000,-4.737000,3b NAIRU
200,CSW24,2,2,32.535000,27.630000,-4.905000,3d UR
200,CSW24,3,3,31.890000,26.882000,-5.008000,g9 VAU
200,CSW24,4,4,31.535000,26.545000,-4.990000,l1 RUTIN
200,CSW24,5,6,30.699000,26.049000,-4.650000,f3 UMU
200,CSW24,6,11,29.636000,25.505000,-4.131000,6f TAU
200,CSW24,7,10,29.699000,25.481000,-4.218000,6j UR
200,CSW24,8,9,29.884000,25.011000,-4.873000,g9 VAR
200,CSW24,9,7,30.636000,24.788000,-5.848000,g9 VATU
200,CSW24,10,8,30.636000,24.762000,-5.874000,g9 VAUT
200,CSW24,11,5,31.151000,24.729000,-6.422000,g9 VAUNT
200,CSW24,12,13,29.374000,24.705000,-4.669000,9k RUN
200,CSW24,13,17,27.636000,24.013000,-3.623000,j5 AUTO
200,CSW24,14,12,29.374000,23.734000,-5.640000,2m NU
200,CSW24,15,21,27.101000,23.347000,-3.754000,6f NA
200,CSW24,16,18,27.415000,22.916000,-4.499000,3c NUR
200,CSW24,17,15,28.101000,22.907000,-5.194000,g9 VAN
200,CSW24,18,16,27.699000,22.704000,-4.995000,d3 UT
200,CSW24,19,20,27.374000,22.641000,-4.733000,6g NU
200,CSW24,20,14,28.513000,22.524000,-5.989000,g9 VAIN
200,CSW24,21,27,25.886000,22.289000,-3.597000,6f TAIN
200,CSW24,22,23,26.428000,22.126000,-4.302000,2j AG
200,CSW24,23,31,25.503000,21.699000,-3.804000,6f TA
200,CSW24,24,26,26.249000,21.690000,-4.559000,9k RUT
200,CSW24,25,24,26.374000,21.525000,-4.849000,3c NU
1142,CSW24,1,1,66.815000,62.934000,-3.881000,h11 IXORA
1142,CSW24,2,2,40.580000,37.309000,-3.271000,5j DOX
1142,CSW24,3,3,35.815000,31.691000,-4.124000,k7 IXORA
1142,CSW24,4,5,33.886000,28.458000,-5.428000,m3 ORIXA
1142,CSW24,5,6,32.220000,26.698000,-5.522000,m4 ROUX
1142,CSW24,6,4,34.815000,26.237000,-8.578000,j11 ORIXA
1142,CSW24,7,11,29.214000,25.145000,-4.069000,11i TUX
1142,CSW24,8,9,29.850000,25.109000,-4.741000,11i TAXI
1142,CSW24,9,10,29.346000,25.091000,-4.255000,d8 RUPIA
1142,CSW24,10,15,27.689000,24.583000,-3.106000,k4 LIAS
1142,CSW24,11,12,28.436000,24.259000,-4.177000,11i TIX
1142,CSW24,12,8,31.400000,24.123000,-7.277000,k1 URALI
1142,CSW24,13,14,27.887000,23.617000,-4.270000,k7 IXORAS
1142,CSW24,14,13,28.315000,23.087000,-5.228000,6a WUXIA
1142,CSW24,15,16,27.580000,22.610000,-4.970000,3m OX
1142,CSW24,16,7,31.886000,22.533000,-9.353000,m1 IXORA
1142,CSW24,17,20,25.993000,21.783000,-4.210000,k6 OI
1142,CSW24,18,17,26.763000,21.638000,-5.125000,i3 UVA
1142,CSW24,19,25,25.173000,21.335000,-3.838000,8g QINS
1142,CSW24,20,19,26.348000,21.329000,-5.019000,3m AX
1142,CSW24,21,22,25.497000,21.032000,-4.465000,h5 AXOID
1142,CSW24,22,26,25.056000,20.618000,-4.438000,k6 AI
1142,CSW24,23,18,26.421000,20.294000,-6.127000,c10 ORIXA
1142,CSW24,24,31,24.346000,20.239000,-4.107000,k6 AIR
1142,CSW24,25,23,25.446000,20.238000,-5.208000,11i TAXOR
475,CSW24,1,1,39.917000,22.243000,-17.674000,10h GOV
475,CSW24,2,4,24.442000,17.360000,-7.082000,1m BEZ
475,CSW24,3,5,22.557000,14.933000,-7.624000,1l OVEN
475,CSW24,4,9,21.472000,14.094000,-7.378000,1m VEG
475,CSW24,5,13,18.926000,11.686000,-7.240000,1m ZEN
475,CSW24,6,2,29.166000,11.516000,-17.650000,10h NOB
475,CSW24,7,12,19.166000,11.420000,-7.746000,o1 NOB
475,CSW24,8,3,26.142000,8.415000,-17.727000,10h GOB
475,CSW24,9,24,13.301000,5.474000,-7.827000,o1 NOG
475,CSW24,10,6,22.142000,4.521000,-17.621000,10h BOG
475,CSW24,11,10,21.301000,3.662000,-17.639000,10h NOG
475,CSW24,12,11,21.166000,3.509000,-17.657000,10h BON
475,CSW24,13,35,10.777000,2.900000,-7.877000,1m NEB
475,CSW24,14,34,10.777000,2.893000,-7.884000,1m BEN
475,CSW24,15,7,21.606000,2.654000,-18.952000,3j BONZA
475,CSW24,16,8,21.606000,2.526000,-19.080000,5j BONZA
475,CSW24,17,41,8.576000,0.845000,-7.731000,1m BEG
475,CSW24,18,14,18.557000,-0.434000,-18.991000,k5 NOVUM
475,CSW24,19,15,17.301000,-0.526000,-17.827000,10h GON
475,CSW24,20,52,6.840000,-1.357000,-8.197000,o1 NON
475,CSW24,21,63,6.226000,-1.600000,-7.826000,1m NEG
475,CSW24,22,62,6.226000,-1.745000,-7.971000,1m GEN
475,CSW24,23,18,15.337000,-2.610000,-17.947000,3m VAN
475,CSW24,24,17,15.337000,-2.668000,-18.005000,3m NAV
475,CSW24,25,16,15.601000,-2.992000,-18.593000,10i OB
151,CSW24,1,1,35.350000,29.874000,-5.476000,9e MOI
151,CSW24,2,4,33.451000,28.971000,-4.480000,7g OI
151,CSW24,3,9,33.451000,28.712000,-4.739000,9g OI
151,CSW24,4,8,33.451000,28.681000,-4.770000,9g IO
151,CSW24,5,3,33.451000,28.486000,-4.965000,7g IO
151,CSW24,6,2,34.350000,28.329000,-6.021000,9c MOI
151,CSW24,7,5,33.451000,27.854000,-5.597000,9d OI
151,CSW24,8,7,33.451000,27.647000,-5.804000,9f OI
151,CSW24,9,6,33.451000,27.570000,-5.881000,9f IO
151,CSW24,10,10,32.451000,26.405000,-6.046000,7c IO
151,CSW24,11,11,32.451000,25.959000,-6.492000,9c IO
151,CSW24,12,13,31.486000,25.536000,-5.950000,g8 DI
151,CSW24,13,12,31.486000,25.503000,-5.983000,g7 ID
151,CSW24,14,16,30.451000,24.813000,-5.638000,9e IO
151,CSW24,15,18,29.486000,24.281000,-5.205000,h7 IO
151,CSW24,16,21,29.486000,24.209000,-5.277000,h8 OI
151,CSW24,17,14,31.350000,23.902000,-7.448000,f6 MILO
151,CSW24,18,24,29.451000,23.698000,-5.753000,7h OI
151,CSW24,19,19,29.486000,23.671000,-5.815000,e8 AI
151,CSW24,20,15,31.350000,23.626000,-7.724000,f8 LIMO
151,CSW24,21,26,29.451000,23.335000,-6.116000,9h OI
151,CSW24,22,20,29.486000,23.255000,-6.231000,f8 LI
151,CSW24,23,23,29.451000,23.012000,-6.439000,7h IO
151,CSW24,24,25,29.451000,22.989000,-6.462000,9h IO
151,CSW24,25,29,29.166000,22.976000,-6.190000,d7 IWI
1151,CSW24,1,1,22.874000,21.123000,-1.751000,1a OO
1151,CSW24,2,2,20.909000,19.159000,-1.750000,1a ONO
1151,CSW24,3,5,18.036000,16.214000,-1.822000,a1 ODEON
1151,CSW24,4,11,16.104000,14.197000,-1.907000,a1 ODOR
1151,CSW24,5,3,18.909000,12.496000,-6.413000,3c OON
1151,CSW24,6,4,18.104000,11.699000,-6.405000,3c OOR
1151,CSW24,7,6,17.874000,11.520000,-6.354000,3c OO
1151,CSW24,8,27,12.665000,10.947000,-1.718000,1a IO
1151,CSW24,9,7,17.874000,10.936000,-6.938000,j5 OO
1151,CSW24,10,8,16.874000,10.385000,-6.489000,g5 OO
1151,CSW24,11,9,16.702000,10.255000,-6.447000,3b ROON
1151,CSW24,12,35,11.706000,9.889000,-1.817000,1a ORE
1151,CSW24,13,16,14.909000,9.260000,-5.649000,3b NOO
1151,CSW24,14,13,15.874000,8.843000,-7.031000,d2 POO
1151,CSW24,15,45,10.589000,8.815000,-1.774000,1a ONE
1151,CSW24,16,10,16.380000,8.706000,-7.674000,5i MOOI
1151,CSW24,17,14,15.874000,8.441000,-7.433000,5i MOO
1151,CSW24,18,12,16.086000,8.134000,-7.952000,5g NOMOI
1151,CSW24,19,51,9.447000,7.740000,-1.707000,1a OE
1151,CSW24,20,17,14.104000,7.575000,-6.529000,3b ROO
1151,CSW24,21,20,13.874000,7.475000,-6.399000,h5 OO
1151,CSW24,22,18,13.909000,7.356000,-6.553000,3a ONO
1151,CSW24,23,21,13.681000,7.034000,-6.647000,3a ONIE
1151,CSW24,24,19,13.909000,6.996000,-6.913000,j4 NOO
1151,CSW24,25,29,12.324000,6.721000,-5.603000,3b NOIR
924,CSW24,1,1,16.854000,15.667000,-1.187000,7a IRE
924,CSW24,2,3,13.220000,13.910000,0.690000,h4 IRING
924,CSW24,3,2,13.336000,12.096000,-1.240000,7a NIE
924,CSW24,4,4,11.122000,10.049000,-1.073000,14h CINQ
924,CSW24,5,8,7.470000,8.127000,0.657000,h4 ERING
924,CSW24,6,5,10.171000,8.127000,-2.044000,12f TIX
924,CSW24,7,7,7.609000,7.861000,0.252000,4g TINIER
924,CSW24,8,10,5.609000,5.449000,-0.160000,6g KEIRIN
924,CSW24,9,6,7.979000,4.233000,-3.746000,ex IIQ
924,CSW24,10,9,6.171000,3.831000,-2.340000,n11 SIMI
924,CSW24,11,15,4.681000,3.103000,-1.578000,7b RE
924,CSW24,12,11,4.981000,3.024000,-1.957000,14n IN
924,CSW24,13,12,4.936000,3.024000,-1.912000,6a RIZ
924,CSW24,14,13,4.878000,1.132000,-3.746000,ex IIIQ
924,CSW24,15,14,4.778000,1.032000,-3.746000,ex IIINQ
924,CSW24,16,19,1.854000,0.945000,-0.909000,h3 REI
924,CSW24,17,21,1.154000,0.597000,-0.557000,h5 RING
924,CSW24,18,30,0.609000,0.076000,-0.533000,15h TINIER
924,CSW24,19,16,3.465000,-0.281000,-3.746000,ex IINQ
924,CSW24,20,22,1.066000,-0.570000,-1.636000,7b NE
924,CSW24,21,25,0.854000,-0.601000,-1.455000,6g KEIR
924,CSW24,22,26,0.854000,-0.609000,-1.463000,6g KIER
924,CSW24,23,23,0.981000,-0.773000,-1.754000,h6 ING
924,CSW24,24,27,0.854000,-0.843000,-1.697000,14h CIRE
924,CSW24,25,31,0.608000,-1.083000,-1.691000,c3 JEEZE
802,CSW24,1,2,74.000000,65.910000,-8.090000,1b UNITISER
802,CSW24,2,1,77.000000,63.655000,-13.345000,h8 ESURIENT
802,CSW24,3,3,74.000000,63.344000,-10.656000,c5 NUTSIER
802,CSW24,4,4,70.000000,57.367000,-12.633000,3b URANITES
802,CSW24,5,5,70.000000,57.149000,-12.851000,3c TAURINES
802,CSW24,6,6,66.000000,52.631000,-13.369000,11e LUSTRINE
802,CSW24,7,13,59.000000,49.688000,-9.312000,h2 NEURITES
802,CSW24,8,14,59.000000,49.656000,-9.344000,h2 RETINUES
802,CSW24,9,8,62.000000,48.432000,-13.568000,j5 RUNTIEST
802,CSW24,10,15,59.000000,48.143000,-10.857000,h2 REUNITES
802,CSW24,11,16,59.000000,48.074000,-10.926000,h3 ESURIENT
802,CSW24,12,17,59.000000,47.699000,-11.301000,h7 NEURITES
802,CSW24,13,18,59.000000,46.758000,-12.242000,h7 RETINUES
802,CSW24,14,19,59.000000,46.685000,-12.315000,h7 REUNITES
802,CSW24,15,9,61.000000,44.829000,-16.171000,i2 STURNINE
802,CSW24,16,10,61.000000,44.521000,-16.479000,i6 RUNNIEST
802,CSW24,17,7,62.000000,44.506000,-17.494000,j1 RUNTIEST
802,CSW24,18,11,60.000000,44.411000,-15.589000,i4 STURNINE
802,CSW24,19,12,60.000000,43.710000,-16.290000,i5 RUNNIEST
802,CSW24,20,20,58.000000,42.391000,-15.609000,11a INSULTER
802,CSW24,21,21,41.538000,30.909000,-10.629000,9e ZEIN
802,CSW24,22,22,39.850000,28.287000,-11.563000,c3 NU
802,CSW24,23,25,37.350000,26.367000,-10.983000,c3 NUT
802,CSW24,24,23,38.850000,26.213000,-12.637000,c2 UN
802,CSW24,25,26,37.350000,26.041000,-11.309000,c3 TUN
874,CSW24,1,1,36.282000,25.486000,-10.796000,5a BUCKOS
874,CSW24,2,2,35.430000,25.272000,-10.158000,5a BUCKS
874,CSW24,3,3,34.430000,23.844000,-10.586000,9a CUBS
874,CSW24,4,5,33.097000,23.091000,-10.006000,5a CUCKS
874,CSW24,5,4,33.428000,23.003000,-10.425000,5a BUCKO
874,CSW24,6,6,31.826000,21.361000,-10.465000,5a BOCKS
874,CSW24,7,8,30.528000,20.235000,-10.293000,5a COCKS
874,CSW24,8,7,30.826000,20.026000,-10.800000,9a COBS
874,CSW24,9,9,26.282000,17.984000,-8.298000,f6 BUNCOS
874,CSW24,10,10,24.428000,16.455000,-7.973000,f6 BUNCO
874,CSW24,11,11,23.553000,15.143000,-8.410000,3c SUCCOUS
874,CSW24,12,13,23.227000,15.117000,-8.110000,9b BUS
874,CSW24,13,15,22.344000,14.438000,-7.906000,9b COS
874,CSW24,14,17,21.710000,14.308000,-7.402000,3c CUB
874,CSW24,15,24,20.261000,13.728000,-6.533000,6d ECCO
874,CSW24,16,20,21.409000,13.686000,-7.723000,3c CUBS
874,CSW24,17,21,20.711000,13.294000,-7.417000,9b CUSSO
874,CSW24,18,27,19.528000,12.431000,-7.097000,6c SECCO
874,CSW24,19,28,19.441000,12.403000,-7.038000,5d KOB
874,CSW24,20,12,23.430000,12.314000,-11.116000,7a CUBES
874,CSW24,21,33,18.997000,11.712000,-7.285000,9b CUSS
874,CSW24,22,30,19.099000,11.197000,-7.902000,3c CUSCUS
874,CSW24,23,41,17.936000,11.124000,-6.812000,5d KOBS
874,CSW24,24,31,19.099000,11.015000,-8.084000,3c SUCCUS
874,CSW24,25,39,17.936000,10.921000,-7.015000,c2 BOS
833,CSW24,1,1,49.355000,43.724000,-5.631000,h1 EXES
833,CSW24,2,2,48.915000,43.317000,-5.598000,h1 AXES
833,CSW24,3,3,44.416000,39.463000,-4.953000,6e EX
833,CSW24,4,4,44.006000,38.777000,-5.229000,10d LUXE
833,CSW24,5,11,41.063000,36.280000,-4.783000,f6 MAR
833,CSW24,6,5,42.096000,36.247000,-5.849000,d11 EXAM
833,CSW24,7,6,41.539000,36.091000,-5.448000,4i EX
833,CSW24,8,8,41.452000,36.024000,-5.428000,d10 MAX
833,CSW24,9,7,41.539000,35.776000,-5.763000,d11 EX
833,CSW24,10,10,41.204000,35.743000,-5.461000,10c EAUX
833,CSW24,11,12,40.120000,35.175000,-4.945000,10d MUX
833,CSW24,12,19,38.082000,33.256000,-4.826000,6d LEX
833,CSW24,13,20,38.082000,33.100000,-4.982000,10d LUX
833,CSW24,14,15,38.416000,32.866000,-5.550000,6k XI
833,CSW24,15,9,41.322000,32.123000,-9.199000,6a EXEME
833,CSW24,16,17,38.168000,31.994000,-6.174000,d11 AXEL
833,CSW24,17,18,38.168000,31.933000,-6.235000,d11 AXLE
833,CSW24,18,22,37.615000,31.932000,-5.683000,h1 MELS
833,CSW24,19,23,37.134000,31.924000,-5.210000,9g EM
833,CSW24,20,14,39.322000,31.883000,-7.439000,k7 EXEME
833,CSW24,21,21,37.615000,31.825000,-5.790000,h1 ELMS
833,CSW24,22,13,39.322000,31.734000,-7.588000,k7 EXEEM
833,CSW24,23,25,36.602000,30.729000,-5.873000,h1 MAES
833,CSW24,24,24,36.602000,30.665000,-5.937000,h1 AMES
833,CSW24,25,26,36.452000,30.191000,-6.261000,9h MAX
613,CSW24,1,1,45.474000,37.230000,-8.244000,8l WISP
613,CSW24,2,2,42.597000,31.097000,-11.500000,11b PWNS
613,CSW24,3,3,41.410000,30.321000,-11.089000,11e SPIF
613,CSW24,4,8,37.101000,28.522000,-8.579000,8l FILS
613,CSW24,5,7,37.243000,28.410000,-8.833000,8l WINS
613,CSW24,6,11,36.192000,27.510000,-8.682000,8l FINS
613,CSW24,7,6,38.612000,27.026000,-11.586000,11c WISP
613,CSW24,8,4,40.790000,26.809000,-13.981000,12a FLAW
613,CSW24,9,5,39.700000,25.745000,-13.955000,12a FLAWN
613,CSW24,10,10,36.909000,25.419000,-11.490000,11e SPIN
613,CSW24,11,9,36.909000,25.318000,-11.591000,11e SNIP
613,CSW24,12,12,34.905000,23.456000,-11.449000,11e SLIP
613,CSW24,13,14,31.893000,21.119000,-10.774000,11e SIF
613,CSW24,14,18,29.909000,20.634000,-9.275000,8l PINS
613,CSW24,15,15,30.612000,19.649000,-10.963000,11e SIP
613,CSW24,16,16,30.573000,19.033000,-11.540000,12b FAWN
613,CSW24,17,13,32.985000,19.016000,-13.969000,12a FLAP
613,CSW24,18,19,29.857000,18.196000,-11.661000,12b FAW
613,CSW24,19,17,29.966000,15.966000,-14.000000,12a FLAWNS
613,CSW24,20,20,29.831000,15.955000,-13.876000,12a FLAWS
613,CSW24,21,22,27.298000,15.831000,-11.467000,11c WIS
613,CSW24,22,23,26.415000,14.733000,-11.682000,12b PAWL
613,CSW24,23,24,25.698000,14.499000,-11.199000,11e SIN
613,CSW24,24,27,24.857000,14.365000,-10.492000,l8 FEW
613,CSW24,25,25,25.684000,13.969000,-11.715000,12b PAWN
436,CSW24,1,1,16.936000,14.244000,-2.692000,h7 COMFY
436,CSW24,2,3,14.694000,11.783000,-2.911000,h7 FOGY
436,CSW24,3,2,14.822000,11.125000,-3.697000,h7 COMFREY
436,CSW24,4,5,9.348000,7.775000,-1.573000,h7 FOG
436,CSW24,5,8,8.053000,6.940000,-1.113000,h7 COG
436,CSW24,6,6,9.149000,5.839000,-3.310000,h7 GORMY
436,CSW24,7,4,9.523000,5.642000,-3.881000,h7 FOGEY
436,CSW24,8,7,8.312000,5.541000,-2.771000,h6 FROG
436,CSW24,9,11,7.088000,5.186000,-1.902000,h7 MOG
436,CSW24,10,13,6.497000,4.363000,-2.134000,h7 CORF
436,CSW24,11,18,5.629000,4.136000,-1.493000,h7 MOC
436,CSW24,12,10,7.666000,3.965000,-3.701000,h7 GOFER
436,CSW24,13,9,7.666000,3.934000,-3.732000,h7 FORGE
436,CSW24,14,16,5.771000,3.469000,-2.302000,ex FGMY
436,CSW24,15,17,5.692000,3.390000,-2.302000,ex CFGY
436,CSW24,16,14,6.103000,3.242000,-2.861000,h7 FORCE
436,CSW24,17,19,5.487000,3.212000,-2.275000,h6 CROG
436,CSW24,18,21,4.778000,2.476000,-2.302000,ex CFGMY
436,CSW24,19,24,4.592000,2.334000,-2.258000,h7 GO
436,CSW24,20,25,4.183000,1.881000,-2.302000,ex CGMY
436,CSW24,21,20,4.977000,1.799000,-3.178000,h7 GORM
436,CSW24,22,22,4.610000,1.485000,-3.125000,h6 FROM
436,CSW24,23,28,3.694000,1.392000,-2.302000,ex FGY
436,CSW24,24,23,4.610000,1.179000,-3.431000,h7 FORM
436,CSW24,25,29,3.435000,1.133000,-2.302000,ex CGM
726,CSW24,1,1,59.478000,54.922000,-4.556000,a13 FOU
726,CSW24,2,4,55.179000,50.624000,-4.555000,a13 FOO
726,CSW24,3,2,57.179000,49.130000,-8.049000,d10 OOF
726,CSW24,4,3,55.478000,47.570000,-7.908000,1c FOU
726,CSW24,5,5,53.478000,45.618000,-7.860000,1d FOU
726,CSW24,6,6,51.179000,43.263000,-7.916000,1c FOO
726,CSW24,7,7,49.478000,41.704000,-7.774000,a12 UFO
726,CSW24,8,9,49.179000,41.319000,-7.860000,1d FOO
726,CSW24,9,8,49.265000,41.291000,-7.974000,d11 OF
726,CSW24,10,10,46.460000,38.201000,-8.259000,6m FIZ
726,CSW24,11,17,40.728000,36.448000,-4.280000,a14 OU
726,CSW24,12,12,43.118000,35.033000,-8.085000,9j FONIO
726,CSW24,13,11,43.478000,34.833000,-8.645000,d13 FOU
726,CSW24,14,13,41.956000,33.933000,-8.023000,4k ONO
726,CSW24,15,26,37.798000,33.462000,-4.336000,a14 OO
726,CSW24,16,14,41.478000,33.333000,-8.145000,10h UFO
726,CSW24,17,16,40.956000,33.196000,-7.760000,d10 OON
726,CSW24,18,15,40.956000,33.144000,-7.812000,1c NOO
726,CSW24,19,19,39.728000,31.849000,-7.879000,2m OUR
726,CSW24,20,18,39.747000,31.503000,-8.244000,9k FOIN
726,CSW24,21,41,35.693000,31.417000,-4.276000,a14 OI
726,CSW24,22,22,38.693000,30.817000,-7.876000,k3 KOI
726,CSW24,23,21,38.798000,30.817000,-7.981000,6j OO
726,CSW24,24,23,38.265000,30.663000,-7.602000,a10 OF
726,CSW24,25,20,39.179000,30.495000,-8.684000,d13 FOO
1159,CSW24,1,2,62.000000,50.614000,-11.386000,i4 REGRINDS
1159,CSW24,2,1,63.000000,50.451000,-12.549000,i6 GRINDERS
1159,CSW24,3,3,60.000000,49.089000,-10.911000,5g REGRINDS
1159,CSW24,4,4,35.891000,25.873000,-10.018000,e5 REGARDS
1159,CSW24,5,19,28.207000,18.979000,-9.228000,i7 GIRN
1159,CSW24,6,24,27.207000,18.776000,-8.431000,i6 GRIN
1159,CSW24,7,16,28.822000,18.493000,-10.329000,e5 ERRANDS
1159,CSW24,8,20,27.485000,18.199000,-9.286000,2j DARG
1159,CSW24,9,21,27.207000,18.194000,-9.013000,2i GNAR
1159,CSW24,10,22,27.207000,18.134000,-9.073000,2i GRAN
1159,CSW24,11,25,27.207000,18.101000,-9.106000,i7 RING
1159,CSW24,12,34,26.485000,18.060000,-8.425000,i6 GRID
1159,CSW24,13,33,26.538000,17.960000,-8.578000,2j GAR
1159,CSW24,14,5,34.439000,17.858000,-16.581000,2j DANGER
1159,CSW24,15,6,34.439000,17.632000,-16.807000,2j GANDER
1159,CSW24,16,11,30.439000,17.620000,-12.819000,2i GRANDE
1159,CSW24,17,46,25.538000,17.619000,-7.919000,i7 RIG
1159,CSW24,18,23,27.207000,17.537000,-9.670000,2j RANG
1159,CSW24,19,7,34.439000,17.327000,-17.112000,2j GARDEN
1159,CSW24,20,35,26.485000,17.272000,-9.213000,i7 GIRD
1159,CSW24,21,14,28.926000,17.224000,-11.702000,2i GRADER
1159,CSW24,22,31,26.933000,17.153000,-9.780000,i6 GRIND
1159,CSW24,23,17,28.315000,16.853000,-11.462000,2j DARER
1159,CSW24,24,30,26.933000,16.848000,-10.085000,2i GRAND
1159,CSW24,25,32,26.878000,16.770000,-10.108000,2j DARGS
437,CSW24,1,2,44.462000,38.348000,-6.114000,f3 LEAF
437,CSW24,2,1,44.462000,38.342000,-6.120000,f3 ALEF
437,CSW24,3,3,42.772000,36.874000,-5.898000,i3 FAN
437,CSW24,4,4,40.706000,34.328000,-6.378000,f9 FA
437,CSW24,5,9,39.014000,34.098000,-4.916000,o11 FALSE
437,CSW24,6,6,39.706000,33.716000,-5.990000,15n FA
437,CSW24,7,5,39.706000,33.412000,-6.294000,i3 FA
437,CSW24,8,10,38.706000,33.362000,-5.344000,l11 FA
437,CSW24,9,12,38.216000,33.057000,-5.159000,l11 FAAN
437,CSW24,10,8,39.096000,32.958000,-6.138000,f9 FAAN
437,CSW24,11,7,39.191000,32.655000,-6.536000,f2 FANAL
437,CSW24,12,11,38.298000,32.077000,-6.221000,f5 EF
437,CSW24,13,14,37.706000,32.021000,-5.685000,9j FA
437,CSW24,14,16,37.273000,31.451000,-5.822000,i3 FAE
437,CSW24,15,15,37.429000,31.280000,-6.149000,f4 NEF
437,CSW24,16,13,37.706000,31.199000,-6.507000,5e FAME
437,CSW24,17,17,37.216000,30.933000,-6.283000,f9 FAA
437,CSW24,18,18,36.462000,30.266000,-6.196000,f9 FEAL
437,CSW24,19,19,36.071000,29.159000,-6.912000,5c AFLAME
437,CSW24,20,20,35.706000,28.670000,-7.036000,2f FAP
437,CSW24,21,23,34.706000,28.555000,-6.151000,j10 FA
437,CSW24,22,24,34.197000,28.458000,-5.739000,9j FANAL
437,CSW24,23,22,35.149000,28.427000,-6.722000,5d FLAME
437,CSW24,24,21,35.191000,28.034000,-7.157000,i1 FANAL
437,CSW24,25,26,33.706000,27.810000,-5.896000,15k FA
207,CSW24,1,1,42.227000,41.415000,-0.812000,1c SYNGAS
207,CSW24,2,2,40.188000,38.879000,-1.309000,1c SLANGY
207,CSW24,3,4,38.926000,35.174000,-3.752000,e2 GAYLY
207,CSW24,4,3,39.322000,34.909000,-4.413000,e3 GYNY
207,CSW24,5,5,35.321000,30.181000,-5.140000,2b SPLAY
207,CSW24,6,6,34.926000,29.974000,-4.952000,4b GRAYLY
207,CSW24,7,7,33.547000,27.540000,-6.007000,2b SPANGLY
207,CSW24,8,8,32.826000,27.380000,-5.446000,b5 AY
207,CSW24,9,14,28.551000,26.792000,-1.759000,1a GASSY
207,CSW24,10,18,26.321000,24.411000,-1.910000,1a LYSSA
207,CSW24,11,17,26.321000,24.392000,-1.929000,1a LASSY
207,CSW24,12,10,29.107000,24.170000,-4.937000,e3 AGLY
207,CSW24,13,9,29.117000,24.079000,-5.038000,e4 YAY
207,CSW24,14,24,25.327000,22.916000,-2.411000,1a NYS
207,CSW24,15,27,24.202000,22.256000,-1.946000,1a NYSSA
207,CSW24,16,13,28.983000,21.879000,-7.104000,2a GYPSY
207,CSW24,17,11,29.107000,21.861000,-7.246000,4a GYRAL
207,CSW24,18,12,29.015000,21.582000,-7.433000,2a GYP
207,CSW24,19,16,26.398000,21.052000,-5.346000,6b YAR
207,CSW24,20,15,28.059000,20.878000,-7.181000,6a GNARLY
207,CSW24,21,19,25.939000,20.401000,-5.538000,4c RANGY
207,CSW24,22,20,25.547000,20.251000,-5.296000,e1 SLANGY
207,CSW24,23,22,25.512000,20.240000,-5.272000,e4 GAY
207,CSW24,24,23,25.398000,19.851000,-5.547000,j14 YE
207,CSW24,25,40,21.826000,19.344000,-2.482000,1a YAS
48,CSW24,1,1,84.000000,86.022000,2.022000,l9 MYCELIA
48,CSW24,2,2,78.000000,79.570000,1.570000,j9 MYCELIA
48,CSW24,3,3,33.751000,32.127000,-1.624000,13b MY
48,CSW24,4,4,32.674000,30.042000,-2.632000,5k WEY
48,CSW24,5,5,30.523000,29.229000,-1.294000,h11 MEALY
48,CSW24,6,6,30.523000,29.190000,-1.333000,h11 YEALM
48,CSW24,7,8,29.783000,28.509000,-1.274000,c9 MAINLY
48,CSW24,8,7,29.917000,28.200000,-1.717000,12j AMYLIC
48,CSW24,9,9,28.854000,27.542000,-1.312000,l9 AMYLIC
48,CSW24,10,13,28.634000,27.432000,-1.202000,c9 MEINY
48,CSW24,11,10,28.771000,27.164000,-1.607000,m8 AY
48,CSW24,12,15,27.854000,26.492000,-1.362000,j9 AMYLIC
48,CSW24,13,11,28.674000,26.141000,-2.533000,9m YAS
48,CSW24,14,17,27.386000,26.072000,-1.314000,c9 MEANLY
48,CSW24,15,14,28.150000,25.985000,-2.165000,c6 IVY
48,CSW24,16,12,28.674000,25.917000,-2.757000,c12 NY
48,CSW24,17,16,27.593000,25.456000,-2.137000,b9 YE
48,CSW24,18,19,26.740000,25.425000,-1.315000,c10 MINCY
48,CSW24,19,18,26.750000,25.089000,-1.661000,h12 EMIC
48,CSW24,20,20,26.529000,24.945000,-1.584000,h12 ELMY
48,CSW24,21,23,25.667000,24.415000,-1.252000,h11 MELIC
48,CSW24,22,21,25.854000,24.415000,-1.439000,13g AMYLIC
48,CSW24,23,25,25.421000,24.231000,-1.190000,c9 MEANY
48,CSW24,24,26,25.354000,23.345000,-2.009000,h12 EELY
48,CSW24,25,24,25.593000,23.333000,-2.260000,10a WYE
662,CSW24,1,1,39.705000,33.303000,-6.402000,8k OWRIE
662,CSW24,2,2,35.056000,29.131000,-5.925000,l10 RAW
662,CSW24,3,5,32.056000,25.926000,-6.130000,l10 WAR
662,CSW24,4,9,31.169000,25.454000,-5.715000,12h WRIED
662,CSW24,5,7,31.169000,25.430000,-5.739000,12h WIDER
662,CSW24,6,8,31.169000,25.398000,-5.771000,12h WIRED
662,CSW24,7,10,30.719000,24.891000,-5.828000,l10 WADI
662,CSW24,8,4,32.778000,24.408000,-8.370000,13i WISARD
662,CSW24,9,11,29.812000,24.042000,-5.770000,l10 REW
662,CSW24,10,15,29.329000,23.518000,-5.811000,l10 DAW
662,CSW24,11,12,29.622000,23.469000,-6.153000,12f REWIRED
662,CSW24,12,13,29.465000,23.454000,-6.011000,12h WADER
662,CSW24,13,14,29.465000,23.449000,-6.016000,12h WARED
662,CSW24,14,3,33.082000,23.383000,-9.699000,l10 WARIER
662,CSW24,15,17,27.775000,22.138000,-5.637000,12h WRIER
662,CSW24,16,16,27.775000,22.115000,-5.660000,12h WIRER
662,CSW24,17,6,31.705000,21.851000,-9.854000,l12 WIRE
662,CSW24,18,19,27.329000,21.435000,-5.894000,l10 WAD
662,CSW24,19,21,26.778000,20.474000,-6.304000,12g WAIRED
662,CSW24,20,20,27.056000,20.261000,-6.795000,j12 RAW
662,CSW24,21,25,25.898000,19.763000,-6.135000,l11 AW
662,CSW24,22,18,27.705000,19.683000,-8.022000,13i WISER
662,CSW24,23,27,25.076000,19.205000,-5.871000,12j WEIR
662,CSW24,24,32,24.360000,18.877000,-5.483000,l10 DEW
662,CSW24,25,28,24.869000,18.348000,-6.521000,12f WEARIED
1129,CSW24,1,1,37.312000,30.713000,-6.599000,e5 GAUJE
1129,CSW24,2,2,29.320000,24.109000,-5.211000,e8 JUGA
1129,CSW24,3,3,25.917000,18.486000,-7.431000,e5 GAUJES
1129,CSW24,4,9,19.320000,15.120000,-4.200000,7g GAU
1129,CSW24,5,5,20.378000,14.528000,-5.850000,e8 JEU
1129,CSW24,6,12,17.443000,13.833000,-3.610000,7f AGE
1129,CSW24,7,13,17.443000,13.464000,-3.979000,9d GAE
1129,CSW24,8,10,18.446000,13.418000,-5.028000,7f AGEE
1129,CSW24,9,18,16.467000,12.590000,-3.877000,9e AE
1129,CSW24,10,4,21.854000,11.948000,-9.906000,i4 AGUISE
1129,CSW24,11,8,19.362000,11.795000,-7.567000,i5 GUISE
1129,CSW24,12,6,20.312000,11.772000,-8.540000,7h AGUE
1129,CSW24,13,7,20.312000,11.659000,-8.653000,9h AGUE
1129,CSW24,14,19,16.443000,11.273000,-5.170000,7g GAE
1129,CSW24,15,14,17.418000,10.513000,-6.905000,e7 AJIES
1129,CSW24,16,15,17.197000,10.460000,-6.737000,h5 GUILE
1129,CSW24,17,27,15.378000,9.878000,-5.500000,f8 AUE
1129,CSW24,18,11,17.917000,9.648000,-8.269000,i7 USAGE
1129,CSW24,19,25,15.530000,9.628000,-5.902000,f8 AGUE
1129,CSW24,20,26,15.427000,9.388000,-6.039000,h8 LIEU
1129,CSW24,21,35,13.378000,8.359000,-5.019000,f7 EAU
1129,CSW24,22,17,16.555000,8.349000,-8.206000,h8 LEAGUE
1129,CSW24,23,21,16.426000,8.233000,-8.193000,7h EAU
1129,CSW24,24,20,16.426000,8.024000,-8.402000,7h AUE
1129,CSW24,25,16,16.917000,8.008000,-8.909000,i4 AGUES
266,CSW24,1,1,17.386000,10.514000,-6.872000,12f BIFOCAL
266,CSW24,2,2,15.914000,10.017000,-5.897000,i13 FIR
266,CSW24,3,5,12.985000,7.384000,-5.601000,i10 FOCI
266,CSW24,4,4,12.985000,7.371000,-5.614000,i10 FICO
266,CSW24,5,6,12.920000,6.526000,-6.394000,m12 COB
266,CSW24,6,3,13.772000,6.448000,-7.324000,10f BICCY
266,CSW24,7,8,12.737000,5.363000,-7.374000,9d BOCCI
266,CSW24,8,7,12.737000,5.328000,-7.409000,7d BOCCI
266,CSW24,9,10,10.750000,4.814000,-5.936000,i12 COIR
266,CSW24,10,9,10.787000,4.605000,-6.182000,i10 FIB
266,CSW24,11,12,8.985000,1.460000,-7.525000,9e FICO
266,CSW24,12,11,8.985000,1.420000,-7.565000,7e FOCI
266,CSW24,13,13,8.985000,1.275000,-7.710000,9e FOCI
266,CSW24,14,16,4.615000,-0.072000,-4.687000,o1 BI
266,CSW24,15,14,5.914000,-0.928000,-6.842000,10l VIFF
266,CSW24,16,15,5.412000,-2.075000,-7.487000,h5 BIOTIC
266,CSW24,17,17,3.837000,-2.349000,-6.186000,i10 FOB
266,CSW24,18,18,3.750000,-2.678000,-6.428000,13h COIR
266,CSW24,19,19,2.914000,-3.699000,-6.613000,13i FIR
266,CSW24,20,21,2.435000,-4.508000,-6.943000,h6 ICTIC
266,CSW24,21,20,2.445000,-4.518000,-6.963000,12h FOCAL
266,CSW24,22,28,-0.085000,-4.772000,-4.687000,o1 BO
266,CSW24,23,24,0.615000,-5.517000,-6.132000,13h BI
266,CSW24,24,25,0.561000,-5.907000,-6.468000,i10 BIO
266,CSW24,25,26,0.561000,-5.908000,-6.469000,i10 BOI
999,CSW24,1,1,30.354000,26.781000,-3.573000,g3 BLIT
999,CSW24,2,2,28.583000,24.810000,-3.773000,c13 BoX
999,CSW24,3,3,27.583000,23.494000,-4.089000,5d BOX
999,CSW24,4,4,27.126000,22.144000,-4.982000,2e EXTORT
999,CSW24,5,5,26.101000,21.860000,-4.241000,10b BITER
999,CSW24,6,6,25.438000,21.633000,-3.805000,f3 TAX
999,CSW24,7,7,25.323000,21.485000,-3.838000,5e OX
999,CSW24,8,9,24.438000,21.084000,-3.354000,d13 TUX
999,CSW24,9,12,23.101000,20.185000,-2.916000,15c BRIT
999,CSW24,10,10,24.025000,19.945000,-4.080000,j2 XED
999,CSW24,11,11,23.515000,19.914000,-3.601000,g3 BLET
999,CSW24,12,13,23.062000,18.593000,-4.469000,o10 TERBIC
999,CSW24,13,15,22.103000,17.919000,-4.184000,10b BERET
999,CSW24,14,14,22.481000,17.903000,-4.578000,10a BITTER
999,CSW24,15,17,21.463000,17.732000,-3.731000,10d BET
999,CSW24,16,16,21.755000,17.642000,-4.113000,5e OXID
999,CSW24,17,8,24.553000,17.336000,-7.217000,5a TETROXID
999,CSW24,18,18,21.025000,16.800000,-4.225000,10m EX
999,CSW24,19,19,20.354000,16.299000,-4.055000,10b BITE
999,CSW24,20,20,20.025000,15.990000,-4.035000,3k WEX
999,CSW24,21,21,19.481000,15.405000,-4.076000,c10 BITToR
999,CSW24,22,25,18.463000,15.083000,-3.380000,f3 TAB
999,CSW24,23,24,18.583000,15.043000,-3.540000,2g BOX
999,CSW24,24,23,18.891000,15.015000,-3.876000,f1 RETAX
999,CSW24,25,26,18.354000,14.572000,-3.782000,c11 BITo
349,CSW24,1,1,16.910000,8.886000,-8.024000,k7 VIDUAL
349,CSW24,2,2,13.385000,7.547000,-5.838000,7h WAUL
349,CSW24,3,3,12.655000,4.962000,-7.693000,j6 VATU
349,CSW24,4,5,10.907000,4.954000,-5.953000,7f DAW
349,CSW24,5,7,10.907000,4.829000,-6.078000,9f DAW
349,CSW24,6,6,10.907000,4.788000,-6.119000,7f WAD
349,CSW24,7,8,10.907000,4.630000,-6.277000,9f WAD
349,CSW24,8,4,11.955000,3.824000,-8.131000,f6 AVOWAL
349,CSW24,9,9,10.184000,2.488000,-7.696000,7d VAW
349,CSW24,10,10,10.184000,2.440000,-7.744000,9d VAW
349,CSW24,11,14,8.184000,1.039000,-7.145000,f6 AVOW
349,CSW24,12,26,6.510000,1.015000,-5.495000,7h LAUD
349,CSW24,13,12,8.949000,0.900000,-8.049000,9e ADAW
349,CSW24,14,11,8.949000,0.764000,-8.185000,7e ADAW
349,CSW24,15,25,6.510000,0.473000,-6.037000,7h DUAL
349,CSW24,16,29,5.809000,0.230000,-5.579000,7f LAW
349,CSW24,17,27,5.902000,0.071000,-5.831000,7g AWA
349,CSW24,18,28,5.902000,-0.001000,-5.903000,9g AWA
349,CSW24,19,17,7.404000,-0.107000,-7.511000,k5 VALID
349,CSW24,20,13,8.381000,-0.111000,-8.492000,j4 VAULT
349,CSW24,21,20,6.955000,-0.455000,-7.410000,h6 AVoWAL
349,CSW24,22,15,7.907000,-0.504000,-8.411000,k5 WADI
349,CSW24,23,38,4.486000,-0.909000,-5.395000,7g ALU
349,CSW24,24,23,6.655000,-0.969000,-7.624000,j5 VAUT
349,CSW24,25,31,5.510000,-0.988000,-6.498000,7e UDAL
649,CSW24,1,1,86.000000,73.204000,-12.796000,5d ADROITER
649,CSW24,2,2,80.000000,71.679000,-8.321000,1e AsTEROID
649,CSW24,3,3,68.000000,53.314000,-14.686000,11d ASTEROID
649,CSW24,4,4,65.000000,51.775000,-13.225000,j3 TERATOID
649,CSW24,5,5,65.000000,51.507000,-13.493000,j7 TERATOID
649,CSW24,6,6,61.000000,38.837000,-22.163000,g8 TERATOID
649,CSW24,7,14,28.438000,19.730000,-8.708000,1d DOsAI
649,CSW24,8,7,31.869000,18.457000,-13.412000,8j IODATE
649,CSW24,9,8,30.859000,18.421000,-12.438000,9d OR
649,CSW24,10,16,26.622000,17.947000,-8.675000,1f sORTIED
649,CSW24,11,18,26.622000,17.808000,-8.814000,1f sTORIED
649,CSW24,12,17,26.622000,17.660000,-8.962000,1f sTEROID
649,CSW24,13,9,29.854000,16.682000,-13.172000,8j ADROIT
649,CSW24,14,12,28.774000,16.664000,-12.110000,d8 JAI
649,CSW24,15,23,25.778000,16.383000,-9.395000,1a DIOTAs
649,CSW24,16,10,28.854000,16.045000,-12.809000,8j OTARID
649,CSW24,17,35,24.522000,15.793000,-8.729000,1f sTAIRED
649,CSW24,18,13,28.622000,15.741000,-12.881000,8j EDITOR
649,CSW24,19,34,24.522000,15.598000,-8.924000,1d DIsRATE
649,CSW24,20,33,24.522000,15.444000,-9.078000,1a ARIDEsT
649,CSW24,21,11,28.778000,15.146000,-13.632000,8k DIOTA
649,CSW24,22,48,23.362000,14.862000,-8.500000,1d DIsTRO
649,CSW24,23,44,23.622000,14.837000,-8.785000,1d ROsITED
649,CSW24,24,15,27.572000,14.696000,-12.876000,9c DOR
649,CSW24,25,43,23.622000,14.643000,-8.979000,1c ROIsTED
902,CSW24,1,1,68.481000,61.096000,-7.385000,h10 CORYZA
902,CSW24,2,2,56.955000,49.493000,-7.462000,h10 COAXER
902,CSW24,3,3,52.451000,45.143000,-7.308000,12k XRAY
902,CSW24,4,5,51.389000,44.181000,-7.208000,10l ZEX
902,CSW24,5,4,52.226000,43.956000,-8.270000,m9 CALYX
902,CSW24,6,6,50.866000,43.700000,-7.166000,10l ZAX
902,CSW24,7,7,50.099000,43.293000,-6.806000,12k EX
902,CSW24,8,9,47.501000,40.576000,-6.925000,12k AX
902,CSW24,9,8,47.508000,39.225000,-8.283000,h11 ORACY
902,CSW24,10,12,45.719000,38.409000,-7.310000,10l YEZ
902,CSW24,11,11,45.728000,38.274000,-7.454000,10l YEX
902,CSW24,12,13,43.789000,36.966000,-6.823000,l10 ZAX
902,CSW24,13,14,43.615000,36.666000,-6.949000,l9 CRAZY
902,CSW24,14,10,46.508000,35.785000,-10.723000,12l RACY
902,CSW24,15,15,41.629000,33.694000,-7.935000,h11 OCREA
902,CSW24,16,16,40.097000,33.197000,-6.900000,l9 XRAY
902,CSW24,17,18,39.195000,32.701000,-6.494000,h10 COXY
902,CSW24,18,17,39.786000,32.361000,-7.425000,k5 CRY
902,CSW24,19,19,39.177000,31.865000,-7.312000,l10 CAREX
902,CSW24,20,21,39.099000,31.664000,-7.435000,11d EX
902,CSW24,21,22,38.789000,31.564000,-7.225000,12k RYA
902,CSW24,22,20,39.099000,31.420000,-7.679000,10m EX
902,CSW24,23,23,38.179000,30.026000,-8.153000,m11 LAZY
902,CSW24,24,28,36.305000,29.572000,-6.733000,l10 CAZ
902,CSW24,25,30,36.001000,29.441000,-6.560000,h10 COZY
820,CSW24,1,1,38.536000,29.662000,-8.874000,e1 FRAPE
820,CSW24,2,2,37.596000,28.897000,-8.699000,e4 PEA
820,CSW24,3,5,32.596000,23.700000,-8.896000,e3 APE
820,CSW24,4,4,32.737000,23.417000,-9.320000,e1 AREPA
820,CSW24,5,7,31.698000,23.092000,-8.606000,12k FAP
820,CSW24,6,6,32.040000,22.944000,-9.096000,e4 PA
820,CSW24,7,10,29.922000,21.191000,-8.731000,12k FAA
820,CSW24,8,11,29.876000,20.857000,-9.019000,e2 RAPE
820,CSW24,9,3,33.169000,20.067000,-13.102000,l11 PILAF
820,CSW24,10,12,28.698000,18.604000,-10.094000,e2 FAP
820,CSW24,11,14,27.880000,18.222000,-9.658000,c7 FRA
820,CSW24,12,9,30.341000,17.919000,-12.422000,l12 ALIF
820,CSW24,13,18,26.880000,17.777000,-9.103000,12k FA
820,CSW24,14,8,30.854000,17.561000,-13.293000,12a PARFAIT
820,CSW24,15,17,27.341000,16.168000,-11.173000,j10 FAIK
820,CSW24,16,22,25.698000,15.906000,-9.792000,c7 FRAP
820,CSW24,17,15,27.792000,15.499000,-12.293000,l8 PARAFLE
820,CSW24,18,23,25.462000,15.042000,-10.420000,b2 EF
820,CSW24,19,13,27.880000,15.040000,-12.840000,b1 FA
820,CSW24,20,24,24.880000,15.014000,-9.866000,9e FAV
820,CSW24,21,20,26.042000,14.384000,-11.658000,l8 FERIAL
820,CSW24,22,26,24.345000,14.050000,-10.295000,c7 FRAPE
820,CSW24,23,19,26.698000,14.046000,-12.652000,l12 FLAP
820,CSW24,24,28,24.040000,13.643000,-10.397000,6d JAP
820,CSW24,25,16,27.792000,13.563000,-14.229000,l9 EARFLAP
391,CSW24,1,1,77.000000,72.053000,-4.947000,h7 TENAILLEs
391,CSW24,2,3,63.000000,58.085000,-4.915000,j4 AINsELL
391,CSW24,3,2,64.000000,58.044000,-5.956000,9g rALLINE
391,CSW24,4,13,59.197000,55.448000,-3.749000,e5 VATICAL
391,CSW24,5,12,59.879000,55.132000,-4.747000,e5 VATICINAL
391,CSW24,6,4,62.000000,54.032000,-7.968000,6i NIgELLA
391,CSW24,7,5,61.000000,53.819000,-7.181000,6i gALLEIN
391,CSW24,8,8,61.000000,53.719000,-7.281000,9h ALIENLy
391,CSW24,9,10,61.000000,53.001000,-7.999000,9h NIgELLA
391,CSW24,10,6,61.000000,52.752000,-8.248000,6i mANILLE
391,CSW24,11,7,61.000000,52.385000,-8.615000,9h AINsELL
391,CSW24,12,9,61.000000,52.047000,-8.953000,9h LINAbLE
391,CSW24,13,11,60.000000,50.834000,-9.166000,9h gALLEIN
391,CSW24,14,16,50.002000,47.383000,-2.619000,9e CELLI
391,CSW24,15,15,50.090000,47.067000,-3.023000,9e CELLA
391,CSW24,16,14,50.197000,46.912000,-3.285000,9c LAC
391,CSW24,17,17,49.712000,46.729000,-2.983000,9e CELL
391,CSW24,18,20,48.613000,44.732000,-3.881000,9c LACE
391,CSW24,19,23,47.897000,44.395000,-3.502000,9e CEL
391,CSW24,20,21,48.134000,44.359000,-3.775000,5c LIVE
391,CSW24,21,24,47.613000,44.033000,-3.580000,5c LEVA
391,CSW24,22,25,46.197000,43.680000,-2.517000,9g LA
391,CSW24,23,26,45.897000,42.474000,-3.423000,5c LEV
391,CSW24,24,29,44.134000,42.294000,-1.840000,9g LEI
391,CSW24,25,27,45.879000,42.281000,-3.598000,9g LAIN
457,CSW24,1,2,20.444000,14.611000,-5.833000,7f GALE
457,CSW24,2,1,21.104000,13.940000,-7.164000,7f GELATE
457,CSW24,3,3,19.810000,13.556000,-6.254000,7f GEL
457,CSW24,4,8,16.444000,9.572000,-6.872000,7h GEAL
457,CSW24,5,5,16.810000,9.298000,-7.512000,7c GEL
457,CSW24,6,6,16.810000,8.978000,-7.832000,7c LEG
457,CSW24,7,7,16.810000,8.085000,-8.725000,e8 OGLE
457,CSW24,8,41,13.229000,7.526000,-5.703000,7f GETA
457,CSW24,9,40,13.229000,7.399000,-5.830000,7f GATE
457,CSW24,10,32,13.656000,7.396000,-6.260000,7h LET
457,CSW24,11,10,15.810000,6.952000,-8.858000,j6 GLEE
457,CSW24,12,30,13.777000,6.837000,-6.940000,7g EL
457,CSW24,13,33,13.656000,6.729000,-6.927000,9h TEL
457,CSW24,14,43,13.229000,6.700000,-6.529000,9f GETA
457,CSW24,15,4,16.854000,6.697000,-10.157000,e7 TOLLAGE
457,CSW24,16,46,13.015000,6.593000,-6.422000,7f GAL
457,CSW24,17,42,13.229000,6.476000,-6.753000,9f GATE
457,CSW24,18,9,15.810000,6.307000,-9.503000,f6 GLUE
457,CSW24,19,36,13.412000,6.027000,-7.385000,h7 LI
457,CSW24,20,31,13.777000,5.866000,-7.911000,9i EL
457,CSW24,21,35,13.412000,5.721000,-7.691000,e7 LO
457,CSW24,22,37,13.412000,5.551000,-7.861000,j8 EL
457,CSW24,23,14,15.104000,5.495000,-9.609000,7h TEAGLE
457,CSW24,24,19,14.810000,5.252000,-9.558000,i6 LENG
457,CSW24,25,12,15.694000,5.211000,-10.483000,e3 LEGATO
514,CSW24,1,1,80.000000,74.427000,-5.573000,3f BELOVeDS
514,CSW24,2,3,78.000000,72.353000,-5.647000,3f BeLOVEDS
514,CSW24,3,2,80.000000,70.876000,-9.124000,4h ABSOlVED
514,CSW24,4,4,68.000000,61.080000,-6.920000,3d aBSOLVED
514,CSW24,5,5,65.000000,57.848000,-7.152000,2c OVErBIDS
514,CSW24,6,6,64.035000,54.927000,-9.108000,d12 OBVS
514,CSW24,7,10,54.590000,49.501000,-5.089000,6f VOID
514,CSW24,8,8,55.304000,49.354000,-5.950000,d12 SOV
514,CSW24,9,11,54.284000,49.250000,-5.034000,12d SHOVED
514,CSW24,10,9,54.590000,49.014000,-5.576000,2f VOID
514,CSW24,11,12,54.037000,48.114000,-5.923000,4h ABOVE
514,CSW24,12,13,53.035000,47.376000,-5.659000,c5 OBVS
514,CSW24,13,15,52.544000,47.342000,-5.202000,i2 DOB
514,CSW24,14,16,52.480000,47.155000,-5.325000,d12 EVO
514,CSW24,15,14,52.928000,47.110000,-5.818000,d12 OB
514,CSW24,16,17,51.559000,46.518000,-5.041000,9c VOE
514,CSW24,17,7,56.035000,45.976000,-10.059000,f12 OBVS
514,CSW24,18,21,50.928000,45.411000,-5.517000,12c BOH
514,CSW24,19,20,51.113000,45.032000,-6.081000,5d DEVOT
514,CSW24,20,25,49.431000,44.596000,-4.835000,12d SHOVE
514,CSW24,21,19,51.319000,44.549000,-6.770000,2e BOVID
514,CSW24,22,23,50.544000,44.529000,-6.015000,i4 BOD
514,CSW24,23,22,50.585000,44.490000,-6.095000,4h ABOVES
514,CSW24,24,24,50.522000,44.490000,-6.032000,d12 SEV
514,CSW24,25,26,49.375000,43.713000,-5.662000,d12 OBS
797,CSW24,1,1,67.362000,53.039000,-14.323000,15h MYXOS
797,CSW24,2,7,56.080000,46.041000,-10.039000,o11 MYXOS
797,CSW24,3,2,58.820000,44.232000,-14.588000,15h MOXAS
797,CSW24,4,3,57.236000,43.280000,-13.956000,13k YEX
797,CSW24,5,6,56.131000,41.937000,-14.194000,m12 OXIM
797,CSW24,6,5,56.529000,41.806000,-14.723000,15h MAXES
797,CSW24,7,4,56.529000,41.720000,-14.809000,15h EXAMS
797,CSW24,8,8,54.521000,39.514000,-15.007000,13h OXEYES
797,CSW24,9,9,52.738000,38.933000,-13.805000,j9 YEX
797,CSW24,10,10,52.481000,37.652000,-14.829000,15h MAYOS
797,CSW24,11,11,52.481000,37.590000,-14.891000,15h MOYAS
797,CSW24,12,12,52.193000,37.439000,-14.754000,d8 DEOXY
797,CSW24,13,13,50.197000,35.308000,-14.889000,d10 MYXO
797,CSW24,14,15,49.084000,35.053000,-14.031000,13l EX
797,CSW24,15,14,49.373000,34.315000,-15.058000,13h EXOMES
797,CSW24,16,16,48.006000,33.059000,-14.947000,d10 OXY
797,CSW24,17,17,48.006000,32.951000,-15.055000,j10 OXY
797,CSW24,18,18,46.584000,32.612000,-13.972000,j9 YOM
797,CSW24,19,20,45.402000,31.209000,-14.193000,j9 YAM
797,CSW24,20,19,46.006000,30.417000,-15.589000,2h cOXY
797,CSW24,21,32,40.084000,29.631000,-10.453000,o14 OX
797,CSW24,22,21,45.006000,29.541000,-15.465000,3l OXY
797,CSW24,23,22,43.738000,29.186000,-14.552000,m8 YEX
797,CSW24,24,24,42.153000,27.624000,-14.529000,13i YEXES
797,CSW24,25,23,42.355000,27.238000,-15.117000,d10 MOXA
1176,CSW24,1,2,22.884000,15.928000,-6.956000,b9 QUOD
1176,CSW24,2,1,23.755000,15.332000,-8.423000,d10 LOAVED
1176,CSW24,3,3,21.990000,14.282000,-7.708000,b9 QUOAD
1176,CSW24,4,5,20.160000,14.277000,-5.883000,d10 LOVED
1176,CSW24,5,4,20.416000,14.020000,-6.396000,b5 EVO
1176,CSW24,6,8,19.160000,12.967000,-6.193000,5g VIDEO
1176,CSW24,7,6,19.809000,12.896000,-6.913000,b9 QUAD
1176,CSW24,8,7,19.408000,12.686000,-6.722000,b9 QUA
1176,CSW24,9,9,18.160000,12.255000,-5.905000,7g DROVE
1176,CSW24,10,10,17.628000,11.372000,-6.256000,b5 OVA
1176,CSW24,11,11,16.766000,10.814000,-5.952000,5g QI
1176,CSW24,12,13,16.416000,10.426000,-5.990000,d10 LOVE
1176,CSW24,13,12,16.416000,10.425000,-5.991000,d10 LEVO
1176,CSW24,14,15,15.866000,10.079000,-5.787000,k13 AVE
1176,CSW24,15,19,15.109000,9.644000,-5.465000,3f VEND
1176,CSW24,16,14,15.987000,9.606000,-6.381000,ex OQV
1176,CSW24,17,17,15.416000,9.376000,-6.040000,12f VOE
1176,CSW24,18,16,15.416000,9.362000,-6.054000,a3 EVO
1176,CSW24,19,18,15.160000,9.170000,-5.990000,n6 DOVE
1176,CSW24,20,20,14.913000,9.033000,-5.880000,d10 LAVED
1176,CSW24,21,23,14.102000,8.557000,-5.545000,4g STOVED
1176,CSW24,22,21,14.798000,8.417000,-6.381000,ex AOQV
1176,CSW24,23,24,14.102000,7.975000,-6.127000,5g VIDEOS
1176,CSW24,24,27,13.628000,7.791000,-5.837000,7g ARVO
1176,CSW24,25,33,12.866000,7.299000,-5.567000,7c VAPE
68,CSW24,1,1,71.146000,63.062000,-8.084000,j8 SAZ
68,CSW24,2,2,70.030000,61.527000,-8.503000,10j YADS
68,CSW24,3,5,67.475000,60.247000,-7.228000,c6 ADZ
68,CSW24,4,3,68.475000,59.324000,-9.151000,14h ADZ
68,CSW24,5,6,66.621000,58.108000,-8.513000,i13 ZAS
68,CSW24,6,4,67.621000,57.957000,-9.664000,14h SAZ
68,CSW24,7,7,66.198000,57.826000,-8.372000,10j YAD
68,CSW24,8,8,65.713000,57.765000,-7.948000,10i AYS
68,CSW24,9,9,63.767000,56.794000,-6.973000,8f FOODY
68,CSW24,10,10,63.713000,55.219000,-8.494000,10j YAS
68,CSW24,11,11,62.621000,53.864000,-8.757000,11g ZAS
68,CSW24,12,12,61.960000,53.643000,-8.317000,i8 DEYS
68,CSW24,13,13,61.960000,53.506000,-8.454000,j8 DAYS
68,CSW24,14,16,60.395000,52.553000,-7.842000,11g ZAiDY
68,CSW24,15,19,59.495000,51.749000,-7.746000,10i AY
68,CSW24,16,15,61.030000,51.723000,-9.307000,i12 YADS
68,CSW24,17,14,61.030000,51.685000,-9.345000,i12 DAYS
68,CSW24,18,20,59.475000,51.467000,-8.008000,10i ADZ
68,CSW24,19,17,60.030000,51.279000,-8.751000,10j DAYS
68,CSW24,20,24,58.767000,50.490000,-8.277000,i8 DEY
68,CSW24,21,25,58.767000,50.432000,-8.335000,j8 DAY
68,CSW24,22,27,58.555000,50.324000,-8.231000,14f DAS
68,CSW24,23,26,58.767000,50.260000,-8.507000,13b DOXY
68,CSW24,24,29,58.146000,50.140000,-8.006000,i8 SEZ
68,CSW24,25,28,58.475000,49.756000,-8.719000,8j ADZ
177,CSW24,1,2,50.838000,50.378000,-0.460000,9l AYS
177,CSW24,2,1,52.199000,50.121000,-2.078000,2b IVY
177,CSW24,3,3,49.450000,48.954000,-0.496000,14g AIRY
177,CSW24,4,4,49.096000,48.165000,-0.931000,o6 YITIE
177,CSW24,5,5,47.799000,46.414000,-1.385000,o6 YETI
177,CSW24,6,6,47.375000,44.921000,-2.454000,f12 AYIN
177,CSW24,7,9,44.585000,44.837000,0.252000,9k RAYS
177,CSW24,8,7,45.477000,43.507000,-1.970000,14i AYRIE
177,CSW24,9,12,43.528000,42.859000,-0.669000,9k RAISE
177,CSW24,10,10,44.477000,42.434000,-2.043000,14h AYRIE
177,CSW24,11,8,44.689000,42.280000,-2.409000,9l AIS
177,CSW24,12,13,43.477000,41.621000,-1.856000,14g AIERY
177,CSW24,13,11,44.375000,40.987000,-3.388000,2i YAGI
177,CSW24,14,18,41.528000,39.830000,-1.698000,9j REAIS
177,CSW24,15,14,42.689000,39.555000,-3.134000,2b AVI
177,CSW24,16,22,40.346000,39.244000,-1.102000,14e YEA
177,CSW24,17,19,40.838000,38.891000,-1.947000,14e YA
177,CSW24,18,17,41.745000,38.840000,-2.905000,i11 AIYEE
177,CSW24,19,31,39.302000,38.810000,-0.492000,14g AERY
177,CSW24,20,16,42.199000,38.665000,-3.534000,f13 YIN
177,CSW24,21,15,42.375000,38.601000,-3.774000,h12 AYIN
177,CSW24,22,20,40.439000,38.464000,-1.975000,9k REIS
177,CSW24,23,21,40.382000,38.414000,-1.968000,9k RAIS
177,CSW24,24,30,39.346000,37.873000,-1.473000,9k YEAS
177,CSW24,25,24,39.838000,37.393000,-2.445000,14i AY
270,CSW24,1,1,40.521000,32.469000,-8.052000,a4 TOWIE
270,CSW24,2,2,38.046000,29.993000,-8.053000,a4 TAWIE
270,CSW24,3,3,34.519000,26.740000,-7.779000,a5 OWIE
270,CSW24,4,4,34.402000,25.981000,-8.421000,12k MIAOW
270,CSW24,5,5,33.189000,25.087000,-8.102000,a4 TOMIA
270,CSW24,6,6,32.405000,24.801000,-7.604000,a6 WOE
270,CSW24,7,7,31.189000,21.315000,-9.874000,2b TOMIA
270,CSW24,8,8,28.407000,20.718000,-7.689000,13g WHAMO
270,CSW24,9,10,26.480000,19.490000,-6.990000,5d VOW
270,CSW24,10,9,26.970000,19.179000,-7.791000,12a WORM
270,CSW24,11,12,25.480000,19.165000,-6.315000,2i WOF
270,CSW24,12,11,25.583000,18.574000,-7.009000,13g WHA
270,CSW24,13,13,25.480000,18.355000,-7.125000,g13 OW
270,CSW24,14,14,25.405000,17.829000,-7.576000,12a WERO
270,CSW24,15,15,25.405000,17.828000,-7.577000,12a WORE
270,CSW24,16,17,24.480000,17.338000,-7.142000,n4 SOW
270,CSW24,17,16,24.668000,17.314000,-7.354000,5c AVOW
270,CSW24,18,23,23.480000,17.168000,-6.312000,i6 WO
270,CSW24,19,24,23.480000,16.487000,-6.993000,12k WO
270,CSW24,20,27,23.405000,16.297000,-7.108000,g13 OWE
270,CSW24,21,26,23.405000,16.151000,-7.254000,5b WOVE
270,CSW24,22,21,23.668000,16.136000,-7.532000,12a WORT
270,CSW24,23,20,23.689000,16.132000,-7.557000,12a WIRE
270,CSW24,24,22,23.597000,16.129000,-7.468000,a6 MOA
270,CSW24,25,19,23.825000,16.062000,-7.763000,a5 AMIE
969,CSW24,1,1,15.556000,13.717000,-1.839000,j5 LET
969,CSW24,2,2,13.339000,11.489000,-1.850000,j5 LEG
969,CSW24,3,4,10.788000,8.920000,-1.868000,a10 KLETT
969,CSW24,4,3,11.206000,8.886000,-2.320000,ex GLLTT
969,CSW24,5,5,10.261000,7.941000,-2.320000,ex GLLT
969,CSW24,6,6,9.667000,7.347000,-2.320000,ex GLTT
969,CSW24,7,7,9.556000,7.233000,-2.323000,j6 ELT
969,CSW24,8,8,8.556000,6.914000,-1.642000,m4 TEL
969,CSW24,9,12,7.598000,6.078000,-1.520000,m4 TEG
969,CSW24,10,9,8.392000,6.072000,-2.320000,ex EGLLTT
969,CSW24,11,10,8.210000,5.890000,-2.320000,ex GLT
969,CSW24,12,13,7.339000,5.837000,-1.502000,m4 LEG
969,CSW24,13,11,7.788000,5.292000,-2.496000,f8 lITTLE
969,CSW24,14,14,7.320000,5.000000,-2.320000,ex LLTT
969,CSW24,15,16,6.339000,4.817000,-1.522000,m4 GEL
969,CSW24,16,15,6.888000,4.531000,-2.357000,f8 lILT
969,CSW24,17,20,5.556000,3.700000,-1.856000,a10 KELT
969,CSW24,18,17,5.989000,3.669000,-2.320000,ex EGLLT
969,CSW24,19,18,5.835000,3.515000,-2.320000,ex LTT
969,CSW24,20,19,5.582000,3.262000,-2.320000,ex EGLTT
969,CSW24,21,21,4.620000,2.300000,-2.320000,ex LLT
969,CSW24,22,24,3.339000,1.854000,-1.485000,3l GLEI
969,CSW24,23,22,3.947000,1.627000,-2.320000,ex ELLTT
969,CSW24,24,26,2.597000,1.376000,-1.221000,m4 ZEL
969,CSW24,25,23,3.347000,1.034000,-2.313000,j6 ELL
477,CSW24,1,1,84.000000,76.583000,-7.417000,l4 FLATWIsE
477,CSW24,2,2,76.000000,67.804000,-8.196000,k1 WEArIFUL
477,CSW24,3,3,71.090000,63.117000,-7.973000,2h LOWLIFE
477,CSW24,4,4,70.887000,63.007000,-7.880000,j2 WE
477,CSW24,5,5,68.482000,60.833000,-7.649000,j1 AWE
477,CSW24,6,6,63.568000,55.412000,-8.156000,j1 AW
477,CSW24,7,7,62.330000,54.389000,-7.941000,m9 FAW
477,CSW24,8,8,60.887000,52.732000,-8.155000,j1 EW
477,CSW24,9,9,60.545000,52.726000,-7.819000,g3 FA
477,CSW24,10,11,58.254000,50.925000,-7.329000,d1 WAIL
477,CSW24,11,10,58.879000,50.552000,-8.327000,m11 WAIF
477,CSW24,12,13,56.892000,49.570000,-7.322000,d1 FAIL
477,CSW24,13,12,57.330000,49.180000,-8.150000,m11 FAW
477,CSW24,14,15,56.444000,49.117000,-7.327000,d1 WEIL
477,CSW24,15,14,56.669000,48.610000,-8.059000,m11 FEW
477,CSW24,16,16,56.340000,48.061000,-8.279000,3g WAX
477,CSW24,17,17,55.887000,47.454000,-8.433000,j3 EW
477,CSW24,18,21,53.800000,45.828000,-7.972000,4b WAIF
477,CSW24,19,19,53.879000,45.523000,-8.356000,k3 WAIFU
477,CSW24,20,20,53.879000,45.430000,-8.449000,l3 WAIFT
477,CSW24,21,22,53.800000,45.330000,-8.470000,11k WIFE
477,CSW24,22,23,53.340000,44.954000,-8.386000,2h LOW
477,CSW24,23,18,54.437000,44.251000,-10.186000,4a FLAW
477,CSW24,24,24,52.330000,44.036000,-8.294000,l4 WAFT
477,CSW24,25,26,51.891000,43.454000,-8.437000,m5 IWI
835,CSW24,1,1,34.970000,28.242000,-6.728000,9e AXE
835,CSW24,2,3,27.970000,21.554000,-6.416000,i1 AXE
835,CSW24,3,4,27.970000,21.060000,-6.910000,i5 AXE
835,CSW24,4,5,26.970000,19.832000,-7.138000,9d AXE
835,CSW24,5,7,26.455000,19.411000,-7.044000,9f EA
835,CSW24,6,6,26.455000,19.393000,-7.062000,9f AE
835,CSW24,7,2,28.362000,18.758000,-9.604000,9b AXITE
835,CSW24,8,14,24.072000,17.574000,-6.498000,9e ETA
835,CSW24,9,16,24.072000,17.469000,-6.603000,9e TEA
835,CSW24,10,15,24.072000,17.335000,-6.737000,9e TAE
835,CSW24,11,13,24.072000,17.219000,-6.853000,9e ATE
835,CSW24,12,9,25.536000,16.713000,-8.823000,7b EXEAT
835,CSW24,13,12,25.020000,16.453000,-8.567000,6c ATAXIA
835,CSW24,14,10,25.536000,16.064000,-9.472000,9b EXEAT
835,CSW24,15,8,26.020000,14.987000,-11.033000,4c ATAXIC
835,CSW24,16,20,21.787000,14.832000,-6.955000,9f AA
835,CSW24,17,17,23.970000,14.212000,-9.758000,7b AXE
835,CSW24,18,18,23.970000,14.188000,-9.782000,9b AXE
835,CSW24,19,21,19.812000,12.603000,-7.209000,9c TAXA
835,CSW24,20,19,22.455000,12.327000,-10.128000,g8 ZEA
835,CSW24,21,23,19.058000,11.774000,-7.284000,9f EE
835,CSW24,22,34,18.363000,11.609000,-6.754000,9e TEE
835,CSW24,23,25,18.699000,11.504000,-7.195000,i5 AIA
835,CSW24,24,27,18.455000,11.485000,-6.970000,g5 EA
835,CSW24,25,28,18.455000,11.411000,-7.044000,i5 AE
684,CSW24,1,1,33.170000,27.207000,-5.963000,3c TAJ
684,CSW24,2,4,29.580000,24.404000,-5.176000,a8 GI
684,CSW24,3,2,30.172000,24.286000,-5.886000,10b ZE
684,CSW24,4,3,29.743000,23.874000,-5.869000,10b ZA
684,CSW24,5,5,28.730000,22.983000,-5.747000,6e ET
684,CSW24,6,6,28.730000,22.778000,-5.952000,j7 TINK
684,CSW24,7,7,28.308000,22.764000,-5.544000,d4 TE
684,CSW24,8,8,28.308000,22.582000,-5.726000,7j TE
684,CSW24,9,9,28.172000,22.184000,-5.988000,15g EX
684,CSW24,10,11,27.743000,21.858000,-5.885000,15g AX
684,CSW24,11,10,27.743000,21.591000,-6.152000,3e JA
684,CSW24,12,16,26.337000,20.992000,-5.345000,8a GU
684,CSW24,13,12,26.743000,20.951000,-5.792000,6e EA
684,CSW24,14,14,26.584000,20.946000,-5.638000,d4 LATU
684,CSW24,15,13,26.730000,20.626000,-6.104000,n12 ELT
684,CSW24,16,19,26.170000,20.600000,-5.570000,d4 TA
684,CSW24,17,15,26.337000,20.438000,-5.899000,j7 GINK
684,CSW24,18,17,26.308000,20.179000,-6.129000,3e JET
684,CSW24,19,18,26.170000,20.150000,-6.020000,f2 TA
684,CSW24,20,22,25.172000,19.403000,-5.769000,10m GET
684,CSW24,21,29,24.669000,19.320000,-5.349000,c9 AE
684,CSW24,22,20,25.750000,19.253000,-6.497000,d4 GENUA
684,CSW24,23,30,24.669000,19.222000,-5.447000,c9 EA
684,CSW24,24,23,25.172000,19.183000,-5.989000,11m LEE
684,CSW24,25,24,24.888000,19.149000,-5.739000,d4 GENU
991,CSW24,1,1,35.966000,28.396000,-7.570000,a1 CROFT
991,CSW24,2,2,29.971000,22.566000,-7.405000,a1 CORF
991,CSW24,3,4,26.238000,19.436000,-6.802000,9c CRIM
991,CSW24,4,3,27.823000,16.032000,-11.791000,c1 COMB
991,CSW24,5,9,20.966000,14.688000,-6.278000,10b TRONC
991,CSW24,6,10,20.821000,14.180000,-6.641000,9c CRIT
991,CSW24,7,5,22.980000,14.110000,-8.870000,7a COT
991,CSW24,8,6,22.899000,12.368000,-10.531000,7a TOM
991,CSW24,9,14,18.845000,12.243000,-6.602000,9d CIT
991,CSW24,10,7,21.091000,12.117000,-8.974000,7a ROM
991,CSW24,11,8,20.971000,12.110000,-8.861000,7a COR
991,CSW24,12,13,18.899000,11.054000,-7.845000,7c MORT
991,CSW24,13,15,18.393000,9.590000,-8.803000,7b OM
991,CSW24,14,12,20.150000,9.255000,-10.895000,f1 MOCS
991,CSW24,15,11,20.150000,9.187000,-10.963000,f1 COMS
991,CSW24,16,20,15.980000,8.969000,-7.011000,9c COIT
991,CSW24,17,22,15.393000,8.494000,-6.899000,3b MO
991,CSW24,18,21,15.879000,8.447000,-7.432000,9b SCRIM
991,CSW24,19,30,14.355000,8.291000,-6.064000,10b TRONCS
991,CSW24,20,23,15.140000,7.986000,-7.154000,ex CM
991,CSW24,21,27,14.940000,7.786000,-7.154000,ex CCM
991,CSW24,22,29,14.786000,7.639000,-7.147000,f2 COS
991,CSW24,23,26,14.971000,7.373000,-7.598000,10b CRON
991,CSW24,24,16,18.228000,7.163000,-11.065000,9a CROCI
991,CSW24,25,25,14.971000,7.070000,-7.901000,10b CORN
1163,CSW24,1,1,80.000000,77.964000,-2.036000,a4 CAROLLER
1163,CSW24,2,2,28.778000,26.178000,-2.600000,a4 COLLAR
1163,CSW24,3,3,27.869000,25.281000,-2.588000,a3 OCELLAR
1163,CSW24,4,4,27.869000,24.934000,-2.935000,a4 CORELLA
1163,CSW24,5,5,26.104000,23.516000,-2.588000,a4 CAROLER
1163,CSW24,6,6,25.694000,23.177000,-2.517000,a4 CORRAL
1163,CSW24,7,7,24.522000,22.000000,-2.522000,a4 CARRELL
1163,CSW24,8,10,24.515000,21.890000,-2.625000,a4 CORAL
1163,CSW24,9,8,24.515000,21.799000,-2.716000,a4 CAROL
1163,CSW24,10,9,24.515000,21.601000,-2.914000,a4 CLARO
1163,CSW24,11,11,23.780000,21.317000,-2.463000,a4 CALLER
1163,CSW24,12,12,23.780000,21.265000,-2.515000,a4 CELLAR
1163,CSW24,13,13,22.586000,19.942000,-2.644000,a4 CEORL
1163,CSW24,14,15,21.751000,19.342000,-2.409000,a4 CARREL
1163,CSW24,15,16,21.595000,18.795000,-2.800000,a4 COALER
1163,CSW24,16,17,18.969000,16.371000,-2.598000,a4 CARLE
1163,CSW24,17,18,18.969000,16.290000,-2.679000,a4 CLEAR
1163,CSW24,18,20,17.586000,15.550000,-2.036000,f10 EORL
1163,CSW24,19,19,17.662000,15.450000,-2.212000,3f RAX
1163,CSW24,20,14,21.888000,14.662000,-7.226000,14a ROLF
1163,CSW24,21,21,17.202000,14.536000,-2.666000,a4 CELLO
1163,CSW24,22,23,15.942000,13.402000,-2.540000,a4 CORREA
1163,CSW24,23,26,15.773000,13.274000,-2.499000,a4 CORER
1163,CSW24,24,28,15.586000,13.132000,-2.454000,1f LOVER
1163,CSW24,25,27,15.773000,13.031000,-2.742000,a4 CRORE
1109,CSW24,1,1,18.917000,7.475000,-11.442000,15j AUGITE
1109,CSW24,2,3,9.812000,-1.173000,-10.985000,15k AGUTI
1109,CSW24,3,4,9.282000,-2.906000,-12.188000,h8 OUTIE
1109,CSW24,4,5,8.407000,-3.906000,-12.313000,i6 AUREI
1109,CSW24,5,7,7.917000,-4.582000,-12.499000,6i AUNTIE
1109,CSW24,6,6,8.407000,-4.650000,-13.057000,i7 URAEI
1109,CSW24,7,2,13.917000,-5.556000,-19.473000,14j AUNTIE
1109,CSW24,8,9,6.970000,-6.086000,-13.056000,i6 IURE
1109,CSW24,9,8,7.812000,-6.089000,-13.901000,b10 AGUTI
1109,CSW24,10,20,4.943000,-6.611000,-11.554000,9g AUE
1109,CSW24,11,18,4.970000,-7.082000,-12.052000,h6 EUOI
1109,CSW24,12,13,5.970000,-7.122000,-13.092000,4f LIEU
1109,CSW24,13,21,4.729000,-7.840000,-12.569000,3c TOUPIE
1109,CSW24,14,14,5.282000,-7.928000,-13.210000,l2 ETUI
1109,CSW24,15,22,4.282000,-8.036000,-12.318000,c4 ETUI
1109,CSW24,16,24,4.282000,-8.380000,-12.662000,6j UNTIE
1109,CSW24,17,23,4.282000,-8.498000,-12.780000,6j UNITE
1109,CSW24,18,25,4.282000,-8.705000,-12.987000,j11 ETUI
1109,CSW24,19,28,3.812000,-8.889000,-12.701000,j3 AITU
1109,CSW24,20,29,3.812000,-9.301000,-13.113000,l3 AITU
1109,CSW24,21,39,1.729000,-9.398000,-11.127000,15l GEIT
1109,CSW24,22,40,1.729000,-9.486000,-11.215000,15l GITE
1109,CSW24,23,31,3.249000,-9.615000,-12.864000,ex EIIU
1109,CSW24,24,11,6.555000,-9.865000,-16.420000,14j AENEI
1109,CSW24,25,32,2.683000,-9.983000,-12.666000,m13 TUI
59,CSW24,1,1,70.000000,62.036000,-7.964000,14b TRISULA
59,CSW24,2,2,27.374000,22.809000,-4.565000,7g LUD
59,CSW24,3,3,24.513000,19.490000,-5.023000,n9 ITA
59,CSW24,4,8,23.605000,19.063000,-4.542000,7g RUD
59,CSW24,5,7,23.694000,18.324000,-5.370000,7l ALU
59,CSW24,6,6,23.694000,18.281000,-5.413000,j5 LUAU
59,CSW24,7,5,23.715000,18.006000,-5.709000,l4 TRULY
59,CSW24,8,4,23.886000,17.819000,-6.067000,l4 LAITY
59,CSW24,9,11,22.791000,17.797000,-4.994000,n9 IT
59,CSW24,10,9,23.092000,17.062000,-6.030000,l4 LAIRY
59,CSW24,11,12,22.694000,16.905000,-5.789000,7f LAUD
59,CSW24,12,13,22.242000,16.684000,-5.558000,n6 TUI
59,CSW24,13,10,22.815000,16.467000,-6.348000,l3 ARTILY
59,CSW24,14,16,20.742000,15.637000,-5.105000,ex U
59,CSW24,15,15,21.474000,15.463000,-6.011000,14e LUIT
59,CSW24,16,20,20.374000,15.269000,-5.105000,ex LU
59,CSW24,17,21,20.298000,15.152000,-5.146000,n7 LI
59,CSW24,18,18,20.513000,15.146000,-5.367000,h6 LIRA
59,CSW24,19,17,20.513000,15.036000,-5.477000,h6 LARI
59,CSW24,20,22,19.955000,14.932000,-5.023000,8n IF
59,CSW24,21,19,20.415000,14.908000,-5.507000,l5 RULY
59,CSW24,22,14,21.797000,14.828000,-6.969000,n4 URALI
59,CSW24,23,23,19.907000,14.747000,-5.160000,n10 TA
59,CSW24,24,25,19.676000,14.528000,-5.148000,n13 RIA
59,CSW24,25,24,19.694000,14.322000,-5.372000,h12 AULA
113,CSW24,1,4,39.376000,33.310000,-6.066000,8a KO
113,CSW24,2,2,41.096000,31.284000,-9.812000,m11 KAGO
113,CSW24,3,3,40.772000,30.061000,-10.711000,k5 GOWK
113,CSW24,4,5,39.105000,29.874000,-9.231000,l4 GLAIK
113,CSW24,5,6,38.854000,28.781000,-10.073000,12i KOGALS
113,CSW24,6,1,41.191000,28.364000,-12.827000,m11 KOGAL
113,CSW24,7,9,37.376000,28.162000,-9.214000,k5 KOW
113,CSW24,8,7,38.191000,28.005000,-10.186000,m3 KALONG
113,CSW24,9,8,37.694000,27.034000,-10.660000,12j KAGOS
113,CSW24,10,10,37.108000,26.319000,-10.789000,k5 GAWK
113,CSW24,11,13,33.979000,25.421000,-8.558000,6i GAOL
113,CSW24,12,12,34.376000,25.406000,-8.970000,6k OK
113,CSW24,13,11,34.854000,25.106000,-9.748000,m3 KALONGS
113,CSW24,14,30,31.134000,24.898000,-6.236000,8a GO
113,CSW24,15,14,33.813000,24.689000,-9.124000,m11 KEG
113,CSW24,16,17,33.108000,24.400000,-8.708000,m6 KNAG
113,CSW24,17,15,33.810000,23.889000,-9.921000,m11 KOLA
113,CSW24,18,16,33.127000,23.402000,-9.725000,m11 KOA
113,CSW24,19,20,32.656000,23.181000,-9.475000,12l KOS
113,CSW24,20,18,32.798000,23.146000,-9.652000,12k GAKS
113,CSW24,21,19,32.772000,23.063000,-9.709000,m5 GONK
113,CSW24,22,22,32.376000,22.992000,-9.384000,m11 KO
113,CSW24,23,21,32.656000,22.781000,-9.875000,m11 KOEL
113,CSW24,24,31,31.021000,22.485000,-8.536000,6h GOA
113,CSW24,25,27,31.376000,22.242000,-9.134000,6l KO
545,CSW24,1,1,7.364000,0.324000,-7.040000,12c IRIDIC
545,CSW24,2,2,1.836000,-4.817000,-6.653000,ex IIIO
545,CSW24,3,3,1.401000,-5.252000,-6.653000,ex III
545,CSW24,4,4,0.683000,-5.970000,-6.653000,ex DIIIO
545,CSW24,5,5,0.225000,-6.428000,-6.653000,ex IIII
545,CSW24,6,6,0.082000,-6.571000,-6.653000,ex IIIINO
545,CSW24,7,7,0.000000,-6.653000,-6.653000,ex DIIIINO
545,CSW24,8,8,-0.109000,-6.762000,-6.653000,ex DIIIIO
545,CSW24,9,9,-0.473000,-7.126000,-6.653000,ex IIIIO
545,CSW24,10,10,-0.606000,-7.259000,-6.653000,ex IIINO
545,CSW24,11,12,-0.923000,-7.576000,-6.653000,ex IIIIN
545,CSW24,12,11,-0.710000,-7.801000,-7.091000,12c IRONIC
545,CSW24,13,13,-1.248000,-7.901000,-6.653000,ex DIIII
545,CSW24,14,15,-1.636000,-8.289000,-6.653000,ex DIII
545,CSW24,15,16,-2.208000,-8.861000,-6.653000,ex DIIINO
545,CSW24,16,17,-2.478000,-9.131000,-6.653000,ex DIIIIN
545,CSW24,17,18,-2.825000,-9.478000,-6.653000,ex IIIN
545,CSW24,18,20,-3.991000,-9.781000,-5.790000,e8 ROIN
545,CSW24,19,19,-3.019000,-9.878000,-6.859000,12d RIDIC
545,CSW24,20,22,-4.986000,-11.639000,-6.653000,ex IIO
545,CSW24,21,21,-4.101000,-12.000000,-7.899000,6h NIDI
545,CSW24,22,23,-5.897000,-12.550000,-6.653000,ex DIIIN
545,CSW24,23,25,-6.416000,-13.069000,-6.653000,ex II
545,CSW24,24,24,-6.019000,-13.344000,-7.325000,12c IRID
545,CSW24,25,14,-1.550000,-13.596000,-12.046000,9h IODIN
780,CSW24,1,1,34.406000,35.124000,0.718000,b11 FLAY
780,CSW24,2,2,34.339000,34.255000,-0.084000,b12 FAY
780,CSW24,3,3,33.770000,33.366000,-0.404000,13a ZYGA
780,CSW24,4,4,31.876000,31.941000,0.065000,13a ZYGAL
780,CSW24,5,6,28.981000,29.466000,0.485000,b11 FLAG
780,CSW24,6,5,29.599000,29.240000,-0.359000,b12 FAG
780,CSW24,7,8,26.606000,26.264000,-0.342000,11e GIF
780,CSW24,8,7,27.978000,25.522000,-2.456000,b12 FAIL
780,CSW24,9,12,24.737000,25.496000,0.759000,4c GALYAK
780,CSW24,10,11,25.934000,25.244000,-0.690000,b12 FAA
780,CSW24,11,10,26.007000,24.968000,-1.039000,b6 FAIL
780,CSW24,12,9,26.403000,24.948000,-1.455000,13a ZAG
780,CSW24,13,15,23.336000,23.615000,0.279000,d1 FOGY
780,CSW24,14,14,23.654000,23.524000,-0.130000,b11 ALAY
780,CSW24,15,13,23.770000,23.443000,-0.327000,d1 YOGA
780,CSW24,16,17,22.699000,22.491000,-0.208000,c9 IFFILY
780,CSW24,17,16,22.816000,21.993000,-0.823000,9g YAE
780,CSW24,18,19,21.978000,21.961000,-0.017000,d1 FOLIA
780,CSW24,19,20,21.934000,21.032000,-0.902000,b11 FAA
780,CSW24,20,18,22.033000,20.657000,-1.376000,13a ZIG
780,CSW24,21,24,19.937000,20.028000,0.091000,d8 ABIGAIL
780,CSW24,22,21,21.129000,19.721000,-1.408000,b12 FA
780,CSW24,23,22,20.768000,19.589000,-1.179000,13a ZILA
780,CSW24,24,25,19.599000,18.850000,-0.749000,d1 GOAF
780,CSW24,25,23,20.339000,18.795000,-1.544000,c1 FRAY
888,CSW24,1,1,39.096000,32.551000,-6.545000,o8 MM
888,CSW24,2,2,37.400000,30.228000,-7.172000,o5 DERM
888,CSW24,3,5,36.419000,29.930000,-6.489000,o5 DAMME
888,CSW24,4,4,36.436000,29.277000,-7.159000,o5 DRAM
888,CSW24,5,7,35.548000,29.022000,-6.526000,o5 DERMA
888,CSW24,6,9,35.096000,27.966000,-7.130000,o7 MM
888,CSW24,7,10,31.548000,25.009000,-6.539000,o5 DREAM
888,CSW24,8,6,36.258000,24.774000,-11.484000,3c GREMMY
888,CSW24,9,8,35.201000,24.763000,-10.438000,6l REM
888,CSW24,10,3,36.869000,24.476000,-12.393000,2b GRAMMES
888,CSW24,11,11,31.191000,24.380000,-6.811000,o7 GAME
888,CSW24,12,12,31.060000,23.948000,-7.112000,o3 RADGER
888,CSW24,13,13,30.395000,23.215000,-7.180000,o7 GAM
888,CSW24,14,14,30.057000,22.917000,-7.140000,o7 MAM
888,CSW24,15,15,29.588000,22.624000,-6.964000,o5 DARG
888,CSW24,16,16,29.588000,22.459000,-7.129000,o5 DRAG
888,CSW24,17,17,29.400000,22.245000,-7.155000,o7 ERM
888,CSW24,18,18,29.400000,22.218000,-7.182000,o7 REM
888,CSW24,19,21,28.548000,21.807000,-6.741000,o7 MARE
888,CSW24,20,20,28.744000,21.594000,-7.150000,o7 GEM
888,CSW24,21,24,28.372000,21.380000,-6.992000,o5 DREG
888,CSW24,22,22,28.436000,21.252000,-7.184000,o7 ARM
888,CSW24,23,23,28.436000,21.236000,-7.200000,o7 RAM
888,CSW24,24,25,27.811000,20.662000,-7.149000,o7 MEM
888,CSW24,25,27,26.436000,19.249000,-7.187000,o7 MAR
808,CSW24,1,1,86.000000,68.103000,-17.897000,4e AXONEMAL
808,CSW24,2,2,69.841000,62.549000,-7.292000,1c AXEMEN
808,CSW24,3,3,69.841000,62.493000,-7.348000,1c EXAMEN
808,CSW24,4,4,48.841000,41.254000,-7.587000,1g EXAMEN
808,CSW24,5,5,47.740000,40.448000,-7.292000,1d AXMEN
808,CSW24,6,6,46.694000,39.256000,-7.438000,1e AXEMAN
808,CSW24,7,7,45.841000,38.517000,-7.324000,1e AXEMEN
808,CSW24,8,8,43.787000,36.533000,-7.254000,1g EXAM
808,CSW24,9,9,41.177000,34.224000,-6.953000,1e AXEL
808,CSW24,10,12,36.903000,29.248000,-7.655000,1d MELENA
808,CSW24,11,13,35.763000,28.757000,-7.006000,1g EX
808,CSW24,12,20,33.038000,26.152000,-6.886000,1f LEX
808,CSW24,13,16,33.508000,26.128000,-7.380000,h1 MA
808,CSW24,14,21,32.654000,24.113000,-8.541000,1c MELAENA
808,CSW24,15,22,32.654000,24.072000,-8.582000,1f MELAENA
808,CSW24,16,31,30.903000,22.888000,-8.015000,1g ENAMEL
808,CSW24,17,30,30.903000,22.848000,-8.055000,1c ENAMEL
808,CSW24,18,50,28.171000,20.914000,-7.257000,h1 ME
808,CSW24,19,51,27.903000,20.033000,-7.870000,1f MELENA
808,CSW24,20,11,38.355000,19.963000,-18.392000,f6 ANNEX
808,CSW24,21,55,26.615000,18.819000,-7.796000,1f LEMAN
808,CSW24,22,64,25.633000,18.176000,-7.457000,h1 LA
808,CSW24,23,66,25.243000,17.850000,-7.393000,1f LEAM
808,CSW24,24,71,25.237000,17.743000,-7.494000,1f NEMA
808,CSW24,25,68,25.243000,17.739000,-7.504000,1f MELA
467,CSW24,1,1,44.073000,35.117000,-8.956000,6f ROQUE
467,CSW24,2,2,43.257000,34.115000,-9.142000,6h QUEER
467,CSW24,3,3,37.086000,28.703000,-8.383000,6f QuEUE
467,CSW24,4,4,36.591000,28.242000,-8.349000,d8 ZEE
467,CSW24,5,5,35.871000,26.573000,-9.298000,j2 QuEER
467,CSW24,6,6,34.340000,25.827000,-8.513000,ex EEOQ
467,CSW24,7,8,33.406000,24.893000,-8.513000,ex EEQ
467,CSW24,8,9,32.914000,24.401000,-8.513000,ex EOQ
467,CSW24,9,10,32.871000,24.398000,-8.473000,6f QuEUER
467,CSW24,10,11,31.591000,24.258000,-7.333000,f8 NEE
467,CSW24,11,7,33.764000,23.768000,-9.996000,12h BOREE
467,CSW24,12,12,30.560000,22.941000,-7.619000,g12 OE
467,CSW24,13,13,30.560000,22.767000,-7.793000,i12 OE
467,CSW24,14,18,29.560000,22.179000,-7.381000,g7 OKE
467,CSW24,15,14,30.265000,21.752000,-8.513000,ex EEOQR
467,CSW24,16,15,30.046000,21.533000,-8.513000,ex EEEQ
467,CSW24,17,17,29.768000,21.532000,-8.236000,10e WEEPER
467,CSW24,18,16,29.841000,21.150000,-8.691000,j9 REO
467,CSW24,19,22,28.560000,20.927000,-7.633000,10d OWE
467,CSW24,20,19,29.229000,20.716000,-8.513000,ex EEEOQ
467,CSW24,21,23,28.538000,20.025000,-8.513000,ex EQ
467,CSW24,22,27,27.591000,19.830000,-7.761000,i12 EE
467,CSW24,23,24,28.292000,19.779000,-8.513000,ex EEEOQR
467,CSW24,24,21,28.591000,19.707000,-8.884000,j10 EE
467,CSW24,25,20,28.768000,19.367000,-9.401000,j9 REE
1106,CSW24,1,1,84.000000,81.363000,-2.637000,12a BAHOoKIE
1106,CSW24,2,2,84.000000,81.363000,-2.637000,12a BAHoOKIE
1106,CSW24,3,3,59.616000,55.959000,-3.657000,3g HOKI
1106,CSW24,4,4,58.450000,54.660000,-3.790000,3g HOKA
1106,CSW24,5,5,57.235000,53.419000,-3.816000,3g HOKE
1106,CSW24,6,6,55.616000,51.829000,-3.787000,3g HOIK
1106,CSW24,7,7,55.372000,51.698000,-3.674000,3g HIKE
1106,CSW24,8,8,55.235000,51.391000,-3.844000,12a BOKEH
1106,CSW24,9,9,55.081000,51.076000,-4.005000,d8 MATOKE
1106,CSW24,10,10,54.607000,50.872000,-3.735000,3g HAKE
1106,CSW24,11,11,54.524000,50.836000,-3.688000,3g HOI
1106,CSW24,12,12,53.461000,50.081000,-3.380000,6f KO
1106,CSW24,13,13,53.402000,49.601000,-3.801000,3g HAO
1106,CSW24,14,14,53.402000,49.584000,-3.818000,3g HOA
1106,CSW24,15,15,53.257000,49.524000,-3.733000,3g HAIK
1106,CSW24,16,16,52.607000,48.764000,-3.843000,12a BEKAH
1106,CSW24,17,17,52.104000,48.014000,-4.090000,12a BOAK
1106,CSW24,18,23,50.760000,47.973000,-2.787000,b14 OH
1106,CSW24,19,18,51.417000,47.895000,-3.522000,h1 RAIK
1106,CSW24,20,19,51.313000,47.512000,-3.801000,3g HOE
1106,CSW24,21,20,51.081000,47.137000,-3.944000,12a BOKE
1106,CSW24,22,21,50.760000,47.030000,-3.730000,3g HO
1106,CSW24,23,22,50.760000,46.819000,-3.941000,6f HO
1106,CSW24,24,24,49.892000,46.249000,-3.643000,3g HIE
1106,CSW24,25,25,49.783000,45.934000,-3.849000,12a BIKE
1080,CSW24,1,1,22.435000,16.479000,-5.956000,c10 VINYL
1080,CSW24,2,2,21.975000,16.345000,-5.630000,13a VLY
1080,CSW24,3,3,20.441000,13.044000,-7.397000,b11 VAIRY
1080,CSW24,4,4,17.789000,11.865000,-5.924000,c10 VINY
1080,CSW24,5,5,17.426000,11.511000,-5.915000,5i SPIV
1080,CSW24,6,6,16.987000,11.088000,-5.899000,13a PLY
1080,CSW24,7,7,16.412000,10.512000,-5.900000,13a PRY
1080,CSW24,8,9,14.441000,8.652000,-5.789000,1d YRIVD
1080,CSW24,9,8,14.577000,8.393000,-6.184000,b10 VIAL
1080,CSW24,10,14,13.858000,8.150000,-5.708000,k4 VIRAL
1080,CSW24,11,13,13.858000,8.065000,-5.793000,k4 RIVAL
1080,CSW24,12,12,13.865000,7.908000,-5.957000,5i SPIRY
1080,CSW24,13,10,14.084000,7.719000,-6.365000,2f PROPYL
1080,CSW24,14,15,13.577000,7.680000,-5.897000,k5 VIAL
1080,CSW24,15,18,13.564000,7.513000,-6.051000,k4 RIVA
1080,CSW24,16,22,13.182000,7.276000,-5.906000,1d VIRID
1080,CSW24,17,19,13.564000,7.258000,-6.306000,10c RIVA
1080,CSW24,18,21,13.377000,7.229000,-6.148000,b10 VIA
1080,CSW24,19,16,13.577000,7.041000,-6.536000,b11 VAIL
1080,CSW24,20,17,13.577000,7.033000,-6.544000,b11 VALI
1080,CSW24,21,20,13.564000,6.967000,-6.597000,b11 VAIR
1080,CSW24,22,11,13.972000,6.444000,-7.528000,c7 RIVLIN
1080,CSW24,23,23,11.634000,5.406000,-6.228000,c10 PINY
1080,CSW24,24,24,11.377000,5.296000,-6.081000,k5 VIA
1080,CSW24,25,25,11.377000,4.900000,-6.477000,b12 AVI
1184,CSW24,1,1,52.692000,48.024000,-4.668000,3c FAX
1184,CSW24,2,2,44.252000,39.180000,-5.072000,3c PAX
1184,CSW24,3,3,41.418000,36.506000,-4.912000,3c FAP
1184,CSW24,4,4,39.727000,33.639000,-6.088000,n8 FOX
1184,CSW24,5,5,37.727000,31.919000,-5.808000,6j FOX
1184,CSW24,6,6,37.692000,31.542000,-6.150000,n8 FAX
1184,CSW24,7,8,35.779000,30.736000,-5.043000,3c FAN
1184,CSW24,8,7,36.243000,30.344000,-5.899000,6j FOP
1184,CSW24,9,9,35.727000,29.383000,-6.344000,6b FOX
1184,CSW24,10,10,35.243000,28.789000,-6.454000,3a FOP
1184,CSW24,11,12,33.585000,27.557000,-6.028000,6j FON
1184,CSW24,12,11,33.692000,27.328000,-6.364000,6b FAX
1184,CSW24,13,13,33.418000,27.041000,-6.377000,3a FAP
1184,CSW24,14,14,33.300000,26.953000,-6.347000,n8 POX
1184,CSW24,15,15,31.727000,26.141000,-5.586000,m1 FLOX
1184,CSW24,16,16,31.349000,25.844000,-5.505000,6j FOEN
1184,CSW24,17,17,31.349000,25.816000,-5.533000,6j FONE
1184,CSW24,18,19,30.967000,25.454000,-5.513000,3b OF
1184,CSW24,19,20,30.766000,25.150000,-5.616000,m1 FLEXO
1184,CSW24,20,23,30.433000,25.146000,-5.287000,3c OAF
1184,CSW24,21,22,30.592000,24.815000,-5.777000,m1 FLAXEN
1184,CSW24,22,18,31.252000,24.775000,-6.477000,n8 PAX
1184,CSW24,23,25,30.159000,24.638000,-5.521000,3c PAN
1184,CSW24,24,24,30.300000,24.277000,-6.023000,4k POX
1184,CSW24,25,26,29.692000,24.106000,-5.586000,m1 FLAX
164,CSW24,1,1,18.352000,7.212000,-11.140000,8a VAX
164,CSW24,2,2,12.654000,1.116000,-11.538000,8a VATU
164,CSW24,3,3,12.654000,1.091000,-11.563000,8a VAUT
164,CSW24,4,6,9.373000,-2.172000,-11.545000,8a VAG
164,CSW24,5,8,9.153000,-2.562000,-11.715000,8a GAUD
164,CSW24,6,4,10.837000,-3.530000,-14.367000,9a VEXT
164,CSW24,7,9,7.914000,-3.723000,-11.637000,8a TAX
164,CSW24,8,5,9.587000,-5.036000,-14.623000,l3 TUG
164,CSW24,9,11,6.172000,-5.327000,-11.499000,8a TAV
164,CSW24,10,7,9.153000,-5.475000,-14.628000,l3 DUG
164,CSW24,11,12,6.172000,-5.545000,-11.717000,8a VAT
164,CSW24,12,10,6.587000,-5.813000,-12.400000,a6 GUT
164,CSW24,13,18,3.402000,-8.438000,-11.840000,8a DAUT
164,CSW24,14,17,3.896000,-10.867000,-14.763000,l3 TUT
164,CSW24,15,16,4.368000,-10.889000,-15.257000,j3 TUX
164,CSW24,16,13,4.780000,-10.943000,-15.723000,j1 VUG
164,CSW24,17,28,0.896000,-10.984000,-11.880000,8a TATU
164,CSW24,18,29,0.896000,-10.996000,-11.892000,8a TAUT
164,CSW24,19,15,4.368000,-11.186000,-15.554000,j1 TUX
164,CSW24,20,27,0.896000,-11.582000,-12.478000,a6 TUT
164,CSW24,21,14,4.780000,-11.595000,-16.375000,2h GUVS
164,CSW24,22,19,2.728000,-12.478000,-15.206000,j3 DUX
164,CSW24,23,37,-0.413000,-13.005000,-12.592000,a9 TUG
164,CSW24,24,44,-1.211000,-13.156000,-11.945000,8a TAG
164,CSW24,25,43,-1.211000,-13.342000,-12.131000,8a GAT
24,CSW24,1,1,37.333000,35.243000,-2.090000,k5 JO
24,CSW24,2,2,27.507000,24.809000,-2.698000,13b JOCO
24,CSW24,3,3,25.810000,23.576000,-2.234000,k5 OX
24,CSW24,4,4,21.810000,19.677000,-2.133000,7l GOX
24,CSW24,5,8,20.296000,18.256000,-2.040000,o4 JAVEL
24,CSW24,6,6,21.781000,16.561000,-5.220000,n1 JOTA
24,CSW24,7,5,21.781000,16.549000,-5.232000,n1 JATO
24,CSW24,8,7,20.901000,16.352000,-4.549000,g12 OXO
24,CSW24,9,11,19.136000,16.050000,-3.086000,g12 OVA
24,CSW24,10,10,19.136000,16.023000,-3.113000,g12 AVO
24,CSW24,11,13,18.333000,15.631000,-2.702000,1e JO
24,CSW24,12,14,18.108000,15.493000,-2.615000,4j JOBE
24,CSW24,13,12,18.517000,15.320000,-3.197000,g12 EVO
24,CSW24,14,18,17.594000,15.205000,-2.389000,o4 VOXEL
24,CSW24,15,15,17.923000,15.052000,-2.871000,n6 JEUX
24,CSW24,16,16,17.810000,14.861000,-2.949000,m3 NOX
24,CSW24,17,9,19.333000,14.755000,-4.578000,n1 JOT
24,CSW24,18,20,17.517000,14.748000,-2.769000,n1 VOTE
24,CSW24,19,19,17.517000,14.747000,-2.770000,n1 VETO
24,CSW24,20,17,17.666000,14.531000,-3.135000,n6 JEU
24,CSW24,21,22,17.333000,14.440000,-2.893000,4j JOB
24,CSW24,22,25,16.875000,14.384000,-2.491000,6a VALE
24,CSW24,23,23,17.095000,14.104000,-2.991000,m8 FOVEA
24,CSW24,24,21,17.517000,14.082000,-3.435000,12f HOVE
24,CSW24,25,24,17.095000,13.772000,-3.323000,12f HOVEA
672,CSW24,1,1,71.000000,71.242000,0.242000,11e AERATION
672,CSW24,2,3,41.572000,40.791000,-0.781000,5c HAN
672,CSW24,3,2,41.618000,39.833000,-1.785000,5c HA
672,CSW24,4,4,39.816000,39.035000,-0.781000,5c HAE
672,CSW24,5,5,37.995000,37.214000,-0.781000,5c HAT
672,CSW24,6,7,35.296000,34.559000,-0.737000,5b THAE
672,CSW24,7,9,33.698000,32.961000,-0.737000,5b THAN
672,CSW24,8,8,34.618000,32.517000,-2.101000,6h TA
672,CSW24,9,6,35.428000,31.913000,-3.515000,5a ARHAT
672,CSW24,10,11,33.423000,31.801000,-1.622000,5b AHA
672,CSW24,11,10,33.618000,31.294000,-2.324000,14n AI
672,CSW24,12,12,32.688000,31.281000,-1.407000,1a NIPA
672,CSW24,13,13,32.618000,30.367000,-2.251000,9k EA
672,CSW24,14,18,30.053000,28.524000,-1.529000,1a NAPA
672,CSW24,15,15,30.618000,28.324000,-2.294000,j1 AW
672,CSW24,16,14,30.618000,28.301000,-2.317000,1c PA
672,CSW24,17,17,30.618000,28.263000,-2.355000,l12 OMA
672,CSW24,18,16,30.618000,27.880000,-2.738000,5b AH
672,CSW24,19,22,28.979000,27.434000,-1.545000,1a TAPA
672,CSW24,20,20,29.618000,27.349000,-2.269000,10j AR
672,CSW24,21,28,28.068000,27.287000,-0.781000,5c HET
672,CSW24,22,24,28.654000,27.239000,-1.415000,n13 TAI
672,CSW24,23,23,28.672000,27.209000,-1.463000,1a ARPA
672,CSW24,24,21,29.618000,27.123000,-2.495000,11n AM
672,CSW24,25,19,29.618000,26.964000,-2.654000,2b AI
948,CSW24,1,1,67.329000,60.684000,-6.645000,n10 ZOA
948,CSW24,2,2,66.396000,59.477000,-6.919000,n10 ZO
948,CSW24,3,3,63.200000,56.637000,-6.563000,n10 ZOEA
948,CSW24,4,4,61.504000,54.632000,-6.872000,n10 ZA
948,CSW24,5,5,59.018000,52.407000,-6.611000,n8 BEZ
948,CSW24,6,6,58.812000,52.171000,-6.641000,n10 ZEA
948,CSW24,7,7,56.018000,49.089000,-6.929000,n10 ZE
948,CSW24,8,9,47.086000,39.973000,-7.113000,n12 IZAR
948,CSW24,9,8,47.917000,37.469000,-10.448000,d11 ARROZ
948,CSW24,10,13,41.329000,34.166000,-7.163000,n13 ZOA
948,CSW24,11,10,42.169000,33.789000,-8.380000,d11 ZORI
948,CSW24,12,12,41.329000,33.710000,-7.619000,n12 AZO
948,CSW24,13,11,41.778000,33.548000,-8.230000,10j ZOARIA
948,CSW24,14,14,41.086000,32.906000,-8.180000,d10 IZAR
948,CSW24,15,17,39.396000,31.700000,-7.696000,n13 ZO
948,CSW24,16,16,39.917000,31.607000,-8.310000,f10 ARROZ
948,CSW24,17,18,39.086000,30.767000,-8.319000,d11 ZARI
948,CSW24,18,15,40.780000,29.778000,-11.002000,d11 ZAIRE
948,CSW24,19,20,37.329000,29.194000,-8.135000,d10 AZO
948,CSW24,20,19,37.345000,28.994000,-8.351000,d11 ZERO
948,CSW24,21,21,35.698000,27.894000,-7.804000,6c RONZ
948,CSW24,22,22,35.396000,27.255000,-8.141000,d11 ZO
948,CSW24,23,25,34.504000,26.993000,-7.511000,n13 ZA
948,CSW24,24,23,35.329000,26.975000,-8.354000,d11 ZOA
948,CSW24,25,29,32.812000,25.649000,-7.163000,n13 ZEA
531,CSW24,1,1,38.096000,32.655000,-5.441000,c11 MENG
531,CSW24,2,2,36.216000,31.370000,-4.846000,14m GEM
531,CSW24,3,3,35.216000,29.819000,-5.397000,c11 MEG
531,CSW24,4,4,35.096000,29.326000,-5.770000,13k MENG
531,CSW24,5,5,34.216000,28.759000,-5.457000,c11 GEM
531,CSW24,6,6,34.163000,28.706000,-5.457000,c11 MENGE
531,CSW24,7,7,33.926000,28.459000,-5.467000,c11 GEMEL
531,CSW24,8,9,33.354000,28.331000,-5.023000,14m MEL
531,CSW24,9,10,33.086000,27.962000,-5.124000,e2 TOME
531,CSW24,10,8,33.354000,27.912000,-5.442000,c11 MEL
531,CSW24,11,13,32.033000,26.989000,-5.044000,14m GEL
531,CSW24,12,12,32.033000,26.502000,-5.531000,c11 GEL
531,CSW24,13,11,32.216000,26.460000,-5.756000,13k MEG
531,CSW24,14,16,31.204000,26.159000,-5.045000,14m GEN
531,CSW24,15,17,31.163000,25.517000,-5.646000,13k MENGE
531,CSW24,16,15,31.204000,25.508000,-5.696000,c11 GEN
531,CSW24,17,14,31.216000,25.363000,-5.853000,13k GEM
531,CSW24,18,18,30.926000,25.151000,-5.775000,13k GEMEL
531,CSW24,19,24,30.127000,25.103000,-5.024000,14m MEN
531,CSW24,20,20,30.204000,24.594000,-5.610000,c11 NEG
531,CSW24,21,23,30.127000,24.555000,-5.572000,c11 MEN
531,CSW24,22,22,30.163000,24.482000,-5.681000,14a LEGMEN
531,CSW24,23,19,30.354000,24.430000,-5.924000,13k MEL
531,CSW24,24,21,30.168000,24.320000,-5.848000,13k GLEN
531,CSW24,25,27,29.086000,23.764000,-5.322000,14n EM
954,CSW24,1,1,21.203000,13.513000,-7.690000,g5 DEV
954,CSW24,2,2,20.197000,12.635000,-7.562000,g5 LEV
954,CSW24,3,3,18.942000,11.301000,-7.641000,l1 DEVONS
954,CSW24,4,4,17.976000,9.796000,-8.180000,3l DEV
954,CSW24,5,9,16.030000,8.853000,-7.177000,g1 VET
954,CSW24,6,6,16.958000,8.811000,-8.147000,g5 DEF
954,CSW24,7,7,16.699000,8.693000,-8.006000,g5 NEF
954,CSW24,8,8,16.372000,8.581000,-7.791000,ex FLV
954,CSW24,9,10,15.919000,8.128000,-7.791000,ex FNV
954,CSW24,10,11,15.699000,7.934000,-7.765000,l3 FONS
954,CSW24,11,5,17.177000,7.564000,-9.613000,3l DELF
954,CSW24,12,13,14.798000,7.007000,-7.791000,ex FLNV
954,CSW24,13,12,14.958000,6.928000,-8.030000,g5 FED
954,CSW24,14,14,14.461000,6.731000,-7.730000,14h VENDS
954,CSW24,15,20,13.699000,6.437000,-7.262000,h6 ENUF
954,CSW24,16,15,14.096000,6.305000,-7.791000,ex DFNV
954,CSW24,17,16,14.071000,6.280000,-7.791000,ex DFLV
954,CSW24,18,17,13.811000,5.751000,-8.060000,c3 MILF
954,CSW24,19,21,13.516000,5.725000,-7.791000,ex FV
954,CSW24,20,19,13.699000,5.636000,-8.063000,g5 FEN
954,CSW24,21,18,13.793000,5.556000,-8.237000,3l LEV
954,CSW24,22,24,12.958000,5.479000,-7.479000,f1 FUnD
954,CSW24,23,23,13.216000,5.425000,-7.791000,ex DFV
954,CSW24,24,25,12.904000,5.174000,-7.730000,14h VELDS
954,CSW24,25,27,12.361000,4.919000,-7.442000,g5 SEV
485,CSW24,1,1,37.197000,29.231000,-7.966000,13b FAINE
485,CSW24,2,2,35.362000,28.531000,-6.831000,15b SAINE
485,CSW24,3,3,34.031000,24.751000,-9.280000,e5 AE
485,CSW24,4,4,34.031000,24.718000,-9.313000,e5 EA
485,CSW24,5,5,33.031000,23.092000,-9.939000,c13 ALE
485,CSW24,6,7,31.084000,22.915000,-8.169000,15b SAE
485,CSW24,7,9,30.530000,21.723000,-8.807000,13b FANE
485,CSW24,8,6,31.084000,21.536000,-9.548000,9b SAE
485,CSW24,9,12,28.282000,21.488000,-6.794000,15b SANE
485,CSW24,10,8,30.598000,21.456000,-9.142000,e5 AA
485,CSW24,11,10,29.598000,19.682000,-9.916000,c13 ALA
485,CSW24,12,11,29.031000,19.434000,-9.597000,e10 ERA
485,CSW24,13,21,26.139000,19.264000,-6.875000,15b SAIN
485,CSW24,14,15,27.723000,19.137000,-8.586000,13f EASE
485,CSW24,15,13,28.031000,18.310000,-9.721000,a12 AE
485,CSW24,16,27,25.197000,17.819000,-7.378000,15c AINE
485,CSW24,17,20,26.663000,17.808000,-8.855000,13b FAIN
485,CSW24,18,22,26.086000,17.767000,-8.319000,15b SAI
485,CSW24,19,35,24.392000,17.601000,-6.791000,15b SIEN
485,CSW24,20,19,27.031000,17.307000,-9.724000,n9 AE
485,CSW24,21,36,24.392000,17.241000,-7.151000,15b SINE
485,CSW24,22,24,26.031000,16.965000,-9.066000,13f EAS
485,CSW24,23,33,25.031000,16.802000,-8.229000,15d EA
485,CSW24,24,14,27.723000,16.543000,-11.180000,4d EAVE
485,CSW24,25,18,27.031000,16.514000,-10.517000,6e AXE
582,CSW24,1,1,74.000000,64.790000,-9.210000,14d REELECT
582,CSW24,2,2,31.854000,22.762000,-9.092000,14b TERCEL
582,CSW24,3,3,30.694000,21.971000,-8.723000,14b TERCE
582,CSW24,4,4,27.778000,20.786000,-6.992000,3i ELECT
582,CSW24,5,5,27.438000,19.010000,-8.428000,n2 LEECH
582,CSW24,6,9,24.694000,17.810000,-6.884000,3i ERECT
582,CSW24,7,8,24.854000,17.456000,-7.398000,13b REELECT
582,CSW24,8,7,25.444000,17.069000,-8.375000,14b CERE
582,CSW24,9,6,25.694000,16.849000,-8.845000,14c ERECT
582,CSW24,10,10,22.854000,15.675000,-7.179000,13c REELECT
582,CSW24,11,17,21.680000,14.914000,-6.766000,9k CEL
582,CSW24,12,13,22.015000,14.855000,-7.160000,14d REC
582,CSW24,13,11,22.444000,14.262000,-8.182000,n2 REECH
582,CSW24,14,19,21.405000,14.251000,-7.154000,9l EL
582,CSW24,15,16,21.839000,13.906000,-7.933000,n2 LETCH
582,CSW24,16,22,20.783000,13.650000,-7.133000,9k EEL
582,CSW24,17,12,22.402000,13.517000,-8.885000,14c CREEL
582,CSW24,18,29,19.405000,13.188000,-6.217000,g7 LIE
582,CSW24,19,18,21.444000,13.068000,-8.376000,14c CREE
582,CSW24,20,15,21.867000,13.007000,-8.860000,14b LERE
582,CSW24,21,24,20.026000,12.936000,-7.090000,i1 NYE
582,CSW24,22,21,20.869000,12.845000,-8.024000,13b ELECTEE
582,CSW24,23,23,20.642000,12.709000,-7.933000,14b CERT
582,CSW24,24,27,19.694000,12.353000,-7.341000,2k TERCE
582,CSW24,25,28,19.405000,12.312000,-7.093000,3i EL
1027,CSW24,1,1,22.993000,18.518000,-4.475000,9c REF
1027,CSW24,2,4,18.719000,13.604000,-5.115000,9b FRAE
1027,CSW24,3,5,18.202000,13.162000,-5.040000,9b REEF
1027,CSW24,4,18,14.839000,10.572000,-4.267000,h4 FAURER
1027,CSW24,5,8,16.993000,10.321000,-6.672000,7h REF
1027,CSW24,6,15,15.653000,10.317000,-5.336000,9g ARF
1027,CSW24,7,2,19.258000,10.213000,-9.045000,7h REFER
1027,CSW24,8,14,15.653000,10.140000,-5.513000,5i ARF
1027,CSW24,9,16,15.202000,9.823000,-5.379000,9b FREE
1027,CSW24,10,17,14.853000,9.377000,-5.476000,7h RE
1027,CSW24,11,7,17.183000,8.528000,-8.655000,7h REAR
1027,CSW24,12,3,18.778000,7.976000,-10.802000,9h FARER
1027,CSW24,13,6,17.183000,7.971000,-9.212000,7h RARE
1027,CSW24,14,21,14.153000,7.287000,-6.866000,7i ERR
1027,CSW24,15,37,12.297000,6.851000,-5.446000,9g AR
1027,CSW24,16,40,11.853000,6.848000,-5.005000,9c RE
1027,CSW24,17,48,11.026000,6.618000,-4.408000,9d EF
1027,CSW24,18,22,13.993000,6.450000,-7.543000,7i ERF
1027,CSW24,19,23,13.993000,6.341000,-7.652000,9h FER
1027,CSW24,20,56,10.773000,6.208000,-4.565000,9c REE
1027,CSW24,21,28,12.857000,6.135000,-6.722000,5i ARERE
1027,CSW24,22,42,11.653000,6.008000,-5.645000,9b FRA
1027,CSW24,23,10,16.258000,5.478000,-10.780000,9h FERER
1027,CSW24,24,39,11.853000,4.943000,-6.910000,7i ER
1027,CSW24,25,11,16.258000,4.941000,-11.317000,9h FREER
1036,CSW24,1,2,83.000000,76.589000,-6.411000,h8 ACROLEIN
1036,CSW24,2,1,83.000000,76.190000,-6.810000,h1 LONICERA
1036,CSW24,3,4,61.000000,54.400000,-6.600000,h2 CREOLIAN
1036,CSW24,4,3,61.000000,54.293000,-6.707000,h2 COLINEAR
1036,CSW24,5,5,39.792000,34.832000,-4.960000,m8 CLONER
1036,CSW24,6,6,39.792000,34.722000,-5.070000,m8 CORNEL
1036,CSW24,7,7,35.386000,30.821000,-4.565000,m9 LONER
1036,CSW24,8,8,31.421000,26.220000,-5.201000,m10 ONER
1036,CSW24,9,9,31.013000,25.095000,-5.918000,m11 NORI
1036,CSW24,10,11,30.043000,24.791000,-5.252000,m11 NOEL
1036,CSW24,11,13,29.590000,24.630000,-4.960000,m11 NOR
1036,CSW24,12,14,29.517000,24.306000,-5.211000,m12 ORC
1036,CSW24,13,12,30.043000,23.938000,-6.105000,m11 NOLE
1036,CSW24,14,15,28.869000,23.063000,-5.806000,7f CINEOL
1036,CSW24,15,16,28.797000,22.616000,-6.181000,k7 LAWNY
1036,CSW24,16,18,27.347000,21.976000,-5.371000,m9 CONE
1036,CSW24,17,17,27.723000,21.967000,-5.756000,m8 CLONE
1036,CSW24,18,20,26.944000,21.644000,-5.300000,m12 EL
1036,CSW24,19,23,26.294000,20.886000,-5.408000,m12 OR
1036,CSW24,20,22,26.524000,20.839000,-5.685000,m8 CRONE
1036,CSW24,21,21,26.778000,20.568000,-6.210000,13i CINEOL
1036,CSW24,22,24,26.043000,20.493000,-5.550000,m9 LONE
1036,CSW24,23,29,25.240000,20.017000,-5.223000,m12 ON
1036,CSW24,24,10,30.386000,19.981000,-10.405000,m11 NEROL
1036,CSW24,25,19,26.979000,19.580000,-7.399000,7k LOC
596,CSW24,1,1,17.320000,10.348000,-6.972000,a1 AGIO
596,CSW24,2,2,13.635000,6.660000,-6.975000,a1 URAO
596,CSW24,3,3,12.145000,5.524000,-6.621000,d11 OU
596,CSW24,4,4,11.439000,4.645000,-6.794000,a1 GIRO
596,CSW24,5,5,11.185000,3.966000,-7.219000,4a UPGO
596,CSW24,6,8,9.122000,2.529000,-6.593000,d11 OI
596,CSW24,7,7,9.403000,2.467000,-6.936000,a1 AGRO
596,CSW24,8,10,8.969000,2.284000,-6.685000,d11 OO
596,CSW24,9,11,8.877000,1.945000,-6.932000,a1 RAGU
596,CSW24,10,9,9.064000,0.899000,-8.165000,5b RIGOUR
596,CSW24,11,13,8.320000,0.347000,-7.973000,7g AGIO
596,CSW24,12,15,6.956000,-0.072000,-7.028000,d4 GROUP
596,CSW24,13,6,9.522000,-0.552000,-10.074000,7h GIAOUR
596,CSW24,14,14,7.400000,-0.794000,-8.194000,e3 GOORIE
596,CSW24,15,20,4.897000,-1.731000,-6.628000,12c RADIO
596,CSW24,16,16,6.366000,-2.350000,-8.716000,4b POORI
596,CSW24,17,12,8.320000,-2.827000,-11.147000,c1 AGIO
596,CSW24,18,17,5.729000,-2.929000,-8.658000,4b POGO
596,CSW24,19,22,4.432000,-3.110000,-7.542000,c2 GIO
596,CSW24,20,23,4.135000,-3.881000,-8.016000,e4 OURIE
596,CSW24,21,25,3.729000,-3.915000,-7.644000,c2 GOO
596,CSW24,22,19,5.064000,-3.982000,-9.046000,7h GUIRO
596,CSW24,23,21,4.439000,-4.188000,-8.627000,4b PIROG
596,CSW24,24,27,3.145000,-4.553000,-7.698000,a3 OU
596,CSW24,25,29,2.956000,-4.716000,-7.672000,e4 ROGUE
421,CSW24,1,1,75.000000,64.668000,-10.332000,14c DYINGlY
421,CSW24,2,2,60.848000,53.542000,-7.306000,e3 GYNY
421,CSW24,3,3,56.909000,48.996000,-7.913000,e2 DINGY
421,CSW24,4,4,55.400000,48.839000,-6.561000,e5 GYNO
421,CSW24,5,5,51.304000,43.814000,-7.490000,12a MYOID
421,CSW24,6,8,50.290000,43.108000,-7.182000,e6 YGO
421,CSW24,7,9,49.083000,42.584000,-6.499000,12c OY
421,CSW24,8,7,50.353000,42.563000,-7.790000,e3 INDY
421,CSW24,9,6,50.909000,42.397000,-8.512000,14c DINGY
421,CSW24,10,10,49.083000,41.946000,-7.137000,14a OY
421,CSW24,11,12,48.083000,40.418000,-7.665000,6d KY
421,CSW24,12,11,48.909000,39.786000,-9.123000,14c DYING
421,CSW24,13,13,46.138000,39.653000,-6.485000,11c LINGY
421,CSW24,14,16,45.485000,39.144000,-6.341000,b14 NY
421,CSW24,15,14,46.138000,38.729000,-7.409000,11c LYING
421,CSW24,16,15,45.485000,38.475000,-7.010000,e5 NY
421,CSW24,17,19,44.083000,36.900000,-7.183000,15a NY
421,CSW24,18,17,44.673000,36.822000,-7.851000,f8 RIDGY
421,CSW24,19,20,43.353000,36.587000,-6.766000,11c LINDY
421,CSW24,20,18,44.083000,34.897000,-9.186000,7a YO
421,CSW24,21,21,42.673000,34.837000,-7.836000,13c RIDGY
421,CSW24,22,22,39.707000,32.139000,-7.568000,6b FIKY
421,CSW24,23,23,39.083000,31.659000,-7.424000,ex Y
421,CSW24,24,24,38.784000,31.424000,-7.360000,h8 SYND
421,CSW24,25,25,38.485000,31.267000,-7.218000,12c ONY
165,CSW24,1,1,43.536000,34.370000,-9.166000,g5 ANA
165,CSW24,2,2,36.326000,27.744000,-8.582000,11c ALOD
165,CSW24,3,15,31.989000,25.845000,-6.144000,o12 EOAN
165,CSW24,4,4,34.326000,25.703000,-8.623000,5k AVO
165,CSW24,5,5,34.326000,25.682000,-8.644000,5k OVA
165,CSW24,6,3,34.341000,25.316000,-9.025000,7e ZOA
165,CSW24,7,7,33.989000,25.173000,-8.816000,5j NOVA
165,CSW24,8,6,34.322000,25.113000,-9.209000,g6 NA
165,CSW24,9,9,33.536000,24.647000,-8.889000,14b NAGA
165,CSW24,10,10,33.036000,24.372000,-8.664000,5k AVA
165,CSW24,11,8,33.536000,24.120000,-9.416000,14b ANGA
165,CSW24,12,14,32.326000,23.894000,-8.432000,14c AGO
165,CSW24,13,11,32.630000,23.728000,-8.902000,g6 EA
165,CSW24,14,13,32.474000,23.163000,-9.311000,2g EOAN
165,CSW24,15,12,32.474000,23.138000,-9.336000,2g AEON
165,CSW24,16,16,31.858000,22.692000,-9.166000,g5 REO
165,CSW24,17,19,31.036000,22.652000,-8.384000,13m AA
165,CSW24,18,20,31.036000,22.596000,-8.440000,14c AGA
165,CSW24,19,17,31.362000,22.535000,-8.827000,g3 ROANS
165,CSW24,20,18,31.036000,22.386000,-8.650000,m2 AA
165,CSW24,21,21,30.989000,22.306000,-8.683000,g1 FANO
165,CSW24,22,22,30.474000,21.388000,-9.086000,g3 EOAN
165,CSW24,23,23,30.036000,21.181000,-8.855000,2f AA
165,CSW24,24,24,29.536000,20.749000,-8.787000,2g ANA
165,CSW24,25,26,29.443000,20.583000,-8.860000,14b RAGA
997,CSW24,1,1,95.000000,88.768000,-6.232000,h8 GYPSEIAN
997,CSW24,2,2,44.760000,39.709000,-5.051000,b14 YA
997,CSW24,3,3,43.781000,38.383000,-5.398000,f4 ANY
997,CSW24,4,5,43.197000,37.768000,-5.429000,f3 PINY
997,CSW24,5,4,43.547000,37.739000,-5.808000,15c SPINAE
997,CSW24,6,7,42.104000,37.080000,-5.024000,b14 YE
997,CSW24,7,6,42.149000,36.861000,-5.288000,9g YIP
997,CSW24,8,8,41.760000,36.641000,-5.119000,b14 AY
997,CSW24,9,9,41.675000,36.464000,-5.211000,f5 NY
997,CSW24,10,10,41.117000,35.269000,-5.848000,d4 PYA
997,CSW24,11,13,39.117000,32.974000,-6.143000,d3 PAY
997,CSW24,12,14,37.928000,32.478000,-5.450000,9g YIN
997,CSW24,13,12,39.462000,31.824000,-7.638000,9g YIPE
997,CSW24,14,16,36.917000,31.580000,-5.337000,f2 PANSY
997,CSW24,15,20,36.362000,31.192000,-5.170000,f2 SNIPY
997,CSW24,16,18,36.548000,31.004000,-5.544000,6e NY
997,CSW24,17,15,37.117000,30.941000,-6.176000,7c PACY
997,CSW24,18,17,36.723000,30.893000,-5.830000,d4 PYE
997,CSW24,19,11,40.539000,30.611000,-9.928000,d1 PINEY
997,CSW24,20,19,36.548000,30.453000,-6.095000,11c LYM
997,CSW24,21,27,34.675000,29.722000,-4.953000,9e ANY
997,CSW24,22,23,35.197000,29.678000,-5.519000,6b PINNY
997,CSW24,23,24,35.001000,29.566000,-5.435000,f3 ESPY
997,CSW24,24,21,35.760000,29.383000,-6.377000,d4 AY
997,CSW24,25,22,35.548000,29.359000,-6.189000,14a TYE
1114,CSW24,1,1,57.544000,50.140000,-7.404000,9c QIN
1114,CSW24,2,2,50.601000,43.181000,-7.420000,9c QI
1114,CSW24,3,3,47.891000,39.688000,-8.203000,8j EQuINE
1114,CSW24,4,4,41.729000,34.334000,-7.395000,5j EN
1114,CSW24,5,6,41.645000,33.364000,-8.281000,e7 QIN
1114,CSW24,6,5,41.645000,32.667000,-8.978000,l5 QIN
1114,CSW24,7,10,40.110000,32.631000,-7.479000,5i NEE
1114,CSW24,8,9,40.110000,32.559000,-7.551000,5i EEN
1114,CSW24,9,8,40.271000,32.096000,-8.175000,e7 QI
1114,CSW24,10,7,40.271000,31.554000,-8.717000,l5 QI
1114,CSW24,11,11,38.729000,30.034000,-8.695000,9f EN
1114,CSW24,12,12,38.110000,29.894000,-8.216000,9e NEE
1114,CSW24,13,14,36.683000,29.325000,-7.358000,5g QuEEN
1114,CSW24,14,13,36.729000,27.507000,-9.222000,6f NE
1114,CSW24,15,16,35.729000,27.297000,-8.432000,8j EN
1114,CSW24,16,17,35.729000,27.162000,-8.567000,8j NE
1114,CSW24,17,15,35.729000,26.801000,-8.928000,5i NE
1114,CSW24,18,18,35.729000,26.711000,-9.018000,9d EN
1114,CSW24,19,20,35.110000,25.869000,-9.241000,9d ENE
1114,CSW24,20,21,34.729000,25.842000,-8.887000,j6 WEEN
1114,CSW24,21,30,33.891000,25.559000,-8.332000,5e EQuINE
1114,CSW24,22,25,34.110000,25.513000,-8.597000,6e NEE
1114,CSW24,23,19,35.627000,25.368000,-10.259000,d8 BENNE
1114,CSW24,24,24,34.110000,25.277000,-8.833000,6e ENE
1114,CSW24,25,33,33.729000,25.191000,-8.538000,k4 NEE
247,CSW24,1,1,45.249000,33.538000,-11.711000,a4 FLAWY
247,CSW24,2,3,37.810000,26.845000,-10.965000,8j YAW
247,CSW24,3,2,37.810000,26.830000,-10.980000,8j WAY
247,CSW24,4,4,34.887000,22.879000,-12.008000,a4 FETWA
247,CSW24,5,5,34.835000,22.627000,-12.208000,a4 FATWA
247,CSW24,6,8,32.910000,20.852000,-12.058000,a4 FEATLY
247,CSW24,7,7,32.910000,20.825000,-12.085000,a4 FEALTY
247,CSW24,8,10,30.986000,19.117000,-11.869000,a4 FATLY
247,CSW24,9,14,30.810000,17.616000,-13.194000,6b YAW
247,CSW24,10,22,28.103000,17.234000,-10.869000,8j YEW
247,CSW24,11,21,28.103000,17.222000,-10.881000,8j WEY
247,CSW24,12,16,29.984000,16.937000,-13.047000,8k AW
247,CSW24,13,6,34.402000,16.654000,-17.748000,4k ALWAY
247,CSW24,14,17,29.540000,16.488000,-13.052000,a1 LEAFY
247,CSW24,15,11,30.810000,16.185000,-14.625000,4j WAY
247,CSW24,16,15,30.444000,16.071000,-14.373000,4i AWAY
247,CSW24,17,13,30.810000,16.041000,-14.769000,6b WAY
247,CSW24,18,12,30.810000,16.017000,-14.793000,4j YAW
247,CSW24,19,9,31.249000,14.582000,-16.667000,k7 FLAWY
247,CSW24,20,18,29.249000,14.451000,-14.798000,4j WALY
247,CSW24,21,19,29.249000,14.354000,-14.895000,4j YAWL
247,CSW24,22,27,25.589000,13.865000,-11.724000,a4 FELTY
247,CSW24,23,28,25.589000,13.862000,-11.727000,a4 FLYTE
247,CSW24,24,20,28.835000,13.528000,-15.307000,h1 TAWAI
247,CSW24,25,25,27.362000,12.462000,-14.900000,4j WALTY
658,CSW24,1,1,54.191000,44.892000,-9.299000,l1 BIGOT
658,CSW24,2,2,50.555000,41.155000,-9.400000,l1 BEGOT
658,CSW24,3,3,49.935000,40.432000,-9.503000,l1 BEGO
658,CSW24,4,6,41.953000,35.545000,-6.408000,l3 BO
658,CSW24,5,4,44.810000,35.287000,-9.523000,l1 BITO
658,CSW24,6,7,41.549000,35.166000,-6.383000,l3 GO
658,CSW24,7,5,44.402000,35.098000,-9.304000,l1 BIGOS
658,CSW24,8,8,40.426000,34.330000,-6.096000,l3 BOT
658,CSW24,9,9,39.953000,33.573000,-6.380000,4k JOB
658,CSW24,10,10,39.549000,33.278000,-6.271000,4k JOG
658,CSW24,11,11,38.788000,32.769000,-6.019000,l3 GOT
658,CSW24,12,13,38.370000,31.838000,-6.532000,l2 GIO
658,CSW24,13,16,37.899000,31.748000,-6.151000,4k JIG
658,CSW24,14,15,37.930000,31.591000,-6.339000,l2 BIO
658,CSW24,15,18,36.370000,30.028000,-6.342000,4i GOJI
658,CSW24,16,19,36.257000,29.987000,-6.270000,4k JIB
658,CSW24,17,14,38.221000,28.791000,-9.430000,l1 BITOS
658,CSW24,18,12,38.399000,28.721000,-9.678000,4k JIGOT
658,CSW24,19,20,35.005000,28.052000,-6.953000,4i OBJET
658,CSW24,20,23,33.944000,27.436000,-6.508000,l2 GEO
658,CSW24,21,22,33.944000,27.308000,-6.636000,l2 EGO
658,CSW24,22,17,36.743000,27.277000,-9.466000,l1 BESOT
658,CSW24,23,21,34.016000,27.194000,-6.822000,4k JOBE
658,CSW24,24,24,32.901000,26.785000,-6.116000,11k BLOG
658,CSW24,25,26,32.901000,26.602000,-6.299000,13k BEGO
534,CSW24,1,1,30.549000,20.107000,-10.442000,1a PHAT
534,CSW24,2,3,25.844000,15.356000,-10.488000,1a ATAP
534,CSW24,3,2,26.549000,14.234000,-12.315000,2l PHAT
534,CSW24,4,4,24.762000,12.293000,-12.469000,2m VAT
534,CSW24,5,5,21.786000,11.143000,-10.643000,1a THAT
534,CSW24,6,6,21.762000,9.701000,-12.061000,2k VAT
534,CSW24,7,7,21.762000,9.546000,-12.216000,2m TAV
534,CSW24,8,8,21.131000,9.150000,-11.981000,2m PAV
534,CSW24,9,13,16.561000,8.640000,-7.921000,1f AAH
534,CSW24,10,14,16.228000,7.782000,-8.446000,1g AH
534,CSW24,11,9,18.471000,6.663000,-11.808000,c11 VITTA
534,CSW24,12,12,16.762000,4.917000,-11.845000,c11 VITA
534,CSW24,13,10,17.786000,4.322000,-13.464000,2l THAT
534,CSW24,14,15,15.762000,3.209000,-12.553000,1b VAT
534,CSW24,15,17,14.437000,2.846000,-11.591000,7c VAN
534,CSW24,16,16,14.515000,2.515000,-12.000000,2l AVA
534,CSW24,17,28,10.561000,2.326000,-8.235000,1f AHA
534,CSW24,18,11,17.350000,2.218000,-15.132000,7a PAVAN
534,CSW24,19,18,13.873000,2.091000,-11.782000,b10 PHOT
534,CSW24,20,29,10.228000,1.490000,-8.738000,1g HA
534,CSW24,21,19,13.301000,0.483000,-12.818000,2m HAP
534,CSW24,22,23,11.515000,-0.062000,-11.577000,1a AVA
534,CSW24,23,24,11.515000,-0.426000,-11.941000,j9 AVA
534,CSW24,24,21,11.762000,-0.689000,-12.451000,5m TAV
534,CSW24,25,20,12.301000,-0.807000,-13.108000,2m PAH
983,CSW24,1,1,48.217000,39.532000,-8.685000,2f QuARK
983,CSW24,2,2,45.444000,36.357000,-9.087000,j11 ZERK
983,CSW24,3,3,42.194000,32.663000,-9.531000,10k DORK
983,CSW24,4,4,41.037000,32.182000,-8.855000,10e QI
983,CSW24,5,8,38.450000,29.686000,-8.764000,10c QADI
983,CSW24,6,6,39.341000,29.660000,-9.681000,2g LARK
983,CSW24,7,9,38.450000,29.501000,-8.949000,10d QAID
983,CSW24,8,7,39.194000,29.313000,-9.881000,2g DARK
983,CSW24,9,10,38.111000,28.284000,-9.827000,14h ELK
983,CSW24,10,15,35.262000,26.685000,-8.577000,7f FLED
983,CSW24,11,11,36.816000,26.085000,-10.731000,2f KRAAL
983,CSW24,12,14,35.444000,25.716000,-9.728000,14h ERK
983,CSW24,13,17,34.262000,25.634000,-8.628000,9e LUD
983,CSW24,14,13,35.444000,25.510000,-9.934000,2h ARK
983,CSW24,15,12,35.621000,25.210000,-10.411000,m12 DARK
983,CSW24,16,19,33.853000,24.861000,-8.992000,c10 QAPiK
983,CSW24,17,18,33.952000,24.646000,-9.306000,j8 DRAZEL
983,CSW24,18,5,40.136000,24.562000,-15.574000,14a DARKLE
983,CSW24,19,23,33.112000,24.160000,-8.952000,2f QuAD
983,CSW24,20,22,33.239000,23.834000,-9.405000,j11 ZEL
983,CSW24,21,20,33.607000,23.784000,-9.823000,ex DLQ
983,CSW24,22,21,33.591000,23.768000,-9.823000,ex KLQ
983,CSW24,23,16,34.621000,23.043000,-11.578000,14b DRAKE
983,CSW24,24,25,32.216000,22.505000,-9.711000,5f QAT
983,CSW24,25,26,32.152000,22.329000,-9.823000,ex DQR
364,CSW24,1,1,21.103000,13.183000,-7.920000,j4 QUOTH
364,CSW24,2,2,20.913000,12.655000,-8.258000,4c HOX
364,CSW24,3,3,19.977000,11.658000,-8.319000,4c TIX
364,CSW24,4,5,17.555000,9.858000,-7.697000,j4 TUX
364,CSW24,5,4,18.293000,9.845000,-8.448000,j4 QUIT
364,CSW24,6,6,16.610000,8.839000,-7.771000,j4 QUOIT
364,CSW24,7,8,16.051000,8.104000,-7.947000,6j HO
364,CSW24,8,10,14.490000,7.111000,-7.379000,6j HOI
364,CSW24,9,9,15.085000,6.585000,-8.500000,i3 THRO
364,CSW24,10,7,16.293000,6.186000,-10.107000,e4 QUIT
364,CSW24,11,15,13.053000,5.511000,-7.542000,6j HI
364,CSW24,12,12,14.288000,5.120000,-9.168000,f8 POX
364,CSW24,13,13,13.288000,5.059000,-8.229000,4d OX
364,CSW24,14,14,13.085000,4.780000,-8.305000,6j THO
364,CSW24,15,17,12.085000,4.626000,-7.459000,g1 HOT
364,CSW24,16,18,12.085000,4.407000,-7.678000,6d THO
364,CSW24,17,11,14.417000,4.217000,-10.200000,3c HOTTIE
364,CSW24,18,16,12.920000,4.000000,-8.920000,f8 PIX
364,CSW24,19,19,11.693000,3.971000,-7.722000,3g TEXT
364,CSW24,20,22,10.555000,3.380000,-7.175000,3g TEX
364,CSW24,21,20,11.239000,2.716000,-8.523000,g7 TWIXT
364,CSW24,22,21,11.036000,2.435000,-8.601000,6j THIO
364,CSW24,23,25,9.977000,1.752000,-8.225000,3h EXIT
364,CSW24,24,23,10.552000,1.598000,-8.954000,9e QI
364,CSW24,25,29,8.523000,1.496000,-7.027000,3g HEX
818,CSW24,1,1,68.273000,62.928000,-5.345000,k3 QAT
818,CSW24,2,3,63.964000,58.846000,-5.118000,k3 QIS
818,CSW24,3,2,64.273000,57.632000,-6.641000,i3 QAT
818,CSW24,4,4,62.450000,57.561000,-4.889000,k3 QATS
818,CSW24,5,5,62.033000,56.288000,-5.745000,l9 GEAT
818,CSW24,6,6,60.225000,54.186000,-6.039000,l11 AT
818,CSW24,7,7,58.012000,53.475000,-4.537000,l3 QAId
818,CSW24,8,8,57.348000,50.579000,-6.769000,10g QI
818,CSW24,9,10,54.901000,48.935000,-5.966000,10f QuA
818,CSW24,10,11,54.627000,48.389000,-6.238000,9c TASE
818,CSW24,11,9,54.935000,48.030000,-6.905000,14j QuAERE
818,CSW24,12,13,54.312000,47.640000,-6.672000,14j QuATRE
818,CSW24,13,12,54.348000,47.594000,-6.754000,k3 QI
818,CSW24,14,14,54.039000,47.377000,-6.662000,6i QUA
818,CSW24,15,15,52.790000,46.132000,-6.658000,3l QI
818,CSW24,16,16,51.712000,44.487000,-7.225000,d8 ZA
818,CSW24,17,18,49.855000,43.404000,-6.451000,9h MUtAGENS
818,CSW24,18,17,49.858000,43.164000,-6.694000,12l TAHA
818,CSW24,19,20,49.258000,42.224000,-7.034000,14m ERE
818,CSW24,20,19,49.627000,42.172000,-7.455000,d8 ZETAS
818,CSW24,21,26,47.627000,41.885000,-5.742000,l1 VESTA
818,CSW24,22,21,49.225000,41.719000,-7.506000,9c TA
818,CSW24,23,22,48.258000,41.010000,-7.248000,d8 ZE
818,CSW24,24,27,47.485000,40.901000,-6.584000,9d ES
818,CSW24,25,23,48.220000,40.850000,-7.370000,9c TE
15,CSW24,1,1,36.659000,27.433000,-9.226000,12d ZO
15,CSW24,2,2,36.116000,26.926000,-9.190000,12d ZE
15,CSW24,3,3,32.720000,23.054000,-9.666000,d12 MAZY
15,CSW24,4,6,31.129000,21.967000,-9.162000,8k TEMPO
15,CSW24,5,5,31.179000,21.919000,-9.260000,8k TEPOY
15,CSW24,6,4,31.240000,21.883000,-9.357000,e7 MAZEY
15,CSW24,7,7,30.386000,21.390000,-8.996000,j9 MOP
15,CSW24,8,8,28.975000,19.844000,-9.131000,j9 MOY
15,CSW24,9,10,27.769000,18.709000,-9.060000,4h PRANKLES
15,CSW24,10,9,28.179000,18.542000,-9.637000,o4 SEPOY
15,CSW24,11,12,26.639000,17.252000,-9.387000,e10 EPONYM
15,CSW24,12,13,26.300000,17.029000,-9.271000,h4 PIE
15,CSW24,13,14,25.849000,16.304000,-9.545000,m9 YMPE
15,CSW24,14,17,25.368000,15.998000,-9.370000,9h NY
15,CSW24,15,15,25.561000,15.726000,-9.835000,b3 OYEZ
15,CSW24,16,11,26.639000,15.590000,-11.049000,m8 MYOPE
15,CSW24,17,16,25.397000,15.410000,-9.987000,b4 MEZE
15,CSW24,18,18,24.720000,15.002000,-9.718000,e8 AZYM
15,CSW24,19,20,24.179000,14.865000,-9.314000,c5 TOP
15,CSW24,20,19,24.397000,14.553000,-9.844000,7c MEZE
15,CSW24,21,21,23.932000,14.358000,-9.574000,b4 YEZ
15,CSW24,22,23,23.179000,14.158000,-9.021000,f10 OP
15,CSW24,23,22,23.424000,13.801000,-9.623000,i11 MYC
15,CSW24,24,26,22.491000,13.587000,-8.904000,e4 PUY
15,CSW24,25,24,22.975000,13.570000,-9.405000,5l YOM
698,CSW24,1,1,76.000000,71.513000,-4.487000,f1 RHIPIdION
698,CSW24,2,2,73.000000,65.097000,-7.903000,i8 HaIRPIN
698,CSW24,3,3,67.000000,60.741000,-6.259000,4d CHIRPINg
698,CSW24,4,4,63.176000,59.416000,-3.760000,e7 TOPHI
698,CSW24,5,5,58.176000,53.677000,-4.499000,e3 PHI
698,CSW24,6,6,53.176000,48.881000,-4.295000,e10 HIP
698,CSW24,7,7,52.371000,47.886000,-4.485000,e4 HI
698,CSW24,8,8,51.176000,45.910000,-5.266000,i8 HIP
698,CSW24,9,12,49.783000,45.248000,-4.535000,e10 HIN
698,CSW24,10,10,49.783000,44.388000,-5.395000,c1 HIN
698,CSW24,11,11,49.783000,44.181000,-5.602000,i8 HIN
698,CSW24,12,9,50.660000,43.867000,-6.793000,12a PIER
698,CSW24,13,13,48.371000,43.709000,-4.662000,i8 HI
698,CSW24,14,15,47.371000,42.767000,-4.604000,e10 HI
698,CSW24,15,14,48.275000,42.745000,-5.530000,c1 PIN
698,CSW24,16,16,47.369000,42.210000,-5.159000,e7 TOPH
698,CSW24,17,17,46.176000,39.738000,-6.438000,6h PHI
698,CSW24,18,21,44.660000,39.678000,-4.982000,12b PERI
698,CSW24,19,18,46.090000,39.473000,-6.617000,4d CHIRP
698,CSW24,20,23,44.275000,39.357000,-4.918000,12b PEIN
698,CSW24,21,19,45.161000,39.290000,-5.871000,12b HEIR
698,CSW24,22,24,44.275000,39.203000,-5.072000,12b PENI
698,CSW24,23,27,44.013000,38.942000,-5.071000,12b REPIN
698,CSW24,24,26,44.013000,38.912000,-5.101000,5d ORPIN
698,CSW24,25,25,44.070000,38.662000,-5.408000,c1 RIN
152,CSW24,1,1,17.343000,13.100000,-4.243000,9j QAT
152,CSW24,2,4,16.164000,12.843000,-3.321000,6j VAREC
152,CSW24,3,7,15.650000,12.354000,-3.296000,k1 VAREC
152,CSW24,4,5,15.650000,12.130000,-3.520000,k1 CARVE
152,CSW24,5,2,16.415000,12.129000,-4.286000,k1 QAT
152,CSW24,6,6,15.650000,12.033000,-3.617000,k1 CAVER
152,CSW24,7,3,16.357000,11.728000,-4.629000,ex QV
152,CSW24,8,9,12.541000,9.460000,-3.081000,k1 VACATE
152,CSW24,9,8,12.541000,9.335000,-3.206000,k1 CAVEAT
152,CSW24,10,11,11.654000,8.346000,-3.308000,k5 VERB
152,CSW24,11,12,11.246000,7.831000,-3.415000,4k CALVE
152,CSW24,12,10,11.688000,7.059000,-4.629000,ex CQV
152,CSW24,13,13,10.164000,6.621000,-3.543000,6j CAVER
152,CSW24,14,14,9.748000,5.829000,-3.919000,4j VARLET
152,CSW24,15,15,8.976000,5.117000,-3.859000,6l REV
152,CSW24,16,17,8.654000,4.797000,-3.857000,6k EREV
152,CSW24,17,19,8.236000,4.770000,-3.466000,k2 AVERT
152,CSW24,18,18,8.236000,4.369000,-3.867000,k1 TAVER
152,CSW24,19,16,8.847000,4.218000,-4.629000,ex QTV
152,CSW24,20,25,7.654000,3.949000,-3.705000,k2 AVER
152,CSW24,21,20,8.236000,3.798000,-4.438000,l8 AVERT
152,CSW24,22,24,7.656000,3.727000,-3.929000,6j CAVE
152,CSW24,23,31,7.298000,3.490000,-3.808000,6m EVE
152,CSW24,24,29,7.532000,3.389000,-4.143000,k8 BRAVE
152,CSW24,25,28,7.532000,3.241000,-4.291000,d8 CRAVE
396,CSW24,1,1,38.945000,32.562000,-6.383000,c9 JOYED
396,CSW24,2,2,32.620000,26.546000,-6.074000,n2 JO
396,CSW24,3,3,30.448000,25.100000,-5.348000,k2 WILJA
396,CSW24,4,4,29.620000,23.968000,-5.652000,5k JO
396,CSW24,5,5,26.875000,21.566000,-5.309000,k5 JAW
396,CSW24,6,6,23.941000,18.119000,-5.822000,i2 OJIME
396,CSW24,7,7,22.620000,16.495000,-6.125000,10b JO
396,CSW24,8,8,22.340000,16.288000,-6.052000,10a JOW
396,CSW24,9,9,21.322000,15.404000,-5.918000,f4 LOW
396,CSW24,10,10,20.620000,14.417000,-6.203000,f2 JOL
396,CSW24,11,11,20.340000,13.982000,-6.358000,8l JOWS
396,CSW24,12,12,19.954000,13.781000,-6.173000,2l JOMO
396,CSW24,13,16,18.744000,13.571000,-5.173000,k5 JAIL
396,CSW24,14,13,19.954000,13.341000,-6.613000,2l MOJO
396,CSW24,15,17,18.491000,12.900000,-5.591000,k4 DWALM
396,CSW24,16,14,19.127000,12.841000,-6.286000,m3 LOWND
396,CSW24,17,15,18.744000,12.461000,-6.283000,2a JILL
396,CSW24,18,20,17.559000,12.232000,-5.327000,k5 JAM
396,CSW24,19,18,17.769000,11.741000,-6.028000,m3 DJIN
396,CSW24,20,19,17.620000,11.072000,-6.548000,3m JOW
396,CSW24,21,25,15.879000,10.291000,-5.588000,k4 DWAM
396,CSW24,22,23,16.322000,10.150000,-6.172000,n2 WO
396,CSW24,23,21,16.949000,10.047000,-6.902000,3k WIDOW
396,CSW24,24,24,16.231000,10.024000,-6.207000,8k JOWLS
396,CSW24,25,26,15.836000,9.776000,-6.060000,10a OWL
859,CSW24,1,2,32.284000,22.747000,-9.537000,10i ALAR
859,CSW24,2,1,32.869000,22.054000,-10.815000,e5 RADIALE
859,CSW24,3,3,28.076000,18.426000,-9.650000,10j LAR
859,CSW24,4,4,25.705000,16.116000,-9.589000,10h RALE
859,CSW24,5,6,24.981000,14.858000,-10.123000,k9 FAR
859,CSW24,6,5,25.076000,14.845000,-10.231000,k9 FARL
859,CSW24,7,7,24.981000,14.832000,-10.149000,k9 FRA
859,CSW24,8,8,23.888000,14.270000,-9.618000,j6 AROID
859,CSW24,9,9,23.888000,13.547000,-10.341000,k9 FARD
859,CSW24,10,10,22.613000,12.804000,-9.809000,10i ALA
859,CSW24,11,14,22.257000,12.799000,-9.458000,10i AL
859,CSW24,12,15,22.169000,12.466000,-9.703000,j5 LAROID
859,CSW24,13,20,20.981000,11.909000,-9.072000,8n AR
859,CSW24,14,19,20.993000,11.552000,-9.441000,10j LAD
859,CSW24,15,18,21.257000,11.459000,-9.798000,10j LA
859,CSW24,16,16,21.981000,11.313000,-10.668000,10k AR
859,CSW24,17,26,20.499000,11.081000,-9.418000,10f AREAL
859,CSW24,18,25,20.705000,10.937000,-9.768000,10g REAL
859,CSW24,19,13,22.258000,10.927000,-11.331000,k9 FLARED
859,CSW24,20,11,22.284000,10.916000,-11.368000,m9 CRAAL
859,CSW24,21,12,22.258000,10.729000,-11.529000,k9 FARDEL
859,CSW24,22,17,21.515000,10.304000,-11.211000,k9 FARAD
859,CSW24,23,40,18.888000,9.935000,-8.953000,7c RAD
859,CSW24,24,38,18.993000,9.622000,-9.371000,10h DAL
859,CSW24,25,35,19.202000,9.453000,-9.749000,10h DALE
431,CSW24,1,1,15.534000,6.665000,-8.869000,f7 NUNS
431,CSW24,2,2,15.534000,6.607000,-8.927000,f7 SUNN
431,CSW24,3,3,14.148000,5.066000,-9.082000,f7 LUNTS
431,CSW24,4,4,13.951000,4.790000,-9.161000,h7 LINNS
431,CSW24,5,5,12.338000,3.852000,-8.486000,j3 STONN
431,CSW24,6,6,11.963000,3.094000,-8.869000,f7 LUNS
431,CSW24,7,7,11.245000,2.154000,-9.091000,h7 LINN
431,CSW24,8,8,10.889000,1.994000,-8.895000,f7 LUNT
431,CSW24,9,9,9.861000,1.517000,-8.344000,f7 NUN
431,CSW24,10,10,9.797000,0.792000,-9.005000,ex LNNNS
431,CSW24,11,11,9.753000,0.748000,-9.005000,ex LNNN
431,CSW24,12,12,9.395000,0.390000,-9.005000,ex LNNNT
431,CSW24,13,17,8.534000,0.369000,-8.165000,3g NANS
431,CSW24,14,13,9.110000,0.105000,-9.005000,ex LNNNST
431,CSW24,15,14,8.951000,-0.054000,-9.005000,ex LNNS
431,CSW24,16,15,8.926000,-0.079000,-9.005000,ex LNNST
431,CSW24,17,19,8.148000,-0.354000,-8.502000,g5 UNLOST
431,CSW24,18,16,8.649000,-0.434000,-9.083000,f7 SUNNS
431,CSW24,19,18,8.163000,-0.842000,-9.005000,ex NNNST
431,CSW24,20,20,8.108000,-0.897000,-9.005000,ex LNNT
431,CSW24,21,26,7.148000,-1.109000,-8.257000,3g LANTS
431,CSW24,22,27,7.148000,-1.137000,-8.285000,j3 STOLN
431,CSW24,23,22,7.534000,-1.190000,-8.724000,3h ANNS
431,CSW24,24,25,7.148000,-1.249000,-8.397000,3f SLANT
431,CSW24,25,21,7.685000,-1.320000,-9.005000,ex NNNT
376,CSW24,1,1,84.000000,78.031000,-5.969000,9h EASINGS
376,CSW24,2,2,78.000000,69.489000,-8.511000,m3 SEASING
376,CSW24,3,4,76.000000,65.056000,-10.944000,m2 EASINGS
376,CSW24,4,6,74.000000,64.351000,-9.649000,m2 AGNISES
376,CSW24,5,3,76.000000,64.174000,-11.826000,m1 SEASING
376,CSW24,6,5,75.000000,62.951000,-12.049000,m1 EASINGS
376,CSW24,7,7,68.000000,60.405000,-7.595000,5b GAINLESS
376,CSW24,8,8,67.000000,57.703000,-9.297000,m4 EASINGS
376,CSW24,9,9,67.000000,56.822000,-10.178000,m5 AGNISES
376,CSW24,10,10,67.000000,56.769000,-10.231000,m6 AGNISES
376,CSW24,11,13,66.000000,56.394000,-9.606000,m5 EASINGS
376,CSW24,12,12,66.000000,56.318000,-9.682000,m4 SEASING
376,CSW24,13,15,62.000000,55.712000,-6.288000,h2 SAGINATES
376,CSW24,14,14,66.000000,55.492000,-10.508000,m6 SEASING
376,CSW24,15,11,66.000000,54.823000,-11.177000,m4 AGNISES
376,CSW24,16,16,51.117000,44.940000,-6.177000,l4 GANS
376,CSW24,17,18,50.303000,43.726000,-6.577000,l4 EANS
376,CSW24,18,17,50.784000,43.686000,-7.098000,l5 ANS
376,CSW24,19,19,49.191000,42.474000,-6.717000,l2 INGANS
376,CSW24,20,21,47.413000,40.940000,-6.473000,l3 GEANS
376,CSW24,21,22,46.303000,40.521000,-5.782000,9h EAS
376,CSW24,22,20,47.784000,40.284000,-7.500000,9i AS
376,CSW24,23,23,42.110000,35.728000,-6.382000,9h EASING
376,CSW24,24,24,41.771000,35.480000,-6.291000,9h ES
376,CSW24,25,26,41.426000,35.122000,-6.304000,l4 NANS
23,CSW24,1,1,61.797000,58.738000,-3.059000,n2 COOZE
23,CSW24,2,3,55.342000,55.548000,0.206000,11j ZO
23,CSW24,3,2,55.518000,52.421000,-3.097000,n2 COOZES
23,CSW24,4,4,51.342000,51.646000,0.304000,d11 ZO
23,CSW24,5,7,49.816000,49.864000,0.048000,d11 ZOO
23,CSW24,6,5,50.342000,49.815000,-0.527000,j10 ZOA
23,CSW24,7,8,49.733000,49.682000,-0.051000,d11 ZOOT
23,CSW24,8,9,49.110000,47.436000,-1.674000,j6 ECTOZOA
23,CSW24,9,10,47.342000,47.107000,-0.235000,n5 ZO
23,CSW24,10,11,46.816000,46.474000,-0.342000,n5 ZOO
23,CSW24,11,12,46.342000,46.354000,0.012000,e13 ZO
23,CSW24,12,13,45.345000,45.471000,0.126000,11j TOC
23,CSW24,13,15,44.430000,44.111000,-0.319000,n5 TOZE
23,CSW24,14,14,45.110000,43.716000,-1.394000,5i ECTOZOA
23,CSW24,15,17,43.816000,43.593000,-0.223000,e13 ZOO
23,CSW24,16,16,43.816000,43.553000,-0.263000,i9 ZOO
23,CSW24,17,6,49.877000,43.486000,-6.391000,n1 STOOZE
23,CSW24,18,19,43.342000,42.929000,-0.413000,i9 ZO
23,CSW24,19,21,43.292000,42.841000,-0.451000,m7 COZE
23,CSW24,20,22,42.342000,42.039000,-0.303000,n7 ZO
23,CSW24,21,20,43.292000,41.667000,-1.625000,n3 COZE
23,CSW24,22,24,41.797000,41.280000,-0.517000,m6 COOZE
23,CSW24,23,23,42.292000,40.446000,-1.846000,n2 COZE
23,CSW24,24,29,39.867000,39.988000,0.121000,d11 ZOOS
23,CSW24,25,27,40.342000,39.854000,-0.488000,7m ZOO
877,CSW24,1,1,15.229000,7.108000,-8.121000,12j QIN
877,CSW24,2,2,8.002000,-1.413000,-9.415000,n10 TRODE
877,CSW24,3,5,6.912000,-2.516000,-9.428000,n10 DRONE
877,CSW24,4,4,7.002000,-2.551000,-9.553000,n8 DORT
877,CSW24,5,6,5.979000,-3.250000,-9.229000,n8 TOD
877,CSW24,6,3,7.002000,-4.168000,-11.170000,l4 DORTY
877,CSW24,7,12,3.979000,-4.381000,-8.360000,l10 DOT
877,CSW24,8,10,4.149000,-4.613000,-8.762000,l12 DON
877,CSW24,9,8,5.002000,-4.779000,-9.781000,12h DROIT
877,CSW24,10,9,4.440000,-5.052000,-9.492000,n10 TRONE
877,CSW24,11,11,4.010000,-5.439000,-9.449000,n8 NOTT
877,CSW24,12,7,5.529000,-5.735000,-11.264000,l4 DOTTY
877,CSW24,13,13,3.575000,-6.077000,-9.652000,n8 TORT
877,CSW24,14,14,3.440000,-6.155000,-9.595000,n8 TORN
877,CSW24,15,15,2.299000,-6.530000,-8.829000,l12 TON
877,CSW24,16,16,2.002000,-7.186000,-9.188000,n11 DOTER
877,CSW24,17,17,1.979000,-7.287000,-9.266000,n8 DOT
877,CSW24,18,19,1.760000,-8.084000,-9.844000,ex DQT
877,CSW24,19,20,1.619000,-8.225000,-9.844000,ex QTT
877,CSW24,20,28,0.831000,-8.413000,-9.244000,n8 NOD
877,CSW24,21,21,1.427000,-8.417000,-9.844000,ex DNQT
877,CSW24,22,37,-0.169000,-8.513000,-8.344000,l10 NOD
877,CSW24,23,23,1.303000,-8.541000,-9.844000,ex NQTT
877,CSW24,24,22,1.345000,-8.728000,-10.073000,l7 TYND
877,CSW24,25,24,1.246000,-8.856000,-10.102000,n11 NOTED
123,CSW24,1,1,73.000000,71.541000,-1.459000,5b RETREAT
123,CSW24,2,2,69.000000,67.546000,-1.454000,d4 RETREAT
123,CSW24,3,3,26.688000,23.815000,-2.873000,12d ROSET
123,CSW24,4,4,24.506000,21.814000,-2.692000,5e REATE
123,CSW24,5,5,23.778000,20.685000,-3.093000,5d TREAT
123,CSW24,6,6,22.688000,18.965000,-3.723000,5k oXTER
123,CSW24,7,7,21.688000,18.187000,-3.501000,m11 TONER
123,CSW24,8,8,21.688000,18.028000,-3.660000,13b TERAI
123,CSW24,9,9,20.848000,17.718000,-3.130000,9k PET
123,CSW24,10,12,20.438000,17.217000,-3.221000,3c TARE
123,CSW24,11,11,20.438000,17.070000,-3.368000,3c RATE
123,CSW24,12,14,20.438000,16.804000,-3.634000,5c TARE
123,CSW24,13,13,20.438000,16.744000,-3.694000,5c RATE
123,CSW24,14,10,20.688000,16.466000,-4.222000,m1 TRYE
123,CSW24,15,15,19.778000,16.377000,-3.401000,5b TETRA
123,CSW24,16,21,18.848000,15.709000,-3.139000,7k TET
123,CSW24,17,20,19.102000,15.669000,-3.433000,14h REG
123,CSW24,18,28,18.102000,15.612000,-2.490000,o11 RORE
123,CSW24,19,19,19.102000,15.591000,-3.511000,5k oXER
123,CSW24,20,22,18.848000,15.328000,-3.520000,14l TED
123,CSW24,21,23,18.688000,14.881000,-3.807000,d8 RET
123,CSW24,22,25,18.102000,14.833000,-3.269000,f1 TERF
123,CSW24,23,26,18.102000,14.789000,-3.313000,f1 TREF
123,CSW24,24,29,18.062000,14.728000,-3.334000,12d ROST
123,CSW24,25,30,17.848000,14.585000,-3.263000,2e TE
359,CSW24,1,1,62.257000,57.780000,-4.477000,9g TAXER
359,CSW24,2,2,50.990000,45.975000,-5.015000,9g TAX
359,CSW24,3,3,50.129000,44.553000,-5.576000,9h AX
359,CSW24,4,4,48.257000,42.606000,-5.651000,9e RETAX
359,CSW24,5,5,47.869000,42.269000,-5.600000,a7 OXGATE
359,CSW24,6,6,47.578000,41.897000,-5.681000,9h AXE
359,CSW24,7,7,46.645000,41.514000,-5.131000,9g RAX
359,CSW24,8,9,38.221000,33.140000,-5.081000,a6 TAXOR
359,CSW24,9,11,37.826000,32.650000,-5.176000,a6 RETOX
359,CSW24,10,12,37.696000,31.918000,-5.778000,a7 OX
359,CSW24,11,10,38.118000,31.354000,-6.764000,i7 ZEX
359,CSW24,12,8,39.221000,30.772000,-8.449000,n11 TAXOR
359,CSW24,13,15,35.826000,30.191000,-5.635000,a7 OXTER
359,CSW24,14,17,35.257000,30.184000,-5.073000,a6 TAXER
359,CSW24,15,16,35.257000,30.073000,-5.184000,a6 RETAX
359,CSW24,16,14,36.688000,29.113000,-7.575000,n11 GOX
359,CSW24,17,20,33.990000,28.553000,-5.437000,a6 TAX
359,CSW24,18,13,37.279000,28.478000,-8.801000,12k RETOX
359,CSW24,19,19,33.990000,28.195000,-5.795000,4d TAX
359,CSW24,20,22,33.257000,27.594000,-5.663000,a7 EXTRA
359,CSW24,21,18,34.404000,26.549000,-7.855000,n12 EXO
359,CSW24,22,24,32.279000,26.506000,-5.773000,a7 OXER
359,CSW24,23,23,32.696000,26.252000,-6.444000,l2 OXO
359,CSW24,24,27,31.597000,26.247000,-5.350000,a6 TEX
359,CSW24,25,26,31.597000,25.844000,-5.753000,4d TEX
1040,CSW24,1,1,17.386000,5.825000,-11.561000,10d INWIND
1040,CSW24,2,3,15.450000,5.552000,-9.898000,k4 WINCED
1040,CSW24,3,2,15.993000,4.654000,-11.339000,4d INWIT
1040,CSW24,4,7,13.974000,3.517000,-10.457000,10f DINIC
1040,CSW24,5,6,14.013000,3.100000,-10.913000,11c DICING
1040,CSW24,6,11,13.014000,3.036000,-9.978000,k5 WICE
1040,CSW24,7,5,14.013000,2.897000,-11.116000,11c CIDING
1040,CSW24,8,10,13.387000,2.896000,-10.491000,5g IRIDIC
1040,CSW24,9,15,12.142000,2.473000,-9.669000,k5 WINED
1040,CSW24,10,8,13.742000,1.945000,-11.797000,g2 IWI
1040,CSW24,11,17,11.974000,1.747000,-10.227000,5h RIDIC
1040,CSW24,12,13,12.202000,1.660000,-10.542000,k5 WIDE
1040,CSW24,13,12,12.503000,1.444000,-11.059000,10f WIN
1040,CSW24,14,14,12.202000,1.389000,-10.813000,10f WIND
1040,CSW24,15,9,13.742000,0.933000,-12.809000,i2 IWI
1040,CSW24,16,16,12.013000,0.844000,-11.169000,4c INDICT
1040,CSW24,17,19,11.290000,0.784000,-10.506000,k4 WINCE
1040,CSW24,18,27,8.387000,0.126000,-8.261000,j7 IRIDIC
1040,CSW24,19,20,10.958000,0.097000,-10.861000,11d ICING
1040,CSW24,20,21,10.892000,-0.225000,-11.117000,11e WING
1040,CSW24,21,18,11.742000,-0.607000,-12.349000,i11 IWI
1040,CSW24,22,30,7.958000,-0.873000,-8.831000,j8 RICIN
1040,CSW24,23,29,7.974000,-0.989000,-8.963000,j8 RIDIC
1040,CSW24,24,22,9.892000,-1.016000,-10.908000,10f WINN
1040,CSW24,25,28,8.202000,-1.347000,-9.549000,6g WEID
106,CSW24,1,1,23.461000,15.518000,-7.943000,e3 HOVING
106,CSW24,2,2,18.865000,12.255000,-6.610000,9f FOHN
106,CSW24,3,5,16.686000,10.829000,-5.857000,9f FOH
106,CSW24,4,3,17.001000,9.205000,-7.796000,e3 LOVING
106,CSW24,5,4,17.001000,8.783000,-8.218000,e3 VOLING
106,CSW24,6,6,12.686000,6.882000,-5.804000,a5 FOH
106,CSW24,7,9,11.812000,4.799000,-7.013000,a4 VIOL
106,CSW24,8,8,11.878000,4.669000,-7.209000,e5 VLOG
106,CSW24,9,7,11.886000,4.559000,-7.327000,h6 FLAVIN
106,CSW24,10,12,10.619000,3.406000,-7.213000,f6 VIOL
106,CSW24,11,11,11.686000,3.372000,-8.314000,f7 HOOF
106,CSW24,12,10,11.686000,3.297000,-8.389000,f6 HOOF
106,CSW24,13,13,10.092000,1.610000,-8.482000,e4 FLING
106,CSW24,14,19,8.204000,1.202000,-7.002000,a3 VINO
106,CSW24,15,24,7.555000,1.135000,-6.420000,9f FOIL
106,CSW24,16,14,9.882000,0.880000,-9.002000,e4 FLONG
106,CSW24,17,22,7.687000,0.828000,-6.859000,9f FOIN
106,CSW24,18,25,6.896000,0.691000,-6.205000,h7 FAV
106,CSW24,19,29,6.687000,0.459000,-6.228000,a4 FOIN
106,CSW24,20,32,6.555000,0.267000,-6.288000,a4 FOIL
106,CSW24,21,26,6.895000,0.227000,-6.668000,9f FIN
106,CSW24,22,17,8.878000,0.222000,-8.656000,a5 VOL
106,CSW24,23,31,6.601000,0.026000,-6.575000,9f FON
106,CSW24,24,33,6.512000,-0.040000,-6.552000,9f FIL
106,CSW24,25,34,6.182000,-0.421000,-6.603000,9f HIN
724,CSW24,1,1,19.154000,12.700000,-6.454000,h11 TAUON
724,CSW24,2,2,15.510000,8.817000,-6.693000,h11 TENUE
724,CSW24,3,4,14.080000,7.834000,-6.246000,h11 TUNED
724,CSW24,4,3,14.080000,7.761000,-6.319000,h11 TENDU
724,CSW24,5,6,13.767000,7.084000,-6.683000,h11 TEAED
724,CSW24,6,8,13.443000,7.047000,-6.396000,12k EAU
724,CSW24,7,7,13.477000,6.963000,-6.514000,h11 TONED
724,CSW24,8,5,13.767000,6.953000,-6.814000,h11 TEADE
724,CSW24,9,12,11.820000,6.914000,-4.906000,12f AEON
724,CSW24,10,13,11.443000,6.689000,-4.754000,7h EAU
724,CSW24,11,11,11.820000,6.017000,-5.803000,12d EOAN
724,CSW24,12,15,11.086000,5.441000,-5.645000,7d OUD
724,CSW24,13,23,10.006000,5.396000,-4.610000,7h OU
724,CSW24,14,14,11.086000,5.051000,-6.035000,7d DUO
724,CSW24,15,31,9.385000,4.984000,-4.401000,7h OE
724,CSW24,16,9,13.362000,4.830000,-8.532000,e3 UNDOER
724,CSW24,17,27,9.443000,3.734000,-5.709000,10c AUE
724,CSW24,18,28,9.443000,3.675000,-5.768000,10c EAU
724,CSW24,19,22,10.006000,3.653000,-6.353000,7d OU
724,CSW24,20,33,9.280000,3.615000,-5.665000,10b AUNE
724,CSW24,21,30,9.385000,3.187000,-6.198000,7d OE
724,CSW24,22,24,9.820000,2.993000,-6.827000,12k EOAN
724,CSW24,23,26,9.657000,2.974000,-6.683000,f11 TOEA
724,CSW24,24,32,9.385000,2.886000,-6.499000,12e OE
724,CSW24,25,37,8.385000,2.867000,-5.518000,12f OE
1132,CSW24,1,2,47.387000,42.466000,-4.921000,8m BAE
1132,CSW24,2,28,41.585000,36.192000,-5.393000,o6 PEBA
1132,CSW24,3,36,40.837000,35.524000,-5.313000,o6 BEEP
1132,CSW24,4,35,40.837000,35.300000,-5.537000,o5 BEEP
1132,CSW24,5,1,49.410000,34.635000,-14.775000,11i PIA
1132,CSW24,6,20,42.636000,32.248000,-10.388000,9n BI
1132,CSW24,7,5,46.410000,32.237000,-14.173000,6m PIA
1132,CSW24,8,9,45.711000,31.775000,-13.936000,6m PIE
1132,CSW24,9,6,46.387000,31.270000,-15.117000,6j BAE
1132,CSW24,10,3,47.235000,30.736000,-16.499000,l3 BIPED
1132,CSW24,11,4,46.706000,30.702000,-16.004000,l4 ABIDE
1132,CSW24,12,11,44.706000,30.447000,-14.259000,m9 ERBIA
1132,CSW24,13,32,41.302000,30.386000,-10.916000,9l PEBA
1132,CSW24,14,8,45.767000,30.313000,-15.454000,k9 ALIBI
1132,CSW24,15,10,45.636000,29.799000,-15.837000,6m BI
1132,CSW24,16,7,46.096000,29.778000,-16.318000,l4 ABID
1132,CSW24,17,88,34.811000,29.115000,-5.696000,o6 BEE
1132,CSW24,18,17,43.894000,29.037000,-14.857000,6j PEA
1132,CSW24,19,12,44.121000,28.454000,-15.667000,6j BA
1132,CSW24,20,96,33.677000,27.981000,-5.696000,o6 PEE
1132,CSW24,21,21,42.437000,27.923000,-14.514000,k9 BLIP
1132,CSW24,22,16,43.895000,27.697000,-16.198000,6m PI
1132,CSW24,23,115,32.294000,27.673000,-4.621000,8l IBIs
1132,CSW24,24,103,33.084000,27.419000,-5.665000,o6 PEA
1132,CSW24,25,13,44.096000,27.391000,-16.705000,k5 ABRI
988,CSW24,1,1,32.221000,25.524000,-6.697000,7k PEW
988,CSW24,2,2,26.961000,20.732000,-6.229000,m7 JET
988,CSW24,3,4,26.424000,19.461000,-6.963000,9k NEW
988,CSW24,4,3,26.424000,19.433000,-6.991000,7k NEW
988,CSW24,5,5,25.818000,19.130000,-6.688000,7k TEW
988,CSW24,6,6,25.818000,19.108000,-6.710000,9k TEW
988,CSW24,7,7,25.371000,19.005000,-6.366000,m7 PEW
988,CSW24,8,8,24.899000,17.766000,-7.133000,m7 WEPT
988,CSW24,9,14,23.356000,16.186000,-7.170000,m7 JEEP
988,CSW24,10,12,24.372000,15.882000,-8.490000,9f PWN
988,CSW24,11,9,24.899000,15.783000,-9.116000,9f TWP
988,CSW24,12,11,24.372000,15.677000,-8.695000,7f PWN
988,CSW24,13,13,24.262000,15.647000,-8.615000,k5 TWEEP
988,CSW24,14,15,23.221000,15.511000,-7.710000,7m PEW
988,CSW24,15,16,22.896000,14.801000,-8.095000,k5 JETE
988,CSW24,16,10,24.625000,14.347000,-10.278000,m8 ENSWEPT
988,CSW24,17,19,22.424000,14.258000,-8.166000,7m WEN
988,CSW24,18,21,22.371000,14.214000,-8.157000,i6 PWN
988,CSW24,19,20,22.424000,13.919000,-8.505000,9m WEN
988,CSW24,20,23,21.818000,13.599000,-8.219000,9m WET
988,CSW24,21,22,21.818000,13.550000,-8.268000,7m WET
988,CSW24,22,24,20.896000,13.526000,-7.370000,m7 JETE
988,CSW24,23,27,20.424000,13.500000,-6.924000,9k WEN
988,CSW24,24,26,20.424000,13.463000,-6.961000,7k WEN
988,CSW24,25,25,20.853000,13.165000,-7.688000,k7 JEEPS
1020,CSW24,1,1,31.778000,22.235000,-9.543000,11h DOGIE
1020,CSW24,2,2,29.631000,21.101000,-8.530000,4i ERGO
1020,CSW24,3,3,28.465000,19.374000,-9.091000,11h DOGE
1020,CSW24,4,4,28.150000,19.289000,-8.861000,4j DOG
1020,CSW24,5,6,25.986000,17.667000,-8.319000,4c GIO
1020,CSW24,6,7,25.986000,17.506000,-8.480000,4k GIO
1020,CSW24,7,5,26.522000,17.059000,-9.463000,11g EDGIER
1020,CSW24,8,9,25.056000,16.238000,-8.818000,4l GOE
1020,CSW24,9,11,24.284000,16.067000,-8.217000,5a COGIE
1020,CSW24,10,13,24.056000,15.135000,-8.921000,2e GEO
1020,CSW24,11,12,24.056000,14.811000,-9.245000,2d EGO
1020,CSW24,12,15,23.986000,14.707000,-9.279000,2e GIO
1020,CSW24,13,20,23.271000,14.662000,-8.609000,4j ROID
1020,CSW24,14,14,24.056000,14.656000,-9.400000,2e GOE
1020,CSW24,15,16,23.871000,14.582000,-9.289000,9g GRIDE
1020,CSW24,16,17,23.871000,14.519000,-9.352000,11h DERIG
1020,CSW24,17,18,23.871000,14.493000,-9.378000,11h DIRGE
1020,CSW24,18,8,25.465000,13.993000,-11.472000,4l DOGE
1020,CSW24,19,23,22.778000,13.798000,-8.980000,l3 GOODIE
1020,CSW24,20,24,22.778000,13.798000,-8.980000,l4 GOODIE
1020,CSW24,21,10,24.778000,13.692000,-11.086000,2e GEOID
1020,CSW24,22,19,23.778000,13.682000,-10.096000,9h DOGIE
1020,CSW24,23,22,22.956000,13.244000,-9.712000,2e GIE
1020,CSW24,24,30,21.855000,13.216000,-8.639000,4l GO
1020,CSW24,25,29,21.986000,13.138000,-8.848000,i10 GIO
535,CSW24,1,2,52.415000,46.203000,-6.212000,l3 XED
535,CSW24,2,1,52.415000,46.108000,-6.307000,l3 DEX
535,CSW24,3,3,45.926000,38.029000,-7.897000,10b FIXED
535,CSW24,4,4,45.654000,37.830000,-7.824000,10b FIENDS
535,CSW24,5,6,44.372000,37.620000,-6.752000,3j FAIX
535,CSW24,6,7,43.887000,37.243000,-6.644000,l3 DEF
535,CSW24,7,5,44.413000,36.978000,-7.435000,3j FAXED
535,CSW24,8,8,42.225000,35.395000,-6.830000,l4 EX
535,CSW24,9,15,38.613000,32.295000,-6.318000,l3 SEX
535,CSW24,10,13,39.048000,32.049000,-6.999000,l3 NEF
535,CSW24,11,10,39.481000,31.638000,-7.843000,10c FINDS
535,CSW24,12,11,39.252000,31.107000,-8.145000,10b FIEND
535,CSW24,13,12,39.252000,31.040000,-8.212000,10b FINED
535,CSW24,14,16,38.297000,30.830000,-7.467000,10d FIDS
535,CSW24,15,14,38.891000,30.706000,-8.185000,10h SEXFID
535,CSW24,16,18,36.836000,30.177000,-6.659000,3j FAX
535,CSW24,17,19,36.478000,28.849000,-7.629000,10d FEDS
535,CSW24,18,20,36.372000,28.194000,-8.178000,10i FIX
535,CSW24,19,21,36.133000,28.176000,-7.957000,10c FENDS
535,CSW24,20,9,42.083000,27.890000,-14.193000,2k REFIX
535,CSW24,21,25,34.755000,27.787000,-6.968000,l4 EF
535,CSW24,22,22,35.622000,27.546000,-8.076000,10c FIND
535,CSW24,23,26,34.527000,26.911000,-7.616000,10c FIXES
535,CSW24,24,27,34.319000,26.811000,-7.508000,10d FINS
535,CSW24,25,17,37.798000,26.715000,-11.083000,i9 ENFIX
1124,CSW24,1,1,44.221000,35.013000,-9.208000,15k METIF
1124,CSW24,2,2,33.669000,21.147000,-12.522000,j2 FETE
1124,CSW24,3,3,32.440000,19.241000,-13.199000,j4 TEF
1124,CSW24,4,4,32.440000,19.139000,-13.301000,j5 EFT
1124,CSW24,5,6,29.572000,18.836000,-10.736000,15m FIG
1124,CSW24,6,5,30.668000,17.967000,-12.701000,13m FEG
1124,CSW24,7,7,29.440000,17.363000,-12.077000,j2 FET
1124,CSW24,8,11,27.197000,17.020000,-10.177000,15l EMIT
1124,CSW24,9,9,28.668000,15.950000,-12.718000,g3 FEG
1124,CSW24,10,12,27.120000,15.677000,-11.443000,h2 FEME
1124,CSW24,11,8,29.083000,15.642000,-13.441000,j5 EF
1124,CSW24,12,10,27.572000,14.841000,-12.731000,13m FIG
1124,CSW24,13,18,25.668000,13.968000,-11.700000,h2 FEG
1124,CSW24,14,16,26.083000,13.783000,-12.300000,j2 FE
1124,CSW24,15,14,26.396000,13.688000,-12.708000,13m FEM
1124,CSW24,16,22,24.895000,13.588000,-11.307000,1g FIVE
1124,CSW24,17,19,25.654000,12.922000,-12.732000,j2 METE
1124,CSW24,18,20,25.572000,12.712000,-12.860000,g3 FIG
1124,CSW24,19,13,26.568000,12.484000,-14.084000,m9 GIFTEE
1124,CSW24,20,17,26.083000,12.233000,-13.850000,j6 FE
1124,CSW24,21,23,24.181000,11.661000,-12.520000,h4 MEG
1124,CSW24,22,26,23.396000,11.608000,-11.788000,h2 FEM
1124,CSW24,23,27,23.348000,10.801000,-12.547000,g3 TIGE
1124,CSW24,24,15,26.120000,10.642000,-15.478000,d1 FEME
1124,CSW24,25,41,21.240000,10.417000,-10.823000,15m MIG
544,CSW24,1,1,43.778000,37.769000,-6.009000,9c LAWNY
544,CSW24,2,2,43.778000,37.491000,-6.287000,9c WANLY
544,CSW24,3,3,41.258000,34.966000,-6.292000,9c NEWLY
544,CSW24,4,4,41.119000,34.966000,-6.153000,9c RAWLY
544,CSW24,5,5,40.515000,34.456000,-6.059000,9d AWNY
544,CSW24,6,6,38.104000,31.245000,-6.859000,9c YAWNER
544,CSW24,7,7,36.595000,30.416000,-6.179000,9c WANEY
544,CSW24,8,8,32.878000,25.242000,-7.636000,d8 FLAWY
544,CSW24,9,11,31.227000,24.961000,-6.266000,9d AWNER
544,CSW24,10,14,30.234000,24.562000,-5.672000,9e WEY
544,CSW24,11,9,31.878000,24.215000,-7.663000,9c YAWL
544,CSW24,12,12,30.888000,23.770000,-7.118000,9c WYN
544,CSW24,13,10,31.515000,23.606000,-7.909000,d8 FAWNY
544,CSW24,14,17,29.504000,23.547000,-5.957000,9c LEANY
544,CSW24,15,13,30.515000,22.708000,-7.807000,9c YAWN
544,CSW24,16,18,29.385000,22.479000,-6.906000,9c WYLE
544,CSW24,17,16,30.095000,21.724000,-8.371000,9b NEARLY
544,CSW24,18,26,27.083000,21.626000,-5.457000,9f LYE
544,CSW24,19,15,30.095000,21.579000,-8.516000,9b ANERLY
544,CSW24,20,20,28.387000,21.096000,-7.291000,9c EARLY
544,CSW24,21,22,27.580000,21.083000,-6.497000,6g WANE
544,CSW24,22,28,26.888000,20.988000,-5.900000,9k WYN
544,CSW24,23,19,29.159000,20.694000,-8.465000,m8 AWEARY
544,CSW24,24,23,27.298000,20.684000,-6.614000,9c WANLE
544,CSW24,25,24,27.247000,20.348000,-6.899000,6g YAW
88,CSW24,1,2,26.438000,20.260000,-6.178000,d10 MULE
88,CSW24,2,1,27.971000,20.026000,-7.945000,h1 TERMER
88,CSW24,3,3,23.506000,17.314000,-6.192000,d9 EMULE
88,CSW24,4,5,22.694000,16.649000,-6.045000,d10 MUTER
88,CSW24,5,6,22.515000,16.502000,-6.013000,d10 MUTE
88,CSW24,6,8,21.617000,15.837000,-5.780000,d10 MEU
88,CSW24,7,4,23.439000,15.380000,-8.059000,h1 MELTER
88,CSW24,8,9,21.444000,15.226000,-6.218000,d10 MURE
88,CSW24,9,7,21.694000,14.714000,-6.980000,5g MUTER
88,CSW24,10,13,20.181000,14.697000,-5.484000,d10 MEL
88,CSW24,11,12,20.398000,14.253000,-6.145000,d9 EMURE
88,CSW24,12,10,20.692000,14.189000,-6.503000,9c TULLE
88,CSW24,13,11,20.402000,13.921000,-6.481000,5g LEMUR
88,CSW24,14,19,18.972000,13.674000,-5.298000,f10 UM
88,CSW24,15,26,18.181000,13.344000,-4.837000,10d LYME
88,CSW24,16,20,18.931000,13.275000,-5.656000,d10 MUT
88,CSW24,17,22,18.617000,13.267000,-5.350000,f10 EMU
88,CSW24,18,21,18.617000,13.257000,-5.360000,d9 EMU
88,CSW24,19,25,18.371000,13.202000,-5.169000,f10 ULE
88,CSW24,20,23,18.617000,13.162000,-5.455000,f10 UME
88,CSW24,21,15,19.694000,12.645000,-7.049000,5g TURME
88,CSW24,22,24,18.506000,12.437000,-6.069000,f10 EMULE
88,CSW24,23,16,19.438000,12.376000,-7.062000,5g MULE
88,CSW24,24,29,17.556000,12.254000,-5.302000,d10 MURL
88,CSW24,25,31,17.181000,11.983000,-5.198000,f10 ELM
958,CSW24,1,1,98.000000,88.299000,-9.701000,k4 CRIMINAL
958,CSW24,2,2,74.000000,64.051000,-9.949000,k6 CRIMINAL
958,CSW24,3,3,43.104000,33.076000,-10.028000,k5 MINICAR
958,CSW24,4,4,24.386000,18.007000,-6.379000,7f LIMAN
958,CSW24,5,5,24.386000,17.395000,-6.991000,9f LIMAN
958,CSW24,6,7,22.595000,15.790000,-6.805000,9i AMNIC
958,CSW24,7,9,22.292000,15.197000,-7.095000,9f MINAR
958,CSW24,8,6,23.385000,14.049000,-9.336000,f6 CLAIM
958,CSW24,9,20,20.512000,13.748000,-6.764000,7e CLAM
958,CSW24,10,12,21.597000,13.306000,-8.291000,f8 ARC
958,CSW24,11,21,20.512000,13.272000,-7.240000,9e CLAM
958,CSW24,12,13,21.597000,13.118000,-8.479000,j8 ORC
958,CSW24,13,10,22.258000,12.898000,-9.360000,k4 LIMNIC
958,CSW24,14,8,22.512000,12.820000,-9.692000,j6 CLOAM
958,CSW24,15,11,22.258000,12.735000,-9.523000,k7 LIMNIC
958,CSW24,16,26,19.983000,12.707000,-7.276000,9e CRIM
958,CSW24,17,25,20.041000,12.673000,-7.368000,9f MIL
958,CSW24,18,35,19.216000,12.631000,-6.585000,7f LIMA
958,CSW24,19,39,19.041000,12.435000,-6.606000,7h MIL
958,CSW24,20,18,21.104000,12.381000,-8.723000,9c ARCMIN
958,CSW24,21,37,19.128000,12.295000,-6.833000,7f NIM
958,CSW24,22,36,19.216000,12.221000,-6.995000,9f LIMA
958,CSW24,23,34,19.244000,12.220000,-7.024000,9d CLAIM
958,CSW24,24,16,21.104000,12.066000,-9.038000,7c ARCMIN
958,CSW24,25,33,19.244000,12.058000,-7.186000,7d CLAIM
464,CSW24,1,1,28.032000,16.339000,-11.693000,h11 AGOOD
464,CSW24,2,2,26.422000,14.970000,-11.452000,e5 GOOF
464,CSW24,3,3,23.890000,12.418000,-11.472000,e5 GOAF
464,CSW24,4,4,17.512000,5.772000,-11.740000,m3 DROOG
464,CSW24,5,5,16.512000,4.832000,-11.680000,j9 GOOD
464,CSW24,6,8,14.781000,4.430000,-10.351000,a13 NOG
464,CSW24,7,7,15.422000,4.043000,-11.379000,j9 GOO
464,CSW24,8,9,14.730000,3.885000,-10.845000,2l DOG
464,CSW24,9,6,15.826000,3.586000,-12.240000,j10 OOTID
464,CSW24,10,11,13.877000,2.622000,-11.255000,j9 GIO
464,CSW24,11,14,13.417000,2.543000,-10.874000,12d ALGID
464,CSW24,12,16,13.175000,2.417000,-10.758000,3l TOGA
464,CSW24,13,23,12.423000,1.909000,-10.514000,2l IOTA
464,CSW24,14,20,12.939000,1.641000,-11.298000,j9 DOO
464,CSW24,15,15,13.403000,1.625000,-11.778000,j9 GOAD
464,CSW24,16,19,12.939000,1.526000,-11.413000,3l DOO
464,CSW24,17,22,12.890000,1.476000,-11.414000,j9 GOA
464,CSW24,18,13,13.422000,1.451000,-11.971000,e4 GOO
464,CSW24,19,17,13.175000,1.375000,-11.800000,j9 GOAT
464,CSW24,20,21,12.906000,1.116000,-11.790000,e6 OOF
464,CSW24,21,18,13.083000,1.057000,-12.026000,e3 AGIO
464,CSW24,22,10,14.032000,0.947000,-13.085000,l7 AGOOD
464,CSW24,23,32,11.730000,0.901000,-10.829000,3l DOG
464,CSW24,24,12,13.512000,0.611000,-12.901000,l7 GOOD
464,CSW24,25,31,11.781000,0.473000,-11.308000,l3 GEO
1192,CSW24,1,1,68.000000,57.499000,-10.501000,7g TEAWARE
1192,CSW24,2,2,68.000000,56.069000,-11.931000,9g TEAWARE
1192,CSW24,3,3,64.000000,48.142000,-15.858000,7h TEAWARE
1192,CSW24,4,4,64.000000,47.228000,-16.772000,9h TEAWARE
1192,CSW24,5,5,28.688000,24.399000,-4.289000,7f WAE
1192,CSW24,6,6,27.688000,21.782000,-5.906000,7g AWE
1192,CSW24,7,9,25.169000,21.608000,-3.561000,7e TWAE
1192,CSW24,8,10,25.169000,21.214000,-3.955000,9e WETA
1192,CSW24,9,7,26.688000,21.146000,-5.542000,9d AWE
1192,CSW24,10,8,25.688000,19.939000,-5.749000,9c WAE
1192,CSW24,11,12,24.062000,18.708000,-5.354000,7g AW
1192,CSW24,12,11,24.169000,18.610000,-5.559000,7f WATE
1192,CSW24,13,18,22.680000,16.417000,-6.263000,7g AWA
1192,CSW24,14,19,22.249000,16.257000,-5.992000,7f WARE
1192,CSW24,15,22,22.062000,15.626000,-6.436000,7d AW
1192,CSW24,16,23,22.062000,15.502000,-6.560000,9d AW
1192,CSW24,17,14,23.688000,15.330000,-8.358000,7h AWE
1192,CSW24,18,28,20.839000,15.298000,-5.541000,7f TAWA
1192,CSW24,19,13,23.688000,15.230000,-8.458000,7b AWE
1192,CSW24,20,26,21.062000,15.065000,-5.997000,7h AW
1192,CSW24,21,27,21.062000,14.877000,-6.185000,9h AW
1192,CSW24,22,16,23.688000,14.766000,-8.922000,9h AWE
1192,CSW24,23,34,20.249000,14.448000,-5.801000,9c WARE
1192,CSW24,24,15,23.688000,13.780000,-9.908000,7h WAE
1192,CSW24,25,17,23.688000,13.580000,-10.108000,9h WAE
2156,CSW24,1,1,36.645000,33.474000,-3.171000,8a JAWS
2156,CSW24,2,2,26.332000,23.342000,-2.990000,l10 WEB
2156,CSW24,3,5,25.248000,22.009000,-3.239000,8a JABS
2156,CSW24,4,4,25.448000,21.805000,-3.643000,c3 JARUL
2156,CSW24,5,6,25.075000,21.772000,-3.303000,l10 LEW
2156,CSW24,6,3,25.647000,21.214000,-4.433000,6j WURZEL
2156,CSW24,7,7,23.332000,20.163000,-3.169000,12l WEB
2156,CSW24,8,10,21.811000,18.565000,-3.246000,12l WEAL
2156,CSW24,9,9,22.537000,18.454000,-4.083000,e3 JUBA
2156,CSW24,10,8,22.537000,18.279000,-4.258000,c3 BAJU
2156,CSW24,11,13,21.448000,18.149000,-3.299000,k5 JURAL
2156,CSW24,12,12,21.537000,18.141000,-3.396000,k5 JUBA
2156,CSW24,13,11,21.537000,17.265000,-4.272000,c5 JUBA
2156,CSW24,14,14,20.277000,17.036000,-3.241000,12l WEAR
2156,CSW24,15,15,19.573000,16.090000,-3.483000,8a JARS
2156,CSW24,16,16,19.535000,16.081000,-3.454000,12l WE
2156,CSW24,17,17,19.492000,15.561000,-3.931000,8a BAWS
2156,CSW24,18,18,19.492000,15.546000,-3.946000,8a WABS
2156,CSW24,19,19,19.414000,15.443000,-3.971000,10l BOWL
2156,CSW24,20,20,18.619000,14.720000,-3.899000,6d PUJA
2156,CSW24,21,21,17.785000,13.831000,-3.954000,10l BOWR
2156,CSW24,22,24,17.075000,13.520000,-3.555000,12l LEW
2156,CSW24,23,23,17.332000,13.437000,-3.895000,10l BOW
2156,CSW24,24,22,17.625000,13.371000,-4.254000,e3 JURA
2156,CSW24,25,28,16.625000,13.026000,-3.599000,k5 JURA
2339,CSW24,1,1,32.898000,29.927000,-2.971000,6f FREE
2339,CSW24,2,2,32.631000,28.608000,-4.023000,8k REFED
2339,CSW24,3,3,30.801000,26.909000,-3.892000,1l WIFE
2339,CSW24,4,4,28.156000,25.286000,-2.870000,j7 DEED
2339,CSW24,5,7,26.721000,23.417000,-3.304000,j7 DEE
2339,CSW24,6,5,27.043000,23.116000,-3.927000,j9 EF
2339,CSW24,7,6,26.721000,22.498000,-4.223000,1l WEED
2339,CSW24,8,9,26.043000,22.421000,-3.622000,m3 EF
2339,CSW24,9,8,26.043000,21.991000,-4.052000,j1 EF
2339,CSW24,10,12,25.043000,21.881000,-3.162000,3b FE
2339,CSW24,11,10,25.497000,21.312000,-4.185000,1l WEID
2339,CSW24,12,11,25.497000,21.283000,-4.214000,1l WIDE
2339,CSW24,13,13,23.798000,20.162000,-3.636000,j9 EIDE
2339,CSW24,14,14,23.631000,19.698000,-3.933000,b7 FEED
2339,CSW24,15,16,22.721000,19.131000,-3.590000,6f DREE
2339,CSW24,16,17,22.631000,19.089000,-3.542000,6i FETED
2339,CSW24,17,15,23.272000,19.006000,-4.266000,j9 ED
2339,CSW24,18,19,22.043000,18.324000,-3.719000,i12 EF
2339,CSW24,19,18,22.156000,17.801000,-4.355000,8k REDED
2339,CSW24,20,20,21.694000,17.694000,-4.000000,j1 IF
2339,CSW24,21,22,21.154000,17.630000,-3.524000,6i FETID
2339,CSW24,22,23,20.497000,17.251000,-3.246000,13a IDE
2339,CSW24,23,21,21.631000,17.122000,-4.509000,m4 FEED
2339,CSW24,24,24,19.953000,15.638000,-4.315000,8k REDID
2339,CSW24,25,26,18.898000,15.182000,-3.716000,6i FETE
2082,CSW24,1,1,33.888000,32.110000,-1.778000,3g KAE
2082,CSW24,2,3,30.575000,28.319000,-2.256000,3f AKA
2082,CSW24,3,2,30.673000,28.004000,-2.669000,3g KA
2082,CSW24,4,4,26.335000,23.097000,-3.238000,5k AI
2082,CSW24,5,5,24.694000,21.741000,-2.953000,2e AKITA
2082,CSW24,6,6,24.335000,20.404000,-3.931000,9a AD
2082,CSW24,7,7,23.006000,20.112000,-2.894000,k6 TALKIE
2082,CSW24,8,11,22.598000,19.854000,-2.744000,2f KATA
2082,CSW24,9,10,22.673000,19.794000,-2.879000,3k AUK
2082,CSW24,10,8,22.740000,19.584000,-3.156000,2e IKAT
2082,CSW24,11,12,22.355000,19.352000,-3.003000,5k AIA
2082,CSW24,12,9,22.673000,19.161000,-3.512000,i3 KHAN
2082,CSW24,13,18,21.590000,18.846000,-2.744000,2f KETA
2082,CSW24,14,16,22.335000,18.683000,-3.652000,7b EA
2082,CSW24,15,13,22.335000,18.485000,-3.850000,i3 AH
2082,CSW24,16,15,22.335000,18.283000,-4.052000,7a AE
2082,CSW24,17,14,22.335000,17.996000,-4.339000,i4 HAN
2082,CSW24,18,17,21.694000,17.894000,-3.800000,13f AKITA
2082,CSW24,19,21,21.006000,17.345000,-3.661000,13f ALIKE
2082,CSW24,20,25,20.355000,17.208000,-3.147000,3h AA
2082,CSW24,21,20,21.335000,17.138000,-4.197000,f10 IDEA
2082,CSW24,22,19,21.335000,17.114000,-4.221000,f9 AIDE
2082,CSW24,23,23,20.673000,16.958000,-3.715000,n1 AKA
2082,CSW24,24,22,20.740000,16.946000,-3.794000,n1 AKITA
2082,CSW24,25,31,19.493000,16.770000,-2.723000,3i AITU
2072,CSW24,1,1,42.017000,40.714000,-1.303000,b1 ENDASH
2072,CSW24,2,2,24.440000,22.546000,-1.894000,e3 VeND
2072,CSW24,3,3,22.585000,20.099000,-2.486000,k7 NAV
2072,CSW24,4,5,21.765000,19.782000,-1.983000,2a OBVS
2072,CSW24,5,6,21.174000,19.070000,-2.104000,e3 DeV
2072,CSW24,6,4,21.990000,18.791000,-3.199000,2g BANDH
2072,CSW24,7,8,19.095000,16.625000,-2.470000,11b VENDS
2072,CSW24,8,7,19.453000,16.172000,-3.281000,b3 DAVEN
2072,CSW24,9,9,18.163000,15.944000,-2.219000,e3 BeND
2072,CSW24,10,10,17.744000,15.185000,-2.559000,k7 NAB
2072,CSW24,11,11,17.163000,14.010000,-3.153000,2g BAND
2072,CSW24,12,17,15.790000,13.951000,-1.839000,b1 EH
2072,CSW24,13,13,16.532000,13.947000,-2.585000,2g HAVEN
2072,CSW24,14,14,16.453000,13.864000,-2.589000,2g DAVEN
2072,CSW24,15,12,16.585000,13.669000,-2.916000,b3 NAV
2072,CSW24,16,21,15.455000,13.532000,-1.923000,e3 DeEV
2072,CSW24,17,19,15.610000,13.415000,-2.195000,e1 HEBeN
2072,CSW24,18,20,15.455000,13.385000,-2.070000,e2 DEeV
2072,CSW24,19,15,16.453000,13.326000,-3.127000,2g VANED
2072,CSW24,20,16,16.372000,12.949000,-3.423000,ex BHV
2072,CSW24,21,22,15.227000,12.844000,-2.383000,2a OVEN
2072,CSW24,22,23,14.972000,12.453000,-2.519000,7c BED
2072,CSW24,23,18,15.748000,12.325000,-3.423000,ex BNV
2072,CSW24,24,30,14.461000,12.243000,-2.218000,12k SH
2072,CSW24,25,33,14.202000,11.931000,-2.271000,b2 SNAB
2180,CSW24,1,1,58.000000,54.570000,-3.430000,k1 INDOcILE
2180,CSW24,2,2,20.854000,19.865000,-0.989000,l8 LOIDING
2180,CSW24,3,3,20.563000,19.347000,-1.216000,d1 IONIC
2180,CSW24,4,6,19.694000,18.757000,-0.937000,l10 INDIGO
2180,CSW24,5,5,19.782000,18.636000,-1.146000,12j OIL
2180,CSW24,6,4,19.782000,18.452000,-1.330000,d3 LOCI
2180,CSW24,7,7,19.243000,18.153000,-1.090000,d1 IODIC
2180,CSW24,8,9,18.683000,17.882000,-0.801000,12j OILED
2180,CSW24,9,8,18.798000,17.845000,-0.953000,d1 DINIC
2180,CSW24,10,11,18.610000,17.841000,-0.769000,15k IO
2180,CSW24,11,12,18.610000,17.837000,-0.773000,15k OI
2180,CSW24,12,10,18.683000,17.810000,-0.873000,12j OLDIE
2180,CSW24,13,16,18.428000,17.518000,-0.910000,12j OLID
2180,CSW24,14,13,18.610000,17.472000,-1.138000,15l IO
2180,CSW24,15,14,18.517000,17.262000,-1.255000,d2 ODIC
2180,CSW24,16,15,18.428000,17.214000,-1.214000,d2 DOLCI
2180,CSW24,17,23,17.462000,16.966000,-0.496000,15k ION
2180,CSW24,18,21,17.522000,16.611000,-0.911000,l8 ELIDING
2180,CSW24,19,20,17.522000,16.593000,-0.929000,l8 EILDING
2180,CSW24,20,18,17.836000,16.585000,-1.251000,d1 OLEIC
2180,CSW24,21,22,17.462000,16.327000,-1.135000,l12 INGO
2180,CSW24,22,17,17.980000,16.262000,-1.718000,l9 OILING
2180,CSW24,23,19,17.610000,16.140000,-1.470000,12j OI
2180,CSW24,24,25,16.598000,15.634000,-0.964000,l11 DINGO
2180,CSW24,25,24,16.631000,15.517000,-1.114000,l11 LINGO
2207,CSW24,1,2,27.125000,31.126000,4.001000,6b VIE
2207,CSW24,2,1,27.125000,31.007000,3.882000,h1 VIED
2207,CSW24,3,3,22.555000,25.402000,2.847000,3a VEEP
2207,CSW24,4,5,21.174000,24.992000,3.818000,6b PIE
2207,CSW24,5,4,21.174000,24.904000,3.730000,h1 PIED
2207,CSW24,6,6,19.583000,24.282000,4.699000,b6 VEIN
2207,CSW24,7,7,18.583000,23.180000,4.597000,6a VINE
2207,CSW24,8,10,17.974000,22.311000,4.337000,3f PEIN
2207,CSW24,9,8,18.174000,21.963000,3.789000,10e PEIN
2207,CSW24,10,9,18.125000,21.648000,3.523000,c9 VICE
2207,CSW24,11,11,16.974000,21.529000,4.555000,6c PENI
2207,CSW24,12,13,16.364000,20.347000,3.983000,6b VEE
2207,CSW24,13,15,16.034000,19.888000,3.854000,3b NIP
2207,CSW24,14,17,14.974000,19.612000,4.638000,6a PINE
2207,CSW24,15,14,16.174000,19.607000,3.433000,5b PIXIE
2207,CSW24,16,12,16.416000,18.935000,2.519000,14n PI
2207,CSW24,17,20,13.974000,18.602000,4.628000,b6 PEIN
2207,CSW24,18,16,15.693000,18.373000,2.680000,14b PE
2207,CSW24,19,23,12.966000,17.642000,4.676000,c7 EVINCE
2207,CSW24,20,24,12.895000,17.568000,4.673000,c7 VINIC
2207,CSW24,21,21,13.207000,17.065000,3.858000,h1 VEND
2207,CSW24,22,19,14.125000,16.946000,2.821000,o12 VEIN
2207,CSW24,23,18,14.125000,16.621000,2.496000,4l VIVE
2207,CSW24,24,22,13.174000,16.408000,3.234000,c9 PICE
2207,CSW24,25,31,11.583000,16.081000,4.498000,b5 NEVI
2043,CSW24,1,3,73.000000,71.865000,-1.135000,j2 DURgANS
2043,CSW24,2,1,73.000000,71.710000,-1.290000,j2 DRAUNtS
2043,CSW24,3,4,73.000000,71.699000,-1.301000,j2 DURiANS
2043,CSW24,4,5,73.000000,71.653000,-1.347000,j2 DhURNAS
2043,CSW24,5,2,73.000000,71.564000,-1.436000,j2 DURANtS
2043,CSW24,6,7,71.000000,69.732000,-1.268000,j2 UNDRAwS
2043,CSW24,7,8,71.000000,69.527000,-1.473000,4g ASUNDeR
2043,CSW24,8,6,71.000000,69.475000,-1.525000,j2 DAUNeRS
2043,CSW24,9,9,71.000000,69.385000,-1.615000,4g UNDRAwS
2043,CSW24,10,10,70.000000,68.564000,-1.436000,j2 SUNDRAs
2043,CSW24,11,11,69.000000,67.635000,-1.365000,j2 lURDANS
2043,CSW24,12,12,69.000000,67.559000,-1.441000,j2 sUNDRAS
2043,CSW24,13,13,69.000000,67.546000,-1.454000,j2 tUNDRAS
2043,CSW24,14,14,66.000000,62.675000,-3.325000,14h ENgUARDS
2043,CSW24,15,15,64.000000,58.017000,-5.983000,2g ASUNDeR
2043,CSW24,16,16,63.000000,57.173000,-5.827000,7i ASUNDeR
2043,CSW24,17,19,58.254000,56.101000,-2.153000,f13 DUP
2043,CSW24,18,17,62.000000,55.861000,-6.139000,7i UNDRAwS
2043,CSW24,19,18,60.000000,54.676000,-5.324000,i1 SANDbURR
2043,CSW24,20,23,55.383000,53.723000,-1.660000,13f AZONS
2043,CSW24,21,21,55.921000,53.366000,-2.555000,2b DUBS
2043,CSW24,22,22,55.591000,53.012000,-2.579000,2b NUBS
2043,CSW24,23,24,54.647000,52.171000,-2.476000,2b RUBS
2043,CSW24,24,25,54.038000,51.858000,-2.180000,f13 DAP
2043,CSW24,25,26,53.591000,51.662000,-1.929000,13b SHUN
2227,CSW24,1,1,37.622000,37.911000,0.289000,2i OVERDO
2227,CSW24,2,2,35.969000,36.656000,0.687000,a1 VOR
2227,CSW24,3,3,33.497000,34.714000,1.217000,a5 ZOOEA
2227,CSW24,4,4,33.234000,33.896000,0.662000,a5 ZOEA
2227,CSW24,5,7,31.152000,32.781000,1.629000,a5 ZERDA
2227,CSW24,6,5,31.525000,32.213000,0.688000,a5 ZERO
2227,CSW24,7,8,30.666000,31.631000,0.965000,a5 ZEDA
2227,CSW24,8,9,29.668000,29.577000,-0.091000,a1 OOR
2227,CSW24,9,6,31.252000,28.535000,-2.717000,6a ADO
2227,CSW24,10,10,29.067000,26.841000,-2.226000,6a ODEON
2227,CSW24,11,11,28.837000,26.315000,-2.522000,10l DEVO
2227,CSW24,12,12,27.997000,25.797000,-2.200000,6a OD
2227,CSW24,13,16,25.745000,25.788000,0.043000,a1 DOR
2227,CSW24,14,17,24.944000,25.250000,0.306000,a1 OO
2227,CSW24,15,14,27.956000,25.118000,-2.838000,10m AVO
2227,CSW24,16,13,27.956000,25.015000,-2.941000,k9 NOVA
2227,CSW24,17,19,23.997000,24.236000,0.239000,a1 DO
2227,CSW24,18,15,25.944000,23.785000,-2.159000,6a OO
2227,CSW24,19,18,24.547000,21.854000,-2.693000,6a ODE
2227,CSW24,20,23,23.712000,21.604000,-2.108000,10j KOA
2227,CSW24,21,22,23.869000,21.554000,-2.315000,6b DOON
2227,CSW24,22,20,23.956000,20.973000,-2.983000,2i AVO
2227,CSW24,23,21,23.956000,20.971000,-2.985000,2i OVA
2227,CSW24,24,25,23.252000,20.357000,-2.895000,10l ADO
2227,CSW24,25,26,22.681000,20.154000,-2.527000,10l DEVA
2148,CSW24,1,2,10.418000,9.585000,-0.833000,n2 PIN
2148,CSW24,2,3,8.221000,8.075000,-0.146000,15h UNI
2148,CSW24,3,1,12.103000,7.886000,-4.217000,n10 DUPION
2148,CSW24,4,4,6.193000,5.820000,-0.373000,f8 IO
2148,CSW24,5,5,6.115000,5.789000,-0.326000,n2 PI
2148,CSW24,6,6,6.060000,5.734000,-0.326000,n2 PO
2148,CSW24,7,7,4.981000,4.335000,-0.646000,f7 UPO
2148,CSW24,8,8,3.981000,3.220000,-0.761000,3i POUCH
2148,CSW24,9,9,3.193000,2.769000,-0.424000,k2 IO
2148,CSW24,10,10,3.193000,2.709000,-0.484000,k2 OI
2148,CSW24,11,11,2.694000,2.096000,-0.598000,k1 POI
2148,CSW24,12,12,1.981000,1.425000,-0.556000,k1 UPO
2148,CSW24,13,13,1.694000,1.291000,-0.403000,i6 PIVOT
2148,CSW24,14,14,1.500000,0.941000,-0.559000,3j OUCH
2148,CSW24,15,16,0.832000,0.736000,-0.096000,15h ONO
2148,CSW24,16,17,0.750000,0.292000,-0.458000,11k LINO
2148,CSW24,17,15,1.187000,0.162000,-1.025000,ex IOU
2148,CSW24,18,19,0.221000,-0.219000,-0.440000,k1 UNI
2148,CSW24,19,18,0.683000,-0.342000,-1.025000,ex IOOPU
2148,CSW24,20,24,-0.327000,-1.001000,-0.674000,f7 POO
2148,CSW24,21,20,0.000000,-1.025000,-1.025000,ex IINOOPU
2148,CSW24,22,21,-0.109000,-1.134000,-1.025000,ex IIOOPU
2148,CSW24,23,22,-0.169000,-1.194000,-1.025000,ex IOOU
2148,CSW24,24,23,-0.294000,-1.256000,-0.962000,b5 PIU
2148,CSW24,25,38,-1.666000,-1.354000,0.312000,15h OO
2182,CSW24,1,1,37.781000,38.907000,1.126000,k3 AROW
2182,CSW24,2,2,36.138000,36.885000,0.747000,k4 ROW
2182,CSW24,3,3,35.474000,35.411000,-0.063000,3j FROWN
2182,CSW24,4,5,34.398000,35.252000,0.854000,k4 WAR
2182,CSW24,5,4,34.398000,35.188000,0.790000,k4 RAW
2182,CSW24,6,7,33.138000,33.586000,0.448000,e10 TROW
2182,CSW24,7,6,33.138000,32.997000,-0.141000,3j FROW
2182,CSW24,8,9,31.601000,32.785000,1.184000,k3 ANOW
2182,CSW24,9,10,30.017000,30.495000,0.478000,2e OW
2182,CSW24,10,13,29.194000,30.111000,0.917000,k4 WON
2182,CSW24,11,8,32.926000,30.041000,-2.885000,3j FARROW
2182,CSW24,12,12,29.194000,29.992000,0.798000,k4 NOW
2182,CSW24,13,15,28.202000,28.946000,0.744000,2e SWOUN
2182,CSW24,14,11,29.398000,28.179000,-1.219000,b6 RAW
2182,CSW24,15,19,26.978000,27.852000,0.874000,k4 NAW
2182,CSW24,16,20,26.978000,27.833000,0.855000,k4 WAN
2182,CSW24,17,16,27.474000,27.648000,0.174000,a1 CROWN
2182,CSW24,18,17,27.462000,27.351000,-0.111000,10j ARROW
2182,CSW24,19,18,27.398000,26.819000,-0.579000,k2 RAW
2182,CSW24,20,22,26.539000,26.574000,0.035000,10i NARROW
2182,CSW24,21,26,26.017000,26.428000,0.411000,e10 TWO
2182,CSW24,22,24,26.194000,26.378000,0.184000,g1 sNOW
2182,CSW24,23,25,26.138000,25.850000,-0.288000,a1 CROW
2182,CSW24,24,14,28.439000,25.765000,-2.674000,5j NONWAR
2182,CSW24,25,27,24.978000,24.995000,0.017000,b4 AWN
2276,CSW24,1,1,81.000000,81.206000,0.206000,l9 INSTEAD
2276,CSW24,2,2,79.000000,79.404000,0.404000,l9 DESTAIN
2276,CSW24,3,4,70.000000,70.998000,0.998000,l5 NIDATES
2276,CSW24,4,3,70.000000,70.936000,0.936000,l5 DETAINS
2276,CSW24,5,5,44.055000,45.500000,1.445000,4d AD
2276,CSW24,6,6,41.223000,42.685000,1.462000,4d ID
2276,CSW24,7,7,40.642000,41.201000,0.559000,g8 QI
2276,CSW24,8,9,40.055000,40.863000,0.808000,j4 DA
2276,CSW24,9,8,40.239000,40.316000,0.077000,4h HAD
2276,CSW24,10,12,39.223000,40.082000,0.859000,14d DIZEN
2276,CSW24,11,16,38.494000,39.881000,1.387000,9f AI
2276,CSW24,12,10,39.239000,39.441000,0.202000,7h DA
2276,CSW24,13,11,39.239000,39.333000,0.094000,12j ID
2276,CSW24,14,13,38.688000,39.278000,0.590000,d2 LOAN
2276,CSW24,15,19,37.836000,39.093000,1.257000,4d AT
2276,CSW24,16,15,38.688000,38.943000,0.255000,13a EtA
2276,CSW24,17,14,38.688000,38.936000,0.248000,4g AHA
2276,CSW24,18,24,37.220000,38.479000,1.259000,4d AN
2276,CSW24,19,18,38.239000,38.349000,0.110000,15f ARED
2276,CSW24,20,17,38.239000,38.258000,0.019000,15e DARE
2276,CSW24,21,20,37.688000,38.043000,0.355000,1h YA
2276,CSW24,22,23,37.223000,37.994000,0.771000,j4 DI
2276,CSW24,23,29,36.476000,37.931000,1.455000,4d IDE
2276,CSW24,24,22,37.688000,37.897000,0.209000,13g MEAL
2276,CSW24,25,21,37.688000,37.762000,0.074000,6a OBA
2242,CSW24,1,1,37.310000,39.213000,1.903000,l9 HEXED
2242,CSW24,2,2,33.466000,34.593000,1.127000,l9 DETOX
2242,CSW24,3,3,31.690000,33.715000,2.025000,3c HOP
2242,CSW24,4,4,30.752000,32.793000,2.041000,3c HEP
2242,CSW24,5,5,30.259000,32.301000,2.042000,m7 DEX
2242,CSW24,6,8,28.510000,30.599000,2.089000,l8 EX
2242,CSW24,7,7,28.539000,30.595000,2.056000,m7 DOX
2242,CSW24,8,9,28.497000,30.451000,1.954000,h1 DEV
2242,CSW24,9,6,28.629000,29.301000,0.672000,l10 EXODE
2242,CSW24,10,14,26.585000,28.674000,2.089000,l8 OX
2242,CSW24,11,10,27.799000,28.648000,0.849000,l8 EXED
2242,CSW24,12,13,26.690000,28.608000,1.918000,n9 HO
2242,CSW24,13,12,26.690000,28.111000,1.421000,2i HO
2242,CSW24,14,15,26.260000,27.760000,1.500000,l10 EXO
2242,CSW24,15,17,25.752000,27.686000,1.934000,n9 HE
2242,CSW24,16,16,25.752000,27.342000,1.590000,2i HE
2242,CSW24,17,11,26.799000,27.321000,0.522000,l10 EXED
2242,CSW24,18,18,25.259000,26.738000,1.479000,l9 XED
2242,CSW24,19,21,24.699000,26.698000,1.999000,m7 DOH
2242,CSW24,20,23,24.690000,26.348000,1.658000,l8 OH
2242,CSW24,21,24,24.497000,26.316000,1.819000,3c DEP
2242,CSW24,22,26,24.433000,26.120000,1.687000,3c TOP
2242,CSW24,23,19,25.101000,25.911000,0.810000,l8 OHED
2242,CSW24,24,22,24.690000,25.911000,1.221000,2f OH
2242,CSW24,25,20,24.801000,25.435000,0.634000,l9 HEED
2177,CSW24,1,1,13.317000,9.126000,-4.191000,9k CIVIL
2177,CSW24,2,2,6.700000,5.954000,-0.746000,8a TIVY
2177,CSW24,3,3,0.317000,-0.271000,-0.588000,15d LIVID
2177,CSW24,4,4,0.000000,-1.679000,-1.679000,ex IIIILTV
2177,CSW24,5,8,-1.034000,-1.815000,-0.781000,15h DIVI
2177,CSW24,6,5,-0.482000,-2.161000,-1.679000,ex IIIILV
2177,CSW24,7,6,-0.896000,-2.575000,-1.679000,ex IIIITV
2177,CSW24,8,7,-0.968000,-2.647000,-1.679000,ex IIILV
2177,CSW24,9,9,-1.250000,-2.929000,-1.679000,ex IIIV
2177,CSW24,10,10,-1.476000,-3.155000,-1.679000,ex IIITV
2177,CSW24,11,11,-2.208000,-3.887000,-1.679000,ex IIILTV
2177,CSW24,12,12,-2.602000,-4.281000,-1.679000,ex IIIIV
2177,CSW24,13,13,-6.089000,-7.553000,-1.464000,13f LIRI
2177,CSW24,14,14,-6.135000,-7.814000,-1.679000,ex IIIT
2177,CSW24,15,15,-6.386000,-8.065000,-1.679000,ex IIILT
2177,CSW24,16,16,-6.485000,-8.164000,-1.679000,ex IIIILT
2177,CSW24,17,18,-6.953000,-8.263000,-1.310000,9k CIT
2177,CSW24,18,17,-6.900000,-8.579000,-1.679000,ex IIIL
2177,CSW24,19,20,-8.125000,-8.909000,-0.784000,14f VLEI
2177,CSW24,20,21,-8.255000,-9.264000,-1.009000,5c BEZIL
2177,CSW24,21,19,-7.726000,-9.405000,-1.679000,ex IIIIT
2177,CSW24,22,24,-8.767000,-9.485000,-0.718000,14f VIE
2177,CSW24,23,23,-8.764000,-9.806000,-1.042000,4d GI
2177,CSW24,24,22,-8.366000,-10.045000,-1.679000,ex III
2177,CSW24,25,26,-8.965000,-10.644000,-1.679000,ex IIIIL
2192,CSW24,1,1,32.012000,32.688000,0.676000,d10 VAXED
2192,CSW24,2,2,31.870000,32.541000,0.671000,10d VENTED
2192,CSW24,3,3,31.412000,32.488000,1.076000,c9 CEDAR
2192,CSW24,4,4,31.047000,31.941000,0.894000,c9 DECAD
2192,CSW24,5,5,30.643000,31.535000,0.892000,c9 XED
2192,CSW24,6,6,28.447000,29.275000,0.828000,c7 RAXED
2192,CSW24,7,7,27.351000,27.771000,0.420000,d10 VAX
2192,CSW24,8,8,26.963000,26.865000,-0.098000,i5 WEIZED
2192,CSW24,9,10,26.012000,26.607000,0.595000,c8 AXED
2192,CSW24,10,9,26.038000,26.449000,0.411000,8a DECAN
2192,CSW24,11,11,25.132000,25.911000,0.779000,c9 READD
2192,CSW24,12,12,24.643000,25.466000,0.823000,c9 DEX
2192,CSW24,13,14,24.412000,24.516000,0.104000,11g ARCED
2192,CSW24,14,13,24.412000,24.472000,0.060000,11g ACRED
2192,CSW24,15,15,23.654000,24.093000,0.439000,c6 CARDED
2192,CSW24,16,16,22.514000,23.021000,0.507000,d10 VEX
2192,CSW24,17,19,22.132000,22.085000,-0.047000,11g AREDD
2192,CSW24,18,18,22.132000,22.058000,-0.074000,11g ADRED
2192,CSW24,19,17,22.132000,22.053000,-0.079000,11g ADDER
2192,CSW24,20,21,21.412000,21.876000,0.464000,c7 CARED
2192,CSW24,21,20,21.412000,21.684000,0.272000,c7 ARCED
2192,CSW24,22,22,21.412000,21.632000,0.220000,c7 RACED
2192,CSW24,23,23,21.183000,21.293000,0.110000,d10 VADED
2192,CSW24,24,24,21.038000,21.064000,0.026000,c10 ECAD
2192,CSW24,25,25,19.966000,20.870000,0.904000,c7 CAREX
2102,CSW24,1,1,48.454000,48.383000,-0.071000,c3 ZO
2102,CSW24,2,2,42.446000,40.831000,-1.615000,k8 DOZE
2102,CSW24,3,3,41.206000,38.359000,-2.847000,1a BODGIE
2102,CSW24,4,4,40.206000,37.816000,-2.390000,k8 OBIED
2102,CSW24,5,9,38.621000,37.813000,-0.808000,k10 ZED
2102,CSW24,6,5,38.758000,37.808000,-0.950000,2f ZITE
2102,CSW24,7,6,38.691000,37.169000,-1.522000,k9 DIEB
2102,CSW24,8,7,38.691000,37.093000,-1.598000,k10 BIDE
2102,CSW24,9,14,37.659000,36.573000,-1.086000,2d ROZET
2102,CSW24,10,16,37.086000,36.474000,-0.612000,1n OE
2102,CSW24,11,18,36.778000,36.310000,-0.468000,k10 ZE
2102,CSW24,12,12,37.850000,36.224000,-1.626000,k10 BODE
2102,CSW24,13,13,37.850000,36.156000,-1.694000,k10 DOBE
2102,CSW24,14,20,36.454000,35.946000,-0.508000,k10 ZO
2102,CSW24,15,17,36.992000,35.906000,-1.086000,2d ROZIT
2102,CSW24,16,19,36.569000,35.883000,-0.686000,k9 DZO
2102,CSW24,17,11,37.850000,35.605000,-2.245000,1a BODGE
2102,CSW24,18,21,36.378000,35.207000,-1.171000,c3 OBE
2102,CSW24,19,10,37.980000,35.167000,-2.813000,11h BIZONE
2102,CSW24,20,15,37.206000,34.570000,-2.636000,k7 DOBIE
2102,CSW24,21,8,38.631000,34.243000,-4.388000,10k BOOZE
2102,CSW24,22,26,34.926000,34.044000,-0.882000,c3 BOD
2102,CSW24,23,24,35.026000,33.442000,-1.584000,k10 BEDE
2102,CSW24,24,25,35.026000,33.380000,-1.646000,k10 DEBE
2102,CSW24,25,23,35.038000,33.174000,-1.864000,10j ZOOID
2336,CSW24,1,2,29.511000,30.163000,0.652000,12h DOOLEE
2336,CSW24,2,1,31.288000,29.437000,-1.851000,k5 OOF
2336,CSW24,3,3,29.272000,28.255000,-1.017000,12h DOOLE
2336,CSW24,4,4,28.288000,26.396000,-1.892000,k5 FOO
2336,CSW24,5,5,26.918000,26.085000,-0.833000,14j FEED
2336,CSW24,6,6,26.888000,25.786000,-1.102000,14j FLEE
2336,CSW24,7,7,25.272000,23.664000,-1.608000,12h LOOED
2336,CSW24,8,13,24.320000,23.635000,-0.685000,15a OF
2336,CSW24,9,12,24.324000,23.532000,-0.792000,14j FLED
2336,CSW24,10,8,25.154000,22.967000,-2.187000,1c FOOL
2336,CSW24,11,15,24.215000,22.841000,-1.374000,14j FE
2336,CSW24,12,9,24.798000,22.819000,-1.979000,1c FEOD
2336,CSW24,13,10,24.798000,22.422000,-2.376000,14k DEFO
2336,CSW24,14,16,23.952000,22.319000,-1.633000,14j FEE
2336,CSW24,15,14,24.288000,22.268000,-2.020000,1c FOO
2336,CSW24,16,11,24.532000,21.880000,-2.652000,l1 KYLOE
2336,CSW24,17,18,23.642000,21.663000,-1.979000,1c FOOD
2336,CSW24,18,17,23.798000,21.449000,-2.349000,14k FEOD
2336,CSW24,19,20,22.615000,20.573000,-2.042000,f7 FLOE
2336,CSW24,20,23,22.151000,20.507000,-1.644000,k5 DOF
2336,CSW24,21,19,22.798000,20.394000,-2.404000,12h DEFO
2336,CSW24,22,22,22.272000,20.308000,-1.964000,1c DOOLE
2336,CSW24,23,21,22.288000,20.263000,-2.025000,12h OOF
2336,CSW24,24,25,21.213000,19.848000,-1.365000,a12 DOSE
2336,CSW24,25,24,21.213000,19.216000,-1.997000,6d DOE
2033,CSW24,1,1,39.347000,40.657000,1.310000,o1 JARK
2033,CSW24,2,2,23.701000,22.413000,-1.288000,o1 DARK
2033,CSW24,3,4,20.588000,19.947000,-0.641000,o1 YARK
2033,CSW24,4,3,21.271000,19.291000,-1.980000,m8 DARRAYN
2033,CSW24,5,5,19.588000,16.872000,-2.716000,m2 RAREFY
2033,CSW24,6,6,18.453000,15.416000,-3.037000,j11 REDO
2033,CSW24,7,9,16.562000,15.111000,-1.451000,o1 RARK
2033,CSW24,8,8,17.670000,14.995000,-2.675000,11j YAD
2033,CSW24,9,7,17.701000,14.565000,-3.136000,11j RAD
2033,CSW24,10,11,16.212000,13.156000,-3.056000,11k ADD
2033,CSW24,11,10,16.212000,13.117000,-3.095000,11j DAD
2033,CSW24,12,12,11.765000,9.215000,-2.550000,e5 JO
2033,CSW24,13,15,11.453000,9.182000,-2.271000,m11 DARN
2033,CSW24,14,14,11.600000,8.798000,-2.802000,k10 JAM
2033,CSW24,15,13,11.701000,8.417000,-3.284000,15j RAD
2033,CSW24,16,16,10.701000,7.860000,-2.841000,k9 DRAM
2033,CSW24,17,17,10.453000,7.827000,-2.626000,n13 RID
2033,CSW24,18,18,10.212000,6.585000,-3.627000,11h DAD
2033,CSW24,19,20,9.528000,6.490000,-3.038000,m3 AREFY
2033,CSW24,20,24,8.453000,6.010000,-2.443000,l12 IRID
2033,CSW24,21,19,9.670000,5.963000,-3.707000,11h DAY
2033,CSW24,22,21,9.212000,5.792000,-3.420000,15j DAD
2033,CSW24,23,22,8.701000,5.260000,-3.441000,4a GRAD
2033,CSW24,24,23,8.670000,5.218000,-3.452000,15j YAD
2033,CSW24,25,25,7.701000,4.695000,-3.006000,11f RAD
2020,CSW24,1,1,63.000000,58.266000,-4.734000,14e DEIONISE
2020,CSW24,2,2,31.951000,31.194000,-0.757000,10a ONE
2020,CSW24,3,3,26.854000,27.773000,0.919000,1a IONISE
2020,CSW24,4,9,23.792000,24.750000,0.958000,1a EOSINE
2020,CSW24,5,10,23.792000,24.744000,0.952000,1a ONESIE
2020,CSW24,6,4,25.535000,24.317000,-1.218000,6a ICE
2020,CSW24,7,6,24.598000,24.204000,-0.394000,3g IO
2020,CSW24,8,7,24.598000,24.197000,-0.401000,3g OI
2020,CSW24,9,11,23.598000,22.586000,-1.012000,n9 OI
2020,CSW24,10,13,23.598000,22.574000,-1.024000,b13 OI
2020,CSW24,11,12,23.598000,22.493000,-1.105000,n10 IO
2020,CSW24,12,8,24.286000,22.173000,-2.113000,13a EERIE
2020,CSW24,13,19,22.535000,21.847000,-0.688000,d4 IRE
2020,CSW24,14,5,24.854000,21.585000,-3.269000,n10 IONISE
2020,CSW24,15,14,23.598000,21.554000,-2.044000,b14 OI
2020,CSW24,16,15,23.312000,21.458000,-1.854000,d4 IRONE
2020,CSW24,17,18,22.598000,21.427000,-1.171000,f14 OI
2020,CSW24,18,17,22.598000,21.385000,-1.213000,f14 IO
2020,CSW24,19,20,22.535000,21.010000,-1.525000,14e DEI
2020,CSW24,20,21,22.535000,20.945000,-1.590000,14e DIE
2020,CSW24,21,24,21.598000,20.765000,-0.833000,o3 OI
2020,CSW24,22,23,21.598000,20.591000,-1.007000,o2 IO
2020,CSW24,23,16,23.312000,20.491000,-2.821000,n11 ONIE
2020,CSW24,24,22,21.818000,20.436000,-1.382000,15a NITE
2020,CSW24,25,27,20.726000,20.183000,-0.543000,10b NE
2135,CSW24,1,1,27.499000,26.192000,-1.307000,14a EX
2135,CSW24,2,2,27.329000,25.818000,-1.511000,f11 ERIC
2135,CSW24,3,3,26.812000,24.971000,-1.841000,2l QI
2135,CSW24,4,4,25.465000,23.438000,-2.027000,m7 TOXIC
2135,CSW24,5,5,24.909000,23.351000,-1.558000,n1 OXIC
2135,CSW24,6,6,24.444000,22.973000,-1.471000,8m EXO
2135,CSW24,7,8,23.684000,22.234000,-1.450000,j5 RIM
2135,CSW24,8,7,23.812000,21.903000,-1.909000,4k JAI
2135,CSW24,9,9,23.306000,21.417000,-1.889000,11e ZOIC
2135,CSW24,10,10,23.030000,21.307000,-1.723000,i1 NIX
2135,CSW24,11,12,22.674000,21.301000,-1.373000,k9 ERIC
2135,CSW24,12,11,23.030000,21.036000,-1.994000,m7 TIX
2135,CSW24,13,13,22.444000,20.680000,-1.764000,k9 EXO
2135,CSW24,14,15,21.465000,20.424000,-1.041000,3d OXIC
2135,CSW24,15,14,21.657000,20.133000,-1.524000,i1 NIXIE
2135,CSW24,16,17,21.030000,19.647000,-1.383000,10g XI
2135,CSW24,17,20,20.547000,19.495000,-1.052000,a4 BOX
2135,CSW24,18,18,20.999000,19.189000,-1.810000,4k JAXIE
2135,CSW24,19,16,21.061000,19.141000,-1.920000,11e ZORI
2135,CSW24,20,19,20.812000,18.821000,-1.991000,h7 REFI
2135,CSW24,21,21,20.444000,18.740000,-1.704000,6m EXO
2135,CSW24,22,22,20.142000,18.729000,-1.413000,2e OXER
2135,CSW24,23,23,20.030000,18.421000,-1.609000,h7 REFIX
2135,CSW24,24,24,19.999000,18.118000,-1.881000,i1 NIXE
2135,CSW24,25,29,18.682000,17.802000,-0.880000,a1 IO
2255,CSW24,1,1,28.080000,25.496000,-2.584000,4d FRORY
2255,CSW24,2,2,27.055000,24.526000,-2.529000,d3 YOM
2255,CSW24,3,3,26.071000,22.141000,-3.930000,8m COY
2255,CSW24,4,4,24.525000,21.320000,-3.205000,i5 FOY
2255,CSW24,5,5,24.411000,21.000000,-3.411000,i3 MOFO
2255,CSW24,6,7,23.454000,20.732000,-2.722000,d3 MOOI
2255,CSW24,7,6,23.525000,19.553000,-3.972000,m12 FOY
2255,CSW24,8,10,21.071000,18.005000,-3.066000,d3 YO
2255,CSW24,9,11,20.998000,17.734000,-3.264000,11d FIE
2255,CSW24,10,8,23.079000,17.704000,-5.375000,b1 ROOFY
2255,CSW24,11,9,22.079000,17.670000,-4.409000,i2 YOOF
2255,CSW24,12,12,20.758000,17.454000,-3.304000,11d FOE
2255,CSW24,13,14,20.080000,16.825000,-3.255000,4b FRORY
2255,CSW24,14,13,20.454000,16.454000,-4.000000,c7 MOOI
2255,CSW24,15,16,19.657000,16.237000,-3.420000,4b MOORY
2255,CSW24,16,20,19.199000,16.229000,-2.970000,d3 OOM
2255,CSW24,17,17,19.413000,16.153000,-3.260000,c9 FIR
2255,CSW24,18,19,19.199000,16.117000,-3.082000,d3 MOO
2255,CSW24,19,18,19.411000,14.797000,-4.614000,m12 MOFO
2255,CSW24,20,21,18.079000,14.193000,-3.886000,a1 BOOFY
2255,CSW24,21,15,19.657000,14.114000,-5.543000,b1 ROOMY
2255,CSW24,22,22,18.055000,13.772000,-4.283000,m12 MOY
2255,CSW24,23,29,16.688000,13.573000,-3.115000,4c FIRRY
2255,CSW24,24,25,16.981000,13.550000,-3.431000,11d MOE
2255,CSW24,25,28,16.688000,13.467000,-3.221000,4b FIRRY
2285,CSW24,1,1,27.177000,24.367000,-2.810000,14a UEY
2285,CSW24,2,4,23.716000,22.137000,-1.579000,1a YENTE
2285,CSW24,3,6,23.441000,21.942000,-1.499000,1a CENTU
2285,CSW24,4,2,24.820000,21.917000,-2.903000,10j QUINCE
2285,CSW24,5,3,24.177000,21.028000,-3.149000,10j QUEY
2285,CSW24,6,8,22.705000,21.019000,-1.686000,1a YEET
2285,CSW24,7,5,23.672000,20.693000,-2.979000,14b YU
2285,CSW24,8,7,22.819000,20.369000,-2.450000,o12 CUES
2285,CSW24,9,9,22.177000,18.800000,-3.377000,9c UEY
2285,CSW24,10,10,21.523000,18.436000,-3.087000,10j QUEYN
2285,CSW24,11,11,21.386000,18.275000,-3.111000,10j QUEENY
2285,CSW24,12,12,21.184000,17.794000,-3.390000,14b YE
2285,CSW24,13,15,20.184000,17.359000,-2.825000,o13 YES
2285,CSW24,14,20,19.705000,17.353000,-2.352000,14b EYE
2285,CSW24,15,19,19.705000,17.125000,-2.580000,o12 EYES
2285,CSW24,16,18,19.716000,17.123000,-2.593000,12a EYEN
2285,CSW24,17,16,19.820000,17.028000,-2.792000,b9 UNCIAE
2285,CSW24,18,14,20.705000,16.712000,-3.993000,14a EYE
2285,CSW24,19,17,19.820000,16.372000,-3.448000,b10 EUCAIN
2285,CSW24,20,13,20.716000,16.188000,-4.528000,14a EYEN
2285,CSW24,21,22,18.441000,15.928000,-2.513000,o11 UNCES
2285,CSW24,22,21,19.012000,15.815000,-3.197000,14b YEN
2285,CSW24,23,24,18.003000,15.296000,-2.707000,o10 NIECES
2285,CSW24,24,23,18.086000,15.002000,-3.084000,10j QUINE
2285,CSW24,25,25,17.184000,14.909000,-2.275000,1a YE
2035,CSW24,1,1,85.802000,80.045000,-5.757000,a12 ZEIN
2035,CSW24,2,2,62.613000,57.213000,-5.400000,12a JEEZ
2035,CSW24,3,3,59.173000,53.400000,-5.773000,h10 JOBING
2035,CSW24,4,4,49.802000,44.159000,-5.643000,m9 ZINKE
2035,CSW24,5,6,41.454000,36.222000,-5.232000,12a ZEIN
2035,CSW24,6,5,41.827000,36.205000,-5.622000,a12 ZE
2035,CSW24,7,7,40.333000,34.670000,-5.663000,a12 ZEN
2035,CSW24,8,8,38.836000,33.186000,-5.650000,14i HaJ
2035,CSW24,9,9,37.095000,31.304000,-5.791000,o8 HINGE
2035,CSW24,10,10,36.205000,31.180000,-5.025000,13l HIN
2035,CSW24,11,11,36.194000,30.080000,-6.114000,c3 NIGHER
2035,CSW24,12,12,35.802000,29.978000,-5.824000,o8 EZINE
2035,CSW24,13,18,33.396000,28.318000,-5.078000,11j TIZ
2035,CSW24,14,14,35.095000,28.286000,-6.809000,m1 NIGH
2035,CSW24,15,17,33.991000,28.215000,-5.776000,o8 HENGE
2035,CSW24,16,16,34.376000,28.089000,-6.287000,e7 JAWED
2035,CSW24,17,13,35.194000,27.300000,-7.894000,c11 EHING
2035,CSW24,18,15,35.095000,27.046000,-8.049000,c12 HING
2035,CSW24,19,20,31.289000,25.963000,-5.326000,13l HI
2035,CSW24,20,21,31.095000,24.764000,-6.331000,c3 NIGH
2035,CSW24,21,22,30.376000,24.081000,-6.295000,h10 JOB
2035,CSW24,22,19,32.095000,24.041000,-8.054000,c12 NIGH
2035,CSW24,23,24,29.305000,23.920000,-5.385000,12a GEEZ
2035,CSW24,24,35,27.195000,23.399000,-3.796000,1h GIF
2035,CSW24,25,23,29.435000,23.185000,-6.250000,m9 JINK
2022,CSW24,1,1,78.000000,73.579000,-4.421000,13c pYGIDIAL
2022,CSW24,2,3,72.000000,67.798000,-4.202000,11c aLGIDItY
2022,CSW24,3,2,72.000000,67.769000,-4.231000,11c GeLIDItY
2022,CSW24,4,4,50.902000,46.683000,-4.219000,9f GI
2022,CSW24,5,5,50.848000,46.410000,-4.438000,14f GILLY
2022,CSW24,6,6,49.902000,46.207000,-3.695000,4f GIB
2022,CSW24,7,7,48.244000,43.603000,-4.641000,14f DILLY
2022,CSW24,8,9,46.902000,43.190000,-3.712000,j13 GI
2022,CSW24,9,11,46.110000,42.605000,-3.505000,j10 DI
2022,CSW24,10,10,46.110000,42.403000,-3.707000,4f DIB
2022,CSW24,11,14,45.244000,42.387000,-2.857000,k9 IDYL
2022,CSW24,12,8,47.110000,42.368000,-4.742000,9f DI
2022,CSW24,13,13,45.244000,42.097000,-3.147000,k9 IDLY
2022,CSW24,14,15,45.210000,41.761000,-3.449000,j13 DIG
2022,CSW24,15,16,45.210000,41.725000,-3.485000,j13 GID
2022,CSW24,16,23,43.290000,41.165000,-2.125000,a4 JAnGLY
2022,CSW24,17,12,45.431000,40.859000,-4.572000,14g IDLY
2022,CSW24,18,19,43.902000,40.654000,-3.248000,12h GHI
2022,CSW24,19,17,44.110000,40.422000,-3.688000,m6 ID
2022,CSW24,20,18,43.902000,39.883000,-4.019000,6l GIG
2022,CSW24,21,20,43.615000,39.769000,-3.846000,g8 QI
2022,CSW24,22,21,43.431000,39.698000,-3.733000,11i tIDY
2022,CSW24,23,22,43.414000,39.538000,-3.876000,11i tIDILY
2022,CSW24,24,25,43.110000,39.434000,-3.676000,j13 DI
2022,CSW24,25,24,43.244000,39.151000,-4.093000,6j EDGILY
2367,CSW24,1,1,72.000000,62.138000,-9.862000,m8 TRUELOVE
2367,CSW24,2,2,30.496000,23.960000,-6.536000,a1 VETO
2367,CSW24,3,3,27.821000,21.285000,-6.536000,a1 VELE
2367,CSW24,4,4,24.854000,15.634000,-9.220000,14h EVOLUTE
2367,CSW24,5,5,22.075000,13.783000,-8.292000,c1 VOLE
2367,CSW24,6,12,20.421000,13.654000,-6.767000,a1 TULE
2367,CSW24,7,11,20.421000,13.594000,-6.827000,a1 LUTE
2367,CSW24,8,7,21.496000,13.265000,-8.231000,c1 VOTE
2367,CSW24,9,6,21.496000,13.189000,-8.307000,c1 VETO
2367,CSW24,10,10,20.854000,12.216000,-8.638000,12h OUTLOVE
2367,CSW24,11,9,20.854000,12.088000,-8.766000,e4 VELOUTE
2367,CSW24,12,8,20.854000,11.789000,-9.065000,e4 EVOLUTE
2367,CSW24,13,13,20.402000,11.345000,-9.057000,e5 EVOLUE
2367,CSW24,14,15,18.821000,10.491000,-8.330000,c1 VELE
2367,CSW24,15,14,19.075000,10.371000,-8.704000,4b WOLVE
2367,CSW24,16,16,18.125000,9.266000,-8.859000,4b WOVE
2367,CSW24,17,18,17.522000,9.239000,-8.283000,12f EVOLUTE
2367,CSW24,18,25,15.499000,8.160000,-7.339000,a1 VEE
2367,CSW24,19,19,16.125000,7.811000,-8.314000,c1 VOE
2367,CSW24,20,17,17.538000,7.567000,-9.971000,4a TWELVE
2367,CSW24,21,30,14.777000,7.430000,-7.347000,a1 VET
2367,CSW24,22,20,16.125000,7.389000,-8.736000,2f VOE
2367,CSW24,23,21,15.952000,7.134000,-8.818000,a3 LOUT
2367,CSW24,24,24,15.510000,6.929000,-8.581000,12h OVULE
2367,CSW24,25,28,14.871000,6.471000,-8.400000,12g VOLUTE
2273,CSW24,1,3,4.370000,2.401000,-1.969000,15n AI
2273,CSW24,2,1,9.084000,2.249000,-6.835000,l11 ALIBI
2273,CSW24,3,2,5.617000,-1.168000,-6.785000,h1 AIA
2273,CSW24,4,7,2.292000,-1.895000,-4.187000,15k EINA
2273,CSW24,5,6,2.370000,-4.053000,-6.423000,i12 RIVA
2273,CSW24,6,5,2.428000,-4.644000,-7.072000,ex AAII
2273,CSW24,7,8,2.119000,-4.953000,-7.072000,ex AAIII
2273,CSW24,8,9,1.981000,-5.091000,-7.072000,ex AIII
2273,CSW24,9,11,1.084000,-5.988000,-7.072000,ex AII
2273,CSW24,10,12,1.014000,-6.058000,-7.072000,ex AEIII
2273,CSW24,11,13,1.001000,-6.071000,-7.072000,ex AEII
2273,CSW24,12,10,1.285000,-6.173000,-7.458000,b4 KAIE
2273,CSW24,13,14,0.854000,-6.218000,-7.072000,ex AAIIIN
2273,CSW24,14,15,0.683000,-6.389000,-7.072000,ex AAEII
2273,CSW24,15,4,2.617000,-6.668000,-9.285000,3m AIA
2273,CSW24,16,24,-1.630000,-7.037000,-5.407000,13n AI
2273,CSW24,17,16,0.000000,-7.072000,-7.072000,ex AAEIIIN
2273,CSW24,18,17,-0.109000,-7.181000,-7.072000,ex AAEIII
2273,CSW24,19,19,-0.378000,-7.450000,-7.072000,ex AEIIIN
2273,CSW24,20,20,-0.638000,-7.710000,-7.072000,ex AIIIN
2273,CSW24,21,28,-2.222000,-8.259000,-6.037000,15l ANI
2273,CSW24,22,23,-1.630000,-8.451000,-6.821000,13k AI
2273,CSW24,23,22,-1.630000,-8.741000,-7.111000,b4 KAI
2273,CSW24,24,25,-1.803000,-9.079000,-7.276000,b2 EIK
2273,CSW24,25,26,-2.083000,-9.155000,-7.072000,ex AAIIN
2210,CSW24,1,1,32.778000,33.902000,1.124000,3b VAROOM
2210,CSW24,2,2,31.169000,31.643000,0.474000,3c VROOM
2210,CSW24,3,3,30.521000,30.256000,-0.265000,3h OVERGO
2210,CSW24,4,4,29.421000,30.018000,0.597000,2b MOIRA
2210,CSW24,5,6,27.522000,28.361000,0.839000,3a OVERARM
2210,CSW24,6,5,28.869000,28.280000,-0.589000,13i AMOOVE
2210,CSW24,7,7,26.778000,27.590000,0.812000,3a MOORVA
2210,CSW24,8,8,26.052000,26.664000,0.612000,2b MOIRE
2210,CSW24,9,11,25.869000,26.367000,0.498000,2a MOOI
2210,CSW24,10,10,25.869000,25.887000,0.018000,c1 TOOM
2210,CSW24,11,12,25.780000,25.723000,-0.057000,13i AMOVE
2210,CSW24,12,13,25.252000,25.676000,0.424000,2a MOAI
2210,CSW24,13,14,24.869000,25.270000,0.401000,15h OOM
2210,CSW24,14,15,24.736000,24.607000,-0.129000,m2 VOE
2210,CSW24,15,16,24.568000,24.414000,-0.154000,3h VORAGO
2210,CSW24,16,9,25.869000,23.532000,-2.337000,2f AMOOVE
2210,CSW24,17,18,22.997000,23.304000,0.307000,2b MOI
2210,CSW24,18,20,22.392000,22.429000,0.037000,10b VOM
2210,CSW24,19,22,21.330000,21.014000,-0.316000,3l GOV
2210,CSW24,20,17,24.195000,20.970000,-3.225000,m1 AVO
2210,CSW24,21,23,21.169000,20.861000,-0.308000,4f OMOV
2210,CSW24,22,21,21.515000,20.753000,-0.762000,3g MOORAGE
2210,CSW24,23,31,20.152000,20.690000,0.538000,2b MAIRE
2210,CSW24,24,26,20.736000,20.592000,-0.144000,3j VEGO
2210,CSW24,25,27,20.195000,20.539000,0.344000,3a VOAR
2365,CSW24,1,1,38.084000,36.669000,-1.415000,o1 MOBY
2365,CSW24,2,2,36.592000,35.190000,-1.402000,o1 MOPY
2365,CSW24,3,3,36.393000,34.769000,-1.624000,9e BOP
2365,CSW24,4,4,34.084000,32.407000,-1.677000,9e MOB
2365,CSW24,5,7,32.527000,31.330000,-1.197000,b2 TABOO
2365,CSW24,6,5,32.592000,30.967000,-1.625000,9e MOP
2365,CSW24,7,6,32.592000,30.906000,-1.686000,9e POM
2365,CSW24,8,9,31.944000,30.317000,-1.627000,9e BAP
2365,CSW24,9,8,32.393000,30.263000,-2.130000,b2 BOPO
2365,CSW24,10,10,31.830000,30.146000,-1.684000,9e BAM
2365,CSW24,11,11,31.592000,29.769000,-1.823000,3e POM
2365,CSW24,12,12,31.393000,29.485000,-1.908000,c13 BOP
2365,CSW24,13,14,30.519000,29.283000,-1.236000,9d BOEP
2365,CSW24,14,16,29.944000,29.017000,-0.927000,a13 BAP
2365,CSW24,15,18,29.830000,28.900000,-0.930000,a13 BAM
2365,CSW24,16,13,30.700000,28.658000,-2.042000,o1 TOBY
2365,CSW24,17,21,28.788000,28.646000,-0.142000,a12 ABET
2365,CSW24,18,15,30.084000,27.817000,-2.267000,b2 MOBO
2365,CSW24,19,23,28.627000,27.525000,-1.102000,14e OPTIMA
2365,CSW24,20,17,29.830000,27.363000,-2.467000,b2 AMBO
2365,CSW24,21,19,29.393000,27.254000,-2.139000,6d BOP
2365,CSW24,22,20,29.084000,27.175000,-1.909000,c13 MOB
2365,CSW24,23,22,28.726000,27.106000,-1.620000,9f OB
2365,CSW24,24,26,28.458000,26.830000,-1.628000,9e MAP
2365,CSW24,25,27,28.458000,26.757000,-1.701000,9e PAM
2056,CSW24,1,1,49.646000,44.210000,-5.436000,12l CHAI
2056,CSW24,2,2,46.548000,41.749000,-4.799000,12j TICH
2056,CSW24,3,3,42.363000,37.036000,-5.327000,12l CHAT
2056,CSW24,4,4,40.707000,35.466000,-5.241000,12l CHAR
2056,CSW24,5,5,39.721000,34.837000,-4.884000,12k ICH
2056,CSW24,6,6,39.626000,33.993000,-5.633000,12l CHA
2056,CSW24,7,7,36.363000,31.564000,-4.799000,12j TACH
2056,CSW24,8,8,29.626000,24.739000,-4.887000,12k ACH
2056,CSW24,9,9,27.809000,23.179000,-4.630000,12l CH
2056,CSW24,10,10,23.344000,17.850000,-5.494000,c11 VIG
2056,CSW24,11,14,19.317000,14.887000,-4.430000,4a CRAG
2056,CSW24,12,13,19.344000,13.976000,-5.368000,6b GI
2056,CSW24,13,11,19.344000,13.796000,-5.548000,c3 GIG
2056,CSW24,14,12,19.344000,13.701000,-5.643000,c3 IGG
2056,CSW24,15,17,18.721000,13.062000,-5.659000,c11 VIGA
2056,CSW24,16,16,18.721000,12.984000,-5.737000,c11 VAGI
2056,CSW24,17,19,18.344000,12.769000,-5.575000,l6 VIG
2056,CSW24,18,20,17.719000,12.219000,-5.500000,12m HAG
2056,CSW24,19,24,16.924000,11.939000,-4.985000,6b GIT
2056,CSW24,20,22,17.344000,11.810000,-5.534000,b6 GIO
2056,CSW24,21,25,16.548000,11.724000,-4.824000,6b CIT
2056,CSW24,22,21,17.344000,11.668000,-5.676000,2f GIO
2056,CSW24,23,29,15.826000,11.425000,-4.401000,d1 IRITIC
2056,CSW24,24,15,18.736000,10.887000,-7.849000,c11 VATIC
2056,CSW24,25,18,18.561000,10.630000,-7.931000,c11 VIRGA
2211,CSW24,1,1,38.426000,38.814000,0.388000,a8 EGGCUP
2211,CSW24,2,2,28.367000,29.389000,1.022000,a11 GEPIK
2211,CSW24,3,3,20.164000,18.374000,-1.790000,b9 CIGGIE
2211,CSW24,4,5,14.051000,13.748000,-0.303000,a13 PUG
2211,CSW24,5,4,14.242000,12.772000,-1.470000,h14 KI
2211,CSW24,6,6,13.982000,12.300000,-1.682000,4m GAK
2211,CSW24,7,8,10.674000,11.394000,0.720000,a12 EPIC
2211,CSW24,8,9,10.614000,10.321000,-0.293000,a13 PIG
2211,CSW24,9,7,11.323000,9.204000,-2.119000,n13 KEG
2211,CSW24,10,12,9.429000,9.112000,-0.317000,a13 PEG
2211,CSW24,11,11,10.181000,8.194000,-1.987000,f11 KUE
2211,CSW24,12,17,6.331000,6.288000,-0.043000,a13 PIC
2211,CSW24,13,10,10.246000,5.882000,-4.364000,c12 KAGU
2211,CSW24,14,14,8.051000,5.139000,-2.912000,12a UG
2211,CSW24,15,16,6.462000,4.006000,-2.456000,n13 KUE
2211,CSW24,16,13,8.260000,3.436000,-4.824000,g11 GURGE
2211,CSW24,17,30,3.340000,3.290000,-0.050000,a13 PEC
2211,CSW24,18,15,7.016000,2.937000,-4.079000,f12 GECK
2211,CSW24,19,20,5.078000,2.595000,-2.483000,4f FEG
2211,CSW24,20,18,5.715000,2.508000,-3.207000,b12 GIG
2211,CSW24,21,24,4.429000,1.509000,-2.920000,g8 LEG
2211,CSW24,22,23,4.669000,0.921000,-3.748000,b13 ICK
2211,CSW24,23,42,1.473000,0.894000,-0.579000,a13 PIU
2211,CSW24,24,19,5.715000,0.731000,-4.984000,b13 IGG
2211,CSW24,25,26,4.051000,0.657000,-3.394000,i2 GU
2026,CSW24,1,1,19.843000,14.228000,-5.615000,o8 DWEEB
2026,CSW24,2,2,18.489000,13.612000,-4.877000,10n WE
2026,CSW24,3,3,15.121000,11.049000,-4.072000,15f OWE
2026,CSW24,4,4,15.090000,10.526000,-4.564000,b10 WO
2026,CSW24,5,8,14.090000,9.229000,-4.861000,10n WO
2026,CSW24,6,5,14.997000,8.911000,-6.086000,k10 EEEW
2026,CSW24,7,6,14.115000,8.317000,-5.798000,k10 EEW
2026,CSW24,8,7,14.115000,8.314000,-5.801000,k10 EWE
2026,CSW24,9,9,13.115000,7.802000,-5.313000,l1 WEE
2026,CSW24,10,10,11.165000,7.001000,-4.164000,15f OBE
2026,CSW24,11,13,10.165000,5.855000,-4.310000,i9 OBE
2026,CSW24,12,12,10.551000,5.742000,-4.809000,b10 BO
2026,CSW24,13,11,11.121000,5.400000,-5.721000,k10 OWE
2026,CSW24,14,14,10.121000,4.908000,-5.213000,l1 WOE
2026,CSW24,15,16,9.979000,4.693000,-5.286000,l1 CEE
2026,CSW24,16,15,10.115000,4.650000,-5.465000,l1 EWE
2026,CSW24,17,17,9.154000,3.788000,-5.366000,l1 BEE
2026,CSW24,18,19,9.091000,3.529000,-5.562000,k10 ECO
2026,CSW24,19,18,9.115000,3.271000,-5.844000,h11 EWE
2026,CSW24,20,20,8.489000,3.138000,-5.351000,n7 EEEW
2026,CSW24,21,21,8.165000,2.401000,-5.764000,k10 OBE
2026,CSW24,22,25,7.091000,2.132000,-4.959000,k4 ECO
2026,CSW24,23,22,7.206000,1.692000,-5.514000,5k COIF
2026,CSW24,24,24,7.121000,1.666000,-5.455000,l1 OWE
2026,CSW24,25,26,6.797000,1.290000,-5.507000,k8 VEE
2294,CSW24,1,1,47.870000,46.214000,-1.656000,h12 DIVO
2294,CSW24,2,2,47.372000,45.221000,-2.151000,n2 OGIVE
2294,CSW24,3,4,45.989000,44.306000,-1.683000,h12 DOVE
2294,CSW24,4,3,45.989000,44.305000,-1.684000,h12 DEVO
2294,CSW24,5,5,43.799000,42.927000,-0.872000,13h OI
2294,CSW24,6,8,43.342000,42.467000,-0.875000,14d ONO
2294,CSW24,7,10,42.342000,41.399000,-0.943000,10e GOO
2294,CSW24,8,7,43.372000,41.328000,-2.044000,6j VIREO
2294,CSW24,9,6,43.372000,41.211000,-2.161000,n1 VOGIE
2294,CSW24,10,9,42.588000,40.921000,-1.667000,h12 DIVA
2294,CSW24,11,13,41.342000,40.649000,-0.693000,8d OBO
2294,CSW24,12,12,41.342000,40.165000,-1.177000,c5 OO
2294,CSW24,13,11,41.342000,40.099000,-1.243000,4l WOO
2294,CSW24,14,14,41.342000,40.045000,-1.297000,14e NOO
2294,CSW24,15,15,40.989000,39.574000,-1.415000,6f VOE
2294,CSW24,16,18,40.342000,39.354000,-0.988000,k5 OO
2294,CSW24,17,17,40.540000,39.273000,-1.267000,c3 AVO
2294,CSW24,18,19,39.988000,38.293000,-1.695000,h12 DEVA
2294,CSW24,19,21,39.705000,38.043000,-1.662000,h12 DIVE
2294,CSW24,20,20,39.705000,38.037000,-1.668000,h12 DEVI
2294,CSW24,21,22,39.342000,37.982000,-1.360000,d7 OOR
2294,CSW24,22,16,40.607000,37.676000,-2.931000,14e NOVAE
2294,CSW24,23,23,38.989000,37.658000,-1.331000,c3 EVO
2294,CSW24,24,27,38.454000,37.511000,-0.943000,10e GOA
2294,CSW24,25,26,38.454000,37.205000,-1.249000,d8 ORA
2174,CSW24,1,3,29.926000,26.914000,-3.012000,f2 BLART
2174,CSW24,2,4,29.163000,26.311000,-2.852000,f2 BRANT
2174,CSW24,3,1,30.926000,25.173000,-5.753000,d1 BLART
2174,CSW24,4,2,30.163000,24.364000,-5.799000,d1 BRANT
2174,CSW24,5,5,26.045000,23.086000,-2.959000,6b BALUN
2174,CSW24,6,6,25.208000,22.035000,-3.173000,12d QIN
2174,CSW24,7,7,24.627000,21.396000,-3.231000,6d NUB
2174,CSW24,8,8,23.476000,20.337000,-3.139000,6c BLUR
2174,CSW24,9,11,23.286000,20.225000,-3.061000,d3 BRAN
2174,CSW24,10,10,23.286000,20.099000,-3.187000,d3 BARN
2174,CSW24,11,9,23.476000,20.055000,-3.421000,6d BURL
2174,CSW24,12,12,23.200000,19.927000,-3.273000,j12 BLUR
2174,CSW24,13,13,23.029000,19.772000,-3.257000,6d RUB
2174,CSW24,14,14,22.474000,19.255000,-3.219000,6c BLUNT
2174,CSW24,15,19,21.781000,18.568000,-3.213000,f3 BLAT
2174,CSW24,16,16,22.200000,18.549000,-3.651000,12g LIB
2174,CSW24,17,17,21.781000,18.460000,-3.321000,d2 BLAT
2174,CSW24,18,15,22.200000,18.304000,-3.896000,5d BEL
2174,CSW24,19,32,20.926000,18.300000,-2.626000,13l OR
2174,CSW24,20,18,21.781000,18.263000,-3.518000,f2 BLAT
2174,CSW24,21,26,21.286000,18.185000,-3.101000,f3 BRAN
2174,CSW24,22,25,21.286000,17.933000,-3.353000,f3 BARN
2174,CSW24,23,21,21.286000,17.896000,-3.390000,d2 BARN
2174,CSW24,24,23,21.286000,17.875000,-3.411000,f2 BARN
2174,CSW24,25,22,21.286000,17.864000,-3.422000,d2 BRAN
2045,CSW24,1,1,87.000000,85.107000,-1.893000,o1 NIDATED
2045,CSW24,2,2,74.000000,69.927000,-4.073000,n2 DETAINED
2045,CSW24,3,3,65.000000,60.643000,-4.357000,14c IODINATED
2045,CSW24,4,4,36.891000,35.975000,-0.916000,o1 TADDIE
2045,CSW24,5,5,33.622000,32.638000,-0.984000,o3 DINTED
2045,CSW24,6,6,33.518000,32.536000,-0.982000,o3 DAINED
2045,CSW24,7,7,32.218000,32.113000,-0.105000,1j SIFTED
2045,CSW24,8,9,32.006000,30.931000,-1.075000,o1 NIDED
2045,CSW24,9,8,32.014000,30.917000,-1.097000,o1 TIDED
2045,CSW24,10,10,31.792000,30.799000,-0.993000,o3 DANTED
2045,CSW24,11,13,31.055000,30.783000,-0.272000,1l FIND
2045,CSW24,12,11,31.082000,29.963000,-1.119000,o1 NIDATE
2045,CSW24,13,14,30.355000,29.920000,-0.435000,14b DIODE
2045,CSW24,14,12,31.082000,29.909000,-1.173000,o3 DETAIN
2045,CSW24,15,16,29.782000,29.149000,-0.633000,14b DIOTA
2045,CSW24,16,15,30.215000,29.118000,-1.097000,o1 AIDED
2045,CSW24,17,20,29.353000,28.986000,-0.367000,1l FAND
2045,CSW24,18,17,29.672000,28.550000,-1.122000,o1 ADD
2045,CSW24,19,18,29.672000,28.489000,-1.183000,o1 DAD
2045,CSW24,20,19,29.576000,28.404000,-1.172000,o1 DID
2045,CSW24,21,21,29.215000,28.208000,-1.007000,h10 LADDIE
2045,CSW24,22,25,26.782000,26.418000,-0.364000,11i TAD
2045,CSW24,23,22,27.381000,26.173000,-1.208000,11j AD
2045,CSW24,24,23,27.218000,26.096000,-1.122000,o1 TIDE
2045,CSW24,25,30,26.175000,25.773000,-0.402000,11i TID
2290,CSW24,1,1,48.583000,48.543000,-0.040000,11e ZIP
2290,CSW24,2,2,48.393000,48.359000,-0.034000,11e ZEP
2290,CSW24,3,3,44.510000,45.397000,0.887000,1m ZEE
2290,CSW24,4,4,42.654000,42.274000,-0.380000,11e ZE
2290,CSW24,5,5,41.967000,41.932000,-0.035000,11e WIZ
2290,CSW24,6,6,41.510000,41.500000,-0.010000,11e ZEE
2290,CSW24,7,7,40.075000,39.604000,-0.471000,11e WEM
2290,CSW24,8,8,38.952000,38.378000,-0.574000,11e PEW
2290,CSW24,9,9,38.075000,37.501000,-0.574000,11e MEW
2290,CSW24,10,10,35.527000,35.316000,-0.211000,m1 ZOWIE
2290,CSW24,11,13,34.550000,34.877000,0.327000,1m WEE
2290,CSW24,12,12,34.826000,34.719000,-0.107000,11e MIZ
2290,CSW24,13,14,34.329000,33.177000,-1.152000,11e WE
2290,CSW24,14,11,35.527000,33.042000,-2.485000,e11 WEIZE
2290,CSW24,15,16,32.977000,32.711000,-0.266000,m1 ZOWEE
2290,CSW24,16,15,33.329000,31.890000,-1.439000,3l EW
2290,CSW24,17,18,32.550000,31.591000,-0.959000,3k EEW
2290,CSW24,18,17,32.952000,31.413000,-1.539000,e1 PEW
2290,CSW24,19,20,31.967000,31.237000,-0.730000,13e WIZ
2290,CSW24,20,21,31.550000,30.835000,-0.715000,11e WEE
2290,CSW24,21,19,32.075000,30.517000,-1.558000,e1 MEW
2290,CSW24,22,24,30.900000,29.726000,-1.174000,13e WIMP
2290,CSW24,23,22,31.075000,29.552000,-1.523000,e1 WEM
2290,CSW24,24,31,29.253000,29.445000,0.192000,o1 IdEM
2290,CSW24,25,23,30.952000,29.421000,-1.531000,14i PEW
2270,CSW24,1,1,24.917000,25.570000,0.653000,b2 ALOHA
2270,CSW24,2,2,21.740000,21.973000,0.233000,14e OHIA
2270,CSW24,3,4,18.561000,19.366000,0.805000,14f HOA
2270,CSW24,4,6,18.080000,18.868000,0.788000,m7 AHI
2270,CSW24,5,8,17.561000,18.594000,1.033000,e10 OHIA
2270,CSW24,6,5,18.080000,18.478000,0.398000,g3 HILA
2270,CSW24,7,3,18.740000,18.412000,-0.328000,b3 OHIA
2270,CSW24,8,7,17.819000,17.860000,0.041000,g3 OLEA
2270,CSW24,9,9,17.302000,17.511000,0.209000,g3 ILEA
2270,CSW24,10,10,16.392000,17.410000,1.018000,11b EGAL
2270,CSW24,11,11,15.561000,16.146000,0.585000,b4 HOA
2270,CSW24,12,13,14.903000,15.161000,0.258000,g3 HAE
2270,CSW24,13,16,13.556000,15.110000,1.554000,g5 EA
2270,CSW24,14,12,15.064000,14.870000,-0.194000,k5 HELIAST
2270,CSW24,15,14,14.282000,14.175000,-0.107000,m6 HALO
2270,CSW24,16,20,13.080000,13.945000,0.865000,14e AHI
2270,CSW24,17,21,12.903000,13.708000,0.805000,14f HAE
2270,CSW24,18,19,13.192000,13.705000,0.513000,g4 ALA
2270,CSW24,19,18,13.336000,13.646000,0.310000,g3 HOE
2270,CSW24,20,22,12.885000,13.410000,0.525000,b4 AIA
2270,CSW24,21,23,12.564000,13.381000,0.817000,14e AHA
2270,CSW24,22,17,13.388000,13.207000,-0.181000,k5 HOLIEST
2270,CSW24,23,15,13.819000,13.077000,-0.742000,g2 ALOE
2270,CSW24,24,24,12.267000,12.637000,0.370000,e11 AIOLI
2270,CSW24,25,37,10.885000,12.377000,1.492000,d10 AIa
2385,CSW24,1,1,27.897000,28.188000,0.291000,13g AVO
2385,CSW24,2,2,27.897000,28.180000,0.283000,13g OVA
2385,CSW24,3,3,27.536000,27.641000,0.105000,g2 AIA
2385,CSW24,4,5,26.220000,27.517000,1.297000,l7 EOAN
2385,CSW24,5,4,26.536000,27.278000,0.742000,l6 AIA
2385,CSW24,6,6,26.099000,26.310000,0.211000,g3 AA
2385,CSW24,7,7,25.322000,26.249000,0.927000,l8 AIN
2385,CSW24,8,8,25.099000,25.729000,0.630000,l7 AA
2385,CSW24,9,9,25.099000,25.375000,0.276000,13g AVA
2385,CSW24,10,11,23.989000,24.010000,0.021000,7k IOTA
2385,CSW24,11,10,24.536000,23.712000,-0.824000,n5 AIA
2385,CSW24,12,12,23.322000,23.644000,0.322000,13g AVI
2385,CSW24,13,15,23.099000,23.607000,0.508000,i14 AA
2385,CSW24,14,14,23.099000,23.451000,0.352000,g14 AA
2385,CSW24,15,16,22.897000,22.828000,-0.069000,7k OAT
2385,CSW24,16,34,19.956000,22.745000,2.789000,g3 RASE
2385,CSW24,17,24,21.086000,22.722000,1.636000,g2 AIAS
2385,CSW24,18,18,22.322000,22.516000,0.194000,13h VIA
2385,CSW24,19,17,22.536000,22.486000,-0.050000,l5 AIA
2385,CSW24,20,13,23.099000,22.370000,-0.729000,n6 AA
2385,CSW24,21,20,21.322000,21.823000,0.501000,i14 AI
2385,CSW24,22,23,21.099000,21.240000,0.141000,k14 AA
2385,CSW24,23,21,21.099000,21.091000,-0.008000,l6 AA
2385,CSW24,24,22,21.099000,21.043000,-0.056000,13k AURA
2385,CSW24,25,25,20.390000,21.033000,0.643000,13a OMA
2079,CSW24,1,1,36.664000,36.143000,-0.521000,n10 HOB
2079,CSW24,2,2,34.746000,35.359000,0.613000,h12 OBIA
2079,CSW24,3,3,34.093000,34.803000,0.710000,h12 OHIA
2079,CSW24,4,4,33.888000,33.305000,-0.583000,n10 BAH
2079,CSW24,5,5,33.205000,32.568000,-0.637000,n10 HAT
2079,CSW24,6,7,31.950000,32.548000,0.598000,h12 OBIT
2079,CSW24,7,6,32.664000,32.097000,-0.567000,n10 BOH
2079,CSW24,8,8,31.833000,31.225000,-0.608000,n10 BOTA
2079,CSW24,9,9,31.093000,30.528000,-0.565000,n10 HOA
2079,CSW24,10,12,30.554000,29.524000,-1.030000,n10 HA
2079,CSW24,11,10,30.836000,29.492000,-1.344000,11d BOXY
2079,CSW24,12,11,30.824000,29.390000,-1.434000,11c BOXTY
2079,CSW24,13,13,30.091000,29.245000,-0.846000,n10 BAT
2079,CSW24,14,14,29.805000,29.202000,-0.603000,n10 HOT
2079,CSW24,15,15,29.746000,28.964000,-0.782000,n10 BOA
2079,CSW24,16,16,28.293000,27.503000,-0.790000,n10 BAA
2079,CSW24,17,19,27.841000,26.478000,-1.363000,n10 BA
2079,CSW24,18,18,27.962000,26.356000,-1.606000,11c ATAXY
2079,CSW24,19,20,27.229000,26.194000,-1.035000,n10 HO
2079,CSW24,20,21,26.950000,26.120000,-0.830000,n10 BOT
2079,CSW24,21,22,26.888000,25.778000,-1.110000,13d BAH
2079,CSW24,22,17,28.118000,25.611000,-2.507000,2j COHAB
2079,CSW24,23,29,24.216000,24.810000,0.594000,h13 TIX
2079,CSW24,24,24,25.664000,24.543000,-1.121000,13d BOH
2079,CSW24,25,25,25.664000,24.438000,-1.226000,13d HOB
2092,CSW24,1,1,15.684000,11.891000,-3.793000,k11 QIN
2092,CSW24,2,2,9.358000,5.169000,-4.189000,l8 CONVENE
2092,CSW24,3,4,3.865000,1.514000,-2.351000,o12 NEON
2092,CSW24,4,3,4.067000,-0.507000,-4.574000,k9 VENIN
2092,CSW24,5,5,2.966000,-0.893000,-3.859000,k11 QI
2092,CSW24,6,6,2.119000,-3.488000,-5.607000,ex NNOQV
2092,CSW24,7,13,-0.261000,-4.058000,-3.797000,13k NEVE
2092,CSW24,8,11,-0.012000,-4.087000,-4.075000,14h DOVEN
2092,CSW24,9,10,-0.012000,-4.106000,-4.094000,14h DEVON
2092,CSW24,10,8,0.358000,-4.239000,-4.597000,1c NOVENA
2092,CSW24,11,7,0.854000,-4.753000,-5.607000,ex NNNOQV
2092,CSW24,12,20,-2.324000,-5.276000,-2.952000,o13 NON
2092,CSW24,13,15,-1.012000,-5.429000,-4.417000,k10 OVINE
2092,CSW24,14,9,0.000000,-5.607000,-5.607000,ex ENNNOQV
2092,CSW24,15,12,-0.109000,-5.716000,-5.607000,ex ENNOQV
2092,CSW24,16,18,-2.261000,-6.078000,-3.817000,13l EVEN
2092,CSW24,17,17,-1.895000,-6.231000,-4.336000,k11 VINO
2092,CSW24,18,14,-0.642000,-6.249000,-5.607000,ex NNQV
2092,CSW24,19,19,-2.324000,-6.779000,-4.455000,l8 CONNE
2092,CSW24,20,16,-1.248000,-6.855000,-5.607000,ex ENNQV
2092,CSW24,21,30,-4.135000,-7.169000,-3.034000,o11 NONE
2092,CSW24,22,26,-3.324000,-7.765000,-4.441000,m13 NON
2092,CSW24,23,27,-3.534000,-7.783000,-4.249000,13f OVEN
2092,CSW24,24,25,-3.261000,-7.890000,-4.629000,6b VENT
2092,CSW24,25,21,-2.478000,-8.085000,-5.607000,ex ENNNQV
2064,CSW24,1,1,72.000000,67.883000,-4.117000,n7 DELETION
2064,CSW24,2,2,72.000000,65.430000,-6.570000,n8 ENTOILED
2064,CSW24,3,3,64.000000,58.058000,-5.942000,b5 LENTOID
2064,CSW24,4,4,24.919000,22.190000,-2.729000,g7 DWILE
2064,CSW24,5,6,24.325000,20.620000,-3.705000,k4 ADO
2064,CSW24,6,7,24.325000,20.557000,-3.768000,5h ROID
2064,CSW24,7,5,24.381000,20.343000,-4.038000,5h ROIL
2064,CSW24,8,13,23.037000,20.176000,-2.861000,g7 DWINE
2064,CSW24,9,8,23.672000,19.940000,-3.732000,k2 LOAD
2064,CSW24,10,10,23.672000,19.866000,-3.806000,i9 OLID
2064,CSW24,11,9,23.672000,19.834000,-3.838000,5g DROIL
2064,CSW24,12,11,23.629000,19.764000,-3.865000,5j ID
2064,CSW24,13,14,23.032000,19.639000,-3.393000,k2 LOADEN
2064,CSW24,14,12,23.325000,19.573000,-3.752000,n2 ODA
2064,CSW24,15,20,21.798000,18.990000,-2.808000,g7 TWINED
2064,CSW24,16,19,22.032000,18.639000,-3.393000,k2 LOANED
2064,CSW24,17,15,22.325000,18.625000,-3.700000,9f DOT
2064,CSW24,18,23,21.615000,18.471000,-3.144000,g7 TWINE
2064,CSW24,19,26,20.919000,17.892000,-3.027000,g8 WILED
2064,CSW24,20,24,21.381000,17.407000,-3.974000,9n LO
2064,CSW24,21,21,21.672000,17.392000,-4.280000,12b LOD
2064,CSW24,22,27,20.575000,17.152000,-3.423000,9l UNDO
2064,CSW24,23,22,21.672000,17.002000,-4.670000,12b OLD
2064,CSW24,24,34,20.457000,16.965000,-3.492000,g8 WILE
2064,CSW24,25,33,20.462000,16.936000,-3.526000,9l UNTO
2291,CSW24,1,1,47.221000,47.413000,0.192000,m8 EXO
2291,CSW24,2,2,44.409000,44.640000,0.231000,m8 AXE
2291,CSW24,3,3,42.107000,41.922000,-0.185000,m8 OX
2291,CSW24,4,4,39.607000,39.332000,-0.275000,m8 EX
2291,CSW24,5,6,37.158000,36.963000,-0.195000,m8 AX
2291,CSW24,6,5,37.854000,36.731000,-1.123000,l9 HOAXER
2291,CSW24,7,7,36.839000,36.318000,-0.521000,f11 HOAX
2291,CSW24,8,8,36.221000,35.260000,-0.961000,j9 EXO
2291,CSW24,9,9,34.839000,34.764000,-0.075000,l9 HOAX
2291,CSW24,10,10,34.107000,32.683000,-1.424000,2h LOX
2291,CSW24,11,13,32.410000,32.439000,0.029000,o8 OH
2291,CSW24,12,11,33.409000,31.951000,-1.458000,j9 AXE
2291,CSW24,13,12,33.107000,31.185000,-1.922000,j9 OX
2291,CSW24,14,14,31.607000,30.199000,-1.408000,2h LEX
2291,CSW24,15,15,31.410000,30.184000,-1.226000,n1 OH
2291,CSW24,16,16,31.267000,30.134000,-1.133000,j9 OXER
2291,CSW24,17,18,31.171000,29.935000,-1.236000,n1 EH
2291,CSW24,18,23,30.064000,29.843000,-0.221000,l9 HEXER
2291,CSW24,19,17,31.221000,29.829000,-1.392000,l8 EXO
2291,CSW24,20,22,30.194000,29.380000,-0.814000,2h LAXER
2291,CSW24,21,20,30.410000,29.013000,-1.397000,n13 OH
2291,CSW24,22,19,30.607000,28.745000,-1.862000,j9 EX
2291,CSW24,23,21,30.221000,28.367000,-1.854000,d11 EXO
2291,CSW24,24,24,29.158000,27.732000,-1.426000,2h LAX
2291,CSW24,25,25,28.737000,27.320000,-1.417000,n13 AH
2050,CSW24,1,1,31.373000,31.946000,0.573000,12d PODEX
2050,CSW24,2,2,19.373000,18.731000,-0.642000,12d POXED
2050,CSW24,3,3,19.081000,17.958000,-1.123000,12c MPOX
2050,CSW24,4,4,18.740000,17.860000,-0.880000,d12 WEX
2050,CSW24,5,5,18.674000,17.477000,-1.197000,14l MEW
2050,CSW24,6,6,17.586000,16.339000,-1.247000,12d MOWED
2050,CSW24,7,11,15.561000,15.681000,0.120000,10m EWK
2050,CSW24,8,7,16.740000,15.635000,-1.105000,f12 WEX
2050,CSW24,9,10,15.608000,15.166000,-0.442000,5i WEPt
2050,CSW24,10,8,15.815000,15.018000,-0.797000,12d DOWP
2050,CSW24,11,9,15.740000,14.689000,-1.051000,10i WEX
2050,CSW24,12,12,14.714000,14.420000,-0.294000,14m EX
2050,CSW24,13,13,14.002000,14.120000,0.118000,6d PIX
2050,CSW24,14,16,13.184000,13.305000,0.121000,6d MIX
2050,CSW24,15,18,13.009000,12.857000,-0.152000,12d WOX
2050,CSW24,16,15,13.674000,12.673000,-1.001000,d12 WEM
2050,CSW24,17,14,13.967000,12.646000,-1.321000,12d MOPED
2050,CSW24,18,17,13.164000,12.402000,-0.762000,6d WIMP
2050,CSW24,19,21,11.674000,11.428000,-0.246000,n11 MEOW
2050,CSW24,20,19,12.339000,11.367000,-0.972000,d12 WED
2050,CSW24,21,20,11.794000,11.332000,-0.462000,5i EMPt
2050,CSW24,22,22,11.674000,10.671000,-1.003000,d12 MEW
2050,CSW24,23,23,11.608000,10.629000,-0.979000,d12 PEW
2050,CSW24,24,25,11.427000,10.339000,-1.088000,f12 DEX
2050,CSW24,25,30,10.002000,9.802000,-0.200000,12d POX
2331,CSW24,1,1,44.057000,43.771000,-0.286000,c12 ZERO
2331,CSW24,2,3,29.936000,28.806000,-1.130000,d2 ZERO
2331,CSW24,3,2,31.936000,28.708000,-3.228000,b1 ZERO
2331,CSW24,4,4,29.116000,28.482000,-0.634000,c12 GORE
2331,CSW24,5,5,28.745000,28.043000,-0.702000,c12 RORE
2331,CSW24,6,7,27.993000,27.149000,-0.844000,8m ERG
2331,CSW24,7,6,28.226000,26.964000,-1.262000,l9 REORG
2331,CSW24,8,8,27.993000,26.938000,-1.055000,13e AGER
2331,CSW24,9,10,27.044000,26.418000,-0.626000,c12 GERE
2331,CSW24,10,9,27.482000,26.256000,-1.226000,d3 GREE
2331,CSW24,11,11,26.993000,26.086000,-0.907000,13e AREG
2331,CSW24,12,16,25.936000,23.959000,-1.977000,m5 ROZET
2331,CSW24,13,17,24.993000,23.761000,-1.232000,13g ERG
2331,CSW24,14,18,24.730000,23.693000,-1.037000,c12 GRR
2331,CSW24,15,24,24.226000,23.010000,-1.216000,l11 OGRE
2331,CSW24,16,21,24.226000,22.754000,-1.472000,d2 OGRE
2331,CSW24,17,19,24.226000,22.745000,-1.481000,d2 ERGO
2331,CSW24,18,25,24.226000,22.726000,-1.500000,13g ERGO
2331,CSW24,19,22,24.226000,22.661000,-1.565000,d2 REGO
2331,CSW24,20,20,24.226000,22.660000,-1.566000,d2 GORE
2331,CSW24,21,28,23.411000,22.293000,-1.118000,g7 WOWFER
2331,CSW24,22,29,23.226000,21.988000,-1.238000,l5 ROGER
2331,CSW24,23,13,26.226000,21.662000,-4.564000,b1 GORE
2331,CSW24,24,15,26.226000,21.656000,-4.570000,b1 REGO
2331,CSW24,25,12,26.226000,21.328000,-4.898000,b1 ERGO
2243,CSW24,1,1,40.191000,40.628000,0.437000,k3 VAIVODE
2243,CSW24,2,2,26.974000,26.973000,-0.001000,10a AVES
2243,CSW24,3,3,26.957000,26.831000,-0.126000,10a AVE
2243,CSW24,4,4,24.689000,24.992000,0.303000,b6 VAC
2243,CSW24,5,5,24.325000,24.324000,-0.001000,10a EVES
2243,CSW24,6,6,23.957000,24.301000,0.344000,9i VAE
2243,CSW24,7,7,22.884000,23.239000,0.355000,9i VIE
2243,CSW24,8,8,22.766000,22.992000,0.226000,14m EVE
2243,CSW24,9,11,21.457000,22.328000,0.871000,d11 VAXED
2243,CSW24,10,12,21.447000,21.802000,0.355000,9i VIA
2243,CSW24,11,9,21.927000,21.795000,-0.132000,10a EVE
2243,CSW24,12,14,20.957000,21.441000,0.484000,9i AVE
2243,CSW24,13,10,21.781000,21.288000,-0.493000,10a VIES
2243,CSW24,14,15,20.957000,21.205000,0.248000,10a VAE
2243,CSW24,15,17,20.518000,21.074000,0.556000,12l ET
2243,CSW24,16,18,20.270000,20.510000,0.240000,5k VINO
2243,CSW24,17,13,20.974000,20.478000,-0.496000,10a VAES
2243,CSW24,18,16,20.663000,20.298000,-0.365000,h4 VIVDA
2243,CSW24,19,19,19.884000,20.131000,0.247000,10a VIE
2243,CSW24,20,20,19.518000,20.120000,0.602000,7n OE
2243,CSW24,21,26,18.689000,19.294000,0.605000,12m TAV
2243,CSW24,22,25,18.927000,19.276000,0.349000,9i VEE
2243,CSW24,23,23,18.957000,18.999000,0.042000,j4 AVEL
2243,CSW24,24,24,18.957000,18.882000,-0.075000,j4 VEAL
2243,CSW24,25,21,19.277000,18.826000,-0.451000,c3 EVASION
2223,CSW24,1,1,62.929000,60.653000,-2.276000,15j FRIEZE
2223,CSW24,2,2,54.173000,51.569000,-2.604000,15f REFI
2223,CSW24,3,3,52.084000,49.194000,-2.890000,9i FEH
2223,CSW24,4,4,51.284000,47.897000,-3.387000,h12 FRiZ
2223,CSW24,5,5,50.466000,46.640000,-3.826000,5j FRIEZE
2223,CSW24,6,6,47.626000,44.346000,-3.280000,5k FEZ
2223,CSW24,7,7,47.097000,43.204000,-3.893000,5j FREEZE
2223,CSW24,8,9,46.225000,43.012000,-3.213000,5k FIZ
2223,CSW24,9,8,46.557000,42.985000,-3.572000,5k FEEZE
2223,CSW24,10,11,45.237000,42.714000,-2.523000,15f REF
2223,CSW24,11,12,44.881000,42.081000,-2.800000,h13 FiZ
2223,CSW24,12,10,45.657000,42.025000,-3.632000,5k HEEZE
2223,CSW24,13,13,44.464000,40.954000,-3.510000,5k FRIZE
2223,CSW24,14,14,44.084000,40.919000,-3.165000,5k FEH
2223,CSW24,15,15,43.237000,40.391000,-2.846000,9i FER
2223,CSW24,16,20,42.173000,40.042000,-2.131000,1h REFI
2223,CSW24,17,16,43.221000,39.909000,-3.312000,13l ZE
2223,CSW24,18,17,42.681000,39.742000,-2.939000,15g EF
2223,CSW24,19,19,42.308000,39.417000,-2.891000,l4 HEFTER
2223,CSW24,20,18,42.464000,39.171000,-3.293000,5j FRIZ
2223,CSW24,21,21,42.084000,39.051000,-3.033000,l4 HEFT
2223,CSW24,22,22,41.295000,38.765000,-2.530000,9i FEER
2223,CSW24,23,23,41.295000,38.722000,-2.573000,9i FERE
2223,CSW24,24,24,40.805000,38.088000,-2.717000,l4 HEFTE
2223,CSW24,25,25,40.173000,37.908000,-2.265000,1g REIF
2298,CSW24,1,1,32.913000,31.320000,-1.593000,b10 KIAAT
2298,CSW24,2,2,30.519000,29.102000,-1.417000,n11 WAKEN
2298,CSW24,3,3,28.387000,26.736000,-1.651000,o1 KAINIT
2298,CSW24,4,4,27.791000,26.054000,-1.737000,b9 ATWAIN
2298,CSW24,5,5,27.751000,25.909000,-1.842000,b10 TWAIN
2298,CSW24,6,10,21.409000,19.928000,-1.481000,c11 TWINK
2298,CSW24,7,8,21.794000,19.465000,-2.329000,k3 WARK
2298,CSW24,8,13,20.794000,19.108000,-1.686000,n11 WAKE
2298,CSW24,9,11,21.355000,19.093000,-2.262000,i9 WANK
2298,CSW24,10,12,21.051000,18.864000,-2.187000,b11 WAIN
2298,CSW24,11,14,20.335000,18.680000,-1.655000,k10 PAW
2298,CSW24,12,6,22.853000,18.608000,-4.245000,l1 KAING
2298,CSW24,13,7,22.853000,18.594000,-4.259000,l1 KIANG
2298,CSW24,14,15,19.974000,18.451000,-1.523000,c11 TWANK
2298,CSW24,15,9,21.779000,17.105000,-4.674000,l1 TWANG
2298,CSW24,16,19,18.406000,16.673000,-1.733000,c12 WINK
2298,CSW24,17,21,18.065000,16.652000,-1.413000,k10 PAK
2298,CSW24,18,17,18.646000,16.648000,-1.998000,b10 AWAIT
2298,CSW24,19,18,18.406000,16.379000,-2.027000,b11 KAIN
2298,CSW24,20,16,18.805000,16.318000,-2.487000,k3 NARK
2298,CSW24,21,25,17.974000,16.255000,-1.719000,n11 TAKEN
2298,CSW24,22,26,17.805000,16.030000,-1.775000,c12 WANK
2298,CSW24,23,23,18.023000,15.962000,-2.061000,n11 WANE
2298,CSW24,24,22,18.051000,15.916000,-2.135000,n11 WINE
2298,CSW24,25,24,18.023000,15.752000,-2.271000,n12 ANEW
2076,CSW24,1,1,24.219000,21.108000,-3.111000,12k HUI
2076,CSW24,2,2,23.849000,20.955000,-2.894000,8k WISER
2076,CSW24,3,3,19.179000,14.880000,-4.299000,14h sUR
2076,CSW24,4,6,17.523000,13.008000,-4.515000,l1 SHIUR
2076,CSW24,5,5,17.887000,12.672000,-5.215000,j5 WHIRRET
2076,CSW24,6,4,17.887000,12.619000,-5.268000,j5 WHERRIT
2076,CSW24,7,7,16.179000,12.091000,-4.088000,10j UR
2076,CSW24,8,9,15.219000,11.544000,-3.675000,10j UH
2076,CSW24,9,10,15.179000,11.317000,-3.862000,8m SUR
2076,CSW24,10,14,14.463000,11.155000,-3.308000,l7 HUI
2076,CSW24,11,8,15.385000,10.971000,-4.414000,6j WHIM
2076,CSW24,12,11,14.849000,10.696000,-4.153000,l3 WIRE
2076,CSW24,13,16,14.109000,10.608000,-3.501000,8l USER
2076,CSW24,14,12,14.758000,10.441000,-4.317000,l1 SHREW
2076,CSW24,15,13,14.463000,9.749000,-4.714000,2l HUI
2076,CSW24,16,18,13.219000,9.542000,-3.677000,l6 UH
2076,CSW24,17,20,13.136000,8.856000,-4.280000,l3 ERHU
2076,CSW24,18,22,13.109000,8.710000,-4.399000,14h sUER
2076,CSW24,19,23,13.109000,8.708000,-4.401000,14h sURE
2076,CSW24,20,17,13.394000,8.628000,-4.766000,14h sIEUR
2076,CSW24,21,21,13.136000,8.482000,-4.654000,6i RHEUM
2076,CSW24,22,19,13.179000,8.369000,-4.810000,10a RUC
2076,CSW24,23,24,12.849000,8.198000,-4.651000,l1 SWEIR
2076,CSW24,24,25,12.849000,8.182000,-4.667000,l1 SWIRE
2076,CSW24,25,27,12.488000,8.109000,-4.379000,14h sURER
2157,CSW24,1,1,27.392000,27.322000,-0.070000,11i WAE
2157,CSW24,2,2,27.243000,27.128000,-0.115000,11i HAO
2157,CSW24,3,4,26.220000,26.219000,-0.001000,11i WOE
2157,CSW24,4,3,26.259000,25.750000,-0.509000,7a LOWAN
2157,CSW24,5,5,22.243000,21.733000,-0.510000,7a LOHAN
2157,CSW24,6,6,21.772000,21.717000,-0.055000,11i HAE
2157,CSW24,7,7,21.691000,21.615000,-0.076000,11i HOE
2157,CSW24,8,8,20.259000,19.345000,-0.914000,12l ANOW
2157,CSW24,9,10,19.064000,19.244000,0.180000,12i WAHINE
2157,CSW24,10,13,17.739000,17.720000,-0.019000,k9 EWHOW
2157,CSW24,11,12,18.192000,16.979000,-1.213000,d3 WAAC
2157,CSW24,12,9,19.776000,16.948000,-2.828000,c12 SHAW
2157,CSW24,13,14,17.537000,16.329000,-1.208000,n8 ZOEAE
2157,CSW24,14,11,18.698000,15.876000,-2.822000,c12 SHOW
2157,CSW24,15,17,16.036000,15.507000,-0.529000,7c WAN
2157,CSW24,16,15,16.392000,15.475000,-0.917000,12l ANEW
2157,CSW24,17,16,16.192000,15.126000,-1.066000,k10 WAWA
2157,CSW24,18,18,15.324000,14.477000,-0.847000,4f AAH
2157,CSW24,19,24,14.668000,14.324000,-0.344000,10d EEW
2157,CSW24,20,21,15.001000,14.323000,-0.678000,n8 ZOEA
2157,CSW24,21,19,15.220000,14.313000,-0.907000,12l ENOW
2157,CSW24,22,25,14.486000,14.103000,-0.383000,7c WON
2157,CSW24,23,26,14.392000,13.339000,-1.053000,k10 WAWE
2157,CSW24,24,27,14.243000,13.248000,-0.995000,k10 WHOA
2157,CSW24,25,28,14.243000,13.190000,-1.053000,k10 WOAH
2203,CSW24,1,1,73.388000,73.445000,0.057000,2f JEE
2203,CSW24,2,2,54.715000,54.669000,-0.046000,6b JEED
2203,CSW24,3,3,48.235000,49.029000,0.794000,6b JEE
2203,CSW24,4,4,44.399000,44.524000,0.125000,6b JEES
2203,CSW24,5,6,41.235000,42.365000,1.130000,14f JEE
2203,CSW24,6,7,41.178000,42.364000,1.186000,7e AJEE
2203,CSW24,7,5,41.501000,42.089000,0.588000,14e AJI
2203,CSW24,8,9,40.611000,41.494000,0.883000,14f JA
2203,CSW24,9,8,40.885000,41.357000,0.472000,14e AJEE
2203,CSW24,10,10,40.388000,41.351000,0.963000,7f JEE
2203,CSW24,11,11,39.794000,40.499000,0.705000,12k SEZ
2203,CSW24,12,12,37.361000,38.063000,0.702000,12k SAZ
2203,CSW24,13,13,36.980000,36.896000,-0.084000,12g AJIES
2203,CSW24,14,14,35.611000,36.478000,0.867000,14h JA
2203,CSW24,15,15,35.388000,36.053000,0.665000,g13 JET
2203,CSW24,16,16,34.249000,34.988000,0.739000,f2 JO
2203,CSW24,17,17,33.611000,34.929000,1.318000,2a TAJ
2203,CSW24,18,20,33.312000,34.381000,1.069000,9c JADE
2203,CSW24,19,18,33.611000,34.263000,0.652000,i13 JAB
2203,CSW24,20,19,33.312000,34.177000,0.865000,7c JADE
2203,CSW24,21,21,33.197000,33.980000,0.783000,9c JEDI
2203,CSW24,22,22,32.537000,33.458000,0.921000,6d ED
2203,CSW24,23,23,32.310000,33.140000,0.830000,b1 EASIED
2203,CSW24,24,24,31.931000,32.616000,0.685000,i13 JIB
2203,CSW24,25,25,31.399000,32.064000,0.665000,12h JEES
2042,CSW24,1,1,45.572000,39.801000,-5.771000,1a VLY
2042,CSW24,2,2,41.096000,35.616000,-5.480000,12b VANG
2042,CSW24,3,5,35.891000,31.218000,-4.673000,13b GAVELS
2042,CSW24,4,3,36.578000,30.550000,-6.028000,4b VEXIL
2042,CSW24,5,4,36.322000,30.386000,-5.936000,4b VEXING
2042,CSW24,6,7,34.891000,29.635000,-5.256000,o1 GAVELS
2042,CSW24,7,6,35.216000,29.457000,-5.759000,10b VAG
2042,CSW24,8,10,33.926000,28.847000,-5.079000,13b GAVEL
2042,CSW24,9,9,34.104000,28.742000,-5.362000,o1 VEGANS
2042,CSW24,10,8,34.104000,28.715000,-5.389000,o1 GANEVS
2042,CSW24,11,11,33.706000,28.016000,-5.690000,d10 GOV
2042,CSW24,12,12,33.706000,28.001000,-5.705000,d10 VOG
2042,CSW24,13,13,31.694000,26.874000,-4.820000,13c AVELS
2042,CSW24,14,14,31.694000,26.869000,-4.825000,13c VEALS
2042,CSW24,15,15,30.822000,26.085000,-4.737000,13b NAVELS
2042,CSW24,16,16,30.706000,25.889000,-4.817000,9m VAG
2042,CSW24,17,19,30.315000,25.253000,-5.062000,13d VELA
2042,CSW24,18,18,30.315000,25.203000,-5.112000,13d VALE
2042,CSW24,19,17,30.572000,24.759000,-5.813000,d10 VOL
2042,CSW24,20,20,30.127000,24.423000,-5.704000,10b VAN
2042,CSW24,21,21,30.127000,24.265000,-5.862000,12b VAN
2042,CSW24,22,22,29.315000,24.062000,-5.253000,13c AVEL
2042,CSW24,23,23,29.315000,24.031000,-5.284000,13c VEAL
2042,CSW24,24,25,28.822000,23.548000,-5.274000,o1 ELVANS
2042,CSW24,25,26,28.822000,23.528000,-5.294000,o1 NAVELS
2170,CSW24,1,1,28.691000,25.326000,-3.365000,n9 BEJADE
2170,CSW24,2,3,25.000000,23.968000,-1.032000,l12 JOBE
2170,CSW24,3,2,25.134000,21.694000,-3.440000,n11 GADJE
2170,CSW24,4,4,23.104000,21.162000,-1.942000,k9 EJECT
2170,CSW24,5,6,22.901000,21.139000,-1.762000,k9 EJECTA
2170,CSW24,6,7,22.121000,20.592000,-1.529000,j10 JAGS
2170,CSW24,7,5,23.099000,19.776000,-3.323000,14m BEG
2170,CSW24,8,8,20.657000,19.129000,-1.528000,j10 JABS
2170,CSW24,9,10,19.121000,17.530000,-1.591000,12m JAG
2170,CSW24,10,11,18.657000,17.130000,-1.527000,12m JAB
2170,CSW24,11,9,19.868000,16.717000,-3.151000,14m BAG
2170,CSW24,12,13,18.121000,16.553000,-1.568000,l10 GAJO
2170,CSW24,13,16,17.055000,15.947000,-1.108000,l12 JOG
2170,CSW24,14,12,18.424000,15.682000,-2.742000,14m BAC
2170,CSW24,15,21,16.614000,15.405000,-1.209000,l12 JOB
2170,CSW24,16,18,16.965000,15.389000,-1.576000,j10 JEES
2170,CSW24,17,14,17.965000,15.386000,-2.579000,n10 JEED
2170,CSW24,18,19,16.681000,14.879000,-1.802000,i7 BREE
2170,CSW24,19,15,17.938000,14.323000,-3.615000,n11 CADGE
2170,CSW24,20,24,15.965000,14.269000,-1.696000,b1 JEE
2170,CSW24,21,23,16.099000,14.082000,-2.017000,12m BEG
2170,CSW24,22,20,16.681000,13.848000,-2.833000,14l BEE
2170,CSW24,23,22,16.449000,13.648000,-2.801000,3a REBEC
2170,CSW24,24,26,15.408000,13.484000,-1.924000,i7 GREE
2170,CSW24,25,27,15.099000,13.141000,-1.958000,l10 BEGO
