pos,model,pat_rank,static_rank,static_eq,pat_eq,pat_adj,move
1049,CSW24_hsp,1,1,34.576000,27.825000,-6.751000,h1 FEWER
1049,CSW24_hsp,2,2,28.746000,21.399000,-7.347000,c3 JEWIE
1049,CSW24_hsp,3,3,27.430000,20.438000,-6.992000,h1 DOWER
1049,CSW24_hsp,4,4,27.355000,19.551000,-7.804000,i1 WOF
1049,CSW24_hsp,5,6,26.242000,19.194000,-7.048000,h1 DEFER
1049,CSW24_hsp,6,5,26.355000,18.839000,-7.516000,12d WOF
1049,CSW24_hsp,7,7,25.207000,17.806000,-7.401000,12h FEOD
1049,CSW24_hsp,8,8,24.871000,17.528000,-7.343000,12k FEW
1049,CSW24_hsp,9,11,24.079000,17.058000,-7.021000,i2 EF
1049,CSW24_hsp,10,9,24.355000,16.846000,-7.509000,12k WOF
1049,CSW24_hsp,11,10,24.242000,16.830000,-7.412000,12h FEED
1049,CSW24_hsp,12,12,23.586000,16.063000,-7.523000,12h WEED
1049,CSW24_hsp,13,13,23.184000,15.874000,-7.310000,12k DOWF
1049,CSW24_hsp,14,18,21.323000,14.192000,-7.131000,i2 OF
1049,CSW24_hsp,15,14,22.079000,14.172000,-7.907000,12h FE
1049,CSW24_hsp,16,15,21.724000,14.040000,-7.684000,i1 DEF
1049,CSW24_hsp,17,19,21.079000,13.867000,-7.212000,2n EF
1049,CSW24_hsp,18,17,21.330000,13.571000,-7.759000,12h FOE
1049,CSW24_hsp,19,24,20.184000,13.128000,-7.056000,10k DOWF
1049,CSW24_hsp,20,16,21.430000,13.004000,-8.426000,c9 VOWED
1049,CSW24_hsp,21,21,20.725000,12.968000,-7.757000,i1 DOF
1049,CSW24_hsp,22,20,20.760000,12.947000,-7.813000,12h WOE
1049,CSW24_hsp,23,23,20.386000,12.871000,-7.515000,4d JO
1049,CSW24_hsp,24,22,20.430000,12.656000,-7.774000,12j OWED
1049,CSW24_hsp,25,26,19.871000,12.602000,-7.269000,j8 WEFT
472,CSW24_hsp,1,1,27.917000,18.283000,-9.634000,f6 JOuRNO
472,CSW24_hsp,2,3,25.909000,17.912000,-7.997000,j6 JOIN
472,CSW24_hsp,3,2,26.086000,17.712000,-8.374000,k4 JOINT
472,CSW24_hsp,4,7,24.104000,16.216000,-7.888000,f6 JOuR
472,CSW24_hsp,5,6,25.103000,15.677000,-9.426000,j6 JOINER
472,CSW24_hsp,6,5,25.522000,15.495000,-10.027000,9c JOINER
472,CSW24_hsp,7,4,25.522000,15.358000,-10.164000,k4 JOINTER
472,CSW24_hsp,8,8,23.103000,14.098000,-9.005000,j4 REJOIN
472,CSW24_hsp,9,10,22.086000,11.815000,-10.271000,9c JOIN
472,CSW24_hsp,10,9,22.086000,11.282000,-10.804000,7c JOIN
472,CSW24_hsp,11,15,17.310000,9.924000,-7.386000,9h RONEO
472,CSW24_hsp,12,14,17.447000,9.848000,-7.599000,f6 JEu
472,CSW24_hsp,13,19,16.874000,9.573000,-7.301000,i6 JOL
472,CSW24_hsp,14,22,16.008000,9.283000,-6.725000,7e JOE
472,CSW24_hsp,15,11,21.780000,9.133000,-12.647000,g3 JOINER
472,CSW24_hsp,16,25,15.680000,8.681000,-6.999000,9i ONIE
472,CSW24_hsp,17,18,16.874000,8.412000,-8.462000,g6 JOR
472,CSW24_hsp,18,24,15.874000,8.228000,-7.646000,7e JO
472,CSW24_hsp,19,23,15.874000,7.983000,-7.891000,k6 JOT
472,CSW24_hsp,20,21,16.380000,6.956000,-9.424000,g8 ROJI
472,CSW24_hsp,21,36,12.741000,6.741000,-6.000000,9h ION
472,CSW24_hsp,22,17,17.036000,6.415000,-10.621000,9c JEON
472,CSW24_hsp,23,58,11.579000,5.946000,-5.633000,7g OI
472,CSW24_hsp,24,47,11.967000,5.816000,-6.151000,9h NOO
472,CSW24_hsp,25,20,16.506000,5.601000,-10.905000,l8 HEROIN
949,CSW24_hsp,1,1,28.572000,24.117000,-4.455000,h6 OUPA
949,CSW24_hsp,2,2,24.572000,19.714000,-4.858000,11k OAF
949,CSW24_hsp,3,3,24.169000,17.233000,-6.936000,n11 IOTA
949,CSW24_hsp,4,5,19.770000,15.444000,-4.326000,n11 AA
949,CSW24_hsp,5,7,18.770000,13.525000,-5.245000,6j AA
949,CSW24_hsp,6,12,17.702000,13.413000,-4.289000,n11 IO
949,CSW24_hsp,7,9,18.169000,12.774000,-5.395000,l11 IOTA
949,CSW24_hsp,8,8,18.512000,12.360000,-6.152000,n11 AERO
949,CSW24_hsp,9,14,16.698000,12.188000,-4.510000,n5 TOEA
949,CSW24_hsp,10,13,16.702000,11.332000,-5.370000,6j IO
949,CSW24_hsp,11,15,15.001000,10.771000,-4.230000,6n AM
949,CSW24_hsp,12,4,19.917000,10.688000,-9.229000,n2 AORTAE
949,CSW24_hsp,13,10,18.064000,10.501000,-7.563000,n12 AIA
949,CSW24_hsp,14,17,14.443000,10.128000,-4.315000,n11 AE
949,CSW24_hsp,15,18,14.443000,9.977000,-4.466000,n11 EA
949,CSW24_hsp,16,20,13.768000,9.562000,-4.206000,6n OM
949,CSW24_hsp,17,22,13.702000,9.506000,-4.196000,l11 OI
949,CSW24_hsp,18,21,13.702000,9.289000,-4.413000,l11 IO
949,CSW24_hsp,19,23,13.698000,8.907000,-4.791000,l11 OAT
949,CSW24_hsp,20,16,14.766000,8.851000,-5.915000,n12 AI
949,CSW24_hsp,21,11,17.871000,8.215000,-9.656000,n11 AARTI
949,CSW24_hsp,22,27,13.443000,7.955000,-5.488000,6j EA
949,CSW24_hsp,23,29,12.572000,7.907000,-4.665000,ex AO
949,CSW24_hsp,24,34,11.970000,7.451000,-4.519000,l11 OAR
949,CSW24_hsp,25,35,11.970000,7.132000,-4.838000,l11 ORA
863,CSW24_hsp,1,4,23.439000,12.411000,-11.028000,k9 WOW
863,CSW24_hsp,2,2,23.694000,11.404000,-12.290000,8m TWP
863,CSW24_hsp,3,3,23.439000,11.242000,-12.197000,4l WAW
863,CSW24_hsp,4,1,23.837000,9.840000,-13.997000,5j TWIRP
863,CSW24_hsp,5,6,21.837000,8.434000,-13.403000,6j TWIRP
863,CSW24_hsp,6,5,23.409000,8.228000,-15.181000,n7 WITS
863,CSW24_hsp,7,10,18.439000,6.736000,-11.703000,i9 WAW
863,CSW24_hsp,8,8,19.816000,6.506000,-13.310000,n2 WIT
863,CSW24_hsp,9,12,18.439000,6.193000,-12.246000,h10 EWW
863,CSW24_hsp,10,11,18.439000,6.132000,-12.307000,l9 WoW
863,CSW24_hsp,11,7,20.388000,5.594000,-14.794000,i9 WAPITI
863,CSW24_hsp,12,14,16.028000,5.553000,-10.475000,9i PIT
863,CSW24_hsp,13,19,15.694000,4.688000,-11.006000,k9 POW
863,CSW24_hsp,14,20,15.694000,4.091000,-11.603000,k9 WOP
863,CSW24_hsp,15,9,18.816000,3.999000,-14.817000,4l WAIT
863,CSW24_hsp,16,18,15.694000,3.903000,-11.791000,4l WAP
863,CSW24_hsp,17,15,16.013000,3.528000,-12.485000,4i PITSAW
863,CSW24_hsp,18,17,15.694000,3.498000,-12.196000,4l PAW
863,CSW24_hsp,19,27,14.397000,2.878000,-11.519000,9i PITIES
863,CSW24_hsp,20,28,14.167000,2.584000,-11.583000,l8 SWoPT
863,CSW24_hsp,21,31,13.751000,2.259000,-11.492000,l9 WoWS
863,CSW24_hsp,22,23,14.607000,2.139000,-12.468000,4l WAI
863,CSW24_hsp,23,26,14.439000,2.086000,-12.353000,13c EWW
863,CSW24_hsp,24,13,17.816000,1.959000,-15.857000,n7 WIT
863,CSW24_hsp,25,29,13.837000,1.709000,-12.128000,13b PEWIT
49,CSW24_hsp,1,1,32.715000,24.485000,-8.230000,h10 BULKED
49,CSW24_hsp,2,2,29.598000,23.257000,-6.341000,11i KUDU
49,CSW24_hsp,3,3,26.164000,17.590000,-8.574000,h10 BLUDIE
49,CSW24_hsp,4,4,24.885000,16.518000,-8.367000,h10 BILKED
49,CSW24_hsp,5,5,19.969000,14.536000,-5.433000,c11 KUE
49,CSW24_hsp,6,7,18.969000,12.644000,-6.325000,11i KUE
49,CSW24_hsp,7,6,19.598000,11.407000,-8.191000,9j KUDU
49,CSW24_hsp,8,8,18.053000,11.237000,-6.816000,11i DUKE
49,CSW24_hsp,9,9,16.715000,9.850000,-6.865000,13b LUSKED
49,CSW24_hsp,10,10,15.626000,9.401000,-6.225000,e11 DUI
49,CSW24_hsp,11,14,14.969000,8.857000,-6.112000,11i EUK
49,CSW24_hsp,12,12,15.193000,8.713000,-6.480000,6b KUe
49,CSW24_hsp,13,13,15.193000,8.561000,-6.632000,6d eUK
49,CSW24_hsp,14,15,14.626000,8.490000,-6.136000,c11 DUI
49,CSW24_hsp,15,11,15.598000,8.462000,-7.136000,c4 KUDU
49,CSW24_hsp,16,16,13.969000,7.471000,-6.498000,c12 EUK
49,CSW24_hsp,17,18,13.626000,7.391000,-6.235000,11i DUI
49,CSW24_hsp,18,17,13.801000,7.131000,-6.670000,11j ULU
49,CSW24_hsp,19,19,12.969000,6.283000,-6.686000,11j EUK
49,CSW24_hsp,20,20,12.969000,5.910000,-7.059000,11j UKE
49,CSW24_hsp,21,22,12.089000,5.664000,-6.425000,c11 DUEL
49,CSW24_hsp,22,26,11.801000,5.506000,-6.295000,c10 ULU
49,CSW24_hsp,23,27,11.619000,5.502000,-6.117000,c11 LIEU
49,CSW24_hsp,24,28,11.089000,4.881000,-6.208000,c11 LEUD
49,CSW24_hsp,25,35,10.893000,4.881000,-6.012000,13b LUSK
500,CSW24_hsp,1,1,38.649000,31.909000,-6.740000,g2 OXEN
500,CSW24_hsp,2,3,30.364000,23.809000,-6.555000,3i IXNAY
500,CSW24_hsp,3,2,33.457000,22.568000,-10.889000,m1 NIX
500,CSW24_hsp,4,4,28.903000,20.537000,-8.366000,m7 XI
500,CSW24_hsp,5,8,25.758000,19.999000,-5.759000,e3 NIX
500,CSW24_hsp,6,9,25.364000,17.124000,-8.240000,11f NIXY
500,CSW24_hsp,7,6,27.649000,16.554000,-11.095000,m1 NOX
500,CSW24_hsp,8,12,24.734000,16.421000,-8.313000,8l TYIN
500,CSW24_hsp,9,11,24.734000,16.377000,-8.357000,8l TIYN
500,CSW24_hsp,10,10,24.734000,16.353000,-8.381000,8l TINY
500,CSW24_hsp,11,13,23.785000,16.341000,-7.444000,g2 OYE
500,CSW24_hsp,12,5,28.364000,15.830000,-12.534000,9a NIXY
500,CSW24_hsp,13,14,23.698000,15.405000,-8.293000,m2 OX
500,CSW24_hsp,14,7,25.825000,14.531000,-11.294000,m1 OXY
500,CSW24_hsp,15,15,22.734000,14.346000,-8.388000,6b YIN
500,CSW24_hsp,16,16,21.734000,13.620000,-8.114000,m2 YIN
500,CSW24_hsp,17,17,21.478000,13.589000,-7.889000,5j YOGIN
500,CSW24_hsp,18,20,20.478000,11.480000,-8.998000,11f YONI
500,CSW24_hsp,19,23,19.825000,11.324000,-8.501000,6k ORYX
500,CSW24_hsp,20,31,17.111000,10.849000,-6.262000,e3 YIN
500,CSW24_hsp,21,25,19.303000,10.826000,-8.477000,8l TONY
500,CSW24_hsp,22,32,17.111000,10.265000,-6.846000,g3 YEN
500,CSW24_hsp,23,18,21.158000,10.201000,-10.957000,5j YOGINI
500,CSW24_hsp,24,26,18.825000,9.538000,-9.287000,9b OXY
500,CSW24_hsp,25,19,20.555000,9.507000,-11.048000,k1 ONYX
670,CSW24_hsp,1,1,31.400000,26.390000,-5.010000,f4 PIQUED
670,CSW24_hsp,2,2,30.814000,25.630000,-5.184000,f4 PIQUE
670,CSW24_hsp,3,4,26.067000,21.854000,-4.213000,f6 QUEP
670,CSW24_hsp,4,3,26.936000,20.888000,-6.048000,e3 DIQUAT
670,CSW24_hsp,5,5,25.814000,20.724000,-5.090000,7c QUIP
670,CSW24_hsp,6,7,23.049000,18.661000,-4.388000,9c QUID
670,CSW24_hsp,7,6,23.049000,18.032000,-5.017000,7c QUID
670,CSW24_hsp,8,9,20.838000,16.276000,-4.562000,9c QUAD
670,CSW24_hsp,9,10,20.651000,16.265000,-4.386000,e5 QUIT
670,CSW24_hsp,10,8,20.838000,15.827000,-5.011000,7c QUAD
670,CSW24_hsp,11,12,18.968000,14.815000,-4.153000,7d QUAI
670,CSW24_hsp,12,13,18.835000,13.921000,-4.914000,e5 QUAT
670,CSW24_hsp,13,16,17.367000,12.266000,-5.101000,7d DUP
670,CSW24_hsp,14,18,16.835000,11.849000,-4.986000,9c QUA
670,CSW24_hsp,15,19,16.367000,11.533000,-4.834000,7d PUD
670,CSW24_hsp,16,20,15.933000,11.460000,-4.473000,7e UP
670,CSW24_hsp,17,17,16.835000,11.443000,-5.392000,7c QUA
670,CSW24_hsp,18,14,17.779000,11.167000,-6.612000,g7 PFUI
670,CSW24_hsp,19,15,17.765000,10.938000,-6.827000,f8 EUPAD
670,CSW24_hsp,20,21,15.603000,9.741000,-5.862000,e8 TAPU
670,CSW24_hsp,21,11,19.853000,9.355000,-10.498000,7a QUIPU
670,CSW24_hsp,22,22,14.779000,9.218000,-5.561000,7c PIU
670,CSW24_hsp,23,23,14.367000,8.686000,-5.681000,f5 DUPE
670,CSW24_hsp,24,25,13.192000,8.560000,-4.632000,7d PADI
670,CSW24_hsp,25,24,13.779000,8.072000,-5.707000,h7 PFUI
626,CSW24_hsp,1,1,47.667000,44.043000,-3.624000,a13 WIZ
626,CSW24_hsp,2,2,42.384000,38.737000,-3.647000,a13 ZIT
626,CSW24_hsp,3,3,37.667000,33.185000,-4.482000,3i WIZ
626,CSW24_hsp,4,4,37.667000,30.305000,-7.362000,c13 WIZ
626,CSW24_hsp,5,5,33.384000,29.709000,-3.675000,a13 TIZ
626,CSW24_hsp,6,7,32.277000,28.237000,-4.040000,a13 WIT
626,CSW24_hsp,7,8,31.385000,27.357000,-4.028000,a13 WET
626,CSW24_hsp,8,12,30.385000,26.714000,-3.671000,3i WET
626,CSW24_hsp,9,9,31.277000,26.577000,-4.700000,3i WIT
626,CSW24_hsp,10,6,32.510000,25.922000,-6.588000,d1 WIZEN
626,CSW24_hsp,11,15,29.484000,25.526000,-3.958000,a12 ETIC
626,CSW24_hsp,12,14,29.619000,24.948000,-4.671000,3i WITE
626,CSW24_hsp,13,19,28.385000,24.279000,-4.106000,a13 TEW
626,CSW24_hsp,14,17,29.385000,24.165000,-5.220000,i11 WET
626,CSW24_hsp,15,18,28.494000,24.043000,-4.451000,k3 WAZ
626,CSW24_hsp,16,16,29.385000,23.999000,-5.386000,i11 TEW
626,CSW24_hsp,17,10,31.277000,23.462000,-7.815000,c13 WIT
626,CSW24_hsp,18,20,27.451000,23.257000,-4.194000,6i TWIT
626,CSW24_hsp,19,21,26.989000,22.838000,-4.151000,6i TWICE
626,CSW24_hsp,20,13,30.385000,22.570000,-7.815000,c13 WET
626,CSW24_hsp,21,25,26.371000,22.419000,-3.952000,3i CIT
626,CSW24_hsp,22,24,26.384000,21.888000,-4.496000,f2 ZITI
626,CSW24_hsp,23,26,25.371000,21.067000,-4.304000,a13 TIC
626,CSW24_hsp,24,27,25.104000,20.872000,-4.232000,6i TWITE
626,CSW24_hsp,25,11,31.104000,20.686000,-10.418000,i11 TEWIT
782,CSW24_hsp,1,1,98.000000,90.255000,-7.745000,o5 POTHERED
782,CSW24_hsp,2,2,95.000000,87.249000,-7.751000,o7 POTHERED
782,CSW24_hsp,3,3,86.000000,71.914000,-14.086000,m6 TROPHIED
782,CSW24_hsp,4,4,82.000000,63.100000,-18.900000,n8 POTSHERD
782,CSW24_hsp,5,5,49.438000,40.851000,-8.587000,o11 EPHOD
782,CSW24_hsp,6,6,48.974000,39.131000,-9.843000,12l DOTH
782,CSW24_hsp,7,7,46.438000,37.867000,-8.571000,o8 HOPED
782,CSW24_hsp,8,8,46.438000,37.863000,-8.575000,o8 POHED
782,CSW24_hsp,9,10,43.208000,34.579000,-8.629000,o11 EPHOR
782,CSW24_hsp,10,9,43.301000,34.489000,-8.812000,o10 DEHORT
782,CSW24_hsp,11,11,41.077000,32.470000,-8.607000,o7 THREEP
782,CSW24_hsp,12,12,39.980000,31.156000,-8.824000,o7 POTHER
782,CSW24_hsp,13,13,38.466000,29.608000,-8.858000,o10 DEPORT
782,CSW24_hsp,14,14,38.284000,28.979000,-9.305000,o7 TOPHE
782,CSW24_hsp,15,15,38.067000,28.796000,-9.271000,o6 OTHERED
782,CSW24_hsp,16,17,37.208000,28.510000,-8.698000,o8 HOPER
782,CSW24_hsp,17,16,37.301000,28.368000,-8.933000,o7 THROED
782,CSW24_hsp,18,18,36.980000,27.588000,-9.392000,o6 THORPE
782,CSW24_hsp,19,21,35.888000,27.037000,-8.851000,o8 TOPED
782,CSW24_hsp,20,20,35.888000,26.983000,-8.905000,o8 POTED
782,CSW24_hsp,21,19,35.888000,26.860000,-9.028000,o8 OPTED
782,CSW24_hsp,22,23,35.466000,26.691000,-8.775000,o7 TROPED
782,CSW24_hsp,23,22,35.466000,26.583000,-8.883000,o7 PORTED
782,CSW24_hsp,24,24,35.466000,26.518000,-8.948000,o10 REDTOP
782,CSW24_hsp,25,26,35.077000,26.269000,-8.808000,o7 PETHER
679,CSW24_hsp,1,1,27.139000,22.405000,-4.734000,f6 QADI
679,CSW24_hsp,2,2,12.102000,7.540000,-4.562000,10b AINEE
679,CSW24_hsp,3,3,8.029000,4.295000,-3.734000,10e AE
679,CSW24_hsp,4,5,6.409000,2.405000,-4.004000,10d NAE
679,CSW24_hsp,5,4,6.409000,1.999000,-4.410000,10d EAN
679,CSW24_hsp,6,7,4.298000,0.442000,-3.856000,10e EE
679,CSW24_hsp,7,11,4.029000,-0.287000,-4.316000,h7 ANE
679,CSW24_hsp,8,15,2.904000,-1.095000,-3.999000,10d NEE
679,CSW24_hsp,9,10,4.095000,-1.116000,-5.211000,h6 AINEE
679,CSW24_hsp,10,9,4.095000,-1.369000,-5.464000,h6 AENEI
679,CSW24_hsp,11,12,3.920000,-1.387000,-5.307000,h5 INANE
679,CSW24_hsp,12,14,2.904000,-1.423000,-4.327000,10d EEN
679,CSW24_hsp,13,16,2.428000,-1.460000,-3.888000,ex AAEQ
679,CSW24_hsp,14,19,2.119000,-1.769000,-3.888000,ex AAEIQ
679,CSW24_hsp,15,17,2.409000,-1.893000,-4.302000,h6 NANE
679,CSW24_hsp,16,22,1.981000,-1.907000,-3.888000,ex AEIQ
679,CSW24_hsp,17,6,5.252000,-2.365000,-7.617000,f6 AEDINE
679,CSW24_hsp,18,18,2.125000,-2.388000,-4.513000,h6 AINE
679,CSW24_hsp,19,25,1.084000,-2.804000,-3.888000,ex AEQ
679,CSW24_hsp,20,26,1.014000,-2.874000,-3.888000,ex AEEIQ
679,CSW24_hsp,21,27,1.001000,-2.887000,-3.888000,ex AEEQ
679,CSW24_hsp,22,28,0.854000,-3.034000,-3.888000,ex AAEINQ
679,CSW24_hsp,23,24,1.920000,-3.142000,-5.062000,10b EINA
679,CSW24_hsp,24,29,0.683000,-3.205000,-3.888000,ex AAEEQ
679,CSW24_hsp,25,32,0.298000,-3.686000,-3.984000,h8 NEE
942,CSW24_hsp,1,1,40.107000,29.000000,-11.107000,15a EILD
942,CSW24_hsp,2,2,39.042000,28.152000,-10.890000,15a ELF
942,CSW24_hsp,3,3,37.099000,26.261000,-10.838000,15a EW
942,CSW24_hsp,4,4,33.775000,22.961000,-10.814000,15a EF
942,CSW24_hsp,5,5,31.380000,19.702000,-11.678000,e11 FLIP
942,CSW24_hsp,6,6,30.571000,19.481000,-11.090000,15a ELD
942,CSW24_hsp,7,7,29.870000,18.030000,-11.840000,e11 FLEW
942,CSW24_hsp,8,8,28.380000,16.708000,-11.672000,k8 FLIP
942,CSW24_hsp,9,9,27.747000,16.481000,-11.266000,e2 WHIP
942,CSW24_hsp,10,10,27.644000,16.417000,-11.227000,e11 FEW
942,CSW24_hsp,11,12,26.702000,15.826000,-10.876000,15a ED
942,CSW24_hsp,12,11,26.870000,15.054000,-11.816000,k8 FLEW
942,CSW24_hsp,13,15,24.380000,12.888000,-11.492000,c12 FLIP
942,CSW24_hsp,14,18,23.258000,12.546000,-10.712000,f2 WOF
942,CSW24_hsp,15,13,24.644000,12.535000,-12.109000,b13 FEW
942,CSW24_hsp,16,19,23.101000,12.395000,-10.706000,f2 WOP
942,CSW24_hsp,17,16,23.717000,11.900000,-11.817000,e11 FELID
942,CSW24_hsp,18,17,23.717000,11.785000,-11.932000,e11 FLIED
942,CSW24_hsp,19,14,24.556000,11.728000,-12.828000,o11 PEW
942,CSW24_hsp,20,21,23.026000,11.685000,-11.341000,e2 WHELP
942,CSW24_hsp,21,24,22.441000,11.625000,-10.816000,11c WIFED
942,CSW24_hsp,22,20,23.099000,11.611000,-11.488000,2e EW
942,CSW24_hsp,23,22,23.026000,11.428000,-11.598000,k8 PLEW
942,CSW24_hsp,24,25,22.134000,11.313000,-10.821000,15a EL
942,CSW24_hsp,25,23,22.870000,10.910000,-11.960000,c12 FLEW
160,CSW24_hsp,1,1,44.180000,36.548000,-7.632000,14b JERID
160,CSW24_hsp,2,2,42.180000,34.966000,-7.214000,6b JIRD
160,CSW24_hsp,3,3,38.057000,30.580000,-7.477000,14b JEDI
160,CSW24_hsp,4,4,36.853000,28.260000,-8.593000,14b JERIDS
160,CSW24_hsp,5,6,35.180000,27.780000,-7.400000,d12 DID
160,CSW24_hsp,6,5,35.235000,27.680000,-7.555000,12b JIRD
160,CSW24_hsp,7,8,33.180000,26.415000,-6.765000,9g RAJ
160,CSW24_hsp,8,7,33.705000,25.593000,-8.112000,14b JEDIS
160,CSW24_hsp,9,10,30.820000,23.666000,-7.154000,9f DRAD
160,CSW24_hsp,10,9,31.191000,22.908000,-8.283000,14b REDID
160,CSW24_hsp,11,11,30.278000,22.887000,-7.391000,d12 DAD
160,CSW24_hsp,12,12,29.689000,22.361000,-7.328000,d10 RID
160,CSW24_hsp,13,13,29.146000,21.789000,-7.357000,d12 DARI
160,CSW24_hsp,14,16,27.211000,19.893000,-7.318000,d10 RAD
160,CSW24_hsp,15,14,28.080000,19.221000,-8.859000,6i AJI
160,CSW24_hsp,16,18,26.146000,19.019000,-7.127000,9f DARI
160,CSW24_hsp,17,15,27.820000,18.947000,-8.873000,14b READD
160,CSW24_hsp,18,19,26.069000,18.785000,-7.284000,d12 DADS
160,CSW24_hsp,19,20,25.858000,18.371000,-7.487000,d12 DI
160,CSW24_hsp,20,22,25.278000,18.165000,-7.113000,d10 SADI
160,CSW24_hsp,21,23,25.278000,18.092000,-7.186000,d10 SIDA
160,CSW24_hsp,22,17,27.057000,17.869000,-9.188000,h6 JERID
160,CSW24_hsp,23,21,25.399000,17.747000,-7.652000,12b JIRDS
160,CSW24_hsp,24,24,24.478000,17.308000,-7.170000,6b JARS
160,CSW24_hsp,25,26,23.350000,16.030000,-7.320000,d12 SARD
562,CSW24_hsp,1,1,74.000000,63.210000,-10.790000,j2 ENROOTS
562,CSW24_hsp,2,4,62.000000,51.259000,-10.741000,f3 NORTENOS
562,CSW24_hsp,3,5,59.000000,47.231000,-11.769000,h7 OUTSNORE
562,CSW24_hsp,4,2,66.000000,46.903000,-19.097000,14e ENROOTS
562,CSW24_hsp,5,3,64.000000,44.716000,-19.284000,9i ENROOTS
562,CSW24_hsp,6,11,39.197000,32.391000,-6.806000,e11 OOF
562,CSW24_hsp,7,6,42.543000,31.673000,-10.870000,14b ON
562,CSW24_hsp,8,7,40.780000,31.302000,-9.478000,14b ONSET
562,CSW24_hsp,9,14,38.137000,31.301000,-6.836000,e11 ORF
562,CSW24_hsp,10,12,38.667000,31.219000,-7.448000,9g ONO
562,CSW24_hsp,11,10,40.024000,30.185000,-9.839000,b13 HO
562,CSW24_hsp,12,16,37.024000,29.289000,-7.735000,12d OO
562,CSW24_hsp,13,20,36.543000,29.213000,-7.330000,12c NOO
562,CSW24_hsp,14,9,40.543000,29.184000,-11.359000,14a NO
562,CSW24_hsp,15,19,36.543000,28.887000,-7.656000,12b ONO
562,CSW24_hsp,16,18,36.543000,28.616000,-7.927000,9h NO
562,CSW24_hsp,17,17,36.543000,28.598000,-7.945000,7h NO
562,CSW24_hsp,18,35,34.667000,27.841000,-6.826000,9f OON
562,CSW24_hsp,19,24,35.543000,27.069000,-8.474000,9g ON
562,CSW24_hsp,20,42,34.024000,26.884000,-7.140000,11d LO
562,CSW24_hsp,21,39,34.543000,26.425000,-8.118000,12d OON
562,CSW24_hsp,22,38,34.543000,26.367000,-8.176000,12a NO
562,CSW24_hsp,23,46,33.543000,26.136000,-7.407000,9d ONO
562,CSW24_hsp,24,32,35.024000,26.016000,-9.008000,i8 PO
562,CSW24_hsp,25,13,38.543000,26.010000,-12.533000,b13 HON
244,CSW24_hsp,1,1,83.000000,79.743000,-3.257000,k2 INCASED
244,CSW24_hsp,2,2,44.014000,41.801000,-2.213000,10b CIDES
244,CSW24_hsp,3,3,43.683000,41.266000,-2.417000,10b CADES
244,CSW24_hsp,4,4,41.853000,39.594000,-2.259000,10b CINES
244,CSW24_hsp,5,5,40.394000,37.911000,-2.483000,10b CANES
244,CSW24_hsp,6,6,39.336000,36.769000,-2.567000,10b DINES
244,CSW24_hsp,7,8,38.852000,36.722000,-2.130000,10d EDS
244,CSW24_hsp,8,10,38.031000,36.117000,-1.914000,i5 CUD
244,CSW24_hsp,9,9,38.336000,35.625000,-2.711000,10b NIDES
244,CSW24_hsp,10,14,36.780000,34.720000,-2.060000,10d DESI
244,CSW24_hsp,11,7,39.110000,34.350000,-4.760000,c9 DECANI
244,CSW24_hsp,12,20,36.394000,34.311000,-2.083000,10b ACNES
244,CSW24_hsp,13,13,36.780000,34.039000,-2.741000,10c IDES
244,CSW24_hsp,14,17,36.462000,33.746000,-2.716000,10b AIDES
244,CSW24_hsp,15,22,35.134000,33.384000,-1.750000,i6 UDS
244,CSW24_hsp,16,19,36.413000,33.249000,-3.164000,10b CADE
244,CSW24_hsp,17,12,36.793000,33.197000,-3.596000,f6 JAGGED
244,CSW24_hsp,18,18,36.443000,33.045000,-3.398000,e7 BINDI
244,CSW24_hsp,19,15,36.555000,32.758000,-3.797000,c9 DANCE
244,CSW24_hsp,20,21,35.462000,32.597000,-2.865000,10b CIDE
244,CSW24_hsp,21,23,35.132000,32.228000,-2.904000,f6 JAGGS
244,CSW24_hsp,22,16,36.555000,32.218000,-4.337000,c9 DECAN
244,CSW24_hsp,23,24,35.117000,31.900000,-3.217000,10b CAD
244,CSW24_hsp,24,30,34.311000,31.858000,-2.453000,h5 CREE
244,CSW24_hsp,25,27,34.523000,31.670000,-2.853000,10c ANDS
1111,CSW24_hsp,1,1,46.347000,41.581000,-4.766000,c9 AIA
1111,CSW24_hsp,2,2,45.437000,41.191000,-4.246000,14b DARI
1111,CSW24_hsp,3,3,45.347000,40.226000,-5.121000,f11 AIA
1111,CSW24_hsp,4,4,44.094000,39.146000,-4.948000,c10 AI
1111,CSW24_hsp,5,5,44.094000,38.900000,-5.194000,f11 AI
1111,CSW24_hsp,6,6,43.450000,38.589000,-4.861000,f11 AIDA
1111,CSW24_hsp,7,10,42.347000,37.756000,-4.591000,13c ARIA
1111,CSW24_hsp,8,9,43.094000,37.509000,-5.585000,11d CHIA
1111,CSW24_hsp,9,8,43.094000,37.334000,-5.760000,11d CHAI
1111,CSW24_hsp,10,12,42.235000,37.290000,-4.945000,f11 IDEA
1111,CSW24_hsp,11,11,42.235000,37.278000,-4.957000,f11 AIDE
1111,CSW24_hsp,12,7,43.347000,36.432000,-6.915000,14c ARIA
1111,CSW24_hsp,13,16,40.094000,35.921000,-4.173000,13b AIR
1111,CSW24_hsp,14,13,41.235000,35.245000,-5.990000,13c IRADE
1111,CSW24_hsp,15,20,39.216000,34.702000,-4.514000,13c ARIE
1111,CSW24_hsp,16,19,39.235000,34.331000,-4.904000,13b AIRED
1111,CSW24_hsp,17,26,37.903000,33.806000,-4.097000,9d AUA
1111,CSW24_hsp,18,15,40.216000,33.447000,-6.769000,14c ARIE
1111,CSW24_hsp,19,32,36.437000,33.371000,-3.066000,13b DARI
1111,CSW24_hsp,20,23,38.437000,33.132000,-5.305000,f11 AID
1111,CSW24_hsp,21,24,38.437000,32.725000,-5.712000,14c ARID
1111,CSW24_hsp,22,27,37.235000,32.528000,-4.707000,10e CADIE
1111,CSW24_hsp,23,21,39.094000,32.524000,-6.570000,14d RAI
1111,CSW24_hsp,24,18,39.347000,32.503000,-6.844000,13d RAIA
1111,CSW24_hsp,25,22,39.094000,32.321000,-6.773000,14d RIA
304,CSW24_hsp,1,1,23.705000,15.824000,-7.881000,j6 VOEMA
304,CSW24_hsp,2,2,21.580000,15.090000,-6.490000,e3 ARVO
304,CSW24_hsp,3,3,21.447000,15.034000,-6.413000,e4 AVO
304,CSW24_hsp,4,4,21.447000,14.961000,-6.486000,e4 OVA
304,CSW24_hsp,5,5,20.988000,13.442000,-7.546000,j6 VAE
304,CSW24_hsp,6,6,19.448000,12.439000,-7.009000,e3 VARA
304,CSW24_hsp,7,8,18.447000,12.143000,-6.304000,e10 OVA
304,CSW24_hsp,8,7,18.527000,11.936000,-6.591000,e4 AVA
304,CSW24_hsp,9,18,16.427000,10.474000,-5.953000,9f HARAM
304,CSW24_hsp,10,20,16.197000,10.360000,-5.837000,9f HOMA
304,CSW24_hsp,11,15,17.409000,9.817000,-7.592000,j6 VOE
304,CSW24_hsp,12,11,17.447000,9.394000,-8.053000,7b AVO
304,CSW24_hsp,13,12,17.447000,9.315000,-8.132000,7b OVA
304,CSW24_hsp,14,13,17.447000,9.258000,-8.189000,9b AVO
304,CSW24_hsp,15,14,17.447000,9.169000,-8.278000,9b OVA
304,CSW24_hsp,16,23,15.580000,8.855000,-6.725000,g3 ARVO
304,CSW24_hsp,17,9,17.496000,8.448000,-9.048000,k8 DAMAR
304,CSW24_hsp,18,21,15.988000,8.417000,-7.571000,6d VAW
304,CSW24_hsp,19,26,15.447000,8.264000,-7.183000,g4 AVO
304,CSW24_hsp,20,19,16.258000,8.195000,-8.063000,j4 AMOVED
304,CSW24_hsp,21,10,17.496000,7.925000,-9.571000,k8 DRAMA
304,CSW24_hsp,22,41,13.547000,7.839000,-5.708000,9h MAD
304,CSW24_hsp,23,40,13.547000,7.721000,-5.826000,7h MAD
304,CSW24_hsp,24,31,14.736000,7.657000,-7.079000,j7 DEVA
304,CSW24_hsp,25,22,15.705000,7.477000,-8.228000,j4 AMOVE
159,CSW24_hsp,1,1,62.000000,55.467000,-6.533000,12h ASPIRANT
159,CSW24_hsp,2,4,43.535000,41.101000,-2.434000,o7 BAP
159,CSW24_hsp,3,2,46.535000,40.975000,-5.560000,6n PA
159,CSW24_hsp,4,3,45.535000,40.736000,-4.799000,a7 PA
159,CSW24_hsp,5,5,42.908000,37.466000,-5.442000,4j PEH
159,CSW24_hsp,6,9,38.813000,35.484000,-3.329000,o7 BA
159,CSW24_hsp,7,11,38.104000,35.392000,-2.712000,8n TA
159,CSW24_hsp,8,6,40.535000,34.981000,-5.554000,k11 PA
159,CSW24_hsp,9,12,38.067000,34.491000,-3.576000,12c ISTANA
159,CSW24_hsp,10,7,39.535000,33.825000,-5.710000,5i PAV
159,CSW24_hsp,11,15,36.429000,33.674000,-2.755000,8n NA
159,CSW24_hsp,12,8,38.908000,33.107000,-5.801000,a10 PREFIX
159,CSW24_hsp,13,10,38.535000,32.802000,-5.733000,k10 PA
159,CSW24_hsp,14,17,35.143000,32.577000,-2.566000,8n AI
159,CSW24_hsp,15,13,36.787000,31.988000,-4.799000,a7 PI
159,CSW24_hsp,16,16,36.014000,31.889000,-4.125000,12d STIPA
159,CSW24_hsp,17,20,34.355000,31.740000,-2.615000,8n AA
159,CSW24_hsp,18,33,33.104000,30.211000,-2.893000,o7 BAT
159,CSW24_hsp,19,14,36.535000,30.186000,-6.349000,2l PA
159,CSW24_hsp,20,21,33.942000,29.497000,-4.445000,1a TAFIA
159,CSW24_hsp,21,19,34.651000,29.410000,-5.241000,k11 PAIN
159,CSW24_hsp,22,23,33.935000,28.878000,-5.057000,k10 PAAN
159,CSW24_hsp,23,24,33.935000,28.763000,-5.172000,k11 PAAN
159,CSW24_hsp,24,43,31.429000,28.500000,-2.929000,o7 BAN
159,CSW24_hsp,25,44,31.222000,28.363000,-2.859000,o7 BANI
262,CSW24_hsp,1,1,33.552000,27.933000,-5.619000,j2 VOG
262,CSW24_hsp,2,2,26.702000,20.914000,-5.788000,j2 HOG
262,CSW24_hsp,3,3,14.744000,8.708000,-6.036000,j1 RHO
262,CSW24_hsp,4,4,13.517000,6.463000,-7.054000,j2 HO
262,CSW24_hsp,5,5,12.917000,5.715000,-7.202000,d7 HAVIOR
262,CSW24_hsp,6,6,10.092000,3.326000,-6.766000,d4 VIRGA
262,CSW24_hsp,7,7,8.702000,2.117000,-6.585000,e10 HOG
262,CSW24_hsp,8,8,7.517000,1.224000,-6.293000,j1 OH
262,CSW24_hsp,9,9,7.312000,1.056000,-6.256000,e10 RIVO
262,CSW24_hsp,10,10,7.000000,0.536000,-6.464000,1e VIVA
262,CSW24_hsp,11,11,7.000000,-0.151000,-7.151000,d5 VIVA
262,CSW24_hsp,12,14,4.999000,-1.358000,-6.357000,2h NAV
262,CSW24_hsp,13,13,5.092000,-1.383000,-6.475000,1d VIRGA
262,CSW24_hsp,14,12,5.479000,-1.557000,-7.036000,d7 VAV
262,CSW24_hsp,15,16,3.999000,-2.448000,-6.447000,3g VOW
262,CSW24_hsp,16,15,4.602000,-2.524000,-7.126000,9b VIG
262,CSW24_hsp,17,18,3.473000,-2.966000,-6.439000,2f VINA
262,CSW24_hsp,18,17,3.552000,-3.679000,-7.231000,9b VOG
262,CSW24_hsp,19,19,2.400000,-4.414000,-6.814000,j2 GO
262,CSW24_hsp,20,20,2.312000,-5.078000,-7.390000,j5 RIVO
262,CSW24_hsp,21,22,1.602000,-5.093000,-6.695000,1e VIGA
262,CSW24_hsp,22,21,1.946000,-5.146000,-7.092000,d5 VIRAGO
262,CSW24_hsp,23,24,1.602000,-5.347000,-6.949000,d7 VAGI
262,CSW24_hsp,24,23,1.602000,-5.617000,-7.219000,d5 VIGA
262,CSW24_hsp,25,25,1.459000,-5.626000,-7.085000,ex GIVV
828,CSW24_hsp,1,1,30.506000,26.282000,-4.224000,a11 ALLOW
828,CSW24_hsp,2,2,23.849000,19.731000,-4.118000,2m LOW
828,CSW24_hsp,3,3,22.127000,17.829000,-4.298000,c1 GROW
828,CSW24_hsp,4,5,21.497000,17.760000,-3.737000,2l AWOL
828,CSW24_hsp,5,4,21.497000,17.644000,-3.853000,2l ALOW
828,CSW24_hsp,6,6,19.705000,15.541000,-4.164000,2m LAW
828,CSW24_hsp,7,8,17.849000,13.595000,-4.254000,3m OWL
828,CSW24_hsp,8,7,17.849000,13.190000,-4.659000,3a WOLD
828,CSW24_hsp,9,10,17.504000,12.948000,-4.556000,a11 ATOLL
828,CSW24_hsp,10,9,17.504000,12.740000,-4.764000,a11 ALLOT
828,CSW24_hsp,11,13,15.281000,11.654000,-3.627000,2k TOLAR
828,CSW24_hsp,12,15,15.145000,11.185000,-3.960000,2m WOT
828,CSW24_hsp,13,14,15.145000,11.155000,-3.990000,2m TOW
828,CSW24_hsp,14,11,15.849000,10.937000,-4.912000,6j JOWL
828,CSW24_hsp,15,16,15.127000,10.903000,-4.224000,2m ROW
828,CSW24_hsp,16,19,14.300000,10.347000,-3.953000,2l AROW
828,CSW24_hsp,17,17,14.594000,9.989000,-4.605000,m1 aWLS
828,CSW24_hsp,18,22,13.705000,9.444000,-4.261000,3m AWL
828,CSW24_hsp,19,21,13.705000,9.272000,-4.433000,3b AWDL
828,CSW24_hsp,20,23,13.497000,9.102000,-4.395000,3a WALDO
828,CSW24_hsp,21,20,13.705000,9.045000,-4.660000,3a WALD
828,CSW24_hsp,22,26,12.882000,8.873000,-4.009000,2m WAT
828,CSW24_hsp,23,25,12.882000,8.840000,-4.042000,2m TAW
828,CSW24_hsp,24,18,14.506000,8.455000,-6.051000,m4 SALLOW
828,CSW24_hsp,25,12,15.849000,7.736000,-8.113000,b13 OWL
515,CSW24_hsp,1,3,70.000000,52.830000,-17.170000,m7 RATTLINE
515,CSW24_hsp,2,2,70.000000,52.015000,-17.985000,3a NITRATED
515,CSW24_hsp,3,1,70.000000,51.665000,-18.335000,2g INTRANET
515,CSW24_hsp,4,5,68.000000,51.060000,-16.940000,k4 TREATING
515,CSW24_hsp,5,4,68.000000,50.983000,-17.017000,k4 ARETTING
515,CSW24_hsp,6,7,62.000000,50.156000,-11.844000,j6 INTRANET
515,CSW24_hsp,7,8,59.000000,45.916000,-13.084000,1c TAINTURE
515,CSW24_hsp,8,6,62.000000,43.944000,-18.056000,2c INTRANET
515,CSW24_hsp,9,10,31.618000,18.576000,-13.042000,g10 FET
515,CSW24_hsp,10,9,31.878000,16.604000,-15.274000,h11 VITTA
515,CSW24_hsp,11,11,28.423000,16.113000,-12.310000,d10 CAT
515,CSW24_hsp,12,17,27.618000,15.916000,-11.702000,5e ET
515,CSW24_hsp,13,24,26.423000,15.853000,-10.570000,f5 TA
515,CSW24_hsp,14,22,27.618000,15.546000,-12.072000,l11 eT
515,CSW24_hsp,15,12,27.654000,15.228000,-12.426000,d10 CIT
515,CSW24_hsp,16,18,27.618000,15.176000,-12.442000,6g TE
515,CSW24_hsp,17,13,27.618000,15.158000,-12.460000,1h UT
515,CSW24_hsp,18,14,27.618000,15.011000,-12.607000,4g TE
515,CSW24_hsp,19,25,26.423000,14.995000,-11.428000,g6 TAG
515,CSW24_hsp,20,20,27.618000,14.808000,-12.810000,i10 TA
515,CSW24_hsp,21,15,27.618000,14.784000,-12.834000,4h ET
515,CSW24_hsp,22,19,27.618000,14.722000,-12.896000,6h ET
515,CSW24_hsp,23,21,27.618000,14.709000,-12.909000,i11 AT
515,CSW24_hsp,24,16,27.618000,14.604000,-13.014000,5d TE
515,CSW24_hsp,25,27,26.423000,14.268000,-12.155000,10i TA
1004,CSW24_hsp,1,1,24.158000,15.293000,-8.865000,f4 DORYMEN
1004,CSW24_hsp,2,5,14.950000,7.588000,-7.362000,f4 MORN
1004,CSW24_hsp,3,3,16.444000,6.917000,-9.527000,f8 DEXY
1004,CSW24_hsp,4,6,14.950000,6.616000,-8.334000,f4 NORM
1004,CSW24_hsp,5,4,16.113000,6.508000,-9.605000,f8 REX
1004,CSW24_hsp,6,2,16.535000,6.024000,-10.511000,4c NYM
1004,CSW24_hsp,7,7,14.774000,5.208000,-9.566000,f8 DEX
1004,CSW24_hsp,8,8,13.333000,4.008000,-9.325000,n2 MY
1004,CSW24_hsp,9,9,12.942000,2.894000,-10.048000,f8 NEMN
1004,CSW24_hsp,10,11,11.031000,2.697000,-8.334000,f4 DORM
1004,CSW24_hsp,11,14,10.631000,0.558000,-10.073000,f8 NERDY
1004,CSW24_hsp,12,13,10.631000,0.523000,-10.108000,f8 DERNY
1004,CSW24_hsp,13,10,11.350000,0.411000,-10.939000,n2 NY
1004,CSW24_hsp,14,16,9.840000,0.340000,-9.500000,f8 YEX
1004,CSW24_hsp,15,15,10.630000,0.295000,-10.335000,f9 EX
1004,CSW24_hsp,16,18,9.535000,-0.073000,-9.608000,j2 MYNA
1004,CSW24_hsp,17,40,6.602000,-0.767000,-7.369000,f4 DORY
1004,CSW24_hsp,18,19,9.252000,-0.977000,-10.229000,f8 MEND
1004,CSW24_hsp,19,17,9.767000,-1.047000,-10.814000,j7 BANDY
1004,CSW24_hsp,20,12,10.767000,-1.072000,-11.839000,e9 TYND
1004,CSW24_hsp,21,21,8.698000,-1.161000,-9.859000,f4 NOR
1004,CSW24_hsp,22,20,9.092000,-1.163000,-10.255000,f2 MYXO
1004,CSW24_hsp,23,23,8.676000,-1.462000,-10.138000,f8 NERD
1004,CSW24_hsp,24,22,8.676000,-1.486000,-10.162000,f8 DERN
1004,CSW24_hsp,25,24,8.676000,-1.545000,-10.221000,f8 REND
1099,CSW24_hsp,1,2,30.323000,23.614000,-6.709000,j6 BEAKY
1099,CSW24_hsp,2,1,31.877000,23.074000,-8.803000,k3 EYEBANK
1099,CSW24_hsp,3,3,27.373000,20.521000,-6.852000,k8 NEBECK
1099,CSW24_hsp,4,4,25.086000,19.752000,-5.334000,7g BEAK
1099,CSW24_hsp,5,5,24.167000,16.705000,-7.462000,k5 BEANY
1099,CSW24_hsp,6,16,20.539000,16.558000,-3.981000,7i EYE
1099,CSW24_hsp,7,17,20.539000,15.932000,-4.607000,9i EYE
1099,CSW24_hsp,8,9,22.153000,15.480000,-6.673000,j8 ABYE
1099,CSW24_hsp,9,8,22.323000,15.135000,-7.188000,9e BYKE
1099,CSW24_hsp,10,6,22.638000,15.122000,-7.516000,k8 NEBEK
1099,CSW24_hsp,11,18,20.331000,15.014000,-5.317000,k8 NECK
1099,CSW24_hsp,12,14,20.683000,14.930000,-5.753000,j6 ABACK
1099,CSW24_hsp,13,24,19.646000,14.905000,-4.741000,7i AYE
1099,CSW24_hsp,14,12,21.183000,14.831000,-6.352000,k5 BACNE
1099,CSW24_hsp,15,10,22.086000,14.599000,-7.487000,k4 BAKEN
1099,CSW24_hsp,16,7,22.323000,14.531000,-7.792000,7e BYKE
1099,CSW24_hsp,17,20,20.038000,14.339000,-5.699000,j7 YACKA
1099,CSW24_hsp,18,15,20.594000,14.322000,-6.272000,j6 YEA
1099,CSW24_hsp,19,19,20.311000,14.149000,-6.162000,j8 ACKEE
1099,CSW24_hsp,20,43,18.646000,13.809000,-4.837000,7g YAE
1099,CSW24_hsp,21,39,18.747000,13.649000,-5.098000,7g BEE
1099,CSW24_hsp,22,44,18.646000,13.544000,-5.102000,7g YEA
1099,CSW24_hsp,23,41,18.664000,13.487000,-5.177000,7g BAE
1099,CSW24_hsp,24,52,18.078000,13.331000,-4.747000,j7 YACK
1099,CSW24_hsp,25,40,18.747000,13.076000,-5.671000,9g BEE
1112,CSW24_hsp,1,2,23.332000,18.443000,-4.889000,14g VINO
1112,CSW24_hsp,2,1,26.625000,18.029000,-8.596000,l1 BROOD
1112,CSW24_hsp,3,3,22.332000,16.848000,-5.484000,4c VINO
1112,CSW24_hsp,4,4,20.579000,15.399000,-5.180000,14j OBO
1112,CSW24_hsp,5,6,18.938000,13.746000,-5.192000,14i NOB
1112,CSW24_hsp,6,5,18.938000,13.614000,-5.324000,14i BON
1112,CSW24_hsp,7,7,18.579000,13.300000,-5.279000,14i BOO
1112,CSW24_hsp,8,8,17.511000,12.225000,-5.286000,l2 BROD
1112,CSW24_hsp,9,9,17.511000,12.154000,-5.357000,14i BOR
1112,CSW24_hsp,10,10,16.891000,11.682000,-5.209000,l3 BOD
1112,CSW24_hsp,11,14,15.891000,10.505000,-5.386000,14j OB
1112,CSW24_hsp,12,13,15.891000,10.469000,-5.422000,14i BO
1112,CSW24_hsp,13,17,15.577000,10.117000,-5.460000,j13 VOX
1112,CSW24_hsp,14,12,16.332000,10.001000,-6.331000,4b VINO
1112,CSW24_hsp,15,16,15.579000,9.973000,-5.606000,4d OBO
1112,CSW24_hsp,16,15,15.625000,9.693000,-5.932000,4c BROO
1112,CSW24_hsp,17,18,15.332000,9.271000,-6.061000,k11 OVINE
1112,CSW24_hsp,18,19,13.988000,8.112000,-5.876000,4b RIVO
1112,CSW24_hsp,19,20,13.579000,8.095000,-5.484000,j3 BOkO
1112,CSW24_hsp,20,21,13.579000,7.843000,-5.736000,4d BOO
1112,CSW24_hsp,21,11,16.614000,7.112000,-9.502000,4a BORON
1112,CSW24_hsp,22,28,11.579000,6.639000,-4.940000,7g OBO
1112,CSW24_hsp,23,27,11.713000,6.414000,-5.299000,14j ONO
1112,CSW24_hsp,24,24,12.371000,6.350000,-6.021000,4b NOOB
1112,CSW24_hsp,25,31,10.995000,5.522000,-5.473000,4k WINO
1071,CSW24_hsp,1,1,97.179000,89.635000,-7.544000,a8 BOOGY
1071,CSW24_hsp,2,3,64.251000,56.656000,-7.595000,a8 BoOGY
1071,CSW24_hsp,3,2,67.437000,56.623000,-10.814000,a9 BOGY
1071,CSW24_hsp,4,4,63.251000,55.636000,-7.615000,a8 BOoGY
1071,CSW24_hsp,5,6,58.179000,48.671000,-9.508000,7i BOOGY
1071,CSW24_hsp,6,5,59.938000,48.433000,-11.505000,12a BUOY
1071,CSW24_hsp,7,10,53.711000,46.039000,-7.672000,a8 OlOGY
1071,CSW24_hsp,8,11,53.711000,46.036000,-7.675000,a8 bOOGY
1071,CSW24_hsp,9,7,54.564000,45.379000,-9.185000,a7 GOBO
1071,CSW24_hsp,10,15,52.691000,45.035000,-7.656000,a8 BOOfY
1071,CSW24_hsp,11,16,52.691000,45.032000,-7.659000,a8 BOOgY
1071,CSW24_hsp,12,8,54.437000,44.560000,-9.877000,7i BOGY
1071,CSW24_hsp,13,9,54.437000,44.514000,-9.923000,7i BOYG
1071,CSW24_hsp,14,13,53.184000,44.224000,-8.960000,a7 BOYO
1071,CSW24_hsp,15,18,51.711000,44.009000,-7.702000,a8 GOOfY
1071,CSW24_hsp,16,12,53.221000,43.815000,-9.406000,a8 YGO
1071,CSW24_hsp,17,14,53.015000,42.534000,-10.481000,2f BOG
1071,CSW24_hsp,18,17,52.437000,42.215000,-10.222000,k3 GLOBY
1071,CSW24_hsp,19,19,51.485000,41.353000,-10.132000,2f COG
1071,CSW24_hsp,20,20,50.015000,39.845000,-10.170000,7i BOG
1071,CSW24_hsp,21,22,49.565000,39.403000,-10.162000,k2 COLBY
1071,CSW24_hsp,22,28,46.273000,38.640000,-7.633000,a12 YeBO
1071,CSW24_hsp,23,26,47.685000,38.560000,-9.125000,a14 BY
1071,CSW24_hsp,24,23,48.485000,38.094000,-10.391000,7i COG
1071,CSW24_hsp,25,21,50.015000,37.695000,-12.320000,a9 BOG
1026,CSW24_hsp,1,1,89.000000,86.528000,-2.472000,a6 CAESURIC
1026,CSW24_hsp,2,2,74.000000,67.313000,-6.687000,14c SAUCIER
1026,CSW24_hsp,3,3,69.000000,61.960000,-7.040000,14d SAUCIER
1026,CSW24_hsp,4,4,42.539000,40.005000,-2.534000,a8 ERUCIC
1026,CSW24_hsp,5,5,42.539000,39.756000,-2.783000,a10 ERUCIC
1026,CSW24_hsp,6,7,35.169000,32.475000,-2.694000,a11 SUCCI
1026,CSW24_hsp,7,10,33.774000,31.223000,-2.551000,a10 SICCAR
1026,CSW24_hsp,8,6,35.788000,30.517000,-5.271000,3k ICE
1026,CSW24_hsp,9,13,33.170000,29.716000,-3.454000,a13 CUE
1026,CSW24_hsp,10,20,32.362000,29.659000,-2.703000,a10 CIRCUS
1026,CSW24_hsp,11,16,32.544000,29.606000,-2.938000,a12 ECRU
1026,CSW24_hsp,12,9,35.165000,29.268000,-5.897000,13m AT
1026,CSW24_hsp,13,8,35.165000,28.846000,-6.319000,10e AY
1026,CSW24_hsp,14,34,30.887000,28.205000,-2.682000,a9 CARICES
1026,CSW24_hsp,15,12,33.408000,27.500000,-5.908000,3h AI
1026,CSW24_hsp,16,11,33.408000,27.201000,-6.207000,m1 ANI
1026,CSW24_hsp,17,18,32.497000,27.110000,-5.387000,3k ACE
1026,CSW24_hsp,18,49,29.439000,26.936000,-2.503000,a8 CASEIC
1026,CSW24_hsp,19,14,33.165000,26.873000,-6.292000,m1 ANA
1026,CSW24_hsp,20,47,29.536000,26.779000,-2.757000,a10 CERCUS
1026,CSW24_hsp,21,17,32.536000,26.775000,-5.761000,3h AUA
1026,CSW24_hsp,22,48,29.536000,26.773000,-2.763000,a10 CRUCES
1026,CSW24_hsp,23,15,33.165000,26.660000,-6.505000,d11 PITA
1026,CSW24_hsp,24,19,32.408000,26.204000,-6.204000,1h DI
1026,CSW24_hsp,25,24,31.897000,26.146000,-5.751000,i6 CUD
751,CSW24_hsp,1,3,44.693000,38.566000,-6.127000,9f ILEX
751,CSW24_hsp,2,1,45.184000,38.104000,-7.080000,e10 EXUL
751,CSW24_hsp,3,2,45.184000,37.382000,-7.802000,e10 ULEX
751,CSW24_hsp,4,6,42.677000,36.136000,-6.541000,9e GI
751,CSW24_hsp,5,4,43.184000,35.169000,-8.015000,7h EXUL
751,CSW24_hsp,6,5,43.184000,34.900000,-8.284000,9h EXUL
751,CSW24_hsp,7,7,40.381000,34.123000,-6.258000,e10 UG
751,CSW24_hsp,8,8,39.663000,33.719000,-5.944000,7h EX
751,CSW24_hsp,9,10,39.663000,33.343000,-6.320000,e10 EX
751,CSW24_hsp,10,12,38.929000,33.092000,-5.837000,h6 CUDGEL
751,CSW24_hsp,11,9,39.663000,32.870000,-6.793000,9h EX
751,CSW24_hsp,12,11,39.227000,32.080000,-7.147000,10c GLUT
751,CSW24_hsp,13,14,37.381000,31.615000,-5.766000,h8 DUG
751,CSW24_hsp,14,15,37.089000,31.400000,-5.689000,9e GIE
751,CSW24_hsp,15,22,36.143000,30.398000,-5.745000,h8 DUX
751,CSW24_hsp,16,18,36.391000,30.340000,-6.051000,h4 GLUED
751,CSW24_hsp,17,21,36.381000,29.970000,-6.411000,10f TUG
751,CSW24_hsp,18,19,36.381000,29.911000,-6.470000,6f RUG
751,CSW24_hsp,19,13,37.391000,29.562000,-7.829000,10b GULET
751,CSW24_hsp,20,20,36.381000,29.327000,-7.054000,10d GUT
751,CSW24_hsp,21,24,35.391000,29.303000,-6.088000,h4 LUGED
751,CSW24_hsp,22,27,35.184000,29.083000,-6.101000,h4 LUXED
751,CSW24_hsp,23,30,35.143000,28.883000,-6.260000,10f TUX
751,CSW24_hsp,24,28,35.184000,27.848000,-7.336000,10b EXULT
751,CSW24_hsp,25,31,34.677000,27.631000,-7.046000,ex G
227,CSW24_hsp,1,1,24.484000,16.941000,-7.543000,g5 FRIB
227,CSW24_hsp,2,2,23.647000,16.318000,-7.329000,g6 FIB
227,CSW24_hsp,3,3,18.301000,11.108000,-7.193000,g6 RIB
227,CSW24_hsp,4,4,16.301000,9.618000,-6.683000,i5 RIBA
227,CSW24_hsp,5,7,12.072000,5.461000,-6.611000,a11 BI
227,CSW24_hsp,6,8,11.602000,5.321000,-6.281000,7i BON
227,CSW24_hsp,7,6,12.072000,4.859000,-7.213000,l4 BI
227,CSW24_hsp,8,5,12.382000,4.655000,-7.727000,10b ZIP
227,CSW24_hsp,9,9,11.301000,4.233000,-7.068000,e10 RIBA
227,CSW24_hsp,10,11,10.382000,3.761000,-6.621000,a11 PI
227,CSW24_hsp,11,13,9.982000,3.615000,-6.367000,a11 XI
227,CSW24_hsp,12,12,9.982000,3.221000,-6.761000,l4 XI
227,CSW24_hsp,13,15,8.997000,3.161000,-5.836000,7i FON
227,CSW24_hsp,14,10,10.382000,3.141000,-7.241000,l4 PI
227,CSW24_hsp,15,14,9.602000,2.782000,-6.820000,8g BOAKED
227,CSW24_hsp,16,17,8.382000,1.932000,-6.450000,i6 PIA
227,CSW24_hsp,17,16,8.419000,1.732000,-6.687000,d10 RIPp
227,CSW24_hsp,18,18,8.382000,1.424000,-6.958000,e11 PIA
227,CSW24_hsp,19,19,7.619000,0.466000,-7.153000,e10 IXIA
227,CSW24_hsp,20,20,6.517000,-0.199000,-6.716000,f12 RIPE
227,CSW24_hsp,21,24,6.382000,-0.455000,-6.837000,d11 PIp
227,CSW24_hsp,22,25,5.927000,-0.698000,-6.625000,f12 RIFE
227,CSW24_hsp,23,22,6.419000,-0.723000,-7.142000,5i RIPP
227,CSW24_hsp,24,21,6.419000,-0.823000,-7.242000,5h RIPP
227,CSW24_hsp,25,26,5.900000,-0.930000,-6.830000,e11 BRA
1090,CSW24_hsp,1,1,36.723000,31.788000,-4.935000,9e WENNY
1090,CSW24_hsp,2,2,35.979000,30.039000,-5.940000,7g WYN
1090,CSW24_hsp,3,4,31.211000,26.585000,-4.626000,9e YEW
1090,CSW24_hsp,4,5,30.729000,25.458000,-5.271000,9e NEW
1090,CSW24_hsp,5,3,32.465000,24.804000,-7.661000,7g WYNN
1090,CSW24_hsp,6,6,27.979000,21.460000,-6.519000,e8 AWNY
1090,CSW24_hsp,7,11,26.173000,21.092000,-5.081000,9e REW
1090,CSW24_hsp,8,10,26.401000,20.999000,-5.402000,9g WRY
1090,CSW24_hsp,9,9,26.401000,20.655000,-5.746000,7g WRY
1090,CSW24_hsp,10,16,24.729000,19.493000,-5.236000,9e WEN
1090,CSW24_hsp,11,8,26.723000,19.290000,-7.433000,9g WENNY
1090,CSW24_hsp,12,13,25.979000,18.658000,-7.321000,9h WYN
1090,CSW24_hsp,13,12,25.979000,18.561000,-7.418000,7h WYN
1090,CSW24_hsp,14,7,26.723000,18.554000,-8.169000,7g WENNY
1090,CSW24_hsp,15,22,22.266000,17.329000,-4.937000,9e YEN
1090,CSW24_hsp,16,14,25.927000,17.040000,-8.887000,f6 WIZEN
1090,CSW24_hsp,17,15,25.891000,16.901000,-8.990000,e7 YAWNIER
1090,CSW24_hsp,18,17,24.683000,16.671000,-8.012000,e7 YAWNER
1090,CSW24_hsp,19,31,21.211000,16.338000,-4.873000,9g WEY
1090,CSW24_hsp,20,36,20.729000,16.080000,-4.649000,9g WEN
1090,CSW24_hsp,21,18,23.512000,15.961000,-7.551000,e7 WANEY
1090,CSW24_hsp,22,30,21.211000,15.847000,-5.364000,7g YEW
1090,CSW24_hsp,23,28,21.211000,15.753000,-5.458000,7g WEY
1090,CSW24_hsp,24,27,21.271000,15.383000,-5.888000,9f EW
1090,CSW24_hsp,25,19,23.244000,15.263000,-7.981000,d4 WINERY
636,CSW24_hsp,1,3,60.107000,54.751000,-5.356000,13e KEF
636,CSW24_hsp,2,1,63.229000,54.623000,-8.606000,l1 FLUKE
636,CSW24_hsp,3,4,59.722000,54.209000,-5.513000,m13 UKE
636,CSW24_hsp,4,2,60.161000,53.044000,-7.117000,8j PILFER
636,CSW24_hsp,5,7,56.757000,51.249000,-5.508000,o8 FLU
636,CSW24_hsp,6,5,57.155000,51.008000,-6.147000,l4 FUR
636,CSW24_hsp,7,6,56.757000,50.164000,-6.593000,c7 FLU
636,CSW24_hsp,8,8,56.066000,49.169000,-6.897000,c7 KEF
636,CSW24_hsp,9,10,55.155000,48.590000,-6.565000,c7 FUR
636,CSW24_hsp,10,11,54.889000,48.544000,-6.345000,o7 LEKU
636,CSW24_hsp,11,12,54.155000,47.861000,-6.294000,c2 FUR
636,CSW24_hsp,12,9,55.395000,47.718000,-7.677000,l2 FLEUR
636,CSW24_hsp,13,14,53.230000,47.716000,-5.514000,m13 EKE
636,CSW24_hsp,14,13,54.017000,47.057000,-6.960000,c1 FURL
636,CSW24_hsp,15,16,52.757000,46.143000,-6.614000,c6 FLU
636,CSW24_hsp,16,19,51.582000,45.563000,-6.019000,m11 KUE
636,CSW24_hsp,17,15,53.229000,45.510000,-7.719000,m8 FLUKE
636,CSW24_hsp,18,17,52.183000,45.347000,-6.836000,8j PIKULs
636,CSW24_hsp,19,18,51.600000,45.279000,-6.321000,8j PIKUL
636,CSW24_hsp,20,21,50.776000,44.953000,-5.823000,9i KAT
636,CSW24_hsp,21,20,50.776000,44.824000,-5.952000,7c KET
636,CSW24_hsp,22,25,49.357000,44.069000,-5.288000,13f EF
636,CSW24_hsp,23,23,50.582000,43.851000,-6.731000,c7 KUE
636,CSW24_hsp,24,22,50.682000,43.612000,-7.070000,c1 FUEL
636,CSW24_hsp,25,24,49.757000,43.422000,-6.335000,l3 FLU
443,CSW24_hsp,1,1,80.000000,70.615000,-9.385000,14h EVECTION
443,CSW24_hsp,2,3,66.000000,59.744000,-6.256000,15d CONTRIVE
443,CSW24_hsp,3,2,67.000000,59.483000,-7.517000,14f EVECTION
443,CSW24_hsp,4,5,44.518000,41.290000,-3.228000,a9 CONVIVE
443,CSW24_hsp,5,4,44.518000,40.782000,-3.736000,a7 CONVIVE
443,CSW24_hsp,6,8,34.180000,31.658000,-2.522000,a12 VIVO
443,CSW24_hsp,7,6,35.462000,31.608000,-3.854000,a8 VOTIVE
443,CSW24_hsp,8,9,32.077000,29.495000,-2.582000,a12 VIVE
443,CSW24_hsp,9,7,34.655000,28.787000,-5.868000,4i CONI
443,CSW24_hsp,10,11,28.402000,23.120000,-5.282000,b10 OVONIC
443,CSW24_hsp,11,14,26.614000,23.007000,-3.607000,a10 COVENT
443,CSW24_hsp,12,10,28.655000,21.808000,-6.847000,n10 ZINCO
443,CSW24_hsp,13,13,27.259000,21.465000,-5.794000,4k TI
443,CSW24_hsp,14,12,27.877000,21.384000,-6.493000,c9 VIOLENT
443,CSW24_hsp,15,20,25.342000,20.670000,-4.672000,14f VOE
443,CSW24_hsp,16,22,24.035000,20.486000,-3.549000,a10 NOVICE
443,CSW24_hsp,17,21,24.035000,20.477000,-3.558000,a10 COVINE
443,CSW24_hsp,18,15,25.672000,20.426000,-5.246000,k5 COVE
443,CSW24_hsp,19,19,25.342000,20.274000,-5.068000,13f VOX
443,CSW24_hsp,20,18,25.342000,19.635000,-5.707000,j6 VOE
443,CSW24_hsp,21,17,25.462000,19.273000,-6.189000,c9 VIOLET
443,CSW24_hsp,22,26,23.643000,18.956000,-4.687000,14f VEE
443,CSW24_hsp,23,25,23.643000,18.524000,-5.119000,13f VEX
443,CSW24_hsp,24,29,23.055000,18.431000,-4.624000,14f VIE
443,CSW24_hsp,25,38,21.396000,18.362000,-3.034000,a11 EVICT
607,CSW24_hsp,1,1,27.683000,23.035000,-4.648000,2f VOX
607,CSW24_hsp,2,2,25.086000,20.054000,-5.032000,i8 LUV
607,CSW24_hsp,3,4,21.940000,17.028000,-4.912000,k4 REVUE
607,CSW24_hsp,4,5,21.940000,16.761000,-5.179000,k7 REVUE
607,CSW24_hsp,5,6,21.584000,16.559000,-5.025000,k8 ERUV
607,CSW24_hsp,6,3,22.200000,16.227000,-5.973000,7g UN
607,CSW24_hsp,7,7,19.200000,13.870000,-5.330000,ex U
607,CSW24_hsp,8,8,18.086000,12.756000,-5.330000,ex UV
607,CSW24_hsp,9,9,17.477000,12.624000,-4.853000,k5 GIVE
607,CSW24_hsp,10,10,17.162000,12.368000,-4.794000,k5 GIVEN
607,CSW24_hsp,11,16,16.887000,11.436000,-5.451000,k7 REEVING
607,CSW24_hsp,12,17,16.887000,11.226000,-5.661000,k7 REGIVEN
607,CSW24_hsp,13,20,16.366000,11.098000,-5.268000,l4 GIVED
607,CSW24_hsp,14,13,16.887000,11.057000,-5.830000,k3 REGIVEN
607,CSW24_hsp,15,15,16.887000,10.955000,-5.932000,k6 VEERING
607,CSW24_hsp,16,18,16.887000,10.904000,-5.983000,k7 VEERING
607,CSW24_hsp,17,14,16.887000,10.864000,-6.023000,k6 REEVING
607,CSW24_hsp,18,21,16.221000,10.737000,-5.484000,k8 ERUVIN
607,CSW24_hsp,19,19,16.715000,10.716000,-5.999000,4d VERBING
607,CSW24_hsp,20,25,15.599000,10.659000,-4.940000,k4 VEGIER
607,CSW24_hsp,21,32,14.857000,10.221000,-4.636000,k5 GIVER
607,CSW24_hsp,22,31,14.857000,10.153000,-4.704000,k4 VIRGE
607,CSW24_hsp,23,27,15.599000,10.120000,-5.479000,k7 REGIVE
607,CSW24_hsp,24,28,15.599000,10.065000,-5.534000,k7 VEGIER
607,CSW24_hsp,25,23,15.599000,9.972000,-5.627000,k3 GRIEVE
74,CSW24_hsp,1,1,33.095000,24.393000,-8.702000,5k WOVE
74,CSW24_hsp,2,2,22.713000,14.263000,-8.450000,5k GOV
74,CSW24_hsp,3,3,19.569000,10.407000,-9.162000,a8 VEGO
74,CSW24_hsp,4,4,18.990000,9.966000,-9.024000,5d COVINE
74,CSW24_hsp,5,5,18.215000,9.451000,-8.764000,5k WO
74,CSW24_hsp,6,8,17.303000,8.396000,-8.907000,5k WOE
74,CSW24_hsp,7,6,17.990000,8.185000,-9.805000,3c VOICED
74,CSW24_hsp,8,7,17.614000,8.182000,-9.432000,k1 COWAGE
74,CSW24_hsp,9,10,15.764000,6.711000,-9.053000,14a VOICE
74,CSW24_hsp,10,15,15.095000,6.577000,-8.518000,j2 WOLVE
74,CSW24_hsp,11,13,15.273000,6.494000,-8.779000,k3 WAIVE
74,CSW24_hsp,12,9,16.095000,6.449000,-9.646000,5d WOVEN
74,CSW24_hsp,13,14,15.246000,6.418000,-8.828000,k4 AVOW
74,CSW24_hsp,14,12,15.386000,5.672000,-9.714000,5e GWINE
74,CSW24_hsp,15,20,13.553000,4.783000,-8.770000,k3 WAVE
74,CSW24_hsp,16,18,13.888000,4.735000,-9.153000,5d COVIN
74,CSW24_hsp,17,16,14.262000,4.507000,-9.755000,j3 GLOW
74,CSW24_hsp,18,17,14.262000,4.135000,-10.127000,5e GOWN
74,CSW24_hsp,19,22,12.709000,4.087000,-8.622000,j2 WILCO
74,CSW24_hsp,20,19,13.625000,3.709000,-9.916000,k7 COVET
74,CSW24_hsp,21,11,15.398000,3.703000,-11.695000,14j YOGIC
74,CSW24_hsp,22,23,12.696000,3.603000,-9.093000,2f VIEW
74,CSW24_hsp,23,26,11.772000,3.380000,-8.392000,k3 VAW
74,CSW24_hsp,24,24,12.625000,3.354000,-9.271000,5d COVEN
74,CSW24_hsp,25,21,12.764000,3.054000,-9.710000,k7 CIVET
1033,CSW24_hsp,1,1,80.000000,70.220000,-9.780000,h1 SERAGLIO
1033,CSW24_hsp,2,3,77.000000,68.005000,-8.995000,k2 GRAILES
1033,CSW24_hsp,3,2,77.000000,67.986000,-9.014000,k2 GLAIRES
1033,CSW24_hsp,4,4,72.000000,61.956000,-10.044000,d5 GLACIERS
1033,CSW24_hsp,5,5,72.000000,61.689000,-10.311000,d5 GRACILES
1033,CSW24_hsp,6,6,65.000000,54.970000,-10.030000,j2 GASELIER
1033,CSW24_hsp,7,10,63.000000,52.598000,-10.402000,j5 GASELIER
1033,CSW24_hsp,8,12,63.000000,50.281000,-12.719000,g7 ENGRAILS
1033,CSW24_hsp,9,9,63.000000,50.122000,-12.878000,g2 SALERING
1033,CSW24_hsp,10,11,63.000000,50.064000,-12.936000,g6 SANGLIER
1033,CSW24_hsp,11,19,60.000000,50.058000,-9.942000,h5 GASOLIER
1033,CSW24_hsp,12,7,63.000000,50.025000,-12.975000,g2 LASERING
1033,CSW24_hsp,13,18,60.000000,49.828000,-10.172000,h3 GIRASOLE
1033,CSW24_hsp,14,8,63.000000,49.808000,-13.192000,g2 REALIGNS
1033,CSW24_hsp,15,16,62.000000,49.673000,-12.327000,g5 SLANGIER
1033,CSW24_hsp,16,15,62.000000,49.372000,-12.628000,g5 SIGNALER
1033,CSW24_hsp,17,14,62.000000,49.099000,-12.901000,g4 ALIGNERS
1033,CSW24_hsp,18,13,62.000000,43.265000,-18.735000,i1 SLAIRGED
1033,CSW24_hsp,19,17,61.000000,42.574000,-18.426000,g8 NARGILES
1033,CSW24_hsp,20,21,36.933000,31.603000,-5.330000,7f GILA
1033,CSW24_hsp,21,20,41.110000,30.548000,-10.562000,e5 GLARIER
1033,CSW24_hsp,22,23,34.110000,28.711000,-5.399000,7e AGILER
1033,CSW24_hsp,23,22,35.104000,28.399000,-6.705000,7h GI
1033,CSW24_hsp,24,26,32.439000,27.132000,-5.307000,7e AGILE
1033,CSW24_hsp,25,24,34.104000,27.089000,-7.015000,7f GI
1025,CSW24_hsp,1,1,11.428000,1.630000,-9.798000,g7 UNDUE
1025,CSW24_hsp,2,9,7.450000,-0.026000,-7.476000,6d NIDE
1025,CSW24_hsp,3,2,9.885000,-0.115000,-10.000000,h1 DIETINES
1025,CSW24_hsp,4,10,7.386000,-0.126000,-7.512000,7f DUE
1025,CSW24_hsp,5,3,8.912000,-0.655000,-9.567000,11d EMEU
1025,CSW24_hsp,6,8,7.715000,-0.868000,-8.583000,6g ENDUE
1025,CSW24_hsp,7,7,7.782000,-1.012000,-8.794000,ex EUU
1025,CSW24_hsp,8,5,7.912000,-1.852000,-9.764000,2b CUE
1025,CSW24_hsp,9,13,5.912000,-2.931000,-8.843000,h7 USE
1025,CSW24_hsp,10,6,7.820000,-3.078000,-10.898000,2b CUNEI
1025,CSW24_hsp,11,26,4.169000,-3.212000,-7.381000,7f DUI
1025,CSW24_hsp,12,14,5.912000,-3.274000,-9.186000,h8 SUE
1025,CSW24_hsp,13,18,5.399000,-3.395000,-8.794000,ex EIUU
1025,CSW24_hsp,14,17,5.715000,-3.673000,-9.388000,6h ENDUE
1025,CSW24_hsp,15,4,7.912000,-3.758000,-11.670000,2a ECU
1025,CSW24_hsp,16,11,6.917000,-3.984000,-10.901000,7h UNDUE
1025,CSW24_hsp,17,15,5.857000,-4.071000,-9.928000,g7 INDUE
1025,CSW24_hsp,18,21,4.578000,-4.216000,-8.794000,ex UU
1025,CSW24_hsp,19,16,5.820000,-4.310000,-10.130000,g7 ENNUI
1025,CSW24_hsp,20,25,4.342000,-4.431000,-8.773000,g7 UNI
1025,CSW24_hsp,21,24,4.353000,-4.441000,-8.794000,ex IUU
1025,CSW24_hsp,22,27,3.980000,-4.814000,-8.794000,ex EINUU
1025,CSW24_hsp,23,38,2.439000,-4.834000,-7.273000,6f DEEN
1025,CSW24_hsp,24,39,2.439000,-4.890000,-7.329000,6f DENE
1025,CSW24_hsp,25,23,4.386000,-5.019000,-9.405000,13a DUES
841,CSW24_hsp,1,3,23.048000,16.656000,-6.392000,7h AZO
841,CSW24_hsp,2,2,23.555000,15.513000,-8.042000,9i WOW
841,CSW24_hsp,3,1,23.555000,15.500000,-8.055000,7i WOW
841,CSW24_hsp,4,6,21.575000,14.281000,-7.294000,7i ZO
841,CSW24_hsp,5,11,18.841000,13.920000,-4.921000,7h OW
841,CSW24_hsp,6,12,18.841000,13.708000,-5.133000,9h OW
841,CSW24_hsp,7,8,20.228000,13.467000,-6.761000,7i ZA
841,CSW24_hsp,8,5,21.660000,13.390000,-8.270000,9i WAW
841,CSW24_hsp,9,4,21.660000,13.291000,-8.369000,7i WAW
841,CSW24_hsp,10,7,21.048000,12.331000,-8.717000,7i ZOA
841,CSW24_hsp,11,13,17.508000,12.327000,-5.181000,7h AW
841,CSW24_hsp,12,20,15.509000,11.263000,-4.246000,6d WIZ
841,CSW24_hsp,13,17,16.772000,10.949000,-5.823000,9i WUZ
841,CSW24_hsp,14,16,16.772000,10.421000,-6.351000,7i WUZ
841,CSW24_hsp,15,9,19.311000,10.265000,-9.046000,7i WAI
841,CSW24_hsp,16,22,14.306000,9.959000,-4.347000,6e IWI
841,CSW24_hsp,17,10,19.311000,9.589000,-9.722000,9i WAI
841,CSW24_hsp,18,19,15.628000,9.456000,-6.172000,f8 EWW
841,CSW24_hsp,19,18,16.235000,8.887000,-7.348000,5b WAUK
841,CSW24_hsp,20,15,16.841000,8.868000,-7.973000,9i WO
841,CSW24_hsp,21,21,14.841000,8.843000,-5.998000,d4 WO
841,CSW24_hsp,22,14,16.841000,8.632000,-8.209000,7i WO
841,CSW24_hsp,23,24,13.830000,7.308000,-6.522000,9i WIZ
841,CSW24_hsp,24,23,13.830000,6.817000,-7.013000,7i WIZ
841,CSW24_hsp,25,34,10.048000,5.696000,-4.352000,d4 ZOA
1153,CSW24_hsp,1,1,72.000000,59.185000,-12.815000,f1 OPHIDIAN
1153,CSW24_hsp,2,2,37.401000,27.833000,-9.568000,6f HIP
1153,CSW24_hsp,3,3,35.187000,25.656000,-9.531000,6f HID
1153,CSW24_hsp,4,4,32.401000,22.638000,-9.763000,6d HIP
1153,CSW24_hsp,5,5,32.014000,22.479000,-9.535000,6b HOP
1153,CSW24_hsp,6,6,30.434000,21.108000,-9.326000,6f HIND
1153,CSW24_hsp,7,8,30.257000,20.662000,-9.595000,6f HIN
1153,CSW24_hsp,8,7,30.281000,19.941000,-10.340000,6f HI
1153,CSW24_hsp,9,10,28.014000,18.558000,-9.456000,6b PHO
1153,CSW24_hsp,10,11,28.014000,18.488000,-9.526000,6b POH
1153,CSW24_hsp,11,9,28.014000,18.099000,-9.915000,6a PHO
1153,CSW24_hsp,12,12,27.364000,18.005000,-9.359000,6b HOD
1153,CSW24_hsp,13,13,26.187000,16.323000,-9.864000,6d HID
1153,CSW24_hsp,14,14,26.003000,16.287000,-9.716000,6d DIP
1153,CSW24_hsp,15,15,24.860000,15.068000,-9.792000,6f PIN
1153,CSW24_hsp,16,18,22.321000,14.205000,-8.116000,8a HOI
1153,CSW24_hsp,17,16,23.003000,13.282000,-9.721000,6f DIP
1153,CSW24_hsp,18,19,22.084000,12.567000,-9.517000,6b POD
1153,CSW24_hsp,19,25,20.572000,12.322000,-8.250000,8a POI
1153,CSW24_hsp,20,23,21.401000,11.827000,-9.574000,8b NIDI
1153,CSW24_hsp,21,17,22.362000,11.668000,-10.694000,6f PI
1153,CSW24_hsp,22,22,21.500000,11.591000,-9.909000,m1 EDH
1153,CSW24_hsp,23,26,20.500000,11.173000,-9.327000,6f DINO
1153,CSW24_hsp,24,24,21.057000,10.332000,-10.725000,6b HO
1153,CSW24_hsp,25,32,19.364000,9.751000,-9.613000,6b DOH
760,CSW24_hsp,1,1,29.599000,23.012000,-6.587000,4c JOVIAL
760,CSW24_hsp,2,2,23.970000,16.629000,-7.341000,b6 JOUAL
760,CSW24_hsp,3,4,19.776000,15.685000,-4.091000,g7 JEU
760,CSW24_hsp,4,3,22.569000,14.699000,-7.870000,b7 OUIJA
760,CSW24_hsp,5,5,18.506000,11.545000,-6.961000,4c UNVAIL
760,CSW24_hsp,6,6,17.322000,10.941000,-6.381000,f8 TAJ
760,CSW24_hsp,7,8,14.917000,10.935000,-3.982000,6e FUJI
760,CSW24_hsp,8,7,16.159000,8.528000,-7.631000,7g OUIJA
760,CSW24_hsp,9,11,13.213000,7.769000,-5.444000,c6 NINJA
760,CSW24_hsp,10,12,12.720000,7.345000,-5.375000,7a LOUND
760,CSW24_hsp,11,20,11.776000,6.997000,-4.779000,c6 JUN
760,CSW24_hsp,12,10,13.560000,6.955000,-6.605000,4c ULVA
760,CSW24_hsp,13,9,14.001000,6.481000,-7.520000,g4 JOULE
760,CSW24_hsp,14,40,9.506000,5.585000,-3.921000,6c INFULA
760,CSW24_hsp,15,28,10.776000,5.527000,-5.249000,h6 JUN
760,CSW24_hsp,16,15,12.233000,5.496000,-6.737000,7h AJI
760,CSW24_hsp,17,21,11.768000,5.489000,-6.279000,g7 JEON
760,CSW24_hsp,18,13,12.536000,5.480000,-7.056000,4d AVION
760,CSW24_hsp,19,16,12.233000,5.458000,-6.775000,9h AJI
760,CSW24_hsp,20,24,11.400000,5.309000,-6.091000,4c LUV
760,CSW24_hsp,21,26,11.263000,5.208000,-6.055000,f6 AITU
760,CSW24_hsp,22,30,10.560000,5.103000,-5.457000,9f ALU
760,CSW24_hsp,23,31,10.053000,5.102000,-4.951000,6e FOUL
760,CSW24_hsp,24,23,11.496000,5.092000,-6.404000,4c NIVAL
760,CSW24_hsp,25,27,11.053000,5.006000,-6.047000,9g LOU
705,CSW24_hsp,1,1,36.836000,25.874000,-10.962000,l1 TWAY
705,CSW24_hsp,2,3,31.904000,23.324000,-8.580000,l2 YAW
705,CSW24_hsp,3,2,31.904000,22.952000,-8.952000,l2 WAY
705,CSW24_hsp,4,4,31.418000,20.477000,-10.941000,l1 WAID
705,CSW24_hsp,5,6,27.381000,19.152000,-8.229000,l9 TINNY
705,CSW24_hsp,6,7,26.899000,18.678000,-8.221000,l9 TINY
705,CSW24_hsp,7,8,26.853000,18.448000,-8.405000,l2 DIYA
705,CSW24_hsp,8,9,26.733000,17.586000,-9.147000,l2 DAW
705,CSW24_hsp,9,11,25.406000,17.133000,-8.273000,l10 INDY
705,CSW24_hsp,10,5,27.967000,16.730000,-11.237000,l1 WAIT
705,CSW24_hsp,11,13,24.038000,15.398000,-8.640000,4k WYE
705,CSW24_hsp,12,16,23.432000,15.392000,-8.040000,4h DAWTIE
705,CSW24_hsp,13,12,24.143000,14.909000,-9.234000,l2 TAW
705,CSW24_hsp,14,10,26.127000,14.882000,-11.245000,l1 WAIN
705,CSW24_hsp,15,14,24.000000,14.710000,-9.290000,4j WYTE
705,CSW24_hsp,16,17,23.167000,13.945000,-9.222000,l2 NAW
705,CSW24_hsp,17,18,22.805000,13.842000,-8.963000,l2 DAY
705,CSW24_hsp,18,19,22.733000,13.336000,-9.397000,l2 WAD
705,CSW24_hsp,19,21,21.424000,13.050000,-8.374000,l3 AW
705,CSW24_hsp,20,20,22.295000,13.037000,-9.258000,l2 TAY
705,CSW24_hsp,21,15,23.813000,12.085000,-11.728000,l1 TWIN
705,CSW24_hsp,22,24,20.223000,11.479000,-8.744000,l9 TIND
705,CSW24_hsp,23,23,20.905000,11.393000,-9.512000,l2 WIT
705,CSW24_hsp,24,25,19.904000,10.633000,-9.271000,h4 YAW
705,CSW24_hsp,25,29,18.637000,10.417000,-8.220000,l4 YA
148,CSW24_hsp,1,1,29.553000,22.413000,-7.140000,k5 INDITER
148,CSW24_hsp,2,12,22.423000,19.349000,-3.074000,h7 DOB
148,CSW24_hsp,3,11,22.423000,19.339000,-3.084000,h7 BOD
148,CSW24_hsp,4,4,23.381000,19.156000,-4.225000,j6 BRO
148,CSW24_hsp,5,5,23.381000,19.144000,-4.237000,j8 ORB
148,CSW24_hsp,6,8,22.927000,19.120000,-3.807000,7k DIB
148,CSW24_hsp,7,9,22.927000,18.921000,-4.006000,9k DIB
148,CSW24_hsp,8,7,22.927000,18.612000,-4.315000,7k BID
148,CSW24_hsp,9,13,22.423000,18.249000,-4.174000,j7 BOD
148,CSW24_hsp,10,14,22.423000,18.249000,-4.174000,j7 DOB
148,CSW24_hsp,11,3,23.438000,18.084000,-5.354000,k7 BINDI
148,CSW24_hsp,12,16,22.423000,18.076000,-4.347000,k7 DIB
148,CSW24_hsp,13,2,23.438000,17.903000,-5.535000,k4 BINDI
148,CSW24_hsp,14,15,22.423000,17.860000,-4.563000,k7 BID
148,CSW24_hsp,15,25,20.827000,17.641000,-3.186000,h7 BO
148,CSW24_hsp,16,28,20.827000,17.476000,-3.351000,h8 OB
148,CSW24_hsp,17,6,23.284000,17.433000,-5.851000,j6 BIONT
148,CSW24_hsp,18,19,21.927000,17.178000,-4.749000,k5 BIDI
148,CSW24_hsp,19,23,21.301000,17.158000,-4.143000,9k NIB
148,CSW24_hsp,20,26,20.827000,17.151000,-3.676000,j7 BO
148,CSW24_hsp,21,27,20.827000,17.085000,-3.742000,k7 BI
148,CSW24_hsp,22,22,21.301000,16.935000,-4.366000,7k BIN
148,CSW24_hsp,23,24,21.278000,16.933000,-4.345000,7k BIT
148,CSW24_hsp,24,10,22.438000,16.883000,-5.555000,7k BIND
148,CSW24_hsp,25,18,22.284000,16.784000,-5.500000,k7 BINIT
625,CSW24_hsp,1,1,40.815000,30.392000,-10.423000,h10 REGROW
625,CSW24_hsp,2,7,29.257000,22.154000,-7.103000,a12 GROW
625,CSW24_hsp,3,2,32.137000,21.159000,-10.978000,c12 VOW
625,CSW24_hsp,4,3,31.705000,21.059000,-10.646000,h10 ROWERS
625,CSW24_hsp,5,4,31.388000,20.710000,-10.678000,h10 ROGUER
625,CSW24_hsp,6,6,29.357000,20.278000,-9.079000,6e OW
625,CSW24_hsp,7,9,28.137000,19.730000,-8.407000,6e OWO
625,CSW24_hsp,8,5,30.091000,19.309000,-10.782000,c12 VUG
625,CSW24_hsp,9,8,29.137000,18.798000,-10.339000,11j OW
625,CSW24_hsp,10,13,26.774000,17.723000,-9.051000,14b GROWS
625,CSW24_hsp,11,20,24.661000,17.645000,-7.016000,a12 GREW
625,CSW24_hsp,12,10,28.137000,17.462000,-10.675000,9c WOE
625,CSW24_hsp,13,12,27.091000,17.006000,-10.085000,11j UG
625,CSW24_hsp,14,14,26.466000,16.896000,-9.570000,13e WIG
625,CSW24_hsp,15,15,26.361000,15.885000,-10.476000,g5 GOWL
625,CSW24_hsp,16,11,27.137000,15.666000,-11.471000,13a OW
625,CSW24_hsp,17,17,25.439000,15.373000,-10.066000,h6 OUTGREW
625,CSW24_hsp,18,40,23.095000,15.092000,-8.003000,a9 GOUGERS
625,CSW24_hsp,19,16,26.137000,14.886000,-11.251000,d6 WO
625,CSW24_hsp,20,34,23.538000,14.501000,-9.037000,14b GREWS
625,CSW24_hsp,21,25,24.137000,14.256000,-9.881000,h10 ROW
625,CSW24_hsp,22,19,25.091000,14.148000,-10.943000,13a UG
625,CSW24_hsp,23,22,24.137000,13.718000,-10.419000,g6 OWL
625,CSW24_hsp,24,31,24.095000,13.555000,-10.540000,14b RUGOSE
625,CSW24_hsp,25,32,24.091000,13.189000,-10.902000,d6 GU
277,CSW24_hsp,1,1,36.572000,32.059000,-4.513000,9d GINK
277,CSW24_hsp,2,2,32.799000,27.400000,-5.399000,9d MINK
277,CSW24_hsp,3,3,29.748000,24.713000,-5.035000,9d DINK
277,CSW24_hsp,4,4,27.371000,22.776000,-4.595000,9e INK
277,CSW24_hsp,5,5,26.694000,19.661000,-7.033000,7f MIKED
277,CSW24_hsp,6,14,22.721000,19.224000,-3.497000,7f KID
277,CSW24_hsp,7,7,25.599000,19.006000,-6.593000,7f KIDGE
277,CSW24_hsp,8,8,24.520000,18.695000,-5.825000,f7 GINK
277,CSW24_hsp,9,11,23.373000,18.456000,-4.917000,g8 OK
277,CSW24_hsp,10,10,23.373000,18.406000,-4.967000,g7 KO
277,CSW24_hsp,11,23,21.047000,17.629000,-3.418000,7f MIG
277,CSW24_hsp,12,15,22.244000,16.902000,-5.342000,7f MIKE
277,CSW24_hsp,13,25,20.748000,16.554000,-4.194000,9f DINK
277,CSW24_hsp,14,9,24.282000,16.484000,-7.798000,g7 MOKE
277,CSW24_hsp,15,6,25.854000,16.480000,-9.374000,g3 KINGDOM
277,CSW24_hsp,16,12,23.309000,16.393000,-6.916000,e8 HIKED
277,CSW24_hsp,17,17,21.618000,16.151000,-5.467000,7d KED
277,CSW24_hsp,18,18,21.618000,15.912000,-5.706000,9d KED
277,CSW24_hsp,19,24,20.748000,15.713000,-5.035000,9d KIND
277,CSW24_hsp,20,13,22.980000,15.570000,-7.410000,f5 MIKING
277,CSW24_hsp,21,34,20.309000,15.262000,-5.047000,7f DIKE
277,CSW24_hsp,22,16,21.791000,14.990000,-6.801000,7f MIDGE
277,CSW24_hsp,23,22,21.303000,14.599000,-6.704000,g7 MOKI
277,CSW24_hsp,24,36,19.607000,14.088000,-5.519000,7d MED
277,CSW24_hsp,25,33,20.312000,14.061000,-6.251000,f7 MINK
276,CSW24_hsp,1,1,11.035000,7.321000,-3.714000,11c FANTAD
276,CSW24_hsp,2,2,10.944000,7.180000,-3.764000,e8 VANT
276,CSW24_hsp,3,4,10.274000,6.710000,-3.564000,11c DAFT
276,CSW24_hsp,4,3,10.315000,6.610000,-3.705000,11c VANT
276,CSW24_hsp,5,5,9.885000,6.319000,-3.566000,11c FAV
276,CSW24_hsp,6,6,8.944000,5.149000,-3.795000,11b AVANT
276,CSW24_hsp,7,7,8.944000,5.023000,-3.921000,11d AVANT
276,CSW24_hsp,8,8,8.640000,4.713000,-3.927000,e8 DAFT
276,CSW24_hsp,9,9,6.964000,3.305000,-3.659000,11c VANDA
276,CSW24_hsp,10,10,6.531000,2.787000,-3.744000,11c TAV
276,CSW24_hsp,11,11,6.531000,2.782000,-3.749000,11c VAT
276,CSW24_hsp,12,12,5.558000,2.128000,-3.430000,11c FAVA
276,CSW24_hsp,13,13,5.382000,1.790000,-3.592000,e9 VAT
276,CSW24_hsp,14,14,4.641000,0.847000,-3.794000,e8 FAND
276,CSW24_hsp,15,16,3.301000,-0.296000,-3.597000,11c FAND
276,CSW24_hsp,16,15,3.382000,-0.338000,-3.720000,11c TAVA
276,CSW24_hsp,17,19,2.796000,-0.965000,-3.761000,11c FAT
276,CSW24_hsp,18,20,2.796000,-1.049000,-3.845000,11d AFT
276,CSW24_hsp,19,17,3.078000,-2.029000,-5.107000,ex DFTV
276,CSW24_hsp,20,18,2.944000,-2.201000,-5.145000,c8 VANT
276,CSW24_hsp,21,21,2.218000,-2.889000,-5.107000,ex FTTV
276,CSW24_hsp,22,23,1.382000,-3.300000,-4.682000,c9 VAT
276,CSW24_hsp,23,27,0.245000,-3.356000,-3.601000,e9 VAN
276,CSW24_hsp,24,31,0.163000,-3.560000,-3.723000,11c NAV
276,CSW24_hsp,25,29,0.238000,-3.578000,-3.816000,e9 FAT
322,CSW24_hsp,1,1,35.388000,27.754000,-7.634000,9i YA
322,CSW24_hsp,2,5,30.715000,27.046000,-3.669000,7e YEAD
322,CSW24_hsp,3,3,31.388000,25.135000,-6.253000,f6 YAR
322,CSW24_hsp,4,4,31.388000,24.904000,-6.484000,f8 RAY
322,CSW24_hsp,5,2,32.178000,24.566000,-7.612000,f8 RAYA
322,CSW24_hsp,6,9,29.235000,24.432000,-4.803000,7e YAE
322,CSW24_hsp,7,16,28.355000,24.319000,-4.036000,7f AIDA
322,CSW24_hsp,8,10,29.235000,24.181000,-5.054000,7e YEA
322,CSW24_hsp,9,14,28.399000,23.740000,-4.659000,9f EASY
322,CSW24_hsp,10,8,29.388000,23.624000,-5.764000,7e YA
322,CSW24_hsp,11,19,27.059000,22.984000,-4.075000,7f AIDE
322,CSW24_hsp,12,15,28.388000,22.543000,-5.845000,i7 ANY
322,CSW24_hsp,13,6,30.235000,20.979000,-9.256000,9i YAE
322,CSW24_hsp,14,7,30.235000,20.841000,-9.394000,9i YEA
322,CSW24_hsp,15,11,28.715000,20.778000,-7.937000,f6 DERAY
322,CSW24_hsp,16,13,28.530000,20.394000,-8.136000,9i YAD
322,CSW24_hsp,17,18,27.362000,20.092000,-7.270000,j8 SAYID
322,CSW24_hsp,18,23,26.277000,20.075000,-6.202000,j8 SAY
322,CSW24_hsp,19,17,27.362000,19.957000,-7.405000,j4 DIYAS
322,CSW24_hsp,20,22,26.277000,19.829000,-6.448000,j6 YAS
322,CSW24_hsp,21,20,26.388000,19.209000,-7.179000,7i AY
322,CSW24_hsp,22,24,26.235000,19.126000,-7.109000,f6 YARE
322,CSW24_hsp,23,25,26.197000,19.077000,-7.120000,7h DIYA
322,CSW24_hsp,24,21,26.388000,18.978000,-7.410000,9i AY
322,CSW24_hsp,25,27,26.180000,18.856000,-7.324000,e5 AIYEE
716,CSW24_hsp,1,2,77.000000,70.009000,-6.991000,k8 EErIEST
716,CSW24_hsp,2,1,77.000000,69.988000,-7.012000,k8 EElIEST
716,CSW24_hsp,3,3,77.000000,69.612000,-7.388000,k8 EpEEIST
716,CSW24_hsp,4,4,75.000000,61.350000,-13.650000,14h RETIrEES
716,CSW24_hsp,5,10,61.000000,56.668000,-4.332000,15d TEpEFIES
716,CSW24_hsp,6,11,61.000000,56.502000,-4.498000,15e bEEFIEST
716,CSW24_hsp,7,12,61.000000,56.463000,-4.537000,15e rEEFIEST
716,CSW24_hsp,8,5,66.000000,56.118000,-9.882000,9g STEElIE
716,CSW24_hsp,9,6,62.000000,51.913000,-10.087000,6i EElIEST
716,CSW24_hsp,10,7,62.000000,51.838000,-10.162000,6i EErIEST
716,CSW24_hsp,11,8,62.000000,51.635000,-10.365000,6i STEElIE
716,CSW24_hsp,12,16,59.000000,50.597000,-8.403000,4a ETERnISE
716,CSW24_hsp,13,9,61.000000,50.383000,-10.617000,9h STEElIE
716,CSW24_hsp,14,13,60.000000,49.860000,-10.140000,6i EpEEIST
716,CSW24_hsp,15,20,58.000000,49.779000,-8.221000,4a pEERIEST
716,CSW24_hsp,16,18,58.000000,49.754000,-8.246000,4a bEERIEST
716,CSW24_hsp,17,19,58.000000,49.698000,-8.302000,4a lEERIEST
716,CSW24_hsp,18,14,60.000000,49.551000,-10.449000,6i SwEETIE
716,CSW24_hsp,19,15,60.000000,49.392000,-10.608000,9h SwEETIE
716,CSW24_hsp,20,21,58.000000,49.325000,-8.675000,4c EREmITES
716,CSW24_hsp,21,27,55.592000,49.163000,-6.429000,14g IRE
716,CSW24_hsp,22,22,58.000000,49.122000,-8.878000,4d REESTIEr
716,CSW24_hsp,23,25,58.000000,49.036000,-8.964000,4d REEkIEST
716,CSW24_hsp,24,17,58.000000,48.958000,-9.042000,3d TEEnIEST
716,CSW24_hsp,25,24,58.000000,48.895000,-9.105000,4d REEfIEST
506,CSW24_hsp,1,1,83.000000,76.742000,-6.258000,14h GOBbLER
506,CSW24_hsp,2,3,76.000000,72.359000,-3.641000,14e BOgGLER
506,CSW24_hsp,3,2,76.000000,72.352000,-3.648000,14e BOGgLER
506,CSW24_hsp,4,4,75.000000,67.973000,-7.027000,14h GLOBiER
506,CSW24_hsp,5,5,74.000000,67.929000,-6.071000,14h OBLiGER
506,CSW24_hsp,6,10,73.000000,65.551000,-7.449000,c1 GLOBiER
506,CSW24_hsp,7,7,73.000000,65.424000,-7.576000,c1 BLOgGER
506,CSW24_hsp,8,6,73.000000,65.422000,-7.578000,c1 BLOGgER
506,CSW24_hsp,9,14,73.000000,65.417000,-7.583000,c1 aLBERGO
506,CSW24_hsp,10,9,73.000000,65.368000,-7.632000,c1 BOgGLER
506,CSW24_hsp,11,8,73.000000,65.361000,-7.639000,c1 BOGgLER
506,CSW24_hsp,12,12,73.000000,65.142000,-7.858000,c1 GObBLER
506,CSW24_hsp,13,11,73.000000,65.132000,-7.868000,c1 GOBbLER
506,CSW24_hsp,14,13,73.000000,64.876000,-8.124000,c1 OBLiGER
506,CSW24_hsp,15,15,71.000000,64.543000,-6.457000,14h GObBLER
506,CSW24_hsp,16,16,70.000000,63.607000,-6.393000,14g GObBLER
506,CSW24_hsp,17,17,69.000000,63.247000,-5.753000,14g BOgGLER
506,CSW24_hsp,18,18,68.000000,60.971000,-7.029000,b4 GOBbLERS
506,CSW24_hsp,19,25,63.552000,59.197000,-4.355000,8l BERG
506,CSW24_hsp,20,20,65.000000,59.185000,-5.815000,14g BOGgLER
506,CSW24_hsp,21,19,66.000000,58.902000,-7.098000,b4 BOGgLERS
506,CSW24_hsp,22,24,64.000000,57.552000,-6.448000,14g GOBbLER
506,CSW24_hsp,23,21,64.000000,56.879000,-7.121000,b4 BLOGgERS
506,CSW24_hsp,24,22,64.000000,56.746000,-7.254000,b4 BLOgGERS
506,CSW24_hsp,25,29,60.874000,56.350000,-4.524000,8l BEGO
671,CSW24_hsp,1,1,24.434000,19.212000,-5.222000,12a HIREE
671,CSW24_hsp,2,4,21.150000,15.948000,-5.202000,12c POI
671,CSW24_hsp,3,2,22.150000,15.346000,-6.804000,10j POI
671,CSW24_hsp,4,5,20.909000,15.038000,-5.871000,13c PIE
671,CSW24_hsp,5,3,21.909000,14.953000,-6.956000,10j PIE
671,CSW24_hsp,6,6,20.823000,14.940000,-5.883000,12d OI
671,CSW24_hsp,7,7,20.810000,14.844000,-5.966000,12a HIRE
671,CSW24_hsp,8,8,20.122000,14.119000,-6.003000,12a HOPE
671,CSW24_hsp,9,9,19.292000,13.787000,-5.505000,12a HOPER
671,CSW24_hsp,10,10,18.823000,12.943000,-5.880000,12c IO
671,CSW24_hsp,11,11,16.702000,9.858000,-6.844000,10j PERI
671,CSW24_hsp,12,12,16.702000,9.721000,-6.981000,10j PIER
671,CSW24_hsp,13,18,14.810000,9.632000,-5.178000,12c REI
671,CSW24_hsp,14,17,14.810000,7.939000,-6.871000,d11 WRITE
671,CSW24_hsp,15,16,14.823000,7.867000,-6.956000,10j OI
671,CSW24_hsp,16,14,14.909000,7.624000,-7.285000,10b PIE
671,CSW24_hsp,17,13,15.150000,7.587000,-7.563000,b10 POI
671,CSW24_hsp,18,15,14.909000,7.557000,-7.352000,b10 PIE
671,CSW24_hsp,19,20,13.207000,7.342000,-5.865000,12a HERO
671,CSW24_hsp,20,21,13.207000,7.292000,-5.915000,12a HORE
671,CSW24_hsp,21,19,13.361000,7.122000,-6.239000,d10 IWI
671,CSW24_hsp,22,24,12.824000,6.877000,-5.947000,12d OE
671,CSW24_hsp,23,22,13.101000,6.218000,-6.883000,10j PI
671,CSW24_hsp,24,26,12.823000,5.485000,-7.338000,15c IO
671,CSW24_hsp,25,25,12.823000,4.857000,-7.966000,7h OI
862,CSW24_hsp,1,1,49.928000,41.008000,-8.920000,j4 GOWD
862,CSW24_hsp,2,2,49.414000,40.421000,-8.993000,9c TOWIE
862,CSW24_hsp,3,3,46.076000,38.517000,-7.559000,7d OWT
862,CSW24_hsp,4,14,44.877000,37.490000,-7.387000,9n WO
862,CSW24_hsp,5,4,45.877000,37.479000,-8.398000,f6 WOO
862,CSW24_hsp,6,6,45.877000,37.103000,-8.774000,9d OW
862,CSW24_hsp,7,20,44.149000,37.055000,-7.094000,6i GITE
862,CSW24_hsp,8,21,44.149000,37.035000,-7.114000,6i TIGE
862,CSW24_hsp,9,5,45.877000,37.014000,-8.863000,7d OW
862,CSW24_hsp,10,10,45.076000,36.766000,-8.310000,7c WOT
862,CSW24_hsp,11,15,44.807000,36.478000,-8.329000,9d OWIE
862,CSW24_hsp,12,19,44.228000,36.447000,-7.781000,6i GIO
862,CSW24_hsp,13,16,44.516000,36.382000,-8.134000,9d OWE
862,CSW24_hsp,14,18,44.516000,36.340000,-8.176000,9e WOE
862,CSW24_hsp,15,9,45.076000,36.087000,-8.989000,7c TOW
862,CSW24_hsp,16,11,45.076000,36.078000,-8.998000,9c TOW
862,CSW24_hsp,17,17,44.516000,36.012000,-8.504000,9e OWE
862,CSW24_hsp,18,7,45.565000,35.971000,-9.594000,d8 PEWIT
862,CSW24_hsp,19,12,44.877000,35.935000,-8.942000,7c WO
862,CSW24_hsp,20,8,45.265000,35.911000,-9.354000,j5 GODWIT
862,CSW24_hsp,21,13,44.877000,35.885000,-8.992000,9c WO
862,CSW24_hsp,22,26,43.877000,35.735000,-8.142000,9e WO
862,CSW24_hsp,23,34,43.143000,35.676000,-7.467000,6i GIT
862,CSW24_hsp,24,35,43.143000,35.674000,-7.469000,6i TIG
862,CSW24_hsp,25,22,44.076000,35.638000,-8.438000,f6 WOOT
821,CSW24_hsp,1,1,36.778000,30.554000,-6.224000,9e TRIDE
821,CSW24_hsp,2,2,36.438000,29.934000,-6.504000,9f RIDE
821,CSW24_hsp,3,3,32.402000,25.553000,-6.849000,9f RIDER
821,CSW24_hsp,4,4,30.680000,23.709000,-6.971000,9f RID
821,CSW24_hsp,5,5,28.719000,22.287000,-6.432000,9f TIDE
821,CSW24_hsp,6,6,27.288000,20.331000,-6.957000,9g IDE
821,CSW24_hsp,7,7,25.695000,18.443000,-7.252000,9g ID
821,CSW24_hsp,8,8,25.027000,17.894000,-7.133000,9h DE
821,CSW24_hsp,9,9,23.653000,16.768000,-6.885000,9f TID
821,CSW24_hsp,10,15,22.450000,14.842000,-7.608000,h1 FATIGAtED
821,CSW24_hsp,11,12,23.438000,14.557000,-8.881000,d8 MIRED
821,CSW24_hsp,12,11,23.440000,14.489000,-8.951000,9h DERE
821,CSW24_hsp,13,10,23.440000,14.190000,-9.250000,9h DEER
821,CSW24_hsp,14,21,21.570000,14.136000,-7.434000,i1 ER
821,CSW24_hsp,15,36,20.053000,14.069000,-5.984000,6f READ
821,CSW24_hsp,16,17,22.288000,13.952000,-8.336000,9h DEI
821,CSW24_hsp,17,22,21.284000,13.915000,-7.369000,9c TIER
821,CSW24_hsp,18,13,22.778000,13.634000,-9.144000,d8 MITRED
821,CSW24_hsp,19,20,22.284000,13.570000,-8.714000,d8 MITRE
821,CSW24_hsp,20,18,22.284000,13.437000,-8.847000,d8 MERIT
821,CSW24_hsp,21,19,22.284000,13.394000,-8.890000,d8 MITER
821,CSW24_hsp,22,23,21.053000,13.332000,-7.721000,7c RED
821,CSW24_hsp,23,24,21.053000,13.236000,-7.817000,9c RED
821,CSW24_hsp,24,38,19.570000,13.182000,-6.388000,i7 ERR
821,CSW24_hsp,25,30,20.570000,12.831000,-7.739000,9d ER
1010,CSW24_hsp,1,1,119.590000,115.089000,-4.501000,14f ZEX
1010,CSW24_hsp,2,2,101.597000,96.204000,-5.393000,14f ZE
1010,CSW24_hsp,3,4,86.747000,82.192000,-4.555000,14f ZeX
1010,CSW24_hsp,4,3,86.747000,82.174000,-4.573000,14f ZaX
1010,CSW24_hsp,5,6,75.028000,69.982000,-5.046000,14f ZEd
1010,CSW24_hsp,6,8,75.028000,69.982000,-5.046000,14f ZEl
1010,CSW24_hsp,7,9,75.028000,69.982000,-5.046000,14f ZEp
1010,CSW24_hsp,8,10,75.028000,69.982000,-5.046000,14f ZEx
1010,CSW24_hsp,9,7,75.028000,69.864000,-5.164000,14f ZEk
1010,CSW24_hsp,10,5,75.028000,69.825000,-5.203000,14f ZEa
1010,CSW24_hsp,11,11,74.358000,67.016000,-7.342000,13j IBEX
1010,CSW24_hsp,12,14,71.842000,66.409000,-5.433000,14f Za
1010,CSW24_hsp,13,15,71.842000,66.409000,-5.433000,14f Ze
1010,CSW24_hsp,14,12,72.889000,66.409000,-6.480000,f13 EXO
1010,CSW24_hsp,15,16,71.842000,66.309000,-5.533000,14f Zo
1010,CSW24_hsp,16,13,72.043000,65.089000,-6.954000,13i BIZES
1010,CSW24_hsp,17,17,70.908000,64.891000,-6.017000,f14 ZO
1010,CSW24_hsp,18,18,70.074000,63.914000,-6.160000,l2 TAX
1010,CSW24_hsp,19,19,68.740000,62.463000,-6.277000,14f BE
1010,CSW24_hsp,20,21,67.889000,61.439000,-6.450000,11c EX
1010,CSW24_hsp,21,20,68.103000,61.263000,-6.840000,14i ZEX
1010,CSW24_hsp,22,22,67.074000,60.864000,-6.210000,13i XI
1010,CSW24_hsp,23,23,66.889000,60.514000,-6.375000,14g EX
1010,CSW24_hsp,24,25,65.686000,60.491000,-5.195000,14f ZaS
1010,CSW24_hsp,25,26,65.686000,60.420000,-5.266000,14f ZoS
397,CSW24_hsp,1,1,62.929000,51.532000,-11.397000,14b DOLTS
397,CSW24_hsp,2,2,58.037000,49.377000,-8.660000,11e TAXOL
397,CSW24_hsp,3,5,55.129000,48.473000,-6.656000,11e LAX
397,CSW24_hsp,4,4,55.574000,47.854000,-7.720000,11e TAX
397,CSW24_hsp,5,7,54.189000,47.120000,-7.069000,9f WOX
397,CSW24_hsp,6,13,52.523000,45.955000,-6.568000,e10 OLD
397,CSW24_hsp,7,3,55.611000,45.861000,-9.750000,12d OXID
397,CSW24_hsp,8,6,54.585000,44.939000,-9.646000,11e TAXOLS
397,CSW24_hsp,9,23,50.880000,44.430000,-6.450000,e10 OLDS
397,CSW24_hsp,10,8,53.939000,44.272000,-9.667000,12d OXIDS
397,CSW24_hsp,11,19,51.523000,43.608000,-7.915000,9f WOLD
397,CSW24_hsp,12,14,52.082000,42.881000,-9.201000,11e SALTbOX
397,CSW24_hsp,13,11,52.880000,42.248000,-10.632000,14c OLDS
397,CSW24_hsp,14,9,52.880000,42.072000,-10.808000,14c DOLS
397,CSW24_hsp,15,10,52.880000,42.070000,-10.810000,14c LODS
397,CSW24_hsp,16,25,50.049000,41.451000,-8.598000,h8 EXTOLD
397,CSW24_hsp,17,18,51.736000,41.414000,-10.322000,14d DOST
397,CSW24_hsp,18,15,51.867000,41.230000,-10.637000,14f SOX
397,CSW24_hsp,19,12,52.880000,41.220000,-11.660000,14f SOLD
397,CSW24_hsp,20,21,51.120000,41.025000,-10.095000,14d LOST
397,CSW24_hsp,21,24,50.152000,40.918000,-9.234000,14f ST
397,CSW24_hsp,22,16,51.736000,40.745000,-10.991000,14c DOTS
397,CSW24_hsp,23,17,51.736000,40.743000,-10.993000,14c TODS
397,CSW24_hsp,24,20,51.120000,40.306000,-10.814000,14c LOTS
397,CSW24_hsp,25,36,46.989000,40.215000,-6.774000,7e TROD
246,CSW24_hsp,1,1,76.000000,72.654000,-3.346000,13g ENAMELED
246,CSW24_hsp,2,2,74.000000,71.442000,-2.558000,12g ALDERMEN
246,CSW24_hsp,3,3,63.000000,58.590000,-4.410000,13e ENAMELED
246,CSW24_hsp,4,4,61.000000,57.179000,-3.821000,11f ENDEMIAL
246,CSW24_hsp,5,5,33.694000,30.049000,-3.645000,l11 DEMAN
246,CSW24_hsp,6,6,31.376000,27.361000,-4.015000,l10 ANELED
246,CSW24_hsp,7,7,30.082000,26.232000,-3.850000,j9 TELEMAN
246,CSW24_hsp,8,8,29.563000,25.552000,-4.011000,l11 NEMA
246,CSW24_hsp,9,10,29.159000,25.369000,-3.790000,l10 EDEMA
246,CSW24_hsp,10,11,28.983000,25.210000,-3.773000,l11 DEME
246,CSW24_hsp,11,9,29.399000,24.789000,-4.610000,8k REALM
246,CSW24_hsp,12,12,28.563000,23.990000,-4.573000,8k RAMEN
246,CSW24_hsp,13,13,28.563000,23.981000,-4.582000,8k REMAN
246,CSW24_hsp,14,14,27.228000,23.308000,-3.920000,l10 ENEMA
246,CSW24_hsp,15,15,27.043000,22.753000,-4.290000,e4 VEE
246,CSW24_hsp,16,17,26.399000,22.537000,-3.862000,j11 LAME
246,CSW24_hsp,17,16,26.461000,22.439000,-4.022000,l11 DELE
246,CSW24_hsp,18,19,26.119000,22.019000,-4.100000,j11 MEDAL
246,CSW24_hsp,19,18,26.274000,22.007000,-4.267000,l12 EM
246,CSW24_hsp,20,21,25.911000,21.998000,-3.913000,j9 TEL
246,CSW24_hsp,21,20,25.980000,21.740000,-4.240000,j11 LEMAN
246,CSW24_hsp,22,23,25.694000,21.659000,-4.035000,j11 DEMAN
246,CSW24_hsp,23,26,25.563000,21.537000,-4.026000,j11 MANE
246,CSW24_hsp,24,33,25.119000,21.015000,-4.104000,j11 LAMED
246,CSW24_hsp,25,31,25.177000,20.937000,-4.240000,l11 DEL
851,CSW24_hsp,1,1,58.668000,53.839000,-4.829000,5b ULAN
851,CSW24_hsp,2,2,51.358000,45.475000,-5.883000,e8 VULN
851,CSW24_hsp,3,4,45.722000,40.619000,-5.103000,5d AN
851,CSW24_hsp,4,3,46.460000,39.275000,-7.185000,12a YULAN
851,CSW24_hsp,5,5,44.533000,39.225000,-5.308000,5a HULA
851,CSW24_hsp,6,6,44.358000,38.319000,-6.039000,3k LUN
851,CSW24_hsp,7,13,43.272000,37.918000,-5.354000,5b UH
851,CSW24_hsp,8,7,44.034000,37.706000,-6.328000,b12 URN
851,CSW24_hsp,9,12,43.366000,37.659000,-5.707000,c10 NURL
851,CSW24_hsp,10,8,43.533000,37.545000,-5.988000,6f JHALA
851,CSW24_hsp,11,15,42.668000,37.376000,-5.292000,5a LUNA
851,CSW24_hsp,12,11,43.366000,37.215000,-6.151000,3k NURL
851,CSW24_hsp,13,16,42.436000,36.579000,-5.857000,3k LUR
851,CSW24_hsp,14,19,41.913000,36.522000,-5.391000,c7 UN
851,CSW24_hsp,15,18,42.034000,36.130000,-5.904000,3k NUR
851,CSW24_hsp,16,17,42.372000,35.846000,-6.526000,5h UHLAN
851,CSW24_hsp,17,20,41.533000,35.271000,-6.262000,3k LAH
851,CSW24_hsp,18,22,40.553000,35.083000,-5.470000,5a HUN
851,CSW24_hsp,19,23,40.533000,34.963000,-5.570000,c9 LAH
851,CSW24_hsp,20,21,41.460000,34.778000,-6.682000,3k LUNA
851,CSW24_hsp,21,25,39.602000,34.150000,-5.452000,e2 UPON
851,CSW24_hsp,22,24,40.066000,33.740000,-6.326000,3k NAH
851,CSW24_hsp,23,27,39.066000,33.571000,-5.495000,c9 NAH
851,CSW24_hsp,24,14,43.076000,33.263000,-9.813000,3k LUNAR
851,CSW24_hsp,25,26,39.137000,33.190000,-5.947000,c10 RAUN
263,CSW24_hsp,1,1,92.000000,86.211000,-5.789000,a3 aLNAGES
263,CSW24_hsp,2,2,92.000000,86.208000,-5.792000,a3 aNLAGES
263,CSW24_hsp,3,3,91.000000,85.195000,-5.805000,a3 ALNaGES
263,CSW24_hsp,4,4,91.000000,85.192000,-5.808000,a3 ANLaGES
263,CSW24_hsp,5,6,89.000000,83.193000,-5.807000,a3 LyNAGES
263,CSW24_hsp,6,5,89.000000,83.182000,-5.818000,a3 LiNAGES
263,CSW24_hsp,7,7,86.000000,76.090000,-9.910000,o1 CoNGEALS
263,CSW24_hsp,8,8,83.000000,73.141000,-9.859000,o1 CLANGErS
263,CSW24_hsp,9,11,72.000000,62.822000,-9.178000,12a GAmELANS
263,CSW24_hsp,10,12,70.000000,60.860000,-9.140000,12a LAsAGNES
263,CSW24_hsp,11,13,70.000000,60.750000,-9.250000,12a SANGrEAL
263,CSW24_hsp,12,19,67.128000,59.498000,-7.630000,a6 EGAL
263,CSW24_hsp,13,9,72.000000,59.446000,-12.554000,l1 CLANGErS
263,CSW24_hsp,14,10,72.000000,59.185000,-12.815000,l1 CoNGEALS
263,CSW24_hsp,15,20,66.720000,59.135000,-7.585000,a6 AGEN
263,CSW24_hsp,16,17,68.000000,58.791000,-9.209000,12a LASAGNEs
263,CSW24_hsp,17,18,68.000000,58.197000,-9.803000,12b AuLNAGES
263,CSW24_hsp,18,28,64.128000,56.423000,-7.705000,a5 GALE
263,CSW24_hsp,19,27,66.000000,56.039000,-9.961000,12b ALNAGErS
263,CSW24_hsp,20,29,63.930000,56.032000,-7.898000,a7 GAN
263,CSW24_hsp,21,32,63.460000,55.991000,-7.469000,a5 GALES
263,CSW24_hsp,22,31,63.866000,55.986000,-7.880000,a7 LAG
263,CSW24_hsp,23,30,63.866000,55.938000,-7.928000,a7 GAL
263,CSW24_hsp,24,15,68.000000,55.827000,-12.173000,m1 TrANGLES
263,CSW24_hsp,25,16,68.000000,55.791000,-12.209000,m1 TwANGLES
350,CSW24_hsp,1,1,38.244000,28.386000,-9.858000,3b NITRO
350,CSW24_hsp,2,2,33.471000,23.900000,-9.571000,3c INRO
350,CSW24_hsp,3,4,32.760000,23.115000,-9.645000,3b RIN
350,CSW24_hsp,4,3,33.005000,23.011000,-9.994000,3a TRIN
350,CSW24_hsp,5,5,28.327000,18.909000,-9.418000,3b TIRR
350,CSW24_hsp,6,6,25.313000,15.904000,-9.409000,3c INN
350,CSW24_hsp,7,7,24.333000,14.921000,-9.412000,3c INTO
350,CSW24_hsp,8,8,23.336000,13.490000,-9.846000,3b RIT
350,CSW24_hsp,9,11,21.774000,12.443000,-9.331000,3c INT
350,CSW24_hsp,10,10,21.774000,12.384000,-9.390000,3b TIN
350,CSW24_hsp,11,9,21.774000,12.104000,-9.670000,3b NIT
350,CSW24_hsp,12,12,19.086000,9.158000,-9.928000,k8 PERN
350,CSW24_hsp,13,13,18.519000,7.721000,-10.798000,k8 PERRON
350,CSW24_hsp,14,18,16.885000,7.305000,-9.580000,3c IN
350,CSW24_hsp,15,19,16.869000,6.965000,-9.904000,3f INTRON
350,CSW24_hsp,16,15,17.506000,6.890000,-10.616000,10k RONIN
350,CSW24_hsp,17,17,17.244000,6.877000,-10.367000,5g NITRO
350,CSW24_hsp,18,16,17.244000,6.866000,-10.378000,5g INTRO
350,CSW24_hsp,19,14,17.512000,6.794000,-10.718000,10k RONT
350,CSW24_hsp,20,20,16.512000,6.600000,-9.912000,3e RONT
350,CSW24_hsp,21,23,14.673000,5.235000,-9.438000,3g NOR
350,CSW24_hsp,22,22,14.673000,4.583000,-10.090000,3e NOR
350,CSW24_hsp,23,24,14.512000,4.445000,-10.067000,3d TRON
350,CSW24_hsp,24,27,14.244000,4.429000,-9.815000,3f INTRO
350,CSW24_hsp,25,25,14.471000,4.405000,-10.066000,5h INRO
254,CSW24_hsp,1,1,23.645000,14.018000,-9.627000,c11 WON
254,CSW24_hsp,2,2,23.061000,10.208000,-12.853000,m7 WOON
254,CSW24_hsp,3,5,16.208000,5.959000,-10.249000,8l SWOP
254,CSW24_hsp,4,4,16.208000,5.823000,-10.385000,8l SOWP
254,CSW24_hsp,5,3,18.035000,5.155000,-12.880000,m7 POON
254,CSW24_hsp,6,12,10.830000,2.969000,-7.861000,15a WOOT
254,CSW24_hsp,7,16,10.645000,2.809000,-7.836000,15a WONT
254,CSW24_hsp,8,15,10.645000,2.798000,-7.847000,15a NOWT
254,CSW24_hsp,9,8,13.403000,2.484000,-10.919000,3c PAWNOR
254,CSW24_hsp,10,6,14.035000,1.305000,-12.730000,m7 NOOP
254,CSW24_hsp,11,7,13.830000,1.291000,-12.539000,m7 WOO
254,CSW24_hsp,12,11,11.119000,0.997000,-10.122000,m10 PAWN
254,CSW24_hsp,13,17,10.148000,0.633000,-9.515000,9c QI
254,CSW24_hsp,14,10,11.181000,0.387000,-10.794000,m10 NAPOO
254,CSW24_hsp,15,13,10.645000,0.190000,-10.455000,8l SNOW
254,CSW24_hsp,16,14,10.645000,-0.018000,-10.663000,8l SOWN
254,CSW24_hsp,17,23,7.446000,-0.484000,-7.930000,15a POOT
254,CSW24_hsp,18,9,11.403000,-1.975000,-13.378000,13j WEAPON
254,CSW24_hsp,19,31,5.784000,-2.121000,-7.905000,15a PONT
254,CSW24_hsp,20,20,7.743000,-2.502000,-10.245000,8l SPAW
254,CSW24_hsp,21,21,7.743000,-2.514000,-10.257000,8l SWAP
254,CSW24_hsp,22,22,7.446000,-3.181000,-10.627000,8l SOOP
254,CSW24_hsp,23,18,9.446000,-3.182000,-12.628000,m7 POO
254,CSW24_hsp,24,43,4.673000,-3.195000,-7.868000,15a WANT
254,CSW24_hsp,25,25,7.062000,-3.666000,-10.728000,13i PAEON
601,CSW24_hsp,1,1,35.582000,32.204000,-3.378000,f10 XI
601,CSW24_hsp,2,2,29.511000,25.359000,-4.152000,10b XEBEC
601,CSW24_hsp,3,3,20.756000,16.813000,-3.943000,10e EXCEL
601,CSW24_hsp,4,4,19.922000,15.635000,-4.287000,10e EXEC
601,CSW24_hsp,5,5,17.791000,13.733000,-4.058000,10b CELEB
601,CSW24_hsp,6,6,17.599000,12.438000,-5.161000,f11 IBEX
601,CSW24_hsp,7,7,16.253000,12.381000,-3.872000,10c IBEX
601,CSW24_hsp,8,9,14.173000,10.647000,-3.526000,10d LEX
601,CSW24_hsp,9,11,13.511000,9.829000,-3.682000,10d XEBEC
601,CSW24_hsp,10,12,13.140000,9.108000,-4.032000,10e EX
601,CSW24_hsp,11,8,14.599000,8.880000,-5.719000,d11 IBEX
601,CSW24_hsp,12,10,13.945000,8.784000,-5.161000,f11 ILEX
601,CSW24_hsp,13,13,12.862000,8.713000,-4.149000,d10 BICE
601,CSW24_hsp,14,14,12.098000,8.342000,-3.756000,10c ILEX
601,CSW24_hsp,15,17,11.885000,7.470000,-4.415000,d10 BEL
601,CSW24_hsp,16,16,11.945000,7.324000,-4.621000,10e EXILE
601,CSW24_hsp,17,19,9.922000,6.456000,-3.466000,10c EXEC
601,CSW24_hsp,18,18,10.032000,5.352000,-4.680000,h6 QIS
601,CSW24_hsp,19,23,8.756000,5.311000,-3.445000,10b EXCEL
601,CSW24_hsp,20,20,9.758000,4.333000,-5.425000,d10 BILE
601,CSW24_hsp,21,24,7.791000,4.193000,-3.598000,10d CELEB
601,CSW24_hsp,22,21,8.945000,3.171000,-5.774000,d11 ILEX
601,CSW24_hsp,23,25,7.595000,3.128000,-4.467000,f10 LIB
601,CSW24_hsp,24,27,6.938000,2.948000,-3.990000,10b BICE
601,CSW24_hsp,25,22,8.758000,2.669000,-6.089000,f4 LIBER
87,CSW24_hsp,1,2,32.783000,28.220000,-4.563000,c9 BEGUN
87,CSW24_hsp,2,1,32.877000,27.964000,-4.913000,c9 BUNGEE
87,CSW24_hsp,3,3,31.221000,26.725000,-4.496000,c9 BUNCE
87,CSW24_hsp,4,5,24.491000,19.513000,-4.978000,2m CUZ
87,CSW24_hsp,5,4,25.783000,17.700000,-8.083000,12a BEGUN
87,CSW24_hsp,6,7,22.405000,17.239000,-5.166000,12f GUB
87,CSW24_hsp,7,8,22.062000,17.209000,-4.853000,m8 CUB
87,CSW24_hsp,8,10,21.405000,16.693000,-4.712000,m8 GUB
87,CSW24_hsp,9,9,21.405000,16.684000,-4.721000,m8 BUG
87,CSW24_hsp,10,6,24.221000,16.198000,-8.023000,12a BUNCE
87,CSW24_hsp,11,15,19.793000,15.063000,-4.730000,m8 BEG
87,CSW24_hsp,12,11,20.756000,14.963000,-5.793000,2m BEZ
87,CSW24_hsp,13,12,20.141000,14.814000,-5.327000,12b CUBE
87,CSW24_hsp,14,13,20.141000,14.560000,-5.581000,14b CUBE
87,CSW24_hsp,15,17,18.793000,14.039000,-4.754000,f2 BEG
87,CSW24_hsp,16,19,18.405000,13.765000,-4.640000,c9 BUG
87,CSW24_hsp,17,18,18.637000,13.604000,-5.033000,f2 GENE
87,CSW24_hsp,18,21,18.367000,13.506000,-4.861000,f2 BENE
87,CSW24_hsp,19,14,19.856000,13.449000,-6.407000,2l GEEZ
87,CSW24_hsp,20,20,18.405000,13.189000,-5.216000,j10 BUGEYE
87,CSW24_hsp,21,25,16.793000,12.127000,-4.666000,c9 BEG
87,CSW24_hsp,22,23,17.062000,11.852000,-5.210000,12c CUB
87,CSW24_hsp,23,28,16.475000,11.604000,-4.871000,c9 BUNG
87,CSW24_hsp,24,30,16.405000,11.197000,-5.208000,12c GUB
87,CSW24_hsp,25,29,16.475000,11.139000,-5.336000,12c BUNG
258,CSW24_hsp,1,1,50.967000,50.115000,-0.852000,13a JAG
258,CSW24_hsp,2,2,46.651000,45.343000,-1.308000,4j JAGER
258,CSW24_hsp,3,3,44.427000,43.815000,-0.612000,l2 TAJ
258,CSW24_hsp,4,4,39.797000,38.752000,-1.045000,5i JAGAED
258,CSW24_hsp,5,5,39.006000,36.456000,-2.550000,4j JAGERS
258,CSW24_hsp,6,6,34.826000,33.114000,-1.712000,l2 TAJES
258,CSW24_hsp,7,7,33.810000,33.046000,-0.764000,3i JATAKA
258,CSW24_hsp,8,8,32.458000,32.149000,-0.309000,l2 TAG
258,CSW24_hsp,9,9,31.930000,30.957000,-0.973000,c7 JAAP
258,CSW24_hsp,10,10,31.099000,30.014000,-1.085000,c8 JAP
258,CSW24_hsp,11,12,30.458000,29.947000,-0.511000,13a TAG
258,CSW24_hsp,12,16,28.655000,29.888000,1.233000,o1 ATE
258,CSW24_hsp,13,11,30.923000,29.758000,-1.165000,13b AG
258,CSW24_hsp,14,13,30.099000,29.296000,-0.803000,13a JA
258,CSW24_hsp,15,14,29.427000,29.171000,-0.256000,6i TAJ
258,CSW24_hsp,16,15,29.191000,28.495000,-0.696000,4j GATER
258,CSW24_hsp,17,20,26.655000,26.367000,-0.288000,l1 ETA
258,CSW24_hsp,18,17,26.923000,26.208000,-0.715000,l3 AG
258,CSW24_hsp,19,19,26.678000,26.206000,-0.472000,4l GERT
258,CSW24_hsp,20,18,26.835000,25.962000,-0.873000,4k AGER
258,CSW24_hsp,21,22,25.655000,25.449000,-0.206000,l2 TAE
258,CSW24_hsp,22,23,25.372000,24.974000,-0.398000,l3 AGA
258,CSW24_hsp,23,21,25.923000,24.730000,-1.193000,n14 AG
258,CSW24_hsp,24,25,24.449000,23.908000,-0.541000,l1 ETAS
258,CSW24_hsp,25,26,24.291000,23.825000,-0.466000,l2 TAGS
231,CSW24_hsp,1,1,48.534000,42.822000,-5.712000,1m QAT
231,CSW24_hsp,2,2,29.263000,22.318000,-6.945000,l8 NIQAB
231,CSW24_hsp,3,3,21.324000,15.075000,-6.249000,5k BOT
231,CSW24_hsp,4,4,21.324000,14.972000,-6.352000,k5 BEAUT
231,CSW24_hsp,5,5,21.080000,14.848000,-6.232000,5k BOD
231,CSW24_hsp,6,8,19.035000,12.787000,-6.248000,5k BOR
231,CSW24_hsp,7,7,19.116000,12.757000,-6.359000,m1 BIDI
231,CSW24_hsp,8,6,19.534000,12.730000,-6.804000,11m QAT
231,CSW24_hsp,9,9,18.650000,12.089000,-6.561000,12e DRIB
231,CSW24_hsp,10,11,17.696000,11.414000,-6.282000,5k BO
231,CSW24_hsp,11,12,17.308000,10.736000,-6.572000,4a QAT
231,CSW24_hsp,12,13,17.080000,10.688000,-6.392000,m1 DIB
231,CSW24_hsp,13,15,16.193000,10.399000,-5.794000,1m BAD
231,CSW24_hsp,14,16,16.160000,9.927000,-6.233000,5k BOI
231,CSW24_hsp,15,17,16.116000,9.893000,-6.223000,o2 DIB
231,CSW24_hsp,16,22,15.187000,9.441000,-5.746000,o1 ADIT
231,CSW24_hsp,17,20,15.193000,9.397000,-5.796000,1m DAB
231,CSW24_hsp,18,18,15.740000,9.160000,-6.580000,12e DARB
231,CSW24_hsp,19,19,15.740000,9.089000,-6.651000,12e DRAB
231,CSW24_hsp,20,25,15.080000,8.698000,-6.382000,m1 BID
231,CSW24_hsp,21,26,15.035000,8.674000,-6.361000,m1 RIB
231,CSW24_hsp,22,30,14.650000,8.540000,-6.110000,o2 DRIB
231,CSW24_hsp,23,23,15.132000,8.455000,-6.677000,m1 QI
231,CSW24_hsp,24,27,14.992000,8.445000,-6.547000,o3 QADI
231,CSW24_hsp,25,10,17.740000,8.414000,-9.326000,c12 BARD
439,CSW24_hsp,1,5,20.064000,15.842000,-4.222000,a13 EAU
439,CSW24_hsp,2,1,21.169000,15.126000,-6.043000,6d QUOTE
439,CSW24_hsp,3,4,20.214000,15.006000,-5.208000,b6 EA
439,CSW24_hsp,4,2,20.854000,13.905000,-6.949000,6d QUORATE
439,CSW24_hsp,5,6,19.839000,12.762000,-7.077000,b4 OUTA
439,CSW24_hsp,6,10,17.766000,12.673000,-5.093000,12b CUE
439,CSW24_hsp,7,3,20.778000,12.634000,-8.144000,12b COTEAU
439,CSW24_hsp,8,8,18.086000,12.088000,-5.998000,6d QUATE
439,CSW24_hsp,9,9,17.839000,11.789000,-6.050000,6d QUOTA
439,CSW24_hsp,10,12,17.249000,10.818000,-6.431000,12b COURE
439,CSW24_hsp,11,11,17.510000,10.558000,-6.952000,b4 UREA
439,CSW24_hsp,12,22,14.998000,10.407000,-4.591000,9d HOE
439,CSW24_hsp,13,14,16.362000,10.343000,-6.019000,6d QUOTER
439,CSW24_hsp,14,16,15.652000,10.251000,-5.401000,6d QUA
439,CSW24_hsp,15,21,15.062000,10.209000,-4.853000,7h OU
439,CSW24_hsp,16,13,17.162000,10.127000,-7.035000,b4 TOEA
439,CSW24_hsp,17,7,19.064000,9.950000,-9.114000,c13 EAU
439,CSW24_hsp,18,17,15.510000,9.612000,-5.898000,6d QUARE
439,CSW24_hsp,19,25,14.214000,9.229000,-4.985000,c13 EA
439,CSW24_hsp,20,20,15.310000,9.039000,-6.271000,6d QUAERE
439,CSW24_hsp,21,15,15.839000,8.990000,-6.849000,12b COUTA
439,CSW24_hsp,22,30,13.753000,8.867000,-4.886000,7b AZOTE
439,CSW24_hsp,23,19,15.362000,8.555000,-6.807000,12b CROUTE
439,CSW24_hsp,24,18,15.362000,8.353000,-7.009000,12b COUTER
439,CSW24_hsp,25,31,13.546000,7.827000,-5.719000,6d QUEER
260,CSW24_hsp,1,1,27.057000,21.153000,-5.904000,c1 MINEVER
260,CSW24_hsp,2,2,25.365000,20.143000,-5.222000,3b EM
260,CSW24_hsp,3,6,20.542000,15.412000,-5.130000,3a REM
260,CSW24_hsp,4,3,22.878000,14.594000,-8.284000,7a MEOU
260,CSW24_hsp,5,4,21.380000,14.456000,-6.924000,7a MEU
260,CSW24_hsp,6,7,20.365000,14.000000,-6.365000,i6 EM
260,CSW24_hsp,7,16,18.697000,13.316000,-5.381000,g1 EAU
260,CSW24_hsp,8,8,20.162000,13.005000,-7.157000,c5 VENOM
260,CSW24_hsp,9,10,19.697000,12.726000,-6.971000,11e ECU
260,CSW24_hsp,10,5,20.854000,12.650000,-8.204000,12d ENAMOUR
260,CSW24_hsp,11,13,19.380000,12.375000,-7.005000,7b EMU
260,CSW24_hsp,12,9,20.086000,12.372000,-7.714000,7a MENU
260,CSW24_hsp,13,22,18.350000,12.134000,-6.216000,i6 OM
260,CSW24_hsp,14,26,17.365000,11.953000,-5.412000,4d ME
260,CSW24_hsp,15,27,17.163000,11.795000,-5.368000,4d MU
260,CSW24_hsp,16,14,18.894000,11.684000,-7.210000,c5 VENUE
260,CSW24_hsp,17,11,19.692000,11.667000,-8.025000,11c OUNCE
260,CSW24_hsp,18,12,19.522000,11.105000,-8.417000,11f CERUMEN
260,CSW24_hsp,19,23,18.195000,10.741000,-7.454000,11d UNCE
260,CSW24_hsp,20,20,18.568000,10.325000,-8.243000,11f CONURE
260,CSW24_hsp,21,18,18.568000,10.308000,-8.260000,11c OUNCER
260,CSW24_hsp,22,43,15.596000,10.215000,-5.381000,d4 MEOU
260,CSW24_hsp,23,19,18.568000,10.168000,-8.400000,11d UNCOER
260,CSW24_hsp,24,25,17.887000,10.118000,-7.769000,c5 VENOMER
260,CSW24_hsp,25,35,16.448000,9.997000,-6.451000,c4 OVEN
389,CSW24_hsp,1,1,35.887000,29.160000,-6.727000,12a FOIN
389,CSW24_hsp,2,2,32.907000,26.065000,-6.842000,12a FAIN
389,CSW24_hsp,3,3,30.887000,23.902000,-6.985000,12b FINO
389,CSW24_hsp,4,5,30.324000,23.046000,-7.278000,3a FAY
389,CSW24_hsp,5,4,30.522000,22.399000,-8.123000,3h FAINLY
389,CSW24_hsp,6,10,27.645000,22.025000,-5.620000,e4 UFO
389,CSW24_hsp,7,8,28.779000,21.734000,-7.045000,12b YONI
389,CSW24_hsp,8,7,28.816000,21.038000,-7.778000,12d NOILY
389,CSW24_hsp,9,9,27.693000,20.633000,-7.060000,12b FANO
389,CSW24_hsp,10,13,26.566000,19.916000,-6.650000,12a FLAN
389,CSW24_hsp,11,18,25.154000,19.868000,-5.286000,5c YONI
389,CSW24_hsp,12,6,29.522000,19.089000,-10.433000,b2 ANGLIFY
389,CSW24_hsp,13,14,26.384000,18.983000,-7.401000,h1 FYLE
389,CSW24_hsp,14,11,27.522000,18.806000,-8.716000,3h NAIFLY
389,CSW24_hsp,15,15,25.793000,18.679000,-7.114000,12a AYIN
389,CSW24_hsp,16,17,25.253000,17.659000,-7.594000,3a OAF
389,CSW24_hsp,17,19,23.776000,17.642000,-6.134000,c3 FAY
389,CSW24_hsp,18,16,25.717000,17.451000,-8.266000,b2 FOGY
389,CSW24_hsp,19,21,23.645000,17.282000,-6.363000,c6 OF
389,CSW24_hsp,20,12,27.340000,16.982000,-10.358000,d11 UNIFY
389,CSW24_hsp,21,20,23.770000,16.963000,-6.807000,12b YON
389,CSW24_hsp,22,24,22.644000,16.891000,-5.753000,c3 LAYIN
389,CSW24_hsp,23,22,23.599000,16.782000,-6.817000,12b FON
389,CSW24_hsp,24,23,23.294000,16.676000,-6.618000,c6 OY
389,CSW24_hsp,25,29,21.776000,15.844000,-5.932000,7c FEY
442,CSW24_hsp,1,1,28.822000,19.322000,-9.500000,d1 DEPRIVAL
442,CSW24_hsp,2,4,18.944000,14.613000,-4.331000,h7 VEG
442,CSW24_hsp,3,6,18.153000,14.073000,-4.080000,9c VEG
442,CSW24_hsp,4,5,18.473000,12.748000,-5.725000,j5 VIGS
442,CSW24_hsp,5,8,16.293000,12.298000,-3.995000,9b VIPER
442,CSW24_hsp,6,3,19.255000,12.203000,-7.052000,j6 VESPID
442,CSW24_hsp,7,2,21.055000,12.187000,-8.868000,9a GIVED
442,CSW24_hsp,8,7,16.473000,11.601000,-4.872000,h5 GIVE
442,CSW24_hsp,9,10,15.974000,11.049000,-4.925000,h5 GIVED
442,CSW24_hsp,10,9,16.177000,10.885000,-5.292000,h4 VIRGE
442,CSW24_hsp,11,21,14.741000,10.235000,-4.506000,9b GIP
442,CSW24_hsp,12,13,15.727000,9.927000,-5.800000,d4 RIVALED
442,CSW24_hsp,13,12,15.727000,9.759000,-5.968000,e3 RIVETED
442,CSW24_hsp,14,18,15.021000,9.607000,-5.414000,e4 VERTED
442,CSW24_hsp,15,14,15.727000,9.545000,-6.182000,d6 VALIDER
442,CSW24_hsp,16,11,15.727000,9.217000,-6.510000,e2 VERDITE
442,CSW24_hsp,17,17,15.067000,9.154000,-5.913000,h2 DIVERGE
442,CSW24_hsp,18,16,15.138000,9.119000,-6.019000,j4 GIVES
442,CSW24_hsp,19,22,13.855000,9.076000,-4.779000,h7 PEG
442,CSW24_hsp,20,19,14.782000,8.757000,-6.025000,j8 SPIV
442,CSW24_hsp,21,36,12.230000,8.363000,-3.867000,9e GIED
442,CSW24_hsp,22,24,13.773000,8.034000,-5.739000,e4 EVITED
442,CSW24_hsp,23,20,14.773000,7.906000,-6.867000,j6 VISED
442,CSW24_hsp,24,23,13.822000,7.587000,-6.235000,h7 DEPRIVE
442,CSW24_hsp,25,29,12.822000,7.565000,-5.257000,h2 DEPRIVE
410,CSW24_hsp,1,1,176.000000,169.288000,-6.712000,1a ATHENEUM
410,CSW24_hsp,2,2,83.000000,67.340000,-15.660000,b2 METHANE
410,CSW24_hsp,3,3,78.000000,64.958000,-13.042000,e2 HEMATEIN
410,CSW24_hsp,4,4,68.000000,48.912000,-19.088000,9h METHANE
410,CSW24_hsp,5,5,52.402000,40.297000,-12.105000,3i MANEH
410,CSW24_hsp,6,7,45.738000,37.209000,-8.529000,h1 HE
410,CSW24_hsp,7,8,44.215000,34.722000,-9.493000,1d HEAUME
410,CSW24_hsp,8,9,41.568000,31.940000,-9.628000,1g UNEATH
410,CSW24_hsp,9,6,45.947000,31.647000,-14.300000,c9 HAVEN
410,CSW24_hsp,10,27,36.882000,28.349000,-8.533000,h1 HA
410,CSW24_hsp,11,13,40.466000,28.096000,-12.370000,3i MANET
410,CSW24_hsp,12,14,40.402000,27.749000,-12.653000,5i MANEH
410,CSW24_hsp,13,19,39.576000,27.125000,-12.451000,5i HEM
410,CSW24_hsp,14,10,41.338000,26.848000,-14.490000,c9 MAVEN
410,CSW24_hsp,15,12,40.576000,26.735000,-13.841000,5i MEH
410,CSW24_hsp,16,21,39.078000,26.683000,-12.395000,5i HEME
410,CSW24_hsp,17,11,41.102000,26.540000,-14.562000,5j AHEM
410,CSW24_hsp,18,16,40.102000,26.477000,-13.625000,5i HAME
410,CSW24_hsp,19,37,35.207000,26.302000,-8.905000,h1 ME
410,CSW24_hsp,20,17,39.978000,25.872000,-14.106000,c9 HEVEA
410,CSW24_hsp,21,34,35.466000,25.707000,-9.759000,1g UNTEAM
410,CSW24_hsp,22,35,35.402000,25.574000,-9.828000,1f HUMANE
410,CSW24_hsp,23,38,35.119000,25.279000,-9.840000,1f HUMATE
410,CSW24_hsp,24,15,40.102000,25.222000,-14.880000,3j AHEM
410,CSW24_hsp,25,20,39.576000,24.981000,-14.595000,5k HEM
867,CSW24_hsp,1,1,41.097000,37.091000,-4.006000,a4 PERFIN
867,CSW24_hsp,2,2,34.283000,27.086000,-7.197000,n8 RIF
867,CSW24_hsp,3,3,28.376000,20.478000,-7.898000,c3 PREIF
867,CSW24_hsp,4,5,24.594000,20.084000,-4.510000,a1 FIRIE
867,CSW24_hsp,5,6,24.001000,19.379000,-4.622000,a1 PINIER
867,CSW24_hsp,6,7,23.838000,16.233000,-7.605000,n8 RIP
867,CSW24_hsp,7,9,20.549000,15.654000,-4.895000,a4 REPIN
867,CSW24_hsp,8,4,25.370000,15.408000,-9.962000,b2 RIFLIP
867,CSW24_hsp,9,10,19.895000,15.223000,-4.672000,a1 RHINE
867,CSW24_hsp,10,11,19.418000,12.173000,-7.245000,6a FIN
867,CSW24_hsp,11,12,19.283000,12.107000,-7.176000,3e IF
867,CSW24_hsp,12,13,18.965000,11.682000,-7.283000,6a FIR
867,CSW24_hsp,13,8,22.554000,11.554000,-11.000000,n13 HIP
867,CSW24_hsp,14,14,18.965000,11.074000,-7.891000,6a RIF
867,CSW24_hsp,15,15,17.500000,10.164000,-7.336000,3f FIRN
867,CSW24_hsp,16,16,17.370000,9.973000,-7.397000,3f FINI
867,CSW24_hsp,17,17,16.418000,8.847000,-7.571000,3f FIN
867,CSW24_hsp,18,18,16.364000,8.781000,-7.583000,m1 FIRTHS
867,CSW24_hsp,19,19,15.965000,8.496000,-7.469000,3f FIR
867,CSW24_hsp,20,20,15.788000,7.969000,-7.819000,d2 WHIG
867,CSW24_hsp,21,22,14.771000,7.403000,-7.368000,6a HIN
867,CSW24_hsp,22,25,14.283000,6.143000,-8.140000,6b IF
867,CSW24_hsp,23,24,14.418000,6.089000,-8.329000,c3 NIEF
867,CSW24_hsp,24,21,15.097000,5.913000,-9.184000,c4 PERFIN
867,CSW24_hsp,25,26,13.965000,5.654000,-8.311000,c3 FIER
806,CSW24_hsp,1,1,29.891000,22.785000,-7.106000,c2 NURAGHI
806,CSW24_hsp,2,4,22.462000,15.972000,-6.490000,7g HAUN
806,CSW24_hsp,3,3,22.483000,14.951000,-7.532000,m12 HUN
806,CSW24_hsp,4,6,19.644000,14.058000,-5.586000,7e NAH
806,CSW24_hsp,5,5,20.366000,13.952000,-6.414000,7g HANG
806,CSW24_hsp,6,2,23.385000,12.880000,-10.505000,m12 HUNG
806,CSW24_hsp,7,8,18.644000,12.432000,-6.212000,7g HAN
806,CSW24_hsp,8,7,18.800000,12.301000,-6.499000,7g HARN
806,CSW24_hsp,9,10,18.180000,11.144000,-7.036000,8l THRU
806,CSW24_hsp,10,13,17.483000,10.405000,-7.078000,7h HUN
806,CSW24_hsp,11,12,17.644000,10.343000,-7.301000,8l THAN
806,CSW24_hsp,12,11,17.644000,10.324000,-7.320000,8l TANH
806,CSW24_hsp,13,19,16.045000,9.844000,-6.201000,7b UH
806,CSW24_hsp,14,21,15.850000,9.839000,-6.011000,7g GNU
806,CSW24_hsp,15,17,16.611000,9.642000,-6.969000,8l THUG
806,CSW24_hsp,16,16,16.850000,9.542000,-7.308000,8l TUNG
806,CSW24_hsp,17,15,17.258000,9.412000,-7.846000,g5 UNHINGe
806,CSW24_hsp,18,18,16.258000,9.381000,-6.877000,h4 HUNGAN
806,CSW24_hsp,19,9,18.462000,7.611000,-10.851000,m12 HAUN
806,CSW24_hsp,20,30,12.644000,7.139000,-5.505000,9g NAH
806,CSW24_hsp,21,23,14.457000,7.081000,-7.376000,8l TURN
806,CSW24_hsp,22,28,12.809000,6.952000,-5.857000,7g HAG
806,CSW24_hsp,23,34,12.200000,6.800000,-5.400000,h14 HA
806,CSW24_hsp,24,35,12.131000,6.613000,-5.518000,10f UN
806,CSW24_hsp,25,14,17.366000,6.497000,-10.869000,m12 HANG
336,CSW24_hsp,1,1,70.848000,56.756000,-14.092000,m3 FIGO
336,CSW24_hsp,2,4,59.848000,51.352000,-8.496000,15e FIGO
336,CSW24_hsp,3,7,57.244000,48.727000,-8.517000,15e FIDO
336,CSW24_hsp,4,2,61.244000,48.154000,-13.090000,11e FIDO
336,CSW24_hsp,5,3,60.970000,47.143000,-13.827000,j6 FOID
336,CSW24_hsp,6,5,58.848000,45.395000,-13.453000,o9 FIGO
336,CSW24_hsp,7,6,58.250000,43.971000,-14.279000,m3 FIG
336,CSW24_hsp,8,8,54.528000,41.255000,-13.273000,11e FID
336,CSW24_hsp,9,9,54.250000,40.318000,-13.932000,13e GIF
336,CSW24_hsp,10,19,47.559000,39.302000,-8.257000,15g GIO
336,CSW24_hsp,11,10,52.528000,39.291000,-13.237000,11e DIF
336,CSW24_hsp,12,11,52.262000,37.992000,-14.270000,m3 FOG
336,CSW24_hsp,13,21,45.559000,36.983000,-8.576000,15f GIO
336,CSW24_hsp,14,12,50.528000,36.676000,-13.852000,13e DIF
336,CSW24_hsp,15,13,50.250000,35.913000,-14.337000,o9 FIG
336,CSW24_hsp,16,33,42.238000,35.876000,-6.362000,15n DI
336,CSW24_hsp,17,14,49.877000,35.509000,-14.368000,m3 DIG
336,CSW24_hsp,18,16,48.229000,34.110000,-14.119000,13f IF
336,CSW24_hsp,19,18,48.005000,34.050000,-13.955000,m5 GOD
336,CSW24_hsp,20,17,48.017000,33.734000,-14.283000,m5 GO
336,CSW24_hsp,21,32,42.398000,33.623000,-8.775000,15g GI
336,CSW24_hsp,22,15,49.848000,33.132000,-16.716000,m1 FIGO
336,CSW24_hsp,23,52,39.289000,32.895000,-6.394000,15n DO
336,CSW24_hsp,24,40,41.394000,32.688000,-8.706000,15d FuGIO
336,CSW24_hsp,25,23,45.250000,31.530000,-13.720000,c11 FRIG
182,CSW24_hsp,1,1,33.277000,22.901000,-10.376000,10l GAK
182,CSW24_hsp,2,3,29.034000,18.711000,-10.323000,10j AIGA
182,CSW24_hsp,3,4,28.779000,18.345000,-10.434000,10l KADI
182,CSW24_hsp,4,11,25.643000,18.000000,-7.643000,15a KAIE
182,CSW24_hsp,5,2,29.368000,17.375000,-11.993000,l8 JAGAED
182,CSW24_hsp,6,7,27.177000,17.026000,-10.151000,10k IGAD
182,CSW24_hsp,7,6,27.406000,16.866000,-10.540000,10k AKED
182,CSW24_hsp,8,5,27.643000,16.748000,-10.895000,10l KAI
182,CSW24_hsp,9,8,26.779000,16.318000,-10.461000,10l KAID
182,CSW24_hsp,10,9,26.406000,15.878000,-10.528000,10l KADE
182,CSW24_hsp,11,10,26.177000,15.673000,-10.504000,10l GADI
182,CSW24_hsp,12,22,22.830000,15.256000,-7.574000,15a KADE
182,CSW24_hsp,13,23,22.699000,15.055000,-7.644000,15a EIKED
182,CSW24_hsp,14,24,22.699000,14.793000,-7.906000,15d EIKED
182,CSW24_hsp,15,12,25.312000,14.536000,-10.776000,10k AKA
182,CSW24_hsp,16,14,24.406000,13.911000,-10.495000,10l KAED
182,CSW24_hsp,17,31,21.506000,13.907000,-7.599000,15a AKEE
182,CSW24_hsp,18,13,24.467000,13.885000,-10.582000,10l KAIE
182,CSW24_hsp,19,15,24.368000,13.879000,-10.489000,10k AGED
182,CSW24_hsp,20,16,24.368000,13.747000,-10.621000,10k EGAD
182,CSW24_hsp,21,18,24.177000,13.677000,-10.500000,10l GAID
182,CSW24_hsp,22,20,23.506000,12.992000,-10.514000,10l KEA
182,CSW24_hsp,23,19,23.506000,12.909000,-10.597000,10l KAE
182,CSW24_hsp,24,21,23.368000,12.770000,-10.598000,10l GADE
182,CSW24_hsp,25,17,24.221000,11.932000,-12.289000,f2 KADAI
981,CSW24_hsp,1,1,44.055000,42.572000,-1.483000,f12 RIB
981,CSW24_hsp,2,2,42.193000,41.005000,-1.188000,g1 HOB
981,CSW24_hsp,3,3,41.850000,40.383000,-1.467000,4c BIN
981,CSW24_hsp,4,4,40.642000,39.405000,-1.237000,11d BREE
981,CSW24_hsp,5,7,40.193000,39.138000,-1.055000,i1 DOB
981,CSW24_hsp,6,6,40.197000,39.101000,-1.096000,11d BI
981,CSW24_hsp,7,5,40.197000,38.810000,-1.387000,3i BI
981,CSW24_hsp,8,9,39.193000,38.467000,-0.726000,e10 AB
981,CSW24_hsp,9,8,39.193000,38.037000,-1.156000,4c BI
981,CSW24_hsp,10,10,38.548000,37.096000,-1.452000,4c BIT
981,CSW24_hsp,11,11,38.193000,37.013000,-1.180000,d11 BOB
981,CSW24_hsp,12,15,37.850000,36.946000,-0.904000,e9 NAB
981,CSW24_hsp,13,14,37.850000,36.927000,-0.923000,e9 BAN
981,CSW24_hsp,14,13,37.933000,36.280000,-1.653000,4a BINIT
981,CSW24_hsp,15,12,38.055000,36.195000,-1.860000,14h ORB
981,CSW24_hsp,16,16,37.055000,36.143000,-0.912000,e9 BAR
981,CSW24_hsp,17,17,36.850000,35.418000,-1.432000,c2 NOB
981,CSW24_hsp,18,18,36.423000,34.978000,-1.445000,5j BASE
981,CSW24_hsp,19,19,36.055000,34.683000,-1.372000,c2 ROB
981,CSW24_hsp,20,25,35.193000,34.239000,-0.954000,e9 BA
981,CSW24_hsp,21,22,35.193000,34.214000,-0.979000,3n BO
981,CSW24_hsp,22,21,35.193000,34.207000,-0.986000,c2 BO
981,CSW24_hsp,23,23,35.193000,34.197000,-0.996000,5j BA
981,CSW24_hsp,24,24,35.193000,34.178000,-1.015000,8a AB
981,CSW24_hsp,25,26,35.193000,34.102000,-1.091000,j10 AB
512,CSW24_hsp,1,1,22.893000,17.328000,-5.565000,b8 LIFT
512,CSW24_hsp,2,2,19.882000,12.339000,-7.543000,b10 WILT
512,CSW24_hsp,3,3,17.932000,11.116000,-6.816000,b10 FIL
512,CSW24_hsp,4,4,17.606000,10.329000,-7.277000,b10 WIN
512,CSW24_hsp,5,5,16.893000,9.962000,-6.931000,b10 FIT
512,CSW24_hsp,6,6,16.743000,9.379000,-7.364000,11a SWIFT
512,CSW24_hsp,7,8,16.411000,9.342000,-7.069000,b10 WIT
512,CSW24_hsp,8,7,16.432000,9.283000,-7.149000,b10 FIN
512,CSW24_hsp,9,10,8.805000,2.903000,-5.902000,c6 FLIP
512,CSW24_hsp,10,9,9.665000,1.914000,-7.751000,11a SPLINT
512,CSW24_hsp,11,13,8.101000,0.680000,-7.421000,e2 FLITT
512,CSW24_hsp,12,14,7.717000,0.677000,-7.040000,c7 FINLIT
512,CSW24_hsp,13,11,8.481000,0.046000,-8.435000,b11 TWP
512,CSW24_hsp,14,15,7.336000,-0.120000,-7.456000,e2 FLINT
512,CSW24_hsp,15,16,7.192000,-0.407000,-7.599000,11a SNIFT
512,CSW24_hsp,16,20,5.252000,-0.605000,-5.857000,6a AWN
512,CSW24_hsp,17,25,4.892000,-0.611000,-5.503000,c7 LIFT
512,CSW24_hsp,18,19,5.453000,-0.865000,-6.318000,c6 TWIN
512,CSW24_hsp,19,26,4.717000,-0.936000,-5.653000,c4 FINLIT
512,CSW24_hsp,20,17,7.101000,-0.991000,-8.092000,b10 LIFT
512,CSW24_hsp,21,21,5.243000,-1.048000,-6.291000,c5 INWIT
512,CSW24_hsp,22,27,4.698000,-1.303000,-6.001000,b8 LINT
512,CSW24_hsp,23,31,4.229000,-1.304000,-5.533000,c7 WILT
512,CSW24_hsp,24,28,4.673000,-1.542000,-6.215000,10a EWT
512,CSW24_hsp,25,18,5.882000,-1.572000,-7.454000,e2 TWILT
539,CSW24_hsp,1,1,47.743000,37.840000,-9.903000,15g GUIZER
539,CSW24_hsp,2,3,35.145000,25.122000,-10.023000,15g GRIZE
539,CSW24_hsp,3,4,32.016000,22.054000,-9.962000,15g GRIZ
539,CSW24_hsp,4,2,35.723000,18.965000,-16.758000,n1 AGUIZE
539,CSW24_hsp,5,9,29.805000,18.824000,-10.981000,15g GIGUE
539,CSW24_hsp,6,8,29.805000,18.796000,-11.009000,15e GIGUE
539,CSW24_hsp,7,10,28.136000,17.301000,-10.835000,15d GURGE
539,CSW24_hsp,8,5,31.723000,14.573000,-17.150000,k8 AGUIZE
539,CSW24_hsp,9,6,30.705000,13.902000,-16.803000,12g WIZIER
539,CSW24_hsp,10,7,29.917000,13.864000,-16.053000,11c GUIZER
539,CSW24_hsp,11,21,22.030000,11.360000,-10.670000,15g GIG
539,CSW24_hsp,12,19,22.136000,11.270000,-10.866000,15g GURGE
539,CSW24_hsp,13,20,22.030000,11.199000,-10.831000,15f IGG
539,CSW24_hsp,14,23,21.098000,10.227000,-10.871000,15g GRIG
539,CSW24_hsp,15,11,26.715000,10.089000,-16.626000,n1 AGRIZE
539,CSW24_hsp,16,22,21.098000,10.061000,-11.037000,15e RIGG
539,CSW24_hsp,17,12,24.310000,7.996000,-16.314000,j8 LUZ
539,CSW24_hsp,18,13,22.850000,7.252000,-15.598000,10f UNRIG
539,CSW24_hsp,19,16,22.669000,6.482000,-16.187000,m5 GUE
539,CSW24_hsp,20,17,22.446000,6.208000,-16.238000,m5 GIE
539,CSW24_hsp,21,15,22.715000,5.572000,-17.143000,k8 AGRIZE
539,CSW24_hsp,22,18,22.308000,5.014000,-17.294000,4d REGULI
539,CSW24_hsp,23,14,22.850000,5.009000,-17.841000,14f UNRIG
539,CSW24_hsp,24,57,15.876000,4.678000,-11.198000,15g GI
539,CSW24_hsp,25,24,20.628000,4.557000,-16.071000,m1 TIZ
191,CSW24_hsp,1,1,47.861000,38.555000,-9.306000,13c YEPS
191,CSW24_hsp,2,2,46.440000,37.000000,-9.440000,13c CEPS
191,CSW24_hsp,3,4,46.207000,36.691000,-9.516000,13c YENS
191,CSW24_hsp,4,3,46.213000,36.595000,-9.618000,13c PENS
191,CSW24_hsp,5,6,45.705000,36.053000,-9.652000,13c CENS
191,CSW24_hsp,6,7,45.684000,35.965000,-9.719000,13c YEP
191,CSW24_hsp,7,8,45.438000,35.558000,-9.880000,13c CEP
191,CSW24_hsp,8,9,45.231000,35.200000,-10.031000,13c PEN
191,CSW24_hsp,9,10,45.082000,35.093000,-9.989000,13c YEN
191,CSW24_hsp,10,12,44.213000,34.482000,-9.731000,13c NEPS
191,CSW24_hsp,11,5,45.777000,34.263000,-11.514000,b10 CARNY
191,CSW24_hsp,12,14,43.207000,33.547000,-9.660000,13b SYEN
191,CSW24_hsp,13,13,43.231000,33.126000,-10.105000,13c NEP
191,CSW24_hsp,14,11,44.282000,31.390000,-12.892000,4k PENNY
191,CSW24_hsp,15,16,40.462000,31.331000,-9.131000,15g PYNES
191,CSW24_hsp,16,18,37.303000,27.969000,-9.334000,15g PYNE
191,CSW24_hsp,17,17,37.677000,26.210000,-11.467000,10a NY
191,CSW24_hsp,18,15,40.942000,25.534000,-15.408000,b10 CARNEY
191,CSW24_hsp,19,20,33.757000,22.689000,-11.068000,10a NYS
191,CSW24_hsp,20,25,29.207000,22.050000,-7.157000,15l SYEN
191,CSW24_hsp,21,24,29.207000,22.015000,-7.192000,15l NYES
191,CSW24_hsp,22,19,35.191000,21.900000,-13.291000,f1 PYCNON
191,CSW24_hsp,23,22,32.757000,21.170000,-11.587000,b10 YARNS
191,CSW24_hsp,24,21,33.303000,20.143000,-13.160000,l1 PYNES
191,CSW24_hsp,25,26,28.861000,20.074000,-8.787000,15h PYES
220,CSW24_hsp,1,1,26.783000,21.762000,-5.021000,j3 GAITT
220,CSW24_hsp,2,4,21.769000,16.774000,-4.995000,9f WATT
220,CSW24_hsp,3,2,23.783000,15.943000,-7.840000,9i TAG
220,CSW24_hsp,4,5,21.078000,15.787000,-5.291000,j1 TEG
220,CSW24_hsp,5,3,22.078000,15.166000,-6.912000,9i TEG
220,CSW24_hsp,6,6,20.078000,14.721000,-5.357000,j1 GET
220,CSW24_hsp,7,10,19.418000,14.263000,-5.155000,j3 GRIT
220,CSW24_hsp,8,7,19.936000,13.284000,-6.652000,9i TACT
220,CSW24_hsp,9,14,18.211000,13.217000,-4.994000,9f WERT
220,CSW24_hsp,10,12,18.917000,13.206000,-5.711000,3h NOG
220,CSW24_hsp,11,11,18.917000,13.054000,-5.863000,2g GUR
220,CSW24_hsp,12,9,19.691000,12.686000,-7.005000,9f WATTER
220,CSW24_hsp,13,15,17.917000,11.858000,-6.059000,h8 AG
220,CSW24_hsp,14,21,16.874000,11.795000,-5.079000,9f WART
220,CSW24_hsp,15,13,18.221000,11.539000,-6.682000,9i TRACT
220,CSW24_hsp,16,22,16.696000,11.512000,-5.184000,2g CURT
220,CSW24_hsp,17,25,15.789000,10.657000,-5.132000,j3 GAIT
220,CSW24_hsp,18,23,16.404000,10.631000,-5.773000,9i TEC
220,CSW24_hsp,19,24,16.357000,10.589000,-5.768000,ex GT
220,CSW24_hsp,20,20,17.255000,9.933000,-7.322000,9i TECTA
220,CSW24_hsp,21,19,17.255000,9.881000,-7.374000,9i TACET
220,CSW24_hsp,22,8,19.877000,9.698000,-10.179000,9i TARGET
220,CSW24_hsp,23,26,14.917000,9.149000,-5.768000,ex G
220,CSW24_hsp,24,18,17.386000,8.933000,-8.453000,k3 GAZETTE
220,CSW24_hsp,25,17,17.749000,8.654000,-9.095000,9i TERGA
496,CSW24_hsp,1,1,29.218000,24.614000,-4.604000,6i YAGI
496,CSW24_hsp,2,2,28.555000,23.575000,-4.980000,6i YAGIS
496,CSW24_hsp,3,3,28.218000,23.189000,-5.029000,10g YAGI
496,CSW24_hsp,4,4,27.555000,22.198000,-5.357000,10g YAGIS
496,CSW24_hsp,5,5,27.188000,20.545000,-6.643000,c9 VIGIAS
496,CSW24_hsp,6,6,25.218000,20.181000,-5.037000,8j YAGI
496,CSW24_hsp,7,8,24.555000,19.269000,-5.286000,8j YAGIS
496,CSW24_hsp,8,7,25.142000,18.979000,-6.163000,c9 VIGIA
496,CSW24_hsp,9,9,22.584000,16.387000,-6.197000,c9 VIGAS
496,CSW24_hsp,10,10,21.218000,16.203000,-5.015000,j4 GYANI
496,CSW24_hsp,11,12,20.555000,15.456000,-5.099000,j4 GYANIS
496,CSW24_hsp,12,11,20.555000,15.372000,-5.183000,j3 SAYING
496,CSW24_hsp,13,13,19.638000,14.694000,-4.944000,10g SAGY
496,CSW24_hsp,14,14,18.673000,14.473000,-4.200000,6g SAY
496,CSW24_hsp,15,15,18.604000,14.081000,-4.523000,6i YAG
496,CSW24_hsp,16,17,17.628000,13.161000,-4.467000,j5 YIN
496,CSW24_hsp,17,16,17.638000,13.109000,-4.529000,6i YAGS
496,CSW24_hsp,18,18,17.005000,11.875000,-5.130000,j4 AYINS
496,CSW24_hsp,19,19,16.744000,11.736000,-5.008000,j5 YINS
496,CSW24_hsp,20,20,16.638000,11.653000,-4.985000,10g YAGS
496,CSW24_hsp,21,21,15.858000,11.213000,-4.645000,j4 AYIN
496,CSW24_hsp,22,22,15.604000,10.595000,-5.009000,10g YAG
496,CSW24_hsp,23,24,14.604000,10.224000,-4.380000,8j YAG
496,CSW24_hsp,24,28,14.275000,9.936000,-4.339000,6i YA
496,CSW24_hsp,25,27,14.545000,9.726000,-4.819000,6i AIS
295,CSW24_hsp,1,5,31.688000,23.911000,-7.777000,5c BOI
295,CSW24_hsp,2,3,33.522000,23.306000,-10.216000,k5 BITRATE
295,CSW24_hsp,3,4,33.522000,23.253000,-10.269000,k5 RATBITE
295,CSW24_hsp,4,1,33.792000,23.222000,-10.570000,k5 BATTERO
295,CSW24_hsp,5,2,33.522000,23.014000,-10.508000,k5 BATTIER
295,CSW24_hsp,6,7,30.258000,21.935000,-8.323000,5c BOITE
295,CSW24_hsp,7,10,29.053000,21.204000,-7.849000,5c BOA
295,CSW24_hsp,8,6,31.032000,20.414000,-10.618000,8k ABORE
295,CSW24_hsp,9,9,29.438000,20.367000,-9.071000,5b OBIA
295,CSW24_hsp,10,8,29.917000,19.533000,-10.384000,8k ABORT
295,CSW24_hsp,11,12,27.465000,19.508000,-7.957000,5c BOAT
295,CSW24_hsp,12,11,28.522000,18.815000,-9.707000,8j TERBIA
295,CSW24_hsp,13,13,26.086000,18.345000,-7.741000,5c BAIT
295,CSW24_hsp,14,15,25.407000,16.983000,-8.424000,5c BOAR
295,CSW24_hsp,15,17,24.345000,16.545000,-7.800000,5c BOET
295,CSW24_hsp,16,25,23.674000,16.165000,-7.509000,5e IO
295,CSW24_hsp,17,24,23.674000,15.767000,-7.907000,5d OI
295,CSW24_hsp,18,16,25.362000,15.659000,-9.703000,8k ORBIT
295,CSW24_hsp,19,19,24.086000,15.620000,-8.466000,5i TABI
295,CSW24_hsp,20,21,23.688000,15.320000,-8.368000,e3 OBIT
295,CSW24_hsp,21,30,22.770000,15.212000,-7.558000,5e AB
295,CSW24_hsp,22,41,22.535000,14.926000,-7.609000,e5 IT
295,CSW24_hsp,23,34,22.572000,14.656000,-7.916000,e4 BOT
295,CSW24_hsp,24,28,23.522000,14.597000,-8.925000,5i TERBIA
295,CSW24_hsp,25,23,23.688000,14.416000,-9.272000,k5 BITO
1096,CSW24_hsp,1,1,52.804000,42.357000,-10.447000,7m ZEL
1096,CSW24_hsp,2,2,48.380000,40.207000,-8.173000,7m ZE
1096,CSW24_hsp,3,3,45.204000,38.227000,-6.977000,m6 JEEZ
1096,CSW24_hsp,4,5,43.204000,36.127000,-7.077000,m7 JEEZ
1096,CSW24_hsp,5,7,40.247000,33.338000,-6.909000,9g JEEL
1096,CSW24_hsp,6,6,40.804000,32.548000,-8.256000,j6 ZEAL
1096,CSW24_hsp,7,12,38.528000,32.459000,-6.069000,7h MEZE
1096,CSW24_hsp,8,8,38.992000,31.414000,-7.578000,m7 JEEL
1096,CSW24_hsp,9,4,44.104000,30.897000,-13.207000,7m ZEE
1096,CSW24_hsp,10,9,38.720000,30.738000,-7.982000,m6 JEEZE
1096,CSW24_hsp,11,15,36.804000,30.713000,-6.091000,7h ZEL
1096,CSW24_hsp,12,14,37.528000,30.247000,-7.281000,7g MZEE
1096,CSW24_hsp,13,13,37.720000,29.576000,-8.144000,m4 JEEZE
1096,CSW24_hsp,14,16,36.720000,28.985000,-7.735000,m7 JEEZE
1096,CSW24_hsp,15,21,34.940000,28.011000,-6.929000,m7 JEE
1096,CSW24_hsp,16,17,36.380000,27.980000,-8.400000,j6 ZEA
1096,CSW24_hsp,17,19,35.737000,27.918000,-7.819000,m7 MEZE
1096,CSW24_hsp,18,27,33.036000,26.838000,-6.198000,7h JEE
1096,CSW24_hsp,19,10,38.720000,26.758000,-11.962000,7e JEEZ
1096,CSW24_hsp,20,20,35.417000,26.430000,-8.987000,j6 ZEALS
1096,CSW24_hsp,21,24,33.737000,25.901000,-7.836000,m6 MZEE
1096,CSW24_hsp,22,18,36.380000,25.669000,-10.711000,n8 SEZ
1096,CSW24_hsp,23,26,33.528000,25.429000,-8.099000,9f MZEE
1096,CSW24_hsp,24,33,31.792000,25.295000,-6.497000,7h MEL
1096,CSW24_hsp,25,30,32.036000,25.150000,-6.886000,9g JEE
612,CSW24_hsp,1,1,32.926000,33.459000,0.533000,c5 DIVS
612,CSW24_hsp,2,2,30.926000,31.586000,0.660000,c5 VIDS
612,CSW24_hsp,3,3,30.926000,31.543000,0.617000,i8 DIVS
612,CSW24_hsp,4,4,30.917000,31.309000,0.392000,9c VINS
612,CSW24_hsp,5,5,30.664000,31.039000,0.375000,i8 DIV
612,CSW24_hsp,6,6,29.940000,29.622000,-0.318000,9c VIS
612,CSW24_hsp,7,7,28.940000,29.122000,0.182000,c6 VIS
612,CSW24_hsp,8,8,28.218000,28.877000,0.659000,m11 VODUN
612,CSW24_hsp,9,11,27.917000,28.601000,0.684000,c5 VINS
612,CSW24_hsp,10,9,28.177000,28.054000,-0.123000,d8 QUIDS
612,CSW24_hsp,11,10,28.150000,28.026000,-0.124000,9c VIN
612,CSW24_hsp,12,13,25.177000,25.738000,0.561000,i6 NIDUS
612,CSW24_hsp,13,12,25.610000,25.538000,-0.072000,d8 QUINS
612,CSW24_hsp,14,16,25.105000,25.388000,0.283000,i8 DUNS
612,CSW24_hsp,15,15,25.140000,25.270000,0.130000,c6 UDS
612,CSW24_hsp,16,18,24.926000,25.265000,0.339000,b8 DIVS
612,CSW24_hsp,17,14,25.173000,25.204000,0.031000,i8 DUN
612,CSW24_hsp,18,19,24.664000,24.867000,0.203000,b8 DIV
612,CSW24_hsp,19,17,24.940000,24.825000,-0.115000,n7 SHIV
612,CSW24_hsp,20,20,24.610000,24.723000,0.113000,9a SUNI
612,CSW24_hsp,21,23,24.105000,24.556000,0.451000,c5 DUNS
612,CSW24_hsp,22,24,23.926000,24.386000,0.460000,m11 VOIDS
612,CSW24_hsp,23,22,24.140000,24.192000,0.052000,i8 SUD
612,CSW24_hsp,24,21,24.140000,24.093000,-0.047000,c8 SUD
612,CSW24_hsp,25,25,23.579000,23.570000,-0.009000,d7 SQUIDS
214,CSW24_hsp,1,3,19.095000,14.240000,-4.855000,12c ED
214,CSW24_hsp,2,4,18.095000,12.474000,-5.621000,c8 GUIDED
214,CSW24_hsp,3,1,20.208000,12.370000,-7.838000,d11 INCEL
214,CSW24_hsp,4,2,20.208000,11.867000,-8.341000,d11 INCLE
214,CSW24_hsp,5,7,16.516000,11.837000,-4.679000,e7 COILS
214,CSW24_hsp,6,6,17.118000,11.275000,-5.843000,e5 ENTOILS
214,CSW24_hsp,7,12,15.714000,10.805000,-4.909000,d11 ICED
214,CSW24_hsp,8,11,15.728000,10.769000,-4.959000,12c ET
214,CSW24_hsp,9,14,14.448000,9.407000,-5.041000,12c EN
214,CSW24_hsp,10,5,18.013000,8.956000,-9.057000,d11 INTED
214,CSW24_hsp,11,13,14.563000,8.694000,-5.869000,h4 CENTO
214,CSW24_hsp,12,18,13.253000,8.617000,-4.636000,h7 LO
214,CSW24_hsp,13,16,14.180000,8.571000,-5.609000,d11 IDLE
214,CSW24_hsp,14,15,14.288000,8.223000,-6.065000,b7 CALMANT
214,CSW24_hsp,15,17,13.399000,8.128000,-5.271000,h4 TELCO
214,CSW24_hsp,16,10,15.991000,7.085000,-8.906000,d11 INTEL
214,CSW24_hsp,17,9,15.991000,6.992000,-8.999000,d11 INLET
214,CSW24_hsp,18,23,11.648000,6.940000,-4.708000,d11 ID
214,CSW24_hsp,19,8,16.013000,6.699000,-9.314000,d11 IDENT
214,CSW24_hsp,20,26,11.253000,6.386000,-4.867000,ex L
214,CSW24_hsp,21,24,11.600000,6.302000,-5.298000,7h TEC
214,CSW24_hsp,22,30,11.071000,6.045000,-5.026000,d11 ICE
214,CSW24_hsp,23,21,12.180000,5.713000,-6.467000,7h DEL
214,CSW24_hsp,24,20,12.268000,5.389000,-6.879000,7h DELT
214,CSW24_hsp,25,29,11.091000,4.941000,-6.150000,7h TEL
420,CSW24_hsp,1,1,23.103000,13.452000,-9.651000,k2 VOTEEN
420,CSW24_hsp,2,3,19.356000,10.216000,-9.140000,11e OE
420,CSW24_hsp,3,2,19.358000,9.908000,-9.450000,l11 VOGIE
420,CSW24_hsp,4,4,18.104000,8.723000,-9.381000,c1 EVO
420,CSW24_hsp,5,5,16.511000,7.353000,-9.158000,13a OGEE
420,CSW24_hsp,6,7,16.104000,7.352000,-8.752000,k2 VOTE
420,CSW24_hsp,7,6,16.356000,7.323000,-9.033000,13b GEO
420,CSW24_hsp,8,8,15.358000,6.452000,-8.906000,k10 OVINE
420,CSW24_hsp,9,9,14.364000,5.807000,-8.557000,k8 EVOE
420,CSW24_hsp,10,11,14.104000,5.042000,-9.062000,l11 VEGO
420,CSW24_hsp,11,14,12.416000,3.492000,-8.924000,c3 OO
420,CSW24_hsp,12,17,12.104000,3.338000,-8.766000,k10 OVEN
420,CSW24_hsp,13,13,13.020000,3.305000,-9.715000,a2 OVONIC
420,CSW24_hsp,14,12,13.277000,3.113000,-10.164000,l10 NOOGIE
420,CSW24_hsp,15,18,12.034000,3.052000,-8.982000,c3 ONO
420,CSW24_hsp,16,10,14.104000,2.303000,-11.801000,3m EVO
420,CSW24_hsp,17,20,11.735000,2.285000,-9.450000,l11 VEGIE
420,CSW24_hsp,18,24,10.416000,1.929000,-8.487000,11d OO
420,CSW24_hsp,19,21,10.915000,1.909000,-9.006000,c3 ONE
420,CSW24_hsp,20,25,10.304000,1.645000,-8.659000,k7 NEIVE
420,CSW24_hsp,21,30,9.416000,1.534000,-7.882000,i6 OO
420,CSW24_hsp,22,26,10.304000,1.494000,-8.810000,k7 NIEVE
420,CSW24_hsp,23,23,10.416000,1.211000,-9.205000,c2 OO
420,CSW24_hsp,24,22,10.746000,1.186000,-9.560000,3a VOIP
420,CSW24_hsp,25,27,10.034000,0.987000,-9.047000,c2 NOO
1013,CSW24_hsp,1,2,26.119000,14.328000,-11.791000,4j NIEVE
1013,CSW24_hsp,2,1,26.428000,13.953000,-12.475000,10g EEVN
1013,CSW24_hsp,3,3,24.683000,10.530000,-14.153000,4k EEVEN
1013,CSW24_hsp,4,8,22.428000,10.480000,-11.948000,9b EVEN
1013,CSW24_hsp,5,4,22.428000,10.457000,-11.971000,4k EEVN
1013,CSW24_hsp,6,9,22.119000,10.083000,-12.036000,6j NIEVE
1013,CSW24_hsp,7,13,20.428000,9.131000,-11.297000,l8 NIEVE
1013,CSW24_hsp,8,6,22.428000,8.267000,-14.161000,4l EVEN
1013,CSW24_hsp,9,12,20.428000,8.166000,-12.262000,j2 VENAE
1013,CSW24_hsp,10,39,15.917000,7.359000,-8.558000,l2 VENENE
1013,CSW24_hsp,11,5,22.428000,7.278000,-15.150000,4l EEVN
1013,CSW24_hsp,12,7,22.428000,7.086000,-15.342000,4l NEVE
1013,CSW24_hsp,13,17,19.428000,6.761000,-12.667000,10f EVEN
1013,CSW24_hsp,14,27,17.401000,6.593000,-10.808000,9c VEE
1013,CSW24_hsp,15,47,14.192000,6.473000,-7.719000,l3 NIEVE
1013,CSW24_hsp,16,21,18.428000,6.414000,-12.014000,l2 EEVEN
1013,CSW24_hsp,17,10,21.683000,6.038000,-15.645000,9a EEVEN
1013,CSW24_hsp,18,20,18.683000,5.766000,-12.917000,10e EEVEN
1013,CSW24_hsp,19,28,17.401000,4.828000,-12.573000,10f VEE
1013,CSW24_hsp,20,29,17.174000,4.685000,-12.489000,10h EEN
1013,CSW24_hsp,21,25,18.428000,4.295000,-14.133000,m9 EEVEN
1013,CSW24_hsp,22,31,17.119000,4.044000,-13.075000,10d NIEVE
1013,CSW24_hsp,23,30,17.119000,3.960000,-13.159000,10d NEIVE
1013,CSW24_hsp,24,15,19.428000,3.610000,-15.818000,6l EEVN
1013,CSW24_hsp,25,24,18.428000,3.551000,-14.877000,9a NEVE
319,CSW24_hsp,1,1,41.869000,35.163000,-6.706000,7b RANZEL
319,CSW24_hsp,2,2,31.244000,26.009000,-5.235000,g7 RIZ
319,CSW24_hsp,3,3,30.841000,23.944000,-6.897000,e7 RONZER
319,CSW24_hsp,4,5,29.243000,22.811000,-6.432000,e5 ARROZ
319,CSW24_hsp,5,4,29.586000,22.668000,-6.918000,e7 ZONER
319,CSW24_hsp,6,6,29.243000,22.553000,-6.690000,e5 RAZOR
319,CSW24_hsp,7,9,28.158000,21.731000,-6.427000,7c RAZE
319,CSW24_hsp,8,10,27.719000,20.935000,-6.784000,e5 AZLON
319,CSW24_hsp,9,13,26.262000,20.817000,-5.445000,9e RENAL
319,CSW24_hsp,10,12,26.262000,20.748000,-5.514000,7e LEARN
319,CSW24_hsp,11,14,25.671000,20.696000,-4.975000,7e ZEL
319,CSW24_hsp,12,11,27.719000,20.582000,-7.137000,e7 ZONAL
319,CSW24_hsp,13,7,28.515000,19.814000,-8.701000,g5 NAZIR
319,CSW24_hsp,14,19,25.234000,19.018000,-6.216000,e5 ZERO
319,CSW24_hsp,15,22,24.333000,17.987000,-6.346000,7c LAZE
319,CSW24_hsp,16,24,24.202000,17.254000,-6.948000,e7 LOZEN
319,CSW24_hsp,17,27,23.226000,17.146000,-6.080000,7g LARN
319,CSW24_hsp,18,29,22.496000,16.857000,-5.639000,g7 ZIN
319,CSW24_hsp,19,16,25.262000,16.739000,-8.523000,d3 LARNEY
319,CSW24_hsp,20,20,24.719000,16.549000,-8.170000,d3 RARELY
319,CSW24_hsp,21,23,24.247000,16.494000,-7.753000,g7 RIZA
319,CSW24_hsp,22,8,28.159000,16.448000,-11.711000,9a RAZER
319,CSW24_hsp,23,15,25.262000,16.391000,-8.871000,d3 ANERLY
319,CSW24_hsp,24,17,25.262000,16.391000,-8.871000,d3 NEARLY
319,CSW24_hsp,25,40,21.133000,16.218000,-4.915000,7e LEAR
552,CSW24_hsp,1,2,24.343000,23.114000,-1.229000,15j REH
552,CSW24_hsp,2,1,24.778000,23.070000,-1.708000,15c CHEVRE
552,CSW24_hsp,3,3,22.438000,20.874000,-1.564000,6e VERD
552,CSW24_hsp,4,4,20.865000,19.831000,-1.034000,15f CHEER
552,CSW24_hsp,5,5,20.610000,18.654000,-1.956000,10d REVEL
552,CSW24_hsp,6,6,19.343000,17.520000,-1.823000,13e ERHU
552,CSW24_hsp,7,9,18.768000,17.517000,-1.251000,15f CHE
552,CSW24_hsp,8,8,18.768000,17.290000,-1.478000,o9 CH
552,CSW24_hsp,9,11,17.873000,16.881000,-0.992000,o9 CHE
552,CSW24_hsp,10,10,17.929000,16.040000,-1.889000,9c VERREL
552,CSW24_hsp,11,12,16.865000,15.381000,-1.484000,15d CHERE
552,CSW24_hsp,12,13,16.031000,14.546000,-1.485000,4h VEG
552,CSW24_hsp,13,14,15.929000,14.043000,-1.886000,15c REVERE
552,CSW24_hsp,14,7,18.869000,13.896000,-4.973000,g1 CHEVRE
552,CSW24_hsp,15,17,14.648000,13.385000,-1.263000,15k EH
552,CSW24_hsp,16,15,15.553000,13.368000,-2.185000,7d CHEVRE
552,CSW24_hsp,17,18,14.648000,13.331000,-1.317000,15l HE
552,CSW24_hsp,18,16,14.929000,12.789000,-2.140000,10c VERREL
552,CSW24_hsp,19,22,13.031000,11.916000,-1.115000,15f VEE
552,CSW24_hsp,20,20,13.314000,11.854000,-1.460000,ex RV
552,CSW24_hsp,21,21,13.123000,11.588000,-1.535000,3k RAMIN
552,CSW24_hsp,22,19,13.610000,11.429000,-2.181000,9d REVEL
552,CSW24_hsp,23,23,12.438000,10.978000,-1.460000,ex ERV
552,CSW24_hsp,24,24,12.343000,10.545000,-1.798000,k1 HER
552,CSW24_hsp,25,25,11.873000,10.445000,-1.428000,15e ECHE
1157,CSW24_hsp,1,1,75.642000,69.125000,-6.517000,h11 AZOIC
1157,CSW24_hsp,2,2,72.523000,66.075000,-6.448000,h11 AZOLE
1157,CSW24_hsp,3,3,72.053000,65.679000,-6.374000,h12 ZOIC
1157,CSW24_hsp,4,4,71.590000,65.531000,-6.059000,h12 ZOEA
1157,CSW24_hsp,5,5,54.561000,48.502000,-6.059000,h12 COZE
1157,CSW24_hsp,6,6,50.529000,44.019000,-6.510000,i3 ZEL
1157,CSW24_hsp,7,7,49.751000,43.269000,-6.482000,i3 ZE
1157,CSW24_hsp,8,8,46.282000,40.169000,-6.113000,h11 CLOZE
1157,CSW24_hsp,9,9,43.994000,38.142000,-5.852000,12f CAZ
1157,CSW24_hsp,10,11,41.346000,34.892000,-6.454000,i3 ZA
1157,CSW24_hsp,11,10,41.615000,34.727000,-6.888000,14f ZEE
1157,CSW24_hsp,12,14,38.570000,33.036000,-5.534000,h12 COLE
1157,CSW24_hsp,13,12,40.751000,32.590000,-8.161000,14f ZE
1157,CSW24_hsp,14,19,36.048000,30.632000,-5.416000,h12 COIL
1157,CSW24_hsp,15,18,36.615000,30.398000,-6.217000,m2 ZEE
1157,CSW24_hsp,16,13,39.751000,29.977000,-9.774000,j12 ADZE
1157,CSW24_hsp,17,21,35.751000,29.421000,-6.330000,m2 ZE
1157,CSW24_hsp,18,23,35.590000,29.261000,-6.329000,m2 ZEA
1157,CSW24_hsp,19,27,33.926000,28.510000,-5.416000,h12 COAL
1157,CSW24_hsp,20,28,33.926000,28.436000,-5.490000,h12 COLA
1157,CSW24_hsp,21,16,37.523000,28.198000,-9.325000,14d LAZE
1157,CSW24_hsp,22,15,38.524000,28.066000,-10.458000,14c CEAZE
1157,CSW24_hsp,23,22,35.615000,27.688000,-7.927000,m1 ZEE
1157,CSW24_hsp,24,31,33.751000,27.404000,-6.347000,3l BEZ
1157,CSW24_hsp,25,26,34.524000,27.348000,-7.176000,12c CEAZE
592,CSW24_hsp,1,1,68.000000,54.703000,-13.297000,f6 BALISTAS
592,CSW24_hsp,2,4,41.539000,32.473000,-9.066000,h11 BASTI
592,CSW24_hsp,3,2,41.797000,32.320000,-9.477000,h11 BAISA
592,CSW24_hsp,4,3,41.539000,32.288000,-9.251000,h11 BAITS
592,CSW24_hsp,5,5,40.555000,31.113000,-9.442000,h11 BASTA
592,CSW24_hsp,6,6,39.539000,31.028000,-8.511000,h11 TABIS
592,CSW24_hsp,7,7,37.651000,28.039000,-9.612000,h12 ISBA
592,CSW24_hsp,8,8,36.935000,27.375000,-9.560000,h12 ABAS
592,CSW24_hsp,9,9,36.518000,27.257000,-9.261000,h10 BAISAS
592,CSW24_hsp,10,12,33.006000,23.945000,-9.061000,h11 BASSI
592,CSW24_hsp,11,11,33.006000,23.776000,-9.230000,h11 BASIS
592,CSW24_hsp,12,13,31.032000,21.611000,-9.421000,h11 BASAS
592,CSW24_hsp,13,17,29.509000,20.816000,-8.693000,h10 BAA
592,CSW24_hsp,14,15,29.929000,20.565000,-9.364000,h11 SATAI
592,CSW24_hsp,15,19,28.935000,20.343000,-8.592000,h6 BALAS
592,CSW24_hsp,16,16,29.509000,20.203000,-9.306000,7e BAA
592,CSW24_hsp,17,20,28.935000,19.984000,-8.951000,h10 BAAS
592,CSW24_hsp,18,18,29.423000,19.344000,-10.079000,h11 BA
592,CSW24_hsp,19,25,28.536000,19.326000,-9.210000,h11 BASTS
592,CSW24_hsp,20,44,27.415000,18.900000,-8.515000,h8 LABS
592,CSW24_hsp,21,14,29.935000,18.358000,-11.577000,j4 BASA
592,CSW24_hsp,22,33,27.769000,18.326000,-9.443000,h10 BAIT
592,CSW24_hsp,23,30,27.875000,18.183000,-9.692000,h12 AITS
592,CSW24_hsp,24,31,27.875000,17.980000,-9.895000,h12 ITAS
592,CSW24_hsp,25,43,27.415000,17.855000,-9.560000,h7 SLAB
750,CSW24_hsp,1,1,55.792000,51.232000,-4.560000,a1 COQUET
750,CSW24_hsp,2,2,55.402000,50.687000,-4.715000,a1 COQUI
750,CSW24_hsp,3,3,51.877000,45.180000,-6.697000,12h QUOITER
750,CSW24_hsp,4,4,46.386000,41.953000,-4.433000,a1 QUOTE
750,CSW24_hsp,5,5,46.386000,41.935000,-4.451000,a1 TOQUE
750,CSW24_hsp,6,6,46.251000,41.908000,-4.343000,a1 QUITE
750,CSW24_hsp,7,7,37.407000,32.956000,-4.451000,2d COQUI
750,CSW24_hsp,8,8,34.523000,29.355000,-5.168000,14j QUOTE
750,CSW24_hsp,9,9,33.843000,28.862000,-4.981000,14j QUITE
750,CSW24_hsp,10,11,29.843000,24.884000,-4.959000,12k QUIRT
750,CSW24_hsp,11,10,29.879000,24.788000,-5.091000,12k QUIRE
750,CSW24_hsp,12,13,28.935000,24.556000,-4.379000,13l QUAI
750,CSW24_hsp,13,12,29.386000,24.361000,-5.025000,12i QUOTER
750,CSW24_hsp,14,14,28.523000,24.282000,-4.241000,13j QUOTA
750,CSW24_hsp,15,15,27.386000,23.046000,-4.340000,a2 TOQUE
750,CSW24_hsp,16,16,26.968000,22.773000,-4.195000,13l QUA
750,CSW24_hsp,17,18,24.969000,22.711000,-2.258000,a6 TOE
750,CSW24_hsp,18,17,26.165000,22.156000,-4.009000,m8 ECO
750,CSW24_hsp,19,21,24.549000,21.736000,-2.813000,a8 IO
750,CSW24_hsp,20,19,24.941000,21.128000,-3.813000,m6 ATOC
750,CSW24_hsp,21,20,24.941000,19.843000,-5.098000,12l TORC
750,CSW24_hsp,22,27,21.895000,18.899000,-2.996000,8a ID
750,CSW24_hsp,23,25,22.941000,18.890000,-4.051000,m13 TOC
750,CSW24_hsp,24,22,23.180000,18.841000,-4.339000,13l QUAT
750,CSW24_hsp,25,28,21.549000,18.671000,-2.878000,a7 OI
804,CSW24_hsp,1,1,40.778000,24.911000,-15.867000,1a BOOAI
804,CSW24_hsp,2,2,35.698000,21.047000,-14.651000,15l BOPO
804,CSW24_hsp,3,4,28.282000,16.165000,-12.117000,1e BOOR
804,CSW24_hsp,4,6,25.702000,13.538000,-12.164000,1e BOAR
804,CSW24_hsp,5,3,29.778000,11.951000,-17.827000,o6 BOOAI
804,CSW24_hsp,6,19,21.139000,7.783000,-13.356000,1g OB
804,CSW24_hsp,7,28,20.241000,6.544000,-13.697000,1g OO
804,CSW24_hsp,8,7,24.698000,6.417000,-18.281000,1a BOO
804,CSW24_hsp,9,30,19.931000,6.241000,-13.690000,1g IO
804,CSW24_hsp,10,9,24.086000,6.130000,-17.956000,o7 OBIA
804,CSW24_hsp,11,5,27.778000,5.380000,-22.398000,d11 BOOAI
804,CSW24_hsp,12,11,22.345000,4.409000,-17.936000,o7 OBOE
804,CSW24_hsp,13,8,24.698000,4.231000,-20.467000,3a BOO
804,CSW24_hsp,14,14,21.698000,3.864000,-17.834000,o8 OBO
804,CSW24_hsp,15,13,21.698000,3.822000,-17.876000,o8 BOO
804,CSW24_hsp,16,57,16.726000,3.437000,-13.289000,1f OOR
804,CSW24_hsp,17,15,21.392000,3.186000,-18.206000,1a BIO
804,CSW24_hsp,18,22,20.909000,2.972000,-17.937000,1a BAO
804,CSW24_hsp,19,23,20.909000,2.867000,-18.042000,1a BOA
804,CSW24_hsp,20,27,20.623000,2.857000,-17.766000,h11 OORIE
804,CSW24_hsp,21,73,15.668000,2.324000,-13.344000,1g AB
804,CSW24_hsp,22,90,14.621000,1.321000,-13.300000,1f OAR
804,CSW24_hsp,23,33,19.103000,1.208000,-17.895000,o6 ABORE
804,CSW24_hsp,24,17,21.392000,1.067000,-20.325000,3a BOI
804,CSW24_hsp,25,16,21.392000,0.997000,-20.395000,3a BIO
251,CSW24_hsp,1,1,45.846000,35.499000,-10.347000,h1 HOPE
251,CSW24_hsp,2,4,42.863000,32.684000,-10.179000,h1 COPE
251,CSW24_hsp,3,2,44.061000,32.098000,-11.963000,j4 POH
251,CSW24_hsp,4,9,41.061000,31.047000,-10.014000,h1 POH
251,CSW24_hsp,5,6,41.929000,31.026000,-10.903000,h1 POTAE
251,CSW24_hsp,6,3,42.867000,31.003000,-11.864000,j3 OPAH
251,CSW24_hsp,7,5,42.061000,30.027000,-12.034000,j2 HOP
251,CSW24_hsp,8,11,40.351000,29.724000,-10.627000,h1 TOPE
251,CSW24_hsp,9,10,40.929000,29.639000,-11.290000,j2 POTAE
251,CSW24_hsp,10,13,40.061000,29.449000,-10.612000,h1 HOP
251,CSW24_hsp,11,7,41.470000,28.849000,-12.621000,j5 OP
251,CSW24_hsp,12,8,41.249000,28.817000,-12.432000,j1 CHOP
251,CSW24_hsp,13,15,40.061000,28.614000,-11.447000,l4 POH
251,CSW24_hsp,14,21,39.294000,28.300000,-10.994000,l1 COTH
251,CSW24_hsp,15,17,39.867000,28.212000,-11.655000,l3 OPAH
251,CSW24_hsp,16,12,40.301000,28.026000,-12.275000,j1 CHOTA
251,CSW24_hsp,17,16,39.935000,27.981000,-11.954000,j4 PAH
251,CSW24_hsp,18,14,40.061000,27.926000,-12.135000,j4 HOP
251,CSW24_hsp,19,24,38.351000,27.716000,-10.635000,h1 POTE
251,CSW24_hsp,20,22,39.194000,27.295000,-11.899000,h10 TIPCAT
251,CSW24_hsp,21,29,37.687000,27.199000,-10.488000,h1 TEPA
251,CSW24_hsp,22,18,39.470000,26.718000,-12.752000,j2 PO
251,CSW24_hsp,23,19,39.470000,26.642000,-12.828000,f5 OP
251,CSW24_hsp,24,20,39.351000,26.490000,-12.861000,h10 TIPTOE
251,CSW24_hsp,25,27,38.061000,26.034000,-12.027000,j2 POH
575,CSW24_hsp,1,1,72.000000,59.146000,-12.854000,m8 ALEATOrY
575,CSW24_hsp,2,2,34.740000,26.201000,-8.539000,c3 OATY
575,CSW24_hsp,3,3,32.028000,22.835000,-9.193000,d8 JAVEL
575,CSW24_hsp,4,4,28.305000,19.584000,-8.721000,c2 YEA
575,CSW24_hsp,5,5,26.750000,18.032000,-8.718000,c3 OAT
575,CSW24_hsp,6,6,25.469000,16.707000,-8.762000,c2 YO
575,CSW24_hsp,7,7,24.118000,15.871000,-8.247000,c2 YELT
575,CSW24_hsp,8,11,23.315000,14.656000,-8.659000,c2 LEAT
575,CSW24_hsp,9,12,23.315000,14.599000,-8.716000,c2 TEAL
575,CSW24_hsp,10,13,23.305000,14.048000,-9.257000,13k AYE
575,CSW24_hsp,11,8,23.622000,13.907000,-9.715000,12g ACOLYTE
575,CSW24_hsp,12,9,23.622000,13.710000,-9.912000,12h COTYLAE
575,CSW24_hsp,13,14,23.263000,13.595000,-9.668000,9b AY
575,CSW24_hsp,14,15,23.249000,13.533000,-9.716000,12h COALY
575,CSW24_hsp,15,17,22.546000,13.496000,-9.050000,d10 VEALY
575,CSW24_hsp,16,10,23.362000,13.222000,-10.140000,k10 LOATHY
575,CSW24_hsp,17,18,21.868000,12.959000,-8.909000,c3 EAT
575,CSW24_hsp,18,16,22.810000,12.479000,-10.331000,5h YOGA
575,CSW24_hsp,19,20,21.469000,11.880000,-9.589000,9b OY
575,CSW24_hsp,20,21,21.103000,11.877000,-9.226000,13k OYE
575,CSW24_hsp,21,19,21.522000,11.791000,-9.731000,12g ACYLATE
575,CSW24_hsp,22,28,19.820000,11.222000,-8.598000,3c AFLOAT
575,CSW24_hsp,23,22,21.037000,11.180000,-9.857000,k11 AYAH
575,CSW24_hsp,24,52,17.469000,11.030000,-6.439000,15n OY
575,CSW24_hsp,25,24,20.529000,10.922000,-9.607000,d10 VALETA
872,CSW24_hsp,1,1,40.319000,32.376000,-7.943000,b10 OCEAN
872,CSW24_hsp,2,3,33.175000,26.797000,-6.378000,l2 EXO
872,CSW24_hsp,3,4,32.514000,25.753000,-6.761000,l5 EX
872,CSW24_hsp,4,2,33.981000,24.501000,-9.480000,4k DOXED
872,CSW24_hsp,5,6,30.443000,23.937000,-6.506000,l2 AXE
872,CSW24_hsp,6,8,30.175000,23.377000,-6.798000,d7 EXO
872,CSW24_hsp,7,7,30.218000,22.537000,-7.681000,4h EXODE
872,CSW24_hsp,8,13,27.006000,21.972000,-5.034000,12e OX
872,CSW24_hsp,9,15,26.243000,20.982000,-5.261000,d11 ROED
872,CSW24_hsp,10,12,27.443000,20.471000,-6.972000,d7 AXE
872,CSW24_hsp,11,5,32.175000,20.100000,-12.075000,b13 EXO
872,CSW24_hsp,12,16,26.006000,19.993000,-6.013000,4k DOX
872,CSW24_hsp,13,10,27.981000,19.912000,-8.069000,12h REDOX
872,CSW24_hsp,14,21,25.263000,19.845000,-5.418000,d11 ROAN
872,CSW24_hsp,15,14,27.006000,19.823000,-7.183000,b13 OX
872,CSW24_hsp,16,22,24.917000,19.502000,-5.415000,d11 REAN
872,CSW24_hsp,17,26,24.381000,19.147000,-5.234000,d11 REO
872,CSW24_hsp,18,27,24.381000,19.127000,-5.254000,d11 ROE
872,CSW24_hsp,19,30,24.191000,19.031000,-5.160000,12c TEND
872,CSW24_hsp,20,19,25.514000,18.793000,-6.721000,b13 EX
872,CSW24_hsp,21,25,24.418000,18.680000,-5.738000,d11 READ
872,CSW24_hsp,22,24,24.514000,18.501000,-6.013000,4k DEX
872,CSW24_hsp,23,23,24.771000,18.193000,-6.578000,9g EUOUAE
872,CSW24_hsp,24,17,25.721000,18.077000,-7.644000,b10 OCA
872,CSW24_hsp,25,37,23.111000,17.750000,-5.361000,d11 ROAD
394,CSW24_hsp,1,1,70.000000,61.421000,-8.579000,k6 GROUNDEN
394,CSW24_hsp,2,2,63.000000,51.706000,-11.294000,i3 ENDURING
394,CSW24_hsp,3,3,62.000000,51.145000,-10.855000,i5 UNRINGED
394,CSW24_hsp,4,4,35.891000,27.790000,-8.101000,k5 UNGORED
394,CSW24_hsp,5,5,28.822000,20.230000,-8.592000,k5 ENROUND
394,CSW24_hsp,6,6,24.278000,19.063000,-5.215000,7g NUG
394,CSW24_hsp,7,7,23.878000,18.308000,-5.570000,9g DUNG
394,CSW24_hsp,8,9,23.244000,18.014000,-5.230000,9g NUDGE
394,CSW24_hsp,9,12,21.694000,17.255000,-4.439000,9g NUDER
394,CSW24_hsp,10,11,22.278000,17.178000,-5.100000,9g GUN
394,CSW24_hsp,11,10,22.399000,17.069000,-5.330000,9g RUNG
394,CSW24_hsp,12,8,23.399000,16.247000,-7.152000,l8 WRUNG
394,CSW24_hsp,13,23,19.694000,15.426000,-4.268000,9g RUNED
394,CSW24_hsp,14,13,21.119000,15.344000,-5.775000,9f GRUND
394,CSW24_hsp,15,18,20.163000,14.444000,-5.719000,9g DUN
394,CSW24_hsp,16,24,19.141000,14.021000,-5.120000,9g RUND
394,CSW24_hsp,17,30,18.462000,13.619000,-4.843000,9g NUDE
394,CSW24_hsp,18,14,20.891000,13.413000,-7.478000,7d RUNGED
394,CSW24_hsp,19,29,18.462000,13.318000,-5.144000,7g NUDE
394,CSW24_hsp,20,41,17.462000,13.029000,-4.433000,9h UNDE
394,CSW24_hsp,21,16,20.869000,12.705000,-8.164000,7d GUNNED
394,CSW24_hsp,22,19,19.891000,12.578000,-7.313000,7d GURNED
394,CSW24_hsp,23,28,18.612000,12.550000,-6.062000,i7 GIN
394,CSW24_hsp,24,15,20.891000,12.177000,-8.714000,9d RUNGED
394,CSW24_hsp,25,25,18.878000,12.101000,-6.777000,k5 UNGOD
654,CSW24_hsp,1,1,66.254000,59.590000,-6.664000,h12 JILL
654,CSW24_hsp,2,2,64.223000,57.559000,-6.664000,h12 JILT
654,CSW24_hsp,3,3,62.634000,56.003000,-6.631000,h12 JARL
654,CSW24_hsp,4,4,56.151000,49.439000,-6.712000,h12 JAIL
654,CSW24_hsp,5,5,55.212000,49.349000,-5.863000,k2 TILeR
654,CSW24_hsp,6,7,52.264000,47.839000,-4.425000,h1 LILAC
654,CSW24_hsp,7,6,53.348000,46.540000,-6.808000,k2 TALeR
654,CSW24_hsp,8,8,52.223000,45.060000,-7.163000,k2 TILe
654,CSW24_hsp,9,9,49.528000,42.371000,-7.157000,k2 TALe
654,CSW24_hsp,10,10,49.032000,42.057000,-6.975000,o10 ATRIAL
654,CSW24_hsp,11,15,45.568000,41.068000,-4.500000,h1 TRIAC
654,CSW24_hsp,12,14,45.568000,41.066000,-4.502000,h1 ARTIC
654,CSW24_hsp,13,11,47.731000,40.559000,-7.172000,k2 TIRe
654,CSW24_hsp,14,12,46.634000,38.901000,-7.733000,13g LAR
654,CSW24_hsp,15,13,45.805000,38.639000,-7.166000,k2 TARe
654,CSW24_hsp,16,16,45.528000,37.776000,-7.752000,13g LAT
654,CSW24_hsp,17,17,44.847000,37.264000,-7.583000,13d RILL
654,CSW24_hsp,18,18,44.547000,37.001000,-7.546000,h5 CLOYE
654,CSW24_hsp,19,19,43.939000,36.466000,-7.473000,13f LIAR
654,CSW24_hsp,20,23,41.568000,35.377000,-6.191000,10g TRAIN
654,CSW24_hsp,21,20,43.254000,35.372000,-7.882000,13k LILL
654,CSW24_hsp,22,22,41.805000,34.060000,-7.745000,13g TAR
654,CSW24_hsp,23,21,41.805000,34.005000,-7.800000,13g RAT
654,CSW24_hsp,24,31,40.316000,33.824000,-6.492000,k2 TI
654,CSW24_hsp,25,24,41.468000,33.664000,-7.804000,k4 LeT
856,CSW24_hsp,1,1,15.956000,9.235000,-6.721000,c1 VIAE
856,CSW24_hsp,2,2,13.781000,2.403000,-11.378000,2b AIDOI
856,CSW24_hsp,3,3,13.781000,2.392000,-11.389000,2b OIDIA
856,CSW24_hsp,4,4,11.739000,2.382000,-9.357000,2b VIDEO
856,CSW24_hsp,5,6,6.776000,0.035000,-6.741000,c1 VIA
856,CSW24_hsp,6,5,6.956000,-0.159000,-7.115000,e1 VIAE
856,CSW24_hsp,7,8,5.915000,-1.582000,-7.497000,c1 AIA
856,CSW24_hsp,8,18,0.971000,-4.251000,-5.222000,e4 IO
856,CSW24_hsp,9,10,3.776000,-4.302000,-8.078000,2d DIVA
856,CSW24_hsp,10,15,2.041000,-4.757000,-6.798000,c1 VIE
856,CSW24_hsp,11,13,2.698000,-5.360000,-8.058000,2d DIVO
856,CSW24_hsp,12,7,6.739000,-5.619000,-12.358000,2d DOVIE
856,CSW24_hsp,13,20,0.854000,-5.666000,-6.520000,ex AAIIOV
856,CSW24_hsp,14,16,1.956000,-5.803000,-7.759000,4d MAVIE
856,CSW24_hsp,15,14,2.366000,-6.119000,-8.485000,4d MOAI
856,CSW24_hsp,16,25,-0.029000,-6.195000,-6.166000,c2 IO
856,CSW24_hsp,17,19,0.915000,-6.363000,-7.278000,e1 AIA
856,CSW24_hsp,18,23,0.000000,-6.520000,-6.520000,ex AAEIIOV
856,CSW24_hsp,19,28,-0.378000,-6.898000,-6.520000,ex AEIIOV
856,CSW24_hsp,20,21,0.739000,-7.013000,-7.752000,4d MOVIE
856,CSW24_hsp,21,30,-0.638000,-7.158000,-6.520000,ex AIIOV
856,CSW24_hsp,22,29,-0.525000,-7.217000,-6.692000,c1 VAE
856,CSW24_hsp,23,27,-0.224000,-7.459000,-7.235000,9h AVI
856,CSW24_hsp,24,12,2.698000,-7.652000,-10.350000,2a VOID
856,CSW24_hsp,25,26,-0.098000,-7.687000,-7.589000,2d DIVI
1063,CSW24_hsp,1,2,32.778000,27.380000,-5.398000,b2 CRAVE
1063,CSW24_hsp,2,1,32.778000,27.257000,-5.521000,b2 CARVE
1063,CSW24_hsp,3,4,28.778000,22.741000,-6.037000,e3 CRAVED
1063,CSW24_hsp,4,3,28.778000,22.647000,-6.131000,e3 CARVED
1063,CSW24_hsp,5,5,27.778000,22.259000,-5.519000,d3 CAVER
1063,CSW24_hsp,6,6,27.778000,21.844000,-5.934000,10h CAVER
1063,CSW24_hsp,7,7,25.992000,20.523000,-5.469000,11a VERRA
1063,CSW24_hsp,8,10,25.783000,20.207000,-5.576000,b2 VERRA
1063,CSW24_hsp,9,9,25.854000,20.071000,-5.783000,d2 CRAVER
1063,CSW24_hsp,10,8,25.854000,20.004000,-5.850000,d2 CARVER
1063,CSW24_hsp,11,12,25.778000,19.933000,-5.845000,d2 CRAVE
1063,CSW24_hsp,12,11,25.778000,19.866000,-5.912000,d2 CARVE
1063,CSW24_hsp,13,13,24.847000,18.953000,-5.894000,e5 VERD
1063,CSW24_hsp,14,14,24.386000,17.934000,-6.452000,b2 ARVEE
1063,CSW24_hsp,15,17,22.847000,17.838000,-5.009000,e10 EREV
1063,CSW24_hsp,16,18,22.847000,17.721000,-5.126000,e10 EVER
1063,CSW24_hsp,17,16,23.771000,17.441000,-6.330000,e4 RAVED
1063,CSW24_hsp,18,19,22.771000,16.917000,-5.854000,d4 AVER
1063,CSW24_hsp,19,15,24.386000,16.197000,-8.189000,b2 REAVE
1063,CSW24_hsp,20,22,21.778000,16.160000,-5.618000,10h CRAVE
1063,CSW24_hsp,21,21,21.778000,16.100000,-5.678000,10h CARVE
1063,CSW24_hsp,22,23,21.719000,16.081000,-5.638000,e4 CAVED
1063,CSW24_hsp,23,24,21.719000,15.751000,-5.968000,10h CAVE
1063,CSW24_hsp,24,20,21.877000,15.216000,-6.661000,e2 AVERRED
1063,CSW24_hsp,25,25,20.944000,15.152000,-5.792000,d4 EVER
126,CSW24_hsp,1,1,17.774000,10.774000,-7.000000,4k MIAOU
126,CSW24_hsp,2,3,16.477000,9.501000,-6.976000,13i ODIUM
126,CSW24_hsp,3,4,14.729000,7.267000,-7.462000,n10 MOU
126,CSW24_hsp,4,2,16.774000,6.543000,-10.231000,4a MIAOU
126,CSW24_hsp,5,5,12.582000,5.602000,-6.980000,13i ODEUM
126,CSW24_hsp,6,6,11.091000,3.659000,-7.432000,n10 MEU
126,CSW24_hsp,7,7,10.528000,3.272000,-7.256000,n9 AMIE
126,CSW24_hsp,8,9,9.572000,2.059000,-7.513000,n9 AMU
126,CSW24_hsp,9,12,7.751000,1.358000,-6.393000,6k EUOI
126,CSW24_hsp,10,15,7.582000,0.652000,-6.930000,4k MOUE
126,CSW24_hsp,11,14,7.582000,0.628000,-6.954000,4k MEOU
126,CSW24_hsp,12,10,8.091000,0.531000,-7.560000,n9 EMU
126,CSW24_hsp,13,13,7.582000,0.468000,-7.114000,4c MOUE
126,CSW24_hsp,14,19,6.751000,0.181000,-6.570000,4b EUOI
126,CSW24_hsp,15,16,6.893000,-0.036000,-6.929000,4k OUMA
126,CSW24_hsp,16,11,7.751000,-0.044000,-7.795000,n5 EUOI
126,CSW24_hsp,17,21,6.513000,-0.223000,-6.736000,n10 AUE
126,CSW24_hsp,18,22,6.513000,-0.294000,-6.807000,n10 EAU
126,CSW24_hsp,19,20,6.750000,-0.407000,-7.157000,11j VAU
126,CSW24_hsp,20,18,6.882000,-0.750000,-7.632000,7i EUOUAE
126,CSW24_hsp,21,17,6.885000,-0.983000,-7.868000,3g IPOMOEA
126,CSW24_hsp,22,8,9.893000,-1.072000,-10.965000,7a OUMA
126,CSW24_hsp,23,25,4.513000,-1.644000,-6.157000,g1 EAU
126,CSW24_hsp,24,24,4.751000,-1.649000,-6.400000,6b EUOI
126,CSW24_hsp,25,23,5.439000,-1.999000,-7.438000,11j VOEMAS
849,CSW24_hsp,1,2,78.000000,73.002000,-4.998000,l2 RINKsIDE
849,CSW24_hsp,2,1,80.000000,72.920000,-7.080000,3a DRInKINg
849,CSW24_hsp,3,4,76.000000,70.447000,-5.553000,k6 KINGbIRD
849,CSW24_hsp,4,3,76.000000,68.934000,-7.066000,3a DRINKIng
849,CSW24_hsp,5,5,58.292000,52.844000,-5.448000,3b DIRKINg
849,CSW24_hsp,6,6,57.229000,52.012000,-5.217000,3c DIKINg
849,CSW24_hsp,7,8,54.292000,49.690000,-4.602000,k3 DIRKING
849,CSW24_hsp,8,7,54.585000,49.418000,-5.167000,3c IRKINg
849,CSW24_hsp,9,9,53.229000,48.708000,-4.521000,k4 DIKING
849,CSW24_hsp,10,13,52.736000,48.451000,-4.285000,12l DIRK
849,CSW24_hsp,11,10,53.229000,48.224000,-5.005000,l4 DINKIE
849,CSW24_hsp,12,11,53.229000,48.200000,-5.029000,l4 KINDIE
849,CSW24_hsp,13,12,52.790000,48.195000,-4.595000,b11 KI
849,CSW24_hsp,14,14,52.535000,47.882000,-4.653000,10l RAKI
849,CSW24_hsp,15,15,52.090000,47.229000,-4.861000,3j DIRK
849,CSW24_hsp,16,16,51.745000,46.760000,-4.985000,5h NUDNIK
849,CSW24_hsp,17,18,50.585000,46.245000,-4.340000,k4 IRKING
849,CSW24_hsp,18,17,50.745000,45.754000,-4.991000,3j DINK
849,CSW24_hsp,19,19,50.477000,45.338000,-5.139000,3j DRINK
849,CSW24_hsp,20,21,50.125000,45.261000,-4.864000,n10 DI
849,CSW24_hsp,21,20,50.176000,45.259000,-4.917000,n10 DIN
849,CSW24_hsp,22,23,49.346000,44.981000,-4.365000,12l DINK
849,CSW24_hsp,23,25,49.262000,44.910000,-4.352000,12l RINK
849,CSW24_hsp,24,24,49.289000,44.876000,-4.413000,k9 GINK
849,CSW24_hsp,25,26,49.216000,44.713000,-4.503000,4g REWIND
287,CSW24_hsp,1,1,42.225000,32.930000,-9.295000,10c GRAD
287,CSW24_hsp,2,2,40.081000,32.455000,-7.626000,e5 PAYOR
287,CSW24_hsp,3,3,38.627000,29.382000,-9.245000,10c PARD
287,CSW24_hsp,4,4,38.627000,29.283000,-9.344000,10c PRAD
287,CSW24_hsp,5,5,36.112000,28.174000,-7.938000,e5 PAYORS
287,CSW24_hsp,6,6,33.255000,24.138000,-9.117000,10b SPARD
287,CSW24_hsp,7,7,33.255000,24.017000,-9.238000,10b SPRAD
287,CSW24_hsp,8,8,33.055000,23.813000,-9.242000,10c GRADS
287,CSW24_hsp,9,11,32.255000,23.020000,-9.235000,10b PRADS
287,CSW24_hsp,10,10,32.255000,22.940000,-9.315000,10b PARDS
287,CSW24_hsp,11,12,32.176000,22.916000,-9.260000,10d GAD
287,CSW24_hsp,12,14,32.055000,22.850000,-9.205000,10b DRAGS
287,CSW24_hsp,13,15,32.055000,22.788000,-9.267000,10b GRADS
287,CSW24_hsp,14,13,32.055000,22.749000,-9.306000,10b DARGS
287,CSW24_hsp,15,16,31.865000,22.730000,-9.135000,10d ARD
287,CSW24_hsp,16,17,31.865000,22.627000,-9.238000,10d RAD
287,CSW24_hsp,17,9,32.439000,22.482000,-9.957000,12d DRAPING
287,CSW24_hsp,18,18,31.255000,22.077000,-9.178000,10c PARDS
287,CSW24_hsp,19,19,31.255000,21.956000,-9.299000,10c PRADS
287,CSW24_hsp,20,20,30.255000,20.943000,-9.312000,10b DRAPS
287,CSW24_hsp,21,21,29.499000,20.114000,-9.385000,10c GRASP
287,CSW24_hsp,22,22,29.293000,20.089000,-9.204000,10b PARRS
287,CSW24_hsp,23,28,28.057000,19.812000,-8.245000,5d PRIG
287,CSW24_hsp,24,24,29.055000,19.557000,-9.498000,j4 GRADS
287,CSW24_hsp,25,27,28.057000,19.461000,-8.596000,5d GRIP
1000,CSW24_hsp,1,1,69.868000,63.364000,-6.504000,7e MIZ
1000,CSW24_hsp,2,2,61.098000,54.197000,-6.901000,e7 VEZIR
1000,CSW24_hsp,3,3,60.596000,53.716000,-6.880000,7e RIZ
1000,CSW24_hsp,4,5,55.098000,49.658000,-5.440000,g5 VIZOR
1000,CSW24_hsp,5,4,57.078000,49.395000,-7.683000,e7 VERMIL
1000,CSW24_hsp,6,6,51.546000,45.264000,-6.282000,g7 MOZ
1000,CSW24_hsp,7,7,50.442000,45.096000,-5.346000,g7 VOM
1000,CSW24_hsp,8,8,49.687000,42.500000,-7.187000,c5 MILTZ
1000,CSW24_hsp,9,12,49.446000,42.454000,-6.992000,e5 VILER
1000,CSW24_hsp,10,11,49.446000,42.191000,-7.255000,e5 RIVEL
1000,CSW24_hsp,11,10,49.446000,42.132000,-7.314000,e5 LIVER
1000,CSW24_hsp,12,16,47.314000,42.100000,-5.214000,g7 VOL
1000,CSW24_hsp,13,9,49.446000,41.907000,-7.539000,e4 LIVRE
1000,CSW24_hsp,14,13,49.446000,41.837000,-7.609000,e8 ERVIL
1000,CSW24_hsp,15,14,48.446000,41.706000,-6.740000,9b VIRL
1000,CSW24_hsp,16,22,46.118000,40.316000,-5.802000,g7 ZOL
1000,CSW24_hsp,17,15,47.868000,40.194000,-7.674000,7b MIZ
1000,CSW24_hsp,18,20,46.446000,40.141000,-6.305000,g5 LIVOR
1000,CSW24_hsp,19,17,47.078000,40.070000,-7.008000,h7 VERMIL
1000,CSW24_hsp,20,25,44.467000,39.493000,-4.974000,g7 VOR
1000,CSW24_hsp,21,18,46.565000,38.759000,-7.806000,7h MIRV
1000,CSW24_hsp,22,19,46.565000,38.462000,-8.103000,9h MIRV
1000,CSW24_hsp,23,24,44.854000,38.159000,-6.695000,9b VIM
1000,CSW24_hsp,24,23,44.854000,38.074000,-6.780000,7b VIM
1000,CSW24_hsp,25,30,44.098000,37.880000,-6.218000,h7 VEZIR
78,CSW24_hsp,1,1,36.854000,34.268000,-2.586000,o4 INHABIT
78,CSW24_hsp,2,2,33.326000,27.416000,-5.910000,9f SH
78,CSW24_hsp,3,10,28.326000,26.963000,-1.363000,o1 HI
78,CSW24_hsp,4,4,31.247000,26.411000,-4.836000,2g TITHE
78,CSW24_hsp,5,3,31.672000,26.226000,-5.446000,6k BAH
78,CSW24_hsp,6,5,30.521000,25.219000,-5.302000,6a EH
78,CSW24_hsp,7,7,30.174000,24.865000,-5.309000,6a AH
78,CSW24_hsp,8,8,29.428000,24.703000,-4.725000,6k BAHT
78,CSW24_hsp,9,6,30.210000,24.694000,-5.516000,g7 ICH
78,CSW24_hsp,10,9,29.102000,24.147000,-4.955000,j9 BHAI
78,CSW24_hsp,11,19,24.768000,23.238000,-1.530000,o1 BI
78,CSW24_hsp,12,11,28.174000,22.642000,-5.532000,g7 ACH
78,CSW24_hsp,13,13,27.428000,22.449000,-4.979000,j9 BHAT
78,CSW24_hsp,14,12,27.672000,22.150000,-5.522000,6h BLAH
78,CSW24_hsp,15,15,26.051000,21.701000,-4.350000,j9 THINE
78,CSW24_hsp,16,14,27.326000,20.995000,-6.331000,b6 HOE
78,CSW24_hsp,17,16,25.863000,20.775000,-5.088000,j10 BINE
78,CSW24_hsp,18,17,25.592000,20.066000,-5.526000,j10 HIN
78,CSW24_hsp,19,18,25.478000,19.696000,-5.782000,j10 BIN
78,CSW24_hsp,20,20,24.694000,19.602000,-5.092000,j10 BITE
78,CSW24_hsp,21,21,24.519000,19.546000,-4.973000,15e BEATH
78,CSW24_hsp,22,23,23.748000,18.644000,-5.104000,j10 BANE
78,CSW24_hsp,23,28,23.430000,18.607000,-4.823000,j10 HATE
78,CSW24_hsp,24,32,23.126000,18.501000,-4.625000,j9 THANE
78,CSW24_hsp,25,29,23.376000,18.264000,-5.112000,j10 BATE
975,CSW24_hsp,1,2,39.651000,32.425000,-7.226000,h11 PAGED
975,CSW24_hsp,2,1,39.651000,32.421000,-7.230000,h11 GAPED
975,CSW24_hsp,3,3,39.110000,31.637000,-7.473000,c7 PORTAGED
975,CSW24_hsp,4,4,34.930000,28.970000,-5.960000,13l DAMP
975,CSW24_hsp,5,5,34.810000,28.215000,-6.595000,11k APTED
975,CSW24_hsp,6,6,34.420000,27.342000,-7.078000,10b GAP
975,CSW24_hsp,7,7,34.074000,26.594000,-7.480000,c7 PORTAGE
975,CSW24_hsp,8,9,33.084000,26.530000,-6.554000,g2 GEDS
975,CSW24_hsp,9,8,33.420000,26.235000,-7.185000,7c GAP
975,CSW24_hsp,10,12,32.884000,25.720000,-7.164000,10b DAG
975,CSW24_hsp,11,10,32.884000,25.681000,-7.203000,7c DAG
975,CSW24_hsp,12,11,32.884000,25.647000,-7.237000,7c GAD
975,CSW24_hsp,13,13,32.884000,25.375000,-7.509000,10b GAD
975,CSW24_hsp,14,14,32.827000,25.278000,-7.549000,g2 GED
975,CSW24_hsp,15,23,31.179000,25.075000,-6.104000,13l TAMP
975,CSW24_hsp,16,15,32.012000,24.893000,-7.119000,f1 PARGED
975,CSW24_hsp,17,22,31.199000,24.726000,-6.473000,g2 PEDS
975,CSW24_hsp,18,21,31.199000,24.723000,-6.476000,g2 DEPS
975,CSW24_hsp,19,16,31.968000,24.470000,-7.498000,h11 GATED
975,CSW24_hsp,20,18,31.656000,24.292000,-7.364000,h11 TAPED
975,CSW24_hsp,21,17,31.656000,24.274000,-7.382000,h11 PATED
975,CSW24_hsp,22,29,30.767000,24.077000,-6.690000,g2 GETS
975,CSW24_hsp,23,19,31.347000,23.964000,-7.383000,11m PEG
975,CSW24_hsp,24,24,31.099000,23.865000,-7.234000,g2 DEP
975,CSW24_hsp,25,20,31.222000,23.694000,-7.528000,h12 AGED
1084,CSW24_hsp,1,1,69.000000,58.316000,-10.684000,i2 MENEERS
1084,CSW24_hsp,2,2,66.000000,55.355000,-10.645000,7h MENEERS
1084,CSW24_hsp,3,4,30.071000,25.521000,-4.550000,d4 EMERG
1084,CSW24_hsp,4,3,30.191000,25.284000,-4.907000,d8 GERMEN
1084,CSW24_hsp,5,6,29.332000,25.165000,-4.167000,7h ME
1084,CSW24_hsp,6,7,28.978000,23.864000,-5.114000,e5 MENE
1084,CSW24_hsp,7,5,29.933000,22.370000,-7.563000,7h MENE
1084,CSW24_hsp,8,11,26.926000,22.258000,-4.668000,d4 EMERGE
1084,CSW24_hsp,9,9,27.978000,22.193000,-5.785000,7h MEN
1084,CSW24_hsp,10,13,26.168000,22.147000,-4.021000,d8 GENRE
1084,CSW24_hsp,11,14,26.168000,21.978000,-4.190000,d8 GERNE
1084,CSW24_hsp,12,24,25.332000,21.917000,-3.415000,d8 GEM
1084,CSW24_hsp,13,8,28.485000,21.843000,-6.642000,7h MEE
1084,CSW24_hsp,14,19,25.869000,21.704000,-4.165000,7h NE
1084,CSW24_hsp,15,21,25.332000,21.470000,-3.862000,d6 MEG
1084,CSW24_hsp,16,15,26.168000,21.336000,-4.832000,d8 GREEN
1084,CSW24_hsp,17,18,25.933000,21.214000,-4.719000,d5 MENGE
1084,CSW24_hsp,18,23,25.332000,21.196000,-4.136000,h7 METE
1084,CSW24_hsp,19,22,25.332000,21.021000,-4.311000,h6 MEET
1084,CSW24_hsp,20,12,26.332000,20.594000,-5.738000,g8 DIME
1084,CSW24_hsp,21,34,23.869000,20.399000,-3.470000,d8 GEN
1084,CSW24_hsp,22,31,23.869000,20.158000,-3.711000,d6 ENG
1084,CSW24_hsp,23,32,23.869000,20.088000,-3.781000,d6 NEG
1084,CSW24_hsp,24,10,27.933000,20.022000,-7.911000,7h NEEM
1084,CSW24_hsp,25,33,23.869000,19.966000,-3.903000,h7 NETE
1098,CSW24_hsp,1,1,62.990000,57.351000,-5.639000,14b NYAFF
1098,CSW24_hsp,2,2,55.277000,49.489000,-5.788000,14b NYAFFS
1098,CSW24_hsp,3,3,45.540000,38.800000,-6.740000,h12 OFFY
1098,CSW24_hsp,4,4,37.851000,31.530000,-6.321000,5e EFF
1098,CSW24_hsp,5,5,37.540000,30.827000,-6.713000,14c YAFF
1098,CSW24_hsp,6,6,32.540000,25.380000,-7.160000,13l AFFY
1098,CSW24_hsp,7,7,32.540000,25.234000,-7.306000,14d AFFY
1098,CSW24_hsp,8,8,32.122000,24.871000,-7.251000,6j VIFF
1098,CSW24_hsp,9,9,32.122000,24.712000,-7.410000,m7 VIFF
1098,CSW24_hsp,10,10,30.990000,23.970000,-7.020000,6j NIFFY
1098,CSW24_hsp,11,12,29.204000,22.171000,-7.033000,14c NAFF
1098,CSW24_hsp,12,11,29.244000,22.142000,-7.102000,4a VERY
1098,CSW24_hsp,13,13,29.001000,21.670000,-7.331000,14c YAFFS
1098,CSW24_hsp,14,15,28.010000,21.383000,-6.627000,13k SAVEY
1098,CSW24_hsp,15,14,28.432000,21.248000,-7.184000,4a NERVY
1098,CSW24_hsp,16,16,27.540000,20.343000,-7.197000,6k IFFY
1098,CSW24_hsp,17,17,27.540000,20.019000,-7.521000,10k AFFY
1098,CSW24_hsp,18,18,26.694000,19.242000,-7.452000,6j VINY
1098,CSW24_hsp,19,19,26.233000,19.042000,-7.191000,h12 OFFS
1098,CSW24_hsp,20,21,25.982000,18.819000,-7.163000,14d AFF
1098,CSW24_hsp,21,20,25.990000,18.081000,-7.909000,m7 NIFFY
1098,CSW24_hsp,22,22,24.884000,17.910000,-6.974000,6j VIFFS
1098,CSW24_hsp,23,23,24.280000,16.795000,-7.485000,h12 OVEN
1098,CSW24_hsp,24,26,23.536000,16.451000,-7.085000,4a FERNY
1098,CSW24_hsp,25,24,23.694000,15.863000,-7.831000,m7 VINY
465,CSW24_hsp,1,1,22.830000,16.185000,-6.645000,j10 FIE
465,CSW24_hsp,2,2,15.683000,9.196000,-6.487000,j10 FIG
465,CSW24_hsp,3,3,14.464000,7.826000,-6.638000,1a GADI
465,CSW24_hsp,4,4,14.157000,7.355000,-6.802000,1a AIDE
465,CSW24_hsp,5,5,13.583000,7.055000,-6.528000,1a FADE
465,CSW24_hsp,6,6,13.583000,6.806000,-6.777000,j10 FAE
465,CSW24_hsp,7,7,13.121000,6.287000,-6.834000,j10 FEE
465,CSW24_hsp,8,8,12.319000,5.534000,-6.785000,1a EIDE
465,CSW24_hsp,9,9,11.778000,5.151000,-6.627000,j10 FEG
465,CSW24_hsp,10,13,11.226000,4.898000,-6.328000,j4 NEF
465,CSW24_hsp,11,10,11.548000,4.671000,-6.877000,b1 IF
465,CSW24_hsp,12,11,11.283000,4.557000,-6.726000,1a GADE
465,CSW24_hsp,13,14,10.830000,4.453000,-6.377000,o1 KIEF
465,CSW24_hsp,14,12,11.283000,4.083000,-7.200000,b5 AGE
465,CSW24_hsp,15,16,9.548000,3.165000,-6.383000,1a FID
465,CSW24_hsp,16,15,9.706000,3.157000,-6.549000,k2 ANTIFA
465,CSW24_hsp,17,17,9.226000,2.479000,-6.747000,j10 FE
465,CSW24_hsp,18,18,8.569000,1.944000,-6.625000,j10 FAG
465,CSW24_hsp,19,19,8.292000,1.747000,-6.545000,k1 FANTEEG
465,CSW24_hsp,20,20,7.830000,1.305000,-6.525000,h10 FIE
465,CSW24_hsp,21,21,6.706000,0.327000,-6.379000,o1 KAIF
465,CSW24_hsp,22,22,6.244000,-0.522000,-6.766000,j10 FA
465,CSW24_hsp,23,24,5.728000,-0.968000,-6.696000,5j AI
465,CSW24_hsp,24,25,5.157000,-1.484000,-6.641000,o1 KAIE
465,CSW24_hsp,25,23,6.226000,-1.781000,-8.007000,b1 EF
11,CSW24_hsp,1,1,53.413000,50.934000,-2.479000,4l HALF
11,CSW24_hsp,2,3,41.983000,39.503000,-2.480000,4l FISH
11,CSW24_hsp,3,2,42.321000,39.209000,-3.112000,4l FAH
11,CSW24_hsp,4,4,41.038000,38.558000,-2.480000,4l FASH
11,CSW24_hsp,5,5,40.413000,35.512000,-4.901000,2l HALF
11,CSW24_hsp,6,7,37.529000,34.541000,-2.988000,4l FAIL
11,CSW24_hsp,7,8,37.529000,34.541000,-2.988000,4l FILA
11,CSW24_hsp,8,11,36.795000,33.807000,-2.988000,4l FAIN
11,CSW24_hsp,9,12,36.795000,33.798000,-2.997000,4l NAIF
11,CSW24_hsp,10,10,37.321000,33.520000,-3.801000,2l FAH
11,CSW24_hsp,11,6,37.666000,33.519000,-4.147000,4l FIL
11,CSW24_hsp,12,9,37.376000,33.274000,-4.102000,4l FIN
11,CSW24_hsp,13,14,35.684000,32.842000,-2.842000,9m NAH
11,CSW24_hsp,14,18,35.038000,32.336000,-2.702000,4l FAHS
11,CSW24_hsp,15,19,34.962000,31.710000,-3.252000,l1 FLEA
11,CSW24_hsp,16,17,35.106000,31.708000,-3.398000,l2 FEH
11,CSW24_hsp,17,13,35.715000,31.591000,-4.124000,n6 FID
11,CSW24_hsp,18,15,35.555000,31.512000,-4.043000,2d FLANCH
11,CSW24_hsp,19,16,35.142000,31.040000,-4.102000,4l FAN
11,CSW24_hsp,20,20,33.942000,30.950000,-2.992000,4l HAIN
11,CSW24_hsp,21,21,33.403000,29.879000,-3.524000,4l HIN
11,CSW24_hsp,22,27,32.247000,29.259000,-2.988000,4l HAIL
11,CSW24_hsp,23,28,32.247000,29.259000,-2.988000,4l HILA
11,CSW24_hsp,24,22,33.016000,28.823000,-4.193000,n6 HID
11,CSW24_hsp,25,23,32.684000,28.755000,-3.929000,4l HAN
381,CSW24_hsp,1,2,51.663000,43.462000,-8.201000,b6 JOL
381,CSW24_hsp,2,1,51.671000,43.427000,-8.244000,7h JUG
381,CSW24_hsp,3,3,45.504000,37.551000,-7.953000,8l GURL
381,CSW24_hsp,4,4,44.346000,37.549000,-6.797000,8l JaRL
381,CSW24_hsp,5,7,42.894000,36.168000,-6.726000,8l JURy
381,CSW24_hsp,6,5,42.894000,36.158000,-6.736000,8l JURa
381,CSW24_hsp,7,6,42.894000,36.122000,-6.772000,8l JURe
381,CSW24_hsp,8,8,42.040000,34.021000,-8.019000,7f JOG
381,CSW24_hsp,9,9,41.671000,33.180000,-8.491000,m5 GJU
381,CSW24_hsp,10,11,39.799000,32.924000,-6.875000,8l JORs
381,CSW24_hsp,11,10,41.155000,32.571000,-8.584000,7h GULL
381,CSW24_hsp,12,12,39.504000,31.037000,-8.467000,7h GUL
381,CSW24_hsp,13,13,37.796000,28.967000,-8.829000,c5 JOULE
381,CSW24_hsp,14,14,37.401000,28.901000,-8.500000,b5 JOLL
381,CSW24_hsp,15,15,36.063000,27.792000,-8.271000,7f LOG
381,CSW24_hsp,16,16,35.663000,26.965000,-8.698000,c6 JOLE
381,CSW24_hsp,17,17,35.219000,26.834000,-8.385000,c7 JOE
381,CSW24_hsp,18,19,34.995000,26.753000,-8.242000,7h GU
381,CSW24_hsp,19,20,34.504000,25.979000,-8.525000,b6 GUL
381,CSW24_hsp,20,18,35.219000,25.847000,-9.372000,8l JOR
381,CSW24_hsp,21,21,34.155000,25.437000,-8.718000,b5 GULL
381,CSW24_hsp,22,26,33.219000,25.091000,-8.128000,7f JO
381,CSW24_hsp,23,24,33.504000,25.076000,-8.428000,9k UGLY
381,CSW24_hsp,24,23,33.504000,24.972000,-8.532000,9k GULY
381,CSW24_hsp,25,25,33.219000,24.681000,-8.538000,m6 JO
886,CSW24_hsp,1,1,44.093000,38.774000,-5.319000,f7 QI
886,CSW24_hsp,2,4,40.441000,35.102000,-5.339000,9c LEG
886,CSW24_hsp,3,3,40.441000,35.008000,-5.433000,9c GEL
886,CSW24_hsp,4,5,40.187000,34.725000,-5.462000,9b GLEE
886,CSW24_hsp,5,7,39.194000,34.284000,-4.910000,9c GEE
886,CSW24_hsp,6,2,41.571000,33.606000,-7.965000,d3 QAmEEZ
886,CSW24_hsp,7,6,39.764000,32.929000,-6.835000,9b EGAL
886,CSW24_hsp,8,8,38.764000,32.320000,-6.444000,9b GEAL
886,CSW24_hsp,9,12,36.319000,31.529000,-4.790000,9c GAE
886,CSW24_hsp,10,17,34.764000,30.415000,-4.349000,7f GEAL
886,CSW24_hsp,11,15,34.841000,29.708000,-5.133000,9c LAG
886,CSW24_hsp,12,14,34.841000,29.483000,-5.358000,9c GAL
886,CSW24_hsp,13,18,34.651000,29.256000,-5.395000,ex EQ
886,CSW24_hsp,14,13,36.194000,29.112000,-7.082000,9b GEE
886,CSW24_hsp,15,24,33.194000,29.051000,-4.143000,7f GEE
886,CSW24_hsp,16,22,33.800000,28.405000,-5.395000,ex EGQ
886,CSW24_hsp,17,19,34.621000,28.100000,-6.521000,9b AGEE
886,CSW24_hsp,18,27,33.093000,27.698000,-5.395000,ex Q
886,CSW24_hsp,19,9,38.187000,27.024000,-11.163000,9a GLEE
886,CSW24_hsp,20,44,30.621000,26.898000,-3.723000,7e AGEE
886,CSW24_hsp,21,16,34.764000,26.594000,-8.170000,d5 GLAZE
886,CSW24_hsp,22,21,34.194000,26.492000,-7.702000,d5 GEEZ
886,CSW24_hsp,23,32,31.879000,26.484000,-5.395000,ex AEGQ
886,CSW24_hsp,24,39,31.594000,26.480000,-5.114000,9c LEE
886,CSW24_hsp,25,23,33.319000,26.305000,-7.014000,9b GAE
665,CSW24_hsp,1,1,20.032000,8.063000,-11.969000,1h BOUTON
665,CSW24_hsp,2,2,19.467000,8.002000,-11.465000,1k NOOIT
665,CSW24_hsp,3,3,16.509000,4.077000,-12.432000,1h BOUT
665,CSW24_hsp,4,4,15.467000,3.568000,-11.899000,1a NOOIT
665,CSW24_hsp,5,5,15.467000,2.484000,-12.983000,d10 NOOIT
665,CSW24_hsp,6,8,14.364000,1.711000,-12.653000,d11 TOUT
665,CSW24_hsp,7,7,14.509000,1.308000,-13.201000,d12 OUT
665,CSW24_hsp,8,11,12.821000,1.151000,-11.670000,1l OINT
665,CSW24_hsp,9,9,12.970000,1.134000,-11.836000,1l OTTO
665,CSW24_hsp,10,10,12.821000,1.003000,-11.818000,1l INTO
665,CSW24_hsp,11,6,15.467000,0.019000,-15.448000,d11 NOOIT
665,CSW24_hsp,12,20,11.555000,-0.199000,-11.754000,1l OONT
665,CSW24_hsp,13,15,12.403000,-0.258000,-12.661000,d11 TOUN
665,CSW24_hsp,14,19,11.555000,-0.263000,-11.818000,1l ONTO
665,CSW24_hsp,15,14,12.403000,-0.303000,-12.706000,d11 NOUT
665,CSW24_hsp,16,13,12.509000,-1.452000,-13.961000,l2 DOUT
665,CSW24_hsp,17,23,11.177000,-1.492000,-12.669000,1h BOOT
665,CSW24_hsp,18,18,12.115000,-1.570000,-13.685000,k6 OU
665,CSW24_hsp,19,25,11.177000,-1.604000,-12.781000,d11 TOO
665,CSW24_hsp,20,24,11.177000,-1.633000,-12.810000,d10 TOO
665,CSW24_hsp,21,22,11.364000,-1.956000,-13.320000,3k TOUT
665,CSW24_hsp,22,12,12.752000,-2.206000,-14.958000,13b OUTSIT
665,CSW24_hsp,23,21,11.509000,-2.390000,-13.899000,3l OUT
665,CSW24_hsp,24,40,9.177000,-2.588000,-11.765000,3c OTTO
665,CSW24_hsp,25,17,12.310000,-2.714000,-15.024000,13b OUTSIN
962,CSW24_hsp,1,1,71.000000,61.896000,-9.104000,6i WORLDIE
962,CSW24_hsp,2,2,69.000000,60.576000,-8.424000,6i DOWLIER
962,CSW24_hsp,3,3,33.522000,25.058000,-8.464000,14f WILDER
962,CSW24_hsp,4,4,29.465000,21.781000,-7.684000,14k WOLD
962,CSW24_hsp,5,5,28.056000,21.206000,-6.850000,c11 OWL
962,CSW24_hsp,6,7,27.036000,20.667000,-6.369000,14i LEWD
962,CSW24_hsp,7,6,27.465000,19.716000,-7.749000,14k DOWL
962,CSW24_hsp,8,10,26.056000,18.944000,-7.112000,6d LOWP
962,CSW24_hsp,9,8,26.598000,18.711000,-7.887000,14k WORD
962,CSW24_hsp,10,24,24.208000,18.086000,-6.122000,10f JOW
962,CSW24_hsp,11,19,24.898000,17.781000,-7.117000,14k WO
962,CSW24_hsp,12,9,26.465000,17.776000,-8.689000,14f WOLD
962,CSW24_hsp,13,18,24.898000,17.623000,-7.275000,c12 WO
962,CSW24_hsp,14,16,25.086000,17.480000,-7.606000,14f WILD
962,CSW24_hsp,15,17,25.056000,17.349000,-7.707000,14l OWL
962,CSW24_hsp,16,38,22.898000,16.988000,-5.910000,6i WO
962,CSW24_hsp,17,15,25.303000,16.952000,-8.351000,14k WEIL
962,CSW24_hsp,18,27,23.838000,16.392000,-7.446000,10b WIG
962,CSW24_hsp,19,42,22.614000,15.864000,-6.750000,14i DEW
962,CSW24_hsp,20,36,22.979000,15.857000,-7.122000,6d DOWP
962,CSW24_hsp,21,37,22.898000,15.707000,-7.191000,f5 WO
962,CSW24_hsp,22,39,22.838000,15.689000,-7.149000,k10 WINO
962,CSW24_hsp,23,33,23.056000,15.566000,-7.490000,c12 OWL
962,CSW24_hsp,24,26,23.969000,15.491000,-8.478000,14k WEID
962,CSW24_hsp,25,11,25.917000,15.242000,-10.675000,14k WORLD
216,CSW24_hsp,1,2,74.000000,73.411000,-0.589000,5g SHAIRNS
216,CSW24_hsp,2,1,74.000000,73.276000,-0.724000,5g ARSHINS
216,CSW24_hsp,3,3,52.926000,48.102000,-4.824000,e1 HAIRSBREADTHS
216,CSW24_hsp,4,4,50.108000,48.057000,-2.051000,e2 HAIRBREADTHS
216,CSW24_hsp,5,5,47.853000,46.433000,-1.420000,10e DINS
216,CSW24_hsp,6,7,45.464000,44.044000,-1.420000,10e DANS
216,CSW24_hsp,7,6,45.474000,43.591000,-1.883000,m11 SHIN
216,CSW24_hsp,8,8,43.462000,41.636000,-1.826000,m11 SHIR
216,CSW24_hsp,9,9,43.151000,41.348000,-1.803000,m11 SHAN
216,CSW24_hsp,10,10,42.636000,40.994000,-1.642000,m11 SHA
216,CSW24_hsp,11,14,41.220000,38.736000,-2.484000,m5 NORTHS
216,CSW24_hsp,12,15,40.763000,38.238000,-2.525000,m12 HIN
216,CSW24_hsp,13,16,40.495000,38.049000,-2.446000,10e DIN
216,CSW24_hsp,14,20,39.781000,38.006000,-1.775000,m11 AHIS
216,CSW24_hsp,15,11,42.555000,37.926000,-4.629000,m11 SHARN
216,CSW24_hsp,16,18,40.138000,37.715000,-2.423000,m12 HIS
216,CSW24_hsp,17,17,40.318000,37.531000,-2.787000,12b TANH
216,CSW24_hsp,18,22,39.510000,37.482000,-2.028000,m10 NARIS
216,CSW24_hsp,19,21,39.636000,37.345000,-2.291000,m12 HAS
216,CSW24_hsp,20,23,39.510000,37.331000,-2.179000,m10 SARIN
216,CSW24_hsp,21,13,42.474000,37.091000,-5.383000,m12 HISN
216,CSW24_hsp,22,12,42.474000,36.919000,-5.555000,m12 HINS
216,CSW24_hsp,23,30,38.327000,35.792000,-2.535000,m12 HAN
216,CSW24_hsp,24,32,38.249000,35.669000,-2.580000,n2 SH
216,CSW24_hsp,25,33,37.806000,35.603000,-2.203000,10e DAN
60,CSW24_hsp,1,1,66.000000,53.351000,-12.649000,2f AUNTLIKE
60,CSW24_hsp,2,2,48.575000,38.479000,-10.096000,15l JAUK
60,CSW24_hsp,3,3,46.888000,36.688000,-10.200000,15l JUKE
60,CSW24_hsp,4,4,38.258000,28.035000,-10.223000,15l JAKE
60,CSW24_hsp,5,5,36.673000,26.642000,-10.031000,a6 KYU
60,CSW24_hsp,6,6,34.860000,24.269000,-10.591000,15l JUTE
60,CSW24_hsp,7,7,31.335000,20.697000,-10.638000,a7 YU
60,CSW24_hsp,8,9,29.324000,18.702000,-10.622000,15l JAIL
60,CSW24_hsp,9,10,28.594000,18.073000,-10.521000,15l JILT
60,CSW24_hsp,10,11,26.832000,16.221000,-10.611000,15l JEAT
60,CSW24_hsp,11,13,26.355000,15.682000,-10.673000,a6 AYU
60,CSW24_hsp,12,8,29.854000,15.642000,-14.212000,n1 LIKUTA
60,CSW24_hsp,13,15,26.164000,15.407000,-10.757000,a3 TAILYE
60,CSW24_hsp,14,12,26.673000,13.995000,-12.678000,e4 EUK
60,CSW24_hsp,15,14,26.241000,13.942000,-12.299000,9i KI
60,CSW24_hsp,16,27,23.554000,13.527000,-10.027000,a6 KYE
60,CSW24_hsp,17,16,25.740000,13.157000,-12.583000,3c KUTI
60,CSW24_hsp,18,18,25.444000,13.016000,-12.428000,5b KUIA
60,CSW24_hsp,19,19,25.006000,12.044000,-12.962000,k2 LUCKIE
60,CSW24_hsp,20,20,24.561000,11.974000,-12.587000,13c KUTu
60,CSW24_hsp,21,17,25.622000,10.905000,-14.717000,2h NUTLIKE
60,CSW24_hsp,22,26,23.575000,10.649000,-12.926000,k4 CAUK
60,CSW24_hsp,23,22,24.053000,10.607000,-13.446000,n10 LATKE
60,CSW24_hsp,24,21,24.362000,10.482000,-13.880000,5a KITUL
60,CSW24_hsp,25,24,23.740000,10.325000,-13.415000,13a KUTI
330,CSW24_hsp,1,1,84.000000,71.775000,-12.225000,j5 SEEPIER
330,CSW24_hsp,2,2,78.000000,63.811000,-14.189000,14g EMPERIES
330,CSW24_hsp,3,3,78.000000,63.534000,-14.466000,14g EMPERISE
330,CSW24_hsp,4,4,72.000000,56.985000,-15.015000,11i PEERIES
330,CSW24_hsp,5,6,70.000000,56.244000,-13.756000,14e EPIMERES
330,CSW24_hsp,6,5,70.000000,55.146000,-14.854000,11i SEEPIER
330,CSW24_hsp,7,7,66.000000,52.678000,-13.322000,14d PREEMIES
330,CSW24_hsp,8,8,49.350000,42.472000,-6.878000,1l CEPE
330,CSW24_hsp,9,9,42.378000,30.610000,-11.768000,6n EE
330,CSW24_hsp,10,10,40.378000,29.361000,-11.017000,4n EE
330,CSW24_hsp,11,11,39.780000,28.074000,-11.706000,9e DEXIE
330,CSW24_hsp,12,12,38.378000,27.293000,-11.085000,3l NEE
330,CSW24_hsp,13,13,37.545000,27.153000,-10.392000,o5 FIERE
330,CSW24_hsp,14,14,37.545000,27.138000,-10.407000,o5 FIREE
330,CSW24_hsp,15,29,34.378000,27.021000,-7.357000,1n EE
330,CSW24_hsp,16,36,33.325000,25.942000,-7.383000,1n PE
330,CSW24_hsp,17,19,35.781000,25.830000,-9.951000,o5 FEER
330,CSW24_hsp,18,18,35.854000,25.767000,-10.087000,j4 ESPIER
330,CSW24_hsp,19,20,35.781000,25.726000,-10.055000,o5 FERE
330,CSW24_hsp,20,21,35.781000,25.715000,-10.066000,o5 FREE
330,CSW24_hsp,21,15,37.350000,25.666000,-11.684000,3l NEEP
330,CSW24_hsp,22,22,35.580000,25.391000,-10.189000,o5 FEERIE
330,CSW24_hsp,23,16,36.378000,25.322000,-11.056000,i14 EE
330,CSW24_hsp,24,17,36.097000,25.285000,-10.812000,3l NE
330,CSW24_hsp,25,26,34.854000,24.902000,-9.952000,15a ESPIER
766,CSW24_hsp,1,1,58.006000,52.704000,-5.302000,9c HARDY
766,CSW24_hsp,2,2,46.672000,41.311000,-5.361000,9c TARDY
766,CSW24_hsp,3,3,42.863000,36.683000,-6.180000,9d ADRY
766,CSW24_hsp,4,4,40.806000,34.874000,-5.932000,9c HAY
766,CSW24_hsp,5,5,40.806000,34.839000,-5.967000,9c YAH
766,CSW24_hsp,6,6,39.434000,33.422000,-6.012000,9c YAD
766,CSW24_hsp,7,7,38.863000,32.670000,-6.193000,9c YARD
766,CSW24_hsp,8,8,38.230000,32.046000,-6.184000,9c HAD
766,CSW24_hsp,9,10,36.966000,30.666000,-6.300000,9c TAYRA
766,CSW24_hsp,10,12,36.138000,29.921000,-6.217000,9c HARD
766,CSW24_hsp,11,13,35.434000,29.502000,-5.932000,9c DAY
766,CSW24_hsp,12,11,36.853000,29.249000,-7.604000,9e RHYTA
766,CSW24_hsp,13,14,34.230000,28.192000,-6.038000,9c DAH
766,CSW24_hsp,14,9,37.006000,27.725000,-9.281000,9f HYDRA
766,CSW24_hsp,15,16,33.608000,27.477000,-6.131000,9d ARHAT
766,CSW24_hsp,16,15,33.806000,27.234000,-6.572000,9g YAH
766,CSW24_hsp,17,18,32.620000,26.266000,-6.354000,9c YAR
766,CSW24_hsp,18,19,32.434000,26.168000,-6.266000,9g YAD
766,CSW24_hsp,19,17,32.666000,26.003000,-6.663000,9c HA
766,CSW24_hsp,20,20,30.759000,24.688000,-6.071000,9c TAY
766,CSW24_hsp,21,21,30.553000,24.054000,-6.499000,9c YA
766,CSW24_hsp,22,23,28.813000,22.484000,-6.329000,9c TAHR
766,CSW24_hsp,23,22,29.863000,21.997000,-7.866000,9g YARD
766,CSW24_hsp,24,28,27.806000,21.811000,-5.995000,9f HAY
766,CSW24_hsp,25,29,27.806000,21.654000,-6.152000,9f YAH
288,CSW24_hsp,1,1,56.097000,55.104000,-0.993000,h1 FAKE
288,CSW24_hsp,2,2,51.108000,50.134000,-0.974000,h1 BAKE
288,CSW24_hsp,3,3,49.365000,47.462000,-1.903000,10h BOK
288,CSW24_hsp,4,4,47.730000,47.176000,-0.554000,h1 KAF
288,CSW24_hsp,5,7,44.059000,43.505000,-0.554000,h1 KEF
288,CSW24_hsp,6,5,45.900000,43.373000,-2.527000,j5 OF
288,CSW24_hsp,7,6,45.565000,43.153000,-2.412000,j4 OAF
288,CSW24_hsp,8,10,40.962000,40.049000,-0.913000,h1 FAB
288,CSW24_hsp,9,9,41.365000,39.415000,-1.950000,10h KOB
288,CSW24_hsp,10,11,40.237000,39.333000,-0.904000,h1 KAB
288,CSW24_hsp,11,8,43.174000,39.169000,-4.005000,n10 BOAKED
288,CSW24_hsp,12,13,39.727000,37.789000,-1.938000,10h OAK
288,CSW24_hsp,13,12,39.907000,37.455000,-2.452000,10i OK
288,CSW24_hsp,14,14,39.237000,37.289000,-1.948000,10h KAB
288,CSW24_hsp,15,16,38.758000,36.207000,-2.551000,j5 EF
288,CSW24_hsp,16,15,39.108000,35.807000,-3.301000,14k BREAK
288,CSW24_hsp,17,19,36.646000,35.756000,-0.890000,h1 KEB
288,CSW24_hsp,18,17,37.535000,35.303000,-2.232000,14k ORFE
288,CSW24_hsp,19,21,35.565000,34.893000,-0.672000,h1 OAF
288,CSW24_hsp,20,22,35.199000,34.749000,-0.450000,h1 SAFE
288,CSW24_hsp,21,20,35.646000,33.698000,-1.948000,10h KEB
288,CSW24_hsp,22,18,36.758000,33.515000,-3.243000,j6 FE
288,CSW24_hsp,23,29,33.435000,32.526000,-0.909000,h1 SAKE
288,CSW24_hsp,24,23,35.067000,31.970000,-3.097000,5g BOBAK
288,CSW24_hsp,25,24,35.067000,31.948000,-3.119000,5g KABOB
577,CSW24_hsp,1,1,29.522000,20.234000,-9.288000,1e VOIDEE
577,CSW24_hsp,2,2,25.871000,18.393000,-7.478000,1f DOVIE
577,CSW24_hsp,3,4,20.175000,13.491000,-6.684000,1g EVOE
577,CSW24_hsp,4,7,18.545000,12.671000,-5.874000,1h VOE
577,CSW24_hsp,5,3,20.871000,12.133000,-8.738000,j10 DOVIE
577,CSW24_hsp,6,6,18.702000,11.807000,-6.895000,1g DOVE
577,CSW24_hsp,7,5,18.871000,8.938000,-9.933000,9e DOVIE
577,CSW24_hsp,8,9,18.522000,8.643000,-9.879000,9d VOIDEE
577,CSW24_hsp,9,8,18.522000,8.380000,-10.142000,7d VOIDEE
577,CSW24_hsp,10,11,16.871000,8.065000,-8.806000,10f VOIDEE
577,CSW24_hsp,11,24,14.324000,7.781000,-6.543000,1g VIDE
577,CSW24_hsp,12,23,14.324000,7.589000,-6.735000,1g DIVE
577,CSW24_hsp,13,10,16.871000,7.535000,-9.336000,7e VIDEO
577,CSW24_hsp,14,22,14.324000,7.463000,-6.861000,1g DEVI
577,CSW24_hsp,15,30,13.186000,7.290000,-5.896000,1h VIE
577,CSW24_hsp,16,13,15.752000,6.845000,-8.907000,l8 JOE
577,CSW24_hsp,17,12,16.327000,6.132000,-10.195000,9k POO
577,CSW24_hsp,18,17,14.915000,6.085000,-8.830000,j8 LODE
577,CSW24_hsp,19,15,14.974000,5.829000,-9.145000,j8 LOOED
577,CSW24_hsp,20,21,14.327000,5.248000,-9.079000,j8 LOO
577,CSW24_hsp,21,26,13.702000,5.161000,-8.541000,j10 DEVO
577,CSW24_hsp,22,27,13.702000,5.012000,-8.690000,j10 DOVE
577,CSW24_hsp,23,28,13.702000,4.928000,-8.774000,l10 DEVO
577,CSW24_hsp,24,18,14.545000,4.578000,-9.967000,n5 EVO
577,CSW24_hsp,25,33,12.186000,3.945000,-8.241000,9g VIE
235,CSW24_hsp,1,1,66.000000,57.961000,-8.039000,i2 SECEDING
235,CSW24_hsp,2,2,31.574000,25.633000,-5.941000,9f GED
235,CSW24_hsp,3,3,31.542000,24.845000,-6.697000,9d EDGE
235,CSW24_hsp,4,5,28.733000,22.185000,-6.548000,9c GIED
235,CSW24_hsp,5,4,28.733000,21.941000,-6.792000,7c GIED
235,CSW24_hsp,6,12,26.810000,21.014000,-5.796000,9c CIDE
235,CSW24_hsp,7,9,26.810000,20.548000,-6.262000,7c CIDE
235,CSW24_hsp,8,6,26.877000,20.503000,-6.374000,9c SIEGED
235,CSW24_hsp,9,11,26.810000,20.311000,-6.499000,9c CEDI
235,CSW24_hsp,10,15,26.574000,19.845000,-6.729000,9c GED
235,CSW24_hsp,11,14,26.574000,19.823000,-6.751000,7c GED
235,CSW24_hsp,12,7,26.810000,19.318000,-7.492000,d4 CIDED
235,CSW24_hsp,13,35,25.005000,19.197000,-5.808000,9c CEDE
235,CSW24_hsp,14,28,25.185000,19.103000,-6.082000,9f GEE
235,CSW24_hsp,15,8,26.810000,19.085000,-7.725000,d4 DICED
235,CSW24_hsp,16,16,26.178000,18.961000,-7.217000,f7 CAGE
235,CSW24_hsp,17,10,26.810000,18.946000,-7.864000,d8 DICED
235,CSW24_hsp,18,26,25.542000,18.912000,-6.630000,9c GEED
235,CSW24_hsp,19,23,25.574000,18.845000,-6.729000,9h DEG
235,CSW24_hsp,20,21,25.574000,18.792000,-6.782000,7h DEG
235,CSW24_hsp,21,34,25.005000,18.782000,-6.223000,7c CEDE
235,CSW24_hsp,22,25,25.542000,18.763000,-6.779000,7c GEED
235,CSW24_hsp,23,45,24.386000,18.485000,-5.901000,9d EDGES
235,CSW24_hsp,24,17,25.763000,18.468000,-7.295000,i7 ENG
235,CSW24_hsp,25,27,25.191000,18.353000,-6.838000,i4 CEDING
1115,CSW24_hsp,1,1,80.000000,73.736000,-6.264000,3c REARMING
1115,CSW24_hsp,2,2,67.000000,62.004000,-4.996000,10i MARINER
1115,CSW24_hsp,3,3,62.000000,48.906000,-13.094000,2c MARINERA
1115,CSW24_hsp,4,4,32.778000,25.786000,-6.992000,2i MARINA
1115,CSW24_hsp,5,5,31.622000,24.662000,-6.960000,2i MARINER
1115,CSW24_hsp,6,7,29.979000,23.365000,-6.614000,9m RAM
1115,CSW24_hsp,7,6,30.258000,23.280000,-6.978000,2i MARINE
1115,CSW24_hsp,8,8,28.869000,21.257000,-7.612000,3g MANGIER
1115,CSW24_hsp,9,9,26.869000,19.927000,-6.942000,13g MORAINE
1115,CSW24_hsp,10,10,26.869000,19.915000,-6.954000,13g ROMAINE
1115,CSW24_hsp,11,11,26.296000,19.724000,-6.572000,9m REM
1115,CSW24_hsp,12,12,25.778000,19.259000,-6.519000,j10 INARM
1115,CSW24_hsp,13,14,24.788000,18.041000,-6.747000,9m RAN
1115,CSW24_hsp,14,16,24.296000,17.823000,-6.473000,i10 RIEM
1115,CSW24_hsp,15,13,25.083000,17.687000,-7.396000,9m RE
1115,CSW24_hsp,16,17,24.202000,17.683000,-6.519000,2j AMINE
1115,CSW24_hsp,17,19,23.979000,17.489000,-6.490000,15e MARY
1115,CSW24_hsp,18,21,23.895000,17.329000,-6.566000,5j UR
1115,CSW24_hsp,19,18,23.979000,17.170000,-6.809000,l1 BARM
1115,CSW24_hsp,20,23,23.895000,17.157000,-6.738000,12c ER
1115,CSW24_hsp,21,25,23.258000,17.151000,-6.107000,j10 INERM
1115,CSW24_hsp,22,15,24.778000,17.059000,-7.719000,3h INGRAM
1115,CSW24_hsp,23,22,23.895000,16.886000,-7.009000,m7 NUR
1115,CSW24_hsp,24,20,23.895000,16.798000,-7.097000,2j AR
1115,CSW24_hsp,25,24,23.313000,16.566000,-6.747000,9m REN
630,CSW24_hsp,1,2,86.000000,76.851000,-9.149000,k5 GROSErT
630,CSW24_hsp,2,3,86.000000,76.847000,-9.153000,k5 GrOSERT
630,CSW24_hsp,3,1,86.000000,76.778000,-9.222000,k5 GROSETs
630,CSW24_hsp,4,5,85.000000,75.723000,-9.277000,k5 GROsETS
630,CSW24_hsp,5,4,86.000000,75.721000,-10.279000,13i GORiEST
630,CSW24_hsp,6,12,84.000000,74.551000,-9.449000,13h GROvETS
630,CSW24_hsp,7,19,84.000000,74.190000,-9.810000,13h fORGETS
630,CSW24_hsp,8,20,84.000000,74.094000,-9.906000,13h gORGETS
630,CSW24_hsp,9,6,84.000000,74.084000,-9.916000,13h GORgETS
630,CSW24_hsp,10,17,84.000000,74.042000,-9.958000,13h TOgGERS
630,CSW24_hsp,11,8,84.000000,74.033000,-9.967000,13h GOiTRES
630,CSW24_hsp,12,15,84.000000,74.007000,-9.993000,13h TOGgERS
630,CSW24_hsp,13,9,84.000000,73.979000,-10.021000,13h GOsTERS
630,CSW24_hsp,14,16,84.000000,73.967000,-10.033000,13h TOdGERS
630,CSW24_hsp,15,18,84.000000,73.942000,-10.058000,13h TOnGERS
630,CSW24_hsp,16,7,84.000000,73.894000,-10.106000,13h GOiTERS
630,CSW24_hsp,17,11,84.000000,73.876000,-10.124000,13h GROsETS
630,CSW24_hsp,18,10,84.000000,73.853000,-10.147000,13h GROmETS
630,CSW24_hsp,19,21,84.000000,73.821000,-10.179000,13h sTORGES
630,CSW24_hsp,20,14,84.000000,73.708000,-10.292000,13h TOERaGS
630,CSW24_hsp,21,13,84.000000,73.446000,-10.554000,13h ORGEaTS
630,CSW24_hsp,22,22,83.000000,72.915000,-10.085000,13h GOSTERs
630,CSW24_hsp,23,23,83.000000,72.830000,-10.170000,13h GROSETs
630,CSW24_hsp,24,24,83.000000,72.770000,-10.230000,13h STORGEs
630,CSW24_hsp,25,25,82.000000,71.861000,-10.139000,13h GaROTES
1169,CSW24_hsp,1,2,23.677000,22.246000,-1.431000,12b ZORIL
1169,CSW24_hsp,2,1,24.251000,21.807000,-2.444000,l4 WOOSH
1169,CSW24_hsp,3,3,22.876000,21.414000,-1.462000,12b ZORI
1169,CSW24_hsp,4,6,21.975000,20.513000,-1.462000,12b ZOO
1169,CSW24_hsp,5,4,22.837000,20.442000,-2.395000,l3 LOWISH
1169,CSW24_hsp,6,5,22.837000,20.430000,-2.407000,l3 OWLISH
1169,CSW24_hsp,7,7,21.162000,19.428000,-1.734000,12b ZILA
1169,CSW24_hsp,8,9,19.959000,18.522000,-1.437000,12b ZOA
1169,CSW24_hsp,9,10,19.279000,17.823000,-1.456000,12b ZARI
1169,CSW24_hsp,10,11,18.611000,17.270000,-1.341000,12b ZOL
1169,CSW24_hsp,11,8,20.258000,17.006000,-3.252000,k2 WOOLIE
1169,CSW24_hsp,12,13,14.918000,12.466000,-2.452000,l3 RAWISH
1169,CSW24_hsp,13,14,14.918000,12.459000,-2.459000,l3 WAIRSH
1169,CSW24_hsp,14,15,14.207000,11.144000,-3.063000,k4 OWIE
1169,CSW24_hsp,15,16,13.340000,10.575000,-2.765000,k3 OWRIE
1169,CSW24_hsp,16,17,13.340000,10.418000,-2.922000,k3 ROWIE
1169,CSW24_hsp,17,18,13.064000,10.282000,-2.782000,k2 LOWRIE
1169,CSW24_hsp,18,19,13.036000,10.094000,-2.942000,k3 ALOWE
1169,CSW24_hsp,19,20,12.485000,9.755000,-2.730000,6h WO
1169,CSW24_hsp,20,12,16.345000,9.268000,-7.077000,14f WOOLS
1169,CSW24_hsp,21,22,11.712000,9.229000,-2.483000,d7 ADAGIO
1169,CSW24_hsp,22,23,11.485000,8.897000,-2.588000,k5 OWE
1169,CSW24_hsp,23,21,12.251000,8.868000,-3.383000,14d OWO
1169,CSW24_hsp,24,24,11.485000,8.830000,-2.655000,k5 WOE
1169,CSW24_hsp,25,27,10.903000,8.502000,-2.401000,m12 ROW
280,CSW24_hsp,1,1,50.074000,40.044000,-10.030000,k4 FAXES
280,CSW24_hsp,2,3,45.467000,38.307000,-7.160000,7h AXED
280,CSW24_hsp,3,2,45.475000,37.026000,-8.449000,9c FAX
280,CSW24_hsp,4,5,43.166000,36.605000,-6.561000,7h AX
280,CSW24_hsp,5,4,44.653000,36.535000,-8.118000,7i XED
280,CSW24_hsp,6,9,42.478000,35.191000,-7.287000,7h AXES
280,CSW24_hsp,7,6,42.883000,35.125000,-7.758000,i7 FIX
280,CSW24_hsp,8,10,42.475000,34.422000,-8.053000,9i FAX
280,CSW24_hsp,9,7,42.769000,33.123000,-9.646000,e7 FOXED
280,CSW24_hsp,10,8,42.622000,33.109000,-9.513000,k5 FADS
280,CSW24_hsp,11,16,39.388000,32.887000,-6.501000,7h EX
280,CSW24_hsp,12,21,38.775000,32.265000,-6.510000,7h AXE
280,CSW24_hsp,13,11,42.395000,30.531000,-11.864000,9i FAXED
280,CSW24_hsp,14,14,40.180000,30.531000,-9.649000,e7 FOXES
280,CSW24_hsp,15,15,39.416000,29.908000,-9.508000,k5 FEDS
280,CSW24_hsp,16,25,37.739000,29.279000,-8.460000,9i FAD
280,CSW24_hsp,17,18,39.252000,29.041000,-10.211000,k8 SAFED
280,CSW24_hsp,18,17,39.252000,28.831000,-10.421000,k4 FADES
280,CSW24_hsp,19,26,37.622000,28.513000,-9.109000,9i FADS
280,CSW24_hsp,20,19,39.174000,28.028000,-11.146000,d8 HEXADS
280,CSW24_hsp,21,33,36.292000,28.019000,-8.273000,9i FAS
280,CSW24_hsp,22,22,38.769000,27.422000,-11.347000,i7 FIXED
280,CSW24_hsp,23,27,37.475000,27.248000,-10.227000,i6 FAIX
280,CSW24_hsp,24,20,39.074000,27.178000,-11.896000,9i FAXES
280,CSW24_hsp,25,30,36.478000,27.095000,-9.383000,k8 SAXE
963,CSW24_hsp,1,1,40.499000,32.197000,-8.302000,o11 BRANK
963,CSW24_hsp,2,2,34.339000,26.019000,-8.320000,o11 DRANK
963,CSW24_hsp,3,3,31.157000,22.811000,-8.346000,o11 BRAND
963,CSW24_hsp,4,4,23.392000,14.830000,-8.562000,o9 BARK
963,CSW24_hsp,5,5,18.538000,10.255000,-8.283000,o9 KARN
963,CSW24_hsp,6,11,18.004000,9.589000,-8.415000,o9 DARK
963,CSW24_hsp,7,13,17.550000,9.174000,-8.376000,o9 DARB
963,CSW24_hsp,8,12,17.550000,9.092000,-8.458000,o9 BARD
963,CSW24_hsp,9,6,18.538000,9.031000,-9.507000,o9 NARK
963,CSW24_hsp,10,10,18.113000,8.962000,-9.151000,g13 KAB
963,CSW24_hsp,11,8,18.525000,8.758000,-9.767000,13g BORK
963,CSW24_hsp,12,16,16.864000,8.614000,-8.250000,o9 NABK
963,CSW24_hsp,13,15,16.864000,8.242000,-8.622000,o9 BANK
963,CSW24_hsp,14,14,17.244000,8.229000,-9.015000,15g DEBARK
963,CSW24_hsp,15,7,18.538000,8.156000,-10.382000,o9 RANK
963,CSW24_hsp,16,9,18.252000,7.757000,-10.495000,11k NIKAB
963,CSW24_hsp,17,21,15.684000,7.381000,-8.303000,o9 RARK
963,CSW24_hsp,18,18,16.646000,6.968000,-9.678000,13g ROK
963,CSW24_hsp,19,17,16.646000,6.961000,-9.685000,13g KOR
963,CSW24_hsp,20,22,15.505000,6.826000,-8.679000,2j QUIRED
963,CSW24_hsp,21,19,15.869000,6.576000,-9.293000,15c BRANKED
963,CSW24_hsp,22,24,15.499000,6.370000,-9.129000,15d BARKEN
963,CSW24_hsp,23,23,15.499000,6.366000,-9.133000,15d BANKER
963,CSW24_hsp,24,20,15.814000,6.305000,-9.509000,c5 BAR
963,CSW24_hsp,25,31,14.640000,6.255000,-8.385000,o9 DANK
637,CSW24_hsp,1,1,27.553000,19.647000,-7.906000,e3 VENEFIC
637,CSW24_hsp,2,2,21.515000,11.973000,-9.542000,e3 BENEFIC
637,CSW24_hsp,3,5,16.145000,11.060000,-5.085000,9i BEEF
637,CSW24_hsp,4,3,18.145000,10.913000,-7.232000,6j BEEF
637,CSW24_hsp,5,4,16.242000,8.749000,-7.493000,f6 CEZVE
637,CSW24_hsp,6,6,14.823000,6.689000,-8.134000,e6 EVINCE
637,CSW24_hsp,7,8,13.726000,6.464000,-7.262000,l3 BEVEL
637,CSW24_hsp,8,7,13.726000,5.928000,-7.798000,k3 BEVEL
637,CSW24_hsp,9,9,11.272000,5.384000,-5.888000,9i BEN
637,CSW24_hsp,10,10,10.623000,3.331000,-7.292000,6j BEEN
637,CSW24_hsp,11,11,8.623000,2.256000,-6.367000,9i BEEN
637,CSW24_hsp,12,15,8.148000,1.910000,-6.238000,9i BE
637,CSW24_hsp,13,12,8.623000,1.772000,-6.851000,9i BENE
637,CSW24_hsp,14,14,8.148000,0.991000,-7.157000,6j BE
637,CSW24_hsp,15,13,8.584000,-0.379000,-8.963000,f8 ZEBEC
637,CSW24_hsp,16,16,7.569000,-0.571000,-8.140000,e7 VIBE
637,CSW24_hsp,17,17,7.525000,-0.758000,-8.283000,f6 FEZ
637,CSW24_hsp,18,18,6.200000,-0.900000,-7.100000,6j BEE
637,CSW24_hsp,19,20,6.114000,-1.433000,-7.547000,e5 NEVI
637,CSW24_hsp,20,23,5.525000,-1.675000,-7.200000,9e FE
637,CSW24_hsp,21,28,4.200000,-2.232000,-6.432000,9i BEE
637,CSW24_hsp,22,19,6.148000,-2.313000,-8.461000,f6 BEZ
637,CSW24_hsp,23,25,4.902000,-2.430000,-7.332000,l3 NEVEL
637,CSW24_hsp,24,27,4.618000,-2.491000,-7.109000,j5 EVO
637,CSW24_hsp,25,22,5.575000,-2.524000,-8.099000,e7 FIVE
566,CSW24_hsp,1,2,29.671000,21.384000,-8.287000,m12 LUES
566,CSW24_hsp,2,3,29.110000,18.691000,-10.419000,4i MULLENS
566,CSW24_hsp,3,1,30.926000,18.110000,-12.816000,14b MULLS
566,CSW24_hsp,4,8,26.926000,17.367000,-9.559000,13h MULLS
566,CSW24_hsp,5,7,26.926000,17.201000,-9.725000,12j MULLAS
566,CSW24_hsp,6,6,27.108000,17.169000,-9.939000,13i MULL
566,CSW24_hsp,7,10,25.510000,15.888000,-9.622000,13h NULLS
566,CSW24_hsp,8,9,26.163000,15.546000,-10.617000,4j LUMENS
566,CSW24_hsp,9,5,27.338000,15.367000,-11.971000,14c SLUM
566,CSW24_hsp,10,11,25.395000,15.006000,-10.389000,4i MULLEN
566,CSW24_hsp,11,14,24.461000,14.872000,-9.589000,13i NULL
566,CSW24_hsp,12,4,27.510000,14.786000,-12.724000,14b NULLS
566,CSW24_hsp,13,15,24.338000,14.708000,-9.630000,13i LUMS
566,CSW24_hsp,14,12,25.338000,14.372000,-10.966000,5i MULSH
566,CSW24_hsp,15,18,23.510000,13.783000,-9.727000,12j NULLAS
566,CSW24_hsp,16,16,23.926000,13.530000,-10.396000,13g MULLS
566,CSW24_hsp,17,19,22.866000,13.305000,-9.561000,12l SLAM
566,CSW24_hsp,18,13,24.507000,13.296000,-11.211000,14d LUM
566,CSW24_hsp,19,17,23.510000,12.955000,-10.555000,4j UNSELL
566,CSW24_hsp,20,20,22.108000,12.231000,-9.877000,12j MULLA
566,CSW24_hsp,21,23,21.720000,12.068000,-9.652000,13i LUNS
566,CSW24_hsp,22,26,21.338000,11.837000,-9.501000,12k LUMAS
566,CSW24_hsp,23,21,21.926000,11.665000,-10.261000,4k SMELL
566,CSW24_hsp,24,24,21.685000,11.241000,-10.444000,4j LUMEN
566,CSW24_hsp,25,25,21.510000,11.188000,-10.322000,4i SULLEN
511,CSW24_hsp,1,2,24.344000,20.976000,-3.368000,i7 CIG
511,CSW24_hsp,2,1,24.518000,18.460000,-6.058000,i5 CAGILY
511,CSW24_hsp,3,7,21.469000,18.188000,-3.281000,7e YAGI
511,CSW24_hsp,4,4,22.031000,17.766000,-4.265000,7e YAG
511,CSW24_hsp,5,8,21.433000,16.721000,-4.712000,i7 GI
511,CSW24_hsp,6,6,21.824000,16.591000,-5.233000,i7 CITY
511,CSW24_hsp,7,5,21.826000,16.074000,-5.752000,i5 LYTIC
511,CSW24_hsp,8,3,22.749000,15.734000,-7.015000,d8 CAGILY
511,CSW24_hsp,9,10,20.227000,15.639000,-4.588000,i7 GIT
511,CSW24_hsp,10,11,20.227000,15.551000,-4.676000,i7 TIG
511,CSW24_hsp,11,15,19.007000,15.124000,-3.883000,i7 CIT
511,CSW24_hsp,12,14,19.031000,15.091000,-3.940000,7g GAY
511,CSW24_hsp,13,16,19.007000,14.836000,-4.171000,i7 TIC
511,CSW24_hsp,14,9,21.336000,14.824000,-6.512000,e7 GUILTY
511,CSW24_hsp,15,12,19.791000,14.596000,-5.195000,e8 UGLY
511,CSW24_hsp,16,19,18.433000,14.565000,-3.868000,7g GI
511,CSW24_hsp,17,17,18.807000,14.496000,-4.311000,i7 LIG
511,CSW24_hsp,18,20,18.227000,14.031000,-4.196000,9e GIT
511,CSW24_hsp,19,29,17.227000,13.306000,-3.921000,7g GIT
511,CSW24_hsp,20,24,17.805000,13.100000,-4.705000,i8 ICY
511,CSW24_hsp,21,28,17.305000,12.970000,-4.335000,g7 GI
511,CSW24_hsp,22,18,18.638000,12.937000,-5.701000,i7 GILT
511,CSW24_hsp,23,13,19.749000,12.254000,-7.495000,i6 GAILY
511,CSW24_hsp,24,26,17.638000,12.130000,-5.508000,i6 GLIT
511,CSW24_hsp,25,22,18.070000,11.925000,-6.145000,i7 TICAL
1061,CSW24_hsp,1,1,47.723000,42.360000,-5.363000,k11 ROLE
1061,CSW24_hsp,2,2,46.286000,41.065000,-5.221000,k11 RALE
1061,CSW24_hsp,3,3,42.612000,37.281000,-5.331000,k11 RILE
1061,CSW24_hsp,4,4,41.036000,34.644000,-6.392000,4d AJI
1061,CSW24_hsp,5,5,39.117000,33.414000,-5.703000,9e COARB
1061,CSW24_hsp,6,10,38.117000,32.368000,-5.749000,f4 ARO
1061,CSW24_hsp,7,11,38.117000,32.168000,-5.949000,f4 ORA
1061,CSW24_hsp,8,17,37.536000,31.992000,-5.544000,f4 ANI
1061,CSW24_hsp,9,9,38.548000,31.753000,-6.795000,9d OCA
1061,CSW24_hsp,10,12,38.071000,31.515000,-6.556000,4b RIOJA
1061,CSW24_hsp,11,20,37.001000,31.435000,-5.566000,k11 ROLES
1061,CSW24_hsp,12,13,37.989000,31.405000,-6.584000,8l CION
1061,CSW24_hsp,13,14,37.989000,31.332000,-6.657000,8l COIN
1061,CSW24_hsp,14,6,38.979000,31.304000,-7.675000,7i ZA
1061,CSW24_hsp,15,15,37.989000,31.294000,-6.695000,8l CONI
1061,CSW24_hsp,16,8,38.548000,30.999000,-7.549000,7h AZO
1061,CSW24_hsp,17,18,37.326000,30.918000,-6.408000,j6 IO
1061,CSW24_hsp,18,7,38.597000,30.901000,-7.696000,7i ZO
1061,CSW24_hsp,19,26,36.326000,30.771000,-5.555000,f10 IO
1061,CSW24_hsp,20,19,37.149000,30.621000,-6.528000,4c ROJI
1061,CSW24_hsp,21,16,37.539000,30.566000,-6.973000,4c REJOIN
1061,CSW24_hsp,22,27,36.326000,30.514000,-5.812000,f10 OI
1061,CSW24_hsp,23,21,36.979000,30.369000,-6.610000,4e JA
1061,CSW24_hsp,24,42,34.933000,30.311000,-4.622000,h10 NAOI
1061,CSW24_hsp,25,29,35.979000,30.180000,-5.799000,10e KA
581,CSW24_hsp,1,1,37.120000,27.123000,-9.997000,k10 PAISE
581,CSW24_hsp,2,2,29.396000,18.672000,-10.724000,11j PIMA
581,CSW24_hsp,3,3,27.406000,16.491000,-10.915000,11j TEMPI
581,CSW24_hsp,4,4,27.032000,15.263000,-11.769000,e2 GAPIER
581,CSW24_hsp,5,6,25.396000,14.966000,-10.430000,k10 PAIS
581,CSW24_hsp,6,5,26.512000,14.729000,-11.783000,h11 GENIP
581,CSW24_hsp,7,7,23.826000,11.986000,-11.840000,e2 PITIER
581,CSW24_hsp,8,9,22.743000,11.385000,-11.358000,e4 GAIR
581,CSW24_hsp,9,8,23.301000,10.694000,-12.607000,c10 ATIGI
581,CSW24_hsp,10,10,21.970000,10.069000,-11.901000,11h GIP
581,CSW24_hsp,11,11,21.864000,9.948000,-11.916000,h11 GENII
581,CSW24_hsp,12,16,20.646000,9.644000,-11.002000,11j TIME
581,CSW24_hsp,13,15,20.646000,9.539000,-11.107000,11i ITEM
581,CSW24_hsp,14,13,21.206000,9.348000,-11.858000,h11 PINTA
581,CSW24_hsp,15,14,21.032000,9.320000,-11.712000,5d PIPAGE
581,CSW24_hsp,16,18,20.396000,9.012000,-11.384000,e4 PAIR
581,CSW24_hsp,17,21,19.646000,8.703000,-10.943000,e10 ETIC
581,CSW24_hsp,18,17,20.583000,8.606000,-11.977000,h11 TANGI
581,CSW24_hsp,19,20,19.939000,8.520000,-11.419000,e4 PIER
581,CSW24_hsp,20,19,19.970000,7.864000,-12.106000,c11 PIG
581,CSW24_hsp,21,26,17.986000,7.420000,-10.566000,k10 TAIS
581,CSW24_hsp,22,24,18.779000,6.907000,-11.872000,e2 TIPI
581,CSW24_hsp,23,29,17.642000,6.811000,-10.831000,11j PAM
581,CSW24_hsp,24,23,18.807000,6.691000,-12.116000,h11 TINGE
581,CSW24_hsp,25,12,21.301000,6.262000,-15.039000,e1 ATIGI
908,CSW24_hsp,1,1,59.110000,46.241000,-12.869000,k1 KURVEY
908,CSW24_hsp,2,2,43.362000,29.709000,-13.653000,4j SURVEY
908,CSW24_hsp,3,4,39.813000,29.151000,-10.662000,10a KY
908,CSW24_hsp,4,3,42.362000,28.993000,-13.369000,k1 SURVEY
908,CSW24_hsp,5,5,38.268000,27.541000,-10.727000,f3 VERY
908,CSW24_hsp,6,6,36.903000,26.243000,-10.660000,k4 KEY
908,CSW24_hsp,7,7,35.049000,24.309000,-10.740000,f13 YUK
908,CSW24_hsp,8,9,33.855000,23.548000,-10.307000,h7 VAU
908,CSW24_hsp,9,8,34.098000,22.854000,-11.244000,k2 YUKE
908,CSW24_hsp,10,11,32.813000,22.389000,-10.424000,d4 KY
908,CSW24_hsp,11,10,33.217000,22.195000,-11.022000,k2 YUKES
908,CSW24_hsp,12,12,31.865000,20.426000,-11.439000,5j HUSKY
908,CSW24_hsp,13,15,30.012000,19.990000,-10.022000,d11 UKE
908,CSW24_hsp,14,14,30.049000,19.132000,-10.917000,10i YUKY
908,CSW24_hsp,15,13,30.268000,19.024000,-11.244000,d2 VERY
908,CSW24_hsp,16,18,29.268000,18.193000,-11.075000,12h LIVYER
908,CSW24_hsp,17,17,29.268000,18.080000,-11.188000,12h LIVERY
908,CSW24_hsp,18,19,29.164000,18.071000,-11.093000,4j SYVER
908,CSW24_hsp,19,20,28.903000,17.849000,-11.054000,k3 KYE
908,CSW24_hsp,20,22,28.412000,17.806000,-10.606000,h8 AUK
908,CSW24_hsp,21,16,29.336000,17.644000,-11.692000,14b SURGY
908,CSW24_hsp,22,23,27.865000,17.333000,-10.532000,4g KYUS
908,CSW24_hsp,23,21,28.601000,17.128000,-11.473000,k2 RYKE
908,CSW24_hsp,24,24,27.719000,16.450000,-11.269000,k2 RYKES
908,CSW24_hsp,25,26,26.895000,15.920000,-10.975000,4j SKY
673,CSW24_hsp,1,1,43.885000,35.917000,-7.968000,8a PEAG
673,CSW24_hsp,2,3,38.191000,29.707000,-8.484000,12h GIDDAP
673,CSW24_hsp,3,4,37.781000,29.134000,-8.647000,e3 DAG
673,CSW24_hsp,4,5,37.426000,29.006000,-8.420000,e3 DAP
673,CSW24_hsp,5,6,37.235000,28.873000,-8.362000,e3 PEG
673,CSW24_hsp,6,7,36.631000,28.589000,-8.042000,8a SPAG
673,CSW24_hsp,7,2,40.555000,28.404000,-12.151000,e1 GAPED
673,CSW24_hsp,8,8,36.426000,27.977000,-8.449000,e3 PAD
673,CSW24_hsp,9,9,35.885000,26.829000,-9.056000,e2 PEAG
673,CSW24_hsp,10,12,35.434000,26.523000,-8.911000,e4 AG
673,CSW24_hsp,11,16,34.744000,26.519000,-8.225000,e3 DEP
673,CSW24_hsp,12,14,35.178000,26.184000,-8.994000,8b GAP
673,CSW24_hsp,13,20,33.928000,25.863000,-8.065000,l11 DIG
673,CSW24_hsp,14,21,33.781000,25.710000,-8.071000,l11 DAG
673,CSW24_hsp,15,19,33.987000,25.624000,-8.363000,8b GIP
673,CSW24_hsp,16,13,35.178000,25.601000,-9.577000,4d GAMP
673,CSW24_hsp,17,11,35.539000,25.552000,-9.987000,4d GIMPED
673,CSW24_hsp,18,17,34.191000,25.522000,-8.669000,12i GIDDAP
673,CSW24_hsp,19,15,35.005000,25.404000,-9.601000,e2 APED
673,CSW24_hsp,20,22,33.744000,25.387000,-8.357000,e3 PED
673,CSW24_hsp,21,23,33.708000,25.256000,-8.452000,e3 DEG
673,CSW24_hsp,22,24,33.700000,25.085000,-8.615000,e2 GAED
673,CSW24_hsp,23,25,33.545000,24.867000,-8.678000,12h GADDI
673,CSW24_hsp,24,18,33.987000,24.593000,-9.394000,4d GIMP
673,CSW24_hsp,25,30,32.643000,24.315000,-8.328000,8d PIS
777,CSW24_hsp,1,1,46.989000,43.427000,-3.562000,k3 VINO
777,CSW24_hsp,2,3,41.536000,41.103000,-0.433000,a1 NOVA
777,CSW24_hsp,3,2,44.536000,40.965000,-3.571000,k3 VINA
777,CSW24_hsp,4,5,38.315000,37.287000,-1.028000,a1 NOVAE
777,CSW24_hsp,5,6,37.443000,37.086000,-0.357000,a1 VOAR
777,CSW24_hsp,6,4,40.539000,36.174000,-4.365000,k1 ENVIRO
777,CSW24_hsp,7,10,36.005000,34.599000,-1.406000,a1 SOAVE
777,CSW24_hsp,8,7,37.036000,33.806000,-3.230000,k3 VIA
777,CSW24_hsp,9,11,35.536000,32.771000,-2.765000,k2 VAIN
777,CSW24_hsp,10,32,32.612000,32.204000,-0.408000,a1 ROVE
777,CSW24_hsp,11,12,35.536000,32.120000,-3.416000,13g NAV
777,CSW24_hsp,12,8,36.169000,31.921000,-4.248000,k3 VINOS
777,CSW24_hsp,13,36,32.239000,31.905000,-0.334000,1a ON
777,CSW24_hsp,14,9,36.169000,31.864000,-4.305000,k3 VISON
777,CSW24_hsp,15,35,32.239000,31.845000,-0.394000,1a NO
777,CSW24_hsp,16,14,35.149000,31.766000,-3.383000,5e VOR
777,CSW24_hsp,17,13,35.474000,31.556000,-3.918000,5d OVEN
777,CSW24_hsp,18,15,34.622000,31.390000,-3.232000,k1 ENVIROS
777,CSW24_hsp,19,41,31.630000,31.308000,-0.322000,a1 VOE
777,CSW24_hsp,20,37,32.073000,31.066000,-1.007000,a1 ROVEN
777,CSW24_hsp,21,16,34.485000,31.063000,-3.422000,5d AVO
777,CSW24_hsp,22,17,34.326000,30.778000,-3.548000,2m VOR
777,CSW24_hsp,23,18,34.326000,30.488000,-3.838000,3m VOE
777,CSW24_hsp,24,21,33.536000,30.035000,-3.501000,3l NAVE
777,CSW24_hsp,25,19,33.878000,29.886000,-3.992000,k2 AVISO
342,CSW24_hsp,1,1,24.683000,22.749000,-1.934000,15k GELEE
342,CSW24_hsp,2,5,22.323000,20.373000,-1.950000,15k TELEA
342,CSW24_hsp,3,4,22.323000,20.359000,-1.964000,15k TELAE
342,CSW24_hsp,4,3,22.402000,17.723000,-4.679000,n4 ETAGE
342,CSW24_hsp,5,2,23.556000,16.735000,-6.821000,12a GEAT
342,CSW24_hsp,6,6,18.199000,13.523000,-4.676000,2m TEE
342,CSW24_hsp,7,9,14.199000,9.476000,-4.723000,10d TEE
342,CSW24_hsp,8,11,13.556000,8.722000,-4.834000,10b GETA
342,CSW24_hsp,9,10,13.556000,8.542000,-5.014000,10b GATE
342,CSW24_hsp,10,12,13.199000,8.489000,-4.710000,15k TELE
342,CSW24_hsp,11,8,15.271000,8.362000,-6.909000,12a TEAT
342,CSW24_hsp,12,7,15.271000,8.313000,-6.958000,12a ETAT
342,CSW24_hsp,13,13,12.750000,8.075000,-4.675000,n6 AGE
342,CSW24_hsp,14,25,10.507000,7.337000,-3.170000,15m LEG
342,CSW24_hsp,15,30,9.779000,7.160000,-2.619000,15l ALEE
342,CSW24_hsp,16,31,9.750000,7.160000,-2.590000,15j EGAL
342,CSW24_hsp,17,19,11.645000,6.963000,-4.682000,2m TEA
342,CSW24_hsp,18,18,11.645000,6.949000,-4.696000,2m TAE
342,CSW24_hsp,19,27,10.209000,6.937000,-3.272000,15m LET
342,CSW24_hsp,20,15,11.912000,6.797000,-5.115000,10b GEE
342,CSW24_hsp,21,20,11.645000,6.684000,-4.961000,12b EAT
342,CSW24_hsp,22,14,12.402000,6.681000,-5.721000,c6 ETAGES
342,CSW24_hsp,23,23,10.750000,6.362000,-4.388000,10g AGUE
342,CSW24_hsp,24,24,10.556000,5.963000,-4.593000,n3 GETA
342,CSW24_hsp,25,22,10.779000,5.923000,-4.856000,10b TETE
1100,CSW24_hsp,1,3,33.376000,27.325000,-6.051000,k9 YAOURT
1100,CSW24_hsp,2,1,37.439000,26.686000,-10.753000,k1 ATOMY
1100,CSW24_hsp,3,2,34.173000,26.532000,-7.641000,10d OUMA
1100,CSW24_hsp,4,5,31.259000,24.625000,-6.634000,k4 MY
1100,CSW24_hsp,5,6,30.821000,23.657000,-7.164000,k2 MARY
1100,CSW24_hsp,6,7,30.521000,22.492000,-8.029000,k10 YOURT
1100,CSW24_hsp,7,10,29.751000,22.375000,-7.376000,k2 TORY
1100,CSW24_hsp,8,12,29.538000,22.039000,-7.499000,10c TRYMA
1100,CSW24_hsp,9,9,29.759000,21.719000,-8.040000,10e OMA
1100,CSW24_hsp,10,14,28.842000,21.422000,-7.420000,k10 YOU
1100,CSW24_hsp,11,17,28.519000,20.919000,-7.600000,k10 YOUR
1100,CSW24_hsp,12,16,28.539000,20.648000,-7.891000,10d ROMA
1100,CSW24_hsp,13,15,28.557000,20.643000,-7.914000,k2 OARY
1100,CSW24_hsp,14,13,29.346000,20.576000,-8.770000,10f MA
1100,CSW24_hsp,15,4,31.319000,20.404000,-10.915000,k1 OTARY
1100,CSW24_hsp,16,18,28.074000,20.286000,-7.788000,10d YUM
1100,CSW24_hsp,17,25,25.751000,20.163000,-5.588000,k9 RYOT
1100,CSW24_hsp,18,21,26.776000,19.992000,-6.784000,k4 MUTI
1100,CSW24_hsp,19,22,26.751000,19.553000,-7.198000,k2 TYRO
1100,CSW24_hsp,20,11,29.538000,19.542000,-9.996000,k1 TRYMA
1100,CSW24_hsp,21,20,26.929000,19.476000,-7.453000,k10 YOM
1100,CSW24_hsp,22,19,27.173000,19.255000,-7.918000,k2 OUMA
1100,CSW24_hsp,23,8,30.376000,19.141000,-11.235000,k10 YAOURT
1100,CSW24_hsp,24,26,25.699000,18.759000,-6.940000,k3 ARY
1100,CSW24_hsp,25,23,26.214000,18.632000,-7.582000,k10 YAM
1091,CSW24_hsp,1,2,10.702000,-2.227000,-12.929000,8l NAOI
1091,CSW24_hsp,2,4,8.956000,-3.896000,-12.852000,8l ONIE
1091,CSW24_hsp,3,6,8.001000,-4.419000,-12.420000,10c OORIE
1091,CSW24_hsp,4,18,3.877000,-6.191000,-10.068000,15d AENEI
1091,CSW24_hsp,5,17,3.877000,-6.397000,-10.274000,15a AINEE
1091,CSW24_hsp,6,9,4.899000,-6.457000,-11.356000,d12 EOAN
1091,CSW24_hsp,7,5,8.536000,-6.461000,-14.997000,k7 TOONIE
1091,CSW24_hsp,8,3,9.358000,-6.919000,-16.277000,c1 AIOLI
1091,CSW24_hsp,9,1,12.536000,-6.988000,-19.524000,14a IONONE
1091,CSW24_hsp,10,16,3.877000,-7.093000,-10.970000,f11 EINA
1091,CSW24_hsp,11,7,7.084000,-7.487000,-14.571000,11e MOOI
1091,CSW24_hsp,12,10,4.538000,-7.552000,-12.090000,9b OI
1091,CSW24_hsp,13,15,3.877000,-8.607000,-12.484000,f11 AINE
1091,CSW24_hsp,14,32,1.538000,-10.101000,-11.639000,d14 IO
1091,CSW24_hsp,15,21,2.428000,-10.158000,-12.586000,ex AIOO
1091,CSW24_hsp,16,29,1.899000,-10.296000,-12.195000,f10 EOAN
1091,CSW24_hsp,17,25,2.119000,-10.467000,-12.586000,ex AIIOO
1091,CSW24_hsp,18,13,4.104000,-10.516000,-14.620000,11e MOAI
1091,CSW24_hsp,19,28,1.981000,-10.605000,-12.586000,ex IIOO
1091,CSW24_hsp,20,30,1.538000,-10.857000,-12.395000,8k IO
1091,CSW24_hsp,21,31,1.538000,-11.074000,-12.612000,f11 OI
1091,CSW24_hsp,22,33,1.084000,-11.502000,-12.586000,ex IOO
1091,CSW24_hsp,23,34,1.014000,-11.572000,-12.586000,ex EIIOO
1091,CSW24_hsp,24,11,4.536000,-11.585000,-16.121000,g8 TOONIE
1091,CSW24_hsp,25,35,1.001000,-11.585000,-12.586000,ex EIOO
583,CSW24_hsp,1,3,68.000000,62.206000,-5.794000,i8 STROUDS
583,CSW24_hsp,2,1,70.000000,55.514000,-14.486000,13b OUTDRESS
583,CSW24_hsp,3,2,68.000000,54.755000,-13.245000,i2 STROUDS
583,CSW24_hsp,4,24,26.110000,19.632000,-6.478000,i8 STROUD
583,CSW24_hsp,5,16,26.886000,19.184000,-7.702000,h10 TODS
583,CSW24_hsp,6,12,26.940000,18.903000,-8.037000,i8 SUD
583,CSW24_hsp,7,4,28.940000,18.652000,-10.288000,e8 BUDS
583,CSW24_hsp,8,25,26.092000,18.260000,-7.832000,h10 RODS
583,CSW24_hsp,9,59,23.797000,16.796000,-7.001000,i8 SUDOR
583,CSW24_hsp,10,18,26.513000,16.783000,-9.730000,h11 ODS
583,CSW24_hsp,11,17,26.513000,16.642000,-9.871000,h10 SOD
583,CSW24_hsp,12,7,27.797000,16.334000,-11.463000,e8 BOURDS
583,CSW24_hsp,13,11,27.045000,16.290000,-10.755000,e8 BUDOS
583,CSW24_hsp,14,30,25.467000,16.155000,-9.312000,h10 TOD
583,CSW24_hsp,15,5,28.439000,16.053000,-12.386000,e5 DOUBTS
583,CSW24_hsp,16,6,27.940000,16.036000,-11.904000,i6 UDS
583,CSW24_hsp,17,77,23.292000,15.588000,-7.704000,i8 SURD
583,CSW24_hsp,18,20,26.315000,15.330000,-10.985000,f12 STUD
583,CSW24_hsp,19,23,26.292000,15.276000,-11.016000,12d URSID
583,CSW24_hsp,20,22,26.292000,15.222000,-11.070000,e8 BURDS
583,CSW24_hsp,21,39,24.618000,15.201000,-9.417000,h10 ROD
583,CSW24_hsp,22,27,25.753000,15.037000,-10.716000,f12 DOUR
583,CSW24_hsp,23,35,25.126000,15.021000,-10.105000,f8 ADO
583,CSW24_hsp,24,15,26.940000,14.892000,-12.048000,11e SUDD
583,CSW24_hsp,25,21,26.292000,14.841000,-11.451000,e5 DRUBS
540,CSW24_hsp,1,1,66.191000,52.901000,-13.290000,8l HEMP
540,CSW24_hsp,2,2,64.417000,51.236000,-13.181000,l1 PIUM
540,CSW24_hsp,3,3,63.155000,49.460000,-13.695000,8l HEME
540,CSW24_hsp,4,4,62.800000,48.788000,-14.012000,a5 OUPH
540,CSW24_hsp,5,7,61.133000,48.228000,-12.905000,1j PUH
540,CSW24_hsp,6,5,62.042000,48.012000,-14.030000,a5 OUPHE
540,CSW24_hsp,7,6,61.663000,47.720000,-13.943000,8l MEOU
540,CSW24_hsp,8,8,61.133000,47.353000,-13.780000,3h PUH
540,CSW24_hsp,9,9,60.423000,46.487000,-13.936000,13k POH
540,CSW24_hsp,10,10,59.133000,46.199000,-12.934000,1j HUP
540,CSW24_hsp,11,13,57.832000,44.864000,-12.968000,1j HUM
540,CSW24_hsp,12,11,58.671000,44.761000,-13.910000,14f HOT
540,CSW24_hsp,13,12,58.423000,44.392000,-14.031000,13k HOP
540,CSW24_hsp,14,14,57.671000,44.016000,-13.655000,14e OH
540,CSW24_hsp,15,16,57.246000,43.258000,-13.988000,l4 MU
540,CSW24_hsp,16,15,57.257000,42.940000,-14.317000,12h WHUMP
540,CSW24_hsp,17,18,56.423000,42.747000,-13.676000,9f SHOP
540,CSW24_hsp,18,17,56.423000,42.510000,-13.913000,3h POH
540,CSW24_hsp,19,22,55.704000,42.306000,-13.398000,1k UH
540,CSW24_hsp,20,25,55.620000,41.967000,-13.653000,3i MEU
540,CSW24_hsp,21,19,56.417000,41.941000,-14.476000,l6 UMP
540,CSW24_hsp,22,24,55.627000,41.809000,-13.818000,3g UPO
540,CSW24_hsp,23,23,55.671000,41.745000,-13.926000,13l OH
540,CSW24_hsp,24,29,55.246000,41.739000,-13.507000,1k UM
540,CSW24_hsp,25,26,55.529000,41.702000,-13.827000,3i MHO
104,CSW24_hsp,1,1,89.000000,81.194000,-7.806000,m9 BADDEST
104,CSW24_hsp,2,3,44.651000,37.992000,-6.659000,10e DEBuD
104,CSW24_hsp,3,4,44.259000,36.415000,-7.844000,8h CHIRKEST
104,CSW24_hsp,4,2,44.797000,36.041000,-8.756000,m9 BEDAD
104,CSW24_hsp,5,5,41.773000,35.407000,-6.366000,13c BEAD
104,CSW24_hsp,6,8,40.180000,33.480000,-6.700000,10e DEBuT
104,CSW24_hsp,7,7,40.420000,32.633000,-7.787000,14f BAND
104,CSW24_hsp,8,6,41.074000,32.127000,-8.947000,m9 BATED
104,CSW24_hsp,9,9,38.797000,30.296000,-8.501000,14f BANDED
104,CSW24_hsp,10,11,36.772000,30.270000,-6.502000,13c DEAD
104,CSW24_hsp,11,10,37.008000,29.888000,-7.120000,10e BEDu
104,CSW24_hsp,12,12,36.651000,28.570000,-8.081000,c9 BEDAD
104,CSW24_hsp,13,18,34.887000,27.661000,-7.226000,10e TABu
104,CSW24_hsp,14,13,36.420000,27.572000,-8.848000,m9 BAD
104,CSW24_hsp,15,14,36.074000,27.567000,-8.507000,14f BANTED
104,CSW24_hsp,16,23,33.548000,27.136000,-6.412000,13c BEAT
104,CSW24_hsp,17,21,34.347000,26.977000,-7.370000,10g DuB
104,CSW24_hsp,18,20,34.347000,26.933000,-7.414000,10g BuD
104,CSW24_hsp,19,19,34.773000,26.603000,-8.170000,14f BANED
104,CSW24_hsp,20,15,35.420000,26.283000,-9.137000,10l BAD
104,CSW24_hsp,21,22,34.008000,26.263000,-7.745000,14f BEND
104,CSW24_hsp,22,27,33.347000,26.119000,-7.228000,c11 BAD
104,CSW24_hsp,23,28,33.347000,26.119000,-7.228000,c11 DAB
104,CSW24_hsp,24,16,35.082000,25.981000,-9.101000,m9 BASTED
104,CSW24_hsp,25,17,35.082000,25.979000,-9.103000,m9 BESTAD
193,CSW24_hsp,1,1,24.440000,20.310000,-4.130000,9d KLAP
193,CSW24_hsp,2,2,23.849000,19.818000,-4.031000,9e KIP
193,CSW24_hsp,3,3,22.352000,19.042000,-3.310000,9e RIPT
193,CSW24_hsp,4,4,21.455000,18.118000,-3.337000,9e RAPT
193,CSW24_hsp,5,13,19.300000,16.405000,-2.895000,9f APT
193,CSW24_hsp,6,6,21.297000,15.756000,-5.541000,7h KILP
193,CSW24_hsp,7,8,19.943000,15.590000,-4.353000,9e LIP
193,CSW24_hsp,8,11,19.647000,15.352000,-4.295000,f6 KID
193,CSW24_hsp,9,7,20.352000,15.260000,-5.092000,9d TRIP
193,CSW24_hsp,10,5,21.297000,14.733000,-6.564000,g5 PIKUL
193,CSW24_hsp,11,12,19.455000,14.493000,-4.962000,9d TRAP
193,CSW24_hsp,12,18,18.112000,13.854000,-4.258000,9e TIP
193,CSW24_hsp,13,9,19.940000,13.664000,-6.276000,9c ATRIP
193,CSW24_hsp,14,21,17.730000,13.399000,-4.331000,9e RIP
193,CSW24_hsp,15,17,18.396000,13.021000,-5.375000,g7 PULK
193,CSW24_hsp,16,14,19.297000,12.791000,-6.506000,g7 PULIK
193,CSW24_hsp,17,26,16.742000,12.783000,-3.959000,9e LAP
193,CSW24_hsp,18,24,17.050000,12.779000,-4.271000,9e RAP
193,CSW24_hsp,19,22,17.300000,12.767000,-4.533000,9e TAP
193,CSW24_hsp,20,15,18.895000,12.633000,-6.262000,9c KRAIT
193,CSW24_hsp,21,20,17.849000,12.571000,-5.278000,7h KIP
193,CSW24_hsp,22,19,17.971000,12.231000,-5.740000,7h KILT
193,CSW24_hsp,23,36,16.147000,12.220000,-3.927000,9e KIR
193,CSW24_hsp,24,33,16.325000,12.070000,-4.255000,9e KIT
193,CSW24_hsp,25,43,15.441000,12.050000,-3.391000,9e KART
9,CSW24_hsp,1,1,49.750000,42.720000,-7.030000,b9 OX
9,CSW24_hsp,2,2,48.080000,40.420000,-7.660000,b8 NOX
9,CSW24_hsp,3,3,47.343000,39.944000,-7.399000,b8 LOX
9,CSW24_hsp,4,4,41.472000,34.049000,-7.423000,b8 LAX
9,CSW24_hsp,5,5,40.849000,33.465000,-7.384000,b9 AX
9,CSW24_hsp,6,7,40.166000,32.734000,-7.432000,b9 EX
9,CSW24_hsp,7,8,39.152000,31.696000,-7.456000,b8 LEX
9,CSW24_hsp,8,6,40.324000,30.663000,-9.661000,b7 LANX
9,CSW24_hsp,9,9,34.787000,28.022000,-6.765000,6i OXO
9,CSW24_hsp,10,10,28.917000,22.021000,-6.896000,6i EXO
9,CSW24_hsp,11,11,27.798000,20.351000,-7.447000,14e AXON
9,CSW24_hsp,12,15,25.849000,20.267000,-5.582000,15n AX
9,CSW24_hsp,13,16,25.750000,19.669000,-6.081000,10a EXO
9,CSW24_hsp,14,17,25.166000,19.577000,-5.589000,15n EX
9,CSW24_hsp,15,12,26.871000,19.494000,-7.377000,14d NOXAL
9,CSW24_hsp,16,14,26.340000,19.016000,-7.324000,14e OXEN
9,CSW24_hsp,17,13,26.340000,18.851000,-7.489000,14e EXON
9,CSW24_hsp,18,18,24.967000,18.708000,-6.259000,13c NOEL
9,CSW24_hsp,19,19,24.080000,17.790000,-6.290000,10a EXON
9,CSW24_hsp,20,21,22.237000,15.107000,-7.130000,6j NOO
9,CSW24_hsp,21,20,22.243000,15.054000,-7.189000,6j LOO
9,CSW24_hsp,22,22,21.418000,14.326000,-7.092000,l4 ALOOF
9,CSW24_hsp,23,23,21.297000,14.070000,-7.227000,6i ALOO
9,CSW24_hsp,24,25,20.735000,13.875000,-6.860000,14e AXLE
9,CSW24_hsp,25,24,20.735000,13.402000,-7.333000,14e AXEL
257,CSW24_hsp,1,1,30.310000,25.820000,-4.490000,2h COUCHES
257,CSW24_hsp,2,2,29.522000,23.107000,-6.415000,14i STUCCO
257,CSW24_hsp,3,3,29.522000,22.920000,-6.602000,14i SUCCOT
257,CSW24_hsp,4,5,27.467000,22.893000,-4.574000,2h COOCHES
257,CSW24_hsp,5,8,25.292000,20.115000,-5.177000,2h COUCHE
257,CSW24_hsp,6,9,23.821000,20.065000,-3.756000,2i COCHES
257,CSW24_hsp,7,6,27.251000,20.014000,-7.237000,2h TOUCHES
257,CSW24_hsp,8,4,28.887000,19.788000,-9.099000,2g COOTCHES
257,CSW24_hsp,9,7,25.879000,19.452000,-6.427000,2i OUCHES
257,CSW24_hsp,10,11,22.304000,18.027000,-4.277000,2h CUTCHES
257,CSW24_hsp,11,12,22.043000,16.768000,-5.275000,10f COB
257,CSW24_hsp,12,13,21.292000,16.588000,-4.704000,6g OCCUR
257,CSW24_hsp,13,14,20.282000,15.342000,-4.940000,6f OCTUOR
257,CSW24_hsp,14,19,19.238000,14.811000,-4.427000,6h COUR
257,CSW24_hsp,15,17,19.742000,14.748000,-4.994000,2j OCHES
257,CSW24_hsp,16,16,20.043000,14.620000,-5.423000,2j OCHE
257,CSW24_hsp,17,10,22.430000,14.567000,-7.863000,2h TOUCHE
257,CSW24_hsp,18,18,19.430000,14.243000,-5.187000,h4 COUTA
257,CSW24_hsp,19,20,19.092000,13.981000,-5.111000,h4 COCOA
257,CSW24_hsp,20,15,20.251000,13.514000,-6.737000,14i SCOUT
257,CSW24_hsp,21,22,18.366000,13.295000,-5.071000,10f CUB
257,CSW24_hsp,22,23,18.227000,12.572000,-5.655000,12e OUTBOX
257,CSW24_hsp,23,27,16.043000,12.050000,-3.993000,6i COR
257,CSW24_hsp,24,24,17.043000,11.858000,-5.185000,1j COW
257,CSW24_hsp,25,30,15.284000,10.583000,-4.701000,h5 COCA
595,CSW24_hsp,1,1,34.265000,25.929000,-8.336000,e7 VARIX
595,CSW24_hsp,2,2,26.502000,19.489000,-7.013000,7i XI
595,CSW24_hsp,3,3,24.489000,18.558000,-5.931000,7g SIX
595,CSW24_hsp,4,4,22.489000,14.180000,-8.309000,7i XIS
595,CSW24_hsp,5,6,18.757000,10.188000,-8.569000,9c TIX
595,CSW24_hsp,6,7,18.235000,9.948000,-8.287000,i7 TIX
595,CSW24_hsp,7,11,17.148000,9.892000,-7.256000,h7 VOX
595,CSW24_hsp,8,5,18.883000,9.353000,-9.530000,e6 TRAVIS
595,CSW24_hsp,9,10,17.148000,9.036000,-8.112000,e7 VAX
595,CSW24_hsp,10,9,17.470000,8.726000,-8.744000,d8 MIRVS
595,CSW24_hsp,11,8,17.730000,8.633000,-9.097000,h4 VITRO
595,CSW24_hsp,12,12,16.505000,7.778000,-8.727000,e5 RIVA
595,CSW24_hsp,13,13,15.647000,7.118000,-8.529000,e5 VITA
595,CSW24_hsp,14,16,14.607000,6.244000,-8.363000,h6 VROT
595,CSW24_hsp,15,14,15.502000,6.126000,-9.376000,f8 TIX
595,CSW24_hsp,16,15,14.694000,6.086000,-8.608000,ex JVX
595,CSW24_hsp,17,18,13.628000,5.076000,-8.552000,e5 VITAS
595,CSW24_hsp,18,20,13.470000,4.849000,-8.621000,e7 VAIRS
595,CSW24_hsp,19,17,13.628000,4.794000,-8.834000,e4 VISTA
595,CSW24_hsp,20,19,13.470000,4.780000,-8.690000,e5 RIVAS
595,CSW24_hsp,21,30,12.053000,4.460000,-7.593000,h7 JOR
595,CSW24_hsp,22,34,11.871000,4.437000,-7.434000,h7 VOR
595,CSW24_hsp,23,26,12.347000,4.428000,-7.919000,h7 JOT
595,CSW24_hsp,24,22,13.030000,3.977000,-9.053000,e8 AJIS
595,CSW24_hsp,25,35,11.757000,3.883000,-7.874000,7i TIX
903,CSW24_hsp,1,1,44.791000,42.971000,-1.820000,14j HAE
903,CSW24_hsp,2,2,38.349000,36.367000,-1.982000,14i UH
903,CSW24_hsp,3,3,35.886000,33.482000,-2.404000,k9 LAHAR
903,CSW24_hsp,4,4,32.669000,30.704000,-1.965000,14j HAES
903,CSW24_hsp,5,6,31.474000,28.961000,-2.513000,k8 HULA
903,CSW24_hsp,6,5,31.474000,28.553000,-2.921000,k8 HAUL
903,CSW24_hsp,7,7,30.791000,28.283000,-2.508000,k10 AH
903,CSW24_hsp,8,8,30.788000,28.181000,-2.607000,k9 LAH
903,CSW24_hsp,9,9,29.669000,26.931000,-2.738000,14d ASH
903,CSW24_hsp,10,11,28.349000,26.022000,-2.327000,k10 UH
903,CSW24_hsp,11,10,28.394000,25.999000,-2.395000,k9 RAH
903,CSW24_hsp,12,12,27.513000,24.918000,-2.595000,k9 AAH
903,CSW24_hsp,13,14,27.474000,24.645000,-2.829000,6k HULA
903,CSW24_hsp,14,16,26.841000,24.417000,-2.424000,k7 SURAH
903,CSW24_hsp,15,13,27.474000,24.328000,-3.146000,6k HAUL
903,CSW24_hsp,16,15,27.242000,24.327000,-2.915000,j10 HAUT
903,CSW24_hsp,17,18,26.791000,24.164000,-2.627000,6e HA
903,CSW24_hsp,18,19,26.791000,23.917000,-2.874000,14f AH
903,CSW24_hsp,19,17,26.791000,23.794000,-2.997000,d4 ACH
903,CSW24_hsp,20,20,26.258000,23.566000,-2.692000,10g SHAUL
903,CSW24_hsp,21,21,25.853000,23.289000,-2.564000,12h ALU
903,CSW24_hsp,22,23,25.513000,23.010000,-2.503000,k10 HAAR
903,CSW24_hsp,23,29,24.788000,22.554000,-2.234000,j11 LATHE
903,CSW24_hsp,24,30,24.788000,22.490000,-2.298000,12g LAH
903,CSW24_hsp,25,37,24.445000,22.375000,-2.070000,14e SH
720,CSW24_hsp,1,1,23.951000,14.968000,-8.983000,15a UTTER
720,CSW24_hsp,2,4,20.518000,12.954000,-7.564000,15d ENTRUST
720,CSW24_hsp,3,2,23.045000,11.693000,-11.352000,13b TURNT
720,CSW24_hsp,4,3,21.109000,10.378000,-10.731000,c12 TUT
720,CSW24_hsp,5,5,18.164000,9.094000,-9.070000,15a TUNER
720,CSW24_hsp,6,12,17.215000,8.502000,-8.713000,15a UTTERS
720,CSW24_hsp,7,11,17.215000,8.373000,-8.842000,15a TRUEST
720,CSW24_hsp,8,18,15.598000,7.417000,-8.181000,h12 LUNT
720,CSW24_hsp,9,7,18.007000,7.123000,-10.884000,j9 EXPORT
720,CSW24_hsp,10,19,15.598000,6.951000,-8.647000,15a TUNE
720,CSW24_hsp,11,10,17.598000,6.876000,-10.722000,c12 NUT
720,CSW24_hsp,12,8,17.951000,6.669000,-11.282000,f10 TUART
720,CSW24_hsp,13,6,18.045000,6.350000,-11.695000,f11 TAUNT
720,CSW24_hsp,14,9,17.781000,6.269000,-11.512000,14k TUTTI
720,CSW24_hsp,15,13,16.513000,5.582000,-10.931000,10c NETT
720,CSW24_hsp,16,14,16.513000,5.475000,-11.038000,10c TENT
720,CSW24_hsp,17,15,16.513000,4.818000,-11.695000,14c TINT
720,CSW24_hsp,18,16,16.092000,4.589000,-11.503000,f10 TRANT
720,CSW24_hsp,19,21,14.946000,4.523000,-10.423000,f12 ATT
720,CSW24_hsp,20,20,15.280000,4.366000,-10.914000,m12 STUN
720,CSW24_hsp,21,41,12.436000,3.762000,-8.674000,15a TRUE
720,CSW24_hsp,22,22,14.926000,3.458000,-11.468000,f10 TRATT
720,CSW24_hsp,23,25,14.299000,3.303000,-10.996000,10b TRET
720,CSW24_hsp,24,23,14.513000,3.254000,-11.259000,15c NETT
720,CSW24_hsp,25,26,14.299000,3.195000,-11.104000,f10 TRAT
693,CSW24_hsp,1,1,86.000000,84.334000,-1.666000,15h ECONOmIC
693,CSW24_hsp,2,3,62.000000,59.781000,-2.219000,15g CENOzOIC
693,CSW24_hsp,3,2,62.000000,59.555000,-2.445000,15f COErCION
693,CSW24_hsp,4,4,52.437000,47.477000,-4.960000,2i ALNICO
693,CSW24_hsp,5,5,49.017000,43.590000,-5.427000,10l LOC
693,CSW24_hsp,6,6,48.437000,43.230000,-5.207000,14f COVIN
693,CSW24_hsp,7,9,46.017000,41.415000,-4.602000,2g COAL
693,CSW24_hsp,8,11,45.017000,40.146000,-4.871000,l1 MOC
693,CSW24_hsp,9,12,44.554000,39.729000,-4.825000,j10 OBE
693,CSW24_hsp,10,13,44.554000,39.670000,-4.884000,11j BUDO
693,CSW24_hsp,11,14,43.169000,38.792000,-4.377000,m9 NOO
693,CSW24_hsp,12,17,42.657000,38.660000,-3.997000,a12 CINQ
693,CSW24_hsp,13,15,43.017000,38.313000,-4.704000,15h ECO
693,CSW24_hsp,14,7,46.437000,38.176000,-8.261000,2l ICON
693,CSW24_hsp,15,8,46.234000,38.160000,-8.074000,10l LOCO
693,CSW24_hsp,16,16,42.790000,37.509000,-5.281000,14e CONVO
693,CSW24_hsp,17,10,45.146000,37.210000,-7.936000,10l LOCI
693,CSW24_hsp,18,21,41.290000,36.640000,-4.650000,4h CIRE
693,CSW24_hsp,19,19,41.554000,36.486000,-5.068000,l1 MO
693,CSW24_hsp,20,22,40.657000,36.179000,-4.478000,4i IRENIC
693,CSW24_hsp,21,18,42.179000,36.140000,-6.039000,14g OVONIC
693,CSW24_hsp,22,20,41.554000,35.894000,-5.660000,9k NOO
693,CSW24_hsp,23,24,39.802000,35.041000,-4.761000,m10 OI
693,CSW24_hsp,24,23,39.802000,35.018000,-4.784000,m10 IO
693,CSW24_hsp,25,27,39.517000,34.664000,-4.853000,m10 OO
776,CSW24_hsp,1,1,72.000000,60.071000,-11.929000,4d BITTIEST
776,CSW24_hsp,2,2,23.407000,12.549000,-10.858000,10b BITTER
776,CSW24_hsp,3,4,20.402000,9.996000,-10.406000,d4 BITTIE
776,CSW24_hsp,4,3,20.854000,8.454000,-12.400000,4d TITBITS
776,CSW24_hsp,5,5,19.627000,7.933000,-11.694000,12b TITTISH
776,CSW24_hsp,6,8,17.987000,7.393000,-10.594000,k3 BIT
776,CSW24_hsp,7,9,17.786000,6.993000,-10.793000,k3 BITE
776,CSW24_hsp,8,7,19.518000,6.678000,-12.840000,4d BITTIES
776,CSW24_hsp,9,10,16.987000,6.674000,-10.313000,i3 BIT
776,CSW24_hsp,10,6,19.518000,6.346000,-13.172000,3h BIOTITE
776,CSW24_hsp,11,11,15.786000,6.186000,-9.600000,i3 BITE
776,CSW24_hsp,12,21,13.726000,4.973000,-8.753000,i3 TITI
776,CSW24_hsp,13,14,15.032000,4.470000,-10.562000,5i BITTIE
776,CSW24_hsp,14,15,14.987000,3.881000,-11.106000,10b BIT
776,CSW24_hsp,15,17,13.917000,3.817000,-10.100000,5i TITBIT
776,CSW24_hsp,16,13,15.032000,3.384000,-11.648000,5f BITTIE
776,CSW24_hsp,17,22,13.627000,3.112000,-10.515000,d4 TITTIE
776,CSW24_hsp,18,26,11.724000,2.893000,-8.831000,i7 TWIT
776,CSW24_hsp,19,18,13.786000,2.781000,-11.005000,3i BOITE
776,CSW24_hsp,20,16,13.917000,2.723000,-11.194000,5f TITBIT
776,CSW24_hsp,21,24,13.446000,2.403000,-11.043000,10b TITTER
776,CSW24_hsp,22,19,13.786000,1.854000,-11.932000,4h BESIT
776,CSW24_hsp,23,20,13.786000,1.750000,-12.036000,4h BESTI
776,CSW24_hsp,24,12,15.553000,1.583000,-13.970000,c9 PITTITE
776,CSW24_hsp,25,28,10.724000,1.309000,-9.415000,i3 TIT
641,CSW24_hsp,1,1,32.206000,21.272000,-10.934000,14j YAUP
641,CSW24_hsp,2,2,27.986000,17.889000,-10.097000,14i AYU
641,CSW24_hsp,3,3,25.355000,15.205000,-10.150000,14j YU
641,CSW24_hsp,4,5,24.016000,14.225000,-9.791000,14h PAY
641,CSW24_hsp,5,4,24.046000,13.475000,-10.571000,14j PIU
641,CSW24_hsp,6,6,22.965000,12.263000,-10.702000,14h YAGI
641,CSW24_hsp,7,7,22.116000,11.937000,-10.179000,14j YEA
641,CSW24_hsp,8,8,21.116000,10.994000,-10.122000,14i AYE
641,CSW24_hsp,9,9,20.016000,9.907000,-10.109000,14h YAP
641,CSW24_hsp,10,12,18.828000,8.640000,-10.188000,14h YEP
641,CSW24_hsp,11,10,19.583000,8.606000,-10.977000,i8 YUGA
641,CSW24_hsp,12,15,18.296000,8.148000,-10.148000,14i AY
641,CSW24_hsp,13,11,18.838000,8.121000,-10.717000,14h YAGE
641,CSW24_hsp,14,13,18.638000,7.989000,-10.649000,14j PIA
641,CSW24_hsp,15,16,18.296000,7.905000,-10.391000,14j YA
641,CSW24_hsp,16,18,18.136000,7.280000,-10.856000,14j GAU
641,CSW24_hsp,17,17,18.206000,7.115000,-11.091000,i8 YAUP
641,CSW24_hsp,18,14,18.441000,6.832000,-11.609000,14j GAUP
641,CSW24_hsp,19,21,16.868000,6.464000,-10.404000,i8 YUG
641,CSW24_hsp,20,23,15.995000,5.750000,-10.245000,14h YAG
641,CSW24_hsp,21,20,16.868000,5.620000,-11.248000,i6 GUY
641,CSW24_hsp,22,19,16.950000,5.606000,-11.344000,14j PEAG
641,CSW24_hsp,23,22,16.125000,5.597000,-10.528000,14j YE
641,CSW24_hsp,24,27,15.830000,5.325000,-10.505000,i8 YUP
641,CSW24_hsp,25,25,15.965000,4.910000,-11.055000,i8 YAGI
580,CSW24_hsp,1,1,23.706000,19.916000,-3.790000,7f XI
580,CSW24_hsp,2,2,21.777000,15.398000,-6.379000,d4 AXING
580,CSW24_hsp,3,3,19.602000,14.674000,-4.928000,7f BI
580,CSW24_hsp,4,7,18.620000,14.459000,-4.161000,7e AHI
580,CSW24_hsp,5,5,18.706000,13.753000,-4.953000,9c XI
580,CSW24_hsp,6,10,17.545000,12.715000,-4.830000,7f HI
580,CSW24_hsp,7,4,18.833000,12.222000,-6.611000,e7 BLINI
580,CSW24_hsp,8,15,16.920000,10.974000,-5.946000,e5 AXIL
580,CSW24_hsp,9,9,17.867000,10.937000,-6.930000,9b IXIA
580,CSW24_hsp,10,11,17.478000,10.896000,-6.582000,h4 HABIT
580,CSW24_hsp,11,13,17.403000,10.739000,-6.664000,d4 BHANG
580,CSW24_hsp,12,6,18.654000,10.654000,-8.000000,h2 INHABIT
580,CSW24_hsp,13,12,17.459000,10.385000,-7.074000,e4 NIHIL
580,CSW24_hsp,14,14,17.255000,10.301000,-6.954000,d4 AHING
580,CSW24_hsp,15,8,18.397000,10.201000,-8.196000,e6 BILIAN
580,CSW24_hsp,16,24,14.602000,9.366000,-5.236000,9c BI
580,CSW24_hsp,17,23,14.833000,8.787000,-6.046000,h4 BINIT
580,CSW24_hsp,18,20,15.303000,8.781000,-6.522000,f5 BHAI
580,CSW24_hsp,19,19,15.691000,8.576000,-7.115000,e7 BLAIN
580,CSW24_hsp,20,16,16.845000,8.537000,-8.308000,g6 INFIX
580,CSW24_hsp,21,18,15.691000,8.440000,-7.251000,e4 BINAL
580,CSW24_hsp,22,25,14.478000,7.932000,-6.546000,d6 BIGHA
580,CSW24_hsp,23,28,13.773000,7.418000,-6.355000,e5 BAIL
580,CSW24_hsp,24,29,13.602000,6.982000,-6.620000,g8 FIB
580,CSW24_hsp,25,26,13.965000,6.960000,-7.005000,e5 BIALI
907,CSW24_hsp,1,1,46.887000,37.478000,-9.409000,11e PITHEAD
907,CSW24_hsp,2,2,38.774000,31.695000,-7.079000,h11 APHID
907,CSW24_hsp,3,3,28.097000,21.020000,-7.077000,h11 EUPAD
907,CSW24_hsp,4,4,26.095000,18.752000,-7.343000,h11 ADIEU
907,CSW24_hsp,5,5,23.968000,17.793000,-6.175000,7e HAKU
907,CSW24_hsp,6,7,22.277000,15.795000,-6.482000,9c PUH
907,CSW24_hsp,7,8,22.077000,15.736000,-6.341000,7e PUKA
907,CSW24_hsp,8,9,21.819000,15.288000,-6.531000,7e PUKED
907,CSW24_hsp,9,10,21.767000,14.774000,-6.993000,9c HUI
907,CSW24_hsp,10,6,23.097000,14.162000,-8.935000,d8 YAUPED
907,CSW24_hsp,11,18,19.403000,13.288000,-6.115000,7e PUKE
907,CSW24_hsp,12,20,19.277000,12.598000,-6.679000,e5 PUHA
907,CSW24_hsp,13,23,19.157000,12.286000,-6.871000,f8 GAU
907,CSW24_hsp,14,25,18.810000,12.195000,-6.615000,9e HUM
907,CSW24_hsp,15,17,19.594000,11.943000,-7.651000,10e APPUI
907,CSW24_hsp,16,28,18.294000,11.934000,-6.360000,7e DUKA
907,CSW24_hsp,17,34,17.949000,11.899000,-6.050000,7e DUKE
907,CSW24_hsp,18,21,19.277000,11.778000,-7.499000,11d PHUT
907,CSW24_hsp,19,11,20.929000,11.769000,-9.160000,10e APPUIED
907,CSW24_hsp,20,35,17.810000,11.649000,-6.161000,9d UH
907,CSW24_hsp,21,24,19.148000,11.638000,-7.510000,h5 PUIR
907,CSW24_hsp,22,19,19.294000,11.107000,-8.187000,11d DHUTI
907,CSW24_hsp,23,27,18.767000,10.958000,-7.809000,e5 HUIA
907,CSW24_hsp,24,22,19.177000,10.922000,-8.255000,11e HUTIA
907,CSW24_hsp,25,36,17.797000,10.887000,-6.910000,9c DUI
893,CSW24_hsp,1,3,22.763000,15.953000,-6.810000,d2 EPHA
893,CSW24_hsp,2,1,24.983000,15.662000,-9.321000,2j CHELP
893,CSW24_hsp,3,5,21.258000,13.873000,-7.385000,d2 ALP
893,CSW24_hsp,4,2,23.159000,12.067000,-11.092000,2j CHAPEL
893,CSW24_hsp,5,4,21.623000,10.925000,-10.698000,4a PLANE
893,CSW24_hsp,6,6,20.773000,9.946000,-10.827000,4a PHENE
893,CSW24_hsp,7,7,19.942000,9.459000,-10.483000,4a PEAHEN
893,CSW24_hsp,8,8,17.935000,9.328000,-8.607000,l8 UHLAN
893,CSW24_hsp,9,10,16.291000,8.567000,-7.724000,4b LAPEL
893,CSW24_hsp,10,11,16.118000,8.107000,-8.011000,3j LALL
893,CSW24_hsp,11,15,15.623000,7.727000,-7.896000,4b PANEL
893,CSW24_hsp,12,21,15.334000,7.360000,-7.974000,4c HEEL
893,CSW24_hsp,13,20,15.334000,7.243000,-8.091000,4b HELE
893,CSW24_hsp,14,26,14.221000,7.209000,-7.012000,4d PEL
893,CSW24_hsp,15,13,15.623000,7.175000,-8.448000,3b LAPIN
893,CSW24_hsp,16,14,15.623000,7.126000,-8.497000,3b PLAIN
893,CSW24_hsp,17,19,15.334000,7.070000,-8.264000,3c HEIL
893,CSW24_hsp,18,16,15.623000,6.962000,-8.661000,l8 ULPAN
893,CSW24_hsp,19,25,14.221000,6.850000,-7.371000,4d LEP
893,CSW24_hsp,20,12,15.895000,6.764000,-9.131000,l8 UNHEAL
893,CSW24_hsp,21,22,14.886000,6.612000,-8.274000,3j LAPEL
893,CSW24_hsp,22,18,15.334000,6.404000,-8.930000,3b ELHI
893,CSW24_hsp,23,27,14.083000,5.818000,-8.265000,3c HAIL
893,CSW24_hsp,24,9,16.497000,5.681000,-10.816000,4a ALPEEN
893,CSW24_hsp,25,17,15.334000,5.447000,-9.887000,2b LEHR
883,CSW24_hsp,1,1,29.917000,24.618000,-5.299000,e5 FINJAN
883,CSW24_hsp,2,3,22.428000,17.698000,-4.730000,6h FAIN
883,CSW24_hsp,3,4,22.156000,17.434000,-4.722000,e5 NINJA
883,CSW24_hsp,4,2,22.521000,16.973000,-5.548000,e8 JINNI
883,CSW24_hsp,5,5,21.683000,16.558000,-5.125000,6h FAINE
883,CSW24_hsp,6,8,19.428000,14.859000,-4.569000,6h NAIF
883,CSW24_hsp,7,9,19.428000,14.644000,-4.784000,6i FAIN
883,CSW24_hsp,8,10,18.981000,14.437000,-4.544000,6i FINI
883,CSW24_hsp,9,7,19.792000,14.202000,-5.590000,6h FAINNE
883,CSW24_hsp,10,6,19.876000,13.854000,-6.022000,e8 JINNE
883,CSW24_hsp,11,13,18.072000,13.468000,-4.604000,e8 JINN
883,CSW24_hsp,12,11,18.792000,13.397000,-5.395000,6i FAINNE
883,CSW24_hsp,13,14,18.001000,13.325000,-4.676000,6i FENI
883,CSW24_hsp,14,15,18.001000,13.283000,-4.718000,6i FINE
883,CSW24_hsp,15,12,18.683000,13.025000,-5.658000,6i FAINE
883,CSW24_hsp,16,16,17.084000,12.492000,-4.592000,6i FIN
883,CSW24_hsp,17,17,16.428000,11.283000,-5.145000,6i NAIF
883,CSW24_hsp,18,18,15.917000,10.694000,-5.223000,6i FINNA
883,CSW24_hsp,19,24,15.001000,9.982000,-5.019000,6i NIFE
883,CSW24_hsp,20,22,15.001000,9.781000,-5.220000,6i NEIF
883,CSW24_hsp,21,20,15.060000,9.699000,-5.361000,e8 JANE
883,CSW24_hsp,22,23,15.001000,9.660000,-5.341000,6i NIEF
883,CSW24_hsp,23,21,15.060000,9.555000,-5.505000,e8 JEAN
883,CSW24_hsp,24,28,12.737000,8.089000,-4.648000,6i FIE
883,CSW24_hsp,25,29,12.555000,7.717000,-4.838000,6h FANE
430,CSW24_hsp,1,1,19.524000,12.398000,-7.126000,o5 DOLOUR
430,CSW24_hsp,2,4,12.614000,6.029000,-6.585000,o7 LUDO
430,CSW24_hsp,3,2,12.614000,6.024000,-6.590000,o5 OULD
430,CSW24_hsp,4,3,12.614000,5.942000,-6.672000,o7 LOUD
430,CSW24_hsp,5,9,10.355000,3.682000,-6.673000,o7 LOUR
430,CSW24_hsp,6,8,10.403000,3.450000,-6.953000,o4 DROLL
430,CSW24_hsp,7,11,10.053000,3.128000,-6.925000,o7 LOORD
430,CSW24_hsp,8,10,10.053000,3.116000,-6.937000,o5 DOLOR
430,CSW24_hsp,9,18,8.999000,2.951000,-6.048000,8n IO
430,CSW24_hsp,10,19,8.918000,2.329000,-6.589000,o7 LURID
430,CSW24_hsp,11,21,8.877000,2.160000,-6.717000,o7 LILO
430,CSW24_hsp,12,20,8.877000,2.118000,-6.759000,o5 LILO
430,CSW24_hsp,13,34,7.870000,2.017000,-5.853000,8n DO
430,CSW24_hsp,14,27,8.136000,1.341000,-6.795000,o7 LIDO
430,CSW24_hsp,15,26,8.136000,1.320000,-6.816000,o6 OLID
430,CSW24_hsp,16,35,7.765000,1.290000,-6.475000,o7 LOU
430,CSW24_hsp,17,28,8.136000,1.287000,-6.849000,o7 LOID
430,CSW24_hsp,18,40,7.130000,0.299000,-6.831000,o4 DRILL
430,CSW24_hsp,19,51,6.223000,0.274000,-5.949000,8n LO
430,CSW24_hsp,20,48,6.566000,-0.158000,-6.724000,o7 LOIR
430,CSW24_hsp,21,57,5.969000,-0.846000,-6.815000,o7 LOOR
430,CSW24_hsp,22,54,6.080000,-0.953000,-7.033000,o6 OLIO
430,CSW24_hsp,23,5,11.538000,-2.032000,-13.570000,9g DROIL
430,CSW24_hsp,24,13,9.999000,-2.091000,-12.090000,8m OI
430,CSW24_hsp,25,30,8.021000,-2.334000,-10.355000,9k LOU
559,CSW24_hsp,1,1,17.457000,11.140000,-6.317000,k7 CULTY
559,CSW24_hsp,2,2,16.749000,7.828000,-8.921000,k5 TOLUYL
559,CSW24_hsp,3,6,12.614000,6.551000,-6.063000,k7 CULLY
559,CSW24_hsp,4,5,13.413000,6.451000,-6.962000,k5 CLOUT
559,CSW24_hsp,5,9,11.738000,5.233000,-6.505000,k7 CUTTY
559,CSW24_hsp,6,8,11.749000,3.943000,-7.806000,h7 TROLLY
559,CSW24_hsp,7,15,9.457000,3.705000,-5.752000,i7 TALCY
559,CSW24_hsp,8,11,10.469000,3.104000,-7.365000,9k TOLT
559,CSW24_hsp,9,17,9.049000,3.099000,-5.950000,9i LOT
559,CSW24_hsp,10,10,10.510000,2.894000,-7.616000,l8 MOLLY
559,CSW24_hsp,11,13,9.879000,2.540000,-7.339000,i7 TALLY
559,CSW24_hsp,12,14,9.474000,2.294000,-7.180000,k7 CUTTO
559,CSW24_hsp,13,22,7.324000,2.172000,-5.152000,i6 CLAT
559,CSW24_hsp,14,18,8.413000,2.165000,-6.248000,i5 OCTAL
559,CSW24_hsp,15,16,9.353000,2.104000,-7.249000,9k TOLL
559,CSW24_hsp,16,23,7.324000,2.000000,-5.324000,i7 TALC
559,CSW24_hsp,17,4,13.749000,1.973000,-11.776000,9k TOLYL
559,CSW24_hsp,18,12,9.927000,1.683000,-8.244000,l8 MOTTY
559,CSW24_hsp,19,7,11.877000,1.095000,-10.782000,i5 TOTALLY
559,CSW24_hsp,20,3,13.749000,0.751000,-12.998000,9k TOLLY
559,CSW24_hsp,21,19,8.292000,0.114000,-8.178000,h7 TROTYL
559,CSW24_hsp,22,26,6.155000,-0.005000,-6.160000,9k TOC
559,CSW24_hsp,23,29,5.572000,-0.215000,-5.787000,i7 TACT
559,CSW24_hsp,24,34,5.196000,-0.474000,-5.670000,i7 LAT
559,CSW24_hsp,25,35,4.734000,-0.759000,-5.493000,9i TOT
837,CSW24_hsp,1,1,46.113000,39.557000,-6.556000,n11 MALVA
837,CSW24_hsp,2,3,44.463000,37.165000,-7.298000,k3 DAVIT
837,CSW24_hsp,3,2,46.042000,35.570000,-10.472000,6a VADING
837,CSW24_hsp,4,5,42.113000,34.984000,-7.129000,j10 MAVIN
837,CSW24_hsp,5,6,42.047000,34.865000,-7.182000,6c VIG
837,CSW24_hsp,6,9,41.737000,34.735000,-7.002000,m7 NAV
837,CSW24_hsp,7,7,41.890000,34.668000,-7.222000,6c DIV
837,CSW24_hsp,8,8,41.890000,34.650000,-7.240000,6c VID
837,CSW24_hsp,9,4,42.430000,34.415000,-8.015000,12f VANG
837,CSW24_hsp,10,10,40.231000,33.005000,-7.226000,6c VIM
837,CSW24_hsp,11,11,39.497000,31.862000,-7.635000,12g VAG
837,CSW24_hsp,12,12,37.737000,30.935000,-6.802000,j12 VIN
837,CSW24_hsp,13,14,36.463000,28.811000,-7.652000,6c DIVA
837,CSW24_hsp,14,13,36.463000,28.764000,-7.699000,6b AVID
837,CSW24_hsp,15,18,35.047000,28.505000,-6.542000,ex GV
837,CSW24_hsp,16,20,34.890000,28.348000,-6.542000,ex DV
837,CSW24_hsp,17,21,34.749000,28.207000,-6.542000,ex DGV
837,CSW24_hsp,18,17,35.497000,27.804000,-7.693000,6c VIGA
837,CSW24_hsp,19,19,34.985000,27.279000,-7.706000,6c MING
837,CSW24_hsp,20,25,34.318000,26.837000,-7.481000,6b VAIN
837,CSW24_hsp,21,32,33.219000,26.677000,-6.542000,ex GNV
837,CSW24_hsp,22,27,34.139000,26.597000,-7.542000,m12 DUMP
837,CSW24_hsp,23,26,34.285000,26.510000,-7.775000,k3 ADMIT
837,CSW24_hsp,24,28,33.621000,26.436000,-7.185000,6c VIN
837,CSW24_hsp,25,23,34.691000,26.330000,-8.361000,6c DIVNA
1128,CSW24_hsp,1,1,46.269000,46.830000,0.561000,l12 AWNY
1128,CSW24_hsp,2,2,34.788000,37.006000,2.218000,o4 AWA
1128,CSW24_hsp,3,3,32.269000,35.658000,3.389000,o4 AW
1128,CSW24_hsp,4,5,30.166000,32.659000,2.493000,o4 AMI
1128,CSW24_hsp,5,4,31.356000,32.394000,1.038000,o4 AWARE
1128,CSW24_hsp,6,8,26.729000,29.221000,2.492000,o4 AMA
1128,CSW24_hsp,7,6,27.323000,28.930000,1.607000,12l WHEW
1128,CSW24_hsp,8,7,26.788000,28.609000,1.821000,12j WAAH
1128,CSW24_hsp,9,9,26.698000,27.994000,1.296000,12j MWAH
1128,CSW24_hsp,10,11,25.269000,27.574000,2.305000,10m TWA
1128,CSW24_hsp,11,10,25.747000,27.568000,1.821000,6i AME
1128,CSW24_hsp,12,12,24.747000,26.852000,2.105000,j5 AMU
1128,CSW24_hsp,13,13,23.269000,25.977000,2.708000,o6 AWE
1128,CSW24_hsp,14,14,22.698000,25.858000,3.160000,o5 WAME
1128,CSW24_hsp,15,19,20.747000,24.177000,3.430000,o4 AM
1128,CSW24_hsp,16,15,21.990000,23.653000,1.663000,o4 ARAME
1128,CSW24_hsp,17,16,21.698000,23.642000,1.944000,14f MAW
1128,CSW24_hsp,18,20,20.564000,23.605000,3.041000,o4 AIA
1128,CSW24_hsp,19,17,21.313000,23.477000,2.164000,14f WAE
1128,CSW24_hsp,20,18,21.269000,22.971000,1.702000,14g AW
1128,CSW24_hsp,21,26,19.668000,22.935000,3.267000,o5 WARE
1128,CSW24_hsp,22,28,19.301000,22.724000,3.423000,o4 AI
1128,CSW24_hsp,23,22,20.313000,22.683000,2.370000,i5 WADE
1128,CSW24_hsp,24,21,20.323000,22.445000,2.122000,m1 EWT
1128,CSW24_hsp,25,24,19.958000,22.310000,2.352000,4g WAI
2017,CSW24_hsp,1,2,21.014000,17.906000,-3.108000,a1 WOF
2017,CSW24_hsp,2,3,20.622000,16.296000,-4.326000,11e FOB
2017,CSW24_hsp,3,4,20.127000,16.150000,-3.977000,13b FLOW
2017,CSW24_hsp,4,1,21.143000,15.261000,-5.882000,d1 BOWNE
2017,CSW24_hsp,5,5,19.398000,14.243000,-5.155000,14d BOWFIN
2017,CSW24_hsp,6,6,18.626000,14.167000,-4.459000,e10 FLAWN
2017,CSW24_hsp,7,7,18.579000,13.750000,-4.829000,13b BLOW
2017,CSW24_hsp,8,11,16.169000,12.981000,-3.188000,3a FAWN
2017,CSW24_hsp,9,9,16.853000,12.887000,-3.966000,13b FLOB
2017,CSW24_hsp,10,15,15.622000,12.544000,-3.078000,a1 FOB
2017,CSW24_hsp,11,10,16.227000,12.009000,-4.218000,e10 BLAWN
2017,CSW24_hsp,12,13,16.120000,11.880000,-4.240000,e10 FLAW
2017,CSW24_hsp,13,12,16.169000,11.876000,-4.293000,e11 FAWN
2017,CSW24_hsp,14,16,15.077000,11.829000,-3.248000,3a WAFT
2017,CSW24_hsp,15,18,14.932000,11.626000,-3.306000,3a BAWN
2017,CSW24_hsp,16,17,15.077000,10.780000,-4.297000,e11 WAFT
2017,CSW24_hsp,17,19,14.932000,10.540000,-4.392000,e11 BAWN
2017,CSW24_hsp,18,8,17.056000,10.423000,-6.633000,c1 BOW
2017,CSW24_hsp,19,24,13.448000,10.174000,-3.274000,3a BAWL
2017,CSW24_hsp,20,14,15.628000,9.932000,-5.696000,14h INFLOW
2017,CSW24_hsp,21,21,14.474000,9.761000,-4.713000,e9 BOWAT
2017,CSW24_hsp,22,22,14.056000,9.579000,-4.477000,13c BOW
2017,CSW24_hsp,23,28,13.144000,9.519000,-3.625000,h1 FLUOR
2017,CSW24_hsp,24,25,13.448000,9.097000,-4.351000,e10 BLAW
2017,CSW24_hsp,25,26,13.448000,9.073000,-4.375000,e11 BAWL
2216,CSW24_hsp,1,1,36.522000,38.713000,2.191000,15d EMBOLIC
2216,CSW24_hsp,2,4,29.251000,29.992000,0.741000,15d EMBOIL
2216,CSW24_hsp,3,5,29.251000,29.979000,0.728000,15d EMBOLI
2216,CSW24_hsp,4,3,29.251000,29.963000,0.712000,15c BEMOIL
2216,CSW24_hsp,5,2,31.421000,29.501000,-1.920000,c10 BOOM
2216,CSW24_hsp,6,9,26.304000,27.814000,1.510000,15d EMBLIC
2216,CSW24_hsp,7,7,27.398000,25.963000,-1.435000,c11 MOB
2216,CSW24_hsp,8,8,26.355000,25.029000,-1.326000,c10 OBOLI
2216,CSW24_hsp,9,18,23.398000,24.431000,1.033000,15a MOBE
2216,CSW24_hsp,10,10,26.083000,24.393000,-1.690000,c11 LOBI
2216,CSW24_hsp,11,6,28.524000,23.499000,-5.025000,14f COMBO
2216,CSW24_hsp,12,16,24.273000,22.139000,-2.134000,c10 OBOL
2216,CSW24_hsp,13,15,24.273000,22.135000,-2.138000,c10 BOOL
2216,CSW24_hsp,14,19,23.317000,21.935000,-1.382000,c11 LOB
2216,CSW24_hsp,15,11,25.951000,21.651000,-4.300000,d1 COMBER
2216,CSW24_hsp,16,30,20.570000,21.569000,0.999000,15a COME
2216,CSW24_hsp,17,21,22.711000,20.922000,-1.789000,c10 MOOLI
2216,CSW24_hsp,18,12,25.421000,20.898000,-4.523000,d1 BOOMER
2216,CSW24_hsp,19,13,25.386000,20.743000,-4.643000,14g BLOOM
2216,CSW24_hsp,20,17,24.118000,20.693000,-3.425000,14b LOTIC
2216,CSW24_hsp,21,37,19.317000,20.363000,1.046000,15a BOLE
2216,CSW24_hsp,22,38,19.317000,20.350000,1.033000,15a LOBE
2216,CSW24_hsp,23,25,21.430000,19.832000,-1.598000,c13 MIB
2216,CSW24_hsp,24,14,24.421000,19.635000,-4.786000,14h BOOM
2216,CSW24_hsp,25,49,18.293000,19.414000,1.121000,15a BICE
2019,CSW24_hsp,1,1,60.380000,59.896000,-0.484000,j10 ZEA
2019,CSW24_hsp,2,2,58.644000,58.157000,-0.487000,j10 ZEE
2019,CSW24_hsp,3,3,54.058000,53.298000,-0.760000,j10 ZE
2019,CSW24_hsp,4,4,49.711000,49.008000,-0.703000,j10 ZA
2019,CSW24_hsp,5,7,29.538000,31.074000,1.536000,2c CEAZE
2019,CSW24_hsp,6,6,30.477000,31.009000,0.532000,3g COZIER
2019,CSW24_hsp,7,8,29.477000,29.656000,0.179000,2d COZE
2019,CSW24_hsp,8,5,32.323000,29.242000,-3.081000,12k TOUZE
2019,CSW24_hsp,9,9,28.372000,28.606000,0.234000,i1 BUAZE
2019,CSW24_hsp,10,10,27.380000,27.762000,0.382000,3b ZEA
2019,CSW24_hsp,11,12,26.671000,27.452000,0.781000,12h ACUTE
2019,CSW24_hsp,12,14,26.085000,26.395000,0.310000,g11 EAU
2019,CSW24_hsp,13,17,25.085000,26.178000,1.093000,j10 EAU
2019,CSW24_hsp,14,18,25.085000,25.955000,0.870000,j12 EAU
2019,CSW24_hsp,15,16,25.671000,25.949000,0.278000,2e ECU
2019,CSW24_hsp,16,20,24.735000,25.111000,0.376000,3b ZOA
2019,CSW24_hsp,17,19,24.735000,24.889000,0.154000,2e AZO
2019,CSW24_hsp,18,21,23.940000,24.674000,0.734000,12h AZOTE
2019,CSW24_hsp,19,22,23.735000,24.295000,0.560000,14f ZOEA
2019,CSW24_hsp,20,27,23.085000,23.872000,0.787000,j13 AUE
2019,CSW24_hsp,21,28,23.085000,23.827000,0.742000,j13 EAU
2019,CSW24_hsp,22,29,23.058000,23.593000,0.535000,2f ZE
2019,CSW24_hsp,23,32,22.530000,23.503000,0.973000,2g OU
2019,CSW24_hsp,24,13,26.613000,23.399000,-3.214000,12k TOAZE
2019,CSW24_hsp,25,25,23.085000,23.376000,0.291000,g12 AUE
2344,CSW24_hsp,1,2,30.550000,28.601000,-1.949000,11e VIBS
2344,CSW24_hsp,2,1,30.550000,27.803000,-2.747000,m1 VIBS
2344,CSW24_hsp,3,3,29.579000,27.070000,-2.509000,11d BRIKS
2344,CSW24_hsp,4,5,27.579000,24.810000,-2.769000,m1 BRISK
2344,CSW24_hsp,5,6,27.177000,23.848000,-3.329000,11d BRIK
2344,CSW24_hsp,6,4,28.257000,22.889000,-5.368000,11k BLANK
2344,CSW24_hsp,7,8,25.704000,22.782000,-2.922000,m1 VINS
2344,CSW24_hsp,8,9,24.486000,21.858000,-2.628000,m2 BISK
2344,CSW24_hsp,9,10,23.704000,21.484000,-2.220000,11e VINS
2344,CSW24_hsp,10,7,26.098000,19.883000,-6.215000,3l BINK
2344,CSW24_hsp,11,11,22.816000,19.704000,-3.112000,11e VIN
2344,CSW24_hsp,12,14,21.101000,18.268000,-2.833000,m2 VIS
2344,CSW24_hsp,13,15,20.239000,16.837000,-3.402000,l1 VIBE
2344,CSW24_hsp,14,13,22.177000,16.026000,-6.151000,3l BRIK
2344,CSW24_hsp,15,12,22.177000,16.021000,-6.156000,3l BIRK
2344,CSW24_hsp,16,16,18.379000,15.281000,-3.098000,m1 INKS
2344,CSW24_hsp,17,17,18.379000,15.278000,-3.101000,m1 KINS
2344,CSW24_hsp,18,19,17.257000,14.238000,-3.019000,11d BRINS
2344,CSW24_hsp,19,18,17.383000,13.992000,-3.391000,14k VID
2344,CSW24_hsp,20,22,16.379000,13.943000,-2.436000,11e KINS
2344,CSW24_hsp,21,25,16.201000,13.568000,-2.633000,11e NIBS
2344,CSW24_hsp,22,20,16.816000,13.364000,-3.452000,l1 VINE
2344,CSW24_hsp,23,24,16.201000,12.900000,-3.301000,m1 NIBS
2344,CSW24_hsp,24,23,16.201000,12.890000,-3.311000,m1 BINS
2344,CSW24_hsp,25,26,15.811000,12.625000,-3.186000,14k VIDS
2066,CSW24_hsp,1,1,38.086000,35.661000,-2.425000,3b YO
2066,CSW24_hsp,2,2,37.708000,34.950000,-2.758000,9i YE
2066,CSW24_hsp,3,3,36.086000,33.510000,-2.576000,c2 YOW
2066,CSW24_hsp,4,5,34.086000,31.222000,-2.864000,5f OY
2066,CSW24_hsp,5,4,34.086000,31.128000,-2.958000,f2 YOM
2066,CSW24_hsp,6,6,32.086000,29.557000,-2.529000,c9 OY
2066,CSW24_hsp,7,8,31.979000,29.291000,-2.688000,3a YGO
2066,CSW24_hsp,8,7,32.086000,28.835000,-3.251000,12g OY
2066,CSW24_hsp,9,9,31.536000,28.557000,-2.979000,3a OYE
2066,CSW24_hsp,10,11,30.242000,27.950000,-2.292000,12f NOY
2066,CSW24_hsp,11,10,30.285000,27.345000,-2.940000,3b YE
2066,CSW24_hsp,12,12,30.086000,27.283000,-2.803000,b8 YO
2066,CSW24_hsp,13,13,30.086000,26.669000,-3.417000,b10 OY
2066,CSW24_hsp,14,16,28.512000,26.035000,-2.477000,3a YGOE
2066,CSW24_hsp,15,15,29.086000,25.812000,-3.274000,e11 HOY
2066,CSW24_hsp,16,17,28.285000,25.691000,-2.594000,c2 YEW
2066,CSW24_hsp,17,14,29.536000,24.256000,-5.280000,c1 YEOW
2066,CSW24_hsp,18,18,28.086000,23.712000,-4.374000,g2 OYS
2066,CSW24_hsp,19,21,26.708000,23.458000,-3.250000,4n MY
2066,CSW24_hsp,20,20,26.780000,23.019000,-3.761000,b10 EYING
2066,CSW24_hsp,21,22,25.798000,22.989000,-2.809000,3a RYE
2066,CSW24_hsp,22,23,25.492000,22.435000,-3.057000,c3 OW
2066,CSW24_hsp,23,25,24.732000,22.362000,-2.370000,9i YER
2066,CSW24_hsp,24,24,25.492000,22.062000,-3.430000,9i OE
2066,CSW24_hsp,25,28,24.285000,21.525000,-2.760000,c4 WYLE
2159,CSW24_hsp,1,1,59.394000,56.459000,-2.935000,14m PAM
2159,CSW24_hsp,2,3,57.936000,56.081000,-1.855000,a7 IMP
2159,CSW24_hsp,3,2,58.072000,54.255000,-3.817000,5a WAP
2159,CSW24_hsp,4,4,56.312000,52.507000,-3.805000,f12 REW
2159,CSW24_hsp,5,7,53.770000,51.030000,-2.740000,13l SWAP
2159,CSW24_hsp,6,6,53.770000,50.982000,-2.788000,13l SPAW
2159,CSW24_hsp,7,8,53.548000,50.780000,-2.768000,13l SWAM
2159,CSW24_hsp,8,5,54.537000,50.505000,-4.032000,5a WAT
2159,CSW24_hsp,9,9,53.394000,49.521000,-3.873000,5a MAP
2159,CSW24_hsp,10,10,53.394000,49.499000,-3.895000,5a PAM
2159,CSW24_hsp,11,12,52.623000,49.404000,-3.219000,14m TAM
2159,CSW24_hsp,12,11,53.052000,48.996000,-4.056000,m13 TWA
2159,CSW24_hsp,13,22,49.509000,47.908000,-1.601000,8a TA
2159,CSW24_hsp,14,13,52.217000,47.783000,-4.434000,n12 MAWR
2159,CSW24_hsp,15,19,50.191000,47.201000,-2.990000,13l SWAT
2159,CSW24_hsp,16,18,50.191000,47.200000,-2.991000,13l STAW
2159,CSW24_hsp,17,16,50.537000,46.579000,-3.958000,m12 TAWA
2159,CSW24_hsp,18,15,50.623000,46.532000,-4.091000,5a TAM
2159,CSW24_hsp,19,17,50.254000,46.184000,-4.070000,5a TAP
2159,CSW24_hsp,20,20,49.663000,46.144000,-3.519000,f11 AREW
2159,CSW24_hsp,21,21,49.663000,45.852000,-3.811000,a14 AW
2159,CSW24_hsp,22,14,50.770000,45.756000,-5.014000,n6 WAPS
2159,CSW24_hsp,23,27,48.770000,45.677000,-3.093000,n10 SWAP
2159,CSW24_hsp,24,26,48.770000,45.635000,-3.135000,n10 SPAW
2159,CSW24_hsp,25,30,48.548000,45.392000,-3.156000,n10 SWAM
2016,CSW24_hsp,1,1,25.631000,25.592000,-0.039000,11j AGOG
2016,CSW24_hsp,2,2,24.394000,24.237000,-0.157000,11j AGOGE
2016,CSW24_hsp,3,3,24.077000,24.071000,-0.006000,11j AGGIE
2016,CSW24_hsp,4,5,22.280000,22.280000,0.000000,3c GIGA
2016,CSW24_hsp,5,4,23.980000,22.234000,-1.746000,14i LOGGIA
2016,CSW24_hsp,6,9,20.743000,20.941000,0.198000,14f GOALED
2016,CSW24_hsp,7,8,20.743000,20.910000,0.167000,14f GAOLED
2016,CSW24_hsp,8,7,20.799000,20.726000,-0.073000,11j AGIO
2016,CSW24_hsp,9,12,19.312000,19.843000,0.531000,14f GOAL
2016,CSW24_hsp,10,11,19.312000,19.812000,0.500000,14f GAOL
2016,CSW24_hsp,11,13,19.208000,19.157000,-0.051000,1l WAGE
2016,CSW24_hsp,12,10,19.312000,19.011000,-0.301000,11j AGO
2016,CSW24_hsp,13,6,20.853000,18.889000,-1.964000,14i LOGGIE
2016,CSW24_hsp,14,16,18.312000,18.759000,0.447000,14e AGO
2016,CSW24_hsp,15,14,18.799000,18.555000,-0.244000,3c AGIO
2016,CSW24_hsp,16,17,18.293000,18.433000,0.140000,14f GOALIE
2016,CSW24_hsp,17,18,18.103000,17.882000,-0.221000,12i VAGGED
2016,CSW24_hsp,18,23,16.506000,17.037000,0.531000,14f GOEL
2016,CSW24_hsp,19,15,18.536000,16.900000,-1.636000,14i LOGGED
2016,CSW24_hsp,20,20,16.635000,16.583000,-0.052000,11j AGED
2016,CSW24_hsp,21,21,16.635000,16.399000,-0.236000,11j EGAD
2016,CSW24_hsp,22,24,16.415000,16.320000,-0.095000,11j EGG
2016,CSW24_hsp,23,22,16.506000,16.097000,-0.409000,11j EGO
2016,CSW24_hsp,24,27,15.506000,15.947000,0.441000,14e EGO
2016,CSW24_hsp,25,19,17.064000,15.714000,-1.350000,14i LIGGED
2384,CSW24_hsp,1,1,38.505000,33.819000,-4.686000,d3 IAMB
2384,CSW24_hsp,2,2,35.788000,31.170000,-4.618000,d3 LAMB
2384,CSW24_hsp,3,3,35.073000,30.455000,-4.618000,d3 LIMB
2384,CSW24_hsp,4,5,33.704000,28.710000,-4.994000,i2 ABOMA
2384,CSW24_hsp,5,4,34.586000,28.606000,-5.980000,3i BOI
2384,CSW24_hsp,6,6,33.586000,27.226000,-6.360000,d6 BOG
2384,CSW24_hsp,7,7,32.337000,26.164000,-6.173000,d5 BLOG
2384,CSW24_hsp,8,9,31.586000,25.640000,-5.946000,g5 BO
2384,CSW24_hsp,9,11,30.939000,25.568000,-5.371000,d3 BAM
2384,CSW24_hsp,10,12,30.813000,25.436000,-5.377000,d3 MIB
2384,CSW24_hsp,11,10,31.058000,24.973000,-6.085000,3i MOI
2384,CSW24_hsp,12,16,29.553000,24.496000,-5.057000,4k LIDOS
2384,CSW24_hsp,13,15,29.738000,24.280000,-5.458000,d3 LIB
2384,CSW24_hsp,14,13,30.586000,24.157000,-6.429000,d5 OB
2384,CSW24_hsp,15,8,31.700000,24.132000,-7.568000,4a BLOAT
2384,CSW24_hsp,16,17,29.514000,24.056000,-5.458000,d3 LAB
2384,CSW24_hsp,17,19,29.456000,23.835000,-5.621000,d3 BIO
2384,CSW24_hsp,18,14,30.058000,23.698000,-6.360000,d6 MOG
2384,CSW24_hsp,19,18,29.514000,23.329000,-6.185000,d5 BLAG
2384,CSW24_hsp,20,24,28.702000,23.021000,-5.681000,d4 AB
2384,CSW24_hsp,21,20,29.058000,22.990000,-6.068000,i5 MO
2384,CSW24_hsp,22,25,28.586000,22.756000,-5.830000,4c BOT
2384,CSW24_hsp,23,23,28.704000,22.542000,-6.162000,i10 AMBO
2384,CSW24_hsp,24,21,28.834000,22.491000,-6.343000,d6 BIG
2384,CSW24_hsp,25,30,28.058000,22.093000,-5.965000,g5 MO
2038,CSW24_hsp,1,1,39.715000,33.463000,-6.252000,4a CHEF
2038,CSW24_hsp,2,2,24.728000,17.975000,-6.753000,5c CHIV
2038,CSW24_hsp,3,3,24.628000,17.853000,-6.775000,4b FEH
2038,CSW24_hsp,4,4,24.088000,16.508000,-7.580000,j13 CH
2038,CSW24_hsp,5,6,22.094000,15.403000,-6.691000,5c VIBE
2038,CSW24_hsp,6,5,22.580000,13.415000,-9.165000,d1 CHEF
2038,CSW24_hsp,7,15,18.628000,13.192000,-5.436000,8a FEH
2038,CSW24_hsp,8,8,19.628000,12.583000,-7.045000,4d FEH
2038,CSW24_hsp,9,11,18.947000,11.876000,-7.071000,4c EF
2038,CSW24_hsp,10,17,18.572000,11.748000,-6.824000,5c CHIB
2038,CSW24_hsp,11,7,20.852000,11.533000,-9.319000,d1 FEEB
2038,CSW24_hsp,12,13,18.828000,11.436000,-7.392000,f6 FAV
2038,CSW24_hsp,13,10,19.088000,11.358000,-7.730000,j14 CH
2038,CSW24_hsp,14,18,17.715000,11.028000,-6.687000,5c CHEF
2038,CSW24_hsp,15,9,19.419000,10.978000,-8.441000,14j BOYF
2038,CSW24_hsp,16,16,18.580000,10.387000,-8.193000,13j FITCH
2038,CSW24_hsp,17,23,15.690000,10.172000,-5.518000,8a ICH
2038,CSW24_hsp,18,19,17.419000,9.974000,-7.445000,f6 FAB
2038,CSW24_hsp,19,14,18.755000,9.757000,-8.998000,d1 BEECH
2038,CSW24_hsp,20,12,18.852000,9.441000,-9.411000,d1 BEEF
2038,CSW24_hsp,21,20,16.775000,9.420000,-7.355000,f6 FAVE
2038,CSW24_hsp,22,24,15.682000,8.955000,-6.727000,f5 CHAV
2038,CSW24_hsp,23,25,15.366000,8.663000,-6.703000,5c VICE
2038,CSW24_hsp,24,26,14.902000,8.388000,-6.514000,5c HIVE
2038,CSW24_hsp,25,27,14.628000,8.033000,-6.595000,1j FEH
2220,CSW24_hsp,1,1,65.688000,63.914000,-1.774000,l10 OZEKI
2220,CSW24_hsp,2,3,58.999000,56.415000,-2.584000,h12 MOZO
2220,CSW24_hsp,3,2,59.522000,54.603000,-4.919000,l10 OZEKIS
2220,CSW24_hsp,4,4,53.355000,51.145000,-2.210000,8l SAKI
2220,CSW24_hsp,5,5,52.876000,50.284000,-2.592000,h12 MOZE
2220,CSW24_hsp,6,7,51.644000,47.658000,-3.986000,h12 MOOK
2220,CSW24_hsp,7,6,51.644000,47.566000,-4.078000,h12 MOKO
2220,CSW24_hsp,8,8,51.345000,47.379000,-3.966000,h12 MOKI
2220,CSW24_hsp,9,11,48.872000,46.944000,-1.928000,l11 ZEK
2220,CSW24_hsp,10,9,49.644000,46.904000,-2.740000,1c JOOK
2220,CSW24_hsp,11,12,48.823000,46.548000,-2.275000,8l SAKE
2220,CSW24_hsp,12,10,49.312000,46.489000,-2.823000,j4 KAZOO
2220,CSW24_hsp,13,17,46.688000,45.074000,-1.614000,k7 OZEKI
2220,CSW24_hsp,14,16,46.999000,43.498000,-3.501000,6b ZOON
2220,CSW24_hsp,15,13,47.644000,43.314000,-4.330000,4a KOLO
2220,CSW24_hsp,16,14,47.345000,43.010000,-4.335000,4a KILO
2220,CSW24_hsp,17,15,47.016000,42.902000,-4.114000,h12 MOKE
2220,CSW24_hsp,18,18,46.346000,42.672000,-3.674000,8m AZO
2220,CSW24_hsp,19,19,45.494000,41.499000,-3.995000,h12 MIKE
2220,CSW24_hsp,20,21,43.788000,41.083000,-2.705000,10i OZEKI
2220,CSW24_hsp,21,20,43.850000,40.313000,-3.537000,h11 SMOKO
2220,CSW24_hsp,22,27,42.655000,40.195000,-2.460000,4a ZOLS
2220,CSW24_hsp,23,22,43.780000,40.142000,-3.638000,14j ZOOS
2220,CSW24_hsp,24,23,43.494000,39.523000,-3.971000,g1 INKED
2220,CSW24_hsp,25,24,43.181000,39.263000,-3.918000,n1 OO
2323,CSW24_hsp,1,1,26.726000,22.755000,-3.971000,8k tWERP
2323,CSW24_hsp,2,3,24.502000,22.480000,-2.022000,1a PRICE
2323,CSW24_hsp,3,2,24.502000,22.473000,-2.029000,1a CRIPE
2323,CSW24_hsp,4,4,23.210000,21.820000,-1.390000,1a FRIG
2323,CSW24_hsp,5,7,22.043000,20.619000,-1.424000,1a GRIP
2323,CSW24_hsp,6,6,22.107000,20.081000,-2.026000,1a GRICE
2323,CSW24_hsp,7,5,22.180000,20.070000,-2.110000,1a GRIPE
2323,CSW24_hsp,8,8,20.219000,18.792000,-1.427000,1a EPIC
2323,CSW24_hsp,9,9,20.074000,17.896000,-2.178000,1a GRIEF
2323,CSW24_hsp,10,11,19.043000,17.660000,-1.383000,1a PRIG
2323,CSW24_hsp,11,10,19.156000,17.029000,-2.127000,1a PRIEF
2323,CSW24_hsp,12,12,15.070000,13.683000,-1.387000,1a REIF
2323,CSW24_hsp,13,13,9.517000,8.206000,-1.311000,1a ERIC
2323,CSW24_hsp,14,28,5.844000,4.429000,-1.415000,1a WEIR
2323,CSW24_hsp,15,14,8.264000,3.540000,-4.724000,d10 GREWS
2323,CSW24_hsp,16,15,7.422000,3.460000,-3.962000,j3 GREX
2323,CSW24_hsp,17,16,7.264000,2.537000,-4.727000,f9 GREW
2323,CSW24_hsp,18,24,6.498000,2.527000,-3.971000,f9 FEW
2323,CSW24_hsp,19,17,7.147000,2.491000,-4.656000,d10 CREWS
2323,CSW24_hsp,20,26,6.470000,2.490000,-3.980000,f9 FEG
2323,CSW24_hsp,21,25,6.498000,2.468000,-4.030000,d11 FEWS
2323,CSW24_hsp,22,18,7.147000,2.270000,-4.877000,e10 CREWE
2323,CSW24_hsp,23,19,6.824000,2.108000,-4.716000,1b WIG
2323,CSW24_hsp,24,21,6.502000,1.863000,-4.639000,d10 PERCS
2323,CSW24_hsp,25,20,6.502000,1.778000,-4.724000,d10 CREPS
2131,CSW24_hsp,1,1,23.783000,20.337000,-3.446000,h3 MORAINE
2131,CSW24_hsp,2,2,22.185000,19.499000,-2.686000,m10 CETE
2131,CSW24_hsp,3,3,21.967000,17.846000,-4.121000,4i KAIE
2131,CSW24_hsp,4,12,20.030000,17.478000,-2.552000,h12 AREA
2131,CSW24_hsp,5,14,20.001000,17.373000,-2.628000,h12 ARIE
2131,CSW24_hsp,6,4,21.030000,17.251000,-3.779000,m11 ETA
2131,CSW24_hsp,7,6,20.878000,17.003000,-3.875000,4f OE
2131,CSW24_hsp,8,8,20.878000,16.967000,-3.911000,7n OE
2131,CSW24_hsp,9,5,20.878000,16.785000,-4.093000,h3 MOE
2131,CSW24_hsp,10,7,20.878000,16.775000,-4.103000,4h OKE
2131,CSW24_hsp,11,13,20.001000,16.314000,-3.687000,4g EIK
2131,CSW24_hsp,12,11,20.323000,16.188000,-4.135000,4i KIORE
2131,CSW24_hsp,13,9,20.778000,16.109000,-4.669000,n5 AEONIC
2131,CSW24_hsp,14,15,19.282000,16.023000,-3.259000,n10 COyER
2131,CSW24_hsp,15,10,20.523000,14.794000,-5.729000,14e OARED
2131,CSW24_hsp,16,17,18.446000,14.700000,-3.746000,c3 FOCI
2131,CSW24_hsp,17,16,18.465000,14.367000,-4.098000,n6 CANOE
2131,CSW24_hsp,18,21,18.030000,14.347000,-3.683000,7n EA
2131,CSW24_hsp,19,20,18.030000,14.338000,-3.692000,7n AE
2131,CSW24_hsp,20,24,18.013000,14.337000,-3.676000,7n IO
2131,CSW24_hsp,21,25,18.013000,14.327000,-3.686000,9n OI
2131,CSW24_hsp,22,18,18.030000,14.155000,-3.875000,4f AE
2131,CSW24_hsp,23,23,18.013000,13.983000,-4.030000,4f OI
2131,CSW24_hsp,24,31,17.523000,13.968000,-3.555000,d10 REALO
2131,CSW24_hsp,25,19,18.030000,13.937000,-4.093000,4h AKE
2147,CSW24_hsp,1,1,8.285000,6.305000,-1.980000,2g VERY
2147,CSW24_hsp,2,2,3.541000,0.996000,-2.545000,2g RENY
2147,CSW24_hsp,3,3,2.693000,0.919000,-1.774000,10i TRIG
2147,CSW24_hsp,4,4,0.869000,-2.179000,-3.048000,ex GNNRVY
2147,CSW24_hsp,5,5,0.383000,-2.627000,-3.010000,2f GREN
2147,CSW24_hsp,6,6,0.298000,-2.750000,-3.048000,ex GNNRV
2147,CSW24_hsp,7,7,0.000000,-3.048000,-3.048000,ex GNNRRVY
2147,CSW24_hsp,8,8,-0.109000,-3.157000,-3.048000,ex GNRRVY
2147,CSW24_hsp,9,9,-0.306000,-3.354000,-3.048000,ex NRRVY
2147,CSW24_hsp,10,10,-0.453000,-3.501000,-3.048000,ex GNNRRV
2147,CSW24_hsp,11,11,-0.492000,-3.540000,-3.048000,ex NRV
2147,CSW24_hsp,12,12,-0.538000,-3.586000,-3.048000,ex NRVY
2147,CSW24_hsp,13,13,-0.568000,-3.616000,-3.048000,ex GNRRV
2147,CSW24_hsp,14,17,-1.484000,-3.717000,-2.233000,15h ENVY
2147,CSW24_hsp,15,14,-0.679000,-3.727000,-3.048000,ex NRRV
2147,CSW24_hsp,16,15,-0.756000,-3.804000,-3.048000,ex GNRVY
2147,CSW24_hsp,17,16,-1.073000,-4.121000,-3.048000,ex GNRV
2147,CSW24_hsp,18,21,-2.667000,-5.094000,-2.427000,2e GYVE
2147,CSW24_hsp,19,18,-1.625000,-5.389000,-3.764000,15m NY
2147,CSW24_hsp,20,19,-2.455000,-5.503000,-3.048000,ex NNRV
2147,CSW24_hsp,21,20,-2.459000,-5.519000,-3.060000,3e RYND
2147,CSW24_hsp,22,22,-2.745000,-5.793000,-3.048000,ex NNRVY
2147,CSW24_hsp,23,23,-2.930000,-5.978000,-3.048000,ex NNRRV
2147,CSW24_hsp,24,25,-3.347000,-6.195000,-2.848000,2g REV
2147,CSW24_hsp,25,24,-3.178000,-6.226000,-3.048000,ex NNRRVY
2342,CSW24_hsp,1,1,42.656000,30.072000,-12.584000,c6 GAVOT
2342,CSW24_hsp,2,2,39.826000,27.676000,-12.150000,c6 GAVOTS
2342,CSW24_hsp,3,3,31.611000,18.580000,-13.031000,c5 AGOG
2342,CSW24_hsp,4,4,28.922000,15.819000,-13.103000,c6 GOV
2342,CSW24_hsp,5,5,27.611000,15.747000,-11.864000,a12 AGOG
2342,CSW24_hsp,6,13,20.576000,15.661000,-4.915000,8a VEGO
2342,CSW24_hsp,7,7,24.633000,12.018000,-12.615000,c4 GAGA
2342,CSW24_hsp,8,6,25.257000,10.937000,-14.320000,10j AVGAS
2342,CSW24_hsp,9,8,23.109000,9.890000,-13.219000,c6 GAG
2342,CSW24_hsp,10,14,20.422000,8.071000,-12.351000,e9 GEO
2342,CSW24_hsp,11,9,21.989000,6.686000,-15.303000,c5 AGO
2342,CSW24_hsp,12,20,18.005000,6.416000,-11.589000,a12 AVOS
2342,CSW24_hsp,13,10,20.695000,5.453000,-15.242000,13c VEGA
2342,CSW24_hsp,14,15,20.257000,5.347000,-14.910000,c2 AVGAS
2342,CSW24_hsp,15,12,20.611000,5.310000,-15.301000,10j AGOG
2342,CSW24_hsp,16,11,20.695000,5.285000,-15.410000,14c GRAV
2342,CSW24_hsp,17,18,18.257000,5.263000,-12.994000,m9 AVGAS
2342,CSW24_hsp,18,22,17.633000,4.269000,-13.364000,e4 GAGA
2342,CSW24_hsp,19,16,19.695000,4.241000,-15.454000,c4 VAG
2342,CSW24_hsp,20,30,15.513000,3.911000,-11.602000,a12 AVAS
2342,CSW24_hsp,21,17,18.922000,3.714000,-15.208000,13c VEGO
2342,CSW24_hsp,22,19,18.093000,2.885000,-15.208000,c5 AGA
2342,CSW24_hsp,23,24,17.495000,2.513000,-14.982000,5b FAVA
2342,CSW24_hsp,24,28,17.300000,2.262000,-15.038000,10j AVO
2342,CSW24_hsp,25,25,17.300000,2.031000,-15.269000,c3 OVA
2333,CSW24_hsp,1,1,29.486000,28.426000,-1.060000,j14 QI
2333,CSW24_hsp,2,2,20.486000,18.370000,-2.116000,g7 QAT
2333,CSW24_hsp,3,3,15.015000,14.166000,-0.849000,12b TRY
2333,CSW24_hsp,4,11,8.782000,7.940000,-0.842000,12b SLY
2333,CSW24_hsp,5,4,11.045000,7.911000,-3.134000,ex GLQY
2333,CSW24_hsp,6,5,10.439000,7.305000,-3.134000,ex GLQTY
2333,CSW24_hsp,7,8,9.486000,6.891000,-2.595000,l14 QI
2333,CSW24_hsp,8,7,9.486000,6.837000,-2.649000,j5 QI
2333,CSW24_hsp,9,6,9.797000,6.663000,-3.134000,ex GLQRY
2333,CSW24_hsp,10,9,9.378000,6.244000,-3.134000,ex GLQ
2333,CSW24_hsp,11,10,9.110000,5.976000,-3.134000,ex GLQRTY
2333,CSW24_hsp,12,12,8.549000,5.415000,-3.134000,ex GQR
2333,CSW24_hsp,13,13,8.163000,5.029000,-3.134000,ex GQRTY
2333,CSW24_hsp,14,14,8.034000,4.900000,-3.134000,ex GLQT
2333,CSW24_hsp,15,15,7.939000,4.805000,-3.134000,ex GQRT
2333,CSW24_hsp,16,20,7.050000,4.778000,-2.272000,n2 TYG
2333,CSW24_hsp,17,16,7.854000,4.720000,-3.134000,ex GQ
2333,CSW24_hsp,18,24,5.520000,4.671000,-0.849000,12b STY
2333,CSW24_hsp,19,17,7.633000,4.499000,-3.134000,ex GLQR
2333,CSW24_hsp,20,18,7.286000,4.152000,-3.134000,ex GQRY
2333,CSW24_hsp,21,19,7.188000,4.054000,-3.134000,ex GLQRT
2333,CSW24_hsp,22,21,6.382000,3.248000,-3.134000,ex GQT
2333,CSW24_hsp,23,26,5.050000,2.906000,-2.144000,7e TYG
2333,CSW24_hsp,24,22,6.018000,2.884000,-3.134000,ex GQTY
2333,CSW24_hsp,25,23,5.627000,2.493000,-3.134000,ex LQTY
2081,CSW24_hsp,1,2,21.955000,19.225000,-2.730000,d1 MaUVER
2081,CSW24_hsp,2,3,21.309000,18.224000,-3.085000,d1 MaUVE
2081,CSW24_hsp,3,5,18.810000,17.509000,-1.301000,1a RUED
2081,CSW24_hsp,4,1,22.315000,16.979000,-5.336000,l1 OVUM
2081,CSW24_hsp,5,4,20.990000,15.949000,-5.041000,3m MUX
2081,CSW24_hsp,6,6,17.836000,12.501000,-5.335000,c2 LUV
2081,CSW24_hsp,7,7,15.948000,11.579000,-4.369000,3k MUREX
2081,CSW24_hsp,8,8,15.624000,11.550000,-4.074000,d11 FUMED
2081,CSW24_hsp,9,9,15.371000,10.823000,-4.548000,c13 EMU
2081,CSW24_hsp,10,10,14.836000,10.489000,-4.347000,d1 VaU
2081,CSW24_hsp,11,20,12.990000,10.275000,-2.715000,1a MU
2081,CSW24_hsp,12,14,14.335000,10.174000,-4.161000,c11 IDEM
2081,CSW24_hsp,13,18,13.895000,10.117000,-3.778000,d1 MaUD
2081,CSW24_hsp,14,11,14.581000,9.898000,-4.683000,15l RUDY
2081,CSW24_hsp,15,12,14.581000,9.866000,-4.715000,15l URDY
2081,CSW24_hsp,16,17,14.235000,9.757000,-4.478000,15l VERY
2081,CSW24_hsp,17,13,14.365000,9.584000,-4.781000,3m VEX
2081,CSW24_hsp,18,16,14.244000,9.142000,-5.102000,3m DUX
2081,CSW24_hsp,19,19,13.810000,9.080000,-4.730000,3k REDUX
2081,CSW24_hsp,20,15,14.319000,8.790000,-5.529000,j1 CURVED
2081,CSW24_hsp,21,23,11.990000,8.260000,-3.730000,1d MU
2081,CSW24_hsp,22,21,12.990000,8.110000,-4.880000,d11 FUM
2081,CSW24_hsp,23,22,12.401000,7.158000,-5.243000,c2 LURVE
2081,CSW24_hsp,24,26,9.948000,5.633000,-4.315000,d11 FEMUR
2081,CSW24_hsp,25,27,9.948000,5.633000,-4.315000,d11 FUMER
2067,CSW24_hsp,1,1,26.971000,27.317000,0.346000,10l OOZE
2067,CSW24_hsp,2,2,22.880000,23.500000,0.620000,14b OO
2067,CSW24_hsp,3,3,22.854000,23.128000,0.274000,4a INDOOR
2067,CSW24_hsp,4,4,22.443000,22.775000,0.332000,13k IROKO
2067,CSW24_hsp,5,7,21.971000,22.550000,0.579000,4e OO
2067,CSW24_hsp,6,6,21.971000,22.513000,0.542000,4d OO
2067,CSW24_hsp,7,5,21.979000,22.290000,0.311000,4d DOO
2067,CSW24_hsp,8,12,20.501000,21.872000,1.371000,14a ONO
2067,CSW24_hsp,9,11,20.880000,21.418000,0.538000,14e OM
2067,CSW24_hsp,10,8,21.056000,21.412000,0.356000,4d NOO
2067,CSW24_hsp,11,10,20.971000,21.369000,0.398000,9b OO
2067,CSW24_hsp,12,19,19.874000,21.319000,1.445000,h4 DOO
2067,CSW24_hsp,13,9,21.056000,21.303000,0.247000,4d OON
2067,CSW24_hsp,14,13,20.008000,20.539000,0.531000,j1 OHED
2067,CSW24_hsp,15,20,19.874000,20.283000,0.409000,10l DOZE
2067,CSW24_hsp,16,16,19.956000,20.277000,0.321000,4d ION
2067,CSW24_hsp,17,18,19.880000,20.261000,0.381000,6g EON
2067,CSW24_hsp,18,14,19.979000,20.210000,0.231000,4c DOO
2067,CSW24_hsp,19,17,19.880000,20.172000,0.292000,j1 OH
2067,CSW24_hsp,20,22,19.782000,20.152000,0.370000,4d ROO
2067,CSW24_hsp,21,21,19.782000,20.103000,0.321000,4d OOR
2067,CSW24_hsp,22,15,19.971000,20.057000,0.086000,j9 OO
2067,CSW24_hsp,23,26,19.175000,19.797000,0.622000,4d IO
2067,CSW24_hsp,24,32,18.971000,19.730000,0.759000,a13 OOP
2067,CSW24_hsp,25,30,18.971000,19.367000,0.396000,e4 OBO
2002,CSW24_hsp,1,1,31.064000,27.062000,-4.002000,2j FARRED
2002,CSW24_hsp,2,2,28.863000,24.915000,-3.948000,k10 AND
2002,CSW24_hsp,3,4,27.414000,23.907000,-3.507000,f2 DELF
2002,CSW24_hsp,4,3,27.494000,23.712000,-3.782000,k10 ARM
2002,CSW24_hsp,5,5,27.045000,23.458000,-3.587000,k10 ADMEN
2002,CSW24_hsp,6,6,27.045000,23.275000,-3.770000,k10 AMEND
2002,CSW24_hsp,7,8,25.965000,22.774000,-3.191000,o1 MEND
2002,CSW24_hsp,8,7,27.045000,21.952000,-5.093000,n10 EMEND
2002,CSW24_hsp,9,10,25.358000,21.542000,-3.816000,6a EM
2002,CSW24_hsp,10,9,25.487000,21.426000,-4.061000,2j FARREN
2002,CSW24_hsp,11,11,24.951000,21.416000,-3.535000,k10 ARMED
2002,CSW24_hsp,12,17,23.981000,20.757000,-3.224000,9e MET
2002,CSW24_hsp,13,13,24.358000,20.551000,-3.807000,h4 MUMUS
2002,CSW24_hsp,14,15,24.228000,20.461000,-3.767000,m7 DIRL
2002,CSW24_hsp,15,14,24.228000,20.333000,-3.895000,m3 YARD
2002,CSW24_hsp,16,16,24.228000,20.333000,-3.895000,k10 ARD
2002,CSW24_hsp,17,12,24.863000,20.124000,-4.739000,n10 END
2002,CSW24_hsp,18,24,23.064000,19.689000,-3.375000,o1 REDD
2002,CSW24_hsp,19,18,23.951000,19.668000,-4.283000,n6 MENDER
2002,CSW24_hsp,20,22,23.358000,19.401000,-3.957000,k10 AM
2002,CSW24_hsp,21,23,23.074000,19.399000,-3.675000,f7 TORMENT
2002,CSW24_hsp,22,21,23.358000,19.245000,-4.113000,m3 YAM
2002,CSW24_hsp,23,20,23.361000,19.195000,-4.166000,k10 ANT
2002,CSW24_hsp,24,26,22.511000,18.976000,-3.535000,k1 MANSE
2002,CSW24_hsp,25,28,22.447000,18.582000,-3.865000,k10 AMENT
2057,CSW24_hsp,1,1,71.070000,66.549000,-4.521000,h12 WIPE
2057,CSW24_hsp,2,2,65.143000,60.519000,-4.624000,h12 PIPI
2057,CSW24_hsp,3,3,62.070000,57.488000,-4.582000,8m PEW
2057,CSW24_hsp,4,4,61.007000,56.276000,-4.731000,h12 PIPE
2057,CSW24_hsp,5,5,60.350000,55.866000,-4.484000,8m HEW
2057,CSW24_hsp,6,6,59.706000,54.332000,-5.374000,n11 PHEW
2057,CSW24_hsp,7,8,55.121000,50.684000,-4.437000,7i PI
2057,CSW24_hsp,8,10,55.007000,50.357000,-4.650000,8m PEP
2057,CSW24_hsp,9,9,55.070000,49.244000,-5.826000,n12 PEW
2057,CSW24_hsp,10,11,52.227000,47.676000,-4.551000,8m HEP
2057,CSW24_hsp,11,7,55.706000,46.913000,-8.793000,n6 WHELP
2057,CSW24_hsp,12,13,51.227000,46.565000,-4.662000,8m PEH
2057,CSW24_hsp,13,14,50.232000,45.702000,-4.530000,7i HI
2057,CSW24_hsp,14,12,51.350000,45.446000,-5.904000,n12 HEW
2057,CSW24_hsp,15,15,50.007000,44.036000,-5.971000,2a PEP
2057,CSW24_hsp,16,25,47.583000,43.476000,-4.107000,h11 WHIPt
2057,CSW24_hsp,17,24,47.583000,43.458000,-4.125000,h11 WHIPs
2057,CSW24_hsp,18,16,49.029000,43.310000,-5.719000,c2 PAW
2057,CSW24_hsp,19,17,49.007000,43.035000,-5.972000,n12 PEP
2057,CSW24_hsp,20,18,48.237000,42.850000,-5.387000,h13 IWI
2057,CSW24_hsp,21,20,48.096000,42.840000,-5.256000,m7 WHAP
2057,CSW24_hsp,22,22,48.029000,42.248000,-5.781000,c2 WAP
2057,CSW24_hsp,23,26,47.237000,42.208000,-5.029000,10i WIN
2057,CSW24_hsp,24,21,48.096000,42.141000,-5.955000,h11 WHIP
2057,CSW24_hsp,25,19,48.096000,42.040000,-6.056000,c1 WHAP
2093,CSW24_hsp,1,1,81.000000,80.668000,-0.332000,5b COHESION
2093,CSW24_hsp,2,2,44.555000,43.520000,-1.035000,a7 COHOE
2093,CSW24_hsp,3,4,41.574000,41.764000,0.190000,15h OOH
2093,CSW24_hsp,4,3,42.312000,41.633000,-0.679000,a7 COHO
2093,CSW24_hsp,5,5,37.836000,37.871000,0.035000,15h HOI
2093,CSW24_hsp,6,6,37.312000,36.551000,-0.761000,d4 CHOOM
2093,CSW24_hsp,7,7,36.788000,36.166000,-0.622000,a7 ECHO
2093,CSW24_hsp,8,10,36.574000,36.153000,-0.421000,n10 OOH
2093,CSW24_hsp,9,9,36.574000,36.095000,-0.479000,n9 HOO
2093,CSW24_hsp,10,12,36.312000,36.068000,-0.244000,a9 COHO
2093,CSW24_hsp,11,13,35.780000,35.816000,0.036000,15f ROHE
2093,CSW24_hsp,12,11,36.312000,35.434000,-0.878000,5e CHOON
2093,CSW24_hsp,13,16,35.574000,35.350000,-0.224000,a10 OHO
2093,CSW24_hsp,14,8,36.583000,35.193000,-1.390000,n10 OO
2093,CSW24_hsp,15,14,35.574000,35.167000,-0.407000,a8 HOO
2093,CSW24_hsp,16,15,35.574000,35.157000,-0.417000,a8 OHO
2093,CSW24_hsp,17,17,34.780000,34.815000,0.035000,15h HOE
2093,CSW24_hsp,18,18,34.746000,33.397000,-1.349000,n10 IO
2093,CSW24_hsp,19,21,33.225000,32.703000,-0.522000,a8 COO
2093,CSW24_hsp,20,20,33.583000,32.374000,-1.209000,15h OO
2093,CSW24_hsp,21,23,32.596000,32.057000,-0.539000,15h HO
2093,CSW24_hsp,22,19,33.583000,31.819000,-1.764000,a14 OO
2093,CSW24_hsp,23,22,32.596000,31.537000,-1.059000,a14 OH
2093,CSW24_hsp,24,24,32.583000,30.783000,-1.800000,n11 OO
2093,CSW24_hsp,25,26,31.746000,30.537000,-1.209000,15h IO
2015,CSW24_hsp,1,1,72.000000,58.538000,-13.462000,n7 SAGINATE
2015,CSW24_hsp,2,2,60.000000,50.995000,-9.005000,l2 AGENESIA
2015,CSW24_hsp,3,5,41.771000,35.810000,-5.961000,o13 YAE
2015,CSW24_hsp,4,6,41.771000,35.717000,-6.054000,o13 YEA
2015,CSW24_hsp,5,7,39.413000,34.494000,-4.919000,a1 ADAGE
2015,CSW24_hsp,6,3,42.784000,34.414000,-8.370000,9d AVA
2015,CSW24_hsp,7,4,41.771000,33.336000,-8.435000,9d AVE
2015,CSW24_hsp,8,8,38.530000,32.999000,-5.531000,o12 GYAN
2015,CSW24_hsp,9,9,38.031000,32.693000,-5.338000,1a AG
2015,CSW24_hsp,10,10,38.031000,32.150000,-5.881000,o13 YAG
2015,CSW24_hsp,11,12,37.715000,32.015000,-5.700000,o11 GEYAN
2015,CSW24_hsp,12,14,36.842000,30.950000,-5.892000,a1 AD
2015,CSW24_hsp,13,13,36.854000,30.551000,-6.303000,o7 GAINSAY
2015,CSW24_hsp,14,21,35.572000,30.090000,-5.482000,1a AI
2015,CSW24_hsp,15,22,35.427000,29.630000,-5.797000,o12 AYIN
2015,CSW24_hsp,16,18,35.784000,27.453000,-8.331000,12n AA
2015,CSW24_hsp,17,11,37.784000,27.448000,-10.336000,14n AA
2015,CSW24_hsp,18,17,36.771000,27.189000,-9.582000,14n EA
2015,CSW24_hsp,19,15,36.784000,26.979000,-9.805000,4b AVA
2015,CSW24_hsp,20,20,35.771000,26.925000,-8.846000,4c VAE
2015,CSW24_hsp,21,29,34.771000,26.432000,-8.339000,12n EA
2015,CSW24_hsp,22,25,34.784000,26.379000,-8.405000,3l AA
2015,CSW24_hsp,23,69,31.578000,26.345000,-5.233000,a1 IDEA
2015,CSW24_hsp,24,26,34.784000,26.076000,-8.708000,3m AA
2015,CSW24_hsp,25,28,34.771000,26.052000,-8.719000,7f EAT
2077,CSW24_hsp,1,1,19.657000,12.219000,-7.438000,c13 IWI
2077,CSW24_hsp,2,2,18.970000,11.742000,-7.228000,c12 WEID
2077,CSW24_hsp,3,4,18.715000,11.720000,-6.995000,13h TWINED
2077,CSW24_hsp,4,5,18.095000,11.584000,-6.511000,13b DISUNITE
2077,CSW24_hsp,5,3,18.970000,11.492000,-7.478000,c12 WIDE
2077,CSW24_hsp,6,6,17.715000,10.923000,-6.792000,c3 DWINE
2077,CSW24_hsp,7,8,16.912000,10.227000,-6.685000,6f WIS
2077,CSW24_hsp,8,11,15.617000,8.378000,-7.239000,c12 WUD
2077,CSW24_hsp,9,12,15.041000,8.357000,-6.684000,i11 OWIE
2077,CSW24_hsp,10,16,14.733000,8.296000,-6.437000,n6 EMEU
2077,CSW24_hsp,11,9,15.893000,8.256000,-7.637000,c12 WIN
2077,CSW24_hsp,12,10,15.792000,8.213000,-7.579000,c12 WINE
2077,CSW24_hsp,13,7,17.657000,8.090000,-9.567000,13a IWIS
2077,CSW24_hsp,14,13,14.912000,7.612000,-7.300000,g9 WIT
2077,CSW24_hsp,15,19,13.792000,7.549000,-6.243000,g11 TWINE
2077,CSW24_hsp,16,15,14.893000,7.496000,-7.397000,c12 WIND
2077,CSW24_hsp,17,14,14.912000,7.285000,-7.627000,13b WIS
2077,CSW24_hsp,18,18,14.464000,7.179000,-7.285000,c12 DUI
2077,CSW24_hsp,19,17,14.657000,7.152000,-7.505000,l8 KIWI
2077,CSW24_hsp,20,20,12.970000,6.577000,-6.393000,f10 INDEW
2077,CSW24_hsp,21,21,12.893000,5.814000,-7.079000,g11 TWIN
2077,CSW24_hsp,22,26,11.917000,5.812000,-6.105000,f10 UNWIND
2077,CSW24_hsp,23,23,12.184000,5.506000,-6.678000,6f WUS
2077,CSW24_hsp,24,22,12.225000,5.315000,-6.910000,e5 UNI
2077,CSW24_hsp,25,25,11.970000,5.084000,-6.886000,13b WISED
2372,CSW24_hsp,1,2,70.368000,67.407000,-2.961000,o8 WOX
2372,CSW24_hsp,2,1,70.368000,67.242000,-3.126000,o6 WOX
2372,CSW24_hsp,3,3,66.718000,63.600000,-3.118000,o6 WEX
2372,CSW24_hsp,4,4,60.597000,57.809000,-2.788000,o6 COX
2372,CSW24_hsp,5,5,58.878000,55.504000,-3.374000,o7 EXIT
2372,CSW24_hsp,6,7,51.694000,50.203000,-1.491000,o8 XI
2372,CSW24_hsp,7,6,52.154000,49.561000,-2.593000,o6 TIX
2372,CSW24_hsp,8,9,50.002000,47.875000,-2.127000,o14 OX
2372,CSW24_hsp,9,8,50.525000,47.811000,-2.714000,o7 EXO
2372,CSW24_hsp,10,10,49.368000,47.713000,-1.655000,o10 WOX
2372,CSW24_hsp,11,12,48.002000,46.747000,-1.255000,o7 OX
2372,CSW24_hsp,12,15,45.760000,45.892000,0.132000,o6 COW
2372,CSW24_hsp,13,11,48.260000,45.641000,-2.619000,o6 TEX
2372,CSW24_hsp,14,21,44.061000,44.413000,0.352000,o8 WOT
2372,CSW24_hsp,15,17,45.597000,44.140000,-1.457000,8l COAX
2372,CSW24_hsp,16,16,45.718000,44.063000,-1.655000,o10 WEX
2372,CSW24_hsp,17,24,42.909000,44.007000,1.098000,o8 WO
2372,CSW24_hsp,18,22,43.707000,44.005000,0.298000,o8 WIT
2372,CSW24_hsp,19,20,45.081000,43.839000,-1.242000,o7 EX
2372,CSW24_hsp,20,14,46.000000,43.715000,-2.285000,o8 WITE
2372,CSW24_hsp,21,18,45.597000,43.520000,-2.077000,15l COAX
2372,CSW24_hsp,22,13,46.002000,43.246000,-2.756000,n5 OX
2372,CSW24_hsp,23,26,41.968000,42.855000,0.887000,8m WAX
2372,CSW24_hsp,24,25,42.061000,42.607000,0.546000,o7 TWO
2372,CSW24_hsp,25,28,41.909000,42.251000,0.342000,o14 OW
2139,CSW24_hsp,1,1,33.642000,30.700000,-2.942000,a12 CLON
2139,CSW24_hsp,2,3,30.042000,27.187000,-2.855000,a12 CONN
2139,CSW24_hsp,3,7,26.338000,25.517000,-0.821000,a8 ONTIC
2139,CSW24_hsp,4,8,26.338000,25.501000,-0.837000,a8 TONIC
2139,CSW24_hsp,5,2,30.317000,25.115000,-5.202000,13g QiN
2139,CSW24_hsp,6,4,27.642000,23.218000,-4.424000,b11 LOON
2139,CSW24_hsp,7,5,27.625000,22.729000,-4.896000,b2 NO
2139,CSW24_hsp,8,9,25.785000,22.544000,-3.241000,b9 LINO
2139,CSW24_hsp,9,6,26.625000,21.471000,-5.154000,6a NO
2139,CSW24_hsp,10,15,24.205000,21.396000,-2.809000,a12 COLT
2139,CSW24_hsp,11,14,24.205000,21.222000,-2.983000,a12 CLOT
2139,CSW24_hsp,12,20,23.215000,20.761000,-2.454000,a10 NICOLS
2139,CSW24_hsp,13,38,21.159000,20.557000,-0.602000,a8 TONICS
2139,CSW24_hsp,14,10,25.338000,20.492000,-4.846000,9b NOS
2139,CSW24_hsp,15,40,21.148000,20.331000,-0.817000,a8 LOTIC
2139,CSW24_hsp,16,12,24.625000,19.993000,-4.632000,8k NOR
2139,CSW24_hsp,17,11,25.317000,19.686000,-5.631000,4d IN
2139,CSW24_hsp,18,13,24.519000,19.260000,-5.259000,b10 SNOOL
2139,CSW24_hsp,19,18,23.321000,18.897000,-4.424000,b11 TOON
2139,CSW24_hsp,20,22,23.038000,18.729000,-4.309000,i10 TONS
2139,CSW24_hsp,21,39,21.159000,18.645000,-2.514000,a10 TOCSIN
2139,CSW24_hsp,22,16,24.042000,18.627000,-5.415000,b11 NOON
2139,CSW24_hsp,23,43,20.760000,17.912000,-2.848000,a12 CLIT
2139,CSW24_hsp,24,46,20.534000,17.855000,-2.679000,a12 CION
2139,CSW24_hsp,25,34,21.767000,17.715000,-4.052000,9b LOS
2348,CSW24_hsp,1,1,111.000000,106.992000,-4.008000,15h CRAWDAD
2348,CSW24_hsp,2,2,55.944000,54.625000,-1.319000,15l WADD
2348,CSW24_hsp,3,3,29.569000,27.916000,-1.653000,15l DADA
2348,CSW24_hsp,4,7,26.643000,23.444000,-3.199000,13g DAW
2348,CSW24_hsp,5,10,24.128000,21.940000,-2.188000,15m ADD
2348,CSW24_hsp,6,5,26.944000,21.600000,-5.344000,15k DAWD
2348,CSW24_hsp,7,6,26.944000,21.035000,-5.909000,15k WADD
2348,CSW24_hsp,8,9,24.233000,21.034000,-3.199000,13f DRAW
2348,CSW24_hsp,9,4,27.643000,20.917000,-6.726000,15l WAD
2348,CSW24_hsp,10,11,23.944000,20.672000,-3.272000,o3 DAWD
2348,CSW24_hsp,11,8,24.877000,19.438000,-5.439000,15i ADWARD
2348,CSW24_hsp,12,14,22.643000,19.182000,-3.461000,13g WAD
2348,CSW24_hsp,13,15,22.012000,18.758000,-3.254000,13f ADAW
2348,CSW24_hsp,14,16,21.655000,18.637000,-3.018000,13g CAW
2348,CSW24_hsp,15,17,21.643000,18.383000,-3.260000,o3 DAW
2348,CSW24_hsp,16,12,23.644000,17.793000,-5.851000,15l CAD
2348,CSW24_hsp,17,13,23.233000,17.491000,-5.742000,15k WARD
2348,CSW24_hsp,18,21,20.233000,16.741000,-3.492000,o3 DRAW
2348,CSW24_hsp,19,23,19.526000,16.492000,-3.034000,13f CRAW
2348,CSW24_hsp,20,18,21.447000,15.655000,-5.792000,15j AWARD
2348,CSW24_hsp,21,19,20.336000,15.394000,-4.942000,14j WADDER
2348,CSW24_hsp,22,28,17.964000,15.363000,-2.601000,15n DA
2348,CSW24_hsp,23,20,20.336000,15.146000,-5.190000,14j WARDED
2348,CSW24_hsp,24,25,18.644000,15.088000,-3.556000,13g CAD
2348,CSW24_hsp,25,26,18.098000,14.714000,-3.384000,i3 CRAW
2310,CSW24_hsp,1,1,70.000000,59.896000,-10.104000,14b RETRAITE
2310,CSW24_hsp,2,2,62.000000,51.465000,-10.535000,14e RETRAITE
2310,CSW24_hsp,3,3,42.353000,36.770000,-5.583000,8g NATHEMORE
2310,CSW24_hsp,4,4,32.688000,29.262000,-3.426000,15e YETI
2310,CSW24_hsp,5,5,32.688000,29.220000,-3.468000,15e YITE
2310,CSW24_hsp,6,6,30.053000,26.514000,-3.539000,15e YATE
2310,CSW24_hsp,7,8,29.258000,25.933000,-3.325000,15e YETTIE
2310,CSW24_hsp,8,14,28.407000,25.252000,-3.155000,15a TEARY
2310,CSW24_hsp,9,10,28.854000,24.295000,-4.559000,1j TERTIA
2310,CSW24_hsp,10,7,29.688000,24.220000,-5.468000,3h MITE
2310,CSW24_hsp,11,11,28.688000,23.462000,-5.226000,3g EMIT
2310,CSW24_hsp,12,9,29.062000,23.361000,-5.701000,j8 HIT
2310,CSW24_hsp,13,12,28.583000,23.264000,-5.319000,10a AE
2310,CSW24_hsp,14,13,28.572000,22.915000,-5.657000,e4 ET
2310,CSW24_hsp,15,15,28.102000,22.316000,-5.786000,j8 HIE
2310,CSW24_hsp,16,20,25.396000,21.900000,-3.496000,15e YEET
2310,CSW24_hsp,17,16,27.053000,21.633000,-5.420000,e3 EAT
2310,CSW24_hsp,18,17,27.053000,21.628000,-5.425000,e3 TAE
2310,CSW24_hsp,19,22,24.917000,21.570000,-3.347000,15e YATTER
2310,CSW24_hsp,20,18,26.688000,21.265000,-5.423000,i2 GITE
2310,CSW24_hsp,21,24,24.226000,21.097000,-3.129000,15a AIERY
2310,CSW24_hsp,22,25,24.226000,21.062000,-3.164000,15d AYRIE
2310,CSW24_hsp,23,31,23.698000,20.228000,-3.470000,15e YETT
2310,CSW24_hsp,24,37,23.020000,19.757000,-3.263000,15e YTTRIA
2310,CSW24_hsp,25,19,25.688000,19.600000,-6.088000,k2 WITE
2388,CSW24_hsp,1,1,35.510000,26.970000,-8.540000,5c COX
2388,CSW24_hsp,2,2,32.680000,26.891000,-5.789000,o8 YOICK
2388,CSW24_hsp,3,5,27.890000,19.087000,-8.803000,5d OX
2388,CSW24_hsp,4,3,28.136000,18.615000,-9.521000,d8 QORMA
2388,CSW24_hsp,5,8,27.058000,18.119000,-8.939000,9g QI
2388,CSW24_hsp,6,11,24.885000,17.852000,-7.033000,h1 ROPEY
2388,CSW24_hsp,7,7,27.058000,17.736000,-9.322000,7g QI
2388,CSW24_hsp,8,4,28.058000,17.501000,-10.557000,n1 QIS
2388,CSW24_hsp,9,6,27.510000,17.066000,-10.444000,n6 COX
2388,CSW24_hsp,10,12,23.955000,16.974000,-6.981000,h1 COPER
2388,CSW24_hsp,11,9,26.532000,16.789000,-9.743000,n11 ORYX
2388,CSW24_hsp,12,14,23.283000,16.276000,-7.007000,h1 RYPE
2388,CSW24_hsp,13,10,25.155000,16.238000,-8.917000,b10 XRAY
2388,CSW24_hsp,14,13,23.852000,16.068000,-7.784000,h10 RICY
2388,CSW24_hsp,15,15,22.229000,15.431000,-6.798000,1l WIRY
2388,CSW24_hsp,16,18,21.905000,13.076000,-8.829000,5c COY
2388,CSW24_hsp,17,20,21.684000,13.034000,-8.650000,e3 COXY
2388,CSW24_hsp,18,23,21.161000,13.001000,-8.160000,h11 ICY
2388,CSW24_hsp,19,17,22.029000,12.793000,-9.236000,9e COXY
2388,CSW24_hsp,20,21,21.510000,11.916000,-9.594000,6h COXAE
2388,CSW24_hsp,21,16,22.029000,11.884000,-10.145000,7e COXY
2388,CSW24_hsp,22,24,20.885000,11.817000,-9.068000,b11 OARY
2388,CSW24_hsp,23,19,21.905000,11.671000,-10.234000,n6 COY
2388,CSW24_hsp,24,26,20.029000,11.654000,-8.375000,13d COXY
2388,CSW24_hsp,25,30,18.429000,11.379000,-7.050000,h1 COPE
2115,CSW24_hsp,1,1,46.502000,50.296000,3.794000,15a JASY
2115,CSW24_hsp,2,2,34.673000,33.282000,-1.391000,b13 JAI
2115,CSW24_hsp,3,3,28.673000,28.024000,-0.649000,2f JAI
2115,CSW24_hsp,4,4,27.673000,27.215000,-0.458000,f13 AJI
2115,CSW24_hsp,5,5,27.673000,26.336000,-1.337000,14f JAI
2115,CSW24_hsp,6,6,24.080000,25.133000,1.053000,5d RAJ
2115,CSW24_hsp,7,7,22.197000,23.269000,1.072000,5d TAJ
2115,CSW24_hsp,8,8,21.634000,22.578000,0.944000,15a ARSY
2115,CSW24_hsp,9,17,15.732000,20.963000,5.231000,4c IATRIC
2115,CSW24_hsp,10,9,21.503000,20.346000,-1.157000,c3 JIRD
2115,CSW24_hsp,11,11,20.502000,19.952000,-0.550000,d3 YAJE
2115,CSW24_hsp,12,10,20.847000,19.265000,-1.582000,b13 JA
2115,CSW24_hsp,13,13,19.080000,19.231000,0.151000,b8 AJAR
2115,CSW24_hsp,14,12,20.470000,17.558000,-2.912000,14a JILT
2115,CSW24_hsp,15,15,17.235000,17.181000,-0.054000,d2 YITIE
2115,CSW24_hsp,16,16,17.080000,16.813000,-0.267000,b7 RAJA
2115,CSW24_hsp,17,22,14.241000,15.857000,1.616000,f2 JARTA
2115,CSW24_hsp,18,14,17.352000,14.302000,-3.050000,7f YIP
2115,CSW24_hsp,19,60,8.310000,14.100000,5.790000,f2 RAIYAT
2115,CSW24_hsp,20,23,14.117000,14.097000,-0.020000,c2 YAIRD
2115,CSW24_hsp,21,18,15.015000,13.987000,-1.028000,b7 JAI
2115,CSW24_hsp,22,20,14.637000,13.290000,-1.347000,c3 YIRD
2115,CSW24_hsp,23,21,14.300000,13.161000,-1.139000,d3 YITE
2115,CSW24_hsp,24,19,14.673000,12.747000,-1.926000,2f AJI
2115,CSW24_hsp,25,25,13.502000,12.209000,-1.293000,5b JAY
2063,CSW24_hsp,1,1,16.036000,13.058000,-2.978000,j6 LARGO
2063,CSW24_hsp,2,3,15.340000,12.254000,-3.086000,a8 RIGOR
2063,CSW24_hsp,3,9,13.903000,11.820000,-2.083000,j11 RONG
2063,CSW24_hsp,4,4,15.036000,11.796000,-3.240000,a8 ALGOR
2063,CSW24_hsp,5,8,14.485000,11.688000,-2.797000,i11 GOE
2063,CSW24_hsp,6,5,14.571000,11.386000,-3.185000,j8 ROO
2063,CSW24_hsp,7,2,15.780000,11.294000,-4.486000,m3 ALOGIA
2063,CSW24_hsp,8,6,14.548000,10.967000,-3.581000,15d DOOLE
2063,CSW24_hsp,9,7,14.485000,10.797000,-3.688000,7c GOBAN
2063,CSW24_hsp,10,10,13.571000,10.755000,-2.816000,j10 OO
2063,CSW24_hsp,11,11,13.571000,9.891000,-3.680000,15d DOO
2063,CSW24_hsp,12,12,12.969000,9.812000,-3.157000,l7 ORGIA
2063,CSW24_hsp,13,13,12.571000,9.536000,-3.035000,o14 OO
2063,CSW24_hsp,14,14,12.036000,8.873000,-3.163000,l7 ARGOL
2063,CSW24_hsp,15,15,11.571000,8.625000,-2.946000,j12 ONO
2063,CSW24_hsp,16,16,11.207000,7.736000,-3.471000,j6 GIRO
2063,CSW24_hsp,17,18,10.681000,7.441000,-3.240000,a8 GLAIR
2063,CSW24_hsp,18,19,10.571000,7.122000,-3.449000,12h MOOp
2063,CSW24_hsp,19,22,10.311000,7.116000,-3.195000,i11 ROE
2063,CSW24_hsp,20,17,11.064000,6.761000,-4.303000,m3 GLORIA
2063,CSW24_hsp,21,30,9.043000,6.448000,-2.595000,j11 RONA
2063,CSW24_hsp,22,28,9.311000,6.406000,-2.905000,j10 OR
2063,CSW24_hsp,23,20,10.571000,6.378000,-4.193000,m13 DOO
2063,CSW24_hsp,24,23,10.036000,5.904000,-4.132000,l6 LARGO
2063,CSW24_hsp,25,26,9.485000,5.672000,-3.813000,m13 DOG
2311,CSW24_hsp,1,1,28.441000,24.986000,-3.455000,8k DIVOT
2311,CSW24_hsp,2,2,23.966000,19.165000,-4.801000,14h VOLTI
2311,CSW24_hsp,3,5,21.865000,19.032000,-2.833000,j4 TOPOI
2311,CSW24_hsp,4,4,22.628000,18.809000,-3.819000,c11 VIOL
2311,CSW24_hsp,5,3,23.628000,17.697000,-5.931000,14g VIOL
2311,CSW24_hsp,6,7,17.951000,15.687000,-2.264000,j2 PIVOT
2311,CSW24_hsp,7,9,17.077000,14.395000,-2.682000,j4 TOPI
2311,CSW24_hsp,8,6,18.614000,11.640000,-6.974000,14h PILOT
2311,CSW24_hsp,9,8,17.100000,11.410000,-5.690000,14j LIPO
2311,CSW24_hsp,10,12,14.751000,10.778000,-3.973000,14h VOL
2311,CSW24_hsp,11,11,14.968000,10.232000,-4.736000,14j LIP
2311,CSW24_hsp,12,13,14.203000,9.953000,-4.250000,14h VOLT
2311,CSW24_hsp,13,15,12.412000,9.588000,-2.824000,j4 TOPO
2311,CSW24_hsp,14,10,15.272000,9.068000,-6.204000,14h PILI
2311,CSW24_hsp,15,20,11.350000,8.260000,-3.090000,3g VAIL
2311,CSW24_hsp,16,21,11.350000,8.227000,-3.123000,3g VALI
2311,CSW24_hsp,17,16,11.881000,8.094000,-3.787000,c11 TIPI
2311,CSW24_hsp,18,19,11.554000,7.895000,-3.659000,3h AVI
2311,CSW24_hsp,19,31,10.123000,7.785000,-2.338000,j2 PILOT
2311,CSW24_hsp,20,33,9.911000,7.034000,-2.877000,j3 LOOP
2311,CSW24_hsp,21,26,10.725000,6.489000,-4.236000,8k DOILT
2311,CSW24_hsp,22,32,10.077000,6.398000,-3.679000,c11 TIP
2311,CSW24_hsp,23,14,13.100000,6.201000,-6.899000,l12 LIPO
2311,CSW24_hsp,24,27,10.558000,6.186000,-4.372000,14j LI
2311,CSW24_hsp,25,18,11.725000,6.075000,-5.650000,14j LOTI
2232,CSW24_hsp,1,2,78.000000,70.780000,-7.220000,l8 COaPPEAR
2232,CSW24_hsp,2,1,78.000000,70.778000,-7.222000,l8 COAPPEaR
2232,CSW24_hsp,3,5,74.000000,69.245000,-4.755000,d2 OIlPAPER
2232,CSW24_hsp,4,3,76.000000,68.934000,-7.066000,l8 COPPERAh
2232,CSW24_hsp,5,4,76.000000,68.870000,-7.130000,l8 COPPERAs
2232,CSW24_hsp,6,7,72.000000,66.707000,-5.293000,6a APPROvE
2232,CSW24_hsp,7,6,74.000000,66.447000,-7.553000,m8 TRAPPOsE
2232,CSW24_hsp,8,9,68.510000,66.239000,-2.271000,a1 POEP
2232,CSW24_hsp,9,10,68.096000,65.911000,-2.185000,a1 OPEPE
2232,CSW24_hsp,10,8,69.000000,63.935000,-5.065000,6a POPERAs
2232,CSW24_hsp,11,12,68.000000,62.971000,-5.029000,6a PROPAgE
2232,CSW24_hsp,12,13,68.000000,62.965000,-5.035000,6a PROPAlE
2232,CSW24_hsp,13,14,68.000000,62.924000,-5.076000,6a PROPAnE
2232,CSW24_hsp,14,11,68.000000,61.838000,-6.162000,b5 APPROvE
2232,CSW24_hsp,15,21,63.452000,61.247000,-2.205000,a1 PEEP
2232,CSW24_hsp,16,15,66.000000,59.280000,-6.720000,b5 PAmPERO
2232,CSW24_hsp,17,19,63.865000,58.330000,-5.535000,2j POA
2232,CSW24_hsp,18,20,63.512000,57.842000,-5.670000,2j PO
2232,CSW24_hsp,19,16,64.000000,57.418000,-6.582000,b5 PROPAgE
2232,CSW24_hsp,20,17,64.000000,57.388000,-6.612000,b5 PROPAlE
2232,CSW24_hsp,21,26,59.616000,57.239000,-2.377000,a1 PREOP
2232,CSW24_hsp,22,18,64.000000,57.204000,-6.796000,b5 PROPAnE
2232,CSW24_hsp,23,23,62.096000,56.741000,-5.355000,2a POEP
2232,CSW24_hsp,24,22,62.375000,56.699000,-5.676000,2j PA
2232,CSW24_hsp,25,30,56.870000,54.735000,-2.135000,a1 PREP
2100,CSW24_hsp,1,1,32.416000,31.443000,-0.973000,d4 QAT
2100,CSW24_hsp,2,2,21.416000,19.497000,-1.919000,c5 QUA
2100,CSW24_hsp,3,4,19.353000,18.337000,-1.016000,5d EE
2100,CSW24_hsp,4,3,19.989000,17.870000,-2.119000,ex EEQ
2100,CSW24_hsp,5,6,17.863000,16.263000,-1.600000,d1 HEREAT
2100,CSW24_hsp,6,5,17.933000,15.814000,-2.119000,ex AEEQ
2100,CSW24_hsp,7,7,16.978000,14.859000,-2.119000,ex AEQ
2100,CSW24_hsp,8,8,16.326000,14.207000,-2.119000,ex EQ
2100,CSW24_hsp,9,9,14.804000,13.308000,-1.496000,d1 HERE
2100,CSW24_hsp,10,12,14.102000,13.078000,-1.024000,5d EA
2100,CSW24_hsp,11,11,14.102000,13.055000,-1.047000,5d AE
2100,CSW24_hsp,12,10,14.804000,12.781000,-2.023000,10d REE
2100,CSW24_hsp,13,14,13.353000,11.543000,-1.810000,e8 IDEE
2100,CSW24_hsp,14,13,13.474000,11.355000,-2.119000,ex EEEQ
2100,CSW24_hsp,15,15,12.920000,11.234000,-1.686000,10d REES
2100,CSW24_hsp,16,20,11.620000,10.723000,-0.897000,c5 SUQ
2100,CSW24_hsp,17,16,12.191000,10.072000,-2.119000,ex AEEQR
2100,CSW24_hsp,18,24,11.197000,9.078000,-2.119000,ex EEQR
2100,CSW24_hsp,19,23,11.353000,9.069000,-2.284000,10e EE
2100,CSW24_hsp,20,19,11.804000,8.665000,-3.139000,2b REE
2100,CSW24_hsp,21,25,11.194000,8.575000,-2.619000,n9 SEE
2100,CSW24_hsp,22,18,11.804000,8.560000,-3.244000,2b ERE
2100,CSW24_hsp,23,28,10.439000,8.320000,-2.119000,ex AEEEQ
2100,CSW24_hsp,24,26,10.920000,8.311000,-2.609000,n9 SEER
2100,CSW24_hsp,25,32,10.353000,8.250000,-2.103000,j9 CEE
2128,CSW24_hsp,1,1,83.000000,81.478000,-1.522000,1a ALVEoLES
2128,CSW24_hsp,2,3,65.930000,66.764000,0.834000,4j LEV
2128,CSW24_hsp,3,2,66.049000,66.132000,0.083000,4j LEVEL
2128,CSW24_hsp,4,5,65.265000,65.145000,-0.120000,n2 VELLS
2128,CSW24_hsp,5,10,62.720000,63.329000,0.609000,4j LEVE
2128,CSW24_hsp,6,6,63.292000,63.042000,-0.250000,4j LEVELS
2128,CSW24_hsp,7,9,63.032000,62.837000,-0.195000,n2 VELES
2128,CSW24_hsp,8,7,63.032000,62.538000,-0.494000,n2 ELVES
2128,CSW24_hsp,9,8,63.032000,62.533000,-0.499000,n2 LEVES
2128,CSW24_hsp,10,4,65.292000,61.936000,-3.356000,n1 LEVELS
2128,CSW24_hsp,11,11,60.879000,61.547000,0.668000,4j LEVS
2128,CSW24_hsp,12,12,59.032000,59.166000,0.134000,4j LEVES
2128,CSW24_hsp,13,14,55.257000,56.074000,0.817000,f8 NEVI
2128,CSW24_hsp,14,13,55.879000,55.949000,0.070000,n3 LEVS
2128,CSW24_hsp,15,16,53.873000,54.757000,0.884000,4j SEV
2128,CSW24_hsp,16,17,53.873000,54.302000,0.429000,h13 SEV
2128,CSW24_hsp,17,15,54.123000,54.139000,0.016000,10b ZEX
2128,CSW24_hsp,18,18,53.032000,53.252000,0.220000,4k ELVES
2128,CSW24_hsp,19,20,51.475000,52.789000,1.314000,8k SEL
2128,CSW24_hsp,20,19,52.873000,51.580000,-1.293000,15b SEV
2128,CSW24_hsp,21,23,50.475000,51.132000,0.657000,4j SEL
2128,CSW24_hsp,22,21,50.985000,51.075000,0.090000,8l EL
2128,CSW24_hsp,23,24,50.393000,50.944000,0.551000,4j SELL
2128,CSW24_hsp,24,25,49.985000,49.748000,-0.237000,4h SEL
2128,CSW24_hsp,25,26,49.930000,49.672000,-0.258000,m6 BEVEL
2078,CSW24_hsp,1,1,35.873000,34.798000,-1.075000,8k ACERB
2078,CSW24_hsp,2,2,35.381000,34.018000,-1.363000,8k AMBER
2078,CSW24_hsp,3,3,22.427000,21.350000,-1.077000,l3 CUMBER
2078,CSW24_hsp,4,5,19.430000,17.224000,-2.206000,f10 BANC
2078,CSW24_hsp,5,6,18.269000,16.106000,-2.163000,f10 MANEB
2078,CSW24_hsp,6,4,20.009000,15.586000,-4.423000,f10 MANQUE
2078,CSW24_hsp,7,8,16.070000,13.871000,-2.199000,1b CREM
2078,CSW24_hsp,8,9,16.070000,13.721000,-2.349000,l5 CREM
2078,CSW24_hsp,9,10,14.928000,13.180000,-1.748000,l4 CUBER
2078,CSW24_hsp,10,7,16.415000,12.987000,-3.428000,14f CRUMBS
2078,CSW24_hsp,11,11,14.732000,12.412000,-2.320000,b11 QUAD
2078,CSW24_hsp,12,13,13.748000,11.900000,-1.848000,l4 UMBER
2078,CSW24_hsp,13,14,13.269000,10.466000,-2.803000,b10 BEMAD
2078,CSW24_hsp,14,12,14.381000,10.206000,-4.175000,14g BERMS
2078,CSW24_hsp,15,15,12.732000,9.608000,-3.124000,14k SUQ
2078,CSW24_hsp,16,16,12.269000,9.419000,-2.850000,3h WEMB
2078,CSW24_hsp,17,19,11.684000,9.350000,-2.334000,1b REC
2078,CSW24_hsp,18,20,11.505000,9.000000,-2.505000,1c REB
2078,CSW24_hsp,19,21,11.505000,8.977000,-2.528000,l6 REB
2078,CSW24_hsp,20,17,12.070000,8.670000,-3.400000,14g CREMS
2078,CSW24_hsp,21,18,12.070000,8.126000,-3.944000,14g MERCS
2078,CSW24_hsp,22,26,9.715000,8.017000,-1.698000,3c MU
2078,CSW24_hsp,23,24,9.775000,7.399000,-2.376000,1c CUB
2078,CSW24_hsp,24,25,9.748000,7.376000,-2.372000,4h IMBRUE
2078,CSW24_hsp,25,28,9.402000,7.119000,-2.283000,f10 BAN
2129,CSW24_hsp,1,1,32.119000,30.202000,-1.917000,m9 NAIAD
2129,CSW24_hsp,2,2,27.756000,27.221000,-0.535000,a12 IDEA
2129,CSW24_hsp,3,3,26.631000,21.524000,-5.107000,d1 JNANA
2129,CSW24_hsp,4,5,26.000000,20.110000,-5.890000,d1 JEAN
2129,CSW24_hsp,5,4,26.000000,20.106000,-5.894000,d1 JANE
2129,CSW24_hsp,6,8,23.000000,19.489000,-3.511000,a13 NAE
2129,CSW24_hsp,7,6,25.001000,18.902000,-6.099000,n2 DANCE
2129,CSW24_hsp,8,12,22.175000,18.224000,-3.951000,15a ISNA
2129,CSW24_hsp,9,7,23.277000,17.389000,-5.888000,d1 JANN
2129,CSW24_hsp,10,27,19.737000,16.523000,-3.214000,a13 DAE
2129,CSW24_hsp,11,19,20.218000,16.432000,-3.786000,15a ISNAE
2129,CSW24_hsp,12,10,22.428000,16.365000,-6.063000,m7 NADA
2129,CSW24_hsp,13,11,22.175000,15.954000,-6.221000,c11 AIN
2129,CSW24_hsp,14,44,18.756000,15.872000,-2.884000,15a ASIDE
2129,CSW24_hsp,15,14,21.631000,15.781000,-5.850000,m10 ANAN
2129,CSW24_hsp,16,9,22.782000,15.760000,-7.022000,2b ANA
2129,CSW24_hsp,17,16,21.399000,15.324000,-6.075000,l4 APIAN
2129,CSW24_hsp,18,13,21.782000,15.259000,-6.523000,m8 ANA
2129,CSW24_hsp,19,17,21.218000,15.188000,-6.030000,c11 AINE
2129,CSW24_hsp,20,18,20.737000,15.048000,-5.689000,d1 JADE
2129,CSW24_hsp,21,23,19.782000,14.781000,-5.001000,a12 ANA
2129,CSW24_hsp,22,39,19.175000,14.112000,-5.063000,a11 AIN
2129,CSW24_hsp,23,35,19.395000,13.793000,-5.602000,m12 AN
2129,CSW24_hsp,24,22,19.782000,13.774000,-6.008000,g11 ANAL
2129,CSW24_hsp,25,24,19.782000,13.736000,-6.046000,g12 NALA
2158,CSW24_hsp,1,2,34.853000,30.830000,-4.023000,l8 PRIVY
2158,CSW24_hsp,2,1,35.277000,30.232000,-5.045000,3i WHIPPY
2158,CSW24_hsp,3,3,32.277000,27.557000,-4.720000,12i HIPPY
2158,CSW24_hsp,4,4,28.899000,24.002000,-4.897000,a12 TYPP
2158,CSW24_hsp,5,5,28.447000,23.685000,-4.762000,a12 TIVY
2158,CSW24_hsp,6,7,25.725000,22.583000,-3.142000,8m HIP
2158,CSW24_hsp,7,6,26.725000,22.105000,-4.620000,2f HIP
2158,CSW24_hsp,8,8,23.922000,20.889000,-3.033000,8m PIP
2158,CSW24_hsp,9,11,22.144000,19.028000,-3.116000,8m HEP
2158,CSW24_hsp,10,9,23.144000,18.502000,-4.642000,2f HEP
2158,CSW24_hsp,11,14,21.144000,18.207000,-2.937000,8m PEH
2158,CSW24_hsp,12,10,22.219000,17.394000,-4.825000,12i HIVE
2158,CSW24_hsp,13,15,19.947000,16.914000,-3.033000,8m PEP
2158,CSW24_hsp,14,13,21.534000,16.537000,-4.997000,l4 HIPPER
2158,CSW24_hsp,15,12,21.679000,15.981000,-5.698000,n6 VEINY
2158,CSW24_hsp,16,18,19.326000,15.310000,-4.016000,j6 HI
2158,CSW24_hsp,17,16,19.946000,14.990000,-4.956000,l4 YIPPER
2158,CSW24_hsp,18,19,19.027000,14.750000,-4.277000,j6 PI
2158,CSW24_hsp,19,28,17.946000,14.233000,-3.713000,k5 YIPPEE
2158,CSW24_hsp,20,27,17.946000,14.188000,-3.758000,k4 YIPPEE
2158,CSW24_hsp,21,20,18.725000,14.050000,-4.675000,12i HYPE
2158,CSW24_hsp,22,32,17.029000,13.984000,-3.045000,8m HEY
2158,CSW24_hsp,23,17,19.534000,13.975000,-5.559000,m8 HIPPIE
2158,CSW24_hsp,24,25,18.025000,13.849000,-4.176000,j6 HE
2158,CSW24_hsp,25,22,18.326000,13.817000,-4.509000,2f HI
2105,CSW24_hsp,1,1,44.654000,40.058000,-4.596000,14i FY
2105,CSW24_hsp,2,2,41.006000,36.274000,-4.732000,14f FERNY
2105,CSW24_hsp,3,4,38.373000,35.976000,-2.397000,f4 NIFTIER
2105,CSW24_hsp,4,5,38.194000,33.986000,-4.208000,6e OF
2105,CSW24_hsp,5,3,39.215000,33.210000,-6.005000,14f FAERY
2105,CSW24_hsp,6,7,37.576000,32.665000,-4.911000,14h FRY
2105,CSW24_hsp,7,6,37.927000,32.622000,-5.305000,14h FAY
2105,CSW24_hsp,8,12,34.500000,30.981000,-3.519000,f3 NAIF
2105,CSW24_hsp,9,10,34.599000,30.742000,-3.857000,6e OFT
2105,CSW24_hsp,10,13,34.230000,30.726000,-3.504000,f3 NEIF
2105,CSW24_hsp,11,15,33.553000,30.411000,-3.142000,f2 TREIF
2105,CSW24_hsp,12,8,35.102000,30.181000,-4.921000,14g FRAY
2105,CSW24_hsp,13,11,34.537000,29.683000,-4.854000,14i NY
2105,CSW24_hsp,14,17,32.978000,29.590000,-3.388000,d1 TRANQ
2105,CSW24_hsp,15,9,34.984000,29.559000,-5.425000,14h FEY
2105,CSW24_hsp,16,14,33.654000,29.052000,-4.602000,13m FLY
2105,CSW24_hsp,17,18,32.502000,28.713000,-3.789000,f4 RIF
2105,CSW24_hsp,18,21,31.831000,27.866000,-3.965000,14j YEN
2105,CSW24_hsp,19,22,31.644000,27.671000,-3.973000,f3 REIF
2105,CSW24_hsp,20,16,33.215000,27.044000,-6.171000,14f AREFY
2105,CSW24_hsp,21,20,32.047000,26.755000,-5.292000,14h NAY
2105,CSW24_hsp,22,24,29.927000,26.580000,-3.347000,l9 FADY
2105,CSW24_hsp,23,19,32.047000,26.461000,-5.586000,14h ANY
2105,CSW24_hsp,24,23,30.088000,26.243000,-3.845000,14j YET
2105,CSW24_hsp,25,25,29.920000,25.435000,-4.485000,14j YA
2335,CSW24_hsp,1,1,54.323000,50.334000,-3.989000,f4 QI
2335,CSW24_hsp,2,2,53.096000,50.264000,-2.832000,c9 HAG
2335,CSW24_hsp,3,3,47.829000,44.721000,-3.108000,b10 HE
2335,CSW24_hsp,4,6,47.013000,44.303000,-2.710000,b10 HAE
2335,CSW24_hsp,5,4,47.414000,44.275000,-3.139000,c3 GET
2335,CSW24_hsp,6,8,46.594000,44.141000,-2.453000,c1 ASHET
2335,CSW24_hsp,7,5,47.096000,43.927000,-3.169000,9h HAG
2335,CSW24_hsp,8,7,46.829000,43.917000,-2.912000,c3 HET
2335,CSW24_hsp,9,10,45.764000,43.099000,-2.665000,c9 HAGS
2335,CSW24_hsp,10,9,45.859000,42.720000,-3.139000,c3 GAT
2335,CSW24_hsp,11,11,45.455000,42.276000,-3.179000,b10 HA
2335,CSW24_hsp,12,12,44.892000,41.882000,-3.010000,3a HAG
2335,CSW24_hsp,13,14,44.455000,41.530000,-2.925000,c3 HAT
2335,CSW24_hsp,14,16,43.409000,41.151000,-2.258000,j8 SuQ
2335,CSW24_hsp,15,13,44.880000,40.446000,-4.434000,ex GQ
2335,CSW24_hsp,16,15,43.764000,40.432000,-3.332000,b11 HAGS
2335,CSW24_hsp,17,21,42.749000,39.881000,-2.868000,j6 AGS
2335,CSW24_hsp,18,22,42.650000,39.867000,-2.783000,b10 HAES
2335,CSW24_hsp,19,20,42.764000,39.462000,-3.302000,j8 SHAG
2335,CSW24_hsp,20,19,43.096000,39.370000,-3.726000,b11 HAG
2335,CSW24_hsp,21,23,42.578000,39.086000,-3.492000,g1 AGE
2335,CSW24_hsp,22,17,43.381000,38.947000,-4.434000,ex AGQ
2335,CSW24_hsp,23,18,43.323000,38.889000,-4.434000,ex Q
2335,CSW24_hsp,24,25,41.541000,38.476000,-3.065000,11d SH
2335,CSW24_hsp,25,26,41.455000,38.196000,-3.259000,c9 HA
2184,CSW24_hsp,1,1,14.975000,12.708000,-2.267000,9a DOPY
2184,CSW24_hsp,2,3,12.397000,11.245000,-1.152000,3j DAVY
2184,CSW24_hsp,3,2,14.403000,11.202000,-3.201000,6a PAYDAY
2184,CSW24_hsp,4,4,11.604000,10.185000,-1.419000,g3 YOD
2184,CSW24_hsp,5,5,11.604000,10.163000,-1.441000,i3 YOD
2184,CSW24_hsp,6,6,10.294000,8.961000,-1.333000,g3 YAP
2184,CSW24_hsp,7,7,9.441000,8.948000,-0.493000,j10 BaLMY
2184,CSW24_hsp,8,10,8.669000,8.186000,-0.483000,15d YAPOK
2184,CSW24_hsp,9,9,9.397000,7.948000,-1.449000,g3 YAD
2184,CSW24_hsp,10,8,9.410000,7.590000,-1.820000,9k HYPO
2184,CSW24_hsp,11,12,8.055000,7.332000,-0.723000,i14 OY
2184,CSW24_hsp,12,11,8.604000,6.912000,-1.692000,9b DOY
2184,CSW24_hsp,13,15,7.192000,6.515000,-0.677000,6d YAY
2184,CSW24_hsp,14,13,7.604000,6.446000,-1.158000,c9 YOD
2184,CSW24_hsp,15,14,7.410000,6.444000,-0.966000,15f POKY
2184,CSW24_hsp,16,16,7.029000,6.296000,-0.733000,6d PAY
2184,CSW24_hsp,17,19,6.294000,5.719000,-0.575000,6c APAY
2184,CSW24_hsp,18,25,5.651000,4.875000,-0.776000,6d DAY
2184,CSW24_hsp,19,17,6.397000,4.717000,-1.680000,9b DAY
2184,CSW24_hsp,20,21,6.294000,4.667000,-1.627000,9b PYA
2184,CSW24_hsp,21,18,6.294000,4.595000,-1.699000,g2 PYA
2184,CSW24_hsp,22,20,6.294000,4.573000,-1.721000,9b PAY
2184,CSW24_hsp,23,24,6.055000,4.381000,-1.674000,9c OY
2184,CSW24_hsp,24,22,6.055000,4.368000,-1.687000,g3 YO
2184,CSW24_hsp,25,23,6.055000,4.319000,-1.736000,i3 YO
2107,CSW24_hsp,1,2,44.516000,40.967000,-3.549000,1k JIVER
2107,CSW24_hsp,2,1,45.267000,39.121000,-6.146000,o7 WHIM
2107,CSW24_hsp,3,5,34.807000,32.246000,-2.561000,o1 WIRY
2107,CSW24_hsp,4,3,37.645000,31.459000,-6.186000,o7 WHIR
2107,CSW24_hsp,5,4,35.047000,31.311000,-3.736000,1l VIEW
2107,CSW24_hsp,6,6,32.194000,28.401000,-3.793000,1k WIVER
2107,CSW24_hsp,7,7,31.987000,25.806000,-6.181000,o7 MIRV
2107,CSW24_hsp,8,8,27.539000,24.855000,-2.684000,o1 MIRY
2107,CSW24_hsp,9,9,27.393000,23.568000,-3.825000,1k HIVER
2107,CSW24_hsp,10,11,23.539000,20.782000,-2.757000,o1 RIMY
2107,CSW24_hsp,11,10,24.685000,20.744000,-3.941000,1l VIER
2107,CSW24_hsp,12,12,22.413000,15.567000,-6.846000,o8 HIM
2107,CSW24_hsp,13,13,21.401000,14.676000,-6.725000,o8 HM
2107,CSW24_hsp,14,14,18.413000,12.380000,-6.033000,o7 HIM
2107,CSW24_hsp,15,15,15.988000,11.813000,-4.175000,1m HEW
2107,CSW24_hsp,16,20,13.460000,9.225000,-4.235000,1m WEM
2107,CSW24_hsp,17,19,13.460000,9.184000,-4.276000,1m MEW
2107,CSW24_hsp,18,26,10.605000,6.163000,-4.442000,1m REV
2107,CSW24_hsp,19,32,9.633000,5.679000,-3.954000,o1 HI
2107,CSW24_hsp,20,35,9.401000,5.130000,-4.271000,1m MEH
2107,CSW24_hsp,21,34,9.401000,5.033000,-4.368000,1m HEM
2107,CSW24_hsp,22,16,15.516000,4.885000,-10.631000,7k JIVER
2107,CSW24_hsp,23,17,14.413000,3.946000,-10.467000,15g HIM
2107,CSW24_hsp,24,18,14.401000,3.881000,-10.520000,15d HM
2107,CSW24_hsp,25,33,9.539000,3.205000,-6.334000,o7 MIR
2181,CSW24_hsp,1,1,34.068000,32.996000,-1.072000,12l FOU
2181,CSW24_hsp,2,2,31.887000,31.891000,0.004000,15h FURIES
2181,CSW24_hsp,3,4,28.443000,28.075000,-0.368000,12l FOUR
2181,CSW24_hsp,4,3,29.497000,27.845000,-1.652000,n12 FEU
2181,CSW24_hsp,5,5,25.626000,23.885000,-1.741000,i2 RURU
2181,CSW24_hsp,6,6,24.854000,22.664000,-2.190000,14i FURIOUS
2181,CSW24_hsp,7,9,24.061000,22.611000,-1.450000,7j PUS
2181,CSW24_hsp,8,7,24.068000,21.917000,-2.151000,9m FUM
2181,CSW24_hsp,9,10,23.961000,21.666000,-2.295000,1g UR
2181,CSW24_hsp,10,8,24.068000,21.656000,-2.412000,14l FOU
2181,CSW24_hsp,11,12,22.497000,20.904000,-1.593000,d3 ENUF
2181,CSW24_hsp,12,16,21.047000,20.667000,-0.380000,12l FOUS
2181,CSW24_hsp,13,13,22.497000,20.660000,-1.837000,n8 FEU
2181,CSW24_hsp,14,11,23.361000,20.302000,-3.059000,e11 CUIF
2181,CSW24_hsp,15,14,21.961000,19.978000,-1.983000,7i UP
2181,CSW24_hsp,16,17,21.043000,18.614000,-2.429000,d8 HUI
2181,CSW24_hsp,17,18,20.961000,18.568000,-2.393000,5d UR
2181,CSW24_hsp,18,15,21.171000,18.496000,-2.675000,ex UU
2181,CSW24_hsp,19,19,20.961000,18.409000,-2.552000,9n UM
2181,CSW24_hsp,20,20,20.961000,18.349000,-2.612000,14m OU
2181,CSW24_hsp,21,24,20.027000,18.345000,-1.682000,n13 IF
2181,CSW24_hsp,22,23,20.068000,18.084000,-1.984000,4j FUB
2181,CSW24_hsp,23,25,19.917000,18.039000,-1.878000,14j RUFOUS
2181,CSW24_hsp,24,27,19.497000,17.985000,-1.512000,i5 FEU
2181,CSW24_hsp,25,26,19.682000,17.860000,-1.822000,i2 RUE
2360,CSW24_hsp,1,1,27.987000,26.664000,-1.323000,10e JUN
2360,CSW24_hsp,2,2,27.519000,25.948000,-1.571000,1d JUTES
2360,CSW24_hsp,3,3,23.128000,21.773000,-1.355000,10e JIN
2360,CSW24_hsp,4,4,22.325000,20.674000,-1.651000,10e TUN
2360,CSW24_hsp,5,5,21.689000,19.979000,-1.710000,10c ETTIN
2360,CSW24_hsp,6,7,21.322000,19.709000,-1.613000,10e TIN
2360,CSW24_hsp,7,6,21.519000,19.551000,-1.968000,10c JUTE
2360,CSW24_hsp,8,8,21.099000,19.296000,-1.803000,n13 JET
2360,CSW24_hsp,9,9,19.891000,18.165000,-1.726000,1b JUTTIES
2360,CSW24_hsp,10,10,19.550000,17.766000,-1.784000,10d TEIN
2360,CSW24_hsp,11,12,17.956000,16.270000,-1.686000,10f UN
2360,CSW24_hsp,12,11,18.428000,15.921000,-2.507000,1k JUTTY
2360,CSW24_hsp,13,13,16.657000,14.967000,-1.690000,10f IN
2360,CSW24_hsp,14,14,16.402000,14.663000,-1.739000,10e TEN
2360,CSW24_hsp,15,15,14.715000,12.790000,-1.925000,2n JA
2360,CSW24_hsp,16,17,13.972000,12.127000,-1.845000,10d JEU
2360,CSW24_hsp,17,19,13.287000,11.479000,-1.808000,n13 JEE
2360,CSW24_hsp,18,18,13.313000,11.194000,-2.119000,3j UNITER
2360,CSW24_hsp,19,20,12.813000,10.605000,-2.208000,3j UNIT
2360,CSW24_hsp,20,21,12.437000,10.037000,-2.400000,4d INTUIT
2360,CSW24_hsp,21,22,11.479000,9.686000,-1.793000,g2 WET
2360,CSW24_hsp,22,16,14.625000,9.514000,-5.111000,10a TENUTI
2360,CSW24_hsp,23,23,11.479000,9.312000,-2.167000,i2 VET
2360,CSW24_hsp,24,27,10.922000,9.189000,-1.733000,10f EN
2360,CSW24_hsp,25,25,11.313000,9.019000,-2.294000,10b UNTIE
2246,CSW24_hsp,1,2,50.323000,51.458000,1.135000,12h QUATE
2246,CSW24_hsp,2,1,51.336000,51.000000,-0.336000,12g EQUATE
2246,CSW24_hsp,3,3,35.783000,38.089000,2.306000,4d AQUAE
2246,CSW24_hsp,4,5,29.475000,30.626000,1.151000,l12 AQUA
2246,CSW24_hsp,5,4,31.783000,30.610000,-1.173000,b11 AQUAE
2246,CSW24_hsp,6,6,27.475000,28.315000,0.840000,4d AQUA
2246,CSW24_hsp,7,7,25.475000,25.264000,-0.211000,b11 AQUA
2246,CSW24_hsp,8,8,24.816000,22.105000,-2.711000,7i CAB
2246,CSW24_hsp,9,9,23.424000,20.236000,-3.188000,9f EA
2246,CSW24_hsp,10,10,22.093000,19.942000,-2.151000,14l QUAI
2246,CSW24_hsp,11,11,21.584000,19.723000,-1.861000,12h ACETA
2246,CSW24_hsp,12,12,21.492000,18.692000,-2.800000,4d ACE
2246,CSW24_hsp,13,13,21.492000,18.544000,-2.948000,l12 ACE
2246,CSW24_hsp,14,16,20.093000,18.396000,-1.697000,15l QUAG
2246,CSW24_hsp,15,22,18.336000,18.377000,0.041000,10g QUAERE
2246,CSW24_hsp,16,14,20.424000,17.333000,-3.091000,3m EAU
2246,CSW24_hsp,17,15,20.424000,17.032000,-3.392000,5f AE
2246,CSW24_hsp,18,30,17.362000,16.952000,-0.410000,h8 SACQUE
2246,CSW24_hsp,19,18,19.492000,16.721000,-2.771000,12i CATE
2246,CSW24_hsp,20,19,19.093000,16.576000,-2.517000,12h QUAT
2246,CSW24_hsp,21,17,19.492000,16.034000,-3.458000,10i ACRE
2246,CSW24_hsp,22,23,18.323000,15.911000,-2.412000,10h QUARE
2246,CSW24_hsp,23,24,18.126000,15.506000,-2.620000,7j AB
2246,CSW24_hsp,24,68,14.415000,15.461000,1.046000,12g ACUATE
2246,CSW24_hsp,25,20,18.424000,15.076000,-3.348000,b9 EA
2006,CSW24_hsp,1,1,80.000000,72.273000,-7.727000,l8 AIRlIFTS
2006,CSW24_hsp,2,2,72.000000,62.916000,-9.084000,13h FISTIAnA
2006,CSW24_hsp,3,3,64.235000,55.826000,-8.409000,l8 FIRST
2006,CSW24_hsp,4,8,60.969000,51.718000,-9.251000,n13 FIT
2006,CSW24_hsp,5,5,62.000000,51.204000,-10.796000,5h FASCIsTI
2006,CSW24_hsp,6,6,62.000000,51.191000,-10.809000,5h FAsCISTI
2006,CSW24_hsp,7,4,62.000000,51.133000,-10.867000,5h FASCITIs
2006,CSW24_hsp,8,7,62.000000,51.133000,-10.867000,5h FAsCITIS
2006,CSW24_hsp,9,10,60.308000,50.521000,-9.787000,n14 IF
2006,CSW24_hsp,10,9,60.308000,50.223000,-10.085000,l8 FIR
2006,CSW24_hsp,11,16,54.914000,49.670000,-5.244000,1h TAI
2006,CSW24_hsp,12,11,59.308000,48.313000,-10.995000,14b IF
2006,CSW24_hsp,13,46,50.981000,47.115000,-3.866000,1h TAIS
2006,CSW24_hsp,14,13,55.302000,46.835000,-8.467000,l8 FARTS
2006,CSW24_hsp,15,12,57.969000,46.405000,-11.564000,l1 FRIT
2006,CSW24_hsp,16,30,52.044000,46.383000,-5.661000,1h AI
2006,CSW24_hsp,17,32,51.947000,46.377000,-5.570000,h1 FIAT
2006,CSW24_hsp,18,37,51.362000,45.748000,-5.614000,1h TI
2006,CSW24_hsp,19,14,55.185000,45.556000,-9.629000,l8 FIRS
2006,CSW24_hsp,20,17,54.914000,45.533000,-9.381000,c2 TAI
2006,CSW24_hsp,21,21,53.477000,44.285000,-9.192000,12i FASTI
2006,CSW24_hsp,22,28,52.947000,43.696000,-9.251000,n13 FAT
2006,CSW24_hsp,23,25,53.185000,43.516000,-9.669000,12k SIF
2006,CSW24_hsp,24,20,53.685000,43.457000,-10.228000,n13 FA
2006,CSW24_hsp,25,19,53.685000,43.440000,-10.245000,l8 FAR
2282,CSW24_hsp,1,1,108.315000,104.992000,-3.323000,h1 GEEZ
2282,CSW24_hsp,2,2,83.860000,77.020000,-6.840000,f10 ZE
2282,CSW24_hsp,3,3,79.810000,73.306000,-6.504000,f10 ZERO
2282,CSW24_hsp,4,4,77.681000,71.079000,-6.602000,f10 ZEE
2282,CSW24_hsp,5,5,72.221000,65.878000,-6.343000,f10 ZEROS
2282,CSW24_hsp,6,6,67.921000,61.456000,-6.465000,f10 ZEES
2282,CSW24_hsp,7,7,59.107000,53.933000,-5.174000,h4 ZOA
2282,CSW24_hsp,8,8,58.854000,52.682000,-6.172000,c8 GROSZE
2282,CSW24_hsp,9,9,54.722000,47.615000,-7.107000,h2 REZ
2282,CSW24_hsp,10,11,51.860000,44.903000,-6.957000,c12 ZE
2282,CSW24_hsp,11,10,52.206000,44.456000,-7.750000,n6 SOGER
2282,CSW24_hsp,12,13,51.221000,43.646000,-7.575000,n2 ZEROS
2282,CSW24_hsp,13,22,47.681000,43.307000,-4.374000,h1 ZEE
2282,CSW24_hsp,14,14,49.860000,42.861000,-6.999000,j2 ZE
2282,CSW24_hsp,15,31,45.921000,42.393000,-3.528000,h1 ZEES
2282,CSW24_hsp,16,15,49.107000,41.864000,-7.243000,j2 ZO
2282,CSW24_hsp,17,23,47.366000,41.207000,-6.159000,h2 SOZ
2282,CSW24_hsp,18,24,46.990000,40.917000,-6.073000,h2 SEZ
2282,CSW24_hsp,19,21,48.206000,40.235000,-7.971000,n2 REGOS
2282,CSW24_hsp,20,19,48.206000,40.201000,-8.005000,n2 GORES
2282,CSW24_hsp,21,16,48.257000,40.197000,-8.060000,n2 REZES
2282,CSW24_hsp,22,17,48.206000,40.185000,-8.021000,n2 ERGOS
2282,CSW24_hsp,23,20,48.206000,39.935000,-8.271000,n2 OGRES
2282,CSW24_hsp,24,12,51.822000,39.878000,-11.944000,n1 ZEROES
2282,CSW24_hsp,25,18,48.206000,39.871000,-8.335000,n2 GOERS
2097,CSW24_hsp,1,1,21.572000,16.127000,-5.445000,4d VID
2097,CSW24_hsp,2,2,17.210000,11.779000,-5.431000,4h HID
2097,CSW24_hsp,3,4,16.210000,10.720000,-5.490000,4d HID
2097,CSW24_hsp,4,3,16.591000,10.645000,-5.946000,4b DIVI
2097,CSW24_hsp,5,7,14.572000,8.977000,-5.595000,7d VID
2097,CSW24_hsp,6,6,14.572000,8.737000,-5.835000,7c VID
2097,CSW24_hsp,7,9,13.482000,8.566000,-4.916000,k3 VINA
2097,CSW24_hsp,8,10,13.244000,8.258000,-4.986000,5k DUH
2097,CSW24_hsp,9,5,14.572000,7.723000,-6.849000,7c DIV
2097,CSW24_hsp,10,8,14.288000,7.167000,-7.121000,7c HIND
2097,CSW24_hsp,11,11,12.482000,6.973000,-5.509000,4d VIN
2097,CSW24_hsp,12,15,10.323000,5.330000,-4.993000,5k HUN
2097,CSW24_hsp,13,13,10.795000,5.328000,-5.467000,4h HIN
2097,CSW24_hsp,14,20,8.570000,3.601000,-4.969000,5k HUI
2097,CSW24_hsp,15,16,9.591000,3.215000,-6.376000,7b DIVI
2097,CSW24_hsp,16,19,8.750000,3.180000,-5.570000,4d DID
2097,CSW24_hsp,17,14,10.591000,3.132000,-7.459000,15c DIVI
2097,CSW24_hsp,18,12,10.937000,3.042000,-7.895000,b6 VINIC
2097,CSW24_hsp,19,18,9.210000,2.872000,-6.338000,7d HID
2097,CSW24_hsp,20,17,9.210000,2.447000,-6.763000,7c HID
2097,CSW24_hsp,21,21,7.795000,2.065000,-5.730000,4d HIN
2097,CSW24_hsp,22,23,7.570000,1.888000,-5.682000,4h HI
2097,CSW24_hsp,23,25,7.208000,1.554000,-5.654000,4d NID
2097,CSW24_hsp,24,27,6.208000,0.441000,-5.767000,4d DIN
2097,CSW24_hsp,25,26,6.482000,0.386000,-6.096000,7c VIN
2357,CSW24_hsp,1,1,23.292000,19.998000,-3.294000,i12 EYOT
2357,CSW24_hsp,2,3,21.034000,17.202000,-3.832000,11j OYE
2357,CSW24_hsp,3,2,21.103000,16.075000,-5.028000,15a TAILYE
2357,CSW24_hsp,4,4,20.080000,15.981000,-4.099000,h4 YITIE
2357,CSW24_hsp,5,5,19.255000,15.357000,-3.898000,2i OY
2357,CSW24_hsp,6,6,18.034000,13.911000,-4.123000,11i OYE
2357,CSW24_hsp,7,8,17.292000,13.740000,-3.552000,c11 EYOT
2357,CSW24_hsp,8,9,17.292000,13.256000,-4.036000,c12 YOTE
2357,CSW24_hsp,9,7,17.441000,12.951000,-4.490000,c12 IOTA
2357,CSW24_hsp,10,10,16.255000,12.340000,-3.915000,11j OY
2357,CSW24_hsp,11,12,16.034000,12.264000,-3.770000,c11 OYE
2357,CSW24_hsp,12,15,15.778000,12.163000,-3.615000,11i TOY
2357,CSW24_hsp,13,14,15.912000,11.990000,-3.922000,2i AY
2357,CSW24_hsp,14,11,16.255000,11.953000,-4.302000,11k YO
2357,CSW24_hsp,15,17,15.292000,11.622000,-3.670000,e11 EYOT
2357,CSW24_hsp,16,13,16.034000,11.377000,-4.657000,c13 OYE
2357,CSW24_hsp,17,19,15.094000,10.936000,-4.158000,11j YAE
2357,CSW24_hsp,18,23,14.899000,10.851000,-4.048000,c12 YATE
2357,CSW24_hsp,19,20,15.094000,10.818000,-4.276000,11j YEA
2357,CSW24_hsp,20,18,15.255000,10.741000,-4.514000,i13 YO
2357,CSW24_hsp,21,26,14.094000,10.306000,-3.788000,e11 YEA
2357,CSW24_hsp,22,22,14.970000,10.226000,-4.744000,11b YONI
2357,CSW24_hsp,23,28,14.034000,10.190000,-3.844000,e11 OYE
2357,CSW24_hsp,24,27,14.094000,10.087000,-4.007000,i12 YEA
2357,CSW24_hsp,25,21,14.970000,9.874000,-5.096000,4k OILY
2212,CSW24_hsp,1,1,73.000000,62.229000,-10.771000,2f TROPHIES
2212,CSW24_hsp,2,2,50.694000,43.881000,-6.813000,m12 POH
2212,CSW24_hsp,3,4,42.869000,38.134000,-4.735000,1i PHOBIST
2212,CSW24_hsp,4,3,43.624000,36.705000,-6.919000,13a RIPT
2212,CSW24_hsp,5,5,41.873000,35.205000,-6.668000,m12 TORI
2212,CSW24_hsp,6,11,40.320000,34.596000,-5.724000,1l BOTH
2212,CSW24_hsp,7,6,41.244000,34.491000,-6.753000,b14 HI
2212,CSW24_hsp,8,14,39.700000,34.188000,-5.512000,1h THROB
2212,CSW24_hsp,9,7,40.950000,33.578000,-7.372000,m13 OH
2212,CSW24_hsp,10,8,40.940000,33.340000,-7.600000,c2 HIP
2212,CSW24_hsp,11,12,39.950000,33.195000,-6.755000,b14 HO
2212,CSW24_hsp,12,9,40.464000,33.152000,-7.312000,m12 POT
2212,CSW24_hsp,13,10,40.323000,33.000000,-7.323000,m12 PO
2212,CSW24_hsp,14,13,39.843000,32.454000,-7.389000,13a RIP
2212,CSW24_hsp,15,19,37.792000,31.335000,-6.457000,n9 THORPS
2212,CSW24_hsp,16,15,38.940000,31.177000,-7.763000,13l WHIP
2212,CSW24_hsp,17,17,38.325000,31.070000,-7.255000,m12 POI
2212,CSW24_hsp,18,20,37.522000,31.041000,-6.481000,n9 THRIPS
2212,CSW24_hsp,19,16,38.694000,30.810000,-7.884000,13l WHOP
2212,CSW24_hsp,20,18,37.843000,30.804000,-7.039000,b14 PI
2212,CSW24_hsp,21,21,37.323000,30.129000,-7.194000,b14 PO
2212,CSW24_hsp,22,22,37.110000,29.399000,-7.711000,n9 TROPHI
2212,CSW24_hsp,23,24,36.244000,28.850000,-7.394000,m14 HI
2212,CSW24_hsp,24,33,33.929000,28.782000,-5.147000,1i PROBITS
2212,CSW24_hsp,25,23,36.710000,28.368000,-8.342000,2j PIERT
2269,CSW24_hsp,1,1,89.000000,86.679000,-2.321000,15b SADDINg
2269,CSW24_hsp,2,2,86.000000,83.679000,-2.321000,15b SDAINeD
2269,CSW24_hsp,3,3,68.000000,66.998000,-1.002000,l2 cANDIDAS
2269,CSW24_hsp,4,5,67.090000,65.361000,-1.729000,m3 DADS
2269,CSW24_hsp,5,7,66.194000,63.377000,-2.817000,m3 DAD
2269,CSW24_hsp,6,4,67.529000,62.693000,-4.836000,c12 QADI
2269,CSW24_hsp,7,6,66.529000,61.665000,-4.864000,c12 QAID
2269,CSW24_hsp,8,8,62.848000,60.838000,-2.010000,m3 DANS
2269,CSW24_hsp,9,10,62.566000,59.901000,-2.665000,13b TIN
2269,CSW24_hsp,10,9,62.566000,59.795000,-2.771000,c12 QIN
2269,CSW24_hsp,11,12,61.848000,59.752000,-2.096000,m3 SAND
2269,CSW24_hsp,12,11,62.497000,59.484000,-3.013000,m3 DAN
2269,CSW24_hsp,13,14,59.588000,57.299000,-2.289000,13b TINS
2269,CSW24_hsp,14,13,60.049000,56.750000,-3.299000,e3 NIDATED
2269,CSW24_hsp,15,15,59.194000,55.747000,-3.447000,e5 DATED
2269,CSW24_hsp,16,16,58.605000,55.184000,-3.421000,m3 DA
2269,CSW24_hsp,17,17,58.194000,54.897000,-3.297000,a13 ADD
2269,CSW24_hsp,18,18,57.716000,54.817000,-2.899000,13b TI
2269,CSW24_hsp,19,19,57.647000,54.448000,-3.199000,13g IDS
2269,CSW24_hsp,20,21,57.535000,54.333000,-3.202000,13g ADS
2269,CSW24_hsp,21,23,56.546000,53.918000,-2.628000,13b TIS
2269,CSW24_hsp,22,22,56.546000,53.875000,-2.671000,c12 QIS
2269,CSW24_hsp,23,24,56.535000,53.448000,-3.087000,m3 SAD
2269,CSW24_hsp,24,25,56.194000,52.837000,-3.357000,m4 ADD
2269,CSW24_hsp,25,26,56.194000,52.606000,-3.588000,e11 DUAD
2194,CSW24_hsp,1,2,32.792000,33.513000,0.721000,11h WEEM
2194,CSW24_hsp,2,1,32.792000,32.963000,0.171000,c3 WEEM
2194,CSW24_hsp,3,3,30.909000,30.761000,-0.148000,c3 WEED
2194,CSW24_hsp,4,4,29.909000,30.251000,0.342000,11h WEED
2194,CSW24_hsp,5,5,29.792000,30.175000,0.383000,11k WEEM
2194,CSW24_hsp,6,6,28.909000,29.033000,0.124000,11k WEED
2194,CSW24_hsp,7,7,27.642000,27.460000,-0.182000,11j EWE
2194,CSW24_hsp,8,8,26.642000,26.451000,-0.191000,11i EEW
2194,CSW24_hsp,9,9,26.642000,26.316000,-0.326000,11k WEE
2194,CSW24_hsp,10,11,25.760000,25.144000,-0.616000,11j EW
2194,CSW24_hsp,11,10,25.760000,24.814000,-0.946000,b10 WE
2194,CSW24_hsp,12,12,24.893000,24.558000,-0.335000,8m MEW
2194,CSW24_hsp,13,13,23.760000,23.032000,-0.728000,11k WE
2194,CSW24_hsp,14,14,22.642000,21.478000,-1.164000,c3 WEE
2194,CSW24_hsp,15,15,21.760000,20.403000,-1.357000,c3 WE
2194,CSW24_hsp,16,16,21.225000,20.247000,-0.978000,8m MEU
2194,CSW24_hsp,17,18,19.870000,20.029000,0.159000,11h DEEM
2194,CSW24_hsp,18,17,20.613000,19.299000,-1.314000,b10 MU
2194,CSW24_hsp,19,19,19.626000,19.210000,-0.416000,8m DEW
2194,CSW24_hsp,20,21,18.870000,18.952000,0.082000,11h MEED
2194,CSW24_hsp,21,20,18.870000,18.350000,-0.520000,c3 MEED
2194,CSW24_hsp,22,23,18.116000,17.751000,-0.365000,11k IDEM
2194,CSW24_hsp,23,24,17.888000,17.531000,-0.357000,11j EIDE
2194,CSW24_hsp,24,25,17.870000,17.305000,-0.565000,c3 DEEM
2194,CSW24_hsp,25,27,16.870000,16.699000,-0.171000,11k MEED
