pos,model,pat_rank,static_rank,static_eq,pat_eq,pat_adj,move
772,CSW24_hsp,1,1,56.019000,39.623000,-16.396000,a1 PHIZ
772,CSW24_hsp,2,2,47.882000,34.227000,-13.655000,a6 DEPTH
772,CSW24_hsp,3,3,46.572000,32.322000,-14.250000,a7 PITH
772,CSW24_hsp,4,5,42.634000,29.013000,-13.621000,a6 MEITH
772,CSW24_hsp,5,4,45.039000,28.036000,-17.003000,a1 DITZ
772,CSW24_hsp,6,6,39.870000,25.518000,-14.352000,a7 METH
772,CSW24_hsp,7,7,37.572000,21.915000,-15.657000,a6 HIPT
772,CSW24_hsp,8,10,35.520000,20.192000,-15.328000,a7 PHT
772,CSW24_hsp,9,8,36.572000,18.524000,-18.048000,7f PITH
772,CSW24_hsp,10,9,36.572000,18.419000,-18.153000,9f PITH
772,CSW24_hsp,11,14,33.231000,17.518000,-15.713000,a6 HEPT
772,CSW24_hsp,12,18,30.544000,16.844000,-13.700000,a8 ETH
772,CSW24_hsp,13,13,34.338000,15.835000,-18.503000,7f DIMP
772,CSW24_hsp,14,11,35.376000,15.647000,-19.729000,7f PITHED
772,CSW24_hsp,15,16,32.634000,15.432000,-17.202000,9e MEITH
772,CSW24_hsp,16,12,35.376000,15.392000,-19.984000,9f PITHED
772,CSW24_hsp,17,20,30.402000,14.619000,-15.783000,a6 DIPT
772,CSW24_hsp,18,15,32.660000,14.195000,-18.465000,7f HEMP
772,CSW24_hsp,19,25,29.258000,13.407000,-15.851000,a6 EMPT
772,CSW24_hsp,20,17,30.572000,12.241000,-18.331000,7f HIPT
772,CSW24_hsp,21,22,29.870000,11.814000,-18.056000,7f METH
772,CSW24_hsp,22,23,29.870000,11.786000,-18.084000,9f METH
772,CSW24_hsp,23,19,30.520000,11.125000,-19.395000,7h PHT
772,CSW24_hsp,24,26,29.177000,10.996000,-18.181000,e2 THYMI
772,CSW24_hsp,25,37,26.335000,10.877000,-15.458000,a7 HIT
1174,CSW24_hsp,1,1,69.000000,61.974000,-7.026000,g6 VALIANcY
1174,CSW24_hsp,2,2,63.000000,55.703000,-7.297000,h6 VALIANcY
1174,CSW24_hsp,3,5,46.090000,40.984000,-5.106000,g4 VAINLY
1174,CSW24_hsp,4,8,45.019000,40.964000,-4.055000,6e IVY
1174,CSW24_hsp,5,4,47.142000,40.801000,-6.341000,d8 DIVNA
1174,CSW24_hsp,6,3,47.142000,40.545000,-6.597000,d8 DIVAN
1174,CSW24_hsp,7,9,45.019000,40.463000,-4.556000,g7 VLY
1174,CSW24_hsp,8,13,44.452000,39.803000,-4.649000,7c VAE
1174,CSW24_hsp,9,14,44.393000,39.359000,-5.034000,7c YAE
1174,CSW24_hsp,10,10,45.019000,39.320000,-5.699000,f8 IVY
1174,CSW24_hsp,11,7,45.090000,38.301000,-6.789000,h4 VAINLY
1174,CSW24_hsp,12,21,42.643000,37.817000,-4.826000,7b VIAE
1174,CSW24_hsp,13,16,43.643000,37.424000,-6.219000,7h AVI
1174,CSW24_hsp,14,18,43.452000,37.201000,-6.251000,2b VAN
1174,CSW24_hsp,15,12,44.643000,37.095000,-7.548000,9b AVI
1174,CSW24_hsp,16,15,43.712000,37.057000,-6.655000,d8 DAVY
1174,CSW24_hsp,17,17,43.643000,36.814000,-6.829000,9h AVI
1174,CSW24_hsp,18,19,43.393000,36.488000,-6.905000,9c YA
1174,CSW24_hsp,19,22,42.393000,35.912000,-6.481000,c5 YA
1174,CSW24_hsp,20,25,42.001000,35.828000,-6.173000,9h IVY
1174,CSW24_hsp,21,6,45.643000,35.712000,-9.931000,2a VAIN
1174,CSW24_hsp,22,23,42.393000,35.672000,-6.721000,7h AY
1174,CSW24_hsp,23,34,40.643000,35.627000,-5.016000,g6 VALI
1174,CSW24_hsp,24,24,42.393000,35.423000,-6.970000,9h AY
1174,CSW24_hsp,25,31,41.643000,35.328000,-6.315000,9b VIA
1052,CSW24_hsp,1,1,48.980000,35.769000,-13.211000,h10 IMPACT
1052,CSW24_hsp,2,2,44.521000,31.280000,-13.241000,h10 DEPICT
1052,CSW24_hsp,3,3,38.520000,24.976000,-13.544000,h12 PACT
1052,CSW24_hsp,4,4,36.231000,22.685000,-13.546000,h11 EPACT
1052,CSW24_hsp,5,5,35.671000,22.205000,-13.466000,h12 MICA
1052,CSW24_hsp,6,7,35.019000,21.590000,-13.429000,h12 PICA
1052,CSW24_hsp,7,6,35.480000,20.720000,-14.760000,7k PUD
1052,CSW24_hsp,8,10,31.712000,18.262000,-13.450000,h12 PICE
1052,CSW24_hsp,9,8,33.520000,18.069000,-15.451000,m3 TAPE
1052,CSW24_hsp,10,11,31.495000,18.000000,-13.495000,h12 MICE
1052,CSW24_hsp,11,9,33.337000,17.506000,-15.831000,5k ZAP
1052,CSW24_hsp,12,15,30.887000,17.247000,-13.640000,h11 EDICT
1052,CSW24_hsp,13,18,30.634000,17.063000,-13.571000,h10 METICA
1052,CSW24_hsp,14,16,30.700000,17.045000,-13.655000,h12 DICT
1052,CSW24_hsp,15,20,30.152000,16.639000,-13.513000,h11 AMICE
1052,CSW24_hsp,16,13,31.309000,16.510000,-14.799000,m5 PET
1052,CSW24_hsp,17,14,31.309000,16.444000,-14.865000,7k PUT
1052,CSW24_hsp,18,21,29.888000,16.287000,-13.601000,h12 PACE
1052,CSW24_hsp,19,12,31.337000,16.274000,-15.063000,13m PI
1052,CSW24_hsp,20,17,30.668000,15.916000,-14.752000,m11 PADI
1052,CSW24_hsp,21,24,29.244000,15.614000,-13.630000,h12 MACE
1052,CSW24_hsp,22,26,28.527000,14.705000,-13.822000,h11 DIACT
1052,CSW24_hsp,23,19,30.231000,14.587000,-15.644000,m2 ETAPE
1052,CSW24_hsp,24,22,29.405000,14.569000,-14.836000,m11 PEDI
1052,CSW24_hsp,25,25,28.628000,13.923000,-14.705000,m11 MEDIA
1011,CSW24_hsp,1,1,21.122000,13.490000,-7.632000,f4 ELM
1011,CSW24_hsp,2,2,20.122000,12.048000,-8.074000,c5 MEL
1011,CSW24_hsp,3,3,17.113000,8.885000,-8.228000,h6 LOOM
1011,CSW24_hsp,4,4,17.113000,8.880000,-8.233000,h6 MOOL
1011,CSW24_hsp,5,14,13.489000,8.586000,-4.903000,15f ITEM
1011,CSW24_hsp,6,6,15.973000,8.426000,-7.547000,2n MA
1011,CSW24_hsp,7,17,12.734000,7.727000,-5.007000,15f ITERUM
1011,CSW24_hsp,8,5,16.113000,7.070000,-9.043000,b1 MIL
1011,CSW24_hsp,9,8,15.122000,7.039000,-8.083000,6f MEL
1011,CSW24_hsp,10,10,14.489000,6.711000,-7.778000,m1 ITEM
1011,CSW24_hsp,11,11,14.489000,6.446000,-8.043000,c5 MET
1011,CSW24_hsp,12,7,15.653000,5.752000,-9.901000,14a REPERK
1011,CSW24_hsp,13,31,10.246000,5.343000,-4.903000,15f ILEUM
1011,CSW24_hsp,14,13,14.180000,5.325000,-8.855000,7b QUiD
1011,CSW24_hsp,15,9,14.735000,5.325000,-9.410000,b1 MILT
1011,CSW24_hsp,16,20,12.283000,4.845000,-7.438000,n1 EME
1011,CSW24_hsp,17,16,13.122000,4.814000,-8.308000,6f ELM
1011,CSW24_hsp,18,18,12.489000,4.508000,-7.981000,f1 TREM
1011,CSW24_hsp,19,19,12.430000,4.262000,-8.168000,4d FELT
1011,CSW24_hsp,20,12,14.199000,4.238000,-9.961000,n5 MERL
1011,CSW24_hsp,21,23,11.915000,3.871000,-8.044000,f4 ELT
1011,CSW24_hsp,22,24,11.827000,3.868000,-7.959000,b1 QI
1011,CSW24_hsp,23,27,11.628000,3.546000,-8.082000,4d FERM
1011,CSW24_hsp,24,15,13.444000,3.343000,-10.101000,n5 MELT
1011,CSW24_hsp,25,28,11.283000,3.335000,-7.948000,c6 EM
718,CSW24_hsp,1,1,41.871000,36.654000,-5.217000,h10 RIFLIP
718,CSW24_hsp,2,8,18.543000,15.105000,-3.438000,9c FOR
718,CSW24_hsp,3,3,19.583000,15.080000,-4.503000,6h FOIL
718,CSW24_hsp,4,4,19.030000,14.608000,-4.422000,6h POI
718,CSW24_hsp,5,2,20.829000,14.470000,-6.359000,d10 WIFIE
718,CSW24_hsp,6,5,18.966000,13.799000,-5.167000,6h FOLIE
718,CSW24_hsp,7,9,18.156000,12.760000,-5.396000,c9 PAOLI
718,CSW24_hsp,8,7,18.547000,12.445000,-6.102000,d10 WIFE
718,CSW24_hsp,9,10,18.030000,12.266000,-5.764000,f1 POI
718,CSW24_hsp,10,6,18.547000,12.126000,-6.421000,4c FIVE
718,CSW24_hsp,11,13,15.547000,10.648000,-4.899000,f1 FIE
718,CSW24_hsp,12,16,14.682000,10.559000,-4.123000,6h FOP
718,CSW24_hsp,13,11,16.583000,10.267000,-6.316000,11a FILO
718,CSW24_hsp,14,14,15.453000,10.061000,-5.392000,d8 BOWIE
718,CSW24_hsp,15,19,13.810000,9.190000,-4.620000,6b FLIC
718,CSW24_hsp,16,15,14.758000,8.679000,-6.079000,d10 WIPE
718,CSW24_hsp,17,23,13.069000,8.602000,-4.467000,6c FOCI
718,CSW24_hsp,18,20,13.737000,8.599000,-5.138000,6h LOIPE
718,CSW24_hsp,19,22,13.069000,8.586000,-4.483000,6c FICO
718,CSW24_hsp,20,18,13.810000,8.083000,-5.727000,f1 FIL
718,CSW24_hsp,21,17,14.030000,7.758000,-6.272000,4e VOIP
718,CSW24_hsp,22,24,12.758000,7.458000,-5.300000,f1 PIE
718,CSW24_hsp,23,21,13.434000,7.093000,-6.341000,11a FILE
718,CSW24_hsp,24,30,11.840000,6.860000,-4.980000,h10 RIF
718,CSW24_hsp,25,26,12.300000,6.520000,-5.780000,f1 PI
284,CSW24_hsp,1,1,89.000000,82.628000,-6.372000,o1 SWEALING
284,CSW24_hsp,2,2,86.000000,77.285000,-8.715000,4a WEANLING
284,CSW24_hsp,3,3,42.308000,36.185000,-6.123000,11c MEW
284,CSW24_hsp,4,4,40.170000,33.819000,-6.351000,11c MAW
284,CSW24_hsp,5,5,37.308000,30.804000,-6.504000,11e WE
284,CSW24_hsp,6,7,35.119000,28.396000,-6.723000,m3 WILGA
284,CSW24_hsp,7,8,34.694000,27.716000,-6.978000,m3 WIGAN
284,CSW24_hsp,8,9,34.177000,27.093000,-7.084000,12a WAME
284,CSW24_hsp,9,10,33.841000,26.847000,-6.994000,m3 WINGE
284,CSW24_hsp,10,6,35.940000,26.189000,-9.751000,d12 ALEW
284,CSW24_hsp,11,11,33.308000,25.975000,-7.333000,d12 EW
284,CSW24_hsp,12,13,31.787000,25.350000,-6.437000,m3 WIG
284,CSW24_hsp,13,14,31.740000,25.300000,-6.440000,m3 WING
284,CSW24_hsp,14,15,31.308000,24.552000,-6.756000,12c MEW
284,CSW24_hsp,15,12,32.308000,24.536000,-7.772000,f6 WEY
284,CSW24_hsp,16,20,30.730000,24.165000,-6.565000,e10 OW
284,CSW24_hsp,17,18,30.730000,23.742000,-6.988000,3k bAW
284,CSW24_hsp,18,16,31.170000,23.727000,-7.443000,d12 AW
284,CSW24_hsp,19,19,30.730000,23.163000,-7.567000,7i WAE
284,CSW24_hsp,20,23,29.694000,23.099000,-6.595000,12c MAWING
284,CSW24_hsp,21,28,29.382000,22.816000,-6.566000,m3 WIEL
284,CSW24_hsp,22,29,29.382000,22.766000,-6.616000,m3 WILE
284,CSW24_hsp,23,21,30.177000,22.600000,-7.577000,e5 WEAK
284,CSW24_hsp,24,22,30.170000,22.407000,-7.763000,f6 WAY
284,CSW24_hsp,25,30,29.170000,22.338000,-6.832000,12c MAW
729,CSW24_hsp,1,1,27.506000,22.318000,-5.188000,11k DIRLS
729,CSW24_hsp,2,2,26.694000,20.679000,-6.015000,3k LURID
729,CSW24_hsp,3,3,25.499000,20.668000,-4.831000,11k TIRLS
729,CSW24_hsp,4,4,24.595000,19.390000,-5.205000,11k DIRTS
729,CSW24_hsp,5,5,24.447000,18.960000,-5.487000,4a FLIRT
729,CSW24_hsp,6,6,23.228000,18.408000,-4.820000,11k TIRRS
729,CSW24_hsp,7,7,22.853000,17.557000,-5.296000,1h STIRK
729,CSW24_hsp,8,9,21.506000,17.413000,-4.093000,c3 DIRLS
729,CSW24_hsp,9,8,21.965000,16.452000,-5.513000,9b FRAIL
729,CSW24_hsp,10,12,19.499000,15.688000,-3.811000,c3 TIRLS
729,CSW24_hsp,11,17,18.506000,14.702000,-3.804000,3i SILURID
729,CSW24_hsp,12,16,18.595000,14.495000,-4.100000,c3 DIRTS
729,CSW24_hsp,13,18,18.499000,14.290000,-4.209000,4a FLIRTS
729,CSW24_hsp,14,10,20.228000,13.979000,-6.249000,3k RUDI
729,CSW24_hsp,15,13,19.286000,13.832000,-5.454000,m9 ARDRI
729,CSW24_hsp,16,14,19.045000,13.486000,-5.559000,m7 DRAIL
729,CSW24_hsp,17,21,17.228000,13.432000,-3.796000,c3 TIRRS
729,CSW24_hsp,18,11,19.694000,12.986000,-6.708000,m8 LARD
729,CSW24_hsp,19,15,18.965000,12.833000,-6.132000,4a FLIR
729,CSW24_hsp,20,19,18.045000,12.594000,-5.451000,m7 LIARD
729,CSW24_hsp,21,22,17.045000,11.339000,-5.706000,m8 LAIRD
729,CSW24_hsp,22,31,14.506000,10.587000,-3.919000,m8 LAIRDS
729,CSW24_hsp,23,24,15.775000,10.577000,-5.198000,6g GAPERS
729,CSW24_hsp,24,27,15.497000,10.266000,-5.231000,11l RIDS
729,CSW24_hsp,25,20,17.264000,10.035000,-7.229000,14f RID
1031,CSW24_hsp,1,1,53.398000,44.925000,-8.473000,14a UPSEY
1031,CSW24_hsp,2,2,49.133000,41.304000,-7.829000,5e PUY
1031,CSW24_hsp,3,3,44.133000,35.531000,-8.602000,g11 YAUP
1031,CSW24_hsp,4,5,42.444000,33.362000,-9.082000,14a UPSY
1031,CSW24_hsp,5,4,42.805000,32.872000,-9.933000,14a UP
1031,CSW24_hsp,6,6,39.859000,31.801000,-8.058000,5e YU
1031,CSW24_hsp,7,7,38.444000,30.736000,-7.708000,5e PUYS
1031,CSW24_hsp,8,8,38.271000,29.376000,-8.895000,11e JAY
1031,CSW24_hsp,9,9,36.088000,27.643000,-8.445000,g11 PATY
1031,CSW24_hsp,10,10,35.420000,26.598000,-8.822000,g11 PATU
1031,CSW24_hsp,11,16,33.971000,26.406000,-7.565000,l8 TYPES
1031,CSW24_hsp,12,11,35.131000,26.361000,-8.770000,g11 PAUL
1031,CSW24_hsp,13,15,34.096000,25.956000,-8.140000,13j POUTY
1031,CSW24_hsp,14,12,34.935000,25.598000,-9.337000,14a UPS
1031,CSW24_hsp,15,14,34.096000,25.522000,-8.574000,7h PUTTY
1031,CSW24_hsp,16,21,33.092000,25.262000,-7.830000,13i PLOYE
1031,CSW24_hsp,17,13,34.271000,24.959000,-9.312000,e11 JOEY
1031,CSW24_hsp,18,17,33.859000,24.740000,-9.119000,i6 YUM
1031,CSW24_hsp,19,19,33.518000,24.461000,-9.057000,l4 SPULYE
1031,CSW24_hsp,20,24,32.444000,24.433000,-8.011000,h10 UPSY
1031,CSW24_hsp,21,22,33.047000,24.176000,-8.871000,5j VLY
1031,CSW24_hsp,22,26,32.308000,23.851000,-8.457000,k1 PYES
1031,CSW24_hsp,23,29,31.876000,23.701000,-8.175000,12j YEP
1031,CSW24_hsp,24,20,33.133000,23.505000,-9.628000,l7 PUY
1031,CSW24_hsp,25,25,32.391000,23.470000,-8.921000,g11 YATE
119,CSW24_hsp,1,5,26.426000,18.476000,-7.950000,1h OBTUND
119,CSW24_hsp,2,3,27.628000,18.143000,-9.485000,1a KOB
119,CSW24_hsp,3,4,26.626000,17.404000,-9.222000,1k UNKID
119,CSW24_hsp,4,10,23.692000,14.716000,-8.976000,1k KNOUT
119,CSW24_hsp,5,9,23.715000,13.996000,-9.719000,1a KID
119,CSW24_hsp,6,1,28.660000,13.455000,-15.205000,9d BOUK
119,CSW24_hsp,7,2,28.083000,12.907000,-15.176000,9d BUIK
119,CSW24_hsp,8,14,21.785000,12.414000,-9.371000,1k UNBID
119,CSW24_hsp,9,24,18.755000,11.313000,-7.442000,1h BIDON
119,CSW24_hsp,10,19,20.272000,10.364000,-9.908000,1a KIT
119,CSW24_hsp,11,8,24.363000,9.903000,-14.460000,2n KI
119,CSW24_hsp,12,6,24.891000,9.604000,-15.287000,9d DOUK
119,CSW24_hsp,13,23,19.249000,9.387000,-9.862000,1a DIB
119,CSW24_hsp,14,7,24.692000,9.374000,-15.318000,9d TOUK
119,CSW24_hsp,15,27,18.249000,8.227000,-10.022000,1a BID
119,CSW24_hsp,16,28,18.025000,8.082000,-9.943000,1a DOB
119,CSW24_hsp,17,45,14.942000,7.581000,-7.361000,h1 ODA
119,CSW24_hsp,18,16,20.715000,7.563000,-13.152000,8l SKID
119,CSW24_hsp,19,12,22.362000,7.404000,-14.958000,m8 OUTBID
119,CSW24_hsp,20,11,22.628000,7.371000,-15.257000,9e BOK
119,CSW24_hsp,21,13,21.829000,7.266000,-14.563000,2n KO
119,CSW24_hsp,22,34,17.025000,6.980000,-10.045000,1a BOD
119,CSW24_hsp,23,20,19.862000,6.670000,-13.192000,8k TSUBO
119,CSW24_hsp,24,15,21.272000,6.108000,-15.164000,9e TIK
119,CSW24_hsp,25,18,20.362000,5.720000,-14.642000,k8 OUTBID
896,CSW24_hsp,1,1,131.000000,125.622000,-5.378000,15a ADORNERs
896,CSW24_hsp,2,3,77.000000,70.082000,-6.918000,15b RANcORED
896,CSW24_hsp,3,4,77.000000,69.702000,-7.298000,15b READORNs
896,CSW24_hsp,4,2,80.000000,65.550000,-14.450000,l3 rEADORN
896,CSW24_hsp,5,5,76.000000,61.444000,-14.556000,l3 READOrN
896,CSW24_hsp,6,6,74.000000,61.342000,-12.658000,i5 REAsONeD
896,CSW24_hsp,7,7,64.000000,47.697000,-16.303000,h2 RONDAcHE
896,CSW24_hsp,8,12,55.921000,46.881000,-9.040000,h13 ODE
896,CSW24_hsp,9,19,55.292000,46.244000,-9.048000,15b READORN
896,CSW24_hsp,10,16,55.340000,45.849000,-9.491000,15d ANDRO
896,CSW24_hsp,11,15,55.340000,45.802000,-9.538000,15d ADORN
896,CSW24_hsp,12,8,61.000000,45.774000,-15.226000,13d rEADORNED
896,CSW24_hsp,13,23,55.002000,45.703000,-9.299000,15d DERRO
896,CSW24_hsp,14,20,55.292000,45.690000,-9.602000,15d ADORNER
896,CSW24_hsp,15,9,60.000000,44.752000,-15.248000,13d READOrNED
896,CSW24_hsp,16,26,54.046000,44.673000,-9.373000,15d DEARN
896,CSW24_hsp,17,31,53.591000,44.358000,-9.233000,h13 ONE
896,CSW24_hsp,18,36,53.234000,44.027000,-9.207000,15d DARRE
896,CSW24_hsp,19,45,52.647000,43.342000,-9.305000,h13 ORE
896,CSW24_hsp,20,50,52.460000,43.049000,-9.411000,15d ROARED
896,CSW24_hsp,21,49,52.460000,42.961000,-9.499000,15d ADORER
896,CSW24_hsp,22,10,58.460000,42.777000,-15.683000,l4 OREAD
896,CSW24_hsp,23,55,51.799000,42.618000,-9.181000,h13 ANE
896,CSW24_hsp,24,18,55.292000,42.097000,-13.195000,15a ADORNER
896,CSW24_hsp,25,71,51.153000,41.900000,-9.253000,h13 ARE
563,CSW24_hsp,1,1,68.047000,51.189000,-16.858000,1l JURY
563,CSW24_hsp,2,2,68.047000,50.224000,-17.823000,8l JURY
563,CSW24_hsp,3,3,58.062000,40.819000,-17.243000,1l JURA
563,CSW24_hsp,4,4,58.062000,39.864000,-18.198000,8l JURA
563,CSW24_hsp,5,5,54.353000,37.336000,-17.017000,1l JIRD
563,CSW24_hsp,6,6,54.353000,36.295000,-18.058000,8l JIRD
563,CSW24_hsp,7,7,52.217000,30.695000,-21.522000,h1 JUICY
563,CSW24_hsp,8,8,47.506000,30.347000,-17.159000,1l JARL
563,CSW24_hsp,9,9,47.506000,29.260000,-18.246000,8l JARL
563,CSW24_hsp,10,11,32.785000,15.158000,-17.627000,1l YIRD
563,CSW24_hsp,11,10,37.193000,15.124000,-22.069000,m2 JUN
563,CSW24_hsp,12,13,32.700000,14.937000,-17.763000,1k LYARD
563,CSW24_hsp,13,12,32.785000,13.625000,-19.160000,8l YIRD
563,CSW24_hsp,14,14,32.700000,13.297000,-19.403000,8k LYARD
563,CSW24_hsp,15,17,28.102000,10.264000,-17.838000,1l YARD
563,CSW24_hsp,16,18,28.102000,8.529000,-19.573000,8l YARD
563,CSW24_hsp,17,15,30.259000,6.699000,-23.560000,h12 IDLY
563,CSW24_hsp,18,16,30.259000,6.685000,-23.574000,h12 IDYL
563,CSW24_hsp,19,24,24.536000,6.642000,-17.894000,1k DIARY
563,CSW24_hsp,20,23,24.536000,6.562000,-17.974000,1k DAIRY
563,CSW24_hsp,21,25,24.536000,6.560000,-17.976000,1k YAIRD
563,CSW24_hsp,22,29,23.785000,5.826000,-17.959000,1k LAIRY
563,CSW24_hsp,23,26,24.536000,4.937000,-19.599000,8k DAIRY
563,CSW24_hsp,24,28,24.536000,4.926000,-19.610000,8k YAIRD
563,CSW24_hsp,25,19,28.043000,4.895000,-23.148000,m2 JIN
56,CSW24_hsp,1,1,32.169000,21.463000,-10.706000,a5 NAOI
56,CSW24_hsp,2,2,30.465000,20.162000,-10.303000,a8 ANOA
56,CSW24_hsp,3,3,28.001000,17.961000,-10.040000,a7 AERO
56,CSW24_hsp,4,4,26.380000,16.210000,-10.170000,a7 AIA
56,CSW24_hsp,5,5,26.358000,15.879000,-10.479000,a8 ARIA
56,CSW24_hsp,6,6,25.837000,15.795000,-10.042000,a7 AINE
56,CSW24_hsp,7,7,25.364000,14.965000,-10.399000,a8 AREA
56,CSW24_hsp,8,8,24.528000,14.054000,-10.474000,a8 ARIE
56,CSW24_hsp,9,9,23.559000,13.201000,-10.358000,a8 ONIE
56,CSW24_hsp,10,10,23.084000,12.902000,-10.182000,a7 OAR
56,CSW24_hsp,11,11,23.084000,12.556000,-10.528000,a8 ARO
56,CSW24_hsp,12,12,23.084000,12.484000,-10.600000,a8 ORA
56,CSW24_hsp,13,13,22.874000,12.233000,-10.641000,a7 AA
56,CSW24_hsp,14,14,22.874000,12.201000,-10.673000,a8 AA
56,CSW24_hsp,15,17,21.392000,11.204000,-10.188000,a7 AIN
56,CSW24_hsp,16,16,22.296000,11.019000,-11.277000,8a ODEA
56,CSW24_hsp,17,18,21.392000,10.826000,-10.566000,a8 ANI
56,CSW24_hsp,18,21,20.909000,10.300000,-10.609000,a8 ANA
56,CSW24_hsp,19,19,20.995000,9.657000,-11.338000,8a ADO
56,CSW24_hsp,20,20,20.995000,9.653000,-11.342000,8a ODA
56,CSW24_hsp,21,25,19.722000,9.058000,-10.664000,a7 AI
56,CSW24_hsp,22,22,20.622000,8.827000,-11.795000,o1 ERASION
56,CSW24_hsp,23,15,22.465000,8.254000,-14.211000,c6 ANOA
56,CSW24_hsp,24,32,18.343000,8.138000,-10.205000,a7 AIR
56,CSW24_hsp,25,31,18.384000,7.785000,-10.599000,a8 ERA
128,CSW24_hsp,1,1,71.328000,59.817000,-11.511000,1g QIN
128,CSW24_hsp,2,2,61.914000,50.031000,-11.883000,1g QI
128,CSW24_hsp,3,3,58.675000,44.164000,-14.511000,3g PIX
128,CSW24_hsp,4,5,54.427000,42.869000,-11.558000,1d PiNXIT
128,CSW24_hsp,5,6,53.984000,42.381000,-11.603000,1f QuIP
128,CSW24_hsp,6,4,54.912000,40.110000,-14.802000,m1 PYX
128,CSW24_hsp,7,8,51.427000,39.794000,-11.633000,1d PINXiT
128,CSW24_hsp,8,7,53.328000,38.811000,-14.517000,3g QIN
128,CSW24_hsp,9,9,51.325000,36.748000,-14.577000,3g NIX
128,CSW24_hsp,10,11,49.325000,36.239000,-13.086000,1m NIX
128,CSW24_hsp,11,10,49.700000,35.091000,-14.609000,3g TIX
128,CSW24_hsp,12,13,45.264000,33.343000,-11.921000,1f QuIN
128,CSW24_hsp,13,14,45.045000,33.196000,-11.849000,1f QuIT
128,CSW24_hsp,14,16,44.744000,32.709000,-12.035000,1g XI
128,CSW24_hsp,15,12,45.992000,31.291000,-14.701000,10d NEXT
128,CSW24_hsp,16,19,42.899000,30.895000,-12.004000,1g NIP
128,CSW24_hsp,17,15,44.912000,30.342000,-14.570000,i1 PAX
128,CSW24_hsp,18,24,41.747000,30.090000,-11.657000,1g QaT
128,CSW24_hsp,19,17,44.496000,30.088000,-14.408000,10d TEX
128,CSW24_hsp,20,25,41.433000,29.775000,-11.658000,1g QiN
128,CSW24_hsp,21,23,41.797000,29.767000,-12.030000,1g TIP
128,CSW24_hsp,22,22,41.852000,29.229000,-12.623000,i1 QAT
128,CSW24_hsp,23,18,43.914000,28.850000,-15.064000,3g QI
128,CSW24_hsp,24,29,40.899000,28.768000,-12.131000,1g PIN
128,CSW24_hsp,25,30,39.797000,27.724000,-12.073000,1g PIT
1178,CSW24_hsp,1,1,26.139000,18.516000,-7.623000,10j GANEV
1178,CSW24_hsp,2,2,22.859000,14.005000,-8.854000,13c VUG
1178,CSW24_hsp,3,3,20.211000,11.923000,-8.288000,10h FUG
1178,CSW24_hsp,4,5,18.949000,11.326000,-7.623000,10j GANEF
1178,CSW24_hsp,5,6,18.917000,10.476000,-8.441000,h10 FAUNAL
1178,CSW24_hsp,6,7,18.859000,10.357000,-8.502000,9h VUG
1178,CSW24_hsp,7,4,19.280000,10.263000,-9.017000,13c VAG
1178,CSW24_hsp,8,10,17.622000,9.935000,-7.687000,10j GAVEL
1178,CSW24_hsp,9,9,18.211000,8.564000,-9.647000,13c FUG
1178,CSW24_hsp,10,11,16.280000,7.911000,-8.369000,10j GAVE
1178,CSW24_hsp,11,13,15.628000,7.650000,-7.978000,12j NUFF
1178,CSW24_hsp,12,12,15.807000,7.557000,-8.250000,l13 FAV
1178,CSW24_hsp,13,18,15.135000,6.830000,-8.305000,h10 LAGUNA
1178,CSW24_hsp,14,17,15.280000,6.698000,-8.582000,9h VAG
1178,CSW24_hsp,15,16,15.507000,5.739000,-9.768000,e3 GULF
1178,CSW24_hsp,16,20,13.620000,5.506000,-8.114000,j10 VOG
1178,CSW24_hsp,17,14,15.606000,5.435000,-10.171000,13b LAUF
1178,CSW24_hsp,18,19,14.800000,5.415000,-9.385000,6b FLAVA
1178,CSW24_hsp,19,23,13.220000,4.933000,-8.287000,10h FAG
1178,CSW24_hsp,20,8,18.579000,4.852000,-13.727000,13a FUGAL
1178,CSW24_hsp,21,25,13.135000,4.456000,-8.679000,10h LAGUNE
1178,CSW24_hsp,22,21,13.466000,4.358000,-9.108000,13c VAN
1178,CSW24_hsp,23,29,12.261000,4.316000,-7.945000,h10 FAV
1178,CSW24_hsp,24,31,11.802000,3.345000,-8.457000,10h NUG
1178,CSW24_hsp,25,32,11.628000,3.257000,-8.371000,10h FUN
377,CSW24_hsp,1,1,63.000000,51.317000,-11.683000,n1 DIGESTION
377,CSW24_hsp,2,2,52.854000,47.302000,-5.552000,3g TIGNONS
377,CSW24_hsp,3,3,51.161000,44.311000,-6.850000,8h RALLYING
377,CSW24_hsp,4,4,45.725000,38.697000,-7.028000,3j EON
377,CSW24_hsp,5,5,44.481000,38.426000,-6.055000,3j EONS
377,CSW24_hsp,6,6,44.191000,37.160000,-7.031000,3g TIGNON
377,CSW24_hsp,7,7,43.014000,36.441000,-6.573000,8g ORALLY
377,CSW24_hsp,8,10,40.743000,34.956000,-5.787000,3h TENONS
377,CSW24_hsp,9,9,40.953000,33.930000,-7.023000,3j NON
377,CSW24_hsp,10,8,41.014000,33.458000,-7.556000,3k ON
377,CSW24_hsp,11,12,38.120000,32.224000,-5.896000,3i NEONS
377,CSW24_hsp,12,14,37.584000,31.354000,-6.230000,3k ONST
377,CSW24_hsp,13,11,38.279000,30.638000,-7.641000,j1 ZEE
377,CSW24_hsp,14,13,38.055000,29.597000,-8.458000,2f GO
377,CSW24_hsp,15,15,37.055000,28.986000,-8.069000,e9 DOG
377,CSW24_hsp,16,16,36.304000,28.983000,-7.321000,3i TE
377,CSW24_hsp,17,19,35.901000,28.423000,-7.478000,3h GON
377,CSW24_hsp,18,20,35.725000,28.420000,-7.305000,3i OE
377,CSW24_hsp,19,22,35.518000,28.303000,-7.215000,o2 COGNISE
377,CSW24_hsp,20,21,35.725000,28.283000,-7.442000,6f OE
377,CSW24_hsp,21,32,35.016000,27.922000,-7.094000,3i NEON
377,CSW24_hsp,22,18,36.014000,27.899000,-8.115000,f9 WO
377,CSW24_hsp,23,34,34.891000,27.881000,-7.010000,8a STOGIE
377,CSW24_hsp,24,17,36.014000,27.870000,-8.144000,g5 COP
377,CSW24_hsp,25,23,35.303000,27.844000,-7.459000,3h TOE
130,CSW24_hsp,1,1,31.258000,25.532000,-5.726000,11d FLOWN
130,CSW24_hsp,2,3,29.385000,25.317000,-4.068000,7b FOWL
130,CSW24_hsp,3,6,29.385000,24.430000,-4.955000,11d WOLF
130,CSW24_hsp,4,2,29.841000,24.273000,-5.568000,11d FROWN
130,CSW24_hsp,5,5,29.385000,24.172000,-5.213000,11d FOWL
130,CSW24_hsp,6,4,29.385000,23.872000,-5.513000,11d FLOW
130,CSW24_hsp,7,7,28.780000,22.952000,-5.828000,11d FLAWN
130,CSW24_hsp,8,8,27.983000,22.652000,-5.331000,11d FROW
130,CSW24_hsp,9,9,27.005000,21.414000,-5.591000,11d FLAW
130,CSW24_hsp,10,10,25.724000,21.069000,-4.655000,11c OWN
130,CSW24_hsp,11,12,24.234000,19.603000,-4.631000,11d WOF
130,CSW24_hsp,12,11,24.969000,19.592000,-5.377000,11d FAWN
130,CSW24_hsp,13,13,24.088000,19.520000,-4.568000,11c OWL
130,CSW24_hsp,14,15,21.706000,16.870000,-4.836000,7a ALOW
130,CSW24_hsp,15,16,21.694000,16.636000,-5.058000,7b LOWN
130,CSW24_hsp,16,20,20.779000,16.146000,-4.633000,11d WORN
130,CSW24_hsp,17,21,19.997000,15.760000,-4.237000,7b FON
130,CSW24_hsp,18,18,21.385000,15.332000,-6.053000,7h FOWL
130,CSW24_hsp,19,14,22.258000,15.098000,-7.160000,7h FLOWN
130,CSW24_hsp,20,23,19.914000,15.007000,-4.907000,11d FAW
130,CSW24_hsp,21,17,21.385000,14.911000,-6.474000,7h FLOW
130,CSW24_hsp,22,25,19.724000,14.854000,-4.870000,11d WON
130,CSW24_hsp,23,28,18.983000,14.368000,-4.615000,h4 FROWY
130,CSW24_hsp,24,34,18.446000,14.267000,-4.179000,7b FOAL
130,CSW24_hsp,25,38,18.204000,13.887000,-4.317000,7b FOR
659,CSW24_hsp,1,1,44.426000,41.491000,-2.935000,15h LAYUP
659,CSW24_hsp,2,2,37.227000,29.028000,-8.199000,5a PIKAU
659,CSW24_hsp,3,3,35.263000,28.629000,-6.634000,3c YUK
659,CSW24_hsp,4,6,30.838000,27.798000,-3.040000,15h LAKY
659,CSW24_hsp,5,5,30.838000,27.776000,-3.062000,15h ALKY
659,CSW24_hsp,6,4,31.182000,25.187000,-5.995000,5b KUIA
659,CSW24_hsp,7,9,29.263000,23.513000,-5.750000,e4 YUKY
659,CSW24_hsp,8,15,26.564000,23.366000,-3.198000,15h AUK
659,CSW24_hsp,9,8,30.049000,23.252000,-6.797000,8a KILTY
659,CSW24_hsp,10,10,28.668000,22.657000,-6.011000,5c PIU
659,CSW24_hsp,11,7,30.474000,22.078000,-8.396000,5a PILAU
659,CSW24_hsp,12,19,25.334000,21.904000,-3.430000,15h LAIK
659,CSW24_hsp,13,12,27.858000,21.088000,-6.770000,3c YAK
659,CSW24_hsp,14,11,27.860000,20.642000,-7.218000,c7 PUY
659,CSW24_hsp,15,13,27.564000,20.636000,-6.928000,3c AUK
659,CSW24_hsp,16,24,23.267000,19.892000,-3.375000,15h AYU
659,CSW24_hsp,17,14,26.858000,19.604000,-7.254000,8a KYAT
659,CSW24_hsp,18,16,26.263000,19.269000,-6.994000,3b KYU
659,CSW24_hsp,19,17,25.693000,19.124000,-6.569000,k2 KAPU
659,CSW24_hsp,20,28,21.945000,18.363000,-3.582000,15h LIPA
659,CSW24_hsp,21,18,25.426000,17.754000,-7.672000,c5 UPLAY
659,CSW24_hsp,22,21,23.858000,16.539000,-7.319000,c7 KAY
659,CSW24_hsp,23,25,23.110000,16.350000,-6.760000,3c PAK
659,CSW24_hsp,24,27,22.294000,16.238000,-6.056000,5c PIA
659,CSW24_hsp,25,26,23.089000,16.066000,-7.023000,8a PLATY
733,CSW24_hsp,1,2,21.084000,13.853000,-7.231000,12d WHIO
733,CSW24_hsp,2,4,20.103000,12.256000,-7.847000,12c WAHINE
733,CSW24_hsp,3,1,21.292000,11.236000,-10.056000,d12 ANOW
733,CSW24_hsp,4,3,20.292000,10.338000,-9.954000,d12 ENOW
733,CSW24_hsp,5,6,17.899000,7.813000,-10.086000,d12 ANEW
733,CSW24_hsp,6,8,14.956000,7.793000,-7.163000,12d WHINE
733,CSW24_hsp,7,5,20.001000,7.158000,-12.843000,f12 OWIE
733,CSW24_hsp,8,9,14.343000,7.094000,-7.249000,f12 IWI
733,CSW24_hsp,9,12,13.464000,5.625000,-7.839000,12d OHIA
733,CSW24_hsp,10,15,12.617000,5.520000,-7.097000,12d WHOA
733,CSW24_hsp,11,13,13.104000,5.168000,-7.936000,10b WAIN
733,CSW24_hsp,12,14,12.617000,4.611000,-8.006000,12b WOAH
733,CSW24_hsp,13,7,15.634000,4.460000,-11.174000,d12 ONIE
733,CSW24_hsp,14,18,10.702000,4.041000,-6.661000,10b WINNA
733,CSW24_hsp,15,20,10.084000,3.682000,-6.402000,10c WINO
733,CSW24_hsp,16,19,10.324000,3.333000,-6.991000,d12 ANI
733,CSW24_hsp,17,10,14.001000,3.167000,-10.834000,7h OWIE
733,CSW24_hsp,18,26,8.945000,2.465000,-6.480000,f10 OI
733,CSW24_hsp,19,27,8.917000,2.461000,-6.456000,10c WANION
733,CSW24_hsp,20,25,8.981000,1.949000,-7.032000,12d WHAE
733,CSW24_hsp,21,11,14.001000,1.916000,-12.085000,9h OWIE
733,CSW24_hsp,22,32,7.945000,1.572000,-6.373000,9g IO
733,CSW24_hsp,23,22,9.285000,1.284000,-8.001000,f12 OWE
733,CSW24_hsp,24,31,8.090000,1.062000,-7.028000,12d AHI
733,CSW24_hsp,25,16,12.343000,0.917000,-11.426000,f13 IWI
911,CSW24_hsp,1,1,34.555000,25.929000,-8.626000,m8 OWRIER
911,CSW24_hsp,2,2,29.788000,22.439000,-7.349000,m9 WIRER
911,CSW24_hsp,3,3,29.788000,22.414000,-7.374000,m9 WRIER
911,CSW24_hsp,4,5,27.688000,19.644000,-8.044000,m8 WIRIER
911,CSW24_hsp,5,4,27.792000,19.285000,-8.507000,m7 WORRIES
911,CSW24_hsp,6,6,27.151000,18.364000,-8.787000,6d ROWIE
911,CSW24_hsp,7,8,27.151000,18.072000,-9.079000,11d ROWIE
911,CSW24_hsp,8,7,27.151000,17.904000,-9.247000,11d OWRIE
911,CSW24_hsp,9,10,24.491000,16.977000,-7.514000,m11 WEIR
911,CSW24_hsp,10,9,24.491000,16.026000,-8.465000,11e WIRE
911,CSW24_hsp,11,12,22.327000,14.493000,-7.834000,1l AROW
911,CSW24_hsp,12,13,21.843000,14.297000,-7.546000,m3 SIRI
911,CSW24_hsp,13,19,21.036000,13.628000,-7.408000,m9 WRIES
911,CSW24_hsp,14,18,21.036000,13.604000,-7.432000,m9 WISER
911,CSW24_hsp,15,17,21.036000,13.430000,-7.606000,m9 WIRES
911,CSW24_hsp,16,16,21.036000,13.349000,-7.687000,1k WAIRS
911,CSW24_hsp,17,11,23.151000,12.904000,-10.247000,m8 OWRIE
911,CSW24_hsp,18,22,20.103000,12.501000,-7.602000,m9 WIRERS
911,CSW24_hsp,19,14,21.491000,12.467000,-9.024000,m9 WIRE
911,CSW24_hsp,20,15,21.151000,12.320000,-8.831000,6d OWRIE
911,CSW24_hsp,21,20,20.327000,12.293000,-8.034000,13m ROW
911,CSW24_hsp,22,27,19.491000,11.928000,-7.563000,j11 WAIR
911,CSW24_hsp,23,28,19.136000,11.502000,-7.634000,m3 SORI
911,CSW24_hsp,24,24,19.723000,11.391000,-8.332000,m8 ROWIES
911,CSW24_hsp,25,25,19.723000,11.385000,-8.338000,11d ROWIES
351,CSW24_hsp,1,1,83.298000,74.964000,-8.334000,7e BIZ
351,CSW24_hsp,2,2,83.179000,73.982000,-9.197000,8j BLINTZ
351,CSW24_hsp,3,3,72.362000,64.180000,-8.182000,6j NERTZ
351,CSW24_hsp,4,4,71.637000,63.405000,-8.232000,7e TIZ
351,CSW24_hsp,5,5,68.790000,60.244000,-8.546000,c9 BANTZ
351,CSW24_hsp,6,6,60.009000,51.979000,-8.030000,k1 BAC
351,CSW24_hsp,7,7,56.578000,48.441000,-8.137000,c9 CABIN
351,CSW24_hsp,8,9,52.481000,44.754000,-7.727000,7e BIT
351,CSW24_hsp,9,8,53.231000,44.638000,-8.593000,10k SITZ
351,CSW24_hsp,10,11,50.231000,41.753000,-8.478000,7c ZITI
351,CSW24_hsp,11,14,49.402000,41.385000,-8.017000,1a JAB
351,CSW24_hsp,12,10,50.462000,41.276000,-9.186000,8j BLInTZ
351,CSW24_hsp,13,15,48.772000,41.120000,-7.652000,7e BIN
351,CSW24_hsp,14,13,49.687000,41.103000,-8.584000,b10 CINCT
351,CSW24_hsp,15,16,48.770000,40.956000,-7.814000,c9 BANC
351,CSW24_hsp,16,12,49.749000,40.576000,-9.173000,8j BLINtZ
351,CSW24_hsp,17,17,48.402000,40.304000,-8.098000,1k BY
351,CSW24_hsp,18,19,48.231000,40.114000,-8.117000,l10 TIZ
351,CSW24_hsp,19,22,47.298000,39.568000,-7.730000,9j BeZ
351,CSW24_hsp,20,20,47.481000,39.542000,-7.939000,c9 BAT
351,CSW24_hsp,21,18,48.298000,39.225000,-9.073000,n1 BEZ
351,CSW24_hsp,22,24,47.009000,39.085000,-7.924000,c9 CAB
351,CSW24_hsp,23,23,47.009000,39.076000,-7.933000,c9 BAC
351,CSW24_hsp,24,25,46.593000,38.331000,-8.262000,m2 VIN
351,CSW24_hsp,25,21,47.386000,38.251000,-9.135000,8j BLiNTZ
650,CSW24_hsp,1,1,87.000000,78.117000,-8.883000,11a TAINTEd
650,CSW24_hsp,2,6,74.000000,67.592000,-6.408000,o1 pIANETTE
650,CSW24_hsp,3,4,74.000000,67.430000,-6.570000,o1 TETANIzE
650,CSW24_hsp,4,3,74.000000,67.156000,-6.844000,o1 TETANIsE
650,CSW24_hsp,5,2,74.000000,67.154000,-6.846000,o1 TAENIaTE
650,CSW24_hsp,6,5,74.000000,67.154000,-6.846000,o1 TaENIATE
650,CSW24_hsp,7,7,71.000000,64.295000,-6.705000,o1 ANIsETTE
650,CSW24_hsp,8,19,68.000000,58.310000,-9.690000,d8 EqUITANT
650,CSW24_hsp,9,25,66.000000,58.132000,-7.868000,d5 TAINTUrE
650,CSW24_hsp,10,16,68.000000,58.057000,-9.943000,m1 NIcTATED
650,CSW24_hsp,11,27,66.000000,57.980000,-8.020000,d7 mATUTINE
650,CSW24_hsp,12,26,66.000000,57.790000,-8.210000,d7 INTUbATE
650,CSW24_hsp,13,23,66.000000,57.711000,-8.289000,5b TApETING
650,CSW24_hsp,14,15,68.000000,57.428000,-10.572000,m1 NITrATED
650,CSW24_hsp,15,24,66.000000,57.397000,-8.603000,5b TrEATING
650,CSW24_hsp,16,20,66.000000,57.335000,-8.665000,5b AbETTING
650,CSW24_hsp,17,21,66.000000,57.281000,-8.719000,5b ArETTING
650,CSW24_hsp,18,14,68.000000,57.085000,-10.915000,m1 INsTATED
650,CSW24_hsp,19,22,66.000000,57.085000,-8.915000,5b EsTATING
650,CSW24_hsp,20,17,68.000000,56.812000,-11.188000,m1 TETANoID
650,CSW24_hsp,21,18,68.000000,56.428000,-11.572000,m1 aTTAINED
650,CSW24_hsp,22,13,68.000000,56.427000,-11.573000,m1 ATTaINED
650,CSW24_hsp,23,28,64.000000,55.904000,-8.096000,d7 AuTUNITE
650,CSW24_hsp,24,12,70.000000,55.697000,-14.303000,n1 TrEATING
650,CSW24_hsp,25,11,70.000000,55.496000,-14.504000,n1 TApETING
1186,CSW24_hsp,1,1,29.967000,24.715000,-5.252000,e11 OAT
1186,CSW24_hsp,2,2,27.967000,21.722000,-6.245000,10f TAO
1186,CSW24_hsp,3,5,24.685000,20.249000,-4.436000,10c TOEA
1186,CSW24_hsp,4,4,25.967000,18.851000,-7.116000,c12 TAO
1186,CSW24_hsp,5,3,25.967000,18.728000,-7.239000,c12 OAT
1186,CSW24_hsp,6,9,23.734000,18.703000,-5.031000,e11 AA
1186,CSW24_hsp,7,11,23.259000,18.303000,-4.956000,11d TAO
1186,CSW24_hsp,8,16,22.282000,17.353000,-4.929000,e11 AT
1186,CSW24_hsp,9,10,23.651000,16.696000,-6.955000,10f TOEA
1186,CSW24_hsp,10,19,21.685000,16.469000,-5.216000,e11 EAT
1186,CSW24_hsp,11,13,22.734000,16.408000,-6.326000,10f AA
1186,CSW24_hsp,12,20,21.685000,16.250000,-5.435000,e11 ETA
1186,CSW24_hsp,13,8,23.967000,16.121000,-7.846000,9h OAT
1186,CSW24_hsp,14,15,22.282000,15.957000,-6.325000,a6 TAJ
1186,CSW24_hsp,15,6,23.967000,15.885000,-8.082000,7h OAT
1186,CSW24_hsp,16,18,21.685000,15.817000,-5.868000,e11 ATE
1186,CSW24_hsp,17,23,20.873000,15.703000,-5.170000,10d OOT
1186,CSW24_hsp,18,7,23.967000,15.328000,-8.639000,7h TAO
1186,CSW24_hsp,19,12,22.967000,15.305000,-7.662000,e12 TAO
1186,CSW24_hsp,20,21,21.282000,15.112000,-6.170000,10f AT
1186,CSW24_hsp,21,17,21.967000,14.270000,-7.697000,12b TOEA
1186,CSW24_hsp,22,24,20.259000,14.061000,-6.198000,11b OAT
1186,CSW24_hsp,23,25,19.734000,13.921000,-5.813000,c11 AA
1186,CSW24_hsp,24,35,19.282000,13.904000,-5.378000,c9 UTA
1186,CSW24_hsp,25,31,19.685000,13.826000,-5.859000,c11 EAT
26,CSW24_hsp,1,1,34.098000,30.431000,-3.667000,6j QAT
26,CSW24_hsp,2,2,29.362000,25.700000,-3.662000,6j QADI
26,CSW24_hsp,3,3,29.362000,25.681000,-3.681000,6j QAID
26,CSW24_hsp,4,4,22.541000,18.173000,-4.368000,11a DITTO
26,CSW24_hsp,5,5,15.229000,10.899000,-4.330000,l1 QI
26,CSW24_hsp,6,6,12.913000,8.143000,-4.770000,h1 DORK
26,CSW24_hsp,7,7,11.740000,6.805000,-4.935000,k11 DORT
26,CSW24_hsp,8,9,10.740000,5.755000,-4.985000,d4 TRODDEN
26,CSW24_hsp,9,10,9.824000,5.099000,-4.725000,h1 DIRK
26,CSW24_hsp,10,11,9.345000,4.677000,-4.668000,l1 DITZ
26,CSW24_hsp,11,13,9.229000,4.565000,-4.664000,j1 QI
26,CSW24_hsp,12,14,9.193000,4.555000,-4.638000,k11 DOT
26,CSW24_hsp,13,12,9.302000,4.438000,-4.864000,11a DITT
26,CSW24_hsp,14,15,9.018000,4.315000,-4.703000,11a RITT
26,CSW24_hsp,15,19,8.229000,3.761000,-4.468000,5g QI
26,CSW24_hsp,16,16,8.794000,3.753000,-5.041000,k11 TORT
26,CSW24_hsp,17,8,11.541000,3.512000,-8.029000,k11 DITTO
26,CSW24_hsp,18,18,8.246000,3.418000,-4.828000,k11 DOIT
26,CSW24_hsp,19,20,8.193000,3.235000,-4.958000,11a TOD
26,CSW24_hsp,20,21,7.921000,3.128000,-4.793000,k11 DIRT
26,CSW24_hsp,21,22,7.838000,3.099000,-4.739000,5j RIOT
26,CSW24_hsp,22,17,8.541000,2.897000,-5.644000,5d DITTO
26,CSW24_hsp,23,24,7.440000,2.725000,-4.715000,11a ROTI
26,CSW24_hsp,24,29,7.193000,2.557000,-4.636000,k11 TOD
26,CSW24_hsp,25,23,7.609000,2.343000,-5.266000,11i DETORT
274,CSW24_hsp,1,1,28.086000,20.398000,-7.688000,e5 MURINE
274,CSW24_hsp,2,5,22.596000,17.525000,-5.071000,5c NOME
274,CSW24_hsp,3,2,24.778000,16.138000,-8.640000,5g MOONER
274,CSW24_hsp,4,7,21.343000,14.876000,-6.467000,e3 GENU
274,CSW24_hsp,5,6,21.646000,13.999000,-7.647000,e5 OURIER
274,CSW24_hsp,6,11,20.596000,13.932000,-6.664000,7c MANE
274,CSW24_hsp,7,12,20.362000,13.327000,-7.035000,e5 OURIE
274,CSW24_hsp,8,26,18.540000,12.756000,-5.784000,5c OOM
274,CSW24_hsp,9,19,19.596000,12.036000,-7.560000,c3 DEMON
274,CSW24_hsp,10,8,20.878000,11.942000,-8.936000,5g ROMEO
274,CSW24_hsp,11,15,20.086000,11.908000,-8.178000,5g MORNE
274,CSW24_hsp,12,14,20.086000,11.810000,-8.276000,5g MONER
274,CSW24_hsp,13,17,19.839000,11.525000,-8.314000,5g MORON
274,CSW24_hsp,14,18,19.780000,11.004000,-8.776000,5g MOREEN
274,CSW24_hsp,15,13,20.119000,10.869000,-9.250000,5g ROOMER
274,CSW24_hsp,16,20,19.380000,10.851000,-8.529000,9f MEER
274,CSW24_hsp,17,38,16.540000,10.625000,-5.915000,5c MOO
274,CSW24_hsp,18,39,16.393000,10.248000,-6.145000,e5 MUNI
274,CSW24_hsp,19,23,18.697000,10.184000,-8.513000,4b REF
274,CSW24_hsp,20,24,18.697000,10.120000,-8.577000,9f REE
274,CSW24_hsp,21,30,17.380000,9.874000,-7.506000,f2 MOREL
274,CSW24_hsp,22,44,16.140000,8.807000,-7.333000,4d FOR
274,CSW24_hsp,23,76,14.343000,8.696000,-5.647000,5d ONE
274,CSW24_hsp,24,29,17.692000,8.679000,-9.013000,5g RONEO
274,CSW24_hsp,25,69,14.393000,8.582000,-5.811000,5c NOM
749,CSW24_hsp,1,2,26.313000,21.759000,-4.554000,a12 VAIR
749,CSW24_hsp,2,4,24.200000,18.191000,-6.009000,1c AMIA
749,CSW24_hsp,3,5,24.079000,17.779000,-6.300000,1c ARIA
749,CSW24_hsp,4,6,23.360000,17.113000,-6.247000,1c AMI
749,CSW24_hsp,5,3,24.313000,16.650000,-7.663000,13b RIA
749,CSW24_hsp,6,1,26.345000,16.389000,-9.956000,b10 MAURI
749,CSW24_hsp,7,7,20.313000,13.159000,-7.154000,f8 LAIR
749,CSW24_hsp,8,10,19.312000,13.014000,-6.298000,1a AMIR
749,CSW24_hsp,9,8,19.313000,12.705000,-6.608000,1d RAI
749,CSW24_hsp,10,9,19.313000,12.705000,-6.608000,1d RIA
749,CSW24_hsp,11,11,19.312000,11.962000,-7.350000,13b RIM
749,CSW24_hsp,12,17,13.999000,9.289000,-4.710000,a12 VARA
749,CSW24_hsp,13,12,16.313000,8.196000,-8.117000,7b AIRN
749,CSW24_hsp,14,13,15.882000,7.928000,-7.954000,n1 ORARIA
749,CSW24_hsp,15,14,15.313000,7.890000,-7.423000,c10 RAGI
749,CSW24_hsp,16,21,12.847000,6.646000,-6.201000,1c AMA
749,CSW24_hsp,17,24,12.671000,6.235000,-6.436000,1a ARAR
749,CSW24_hsp,18,18,13.321000,6.128000,-7.193000,4a WAI
749,CSW24_hsp,19,25,12.522000,5.927000,-6.595000,1c AR
749,CSW24_hsp,20,31,12.313000,5.269000,-7.044000,10c RAGI
749,CSW24_hsp,21,33,12.313000,5.140000,-7.173000,10e GARI
749,CSW24_hsp,22,32,12.313000,5.131000,-7.182000,10e GAIR
749,CSW24_hsp,23,15,15.313000,5.106000,-10.207000,c12 GAIR
749,CSW24_hsp,24,16,15.313000,5.019000,-10.294000,c12 GARI
749,CSW24_hsp,25,30,12.313000,4.777000,-7.536000,a10 RIVA
50,CSW24_hsp,1,1,69.176000,64.506000,-4.670000,15g LUZ
50,CSW24_hsp,2,2,69.066000,62.895000,-6.171000,13g ZIN
50,CSW24_hsp,3,3,64.945000,60.072000,-4.873000,5d QUIZ
50,CSW24_hsp,4,4,63.495000,58.797000,-4.698000,15g RIZ
50,CSW24_hsp,5,5,62.782000,57.777000,-5.005000,b10 ZeL
50,CSW24_hsp,6,6,62.782000,57.777000,-5.005000,b10 ZoL
50,CSW24_hsp,7,7,60.554000,54.348000,-6.206000,2d CUZ
50,CSW24_hsp,8,9,58.495000,52.361000,-6.134000,10a IZAR
50,CSW24_hsp,9,8,59.176000,52.149000,-7.027000,5h LUZ
50,CSW24_hsp,10,10,56.663000,51.399000,-5.264000,b10 Za
50,CSW24_hsp,11,12,56.663000,51.363000,-5.300000,b10 Zo
50,CSW24_hsp,12,11,56.663000,51.318000,-5.345000,b10 Ze
50,CSW24_hsp,13,13,56.481000,50.542000,-5.939000,10b ZA
50,CSW24_hsp,14,14,55.835000,49.226000,-6.609000,l8 DURZI
50,CSW24_hsp,15,16,54.854000,48.887000,-5.967000,5d QUIN
50,CSW24_hsp,16,15,55.095000,48.815000,-6.280000,d10 LUN
50,CSW24_hsp,17,20,52.512000,47.648000,-4.864000,5j ZULu
50,CSW24_hsp,18,19,52.533000,46.690000,-5.843000,e11 ZILA
50,CSW24_hsp,19,26,51.512000,46.648000,-4.864000,5j ZuLU
50,CSW24_hsp,20,18,52.607000,46.336000,-6.271000,d10 RUN
50,CSW24_hsp,21,17,53.495000,46.273000,-7.222000,5h RIZ
50,CSW24_hsp,22,21,52.253000,46.259000,-5.994000,12b RIZ
50,CSW24_hsp,23,22,52.253000,46.146000,-6.107000,d13 REZ
50,CSW24_hsp,24,23,51.754000,46.095000,-5.659000,5d QIN
50,CSW24_hsp,25,24,51.576000,45.976000,-5.600000,15g NURL
1059,CSW24_hsp,1,1,34.470000,26.951000,-7.519000,o12 VIDE
1059,CSW24_hsp,2,2,34.021000,26.557000,-7.464000,o11 EVADE
1059,CSW24_hsp,3,3,32.986000,25.487000,-7.499000,o12 VADE
1059,CSW24_hsp,4,5,25.478000,17.598000,-7.880000,o12 PEDI
1059,CSW24_hsp,5,4,27.042000,14.588000,-12.454000,k2 VEGIE
1059,CSW24_hsp,6,8,21.772000,13.939000,-7.833000,o12 PADI
1059,CSW24_hsp,7,6,24.583000,12.306000,-12.277000,k2 VEGA
1059,CSW24_hsp,8,7,23.406000,11.142000,-12.264000,k2 VEEP
1059,CSW24_hsp,9,30,17.257000,9.091000,-8.166000,o12 GADE
1059,CSW24_hsp,10,31,17.053000,8.947000,-8.106000,o12 GADI
1059,CSW24_hsp,11,10,21.042000,8.593000,-12.449000,j6 VEGGIE
1059,CSW24_hsp,12,9,21.301000,8.252000,-13.049000,m10 VAGILE
1059,CSW24_hsp,13,12,20.294000,8.119000,-12.175000,4j GIVE
1059,CSW24_hsp,14,11,20.294000,7.888000,-12.406000,2j GIVE
1059,CSW24_hsp,15,16,19.428000,7.678000,-11.750000,b10 PE
1059,CSW24_hsp,16,13,19.974000,7.206000,-12.768000,k2 PEAG
1059,CSW24_hsp,17,18,19.206000,7.037000,-12.169000,4j PAVE
1059,CSW24_hsp,18,17,19.294000,6.965000,-12.329000,j10 VEGIER
1059,CSW24_hsp,19,14,19.515000,6.946000,-12.569000,m8 EPIGEAL
1059,CSW24_hsp,20,22,18.470000,6.771000,-11.699000,c10 VIVE
1059,CSW24_hsp,21,15,19.473000,6.586000,-12.887000,l11 GEEZ
1059,CSW24_hsp,22,24,18.087000,6.417000,-11.670000,b10 PI
1059,CSW24_hsp,23,21,18.583000,6.347000,-12.236000,4j GAVE
1059,CSW24_hsp,24,20,18.583000,6.241000,-12.342000,2j GAVE
1059,CSW24_hsp,25,23,18.406000,5.999000,-12.407000,14a VEEP
453,CSW24_hsp,1,1,43.885000,35.281000,-8.604000,10g FLAXY
453,CSW24_hsp,2,2,39.208000,30.780000,-8.428000,10g FLIX
453,CSW24_hsp,3,5,37.048000,29.238000,-7.810000,15d FAY
453,CSW24_hsp,4,4,37.208000,28.972000,-8.236000,i9 FIX
453,CSW24_hsp,5,6,36.576000,28.947000,-7.629000,15c DIXY
453,CSW24_hsp,6,9,35.293000,28.729000,-6.564000,a9 FAIX
453,CSW24_hsp,7,7,36.419000,28.651000,-7.768000,15c FADY
453,CSW24_hsp,8,3,37.252000,28.215000,-9.037000,3h LADIFY
453,CSW24_hsp,9,8,35.756000,27.201000,-8.555000,10g FLAX
453,CSW24_hsp,10,10,34.422000,26.328000,-8.094000,15e FY
453,CSW24_hsp,11,11,33.756000,25.647000,-8.109000,i9 FAX
453,CSW24_hsp,12,15,32.419000,25.589000,-6.830000,a9 FADY
453,CSW24_hsp,13,12,33.341000,25.292000,-8.049000,15d DAY
453,CSW24_hsp,14,13,32.885000,24.139000,-8.746000,3g FLAXY
453,CSW24_hsp,15,14,32.576000,23.514000,-9.062000,a10 DIXY
453,CSW24_hsp,16,17,29.892000,21.620000,-8.272000,d1 FAIR
453,CSW24_hsp,17,16,30.048000,21.510000,-8.538000,i9 FAY
453,CSW24_hsp,18,19,29.422000,20.995000,-8.427000,3g FLY
453,CSW24_hsp,19,18,29.496000,20.746000,-8.750000,11h OXID
453,CSW24_hsp,20,24,27.953000,20.225000,-7.728000,15d XIS
453,CSW24_hsp,21,20,28.730000,19.971000,-8.759000,6h RAX
453,CSW24_hsp,22,21,28.730000,19.961000,-8.769000,10h LAX
453,CSW24_hsp,23,29,27.204000,19.535000,-7.669000,15c AXIS
453,CSW24_hsp,24,22,28.208000,19.525000,-8.683000,3g FLIX
453,CSW24_hsp,25,30,26.876000,19.475000,-7.401000,15e XYSTI
10,CSW24_hsp,1,1,22.904000,16.185000,-6.719000,15c THORON
10,CSW24_hsp,2,2,22.575000,14.286000,-8.289000,f7 REFOOT
10,CSW24_hsp,3,6,17.579000,10.862000,-6.717000,15d HONOR
10,CSW24_hsp,4,3,18.760000,8.448000,-10.312000,f6 FOEN
10,CSW24_hsp,5,5,18.005000,7.252000,-10.753000,f5 OFTEN
10,CSW24_hsp,6,7,17.511000,7.030000,-10.481000,f4 NORTENO
10,CSW24_hsp,7,4,18.575000,6.208000,-12.367000,13c REDFOOT
10,CSW24_hsp,8,15,12.311000,5.299000,-7.012000,15a ORTHO
10,CSW24_hsp,9,9,14.229000,4.061000,-10.168000,7f NOON
10,CSW24_hsp,10,10,14.090000,3.715000,-10.375000,7f ROOF
10,CSW24_hsp,11,8,16.869000,3.509000,-13.360000,g7 FRONTON
10,CSW24_hsp,12,18,11.760000,3.130000,-8.630000,15b FOHN
10,CSW24_hsp,13,16,11.927000,3.069000,-8.858000,f10 OON
10,CSW24_hsp,14,14,12.509000,2.840000,-9.669000,7f FOOT
10,CSW24_hsp,15,13,12.706000,2.686000,-10.020000,7f TOON
10,CSW24_hsp,16,12,12.800000,1.647000,-11.153000,g7 FRORN
10,CSW24_hsp,17,26,10.448000,1.469000,-8.979000,f7 RENO
10,CSW24_hsp,18,11,13.005000,1.276000,-11.729000,g7 FRONT
10,CSW24_hsp,19,19,11.327000,0.358000,-10.969000,f5 OFTER
10,CSW24_hsp,20,25,10.579000,0.053000,-10.526000,7f ROON
10,CSW24_hsp,21,30,8.780000,-0.150000,-8.930000,7f FOO
10,CSW24_hsp,22,22,10.706000,-0.206000,-10.912000,7g OONT
10,CSW24_hsp,23,21,10.760000,-0.787000,-11.547000,f5 FONE
10,CSW24_hsp,24,36,8.316000,-1.112000,-9.428000,f7 NEF
10,CSW24_hsp,25,32,8.759000,-1.320000,-10.079000,d9 OF
825,CSW24_hsp,1,1,30.694000,24.755000,-5.939000,m3 NITID
825,CSW24_hsp,2,2,27.524000,21.553000,-5.971000,m3 TINED
825,CSW24_hsp,3,4,24.462000,16.769000,-7.693000,m3 TIN
825,CSW24_hsp,4,3,24.462000,16.757000,-7.705000,m3 NIT
825,CSW24_hsp,5,5,23.598000,15.922000,-7.676000,m3 TIND
825,CSW24_hsp,6,6,23.517000,15.907000,-7.610000,9g TID
825,CSW24_hsp,7,8,22.038000,14.791000,-7.247000,9g TIDE
825,CSW24_hsp,8,7,22.672000,14.584000,-8.088000,j2 VILD
825,CSW24_hsp,9,10,21.325000,13.850000,-7.475000,k11 ID
825,CSW24_hsp,10,14,20.598000,13.092000,-7.506000,9g TIND
825,CSW24_hsp,11,9,21.381000,12.972000,-8.409000,14b LI
825,CSW24_hsp,12,15,20.462000,12.638000,-7.824000,9g TIN
825,CSW24_hsp,13,11,20.610000,12.626000,-7.984000,m3 TI
825,CSW24_hsp,14,17,20.325000,12.539000,-7.786000,9i DI
825,CSW24_hsp,15,19,20.227000,12.407000,-7.820000,m3 TINE
825,CSW24_hsp,16,18,20.227000,12.393000,-7.834000,m3 NITE
825,CSW24_hsp,17,12,20.610000,12.388000,-8.222000,m4 IT
825,CSW24_hsp,18,16,20.325000,12.306000,-8.019000,9h ID
825,CSW24_hsp,19,24,19.610000,12.039000,-7.571000,k11 IT
825,CSW24_hsp,20,22,19.610000,11.981000,-7.629000,d3 IT
825,CSW24_hsp,21,27,19.227000,11.966000,-7.261000,d2 TENIAS
825,CSW24_hsp,22,28,19.227000,11.951000,-7.276000,d2 TINEAS
825,CSW24_hsp,23,21,19.782000,11.670000,-8.112000,d2 LIT
825,CSW24_hsp,24,29,19.032000,11.556000,-7.476000,1e ELDIN
825,CSW24_hsp,25,23,19.610000,11.547000,-8.063000,9g TI
239,CSW24_hsp,1,1,24.450000,21.236000,-3.214000,a1 OBVERT
239,CSW24_hsp,2,2,23.317000,20.059000,-3.258000,a1 BEVOR
239,CSW24_hsp,3,3,17.867000,13.879000,-3.988000,9f OB
239,CSW24_hsp,4,4,15.123000,11.692000,-3.431000,a1 BITER
239,CSW24_hsp,5,5,14.867000,11.481000,-3.386000,b9 OB
239,CSW24_hsp,6,6,14.656000,11.293000,-3.363000,a1 VOTER
239,CSW24_hsp,7,8,13.580000,10.012000,-3.568000,9d TOIT
239,CSW24_hsp,8,9,13.390000,9.431000,-3.959000,f8 DIV
239,CSW24_hsp,9,7,13.724000,8.806000,-4.918000,n1 RIVO
239,CSW24_hsp,10,11,11.716000,8.027000,-3.689000,2f VIE
239,CSW24_hsp,11,10,12.345000,7.888000,-4.457000,2f BIO
239,CSW24_hsp,12,12,11.345000,7.417000,-3.928000,3l OBI
239,CSW24_hsp,13,13,10.974000,7.328000,-3.646000,3l OBIT
239,CSW24_hsp,14,16,10.345000,6.328000,-4.017000,b7 BOI
239,CSW24_hsp,15,15,10.345000,6.318000,-4.027000,b7 BIO
239,CSW24_hsp,16,18,9.403000,5.585000,-3.818000,2e VIBE
239,CSW24_hsp,17,14,10.603000,5.499000,-5.104000,n1 RIVET
239,CSW24_hsp,18,19,8.867000,5.099000,-3.768000,10d HOB
239,CSW24_hsp,19,17,9.716000,4.776000,-4.940000,n1 RIVE
239,CSW24_hsp,20,20,8.533000,4.729000,-3.804000,10d HOVE
239,CSW24_hsp,21,21,8.431000,4.297000,-4.134000,f8 DIB
239,CSW24_hsp,22,22,8.263000,4.285000,-3.978000,9f IT
239,CSW24_hsp,23,24,6.867000,2.672000,-4.195000,6d HOB
239,CSW24_hsp,24,25,6.724000,2.134000,-4.590000,l4 RIVO
239,CSW24_hsp,25,26,6.446000,2.107000,-4.339000,a2 VITRO
1018,CSW24_hsp,1,1,33.279000,22.697000,-10.582000,h11 VENEY
1018,CSW24_hsp,2,2,31.981000,21.019000,-10.962000,h10 AVENGE
1018,CSW24_hsp,3,3,30.508000,20.144000,-10.364000,h11 VEGAN
1018,CSW24_hsp,4,5,30.119000,19.767000,-10.352000,m3 GAYETY
1018,CSW24_hsp,5,7,26.514000,19.657000,-6.857000,9h YET
1018,CSW24_hsp,6,6,27.102000,19.616000,-7.486000,10d YAGE
1018,CSW24_hsp,7,4,30.138000,19.511000,-10.627000,h11 VENGE
1018,CSW24_hsp,8,8,25.418000,19.002000,-6.416000,9h YETT
1018,CSW24_hsp,9,9,25.102000,16.233000,-8.869000,12k YAGE
1018,CSW24_hsp,10,10,23.576000,15.473000,-8.103000,9f GEY
1018,CSW24_hsp,11,11,23.514000,15.265000,-8.249000,l6 YEZ
1018,CSW24_hsp,12,12,23.514000,15.057000,-8.457000,12k YE
1018,CSW24_hsp,13,19,22.051000,14.844000,-7.207000,10d YAG
1018,CSW24_hsp,14,16,22.161000,14.445000,-7.716000,9g YEET
1018,CSW24_hsp,15,13,22.514000,14.234000,-8.280000,7g YE
1018,CSW24_hsp,16,15,22.340000,14.128000,-8.212000,9l EAT
1018,CSW24_hsp,17,17,22.119000,13.811000,-8.308000,f9 GAIETY
1018,CSW24_hsp,18,18,22.102000,13.731000,-8.371000,10b YAGE
1018,CSW24_hsp,19,14,22.514000,13.563000,-8.951000,9g YE
1018,CSW24_hsp,20,20,21.418000,13.010000,-8.408000,12k YET
1018,CSW24_hsp,21,27,21.051000,12.875000,-8.176000,12k YAG
1018,CSW24_hsp,22,29,20.528000,12.781000,-7.747000,10e AGE
1018,CSW24_hsp,23,30,20.432000,12.745000,-7.687000,10c ETAGE
1018,CSW24_hsp,24,32,20.236000,12.499000,-7.737000,10i YE
1018,CSW24_hsp,25,22,21.382000,12.222000,-9.160000,12k YEET
758,CSW24_hsp,1,1,26.541000,9.845000,-16.696000,15a LAVABO
758,CSW24_hsp,2,3,22.235000,6.430000,-15.805000,15e BRAVO
758,CSW24_hsp,3,2,23.416000,5.409000,-18.007000,4c QAT
758,CSW24_hsp,4,4,21.102000,2.000000,-19.102000,k10 ORVAL
758,CSW24_hsp,5,5,20.523000,1.508000,-19.015000,8a OVALS
758,CSW24_hsp,6,9,18.360000,1.023000,-17.337000,f10 VALOR
758,CSW24_hsp,7,11,16.476000,0.665000,-15.811000,15e BRAVA
758,CSW24_hsp,8,6,19.235000,0.570000,-18.665000,8a ARVOS
758,CSW24_hsp,9,7,19.235000,0.079000,-19.156000,8a VOARS
758,CSW24_hsp,10,8,18.523000,-0.705000,-19.228000,k10 OVAL
758,CSW24_hsp,11,10,17.235000,-1.704000,-18.939000,k10 ARVO
758,CSW24_hsp,12,13,16.403000,-2.625000,-19.028000,k10 ARVAL
758,CSW24_hsp,13,12,16.403000,-2.699000,-19.102000,k10 ALVAR
758,CSW24_hsp,14,14,15.302000,-3.326000,-18.628000,8a LAVAS
758,CSW24_hsp,15,22,11.699000,-3.343000,-15.042000,1a VOL
758,CSW24_hsp,16,27,10.109000,-3.714000,-13.823000,h1 VERA
758,CSW24_hsp,17,17,13.476000,-4.434000,-17.910000,d10 VARIA
758,CSW24_hsp,18,26,11.150000,-4.462000,-15.612000,15d ABORAL
758,CSW24_hsp,19,16,13.476000,-5.636000,-19.112000,8a VARAS
758,CSW24_hsp,20,15,14.302000,-5.835000,-20.137000,12a AVALE
758,CSW24_hsp,21,18,13.302000,-5.945000,-19.247000,k10 AVAL
758,CSW24_hsp,22,23,11.699000,-6.195000,-17.894000,12b VOLE
758,CSW24_hsp,23,25,11.446000,-6.638000,-18.084000,12b VALE
758,CSW24_hsp,24,24,11.523000,-6.760000,-18.283000,4a LOVAT
758,CSW24_hsp,25,19,12.416000,-6.863000,-19.279000,9f QAT
499,CSW24_hsp,1,1,32.740000,20.829000,-11.911000,6f WHARF
499,CSW24_hsp,2,2,30.272000,19.632000,-10.640000,7c HALWA
499,CSW24_hsp,3,4,27.926000,19.204000,-8.722000,7e WHA
499,CSW24_hsp,4,3,29.189000,18.549000,-10.640000,7c HALFA
499,CSW24_hsp,5,5,26.977000,18.022000,-8.955000,h3 FAW
499,CSW24_hsp,6,7,25.926000,16.136000,-9.790000,h3 HAW
499,CSW24_hsp,7,16,23.755000,14.379000,-9.376000,7f WALI
499,CSW24_hsp,8,6,25.977000,14.375000,-11.602000,j1 FAW
499,CSW24_hsp,9,20,22.695000,13.524000,-9.171000,7f FA
499,CSW24_hsp,10,10,24.926000,13.292000,-11.634000,j1 HAW
499,CSW24_hsp,11,12,24.322000,12.947000,-11.375000,7d ALFA
499,CSW24_hsp,12,22,22.045000,12.892000,-9.153000,h3 FAH
499,CSW24_hsp,13,9,24.977000,12.846000,-12.131000,j3 FAW
499,CSW24_hsp,14,11,24.334000,12.557000,-11.777000,7f WALIE
499,CSW24_hsp,15,8,25.272000,11.928000,-13.344000,4g WALLAH
499,CSW24_hsp,16,29,20.844000,11.920000,-8.924000,h3 FEW
499,CSW24_hsp,17,24,21.647000,11.907000,-9.740000,7g AHI
499,CSW24_hsp,18,15,23.926000,11.739000,-12.187000,j3 HAW
499,CSW24_hsp,19,13,24.167000,11.724000,-12.443000,10b WAAH
499,CSW24_hsp,20,32,20.654000,11.613000,-9.041000,7e AWA
499,CSW24_hsp,21,23,21.647000,11.130000,-10.517000,7f HA
499,CSW24_hsp,22,14,23.929000,10.967000,-12.962000,6d LAWFARE
499,CSW24_hsp,23,18,22.926000,10.709000,-12.217000,5h WOAH
499,CSW24_hsp,24,21,22.267000,10.419000,-11.848000,7c FLAW
499,CSW24_hsp,25,42,18.334000,10.229000,-8.105000,h3 WALE
1141,CSW24_hsp,1,6,23.427000,19.207000,-4.220000,g6 CUVEE
1141,CSW24_hsp,2,8,22.787000,19.124000,-3.663000,7h PUY
1141,CSW24_hsp,3,7,23.402000,18.075000,-5.327000,k2 COURIE
1141,CSW24_hsp,4,10,22.181000,17.860000,-4.321000,g6 COVE
1141,CSW24_hsp,5,1,26.778000,17.823000,-8.955000,n2 TOUCHE
1141,CSW24_hsp,6,5,23.438000,17.748000,-5.690000,l4 OUNCE
1141,CSW24_hsp,7,15,21.086000,16.648000,-4.438000,k3 CUTIE
1141,CSW24_hsp,8,9,22.778000,16.342000,-6.436000,l3 ECONUT
1141,CSW24_hsp,9,4,24.402000,15.970000,-8.432000,n2 ROUCHE
1141,CSW24_hsp,10,3,24.854000,15.720000,-9.134000,n2 TOUCHER
1141,CSW24_hsp,11,27,19.405000,15.144000,-4.261000,5k OU
1141,CSW24_hsp,12,20,20.771000,15.110000,-5.661000,k3 OUTIE
1141,CSW24_hsp,13,2,24.854000,15.032000,-9.822000,n2 COUTHER
1141,CSW24_hsp,14,30,19.227000,15.004000,-4.223000,g8 VOE
1141,CSW24_hsp,15,26,19.510000,14.938000,-4.572000,g5 CRUVE
1141,CSW24_hsp,16,11,22.086000,14.843000,-7.243000,n2 TEUCH
1141,CSW24_hsp,17,28,19.405000,14.670000,-4.735000,7j YOU
1141,CSW24_hsp,18,13,21.839000,14.573000,-7.266000,n2 TOUCH
1141,CSW24_hsp,19,23,20.402000,14.521000,-5.881000,l4 OUNCER
1141,CSW24_hsp,20,19,20.854000,14.507000,-6.347000,l3 COUNTER
1141,CSW24_hsp,21,21,20.402000,14.362000,-6.040000,l3 ROUNCE
1141,CSW24_hsp,22,18,20.854000,14.346000,-6.508000,l3 CORNUTE
1141,CSW24_hsp,23,17,20.854000,14.318000,-6.536000,l2 TROUNCE
1141,CSW24_hsp,24,35,18.510000,14.315000,-4.195000,k3 CURIE
1141,CSW24_hsp,25,22,20.402000,14.307000,-6.095000,l4 CONURE
853,CSW24_hsp,1,2,66.000000,55.053000,-10.947000,i6 DANDLING
853,CSW24_hsp,2,3,65.000000,53.829000,-11.171000,i2 DANDLING
853,CSW24_hsp,3,1,67.000000,53.722000,-13.278000,j8 CLADDING
853,CSW24_hsp,4,4,65.000000,50.103000,-14.897000,g8 BLADDING
853,CSW24_hsp,5,5,25.940000,18.281000,-7.659000,l4 LADDY
853,CSW24_hsp,6,6,25.104000,16.044000,-9.060000,k8 HADDING
853,CSW24_hsp,7,9,22.177000,15.948000,-6.229000,9f DAD
853,CSW24_hsp,8,7,22.983000,15.833000,-7.150000,l4 GIDDY
853,CSW24_hsp,9,8,22.177000,15.689000,-6.488000,7f DAD
853,CSW24_hsp,10,21,19.728000,14.895000,-4.833000,9g AD
853,CSW24_hsp,11,10,21.836000,14.839000,-6.997000,l4 GLADY
853,CSW24_hsp,12,19,20.095000,14.786000,-5.309000,h8 ED
853,CSW24_hsp,13,20,19.728000,14.581000,-5.147000,7g AD
853,CSW24_hsp,14,18,20.095000,14.427000,-5.668000,h7 DE
853,CSW24_hsp,15,12,21.217000,14.048000,-7.169000,l4 DINGY
853,CSW24_hsp,16,23,19.282000,13.497000,-5.785000,9f LAD
853,CSW24_hsp,17,11,21.394000,13.453000,-7.941000,l3 DANGLY
853,CSW24_hsp,18,22,19.282000,13.211000,-6.071000,7f LAD
853,CSW24_hsp,19,13,21.159000,13.027000,-8.132000,l3 GIDDAY
853,CSW24_hsp,20,17,20.177000,12.965000,-7.212000,9l ADD
853,CSW24_hsp,21,30,17.728000,12.899000,-4.829000,9h DA
853,CSW24_hsp,22,27,17.728000,12.426000,-5.302000,7h DA
853,CSW24_hsp,23,16,20.177000,12.400000,-7.777000,7l ADD
853,CSW24_hsp,24,14,20.822000,12.075000,-8.747000,l2 DANDILY
853,CSW24_hsp,25,15,20.228000,11.852000,-8.376000,k8 HADING
91,CSW24_hsp,1,1,32.608000,23.228000,-9.380000,j10 FOUAT
91,CSW24_hsp,2,4,30.488000,22.654000,-7.834000,j9 UFO
91,CSW24_hsp,3,2,31.138000,21.628000,-9.510000,j10 FOUD
91,CSW24_hsp,4,3,30.510000,20.917000,-9.593000,j10 YUFT
91,CSW24_hsp,5,5,29.814000,20.841000,-8.973000,8a FOY
91,CSW24_hsp,6,6,29.516000,20.434000,-9.082000,8a FAY
91,CSW24_hsp,7,8,28.708000,19.166000,-9.542000,j10 FAUT
91,CSW24_hsp,8,9,28.488000,18.952000,-9.536000,j10 FOU
91,CSW24_hsp,9,7,29.227000,18.625000,-10.602000,8k GAUDY
91,CSW24_hsp,10,13,27.814000,18.331000,-9.483000,j10 FOY
91,CSW24_hsp,11,12,27.821000,18.269000,-9.552000,j10 FADY
91,CSW24_hsp,12,14,27.708000,18.001000,-9.707000,10c FAUT
91,CSW24_hsp,13,15,27.516000,17.994000,-9.522000,j10 FAY
91,CSW24_hsp,14,16,27.227000,17.582000,-9.645000,j10 YAUD
91,CSW24_hsp,15,17,27.028000,17.580000,-9.448000,j10 FUD
91,CSW24_hsp,16,11,27.876000,17.289000,-10.587000,8k GUYOT
91,CSW24_hsp,17,10,27.876000,17.285000,-10.591000,8k GOUTY
91,CSW24_hsp,18,22,25.141000,17.256000,-7.885000,j9 AYU
91,CSW24_hsp,19,19,25.539000,15.926000,-9.613000,j10 FADO
91,CSW24_hsp,20,18,25.539000,15.863000,-9.676000,10c FADO
91,CSW24_hsp,21,24,24.138000,15.806000,-8.332000,7c FOUD
91,CSW24_hsp,22,21,25.315000,15.716000,-9.599000,j10 YOU
91,CSW24_hsp,23,23,24.375000,14.736000,-9.639000,j10 YOD
91,CSW24_hsp,24,33,22.645000,14.479000,-8.166000,8a DOF
91,CSW24_hsp,25,30,23.028000,14.395000,-8.633000,8a FUD
980,CSW24_hsp,1,1,88.000000,80.788000,-7.212000,15e SIMARRE
980,CSW24_hsp,2,2,83.000000,72.840000,-10.160000,h8 LARMIERS
980,CSW24_hsp,3,3,73.000000,64.837000,-8.163000,6h SIMARRE
980,CSW24_hsp,4,4,72.000000,60.955000,-11.045000,11e DISARMER
980,CSW24_hsp,5,5,68.000000,54.850000,-13.150000,i8 SIMARRE
980,CSW24_hsp,6,6,62.000000,50.896000,-11.104000,m4 ARMERIAS
980,CSW24_hsp,7,7,46.933000,38.149000,-8.784000,15e RIMA
980,CSW24_hsp,8,9,44.362000,36.297000,-8.065000,15d SMIRR
980,CSW24_hsp,9,8,44.474000,35.725000,-8.749000,15e MIRE
980,CSW24_hsp,10,11,42.474000,33.817000,-8.657000,15e RIEM
980,CSW24_hsp,11,13,42.439000,33.782000,-8.657000,15e RIMAE
980,CSW24_hsp,12,12,42.474000,33.557000,-8.917000,15e RIME
980,CSW24_hsp,13,14,41.539000,32.704000,-8.835000,15e RIMER
980,CSW24_hsp,14,15,41.131000,32.540000,-8.591000,a1 REAK
980,CSW24_hsp,15,17,39.933000,30.872000,-9.061000,6d AMIR
980,CSW24_hsp,16,16,40.460000,30.567000,-9.893000,11a ER
980,CSW24_hsp,17,10,42.933000,29.751000,-13.182000,3l AMIR
980,CSW24_hsp,18,19,38.474000,29.629000,-8.845000,6e MIRE
980,CSW24_hsp,19,20,38.474000,29.629000,-8.845000,6e RIME
980,CSW24_hsp,20,23,37.989000,28.734000,-9.255000,6e RIM
980,CSW24_hsp,21,22,37.989000,28.504000,-9.485000,6e MIR
980,CSW24_hsp,22,25,37.474000,28.429000,-9.045000,6b FERMI
980,CSW24_hsp,23,31,36.778000,28.150000,-8.628000,15e SIMAR
980,CSW24_hsp,24,28,37.350000,28.063000,-9.287000,6e RAM
980,CSW24_hsp,25,27,37.350000,27.904000,-9.446000,6e MAR
1199,CSW24_hsp,1,1,11.914000,5.683000,-6.231000,6b FE
1199,CSW24_hsp,2,2,7.653000,1.421000,-6.232000,6b FA
1199,CSW24_hsp,3,6,4.776000,-1.291000,-6.067000,9a FEE
1199,CSW24_hsp,4,5,4.787000,-2.040000,-6.827000,6b OE
1199,CSW24_hsp,5,4,5.072000,-2.466000,-7.538000,6e TOPEE
1199,CSW24_hsp,6,3,6.762000,-2.957000,-9.719000,d12 ALEF
1199,CSW24_hsp,7,17,1.762000,-4.305000,-6.067000,9a FAE
1199,CSW24_hsp,8,12,2.742000,-4.828000,-7.570000,b6 OORIE
1199,CSW24_hsp,9,15,2.097000,-4.933000,-7.030000,9b EE
1199,CSW24_hsp,10,7,3.776000,-6.477000,-10.253000,d12 FLEE
1199,CSW24_hsp,11,19,0.854000,-6.521000,-7.375000,ex AEEFIO
1199,CSW24_hsp,12,20,0.762000,-6.531000,-7.293000,b5 AFORE
1199,CSW24_hsp,13,8,3.683000,-6.546000,-10.229000,d12 FLOE
1199,CSW24_hsp,14,9,3.464000,-6.950000,-10.414000,d12 ALOE
1199,CSW24_hsp,15,10,3.464000,-6.968000,-10.432000,d12 OLEA
1199,CSW24_hsp,16,11,3.407000,-7.031000,-10.438000,d12 ALEE
1199,CSW24_hsp,17,24,-0.213000,-7.234000,-7.021000,12c OE
1199,CSW24_hsp,18,16,2.055000,-7.323000,-9.378000,14d IOTA
1199,CSW24_hsp,19,22,0.000000,-7.375000,-7.375000,ex AEEEFIO
1199,CSW24_hsp,20,14,2.163000,-7.518000,-9.681000,d12 ALIF
1199,CSW24_hsp,21,23,-0.112000,-7.580000,-7.468000,6e TEPEE
1199,CSW24_hsp,22,27,-0.654000,-7.682000,-7.028000,9b AE
1199,CSW24_hsp,23,25,-0.378000,-7.753000,-7.375000,ex EEEFIO
1199,CSW24_hsp,24,26,-0.638000,-8.013000,-7.375000,ex EEFIO
1199,CSW24_hsp,25,28,-0.728000,-8.103000,-7.375000,ex AEEIO
956,CSW24_hsp,1,1,74.000000,65.720000,-8.280000,l1 SLUTTERY
956,CSW24_hsp,2,2,32.012000,26.859000,-5.153000,l4 TRULY
956,CSW24_hsp,3,3,30.438000,25.240000,-5.198000,m10 SLUT
956,CSW24_hsp,4,4,30.133000,25.192000,-4.941000,k5 TRUE
956,CSW24_hsp,5,5,30.096000,24.804000,-5.292000,l4 RUTTY
956,CSW24_hsp,6,6,29.110000,23.014000,-6.096000,l2 UTTERLY
956,CSW24_hsp,7,7,27.923000,23.006000,-4.917000,i10 ARET
956,CSW24_hsp,8,11,26.667000,22.181000,-4.486000,6i LATU
956,CSW24_hsp,9,10,26.694000,21.063000,-5.631000,m10 STURT
956,CSW24_hsp,10,9,26.694000,21.044000,-5.650000,m10 STRUT
956,CSW24_hsp,11,13,25.519000,20.923000,-4.596000,6i LA
956,CSW24_hsp,12,14,25.519000,20.664000,-4.855000,6j AL
956,CSW24_hsp,13,15,25.519000,20.446000,-5.073000,e10 LI
956,CSW24_hsp,14,16,25.133000,20.413000,-4.720000,k4 RUT
956,CSW24_hsp,15,17,25.023000,20.381000,-4.642000,k5 UT
956,CSW24_hsp,16,19,24.923000,19.992000,-4.931000,6j AT
956,CSW24_hsp,17,18,24.923000,19.826000,-5.097000,6i TA
956,CSW24_hsp,18,22,24.538000,19.787000,-4.751000,6j ALT
956,CSW24_hsp,19,20,24.923000,19.713000,-5.210000,e10 TI
956,CSW24_hsp,20,21,24.538000,19.605000,-4.933000,6i LAT
956,CSW24_hsp,21,23,24.457000,19.274000,-5.183000,k4 TUT
956,CSW24_hsp,22,24,23.519000,18.563000,-4.956000,ex L
956,CSW24_hsp,23,8,27.869000,18.095000,-9.774000,m10 SUTTLE
956,CSW24_hsp,24,25,23.438000,18.073000,-5.365000,l4 LUSTY
956,CSW24_hsp,25,28,22.923000,17.967000,-4.956000,ex T
1108,CSW24_hsp,1,1,74.000000,59.897000,-14.103000,14g PLUTOIDs
1108,CSW24_hsp,2,2,62.585000,53.046000,-9.539000,12c UTOPIA
1108,CSW24_hsp,3,3,61.105000,51.528000,-9.577000,8k PUTID
1108,CSW24_hsp,4,4,57.105000,48.758000,-8.347000,7c PUTID
1108,CSW24_hsp,5,5,56.423000,46.224000,-10.199000,8l UPDO
1108,CSW24_hsp,6,6,52.348000,43.684000,-8.664000,7e DUP
1108,CSW24_hsp,7,7,51.250000,42.848000,-8.402000,7e TUP
1108,CSW24_hsp,8,8,51.086000,42.111000,-8.975000,7e OUP
1108,CSW24_hsp,9,9,50.348000,41.697000,-8.651000,7e PUD
1108,CSW24_hsp,10,10,49.991000,41.312000,-8.679000,7e DIP
1108,CSW24_hsp,11,11,49.498000,40.587000,-8.911000,7f UP
1108,CSW24_hsp,12,12,48.584000,39.628000,-8.956000,7e DOP
1108,CSW24_hsp,13,14,47.924000,39.106000,-8.818000,7e OUD
1108,CSW24_hsp,14,20,47.059000,38.521000,-8.538000,7e TIP
1108,CSW24_hsp,15,18,47.250000,38.182000,-9.068000,7e PUT
1108,CSW24_hsp,16,13,48.423000,38.051000,-10.372000,12b UPDO
1108,CSW24_hsp,17,21,46.584000,37.759000,-8.825000,7e POD
1108,CSW24_hsp,18,17,47.423000,37.333000,-10.090000,10k DOUP
1108,CSW24_hsp,19,23,46.158000,37.309000,-8.849000,7e TOP
1108,CSW24_hsp,20,16,47.906000,37.184000,-10.722000,l8 UNIPOD
1108,CSW24_hsp,21,15,47.906000,36.905000,-11.001000,l4 DUPION
1108,CSW24_hsp,22,25,45.924000,36.883000,-9.041000,7e DUO
1108,CSW24_hsp,23,24,46.019000,36.746000,-9.273000,12f PIA
1108,CSW24_hsp,24,19,47.105000,36.719000,-10.386000,l7 PUNDIT
1108,CSW24_hsp,25,26,45.584000,36.582000,-9.002000,12d DOP
316,CSW24_hsp,1,1,76.000000,67.925000,-8.075000,13b ALIASED
316,CSW24_hsp,2,2,65.000000,55.237000,-9.763000,j7 ASSAILED
316,CSW24_hsp,3,3,63.000000,52.740000,-10.260000,j6 ASSAILED
316,CSW24_hsp,4,4,39.851000,33.003000,-6.848000,7e KA
316,CSW24_hsp,5,5,35.851000,28.258000,-7.593000,9d AT
316,CSW24_hsp,6,6,34.851000,27.307000,-7.544000,g7 AL
316,CSW24_hsp,7,8,34.851000,27.139000,-7.712000,g8 LA
316,CSW24_hsp,8,10,33.851000,26.932000,-6.919000,h7 AE
316,CSW24_hsp,9,12,33.851000,26.549000,-7.302000,h8 EA
316,CSW24_hsp,10,7,34.851000,26.481000,-8.370000,i7 AN
316,CSW24_hsp,11,9,34.851000,26.322000,-8.529000,i8 NA
316,CSW24_hsp,12,15,32.821000,26.108000,-6.713000,7d AKA
316,CSW24_hsp,13,13,33.594000,25.876000,-7.718000,f6 AIL
316,CSW24_hsp,14,11,33.851000,25.812000,-8.039000,j7 AS
316,CSW24_hsp,15,14,32.821000,25.095000,-7.726000,f6 AAL
316,CSW24_hsp,16,17,31.772000,24.943000,-6.829000,7c DIKA
316,CSW24_hsp,17,16,31.851000,24.832000,-7.019000,ex A
316,CSW24_hsp,18,25,29.821000,24.604000,-5.217000,7g AA
316,CSW24_hsp,19,24,29.949000,24.534000,-5.415000,7e KAED
316,CSW24_hsp,20,19,30.594000,24.400000,-6.194000,7h AI
316,CSW24_hsp,21,22,30.178000,24.100000,-6.078000,9g ALA
316,CSW24_hsp,22,28,29.821000,24.003000,-5.818000,9g AA
316,CSW24_hsp,23,26,29.821000,23.946000,-5.875000,7h AA
316,CSW24_hsp,24,18,31.040000,23.701000,-7.339000,f6 DAL
316,CSW24_hsp,25,29,29.821000,23.418000,-6.403000,9h AA
725,CSW24_hsp,1,1,22.394000,11.019000,-11.375000,8k ONION
725,CSW24_hsp,2,4,19.401000,9.653000,-9.748000,d10 DANIO
725,CSW24_hsp,3,2,20.394000,8.172000,-12.222000,l8 ONION
725,CSW24_hsp,4,3,20.077000,8.022000,-12.055000,l8 INION
725,CSW24_hsp,5,6,17.401000,7.461000,-9.940000,f6 NORI
725,CSW24_hsp,6,8,17.364000,6.989000,-10.375000,l9 NODI
725,CSW24_hsp,7,7,17.364000,6.411000,-10.953000,f4 NIDOR
725,CSW24_hsp,8,9,16.364000,6.147000,-10.217000,j4 DINO
725,CSW24_hsp,9,10,16.364000,4.516000,-11.848000,k5 INDOW
725,CSW24_hsp,10,11,15.364000,4.031000,-11.333000,10j NODI
725,CSW24_hsp,11,16,14.175000,3.736000,-10.439000,l9 NONI
725,CSW24_hsp,12,13,14.555000,3.083000,-11.472000,10j DOON
725,CSW24_hsp,13,5,17.683000,2.773000,-14.910000,7i ZONOID
725,CSW24_hsp,14,26,11.669000,1.993000,-9.676000,j6 IO
725,CSW24_hsp,15,14,14.401000,1.806000,-12.595000,l7 ION
725,CSW24_hsp,16,19,13.175000,1.786000,-11.389000,10j NONI
725,CSW24_hsp,17,24,12.356000,1.551000,-10.805000,7i ZOOID
725,CSW24_hsp,18,12,14.752000,1.277000,-13.475000,l5 IODIN
725,CSW24_hsp,19,22,12.752000,1.214000,-11.538000,f2 IODIN
725,CSW24_hsp,20,21,12.752000,1.147000,-11.605000,d2 IODIN
725,CSW24_hsp,21,33,11.014000,0.894000,-10.120000,j5 NOO
725,CSW24_hsp,22,34,11.014000,0.816000,-10.198000,j5 ONO
725,CSW24_hsp,23,18,13.364000,0.600000,-12.764000,l7 DINO
725,CSW24_hsp,24,17,14.077000,0.582000,-13.495000,l5 INION
725,CSW24_hsp,25,15,14.394000,0.522000,-13.872000,l5 ONION
333,CSW24_hsp,1,1,24.268000,19.227000,-5.041000,h1 BLITE
333,CSW24_hsp,2,2,24.177000,18.988000,-5.189000,h1 BELT
333,CSW24_hsp,3,3,24.177000,18.943000,-5.234000,h1 BLET
333,CSW24_hsp,4,4,23.294000,17.919000,-5.375000,g9 BE
333,CSW24_hsp,5,5,22.683000,17.833000,-4.850000,3b CELEB
333,CSW24_hsp,6,6,22.294000,17.473000,-4.821000,m10 BE
333,CSW24_hsp,7,11,20.517000,15.823000,-4.694000,k3 BICE
333,CSW24_hsp,8,10,20.590000,15.354000,-5.236000,h1 BENT
333,CSW24_hsp,9,14,19.997000,14.727000,-5.270000,h1 CENT
333,CSW24_hsp,10,15,19.294000,14.070000,-5.224000,14g BE
333,CSW24_hsp,11,7,21.013000,13.546000,-7.467000,14b BEIN
333,CSW24_hsp,12,8,21.013000,13.260000,-7.753000,14b BIEN
333,CSW24_hsp,13,18,18.405000,13.252000,-5.153000,h1 BLIT
333,CSW24_hsp,14,16,18.526000,13.202000,-5.324000,h1 BEET
333,CSW24_hsp,15,24,18.177000,13.182000,-4.995000,k3 BILE
333,CSW24_hsp,16,19,18.227000,13.004000,-5.223000,h1 CELT
333,CSW24_hsp,17,22,18.177000,12.798000,-5.379000,j2 BEAL
333,CSW24_hsp,18,23,18.177000,12.671000,-5.506000,j2 BLAE
333,CSW24_hsp,19,26,17.483000,12.447000,-5.036000,11k KAB
333,CSW24_hsp,20,31,17.177000,12.175000,-5.002000,k6 BLAE
333,CSW24_hsp,21,29,17.294000,12.058000,-5.236000,n11 BE
333,CSW24_hsp,22,28,17.294000,12.001000,-5.293000,k7 BAE
333,CSW24_hsp,23,27,17.294000,11.726000,-5.568000,e5 BE
333,CSW24_hsp,24,32,16.609000,11.541000,-5.068000,k1 BELIE
333,CSW24_hsp,25,20,18.210000,11.133000,-7.077000,14b CEIL
226,CSW24_hsp,1,1,94.000000,89.283000,-4.717000,k4 WORsTING
226,CSW24_hsp,2,4,94.000000,89.093000,-4.907000,k5 WORThING
226,CSW24_hsp,3,2,94.000000,88.718000,-5.282000,k4 WROoTING
226,CSW24_hsp,4,3,94.000000,88.717000,-5.283000,k4 WRoOTING
226,CSW24_hsp,5,5,85.000000,81.476000,-3.524000,10h ROWtING
226,CSW24_hsp,6,6,84.000000,81.107000,-2.893000,10h pOWRING
226,CSW24_hsp,7,10,82.000000,78.925000,-3.075000,10h WORsING
226,CSW24_hsp,8,8,82.000000,78.729000,-3.271000,10h WORkING
226,CSW24_hsp,9,9,82.000000,78.645000,-3.355000,10h WORmING
226,CSW24_hsp,10,7,82.000000,78.510000,-3.490000,10h WORdING
226,CSW24_hsp,11,11,81.000000,77.423000,-3.577000,10h ROWINGs
226,CSW24_hsp,12,13,78.000000,72.556000,-5.444000,l4 WOrRYING
226,CSW24_hsp,13,12,78.000000,72.539000,-5.461000,l4 WORrYING
226,CSW24_hsp,14,14,72.292000,67.291000,-5.001000,k5 ROWTING
226,CSW24_hsp,15,16,72.000000,66.828000,-5.172000,k7 sTROWING
226,CSW24_hsp,16,15,72.000000,66.759000,-5.241000,k2 INGROWTh
226,CSW24_hsp,17,19,68.377000,65.011000,-3.366000,7i WO
226,CSW24_hsp,18,18,72.000000,63.050000,-8.950000,k8 ThROWING
226,CSW24_hsp,19,17,72.000000,62.936000,-9.064000,k8 TOWeRING
226,CSW24_hsp,20,20,63.348000,59.594000,-3.754000,10h ROW
226,CSW24_hsp,21,22,59.745000,56.031000,-3.714000,10h GOWN
226,CSW24_hsp,22,21,60.377000,55.434000,-4.943000,10i OW
226,CSW24_hsp,23,23,59.292000,54.837000,-4.455000,10h ROWING
226,CSW24_hsp,24,24,58.377000,54.456000,-3.921000,10h WO
226,CSW24_hsp,25,25,56.229000,52.587000,-3.642000,10h WONGI
785,CSW24_hsp,1,1,47.024000,41.019000,-6.005000,j6 ZAIRE
785,CSW24_hsp,2,2,44.024000,38.745000,-5.279000,6h RAZEs
785,CSW24_hsp,3,3,43.061000,38.006000,-5.055000,h3 TZAR
785,CSW24_hsp,4,7,42.857000,37.650000,-5.207000,6j ZAs
785,CSW24_hsp,5,6,43.024000,37.139000,-5.885000,7f RAZE
785,CSW24_hsp,6,10,41.474000,36.983000,-4.491000,i5 HERTZ
785,CSW24_hsp,7,9,42.853000,36.919000,-5.934000,7f REZ
785,CSW24_hsp,8,8,42.857000,36.891000,-5.966000,6l sAZ
785,CSW24_hsp,9,5,43.061000,36.586000,-6.475000,i8 TZAR
785,CSW24_hsp,10,11,40.510000,35.792000,-4.718000,5i RAZURE
785,CSW24_hsp,11,4,43.061000,35.516000,-7.545000,7l IZAR
785,CSW24_hsp,12,12,39.024000,34.060000,-4.964000,5j AZURE
785,CSW24_hsp,13,17,37.857000,32.638000,-5.219000,7h ZA
785,CSW24_hsp,14,18,37.601000,32.413000,-5.188000,6h HAZEs
785,CSW24_hsp,15,14,38.199000,32.273000,-5.926000,6l sEZ
785,CSW24_hsp,16,16,38.022000,31.798000,-6.224000,j6 ZAIRES
785,CSW24_hsp,17,15,38.139000,31.641000,-6.498000,2c HER
785,CSW24_hsp,18,25,36.765000,31.528000,-5.237000,j7 RIZ
785,CSW24_hsp,19,19,37.199000,31.332000,-5.867000,e3 FEZ
785,CSW24_hsp,20,28,36.226000,31.240000,-4.986000,k7 HOARS
785,CSW24_hsp,21,23,36.797000,30.995000,-5.802000,9f RAH
785,CSW24_hsp,22,24,36.765000,30.975000,-5.790000,c2 RIZ
785,CSW24_hsp,23,22,36.797000,30.960000,-5.837000,k7 HOAR
785,CSW24_hsp,24,30,36.022000,30.953000,-5.069000,7f RAZES
785,CSW24_hsp,25,20,36.797000,30.795000,-6.002000,j6 HAIR
433,CSW24_hsp,1,1,23.723000,7.953000,-15.770000,5j OILERY
433,CSW24_hsp,2,9,13.636000,1.618000,-12.018000,8j OYER
433,CSW24_hsp,3,3,16.702000,1.504000,-15.198000,4k RILEY
433,CSW24_hsp,4,2,17.803000,0.809000,-16.994000,e8 JOEY
433,CSW24_hsp,5,16,13.087000,-0.043000,-13.130000,8j OI
433,CSW24_hsp,6,11,13.230000,-0.322000,-13.552000,o1 YO
433,CSW24_hsp,7,5,14.298000,-0.423000,-14.721000,l3 IOLITE
433,CSW24_hsp,8,13,13.087000,-0.572000,-13.659000,o1 IO
433,CSW24_hsp,9,14,13.087000,-0.572000,-13.659000,o1 OI
433,CSW24_hsp,10,4,14.871000,-1.485000,-16.356000,k7 AIRILY
433,CSW24_hsp,11,30,10.803000,-1.794000,-12.597000,8j OYE
433,CSW24_hsp,12,15,13.087000,-1.866000,-14.953000,5j OI
433,CSW24_hsp,13,12,13.230000,-1.911000,-15.141000,m3 OY
433,CSW24_hsp,14,8,13.820000,-1.968000,-15.788000,4j OILIER
433,CSW24_hsp,15,10,13.411000,-1.984000,-15.395000,5j OILER
433,CSW24_hsp,16,18,12.803000,-2.083000,-14.886000,m3 OYE
433,CSW24_hsp,17,34,10.315000,-2.557000,-12.872000,8j IRE
433,CSW24_hsp,18,6,14.103000,-2.577000,-16.680000,l7 TILERY
433,CSW24_hsp,19,36,10.230000,-2.696000,-12.926000,8j OY
433,CSW24_hsp,20,29,11.087000,-2.808000,-13.895000,8k IO
433,CSW24_hsp,21,7,14.087000,-2.942000,-17.029000,9d IO
433,CSW24_hsp,22,19,12.704000,-3.734000,-16.438000,k7 AIOLI
433,CSW24_hsp,23,17,13.036000,-3.977000,-17.013000,f8 ULYIE
433,CSW24_hsp,24,27,11.122000,-4.291000,-15.413000,j6 HOOLY
433,CSW24_hsp,25,23,11.951000,-4.312000,-16.263000,k7 AIERY
334,CSW24_hsp,1,2,65.000000,56.643000,-8.357000,f7 OEDIPEAN
334,CSW24_hsp,2,1,65.000000,55.936000,-9.064000,f3 OEDIPEAN
334,CSW24_hsp,3,4,63.000000,54.596000,-8.404000,h6 ANTIPODE
334,CSW24_hsp,4,3,64.000000,50.922000,-13.078000,g6 PALINODE
334,CSW24_hsp,5,5,26.683000,21.762000,-4.921000,9c PAEDO
334,CSW24_hsp,6,6,25.782000,20.947000,-4.835000,7e OPA
334,CSW24_hsp,7,7,23.782000,18.478000,-5.304000,7c POA
334,CSW24_hsp,8,10,22.775000,17.515000,-5.260000,9c PION
334,CSW24_hsp,9,9,22.775000,17.301000,-5.474000,7c PION
334,CSW24_hsp,10,11,22.000000,16.891000,-5.109000,7e OPE
334,CSW24_hsp,11,14,21.395000,16.282000,-5.113000,7e OP
334,CSW24_hsp,12,19,20.592000,15.488000,-5.104000,7c DIANE
334,CSW24_hsp,13,20,20.443000,14.990000,-5.453000,7c PIA
334,CSW24_hsp,14,21,20.280000,14.592000,-5.688000,7c PIAN
334,CSW24_hsp,15,30,19.125000,14.383000,-4.742000,9e ODA
334,CSW24_hsp,16,28,19.125000,14.262000,-4.863000,7e ODA
334,CSW24_hsp,17,36,18.831000,14.246000,-4.585000,7e ODEA
334,CSW24_hsp,18,8,22.853000,14.196000,-8.657000,e6 POWNIE
334,CSW24_hsp,19,26,19.401000,14.004000,-5.397000,7e APE
334,CSW24_hsp,20,13,21.622000,13.831000,-7.791000,d4 POINDED
334,CSW24_hsp,21,52,18.358000,13.632000,-4.726000,7f PAID
334,CSW24_hsp,22,46,18.528000,13.578000,-4.950000,9c PIED
334,CSW24_hsp,23,12,21.622000,13.493000,-8.129000,d2 POINDED
334,CSW24_hsp,24,53,18.280000,13.313000,-4.967000,7f PAIN
334,CSW24_hsp,25,45,18.528000,13.236000,-5.292000,7c PIED
458,CSW24_hsp,1,2,70.000000,56.415000,-13.585000,9h HIDABLE
458,CSW24_hsp,2,1,70.000000,56.211000,-13.789000,7h HIDABLE
458,CSW24_hsp,3,4,46.525000,39.783000,-6.742000,15l HIDE
458,CSW24_hsp,4,3,46.525000,39.744000,-6.781000,15l HEID
458,CSW24_hsp,5,5,46.525000,39.688000,-6.837000,15l HIED
458,CSW24_hsp,6,6,45.359000,38.744000,-6.615000,15l HILD
458,CSW24_hsp,7,8,44.104000,37.441000,-6.663000,15l HILA
458,CSW24_hsp,8,7,44.104000,37.378000,-6.726000,15l HAIL
458,CSW24_hsp,9,9,42.641000,35.873000,-6.768000,15l HADE
458,CSW24_hsp,10,11,42.641000,35.785000,-6.856000,15l HEAD
458,CSW24_hsp,11,10,42.641000,35.764000,-6.877000,15l HAED
458,CSW24_hsp,12,12,41.624000,34.977000,-6.647000,15l HELD
458,CSW24_hsp,13,13,41.617000,34.879000,-6.738000,15l HEIL
458,CSW24_hsp,14,14,38.692000,31.955000,-6.737000,15l HALE
458,CSW24_hsp,15,15,38.692000,31.897000,-6.795000,15l HEAL
458,CSW24_hsp,16,19,33.344000,26.412000,-6.932000,15l DIEB
458,CSW24_hsp,17,16,35.563000,26.217000,-9.346000,13j BHAI
458,CSW24_hsp,18,20,32.446000,25.595000,-6.851000,15l DAHL
458,CSW24_hsp,19,21,32.446000,25.557000,-6.889000,15l DHAL
458,CSW24_hsp,20,18,34.854000,22.751000,-12.103000,l8 HIDABLE
458,CSW24_hsp,21,22,32.394000,22.704000,-9.690000,13j HABLE
458,CSW24_hsp,22,17,35.082000,21.833000,-13.249000,13j HABILE
458,CSW24_hsp,23,27,28.623000,21.544000,-7.079000,15l ABID
458,CSW24_hsp,24,23,30.476000,21.405000,-9.071000,13b FRIZED
458,CSW24_hsp,25,25,30.364000,21.324000,-9.040000,15l HI
905,CSW24_hsp,1,1,56.044000,53.167000,-2.877000,13g QIN
905,CSW24_hsp,2,2,53.486000,50.562000,-2.924000,13g QI
905,CSW24_hsp,3,3,42.045000,39.414000,-2.631000,g13 Qi
905,CSW24_hsp,4,4,41.889000,38.486000,-3.403000,13f QAID
905,CSW24_hsp,5,5,40.889000,37.519000,-3.370000,13e QADI
905,CSW24_hsp,6,6,34.402000,30.779000,-3.623000,ex DNQ
905,CSW24_hsp,7,7,33.966000,30.343000,-3.623000,ex DLQ
905,CSW24_hsp,8,8,33.493000,29.870000,-3.623000,ex LQ
905,CSW24_hsp,9,9,33.448000,29.825000,-3.623000,ex DQ
905,CSW24_hsp,10,10,33.044000,29.421000,-3.623000,ex NQ
905,CSW24_hsp,11,11,32.647000,29.024000,-3.623000,ex CLQ
905,CSW24_hsp,12,12,32.615000,28.992000,-3.623000,ex LNQ
905,CSW24_hsp,13,13,32.486000,28.863000,-3.623000,ex Q
905,CSW24_hsp,14,14,32.462000,28.839000,-3.623000,ex DLNQ
905,CSW24_hsp,15,15,31.902000,28.279000,-3.623000,ex CQ
905,CSW24_hsp,16,16,31.713000,28.090000,-3.623000,ex CNQ
905,CSW24_hsp,17,17,31.212000,27.589000,-3.623000,ex CDNQ
905,CSW24_hsp,18,21,30.595000,27.572000,-3.023000,j7 BORDEL
905,CSW24_hsp,19,22,30.297000,27.540000,-2.757000,10j DA
905,CSW24_hsp,20,18,31.134000,27.511000,-3.623000,ex CDQ
905,CSW24_hsp,21,19,31.002000,27.379000,-3.623000,ex CDLQ
905,CSW24_hsp,22,20,30.887000,27.264000,-3.623000,ex CLNQ
905,CSW24_hsp,23,23,29.179000,25.658000,-3.521000,13e ALCID
905,CSW24_hsp,24,24,29.179000,25.556000,-3.623000,ex ADLNQ
905,CSW24_hsp,25,25,29.090000,25.467000,-3.623000,ex CDLNQ
337,CSW24_hsp,1,4,23.620000,17.675000,-5.945000,7f BARK
337,CSW24_hsp,2,1,27.683000,16.240000,-11.443000,2f KANTHA
337,CSW24_hsp,3,6,22.123000,16.210000,-5.913000,7f HARK
337,CSW24_hsp,4,2,25.625000,16.080000,-9.545000,2f BANDH
337,CSW24_hsp,5,5,22.620000,15.745000,-6.875000,4a KAB
337,CSW24_hsp,6,7,21.223000,15.234000,-5.989000,7f DARK
337,CSW24_hsp,7,3,24.118000,14.532000,-9.586000,2f BANAK
337,CSW24_hsp,8,8,20.281000,13.976000,-6.305000,6g TEAK
337,CSW24_hsp,9,10,19.940000,13.791000,-6.149000,7f BARD
337,CSW24_hsp,10,11,19.940000,13.756000,-6.184000,7f DARB
337,CSW24_hsp,11,16,19.281000,13.279000,-6.002000,7f KART
337,CSW24_hsp,12,9,20.223000,12.554000,-7.669000,4a DAK
337,CSW24_hsp,13,12,19.853000,12.330000,-7.523000,1c BHAKTI
337,CSW24_hsp,14,24,18.003000,11.967000,-6.036000,7f HARD
337,CSW24_hsp,15,19,18.940000,11.927000,-7.013000,4a DAB
337,CSW24_hsp,16,18,18.940000,11.270000,-7.670000,4a BAD
337,CSW24_hsp,17,22,18.281000,10.735000,-7.546000,4a KAT
337,CSW24_hsp,18,26,17.788000,10.619000,-7.169000,4a TAB
337,CSW24_hsp,19,23,18.281000,10.386000,-7.895000,4a TAK
337,CSW24_hsp,20,27,17.652000,10.319000,-7.333000,c3 THAW
337,CSW24_hsp,21,28,17.322000,10.228000,-7.094000,1d KHADI
337,CSW24_hsp,22,38,16.213000,10.192000,-6.021000,7f HART
337,CSW24_hsp,23,25,17.788000,10.038000,-7.750000,4a BAT
337,CSW24_hsp,24,20,18.411000,9.796000,-8.615000,e1 HATBOX
337,CSW24_hsp,25,14,19.617000,9.693000,-9.924000,2e THANK
13,CSW24_hsp,1,1,23.386000,15.491000,-7.895000,l3 UPWARD
13,CSW24_hsp,2,2,21.386000,13.362000,-8.024000,k7 UNWRAP
13,CSW24_hsp,3,3,19.447000,12.564000,-6.883000,l4 CUPID
13,CSW24_hsp,4,7,16.785000,12.095000,-4.690000,7h WAP
13,CSW24_hsp,5,6,16.785000,11.878000,-4.907000,7h PAW
13,CSW24_hsp,6,4,18.095000,10.192000,-7.903000,k4 PURANIC
13,CSW24_hsp,7,5,17.601000,9.221000,-8.380000,k7 INWRAP
13,CSW24_hsp,8,18,11.961000,6.872000,-5.089000,7f CAW
13,CSW24_hsp,9,19,11.945000,6.858000,-5.087000,7f CUP
13,CSW24_hsp,10,9,13.785000,6.512000,-7.273000,k5 PAWN
13,CSW24_hsp,11,13,12.735000,6.493000,-6.242000,7j WAIR
13,CSW24_hsp,12,12,12.785000,6.448000,-6.337000,7f PAW
13,CSW24_hsp,13,10,13.136000,6.362000,-6.774000,k4 PUCAN
13,CSW24_hsp,14,14,12.735000,6.240000,-6.495000,9j WAIR
13,CSW24_hsp,15,11,13.136000,6.216000,-6.920000,k7 UNCAP
13,CSW24_hsp,16,20,11.785000,5.691000,-6.094000,7f WAP
13,CSW24_hsp,17,22,11.723000,5.193000,-6.530000,7j WAI
13,CSW24_hsp,18,23,11.723000,5.174000,-6.549000,9j WAI
13,CSW24_hsp,19,21,11.738000,5.140000,-6.598000,l6 WUD
13,CSW24_hsp,20,15,12.716000,4.980000,-7.736000,k4 PRAWN
13,CSW24_hsp,21,28,10.760000,4.772000,-5.988000,7j PUIR
13,CSW24_hsp,22,17,12.013000,4.748000,-7.265000,j6 APERCU
13,CSW24_hsp,23,8,15.386000,4.705000,-10.681000,i6 PULWAR
13,CSW24_hsp,24,32,9.867000,4.628000,-5.239000,7h WAR
13,CSW24_hsp,25,31,9.867000,4.623000,-5.244000,7h RAW
38,CSW24_hsp,1,1,4.406000,-0.497000,-4.903000,c1 ICE
38,CSW24_hsp,2,9,-0.526000,-4.408000,-3.882000,d3 CIAO
38,CSW24_hsp,3,2,1.783000,-4.446000,-6.229000,ex IIOOQ
38,CSW24_hsp,4,5,0.513000,-5.159000,-5.672000,a7 ECO
38,CSW24_hsp,5,3,0.854000,-5.375000,-6.229000,ex CIIOOQ
38,CSW24_hsp,6,4,0.523000,-5.706000,-6.229000,ex IOOQ
38,CSW24_hsp,7,6,0.000000,-6.229000,-6.229000,ex CEIIOOQ
38,CSW24_hsp,8,10,-0.594000,-6.272000,-5.678000,a7 ICE
38,CSW24_hsp,9,7,-0.123000,-6.352000,-6.229000,ex EIIOOQ
38,CSW24_hsp,10,8,-0.157000,-6.386000,-6.229000,ex IIOQ
38,CSW24_hsp,11,11,-0.614000,-6.843000,-6.229000,ex EIOOQ
38,CSW24_hsp,12,12,-0.749000,-6.978000,-6.229000,ex EIIOQ
38,CSW24_hsp,13,16,-2.261000,-7.786000,-5.525000,a7 OI
38,CSW24_hsp,14,15,-2.261000,-7.967000,-5.706000,a7 IO
38,CSW24_hsp,15,13,-2.083000,-8.312000,-6.229000,ex CIOOQ
38,CSW24_hsp,16,14,-2.208000,-8.437000,-6.229000,ex CEIOOQ
38,CSW24_hsp,17,17,-2.355000,-8.584000,-6.229000,ex EIOQ
38,CSW24_hsp,18,18,-2.478000,-8.707000,-6.229000,ex CEIIOQ
38,CSW24_hsp,19,19,-2.820000,-9.049000,-6.229000,ex IOQ
38,CSW24_hsp,20,20,-3.129000,-9.358000,-6.229000,ex CIIOQ
38,CSW24_hsp,21,21,-3.880000,-9.760000,-5.880000,a7 OO
38,CSW24_hsp,22,23,-4.261000,-10.512000,-6.251000,c7 OI
38,CSW24_hsp,23,22,-4.261000,-10.702000,-6.441000,c7 IO
38,CSW24_hsp,24,25,-5.846000,-11.819000,-5.973000,7b DOCO
38,CSW24_hsp,25,29,-6.374000,-12.031000,-5.657000,a7 OE
1140,CSW24_hsp,1,1,56.133000,53.703000,-2.430000,12j ROKED
1140,CSW24_hsp,2,2,54.689000,52.187000,-2.502000,12j KORE
1140,CSW24_hsp,3,3,54.289000,51.707000,-2.582000,12j TOKER
1140,CSW24_hsp,4,4,54.264000,51.357000,-2.907000,4j DHIKR
1140,CSW24_hsp,5,5,52.086000,49.494000,-2.592000,12j ROKER
1140,CSW24_hsp,6,6,50.689000,47.891000,-2.798000,12j ROKE
1140,CSW24_hsp,7,7,49.176000,46.195000,-2.981000,12j DOTER
1140,CSW24_hsp,8,9,47.987000,45.571000,-2.416000,12j TOKED
1140,CSW24_hsp,9,8,48.176000,45.140000,-3.036000,12j ROTED
1140,CSW24_hsp,10,10,46.682000,43.059000,-3.623000,4j THIRD
1140,CSW24_hsp,11,11,46.682000,43.056000,-3.626000,4j THRID
1140,CSW24_hsp,12,12,45.541000,42.447000,-3.094000,12j DORE
1140,CSW24_hsp,13,15,44.541000,41.345000,-3.196000,12j RODE
1140,CSW24_hsp,14,13,44.655000,41.245000,-3.410000,3k BIRK
1140,CSW24_hsp,15,14,44.655000,41.183000,-3.472000,3k BRIK
1140,CSW24_hsp,16,16,44.176000,40.566000,-3.610000,e5 TRAD
1140,CSW24_hsp,17,18,43.280000,40.496000,-2.784000,12j TOKE
1140,CSW24_hsp,18,17,43.682000,39.619000,-4.063000,e4 TRIAD
1140,CSW24_hsp,19,19,43.176000,39.546000,-3.630000,e5 DRAT
1140,CSW24_hsp,20,20,42.655000,39.485000,-3.170000,e5 KRAI
1140,CSW24_hsp,21,22,42.576000,39.281000,-3.295000,12j TORE
1140,CSW24_hsp,22,21,42.576000,39.249000,-3.327000,12j ROTE
1140,CSW24_hsp,23,23,41.689000,38.100000,-3.589000,12m ERK
1140,CSW24_hsp,24,24,41.499000,37.023000,-4.476000,l1 KRaIT
1140,CSW24_hsp,25,25,41.264000,37.020000,-4.244000,h3 DIRKED
719,CSW24_hsp,1,3,25.078000,19.142000,-5.936000,6b CLAP
719,CSW24_hsp,2,2,25.078000,18.774000,-6.304000,6b CALP
719,CSW24_hsp,3,1,25.215000,18.391000,-6.824000,10b CALPA
719,CSW24_hsp,4,4,23.289000,17.113000,-6.176000,5f PALL
719,CSW24_hsp,5,5,23.159000,16.416000,-6.743000,10b PACTA
719,CSW24_hsp,6,6,22.147000,15.980000,-6.167000,e4 CANEH
719,CSW24_hsp,7,9,20.855000,14.991000,-5.864000,5f CALL
719,CSW24_hsp,8,7,21.159000,14.839000,-6.320000,l7 PATACA
719,CSW24_hsp,9,13,19.214000,13.612000,-5.602000,2k CARPI
719,CSW24_hsp,10,15,18.846000,13.191000,-5.655000,l1 PANEL
719,CSW24_hsp,11,16,18.604000,13.183000,-5.421000,k4 VAC
719,CSW24_hsp,12,17,18.289000,12.744000,-5.545000,l3 PELA
719,CSW24_hsp,13,14,19.214000,12.702000,-6.512000,10h CAP
719,CSW24_hsp,14,10,20.104000,12.474000,-7.630000,10h CAPTAN
719,CSW24_hsp,15,11,19.462000,12.403000,-7.059000,10b TALPA
719,CSW24_hsp,16,20,18.214000,12.385000,-5.829000,l1 CAPE
719,CSW24_hsp,17,18,18.289000,11.781000,-6.508000,10h ALP
719,CSW24_hsp,18,12,19.215000,11.647000,-7.568000,l8 ALPACA
719,CSW24_hsp,19,19,18.289000,11.556000,-6.733000,10h LAP
719,CSW24_hsp,20,22,18.078000,11.333000,-6.745000,10h CLAP
719,CSW24_hsp,21,25,17.289000,11.204000,-6.085000,6c LAP
719,CSW24_hsp,22,21,18.078000,11.188000,-6.890000,10h CALP
719,CSW24_hsp,23,30,16.624000,11.079000,-5.545000,l3 TEPA
719,CSW24_hsp,24,24,17.289000,11.002000,-6.287000,6c ALP
719,CSW24_hsp,25,26,17.086000,10.838000,-6.248000,5f TALL
852,CSW24_hsp,1,1,49.997000,46.267000,-3.730000,5j ROID
852,CSW24_hsp,2,2,48.916000,44.699000,-4.217000,14b OW
852,CSW24_hsp,3,5,48.262000,44.234000,-4.028000,14a ROW
852,CSW24_hsp,4,4,48.346000,44.089000,-4.257000,14a DOW
852,CSW24_hsp,5,3,48.799000,44.068000,-4.731000,5l IWI
852,CSW24_hsp,6,6,47.745000,43.776000,-3.969000,k3 INDOW
852,CSW24_hsp,7,10,45.289000,41.453000,-3.836000,k2 WINO
852,CSW24_hsp,8,11,45.072000,41.315000,-3.757000,5k OI
852,CSW24_hsp,9,12,44.916000,41.123000,-3.793000,5j WO
852,CSW24_hsp,10,13,44.634000,40.963000,-3.671000,k2 WIND
852,CSW24_hsp,11,9,45.346000,40.797000,-4.549000,l12 DROW
852,CSW24_hsp,12,14,43.916000,38.994000,-4.922000,14a WO
852,CSW24_hsp,13,16,43.592000,38.942000,-4.650000,11c WIFIE
852,CSW24_hsp,14,8,45.346000,38.695000,-6.651000,4a WORD
852,CSW24_hsp,15,15,43.694000,38.675000,-5.019000,l12 IRID
852,CSW24_hsp,16,17,41.799000,37.479000,-4.320000,d1 IWI
852,CSW24_hsp,17,7,45.799000,37.281000,-8.518000,14m IWI
852,CSW24_hsp,18,20,41.346000,37.212000,-4.134000,i2 WORD
852,CSW24_hsp,19,18,41.745000,36.547000,-5.198000,3c GODWIT
852,CSW24_hsp,20,21,41.279000,36.437000,-4.842000,l4 QI
852,CSW24_hsp,21,23,40.634000,36.310000,-4.324000,j3 WAID
852,CSW24_hsp,22,25,40.072000,35.814000,-4.258000,14b OI
852,CSW24_hsp,23,24,40.411000,35.546000,-4.865000,5l ID
852,CSW24_hsp,24,28,39.694000,35.514000,-4.180000,k4 NIDI
852,CSW24_hsp,25,31,39.592000,34.835000,-4.757000,9b WIT
976,CSW24_hsp,1,1,80.000000,70.496000,-9.504000,h8 AROINTED
976,CSW24_hsp,2,2,63.000000,51.478000,-11.522000,g6 INTORTED
976,CSW24_hsp,3,6,60.000000,51.328000,-8.672000,h7 RATIONED
976,CSW24_hsp,4,3,62.000000,50.450000,-11.550000,g3 INTORTED
976,CSW24_hsp,5,5,60.000000,50.205000,-9.795000,h5 DERATION
976,CSW24_hsp,6,4,60.000000,49.933000,-10.067000,h3 ORDINATE
976,CSW24_hsp,7,11,26.423000,20.586000,-5.837000,9g OD
976,CSW24_hsp,8,9,26.423000,20.453000,-5.970000,7h DO
976,CSW24_hsp,9,7,27.423000,20.339000,-7.084000,7k DO
976,CSW24_hsp,10,8,27.423000,20.211000,-7.212000,9k DO
976,CSW24_hsp,11,10,26.423000,19.265000,-7.158000,7l OD
976,CSW24_hsp,12,12,26.423000,19.140000,-7.283000,9l OD
976,CSW24_hsp,13,15,24.423000,17.729000,-6.694000,7j OD
976,CSW24_hsp,14,14,24.423000,16.655000,-7.768000,j6 DOR
976,CSW24_hsp,15,13,25.438000,16.602000,-8.836000,l4 INDOW
976,CSW24_hsp,16,20,22.971000,16.590000,-6.381000,7k TO
976,CSW24_hsp,17,16,24.423000,16.450000,-7.973000,j8 ROD
976,CSW24_hsp,18,21,22.438000,16.055000,-6.383000,7f DINO
976,CSW24_hsp,19,26,21.971000,16.038000,-5.933000,7h TO
976,CSW24_hsp,20,18,23.423000,15.786000,-7.637000,i7 ORD
976,CSW24_hsp,21,17,23.423000,15.723000,-7.700000,l6 DOW
976,CSW24_hsp,22,29,21.716000,15.688000,-6.028000,h7 DA
976,CSW24_hsp,23,31,21.716000,15.644000,-6.072000,h8 AD
976,CSW24_hsp,24,23,22.053000,15.360000,-6.693000,7k NOD
976,CSW24_hsp,25,25,22.053000,15.147000,-6.906000,9k NOD
807,CSW24_hsp,1,1,36.935000,29.445000,-7.490000,13a RIBA
807,CSW24_hsp,2,4,31.374000,26.723000,-4.651000,f2 BIS
807,CSW24_hsp,3,5,31.374000,26.681000,-4.693000,f4 SIB
807,CSW24_hsp,4,3,31.374000,26.442000,-4.932000,2f BIO
807,CSW24_hsp,5,9,30.220000,26.293000,-3.927000,15a BIT
807,CSW24_hsp,6,7,30.374000,25.633000,-4.741000,5e BI
807,CSW24_hsp,7,11,29.390000,24.988000,-4.402000,f1 IBIS
807,CSW24_hsp,8,6,30.374000,24.901000,-5.473000,n2 BI
807,CSW24_hsp,9,10,29.415000,24.719000,-4.696000,m12 RABI
807,CSW24_hsp,10,13,29.220000,24.524000,-4.696000,m12 TABI
807,CSW24_hsp,11,8,30.297000,24.385000,-5.912000,n1 IBIS
807,CSW24_hsp,12,2,31.415000,24.263000,-7.152000,13a RIB
807,CSW24_hsp,13,12,29.345000,23.973000,-5.372000,n2 BIST
807,CSW24_hsp,14,14,28.439000,23.351000,-5.088000,5c TIBIA
807,CSW24_hsp,15,16,27.673000,23.110000,-4.563000,9f TI
807,CSW24_hsp,16,15,28.396000,23.022000,-5.374000,n2 BIS
807,CSW24_hsp,17,17,27.638000,22.756000,-4.882000,13c BA
807,CSW24_hsp,18,19,27.374000,22.402000,-4.972000,2h OBI
807,CSW24_hsp,19,22,26.694000,22.361000,-4.333000,k2 ABRI
807,CSW24_hsp,20,27,26.151000,21.724000,-4.427000,f2 BASTI
807,CSW24_hsp,21,25,26.374000,21.541000,-4.833000,3e BI
807,CSW24_hsp,22,18,27.440000,21.315000,-6.125000,n1 BIAS
807,CSW24_hsp,23,24,26.439000,21.308000,-5.131000,3b TIBIA
807,CSW24_hsp,24,35,25.415000,21.187000,-4.228000,k2 BIRR
807,CSW24_hsp,25,33,25.673000,21.156000,-4.517000,3h CIT
1068,CSW24_hsp,1,1,24.629000,20.094000,-4.535000,e1 BLIST
1068,CSW24_hsp,2,2,21.797000,17.726000,-4.071000,15e BLIGHT
1068,CSW24_hsp,3,3,20.772000,16.753000,-4.019000,e5 LITHO
1068,CSW24_hsp,4,4,20.723000,15.919000,-4.804000,6b MEITH
1068,CSW24_hsp,5,5,19.208000,14.772000,-4.436000,e2 BIST
1068,CSW24_hsp,6,8,18.180000,14.619000,-3.561000,e4 SHIT
1068,CSW24_hsp,7,9,18.180000,14.619000,-3.561000,e4 SITH
1068,CSW24_hsp,8,6,18.286000,13.868000,-4.418000,15f BIGHT
1068,CSW24_hsp,9,7,18.180000,13.606000,-4.574000,e2 HIST
1068,CSW24_hsp,10,10,17.823000,13.489000,-4.334000,f8 LAZO
1068,CSW24_hsp,11,11,17.597000,13.249000,-4.348000,e11 CLUB
1068,CSW24_hsp,12,12,17.280000,12.945000,-4.335000,e2 BISH
1068,CSW24_hsp,13,14,17.148000,12.749000,-4.399000,e11 CHUT
1068,CSW24_hsp,14,13,17.148000,12.356000,-4.792000,6b METH
1068,CSW24_hsp,15,15,16.749000,11.940000,-4.809000,6b MELT
1068,CSW24_hsp,16,16,15.823000,11.561000,-4.262000,14l LEVE
1068,CSW24_hsp,17,17,15.597000,11.042000,-4.555000,h5 BLAT
1068,CSW24_hsp,18,18,15.238000,10.855000,-4.383000,e11 CHUB
1068,CSW24_hsp,19,20,14.985000,10.557000,-4.428000,ex BLT
1068,CSW24_hsp,20,19,15.148000,10.554000,-4.594000,h5 THAT
1068,CSW24_hsp,21,24,13.974000,10.352000,-3.622000,e4 SILT
1068,CSW24_hsp,22,25,13.974000,10.346000,-3.628000,e4 SLIT
1068,CSW24_hsp,23,22,14.148000,10.092000,-4.056000,e7 THO
1068,CSW24_hsp,24,21,14.179000,9.740000,-4.439000,15f TIGHT
1068,CSW24_hsp,25,26,13.772000,9.705000,-4.067000,15f LIGHT
1126,CSW24_hsp,1,1,80.000000,71.548000,-8.452000,h8 ENTWiNES
1126,CSW24_hsp,2,2,74.000000,62.976000,-11.024000,i3 WaNNEST
1126,CSW24_hsp,3,3,70.000000,58.962000,-11.038000,i2 NEWToNS
1126,CSW24_hsp,4,6,64.000000,57.471000,-6.529000,6e UNTWiNES
1126,CSW24_hsp,5,11,61.000000,53.468000,-7.532000,h7 WENNiEST
1126,CSW24_hsp,6,9,61.000000,53.339000,-7.661000,h2 ENTWiNES
1126,CSW24_hsp,7,10,61.000000,52.929000,-8.071000,h3 WENNiEST
1126,CSW24_hsp,8,5,65.000000,51.743000,-13.257000,9h WaNNEST
1126,CSW24_hsp,9,4,65.000000,51.599000,-13.401000,7h WaNNEST
1126,CSW24_hsp,10,7,63.000000,50.173000,-12.827000,7h NEWToNS
1126,CSW24_hsp,11,8,63.000000,49.959000,-13.041000,9h NEWToNS
1126,CSW24_hsp,12,12,53.214000,43.974000,-9.240000,d1 WENS
1126,CSW24_hsp,13,18,46.651000,41.059000,-5.592000,4b NEWT
1126,CSW24_hsp,14,19,46.651000,40.969000,-5.682000,4b WENT
1126,CSW24_hsp,15,25,45.469000,40.065000,-5.404000,h7 WEN
1126,CSW24_hsp,16,24,45.469000,39.938000,-5.531000,h7 NEW
1126,CSW24_hsp,17,23,45.866000,39.732000,-6.134000,h7 WENT
1126,CSW24_hsp,18,22,45.866000,39.704000,-6.162000,h7 NEWT
1126,CSW24_hsp,19,31,44.128000,39.023000,-5.105000,6e UNWET
1126,CSW24_hsp,20,34,43.845000,38.678000,-5.167000,6d NUT
1126,CSW24_hsp,21,14,47.214000,38.668000,-8.546000,i5 NEWS
1126,CSW24_hsp,22,26,44.845000,38.573000,-6.272000,5c NTH
1126,CSW24_hsp,23,36,43.656000,38.552000,-5.104000,6d NUN
1126,CSW24_hsp,24,35,43.845000,38.458000,-5.387000,6d TUN
1126,CSW24_hsp,25,17,47.128000,37.988000,-9.140000,9h WENT
1050,CSW24_hsp,1,2,52.312000,49.567000,-2.745000,o1 FARD
1050,CSW24_hsp,2,1,53.854000,49.528000,-4.326000,b10 FA
1050,CSW24_hsp,3,3,48.792000,45.135000,-3.657000,o1 FARSED
1050,CSW24_hsp,4,4,46.917000,43.277000,-3.640000,o1 FARDS
1050,CSW24_hsp,5,5,45.062000,40.465000,-4.597000,b14 IF
1050,CSW24_hsp,6,8,43.854000,40.252000,-3.602000,15a FAA
1050,CSW24_hsp,7,6,44.950000,39.345000,-5.605000,10b FE
1050,CSW24_hsp,8,7,44.950000,39.287000,-5.663000,10e EF
1050,CSW24_hsp,9,11,40.394000,37.261000,-3.133000,o1 FARSE
1050,CSW24_hsp,10,9,41.854000,36.838000,-5.016000,7c FAW
1050,CSW24_hsp,11,18,39.110000,36.517000,-2.593000,11h FADIER
1050,CSW24_hsp,12,16,39.474000,36.290000,-3.184000,11h DEFI
1050,CSW24_hsp,13,22,38.304000,36.037000,-2.267000,o1 EARD
1050,CSW24_hsp,14,10,40.854000,35.769000,-5.085000,11j FA
1050,CSW24_hsp,15,24,38.178000,35.236000,-2.942000,o1 FAR
1050,CSW24_hsp,16,17,39.171000,35.070000,-4.101000,o4 DA
1050,CSW24_hsp,17,19,38.989000,34.856000,-4.133000,11j FID
1050,CSW24_hsp,18,13,40.062000,34.823000,-5.239000,l12 FIE
1050,CSW24_hsp,19,12,40.062000,34.730000,-5.332000,j10 FIE
1050,CSW24_hsp,20,15,39.854000,34.615000,-5.239000,l12 FAE
1050,CSW24_hsp,21,29,37.798000,34.565000,-3.233000,11h FIAR
1050,CSW24_hsp,22,41,36.775000,34.516000,-2.259000,o1 FIRS
1050,CSW24_hsp,23,14,39.854000,34.503000,-5.351000,j10 FAE
1050,CSW24_hsp,24,21,38.350000,34.193000,-4.157000,11j FAD
1050,CSW24_hsp,25,36,36.987000,34.108000,-2.879000,o1 FIR
135,CSW24_hsp,1,1,43.917000,33.054000,-10.863000,14j PLAQUE
135,CSW24_hsp,2,3,38.740000,30.001000,-8.739000,2d PIQUE
135,CSW24_hsp,3,4,36.524000,28.812000,-7.712000,2a OPAQUE
135,CSW24_hsp,4,2,38.841000,27.933000,-10.908000,14j EQUIPE
135,CSW24_hsp,5,5,34.917000,26.373000,-8.544000,2c PLAQUE
135,CSW24_hsp,6,6,34.841000,25.623000,-9.218000,13j PIQUET
135,CSW24_hsp,7,7,34.740000,25.571000,-9.169000,12k QUIPU
135,CSW24_hsp,8,8,34.740000,25.243000,-9.497000,14k PIQUE
135,CSW24_hsp,9,9,32.083000,23.991000,-8.092000,6n PI
135,CSW24_hsp,10,10,31.639000,23.170000,-8.469000,13l QUIT
135,CSW24_hsp,11,11,31.155000,23.028000,-8.127000,6n PE
135,CSW24_hsp,12,12,31.067000,21.412000,-9.655000,e8 LALIQUE
135,CSW24_hsp,13,15,29.155000,21.218000,-7.937000,9m PER
135,CSW24_hsp,14,21,28.155000,20.641000,-7.514000,n14 PE
135,CSW24_hsp,15,16,28.503000,20.545000,-7.958000,n6 PEN
135,CSW24_hsp,16,14,29.294000,20.505000,-8.789000,13k QUILT
135,CSW24_hsp,17,20,28.155000,20.503000,-7.652000,3a OPE
135,CSW24_hsp,18,13,29.519000,20.498000,-9.021000,13k QUIET
135,CSW24_hsp,19,17,28.493000,20.453000,-8.040000,n1 SUQ
135,CSW24_hsp,20,18,28.398000,20.283000,-8.115000,6n PA
135,CSW24_hsp,21,19,28.398000,20.240000,-8.158000,n10 PA
135,CSW24_hsp,22,23,27.941000,20.176000,-7.765000,n6 PENAL
135,CSW24_hsp,23,25,27.503000,19.728000,-7.775000,10n PI
135,CSW24_hsp,24,22,28.069000,19.473000,-8.596000,13l QUAT
135,CSW24_hsp,25,26,26.155000,18.169000,-7.986000,9h PE
197,CSW24_hsp,1,3,2.924000,-2.063000,-4.987000,3g VIG
197,CSW24_hsp,2,2,3.537000,-2.153000,-5.690000,3g VIGIL
197,CSW24_hsp,3,4,2.456000,-2.637000,-5.093000,3g QI
197,CSW24_hsp,4,1,3.550000,-2.656000,-6.206000,2e FIQH
197,CSW24_hsp,5,5,0.537000,-5.178000,-5.715000,3e VIGIL
197,CSW24_hsp,6,6,0.455000,-5.542000,-5.997000,ex FGQV
197,CSW24_hsp,7,7,0.362000,-5.635000,-5.997000,ex FGILQV
197,CSW24_hsp,8,8,0.000000,-5.997000,-5.997000,ex FGIKLQV
197,CSW24_hsp,9,9,-0.417000,-6.414000,-5.997000,ex GQV
197,CSW24_hsp,10,10,-0.574000,-6.571000,-5.997000,ex FGLQV
197,CSW24_hsp,11,11,-0.896000,-6.893000,-5.997000,ex FGIKQV
197,CSW24_hsp,12,12,-1.060000,-7.057000,-5.997000,ex FGIQV
197,CSW24_hsp,13,13,-1.476000,-7.473000,-5.997000,ex FGKQV
197,CSW24_hsp,14,14,-1.722000,-7.719000,-5.997000,ex GKQV
197,CSW24_hsp,15,15,-2.208000,-8.205000,-5.997000,ex FGKLQV
197,CSW24_hsp,16,16,-2.250000,-8.247000,-5.997000,ex FKQV
197,CSW24_hsp,17,17,-2.489000,-8.486000,-5.997000,ex GIKLQV
197,CSW24_hsp,18,18,-2.539000,-8.536000,-5.997000,ex GIKQV
197,CSW24_hsp,19,19,-2.546000,-8.543000,-5.997000,ex GLQV
197,CSW24_hsp,20,27,-3.639000,-8.893000,-5.254000,3g KIF
197,CSW24_hsp,21,20,-2.945000,-8.932000,-5.987000,3g FILK
197,CSW24_hsp,22,21,-2.996000,-8.993000,-5.997000,ex GILQV
197,CSW24_hsp,23,22,-3.137000,-9.134000,-5.997000,ex GIQV
197,CSW24_hsp,24,23,-3.178000,-9.175000,-5.997000,ex FIKLQV
197,CSW24_hsp,25,24,-3.257000,-9.254000,-5.997000,ex FKLQV
374,CSW24_hsp,1,1,46.280000,36.036000,-10.244000,m13 EX
374,CSW24_hsp,2,6,39.101000,31.183000,-7.918000,a1 PHAGE
374,CSW24_hsp,3,4,39.616000,31.137000,-8.479000,3b PEH
374,CSW24_hsp,4,3,39.616000,31.129000,-8.487000,3b HEP
374,CSW24_hsp,5,5,39.301000,29.091000,-10.210000,m13 AX
374,CSW24_hsp,6,2,42.612000,28.793000,-13.819000,m13 AXE
374,CSW24_hsp,7,8,36.699000,26.888000,-9.811000,3b PAH
374,CSW24_hsp,8,7,36.699000,26.855000,-9.844000,3b HAP
374,CSW24_hsp,9,13,35.084000,26.299000,-8.785000,5b HEX
374,CSW24_hsp,10,11,35.402000,25.750000,-9.652000,10f HEXAPLA
374,CSW24_hsp,11,10,35.471000,25.528000,-9.943000,e1 EXERT
374,CSW24_hsp,12,12,35.280000,24.684000,-10.596000,13l YEX
374,CSW24_hsp,13,14,33.753000,23.432000,-10.321000,m13 EH
374,CSW24_hsp,14,15,33.376000,23.326000,-10.050000,13k PYX
374,CSW24_hsp,15,9,35.478000,23.258000,-12.220000,14i EXPO
374,CSW24_hsp,16,18,32.329000,22.659000,-9.670000,6j XI
374,CSW24_hsp,17,19,31.797000,22.013000,-9.784000,6i EXIT
374,CSW24_hsp,18,16,32.616000,21.528000,-11.088000,13k HYPE
374,CSW24_hsp,19,21,31.585000,21.502000,-10.083000,3b HET
374,CSW24_hsp,20,25,30.853000,20.920000,-9.933000,6i AXITE
374,CSW24_hsp,21,20,31.616000,20.714000,-10.902000,l3 PEH
374,CSW24_hsp,22,23,31.280000,20.690000,-10.590000,9g EX
374,CSW24_hsp,23,30,29.797000,20.590000,-9.207000,7h TEXT
374,CSW24_hsp,24,22,31.280000,20.504000,-10.776000,c2 XED
374,CSW24_hsp,25,24,30.962000,20.420000,-10.542000,m13 AH
553,CSW24_hsp,1,1,31.396000,21.916000,-9.480000,4a JAUNT
553,CSW24_hsp,2,3,21.396000,13.469000,-7.927000,2h CAJUN
553,CSW24_hsp,3,2,22.791000,12.959000,-9.832000,4a VAUNT
553,CSW24_hsp,4,4,18.788000,12.173000,-6.615000,d6 VOW
553,CSW24_hsp,5,6,18.081000,11.469000,-6.612000,d6 VAW
553,CSW24_hsp,6,9,16.496000,11.278000,-5.218000,d1 NOVA
553,CSW24_hsp,7,8,16.985000,9.448000,-7.537000,10b JONG
553,CSW24_hsp,8,10,16.261000,8.565000,-7.696000,2f JUCO
553,CSW24_hsp,9,7,17.353000,8.409000,-8.944000,2h CAJON
553,CSW24_hsp,10,11,14.504000,8.323000,-6.181000,10e GJU
553,CSW24_hsp,11,5,18.396000,5.840000,-12.556000,7a UNJAM
553,CSW24_hsp,12,12,12.793000,5.057000,-7.736000,10b VANG
553,CSW24_hsp,13,13,11.081000,4.062000,-7.019000,6h TAV
553,CSW24_hsp,14,14,10.793000,4.032000,-6.761000,4b VANT
553,CSW24_hsp,15,20,9.475000,3.977000,-5.498000,d2 UVA
553,CSW24_hsp,16,21,9.475000,3.296000,-6.179000,d2 VAU
553,CSW24_hsp,17,17,9.788000,3.040000,-6.748000,7c VOM
553,CSW24_hsp,18,16,9.897000,2.931000,-6.966000,3g VINO
553,CSW24_hsp,19,18,9.781000,2.916000,-6.865000,6h TAJ
553,CSW24_hsp,20,15,10.507000,2.696000,-7.811000,2e JUNCO
553,CSW24_hsp,21,19,9.496000,2.446000,-7.050000,3f AVION
553,CSW24_hsp,22,22,8.793000,1.791000,-7.002000,3g VINA
553,CSW24_hsp,23,23,8.475000,1.616000,-6.859000,d10 UVA
553,CSW24_hsp,24,25,7.504000,1.596000,-5.908000,4c JUT
553,CSW24_hsp,25,24,8.081000,1.157000,-6.924000,2f VAC
358,CSW24_hsp,1,2,40.998000,32.683000,-8.315000,c3 AX
358,CSW24_hsp,2,1,41.001000,32.618000,-8.383000,c2 OAK
358,CSW24_hsp,3,3,40.781000,32.428000,-8.353000,c3 OX
358,CSW24_hsp,4,7,33.001000,25.595000,-7.406000,9g OAK
358,CSW24_hsp,5,6,33.001000,25.540000,-7.461000,7g OAK
358,CSW24_hsp,6,4,33.679000,25.291000,-8.388000,c3 OK
358,CSW24_hsp,7,5,33.535000,24.253000,-9.282000,12b OXIC
358,CSW24_hsp,8,9,32.363000,24.044000,-8.319000,6b KOSS
358,CSW24_hsp,9,8,32.674000,23.342000,-9.332000,3c ABASK
358,CSW24_hsp,10,11,30.336000,22.161000,-8.175000,6b KISS
358,CSW24_hsp,11,10,31.734000,22.122000,-9.612000,12e COAX
358,CSW24_hsp,12,12,29.709000,21.946000,-7.763000,7e OKA
358,CSW24_hsp,13,15,28.495000,21.086000,-7.409000,9g OIK
358,CSW24_hsp,14,13,29.001000,20.123000,-8.878000,d9 KOA
358,CSW24_hsp,15,18,27.297000,19.847000,-7.450000,f5 XI
358,CSW24_hsp,16,21,26.709000,18.991000,-7.718000,6e SKA
358,CSW24_hsp,17,24,26.679000,18.875000,-7.804000,f6 OKA
358,CSW24_hsp,18,16,27.709000,18.793000,-8.916000,3b KAB
358,CSW24_hsp,19,23,26.679000,18.663000,-8.016000,f5 KO
358,CSW24_hsp,20,19,27.220000,18.446000,-8.774000,10b IXORA
358,CSW24_hsp,21,28,25.979000,18.364000,-7.615000,6c OSSIA
358,CSW24_hsp,22,22,26.709000,18.346000,-8.363000,10d ARK
358,CSW24_hsp,23,17,27.709000,18.254000,-9.455000,12d ACK
358,CSW24_hsp,24,33,25.495000,18.089000,-7.406000,6e SKIO
358,CSW24_hsp,25,14,28.903000,17.286000,-11.617000,i7 ASKOI
994,CSW24_hsp,1,1,87.000000,80.615000,-6.385000,o3 ELUSION
994,CSW24_hsp,2,2,82.000000,70.072000,-11.928000,k4 OUTLINES
994,CSW24_hsp,3,4,66.000000,55.916000,-10.084000,12f INSOULEd
994,CSW24_hsp,4,5,66.000000,55.916000,-10.084000,12f UNSOILEd
994,CSW24_hsp,5,3,66.000000,52.827000,-13.173000,k3 ELUTIONS
994,CSW24_hsp,6,6,34.854000,27.270000,-7.584000,o4 INSOUL
994,CSW24_hsp,7,7,33.891000,24.441000,-9.450000,o1 LOUIES
994,CSW24_hsp,8,11,31.792000,24.118000,-7.674000,o4 ENSOUL
994,CSW24_hsp,9,13,31.683000,23.873000,-7.810000,o4 OUSEL
994,CSW24_hsp,10,12,31.683000,23.843000,-7.840000,o4 EUSOL
994,CSW24_hsp,11,10,31.792000,23.698000,-8.094000,o3 NOUSLE
994,CSW24_hsp,12,9,31.792000,22.485000,-9.307000,o1 NOULES
994,CSW24_hsp,13,8,31.937000,22.373000,-9.564000,e7 YOU
994,CSW24_hsp,14,14,31.522000,22.146000,-9.376000,o1 LUNIES
994,CSW24_hsp,15,23,28.887000,21.677000,-7.210000,o4 LESION
994,CSW24_hsp,16,16,30.108000,21.650000,-8.458000,5i UNI
994,CSW24_hsp,17,17,29.937000,21.475000,-8.462000,k5 UT
994,CSW24_hsp,18,15,30.937000,21.259000,-9.678000,i5 UH
994,CSW24_hsp,19,22,28.887000,21.170000,-7.717000,o4 INSOLE
994,CSW24_hsp,20,18,29.286000,20.649000,-8.637000,5i ULE
994,CSW24_hsp,21,24,28.561000,20.022000,-8.539000,5j LINGO
994,CSW24_hsp,22,30,27.428000,19.947000,-7.481000,o6 SOUL
994,CSW24_hsp,23,26,28.286000,19.573000,-8.713000,9c LEU
994,CSW24_hsp,24,27,28.088000,19.566000,-8.522000,5k INGO
994,CSW24_hsp,25,19,29.225000,19.360000,-9.865000,l8 OU
491,CSW24_hsp,1,2,75.000000,70.185000,-4.815000,k8 DINDLES
491,CSW24_hsp,2,1,76.000000,68.623000,-7.377000,12i SLIDDEN
491,CSW24_hsp,3,3,70.000000,64.399000,-5.601000,l5 SLIDDEN
491,CSW24_hsp,4,4,70.000000,62.704000,-7.296000,10i SLIDDEN
491,CSW24_hsp,5,5,44.942000,41.531000,-3.411000,a7 PREcAVALS
491,CSW24_hsp,6,6,33.525000,29.055000,-4.470000,14h HUED
491,CSW24_hsp,7,7,32.798000,28.341000,-4.457000,k11 LIND
491,CSW24_hsp,8,8,30.970000,27.214000,-3.756000,13a ANE
491,CSW24_hsp,9,9,30.926000,26.952000,-3.974000,k10 IDLED
491,CSW24_hsp,10,10,30.163000,26.263000,-3.900000,k10 DINED
491,CSW24_hsp,11,11,30.163000,26.123000,-4.040000,k10 NIDED
491,CSW24_hsp,12,12,30.110000,25.516000,-4.594000,d2 DINDLE
491,CSW24_hsp,13,16,28.525000,24.366000,-4.159000,e14 DI
491,CSW24_hsp,14,14,28.525000,24.129000,-4.396000,7i ID
491,CSW24_hsp,15,18,28.074000,24.051000,-4.023000,k10 LINED
491,CSW24_hsp,16,15,28.525000,23.892000,-4.633000,9i ED
491,CSW24_hsp,17,17,28.372000,23.775000,-4.597000,k12 LID
491,CSW24_hsp,18,20,27.885000,23.446000,-4.439000,k11 LEND
491,CSW24_hsp,19,19,27.919000,23.323000,-4.596000,k12 NID
491,CSW24_hsp,20,21,27.836000,23.193000,-4.643000,9i ELD
491,CSW24_hsp,21,13,28.926000,22.698000,-6.228000,4k IDLED
491,CSW24_hsp,22,27,25.338000,21.532000,-3.806000,k11 DIED
491,CSW24_hsp,23,23,26.216000,21.522000,-4.694000,k12 DID
491,CSW24_hsp,24,29,25.083000,21.254000,-3.829000,k11 LIED
491,CSW24_hsp,25,25,25.525000,21.209000,-4.316000,ex D
368,CSW24_hsp,1,1,24.141000,18.194000,-5.947000,d2 COMPT
368,CSW24_hsp,2,2,23.694000,17.591000,-6.103000,d2 COEMPT
368,CSW24_hsp,3,3,21.064000,15.227000,-5.837000,d2 COMP
368,CSW24_hsp,4,4,18.898000,11.999000,-6.899000,e1 MPRET
368,CSW24_hsp,5,9,16.229000,10.502000,-5.727000,d2 COGENT
368,CSW24_hsp,6,5,16.372000,10.495000,-5.877000,e2 CREM
368,CSW24_hsp,7,10,15.998000,9.964000,-6.034000,d1 GNOME
368,CSW24_hsp,8,12,15.585000,9.321000,-6.264000,e2 PREM
368,CSW24_hsp,9,11,15.816000,9.082000,-6.734000,d2 MONG
368,CSW24_hsp,10,6,16.317000,9.054000,-7.263000,5i NEMPT
368,CSW24_hsp,11,13,15.178000,8.822000,-6.356000,5b PECTIN
368,CSW24_hsp,12,7,16.309000,8.289000,-8.020000,6i EXCEPT
368,CSW24_hsp,13,8,16.309000,7.858000,-8.451000,6i EXPECT
368,CSW24_hsp,14,20,13.598000,7.854000,-5.744000,d2 COMET
368,CSW24_hsp,15,14,13.998000,7.685000,-6.313000,d1 EMONG
368,CSW24_hsp,16,16,13.713000,7.641000,-6.072000,d2 PONG
368,CSW24_hsp,17,21,13.598000,7.584000,-6.014000,d2 COMTE
368,CSW24_hsp,18,17,13.711000,7.458000,-6.253000,4d PERT
368,CSW24_hsp,19,22,13.598000,7.242000,-6.356000,5c METIC
368,CSW24_hsp,20,18,13.627000,7.065000,-6.562000,d2 COP
368,CSW24_hsp,21,19,13.627000,6.657000,-6.970000,5e PIC
368,CSW24_hsp,22,26,12.691000,6.557000,-6.134000,d2 POTMEN
368,CSW24_hsp,23,25,12.898000,6.490000,-6.408000,5b TEMPI
368,CSW24_hsp,24,27,12.691000,6.401000,-6.290000,d2 TOPMEN
368,CSW24_hsp,25,23,13.224000,6.151000,-7.073000,d2 MOG
836,CSW24_hsp,1,1,78.000000,72.951000,-5.049000,c7 ENCREASE
836,CSW24_hsp,2,3,36.191000,31.740000,-4.451000,4c ACHENE
836,CSW24_hsp,3,5,35.149000,30.742000,-4.407000,d2 CEE
836,CSW24_hsp,4,2,37.071000,30.480000,-6.591000,9k ABCEE
836,CSW24_hsp,5,6,34.443000,29.749000,-4.694000,d3 EE
836,CSW24_hsp,6,7,33.894000,29.683000,-4.211000,4a CANEH
836,CSW24_hsp,7,9,33.149000,29.007000,-4.142000,4c ECHE
836,CSW24_hsp,8,8,33.149000,28.752000,-4.397000,4b EECH
836,CSW24_hsp,9,4,35.894000,28.649000,-7.245000,d1 CANE
836,CSW24_hsp,10,11,32.383000,28.505000,-3.878000,n11 ENE
836,CSW24_hsp,11,13,32.191000,27.657000,-4.534000,14a SENECA
836,CSW24_hsp,12,12,32.191000,27.655000,-4.536000,14a SEANCE
836,CSW24_hsp,13,18,31.383000,26.927000,-4.456000,d2 NEE
836,CSW24_hsp,14,14,32.071000,26.755000,-5.316000,13a PEACE
836,CSW24_hsp,15,10,32.383000,26.608000,-5.775000,n10 EEN
836,CSW24_hsp,16,19,31.313000,26.588000,-4.725000,d2 ACE
836,CSW24_hsp,17,17,31.383000,26.494000,-4.889000,d2 ENE
836,CSW24_hsp,18,20,31.149000,26.454000,-4.695000,f2 CEE
836,CSW24_hsp,19,23,30.191000,26.022000,-4.169000,c8 ENRACE
836,CSW24_hsp,20,22,30.191000,25.678000,-4.513000,c8 CAREEN
836,CSW24_hsp,21,28,29.383000,25.331000,-4.052000,11j NEUME
836,CSW24_hsp,22,26,29.443000,25.170000,-4.273000,d6 LEE
836,CSW24_hsp,23,30,29.313000,25.076000,-4.237000,4c ACHE
836,CSW24_hsp,24,16,31.894000,25.010000,-6.884000,d1 ANCE
836,CSW24_hsp,25,21,30.443000,24.904000,-5.539000,13a PEE
229,CSW24_hsp,1,1,41.007000,36.246000,-4.761000,d3 EX
229,CSW24_hsp,2,2,33.981000,27.926000,-6.055000,4b VEXED
229,CSW24_hsp,3,6,30.006000,25.267000,-4.739000,4b VEX
229,CSW24_hsp,4,5,31.319000,24.111000,-7.208000,d8 KNAVE
229,CSW24_hsp,5,7,29.175000,22.627000,-6.548000,g5 VEXT
229,CSW24_hsp,6,4,31.319000,21.064000,-10.255000,4a VEENA
229,CSW24_hsp,7,14,27.001000,21.039000,-5.962000,9e AXED
229,CSW24_hsp,8,9,27.903000,20.761000,-7.142000,4c EVENED
229,CSW24_hsp,9,17,26.028000,20.451000,-5.577000,9f DEX
229,CSW24_hsp,10,18,26.028000,20.246000,-5.782000,9f XED
229,CSW24_hsp,11,23,25.006000,19.242000,-5.764000,6b VOX
229,CSW24_hsp,12,13,27.243000,18.929000,-8.314000,4a DEEV
229,CSW24_hsp,13,22,25.007000,18.920000,-6.087000,9g EX
229,CSW24_hsp,14,29,23.668000,18.578000,-5.090000,4c EX
229,CSW24_hsp,15,37,23.319000,18.240000,-5.079000,e4 VENAL
229,CSW24_hsp,16,45,23.243000,18.180000,-5.063000,4b DEEV
229,CSW24_hsp,17,36,23.319000,18.177000,-5.142000,e4 NAVEL
229,CSW24_hsp,18,8,29.007000,18.152000,-10.855000,6a EXO
229,CSW24_hsp,19,40,23.297000,18.084000,-5.213000,4b DEAVE
229,CSW24_hsp,20,41,23.297000,17.935000,-5.362000,4c EAVED
229,CSW24_hsp,21,3,32.654000,17.652000,-15.002000,2a ENCAVED
229,CSW24_hsp,22,28,23.796000,17.536000,-6.260000,9g AX
229,CSW24_hsp,23,61,22.082000,17.076000,-5.006000,e4 DEVEL
229,CSW24_hsp,24,33,23.381000,17.074000,-6.307000,6b VOE
229,CSW24_hsp,25,34,23.319000,16.898000,-6.421000,4b VEENA
520,CSW24_hsp,1,1,72.000000,61.747000,-10.253000,m3 SAGOUINS
520,CSW24_hsp,2,2,30.110000,22.079000,-8.031000,6j GUANOS
520,CSW24_hsp,3,6,27.815000,21.390000,-6.425000,9e AGONS
520,CSW24_hsp,4,3,29.395000,21.341000,-8.054000,6j GUANO
520,CSW24_hsp,5,9,27.379000,20.766000,-6.613000,9e AGON
520,CSW24_hsp,6,13,26.656000,20.164000,-6.492000,9g ONUS
520,CSW24_hsp,7,7,27.688000,20.111000,-7.577000,6j GUANS
520,CSW24_hsp,8,5,27.926000,19.831000,-8.095000,6h SAGO
520,CSW24_hsp,9,10,27.110000,19.096000,-8.014000,6c GUANOS
520,CSW24_hsp,10,11,26.815000,18.877000,-7.938000,9c SANGO
520,CSW24_hsp,11,15,26.578000,18.715000,-7.863000,9k OUS
520,CSW24_hsp,12,4,29.110000,18.300000,-10.810000,m3 SAGOUIN
520,CSW24_hsp,13,18,26.083000,18.028000,-8.055000,6h SAG
520,CSW24_hsp,14,36,24.601000,17.979000,-6.622000,9e SNOG
520,CSW24_hsp,15,16,26.462000,17.784000,-8.678000,6d SUGO
520,CSW24_hsp,16,14,26.594000,17.594000,-9.000000,6j GAUS
520,CSW24_hsp,17,20,25.798000,17.500000,-8.298000,6j GUAN
520,CSW24_hsp,18,26,25.578000,17.348000,-8.230000,9j SOU
520,CSW24_hsp,19,19,25.798000,17.334000,-8.464000,6j GAUN
520,CSW24_hsp,20,34,24.656000,17.170000,-7.486000,9j NOUS
520,CSW24_hsp,21,17,26.225000,17.154000,-9.071000,6j GAU
520,CSW24_hsp,22,37,24.074000,17.137000,-6.937000,9f GOS
520,CSW24_hsp,23,8,27.539000,17.106000,-10.433000,l8 MUNGOS
520,CSW24_hsp,24,43,23.601000,17.035000,-6.566000,9f GONS
520,CSW24_hsp,25,38,24.074000,16.983000,-7.091000,9f SOG
90,CSW24_hsp,1,1,53.906000,48.749000,-5.157000,j10 AMIGO
90,CSW24_hsp,2,2,53.348000,48.150000,-5.198000,3e GAM
90,CSW24_hsp,3,3,52.738000,47.444000,-5.294000,3e GAIT
90,CSW24_hsp,4,4,51.472000,46.083000,-5.389000,3e GAT
90,CSW24_hsp,5,8,50.516000,45.893000,-4.623000,a1 OMA
90,CSW24_hsp,6,5,51.083000,45.806000,-5.277000,j10 OM
90,CSW24_hsp,7,10,49.896000,45.079000,-4.817000,a1 AGO
90,CSW24_hsp,8,7,50.855000,44.932000,-5.923000,b9 AG
90,CSW24_hsp,9,9,49.991000,44.756000,-5.235000,j10 OMIT
90,CSW24_hsp,10,14,48.852000,44.113000,-4.739000,a1 MOI
90,CSW24_hsp,11,13,48.896000,44.040000,-4.856000,a1 GOA
90,CSW24_hsp,12,11,49.429000,43.810000,-5.619000,e1 ZAG
90,CSW24_hsp,13,15,48.516000,43.766000,-4.750000,a1 MOA
90,CSW24_hsp,14,16,48.516000,43.207000,-5.309000,j10 OMA
90,CSW24_hsp,15,19,48.083000,43.146000,-4.937000,a1 OM
90,CSW24_hsp,16,18,48.235000,43.135000,-5.100000,a1 GO
90,CSW24_hsp,17,20,47.723000,43.044000,-4.679000,a1 AMI
90,CSW24_hsp,18,12,49.235000,42.820000,-6.415000,7k VOG
90,CSW24_hsp,19,6,50.906000,42.691000,-8.215000,l11 AMIGO
90,CSW24_hsp,20,24,46.303000,42.424000,-3.879000,f9 ITA
90,CSW24_hsp,21,17,48.423000,42.403000,-6.020000,l11 OGAM
90,CSW24_hsp,22,21,47.526000,42.146000,-5.380000,j10 AM
90,CSW24_hsp,23,22,47.429000,41.938000,-5.491000,10b GOBI
90,CSW24_hsp,24,23,47.423000,41.729000,-5.694000,j11 OGAM
90,CSW24_hsp,25,26,46.083000,41.083000,-5.000000,a1 MO
984,CSW24_hsp,1,1,76.000000,73.178000,-2.822000,k6 GAUDGIES
984,CSW24_hsp,2,2,76.000000,73.111000,-2.889000,k6 GUIDAGES
984,CSW24_hsp,3,3,62.000000,57.869000,-4.131000,13h GUIDAGES
984,CSW24_hsp,4,4,35.178000,32.707000,-2.471000,l11 GAU
984,CSW24_hsp,5,5,33.388000,31.797000,-1.591000,1a UG
984,CSW24_hsp,6,6,33.312000,30.659000,-2.653000,l11 GAUD
984,CSW24_hsp,7,7,33.110000,30.314000,-2.796000,k6 GAUDGIE
984,CSW24_hsp,8,8,33.110000,30.247000,-2.863000,k6 GUIDAGE
984,CSW24_hsp,9,9,31.715000,29.163000,-2.552000,l9 DEGU
984,CSW24_hsp,10,10,31.561000,28.696000,-2.865000,n7 GADI
984,CSW24_hsp,11,12,30.388000,27.953000,-2.435000,l11 GU
984,CSW24_hsp,12,11,30.555000,27.787000,-2.768000,k6 GAUGED
984,CSW24_hsp,13,17,29.178000,26.745000,-2.433000,3k GLAUR
984,CSW24_hsp,14,13,29.388000,26.744000,-2.644000,4d RUG
984,CSW24_hsp,15,16,29.277000,26.609000,-2.668000,15a UGS
984,CSW24_hsp,16,15,29.277000,26.432000,-2.845000,15a GUS
984,CSW24_hsp,17,18,29.101000,26.341000,-2.760000,4a GAIR
984,CSW24_hsp,18,19,29.000000,26.290000,-2.710000,2f BRUXED
984,CSW24_hsp,19,20,28.561000,25.503000,-3.058000,n8 IGAD
984,CSW24_hsp,20,21,28.243000,25.273000,-2.970000,4b AIRED
984,CSW24_hsp,21,22,28.191000,25.028000,-3.163000,12i AUDING
984,CSW24_hsp,22,26,27.178000,24.804000,-2.374000,3j GULA
984,CSW24_hsp,23,25,27.178000,24.769000,-2.409000,3j AGLU
984,CSW24_hsp,24,24,27.378000,24.739000,-2.639000,g4 DUI
984,CSW24_hsp,25,29,27.178000,24.525000,-2.653000,12j GUAN
754,CSW24_hsp,1,1,92.000000,82.637000,-9.363000,h8 iMBODIES
754,CSW24_hsp,2,2,84.000000,71.705000,-12.295000,13f EMBODIES
754,CSW24_hsp,3,3,82.000000,69.950000,-12.050000,k2 DIMBOES
754,CSW24_hsp,4,4,73.000000,60.029000,-12.971000,9h DIMBOES
754,CSW24_hsp,5,6,69.000000,56.884000,-12.116000,j2 EMBODIES
754,CSW24_hsp,6,8,65.000000,54.978000,-10.022000,h3 IMBODiES
754,CSW24_hsp,7,5,71.000000,54.166000,-16.834000,j8 EMBODIES
754,CSW24_hsp,8,7,67.000000,50.400000,-16.600000,i2 SEMIBOLD
754,CSW24_hsp,9,10,43.555000,34.686000,-8.869000,e11 DEMOB
754,CSW24_hsp,10,9,43.688000,34.577000,-9.111000,e11 BEDIM
754,CSW24_hsp,11,11,41.679000,33.279000,-8.400000,e11 MIB
754,CSW24_hsp,12,12,40.938000,32.100000,-8.838000,e11 BIDE
754,CSW24_hsp,13,13,39.664000,31.068000,-8.596000,e11 BID
754,CSW24_hsp,14,14,38.664000,30.316000,-8.348000,e11 DIB
754,CSW24_hsp,15,16,37.314000,28.754000,-8.560000,e11 BIO
754,CSW24_hsp,16,15,37.566000,28.739000,-8.827000,e11 BI
754,CSW24_hsp,17,22,36.514000,28.003000,-8.511000,e11 BED
754,CSW24_hsp,18,19,36.929000,27.843000,-9.086000,e11 DEMOI
754,CSW24_hsp,19,23,36.097000,27.412000,-8.685000,e11 DIME
754,CSW24_hsp,20,17,37.178000,27.301000,-9.877000,e5 MOBE
754,CSW24_hsp,21,25,35.514000,27.161000,-8.353000,e11 DEB
754,CSW24_hsp,22,24,35.730000,27.102000,-8.628000,e11 MID
754,CSW24_hsp,23,27,35.366000,26.612000,-8.754000,e11 DEMO
754,CSW24_hsp,24,20,36.798000,26.528000,-10.270000,e4 BIOME
754,CSW24_hsp,25,28,34.730000,26.231000,-8.499000,e11 DIM
778,CSW24_hsp,1,1,22.536000,11.939000,-10.597000,2i FAUCET
778,CSW24_hsp,2,3,20.791000,10.679000,-10.112000,9f EAU
778,CSW24_hsp,3,6,18.791000,8.971000,-9.820000,5c EAU
778,CSW24_hsp,4,7,18.075000,8.781000,-9.294000,5b ACAI
778,CSW24_hsp,5,4,20.061000,8.691000,-11.370000,7g AITU
778,CSW24_hsp,6,5,19.386000,8.229000,-11.157000,5i GATEAU
778,CSW24_hsp,7,2,21.467000,7.866000,-13.601000,2i FACIAE
778,CSW24_hsp,8,11,15.670000,6.532000,-9.138000,5d AI
778,CSW24_hsp,9,9,16.075000,6.332000,-9.743000,3b ACAI
778,CSW24_hsp,10,15,15.032000,6.153000,-8.879000,k1 CAUSAE
778,CSW24_hsp,11,12,15.407000,6.126000,-9.281000,k1 CAUSA
778,CSW24_hsp,12,24,13.815000,6.117000,-7.698000,h1 CIEL
778,CSW24_hsp,13,25,13.670000,5.799000,-7.871000,h1 AI
778,CSW24_hsp,14,20,14.529000,5.048000,-9.481000,5c TAU
778,CSW24_hsp,15,30,13.336000,4.814000,-8.522000,g2 AUREITY
778,CSW24_hsp,16,29,13.512000,4.745000,-8.767000,k4 SAUCE
778,CSW24_hsp,17,13,15.368000,4.451000,-10.917000,3b AUA
778,CSW24_hsp,18,19,14.613000,4.302000,-10.311000,5i GAITA
778,CSW24_hsp,19,18,14.670000,4.286000,-10.384000,7g AIT
778,CSW24_hsp,20,16,14.791000,4.238000,-10.553000,3b AUE
778,CSW24_hsp,21,8,16.388000,4.125000,-12.263000,5a CUTIE
778,CSW24_hsp,22,28,13.512000,4.111000,-9.401000,k1 CAUSE
778,CSW24_hsp,23,38,12.408000,4.026000,-8.382000,k4 SAU
778,CSW24_hsp,24,63,11.249000,4.021000,-7.228000,g2 AURIC
778,CSW24_hsp,25,64,11.249000,3.989000,-7.260000,g2 CURIA
360,CSW24_hsp,1,1,58.197000,53.110000,-5.087000,o1 KORU
360,CSW24_hsp,2,4,53.561000,48.476000,-5.085000,o1 OKRA
360,CSW24_hsp,3,2,53.561000,48.459000,-5.102000,o1 KARO
360,CSW24_hsp,4,3,53.561000,48.446000,-5.115000,o1 KORA
360,CSW24_hsp,5,8,49.362000,45.898000,-3.464000,o1 KORUS
360,CSW24_hsp,6,6,50.601000,45.480000,-5.121000,o1 KERO
360,CSW24_hsp,7,7,50.601000,45.477000,-5.124000,o1 KORE
360,CSW24_hsp,8,5,52.080000,45.209000,-6.871000,o1 RUSK
360,CSW24_hsp,9,11,47.887000,44.867000,-3.020000,o1 RESOAK
360,CSW24_hsp,10,9,49.265000,42.336000,-6.929000,o1 SARK
360,CSW24_hsp,11,12,47.561000,42.318000,-5.243000,14h OAKER
360,CSW24_hsp,12,21,44.774000,41.307000,-3.467000,o1 OKRAS
360,CSW24_hsp,13,19,44.774000,41.287000,-3.487000,o1 KAROS
360,CSW24_hsp,14,20,44.774000,41.282000,-3.492000,o1 KORAS
360,CSW24_hsp,15,16,46.220000,41.122000,-5.098000,o1 EURO
360,CSW24_hsp,16,15,47.439000,40.489000,-6.950000,o1 SERK
360,CSW24_hsp,17,10,48.396000,39.974000,-8.422000,14i OKE
360,CSW24_hsp,18,23,43.400000,39.897000,-3.503000,o1 KEROS
360,CSW24_hsp,19,24,43.400000,39.894000,-3.506000,o1 KORES
360,CSW24_hsp,20,14,47.466000,39.206000,-8.260000,14j KEA
360,CSW24_hsp,21,13,47.466000,39.008000,-8.458000,14i AKE
360,CSW24_hsp,22,17,45.850000,38.712000,-7.138000,14i AKEE
360,CSW24_hsp,23,18,45.212000,38.365000,-6.847000,o1 KOR
360,CSW24_hsp,24,26,41.538000,38.065000,-3.473000,o1 KESAR
360,CSW24_hsp,25,31,39.378000,36.842000,-2.536000,o1 EUROS
204,CSW24_hsp,1,1,25.948000,21.386000,-4.562000,5k OI
204,CSW24_hsp,2,2,22.103000,18.439000,-3.664000,b2 TINEA
204,CSW24_hsp,3,3,21.948000,17.316000,-4.632000,g6 ION
204,CSW24_hsp,4,5,20.948000,16.774000,-4.174000,b5 OI
204,CSW24_hsp,5,4,20.948000,16.451000,-4.497000,b2 OI
204,CSW24_hsp,6,6,20.407000,16.109000,-4.298000,5i NAOI
204,CSW24_hsp,7,7,19.948000,15.896000,-4.052000,c3 IO
204,CSW24_hsp,8,9,19.948000,15.829000,-4.119000,c4 IO
204,CSW24_hsp,9,8,19.948000,15.723000,-4.225000,c3 OI
204,CSW24_hsp,10,11,19.428000,15.657000,-3.771000,c4 IOTA
204,CSW24_hsp,11,10,19.887000,15.245000,-4.642000,5k AI
204,CSW24_hsp,12,13,18.948000,14.614000,-4.334000,1l OI
204,CSW24_hsp,13,12,18.948000,14.577000,-4.371000,1k IO
204,CSW24_hsp,14,14,18.948000,14.089000,-4.859000,14b IO
204,CSW24_hsp,15,15,17.948000,13.251000,-4.697000,12i IO
204,CSW24_hsp,16,18,16.948000,12.879000,-4.069000,b4 IO
204,CSW24_hsp,17,17,16.948000,12.782000,-4.166000,b3 OI
204,CSW24_hsp,18,23,16.948000,12.350000,-4.598000,10m OI
204,CSW24_hsp,19,22,16.948000,12.333000,-4.615000,10m IO
204,CSW24_hsp,20,16,17.104000,12.330000,-4.774000,5k AIT
204,CSW24_hsp,21,21,16.948000,12.319000,-4.629000,10l OI
204,CSW24_hsp,22,19,16.948000,12.107000,-4.841000,g5 IO
204,CSW24_hsp,23,20,16.948000,11.955000,-4.993000,g5 OI
204,CSW24_hsp,24,25,16.948000,11.515000,-5.433000,14i OI
204,CSW24_hsp,25,28,15.948000,11.426000,-4.522000,6f BOI
460,CSW24_hsp,1,1,19.150000,13.567000,-5.583000,6g JAI
460,CSW24_hsp,2,2,19.122000,12.200000,-6.922000,j5 AJEE
460,CSW24_hsp,3,3,16.248000,10.357000,-5.891000,j6 JEE
460,CSW24_hsp,4,4,15.465000,7.289000,-8.176000,i4 AJIEs
460,CSW24_hsp,5,7,10.778000,4.849000,-5.929000,j6 JEER
460,CSW24_hsp,6,8,10.569000,4.633000,-5.936000,6b JAR
460,CSW24_hsp,7,10,9.778000,4.471000,-5.307000,d4 JERID
460,CSW24_hsp,8,5,11.150000,4.255000,-6.895000,7j AJI
460,CSW24_hsp,9,12,9.292000,3.702000,-5.590000,6g JEER
460,CSW24_hsp,10,6,11.150000,3.697000,-7.453000,9j AJI
460,CSW24_hsp,11,11,9.475000,3.644000,-5.831000,6g JEE
460,CSW24_hsp,12,9,10.150000,3.205000,-6.945000,i5 AJIs
460,CSW24_hsp,13,32,5.169000,-0.327000,-5.496000,ex EIIJ
460,CSW24_hsp,14,17,6.720000,-0.481000,-7.201000,7i IRE
460,CSW24_hsp,15,33,5.141000,-0.604000,-5.745000,6g JA
460,CSW24_hsp,16,35,4.778000,-0.718000,-5.496000,ex AEIIJ
460,CSW24_hsp,17,13,8.310000,-1.041000,-9.351000,7i AERIE
460,CSW24_hsp,18,34,5.122000,-1.133000,-6.255000,j6 AJEE
460,CSW24_hsp,19,19,6.720000,-1.231000,-7.951000,9i IRE
460,CSW24_hsp,20,14,7.672000,-1.259000,-8.931000,g7 ARIE
460,CSW24_hsp,21,41,4.466000,-1.426000,-5.892000,6b RIA
460,CSW24_hsp,22,15,7.646000,-1.520000,-9.166000,7i ARIE
460,CSW24_hsp,23,47,3.730000,-1.766000,-5.496000,ex EII
460,CSW24_hsp,24,54,3.465000,-2.031000,-5.496000,ex AEIJ
460,CSW24_hsp,25,18,6.720000,-2.056000,-8.776000,9b IRE
891,CSW24_hsp,1,1,27.163000,24.217000,-2.946000,4l AWA
891,CSW24_hsp,2,2,25.338000,22.559000,-2.779000,4l AHA
891,CSW24_hsp,3,3,21.737000,18.622000,-3.115000,l3 FAVA
891,CSW24_hsp,4,4,20.610000,17.340000,-3.270000,4l AWE
891,CSW24_hsp,5,5,18.824000,15.693000,-3.131000,5j NAVEW
891,CSW24_hsp,6,8,17.969000,14.844000,-3.125000,4l AW
891,CSW24_hsp,7,9,17.592000,14.517000,-3.075000,4l AH
891,CSW24_hsp,8,6,18.824000,14.491000,-4.333000,e9 NAVEW
891,CSW24_hsp,9,10,17.423000,14.276000,-3.147000,l3 FAVE
891,CSW24_hsp,10,7,18.196000,12.876000,-5.320000,2m HAW
891,CSW24_hsp,11,11,16.737000,12.320000,-4.417000,b3 AVA
891,CSW24_hsp,12,13,15.737000,11.567000,-4.170000,5a JAVA
891,CSW24_hsp,13,12,15.781000,11.563000,-4.218000,15j AWHAPE
891,CSW24_hsp,14,14,14.814000,11.543000,-3.271000,l3 FAV
891,CSW24_hsp,15,17,12.663000,9.220000,-3.443000,4l AA
891,CSW24_hsp,16,22,11.423000,8.093000,-3.330000,5h VENA
891,CSW24_hsp,17,23,11.423000,8.058000,-3.365000,5j NAVE
891,CSW24_hsp,18,27,11.117000,8.046000,-3.071000,4l EW
891,CSW24_hsp,19,21,11.423000,8.031000,-3.392000,5h VANE
891,CSW24_hsp,20,20,11.592000,7.955000,-3.637000,9i HA
891,CSW24_hsp,21,15,14.338000,7.776000,-6.562000,2m AAH
891,CSW24_hsp,22,16,13.163000,7.679000,-5.484000,b3 AWA
891,CSW24_hsp,23,26,11.196000,7.653000,-3.543000,4m HAW
891,CSW24_hsp,24,28,10.969000,7.638000,-3.331000,l3 FAW
891,CSW24_hsp,25,29,10.592000,7.291000,-3.301000,l3 FAH
67,CSW24_hsp,1,1,46.966000,38.356000,-8.610000,a11 HAVOC
67,CSW24_hsp,2,2,38.614000,29.734000,-8.880000,a11 POACH
67,CSW24_hsp,3,3,26.481000,16.000000,-10.481000,a12 OPAH
67,CSW24_hsp,4,4,25.091000,13.913000,-11.178000,e4 VINED
67,CSW24_hsp,5,13,18.695000,12.923000,-5.772000,a7 HAO
67,CSW24_hsp,6,12,19.461000,12.105000,-7.356000,a7 PO
67,CSW24_hsp,7,6,23.485000,12.099000,-11.386000,e4 VANED
67,CSW24_hsp,8,19,17.661000,10.282000,-7.379000,a7 HO
67,CSW24_hsp,9,7,21.146000,9.069000,-12.077000,6i AVI
67,CSW24_hsp,10,5,24.095000,8.868000,-15.227000,12a INCAVO
67,CSW24_hsp,11,8,20.988000,8.771000,-12.217000,6i AVO
67,CSW24_hsp,12,10,20.561000,8.176000,-12.385000,e3 PHONED
67,CSW24_hsp,13,9,20.561000,7.852000,-12.709000,c3 PHOH
67,CSW24_hsp,14,27,15.105000,7.756000,-7.349000,a7 PA
67,CSW24_hsp,15,11,19.485000,7.491000,-11.994000,d4 VAUT
67,CSW24_hsp,16,31,14.516000,7.214000,-7.302000,a7 HA
67,CSW24_hsp,17,18,17.966000,6.261000,-11.705000,9h HAVOC
67,CSW24_hsp,18,14,18.146000,6.042000,-12.104000,c12 AVI
67,CSW24_hsp,19,17,17.988000,5.911000,-12.077000,c12 OVA
67,CSW24_hsp,20,16,17.988000,5.710000,-12.278000,c12 AVO
67,CSW24_hsp,21,21,17.374000,5.590000,-11.784000,a11 PAV
67,CSW24_hsp,22,20,17.485000,5.376000,-12.109000,12b NAV
67,CSW24_hsp,23,15,17.988000,4.810000,-13.178000,12b NOVA
67,CSW24_hsp,24,44,12.461000,4.458000,-8.003000,8a PRO
67,CSW24_hsp,25,25,15.485000,4.183000,-11.302000,9b UVA
1145,CSW24_hsp,1,1,22.507000,14.174000,-8.333000,l11 SWINK
1145,CSW24_hsp,2,2,18.818000,10.060000,-8.758000,d3 QIN
1145,CSW24_hsp,3,3,17.680000,9.289000,-8.391000,l11 SMIRK
1145,CSW24_hsp,4,4,17.018000,9.250000,-7.768000,f10 WIN
1145,CSW24_hsp,5,5,16.507000,7.158000,-9.349000,d2 WINK
1145,CSW24_hsp,6,6,14.655000,5.884000,-8.771000,7c KNEW
1145,CSW24_hsp,7,9,13.100000,4.533000,-8.567000,9c QIS
1145,CSW24_hsp,8,8,13.100000,4.386000,-8.714000,d4 QI
1145,CSW24_hsp,9,7,13.507000,3.940000,-9.567000,f2 WINK
1145,CSW24_hsp,10,12,11.574000,3.650000,-7.924000,f10 MIR
1145,CSW24_hsp,11,10,11.772000,2.655000,-9.117000,d2 MINK
1145,CSW24_hsp,12,11,11.680000,2.553000,-9.127000,d2 MIRK
1145,CSW24_hsp,13,13,9.513000,0.800000,-8.713000,7d MEW
1145,CSW24_hsp,14,15,7.996000,0.103000,-7.893000,10e EM
1145,CSW24_hsp,15,14,8.818000,-0.365000,-9.183000,9b QINS
1145,CSW24_hsp,16,16,7.772000,-1.750000,-9.522000,f2 MINK
1145,CSW24_hsp,17,17,7.680000,-1.793000,-9.473000,f2 MIRK
1145,CSW24_hsp,18,18,7.373000,-2.205000,-9.578000,d2 RINK
1145,CSW24_hsp,19,19,6.818000,-2.660000,-9.478000,f3 QIN
1145,CSW24_hsp,20,20,5.373000,-4.025000,-9.398000,f2 KIRN
1145,CSW24_hsp,21,21,4.690000,-4.405000,-9.095000,l11 SWIM
1145,CSW24_hsp,22,34,2.018000,-5.410000,-7.428000,f13 NAW
1145,CSW24_hsp,23,24,3.719000,-5.766000,-9.485000,5d WORK
1145,CSW24_hsp,24,27,3.018000,-5.843000,-8.861000,7d NEW
1145,CSW24_hsp,25,25,3.373000,-6.012000,-9.385000,d2 KIRN
800,CSW24_hsp,1,1,44.643000,33.124000,-11.519000,8c EL
800,CSW24_hsp,2,3,42.106000,30.187000,-11.919000,8b LEG
800,CSW24_hsp,3,2,42.643000,29.643000,-13.000000,14b ZEL
800,CSW24_hsp,4,4,38.643000,25.955000,-12.688000,e5 LUG
800,CSW24_hsp,5,6,35.547000,25.547000,-10.000000,8a ALE
800,CSW24_hsp,6,5,36.643000,25.536000,-11.107000,15a LO
800,CSW24_hsp,7,9,35.308000,24.328000,-10.980000,15a LOS
800,CSW24_hsp,8,8,35.547000,22.444000,-13.103000,d14 LA
800,CSW24_hsp,9,7,35.547000,22.406000,-13.141000,d14 AL
800,CSW24_hsp,10,16,33.308000,22.005000,-11.303000,d6 JOLS
800,CSW24_hsp,11,12,33.771000,21.997000,-11.774000,12b LALL
800,CSW24_hsp,12,11,34.643000,21.835000,-12.808000,15f LOD
800,CSW24_hsp,13,10,34.643000,21.615000,-13.028000,13g REEL
800,CSW24_hsp,14,15,33.308000,20.985000,-12.323000,e5 LUGS
800,CSW24_hsp,15,13,33.643000,20.852000,-12.791000,13a LAT
800,CSW24_hsp,16,25,30.098000,20.599000,-9.499000,8b NEG
800,CSW24_hsp,17,19,32.643000,20.360000,-12.283000,e11 AL
800,CSW24_hsp,18,22,30.322000,20.066000,-10.256000,a6 LING
800,CSW24_hsp,19,17,32.771000,20.059000,-12.712000,10b HELL
800,CSW24_hsp,20,24,30.104000,20.017000,-10.087000,a5 LIANGS
800,CSW24_hsp,21,23,30.163000,20.011000,-10.152000,a5 LIANG
800,CSW24_hsp,22,18,32.643000,19.719000,-12.924000,e10 LA
800,CSW24_hsp,23,14,33.547000,19.446000,-14.101000,14b ZEAL
800,CSW24_hsp,24,36,29.104000,19.031000,-10.073000,a5 LIGANS
800,CSW24_hsp,25,32,29.163000,19.003000,-10.160000,a5 LIGAN
398,CSW24_hsp,1,1,80.000000,75.210000,-4.790000,l4 AMIDASE
398,CSW24_hsp,2,2,44.539000,39.527000,-5.012000,8k AMIDE
398,CSW24_hsp,3,3,38.622000,34.462000,-4.160000,8j MEDIAS
398,CSW24_hsp,4,4,38.539000,33.591000,-4.948000,8k AIMED
398,CSW24_hsp,5,6,35.622000,31.545000,-4.077000,8j MESIAD
398,CSW24_hsp,6,5,35.980000,31.058000,-4.922000,8k AMIAS
398,CSW24_hsp,7,8,34.362000,29.590000,-4.772000,8k AMIDS
398,CSW24_hsp,8,7,35.067000,28.326000,-6.741000,g5 AI
398,CSW24_hsp,9,9,34.160000,27.934000,-6.226000,k9 TAPER
398,CSW24_hsp,10,10,32.853000,27.762000,-5.091000,8k AMIES
398,CSW24_hsp,11,11,32.388000,26.958000,-5.430000,10f AM
398,CSW24_hsp,12,13,31.067000,25.120000,-5.947000,10k AI
398,CSW24_hsp,13,15,31.006000,24.835000,-6.171000,6f QAID
398,CSW24_hsp,14,14,31.006000,24.820000,-6.186000,6f QADI
398,CSW24_hsp,15,16,30.582000,24.674000,-5.908000,10k AA
398,CSW24_hsp,16,17,30.160000,24.251000,-5.909000,f10 Ad
398,CSW24_hsp,17,12,31.987000,24.184000,-7.803000,g4 AMI
398,CSW24_hsp,18,18,29.178000,23.956000,-5.222000,8j MAA
398,CSW24_hsp,19,20,29.160000,23.901000,-5.259000,j8 AI
398,CSW24_hsp,20,25,28.987000,23.763000,-5.224000,12d SAIM
398,CSW24_hsp,21,23,29.160000,23.553000,-5.607000,11n AA
398,CSW24_hsp,22,22,29.160000,23.443000,-5.717000,11m AA
398,CSW24_hsp,23,27,28.521000,23.395000,-5.126000,8k IDEAS
398,CSW24_hsp,24,30,28.067000,23.112000,-4.955000,8j AI
398,CSW24_hsp,25,34,27.987000,22.939000,-5.048000,8j AIM
1035,CSW24_hsp,1,1,83.000000,74.682000,-8.318000,1h ENARGITE
1035,CSW24_hsp,2,2,81.000000,69.561000,-11.439000,3h HEARTING
1035,CSW24_hsp,3,4,77.000000,69.058000,-7.942000,l3 INGRATE
1035,CSW24_hsp,4,3,78.000000,68.339000,-9.661000,14b GRANITISE
1035,CSW24_hsp,5,5,76.000000,61.791000,-14.209000,2h CATERING
1035,CSW24_hsp,6,7,76.000000,61.609000,-14.391000,2h CREATING
1035,CSW24_hsp,7,6,76.000000,60.626000,-15.374000,2h CITRANGE
1035,CSW24_hsp,8,9,64.000000,56.284000,-7.716000,10g GITTARONE
1035,CSW24_hsp,9,8,68.000000,56.174000,-11.826000,n3 GRATINE
1035,CSW24_hsp,10,10,60.000000,50.909000,-9.091000,1e INTERAGE
1035,CSW24_hsp,11,11,45.688000,35.787000,-9.901000,e3 rENOTIFYING
1035,CSW24_hsp,12,12,37.452000,27.477000,-9.975000,7e TE
1035,CSW24_hsp,13,13,35.618000,25.388000,-10.230000,a5 RAVING
1035,CSW24_hsp,14,15,31.618000,21.818000,-9.800000,14n GU
1035,CSW24_hsp,15,14,33.688000,21.725000,-11.963000,b6 ZANYING
1035,CSW24_hsp,16,16,30.618000,20.848000,-9.770000,8l GO
1035,CSW24_hsp,17,17,30.452000,20.647000,-9.805000,3g EH
1035,CSW24_hsp,18,18,30.452000,20.624000,-9.828000,3h HE
1035,CSW24_hsp,19,23,30.253000,20.587000,-9.666000,7e TEA
1035,CSW24_hsp,20,21,30.352000,20.547000,-9.805000,3g AH
1035,CSW24_hsp,21,20,30.452000,20.472000,-9.980000,9d EF
1035,CSW24_hsp,22,22,30.352000,20.392000,-9.960000,3h HA
1035,CSW24_hsp,23,19,30.452000,20.181000,-10.271000,a5 RAVINE
1035,CSW24_hsp,24,28,29.352000,20.079000,-9.273000,k11 AB
1035,CSW24_hsp,25,24,29.940000,19.984000,-9.956000,d8 PEART
925,CSW24_hsp,1,1,39.983000,32.259000,-7.724000,b13 WAD
925,CSW24_hsp,2,2,35.145000,27.427000,-7.718000,b12 SWAD
925,CSW24_hsp,3,4,30.997000,23.209000,-7.788000,15a WAES
925,CSW24_hsp,4,3,30.997000,23.208000,-7.789000,15a AWES
925,CSW24_hsp,5,6,29.391000,21.796000,-7.595000,15a GUES
925,CSW24_hsp,6,5,30.406000,21.420000,-8.986000,b14 AW
925,CSW24_hsp,7,7,27.228000,19.470000,-7.758000,15a DUES
925,CSW24_hsp,8,8,26.997000,18.203000,-8.794000,b13 SAW
925,CSW24_hsp,9,9,24.841000,17.097000,-7.744000,15a GIES
925,CSW24_hsp,10,11,21.983000,14.730000,-7.253000,9e ADAW
925,CSW24_hsp,11,12,21.144000,13.396000,-7.748000,15a AGES
925,CSW24_hsp,12,13,21.144000,13.300000,-7.844000,15a GAES
925,CSW24_hsp,13,15,20.860000,13.000000,-7.860000,15a IDES
925,CSW24_hsp,14,14,20.860000,12.915000,-7.945000,15a DIES
925,CSW24_hsp,15,19,19.406000,10.859000,-8.547000,15a WAE
925,CSW24_hsp,16,18,19.406000,10.858000,-8.548000,15a AWE
925,CSW24_hsp,17,20,19.038000,10.854000,-8.184000,9d WADI
925,CSW24_hsp,18,16,20.744000,10.330000,-10.414000,7h WUD
925,CSW24_hsp,19,17,20.744000,10.147000,-10.597000,9h WUD
925,CSW24_hsp,20,21,17.672000,9.627000,-8.045000,15a DAES
925,CSW24_hsp,21,22,17.658000,9.348000,-8.310000,15a GUE
925,CSW24_hsp,22,26,17.406000,9.255000,-8.151000,9e AWA
925,CSW24_hsp,23,31,16.406000,8.967000,-7.439000,7g AW
925,CSW24_hsp,24,32,16.406000,8.645000,-7.761000,9g AW
925,CSW24_hsp,25,27,17.406000,8.293000,-9.113000,f14 AW
985,CSW24_hsp,1,1,65.792000,58.128000,-7.664000,11e BOTOXED
985,CSW24_hsp,2,2,32.613000,27.557000,-5.056000,e11 OX
985,CSW24_hsp,3,5,30.631000,23.813000,-6.818000,11c BOTOX
985,CSW24_hsp,4,4,31.083000,23.685000,-7.398000,10f VIBEX
985,CSW24_hsp,5,6,30.631000,23.651000,-6.980000,11e BOTOX
985,CSW24_hsp,6,3,31.792000,23.144000,-8.648000,11c BOTOXED
985,CSW24_hsp,7,8,28.446000,20.917000,-7.529000,10f VITEX
985,CSW24_hsp,8,13,26.083000,20.489000,-5.594000,e11 BO
985,CSW24_hsp,9,12,26.246000,20.424000,-5.822000,11e BOX
985,CSW24_hsp,10,9,27.627000,19.906000,-7.721000,11c TOXOID
985,CSW24_hsp,11,10,27.627000,19.647000,-7.980000,11e TOXOID
985,CSW24_hsp,12,11,26.403000,19.531000,-6.872000,11e BOXED
985,CSW24_hsp,13,18,24.083000,18.528000,-5.555000,e11 OB
985,CSW24_hsp,14,16,24.760000,18.488000,-6.272000,9c BODE
985,CSW24_hsp,15,17,24.760000,18.333000,-6.427000,9c DOBE
985,CSW24_hsp,16,14,25.481000,18.104000,-7.377000,e4 BIODOT
985,CSW24_hsp,17,20,23.864000,17.988000,-5.876000,12c DIXIT
985,CSW24_hsp,18,28,23.458000,17.896000,-5.562000,12c DIXI
985,CSW24_hsp,19,29,23.437000,17.820000,-5.617000,c13 BET
985,CSW24_hsp,20,19,23.891000,17.580000,-6.311000,12d OXIDE
985,CSW24_hsp,21,23,23.724000,17.553000,-6.171000,12d OXID
985,CSW24_hsp,22,7,30.032000,17.229000,-12.803000,7a BOXED
985,CSW24_hsp,23,15,24.891000,17.095000,-7.796000,9b EXODE
985,CSW24_hsp,24,22,23.760000,16.708000,-7.052000,7c DOB
985,CSW24_hsp,25,30,23.319000,16.643000,-6.676000,12d OBIIT
429,CSW24_hsp,1,1,25.522000,24.419000,-1.103000,15f PURANA
429,CSW24_hsp,2,2,24.014000,22.896000,-1.118000,15f RAUPO
429,CSW24_hsp,3,3,22.385000,21.332000,-1.053000,15f OUPA
429,CSW24_hsp,4,4,22.005000,20.953000,-1.052000,15f PAUA
429,CSW24_hsp,5,6,20.837000,19.782000,-1.055000,15f PUNA
429,CSW24_hsp,6,7,19.528000,18.453000,-1.075000,15f PRAU
429,CSW24_hsp,7,5,21.385000,17.631000,-3.754000,k7 RAUPO
429,CSW24_hsp,8,8,18.064000,16.986000,-1.078000,15f UPRAN
429,CSW24_hsp,9,9,17.433000,16.403000,-1.030000,15f POUR
429,CSW24_hsp,10,12,17.092000,15.989000,-1.103000,15f PROA
429,CSW24_hsp,11,11,17.092000,15.988000,-1.104000,15f PRAO
429,CSW24_hsp,12,14,16.559000,15.489000,-1.070000,15f NOUP
429,CSW24_hsp,13,15,16.559000,15.439000,-1.120000,15f UPON
429,CSW24_hsp,14,13,16.600000,15.355000,-1.245000,15f POA
429,CSW24_hsp,15,16,16.538000,15.339000,-1.199000,15f PRANA
429,CSW24_hsp,16,18,16.320000,15.201000,-1.119000,15f PAAN
429,CSW24_hsp,17,20,15.433000,14.359000,-1.074000,15f ROUP
429,CSW24_hsp,18,19,15.592000,14.343000,-1.249000,15f RUANA
429,CSW24_hsp,19,10,17.385000,14.208000,-3.177000,c3 OUPA
429,CSW24_hsp,20,22,14.767000,13.664000,-1.103000,15f PARA
429,CSW24_hsp,21,24,14.602000,13.438000,-1.164000,15f OUP
429,CSW24_hsp,22,25,14.602000,13.379000,-1.223000,15f UPO
429,CSW24_hsp,23,23,14.766000,13.354000,-1.412000,15f URAO
429,CSW24_hsp,24,26,14.600000,13.302000,-1.298000,15f OPA
429,CSW24_hsp,25,27,14.320000,13.227000,-1.093000,15f NAPA
435,CSW24_hsp,1,2,4.534000,-2.619000,-7.153000,2f GNARL
435,CSW24_hsp,2,1,5.755000,-2.725000,-8.480000,2g JARL
435,CSW24_hsp,3,5,1.485000,-5.736000,-7.221000,2f GRANT
435,CSW24_hsp,4,3,2.184000,-6.617000,-8.801000,f10 TIRL
435,CSW24_hsp,5,4,1.957000,-6.835000,-8.792000,f10 TILL
435,CSW24_hsp,6,14,-0.741000,-8.533000,-7.792000,2g LARNT
435,CSW24_hsp,7,6,0.869000,-9.222000,-10.091000,ex GJLLNT
435,CSW24_hsp,8,7,0.506000,-9.585000,-10.091000,ex GJLLN
435,CSW24_hsp,9,8,0.000000,-10.091000,-10.091000,ex GJLLNRT
435,CSW24_hsp,10,9,-0.109000,-10.200000,-10.091000,ex GJLLRT
435,CSW24_hsp,11,13,-0.645000,-10.382000,-9.737000,d3 RAJ
435,CSW24_hsp,12,10,-0.306000,-10.397000,-10.091000,ex JLLRT
435,CSW24_hsp,13,11,-0.482000,-10.573000,-10.091000,ex GJLLNR
435,CSW24_hsp,14,18,-0.955000,-10.601000,-9.646000,d3 TAJ
435,CSW24_hsp,15,12,-0.538000,-10.629000,-10.091000,ex JLLT
435,CSW24_hsp,16,21,-1.609000,-10.736000,-9.127000,2g GALL
435,CSW24_hsp,17,15,-0.756000,-10.847000,-10.091000,ex GJLLT
435,CSW24_hsp,18,16,-0.785000,-10.876000,-10.091000,ex GJLLR
435,CSW24_hsp,19,17,-0.896000,-10.987000,-10.091000,ex GJLNRT
435,CSW24_hsp,20,22,-1.941000,-11.168000,-9.227000,2g LANG
435,CSW24_hsp,21,23,-2.043000,-11.425000,-9.382000,2g TALL
435,CSW24_hsp,22,19,-1.375000,-11.466000,-10.091000,ex GLLNRT
435,CSW24_hsp,23,20,-1.529000,-11.620000,-10.091000,ex GJLL
435,CSW24_hsp,24,35,-3.877000,-11.821000,-7.944000,o1 REISsUER
435,CSW24_hsp,25,32,-3.212000,-12.145000,-8.933000,f10 TING
109,CSW24_hsp,1,3,86.000000,75.538000,-10.462000,k4 PErEIONS
109,CSW24_hsp,2,4,86.000000,75.191000,-10.809000,k5 SEmIOPEN
109,CSW24_hsp,3,1,86.000000,75.004000,-10.996000,k4 PENSIOnE
109,CSW24_hsp,4,2,86.000000,75.004000,-10.996000,k4 PEnSIONE
109,CSW24_hsp,5,5,76.000000,70.590000,-5.410000,7e OPENESt
109,CSW24_hsp,6,7,75.000000,68.873000,-6.127000,7d rEPONES
109,CSW24_hsp,7,6,75.000000,68.358000,-6.642000,7d dEPONES
109,CSW24_hsp,8,8,73.000000,63.452000,-9.548000,9c PENtOSE
109,CSW24_hsp,9,9,72.000000,61.254000,-10.746000,l3 POtENCES
109,CSW24_hsp,10,10,72.000000,61.150000,-10.850000,l4 PENOChES
109,CSW24_hsp,11,11,69.000000,59.110000,-9.890000,7b SPONdEE
109,CSW24_hsp,12,12,69.000000,58.455000,-10.545000,9b SPONdEE
109,CSW24_hsp,13,25,67.000000,57.355000,-9.645000,j6 POTENcES
109,CSW24_hsp,14,17,68.000000,57.111000,-10.889000,k7 PIONEErS
109,CSW24_hsp,15,20,68.000000,56.989000,-11.011000,9b PErONES
109,CSW24_hsp,16,22,68.000000,56.957000,-11.043000,9b rEPONES
109,CSW24_hsp,17,18,68.000000,56.874000,-11.126000,k7 dISPONEE
109,CSW24_hsp,18,16,68.000000,56.766000,-11.234000,k6 EPIgONES
109,CSW24_hsp,19,21,68.000000,56.747000,-11.253000,9b dEPONES
109,CSW24_hsp,20,28,67.000000,56.523000,-10.477000,f7 dISPONEE
109,CSW24_hsp,21,13,68.000000,56.508000,-11.492000,k3 OPENSIdE
109,CSW24_hsp,22,15,68.000000,56.195000,-11.805000,k6 EPISEmON
109,CSW24_hsp,23,23,67.000000,56.161000,-10.839000,f5 SEmIOPEN
109,CSW24_hsp,24,24,67.000000,55.907000,-11.093000,j5 NEOTyPES
109,CSW24_hsp,25,27,67.000000,55.683000,-11.317000,j6 POTtEENS
638,CSW24_hsp,1,4,83.000000,76.524000,-6.476000,1g LIVELONg
638,CSW24_hsp,2,2,86.000000,75.313000,-10.687000,n8 LIVELOd
638,CSW24_hsp,3,3,85.000000,74.799000,-10.201000,n8 aLVEOLI
638,CSW24_hsp,4,1,86.000000,72.205000,-13.795000,2h LIVELOOd
638,CSW24_hsp,5,7,72.000000,62.795000,-9.205000,4g LOVELIEr
638,CSW24_hsp,6,8,72.000000,62.546000,-9.454000,4g LOVELIEs
638,CSW24_hsp,7,6,72.000000,62.096000,-9.904000,4f VOLELIkE
638,CSW24_hsp,8,5,74.000000,61.594000,-12.406000,2g LIVELOOd
638,CSW24_hsp,9,10,70.000000,56.961000,-13.039000,14d LOVeLIES
638,CSW24_hsp,10,9,70.000000,56.766000,-13.234000,e1 VOLELIkE
638,CSW24_hsp,11,11,68.000000,55.389000,-12.611000,14d LIVELOdS
638,CSW24_hsp,12,12,68.000000,54.903000,-13.097000,14d LOVELIeS
638,CSW24_hsp,13,14,57.477000,49.744000,-7.733000,1h VELLON
638,CSW24_hsp,14,13,62.000000,48.592000,-13.408000,14d LOwLIVES
638,CSW24_hsp,15,15,56.282000,45.447000,-10.835000,10d LEV
638,CSW24_hsp,16,16,53.105000,42.341000,-10.764000,4h VIELLE
638,CSW24_hsp,17,17,52.282000,41.235000,-11.047000,m13 LEV
638,CSW24_hsp,18,18,51.032000,40.141000,-10.891000,10b VOILE
638,CSW24_hsp,19,19,50.272000,38.781000,-11.491000,m13 LO
638,CSW24_hsp,20,22,49.003000,37.772000,-11.231000,m13 LI
638,CSW24_hsp,21,23,48.805000,37.545000,-11.260000,m13 EVO
638,CSW24_hsp,22,32,47.879000,37.359000,-10.520000,4i VOILE
638,CSW24_hsp,23,30,47.879000,37.277000,-10.602000,4i LOVIE
638,CSW24_hsp,24,29,47.879000,36.766000,-11.113000,e4 VOILE
638,CSW24_hsp,25,33,47.626000,36.757000,-10.869000,8m EVO
941,CSW24_hsp,1,1,65.000000,55.558000,-9.442000,2h SPITEFUL
941,CSW24_hsp,2,2,38.884000,33.517000,-5.367000,14l FILL
941,CSW24_hsp,3,3,35.532000,29.353000,-6.179000,l6 FAD
941,CSW24_hsp,4,4,35.340000,29.208000,-6.132000,13f FLYER
941,CSW24_hsp,5,5,34.562000,29.189000,-5.373000,14l FELL
941,CSW24_hsp,6,6,34.532000,28.538000,-5.994000,11h FIN
941,CSW24_hsp,7,8,33.859000,28.323000,-5.536000,n10 FIE
941,CSW24_hsp,8,7,33.991000,28.210000,-5.781000,9h PA
941,CSW24_hsp,9,9,33.532000,27.236000,-6.296000,5m FE
941,CSW24_hsp,10,10,33.532000,27.192000,-6.340000,14g FE
941,CSW24_hsp,11,12,32.402000,27.102000,-5.300000,11b FLIPS
941,CSW24_hsp,12,11,32.991000,26.975000,-6.016000,m7 TIP
941,CSW24_hsp,13,14,31.415000,25.862000,-5.553000,14l PILL
941,CSW24_hsp,14,13,31.435000,25.820000,-5.615000,g13 EF
941,CSW24_hsp,15,20,30.573000,25.006000,-5.567000,g12 TEF
941,CSW24_hsp,16,15,30.991000,24.817000,-6.174000,l6 PAD
941,CSW24_hsp,17,18,30.859000,24.778000,-6.081000,6k IF
941,CSW24_hsp,18,17,30.884000,24.470000,-6.414000,5k LIFE
941,CSW24_hsp,19,19,30.859000,24.444000,-6.415000,14f FIE
941,CSW24_hsp,20,16,30.884000,24.411000,-6.473000,5k FILE
941,CSW24_hsp,21,22,29.923000,23.985000,-5.938000,g11 FIT
941,CSW24_hsp,22,25,29.435000,23.899000,-5.536000,n10 FEE
941,CSW24_hsp,23,21,29.991000,23.781000,-6.210000,11h PIN
941,CSW24_hsp,24,30,29.032000,23.690000,-5.342000,11b PELFS
941,CSW24_hsp,25,29,29.305000,23.619000,-5.686000,g11 LIEF
564,CSW24_hsp,1,1,43.005000,39.776000,-3.229000,15a FIVER
564,CSW24_hsp,2,3,42.004000,38.698000,-3.306000,15a FIVE
564,CSW24_hsp,3,2,42.171000,38.326000,-3.845000,15a VIG
564,CSW24_hsp,4,5,41.990000,38.177000,-3.813000,15a GIF
564,CSW24_hsp,5,4,41.990000,38.109000,-3.881000,15a FIG
564,CSW24_hsp,6,6,39.304000,36.035000,-3.269000,15a VIRGE
564,CSW24_hsp,7,8,36.304000,32.880000,-3.424000,15a GIVER
564,CSW24_hsp,8,7,36.440000,32.841000,-3.599000,15a GIVE
564,CSW24_hsp,9,9,35.743000,32.586000,-3.157000,15a FIVERS
564,CSW24_hsp,10,11,34.736000,31.510000,-3.226000,15a FIVES
564,CSW24_hsp,11,14,32.737000,29.495000,-3.242000,15a VIRGES
564,CSW24_hsp,12,13,32.899000,29.429000,-3.470000,15a VIGS
564,CSW24_hsp,13,10,35.049000,28.104000,-6.945000,g1 FIG
564,CSW24_hsp,14,12,34.079000,27.005000,-7.074000,11g FIVER
564,CSW24_hsp,15,16,30.294000,26.817000,-3.477000,15a GIFS
564,CSW24_hsp,16,15,30.294000,26.815000,-3.479000,15a FIGS
564,CSW24_hsp,17,17,29.737000,26.333000,-3.404000,15a GIVERS
564,CSW24_hsp,18,18,29.657000,26.236000,-3.421000,15a GIVES
564,CSW24_hsp,19,19,29.255000,23.112000,-6.143000,f1 FIVERS
564,CSW24_hsp,20,31,26.638000,23.045000,-3.593000,15a VIER
564,CSW24_hsp,21,32,26.638000,22.889000,-3.749000,15a VIRE
564,CSW24_hsp,22,30,26.638000,22.876000,-3.762000,15a RIVE
564,CSW24_hsp,23,21,28.857000,22.629000,-6.228000,f1 GIVERS
564,CSW24_hsp,24,20,29.061000,22.201000,-6.860000,11e FER
564,CSW24_hsp,25,26,27.878000,21.676000,-6.202000,f2 VIERS
510,CSW24_hsp,1,1,29.374000,22.213000,-7.161000,3a LEV
510,CSW24_hsp,2,2,28.269000,20.764000,-7.505000,n6 FLICK
510,CSW24_hsp,3,3,25.359000,18.790000,-6.569000,m12 CHIV
510,CSW24_hsp,4,6,21.843000,16.137000,-5.706000,15m FEH
510,CSW24_hsp,5,4,22.787000,15.623000,-7.164000,13m KEF
510,CSW24_hsp,6,5,22.094000,15.326000,-6.768000,m11 KEVIL
510,CSW24_hsp,7,8,19.359000,12.891000,-6.468000,n6 CHIV
510,CSW24_hsp,8,7,19.565000,12.789000,-6.776000,n7 FILK
510,CSW24_hsp,9,9,18.675000,11.934000,-6.741000,7i KHAF
510,CSW24_hsp,10,10,17.993000,11.442000,-6.551000,c1 GUV
510,CSW24_hsp,11,11,17.863000,11.214000,-6.649000,n6 CHIVE
510,CSW24_hsp,12,12,17.645000,10.892000,-6.753000,m12 CHIK
510,CSW24_hsp,13,14,17.226000,10.650000,-6.576000,h7 FAV
510,CSW24_hsp,14,13,17.604000,10.499000,-7.105000,3c LEHR
510,CSW24_hsp,15,18,16.374000,10.075000,-6.299000,13m LEV
510,CSW24_hsp,16,15,17.166000,9.996000,-7.170000,m1 SKELF
510,CSW24_hsp,17,16,16.946000,9.361000,-7.585000,n7 FICKLE
510,CSW24_hsp,18,19,16.119000,9.336000,-6.783000,h7 FAVEL
510,CSW24_hsp,19,20,15.775000,9.335000,-6.440000,n10 HELVE
510,CSW24_hsp,20,17,16.520000,9.218000,-7.302000,n6 CHIEF
510,CSW24_hsp,21,21,15.607000,9.005000,-6.602000,m13 KIF
510,CSW24_hsp,22,22,15.542000,8.977000,-6.565000,6j FUCK
510,CSW24_hsp,23,24,15.064000,8.720000,-6.344000,n7 KIEV
510,CSW24_hsp,24,23,15.199000,8.709000,-6.490000,9i CHEF
510,CSW24_hsp,25,25,14.645000,7.849000,-6.796000,n7 HICK
551,CSW24_hsp,1,1,65.000000,58.573000,-6.427000,f4 OERSTEDS
551,CSW24_hsp,2,2,63.000000,57.038000,-5.962000,f1 DOSSERET
551,CSW24_hsp,3,3,44.620000,39.830000,-4.790000,n1 ZEES
551,CSW24_hsp,4,4,41.978000,37.296000,-4.682000,n4 SOD
551,CSW24_hsp,5,5,40.673000,33.797000,-6.876000,n5 ODE
551,CSW24_hsp,6,6,40.091000,32.884000,-7.207000,n6 DE
551,CSW24_hsp,7,12,38.091000,32.636000,-5.455000,3n DE
551,CSW24_hsp,8,15,37.620000,32.383000,-5.237000,3n ES
551,CSW24_hsp,9,9,38.798000,32.237000,-6.561000,n4 SORE
551,CSW24_hsp,10,21,36.620000,32.078000,-4.542000,7h VEST
551,CSW24_hsp,11,18,37.091000,31.951000,-5.140000,3n ED
551,CSW24_hsp,12,16,37.175000,31.895000,-5.280000,3n DO
551,CSW24_hsp,13,25,36.412000,31.454000,-4.958000,7f SOV
551,CSW24_hsp,14,8,39.175000,31.451000,-7.724000,n6 DO
551,CSW24_hsp,15,22,36.412000,31.296000,-5.116000,j4 SO
551,CSW24_hsp,16,20,36.933000,31.116000,-5.817000,10f DOSE
551,CSW24_hsp,17,17,37.175000,31.051000,-6.124000,n5 OD
551,CSW24_hsp,18,23,36.412000,31.015000,-5.397000,n4 SO
551,CSW24_hsp,19,29,35.620000,30.846000,-4.774000,7f SEV
551,CSW24_hsp,20,7,39.933000,30.786000,-9.147000,n5 ODES
551,CSW24_hsp,21,31,35.536000,30.415000,-5.121000,10h SED
551,CSW24_hsp,22,27,36.412000,30.383000,-6.029000,10h SO
551,CSW24_hsp,23,49,34.620000,30.353000,-4.267000,j6 SET
551,CSW24_hsp,24,26,36.412000,30.342000,-6.070000,10g OS
551,CSW24_hsp,25,19,36.933000,30.207000,-6.726000,10e ODES
208,CSW24_hsp,1,1,27.226000,21.503000,-5.723000,e5 GAZON
208,CSW24_hsp,2,2,25.568000,18.968000,-6.600000,7c ZETA
208,CSW24_hsp,3,3,24.568000,18.347000,-6.221000,e7 TOAZE
208,CSW24_hsp,4,4,24.487000,17.010000,-7.477000,e7 GOTTEN
208,CSW24_hsp,5,6,23.778000,16.720000,-7.058000,7c ZAG
208,CSW24_hsp,6,7,23.065000,16.574000,-6.491000,e7 GOTTA
208,CSW24_hsp,7,5,24.194000,16.347000,-7.847000,e7 ZONATE
208,CSW24_hsp,8,17,20.178000,15.970000,-4.208000,7e ZEA
208,CSW24_hsp,9,14,20.958000,15.941000,-5.017000,9g ATT
208,CSW24_hsp,10,9,22.261000,15.913000,-6.348000,e7 TONGA
208,CSW24_hsp,11,11,22.178000,15.709000,-6.469000,f8 MAZE
208,CSW24_hsp,12,10,22.237000,15.236000,-7.001000,7c GAZE
208,CSW24_hsp,13,8,22.261000,15.035000,-7.226000,e4 TANGO
208,CSW24_hsp,14,23,19.127000,14.294000,-4.833000,e7 GOT
208,CSW24_hsp,15,26,19.127000,14.174000,-4.953000,h7 TUG
208,CSW24_hsp,16,25,19.127000,14.153000,-4.974000,h7 GUT
208,CSW24_hsp,17,24,19.127000,14.126000,-5.001000,e7 TOG
208,CSW24_hsp,18,38,17.687000,13.911000,-3.776000,7e GEAN
208,CSW24_hsp,19,30,18.411000,13.787000,-4.624000,7e ZA
208,CSW24_hsp,20,13,21.989000,13.751000,-8.238000,9g AGENT
208,CSW24_hsp,21,12,21.989000,13.614000,-8.375000,7g AGENT
208,CSW24_hsp,22,36,17.967000,13.511000,-4.456000,9e NEAT
208,CSW24_hsp,23,37,17.905000,13.389000,-4.516000,7e ZE
208,CSW24_hsp,24,15,20.719000,12.650000,-8.069000,e7 GOETTA
208,CSW24_hsp,25,16,20.719000,12.428000,-8.291000,e7 TOGATE
660,CSW24_hsp,1,2,65.000000,62.431000,-2.569000,o5 BYLANDER
660,CSW24_hsp,2,1,65.000000,62.410000,-2.590000,o5 BENADRYL
660,CSW24_hsp,3,3,37.527000,34.651000,-2.876000,n1 TREBLY
660,CSW24_hsp,4,4,33.193000,30.207000,-2.986000,n1 TRENDY
660,CSW24_hsp,5,6,29.891000,26.299000,-3.592000,3i DRYABLE
660,CSW24_hsp,6,7,29.244000,25.840000,-3.404000,3i BELADY
660,CSW24_hsp,7,5,32.399000,25.179000,-7.220000,m12 BYRL
660,CSW24_hsp,8,8,28.499000,24.993000,-3.506000,3i BYLANE
660,CSW24_hsp,9,9,28.058000,24.674000,-3.384000,m3 BY
660,CSW24_hsp,10,10,27.527000,24.046000,-3.481000,3i BLEARY
660,CSW24_hsp,11,11,27.159000,23.818000,-3.341000,3i BREADY
660,CSW24_hsp,12,13,26.878000,23.332000,-3.546000,3k BADLY
660,CSW24_hsp,13,14,26.878000,23.304000,-3.574000,3k BALDY
660,CSW24_hsp,14,12,26.878000,23.174000,-3.704000,3j BLADY
660,CSW24_hsp,15,17,26.119000,22.578000,-3.541000,3j DRABLY
660,CSW24_hsp,16,15,26.278000,22.292000,-3.986000,3j BLAY
660,CSW24_hsp,17,16,26.278000,22.175000,-4.103000,3l ABLY
660,CSW24_hsp,18,18,25.694000,22.145000,-3.549000,3j BRANDY
660,CSW24_hsp,19,19,25.515000,21.915000,-3.600000,3k BANDY
660,CSW24_hsp,20,21,24.948000,21.068000,-3.880000,m3 NY
660,CSW24_hsp,21,23,24.563000,20.993000,-3.570000,3k BARNY
660,CSW24_hsp,22,24,24.392000,20.721000,-3.671000,3i BELAY
660,CSW24_hsp,23,26,23.595000,20.264000,-3.331000,3h BENDAY
660,CSW24_hsp,24,25,24.058000,19.870000,-4.188000,m12 BY
660,CSW24_hsp,25,29,23.159000,19.808000,-3.351000,3h REDBAY
386,CSW24_hsp,1,1,22.166000,13.998000,-8.168000,b6 EAU
386,CSW24_hsp,2,2,21.862000,13.709000,-8.153000,b6 AWE
386,CSW24_hsp,3,5,17.820000,9.645000,-8.175000,b6 AWA
386,CSW24_hsp,4,3,20.774000,8.405000,-12.369000,b2 AWARE
386,CSW24_hsp,5,7,16.522000,8.121000,-8.401000,9a EAU
386,CSW24_hsp,6,6,17.774000,6.879000,-10.895000,b4 AWARE
386,CSW24_hsp,7,10,14.108000,5.934000,-8.174000,b6 EWE
386,CSW24_hsp,8,9,14.477000,5.759000,-8.718000,b5 WARE
386,CSW24_hsp,9,12,13.862000,5.670000,-8.192000,j12 WAE
386,CSW24_hsp,10,4,18.189000,5.619000,-12.570000,b2 AURAE
386,CSW24_hsp,11,11,13.862000,5.552000,-8.310000,b5 WAE
386,CSW24_hsp,12,18,12.166000,4.611000,-7.555000,d10 AUNE
386,CSW24_hsp,13,8,15.166000,4.067000,-11.099000,b4 AUE
386,CSW24_hsp,14,23,11.820000,3.660000,-8.160000,4b WAAC
386,CSW24_hsp,15,26,11.166000,3.371000,-7.795000,6d AGUE
386,CSW24_hsp,16,24,11.522000,3.083000,-8.439000,h8 EAU
386,CSW24_hsp,17,13,13.211000,2.865000,-10.346000,b4 AWEE
386,CSW24_hsp,18,29,10.139000,2.458000,-7.681000,j12 WAUR
386,CSW24_hsp,19,20,11.986000,2.365000,-9.621000,b4 UREA
386,CSW24_hsp,20,17,12.477000,1.948000,-10.529000,b4 AREW
386,CSW24_hsp,21,14,13.189000,1.836000,-11.353000,b3 AURAE
386,CSW24_hsp,22,22,11.862000,1.766000,-10.096000,b4 WAE
386,CSW24_hsp,23,15,13.166000,1.735000,-11.431000,6h UVAE
386,CSW24_hsp,24,16,13.166000,1.665000,-11.501000,6h UVEA
386,CSW24_hsp,25,37,9.477000,1.589000,-7.888000,j12 WEAR
1072,CSW24_hsp,1,1,46.127000,41.285000,-4.842000,9e VOL
1072,CSW24_hsp,2,2,43.935000,39.245000,-4.690000,9f OLM
1072,CSW24_hsp,3,3,42.762000,37.874000,-4.888000,10d VILD
1072,CSW24_hsp,4,4,40.400000,35.902000,-4.498000,7g MM
1072,CSW24_hsp,5,6,39.419000,34.269000,-5.150000,9d VIOL
1072,CSW24_hsp,6,5,39.935000,34.078000,-5.857000,9e MOL
1072,CSW24_hsp,7,7,39.187000,33.623000,-5.564000,10c VIOLD
1072,CSW24_hsp,8,9,37.971000,33.413000,-4.558000,10e VID
1072,CSW24_hsp,9,8,37.982000,33.054000,-4.928000,f10 OLM
1072,CSW24_hsp,10,10,37.935000,32.262000,-5.673000,7g MOM
1072,CSW24_hsp,11,12,36.935000,31.945000,-4.990000,f10 OM
1072,CSW24_hsp,12,11,36.982000,31.568000,-5.414000,h10 OLM
1072,CSW24_hsp,13,13,36.700000,31.389000,-5.311000,ex LV
1072,CSW24_hsp,14,14,35.971000,30.678000,-5.293000,10g DIV
1072,CSW24_hsp,15,15,35.137000,29.826000,-5.311000,ex V
1072,CSW24_hsp,16,16,34.982000,29.168000,-5.814000,10d MOLD
1072,CSW24_hsp,17,18,33.935000,28.721000,-5.214000,10e MOD
1072,CSW24_hsp,18,17,34.935000,28.393000,-6.542000,h6 MOU
1072,CSW24_hsp,19,19,33.419000,28.025000,-5.394000,10d VOID
1072,CSW24_hsp,20,20,33.419000,28.021000,-5.398000,10g DIVO
1072,CSW24_hsp,21,21,33.257000,27.946000,-5.311000,ex LOV
1072,CSW24_hsp,22,24,32.762000,27.451000,-5.311000,ex ILV
1072,CSW24_hsp,23,23,32.823000,27.340000,-5.483000,10d MIND
1072,CSW24_hsp,24,25,32.390000,27.079000,-5.311000,ex NV
1072,CSW24_hsp,25,22,32.935000,26.646000,-6.289000,h10 OM
1057,CSW24_hsp,1,1,55.606000,52.122000,-3.484000,10l GLAD
1057,CSW24_hsp,2,2,51.606000,48.285000,-3.321000,7k GLAD
1057,CSW24_hsp,3,4,49.611000,46.064000,-3.547000,10m DAG
1057,CSW24_hsp,4,3,50.585000,45.949000,-4.636000,e6 GAULTS
1057,CSW24_hsp,5,5,49.611000,45.860000,-3.751000,10m GAD
1057,CSW24_hsp,6,9,47.611000,44.901000,-2.710000,7l DAG
1057,CSW24_hsp,7,6,48.182000,44.565000,-3.617000,10m GAT
1057,CSW24_hsp,8,8,47.940000,44.315000,-3.625000,10m GAL
1057,CSW24_hsp,9,10,47.611000,43.526000,-4.085000,7l GAD
1057,CSW24_hsp,10,12,47.182000,43.501000,-3.681000,10m TAG
1057,CSW24_hsp,11,13,46.940000,43.264000,-3.676000,10m LAG
1057,CSW24_hsp,12,7,48.037000,42.981000,-5.056000,e6 GAULT
1057,CSW24_hsp,13,14,46.182000,42.957000,-3.225000,7l TAG
1057,CSW24_hsp,14,15,46.085000,42.578000,-3.507000,10l STAG
1057,CSW24_hsp,15,17,45.940000,42.531000,-3.409000,7l LAG
1057,CSW24_hsp,16,11,47.414000,42.482000,-4.932000,e6 DAULTS
1057,CSW24_hsp,17,16,45.978000,42.388000,-3.590000,10m DAL
1057,CSW24_hsp,18,18,45.749000,42.057000,-3.692000,10m TAD
1057,CSW24_hsp,19,23,44.749000,41.550000,-3.199000,7l TAD
1057,CSW24_hsp,20,22,44.978000,41.280000,-3.698000,10m LAD
1057,CSW24_hsp,21,24,44.551000,41.072000,-3.479000,10l SLAG
1057,CSW24_hsp,22,19,45.611000,40.746000,-4.865000,e6 GAUD
1057,CSW24_hsp,23,21,45.569000,40.404000,-5.165000,e6 TAULD
1057,CSW24_hsp,24,26,43.978000,40.394000,-3.584000,7l LAD
1057,CSW24_hsp,25,20,45.569000,40.217000,-5.352000,e6 DAULT
951,CSW24_hsp,1,2,23.288000,17.382000,-5.906000,b10 EDILE
951,CSW24_hsp,2,3,22.515000,16.431000,-6.084000,9a RETE
951,CSW24_hsp,3,4,21.972000,15.870000,-6.102000,b11 DIRE
951,CSW24_hsp,4,1,24.438000,14.814000,-9.624000,2a LERE
951,CSW24_hsp,5,5,20.617000,14.539000,-6.078000,d1 ERNE
951,CSW24_hsp,6,8,20.015000,14.271000,-5.744000,b11 DIRER
951,CSW24_hsp,7,7,20.515000,14.233000,-6.282000,13c TEER
951,CSW24_hsp,8,9,19.617000,13.215000,-6.402000,j1 REDEFY
951,CSW24_hsp,9,6,20.515000,12.555000,-7.960000,2a RETE
951,CSW24_hsp,10,12,17.931000,11.855000,-6.076000,d1 RENT
951,CSW24_hsp,11,13,17.694000,11.516000,-6.178000,c9 REINTER
951,CSW24_hsp,12,15,17.617000,11.311000,-6.306000,9a REE
951,CSW24_hsp,13,16,17.438000,10.521000,-6.917000,k10 SLEER
951,CSW24_hsp,14,11,17.972000,10.510000,-7.462000,2h URE
951,CSW24_hsp,15,21,16.719000,10.421000,-6.298000,13c TEEL
951,CSW24_hsp,16,19,16.972000,10.375000,-6.597000,9a RE
951,CSW24_hsp,17,22,16.719000,10.290000,-6.429000,13c TELE
951,CSW24_hsp,18,24,16.680000,10.244000,-6.436000,c10 LINER
951,CSW24_hsp,19,25,16.515000,10.158000,-6.357000,b8 REEDIT
951,CSW24_hsp,20,10,19.617000,10.149000,-9.468000,2b ERE
951,CSW24_hsp,21,27,15.972000,10.057000,-5.915000,b14 ER
951,CSW24_hsp,22,14,17.694000,9.940000,-7.754000,14a TERRET
951,CSW24_hsp,23,28,15.653000,9.575000,-6.078000,d1 LENT
951,CSW24_hsp,24,26,15.972000,9.158000,-6.814000,i2 REE
951,CSW24_hsp,25,17,16.972000,9.139000,-7.833000,2b ER
832,CSW24_hsp,1,1,42.933000,37.953000,-4.980000,k10 INDY
832,CSW24_hsp,2,3,39.056000,35.377000,-3.679000,6i SYN
832,CSW24_hsp,3,2,39.284000,33.807000,-5.477000,6f YINS
832,CSW24_hsp,4,4,36.869000,31.922000,-4.947000,6i SNIDEY
832,CSW24_hsp,5,5,35.465000,31.500000,-3.965000,6i SYND
832,CSW24_hsp,6,10,33.056000,29.473000,-3.583000,6i SNY
832,CSW24_hsp,7,9,33.512000,29.375000,-4.137000,6i SYED
832,CSW24_hsp,8,6,35.151000,29.335000,-5.816000,l8 HYNDE
832,CSW24_hsp,9,15,32.242000,28.414000,-3.828000,6i SYE
832,CSW24_hsp,10,13,32.723000,28.178000,-4.545000,6i SYNED
832,CSW24_hsp,11,7,34.792000,28.169000,-6.623000,m3 DERNYS
832,CSW24_hsp,12,18,32.002000,27.896000,-4.106000,6i SYNE
832,CSW24_hsp,13,17,32.002000,27.840000,-4.162000,6i SYEN
832,CSW24_hsp,14,11,32.836000,27.784000,-5.052000,l7 RHY
832,CSW24_hsp,15,8,33.683000,27.607000,-6.076000,6e DYERS
832,CSW24_hsp,16,12,32.723000,27.005000,-5.718000,6e DYNES
832,CSW24_hsp,17,14,32.265000,26.922000,-5.343000,i7 WIZEN
832,CSW24_hsp,18,23,31.394000,26.878000,-4.516000,6i SYREN
832,CSW24_hsp,19,21,31.885000,26.343000,-5.542000,l8 HENRY
832,CSW24_hsp,20,16,32.002000,26.302000,-5.700000,6f YENS
832,CSW24_hsp,21,24,31.056000,26.264000,-4.792000,6g NYS
832,CSW24_hsp,22,25,30.917000,25.422000,-5.495000,6e RYNDS
832,CSW24_hsp,23,20,31.885000,25.352000,-6.533000,l4 YRNEH
832,CSW24_hsp,24,27,30.428000,25.264000,-5.164000,6f DRYS
832,CSW24_hsp,25,26,30.778000,25.041000,-5.737000,l7 SHINDY
233,CSW24_hsp,1,1,21.058000,17.405000,-3.653000,a14 JA
233,CSW24_hsp,2,2,19.759000,16.090000,-3.669000,a12 CALM
233,CSW24_hsp,3,3,18.462000,13.669000,-4.793000,h7 QIN
233,CSW24_hsp,4,4,18.425000,11.809000,-6.616000,h12 SLAM
233,CSW24_hsp,5,5,15.155000,9.231000,-5.924000,ex JLQ
233,CSW24_hsp,6,7,13.407000,8.337000,-5.070000,h7 QI
233,CSW24_hsp,7,6,13.456000,7.532000,-5.924000,ex JNQ
233,CSW24_hsp,8,15,11.241000,7.510000,-3.731000,a12 CAMS
233,CSW24_hsp,9,8,13.193000,7.269000,-5.924000,ex JLNQ
233,CSW24_hsp,10,10,12.573000,6.649000,-5.924000,ex JQ
233,CSW24_hsp,11,16,11.212000,6.041000,-5.171000,h7 QINS
233,CSW24_hsp,12,9,13.085000,6.032000,-7.053000,j5 JAMS
233,CSW24_hsp,13,12,11.462000,5.538000,-5.924000,ex JLMQ
233,CSW24_hsp,14,11,11.734000,5.490000,-6.244000,h4 JASMIN
233,CSW24_hsp,15,13,11.322000,5.398000,-5.924000,ex JMNQ
233,CSW24_hsp,16,14,11.273000,5.349000,-5.924000,ex JMQ
233,CSW24_hsp,17,17,10.536000,4.612000,-5.924000,ex LNQ
233,CSW24_hsp,18,24,9.186000,3.834000,-5.352000,h7 LIMANS
233,CSW24_hsp,19,18,9.572000,3.648000,-5.924000,ex LMQ
233,CSW24_hsp,20,19,9.539000,3.615000,-5.924000,ex JLMNQ
233,CSW24_hsp,21,20,9.510000,3.586000,-5.924000,ex AJLNQ
233,CSW24_hsp,22,22,9.331000,3.407000,-5.924000,ex LQ
233,CSW24_hsp,23,23,9.191000,3.267000,-5.924000,ex LMNQ
233,CSW24_hsp,24,21,9.425000,3.188000,-6.237000,15b SLAM
233,CSW24_hsp,25,25,9.110000,3.186000,-5.924000,ex AJLMNQ
605,CSW24_hsp,1,1,57.376000,52.107000,-5.269000,1h DATIVELY
605,CSW24_hsp,2,2,36.941000,30.918000,-6.023000,1j TIMELY
605,CSW24_hsp,3,3,35.614000,29.486000,-6.128000,1j TAMELY
605,CSW24_hsp,4,4,32.100000,25.615000,-6.485000,n1 IVY
605,CSW24_hsp,5,5,29.086000,23.554000,-5.532000,o8 MAgLEV
605,CSW24_hsp,6,7,28.828000,23.015000,-5.813000,i2 MY
605,CSW24_hsp,7,8,28.521000,22.586000,-5.935000,3c LIVYER
605,CSW24_hsp,8,6,28.974000,22.401000,-6.573000,n2 LYAM
605,CSW24_hsp,9,10,27.199000,21.730000,-5.469000,o8 VAgILE
605,CSW24_hsp,10,9,27.668000,21.541000,-6.127000,n1 VLY
605,CSW24_hsp,11,12,26.386000,21.471000,-4.915000,13k MELA
605,CSW24_hsp,12,13,26.342000,21.091000,-5.251000,13l EM
605,CSW24_hsp,13,11,26.614000,21.001000,-5.613000,o8 MYgALE
605,CSW24_hsp,14,17,24.298000,19.295000,-5.003000,13k MEE
605,CSW24_hsp,15,14,25.249000,19.198000,-6.051000,4l VLY
605,CSW24_hsp,16,16,24.586000,18.764000,-5.822000,l2 VIE
605,CSW24_hsp,17,15,24.828000,18.659000,-6.169000,n2 MY
605,CSW24_hsp,18,21,23.599000,18.286000,-5.313000,i7 MOVIE
605,CSW24_hsp,19,18,24.227000,17.882000,-6.345000,11d MAVIE
605,CSW24_hsp,20,22,23.280000,17.458000,-5.822000,l2 VIA
605,CSW24_hsp,21,24,22.586000,16.692000,-5.894000,f2 VEINY
605,CSW24_hsp,22,26,21.828000,15.650000,-6.178000,7f MY
605,CSW24_hsp,23,20,23.650000,15.172000,-8.478000,n1 MAY
605,CSW24_hsp,24,23,22.934000,15.170000,-7.764000,n1 VLEI
605,CSW24_hsp,25,43,19.541000,14.870000,-4.671000,k10 DYE
283,CSW24_hsp,1,1,19.709000,10.155000,-9.554000,e3 FOOT
283,CSW24_hsp,2,2,19.138000,9.979000,-9.159000,e5 OFTEN
283,CSW24_hsp,3,5,15.295000,8.350000,-6.945000,g1 VOG
283,CSW24_hsp,4,3,18.784000,7.672000,-11.112000,10b VEG
283,CSW24_hsp,5,18,12.056000,4.686000,-7.370000,h1 VOE
283,CSW24_hsp,6,4,15.943000,4.341000,-11.602000,3b FOVEA
283,CSW24_hsp,7,12,13.396000,3.631000,-9.765000,g1 FOG
283,CSW24_hsp,8,14,13.037000,3.530000,-9.507000,e4 OOF
283,CSW24_hsp,9,8,14.773000,3.259000,-11.514000,10b VET
283,CSW24_hsp,10,10,14.634000,3.212000,-11.422000,j2 VOTE
283,CSW24_hsp,11,13,13.037000,3.145000,-9.892000,e3 FOO
283,CSW24_hsp,12,9,14.709000,3.115000,-11.594000,j4 FOOT
283,CSW24_hsp,13,28,9.634000,2.857000,-6.777000,g1 VOTE
283,CSW24_hsp,14,27,9.784000,2.724000,-7.060000,g1 VEG
283,CSW24_hsp,15,21,11.295000,2.006000,-9.289000,4e GROVE
283,CSW24_hsp,16,37,9.172000,1.967000,-7.205000,h4 FOE
283,CSW24_hsp,17,32,9.634000,1.914000,-7.720000,5c OVERT
283,CSW24_hsp,18,30,9.634000,1.899000,-7.735000,4c OVERT
283,CSW24_hsp,19,17,12.943000,1.853000,-11.090000,6b FOVEA
283,CSW24_hsp,20,22,10.722000,1.579000,-9.143000,4e GROVET
283,CSW24_hsp,21,23,10.295000,1.427000,-8.868000,4h VEGO
283,CSW24_hsp,22,42,8.634000,0.802000,-7.832000,h2 VETO
283,CSW24_hsp,23,25,10.272000,0.790000,-9.482000,e5 OF
283,CSW24_hsp,24,44,8.396000,0.361000,-8.035000,3d GOAF
283,CSW24_hsp,25,20,11.385000,0.171000,-11.214000,10b FEG
598,CSW24_hsp,1,1,31.781000,25.818000,-5.963000,7c BONG
598,CSW24_hsp,2,2,28.838000,22.862000,-5.976000,7c NONG
598,CSW24_hsp,3,4,27.008000,21.355000,-5.653000,7c RONG
598,CSW24_hsp,4,6,23.838000,18.077000,-5.761000,7d ENG
598,CSW24_hsp,5,9,23.517000,17.521000,-5.996000,7c BERG
598,CSW24_hsp,6,8,23.670000,17.111000,-6.559000,13e AnN
598,CSW24_hsp,7,3,28.575000,17.059000,-11.516000,13a ZEBRAnO
598,CSW24_hsp,8,5,24.670000,16.907000,-7.763000,12e DIN
598,CSW24_hsp,9,7,23.708000,15.640000,-8.068000,12c ENDIRON
598,CSW24_hsp,10,11,22.670000,15.526000,-7.144000,13d NAn
598,CSW24_hsp,11,18,20.670000,14.275000,-6.395000,ex N
598,CSW24_hsp,12,14,20.949000,14.026000,-6.923000,12c NODI
598,CSW24_hsp,13,12,21.949000,13.891000,-8.058000,g6 NOOP
598,CSW24_hsp,14,36,17.917000,12.925000,-4.992000,7d ERGO
598,CSW24_hsp,15,15,20.897000,12.913000,-7.984000,12c ONDINE
598,CSW24_hsp,16,27,18.838000,12.809000,-6.029000,10f MEN
598,CSW24_hsp,17,24,18.949000,12.792000,-6.157000,7c NO
598,CSW24_hsp,18,23,19.838000,12.343000,-7.495000,g11 EN
598,CSW24_hsp,19,34,18.030000,12.314000,-5.716000,7d ORG
598,CSW24_hsp,20,28,18.838000,12.217000,-6.621000,g12 EN
598,CSW24_hsp,21,29,18.838000,11.830000,-7.008000,g12 NE
598,CSW24_hsp,22,30,18.528000,11.608000,-6.920000,13c BRAn
598,CSW24_hsp,23,26,18.838000,11.560000,-7.278000,8b ENFELON
598,CSW24_hsp,24,38,17.173000,11.384000,-5.789000,7c ZO
598,CSW24_hsp,25,25,18.891000,11.233000,-7.658000,h2 BRONZEN
628,CSW24_hsp,1,1,29.702000,21.167000,-8.535000,2i TOQUE
628,CSW24_hsp,2,3,14.589000,6.590000,-7.999000,n2 OXO
628,CSW24_hsp,3,2,15.448000,3.174000,-12.274000,8h GOETHITE
628,CSW24_hsp,4,4,6.907000,-2.907000,-9.814000,9g QI
628,CSW24_hsp,5,7,2.361000,-6.466000,-8.827000,2n OO
628,CSW24_hsp,6,6,2.402000,-7.829000,-10.231000,ex EIOOQ
628,CSW24_hsp,7,5,5.609000,-8.044000,-13.653000,k8 TOETOE
628,CSW24_hsp,8,8,1.407000,-8.824000,-10.231000,ex EOOQ
628,CSW24_hsp,9,9,0.854000,-9.377000,-10.231000,ex EIOOQT
628,CSW24_hsp,10,15,-0.512000,-9.711000,-9.199000,m5 TOO
628,CSW24_hsp,11,19,-1.411000,-10.203000,-8.792000,k5 OO
628,CSW24_hsp,12,12,0.000000,-10.231000,-10.231000,ex EEIOOQT
628,CSW24_hsp,13,16,-0.512000,-10.302000,-9.790000,9h OOT
628,CSW24_hsp,14,13,-0.482000,-10.713000,-10.231000,ex EEIOOQ
628,CSW24_hsp,15,14,-0.490000,-10.721000,-10.231000,ex EIOQ
628,CSW24_hsp,16,18,-1.359000,-11.143000,-9.784000,4k OWE
628,CSW24_hsp,17,17,-0.968000,-11.199000,-10.231000,ex EEOOQ
628,CSW24_hsp,18,10,0.589000,-11.325000,-11.914000,2i OO
628,CSW24_hsp,19,20,-1.444000,-11.675000,-10.231000,ex IOOQ
628,CSW24_hsp,20,23,-1.526000,-11.900000,-10.374000,9g TOE
628,CSW24_hsp,21,24,-1.690000,-11.921000,-10.231000,ex EEIOQ
628,CSW24_hsp,22,22,-1.512000,-12.035000,-10.523000,9g TOO
628,CSW24_hsp,23,11,0.488000,-12.274000,-12.762000,2h TOO
628,CSW24_hsp,24,27,-2.359000,-12.314000,-9.955000,9h OE
628,CSW24_hsp,25,25,-2.083000,-12.314000,-10.231000,ex EOOQT
713,CSW24_hsp,1,1,40.940000,36.132000,-4.808000,o7 ZA
713,CSW24_hsp,2,2,40.920000,35.816000,-5.104000,o5 ZETA
713,CSW24_hsp,3,4,40.665000,35.649000,-5.016000,o5 LAZE
713,CSW24_hsp,4,3,40.788000,35.059000,-5.729000,8l CUNT
713,CSW24_hsp,5,5,40.206000,34.992000,-5.214000,o5 CLAUT
713,CSW24_hsp,6,6,39.487000,34.280000,-5.207000,o5 CULET
713,CSW24_hsp,7,7,38.451000,33.412000,-5.039000,o7 LATU
713,CSW24_hsp,8,8,37.814000,32.967000,-4.847000,o7 ZE
713,CSW24_hsp,9,10,36.611000,31.686000,-4.925000,o6 ZEA
713,CSW24_hsp,10,9,36.788000,31.581000,-5.207000,o7 CUT
713,CSW24_hsp,11,11,35.582000,30.090000,-5.492000,o4 ACUTE
713,CSW24_hsp,12,14,33.940000,28.151000,-5.789000,14f ZAS
713,CSW24_hsp,13,16,33.477000,27.827000,-5.650000,o5 CUTE
713,CSW24_hsp,14,18,33.272000,27.740000,-5.532000,o5 LUCE
713,CSW24_hsp,15,17,33.272000,27.727000,-5.545000,o5 CLUE
713,CSW24_hsp,16,13,34.212000,27.680000,-6.532000,m11 LUZ
713,CSW24_hsp,17,23,32.733000,27.643000,-5.090000,o5 ECLAT
713,CSW24_hsp,18,24,32.733000,27.505000,-5.228000,o5 LACET
713,CSW24_hsp,19,22,32.733000,27.484000,-5.249000,o5 CLEAT
713,CSW24_hsp,20,12,34.212000,27.475000,-6.737000,l11 LUZ
713,CSW24_hsp,21,19,33.061000,27.398000,-5.663000,l9 LULZ
713,CSW24_hsp,22,25,32.675000,26.760000,-5.915000,8l CANT
713,CSW24_hsp,23,21,33.061000,26.459000,-6.602000,m11 LULZ
713,CSW24_hsp,24,30,31.520000,26.354000,-5.166000,o6 CLAT
713,CSW24_hsp,25,20,33.061000,26.290000,-6.771000,l11 LULZ
149,CSW24_hsp,1,1,25.238000,21.620000,-3.618000,1g PIX
149,CSW24_hsp,2,2,24.026000,18.310000,-5.716000,c2 PINXIT
149,CSW24_hsp,3,5,16.158000,11.599000,-4.559000,1g PINT
149,CSW24_hsp,4,4,16.367000,11.436000,-4.931000,i6 VID
149,CSW24_hsp,5,3,16.734000,10.552000,-6.182000,j6 VINTED
149,CSW24_hsp,6,6,15.367000,9.955000,-5.412000,12k DIV
149,CSW24_hsp,7,7,13.754000,8.170000,-5.584000,12k DIPT
149,CSW24_hsp,8,8,13.725000,7.893000,-5.832000,c3 DIXIT
149,CSW24_hsp,9,9,11.970000,7.085000,-4.885000,g1 VOIP
149,CSW24_hsp,10,15,9.853000,4.942000,-4.911000,g1 VOID
149,CSW24_hsp,11,17,9.500000,4.934000,-4.566000,1g PIT
149,CSW24_hsp,12,13,10.367000,4.828000,-5.539000,l9 VILD
149,CSW24_hsp,13,14,10.350000,4.769000,-5.581000,c5 PIX
149,CSW24_hsp,14,10,11.751000,4.760000,-6.991000,i5 TIND
149,CSW24_hsp,15,12,10.367000,4.535000,-5.832000,4c DIVO
149,CSW24_hsp,16,11,10.367000,4.451000,-5.916000,c3 DIVI
149,CSW24_hsp,17,19,8.587000,3.982000,-4.605000,1g PIN
149,CSW24_hsp,18,16,9.853000,3.845000,-6.008000,c5 DIV
149,CSW24_hsp,19,21,8.227000,2.977000,-5.250000,12k TIX
149,CSW24_hsp,20,18,8.751000,2.778000,-5.973000,12k DINT
149,CSW24_hsp,21,20,8.392000,2.725000,-5.667000,12k DIP
149,CSW24_hsp,22,26,7.559000,2.156000,-5.403000,12k NIX
149,CSW24_hsp,23,29,7.073000,2.059000,-5.014000,12k XI
149,CSW24_hsp,24,22,7.853000,1.975000,-5.878000,c5 VID
149,CSW24_hsp,25,25,7.627000,1.791000,-5.836000,4c VINO
388,CSW24_hsp,1,1,51.891000,43.072000,-8.819000,5e GAMBLED
388,CSW24_hsp,2,2,44.376000,35.420000,-8.956000,5e BANGLED
388,CSW24_hsp,3,3,41.553000,32.404000,-9.149000,5e MANGLED
388,CSW24_hsp,4,8,21.694000,12.524000,-9.170000,5i BEDLAM
388,CSW24_hsp,5,9,21.694000,12.488000,-9.206000,5i BELDAM
388,CSW24_hsp,6,5,21.694000,12.276000,-9.418000,5f BALMED
388,CSW24_hsp,7,6,21.694000,12.179000,-9.515000,5f BLAMED
388,CSW24_hsp,8,4,21.694000,11.837000,-9.857000,5f AMBLED
388,CSW24_hsp,9,7,21.694000,11.770000,-9.924000,5f LAMBED
388,CSW24_hsp,10,10,21.527000,11.600000,-9.927000,5e GAMBLE
388,CSW24_hsp,11,13,20.228000,10.911000,-9.317000,5f BAGMEN
388,CSW24_hsp,12,15,19.599000,10.911000,-8.688000,5i BEGLAD
388,CSW24_hsp,13,14,19.599000,10.442000,-9.157000,5f GABLED
388,CSW24_hsp,14,20,17.715000,9.194000,-8.521000,5h BLED
388,CSW24_hsp,15,21,17.606000,8.916000,-8.690000,5i BEMAD
388,CSW24_hsp,16,19,18.011000,8.458000,-9.553000,5f BANGED
388,CSW24_hsp,17,23,17.571000,8.157000,-9.414000,5i BEDAMN
388,CSW24_hsp,18,22,17.571000,7.876000,-9.695000,5f BADMEN
388,CSW24_hsp,19,24,17.193000,7.638000,-9.555000,5f GADMEN
388,CSW24_hsp,20,25,17.193000,7.441000,-9.752000,5f MANGED
388,CSW24_hsp,21,34,15.244000,7.371000,-7.873000,5i MELBA
388,CSW24_hsp,22,26,16.919000,6.928000,-9.991000,5e BANGLE
388,CSW24_hsp,23,39,14.655000,6.867000,-7.788000,5i MENG
388,CSW24_hsp,24,29,16.309000,6.778000,-9.531000,e5 BLAUD
388,CSW24_hsp,25,28,16.313000,6.639000,-9.674000,4i DWALM
743,CSW24_hsp,1,1,33.104000,22.620000,-10.484000,3h EVINCED
743,CSW24_hsp,2,2,28.609000,18.846000,-9.763000,10c VELD
743,CSW24_hsp,3,3,28.228000,18.048000,-10.180000,3h EVINCE
743,CSW24_hsp,4,4,25.890000,15.930000,-9.960000,10b VLEI
743,CSW24_hsp,5,6,25.421000,15.645000,-9.776000,10c VEND
743,CSW24_hsp,6,5,25.758000,15.478000,-10.280000,10b VIED
743,CSW24_hsp,7,9,24.462000,14.883000,-9.579000,10c DEVIL
743,CSW24_hsp,8,7,24.563000,14.867000,-9.696000,5g COVIN
743,CSW24_hsp,9,8,24.462000,14.124000,-10.338000,10a LIVED
743,CSW24_hsp,10,10,24.159000,14.071000,-10.088000,10a VICED
743,CSW24_hsp,11,13,23.243000,13.670000,-9.573000,5g COVID
743,CSW24_hsp,12,11,23.515000,13.293000,-10.222000,3g DECLINE
743,CSW24_hsp,13,18,21.950000,13.283000,-8.667000,3g LEV
743,CSW24_hsp,14,12,23.292000,13.062000,-10.230000,10a VINED
743,CSW24_hsp,15,16,22.447000,12.710000,-9.737000,10c LEVIN
743,CSW24_hsp,16,22,21.292000,12.671000,-8.621000,g1 VINED
743,CSW24_hsp,17,14,22.877000,12.617000,-10.260000,f8 ANVILED
743,CSW24_hsp,18,17,22.038000,12.215000,-9.823000,5g COVED
743,CSW24_hsp,19,15,22.447000,12.166000,-10.281000,10a LIVEN
743,CSW24_hsp,20,23,21.292000,11.861000,-9.431000,i1 VINED
743,CSW24_hsp,21,19,21.742000,11.683000,-10.059000,10c LEV
743,CSW24_hsp,22,30,20.294000,11.676000,-8.618000,3g DEV
743,CSW24_hsp,23,21,21.526000,11.525000,-10.001000,10c DEV
743,CSW24_hsp,24,24,21.159000,11.379000,-9.780000,5g VOICED
743,CSW24_hsp,25,25,20.683000,11.229000,-9.454000,f7 CALVED
1102,CSW24_hsp,1,1,70.607000,64.422000,-6.185000,c11 ZOL
1102,CSW24_hsp,2,2,66.640000,61.474000,-5.166000,9c KIR
1102,CSW24_hsp,3,3,65.640000,60.290000,-5.350000,c7 ROK
1102,CSW24_hsp,4,4,65.594000,58.747000,-6.847000,7e ROK
1102,CSW24_hsp,5,6,64.154000,58.727000,-5.427000,9c KI
1102,CSW24_hsp,6,5,64.953000,58.424000,-6.529000,c6 LOOK
1102,CSW24_hsp,7,8,63.594000,57.039000,-6.555000,c6 ROOK
1102,CSW24_hsp,8,10,62.607000,56.599000,-6.008000,7e ZOL
1102,CSW24_hsp,9,9,62.735000,56.480000,-6.255000,10b ZOA
1102,CSW24_hsp,10,11,61.874000,55.986000,-5.888000,11a KAZOO
1102,CSW24_hsp,11,7,63.759000,55.727000,-8.032000,f6 ARROZ
1102,CSW24_hsp,12,13,61.759000,55.143000,-6.616000,f8 RAZOR
1102,CSW24_hsp,13,14,61.450000,54.736000,-6.714000,c11 ZOA
1102,CSW24_hsp,14,18,59.600000,54.600000,-5.000000,c7 ZOL
1102,CSW24_hsp,15,15,61.376000,54.443000,-6.933000,7f OK
1102,CSW24_hsp,16,16,60.594000,54.331000,-6.263000,c11 KOR
1102,CSW24_hsp,17,21,58.726000,53.674000,-5.052000,c8 OKA
1102,CSW24_hsp,18,12,61.759000,53.490000,-8.269000,f4 RAZOR
1102,CSW24_hsp,19,20,58.953000,53.306000,-5.647000,c7 LOOK
1102,CSW24_hsp,20,17,60.369000,53.107000,-7.262000,b6 ZAG
1102,CSW24_hsp,21,30,57.600000,52.730000,-4.870000,11c ZOL
1102,CSW24_hsp,22,25,58.152000,52.493000,-5.659000,11d ORZO
1102,CSW24_hsp,23,22,58.640000,52.405000,-6.235000,10d ARK
1102,CSW24_hsp,24,23,58.317000,52.367000,-5.950000,10b KRAAL
1102,CSW24_hsp,25,31,57.594000,51.925000,-5.669000,c7 ROOK
58,CSW24_hsp,1,1,37.506000,32.311000,-5.195000,i3 JUCOS
58,CSW24_hsp,2,2,33.749000,28.246000,-5.503000,i3 JOURS
58,CSW24_hsp,3,3,27.885000,23.040000,-4.845000,i5 JUS
58,CSW24_hsp,4,5,27.512000,23.031000,-4.481000,d7 JA
58,CSW24_hsp,5,4,27.657000,22.773000,-4.884000,i4 JUTS
58,CSW24_hsp,6,6,26.150000,22.321000,-3.829000,9g SOJU
58,CSW24_hsp,7,7,26.048000,22.067000,-3.981000,9b JOT
58,CSW24_hsp,8,8,23.924000,19.661000,-4.263000,9b JO
58,CSW24_hsp,9,9,23.847000,19.604000,-4.243000,d7 TAJ
58,CSW24_hsp,10,13,22.775000,18.643000,-4.132000,9b JOR
58,CSW24_hsp,11,10,23.457000,18.346000,-5.111000,i4 JOTS
58,CSW24_hsp,12,12,23.048000,18.161000,-4.887000,c6 JOLT
58,CSW24_hsp,13,22,21.114000,17.843000,-3.271000,9g TOC
58,CSW24_hsp,14,11,23.430000,17.326000,-6.104000,g4 JURANT
58,CSW24_hsp,15,17,22.103000,17.288000,-4.815000,9f STOUR
58,CSW24_hsp,16,25,20.735000,17.175000,-3.560000,9d ROST
58,CSW24_hsp,17,16,22.238000,17.091000,-5.147000,d5 JURA
58,CSW24_hsp,18,14,22.625000,17.011000,-5.614000,i2 COURTS
58,CSW24_hsp,19,18,21.924000,16.887000,-5.037000,c6 JOL
58,CSW24_hsp,20,15,22.625000,16.778000,-5.847000,i2 CROUTS
58,CSW24_hsp,21,19,21.665000,16.769000,-4.896000,i4 JORS
58,CSW24_hsp,22,26,20.212000,16.601000,-3.611000,9g TORC
58,CSW24_hsp,23,20,21.430000,16.499000,-4.931000,d5 JURAT
58,CSW24_hsp,24,24,21.048000,16.302000,-4.746000,d7 JATO
58,CSW24_hsp,25,21,21.313000,15.504000,-5.809000,i3 COURS
338,CSW24_hsp,1,1,37.944000,30.829000,-7.115000,c13 VAE
338,CSW24_hsp,2,2,37.402000,30.036000,-7.366000,e2 VOEMA
338,CSW24_hsp,3,3,33.402000,26.199000,-7.203000,c2 VOEMA
338,CSW24_hsp,4,4,31.393000,22.936000,-8.457000,7g VOE
338,CSW24_hsp,5,7,29.820000,22.802000,-7.018000,c13 VAT
338,CSW24_hsp,6,8,29.568000,21.849000,-7.719000,e2 OVATE
338,CSW24_hsp,7,9,28.920000,21.727000,-7.193000,e3 VETO
338,CSW24_hsp,8,6,30.249000,21.697000,-8.552000,7g MOVE
338,CSW24_hsp,9,12,27.396000,20.358000,-7.038000,c13 MAE
338,CSW24_hsp,10,5,30.402000,19.436000,-10.966000,7g VOEMA
338,CSW24_hsp,11,10,28.920000,19.374000,-9.546000,7g VETO
338,CSW24_hsp,12,11,28.920000,19.361000,-9.559000,7g VOTE
338,CSW24_hsp,13,13,26.944000,18.598000,-8.346000,7g VAE
338,CSW24_hsp,14,15,25.877000,17.978000,-7.899000,7g VOM
338,CSW24_hsp,15,17,25.131000,17.604000,-7.527000,e4 EMO
338,CSW24_hsp,16,16,25.689000,17.412000,-8.277000,7g VEE
338,CSW24_hsp,17,20,24.393000,16.706000,-7.687000,c2 VOE
338,CSW24_hsp,18,19,24.393000,16.421000,-7.972000,c2 EVO
338,CSW24_hsp,19,22,23.351000,16.404000,-6.947000,c13 MAT
338,CSW24_hsp,20,18,24.546000,16.220000,-8.326000,7g MEVE
338,CSW24_hsp,21,24,23.153000,15.695000,-7.458000,e2 EVET
338,CSW24_hsp,22,29,22.877000,15.659000,-7.218000,c3 VOM
338,CSW24_hsp,23,23,23.249000,15.640000,-7.609000,d10 AMOVE
338,CSW24_hsp,24,21,23.545000,15.533000,-8.012000,7g VET
338,CSW24_hsp,25,30,22.421000,14.790000,-7.631000,e3 TAME
590,CSW24_hsp,1,1,21.537000,16.233000,-5.304000,l2 GLIB
590,CSW24_hsp,2,2,18.641000,13.217000,-5.424000,6c GROWL
590,CSW24_hsp,3,4,17.831000,12.608000,-5.223000,6d GOWL
590,CSW24_hsp,4,3,18.255000,12.544000,-5.711000,6a BILLOW
590,CSW24_hsp,5,5,17.640000,12.326000,-5.314000,6d BOWL
590,CSW24_hsp,6,6,16.899000,11.445000,-5.454000,4i BOBWIG
590,CSW24_hsp,7,7,13.831000,8.210000,-5.621000,6c GLOW
590,CSW24_hsp,8,8,13.640000,7.932000,-5.708000,6c BLOW
590,CSW24_hsp,9,9,12.550000,7.167000,-5.383000,l3 LIB
590,CSW24_hsp,10,10,12.537000,6.969000,-5.568000,4a GIBLI
590,CSW24_hsp,11,11,12.218000,6.904000,-5.314000,6d BOWR
590,CSW24_hsp,12,12,12.045000,6.518000,-5.527000,6e OWL
590,CSW24_hsp,13,13,11.424000,6.167000,-5.257000,l3 GIB
590,CSW24_hsp,14,14,10.537000,5.338000,-5.199000,4d GIBLI
590,CSW24_hsp,15,15,9.619000,4.344000,-5.275000,4h GLOBI
590,CSW24_hsp,16,16,8.913000,3.304000,-5.609000,4d WILL
590,CSW24_hsp,17,19,8.298000,2.718000,-5.580000,6c GROW
590,CSW24_hsp,18,20,8.218000,2.587000,-5.631000,6c BROW
590,CSW24_hsp,19,21,8.045000,2.439000,-5.606000,6d LOW
590,CSW24_hsp,20,18,8.440000,2.422000,-6.018000,3b WRING
590,CSW24_hsp,21,22,7.448000,2.384000,-5.064000,6b RIGOLL
590,CSW24_hsp,22,23,7.133000,1.860000,-5.273000,l3 RIB
590,CSW24_hsp,23,17,8.537000,1.705000,-6.832000,3b BLING
590,CSW24_hsp,24,24,6.731000,1.182000,-5.549000,4c GLIB
590,CSW24_hsp,25,25,6.625000,0.861000,-5.764000,4c BRILL
933,CSW24_hsp,1,1,58.246000,57.341000,-0.905000,o1 JO
933,CSW24_hsp,2,2,54.714000,52.344000,-2.370000,4l JIN
933,CSW24_hsp,3,3,51.541000,50.196000,-1.345000,4l JINN
933,CSW24_hsp,4,4,50.246000,47.153000,-3.093000,b2 JO
933,CSW24_hsp,5,5,46.862000,44.260000,-2.602000,f7 JAP
933,CSW24_hsp,6,7,45.430000,43.054000,-2.376000,l3 OP
933,CSW24_hsp,7,6,45.825000,43.028000,-2.797000,7f PIP
933,CSW24_hsp,8,8,43.714000,41.145000,-2.569000,h2 JO
933,CSW24_hsp,9,9,43.714000,40.989000,-2.725000,f7 JA
933,CSW24_hsp,10,10,43.466000,40.779000,-2.687000,f8 APP
933,CSW24_hsp,11,11,42.265000,39.454000,-2.811000,12l PELF
933,CSW24_hsp,12,15,40.246000,38.016000,-2.230000,10i JOL
933,CSW24_hsp,13,17,38.935000,37.807000,-1.128000,o1 JeON
933,CSW24_hsp,14,13,40.246000,37.779000,-2.467000,1k JOG
933,CSW24_hsp,15,12,40.430000,37.370000,-3.060000,b6 OP
933,CSW24_hsp,16,30,37.430000,36.798000,-0.632000,o1 PO
933,CSW24_hsp,17,16,39.246000,36.592000,-2.654000,g6 JOT
933,CSW24_hsp,18,18,38.280000,35.593000,-2.687000,7f NIP
933,CSW24_hsp,19,20,38.145000,35.335000,-2.810000,j11 POP
933,CSW24_hsp,20,23,37.690000,35.223000,-2.467000,1k JIG
933,CSW24_hsp,21,19,38.246000,35.139000,-3.107000,11i JOE
933,CSW24_hsp,22,14,40.246000,35.117000,-5.129000,3a JOB
933,CSW24_hsp,23,25,37.690000,35.102000,-2.588000,f8 AJI
933,CSW24_hsp,24,22,37.825000,34.990000,-2.835000,j11 PIP
933,CSW24_hsp,25,26,37.541000,34.932000,-2.609000,h7 JIN
1188,CSW24_hsp,1,1,21.103000,15.900000,-5.203000,c8 AYRIE
1188,CSW24_hsp,2,3,20.103000,15.245000,-4.858000,15f AYRIE
1188,CSW24_hsp,3,4,18.248000,13.123000,-5.125000,6n YO
1188,CSW24_hsp,4,2,20.103000,11.077000,-9.026000,l1 AIERY
1188,CSW24_hsp,5,5,15.475000,10.111000,-5.364000,l4 OYE
1188,CSW24_hsp,6,10,14.248000,9.779000,-4.469000,c8 OY
1188,CSW24_hsp,7,6,15.103000,9.741000,-5.362000,c9 AIERY
1188,CSW24_hsp,8,9,14.475000,9.484000,-4.991000,c8 OYE
1188,CSW24_hsp,9,7,15.103000,9.463000,-5.640000,c9 AYRIE
1188,CSW24_hsp,10,11,14.113000,8.952000,-5.161000,6n YA
1188,CSW24_hsp,11,16,12.720000,8.619000,-4.101000,c6 NARY
1188,CSW24_hsp,12,14,13.248000,8.469000,-4.779000,c5 ONY
1188,CSW24_hsp,13,12,14.103000,8.317000,-5.786000,b8 AIERY
1188,CSW24_hsp,14,8,14.702000,8.112000,-6.590000,l2 AIRY
1188,CSW24_hsp,15,13,13.820000,7.794000,-6.026000,12g ARIOSI
1188,CSW24_hsp,16,17,12.292000,7.275000,-5.017000,c8 OYER
1188,CSW24_hsp,17,21,11.662000,6.240000,-5.422000,l4 AYE
1188,CSW24_hsp,18,18,12.139000,6.209000,-5.930000,m13 IVY
1188,CSW24_hsp,19,22,10.662000,5.682000,-4.980000,c8 AYE
1188,CSW24_hsp,20,25,10.113000,5.644000,-4.469000,c8 AY
1188,CSW24_hsp,21,24,10.387000,5.111000,-5.276000,6n YE
1188,CSW24_hsp,22,23,10.475000,4.978000,-5.497000,n10 OYE
1188,CSW24_hsp,23,27,9.899000,4.928000,-4.971000,c8 AYRE
1188,CSW24_hsp,24,28,9.899000,4.895000,-5.004000,c8 EYRA
1188,CSW24_hsp,25,29,9.475000,4.444000,-5.031000,15h OYE
864,CSW24_hsp,1,1,34.104000,22.202000,-11.902000,11f REQUIT
864,CSW24_hsp,2,2,31.104000,18.723000,-12.381000,l6 QUOITER
864,CSW24_hsp,3,3,28.524000,16.905000,-11.619000,l7 ROQUET
864,CSW24_hsp,4,4,28.524000,16.820000,-11.704000,l7 TORQUE
864,CSW24_hsp,5,5,25.847000,14.388000,-11.459000,4m ALL
864,CSW24_hsp,6,6,25.847000,14.337000,-11.510000,c12 EL
864,CSW24_hsp,7,7,24.113000,12.797000,-11.316000,7l ILK
864,CSW24_hsp,8,8,23.847000,12.192000,-11.655000,7b aL
864,CSW24_hsp,9,9,23.847000,11.969000,-11.878000,l7 LO
864,CSW24_hsp,10,10,23.847000,11.959000,-11.888000,i9 EL
864,CSW24_hsp,11,11,23.847000,11.928000,-11.919000,f12 EL
864,CSW24_hsp,12,12,22.847000,11.483000,-11.364000,7a La
864,CSW24_hsp,13,14,22.221000,11.138000,-11.083000,c11 LET
864,CSW24_hsp,14,15,22.221000,11.117000,-11.104000,c11 TEL
864,CSW24_hsp,15,13,22.613000,11.031000,-11.582000,3m WE
864,CSW24_hsp,16,19,21.735000,10.985000,-10.750000,10d LIT
864,CSW24_hsp,17,16,22.113000,10.966000,-11.147000,13c LI
864,CSW24_hsp,18,20,21.605000,10.155000,-11.450000,3m WET
864,CSW24_hsp,19,18,21.847000,9.630000,-12.217000,ex L
864,CSW24_hsp,20,17,22.104000,9.513000,-12.591000,13f REQUIT
864,CSW24_hsp,21,23,20.113000,8.862000,-11.251000,c7 LI
864,CSW24_hsp,22,21,20.221000,8.807000,-11.414000,c12 ELT
864,CSW24_hsp,23,24,20.113000,8.552000,-11.561000,13f LI
864,CSW24_hsp,24,28,19.221000,8.533000,-10.688000,11a LET
864,CSW24_hsp,25,22,20.206000,8.400000,-11.806000,7f PLANER
1146,CSW24_hsp,1,1,20.408000,15.775000,-4.633000,e11 TUI
1146,CSW24_hsp,2,2,18.670000,14.037000,-4.633000,12k TIL
1146,CSW24_hsp,3,3,18.061000,13.836000,-4.225000,f10 UTIS
1146,CSW24_hsp,4,4,16.706000,11.900000,-4.806000,12k TALI
1146,CSW24_hsp,5,5,16.611000,11.619000,-4.992000,12k TILE
1146,CSW24_hsp,6,7,15.408000,11.189000,-4.219000,f10 UT
1146,CSW24_hsp,7,8,15.368000,11.131000,-4.237000,f10 UTAS
1146,CSW24_hsp,8,9,14.791000,10.550000,-4.241000,f10 UTES
1146,CSW24_hsp,9,10,14.670000,10.184000,-4.486000,15m NIT
1146,CSW24_hsp,10,6,15.426000,10.118000,-5.308000,12k TALC
1146,CSW24_hsp,11,11,14.381000,9.611000,-4.770000,9c JAI
1146,CSW24_hsp,12,12,13.940000,9.084000,-4.856000,12k TILT
1146,CSW24_hsp,13,13,13.408000,8.975000,-4.433000,12f UTE
1146,CSW24_hsp,14,19,12.353000,7.936000,-4.417000,7c CRU
1146,CSW24_hsp,15,16,12.494000,7.917000,-4.577000,12l ALU
1146,CSW24_hsp,16,23,11.670000,7.474000,-4.196000,f10 IT
1146,CSW24_hsp,17,18,12.368000,7.463000,-4.905000,e2 UTA
1146,CSW24_hsp,18,21,12.273000,7.372000,-4.901000,12k TELA
1146,CSW24_hsp,19,20,12.273000,7.287000,-4.986000,12k TALE
1146,CSW24_hsp,20,22,11.791000,6.943000,-4.848000,e2 UTE
1146,CSW24_hsp,21,17,12.408000,6.936000,-5.472000,14b UT
1146,CSW24_hsp,22,26,11.408000,6.712000,-4.696000,6b UTA
1146,CSW24_hsp,23,27,11.328000,6.695000,-4.633000,12k TEL
1146,CSW24_hsp,24,25,11.408000,6.675000,-4.733000,4l CUT
1146,CSW24_hsp,25,15,12.791000,6.517000,-6.274000,g2 UTE
1032,CSW24_hsp,1,1,26.223000,26.654000,0.431000,8l TIFO
1032,CSW24_hsp,2,2,22.973000,23.404000,0.431000,8l TIFT
1032,CSW24_hsp,3,3,21.404000,19.387000,-2.017000,9c COT
1032,CSW24_hsp,4,5,20.288000,18.793000,-1.495000,6f CUT
1032,CSW24_hsp,5,6,19.980000,18.016000,-1.964000,e10 OUTACT
1032,CSW24_hsp,6,8,19.637000,17.694000,-1.943000,7i KITUL
1032,CSW24_hsp,7,11,18.867000,17.691000,-1.176000,l8 DOUT
1032,CSW24_hsp,8,9,19.208000,17.573000,-1.635000,f10 COUNT
1032,CSW24_hsp,9,10,18.879000,17.499000,-1.380000,12b DUET
1032,CSW24_hsp,10,4,20.579000,17.119000,-3.460000,b1 CUD
1032,CSW24_hsp,11,12,18.404000,16.905000,-1.499000,6f COT
1032,CSW24_hsp,12,13,18.192000,16.470000,-1.722000,9c COTE
1032,CSW24_hsp,13,16,17.510000,16.282000,-1.228000,12h DUCT
1032,CSW24_hsp,14,15,17.510000,16.254000,-1.256000,l8 DUCT
1032,CSW24_hsp,15,7,19.706000,15.715000,-3.991000,b1 TOD
1032,CSW24_hsp,16,17,17.288000,15.601000,-1.687000,3h CUT
1032,CSW24_hsp,17,18,17.077000,15.335000,-1.742000,d10 CUTLET
1032,CSW24_hsp,18,27,16.614000,15.234000,-1.380000,12b CUED
1032,CSW24_hsp,19,25,16.665000,14.959000,-1.706000,9c DOTE
1032,CSW24_hsp,20,21,16.727000,14.932000,-1.795000,e2 COOF
1032,CSW24_hsp,21,26,16.665000,14.865000,-1.800000,9c TOED
1032,CSW24_hsp,22,19,16.749000,14.825000,-1.924000,d10 OUTLED
1032,CSW24_hsp,23,29,15.879000,14.755000,-1.124000,12h DUET
1032,CSW24_hsp,24,23,16.706000,14.706000,-2.000000,9c DOT
1032,CSW24_hsp,25,28,15.879000,14.651000,-1.228000,l8 DUET
69,CSW24_hsp,1,1,39.505000,28.719000,-10.786000,j9 IF
69,CSW24_hsp,2,2,39.030000,27.915000,-11.115000,j10 FA
69,CSW24_hsp,3,3,37.030000,25.758000,-11.272000,l1 YAFF
69,CSW24_hsp,4,4,36.482000,25.344000,-11.138000,j10 FAT
69,CSW24_hsp,5,8,35.749000,24.852000,-10.897000,6e EF
69,CSW24_hsp,6,9,35.749000,24.780000,-10.969000,10j FE
69,CSW24_hsp,7,5,36.137000,24.534000,-11.603000,2f QUAT
69,CSW24_hsp,8,6,36.041000,24.300000,-11.741000,2f QUIN
69,CSW24_hsp,9,7,35.761000,24.164000,-11.597000,2f QUIT
69,CSW24_hsp,10,10,35.265000,23.989000,-11.276000,j10 FAINT
69,CSW24_hsp,11,11,35.165000,23.967000,-11.198000,j10 FAN
69,CSW24_hsp,12,17,32.030000,22.529000,-9.501000,8j ARF
69,CSW24_hsp,13,12,33.635000,22.475000,-11.160000,j7 NAIF
69,CSW24_hsp,14,15,32.749000,21.732000,-11.017000,6k EF
69,CSW24_hsp,15,14,32.749000,21.709000,-11.040000,3c IF
69,CSW24_hsp,16,13,32.787000,21.239000,-11.548000,2f QUA
69,CSW24_hsp,17,16,32.199000,20.959000,-11.240000,j10 FAIN
69,CSW24_hsp,18,20,28.749000,17.675000,-11.074000,11c FES
69,CSW24_hsp,19,19,28.749000,17.495000,-11.254000,h6 FOE
69,CSW24_hsp,20,18,29.316000,17.399000,-11.917000,13a FINK
69,CSW24_hsp,21,26,27.316000,17.029000,-10.287000,6i NIEF
69,CSW24_hsp,22,23,27.749000,16.654000,-11.095000,6n EF
69,CSW24_hsp,23,22,27.749000,16.586000,-11.163000,i1 IF
69,CSW24_hsp,24,24,27.749000,16.559000,-11.190000,8a EF
69,CSW24_hsp,25,25,27.749000,16.417000,-11.332000,10k EF
72,CSW24_hsp,1,1,24.421000,19.144000,-5.277000,10i ROOD
72,CSW24_hsp,2,2,21.522000,15.815000,-5.707000,4f OVERDO
72,CSW24_hsp,3,3,20.252000,14.667000,-5.585000,4i DOO
72,CSW24_hsp,4,4,19.712000,13.640000,-6.072000,10j OO
72,CSW24_hsp,5,10,18.421000,13.160000,-5.261000,4i ODOR
72,CSW24_hsp,6,9,18.421000,13.133000,-5.288000,4i DOOR
72,CSW24_hsp,7,8,18.644000,12.914000,-5.730000,10i ROO
72,CSW24_hsp,8,7,18.712000,12.632000,-6.080000,5e POO
72,CSW24_hsp,9,11,18.252000,12.565000,-5.687000,4h DOO
72,CSW24_hsp,10,12,18.252000,12.408000,-5.844000,4j DOO
72,CSW24_hsp,11,6,18.712000,12.343000,-6.369000,4i OO
72,CSW24_hsp,12,13,17.644000,11.939000,-5.705000,10j OOR
72,CSW24_hsp,13,14,17.421000,11.850000,-5.571000,4i ROOD
72,CSW24_hsp,14,5,19.304000,11.112000,-8.192000,l1 DOVER
72,CSW24_hsp,15,16,16.712000,10.589000,-6.123000,4h OO
72,CSW24_hsp,16,15,16.712000,10.478000,-6.234000,f4 OOP
72,CSW24_hsp,17,18,15.681000,10.139000,-5.542000,4j DOVE
72,CSW24_hsp,18,19,15.421000,9.998000,-5.423000,15k ODOR
72,CSW24_hsp,19,20,15.304000,9.854000,-5.450000,4j DOVER
72,CSW24_hsp,20,17,15.712000,9.506000,-6.206000,4j OO
72,CSW24_hsp,21,22,14.421000,8.810000,-5.611000,4h ORDO
72,CSW24_hsp,22,21,14.712000,8.374000,-6.338000,4k OO
72,CSW24_hsp,23,23,14.252000,8.349000,-5.903000,4g DOO
72,CSW24_hsp,24,28,13.304000,7.786000,-5.518000,4f ROVED
72,CSW24_hsp,25,27,13.525000,7.750000,-5.775000,10m OVA
1009,CSW24_hsp,1,1,40.192000,29.328000,-10.864000,d3 MUCH
1009,CSW24_hsp,2,4,30.615000,19.973000,-10.642000,f3 NEEM
1009,CSW24_hsp,3,5,29.850000,19.262000,-10.588000,f4 EMU
1009,CSW24_hsp,4,6,29.850000,19.247000,-10.603000,6h EMU
1009,CSW24_hsp,5,2,33.302000,19.129000,-14.173000,d1 MENU
1009,CSW24_hsp,6,7,29.405000,18.713000,-10.692000,8m HUM
1009,CSW24_hsp,7,10,28.845000,18.625000,-10.220000,f5 EH
1009,CSW24_hsp,8,11,28.721000,18.454000,-10.267000,f5 EM
1009,CSW24_hsp,9,3,32.192000,18.274000,-13.918000,4a CHUMP
1009,CSW24_hsp,10,13,28.466000,18.259000,-10.207000,l7 ACUMEN
1009,CSW24_hsp,11,19,26.568000,17.265000,-9.303000,l3 NUCHAE
1009,CSW24_hsp,12,12,28.466000,16.750000,-11.716000,4c CUPMEN
1009,CSW24_hsp,13,16,27.793000,16.713000,-11.080000,8m HEM
1009,CSW24_hsp,14,17,27.783000,16.324000,-11.459000,4b HUMPEN
1009,CSW24_hsp,15,14,28.119000,15.733000,-12.386000,m2 MUCHES
1009,CSW24_hsp,16,20,26.410000,15.695000,-10.715000,d3 CUE
1009,CSW24_hsp,17,21,26.192000,15.555000,-10.637000,d10 MUCH
1009,CSW24_hsp,18,22,26.020000,15.367000,-10.653000,d10 MUNCH
1009,CSW24_hsp,19,26,25.783000,15.275000,-10.508000,l4 HUMANE
1009,CSW24_hsp,20,9,28.854000,14.981000,-13.873000,k2 MUNCHIE
1009,CSW24_hsp,21,15,28.119000,14.840000,-13.279000,k4 ECHIUM
1009,CSW24_hsp,22,25,25.792000,14.676000,-11.116000,d3 HUE
1009,CSW24_hsp,23,23,25.850000,14.488000,-11.362000,d2 EMU
1009,CSW24_hsp,24,31,24.793000,14.431000,-10.362000,6i MEH
1009,CSW24_hsp,25,27,25.302000,14.242000,-11.060000,d10 MENU
610,CSW24_hsp,1,1,77.000000,68.113000,-8.887000,h8 SETENANT
610,CSW24_hsp,2,3,22.576000,16.156000,-6.420000,9a TEN
610,CSW24_hsp,3,2,22.576000,16.037000,-6.539000,9a NET
610,CSW24_hsp,4,4,18.576000,12.234000,-6.342000,6a NET
610,CSW24_hsp,5,5,18.576000,12.204000,-6.372000,6a TEN
610,CSW24_hsp,6,6,18.076000,12.080000,-5.996000,9b EN
610,CSW24_hsp,7,9,16.614000,10.755000,-5.859000,9b ET
610,CSW24_hsp,8,7,17.051000,10.370000,-6.681000,9a NAT
610,CSW24_hsp,9,8,17.051000,10.255000,-6.796000,9a TAN
610,CSW24_hsp,10,10,16.576000,9.459000,-7.117000,c7 YENTE
610,CSW24_hsp,11,15,14.076000,7.885000,-6.191000,6b NE
610,CSW24_hsp,12,11,16.102000,7.662000,-8.440000,9g ETNA
610,CSW24_hsp,13,14,14.076000,7.325000,-6.751000,6b EN
610,CSW24_hsp,14,12,15.576000,7.148000,-8.428000,b8 BENT
610,CSW24_hsp,15,19,13.051000,6.804000,-6.247000,6a NAT
610,CSW24_hsp,16,13,15.078000,6.638000,-8.440000,9g ETEN
610,CSW24_hsp,17,20,13.051000,6.594000,-6.457000,6a TAN
610,CSW24_hsp,18,23,12.614000,6.476000,-6.138000,6b TE
610,CSW24_hsp,19,35,11.614000,6.444000,-5.170000,9g ET
610,CSW24_hsp,20,18,13.051000,6.327000,-6.724000,6a ANT
610,CSW24_hsp,21,24,12.580000,6.182000,-6.398000,9b AN
610,CSW24_hsp,22,22,12.614000,6.115000,-6.499000,6b ET
610,CSW24_hsp,23,39,11.576000,6.078000,-5.498000,h6 NEST
610,CSW24_hsp,24,37,11.576000,5.984000,-5.592000,h5 NETS
610,CSW24_hsp,25,34,11.687000,5.862000,-5.825000,c7 YEN
70,CSW24_hsp,1,2,35.974000,30.283000,-5.691000,4j MOWA
70,CSW24_hsp,2,1,36.232000,26.367000,-9.865000,4l WOVE
70,CSW24_hsp,3,6,32.277000,25.971000,-6.306000,4j MIAOW
70,CSW24_hsp,4,3,35.153000,25.377000,-9.776000,4l WIVE
70,CSW24_hsp,5,4,33.974000,25.131000,-8.843000,2j MOWA
70,CSW24_hsp,6,9,30.366000,24.673000,-5.693000,4j MOW
70,CSW24_hsp,7,12,29.123000,23.348000,-5.775000,4j WAME
70,CSW24_hsp,8,5,33.080000,23.304000,-9.776000,4l WAVE
70,CSW24_hsp,9,7,31.325000,21.822000,-9.503000,4l MEOW
70,CSW24_hsp,10,15,27.545000,21.312000,-6.233000,l1 VIEW
70,CSW24_hsp,11,10,29.366000,21.246000,-8.120000,2j MOW
70,CSW24_hsp,12,16,26.915000,21.203000,-5.712000,4j MAW
70,CSW24_hsp,13,8,31.013000,20.924000,-10.089000,4k AMOVE
70,CSW24_hsp,14,22,23.994000,17.867000,-6.127000,4j MEW
70,CSW24_hsp,15,14,27.974000,17.721000,-10.253000,4l MOWA
70,CSW24_hsp,16,25,22.994000,17.194000,-5.800000,4j WEM
70,CSW24_hsp,17,20,24.264000,17.186000,-7.078000,4k OWIE
70,CSW24_hsp,18,23,23.990000,16.313000,-7.677000,l1 VOEMA
70,CSW24_hsp,19,24,23.366000,16.262000,-7.104000,4l MOW
70,CSW24_hsp,20,26,22.965000,16.216000,-6.749000,4k OWE
70,CSW24_hsp,21,11,29.232000,15.940000,-13.292000,2l WOVE
70,CSW24_hsp,22,32,21.153000,14.853000,-6.300000,j2 WAIVE
70,CSW24_hsp,23,13,28.153000,14.837000,-13.316000,2l WIVE
70,CSW24_hsp,24,19,24.398000,14.671000,-9.727000,2j MOAI
70,CSW24_hsp,25,18,24.634000,14.640000,-9.994000,4l MOVE
536,CSW24_hsp,1,1,36.356000,34.479000,-1.877000,10j FANK
536,CSW24_hsp,2,3,32.790000,30.936000,-1.854000,10j KAMI
536,CSW24_hsp,3,4,32.481000,30.401000,-2.080000,10j FAM
536,CSW24_hsp,4,2,35.362000,30.200000,-5.162000,10j FAMINE
536,CSW24_hsp,5,5,32.073000,30.037000,-2.036000,10j KAM
536,CSW24_hsp,6,8,31.073000,29.474000,-1.599000,13k MAK
536,CSW24_hsp,7,10,30.790000,29.259000,-1.531000,13k MAKI
536,CSW24_hsp,8,9,30.790000,29.142000,-1.648000,13k MAIK
536,CSW24_hsp,9,6,31.461000,29.094000,-2.367000,10h FIKE
536,CSW24_hsp,10,14,30.137000,28.350000,-1.787000,13k MAKE
536,CSW24_hsp,11,7,31.272000,28.347000,-2.925000,3i MANIKIN
536,CSW24_hsp,12,12,30.395000,28.321000,-2.074000,10j FEM
536,CSW24_hsp,13,11,30.568000,27.710000,-2.858000,e3 FAKING
536,CSW24_hsp,14,15,29.375000,27.468000,-1.907000,10j FENI
536,CSW24_hsp,15,13,30.177000,27.323000,-2.854000,n9 KIF
536,CSW24_hsp,16,16,29.328000,26.932000,-2.396000,10h FAKE
536,CSW24_hsp,17,17,29.242000,25.986000,-3.256000,n9 KEF
536,CSW24_hsp,18,21,28.176000,24.859000,-3.317000,n9 KAF
536,CSW24_hsp,19,24,26.375000,24.688000,-1.687000,13k NEIF
536,CSW24_hsp,20,23,26.730000,24.495000,-2.235000,l3 MAFIC
536,CSW24_hsp,21,19,28.375000,24.432000,-3.943000,n11 FEINT
536,CSW24_hsp,22,20,28.375000,24.356000,-4.019000,n11 FIENT
536,CSW24_hsp,23,25,26.348000,24.210000,-2.138000,10i IKAN
536,CSW24_hsp,24,28,25.976000,23.911000,-2.065000,10j FEN
536,CSW24_hsp,25,31,25.452000,23.765000,-1.687000,13k NAIF
995,CSW24_hsp,1,1,31.887000,24.934000,-6.953000,d6 COWBIRD
995,CSW24_hsp,2,4,20.706000,15.398000,-5.308000,j9 OBI
995,CSW24_hsp,3,2,23.657000,14.733000,-8.924000,l1 BUDI
995,CSW24_hsp,4,7,19.761000,14.151000,-5.610000,6i BOX
995,CSW24_hsp,5,3,23.043000,14.107000,-8.936000,l1 BUDO
995,CSW24_hsp,6,6,19.955000,13.892000,-6.063000,4h BORsIC
995,CSW24_hsp,7,11,18.761000,13.726000,-5.035000,j9 OB
995,CSW24_hsp,8,5,19.955000,13.374000,-6.581000,4c COLIBRI
995,CSW24_hsp,9,12,18.742000,13.132000,-5.610000,6i COX
995,CSW24_hsp,10,10,18.906000,11.960000,-6.946000,j10 BI
995,CSW24_hsp,11,22,16.077000,11.553000,-4.524000,l9 ODIC
995,CSW24_hsp,12,14,17.761000,10.776000,-6.985000,j10 BO
995,CSW24_hsp,13,23,15.923000,10.544000,-5.379000,j9 BRU
995,CSW24_hsp,14,8,19.332000,10.402000,-8.930000,l1 DUCI
995,CSW24_hsp,15,24,15.812000,10.347000,-5.465000,l2 CRIB
995,CSW24_hsp,16,9,19.175000,10.269000,-8.906000,4k sCRUB
995,CSW24_hsp,17,17,16.498000,9.934000,-6.564000,l5 DUI
995,CSW24_hsp,18,31,15.185000,9.575000,-5.610000,l3 DIB
995,CSW24_hsp,19,27,15.446000,9.528000,-5.918000,4h CURsI
995,CSW24_hsp,20,20,16.128000,9.496000,-6.632000,l10 DOUC
995,CSW24_hsp,21,19,16.128000,9.456000,-6.672000,l10 DOCU
995,CSW24_hsp,22,38,14.708000,9.209000,-5.499000,l3 COB
995,CSW24_hsp,23,35,14.823000,9.179000,-5.644000,6i DOX
995,CSW24_hsp,24,18,16.185000,9.160000,-7.025000,g2 DIB
995,CSW24_hsp,25,55,13.572000,8.809000,-4.763000,l9 DRIB
451,CSW24_hsp,1,2,38.989000,29.043000,-9.946000,g3 OOR
451,CSW24_hsp,2,1,38.989000,28.858000,-10.131000,g2 ROO
451,CSW24_hsp,3,3,38.989000,28.817000,-10.172000,g3 ROO
451,CSW24_hsp,4,10,34.536000,28.165000,-6.371000,k3 AERO
451,CSW24_hsp,5,4,37.989000,28.124000,-9.865000,g4 OOR
451,CSW24_hsp,6,6,35.915000,26.038000,-9.877000,g3 OO
451,CSW24_hsp,7,5,36.536000,25.892000,-10.644000,g2 ARO
451,CSW24_hsp,8,7,35.536000,25.137000,-10.399000,g4 OAR
451,CSW24_hsp,9,8,35.536000,25.016000,-10.520000,g4 ORA
451,CSW24_hsp,10,9,34.915000,24.584000,-10.331000,g4 OO
451,CSW24_hsp,11,11,33.989000,23.439000,-10.550000,5f ROO
451,CSW24_hsp,12,12,32.989000,23.371000,-9.618000,h2 ORZO
451,CSW24_hsp,13,13,32.322000,22.724000,-9.598000,g4 OR
451,CSW24_hsp,14,14,32.096000,22.548000,-9.548000,4g OZONES
451,CSW24_hsp,15,15,31.933000,22.111000,-9.822000,h2 RAZOO
451,CSW24_hsp,16,25,29.915000,21.561000,-8.354000,h4 ZOO
451,CSW24_hsp,17,19,30.915000,20.834000,-10.081000,5g OO
451,CSW24_hsp,18,17,31.536000,20.809000,-10.727000,5f ORA
451,CSW24_hsp,19,35,27.322000,20.786000,-6.536000,5i OOR
451,CSW24_hsp,20,16,31.536000,20.769000,-10.767000,5f ARO
451,CSW24_hsp,21,20,30.434000,20.692000,-9.742000,g2 REO
451,CSW24_hsp,22,21,30.434000,20.450000,-9.984000,g3 ROE
451,CSW24_hsp,23,23,29.989000,20.440000,-9.549000,3k OOR
451,CSW24_hsp,24,22,30.315000,20.253000,-10.062000,5e AERO
451,CSW24_hsp,25,24,29.989000,19.934000,-10.055000,3k ROO
588,CSW24_hsp,1,1,28.815000,24.357000,-4.458000,a10 NOOGIE
588,CSW24_hsp,2,2,27.535000,21.249000,-6.286000,14a OU
588,CSW24_hsp,3,3,25.535000,20.984000,-4.551000,9n OU
588,CSW24_hsp,4,4,25.535000,20.864000,-4.671000,10a OU
588,CSW24_hsp,5,5,24.104000,18.518000,-5.586000,14a OUS
588,CSW24_hsp,6,7,22.216000,18.309000,-3.907000,9k CUNEI
588,CSW24_hsp,7,6,22.535000,17.865000,-4.670000,n10 OU
588,CSW24_hsp,8,9,21.535000,17.317000,-4.218000,10i OUT
588,CSW24_hsp,9,8,21.576000,16.476000,-5.100000,a13 GOO
588,CSW24_hsp,10,11,20.443000,16.454000,-3.989000,9m NOO
588,CSW24_hsp,11,13,20.331000,15.373000,-4.958000,a13 GIO
588,CSW24_hsp,12,14,19.599000,15.141000,-4.458000,a10 SOOGIE
588,CSW24_hsp,13,15,19.331000,15.023000,-4.308000,j10 IO
588,CSW24_hsp,14,12,20.386000,14.627000,-5.759000,14a OOS
588,CSW24_hsp,15,18,18.774000,14.396000,-4.378000,a10 ISOGON
588,CSW24_hsp,16,10,20.576000,14.048000,-6.528000,14a OO
588,CSW24_hsp,17,19,18.576000,13.938000,-4.638000,9n OO
588,CSW24_hsp,18,17,19.331000,13.615000,-5.716000,14a OI
588,CSW24_hsp,19,16,19.331000,13.423000,-5.908000,14a IO
588,CSW24_hsp,20,21,18.542000,13.356000,-5.186000,14a OIS
588,CSW24_hsp,21,20,18.542000,13.341000,-5.201000,14a IOS
588,CSW24_hsp,22,22,18.117000,13.072000,-5.045000,ex OOU
588,CSW24_hsp,23,25,16.938000,12.841000,-4.097000,9k CONE
588,CSW24_hsp,24,24,17.331000,12.742000,-4.589000,9n OI
588,CSW24_hsp,25,23,17.576000,12.621000,-4.955000,n8 WOO
585,CSW24_hsp,1,1,94.460000,92.376000,-2.084000,h11 AMINS
585,CSW24_hsp,2,3,94.090000,92.004000,-2.086000,h12 MNAS
585,CSW24_hsp,3,2,94.090000,91.966000,-2.124000,h12 MANS
585,CSW24_hsp,4,5,88.460000,86.196000,-2.264000,h11 MANIS
585,CSW24_hsp,5,6,88.460000,86.164000,-2.296000,h11 MINAS
585,CSW24_hsp,6,4,88.460000,86.094000,-2.366000,h11 MAINS
585,CSW24_hsp,7,7,88.090000,85.627000,-2.463000,h12 NAMS
585,CSW24_hsp,8,8,88.002000,85.613000,-2.389000,h12 NIMS
585,CSW24_hsp,9,10,83.845000,81.065000,-2.780000,h12 INNS
585,CSW24_hsp,10,9,84.000000,80.776000,-3.224000,m2 oMNIANAS
585,CSW24_hsp,11,11,81.565000,78.756000,-2.809000,h12 ANNS
585,CSW24_hsp,12,12,81.565000,78.744000,-2.821000,h12 NANS
585,CSW24_hsp,13,13,81.000000,78.471000,-2.529000,5f NANISMs
585,CSW24_hsp,14,15,81.000000,78.297000,-2.703000,5g kINSMAN
585,CSW24_hsp,15,14,81.000000,78.179000,-2.821000,5g MANSIoN
585,CSW24_hsp,16,18,80.000000,77.789000,-2.211000,o8 LAMINiNS
585,CSW24_hsp,17,19,80.000000,77.784000,-2.216000,o8 LAMiNINS
585,CSW24_hsp,18,20,80.000000,77.758000,-2.242000,o8 LINeSMAN
585,CSW24_hsp,19,21,80.000000,77.758000,-2.242000,o8 LINkSMAN
585,CSW24_hsp,20,17,80.000000,77.481000,-2.519000,5f NANIsMS
585,CSW24_hsp,21,23,79.749000,76.576000,-3.173000,h13 NIS
585,CSW24_hsp,22,22,79.749000,76.412000,-3.337000,h13 INS
585,CSW24_hsp,23,25,79.187000,76.377000,-2.810000,h12 ANIS
585,CSW24_hsp,24,24,79.187000,76.365000,-2.822000,h12 AINS
585,CSW24_hsp,25,26,79.128000,76.328000,-2.800000,14b INARM
81,CSW24_hsp,1,1,78.000000,72.967000,-5.033000,2c SHOEING
81,CSW24_hsp,2,2,76.000000,69.474000,-6.526000,c1 HISTOGEN
81,CSW24_hsp,3,6,54.688000,50.544000,-4.144000,2f HINGE
81,CSW24_hsp,4,5,54.784000,50.542000,-4.242000,13c HO
81,CSW24_hsp,5,3,55.688000,50.306000,-5.382000,2b NEIGH
81,CSW24_hsp,6,4,54.784000,49.340000,-5.444000,2f HO
81,CSW24_hsp,7,7,54.117000,48.985000,-5.132000,2f HOG
81,CSW24_hsp,8,8,53.191000,48.538000,-4.653000,2e OHING
81,CSW24_hsp,9,12,51.304000,47.186000,-4.118000,13c HE
81,CSW24_hsp,10,10,51.312000,47.106000,-4.206000,2f HONG
81,CSW24_hsp,11,9,51.784000,47.034000,-4.750000,2e OH
81,CSW24_hsp,12,11,51.304000,46.168000,-5.136000,2f HE
81,CSW24_hsp,13,13,49.105000,45.088000,-4.017000,2f HING
81,CSW24_hsp,14,15,48.688000,43.982000,-4.706000,2e EHING
81,CSW24_hsp,15,14,48.784000,43.582000,-5.202000,13b OH
81,CSW24_hsp,16,16,48.304000,43.533000,-4.771000,2e EH
81,CSW24_hsp,17,17,46.354000,41.664000,-4.690000,o1 HOIK
81,CSW24_hsp,18,18,46.191000,41.432000,-4.759000,2b HOING
81,CSW24_hsp,19,19,46.191000,40.863000,-5.328000,2b OHING
81,CSW24_hsp,20,20,45.443000,40.711000,-4.732000,2e GHI
81,CSW24_hsp,21,21,45.304000,40.166000,-5.138000,13b EH
81,CSW24_hsp,22,23,44.426000,40.007000,-4.419000,2f HON
81,CSW24_hsp,23,24,44.217000,39.247000,-4.970000,2f HI
81,CSW24_hsp,24,25,43.426000,38.767000,-4.659000,o1 HONK
81,CSW24_hsp,25,28,42.304000,38.054000,-4.250000,5e HE
889,CSW24_hsp,1,1,43.191000,38.699000,-4.492000,l8 POORI
889,CSW24_hsp,2,2,40.350000,35.875000,-4.475000,l10 OOP
889,CSW24_hsp,3,4,39.378000,34.488000,-4.890000,l10 OO
889,CSW24_hsp,4,3,39.378000,34.239000,-5.139000,l9 OO
889,CSW24_hsp,5,7,37.947000,34.023000,-3.924000,10f PIMENTO
889,CSW24_hsp,6,5,38.522000,33.984000,-4.538000,15j ESPOIR
889,CSW24_hsp,7,6,38.350000,33.792000,-4.558000,l8 POO
889,CSW24_hsp,8,12,37.099000,33.775000,-3.324000,g14 PO
889,CSW24_hsp,9,9,37.658000,33.372000,-4.286000,l9 IO
889,CSW24_hsp,10,10,37.658000,33.313000,-4.345000,l10 OI
889,CSW24_hsp,11,13,36.378000,32.486000,-3.892000,15j OO
889,CSW24_hsp,12,8,37.933000,32.457000,-5.476000,4h POLIO
889,CSW24_hsp,13,14,35.947000,32.265000,-3.682000,15g OX
889,CSW24_hsp,14,11,37.191000,32.063000,-5.128000,l9 POORI
889,CSW24_hsp,15,15,35.378000,31.859000,-3.519000,11g OOT
889,CSW24_hsp,16,19,35.350000,31.724000,-3.626000,15j OOP
889,CSW24_hsp,17,18,35.350000,31.610000,-3.740000,11e POO
889,CSW24_hsp,18,20,34.947000,31.152000,-3.795000,j12 FADO
889,CSW24_hsp,19,21,34.658000,30.936000,-3.722000,15j OI
889,CSW24_hsp,20,17,35.350000,30.285000,-5.065000,l9 POO
889,CSW24_hsp,21,23,34.378000,30.278000,-4.100000,11f OO
889,CSW24_hsp,22,27,33.947000,30.243000,-3.704000,9h OE
889,CSW24_hsp,23,16,35.350000,30.021000,-5.329000,l9 OOP
889,CSW24_hsp,24,24,34.378000,29.710000,-4.668000,11k OO
889,CSW24_hsp,25,25,34.312000,29.693000,-4.619000,l9 POOR
830,CSW24_hsp,1,1,24.102000,17.370000,-6.732000,h12 OLEO
830,CSW24_hsp,2,2,22.102000,15.379000,-6.723000,k11 OLEO
830,CSW24_hsp,3,3,19.510000,13.165000,-6.345000,h12 ENOL
830,CSW24_hsp,4,4,18.919000,12.452000,-6.467000,k11 OLE
830,CSW24_hsp,5,11,16.919000,11.168000,-5.751000,g1 OLE
830,CSW24_hsp,6,6,17.642000,10.953000,-6.689000,h12 OONT
830,CSW24_hsp,7,7,17.510000,10.888000,-6.622000,k11 NOEL
830,CSW24_hsp,8,5,17.642000,10.857000,-6.785000,h12 ONTO
830,CSW24_hsp,9,8,17.510000,10.704000,-6.806000,k11 NOLE
830,CSW24_hsp,10,10,17.037000,10.526000,-6.511000,k11 ONE
830,CSW24_hsp,11,15,16.386000,10.195000,-6.191000,k11 OE
830,CSW24_hsp,12,14,16.556000,9.857000,-6.699000,k11 NOLO
830,CSW24_hsp,13,13,16.798000,9.822000,-6.976000,k11 NOTE
830,CSW24_hsp,14,18,16.015000,9.687000,-6.328000,k11 ONO
830,CSW24_hsp,15,17,16.015000,9.553000,-6.462000,k11 NOO
830,CSW24_hsp,16,19,16.015000,9.518000,-6.497000,k11 OON
830,CSW24_hsp,17,20,15.710000,9.308000,-6.402000,k11 OO
830,CSW24_hsp,18,22,15.642000,9.105000,-6.537000,k11 OONT
830,CSW24_hsp,19,21,15.642000,9.064000,-6.578000,k11 ONTO
830,CSW24_hsp,20,23,15.037000,9.064000,-5.973000,i1 ONE
830,CSW24_hsp,21,9,17.102000,8.957000,-8.145000,m11 OLEO
830,CSW24_hsp,22,25,14.592000,8.188000,-6.404000,k11 OOT
830,CSW24_hsp,23,26,14.386000,8.066000,-6.320000,11k OYE
830,CSW24_hsp,24,28,14.015000,7.992000,-6.023000,i1 ONO
830,CSW24_hsp,25,16,16.119000,7.400000,-8.719000,3c LOOTEN
422,CSW24_hsp,1,1,90.000000,87.579000,-2.421000,k5 ENCRUSt
422,CSW24_hsp,2,2,82.000000,75.370000,-6.630000,n8 RECUSiNG
422,CSW24_hsp,3,3,82.000000,74.419000,-7.581000,n8 SECURiNG
422,CSW24_hsp,4,12,72.000000,69.142000,-2.858000,k4 lUCERNS
422,CSW24_hsp,5,6,72.000000,69.060000,-2.940000,k4 CRUmENS
422,CSW24_hsp,6,8,72.000000,68.943000,-3.057000,k4 CUnNERS
422,CSW24_hsp,7,7,72.000000,68.939000,-3.061000,k4 CUNnERS
422,CSW24_hsp,8,9,72.000000,68.934000,-3.066000,k4 CoNURES
422,CSW24_hsp,9,10,72.000000,68.914000,-3.086000,k4 RUNChES
422,CSW24_hsp,10,11,72.000000,68.633000,-3.367000,k4 RoUNCES
422,CSW24_hsp,11,13,72.000000,68.247000,-3.753000,k4 oUNCERS
422,CSW24_hsp,12,14,71.000000,67.783000,-3.217000,k4 ENCRUSt
422,CSW24_hsp,13,4,77.000000,67.227000,-9.773000,14a ENCRUStED
422,CSW24_hsp,14,5,74.000000,67.032000,-6.968000,n8 RESCUiNG
422,CSW24_hsp,15,15,55.119000,51.579000,-3.540000,13h KIR
422,CSW24_hsp,16,17,54.735000,50.921000,-3.814000,13h KIRN
422,CSW24_hsp,17,16,54.943000,50.219000,-4.724000,j6 UN
422,CSW24_hsp,18,19,53.095000,48.297000,-4.798000,l12 UNCI
422,CSW24_hsp,19,20,52.943000,48.193000,-4.750000,j5 NU
422,CSW24_hsp,20,21,52.866000,47.921000,-4.945000,j5 CUR
422,CSW24_hsp,21,23,52.694000,47.880000,-4.814000,j5 RUN
422,CSW24_hsp,22,26,51.422000,47.860000,-3.562000,13h KIS
422,CSW24_hsp,23,18,53.943000,47.847000,-6.096000,14n UN
422,CSW24_hsp,24,22,52.694000,47.731000,-4.963000,j5 NUR
422,CSW24_hsp,25,24,52.067000,47.317000,-4.750000,j6 UR
252,CSW24_hsp,1,1,56.082000,52.301000,-3.781000,12h FLUORS
252,CSW24_hsp,2,2,45.074000,40.034000,-5.040000,12h FLUOR
252,CSW24_hsp,3,3,41.955000,37.654000,-4.301000,12i FLORS
252,CSW24_hsp,4,4,36.900000,32.422000,-4.478000,a13 FUD
252,CSW24_hsp,5,5,36.139000,31.632000,-4.507000,12j DORS
252,CSW24_hsp,6,6,33.995000,29.073000,-4.922000,14h ORF
252,CSW24_hsp,7,7,33.328000,28.787000,-4.541000,a13 FUR
252,CSW24_hsp,8,11,31.501000,27.087000,-4.414000,12k ORS
252,CSW24_hsp,9,10,31.513000,27.015000,-4.498000,a13 DOF
252,CSW24_hsp,10,9,31.877000,26.867000,-5.010000,k5 FLAWS
252,CSW24_hsp,11,8,31.917000,26.486000,-5.431000,12i FLOR
252,CSW24_hsp,12,12,30.640000,25.185000,-5.455000,12a SCURF
252,CSW24_hsp,13,15,29.640000,24.517000,-5.123000,14g SURF
252,CSW24_hsp,14,18,28.995000,24.454000,-4.541000,a13 FOR
252,CSW24_hsp,15,16,29.289000,24.436000,-4.853000,14i OF
252,CSW24_hsp,16,14,29.681000,24.382000,-5.299000,14i FLU
252,CSW24_hsp,17,13,30.439000,24.303000,-6.136000,13a DEFOUL
252,CSW24_hsp,18,17,28.995000,23.850000,-5.145000,12j FOR
252,CSW24_hsp,19,19,28.911000,23.344000,-5.567000,k5 FLAW
252,CSW24_hsp,20,20,27.995000,22.861000,-5.134000,c13 FOR
252,CSW24_hsp,21,22,27.513000,22.276000,-5.237000,c13 DOF
252,CSW24_hsp,22,27,26.739000,22.195000,-4.544000,a13 FOU
252,CSW24_hsp,23,21,27.681000,22.086000,-5.595000,14f FLU
252,CSW24_hsp,24,24,27.222000,21.871000,-5.351000,12j DOR
252,CSW24_hsp,25,23,27.358000,21.760000,-5.598000,14g FORD
211,CSW24_hsp,1,2,33.227000,25.525000,-7.702000,o12 HOER
211,CSW24_hsp,2,4,32.577000,24.856000,-7.721000,15n EH
211,CSW24_hsp,3,5,32.409000,24.737000,-7.672000,o12 BIEN
211,CSW24_hsp,4,16,30.036000,22.165000,-7.871000,o11 HEBEN
211,CSW24_hsp,5,18,29.466000,21.220000,-8.246000,o10 BONIER
211,CSW24_hsp,6,29,28.342000,20.694000,-7.648000,o12 BREI
211,CSW24_hsp,7,28,28.342000,20.516000,-7.826000,o12 BIER
211,CSW24_hsp,8,1,34.627000,19.853000,-14.774000,15f RHINO
211,CSW24_hsp,9,34,26.144000,18.348000,-7.796000,o12 BEEN
211,CSW24_hsp,10,3,33.022000,18.279000,-14.743000,15f BONIE
211,CSW24_hsp,11,36,26.003000,18.271000,-7.732000,o12 BEER
211,CSW24_hsp,12,37,26.003000,18.203000,-7.800000,o12 BREE
211,CSW24_hsp,13,35,26.097000,17.884000,-8.213000,o10 BOREEN
211,CSW24_hsp,14,6,32.099000,17.321000,-14.778000,15f RHINE
211,CSW24_hsp,15,7,31.886000,17.039000,-14.847000,15f BRINE
211,CSW24_hsp,16,8,31.291000,16.680000,-14.611000,15g BIRO
211,CSW24_hsp,17,9,31.291000,16.636000,-14.655000,15g BRIO
211,CSW24_hsp,18,40,24.446000,16.482000,-7.964000,o11 HONER
211,CSW24_hsp,19,41,24.376000,16.385000,-7.991000,o11 BOREE
211,CSW24_hsp,20,10,31.126000,16.369000,-14.757000,15f RHONE
211,CSW24_hsp,21,14,30.355000,16.339000,-14.016000,15h BIO
211,CSW24_hsp,22,42,24.194000,16.287000,-7.907000,o11 BINER
211,CSW24_hsp,23,11,31.097000,16.255000,-14.842000,15f BORNE
211,CSW24_hsp,24,43,23.988000,16.010000,-7.978000,o11 HIREE
211,CSW24_hsp,25,46,23.785000,15.848000,-7.937000,o11 BONER
390,CSW24_hsp,1,1,19.445000,17.437000,-2.008000,4a OWIE
390,CSW24_hsp,2,2,17.058000,15.688000,-1.370000,4d WO
390,CSW24_hsp,3,4,16.356000,15.500000,-0.856000,b8 ANEW
390,CSW24_hsp,4,5,15.821000,14.313000,-1.508000,l2 BAWTIE
390,CSW24_hsp,5,3,16.540000,14.071000,-2.469000,2b EUOI
390,CSW24_hsp,6,6,15.058000,13.764000,-1.294000,3l OW
390,CSW24_hsp,7,7,15.058000,13.647000,-1.411000,3m WOO
390,CSW24_hsp,8,8,15.058000,13.640000,-1.418000,4c OW
390,CSW24_hsp,9,10,14.390000,13.184000,-1.206000,4b WAI
390,CSW24_hsp,10,11,13.572000,12.707000,-0.865000,7c WAT
390,CSW24_hsp,11,9,14.540000,12.487000,-2.053000,4a EUOI
390,CSW24_hsp,12,12,13.324000,12.311000,-1.013000,b6 TUAN
390,CSW24_hsp,13,13,12.897000,11.648000,-1.249000,3l AW
390,CSW24_hsp,14,15,12.729000,11.619000,-1.110000,4b TOW
390,CSW24_hsp,15,14,12.897000,11.466000,-1.431000,4c AW
390,CSW24_hsp,16,18,11.634000,10.383000,-1.251000,4k OUTED
390,CSW24_hsp,17,16,12.265000,10.145000,-2.120000,7h AWAIT
390,CSW24_hsp,18,20,11.215000,10.009000,-1.206000,4b WOE
390,CSW24_hsp,19,22,10.572000,9.462000,-1.110000,4b TAW
390,CSW24_hsp,20,23,10.455000,9.198000,-1.257000,3l EW
390,CSW24_hsp,21,26,10.324000,9.093000,-1.231000,3l AUTO
390,CSW24_hsp,22,24,10.455000,9.030000,-1.425000,4c EW
390,CSW24_hsp,23,17,11.893000,8.594000,-3.299000,7h AWATO
390,CSW24_hsp,24,25,10.403000,8.589000,-1.814000,4a TWAE
390,CSW24_hsp,25,31,9.356000,8.228000,-1.128000,4l AWED
656,CSW24_hsp,1,1,45.735000,27.187000,-18.548000,3a GAWK
656,CSW24_hsp,2,2,43.730000,25.043000,-18.687000,3a PAWK
656,CSW24_hsp,3,6,37.170000,23.447000,-13.723000,j10 KID
656,CSW24_hsp,4,3,41.450000,22.687000,-18.763000,3a DAWK
656,CSW24_hsp,5,11,32.143000,22.039000,-10.104000,h13 KAW
656,CSW24_hsp,6,4,39.774000,21.127000,-18.647000,3a GAWP
656,CSW24_hsp,7,8,32.567000,19.472000,-13.095000,j8 SAKI
656,CSW24_hsp,8,5,38.009000,19.351000,-18.658000,3a GAWD
656,CSW24_hsp,9,9,32.524000,19.262000,-13.262000,j8 SAPID
656,CSW24_hsp,10,19,28.143000,18.080000,-10.063000,h13 AWK
656,CSW24_hsp,11,14,31.255000,17.817000,-13.438000,j10 KIDS
656,CSW24_hsp,12,20,28.060000,17.663000,-10.397000,h10 PUKA
656,CSW24_hsp,13,21,27.060000,17.226000,-9.834000,h13 PAK
656,CSW24_hsp,14,7,33.735000,17.054000,-16.681000,b4 GAWK
656,CSW24_hsp,15,10,32.143000,16.327000,-15.816000,3b AWK
656,CSW24_hsp,16,30,25.466000,15.510000,-9.956000,h13 GAK
656,CSW24_hsp,17,33,25.383000,15.416000,-9.967000,h13 GAW
656,CSW24_hsp,18,12,32.009000,15.063000,-16.946000,b4 GAWD
656,CSW24_hsp,19,13,31.774000,15.056000,-16.718000,b4 GAWP
656,CSW24_hsp,20,25,26.617000,14.786000,-11.831000,h10 GUP
656,CSW24_hsp,21,17,28.260000,14.561000,-13.699000,10i OK
656,CSW24_hsp,22,39,24.320000,14.487000,-9.833000,h13 PAW
656,CSW24_hsp,23,34,24.703000,14.321000,-10.382000,h10 DUKA
656,CSW24_hsp,24,23,26.995000,14.279000,-12.716000,10h GOD
656,CSW24_hsp,25,36,24.617000,12.688000,-11.929000,h10 PUG
764,CSW24_hsp,1,1,45.398000,38.351000,-7.047000,o11 SKIDS
764,CSW24_hsp,2,3,43.228000,36.099000,-7.129000,o11 SKITS
764,CSW24_hsp,3,2,43.773000,34.807000,-8.966000,14j KILNS
764,CSW24_hsp,4,4,40.398000,33.030000,-7.368000,15k DISKS
764,CSW24_hsp,5,5,38.228000,30.836000,-7.392000,15k KISTS
764,CSW24_hsp,6,6,37.520000,30.188000,-7.332000,15k LISKS
764,CSW24_hsp,7,7,36.227000,29.019000,-7.208000,15l TSKS
764,CSW24_hsp,8,8,34.398000,27.029000,-7.369000,o11 DISKS
764,CSW24_hsp,9,10,32.042000,25.263000,-6.779000,j5 KUDOS
764,CSW24_hsp,10,9,32.285000,25.208000,-7.077000,9d CRUFTS
764,CSW24_hsp,11,11,31.798000,24.771000,-7.027000,15m SIK
764,CSW24_hsp,12,12,31.798000,24.638000,-7.160000,15m SKI
764,CSW24_hsp,13,14,30.477000,23.237000,-7.240000,j5 KUDO
764,CSW24_hsp,14,13,30.520000,23.219000,-7.301000,o11 SILKS
764,CSW24_hsp,15,16,29.579000,22.424000,-7.155000,k10 TSK
764,CSW24_hsp,16,15,29.798000,22.247000,-7.551000,11j KISAN
764,CSW24_hsp,17,19,28.410000,21.167000,-7.243000,j5 LUDO
764,CSW24_hsp,18,23,27.610000,20.661000,-6.949000,k10 TIKS
764,CSW24_hsp,19,33,27.114000,20.259000,-6.855000,j5 LUDOS
764,CSW24_hsp,20,34,26.529000,19.214000,-7.315000,11l SAND
764,CSW24_hsp,21,36,26.404000,19.199000,-7.205000,11l SANK
764,CSW24_hsp,22,29,27.286000,18.997000,-8.289000,12i SKIDS
764,CSW24_hsp,23,28,27.286000,18.921000,-8.365000,12i DISKS
764,CSW24_hsp,24,17,28.773000,18.903000,-9.870000,15j ILKS
764,CSW24_hsp,25,35,26.464000,18.777000,-7.687000,15k LISTS
992,CSW24_hsp,1,1,37.783000,31.555000,-6.228000,1c CLOVER
992,CSW24_hsp,2,2,35.251000,28.970000,-6.281000,1c CLEVER
992,CSW24_hsp,3,3,34.292000,27.892000,-6.400000,1c CORVEE
992,CSW24_hsp,4,4,34.065000,27.403000,-6.662000,1a RECCO
992,CSW24_hsp,5,7,28.881000,22.212000,-6.669000,1a RECCE
992,CSW24_hsp,6,6,30.778000,20.763000,-10.015000,10g CLOVE
992,CSW24_hsp,7,14,27.471000,20.572000,-6.899000,1a ECCO
992,CSW24_hsp,8,5,30.869000,18.625000,-12.244000,j2 VELOCE
992,CSW24_hsp,9,18,25.274000,18.221000,-7.053000,1c COERCE
992,CSW24_hsp,10,11,27.854000,17.991000,-9.863000,10g CLOVER
992,CSW24_hsp,11,8,28.771000,17.385000,-11.386000,10h LOVE
992,CSW24_hsp,12,9,28.771000,17.216000,-11.555000,10i OVEL
992,CSW24_hsp,13,10,28.515000,17.045000,-11.470000,10h COVE
992,CSW24_hsp,14,13,27.694000,16.439000,-11.255000,10h COVER
992,CSW24_hsp,15,12,27.778000,15.980000,-11.798000,j3 CLOVE
992,CSW24_hsp,16,15,25.783000,14.531000,-11.252000,10h LOVER
992,CSW24_hsp,17,16,25.771000,13.698000,-12.073000,j4 LOVE
992,CSW24_hsp,18,22,23.771000,13.695000,-10.076000,10b VOLTE
992,CSW24_hsp,19,37,20.500000,13.631000,-6.869000,1a ECCE
992,CSW24_hsp,20,17,25.515000,13.629000,-11.886000,j4 COVE
992,CSW24_hsp,21,19,25.013000,13.562000,-11.451000,10h ROVE
992,CSW24_hsp,22,20,25.013000,13.350000,-11.663000,10i OVER
992,CSW24_hsp,23,27,22.694000,12.765000,-9.929000,10b VECTOR
992,CSW24_hsp,24,24,23.080000,11.909000,-11.171000,10h LOC
992,CSW24_hsp,25,32,21.522000,11.895000,-9.627000,f2 VEG
895,CSW24_hsp,1,2,30.423000,25.900000,-4.523000,4l AR
895,CSW24_hsp,2,3,29.778000,25.306000,-4.472000,4e QINTAR
895,CSW24_hsp,3,4,29.618000,24.873000,-4.745000,j4 ROD
895,CSW24_hsp,4,1,33.465000,24.805000,-8.660000,4a TRANQ
895,CSW24_hsp,5,5,28.258000,23.719000,-4.539000,f2 TRINE
895,CSW24_hsp,6,11,27.297000,22.884000,-4.413000,f3 RINE
895,CSW24_hsp,7,7,27.688000,22.607000,-5.081000,f3 RIN
895,CSW24_hsp,8,9,27.438000,22.559000,-4.879000,4l AIRN
895,CSW24_hsp,9,12,26.984000,22.530000,-4.454000,f4 IRE
895,CSW24_hsp,10,8,27.618000,22.390000,-5.228000,5e OR
895,CSW24_hsp,11,13,26.506000,21.807000,-4.699000,f2 RAINE
895,CSW24_hsp,12,10,27.423000,21.634000,-5.789000,4i AR
895,CSW24_hsp,13,17,25.385000,20.889000,-4.496000,f3 TIRE
895,CSW24_hsp,14,14,26.438000,20.825000,-5.613000,f2 RAIN
895,CSW24_hsp,15,15,25.618000,20.811000,-4.807000,ex R
895,CSW24_hsp,16,19,24.878000,20.085000,-4.793000,4l ARTI
895,CSW24_hsp,17,18,24.878000,19.971000,-4.907000,4l AIRT
895,CSW24_hsp,18,6,27.869000,19.565000,-8.304000,f1 RATINE
895,CSW24_hsp,19,23,24.423000,19.556000,-4.867000,7c RAM
895,CSW24_hsp,20,25,23.979000,19.392000,-4.587000,4l ART
895,CSW24_hsp,21,26,23.979000,19.334000,-4.645000,l4 APORT
895,CSW24_hsp,22,24,24.169000,19.186000,-4.983000,f2 TRIN
895,CSW24_hsp,23,29,23.927000,19.156000,-4.771000,4l AIR
895,CSW24_hsp,24,16,25.423000,19.109000,-6.314000,10i AR
895,CSW24_hsp,25,20,24.816000,18.915000,-5.901000,10f RE
370,CSW24_hsp,1,1,22.179000,17.873000,-4.306000,7e QIN
370,CSW24_hsp,2,2,19.399000,15.774000,-3.625000,h7 QUILT
370,CSW24_hsp,3,3,18.563000,14.539000,-4.024000,h7 QUINT
370,CSW24_hsp,4,5,16.600000,13.035000,-3.565000,h7 QUIT
370,CSW24_hsp,5,4,17.891000,12.924000,-4.967000,h7 QUILTED
370,CSW24_hsp,6,6,16.179000,12.490000,-3.689000,h7 QUIN
370,CSW24_hsp,7,7,15.714000,12.082000,-3.632000,h7 QUID
370,CSW24_hsp,8,8,15.159000,10.696000,-4.463000,h7 QUITED
370,CSW24_hsp,9,10,14.228000,9.873000,-4.355000,h7 QUINTE
370,CSW24_hsp,10,9,14.228000,9.627000,-4.601000,h7 QUEINT
370,CSW24_hsp,11,11,12.381000,9.399000,-2.982000,ex LQ
370,CSW24_hsp,12,12,11.788000,8.806000,-2.982000,ex Q
370,CSW24_hsp,13,14,9.610000,6.628000,-2.982000,ex QT
370,CSW24_hsp,14,13,9.649000,5.531000,-4.118000,h6 EQUID
370,CSW24_hsp,15,15,9.482000,5.445000,-4.037000,h7 QUIET
370,CSW24_hsp,16,19,8.325000,5.343000,-2.982000,ex DQ
370,CSW24_hsp,17,16,9.482000,5.334000,-4.148000,h7 QUITE
370,CSW24_hsp,18,22,7.782000,4.800000,-2.982000,ex LQT
370,CSW24_hsp,19,23,7.672000,4.690000,-2.982000,ex DLQ
370,CSW24_hsp,20,18,8.740000,4.354000,-4.386000,9f LEND
370,CSW24_hsp,21,25,6.676000,3.694000,-2.982000,ex NQ
370,CSW24_hsp,22,20,7.855000,3.584000,-4.271000,h7 QUINE
370,CSW24_hsp,23,21,7.794000,3.242000,-4.552000,9f LENT
370,CSW24_hsp,24,24,7.511000,2.605000,-4.906000,9f TEND
370,CSW24_hsp,25,30,5.537000,2.555000,-2.982000,ex ILQ
1054,CSW24_hsp,1,2,15.481000,8.757000,-6.724000,11i NUN
1054,CSW24_hsp,2,1,16.904000,8.384000,-8.520000,o10 INULIN
1054,CSW24_hsp,3,3,14.289000,7.627000,-6.662000,11i FUN
1054,CSW24_hsp,4,4,9.322000,2.338000,-6.984000,11i LUN
1054,CSW24_hsp,5,6,5.481000,-2.767000,-8.248000,d7 BUNN
1054,CSW24_hsp,6,7,3.387000,-3.537000,-6.924000,11j UN
1054,CSW24_hsp,7,5,7.904000,-3.638000,-11.542000,k10 INULIN
1054,CSW24_hsp,8,8,2.624000,-5.202000,-7.826000,k10 INN
1054,CSW24_hsp,9,10,2.208000,-5.511000,-7.719000,d4 FLUB
1054,CSW24_hsp,10,12,0.683000,-6.834000,-7.517000,ex FLNNU
1054,CSW24_hsp,11,13,0.624000,-7.206000,-7.830000,o10 INN
1054,CSW24_hsp,12,9,2.280000,-7.433000,-9.713000,g9 WINN
1054,CSW24_hsp,13,16,0.038000,-7.479000,-7.517000,ex FNNU
1054,CSW24_hsp,14,17,0.000000,-7.517000,-7.517000,ex FILNNNU
1054,CSW24_hsp,15,18,-0.109000,-7.626000,-7.517000,ex FILNNU
1054,CSW24_hsp,16,14,0.349000,-7.644000,-7.993000,8c FIN
1054,CSW24_hsp,17,11,1.474000,-7.765000,-9.239000,f4 INURN
1054,CSW24_hsp,18,15,0.322000,-8.133000,-8.455000,k5 NULL
1054,CSW24_hsp,19,20,-0.896000,-8.413000,-7.517000,ex FINNNU
1054,CSW24_hsp,20,23,-1.613000,-8.987000,-7.374000,6e NU
1054,CSW24_hsp,21,21,-1.476000,-8.993000,-7.517000,ex FNNNU
1054,CSW24_hsp,22,22,-1.519000,-9.036000,-7.517000,ex NNU
1054,CSW24_hsp,23,25,-1.722000,-9.239000,-7.517000,ex NNNU
1054,CSW24_hsp,24,27,-1.863000,-9.380000,-7.517000,ex LNNU
1054,CSW24_hsp,25,29,-2.208000,-9.725000,-7.517000,ex FLNNNU
1002,CSW24_hsp,1,1,35.341000,30.786000,-4.555000,n4 NEF
1002,CSW24_hsp,2,2,34.361000,30.462000,-3.899000,n5 EF
1002,CSW24_hsp,3,3,34.341000,29.888000,-4.453000,3a NEF
1002,CSW24_hsp,4,4,33.596000,29.669000,-3.927000,6i FAP
1002,CSW24_hsp,5,5,32.361000,28.448000,-3.913000,3b EF
1002,CSW24_hsp,6,8,30.119000,26.527000,-3.592000,n2 FRAPE
1002,CSW24_hsp,7,7,30.727000,26.263000,-4.464000,n4 REF
1002,CSW24_hsp,8,6,30.727000,26.221000,-4.506000,n4 ERF
1002,CSW24_hsp,9,9,29.759000,25.628000,-4.131000,6i FAE
1002,CSW24_hsp,10,12,29.042000,25.502000,-3.540000,n10 ENSERF
1002,CSW24_hsp,11,10,29.727000,25.296000,-4.431000,3a REF
1002,CSW24_hsp,12,15,27.854000,24.742000,-3.112000,4g FAKING
1002,CSW24_hsp,13,11,29.294000,24.562000,-4.732000,n3 NERF
1002,CSW24_hsp,14,13,28.766000,24.040000,-4.726000,n3 REEF
1002,CSW24_hsp,15,14,28.341000,23.677000,-4.664000,3a FEN
1002,CSW24_hsp,16,16,27.670000,23.439000,-4.231000,6i NAP
1002,CSW24_hsp,17,20,26.872000,23.108000,-3.764000,6i FA
1002,CSW24_hsp,18,18,27.253000,22.860000,-4.393000,3j FEAR
1002,CSW24_hsp,19,19,27.183000,22.392000,-4.791000,3j PEAN
1002,CSW24_hsp,20,22,25.697000,22.123000,-3.574000,3j FEARE
1002,CSW24_hsp,21,17,27.341000,21.512000,-5.829000,14a NEF
1002,CSW24_hsp,22,21,25.916000,21.426000,-4.490000,n4 ARF
1002,CSW24_hsp,23,26,25.301000,21.117000,-4.184000,n2 FRENA
1002,CSW24_hsp,24,25,25.341000,20.968000,-4.373000,6b FERN
1002,CSW24_hsp,25,24,25.361000,20.951000,-4.410000,14b EF
385,CSW24_hsp,1,1,25.783000,20.770000,-5.013000,9e WIELD
385,CSW24_hsp,2,4,24.013000,19.863000,-4.150000,7e WEID
385,CSW24_hsp,3,5,23.991000,19.665000,-4.326000,9e WIEL
385,CSW24_hsp,4,6,23.792000,19.058000,-4.734000,i3 CLEWED
385,CSW24_hsp,5,17,21.421000,17.198000,-4.223000,7e WEED
385,CSW24_hsp,6,8,22.598000,16.990000,-5.608000,e7 COWED
385,CSW24_hsp,7,10,22.462000,16.893000,-5.569000,f7 CLEW
385,CSW24_hsp,8,3,24.292000,16.367000,-7.925000,d8 VIEWED
385,CSW24_hsp,9,13,21.917000,15.894000,-6.023000,e7 COWLED
385,CSW24_hsp,10,2,24.783000,15.825000,-8.958000,i8 DWILE
385,CSW24_hsp,11,18,21.154000,15.745000,-5.409000,e4 WILCO
385,CSW24_hsp,12,24,20.439000,15.721000,-4.718000,9g EW
385,CSW24_hsp,13,12,21.917000,15.660000,-6.257000,e6 CLOWED
385,CSW24_hsp,14,7,23.013000,15.651000,-7.362000,f6 WILED
385,CSW24_hsp,15,22,20.439000,15.650000,-4.789000,7g EW
385,CSW24_hsp,16,9,22.523000,15.574000,-6.949000,i5 LEWD
385,CSW24_hsp,17,11,22.013000,14.656000,-7.357000,i6 WIDE
385,CSW24_hsp,18,21,20.590000,14.474000,-6.116000,i8 DEW
385,CSW24_hsp,19,23,20.439000,14.390000,-6.049000,f8 LEW
385,CSW24_hsp,20,33,19.095000,14.166000,-4.929000,i3 CEILED
385,CSW24_hsp,21,34,19.095000,14.166000,-4.929000,i3 CIELED
385,CSW24_hsp,22,26,20.268000,14.016000,-6.252000,f6 WELL
385,CSW24_hsp,23,16,21.783000,13.972000,-7.811000,f6 WILLED
385,CSW24_hsp,24,15,21.783000,13.703000,-8.080000,i4 WILED
385,CSW24_hsp,25,20,20.590000,13.672000,-6.918000,i6 WED
1180,CSW24_hsp,1,1,78.000000,68.407000,-9.593000,4d VARIABLE
1180,CSW24_hsp,2,2,22.624000,13.777000,-8.847000,5d ALIVE
1180,CSW24_hsp,3,4,21.781000,12.237000,-9.544000,5d ALIBI
1180,CSW24_hsp,4,3,21.781000,12.195000,-9.586000,5b BIALI
1180,CSW24_hsp,5,8,20.726000,12.093000,-8.633000,5c VALI
1180,CSW24_hsp,6,5,21.553000,11.549000,-10.004000,10a AVAILE
1180,CSW24_hsp,7,7,20.797000,11.448000,-9.349000,4c VAIR
1180,CSW24_hsp,8,14,19.739000,11.327000,-8.412000,5d BLIVE
1180,CSW24_hsp,9,10,20.536000,11.081000,-9.455000,4d VERBAL
1180,CSW24_hsp,10,6,20.941000,10.720000,-10.221000,5b BAILIE
1180,CSW24_hsp,11,12,20.359000,10.623000,-9.736000,10b VIAL
1180,CSW24_hsp,12,11,20.359000,10.586000,-9.773000,10b VAIL
1180,CSW24_hsp,13,9,20.627000,10.563000,-10.064000,10a AVAIL
1180,CSW24_hsp,14,13,19.917000,10.551000,-9.366000,3a LAVABO
1180,CSW24_hsp,15,15,19.729000,10.095000,-9.634000,4d VARIA
1180,CSW24_hsp,16,20,19.051000,10.058000,-8.993000,c3 ALEVIN
1180,CSW24_hsp,17,16,19.622000,9.765000,-9.857000,10a VIABLE
1180,CSW24_hsp,18,31,17.359000,9.664000,-7.695000,d3 VIAL
1180,CSW24_hsp,19,22,18.797000,9.480000,-9.317000,7h AVI
1180,CSW24_hsp,20,21,18.797000,9.419000,-9.378000,b1 rIVA
1180,CSW24_hsp,21,30,17.359000,9.355000,-8.004000,d3 VAIL
1180,CSW24_hsp,22,23,18.797000,9.326000,-9.471000,9h AVI
1180,CSW24_hsp,23,17,19.614000,8.917000,-10.697000,5b ABELIA
1180,CSW24_hsp,24,24,18.359000,8.812000,-9.547000,4d VIRAL
1180,CSW24_hsp,25,18,19.553000,8.778000,-10.775000,4b VELARIA
483,CSW24_hsp,1,1,86.000000,82.904000,-3.096000,15a SUbPARTS
483,CSW24_hsp,2,2,81.000000,77.313000,-3.687000,12f SUNTRAPs
483,CSW24_hsp,3,10,80.000000,76.686000,-3.314000,15a UPSTARtS
483,CSW24_hsp,4,11,80.000000,76.680000,-3.320000,15a UPSTAiRS
483,CSW24_hsp,5,9,80.000000,76.632000,-3.368000,15a UPSTAReS
483,CSW24_hsp,6,7,80.000000,76.604000,-3.396000,15a SUnTRAPS
483,CSW24_hsp,7,6,80.000000,76.544000,-3.456000,15a STARtUPS
483,CSW24_hsp,8,8,80.000000,76.544000,-3.456000,15a StARTUPS
483,CSW24_hsp,9,5,80.000000,76.502000,-3.498000,15a PASTUReS
483,CSW24_hsp,10,12,80.000000,76.432000,-3.568000,15a UnSTRAPS
483,CSW24_hsp,11,4,80.000000,76.289000,-3.711000,12f sUNTRAPS
483,CSW24_hsp,12,13,80.000000,76.080000,-3.920000,15h SUbPARTS
483,CSW24_hsp,13,15,80.000000,76.062000,-3.938000,15h StARTUPS
483,CSW24_hsp,14,14,80.000000,76.023000,-3.977000,15h SUnTRAPS
483,CSW24_hsp,15,16,77.000000,73.598000,-3.402000,15a UPStARTS
483,CSW24_hsp,16,17,77.000000,72.983000,-4.017000,15h STARtUPS
483,CSW24_hsp,17,18,76.000000,72.390000,-3.610000,12g UNSTRAPs
483,CSW24_hsp,18,3,80.000000,72.155000,-7.845000,2a STRoUPAN
483,CSW24_hsp,19,19,75.000000,71.343000,-3.657000,12g UNsTRAPS
483,CSW24_hsp,20,26,72.000000,68.712000,-3.288000,13b PURSuANT
483,CSW24_hsp,21,29,72.000000,68.703000,-3.297000,13b PuRSUANT
483,CSW24_hsp,22,27,72.000000,68.554000,-3.446000,13b PURiTANS
483,CSW24_hsp,23,28,72.000000,68.527000,-3.473000,13b PeRSAUNT
483,CSW24_hsp,24,31,72.000000,67.816000,-4.184000,13f sUNTRAPS
483,CSW24_hsp,25,30,72.000000,67.812000,-4.188000,13f SUNTRAPs
52,CSW24_hsp,1,1,45.325000,39.399000,-5.926000,f6 ZIG
52,CSW24_hsp,2,2,37.006000,31.709000,-5.297000,f10 HI
52,CSW24_hsp,3,3,29.853000,23.070000,-6.783000,9b IXIA
52,CSW24_hsp,4,5,27.629000,22.670000,-4.959000,10c RISHI
52,CSW24_hsp,5,6,27.006000,21.873000,-5.133000,f8 GHI
52,CSW24_hsp,6,9,26.114000,21.463000,-4.651000,10e SHIR
52,CSW24_hsp,7,10,26.114000,21.124000,-4.990000,10e SHRI
52,CSW24_hsp,8,4,28.445000,21.056000,-7.389000,i8 RHY
52,CSW24_hsp,9,8,26.887000,20.757000,-6.130000,f6 RIG
52,CSW24_hsp,10,7,27.003000,19.900000,-7.103000,9b HIYA
52,CSW24_hsp,11,11,25.585000,19.469000,-6.116000,9h XI
52,CSW24_hsp,12,12,25.137000,19.181000,-5.956000,i8 RIZ
52,CSW24_hsp,13,13,23.006000,18.198000,-4.808000,10d ISH
52,CSW24_hsp,14,17,21.484000,16.749000,-4.735000,10e SHY
52,CSW24_hsp,15,16,21.629000,15.689000,-5.940000,10e SIRIH
52,CSW24_hsp,16,14,21.735000,15.097000,-6.638000,g8 GYRI
52,CSW24_hsp,17,15,21.730000,14.948000,-6.782000,h7 HAIRY
52,CSW24_hsp,18,27,18.585000,13.570000,-5.015000,10e SIX
52,CSW24_hsp,19,20,20.006000,13.556000,-6.450000,g8 GHI
52,CSW24_hsp,20,19,20.006000,13.484000,-6.522000,7h HI
52,CSW24_hsp,21,21,20.006000,13.339000,-6.667000,9h HI
52,CSW24_hsp,22,32,18.049000,13.279000,-4.770000,10e SIZY
52,CSW24_hsp,23,24,19.136000,12.712000,-6.424000,h5 HYRAX
52,CSW24_hsp,24,31,18.089000,12.709000,-5.380000,9c RYA
52,CSW24_hsp,25,25,19.006000,12.356000,-6.650000,f11 HI
470,CSW24_hsp,1,2,23.510000,18.397000,-5.113000,12d AWAVE
470,CSW24_hsp,2,1,23.546000,17.000000,-6.546000,d12 EAVE
470,CSW24_hsp,3,4,22.842000,16.766000,-6.076000,k5 TOAZE
470,CSW24_hsp,4,3,23.362000,16.630000,-6.732000,14b OVATE
470,CSW24_hsp,5,5,21.745000,15.716000,-6.029000,k5 TEAZE
470,CSW24_hsp,6,6,21.543000,15.439000,-6.104000,d12 EVOE
470,CSW24_hsp,7,7,19.877000,14.705000,-5.172000,d12 AVO
470,CSW24_hsp,8,8,19.877000,14.698000,-5.179000,d12 OVA
470,CSW24_hsp,9,9,19.403000,14.007000,-5.396000,d12 AVE
470,CSW24_hsp,10,10,17.877000,12.614000,-5.263000,12b AVOW
470,CSW24_hsp,11,13,17.756000,12.430000,-5.326000,d12 EVO
470,CSW24_hsp,12,12,17.781000,12.353000,-5.428000,d11 TOEA
470,CSW24_hsp,13,11,17.827000,12.333000,-5.494000,10j EA
470,CSW24_hsp,14,14,16.012000,10.911000,-5.101000,d11 TAVA
470,CSW24_hsp,15,16,15.745000,10.882000,-4.863000,d10 ATE
470,CSW24_hsp,16,15,15.781000,9.795000,-5.986000,12d AWETO
470,CSW24_hsp,17,18,15.080000,9.600000,-5.480000,12c VAWTE
470,CSW24_hsp,18,19,14.653000,9.375000,-5.278000,d12 AVA
470,CSW24_hsp,19,17,15.249000,9.201000,-6.048000,i11 OAVES
470,CSW24_hsp,20,20,13.952000,7.915000,-6.037000,12d AWATO
470,CSW24_hsp,21,23,12.842000,7.608000,-5.234000,d11 TAO
470,CSW24_hsp,22,22,12.842000,7.262000,-5.580000,d11 OAT
470,CSW24_hsp,23,21,13.118000,7.196000,-5.922000,d12 EVET
470,CSW24_hsp,24,28,11.745000,6.470000,-5.275000,d11 TAE
470,CSW24_hsp,25,24,12.546000,6.438000,-6.108000,12e WEAVE
706,CSW24_hsp,1,1,31.935000,25.347000,-6.588000,k7 BAFTS
706,CSW24_hsp,2,2,29.929000,23.359000,-6.570000,l4 FITTS
706,CSW24_hsp,3,3,29.929000,23.282000,-6.647000,l4 TIFTS
706,CSW24_hsp,4,5,26.929000,22.918000,-4.011000,7h FITTS
706,CSW24_hsp,5,6,25.056000,21.480000,-3.576000,7h FITT
706,CSW24_hsp,6,7,24.772000,20.906000,-3.866000,7h FIST
706,CSW24_hsp,7,4,27.174000,20.632000,-6.542000,l4 BITTS
706,CSW24_hsp,8,8,24.174000,19.897000,-4.277000,7h BITTS
706,CSW24_hsp,9,9,23.684000,19.643000,-4.041000,7h FIB
706,CSW24_hsp,10,13,22.467000,18.577000,-3.890000,7h BITT
706,CSW24_hsp,11,10,22.739000,18.395000,-4.344000,7h BIST
706,CSW24_hsp,12,17,20.651000,16.845000,-3.806000,7h FIT
706,CSW24_hsp,13,11,22.509000,16.600000,-5.909000,h7 BAFT
706,CSW24_hsp,14,14,21.935000,15.977000,-5.958000,h7 BAFTS
706,CSW24_hsp,15,12,22.509000,15.377000,-7.132000,k7 BAFT
706,CSW24_hsp,16,30,19.282000,14.988000,-4.294000,7h BIT
706,CSW24_hsp,17,15,21.929000,14.782000,-7.147000,9j FITTS
706,CSW24_hsp,18,20,20.164000,14.403000,-5.761000,9j FIBS
706,CSW24_hsp,19,21,20.056000,13.905000,-6.151000,9j FITT
706,CSW24_hsp,20,16,20.772000,13.780000,-6.992000,k7 FASTI
706,CSW24_hsp,21,25,19.772000,13.717000,-6.055000,9j FIST
706,CSW24_hsp,22,26,19.772000,13.679000,-6.093000,9j FITS
706,CSW24_hsp,23,18,20.304000,13.465000,-6.839000,k7 BATTS
706,CSW24_hsp,24,27,19.628000,13.051000,-6.577000,l4 FISTS
706,CSW24_hsp,25,28,19.628000,13.001000,-6.627000,l4 SIFTS
2359,CSW24_hsp,1,1,40.414000,37.862000,-2.552000,12d FA
2359,CSW24_hsp,2,2,39.782000,37.458000,-2.324000,12d FAA
2359,CSW24_hsp,3,3,38.586000,35.702000,-2.884000,l1 WANK
2359,CSW24_hsp,4,4,37.593000,34.713000,-2.880000,l1 FANK
2359,CSW24_hsp,5,5,36.388000,33.024000,-3.364000,4d KAFTAN
2359,CSW24_hsp,6,8,32.414000,31.581000,-0.833000,h1 FAD
2359,CSW24_hsp,7,6,33.220000,30.303000,-2.917000,k1 WAIFT
2359,CSW24_hsp,8,7,32.586000,29.834000,-2.752000,5i GAWK
2359,CSW24_hsp,9,12,30.342000,29.493000,-0.849000,h1 WAD
2359,CSW24_hsp,10,10,31.342000,28.860000,-2.482000,m13 WAI
2359,CSW24_hsp,11,11,31.220000,28.633000,-2.587000,o7 FATWA
2359,CSW24_hsp,12,9,31.586000,27.852000,-3.734000,2m AWK
2359,CSW24_hsp,13,13,30.280000,27.370000,-2.910000,l1 KANT
2359,CSW24_hsp,14,14,30.041000,27.037000,-3.004000,l1 WANKS
2359,CSW24_hsp,15,15,29.586000,26.587000,-2.999000,6g WAUK
2359,CSW24_hsp,16,16,29.408000,26.431000,-2.977000,l1 WANT
2359,CSW24_hsp,17,18,28.555000,25.744000,-2.811000,13m FEW
2359,CSW24_hsp,18,20,28.414000,25.619000,-2.795000,4k FA
2359,CSW24_hsp,19,17,29.116000,25.582000,-3.534000,7d FAW
2359,CSW24_hsp,20,19,28.540000,25.533000,-3.007000,l1 FANKS
2359,CSW24_hsp,21,22,26.414000,23.714000,-2.700000,13l FAE
2359,CSW24_hsp,22,21,26.586000,23.097000,-3.489000,7d KAW
2359,CSW24_hsp,23,23,26.220000,22.906000,-3.314000,o4 FATWA
2359,CSW24_hsp,24,27,25.322000,22.698000,-2.624000,13l KAE
2359,CSW24_hsp,25,26,25.378000,22.559000,-2.819000,k1 WAIFTS
2399,CSW24_hsp,1,1,39.215000,37.516000,-1.699000,j2 WHOOP
2399,CSW24_hsp,2,2,34.849000,33.064000,-1.785000,j2 NOHOW
2399,CSW24_hsp,3,4,32.376000,31.862000,-0.514000,j4 HOW
2399,CSW24_hsp,4,5,32.260000,31.762000,-0.498000,j4 POW
2399,CSW24_hsp,5,6,31.659000,31.034000,-0.625000,j4 NOW
2399,CSW24_hsp,6,3,32.697000,30.932000,-1.765000,c1 WHOOT
2399,CSW24_hsp,7,7,31.391000,30.730000,-0.661000,j4 TOW
2399,CSW24_hsp,8,8,30.800000,29.757000,-1.043000,j3 WHOP
2399,CSW24_hsp,9,9,29.673000,29.000000,-0.673000,j5 OW
2399,CSW24_hsp,10,12,27.212000,26.734000,-0.478000,j4 POH
2399,CSW24_hsp,11,11,27.260000,26.488000,-0.772000,j4 WOP
2399,CSW24_hsp,12,10,27.697000,25.583000,-2.114000,m3 WHOOT
2399,CSW24_hsp,13,13,26.376000,25.535000,-0.841000,c1 WHO
2399,CSW24_hsp,14,16,25.853000,24.812000,-1.041000,j3 POOH
2399,CSW24_hsp,15,15,25.853000,24.800000,-1.053000,c2 POOH
2399,CSW24_hsp,16,17,25.697000,23.746000,-1.951000,j2 WHOOT
2399,CSW24_hsp,17,14,26.095000,23.490000,-2.605000,m2 PHOTON
2399,CSW24_hsp,18,19,24.260000,23.183000,-1.077000,4a PLOW
2399,CSW24_hsp,19,21,23.789000,23.048000,-0.741000,j6 POL
2399,CSW24_hsp,20,23,23.303000,22.725000,-0.578000,j4 NOH
2399,CSW24_hsp,21,25,23.216000,22.069000,-1.147000,j3 NOOP
2399,CSW24_hsp,22,29,22.212000,21.428000,-0.784000,j4 HOP
2399,CSW24_hsp,23,22,23.387000,21.359000,-2.028000,m3 PHOTO
2399,CSW24_hsp,24,26,22.376000,21.225000,-1.151000,c5 WHO
2399,CSW24_hsp,25,28,22.216000,20.937000,-1.279000,c2 POON
2397,CSW24_hsp,1,1,11.604000,10.289000,-1.315000,7h ZORI
2397,CSW24_hsp,2,2,10.138000,9.205000,-0.933000,7h ZORIL
2397,CSW24_hsp,3,3,7.398000,5.241000,-2.157000,13b EUOI
2397,CSW24_hsp,4,4,3.398000,-0.800000,-4.198000,14b EUOI
2397,CSW24_hsp,5,7,-0.396000,-1.340000,-0.944000,a14 OI
2397,CSW24_hsp,6,14,-1.399000,-2.354000,-0.955000,a14 OU
2397,CSW24_hsp,7,5,0.000000,-2.534000,-2.534000,ex CIILOOU
2397,CSW24_hsp,8,6,-0.123000,-2.657000,-2.534000,ex IILOOU
2397,CSW24_hsp,9,8,-0.579000,-3.113000,-2.534000,ex IOOU
2397,CSW24_hsp,10,9,-0.602000,-3.136000,-2.534000,ex IOU
2397,CSW24_hsp,11,10,-0.614000,-3.148000,-2.534000,ex ILOOU
2397,CSW24_hsp,12,19,-2.101000,-3.258000,-1.157000,13a LEUCO
2397,CSW24_hsp,13,11,-0.731000,-3.265000,-2.534000,ex IIOU
2397,CSW24_hsp,14,12,-0.749000,-3.283000,-2.534000,ex IILOU
2397,CSW24_hsp,15,13,-0.896000,-3.430000,-2.534000,ex CIIOOU
2397,CSW24_hsp,16,18,-2.101000,-3.577000,-1.476000,11k CLOUT
2397,CSW24_hsp,17,15,-1.476000,-4.010000,-2.534000,ex CIOOU
2397,CSW24_hsp,18,16,-1.708000,-4.242000,-2.534000,ex IIOOU
2397,CSW24_hsp,19,26,-2.870000,-4.289000,-1.419000,13a CEILI
2397,CSW24_hsp,20,17,-1.862000,-4.361000,-2.499000,f9 VIOL
2397,CSW24_hsp,21,25,-2.870000,-4.440000,-1.570000,11k LICIT
2397,CSW24_hsp,22,20,-2.208000,-4.742000,-2.534000,ex CILOOU
2397,CSW24_hsp,23,21,-2.249000,-4.783000,-2.534000,ex CIIOU
2397,CSW24_hsp,24,22,-2.355000,-4.889000,-2.534000,ex ILOU
2397,CSW24_hsp,25,23,-2.478000,-5.012000,-2.534000,ex CIILOU
2395,CSW24_hsp,1,1,62.358000,62.457000,0.099000,14m DEY
2395,CSW24_hsp,2,2,59.143000,58.839000,-0.304000,d3 QI
2395,CSW24_hsp,3,7,52.288000,57.129000,4.841000,4a YEtI
2395,CSW24_hsp,4,3,55.613000,55.853000,0.240000,2a JEE
2395,CSW24_hsp,5,4,55.358000,54.784000,-0.574000,4f NYE
2395,CSW24_hsp,6,5,55.358000,54.164000,-1.194000,12f YE
2395,CSW24_hsp,7,6,53.358000,52.182000,-1.176000,6i YE
2395,CSW24_hsp,8,16,47.909000,51.852000,3.943000,j3 EEJITS
2395,CSW24_hsp,9,8,51.358000,50.844000,-0.514000,10e GEY
2395,CSW24_hsp,10,9,51.279000,50.675000,-0.604000,14m DIE
2395,CSW24_hsp,11,14,48.173000,49.445000,1.272000,n12 SEED
2395,CSW24_hsp,12,12,48.647000,49.004000,0.357000,j3 EEJIT
2395,CSW24_hsp,13,11,49.143000,48.902000,-0.241000,14m DI
2395,CSW24_hsp,14,13,48.613000,47.980000,-0.633000,c5 JEE
2395,CSW24_hsp,15,31,45.870000,47.804000,1.934000,c3 SESEY
2395,CSW24_hsp,16,10,49.358000,47.678000,-1.680000,2b YE
2395,CSW24_hsp,17,15,48.085000,47.550000,-0.535000,10i JEAN
2395,CSW24_hsp,18,18,47.678000,47.347000,-0.331000,f12 YEX
2395,CSW24_hsp,19,17,47.678000,47.337000,-0.341000,8a WeY
2395,CSW24_hsp,20,25,46.709000,46.776000,0.067000,12f SEY
2395,CSW24_hsp,21,24,46.709000,46.775000,0.066000,c5 SEY
2395,CSW24_hsp,22,26,46.709000,46.764000,0.055000,12f YES
2395,CSW24_hsp,23,20,47.358000,46.714000,-0.644000,c6 YE
2395,CSW24_hsp,24,22,47.085000,46.300000,-0.785000,j5 JET
2395,CSW24_hsp,25,21,47.085000,46.295000,-0.790000,e1 JEU
2179,CSW24_hsp,1,1,26.059000,23.057000,-3.002000,13g LoB
2179,CSW24_hsp,2,3,23.948000,20.772000,-3.176000,7i UT
2179,CSW24_hsp,3,4,23.257000,20.560000,-2.697000,13g BoD
2179,CSW24_hsp,4,5,23.257000,20.530000,-2.727000,13g DoB
2179,CSW24_hsp,5,2,24.309000,20.365000,-3.944000,4a BLET
2179,CSW24_hsp,6,7,22.946000,19.976000,-2.970000,13g BoT
2179,CSW24_hsp,7,6,23.181000,19.874000,-3.307000,d1 BLUD
2179,CSW24_hsp,8,9,20.946000,17.921000,-3.025000,i13 BIT
2179,CSW24_hsp,9,8,20.946000,17.793000,-3.153000,g13 BOT
2179,CSW24_hsp,10,11,20.059000,16.701000,-3.358000,g13 LOB
2179,CSW24_hsp,11,10,20.301000,16.507000,-3.794000,11h SLUB
2179,CSW24_hsp,12,14,19.257000,16.298000,-2.959000,i13 BID
2179,CSW24_hsp,13,13,19.257000,16.152000,-3.105000,g13 BOD
2179,CSW24_hsp,14,12,19.404000,15.983000,-3.421000,d1 BLUR
2179,CSW24_hsp,15,15,19.041000,15.612000,-3.429000,d1 BRUT
2179,CSW24_hsp,16,21,18.082000,15.166000,-2.916000,11h SUBTLER
2179,CSW24_hsp,17,34,16.638000,15.106000,-1.532000,o1 TE
2179,CSW24_hsp,18,18,18.236000,15.046000,-3.190000,g13 BOR
2179,CSW24_hsp,19,22,17.887000,14.761000,-3.126000,13g DoL
2179,CSW24_hsp,20,23,17.887000,14.755000,-3.132000,13g LoD
2179,CSW24_hsp,21,40,15.993000,14.734000,-1.259000,o1 BE
2179,CSW24_hsp,22,19,18.208000,14.537000,-3.671000,11h SLURB
2179,CSW24_hsp,23,45,15.785000,14.374000,-1.411000,o1 DE
2179,CSW24_hsp,24,16,18.543000,14.259000,-4.284000,4a DUET
2179,CSW24_hsp,25,29,17.257000,14.080000,-3.177000,g13 DOB
2247,CSW24_hsp,1,1,42.806000,39.750000,-3.056000,3m COW
2247,CSW24_hsp,2,2,39.873000,37.087000,-2.786000,3l SCOW
2247,CSW24_hsp,3,5,34.585000,32.115000,-2.470000,n2 MOOS
2247,CSW24_hsp,4,6,34.145000,31.252000,-2.893000,d1 MOOS
2247,CSW24_hsp,5,3,35.640000,30.887000,-4.753000,g10 LOC
2247,CSW24_hsp,6,7,33.415000,30.255000,-3.160000,n2 MOO
2247,CSW24_hsp,7,9,33.048000,30.191000,-2.857000,d1 COOS
2247,CSW24_hsp,8,4,35.408000,29.369000,-6.039000,g10 LOOM
2247,CSW24_hsp,9,8,33.401000,27.988000,-5.413000,g10 LOCO
2247,CSW24_hsp,10,11,30.676000,27.383000,-3.293000,d4 SOL
2247,CSW24_hsp,11,12,30.415000,27.280000,-3.135000,b1 OM
2247,CSW24_hsp,12,10,30.845000,26.400000,-4.445000,g10 LO
2247,CSW24_hsp,13,14,29.585000,26.009000,-3.576000,d2 MOS
2247,CSW24_hsp,14,15,28.676000,25.569000,-3.107000,n2 LOOS
2247,CSW24_hsp,15,13,29.821000,25.168000,-4.653000,g10 LOR
2247,CSW24_hsp,16,18,27.676000,24.489000,-3.187000,d2 LOS
2247,CSW24_hsp,17,19,27.523000,24.425000,-3.098000,d1 LOOS
2247,CSW24_hsp,18,17,27.873000,24.321000,-3.552000,d2 COS
2247,CSW24_hsp,19,21,27.375000,23.196000,-4.179000,10b SKIFFLE
2247,CSW24_hsp,20,22,26.845000,22.886000,-3.959000,n2 LOO
2247,CSW24_hsp,21,16,27.966000,22.379000,-5.587000,g10 LOOR
2247,CSW24_hsp,22,23,26.784000,22.319000,-4.465000,l1 MOLTING
2247,CSW24_hsp,23,24,26.640000,22.301000,-4.339000,l1 COLTING
2247,CSW24_hsp,24,25,26.187000,22.278000,-3.909000,4a PAYOR
2247,CSW24_hsp,25,30,25.300000,22.196000,-3.104000,d1 ROOS
2208,CSW24_hsp,1,1,25.104000,20.090000,-5.014000,2b RHODORA
2208,CSW24_hsp,2,4,18.404000,17.433000,-0.971000,15h RHO
2208,CSW24_hsp,3,3,18.754000,17.314000,-1.440000,13l HOND
2208,CSW24_hsp,4,2,20.497000,16.392000,-4.105000,b2 DROOPIER
2208,CSW24_hsp,5,5,17.751000,16.071000,-1.680000,k10 HORRID
2208,CSW24_hsp,6,6,16.059000,15.159000,-0.900000,15h HOOD
2208,CSW24_hsp,7,7,15.736000,14.817000,-0.919000,15h ROOD
2208,CSW24_hsp,8,10,14.993000,14.089000,-0.904000,13k HOON
2208,CSW24_hsp,9,11,14.864000,13.858000,-1.006000,15g HOLO
2208,CSW24_hsp,10,8,15.113000,13.584000,-1.529000,l11 DORM
2208,CSW24_hsp,11,12,14.754000,13.437000,-1.317000,m1 DOH
2208,CSW24_hsp,12,9,15.027000,13.183000,-1.844000,m1 LOR
2208,CSW24_hsp,13,13,14.553000,12.792000,-1.761000,f1 DHOOLY
2208,CSW24_hsp,14,16,13.363000,12.290000,-1.073000,13l HON
2208,CSW24_hsp,15,14,13.459000,11.676000,-1.783000,k11 DROIL
2208,CSW24_hsp,16,18,12.736000,11.673000,-1.063000,15g ORDO
2208,CSW24_hsp,17,20,12.336000,11.368000,-0.968000,13k LOON
2208,CSW24_hsp,18,15,13.404000,11.354000,-2.050000,n2 RHO
2208,CSW24_hsp,19,17,13.022000,10.974000,-2.048000,f1 DROOLY
2208,CSW24_hsp,20,19,12.459000,10.540000,-1.919000,f2 LORDY
2208,CSW24_hsp,21,21,12.113000,10.343000,-1.770000,m1 DOR
2208,CSW24_hsp,22,23,11.969000,10.138000,-1.831000,f2 RHODY
2208,CSW24_hsp,23,22,12.027000,9.675000,-2.352000,11j LOREL
2208,CSW24_hsp,24,24,10.864000,9.053000,-1.811000,f2 HOOLY
2208,CSW24_hsp,25,25,10.822000,8.867000,-1.955000,f2 LORRY
2279,CSW24_hsp,1,1,28.390000,28.380000,-0.010000,j6 OWO
2279,CSW24_hsp,2,3,26.911000,26.581000,-0.330000,j6 OW
2279,CSW24_hsp,3,2,27.886000,26.537000,-1.349000,7h WOOED
2279,CSW24_hsp,4,5,25.312000,25.155000,-0.157000,j6 UDO
2279,CSW24_hsp,5,4,25.850000,24.943000,-0.907000,6h DOWP
2279,CSW24_hsp,6,7,24.911000,24.765000,-0.146000,13l WO
2279,CSW24_hsp,7,6,24.911000,24.050000,-0.861000,7h WO
2279,CSW24_hsp,8,9,23.850000,22.992000,-0.858000,13f DOW
2279,CSW24_hsp,9,8,23.917000,22.669000,-1.248000,7h WOOER
2279,CSW24_hsp,10,10,22.911000,22.574000,-0.337000,l6 OW
2279,CSW24_hsp,11,11,22.911000,22.086000,-0.825000,13g OW
2279,CSW24_hsp,12,12,22.886000,22.065000,-0.821000,13e WOOD
2279,CSW24_hsp,13,13,21.813000,20.921000,-0.892000,7h WORE
2279,CSW24_hsp,14,14,21.390000,20.865000,-0.525000,j7 WOOT
2279,CSW24_hsp,15,15,20.911000,20.309000,-0.602000,j7 WO
2279,CSW24_hsp,16,16,20.850000,20.260000,-0.590000,j7 DOWT
2279,CSW24_hsp,17,21,18.966000,18.782000,-0.184000,j4 ROOD
2279,CSW24_hsp,18,17,19.421000,18.713000,-0.708000,13e DROW
2279,CSW24_hsp,19,18,19.390000,18.267000,-1.123000,13f WOO
2279,CSW24_hsp,20,19,19.381000,18.174000,-1.207000,13g OU
2279,CSW24_hsp,21,22,18.911000,18.151000,-0.760000,6i WOP
2279,CSW24_hsp,22,25,18.813000,17.973000,-0.840000,13f ROW
2279,CSW24_hsp,23,23,18.911000,17.770000,-1.141000,7i WOE
2279,CSW24_hsp,24,29,18.381000,17.702000,-0.679000,6j UPO
2279,CSW24_hsp,25,27,18.381000,17.677000,-0.704000,m4 LOU
2162,CSW24_hsp,1,1,75.806000,75.851000,0.045000,10c CHEZ
2162,CSW24_hsp,2,2,65.399000,65.392000,-0.007000,10d SEZ
2162,CSW24_hsp,3,3,63.149000,62.719000,-0.430000,8a SCHWA
2162,CSW24_hsp,4,4,53.758000,52.916000,-0.842000,f10 WEX
2162,CSW24_hsp,5,5,51.022000,50.318000,-0.704000,10c CHEW
2162,CSW24_hsp,6,7,47.463000,47.034000,-0.429000,d8 ZO
2162,CSW24_hsp,7,6,48.085000,46.848000,-1.237000,15k CHOWS
2162,CSW24_hsp,8,8,45.797000,44.825000,-0.972000,10d HEW
2162,CSW24_hsp,9,9,45.797000,44.748000,-1.049000,f10 HEW
2162,CSW24_hsp,10,10,45.186000,43.132000,-2.054000,14j WHIOS
2162,CSW24_hsp,11,11,43.978000,42.678000,-1.300000,10e EW
2162,CSW24_hsp,12,12,43.394000,42.584000,-0.810000,f10 HEX
2162,CSW24_hsp,13,13,42.123000,41.254000,-0.869000,10c SHEW
2162,CSW24_hsp,14,14,42.123000,41.035000,-1.088000,f10 HEWS
2162,CSW24_hsp,15,17,41.566000,40.956000,-0.610000,d7 ZHO
2162,CSW24_hsp,16,15,42.022000,40.473000,-1.549000,14k WICH
2162,CSW24_hsp,17,16,41.758000,40.387000,-1.371000,k10 WEX
2162,CSW24_hsp,18,19,40.784000,39.854000,-0.930000,d8 HOW
2162,CSW24_hsp,19,18,40.784000,39.820000,-0.964000,d7 WHO
2162,CSW24_hsp,20,20,40.186000,39.401000,-0.785000,d7 SHOW
2162,CSW24_hsp,21,21,39.706000,38.718000,-0.988000,10d SEW
2162,CSW24_hsp,22,22,39.490000,38.044000,-1.446000,14j ZOIC
2162,CSW24_hsp,23,23,38.640000,36.885000,-1.755000,15l HOWS
2162,CSW24_hsp,24,24,37.875000,36.523000,-1.352000,3c WO
2162,CSW24_hsp,25,25,37.477000,36.430000,-1.047000,k10 ZEX
2127,CSW24_hsp,1,1,16.575000,13.564000,-3.011000,e10 DECLAW
2127,CSW24_hsp,2,2,15.390000,11.547000,-3.843000,c12 CLOW
2127,CSW24_hsp,3,4,13.758000,9.835000,-3.923000,c11 ENDOW
2127,CSW24_hsp,4,5,13.758000,9.735000,-4.023000,e11 DEWAN
2127,CSW24_hsp,5,3,13.813000,9.418000,-4.395000,c12 CLON
2127,CSW24_hsp,6,6,12.728000,8.022000,-4.706000,c13 NOW
2127,CSW24_hsp,7,7,12.728000,8.018000,-4.710000,c13 WON
2127,CSW24_hsp,8,8,9.369000,5.270000,-4.099000,e11 CLEAN
2127,CSW24_hsp,9,11,8.861000,4.689000,-4.172000,11h DWELL
2127,CSW24_hsp,10,10,9.107000,4.364000,-4.743000,c13 CON
2127,CSW24_hsp,11,9,9.107000,4.090000,-5.017000,g5 COPEN
2127,CSW24_hsp,12,12,7.861000,3.835000,-4.026000,13g LEWD
2127,CSW24_hsp,13,14,7.410000,3.454000,-3.956000,e11 DECAN
2127,CSW24_hsp,14,15,7.323000,2.874000,-4.449000,e3 WEND
2127,CSW24_hsp,15,25,6.282000,2.755000,-3.527000,o12 WE
2127,CSW24_hsp,16,13,7.813000,2.682000,-5.131000,e12 CLAN
2127,CSW24_hsp,17,16,6.861000,2.499000,-4.362000,12i WELSHED
2127,CSW24_hsp,18,17,6.788000,2.481000,-4.307000,c13 COW
2127,CSW24_hsp,19,23,6.418000,2.162000,-4.256000,c12 CLOD
2127,CSW24_hsp,20,18,6.762000,2.090000,-4.672000,c13 LOW
2127,CSW24_hsp,21,21,6.728000,1.788000,-4.940000,e13 NAW
2127,CSW24_hsp,22,22,6.728000,1.715000,-5.013000,e13 WAN
2127,CSW24_hsp,23,20,6.728000,1.633000,-5.095000,o7 WEN
2127,CSW24_hsp,24,19,6.728000,1.615000,-5.113000,o7 NEW
2127,CSW24_hsp,25,24,6.390000,1.510000,-4.880000,e12 CLAW
2137,CSW24_hsp,1,2,12.299000,13.649000,1.350000,2e WYNN
2137,CSW24_hsp,2,1,12.508000,12.041000,-0.467000,o10 PWN
2137,CSW24_hsp,3,5,6.101000,9.154000,3.053000,12i RYKING
2137,CSW24_hsp,4,3,7.886000,8.123000,0.237000,c13 NOG
2137,CSW24_hsp,5,4,6.653000,6.526000,-0.127000,j13 PWN
2137,CSW24_hsp,6,6,5.740000,5.546000,-0.194000,o10 PRY
2137,CSW24_hsp,7,7,4.653000,4.247000,-0.406000,2f PWN
2137,CSW24_hsp,8,8,3.878000,3.733000,-0.145000,10j PLAGUY
2137,CSW24_hsp,9,10,3.517000,3.209000,-0.308000,h8 ERN
2137,CSW24_hsp,10,9,3.745000,2.576000,-1.169000,12f OWN
2137,CSW24_hsp,11,12,2.396000,1.896000,-0.500000,13c PA
2137,CSW24_hsp,12,11,2.745000,1.689000,-1.056000,3m AWN
2137,CSW24_hsp,13,14,1.356000,1.386000,0.030000,13c YA
2137,CSW24_hsp,14,17,0.785000,0.794000,0.009000,j13 WYN
2137,CSW24_hsp,15,16,0.785000,0.727000,-0.058000,2f WYN
2137,CSW24_hsp,16,15,0.878000,0.651000,-0.227000,o10 GYP
2137,CSW24_hsp,17,13,1.886000,0.613000,-1.273000,12k KING
2137,CSW24_hsp,18,18,-0.114000,0.183000,0.297000,13l CRY
2137,CSW24_hsp,19,20,-1.537000,-2.127000,-0.590000,h10 NY
2137,CSW24_hsp,20,19,-1.483000,-2.958000,-1.475000,12k KIRN
2137,CSW24_hsp,21,22,-2.537000,-3.092000,-0.555000,12f ONY
2137,CSW24_hsp,22,21,-2.186000,-3.493000,-1.307000,3g WAB
2137,CSW24_hsp,23,23,-3.161000,-4.329000,-1.168000,3f GRAB
2137,CSW24_hsp,24,29,-5.151000,-4.447000,0.704000,12f ORGY
2137,CSW24_hsp,25,24,-4.186000,-5.042000,-0.856000,d9 WOURALI
2109,CSW24_hsp,1,1,40.530000,37.000000,-3.530000,14l LAUF
2109,CSW24_hsp,2,2,29.312000,25.148000,-4.164000,d11 FAUNA
2109,CSW24_hsp,3,3,26.443000,22.259000,-4.184000,13c FAA
2109,CSW24_hsp,4,4,25.530000,21.274000,-4.256000,15d AUF
2109,CSW24_hsp,5,5,24.030000,19.889000,-4.141000,13c FEU
2109,CSW24_hsp,6,6,23.109000,18.933000,-4.176000,13c FAE
2109,CSW24_hsp,7,10,22.231000,18.261000,-3.970000,k9 AUE
2109,CSW24_hsp,8,9,22.530000,17.986000,-4.544000,d11 FAUN
2109,CSW24_hsp,9,8,22.626000,17.771000,-4.855000,13c AUA
2109,CSW24_hsp,10,7,22.715000,17.521000,-5.194000,c5 FAUNAE
2109,CSW24_hsp,11,14,21.434000,17.412000,-4.022000,11j AUF
2109,CSW24_hsp,12,12,21.601000,17.342000,-4.259000,d11 FAINE
2109,CSW24_hsp,13,15,21.109000,17.221000,-3.888000,k9 FAE
2109,CSW24_hsp,14,11,21.626000,17.040000,-4.586000,15d AUA
2109,CSW24_hsp,15,13,21.443000,17.000000,-4.443000,13a FAA
2109,CSW24_hsp,16,18,19.675000,15.521000,-4.154000,13c FIE
2109,CSW24_hsp,17,17,20.530000,15.369000,-5.161000,c5 FAUNA
2109,CSW24_hsp,18,16,20.530000,15.354000,-5.176000,i4 AUF
2109,CSW24_hsp,19,23,19.392000,15.321000,-4.071000,14n AA
2109,CSW24_hsp,20,21,19.446000,15.090000,-4.356000,d11 FAENA
2109,CSW24_hsp,21,24,19.109000,14.771000,-4.338000,15f FADE
2109,CSW24_hsp,22,22,19.434000,14.364000,-5.070000,m11 AUE
2109,CSW24_hsp,23,20,19.626000,14.207000,-5.419000,m9 AUA
2109,CSW24_hsp,24,19,19.626000,14.098000,-5.528000,i4 AUA
2109,CSW24_hsp,25,36,17.400000,14.044000,-3.356000,11j AFFIES
2186,CSW24_hsp,1,1,45.987000,48.189000,2.202000,n12 YEX
2186,CSW24_hsp,2,2,41.269000,42.678000,1.409000,14n XI
2186,CSW24_hsp,3,3,39.361000,41.262000,1.901000,n12 DEX
2186,CSW24_hsp,4,4,39.187000,41.233000,2.046000,n12 LEX
2186,CSW24_hsp,5,5,33.917000,35.485000,1.568000,13e DOXY
2186,CSW24_hsp,6,6,33.503000,34.543000,1.040000,6e OXO
2186,CSW24_hsp,7,7,33.503000,34.494000,0.991000,k11 OX
2186,CSW24_hsp,8,9,30.861000,31.855000,0.994000,k11 AX
2186,CSW24_hsp,9,8,32.218000,31.828000,-0.390000,14b XYLOL
2186,CSW24_hsp,10,10,30.620000,31.716000,1.096000,9g YALD
2186,CSW24_hsp,11,11,30.361000,31.678000,1.317000,13e DOX
2186,CSW24_hsp,12,15,30.142000,31.120000,0.978000,5e COXY
2186,CSW24_hsp,13,16,30.082000,31.091000,1.009000,13e DOOLY
2186,CSW24_hsp,14,14,30.225000,31.071000,0.846000,5e CALYX
2186,CSW24_hsp,15,12,30.269000,30.564000,0.295000,j2 XI
2186,CSW24_hsp,16,13,30.269000,30.530000,0.261000,6e OX
2186,CSW24_hsp,17,18,27.361000,28.769000,1.408000,n12 XED
2186,CSW24_hsp,18,17,27.437000,28.420000,0.983000,9g LAX
2186,CSW24_hsp,19,19,27.198000,28.249000,1.051000,9g YAD
2186,CSW24_hsp,20,20,27.187000,27.991000,0.804000,6d LOX
2186,CSW24_hsp,21,22,26.361000,27.185000,0.824000,6d DOX
2186,CSW24_hsp,22,21,26.631000,27.184000,0.553000,13e DOY
2186,CSW24_hsp,23,23,25.840000,26.648000,0.808000,6d NOX
2186,CSW24_hsp,24,26,24.701000,25.201000,0.500000,5e COLY
2186,CSW24_hsp,25,25,24.701000,25.199000,0.498000,5e CLOY
2306,CSW24_hsp,1,1,27.836000,26.159000,-1.677000,j8 KRAIT
2306,CSW24_hsp,2,3,25.185000,24.447000,-0.738000,l2 ZONK
2306,CSW24_hsp,3,2,25.904000,24.086000,-1.818000,j8 KRAI
2306,CSW24_hsp,4,4,25.006000,23.667000,-1.339000,5j DIKING
2306,CSW24_hsp,5,5,22.862000,22.176000,-0.686000,4k NA
2306,CSW24_hsp,6,6,22.853000,21.428000,-1.425000,5j KITING
2306,CSW24_hsp,7,7,22.342000,21.188000,-1.154000,l2 ZONDA
2306,CSW24_hsp,8,8,21.394000,19.758000,-1.636000,5j TAKING
2306,CSW24_hsp,9,10,19.862000,19.284000,-0.578000,l1 AZON
2306,CSW24_hsp,10,9,20.246000,18.377000,-1.869000,n8 EWK
2306,CSW24_hsp,11,12,19.161000,17.993000,-1.168000,l2 ZOA
2306,CSW24_hsp,12,15,18.660000,17.184000,-1.476000,5k KIANG
2306,CSW24_hsp,13,14,18.660000,17.113000,-1.547000,5k KAING
2306,CSW24_hsp,14,13,18.660000,16.970000,-1.690000,5k AKING
2306,CSW24_hsp,15,11,19.269000,16.835000,-2.434000,k9 VID
2306,CSW24_hsp,16,16,17.862000,16.599000,-1.263000,l2 ZONA
2306,CSW24_hsp,17,18,17.378000,15.647000,-1.731000,5j TIDING
2306,CSW24_hsp,18,17,17.378000,15.633000,-1.745000,5j DITING
2306,CSW24_hsp,19,19,16.729000,15.581000,-1.148000,l1 DZO
2306,CSW24_hsp,20,21,16.038000,14.043000,-1.995000,l8 PIKI
2306,CSW24_hsp,21,20,16.489000,13.511000,-2.978000,k9 VIAND
2306,CSW24_hsp,22,23,15.426000,13.475000,-1.951000,5j DATING
2306,CSW24_hsp,23,24,15.269000,13.429000,-1.840000,j4 DI
2306,CSW24_hsp,24,27,13.707000,11.862000,-1.845000,5j AIDING
2306,CSW24_hsp,25,25,14.717000,11.714000,-3.003000,k9 VITA
2120,CSW24_hsp,1,1,52.891000,45.003000,-7.888000,1a AIRWAY
2120,CSW24_hsp,2,2,37.068000,28.849000,-8.219000,10j YOWL
2120,CSW24_hsp,3,3,33.470000,25.191000,-8.279000,1l FAWN
2120,CSW24_hsp,4,5,28.884000,20.068000,-8.816000,1l FAIN
2120,CSW24_hsp,5,4,30.296000,20.051000,-10.245000,b11 WAVY
2120,CSW24_hsp,6,6,28.021000,19.117000,-8.904000,j7 RIMY
2120,CSW24_hsp,7,8,26.223000,17.437000,-8.786000,1l FAIR
2120,CSW24_hsp,8,9,25.782000,16.865000,-8.917000,10j YO
2120,CSW24_hsp,9,11,24.528000,16.696000,-7.832000,8m DAW
2120,CSW24_hsp,10,7,26.296000,16.369000,-9.927000,b2 WADY
2120,CSW24_hsp,11,10,25.547000,15.537000,-10.010000,b1 WARDIAN
2120,CSW24_hsp,12,14,23.390000,15.484000,-7.906000,8m DAY
2120,CSW24_hsp,13,12,24.296000,14.984000,-9.312000,d11 WALY
2120,CSW24_hsp,14,13,23.447000,14.354000,-9.093000,d11 INLAY
2120,CSW24_hsp,15,22,20.528000,13.292000,-7.236000,j6 AW
2120,CSW24_hsp,16,16,22.296000,12.612000,-9.684000,1d WAY
2120,CSW24_hsp,17,17,22.296000,12.606000,-9.690000,1d YAW
2120,CSW24_hsp,18,20,21.420000,12.474000,-8.946000,1l FAAN
2120,CSW24_hsp,19,31,19.390000,12.110000,-7.280000,j6 AY
2120,CSW24_hsp,20,19,21.470000,12.074000,-9.396000,5g NAW
2120,CSW24_hsp,21,18,21.528000,11.806000,-9.722000,5h AW
2120,CSW24_hsp,22,15,22.553000,11.127000,-11.426000,6j WHIRRA
2120,CSW24_hsp,23,23,20.512000,10.815000,-9.697000,1c AWAY
2120,CSW24_hsp,24,26,20.345000,10.717000,-9.628000,5a WANY
2120,CSW24_hsp,25,27,20.001000,10.504000,-9.497000,1c AWRY
2118,CSW24_hsp,1,1,26.513000,17.871000,-8.642000,4l VOLT
2118,CSW24_hsp,2,2,23.286000,17.120000,-6.166000,13k VIRTU
2118,CSW24_hsp,3,3,21.598000,14.401000,-7.197000,6a LUV
2118,CSW24_hsp,4,4,18.146000,10.907000,-7.239000,4l VOL
2118,CSW24_hsp,5,5,16.325000,9.672000,-6.653000,13k VIRL
2118,CSW24_hsp,6,7,15.598000,8.309000,-7.289000,6e LUV
2118,CSW24_hsp,7,8,15.280000,8.305000,-6.975000,6a LUVS
2118,CSW24_hsp,8,6,15.598000,8.138000,-7.460000,i4 LUV
2118,CSW24_hsp,9,10,13.146000,6.040000,-7.106000,h7 VELL
2118,CSW24_hsp,10,11,12.598000,5.611000,-6.987000,b4 VULN
2118,CSW24_hsp,11,9,13.280000,4.907000,-8.373000,l1 LUVS
2118,CSW24_hsp,12,12,11.438000,4.478000,-6.960000,12l BRUV
2118,CSW24_hsp,13,13,11.239000,4.293000,-6.946000,f12 LUST
2118,CSW24_hsp,14,14,11.045000,3.290000,-7.755000,ex LTUV
2118,CSW24_hsp,15,18,9.880000,2.889000,-6.991000,4l VOR
2118,CSW24_hsp,16,15,10.513000,2.758000,-7.755000,ex LTV
2118,CSW24_hsp,17,16,10.439000,2.684000,-7.755000,ex LTTUV
2118,CSW24_hsp,18,19,9.797000,2.042000,-7.755000,ex LRTUV
2118,CSW24_hsp,19,48,6.051000,1.924000,-4.127000,8m ALT
2118,CSW24_hsp,20,51,5.874000,1.773000,-4.101000,8m ATT
2118,CSW24_hsp,21,24,9.109000,1.680000,-7.429000,6a TUT
2118,CSW24_hsp,22,26,8.381000,1.438000,-6.943000,f12 RUST
2118,CSW24_hsp,23,17,10.070000,1.396000,-8.674000,n5 RUT
2118,CSW24_hsp,24,23,9.110000,1.355000,-7.755000,ex LRTTUV
2118,CSW24_hsp,25,32,7.171000,0.778000,-6.393000,13k LITU
2237,CSW24_hsp,1,1,37.550000,35.980000,-1.570000,12h HAILY
2237,CSW24_hsp,2,2,36.304000,35.592000,-0.712000,h11 aVAIL
2237,CSW24_hsp,3,4,29.421000,29.128000,-0.293000,2g HEAVY
2237,CSW24_hsp,4,3,31.941000,28.855000,-3.086000,12k HYLIC
2237,CSW24_hsp,5,5,27.781000,27.619000,-0.162000,2g LEAVY
2237,CSW24_hsp,6,7,24.850000,24.450000,-0.400000,1f VIZY
2237,CSW24_hsp,7,8,24.752000,24.031000,-0.721000,3l IVY
2237,CSW24_hsp,8,9,24.054000,23.305000,-0.749000,2b AVA
2237,CSW24_hsp,9,6,26.550000,23.277000,-3.273000,12k HAILY
2237,CSW24_hsp,10,14,22.011000,21.857000,-0.154000,10b YEH
2237,CSW24_hsp,11,13,22.011000,21.472000,-0.539000,10b HEY
2237,CSW24_hsp,12,16,21.405000,21.379000,-0.026000,f5 AH
2237,CSW24_hsp,13,12,22.781000,21.356000,-1.425000,14c SYLVA
2237,CSW24_hsp,14,15,21.614000,21.317000,-0.297000,4a AULIC
2237,CSW24_hsp,15,17,21.227000,20.895000,-0.332000,14c SHIV
2237,CSW24_hsp,16,11,23.534000,20.433000,-3.101000,12k LAICH
2237,CSW24_hsp,17,10,23.929000,20.331000,-3.598000,14c SYLVIA
2237,CSW24_hsp,18,18,20.325000,19.871000,-0.454000,12k LYCH
2237,CSW24_hsp,19,19,19.865000,19.300000,-0.565000,12k ACHY
2237,CSW24_hsp,20,21,19.062000,18.683000,-0.379000,12h HAIL
2237,CSW24_hsp,21,24,18.298000,17.983000,-0.315000,g6 CHIN
2237,CSW24_hsp,22,20,19.304000,17.908000,-1.396000,14c SILVA
2237,CSW24_hsp,23,25,18.112000,17.846000,-0.266000,12k HIC
2237,CSW24_hsp,24,22,18.481000,17.833000,-0.648000,12k HYLA
2237,CSW24_hsp,25,27,17.873000,17.421000,-0.452000,j11 LYCH
2053,CSW24_hsp,1,2,86.000000,80.328000,-5.672000,1a REWINdED
2053,CSW24_hsp,2,1,86.000000,80.237000,-5.763000,1a IRoNWEED
2053,CSW24_hsp,3,3,83.000000,77.455000,-5.545000,1a WINtERED
2053,CSW24_hsp,4,4,69.340000,63.530000,-5.810000,6j WINE
2053,CSW24_hsp,5,5,67.004000,61.194000,-5.810000,6j WIRE
2053,CSW24_hsp,6,6,66.375000,60.450000,-5.925000,6j WEN
2053,CSW24_hsp,7,8,66.090000,60.341000,-5.749000,6j WERE
2053,CSW24_hsp,8,7,66.310000,60.110000,-6.200000,6j WE
2053,CSW24_hsp,9,9,65.375000,59.395000,-5.980000,13a ENEW
2053,CSW24_hsp,10,10,64.914000,58.976000,-5.938000,6j WIN
2053,CSW24_hsp,11,11,64.685000,58.512000,-6.173000,13a EWER
2053,CSW24_hsp,12,12,64.310000,58.011000,-6.299000,13a EWE
2053,CSW24_hsp,13,14,62.176000,56.253000,-5.923000,13a EEEW
2053,CSW24_hsp,14,13,62.310000,56.027000,-6.283000,13c EW
2053,CSW24_hsp,15,15,62.000000,55.464000,-6.536000,1c REWINDEd
2053,CSW24_hsp,16,16,62.000000,55.436000,-6.564000,1c REWINDEr
2053,CSW24_hsp,17,17,62.000000,55.436000,-6.564000,1c rEWINDER
2053,CSW24_hsp,18,20,58.310000,55.047000,-3.263000,1n WE
2053,CSW24_hsp,19,18,60.310000,54.062000,-6.248000,b14 WE
2053,CSW24_hsp,20,19,59.685000,53.428000,-6.257000,b12 OWRE
2053,CSW24_hsp,21,21,58.310000,51.731000,-6.579000,b12 OWE
2053,CSW24_hsp,22,22,56.477000,50.586000,-5.891000,6j RENEW
2053,CSW24_hsp,23,23,55.310000,48.788000,-6.522000,c11 EWW
2053,CSW24_hsp,24,24,53.685000,47.337000,-6.348000,b11 WORE
2053,CSW24_hsp,25,25,52.554000,45.996000,-6.558000,b12 OWN
2229,CSW24_hsp,1,1,42.867000,42.273000,-0.594000,d1 JARUL
2229,CSW24_hsp,2,4,35.145000,36.899000,1.754000,1a JUTE
2229,CSW24_hsp,3,5,34.469000,36.233000,1.764000,1a JURE
2229,CSW24_hsp,4,3,36.706000,35.862000,-0.844000,d1 JARL
2229,CSW24_hsp,5,2,42.749000,33.865000,-8.884000,1a JUREL
2229,CSW24_hsp,6,7,26.867000,27.528000,0.661000,5i JUREL
2229,CSW24_hsp,7,12,25.180000,25.986000,0.806000,1a CULT
2229,CSW24_hsp,8,19,23.813000,24.611000,0.798000,1a CURL
2229,CSW24_hsp,9,21,23.069000,23.861000,0.792000,1a CURT
2229,CSW24_hsp,10,22,22.625000,23.838000,1.213000,5j EJECT
2229,CSW24_hsp,11,10,25.531000,23.224000,-2.307000,5i JUTE
2229,CSW24_hsp,12,9,25.531000,22.623000,-2.908000,3b JUT
2229,CSW24_hsp,13,18,23.922000,21.615000,-2.307000,5i JURE
2229,CSW24_hsp,14,25,20.436000,21.257000,0.821000,1a CELT
2229,CSW24_hsp,15,6,27.170000,20.892000,-6.278000,d1 JA
2229,CSW24_hsp,16,20,23.704000,20.540000,-3.164000,h1 LIFT
2229,CSW24_hsp,17,23,20.834000,20.223000,-0.611000,h1 LIFER
2229,CSW24_hsp,18,24,20.834000,20.183000,-0.651000,h1 RIFLE
2229,CSW24_hsp,19,16,24.403000,20.107000,-4.296000,5k JET
2229,CSW24_hsp,20,17,23.923000,19.657000,-4.266000,5k JEU
2229,CSW24_hsp,21,42,18.480000,19.375000,0.895000,1a LUCE
2229,CSW24_hsp,22,40,18.536000,19.309000,0.773000,1a CERT
2229,CSW24_hsp,23,41,18.480000,19.284000,0.804000,1a CLUE
2229,CSW24_hsp,24,35,19.296000,18.645000,-0.651000,h1 RIFTE
2229,CSW24_hsp,25,29,20.145000,18.359000,-1.786000,3a JUTE
2231,CSW24_hsp,1,1,34.936000,34.233000,-0.703000,3a CORD
2231,CSW24_hsp,2,2,34.869000,34.045000,-0.824000,11b CODGER
2231,CSW24_hsp,3,3,34.626000,33.590000,-1.036000,3b ORG
2231,CSW24_hsp,4,4,33.782000,32.866000,-0.916000,3b ORC
2231,CSW24_hsp,5,5,32.082000,31.046000,-1.036000,11b GROCER
2231,CSW24_hsp,6,6,29.877000,28.901000,-0.976000,11b DROGER
2231,CSW24_hsp,7,8,28.822000,28.293000,-0.529000,11e RECORD
2231,CSW24_hsp,8,7,28.822000,27.996000,-0.826000,11b CORDER
2231,CSW24_hsp,9,10,28.386000,27.561000,-0.825000,11c GORED
2231,CSW24_hsp,10,9,28.626000,27.401000,-1.225000,3a GOR
2231,CSW24_hsp,11,11,27.657000,26.717000,-0.940000,11d DREG
2231,CSW24_hsp,12,15,27.255000,26.687000,-0.568000,11e DECOR
2231,CSW24_hsp,13,13,27.255000,26.531000,-0.724000,11c CORED
2231,CSW24_hsp,14,14,27.255000,26.474000,-0.781000,11d CREDO
2231,CSW24_hsp,15,12,27.255000,26.132000,-1.123000,11c CODER
2231,CSW24_hsp,16,16,26.782000,25.691000,-1.091000,3a COR
2231,CSW24_hsp,17,17,26.012000,25.077000,-0.935000,3a GOER
2231,CSW24_hsp,18,18,26.012000,24.999000,-1.013000,3a GORE
2231,CSW24_hsp,19,19,25.112000,24.215000,-0.897000,3a CORE
2231,CSW24_hsp,20,20,24.921000,24.030000,-0.891000,11d CRED
2231,CSW24_hsp,21,23,24.447000,23.568000,-0.879000,11e REORG
2231,CSW24_hsp,22,21,24.505000,23.547000,-0.958000,3a GOD
2231,CSW24_hsp,23,22,24.447000,23.171000,-1.276000,11c ROGER
2231,CSW24_hsp,24,27,23.419000,22.798000,-0.621000,3a CODE
2231,CSW24_hsp,25,24,23.769000,22.696000,-1.073000,3b ORD
2318,CSW24_hsp,1,1,57.909000,56.369000,-1.540000,13c EUTEXIA
2318,CSW24_hsp,2,2,52.964000,52.456000,-0.508000,5a UEY
2318,CSW24_hsp,3,3,51.076000,50.943000,-0.133000,9i YU
2318,CSW24_hsp,4,4,50.805000,50.557000,-0.248000,9i YE
2318,CSW24_hsp,5,5,50.595000,50.349000,-0.246000,9i YAE
2318,CSW24_hsp,6,6,50.595000,50.294000,-0.301000,9i YEA
2318,CSW24_hsp,7,7,50.203000,50.130000,-0.073000,n4 EYE
2318,CSW24_hsp,8,8,48.653000,47.923000,-0.730000,b9 AYU
2318,CSW24_hsp,9,9,48.135000,47.822000,-0.313000,9i YATE
2318,CSW24_hsp,10,10,48.076000,47.739000,-0.337000,n5 YU
2318,CSW24_hsp,11,11,47.805000,47.342000,-0.463000,n5 YE
2318,CSW24_hsp,12,12,47.686000,46.971000,-0.715000,n4 TYEE
2318,CSW24_hsp,13,16,46.884000,46.808000,-0.076000,n4 TYE
2318,CSW24_hsp,14,13,47.595000,46.693000,-0.902000,n5 YAE
2318,CSW24_hsp,15,15,47.595000,46.585000,-1.010000,b9 AYE
2318,CSW24_hsp,16,14,47.595000,46.543000,-1.052000,n5 YEA
2318,CSW24_hsp,17,17,46.686000,46.429000,-0.257000,9i YEET
2318,CSW24_hsp,18,18,45.884000,45.656000,-0.228000,9i YET
2318,CSW24_hsp,19,21,45.076000,44.644000,-0.432000,i11 YU
2318,CSW24_hsp,20,19,45.142000,44.159000,-0.983000,12g EMEUTE
2318,CSW24_hsp,21,23,44.805000,44.134000,-0.671000,i11 YE
2318,CSW24_hsp,22,25,43.998000,43.686000,-0.312000,9i YA
2318,CSW24_hsp,23,22,44.805000,43.550000,-1.255000,10b YE
2318,CSW24_hsp,24,20,45.135000,42.716000,-2.419000,n5 YATE
2318,CSW24_hsp,25,27,43.653000,42.634000,-1.019000,m7 AYU
2195,CSW24_hsp,1,1,46.506000,37.262000,-9.244000,c3 COTIJA
2195,CSW24_hsp,2,2,40.510000,32.463000,-8.047000,o1 ROJI
2195,CSW24_hsp,3,3,39.625000,31.751000,-7.874000,o4 TRICOT
2195,CSW24_hsp,4,5,34.313000,26.135000,-8.178000,o4 TORIC
2195,CSW24_hsp,5,4,34.313000,26.030000,-8.283000,o1 TORIC
2195,CSW24_hsp,6,6,32.548000,23.905000,-8.643000,o1 CRIT
2195,CSW24_hsp,7,7,32.069000,23.313000,-8.756000,o1 COTT
2195,CSW24_hsp,8,9,29.625000,21.715000,-7.910000,o6 TRICOT
2195,CSW24_hsp,9,12,28.259000,21.307000,-6.952000,15a JIRD
2195,CSW24_hsp,10,10,29.480000,20.840000,-8.640000,o1 COIT
2195,CSW24_hsp,11,8,29.721000,20.438000,-9.283000,7a JOT
2195,CSW24_hsp,12,11,28.510000,20.411000,-8.099000,o7 ROJI
2195,CSW24_hsp,13,15,27.045000,18.051000,-8.994000,o1 RITT
2195,CSW24_hsp,14,14,27.049000,17.539000,-9.510000,5k JIG
2195,CSW24_hsp,15,13,27.721000,17.316000,-10.405000,o2 JOT
2195,CSW24_hsp,16,18,24.782000,15.793000,-8.989000,o1 TROT
2195,CSW24_hsp,17,17,24.782000,15.716000,-9.066000,o1 TORT
2195,CSW24_hsp,18,16,25.043000,15.635000,-9.408000,12a JOCKY
2195,CSW24_hsp,19,19,24.529000,15.199000,-9.330000,c7 TAJ
2195,CSW24_hsp,20,26,22.548000,14.016000,-8.532000,o8 CRIT
2195,CSW24_hsp,21,21,22.958000,13.998000,-8.960000,o1 TOIT
2195,CSW24_hsp,22,22,22.733000,13.772000,-8.961000,o1 RIOT
2195,CSW24_hsp,23,24,22.733000,13.734000,-8.999000,o1 TORI
2195,CSW24_hsp,24,23,22.733000,13.712000,-9.021000,o1 ROTI
2195,CSW24_hsp,25,25,22.721000,12.933000,-9.788000,c7 JATO
2103,CSW24_hsp,1,1,48.935000,49.460000,0.525000,m3 TORY
2103,CSW24_hsp,2,2,38.032000,38.501000,0.469000,m2 STORY
2103,CSW24_hsp,3,4,34.723000,35.557000,0.834000,o11 YTOST
2103,CSW24_hsp,4,3,35.032000,35.554000,0.522000,m2 RYOTS
2103,CSW24_hsp,5,5,34.032000,34.866000,0.834000,o11 ROYST
2103,CSW24_hsp,6,6,32.595000,32.271000,-0.324000,m6 YO
2103,CSW24_hsp,7,7,31.935000,31.803000,-0.132000,m2 RYOT
2103,CSW24_hsp,8,9,30.981000,31.610000,0.629000,m3 TORSI
2103,CSW24_hsp,9,11,30.786000,31.392000,0.606000,m3 ROSY
2103,CSW24_hsp,10,12,30.723000,30.841000,0.118000,3i YTOST
2103,CSW24_hsp,11,13,30.298000,30.525000,0.227000,m2 TOITS
2103,CSW24_hsp,12,8,31.050000,30.313000,-0.737000,6i JAGGY
2103,CSW24_hsp,13,17,29.103000,29.933000,0.830000,o11 TRYST
2103,CSW24_hsp,14,18,28.981000,29.495000,0.514000,m2 RIOTS
2103,CSW24_hsp,15,14,29.940000,29.108000,-0.832000,10a TYIN
2103,CSW24_hsp,16,16,29.826000,29.072000,-0.754000,5c TRY
2103,CSW24_hsp,17,22,28.694000,27.965000,-0.729000,5b TYRO
2103,CSW24_hsp,18,23,28.694000,27.910000,-0.784000,5c TROY
2103,CSW24_hsp,19,24,28.694000,27.847000,-0.847000,5d RYOT
2103,CSW24_hsp,20,21,28.694000,27.792000,-0.902000,5b TORY
2103,CSW24_hsp,21,19,28.786000,27.465000,-1.321000,n7 ROSY
2103,CSW24_hsp,22,27,27.935000,27.460000,-0.475000,5b RORTY
2103,CSW24_hsp,23,30,27.089000,27.456000,0.367000,m3 TITS
2103,CSW24_hsp,24,28,27.935000,27.337000,-0.598000,5d RORTY
2103,CSW24_hsp,25,10,30.935000,27.262000,-3.673000,c1 TYRO
2206,CSW24_hsp,1,1,26.917000,26.972000,0.055000,k8 AXONE
2206,CSW24_hsp,2,2,25.020000,25.141000,0.121000,k8 AXION
2206,CSW24_hsp,3,4,24.072000,23.903000,-0.169000,e9 NOEL
2206,CSW24_hsp,4,3,24.084000,23.361000,-0.723000,m8 EXO
2206,CSW24_hsp,5,5,22.917000,22.344000,-0.573000,m8 AXONE
2206,CSW24_hsp,6,6,22.282000,22.167000,-0.115000,k8 OXEN
2206,CSW24_hsp,7,8,22.020000,21.874000,-0.146000,11f ANOXIA
2206,CSW24_hsp,8,7,22.034000,21.389000,-0.645000,5b AZAN
2206,CSW24_hsp,9,10,21.020000,20.545000,-0.475000,m8 AXION
2206,CSW24_hsp,10,9,21.104000,20.395000,-0.709000,m8 AXE
2206,CSW24_hsp,11,16,19.686000,19.953000,0.267000,5c ZAX
2206,CSW24_hsp,12,11,20.080000,19.884000,-0.196000,k8 NIXE
2206,CSW24_hsp,13,12,20.064000,19.606000,-0.458000,m8 EXINE
2206,CSW24_hsp,14,14,19.922000,18.908000,-1.014000,g10 OE
2206,CSW24_hsp,15,15,19.843000,18.902000,-0.941000,e11 ALOE
2206,CSW24_hsp,16,17,19.615000,18.820000,-0.795000,e11 ELOIN
2206,CSW24_hsp,17,19,19.282000,18.693000,-0.589000,m8 OXEN
2206,CSW24_hsp,18,18,19.282000,18.676000,-0.606000,m8 EXON
2206,CSW24_hsp,19,20,18.812000,18.575000,-0.237000,k8 AXON
2206,CSW24_hsp,20,13,19.922000,17.648000,-2.274000,2m OE
2206,CSW24_hsp,21,22,18.404000,17.603000,-0.801000,e11 ALONE
2206,CSW24_hsp,22,21,18.615000,17.402000,-1.213000,k8 ONIE
2206,CSW24_hsp,23,25,17.811000,17.063000,-0.748000,e11 ALIEN
2206,CSW24_hsp,24,27,17.811000,17.055000,-0.756000,e11 ELAIN
2206,CSW24_hsp,25,26,17.811000,17.011000,-0.800000,e11 ALINE
2289,CSW24_hsp,1,1,53.785000,58.798000,5.013000,15k SPICK
2289,CSW24_hsp,2,3,30.746000,33.189000,2.443000,14e OCKER
2289,CSW24_hsp,3,4,29.386000,32.351000,2.965000,c7 JIBS
2289,CSW24_hsp,4,5,27.702000,31.146000,3.444000,o4 JANNOCK
2289,CSW24_hsp,5,6,24.473000,28.847000,4.374000,7c PICK
2289,CSW24_hsp,6,7,23.908000,27.229000,3.321000,m9 KIP
2289,CSW24_hsp,7,11,22.386000,26.653000,4.267000,7c JIBS
2289,CSW24_hsp,8,10,22.908000,25.990000,3.082000,b4 KIP
2289,CSW24_hsp,9,8,23.893000,25.769000,1.876000,7d JIB
2289,CSW24_hsp,10,2,30.785000,25.341000,-5.444000,b2 PICKS
2289,CSW24_hsp,11,9,23.452000,25.016000,1.564000,b6 PI
2289,CSW24_hsp,12,14,21.314000,24.881000,3.567000,b6 PIS
2289,CSW24_hsp,13,13,21.687000,23.848000,2.161000,o4 BANNOCK
2289,CSW24_hsp,14,17,20.089000,23.333000,3.244000,o4 JANNOCKS
2289,CSW24_hsp,15,21,18.386000,22.598000,4.212000,b3 JIBS
2289,CSW24_hsp,16,20,18.553000,21.938000,3.385000,b3 SKIP
2289,CSW24_hsp,17,18,19.608000,21.778000,2.170000,m9 PIC
2289,CSW24_hsp,18,16,20.159000,20.994000,0.835000,j4 JIZ
2289,CSW24_hsp,19,15,20.486000,20.678000,0.192000,m13 BI
2289,CSW24_hsp,20,22,16.553000,20.275000,3.722000,c7 KIPS
2289,CSW24_hsp,21,25,15.942000,19.802000,3.860000,c7 PICS
2289,CSW24_hsp,22,23,16.553000,19.548000,2.995000,15k SKIP
2289,CSW24_hsp,23,19,19.486000,19.310000,-0.176000,j4 BIZ
2289,CSW24_hsp,24,24,16.054000,18.666000,2.612000,m13 BIS
2289,CSW24_hsp,25,30,14.344000,18.359000,4.015000,o4 BANNOCKS
2394,CSW24_hsp,1,1,41.423000,41.737000,0.314000,c9 MITE
2394,CSW24_hsp,2,2,35.423000,35.450000,0.027000,c13 EM
2394,CSW24_hsp,3,3,31.527000,32.403000,0.876000,2l BOTH
2394,CSW24_hsp,4,9,26.891000,32.181000,5.290000,k5 DIMETER
2394,CSW24_hsp,5,4,31.423000,31.402000,-0.021000,m7 ME
2394,CSW24_hsp,6,5,29.938000,30.659000,0.721000,7e ME
2394,CSW24_hsp,7,6,28.938000,29.821000,0.883000,7m MON
2394,CSW24_hsp,8,7,28.423000,28.463000,0.040000,c14 ME
2394,CSW24_hsp,9,8,27.673000,28.133000,0.460000,c13 EME
2394,CSW24_hsp,10,10,26.423000,26.665000,0.242000,e2 dAME
2394,CSW24_hsp,11,11,26.423000,26.564000,0.141000,12e ME
2394,CSW24_hsp,12,14,25.938000,26.323000,0.385000,14a LAM
2394,CSW24_hsp,13,13,26.053000,25.920000,-0.133000,8l MENG
2394,CSW24_hsp,14,12,26.053000,25.720000,-0.333000,m7 MEN
2394,CSW24_hsp,15,21,24.938000,25.680000,0.742000,e2 dAM
2394,CSW24_hsp,16,19,25.423000,25.642000,0.219000,m7 EM
2394,CSW24_hsp,17,22,24.938000,25.589000,0.651000,e11 OM
2394,CSW24_hsp,18,15,25.451000,25.568000,0.117000,m7 MI
2394,CSW24_hsp,19,17,25.438000,25.428000,-0.010000,m7 MIEN
2394,CSW24_hsp,20,18,25.438000,25.406000,-0.032000,m7 MINE
2394,CSW24_hsp,21,16,25.438000,25.346000,-0.092000,m7 MEIN
2394,CSW24_hsp,22,25,23.778000,25.222000,1.444000,m7 MEINT
2394,CSW24_hsp,23,53,20.854000,24.921000,4.067000,m7 MINTER
2394,CSW24_hsp,24,23,24.423000,24.812000,0.389000,4e ME
2394,CSW24_hsp,25,20,24.979000,24.641000,-0.338000,m7 MET
2238,CSW24_hsp,1,1,83.000000,76.226000,-6.774000,12a BRoCAGE
2238,CSW24_hsp,2,2,79.000000,72.303000,-6.697000,12a RiBCAGE
2238,CSW24_hsp,3,3,74.000000,67.943000,-6.057000,11h CRIBbAGE
2238,CSW24_hsp,4,4,74.000000,67.943000,-6.057000,11h CRIbBAGE
2238,CSW24_hsp,5,5,70.331000,67.331000,-3.000000,2j CRAKE
2238,CSW24_hsp,6,6,70.184000,66.903000,-3.281000,2j BRAKE
2238,CSW24_hsp,7,7,68.000000,60.783000,-7.217000,10h BoNGRACE
2238,CSW24_hsp,8,8,66.000000,60.026000,-5.974000,7a CAnEGRUB
2238,CSW24_hsp,9,9,63.842000,59.130000,-4.712000,14d GAB
2238,CSW24_hsp,10,14,60.171000,55.893000,-4.278000,14d CAB
2238,CSW24_hsp,11,12,60.713000,55.841000,-4.872000,14c GRAB
2238,CSW24_hsp,12,10,62.000000,55.390000,-6.610000,10h CANEGRuB
2238,CSW24_hsp,13,15,58.842000,54.534000,-4.308000,12l BAG
2238,CSW24_hsp,14,11,60.713000,53.920000,-6.793000,12l GARB
2238,CSW24_hsp,15,13,60.462000,53.788000,-6.674000,12l BERG
2238,CSW24_hsp,16,16,57.342000,52.987000,-4.355000,12l BEG
2238,CSW24_hsp,17,17,57.313000,52.829000,-4.484000,14c CRAB
2238,CSW24_hsp,18,19,56.621000,52.800000,-3.821000,2k CAKE
2238,CSW24_hsp,19,18,56.842000,52.385000,-4.457000,12l GAB
2238,CSW24_hsp,20,20,56.171000,51.939000,-4.232000,12l BAC
2238,CSW24_hsp,21,21,55.502000,51.499000,-4.003000,2k BAKE
2238,CSW24_hsp,22,23,54.772000,50.661000,-4.111000,4l GARB
2238,CSW24_hsp,23,22,54.842000,49.926000,-4.916000,12f BAG
2238,CSW24_hsp,24,33,53.007000,48.841000,-4.166000,12j CAB
2238,CSW24_hsp,25,26,53.178000,48.823000,-4.355000,12j CAG
2233,CSW24_hsp,1,1,29.512000,25.087000,-4.425000,2j QUOAD
2233,CSW24_hsp,2,3,24.546000,22.992000,-1.554000,d10 AUDIO
2233,CSW24_hsp,3,2,27.399000,22.728000,-4.671000,2j QUOTA
2233,CSW24_hsp,4,4,22.748000,18.266000,-4.482000,2j QUOIT
2233,CSW24_hsp,5,7,14.890000,12.797000,-2.093000,d10 AUA
2233,CSW24_hsp,6,8,13.955000,12.084000,-1.871000,d10 OUD
2233,CSW24_hsp,7,9,12.994000,11.123000,-1.871000,d10 AID
2233,CSW24_hsp,8,11,12.516000,10.423000,-2.093000,d10 AIA
2233,CSW24_hsp,9,6,15.006000,10.233000,-4.773000,9g AUDIO
2233,CSW24_hsp,10,5,15.006000,8.858000,-6.148000,n6 AUDIO
2233,CSW24_hsp,11,10,12.890000,8.809000,-4.081000,b9 AUA
2233,CSW24_hsp,12,15,11.516000,8.680000,-2.836000,k1 AIA
2233,CSW24_hsp,13,13,11.622000,8.011000,-3.611000,j9 AUDITOR
2233,CSW24_hsp,14,21,10.067000,7.971000,-2.096000,f2 OATY
2233,CSW24_hsp,15,14,11.622000,7.818000,-3.804000,10i AUDITOR
2233,CSW24_hsp,16,18,10.415000,7.738000,-2.677000,b9 TAU
2233,CSW24_hsp,17,24,9.796000,7.671000,-2.125000,d10 OUT
2233,CSW24_hsp,18,22,9.994000,7.278000,-2.716000,k1 AID
2233,CSW24_hsp,19,23,9.814000,7.148000,-2.666000,13c STOAI
2233,CSW24_hsp,20,12,11.877000,6.952000,-4.925000,2j QUAI
2233,CSW24_hsp,21,17,10.781000,6.462000,-4.319000,2j QUA
2233,CSW24_hsp,22,20,10.399000,6.393000,-4.006000,9g OUTA
2233,CSW24_hsp,23,19,10.399000,6.362000,-4.037000,9g AUTO
2233,CSW24_hsp,24,34,8.704000,6.115000,-2.589000,12l DITZ
2233,CSW24_hsp,25,30,9.064000,6.113000,-2.951000,m10 DAUTIE
2371,CSW24_hsp,1,1,32.026000,31.470000,-0.556000,c11 RIB
2371,CSW24_hsp,2,2,31.396000,30.711000,-0.685000,3f BIZ
2371,CSW24_hsp,3,4,29.553000,28.585000,-0.968000,d2 TRIAZIN
2371,CSW24_hsp,4,3,30.179000,28.493000,-1.686000,m6 ZITI
2371,CSW24_hsp,5,5,28.114000,26.956000,-1.158000,14e BI
2371,CSW24_hsp,6,6,26.939000,25.136000,-1.803000,m6 ZIT
2371,CSW24_hsp,7,8,25.939000,25.123000,-0.816000,3f TIZ
2371,CSW24_hsp,8,10,24.891000,24.414000,-0.477000,e3 RIZA
2371,CSW24_hsp,9,7,26.128000,24.406000,-1.722000,m6 ZATI
2371,CSW24_hsp,10,11,24.744000,24.198000,-0.546000,13a ZORI
2371,CSW24_hsp,11,12,24.669000,24.102000,-0.567000,c11 TAB
2371,CSW24_hsp,12,9,25.771000,23.765000,-2.006000,2e ABRI
2371,CSW24_hsp,13,13,24.488000,23.099000,-1.389000,14e TI
2371,CSW24_hsp,14,16,23.744000,23.000000,-0.744000,3f RIZ
2371,CSW24_hsp,15,14,24.262000,22.555000,-1.707000,e2 TIBIA
2371,CSW24_hsp,16,15,23.891000,22.289000,-1.602000,m6 ZARI
2371,CSW24_hsp,17,17,23.179000,22.048000,-1.131000,2e ZITI
2371,CSW24_hsp,18,23,22.624000,21.826000,-0.798000,3e RITZ
2371,CSW24_hsp,19,25,22.402000,21.715000,-0.687000,c11 BAR
2371,CSW24_hsp,20,22,22.667000,21.715000,-0.952000,c12 AB
2371,CSW24_hsp,21,19,23.114000,21.676000,-1.438000,13a BOI
2371,CSW24_hsp,22,20,23.114000,21.608000,-1.506000,13b OBI
2371,CSW24_hsp,23,18,23.114000,21.514000,-1.600000,c11 BI
2371,CSW24_hsp,24,21,22.771000,21.373000,-1.398000,e3 RIBA
2371,CSW24_hsp,25,24,22.488000,20.902000,-1.586000,g3 IT
2196,CSW24_hsp,1,3,19.928000,14.499000,-5.429000,o1 IF
2196,CSW24_hsp,2,1,21.282000,13.070000,-8.212000,11h FUCI
2196,CSW24_hsp,3,2,20.715000,12.146000,-8.569000,c9 FIANCE
2196,CSW24_hsp,4,5,17.092000,8.894000,-8.198000,5e ICE
2196,CSW24_hsp,5,4,17.283000,8.604000,-8.679000,h12 YUCA
2196,CSW24_hsp,6,7,16.457000,8.283000,-8.174000,5e ECU
2196,CSW24_hsp,7,6,16.716000,8.251000,-8.465000,c9 FAINE
2196,CSW24_hsp,8,8,15.716000,7.261000,-8.455000,d1 FAINE
2196,CSW24_hsp,9,20,11.951000,6.614000,-5.337000,1l CAGE
2196,CSW24_hsp,10,9,15.012000,6.495000,-8.517000,d1 FAIN
2196,CSW24_hsp,11,10,14.716000,6.315000,-8.401000,l3 DAFTIE
2196,CSW24_hsp,12,11,14.582000,6.252000,-8.330000,11h FICE
2196,CSW24_hsp,13,12,14.582000,5.928000,-8.654000,n11 FICE
2196,CSW24_hsp,14,13,14.199000,5.670000,-8.529000,2j CUE
2196,CSW24_hsp,15,14,13.940000,5.439000,-8.501000,d2 FINI
2196,CSW24_hsp,16,15,13.731000,5.111000,-8.620000,d1 ACINI
2196,CSW24_hsp,17,16,13.552000,4.888000,-8.664000,13b AUFS
2196,CSW24_hsp,18,17,12.281000,3.627000,-8.654000,l3 DAUTIE
2196,CSW24_hsp,19,21,11.759000,3.341000,-8.418000,13b FEIS
2196,CSW24_hsp,20,24,11.209000,2.622000,-8.587000,d1 CAIN
2196,CSW24_hsp,21,26,10.759000,2.259000,-8.500000,n9 FIE
2196,CSW24_hsp,22,27,10.731000,2.194000,-8.537000,c9 ACINI
2196,CSW24_hsp,23,29,10.108000,1.922000,-8.186000,5e ACE
2196,CSW24_hsp,24,25,11.209000,1.874000,-9.335000,l1 CADI
2196,CSW24_hsp,25,28,10.224000,1.795000,-8.429000,13b FEUS
2084,CSW24_hsp,1,1,53.253000,48.701000,-4.552000,h1 QI
2084,CSW24_hsp,2,2,50.834000,46.353000,-4.481000,5e QAt
2084,CSW24_hsp,3,3,45.834000,41.003000,-4.831000,i7 QUA
2084,CSW24_hsp,4,4,42.207000,36.545000,-5.662000,f12 QI
2084,CSW24_hsp,5,5,38.150000,34.039000,-4.111000,9h KHYAL
2084,CSW24_hsp,6,7,35.150000,33.120000,-2.030000,15a KHAT
2084,CSW24_hsp,7,6,37.327000,32.807000,-4.520000,5e QAtS
2084,CSW24_hsp,8,9,32.792000,32.537000,-0.255000,15d TAKHI
2084,CSW24_hsp,9,11,32.523000,31.944000,-0.579000,h10 SHREIK
2084,CSW24_hsp,10,20,29.541000,29.826000,0.285000,15d TAKHIS
2084,CSW24_hsp,11,8,34.150000,29.502000,-4.648000,5d KHAt
2084,CSW24_hsp,12,10,32.755000,28.918000,-3.837000,4d KARAHI
2084,CSW24_hsp,13,21,29.029000,27.520000,-1.509000,15a KHATS
2084,CSW24_hsp,14,16,31.029000,27.306000,-3.723000,9h KHYALS
2084,CSW24_hsp,15,13,32.253000,26.917000,-5.336000,11g QI
2084,CSW24_hsp,16,12,32.253000,26.916000,-5.337000,j4 QI
2084,CSW24_hsp,17,18,30.142000,26.202000,-3.940000,13l SIGH
2084,CSW24_hsp,18,15,31.150000,26.016000,-5.134000,b8 LAKH
2084,CSW24_hsp,19,17,30.755000,25.892000,-4.863000,m3 KA
2084,CSW24_hsp,20,27,28.427000,25.092000,-3.335000,4d KARAHIS
2084,CSW24_hsp,21,39,25.895000,24.900000,-0.995000,15d TRAIK
2084,CSW24_hsp,22,19,29.755000,24.735000,-5.020000,2f KARAHI
2084,CSW24_hsp,23,14,31.207000,24.711000,-6.496000,ex Q
2084,CSW24_hsp,24,25,28.523000,24.694000,-3.829000,10b SHEIK
2084,CSW24_hsp,25,32,27.096000,24.539000,-2.557000,15a KART
2125,CSW24_hsp,1,1,37.439000,35.377000,-2.062000,a7 CROONS
2125,CSW24_hsp,2,2,37.439000,35.022000,-2.417000,a8 CROONS
2125,CSW24_hsp,3,4,35.315000,33.124000,-2.191000,a8 SCORN
2125,CSW24_hsp,4,3,35.315000,33.013000,-2.302000,a8 CRONS
2125,CSW24_hsp,5,5,33.523000,31.280000,-2.243000,a8 CROON
2125,CSW24_hsp,6,10,30.523000,28.201000,-2.322000,a7 CROON
2125,CSW24_hsp,7,9,30.523000,28.159000,-2.364000,a6 CORNO
2125,CSW24_hsp,8,6,32.439000,27.281000,-5.158000,c9 CARONS
2125,CSW24_hsp,9,11,29.742000,27.180000,-2.562000,a8 CRON
2125,CSW24_hsp,10,15,28.781000,26.411000,-2.370000,a6 CORSO
2125,CSW24_hsp,11,8,31.315000,26.388000,-4.927000,c9 CARNS
2125,CSW24_hsp,12,7,31.395000,26.353000,-5.042000,c9 CARRON
2125,CSW24_hsp,13,12,29.594000,24.747000,-4.847000,c9 CARRS
2125,CSW24_hsp,14,19,27.408000,24.694000,-2.714000,a8 ROONS
2125,CSW24_hsp,15,22,26.780000,24.545000,-2.235000,a8 SCORNS
2125,CSW24_hsp,16,13,29.523000,24.428000,-5.095000,c9 CARON
2125,CSW24_hsp,17,24,25.601000,23.210000,-2.391000,a8 COONS
2125,CSW24_hsp,18,18,28.439000,23.113000,-5.326000,c9 RACONS
2125,CSW24_hsp,19,17,28.439000,22.931000,-5.508000,c9 NARCOS
2125,CSW24_hsp,20,16,28.528000,22.294000,-6.234000,n1 ORS
2125,CSW24_hsp,21,21,27.315000,22.244000,-5.071000,c9 NARCS
2125,CSW24_hsp,22,20,27.395000,22.139000,-5.256000,c9 RANCOR
2125,CSW24_hsp,23,28,24.005000,21.759000,-2.246000,a8 CROSS
2125,CSW24_hsp,24,14,29.110000,21.413000,-7.697000,c9 RANCORS
2125,CSW24_hsp,25,34,23.244000,21.039000,-2.205000,a6 CORSOS
2287,CSW24_hsp,1,1,92.000000,75.567000,-16.433000,o1 AGUISED
2287,CSW24_hsp,2,2,92.000000,75.154000,-16.846000,o2 GAUDIES
2287,CSW24_hsp,3,3,44.555000,27.223000,-17.332000,o1 AGUED
2287,CSW24_hsp,4,4,42.561000,25.154000,-17.407000,o1 IGAD
2287,CSW24_hsp,5,15,35.601000,24.482000,-11.119000,15g GIED
2287,CSW24_hsp,6,8,38.312000,23.069000,-15.243000,1h GAUD
2287,CSW24_hsp,7,5,39.885000,22.313000,-17.572000,o1 AGUE
2287,CSW24_hsp,8,6,38.555000,22.097000,-16.458000,1a GAUPED
2287,CSW24_hsp,9,9,38.178000,21.224000,-16.954000,1a GAUP
2287,CSW24_hsp,10,7,38.388000,20.637000,-17.751000,o1 UG
2287,CSW24_hsp,11,12,37.446000,20.016000,-17.430000,o1 EGAD
2287,CSW24_hsp,12,11,37.446000,19.988000,-17.458000,o1 AGED
2287,CSW24_hsp,13,18,34.715000,19.278000,-15.437000,1d PUDGE
2287,CSW24_hsp,14,36,30.243000,19.036000,-11.207000,15g AIDE
2287,CSW24_hsp,15,31,31.212000,18.963000,-12.249000,15g GID
2287,CSW24_hsp,16,14,36.082000,18.512000,-17.570000,o1 AGUISE
2287,CSW24_hsp,17,24,33.561000,18.461000,-15.100000,1h IGAD
2287,CSW24_hsp,18,30,32.074000,18.421000,-13.653000,h10 AGUISE
2287,CSW24_hsp,19,20,34.178000,18.420000,-15.758000,1h GAU
2287,CSW24_hsp,20,10,37.555000,18.047000,-19.508000,b9 AGUED
2287,CSW24_hsp,21,47,28.955000,17.865000,-11.090000,15e AEGIS
2287,CSW24_hsp,22,27,32.885000,17.453000,-15.432000,1h AGUE
2287,CSW24_hsp,23,32,31.180000,17.251000,-13.929000,h11 GUISE
2287,CSW24_hsp,24,19,34.394000,17.112000,-17.282000,o1 USAGE
2287,CSW24_hsp,25,13,36.178000,16.796000,-19.382000,b10 GAU
2052,CSW24_hsp,1,1,72.848000,71.631000,-1.217000,2j QUESO
2052,CSW24_hsp,2,2,47.193000,45.376000,-1.817000,2h ROQUE
2052,CSW24_hsp,3,5,42.846000,44.029000,1.183000,1l FROM
2052,CSW24_hsp,4,4,42.846000,43.942000,1.096000,1l FORM
2052,CSW24_hsp,5,3,44.688000,41.288000,-3.400000,2g MARQUE
2052,CSW24_hsp,6,6,39.886000,38.653000,-1.233000,3j QORMA
2052,CSW24_hsp,7,8,37.611000,38.647000,1.036000,1l FOAM
2052,CSW24_hsp,8,13,36.034000,37.208000,1.174000,1l FARM
2052,CSW24_hsp,9,10,37.237000,36.804000,-0.433000,k2 ROAM
2052,CSW24_hsp,10,7,39.258000,35.761000,-3.497000,2g MOSQUE
2052,CSW24_hsp,11,9,37.521000,35.657000,-1.864000,2h ROQUES
2052,CSW24_hsp,12,12,36.456000,35.425000,-1.031000,5k QI
2052,CSW24_hsp,13,14,35.905000,34.533000,-1.372000,k4 OM
2052,CSW24_hsp,14,11,36.780000,33.324000,-3.456000,2g MASQUE
2052,CSW24_hsp,15,15,35.522000,32.461000,-3.061000,2g MARQUES
2052,CSW24_hsp,16,16,35.522000,32.440000,-3.082000,2g MASQUER
2052,CSW24_hsp,17,25,29.868000,30.797000,0.929000,1l FARO
2052,CSW24_hsp,18,26,29.868000,30.744000,0.876000,1l FORA
2052,CSW24_hsp,19,17,31.736000,30.730000,-1.006000,l11 SUQ
2052,CSW24_hsp,20,30,28.427000,30.671000,2.244000,1i AUSFORM
2052,CSW24_hsp,21,18,31.237000,29.453000,-1.784000,3i MORRA
2052,CSW24_hsp,22,20,30.905000,29.391000,-1.514000,k1 OM
2052,CSW24_hsp,23,21,30.905000,29.068000,-1.837000,l11 MO
2052,CSW24_hsp,24,22,30.846000,29.066000,-1.780000,l11 MOR
2052,CSW24_hsp,25,24,30.034000,28.720000,-1.314000,l10 MAR
2110,CSW24_hsp,1,1,60.022000,58.922000,-1.100000,6n JO
2110,CSW24_hsp,2,2,54.973000,53.978000,-0.995000,n6 JOT
2110,CSW24_hsp,3,3,48.450000,47.032000,-1.418000,h1 JEE
2110,CSW24_hsp,4,4,47.450000,45.798000,-1.652000,10f JET
2110,CSW24_hsp,5,7,43.728000,42.808000,-0.920000,n6 JOTS
2110,CSW24_hsp,6,5,45.046000,42.468000,-2.578000,14f JETE
2110,CSW24_hsp,7,6,44.450000,42.069000,-2.381000,14f JET
2110,CSW24_hsp,8,9,38.051000,37.024000,-1.027000,h1 JEES
2110,CSW24_hsp,9,8,38.071000,36.422000,-1.649000,11e EEJIT
2110,CSW24_hsp,10,10,37.051000,35.819000,-1.232000,10f JETS
2110,CSW24_hsp,11,11,36.102000,34.347000,-1.755000,6f JEES
2110,CSW24_hsp,12,13,34.071000,32.068000,-2.003000,15d JETES
2110,CSW24_hsp,13,12,34.102000,31.360000,-2.742000,14f JETES
2110,CSW24_hsp,14,14,30.192000,28.449000,-1.743000,6f JETS
2110,CSW24_hsp,15,19,28.854000,26.806000,-2.048000,12f JENNETS
2110,CSW24_hsp,16,15,30.071000,26.758000,-3.313000,13e EJECT
2110,CSW24_hsp,17,17,29.051000,26.705000,-2.346000,14f JETS
2110,CSW24_hsp,18,16,29.450000,26.570000,-2.880000,h2 JEE
2110,CSW24_hsp,19,18,29.046000,26.564000,-2.482000,15e JEES
2110,CSW24_hsp,20,20,28.372000,26.551000,-1.821000,4b SENE
2110,CSW24_hsp,21,21,28.119000,26.481000,-1.638000,11e EEJITS
2110,CSW24_hsp,22,24,27.288000,25.292000,-1.996000,h1 TEENE
2110,CSW24_hsp,23,22,28.046000,24.868000,-3.178000,e1 JEtE
2110,CSW24_hsp,24,23,27.450000,24.271000,-3.179000,e1 JEt
2110,CSW24_hsp,25,25,26.102000,23.830000,-2.272000,e1 JEtES
2138,CSW24_hsp,1,1,47.157000,46.027000,-1.130000,a11 ZAIDY
2138,CSW24_hsp,2,2,41.112000,36.677000,-4.435000,n10 ZA
2138,CSW24_hsp,3,4,33.241000,29.085000,-4.156000,10j ZARI
2138,CSW24_hsp,4,3,33.241000,28.697000,-4.544000,10i IZAR
2138,CSW24_hsp,5,5,25.241000,21.080000,-4.161000,9g IZAR
2138,CSW24_hsp,6,6,24.157000,18.469000,-5.688000,12k ZAYIN
2138,CSW24_hsp,7,8,23.241000,18.039000,-5.202000,k9 ZARI
2138,CSW24_hsp,8,7,24.136000,17.544000,-6.592000,10j AIRY
2138,CSW24_hsp,9,9,23.136000,16.289000,-6.847000,c9 AIRY
2138,CSW24_hsp,10,12,21.241000,16.038000,-5.203000,9h ZAIRE
2138,CSW24_hsp,11,11,21.332000,15.462000,-5.870000,n10 YA
2138,CSW24_hsp,12,10,22.136000,15.330000,-6.806000,n11 AIRY
2138,CSW24_hsp,13,14,18.332000,11.489000,-6.843000,2e AY
2138,CSW24_hsp,14,13,19.226000,11.101000,-8.125000,2a RIZ
2138,CSW24_hsp,15,31,13.112000,10.622000,-2.490000,a13 ADZ
2138,CSW24_hsp,16,17,17.136000,10.440000,-6.696000,k9 AIRY
2138,CSW24_hsp,17,15,17.621000,10.423000,-7.198000,10j AIR
2138,CSW24_hsp,18,19,16.767000,10.234000,-6.533000,10j YAR
2138,CSW24_hsp,19,20,16.669000,9.427000,-7.242000,12l AYIN
2138,CSW24_hsp,20,18,17.136000,9.398000,-7.738000,n12 AIRY
2138,CSW24_hsp,21,16,17.136000,8.721000,-8.415000,5a RAINY
2138,CSW24_hsp,22,21,15.876000,8.559000,-7.317000,j12 IRID
2138,CSW24_hsp,23,28,14.241000,8.331000,-5.910000,k9 RIZA
2138,CSW24_hsp,24,26,14.332000,7.949000,-6.383000,e3 TAY
2138,CSW24_hsp,25,23,14.877000,7.893000,-6.984000,5c INIA
2320,CSW24_hsp,1,1,0.000000,-2.876000,-2.876000,ex AIIOOOQ
2320,CSW24_hsp,2,2,-0.378000,-3.254000,-2.876000,ex IIOOOQ
2320,CSW24_hsp,3,3,-2.208000,-5.084000,-2.876000,ex AIOOOQ
2320,CSW24_hsp,4,4,-2.478000,-5.354000,-2.876000,ex AIIOOQ
2320,CSW24_hsp,5,5,-3.464000,-6.340000,-2.876000,ex IOOOQ
2320,CSW24_hsp,6,6,-4.936000,-7.812000,-2.876000,ex IIOOQ
2320,CSW24_hsp,7,7,-5.724000,-7.817000,-2.093000,2m ROO
2320,CSW24_hsp,8,8,-5.748000,-8.624000,-2.876000,ex IOOO
2320,CSW24_hsp,9,9,-5.897000,-8.773000,-2.876000,ex AIOOQ
2320,CSW24_hsp,10,10,-5.898000,-8.774000,-2.876000,ex IIOOO
2320,CSW24_hsp,11,11,-6.391000,-9.267000,-2.876000,ex AIOOO
2320,CSW24_hsp,12,12,-7.573000,-10.449000,-2.876000,ex AIIOOO
2320,CSW24_hsp,13,14,-9.280000,-10.675000,-1.395000,d11 QAT
2320,CSW24_hsp,14,13,-9.044000,-11.920000,-2.876000,ex IOOQ
2320,CSW24_hsp,15,16,-9.724000,-12.262000,-2.538000,k2 OO
2320,CSW24_hsp,16,17,-9.724000,-12.353000,-2.629000,3f OOF
2320,CSW24_hsp,17,15,-9.696000,-12.572000,-2.876000,ex AIIOQ
2320,CSW24_hsp,18,19,-10.594000,-13.005000,-2.411000,d11 IOTA
2320,CSW24_hsp,19,23,-11.095000,-13.260000,-2.165000,g2 QI
2320,CSW24_hsp,20,18,-10.451000,-13.327000,-2.876000,ex AIOO
2320,CSW24_hsp,21,20,-10.597000,-13.473000,-2.876000,ex AIIOO
2320,CSW24_hsp,22,21,-10.640000,-13.516000,-2.876000,ex IIOO
2320,CSW24_hsp,23,25,-11.377000,-13.603000,-2.226000,12c OI
2320,CSW24_hsp,24,24,-11.377000,-13.891000,-2.514000,k2 IO
2320,CSW24_hsp,25,22,-10.724000,-14.212000,-3.488000,g2 OO
2356,CSW24_hsp,1,1,57.071000,55.782000,-1.289000,10f YOKE
2356,CSW24_hsp,2,2,53.313000,52.261000,-1.052000,10f YOK
2356,CSW24_hsp,3,3,50.939000,49.462000,-1.477000,10f YO
2356,CSW24_hsp,4,4,48.703000,47.544000,-1.159000,10f YON
2356,CSW24_hsp,5,5,48.119000,47.151000,-0.968000,10f YOKES
2356,CSW24_hsp,6,6,47.762000,46.962000,-0.800000,b1 OKEH
2356,CSW24_hsp,7,8,43.137000,42.022000,-1.115000,10b EENSY
2356,CSW24_hsp,8,11,42.020000,41.205000,-0.815000,10f YONKS
2356,CSW24_hsp,9,12,41.871000,40.932000,-0.939000,8j KYNDES
2356,CSW24_hsp,10,7,44.071000,40.741000,-3.330000,n11 YOKE
2356,CSW24_hsp,11,13,41.192000,40.144000,-1.048000,10f YOKS
2356,CSW24_hsp,12,10,42.071000,39.607000,-2.464000,b8 YOKE
2356,CSW24_hsp,13,14,40.224000,39.077000,-1.147000,10c NOSY
2356,CSW24_hsp,14,15,40.071000,38.063000,-2.008000,10g YOKE
2356,CSW24_hsp,15,9,42.191000,37.555000,-4.636000,12j KYOGEN
2356,CSW24_hsp,16,16,38.313000,36.518000,-1.795000,b8 YOK
2356,CSW24_hsp,17,17,37.443000,36.054000,-1.389000,3f KYE
2356,CSW24_hsp,18,22,35.820000,34.444000,-1.376000,8j KENDOS
2356,CSW24_hsp,19,19,36.071000,34.025000,-2.046000,o3 YOKE
2356,CSW24_hsp,20,20,36.051000,33.871000,-2.180000,8m DEY
2356,CSW24_hsp,21,21,36.051000,33.811000,-2.240000,8m DYE
2356,CSW24_hsp,22,23,35.443000,33.070000,-2.373000,11k KYNE
2356,CSW24_hsp,23,24,34.939000,32.777000,-2.162000,8m DOY
2356,CSW24_hsp,24,27,34.313000,32.208000,-2.105000,10g YOK
2356,CSW24_hsp,25,29,33.358000,31.832000,-1.526000,10g YESK
2011,CSW24_hsp,1,1,45.833000,43.497000,-2.336000,15a WAW
2011,CSW24_hsp,2,2,38.410000,35.991000,-2.419000,15a CAW
2011,CSW24_hsp,3,4,31.235000,28.912000,-2.323000,15a HAW
2011,CSW24_hsp,4,3,31.494000,28.859000,-2.635000,15a RAW
2011,CSW24_hsp,5,5,30.212000,27.545000,-2.667000,15a TAW
2011,CSW24_hsp,6,6,28.494000,25.757000,-2.737000,15a WAR
2011,CSW24_hsp,7,7,27.910000,25.300000,-2.610000,5b CRWTH
2011,CSW24_hsp,8,8,27.504000,24.763000,-2.741000,5b WATCH
2011,CSW24_hsp,9,9,27.216000,24.264000,-2.952000,10b CRAW
2011,CSW24_hsp,10,12,26.491000,23.821000,-2.670000,10b CHAW
2011,CSW24_hsp,11,10,26.833000,23.653000,-3.180000,5d WAW
2011,CSW24_hsp,12,11,26.833000,23.471000,-3.362000,10c WAW
2011,CSW24_hsp,13,13,25.749000,22.672000,-3.077000,10a THRAW
2011,CSW24_hsp,14,14,23.749000,20.947000,-2.802000,12k THRAW
2011,CSW24_hsp,15,15,23.491000,20.607000,-2.884000,5c CHAW
2011,CSW24_hsp,16,16,21.569000,18.760000,-2.809000,10b WHAT
2011,CSW24_hsp,17,18,21.216000,18.095000,-3.121000,5c CRAW
2011,CSW24_hsp,18,17,21.410000,17.990000,-3.420000,10c CAW
2011,CSW24_hsp,19,19,20.410000,17.434000,-2.976000,5d CAW
2011,CSW24_hsp,20,21,19.749000,16.600000,-3.149000,5b WRATH
2011,CSW24_hsp,21,20,19.749000,16.567000,-3.182000,5b THRAW
2011,CSW24_hsp,22,23,18.569000,15.583000,-2.986000,10b THAW
2011,CSW24_hsp,23,22,19.078000,15.334000,-3.744000,f4 WHEW
2011,CSW24_hsp,24,25,18.212000,15.139000,-3.073000,13g TAW
2011,CSW24_hsp,25,24,18.494000,14.946000,-3.548000,10c RAW
2187,CSW24_hsp,1,1,35.199000,36.975000,1.776000,f2 QAID
2187,CSW24_hsp,2,2,12.325000,13.199000,0.874000,6h QI
2187,CSW24_hsp,3,5,8.911000,9.654000,0.743000,k5 TAX
2187,CSW24_hsp,4,4,9.252000,9.598000,0.346000,15c GETA
2187,CSW24_hsp,5,9,8.415000,9.298000,0.883000,15b GAITA
2187,CSW24_hsp,6,10,8.415000,9.252000,0.837000,15b TAIGA
2187,CSW24_hsp,7,8,8.415000,9.241000,0.826000,15b AGITA
2187,CSW24_hsp,8,3,9.927000,8.884000,-1.043000,14c GAIJIN
2187,CSW24_hsp,9,6,8.484000,8.547000,0.063000,d1 GAE
2187,CSW24_hsp,10,7,8.484000,8.408000,-0.076000,6k AGE
2187,CSW24_hsp,11,12,7.871000,8.283000,0.412000,15d AGA
2187,CSW24_hsp,12,11,8.164000,8.230000,0.066000,6k AIGA
2187,CSW24_hsp,13,14,7.225000,7.917000,0.692000,6k AG
2187,CSW24_hsp,14,15,7.164000,7.570000,0.406000,15c AIGA
2187,CSW24_hsp,15,13,7.484000,7.506000,0.022000,d1 AGE
2187,CSW24_hsp,16,17,6.917000,6.986000,0.069000,d1 GIE
2187,CSW24_hsp,17,16,7.102000,6.986000,-0.116000,3a LEVIGATE
2187,CSW24_hsp,18,18,6.871000,6.842000,-0.029000,6k AGA
2187,CSW24_hsp,19,23,5.644000,6.378000,0.734000,k5 TEX
2187,CSW24_hsp,20,19,6.609000,6.342000,-0.267000,4g AGATE
2187,CSW24_hsp,21,20,6.484000,6.314000,-0.170000,4g AGE
2187,CSW24_hsp,22,21,5.927000,6.097000,0.170000,f2 GAID
2187,CSW24_hsp,23,22,5.871000,5.905000,0.034000,d1 AGA
2187,CSW24_hsp,24,27,5.225000,5.854000,0.629000,4g AG
2187,CSW24_hsp,25,25,5.484000,5.635000,0.151000,f2 GAED
2312,CSW24_hsp,1,1,28.001000,27.544000,-0.457000,c11 EMEU
2312,CSW24_hsp,2,2,26.084000,25.432000,-0.652000,c11 EMU
2312,CSW24_hsp,3,3,23.084000,22.233000,-0.851000,c12 MEU
2312,CSW24_hsp,4,5,22.084000,21.385000,-0.699000,a13 MEU
2312,CSW24_hsp,5,8,20.433000,20.667000,0.234000,13b MEU
2312,CSW24_hsp,6,7,20.433000,20.167000,-0.266000,13a UME
2312,CSW24_hsp,7,6,20.433000,20.115000,-0.318000,13a EMU
2312,CSW24_hsp,8,13,19.433000,19.812000,0.379000,d6 AUE
2312,CSW24_hsp,9,11,20.084000,19.491000,-0.593000,a13 EMU
2312,CSW24_hsp,10,12,20.084000,19.421000,-0.663000,a13 UME
2312,CSW24_hsp,11,4,23.084000,19.420000,-3.664000,c13 MEU
2312,CSW24_hsp,12,17,19.176000,18.982000,-0.194000,a13 AUE
2312,CSW24_hsp,13,18,19.176000,18.932000,-0.244000,a13 EAU
2312,CSW24_hsp,14,14,19.362000,18.613000,-0.749000,13a IMMUNE
2312,CSW24_hsp,15,16,19.242000,18.319000,-0.923000,13a EMEU
2312,CSW24_hsp,16,21,17.787000,17.100000,-0.687000,c11 EME
2312,CSW24_hsp,17,9,20.176000,16.880000,-3.296000,c13 AUE
2312,CSW24_hsp,18,10,20.176000,16.871000,-3.305000,c13 EAU
2312,CSW24_hsp,19,22,17.715000,15.810000,-1.905000,c11 ENEMA
2312,CSW24_hsp,20,15,19.282000,15.782000,-3.500000,c12 MENU
2312,CSW24_hsp,21,19,19.084000,15.587000,-3.497000,c13 EMU
2312,CSW24_hsp,22,20,19.084000,15.512000,-3.572000,c13 UME
2312,CSW24_hsp,23,28,16.386000,15.438000,-0.948000,c12 MAE
2312,CSW24_hsp,24,32,15.889000,15.287000,-0.602000,a13 AMU
2312,CSW24_hsp,25,43,14.433000,14.759000,0.326000,3m GUE
2363,CSW24_hsp,1,1,14.887000,7.730000,-7.157000,n2 OUTGATE
2363,CSW24_hsp,2,3,11.054000,6.856000,-4.198000,n11 SAUT
2363,CSW24_hsp,3,4,10.006000,5.183000,-4.823000,15h DUGOUT
2363,CSW24_hsp,4,2,11.538000,4.530000,-7.008000,d1 GUTTA
2363,CSW24_hsp,5,5,9.006000,3.864000,-5.142000,o3 OUTGUN
2363,CSW24_hsp,6,7,8.705000,3.790000,-4.915000,d2 TATOU
2363,CSW24_hsp,7,8,7.538000,2.819000,-4.719000,l2 GUTTA
2363,CSW24_hsp,8,10,7.445000,2.440000,-5.005000,l2 GOUT
2363,CSW24_hsp,9,11,6.994000,2.097000,-4.897000,n13 GUT
2363,CSW24_hsp,10,9,7.473000,2.068000,-5.405000,n13 UTU
2363,CSW24_hsp,11,12,6.705000,1.779000,-4.926000,l2 OUTTA
2363,CSW24_hsp,12,6,8.705000,1.307000,-7.398000,d1 OUTTA
2363,CSW24_hsp,13,13,5.994000,1.013000,-4.981000,n13 TUG
2363,CSW24_hsp,14,14,5.445000,-0.826000,-6.271000,n4 TOGUE
2363,CSW24_hsp,15,21,3.647000,-0.969000,-4.616000,d4 GAU
2363,CSW24_hsp,16,31,2.962000,-1.275000,-4.237000,5g TATUS
2363,CSW24_hsp,17,32,2.962000,-1.302000,-4.264000,5g TAUTS
2363,CSW24_hsp,18,15,4.647000,-1.576000,-6.223000,n13 GAU
2363,CSW24_hsp,19,26,3.354000,-1.659000,-5.013000,l3 OUTA
2363,CSW24_hsp,20,25,3.354000,-1.661000,-5.015000,l3 AUTO
2363,CSW24_hsp,21,39,2.179000,-1.661000,-3.840000,8a GUL
2363,CSW24_hsp,22,28,3.054000,-1.698000,-4.752000,d4 TAU
2363,CSW24_hsp,23,23,3.354000,-1.703000,-5.057000,d2 AUTO
2363,CSW24_hsp,24,24,3.354000,-1.880000,-5.234000,d2 OUTA
2363,CSW24_hsp,25,16,4.473000,-1.893000,-6.366000,b5 UTU
2071,CSW24_hsp,1,1,11.919000,11.174000,-0.745000,c1 GUAVA
2071,CSW24_hsp,2,3,9.783000,9.781000,-0.002000,f6 UWU
2071,CSW24_hsp,3,2,9.910000,9.742000,-0.168000,6b GUITAR
2071,CSW24_hsp,4,4,9.467000,9.282000,-0.185000,6e WARAGI
2071,CSW24_hsp,5,5,8.702000,8.414000,-0.288000,j9 WAREZ
2071,CSW24_hsp,6,6,7.026000,6.607000,-0.419000,9k GUQIN
2071,CSW24_hsp,7,7,6.939000,6.607000,-0.332000,6d WAUR
2071,CSW24_hsp,8,8,6.026000,5.457000,-0.569000,c2 GUV
2071,CSW24_hsp,9,11,5.194000,4.992000,-0.202000,6d WAIRUA
2071,CSW24_hsp,10,9,5.705000,4.527000,-1.178000,d1 WAIATA
2071,CSW24_hsp,11,12,4.834000,4.058000,-0.776000,c3 UVA
2071,CSW24_hsp,12,10,5.366000,4.003000,-1.363000,9h WAIT
2071,CSW24_hsp,13,14,4.215000,3.540000,-0.675000,9h WAG
2071,CSW24_hsp,14,15,3.634000,3.444000,-0.190000,6d TUGRA
2071,CSW24_hsp,15,13,4.657000,3.318000,-1.339000,9h WAI
2071,CSW24_hsp,16,21,1.702000,1.737000,0.035000,e4 LAW
2071,CSW24_hsp,17,23,1.392000,1.531000,0.139000,6f WRIT
2071,CSW24_hsp,18,17,1.824000,1.419000,-0.405000,6d GUAR
2071,CSW24_hsp,19,16,1.824000,1.412000,-0.412000,6d GAUR
2071,CSW24_hsp,20,22,1.657000,1.381000,-0.276000,6d WAIR
2071,CSW24_hsp,21,20,1.815000,1.094000,-0.721000,9h WIG
2071,CSW24_hsp,22,18,1.824000,1.047000,-0.777000,6g RAGU
2071,CSW24_hsp,23,19,1.824000,0.958000,-0.866000,6g RUGA
2071,CSW24_hsp,24,24,1.366000,0.289000,-1.077000,d1 TAWAI
2071,CSW24_hsp,25,29,0.828000,-0.048000,-0.876000,9h WAT
2382,CSW24_hsp,1,1,118.000000,105.618000,-12.382000,k5 EQUATION
2382,CSW24_hsp,2,2,83.362000,75.091000,-8.271000,o4 QUINO
2382,CSW24_hsp,3,3,80.871000,72.659000,-8.212000,o4 QUINA
2382,CSW24_hsp,4,4,79.064000,70.807000,-8.257000,o4 QUINE
2382,CSW24_hsp,5,5,78.103000,69.955000,-8.148000,o4 QUENA
2382,CSW24_hsp,6,6,60.854000,52.391000,-8.463000,o3 QUINOA
2382,CSW24_hsp,7,7,51.854000,42.870000,-8.984000,15h QUINOAS
2382,CSW24_hsp,8,8,50.358000,41.470000,-8.888000,o5 QUAI
2382,CSW24_hsp,9,10,46.001000,38.108000,-7.893000,15k QUESO
2382,CSW24_hsp,10,9,46.104000,37.191000,-8.913000,o6 QUA
2382,CSW24_hsp,11,11,44.358000,36.470000,-7.888000,15k QUASI
2382,CSW24_hsp,12,12,35.492000,25.444000,-10.048000,a12 FINO
2382,CSW24_hsp,13,14,33.779000,25.254000,-8.525000,o7 QI
2382,CSW24_hsp,14,13,34.941000,24.903000,-10.038000,a12 FANO
2382,CSW24_hsp,15,15,32.941000,22.694000,-10.247000,8l NOMA
2382,CSW24_hsp,16,20,31.367000,21.086000,-10.281000,8l NOME
2382,CSW24_hsp,17,19,31.487000,20.844000,-10.643000,8m OMA
2382,CSW24_hsp,18,22,30.834000,20.661000,-10.173000,8k ANIME
2382,CSW24_hsp,19,16,32.428000,20.217000,-12.211000,11j QUOAD
2382,CSW24_hsp,20,25,29.584000,19.783000,-9.801000,o5 NAOI
2382,CSW24_hsp,21,21,31.362000,19.703000,-11.659000,l4 QUINOA
2382,CSW24_hsp,22,29,29.016000,19.190000,-9.826000,o5 ONIE
2382,CSW24_hsp,23,33,28.923000,19.085000,-9.838000,o7 OE
2382,CSW24_hsp,24,31,28.973000,18.936000,-10.037000,a12 FENI
2382,CSW24_hsp,25,32,28.973000,18.851000,-10.122000,a12 FINE
2065,CSW24_hsp,1,2,25.705000,26.449000,0.744000,5h NAIF
2065,CSW24_hsp,2,1,28.510000,26.037000,-2.473000,2a CONFAB
2065,CSW24_hsp,3,6,20.350000,20.639000,0.289000,5j IF
2065,CSW24_hsp,4,7,20.054000,20.406000,0.352000,5i NIM
2065,CSW24_hsp,5,4,21.685000,19.579000,-2.106000,n8 CAFS
2065,CSW24_hsp,6,12,18.364000,18.992000,0.628000,5i SIF
2065,CSW24_hsp,7,3,22.166000,18.944000,-3.222000,n8 FABS
2065,CSW24_hsp,8,9,19.198000,17.845000,-1.353000,2a CONF
2065,CSW24_hsp,9,5,20.376000,17.070000,-3.306000,2a CONFABS
2065,CSW24_hsp,10,10,19.000000,16.763000,-2.237000,2a FOB
2065,CSW24_hsp,11,14,18.310000,16.181000,-2.129000,n8 CABS
2065,CSW24_hsp,12,8,19.295000,15.989000,-3.306000,10m FAB
2065,CSW24_hsp,13,16,16.866000,15.579000,-1.287000,2a COMB
2065,CSW24_hsp,14,11,18.726000,15.569000,-3.157000,n8 BAMS
2065,CSW24_hsp,15,13,18.310000,15.476000,-2.834000,n8 BACS
2065,CSW24_hsp,16,18,15.852000,15.085000,-0.767000,2m OB
2065,CSW24_hsp,17,19,15.305000,14.938000,-0.367000,h11 UMRAS
2065,CSW24_hsp,18,15,17.902000,14.674000,-3.228000,n8 FAMS
2065,CSW24_hsp,19,25,14.310000,13.899000,-0.411000,o3 SCAB
2065,CSW24_hsp,20,21,14.765000,13.517000,-1.248000,m10 COURB
2065,CSW24_hsp,21,35,13.242000,13.391000,0.149000,5g CAMIS
2065,CSW24_hsp,22,28,13.923000,13.131000,-0.792000,14i AM
2065,CSW24_hsp,23,20,15.155000,12.712000,-2.443000,ex BCF
2065,CSW24_hsp,24,17,15.962000,12.472000,-3.490000,10m CAF
2065,CSW24_hsp,25,42,12.457000,12.278000,-0.179000,i5 BAT
2041,CSW24_hsp,1,2,24.951000,24.866000,-0.085000,3j HORAL
2041,CSW24_hsp,2,1,26.304000,24.086000,-2.218000,d8 ZILLAH
2041,CSW24_hsp,3,3,22.807000,21.251000,-1.556000,d8 ZILLA
2041,CSW24_hsp,4,4,21.951000,20.671000,-1.280000,2j ALTHO
2041,CSW24_hsp,5,6,20.497000,19.217000,-1.280000,3j OORIAL
2041,CSW24_hsp,6,5,20.497000,19.176000,-1.321000,3j OORALI
2041,CSW24_hsp,7,7,19.606000,18.065000,-1.541000,f10 ACHOO
2041,CSW24_hsp,8,11,17.700000,17.331000,-0.369000,3j HARO
2041,CSW24_hsp,9,12,17.700000,17.327000,-0.373000,3j HORA
2041,CSW24_hsp,10,9,17.827000,16.701000,-1.126000,3f SOHO
2041,CSW24_hsp,11,10,17.827000,16.054000,-1.773000,9c OOH
2041,CSW24_hsp,12,8,17.951000,14.716000,-3.235000,14e LOOFAH
2041,CSW24_hsp,13,13,15.827000,13.862000,-1.965000,9b OHO
2041,CSW24_hsp,14,17,14.903000,13.525000,-1.378000,2i HOLT
2041,CSW24_hsp,15,14,15.382000,13.046000,-2.336000,9b LOO
2041,CSW24_hsp,16,22,13.827000,12.445000,-1.382000,3h OOH
2041,CSW24_hsp,17,21,13.827000,12.428000,-1.399000,3h HOO
2041,CSW24_hsp,18,18,14.223000,12.295000,-1.928000,i11 NOH
2041,CSW24_hsp,19,24,13.700000,11.916000,-1.784000,9c HOA
2041,CSW24_hsp,20,19,13.877000,11.680000,-2.197000,6a TOO
2041,CSW24_hsp,21,23,13.827000,11.463000,-2.364000,12d OOH
2041,CSW24_hsp,22,15,15.344000,11.348000,-3.996000,n10 POLIO
2041,CSW24_hsp,23,20,13.877000,11.290000,-2.587000,f14 OO
2041,CSW24_hsp,24,25,13.222000,11.024000,-2.198000,b6 AWOL
2041,CSW24_hsp,25,27,12.827000,10.721000,-2.106000,9b HOO
2114,CSW24_hsp,1,1,29.792000,23.795000,-5.997000,m7 HOOLIE
2114,CSW24_hsp,2,2,28.798000,23.364000,-5.434000,m7 HIOI
2114,CSW24_hsp,3,5,17.798000,11.644000,-6.154000,d11 HIOI
2114,CSW24_hsp,4,3,20.792000,11.426000,-9.366000,m10 HOOLIE
2114,CSW24_hsp,5,4,17.798000,11.310000,-6.488000,m10 HIOI
2114,CSW24_hsp,6,7,16.682000,10.993000,-5.689000,m7 HOO
2114,CSW24_hsp,7,9,16.564000,10.936000,-5.628000,7b HOI
2114,CSW24_hsp,8,8,16.682000,9.671000,-7.011000,8l POOH
2114,CSW24_hsp,9,6,17.103000,9.028000,-8.075000,d11 HELIO
2114,CSW24_hsp,10,10,15.103000,8.375000,-6.728000,m10 HELIO
2114,CSW24_hsp,11,11,13.682000,7.784000,-5.898000,m6 OHO
2114,CSW24_hsp,12,12,13.564000,7.520000,-6.044000,d11 HOI
2114,CSW24_hsp,13,14,12.682000,7.503000,-5.179000,10b HOOKY
2114,CSW24_hsp,14,15,12.589000,5.641000,-6.948000,8l PHEO
2114,CSW24_hsp,15,16,12.083000,5.328000,-6.755000,8l PILI
2114,CSW24_hsp,16,13,13.103000,4.737000,-8.366000,b6 HOOLIE
2114,CSW24_hsp,17,22,9.682000,3.833000,-5.849000,7b HOO
2114,CSW24_hsp,18,19,9.963000,3.815000,-6.148000,7c OI
2114,CSW24_hsp,19,18,9.963000,3.803000,-6.160000,7c IO
2114,CSW24_hsp,20,17,11.097000,3.573000,-7.524000,m10 LOOIE
2114,CSW24_hsp,21,23,9.527000,3.343000,-6.184000,m7 HI
2114,CSW24_hsp,22,29,8.682000,3.303000,-5.379000,9a HOO
2114,CSW24_hsp,23,21,9.785000,3.194000,-6.591000,d11 OLIO
2114,CSW24_hsp,24,20,9.785000,2.900000,-6.885000,m9 OLIO
2114,CSW24_hsp,25,24,8.963000,2.855000,-6.108000,g5 LOIN
2133,CSW24_hsp,1,1,67.748000,64.299000,-3.449000,b10 QAIDS
2133,CSW24_hsp,2,2,41.899000,41.448000,-0.451000,b10 QAID
2133,CSW24_hsp,3,3,31.755000,33.007000,1.252000,14b GAMED
2133,CSW24_hsp,4,5,26.755000,29.116000,2.361000,c9 GAMMED
2133,CSW24_hsp,5,6,24.755000,26.452000,1.697000,14b MADGE
2133,CSW24_hsp,6,11,23.128000,25.933000,2.805000,a8 GAMED
2133,CSW24_hsp,7,4,28.580000,25.023000,-3.557000,b11 QI
2133,CSW24_hsp,8,16,20.644000,24.844000,4.200000,a10 MADGES
2133,CSW24_hsp,9,7,24.128000,24.356000,0.228000,l1 MAGE
2133,CSW24_hsp,10,8,24.128000,24.340000,0.212000,l1 MEGA
2133,CSW24_hsp,11,12,22.755000,24.106000,1.351000,c10 GAMMED
2133,CSW24_hsp,12,13,22.128000,21.932000,-0.196000,l1 GAME
2133,CSW24_hsp,13,9,23.899000,20.426000,-3.473000,b9 QADI
2133,CSW24_hsp,14,10,23.416000,20.057000,-3.359000,14d GEM
2133,CSW24_hsp,15,18,20.620000,19.954000,-0.666000,l1 GADE
2133,CSW24_hsp,16,23,19.687000,19.900000,0.213000,l1 MADE
2133,CSW24_hsp,17,21,20.128000,19.733000,-0.395000,c9 GAMME
2133,CSW24_hsp,18,22,20.128000,19.723000,-0.405000,c9 GEMMA
2133,CSW24_hsp,19,20,20.128000,19.433000,-0.695000,l1 EGMA
2133,CSW24_hsp,20,15,20.754000,19.007000,-1.747000,14f MAID
2133,CSW24_hsp,21,35,16.644000,18.873000,2.229000,c9 GAMMES
2133,CSW24_hsp,22,14,21.644000,18.769000,-2.875000,14f GAID
2133,CSW24_hsp,23,33,17.288000,18.653000,1.365000,14b MASED
2133,CSW24_hsp,24,26,18.102000,18.264000,0.162000,b10 SMIDGE
2133,CSW24_hsp,25,32,17.687000,17.482000,-0.205000,l1 DAME
2122,CSW24_hsp,1,1,72.000000,70.333000,-1.667000,e6 UNFETTER
2122,CSW24_hsp,2,2,26.891000,25.957000,-0.934000,10d TUFTER
2122,CSW24_hsp,3,3,23.541000,22.163000,-1.378000,11d EFT
2122,CSW24_hsp,4,4,23.009000,21.210000,-1.799000,13f FUN
2122,CSW24_hsp,5,5,22.518000,21.190000,-1.328000,10c TURFEN
2122,CSW24_hsp,6,6,22.398000,20.717000,-1.681000,10f FENT
2122,CSW24_hsp,7,11,21.352000,20.593000,-0.759000,m2 TERF
2122,CSW24_hsp,8,8,22.009000,20.033000,-1.976000,14f FUN
2122,CSW24_hsp,9,7,22.009000,19.907000,-2.102000,10f FUN
2122,CSW24_hsp,10,9,21.376000,19.702000,-1.674000,10f FRET
2122,CSW24_hsp,11,10,21.366000,19.674000,-1.692000,10f FETT
2122,CSW24_hsp,12,12,20.518000,18.987000,-1.531000,10d TURFEN
2122,CSW24_hsp,13,15,20.047000,17.895000,-2.152000,13f NUT
2122,CSW24_hsp,14,16,20.047000,17.842000,-2.205000,13f TUN
2122,CSW24_hsp,15,17,19.927000,17.676000,-2.251000,i6 TURF
2122,CSW24_hsp,16,19,19.229000,17.606000,-1.623000,13f TUNE
2122,CSW24_hsp,17,13,20.402000,17.588000,-2.814000,e8 TURFEN
2122,CSW24_hsp,18,18,19.878000,17.470000,-2.408000,10e TUFT
2122,CSW24_hsp,19,14,20.119000,17.280000,-2.839000,e8 TUFTER
2122,CSW24_hsp,20,21,19.202000,17.014000,-2.188000,e11 TEF
2122,CSW24_hsp,21,20,19.202000,17.011000,-2.191000,e11 FET
2122,CSW24_hsp,22,23,18.778000,16.953000,-1.825000,13f FUR
2122,CSW24_hsp,23,24,18.541000,16.680000,-1.861000,13f FET
2122,CSW24_hsp,24,22,19.202000,16.641000,-2.561000,12k FETT
2122,CSW24_hsp,25,25,17.778000,15.660000,-2.118000,10f FUR
2040,CSW24_hsp,1,1,38.177000,37.769000,-0.408000,12a CARLES
2040,CSW24_hsp,2,2,36.177000,35.552000,-0.625000,11e YAJES
2040,CSW24_hsp,3,3,34.138000,33.747000,-0.391000,12h SIFTED
2040,CSW24_hsp,4,4,32.138000,31.452000,-0.686000,j12 SIF
2040,CSW24_hsp,5,5,31.610000,31.260000,-0.350000,12g AS
2040,CSW24_hsp,6,6,31.284000,30.624000,-0.660000,5j FA
2040,CSW24_hsp,7,7,30.138000,29.557000,-0.581000,13e SIF
2040,CSW24_hsp,8,10,29.413000,28.939000,-0.474000,13d ARFS
2040,CSW24_hsp,9,9,29.462000,28.314000,-1.148000,13e RIFS
2040,CSW24_hsp,10,13,29.177000,28.211000,-0.966000,11j SUP
2040,CSW24_hsp,11,8,29.763000,28.098000,-1.665000,b6 FIN
2040,CSW24_hsp,12,12,29.205000,28.060000,-1.145000,b6 FRA
2040,CSW24_hsp,13,14,28.683000,27.857000,-0.826000,13e RIF
2040,CSW24_hsp,14,16,28.555000,27.834000,-0.721000,13e SNARF
2040,CSW24_hsp,15,11,29.205000,27.727000,-1.478000,b6 FAR
2040,CSW24_hsp,16,17,28.205000,27.428000,-0.777000,13d ARF
2040,CSW24_hsp,17,18,28.177000,27.250000,-0.927000,h7 HERSES
2040,CSW24_hsp,18,15,28.636000,27.221000,-1.415000,b6 FAS
2040,CSW24_hsp,19,20,27.462000,26.707000,-0.755000,o4 FRISK
2040,CSW24_hsp,20,19,27.683000,26.039000,-1.644000,b6 FIR
2040,CSW24_hsp,21,22,27.327000,25.839000,-1.488000,b6 FAN
2040,CSW24_hsp,22,24,26.218000,25.768000,-0.450000,o4 FRANK
2040,CSW24_hsp,23,23,26.515000,25.591000,-0.924000,e9 FOYER
2040,CSW24_hsp,24,25,25.926000,25.501000,-0.425000,o4 FRISKA
2040,CSW24_hsp,25,28,25.555000,25.131000,-0.424000,o4 FRANKS
