pos,model,pat_rank,static_rank,static_eq,pat_eq,pat_adj,move
413,CSW24,1,1,32.353000,20.332000,-12.021000,l1 GRAV
413,CSW24,2,2,20.453000,10.536000,-9.917000,l2 NAV
413,CSW24,3,3,19.285000,9.551000,-9.734000,l2 VAG
413,CSW24,4,4,16.785000,6.889000,-9.896000,l2 RAV
413,CSW24,5,7,14.285000,5.409000,-8.876000,b2 VAG
413,CSW24,6,6,14.453000,4.521000,-9.932000,l2 VAN
413,CSW24,7,5,16.606000,4.256000,-12.350000,l1 GRAN
413,CSW24,8,8,13.353000,3.256000,-10.097000,b4 GRAV
413,CSW24,9,9,11.541000,1.475000,-10.066000,l2 NAG
413,CSW24,10,10,9.541000,-0.562000,-10.103000,l2 GAN
413,CSW24,11,11,8.541000,-0.577000,-9.118000,2b GAUN
413,CSW24,12,12,8.486000,-2.094000,-10.580000,b4 GANG
413,CSW24,13,15,7.045000,-2.382000,-9.427000,10d VIG
413,CSW24,14,14,7.453000,-2.385000,-9.838000,4j DIVNA
413,CSW24,15,13,7.453000,-2.528000,-9.981000,4j DIVAN
413,CSW24,16,20,6.453000,-3.253000,-9.706000,b10 VANDA
413,CSW24,17,19,6.536000,-3.437000,-9.973000,4j DING
413,CSW24,18,21,6.285000,-3.618000,-9.903000,10b VAGI
413,CSW24,19,18,6.541000,-3.681000,-10.222000,b2 NAG
413,CSW24,20,22,5.627000,-4.254000,-9.881000,l2 GAG
413,CSW24,21,28,4.229000,-4.490000,-8.719000,2b VAU
413,CSW24,22,23,5.483000,-4.672000,-10.155000,ex GNV
413,CSW24,23,16,6.606000,-4.716000,-11.322000,b4 GNAR
413,CSW24,24,17,6.606000,-4.868000,-11.474000,b4 GRAN
413,CSW24,25,24,5.056000,-5.019000,-10.075000,l2 RAG
115,CSW24,1,1,13.582000,9.189000,-4.393000,9h EINA
115,CSW24,2,2,9.285000,3.217000,-6.068000,m6 AUE
115,CSW24,3,3,9.285000,2.961000,-6.324000,m8 EAU
115,CSW24,4,5,7.582000,0.789000,-6.793000,m8 EINA
115,CSW24,5,4,7.582000,0.423000,-7.159000,m5 AINE
115,CSW24,6,9,5.285000,-1.092000,-6.377000,9k EAU
115,CSW24,7,8,5.292000,-1.570000,-6.862000,m5 AUNE
115,CSW24,8,6,6.450000,-2.445000,-8.895000,k8 FAUNAE
115,CSW24,9,7,6.450000,-2.698000,-9.148000,l8 FAUNAE
115,CSW24,10,21,2.285000,-2.998000,-5.283000,f3 EAUX
115,CSW24,11,18,2.428000,-3.194000,-5.622000,ex AAIU
115,CSW24,12,23,2.119000,-3.503000,-5.622000,ex AAIIU
115,CSW24,13,24,1.981000,-3.641000,-5.622000,ex AIIU
115,CSW24,14,11,4.582000,-3.671000,-8.253000,l8 FAINE
115,CSW24,15,10,4.582000,-3.681000,-8.263000,k8 FAINE
115,CSW24,16,22,2.285000,-4.456000,-6.741000,9f AUE
115,CSW24,17,26,1.084000,-4.538000,-5.622000,ex AIU
115,CSW24,18,27,1.014000,-4.608000,-5.622000,ex AEIIU
115,CSW24,19,28,1.001000,-4.621000,-5.622000,ex AEIU
115,CSW24,20,29,0.854000,-4.768000,-5.622000,ex AAIINU
115,CSW24,21,15,3.292000,-4.799000,-8.091000,l8 FAUNA
115,CSW24,22,12,3.582000,-4.829000,-8.411000,7k EINA
115,CSW24,23,19,2.386000,-4.835000,-7.221000,c3 AIA
115,CSW24,24,16,2.477000,-4.848000,-7.325000,c2 INIA
115,CSW24,25,14,3.292000,-4.911000,-8.203000,k8 FAUNA
25,CSW24,1,1,39.032000,34.656000,-4.376000,5j TOUCH
25,CSW24,2,2,37.561000,33.352000,-4.209000,5j HOUT
25,CSW24,3,3,37.032000,29.248000,-7.784000,5k OUCHT
25,CSW24,4,4,31.781000,27.549000,-4.232000,5j TOUT
25,CSW24,5,5,30.527000,25.979000,-4.548000,5k OUT
25,CSW24,6,6,29.786000,25.549000,-4.237000,5k OUCH
25,CSW24,7,7,29.273000,25.173000,-4.100000,5j HOT
25,CSW24,8,9,27.615000,24.409000,-3.206000,5j HOC
25,CSW24,9,10,27.615000,23.034000,-4.581000,5j TOIT
25,CSW24,10,8,27.786000,23.026000,-4.760000,k2 CHOUX
25,CSW24,11,11,26.395000,22.188000,-4.207000,5k OTIC
25,CSW24,12,12,25.986000,21.775000,-4.211000,k4 TUX
25,CSW24,13,16,23.384000,19.822000,-3.562000,5j TOC
25,CSW24,14,15,23.425000,19.395000,-4.030000,5j HOI
25,CSW24,15,18,22.615000,19.003000,-3.612000,5k OCH
25,CSW24,16,13,24.395000,18.788000,-5.607000,k4 TOXIC
25,CSW24,17,19,22.047000,17.748000,-4.299000,5j TOT
25,CSW24,18,14,23.527000,17.722000,-5.805000,6e OUT
25,CSW24,19,20,21.986000,17.373000,-4.613000,6f UT
25,CSW24,20,17,23.032000,17.231000,-5.801000,6c CHOUT
25,CSW24,21,24,21.395000,17.185000,-4.210000,f6 OPTIC
25,CSW24,22,25,21.084000,17.094000,-3.990000,5j TO
25,CSW24,23,23,21.400000,17.036000,-4.364000,k4 TIX
25,CSW24,24,27,20.998000,16.894000,-4.104000,5j HO
25,CSW24,25,26,21.073000,16.851000,-4.222000,5k OU
213,CSW24,1,1,46.511000,42.073000,-4.438000,15g KABELE
213,CSW24,2,2,44.525000,39.473000,-5.052000,15h KEEF
213,CSW24,3,3,43.648000,37.364000,-6.284000,h1 BALK
213,CSW24,4,5,39.729000,34.340000,-5.389000,15g FAKE
213,CSW24,5,4,39.797000,33.781000,-6.016000,12j KEF
213,CSW24,6,6,38.352000,32.959000,-5.393000,15h BEEF
213,CSW24,7,7,36.167000,30.626000,-5.541000,15g BAKE
213,CSW24,8,8,34.773000,28.449000,-6.324000,b10 KAE
213,CSW24,9,9,33.926000,27.866000,-6.060000,12j KEB
213,CSW24,10,12,32.081000,26.421000,-5.660000,15h LEAF
213,CSW24,11,11,32.081000,26.417000,-5.664000,15h ALEF
213,CSW24,12,10,32.654000,25.787000,-6.867000,6i FE
213,CSW24,13,13,31.797000,25.700000,-6.097000,13i KEF
213,CSW24,14,14,31.004000,25.612000,-5.392000,15h ABELE
213,CSW24,15,15,30.654000,23.905000,-6.749000,k5 FE
213,CSW24,16,18,29.083000,23.309000,-5.774000,15h FEEL
213,CSW24,17,20,29.081000,23.307000,-5.774000,15h FEAL
213,CSW24,18,21,29.081000,23.307000,-5.774000,15h FLEA
213,CSW24,19,19,29.083000,23.295000,-5.788000,15h FLEE
213,CSW24,20,16,29.362000,22.385000,-6.977000,4c BEFLEA
213,CSW24,21,17,29.362000,22.321000,-7.041000,e5 FEELBAD
213,CSW24,22,22,28.797000,22.072000,-6.725000,5j KEEF
213,CSW24,23,23,28.797000,21.888000,-6.909000,5k KEEF
213,CSW24,24,32,27.352000,21.554000,-5.798000,15i FEEB
213,CSW24,25,26,28.190000,21.256000,-6.934000,b10 BEE
169,CSW24,1,1,68.000000,55.815000,-12.185000,g3 VISIONED
169,CSW24,2,2,45.522000,34.901000,-10.621000,15a VISIED
169,CSW24,3,3,41.077000,30.709000,-10.368000,15a VISIE
169,CSW24,4,4,39.103000,28.892000,-10.211000,15a VISED
169,CSW24,5,5,36.175000,26.013000,-10.162000,15a VISE
169,CSW24,6,7,32.555000,22.525000,-10.030000,12c NEVOID
169,CSW24,7,6,33.312000,21.842000,-11.470000,4b COVID
169,CSW24,8,8,32.191000,21.338000,-10.853000,e3 VIDIOT
169,CSW24,9,9,31.545000,21.044000,-10.501000,15a VIS
169,CSW24,10,10,30.818000,21.041000,-9.777000,c1 VID
169,CSW24,11,12,29.329000,19.600000,-9.729000,c1 VIE
169,CSW24,12,11,29.566000,18.975000,-10.591000,f6 VIE
169,CSW24,13,14,29.312000,18.883000,-10.429000,e4 DIVOT
169,CSW24,14,13,29.312000,18.150000,-11.162000,3b OVOID
169,CSW24,15,16,28.566000,17.955000,-10.611000,d6 VIA
169,CSW24,16,19,27.788000,17.253000,-10.535000,14b DOVIE
169,CSW24,17,18,28.312000,17.177000,-11.135000,f4 DOVIE
169,CSW24,18,17,28.545000,16.943000,-11.602000,4b CIVIE
169,CSW24,19,21,26.719000,16.896000,-9.823000,c2 IO
169,CSW24,20,22,26.719000,16.684000,-10.035000,c2 OI
169,CSW24,21,28,25.719000,16.010000,-9.709000,d12 OI
169,CSW24,22,15,29.312000,15.885000,-13.427000,14a OVOID
169,CSW24,23,20,27.329000,15.810000,-11.519000,4b CIVE
169,CSW24,24,24,26.178000,15.562000,-10.616000,g6 VINO
169,CSW24,25,26,25.990000,15.488000,-10.502000,d4 OIDIA
709,CSW24,1,1,14.575000,7.059000,-7.516000,e8 UNKEND
709,CSW24,2,4,5.399000,0.728000,-4.671000,ex KNNN
709,CSW24,3,6,4.047000,-0.624000,-4.671000,ex NNN
709,CSW24,4,7,3.980000,-0.691000,-4.671000,ex KNNNN
709,CSW24,5,8,3.034000,-1.637000,-4.671000,ex NNNN
709,CSW24,6,5,5.064000,-1.810000,-6.874000,f6 KNEED
709,CSW24,7,2,5.575000,-1.933000,-7.508000,f4 KENNED
709,CSW24,8,9,2.730000,-1.941000,-4.671000,ex DNNN
709,CSW24,9,3,5.575000,-1.969000,-7.544000,f7 KENNED
709,CSW24,10,10,2.187000,-2.484000,-4.671000,ex DNNNN
709,CSW24,11,11,2.119000,-2.552000,-4.671000,ex DKNNN
709,CSW24,12,15,0.424000,-2.947000,-3.371000,7f NEK
709,CSW24,13,14,0.854000,-3.817000,-4.671000,ex DKNNNN
709,CSW24,14,16,0.362000,-4.309000,-4.671000,ex DENNNN
709,CSW24,15,17,0.082000,-4.589000,-4.671000,ex EKNNNN
709,CSW24,16,18,0.000000,-4.671000,-4.671000,ex DEKNNNN
709,CSW24,17,19,-0.109000,-4.780000,-4.671000,ex DEKNNN
709,CSW24,18,20,-0.209000,-4.880000,-4.671000,ex DENNN
709,CSW24,19,21,-0.473000,-5.144000,-4.671000,ex EKNNN
709,CSW24,20,12,1.064000,-5.554000,-6.618000,e7 NUKED
709,CSW24,21,13,1.064000,-5.707000,-6.771000,e8 UNKED
709,CSW24,22,23,-1.536000,-6.207000,-4.671000,ex ENNNN
709,CSW24,23,26,-2.616000,-6.298000,-3.682000,7f DEN
709,CSW24,24,22,-0.836000,-6.596000,-5.760000,e7 NUN
709,CSW24,25,24,-2.407000,-7.078000,-4.671000,ex ENNN
558,CSW24,1,1,29.590000,22.853000,-6.737000,8k DEBAG
558,CSW24,2,2,27.830000,20.957000,-6.873000,c9 QIBLA
558,CSW24,3,4,24.792000,18.386000,-6.406000,l4 BANIA
558,CSW24,4,10,21.743000,15.797000,-5.946000,j2 ABLAZE
558,CSW24,5,5,22.841000,15.311000,-7.530000,m3 BAGGIE
558,CSW24,6,9,21.824000,15.225000,-6.599000,14l YAG
558,CSW24,7,3,24.797000,15.032000,-9.765000,14l YAGI
558,CSW24,8,11,21.316000,14.957000,-6.359000,j4 GAZE
558,CSW24,9,12,20.797000,14.440000,-6.357000,l3 AGIN
558,CSW24,10,13,20.797000,14.411000,-6.386000,l3 GAIN
558,CSW24,11,14,20.656000,14.214000,-6.442000,l4 BANI
558,CSW24,12,8,21.841000,14.114000,-7.727000,14a BIGAE
558,CSW24,13,16,19.590000,12.628000,-6.962000,l2 BEGAN
558,CSW24,14,20,18.598000,12.406000,-6.192000,b6 BI
558,CSW24,15,19,18.641000,12.396000,-6.245000,j3 AGAZE
558,CSW24,16,21,18.406000,11.913000,-6.493000,j3 BLAZE
558,CSW24,17,23,17.824000,11.539000,-6.285000,l4 GAN
558,CSW24,18,22,18.359000,11.522000,-6.837000,5a WILGA
558,CSW24,19,25,17.624000,11.171000,-6.453000,j3 GLAZE
558,CSW24,20,24,17.729000,11.012000,-6.717000,l2 AGAIN
558,CSW24,21,18,18.740000,10.969000,-7.771000,14a BIGA
558,CSW24,22,7,21.841000,10.894000,-10.947000,b1 BIGAE
558,CSW24,23,6,21.841000,10.881000,-10.960000,b1 BAGIE
558,CSW24,24,28,16.928000,10.736000,-6.192000,b6 BE
558,CSW24,25,27,17.101000,10.716000,-6.385000,l4 BAN
600,CSW24,1,1,44.193000,43.176000,-1.017000,5a KUVASZ
600,CSW24,2,2,36.964000,35.122000,-1.842000,c3 KAT
600,CSW24,3,3,32.203000,30.664000,-1.539000,k7 KAVAS
600,CSW24,4,5,31.585000,30.242000,-1.343000,a1 DAK
600,CSW24,5,4,32.046000,30.112000,-1.934000,n1 VAST
600,CSW24,6,7,30.358000,29.470000,-0.888000,a1 SAZ
600,CSW24,7,6,31.031000,29.321000,-1.710000,a1 VAT
600,CSW24,8,10,29.722000,27.679000,-2.043000,c3 SAV
600,CSW24,9,8,30.057000,27.176000,-2.881000,m7 DIV
600,CSW24,10,9,30.057000,27.156000,-2.901000,m7 VID
600,CSW24,11,12,27.964000,26.512000,-1.452000,a1 TAK
600,CSW24,12,13,27.858000,25.661000,-2.197000,n2 TSK
600,CSW24,13,11,28.398000,25.557000,-2.841000,m5 DAVIT
600,CSW24,14,14,27.625000,24.989000,-2.636000,m7 KIVA
600,CSW24,15,15,26.763000,24.452000,-2.311000,c3 KA
600,CSW24,16,16,26.219000,24.346000,-1.873000,4l ADZ
600,CSW24,17,18,25.123000,23.119000,-2.004000,5d ADZ
600,CSW24,18,17,25.556000,23.062000,-2.494000,n1 TASK
600,CSW24,19,20,24.900000,22.461000,-2.439000,3b OVA
600,CSW24,20,23,24.722000,22.403000,-2.319000,n1 VAS
600,CSW24,21,28,23.964000,22.321000,-1.643000,a1 KAT
600,CSW24,22,19,25.031000,22.173000,-2.858000,n6 VANT
600,CSW24,23,21,24.877000,21.964000,-2.913000,m6 AVID
600,CSW24,24,25,24.219000,21.955000,-2.264000,2l ADZ
600,CSW24,25,22,24.877000,21.920000,-2.957000,m7 DIVA
747,CSW24,1,1,34.667000,27.741000,-6.926000,10h LIMN
747,CSW24,2,3,29.264000,23.144000,-6.120000,14i NEMN
747,CSW24,3,2,30.023000,23.016000,-7.007000,10h NIM
747,CSW24,4,4,28.204000,21.845000,-6.359000,5a URENT
747,CSW24,5,5,28.197000,20.979000,-7.218000,10h MIL
747,CSW24,6,7,26.721000,20.260000,-6.461000,5c ERM
747,CSW24,7,6,26.863000,19.904000,-6.959000,e7 LION
747,CSW24,8,8,26.163000,19.444000,-6.719000,k9 REMNANT
747,CSW24,9,10,25.927000,19.340000,-6.587000,10g SLIM
747,CSW24,10,9,26.050000,18.970000,-7.080000,l12 QIN
747,CSW24,11,13,25.721000,18.663000,-7.058000,10h RIM
747,CSW24,12,11,25.863000,18.622000,-7.241000,10h LIN
747,CSW24,13,12,25.863000,18.535000,-7.328000,10h NIL
747,CSW24,14,14,25.485000,18.358000,-7.127000,10h MILT
747,CSW24,15,17,24.414000,17.624000,-6.790000,f12 LECH
747,CSW24,16,16,24.457000,17.432000,-7.025000,10h MINT
747,CSW24,17,15,24.531000,17.367000,-7.164000,10h LINT
747,CSW24,18,19,23.797000,17.131000,-6.666000,10h LIMNER
747,CSW24,19,18,24.045000,16.985000,-7.060000,10h LIMEN
747,CSW24,20,24,22.534000,16.812000,-5.722000,n12 MEER
747,CSW24,21,20,23.462000,16.754000,-6.708000,f12 MECH
747,CSW24,22,21,23.018000,16.441000,-6.577000,10g MEINT
747,CSW24,23,28,22.244000,16.057000,-6.187000,1e SMELT
747,CSW24,24,23,22.584000,15.956000,-6.628000,5c ERN
747,CSW24,25,25,22.462000,15.953000,-6.509000,k11 MNA
938,CSW24,1,1,66.000000,64.440000,-1.560000,o5 FRANKERS
938,CSW24,2,2,48.439000,44.433000,-4.006000,5g FAKER
938,CSW24,3,3,48.439000,44.386000,-4.053000,5g FREAK
938,CSW24,4,4,40.869000,36.547000,-4.322000,5g FAKERS
938,CSW24,5,5,40.869000,36.533000,-4.336000,5g FREAKS
938,CSW24,6,6,39.869000,36.490000,-3.379000,j2 FREAKS
938,CSW24,7,7,39.021000,34.687000,-4.334000,5g FARER
938,CSW24,8,9,37.879000,33.891000,-3.988000,5g FRA
938,CSW24,9,8,37.879000,33.858000,-4.021000,5g FAR
938,CSW24,10,10,36.879000,32.780000,-4.099000,k12 FAR
938,CSW24,11,13,36.282000,32.379000,-3.903000,n6 FRO
938,CSW24,12,15,35.879000,32.355000,-3.524000,7b ARF
938,CSW24,13,14,36.040000,32.299000,-3.741000,k12 KAF
938,CSW24,14,12,36.282000,32.275000,-4.007000,b2 FRuG
938,CSW24,15,11,36.474000,31.704000,-4.770000,7a KERF
938,CSW24,16,16,34.608000,31.105000,-3.503000,g5 FLOX
938,CSW24,17,17,34.040000,30.520000,-3.520000,7b KAF
938,CSW24,18,20,33.618000,30.209000,-3.409000,n6 FROS
938,CSW24,19,18,34.019000,30.003000,-4.016000,5g FER
938,CSW24,20,23,32.608000,29.173000,-3.435000,c3 FOO
938,CSW24,21,27,32.019000,28.880000,-3.139000,7b REF
938,CSW24,22,29,31.608000,28.683000,-2.925000,d4 DOWF
938,CSW24,23,26,32.019000,28.628000,-3.391000,7b ERF
938,CSW24,24,28,31.869000,28.197000,-3.672000,j2 FAKERS
938,CSW24,25,22,32.664000,28.034000,-4.630000,n5 AFROS
817,CSW24,1,1,45.040000,38.334000,-6.706000,1m JOW
817,CSW24,2,2,41.113000,34.344000,-6.769000,1m JAW
817,CSW24,3,3,39.876000,27.632000,-12.244000,n1 OWER
817,CSW24,4,8,34.467000,27.411000,-7.056000,1m JAI
817,CSW24,5,5,37.040000,27.038000,-10.002000,n1 OW
817,CSW24,6,4,37.596000,26.743000,-10.853000,n1 OWE
817,CSW24,7,6,36.449000,25.959000,-10.490000,n2 FERIA
817,CSW24,8,7,35.055000,25.229000,-9.826000,n1 AWE
817,CSW24,9,9,33.113000,24.160000,-8.953000,n1 AW
817,CSW24,10,10,32.747000,22.753000,-9.994000,n1 OF
817,CSW24,11,11,30.876000,21.802000,-9.074000,n2 WERO
817,CSW24,12,12,26.939000,19.716000,-7.223000,1m JOE
817,CSW24,13,13,25.981000,19.149000,-6.832000,1m JOR
817,CSW24,14,14,25.407000,17.757000,-7.650000,2j WATER
817,CSW24,15,16,23.263000,16.369000,-6.894000,1m JAR
817,CSW24,16,15,23.899000,15.009000,-8.890000,j7 AVOW
817,CSW24,17,18,22.290000,15.001000,-7.289000,n2 WE
817,CSW24,18,17,23.040000,14.652000,-8.388000,j8 VOW
817,CSW24,19,19,21.772000,14.414000,-7.358000,n2 FER
817,CSW24,20,21,21.040000,13.476000,-7.564000,6l DOW
817,CSW24,21,25,20.078000,12.716000,-7.362000,6j WADI
817,CSW24,22,24,20.166000,12.531000,-7.635000,6j FIDO
817,CSW24,23,22,20.780000,12.461000,-8.319000,6g WAIFED
817,CSW24,24,34,18.611000,12.222000,-6.389000,n2 FE
817,CSW24,25,23,20.702000,12.119000,-8.583000,2i WAFTER
75,CSW24,1,1,30.683000,25.963000,-4.720000,c11 WOVEN
75,CSW24,2,2,23.356000,18.506000,-4.850000,c11 WOVE
75,CSW24,3,3,22.401000,16.892000,-5.509000,j1 VOW
75,CSW24,4,4,22.174000,16.625000,-5.549000,9i WONT
75,CSW24,5,5,21.327000,16.353000,-4.974000,c11 WIVE
75,CSW24,6,6,21.174000,15.399000,-5.775000,j1 NOW
75,CSW24,7,8,20.174000,14.944000,-5.230000,c11 WON
75,CSW24,8,7,20.189000,14.583000,-5.606000,e3 INNOVATE
75,CSW24,9,10,19.174000,13.785000,-5.389000,14i WON
75,CSW24,10,9,19.174000,13.768000,-5.406000,14i NOW
75,CSW24,11,11,19.001000,13.583000,-5.418000,c11 WINO
75,CSW24,12,13,18.174000,12.919000,-5.255000,f5 NOWL
75,CSW24,13,12,18.174000,12.407000,-5.767000,j1 WON
75,CSW24,14,14,17.464000,12.211000,-5.253000,e5 NOVATE
75,CSW24,15,15,17.421000,12.056000,-5.365000,c11 WINN
75,CSW24,16,16,17.174000,11.882000,-5.292000,c11 NOW
75,CSW24,17,17,17.174000,11.508000,-5.666000,14j OWN
75,CSW24,18,19,16.974000,11.431000,-5.543000,14i NOWN
75,CSW24,19,20,16.625000,11.378000,-5.247000,14h ENOW
75,CSW24,20,21,16.401000,11.358000,-5.043000,j10 VROW
75,CSW24,21,18,17.001000,11.081000,-5.920000,14i WINO
75,CSW24,22,23,15.974000,10.839000,-5.135000,c11 NOWN
75,CSW24,23,22,16.174000,10.782000,-5.392000,14f ANOW
75,CSW24,24,24,15.945000,10.695000,-5.250000,c11 WIN
75,CSW24,25,31,15.122000,10.113000,-5.009000,c11 NEVI
269,CSW24,1,1,40.438000,35.739000,-4.699000,g3 WIEL
269,CSW24,2,2,40.438000,35.385000,-5.053000,g3 WILE
269,CSW24,3,3,36.515000,31.852000,-4.663000,g3 WITE
269,CSW24,4,5,35.444000,30.256000,-5.188000,g3 WIRE
269,CSW24,5,4,35.694000,30.012000,-5.682000,g2 TWIRE
269,CSW24,6,6,32.427000,28.327000,-4.100000,n14 WE
269,CSW24,7,7,31.053000,26.500000,-4.553000,g5 WELT
269,CSW24,8,8,30.020000,24.553000,-5.467000,g2 TWIRL
269,CSW24,9,9,28.427000,23.648000,-4.779000,g5 WE
269,CSW24,10,11,27.931000,22.867000,-5.064000,g3 WIT
269,CSW24,11,13,27.053000,21.684000,-5.369000,12i LEW
269,CSW24,12,19,25.438000,21.384000,-4.054000,7h WIEL
269,CSW24,13,17,25.438000,21.315000,-4.123000,g2 WEIL
269,CSW24,14,18,25.438000,21.315000,-4.123000,7h WEIL
269,CSW24,15,16,25.575000,21.264000,-4.311000,g5 WERT
269,CSW24,16,14,26.694000,21.256000,-5.438000,g2 WRITE
269,CSW24,17,12,27.427000,21.195000,-6.232000,g2 EW
269,CSW24,18,20,25.427000,20.763000,-4.664000,g6 EWT
269,CSW24,19,15,26.053000,20.207000,-5.846000,n2 LEW
269,CSW24,20,10,28.053000,19.608000,-8.445000,g1 LEW
269,CSW24,21,21,24.427000,19.310000,-5.117000,12i WE
269,CSW24,22,27,23.427000,19.246000,-4.181000,7g EW
269,CSW24,23,28,23.427000,18.927000,-4.500000,7h WE
269,CSW24,24,29,23.427000,18.647000,-4.780000,11c WEN
269,CSW24,25,30,23.427000,18.269000,-5.158000,12j EW
305,CSW24,1,1,18.606000,12.340000,-6.266000,j11 NOLL
305,CSW24,2,2,14.353000,8.199000,-6.154000,j11 LOLL
305,CSW24,3,3,11.763000,5.312000,-6.451000,j11 LONG
305,CSW24,4,4,11.159000,3.675000,-7.484000,11h GALLON
305,CSW24,5,5,9.353000,2.466000,-6.887000,13f LOZELL
305,CSW24,6,6,7.606000,0.581000,-7.025000,11g LLANO
305,CSW24,7,7,5.336000,-0.473000,-5.809000,10g NOIL
305,CSW24,8,8,4.608000,-1.500000,-6.108000,j11 NONG
305,CSW24,9,9,4.446000,-1.915000,-6.361000,10h NILL
305,CSW24,10,10,2.533000,-3.480000,-6.013000,8a GONEF
305,CSW24,11,11,2.445000,-4.324000,-6.769000,11h LALL
305,CSW24,12,12,2.336000,-4.524000,-6.860000,13f LOZEN
305,CSW24,13,14,0.445000,-5.868000,-6.313000,10h LILL
305,CSW24,14,13,0.445000,-5.987000,-6.432000,7h LOLL
305,CSW24,15,15,0.000000,-6.200000,-6.200000,ex GLLLNNO
305,CSW24,16,16,-0.109000,-6.309000,-6.200000,ex GLLLNO
305,CSW24,17,19,-0.306000,-6.506000,-6.200000,ex LLLNO
305,CSW24,18,21,-0.839000,-7.039000,-6.200000,ex LLLN
305,CSW24,19,22,-0.896000,-7.096000,-6.200000,ex GLLNNO
305,CSW24,20,23,-1.248000,-7.448000,-6.200000,ex GLLLN
305,CSW24,21,25,-1.554000,-7.754000,-6.200000,ex LLN
305,CSW24,22,18,-0.237000,-7.769000,-7.532000,11i ANGLO
305,CSW24,23,17,-0.237000,-7.776000,-7.539000,11i ALONG
305,CSW24,24,20,-0.762000,-7.788000,-7.026000,11h LANG
305,CSW24,25,24,-1.480000,-7.936000,-6.456000,11h GALL
651,CSW24,1,1,45.273000,39.970000,-5.303000,o8 ZEP
651,CSW24,2,2,44.278000,34.360000,-9.918000,13l PHIZ
651,CSW24,3,3,40.385000,34.265000,-6.120000,o8 ZED
651,CSW24,4,4,37.909000,30.552000,-7.357000,h6 PHON
651,CSW24,5,5,36.847000,30.060000,-6.787000,h6 DZO
651,CSW24,6,10,35.191000,28.556000,-6.635000,h6 PHO
651,CSW24,7,7,35.863000,27.939000,-7.924000,o8 DERP
651,CSW24,8,8,35.832000,27.866000,-7.966000,o7 HEND
651,CSW24,9,9,35.591000,27.568000,-8.023000,l10 PREZ
651,CSW24,10,15,33.942000,27.521000,-6.421000,8m FEZ
651,CSW24,11,13,33.970000,27.386000,-6.584000,c2 ZIN
651,CSW24,12,6,36.262000,26.534000,-9.728000,h6 PHONED
651,CSW24,13,18,33.396000,26.441000,-6.955000,o8 PEH
651,CSW24,14,12,33.994000,26.016000,-7.978000,o7 HERD
651,CSW24,15,16,33.863000,25.871000,-7.992000,o7 DERP
651,CSW24,16,17,33.805000,25.849000,-7.956000,o7 PEND
651,CSW24,17,19,32.396000,25.404000,-6.992000,o8 HEP
651,CSW24,18,11,34.494000,24.730000,-9.764000,h6 PHONER
651,CSW24,19,14,33.952000,24.681000,-9.271000,13m ZIP
651,CSW24,20,20,31.880000,23.827000,-8.053000,o8 HERN
651,CSW24,21,22,31.353000,23.385000,-7.968000,o8 PERN
651,CSW24,22,24,30.490000,23.360000,-7.130000,c2 HIND
651,CSW24,23,25,30.337000,23.127000,-7.210000,h6 PROD
651,CSW24,24,21,31.465000,23.047000,-8.418000,h6 PHONE
651,CSW24,25,26,29.962000,23.001000,-6.961000,o8 EDH
676,CSW24,1,1,43.672000,34.317000,-9.355000,o5 CALEFY
676,CSW24,2,2,40.400000,32.673000,-7.727000,11k AFF
676,CSW24,3,3,40.167000,31.269000,-8.898000,o7 CHAYA
676,CSW24,4,4,39.816000,30.468000,-9.348000,o5 LEACHY
676,CSW24,5,8,38.926000,29.921000,-9.005000,o7 CHAY
676,CSW24,6,7,38.926000,29.870000,-9.056000,o7 ACHY
676,CSW24,7,6,39.178000,29.733000,-9.445000,o7 FLAY
676,CSW24,8,5,39.351000,29.685000,-9.666000,o6 LEAFY
676,CSW24,9,9,38.400000,29.021000,-9.379000,o8 FAY
676,CSW24,10,11,35.400000,25.838000,-9.562000,m13 FAS
676,CSW24,11,12,34.681000,25.541000,-9.140000,o8 CHYLE
676,CSW24,12,14,33.053000,25.362000,-7.691000,11k EFF
676,CSW24,13,10,36.926000,24.399000,-12.527000,14l TACH
676,CSW24,14,13,33.795000,24.108000,-9.687000,o8 HAYLE
676,CSW24,15,20,31.145000,23.104000,-8.041000,11i HAAF
676,CSW24,16,15,32.466000,23.095000,-9.371000,13i FACIAL
676,CSW24,17,16,32.031000,22.556000,-9.475000,o7 FLEY
676,CSW24,18,17,31.672000,22.478000,-9.194000,13i FACILE
676,CSW24,19,18,31.672000,22.288000,-9.384000,13i FECIAL
676,CSW24,20,19,31.364000,21.670000,-9.694000,14j HAT
676,CSW24,21,21,31.053000,21.606000,-9.447000,o8 FEY
676,CSW24,22,23,30.466000,21.168000,-9.298000,13i CAFILA
676,CSW24,23,22,30.675000,20.980000,-9.695000,14j HATE
676,CSW24,24,24,29.953000,20.528000,-9.425000,o8 FLY
676,CSW24,25,25,29.623000,19.925000,-9.698000,13i FACIA
643,CSW24,1,1,39.191000,32.787000,-6.404000,11d LOOSIE
643,CSW24,2,2,35.640000,31.557000,-4.083000,7l OLEO
643,CSW24,3,4,31.311000,26.330000,-4.981000,7l OO
643,CSW24,4,5,31.108000,26.151000,-4.957000,7l OSE
643,CSW24,5,6,30.717000,25.639000,-5.078000,7l OLE
643,CSW24,6,3,31.640000,25.083000,-6.557000,k3 OLEO
643,CSW24,7,7,29.854000,23.844000,-6.010000,11d LOOSIES
643,CSW24,8,8,29.311000,23.385000,-5.926000,k5 OO
643,CSW24,9,9,28.185000,22.541000,-5.644000,6j JOE
643,CSW24,10,10,28.185000,21.991000,-6.194000,l7 EXO
643,CSW24,11,12,26.606000,21.497000,-5.109000,10g GOOSE
643,CSW24,12,14,26.185000,20.866000,-5.319000,7m OE
643,CSW24,13,11,26.778000,20.859000,-5.919000,k4 LOO
643,CSW24,14,15,26.185000,20.356000,-5.829000,9m OE
643,CSW24,15,13,26.311000,20.145000,-6.166000,l7 OXO
643,CSW24,16,16,26.108000,19.458000,-6.650000,i9 WOOSE
643,CSW24,17,29,24.185000,19.014000,-5.171000,7n OE
643,CSW24,18,17,26.096000,18.949000,-7.147000,13f OOSE
643,CSW24,19,20,24.894000,18.636000,-6.258000,k3 SOLO
643,CSW24,20,41,22.778000,18.448000,-4.330000,7m LOO
643,CSW24,21,32,24.108000,18.361000,-5.747000,6j JOES
643,CSW24,22,31,24.108000,18.339000,-5.769000,6i SJOE
643,CSW24,23,22,24.311000,18.326000,-5.985000,7m OO
643,CSW24,24,35,23.717000,18.164000,-5.553000,6j JOLE
643,CSW24,25,21,24.640000,18.021000,-6.619000,e5 LOOIE
384,CSW24,1,1,69.793000,67.643000,-2.150000,m2 JA
384,CSW24,2,2,67.874000,65.810000,-2.064000,j2 JAWS
384,CSW24,3,3,67.630000,64.692000,-2.938000,j2 JARL
384,CSW24,4,4,65.422000,62.299000,-3.123000,j2 JAW
384,CSW24,5,5,59.078000,56.207000,-2.871000,j2 JARS
384,CSW24,6,6,58.844000,55.018000,-3.826000,j2 JAR
384,CSW24,7,7,54.474000,52.303000,-2.171000,j2 JoWL
384,CSW24,8,8,53.917000,49.498000,-4.419000,g5 WILGA
384,CSW24,9,9,53.874000,48.947000,-4.927000,7b JAWS
384,CSW24,10,10,51.793000,48.027000,-3.766000,13i JA
384,CSW24,11,12,49.763000,47.208000,-2.555000,b12 RoJI
384,CSW24,12,13,48.541000,44.137000,-4.404000,9d JAR
384,CSW24,13,25,46.018000,43.679000,-2.339000,j2 JAWs
384,CSW24,14,24,46.036000,43.530000,-2.506000,m2 Ja
384,CSW24,15,15,47.952000,43.411000,-4.541000,2l AJAR
384,CSW24,16,23,46.242000,43.045000,-3.197000,j2 JoW
384,CSW24,17,22,46.242000,43.027000,-3.215000,j2 JaW
384,CSW24,18,21,46.734000,43.021000,-3.713000,13i WAS
384,CSW24,19,14,48.078000,42.902000,-5.176000,7b JARS
384,CSW24,20,20,46.905000,42.838000,-4.067000,j6 WOO
384,CSW24,21,11,49.996000,42.559000,-7.437000,7a JARLS
384,CSW24,22,17,46.996000,42.508000,-4.488000,j1 JARLS
384,CSW24,23,19,46.917000,42.313000,-4.604000,j3 AWL
384,CSW24,24,16,47.630000,42.118000,-5.512000,j1 JARL
384,CSW24,25,27,45.952000,41.621000,-4.331000,9d JA
504,CSW24,1,1,49.444000,50.054000,0.610000,9c PIG
504,CSW24,2,2,48.244000,49.897000,1.653000,f4 PICE
504,CSW24,3,3,48.096000,49.014000,0.918000,9c CIG
504,CSW24,4,4,47.627000,48.065000,0.438000,i3 GI
504,CSW24,5,5,47.076000,47.814000,0.738000,9c PIC
504,CSW24,6,6,46.627000,46.810000,0.183000,n3 GI
504,CSW24,7,7,46.244000,46.773000,0.529000,9b EPIC
504,CSW24,8,10,44.407000,45.308000,0.901000,f5 ICE
504,CSW24,9,11,44.394000,45.014000,0.620000,f5 GIE
504,CSW24,10,9,44.627000,44.723000,0.096000,n9 IGG
504,CSW24,11,8,44.627000,44.367000,-0.260000,9c GI
504,CSW24,12,14,43.394000,43.991000,0.597000,14f GIE
504,CSW24,13,19,42.558000,43.698000,1.140000,f6 PEG
504,CSW24,14,13,43.627000,43.683000,0.056000,12l TIG
504,CSW24,15,12,43.627000,43.553000,-0.074000,d8 GIT
504,CSW24,16,15,42.800000,43.541000,0.741000,i3 PI
504,CSW24,17,16,42.627000,42.752000,0.125000,o1 DIG
504,CSW24,18,17,42.627000,42.434000,-0.193000,2g GI
504,CSW24,19,18,42.627000,42.421000,-0.206000,n10 GIG
504,CSW24,20,21,41.244000,42.140000,0.896000,14e PICE
504,CSW24,21,20,41.627000,41.439000,-0.188000,h1 SIG
504,CSW24,22,22,40.459000,41.211000,0.752000,14f PIE
504,CSW24,23,25,39.558000,40.270000,0.712000,9c PEG
504,CSW24,24,28,38.970000,40.206000,1.236000,f6 CEP
504,CSW24,25,29,38.970000,40.187000,1.217000,f6 PEC
308,CSW24,1,1,27.851000,16.651000,-11.200000,5c WOW
308,CSW24,2,2,22.851000,11.660000,-11.191000,3c WOW
308,CSW24,3,3,20.851000,8.651000,-12.200000,b12 WOW
308,CSW24,4,4,16.909000,5.830000,-11.079000,5c COW
308,CSW24,5,5,15.253000,3.911000,-11.342000,5c MOW
308,CSW24,6,6,12.277000,1.682000,-10.595000,6j WO
308,CSW24,7,7,11.909000,0.974000,-10.935000,3c COW
308,CSW24,8,8,10.459000,-0.510000,-10.969000,3c CUM
308,CSW24,9,11,9.971000,-1.056000,-11.027000,e3 WOW
308,CSW24,10,9,10.253000,-1.068000,-11.321000,3c MOW
308,CSW24,11,10,10.199000,-1.657000,-11.856000,b12 CWM
308,CSW24,12,12,9.277000,-2.116000,-11.393000,5d OW
308,CSW24,13,18,6.587000,-2.117000,-8.704000,15e EMIC
308,CSW24,14,15,8.080000,-2.526000,-10.606000,6j MU
308,CSW24,15,14,8.459000,-3.502000,-11.961000,b12 CUM
308,CSW24,16,13,8.909000,-3.617000,-12.526000,b12 COW
308,CSW24,17,16,7.851000,-4.272000,-12.123000,d3 WHOW
308,CSW24,18,17,6.705000,-4.984000,-11.689000,3b MICO
308,CSW24,19,21,4.843000,-6.168000,-11.011000,d1 WICH
308,CSW24,20,19,5.080000,-6.203000,-11.283000,5d MU
308,CSW24,21,20,4.851000,-6.579000,-11.430000,1e WOWS
308,CSW24,22,22,4.277000,-6.717000,-10.994000,d14 OW
308,CSW24,23,23,3.587000,-8.546000,-12.133000,3b MIC
308,CSW24,24,25,2.088000,-9.528000,-11.616000,5c MOU
308,CSW24,25,26,1.459000,-9.665000,-11.124000,d1 MUCH
738,CSW24,1,1,38.402000,32.996000,-5.406000,1j FAVOUR
738,CSW24,2,2,30.181000,23.370000,-6.811000,5j FANO
738,CSW24,3,3,30.181000,23.167000,-7.014000,12f OAF
738,CSW24,4,4,28.998000,22.052000,-6.946000,12g OF
738,CSW24,5,8,27.511000,22.008000,-5.503000,1g OUTRAVE
738,CSW24,6,6,28.688000,21.114000,-7.574000,b12 UFO
738,CSW24,7,7,28.297000,21.028000,-7.269000,3i FUERO
738,CSW24,8,10,27.214000,20.332000,-6.882000,5j FAN
738,CSW24,9,11,25.078000,19.983000,-5.095000,1l VATU
738,CSW24,10,12,25.078000,19.967000,-5.111000,1l VAUT
738,CSW24,11,5,28.774000,19.760000,-9.014000,2j FOOTRA
738,CSW24,12,13,24.816000,19.461000,-5.355000,1j OUVERT
738,CSW24,13,9,27.400000,18.431000,-8.969000,2j FOOTER
738,CSW24,14,21,22.467000,17.519000,-4.948000,1e AFORE
738,CSW24,15,14,24.778000,17.286000,-7.492000,3h FOUTRA
738,CSW24,16,15,24.688000,17.175000,-7.513000,n8 FOU
738,CSW24,17,16,24.310000,16.978000,-7.332000,3i FAURER
738,CSW24,18,17,24.064000,16.601000,-7.463000,b12 AUF
738,CSW24,19,29,21.571000,16.464000,-5.107000,1l VROU
738,CSW24,20,18,23.466000,16.115000,-7.351000,h10 GIAOUR
738,CSW24,21,32,21.075000,16.028000,-5.047000,1e AFRO
738,CSW24,22,19,23.064000,15.614000,-7.450000,n8 AUF
738,CSW24,23,37,20.400000,15.509000,-4.891000,1e OFTER
738,CSW24,24,23,22.259000,15.266000,-6.993000,12g EF
738,CSW24,25,20,22.688000,15.265000,-7.423000,3i FOUR
528,CSW24,1,1,37.318000,32.416000,-4.902000,c9 FUN
528,CSW24,2,2,31.318000,26.639000,-4.679000,m13 UFO
528,CSW24,3,4,28.318000,23.747000,-4.571000,g3 FOUS
528,CSW24,4,3,28.318000,23.509000,-4.809000,g2 UFO
528,CSW24,5,5,24.895000,20.003000,-4.892000,k10 FONT
528,CSW24,6,6,24.525000,19.927000,-4.598000,k10 FON
528,CSW24,7,7,21.831000,17.302000,-4.529000,7i UVEA
528,CSW24,8,8,21.396000,16.241000,-5.155000,o12 FUR
528,CSW24,9,9,19.525000,14.898000,-4.627000,g3 FOOS
528,CSW24,10,10,18.662000,14.176000,-4.486000,c9 TUN
528,CSW24,11,11,18.525000,13.961000,-4.564000,7k OAF
528,CSW24,12,12,18.006000,13.748000,-4.258000,7h VOR
528,CSW24,13,13,17.585000,13.331000,-4.254000,10j VOE
528,CSW24,14,14,17.492000,12.955000,-4.537000,9d EFT
528,CSW24,15,17,17.101000,12.843000,-4.258000,7h VET
528,CSW24,16,15,17.439000,12.608000,-4.831000,j2 FOVEATE
528,CSW24,17,16,17.196000,12.252000,-4.944000,k10 FONE
528,CSW24,18,20,16.318000,11.955000,-4.363000,e13 FUr
528,CSW24,19,19,16.398000,11.576000,-4.822000,j2 FOVEA
528,CSW24,20,18,16.909000,11.486000,-5.423000,o12 FOR
528,CSW24,21,22,15.507000,11.224000,-4.283000,7h REV
528,CSW24,22,24,15.492000,11.103000,-4.389000,12n EF
528,CSW24,23,23,15.492000,10.987000,-4.505000,9c FE
528,CSW24,24,25,15.328000,10.409000,-4.919000,o12 FET
528,CSW24,25,26,14.591000,10.139000,-4.452000,2d VUG
484,CSW24,1,1,27.221000,18.415000,-8.806000,j8 ROJAK
484,CSW24,2,3,23.135000,15.925000,-7.210000,7c JAKE
484,CSW24,3,5,22.310000,15.545000,-6.765000,9c JOG
484,CSW24,4,2,24.779000,15.505000,-9.274000,f4 JOKOL
484,CSW24,5,6,22.003000,13.922000,-8.081000,f6 JOLE
484,CSW24,6,13,18.864000,13.493000,-5.371000,7g AGO
484,CSW24,7,8,20.447000,12.857000,-7.590000,j6 JOR
484,CSW24,8,10,19.291000,12.843000,-6.448000,7h GOOK
484,CSW24,9,7,20.447000,12.828000,-7.619000,f6 JOL
484,CSW24,10,16,18.007000,12.539000,-5.468000,7g EGO
484,CSW24,11,14,18.082000,12.253000,-5.829000,7h GOO
484,CSW24,12,12,18.881000,11.779000,-7.102000,7c JAK
484,CSW24,13,17,18.003000,11.652000,-6.351000,9c JOE
484,CSW24,14,9,20.135000,11.210000,-8.925000,j4 JOKER
484,CSW24,15,11,18.881000,11.173000,-7.708000,j6 JARK
484,CSW24,16,23,16.864000,10.980000,-5.884000,7h GOA
484,CSW24,17,15,18.082000,10.811000,-7.271000,9e GOO
484,CSW24,18,28,16.007000,10.434000,-5.573000,7h GOE
484,CSW24,19,19,17.752000,10.347000,-7.405000,e5 JAGA
484,CSW24,20,27,16.007000,10.220000,-5.787000,7h GEO
484,CSW24,21,24,16.864000,9.811000,-7.053000,9e GOA
484,CSW24,22,4,22.565000,9.528000,-13.037000,9a GAJO
484,CSW24,23,32,15.235000,9.102000,-6.133000,7h KOA
484,CSW24,24,26,16.775000,9.024000,-7.751000,j6 JERK
484,CSW24,25,40,14.744000,8.944000,-5.800000,7g AGE
627,CSW24,1,1,37.512000,36.726000,-0.786000,d11 VUGHY
627,CSW24,2,2,24.086000,22.832000,-1.254000,c3 TAUGHT
627,CSW24,3,3,22.086000,21.080000,-1.006000,d4 HAUGHT
627,CSW24,4,4,21.561000,19.803000,-1.758000,d4 HAUGH
627,CSW24,5,5,19.503000,17.455000,-2.048000,d11 VUGH
627,CSW24,6,7,18.539000,16.798000,-1.741000,d4 AHIGH
627,CSW24,7,6,19.022000,16.680000,-2.342000,f3 AGUIZE
627,CSW24,8,8,18.512000,16.316000,-2.196000,h1 VUGHY
627,CSW24,9,9,16.885000,15.206000,-1.679000,d4 THIGH
627,CSW24,10,10,16.851000,14.091000,-2.760000,f4 GAUZE
627,CSW24,11,14,15.645000,13.825000,-1.820000,g13 GHI
627,CSW24,12,15,15.176000,13.283000,-1.893000,c10 YAUTIA
627,CSW24,13,16,14.957000,13.018000,-1.939000,d4 HAITH
627,CSW24,14,17,14.851000,12.414000,-2.437000,g13 GAU
627,CSW24,15,19,14.145000,12.233000,-1.912000,13f THUYA
627,CSW24,16,18,14.237000,12.211000,-2.026000,2j HA
627,CSW24,17,22,13.663000,11.118000,-2.545000,g13 YA
627,CSW24,18,20,14.110000,11.074000,-3.036000,c11 AGUTI
627,CSW24,19,21,14.033000,11.067000,-2.966000,d11 VUG
627,CSW24,20,23,13.607000,10.948000,-2.659000,d10 IVY
627,CSW24,21,25,13.503000,10.594000,-2.909000,c11 AUGH
627,CSW24,22,27,12.981000,10.527000,-2.454000,c11 AUGHT
627,CSW24,23,26,13.175000,10.359000,-2.816000,c10 YAGI
627,CSW24,24,31,12.510000,10.133000,-2.377000,d11 VAGI
627,CSW24,25,30,12.750000,10.057000,-2.693000,i12 IT
922,CSW24,1,1,74.000000,67.800000,-6.200000,h8 ENcRINAL
922,CSW24,2,2,70.000000,60.518000,-9.482000,k6 INFeRNAL
922,CSW24,3,3,70.000000,58.564000,-11.436000,k8 FRANkLIN
922,CSW24,4,5,58.000000,51.159000,-6.841000,h2 INLANdER
922,CSW24,5,6,58.000000,51.012000,-6.988000,h5 INfERNAL
922,CSW24,6,8,58.000000,50.977000,-7.023000,h7 LEARNINg
922,CSW24,7,7,58.000000,50.685000,-7.315000,h5 INtERNAL
922,CSW24,8,4,60.000000,46.639000,-13.361000,i3 INLANDeR
922,CSW24,9,9,49.096000,43.773000,-5.323000,7j LINN
922,CSW24,10,12,46.921000,41.697000,-5.224000,7j LIN
922,CSW24,11,10,48.096000,40.974000,-7.122000,l4 LINNY
922,CSW24,12,11,47.002000,40.038000,-6.964000,l4 NIRLY
922,CSW24,13,16,43.921000,39.892000,-4.029000,7h NIL
922,CSW24,14,13,45.223000,39.392000,-5.831000,7k INN
922,CSW24,15,17,43.921000,39.039000,-4.882000,9h LIN
922,CSW24,16,15,45.134000,38.455000,-6.679000,k8 FIRN
922,CSW24,17,14,45.176000,38.032000,-7.144000,k8 FLAN
922,CSW24,18,20,43.134000,38.007000,-5.127000,9h RIN
922,CSW24,19,21,42.613000,37.468000,-5.145000,9h RAN
922,CSW24,20,25,41.244000,36.740000,-4.504000,7g NAIL
922,CSW24,21,26,41.244000,36.208000,-5.036000,9g LAIN
922,CSW24,22,18,43.244000,35.805000,-7.439000,l4 INLAY
922,CSW24,23,31,40.528000,35.612000,-4.916000,9h NAN
922,CSW24,24,24,41.244000,35.383000,-5.861000,7g ANIL
922,CSW24,25,19,43.244000,35.207000,-8.037000,k8 FINAL
990,CSW24,1,1,29.510000,24.351000,-5.159000,h13 DIV
990,CSW24,2,4,25.406000,23.331000,-2.075000,1a AB
990,CSW24,3,2,26.559000,21.286000,-5.273000,h13 DUB
990,CSW24,4,5,25.139000,19.864000,-5.275000,l1 STEVIA
990,CSW24,5,3,25.514000,18.549000,-6.965000,12a BURA
990,CSW24,6,18,20.000000,18.211000,-1.789000,a1 ABBS
990,CSW24,7,14,21.445000,17.272000,-4.173000,11e VIBS
990,CSW24,8,9,22.415000,17.173000,-5.242000,m2 BRUV
990,CSW24,9,11,21.944000,16.869000,-5.075000,e11 UVEA
990,CSW24,10,6,23.105000,16.814000,-6.291000,b9 TABU
990,CSW24,11,7,23.105000,16.782000,-6.323000,b9 TUBA
990,CSW24,12,27,18.406000,16.172000,-2.234000,a1 ABB
990,CSW24,13,12,21.927000,16.169000,-5.758000,b9 BUT
990,CSW24,14,13,21.927000,15.847000,-6.080000,b9 TUB
990,CSW24,15,17,20.510000,15.526000,-4.984000,e11 VIE
990,CSW24,16,8,22.720000,15.208000,-7.512000,d13 LUV
990,CSW24,17,16,20.927000,15.052000,-5.875000,2l BUT
990,CSW24,18,22,18.941000,14.831000,-4.110000,11c OUBITS
990,CSW24,19,36,17.325000,14.448000,-2.877000,a6 STUB
990,CSW24,20,10,21.944000,14.210000,-7.734000,2m UVA
990,CSW24,21,25,18.601000,13.862000,-4.739000,12e TABI
990,CSW24,22,33,17.891000,13.695000,-4.196000,11e VAUS
990,CSW24,23,32,17.891000,13.605000,-4.286000,11e UVAS
990,CSW24,24,47,16.712000,13.266000,-3.446000,a6 SUB
990,CSW24,25,51,16.100000,13.176000,-2.924000,a6 SUBA
831,CSW24,1,1,101.000000,94.966000,-6.034000,1h JALOUSED
831,CSW24,2,2,60.805000,50.341000,-10.464000,2f JO
831,CSW24,3,3,59.569000,49.101000,-10.468000,2f JA
831,CSW24,4,4,43.686000,33.170000,-10.516000,15a JUS
831,CSW24,5,5,40.740000,29.820000,-10.920000,10h SOJU
831,CSW24,6,6,40.694000,29.326000,-11.368000,10h SAJOU
831,CSW24,7,7,37.400000,27.184000,-10.216000,l1 JOLLIES
831,CSW24,8,8,34.496000,23.504000,-10.992000,10h SOJA
831,CSW24,9,9,31.740000,19.572000,-12.168000,14h SOJU
831,CSW24,10,10,31.694000,18.960000,-12.734000,14h SAJOU
831,CSW24,11,12,29.765000,18.886000,-10.879000,f2 JAI
831,CSW24,12,11,30.088000,17.472000,-12.616000,m5 GAJO
831,CSW24,13,13,28.694000,17.425000,-11.269000,i9 SAJOU
831,CSW24,14,15,27.740000,16.627000,-11.113000,i9 SOJU
831,CSW24,15,14,27.805000,16.625000,-11.180000,l1 JOL
831,CSW24,16,26,23.216000,15.318000,-7.898000,1a OLLA
831,CSW24,17,16,25.740000,13.869000,-11.871000,g11 JOUST
831,CSW24,18,21,24.216000,13.342000,-10.874000,2l ALOE
831,CSW24,19,17,25.496000,13.140000,-12.356000,14h SOJA
831,CSW24,20,20,24.539000,12.775000,-11.764000,1j JOULED
831,CSW24,21,18,24.740000,12.543000,-12.197000,j7 SOJU
831,CSW24,22,23,23.686000,12.475000,-11.211000,10a JUT
831,CSW24,23,22,23.686000,12.251000,-11.435000,m5 GJU
831,CSW24,24,19,24.694000,12.218000,-12.476000,j7 SAJOU
831,CSW24,25,50,19.922000,12.041000,-7.881000,1a ALU
250,CSW24,1,1,44.084000,39.154000,-4.930000,j6 QIS
250,CSW24,2,2,29.530000,24.778000,-4.752000,9b QIN
250,CSW24,3,3,25.679000,21.471000,-4.208000,5d ANI
250,CSW24,4,4,22.084000,17.495000,-4.589000,9b QIS
250,CSW24,5,6,21.282000,16.786000,-4.496000,9b QINS
250,CSW24,6,5,21.282000,15.844000,-5.438000,j5 QINS
250,CSW24,7,7,19.609000,14.693000,-4.916000,5d ANISE
250,CSW24,8,9,19.168000,14.673000,-4.495000,5d ANE
250,CSW24,9,8,19.409000,13.832000,-5.577000,f6 SDEIN
250,CSW24,10,11,17.728000,13.188000,-4.540000,5d AN
250,CSW24,11,15,17.220000,13.107000,-4.113000,5d ANIS
250,CSW24,12,14,17.252000,13.061000,-4.191000,9e SIEN
250,CSW24,13,12,17.722000,12.857000,-4.865000,5e NIE
250,CSW24,14,10,18.117000,12.830000,-5.287000,ex AIQ
250,CSW24,15,16,17.031000,11.744000,-5.287000,ex IQ
250,CSW24,16,19,15.168000,10.538000,-4.630000,9f NAE
250,CSW24,17,23,14.154000,10.260000,-3.894000,5c NAS
250,CSW24,18,18,15.168000,10.135000,-5.033000,9f EAN
250,CSW24,19,22,14.743000,10.079000,-4.664000,9g AE
250,CSW24,20,20,15.168000,9.934000,-5.234000,9g ANE
250,CSW24,21,21,15.149000,9.862000,-5.287000,ex IIQ
250,CSW24,22,24,14.122000,9.154000,-4.968000,9c IN
250,CSW24,23,13,17.282000,9.097000,-8.185000,9a QINS
250,CSW24,24,26,14.071000,8.784000,-5.287000,ex AIIQ
250,CSW24,25,30,13.723000,8.436000,-5.287000,ex EIQ
37,CSW24,1,1,19.619000,13.808000,-5.811000,5j NETT
37,CSW24,2,3,17.040000,10.238000,-6.802000,g3 ZITS
37,CSW24,3,2,17.619000,9.592000,-8.027000,7i NETT
37,CSW24,4,5,13.414000,8.362000,-5.052000,k4 ZEST
37,CSW24,5,4,13.652000,7.327000,-6.325000,7i TET
37,CSW24,6,8,12.619000,6.051000,-6.568000,k2 NETTS
37,CSW24,7,9,12.619000,6.008000,-6.611000,k2 TENTS
37,CSW24,8,10,11.687000,5.865000,-5.822000,k2 CENTS
37,CSW24,9,13,11.206000,5.397000,-5.809000,ex CNTTT
37,CSW24,10,15,11.065000,5.256000,-5.809000,ex CTTT
37,CSW24,11,7,12.619000,5.113000,-7.506000,j2 TENTY
37,CSW24,12,6,12.619000,5.097000,-7.522000,j2 NETTY
37,CSW24,13,16,10.414000,5.049000,-5.365000,i3 ZETA
37,CSW24,14,17,10.261000,4.452000,-5.809000,ex CNTT
37,CSW24,15,12,11.314000,4.063000,-7.251000,i2 TECTA
37,CSW24,16,14,11.161000,3.994000,-7.167000,g3 TITS
37,CSW24,17,22,9.451000,3.642000,-5.809000,ex NTTT
37,CSW24,18,28,7.869000,3.513000,-4.356000,i5 CAZ
37,CSW24,19,24,9.302000,3.493000,-5.809000,ex CTT
37,CSW24,20,19,9.652000,3.469000,-6.183000,5g TET
37,CSW24,21,25,9.023000,3.214000,-5.809000,ex TTT
37,CSW24,22,11,11.619000,3.068000,-8.551000,3g TENT
37,CSW24,23,26,8.645000,3.061000,-5.584000,5j NET
37,CSW24,24,23,9.399000,2.999000,-6.400000,g3 CITS
37,CSW24,25,18,10.161000,2.926000,-7.235000,i5 TAT
966,CSW24,1,3,50.891000,44.410000,-6.481000,15n AE
966,CSW24,2,2,51.056000,42.072000,-8.984000,10f VAE
966,CSW24,3,1,51.090000,41.284000,-9.806000,n6 EAVED
966,CSW24,4,7,49.891000,40.999000,-8.892000,i1 AUE
966,CSW24,5,6,50.056000,40.692000,-9.364000,b6 VERA
966,CSW24,6,5,50.056000,40.611000,-9.445000,b6 VARE
966,CSW24,7,8,49.522000,40.605000,-8.917000,i1 AUA
966,CSW24,8,4,50.056000,40.434000,-9.622000,b5 AVER
966,CSW24,9,10,48.056000,38.648000,-9.408000,g2 CAVE
966,CSW24,10,11,47.608000,38.181000,-9.427000,b6 VARA
966,CSW24,11,9,49.090000,38.088000,-11.002000,n6 EVADE
966,CSW24,12,13,46.411000,37.215000,-9.196000,9i AYE
966,CSW24,13,12,46.887000,37.158000,-9.729000,n6 EAVE
966,CSW24,14,26,43.123000,36.644000,-6.479000,15n DE
966,CSW24,15,14,45.675000,36.407000,-9.268000,b6 VAR
966,CSW24,16,15,45.608000,36.217000,-9.391000,g2 CAVA
966,CSW24,17,16,45.056000,35.977000,-9.079000,10f AVE
966,CSW24,18,19,44.891000,35.468000,-9.423000,14d NAE
966,CSW24,19,20,44.616000,35.165000,-9.451000,g2 CAVED
966,CSW24,20,18,44.891000,34.790000,-10.101000,n6 EA
966,CSW24,21,21,44.056000,34.701000,-9.355000,f12 AVEL
966,CSW24,22,22,44.056000,34.662000,-9.394000,f12 VEAL
966,CSW24,23,17,44.891000,34.521000,-10.370000,n3 AE
966,CSW24,24,24,43.891000,34.481000,-9.410000,14f EA
966,CSW24,25,23,43.891000,34.478000,-9.413000,14f AE
450,CSW24,1,4,88.000000,80.347000,-7.653000,3a caVEMAN
450,CSW24,2,3,88.000000,80.281000,-7.719000,3a cAVeMEN
450,CSW24,3,1,88.000000,80.122000,-7.878000,3a VErMiAN
450,CSW24,4,5,88.000000,80.086000,-7.914000,3a oVErMAN
450,CSW24,5,2,88.000000,79.969000,-8.031000,3a VelAMEN
450,CSW24,6,7,87.000000,79.283000,-7.717000,3a cAVEMaN
450,CSW24,7,8,87.000000,79.228000,-7.772000,3a cAVEMeN
450,CSW24,8,6,87.000000,78.905000,-8.095000,3a VElAMeN
450,CSW24,9,10,82.000000,76.902000,-5.098000,e1 MAuViNE
450,CSW24,10,9,82.000000,76.822000,-5.178000,e1 MAuVEiN
450,CSW24,11,11,82.000000,76.591000,-5.409000,e1 VArMENt
450,CSW24,12,12,82.000000,76.574000,-5.426000,e1 cAVEMaN
450,CSW24,13,14,82.000000,76.496000,-5.504000,e1 cAVeMEN
450,CSW24,14,13,82.000000,76.494000,-5.506000,e1 cAVEMeN
450,CSW24,15,15,81.000000,75.550000,-5.450000,e1 caVEMAN
450,CSW24,16,16,79.816000,74.096000,-5.720000,3c MAVEN
450,CSW24,17,17,78.537000,72.917000,-5.620000,3e NAV
450,CSW24,18,18,78.000000,69.892000,-8.108000,4a MAuVEiNE
450,CSW24,19,20,73.816000,67.736000,-6.080000,e1 MAVEN
450,CSW24,20,21,73.042000,66.780000,-6.262000,3c gANEV
450,CSW24,21,24,72.000000,66.558000,-5.442000,4b gAVElMEN
450,CSW24,22,23,72.000000,66.065000,-5.935000,4b MANEuVEr
450,CSW24,23,19,74.000000,64.972000,-9.028000,f9 MAuViNE
450,CSW24,24,26,69.537000,64.230000,-5.307000,3e VAN
450,CSW24,25,25,72.000000,63.144000,-8.856000,f9 MAuVEiN
133,CSW24,1,1,65.000000,55.594000,-9.406000,13d DOUCEURS
133,CSW24,2,2,34.695000,28.851000,-5.844000,k9 DUO
133,CSW24,3,3,30.836000,24.106000,-6.730000,11j KUDU
133,CSW24,4,4,28.561000,21.236000,-7.325000,13i CRUDO
133,CSW24,5,5,27.695000,20.454000,-7.241000,11j KUDO
133,CSW24,6,6,25.613000,19.607000,-6.006000,k9 DUOS
133,CSW24,7,8,23.813000,17.374000,-6.439000,11h CUKE
133,CSW24,8,7,24.421000,17.031000,-7.390000,13i CRUDE
133,CSW24,9,10,23.409000,16.019000,-7.390000,11h DUKE
133,CSW24,10,9,23.783000,15.310000,-8.473000,11f SUDOKU
133,CSW24,11,25,20.028000,14.141000,-5.887000,9h DUO
133,CSW24,12,15,21.695000,13.787000,-7.908000,7f DUO
133,CSW24,13,13,22.695000,13.429000,-9.266000,7f OUD
133,CSW24,14,11,23.110000,13.227000,-9.883000,13d DOUCEUR
133,CSW24,15,12,22.887000,13.205000,-9.682000,13g COURSED
133,CSW24,16,14,21.815000,12.738000,-9.077000,9c COUDE
133,CSW24,17,28,19.843000,12.737000,-7.106000,11j KUDUS
133,CSW24,18,39,19.106000,12.313000,-6.793000,11j KUE
133,CSW24,19,23,20.409000,12.274000,-8.135000,7h DUCE
133,CSW24,20,46,18.718000,12.246000,-6.472000,k8 SOU
133,CSW24,21,17,20.943000,12.135000,-8.808000,i12 OU
133,CSW24,22,26,19.943000,11.919000,-8.024000,g7 UPO
133,CSW24,23,37,19.470000,11.870000,-7.600000,g7 UP
133,CSW24,24,49,18.421000,11.804000,-6.617000,9e CUED
133,CSW24,25,18,20.836000,11.796000,-9.040000,g8 PUDU
771,CSW24,1,1,43.450000,43.347000,-0.103000,m2 AGIO
771,CSW24,2,2,43.450000,42.526000,-0.924000,13l AGIO
771,CSW24,3,6,38.585000,39.039000,0.454000,n1 AGO
771,CSW24,4,3,39.437000,39.015000,-0.422000,m3 GIO
771,CSW24,5,4,38.785000,38.567000,-0.218000,n2 OI
771,CSW24,6,5,38.785000,38.337000,-0.448000,14e IO
771,CSW24,7,9,37.837000,38.291000,0.454000,n1 EGO
771,CSW24,8,10,37.785000,37.170000,-0.615000,13l OI
771,CSW24,9,7,38.257000,37.029000,-1.228000,6a VIGIA
771,CSW24,10,8,38.235000,36.990000,-1.245000,6a VOGIE
771,CSW24,11,12,35.554000,35.242000,-0.312000,n2 AI
771,CSW24,12,15,34.580000,35.012000,0.432000,n1 AGE
771,CSW24,13,11,35.785000,35.001000,-0.784000,m4 IO
771,CSW24,14,13,35.437000,34.771000,-0.666000,l12 YOGI
771,CSW24,15,14,34.785000,33.911000,-0.874000,3m ION
771,CSW24,16,16,34.554000,33.859000,-0.695000,13l AI
771,CSW24,17,17,34.528000,33.622000,-0.906000,6a VIAE
771,CSW24,18,23,32.674000,32.823000,0.149000,n2 GI
771,CSW24,19,20,33.540000,32.796000,-0.744000,3l GAIN
771,CSW24,20,21,33.540000,32.761000,-0.779000,6a VAGI
771,CSW24,21,22,33.540000,32.751000,-0.789000,6a VIGA
771,CSW24,22,19,33.540000,32.693000,-0.847000,3l AGIN
771,CSW24,23,18,33.554000,32.549000,-1.005000,6a VIA
771,CSW24,24,24,32.540000,31.860000,-0.680000,l12 YAGI
771,CSW24,25,26,31.989000,31.302000,-0.687000,3l GIEN
329,CSW24,1,1,22.467000,15.587000,-6.880000,5a BURGH
329,CSW24,2,2,19.560000,13.699000,-5.861000,11d DRUB
329,CSW24,3,3,19.525000,13.664000,-5.861000,11d GRUB
329,CSW24,4,4,18.543000,12.601000,-5.942000,11d DRUG
329,CSW24,5,5,17.443000,10.219000,-7.224000,5a BUDGE
329,CSW24,6,7,15.431000,9.220000,-6.211000,11e HUG
329,CSW24,7,8,14.954000,9.150000,-5.804000,11d GRUED
329,CSW24,8,10,14.261000,8.404000,-5.857000,b11 DOH
329,CSW24,9,9,14.322000,8.256000,-6.066000,11e HUB
329,CSW24,10,11,14.022000,8.133000,-5.889000,o7 BODGED
329,CSW24,11,6,16.022000,7.719000,-8.303000,2a BADGED
329,CSW24,12,15,13.730000,7.626000,-6.104000,11e GUB
329,CSW24,13,18,13.560000,7.607000,-5.953000,11e BURD
329,CSW24,14,14,13.730000,7.587000,-6.143000,11e BUG
329,CSW24,15,20,13.525000,7.577000,-5.948000,11e BURG
329,CSW24,16,17,13.632000,7.468000,-6.164000,11e DUB
329,CSW24,17,16,13.632000,7.269000,-6.363000,11e BUD
329,CSW24,18,21,13.261000,7.081000,-6.180000,11e DUH
329,CSW24,19,23,12.511000,6.510000,-6.001000,11e BUHR
329,CSW24,20,22,12.954000,6.141000,-6.813000,4a BLED
329,CSW24,21,19,13.526000,5.924000,-7.602000,2a BAGH
329,CSW24,22,13,13.966000,5.911000,-8.055000,2a GARBED
329,CSW24,23,12,13.966000,5.888000,-8.078000,2a BARGED
329,CSW24,24,28,11.467000,5.299000,-6.168000,o6 BROGH
329,CSW24,25,27,11.547000,5.295000,-6.252000,11e DUG
898,CSW24,1,1,45.119000,39.618000,-5.501000,c7 QOPH
898,CSW24,2,2,34.492000,27.477000,-7.015000,1e HERB
898,CSW24,3,3,29.537000,23.616000,-5.921000,f2 HEP
898,CSW24,4,4,25.075000,18.048000,-7.027000,1e HERN
898,CSW24,5,5,23.290000,16.821000,-6.469000,c3 PRE
898,CSW24,6,7,22.135000,15.929000,-6.206000,f2 HER
898,CSW24,7,6,22.537000,11.620000,-10.917000,c1 HEP
898,CSW24,8,8,19.635000,10.927000,-8.708000,2b HEBEN
898,CSW24,9,9,18.104000,7.048000,-11.056000,c1 NEP
898,CSW24,10,13,13.104000,6.933000,-6.171000,f2 NEP
898,CSW24,11,10,17.290000,6.521000,-10.769000,c1 REP
898,CSW24,12,19,11.654000,5.994000,-5.660000,c7 BOH
898,CSW24,13,16,12.290000,5.914000,-6.376000,f2 REP
898,CSW24,14,18,12.115000,5.911000,-6.204000,c5 REBOP
898,CSW24,15,21,11.489000,4.626000,-6.863000,f2 HE
898,CSW24,16,27,9.918000,4.292000,-5.626000,c7 POH
898,CSW24,17,25,10.333000,4.289000,-6.044000,c6 PROB
898,CSW24,18,26,10.135000,3.888000,-6.247000,f2 REH
898,CSW24,19,28,9.654000,3.876000,-5.778000,c7 HOB
898,CSW24,20,15,12.537000,3.782000,-8.755000,1c PEH
898,CSW24,21,32,9.112000,3.364000,-5.748000,c7 BOP
898,CSW24,22,29,9.597000,3.322000,-6.275000,6d QIN
898,CSW24,23,24,10.492000,3.258000,-7.234000,9g HERB
898,CSW24,24,23,10.492000,2.876000,-7.616000,7g HERB
898,CSW24,25,12,13.288000,2.755000,-10.533000,2b NEPER
516,CSW24,1,1,68.193000,68.609000,0.416000,15l FLEY
516,CSW24,2,3,53.970000,54.318000,0.348000,15l FLEA
516,CSW24,3,2,54.539000,53.682000,-0.857000,3c FRY
516,CSW24,4,4,47.456000,47.536000,0.080000,15m FEY
516,CSW24,5,5,44.204000,43.192000,-1.012000,13m FAY
516,CSW24,6,7,43.456000,42.456000,-1.000000,13m FEY
516,CSW24,7,6,43.527000,42.100000,-1.427000,13l MY
516,CSW24,8,10,42.178000,42.084000,-0.094000,15m FEM
516,CSW24,9,8,43.067000,42.039000,-1.028000,13l MYAL
516,CSW24,10,9,42.576000,42.021000,-0.555000,13j YELM
516,CSW24,11,12,41.939000,41.305000,-0.634000,13j FAME
516,CSW24,12,11,42.006000,40.603000,-1.403000,7i FLY
516,CSW24,13,13,41.067000,40.228000,-0.839000,13l LYAM
516,CSW24,14,14,40.420000,39.299000,-1.121000,13m FAM
516,CSW24,15,15,39.994000,38.654000,-1.340000,13m YAM
516,CSW24,16,20,38.970000,38.220000,-0.750000,13j LEAF
516,CSW24,17,19,39.068000,38.100000,-0.968000,h10 ELF
516,CSW24,18,18,39.178000,38.069000,-1.109000,13m FEM
516,CSW24,19,17,39.204000,37.752000,-1.452000,7i FAY
516,CSW24,20,16,39.539000,37.560000,-1.979000,m13 FEY
516,CSW24,21,24,38.033000,37.328000,-0.705000,h8 YEALM
516,CSW24,22,22,38.068000,37.174000,-0.894000,13k ELF
516,CSW24,23,21,38.456000,36.839000,-1.617000,7i FEY
516,CSW24,24,25,37.994000,36.618000,-1.376000,13m MAY
516,CSW24,25,23,38.053000,36.572000,-1.481000,3c FRA
332,CSW24,1,1,53.378000,45.512000,-7.866000,4a FUZEE
332,CSW24,2,2,49.021000,41.173000,-7.848000,4a FUZE
332,CSW24,3,3,44.841000,32.578000,-12.263000,l1 FEAZES
332,CSW24,4,4,40.926000,31.892000,-9.034000,a1 ZEA
332,CSW24,5,5,39.622000,28.124000,-11.498000,d1 ALFEREZ
332,CSW24,6,6,36.740000,27.179000,-9.561000,l2 FAZES
332,CSW24,7,7,33.788000,24.498000,-9.290000,a1 FAE
332,CSW24,8,8,32.864000,23.847000,-9.017000,a1 ZEE
332,CSW24,9,9,32.717000,22.554000,-10.163000,10k ALEF
332,CSW24,10,21,29.053000,20.937000,-8.116000,d3 ZARF
332,CSW24,11,22,28.926000,20.567000,-8.359000,3b NAZE
332,CSW24,12,30,28.717000,20.034000,-8.683000,d3 FARLE
332,CSW24,13,31,28.717000,20.029000,-8.688000,d3 FERAL
332,CSW24,14,18,29.547000,20.011000,-9.536000,l6 SAXE
332,CSW24,15,19,29.378000,19.901000,-9.477000,l2 FEZES
332,CSW24,16,24,28.717000,19.681000,-9.036000,d2 FLARE
332,CSW24,17,20,29.199000,19.587000,-9.612000,7l EF
332,CSW24,18,39,27.788000,19.572000,-8.216000,d4 FRAE
332,CSW24,19,23,28.926000,19.187000,-9.739000,l3 ZEAS
332,CSW24,20,37,27.788000,19.071000,-8.717000,d3 FARE
332,CSW24,21,10,31.066000,18.944000,-12.122000,d1 FLEER
332,CSW24,22,15,30.021000,18.840000,-11.181000,b13 FEZ
332,CSW24,23,32,28.327000,18.821000,-9.506000,j8 TOZE
332,CSW24,24,33,28.153000,18.623000,-9.530000,a1 FAA
332,CSW24,25,26,28.717000,18.615000,-10.102000,l2 ALEFS
1161,CSW24,1,2,30.683000,25.084000,-5.599000,13c MISFEED
1161,CSW24,2,3,29.788000,24.620000,-5.168000,2i DIF
1161,CSW24,3,4,28.788000,24.045000,-4.743000,f13 FID
1161,CSW24,4,5,27.636000,22.818000,-4.818000,h7 DOF
1161,CSW24,5,1,30.788000,22.384000,-8.404000,2a FID
1161,CSW24,6,6,26.788000,22.069000,-4.719000,f13 DIF
1161,CSW24,7,10,26.090000,21.370000,-4.720000,f13 FIN
1161,CSW24,8,8,26.137000,21.112000,-5.025000,h4 MISDO
1161,CSW24,9,11,26.048000,20.644000,-5.404000,14h RIF
1161,CSW24,10,12,24.908000,19.794000,-5.114000,8n DI
1161,CSW24,11,14,24.415000,19.140000,-5.275000,2i MID
1161,CSW24,12,16,24.048000,18.830000,-5.218000,11e FIN
1161,CSW24,13,17,23.700000,18.169000,-5.531000,13d INFEED
1161,CSW24,14,19,23.415000,18.168000,-5.247000,2i DIM
1161,CSW24,15,20,23.242000,18.159000,-5.083000,3c FIST
1161,CSW24,16,7,26.722000,18.128000,-8.594000,2a FINI
1161,CSW24,17,22,23.048000,17.916000,-5.132000,2j IF
1161,CSW24,18,21,23.174000,17.736000,-5.438000,c1 AMIDIN
1161,CSW24,19,9,26.090000,17.623000,-8.467000,2a FIN
1161,CSW24,20,27,22.366000,17.558000,-4.808000,h7 MOD
1161,CSW24,21,26,22.366000,17.554000,-4.812000,h7 DOM
1161,CSW24,22,23,22.636000,17.450000,-5.186000,4d FOiD
1161,CSW24,23,32,21.788000,17.230000,-4.558000,15f FIND
1161,CSW24,24,24,22.415000,17.214000,-5.201000,c1 AMID
1161,CSW24,25,28,22.304000,17.027000,-5.277000,c1 ADMIN
710,CSW24,1,1,19.849000,18.273000,-1.576000,l7 VAUNT
710,CSW24,2,2,16.549000,14.779000,-1.770000,l8 PUNT
710,CSW24,3,3,16.507000,14.743000,-1.764000,l8 PUTT
710,CSW24,4,4,15.640000,14.672000,-0.968000,l9 UPTA
710,CSW24,5,5,13.885000,12.710000,-1.175000,c2 VATU
710,CSW24,6,6,13.885000,12.067000,-1.818000,l7 VAUT
710,CSW24,7,7,12.274000,10.460000,-1.814000,l8 PUT
710,CSW24,8,8,12.274000,10.438000,-1.836000,l8 TUP
710,CSW24,9,10,11.849000,9.765000,-2.084000,8j VAUNT
710,CSW24,10,13,9.260000,7.916000,-1.344000,l11 TAV
710,CSW24,11,12,9.260000,7.736000,-1.524000,8j TAV
710,CSW24,12,14,8.885000,7.254000,-1.631000,8j VATU
710,CSW24,13,15,8.885000,7.053000,-1.832000,8j VAUT
710,CSW24,14,9,11.885000,6.997000,-4.888000,c1 VAUT
710,CSW24,15,22,8.260000,6.879000,-1.381000,c2 VAT
710,CSW24,16,21,8.274000,6.569000,-1.705000,c2 TUP
710,CSW24,17,18,8.855000,6.421000,-2.434000,4c VAUT
710,CSW24,18,17,8.855000,6.388000,-2.467000,4c VATU
710,CSW24,19,16,8.864000,6.228000,-2.636000,4c VAUNT
710,CSW24,20,25,7.751000,6.037000,-1.714000,8j VANT
710,CSW24,21,23,8.185000,5.970000,-2.215000,l7 TAUNT
710,CSW24,22,11,10.751000,5.821000,-4.930000,c1 VANT
710,CSW24,23,26,7.274000,5.620000,-1.654000,l11 TUP
710,CSW24,24,24,7.849000,5.413000,-2.436000,4d AVAUNT
710,CSW24,25,30,6.640000,5.109000,-1.531000,e2 UPTA
362,CSW24,1,1,57.642000,51.255000,-6.387000,f8 WAZ
362,CSW24,2,2,46.403000,39.109000,-7.294000,12j ZANY
362,CSW24,3,3,44.128000,36.238000,-7.890000,12k AZO
362,CSW24,4,4,41.308000,32.480000,-8.828000,c9 NOYAU
362,CSW24,5,5,39.538000,30.262000,-9.276000,c11 ZAYIN
362,CSW24,6,6,37.911000,29.817000,-8.094000,12l ZO
362,CSW24,7,7,35.642000,27.658000,-7.984000,12l ZA
362,CSW24,8,8,35.177000,27.292000,-7.885000,9g UNION
362,CSW24,9,10,34.036000,24.803000,-9.233000,c9 YU
362,CSW24,10,14,32.403000,24.532000,-7.871000,c11 ZANY
362,CSW24,11,13,32.494000,23.614000,-8.880000,12k UNAI
362,CSW24,12,11,32.618000,23.473000,-9.145000,c11 YOU
362,CSW24,13,12,32.567000,23.150000,-9.417000,i5 OUNDY
362,CSW24,14,15,31.950000,23.049000,-8.901000,c10 AZON
362,CSW24,15,16,31.036000,22.055000,-8.981000,g6 YUM
362,CSW24,16,9,34.364000,21.740000,-12.624000,n11 GAUZY
362,CSW24,17,23,28.690000,21.117000,-7.573000,9g ANION
362,CSW24,18,19,29.742000,20.753000,-8.989000,i6 UNDY
362,CSW24,19,21,29.128000,20.495000,-8.633000,c11 ZOA
362,CSW24,20,22,28.950000,19.643000,-9.307000,c11 ZONA
362,CSW24,21,17,30.719000,19.092000,-11.627000,n9 OUGIYA
362,CSW24,22,24,28.409000,18.868000,-9.541000,c10 AYIN
362,CSW24,23,25,28.036000,18.734000,-9.302000,12j YU
362,CSW24,24,28,26.895000,18.268000,-8.627000,c11 ZIN
362,CSW24,25,26,27.618000,18.211000,-9.407000,12m YOU
1086,CSW24,1,1,36.376000,34.717000,-1.659000,10d TEENSY
1086,CSW24,2,2,35.450000,33.333000,-2.117000,j9 GYM
1086,CSW24,3,4,33.258000,31.571000,-1.687000,10e EENSY
1086,CSW24,4,3,33.451000,31.165000,-2.286000,10e YEN
1086,CSW24,5,5,32.033000,29.693000,-2.340000,10e YET
1086,CSW24,6,6,31.510000,29.239000,-2.271000,10b YENTE
1086,CSW24,7,7,30.840000,28.465000,-2.375000,11l YO
1086,CSW24,8,9,30.228000,27.836000,-2.392000,f9 RYE
1086,CSW24,9,8,30.450000,27.291000,-3.159000,i6 MOBEY
1086,CSW24,10,10,29.840000,26.933000,-2.907000,i7 OBEY
1086,CSW24,11,13,28.376000,26.402000,-1.974000,10b YENTES
1086,CSW24,12,11,28.840000,25.932000,-2.908000,g8 BEY
1086,CSW24,13,12,28.451000,25.901000,-2.550000,10d NYE
1086,CSW24,14,15,27.947000,25.898000,-2.049000,10e YENS
1086,CSW24,15,16,27.942000,25.781000,-2.161000,l10 EMU
1086,CSW24,16,14,28.131000,25.331000,-2.800000,10e MEN
1086,CSW24,17,20,27.122000,24.588000,-2.534000,10e MET
1086,CSW24,18,18,27.168000,24.541000,-2.627000,10c TYNE
1086,CSW24,19,17,27.228000,24.480000,-2.748000,10e YE
1086,CSW24,20,21,27.033000,24.464000,-2.569000,10d TYE
1086,CSW24,21,19,27.131000,24.453000,-2.678000,h1 MENg
1086,CSW24,22,22,26.228000,23.898000,-2.330000,10d EYEN
1086,CSW24,23,27,25.599000,23.538000,-2.061000,10d TYEES
1086,CSW24,24,24,25.755000,23.445000,-2.310000,10d TYEE
1086,CSW24,25,28,25.599000,23.418000,-2.181000,10d YEETS
915,CSW24,1,1,85.000000,72.428000,-12.572000,12b DOGVANE
915,CSW24,2,2,32.382000,22.902000,-9.480000,8a VIDEO
915,CSW24,3,4,31.418000,22.658000,-8.760000,8a DIVO
915,CSW24,4,3,31.443000,22.398000,-9.045000,8a VIGA
915,CSW24,5,7,30.528000,21.703000,-8.825000,8a GIVED
915,CSW24,6,10,29.089000,19.808000,-9.281000,8a VIED
915,CSW24,7,6,30.826000,19.743000,-11.083000,a11 DOVEN
915,CSW24,8,5,30.826000,19.720000,-11.106000,a11 DEVON
915,CSW24,9,8,30.382000,19.370000,-11.012000,c2 MOVED
915,CSW24,10,13,27.738000,19.014000,-8.724000,8a GIVE
915,CSW24,11,14,27.510000,18.692000,-8.818000,8a GIVEN
915,CSW24,12,9,29.694000,18.547000,-11.147000,c1 AMOVED
915,CSW24,13,17,26.582000,17.843000,-8.739000,8a DIVA
915,CSW24,14,18,26.089000,17.339000,-8.750000,8a DIVE
915,CSW24,15,11,28.257000,17.186000,-11.071000,a11 DAVEN
915,CSW24,16,22,25.396000,16.979000,-8.417000,a8 GAED
915,CSW24,17,19,26.089000,16.935000,-9.154000,8a VIDE
915,CSW24,18,12,28.175000,16.654000,-11.521000,5e VOG
915,CSW24,19,20,25.643000,16.524000,-9.119000,8a VINO
915,CSW24,20,24,25.221000,16.406000,-8.815000,8a DIVNA
915,CSW24,21,23,25.221000,16.382000,-8.839000,8a DIVAN
915,CSW24,22,25,25.221000,15.833000,-9.388000,8a VIAND
915,CSW24,23,29,24.781000,15.311000,-9.470000,8a DINGO
915,CSW24,24,15,27.382000,15.236000,-12.146000,12b DEVO
915,CSW24,25,16,27.382000,15.209000,-12.173000,12b DOVE
892,CSW24,1,1,79.000000,72.747000,-6.253000,10g GERMINS
892,CSW24,2,2,76.000000,69.792000,-6.208000,10g MERINGS
892,CSW24,3,3,74.000000,65.797000,-8.203000,4c RESUMING
892,CSW24,4,4,73.000000,64.448000,-8.552000,j3 GERMINS
892,CSW24,5,9,71.000000,62.808000,-8.192000,j8 MERINGS
892,CSW24,6,8,71.000000,62.703000,-8.297000,j8 GERMINS
892,CSW24,7,7,71.000000,62.326000,-8.674000,7h MERINGS
892,CSW24,8,5,71.000000,62.008000,-8.992000,j3 MINGERS
892,CSW24,9,6,71.000000,61.868000,-9.132000,j5 MINGERS
892,CSW24,10,12,69.000000,60.175000,-8.825000,j3 MERINGS
892,CSW24,11,10,70.000000,60.170000,-9.830000,7h MINGERS
892,CSW24,12,11,70.000000,58.215000,-11.785000,10i MERINGS
892,CSW24,13,13,68.000000,56.003000,-11.997000,10i MINGERS
892,CSW24,14,14,41.026000,34.328000,-6.698000,h7 MOW
892,CSW24,15,15,41.026000,34.143000,-6.883000,9d MA
892,CSW24,16,18,38.413000,31.959000,-6.454000,10g GERM
892,CSW24,17,21,37.898000,31.466000,-6.432000,10g ME
892,CSW24,18,16,39.026000,31.278000,-7.748000,g8 DAM
892,CSW24,19,19,38.303000,31.216000,-7.087000,10h ERM
892,CSW24,20,20,37.898000,30.734000,-7.164000,e4 ME
892,CSW24,21,17,38.898000,30.633000,-8.265000,j9 EM
892,CSW24,22,27,36.439000,30.557000,-5.882000,10c GIGMEN
892,CSW24,23,23,37.110000,30.161000,-6.949000,10g GERMIN
892,CSW24,24,28,36.151000,29.842000,-6.309000,10g MENG
892,CSW24,25,32,34.898000,29.420000,-5.478000,7h ME
79,CSW24,1,4,34.513000,30.228000,-4.285000,10h IWI
79,CSW24,2,1,35.446000,30.144000,-5.302000,10f WRIT
79,CSW24,3,3,34.513000,28.881000,-5.632000,10f IWI
79,CSW24,4,5,33.497000,28.682000,-4.815000,10g WIT
79,CSW24,5,2,34.513000,28.157000,-6.356000,10e IWI
79,CSW24,6,9,31.715000,27.609000,-4.106000,10f WRITS
79,CSW24,7,8,31.715000,27.495000,-4.220000,10f WRIST
79,CSW24,8,7,32.497000,27.039000,-5.458000,10j WIT
79,CSW24,9,6,32.497000,26.685000,-5.812000,10f WIT
79,CSW24,10,13,27.758000,23.988000,-3.770000,10g WITS
79,CSW24,11,12,27.758000,23.913000,-3.845000,10g WIST
79,CSW24,12,10,29.446000,23.901000,-5.545000,10j WRIT
79,CSW24,13,11,28.398000,23.181000,-5.217000,10f IWIS
79,CSW24,14,14,26.758000,21.590000,-5.168000,10f WIST
79,CSW24,15,15,26.758000,21.401000,-5.357000,10f WITS
79,CSW24,16,16,26.497000,21.113000,-5.384000,10i WIT
79,CSW24,17,17,25.398000,19.491000,-5.907000,10e IWIS
79,CSW24,18,20,23.251000,18.296000,-4.955000,10g WIS
79,CSW24,19,19,23.446000,18.123000,-5.323000,10i WRIT
79,CSW24,20,22,22.398000,17.851000,-4.547000,10h IWIS
79,CSW24,21,18,23.446000,17.349000,-6.097000,10e WRIT
79,CSW24,22,21,22.513000,17.078000,-5.435000,10j IWI
79,CSW24,23,24,22.251000,16.767000,-5.484000,10j WIS
79,CSW24,24,23,22.251000,16.593000,-5.658000,10f WIS
79,CSW24,25,26,21.715000,16.512000,-5.203000,10j WRITS
803,CSW24,1,1,69.000000,59.787000,-9.213000,n3 EROTETIC
803,CSW24,2,2,25.053000,18.379000,-6.674000,10e TOE
803,CSW24,3,3,24.053000,17.782000,-6.271000,5d TOE
803,CSW24,4,4,23.064000,16.676000,-6.388000,10e TIE
803,CSW24,5,11,21.583000,15.955000,-5.628000,9k VOE
803,CSW24,6,6,22.064000,15.733000,-6.331000,5d TIE
803,CSW24,7,12,21.583000,15.449000,-6.134000,10f OE
803,CSW24,8,7,22.053000,15.136000,-6.917000,l10 DOTE
803,CSW24,9,5,22.121000,14.979000,-7.142000,10f TO
803,CSW24,10,9,21.854000,14.817000,-7.037000,10b TORTIE
803,CSW24,11,10,21.770000,14.759000,-7.011000,10f TE
803,CSW24,12,15,20.064000,14.501000,-5.563000,n7 ETIC
803,CSW24,13,22,19.407000,14.075000,-5.332000,n8 RECTO
803,CSW24,14,19,19.680000,14.017000,-5.663000,n7 OTIC
803,CSW24,15,21,19.583000,13.794000,-5.789000,5e OE
803,CSW24,16,17,20.064000,13.475000,-6.589000,l10 DIET
803,CSW24,17,14,20.465000,13.454000,-7.011000,10d TOTE
803,CSW24,18,18,20.064000,13.419000,-6.645000,l10 DITE
803,CSW24,19,20,19.680000,13.104000,-6.576000,l10 DOIT
803,CSW24,20,28,18.501000,12.873000,-5.628000,9k VIE
803,CSW24,21,24,19.086000,12.681000,-6.405000,10d TITE
803,CSW24,22,25,19.053000,12.494000,-6.559000,5c TOE
803,CSW24,23,32,18.064000,12.292000,-5.772000,11i TIDE
803,CSW24,24,23,19.402000,12.187000,-7.215000,n5 EROTIC
803,CSW24,25,35,17.770000,12.109000,-5.661000,7f ET
221,CSW24,1,1,40.304000,34.647000,-5.657000,j6 WOE
221,CSW24,2,2,39.304000,34.161000,-5.143000,14h VOWS
221,CSW24,3,4,37.304000,31.888000,-5.416000,11d COW
221,CSW24,4,3,37.304000,31.770000,-5.534000,7k WOW
221,CSW24,5,6,37.303000,31.559000,-5.744000,c12 OWO
221,CSW24,6,5,37.304000,31.288000,-6.016000,c12 OW
221,CSW24,7,7,36.688000,30.030000,-6.658000,b10 OWING
221,CSW24,8,8,35.304000,29.146000,-6.158000,b10 OW
221,CSW24,9,9,34.304000,28.386000,-5.918000,9k ROW
221,CSW24,10,11,33.940000,27.254000,-6.686000,13a WOOS
221,CSW24,11,10,34.303000,27.156000,-7.147000,b10 OWO
221,CSW24,12,13,32.304000,26.975000,-5.329000,j14 OW
221,CSW24,13,14,32.304000,26.675000,-5.629000,l14 OW
221,CSW24,14,12,32.304000,26.049000,-6.255000,e12 OW
221,CSW24,15,16,32.089000,26.019000,-6.070000,7k WO
221,CSW24,16,15,32.303000,26.008000,-6.295000,l5 WOOD
221,CSW24,17,18,31.304000,25.899000,-5.405000,12b WOK
221,CSW24,18,17,31.304000,25.598000,-5.706000,10i WOP
221,CSW24,19,20,31.303000,25.336000,-5.967000,e12 OWO
221,CSW24,20,22,31.089000,24.954000,-6.135000,10a YO
221,CSW24,21,21,31.089000,24.917000,-6.172000,7j OW
221,CSW24,22,19,31.304000,24.684000,-6.620000,12d KOW
221,CSW24,23,23,30.089000,23.989000,-6.100000,10j OP
221,CSW24,24,26,29.798000,23.864000,-5.934000,13b WOS
221,CSW24,25,27,29.304000,23.565000,-5.739000,i8 DOW
71,CSW24,1,1,30.743000,22.075000,-8.668000,d1 KUBIE
71,CSW24,2,2,23.541000,14.721000,-8.820000,f2 KLIEG
71,CSW24,3,4,22.705000,13.631000,-9.074000,d1 BIKIE
71,CSW24,4,3,23.426000,13.271000,-10.155000,c9 BOUGIE
71,CSW24,5,6,16.127000,6.968000,-9.159000,9a EUK
71,CSW24,6,5,17.089000,6.861000,-10.228000,1k BAGIE
71,CSW24,7,7,15.089000,5.229000,-9.860000,c9 BOGIE
71,CSW24,8,8,14.632000,4.505000,-10.127000,i5 GUID
71,CSW24,9,9,13.896000,4.075000,-9.821000,c9 BOGUE
71,CSW24,10,10,13.896000,4.033000,-9.863000,c9 BOUGE
71,CSW24,11,12,13.742000,3.185000,-10.557000,i5 GUIDE
71,CSW24,12,13,12.145000,2.809000,-9.336000,d2 BIKE
71,CSW24,13,14,12.145000,2.794000,-9.351000,d2 KIBE
71,CSW24,14,15,11.743000,1.423000,-10.320000,j1 BUcKIE
71,CSW24,15,11,13.841000,0.986000,-12.855000,5k IMBUE
71,CSW24,16,17,10.000000,0.816000,-9.184000,d2 BUKE
71,CSW24,17,16,11.206000,0.079000,-11.127000,k6 BUIK
71,CSW24,18,20,9.089000,-0.462000,-9.551000,d2 GIBE
71,CSW24,19,18,9.632000,-0.652000,-10.284000,f1 IGLU
71,CSW24,20,19,9.632000,-0.777000,-10.409000,6h gIGUE
71,CSW24,21,21,8.767000,-1.225000,-9.992000,12a TIKI
71,CSW24,22,25,7.075000,-2.084000,-9.159000,9a EEK
71,CSW24,23,22,7.705000,-2.635000,-10.340000,j1 BIcKIE
71,CSW24,24,24,7.277000,-3.220000,-10.497000,6l EIK
71,CSW24,25,30,6.101000,-3.378000,-9.479000,5j GUM
124,CSW24,1,1,69.000000,54.550000,-14.450000,g2 NOOMETRY
124,CSW24,2,2,68.000000,54.039000,-13.961000,9h ENOMOTY
124,CSW24,3,4,22.989000,19.492000,-3.497000,8d OVERBY
124,CSW24,4,3,25.402000,19.076000,-6.326000,7f MOONY
124,CSW24,5,6,21.989000,17.671000,-4.318000,7f YO
124,CSW24,6,7,20.989000,16.453000,-4.536000,7h OY
124,CSW24,7,8,20.989000,16.225000,-4.764000,9h OY
124,CSW24,8,9,20.989000,15.836000,-5.153000,9h YO
124,CSW24,9,12,19.884000,15.486000,-4.398000,7f MOOT
124,CSW24,10,13,19.884000,15.314000,-4.570000,7f TOOM
124,CSW24,11,5,22.854000,15.240000,-7.614000,f8 ENOMOTY
124,CSW24,12,16,19.508000,15.202000,-4.306000,7f MOON
124,CSW24,13,19,18.528000,14.728000,-3.800000,7f MOO
124,CSW24,14,11,20.102000,13.793000,-6.309000,h8 BOOMY
124,CSW24,15,14,19.528000,13.632000,-5.896000,e5 OMOV
124,CSW24,16,10,20.649000,13.088000,-7.561000,9g EYOT
124,CSW24,17,24,17.528000,12.648000,-4.880000,7g OOM
124,CSW24,18,41,15.593000,12.208000,-3.385000,7f TOO
124,CSW24,19,33,16.234000,12.036000,-4.198000,7f TOON
124,CSW24,20,15,19.518000,11.584000,-7.934000,f2 MOONEYE
124,CSW24,21,23,17.646000,11.458000,-6.188000,h8 BOOTY
124,CSW24,22,22,17.913000,11.314000,-6.599000,e8 VENOM
124,CSW24,23,18,18.919000,11.307000,-7.612000,9h YOM
124,CSW24,24,20,18.418000,11.098000,-7.320000,e5 MOOVE
124,CSW24,25,34,15.989000,10.999000,-4.990000,f6 OYE
278,CSW24,1,1,94.000000,89.853000,-4.147000,3c SHEDLIKE
278,CSW24,2,2,36.929000,34.622000,-2.307000,m8 SILKED
278,CSW24,3,3,36.416000,33.917000,-2.499000,9e LEK
278,CSW24,4,4,35.919000,32.215000,-3.704000,3g HIKE
278,CSW24,5,5,34.949000,31.873000,-3.076000,3i HE
278,CSW24,6,6,33.224000,30.470000,-2.754000,g7 ERK
278,CSW24,7,7,32.606000,29.493000,-3.113000,f8 OIK
278,CSW24,8,10,31.949000,28.808000,-3.141000,h7 AAH
278,CSW24,9,9,31.949000,28.475000,-3.474000,i6 HUT
278,CSW24,10,12,31.510000,28.426000,-3.084000,9d KIDEL
278,CSW24,11,11,31.594000,28.356000,-3.238000,9d LISK
278,CSW24,12,8,31.949000,28.173000,-3.776000,g6 HER
278,CSW24,13,15,30.949000,27.910000,-3.039000,f8 OH
278,CSW24,14,14,30.949000,27.617000,-3.332000,7n HI
278,CSW24,15,22,29.606000,27.452000,-2.154000,n7 KI
278,CSW24,16,23,29.258000,27.358000,-1.900000,9e LEKS
278,CSW24,17,13,31.430000,27.313000,-4.117000,9c KILD
278,CSW24,18,19,30.145000,26.970000,-3.175000,9e EIK
278,CSW24,19,16,30.668000,26.910000,-3.758000,3g DIKE
278,CSW24,20,26,28.563000,26.619000,-1.944000,9e KISH
278,CSW24,21,18,30.198000,26.520000,-3.678000,g6 HERD
278,CSW24,22,24,28.942000,26.179000,-2.763000,9e SIK
278,CSW24,23,27,28.443000,26.107000,-2.336000,9f DEL
278,CSW24,24,21,29.623000,26.075000,-3.548000,9d DISK
278,CSW24,25,20,29.748000,26.014000,-3.734000,3g LIKE
225,CSW24,1,2,19.415000,15.609000,-3.806000,10d QI
225,CSW24,2,1,19.415000,15.589000,-3.826000,j5 QI
225,CSW24,3,3,18.046000,13.341000,-4.705000,ex BLQ
225,CSW24,4,6,15.716000,12.857000,-2.859000,j5 QIS
225,CSW24,5,4,17.133000,12.428000,-4.705000,ex BNQ
225,CSW24,6,5,16.012000,11.307000,-4.705000,ex BLNQ
225,CSW24,7,7,14.721000,10.016000,-4.705000,ex BQ
225,CSW24,8,11,13.408000,9.961000,-3.447000,4l BLAD
225,CSW24,9,8,14.200000,9.495000,-4.705000,ex NQ
225,CSW24,10,9,14.096000,9.391000,-4.705000,ex BNQT
225,CSW24,11,10,14.071000,9.366000,-4.705000,ex BLQT
225,CSW24,12,16,11.945000,8.666000,-3.279000,2j BLEND
225,CSW24,13,12,13.216000,8.511000,-4.705000,ex BQT
225,CSW24,14,13,13.203000,8.498000,-4.705000,ex NQT
225,CSW24,15,14,12.370000,7.665000,-4.705000,ex LNQ
225,CSW24,16,15,12.191000,7.486000,-4.705000,ex BLNQT
225,CSW24,17,21,9.393000,7.376000,-2.017000,15a BEN
225,CSW24,18,17,11.646000,6.941000,-4.705000,ex LQ
225,CSW24,19,18,10.399000,5.694000,-4.705000,ex LNQT
225,CSW24,20,19,9.876000,5.171000,-4.705000,ex LQT
225,CSW24,21,29,7.055000,5.094000,-1.961000,15a BET
225,CSW24,22,20,9.797000,5.092000,-4.705000,ex BELNQ
225,CSW24,23,22,9.197000,4.492000,-4.705000,ex QT
225,CSW24,24,23,9.110000,4.405000,-4.705000,ex BELNQT
225,CSW24,25,24,8.951000,4.246000,-4.705000,ex BELQ
525,CSW24,1,1,70.000000,60.735000,-9.265000,2a AERODYNE
525,CSW24,2,2,49.169000,40.379000,-8.790000,f12 ONY
525,CSW24,3,3,46.175000,37.442000,-8.733000,f12 ANY
525,CSW24,4,4,42.522000,35.467000,-7.055000,1b REYNARD
525,CSW24,5,7,40.380000,34.236000,-6.144000,1a DRAY
525,CSW24,6,9,40.169000,33.979000,-6.190000,a1 OY
525,CSW24,7,5,42.175000,33.568000,-8.607000,12c YAH
525,CSW24,8,6,41.969000,32.916000,-9.053000,14e FY
525,CSW24,9,12,37.175000,30.984000,-6.191000,a1 AY
525,CSW24,10,8,40.175000,30.878000,-9.297000,j10 YAG
525,CSW24,11,14,36.646000,30.536000,-6.110000,1a DREY
525,CSW24,12,11,38.169000,29.200000,-8.969000,4d OY
525,CSW24,13,16,35.169000,28.938000,-6.231000,1a DRONY
525,CSW24,14,10,38.278000,28.935000,-9.343000,j10 YOGA
525,CSW24,15,13,36.704000,27.935000,-8.769000,12a DONAH
525,CSW24,16,15,36.175000,26.967000,-9.208000,14b YA
525,CSW24,17,27,31.752000,25.107000,-6.645000,1a DREARY
525,CSW24,18,30,30.853000,24.380000,-6.473000,1a ORNERY
525,CSW24,19,19,32.969000,24.024000,-8.945000,12d OH
525,CSW24,20,18,33.076000,24.012000,-9.064000,c2 NOY
525,CSW24,21,17,33.225000,23.806000,-9.419000,j10 YAGER
525,CSW24,22,26,31.812000,23.252000,-8.560000,12b ODAH
525,CSW24,23,23,31.988000,23.129000,-8.859000,12c NOH
525,CSW24,24,25,31.812000,23.107000,-8.705000,d10 DOAB
525,CSW24,25,20,32.385000,23.022000,-9.363000,j10 DOGEY
344,CSW24,1,1,24.984000,23.816000,-1.168000,l5 VOIP
344,CSW24,2,2,24.816000,22.980000,-1.836000,f10 VOL
344,CSW24,3,3,22.086000,20.740000,-1.346000,l12 JAVA
344,CSW24,4,4,20.078000,18.618000,-1.460000,n4 RIVO
344,CSW24,5,5,19.673000,17.819000,-1.854000,n5 AVO
344,CSW24,6,7,19.086000,17.706000,-1.380000,e10 AVO
344,CSW24,7,10,17.760000,17.114000,-0.646000,e11 VOILA
344,CSW24,8,6,19.519000,17.045000,-2.474000,n4 ARVO
344,CSW24,9,8,18.673000,16.967000,-1.706000,f9 OVAL
344,CSW24,10,9,18.519000,16.590000,-1.929000,f8 ORVAL
344,CSW24,11,15,17.074000,16.188000,-0.886000,e9 VINO
344,CSW24,12,13,17.297000,16.098000,-1.199000,n5 VINO
344,CSW24,13,14,17.086000,15.944000,-1.142000,7m VAU
344,CSW24,14,11,17.427000,15.512000,-1.915000,f8 ANVIL
344,CSW24,15,12,17.427000,15.493000,-1.934000,f8 NIVAL
344,CSW24,16,16,16.509000,15.350000,-1.159000,e9 ARVO
344,CSW24,17,17,16.396000,15.110000,-1.286000,l4 ATRIP
344,CSW24,18,19,16.005000,15.085000,-0.920000,15h DAVIT
344,CSW24,19,21,15.460000,14.489000,-0.971000,e9 RIVO
344,CSW24,20,20,15.800000,13.833000,-1.967000,f8 RIVAL
344,CSW24,21,18,16.086000,13.813000,-2.273000,d10 VAV
344,CSW24,22,22,15.297000,13.568000,-1.729000,n4 VINO
344,CSW24,23,23,14.815000,13.540000,-1.275000,l6 NIP
344,CSW24,24,24,14.571000,13.308000,-1.263000,14k OR
344,CSW24,25,26,14.427000,13.228000,-1.199000,n5 VINA
819,CSW24,1,1,83.000000,87.001000,4.001000,a8 BAROSAUR
819,CSW24,2,2,29.258000,29.815000,0.557000,15a URAOS
819,CSW24,3,5,26.780000,27.373000,0.593000,15a AURAS
819,CSW24,4,3,27.436000,26.427000,-1.009000,m12 RAD
819,CSW24,5,4,27.110000,26.400000,-0.710000,b2 AURORAE
819,CSW24,6,6,25.110000,25.506000,0.396000,c2 AURORAE
819,CSW24,7,7,24.886000,24.619000,-0.267000,m7 AGORA
819,CSW24,8,12,22.211000,22.491000,0.280000,m10 SAROD
819,CSW24,9,9,22.815000,22.300000,-0.515000,d1 VARROA
819,CSW24,10,8,24.474000,22.078000,-2.396000,c12 URAO
819,CSW24,11,25,20.400000,20.928000,0.528000,15a ROARS
819,CSW24,12,10,22.788000,20.851000,-1.937000,d1 VOAR
819,CSW24,13,15,21.788000,20.588000,-1.200000,7a OAR
819,CSW24,14,16,21.788000,20.564000,-1.224000,7a ORA
819,CSW24,15,14,21.788000,20.547000,-1.241000,7a ARO
819,CSW24,16,17,21.788000,20.523000,-1.265000,m7 AGRO
819,CSW24,17,11,22.315000,19.991000,-2.324000,c12 AURA
819,CSW24,18,13,21.850000,19.957000,-1.893000,d1 VARA
819,CSW24,19,24,20.432000,19.877000,-0.555000,m12 RADS
819,CSW24,20,20,21.461000,19.851000,-1.610000,13l BA
819,CSW24,21,23,20.770000,19.761000,-1.009000,m12 ROD
819,CSW24,22,18,21.614000,19.729000,-1.885000,d1 VROU
819,CSW24,23,19,21.474000,19.515000,-1.959000,f1 GOURA
819,CSW24,24,22,20.850000,19.514000,-1.336000,m7 AGAR
819,CSW24,25,28,18.538000,19.101000,0.563000,15a ARRAS
1007,CSW24,1,1,33.056000,29.175000,-3.881000,j1 LAG
1007,CSW24,2,3,32.654000,28.474000,-4.180000,3h ZAG
1007,CSW24,3,2,32.898000,28.354000,-4.544000,j2 AG
1007,CSW24,4,4,29.979000,26.013000,-3.966000,j1 DAG
1007,CSW24,5,5,29.462000,25.430000,-4.032000,j1 RAG
1007,CSW24,6,6,26.654000,22.501000,-4.153000,11b GIF
1007,CSW24,7,7,25.524000,21.101000,-4.423000,h10 TARGED
1007,CSW24,8,11,24.981000,20.914000,-4.067000,f6 GIMEL
1007,CSW24,9,12,24.499000,19.904000,-4.595000,h10 TAIGLE
1007,CSW24,10,10,25.056000,19.811000,-5.245000,3f GAZAL
1007,CSW24,11,15,23.654000,19.433000,-4.221000,2g GET
1007,CSW24,12,16,23.394000,19.096000,-4.298000,h10 TERGAL
1007,CSW24,13,9,25.284000,18.784000,-6.500000,b11 GLIA
1007,CSW24,14,8,25.284000,18.663000,-6.621000,b11 GILA
1007,CSW24,15,13,24.169000,18.376000,-5.793000,b11 GILD
1007,CSW24,16,14,24.169000,18.328000,-5.841000,b11 GLID
1007,CSW24,17,19,22.981000,18.316000,-4.665000,b11 GI
1007,CSW24,18,43,20.888000,17.819000,-3.069000,11i DIG
1007,CSW24,19,27,22.228000,17.573000,-4.655000,h10 TRIAGE
1007,CSW24,20,26,22.228000,17.553000,-4.675000,h10 TIRAGE
1007,CSW24,21,33,21.826000,17.491000,-4.335000,h10 TIRLED
1007,CSW24,22,22,22.563000,17.097000,-5.466000,4i VIRGA
1007,CSW24,23,42,20.898000,17.067000,-3.831000,g1 AG
1007,CSW24,24,28,21.877000,16.791000,-5.086000,4i VAGI
1007,CSW24,25,29,21.877000,16.737000,-5.140000,4i VIGA
714,CSW24,1,1,8.317000,-3.584000,-11.901000,13h DIARIZE
714,CSW24,2,2,2.292000,-8.307000,-10.599000,5k TEIID
714,CSW24,3,3,1.006000,-10.075000,-11.081000,ex DIIII
714,CSW24,4,4,0.853000,-10.228000,-11.081000,ex IIIIT
714,CSW24,5,5,0.422000,-10.659000,-11.081000,ex III
714,CSW24,6,7,0.193000,-10.888000,-11.081000,ex IIII
714,CSW24,7,8,0.082000,-10.999000,-11.081000,ex AIIIIT
714,CSW24,8,9,0.000000,-11.081000,-11.081000,ex ADIIIIT
714,CSW24,9,10,-0.378000,-11.459000,-11.081000,ex DIIIIT
714,CSW24,10,11,-0.482000,-11.563000,-11.081000,ex ADIIII
714,CSW24,11,12,-0.488000,-11.569000,-11.081000,ex DIII
714,CSW24,12,13,-0.601000,-11.682000,-11.081000,ex IIIT
714,CSW24,13,14,-0.606000,-11.687000,-11.081000,ex AIIIT
714,CSW24,14,6,0.317000,-11.717000,-12.034000,b8 OIDIA
714,CSW24,15,15,-0.968000,-12.049000,-11.081000,ex ADIII
714,CSW24,16,16,-1.340000,-12.421000,-11.081000,ex AIII
714,CSW24,17,17,-1.710000,-12.544000,-10.834000,1f TIBIA
714,CSW24,18,18,-2.208000,-13.289000,-11.081000,ex ADIIIT
714,CSW24,19,19,-2.480000,-13.561000,-11.081000,ex AIIII
714,CSW24,20,20,-2.966000,-13.979000,-11.013000,a6 DIVI
714,CSW24,21,21,-3.464000,-14.545000,-11.081000,ex DIIIT
714,CSW24,22,22,-6.025000,-17.739000,-11.714000,c1 DAITH
714,CSW24,23,23,-8.076000,-19.157000,-11.081000,ex AII
714,CSW24,24,35,-11.885000,-19.611000,-7.726000,o14 AI
714,CSW24,25,24,-8.710000,-19.791000,-11.081000,ex AIIT
759,CSW24,1,1,82.000000,75.107000,-6.893000,12h PRIESTED
759,CSW24,2,2,78.000000,71.137000,-6.863000,12h RESPITED
759,CSW24,3,3,74.000000,68.753000,-5.247000,12g PREEDITS
759,CSW24,4,4,66.000000,62.121000,-3.879000,1e PREVISED
759,CSW24,5,5,65.000000,61.262000,-3.738000,1c DEPRIVES
759,CSW24,6,6,63.000000,58.006000,-4.994000,13g SPEEDIER
759,CSW24,7,7,53.178000,54.342000,1.164000,15l PYRE
759,CSW24,8,8,49.854000,50.066000,0.212000,15m YEP
759,CSW24,9,10,47.555000,49.981000,2.426000,15j PREYED
759,CSW24,10,9,48.412000,48.650000,0.238000,15m YIP
759,CSW24,11,11,47.178000,47.727000,0.549000,15l RYPE
759,CSW24,12,12,45.056000,46.126000,1.070000,15l PYES
759,CSW24,13,17,42.854000,46.088000,3.234000,15g SPIDERY
759,CSW24,14,15,44.781000,45.307000,0.526000,15l DYER
759,CSW24,15,25,41.723000,44.552000,2.829000,15h SPEEDY
759,CSW24,16,26,41.631000,43.496000,1.865000,15k SPYRE
759,CSW24,17,14,44.854000,42.609000,-2.245000,k4 PEE
759,CSW24,18,13,44.854000,42.513000,-2.341000,f2 PRE
759,CSW24,19,16,43.412000,41.161000,-2.251000,k4 PIE
759,CSW24,20,32,40.320000,40.364000,0.044000,15l EYED
759,CSW24,21,18,42.378000,40.146000,-2.232000,k4 DEE
759,CSW24,22,19,42.350000,39.797000,-2.553000,l11 DEP
759,CSW24,23,20,42.350000,39.793000,-2.557000,l11 PED
759,CSW24,24,24,41.780000,39.616000,-2.164000,2a AID
759,CSW24,25,41,39.056000,39.610000,0.554000,15l SYPE
1149,CSW24,1,1,37.749000,30.139000,-7.610000,9c BIPOD
1149,CSW24,2,2,31.683000,23.889000,-7.794000,9c PICOT
1149,CSW24,3,3,28.476000,20.530000,-7.946000,3g BID
1149,CSW24,4,4,26.766000,18.807000,-7.959000,9e BOD
1149,CSW24,5,5,24.932000,17.082000,-7.850000,9c DICOT
1149,CSW24,6,6,24.476000,16.282000,-8.194000,g1 DOB
1149,CSW24,7,7,23.782000,15.801000,-7.981000,g1 BOPO
1149,CSW24,8,10,22.683000,14.663000,-8.020000,d4 POTAMIC
1149,CSW24,9,8,22.972000,14.659000,-8.313000,l3 BID
1149,CSW24,10,9,22.766000,14.580000,-8.186000,l3 BOD
1149,CSW24,11,12,22.476000,14.246000,-8.230000,i1 BID
1149,CSW24,12,11,22.476000,14.186000,-8.290000,g1 BOD
1149,CSW24,13,13,21.005000,12.935000,-8.070000,g1 BOP
1149,CSW24,14,14,20.972000,12.897000,-8.075000,i1 BIDI
1149,CSW24,15,15,20.787000,12.831000,-7.956000,9e POD
1149,CSW24,16,17,19.726000,11.583000,-8.143000,9e BOT
1149,CSW24,17,16,19.879000,11.385000,-8.494000,11i BIPOD
1149,CSW24,18,18,18.476000,9.884000,-8.592000,1g BOD
1149,CSW24,19,19,18.476000,9.884000,-8.592000,1g DOB
1149,CSW24,20,20,18.049000,9.675000,-8.374000,9c BITO
1149,CSW24,21,23,17.787000,9.434000,-8.353000,9d POD
1149,CSW24,22,26,17.346000,9.276000,-8.070000,3g BIT
1149,CSW24,23,21,17.972000,9.224000,-8.748000,9c BID
1149,CSW24,24,22,17.972000,9.216000,-8.756000,9c DIB
1149,CSW24,25,24,17.476000,9.068000,-8.408000,11k BOD
489,CSW24,1,1,25.162000,13.082000,-12.080000,d1 YULE
489,CSW24,2,2,22.162000,12.034000,-10.128000,3b YULE
489,CSW24,3,3,17.435000,7.651000,-9.784000,d5 UEY
489,CSW24,4,4,15.885000,6.974000,-8.911000,3c LEERY
489,CSW24,5,6,13.435000,4.340000,-9.095000,l3 YULE
489,CSW24,6,5,14.435000,4.038000,-10.397000,3d UEY
489,CSW24,7,7,12.486000,2.421000,-10.065000,k4 LIEU
489,CSW24,8,8,12.435000,2.325000,-10.110000,f2 UEY
489,CSW24,9,9,11.486000,1.355000,-10.131000,3c ULE
489,CSW24,10,10,10.244000,0.006000,-10.238000,3b LURE
489,CSW24,11,16,9.699000,-0.045000,-9.744000,4d ENURE
489,CSW24,12,11,10.244000,-0.067000,-10.311000,3b RULE
489,CSW24,13,13,9.970000,-0.118000,-10.088000,3c RUE
489,CSW24,14,14,9.970000,-0.150000,-10.120000,3c URE
489,CSW24,15,18,9.244000,-0.306000,-9.550000,h2 UREAL
489,CSW24,16,17,9.486000,-0.498000,-9.984000,d3 LEU
489,CSW24,17,15,9.775000,-0.583000,-10.358000,d2 ULU
489,CSW24,18,19,8.723000,-1.008000,-9.731000,d3 YU
489,CSW24,19,21,8.486000,-1.164000,-9.650000,11k LEU
489,CSW24,20,22,8.003000,-1.314000,-9.317000,l1 RUELLE
489,CSW24,21,25,7.775000,-1.421000,-9.196000,l3 LULU
489,CSW24,22,27,7.721000,-1.611000,-9.332000,l4 ULU
489,CSW24,23,20,8.486000,-1.921000,-10.407000,3d LEU
489,CSW24,24,23,7.820000,-1.978000,-9.798000,4c LUNY
489,CSW24,25,24,7.820000,-2.054000,-9.874000,l10 RULY
1144,CSW24,1,1,72.000000,48.985000,-23.015000,4g DERAILED
1144,CSW24,2,2,72.000000,48.819000,-23.181000,4g REDIALED
1144,CSW24,3,3,68.000000,46.175000,-21.825000,6f LEADIER
1144,CSW24,4,4,41.778000,32.157000,-9.621000,o1 IDEAL
1144,CSW24,5,5,36.515000,25.921000,-10.594000,o1 IDEA
1144,CSW24,6,6,34.586000,24.039000,-10.547000,o1 IDEE
1144,CSW24,7,7,32.888000,21.445000,-11.443000,o5 DELI
1144,CSW24,8,11,30.841000,18.777000,-12.064000,o5 RELIED
1144,CSW24,9,10,30.841000,18.698000,-12.143000,o5 RELIDE
1144,CSW24,10,9,30.888000,18.685000,-12.203000,o1 IDE
1144,CSW24,11,12,30.841000,16.074000,-14.767000,o7 LIEDER
1144,CSW24,12,16,29.515000,15.859000,-13.656000,o6 ELIAD
1144,CSW24,13,28,26.931000,15.685000,-11.246000,o5 DALI
1144,CSW24,14,18,28.888000,15.641000,-13.247000,1l DELI
1144,CSW24,15,19,28.888000,14.549000,-14.339000,o7 LIED
1144,CSW24,16,23,27.981000,14.275000,-13.706000,o7 LIE
1144,CSW24,17,26,27.586000,13.692000,-13.894000,o6 ELIDE
1144,CSW24,18,58,25.217000,13.540000,-11.677000,o5 RELIE
1144,CSW24,19,29,26.765000,13.203000,-13.562000,8n SI
1144,CSW24,20,40,25.888000,12.673000,-13.215000,1l EILD
1144,CSW24,21,41,25.888000,12.623000,-13.265000,1l IDLE
1144,CSW24,22,39,25.979000,12.586000,-13.393000,1l DALE
1144,CSW24,23,47,25.586000,12.271000,-13.315000,1k EDILE
1144,CSW24,24,8,32.654000,12.252000,-20.402000,9i FRAE
1144,CSW24,25,48,25.564000,11.202000,-14.362000,o7 LIER
728,CSW24,1,1,33.245000,23.335000,-9.910000,l10 HORK
728,CSW24,2,2,32.605000,23.106000,-9.499000,9i FRITZ
728,CSW24,3,3,31.963000,22.205000,-9.758000,j4 ZONK
728,CSW24,4,6,29.792000,20.518000,-9.274000,4j FORGOT
728,CSW24,5,5,29.872000,20.442000,-9.430000,j2 ZHO
728,CSW24,6,4,30.245000,20.415000,-9.830000,j11 HORK
728,CSW24,7,7,28.342000,18.798000,-9.544000,9i FRITH
728,CSW24,8,9,26.471000,17.035000,-9.436000,11b FOLK
728,CSW24,9,12,25.719000,16.321000,-9.398000,j4 HONK
728,CSW24,10,13,24.953000,15.518000,-9.435000,9j FIRK
728,CSW24,11,15,24.516000,15.198000,-9.318000,j2 FOH
728,CSW24,12,14,24.719000,15.097000,-9.622000,11b HOLK
728,CSW24,13,19,23.704000,14.759000,-8.945000,l8 OFT
728,CSW24,14,17,24.451000,14.719000,-9.732000,l10 HOT
728,CSW24,15,8,26.872000,14.049000,-12.823000,b1 ZHO
728,CSW24,16,21,23.184000,14.007000,-9.177000,e10 ROK
728,CSW24,17,11,26.079000,13.924000,-12.155000,b8 FROTH
728,CSW24,18,18,24.301000,13.893000,-10.408000,b8 FORK
728,CSW24,19,16,24.516000,13.856000,-10.660000,b8 FOH
728,CSW24,20,10,26.079000,13.797000,-12.282000,b8 FORTH
728,CSW24,21,20,23.330000,13.744000,-9.586000,9j KITH
728,CSW24,22,22,22.315000,13.201000,-9.114000,4j FORGO
728,CSW24,23,24,21.704000,12.943000,-8.761000,9c FRONT
728,CSW24,24,27,21.348000,12.267000,-9.081000,j6 NTH
728,CSW24,25,25,21.638000,11.959000,-9.679000,9i KHI
929,CSW24,1,2,40.242000,34.687000,-5.555000,1m YOD
929,CSW24,2,1,42.242000,33.078000,-9.164000,8l BODY
929,CSW24,3,6,38.242000,32.632000,-5.610000,1m DOY
929,CSW24,4,9,36.900000,31.240000,-5.660000,1m YAD
929,CSW24,5,3,39.474000,30.447000,-9.027000,m7 YOLD
929,CSW24,6,4,39.110000,29.745000,-9.365000,12f ADORABLY
929,CSW24,7,5,38.681000,29.584000,-9.097000,8l BLAY
929,CSW24,8,16,34.900000,29.290000,-5.610000,1m DAY
929,CSW24,9,7,38.242000,29.253000,-8.989000,m7 YOD
929,CSW24,10,8,37.315000,28.287000,-9.028000,m7 YALD
929,CSW24,11,21,33.328000,27.610000,-5.718000,1m YAR
929,CSW24,12,11,35.640000,27.369000,-8.271000,10i SALARY
929,CSW24,13,14,35.446000,26.766000,-8.680000,l12 YO
929,CSW24,14,12,35.622000,26.684000,-8.938000,10f DORSALLY
929,CSW24,15,15,35.328000,26.255000,-9.073000,8l BRAY
929,CSW24,16,17,34.900000,25.938000,-8.962000,m7 YAD
929,CSW24,17,18,34.505000,25.476000,-9.029000,m7 YARD
929,CSW24,18,19,34.242000,25.222000,-9.020000,m7 DOY
929,CSW24,19,20,34.129000,25.125000,-9.004000,8l BYRL
929,CSW24,20,10,36.474000,24.663000,-11.811000,14l ODYL
929,CSW24,21,42,30.328000,24.496000,-5.832000,1m RAY
929,CSW24,22,23,33.073000,24.447000,-8.626000,12h DRABLY
929,CSW24,23,25,32.724000,24.082000,-8.642000,l12 YA
929,CSW24,24,45,29.967000,24.014000,-5.953000,o1 DSO
929,CSW24,25,24,32.887000,23.660000,-9.227000,10f DORSAL
1164,CSW24,1,1,27.700000,30.354000,2.654000,f5 EYRIE
1164,CSW24,2,2,27.312000,29.148000,1.836000,10d LIMEY
1164,CSW24,3,4,22.216000,25.656000,3.440000,10a YE
1164,CSW24,4,3,22.320000,24.938000,2.618000,f7 RIMY
1164,CSW24,5,6,21.216000,24.807000,3.591000,l8 PYE
1164,CSW24,6,7,21.216000,24.799000,3.583000,k13 YER
1164,CSW24,7,5,21.647000,24.592000,2.945000,f10 MEINY
1164,CSW24,8,8,20.320000,23.337000,3.017000,j8 RIMY
1164,CSW24,9,10,20.216000,23.125000,2.909000,10d LEY
1164,CSW24,10,9,20.320000,23.052000,2.732000,10d LIMY
1164,CSW24,11,14,18.593000,22.560000,3.967000,l8 PIE
1164,CSW24,12,12,18.828000,22.347000,3.519000,f5 EYRE
1164,CSW24,13,15,18.216000,22.077000,3.861000,11d UEY
1164,CSW24,14,13,18.828000,21.736000,2.908000,10k EELY
1164,CSW24,15,16,18.216000,21.504000,3.288000,12g YE
1164,CSW24,16,18,17.647000,20.911000,3.264000,j8 RIME
1164,CSW24,17,17,17.647000,20.809000,3.162000,f7 RIEM
1164,CSW24,18,19,17.647000,20.639000,2.992000,10d LIME
1164,CSW24,19,21,16.320000,20.265000,3.945000,f5 MIRY
1164,CSW24,20,11,18.882000,19.548000,0.666000,f5 EYRIES
1164,CSW24,21,20,16.385000,19.130000,2.745000,ex EIY
1164,CSW24,22,24,15.025000,18.879000,3.854000,j2 IMINO
1164,CSW24,23,22,15.985000,18.855000,2.870000,14j MEL
1164,CSW24,24,29,14.593000,18.825000,4.232000,f6 IRE
1164,CSW24,25,33,14.216000,18.290000,4.074000,f5 YER
490,CSW24,1,1,28.744000,22.892000,-5.852000,j7 DELO
490,CSW24,2,2,26.849000,21.029000,-5.820000,j7 DELE
490,CSW24,3,4,22.596000,17.068000,-5.528000,j13 DZO
490,CSW24,4,3,22.644000,15.123000,-7.521000,12d ZEOLITE
490,CSW24,5,5,20.868000,14.339000,-6.529000,j7 DEL
490,CSW24,6,6,20.466000,14.207000,-6.259000,14g QI
490,CSW24,7,7,19.849000,12.760000,-7.089000,14f ELIDE
490,CSW24,8,8,17.868000,10.953000,-6.915000,14h IDLE
490,CSW24,9,12,16.474000,10.008000,-6.466000,14g LIDO
490,CSW24,10,11,16.474000,9.927000,-6.547000,14f OLID
490,CSW24,11,10,16.474000,9.692000,-6.782000,14f LOID
490,CSW24,12,13,16.474000,9.476000,-6.998000,14h IDOL
490,CSW24,13,14,15.888000,9.359000,-6.529000,j7 DEE
490,CSW24,14,15,14.647000,8.454000,-6.193000,j9 DOE
490,CSW24,15,9,17.744000,7.892000,-9.852000,7b DELO
490,CSW24,16,16,14.634000,7.670000,-6.964000,j7 DE
490,CSW24,17,18,13.793000,7.301000,-6.492000,ex ELQ
490,CSW24,18,19,13.634000,7.277000,-6.357000,14h IDE
490,CSW24,19,17,13.868000,6.701000,-7.167000,11h NALED
490,CSW24,20,21,12.900000,6.408000,-6.492000,ex EQ
490,CSW24,21,22,12.888000,6.384000,-6.504000,j9 DEE
490,CSW24,22,20,13.188000,6.224000,-6.964000,j9 LEE
490,CSW24,23,25,12.528000,6.124000,-6.404000,11h NAZE
490,CSW24,24,27,11.868000,6.121000,-5.747000,j13 DEL
490,CSW24,25,23,12.888000,6.104000,-6.784000,14g EIDE
795,CSW24,1,2,21.249000,13.743000,-7.506000,c9 DOTE
795,CSW24,2,7,20.152000,13.737000,-6.415000,k9 TOMATO
795,CSW24,3,4,21.055000,13.672000,-7.383000,4a VOTE
795,CSW24,4,3,21.055000,13.669000,-7.386000,4a VETO
795,CSW24,5,1,21.249000,13.462000,-7.787000,4a VOTED
795,CSW24,6,5,21.006000,12.704000,-8.302000,4a VETOED
795,CSW24,7,9,19.632000,12.396000,-7.236000,5c OAT
795,CSW24,8,6,20.249000,12.059000,-8.190000,k4 DOTE
795,CSW24,9,8,20.055000,11.486000,-8.569000,14h TOZE
795,CSW24,10,14,19.055000,11.366000,-7.689000,k4 TOE
795,CSW24,11,25,17.129000,11.296000,-5.833000,j6 DE
795,CSW24,12,28,16.653000,10.973000,-5.680000,9a DOAT
795,CSW24,13,13,19.249000,10.923000,-8.326000,k4 TOED
795,CSW24,14,16,18.288000,10.913000,-7.375000,5i NEAT
795,CSW24,15,23,17.198000,10.831000,-6.367000,f10 ETA
795,CSW24,16,26,17.057000,10.519000,-6.538000,9b OOT
795,CSW24,17,32,16.382000,10.420000,-5.962000,j6 DEE
795,CSW24,18,24,17.198000,10.404000,-6.794000,m13 TE
795,CSW24,19,21,17.510000,10.004000,-7.506000,c9 DATE
795,CSW24,20,31,16.403000,9.867000,-6.536000,d6 DAWTED
795,CSW24,21,10,19.632000,9.712000,-9.920000,m13 TAO
795,CSW24,22,35,16.198000,9.612000,-6.586000,5i NET
795,CSW24,23,18,18.208000,9.502000,-8.706000,k4 TOEA
795,CSW24,24,11,19.288000,9.377000,-9.911000,m13 TAE
795,CSW24,25,12,19.288000,9.360000,-9.928000,m13 TEA
526,CSW24,1,1,51.162000,45.395000,-5.767000,8a BATH
526,CSW24,2,2,48.211000,42.492000,-5.719000,8a BETH
526,CSW24,3,3,46.359000,40.490000,-5.869000,8a RUTH
526,CSW24,4,4,43.249000,37.267000,-5.982000,8a BUHR
526,CSW24,5,5,42.077000,35.794000,-6.283000,8a EATH
526,CSW24,6,6,41.688000,35.427000,-6.261000,8a HUB
526,CSW24,7,7,41.035000,35.097000,-5.938000,8a RATH
526,CSW24,8,8,39.162000,33.241000,-5.921000,8a BAHT
526,CSW24,9,9,35.888000,29.630000,-6.258000,8a TUBA
526,CSW24,10,10,34.181000,28.050000,-6.131000,8a BAH
526,CSW24,11,11,33.888000,28.005000,-5.883000,8a BUAT
526,CSW24,12,12,33.685000,27.372000,-6.313000,8a TUBE
526,CSW24,13,13,32.863000,26.646000,-6.217000,8a RUBE
526,CSW24,14,15,31.685000,25.511000,-6.174000,8a BUTE
526,CSW24,15,16,30.322000,24.017000,-6.305000,8a HUER
526,CSW24,16,17,29.382000,22.964000,-6.418000,8a HUT
526,CSW24,17,19,29.035000,22.735000,-6.300000,8a TAHR
526,CSW24,18,14,32.169000,22.720000,-9.449000,10c BHUT
526,CSW24,19,18,29.221000,22.673000,-6.548000,8a TUB
526,CSW24,20,23,27.838000,21.586000,-6.252000,8a TEHR
526,CSW24,21,25,27.478000,21.074000,-6.404000,8a RUB
526,CSW24,22,31,27.077000,20.986000,-6.091000,8a HEAT
526,CSW24,23,28,27.221000,20.852000,-6.369000,8a BUT
526,CSW24,24,29,27.077000,20.833000,-6.244000,8a HAET
526,CSW24,25,30,27.077000,20.647000,-6.430000,8a HATE
1158,CSW24,1,1,64.000000,55.376000,-8.624000,13c REVERTANT
1158,CSW24,2,2,62.000000,55.244000,-6.756000,h5 ANTEVERT
1158,CSW24,3,3,44.688000,37.788000,-6.900000,1l VANT
1158,CSW24,4,4,43.438000,36.725000,-6.713000,1k AVANT
1158,CSW24,5,5,31.927000,25.309000,-6.618000,1l TAVA
1158,CSW24,6,7,30.987000,24.728000,-6.259000,4l TEFS
1158,CSW24,7,6,31.572000,24.625000,-6.947000,1l VANE
1158,CSW24,8,8,30.778000,23.848000,-6.930000,1l VARA
1158,CSW24,9,9,30.078000,23.511000,-6.567000,1k TRAVE
1158,CSW24,10,10,29.718000,22.813000,-6.905000,1l VARE
1158,CSW24,11,11,27.891000,20.920000,-6.971000,n9 TAVERT
1158,CSW24,12,12,27.518000,20.496000,-7.022000,n9 TAVERN
1158,CSW24,13,16,25.438000,19.352000,-6.086000,4d AVANT
1158,CSW24,14,14,25.654000,19.061000,-6.593000,1l VAT
1158,CSW24,15,13,25.891000,16.871000,-9.020000,n10 TAVERT
1158,CSW24,16,15,25.518000,16.491000,-9.027000,n10 TAVERN
1158,CSW24,17,22,22.654000,16.323000,-6.331000,1l TAV
1158,CSW24,18,17,23.215000,16.232000,-6.983000,n10 AVERT
1158,CSW24,19,19,23.215000,16.130000,-7.085000,n10 TRAVE
1158,CSW24,20,18,23.215000,16.087000,-7.128000,n10 TAVER
1158,CSW24,21,24,21.927000,16.036000,-5.891000,5h VANT
1158,CSW24,22,23,22.572000,15.959000,-6.613000,1l NAVE
1158,CSW24,23,20,22.927000,15.855000,-7.072000,e13 VAT
1158,CSW24,24,21,22.683000,15.778000,-6.905000,e10 ACT
1158,CSW24,25,28,21.654000,15.597000,-6.057000,h7 VET
445,CSW24,1,1,64.000000,56.348000,-7.652000,1b PROVIANT
445,CSW24,2,2,26.258000,17.413000,-8.845000,3c PIVOTS
445,CSW24,3,3,25.518000,16.643000,-8.875000,3b PAVIORS
445,CSW24,4,9,22.608000,15.630000,-6.978000,f6 VIG
445,CSW24,5,4,24.869000,15.555000,-9.314000,5b PIVOTAL
445,CSW24,6,5,23.622000,15.137000,-8.485000,4c PIVOTER
445,CSW24,7,11,21.796000,14.655000,-7.141000,f6 VOG
445,CSW24,8,6,23.622000,14.654000,-8.968000,4f OVERTIP
445,CSW24,9,7,23.032000,14.052000,-8.980000,3c PARVOS
445,CSW24,10,8,23.032000,13.456000,-9.576000,3c VAPORS
445,CSW24,11,10,22.310000,13.421000,-8.889000,3c PARVIS
445,CSW24,12,13,21.589000,13.131000,-8.458000,c9 WAP
445,CSW24,13,15,21.396000,13.091000,-8.305000,6f VOIP
445,CSW24,14,14,21.522000,12.731000,-8.791000,4b PRIVATE
445,CSW24,15,12,21.792000,12.642000,-9.150000,4f OVERAPT
445,CSW24,16,20,19.051000,11.883000,-7.168000,f6 VAG
445,CSW24,17,16,21.067000,11.500000,-9.567000,3b TRAVOIS
445,CSW24,18,18,21.032000,11.466000,-9.566000,5c VORPAL
445,CSW24,19,19,19.512000,10.996000,-8.516000,4d PROVE
445,CSW24,20,17,21.067000,10.662000,-10.405000,3b VIATORS
445,CSW24,21,23,18.569000,9.969000,-8.600000,5e VIOL
445,CSW24,22,21,18.608000,9.953000,-8.655000,h10 DIV
445,CSW24,23,24,18.074000,9.810000,-8.264000,2g VOIP
445,CSW24,24,22,18.592000,9.733000,-8.859000,3c TRAVIS
445,CSW24,25,25,18.026000,9.385000,-8.641000,c9 WAT
365,CSW24,1,1,40.722000,32.273000,-8.449000,14f JEE
365,CSW24,2,2,37.722000,29.302000,-8.420000,n10 JET
365,CSW24,3,3,34.154000,25.042000,-9.112000,n8 JIB
365,CSW24,4,4,29.785000,23.018000,-6.767000,a7 EVINCE
365,CSW24,5,5,27.938000,18.986000,-8.952000,m9 VINIC
365,CSW24,6,6,25.261000,15.699000,-9.562000,m11 JIB
365,CSW24,7,8,22.706000,14.080000,-8.626000,k9 JINn
365,CSW24,8,7,22.909000,13.407000,-9.502000,m11 JIVE
365,CSW24,9,9,20.635000,11.063000,-9.572000,m9 CIVIE
365,CSW24,10,10,20.295000,10.305000,-9.990000,m11 JIBE
365,CSW24,11,15,16.553000,10.054000,-6.499000,a11 NEIVE
365,CSW24,12,11,19.938000,9.539000,-10.399000,m11 VINIC
365,CSW24,13,14,16.553000,9.343000,-7.210000,a8 NIEVE
365,CSW24,14,13,16.553000,9.311000,-7.242000,a8 NEIVE
365,CSW24,15,25,14.533000,7.875000,-6.658000,a12 EEVN
365,CSW24,16,26,14.533000,7.505000,-7.028000,a12 EVEN
365,CSW24,17,12,16.586000,6.931000,-9.655000,n8 NIB
365,CSW24,18,16,15.902000,5.476000,-10.426000,n4 JIVE
365,CSW24,19,21,14.701000,5.368000,-9.333000,f14 JO
365,CSW24,20,20,14.701000,5.338000,-9.363000,10n JA
365,CSW24,21,19,14.706000,5.263000,-9.443000,n8 JIN
365,CSW24,22,17,14.830000,5.122000,-9.708000,m11 CIVE
365,CSW24,23,24,14.582000,4.996000,-9.586000,n8 NEB
365,CSW24,24,18,14.830000,4.850000,-9.980000,m11 VICE
365,CSW24,25,27,14.162000,4.459000,-9.703000,14f BEE
114,CSW24,1,5,74.000000,69.760000,-4.240000,2e THrIVER
114,CSW24,2,4,74.000000,69.750000,-4.250000,2e THRIVEs
114,CSW24,3,3,74.000000,69.748000,-4.252000,2e THRIVEr
114,CSW24,4,1,74.000000,69.734000,-4.266000,2e THRIVEd
114,CSW24,5,2,74.000000,69.715000,-4.285000,2e THRIVEn
114,CSW24,6,6,68.000000,62.043000,-5.957000,9a THRIVEs
114,CSW24,7,7,60.292000,58.763000,-1.529000,m2 THRIVE
114,CSW24,8,8,59.568000,58.327000,-1.241000,4c CHIV
114,CSW24,9,9,57.722000,56.544000,-1.178000,f11 GOTHY
114,CSW24,10,10,57.707000,56.329000,-1.378000,d3 THREE
114,CSW24,11,11,56.687000,55.431000,-1.256000,4a VICE
114,CSW24,12,12,54.759000,54.106000,-0.653000,11d VAGUE
114,CSW24,13,13,54.643000,54.007000,-0.636000,e4 VIG
114,CSW24,14,14,54.329000,53.420000,-0.909000,4c CH
114,CSW24,15,15,54.264000,52.898000,-1.366000,4c CHIVE
114,CSW24,16,16,53.420000,52.306000,-1.114000,4a ITCH
114,CSW24,17,17,53.420000,52.292000,-1.128000,4a TICH
114,CSW24,18,19,52.759000,52.163000,-0.596000,f11 GOV
114,CSW24,19,18,53.329000,52.091000,-1.238000,g6 PITH
114,CSW24,20,20,52.707000,51.994000,-0.713000,10e TEHR
114,CSW24,21,21,52.329000,51.334000,-0.995000,9k HID
114,CSW24,22,23,51.707000,50.383000,-1.324000,9e TEHR
114,CSW24,23,24,51.420000,50.255000,-1.165000,4c CHIT
114,CSW24,24,22,52.292000,49.866000,-2.426000,2e THRIVE
114,CSW24,25,27,50.329000,49.494000,-0.835000,5c UH
587,CSW24,1,1,37.292000,30.619000,-6.673000,h11 ALGUM
587,CSW24,2,2,37.292000,30.578000,-6.714000,h11 ALMUG
587,CSW24,3,3,35.409000,29.060000,-6.349000,c3 MOG
587,CSW24,4,4,31.292000,24.248000,-7.044000,12k GLUM
587,CSW24,5,8,29.710000,22.851000,-6.859000,12l MUG
587,CSW24,6,7,29.710000,22.454000,-7.256000,c1 GUM
587,CSW24,7,6,30.011000,22.354000,-7.657000,m9 GUSTO
587,CSW24,8,9,28.794000,22.303000,-6.491000,c3 LOG
587,CSW24,9,13,27.637000,21.166000,-6.471000,c3 TOG
587,CSW24,10,11,28.092000,20.980000,-7.112000,12k GLOM
587,CSW24,11,12,27.938000,20.856000,-7.082000,12k GLUT
587,CSW24,12,5,30.510000,20.570000,-9.940000,12k GLOUT
587,CSW24,13,14,27.457000,20.159000,-7.298000,m11 SMUG
587,CSW24,14,27,25.308000,19.421000,-5.887000,c3 MOGS
587,CSW24,15,18,26.409000,19.369000,-7.040000,12l MOG
587,CSW24,16,16,26.938000,19.092000,-7.846000,l8 GULET
587,CSW24,17,15,27.092000,19.073000,-8.019000,l8 GOLEM
587,CSW24,18,26,25.308000,18.858000,-6.450000,c2 SMOG
587,CSW24,19,19,25.848000,18.838000,-7.010000,d8 SMOUT
587,CSW24,20,29,25.079000,18.573000,-6.506000,2e ULTIMO
587,CSW24,21,10,28.518000,18.495000,-10.023000,m6 GLOMUS
587,CSW24,22,23,25.415000,18.072000,-7.343000,m11 SLUG
587,CSW24,23,31,24.457000,17.477000,-6.980000,c1 GUMS
587,CSW24,24,17,26.518000,17.257000,-9.261000,m6 MOGULS
587,CSW24,25,32,24.308000,16.781000,-7.527000,m11 SMOG
996,CSW24,1,1,27.104000,26.875000,-0.229000,m8 ACETIN
996,CSW24,2,2,25.615000,25.934000,0.319000,d6 PERPENT
996,CSW24,3,3,23.891000,23.887000,-0.004000,m8 ATELIC
996,CSW24,4,6,23.444000,23.809000,0.365000,8a CAIRN
996,CSW24,5,7,23.428000,23.743000,0.315000,8a CLART
996,CSW24,6,5,23.518000,23.537000,0.019000,m8 INLACE
996,CSW24,7,4,23.518000,23.465000,-0.053000,m8 ANCILE
996,CSW24,8,8,23.104000,23.077000,-0.027000,m8 ANETIC
996,CSW24,9,9,22.325000,22.934000,0.609000,6b CAPI
996,CSW24,10,10,21.573000,22.908000,1.335000,4d FAAN
996,CSW24,11,11,21.342000,22.254000,0.912000,3i LA
996,CSW24,12,12,20.979000,22.081000,1.102000,i6 TAWA
996,CSW24,13,13,20.342000,21.265000,0.923000,m8 AL
996,CSW24,14,16,19.823000,21.138000,1.315000,ex L
996,CSW24,15,14,20.119000,20.513000,0.394000,e9 ICTAL
996,CSW24,16,22,19.409000,20.274000,0.865000,3a LI
996,CSW24,17,18,19.694000,20.218000,0.524000,e9 ACTIN
996,CSW24,18,17,19.750000,20.209000,0.459000,8a NACRE
996,CSW24,19,24,19.212000,20.124000,0.912000,m8 IN
996,CSW24,20,19,19.694000,20.101000,0.407000,e9 ANTIC
996,CSW24,21,15,19.891000,19.825000,-0.066000,e9 ATELIC
996,CSW24,22,23,19.214000,19.625000,0.411000,8a ICER
996,CSW24,23,30,18.718000,19.615000,0.897000,3i TE
996,CSW24,24,29,19.006000,19.524000,0.518000,e9 INCLE
996,CSW24,25,28,19.006000,19.506000,0.500000,e9 INCEL
887,CSW24,1,1,27.049000,17.593000,-9.456000,9k DIYA
887,CSW24,2,3,22.772000,15.385000,-7.387000,a12 FADY
887,CSW24,3,2,23.634000,13.403000,-10.231000,c9 YAUTIA
887,CSW24,4,4,20.067000,10.344000,-9.723000,9l PYA
887,CSW24,5,6,18.807000,9.974000,-8.833000,10b YAULD
887,CSW24,6,5,18.972000,7.777000,-11.195000,d3 AUDIAL
887,CSW24,7,8,15.049000,6.231000,-8.818000,10b DAILY
887,CSW24,8,7,17.955000,4.023000,-13.932000,c10 PITAYA
887,CSW24,9,10,12.739000,3.846000,-8.893000,10b DUPLY
887,CSW24,10,9,14.679000,3.532000,-11.147000,m3 AUDIST
887,CSW24,11,12,12.067000,2.290000,-9.777000,6m PYA
887,CSW24,12,13,11.885000,2.006000,-9.879000,9i PADI
887,CSW24,13,14,11.838000,1.819000,-10.019000,c9 ADYTA
887,CSW24,14,11,12.089000,1.735000,-10.354000,9m YA
887,CSW24,15,16,11.399000,1.498000,-9.901000,10c UPLAY
887,CSW24,16,17,11.399000,1.373000,-10.026000,10e LAYUP
887,CSW24,17,22,10.277000,1.064000,-9.213000,11b DUAD
887,CSW24,18,21,10.277000,1.040000,-9.237000,11b DAUD
887,CSW24,19,19,10.373000,0.576000,-9.797000,o7 UNPAID
887,CSW24,20,20,10.373000,0.533000,-9.840000,10c UPLAID
887,CSW24,21,15,11.399000,0.198000,-11.201000,m5 UPSTAY
887,CSW24,22,30,9.796000,0.096000,-9.700000,10c PULY
887,CSW24,23,29,9.813000,0.030000,-9.783000,10c PILAU
887,CSW24,24,27,10.020000,0.009000,-10.011000,c10 UPTA
887,CSW24,25,23,10.067000,-0.098000,-10.165000,d6 PALY
116,CSW24,1,1,78.000000,60.018000,-17.982000,4h PLAINANT
116,CSW24,2,2,78.000000,59.986000,-18.014000,4h PLANTAIN
116,CSW24,3,3,35.355000,21.088000,-14.267000,1f NAP
116,CSW24,4,4,34.891000,20.417000,-14.474000,1c TAIPAN
116,CSW24,5,6,31.215000,16.945000,-14.270000,1d APIAN
116,CSW24,6,8,29.355000,14.955000,-14.400000,1f PAN
116,CSW24,7,5,32.067000,14.925000,-17.142000,a3 INFANTA
116,CSW24,8,9,29.078000,14.829000,-14.249000,1e PIAN
116,CSW24,9,10,28.519000,14.295000,-14.224000,1e PAAN
116,CSW24,10,12,27.356000,13.301000,-14.055000,1e ATAP
116,CSW24,11,7,30.042000,12.825000,-17.217000,a3 INFANT
116,CSW24,12,13,27.355000,11.879000,-15.476000,1m PAN
116,CSW24,13,14,25.737000,11.474000,-14.263000,1f TAP
116,CSW24,14,11,27.697000,10.297000,-17.400000,a1 ANTIFA
116,CSW24,15,18,23.966000,9.553000,-14.413000,1d ANNAT
116,CSW24,16,20,23.737000,9.417000,-14.320000,h1 TEPA
116,CSW24,17,21,23.356000,8.331000,-15.025000,1l ATAP
116,CSW24,18,15,24.864000,7.961000,-16.903000,a5 FINNA
116,CSW24,19,17,24.766000,7.885000,-16.881000,a5 FITNA
116,CSW24,20,16,24.766000,7.733000,-17.033000,a5 FAINT
116,CSW24,21,29,21.465000,7.291000,-14.174000,1g AN
116,CSW24,22,36,20.766000,6.408000,-14.358000,1e TIAN
116,CSW24,23,25,22.855000,5.715000,-17.140000,a5 FAIN
116,CSW24,24,40,19.737000,5.370000,-14.367000,1f PAT
116,CSW24,25,42,19.211000,4.809000,-14.402000,1f NAT
507,CSW24,1,5,72.758000,73.128000,0.370000,n9 OH
507,CSW24,2,1,78.000000,72.890000,-5.110000,n5 PHOnERS
507,CSW24,3,2,77.000000,72.038000,-4.962000,n4 uPHROES
507,CSW24,4,7,72.095000,71.839000,-0.256000,n8 POH
507,CSW24,5,3,76.000000,71.405000,-4.595000,n5 uPHROES
507,CSW24,6,6,72.340000,70.830000,-1.510000,5c POSH
507,CSW24,7,4,76.000000,70.796000,-5.204000,n7 tHORPES
507,CSW24,8,19,69.865000,70.218000,0.353000,5c HOS
507,CSW24,9,20,68.764000,69.178000,0.414000,n9 EH
507,CSW24,10,22,67.758000,68.285000,0.527000,b1 HO
507,CSW24,11,23,67.439000,68.150000,0.711000,5c POS
507,CSW24,12,21,68.115000,67.903000,-0.212000,n8 PEH
507,CSW24,13,25,67.167000,67.453000,0.286000,n8 REH
507,CSW24,14,27,66.675000,67.070000,0.395000,b1 PO
507,CSW24,15,26,66.865000,67.057000,0.192000,n9 OHS
507,CSW24,16,8,72.000000,66.998000,-5.002000,n5 HOPpERS
507,CSW24,17,12,72.000000,66.962000,-5.038000,n5 gOPHERS
507,CSW24,18,11,72.000000,66.907000,-5.093000,n5 POtHERS
507,CSW24,19,10,72.000000,66.885000,-5.115000,n5 HOpPERS
507,CSW24,20,9,72.000000,66.774000,-5.226000,n5 HOoPERS
507,CSW24,21,13,71.000000,66.540000,-4.460000,n4 PORcHES
507,CSW24,22,17,70.292000,66.537000,-3.755000,5c ROSEHIP
507,CSW24,23,16,71.000000,66.260000,-4.740000,n4 tHORPES
507,CSW24,24,14,71.000000,66.041000,-4.959000,n4 SHOPpER
507,CSW24,25,29,65.865000,66.018000,0.153000,n8 SOH
292,CSW24,1,2,24.505000,19.480000,-5.025000,9e LOON
292,CSW24,2,1,24.505000,18.074000,-6.431000,9c NOLO
292,CSW24,3,5,20.993000,14.703000,-6.290000,9e LOO
292,CSW24,4,6,19.993000,14.348000,-5.645000,7c LOO
292,CSW24,5,4,21.505000,14.160000,-7.345000,9b LOON
292,CSW24,6,3,21.505000,13.995000,-7.510000,7b LOON
292,CSW24,7,9,18.216000,11.478000,-6.738000,d8 KNOLL
292,CSW24,8,11,17.993000,10.207000,-7.786000,9b LOO
292,CSW24,9,10,17.993000,10.051000,-7.942000,7b LOO
292,CSW24,10,21,15.751000,10.020000,-5.731000,9e LOONS
292,CSW24,11,26,15.222000,9.722000,-5.500000,7d ONO
292,CSW24,12,27,15.222000,9.349000,-5.873000,9d ONO
292,CSW24,13,15,15.993000,8.739000,-7.254000,d5 LOOK
292,CSW24,14,34,14.222000,8.651000,-5.571000,9f OON
292,CSW24,15,16,15.993000,8.530000,-7.463000,d8 KOLO
292,CSW24,16,33,14.222000,8.425000,-5.797000,9e NOO
292,CSW24,17,39,13.223000,8.217000,-5.006000,9e SOOL
292,CSW24,18,38,13.223000,8.105000,-5.118000,9e LOOS
292,CSW24,19,25,15.223000,7.679000,-7.544000,d8 KOLOS
292,CSW24,20,40,13.222000,7.592000,-5.630000,7c NOO
292,CSW24,21,29,14.993000,7.315000,-7.678000,f8 DOOL
292,CSW24,22,37,13.223000,6.803000,-6.420000,9c SOLO
292,CSW24,23,42,13.222000,6.465000,-6.757000,9c OON
292,CSW24,24,41,13.222000,6.388000,-6.834000,7c OON
292,CSW24,25,46,11.984000,6.218000,-5.766000,7c LO
503,CSW24,1,1,49.983000,42.679000,-7.304000,9g DIXY
503,CSW24,2,2,46.217000,38.855000,-7.362000,9g NIXY
503,CSW24,3,3,44.217000,37.762000,-6.455000,9g NIX
503,CSW24,4,6,40.143000,33.490000,-6.653000,9g LAX
503,CSW24,5,7,38.503000,31.564000,-6.939000,9g XI
503,CSW24,6,5,40.228000,30.421000,-9.807000,9h IXNAY
503,CSW24,7,4,40.394000,30.131000,-10.263000,9i XYLAN
503,CSW24,8,10,36.257000,28.988000,-7.269000,c6 AX
503,CSW24,9,11,36.257000,28.859000,-7.398000,9h AX
503,CSW24,10,8,36.967000,28.420000,-8.547000,9h AXIL
503,CSW24,11,9,36.503000,28.329000,-8.174000,9i XI
503,CSW24,12,15,32.731000,25.428000,-7.303000,d11 ID
503,CSW24,13,13,33.983000,25.348000,-8.635000,2c JAXY
503,CSW24,14,12,35.217000,24.909000,-10.308000,b4 NIXY
503,CSW24,15,16,32.442000,24.216000,-8.226000,5a LAYIN
503,CSW24,16,14,33.217000,23.593000,-9.624000,b4 NIX
503,CSW24,17,17,31.133000,22.880000,-8.253000,e6 ADENYL
503,CSW24,18,18,29.983000,22.667000,-7.316000,g7 YEX
503,CSW24,19,19,29.983000,22.624000,-7.359000,i7 YEX
503,CSW24,20,21,29.688000,22.603000,-7.085000,7g YAD
503,CSW24,21,20,29.688000,22.569000,-7.119000,7g DAY
503,CSW24,22,24,28.786000,21.466000,-7.320000,5c YIN
503,CSW24,23,28,28.478000,20.849000,-7.629000,e7 DELAY
503,CSW24,24,22,29.227000,20.746000,-8.481000,5d IXNAY
503,CSW24,25,27,28.503000,20.405000,-8.098000,6d TIX
623,CSW24,1,1,27.334000,20.471000,-6.863000,2j TWIRP
623,CSW24,2,2,24.380000,18.306000,-6.074000,7c VOW
623,CSW24,3,3,19.628000,13.480000,-6.148000,7b VROW
623,CSW24,4,4,19.504000,12.499000,-7.005000,n7 PIVOT
623,CSW24,5,7,15.464000,8.917000,-6.547000,7c WOP
623,CSW24,6,6,15.464000,8.767000,-6.697000,7c POW
623,CSW24,7,8,15.334000,8.628000,-6.706000,e7 PEWIT
623,CSW24,8,10,13.919000,7.660000,-6.259000,e7 PERVO
623,CSW24,9,12,13.491000,7.306000,-6.185000,7b VOIP
623,CSW24,10,9,15.100000,7.213000,-7.887000,n7 PROW
623,CSW24,11,5,17.504000,7.140000,-10.364000,7a PIVOT
623,CSW24,12,11,13.717000,6.627000,-7.090000,5b VITRO
623,CSW24,13,13,13.100000,6.104000,-6.996000,7b PROW
623,CSW24,14,15,11.491000,4.824000,-6.667000,13g PIVOT
623,CSW24,15,14,12.088000,4.244000,-7.844000,n9 OWT
623,CSW24,16,18,10.639000,3.974000,-6.665000,7c WIT
623,CSW24,17,17,10.668000,3.430000,-7.238000,d8 FORPIT
623,CSW24,18,19,10.088000,3.035000,-7.053000,2k WORT
623,CSW24,19,16,10.725000,2.702000,-8.023000,n8 ROWT
623,CSW24,20,23,9.026000,2.693000,-6.333000,6m EWT
623,CSW24,21,20,9.336000,2.480000,-6.856000,5c RIVO
623,CSW24,22,22,9.088000,2.465000,-6.623000,7c WOT
623,CSW24,23,21,9.088000,2.351000,-6.737000,7c TOW
623,CSW24,24,24,8.499000,2.315000,-6.184000,7c VOR
623,CSW24,25,25,8.303000,2.061000,-6.242000,6m EW
173,CSW24,1,2,66.000000,57.840000,-8.160000,j8 STARKENS
173,CSW24,2,1,66.000000,52.222000,-13.778000,j1 STARKENS
173,CSW24,3,3,46.197000,38.172000,-8.025000,g8 MAK
173,CSW24,4,4,43.471000,35.597000,-7.874000,3c STEAK
173,CSW24,5,5,42.046000,33.427000,-8.619000,1f ARK
173,CSW24,6,6,41.223000,31.691000,-9.532000,14h ERK
173,CSW24,7,7,40.780000,31.564000,-9.216000,12c KID
173,CSW24,8,10,39.476000,30.893000,-8.583000,1f ERK
173,CSW24,9,8,39.797000,30.864000,-8.933000,1f ANKER
173,CSW24,10,9,39.780000,30.521000,-9.259000,11c KAE
173,CSW24,11,17,38.639000,30.217000,-8.422000,3b TET
173,CSW24,12,11,39.197000,29.865000,-9.332000,7c KALI
173,CSW24,13,14,38.780000,29.861000,-8.919000,10g KO
173,CSW24,14,12,39.012000,29.755000,-9.257000,6e SHRANK
173,CSW24,15,13,38.780000,29.648000,-9.132000,4c KI
173,CSW24,16,16,38.780000,29.561000,-9.219000,12g KA
173,CSW24,17,15,38.780000,29.530000,-9.250000,10h OK
173,CSW24,18,18,38.565000,29.435000,-9.130000,15d INK
173,CSW24,19,21,38.197000,29.340000,-8.857000,c11 KA
173,CSW24,20,22,37.989000,29.338000,-8.651000,10g TONK
173,CSW24,21,20,38.197000,29.110000,-9.087000,10h OAK
173,CSW24,22,23,37.933000,28.954000,-8.979000,c9 KANT
173,CSW24,23,24,37.933000,28.834000,-9.099000,c9 TANK
173,CSW24,24,19,38.197000,28.518000,-9.679000,j6 KAS
173,CSW24,25,25,37.197000,28.508000,-8.689000,g12 KA
488,CSW24,1,1,31.732000,22.151000,-9.581000,15g TRYP
488,CSW24,2,2,30.732000,16.789000,-13.943000,14k TRYP
488,CSW24,3,3,27.789000,14.649000,-13.140000,c12 PREZ
488,CSW24,4,4,27.756000,14.542000,-13.214000,c13 FEZ
488,CSW24,5,5,24.501000,11.397000,-13.104000,c13 ZEP
488,CSW24,6,7,22.215000,8.573000,-13.642000,c12 FLEY
488,CSW24,7,8,21.428000,8.193000,-13.235000,c12 TREZ
488,CSW24,8,17,18.096000,8.120000,-9.976000,15g TRY
488,CSW24,9,6,22.719000,7.844000,-14.875000,14k PLY
488,CSW24,10,10,19.163000,6.070000,-13.093000,c13 ZEL
488,CSW24,11,12,19.147000,5.599000,-13.548000,c12 TREF
488,CSW24,12,11,19.147000,5.500000,-13.647000,c12 FRET
488,CSW24,13,13,18.796000,5.057000,-13.739000,c12 PYET
488,CSW24,14,16,18.635000,4.351000,-14.284000,14k PRY
488,CSW24,15,9,20.215000,4.039000,-16.176000,l13 FLY
488,CSW24,16,19,16.911000,3.634000,-13.277000,c13 REZ
488,CSW24,17,15,18.699000,3.563000,-15.136000,7i BARFLY
488,CSW24,18,24,15.034000,3.073000,-11.961000,c13 ZE
488,CSW24,19,20,16.635000,2.910000,-13.725000,c12 PREY
488,CSW24,20,21,15.630000,2.377000,-13.253000,c13 YEZ
488,CSW24,21,14,18.719000,2.316000,-16.403000,l13 PLY
488,CSW24,22,23,15.034000,2.294000,-12.740000,7e ZO
488,CSW24,23,18,17.911000,1.823000,-16.088000,l13 FRY
488,CSW24,24,26,14.390000,0.953000,-13.437000,9h FIST
488,CSW24,25,22,15.086000,0.930000,-14.156000,9h FISTY
466,CSW24,1,1,74.000000,61.549000,-12.451000,d9 OUTlAID
466,CSW24,2,2,74.000000,61.444000,-12.556000,d9 OUTsAID
466,CSW24,3,3,71.000000,58.562000,-12.438000,d9 AUDITOr
466,CSW24,4,4,67.000000,53.641000,-13.359000,k6 OUTsAID
466,CSW24,5,5,65.000000,53.570000,-11.430000,6h TOUlADI
466,CSW24,6,6,51.118000,40.942000,-10.176000,d8 DIOTA
466,CSW24,7,10,46.906000,36.461000,-10.445000,d9 AUDIO
466,CSW24,8,11,46.586000,36.069000,-10.517000,8a AIDOI
466,CSW24,9,14,46.185000,35.962000,-10.223000,d8 DUO
466,CSW24,10,15,46.105000,35.926000,-10.179000,d9 AUDIT
466,CSW24,11,8,47.185000,35.903000,-11.282000,d4 OUD
466,CSW24,12,12,46.235000,35.820000,-10.415000,6b OUTED
466,CSW24,13,17,45.235000,35.234000,-10.001000,d8 DOUT
466,CSW24,14,13,46.185000,35.002000,-11.183000,d4 DUO
466,CSW24,15,16,45.292000,34.267000,-11.025000,10b OUTSAID
466,CSW24,16,26,43.848000,33.996000,-9.852000,d9 AUTO
466,CSW24,17,24,44.027000,33.767000,-10.260000,d8 DUI
466,CSW24,18,28,43.411000,33.658000,-9.753000,d9 AITU
466,CSW24,19,7,47.477000,33.641000,-13.836000,6a AUTOED
466,CSW24,20,29,43.372000,33.373000,-9.999000,d8 DUIT
466,CSW24,21,23,44.185000,32.952000,-11.233000,d10 UDO
466,CSW24,22,20,44.216000,32.750000,-11.466000,d4 OUT
466,CSW24,23,34,42.519000,32.638000,-9.881000,f5 ADO
466,CSW24,24,19,44.235000,32.604000,-11.631000,d3 DOUT
466,CSW24,25,33,42.607000,32.518000,-10.089000,d8 DAUT
586,CSW24,1,1,70.000000,53.119000,-16.881000,g1 RENDANG
586,CSW24,2,2,64.000000,44.447000,-19.553000,2h ENDANGER
586,CSW24,3,3,62.000000,42.372000,-19.628000,2h ENRANGED
586,CSW24,4,4,26.582000,15.941000,-10.641000,i7 PAN
586,CSW24,5,5,24.582000,15.079000,-9.503000,5k NE
586,CSW24,6,6,24.582000,14.159000,-10.423000,h6 NUG
586,CSW24,7,10,23.278000,13.741000,-9.537000,k3 GAN
586,CSW24,8,8,23.489000,13.475000,-10.014000,5k DENI
586,CSW24,9,7,23.582000,13.345000,-10.237000,m8 AN
586,CSW24,10,15,22.483000,12.878000,-9.605000,k3 NED
586,CSW24,11,17,22.399000,12.681000,-9.718000,k2 GRAN
586,CSW24,12,16,22.399000,12.471000,-9.928000,k2 GNAR
586,CSW24,13,14,22.582000,12.296000,-10.286000,7n EN
586,CSW24,14,21,21.462000,12.128000,-9.334000,k5 DEARN
586,CSW24,15,13,22.582000,11.877000,-10.705000,5n IN
586,CSW24,16,11,22.582000,11.684000,-10.898000,2m NE
586,CSW24,17,22,21.163000,11.456000,-9.707000,k3 DAN
586,CSW24,18,12,22.582000,11.175000,-11.407000,2n EN
586,CSW24,19,9,23.284000,11.046000,-12.238000,g4 NANG
586,CSW24,20,19,22.169000,10.896000,-11.273000,i7 PANG
586,CSW24,21,26,20.483000,10.716000,-9.767000,k3 DEN
586,CSW24,22,25,20.582000,10.548000,-10.034000,ex N
586,CSW24,23,18,22.278000,10.222000,-12.056000,g5 NAG
586,CSW24,24,32,19.525000,9.936000,-9.589000,k3 GEN
586,CSW24,25,20,21.489000,9.692000,-11.797000,i7 PAND
648,CSW24,1,1,28.258000,28.692000,0.434000,n10 GELDED
648,CSW24,2,2,27.980000,28.619000,0.639000,n10 GLARED
648,CSW24,3,3,27.694000,28.105000,0.411000,n10 GRADED
648,CSW24,4,4,26.888000,28.005000,1.117000,14m DEG
648,CSW24,5,5,24.981000,26.236000,1.255000,g7 ENG
648,CSW24,6,6,24.981000,26.175000,1.194000,8a GEE
648,CSW24,7,7,24.563000,25.532000,0.969000,14l AREG
648,CSW24,8,9,24.258000,25.146000,0.888000,n10 LEDGED
648,CSW24,9,8,24.499000,25.117000,0.618000,n10 GEALED
648,CSW24,10,10,23.980000,25.006000,1.026000,n10 ARGLED
648,CSW24,11,11,23.564000,24.635000,1.071000,14m REG
648,CSW24,12,13,23.076000,24.306000,1.230000,n12 GLED
648,CSW24,13,12,23.076000,24.282000,1.206000,n12 GELD
648,CSW24,14,14,22.981000,23.973000,0.992000,n13 GED
648,CSW24,15,15,22.727000,23.856000,1.129000,14m DE
648,CSW24,16,16,22.514000,23.751000,1.237000,14m DEL
648,CSW24,17,17,22.284000,23.603000,1.319000,n11 GALED
648,CSW24,18,20,21.981000,22.903000,0.922000,11j GIE
648,CSW24,19,18,22.228000,22.815000,0.587000,n10 GEARED
648,CSW24,20,21,21.931000,22.731000,0.800000,m3 DAGOBA
648,CSW24,21,19,21.981000,22.635000,0.654000,9i GED
648,CSW24,22,22,21.765000,22.279000,0.514000,4c GIF
648,CSW24,23,24,20.986000,22.224000,1.238000,n12 GLAD
648,CSW24,24,26,20.931000,22.036000,1.105000,14m DAG
648,CSW24,25,27,20.877000,21.931000,1.054000,9h AGED
838,CSW24,1,3,76.000000,67.736000,-8.264000,k6 EjECTOR
838,CSW24,2,1,76.000000,67.607000,-8.393000,k4 cOERECT
838,CSW24,3,13,76.000000,67.233000,-8.767000,k9 COvETER
838,CSW24,4,2,76.000000,66.819000,-9.181000,k6 ERECTOr
838,CSW24,5,6,76.000000,66.809000,-9.191000,k6 ErECTOR
838,CSW24,6,4,76.000000,66.785000,-9.215000,k6 ElECTOR
838,CSW24,7,7,76.000000,66.705000,-9.295000,k6 TROChEE
838,CSW24,8,5,76.000000,66.668000,-9.332000,k6 ElECTRO
838,CSW24,9,9,76.000000,66.597000,-9.403000,k9 COEREcT
838,CSW24,10,8,76.000000,66.589000,-9.411000,k8 OCREaTE
838,CSW24,11,10,76.000000,65.819000,-10.181000,k9 COExERT
838,CSW24,12,11,76.000000,65.599000,-10.401000,k9 CORTEgE
838,CSW24,13,14,76.000000,65.437000,-10.563000,k9 COwTREE
838,CSW24,14,12,76.000000,65.217000,-10.783000,k9 COTERiE
838,CSW24,15,15,73.000000,64.541000,-8.459000,k4 COEREcT
838,CSW24,16,16,73.000000,63.538000,-9.462000,k9 cOERECT
838,CSW24,17,20,67.000000,61.478000,-5.522000,j3 mETEORIC
838,CSW24,18,19,67.000000,61.367000,-5.633000,j3 ExOTERIC
838,CSW24,19,21,67.000000,61.273000,-5.727000,j3 nEOTERIC
838,CSW24,20,18,67.000000,61.243000,-5.757000,j3 EsOTERIC
838,CSW24,21,17,67.000000,61.190000,-5.810000,j3 EROTEtIC
838,CSW24,22,24,65.000000,59.128000,-5.872000,j3 EROtETIC
838,CSW24,23,26,63.000000,58.025000,-4.975000,j4 ERECTIOn
838,CSW24,24,25,63.000000,57.729000,-5.271000,j4 COTERIEs
838,CSW24,25,27,61.000000,56.339000,-4.661000,j4 ORECTIvE
267,CSW24,1,1,122.000000,116.238000,-5.762000,o8 TROTLINE
267,CSW24,2,2,70.000000,59.633000,-10.367000,m7 RITENUTO
267,CSW24,3,3,62.000000,46.676000,-15.324000,n5 TENORITE
267,CSW24,4,4,27.423000,16.405000,-11.018000,c2 TO
267,CSW24,5,5,26.423000,15.694000,-10.729000,g2 TO
267,CSW24,6,6,26.423000,15.525000,-10.898000,a5 TO
267,CSW24,7,7,24.716000,13.944000,-10.772000,5d UTA
267,CSW24,8,10,23.438000,13.131000,-10.307000,f10 OINT
267,CSW24,9,8,23.927000,12.816000,-11.111000,6f ZO
267,CSW24,10,14,22.716000,12.478000,-10.238000,10f TI
267,CSW24,11,12,23.053000,12.473000,-10.580000,a5 NOTA
267,CSW24,12,11,23.423000,12.331000,-11.092000,12f TOOM
267,CSW24,13,9,23.869000,11.977000,-11.892000,c8 PENTITO
267,CSW24,14,13,22.716000,11.837000,-10.879000,7a TE
267,CSW24,15,19,22.423000,11.683000,-10.740000,f12 TO
267,CSW24,16,37,20.891000,11.675000,-9.216000,o7 TORTILE
267,CSW24,17,15,22.716000,11.592000,-11.124000,m12 UT
267,CSW24,18,38,20.891000,11.571000,-9.320000,o8 TRIOLET
267,CSW24,19,52,20.518000,11.331000,-9.187000,o6 RETINOL
267,CSW24,20,17,22.423000,11.249000,-11.174000,11e TOT
267,CSW24,21,16,22.423000,11.235000,-11.188000,k2 TO
267,CSW24,22,18,22.423000,11.140000,-11.283000,m11 OUT
267,CSW24,23,23,21.672000,11.127000,-10.545000,a5 TORA
267,CSW24,24,60,19.927000,11.106000,-8.821000,o12 LOTI
267,CSW24,25,20,22.423000,11.094000,-11.329000,f13 TO
383,CSW24,1,1,80.000000,72.427000,-7.573000,o4 DEALATED
383,CSW24,2,2,80.000000,71.548000,-8.452000,9b DEALATE
383,CSW24,3,3,32.402000,21.809000,-10.593000,h1 ALCADE
383,CSW24,4,4,30.810000,20.224000,-10.586000,h1 DACE
383,CSW24,5,6,30.249000,19.654000,-10.595000,h1 LACED
383,CSW24,6,5,30.249000,19.560000,-10.689000,h1 DECAL
383,CSW24,7,15,26.402000,18.329000,-8.073000,o1 DAEDAL
383,CSW24,8,11,27.564000,18.225000,-9.339000,9g TEAT
383,CSW24,9,16,26.402000,18.149000,-8.253000,o4 DAEDAL
383,CSW24,10,12,26.622000,18.142000,-8.480000,o4 DELATED
383,CSW24,11,7,28.564000,17.917000,-10.647000,h1 TACE
383,CSW24,12,10,27.564000,17.517000,-10.047000,k5 EAT
383,CSW24,13,8,28.055000,17.468000,-10.587000,h1 LACE
383,CSW24,14,9,27.775000,17.078000,-10.697000,h1 LACET
383,CSW24,15,19,25.006000,16.900000,-8.106000,o1 LEADED
383,CSW24,16,20,25.006000,16.792000,-8.214000,o4 DELEAD
383,CSW24,17,13,26.440000,16.709000,-9.731000,k5 AE
383,CSW24,18,21,24.810000,16.690000,-8.120000,o1 DEAD
383,CSW24,19,14,26.440000,16.429000,-10.011000,k5 EA
383,CSW24,20,24,24.249000,16.150000,-8.099000,o4 DALED
383,CSW24,21,25,24.249000,16.063000,-8.186000,o4 DEDAL
383,CSW24,22,29,23.740000,15.468000,-8.272000,o4 DATED
383,CSW24,23,26,24.082000,15.280000,-8.802000,o4 DEALATE
383,CSW24,24,18,25.810000,14.747000,-11.063000,2l DAE
383,CSW24,25,31,22.564000,14.519000,-8.045000,o1 TAED
1173,CSW24,1,1,46.178000,43.665000,-2.513000,a1 SIZY
1173,CSW24,2,2,43.189000,37.593000,-5.596000,f1 SQUIRR
1173,CSW24,3,3,39.558000,36.061000,-3.497000,a1 SPRY
1173,CSW24,4,4,36.688000,33.907000,-2.781000,4g QI
1173,CSW24,5,5,36.611000,33.454000,-3.157000,3d ZIP
1173,CSW24,6,6,36.335000,33.082000,-3.253000,7c PIR
1173,CSW24,7,8,34.278000,31.133000,-3.145000,12f SUQ
1173,CSW24,8,7,35.701000,30.033000,-5.668000,2m WIZ
1173,CSW24,9,9,33.668000,29.869000,-3.799000,c4 GUMP
1173,CSW24,10,11,31.450000,29.024000,-2.426000,7b SPUR
1173,CSW24,11,10,31.728000,28.475000,-3.253000,7c PI
1173,CSW24,12,17,30.227000,27.559000,-2.668000,4g QIS
1173,CSW24,13,14,30.637000,27.330000,-3.307000,7c PUR
1173,CSW24,14,15,30.335000,27.083000,-3.252000,4g PIR
1173,CSW24,15,12,31.133000,27.013000,-4.120000,a2 PRY
1173,CSW24,16,16,30.278000,26.905000,-3.373000,d2 QUITS
1173,CSW24,17,19,29.993000,26.716000,-3.277000,7c PIRS
1173,CSW24,18,13,30.668000,26.549000,-4.119000,b3 POOH
1173,CSW24,19,21,29.444000,26.332000,-3.112000,3d ZIPS
1173,CSW24,20,22,29.124000,25.807000,-3.317000,b8 ZOBO
1173,CSW24,21,20,29.620000,25.574000,-4.046000,e8 REFT
1173,CSW24,22,23,29.054000,25.201000,-3.853000,d2 QUIT
1173,CSW24,23,27,28.278000,25.112000,-3.166000,7c SUQ
1173,CSW24,24,28,28.182000,24.972000,-3.210000,12a PSI
1173,CSW24,25,26,28.330000,24.853000,-3.477000,a1 UPSY
968,CSW24,1,1,26.841000,21.276000,-5.565000,13c DOUCE
968,CSW24,2,2,25.854000,20.327000,-5.527000,3b COULDA
968,CSW24,3,4,24.740000,19.583000,-5.157000,13c DOUC
968,CSW24,4,3,24.740000,19.432000,-5.308000,13c DOCU
968,CSW24,5,5,24.085000,18.426000,-5.659000,5k OU
968,CSW24,6,8,23.783000,17.869000,-5.914000,13c DOULA
968,CSW24,7,12,22.871000,17.435000,-5.436000,13c DUCAL
968,CSW24,8,6,23.841000,17.268000,-6.573000,3c COUDE
968,CSW24,9,7,23.841000,17.061000,-6.780000,3c DOUCE
968,CSW24,10,9,23.009000,17.057000,-5.952000,5k OUD
968,CSW24,11,15,22.009000,16.562000,-5.447000,13c DUO
968,CSW24,12,17,21.743000,16.140000,-5.603000,9f KOA
968,CSW24,13,10,22.887000,16.104000,-6.783000,3c COALED
968,CSW24,14,11,22.887000,16.044000,-6.843000,3c COLEAD
968,CSW24,15,19,21.085000,15.976000,-5.109000,13c OU
968,CSW24,16,20,21.064000,15.681000,-5.383000,13c DULCE
968,CSW24,17,13,22.522000,15.641000,-6.881000,3b CAUDLE
968,CSW24,18,14,22.522000,15.616000,-6.906000,3b CEDULA
968,CSW24,19,16,21.853000,15.314000,-6.539000,3c LEUCO
968,CSW24,20,18,21.323000,15.287000,-6.036000,5k OULD
968,CSW24,21,22,20.323000,14.881000,-5.442000,13a aLOUD
968,CSW24,22,25,20.009000,14.433000,-5.576000,13c OUD
968,CSW24,23,26,19.400000,14.013000,-5.387000,13c DOLCE
968,CSW24,24,23,20.085000,13.998000,-6.087000,3j OU
968,CSW24,25,24,20.085000,13.878000,-6.207000,3l OU
27,CSW24,1,1,49.117000,48.160000,-0.957000,a1 PAY
27,CSW24,2,2,49.117000,47.549000,-1.568000,13m PAY
27,CSW24,3,3,48.117000,47.173000,-0.944000,a1 YAP
27,CSW24,4,4,45.117000,43.605000,-1.512000,d3 YAP
27,CSW24,5,6,43.723000,42.788000,-0.935000,a1 YEP
27,CSW24,6,5,43.781000,42.199000,-1.582000,d4 ANY
27,CSW24,7,7,43.462000,41.556000,-1.906000,d1 YIPE
27,CSW24,8,8,40.760000,39.345000,-1.415000,2j FAY
27,CSW24,9,9,40.723000,39.214000,-1.509000,d3 YEP
27,CSW24,10,13,39.781000,38.922000,-0.859000,a1 NAY
27,CSW24,11,11,40.117000,38.716000,-1.401000,5h PACY
27,CSW24,12,10,40.117000,38.639000,-1.478000,d2 PYA
27,CSW24,13,12,40.117000,38.470000,-1.647000,m11 PAYED
27,CSW24,14,15,38.355000,37.405000,-0.950000,a1 PAIN
27,CSW24,15,20,37.760000,36.914000,-0.846000,a1 YA
27,CSW24,16,14,38.723000,36.876000,-1.847000,d5 PYE
27,CSW24,17,16,38.104000,36.689000,-1.415000,2j FEY
27,CSW24,18,19,37.781000,36.401000,-1.380000,13m NAY
27,CSW24,19,22,37.059000,36.119000,-0.940000,a1 PEIN
27,CSW24,20,18,38.001000,36.047000,-1.954000,d3 ESPY
27,CSW24,21,21,37.715000,35.895000,-1.820000,d1 PYNE
27,CSW24,22,17,38.014000,35.593000,-2.421000,d1 YIPES
27,CSW24,23,23,36.760000,35.283000,-1.477000,d3 YA
27,CSW24,24,25,36.122000,34.604000,-1.518000,13m PIA
27,CSW24,25,24,36.428000,34.597000,-1.831000,d3 YAPS
65,CSW24,1,1,32.940000,27.244000,-5.696000,2b WEEM
65,CSW24,2,2,30.940000,24.120000,-6.820000,b6 WEEM
65,CSW24,3,4,26.940000,22.189000,-4.751000,3d WEEM
65,CSW24,4,3,27.568000,21.703000,-5.865000,b6 GWINE
65,CSW24,5,6,26.618000,21.394000,-5.224000,b8 EWE
65,CSW24,6,7,26.372000,20.947000,-5.425000,b9 WE
65,CSW24,7,10,25.372000,19.672000,-5.700000,2d EW
65,CSW24,8,13,24.584000,19.432000,-5.152000,3d WEM
65,CSW24,9,9,25.584000,19.262000,-6.322000,2c MEW
65,CSW24,10,15,24.372000,19.059000,-5.313000,3d WE
65,CSW24,11,16,24.372000,18.925000,-5.447000,b8 EW
65,CSW24,12,12,24.584000,18.646000,-5.938000,2c WEM
65,CSW24,13,14,24.584000,18.338000,-6.246000,b7 MEW
65,CSW24,14,19,23.618000,18.109000,-5.509000,10h EEW
65,CSW24,15,21,23.372000,17.892000,-5.480000,4f EW
65,CSW24,16,20,23.584000,17.693000,-5.891000,b7 WEM
65,CSW24,17,25,22.568000,17.624000,-4.944000,3d WINGE
65,CSW24,18,8,25.584000,17.621000,-7.963000,b2 MEOW
65,CSW24,19,5,26.743000,16.923000,-9.820000,2a ENMEW
65,CSW24,20,27,22.372000,16.693000,-5.679000,k2 WE
65,CSW24,21,22,22.618000,16.606000,-6.012000,2b EWE
65,CSW24,22,18,23.618000,16.467000,-7.151000,b6 WEE
65,CSW24,23,28,21.777000,16.457000,-5.320000,b8 EME
65,CSW24,24,17,24.020000,16.247000,-7.773000,2i MAWING
65,CSW24,25,11,24.882000,16.093000,-8.789000,2a NGWEE
166,CSW24,1,1,22.937000,19.796000,-3.141000,7i GEE
166,CSW24,2,2,21.545000,18.970000,-2.575000,7i GIE
166,CSW24,3,5,17.658000,15.689000,-1.969000,10j EPODE
166,CSW24,4,3,19.465000,14.702000,-4.763000,k4 BEGET
166,CSW24,5,4,18.778000,14.222000,-4.556000,10c BEIGE
166,CSW24,6,6,16.839000,12.710000,-4.129000,10d GIBE
166,CSW24,7,7,15.242000,10.691000,-4.551000,k5 BEET
166,CSW24,8,9,13.917000,9.849000,-4.068000,10c GERBE
166,CSW24,9,10,13.917000,9.603000,-4.314000,10c GREBE
166,CSW24,10,8,14.020000,8.906000,-5.114000,k3 BEGIRT
166,CSW24,11,12,12.283000,8.858000,-3.425000,7i REE
166,CSW24,12,20,10.824000,8.330000,-2.494000,7i GI
166,CSW24,13,15,11.815000,8.144000,-3.671000,j6 BERE
166,CSW24,14,13,12.242000,7.917000,-4.325000,10e BEE
166,CSW24,15,16,11.815000,7.583000,-4.232000,10f BE
166,CSW24,16,17,11.545000,7.336000,-4.209000,k5 GEIT
166,CSW24,17,14,11.917000,7.335000,-4.582000,j3 BERGERE
166,CSW24,18,19,10.937000,6.729000,-4.208000,10e GEE
166,CSW24,19,18,11.206000,6.407000,-4.799000,k4 BERET
166,CSW24,20,28,9.152000,6.191000,-2.961000,7i REI
166,CSW24,21,24,9.545000,5.657000,-3.888000,10e GIE
166,CSW24,22,23,9.627000,5.470000,-4.157000,10c REGIE
166,CSW24,23,11,12.482000,5.377000,-7.105000,10k PODGE
166,CSW24,24,31,8.482000,4.726000,-3.756000,j6 GERE
166,CSW24,25,26,9.446000,4.676000,-4.770000,k4 GREET
382,CSW24,1,1,64.427000,56.639000,-7.788000,11e HADJEES
382,CSW24,2,2,40.895000,32.778000,-8.117000,e11 JEED
382,CSW24,3,3,32.963000,25.364000,-7.599000,e11 JEE
382,CSW24,4,4,32.755000,24.304000,-8.451000,11e HADJEE
382,CSW24,5,5,31.863000,23.969000,-7.894000,11c JEHAD
382,CSW24,6,6,29.663000,21.557000,-8.106000,e11 JEES
382,CSW24,7,7,29.663000,21.536000,-8.127000,12c JEES
382,CSW24,8,8,27.340000,20.005000,-7.335000,9c JEDI
382,CSW24,9,12,25.475000,19.069000,-6.406000,11e HADJ
382,CSW24,10,14,24.767000,18.988000,-5.779000,9c JEDIS
382,CSW24,11,10,26.415000,18.576000,-7.839000,11e HADJES
382,CSW24,12,15,24.390000,18.575000,-5.815000,g7 HOSED
382,CSW24,13,9,26.415000,18.422000,-7.993000,11c JEHADS
382,CSW24,14,17,22.982000,18.025000,-4.957000,g7 HOD
382,CSW24,15,11,26.186000,17.520000,-8.666000,12b HEEDS
382,CSW24,16,16,24.340000,17.478000,-6.862000,11e JADE
382,CSW24,17,13,25.390000,17.298000,-8.092000,12c EDHS
382,CSW24,18,18,22.319000,15.354000,-6.965000,11e HAJES
382,CSW24,19,19,21.296000,14.913000,-6.383000,11e HAJ
382,CSW24,20,23,20.390000,14.289000,-6.101000,g7 DOSEH
382,CSW24,21,21,20.402000,12.586000,-7.816000,12d EHS
382,CSW24,22,20,21.145000,12.497000,-8.648000,e11 HEED
382,CSW24,23,25,18.402000,12.336000,-6.066000,g7 HOSE
382,CSW24,24,22,20.402000,12.003000,-8.399000,12d HES
382,CSW24,25,24,18.767000,11.831000,-6.936000,11e JADES
1076,CSW24,1,1,26.744000,17.312000,-9.432000,n1 ZED
1076,CSW24,2,2,22.823000,13.849000,-8.974000,n1 GED
1076,CSW24,3,4,18.785000,10.897000,-7.888000,f11 TED
1076,CSW24,4,8,17.823000,10.404000,-7.419000,e4 DEG
1076,CSW24,5,9,17.823000,10.306000,-7.517000,e4 GED
1076,CSW24,6,5,18.296000,10.285000,-8.011000,13c WOOTZ
1076,CSW24,7,6,18.176000,10.200000,-7.976000,9b CZAR
1076,CSW24,8,13,15.223000,9.971000,-5.252000,15e SECT
1076,CSW24,9,12,17.512000,9.393000,-8.119000,4c JEDI
1076,CSW24,10,7,17.823000,9.165000,-8.658000,n3 DEG
1076,CSW24,11,3,21.744000,8.964000,-12.780000,14a ZED
1076,CSW24,12,11,17.785000,8.638000,-9.147000,n1 TED
1076,CSW24,13,15,15.148000,7.776000,-7.372000,h7 JIG
1076,CSW24,14,17,14.622000,7.159000,-7.463000,e4 GET
1076,CSW24,15,18,14.622000,7.156000,-7.466000,e4 TEG
1076,CSW24,16,14,15.148000,7.002000,-8.146000,6e JIG
1076,CSW24,17,16,15.112000,6.431000,-8.681000,12b GAMIC
1076,CSW24,18,19,14.296000,5.973000,-8.323000,9b TZAR
1076,CSW24,19,10,17.823000,5.915000,-11.908000,14a GED
1076,CSW24,20,22,12.725000,4.854000,-7.871000,f10 DE
1076,CSW24,21,20,12.823000,4.783000,-8.040000,4e GIED
1076,CSW24,22,26,12.091000,4.778000,-7.313000,h7 ZIG
1076,CSW24,23,27,11.785000,4.236000,-7.549000,e4 TED
1076,CSW24,24,24,12.205000,4.168000,-8.037000,h7 DICT
1076,CSW24,25,39,9.785000,4.114000,-5.671000,15e STED
29,CSW24,1,1,26.263000,21.356000,-4.907000,15a ONIE
29,CSW24,2,2,24.358000,17.220000,-7.138000,c9 BRIO
29,CSW24,3,3,23.937000,16.133000,-7.804000,9g ONO
29,CSW24,4,8,19.472000,14.764000,-4.708000,15a BRIE
29,CSW24,5,17,18.103000,13.008000,-5.095000,15d ENROBE
29,CSW24,6,5,20.874000,12.615000,-8.259000,c8 OB
29,CSW24,7,4,20.979000,12.595000,-8.384000,f10 OBO
29,CSW24,8,6,20.030000,12.348000,-7.682000,9g OO
29,CSW24,9,7,19.979000,11.570000,-8.409000,c1 BOOT
29,CSW24,10,9,19.380000,11.554000,-7.826000,c10 BIO
29,CSW24,11,11,18.874000,11.314000,-7.560000,f2 BOI
29,CSW24,12,14,18.380000,11.068000,-7.312000,c2 BITOU
29,CSW24,13,10,18.909000,10.763000,-8.146000,k5 NOB
29,CSW24,14,12,18.874000,10.465000,-8.409000,g8 JOB
29,CSW24,15,22,16.735000,9.575000,-7.160000,c9 BRIE
29,CSW24,16,19,17.874000,9.565000,-8.309000,f10 OB
29,CSW24,17,20,17.380000,9.383000,-7.997000,f10 OBI
29,CSW24,18,18,17.874000,9.003000,-8.871000,k6 OB
29,CSW24,19,21,16.937000,8.358000,-8.579000,k5 OON
29,CSW24,20,29,15.874000,8.354000,-7.520000,c2 BOT
29,CSW24,21,25,16.002000,8.255000,-7.747000,9g ON
29,CSW24,22,23,16.380000,8.122000,-8.258000,c1 OBIT
29,CSW24,23,15,18.380000,7.433000,-10.947000,3a BOI
29,CSW24,24,28,15.909000,7.276000,-8.633000,3h ABOON
29,CSW24,25,16,18.380000,7.105000,-11.275000,3a OBI
1134,CSW24,1,1,41.096000,36.191000,-4.905000,15a DITT
1134,CSW24,2,3,39.286000,34.571000,-4.715000,15a TIED
1134,CSW24,3,2,39.797000,32.856000,-6.941000,h1 LITHED
1134,CSW24,4,5,37.797000,32.011000,-5.786000,5g TILED
1134,CSW24,5,4,38.163000,31.124000,-7.039000,h1 TITHED
1134,CSW24,6,8,35.164000,30.473000,-4.691000,15a LIED
1134,CSW24,7,7,35.286000,30.421000,-4.865000,15a TIDE
1134,CSW24,8,10,34.694000,30.131000,-4.563000,15a DITTS
1134,CSW24,9,6,37.420000,30.103000,-7.317000,h1 LITH
1134,CSW24,10,9,35.133000,29.709000,-5.424000,15a TID
1134,CSW24,11,11,34.286000,29.381000,-4.905000,15a DIET
1134,CSW24,12,12,34.286000,29.381000,-4.905000,15a DITE
1134,CSW24,13,14,34.133000,28.647000,-5.486000,15a DIT
1134,CSW24,14,13,34.133000,27.956000,-6.177000,5i TID
1134,CSW24,15,25,31.398000,26.869000,-4.529000,15a TIDES
1134,CSW24,16,16,33.133000,26.858000,-6.275000,5i DIT
1134,CSW24,17,19,32.286000,26.606000,-5.680000,5i TIDED
1134,CSW24,18,15,33.818000,26.602000,-7.216000,3l DIT
1134,CSW24,19,18,32.797000,26.238000,-6.559000,n9 TAILED
1134,CSW24,20,21,31.928000,26.107000,-5.821000,1n DI
1134,CSW24,21,31,30.750000,26.023000,-4.727000,15a STED
1134,CSW24,22,34,30.398000,25.835000,-4.563000,15a DIETS
1134,CSW24,23,35,30.398000,25.835000,-4.563000,15a DITES
1134,CSW24,24,17,32.818000,25.780000,-7.038000,l1 DOTE
1134,CSW24,25,24,31.515000,25.526000,-5.989000,1n TI
1008,CSW24,1,2,14.613000,6.867000,-7.746000,i9 GU
1008,CSW24,2,1,15.669000,6.535000,-9.134000,g11 PUG
1008,CSW24,3,4,12.669000,3.270000,-9.399000,14j GULP
1008,CSW24,4,3,12.836000,3.210000,-9.626000,i12 AGLU
1008,CSW24,5,6,12.034000,2.561000,-9.473000,i12 UP
1008,CSW24,6,5,12.476000,2.545000,-9.931000,i13 PLU
1008,CSW24,7,9,10.685000,1.619000,-9.066000,13l BURG
1008,CSW24,8,8,10.858000,1.595000,-9.263000,g11 LUG
1008,CSW24,9,7,11.034000,1.523000,-9.511000,13j PUB
1008,CSW24,10,11,10.613000,1.239000,-9.374000,13l BUG
1008,CSW24,11,12,10.034000,1.045000,-8.989000,13l BURP
1008,CSW24,12,10,10.613000,0.974000,-9.639000,i12 UG
1008,CSW24,13,13,9.705000,0.578000,-9.127000,14f PLEURAL
1008,CSW24,14,14,9.613000,0.079000,-9.534000,g12 UG
1008,CSW24,15,15,9.476000,0.039000,-9.437000,14j PULL
1008,CSW24,16,17,9.211000,-0.465000,-9.676000,g3 PLUG
1008,CSW24,17,16,9.211000,-0.728000,-9.939000,g3 GULP
1008,CSW24,18,19,8.836000,-0.758000,-9.594000,n11 GULAR
1008,CSW24,19,18,8.836000,-0.761000,-9.597000,n11 GLAUR
1008,CSW24,20,21,8.310000,-1.282000,-9.592000,6m QUA
1008,CSW24,21,20,8.669000,-1.378000,-10.047000,i2 GUP
1008,CSW24,22,27,7.700000,-1.448000,-9.148000,13l BAPU
1008,CSW24,23,26,7.858000,-1.534000,-9.392000,14j GULL
1008,CSW24,24,25,8.136000,-1.600000,-9.736000,n11 AUGUR
1008,CSW24,25,22,8.302000,-1.700000,-10.002000,g13 GAU
361,CSW24,1,1,36.854000,29.375000,-7.479000,12b BACKING
361,CSW24,2,3,34.134000,29.141000,-4.993000,10d GOB
361,CSW24,3,2,35.622000,28.320000,-7.302000,12b BECKING
361,CSW24,4,4,32.852000,26.811000,-6.041000,f7 GARBE
361,CSW24,5,5,32.267000,26.537000,-5.730000,10e OB
361,CSW24,6,6,31.814000,26.268000,-5.546000,f7 CARB
361,CSW24,7,10,31.463000,25.612000,-5.851000,f8 ARBA
361,CSW24,8,11,31.134000,25.284000,-5.850000,f7 GARB
361,CSW24,9,8,31.630000,24.723000,-6.907000,12b BECK
361,CSW24,10,7,31.783000,24.304000,-7.479000,12c BAKING
361,CSW24,11,9,31.584000,24.252000,-7.332000,12b BACK
361,CSW24,12,13,30.584000,23.724000,-6.860000,i7 CAB
361,CSW24,13,12,30.584000,23.152000,-7.432000,i7 BAC
361,CSW24,14,14,29.627000,22.660000,-6.967000,12c CAKING
361,CSW24,15,17,27.694000,19.991000,-7.703000,12b BACKIE
361,CSW24,16,19,27.177000,19.741000,-7.436000,i7 GAB
361,CSW24,17,18,27.177000,19.688000,-7.489000,i7 BAG
361,CSW24,18,23,24.730000,17.817000,-6.913000,12c ACK
361,CSW24,19,21,25.940000,17.610000,-8.330000,13c CEIBA
361,CSW24,20,27,23.463000,16.041000,-7.422000,i8 AB
361,CSW24,21,32,22.844000,15.953000,-6.891000,12c CAKE
361,CSW24,22,29,23.312000,15.854000,-7.458000,12c BAKE
361,CSW24,23,15,27.940000,15.729000,-12.211000,14b BACNE
361,CSW24,24,26,23.463000,15.617000,-7.846000,i7 BA
361,CSW24,25,28,23.312000,15.589000,-7.723000,12b BEAK
494,CSW24,1,1,45.933000,35.767000,-10.166000,l8 BODHI
494,CSW24,2,2,43.117000,35.567000,-7.550000,15m HID
494,CSW24,3,3,42.061000,34.528000,-7.533000,15m DIB
494,CSW24,4,5,41.117000,31.024000,-10.093000,13m HID
494,CSW24,5,6,41.061000,30.918000,-10.143000,13m BID
494,CSW24,6,9,40.109000,30.265000,-9.844000,9e OH
494,CSW24,7,10,39.854000,30.174000,-9.680000,9d BOH
494,CSW24,8,4,41.553000,29.967000,-11.586000,k5 HIRSLED
494,CSW24,9,8,40.929000,29.381000,-11.548000,k5 BRIDLES
494,CSW24,10,7,40.929000,29.351000,-11.578000,k5 BIRSLED
494,CSW24,11,12,39.419000,29.179000,-10.240000,9e OB
494,CSW24,12,13,39.135000,29.039000,-10.096000,13m HI
494,CSW24,13,16,38.854000,28.961000,-9.893000,9d HOB
494,CSW24,14,14,39.109000,28.950000,-10.159000,m13 HE
494,CSW24,15,15,39.061000,28.948000,-10.113000,13m DIB
494,CSW24,16,11,39.419000,28.710000,-10.709000,h8 KAB
494,CSW24,17,17,38.419000,28.370000,-10.049000,m13 BE
494,CSW24,18,35,35.464000,27.931000,-7.533000,15m DEB
494,CSW24,19,21,37.692000,27.655000,-10.037000,13m BI
494,CSW24,20,19,38.109000,27.506000,-10.603000,11c HUH
494,CSW24,21,18,38.109000,27.245000,-10.864000,l8 HO
494,CSW24,22,20,37.854000,27.183000,-10.671000,l8 HOB
494,CSW24,23,24,37.419000,26.918000,-10.501000,h11 BIDS
494,CSW24,24,22,37.419000,26.764000,-10.655000,j8 BY
494,CSW24,25,23,37.419000,26.717000,-10.702000,l8 BO
175,CSW24,1,1,17.766000,10.158000,-7.608000,7k QI
175,CSW24,2,2,16.377000,7.873000,-8.504000,m2 AVALE
175,CSW24,3,3,15.975000,7.835000,-8.140000,m3 VALE
175,CSW24,4,4,15.975000,7.659000,-8.316000,n8 VALE
175,CSW24,5,5,15.377000,6.878000,-8.499000,n7 AVALE
175,CSW24,6,9,13.975000,6.169000,-7.806000,k2 VEAL
175,CSW24,7,8,13.975000,5.919000,-8.056000,k2 AVEL
175,CSW24,8,6,15.102000,5.131000,-9.971000,n5 LEAVY
175,CSW24,9,19,11.990000,4.988000,-7.002000,5j VEALY
175,CSW24,10,14,12.473000,4.824000,-7.649000,k2 AVAL
175,CSW24,11,18,11.990000,4.713000,-7.277000,5j LEAVY
175,CSW24,12,17,12.195000,4.682000,-7.513000,k3 LAY
175,CSW24,13,11,13.239000,4.665000,-8.574000,n9 ALAY
175,CSW24,14,16,12.217000,4.450000,-7.767000,k10 AY
175,CSW24,15,13,12.847000,4.418000,-8.429000,k11 YALE
175,CSW24,16,21,11.975000,4.302000,-7.673000,7f VALE
175,CSW24,17,26,11.754000,4.162000,-7.592000,11j VEERY
175,CSW24,18,22,11.975000,4.081000,-7.894000,11h LAVEER
175,CSW24,19,15,12.239000,3.886000,-8.353000,k2 ALAY
175,CSW24,20,27,11.528000,3.868000,-7.660000,k10 AYE
175,CSW24,21,25,11.754000,3.686000,-8.068000,11j EVERY
175,CSW24,22,24,11.975000,3.636000,-8.339000,11h VEALER
175,CSW24,23,20,11.975000,3.619000,-8.356000,m2 VEAL
175,CSW24,24,23,11.975000,3.611000,-8.364000,11h LEAVER
175,CSW24,25,10,13.975000,3.605000,-10.370000,n6 VELA
989,CSW24,1,1,58.727000,44.471000,-14.256000,c9 BRAND
989,CSW24,2,2,55.040000,42.288000,-12.752000,2a IF
989,CSW24,3,3,54.149000,40.067000,-14.082000,c9 FRAB
989,CSW24,4,4,54.149000,39.445000,-14.704000,g10 BARF
989,CSW24,5,5,50.384000,36.694000,-13.690000,2d NAB
989,CSW24,6,7,49.847000,36.051000,-13.796000,d2 FUB
989,CSW24,7,6,49.889000,34.908000,-14.981000,g10 BAND
989,CSW24,8,8,48.599000,34.513000,-14.086000,d1 FAUN
989,CSW24,9,9,47.675000,33.781000,-13.894000,d2 FUN
989,CSW24,10,10,46.766000,32.995000,-13.771000,c9 FRA
989,CSW24,11,13,46.043000,32.061000,-13.982000,d1 DRUB
989,CSW24,12,12,46.410000,31.767000,-14.643000,g10 DARB
989,CSW24,13,11,46.410000,31.714000,-14.696000,g10 BARD
989,CSW24,14,14,45.766000,31.698000,-14.068000,d1 FAUR
989,CSW24,15,15,45.516000,31.673000,-13.843000,d2 FUD
989,CSW24,16,16,45.410000,31.225000,-14.185000,c9 BRAD
989,CSW24,17,18,44.728000,30.638000,-14.090000,d1 BAUD
989,CSW24,18,21,44.295000,30.418000,-13.877000,d2 FUR
989,CSW24,19,22,44.040000,30.238000,-13.802000,9b OF
989,CSW24,20,19,44.556000,30.225000,-14.331000,c9 BRAN
989,CSW24,21,23,43.798000,30.012000,-13.786000,2e AB
989,CSW24,22,20,44.556000,29.941000,-14.615000,g10 BARN
989,CSW24,23,26,42.774000,28.926000,-13.848000,d2 BUD
989,CSW24,24,24,43.728000,28.925000,-14.803000,g10 BAD
989,CSW24,25,27,42.774000,28.896000,-13.878000,d2 DUB
1045,CSW24,1,1,30.792000,20.668000,-10.124000,l12 TOUK
1045,CSW24,2,2,16.555000,7.541000,-9.014000,i9 KUDO
1045,CSW24,3,4,15.890000,5.031000,-10.859000,j5 KURU
1045,CSW24,4,11,11.516000,3.131000,-8.385000,9i KUFI
1045,CSW24,5,9,11.628000,2.693000,-8.935000,i9 OUK
1045,CSW24,6,3,16.164000,1.997000,-14.167000,n2 OUTDID
1045,CSW24,7,5,12.786000,1.973000,-10.813000,6k PUTID
1045,CSW24,8,8,11.628000,0.726000,-10.902000,j5 KORU
1045,CSW24,9,10,11.628000,0.379000,-11.249000,l13 OUK
1045,CSW24,10,6,12.715000,0.109000,-12.606000,m3 TOUKED
1045,CSW24,11,18,7.363000,-0.953000,-8.316000,8m TIK
1045,CSW24,12,15,8.249000,-2.685000,-10.934000,9e DUI
1045,CSW24,13,7,12.628000,-2.964000,-15.592000,n7 DOUK
1045,CSW24,14,16,8.025000,-3.080000,-11.105000,j5 DURO
1045,CSW24,15,14,8.249000,-3.530000,-11.779000,l4 DUIT
1045,CSW24,16,34,5.025000,-3.819000,-8.844000,i9 DUO
1045,CSW24,17,20,7.025000,-3.955000,-10.980000,9e DUO
1045,CSW24,18,35,5.025000,-3.999000,-9.024000,i9 OUD
1045,CSW24,19,12,8.890000,-4.354000,-13.244000,n5 KUDU
1045,CSW24,20,21,7.025000,-4.627000,-11.652000,i10 UDO
1045,CSW24,21,19,7.356000,-4.680000,-12.036000,e5 KUDO
1045,CSW24,22,42,4.025000,-4.843000,-8.868000,i9 UDO
1045,CSW24,23,26,6.017000,-4.844000,-10.861000,i11 TOD
1045,CSW24,24,25,6.025000,-5.772000,-11.797000,j4 DOUR
1045,CSW24,25,23,6.516000,-5.785000,-12.301000,d6 KUFI
801,CSW24,1,2,24.990000,19.333000,-5.657000,12d SHOE
801,CSW24,2,3,24.360000,18.558000,-5.802000,12d SHEA
801,CSW24,3,1,25.360000,18.281000,-7.079000,h11 RHEAS
801,CSW24,4,4,22.804000,17.492000,-5.312000,a1 HAO
801,CSW24,5,5,22.804000,17.481000,-5.323000,a1 HOA
801,CSW24,6,6,22.415000,15.309000,-7.106000,h10 AROHAS
801,CSW24,7,7,20.230000,14.861000,-5.369000,a1 AHA
801,CSW24,8,8,19.026000,13.529000,-5.497000,7h QI
801,CSW24,9,9,18.497000,13.171000,-5.326000,a1 HOE
801,CSW24,10,11,18.109000,12.772000,-5.337000,a1 HAE
801,CSW24,11,10,18.315000,12.506000,-5.809000,12d SHO
801,CSW24,12,14,17.631000,11.834000,-5.797000,12d SHA
801,CSW24,13,12,17.804000,11.802000,-6.002000,4k HAO
801,CSW24,14,13,17.804000,11.767000,-6.037000,4k HOA
801,CSW24,15,15,16.990000,10.095000,-6.895000,h11 ROHES
801,CSW24,16,16,15.804000,9.722000,-6.082000,12e HOA
801,CSW24,17,19,14.836000,9.315000,-5.521000,c3 OOH
801,CSW24,18,18,15.044000,9.307000,-5.737000,ex AOQ
801,CSW24,19,17,15.340000,9.080000,-6.260000,3a ANOA
801,CSW24,20,20,14.721000,8.952000,-5.769000,12d SHE
801,CSW24,21,21,14.430000,8.693000,-5.737000,ex AAOQ
801,CSW24,22,23,13.836000,8.480000,-5.356000,a1 OH
801,CSW24,23,22,13.837000,8.469000,-5.368000,a1 AH
801,CSW24,24,25,13.397000,7.730000,-5.667000,12d SEA
801,CSW24,25,27,13.171000,7.693000,-5.478000,6i KEA
171,CSW24,1,3,41.989000,35.294000,-6.695000,m9 OCHRE
171,CSW24,2,6,41.362000,35.205000,-6.157000,12b ROHES
171,CSW24,3,4,41.933000,35.012000,-6.921000,m9 OCHREA
171,CSW24,4,1,43.522000,34.538000,-8.984000,12a HAERES
171,CSW24,5,2,43.522000,34.526000,-8.996000,12a HEARES
171,CSW24,6,7,40.326000,33.932000,-6.394000,12d HO
171,CSW24,7,8,39.765000,33.263000,-6.502000,f5 OE
171,CSW24,8,5,41.688000,33.096000,-8.592000,14j HEARER
171,CSW24,9,10,39.322000,33.077000,-6.245000,12d HE
171,CSW24,10,11,39.197000,32.516000,-6.681000,12b ROHE
171,CSW24,11,12,38.989000,32.499000,-6.490000,f4 HOE
171,CSW24,12,13,38.446000,32.379000,-6.067000,12d HOS
171,CSW24,13,16,37.392000,31.375000,-6.017000,12d HES
171,CSW24,14,14,37.772000,31.344000,-6.428000,f5 AE
171,CSW24,15,15,37.536000,30.993000,-6.543000,12c HAE
171,CSW24,16,19,36.978000,30.387000,-6.591000,12c HAO
171,CSW24,17,20,36.765000,30.370000,-6.395000,j1 OE
171,CSW24,18,22,36.765000,30.097000,-6.668000,m10 CORE
171,CSW24,19,21,36.765000,30.088000,-6.677000,m10 CERO
171,CSW24,20,23,36.536000,30.024000,-6.512000,f4 HAE
171,CSW24,21,9,39.688000,29.894000,-9.794000,12a HEARE
171,CSW24,22,27,36.086000,29.889000,-6.197000,12c HAES
171,CSW24,23,26,36.326000,29.746000,-6.580000,12c OH
171,CSW24,24,24,36.439000,29.633000,-6.806000,m9 OCHREAE
171,CSW24,25,31,35.839000,29.597000,-6.242000,12c HAOS
1104,CSW24,1,1,70.000000,59.376000,-10.624000,3f INEDITA
1104,CSW24,2,5,30.792000,31.686000,0.894000,1e DETAIN
1104,CSW24,3,6,30.014000,29.458000,-0.556000,1e TEIID
1104,CSW24,4,7,29.032000,28.580000,-0.452000,1e DAINE
1104,CSW24,5,9,27.917000,27.500000,-0.417000,1e DAINT
1104,CSW24,6,3,32.355000,27.256000,-5.099000,15d IDE
1104,CSW24,7,2,32.948000,26.735000,-6.213000,15d ID
1104,CSW24,8,17,25.536000,24.991000,-0.545000,1e TEIND
1104,CSW24,9,4,30.948000,24.351000,-6.597000,15e DI
1104,CSW24,10,18,25.394000,24.323000,-1.071000,1e TENIA
1104,CSW24,11,8,28.672000,23.424000,-5.248000,1f AID
1104,CSW24,12,13,26.512000,23.369000,-3.143000,1e DENI
1104,CSW24,13,12,26.519000,23.057000,-3.462000,1f AIDE
1104,CSW24,14,14,26.428000,22.968000,-3.460000,1f ADIT
1104,CSW24,15,16,25.631000,22.073000,-3.558000,1e TAIN
1104,CSW24,16,19,25.001000,21.540000,-3.461000,1f EDIT
1104,CSW24,17,24,23.394000,21.519000,-1.875000,1f ENTIA
1104,CSW24,18,15,25.782000,20.331000,-5.451000,1f AIT
1104,CSW24,19,11,26.735000,20.153000,-6.582000,13e KI
1104,CSW24,20,10,26.735000,20.085000,-6.650000,f2 XI
1104,CSW24,21,23,23.631000,19.773000,-3.858000,1f ANTI
1104,CSW24,22,29,22.399000,18.879000,-3.520000,1e TEIN
1104,CSW24,23,20,24.948000,18.410000,-6.538000,3f ID
1104,CSW24,24,21,24.735000,18.228000,-6.507000,3b IF
1104,CSW24,25,26,23.353000,17.927000,-5.426000,1f AIN
405,CSW24,1,1,24.635000,23.293000,-1.342000,n6 DIB
405,CSW24,2,2,21.386000,19.520000,-1.866000,n5 DRIB
405,CSW24,3,5,17.574000,16.629000,-0.945000,8l GORP
405,CSW24,4,4,18.007000,16.349000,-1.658000,n5 CRIB
405,CSW24,5,7,17.386000,15.872000,-1.514000,n3 BIRD
405,CSW24,6,8,16.554000,15.412000,-1.142000,f10 BURDEN
405,CSW24,7,10,15.529000,14.443000,-1.086000,6l DEB
405,CSW24,8,11,15.529000,14.440000,-1.089000,f10 BUD
405,CSW24,9,3,18.153000,14.434000,-3.719000,6l BECK
405,CSW24,10,9,15.635000,14.277000,-1.358000,n4 BID
405,CSW24,11,13,15.105000,14.052000,-1.053000,10k BLIP
405,CSW24,12,12,15.105000,13.947000,-1.158000,9c BAP
405,CSW24,13,6,17.534000,13.815000,-3.719000,6l PECK
405,CSW24,14,14,14.934000,13.328000,-1.606000,n6 RIB
405,CSW24,15,17,14.088000,13.148000,-0.940000,8l GOBI
405,CSW24,16,15,14.105000,13.019000,-1.086000,e10 POD
405,CSW24,17,16,14.105000,13.012000,-1.093000,f10 PUB
405,CSW24,18,18,13.529000,12.485000,-1.044000,6l BED
405,CSW24,19,19,13.529000,12.446000,-1.083000,f10 DUB
405,CSW24,20,20,13.431000,12.385000,-1.046000,6l KEB
405,CSW24,21,22,13.105000,12.092000,-1.013000,6l DEP
405,CSW24,22,24,13.105000,12.016000,-1.089000,f10 PUD
405,CSW24,23,23,13.105000,11.908000,-1.197000,9c DAP
405,CSW24,24,21,13.227000,11.848000,-1.379000,9b BRAP
405,CSW24,25,26,11.704000,10.506000,-1.198000,10l LIP
546,CSW24,1,1,46.668000,42.397000,-4.271000,15a FUDDY
546,CSW24,2,2,43.913000,39.685000,-4.228000,15a BUDDY
546,CSW24,3,3,41.800000,37.511000,-4.289000,f10 FUB
546,CSW24,4,4,41.204000,37.296000,-3.908000,f6 SCRUB
546,CSW24,5,5,41.152000,36.912000,-4.240000,15a CUDDY
546,CSW24,6,6,39.344000,35.524000,-3.820000,10b FADY
546,CSW24,7,7,36.418000,32.138000,-4.280000,f10 FUD
546,CSW24,8,9,35.001000,30.504000,-4.497000,j5 FY
546,CSW24,9,8,35.065000,28.059000,-7.006000,12a BUfFY
546,CSW24,10,10,31.820000,27.624000,-4.196000,10b FAD
546,CSW24,11,11,31.210000,26.592000,-4.618000,f10 BUD
546,CSW24,12,14,30.829000,26.522000,-4.307000,10b CAD
546,CSW24,13,12,30.975000,26.368000,-4.607000,j5 BY
546,CSW24,14,13,30.886000,26.299000,-4.587000,f10 BUY
546,CSW24,15,15,30.679000,26.028000,-4.651000,15l SCUD
546,CSW24,16,18,28.975000,25.251000,-3.724000,5c BUY
546,CSW24,17,17,29.800000,24.700000,-5.100000,c1 FUB
546,CSW24,18,19,28.838000,24.619000,-4.219000,10b BAD
546,CSW24,19,16,30.344000,24.596000,-5.748000,14f FUNDY
546,CSW24,20,23,28.077000,23.825000,-4.252000,10b YAD
546,CSW24,21,20,28.667000,23.708000,-4.959000,3a FYCE
546,CSW24,22,21,28.418000,23.415000,-5.003000,f4 FUD
546,CSW24,23,24,28.035000,23.190000,-4.845000,5h BOYF
546,CSW24,24,22,28.210000,23.161000,-5.049000,f4 BUD
546,CSW24,25,25,27.210000,22.950000,-4.260000,f7 DRUB
695,CSW24,1,1,44.651000,40.305000,-4.346000,n10 VIERS
695,CSW24,2,2,44.374000,40.201000,-4.173000,j6 VIDS
695,CSW24,3,3,43.439000,36.052000,-7.387000,12a VITAS
695,CSW24,4,4,42.797000,35.472000,-7.325000,12a VAIRS
695,CSW24,5,5,39.348000,34.479000,-4.869000,j6 VID
695,CSW24,6,6,38.440000,34.132000,-4.308000,o12 SAVS
695,CSW24,7,7,38.390000,33.262000,-5.128000,12c VIS
695,CSW24,8,8,37.935000,33.203000,-4.732000,10l RAVS
695,CSW24,9,9,37.797000,33.174000,-4.623000,m9 VIRGAS
695,CSW24,10,10,37.151000,32.574000,-4.577000,10l TAVS
695,CSW24,11,12,36.753000,31.795000,-4.958000,8a RIVAL
695,CSW24,12,15,36.390000,31.473000,-4.917000,10m VIS
695,CSW24,13,13,36.753000,31.342000,-5.411000,8a VIRAL
695,CSW24,14,14,36.523000,31.090000,-5.433000,8a VITAL
695,CSW24,15,16,35.753000,31.023000,-4.730000,m9 VIRGA
695,CSW24,16,17,35.753000,30.948000,-4.805000,10l RIVA
695,CSW24,17,18,35.694000,30.551000,-5.143000,12c VAS
695,CSW24,18,19,34.935000,29.977000,-4.958000,12b RAVS
695,CSW24,19,20,34.935000,29.934000,-5.001000,12b VARS
695,CSW24,20,11,36.797000,29.569000,-7.228000,12a RIVAS
695,CSW24,21,26,33.725000,29.478000,-4.247000,m4 UTES
695,CSW24,22,21,34.694000,29.257000,-5.437000,o12 SAV
695,CSW24,23,22,34.151000,29.249000,-4.902000,12b TAVS
695,CSW24,24,31,33.110000,29.174000,-3.936000,10j TRAVIS
695,CSW24,25,23,34.151000,29.114000,-5.037000,12b VATS
723,CSW24,1,1,66.000000,66.244000,0.244000,9h RUMPLED
723,CSW24,2,2,31.869000,31.762000,-0.107000,13h DUMPLE
723,CSW24,3,3,30.869000,30.444000,-0.425000,13h LUMPED
723,CSW24,4,4,30.104000,29.991000,-0.113000,13h DUMPER
723,CSW24,5,7,27.877000,28.762000,0.885000,13g UMP
723,CSW24,6,5,28.284000,28.098000,-0.186000,14k PLUM
723,CSW24,7,6,28.082000,27.463000,-0.619000,13h LUMPER
723,CSW24,8,8,27.376000,26.865000,-0.511000,13h DRUPEL
723,CSW24,9,9,27.067000,26.620000,-0.447000,13h MURLED
723,CSW24,10,10,26.284000,26.271000,-0.013000,k11 PULMO
723,CSW24,11,11,26.284000,26.195000,-0.089000,14k LUMP
723,CSW24,12,12,25.284000,25.240000,-0.044000,j11 PLUMB
723,CSW24,13,13,24.515000,24.402000,-0.113000,14k DUMP
723,CSW24,14,14,23.284000,23.451000,0.167000,13h LUMP
723,CSW24,15,20,21.741000,22.874000,1.133000,15a UM
723,CSW24,16,16,22.563000,22.582000,0.019000,k11 RUMPO
723,CSW24,17,15,22.595000,22.366000,-0.229000,13g UMPED
723,CSW24,18,19,21.741000,22.065000,0.324000,13g UM
723,CSW24,19,18,21.877000,21.775000,-0.102000,2m UMP
723,CSW24,20,21,21.284000,21.090000,-0.194000,9h PLUM
723,CSW24,21,26,20.515000,20.912000,0.397000,13h DUMP
723,CSW24,22,25,20.572000,20.507000,-0.065000,14k PURL
723,CSW24,23,28,20.473000,20.392000,-0.081000,13h LUM
723,CSW24,24,31,19.619000,20.221000,0.602000,13e DUEL
723,CSW24,25,22,21.082000,19.805000,-1.277000,j9 REPLUMB
591,CSW24,1,1,5.778000,5.979000,0.201000,k9 EMU
591,CSW24,2,2,5.778000,5.886000,0.108000,k9 MEU
591,CSW24,3,3,5.668000,5.167000,-0.501000,10h EUOI
591,CSW24,4,4,3.920000,3.051000,-0.869000,ex EIIU
591,CSW24,5,5,2.568000,1.699000,-0.869000,ex AEIIU
591,CSW24,6,6,2.521000,1.652000,-0.869000,ex EEIIU
591,CSW24,7,7,1.668000,0.799000,-0.869000,ex EIU
591,CSW24,8,8,1.356000,0.487000,-0.869000,ex AEIU
591,CSW24,9,9,1.232000,0.363000,-0.869000,ex EEIU
591,CSW24,10,10,0.854000,-0.015000,-0.869000,ex AEIIMU
591,CSW24,11,11,0.376000,-0.493000,-0.869000,ex AEEIIU
591,CSW24,12,12,0.000000,-0.869000,-0.869000,ex AEEIIMU
591,CSW24,13,13,-0.118000,-0.987000,-0.869000,ex AEEIU
591,CSW24,14,14,-0.378000,-1.247000,-0.869000,ex EEIIMU
591,CSW24,15,15,-0.638000,-1.507000,-0.869000,ex EIIMU
591,CSW24,16,17,-1.047000,-1.571000,-0.524000,i13 VAU
591,CSW24,17,16,-0.962000,-1.831000,-0.869000,ex AIIU
591,CSW24,18,18,-1.163000,-2.032000,-0.869000,ex IIU
591,CSW24,19,21,-2.059000,-2.720000,-0.661000,7b IAMB
591,CSW24,20,24,-2.729000,-2.798000,-0.069000,k10 MI
591,CSW24,21,22,-2.083000,-2.952000,-0.869000,ex AEIMU
591,CSW24,22,19,-1.271000,-3.026000,-1.755000,n10 MEIN
591,CSW24,23,23,-2.208000,-3.077000,-0.869000,ex AEEIMU
591,CSW24,24,20,-1.271000,-3.105000,-1.834000,n10 MIEN
591,CSW24,25,25,-2.939000,-3.808000,-0.869000,ex AEII
834,CSW24,1,1,51.467000,46.611000,-4.856000,15h NEIGHBOR
834,CSW24,2,2,46.315000,41.447000,-4.868000,m1 BURKS
834,CSW24,3,3,42.886000,37.954000,-4.932000,m1 BORKS
834,CSW24,4,6,38.742000,35.922000,-2.820000,o1 BURY
834,CSW24,5,7,38.742000,35.915000,-2.827000,o1 RUBY
834,CSW24,6,4,40.467000,35.762000,-4.705000,3m ORB
834,CSW24,7,5,39.110000,35.056000,-4.054000,11e BURROS
834,CSW24,8,12,36.467000,33.586000,-2.881000,o1 ORBY
834,CSW24,9,9,37.395000,32.813000,-4.582000,11e BURRO
834,CSW24,10,8,37.413000,32.698000,-4.715000,m2 ROKS
834,CSW24,11,10,37.315000,32.569000,-4.746000,11e BURS
834,CSW24,12,11,36.601000,31.645000,-4.956000,m1 BOUKS
834,CSW24,13,13,35.742000,31.255000,-4.487000,11e BUR
834,CSW24,14,14,35.688000,31.105000,-4.583000,11e BURRS
834,CSW24,15,15,34.798000,30.067000,-4.731000,11e BURR
834,CSW24,16,17,33.886000,29.158000,-4.728000,11e BORS
834,CSW24,17,16,34.439000,29.087000,-5.352000,a8 BUROOS
834,CSW24,18,18,33.467000,28.961000,-4.506000,11e BOR
834,CSW24,19,22,31.601000,28.692000,-2.909000,o1 BUOYS
834,CSW24,20,19,33.235000,28.604000,-4.631000,m2 BOKS
834,CSW24,21,23,31.253000,28.500000,-2.753000,o4 YOURS
834,CSW24,22,24,30.978000,28.141000,-2.837000,o1 BUSY
834,CSW24,23,21,31.688000,26.359000,-5.329000,a8 BURROS
834,CSW24,24,20,31.742000,26.191000,-5.551000,m1 BURK
834,CSW24,25,34,29.413000,26.131000,-3.282000,o1 ROSY
885,CSW24,1,1,47.544000,48.832000,1.288000,a6 ACK
885,CSW24,2,2,45.336000,47.180000,1.844000,a5 SAICK
885,CSW24,3,4,43.058000,44.386000,1.328000,a6 ACCA
885,CSW24,4,3,43.734000,44.266000,0.532000,8k MECCA
885,CSW24,5,5,40.948000,42.793000,1.845000,a5 SACK
885,CSW24,6,8,37.160000,37.963000,0.803000,a6 ACAI
885,CSW24,7,6,37.676000,37.928000,0.252000,3m KA
885,CSW24,8,7,37.192000,37.927000,0.735000,3m KAI
885,CSW24,9,10,35.169000,36.929000,1.760000,a5 KAIS
885,CSW24,10,9,35.544000,35.435000,-0.109000,j8 ACK
885,CSW24,11,12,33.117000,34.877000,1.760000,a5 KAAS
885,CSW24,12,13,33.021000,33.963000,0.942000,8k MECKS
885,CSW24,13,11,34.268000,33.909000,-0.359000,2a CAA
885,CSW24,14,15,32.262000,33.265000,1.003000,a5 SAIC
885,CSW24,15,14,32.487000,33.215000,0.728000,a6 AKA
885,CSW24,16,17,31.169000,32.656000,1.487000,a5 SAKI
885,CSW24,17,18,30.942000,32.596000,1.654000,a5 SAKIA
885,CSW24,18,16,31.676000,31.404000,-0.272000,2b KA
885,CSW24,19,19,30.262000,31.075000,0.813000,a6 ASCI
885,CSW24,20,20,29.948000,30.993000,1.045000,i6 CASK
885,CSW24,21,22,28.948000,29.784000,0.836000,10j CASK
885,CSW24,22,27,28.536000,29.578000,1.042000,10h CACKS
885,CSW24,23,24,28.744000,29.440000,0.696000,3m KAS
885,CSW24,24,21,29.058000,28.852000,-0.206000,j8 ACCA
885,CSW24,25,29,28.260000,28.625000,0.365000,2a CAAS
309,CSW24,1,1,26.009000,21.001000,-5.008000,11h AWED
309,CSW24,2,2,24.978000,19.783000,-5.195000,l1 WHINED
309,CSW24,3,3,24.358000,19.178000,-5.180000,l1 WHITED
309,CSW24,4,4,23.806000,18.712000,-5.094000,4c QI
309,CSW24,5,5,23.009000,18.682000,-4.327000,1m WED
309,CSW24,6,6,22.644000,17.346000,-5.298000,l1 WHITEN
309,CSW24,7,8,21.009000,16.636000,-4.373000,1m DEW
309,CSW24,8,7,21.524000,16.325000,-5.199000,l1 WHET
309,CSW24,9,9,21.009000,15.856000,-5.153000,3m WED
309,CSW24,10,10,20.786000,15.829000,-4.957000,l1 WHID
309,CSW24,11,11,19.524000,15.103000,-4.421000,1m WET
309,CSW24,12,14,18.703000,13.928000,-4.775000,i9 TEWED
309,CSW24,13,13,18.790000,13.700000,-5.090000,l1 WHIN
309,CSW24,14,12,18.838000,13.624000,-5.214000,l1 WHEN
309,CSW24,15,15,18.524000,13.317000,-5.207000,3m WET
309,CSW24,16,17,17.997000,12.922000,-5.075000,l1 WHIT
309,CSW24,17,16,18.009000,12.915000,-5.094000,d1 WELD
309,CSW24,18,18,17.838000,12.646000,-5.192000,11h ANEW
309,CSW24,19,22,16.838000,12.417000,-4.421000,1m WEN
309,CSW24,20,23,16.790000,12.356000,-4.434000,1m WIN
309,CSW24,21,19,17.575000,12.224000,-5.351000,l1 WHITE
309,CSW24,22,20,17.440000,12.084000,-5.356000,l1 WHINE
309,CSW24,23,25,16.524000,11.975000,-4.549000,1m TEW
309,CSW24,24,24,16.740000,11.951000,-4.789000,i9 NEWED
309,CSW24,25,21,17.009000,11.782000,-5.227000,3m DEW
76,CSW24,1,5,16.167000,9.924000,-6.243000,6f VIEW
76,CSW24,2,4,16.177000,9.083000,-7.094000,6d CIVIE
76,CSW24,3,2,16.464000,8.032000,-8.432000,5e VIATIC
76,CSW24,4,3,16.177000,7.776000,-8.401000,2d CIVIL
76,CSW24,5,1,18.481000,7.715000,-10.766000,2f WILJA
76,CSW24,6,10,11.301000,5.131000,-6.170000,7d AJI
76,CSW24,7,9,11.392000,4.249000,-7.143000,6d CAVIE
76,CSW24,8,12,9.653000,2.899000,-6.754000,9d IWI
76,CSW24,9,7,11.392000,2.816000,-8.576000,2d CAVIL
76,CSW24,10,11,10.167000,2.718000,-7.449000,6e WIVE
76,CSW24,11,6,13.464000,2.280000,-11.184000,2g CLIVIA
76,CSW24,12,8,11.392000,2.253000,-9.139000,2g CLAVI
76,CSW24,13,15,8.328000,1.682000,-6.646000,6e JIVE
76,CSW24,14,16,8.089000,1.366000,-6.723000,6f VIE
76,CSW24,15,13,8.782000,1.217000,-7.565000,6d WAIVE
76,CSW24,16,18,7.497000,0.715000,-6.782000,6e VICE
76,CSW24,17,17,7.497000,0.437000,-7.060000,6e CIVE
76,CSW24,18,14,8.497000,-0.107000,-8.604000,d7 CHIV
76,CSW24,19,23,6.477000,-1.128000,-7.605000,6e WICE
76,CSW24,20,20,7.301000,-1.176000,-8.477000,e5 JIAO
76,CSW24,21,19,7.477000,-1.564000,-9.041000,d5 WICH
76,CSW24,22,21,7.038000,-1.838000,-8.876000,c5 JAWS
76,CSW24,23,25,5.220000,-2.841000,-8.061000,7b VAC
76,CSW24,24,32,4.110000,-3.395000,-7.505000,f7 JOW
76,CSW24,25,22,6.653000,-3.426000,-10.079000,2f WILI
1130,CSW24,1,1,35.778000,30.679000,-5.099000,15k NIDOR
1130,CSW24,2,2,34.869000,29.767000,-5.102000,15j IRONED
1130,CSW24,3,3,34.869000,29.713000,-5.156000,15j ROINED
1130,CSW24,4,4,33.284000,28.273000,-5.011000,15l INRO
1130,CSW24,5,5,33.284000,28.172000,-5.112000,15l IRON
1130,CSW24,6,6,33.119000,28.134000,-4.985000,15k RORID
1130,CSW24,7,7,31.792000,26.780000,-5.012000,15j DRONER
1130,CSW24,8,8,31.553000,26.521000,-5.032000,m2 NEVOID
1130,CSW24,9,9,31.082000,25.949000,-5.133000,15j IRONER
1130,CSW24,10,10,30.780000,25.700000,-5.080000,15k DINER
1130,CSW24,11,12,30.723000,25.652000,-5.071000,15k RONDE
1130,CSW24,12,11,30.723000,25.643000,-5.080000,15k DONER
1130,CSW24,13,13,29.752000,24.735000,-5.017000,15k DIRER
1130,CSW24,14,14,29.752000,24.716000,-5.036000,15k RIDER
1130,CSW24,15,15,28.005000,23.040000,-4.965000,15l IRED
1130,CSW24,16,16,27.527000,22.338000,-5.189000,15k RORIE
1130,CSW24,17,17,27.512000,22.062000,-5.450000,m2 ROVED
1130,CSW24,18,18,26.971000,21.451000,-5.520000,15l OR
1130,CSW24,19,22,25.979000,21.109000,-4.870000,i1 ORD
1130,CSW24,20,21,25.979000,21.082000,-4.897000,g1 ORD
1130,CSW24,21,19,26.005000,21.053000,-4.952000,m2 RIVED
1130,CSW24,22,20,26.002000,20.905000,-5.097000,15l ONER
1130,CSW24,23,25,25.284000,19.566000,-5.718000,m12 NOIR
1130,CSW24,24,24,25.499000,19.492000,-6.007000,m1 RENVOI
1130,CSW24,25,26,25.284000,19.321000,-5.963000,m12 ROIN
805,CSW24,1,1,53.968000,43.108000,-10.860000,o1 JONG
805,CSW24,2,2,42.576000,31.338000,-11.238000,o1 PUNG
805,CSW24,3,3,40.960000,31.254000,-9.706000,10f POUND
805,CSW24,4,4,40.785000,29.246000,-11.539000,o1 PONG
805,CSW24,5,5,40.113000,29.006000,-11.107000,o1 JUN
805,CSW24,6,6,38.935000,28.448000,-10.487000,k3 QUOP
805,CSW24,7,7,38.659000,26.956000,-11.703000,o1 POND
805,CSW24,8,8,38.380000,26.819000,-11.561000,o1 DUNG
805,CSW24,9,9,37.110000,25.256000,-11.854000,o1 DONG
805,CSW24,10,10,34.795000,24.323000,-10.472000,k3 QUOD
805,CSW24,11,11,29.576000,19.110000,-10.466000,10g PUNG
805,CSW24,12,12,27.423000,16.767000,-10.656000,f6 JUPON
805,CSW24,13,14,26.380000,15.927000,-10.453000,10g DUNG
805,CSW24,14,13,27.313000,15.650000,-11.663000,o1 PUN
805,CSW24,15,15,25.934000,14.904000,-11.030000,f6 JUDO
805,CSW24,16,16,24.960000,14.627000,-10.333000,10f DOUP
805,CSW24,17,17,24.817000,13.084000,-11.733000,o1 GUN
805,CSW24,18,19,23.809000,12.955000,-10.854000,10f DUP
805,CSW24,19,22,22.665000,12.215000,-10.450000,8d JUG
805,CSW24,20,21,22.986000,11.858000,-11.128000,j6 JUTE
805,CSW24,21,20,23.646000,11.559000,-12.087000,o1 GON
805,CSW24,22,25,21.934000,11.355000,-10.579000,8d JUD
805,CSW24,23,26,21.378000,10.972000,-10.406000,f8 DOJO
805,CSW24,24,28,21.345000,10.402000,-10.943000,10f DOP
805,CSW24,25,24,22.094000,10.078000,-12.016000,o1 DUN
1019,CSW24,1,1,42.467000,41.902000,-0.565000,o1 PLAYA
1019,CSW24,2,2,39.445000,38.842000,-0.603000,o1 PLAY
1019,CSW24,3,3,34.400000,33.880000,-0.520000,o1 TYPAL
1019,CSW24,4,4,33.315000,32.772000,-0.543000,o1 PYAT
1019,CSW24,5,5,32.751000,32.166000,-0.585000,o1 ALAY
1019,CSW24,6,6,31.400000,30.838000,-0.562000,o1 PLATY
1019,CSW24,7,7,28.276000,27.555000,-0.721000,o1 PYA
1019,CSW24,8,8,28.147000,27.369000,-0.778000,o1 AYU
1019,CSW24,9,9,26.699000,26.104000,-0.595000,o1 ATAP
1019,CSW24,10,10,26.539000,25.930000,-0.609000,o1 ALAP
1019,CSW24,11,11,22.111000,20.278000,-1.833000,1n YU
1019,CSW24,12,14,20.324000,19.466000,-0.858000,o1 AY
1019,CSW24,13,15,20.182000,19.440000,-0.742000,o1 ATUA
1019,CSW24,14,22,18.885000,18.108000,-0.777000,o1 PLAT
1019,CSW24,15,12,21.622000,17.719000,-3.903000,f8 OUTPLAY
1019,CSW24,16,18,19.502000,17.183000,-2.319000,2f QUOTA
1019,CSW24,17,23,17.815000,17.117000,-0.698000,o1 PLY
1019,CSW24,18,16,20.006000,16.780000,-3.226000,o2 LAYUP
1019,CSW24,19,13,20.344000,16.669000,-3.675000,g7 PRAU
1019,CSW24,20,25,17.502000,16.547000,-0.955000,o1 UTA
1019,CSW24,21,21,19.302000,16.009000,-3.293000,o2 YAUP
1019,CSW24,22,17,19.887000,15.676000,-4.211000,g7 PRUTA
1019,CSW24,23,20,19.315000,15.563000,-3.752000,g7 YRAPT
1019,CSW24,24,27,17.324000,15.364000,-1.960000,1n YA
1019,CSW24,25,24,17.584000,14.576000,-3.008000,3b TAJ
218,CSW24,1,1,74.000000,70.668000,-3.332000,4a DISpONGE
218,CSW24,2,13,70.000000,70.350000,0.350000,4e cOGNISED
218,CSW24,3,8,70.000000,70.294000,0.294000,4c cOSIGNED
218,CSW24,4,12,70.000000,70.056000,0.056000,4d wIDGEONS
218,CSW24,5,11,70.000000,70.040000,0.040000,4d pIDGEONS
218,CSW24,6,5,70.000000,69.849000,-0.151000,4c INDiGOES
218,CSW24,7,9,70.000000,69.846000,-0.154000,4c iNDIGOES
218,CSW24,8,6,70.000000,69.827000,-0.173000,4c ObSIGNED
218,CSW24,9,7,70.000000,69.818000,-0.182000,4c SmIDGEON
218,CSW24,10,4,70.000000,69.769000,-0.231000,4b wENDIGOS
218,CSW24,11,3,70.000000,69.705000,-0.295000,4b mENDIGOS
218,CSW24,12,10,70.000000,69.636000,-0.364000,4d DIaGNOSE
218,CSW24,13,16,70.000000,69.462000,-0.538000,10c cONDIES
218,CSW24,14,15,70.000000,69.001000,-0.999000,10c NOdDIES
218,CSW24,15,17,70.000000,68.977000,-1.023000,10c hOIDENS
218,CSW24,16,14,70.000000,68.843000,-1.157000,10c EmODINS
218,CSW24,17,29,68.000000,67.474000,-0.526000,10c cODEINS
218,CSW24,18,18,68.000000,67.217000,-0.783000,10c DINErOS
218,CSW24,19,20,68.000000,67.154000,-0.846000,10c DOlINES
218,CSW24,20,23,68.000000,67.144000,-0.856000,10c DOwNIES
218,CSW24,21,24,68.000000,67.141000,-0.859000,10c INDOlES
218,CSW24,22,28,68.000000,67.089000,-0.911000,10c OrDINES
218,CSW24,23,22,68.000000,67.052000,-0.948000,10c DOnNIES
218,CSW24,24,30,68.000000,67.047000,-0.953000,10c iODINES
218,CSW24,25,26,68.000000,67.042000,-0.958000,10c ONsIDES
112,CSW24,1,1,29.609000,23.165000,-6.444000,1h BEWENT
112,CSW24,2,2,27.703000,21.617000,-6.086000,1h BEWET
112,CSW24,3,3,26.978000,20.636000,-6.342000,1h NEWBIE
112,CSW24,4,5,20.871000,14.840000,-6.031000,1h NEWB
112,CSW24,5,4,23.169000,14.101000,-9.068000,13b QIN
112,CSW24,6,6,19.940000,11.354000,-8.586000,5i QIN
112,CSW24,7,17,12.642000,6.371000,-6.271000,1h NEWIE
112,CSW24,8,25,11.923000,5.823000,-6.100000,1h NEWT
112,CSW24,9,10,14.489000,5.127000,-9.362000,5i QI
112,CSW24,10,7,15.556000,5.040000,-10.516000,12a NIQAB
112,CSW24,11,16,12.703000,4.252000,-8.451000,i2 BEET
112,CSW24,12,36,10.139000,3.941000,-6.198000,1h TEW
112,CSW24,13,39,9.498000,3.317000,-6.181000,1g ENEW
112,CSW24,14,11,13.301000,2.973000,-10.328000,c12 BET
112,CSW24,15,18,12.461000,2.927000,-9.534000,c12 BE
112,CSW24,16,12,13.220000,2.122000,-11.098000,3i BLENT
112,CSW24,17,23,12.009000,1.806000,-10.203000,i5 BENE
112,CSW24,18,48,7.917000,1.655000,-6.262000,1h NEW
112,CSW24,19,24,12.009000,1.436000,-10.573000,c12 BEE
112,CSW24,20,26,11.871000,1.326000,-10.545000,c12 BEN
112,CSW24,21,32,10.461000,1.294000,-9.167000,8a BE
112,CSW24,22,30,10.756000,1.219000,-9.537000,e11 ETEN
112,CSW24,23,8,14.703000,1.178000,-13.525000,c12 BEET
112,CSW24,24,31,10.740000,1.075000,-9.665000,11a NEEMB
112,CSW24,25,27,11.609000,0.942000,-10.667000,13b BENNET
926,CSW24,1,1,26.086000,14.086000,-12.000000,b8 EURO
926,CSW24,2,2,17.596000,8.178000,-9.418000,14c MOUE
926,CSW24,3,4,12.853000,4.021000,-8.832000,14b EMO
926,CSW24,4,3,14.902000,2.771000,-12.131000,b8 OUR
926,CSW24,5,6,10.682000,2.111000,-8.571000,14b EMEU
926,CSW24,6,5,12.086000,0.803000,-11.283000,e4 ROUEN
926,CSW24,7,7,10.086000,0.675000,-9.411000,7h EURO
926,CSW24,8,8,10.086000,0.587000,-9.499000,7h ROUE
926,CSW24,9,10,8.883000,0.324000,-8.559000,14b EMU
926,CSW24,10,9,9.086000,-1.063000,-10.149000,13e OURIE
926,CSW24,11,14,6.393000,-3.486000,-9.879000,14c MOU
926,CSW24,12,17,5.853000,-3.853000,-9.706000,10f OE
926,CSW24,13,18,5.853000,-3.996000,-9.849000,14c MOE
926,CSW24,14,15,6.162000,-4.090000,-10.252000,13e OORIE
926,CSW24,15,19,5.820000,-4.243000,-10.063000,11a RODEO
926,CSW24,16,12,6.820000,-5.000000,-11.820000,j6 ROOFY
926,CSW24,17,21,4.885000,-5.006000,-9.891000,11a URDEE
926,CSW24,18,11,8.871000,-5.037000,-13.908000,n10 TOURER
926,CSW24,19,23,4.778000,-5.227000,-10.005000,ex EOORU
926,CSW24,20,22,4.871000,-5.590000,-10.461000,13e OURIER
926,CSW24,21,27,3.596000,-6.107000,-9.703000,13e EUOI
926,CSW24,22,30,2.902000,-6.446000,-9.348000,7h OUR
926,CSW24,23,24,3.902000,-6.837000,-10.739000,e5 OURN
926,CSW24,24,35,2.753000,-6.843000,-9.596000,7h ORE
926,CSW24,25,37,2.753000,-6.849000,-9.602000,7h ROE
556,CSW24,1,1,28.822000,20.824000,-7.998000,e5 DONNOTS
556,CSW24,2,8,21.785000,16.619000,-5.166000,9d GOD
556,CSW24,3,6,21.785000,16.599000,-5.186000,7d GOD
556,CSW24,4,5,21.785000,15.773000,-6.012000,7d DOG
556,CSW24,5,4,21.785000,15.652000,-6.133000,f6 GOOD
556,CSW24,6,7,21.785000,15.606000,-6.179000,f7 GOOD
556,CSW24,7,3,21.951000,14.528000,-7.423000,9c GOOD
556,CSW24,8,2,21.951000,14.202000,-7.749000,7c GOOD
556,CSW24,9,17,18.287000,13.979000,-4.308000,9f DOO
556,CSW24,10,9,19.581000,13.855000,-5.726000,7d TOD
556,CSW24,11,10,19.581000,13.773000,-5.808000,9d TOD
556,CSW24,12,19,18.051000,13.350000,-4.701000,7d GOT
556,CSW24,13,15,18.581000,13.284000,-5.297000,7d DOT
556,CSW24,14,11,19.165000,13.137000,-6.028000,9f DO
556,CSW24,15,14,19.051000,13.019000,-6.032000,7d TOG
556,CSW24,16,18,18.131000,12.899000,-5.232000,9f DOON
556,CSW24,17,16,18.295000,12.224000,-6.071000,e8 NONG
556,CSW24,18,25,17.165000,12.031000,-5.134000,7e OD
556,CSW24,19,26,17.165000,11.994000,-5.171000,9e OD
556,CSW24,20,22,17.295000,11.383000,-5.912000,7d NOG
556,CSW24,21,20,17.785000,11.203000,-6.582000,e6 DONG
556,CSW24,22,21,17.295000,11.199000,-6.096000,f6 GOON
556,CSW24,23,24,17.165000,11.018000,-6.147000,f6 DOO
556,CSW24,24,30,16.295000,10.984000,-5.311000,7d GON
556,CSW24,25,31,16.295000,10.963000,-5.332000,9d GON
762,CSW24,1,1,30.683000,24.363000,-6.320000,m9 CANTREF
762,CSW24,2,2,28.078000,22.885000,-5.193000,a1 INN
762,CSW24,3,3,27.229000,21.071000,-6.158000,m13 NEF
762,CSW24,4,4,26.041000,20.842000,-5.199000,a1 INT
762,CSW24,5,5,24.824000,19.595000,-5.229000,a1 ANT
762,CSW24,6,7,24.721000,19.516000,-5.205000,a1 ANN
762,CSW24,7,6,24.824000,18.725000,-6.099000,13l ANT
762,CSW24,8,8,23.229000,16.410000,-6.819000,4b DOWN
762,CSW24,9,11,21.572000,16.275000,-5.297000,a1 IN
762,CSW24,10,10,22.216000,16.078000,-6.138000,13l ANTI
762,CSW24,11,9,22.229000,15.792000,-6.437000,g1 HIN
762,CSW24,12,13,20.224000,14.927000,-5.297000,a1 AN
762,CSW24,13,14,20.224000,14.121000,-6.103000,13l AN
762,CSW24,14,12,20.229000,13.796000,-6.433000,3d ON
762,CSW24,15,15,19.716000,13.574000,-6.142000,m13 REF
762,CSW24,16,21,18.224000,13.235000,-4.989000,a14 NA
762,CSW24,17,17,19.229000,12.668000,-6.561000,f1 GUN
762,CSW24,18,16,19.519000,12.547000,-6.972000,j10 CRANK
762,CSW24,19,18,18.572000,12.325000,-6.247000,m12 NIEF
762,CSW24,20,27,17.446000,12.247000,-5.199000,a1 ANI
762,CSW24,21,26,17.446000,12.235000,-5.211000,a1 AIN
762,CSW24,22,20,18.229000,11.730000,-6.499000,14a NON
762,CSW24,23,24,17.718000,11.702000,-6.016000,13l ART
762,CSW24,24,22,18.041000,11.655000,-6.386000,e4 NIT
762,CSW24,25,23,18.041000,11.653000,-6.388000,e4 TIN
131,CSW24,1,1,43.753000,29.175000,-14.578000,d1 JOBE
131,CSW24,2,3,32.690000,19.762000,-12.928000,1h EXO
131,CSW24,3,2,35.811000,17.743000,-18.068000,4a AJEE
131,CSW24,4,4,30.191000,14.271000,-15.920000,4b JEE
131,CSW24,5,5,29.753000,13.958000,-15.795000,4b JOE
131,CSW24,6,6,28.012000,13.242000,-14.770000,5c JAXIE
131,CSW24,7,14,21.524000,10.376000,-11.148000,1n EE
131,CSW24,8,15,21.392000,10.372000,-11.020000,1n OE
131,CSW24,9,7,25.690000,10.160000,-15.530000,4b EXO
131,CSW24,10,8,23.773000,9.603000,-14.170000,3m EX
131,CSW24,11,11,23.069000,8.781000,-14.288000,3m OX
131,CSW24,12,27,18.817000,7.796000,-11.021000,1n EA
131,CSW24,13,9,23.341000,7.733000,-15.608000,4b AXE
131,CSW24,14,26,18.817000,7.720000,-11.097000,1n AE
131,CSW24,15,10,23.191000,7.008000,-16.183000,n8 JEE
131,CSW24,16,12,22.753000,6.476000,-16.277000,n8 JOE
131,CSW24,17,18,20.811000,6.089000,-14.722000,9j AJEE
131,CSW24,18,22,20.524000,5.580000,-14.944000,9h EE
131,CSW24,19,23,20.392000,5.379000,-15.013000,9h OE
131,CSW24,20,25,19.277000,4.989000,-14.288000,3m AX
131,CSW24,21,13,21.690000,4.921000,-16.769000,2b EXO
131,CSW24,22,20,20.690000,4.839000,-15.851000,7b EXO
131,CSW24,23,24,19.589000,4.638000,-14.951000,4c JO
131,CSW24,24,28,18.812000,4.135000,-14.677000,5e JIAO
131,CSW24,25,19,20.753000,4.117000,-16.636000,g8 SJOE
1167,CSW24,1,1,77.000000,72.827000,-4.173000,a5 ETRANGER
1167,CSW24,2,3,63.000000,54.013000,-8.987000,b5 RENEGATE
1167,CSW24,3,4,63.000000,53.984000,-9.016000,b6 TEENAGER
1167,CSW24,4,2,63.000000,53.956000,-9.044000,b5 GENERATE
1167,CSW24,5,5,40.688000,35.650000,-5.038000,9k TENGE
1167,CSW24,6,6,39.402000,34.036000,-5.366000,2h LAERING
1167,CSW24,7,7,39.402000,34.026000,-5.376000,2h LEARING
1167,CSW24,8,8,38.006000,32.638000,-5.368000,2h LEERING
1167,CSW24,9,9,36.249000,31.280000,-4.969000,2j ERING
1167,CSW24,10,10,35.438000,30.282000,-5.156000,11c AGEN
1167,CSW24,11,11,34.688000,29.620000,-5.068000,11d GEN
1167,CSW24,12,12,32.102000,27.230000,-4.872000,11b RAGE
1167,CSW24,13,13,31.927000,26.682000,-5.245000,11c AGE
1167,CSW24,14,16,30.927000,25.825000,-5.102000,11d GAE
1167,CSW24,15,14,31.244000,25.714000,-5.530000,11a ETAGE
1167,CSW24,16,17,30.696000,25.661000,-5.035000,9k TEN
1167,CSW24,17,15,31.215000,25.619000,-5.596000,11b RAGEE
1167,CSW24,18,18,30.451000,24.957000,-5.494000,i2 AG
1167,CSW24,19,19,29.927000,24.834000,-5.093000,11d GET
1167,CSW24,20,20,29.680000,24.620000,-5.060000,11d GAN
1167,CSW24,21,22,29.489000,24.483000,-5.006000,11e ET
1167,CSW24,22,21,29.489000,24.464000,-5.025000,11d TE
1167,CSW24,23,23,29.220000,24.365000,-4.855000,e11 EW
1167,CSW24,24,25,28.593000,23.427000,-5.166000,3g JAG
1167,CSW24,25,48,25.778000,23.424000,-2.354000,a10 GARNET
735,CSW24,1,1,86.000000,81.708000,-4.292000,o7 DEVIaNT
735,CSW24,2,2,85.000000,80.613000,-4.387000,o7 EVIDeNT
735,CSW24,3,3,84.000000,79.562000,-4.438000,o7 eVIDENT
735,CSW24,4,6,74.000000,68.978000,-5.022000,3b INDEVoUT
735,CSW24,5,5,76.000000,66.307000,-9.693000,14h EVIDENTs
735,CSW24,6,7,72.000000,65.944000,-6.056000,14g DENoTIVE
735,CSW24,7,4,76.000000,65.242000,-10.758000,14h EVENTIDe
735,CSW24,8,8,72.000000,60.831000,-11.169000,14h EVeNTIDE
735,CSW24,9,9,65.000000,58.208000,-6.792000,14e INVEcTED
735,CSW24,10,11,65.000000,57.954000,-7.046000,14e INVErTED
735,CSW24,11,12,65.000000,57.865000,-7.135000,14e INVEsTED
735,CSW24,12,10,65.000000,57.816000,-7.184000,14e INVEnTED
735,CSW24,13,13,65.000000,57.161000,-7.839000,14f EVENTIDe
735,CSW24,14,18,62.000000,56.603000,-5.397000,15d INVeRTED
735,CSW24,15,17,62.000000,56.600000,-5.400000,15d INVERTeD
735,CSW24,16,15,63.000000,55.705000,-7.295000,14e InVENTED
735,CSW24,17,14,63.000000,55.632000,-7.368000,14e DuVETINE
735,CSW24,18,16,63.000000,55.029000,-7.971000,14f eVENTIDE
735,CSW24,19,19,57.166000,50.841000,-6.325000,o7 DIV
735,CSW24,20,21,56.158000,49.837000,-6.321000,o7 DEV
735,CSW24,21,20,56.166000,48.777000,-7.389000,c12 DIV
735,CSW24,22,22,55.158000,47.939000,-7.219000,c12 DEV
735,CSW24,23,24,54.214000,47.772000,-6.442000,o7 DEVI
735,CSW24,24,25,54.214000,47.706000,-6.508000,o7 DIVE
735,CSW24,25,26,52.214000,45.224000,-6.990000,c12 DEVI
775,CSW24,1,1,50.864000,40.184000,-10.680000,3f EXO
775,CSW24,2,2,49.561000,38.638000,-10.923000,3f EXON
775,CSW24,3,3,47.926000,35.471000,-12.455000,h1 EXOME
775,CSW24,4,5,44.331000,34.440000,-9.891000,3f EX
775,CSW24,5,4,44.708000,34.301000,-10.407000,3g XU
775,CSW24,6,6,40.599000,28.377000,-12.222000,h1 EXOMES
775,CSW24,7,7,38.774000,27.466000,-11.308000,3f EXONS
775,CSW24,8,8,35.767000,25.020000,-10.747000,3f EXES
775,CSW24,9,11,32.402000,20.737000,-11.665000,h1 NEUM
775,CSW24,10,9,32.561000,20.271000,-12.290000,5h EXON
775,CSW24,11,10,32.561000,19.942000,-12.619000,5h OXEN
775,CSW24,12,12,31.864000,19.708000,-12.156000,3h EXO
775,CSW24,13,33,25.758000,19.340000,-6.418000,a1 NOLE
775,CSW24,14,13,31.400000,19.263000,-12.137000,h1 NEUME
775,CSW24,15,18,29.331000,17.977000,-11.354000,3h EX
775,CSW24,16,35,25.443000,17.171000,-8.272000,a2 ULEX
775,CSW24,17,16,29.561000,17.030000,-12.531000,3h EXON
775,CSW24,18,17,29.561000,16.781000,-12.780000,3h OXEN
775,CSW24,19,15,29.864000,16.592000,-13.272000,9h EXO
775,CSW24,20,14,29.864000,16.574000,-13.290000,7h EXO
775,CSW24,21,37,24.960000,16.564000,-8.396000,2b NOSE
775,CSW24,22,19,28.857000,16.560000,-12.297000,9b OXES
775,CSW24,23,26,27.331000,16.269000,-11.062000,9h EX
775,CSW24,24,36,25.443000,16.264000,-9.179000,a3 LUXE
775,CSW24,25,25,27.331000,16.134000,-11.197000,7h EX
509,CSW24,1,1,60.933000,51.550000,-9.383000,a6 DIBBS
509,CSW24,2,2,55.933000,45.780000,-10.153000,a5 DIBBS
509,CSW24,3,3,52.933000,42.440000,-10.493000,a4 DIBBS
509,CSW24,4,4,49.353000,39.311000,-10.042000,a6 SIBB
509,CSW24,5,5,47.353000,37.185000,-10.168000,a6 BIBS
509,CSW24,6,6,47.049000,36.465000,-10.584000,a5 BISH
509,CSW24,7,7,46.417000,35.979000,-10.438000,a6 BIB
509,CSW24,8,8,44.353000,33.701000,-10.652000,a5 SIBB
509,CSW24,9,9,42.766000,32.525000,-10.241000,a6 DIBS
509,CSW24,10,10,41.840000,31.320000,-10.520000,a6 DIB
509,CSW24,11,12,40.235000,29.676000,-10.559000,a5 SIDH
509,CSW24,12,11,40.235000,29.516000,-10.719000,a5 DISH
509,CSW24,13,13,39.766000,29.324000,-10.442000,a6 BIDS
509,CSW24,14,14,38.840000,28.194000,-10.646000,a6 BID
509,CSW24,15,15,38.353000,27.467000,-10.886000,a5 BIBS
509,CSW24,16,16,35.433000,24.899000,-10.534000,a6 HID
509,CSW24,17,18,33.766000,22.799000,-10.967000,a5 DIBS
509,CSW24,18,17,33.766000,22.710000,-11.056000,a5 BIDS
509,CSW24,19,19,30.729000,20.273000,-10.456000,o12 EBBS
509,CSW24,20,21,29.976000,19.723000,-10.253000,a7 SH
509,CSW24,21,22,29.976000,19.714000,-10.262000,15h SH
509,CSW24,22,20,30.179000,19.399000,-10.780000,a6 ISH
509,CSW24,23,24,29.607000,19.020000,-10.587000,a6 SIB
509,CSW24,24,23,29.933000,17.354000,-12.579000,i4 DIBBS
509,CSW24,25,26,25.235000,15.184000,-10.051000,o8 SIDHE
824,CSW24,1,1,78.000000,62.178000,-15.822000,n2 SHINTIED
824,CSW24,2,2,49.220000,38.716000,-10.504000,14f HI
824,CSW24,3,3,46.901000,35.614000,-11.287000,14f HID
824,CSW24,4,4,44.178000,32.992000,-11.186000,14f HIT
824,CSW24,5,5,41.220000,30.830000,-10.390000,9i HI
824,CSW24,6,9,39.519000,29.462000,-10.057000,14e ID
824,CSW24,7,12,38.519000,29.179000,-9.340000,11d RID
824,CSW24,8,6,40.935000,28.936000,-11.999000,14f HEID
824,CSW24,9,10,39.220000,28.696000,-10.524000,l3 HIP
824,CSW24,10,11,38.901000,28.413000,-10.488000,9i HID
824,CSW24,11,7,40.935000,28.192000,-12.743000,14f HIDE
824,CSW24,12,8,40.935000,27.982000,-12.953000,14f HIED
824,CSW24,13,13,37.901000,27.587000,-10.314000,11i HID
824,CSW24,14,14,37.519000,26.648000,-10.871000,14f DI
824,CSW24,15,16,36.178000,25.665000,-10.513000,9i HIT
824,CSW24,16,15,37.052000,25.022000,-12.030000,14f HIE
824,CSW24,17,17,35.519000,24.985000,-10.534000,l3 DIP
824,CSW24,18,19,35.178000,24.786000,-10.392000,l3 HIPT
824,CSW24,19,21,33.985000,24.729000,-9.256000,11d RIDE
824,CSW24,20,20,34.178000,23.829000,-10.349000,11i HIT
824,CSW24,21,18,35.220000,23.819000,-11.401000,4m HI
824,CSW24,22,23,33.519000,23.167000,-10.352000,9i DI
824,CSW24,23,52,30.792000,22.583000,-8.209000,o3 SIgHTED
824,CSW24,24,22,33.519000,22.581000,-10.938000,6l ID
824,CSW24,25,33,31.995000,22.325000,-9.670000,14e EH
286,CSW24,1,1,43.487000,34.365000,-9.122000,k5 ADUST
286,CSW24,2,2,42.180000,31.686000,-10.494000,d1 MAZUT
286,CSW24,3,4,38.166000,29.775000,-8.391000,7g AZAN
286,CSW24,4,5,37.467000,27.054000,-10.413000,k8 SADZA
286,CSW24,5,3,38.166000,26.943000,-11.223000,f5 AZAN
286,CSW24,6,7,35.957000,26.752000,-9.205000,k2 DATA
286,CSW24,7,6,36.917000,25.721000,-11.196000,d1 MATZA
286,CSW24,8,9,35.684000,25.424000,-10.260000,4i ZEDA
286,CSW24,9,13,33.961000,25.136000,-8.825000,i4 DATURA
286,CSW24,10,10,34.853000,24.795000,-10.058000,d1 MAZUTS
286,CSW24,11,8,35.955000,24.735000,-11.220000,3h ZAKATS
286,CSW24,12,11,34.467000,23.321000,-11.146000,9j SADZA
286,CSW24,13,18,31.106000,21.986000,-9.120000,i6 DURA
286,CSW24,14,15,32.608000,21.952000,-10.656000,7c ZA
286,CSW24,15,24,30.203000,21.674000,-8.529000,k5 AUAS
286,CSW24,16,17,31.650000,21.500000,-10.150000,2d UTA
286,CSW24,17,19,30.650000,21.478000,-9.172000,k4 TAU
286,CSW24,18,12,34.103000,21.413000,-12.690000,2b DAUT
286,CSW24,19,16,32.106000,21.075000,-11.031000,d1 MAUD
286,CSW24,20,14,32.650000,21.068000,-11.582000,3j KUTA
286,CSW24,21,20,30.608000,20.758000,-9.850000,i4 ZA
286,CSW24,22,21,30.608000,20.706000,-9.902000,g7 ADZ
286,CSW24,23,31,29.192000,20.457000,-8.735000,7g AZANS
286,CSW24,24,22,30.459000,20.184000,-10.275000,4i ZETA
286,CSW24,25,23,30.459000,20.137000,-10.322000,e5 ZATI
144,CSW24,1,1,29.438000,29.455000,0.017000,e9 WIVER
144,CSW24,2,2,28.080000,28.974000,0.894000,a1 TWIG
144,CSW24,3,3,27.912000,28.064000,0.152000,12h JIVER
144,CSW24,4,4,24.912000,25.217000,0.305000,a1 VIRGE
144,CSW24,5,5,21.986000,23.067000,1.081000,11b IWI
144,CSW24,6,7,21.130000,22.130000,1.000000,g1 EW
144,CSW24,7,8,21.130000,22.052000,0.922000,3j EW
144,CSW24,8,9,20.919000,21.206000,0.287000,a1 VERGE
144,CSW24,9,6,21.239000,21.174000,-0.065000,12h JEWIE
144,CSW24,10,13,20.130000,21.144000,1.014000,i14 WE
144,CSW24,11,10,20.130000,20.934000,0.804000,g2 WE
144,CSW24,12,11,20.130000,20.903000,0.773000,f8 NEW
144,CSW24,13,12,20.130000,20.599000,0.469000,14h EEW
144,CSW24,14,14,19.307000,20.181000,0.874000,3h LWEI
144,CSW24,15,15,18.884000,20.014000,1.130000,3g VLEI
144,CSW24,16,16,18.294000,19.091000,0.797000,f8 NEWT
144,CSW24,17,18,18.130000,18.832000,0.702000,3e WE
144,CSW24,18,19,17.884000,18.667000,0.783000,k8 DEVI
144,CSW24,19,20,17.884000,18.666000,0.782000,k8 DIVE
144,CSW24,20,23,17.294000,17.978000,0.684000,e11 WERT
144,CSW24,21,24,16.884000,17.774000,0.890000,f8 NEVI
144,CSW24,22,21,17.865000,17.701000,-0.164000,e9 TWIER
144,CSW24,23,22,17.865000,17.569000,-0.296000,e10 TWIRE
144,CSW24,24,17,18.189000,17.451000,-0.738000,k8 DIVERT
144,CSW24,25,26,16.307000,17.233000,0.926000,3e WIEL
1024,CSW24,1,1,62.000000,48.510000,-13.490000,a6 ATONALLY
1024,CSW24,2,2,31.518000,18.356000,-13.162000,h10 ALANYL
1024,CSW24,3,3,31.518000,18.328000,-13.190000,h10 ANALLY
1024,CSW24,4,4,27.547000,11.470000,-16.077000,e5 LANITAL
1024,CSW24,5,6,25.078000,10.167000,-14.911000,d8 WALLY
1024,CSW24,6,5,27.518000,9.859000,-17.659000,3c ALANYLS
1024,CSW24,7,11,19.841000,8.828000,-11.013000,h7 NEATLY
1024,CSW24,8,8,23.014000,8.645000,-14.369000,j10 TALLY
1024,CSW24,9,7,23.302000,8.191000,-15.111000,d8 WANLY
1024,CSW24,10,9,22.983000,7.872000,-15.111000,d8 WALTY
1024,CSW24,11,42,14.836000,4.440000,-10.396000,h7 YELL
1024,CSW24,12,15,19.078000,4.184000,-14.894000,4i TALLY
1024,CSW24,13,16,19.078000,3.938000,-15.140000,5i ALLAY
1024,CSW24,14,10,21.518000,3.814000,-17.704000,3g NASALLY
1024,CSW24,15,14,19.078000,3.770000,-15.308000,3i SALLY
1024,CSW24,16,18,19.006000,3.344000,-15.662000,5g ALANYL
1024,CSW24,17,19,19.006000,3.310000,-15.696000,5g ANALLY
1024,CSW24,18,21,19.006000,3.256000,-15.750000,5i ANALLY
1024,CSW24,19,25,17.413000,3.244000,-14.169000,j4 ANAL
1024,CSW24,20,23,18.841000,3.190000,-15.651000,e7 LITANY
1024,CSW24,21,20,19.006000,3.166000,-15.840000,5i ALANYL
1024,CSW24,22,17,19.014000,3.073000,-15.941000,3i SALTLY
1024,CSW24,23,24,17.413000,2.934000,-14.479000,j4 ALAN
1024,CSW24,24,56,13.344000,2.902000,-10.442000,h7 NEAL
1024,CSW24,25,30,17.069000,2.880000,-14.189000,j5 LAT
615,CSW24,1,1,41.553000,35.399000,-6.154000,o1 KEYNOTER
615,CSW24,2,2,29.878000,24.588000,-5.290000,4j RORT
615,CSW24,3,3,22.760000,17.420000,-5.340000,c13 ERR
615,CSW24,4,5,21.288000,16.383000,-4.905000,3f ROIN
615,CSW24,5,4,21.288000,16.364000,-4.924000,3f NOIR
615,CSW24,6,6,21.288000,16.006000,-5.282000,4j NOR
615,CSW24,7,8,19.586000,14.101000,-5.485000,4k ORT
615,CSW24,8,7,20.102000,14.098000,-6.004000,l2 MIRROR
615,CSW24,9,9,18.005000,12.284000,-5.721000,13a FERRET
615,CSW24,10,10,17.760000,12.279000,-5.481000,13a FERER
615,CSW24,11,11,17.222000,11.743000,-5.479000,13a FERN
615,CSW24,12,12,16.586000,11.242000,-5.344000,4j TOR
615,CSW24,13,14,15.506000,10.045000,-5.461000,4k OR
615,CSW24,14,17,15.313000,9.946000,-5.367000,c13 REN
615,CSW24,15,16,15.313000,9.892000,-5.421000,c13 ERN
615,CSW24,16,13,15.615000,9.774000,-5.841000,7h GRR
615,CSW24,17,15,15.506000,9.650000,-5.856000,10e IRONER
615,CSW24,18,19,14.615000,9.501000,-5.114000,11e GRR
615,CSW24,19,20,14.313000,9.408000,-4.905000,3f REIN
615,CSW24,20,18,15.288000,9.290000,-5.998000,l2 MINOR
615,CSW24,21,21,13.760000,8.038000,-5.722000,k1 RAGER
615,CSW24,22,22,13.288000,7.523000,-5.765000,k1 NAGOR
615,CSW24,23,24,12.707000,7.305000,-5.402000,13a FER
615,CSW24,24,25,12.586000,7.024000,-5.562000,13a FETOR
615,CSW24,25,26,12.288000,6.955000,-5.333000,10e INRO
12,CSW24,1,1,38.787000,38.903000,0.116000,o12 WADT
12,CSW24,2,2,37.564000,36.942000,-0.622000,o12 WANT
12,CSW24,3,7,31.078000,30.220000,-0.858000,o7 LADE
12,CSW24,4,8,30.444000,29.680000,-0.764000,o7 NADA
12,CSW24,5,9,30.078000,29.050000,-1.028000,o7 DALE
12,CSW24,6,4,33.580000,28.174000,-5.406000,f10 AD
12,CSW24,7,3,33.682000,27.912000,-5.770000,f10 AL
12,CSW24,8,10,29.399000,27.637000,-1.762000,o7 TALA
12,CSW24,9,15,28.243000,27.195000,-1.048000,o7 DATA
12,CSW24,10,18,27.983000,26.930000,-1.053000,o7 DATE
12,CSW24,11,14,28.563000,26.816000,-1.747000,o7 TANA
12,CSW24,12,5,32.440000,26.670000,-5.770000,f10 AN
12,CSW24,13,17,28.208000,26.543000,-1.665000,o7 NALA
12,CSW24,14,16,28.208000,26.452000,-1.756000,o7 LANA
12,CSW24,15,6,31.175000,26.103000,-5.072000,f10 ALTO
12,CSW24,16,23,26.504000,25.943000,-0.561000,o12 WELT
12,CSW24,17,13,28.576000,25.751000,-2.825000,o7 LAD
12,CSW24,18,29,25.941000,25.305000,-0.636000,o12 WENT
12,CSW24,19,20,27.576000,24.560000,-3.016000,o7 DAL
12,CSW24,20,27,26.218000,24.464000,-1.754000,o7 LATE
12,CSW24,21,28,26.218000,24.451000,-1.767000,o7 TALE
12,CSW24,22,22,26.537000,23.824000,-2.713000,o8 ALA
12,CSW24,23,21,26.810000,23.767000,-3.043000,o7 DAN
12,CSW24,24,19,27.580000,23.760000,-3.820000,o8 AD
12,CSW24,25,34,25.217000,23.480000,-1.737000,o7 TANE
644,CSW24,1,1,79.000000,71.619000,-7.381000,10a CHEDERS
644,CSW24,2,2,53.110000,48.813000,-4.297000,l6 INHERCED
644,CSW24,3,3,48.074000,43.926000,-4.148000,l6 INHERCE
644,CSW24,4,4,46.412000,41.156000,-5.256000,10f CH
644,CSW24,5,5,46.282000,41.093000,-5.189000,l6 INHERED
644,CSW24,6,6,45.412000,40.862000,-4.550000,f3 CH
644,CSW24,7,7,44.207000,39.785000,-4.422000,4l CHEW
644,CSW24,8,14,42.082000,37.809000,-4.273000,l6 INHERCES
644,CSW24,9,15,41.284000,37.761000,-3.523000,6b CHUSE
644,CSW24,10,9,42.412000,37.750000,-4.662000,l4 CHIN
644,CSW24,11,8,43.207000,37.544000,-5.663000,10e ECH
644,CSW24,12,17,40.986000,37.343000,-3.643000,6c CUSH
644,CSW24,13,10,42.207000,37.182000,-5.025000,l4 CHINE
644,CSW24,14,13,42.140000,37.043000,-5.097000,10j DE
644,CSW24,15,21,40.154000,36.864000,-3.290000,6b CRUSH
644,CSW24,16,11,42.207000,36.809000,-5.398000,10e CHE
644,CSW24,17,12,42.140000,36.662000,-5.478000,10i ED
644,CSW24,18,18,40.778000,36.061000,-4.717000,l4 CHINSED
644,CSW24,19,20,40.284000,35.759000,-4.525000,l4 CHINSE
644,CSW24,20,19,40.439000,35.728000,-4.711000,l9 ECHED
644,CSW24,21,16,41.207000,35.565000,-5.642000,n2 CHE
644,CSW24,22,22,40.061000,34.807000,-5.254000,k6 DICTED
644,CSW24,23,23,39.412000,34.395000,-5.017000,3d BACH
644,CSW24,24,25,39.044000,33.785000,-5.259000,10e EDH
644,CSW24,25,30,38.207000,33.656000,-4.551000,e8 LECH
667,CSW24,1,1,12.032000,2.941000,-9.091000,14f OILILY
667,CSW24,2,5,7.951000,2.768000,-5.183000,15d YITIE
667,CSW24,3,6,7.693000,1.720000,-5.973000,10f TORII
667,CSW24,4,4,8.233000,1.410000,-6.823000,b6 YO
667,CSW24,5,3,10.032000,0.209000,-9.823000,14d OILILY
667,CSW24,6,7,6.317000,-0.620000,-6.937000,11h ROILY
667,CSW24,7,10,3.317000,-1.187000,-4.504000,f8 NOILY
667,CSW24,8,2,10.317000,-1.877000,-12.194000,b7 OILY
667,CSW24,9,11,3.086000,-2.730000,-5.816000,15c IOLITE
667,CSW24,10,13,1.430000,-3.563000,-4.993000,g12 OI
667,CSW24,11,14,1.430000,-3.675000,-5.105000,i12 OI
667,CSW24,12,15,1.430000,-3.716000,-5.146000,i13 IO
667,CSW24,13,16,1.430000,-3.821000,-5.251000,i13 OI
667,CSW24,14,8,3.693000,-4.266000,-7.959000,11f TORII
667,CSW24,15,25,0.241000,-4.476000,-4.717000,i12 TOIL
667,CSW24,16,22,0.560000,-4.590000,-5.150000,10f LIRI
667,CSW24,17,27,0.080000,-4.650000,-4.730000,i13 OIL
667,CSW24,18,21,0.821000,-4.842000,-5.663000,ex IIO
667,CSW24,19,12,1.899000,-5.174000,-7.073000,14f TILLY
667,CSW24,20,26,0.227000,-5.436000,-5.663000,ex IIIOT
667,CSW24,21,19,1.094000,-5.482000,-6.576000,14f YILL
667,CSW24,22,20,1.094000,-5.564000,-6.658000,14g ILLY
667,CSW24,23,28,0.000000,-5.663000,-5.663000,ex IIILOTY
667,CSW24,24,30,-0.453000,-6.116000,-5.663000,ex IIILOT
667,CSW24,25,31,-0.482000,-6.145000,-5.663000,ex IIILOY
5,CSW24,1,1,71.000000,60.858000,-10.142000,6f TOLEWARE
5,CSW24,2,2,42.510000,34.726000,-7.784000,2h LAWED
5,CSW24,3,3,41.798000,34.023000,-7.775000,2h TAWED
5,CSW24,4,4,41.037000,32.902000,-8.135000,2i AWED
5,CSW24,5,5,33.510000,26.270000,-7.240000,8a WEAL
5,CSW24,6,6,33.263000,25.038000,-8.225000,2j WED
5,CSW24,7,7,31.546000,24.317000,-7.229000,8a WEEL
5,CSW24,8,8,31.340000,24.062000,-7.278000,8a WEET
5,CSW24,9,10,29.653000,21.446000,-8.207000,2h LAW
5,CSW24,10,11,29.151000,20.962000,-8.189000,2h TAW
5,CSW24,11,9,30.263000,20.737000,-9.526000,10f WE
5,CSW24,12,12,29.079000,20.614000,-8.465000,2i AW
5,CSW24,13,13,27.798000,18.817000,-8.981000,2f WETA
5,CSW24,14,18,26.037000,18.131000,-7.906000,8a WAE
5,CSW24,15,17,26.079000,17.877000,-8.202000,2j WAD
5,CSW24,16,14,27.093000,17.796000,-9.297000,2n OW
5,CSW24,17,15,26.810000,17.411000,-9.399000,2f WOE
5,CSW24,18,16,26.263000,16.980000,-9.283000,2n EW
5,CSW24,19,21,24.305000,16.210000,-8.095000,8a WEE
5,CSW24,20,23,23.810000,14.798000,-9.012000,10a WOE
5,CSW24,21,22,23.810000,14.726000,-9.084000,7g OWE
5,CSW24,22,20,24.810000,14.274000,-10.536000,n3 YEOW
5,CSW24,23,25,23.249000,13.797000,-9.452000,j6 ELBOW
5,CSW24,24,19,24.810000,13.755000,-11.055000,2e OWE
5,CSW24,25,38,21.153000,13.683000,-7.470000,8a LEAT
1042,CSW24,1,1,15.407000,6.379000,-9.028000,d8 COOEE
1042,CSW24,2,2,12.020000,2.989000,-9.031000,d8 COOTIE
1042,CSW24,3,4,2.762000,-3.098000,-5.860000,k5 TOE
1042,CSW24,4,5,2.402000,-3.676000,-6.078000,ex EEIOO
1042,CSW24,5,7,1.407000,-4.671000,-6.078000,ex EEOO
1042,CSW24,6,8,0.854000,-5.224000,-6.078000,ex EEIOOT
1042,CSW24,7,9,0.653000,-5.593000,-6.246000,5i EUOI
1042,CSW24,8,11,0.000000,-6.078000,-6.078000,ex EEEIOOT
1042,CSW24,9,12,-0.482000,-6.560000,-6.078000,ex EEEIOO
1042,CSW24,10,13,-0.490000,-6.568000,-6.078000,ex EEIO
1042,CSW24,11,15,-0.995000,-6.668000,-5.673000,k5 TIE
1042,CSW24,12,14,-0.968000,-7.046000,-6.078000,ex EEEOO
1042,CSW24,13,10,0.012000,-7.084000,-7.096000,5i OUTIE
1042,CSW24,14,17,-1.444000,-7.522000,-6.078000,ex EIOO
1042,CSW24,15,19,-1.690000,-7.768000,-6.078000,ex EEEIO
1042,CSW24,16,18,-1.683000,-7.928000,-6.245000,k6 OE
1042,CSW24,17,20,-2.083000,-8.161000,-6.078000,ex EEOOT
1042,CSW24,18,22,-2.208000,-8.286000,-6.078000,ex EEEOOT
1042,CSW24,19,23,-2.478000,-8.556000,-6.078000,ex EEEIOT
1042,CSW24,20,3,4.020000,-8.934000,-12.954000,g4 OTIOSE
1042,CSW24,21,6,1.799000,-8.935000,-10.734000,g6 OOSE
1042,CSW24,22,26,-3.129000,-9.207000,-6.078000,ex EEIOT
1042,CSW24,23,27,-3.173000,-9.251000,-6.078000,ex EEO
1042,CSW24,24,30,-3.939000,-9.494000,-5.555000,i7 EnE
1042,CSW24,25,29,-3.683000,-9.669000,-5.986000,7f OE
162,CSW24,1,2,38.940000,34.034000,-4.906000,g2 SODA
162,CSW24,2,1,38.940000,33.959000,-4.981000,g2 SADO
162,CSW24,3,4,35.660000,30.623000,-5.037000,10m SOP
162,CSW24,4,3,35.660000,30.558000,-5.102000,g4 DOSER
162,CSW24,5,5,34.940000,29.265000,-5.675000,b2 OHIAS
162,CSW24,6,6,33.947000,28.873000,-5.074000,5g OXO
162,CSW24,7,7,33.660000,28.537000,-5.123000,5f SOX
162,CSW24,8,8,33.390000,28.005000,-5.385000,j10 OOS
162,CSW24,9,9,33.040000,27.837000,-5.203000,5g OX
162,CSW24,10,10,32.660000,27.410000,-5.250000,g2 SOD
162,CSW24,11,11,31.660000,26.435000,-5.225000,6e OS
162,CSW24,12,18,31.390000,26.178000,-5.212000,6d OOS
162,CSW24,13,13,31.660000,26.125000,-5.535000,j12 SO
162,CSW24,14,12,31.660000,26.086000,-5.574000,j11 OS
162,CSW24,15,16,31.474000,26.066000,-5.408000,1e SOOT
162,CSW24,16,15,31.474000,26.010000,-5.464000,1e OOTS
162,CSW24,17,17,31.474000,25.635000,-5.839000,13a OOTS
162,CSW24,18,14,31.539000,25.527000,-6.012000,13a TORSO
162,CSW24,19,19,31.390000,25.464000,-5.926000,13a OOS
162,CSW24,20,21,30.660000,25.263000,-5.397000,n10 OS
162,CSW24,21,20,30.660000,25.114000,-5.546000,10l OS
162,CSW24,22,22,30.660000,25.015000,-5.645000,13b OS
162,CSW24,23,25,30.474000,24.952000,-5.522000,j9 OOTS
162,CSW24,24,23,30.539000,24.920000,-5.619000,1e TOROS
162,CSW24,25,24,30.539000,24.918000,-5.621000,1e TORSO
943,CSW24,1,1,34.239000,29.001000,-5.238000,10b TIPI
943,CSW24,2,2,32.950000,27.780000,-5.170000,6d NEK
943,CSW24,3,3,30.790000,25.527000,-5.263000,6c TREK
943,CSW24,4,4,29.890000,24.616000,-5.274000,6d KEP
943,CSW24,5,5,29.682000,24.363000,-5.319000,10b KI
943,CSW24,6,6,29.192000,22.691000,-6.501000,f12 INK
943,CSW24,7,8,27.951000,22.488000,-5.463000,6b PIKER
943,CSW24,8,9,27.942000,22.374000,-5.568000,6b KITER
943,CSW24,9,7,28.192000,22.361000,-5.831000,10g DINK
943,CSW24,10,12,27.109000,21.386000,-5.723000,6b KIPE
943,CSW24,11,10,27.192000,21.364000,-5.828000,6b KINE
943,CSW24,12,13,26.325000,21.004000,-5.321000,6d REP
943,CSW24,13,11,27.192000,20.854000,-6.338000,12b KING
943,CSW24,14,14,26.132000,20.716000,-5.416000,10d PI
943,CSW24,15,17,24.998000,19.690000,-5.308000,10b PI
943,CSW24,16,18,24.950000,19.646000,-5.304000,6d KEN
943,CSW24,17,16,25.434000,19.222000,-6.212000,f12 IRK
943,CSW24,18,19,24.507000,19.156000,-5.351000,10d TIND
943,CSW24,19,20,24.434000,18.710000,-5.724000,10g DIRK
943,CSW24,20,22,23.673000,18.532000,-5.141000,6c SPEK
943,CSW24,21,21,24.192000,18.388000,-5.804000,h10 INK
943,CSW24,22,23,23.368000,18.066000,-5.302000,6d NEP
943,CSW24,23,24,23.334000,17.386000,-5.948000,6b KITE
943,CSW24,24,26,23.109000,17.171000,-5.938000,6b PIKE
943,CSW24,25,25,23.192000,17.107000,-6.085000,12e GINK
1172,CSW24,1,1,25.820000,17.812000,-8.008000,1l ZITI
1172,CSW24,2,2,19.274000,8.997000,-10.277000,h10 IRITIC
1172,CSW24,3,3,18.347000,8.615000,-9.732000,d10 EVICT
1172,CSW24,4,4,17.721000,8.552000,-9.169000,2j VLEI
1172,CSW24,5,5,16.721000,7.272000,-9.449000,2k VEIL
1172,CSW24,6,11,15.634000,7.057000,-8.577000,1a CIT
1172,CSW24,7,7,16.721000,6.729000,-9.992000,d10 EVIL
1172,CSW24,8,9,16.561000,6.380000,-10.181000,d10 ERVIL
1172,CSW24,9,8,16.561000,5.272000,-11.289000,2h LIVRE
1172,CSW24,10,12,14.031000,4.835000,-9.196000,2j VIER
1172,CSW24,11,6,16.721000,4.560000,-12.161000,2l EVIL
1172,CSW24,12,10,15.749000,4.303000,-11.446000,2h LIVIER
1172,CSW24,13,13,13.497000,3.774000,-9.723000,2h CIVIE
1172,CSW24,14,17,11.721000,3.685000,-8.036000,2i VILE
1172,CSW24,15,14,12.469000,3.331000,-9.138000,1j VIZIR
1172,CSW24,16,18,11.676000,2.516000,-9.160000,2j VIE
1172,CSW24,17,24,10.347000,2.481000,-7.866000,2i CIVET
1172,CSW24,18,27,9.497000,1.911000,-7.586000,2i VICE
1172,CSW24,19,26,9.497000,1.898000,-7.599000,2i CIVE
1172,CSW24,20,16,11.721000,1.758000,-9.963000,2i LIVE
1172,CSW24,21,25,10.068000,1.487000,-8.581000,1a LIT
1172,CSW24,22,20,10.721000,1.239000,-9.482000,7k VRIL
1172,CSW24,23,23,10.561000,0.838000,-9.723000,2i VILER
1172,CSW24,24,22,10.561000,0.667000,-9.894000,2i RIVEL
1172,CSW24,25,21,10.561000,0.665000,-9.896000,2i LIVER
379,CSW24,1,1,37.410000,26.637000,-10.773000,13k AIA
379,CSW24,2,6,35.410000,26.135000,-9.275000,12g AMIA
379,CSW24,3,3,35.895000,26.054000,-9.841000,i11 AI
379,CSW24,4,2,36.410000,26.041000,-10.369000,i10 AIA
379,CSW24,5,11,34.895000,25.598000,-9.297000,12g AMI
379,CSW24,6,13,34.711000,25.432000,-9.279000,12g AMIE
379,CSW24,7,14,34.302000,24.571000,-9.731000,i10 BAAED
379,CSW24,8,7,35.410000,24.475000,-10.935000,15k AIA
379,CSW24,9,16,33.200000,24.438000,-8.762000,g12 ABA
379,CSW24,10,9,34.895000,24.259000,-10.636000,7h AI
379,CSW24,11,12,34.895000,23.972000,-10.923000,15k AI
379,CSW24,12,10,34.895000,23.884000,-11.011000,9h AI
379,CSW24,13,8,34.895000,23.387000,-11.508000,f6 AIA
379,CSW24,14,15,33.895000,22.568000,-11.327000,13k AI
379,CSW24,15,18,32.895000,22.562000,-10.333000,h8 AIA
379,CSW24,16,4,35.410000,22.471000,-12.939000,7h AIA
379,CSW24,17,20,31.837000,22.276000,-9.561000,i11 BEAD
379,CSW24,18,5,35.410000,22.267000,-13.143000,9h AIA
379,CSW24,19,19,32.598000,22.099000,-10.499000,ex AII
379,CSW24,20,25,30.038000,21.271000,-8.767000,13g BEE
379,CSW24,21,17,32.895000,21.127000,-11.768000,h6 AIA
379,CSW24,22,21,31.585000,20.816000,-10.769000,13k BAA
379,CSW24,23,22,30.837000,20.059000,-10.778000,13k BAE
379,CSW24,24,23,30.265000,19.766000,-10.499000,ex AABII
379,CSW24,25,24,30.106000,19.607000,-10.499000,ex AAII
621,CSW24,1,2,65.000000,54.555000,-10.445000,n5 LOGICIAN
621,CSW24,2,1,65.000000,54.389000,-10.611000,n3 LOGICIAN
621,CSW24,3,3,33.524000,22.926000,-10.598000,1a CONGA
621,CSW24,4,4,32.743000,22.348000,-10.395000,5e ANCONAL
621,CSW24,5,5,31.251000,20.933000,-10.318000,5e ANGINAL
621,CSW24,6,6,30.336000,20.142000,-10.194000,1a LINGO
621,CSW24,7,7,28.824000,18.398000,-10.426000,3d COIN
621,CSW24,8,10,27.737000,18.139000,-9.598000,10a GO
621,CSW24,9,9,28.251000,18.081000,-10.170000,1a LINGA
621,CSW24,10,8,28.386000,18.035000,-10.351000,1a LONGA
621,CSW24,11,11,27.691000,16.948000,-10.743000,3c ALOIN
621,CSW24,12,12,26.630000,16.904000,-9.726000,7a COL
621,CSW24,13,17,25.737000,16.316000,-9.421000,12a YO
621,CSW24,14,14,25.940000,16.164000,-9.776000,7a CALO
621,CSW24,15,16,25.940000,16.159000,-9.781000,7a COLA
621,CSW24,16,15,25.940000,16.147000,-9.793000,7a COAL
621,CSW24,17,20,25.308000,16.088000,-9.220000,d11 LOC
621,CSW24,18,13,26.058000,15.464000,-10.594000,j2 AG
621,CSW24,19,18,25.462000,15.298000,-10.164000,1a LOGIA
621,CSW24,20,19,25.386000,15.225000,-10.161000,1a ANGLO
621,CSW24,21,23,24.737000,15.086000,-9.651000,12l MO
621,CSW24,22,26,24.308000,14.925000,-9.383000,12l MOC
621,CSW24,23,24,24.717000,14.909000,-9.808000,7a COG
621,CSW24,24,29,24.136000,14.509000,-9.627000,a7 CLOGGY
621,CSW24,25,22,24.841000,14.427000,-10.414000,k1 INCOG
1125,CSW24,1,1,47.315000,36.692000,-10.623000,1a WIGHT
1125,CSW24,2,3,38.308000,28.788000,-9.520000,15a OW
1125,CSW24,3,2,38.780000,28.270000,-10.510000,1a WIGHTS
1125,CSW24,4,4,37.681000,26.820000,-10.861000,1a WITH
1125,CSW24,5,5,34.388000,23.313000,-11.075000,1a RIGHTO
1125,CSW24,6,9,31.308000,23.181000,-8.127000,8a WON
1125,CSW24,7,6,33.694000,23.047000,-10.647000,10g GOWD
1125,CSW24,8,7,32.308000,22.105000,-10.203000,13a OWN
1125,CSW24,9,8,31.767000,20.769000,-10.998000,1a RIGHT
1125,CSW24,10,17,27.308000,19.184000,-8.124000,f6 OW
1125,CSW24,11,10,29.921000,19.131000,-10.790000,1a WISHT
1125,CSW24,12,11,29.921000,19.128000,-10.793000,1a WITHS
1125,CSW24,13,13,29.004000,18.580000,-10.424000,15g OWT
1125,CSW24,14,16,27.446000,18.245000,-9.201000,a12 JIGS
1125,CSW24,15,12,29.149000,17.878000,-11.271000,1a GOTH
1125,CSW24,16,20,26.308000,17.815000,-8.493000,d7 WOO
1125,CSW24,17,14,28.427000,17.614000,-10.813000,11j SWIG
1125,CSW24,18,15,28.016000,17.420000,-10.596000,10g WORD
1125,CSW24,19,30,25.308000,17.246000,-8.062000,d6 OW
1125,CSW24,20,23,26.185000,16.984000,-9.201000,a12 JOGS
1125,CSW24,21,22,26.308000,15.776000,-10.532000,15g OW
1125,CSW24,22,18,27.196000,15.759000,-11.437000,2b GROW
1125,CSW24,23,21,26.308000,15.617000,-10.691000,10g WO
1125,CSW24,24,19,27.005000,15.461000,-11.544000,2b WROOT
1125,CSW24,25,24,26.004000,14.982000,-11.022000,f2 WOT
677,CSW24,1,2,35.763000,24.505000,-11.258000,b5 GOV
677,CSW24,2,3,35.763000,24.293000,-11.470000,b5 VOG
677,CSW24,3,4,35.405000,23.688000,-11.717000,b4 VLOG
677,CSW24,4,1,35.763000,23.369000,-12.394000,4g VIG
677,CSW24,5,5,34.754000,21.698000,-13.056000,2k GIF
677,CSW24,6,6,32.691000,19.699000,-12.992000,4g VIGIL
677,CSW24,7,9,31.696000,18.903000,-12.793000,ex FGV
677,CSW24,8,11,31.066000,18.383000,-12.683000,4g CIVIL
677,CSW24,9,7,32.254000,18.376000,-13.878000,b4 FLOG
677,CSW24,10,17,30.054000,18.307000,-11.747000,b4 FLOC
677,CSW24,11,30,27.399000,18.085000,-9.314000,a6 mILF
677,CSW24,12,12,30.790000,17.997000,-12.793000,ex FGLV
677,CSW24,13,15,30.442000,17.863000,-12.579000,4g GIF
677,CSW24,14,14,30.442000,17.842000,-12.600000,4g FIG
677,CSW24,15,10,31.105000,17.808000,-13.297000,9h FLIC
677,CSW24,16,13,30.482000,17.689000,-12.793000,ex CGV
677,CSW24,17,8,32.254000,17.231000,-15.023000,b5 GOLF
677,CSW24,18,16,30.442000,17.073000,-13.369000,b5 FOG
677,CSW24,19,19,29.431000,16.638000,-12.793000,ex CFV
677,CSW24,20,20,29.348000,16.555000,-12.793000,ex CFGV
677,CSW24,21,21,29.179000,16.386000,-12.793000,ex FGILV
677,CSW24,22,22,28.763000,15.970000,-12.793000,ex GV
677,CSW24,23,18,29.754000,15.812000,-13.942000,9h FIG
677,CSW24,24,23,28.292000,15.499000,-12.793000,ex CFGILV
677,CSW24,25,24,28.032000,15.239000,-12.793000,ex CFGIV
681,CSW24,1,1,24.502000,17.605000,-6.897000,9c QIS
681,CSW24,2,2,21.266000,14.701000,-6.565000,13f TIARA
681,CSW24,3,3,18.609000,11.555000,-7.054000,7d AVIATOR
681,CSW24,4,5,17.252000,11.470000,-5.782000,a12 TIAR
681,CSW24,5,4,17.396000,10.352000,-7.044000,5d QUAI
681,CSW24,6,6,15.502000,8.671000,-6.831000,j5 QI
681,CSW24,7,7,14.252000,7.389000,-6.863000,7e VIATOR
681,CSW24,8,9,13.609000,6.981000,-6.628000,a6 RAITA
681,CSW24,9,11,13.609000,6.941000,-6.668000,a6 TAIRA
681,CSW24,10,12,13.609000,6.923000,-6.686000,a6 TIARA
681,CSW24,11,10,13.609000,6.913000,-6.696000,a6 RIATA
681,CSW24,12,8,13.609000,6.871000,-6.738000,a6 ATRIA
681,CSW24,13,13,13.512000,6.020000,-7.492000,5d QUAIR
681,CSW24,14,15,12.080000,5.589000,-6.491000,7e VIA
681,CSW24,15,14,12.102000,4.977000,-7.125000,4b TRIVIA
681,CSW24,16,17,10.080000,3.910000,-6.170000,11i AIA
681,CSW24,17,22,9.484000,3.718000,-5.766000,a13 AIR
681,CSW24,18,24,9.266000,3.503000,-5.763000,a13 AIT
681,CSW24,19,18,9.740000,3.264000,-6.476000,a7 ARIA
681,CSW24,20,19,9.740000,3.230000,-6.510000,a7 RAIA
681,CSW24,21,16,10.080000,3.181000,-6.899000,7d AVI
681,CSW24,22,25,9.266000,3.053000,-6.213000,14e AITU
681,CSW24,23,21,9.484000,2.901000,-6.583000,a8 RIA
681,CSW24,24,23,9.266000,2.705000,-6.561000,a8 ITA
681,CSW24,25,20,9.484000,2.635000,-6.849000,4c RIVA
505,CSW24,1,1,30.009000,26.258000,-3.751000,10b PAW
505,CSW24,2,2,21.009000,17.219000,-3.790000,7g PAW
505,CSW24,3,3,20.740000,16.068000,-4.672000,7g PAWN
505,CSW24,4,4,19.240000,15.527000,-3.713000,10b PAT
505,CSW24,5,5,18.009000,13.852000,-4.157000,7c WAP
505,CSW24,6,6,15.390000,11.645000,-3.745000,10b TAW
505,CSW24,7,7,13.035000,9.332000,-3.703000,7f PINT
505,CSW24,8,13,11.126000,7.589000,-3.537000,7f PIN
505,CSW24,9,8,12.404000,7.406000,-4.998000,7h TWP
505,CSW24,10,14,11.055000,7.331000,-3.724000,7f PANT
505,CSW24,11,17,10.240000,6.275000,-3.965000,7g PAT
505,CSW24,12,9,11.181000,6.243000,-4.938000,7f PATIN
505,CSW24,13,15,11.055000,6.137000,-4.918000,7g PANT
505,CSW24,14,16,10.240000,6.091000,-4.149000,7d APT
505,CSW24,15,18,9.446000,6.003000,-3.443000,7f PIT
505,CSW24,16,19,9.240000,5.699000,-3.541000,7f PAT
505,CSW24,17,11,11.181000,5.598000,-5.583000,7g PAINT
505,CSW24,18,12,11.181000,5.464000,-5.717000,7g PATIN
505,CSW24,19,10,11.181000,5.154000,-6.027000,7f PINTA
505,CSW24,20,20,8.837000,4.462000,-4.375000,10b PA
505,CSW24,21,22,8.205000,4.209000,-3.996000,7g PAN
505,CSW24,22,29,7.205000,3.654000,-3.551000,7f PAN
505,CSW24,23,24,7.784000,3.624000,-4.160000,7f PINA
505,CSW24,24,26,7.680000,3.564000,-4.116000,7f PITA
505,CSW24,25,23,7.784000,3.542000,-4.242000,7f PIAN
522,CSW24,1,2,30.589000,26.177000,-4.412000,a12 CIRE
522,CSW24,2,1,31.104000,25.074000,-6.030000,9d EUTAXITE
522,CSW24,3,6,28.966000,24.616000,-4.350000,a12 CERT
522,CSW24,4,3,30.402000,24.377000,-6.025000,12i AXILE
522,CSW24,5,4,29.694000,23.599000,-6.095000,12i AXITE
522,CSW24,6,13,27.796000,23.488000,-4.308000,a12 CIRL
522,CSW24,7,8,28.673000,23.441000,-5.232000,15d EX
522,CSW24,8,5,29.006000,22.968000,-6.038000,12i EXILE
522,CSW24,9,7,28.740000,22.862000,-5.878000,12i EXIT
522,CSW24,10,11,28.398000,22.378000,-6.020000,9d EUTEXIA
522,CSW24,11,12,28.047000,22.234000,-5.813000,3g ZAX
522,CSW24,12,14,27.658000,22.194000,-5.464000,13b DA
522,CSW24,13,24,26.447000,22.035000,-4.412000,a12 CARE
522,CSW24,14,9,28.498000,21.673000,-6.825000,c12 BIMA
522,CSW24,15,18,27.407000,21.496000,-5.911000,12i AXLE
522,CSW24,16,29,25.787000,21.479000,-4.308000,a12 CARL
522,CSW24,17,17,27.407000,21.433000,-5.974000,12i AXEL
522,CSW24,18,20,26.770000,21.307000,-5.463000,g8 FEEL
522,CSW24,19,21,26.673000,21.007000,-5.666000,14k EX
522,CSW24,20,23,26.447000,20.964000,-5.483000,g8 FAE
522,CSW24,21,26,26.249000,20.923000,-5.326000,1h HELIX
522,CSW24,22,25,26.377000,20.908000,-5.469000,g8 FEET
522,CSW24,23,15,27.622000,20.774000,-6.848000,5h ULEXITE
522,CSW24,24,16,27.447000,20.619000,-6.828000,c12 BEMA
522,CSW24,25,19,27.006000,20.534000,-6.472000,k10 EXILER
206,CSW24,1,1,102.000000,91.414000,-10.586000,5e VARMENTS
206,CSW24,2,2,78.000000,65.872000,-12.128000,4f MARVIEST
206,CSW24,3,3,69.000000,57.130000,-11.870000,6f MARVIEST
206,CSW24,4,4,57.110000,45.879000,-11.231000,5e VARMENT
206,CSW24,5,5,48.474000,37.350000,-11.124000,13b VAX
206,CSW24,6,6,41.814000,30.819000,-10.995000,14a AMP
206,CSW24,7,7,40.376000,29.474000,-10.902000,5e SERVANT
206,CSW24,8,8,40.376000,29.147000,-11.229000,5e TAVERNS
206,CSW24,9,9,40.376000,28.958000,-11.418000,5e VERSANT
206,CSW24,10,18,35.814000,27.347000,-8.467000,1h MAM
206,CSW24,11,10,38.531000,26.906000,-11.625000,b10 VAT
206,CSW24,12,11,37.565000,26.308000,-11.257000,2i VUM
206,CSW24,13,14,36.692000,26.156000,-10.536000,b10 VATS
206,CSW24,14,13,37.565000,25.736000,-11.829000,6i VIM
206,CSW24,15,17,35.848000,25.236000,-10.612000,b10 VETS
206,CSW24,16,12,37.565000,25.193000,-12.372000,4i VIM
206,CSW24,17,15,36.504000,24.792000,-11.712000,b10 VET
206,CSW24,18,19,35.765000,24.175000,-11.590000,13b MAX
206,CSW24,19,16,35.967000,23.813000,-12.154000,4i MIRV
206,CSW24,20,20,35.474000,23.070000,-12.404000,ex V
206,CSW24,21,29,31.394000,23.055000,-8.339000,1g MARM
206,CSW24,22,22,33.451000,21.867000,-11.584000,9c VAIR
206,CSW24,23,23,32.863000,21.466000,-11.397000,5j NAV
206,CSW24,24,26,32.531000,21.319000,-11.212000,5h VANT
206,CSW24,25,45,29.515000,21.232000,-8.283000,1f STAMMER
348,CSW24,1,1,40.353000,33.319000,-7.034000,15a JEE
348,CSW24,2,3,32.337000,24.527000,-7.810000,8a JEU
348,CSW24,3,2,32.980000,24.357000,-8.623000,3c EEJIT
348,CSW24,4,4,28.337000,20.348000,-7.989000,6j JEE
348,CSW24,5,5,24.829000,16.714000,-8.115000,6j JETE
348,CSW24,6,7,23.799000,15.929000,-7.870000,6j JEED
348,CSW24,7,6,23.799000,15.918000,-7.881000,6b JEDI
348,CSW24,8,10,23.044000,15.390000,-7.654000,j2 JIG
348,CSW24,9,8,23.325000,14.547000,-8.778000,h1 DEEV
348,CSW24,10,9,23.117000,13.987000,-9.130000,h1 DEEVE
348,CSW24,11,11,22.631000,12.839000,-9.792000,i1 EEJIT
348,CSW24,12,13,20.337000,12.054000,-8.283000,7m JEU
348,CSW24,13,12,20.407000,11.540000,-8.867000,3d JEED
348,CSW24,14,14,19.353000,10.466000,-8.887000,3e JEE
348,CSW24,15,15,18.631000,9.793000,-8.838000,6b EEJIT
348,CSW24,16,16,17.816000,9.773000,-8.043000,6j JEDI
348,CSW24,17,18,17.631000,8.634000,-8.997000,3d JETE
348,CSW24,18,17,17.632000,8.474000,-9.158000,h2 JIVE
348,CSW24,19,19,17.154000,8.104000,-9.050000,6j EEJIT
348,CSW24,20,23,16.044000,7.966000,-8.078000,9m JIB
348,CSW24,21,22,16.325000,7.838000,-8.487000,15a DEE
348,CSW24,22,20,16.632000,7.570000,-9.062000,5c JIBE
348,CSW24,23,25,15.901000,7.537000,-8.364000,15a IDE
348,CSW24,24,27,15.786000,7.532000,-8.254000,f5 ED
348,CSW24,25,24,15.901000,7.473000,-8.428000,15a DIE
132,CSW24,1,1,34.702000,29.595000,-5.107000,c10 JAR
132,CSW24,2,2,34.078000,28.566000,-5.512000,10i DJIN
132,CSW24,3,3,32.224000,28.102000,-4.122000,15a JA
132,CSW24,4,4,31.877000,24.985000,-6.892000,n9 NARTJIE
132,CSW24,5,5,30.386000,23.906000,-6.480000,n10 TAJINE
132,CSW24,6,6,29.224000,23.664000,-5.560000,c10 JA
132,CSW24,7,7,27.877000,22.368000,-5.509000,k9 NARTJIE
132,CSW24,8,8,26.386000,20.586000,-5.800000,k10 TAJINE
132,CSW24,9,9,26.229000,19.954000,-6.275000,10c JAG
132,CSW24,10,10,25.503000,19.463000,-6.040000,3j BAJRI
132,CSW24,11,11,25.078000,19.313000,-5.765000,o12 JINS
132,CSW24,12,12,24.721000,18.488000,-6.233000,n12 JANE
132,CSW24,13,13,24.313000,18.332000,-5.981000,n10 CARNIE
132,CSW24,14,15,23.224000,17.389000,-5.835000,5d JAI
132,CSW24,15,14,23.224000,17.332000,-5.892000,5d AJI
132,CSW24,16,16,23.224000,17.155000,-6.069000,5j RAJ
132,CSW24,17,17,23.224000,17.120000,-6.104000,11i TAJ
132,CSW24,18,18,22.702000,16.983000,-5.719000,o12 JARS
132,CSW24,19,19,22.078000,15.818000,-6.260000,k2 JIN
132,CSW24,20,23,20.584000,14.452000,-6.132000,1f JEAT
132,CSW24,21,24,20.344000,14.192000,-6.152000,1f JEAN
132,CSW24,22,20,20.625000,13.917000,-6.708000,n9 CRINATE
132,CSW24,23,28,19.117000,13.730000,-5.387000,c9 CRAN
132,CSW24,24,21,20.625000,13.638000,-6.987000,n9 NACRITE
132,CSW24,25,22,20.625000,13.611000,-7.014000,n9 TACRINE
786,CSW24,1,1,18.869000,13.235000,-5.634000,e2 BIENNIA
786,CSW24,2,2,17.939000,10.924000,-7.015000,n1 RENIN
786,CSW24,3,3,17.358000,10.677000,-6.681000,n4 IN
786,CSW24,4,4,16.296000,9.407000,-6.889000,e2 BIEN
786,CSW24,5,6,16.296000,9.381000,-6.915000,e3 BENI
786,CSW24,6,5,16.296000,9.377000,-6.919000,e3 BEIN
786,CSW24,7,10,16.296000,8.903000,-7.393000,9c NIB
786,CSW24,8,9,16.296000,8.683000,-7.613000,9c BIN
786,CSW24,9,7,16.296000,8.500000,-7.796000,d8 BIN
786,CSW24,10,8,16.296000,8.467000,-7.829000,d8 NIB
786,CSW24,11,11,15.001000,8.265000,-6.736000,e1 BINER
786,CSW24,12,12,14.345000,7.715000,-6.630000,e3 BENNI
786,CSW24,13,13,14.339000,7.447000,-6.892000,c1 NIACIN
786,CSW24,14,14,13.358000,6.492000,-6.866000,f4 WIN
786,CSW24,15,15,12.997000,5.863000,-7.134000,c2 RICIN
786,CSW24,16,24,12.358000,5.750000,-6.608000,j13 NIM
786,CSW24,17,23,12.358000,5.575000,-6.783000,i10 BENI
786,CSW24,18,22,12.358000,5.573000,-6.785000,i10 BEIN
786,CSW24,19,16,12.683000,5.298000,-7.385000,d6 ABRIN
786,CSW24,20,18,12.683000,5.295000,-7.388000,d6 BRAIN
786,CSW24,21,27,11.821000,5.282000,-6.539000,n4 BI
786,CSW24,22,17,12.683000,5.270000,-7.413000,d6 BAIRN
786,CSW24,23,25,12.001000,4.313000,-7.688000,d7 BRIN
786,CSW24,24,26,12.001000,4.290000,-7.711000,9b BRIN
786,CSW24,25,28,11.512000,4.255000,-7.257000,d1 BAIRN
1065,CSW24,1,1,61.000000,65.578000,4.578000,1b TRUNCATE
1065,CSW24,2,2,30.506000,28.697000,-1.809000,a10 CUBANE
1065,CSW24,3,3,29.215000,27.402000,-1.813000,a10 RUBACE
1065,CSW24,4,7,27.181000,24.486000,-2.695000,a12 BANC
1065,CSW24,5,4,28.984000,23.706000,-5.278000,1l PUCE
1065,CSW24,6,11,26.847000,22.424000,-4.423000,a12 BUNT
1065,CSW24,7,15,25.783000,21.358000,-4.425000,a12 BUNA
1065,CSW24,8,31,23.376000,20.922000,-2.454000,a8 ACERB
1065,CSW24,9,17,25.061000,20.651000,-4.410000,a12 BURN
1065,CSW24,10,5,27.869000,20.316000,-7.553000,2a UNCATE
1065,CSW24,11,13,26.014000,20.285000,-5.729000,2b TRUCE
1065,CSW24,12,16,25.477000,20.179000,-5.298000,1l PACT
1065,CSW24,13,10,26.847000,19.890000,-6.957000,1l PUNT
1065,CSW24,14,25,24.068000,19.681000,-4.387000,a12 BRUT
1065,CSW24,15,30,23.462000,19.667000,-3.795000,a10 ARBUTE
1065,CSW24,16,6,27.654000,19.575000,-8.079000,n6 CUD
1065,CSW24,17,9,26.891000,19.463000,-7.428000,2a CURATE
1065,CSW24,18,27,23.892000,19.448000,-4.444000,a12 BUAT
1065,CSW24,19,8,26.891000,19.111000,-7.780000,2a ACTURE
1065,CSW24,20,35,22.749000,19.032000,-3.717000,a10 UNBARE
1065,CSW24,21,37,22.749000,19.026000,-3.723000,a10 URBANE
1065,CSW24,22,36,22.749000,18.992000,-3.757000,a10 UNBEAR
1065,CSW24,23,14,25.783000,18.810000,-6.973000,1l PUNA
1065,CSW24,24,32,23.366000,18.750000,-4.616000,1k EPACT
1065,CSW24,25,12,26.654000,18.516000,-8.138000,b10 CUR
2169,CSW24,1,1,33.564000,30.952000,-2.612000,m12 QAT
2169,CSW24,2,2,23.564000,20.806000,-2.758000,g9 QAT
2169,CSW24,3,3,23.477000,20.786000,-2.691000,10f WERT
2169,CSW24,4,4,23.116000,20.678000,-2.438000,g4 WEEM
2169,CSW24,5,5,22.205000,19.291000,-2.914000,o12 TREW
2169,CSW24,6,8,21.564000,18.515000,-3.049000,13g QuAT
2169,CSW24,7,6,21.928000,18.374000,-3.554000,10d TEWART
2169,CSW24,8,7,21.585000,18.237000,-3.348000,12d WAREZ
2169,CSW24,9,12,20.116000,17.702000,-2.414000,i13 MEW
2169,CSW24,10,11,20.116000,17.676000,-2.440000,g13 MEW
2169,CSW24,11,10,21.124000,17.526000,-3.598000,13g QuART
2169,CSW24,12,9,21.296000,17.161000,-4.135000,13d MARQuE
2169,CSW24,13,13,19.541000,16.733000,-2.808000,10m QIS
2169,CSW24,14,14,19.367000,16.620000,-2.747000,10f WART
2169,CSW24,15,18,18.223000,16.101000,-2.122000,13g QuA
2169,CSW24,16,17,18.541000,15.817000,-2.724000,12m QI
2169,CSW24,17,19,17.920000,15.646000,-2.274000,5k CWM
2169,CSW24,18,15,19.334000,15.167000,-4.167000,13g QuARTE
2169,CSW24,19,16,19.334000,15.163000,-4.171000,13g QuATRE
2169,CSW24,20,21,17.301000,14.917000,-2.384000,m5 QAT
2169,CSW24,21,23,16.656000,14.210000,-2.446000,g13 MAW
2169,CSW24,22,25,16.301000,14.185000,-2.116000,g5 EEW
2169,CSW24,23,20,17.440000,13.774000,-3.666000,13g QuATE
2169,CSW24,24,22,17.164000,13.703000,-3.461000,m11 WARM
2169,CSW24,25,29,15.920000,13.522000,-2.398000,4g WEM
2116,CSW24,1,1,91.000000,87.252000,-3.748000,1d TWIRLED
2116,CSW24,2,2,39.053000,38.808000,-0.245000,o1 WALD
2116,CSW24,3,10,34.136000,35.015000,0.879000,1l DELT
2116,CSW24,4,8,34.617000,34.369000,-0.248000,o1 WAID
2116,CSW24,5,4,36.347000,33.798000,-2.549000,3j TEWED
2116,CSW24,6,13,33.506000,33.788000,0.282000,o1 WAILED
2116,CSW24,7,3,36.750000,33.589000,-3.161000,3j REWED
2116,CSW24,8,12,33.575000,33.300000,-0.275000,o1 WARD
2116,CSW24,9,14,33.082000,33.197000,0.115000,o1 WALTIER
2116,CSW24,10,18,32.136000,32.862000,0.726000,1l TELD
2116,CSW24,11,5,36.301000,32.624000,-3.677000,l1 WALI
2116,CSW24,12,6,35.869000,32.460000,-3.409000,1e WILTED
2116,CSW24,13,22,31.537000,32.421000,0.884000,1l DITE
2116,CSW24,14,24,31.491000,32.217000,0.726000,1l EILD
2116,CSW24,15,7,35.617000,32.209000,-3.408000,l1 WADI
2116,CSW24,16,23,31.524000,31.762000,0.238000,o1 WARTED
2116,CSW24,17,25,31.440000,31.511000,0.071000,o1 LAWED
2116,CSW24,18,26,31.440000,31.510000,0.070000,o1 WALED
2116,CSW24,19,16,32.301000,31.506000,-0.795000,o1 WAIL
2116,CSW24,20,17,32.301000,31.475000,-0.826000,o1 WALI
2116,CSW24,21,20,31.979000,31.463000,-0.516000,o1 WADT
2116,CSW24,22,19,31.979000,31.459000,-0.520000,o1 DAWT
2116,CSW24,23,21,31.617000,31.074000,-0.543000,o1 WADI
2116,CSW24,24,9,34.227000,30.931000,-3.296000,3j REWET
2116,CSW24,25,29,30.595000,30.849000,0.254000,o1 WAITED
2245,CSW24,1,1,66.988000,64.845000,-2.143000,o11 EQUID
2245,CSW24,2,2,32.873000,32.226000,-0.647000,o8 IVIED
2245,CSW24,3,3,30.662000,26.161000,-4.501000,n1 LIQUID
2245,CSW24,4,4,26.810000,25.894000,-0.916000,o8 DIVE
2245,CSW24,5,5,26.810000,25.894000,-0.916000,o8 VIDE
2245,CSW24,6,6,22.662000,18.636000,-4.026000,5h LIQUID
2245,CSW24,7,7,18.945000,14.662000,-4.283000,k5 IVY
2245,CSW24,8,13,15.506000,14.569000,-0.937000,o7 IMIDE
2245,CSW24,9,12,15.608000,14.493000,-1.115000,o8 DIME
2245,CSW24,10,8,18.810000,14.229000,-4.581000,n8 DIVI
2245,CSW24,11,9,17.873000,14.163000,-3.710000,n1 LIVID
2245,CSW24,12,10,17.873000,13.580000,-4.293000,5h LIVID
2245,CSW24,13,11,16.108000,11.798000,-4.310000,n10 QI
2245,CSW24,14,15,14.810000,10.789000,-4.021000,n10 DIVI
2245,CSW24,15,16,14.810000,10.657000,-4.153000,o10 DEVI
2245,CSW24,16,17,14.139000,10.102000,-4.037000,n10 VIM
2245,CSW24,17,14,14.945000,10.089000,-4.856000,m11 DIV
2245,CSW24,18,18,12.810000,8.583000,-4.227000,o9 VIED
2245,CSW24,19,19,12.601000,7.923000,-4.678000,m11 DIVI
2245,CSW24,20,20,11.945000,7.128000,-4.817000,m9 VID
2245,CSW24,21,21,11.115000,7.080000,-4.035000,n10 VID
2245,CSW24,22,26,9.293000,5.431000,-3.862000,b1 AMIE
2245,CSW24,23,23,9.887000,5.425000,-4.462000,10m ID
2245,CSW24,24,22,9.945000,5.392000,-4.553000,j5 VIG
2245,CSW24,25,25,9.506000,5.293000,-4.213000,b7 MIDI
2070,CSW24,1,1,23.221000,19.312000,-3.909000,14b TELEVIEW
2070,CSW24,2,2,21.402000,17.923000,-3.479000,l2 ELOGE
2070,CSW24,3,3,19.871000,16.283000,-3.588000,b6 GLEET
2070,CSW24,4,4,19.402000,15.130000,-4.272000,e2 ELOGE
2070,CSW24,5,7,18.221000,15.002000,-3.219000,15g OMELET
2070,CSW24,6,5,18.444000,14.838000,-3.606000,l3 OGEE
2070,CSW24,7,8,18.015000,14.521000,-3.494000,b8 EGO
2070,CSW24,8,10,16.556000,13.272000,-3.284000,j4 ELOGE
2070,CSW24,9,9,17.444000,13.252000,-4.192000,e3 OGEE
2070,CSW24,10,14,16.310000,12.801000,-3.509000,l2 GELEE
2070,CSW24,11,15,15.871000,12.459000,-3.412000,l3 GLEET
2070,CSW24,12,12,16.444000,12.042000,-4.402000,b6 OGEE
2070,CSW24,13,16,15.556000,11.994000,-3.562000,l3 LOGE
2070,CSW24,14,17,15.510000,11.934000,-3.576000,l3 GLEE
2070,CSW24,15,6,18.402000,11.807000,-6.595000,l1 ELOGE
2070,CSW24,16,18,15.510000,11.587000,-3.923000,b6 GLEE
2070,CSW24,17,21,15.037000,11.499000,-3.538000,l4 GEE
2070,CSW24,18,22,15.015000,11.482000,-3.533000,l4 EGO
2070,CSW24,19,23,15.015000,11.168000,-3.847000,d10 GONE
2070,CSW24,20,11,16.444000,11.112000,-5.332000,b5 OGEE
2070,CSW24,21,20,15.310000,11.098000,-4.212000,e2 GELEE
2070,CSW24,22,25,14.642000,11.083000,-3.559000,l3 TOGE
2070,CSW24,23,26,14.556000,10.980000,-3.576000,l3 GOLE
2070,CSW24,24,27,14.556000,10.921000,-3.635000,l3 OGLE
2070,CSW24,25,36,14.015000,10.770000,-3.245000,m9 EGO
2176,CSW24,1,1,51.551000,49.536000,-2.015000,10j BUDDY
2176,CSW24,2,2,49.586000,48.476000,-1.110000,11i BYDED
2176,CSW24,3,3,48.124000,46.719000,-1.405000,13i BUTTY
2176,CSW24,4,4,47.286000,45.157000,-2.129000,10j DUDDY
2176,CSW24,5,6,45.115000,43.686000,-1.429000,11i BYDE
2176,CSW24,6,8,44.138000,42.756000,-1.382000,11i TUBED
2176,CSW24,7,5,45.982000,41.801000,-4.181000,11k DEBUD
2176,CSW24,8,10,42.841000,41.483000,-1.358000,11j DYED
2176,CSW24,9,11,42.534000,40.972000,-1.562000,j1 BUT
2176,CSW24,10,12,42.124000,40.474000,-1.650000,13j BUTTY
2176,CSW24,11,17,41.404000,40.018000,-1.386000,11k TEDY
2176,CSW24,12,16,41.404000,39.949000,-1.455000,11j TYED
2176,CSW24,13,9,44.138000,39.879000,-4.259000,11k DEBUT
2176,CSW24,14,7,44.140000,39.780000,-4.360000,11k TEDDY
2176,CSW24,15,15,41.404000,39.761000,-1.643000,11i TYDE
2176,CSW24,16,14,41.404000,39.042000,-2.362000,b7 DUTY
2176,CSW24,17,13,41.586000,38.941000,-2.645000,b7 BUDDY
2176,CSW24,18,20,39.250000,37.875000,-1.375000,11k BEDU
2176,CSW24,19,19,39.551000,37.031000,-2.520000,10i BUDDY
2176,CSW24,20,22,38.283000,36.978000,-1.305000,11j YBET
2176,CSW24,21,21,38.283000,36.754000,-1.529000,11i BYTE
2176,CSW24,22,24,37.289000,35.940000,-1.349000,11k DEY
2176,CSW24,23,23,37.289000,35.675000,-1.614000,11j DYE
2176,CSW24,24,27,36.919000,35.456000,-1.463000,11k DEBT
2176,CSW24,25,29,36.643000,35.055000,-1.588000,11j DUED
2165,CSW24,1,1,35.102000,28.002000,-7.100000,2b BEWIG
2165,CSW24,2,2,30.055000,23.969000,-6.086000,j2 BAREGE
2165,CSW24,3,3,28.598000,22.509000,-6.089000,6h GAW
2165,CSW24,4,4,26.911000,20.941000,-5.970000,6h BAW
2165,CSW24,5,5,25.888000,18.841000,-7.047000,11k QIBLA
2165,CSW24,6,7,22.911000,16.837000,-6.074000,6h WAB
2165,CSW24,7,6,22.923000,15.862000,-7.061000,2d GAW
2165,CSW24,8,8,21.404000,14.338000,-7.066000,2d BAW
2165,CSW24,9,9,20.598000,14.338000,-6.260000,6h WAG
2165,CSW24,10,10,20.130000,13.855000,-6.275000,6h GAB
2165,CSW24,11,11,20.050000,13.323000,-6.727000,2d BIGA
2165,CSW24,12,13,18.846000,12.475000,-6.371000,c10 AWEE
2165,CSW24,13,12,19.384000,12.302000,-7.082000,j2 WERE
2165,CSW24,14,14,18.756000,11.747000,-7.009000,o7 WAGE
2165,CSW24,15,15,18.404000,11.540000,-6.864000,a13 BAW
2165,CSW24,16,16,18.384000,11.242000,-7.142000,2e EW
2165,CSW24,17,19,17.911000,11.192000,-6.719000,c11 WEB
2165,CSW24,18,17,18.280000,10.958000,-7.322000,2d WEB
2165,CSW24,19,24,16.457000,9.970000,-6.487000,j3 AREW
2165,CSW24,20,18,18.102000,9.949000,-8.153000,k8 BEWIGS
2165,CSW24,21,32,16.130000,9.764000,-6.366000,6h BAG
2165,CSW24,22,20,17.102000,9.594000,-7.508000,14d BEWIG
2165,CSW24,23,21,16.692000,9.409000,-7.283000,2d GIB
2165,CSW24,24,23,16.457000,9.309000,-7.148000,j2 WARE
2165,CSW24,25,22,16.598000,9.282000,-7.316000,13a GAW
2275,CSW24,1,1,32.295000,32.651000,0.356000,m12 DIV
2275,CSW24,2,2,31.773000,32.417000,0.644000,m12 DIVO
2275,CSW24,3,3,31.074000,31.585000,0.511000,l2 DIVOT
2275,CSW24,4,4,28.295000,28.372000,0.077000,l4 VID
2275,CSW24,5,5,27.773000,28.010000,0.237000,l3 VOID
2275,CSW24,6,6,27.514000,27.945000,0.431000,m11 ODD
2275,CSW24,7,7,27.295000,27.452000,0.157000,13l DIVA
2275,CSW24,8,8,25.514000,25.881000,0.367000,m10 DOD
2275,CSW24,9,10,24.083000,24.833000,0.750000,10b VIDS
2275,CSW24,10,9,24.773000,24.798000,0.025000,l2 DIVO
2275,CSW24,11,11,24.083000,24.757000,0.674000,m12 DIVS
2275,CSW24,12,12,23.514000,23.562000,0.048000,m12 DOD
2275,CSW24,13,14,22.100000,23.220000,1.120000,m10 DODS
2275,CSW24,14,13,22.677000,22.933000,0.256000,m10 TOD
2275,CSW24,15,16,21.688000,22.412000,0.724000,12c DI
2275,CSW24,16,25,20.288000,21.219000,0.931000,m10 TODS
2275,CSW24,17,24,20.288000,21.216000,0.928000,m10 DOST
2275,CSW24,18,22,20.520000,21.031000,0.511000,l2 DIVOS
2275,CSW24,19,20,20.562000,20.827000,0.265000,m12 DIDO
2275,CSW24,20,19,20.677000,20.650000,-0.027000,m12 DOT
2275,CSW24,21,26,20.083000,20.577000,0.494000,10b DIVS
2275,CSW24,22,18,20.773000,20.374000,-0.399000,4f BOVID
2275,CSW24,23,23,20.295000,19.918000,-0.377000,15l VIDE
2275,CSW24,24,28,19.753000,19.833000,0.080000,m12 DID
2275,CSW24,25,30,19.100000,19.752000,0.652000,m11 ODDS
2190,CSW24,1,1,64.000000,62.053000,-1.947000,o6 SOVIETIC
2190,CSW24,2,2,61.000000,58.362000,-2.638000,3a OSTEITIC
2190,CSW24,3,3,54.196000,52.417000,-1.779000,m3 ICE
2190,CSW24,4,6,50.788000,49.010000,-1.778000,m2 TICE
2190,CSW24,5,4,53.312000,48.247000,-5.065000,m1 OTIC
2190,CSW24,6,7,48.788000,47.120000,-1.668000,m2 CITE
2190,CSW24,7,5,51.312000,46.520000,-4.792000,m1 COIT
2190,CSW24,8,9,47.541000,45.242000,-2.299000,3l QI
2190,CSW24,9,10,46.818000,44.725000,-2.093000,m2 TIC
2190,CSW24,10,11,46.642000,44.398000,-2.244000,m2 OI
2190,CSW24,11,12,44.818000,43.089000,-1.729000,m2 CIT
2190,CSW24,12,8,47.788000,42.693000,-5.095000,m1 ETIC
2190,CSW24,13,13,44.596000,42.644000,-1.952000,m3 IT
2190,CSW24,14,14,43.780000,41.813000,-1.967000,m2 TIE
2190,CSW24,15,16,41.403000,39.693000,-1.710000,m2 SICE
2190,CSW24,16,15,42.917000,38.633000,-4.284000,m1 COITS
2190,CSW24,17,17,41.103000,36.470000,-4.633000,m1 ETICS
2190,CSW24,18,19,38.596000,36.466000,-2.130000,m2 TI
2190,CSW24,19,20,38.368000,36.251000,-2.117000,m2 OIS
2190,CSW24,20,18,40.386000,35.898000,-4.488000,m1 TOISE
2190,CSW24,21,21,37.702000,35.725000,-1.977000,m2 TICS
2190,CSW24,22,22,36.827000,35.015000,-1.812000,m2 SIC
2190,CSW24,23,23,36.645000,34.890000,-1.755000,m2 SITE
2190,CSW24,24,24,36.645000,34.741000,-1.904000,m2 TIES
2190,CSW24,25,27,35.702000,34.034000,-1.668000,m2 CITS
2037,CSW24,1,1,36.032000,36.357000,0.325000,15k MAUVE
2037,CSW24,2,2,32.467000,32.651000,0.184000,15k MAVIE
2037,CSW24,3,3,30.006000,30.136000,0.130000,3i ERUVIM
2037,CSW24,4,4,24.376000,24.581000,0.205000,12f AUDITIVE
2037,CSW24,5,7,22.668000,22.296000,-0.372000,b1 VAU
2037,CSW24,6,8,22.668000,22.040000,-0.628000,2a UVEA
2037,CSW24,7,5,23.032000,21.840000,-1.192000,b11 MAUVE
2037,CSW24,8,9,21.846000,21.077000,-0.769000,b2 MU
2037,CSW24,9,6,23.032000,19.692000,-3.340000,13k MAUVE
2037,CSW24,10,10,19.846000,18.731000,-1.115000,b1 UM
2037,CSW24,11,11,19.467000,18.056000,-1.411000,b11 MAVIE
2037,CSW24,12,13,19.345000,17.581000,-1.764000,b1 AMU
2037,CSW24,13,12,19.467000,16.080000,-3.387000,13k MAVIE
2037,CSW24,14,16,16.668000,15.945000,-0.723000,15k UVA
2037,CSW24,15,17,16.405000,15.738000,-0.667000,3i ERUV
2037,CSW24,16,15,16.712000,15.468000,-1.244000,b1 UME
2037,CSW24,17,18,16.131000,15.280000,-0.851000,11i PIUM
2037,CSW24,18,14,16.712000,14.828000,-1.884000,b1 EMU
2037,CSW24,19,19,15.345000,14.394000,-0.951000,11i PUMA
2037,CSW24,20,23,13.781000,12.874000,-0.907000,13k MUTI
2037,CSW24,21,21,13.846000,12.574000,-1.272000,4j EMU
2037,CSW24,22,25,13.277000,12.528000,-0.749000,7j KIEV
2037,CSW24,23,20,13.846000,12.347000,-1.499000,2a UME
2037,CSW24,24,22,13.781000,12.234000,-1.547000,b11 MUTI
2037,CSW24,25,31,12.791000,12.232000,-0.559000,15k UVAE
2149,CSW24,1,1,39.598000,41.494000,1.896000,o7 TOZE
2149,CSW24,2,2,38.727000,38.706000,-0.021000,8j TENZON
2149,CSW24,3,4,34.989000,38.174000,3.185000,o6 PENGO
2149,CSW24,4,3,36.372000,35.893000,-0.479000,l1 ZONE
2149,CSW24,5,9,33.301000,35.866000,2.565000,e1 TOZING
2149,CSW24,6,7,33.598000,35.626000,2.028000,j8 TOZE
2149,CSW24,7,5,34.302000,35.302000,1.000000,c2 GORP
2149,CSW24,8,11,33.173000,35.296000,2.123000,2i ZEP
2149,CSW24,9,10,33.282000,35.190000,1.908000,o7 ZONE
2149,CSW24,10,6,33.938000,34.694000,0.756000,k5 ZAG
2149,CSW24,11,8,33.373000,33.189000,-0.184000,j2 PST
2149,CSW24,12,22,29.206000,32.499000,3.293000,e1 TOPING
2149,CSW24,13,21,29.206000,32.490000,3.284000,e1 POTING
2149,CSW24,14,20,29.206000,32.485000,3.279000,e1 OPTING
2149,CSW24,15,13,30.830000,32.437000,1.607000,e3 ZING
2149,CSW24,16,17,29.332000,32.280000,2.948000,o8 POET
2149,CSW24,17,14,30.682000,31.779000,1.097000,k5 ZAP
2149,CSW24,18,16,30.365000,31.501000,1.136000,j10 ZE
2149,CSW24,19,29,27.947000,31.392000,3.445000,8j PONENT
2149,CSW24,20,12,30.938000,31.354000,0.416000,e3 ZIG
2149,CSW24,21,15,30.568000,30.526000,-0.042000,k1 EPIZOA
2149,CSW24,22,25,29.100000,30.154000,1.054000,a1 ZO
2149,CSW24,23,33,27.332000,29.970000,2.638000,o7 TOPE
2149,CSW24,24,32,27.332000,29.963000,2.631000,o7 POTE
2149,CSW24,25,19,29.302000,29.755000,0.453000,k5 GAPO
2254,CSW24,1,1,81.866000,81.941000,0.075000,d3 FOX
2254,CSW24,2,3,74.383000,74.338000,-0.045000,d3 NOX
2254,CSW24,3,2,76.460000,73.890000,-2.570000,d1 FOXES
2254,CSW24,4,4,72.184000,72.137000,-0.047000,d4 OX
2254,CSW24,5,5,69.460000,70.015000,0.555000,e4 FOXES
2254,CSW24,6,6,68.597000,68.648000,0.051000,d4 EX
2254,CSW24,7,7,66.388000,66.338000,-0.050000,d3 SOX
2254,CSW24,8,8,65.283000,64.850000,-0.433000,d4 OF
2254,CSW24,9,13,64.248000,64.187000,-0.061000,d2 OXEN
2254,CSW24,10,12,64.248000,64.134000,-0.114000,d2 EXON
2254,CSW24,11,9,64.670000,64.130000,-0.540000,d3 FON
2254,CSW24,12,14,63.572000,63.587000,0.015000,d3 SEX
2254,CSW24,13,16,62.420000,62.058000,-0.362000,d3 NEF
2254,CSW24,14,17,62.184000,61.993000,-0.191000,15d OX
2254,CSW24,15,10,64.509000,61.644000,-2.865000,d1 FONE
2254,CSW24,16,21,60.727000,61.109000,0.382000,e4 EXONS
2254,CSW24,17,22,60.727000,60.921000,0.194000,e4 NOXES
2254,CSW24,18,11,64.460000,60.842000,-3.618000,b1 FOXES
2254,CSW24,19,20,61.145000,60.794000,-0.351000,l9 FEDEX
2254,CSW24,20,15,62.929000,60.261000,-2.668000,d1 FONES
2254,CSW24,21,23,60.509000,60.259000,-0.250000,d3 FONE
2254,CSW24,22,24,60.257000,59.894000,-0.363000,d4 EF
2254,CSW24,23,26,60.248000,59.377000,-0.871000,b2 OXEN
2254,CSW24,24,18,61.926000,59.284000,-2.642000,d1 FOrEX
2254,CSW24,25,19,61.727000,59.065000,-2.662000,d1 NOXES
2368,CSW24,1,1,9.251000,9.647000,0.396000,2m QIN
2368,CSW24,2,2,9.251000,9.400000,0.149000,3m QIS
2368,CSW24,3,3,6.102000,5.609000,-0.493000,3j LOOIES
2368,CSW24,4,4,5.403000,4.258000,-1.145000,2j EOLIAN
2368,CSW24,5,7,4.252000,4.257000,0.005000,6h DOOLE
2368,CSW24,6,6,4.252000,3.615000,-0.637000,3k OLEOS
2368,CSW24,7,8,4.174000,3.426000,-0.748000,n1 OO
2368,CSW24,8,9,4.174000,3.156000,-1.018000,n2 OO
2368,CSW24,9,10,3.403000,3.005000,-0.398000,3c EOLIAN
2368,CSW24,10,12,3.220000,2.557000,-0.663000,3k ALOOS
2368,CSW24,11,13,3.174000,2.496000,-0.678000,i9 OO
2368,CSW24,12,16,2.920000,2.434000,-0.486000,4d LOOIE
2368,CSW24,13,15,2.920000,2.321000,-0.599000,3k OLIOS
2368,CSW24,14,20,2.102000,1.303000,-0.799000,3e LOONIE
2368,CSW24,15,21,2.051000,1.301000,-0.750000,g10 OE
2368,CSW24,16,19,2.174000,1.208000,-0.966000,6h DOO
2368,CSW24,17,17,2.740000,1.163000,-1.577000,ex IOOQ
2368,CSW24,18,18,2.174000,1.015000,-1.159000,g3 OO
2368,CSW24,19,26,1.409000,0.952000,-0.457000,6h DOOL
2368,CSW24,20,5,4.252000,0.671000,-3.581000,g1 OLEO
2368,CSW24,21,23,1.549000,0.660000,-0.889000,9a ALOE
2368,CSW24,22,25,1.409000,0.481000,-0.928000,g2 LOO
2368,CSW24,23,34,0.361000,0.350000,-0.011000,l11 EA
2368,CSW24,24,24,1.549000,0.333000,-1.216000,9a OLEA
2368,CSW24,25,29,0.631000,0.321000,-0.310000,n2 OIL
2261,CSW24,1,1,42.395000,40.785000,-1.610000,2j BAY
2261,CSW24,2,2,39.672000,37.733000,-1.939000,6a AY
2261,CSW24,3,3,37.715000,34.147000,-3.568000,b1 YABBAS
2261,CSW24,4,5,33.819000,31.966000,-1.853000,6a BY
2261,CSW24,5,6,33.111000,30.825000,-2.286000,9m YAS
2261,CSW24,6,4,34.395000,30.577000,-3.818000,b1 YABBA
2261,CSW24,7,7,32.111000,29.452000,-2.659000,b2 YABAS
2261,CSW24,8,9,31.083000,29.418000,-1.665000,2j BAA
2261,CSW24,9,8,31.111000,28.854000,-2.257000,3a YAS
2261,CSW24,10,11,29.672000,27.664000,-2.008000,n5 YA
2261,CSW24,11,10,30.111000,27.629000,-2.482000,9m AYS
2261,CSW24,12,17,28.372000,27.206000,-1.166000,n2 BIAS
2261,CSW24,13,12,29.372000,27.121000,-2.251000,3a SAB
2261,CSW24,14,14,28.956000,26.809000,-2.147000,3b AB
2261,CSW24,15,13,28.956000,26.729000,-2.227000,2j BA
2261,CSW24,16,18,28.111000,26.172000,-1.939000,2j SAY
2261,CSW24,17,23,27.256000,25.944000,-1.312000,j5 ZESTS
2261,CSW24,18,16,28.395000,25.832000,-2.563000,n8 ABY
2261,CSW24,19,19,27.924000,25.827000,-2.097000,2j BI
2261,CSW24,20,15,28.672000,25.612000,-3.060000,b2 YABA
2261,CSW24,21,21,27.373000,25.302000,-2.071000,10b BASSI
2261,CSW24,22,22,27.372000,25.044000,-2.328000,9m BAS
2261,CSW24,23,20,27.528000,24.876000,-2.652000,10e AIS
2261,CSW24,24,27,26.463000,24.058000,-2.405000,i2 ARS
2261,CSW24,25,26,26.528000,24.023000,-2.505000,9m AIS
2321,CSW24,1,1,28.076000,26.680000,-1.396000,13m HIC
2321,CSW24,2,2,27.376000,26.240000,-1.136000,14f CLEIK
2321,CSW24,3,3,25.455000,24.645000,-0.810000,n11 INCH
2321,CSW24,4,4,25.352000,23.745000,-1.607000,n12 NICK
2321,CSW24,5,5,24.536000,23.431000,-1.105000,13h GHI
2321,CSW24,6,6,24.376000,23.282000,-1.094000,14a MELICK
2321,CSW24,7,7,23.731000,22.779000,-0.952000,13f NIGH
2321,CSW24,8,8,23.731000,22.212000,-1.519000,13m HIN
2321,CSW24,9,9,22.781000,21.476000,-1.305000,14d INKLE
2321,CSW24,10,10,22.536000,20.928000,-1.608000,13m HI
2321,CSW24,11,12,22.076000,20.843000,-1.233000,5b DICH
2321,CSW24,12,11,22.076000,20.670000,-1.406000,l3 CHIT
2321,CSW24,13,13,21.376000,20.145000,-1.231000,14d ICKLE
2321,CSW24,14,16,20.826000,19.968000,-0.858000,c9 CH
2321,CSW24,15,15,20.856000,19.421000,-1.435000,5b DINK
2321,CSW24,16,14,20.856000,19.342000,-1.514000,l3 KNIT
2321,CSW24,17,17,20.317000,19.047000,-1.270000,g6 LIRK
2321,CSW24,18,18,20.038000,18.818000,-1.220000,g5 CHIRK
2321,CSW24,19,22,19.652000,18.503000,-1.149000,5b DICK
2321,CSW24,20,21,19.779000,18.493000,-1.286000,14e CHIEL
2321,CSW24,21,19,19.828000,18.188000,-1.640000,j12 TIK
2321,CSW24,22,20,19.828000,18.161000,-1.667000,14h EIK
2321,CSW24,23,24,19.004000,18.147000,-0.857000,m11 HECK
2321,CSW24,24,23,19.599000,17.818000,-1.781000,n12 NIL
2321,CSW24,25,26,18.536000,17.376000,-1.160000,i11 HUI
2324,CSW24,1,1,63.000000,59.954000,-3.046000,1d RATIFIED
2324,CSW24,2,2,29.572000,24.962000,-4.610000,9k DINE
2324,CSW24,3,3,28.859000,23.937000,-4.922000,4f PIC
2324,CSW24,4,4,27.859000,23.091000,-4.768000,9f MI
2324,CSW24,5,7,27.056000,23.065000,-3.991000,9k TINEA
2324,CSW24,6,5,27.570000,22.877000,-4.693000,9k AINE
2324,CSW24,7,6,27.056000,22.528000,-4.528000,7i VITA
2324,CSW24,8,11,26.396000,22.326000,-4.070000,6e IRED
2324,CSW24,9,8,27.053000,22.172000,-4.881000,14f IDEA
2324,CSW24,10,10,26.402000,22.129000,-4.273000,d11 RADII
2324,CSW24,11,9,26.570000,22.030000,-4.540000,g3 AIN
2324,CSW24,12,13,26.056000,21.726000,-4.330000,g2 TAIN
2324,CSW24,13,12,26.185000,21.495000,-4.690000,9k TINE
2324,CSW24,14,14,25.572000,20.702000,-4.870000,14f IDE
2324,CSW24,15,15,25.056000,20.251000,-4.805000,d11 TAI
2324,CSW24,16,16,24.859000,20.108000,-4.751000,1g IF
2324,CSW24,17,19,24.396000,19.969000,-4.427000,7i VIDE
2324,CSW24,18,17,24.859000,19.777000,-5.082000,11e AGIO
2324,CSW24,19,18,24.570000,19.743000,-4.827000,4f PICA
2324,CSW24,20,23,23.440000,19.629000,-3.811000,g2 DAINE
2324,CSW24,21,21,23.572000,19.186000,-4.386000,g1 ID
2324,CSW24,22,24,23.056000,19.170000,-3.886000,g1 ITA
2324,CSW24,23,22,23.572000,18.833000,-4.739000,14g DEI
2324,CSW24,24,30,22.698000,18.625000,-4.073000,9k TINED
2324,CSW24,25,20,23.859000,18.593000,-5.266000,f13 LI
2253,CSW24,1,1,45.884000,47.786000,1.902000,15l NAZI
2253,CSW24,2,2,43.373000,45.204000,1.831000,15l NAZE
2253,CSW24,3,6,36.955000,38.589000,1.634000,b10 INANE
2253,CSW24,4,3,38.500000,37.932000,-0.568000,e10 VEINY
2253,CSW24,5,4,38.065000,37.686000,-0.379000,15l AYIN
2253,CSW24,6,5,37.195000,35.162000,-2.033000,n6 ANY
2253,CSW24,7,7,35.577000,34.943000,-0.634000,h1 EASY
2253,CSW24,8,10,34.553000,33.956000,-0.597000,n2 ZINE
2253,CSW24,9,8,35.432000,33.743000,-1.689000,n1 AZINE
2253,CSW24,10,9,35.249000,33.410000,-1.839000,h1 NYS
2253,CSW24,11,11,34.035000,32.010000,-2.025000,8l WEEN
2253,CSW24,12,12,33.249000,31.290000,-1.959000,n7 NY
2253,CSW24,13,22,30.955000,31.087000,0.132000,15j INANE
2253,CSW24,14,14,32.454000,30.967000,-1.487000,15j INN
2253,CSW24,15,20,31.336000,30.655000,-0.681000,h1 ZAS
2253,CSW24,16,18,31.810000,30.215000,-1.595000,k10 EYE
2253,CSW24,17,15,32.087000,30.056000,-2.031000,8l WEAN
2253,CSW24,18,16,32.087000,30.044000,-2.043000,8l WENA
2253,CSW24,19,19,31.663000,29.606000,-2.057000,e10 VEIN
2253,CSW24,20,13,32.553000,29.140000,-3.413000,n1 ZEIN
2253,CSW24,21,17,31.983000,29.101000,-2.882000,n2 YIN
2253,CSW24,22,23,30.685000,29.019000,-1.666000,n2 ZIN
2253,CSW24,23,27,30.177000,28.937000,-1.240000,b11 NINE
2253,CSW24,24,25,30.249000,28.442000,-1.807000,i10 ANY
2253,CSW24,25,24,30.618000,27.686000,-2.932000,n2 YEN
2378,CSW24,1,1,30.378000,28.200000,-2.178000,e3 APEX
2378,CSW24,2,2,28.021000,26.183000,-1.838000,e4 PAX
2378,CSW24,3,3,27.193000,25.203000,-1.990000,e5 AX
2378,CSW24,4,5,26.193000,24.412000,-1.781000,14j AX
2378,CSW24,5,6,25.984000,23.775000,-2.209000,14n AA
2378,CSW24,6,7,25.838000,22.911000,-2.927000,14m PA
2378,CSW24,7,8,24.503000,22.734000,-1.769000,e5 EXPO
2378,CSW24,8,10,23.510000,21.608000,-1.902000,e4 LAX
2378,CSW24,9,9,23.984000,21.469000,-2.515000,d7 ABA
2378,CSW24,10,4,26.193000,20.628000,-5.565000,10a AXE
2378,CSW24,11,12,21.984000,19.791000,-2.193000,14j AA
2378,CSW24,12,11,23.021000,19.574000,-3.447000,b13 PAX
2378,CSW24,13,13,21.585000,19.126000,-2.459000,d6 ALBA
2378,CSW24,14,14,21.464000,18.922000,-2.542000,9c JA
2378,CSW24,15,18,19.076000,17.015000,-2.061000,e3 PLEX
2378,CSW24,16,16,20.193000,16.910000,-3.283000,b13 AX
2378,CSW24,17,17,19.085000,16.590000,-2.495000,d6 PEBA
2378,CSW24,18,15,20.242000,15.476000,-4.766000,b13 AXE
2378,CSW24,19,19,18.292000,15.408000,-2.884000,14m LA
2378,CSW24,20,20,17.081000,14.951000,-2.130000,e5 EX
2378,CSW24,21,21,16.984000,14.300000,-2.684000,7c AA
2378,CSW24,22,22,16.510000,14.280000,-2.230000,4h rELAX
2378,CSW24,23,26,16.081000,14.270000,-1.811000,14j EX
2378,CSW24,24,24,16.191000,14.230000,-1.961000,e4 LEX
2378,CSW24,25,27,15.984000,13.410000,-2.574000,o12 AGAS
2200,CSW24,1,1,86.000000,84.086000,-1.914000,1h ScROMInG
2200,CSW24,2,2,86.000000,83.941000,-2.059000,1h SlORMInG
2200,CSW24,3,3,86.000000,83.912000,-2.088000,1h StORMInG
2200,CSW24,4,4,86.000000,81.707000,-4.293000,l2 RIbOSOMe
2200,CSW24,5,5,86.000000,81.412000,-4.588000,l4 bOSOMIeR
2200,CSW24,6,9,80.000000,78.176000,-1.824000,1h SOMbRInG
2200,CSW24,7,7,80.000000,78.045000,-1.955000,1h SMOoRInG
2200,CSW24,8,8,80.000000,78.045000,-1.955000,1h SMoORInG
2200,CSW24,9,6,82.000000,77.995000,-4.005000,l2 IMpOStOR
2200,CSW24,10,10,80.000000,75.727000,-4.273000,l2 MOROSIty
2200,CSW24,11,26,77.000000,75.676000,-1.324000,1c LORIMerS
2200,CSW24,12,27,77.000000,75.676000,-1.324000,1c LOrIMeRS
2200,CSW24,13,24,78.000000,73.789000,-4.211000,4a MIRoMIrOS
2200,CSW24,14,25,78.000000,73.749000,-4.251000,4a MISInfORM
2200,CSW24,15,28,77.000000,72.802000,-4.198000,4a MIroMIROS
2200,CSW24,16,17,79.000000,72.616000,-6.384000,k9 MISwORd
2200,CSW24,17,29,77.000000,72.607000,-4.393000,4f chRISOM
2200,CSW24,18,15,79.000000,72.606000,-6.394000,k9 MISgROw
2200,CSW24,19,78,74.000000,72.606000,-1.394000,1c LabORISM
2200,CSW24,20,16,79.000000,72.569000,-6.431000,k9 MISsORt
2200,CSW24,21,23,79.000000,72.552000,-6.448000,k9 MIsSORt
2200,CSW24,22,12,79.000000,72.521000,-6.479000,k9 MISbORn
2200,CSW24,23,11,79.000000,72.514000,-6.486000,k9 MIRrOrS
2200,CSW24,24,14,79.000000,72.514000,-6.486000,k9 MISfORm
2200,CSW24,25,22,79.000000,72.508000,-6.492000,k9 MIrrORS
2297,CSW24,1,1,77.000000,77.264000,0.264000,1a ROTARIES
2297,CSW24,2,2,59.000000,58.803000,-0.197000,1b ROARIEST
2297,CSW24,3,3,24.778000,22.709000,-2.069000,n2 RATIO
2297,CSW24,4,8,23.622000,21.915000,-1.707000,a7 TERROIR
2297,CSW24,5,7,23.622000,21.866000,-1.756000,a7 RORTIER
2297,CSW24,6,9,23.518000,21.760000,-1.758000,a7 ROARIER
2297,CSW24,7,5,24.064000,21.742000,-2.322000,f5 RAIA
2297,CSW24,8,4,24.064000,21.721000,-2.343000,f5 ARIA
2297,CSW24,9,10,23.258000,21.361000,-1.897000,a8 RIOTER
2297,CSW24,10,6,23.766000,21.247000,-2.519000,f6 RIA
2297,CSW24,11,13,22.086000,20.732000,-1.354000,f6 TIARA
2297,CSW24,12,12,22.086000,20.698000,-1.388000,f6 RIATA
2297,CSW24,13,14,22.006000,20.225000,-1.781000,a8 RORIER
2297,CSW24,14,11,22.572000,20.162000,-2.410000,e10 OR
2297,CSW24,15,16,21.522000,19.816000,-1.706000,a7 TARRIER
2297,CSW24,16,17,21.506000,19.623000,-1.883000,a8 OARIER
2297,CSW24,17,18,21.402000,19.617000,-1.785000,f3 ORARIA
2297,CSW24,18,15,21.770000,18.947000,-2.823000,12j RAZOOS
2297,CSW24,19,19,20.780000,18.922000,-1.858000,a8 ARTIER
2297,CSW24,20,20,20.780000,18.909000,-1.871000,a8 IRATER
2297,CSW24,21,25,20.032000,18.222000,-1.810000,a8 ROARER
2297,CSW24,22,32,19.440000,18.070000,-1.370000,11d AREOLA
2297,CSW24,23,22,20.086000,17.990000,-2.096000,f4 ATRIA
2297,CSW24,24,28,19.780000,17.686000,-2.094000,n2 RETIA
2297,CSW24,25,21,20.572000,17.332000,-3.240000,i6 OR
2322,CSW24,1,8,34.428000,39.342000,4.914000,12l ARGH
2322,CSW24,2,1,39.317000,39.306000,-0.011000,8l HE
2322,CSW24,3,2,39.086000,38.970000,-0.116000,8k AH
2322,CSW24,4,3,39.086000,38.899000,-0.187000,12l AH
2322,CSW24,5,5,37.317000,37.259000,-0.058000,8k EH
2322,CSW24,6,6,37.317000,37.130000,-0.187000,12l EH
2322,CSW24,7,12,33.927000,35.470000,1.543000,12l GHI
2322,CSW24,8,24,30.557000,35.347000,4.790000,8j GANE
2322,CSW24,9,25,30.376000,35.166000,4.790000,8j GARE
2322,CSW24,10,9,34.295000,34.970000,0.675000,l7 AH
2322,CSW24,11,7,35.086000,34.942000,-0.144000,5k AH
2322,CSW24,12,10,34.086000,34.047000,-0.039000,d4 FAH
2322,CSW24,13,11,34.086000,33.912000,-0.174000,b6 AH
2322,CSW24,14,15,32.630000,33.838000,1.208000,12k REH
2322,CSW24,15,16,32.584000,33.792000,1.208000,12k RAH
2322,CSW24,16,20,32.221000,33.449000,1.228000,8j GIN
2322,CSW24,17,19,32.295000,33.448000,1.153000,l3 EDH
2322,CSW24,18,13,33.317000,33.193000,-0.124000,5k EH
2322,CSW24,19,14,33.086000,33.062000,-0.024000,6l HA
2322,CSW24,20,23,31.295000,32.596000,1.301000,d8 OOH
2322,CSW24,21,17,32.317000,32.278000,-0.039000,d4 FEH
2322,CSW24,22,18,32.317000,32.192000,-0.125000,b6 EH
2322,CSW24,23,21,32.086000,32.118000,0.032000,6a AHS
2322,CSW24,24,28,30.295000,31.724000,1.429000,6c SH
2322,CSW24,25,29,30.295000,31.653000,1.358000,l6 HA
2319,CSW24,1,1,21.205000,19.801000,-1.404000,n1 REN
2319,CSW24,2,3,15.899000,15.258000,-0.641000,15k ENTRY
2319,CSW24,3,4,15.247000,15.222000,-0.025000,4d FERLY
2319,CSW24,4,6,14.871000,14.142000,-0.729000,n13 NY
2319,CSW24,5,7,14.763000,14.139000,-0.624000,15k RETRY
2319,CSW24,6,10,12.018000,13.464000,1.446000,h12 VELL
2319,CSW24,7,8,13.988000,12.421000,-1.567000,n13 RYE
2319,CSW24,8,5,15.158000,12.360000,-2.798000,14k REFLY
2319,CSW24,9,11,11.988000,12.315000,0.327000,h12 VERY
2319,CSW24,10,12,11.586000,11.561000,-0.025000,4d FELLY
2319,CSW24,11,13,11.247000,10.906000,-0.341000,7b LYRA
2319,CSW24,12,15,10.573000,10.561000,-0.012000,4d FERNY
2319,CSW24,13,9,13.107000,10.243000,-2.864000,n1 YEN
2319,CSW24,14,2,18.553000,10.077000,-8.476000,n3 NELLY
2319,CSW24,15,14,11.107000,9.589000,-1.518000,n13 NYE
2319,CSW24,16,23,7.927000,9.057000,1.130000,4b REFELL
2319,CSW24,17,19,9.240000,8.344000,-0.896000,n2 EN
2319,CSW24,18,20,8.871000,8.247000,-0.624000,3f NY
2319,CSW24,19,25,7.158000,8.083000,0.925000,a2 PLYER
2319,CSW24,20,26,7.158000,7.558000,0.400000,n6 RELY
2319,CSW24,21,28,7.018000,7.397000,0.379000,i3 ELL
2319,CSW24,22,17,9.763000,7.063000,-2.700000,14k REFRY
2319,CSW24,23,30,6.734000,6.728000,-0.006000,4d FERRY
2319,CSW24,24,16,9.964000,6.613000,-3.351000,13l LORN
2319,CSW24,25,18,9.247000,6.469000,-2.778000,13l LORY
2301,CSW24,1,1,29.514000,29.038000,-0.476000,g3 HOLP
2301,CSW24,2,4,27.441000,27.650000,0.209000,g3 HOLPEN
2301,CSW24,3,2,27.727000,26.968000,-0.759000,g3 HO
2301,CSW24,4,3,27.586000,26.718000,-0.868000,11h GOETH
2301,CSW24,5,5,25.936000,24.798000,-1.138000,11h LOATH
2301,CSW24,6,6,24.792000,24.172000,-0.620000,m3 HARROW
2301,CSW24,7,7,24.221000,23.503000,-0.718000,g3 GLOP
2301,CSW24,8,8,24.221000,23.487000,-0.734000,g3 GOLP
2301,CSW24,9,12,23.751000,23.082000,-0.669000,11d GERAH
2301,CSW24,10,9,23.929000,23.015000,-0.914000,11d GALORE
2301,CSW24,11,11,23.886000,22.956000,-0.930000,h10 ALEGAR
2301,CSW24,12,10,23.886000,22.853000,-1.033000,h10 AGLARE
2301,CSW24,13,13,23.344000,22.704000,-0.640000,m3 REGROW
2301,CSW24,14,14,22.497000,21.293000,-1.204000,h10 AGORAE
2301,CSW24,15,22,21.597000,21.179000,-0.418000,g3 HELP
2301,CSW24,16,20,21.727000,20.717000,-1.010000,l10 OOH
2301,CSW24,17,16,22.104000,20.690000,-1.414000,11b GHERAO
2301,CSW24,18,17,21.936000,20.590000,-1.346000,d8 CHOLA
2301,CSW24,19,21,21.727000,20.553000,-1.174000,11h HO
2301,CSW24,20,18,21.751000,20.514000,-1.237000,d8 CHARGE
2301,CSW24,21,19,21.751000,20.493000,-1.258000,d8 CREAGH
2301,CSW24,22,23,21.222000,20.309000,-0.913000,k1 GEL
2301,CSW24,23,36,20.724000,20.232000,-0.492000,g3 HARP
2301,CSW24,24,27,20.886000,19.975000,-0.911000,11e GLARE
2301,CSW24,25,38,20.565000,19.922000,-0.643000,k1 HER
2329,CSW24,1,1,62.439000,61.808000,-0.631000,1n JO
2329,CSW24,2,2,59.380000,59.462000,0.082000,2a JIAO
2329,CSW24,3,3,59.373000,58.738000,-0.635000,1n JA
2329,CSW24,4,4,55.910000,55.239000,-0.671000,15f AJI
2329,CSW24,5,5,52.439000,51.023000,-1.416000,n6 JOE
2329,CSW24,6,6,49.997000,49.063000,-0.934000,1d JATO
2329,CSW24,7,8,49.155000,48.330000,-0.825000,15f AWAIT
2329,CSW24,8,7,49.348000,48.040000,-1.308000,1i JAW
2329,CSW24,9,9,48.910000,47.432000,-1.478000,7b AJI
2329,CSW24,10,10,48.824000,47.181000,-1.643000,m6 OWE
2329,CSW24,11,12,47.870000,47.056000,-0.814000,15f AWATO
2329,CSW24,12,11,47.870000,46.647000,-1.223000,m6 AWETO
2329,CSW24,13,13,47.792000,46.565000,-1.227000,1d JOT
2329,CSW24,14,14,47.161000,45.501000,-1.660000,m6 AWE
2329,CSW24,15,17,46.399000,44.914000,-1.485000,3k WOT
2329,CSW24,16,15,46.815000,44.909000,-1.906000,7l EW
2329,CSW24,17,18,46.399000,44.754000,-1.645000,7l EWT
2329,CSW24,18,16,46.439000,44.504000,-1.935000,b1 JOT
2329,CSW24,19,25,44.032000,44.395000,0.363000,15f AJOWAn
2329,CSW24,20,19,45.399000,43.805000,-1.594000,m7 WET
2329,CSW24,21,20,45.373000,43.766000,-1.607000,2a JA
2329,CSW24,22,21,45.308000,43.574000,-1.734000,m7 WETA
2329,CSW24,23,22,44.824000,42.908000,-1.916000,6j OWL
2329,CSW24,24,23,44.399000,42.654000,-1.745000,7k TEW
2329,CSW24,25,24,44.161000,42.435000,-1.726000,15f AWA
2136,CSW24,1,1,45.688000,40.435000,-5.253000,a11 AVION
2136,CSW24,2,3,36.286000,33.780000,-2.506000,1h AVO
2136,CSW24,3,2,36.752000,31.479000,-5.273000,a11 AVISO
2136,CSW24,4,4,33.594000,27.273000,-6.321000,12h VIOLA
2136,CSW24,5,5,33.594000,27.253000,-6.341000,12h VOILA
2136,CSW24,6,6,31.014000,25.606000,-5.408000,3h OVOIDS
2136,CSW24,7,13,26.785000,24.342000,-2.443000,1h AVI
2136,CSW24,8,8,28.752000,23.316000,-5.436000,3h AVOIDS
2136,CSW24,9,7,29.462000,22.882000,-6.580000,12h OVOLI
2136,CSW24,10,10,28.286000,21.923000,-6.363000,l12 OVA
2136,CSW24,11,9,28.286000,21.754000,-6.532000,l12 AVO
2136,CSW24,12,11,27.109000,21.407000,-5.702000,k4 ONIE
2136,CSW24,13,12,27.064000,20.887000,-6.177000,13i VISON
2136,CSW24,14,31,22.872000,20.822000,-2.050000,1g NAV
2136,CSW24,15,14,26.462000,19.924000,-6.538000,3h OVOID
2136,CSW24,16,18,26.286000,19.848000,-6.438000,12i VOLA
2136,CSW24,17,17,26.286000,19.711000,-6.575000,c11 OVA
2136,CSW24,18,16,26.286000,19.701000,-6.585000,c11 AVO
2136,CSW24,19,19,25.788000,19.596000,-6.192000,l11 NOVA
2136,CSW24,20,15,26.286000,19.477000,-6.809000,d10 NOVA
2136,CSW24,21,21,24.752000,18.484000,-6.268000,12h VIOLAS
2136,CSW24,22,37,20.633000,18.258000,-2.375000,1g NAOI
2136,CSW24,23,39,20.384000,18.064000,-2.320000,1h SOV
2136,CSW24,24,24,24.594000,18.028000,-6.566000,3h AVOID
2136,CSW24,25,26,24.286000,17.744000,-6.542000,3h OVA
2309,CSW24,1,2,25.499000,22.510000,-2.989000,i9 DOMINO
2309,CSW24,2,1,27.082000,22.067000,-5.015000,4a NIMROD
2309,CSW24,3,3,23.242000,18.897000,-4.345000,i13 MOD
2309,CSW24,4,5,22.619000,18.262000,-4.357000,i13 MID
2309,CSW24,5,4,22.619000,18.106000,-4.513000,g13 MID
2309,CSW24,6,6,22.242000,17.417000,-4.825000,4d DOM
2309,CSW24,7,10,21.242000,16.962000,-4.280000,i13 DOM
2309,CSW24,8,7,22.242000,16.846000,-5.396000,10a DOM
2309,CSW24,9,9,21.242000,16.414000,-4.828000,4d MOD
2309,CSW24,10,11,21.082000,16.374000,-4.708000,11a NIMROD
2309,CSW24,11,13,20.619000,16.361000,-4.258000,i13 DIM
2309,CSW24,12,8,21.619000,16.200000,-5.419000,10a DIM
2309,CSW24,13,12,20.619000,16.145000,-4.474000,g13 DIM
2309,CSW24,14,15,19.919000,15.725000,-4.194000,11d INDOOR
2309,CSW24,15,14,20.082000,15.266000,-4.816000,11a DORMIN
2309,CSW24,16,16,19.836000,15.156000,-4.680000,11c DORM
2309,CSW24,17,20,18.619000,15.151000,-3.468000,i9 MODI
2309,CSW24,18,28,18.231000,15.051000,-3.180000,i9 DONOR
2309,CSW24,19,18,19.127000,14.670000,-4.457000,i13 DID
2309,CSW24,20,17,19.127000,14.585000,-4.542000,g13 DID
2309,CSW24,21,19,18.952000,13.940000,-5.012000,f7 DARED
2309,CSW24,22,22,18.372000,13.893000,-4.479000,i13 DOD
2309,CSW24,23,25,18.242000,13.715000,-4.527000,11d DOM
2309,CSW24,24,23,18.303000,13.695000,-4.608000,11c MIND
2309,CSW24,25,24,18.281000,13.504000,-4.777000,g10 SNOD
2244,CSW24,1,1,38.829000,39.735000,0.906000,1l AHEM
2244,CSW24,2,2,37.100000,38.052000,0.952000,1m HOP
2244,CSW24,3,3,36.639000,37.638000,0.999000,1m HOM
2244,CSW24,4,6,36.100000,37.131000,1.031000,1m POH
2244,CSW24,5,4,36.639000,36.292000,-0.347000,3k HOM
2244,CSW24,6,5,36.519000,35.919000,-0.600000,3k HOME
2244,CSW24,7,10,32.748000,33.721000,0.973000,1m HAM
2244,CSW24,8,9,33.373000,33.402000,0.029000,4a HOWE
2244,CSW24,9,7,33.829000,33.289000,-0.540000,3k HAME
2244,CSW24,10,12,32.272000,33.237000,0.965000,1m HAP
2244,CSW24,11,13,31.872000,32.850000,0.978000,1m HEP
2244,CSW24,12,8,33.622000,32.567000,-1.055000,j9 PHLOEM
2244,CSW24,13,11,32.748000,32.347000,-0.401000,3k HAM
2244,CSW24,14,14,31.332000,32.305000,0.973000,1m HEM
2244,CSW24,15,16,31.272000,32.277000,1.005000,1m PAH
2244,CSW24,16,19,30.872000,31.903000,1.031000,1m PEH
2244,CSW24,17,18,30.977000,31.899000,0.922000,1m POM
2244,CSW24,18,17,30.977000,31.878000,0.901000,1m MOP
2244,CSW24,19,21,30.332000,31.363000,1.031000,1m MEH
2244,CSW24,20,15,31.332000,31.003000,-0.329000,3k HEM
2244,CSW24,21,23,29.715000,29.700000,-0.015000,4a MOWA
2244,CSW24,22,22,30.100000,29.670000,-0.430000,e2 HYPO
2244,CSW24,23,29,27.885000,28.794000,0.909000,1m PAM
2244,CSW24,24,28,27.885000,28.786000,0.901000,1m MAP
2244,CSW24,25,24,29.048000,28.271000,-0.777000,3l OH
2150,CSW24,1,1,32.854000,27.634000,-5.220000,m9 LILIED
2150,CSW24,2,2,31.854000,25.536000,-6.318000,m8 LILIED
2150,CSW24,3,3,28.598000,22.839000,-5.759000,2b DEIL
2150,CSW24,4,4,27.524000,21.020000,-6.504000,m10 ELIDE
2150,CSW24,5,5,26.598000,20.732000,-5.866000,m11 LIED
2150,CSW24,6,6,25.598000,19.310000,-6.288000,m10 LIED
2150,CSW24,7,9,21.980000,18.087000,-3.893000,15h ILLITE
2150,CSW24,8,7,24.462000,17.746000,-6.716000,m11 LIE
2150,CSW24,9,8,22.462000,16.052000,-6.410000,2b LEI
2150,CSW24,10,10,21.606000,14.972000,-6.634000,m12 IDEE
2150,CSW24,11,11,21.598000,14.473000,-7.125000,8k RILED
2150,CSW24,12,12,20.774000,14.249000,-6.525000,m12 IDE
2150,CSW24,13,13,20.631000,13.359000,-7.272000,8k RILLE
2150,CSW24,14,14,19.606000,13.254000,-6.352000,m11 EIDE
2150,CSW24,15,24,17.462000,12.782000,-4.680000,15l TEIL
2150,CSW24,16,17,19.462000,12.738000,-6.724000,4b LIE
2150,CSW24,17,18,19.462000,12.705000,-6.757000,j12 LEI
2150,CSW24,18,25,17.462000,12.675000,-4.787000,15l TILE
2150,CSW24,19,15,19.462000,12.658000,-6.804000,2a LEI
2150,CSW24,20,16,19.462000,12.546000,-6.916000,2a LIE
2150,CSW24,21,19,17.994000,11.525000,-6.469000,m11 LID
2150,CSW24,22,20,17.774000,11.259000,-6.515000,m13 DEI
2150,CSW24,23,21,17.774000,11.069000,-6.705000,m13 DIE
2150,CSW24,24,27,16.774000,10.522000,-6.252000,2b DEI
2150,CSW24,25,29,16.636000,10.519000,-6.117000,m11 LEDE
2146,CSW24,1,1,60.021000,60.195000,0.174000,1k PEPOS
2146,CSW24,2,2,58.587000,57.158000,-1.429000,4l SKEP
2146,CSW24,3,4,56.341000,55.219000,-1.122000,1m KOP
2146,CSW24,4,3,56.587000,55.173000,-1.414000,4k SPEK
2146,CSW24,5,5,55.580000,54.243000,-1.337000,4k POKES
2146,CSW24,6,6,53.580000,52.215000,-1.365000,4j SPOKE
2146,CSW24,7,7,52.493000,50.761000,-1.732000,4l PEPO
2146,CSW24,8,8,52.164000,50.551000,-1.613000,4k POKE
2146,CSW24,9,10,51.504000,50.325000,-1.179000,1m KEP
2146,CSW24,10,9,51.556000,49.854000,-1.702000,4l PEPS
2146,CSW24,11,11,51.067000,49.226000,-1.841000,o3 SPOKES
2146,CSW24,12,12,50.021000,48.415000,-1.606000,4k POEPS
2146,CSW24,13,13,49.592000,48.144000,-1.448000,4k SPEKS
2146,CSW24,14,14,49.587000,48.088000,-1.499000,4j SPEK
2146,CSW24,15,17,48.067000,46.725000,-1.342000,4j SPOKES
2146,CSW24,16,16,48.278000,46.275000,-2.003000,4l PEP
2146,CSW24,17,15,48.341000,46.115000,-2.226000,4j KOP
2146,CSW24,18,18,47.135000,45.510000,-1.625000,1m POP
2146,CSW24,19,19,46.580000,44.972000,-1.608000,4h POKES
2146,CSW24,20,20,46.493000,44.784000,-1.709000,4k POEP
2146,CSW24,21,23,45.009000,44.240000,-0.769000,1l EPOS
2146,CSW24,22,21,45.493000,43.586000,-1.907000,4j POPE
2146,CSW24,23,24,44.126000,42.549000,-1.577000,1m KOS
2146,CSW24,24,22,45.126000,42.504000,-2.622000,10a OKES
2146,CSW24,25,26,44.010000,42.245000,-1.765000,4l SKEO
2185,CSW24,1,5,19.622000,20.371000,0.749000,k6 RAVELIN
2185,CSW24,2,2,19.891000,20.345000,0.454000,k6 REAVAIL
2185,CSW24,3,3,19.841000,20.130000,0.289000,10g NAEVI
2185,CSW24,4,1,21.174000,20.042000,-1.132000,2a AVAL
2185,CSW24,5,4,19.841000,20.008000,0.167000,10g NAIVE
2185,CSW24,6,6,18.841000,19.432000,0.591000,k6 RAVINE
2185,CSW24,7,7,18.224000,17.093000,-1.131000,2a AVEL
2185,CSW24,8,9,16.508000,17.062000,0.554000,k3 NEAR
2185,CSW24,9,10,16.508000,17.014000,0.506000,4a AL
2185,CSW24,10,11,16.428000,15.971000,-0.457000,7l LAVA
2185,CSW24,11,8,17.105000,15.723000,-1.382000,2a AVA
2185,CSW24,12,12,15.787000,15.720000,-0.067000,7m AVI
2185,CSW24,13,17,14.787000,14.972000,0.185000,m6 DIVA
2185,CSW24,14,18,14.717000,14.943000,0.226000,l6 EAVE
2185,CSW24,15,14,15.517000,14.862000,-0.655000,7m AVA
2185,CSW24,16,22,14.084000,14.684000,0.600000,7l LAV
2185,CSW24,17,16,15.001000,14.574000,-0.427000,7l LEVA
2185,CSW24,18,15,15.001000,14.476000,-0.525000,7l LAVE
2185,CSW24,19,23,13.828000,14.468000,0.640000,a3 BAN
2185,CSW24,20,20,14.508000,14.392000,-0.116000,n1 MORA
2185,CSW24,21,13,15.779000,14.391000,-1.388000,2a AVE
2185,CSW24,22,24,13.787000,14.389000,0.602000,5m AVI
2185,CSW24,23,29,13.561000,14.258000,0.697000,7l NAV
2185,CSW24,24,21,14.095000,14.193000,0.098000,k6 RAV
2185,CSW24,25,30,13.517000,13.980000,0.463000,5m AVA
2151,CSW24,1,2,20.723000,21.998000,1.275000,8j ETA
2151,CSW24,2,1,20.723000,21.974000,1.251000,8j ATE
2151,CSW24,3,3,17.723000,18.738000,1.015000,f10 AE
2151,CSW24,4,4,17.723000,18.699000,0.976000,f10 EA
2151,CSW24,5,5,16.323000,16.432000,0.109000,m10 POTAE
2151,CSW24,6,7,14.917000,15.930000,1.013000,d8 FOE
2151,CSW24,7,11,14.723000,15.616000,0.893000,5h EA
2151,CSW24,8,6,15.546000,15.596000,0.050000,m10 PEACE
2151,CSW24,9,10,14.723000,15.580000,0.857000,2e EA
2151,CSW24,10,9,14.723000,15.503000,0.780000,2e AE
2151,CSW24,11,12,13.877000,14.584000,0.707000,m10 PACO
2151,CSW24,12,14,13.723000,14.450000,0.727000,d10 EA
2151,CSW24,13,13,13.723000,14.364000,0.641000,9c EAU
2151,CSW24,14,15,13.403000,14.102000,0.699000,m10 PACE
2151,CSW24,15,16,12.723000,13.540000,0.817000,o4 AE
2151,CSW24,16,18,12.300000,13.317000,1.017000,8j AT
2151,CSW24,17,19,11.917000,12.748000,0.831000,2e OE
2151,CSW24,18,17,12.622000,12.555000,-0.067000,1c ECOTAGE
2151,CSW24,19,20,11.723000,12.426000,0.703000,i3 TAE
2151,CSW24,20,21,11.723000,12.426000,0.703000,i3 TEA
2151,CSW24,21,22,11.374000,12.110000,0.736000,f10 EAT
2151,CSW24,22,8,14.871000,12.035000,-2.836000,d11 ACETA
2151,CSW24,23,23,10.943000,11.762000,0.819000,4g OMA
2151,CSW24,24,24,10.917000,11.741000,0.824000,4g EMO
2151,CSW24,25,25,10.917000,11.720000,0.803000,d10 OE
2161,CSW24,1,1,29.929000,27.280000,-2.649000,a13 BOW
2161,CSW24,2,2,28.555000,23.221000,-5.334000,c2 WOOING
2161,CSW24,3,3,24.970000,21.936000,-3.034000,a13 BIO
2161,CSW24,4,4,24.970000,21.936000,-3.034000,a13 BOI
2161,CSW24,5,6,22.450000,19.351000,-3.099000,15f SWOON
2161,CSW24,6,5,23.788000,18.561000,-5.227000,c3 OWING
2161,CSW24,7,7,20.929000,16.685000,-4.244000,h13 TOW
2161,CSW24,8,8,20.929000,16.524000,-4.405000,h13 TWO
2161,CSW24,9,12,17.854000,14.820000,-3.034000,a13 BOO
2161,CSW24,10,10,19.266000,14.585000,-4.681000,14b DIXIT
2161,CSW24,11,9,19.690000,13.513000,-6.177000,i1 WOO
2161,CSW24,12,11,19.103000,13.431000,-5.672000,i9 WINOS
2161,CSW24,13,14,16.981000,13.372000,-3.609000,15f SOW
2161,CSW24,14,13,17.788000,12.311000,-5.477000,10f POWIN
2161,CSW24,15,16,14.899000,11.297000,-3.602000,15f SNOW
2161,CSW24,16,19,14.296000,11.262000,-3.034000,a13 BIN
2161,CSW24,17,17,14.899000,11.249000,-3.650000,15f SOWN
2161,CSW24,18,15,15.013000,11.129000,-3.884000,h10 NOSTOI
2161,CSW24,19,26,12.981000,9.167000,-3.814000,h12 STOW
2161,CSW24,20,25,12.981000,9.153000,-3.828000,m3 STOW
2161,CSW24,21,22,13.970000,9.139000,-4.831000,k1 IO
2161,CSW24,22,20,14.103000,8.886000,-5.217000,c2 SOWING
2161,CSW24,23,30,12.929000,8.528000,-4.401000,h11 OWT
2161,CSW24,24,35,12.676000,8.524000,-4.152000,6l OIS
2161,CSW24,25,34,12.676000,8.495000,-4.181000,6l IOS
2075,CSW24,1,1,43.838000,40.826000,-3.012000,j1 TAB
2075,CSW24,2,2,42.774000,39.240000,-3.534000,3j BITT
2075,CSW24,3,3,41.870000,38.997000,-2.873000,j1 DAB
2075,CSW24,4,5,41.405000,38.351000,-3.054000,j1 TAP
2075,CSW24,5,4,41.416000,38.023000,-3.393000,3j DIPT
2075,CSW24,6,6,40.599000,37.053000,-3.546000,3j TIPT
2075,CSW24,7,7,39.542000,36.666000,-2.876000,j1 DAP
2075,CSW24,8,9,36.601000,33.264000,-3.337000,3j BIRD
2075,CSW24,9,8,36.774000,32.803000,-3.971000,13g BOTT
2075,CSW24,10,10,36.599000,32.687000,-3.912000,5d TIPTOE
2075,CSW24,11,11,36.599000,32.661000,-3.938000,13g POTT
2075,CSW24,12,13,35.503000,32.400000,-3.103000,j1 TAD
2075,CSW24,13,12,36.286000,32.196000,-4.090000,13f DROPT
2075,CSW24,14,14,34.264000,30.994000,-3.270000,j1 TAT
2075,CSW24,15,15,34.085000,30.500000,-3.585000,3j RIPT
2075,CSW24,16,16,33.271000,29.633000,-3.638000,15f BRITT
2075,CSW24,17,18,32.774000,29.129000,-3.645000,15g BITT
2075,CSW24,18,19,32.599000,29.041000,-3.558000,15g TIPT
2075,CSW24,19,22,32.405000,28.772000,-3.633000,6h NEPIT
2075,CSW24,20,24,32.286000,28.742000,-3.544000,15f DRIPT
2075,CSW24,21,23,32.379000,28.722000,-3.657000,3j DITT
2075,CSW24,22,17,32.774000,28.692000,-4.082000,j9 BATT
2075,CSW24,23,20,32.431000,28.334000,-4.097000,j8 PRATT
2075,CSW24,24,21,32.431000,28.265000,-4.166000,j8 TRAPT
2075,CSW24,25,25,32.060000,28.087000,-3.973000,13g BORT
2280,CSW24,1,1,77.545000,73.050000,-4.495000,15l KYUS
2280,CSW24,2,2,74.545000,70.230000,-4.315000,15l YUKS
2280,CSW24,3,3,70.917000,66.560000,-4.357000,15l YOKS
2280,CSW24,4,5,62.268000,58.332000,-3.936000,15l YODS
2280,CSW24,5,4,63.208000,57.399000,-5.809000,l1 YUKO
2280,CSW24,6,7,59.774000,55.995000,-3.779000,15l YOUS
2280,CSW24,7,6,61.142000,55.463000,-5.679000,l1 KUDO
2280,CSW24,8,8,56.268000,52.604000,-3.664000,15l DOYS
2280,CSW24,9,10,54.293000,50.794000,-3.499000,15l OUKS
2280,CSW24,10,9,54.579000,50.471000,-4.108000,15l KOSS
2280,CSW24,11,11,51.415000,48.046000,-3.369000,15l DUOS
2280,CSW24,12,12,48.493000,45.070000,-3.423000,15h OUNDY
2280,CSW24,13,14,48.415000,45.037000,-3.378000,15l UDOS
2280,CSW24,14,13,48.415000,45.033000,-3.382000,15l OUDS
2280,CSW24,15,15,47.033000,44.135000,-2.898000,h1 DOEKS
2280,CSW24,16,16,46.815000,43.545000,-3.270000,15f DYKONS
2280,CSW24,17,17,46.708000,43.238000,-3.470000,15l SUKS
2280,CSW24,18,18,45.891000,42.105000,-3.786000,15m YUS
2280,CSW24,19,19,45.379000,41.858000,-3.521000,15f DYKON
2280,CSW24,20,20,44.956000,41.680000,-3.276000,h1 DOEK
2280,CSW24,21,21,44.421000,40.918000,-3.503000,15h KYNDS
2280,CSW24,22,22,44.268000,40.828000,-3.440000,15h DONSY
2280,CSW24,23,23,43.917000,40.442000,-3.475000,15h YONKS
2280,CSW24,24,24,43.751000,40.072000,-3.679000,15m KOS
2280,CSW24,25,29,42.639000,38.752000,-3.887000,15m OYS
2051,CSW24,1,1,61.000000,62.656000,1.656000,5c INPOURED
2051,CSW24,2,2,30.971000,32.290000,1.319000,m3 OU
2051,CSW24,3,3,30.380000,31.950000,1.570000,m3 DUI
2051,CSW24,4,4,30.320000,31.047000,0.727000,10b INDIE
2051,CSW24,5,5,28.612000,29.552000,0.940000,10a OI
2051,CSW24,6,7,27.008000,28.578000,1.570000,m3 DUE
2051,CSW24,7,6,27.671000,28.089000,0.418000,b9 QI
2051,CSW24,8,9,26.612000,27.612000,1.000000,f5 OI
2051,CSW24,9,8,26.612000,27.605000,0.993000,f5 IO
2051,CSW24,10,11,24.979000,25.943000,0.964000,d4 DUO
2051,CSW24,11,12,24.971000,25.447000,0.476000,d5 OU
2051,CSW24,12,10,25.391000,25.266000,-0.125000,9l AGOG
2051,CSW24,13,16,23.501000,24.864000,1.363000,m3 NU
2051,CSW24,14,18,23.315000,24.501000,1.186000,13g NAOI
2051,CSW24,15,13,24.391000,24.428000,0.037000,6e HO
2051,CSW24,16,15,24.391000,24.254000,-0.137000,10d OI
2051,CSW24,17,14,24.391000,24.205000,-0.186000,7d OR
2051,CSW24,18,19,22.476000,23.759000,1.283000,n8 TOD
2051,CSW24,19,17,23.391000,23.470000,0.079000,3m OOS
2051,CSW24,20,21,22.188000,23.316000,1.128000,10b IN
2051,CSW24,21,23,21.971000,22.296000,0.325000,6j OU
2051,CSW24,22,22,21.971000,22.161000,0.190000,d4 OU
2051,CSW24,23,20,22.391000,22.080000,-0.311000,6d OH
2051,CSW24,24,25,21.671000,21.663000,-0.008000,6e HI
2051,CSW24,25,24,21.880000,21.603000,-0.277000,4m UMM
2392,CSW24,1,2,74.000000,75.438000,1.438000,1a UnINSTAL
2392,CSW24,2,1,74.000000,75.425000,1.425000,1a STUNsAIL
2392,CSW24,3,3,74.000000,75.423000,1.423000,1a sTUNSAIL
2392,CSW24,4,4,71.000000,73.242000,2.242000,1a UNInSTAL
2392,CSW24,5,5,70.000000,71.791000,1.791000,3a NATUrISM
2392,CSW24,6,7,68.000000,70.668000,2.668000,b2 fAUSTIAN
2392,CSW24,7,6,68.000000,70.641000,2.641000,b2 TUtANIAS
2392,CSW24,8,8,68.000000,70.641000,2.641000,b2 tUTANIAS
2392,CSW24,9,9,60.866000,66.227000,5.361000,1l TUAN
2392,CSW24,10,10,60.866000,66.209000,5.343000,1l TUNA
2392,CSW24,11,11,58.000000,63.937000,5.937000,1b qUINTALS
2392,CSW24,12,12,57.000000,63.029000,6.029000,1b NUpTIALS
2392,CSW24,13,13,55.847000,61.208000,5.361000,1l SUNI
2392,CSW24,14,16,53.799000,58.097000,4.298000,14j SISTA
2392,CSW24,15,17,53.586000,57.858000,4.272000,14j SASIN
2392,CSW24,16,15,54.084000,57.780000,3.696000,1m UNI
2392,CSW24,17,20,52.235000,57.602000,5.367000,1l TUNS
2392,CSW24,18,14,54.118000,56.965000,2.847000,1k TIANS
2392,CSW24,19,28,49.603000,55.100000,5.497000,1k TIAN
2392,CSW24,20,21,51.194000,54.340000,3.146000,d4 TAIKO
2392,CSW24,21,22,51.194000,53.732000,2.538000,g5 UTA
2392,CSW24,22,18,52.401000,53.690000,1.289000,e11 FAUN
2392,CSW24,23,25,49.977000,53.661000,3.684000,1m ANI
2392,CSW24,24,19,52.308000,53.539000,1.231000,m9 UN
2392,CSW24,25,26,49.969000,52.898000,2.929000,1l TUN
2062,CSW24,1,1,80.000000,78.103000,-1.897000,2h ABLATED
2062,CSW24,2,2,38.402000,39.373000,0.971000,a4 LABDA
2062,CSW24,3,3,37.810000,38.193000,0.383000,a7 DAB
2062,CSW24,4,4,36.980000,37.784000,0.804000,a4 TABLA
2062,CSW24,5,5,36.810000,37.111000,0.301000,a7 BAD
2062,CSW24,6,6,36.249000,36.986000,0.737000,a6 BLAD
2062,CSW24,7,7,35.564000,35.656000,0.092000,a7 TAB
2062,CSW24,8,9,35.055000,35.145000,0.090000,a7 LAB
2062,CSW24,9,8,35.440000,35.051000,-0.389000,a8 AB
2062,CSW24,10,10,34.302000,35.025000,0.723000,a6 BEAD
2062,CSW24,11,12,33.208000,33.613000,0.405000,a6 BAAL
2062,CSW24,12,15,32.853000,33.579000,0.726000,a5 BLEAT
2062,CSW24,13,11,33.564000,33.497000,-0.067000,a7 BAT
2062,CSW24,14,16,32.775000,33.195000,0.420000,a6 BLAT
2062,CSW24,15,13,33.055000,32.988000,-0.067000,a7 BAL
2062,CSW24,16,17,32.051000,32.869000,0.818000,a4 DELTA
2062,CSW24,17,14,32.930000,32.243000,-0.687000,a8 AD
2062,CSW24,18,22,30.748000,31.490000,0.742000,3c BOTEL
2062,CSW24,19,19,31.208000,31.441000,0.233000,a5 ALBA
2062,CSW24,20,18,31.440000,30.698000,-0.742000,a7 BA
2062,CSW24,21,24,30.217000,30.623000,0.406000,a6 BEAT
2062,CSW24,22,21,30.797000,30.537000,-0.260000,a7 TAD
2062,CSW24,23,20,30.810000,30.029000,-0.781000,1a DAB
2062,CSW24,24,29,29.193000,29.599000,0.406000,a6 BEAL
2062,CSW24,25,28,29.217000,29.225000,0.008000,e5 BEAUT
2345,CSW24,1,1,78.000000,73.761000,-4.239000,13g MINNEOLA
2345,CSW24,2,2,70.000000,66.071000,-3.929000,12c NONMETAL
2345,CSW24,3,3,31.891000,29.395000,-2.496000,1a MELANO
2345,CSW24,4,4,25.891000,22.145000,-3.746000,13g MINEOLA
2345,CSW24,5,5,22.427000,20.371000,-2.056000,1n MO
2345,CSW24,6,6,21.787000,18.851000,-2.936000,m7 MON
2345,CSW24,7,8,21.223000,18.724000,-2.499000,m6 AMEN
2345,CSW24,8,7,21.243000,18.256000,-2.987000,i10 MOAN
2345,CSW24,9,9,21.119000,18.078000,-3.041000,m7 MONAL
2345,CSW24,10,10,20.461000,17.450000,-3.011000,g10 NOEL
2345,CSW24,11,12,20.242000,17.091000,-3.151000,m2 ZEAL
2345,CSW24,12,13,20.014000,16.970000,-3.044000,m7 MELON
2345,CSW24,13,11,20.349000,16.673000,-3.676000,1f ON
2345,CSW24,14,14,19.891000,16.600000,-3.291000,m7 MELANO
2345,CSW24,15,18,19.243000,16.264000,-2.979000,m7 MOAN
2345,CSW24,16,19,19.243000,16.187000,-3.056000,m7 MONA
2345,CSW24,17,17,19.243000,16.148000,-3.095000,m7 MANO
2345,CSW24,18,29,18.158000,16.091000,-2.067000,1n ME
2345,CSW24,19,28,18.169000,16.081000,-2.088000,1n MA
2345,CSW24,20,20,18.983000,15.966000,-3.017000,m7 MENO
2345,CSW24,21,16,19.522000,15.912000,-3.610000,13g LINEMAN
2345,CSW24,22,15,19.522000,15.779000,-3.743000,13c MELANIN
2345,CSW24,23,27,18.243000,15.446000,-2.797000,1d MOAN
2345,CSW24,24,23,18.355000,15.328000,-3.027000,i10 NEON
2345,CSW24,25,32,17.915000,15.223000,-2.692000,m6 ANON
2300,CSW24,1,1,64.000000,59.051000,-4.949000,6h ACARINES
2300,CSW24,2,3,38.326000,36.770000,-1.556000,c10 AIL
2300,CSW24,3,2,38.597000,36.511000,-2.086000,10b ZA
2300,CSW24,4,5,37.989000,36.272000,-1.717000,i11 TIAN
2300,CSW24,5,4,37.989000,36.250000,-1.739000,i11 TAIN
2300,CSW24,6,7,36.979000,36.085000,-0.894000,k9 AAS
2300,CSW24,7,6,37.326000,35.552000,-1.774000,i11 TAI
2300,CSW24,8,11,35.854000,35.074000,-0.780000,k6 NAIRAS
2300,CSW24,9,10,35.878000,34.868000,-1.010000,k8 AIAS
2300,CSW24,10,9,35.995000,34.813000,-1.182000,k10 AS
2300,CSW24,11,19,34.981000,34.398000,-0.583000,c8 TRAILS
2300,CSW24,12,15,35.428000,34.306000,-1.122000,k10 ASAR
2300,CSW24,13,18,35.119000,34.243000,-0.876000,k7 RAIAS
2300,CSW24,14,17,35.119000,34.235000,-0.884000,k7 ARIAS
2300,CSW24,15,8,36.597000,34.147000,-2.450000,10j JA
2300,CSW24,16,14,35.548000,33.833000,-1.715000,i13 AA
2300,CSW24,17,13,35.548000,33.729000,-1.819000,g13 AA
2300,CSW24,18,16,35.249000,33.442000,-1.807000,13h HAE
2300,CSW24,19,24,34.465000,33.425000,-1.040000,k8 ANAS
2300,CSW24,20,23,34.512000,33.341000,-1.171000,k10 ASEA
2300,CSW24,21,12,35.548000,33.195000,-2.353000,k9 AA
2300,CSW24,22,28,33.927000,33.044000,-0.883000,c10 AILS
2300,CSW24,23,27,34.001000,32.899000,-1.102000,k9 RASE
2300,CSW24,24,26,34.149000,32.797000,-1.352000,c8 TRAIL
2300,CSW24,25,29,33.683000,32.773000,-0.910000,k7 AREAS
2168,CSW24,1,1,19.129000,17.502000,-1.627000,11k BENTY
2168,CSW24,2,2,16.283000,14.433000,-1.850000,12j BENNI
2168,CSW24,3,8,14.432000,13.650000,-0.782000,7g HM
2168,CSW24,4,7,14.750000,13.635000,-1.115000,o14 NY
2168,CSW24,5,5,14.868000,13.289000,-1.579000,11h GENNY
2168,CSW24,6,6,14.750000,13.249000,-1.501000,11b NY
2168,CSW24,7,3,15.283000,13.029000,-2.254000,14j BENNE
2168,CSW24,8,9,14.375000,12.924000,-1.451000,i12 BEN
2168,CSW24,9,10,14.375000,12.617000,-1.758000,12l BEIN
2168,CSW24,10,12,13.641000,12.266000,-1.375000,3a EYEN
2168,CSW24,11,13,13.641000,12.262000,-1.379000,3a EYNE
2168,CSW24,12,4,14.948000,12.204000,-2.744000,13l BEVY
2168,CSW24,13,11,14.322000,11.988000,-2.334000,14g BeNNY
2168,CSW24,14,16,12.783000,11.419000,-1.364000,i12 HEN
2168,CSW24,15,19,12.092000,10.979000,-1.113000,12l KHI
2168,CSW24,16,15,13.081000,10.791000,-2.290000,14g HeNNY
2168,CSW24,17,17,12.375000,10.633000,-1.742000,11k BENT
2168,CSW24,18,21,11.868000,10.629000,-1.239000,1h WENNY
2168,CSW24,19,14,13.641000,10.604000,-3.037000,13l ENVY
2168,CSW24,20,18,12.375000,10.408000,-1.967000,12k BENI
2168,CSW24,21,23,11.507000,10.286000,-1.221000,15d HYENS
2168,CSW24,22,26,11.003000,9.884000,-1.119000,11k KHET
2168,CSW24,23,20,12.084000,9.834000,-2.250000,14g NeBEK
2168,CSW24,24,31,10.614000,9.671000,-0.943000,i12 YEH
2168,CSW24,25,27,10.948000,9.612000,-1.336000,11h GYBE
2251,CSW24,1,1,30.161000,29.839000,-0.322000,o12 DOAT
2251,CSW24,2,2,29.487000,27.697000,-1.790000,g2 AX
2251,CSW24,3,3,27.815000,27.289000,-0.526000,o13 DOX
2251,CSW24,4,4,26.828000,25.356000,-1.472000,m12 OX
2251,CSW24,5,5,25.835000,25.122000,-0.713000,o13 TAX
2251,CSW24,6,6,25.543000,23.533000,-2.010000,c11 DOUX
2251,CSW24,7,7,24.487000,22.960000,-1.527000,o14 AX
2251,CSW24,8,8,23.828000,22.048000,-1.780000,g2 OX
2251,CSW24,9,9,23.161000,20.856000,-2.305000,5a TOADY
2251,CSW24,10,12,21.161000,19.398000,-1.763000,m10 DATO
2251,CSW24,11,11,21.445000,18.026000,-3.419000,13k AXOID
2251,CSW24,12,10,22.543000,18.004000,-4.539000,c12 DOUX
2251,CSW24,13,17,18.828000,17.283000,-1.545000,o14 OX
2251,CSW24,14,16,19.004000,17.229000,-1.775000,m10 DATA
2251,CSW24,15,14,19.388000,16.920000,-2.468000,m12 ODA
2251,CSW24,16,19,18.664000,16.211000,-2.453000,m11 UDO
2251,CSW24,17,18,18.814000,16.082000,-2.732000,11j TAXOR
2251,CSW24,18,13,19.815000,15.932000,-3.883000,m13 DOX
2251,CSW24,19,29,17.378000,15.461000,-1.917000,o13 TAU
2251,CSW24,20,21,17.967000,15.114000,-2.853000,c11 DAUT
2251,CSW24,21,28,17.378000,14.993000,-2.385000,m11 UTA
2251,CSW24,22,30,17.153000,14.920000,-2.233000,5b TODY
2251,CSW24,23,25,17.388000,14.903000,-2.485000,c10 ADO
2251,CSW24,24,27,17.388000,14.898000,-2.490000,m11 ODA
2251,CSW24,25,26,17.388000,14.881000,-2.507000,m11 ADO
2355,CSW24,1,1,89.000000,86.569000,-2.431000,l3 TARbOYS
2355,CSW24,2,3,83.000000,80.651000,-2.349000,l3 YAOuRTS
2355,CSW24,3,2,83.000000,80.561000,-2.439000,l3 AROYnTS
2355,CSW24,4,4,70.000000,64.893000,-5.107000,14g fORESTAY
2355,CSW24,5,6,67.292000,64.566000,-2.726000,15c CASTORY
2355,CSW24,6,5,70.000000,62.425000,-7.575000,14h OvERSTAY
2355,CSW24,7,7,64.613000,61.344000,-3.269000,i3 TOY
2355,CSW24,8,8,63.115000,59.886000,-3.229000,i3 TAY
2355,CSW24,9,14,61.000000,59.425000,-1.575000,3e SOlITARY
2355,CSW24,10,13,61.292000,57.985000,-3.307000,l4 YARTOS
2355,CSW24,11,11,62.000000,57.319000,-4.681000,14e rOASTERY
2355,CSW24,12,9,62.000000,57.295000,-4.705000,14e ROASTErY
2355,CSW24,13,12,61.429000,56.878000,-4.551000,b2 YO
2355,CSW24,14,17,60.090000,56.801000,-3.289000,2j ROYST
2355,CSW24,15,18,60.090000,56.797000,-3.293000,2j RYOTS
2355,CSW24,16,19,60.090000,56.720000,-3.370000,2j TYROS
2355,CSW24,17,10,62.000000,56.577000,-5.423000,14e ROYAlETS
2355,CSW24,18,15,60.429000,56.243000,-4.186000,i4 OY
2355,CSW24,19,22,59.377000,56.215000,-3.162000,l10 YAS
2355,CSW24,20,24,59.254000,55.985000,-3.269000,i3 SOY
2355,CSW24,21,23,59.320000,55.745000,-3.575000,d2 RYA
2355,CSW24,22,20,60.069000,55.436000,-4.633000,b2 YA
2355,CSW24,23,25,59.115000,55.349000,-3.766000,e8 KYAT
2355,CSW24,24,27,58.847000,55.248000,-3.599000,l7 ROSY
2355,CSW24,25,28,58.613000,55.166000,-3.447000,4a BOTTY
2204,CSW24,1,1,40.940000,39.148000,-1.792000,c12 YEDE
2204,CSW24,2,2,40.154000,37.827000,-2.327000,8k NYING
2204,CSW24,3,3,35.940000,33.176000,-2.764000,8k NEEDY
2204,CSW24,4,4,34.612000,32.211000,-2.401000,c12 YE
2204,CSW24,5,6,30.584000,28.481000,-2.103000,l7 DYE
2204,CSW24,6,5,30.612000,27.974000,-2.638000,l8 YE
2204,CSW24,7,10,29.282000,27.773000,-1.509000,g1 EYE
2204,CSW24,8,12,28.836000,27.584000,-1.252000,i4 ELEGY
2204,CSW24,9,11,29.282000,27.577000,-1.705000,i1 EYE
2204,CSW24,10,7,29.820000,27.473000,-2.347000,8j ENDING
2204,CSW24,11,8,29.612000,26.829000,-2.783000,g2 YE
2204,CSW24,12,9,29.612000,26.723000,-2.889000,i2 YE
2204,CSW24,13,13,28.282000,26.587000,-1.695000,g2 YEED
2204,CSW24,14,16,26.940000,25.335000,-1.605000,i2 DEELY
2204,CSW24,15,15,27.312000,25.238000,-2.074000,c12 YEN
2204,CSW24,16,14,27.612000,24.923000,-2.689000,c10 DEY
2204,CSW24,17,19,26.608000,24.051000,-2.557000,8j ENGINE
2204,CSW24,18,17,26.612000,23.957000,-2.655000,12d YE
2204,CSW24,19,18,26.612000,23.457000,-3.155000,14f YEA
2204,CSW24,20,22,25.584000,22.756000,-2.828000,b2 DYE
2204,CSW24,21,21,25.612000,22.694000,-2.918000,3h WYE
2204,CSW24,22,23,25.547000,22.476000,-3.071000,3h WEEDING
2204,CSW24,23,25,24.166000,21.800000,-2.366000,4d VEGIE
2204,CSW24,24,24,24.612000,21.546000,-3.066000,g14 YE
2204,CSW24,25,31,23.584000,21.514000,-2.070000,j2 YEDE
2332,CSW24,1,2,62.000000,57.788000,-4.212000,10b CONTRAIL
2332,CSW24,2,1,62.000000,57.730000,-4.270000,10b CILANTRO
2332,CSW24,3,3,61.000000,55.577000,-5.423000,g2 ANTIROLL
2332,CSW24,4,4,60.000000,50.904000,-9.096000,g1 ANTIROLL
2332,CSW24,5,5,32.683000,28.034000,-4.649000,m1 ROTAL
2332,CSW24,6,6,31.723000,27.081000,-4.642000,m1 NOTAL
2332,CSW24,7,9,28.297000,26.158000,-2.139000,15c TALION
2332,CSW24,8,7,30.524000,25.875000,-4.649000,m1 ROTAN
2332,CSW24,9,8,28.385000,22.994000,-5.391000,m1 LOTI
2332,CSW24,10,10,27.984000,22.793000,-5.191000,m3 OIL
2332,CSW24,11,11,27.512000,22.094000,-5.418000,m1 LOTA
2332,CSW24,12,12,26.983000,21.580000,-5.403000,m1 ROTI
2332,CSW24,13,13,26.717000,21.352000,-5.365000,m3 TOR
2332,CSW24,14,16,26.005000,20.618000,-5.387000,m1 LATI
2332,CSW24,15,15,26.038000,20.608000,-5.430000,m1 ROTA
2332,CSW24,16,14,26.038000,20.603000,-5.435000,m1 RATO
2332,CSW24,17,18,25.251000,20.138000,-5.113000,m3 TON
2332,CSW24,18,17,25.296000,19.590000,-5.706000,m1 LOT
2332,CSW24,19,19,24.717000,18.999000,-5.718000,m1 ROT
2332,CSW24,20,32,21.036000,18.934000,-2.102000,15c TALANT
2332,CSW24,21,20,24.347000,18.924000,-5.423000,m1 NOTA
2332,CSW24,22,26,22.816000,18.813000,-4.003000,15m DOL
2332,CSW24,23,21,23.646000,18.561000,-5.085000,m3 TIL
2332,CSW24,24,31,21.104000,18.258000,-2.846000,15f AROINT
2332,CSW24,25,23,23.207000,18.122000,-5.085000,m3 TIN
2085,CSW24,1,2,71.000000,68.446000,-2.554000,j5 ETERNIZE
2085,CSW24,2,3,70.000000,66.679000,-3.321000,3g INTERNEE
2085,CSW24,3,1,72.000000,65.484000,-6.516000,4h PERENTIE
2085,CSW24,4,4,59.000000,57.509000,-1.491000,1b RETINENE
2085,CSW24,5,6,59.000000,57.320000,-1.680000,1d RETINENE
2085,CSW24,6,5,59.000000,57.295000,-1.705000,1c INTERNEE
2085,CSW24,7,7,59.000000,56.904000,-2.096000,1g INTERNEE
2085,CSW24,8,8,59.000000,56.302000,-2.698000,15b REINETTE
2085,CSW24,9,9,59.000000,56.128000,-2.872000,15c REINETTE
2085,CSW24,10,10,31.938000,28.831000,-3.107000,j11 ZE
2085,CSW24,11,11,29.938000,27.125000,-2.813000,9f HE
2085,CSW24,12,12,28.938000,25.832000,-3.106000,7c FE
2085,CSW24,13,13,28.423000,25.609000,-2.814000,j11 ZEE
2085,CSW24,14,14,28.423000,24.901000,-3.522000,c12 VEE
2085,CSW24,15,16,26.423000,23.830000,-2.593000,m12 EE
2085,CSW24,16,15,26.423000,23.432000,-2.991000,i3 EE
2085,CSW24,17,19,25.438000,22.976000,-2.462000,j10 EZINE
2085,CSW24,18,18,25.938000,22.381000,-3.557000,14h HE
2085,CSW24,19,20,25.423000,22.348000,-3.075000,g14 EE
2085,CSW24,20,21,25.423000,22.160000,-3.263000,i14 EE
2085,CSW24,21,17,25.938000,22.073000,-3.865000,14g EH
2085,CSW24,22,24,24.938000,21.859000,-3.079000,13l OE
2085,CSW24,23,23,24.938000,21.630000,-3.308000,12k ET
2085,CSW24,24,29,23.438000,21.316000,-2.122000,i3 EINE
2085,CSW24,25,22,24.938000,21.223000,-3.715000,4h PE
2252,CSW24,1,1,41.522000,34.682000,-6.840000,2j MINBAR
2252,CSW24,2,2,37.051000,32.968000,-4.083000,2j MINOR
2252,CSW24,3,3,35.099000,31.009000,-4.090000,2j MINAR
2252,CSW24,4,6,33.881000,29.597000,-4.284000,2j MORIA
2252,CSW24,5,5,33.881000,29.486000,-4.395000,2j MOIRA
2252,CSW24,6,4,34.869000,28.125000,-6.744000,b8 AMBOINA
2252,CSW24,7,7,30.838000,28.019000,-2.819000,5c REB
2252,CSW24,8,8,30.008000,26.444000,-3.564000,2h BAM
2252,CSW24,9,9,29.461000,25.767000,-3.694000,9b BIRO
2252,CSW24,10,10,29.296000,25.614000,-3.682000,2j MOB
2252,CSW24,11,15,27.079000,24.300000,-2.779000,11i BEANO
2252,CSW24,12,16,26.736000,23.924000,-2.812000,11i BEIN
2252,CSW24,13,23,26.441000,23.594000,-2.847000,5c NEB
2252,CSW24,14,12,27.358000,23.490000,-3.868000,2j MO
2252,CSW24,15,11,27.358000,23.371000,-3.987000,2i OM
2252,CSW24,16,19,26.553000,23.145000,-3.408000,9a MAINOR
2252,CSW24,17,13,27.179000,23.083000,-4.096000,9b MINO
2252,CSW24,18,18,26.583000,22.849000,-3.734000,2h NIM
2252,CSW24,19,14,27.083000,22.609000,-4.474000,m3 BO
2252,CSW24,20,20,26.521000,22.374000,-4.147000,2j ROBIN
2252,CSW24,21,17,26.623000,22.298000,-4.325000,9b BI
2252,CSW24,22,29,26.099000,22.281000,-3.818000,2h RAMIN
2252,CSW24,23,33,25.882000,22.207000,-3.675000,9b BARON
2252,CSW24,24,32,25.939000,22.190000,-3.749000,2h NOM
2252,CSW24,25,27,26.242000,22.188000,-4.054000,9b BOR
2166,CSW24,1,1,57.494000,55.939000,-1.555000,13g XI
2166,CSW24,2,2,49.688000,47.129000,-2.559000,g13 XED
2166,CSW24,3,3,48.688000,46.394000,-2.294000,9n XI
2166,CSW24,4,4,47.537000,46.318000,-1.219000,13g XIS
2166,CSW24,5,5,44.420000,42.646000,-1.774000,13g NIX
2166,CSW24,6,6,44.372000,42.613000,-1.759000,13g TIX
2166,CSW24,7,8,43.642000,41.917000,-1.725000,7c XED
2166,CSW24,8,7,43.885000,41.837000,-2.048000,2h NEXT
2166,CSW24,9,11,37.124000,38.145000,1.021000,15l DITE
2166,CSW24,10,10,39.688000,36.758000,-2.930000,12l AX
2166,CSW24,11,9,39.797000,36.538000,-3.259000,7a NIXED
2166,CSW24,12,14,36.399000,35.160000,-1.239000,12k TAXIS
2166,CSW24,13,18,35.537000,33.924000,-1.613000,12l AXIS
2166,CSW24,14,17,35.537000,33.867000,-1.670000,11d XIS
2166,CSW24,15,13,36.494000,33.853000,-2.641000,7c XI
2166,CSW24,16,15,35.836000,33.796000,-2.040000,2h SEXT
2166,CSW24,17,12,36.642000,33.677000,-2.965000,2i XED
2166,CSW24,18,30,32.755000,32.904000,0.149000,15n TE
2166,CSW24,19,26,32.940000,32.897000,-0.043000,o13 DYE
2166,CSW24,20,24,33.527000,32.702000,-0.825000,11b EXITS
2166,CSW24,21,25,33.394000,32.568000,-0.826000,11b NEXTS
2166,CSW24,22,16,35.736000,32.549000,-3.187000,k2 DROW
2166,CSW24,23,23,33.537000,31.770000,-1.767000,13g SIX
2166,CSW24,24,27,32.836000,31.572000,-1.264000,12k TAXES
2166,CSW24,25,19,34.736000,31.471000,-3.265000,e7 DOF
2354,CSW24,1,2,36.837000,34.858000,-1.979000,2j VEERY
2354,CSW24,2,1,37.865000,34.799000,-3.066000,b2 ORACY
2354,CSW24,3,3,35.780000,34.387000,-1.393000,11a RAVEY
2354,CSW24,4,4,35.778000,34.268000,-1.510000,13b OVARY
2354,CSW24,5,5,35.169000,33.172000,-1.997000,c3 OVARY
2354,CSW24,6,6,35.064000,32.426000,-2.638000,2j VERREY
2354,CSW24,7,7,33.820000,32.165000,-1.655000,b10 VARROA
2354,CSW24,8,8,32.252000,30.318000,-1.934000,j1 RYA
2354,CSW24,9,10,31.080000,29.609000,-1.471000,2j VERRY
2354,CSW24,10,9,31.086000,29.373000,-1.713000,13c VARY
2354,CSW24,11,11,30.344000,28.142000,-2.202000,j2 YA
2354,CSW24,12,12,29.344000,27.146000,-2.198000,11e YA
2354,CSW24,13,14,28.922000,26.906000,-2.016000,2j VERRA
2354,CSW24,14,13,29.252000,26.867000,-2.385000,11c RAY
2354,CSW24,15,16,28.344000,26.193000,-2.151000,j1 AY
2354,CSW24,16,17,26.859000,24.726000,-2.133000,j1 OY
2354,CSW24,17,15,28.778000,24.448000,-4.330000,b5 COVARY
2354,CSW24,18,18,26.344000,23.876000,-2.468000,11d AY
2354,CSW24,19,20,25.859000,23.662000,-2.197000,14a OY
2354,CSW24,20,21,25.547000,23.613000,-1.934000,j1 RYE
2354,CSW24,21,23,25.334000,23.552000,-1.782000,l1 YEAR
2354,CSW24,22,22,25.421000,23.525000,-1.896000,l1 YARR
2354,CSW24,23,25,24.865000,22.607000,-2.258000,13c OARY
2354,CSW24,24,26,24.859000,22.337000,-2.522000,i2 OY
2354,CSW24,25,19,25.865000,22.233000,-3.632000,b2 YARCO
2046,CSW24,1,1,32.401000,34.089000,1.688000,a13 AWE
2046,CSW24,2,2,30.737000,32.497000,1.760000,a13 EWE
2046,CSW24,3,3,29.518000,31.586000,2.068000,a12 AINE
2046,CSW24,4,4,29.518000,31.586000,2.068000,a12 EINA
2046,CSW24,5,5,28.409000,30.477000,2.068000,a12 EINE
2046,CSW24,6,6,27.305000,28.571000,1.266000,a14 WE
2046,CSW24,7,7,27.014000,27.626000,0.612000,i9 WEENIE
2046,CSW24,8,8,26.084000,25.827000,-0.257000,n1 WEN
2046,CSW24,9,12,21.464000,22.911000,1.447000,a13 ANE
2046,CSW24,10,9,22.401000,22.703000,0.302000,c13 AWE
2046,CSW24,11,11,21.889000,21.586000,-0.303000,n1 WAN
2046,CSW24,12,10,21.889000,21.360000,-0.529000,n1 AWN
2046,CSW24,13,14,21.084000,21.198000,0.114000,i11 ENEW
2046,CSW24,14,15,20.737000,21.124000,0.387000,c13 EWE
2046,CSW24,15,13,21.086000,21.074000,-0.012000,n1 WIN
2046,CSW24,16,18,18.940000,20.480000,1.540000,a13 ANI
2046,CSW24,17,16,19.737000,20.077000,0.340000,c12 EEW
2046,CSW24,18,20,18.533000,20.039000,1.506000,a13 ENE
2046,CSW24,19,17,19.428000,19.780000,0.352000,10k ANEW
2046,CSW24,20,22,18.428000,18.369000,-0.059000,12k ANEW
2046,CSW24,21,24,17.981000,18.293000,0.312000,13b TWINE
2046,CSW24,22,23,18.001000,18.285000,0.284000,10k ENEW
2046,CSW24,23,19,18.683000,17.994000,-0.689000,13a ATWEEN
2046,CSW24,24,26,17.518000,17.844000,0.326000,c12 EINA
2046,CSW24,25,25,17.518000,17.841000,0.323000,c12 AINE
2241,CSW24,1,1,90.472000,86.512000,-3.960000,10f XU
2241,CSW24,2,2,78.506000,76.928000,-1.578000,8a jEUX
2241,CSW24,3,4,72.095000,69.705000,-2.390000,8a NEUM
2241,CSW24,4,5,70.351000,69.139000,-1.212000,a6 DUM
2241,CSW24,5,3,73.472000,68.466000,-5.006000,14n XU
2241,CSW24,6,7,68.351000,67.198000,-1.153000,a6 MUD
2241,CSW24,7,6,68.376000,64.687000,-3.689000,a1 UNaXED
2241,CSW24,8,8,68.292000,64.387000,-3.905000,d6 UNMIXED
2241,CSW24,9,12,64.095000,62.708000,-1.387000,a6 MUN
2241,CSW24,10,11,64.237000,61.833000,-2.404000,8a DEEM
2241,CSW24,11,9,65.142000,60.796000,-4.346000,c11 XED
2241,CSW24,12,15,62.692000,60.757000,-1.935000,a7 UM
2241,CSW24,13,10,64.309000,60.345000,-3.964000,c12 MUX
2241,CSW24,14,17,61.375000,59.006000,-2.369000,8a NEEM
2241,CSW24,15,13,63.460000,58.703000,-4.757000,c2 MUXED
2241,CSW24,16,14,62.893000,58.035000,-4.858000,f9 EX
2241,CSW24,17,16,61.799000,57.482000,-4.317000,d8 MIXED
2241,CSW24,18,22,58.722000,57.229000,-1.493000,a6 DUN
2241,CSW24,19,20,59.237000,56.976000,-2.261000,8a MEED
2241,CSW24,20,18,60.692000,55.815000,-4.877000,10f MU
2241,CSW24,21,19,59.654000,55.378000,-4.276000,d8 MIXEN
2241,CSW24,22,25,58.503000,54.535000,-3.968000,10f Xu
2241,CSW24,23,21,59.142000,54.314000,-4.828000,11a HEXED
2241,CSW24,24,24,58.503000,54.269000,-4.234000,10f Xi
2241,CSW24,25,26,58.472000,54.187000,-4.285000,c6 XU
2199,CSW24,1,1,79.000000,81.398000,2.398000,10h HIPSTER
2199,CSW24,2,2,48.687000,48.677000,-0.010000,e4 TIP
2199,CSW24,3,3,47.866000,46.984000,-0.882000,6j HIN
2199,CSW24,4,4,47.866000,46.931000,-0.935000,14f HUT
2199,CSW24,5,5,45.950000,46.421000,0.471000,3b HE
2199,CSW24,6,8,45.633000,45.504000,-0.129000,b14 HI
2199,CSW24,7,6,45.907000,44.915000,-0.992000,6j PIN
2199,CSW24,8,7,45.907000,44.841000,-1.066000,14f PUT
2199,CSW24,9,13,43.694000,44.431000,0.737000,i13 PEH
2199,CSW24,10,9,44.850000,44.085000,-0.765000,14e PHUT
2199,CSW24,11,15,42.320000,43.192000,0.872000,5d HEFT
2199,CSW24,12,12,43.866000,42.906000,-0.960000,14a EH
2199,CSW24,13,11,43.866000,42.830000,-1.036000,5a OH
2199,CSW24,14,10,43.907000,42.515000,-1.392000,13g GIP
2199,CSW24,15,14,42.350000,42.441000,0.091000,6e PITH
2199,CSW24,16,16,41.866000,40.538000,-1.328000,b2 CHE
2199,CSW24,17,17,40.907000,39.592000,-1.315000,h6 PAD
2199,CSW24,18,18,40.866000,39.586000,-1.280000,h6 HAD
2199,CSW24,19,38,37.769000,38.809000,1.040000,b13 ISH
2199,CSW24,20,23,39.866000,38.726000,-1.140000,15g ETH
2199,CSW24,21,27,39.086000,38.614000,-0.472000,e4 TIT
2199,CSW24,22,19,39.907000,38.565000,-1.342000,i6 POI
2199,CSW24,23,21,39.866000,38.552000,-1.314000,i6 HOI
2199,CSW24,24,20,39.907000,38.548000,-1.359000,15f PET
2199,CSW24,25,26,39.378000,38.507000,-0.871000,b9 THy
