pos,model,pat_rank,static_rank,static_eq,pat_eq,pat_adj,move
875,CSW24_hsp,1,6,80.000000,74.462000,-5.538000,1g PAINTERS
875,CSW24_hsp,2,4,80.000000,74.420000,-5.580000,1f PANTRIES
875,CSW24_hsp,3,5,80.000000,74.420000,-5.580000,1f PINASTER
875,CSW24_hsp,4,1,83.000000,74.400000,-8.600000,a1 SPARTINA
875,CSW24_hsp,5,2,83.000000,74.370000,-8.630000,a8 ASPIRANT
875,CSW24_hsp,6,3,80.000000,74.110000,-5.890000,1e PRISTANE
875,CSW24_hsp,7,7,72.000000,62.454000,-9.546000,11g TRAPSING
875,CSW24_hsp,8,9,61.000000,52.303000,-8.697000,a3 ASPIRANT
875,CSW24_hsp,9,8,61.000000,52.294000,-8.706000,a2 PARTISAN
875,CSW24_hsp,10,10,61.000000,52.263000,-8.737000,a6 SPARTINA
875,CSW24_hsp,11,11,61.000000,51.852000,-9.148000,a7 PARTISAN
875,CSW24_hsp,12,12,54.797000,47.397000,-7.400000,m2 PANIER
875,CSW24_hsp,13,13,47.535000,38.025000,-9.510000,m5 PER
875,CSW24_hsp,14,14,46.390000,37.076000,-9.314000,m5 PENI
875,CSW24_hsp,15,15,45.374000,35.867000,-9.507000,m5 PEN
875,CSW24_hsp,16,16,44.476000,35.173000,-9.303000,m5 PERI
875,CSW24_hsp,17,18,43.519000,34.965000,-8.554000,m3 ASPER
875,CSW24_hsp,18,21,42.440000,33.928000,-8.512000,m3 ASPEN
875,CSW24_hsp,19,17,44.439000,33.003000,-11.436000,14j PAINTY
875,CSW24_hsp,20,22,42.249000,32.821000,-9.428000,m5 PET
875,CSW24_hsp,21,19,42.926000,31.892000,-11.034000,14j PARITY
875,CSW24_hsp,22,20,42.555000,31.627000,-10.928000,14j PANTRY
875,CSW24_hsp,23,23,41.699000,31.434000,-10.265000,5k JAP
875,CSW24_hsp,24,26,38.968000,30.827000,-8.141000,m2 NITRE
875,CSW24_hsp,25,24,39.942000,30.801000,-9.141000,m5 RETIA
1003,CSW24_hsp,1,1,69.046000,61.857000,-7.189000,h10 BAJREE
1003,CSW24_hsp,2,2,59.780000,52.344000,-7.436000,h10 JAMBEE
1003,CSW24_hsp,3,3,56.871000,49.837000,-7.034000,h10 JAMBER
1003,CSW24_hsp,4,4,51.780000,39.489000,-12.291000,12a JEMBE
1003,CSW24_hsp,5,5,35.692000,26.308000,-9.384000,12b JOBE
1003,CSW24_hsp,6,6,35.213000,26.215000,-8.998000,h11 AMBER
1003,CSW24_hsp,7,8,29.405000,23.533000,-5.872000,10h JEE
1003,CSW24_hsp,8,9,29.118000,23.088000,-6.030000,10h JEER
1003,CSW24_hsp,9,7,29.417000,19.863000,-9.554000,h11 ABORE
1003,CSW24_hsp,10,10,28.692000,19.413000,-9.279000,h4 JOBED
1003,CSW24_hsp,11,15,26.917000,18.416000,-8.501000,12c JOE
1003,CSW24_hsp,12,13,27.437000,18.361000,-9.076000,12i OMBER
1003,CSW24_hsp,13,12,27.994000,18.328000,-9.666000,h11 AMEER
1003,CSW24_hsp,14,14,27.437000,17.884000,-9.553000,12i OMBRE
1003,CSW24_hsp,15,19,25.160000,17.057000,-8.103000,12d JO
1003,CSW24_hsp,16,18,25.506000,16.509000,-8.997000,12i EMBER
1003,CSW24_hsp,17,26,22.938000,15.283000,-7.655000,12h MOER
1003,CSW24_hsp,18,11,28.437000,15.201000,-13.236000,12a BROME
1003,CSW24_hsp,19,27,22.171000,14.870000,-7.301000,12h MOE
1003,CSW24_hsp,20,25,23.405000,14.780000,-8.625000,12c JEE
1003,CSW24_hsp,21,22,23.633000,14.714000,-8.919000,i9 JET
1003,CSW24_hsp,22,21,24.180000,14.524000,-9.656000,12j MOBE
1003,CSW24_hsp,23,28,22.150000,14.523000,-7.627000,12h BEER
1003,CSW24_hsp,24,24,23.437000,13.949000,-9.488000,12j OMBRE
1003,CSW24_hsp,25,47,20.150000,13.844000,-6.306000,10h BEER
321,CSW24_hsp,1,1,47.067000,40.091000,-6.976000,10h VAKEEL
321,CSW24_hsp,2,3,45.294000,38.174000,-7.120000,n10 KEVEL
321,CSW24_hsp,3,2,45.519000,38.061000,-7.458000,n10 KEEVE
321,CSW24_hsp,4,4,40.301000,35.450000,-4.851000,o6 LEKVAR
321,CSW24_hsp,5,5,40.195000,33.056000,-7.139000,10j KEEP
321,CSW24_hsp,6,7,39.703000,32.601000,-7.102000,10j VEALE
321,CSW24_hsp,7,8,39.352000,32.160000,-7.192000,10j VEEP
321,CSW24_hsp,8,6,39.781000,30.515000,-9.266000,n10 KELEP
321,CSW24_hsp,9,9,37.968000,30.321000,-7.647000,10h PAVE
321,CSW24_hsp,10,10,37.065000,29.557000,-7.508000,10g PEAK
321,CSW24_hsp,11,11,36.592000,29.014000,-7.578000,10h PAK
321,CSW24_hsp,12,12,35.874000,28.461000,-7.413000,10j VEAL
321,CSW24_hsp,13,20,32.968000,27.739000,-5.229000,o7 VAPER
321,CSW24_hsp,14,19,32.968000,27.711000,-5.257000,o7 PAVER
321,CSW24_hsp,15,13,34.874000,27.085000,-7.789000,10h LAVE
321,CSW24_hsp,16,14,34.065000,26.375000,-7.690000,10j PEAK
321,CSW24_hsp,17,16,33.801000,25.874000,-7.927000,10i AVE
321,CSW24_hsp,18,15,33.874000,25.747000,-8.127000,n10 VEALE
321,CSW24_hsp,19,17,33.435000,25.633000,-7.802000,10h PAV
321,CSW24_hsp,20,29,30.941000,25.579000,-5.362000,o6 KELPER
321,CSW24_hsp,21,18,33.352000,25.319000,-8.033000,n10 PEEVE
321,CSW24_hsp,22,21,32.968000,25.155000,-7.813000,10h VAPE
321,CSW24_hsp,23,22,32.801000,25.057000,-7.744000,10j VAE
321,CSW24_hsp,24,23,32.703000,24.997000,-7.706000,10g LEAVE
321,CSW24_hsp,25,24,32.274000,24.799000,-7.475000,10i APEEK
977,CSW24_hsp,1,3,74.000000,60.761000,-13.239000,g2 DEpURATE
977,CSW24_hsp,2,2,75.000000,59.938000,-15.062000,f6 DENAtURE
977,CSW24_hsp,3,1,76.000000,58.948000,-17.052000,d8 CARDEcUE
977,CSW24_hsp,4,5,70.000000,55.053000,-14.947000,f6 RENAgUED
977,CSW24_hsp,5,4,70.000000,54.448000,-15.552000,m2 EmERAUDE
977,CSW24_hsp,6,11,59.686000,52.271000,-7.415000,1l DREE
977,CSW24_hsp,7,14,58.510000,50.749000,-7.761000,1m DUE
977,CSW24_hsp,8,16,56.283000,48.439000,-7.844000,1m AUE
977,CSW24_hsp,9,17,56.283000,48.086000,-8.197000,1m EAU
977,CSW24_hsp,10,20,56.096000,47.574000,-8.522000,o1 ETUDE
977,CSW24_hsp,11,6,61.000000,46.377000,-14.623000,g3 EpURATED
977,CSW24_hsp,12,13,58.616000,46.182000,-12.434000,1g RUDE
977,CSW24_hsp,13,28,53.630000,45.869000,-7.761000,1m DAE
977,CSW24_hsp,14,26,54.056000,45.829000,-8.227000,1m RUE
977,CSW24_hsp,15,7,61.000000,45.774000,-15.226000,g6 DETRAqUE
977,CSW24_hsp,16,8,60.000000,45.243000,-14.757000,g4 DEnATURE
977,CSW24_hsp,17,9,60.000000,45.236000,-14.764000,g5 fEATURED
977,CSW24_hsp,18,12,58.630000,44.627000,-14.003000,l2 IDEA
977,CSW24_hsp,19,22,55.630000,43.756000,-11.874000,l1 AIDE
977,CSW24_hsp,20,10,60.000000,43.456000,-16.544000,6a AUREOlED
977,CSW24_hsp,21,19,56.118000,43.312000,-12.806000,1f AREDE
977,CSW24_hsp,22,18,56.283000,43.041000,-13.242000,j4 AUE
977,CSW24_hsp,23,47,50.674000,42.522000,-8.152000,1m DEE
977,CSW24_hsp,24,23,55.135000,42.044000,-13.091000,l4 EARD
977,CSW24_hsp,25,21,55.674000,41.846000,-13.828000,l2 IDEE
156,CSW24_hsp,1,1,24.294000,21.037000,-3.257000,j2 ZITI
156,CSW24_hsp,2,2,10.067000,6.553000,-3.514000,j2 ZIT
156,CSW24_hsp,3,3,9.136000,4.084000,-5.052000,2e ILIAD
156,CSW24_hsp,4,4,9.082000,3.951000,-5.131000,2e ILIA
156,CSW24_hsp,5,5,8.392000,3.380000,-5.012000,ex DIIIIL
156,CSW24_hsp,6,6,8.308000,3.296000,-5.012000,ex DIIIL
156,CSW24_hsp,7,7,8.254000,3.242000,-5.012000,ex IIIL
156,CSW24_hsp,8,8,7.067000,3.023000,-4.044000,c5 JIZ
156,CSW24_hsp,9,9,6.700000,1.688000,-5.012000,ex DIII
156,CSW24_hsp,10,12,5.917000,1.637000,-4.280000,9k DIF
156,CSW24_hsp,11,11,5.917000,1.622000,-4.295000,l8 BID
156,CSW24_hsp,12,10,6.494000,1.482000,-5.012000,ex IIIIL
156,CSW24_hsp,13,15,4.917000,0.937000,-3.980000,i1 ID
156,CSW24_hsp,14,13,5.582000,0.570000,-5.012000,ex DIIII
156,CSW24_hsp,15,14,5.271000,0.259000,-5.012000,ex III
156,CSW24_hsp,16,16,3.669000,-0.721000,-4.390000,c12 LIME
156,CSW24_hsp,17,18,2.669000,-1.774000,-4.443000,o10 LI
156,CSW24_hsp,18,17,3.082000,-1.930000,-5.012000,ex IIL
156,CSW24_hsp,19,20,1.917000,-2.453000,-4.370000,c12 DIME
156,CSW24_hsp,20,21,1.669000,-2.541000,-4.210000,i2 LIS
156,CSW24_hsp,21,19,2.445000,-2.567000,-5.012000,ex IIII
156,CSW24_hsp,22,22,1.136000,-3.876000,-5.012000,ex DIIL
156,CSW24_hsp,23,27,-0.083000,-4.157000,-4.074000,i2 DIS
156,CSW24_hsp,24,23,0.525000,-4.487000,-5.012000,ex DII
156,CSW24_hsp,25,24,0.490000,-4.522000,-5.012000,ex II
189,CSW24_hsp,1,1,80.000000,80.938000,0.938000,1a DEStREAM
189,CSW24_hsp,2,2,76.000000,76.254000,0.254000,l8 YEAREnDS
189,CSW24_hsp,3,3,75.000000,72.585000,-2.415000,n9 EStRADE
189,CSW24_hsp,4,5,74.000000,71.891000,-2.109000,n9 hEARSED
189,CSW24_hsp,5,4,74.000000,71.473000,-2.527000,n9 hEADERS
189,CSW24_hsp,6,6,74.000000,71.167000,-2.833000,n9 hEDERAS
189,CSW24_hsp,7,7,68.000000,66.621000,-1.379000,7b EStRADE
189,CSW24_hsp,8,8,68.000000,66.578000,-1.422000,7b RESpADE
189,CSW24_hsp,9,10,67.000000,64.555000,-2.445000,7a RESAwED
189,CSW24_hsp,10,9,67.000000,64.503000,-2.497000,7a REAStED
189,CSW24_hsp,11,18,67.000000,64.411000,-2.589000,7a gREASED
189,CSW24_hsp,12,20,67.000000,64.384000,-2.616000,7a lASERED
189,CSW24_hsp,13,21,67.000000,64.340000,-2.660000,7a pREASED
189,CSW24_hsp,14,17,67.000000,64.321000,-2.679000,7a cREASED
189,CSW24_hsp,15,22,67.000000,64.295000,-2.705000,7a tASERED
189,CSW24_hsp,16,19,67.000000,64.001000,-2.999000,7a hEARSED
189,CSW24_hsp,17,11,67.000000,63.868000,-3.132000,7a SEARcED
189,CSW24_hsp,18,13,67.000000,63.795000,-3.205000,7a SkEARED
189,CSW24_hsp,19,15,67.000000,63.742000,-3.258000,7a SpEARED
189,CSW24_hsp,20,16,67.000000,63.725000,-3.275000,7a StEARED
189,CSW24_hsp,21,25,65.510000,63.599000,-1.911000,10a EDS
189,CSW24_hsp,22,12,67.000000,63.508000,-3.492000,7a ShEARED
189,CSW24_hsp,23,14,67.000000,63.463000,-3.537000,7a SmEARED
189,CSW24_hsp,24,29,65.000000,63.337000,-1.663000,7b mEDRESA
189,CSW24_hsp,25,23,66.000000,63.327000,-2.673000,7a REbASED
47,CSW24_hsp,1,1,31.878000,21.128000,-10.750000,h11 HIREE
47,CSW24_hsp,2,3,26.891000,18.438000,-8.453000,o4 BEERIER
47,CSW24_hsp,3,2,26.979000,16.213000,-10.766000,2i VEER
47,CSW24_hsp,4,8,22.979000,15.320000,-7.659000,1f REE
47,CSW24_hsp,5,6,23.428000,14.940000,-8.488000,o4 BREER
47,CSW24_hsp,6,7,23.428000,14.889000,-8.539000,o4 BRERE
47,CSW24_hsp,7,5,25.192000,14.617000,-10.575000,h11 HIRER
47,CSW24_hsp,8,4,25.227000,14.587000,-10.640000,d8 PAWER
47,CSW24_hsp,9,9,22.839000,14.459000,-8.380000,o4 BINER
47,CSW24_hsp,10,10,22.839000,14.318000,-8.521000,o4 BRINE
47,CSW24_hsp,11,15,20.020000,11.687000,-8.333000,o4 BRINER
47,CSW24_hsp,12,11,22.329000,11.413000,-10.916000,d8 PAWNEE
47,CSW24_hsp,13,19,18.596000,10.984000,-7.612000,1f REI
47,CSW24_hsp,14,17,19.192000,10.740000,-8.452000,o4 BRIER
47,CSW24_hsp,15,12,21.150000,10.439000,-10.711000,d8 PAWNER
47,CSW24_hsp,16,13,20.979000,10.172000,-10.807000,5m ERE
47,CSW24_hsp,17,14,20.979000,9.935000,-11.044000,j11 JEER
47,CSW24_hsp,18,16,19.227000,8.847000,-10.380000,g5 RELAXES
47,CSW24_hsp,19,18,18.653000,7.754000,-10.899000,2i VEIN
47,CSW24_hsp,20,33,14.150000,6.498000,-7.652000,1f REN
47,CSW24_hsp,21,21,16.227000,5.435000,-10.792000,12h ER
47,CSW24_hsp,22,44,13.227000,5.114000,-8.113000,1a RE
47,CSW24_hsp,23,25,15.979000,5.092000,-10.887000,12k ERE
47,CSW24_hsp,24,24,15.979000,4.762000,-11.217000,h11 HERE
47,CSW24_hsp,25,26,15.979000,4.721000,-11.258000,12k REE
1166,CSW24_hsp,1,1,66.683000,51.939000,-14.744000,15k SKEEF
1166,CSW24_hsp,2,2,56.272000,41.232000,-15.040000,15k SKEIN
1166,CSW24_hsp,3,5,50.312000,40.353000,-9.959000,a11 KENAF
1166,CSW24_hsp,4,4,53.737000,38.593000,-15.144000,15k SKENE
1166,CSW24_hsp,5,3,53.737000,38.592000,-15.145000,15k SKEEN
1166,CSW24_hsp,6,9,43.598000,33.717000,-9.881000,a13 KAF
1166,CSW24_hsp,7,6,47.298000,33.298000,-14.000000,9g ERF
1166,CSW24_hsp,8,7,46.117000,31.378000,-14.739000,m11 FYKE
1166,CSW24_hsp,9,8,44.999000,31.085000,-13.914000,9f NERF
1166,CSW24_hsp,10,17,40.156000,30.308000,-9.848000,a11 SKEAN
1166,CSW24_hsp,11,18,40.073000,30.244000,-9.829000,a12 KEAS
1166,CSW24_hsp,12,21,39.298000,29.209000,-10.089000,a13 FAE
1166,CSW24_hsp,13,10,43.313000,28.977000,-14.336000,d12 FILK
1166,CSW24_hsp,14,13,40.979000,26.708000,-14.271000,13a FINE
1166,CSW24_hsp,15,11,41.999000,26.473000,-15.526000,m7 NEF
1166,CSW24_hsp,16,29,36.349000,26.297000,-10.052000,a13 KAE
1166,CSW24_hsp,17,12,41.298000,26.249000,-15.049000,13m EF
1166,CSW24_hsp,18,14,40.879000,26.143000,-14.736000,13k NIEF
1166,CSW24_hsp,19,19,40.067000,25.622000,-14.445000,13a KINE
1166,CSW24_hsp,20,15,40.626000,25.101000,-15.525000,m7 NEK
1166,CSW24_hsp,21,16,40.298000,24.486000,-15.812000,m8 EF
1166,CSW24_hsp,22,23,37.999000,23.901000,-14.098000,13a FEN
1166,CSW24_hsp,23,41,33.877000,23.844000,-10.033000,a12 IKAN
1166,CSW24_hsp,24,24,37.626000,23.395000,-14.231000,13a KEN
1166,CSW24_hsp,25,22,38.979000,23.271000,-15.708000,m7 NEIF
826,CSW24_hsp,1,1,30.382000,20.892000,-9.490000,l12 TETH
826,CSW24_hsp,2,6,25.161000,20.447000,-4.714000,l10 HET
826,CSW24_hsp,3,3,26.161000,19.549000,-6.612000,l12 HET
826,CSW24_hsp,4,9,24.064000,19.251000,-4.813000,l10 HAT
826,CSW24_hsp,5,13,23.161000,18.294000,-4.867000,9g THE
826,CSW24_hsp,6,11,23.568000,18.238000,-5.330000,l10 HATE
826,CSW24_hsp,7,4,26.102000,17.993000,-8.109000,13i GARTH
826,CSW24_hsp,8,10,23.576000,17.433000,-6.143000,10i THUG
826,CSW24_hsp,9,14,23.007000,17.359000,-5.648000,j10 GAT
826,CSW24_hsp,10,16,22.184000,16.590000,-5.594000,j10 GET
826,CSW24_hsp,11,2,26.194000,16.321000,-9.873000,l11 AHENT
826,CSW24_hsp,12,15,22.514000,16.086000,-6.428000,10j HUT
826,CSW24_hsp,13,18,21.007000,15.851000,-5.156000,l10 GAT
826,CSW24_hsp,14,8,24.402000,15.744000,-8.658000,13i THRANG
826,CSW24_hsp,15,5,25.279000,15.718000,-9.561000,l12 HENT
826,CSW24_hsp,16,17,21.249000,15.440000,-5.809000,12i THEGN
826,CSW24_hsp,17,24,20.184000,15.191000,-4.993000,l10 GET
826,CSW24_hsp,18,22,20.504000,15.019000,-5.485000,j10 GETA
826,CSW24_hsp,19,7,24.568000,14.813000,-9.755000,l12 HEAT
826,CSW24_hsp,20,19,20.514000,14.738000,-5.776000,12j HET
826,CSW24_hsp,21,21,20.504000,14.691000,-5.813000,j10 GATE
826,CSW24_hsp,22,20,20.514000,14.360000,-6.154000,12k ETH
826,CSW24_hsp,23,29,19.504000,13.722000,-5.782000,l10 GATE
826,CSW24_hsp,24,26,20.141000,13.065000,-7.076000,10j TUATH
826,CSW24_hsp,25,25,20.176000,13.042000,-7.134000,l3 TETANY
957,CSW24_hsp,1,1,33.555000,28.507000,-5.048000,o12 GAMB
957,CSW24_hsp,2,2,33.371000,28.331000,-5.040000,o12 BAFT
957,CSW24_hsp,3,4,24.551000,19.495000,-5.056000,o12 DAFT
957,CSW24_hsp,4,3,26.825000,18.747000,-8.078000,h1 BEFOG
957,CSW24_hsp,5,8,22.310000,17.271000,-5.039000,o12 FAME
957,CSW24_hsp,6,7,22.375000,16.378000,-5.997000,15j DEBT
957,CSW24_hsp,7,9,20.627000,15.584000,-5.043000,o12 FADE
957,CSW24_hsp,8,5,22.944000,14.705000,-8.239000,h1 EMBOG
957,CSW24_hsp,9,6,22.494000,14.313000,-8.181000,h1 DEFOG
957,CSW24_hsp,10,11,18.357000,13.312000,-5.045000,o12 FATE
957,CSW24_hsp,11,12,18.325000,13.277000,-5.048000,o12 MABE
957,CSW24_hsp,12,10,20.302000,12.110000,-8.192000,h1 DEMOB
957,CSW24_hsp,13,16,15.382000,10.317000,-5.065000,o12 MAGE
957,CSW24_hsp,14,19,14.245000,9.192000,-5.053000,o12 BADE
957,CSW24_hsp,15,14,16.640000,9.181000,-7.459000,k8 DEFT
957,CSW24_hsp,16,13,17.132000,8.892000,-8.240000,h1 BEGOT
957,CSW24_hsp,17,18,14.382000,8.246000,-6.136000,15j GEM
957,CSW24_hsp,18,23,13.271000,8.202000,-5.069000,o12 MADE
957,CSW24_hsp,19,15,15.747000,7.881000,-7.866000,b7 BUMF
957,CSW24_hsp,20,20,13.841000,7.695000,-6.146000,15j BEG
957,CSW24_hsp,21,25,12.382000,7.309000,-5.073000,o12 GAME
957,CSW24_hsp,22,24,13.245000,7.101000,-6.144000,15j DEB
957,CSW24_hsp,23,28,11.813000,6.743000,-5.070000,o12 BATE
957,CSW24_hsp,24,21,13.841000,6.323000,-7.518000,15l BEG
957,CSW24_hsp,25,26,12.382000,6.223000,-6.159000,15j MEG
868,CSW24_hsp,1,1,25.017000,16.955000,-8.062000,i9 WErT
868,CSW24_hsp,2,2,23.467000,13.824000,-9.643000,d1 BEWET
868,CSW24_hsp,3,3,20.139000,12.871000,-7.268000,l7 TWEEST
868,CSW24_hsp,4,5,16.912000,11.821000,-5.091000,10b BUTLE
868,CSW24_hsp,5,4,18.015000,11.013000,-7.002000,l8 WEEST
868,CSW24_hsp,6,8,16.189000,9.929000,-6.260000,d2 BUTTE
868,CSW24_hsp,7,9,15.912000,9.430000,-6.482000,d3 TUBE
868,CSW24_hsp,8,7,16.726000,9.038000,-7.688000,k10 UNWET
868,CSW24_hsp,9,11,15.817000,8.954000,-6.863000,k9 BUNT
868,CSW24_hsp,10,19,13.912000,7.729000,-6.183000,d3 BUTE
868,CSW24_hsp,11,12,15.017000,7.708000,-7.309000,12f WET
868,CSW24_hsp,12,17,14.017000,7.056000,-6.961000,d3 TEW
868,CSW24_hsp,13,6,16.770000,6.986000,-9.784000,i9 WErE
868,CSW24_hsp,14,20,13.912000,6.813000,-7.099000,f3 TUBE
868,CSW24_hsp,15,24,13.128000,6.359000,-6.769000,d3 WEB
868,CSW24_hsp,16,14,14.189000,6.056000,-8.133000,k5 BUTTE
868,CSW24_hsp,17,25,13.017000,5.678000,-7.339000,12l TEW
868,CSW24_hsp,18,29,11.912000,5.082000,-6.830000,f2 BUTE
868,CSW24_hsp,19,27,12.015000,4.989000,-7.026000,l8 EWEST
868,CSW24_hsp,20,15,14.189000,4.836000,-9.353000,10a BUTTLE
868,CSW24_hsp,21,10,15.912000,4.707000,-11.205000,12l TUBE
868,CSW24_hsp,22,13,14.841000,4.459000,-10.382000,i9 BErET
868,CSW24_hsp,23,43,10.017000,4.448000,-5.569000,10c WELT
868,CSW24_hsp,24,22,13.467000,4.352000,-9.115000,7h BEWET
868,CSW24_hsp,25,33,11.017000,4.307000,-6.710000,d3 WET
923,CSW24_hsp,1,1,38.720000,31.492000,-7.228000,l10 TWP
923,CSW24_hsp,2,2,28.720000,20.955000,-7.765000,l6 TWP
923,CSW24_hsp,3,3,24.720000,16.580000,-8.140000,l9 TWP
923,CSW24_hsp,4,4,23.201000,16.087000,-7.114000,g7 WRY
923,CSW24_hsp,5,5,20.605000,14.425000,-6.180000,h4 QUYTE
923,CSW24_hsp,6,7,20.181000,12.420000,-7.761000,l7 PURTY
923,CSW24_hsp,7,6,20.358000,12.251000,-8.107000,l6 TRYP
923,CSW24_hsp,8,8,19.848000,12.098000,-7.750000,l6 PRY
923,CSW24_hsp,9,10,18.414000,12.008000,-6.406000,8a Qi
923,CSW24_hsp,10,9,19.720000,11.407000,-8.313000,l7 TWP
923,CSW24_hsp,11,12,16.265000,9.793000,-6.472000,h6 TWERPY
923,CSW24_hsp,12,13,15.936000,9.683000,-6.253000,h6 QWERTY
923,CSW24_hsp,13,11,16.826000,8.516000,-8.310000,l7 WRY
923,CSW24_hsp,14,14,15.628000,7.782000,-7.846000,l6 TRY
923,CSW24_hsp,15,18,12.586000,5.928000,-6.658000,h6 TWERP
923,CSW24_hsp,16,15,14.358000,5.863000,-8.495000,3j PURTY
923,CSW24_hsp,17,16,13.358000,5.707000,-7.651000,10a PANTRY
923,CSW24_hsp,18,17,13.193000,5.429000,-7.764000,g7 PRY
923,CSW24_hsp,19,20,10.749000,4.325000,-6.424000,h6 QUEP
923,CSW24_hsp,20,19,10.895000,4.154000,-6.741000,h5 TWYER
923,CSW24_hsp,21,21,10.720000,4.006000,-6.714000,h7 WEPT
923,CSW24_hsp,22,23,9.871000,2.292000,-7.579000,i8 SUP
923,CSW24_hsp,23,25,9.652000,2.275000,-7.377000,4h PRUNT
923,CSW24_hsp,24,22,10.066000,2.074000,-7.992000,g7 TRYP
923,CSW24_hsp,25,28,8.586000,1.907000,-6.679000,h7 PEW
554,CSW24_hsp,1,2,36.984000,26.564000,-10.420000,n6 FAW
554,CSW24_hsp,2,1,37.297000,25.869000,-11.428000,n6 FAWN
554,CSW24_hsp,3,5,30.984000,23.835000,-7.149000,i3 FAW
554,CSW24_hsp,4,3,35.244000,23.214000,-12.030000,n6 FATWA
554,CSW24_hsp,5,7,29.984000,21.720000,-8.264000,12d FAW
554,CSW24_hsp,6,8,29.297000,20.917000,-8.380000,12k FAWN
554,CSW24_hsp,7,17,26.083000,20.857000,-5.226000,9i AFT
554,CSW24_hsp,8,12,27.984000,19.993000,-7.991000,12k FAW
554,CSW24_hsp,9,4,31.244000,19.739000,-11.505000,12a FATWA
554,CSW24_hsp,10,15,27.385000,19.023000,-8.362000,12k WAFT
554,CSW24_hsp,11,11,28.083000,17.688000,-10.395000,n6 FAT
554,CSW24_hsp,12,16,26.388000,16.992000,-9.396000,n6 FA
554,CSW24_hsp,13,10,28.090000,16.879000,-11.211000,n6 FAN
554,CSW24_hsp,14,13,27.409000,16.851000,-10.558000,n6 FART
554,CSW24_hsp,15,9,28.244000,16.785000,-11.459000,12k FATWA
554,CSW24_hsp,16,6,30.095000,16.503000,-13.592000,n6 FANART
554,CSW24_hsp,17,14,27.409000,15.796000,-11.613000,n6 FRAT
554,CSW24_hsp,18,18,25.406000,15.527000,-9.879000,n6 FAR
554,CSW24_hsp,19,21,23.984000,15.141000,-8.843000,f4 WAQF
554,CSW24_hsp,20,28,20.831000,14.896000,-5.935000,10i NAW
554,CSW24_hsp,21,25,22.083000,14.868000,-7.215000,i3 FAT
554,CSW24_hsp,22,23,22.090000,14.837000,-7.253000,i3 FAN
554,CSW24_hsp,23,19,25.406000,14.585000,-10.821000,n6 FRA
554,CSW24_hsp,24,22,23.831000,13.977000,-9.854000,i3 WAN
554,CSW24_hsp,25,26,22.041000,13.823000,-8.218000,12i RAWN
666,CSW24_hsp,1,1,61.810000,56.593000,-5.217000,13k MAXI
666,CSW24_hsp,2,2,59.427000,54.313000,-5.114000,13k MIX
666,CSW24_hsp,3,3,58.426000,53.300000,-5.126000,13k MAX
666,CSW24_hsp,4,4,56.005000,48.631000,-7.374000,13l EXAM
666,CSW24_hsp,5,5,54.150000,48.356000,-5.794000,13m XI
666,CSW24_hsp,6,6,53.427000,47.624000,-5.803000,l12 MINX
666,CSW24_hsp,7,7,53.221000,45.940000,-7.281000,13k MAXIS
666,CSW24_hsp,8,8,52.826000,45.560000,-7.266000,13k MIXES
666,CSW24_hsp,9,10,50.751000,44.999000,-5.752000,13l EX
666,CSW24_hsp,10,11,50.653000,44.900000,-5.753000,13l AX
666,CSW24_hsp,11,12,50.335000,44.586000,-5.749000,13l AXE
666,CSW24_hsp,12,9,51.743000,44.462000,-7.281000,13k MAXES
666,CSW24_hsp,13,16,46.481000,42.942000,-3.539000,o11 AGISM
666,CSW24_hsp,14,14,47.751000,42.368000,-5.383000,4l EX
666,CSW24_hsp,15,15,47.653000,42.230000,-5.423000,4l AX
666,CSW24_hsp,16,13,48.191000,41.864000,-6.327000,l10 MAXING
666,CSW24_hsp,17,21,43.654000,40.003000,-3.651000,o10 AGEISM
666,CSW24_hsp,18,23,43.615000,39.887000,-3.728000,o12 GISM
666,CSW24_hsp,19,17,46.427000,38.726000,-7.701000,13m MIX
666,CSW24_hsp,20,19,44.751000,38.723000,-6.028000,k5 EX
666,CSW24_hsp,21,25,42.751000,38.237000,-4.514000,15n EX
666,CSW24_hsp,22,27,42.653000,38.151000,-4.502000,15n AX
666,CSW24_hsp,23,18,45.426000,37.739000,-7.687000,13m MAX
666,CSW24_hsp,24,20,44.168000,37.565000,-6.603000,l11 AXING
666,CSW24_hsp,25,22,43.622000,37.417000,-6.205000,13k MAGI
508,CSW24_hsp,1,1,60.244000,53.806000,-6.438000,c10 BURD
508,CSW24_hsp,2,2,57.697000,51.098000,-6.599000,c10 BURN
508,CSW24_hsp,3,3,57.149000,50.488000,-6.661000,c10 BURR
508,CSW24_hsp,4,4,55.244000,48.444000,-6.800000,c9 DRUB
508,CSW24_hsp,5,5,53.477000,46.814000,-6.663000,c10 DURN
508,CSW24_hsp,6,6,50.751000,43.984000,-6.767000,c10 DURR
508,CSW24_hsp,7,8,50.155000,43.062000,-7.093000,c11 URB
508,CSW24_hsp,8,7,50.155000,42.909000,-7.246000,c9 BRU
508,CSW24_hsp,9,11,47.258000,39.697000,-7.561000,c12 BRR
508,CSW24_hsp,10,10,48.149000,39.032000,-9.117000,l4 BURRY
508,CSW24_hsp,11,14,45.155000,37.687000,-7.468000,d4 BURA
508,CSW24_hsp,12,9,49.244000,37.638000,-11.606000,c12 DRUB
508,CSW24_hsp,13,16,44.599000,37.117000,-7.482000,f10 URN
508,CSW24_hsp,14,15,45.155000,37.039000,-8.116000,c12 BRU
508,CSW24_hsp,15,21,43.802000,36.439000,-7.363000,c11 URD
508,CSW24_hsp,16,17,44.155000,36.322000,-7.833000,c10 BUR
508,CSW24_hsp,17,13,45.477000,36.061000,-9.416000,l4 NURDY
508,CSW24_hsp,18,18,44.155000,36.046000,-8.109000,c10 RUB
508,CSW24_hsp,19,25,42.599000,35.126000,-7.473000,c11 URN
508,CSW24_hsp,20,12,46.258000,34.563000,-11.695000,c13 BRR
508,CSW24_hsp,21,22,43.480000,34.123000,-9.357000,l4 BUNDY
508,CSW24_hsp,22,29,41.155000,33.507000,-7.648000,d3 BRU
508,CSW24_hsp,23,23,42.751000,33.486000,-9.265000,l4 DURRY
508,CSW24_hsp,24,30,40.802000,33.153000,-7.649000,d4 DURA
508,CSW24_hsp,25,20,44.155000,32.537000,-11.618000,c13 BUR
20,CSW24_hsp,1,1,46.239000,37.155000,-9.084000,h11 EXALT
20,CSW24_hsp,2,2,44.786000,36.012000,-8.774000,h12 FALX
20,CSW24_hsp,3,8,28.036000,20.598000,-7.438000,15g FANE
20,CSW24_hsp,4,3,31.013000,20.449000,-10.564000,13g TEX
20,CSW24_hsp,5,10,27.409000,19.970000,-7.439000,15g FATE
20,CSW24_hsp,6,9,27.409000,19.953000,-7.456000,15f FEAT
20,CSW24_hsp,7,5,28.253000,19.031000,-9.222000,h12 FELT
20,CSW24_hsp,8,13,26.368000,18.659000,-7.709000,15g FAN
20,CSW24_hsp,9,4,28.299000,17.703000,-10.596000,13g TAX
20,CSW24_hsp,10,14,25.068000,17.394000,-7.674000,15g FAT
20,CSW24_hsp,11,6,28.162000,17.363000,-10.799000,i13 QI
20,CSW24_hsp,12,7,28.096000,16.964000,-11.132000,i13 QIN
20,CSW24_hsp,13,11,27.233000,16.249000,-10.984000,13h EX
20,CSW24_hsp,14,12,26.505000,14.690000,-11.815000,15d QAT
20,CSW24_hsp,15,15,22.786000,12.916000,-9.870000,9h FAIX
20,CSW24_hsp,16,16,22.352000,11.176000,-11.176000,n12 AXE
20,CSW24_hsp,17,24,18.773000,10.744000,-8.029000,15g FA
20,CSW24_hsp,18,18,21.454000,10.444000,-11.010000,13h AX
20,CSW24_hsp,19,20,19.352000,10.132000,-9.220000,h12 AXLE
20,CSW24_hsp,20,19,20.505000,9.583000,-10.922000,13e QAT
20,CSW24_hsp,21,38,16.317000,8.574000,-7.743000,15f NEAT
20,CSW24_hsp,22,17,21.537000,8.438000,-13.099000,n4 NEXT
20,CSW24_hsp,23,23,19.233000,7.905000,-11.328000,n12 EX
20,CSW24_hsp,24,21,19.253000,7.315000,-11.938000,1l DEFT
20,CSW24_hsp,25,22,19.233000,6.782000,-12.451000,2k WEXE
953,CSW24_hsp,1,1,36.891000,24.637000,-12.254000,o10 TROTYL
953,CSW24_hsp,2,2,32.497000,24.302000,-8.195000,o8 TONY
953,CSW24_hsp,3,5,24.580000,16.266000,-8.314000,o8 NOTT
953,CSW24_hsp,4,3,25.215000,10.082000,-15.133000,l4 TROTYL
953,CSW24_hsp,5,12,19.179000,10.064000,-9.115000,o8 NOT
953,CSW24_hsp,6,13,19.179000,9.883000,-9.296000,o8 TON
953,CSW24_hsp,7,7,22.497000,7.640000,-14.857000,5i YONT
953,CSW24_hsp,8,6,23.244000,7.178000,-16.066000,m2 TYLOTE
953,CSW24_hsp,9,24,15.461000,6.456000,-9.005000,o8 TOT
953,CSW24_hsp,10,9,20.280000,6.197000,-14.083000,o12 ONLY
953,CSW24_hsp,11,4,25.215000,6.048000,-19.167000,12j TROLLY
953,CSW24_hsp,12,10,19.497000,4.376000,-15.121000,5i TONY
953,CSW24_hsp,13,11,19.215000,4.325000,-14.890000,l7 TROTYL
953,CSW24_hsp,14,14,18.649000,3.699000,-14.950000,5i TORY
953,CSW24_hsp,15,8,22.471000,3.379000,-19.092000,12k TOLLY
953,CSW24_hsp,16,16,17.413000,2.591000,-14.822000,5i TORN
953,CSW24_hsp,17,18,17.158000,2.405000,-14.753000,l4 TOTTY
953,CSW24_hsp,18,15,17.413000,2.273000,-15.140000,5i RONT
953,CSW24_hsp,19,19,16.927000,2.190000,-14.737000,5i TOLT
953,CSW24_hsp,20,43,12.212000,2.172000,-10.040000,8m TIN
953,CSW24_hsp,21,42,12.212000,1.940000,-10.272000,8m NIT
953,CSW24_hsp,22,21,16.551000,1.750000,-14.801000,5i TORT
953,CSW24_hsp,23,22,16.418000,1.699000,-14.719000,5i ROTL
953,CSW24_hsp,24,51,11.455000,1.493000,-9.962000,8m TIL
953,CSW24_hsp,25,50,11.455000,1.095000,-10.360000,8m LIT
973,CSW24_hsp,1,1,70.249000,65.043000,-5.206000,h12 MIXY
973,CSW24_hsp,2,2,58.508000,52.978000,-5.530000,h12 MAXI
973,CSW24_hsp,3,3,56.667000,51.340000,-5.327000,h12 MIXT
973,CSW24_hsp,4,4,56.481000,50.874000,-5.607000,h11 AMITY
973,CSW24_hsp,5,5,51.615000,45.944000,-5.671000,h12 MITY
973,CSW24_hsp,6,6,50.404000,44.546000,-5.858000,h12 MATY
973,CSW24_hsp,7,7,41.684000,35.617000,-6.067000,h12 MITE
973,CSW24_hsp,8,10,38.942000,32.720000,-6.222000,h12 META
973,CSW24_hsp,9,9,38.942000,32.684000,-6.258000,h12 MEAT
973,CSW24_hsp,10,8,38.942000,32.611000,-6.331000,h12 MATE
973,CSW24_hsp,11,11,37.221000,32.235000,-4.986000,9f MAXI
973,CSW24_hsp,12,12,36.006000,31.007000,-4.999000,9d YATE
973,CSW24_hsp,13,16,33.396000,28.338000,-5.058000,9e AXE
973,CSW24_hsp,14,13,35.405000,28.313000,-7.092000,9d YEX
973,CSW24_hsp,15,18,32.852000,28.005000,-4.847000,9f TAXI
973,CSW24_hsp,16,17,33.358000,28.004000,-5.354000,9f YETI
973,CSW24_hsp,17,20,32.358000,27.216000,-5.142000,9e TYE
973,CSW24_hsp,18,23,31.934000,25.916000,-6.018000,9d AMIE
973,CSW24_hsp,19,15,34.405000,25.865000,-8.540000,9c YEX
973,CSW24_hsp,20,25,31.672000,25.407000,-6.265000,9f YA
973,CSW24_hsp,21,24,31.768000,25.376000,-6.392000,9g EXIT
973,CSW24_hsp,22,29,30.480000,24.932000,-5.548000,h7 YEX
973,CSW24_hsp,23,22,32.110000,24.515000,-7.595000,9g AXITE
973,CSW24_hsp,24,26,31.404000,24.026000,-7.378000,9g AMITY
973,CSW24_hsp,25,19,32.508000,23.718000,-8.790000,9c MAXI
774,CSW24_hsp,1,1,12.591000,5.054000,-7.537000,13h OBO
774,CSW24_hsp,2,3,10.403000,4.725000,-5.678000,15h OBIED
774,CSW24_hsp,3,2,10.572000,3.354000,-7.218000,f10 BIRO
774,CSW24_hsp,4,4,9.721000,2.190000,-7.531000,13h OBE
774,CSW24_hsp,5,6,8.603000,0.604000,-7.999000,4b EUOI
774,CSW24_hsp,6,7,7.533000,-0.338000,-7.871000,13i IO
774,CSW24_hsp,7,8,7.428000,-0.798000,-8.226000,i1 NOOIT
774,CSW24_hsp,8,13,4.234000,-1.366000,-5.600000,15h BOOED
774,CSW24_hsp,9,5,9.603000,-2.236000,-11.839000,2a EUOI
774,CSW24_hsp,10,11,4.893000,-2.603000,-7.496000,10b BOOAI
774,CSW24_hsp,11,9,7.265000,-3.109000,-10.374000,f11 ORIBI
774,CSW24_hsp,12,10,5.428000,-3.468000,-8.896000,2h MOOI
774,CSW24_hsp,13,12,4.533000,-3.972000,-8.505000,13h OI
774,CSW24_hsp,14,14,3.009000,-4.532000,-7.541000,13i BO
774,CSW24_hsp,15,34,-0.409000,-4.963000,-4.554000,15l DOOB
774,CSW24_hsp,16,15,1.721000,-5.650000,-7.371000,f10 BORE
774,CSW24_hsp,17,19,1.572000,-5.927000,-7.499000,4j BOI
774,CSW24_hsp,18,18,1.572000,-5.945000,-7.517000,4j BIO
774,CSW24_hsp,19,40,-1.582000,-6.076000,-4.494000,15l DIEB
774,CSW24_hsp,20,31,-0.314000,-6.079000,-5.765000,h12 PUBE
774,CSW24_hsp,21,17,1.572000,-6.688000,-8.260000,2b BOI
774,CSW24_hsp,22,16,1.572000,-6.796000,-8.368000,2b BIO
774,CSW24_hsp,23,23,0.572000,-7.420000,-7.992000,4c BOI
774,CSW24_hsp,24,21,0.621000,-7.436000,-8.057000,j5 EUOI
774,CSW24_hsp,25,24,0.533000,-7.778000,-8.311000,2h MOI
1133,CSW24_hsp,1,1,39.312000,28.887000,-10.425000,5k WACKE
1133,CSW24_hsp,2,6,33.323000,25.961000,-7.362000,o1 WISE
1133,CSW24_hsp,3,2,35.574000,24.424000,-11.150000,5k WEAK
1133,CSW24_hsp,4,8,31.523000,24.167000,-7.356000,o1 WASE
1133,CSW24_hsp,5,4,34.336000,23.357000,-10.979000,15g WEISE
1133,CSW24_hsp,6,17,30.495000,23.037000,-7.458000,o1 WE
1133,CSW24_hsp,7,5,33.544000,22.400000,-11.144000,5k WEEK
1133,CSW24_hsp,8,3,34.574000,21.701000,-12.873000,g13 WAE
1133,CSW24_hsp,9,7,32.323000,21.392000,-10.931000,15h WISE
1133,CSW24_hsp,10,9,31.383000,21.303000,-10.080000,4l WINE
1133,CSW24_hsp,11,10,31.320000,20.441000,-10.879000,5k CAWK
1133,CSW24_hsp,12,11,31.320000,20.434000,-10.886000,5k WACK
1133,CSW24_hsp,13,13,30.663000,19.845000,-10.818000,5k WICK
1133,CSW24_hsp,14,29,28.544000,19.734000,-8.810000,o6 WERE
1133,CSW24_hsp,15,16,30.523000,19.603000,-10.920000,15h WASE
1133,CSW24_hsp,16,15,30.523000,19.560000,-10.963000,15g WAES
1133,CSW24_hsp,17,14,30.523000,19.467000,-11.056000,15g AWES
1133,CSW24_hsp,18,18,30.383000,19.449000,-10.934000,m8 VIEW
1133,CSW24_hsp,19,23,29.574000,19.345000,-10.229000,4l WENA
1133,CSW24_hsp,20,22,29.574000,19.333000,-10.241000,4l WANE
1133,CSW24_hsp,21,25,29.495000,19.270000,-10.225000,k10 WEE
1133,CSW24_hsp,22,24,29.495000,19.162000,-10.333000,9k WE
1133,CSW24_hsp,23,26,29.471000,18.979000,-10.492000,e5 WIPE
1133,CSW24_hsp,24,21,29.948000,18.978000,-10.970000,15g WEES
1133,CSW24_hsp,25,28,28.574000,18.936000,-9.638000,10h ALOWE
603,CSW24_hsp,1,1,29.839000,24.013000,-5.826000,8l ONER
603,CSW24_hsp,2,2,25.596000,13.915000,-11.681000,14l NEE
603,CSW24_hsp,3,7,17.596000,11.301000,-6.295000,8m NEE
603,CSW24_hsp,4,6,17.596000,11.248000,-6.348000,8m EEN
603,CSW24_hsp,5,8,17.380000,6.995000,-10.385000,8j ERE
603,CSW24_hsp,6,30,13.163000,6.681000,-6.482000,8n ER
603,CSW24_hsp,7,3,20.380000,6.578000,-13.802000,14m REE
603,CSW24_hsp,8,10,16.596000,6.230000,-10.366000,8j ORE
603,CSW24_hsp,9,9,17.380000,6.039000,-11.341000,10m REE
603,CSW24_hsp,10,4,19.596000,5.903000,-13.693000,14m REO
603,CSW24_hsp,11,5,19.596000,5.898000,-13.698000,14m ROE
603,CSW24_hsp,12,15,15.839000,5.615000,-10.224000,7j ONER
603,CSW24_hsp,13,11,16.596000,5.299000,-11.297000,10m ROE
603,CSW24_hsp,14,18,15.596000,5.192000,-10.404000,7j ORE
603,CSW24_hsp,15,51,11.535000,5.019000,-6.516000,8n EE
603,CSW24_hsp,16,13,16.380000,4.917000,-11.463000,13g REE
603,CSW24_hsp,17,12,16.380000,4.826000,-11.554000,13g ERE
603,CSW24_hsp,18,16,15.839000,4.766000,-11.073000,8k RONE
603,CSW24_hsp,19,23,15.380000,4.352000,-11.028000,8k REE
603,CSW24_hsp,20,22,15.596000,4.250000,-11.346000,13g REO
603,CSW24_hsp,21,27,14.540000,4.078000,-10.462000,7h REO
603,CSW24_hsp,22,21,15.596000,3.835000,-11.761000,13g ORE
603,CSW24_hsp,23,26,14.596000,3.754000,-10.842000,8k ROE
603,CSW24_hsp,24,14,16.086000,2.965000,-13.121000,n11 NEPER
603,CSW24_hsp,25,19,15.596000,2.742000,-12.854000,n11 REPO
881,CSW24_hsp,1,1,35.575000,30.064000,-5.511000,7f SUK
881,CSW24_hsp,2,2,34.935000,29.657000,-5.278000,n5 LUKE
881,CSW24_hsp,3,4,34.407000,28.534000,-5.873000,10g LUSK
881,CSW24_hsp,4,3,34.901000,27.955000,-6.946000,3c KULA
881,CSW24_hsp,5,6,33.598000,27.633000,-5.965000,10g TUSK
881,CSW24_hsp,6,10,32.876000,27.547000,-5.329000,n5 KI
881,CSW24_hsp,7,5,34.042000,27.131000,-6.911000,10f KUE
881,CSW24_hsp,8,13,32.042000,26.905000,-5.137000,n4 UKE
881,CSW24_hsp,9,14,32.042000,26.661000,-5.381000,n5 KUE
881,CSW24_hsp,10,7,33.133000,26.453000,-6.680000,3c KUIA
881,CSW24_hsp,11,9,32.876000,26.395000,-6.481000,g1 KI
881,CSW24_hsp,12,8,32.971000,26.133000,-6.838000,h8 AMU
881,CSW24_hsp,13,15,32.042000,26.043000,-5.999000,n6 UKE
881,CSW24_hsp,14,16,31.971000,25.995000,-5.976000,j1 NU
881,CSW24_hsp,15,17,31.750000,25.818000,-5.932000,10f KUES
881,CSW24_hsp,16,18,31.544000,25.638000,-5.906000,2k KI
881,CSW24_hsp,17,12,32.067000,25.065000,-7.002000,3c KUTA
881,CSW24_hsp,18,20,30.971000,24.801000,-6.170000,6n Ut
881,CSW24_hsp,19,22,30.092000,24.769000,-5.323000,n5 LIKE
881,CSW24_hsp,20,23,30.088000,24.603000,-5.485000,n5 KIT
881,CSW24_hsp,21,21,30.125000,24.577000,-5.548000,7f SIK
881,CSW24_hsp,22,24,30.088000,24.571000,-5.517000,n5 TIK
881,CSW24_hsp,23,19,31.042000,24.305000,-6.737000,n8 EUK
881,CSW24_hsp,24,25,30.075000,24.006000,-6.069000,10g LISK
881,CSW24_hsp,25,26,29.971000,23.758000,-6.213000,4n UR
1182,CSW24_hsp,1,1,72.000000,66.078000,-5.922000,4h IRRIGATE
1182,CSW24_hsp,2,3,28.688000,22.445000,-6.243000,e5 GRIG
1182,CSW24_hsp,3,2,29.053000,22.203000,-6.850000,7h GAIR
1182,CSW24_hsp,4,5,26.441000,21.169000,-5.272000,n8 GAE
1182,CSW24_hsp,5,4,26.688000,19.723000,-6.965000,6g GRIZE
1182,CSW24_hsp,6,8,24.688000,18.312000,-6.376000,n5 RIG
1182,CSW24_hsp,7,10,24.053000,17.164000,-6.889000,6h GAZER
1182,CSW24_hsp,8,9,24.053000,16.999000,-7.054000,6g GRAZE
1182,CSW24_hsp,9,16,22.327000,16.918000,-5.409000,n8 TAE
1182,CSW24_hsp,10,6,24.869000,16.662000,-8.207000,n2 AIGRET
1182,CSW24_hsp,11,11,23.053000,16.184000,-6.869000,j2 RAG
1182,CSW24_hsp,12,15,22.396000,15.643000,-6.753000,l6 ERG
1182,CSW24_hsp,13,17,22.053000,15.639000,-6.414000,n5 RAG
1182,CSW24_hsp,14,7,24.778000,15.577000,-9.201000,n2 TRAGI
1182,CSW24_hsp,15,19,21.848000,15.333000,-6.515000,3k WIG
1182,CSW24_hsp,16,18,21.936000,15.092000,-6.844000,l6 ARTIC
1182,CSW24_hsp,17,14,22.506000,14.335000,-8.171000,3h EARWIG
1182,CSW24_hsp,18,22,20.698000,14.273000,-6.425000,7i GIRT
1182,CSW24_hsp,19,23,20.572000,14.183000,-6.389000,4j RIG
1182,CSW24_hsp,20,24,20.514000,14.065000,-6.449000,e5 TRIG
1182,CSW24_hsp,21,20,21.792000,13.985000,-7.807000,n2 GARRET
1182,CSW24_hsp,22,21,20.778000,13.788000,-6.990000,4h ARTIGI
1182,CSW24_hsp,23,26,20.027000,13.577000,-6.450000,l6 AG
1182,CSW24_hsp,24,25,20.207000,12.923000,-7.284000,7i AIR
1182,CSW24_hsp,25,42,18.970000,12.684000,-6.286000,7i GIRR
794,CSW24_hsp,1,1,39.854000,31.460000,-8.394000,1f CAMOODI
794,CSW24_hsp,2,2,32.536000,24.110000,-8.426000,1g COMEDO
794,CSW24_hsp,3,3,30.103000,21.661000,-8.442000,1g COMADE
794,CSW24_hsp,4,4,29.536000,20.842000,-8.694000,1f COOMED
794,CSW24_hsp,5,5,28.232000,19.404000,-8.828000,1k DOOCE
794,CSW24_hsp,6,8,26.843000,18.031000,-8.812000,1h AMIDO
794,CSW24_hsp,7,10,26.080000,17.650000,-8.430000,1k DOMIC
794,CSW24_hsp,8,6,27.529000,17.434000,-10.095000,j2 MOON
794,CSW24_hsp,9,7,26.854000,16.365000,-10.489000,e9 OOMIAC
794,CSW24_hsp,10,12,25.259000,16.364000,-8.895000,1k DEMOI
794,CSW24_hsp,11,13,25.232000,16.330000,-8.902000,1g COOED
794,CSW24_hsp,12,9,26.568000,15.581000,-10.987000,4i OOMIAC
794,CSW24_hsp,13,14,25.180000,15.058000,-10.122000,j2 MOAN
794,CSW24_hsp,14,15,23.948000,14.951000,-8.997000,1g MOOED
794,CSW24_hsp,15,20,22.702000,13.679000,-9.023000,h1 COMAL
794,CSW24_hsp,16,11,25.522000,13.279000,-12.243000,3i COREMIA
794,CSW24_hsp,17,17,23.180000,12.460000,-10.720000,j1 OMA
794,CSW24_hsp,18,30,20.529000,11.445000,-9.084000,1h MOOD
794,CSW24_hsp,19,16,23.917000,11.409000,-12.508000,m3 CAMOODI
794,CSW24_hsp,20,21,22.259000,11.219000,-11.040000,4i MIMEO
794,CSW24_hsp,21,19,22.854000,11.179000,-11.675000,e10 OOMIAC
794,CSW24_hsp,22,23,21.686000,10.906000,-10.780000,j1 EMO
794,CSW24_hsp,23,25,21.529000,10.753000,-10.776000,d11 MOO
794,CSW24_hsp,24,45,19.055000,10.601000,-8.454000,1k DEMIC
794,CSW24_hsp,25,18,22.871000,10.580000,-12.291000,12j OOMIAC
1154,CSW24_hsp,1,1,64.212000,51.843000,-12.369000,b2 FATED
1154,CSW24_hsp,2,2,62.000000,49.923000,-12.077000,m8 DATAFILe
1154,CSW24_hsp,3,3,58.030000,45.290000,-12.740000,b3 ALEF
1154,CSW24_hsp,4,4,57.513000,45.187000,-12.326000,6a OFT
1154,CSW24_hsp,5,5,57.188000,44.683000,-12.505000,b4 DEF
1154,CSW24_hsp,6,6,55.513000,43.020000,-12.493000,b4 TEF
1154,CSW24_hsp,7,8,54.444000,41.024000,-13.420000,b2 LATED
1154,CSW24_hsp,8,10,52.399000,40.116000,-12.283000,6a OF
1154,CSW24_hsp,9,9,53.231000,39.992000,-13.239000,3a DAFF
1154,CSW24_hsp,10,7,54.727000,39.113000,-15.614000,b1 ALATED
1154,CSW24_hsp,11,11,52.212000,38.770000,-13.442000,b8 DAFT
1154,CSW24_hsp,12,12,49.304000,36.815000,-12.489000,14m FAT
1154,CSW24_hsp,13,15,49.006000,36.431000,-12.575000,6a ODA
1154,CSW24_hsp,14,14,49.212000,36.021000,-13.191000,c11 FATED
1154,CSW24_hsp,15,13,49.231000,36.001000,-13.230000,b8 FAD
1154,CSW24_hsp,16,16,48.847000,35.478000,-13.369000,k11 FAULD
1154,CSW24_hsp,17,33,46.212000,34.527000,-11.685000,15i DAFT
1154,CSW24_hsp,18,23,47.188000,34.426000,-12.762000,b4 FED
1154,CSW24_hsp,19,25,47.006000,34.298000,-12.708000,h6 DAE
1154,CSW24_hsp,20,26,47.006000,34.209000,-12.797000,g11 AD
1154,CSW24_hsp,21,19,47.539000,34.197000,-13.342000,b3 TAED
1154,CSW24_hsp,22,22,47.231000,34.178000,-13.053000,c11 FADE
1154,CSW24_hsp,23,20,47.231000,34.131000,-13.100000,b2 FADE
1154,CSW24_hsp,24,17,47.713000,34.108000,-13.605000,b9 AFT
1154,CSW24_hsp,25,24,47.006000,33.816000,-13.190000,e1 AD
631,CSW24_hsp,1,1,65.000000,51.000000,-14.000000,i6 SORBITES
631,CSW24_hsp,2,2,65.000000,50.716000,-14.284000,i7 BROSIEST
631,CSW24_hsp,3,3,38.901000,32.475000,-6.426000,7l SOB
631,CSW24_hsp,4,5,37.652000,31.327000,-6.325000,9m OB
631,CSW24_hsp,5,6,35.901000,30.948000,-4.953000,9m OBS
631,CSW24_hsp,6,4,37.652000,30.910000,-6.742000,7m OB
631,CSW24_hsp,7,7,35.652000,28.559000,-7.093000,7i OB
631,CSW24_hsp,8,12,33.652000,28.067000,-5.585000,7n BO
631,CSW24_hsp,9,9,34.652000,26.951000,-7.701000,j6 BOA
631,CSW24_hsp,10,14,33.265000,26.813000,-6.452000,7g BIO
631,CSW24_hsp,11,11,33.652000,26.764000,-6.888000,7g BO
631,CSW24_hsp,12,8,34.901000,26.732000,-8.169000,k8 COBS
631,CSW24_hsp,13,13,33.652000,26.688000,-6.964000,9g BO
631,CSW24_hsp,14,10,34.652000,26.040000,-8.612000,n6 BOA
631,CSW24_hsp,15,29,30.509000,25.834000,-4.675000,9m OBE
631,CSW24_hsp,16,28,30.509000,24.913000,-5.596000,7m OBE
631,CSW24_hsp,17,21,31.652000,24.674000,-6.978000,m8 MOB
631,CSW24_hsp,18,15,32.652000,24.573000,-8.079000,i7 BRO
631,CSW24_hsp,19,16,32.652000,24.505000,-8.147000,i7 ORB
631,CSW24_hsp,20,34,29.853000,23.983000,-5.870000,o7 BE
631,CSW24_hsp,21,19,31.652000,23.882000,-7.770000,l6 BOH
631,CSW24_hsp,22,20,31.652000,23.851000,-7.801000,l8 HOB
631,CSW24_hsp,23,27,30.549000,23.779000,-6.770000,7l SO
631,CSW24_hsp,24,35,29.853000,23.262000,-6.591000,j8 AB
631,CSW24_hsp,25,54,28.370000,23.252000,-5.118000,9l IOS
609,CSW24_hsp,1,2,23.927000,17.054000,-6.873000,3b OLEO
609,CSW24_hsp,2,1,24.005000,16.959000,-7.046000,7a cON
609,CSW24_hsp,3,3,23.888000,16.572000,-7.316000,n8 ONO
609,CSW24_hsp,4,4,22.244000,15.226000,-7.018000,j8 TOO
609,CSW24_hsp,5,5,21.380000,14.580000,-6.800000,3b OLEA
609,CSW24_hsp,6,6,20.888000,13.953000,-6.935000,b8 NOO
609,CSW24_hsp,7,8,20.244000,13.379000,-6.865000,h7 OBO
609,CSW24_hsp,8,10,19.888000,12.595000,-7.293000,n9 OON
609,CSW24_hsp,9,9,19.888000,12.436000,-7.452000,n9 NOO
609,CSW24_hsp,10,11,19.244000,11.951000,-7.293000,n9 OO
609,CSW24_hsp,11,14,18.750000,11.708000,-7.042000,7a cOR
609,CSW24_hsp,12,17,18.244000,11.170000,-7.074000,b9 OO
609,CSW24_hsp,13,16,18.244000,11.030000,-7.214000,i1 OO
609,CSW24_hsp,14,23,17.787000,10.899000,-6.888000,b8 ROO
609,CSW24_hsp,15,18,18.169000,10.763000,-7.406000,n9 NOLO
609,CSW24_hsp,16,19,18.005000,10.742000,-7.263000,3b ONE
609,CSW24_hsp,17,22,17.888000,10.540000,-7.348000,c11 TOON
609,CSW24_hsp,18,21,17.888000,10.155000,-7.733000,n10 OON
609,CSW24_hsp,19,20,17.888000,9.969000,-7.919000,n10 ONO
609,CSW24_hsp,20,25,16.927000,9.603000,-7.324000,c11 TOOL
609,CSW24_hsp,21,28,16.787000,9.555000,-7.232000,n9 OOR
609,CSW24_hsp,22,24,17.244000,9.502000,-7.742000,n10 OO
609,CSW24_hsp,23,15,18.362000,9.362000,-9.000000,n10 ORLON
609,CSW24_hsp,24,12,18.780000,9.332000,-9.448000,n10 ALONE
609,CSW24_hsp,25,7,20.522000,9.326000,-11.196000,n9 RELOAN
685,CSW24_hsp,1,1,38.478000,18.635000,-19.843000,l1 WILY
685,CSW24_hsp,2,7,27.524000,16.561000,-10.963000,i5 WIDDY
685,CSW24_hsp,3,3,32.394000,14.907000,-17.487000,l9 WIELDY
685,CSW24_hsp,4,2,32.478000,11.208000,-21.270000,12l WILY
685,CSW24_hsp,5,4,31.437000,11.182000,-20.255000,l1 DIDY
685,CSW24_hsp,6,5,28.958000,8.586000,-20.372000,l1 IDLY
685,CSW24_hsp,7,8,26.437000,6.998000,-19.439000,8k TIDDY
685,CSW24_hsp,8,6,27.749000,6.481000,-21.268000,12l WILD
685,CSW24_hsp,9,19,17.958000,5.330000,-12.628000,i7 IDYLl
685,CSW24_hsp,10,10,22.749000,5.264000,-17.485000,l9 WIELD
685,CSW24_hsp,11,22,17.437000,5.134000,-12.303000,i6 DIDY
685,CSW24_hsp,12,9,25.437000,4.124000,-21.313000,12l DIDY
685,CSW24_hsp,13,14,18.749000,3.966000,-14.783000,h5 WILED
685,CSW24_hsp,14,11,22.227000,3.344000,-18.883000,e3 WIDDIE
685,CSW24_hsp,15,24,16.749000,2.872000,-13.877000,i5 WILD
685,CSW24_hsp,16,20,17.749000,2.502000,-15.247000,9e WIELD
685,CSW24_hsp,17,13,19.062000,1.638000,-17.424000,h5 WIDE
685,CSW24_hsp,18,21,17.478000,0.936000,-16.542000,10b WILY
685,CSW24_hsp,19,18,18.086000,0.689000,-17.397000,e4 WILDED
685,CSW24_hsp,20,16,18.394000,0.297000,-18.097000,9i WIELDY
685,CSW24_hsp,21,12,21.134000,-0.181000,-21.315000,12l WILI
685,CSW24_hsp,22,26,16.394000,-0.422000,-16.816000,i9 WIlDLY
685,CSW24_hsp,23,39,13.958000,-0.577000,-14.535000,i8 DILlY
685,CSW24_hsp,24,17,18.086000,-0.729000,-18.815000,e3 WIDDLE
685,CSW24_hsp,25,38,14.294000,-0.998000,-15.292000,9f DEWY
690,CSW24_hsp,1,1,31.538000,29.146000,-2.392000,14j KONINI
690,CSW24_hsp,2,2,23.970000,23.105000,-0.865000,n12 NOOK
690,CSW24_hsp,3,4,16.229000,14.598000,-1.631000,n10 OUK
690,CSW24_hsp,4,3,16.871000,14.404000,-2.467000,3g OURN
690,CSW24_hsp,5,6,15.767000,13.973000,-1.794000,4d IKON
690,CSW24_hsp,6,5,16.137000,13.849000,-2.288000,4c UNION
690,CSW24_hsp,7,7,14.171000,12.451000,-1.720000,n13 OK
690,CSW24_hsp,8,8,13.767000,11.555000,-2.212000,4c KINO
690,CSW24_hsp,9,9,13.229000,10.957000,-2.272000,k11 OUK
690,CSW24_hsp,10,10,13.164000,10.708000,-2.456000,4c ONION
690,CSW24_hsp,11,11,13.137000,10.592000,-2.545000,k11 UNION
690,CSW24_hsp,12,13,12.767000,10.530000,-2.237000,k11 OINK
690,CSW24_hsp,13,12,12.767000,10.416000,-2.351000,k11 IKON
690,CSW24_hsp,14,14,12.681000,10.237000,-2.444000,3f INURN
690,CSW24_hsp,15,17,11.089000,9.328000,-1.761000,n12 NOON
690,CSW24_hsp,16,15,11.736000,9.207000,-2.529000,4d NOUN
690,CSW24_hsp,17,16,11.229000,9.092000,-2.137000,m11 OUK
690,CSW24_hsp,18,20,10.694000,8.943000,-1.751000,6k OINK
690,CSW24_hsp,19,18,10.767000,8.810000,-1.957000,m11 IKON
690,CSW24_hsp,20,22,10.171000,8.663000,-1.508000,n14 OK
690,CSW24_hsp,21,19,10.767000,8.613000,-2.154000,m11 OINK
690,CSW24_hsp,22,21,10.316000,7.904000,-2.412000,3h URN
690,CSW24_hsp,23,28,9.263000,7.649000,-1.614000,n10 OIK
690,CSW24_hsp,24,23,10.164000,7.607000,-2.557000,k11 ONION
690,CSW24_hsp,25,27,9.452000,7.383000,-2.069000,n13 OON
742,CSW24_hsp,1,1,83.000000,77.004000,-5.996000,h1 OVARIOlE
742,CSW24_hsp,2,2,68.000000,56.653000,-11.347000,g7 OBVIAtOR
742,CSW24_hsp,3,8,46.168000,39.872000,-6.296000,1f AVO
742,CSW24_hsp,4,15,44.252000,38.782000,-5.470000,1e VARIA
742,CSW24_hsp,5,3,50.686000,37.769000,-12.917000,b13 OO
742,CSW24_hsp,6,21,42.989000,37.276000,-5.713000,1f ARVO
742,CSW24_hsp,7,4,48.989000,36.244000,-12.745000,b13 OI
742,CSW24_hsp,8,6,47.634000,36.209000,-11.425000,b9 OVA
742,CSW24_hsp,9,5,47.634000,36.171000,-11.463000,b9 AVO
742,CSW24_hsp,10,12,44.989000,33.281000,-11.708000,g1 IO
742,CSW24_hsp,11,39,39.526000,33.268000,-6.258000,1f AVI
742,CSW24_hsp,12,11,45.372000,32.886000,-12.486000,b8 RIVO
742,CSW24_hsp,13,25,41.607000,32.705000,-8.902000,d2 VOAR
742,CSW24_hsp,14,49,38.760000,32.330000,-6.430000,1f AVA
742,CSW24_hsp,15,7,47.342000,32.045000,-15.297000,b13 OOR
742,CSW24_hsp,16,24,41.686000,31.637000,-10.049000,7g OO
742,CSW24_hsp,17,9,46.046000,31.390000,-14.656000,6a AVION
742,CSW24_hsp,18,76,36.988000,31.254000,-5.734000,1e VARA
742,CSW24_hsp,19,20,43.627000,31.236000,-12.391000,14b OF
742,CSW24_hsp,20,78,36.705000,31.188000,-5.517000,1e VAIR
742,CSW24_hsp,21,84,36.522000,31.048000,-5.474000,1c AVIAtOR
742,CSW24_hsp,22,14,44.607000,30.604000,-14.003000,b8 ARVO
742,CSW24_hsp,23,13,44.627000,30.419000,-14.208000,2f ZO
742,CSW24_hsp,24,23,42.096000,30.099000,-11.997000,i4 OVOID
742,CSW24_hsp,25,30,40.686000,29.962000,-10.724000,7h OO
1037,CSW24_hsp,1,1,84.000000,79.332000,-4.668000,a9 NARDINE
1037,CSW24_hsp,2,2,73.000000,63.479000,-9.521000,c9 NARDINE
1037,CSW24_hsp,3,3,28.622000,22.132000,-6.490000,a10 ENDRIN
1037,CSW24_hsp,4,6,27.778000,20.853000,-6.925000,c9 DINNA
1037,CSW24_hsp,5,5,27.869000,20.667000,-7.202000,a10 DINNAE
1037,CSW24_hsp,6,4,27.971000,20.104000,-7.867000,b2 AN
1037,CSW24_hsp,7,9,26.891000,20.030000,-6.861000,a10 DENARI
1037,CSW24_hsp,8,8,26.971000,19.952000,-7.019000,f5 AN
1037,CSW24_hsp,9,10,26.622000,19.845000,-6.777000,a10 DINNER
1037,CSW24_hsp,10,11,26.284000,19.590000,-6.694000,f5 ANION
1037,CSW24_hsp,11,15,25.891000,19.096000,-6.795000,a10 AIRNED
1037,CSW24_hsp,12,14,25.971000,18.692000,-7.279000,j5 NA
1037,CSW24_hsp,13,17,25.869000,18.492000,-7.377000,c9 DINNAE
1037,CSW24_hsp,14,21,25.119000,18.279000,-6.840000,c9 DINAR
1037,CSW24_hsp,15,22,25.119000,18.196000,-6.923000,c9 DRAIN
1037,CSW24_hsp,16,20,25.187000,18.176000,-7.011000,6e ON
1037,CSW24_hsp,17,18,25.622000,18.138000,-7.484000,11b ENDRIN
1037,CSW24_hsp,18,7,27.705000,18.033000,-9.672000,2j JINNE
1037,CSW24_hsp,19,32,24.187000,17.812000,-6.375000,9b EN
1037,CSW24_hsp,20,26,24.891000,17.793000,-7.098000,c9 DENARI
1037,CSW24_hsp,21,13,25.971000,17.581000,-8.390000,b1 NA
1037,CSW24_hsp,22,30,24.622000,17.481000,-7.141000,c9 DINNER
1037,CSW24_hsp,23,19,25.187000,17.431000,-7.756000,5g REEN
1037,CSW24_hsp,24,12,25.979000,17.425000,-8.554000,b1 DAN
1037,CSW24_hsp,25,25,24.971000,17.201000,-7.770000,k1 NA
639,CSW24_hsp,1,1,78.000000,74.536000,-3.464000,d1 PIERAGE
639,CSW24_hsp,2,3,30.465000,26.551000,-3.914000,d9 PAGE
639,CSW24_hsp,3,4,28.917000,25.088000,-3.829000,d9 PAGER
639,CSW24_hsp,4,2,30.778000,24.207000,-6.571000,b10 GAPIER
639,CSW24_hsp,5,5,26.345000,22.267000,-4.078000,14a GEEP
639,CSW24_hsp,6,6,26.258000,21.715000,-4.543000,12a PEEING
639,CSW24_hsp,7,8,25.514000,21.433000,-4.081000,d11 PIE
639,CSW24_hsp,8,10,25.341000,21.009000,-4.332000,d11 GIE
639,CSW24_hsp,9,14,23.446000,19.728000,-3.718000,d11 GIP
639,CSW24_hsp,10,13,23.922000,19.558000,-4.364000,d11 GAE
639,CSW24_hsp,11,12,23.922000,19.554000,-4.368000,d10 AGE
639,CSW24_hsp,12,16,23.242000,19.195000,-4.047000,d11 PEA
639,CSW24_hsp,13,15,23.242000,19.178000,-4.064000,d10 APE
639,CSW24_hsp,14,7,26.221000,19.087000,-7.134000,b10 PAIRER
639,CSW24_hsp,15,19,22.823000,18.765000,-4.058000,9e AGA
639,CSW24_hsp,16,17,22.966000,18.504000,-4.462000,d9 EAGER
639,CSW24_hsp,17,9,25.362000,18.443000,-6.919000,b10 GRIPER
639,CSW24_hsp,18,22,22.150000,18.400000,-3.750000,d11 GAP
639,CSW24_hsp,19,18,22.922000,18.304000,-4.618000,14a GAE
639,CSW24_hsp,20,23,21.679000,17.740000,-3.939000,m12 RIZA
639,CSW24_hsp,21,11,24.854000,17.339000,-7.515000,b9 GRAPIER
639,CSW24_hsp,22,21,22.514000,17.323000,-5.191000,6f PIET
639,CSW24_hsp,23,25,21.206000,17.061000,-4.145000,d10 APER
639,CSW24_hsp,24,26,21.206000,17.025000,-4.181000,d11 PERAI
639,CSW24_hsp,25,24,21.435000,16.968000,-4.467000,d10 AGEE
194,CSW24_hsp,1,1,24.301000,19.919000,-4.382000,k9 FOND
194,CSW24_hsp,2,4,22.506000,18.626000,-3.880000,k9 FONDED
194,CSW24_hsp,3,7,21.215000,17.313000,-3.902000,k9 FODDER
194,CSW24_hsp,4,8,21.215000,16.910000,-4.305000,k9 FORDED
194,CSW24_hsp,5,5,21.537000,16.748000,-4.789000,k9 FORD
194,CSW24_hsp,6,3,24.278000,16.223000,-8.055000,14l DEFT
194,CSW24_hsp,7,2,24.301000,15.715000,-8.586000,14l FEND
194,CSW24_hsp,8,10,20.511000,15.495000,-5.016000,k9 DOF
194,CSW24_hsp,9,14,19.527000,15.173000,-4.354000,k9 FORTED
194,CSW24_hsp,10,6,21.263000,13.767000,-7.496000,c10 FEND
194,CSW24_hsp,11,21,17.520000,13.668000,-3.852000,k9 FONDER
194,CSW24_hsp,12,9,20.511000,13.182000,-7.329000,9c DOF
194,CSW24_hsp,13,12,20.511000,13.096000,-7.415000,14l FED
194,CSW24_hsp,14,19,17.526000,13.089000,-4.437000,k9 FONT
194,CSW24_hsp,15,13,20.301000,13.050000,-7.251000,6c FEND
194,CSW24_hsp,16,11,20.511000,12.866000,-7.645000,14l DEF
194,CSW24_hsp,17,15,18.928000,11.258000,-7.670000,14h AGENTED
194,CSW24_hsp,18,16,18.526000,11.208000,-7.318000,9c FONT
194,CSW24_hsp,19,17,18.511000,10.856000,-7.655000,13g FEND
194,CSW24_hsp,20,18,18.278000,10.835000,-7.443000,6c DEFT
194,CSW24_hsp,21,35,15.463000,10.569000,-4.894000,k9 FORT
194,CSW24_hsp,22,23,17.161000,10.132000,-7.029000,6b FREED
194,CSW24_hsp,23,25,16.463000,9.130000,-7.333000,6c TERF
194,CSW24_hsp,24,24,16.463000,9.123000,-7.340000,6b FRET
194,CSW24_hsp,25,32,15.921000,9.100000,-6.821000,9d OFT
1041,CSW24_hsp,1,1,31.512000,23.345000,-8.167000,2f JOUAL
1041,CSW24_hsp,2,2,30.717000,22.942000,-7.775000,2f JOUR
1041,CSW24_hsp,3,3,29.792000,21.356000,-8.436000,2f JOURNAL
1041,CSW24_hsp,4,4,28.586000,20.898000,-7.688000,h13 RAJ
1041,CSW24_hsp,5,5,27.586000,19.911000,-7.675000,4b JINGO
1041,CSW24_hsp,6,6,27.245000,19.824000,-7.421000,2m JOB
1041,CSW24_hsp,7,7,26.776000,19.447000,-7.329000,6d RAJ
1041,CSW24_hsp,8,8,26.251000,18.792000,-7.459000,4b JONG
1041,CSW24_hsp,9,10,25.245000,18.213000,-7.032000,7b JO
1041,CSW24_hsp,10,9,25.245000,17.924000,-7.321000,4c JOG
1041,CSW24_hsp,11,11,23.914000,16.310000,-7.604000,f2 JAI
1041,CSW24_hsp,12,14,23.174000,15.753000,-7.421000,2m JIB
1041,CSW24_hsp,13,13,23.223000,15.542000,-7.681000,4b JIRGA
1041,CSW24_hsp,14,16,22.586000,15.339000,-7.247000,d3 JA
1041,CSW24_hsp,15,12,23.234000,15.221000,-8.013000,c10 GOJI
1041,CSW24_hsp,16,15,22.586000,15.165000,-7.421000,2m JAB
1041,CSW24_hsp,17,17,21.174000,13.853000,-7.321000,4c JIG
1041,CSW24_hsp,18,22,20.586000,13.560000,-7.026000,7b JA
1041,CSW24_hsp,19,19,21.053000,13.392000,-7.661000,n1 LORN
1041,CSW24_hsp,20,21,20.586000,13.265000,-7.321000,4c JAG
1041,CSW24_hsp,21,20,20.961000,12.921000,-8.040000,c10 GAJO
1041,CSW24_hsp,22,18,21.158000,12.903000,-8.255000,2g OUIJA
1041,CSW24_hsp,23,25,19.802000,12.553000,-7.249000,3g JOL
1041,CSW24_hsp,24,26,19.776000,12.550000,-7.226000,3g JOR
1041,CSW24_hsp,25,24,20.121000,12.425000,-7.696000,14i LA
1056,CSW24_hsp,1,1,79.000000,65.279000,-13.721000,m6 ROAdLESS
1056,CSW24_hsp,2,8,66.874000,60.615000,-6.259000,15a ARO
1056,CSW24_hsp,3,2,72.000000,60.501000,-11.499000,m5 RoSEOLAS
1056,CSW24_hsp,4,5,71.000000,59.995000,-11.005000,m5 SAfROLES
1056,CSW24_hsp,5,3,71.000000,59.983000,-11.017000,m5 ROSElLAS
1056,CSW24_hsp,6,4,71.000000,59.973000,-11.027000,m5 ROSEoLAS
1056,CSW24_hsp,7,7,68.000000,58.642000,-9.358000,c7 ReSEASON
1056,CSW24_hsp,8,6,68.000000,58.638000,-9.362000,c7 RESeASON
1056,CSW24_hsp,9,14,65.095000,58.583000,-6.512000,a12 SOFA
1056,CSW24_hsp,10,13,65.095000,58.560000,-6.535000,a12 OAFS
1056,CSW24_hsp,11,10,66.000000,57.953000,-8.047000,c8 cOARSENS
1056,CSW24_hsp,12,11,66.000000,57.797000,-8.203000,c8 hOARSENS
1056,CSW24_hsp,13,9,66.000000,57.762000,-8.238000,c8 ERASiONS
1056,CSW24_hsp,14,12,66.000000,57.741000,-8.259000,c8 tREASONS
1056,CSW24_hsp,15,15,64.170000,57.457000,-6.713000,15a AS
1056,CSW24_hsp,16,26,62.664000,56.405000,-6.259000,15a ERA
1056,CSW24_hsp,17,25,62.664000,56.378000,-6.286000,15a ARE
1056,CSW24_hsp,18,21,63.000000,56.327000,-6.673000,c5 SOAkERS
1056,CSW24_hsp,19,22,63.000000,56.314000,-6.686000,c5 SOApERS
1056,CSW24_hsp,20,23,63.000000,56.299000,-6.701000,c5 SOArERS
1056,CSW24_hsp,21,20,63.000000,56.295000,-6.705000,c5 SOARErS
1056,CSW24_hsp,22,18,63.000000,56.287000,-6.713000,c5 SEROSAl
1056,CSW24_hsp,23,17,63.000000,56.262000,-6.738000,c5 SEROSAe
1056,CSW24_hsp,24,24,63.000000,56.262000,-6.738000,c5 SeROSAE
1056,CSW24_hsp,25,16,63.000000,56.257000,-6.743000,c5 SAROSEs
935,CSW24_hsp,1,6,44.103000,38.665000,-5.438000,13g MEGA
935,CSW24_hsp,2,4,45.193000,38.348000,-6.845000,12b GAZE
935,CSW24_hsp,3,1,47.882000,37.606000,-10.276000,n6 ZEAS
935,CSW24_hsp,4,7,43.427000,37.304000,-6.123000,e4 MAZUT
935,CSW24_hsp,5,9,43.001000,36.920000,-6.081000,14e AM
935,CSW24_hsp,6,12,42.436000,36.834000,-5.602000,12g MAG
935,CSW24_hsp,7,10,42.741000,36.729000,-6.012000,8m MAG
935,CSW24_hsp,8,13,42.001000,36.100000,-5.901000,8m MAM
935,CSW24_hsp,9,3,45.510000,36.026000,-9.484000,12a AGAZE
935,CSW24_hsp,10,2,46.193000,35.786000,-10.407000,14a GAZE
935,CSW24_hsp,11,17,41.001000,35.053000,-5.948000,13i MA
935,CSW24_hsp,12,16,41.150000,35.010000,-6.140000,12d ZA
935,CSW24_hsp,13,19,40.193000,34.789000,-5.404000,13e GAZE
935,CSW24_hsp,14,15,41.656000,34.697000,-6.959000,12b MAZE
935,CSW24_hsp,15,18,40.741000,34.612000,-6.129000,14e AG
935,CSW24_hsp,16,14,41.717000,34.596000,-7.121000,n6 GAMS
935,CSW24_hsp,17,5,44.831000,33.700000,-11.131000,n6 ZEA
935,CSW24_hsp,18,8,43.079000,33.568000,-9.511000,12a AMAZE
935,CSW24_hsp,19,27,37.510000,32.071000,-5.439000,13d AGAZE
935,CSW24_hsp,20,26,37.741000,31.766000,-5.975000,12h AG
935,CSW24_hsp,21,31,36.878000,31.471000,-5.407000,13g GEM
935,CSW24_hsp,22,22,38.436000,31.192000,-7.244000,e4 GAMUT
935,CSW24_hsp,23,24,37.902000,31.015000,-6.887000,12b AGMA
935,CSW24_hsp,24,11,42.656000,30.952000,-11.704000,14a MAZE
935,CSW24_hsp,25,25,37.902000,30.718000,-7.184000,12b GAMA
1047,CSW24_hsp,1,1,30.109000,22.054000,-8.055000,f13 EKE
1047,CSW24_hsp,2,3,28.109000,20.233000,-7.876000,j9 EKE
1047,CSW24_hsp,3,4,27.023000,19.180000,-7.843000,j9 OKE
1047,CSW24_hsp,4,5,26.348000,17.669000,-8.679000,b14 KO
1047,CSW24_hsp,5,2,29.778000,17.438000,-12.340000,n8 PEKOE
1047,CSW24_hsp,6,8,25.109000,17.186000,-7.923000,n8 EEK
1047,CSW24_hsp,7,9,22.984000,16.620000,-6.364000,2m OES
1047,CSW24_hsp,8,6,26.086000,16.049000,-10.037000,n8 PEKE
1047,CSW24_hsp,9,7,25.839000,15.858000,-9.981000,n8 POKE
1047,CSW24_hsp,10,11,22.023000,14.402000,-7.621000,k7 OKE
1047,CSW24_hsp,11,10,22.109000,14.395000,-7.714000,f13 EEK
1047,CSW24_hsp,12,13,21.109000,13.959000,-7.150000,a10 EEK
1047,CSW24_hsp,13,15,20.109000,12.749000,-7.360000,j9 EEK
1047,CSW24_hsp,14,20,19.348000,12.679000,-6.669000,j9 OK
1047,CSW24_hsp,15,21,18.782000,12.242000,-6.540000,9d NEP
1047,CSW24_hsp,16,18,19.482000,11.958000,-7.524000,j9 OPE
1047,CSW24_hsp,17,12,22.020000,11.589000,-10.431000,9k POKER
1047,CSW24_hsp,18,16,19.782000,11.133000,-8.649000,b14 PE
1047,CSW24_hsp,19,27,17.361000,11.075000,-6.286000,9h KYE
1047,CSW24_hsp,20,22,18.482000,10.964000,-7.518000,k7 OPE
1047,CSW24_hsp,21,26,17.361000,10.955000,-6.406000,h8 OKE
1047,CSW24_hsp,22,19,19.361000,10.840000,-8.521000,14a EKED
1047,CSW24_hsp,23,31,16.984000,10.457000,-6.527000,k7 OE
1047,CSW24_hsp,24,30,17.109000,10.219000,-6.890000,a10 EKE
1047,CSW24_hsp,25,33,16.361000,9.983000,-6.378000,n3 EEK
80,CSW24_hsp,1,4,32.891000,25.507000,-7.384000,15n IO
80,CSW24_hsp,2,2,34.654000,21.913000,-12.741000,l3 OORIAL
80,CSW24_hsp,3,1,36.918000,21.750000,-15.168000,d11 VARIX
80,CSW24_hsp,4,3,33.251000,21.070000,-12.181000,l4 OXO
80,CSW24_hsp,5,5,32.751000,20.167000,-12.584000,l2 ORIXA
80,CSW24_hsp,6,6,30.780000,17.805000,-12.975000,f9 OXTAIL
80,CSW24_hsp,7,16,23.680000,15.298000,-8.382000,o12 LOBO
80,CSW24_hsp,8,8,26.681000,14.253000,-12.428000,4k AXIL
80,CSW24_hsp,9,9,26.485000,13.764000,-12.721000,l4 OX
80,CSW24_hsp,10,14,24.967000,12.727000,-12.240000,l5 ROIL
80,CSW24_hsp,11,7,27.751000,12.652000,-15.099000,j1 IXORA
80,CSW24_hsp,12,12,25.751000,12.511000,-13.240000,l2 IXORA
80,CSW24_hsp,13,13,25.485000,12.172000,-13.313000,d11 VOX
80,CSW24_hsp,14,15,24.185000,11.654000,-12.531000,l3 LOX
80,CSW24_hsp,15,17,23.437000,11.104000,-12.333000,l6 OIL
80,CSW24_hsp,16,10,25.751000,9.982000,-15.769000,l1 IXORA
80,CSW24_hsp,17,11,25.751000,9.877000,-15.874000,l1 ORIXA
80,CSW24_hsp,18,44,18.115000,9.742000,-8.373000,o12 LOBI
80,CSW24_hsp,19,18,22.485000,9.693000,-12.792000,i3 OX
80,CSW24_hsp,20,46,17.908000,9.289000,-8.619000,o13 OBO
80,CSW24_hsp,21,24,20.589000,8.785000,-11.804000,4j LAX
80,CSW24_hsp,22,32,19.751000,8.561000,-11.190000,j2 IXORA
80,CSW24_hsp,23,22,20.682000,8.290000,-12.392000,4k AX
80,CSW24_hsp,24,30,20.081000,8.244000,-11.837000,4j RAX
80,CSW24_hsp,25,27,20.296000,7.980000,-12.316000,l5 RIAL
1191,CSW24_hsp,1,1,26.549000,24.073000,-2.476000,i9 LINDY
1191,CSW24_hsp,2,3,20.613000,19.258000,-1.355000,d13 WHY
1191,CSW24_hsp,3,2,21.161000,19.189000,-1.972000,h1 HI
1191,CSW24_hsp,4,5,19.549000,18.630000,-0.919000,e10 LINDY
1191,CSW24_hsp,5,4,19.989000,17.559000,-2.430000,i9 LIND
1191,CSW24_hsp,6,6,19.273000,16.638000,-2.635000,3i VINYL
1191,CSW24_hsp,7,7,19.273000,16.517000,-2.756000,i9 LINY
1191,CSW24_hsp,8,8,17.374000,14.948000,-2.426000,i9 LID
1191,CSW24_hsp,9,9,17.171000,14.762000,-2.409000,i9 LIN
1191,CSW24_hsp,10,16,14.273000,13.100000,-1.173000,e10 LINY
1191,CSW24_hsp,11,10,15.299000,13.082000,-2.217000,h1 DI
1191,CSW24_hsp,12,11,15.138000,12.741000,-2.397000,9f ZEAL
1191,CSW24_hsp,13,12,14.769000,12.442000,-2.327000,d12 DIN
1191,CSW24_hsp,14,17,14.179000,12.414000,-1.765000,12c IDLY
1191,CSW24_hsp,15,18,14.179000,12.334000,-1.845000,12c IDYL
1191,CSW24_hsp,16,15,14.363000,12.161000,-2.202000,i9 LI
1191,CSW24_hsp,17,14,14.363000,12.076000,-2.287000,h1 LI
1191,CSW24_hsp,18,20,13.507000,12.022000,-1.485000,d12 NY
1191,CSW24_hsp,19,13,14.550000,11.847000,-2.703000,7f sPAWNY
1191,CSW24_hsp,20,22,12.989000,11.561000,-1.428000,e10 LIND
1191,CSW24_hsp,21,21,13.224000,11.208000,-2.016000,5h AGLY
1191,CSW24_hsp,22,19,14.001000,11.179000,-2.822000,7f sPAWN
1191,CSW24_hsp,23,23,12.769000,11.052000,-1.717000,d12 NID
1191,CSW24_hsp,24,24,12.550000,10.999000,-1.551000,d13 WYN
1191,CSW24_hsp,25,27,11.701000,9.866000,-1.835000,12c INDY
813,CSW24_hsp,1,2,83.788000,73.437000,-10.351000,h1 CRAZE
813,CSW24_hsp,2,1,84.439000,69.769000,-14.670000,n10 ZOECIA
813,CSW24_hsp,3,3,82.574000,69.639000,-12.935000,h12 ZERO
813,CSW24_hsp,4,4,70.536000,56.988000,-13.548000,12h ZOA
813,CSW24_hsp,5,5,69.999000,56.913000,-13.086000,h12 ZEES
813,CSW24_hsp,6,6,68.536000,55.739000,-12.797000,14n ZO
813,CSW24_hsp,7,7,65.439000,50.300000,-15.139000,12a COZIE
813,CSW24_hsp,8,8,63.703000,50.155000,-13.548000,12h ZEA
813,CSW24_hsp,9,10,61.703000,48.888000,-12.815000,14n ZE
813,CSW24_hsp,10,13,58.536000,47.758000,-10.778000,h1 ZOA
813,CSW24_hsp,11,9,62.151000,47.246000,-14.905000,12a COZE
813,CSW24_hsp,12,11,59.536000,46.731000,-12.805000,12c ZO
813,CSW24_hsp,13,14,58.408000,46.089000,-12.319000,j2 ZOOIER
813,CSW24_hsp,14,15,57.061000,44.019000,-13.042000,j2 ZO
813,CSW24_hsp,15,16,54.836000,43.934000,-10.902000,h1 IZAR
813,CSW24_hsp,16,17,54.818000,43.781000,-11.037000,h1 CZAR
813,CSW24_hsp,17,12,58.869000,43.526000,-15.343000,12a COZIES
813,CSW24_hsp,18,19,54.536000,42.438000,-12.098000,j2 ZOO
813,CSW24_hsp,19,21,53.836000,42.196000,-11.640000,8m RIZ
813,CSW24_hsp,20,22,53.496000,42.088000,-11.408000,o1 ZOS
813,CSW24_hsp,21,20,53.836000,41.630000,-12.206000,j2 ZORI
813,CSW24_hsp,22,25,51.703000,40.925000,-10.778000,h1 ZEA
813,CSW24_hsp,23,23,52.703000,39.941000,-12.762000,12c ZE
813,CSW24_hsp,24,18,54.723000,39.710000,-15.013000,12a COZES
813,CSW24_hsp,25,27,50.780000,39.186000,-11.594000,8m REZ
434,CSW24_hsp,1,1,84.000000,77.856000,-6.144000,e9 MoNKERY
434,CSW24_hsp,2,2,55.187000,53.187000,-2.000000,m5 REEKY
434,CSW24_hsp,3,3,55.187000,51.801000,-3.386000,e9 YERK
434,CSW24_hsp,4,4,53.757000,50.568000,-3.189000,e9 NYM
434,CSW24_hsp,5,5,53.025000,49.351000,-3.674000,e3 KYNE
434,CSW24_hsp,6,8,52.158000,49.301000,-2.857000,e5 KEY
434,CSW24_hsp,7,9,51.466000,49.143000,-2.323000,m5 MEEK
434,CSW24_hsp,8,6,52.673000,48.794000,-3.879000,e9 MERK
434,CSW24_hsp,9,7,52.187000,48.471000,-3.716000,e3 RYKE
434,CSW24_hsp,10,10,50.510000,46.149000,-4.361000,14n NY
434,CSW24_hsp,11,12,48.186000,45.728000,-2.458000,m5 REEK
434,CSW24_hsp,12,11,48.258000,45.240000,-3.018000,9k GYM
434,CSW24_hsp,13,16,47.070000,44.561000,-2.509000,m5 MEER
434,CSW24_hsp,14,17,47.025000,44.040000,-2.985000,g3 KYNE
434,CSW24_hsp,15,14,47.219000,44.011000,-3.208000,e5 KEN
434,CSW24_hsp,16,13,47.258000,43.940000,-3.318000,e9 MY
434,CSW24_hsp,17,15,47.158000,43.722000,-3.436000,e4 KYE
434,CSW24_hsp,18,20,46.301000,43.666000,-2.635000,m5 NEEM
434,CSW24_hsp,19,19,46.474000,43.509000,-2.965000,m7 ERK
434,CSW24_hsp,20,18,46.816000,43.243000,-3.573000,e9 NERK
434,CSW24_hsp,21,23,44.996000,42.379000,-2.617000,m5 MEE
434,CSW24_hsp,22,25,44.631000,42.299000,-2.332000,m6 EERY
434,CSW24_hsp,23,22,45.219000,41.868000,-3.351000,e9 NEK
434,CSW24_hsp,24,24,44.682000,41.175000,-3.507000,6b MEYNT
434,CSW24_hsp,25,26,44.510000,41.115000,-3.395000,i1 ONY
870,CSW24_hsp,1,1,65.000000,56.812000,-8.188000,3d LENItION
870,CSW24_hsp,2,3,59.000000,44.285000,-14.715000,2a tRIOLEIN
870,CSW24_hsp,3,2,59.000000,43.617000,-15.383000,2a IRONLIkE
870,CSW24_hsp,4,4,50.197000,42.005000,-8.192000,8m MOI
870,CSW24_hsp,5,5,48.478000,40.394000,-8.084000,l6 LIE
870,CSW24_hsp,6,8,47.197000,39.143000,-8.054000,3j ONIE
870,CSW24_hsp,7,7,47.685000,38.613000,-9.072000,4b VIOL
870,CSW24_hsp,8,6,48.265000,38.454000,-9.811000,4b VIOLIN
870,CSW24_hsp,9,12,46.197000,38.418000,-7.779000,1n OI
870,CSW24_hsp,10,10,46.450000,38.039000,-8.411000,1g LINO
870,CSW24_hsp,11,13,46.197000,37.911000,-8.286000,g5 IO
870,CSW24_hsp,12,15,45.330000,37.773000,-7.557000,a1 ION
870,CSW24_hsp,13,14,45.914000,37.759000,-8.155000,8m MIL
870,CSW24_hsp,14,9,47.090000,37.550000,-9.540000,4b VOILE
870,CSW24_hsp,15,19,45.197000,37.341000,-7.856000,l7 IO
870,CSW24_hsp,16,20,45.197000,37.231000,-7.966000,l8 OI
870,CSW24_hsp,17,11,46.330000,37.212000,-9.118000,4b VINO
870,CSW24_hsp,18,17,45.197000,37.106000,-8.091000,n6 IO
870,CSW24_hsp,19,18,45.197000,37.102000,-8.095000,n6 OI
870,CSW24_hsp,20,16,45.197000,36.992000,-8.205000,3i ION
870,CSW24_hsp,21,24,44.685000,36.313000,-8.372000,l8 OIL
870,CSW24_hsp,22,22,44.685000,36.168000,-8.517000,3h LION
870,CSW24_hsp,23,23,44.685000,36.124000,-8.561000,3h LOIN
870,CSW24_hsp,24,21,44.879000,36.059000,-8.820000,3g INION
870,CSW24_hsp,25,36,43.197000,35.900000,-7.297000,a1 IO
110,CSW24_hsp,1,1,80.000000,68.233000,-11.767000,c7 CLEAnSE
110,CSW24_hsp,2,2,80.000000,68.150000,-11.850000,c7 EuCLASE
110,CSW24_hsp,3,3,74.000000,62.274000,-11.726000,c8 CELEStA
110,CSW24_hsp,4,8,70.265000,61.160000,-9.105000,o1 SCALE
110,CSW24_hsp,5,6,73.000000,60.987000,-12.013000,13f SCLErAE
110,CSW24_hsp,6,5,73.000000,60.218000,-12.782000,13f SCALEnE
110,CSW24_hsp,7,4,74.000000,59.853000,-14.147000,m9 EuCLASE
110,CSW24_hsp,8,7,71.000000,59.310000,-11.690000,13f SELECtA
110,CSW24_hsp,9,10,68.032000,58.651000,-9.381000,o1 CAESE
110,CSW24_hsp,10,11,68.032000,58.571000,-9.461000,o1 CEASE
110,CSW24_hsp,11,9,70.000000,57.790000,-12.210000,13f ALErCES
110,CSW24_hsp,12,13,66.879000,57.757000,-9.122000,o1 ACES
110,CSW24_hsp,13,14,66.879000,57.317000,-9.562000,o1 CEAS
110,CSW24_hsp,14,16,66.212000,56.650000,-9.562000,o1 CEES
110,CSW24_hsp,15,28,64.930000,55.340000,-9.590000,o1 ACE
110,CSW24_hsp,16,12,68.000000,55.245000,-12.755000,c6 LEAChES
110,CSW24_hsp,17,29,64.539000,54.916000,-9.623000,o1 ALEE
110,CSW24_hsp,18,23,65.593000,54.776000,-10.817000,3l CAZ
110,CSW24_hsp,19,19,66.000000,54.447000,-11.553000,c6 CLEAvES
110,CSW24_hsp,20,15,66.694000,54.386000,-12.308000,3l LAZE
110,CSW24_hsp,21,21,66.000000,53.847000,-12.153000,c6 rELACES
110,CSW24_hsp,22,20,66.000000,53.773000,-12.227000,c6 bELACES
110,CSW24_hsp,23,40,63.537000,53.615000,-9.922000,o1 CEE
110,CSW24_hsp,24,18,66.000000,53.464000,-12.536000,c6 CErEALS
110,CSW24_hsp,25,17,66.000000,53.455000,-12.545000,c6 CAlLEES
459,CSW24_hsp,1,2,97.000000,88.377000,-8.623000,o9 HEARSES
459,CSW24_hsp,2,1,97.000000,87.942000,-9.058000,o7 HEARSES
459,CSW24_hsp,3,3,88.000000,73.741000,-14.259000,n8 ASHERIES
459,CSW24_hsp,4,4,79.000000,67.505000,-11.495000,b8 HEARSES
459,CSW24_hsp,5,5,72.000000,57.225000,-14.775000,2g HEARSES
459,CSW24_hsp,6,6,65.000000,55.431000,-9.569000,c3 MAHSEERS
459,CSW24_hsp,7,7,64.000000,53.799000,-10.201000,6e UNHEARSES
459,CSW24_hsp,8,9,53.110000,44.243000,-8.867000,o8 HEARES
459,CSW24_hsp,9,8,53.110000,44.241000,-8.869000,o8 HAERES
459,CSW24_hsp,10,11,51.989000,43.902000,-8.087000,o13 SHE
459,CSW24_hsp,11,10,52.474000,43.421000,-9.053000,8k GHEES
459,CSW24_hsp,12,12,48.978000,40.951000,-8.027000,o13 SHA
459,CSW24_hsp,13,13,48.152000,40.328000,-7.824000,12l HE
459,CSW24_hsp,14,15,47.778000,39.788000,-7.990000,15k ASHES
459,CSW24_hsp,15,14,47.989000,39.577000,-8.412000,12l HES
459,CSW24_hsp,16,18,45.933000,38.425000,-7.508000,15l SHEA
459,CSW24_hsp,17,19,45.175000,37.400000,-7.775000,f10 AHI
459,CSW24_hsp,18,20,45.175000,37.299000,-7.876000,12l HA
459,CSW24_hsp,19,29,44.510000,36.931000,-7.579000,15k SEARE
459,CSW24_hsp,20,23,44.933000,36.863000,-8.070000,h1 HANSE
459,CSW24_hsp,21,22,44.978000,36.566000,-8.412000,12l HAS
459,CSW24_hsp,22,28,44.510000,36.559000,-7.951000,15k SAREE
459,CSW24_hsp,23,26,44.854000,36.107000,-8.747000,o8 SHEARS
459,CSW24_hsp,24,27,44.640000,36.080000,-8.560000,8k GERAH
459,CSW24_hsp,25,24,44.854000,36.024000,-8.830000,o8 RASHES
572,CSW24_hsp,1,2,71.000000,53.269000,-17.731000,9h FALTERS
572,CSW24_hsp,2,1,71.000000,53.176000,-17.824000,7h FALTERS
572,CSW24_hsp,3,3,65.000000,46.625000,-18.375000,h2 REFLATES
572,CSW24_hsp,4,4,62.000000,45.217000,-16.783000,h7 REFLATES
572,CSW24_hsp,5,21,35.492000,28.424000,-7.068000,a13 SMA
572,CSW24_hsp,6,24,34.825000,27.376000,-7.449000,15a AE
572,CSW24_hsp,7,5,43.608000,27.097000,-16.511000,6a IF
572,CSW24_hsp,8,62,31.060000,23.976000,-7.084000,a13 AME
572,CSW24_hsp,9,8,40.608000,23.938000,-16.670000,9d EF
572,CSW24_hsp,10,7,40.667000,23.744000,-16.923000,11d CALF
572,CSW24_hsp,11,10,39.023000,23.363000,-15.660000,c9 FA
572,CSW24_hsp,12,9,39.608000,23.268000,-16.340000,9c FE
572,CSW24_hsp,13,6,41.045000,22.119000,-18.926000,b3 LEAF
572,CSW24_hsp,14,11,37.748000,21.112000,-16.636000,10d ARF
572,CSW24_hsp,15,13,37.565000,20.380000,-17.185000,e7 FIL
572,CSW24_hsp,16,12,37.667000,20.237000,-17.430000,10d ALFA
572,CSW24_hsp,17,15,36.104000,20.129000,-15.975000,9c TEF
572,CSW24_hsp,18,14,36.104000,20.005000,-16.099000,9c FET
572,CSW24_hsp,19,16,35.748000,19.799000,-15.949000,9c REF
572,CSW24_hsp,20,19,35.608000,18.884000,-16.724000,10c FA
572,CSW24_hsp,21,18,35.608000,18.785000,-16.823000,h8 EF
572,CSW24_hsp,22,17,35.608000,18.680000,-16.928000,h7 FE
572,CSW24_hsp,23,23,35.023000,18.220000,-16.803000,11d CAF
572,CSW24_hsp,24,20,35.565000,18.172000,-17.393000,h8 ELF
572,CSW24_hsp,25,22,35.390000,18.145000,-17.245000,11d CLEF
353,CSW24_hsp,1,2,36.921000,27.592000,-9.329000,12d HE
353,CSW24_hsp,2,4,35.333000,25.876000,-9.457000,6f HEAVE
353,CSW24_hsp,3,6,34.540000,25.171000,-9.369000,12d HA
353,CSW24_hsp,4,1,37.878000,24.926000,-12.952000,2j HARE
353,CSW24_hsp,5,3,35.927000,24.402000,-11.525000,b4 REH
353,CSW24_hsp,6,5,34.839000,23.081000,-11.758000,2j HARN
353,CSW24_hsp,7,12,31.921000,22.638000,-9.283000,6f HE
353,CSW24_hsp,8,14,30.921000,21.350000,-9.571000,12c EH
353,CSW24_hsp,9,7,33.169000,21.320000,-11.849000,4l HERN
353,CSW24_hsp,10,11,32.596000,21.147000,-11.449000,b4 RAH
353,CSW24_hsp,11,9,32.878000,21.091000,-11.787000,4l HEAR
353,CSW24_hsp,12,8,32.878000,20.791000,-12.087000,4l HARE
353,CSW24_hsp,13,13,30.927000,20.702000,-10.225000,4l HER
353,CSW24_hsp,14,19,29.385000,19.990000,-9.395000,6d HERE
353,CSW24_hsp,15,21,28.921000,19.433000,-9.488000,6e EH
353,CSW24_hsp,16,10,32.719000,19.065000,-13.654000,2j HAEN
353,CSW24_hsp,17,24,28.540000,18.740000,-9.800000,12c AH
353,CSW24_hsp,18,18,29.653000,18.350000,-11.303000,2j HAN
353,CSW24_hsp,19,25,27.927000,18.311000,-9.616000,6d HER
353,CSW24_hsp,20,15,30.385000,18.284000,-12.101000,4l HERE
353,CSW24_hsp,21,20,28.921000,18.036000,-10.885000,b5 EH
353,CSW24_hsp,22,17,29.839000,17.983000,-11.856000,4l HARN
353,CSW24_hsp,23,16,29.878000,17.704000,-12.174000,4l RHEA
353,CSW24_hsp,24,23,28.653000,17.097000,-11.556000,b4 NAH
353,CSW24_hsp,25,30,25.993000,16.324000,-9.669000,4l HEN
871,CSW24_hsp,1,1,102.000000,95.555000,-6.445000,5d HERmITRY
871,CSW24_hsp,2,2,86.000000,74.801000,-11.199000,4h YoUTHIER
871,CSW24_hsp,3,3,80.000000,72.015000,-7.985000,3f TRIETHYl
871,CSW24_hsp,4,4,76.000000,65.274000,-10.726000,5h HERmITRY
871,CSW24_hsp,5,5,76.000000,64.744000,-11.256000,e8 LITHERlY
871,CSW24_hsp,6,6,66.133000,62.247000,-3.886000,k4 HEY
871,CSW24_hsp,7,9,55.759000,51.111000,-4.648000,h6 YOK
871,CSW24_hsp,8,8,55.875000,50.806000,-5.069000,5j RHY
871,CSW24_hsp,9,7,56.340000,50.203000,-6.137000,5h YIRTH
871,CSW24_hsp,10,11,53.759000,48.719000,-5.040000,6j FY
871,CSW24_hsp,11,15,51.487000,47.021000,-4.466000,k4 HE
871,CSW24_hsp,12,18,51.302000,46.561000,-4.741000,5i TRY
871,CSW24_hsp,13,12,52.460000,46.250000,-6.210000,k2 YITE
871,CSW24_hsp,14,16,51.423000,45.386000,-6.037000,5g HERRY
871,CSW24_hsp,15,20,51.133000,45.080000,-6.053000,5h HERY
871,CSW24_hsp,16,21,50.759000,44.993000,-5.766000,4i YU
871,CSW24_hsp,17,17,51.423000,44.909000,-6.514000,5h HERRY
871,CSW24_hsp,18,32,48.528000,44.786000,-3.742000,9g TEHR
871,CSW24_hsp,19,19,51.133000,44.679000,-6.454000,3j THEY
871,CSW24_hsp,20,23,50.031000,44.476000,-5.555000,5h YIRR
871,CSW24_hsp,21,26,49.480000,44.414000,-5.066000,h6 ROKY
871,CSW24_hsp,22,22,50.302000,44.357000,-5.945000,g6 TORY
871,CSW24_hsp,23,13,51.745000,44.279000,-7.466000,3j TYTHE
871,CSW24_hsp,24,14,51.745000,44.213000,-7.532000,e8 LYTHE
871,CSW24_hsp,25,33,48.487000,44.204000,-4.283000,9h EH
854,CSW24_hsp,1,1,54.427000,47.556000,-6.871000,12l ZATI
854,CSW24_hsp,2,2,52.074000,44.797000,-7.277000,12l ZIT
854,CSW24_hsp,3,3,48.683000,41.812000,-6.871000,12l ZORI
854,CSW24_hsp,4,4,48.219000,41.052000,-7.167000,12l ZO
854,CSW24_hsp,5,5,47.427000,40.075000,-7.352000,12j ZATI
854,CSW24_hsp,6,6,47.043000,39.787000,-7.256000,12k AZO
854,CSW24_hsp,7,7,45.614000,38.743000,-6.871000,12l ZARI
854,CSW24_hsp,8,8,45.043000,38.327000,-6.716000,12l ZOA
854,CSW24_hsp,9,9,43.815000,36.736000,-7.079000,12l ZA
854,CSW24_hsp,10,10,42.854000,35.133000,-7.721000,l8 ZOARIA
854,CSW24_hsp,11,11,37.043000,29.989000,-7.054000,12j ZOA
854,CSW24_hsp,12,12,36.396000,29.344000,-7.052000,b12 TOZE
854,CSW24_hsp,13,13,35.440000,27.100000,-8.340000,e4 AZOTH
854,CSW24_hsp,14,14,34.074000,26.839000,-7.235000,12l TIZ
854,CSW24_hsp,15,15,33.219000,25.393000,-7.826000,f6 ZOA
854,CSW24_hsp,16,16,32.074000,24.796000,-7.278000,k9 TIZ
854,CSW24_hsp,17,17,28.802000,21.335000,-7.467000,k10 TZAR
854,CSW24_hsp,18,18,27.964000,21.328000,-6.636000,12l TOIT
854,CSW24_hsp,19,19,27.219000,20.204000,-7.015000,b12 ZO
854,CSW24_hsp,20,22,26.567000,19.953000,-6.614000,12l TORT
854,CSW24_hsp,21,23,26.482000,19.860000,-6.622000,12l TAIT
854,CSW24_hsp,22,26,26.272000,19.646000,-6.626000,12l TORI
854,CSW24_hsp,23,25,26.272000,19.632000,-6.640000,12l TIRO
854,CSW24_hsp,24,27,26.182000,19.422000,-6.760000,b12 TOTE
854,CSW24_hsp,25,28,26.182000,19.400000,-6.782000,12j TOT
1123,CSW24_hsp,1,1,90.000000,84.940000,-5.060000,2e QUINOAS
1123,CSW24_hsp,2,3,88.000000,81.336000,-6.664000,5b QUINOAS
1123,CSW24_hsp,3,2,88.000000,75.710000,-12.290000,2a QUINOAS
1123,CSW24_hsp,4,5,70.000000,60.296000,-9.704000,9b QUINOAS
1123,CSW24_hsp,5,4,70.000000,57.902000,-12.098000,7b QUINOAS
1123,CSW24_hsp,6,6,48.110000,42.622000,-5.488000,2e QUINOA
1123,CSW24_hsp,7,9,39.205000,34.214000,-4.991000,2f QIN
1123,CSW24_hsp,8,7,45.110000,33.301000,-11.809000,2b QUINOA
1123,CSW24_hsp,9,10,38.539000,33.010000,-5.529000,2e QUINO
1123,CSW24_hsp,10,11,38.384000,31.822000,-6.562000,n4 SUQ
1123,CSW24_hsp,11,8,41.110000,31.359000,-9.751000,11e QUINOAS
1123,CSW24_hsp,12,14,36.688000,31.293000,-5.395000,2e QUINA
1123,CSW24_hsp,13,22,34.439000,30.188000,-4.251000,2f QINS
1123,CSW24_hsp,14,17,35.622000,29.066000,-6.556000,5c QUINOS
1123,CSW24_hsp,15,20,35.237000,28.993000,-6.244000,2h NAOI
1123,CSW24_hsp,16,18,35.622000,28.904000,-6.718000,5c QUOINS
1123,CSW24_hsp,17,23,33.539000,27.986000,-5.553000,2d QUOIN
1123,CSW24_hsp,18,26,33.232000,27.176000,-6.056000,h1 NIEF
1123,CSW24_hsp,19,21,34.546000,27.012000,-7.534000,2f QI
1123,CSW24_hsp,20,25,33.522000,26.981000,-6.541000,5c QUINAS
1123,CSW24_hsp,21,27,32.752000,26.520000,-6.232000,5d QUAIS
1123,CSW24_hsp,22,12,37.110000,26.217000,-10.893000,7c QUINOA
1123,CSW24_hsp,23,16,35.622000,26.024000,-9.598000,2b QUOINS
1123,CSW24_hsp,24,15,35.622000,25.954000,-9.668000,2b QUINOS
1123,CSW24_hsp,25,28,31.652000,25.436000,-6.216000,2h NO
652,CSW24_hsp,1,1,30.688000,20.881000,-9.807000,j5 CWMS
652,CSW24_hsp,2,3,28.783000,18.180000,-10.603000,9c MAWR
652,CSW24_hsp,3,2,28.783000,17.538000,-11.245000,i3 MAW
652,CSW24_hsp,4,4,27.371000,17.330000,-10.041000,i3 CAW
652,CSW24_hsp,5,6,27.078000,16.962000,-10.116000,g3 WEM
652,CSW24_hsp,6,8,27.078000,16.600000,-10.478000,i3 WEM
652,CSW24_hsp,7,5,27.078000,16.336000,-10.742000,g3 MEW
652,CSW24_hsp,8,7,27.078000,15.926000,-11.152000,i3 MEW
652,CSW24_hsp,9,9,24.783000,14.784000,-9.999000,j6 WASM
652,CSW24_hsp,10,11,23.639000,14.112000,-9.527000,5g COW
652,CSW24_hsp,11,10,24.357000,14.089000,-10.268000,5g MOW
652,CSW24_hsp,12,12,23.150000,13.195000,-9.955000,i3 WAME
652,CSW24_hsp,13,22,21.523000,13.152000,-8.371000,g3 WETA
652,CSW24_hsp,14,14,22.947000,12.306000,-10.641000,i2 CRAW
652,CSW24_hsp,15,18,22.519000,12.259000,-10.260000,g2 CREW
652,CSW24_hsp,16,20,22.519000,12.137000,-10.382000,5g COWER
652,CSW24_hsp,17,19,22.519000,11.877000,-10.642000,i2 CREW
652,CSW24_hsp,18,13,23.150000,11.868000,-11.282000,d4 WEAMB
652,CSW24_hsp,19,15,22.867000,11.777000,-11.090000,5g MOWRA
652,CSW24_hsp,20,21,22.150000,11.685000,-10.465000,e3 WAME
652,CSW24_hsp,21,17,22.846000,11.677000,-11.169000,5g ROWME
652,CSW24_hsp,22,16,22.846000,11.509000,-11.337000,5g MOWER
652,CSW24_hsp,23,24,20.923000,10.907000,-10.016000,g3 WET
652,CSW24_hsp,24,26,20.884000,10.692000,-10.192000,i3 CAM
652,CSW24_hsp,25,23,20.923000,10.514000,-10.409000,g3 TEW
1122,CSW24_hsp,1,1,15.543000,6.443000,-9.100000,3i QI
1122,CSW24_hsp,2,2,14.378000,5.891000,-8.487000,k4 ILK
1122,CSW24_hsp,3,3,11.029000,0.884000,-10.145000,c7 KILL
1122,CSW24_hsp,4,5,8.676000,-0.478000,-9.154000,13i QIN
1122,CSW24_hsp,5,4,9.511000,-0.715000,-10.226000,c7 LIRK
1122,CSW24_hsp,6,7,8.470000,-0.939000,-9.409000,6j KRILL
1122,CSW24_hsp,7,8,7.011000,-1.640000,-8.651000,k4 ILL
1122,CSW24_hsp,8,6,8.609000,-1.781000,-10.390000,c6 KRILL
1122,CSW24_hsp,9,9,6.509000,-2.429000,-8.938000,m1 KURI
1122,CSW24_hsp,10,11,4.752000,-4.627000,-9.379000,6k LIRK
1122,CSW24_hsp,11,12,4.378000,-4.930000,-9.308000,5i ILKA
1122,CSW24_hsp,12,14,4.378000,-4.935000,-9.313000,5k KALI
1122,CSW24_hsp,13,13,4.378000,-4.988000,-9.366000,5k KAIL
1122,CSW24_hsp,14,15,4.378000,-5.082000,-9.460000,5k LAIK
1122,CSW24_hsp,15,16,4.378000,-5.852000,-10.230000,c8 ILK
1122,CSW24_hsp,16,18,3.378000,-6.035000,-9.413000,13g LIKIN
1122,CSW24_hsp,17,10,5.378000,-6.167000,-11.545000,n13 ILK
1122,CSW24_hsp,18,17,3.906000,-6.632000,-10.538000,c7 RILL
1122,CSW24_hsp,19,19,2.752000,-6.747000,-9.499000,5k LARK
1122,CSW24_hsp,20,22,1.254000,-8.712000,-9.966000,6l ILK
1122,CSW24_hsp,21,27,0.509000,-8.733000,-9.242000,5j KRAI
1122,CSW24_hsp,22,28,0.509000,-8.861000,-9.370000,5k RAIK
1122,CSW24_hsp,23,29,0.509000,-8.894000,-9.403000,5k RAKI
1122,CSW24_hsp,24,24,1.011000,-8.916000,-9.927000,g12 ILLY
1122,CSW24_hsp,25,25,1.011000,-8.916000,-9.927000,g12 LILY
680,CSW24_hsp,1,2,34.627000,24.586000,-10.041000,1n DA
680,CSW24_hsp,2,1,35.390000,21.349000,-14.041000,e10 BALD
680,CSW24_hsp,3,7,31.286000,21.204000,-10.082000,o1 ADRAD
680,CSW24_hsp,4,4,32.242000,18.369000,-13.873000,e5 DATA
680,CSW24_hsp,5,19,28.627000,18.303000,-10.324000,o1 ADD
680,CSW24_hsp,6,8,31.158000,17.026000,-14.132000,e10 BARD
680,CSW24_hsp,7,3,32.390000,16.972000,-15.418000,c5 LAD
680,CSW24_hsp,8,10,30.627000,16.857000,-13.770000,e10 BAD
680,CSW24_hsp,9,16,29.965000,16.371000,-13.594000,11b LAnA
680,CSW24_hsp,10,11,30.447000,16.256000,-14.191000,e8 ALBATA
680,CSW24_hsp,11,43,26.446000,16.209000,-10.237000,1n TA
680,CSW24_hsp,12,15,30.057000,16.004000,-14.053000,e5 TALA
680,CSW24_hsp,13,9,30.627000,15.936000,-14.691000,5j DAD
680,CSW24_hsp,14,17,29.579000,15.792000,-13.787000,e8 ALBA
680,CSW24_hsp,15,5,31.439000,15.718000,-15.721000,c3 DATAL
680,CSW24_hsp,16,18,29.104000,15.624000,-13.480000,o2 DASTARD
680,CSW24_hsp,17,6,31.390000,15.065000,-16.325000,l6 LAD
680,CSW24_hsp,18,12,30.390000,15.031000,-15.359000,c5 DAL
680,CSW24_hsp,19,13,30.390000,14.030000,-16.360000,l6 DAL
680,CSW24_hsp,20,27,27.579000,13.641000,-13.938000,e10 BAL
680,CSW24_hsp,21,20,28.627000,13.591000,-15.036000,3m AD
680,CSW24_hsp,22,24,27.627000,13.533000,-14.094000,e5 DA
680,CSW24_hsp,23,14,30.163000,13.336000,-16.827000,e10 BATARD
680,CSW24_hsp,24,37,26.739000,13.105000,-13.634000,11b TAnA
680,CSW24_hsp,25,31,27.390000,12.996000,-14.394000,5b DAAL
192,CSW24_hsp,1,1,30.724000,28.484000,-2.240000,11e XU
192,CSW24_hsp,2,2,24.793000,21.097000,-3.696000,b1 LUXE
192,CSW24_hsp,3,3,21.892000,18.221000,-3.671000,b1 LUX
192,CSW24_hsp,4,4,19.842000,16.930000,-2.912000,4k UG
192,CSW24_hsp,5,5,18.318000,14.348000,-3.970000,b1 LEX
192,CSW24_hsp,6,8,14.760000,11.923000,-2.837000,l1 GUANO
192,CSW24_hsp,7,9,14.696000,11.709000,-2.987000,1k GULCH
192,CSW24_hsp,8,6,14.807000,11.266000,-3.541000,d11 GREX
192,CSW24_hsp,9,10,13.842000,11.148000,-2.694000,11e GU
192,CSW24_hsp,10,7,14.806000,10.656000,-4.150000,b2 EX
192,CSW24_hsp,11,11,13.563000,10.558000,-3.005000,e11 GUNG
192,CSW24_hsp,12,13,13.233000,10.494000,-2.739000,e10 GLUG
192,CSW24_hsp,13,12,13.272000,10.358000,-2.914000,1j GLUNCH
192,CSW24_hsp,14,15,12.724000,9.697000,-3.027000,b2 XU
192,CSW24_hsp,15,14,13.088000,9.440000,-3.648000,b1 GLUE
192,CSW24_hsp,16,21,11.918000,9.308000,-2.610000,11e GUE
192,CSW24_hsp,17,20,11.921000,9.279000,-2.642000,g2 GEL
192,CSW24_hsp,18,16,12.602000,9.230000,-3.372000,8k GUNGE
192,CSW24_hsp,19,17,12.269000,8.858000,-3.411000,f10 GUNG
192,CSW24_hsp,20,19,11.969000,8.807000,-3.162000,l3 AGOG
192,CSW24_hsp,21,23,11.318000,8.520000,-2.798000,e10 EXUL
192,CSW24_hsp,22,24,11.318000,8.407000,-2.911000,e11 LUXE
192,CSW24_hsp,23,25,10.877000,8.256000,-2.621000,e11 LUX
192,CSW24_hsp,24,26,10.842000,8.098000,-2.744000,g3 GU
192,CSW24_hsp,25,28,10.696000,7.562000,-3.134000,7l GLUM
790,CSW24_hsp,1,1,31.232000,25.095000,-6.137000,e5 RITZY
790,CSW24_hsp,2,2,31.069000,24.434000,-6.635000,e8 ZLOTY
790,CSW24_hsp,3,3,29.068000,23.805000,-5.263000,f6 JOE
790,CSW24_hsp,4,4,28.497000,23.191000,-5.306000,f6 JOEY
790,CSW24_hsp,5,5,26.413000,22.075000,-4.338000,7f ROJI
790,CSW24_hsp,6,6,26.371000,20.436000,-5.935000,e5 RITZ
790,CSW24_hsp,7,7,25.818000,19.532000,-6.286000,e8 ZORIL
790,CSW24_hsp,8,9,23.821000,19.185000,-4.636000,9d JOR
790,CSW24_hsp,9,10,23.068000,18.466000,-4.602000,9d JO
790,CSW24_hsp,10,11,22.673000,18.130000,-4.543000,9d JOL
790,CSW24_hsp,11,12,22.426000,18.118000,-4.308000,9d JOT
790,CSW24_hsp,12,8,24.723000,16.472000,-8.251000,7h JOLTY
790,CSW24_hsp,13,13,22.068000,16.452000,-5.616000,7h JO
790,CSW24_hsp,14,15,21.415000,15.596000,-5.819000,e8 ZORI
790,CSW24_hsp,15,17,20.212000,14.662000,-5.550000,e6 JIZ
790,CSW24_hsp,16,14,21.497000,14.381000,-7.116000,7h JOY
790,CSW24_hsp,17,16,20.821000,14.352000,-6.469000,7h JOR
790,CSW24_hsp,18,18,20.089000,13.692000,-6.397000,7h JILT
790,CSW24_hsp,19,19,19.673000,12.754000,-6.919000,7h JOL
790,CSW24_hsp,20,20,19.426000,12.121000,-7.305000,7h JOT
790,CSW24_hsp,21,21,18.732000,11.854000,-6.878000,9b LIROT
790,CSW24_hsp,22,26,16.663000,10.946000,-5.717000,9c RYOT
790,CSW24_hsp,23,24,17.663000,10.931000,-6.732000,9b TYRO
790,CSW24_hsp,24,23,18.411000,10.896000,-7.515000,7h JOLT
790,CSW24_hsp,25,22,18.732000,10.627000,-8.105000,9b TRIOL
708,CSW24_hsp,1,1,89.000000,87.736000,-1.264000,13a LEGATED
708,CSW24_hsp,2,2,82.000000,80.244000,-1.756000,11a LEGATED
708,CSW24_hsp,3,3,67.000000,62.632000,-4.368000,n7 TEAGLED
708,CSW24_hsp,4,4,36.694000,32.448000,-4.246000,13c GATED
708,CSW24_hsp,5,5,30.402000,24.672000,-5.730000,11c GALED
708,CSW24_hsp,6,7,29.694000,23.964000,-5.730000,11c GATED
708,CSW24_hsp,7,6,29.810000,23.847000,-5.963000,10a DEG
708,CSW24_hsp,8,12,27.810000,22.341000,-5.469000,13c GED
708,CSW24_hsp,9,18,27.323000,22.230000,-5.093000,14f DELTA
708,CSW24_hsp,10,10,27.810000,22.155000,-5.655000,11e DEG
708,CSW24_hsp,11,11,27.810000,22.146000,-5.664000,11e GED
708,CSW24_hsp,12,9,27.810000,22.090000,-5.720000,11c GED
708,CSW24_hsp,13,16,27.444000,22.075000,-5.369000,13c GADE
708,CSW24_hsp,14,14,27.444000,21.709000,-5.735000,11d AGED
708,CSW24_hsp,15,15,27.444000,21.695000,-5.749000,11d EGAD
708,CSW24_hsp,16,17,27.412000,21.669000,-5.743000,a6 DOZED
708,CSW24_hsp,17,13,27.444000,21.663000,-5.781000,11c GADE
708,CSW24_hsp,18,19,26.777000,21.103000,-5.674000,10a DE
708,CSW24_hsp,19,21,26.563000,20.923000,-5.640000,13c GETA
708,CSW24_hsp,20,20,26.563000,20.882000,-5.681000,13c GATE
708,CSW24_hsp,21,23,26.082000,20.256000,-5.826000,13a LEGATE
708,CSW24_hsp,22,22,26.208000,20.190000,-6.018000,11d EGAL
708,CSW24_hsp,23,25,25.564000,19.894000,-5.670000,13c GET
708,CSW24_hsp,24,24,25.564000,19.670000,-5.894000,11e GET
708,CSW24_hsp,25,31,25.444000,19.517000,-5.927000,13b EGAD
711,CSW24_hsp,1,1,72.000000,62.491000,-9.509000,n2 SEALINE
711,CSW24_hsp,2,3,61.000000,53.956000,-7.044000,a2 SALIENCE
711,CSW24_hsp,3,2,63.000000,52.390000,-10.610000,14f SEALINE
711,CSW24_hsp,4,5,42.095000,35.557000,-6.538000,11d ES
711,CSW24_hsp,5,4,42.119000,35.110000,-7.009000,11c AISLE
711,CSW24_hsp,6,6,41.891000,35.021000,-6.870000,11b LAESIE
711,CSW24_hsp,7,7,41.694000,34.864000,-6.830000,11b ANISE
711,CSW24_hsp,8,8,41.694000,34.684000,-7.010000,11d ISNAE
711,CSW24_hsp,9,9,41.622000,34.533000,-7.089000,11b ENISLE
711,CSW24_hsp,10,10,41.622000,34.283000,-7.339000,11c ENSILE
711,CSW24_hsp,11,13,40.787000,34.277000,-6.510000,11e SEI
711,CSW24_hsp,12,22,40.517000,34.240000,-6.277000,11e SAE
711,CSW24_hsp,13,15,40.740000,34.149000,-6.591000,11e SIEN
711,CSW24_hsp,14,16,40.740000,34.114000,-6.626000,11e SINE
711,CSW24_hsp,15,11,41.014000,34.017000,-6.997000,11c EISEL
711,CSW24_hsp,16,14,40.740000,33.979000,-6.761000,11b NIES
711,CSW24_hsp,17,12,41.014000,33.894000,-7.120000,11d ESILE
711,CSW24_hsp,18,28,40.428000,33.870000,-6.558000,11e SEAL
711,CSW24_hsp,19,29,40.428000,33.863000,-6.565000,11e SLAE
711,CSW24_hsp,20,17,40.683000,33.840000,-6.843000,11a EALES
711,CSW24_hsp,21,27,40.428000,33.821000,-6.607000,11e SALE
711,CSW24_hsp,22,23,40.517000,33.792000,-6.725000,11e SEA
711,CSW24_hsp,23,21,40.517000,33.716000,-6.801000,11c EAS
711,CSW24_hsp,24,26,40.428000,33.622000,-6.806000,11c LASE
711,CSW24_hsp,25,20,40.683000,33.599000,-7.084000,11c EASLE
538,CSW24_hsp,1,7,18.979000,15.240000,-3.739000,9f EAN
538,CSW24_hsp,2,2,20.979000,15.192000,-5.787000,i7 NAE
538,CSW24_hsp,3,4,19.878000,15.116000,-4.762000,7d AINE
538,CSW24_hsp,4,1,20.979000,14.937000,-6.042000,i7 EAN
538,CSW24_hsp,5,6,18.979000,14.722000,-4.257000,7e ANE
538,CSW24_hsp,6,8,18.927000,14.429000,-4.498000,9c NIE
538,CSW24_hsp,7,12,17.979000,13.464000,-4.515000,7g EAN
538,CSW24_hsp,8,19,16.995000,12.441000,-4.554000,7f NE
538,CSW24_hsp,9,16,17.878000,12.359000,-5.519000,9f EINA
538,CSW24_hsp,10,11,18.169000,12.217000,-5.952000,9f NINE
538,CSW24_hsp,11,3,19.979000,12.045000,-7.934000,i8 ANE
538,CSW24_hsp,12,56,15.428000,11.761000,-3.667000,7f NEAR
538,CSW24_hsp,13,13,17.979000,11.689000,-6.290000,9g ANE
538,CSW24_hsp,14,58,15.296000,11.144000,-4.152000,7e ENE
538,CSW24_hsp,15,44,15.995000,11.143000,-4.852000,9b EN
538,CSW24_hsp,16,39,16.227000,11.100000,-5.127000,i7 NA
538,CSW24_hsp,17,10,18.778000,10.914000,-7.864000,d4 INNAGE
538,CSW24_hsp,18,5,19.778000,10.497000,-9.281000,i6 INANE
538,CSW24_hsp,19,33,16.465000,10.496000,-5.969000,9f NANE
538,CSW24_hsp,20,40,16.227000,10.477000,-5.750000,i8 AN
538,CSW24_hsp,21,9,18.778000,10.390000,-8.388000,d3 EANING
538,CSW24_hsp,22,70,14.596000,10.315000,-4.281000,9e ANI
538,CSW24_hsp,23,59,14.995000,10.293000,-4.702000,7e EN
538,CSW24_hsp,24,60,14.995000,10.088000,-4.907000,9e EN
538,CSW24_hsp,25,69,14.596000,9.974000,-4.622000,9b ANI
579,CSW24_hsp,1,1,46.061000,37.105000,-8.956000,j13 VEG
579,CSW24_hsp,2,2,45.061000,36.827000,-8.234000,13c VEG
579,CSW24_hsp,3,3,36.396000,27.137000,-9.259000,j12 EVER
579,CSW24_hsp,4,4,34.954000,26.522000,-8.432000,m2 GHI
579,CSW24_hsp,5,5,34.954000,26.191000,-8.763000,e5 GHI
579,CSW24_hsp,6,6,34.352000,26.027000,-8.325000,13c VEES
579,CSW24_hsp,7,7,34.297000,25.337000,-8.960000,j12 EVE
579,CSW24_hsp,8,8,33.709000,25.281000,-8.428000,13c REHS
579,CSW24_hsp,9,9,33.396000,24.249000,-9.147000,j12 EREV
579,CSW24_hsp,10,10,32.218000,23.914000,-8.304000,d6 GUV
579,CSW24_hsp,11,11,31.269000,22.923000,-8.346000,13c REGS
579,CSW24_hsp,12,12,31.052000,22.117000,-8.935000,3m HE
579,CSW24_hsp,13,16,30.218000,22.010000,-8.208000,d6 VUG
579,CSW24_hsp,14,14,30.510000,21.740000,-8.770000,e4 VEGIER
579,CSW24_hsp,15,13,30.510000,21.576000,-8.934000,e4 REGIVE
579,CSW24_hsp,16,18,29.978000,21.572000,-8.406000,d6 VUGH
579,CSW24_hsp,17,20,29.954000,21.525000,-8.429000,d7 UGH
579,CSW24_hsp,18,19,29.954000,21.511000,-8.443000,d6 HUG
579,CSW24_hsp,19,15,30.414000,21.474000,-8.940000,j13 REV
579,CSW24_hsp,20,17,30.052000,21.201000,-8.851000,j13 HE
579,CSW24_hsp,21,21,29.617000,20.748000,-8.869000,13d EHS
579,CSW24_hsp,22,23,29.052000,20.307000,-8.745000,j12 EH
579,CSW24_hsp,23,22,29.297000,20.278000,-9.019000,j13 VEE
579,CSW24_hsp,24,24,29.024000,20.198000,-8.826000,e4 VEGIE
579,CSW24_hsp,25,25,28.218000,19.993000,-8.225000,e6 VIG
440,CSW24_hsp,1,1,32.631000,27.709000,-4.922000,11j AIRN
440,CSW24_hsp,2,4,28.997000,24.210000,-4.787000,11k INN
440,CSW24_hsp,3,2,31.106000,24.201000,-6.905000,g6 RAZOR
440,CSW24_hsp,4,3,29.138000,23.270000,-5.868000,5k LIFER
440,CSW24_hsp,5,5,28.242000,22.296000,-5.946000,5k INFER
440,CSW24_hsp,6,6,27.273000,21.378000,-5.895000,5k RIFER
440,CSW24_hsp,7,8,22.997000,18.187000,-4.810000,k10 QIN
440,CSW24_hsp,8,7,24.018000,17.798000,-6.220000,5j NAIFER
440,CSW24_hsp,9,12,22.258000,16.079000,-6.179000,10b NIRLS
440,CSW24_hsp,10,11,22.260000,15.930000,-6.330000,5k RIFE
440,CSW24_hsp,11,9,22.439000,15.519000,-6.920000,d4 NARIAL
440,CSW24_hsp,12,10,22.439000,15.304000,-7.135000,d7 NARIAL
440,CSW24_hsp,13,13,22.258000,14.756000,-7.502000,14i NIRLS
440,CSW24_hsp,14,15,20.636000,14.667000,-5.969000,12j LARN
440,CSW24_hsp,15,14,21.249000,14.635000,-6.614000,13l LIRA
440,CSW24_hsp,16,17,20.512000,13.594000,-6.918000,14j LARS
440,CSW24_hsp,17,20,20.249000,13.501000,-6.748000,d7 LAR
440,CSW24_hsp,18,16,20.586000,13.489000,-7.097000,14j RINS
440,CSW24_hsp,19,21,19.723000,13.364000,-6.359000,10b LARNS
440,CSW24_hsp,20,23,19.244000,13.048000,-6.196000,10b ARILS
440,CSW24_hsp,21,26,19.244000,13.006000,-6.238000,10b LIARS
440,CSW24_hsp,22,27,19.244000,12.982000,-6.262000,10b LIRAS
440,CSW24_hsp,23,25,19.244000,12.947000,-6.297000,10b LARIS
440,CSW24_hsp,24,24,19.244000,12.682000,-6.562000,10b LAIRS
440,CSW24_hsp,25,29,19.244000,12.559000,-6.685000,10b RIALS
275,CSW24_hsp,1,1,41.119000,31.374000,-9.745000,o7 HOVEN
275,CSW24_hsp,2,2,31.575000,22.120000,-9.455000,o7 EVHOE
275,CSW24_hsp,3,4,30.119000,19.592000,-10.527000,13h HOVEN
275,CSW24_hsp,4,3,30.642000,19.395000,-11.247000,m12 CHON
275,CSW24_hsp,5,10,29.291000,19.250000,-10.041000,o8 OVEN
275,CSW24_hsp,6,5,29.695000,19.241000,-10.454000,o7 HOVE
275,CSW24_hsp,7,9,29.575000,19.074000,-10.501000,o6 EVOHE
275,CSW24_hsp,8,8,29.575000,19.069000,-10.506000,o6 EVHOE
275,CSW24_hsp,9,6,29.575000,17.874000,-11.701000,b2 EVHOE
275,CSW24_hsp,10,7,29.575000,17.854000,-11.721000,b2 EVOHE
275,CSW24_hsp,11,12,25.642000,16.895000,-8.747000,o13 HON
275,CSW24_hsp,12,11,26.562000,16.514000,-10.048000,o8 EVEN
275,CSW24_hsp,13,14,23.945000,15.161000,-8.784000,o13 HEN
275,CSW24_hsp,14,16,22.642000,14.028000,-8.614000,o13 NOH
275,CSW24_hsp,15,13,24.562000,14.027000,-10.535000,o7 NEVE
275,CSW24_hsp,16,15,22.684000,11.853000,-10.831000,m12 CHE
275,CSW24_hsp,17,17,22.001000,11.358000,-10.643000,o7 HONE
275,CSW24_hsp,18,26,17.846000,9.145000,-8.701000,o13 HOE
275,CSW24_hsp,19,20,19.291000,8.593000,-10.698000,13i OVEN
275,CSW24_hsp,20,27,17.774000,8.008000,-9.766000,o8 EVOE
275,CSW24_hsp,21,19,19.562000,7.696000,-11.866000,b3 NEVE
275,CSW24_hsp,22,18,20.095000,7.442000,-12.653000,13m HAN
275,CSW24_hsp,23,24,18.291000,6.728000,-11.563000,4d NOVEL
275,CSW24_hsp,24,23,18.575000,6.608000,-11.967000,b3 EVHOE
275,CSW24_hsp,25,21,18.695000,6.578000,-12.117000,b3 HOVE
618,CSW24_hsp,1,1,33.048000,16.026000,-17.022000,m12 GAU
618,CSW24_hsp,2,2,30.886000,15.079000,-15.807000,j10 GUAC
618,CSW24_hsp,3,6,30.048000,14.217000,-15.831000,j10 GAU
618,CSW24_hsp,4,4,30.544000,14.133000,-16.411000,b2 UG
618,CSW24_hsp,5,9,29.628000,13.697000,-15.931000,h13 SUG
618,CSW24_hsp,6,10,29.544000,13.608000,-15.936000,j10 GU
618,CSW24_hsp,7,5,30.282000,12.684000,-17.598000,l11 AUGUR
618,CSW24_hsp,8,11,28.826000,12.169000,-16.657000,b1 RUGA
618,CSW24_hsp,9,3,30.826000,11.828000,-18.998000,m12 GAUR
618,CSW24_hsp,10,14,27.544000,11.007000,-16.537000,b1 GU
618,CSW24_hsp,11,16,26.826000,10.984000,-15.842000,j10 GAUR
618,CSW24_hsp,12,17,26.826000,10.971000,-15.855000,j10 GUAR
618,CSW24_hsp,13,8,29.826000,10.932000,-18.894000,14g RUGA
618,CSW24_hsp,14,15,27.544000,10.458000,-17.086000,3l VUG
618,CSW24_hsp,15,12,28.601000,10.013000,-18.588000,14f ARGUS
618,CSW24_hsp,16,7,29.826000,9.932000,-19.894000,14g RAGU
618,CSW24_hsp,17,13,28.012000,9.909000,-18.103000,14g RUG
618,CSW24_hsp,18,22,25.544000,9.692000,-15.852000,l12 UG
618,CSW24_hsp,19,19,26.012000,9.356000,-16.656000,b1 RUG
618,CSW24_hsp,20,28,24.544000,9.064000,-15.480000,o14 UG
618,CSW24_hsp,21,21,25.544000,9.016000,-16.528000,e11 GUM
618,CSW24_hsp,22,20,25.544000,8.911000,-16.633000,2a MUG
618,CSW24_hsp,23,18,26.705000,8.712000,-17.993000,14f ARCUS
618,CSW24_hsp,24,24,25.012000,8.335000,-16.677000,b1 GUR
618,CSW24_hsp,25,25,24.544000,8.244000,-16.300000,c8 GU
921,CSW24_hsp,1,1,80.000000,74.517000,-5.483000,l8 WASTRIFE
921,CSW24_hsp,2,2,70.000000,64.349000,-5.651000,3d FAIREST
921,CSW24_hsp,3,3,54.850000,48.315000,-6.535000,4l FAB
921,CSW24_hsp,4,4,50.565000,43.766000,-6.799000,j5 FIL
921,CSW24_hsp,5,5,47.901000,41.418000,-6.483000,4k FRAB
921,CSW24_hsp,6,6,47.219000,40.280000,-6.939000,10d OOF
921,CSW24_hsp,7,7,46.462000,39.497000,-6.965000,4m AB
921,CSW24_hsp,8,8,45.565000,38.784000,-6.781000,5e IF
921,CSW24_hsp,9,9,44.667000,37.591000,-7.076000,j4 FAIL
921,CSW24_hsp,10,10,44.374000,37.550000,-6.824000,9l EFT
921,CSW24_hsp,11,12,42.374000,36.003000,-6.371000,m7 FIE
921,CSW24_hsp,12,13,42.350000,35.752000,-6.598000,m7 FIAT
921,CSW24_hsp,13,11,43.565000,35.751000,-7.814000,b2 FINE
921,CSW24_hsp,14,15,42.171000,35.452000,-6.719000,6i QAT
921,CSW24_hsp,15,16,41.901000,35.374000,-6.527000,m7 FIAR
921,CSW24_hsp,16,14,42.171000,35.370000,-6.801000,4l TAB
921,CSW24_hsp,17,18,41.850000,34.908000,-6.942000,k5 FAUT
921,CSW24_hsp,18,21,40.622000,34.407000,-6.215000,m7 FISTIER
921,CSW24_hsp,19,19,41.565000,34.312000,-7.253000,13f IF
921,CSW24_hsp,20,20,40.850000,33.914000,-6.936000,3d FA
921,CSW24_hsp,21,17,41.850000,33.831000,-8.019000,b2 FANE
921,CSW24_hsp,22,23,39.850000,32.931000,-6.919000,m5 FA
921,CSW24_hsp,23,24,39.850000,32.865000,-6.985000,o5 FA
921,CSW24_hsp,24,22,39.933000,32.580000,-7.353000,l8 WAIFT
921,CSW24_hsp,25,25,39.219000,32.002000,-7.217000,e13 FOR
1034,CSW24_hsp,1,1,80.000000,75.283000,-4.717000,1h WORLdERS
1034,CSW24_hsp,2,2,74.000000,66.061000,-7.939000,2g pYRROLES
1034,CSW24_hsp,3,3,66.000000,60.728000,-5.272000,j4 LORRiES
1034,CSW24_hsp,4,8,61.000000,56.068000,-4.932000,1e gROWLERS
1034,CSW24_hsp,5,9,61.000000,56.003000,-4.997000,1e pROWLERS
1034,CSW24_hsp,6,7,64.000000,55.225000,-8.775000,13h cOLORERS
1034,CSW24_hsp,7,5,64.000000,55.166000,-8.834000,11h cOLORERS
1034,CSW24_hsp,8,4,64.000000,54.891000,-9.109000,11h ROSEOLaR
1034,CSW24_hsp,9,6,64.000000,54.643000,-9.357000,13h ROSEOLaR
1034,CSW24_hsp,10,12,53.976000,48.039000,-5.937000,e5 SABAL
1034,CSW24_hsp,11,11,54.446000,47.721000,-6.725000,13c ROOK
1034,CSW24_hsp,12,13,53.439000,47.612000,-5.827000,g12 SERR
1034,CSW24_hsp,13,10,55.008000,46.621000,-8.387000,13a RELOOK
1034,CSW24_hsp,14,15,52.793000,46.324000,-6.469000,13c ROOKS
1034,CSW24_hsp,15,16,52.170000,46.027000,-6.143000,b8 LAR
1034,CSW24_hsp,16,18,51.874000,45.852000,-6.022000,12b OREXIS
1034,CSW24_hsp,17,17,51.929000,45.243000,-6.686000,13c LOOK
1034,CSW24_hsp,18,14,53.229000,45.133000,-8.096000,13a RELOOKS
1034,CSW24_hsp,19,20,51.115000,45.027000,-6.088000,b8 LARE
1034,CSW24_hsp,20,19,51.115000,45.007000,-6.108000,b8 EARL
1034,CSW24_hsp,21,22,50.435000,44.083000,-6.352000,j12 ERR
1034,CSW24_hsp,22,21,51.049000,43.751000,-7.298000,12i BORREL
1034,CSW24_hsp,23,24,49.779000,43.349000,-6.430000,13c LOOKS
1034,CSW24_hsp,24,26,49.435000,43.287000,-6.148000,b8 RARE
1034,CSW24_hsp,25,25,49.504000,43.162000,-6.342000,a5 RENEGUER
302,CSW24_hsp,1,1,63.796000,55.227000,-8.569000,9g MAWR
302,CSW24_hsp,2,2,59.796000,51.643000,-8.153000,9g MAW
302,CSW24_hsp,3,3,51.078000,42.185000,-8.893000,9g MARG
302,CSW24_hsp,4,5,48.112000,39.507000,-8.605000,8l JARL
302,CSW24_hsp,5,4,48.126000,39.399000,-8.727000,9h AWL
302,CSW24_hsp,6,6,46.877000,37.989000,-8.888000,9g MARL
302,CSW24_hsp,7,7,44.406000,35.750000,-8.656000,9g MAR
302,CSW24_hsp,8,10,42.548000,33.994000,-8.554000,10k GNAW
302,CSW24_hsp,9,9,42.792000,33.960000,-8.832000,g12 AWL
302,CSW24_hsp,10,8,43.126000,33.027000,-10.099000,9i WALI
302,CSW24_hsp,11,11,41.457000,32.681000,-8.776000,13f AW
302,CSW24_hsp,12,12,41.414000,32.496000,-8.918000,9k WIG
302,CSW24_hsp,13,13,41.301000,32.400000,-8.901000,6e GLAM
302,CSW24_hsp,14,15,40.457000,31.785000,-8.672000,9h AW
302,CSW24_hsp,15,16,40.400000,31.685000,-8.715000,8l JoWL
302,CSW24_hsp,16,14,40.772000,31.158000,-9.614000,9j GLIM
302,CSW24_hsp,17,17,39.548000,30.625000,-8.923000,6e GAW
302,CSW24_hsp,18,18,39.078000,29.874000,-9.204000,6e GRAM
302,CSW24_hsp,19,23,37.789000,29.695000,-8.094000,9g MA
302,CSW24_hsp,20,21,38.187000,29.497000,-8.690000,b10 ZEL
302,CSW24_hsp,21,24,37.789000,29.076000,-8.713000,13f AM
302,CSW24_hsp,22,20,38.435000,28.445000,-9.990000,9i MAGI
302,CSW24_hsp,23,27,36.789000,28.171000,-8.618000,9h AM
302,CSW24_hsp,24,26,37.152000,28.020000,-9.132000,9k MIG
302,CSW24_hsp,25,25,37.505000,27.702000,-9.803000,9j GRIM
616,CSW24_hsp,1,1,23.970000,17.484000,-6.486000,9e TAY
616,CSW24_hsp,2,2,21.512000,15.764000,-5.748000,7f YATE
616,CSW24_hsp,3,3,21.512000,15.099000,-6.413000,9f YATE
616,CSW24_hsp,4,4,20.353000,13.156000,-7.197000,9f AY
616,CSW24_hsp,5,6,19.512000,12.050000,-7.462000,9c YATE
616,CSW24_hsp,6,10,17.543000,11.815000,-5.728000,7f YETI
616,CSW24_hsp,7,11,17.543000,11.815000,-5.728000,7f YITE
616,CSW24_hsp,8,9,17.739000,11.696000,-6.043000,9f TYTE
616,CSW24_hsp,9,5,19.512000,11.694000,-7.818000,7c YATE
616,CSW24_hsp,10,7,18.373000,10.613000,-7.760000,9c TATIE
616,CSW24_hsp,11,8,17.970000,9.781000,-8.189000,7c TAY
616,CSW24_hsp,12,22,13.647000,7.692000,-5.955000,7g ITA
616,CSW24_hsp,13,13,15.543000,7.302000,-8.241000,9c YETI
616,CSW24_hsp,14,33,12.667000,7.099000,-5.568000,7e TAIT
616,CSW24_hsp,15,14,15.353000,7.083000,-8.270000,7d AY
616,CSW24_hsp,16,17,14.353000,6.709000,-7.644000,7f YA
616,CSW24_hsp,17,19,14.353000,6.650000,-7.703000,9f YA
616,CSW24_hsp,18,27,12.847000,6.388000,-6.459000,7e YAE
616,CSW24_hsp,19,29,12.847000,6.369000,-6.478000,7f YEA
616,CSW24_hsp,20,15,14.970000,6.109000,-8.861000,e5 YATE
616,CSW24_hsp,21,21,13.847000,6.089000,-7.758000,7d AYE
616,CSW24_hsp,22,16,14.353000,6.083000,-8.270000,7c YA
616,CSW24_hsp,23,26,12.847000,6.062000,-6.785000,7e AYE
616,CSW24_hsp,24,32,12.847000,5.952000,-6.895000,9e AYE
616,CSW24_hsp,25,18,14.353000,5.817000,-8.536000,9c YA
317,CSW24_hsp,1,1,66.000000,56.757000,-9.243000,j1 CEASEFIRE
317,CSW24_hsp,2,3,61.000000,55.675000,-5.325000,15f CINEREAS
317,CSW24_hsp,3,2,61.000000,55.507000,-5.493000,15c RESIANCE
317,CSW24_hsp,4,4,61.000000,54.183000,-6.817000,15g INCREASE
317,CSW24_hsp,5,7,37.512000,31.541000,-5.971000,7e TOC
317,CSW24_hsp,6,5,37.989000,31.413000,-6.576000,4c CIVE
317,CSW24_hsp,7,6,37.536000,31.176000,-6.360000,4h AE
317,CSW24_hsp,8,8,37.350000,30.762000,-6.588000,4c CAVE
317,CSW24_hsp,9,11,35.536000,29.275000,-6.261000,i12 AE
317,CSW24_hsp,10,10,35.536000,29.246000,-6.290000,g12 AE
317,CSW24_hsp,11,12,35.536000,29.101000,-6.435000,i12 EA
317,CSW24_hsp,12,13,34.536000,27.560000,-6.976000,4d AVE
317,CSW24_hsp,13,9,35.905000,27.405000,-8.500000,i4 EX
317,CSW24_hsp,14,15,33.536000,27.247000,-6.289000,k11 EA
317,CSW24_hsp,15,19,32.946000,26.541000,-6.405000,i12 AI
317,CSW24_hsp,16,23,32.536000,26.484000,-6.052000,i13 AE
317,CSW24_hsp,17,26,31.989000,26.449000,-5.540000,11j CINE
317,CSW24_hsp,18,16,33.312000,26.416000,-6.896000,c3 CARVE
317,CSW24_hsp,19,20,32.536000,26.368000,-6.168000,k10 AE
317,CSW24_hsp,20,17,33.312000,26.353000,-6.959000,c3 CRAVE
317,CSW24_hsp,21,21,32.536000,26.350000,-6.186000,g13 AE
317,CSW24_hsp,22,24,32.536000,26.051000,-6.485000,i13 EA
317,CSW24_hsp,23,14,33.539000,26.004000,-7.535000,8j ECURIE
317,CSW24_hsp,24,22,32.536000,25.945000,-6.591000,g13 EA
317,CSW24_hsp,25,18,32.989000,25.885000,-7.104000,m12 ICE
186,CSW24_hsp,1,1,37.422000,35.278000,-2.144000,2j YE
186,CSW24_hsp,2,2,36.736000,34.647000,-2.089000,2j YEED
186,CSW24_hsp,3,3,30.056000,27.732000,-2.324000,10j BEIGY
186,CSW24_hsp,4,4,27.242000,25.086000,-2.156000,g13 DYE
186,CSW24_hsp,5,6,26.422000,23.662000,-2.760000,f4 YEH
186,CSW24_hsp,6,7,25.422000,22.619000,-2.803000,n13 YEW
186,CSW24_hsp,7,8,23.422000,20.618000,-2.804000,j1 BYE
186,CSW24_hsp,8,11,22.247000,20.212000,-2.035000,14l IDEE
186,CSW24_hsp,9,9,23.056000,19.852000,-3.204000,5a GEY
186,CSW24_hsp,10,5,26.465000,19.487000,-6.978000,2l EDGY
186,CSW24_hsp,11,10,22.422000,19.453000,-2.969000,g14 YE
186,CSW24_hsp,12,13,21.754000,19.029000,-2.725000,j1 BY
186,CSW24_hsp,13,12,21.839000,18.691000,-3.148000,k1 RIDGY
186,CSW24_hsp,14,16,21.242000,18.478000,-2.764000,j1 BYDE
186,CSW24_hsp,15,15,21.284000,18.189000,-3.095000,j1 BEIGY
186,CSW24_hsp,16,17,20.448000,17.855000,-2.593000,14l IDE
186,CSW24_hsp,17,18,20.002000,17.548000,-2.454000,f10 JAYGEE
186,CSW24_hsp,18,19,19.792000,16.697000,-3.095000,m4 GREYED
186,CSW24_hsp,19,24,19.242000,16.624000,-2.618000,13l EYED
186,CSW24_hsp,20,20,19.754000,16.611000,-3.143000,f10 JAY
186,CSW24_hsp,21,28,18.851000,16.368000,-2.483000,g13 DEI
186,CSW24_hsp,22,22,19.422000,16.334000,-3.088000,13l EYE
186,CSW24_hsp,23,30,18.448000,16.190000,-2.258000,14n ED
186,CSW24_hsp,24,14,21.465000,16.142000,-5.323000,b6 LEDGY
186,CSW24_hsp,25,23,19.242000,16.116000,-3.126000,3h DYE
346,CSW24_hsp,1,1,75.000000,62.875000,-12.125000,i2 NOYADES
346,CSW24_hsp,2,2,65.000000,51.711000,-13.289000,7h NOYADES
346,CSW24_hsp,3,3,65.000000,51.033000,-13.967000,9h NOYADES
346,CSW24_hsp,4,4,40.550000,36.129000,-4.421000,9g YA
346,CSW24_hsp,5,5,39.443000,35.050000,-4.393000,9g YAD
346,CSW24_hsp,6,9,36.881000,31.624000,-5.257000,7g OY
346,CSW24_hsp,7,12,36.881000,31.572000,-5.309000,9g OY
346,CSW24_hsp,8,8,36.881000,31.249000,-5.632000,7d OY
346,CSW24_hsp,9,11,36.881000,31.248000,-5.633000,9d YO
346,CSW24_hsp,10,10,36.881000,31.023000,-5.858000,9d OY
346,CSW24_hsp,11,16,35.612000,30.209000,-5.403000,9e DEY
346,CSW24_hsp,12,13,35.881000,29.910000,-5.971000,7c YO
346,CSW24_hsp,13,15,35.881000,29.758000,-6.123000,9c YO
346,CSW24_hsp,14,18,35.149000,29.651000,-5.498000,7c DOY
346,CSW24_hsp,15,38,33.594000,29.552000,-4.042000,7e YEAD
346,CSW24_hsp,16,20,35.149000,29.359000,-5.790000,9c DOY
346,CSW24_hsp,17,19,35.149000,29.321000,-5.828000,7c YOD
346,CSW24_hsp,18,26,34.550000,29.203000,-5.347000,9g AY
346,CSW24_hsp,19,21,35.149000,29.113000,-6.036000,9c YOD
346,CSW24_hsp,20,24,34.550000,29.039000,-5.511000,7g AY
346,CSW24_hsp,21,23,34.853000,28.854000,-5.999000,9c NOSEY
346,CSW24_hsp,22,14,35.881000,28.822000,-7.059000,9c OY
346,CSW24_hsp,23,27,34.462000,28.676000,-5.786000,7c YODE
346,CSW24_hsp,24,34,33.987000,28.658000,-5.329000,7g ONY
346,CSW24_hsp,25,17,35.594000,28.637000,-6.957000,9g YEAD
285,CSW24_hsp,1,1,38.854000,35.987000,-2.867000,15j ANGARY
285,CSW24_hsp,2,2,38.514000,35.014000,-3.500000,h12 NAVY
285,CSW24_hsp,3,3,38.014000,34.907000,-3.107000,13i YAGER
285,CSW24_hsp,4,4,36.602000,33.283000,-3.319000,h12 GYVE
285,CSW24_hsp,5,5,36.489000,33.238000,-3.251000,c8 AYU
285,CSW24_hsp,6,6,35.489000,32.081000,-3.408000,c3 JAY
285,CSW24_hsp,7,7,35.489000,31.881000,-3.608000,9b AYIN
285,CSW24_hsp,8,8,34.622000,31.628000,-2.994000,15j ANERGY
285,CSW24_hsp,9,10,32.826000,29.581000,-3.245000,13i YEARN
285,CSW24_hsp,10,9,33.489000,29.510000,-3.979000,13i YA
285,CSW24_hsp,11,11,32.728000,28.995000,-3.733000,h12 GAVE
285,CSW24_hsp,12,12,29.981000,26.210000,-3.771000,9a RAYING
285,CSW24_hsp,13,14,29.139000,25.659000,-3.480000,h12 ENVY
285,CSW24_hsp,14,15,28.927000,25.647000,-3.280000,13i YAG
285,CSW24_hsp,15,13,29.489000,25.518000,-3.971000,5j CAY
285,CSW24_hsp,16,16,28.489000,24.984000,-3.505000,4b YAR
285,CSW24_hsp,17,17,28.169000,24.250000,-3.919000,13i YANG
285,CSW24_hsp,18,18,26.927000,23.153000,-3.774000,5j CAGY
285,CSW24_hsp,19,19,26.483000,23.025000,-3.458000,13i YAE
285,CSW24_hsp,20,20,26.483000,23.005000,-3.478000,13i YEA
285,CSW24_hsp,21,29,25.074000,22.005000,-3.069000,9c YIN
285,CSW24_hsp,22,24,25.489000,21.865000,-3.624000,c7 YA
285,CSW24_hsp,23,28,25.385000,21.805000,-3.580000,13i YAGE
285,CSW24_hsp,24,31,24.602000,21.748000,-2.854000,9b EYING
285,CSW24_hsp,25,23,25.489000,21.694000,-3.795000,c5 YA
255,CSW24_hsp,1,1,33.700000,31.716000,-1.984000,h11 RUBAI
255,CSW24_hsp,2,2,30.966000,29.066000,-1.900000,h10 URBIAS
255,CSW24_hsp,3,3,30.366000,28.300000,-2.066000,h11 RUPIA
255,CSW24_hsp,4,4,25.966000,24.815000,-1.151000,10j URBIAS
255,CSW24_hsp,5,5,25.672000,23.145000,-2.527000,13b BIVIA
255,CSW24_hsp,6,6,24.700000,23.038000,-1.662000,10j URBIA
255,CSW24_hsp,7,7,23.111000,21.858000,-1.253000,10i PURI
255,CSW24_hsp,8,8,20.528000,19.323000,-1.205000,10i PIRAI
255,CSW24_hsp,9,9,19.700000,16.271000,-3.429000,h10 URBIA
255,CSW24_hsp,10,13,15.537000,14.279000,-1.258000,10i BURA
255,CSW24_hsp,11,14,14.966000,14.139000,-0.827000,10i AIRBUS
255,CSW24_hsp,12,11,15.838000,13.695000,-2.143000,h11 RABIS
255,CSW24_hsp,13,12,15.838000,13.695000,-2.143000,h11 RIBAS
255,CSW24_hsp,14,15,14.962000,13.638000,-1.324000,10i PIR
255,CSW24_hsp,15,17,14.036000,12.546000,-1.490000,j9 BUS
255,CSW24_hsp,16,19,13.139000,12.315000,-0.824000,10i PIRAIS
255,CSW24_hsp,17,21,13.120000,11.956000,-1.164000,10i BURP
255,CSW24_hsp,18,22,13.036000,11.736000,-1.300000,10i BUR
255,CSW24_hsp,19,26,12.624000,11.438000,-1.186000,10i PURIS
255,CSW24_hsp,20,24,12.838000,11.149000,-1.689000,10k RABIS
255,CSW24_hsp,21,25,12.838000,11.149000,-1.689000,10k RIBAS
255,CSW24_hsp,22,20,13.122000,10.997000,-2.125000,7b PIA
255,CSW24_hsp,23,10,16.049000,10.423000,-5.626000,14a IBIS
255,CSW24_hsp,24,30,12.147000,10.131000,-2.016000,j9 PUS
255,CSW24_hsp,25,23,12.970000,10.121000,-2.849000,f11 TIPI
331,CSW24_hsp,1,1,24.648000,21.677000,-2.971000,12i JEEZ
331,CSW24_hsp,2,2,24.648000,21.030000,-3.618000,12j JEEZ
331,CSW24_hsp,3,4,20.040000,16.503000,-3.537000,12j VEG
331,CSW24_hsp,4,3,20.548000,16.156000,-4.392000,12j VENGE
331,CSW24_hsp,5,5,19.205000,15.429000,-3.776000,12j VENT
331,CSW24_hsp,6,7,17.955000,14.398000,-3.557000,12j JET
331,CSW24_hsp,7,9,17.179000,13.277000,-3.902000,12i EVENT
331,CSW24_hsp,8,8,17.655000,13.019000,-4.636000,j6 JEON
331,CSW24_hsp,9,10,16.289000,12.648000,-3.641000,12j VET
331,CSW24_hsp,10,11,16.040000,12.119000,-3.921000,j7 VOG
331,CSW24_hsp,11,12,15.754000,11.369000,-4.385000,11j VANG
331,CSW24_hsp,12,6,19.179000,11.122000,-8.057000,12k EVENT
331,CSW24_hsp,13,13,14.166000,10.213000,-3.953000,12j JETE
331,CSW24_hsp,14,16,13.394000,9.123000,-4.271000,12k EVET
331,CSW24_hsp,15,15,13.394000,9.108000,-4.286000,12i EVET
331,CSW24_hsp,16,18,13.040000,8.896000,-4.144000,11j VAG
331,CSW24_hsp,17,14,13.773000,8.691000,-5.082000,l11 GENT
331,CSW24_hsp,18,19,12.773000,8.603000,-4.170000,12h GENET
331,CSW24_hsp,19,20,12.557000,8.472000,-4.085000,12j GENT
331,CSW24_hsp,20,17,13.166000,8.455000,-4.711000,j11 JET
331,CSW24_hsp,21,22,12.217000,8.236000,-3.981000,j7 JOG
331,CSW24_hsp,22,26,11.298000,8.104000,-3.194000,12i GEEZ
331,CSW24_hsp,23,21,12.548000,7.724000,-4.824000,12g VENGE
331,CSW24_hsp,24,23,12.205000,7.591000,-4.614000,11j VANT
331,CSW24_hsp,25,27,11.298000,7.449000,-3.849000,12j GEEZ
155,CSW24_hsp,1,1,31.251000,20.020000,-11.231000,13a LLANO
155,CSW24_hsp,2,2,20.871000,13.560000,-7.311000,10e LAC
155,CSW24_hsp,3,3,19.522000,11.896000,-7.626000,n5 CLONAL
155,CSW24_hsp,4,5,18.364000,10.442000,-7.922000,10e LA
155,CSW24_hsp,5,8,17.269000,10.294000,-6.975000,7i LOHAN
155,CSW24_hsp,6,6,18.324000,8.962000,-9.362000,l4 ALLOD
155,CSW24_hsp,7,17,14.841000,8.135000,-6.706000,9e COLON
155,CSW24_hsp,8,4,19.269000,7.444000,-11.825000,13a LOAN
155,CSW24_hsp,9,7,17.292000,7.404000,-9.888000,l3 ONLOAD
155,CSW24_hsp,10,20,14.752000,7.292000,-7.460000,9e LOCAL
155,CSW24_hsp,11,23,13.983000,7.224000,-6.759000,9f COOL
155,CSW24_hsp,12,14,14.891000,7.109000,-7.782000,9d ALCOOL
155,CSW24_hsp,13,18,14.773000,6.905000,-7.868000,n10 LO
155,CSW24_hsp,14,21,14.682000,6.505000,-8.177000,j6 LOIN
155,CSW24_hsp,15,19,14.752000,6.451000,-8.301000,7e LOCAL
155,CSW24_hsp,16,15,14.871000,6.445000,-8.426000,13b LAC
155,CSW24_hsp,17,16,14.841000,6.397000,-8.444000,7e COLON
155,CSW24_hsp,18,13,14.891000,6.327000,-8.564000,7d ALCOOL
155,CSW24_hsp,19,26,13.821000,6.320000,-7.501000,10i LOLL
155,CSW24_hsp,20,28,13.773000,6.316000,-7.457000,9i LOU
155,CSW24_hsp,21,30,13.634000,6.121000,-7.513000,9f LOON
155,CSW24_hsp,22,34,12.917000,6.022000,-6.895000,9g COL
155,CSW24_hsp,23,22,13.983000,5.918000,-8.065000,7f COOL
155,CSW24_hsp,24,37,12.522000,5.826000,-6.696000,9d CLONAL
155,CSW24_hsp,25,11,14.983000,5.601000,-9.382000,n4 LOCO
1012,CSW24_hsp,1,3,31.622000,28.345000,-3.277000,10b MUCINS
1012,CSW24_hsp,2,1,31.891000,28.107000,-3.784000,10b UMIACS
1012,CSW24_hsp,3,2,31.622000,27.674000,-3.948000,10b CUMINS
1012,CSW24_hsp,4,7,30.852000,27.469000,-3.383000,10e UMS
1012,CSW24_hsp,5,6,30.887000,27.395000,-3.492000,10b MANICS
1012,CSW24_hsp,6,4,31.014000,26.651000,-4.363000,j6 MUSIC
1012,CSW24_hsp,7,10,29.530000,26.574000,-2.956000,i6 CUB
1012,CSW24_hsp,8,8,29.792000,26.324000,-3.468000,10b MANCUS
1012,CSW24_hsp,9,9,29.683000,26.303000,-3.380000,10c CAUMS
1012,CSW24_hsp,10,11,29.001000,26.270000,-2.731000,10d CUMS
1012,CSW24_hsp,11,12,29.001000,25.533000,-3.468000,10g SCUM
1012,CSW24_hsp,12,5,30.891000,25.368000,-5.523000,j5 AMUSIC
1012,CSW24_hsp,13,13,27.891000,24.562000,-3.329000,10b AMICUS
1012,CSW24_hsp,14,14,27.317000,23.325000,-3.992000,10f US
1012,CSW24_hsp,15,19,26.376000,23.064000,-3.312000,10b ACINUS
1012,CSW24_hsp,16,16,26.793000,22.772000,-4.021000,6g VUM
1012,CSW24_hsp,17,18,26.683000,22.460000,-4.223000,j6 MUSCA
1012,CSW24_hsp,18,17,26.793000,22.324000,-4.469000,i8 BUM
1012,CSW24_hsp,19,25,25.683000,22.244000,-3.439000,10c CAMUS
1012,CSW24_hsp,20,27,25.683000,21.990000,-3.693000,10g SUMAC
1012,CSW24_hsp,21,20,26.014000,21.912000,-4.102000,10e MUSIC
1012,CSW24_hsp,22,24,25.852000,21.716000,-4.136000,j8 SUM
1012,CSW24_hsp,23,15,26.852000,21.645000,-5.207000,10e MUS
1012,CSW24_hsp,24,23,25.852000,21.612000,-4.240000,j6 MUS
1012,CSW24_hsp,25,31,24.852000,21.495000,-3.357000,10g SUM
932,CSW24_hsp,1,1,28.496000,23.250000,-5.246000,n2 HUTTING
932,CSW24_hsp,2,2,23.980000,20.014000,-3.966000,9c VOG
932,CSW24_hsp,3,4,22.105000,18.854000,-3.251000,2n HA
932,CSW24_hsp,4,3,22.260000,18.295000,-3.965000,9c VIG
932,CSW24_hsp,5,6,17.980000,14.772000,-3.208000,2k VOG
932,CSW24_hsp,6,7,17.893000,14.074000,-3.819000,m1 OVAL
932,CSW24_hsp,7,5,18.212000,14.030000,-4.182000,9c HOT
932,CSW24_hsp,8,9,16.893000,12.677000,-4.216000,c5 VOL
932,CSW24_hsp,9,10,16.713000,12.633000,-4.080000,9c VIN
932,CSW24_hsp,10,8,17.035000,12.344000,-4.691000,d6 HOBOING
932,CSW24_hsp,11,11,15.792000,11.776000,-4.016000,9c HOG
932,CSW24_hsp,12,13,15.212000,10.632000,-4.580000,2g LOTH
932,CSW24_hsp,13,14,14.396000,10.016000,-4.380000,9b THIG
932,CSW24_hsp,14,15,13.980000,9.315000,-4.665000,9h GOV
932,CSW24_hsp,15,12,15.496000,9.191000,-6.305000,7j NIGHT
932,CSW24_hsp,16,16,13.493000,9.075000,-4.418000,ex V
932,CSW24_hsp,17,19,13.212000,8.566000,-4.646000,9b THO
932,CSW24_hsp,18,17,13.310000,8.300000,-5.010000,m2 HALVING
932,CSW24_hsp,19,21,11.594000,7.773000,-3.821000,4d TOPI
932,CSW24_hsp,20,18,13.272000,7.759000,-5.513000,7j NIGH
932,CSW24_hsp,21,20,11.863000,7.348000,-4.515000,9b THON
932,CSW24_hsp,22,23,11.212000,6.969000,-4.243000,2j THO
932,CSW24_hsp,23,25,10.980000,6.673000,-4.307000,m2 GALVO
932,CSW24_hsp,24,26,10.893000,6.475000,-4.418000,ex OV
932,CSW24_hsp,25,35,9.792000,6.326000,-3.466000,2k HOG
810,CSW24_hsp,1,1,48.036000,43.969000,-4.067000,15l WOOD
810,CSW24_hsp,2,3,37.496000,32.827000,-4.669000,o1 OWED
810,CSW24_hsp,3,2,38.153000,31.084000,-7.069000,13l JUDO
810,CSW24_hsp,4,4,30.165000,23.884000,-6.281000,13l JUD
810,CSW24_hsp,5,5,26.542000,21.354000,-5.188000,15m OWO
810,CSW24_hsp,6,6,24.542000,18.367000,-6.175000,15k OWO
810,CSW24_hsp,7,9,22.755000,17.505000,-5.250000,15m OWE
810,CSW24_hsp,8,7,24.542000,17.318000,-7.224000,15l WOO
810,CSW24_hsp,9,8,24.153000,17.127000,-7.026000,e4 JUDO
810,CSW24_hsp,10,10,21.755000,15.830000,-5.925000,o1 OWE
810,CSW24_hsp,11,15,20.755000,14.708000,-6.047000,15l WOE
810,CSW24_hsp,12,11,21.542000,14.093000,-7.449000,m1 OWO
810,CSW24_hsp,13,12,21.119000,14.085000,-7.034000,m1 JEU
810,CSW24_hsp,14,14,20.755000,13.717000,-7.038000,m2 WOE
810,CSW24_hsp,15,16,20.433000,13.612000,-6.821000,m12 JUG
810,CSW24_hsp,16,13,21.036000,13.424000,-7.612000,e5 WOOD
810,CSW24_hsp,17,20,18.787000,13.268000,-5.519000,15n WO
810,CSW24_hsp,18,17,19.787000,12.944000,-6.843000,15l WO
810,CSW24_hsp,19,18,18.787000,12.681000,-6.106000,o1 OW
810,CSW24_hsp,20,21,18.655000,12.511000,-6.144000,15l WUD
810,CSW24_hsp,21,19,18.787000,12.204000,-6.583000,15k OW
810,CSW24_hsp,22,27,17.386000,11.591000,-5.795000,11i EEW
810,CSW24_hsp,23,22,18.542000,10.979000,-7.563000,m1 WOO
810,CSW24_hsp,24,23,18.116000,10.839000,-7.277000,e4 DOJO
810,CSW24_hsp,25,32,16.390000,10.686000,-5.704000,11i DEW
111,CSW24_hsp,1,1,52.822000,51.006000,-1.816000,a8 FINITO
111,CSW24_hsp,2,2,44.032000,40.514000,-3.518000,a6 GONIF
111,CSW24_hsp,3,3,40.798000,37.780000,-3.018000,a8 FIT
111,CSW24_hsp,4,4,39.509000,36.497000,-3.012000,a8 GIF
111,CSW24_hsp,5,5,38.120000,35.381000,-2.739000,a8 FINO
111,CSW24_hsp,6,6,37.957000,34.754000,-3.203000,a7 OF
111,CSW24_hsp,7,7,35.943000,33.132000,-2.811000,a8 FINI
111,CSW24_hsp,8,9,31.066000,28.006000,-3.060000,a8 FIN
111,CSW24_hsp,9,10,30.982000,27.403000,-3.579000,a6 FOG
111,CSW24_hsp,10,8,33.032000,24.982000,-8.050000,d2 GONIF
111,CSW24_hsp,11,12,28.737000,23.649000,-5.088000,a4 TIGON
111,CSW24_hsp,12,11,29.798000,21.578000,-8.220000,d4 FIT
111,CSW24_hsp,13,14,26.519000,21.323000,-5.196000,a10 FIGO
111,CSW24_hsp,14,13,27.957000,19.577000,-8.380000,d3 OF
111,CSW24_hsp,15,24,21.242000,17.796000,-3.446000,a8 GIT
111,CSW24_hsp,16,18,23.509000,17.762000,-5.747000,a10 FIG
111,CSW24_hsp,17,15,25.797000,17.074000,-8.723000,m8 IF
111,CSW24_hsp,18,16,25.509000,16.998000,-8.511000,m7 GIF
111,CSW24_hsp,19,29,19.901000,16.443000,-3.458000,a8 GIN
111,CSW24_hsp,20,36,19.060000,14.975000,-4.085000,a6 TOG
111,CSW24_hsp,21,27,20.798000,14.708000,-6.090000,a10 FIT
111,CSW24_hsp,22,19,23.032000,14.047000,-8.985000,m5 GONIF
111,CSW24_hsp,23,46,17.707000,13.926000,-3.781000,a6 FON
111,CSW24_hsp,24,17,23.519000,13.832000,-9.687000,6h FIGO
111,CSW24_hsp,25,47,17.190000,13.208000,-3.982000,a8 GI
594,CSW24_hsp,1,1,20.471000,15.987000,-4.484000,4c AWFUL
594,CSW24_hsp,2,2,17.504000,12.609000,-4.895000,b7 TINFUL
594,CSW24_hsp,3,3,16.410000,12.364000,-4.046000,3f TURF
594,CSW24_hsp,4,4,15.387000,10.817000,-4.570000,4c ARTFUL
594,CSW24_hsp,5,5,12.296000,7.968000,-4.328000,5c UNFURL
594,CSW24_hsp,6,7,12.281000,7.936000,-4.345000,5c UNTURF
594,CSW24_hsp,7,6,12.296000,7.847000,-4.449000,5c URNFUL
594,CSW24_hsp,8,8,11.471000,7.397000,-4.074000,15g LAWFUL
594,CSW24_hsp,9,9,10.909000,6.740000,-4.169000,e4 TURFEN
594,CSW24_hsp,10,10,10.669000,5.921000,-4.748000,14f WORN
594,CSW24_hsp,11,11,9.669000,5.738000,-3.931000,f10 WON
594,CSW24_hsp,12,12,9.622000,5.516000,-4.106000,e4 RUFFE
594,CSW24_hsp,13,13,9.541000,5.486000,-4.055000,f9 FLOW
594,CSW24_hsp,14,14,9.430000,4.955000,-4.475000,14f WORT
594,CSW24_hsp,15,15,9.045000,4.903000,-4.142000,e4 TUFFE
594,CSW24_hsp,16,17,8.430000,4.429000,-4.001000,f10 WOT
594,CSW24_hsp,17,16,8.430000,4.324000,-4.106000,f9 TWO
594,CSW24_hsp,18,19,7.567000,3.491000,-4.076000,13g JAW
594,CSW24_hsp,19,20,7.491000,3.355000,-4.136000,15d FULLAN
594,CSW24_hsp,20,18,7.669000,3.150000,-4.519000,4c AWN
594,CSW24_hsp,21,22,6.937000,3.009000,-3.928000,f10 WOF
594,CSW24_hsp,22,21,7.104000,2.974000,-4.130000,13g JAUNT
594,CSW24_hsp,23,25,6.248000,2.472000,-3.776000,9b FENT
594,CSW24_hsp,24,23,6.479000,2.266000,-4.213000,12c FLU
594,CSW24_hsp,25,24,6.259000,2.132000,-4.127000,12d FUN
497,CSW24_hsp,1,1,30.688000,22.159000,-8.529000,m12 FOR
497,CSW24_hsp,2,2,30.522000,21.942000,-8.580000,m9 FRATER
497,CSW24_hsp,3,4,27.169000,19.240000,-7.929000,11k FROTH
497,CSW24_hsp,4,3,27.169000,19.106000,-8.063000,11k FORTH
497,CSW24_hsp,5,5,27.064000,19.062000,-8.002000,k4 FARL
497,CSW24_hsp,6,6,26.688000,18.432000,-8.256000,j6 FLOR
497,CSW24_hsp,7,11,25.258000,18.119000,-7.139000,m10 OFTER
497,CSW24_hsp,8,7,26.064000,17.740000,-8.324000,m12 FAR
497,CSW24_hsp,9,8,25.688000,17.339000,-8.349000,n13 ORF
497,CSW24_hsp,10,10,25.258000,16.907000,-8.351000,m10 FETOR
497,CSW24_hsp,11,9,25.438000,16.812000,-8.626000,j6 FLORA
497,CSW24_hsp,12,13,24.086000,16.452000,-7.634000,13g FRAT
497,CSW24_hsp,13,12,24.522000,15.942000,-8.580000,m9 RAFTER
497,CSW24_hsp,14,17,23.064000,15.633000,-7.431000,13g FRA
497,CSW24_hsp,15,16,23.074000,15.416000,-7.658000,13h REF
497,CSW24_hsp,16,14,23.780000,15.214000,-8.566000,11j TREFAH
497,CSW24_hsp,17,15,23.427000,14.447000,-8.980000,k4 FARLE
497,CSW24_hsp,18,18,22.780000,14.228000,-8.552000,m10 AFTER
497,CSW24_hsp,19,20,22.074000,14.012000,-8.062000,m12 FER
497,CSW24_hsp,20,19,22.427000,13.957000,-8.470000,m11 FEAR
497,CSW24_hsp,21,21,21.688000,13.890000,-7.798000,i11 FORGO
497,CSW24_hsp,22,26,21.064000,13.602000,-7.462000,12l AFRO
497,CSW24_hsp,23,23,21.288000,13.536000,-7.752000,13h OAF
497,CSW24_hsp,24,25,21.078000,13.516000,-7.562000,9f EXTRA
497,CSW24_hsp,25,27,21.064000,13.407000,-7.657000,12l FARO
158,CSW24_hsp,1,1,31.908000,23.986000,-7.922000,3c FEY
158,CSW24_hsp,2,3,27.866000,19.956000,-7.910000,3c FEM
158,CSW24_hsp,3,2,28.294000,19.816000,-8.478000,3a FAY
158,CSW24_hsp,4,5,24.908000,16.642000,-8.266000,3a FEY
158,CSW24_hsp,5,4,25.150000,16.569000,-8.581000,3a FAME
158,CSW24_hsp,6,6,24.848000,16.402000,-8.446000,3b MY
158,CSW24_hsp,7,7,22.373000,13.862000,-8.511000,3a FAM
158,CSW24_hsp,8,8,22.012000,13.385000,-8.627000,3a MAY
158,CSW24_hsp,9,9,20.937000,11.780000,-9.157000,e10 AMOVE
158,CSW24_hsp,10,12,19.866000,11.578000,-8.288000,3a FEM
158,CSW24_hsp,11,10,20.012000,11.441000,-8.571000,3a YAM
158,CSW24_hsp,12,13,19.561000,11.324000,-8.237000,i1 POM
158,CSW24_hsp,13,15,19.429000,11.214000,-8.215000,i1 PAY
158,CSW24_hsp,14,14,19.552000,11.207000,-8.345000,n6 YO
158,CSW24_hsp,15,11,19.939000,11.140000,-8.799000,3a OAF
158,CSW24_hsp,16,16,18.059000,9.691000,-8.368000,3a VAE
158,CSW24_hsp,17,17,17.943000,9.603000,-8.340000,n6 YE
158,CSW24_hsp,18,20,17.756000,9.519000,-8.237000,i1 PAM
158,CSW24_hsp,19,19,17.863000,9.517000,-8.346000,3c OF
158,CSW24_hsp,20,18,17.883000,9.469000,-8.414000,3c FE
158,CSW24_hsp,21,22,17.624000,9.362000,-8.262000,n6 YEA
158,CSW24_hsp,22,21,17.624000,9.245000,-8.379000,n6 YAE
158,CSW24_hsp,23,23,17.445000,9.081000,-8.364000,n6 MOA
158,CSW24_hsp,24,24,17.429000,8.932000,-8.497000,n6 YA
158,CSW24_hsp,25,26,16.863000,8.562000,-8.301000,4d FOB
1103,CSW24_hsp,1,1,24.792000,19.472000,-5.320000,8j AERUGO
1103,CSW24_hsp,2,2,18.611000,13.791000,-4.820000,4f OUS
1103,CSW24_hsp,3,3,17.103000,11.659000,-5.444000,4g USAGER
1103,CSW24_hsp,4,5,14.624000,9.799000,-4.825000,4f OIS
1103,CSW24_hsp,5,6,13.611000,8.614000,-4.997000,10j OU
1103,CSW24_hsp,6,7,13.047000,8.297000,-4.750000,c5 GOA
1103,CSW24_hsp,7,8,12.624000,7.344000,-5.280000,4g ISO
1103,CSW24_hsp,8,10,12.522000,7.324000,-5.198000,j6 GAUDIER
1103,CSW24_hsp,9,9,12.582000,7.294000,-5.288000,2f ROUGE
1103,CSW24_hsp,10,4,15.792000,7.261000,-8.531000,10j AERUGO
1103,CSW24_hsp,11,12,11.837000,7.025000,-4.812000,j6 GUIDE
1103,CSW24_hsp,12,14,11.536000,6.806000,-4.730000,10j ERUGO
1103,CSW24_hsp,13,15,11.536000,6.733000,-4.803000,10j ORGUE
1103,CSW24_hsp,14,13,11.826000,6.691000,-5.135000,10j OURIE
1103,CSW24_hsp,15,11,12.036000,6.344000,-5.692000,4g USAGE
1103,CSW24_hsp,16,16,11.441000,6.279000,-5.162000,10j EUOI
1103,CSW24_hsp,17,17,11.162000,6.040000,-5.122000,10j AGIO
1103,CSW24_hsp,18,23,10.085000,5.941000,-4.144000,f5 AG
1103,CSW24_hsp,19,19,10.611000,5.682000,-4.929000,j8 UDO
1103,CSW24_hsp,20,20,10.611000,5.372000,-5.239000,j9 DUO
1103,CSW24_hsp,21,18,10.611000,5.175000,-5.436000,i4 OU
1103,CSW24_hsp,22,31,9.385000,5.083000,-4.302000,2f EAU
1103,CSW24_hsp,23,25,9.774000,4.908000,-4.866000,10j ORGIA
1103,CSW24_hsp,24,28,9.624000,4.697000,-4.927000,10j OI
1103,CSW24_hsp,25,27,9.624000,4.598000,-5.026000,10j IO
1113,CSW24_hsp,1,1,78.000000,77.128000,-0.872000,b2 SPICIER
1113,CSW24_hsp,2,2,74.000000,74.253000,0.253000,e4 PRICIEST
1113,CSW24_hsp,3,3,63.000000,63.039000,0.039000,4g IRISCOPE
1113,CSW24_hsp,4,4,45.350000,44.311000,-1.039000,10d PIC
1113,CSW24_hsp,5,6,39.917000,40.020000,0.103000,o11 CRISP
1113,CSW24_hsp,6,5,40.043000,39.835000,-0.208000,o12 PISE
1113,CSW24_hsp,7,7,38.378000,36.775000,-1.603000,d12 CIRE
1113,CSW24_hsp,8,8,37.574000,36.390000,-1.184000,10d RIP
1113,CSW24_hsp,9,9,37.536000,36.041000,-1.495000,13b NIP
1113,CSW24_hsp,10,13,35.386000,35.122000,-0.264000,o11 PRISE
1113,CSW24_hsp,11,10,36.983000,34.867000,-2.116000,j10 IsO
1113,CSW24_hsp,12,11,35.983000,33.911000,-2.072000,d13 IRE
1113,CSW24_hsp,13,18,33.966000,33.711000,-0.255000,o11 CRISE
1113,CSW24_hsp,14,19,33.523000,33.065000,-0.458000,o12 RISP
1113,CSW24_hsp,15,12,35.983000,32.820000,-3.163000,n14 GI
1113,CSW24_hsp,16,14,34.983000,32.705000,-2.278000,4k IO
1113,CSW24_hsp,17,16,34.983000,32.560000,-2.423000,5l LI
1113,CSW24_hsp,18,17,34.983000,32.472000,-2.511000,e10 IT
1113,CSW24_hsp,19,20,33.496000,32.458000,-1.038000,o13 PSI
1113,CSW24_hsp,20,15,34.983000,32.439000,-2.544000,4l OI
1113,CSW24_hsp,21,21,32.983000,30.507000,-2.476000,ex I
1113,CSW24_hsp,22,22,32.536000,30.406000,-2.130000,m4 PI
1113,CSW24_hsp,23,23,32.095000,30.291000,-1.804000,5k PLIE
1113,CSW24_hsp,24,28,30.922000,29.823000,-1.099000,10d SIC
1113,CSW24_hsp,25,26,31.320000,29.322000,-1.998000,3j CIVE
784,CSW24_hsp,1,1,86.000000,78.590000,-7.410000,15b AVERSION
784,CSW24_hsp,2,2,42.869000,34.723000,-8.146000,15c EVASION
784,CSW24_hsp,3,3,41.169000,33.230000,-7.939000,15d VISON
784,CSW24_hsp,4,5,37.981000,29.993000,-7.988000,15d VISOR
784,CSW24_hsp,5,4,38.780000,29.900000,-8.880000,15a NAIVES
784,CSW24_hsp,6,8,34.837000,26.823000,-8.014000,15d VISNE
784,CSW24_hsp,7,9,34.778000,26.153000,-8.625000,15a AVIONS
784,CSW24_hsp,8,11,32.622000,23.976000,-8.646000,15c VERSION
784,CSW24_hsp,9,13,32.258000,23.646000,-8.612000,15a OVINES
784,CSW24_hsp,10,12,32.258000,23.280000,-8.978000,15a ENVOIS
784,CSW24_hsp,11,15,31.014000,21.724000,-9.290000,15a VIREOS
784,CSW24_hsp,12,18,29.119000,20.949000,-8.170000,15f SAVIOR
784,CSW24_hsp,13,17,29.780000,20.788000,-8.992000,15a NAVIES
784,CSW24_hsp,14,6,35.169000,20.730000,-14.439000,d1 VINO
784,CSW24_hsp,15,7,35.014000,20.583000,-14.431000,d1 VIREO
784,CSW24_hsp,16,21,28.752000,19.852000,-8.900000,15a AIVERS
784,CSW24_hsp,17,22,28.752000,19.510000,-9.242000,15a VARIES
784,CSW24_hsp,18,34,26.995000,19.048000,-7.947000,15f SOV
784,CSW24_hsp,19,37,26.780000,18.624000,-8.156000,15f SAVINE
784,CSW24_hsp,20,43,26.428000,18.431000,-7.997000,15f SAVOR
784,CSW24_hsp,21,35,26.871000,18.063000,-8.808000,15a INVARS
784,CSW24_hsp,22,45,26.086000,18.036000,-8.050000,15f SAVIN
784,CSW24_hsp,23,36,26.871000,17.966000,-8.905000,15a RAVINS
784,CSW24_hsp,24,10,32.778000,17.641000,-15.137000,d1 AVION
784,CSW24_hsp,25,14,32.086000,17.583000,-14.503000,d1 VINA
1087,CSW24_hsp,1,3,6.157000,-2.793000,-8.950000,5k AIGA
1087,CSW24_hsp,2,5,4.292000,-3.503000,-7.795000,3i GARI
1087,CSW24_hsp,3,2,6.345000,-3.858000,-10.203000,h7 ATIGI
1087,CSW24_hsp,4,6,4.157000,-4.799000,-8.956000,3k AIGA
1087,CSW24_hsp,5,10,3.536000,-5.731000,-9.267000,h6 ARTIGI
1087,CSW24_hsp,6,12,2.258000,-6.121000,-8.379000,ex AGIII
1087,CSW24_hsp,7,7,4.157000,-6.135000,-10.292000,7g AIGA
1087,CSW24_hsp,8,8,4.157000,-6.229000,-10.386000,9g AIGA
1087,CSW24_hsp,9,11,2.363000,-6.244000,-8.607000,5k AIA
1087,CSW24_hsp,10,1,6.345000,-6.350000,-12.695000,2e ATIGI
1087,CSW24_hsp,11,14,2.157000,-6.386000,-8.543000,d11 AIGA
1087,CSW24_hsp,12,15,2.000000,-6.799000,-8.799000,3j ARIA
1087,CSW24_hsp,13,17,1.475000,-7.351000,-8.826000,h1 GAIr
1087,CSW24_hsp,14,20,0.869000,-7.510000,-8.379000,ex AAGIII
1087,CSW24_hsp,15,4,4.450000,-7.771000,-12.221000,d11 AGRIA
1087,CSW24_hsp,16,21,0.548000,-7.831000,-8.379000,ex AII
1087,CSW24_hsp,17,18,1.363000,-7.886000,-9.249000,7g AIA
1087,CSW24_hsp,18,22,0.441000,-7.938000,-8.379000,ex AIII
1087,CSW24_hsp,19,19,1.363000,-7.946000,-9.309000,9g AIA
1087,CSW24_hsp,20,26,0.292000,-8.014000,-8.306000,d10 RAGI
1087,CSW24_hsp,21,16,1.690000,-8.027000,-9.717000,g2 AIL
1087,CSW24_hsp,22,24,0.345000,-8.034000,-8.379000,ex AGII
1087,CSW24_hsp,23,23,0.363000,-8.239000,-8.602000,3k AIA
1087,CSW24_hsp,24,27,0.121000,-8.248000,-8.369000,5i RIA
1087,CSW24_hsp,25,25,0.292000,-8.372000,-8.664000,3k RAGI
972,CSW24_hsp,1,1,70.000000,54.835000,-15.165000,n7 OUTRATES
972,CSW24_hsp,2,2,70.000000,52.671000,-17.329000,n8 OUTSTARE
972,CSW24_hsp,3,3,62.000000,49.689000,-12.311000,n5 SEATROUT
972,CSW24_hsp,4,4,42.565000,33.538000,-9.027000,2e OU
972,CSW24_hsp,5,14,34.320000,30.082000,-4.238000,13c SATE
972,CSW24_hsp,6,15,34.320000,30.060000,-4.260000,13c SETA
972,CSW24_hsp,7,5,39.543000,29.323000,-10.220000,7l QUA
972,CSW24_hsp,8,7,36.998000,28.996000,-8.002000,13c SO
972,CSW24_hsp,9,6,38.565000,28.981000,-9.584000,13f OU
972,CSW24_hsp,10,17,33.862000,27.685000,-6.177000,13c SOT
972,CSW24_hsp,11,8,36.565000,26.945000,-9.620000,13g OU
972,CSW24_hsp,12,11,35.565000,26.102000,-9.463000,13e OU
972,CSW24_hsp,13,10,35.565000,25.969000,-9.596000,i4 OU
972,CSW24_hsp,14,9,35.618000,25.919000,-9.699000,9b AX
972,CSW24_hsp,15,16,33.884000,25.710000,-8.174000,c8 EXALTER
972,CSW24_hsp,16,28,31.753000,25.552000,-6.201000,13c SAT
972,CSW24_hsp,17,12,34.565000,25.306000,-9.259000,3f OU
972,CSW24_hsp,18,13,34.565000,24.391000,-10.174000,n10 OUT
972,CSW24_hsp,19,23,31.933000,23.572000,-8.361000,3j COUTA
972,CSW24_hsp,20,34,30.940000,22.986000,-7.954000,2e AUE
972,CSW24_hsp,21,22,32.543000,22.983000,-9.560000,14a AUA
972,CSW24_hsp,22,18,32.565000,22.965000,-9.600000,5h OUR
972,CSW24_hsp,23,19,32.565000,22.931000,-9.634000,a6 OUR
972,CSW24_hsp,24,20,32.543000,22.905000,-9.638000,6i UVA
972,CSW24_hsp,25,26,31.899000,22.665000,-9.234000,f1 OU
249,CSW24_hsp,1,1,69.000000,62.819000,-6.181000,2e NEOLITH
249,CSW24_hsp,2,2,27.237000,26.119000,-1.118000,12h ZIN
249,CSW24_hsp,3,3,26.325000,23.861000,-2.464000,2e OH
249,CSW24_hsp,4,4,25.714000,23.602000,-2.112000,7h HOI
249,CSW24_hsp,5,5,24.325000,22.540000,-1.785000,7h HO
249,CSW24_hsp,6,9,23.324000,20.990000,-2.334000,13l HET
249,CSW24_hsp,7,15,22.237000,20.970000,-1.267000,9e JAI
249,CSW24_hsp,8,8,23.325000,20.906000,-2.419000,10n OH
249,CSW24_hsp,9,7,23.338000,20.767000,-2.571000,7h NOIL
249,CSW24_hsp,10,6,23.338000,20.631000,-2.707000,7h LOIN
249,CSW24_hsp,11,14,22.325000,20.579000,-1.746000,9h HO
249,CSW24_hsp,12,18,21.629000,20.189000,-1.440000,4f EH
249,CSW24_hsp,13,16,21.983000,20.177000,-1.806000,9e JAIL
249,CSW24_hsp,14,13,22.469000,20.123000,-2.346000,10m LO
249,CSW24_hsp,15,10,22.672000,20.070000,-2.602000,a12 HOLK
249,CSW24_hsp,16,12,22.517000,19.596000,-2.921000,m9 THORO
249,CSW24_hsp,17,11,22.575000,19.551000,-3.024000,10m NOH
249,CSW24_hsp,18,17,21.812000,19.502000,-2.310000,13l HEN
249,CSW24_hsp,19,19,21.291000,18.717000,-2.574000,7h TOIL
249,CSW24_hsp,20,20,21.007000,18.507000,-2.500000,k9 LILO
249,CSW24_hsp,21,27,19.629000,17.934000,-1.695000,d3 ODAH
249,CSW24_hsp,22,22,20.517000,17.648000,-2.869000,m11 ORTHO
249,CSW24_hsp,23,28,19.524000,17.646000,-1.878000,9a ETH
249,CSW24_hsp,24,23,20.428000,17.587000,-2.841000,3g HOLT
249,CSW24_hsp,25,21,20.598000,17.500000,-3.098000,m9 THORON
400,CSW24_hsp,1,2,24.364000,17.595000,-6.769000,9e COLOR
400,CSW24_hsp,2,1,26.780000,16.858000,-9.922000,9e COLONI
400,CSW24_hsp,3,3,23.036000,15.690000,-7.346000,9e COLON
400,CSW24_hsp,4,4,22.008000,14.693000,-7.315000,9g LOO
400,CSW24_hsp,5,5,20.364000,12.235000,-8.129000,9g LOOR
400,CSW24_hsp,6,9,18.614000,11.403000,-7.211000,9g NOO
400,CSW24_hsp,7,6,19.036000,10.498000,-8.538000,9g LOON
400,CSW24_hsp,8,7,19.036000,10.271000,-8.765000,9g NOLO
400,CSW24_hsp,9,13,15.008000,7.540000,-7.468000,f4 LOO
400,CSW24_hsp,10,15,15.005000,7.444000,-7.561000,f3 OLIO
400,CSW24_hsp,11,18,14.681000,7.250000,-7.431000,9g NOIL
400,CSW24_hsp,12,19,14.324000,7.216000,-7.108000,f10 OOR
400,CSW24_hsp,13,20,14.324000,6.969000,-7.355000,d12 ROO
400,CSW24_hsp,14,21,14.008000,6.952000,-7.056000,d4 LOO
400,CSW24_hsp,15,17,14.681000,6.878000,-7.803000,9g LOIN
400,CSW24_hsp,16,8,19.005000,6.731000,-12.274000,j5 OLIO
400,CSW24_hsp,17,22,13.735000,6.304000,-7.431000,9g LOIR
400,CSW24_hsp,18,24,13.324000,5.902000,-7.422000,f4 ROO
400,CSW24_hsp,19,30,12.614000,5.705000,-6.909000,d12 NOO
400,CSW24_hsp,20,23,13.614000,5.645000,-7.969000,b12 NOO
400,CSW24_hsp,21,27,12.918000,5.487000,-7.431000,9g NOIR
400,CSW24_hsp,22,31,12.586000,5.422000,-7.164000,f10 OO
400,CSW24_hsp,23,29,12.614000,5.421000,-7.193000,f10 OON
400,CSW24_hsp,24,10,18.005000,5.271000,-12.734000,b12 OLIO
400,CSW24_hsp,25,33,12.324000,5.258000,-7.066000,d4 ROO
663,CSW24_hsp,1,1,19.729000,23.783000,4.054000,13b GREWS
663,CSW24_hsp,2,2,18.792000,23.068000,4.276000,13b BREWS
663,CSW24_hsp,3,5,17.523000,20.529000,3.006000,14b GLEBE
663,CSW24_hsp,4,3,17.598000,20.097000,2.499000,13c WEBS
663,CSW24_hsp,5,4,17.571000,19.983000,2.412000,13a WEBERS
663,CSW24_hsp,6,9,13.682000,17.459000,3.777000,13b BERGS
663,CSW24_hsp,7,6,14.988000,16.949000,1.961000,j13 EWK
663,CSW24_hsp,8,7,14.504000,16.848000,2.344000,13a GLEBES
663,CSW24_hsp,9,10,13.682000,16.821000,3.139000,14b GERBE
663,CSW24_hsp,10,11,13.682000,16.809000,3.127000,14b GREBE
663,CSW24_hsp,11,17,12.160000,15.525000,3.365000,2n EE
663,CSW24_hsp,12,18,11.322000,15.521000,4.199000,4c BEVEL
663,CSW24_hsp,13,8,13.988000,15.453000,1.465000,12h EW
663,CSW24_hsp,14,12,13.226000,15.377000,2.151000,6b WELT
663,CSW24_hsp,15,13,12.914000,14.928000,2.014000,13c BEGS
663,CSW24_hsp,16,14,12.281000,14.650000,2.369000,13a GERBES
663,CSW24_hsp,17,15,12.281000,14.646000,2.365000,13a GREBES
663,CSW24_hsp,18,16,12.226000,14.251000,2.025000,13c WELS
663,CSW24_hsp,19,26,9.791000,13.986000,4.195000,4c BEVER
663,CSW24_hsp,20,25,9.791000,13.975000,4.184000,4b BREVE
663,CSW24_hsp,21,27,9.625000,13.585000,3.960000,4b GREVE
663,CSW24_hsp,22,19,11.266000,13.536000,2.270000,6b WERT
663,CSW24_hsp,23,23,10.266000,12.282000,2.016000,13c REWS
663,CSW24_hsp,24,20,10.988000,12.225000,1.237000,6m EWT
663,CSW24_hsp,25,24,10.226000,12.164000,1.938000,13f SLEW
993,CSW24_hsp,1,1,84.034000,82.499000,-1.535000,l4 ZOA
993,CSW24_hsp,2,2,82.078000,81.453000,-0.625000,15a ALOHA
993,CSW24_hsp,3,3,79.947000,79.261000,-0.686000,l4 ZA
993,CSW24_hsp,4,4,79.886000,78.711000,-1.175000,15a pLAZA
993,CSW24_hsp,5,5,79.008000,77.476000,-1.532000,l4 ZOL
993,CSW24_hsp,6,6,77.873000,77.137000,-0.736000,l4 ZO
993,CSW24_hsp,7,7,76.034000,75.541000,-0.493000,d3 ZOA
993,CSW24_hsp,8,8,72.234000,72.007000,-0.227000,8l HULA
993,CSW24_hsp,9,10,69.947000,70.136000,0.189000,d3 ZA
993,CSW24_hsp,10,9,70.078000,69.701000,-0.377000,l1 ALOHA
993,CSW24_hsp,11,11,67.873000,67.884000,0.011000,d3 ZO
993,CSW24_hsp,12,13,65.594000,65.925000,0.331000,l4 HAO
993,CSW24_hsp,13,14,65.594000,65.896000,0.302000,l4 HOA
993,CSW24_hsp,14,16,65.034000,65.177000,0.143000,l2 ZOA
993,CSW24_hsp,15,18,64.234000,64.935000,0.701000,d3 LAH
993,CSW24_hsp,16,17,64.640000,64.880000,0.240000,l4 HA
993,CSW24_hsp,17,19,63.594000,64.476000,0.882000,d3 HAO
993,CSW24_hsp,18,20,63.594000,64.476000,0.882000,d3 HOA
993,CSW24_hsp,19,12,66.366000,64.363000,-2.003000,15b LAZO
993,CSW24_hsp,20,15,65.541000,63.477000,-2.064000,8l ZUpA
993,CSW24_hsp,21,23,62.640000,63.020000,0.380000,d4 AH
993,CSW24_hsp,22,26,61.640000,62.142000,0.502000,a14 HA
993,CSW24_hsp,23,22,63.034000,62.121000,-0.913000,n2 ZOA
993,CSW24_hsp,24,31,61.034000,61.520000,0.486000,3b RAZOO
993,CSW24_hsp,25,32,60.640000,61.361000,0.721000,d3 HA
222,CSW24_hsp,1,1,29.210000,28.441000,-0.769000,k2 HIJRA
222,CSW24_hsp,2,2,27.881000,26.831000,-1.050000,k1 HEJIRA
222,CSW24_hsp,3,3,27.430000,26.452000,-0.978000,k2 HEJRA
222,CSW24_hsp,4,5,26.112000,25.094000,-1.018000,l4 HIM
222,CSW24_hsp,5,4,26.373000,24.848000,-1.525000,e8 JUBE
222,CSW24_hsp,6,7,23.884000,22.860000,-1.024000,l4 HEM
222,CSW24_hsp,7,8,23.095000,22.353000,-0.742000,k1 INJERA
222,CSW24_hsp,8,6,24.305000,22.207000,-2.098000,a12 HERB
222,CSW24_hsp,9,9,23.095000,21.611000,-1.484000,e6 INJURE
222,CSW24_hsp,10,10,22.338000,20.880000,-1.458000,4l JINN
222,CSW24_hsp,11,12,19.938000,17.929000,-2.009000,d5 RHINO
222,CSW24_hsp,12,11,20.006000,17.693000,-2.313000,a11 RHINE
222,CSW24_hsp,13,15,18.962000,17.508000,-1.454000,5k BED
222,CSW24_hsp,14,14,19.059000,17.211000,-1.848000,e8 BUHR
222,CSW24_hsp,15,13,19.355000,16.779000,-2.576000,3j JIBB
222,CSW24_hsp,16,16,18.796000,16.618000,-2.178000,5b SNIB
222,CSW24_hsp,17,17,18.171000,16.264000,-1.907000,9k HISN
222,CSW24_hsp,18,18,17.927000,15.567000,-2.360000,a12 HERN
222,CSW24_hsp,19,20,16.920000,15.279000,-1.641000,e8 JURE
222,CSW24_hsp,20,19,16.976000,15.002000,-1.974000,10e HIE
222,CSW24_hsp,21,21,15.600000,13.924000,-1.676000,k5 JA
222,CSW24_hsp,22,24,14.785000,13.513000,-1.272000,k1 HERNIA
222,CSW24_hsp,23,22,15.552000,13.350000,-2.202000,5b SNEB
222,CSW24_hsp,24,23,15.112000,12.814000,-2.298000,10e HI
222,CSW24_hsp,25,25,14.661000,12.380000,-2.281000,10b QIN
62,CSW24_hsp,1,2,25.917000,20.351000,-5.566000,a14 BE
62,CSW24_hsp,2,5,24.013000,18.451000,-5.562000,a14 PE
62,CSW24_hsp,3,1,27.844000,17.565000,-10.279000,i3 PEN
62,CSW24_hsp,4,3,24.697000,14.659000,-10.038000,d1 BINGE
62,CSW24_hsp,5,4,24.430000,14.338000,-10.092000,i3 PENG
62,CSW24_hsp,6,7,23.376000,13.510000,-9.866000,d4 NEB
62,CSW24_hsp,7,6,23.376000,13.205000,-10.171000,i3 NEB
62,CSW24_hsp,8,8,23.013000,12.937000,-10.076000,i3 PE
62,CSW24_hsp,9,22,17.930000,12.417000,-5.513000,a14 BI
62,CSW24_hsp,10,10,21.844000,12.228000,-9.616000,d4 NEP
62,CSW24_hsp,11,9,21.844000,11.676000,-10.168000,i3 NEP
62,CSW24_hsp,12,13,20.881000,11.538000,-9.343000,d2 GENIP
62,CSW24_hsp,13,14,20.693000,11.009000,-9.684000,10d NEBS
62,CSW24_hsp,14,12,20.901000,10.651000,-10.250000,i3 PENNI
62,CSW24_hsp,15,15,20.313000,10.161000,-10.152000,i3 PEIN
62,CSW24_hsp,16,16,20.313000,10.139000,-10.174000,i3 PENI
62,CSW24_hsp,17,33,14.952000,9.439000,-5.513000,a14 PI
62,CSW24_hsp,18,19,18.730000,9.046000,-9.684000,10d NEPS
62,CSW24_hsp,19,20,18.727000,8.615000,-10.112000,d1 BENNI
62,CSW24_hsp,20,17,19.730000,8.478000,-11.252000,14a NEP
62,CSW24_hsp,21,21,18.040000,8.255000,-9.785000,d4 NIB
62,CSW24_hsp,22,23,17.901000,7.761000,-10.140000,d1 PENNI
62,CSW24_hsp,23,18,19.693000,7.413000,-12.280000,14a BEN
62,CSW24_hsp,24,27,16.731000,7.135000,-9.596000,d4 NIP
62,CSW24_hsp,25,28,16.693000,6.907000,-9.786000,10d BENS
369,CSW24_hsp,1,1,45.045000,38.528000,-6.517000,13h AJIS
369,CSW24_hsp,2,4,43.509000,36.945000,-6.564000,n6 JAR
369,CSW24_hsp,3,3,43.947000,36.531000,-7.416000,14e AJI
369,CSW24_hsp,4,5,42.423000,35.730000,-6.693000,14d RAJ
369,CSW24_hsp,5,2,44.390000,35.539000,-8.851000,14e AJIS
369,CSW24_hsp,6,6,41.824000,35.138000,-6.686000,n6 JA
369,CSW24_hsp,7,7,40.824000,34.197000,-6.627000,2f JAI
369,CSW24_hsp,8,11,40.470000,33.637000,-6.833000,14d TAJ
369,CSW24_hsp,9,8,40.694000,33.604000,-7.090000,2a JAPS
369,CSW24_hsp,10,14,39.694000,33.296000,-6.398000,f3 JASY
369,CSW24_hsp,11,10,40.509000,32.849000,-7.660000,14e AJAR
369,CSW24_hsp,12,9,40.509000,32.581000,-7.928000,14d RAJA
369,CSW24_hsp,13,12,39.935000,31.977000,-7.958000,14b RAJAS
369,CSW24_hsp,14,15,38.824000,31.564000,-7.260000,2a JAP
369,CSW24_hsp,15,13,39.935000,30.810000,-9.125000,14d RAJAS
369,CSW24_hsp,16,18,36.824000,30.696000,-6.128000,m9 JA
369,CSW24_hsp,17,16,37.863000,30.346000,-7.517000,n5 AJI
369,CSW24_hsp,18,17,36.947000,30.150000,-6.797000,4f JIZ
369,CSW24_hsp,19,19,36.694000,30.100000,-6.594000,13c AJIS
369,CSW24_hsp,20,21,35.824000,29.461000,-6.363000,13i JA
369,CSW24_hsp,21,20,35.824000,29.369000,-6.455000,d1 JA
369,CSW24_hsp,22,24,34.824000,28.266000,-6.558000,13c AJI
369,CSW24_hsp,23,25,34.824000,28.159000,-6.665000,13c JAI
369,CSW24_hsp,24,23,35.509000,28.053000,-7.456000,14b RAJA
369,CSW24_hsp,25,22,35.509000,26.113000,-9.396000,b13 RAJ
378,CSW24_hsp,1,1,40.071000,33.952000,-6.119000,5c EMOTE
378,CSW24_hsp,2,3,35.443000,29.811000,-5.632000,e4 LEME
378,CSW24_hsp,3,2,35.945000,29.514000,-6.431000,b1 OE
378,CSW24_hsp,4,4,35.313000,29.309000,-6.004000,e2 MOLE
378,CSW24_hsp,5,5,33.443000,26.926000,-6.517000,c11 EME
378,CSW24_hsp,6,6,33.358000,26.467000,-6.891000,b2 MEUSE
378,CSW24_hsp,7,7,32.708000,26.364000,-6.344000,b2 MEU
378,CSW24_hsp,8,8,32.193000,26.204000,-5.989000,e4 LEE
378,CSW24_hsp,9,9,32.193000,25.916000,-6.277000,e9 REE
378,CSW24_hsp,10,12,31.313000,25.345000,-5.968000,5d MOTE
378,CSW24_hsp,11,13,31.313000,25.198000,-6.115000,e11 EMO
378,CSW24_hsp,12,10,31.443000,25.184000,-6.259000,2a HEME
378,CSW24_hsp,13,14,31.193000,24.639000,-6.554000,m3 EE
378,CSW24_hsp,14,15,31.193000,24.585000,-6.608000,l7 EYE
378,CSW24_hsp,15,11,31.443000,24.529000,-6.914000,c12 MEE
378,CSW24_hsp,16,18,30.664000,24.529000,-6.135000,e9 REEN
378,CSW24_hsp,17,17,30.664000,24.298000,-6.366000,l7 EYEN
378,CSW24_hsp,18,16,30.708000,24.271000,-6.437000,b2 EMU
378,CSW24_hsp,19,22,30.193000,24.008000,-6.185000,e11 EE
378,CSW24_hsp,20,25,29.945000,23.978000,-5.967000,e3 OLE
378,CSW24_hsp,21,26,29.535000,23.719000,-5.816000,e2 NOLE
378,CSW24_hsp,22,23,30.193000,23.505000,-6.688000,c12 EE
378,CSW24_hsp,23,20,30.193000,23.490000,-6.703000,c3 EME
378,CSW24_hsp,24,24,29.973000,23.417000,-6.556000,b1 OM
378,CSW24_hsp,25,19,30.193000,23.155000,-7.038000,g2 EE
325,CSW24_hsp,1,1,90.000000,82.926000,-7.074000,7e sTARVED
325,CSW24_hsp,2,2,87.000000,80.290000,-6.710000,7f TARDiVE
325,CSW24_hsp,3,3,85.000000,76.693000,-8.307000,7g ADVERTs
325,CSW24_hsp,4,4,83.000000,71.722000,-11.278000,m3 ADVERTs
325,CSW24_hsp,5,8,80.000000,71.427000,-8.573000,l6 ADVERTEd
325,CSW24_hsp,6,9,80.000000,71.427000,-8.573000,l6 AdVERTED
325,CSW24_hsp,7,7,80.000000,71.249000,-8.751000,l5 TRAVElED
325,CSW24_hsp,8,6,80.000000,71.236000,-8.764000,l5 TAiVERED
325,CSW24_hsp,9,10,80.000000,71.209000,-8.791000,l7 AVEnTRED
325,CSW24_hsp,10,5,81.000000,68.903000,-12.097000,m9 sTARVED
325,CSW24_hsp,11,12,80.000000,67.607000,-12.393000,d8 CuRVATED
325,CSW24_hsp,12,11,80.000000,66.523000,-13.477000,d8 CAVoRTED
325,CSW24_hsp,13,13,78.000000,66.317000,-11.683000,l8 DERiVATE
325,CSW24_hsp,14,15,74.000000,65.998000,-8.002000,l3 ADVERTEd
325,CSW24_hsp,15,17,74.000000,65.972000,-8.028000,l3 AdVERTED
325,CSW24_hsp,16,19,74.000000,65.282000,-8.718000,l3 TAiVERED
325,CSW24_hsp,17,16,74.000000,65.003000,-8.997000,l3 AVEnTRED
325,CSW24_hsp,18,18,74.000000,64.852000,-9.148000,l3 EViRATED
325,CSW24_hsp,19,14,74.000000,64.712000,-9.288000,l2 DERiVATE
325,CSW24_hsp,20,22,71.000000,64.037000,-6.963000,7h TARDiVE
325,CSW24_hsp,21,20,72.000000,63.227000,-8.773000,l3 TRAVElED
325,CSW24_hsp,22,21,71.283000,62.835000,-8.448000,7f VAT
325,CSW24_hsp,23,24,67.938000,59.303000,-8.635000,7f VAR
325,CSW24_hsp,24,23,68.000000,58.183000,-9.817000,7h TAVeRED
325,CSW24_hsp,25,26,66.264000,58.014000,-8.250000,7f VADE
343,CSW24_hsp,1,1,77.000000,66.977000,-10.023000,j1 IGNITES
343,CSW24_hsp,2,3,45.413000,43.825000,-1.588000,9f GITE
343,CSW24_hsp,3,2,46.055000,42.513000,-3.542000,9f GI
343,CSW24_hsp,4,4,42.901000,40.972000,-1.929000,9f GIN
343,CSW24_hsp,5,5,42.901000,40.932000,-1.969000,9f ING
343,CSW24_hsp,6,7,42.117000,40.277000,-1.840000,9f GIT
343,CSW24_hsp,7,6,42.555000,40.180000,-2.375000,9e TINGE
343,CSW24_hsp,8,8,41.784000,38.708000,-3.076000,9f IT
343,CSW24_hsp,9,10,39.642000,37.872000,-1.770000,9f GIE
343,CSW24_hsp,10,9,40.055000,36.200000,-3.855000,9e GI
343,CSW24_hsp,11,11,39.014000,35.345000,-3.669000,f7 JAI
343,CSW24_hsp,12,12,37.901000,34.443000,-3.458000,9e GIN
343,CSW24_hsp,13,17,36.413000,34.241000,-2.172000,9e GITE
343,CSW24_hsp,14,20,35.935000,33.855000,-2.080000,9e GIEN
343,CSW24_hsp,15,14,37.117000,33.784000,-3.333000,9e GIT
343,CSW24_hsp,16,22,35.428000,33.713000,-1.715000,9f GIST
343,CSW24_hsp,17,18,36.312000,33.678000,-2.634000,9e TING
343,CSW24_hsp,18,13,37.303000,33.672000,-3.631000,9e TIE
343,CSW24_hsp,19,21,35.784000,33.137000,-2.647000,9g IT
343,CSW24_hsp,20,16,36.784000,32.563000,-4.221000,9e TI
343,CSW24_hsp,21,26,34.683000,31.553000,-3.130000,9f GITES
343,CSW24_hsp,22,27,34.642000,31.507000,-3.135000,9e GIE
343,CSW24_hsp,23,19,36.110000,31.426000,-4.684000,9c IGNITE
343,CSW24_hsp,24,23,34.863000,31.312000,-3.551000,f7 JAG
343,CSW24_hsp,25,32,33.032000,30.667000,-2.365000,9e SINGE
945,CSW24_hsp,1,1,70.000000,69.373000,-0.627000,10b ARsENAL
945,CSW24_hsp,2,2,70.000000,69.311000,-0.689000,10b AdRENAL
945,CSW24_hsp,3,3,68.000000,67.448000,-0.552000,10b ALNAgER
945,CSW24_hsp,4,5,68.000000,67.308000,-0.692000,10b pREANAL
945,CSW24_hsp,5,4,68.000000,67.257000,-0.743000,10b bANALER
945,CSW24_hsp,6,6,59.248000,59.656000,0.408000,7l ARIA
945,CSW24_hsp,7,10,58.000000,57.015000,-0.985000,4e LARNAkES
945,CSW24_hsp,8,7,58.000000,57.009000,-0.991000,4e ALNAgERS
945,CSW24_hsp,9,11,57.051000,56.961000,-0.090000,7m RIA
945,CSW24_hsp,10,8,58.000000,56.926000,-1.074000,4e ARsENALS
945,CSW24_hsp,11,9,58.000000,56.923000,-1.077000,4e AdRENALS
945,CSW24_hsp,12,12,56.340000,55.756000,-0.584000,13e ALAN
945,CSW24_hsp,13,15,54.812000,54.881000,0.069000,7g LARI
945,CSW24_hsp,14,13,55.340000,54.673000,-0.667000,13d LANA
945,CSW24_hsp,15,14,55.004000,54.141000,-0.863000,7f LAARI
945,CSW24_hsp,16,16,54.460000,54.110000,-0.350000,7f REALIA
945,CSW24_hsp,17,17,54.248000,54.029000,-0.219000,7h ARIA
945,CSW24_hsp,18,18,54.134000,53.915000,-0.219000,7h ARIE
945,CSW24_hsp,19,19,54.096000,53.526000,-0.570000,13e ELAN
945,CSW24_hsp,20,20,54.004000,53.379000,-0.625000,13e ALAR
945,CSW24_hsp,21,21,53.649000,53.204000,-0.445000,m1 AVE
945,CSW24_hsp,22,22,53.229000,52.965000,-0.264000,13e ALANE
945,CSW24_hsp,23,23,52.340000,51.723000,-0.617000,13f LANA
945,CSW24_hsp,24,24,52.051000,51.325000,-0.726000,7i RIA
945,CSW24_hsp,25,25,51.146000,51.056000,-0.090000,7m AIA
108,CSW24_hsp,1,1,42.434000,40.337000,-2.097000,2l DICT
108,CSW24_hsp,2,2,41.181000,35.979000,-5.202000,13l SCOP
108,CSW24_hsp,3,4,38.951000,35.856000,-3.095000,h11 PUDIC
108,CSW24_hsp,4,3,38.951000,35.784000,-3.167000,h11 CUPID
108,CSW24_hsp,5,5,37.697000,34.502000,-3.195000,13b DICTS
108,CSW24_hsp,6,6,34.942000,31.769000,-3.173000,13b DICT
108,CSW24_hsp,7,8,34.447000,31.449000,-2.998000,13b PINTS
108,CSW24_hsp,8,9,32.890000,29.905000,-2.985000,13b TINDS
108,CSW24_hsp,9,7,34.727000,29.421000,-5.306000,13l SCOT
108,CSW24_hsp,10,10,31.890000,28.891000,-2.999000,13b DINTS
108,CSW24_hsp,11,11,31.303000,28.031000,-3.272000,h11 PUTID
108,CSW24_hsp,12,12,30.303000,27.180000,-3.123000,9c DIPT
108,CSW24_hsp,13,15,28.890000,26.491000,-2.399000,o12 SPIT
108,CSW24_hsp,14,13,29.207000,26.203000,-3.004000,13b TIND
108,CSW24_hsp,15,14,29.065000,25.996000,-3.069000,13b PINT
108,CSW24_hsp,16,17,28.468000,25.875000,-2.593000,o13 PIC
108,CSW24_hsp,17,16,28.468000,25.320000,-3.148000,13b PIC
108,CSW24_hsp,18,18,28.207000,25.146000,-3.061000,13b DINT
108,CSW24_hsp,19,21,26.742000,24.843000,-1.899000,8l OPTS
108,CSW24_hsp,20,27,26.161000,24.717000,-1.444000,o7 PICS
108,CSW24_hsp,21,20,27.010000,24.581000,-2.429000,o12 SPIN
108,CSW24_hsp,22,19,27.434000,24.377000,-3.057000,13b CID
108,CSW24_hsp,23,26,26.223000,23.614000,-2.609000,o13 DIP
108,CSW24_hsp,24,24,26.735000,23.545000,-3.190000,h11 TUNIC
108,CSW24_hsp,25,23,26.735000,23.535000,-3.200000,h11 CUTIN
697,CSW24_hsp,1,1,21.750000,16.266000,-5.484000,7c WOAD
697,CSW24_hsp,2,2,21.750000,15.983000,-5.767000,9c WOAD
697,CSW24_hsp,3,4,19.335000,13.500000,-5.835000,9c WAID
697,CSW24_hsp,4,9,17.335000,11.837000,-5.498000,9f WAID
697,CSW24_hsp,5,7,17.423000,11.253000,-6.170000,9c WAIL
697,CSW24_hsp,6,6,17.506000,10.967000,-6.539000,e8 HOWL
697,CSW24_hsp,7,3,20.095000,10.903000,-9.192000,e8 HIDALGO
697,CSW24_hsp,8,14,15.423000,10.229000,-5.194000,9f WAIL
697,CSW24_hsp,9,8,17.406000,10.103000,-7.303000,f6 WOALD
697,CSW24_hsp,10,12,15.812000,9.855000,-5.957000,9e OW
697,CSW24_hsp,11,11,16.339000,9.738000,-6.601000,f6 WOAD
697,CSW24_hsp,12,15,15.234000,9.588000,-5.646000,9c GAID
697,CSW24_hsp,13,10,16.674000,9.356000,-7.318000,e5 WOAH
697,CSW24_hsp,14,18,14.812000,8.867000,-5.945000,9f WO
697,CSW24_hsp,15,13,15.776000,8.672000,-7.104000,e4 LAIGH
697,CSW24_hsp,16,26,13.437000,7.973000,-5.464000,7c GOAD
697,CSW24_hsp,17,24,13.812000,7.929000,-5.883000,7c WO
697,CSW24_hsp,18,25,13.812000,7.824000,-5.988000,9c WO
697,CSW24_hsp,19,21,13.915000,7.815000,-6.100000,9c WAI
697,CSW24_hsp,20,27,13.437000,7.779000,-5.658000,9c GOAD
697,CSW24_hsp,21,39,12.915000,7.703000,-5.212000,9f WAI
697,CSW24_hsp,22,29,13.234000,7.702000,-5.532000,9f GAID
697,CSW24_hsp,23,34,12.958000,7.578000,-5.380000,7c GAOL
697,CSW24_hsp,24,35,12.958000,7.474000,-5.484000,7c GOAL
697,CSW24_hsp,25,38,12.937000,7.147000,-5.790000,9e AW
619,CSW24_hsp,1,2,24.464000,18.179000,-6.285000,j10 DIVNA
619,CSW24_hsp,2,1,24.464000,17.996000,-6.468000,j10 DIVAN
619,CSW24_hsp,3,4,23.608000,16.923000,-6.685000,m7 DIV
619,CSW24_hsp,4,6,22.608000,16.303000,-6.305000,m11 VID
619,CSW24_hsp,5,5,22.608000,16.109000,-6.499000,j10 DIV
619,CSW24_hsp,6,12,20.608000,14.675000,-5.933000,m11 DIV
619,CSW24_hsp,7,9,21.385000,14.674000,-6.711000,m6 DINK
619,CSW24_hsp,8,10,21.288000,14.381000,-6.907000,m6 DANK
619,CSW24_hsp,9,13,20.593000,14.099000,-6.494000,j10 DIVA
619,CSW24_hsp,10,11,21.210000,13.759000,-7.451000,m7 DAK
619,CSW24_hsp,11,16,19.608000,13.257000,-6.351000,m7 VID
619,CSW24_hsp,12,17,19.593000,13.055000,-6.538000,m11 DIVA
619,CSW24_hsp,13,3,24.464000,12.913000,-11.551000,m11 VIAND
619,CSW24_hsp,14,18,18.385000,11.977000,-6.408000,j10 DINK
619,CSW24_hsp,15,7,22.464000,11.883000,-10.581000,m11 DIVAN
619,CSW24_hsp,16,19,18.385000,11.522000,-6.863000,m11 DINK
619,CSW24_hsp,17,8,22.464000,11.109000,-11.355000,m11 DIVNA
619,CSW24_hsp,18,23,17.593000,10.906000,-6.687000,m6 AVID
619,CSW24_hsp,19,22,17.608000,10.785000,-6.823000,m12 DIV
619,CSW24_hsp,20,30,17.064000,10.720000,-6.344000,10j VELD
619,CSW24_hsp,21,26,17.385000,10.692000,-6.693000,m7 KIND
619,CSW24_hsp,22,25,17.385000,10.691000,-6.694000,m7 DINK
619,CSW24_hsp,23,21,18.026000,10.641000,-7.385000,10f KNAIDEL
619,CSW24_hsp,24,24,17.464000,10.504000,-6.960000,m6 VIAND
619,CSW24_hsp,25,31,16.608000,10.243000,-6.365000,m8 VID
157,CSW24_hsp,1,1,9.407000,2.715000,-6.692000,h8 TIBIA
157,CSW24_hsp,2,3,8.032000,0.274000,-7.758000,h8 TIBIAE
157,CSW24_hsp,3,15,3.592000,-1.111000,-4.703000,ex III
157,CSW24_hsp,4,16,3.249000,-1.454000,-4.703000,ex BIII
157,CSW24_hsp,5,20,2.716000,-1.987000,-4.703000,ex II
157,CSW24_hsp,6,11,4.446000,-2.226000,-6.672000,d6 TIBIA
157,CSW24_hsp,7,21,2.402000,-2.301000,-4.703000,ex ABIII
157,CSW24_hsp,8,4,5.724000,-2.605000,-8.329000,g7 INIA
157,CSW24_hsp,9,2,8.792000,-3.190000,-11.982000,g5 BAINITE
157,CSW24_hsp,10,22,1.407000,-3.296000,-4.703000,ex ABII
157,CSW24_hsp,11,6,4.536000,-3.298000,-7.834000,h6 BITTIE
157,CSW24_hsp,12,5,4.536000,-3.336000,-7.872000,h5 BITTIE
157,CSW24_hsp,13,12,4.317000,-3.456000,-7.773000,e7 ERBIA
157,CSW24_hsp,14,24,1.006000,-3.697000,-4.703000,ex BEIII
157,CSW24_hsp,15,25,0.970000,-3.733000,-4.703000,ex BII
157,CSW24_hsp,16,18,2.943000,-3.737000,-6.680000,e8 RIBA
157,CSW24_hsp,17,14,4.126000,-3.827000,-7.953000,d6 TIBIAE
157,CSW24_hsp,18,26,0.854000,-3.849000,-4.703000,ex ABIIIT
157,CSW24_hsp,19,17,2.943000,-3.895000,-6.838000,e8 RABI
157,CSW24_hsp,20,7,4.450000,-4.048000,-8.498000,e3 BAITER
157,CSW24_hsp,21,13,4.282000,-4.180000,-8.462000,g6 BINIT
157,CSW24_hsp,22,10,4.450000,-4.207000,-8.657000,e8 REBAIT
157,CSW24_hsp,23,29,0.359000,-4.344000,-4.703000,ex IIIT
157,CSW24_hsp,24,9,4.450000,-4.353000,-8.803000,e6 TERBIA
157,CSW24_hsp,25,8,4.450000,-4.395000,-8.845000,e6 BARITE
1082,CSW24_hsp,1,2,8.650000,3.389000,-5.261000,f6 GIE
1082,CSW24_hsp,2,3,8.000000,1.525000,-6.475000,i11 FOOT
1082,CSW24_hsp,3,4,6.901000,0.602000,-6.299000,c5 GIO
1082,CSW24_hsp,4,5,6.829000,0.480000,-6.349000,i12 FIG
1082,CSW24_hsp,5,1,8.707000,0.357000,-8.350000,c13 OOF
1082,CSW24_hsp,6,11,5.287000,-0.062000,-5.349000,f6 GOE
1082,CSW24_hsp,7,8,5.829000,-0.236000,-6.065000,c5 FIG
1082,CSW24_hsp,8,9,5.829000,-0.419000,-6.248000,c5 GIF
1082,CSW24_hsp,9,10,5.707000,-0.582000,-6.289000,i11 FOO
1082,CSW24_hsp,10,12,5.094000,-1.208000,-6.302000,i12 FOG
1082,CSW24_hsp,11,6,6.317000,-1.452000,-7.769000,g4 GOOFY
1082,CSW24_hsp,12,13,4.829000,-1.949000,-6.778000,c13 OI
1082,CSW24_hsp,13,7,5.915000,-2.434000,-8.349000,9g OLIO
1082,CSW24_hsp,14,18,3.266000,-3.127000,-6.393000,i12 FIT
1082,CSW24_hsp,15,24,1.833000,-3.625000,-5.458000,f6 TIE
1082,CSW24_hsp,16,22,2.066000,-3.913000,-5.979000,15c FOIN
1082,CSW24_hsp,17,16,3.862000,-3.989000,-7.851000,13h LOGOI
1082,CSW24_hsp,18,20,2.266000,-4.028000,-6.294000,c5 FIT
1082,CSW24_hsp,19,17,3.482000,-4.621000,-8.103000,c13 OFT
1082,CSW24_hsp,20,19,2.707000,-4.805000,-7.512000,g5 OOFY
1082,CSW24_hsp,21,26,1.747000,-4.806000,-6.553000,c13 OF
1082,CSW24_hsp,22,27,1.650000,-4.808000,-6.458000,13b GIP
1082,CSW24_hsp,23,25,1.772000,-4.894000,-6.666000,15b TIGON
1082,CSW24_hsp,24,29,0.829000,-5.395000,-6.224000,i12 IO
1082,CSW24_hsp,25,30,0.829000,-5.529000,-6.358000,i12 OI
99,CSW24_hsp,1,1,38.258000,31.013000,-7.245000,1e CAUKS
99,CSW24_hsp,2,2,36.717000,29.077000,-7.640000,7c AUK
99,CSW24_hsp,3,3,36.012000,28.795000,-7.217000,m5 ARK
99,CSW24_hsp,4,4,35.717000,28.305000,-7.412000,m13 AUK
99,CSW24_hsp,5,6,32.544000,25.137000,-7.407000,13l AKE
99,CSW24_hsp,6,8,32.048000,24.861000,-7.187000,7a AKA
99,CSW24_hsp,7,9,31.717000,24.397000,-7.320000,e2 KUIA
99,CSW24_hsp,8,10,31.535000,24.174000,-7.361000,7g RUC
99,CSW24_hsp,9,11,31.336000,24.163000,-7.173000,1e RAKUS
99,CSW24_hsp,10,5,32.544000,24.065000,-8.479000,2f KA
99,CSW24_hsp,11,12,30.944000,23.816000,-7.128000,1f AUKS
99,CSW24_hsp,12,13,30.601000,23.057000,-7.544000,b6 CROAK
99,CSW24_hsp,13,16,30.362000,22.967000,-7.395000,1d ACARUS
99,CSW24_hsp,14,14,30.544000,22.818000,-7.726000,7b KA
99,CSW24_hsp,15,15,30.544000,22.378000,-8.166000,b8 OAK
99,CSW24_hsp,16,7,32.431000,22.228000,-10.203000,2d RAKU
99,CSW24_hsp,17,20,29.388000,22.114000,-7.274000,1e RUCKS
99,CSW24_hsp,18,18,29.400000,22.103000,-7.297000,1e CARKS
99,CSW24_hsp,19,19,29.400000,22.016000,-7.384000,1e RACKS
99,CSW24_hsp,20,21,29.129000,21.264000,-7.865000,b8 OUK
99,CSW24_hsp,21,22,28.431000,21.100000,-7.331000,15d KAURY
99,CSW24_hsp,22,17,30.048000,20.450000,-9.598000,2e AKA
99,CSW24_hsp,23,24,27.628000,20.433000,-7.195000,m5 ASK
99,CSW24_hsp,24,23,28.098000,20.414000,-7.684000,13l AUE
99,CSW24_hsp,25,27,27.385000,20.196000,-7.189000,7g RUCS
1023,CSW24_hsp,1,1,22.510000,21.157000,-1.353000,3a THY
1023,CSW24_hsp,2,2,18.792000,17.459000,-1.333000,3a RHY
1023,CSW24_hsp,3,3,17.432000,15.097000,-2.335000,13g BIRTH
1023,CSW24_hsp,4,4,17.011000,14.895000,-2.116000,13g BIB
1023,CSW24_hsp,5,5,15.206000,12.981000,-2.225000,13g HINT
1023,CSW24_hsp,6,6,13.530000,11.694000,-1.836000,6i NY
1023,CSW24_hsp,7,7,13.107000,11.010000,-2.097000,13g YIRTH
1023,CSW24_hsp,8,8,11.867000,9.490000,-2.377000,13g BIN
1023,CSW24_hsp,9,10,9.793000,7.670000,-2.123000,13g HIT
1023,CSW24_hsp,10,11,9.572000,7.420000,-2.152000,13g HIN
1023,CSW24_hsp,11,9,9.976000,7.193000,-2.783000,l3 OWERBY
1023,CSW24_hsp,12,12,9.448000,7.073000,-2.375000,13g BIT
1023,CSW24_hsp,13,14,7.867000,5.349000,-2.518000,13g NIB
1023,CSW24_hsp,14,16,6.792000,4.974000,-1.818000,6l RHY
1023,CSW24_hsp,15,13,7.867000,4.943000,-2.924000,13b NeWB
1023,CSW24_hsp,16,15,7.206000,4.796000,-2.410000,i4 HINT
1023,CSW24_hsp,17,17,6.530000,4.403000,-2.127000,13g YIN
1023,CSW24_hsp,18,19,5.976000,3.778000,-2.198000,l2 BOWERY
1023,CSW24_hsp,19,18,6.322000,3.154000,-3.168000,m1 BRIT
1023,CSW24_hsp,20,20,5.714000,2.417000,-3.297000,13h INBY
1023,CSW24_hsp,21,22,4.159000,1.845000,-2.314000,7h BY
1023,CSW24_hsp,22,23,4.159000,1.748000,-2.411000,9h BY
1023,CSW24_hsp,23,21,4.448000,1.398000,-3.050000,m2 BIT
1023,CSW24_hsp,24,24,4.159000,1.304000,-2.855000,i11 BY
1023,CSW24_hsp,25,25,3.510000,1.133000,-2.377000,i10 THY
424,CSW24_hsp,1,1,77.000000,65.381000,-11.619000,i3 GODSEND
424,CSW24_hsp,2,3,75.000000,65.309000,-9.691000,i5 GODSEND
424,CSW24_hsp,3,2,76.000000,64.547000,-11.453000,i3 GODDENS
424,CSW24_hsp,4,4,74.000000,62.825000,-11.175000,i2 GODDENS
424,CSW24_hsp,5,5,65.000000,54.516000,-10.484000,7h GODDENS
424,CSW24_hsp,6,6,65.000000,54.402000,-10.598000,7h GODSEND
424,CSW24_hsp,7,7,35.798000,27.042000,-8.756000,i6 DONG
424,CSW24_hsp,8,10,30.622000,25.420000,-5.202000,e5 OD
424,CSW24_hsp,9,11,29.730000,24.073000,-5.657000,e3 DOEN
424,CSW24_hsp,10,13,27.399000,22.336000,-5.063000,10a DOGS
424,CSW24_hsp,11,17,27.052000,21.997000,-5.055000,e5 ED
424,CSW24_hsp,12,14,27.399000,21.953000,-5.446000,10a GODS
424,CSW24_hsp,13,12,27.731000,21.694000,-6.037000,9d TAXING
424,CSW24_hsp,14,9,33.110000,21.611000,-11.499000,i6 DONGED
424,CSW24_hsp,15,15,27.154000,21.557000,-5.597000,e3 DOE
424,CSW24_hsp,16,25,26.141000,20.861000,-5.280000,10a ODDS
424,CSW24_hsp,17,8,33.110000,20.545000,-12.565000,i3 GODDEN
424,CSW24_hsp,18,20,26.372000,20.319000,-6.053000,6b GOAD
424,CSW24_hsp,19,19,26.887000,20.136000,-6.751000,i8 NOG
424,CSW24_hsp,20,35,25.244000,19.955000,-5.289000,e3 DOES
424,CSW24_hsp,21,29,25.622000,19.453000,-6.169000,5d HOD
424,CSW24_hsp,22,27,25.887000,19.171000,-6.716000,5d HONG
424,CSW24_hsp,23,34,25.303000,19.155000,-6.148000,10b DOS
424,CSW24_hsp,24,21,26.372000,19.073000,-7.299000,b6 GOLD
424,CSW24_hsp,25,41,24.141000,19.023000,-5.118000,10a DODS
809,CSW24_hsp,1,1,53.216000,46.778000,-6.438000,3a WUD
809,CSW24_hsp,2,4,41.096000,38.528000,-2.568000,o1 UNWED
809,CSW24_hsp,3,2,44.866000,38.308000,-6.558000,3a WED
809,CSW24_hsp,4,3,44.139000,37.674000,-6.465000,3a LUD
809,CSW24_hsp,5,6,34.815000,32.005000,-2.810000,o1 WEDELN
809,CSW24_hsp,6,7,34.815000,31.441000,-3.374000,o3 WEDELN
809,CSW24_hsp,7,10,32.926000,30.249000,-2.677000,o1 WEDEL
809,CSW24_hsp,8,11,32.358000,29.712000,-2.646000,o1 ENDEW
809,CSW24_hsp,9,12,32.358000,29.707000,-2.651000,o1 NEWED
809,CSW24_hsp,10,16,32.104000,29.474000,-2.630000,o1 UNSEWED
809,CSW24_hsp,11,13,32.358000,28.820000,-3.538000,o4 ENDEW
809,CSW24_hsp,12,8,34.280000,28.338000,-5.942000,8a UNSPORTINg
809,CSW24_hsp,13,5,35.216000,27.843000,-7.373000,7k WUD
809,CSW24_hsp,14,25,28.917000,26.120000,-2.797000,o1 NEWEL
809,CSW24_hsp,15,27,28.563000,25.830000,-2.733000,o1 UNSEW
809,CSW24_hsp,16,15,32.308000,25.728000,-6.580000,3a LED
809,CSW24_hsp,17,14,32.308000,25.709000,-6.599000,3a ELD
809,CSW24_hsp,18,18,31.940000,25.626000,-6.314000,3m LEW
809,CSW24_hsp,19,9,33.163000,25.437000,-7.726000,b7 UNWED
809,CSW24_hsp,20,17,32.088000,25.419000,-6.669000,m3 WOUND
809,CSW24_hsp,21,19,31.864000,25.303000,-6.561000,m3 WOULD
809,CSW24_hsp,22,29,27.887000,25.270000,-2.617000,o1 WEDELNS
809,CSW24_hsp,23,30,27.887000,24.614000,-3.273000,o3 WEDELNS
809,CSW24_hsp,24,35,26.761000,23.899000,-2.862000,o1 UNLED
809,CSW24_hsp,25,20,30.216000,23.710000,-6.506000,3d WUD
1070,CSW24_hsp,1,1,83.000000,75.792000,-7.208000,o1 WAvELETS
1070,CSW24_hsp,2,2,83.000000,75.392000,-7.608000,o8 STEWAbLE
1070,CSW24_hsp,3,3,74.000000,65.737000,-8.263000,b2 WAvELET
1070,CSW24_hsp,4,4,68.376000,59.400000,-8.976000,g12 EW
1070,CSW24_hsp,5,5,66.964000,57.942000,-9.022000,g11 LEW
1070,CSW24_hsp,6,6,66.800000,57.790000,-9.010000,g11 TEW
1070,CSW24_hsp,7,7,66.111000,57.247000,-8.864000,g10 ALEW
1070,CSW24_hsp,8,8,65.376000,56.492000,-8.884000,b10 WE
1070,CSW24_hsp,9,9,64.800000,55.868000,-8.932000,b8 TEW
1070,CSW24_hsp,10,11,64.376000,55.334000,-9.042000,b9 EW
1070,CSW24_hsp,11,13,64.173000,55.287000,-8.886000,b9 AWE
1070,CSW24_hsp,12,12,64.231000,55.225000,-9.006000,g11 EEW
1070,CSW24_hsp,13,10,64.376000,55.006000,-9.370000,g6 EWT
1070,CSW24_hsp,14,14,63.231000,54.384000,-8.847000,b9 EWE
1070,CSW24_hsp,15,15,60.053000,51.086000,-8.967000,b8 TAW
1070,CSW24_hsp,16,16,59.718000,50.641000,-9.077000,b9 AW
1070,CSW24_hsp,17,18,57.800000,48.770000,-9.030000,g11 WET
1070,CSW24_hsp,18,17,58.053000,48.174000,-9.879000,g5 TAWT
1070,CSW24_hsp,19,19,56.797000,47.708000,-9.089000,g12 ETAT
1070,CSW24_hsp,20,20,56.718000,47.401000,-9.317000,g13 WAT
1070,CSW24_hsp,21,21,56.212000,47.297000,-8.915000,g10 TWEE
1070,CSW24_hsp,22,22,56.212000,47.207000,-9.005000,g10 WEET
1070,CSW24_hsp,23,23,55.847000,46.842000,-9.005000,g10 WEEL
1070,CSW24_hsp,24,26,55.231000,46.132000,-9.099000,g11 WEE
1070,CSW24_hsp,25,24,55.376000,45.784000,-9.592000,g11 WE
1117,CSW24_hsp,1,4,11.887000,8.345000,-3.542000,10i OU
1117,CSW24_hsp,2,1,13.752000,7.012000,-6.740000,11b OUTIE
1117,CSW24_hsp,3,2,12.800000,6.616000,-6.184000,11c EUOI
1117,CSW24_hsp,4,8,8.800000,3.749000,-5.051000,10i EUOI
1117,CSW24_hsp,5,9,8.752000,3.676000,-5.076000,10i OUTIE
1117,CSW24_hsp,6,6,9.099000,3.470000,-5.629000,11e OO
1117,CSW24_hsp,7,11,7.672000,3.446000,-4.226000,ex OOU
1117,CSW24_hsp,8,12,7.099000,3.222000,-3.877000,10i OO
1117,CSW24_hsp,9,16,6.104000,2.061000,-4.043000,10i OUT
1117,CSW24_hsp,10,15,6.693000,2.028000,-4.665000,11e OI
1117,CSW24_hsp,11,14,6.693000,1.986000,-4.707000,11e IO
1117,CSW24_hsp,12,5,9.887000,1.880000,-8.007000,i6 OUTA
1117,CSW24_hsp,13,10,7.887000,1.418000,-6.469000,10i TOONIE
1117,CSW24_hsp,14,3,11.887000,1.217000,-10.670000,11a TOONIE
1117,CSW24_hsp,15,13,6.821000,1.048000,-5.773000,11c ONIE
1117,CSW24_hsp,16,29,4.693000,1.034000,-3.659000,10i OI
1117,CSW24_hsp,17,28,4.693000,0.777000,-3.916000,10i IO
1117,CSW24_hsp,18,7,8.800000,0.683000,-8.117000,7i EUOI
1117,CSW24_hsp,19,24,4.887000,0.661000,-4.226000,ex OU
1117,CSW24_hsp,20,17,6.099000,0.142000,-5.957000,f10 HOO
1117,CSW24_hsp,21,33,4.102000,-0.124000,-4.226000,ex IOOU
1117,CSW24_hsp,22,18,5.702000,-0.159000,-5.861000,11c UNTO
1117,CSW24_hsp,23,19,5.386000,-0.669000,-6.055000,11d TOO
1117,CSW24_hsp,24,22,5.304000,-0.719000,-6.023000,11b UNTIE
1117,CSW24_hsp,25,23,5.104000,-0.731000,-5.835000,f10 HOUT
920,CSW24_hsp,1,1,30.634000,22.673000,-7.961000,g1 DEG
920,CSW24_hsp,2,2,29.730000,21.770000,-7.960000,g1 DAG
920,CSW24_hsp,3,3,29.276000,21.303000,-7.973000,g1 DEB
920,CSW24_hsp,4,4,27.382000,20.617000,-6.765000,7e BEIGE
920,CSW24_hsp,5,5,26.748000,18.789000,-7.959000,g1 DAB
920,CSW24_hsp,6,6,24.584000,17.609000,-6.975000,7h GAB
920,CSW24_hsp,7,7,23.807000,15.856000,-7.951000,g1 DIG
920,CSW24_hsp,8,8,23.710000,15.695000,-8.015000,3e JOG
920,CSW24_hsp,9,9,23.491000,15.541000,-7.950000,g1 DIB
920,CSW24_hsp,10,16,21.418000,14.432000,-6.986000,7h GIB
920,CSW24_hsp,11,17,20.634000,13.410000,-7.224000,7e GEE
920,CSW24_hsp,12,12,21.630000,13.198000,-8.432000,c2 BERG
920,CSW24_hsp,13,13,21.584000,13.158000,-8.426000,c2 GARB
920,CSW24_hsp,14,11,21.940000,12.947000,-8.993000,c2 GARBE
920,CSW24_hsp,15,10,21.940000,12.915000,-9.025000,c2 BARGE
920,CSW24_hsp,16,14,21.584000,12.860000,-8.724000,c3 BRAG
920,CSW24_hsp,17,18,20.382000,12.845000,-7.537000,7h GIBE
920,CSW24_hsp,18,15,21.584000,12.803000,-8.781000,c3 GRAB
920,CSW24_hsp,19,20,20.221000,11.364000,-8.857000,c2 BARING
920,CSW24_hsp,20,22,18.779000,10.260000,-8.519000,3e JOBING
920,CSW24_hsp,21,21,18.779000,10.255000,-8.524000,c3 BRING
920,CSW24_hsp,22,32,17.276000,10.218000,-7.058000,7e BEE
920,CSW24_hsp,23,27,18.276000,10.134000,-8.142000,3e JOBE
920,CSW24_hsp,24,26,18.276000,10.083000,-8.193000,3b BE
920,CSW24_hsp,25,24,18.418000,9.752000,-8.666000,c3 BRIG
789,CSW24_hsp,1,1,28.294000,17.490000,-10.804000,2l INIA
789,CSW24_hsp,2,2,26.084000,15.359000,-10.725000,3m PIA
789,CSW24_hsp,3,3,24.282000,12.855000,-11.427000,c9 PAIN
789,CSW24_hsp,4,4,21.084000,10.193000,-10.891000,2m PIA
789,CSW24_hsp,5,5,20.125000,9.518000,-10.607000,3m AIA
789,CSW24_hsp,6,6,19.287000,8.599000,-10.688000,3m PIE
789,CSW24_hsp,7,7,19.125000,7.636000,-11.489000,c10 AIA
789,CSW24_hsp,8,8,18.739000,7.394000,-11.345000,c9 PEIN
789,CSW24_hsp,9,12,17.084000,6.460000,-10.624000,4f PIAN
789,CSW24_hsp,10,9,17.301000,5.933000,-11.368000,11d DIANOIA
789,CSW24_hsp,11,11,17.154000,5.900000,-11.254000,c12 AINE
789,CSW24_hsp,12,19,15.807000,5.855000,-9.952000,7h AENEI
789,CSW24_hsp,13,13,16.583000,5.607000,-10.976000,g7 AVIAN
789,CSW24_hsp,14,15,16.285000,5.583000,-10.702000,3m PEA
789,CSW24_hsp,15,10,17.292000,5.416000,-11.876000,o4 HANAP
789,CSW24_hsp,16,14,16.292000,4.928000,-11.364000,c9 PAAN
789,CSW24_hsp,17,16,16.154000,4.854000,-11.300000,g8 VIA
789,CSW24_hsp,18,17,15.981000,4.739000,-11.242000,11j PIRAI
789,CSW24_hsp,19,18,15.868000,4.660000,-11.208000,c11 INANE
789,CSW24_hsp,20,22,15.154000,4.390000,-10.764000,g7 AVI
789,CSW24_hsp,21,23,15.084000,3.934000,-11.150000,11b PADI
789,CSW24_hsp,22,20,15.292000,3.904000,-11.388000,c9 PEAN
789,CSW24_hsp,23,21,15.285000,3.820000,-11.465000,13a APE
789,CSW24_hsp,24,24,15.001000,3.759000,-11.242000,11j PERAI
789,CSW24_hsp,25,29,14.154000,3.421000,-10.733000,3m AI
314,CSW24_hsp,1,1,59.775000,49.188000,-10.587000,l1 ZITHER
314,CSW24_hsp,2,2,58.626000,47.711000,-10.915000,2l ADZ
314,CSW24_hsp,3,4,54.594000,43.823000,-10.771000,d1 ZARI
314,CSW24_hsp,4,7,52.557000,41.749000,-10.808000,d1 ZEDA
314,CSW24_hsp,5,8,50.723000,41.481000,-9.242000,d1 HAZED
314,CSW24_hsp,6,3,55.557000,40.263000,-15.294000,2l ADZE
314,CSW24_hsp,7,6,52.594000,39.068000,-13.526000,4a ZARIS
314,CSW24_hsp,8,5,54.222000,37.870000,-16.352000,2n ZA
314,CSW24_hsp,9,9,50.557000,37.019000,-13.538000,4a ZEDAS
314,CSW24_hsp,10,13,48.022000,36.918000,-11.104000,d10 AZIDE
314,CSW24_hsp,11,17,47.222000,36.634000,-10.588000,d11 ZA
314,CSW24_hsp,12,15,47.313000,35.917000,-11.396000,2f ZIN
314,CSW24_hsp,13,19,46.222000,35.773000,-10.449000,6b ZA
314,CSW24_hsp,14,10,48.723000,35.712000,-13.011000,d11 HAZED
314,CSW24_hsp,15,16,47.222000,35.280000,-11.942000,2m ZA
314,CSW24_hsp,16,25,45.002000,34.687000,-10.315000,d1 HAZE
314,CSW24_hsp,17,12,48.308000,34.580000,-13.728000,4k RAHED
314,CSW24_hsp,18,22,45.594000,34.488000,-11.106000,d11 ZARI
314,CSW24_hsp,19,35,43.487000,33.313000,-10.174000,d1 HIRED
314,CSW24_hsp,20,24,45.084000,33.222000,-11.862000,4l HAD
314,CSW24_hsp,21,27,44.869000,33.080000,-11.789000,l2 ATHEIZED
314,CSW24_hsp,22,11,48.398000,32.973000,-15.425000,2n ZE
314,CSW24_hsp,23,18,46.850000,32.902000,-13.948000,4l HARD
314,CSW24_hsp,24,14,47.594000,32.725000,-14.869000,2l IZAR
314,CSW24_hsp,25,34,43.512000,32.548000,-10.964000,d11 ZED
965,CSW24_hsp,1,1,80.000000,72.395000,-7.605000,3g BUOyANCE
965,CSW24_hsp,2,3,78.000000,71.959000,-6.041000,l8 BOUNCIEr
965,CSW24_hsp,3,2,78.000000,71.507000,-6.493000,d4 BOUNCiER
965,CSW24_hsp,4,5,76.000000,70.402000,-5.598000,11i BOUNCEr
965,CSW24_hsp,5,6,76.000000,70.382000,-5.618000,11i BOUNCEs
965,CSW24_hsp,6,4,76.000000,70.371000,-5.629000,11i BOUNCEd
965,CSW24_hsp,7,8,76.000000,70.340000,-5.660000,11i BUNCOEs
965,CSW24_hsp,8,7,76.000000,70.321000,-5.679000,11i BUNCOEd
965,CSW24_hsp,9,9,67.000000,59.213000,-7.787000,3e sUBOCEAN
965,CSW24_hsp,10,11,56.129000,51.239000,-4.890000,a12 EBON
965,CSW24_hsp,11,10,57.713000,50.903000,-6.810000,12l BOUN
965,CSW24_hsp,12,13,54.265000,47.527000,-6.738000,11i BUNCO
965,CSW24_hsp,13,12,54.292000,47.478000,-6.814000,11i BOUNCE
965,CSW24_hsp,14,15,53.229000,45.699000,-7.530000,c9 BOI
965,CSW24_hsp,15,14,53.229000,45.517000,-7.712000,c3 BO
965,CSW24_hsp,16,17,52.638000,44.777000,-7.861000,c1 COB
965,CSW24_hsp,17,18,51.234000,44.573000,-6.661000,11i CUBE
965,CSW24_hsp,18,26,49.816000,44.293000,-5.523000,a13 BON
965,CSW24_hsp,19,19,51.105000,44.287000,-6.818000,11i BUNCE
965,CSW24_hsp,20,20,51.095000,44.146000,-6.949000,11i CUB
965,CSW24_hsp,21,21,50.713000,43.570000,-7.143000,11i BOUN
965,CSW24_hsp,22,16,52.817000,43.365000,-9.452000,n10 BOUgE
965,CSW24_hsp,23,23,50.229000,43.152000,-7.077000,12k OB
965,CSW24_hsp,24,33,48.428000,42.875000,-5.553000,a13 OBE
965,CSW24_hsp,25,24,50.229000,42.857000,-7.372000,12l BO
8,CSW24_hsp,1,1,38.555000,33.231000,-5.324000,o5 SCOUR
8,CSW24_hsp,2,3,38.110000,32.091000,-6.019000,o6 CURIOS
8,CSW24_hsp,3,2,38.360000,30.868000,-7.492000,10h POWS
8,CSW24_hsp,4,4,35.395000,29.462000,-5.933000,o6 CURIO
8,CSW24_hsp,5,5,34.555000,28.743000,-5.812000,o6 COURS
8,CSW24_hsp,6,6,33.688000,27.796000,-5.892000,o6 CURSI
8,CSW24_hsp,7,7,33.218000,27.655000,-5.563000,o6 COUR
8,CSW24_hsp,8,8,32.788000,27.330000,-5.458000,o5 SCUR
8,CSW24_hsp,9,9,32.555000,26.828000,-5.727000,o6 SCOUR
8,CSW24_hsp,10,11,30.815000,25.329000,-5.486000,o6 COIRS
8,CSW24_hsp,11,12,30.815000,25.274000,-5.541000,o6 CRIOS
8,CSW24_hsp,12,13,30.792000,25.259000,-5.533000,o5 SCOURS
8,CSW24_hsp,13,16,29.379000,24.083000,-5.296000,o6 COIR
8,CSW24_hsp,14,18,28.815000,23.359000,-5.456000,o6 SIROC
8,CSW24_hsp,15,19,28.788000,23.221000,-5.567000,o6 CRUS
8,CSW24_hsp,16,10,31.110000,23.209000,-7.901000,11c CURIOS
8,CSW24_hsp,17,20,28.788000,23.177000,-5.611000,o6 CURS
8,CSW24_hsp,18,17,28.847000,23.001000,-5.846000,7k WITS
8,CSW24_hsp,19,23,28.447000,22.756000,-5.691000,o6 CRU
8,CSW24_hsp,20,15,29.850000,22.722000,-7.128000,o1 CIS
8,CSW24_hsp,21,14,30.395000,22.594000,-7.801000,10b CURIO
8,CSW24_hsp,22,24,28.447000,22.565000,-5.882000,o6 CUR
8,CSW24_hsp,23,27,27.850000,22.049000,-5.801000,o6 CIS
8,CSW24_hsp,24,29,27.364000,21.333000,-6.031000,8m ECU
8,CSW24_hsp,25,31,26.788000,21.291000,-5.497000,o6 SCUR
678,CSW24_hsp,1,1,32.866000,21.340000,-11.526000,3a COB
678,CSW24_hsp,2,2,27.277000,15.746000,-11.531000,b4 VOCAB
678,CSW24_hsp,3,3,27.006000,15.473000,-11.533000,3b OBA
678,CSW24_hsp,4,4,26.074000,14.701000,-11.373000,3a VOE
678,CSW24_hsp,5,5,25.510000,13.920000,-11.590000,3b OB
678,CSW24_hsp,6,6,23.006000,11.715000,-11.291000,3c BAO
678,CSW24_hsp,7,7,21.550000,9.548000,-12.002000,b7 ABOVE
678,CSW24_hsp,8,9,20.326000,9.185000,-11.141000,3c BA
678,CSW24_hsp,9,8,20.806000,8.989000,-11.817000,n10 CAVIE
678,CSW24_hsp,10,11,19.911000,8.614000,-11.297000,3c BAE
678,CSW24_hsp,11,10,20.088000,8.242000,-11.846000,n12 VIVO
678,CSW24_hsp,12,12,17.908000,6.212000,-11.696000,n12 VIVE
678,CSW24_hsp,13,15,15.964000,5.519000,-10.445000,g5 COBLE
678,CSW24_hsp,14,14,17.115000,5.269000,-11.846000,n12 VIVA
678,CSW24_hsp,15,16,15.178000,4.481000,-10.697000,d11 CABOC
678,CSW24_hsp,16,13,17.178000,3.614000,-13.564000,n10 COBIA
678,CSW24_hsp,17,17,14.074000,3.250000,-10.824000,g4 EVO
678,CSW24_hsp,18,18,13.866000,2.619000,-11.247000,b6 COB
678,CSW24_hsp,19,19,13.368000,2.345000,-11.023000,8l PAVE
678,CSW24_hsp,20,20,12.869000,2.052000,-10.817000,3k KIEV
678,CSW24_hsp,21,22,11.997000,1.560000,-10.437000,c6 VARVE
678,CSW24_hsp,22,25,11.853000,1.135000,-10.718000,3k KIVA
678,CSW24_hsp,23,23,11.855000,0.608000,-11.247000,b6 CAB
678,CSW24_hsp,24,24,11.855000,0.589000,-11.266000,b8 BAC
678,CSW24_hsp,25,26,11.079000,0.239000,-10.840000,c1 JOB
454,CSW24_hsp,1,1,25.303000,20.961000,-4.342000,9m WO
454,CSW24_hsp,2,2,24.036000,19.218000,-4.818000,9m WOT
454,CSW24_hsp,3,3,21.499000,17.400000,-4.099000,9m WEB
454,CSW24_hsp,4,7,19.778000,15.499000,-4.279000,9m WE
454,CSW24_hsp,5,8,19.142000,14.575000,-4.567000,9m WET
454,CSW24_hsp,6,4,20.887000,14.457000,-6.430000,j5 TOWABLE
454,CSW24_hsp,7,10,18.458000,14.417000,-4.041000,j7 WAUL
454,CSW24_hsp,8,9,18.496000,13.462000,-5.034000,j5 BOWAT
454,CSW24_hsp,9,6,20.051000,11.970000,-8.081000,9m WOE
454,CSW24_hsp,10,12,16.390000,11.955000,-4.435000,j6 BLAW
454,CSW24_hsp,11,11,17.627000,11.826000,-5.801000,j4 OUTLAW
454,CSW24_hsp,12,14,15.036000,11.160000,-3.876000,9h TOW
454,CSW24_hsp,13,17,14.884000,10.947000,-3.937000,j7 WAB
454,CSW24_hsp,14,16,15.017000,10.176000,-4.841000,9i OWL
454,CSW24_hsp,15,5,20.095000,9.867000,-10.228000,n8 DOUBLET
454,CSW24_hsp,16,15,15.036000,9.829000,-5.207000,9m TOW
454,CSW24_hsp,17,13,15.303000,9.581000,-5.722000,n8 DOW
454,CSW24_hsp,18,18,14.303000,8.973000,-5.330000,9i OW
454,CSW24_hsp,19,24,12.418000,8.738000,-3.680000,9h TUB
454,CSW24_hsp,20,21,12.977000,8.588000,-4.389000,j6 TWA
454,CSW24_hsp,21,25,12.194000,8.100000,-4.094000,m7 FEW
454,CSW24_hsp,22,22,12.715000,8.066000,-4.649000,j7 WALE
454,CSW24_hsp,23,27,12.142000,7.669000,-4.473000,j7 WATE
454,CSW24_hsp,24,19,14.036000,7.429000,-6.607000,n8 DOWT
454,CSW24_hsp,25,26,12.142000,7.378000,-4.764000,j6 TWAE
492,CSW24_hsp,1,3,72.000000,64.298000,-7.702000,d5 pLETHORA
492,CSW24_hsp,2,1,72.000000,64.223000,-7.777000,d4 cHELATOR
492,CSW24_hsp,3,2,72.000000,64.184000,-7.816000,d5 LOATHERs
492,CSW24_hsp,4,8,60.810000,54.999000,-5.811000,h12 HODs
492,CSW24_hsp,5,6,65.000000,54.090000,-10.910000,b4 jOLTHEAD
492,CSW24_hsp,6,5,65.000000,53.251000,-11.749000,b4 bOLTHEAD
492,CSW24_hsp,7,4,65.000000,52.562000,-12.438000,b4 ToOLHEAD
492,CSW24_hsp,8,9,60.376000,52.340000,-8.036000,n14 HO
492,CSW24_hsp,9,7,63.000000,50.565000,-12.435000,b4 TOoLHEAD
492,CSW24_hsp,10,11,58.376000,50.259000,-8.117000,14b HO
492,CSW24_hsp,11,10,58.376000,50.252000,-8.124000,14a OH
492,CSW24_hsp,12,13,57.376000,49.308000,-8.068000,n14 OH
492,CSW24_hsp,13,18,55.037000,49.198000,-5.839000,h12 HADs
492,CSW24_hsp,14,12,57.376000,49.067000,-8.309000,13h OH
492,CSW24_hsp,15,14,56.722000,48.686000,-8.036000,n14 HA
492,CSW24_hsp,16,15,56.545000,48.371000,-8.174000,9m HO
492,CSW24_hsp,17,16,55.625000,47.607000,-8.018000,n14 HE
492,CSW24_hsp,18,17,55.376000,47.256000,-8.120000,14m HOI
492,CSW24_hsp,19,20,54.722000,46.536000,-8.186000,14a AH
492,CSW24_hsp,20,19,54.847000,46.106000,-8.741000,o1 HELIO
492,CSW24_hsp,21,24,53.552000,45.694000,-7.858000,13f HAET
492,CSW24_hsp,22,25,53.552000,45.653000,-7.899000,13f HEAT
492,CSW24_hsp,23,22,53.722000,45.636000,-8.086000,n14 AH
492,CSW24_hsp,24,23,53.625000,45.540000,-8.085000,14a EH
492,CSW24_hsp,25,21,53.722000,45.373000,-8.349000,13h AH
446,CSW24_hsp,1,1,42.465000,30.736000,-11.729000,j4 RAKI
446,CSW24_hsp,2,3,37.396000,20.492000,-16.904000,j6 KI
446,CSW24_hsp,3,2,38.465000,17.513000,-20.952000,l1 RAIK
446,CSW24_hsp,4,9,29.157000,17.405000,-11.752000,j4 RAKE
446,CSW24_hsp,5,4,35.345000,14.405000,-20.940000,l1 REIK
446,CSW24_hsp,6,5,33.465000,12.277000,-21.188000,l12 RAIK
446,CSW24_hsp,7,26,22.847000,11.042000,-11.805000,j5 AKE
446,CSW24_hsp,8,7,30.778000,9.517000,-21.261000,l11 ARIKI
446,CSW24_hsp,9,10,27.778000,9.475000,-18.303000,j2 ARIKI
446,CSW24_hsp,10,8,30.345000,9.195000,-21.150000,l12 REIK
446,CSW24_hsp,11,17,26.157000,7.780000,-18.377000,j3 REAK
446,CSW24_hsp,12,14,26.360000,7.480000,-18.880000,l2 EIK
446,CSW24_hsp,13,11,27.778000,7.396000,-20.382000,d10 ARIKI
446,CSW24_hsp,14,20,25.034000,7.106000,-17.928000,j6 KA
446,CSW24_hsp,15,6,31.258000,7.076000,-24.182000,n4 REIKI
446,CSW24_hsp,16,19,25.258000,6.891000,-18.367000,j2 REIKI
446,CSW24_hsp,17,12,27.778000,6.084000,-21.694000,j11 ARIKI
446,CSW24_hsp,18,22,23.465000,4.798000,-18.667000,j3 RAKI
446,CSW24_hsp,19,21,24.258000,4.770000,-19.488000,c3 KEIRIN
446,CSW24_hsp,20,15,26.345000,4.203000,-22.142000,n4 KEIR
446,CSW24_hsp,21,27,22.698000,4.149000,-18.549000,l11 IRK
446,CSW24_hsp,22,25,23.169000,4.119000,-19.050000,12j REIKI
446,CSW24_hsp,23,18,25.465000,3.978000,-21.487000,l12 RAKI
446,CSW24_hsp,24,16,26.345000,3.915000,-22.430000,n4 REIK
446,CSW24_hsp,25,28,22.258000,3.026000,-19.232000,12i KIERIE
664,CSW24_hsp,1,1,47.617000,42.023000,-5.594000,a8 PYE
664,CSW24_hsp,2,2,47.239000,41.738000,-5.501000,a8 NYED
664,CSW24_hsp,3,4,42.209000,36.747000,-5.462000,a8 DYER
664,CSW24_hsp,4,6,40.090000,34.375000,-5.715000,a8 DYE
664,CSW24_hsp,5,7,38.942000,33.309000,-5.633000,a8 NYE
664,CSW24_hsp,6,3,45.774000,30.178000,-15.596000,b6 VINEW
664,CSW24_hsp,7,5,42.089000,27.697000,-14.392000,10d NIP
664,CSW24_hsp,8,25,32.053000,26.508000,-5.545000,a8 RYE
664,CSW24_hsp,9,41,30.440000,25.545000,-4.895000,8a Pe
664,CSW24_hsp,10,9,38.371000,24.255000,-14.116000,f7 VID
664,CSW24_hsp,11,8,38.371000,23.973000,-14.398000,f7 DIV
664,CSW24_hsp,12,10,38.294000,23.845000,-14.449000,10d NID
664,CSW24_hsp,13,13,37.518000,23.334000,-14.184000,f7 VIN
664,CSW24_hsp,14,11,37.551000,23.200000,-14.351000,f5 VIRID
664,CSW24_hsp,15,56,28.301000,23.198000,-5.103000,a6 lIVYER
664,CSW24_hsp,16,12,37.551000,22.799000,-14.752000,f7 VIRID
664,CSW24_hsp,17,14,36.982000,21.907000,-15.075000,f6 DRIP
664,CSW24_hsp,18,15,36.150000,21.804000,-14.346000,g6 VILD
664,CSW24_hsp,19,62,27.625000,21.627000,-5.998000,a6 PReYED
664,CSW24_hsp,20,61,27.625000,21.467000,-6.158000,a6 PRaYED
664,CSW24_hsp,21,17,35.150000,20.546000,-14.604000,f7 DIVI
664,CSW24_hsp,22,16,35.150000,20.445000,-14.705000,f5 DIVI
664,CSW24_hsp,23,30,31.617000,19.435000,-12.182000,a9 YEP
664,CSW24_hsp,24,93,24.440000,19.424000,-5.016000,8a oP
664,CSW24_hsp,25,19,32.942000,18.786000,-14.156000,d8 QIN
850,CSW24_hsp,1,2,37.207000,29.582000,-7.625000,7c FEG
850,CSW24_hsp,2,1,37.933000,29.522000,-8.411000,e5 DEFOG
850,CSW24_hsp,3,3,34.191000,25.332000,-8.859000,e7 FORGED
850,CSW24_hsp,4,14,30.711000,24.935000,-5.776000,7f GED
850,CSW24_hsp,5,10,31.412000,24.845000,-6.567000,h7 GIF
850,CSW24_hsp,6,9,31.412000,24.798000,-6.614000,h7 FIG
850,CSW24_hsp,7,4,32.798000,24.636000,-8.162000,e7 FORGE
850,CSW24_hsp,8,5,32.798000,24.606000,-8.192000,e7 GOFER
850,CSW24_hsp,9,7,31.412000,24.332000,-7.080000,e7 FOG
850,CSW24_hsp,10,15,30.711000,24.248000,-6.463000,9f GED
850,CSW24_hsp,11,8,31.412000,24.008000,-7.404000,f7 FUG
850,CSW24_hsp,12,13,30.790000,23.245000,-7.545000,9c FED
850,CSW24_hsp,13,11,30.790000,23.237000,-7.553000,7c FED
850,CSW24_hsp,14,12,30.790000,22.980000,-7.810000,9c DEF
850,CSW24_hsp,15,6,31.933000,22.595000,-9.338000,f7 FUDGE
850,CSW24_hsp,16,19,29.501000,21.602000,-7.899000,f6 FRUG
850,CSW24_hsp,17,21,28.711000,21.468000,-7.243000,7c GED
850,CSW24_hsp,18,22,28.711000,21.401000,-7.310000,9c GED
850,CSW24_hsp,19,25,27.720000,21.190000,-6.530000,9g EF
850,CSW24_hsp,20,17,29.790000,21.141000,-8.649000,e5 DEFO
850,CSW24_hsp,21,26,27.720000,21.105000,-6.615000,9h FE
850,CSW24_hsp,22,20,28.711000,21.028000,-7.683000,7c DEG
850,CSW24_hsp,23,18,29.790000,20.946000,-8.844000,f6 FEUD
850,CSW24_hsp,24,16,29.798000,20.589000,-9.209000,f6 GRUFE
850,CSW24_hsp,25,31,26.179000,19.656000,-6.523000,9f REF
210,CSW24_hsp,1,1,34.440000,27.195000,-7.245000,15a HARO
210,CSW24_hsp,2,2,33.345000,26.192000,-7.153000,15a THRO
210,CSW24_hsp,3,3,29.780000,23.616000,-6.164000,1k AIRTH
210,CSW24_hsp,4,4,29.202000,22.018000,-7.184000,15a THIO
210,CSW24_hsp,5,5,28.672000,21.457000,-7.215000,15a TRIOR
210,CSW24_hsp,6,7,27.740000,21.241000,-6.499000,h13 HOI
210,CSW24_hsp,7,6,28.022000,20.786000,-7.236000,15a ARIOT
210,CSW24_hsp,8,10,27.396000,20.721000,-6.675000,7k RHO
210,CSW24_hsp,9,9,27.685000,20.689000,-6.996000,15a TRIO
210,CSW24_hsp,10,8,27.685000,20.678000,-7.007000,15a TIRO
210,CSW24_hsp,11,11,26.360000,19.851000,-6.509000,h13 HOT
210,CSW24_hsp,12,14,24.441000,17.810000,-6.631000,h13 HOA
210,CSW24_hsp,13,12,24.557000,17.502000,-7.055000,15a RATO
210,CSW24_hsp,14,13,24.557000,17.494000,-7.063000,15a TARO
210,CSW24_hsp,15,15,22.022000,15.796000,-6.226000,1k ARIOT
210,CSW24_hsp,16,17,21.512000,15.292000,-6.220000,h13 TOR
210,CSW24_hsp,17,16,21.512000,15.164000,-6.348000,h13 ROT
210,CSW24_hsp,18,18,21.117000,14.614000,-6.503000,d8 KOR
210,CSW24_hsp,19,19,20.440000,14.534000,-5.906000,1j HARO
210,CSW24_hsp,20,20,20.427000,14.390000,-6.037000,1j HAIR
210,CSW24_hsp,21,21,20.396000,13.747000,-6.649000,15b RHO
210,CSW24_hsp,22,22,19.647000,13.144000,-6.503000,d8 KIR
210,CSW24_hsp,23,23,18.802000,12.747000,-6.055000,1j RAH
210,CSW24_hsp,24,28,18.440000,12.011000,-6.429000,15c HORA
210,CSW24_hsp,25,27,18.440000,11.999000,-6.441000,15c HOAR
517,CSW24_hsp,1,1,39.402000,24.559000,-14.843000,14d WYND
517,CSW24_hsp,2,3,35.916000,24.470000,-11.446000,h13 WHY
517,CSW24_hsp,3,4,32.637000,20.873000,-11.764000,6f HEWN
517,CSW24_hsp,4,2,35.987000,20.868000,-15.119000,14d KYND
517,CSW24_hsp,5,5,30.871000,18.941000,-11.930000,6f HEW
517,CSW24_hsp,6,7,28.500000,17.109000,-11.391000,h13 WYN
517,CSW24_hsp,7,6,28.535000,16.800000,-11.735000,6f HEND
517,CSW24_hsp,8,9,25.876000,14.048000,-11.828000,f6 YODH
517,CSW24_hsp,9,12,24.330000,12.647000,-11.683000,6f YEW
517,CSW24_hsp,10,8,27.231000,12.425000,-14.806000,j6 WHINY
517,CSW24_hsp,11,11,24.694000,10.952000,-13.742000,11e DJIN
517,CSW24_hsp,12,17,22.492000,10.853000,-11.639000,6f HEN
517,CSW24_hsp,13,13,24.171000,10.671000,-13.500000,j7 JINK
517,CSW24_hsp,14,10,25.231000,10.407000,-14.824000,11e WHINY
517,CSW24_hsp,15,15,23.402000,10.060000,-13.342000,5c WYNDS
517,CSW24_hsp,16,26,20.585000,9.469000,-11.116000,6f DEWY
517,CSW24_hsp,17,14,23.831000,9.399000,-14.432000,11e WHID
517,CSW24_hsp,18,23,20.876000,9.155000,-11.721000,6f YEH
517,CSW24_hsp,19,22,20.876000,8.940000,-11.936000,6f HEY
517,CSW24_hsp,20,25,20.649000,8.667000,-11.982000,6f HE
517,CSW24_hsp,21,29,19.783000,8.407000,-11.376000,6f YEN
517,CSW24_hsp,22,18,22.241000,8.261000,-13.980000,g5 SEXUALIZED
517,CSW24_hsp,23,16,22.766000,8.023000,-14.743000,9c WHYDA
517,CSW24_hsp,24,21,20.916000,7.861000,-13.055000,5d WHYS
517,CSW24_hsp,25,31,19.548000,7.816000,-11.732000,6f DEW
1028,CSW24_hsp,1,1,37.703000,31.195000,-6.508000,m9 HELIO
1028,CSW24_hsp,2,2,35.346000,30.340000,-5.006000,k9 PEH
1028,CSW24_hsp,3,3,34.346000,29.291000,-5.055000,k9 HEP
1028,CSW24_hsp,4,4,32.974000,25.921000,-7.053000,8l TOPH
1028,CSW24_hsp,5,6,30.935000,23.718000,-7.217000,m11 HOKI
1028,CSW24_hsp,6,5,30.935000,23.685000,-7.250000,m11 HOIK
1028,CSW24_hsp,7,8,28.974000,22.007000,-6.967000,m11 HOP
1028,CSW24_hsp,8,9,28.583000,21.447000,-7.136000,m11 HOLK
1028,CSW24_hsp,9,17,26.559000,20.777000,-5.782000,k10 EH
1028,CSW24_hsp,10,19,26.346000,20.411000,-5.935000,k11 HEP
1028,CSW24_hsp,11,15,26.736000,20.338000,-6.398000,k11 HELP
1028,CSW24_hsp,12,10,27.829000,20.151000,-7.678000,m11 HIKE
1028,CSW24_hsp,13,13,26.848000,19.615000,-7.233000,m8 OH
1028,CSW24_hsp,14,11,27.441000,19.594000,-7.847000,m11 HOKE
1028,CSW24_hsp,15,12,26.974000,19.155000,-7.819000,j12 HOP
1028,CSW24_hsp,16,7,29.935000,19.078000,-10.857000,j12 HOKI
1028,CSW24_hsp,17,22,25.133000,18.802000,-6.331000,k11 HEIL
1028,CSW24_hsp,18,20,25.780000,18.664000,-7.116000,m11 HOLP
1028,CSW24_hsp,19,25,24.346000,18.310000,-6.036000,k11 PEH
1028,CSW24_hsp,20,23,24.866000,18.145000,-6.721000,m9 HELO
1028,CSW24_hsp,21,24,24.866000,18.124000,-6.742000,k11 HELO
1028,CSW24_hsp,22,21,25.455000,17.460000,-7.995000,m11 HOPE
1028,CSW24_hsp,23,16,26.703000,16.952000,-9.751000,k11 HELIO
1028,CSW24_hsp,24,26,23.652000,16.766000,-6.886000,m11 HIP
1028,CSW24_hsp,25,27,23.516000,16.427000,-7.089000,8l TIKE
264,CSW24_hsp,1,1,40.672000,37.386000,-3.286000,a6 VARVED
264,CSW24_hsp,2,5,34.824000,29.587000,-5.237000,b10 VERVE
264,CSW24_hsp,3,3,35.067000,29.119000,-5.948000,b10 HEVEA
264,CSW24_hsp,4,2,35.067000,28.713000,-6.354000,b10 HEAVE
264,CSW24_hsp,5,6,32.067000,26.953000,-5.114000,h1 HAVE
264,CSW24_hsp,6,4,34.941000,26.816000,-8.125000,b10 HEAVER
264,CSW24_hsp,7,7,27.781000,21.927000,-5.854000,d8 HAVER
264,CSW24_hsp,8,8,27.067000,21.271000,-5.796000,d8 HEVEA
264,CSW24_hsp,9,10,24.207000,20.297000,-3.910000,a11 DRAVE
264,CSW24_hsp,10,9,25.685000,19.535000,-6.150000,5e VARVE
264,CSW24_hsp,11,11,23.672000,17.601000,-6.071000,4b VARVEd
264,CSW24_hsp,12,18,21.207000,17.472000,-3.735000,a7 RAVED
264,CSW24_hsp,13,12,22.269000,16.904000,-5.365000,h1 VARA
264,CSW24_hsp,14,14,21.865000,15.839000,-6.026000,10a AHA
264,CSW24_hsp,15,15,21.629000,15.502000,-6.127000,n1 LAV
264,CSW24_hsp,16,16,21.321000,15.240000,-6.081000,10a AH
264,CSW24_hsp,17,19,20.941000,15.063000,-5.878000,d7 HEAVER
264,CSW24_hsp,18,24,20.207000,14.885000,-5.322000,h1 RAVE
264,CSW24_hsp,19,17,21.267000,14.860000,-6.407000,b7 VARVE
264,CSW24_hsp,20,26,20.207000,14.855000,-5.352000,h1 VERA
264,CSW24_hsp,21,25,20.207000,14.846000,-5.361000,h1 VARE
264,CSW24_hsp,22,23,20.321000,14.737000,-5.584000,j10 HA
264,CSW24_hsp,23,13,21.869000,14.696000,-7.173000,b8 HAVE
264,CSW24_hsp,24,21,20.321000,14.367000,-5.954000,f5 AH
264,CSW24_hsp,25,27,19.964000,14.193000,-5.771000,10b HARE
187,CSW24_hsp,1,1,27.592000,21.320000,-6.272000,9i HIVED
187,CSW24_hsp,2,8,23.420000,21.064000,-2.356000,9b VIE
187,CSW24_hsp,3,3,26.966000,20.401000,-6.565000,9i HOVED
187,CSW24_hsp,4,7,23.901000,17.756000,-6.145000,9i HIVE
187,CSW24_hsp,5,13,20.594000,17.649000,-2.945000,10b PIVOT
187,CSW24_hsp,6,6,24.285000,17.613000,-6.672000,9i HOP
187,CSW24_hsp,7,16,19.929000,17.393000,-2.536000,10b PIVOTED
187,CSW24_hsp,8,2,27.285000,16.979000,-10.306000,9a HOP
187,CSW24_hsp,9,4,26.288000,16.484000,-9.804000,9a HOPE
187,CSW24_hsp,10,19,19.579000,16.399000,-3.180000,i8 CHIV
187,CSW24_hsp,11,9,22.870000,16.233000,-6.637000,9i HOVE
187,CSW24_hsp,12,25,18.044000,15.850000,-2.194000,9h OH
187,CSW24_hsp,13,11,21.644000,15.832000,-5.812000,9i HIP
187,CSW24_hsp,14,26,17.807000,15.051000,-2.756000,9c PE
187,CSW24_hsp,15,5,24.644000,15.025000,-9.619000,9a HIP
187,CSW24_hsp,16,14,20.337000,14.260000,-6.077000,9b OP
187,CSW24_hsp,17,18,19.592000,14.216000,-5.376000,i8 CHIVED
187,CSW24_hsp,18,21,19.208000,13.873000,-5.335000,9b OPE
187,CSW24_hsp,19,29,16.420000,13.841000,-2.579000,g3 VITE
187,CSW24_hsp,20,10,21.882000,12.917000,-8.965000,9a DOPE
187,CSW24_hsp,21,34,15.853000,12.833000,-3.020000,10b DIVOT
187,CSW24_hsp,22,27,17.614000,12.651000,-4.963000,e10 EPHOD
187,CSW24_hsp,23,12,21.614000,11.564000,-10.050000,9i HOPED
187,CSW24_hsp,24,46,14.211000,11.534000,-2.677000,g3 VOTE
187,CSW24_hsp,25,15,20.315000,11.520000,-8.795000,9a DIP
479,CSW24_hsp,1,1,23.562000,13.113000,-10.449000,d1 QANAT
479,CSW24_hsp,2,2,18.067000,8.635000,-9.432000,3f AHINT
479,CSW24_hsp,3,5,16.352000,7.724000,-8.628000,3g HIN
479,CSW24_hsp,4,4,16.375000,6.676000,-9.699000,3e NATION
479,CSW24_hsp,5,3,16.978000,6.573000,-10.405000,10b HONAN
479,CSW24_hsp,6,6,14.910000,5.995000,-8.915000,3c ANNO
479,CSW24_hsp,7,7,14.684000,5.262000,-9.422000,5d HO
479,CSW24_hsp,8,8,14.345000,4.503000,-9.842000,10d QAT
479,CSW24_hsp,9,16,13.070000,4.486000,-8.584000,5d HAO
479,CSW24_hsp,10,14,13.208000,3.970000,-9.238000,3g HINT
479,CSW24_hsp,11,13,13.458000,3.964000,-9.494000,3e NONI
479,CSW24_hsp,12,17,13.067000,3.403000,-9.664000,3g HIANT
479,CSW24_hsp,13,11,13.533000,3.397000,-10.136000,5b HON
479,CSW24_hsp,14,12,13.533000,3.015000,-10.518000,l11 HON
479,CSW24_hsp,15,10,13.562000,2.972000,-10.590000,d3 QANAT
479,CSW24_hsp,16,20,12.533000,2.203000,-10.330000,10d HON
479,CSW24_hsp,17,22,10.618000,1.216000,-9.402000,5d NO
479,CSW24_hsp,18,26,10.070000,1.180000,-8.890000,3f OHIA
479,CSW24_hsp,19,21,11.095000,0.863000,-10.232000,5a THON
479,CSW24_hsp,20,25,10.078000,0.635000,-9.443000,9i HEW
479,CSW24_hsp,21,9,13.978000,0.393000,-13.585000,l11 HONAN
479,CSW24_hsp,22,23,10.533000,0.178000,-10.355000,l11 NOH
479,CSW24_hsp,23,19,13.002000,0.025000,-12.977000,b2 NACHO
479,CSW24_hsp,24,24,10.095000,-0.183000,-10.278000,10c THON
479,CSW24_hsp,25,15,13.095000,-0.354000,-13.449000,b1 NOTCH
1029,CSW24_hsp,1,3,33.854000,27.918000,-5.936000,o6 SILICA
1029,CSW24_hsp,2,1,34.720000,27.859000,-6.861000,o4 XI
1029,CSW24_hsp,3,2,33.854000,27.699000,-6.155000,o6 SIALIC
1029,CSW24_hsp,4,4,32.949000,26.490000,-6.459000,3g ICE
1029,CSW24_hsp,5,5,32.720000,25.633000,-7.087000,5d KOI
1029,CSW24_hsp,6,7,31.495000,24.811000,-6.684000,f4 LI
1029,CSW24_hsp,7,6,31.555000,24.770000,-6.785000,10j ILEAC
1029,CSW24_hsp,8,8,30.854000,23.941000,-6.913000,m9 SIALIC
1029,CSW24_hsp,9,10,30.720000,23.781000,-6.939000,g2 BI
1029,CSW24_hsp,10,9,30.854000,23.675000,-7.179000,m9 SILICA
1029,CSW24_hsp,11,14,29.715000,23.251000,-6.464000,3f LICE
1029,CSW24_hsp,12,15,28.720000,22.951000,-5.769000,j5 ANI
1029,CSW24_hsp,13,12,29.720000,22.912000,-6.808000,7l ID
1029,CSW24_hsp,14,13,29.720000,22.443000,-7.277000,j9 LI
1029,CSW24_hsp,15,16,28.524000,22.265000,-6.259000,o6 SAICE
1029,CSW24_hsp,16,17,27.917000,21.764000,-6.153000,o6 SALIC
1029,CSW24_hsp,17,20,27.598000,21.527000,-6.071000,o6 SAIC
1029,CSW24_hsp,18,18,27.917000,21.448000,-6.469000,o6 SCAIL
1029,CSW24_hsp,19,21,27.590000,21.427000,-6.163000,3g ICES
1029,CSW24_hsp,20,11,29.720000,20.930000,-8.790000,2b IN
1029,CSW24_hsp,21,23,26.590000,20.487000,-6.103000,o6 SICE
1029,CSW24_hsp,22,25,26.536000,20.249000,-6.287000,o6 SLICE
1029,CSW24_hsp,23,26,26.524000,19.940000,-6.584000,m9 SAICE
1029,CSW24_hsp,24,34,25.495000,19.839000,-5.656000,7k LID
1029,CSW24_hsp,25,22,27.277000,19.839000,-7.438000,10i AI
1127,CSW24_hsp,1,1,43.878000,33.861000,-10.017000,h1 GEPIK
1127,CSW24_hsp,2,2,37.940000,24.582000,-13.358000,b10 PHEER
1127,CSW24_hsp,3,3,34.940000,23.908000,-11.032000,12a PERE
1127,CSW24_hsp,4,4,34.086000,22.930000,-11.156000,12c PE
1127,CSW24_hsp,5,5,32.831000,22.562000,-10.269000,h1 GREEK
1127,CSW24_hsp,6,8,30.936000,19.985000,-10.951000,12a PINE
1127,CSW24_hsp,7,10,30.271000,19.964000,-10.307000,h1 PRINK
1127,CSW24_hsp,8,14,29.584000,19.959000,-9.625000,f3 REAP
1127,CSW24_hsp,9,15,29.173000,19.419000,-9.754000,6e EGO
1127,CSW24_hsp,10,7,31.086000,19.021000,-12.065000,10a PE
1127,CSW24_hsp,11,6,31.086000,18.674000,-12.412000,l6 PE
1127,CSW24_hsp,12,11,30.086000,18.377000,-11.709000,12a PE
1127,CSW24_hsp,13,16,29.141000,18.330000,-10.811000,12a RIPE
1127,CSW24_hsp,14,12,29.974000,18.059000,-11.915000,8k DEIGN
1127,CSW24_hsp,15,13,29.974000,17.968000,-12.006000,8k DINGE
1127,CSW24_hsp,16,25,27.227000,17.662000,-9.565000,f4 GAP
1127,CSW24_hsp,17,18,28.536000,17.661000,-10.875000,l6 PEE
1127,CSW24_hsp,18,9,30.736000,17.281000,-13.455000,b10 PHENE
1127,CSW24_hsp,19,20,28.086000,16.867000,-11.219000,d10 PRE
1127,CSW24_hsp,20,23,27.736000,16.809000,-10.927000,12a PENE
1127,CSW24_hsp,21,21,28.086000,16.726000,-11.360000,d11 REP
1127,CSW24_hsp,22,24,27.697000,16.346000,-11.351000,8j EDGIER
1127,CSW24_hsp,23,32,25.979000,16.238000,-9.741000,f3 PEAG
1127,CSW24_hsp,24,31,26.080000,16.105000,-9.975000,6f GO
1127,CSW24_hsp,25,26,26.152000,15.643000,-10.509000,h1 REINK
1120,CSW24_hsp,1,1,21.032000,9.621000,-11.411000,d10 RIVAGE
1120,CSW24_hsp,2,8,12.512000,6.778000,-5.734000,j8 VEGIE
1120,CSW24_hsp,3,5,13.396000,6.712000,-6.684000,j6 VIAE
1120,CSW24_hsp,4,6,12.970000,6.415000,-6.555000,j6 GIVE
1120,CSW24_hsp,5,2,16.407000,6.372000,-10.035000,9a VIGA
1120,CSW24_hsp,6,7,12.512000,5.612000,-6.900000,7h GIVE
1120,CSW24_hsp,7,9,12.406000,5.492000,-6.914000,j5 EVITE
1120,CSW24_hsp,8,3,15.407000,5.092000,-10.315000,7a VIGA
1120,CSW24_hsp,9,15,11.846000,4.633000,-7.213000,7h GI
1120,CSW24_hsp,10,12,12.396000,4.609000,-7.787000,d10 RIVA
1120,CSW24_hsp,11,10,12.406000,4.574000,-7.832000,j9 EVITE
1120,CSW24_hsp,12,13,12.047000,4.569000,-7.478000,e10 AVI
1120,CSW24_hsp,13,11,12.406000,4.384000,-8.022000,d10 RIVET
1120,CSW24_hsp,14,21,10.830000,4.380000,-6.450000,j6 VITE
1120,CSW24_hsp,15,16,11.846000,4.081000,-7.765000,d10 RIG
1120,CSW24_hsp,16,17,11.830000,4.079000,-7.751000,g5 VITEX
1120,CSW24_hsp,17,22,10.512000,4.054000,-6.458000,j5 VEGIE
1120,CSW24_hsp,18,23,10.396000,3.994000,-6.402000,9b VIA
1120,CSW24_hsp,19,14,11.939000,3.876000,-8.063000,d10 RIVE
1120,CSW24_hsp,20,18,11.277000,3.810000,-7.467000,10i ATIGI
1120,CSW24_hsp,21,24,10.396000,3.769000,-6.627000,10j AVI
1120,CSW24_hsp,22,20,11.034000,3.756000,-7.278000,11c VEG
1120,CSW24_hsp,23,19,11.277000,3.611000,-7.666000,10j ATIGI
1120,CSW24_hsp,24,4,14.743000,2.733000,-12.010000,e10 AVIATE
1120,CSW24_hsp,25,35,8.943000,2.376000,-6.567000,7c VAG
2,CSW24_hsp,1,1,76.000000,65.510000,-10.490000,13b LEAVENER
2,CSW24_hsp,2,2,76.000000,65.506000,-10.494000,13c VENEREAL
2,CSW24_hsp,3,3,38.258000,29.703000,-8.555000,1g EVENLY
2,CSW24_hsp,4,5,37.878000,29.109000,-8.769000,1h VEALY
2,CSW24_hsp,5,4,37.878000,29.079000,-8.799000,1h LEAVY
2,CSW24_hsp,6,6,36.841000,28.236000,-8.605000,1g VENERY
2,CSW24_hsp,7,7,35.740000,27.159000,-8.581000,1h NERVY
2,CSW24_hsp,8,9,34.586000,25.927000,-8.659000,1h VENEY
2,CSW24_hsp,9,11,34.243000,25.655000,-8.588000,1h RAVEY
2,CSW24_hsp,10,13,33.983000,25.284000,-8.699000,1h VEERY
2,CSW24_hsp,11,12,33.983000,25.141000,-8.842000,1h EVERY
2,CSW24_hsp,12,8,35.014000,23.091000,-11.923000,2j VEALER
2,CSW24_hsp,13,10,34.385000,22.889000,-11.496000,2j VEALE
2,CSW24_hsp,14,17,29.234000,21.070000,-8.164000,1l YEVE
2,CSW24_hsp,15,15,29.865000,18.201000,-11.664000,m2 LANE
2,CSW24_hsp,16,18,28.865000,17.288000,-11.577000,m1 ELAN
2,CSW24_hsp,17,14,30.878000,16.823000,-14.055000,12a VALE
2,CSW24_hsp,18,32,25.865000,16.724000,-9.141000,1h LEANY
2,CSW24_hsp,19,20,28.258000,16.558000,-11.700000,13c ENLEVE
2,CSW24_hsp,20,26,26.515000,15.654000,-10.861000,9f VANES
2,CSW24_hsp,21,21,27.274000,15.587000,-11.687000,m1 ARENE
2,CSW24_hsp,22,24,27.014000,15.507000,-11.507000,13c RELEVE
2,CSW24_hsp,23,23,27.014000,15.446000,-11.568000,d8 VERREL
2,CSW24_hsp,24,16,29.515000,15.385000,-14.130000,12a VANE
2,CSW24_hsp,25,45,24.277000,15.299000,-8.978000,1g ANERLY
42,CSW24_hsp,1,1,33.650000,33.693000,0.043000,d10 SEXFID
42,CSW24_hsp,2,2,33.484000,33.066000,-0.418000,13k XED
42,CSW24_hsp,3,3,29.484000,28.985000,-0.499000,10l DEX
42,CSW24_hsp,4,4,27.484000,27.119000,-0.365000,4a FEDEX
42,CSW24_hsp,5,5,27.484000,26.972000,-0.512000,5g HOXED
42,CSW24_hsp,6,7,26.740000,26.343000,-0.397000,5g HOAXED
42,CSW24_hsp,7,8,26.714000,26.318000,-0.396000,13k TEX
42,CSW24_hsp,8,6,27.484000,24.950000,-2.534000,14h DEX
42,CSW24_hsp,9,9,25.035000,23.910000,-1.125000,10m EX
42,CSW24_hsp,10,11,23.225000,22.797000,-0.428000,c9 DOX
42,CSW24_hsp,11,14,21.740000,21.781000,0.041000,j1 AXLED
42,CSW24_hsp,12,12,22.686000,21.729000,-0.957000,10m AX
42,CSW24_hsp,13,10,23.312000,21.598000,-1.714000,h11 QADI
42,CSW24_hsp,14,15,21.484000,20.506000,-0.978000,13l DEX
42,CSW24_hsp,15,18,21.035000,20.335000,-0.700000,c10 OXEN
42,CSW24_hsp,16,16,21.447000,20.249000,-1.198000,m8 QAID
42,CSW24_hsp,17,17,21.035000,20.243000,-0.792000,i3 LEX
42,CSW24_hsp,18,13,22.644000,19.908000,-2.736000,2j AXITE
42,CSW24_hsp,19,21,19.714000,19.498000,-0.216000,3b NEXT
42,CSW24_hsp,20,19,19.866000,19.259000,-0.607000,11a TEXT
42,CSW24_hsp,21,23,18.740000,18.353000,-0.387000,4j AXED
42,CSW24_hsp,22,24,18.417000,17.748000,-0.669000,11a TEX
42,CSW24_hsp,23,25,18.410000,17.301000,-1.109000,d13 FIX
42,CSW24_hsp,24,27,17.838000,17.260000,-0.578000,j1 AXLE
42,CSW24_hsp,25,26,18.035000,17.138000,-0.897000,13l EX
653,CSW24_hsp,1,3,76.000000,61.767000,-14.233000,l3 PRuNTED
653,CSW24_hsp,2,2,76.000000,61.700000,-14.300000,l3 PRiNTED
653,CSW24_hsp,3,1,76.000000,61.514000,-14.486000,l3 PReNTED
653,CSW24_hsp,4,4,72.000000,57.429000,-14.571000,l3 PRENTeD
653,CSW24_hsp,5,7,66.244000,56.723000,-9.521000,15k DEMPT
653,CSW24_hsp,6,12,63.697000,54.038000,-9.659000,15k NEMPT
653,CSW24_hsp,7,6,70.000000,51.822000,-18.178000,11h RePETEND
653,CSW24_hsp,8,5,70.000000,51.821000,-18.179000,11h REPeTEND
653,CSW24_hsp,9,10,66.000000,47.960000,-18.040000,n3 PRuNTED
653,CSW24_hsp,10,9,66.000000,47.903000,-18.097000,n3 PRiNTED
653,CSW24_hsp,11,8,66.000000,47.562000,-18.438000,n3 PReNTED
653,CSW24_hsp,12,11,65.000000,46.597000,-18.403000,n3 PRENTeD
653,CSW24_hsp,13,13,56.155000,45.679000,-10.476000,15l EMPT
653,CSW24_hsp,14,14,50.309000,35.718000,-14.591000,6c TRYP
653,CSW24_hsp,15,79,41.215000,31.702000,-9.513000,15j PREMeD
653,CSW24_hsp,16,15,48.292000,31.662000,-16.630000,11h PRENTED
653,CSW24_hsp,17,19,45.906000,30.872000,-15.034000,k10 PERNOD
653,CSW24_hsp,18,18,46.460000,30.620000,-15.840000,k10 REDTOP
653,CSW24_hsp,19,21,45.122000,30.228000,-14.894000,4d TREND
653,CSW24_hsp,20,20,45.906000,29.989000,-15.917000,11i PERNED
653,CSW24_hsp,21,54,41.774000,29.909000,-11.865000,15j PREM
653,CSW24_hsp,22,17,48.035000,29.901000,-18.134000,11k PRENT
653,CSW24_hsp,23,22,44.697000,29.841000,-14.856000,4d PRENT
653,CSW24_hsp,24,16,48.292000,29.644000,-18.648000,11i PRETEND
653,CSW24_hsp,25,23,44.665000,29.238000,-15.427000,5c NTH
909,CSW24_hsp,1,1,35.935000,32.593000,-3.342000,13c NOILY
909,CSW24_hsp,2,3,33.688000,30.495000,-3.193000,13b TINILY
909,CSW24_hsp,3,2,33.870000,29.746000,-4.124000,l2 ICY
909,CSW24_hsp,4,5,29.955000,26.940000,-3.015000,3a ONY
909,CSW24_hsp,5,4,30.194000,26.727000,-3.467000,4h MOY
909,CSW24_hsp,6,6,29.870000,25.951000,-3.919000,b13 YIN
909,CSW24_hsp,7,7,29.194000,25.475000,-3.719000,14a YO
909,CSW24_hsp,8,8,27.518000,24.233000,-3.285000,13a NOISILY
909,CSW24_hsp,9,10,26.519000,23.192000,-3.327000,13c SOILY
909,CSW24_hsp,10,14,25.982000,22.838000,-3.144000,l3 COSY
909,CSW24_hsp,11,17,25.792000,22.567000,-3.225000,13a STONILY
909,CSW24_hsp,12,9,26.642000,22.546000,-4.096000,13d OILY
909,CSW24_hsp,13,11,26.286000,22.467000,-3.819000,b12 TIYN
909,CSW24_hsp,14,12,26.286000,22.459000,-3.827000,b12 TYIN
909,CSW24_hsp,15,15,25.935000,22.279000,-3.656000,1d YONIC
909,CSW24_hsp,16,16,25.870000,22.014000,-3.856000,1g ICY
909,CSW24_hsp,17,18,25.594000,21.896000,-3.698000,b11 TIYIN
909,CSW24_hsp,18,19,25.032000,21.692000,-3.340000,13b NOSILY
909,CSW24_hsp,19,13,26.194000,20.926000,-5.268000,2j OY
909,CSW24_hsp,20,20,24.286000,20.305000,-3.981000,14d TIDY
909,CSW24_hsp,21,21,23.196000,18.513000,-4.683000,13f LINY
909,CSW24_hsp,22,25,21.788000,18.340000,-3.448000,d1 TIYIN
909,CSW24_hsp,23,23,22.194000,18.242000,-3.952000,b13 YON
909,CSW24_hsp,24,22,22.196000,18.214000,-3.982000,13d INLY
909,CSW24_hsp,25,24,21.955000,18.101000,-3.854000,b8 NAY
1175,CSW24_hsp,1,1,56.869000,38.755000,-18.114000,j10 QUINCE
1175,CSW24_hsp,2,3,53.244000,37.795000,-15.449000,o3 CINQUE
1175,CSW24_hsp,3,2,53.771000,34.600000,-19.171000,l1 QUINT
1175,CSW24_hsp,4,6,47.609000,34.171000,-13.438000,o1 QUERN
1175,CSW24_hsp,5,4,51.268000,32.251000,-19.017000,l1 QUIRT
1175,CSW24_hsp,6,5,50.386000,30.922000,-19.464000,l1 QUINTE
1175,CSW24_hsp,7,7,46.216000,26.859000,-19.357000,l1 QUIET
1175,CSW24_hsp,8,8,40.878000,20.961000,-19.917000,n4 COQUI
1175,CSW24_hsp,9,9,38.869000,20.653000,-18.216000,j10 CINQUE
1175,CSW24_hsp,10,10,37.891000,19.731000,-18.160000,j10 CIRQUE
1175,CSW24_hsp,11,12,35.891000,16.127000,-19.764000,k5 ACQUIRE
1175,CSW24_hsp,12,14,33.771000,16.038000,-17.733000,e4 QUINO
1175,CSW24_hsp,13,11,36.609000,15.188000,-21.421000,n4 ROQUE
1175,CSW24_hsp,14,15,33.244000,13.977000,-19.267000,m3 CIrQUE
1175,CSW24_hsp,15,16,31.892000,13.299000,-18.593000,l2 QUIT
1175,CSW24_hsp,16,29,24.580000,13.183000,-11.397000,1h ETIC
1175,CSW24_hsp,17,17,30.238000,11.802000,-18.436000,14h QIN
1175,CSW24_hsp,18,13,33.771000,11.266000,-22.505000,n1 QUINO
1175,CSW24_hsp,19,18,29.436000,11.172000,-18.264000,g14 CH
1175,CSW24_hsp,20,20,28.912000,11.075000,-17.837000,14h QI
1175,CSW24_hsp,21,19,29.386000,10.925000,-18.461000,j11 QUINE
1175,CSW24_hsp,22,37,22.369000,10.924000,-11.445000,1g RET
1175,CSW24_hsp,23,21,28.462000,10.061000,-18.401000,j11 QUIRE
1175,CSW24_hsp,24,51,20.230000,8.833000,-11.397000,1g NET
1175,CSW24_hsp,25,24,26.216000,8.782000,-17.434000,l2 QUITE
228,CSW24_hsp,1,1,12.873000,10.875000,-1.998000,3i GUNG
228,CSW24_hsp,2,2,11.685000,9.678000,-2.007000,3i GUT
228,CSW24_hsp,3,3,10.178000,8.288000,-1.890000,3i DUG
228,CSW24_hsp,4,4,10.146000,7.962000,-2.184000,3i TUNG
228,CSW24_hsp,5,5,9.919000,7.936000,-1.983000,3i DUNG
228,CSW24_hsp,6,6,8.685000,6.552000,-2.133000,3i TUG
228,CSW24_hsp,7,7,8.215000,5.548000,-2.667000,k7 TUGGED
228,CSW24_hsp,8,9,7.501000,5.362000,-2.139000,3i DUNT
228,CSW24_hsp,9,8,7.694000,4.980000,-2.714000,k7 GUTTED
228,CSW24_hsp,10,10,5.520000,2.810000,-2.710000,k7 NUGGET
228,CSW24_hsp,11,11,4.789000,2.505000,-2.284000,3i TUT
228,CSW24_hsp,12,12,4.501000,2.136000,-2.365000,3i TUND
228,CSW24_hsp,13,13,2.701000,0.021000,-2.680000,k10 TEGG
228,CSW24_hsp,14,15,1.891000,-0.141000,-2.032000,3i GUN
228,CSW24_hsp,15,14,2.146000,-0.318000,-2.464000,12k TUNG
228,CSW24_hsp,16,16,1.854000,-0.763000,-2.617000,k7 GUNGED
228,CSW24_hsp,17,17,1.146000,-1.195000,-2.341000,10k TUNG
228,CSW24_hsp,18,18,0.919000,-1.802000,-2.721000,12k DUNG
228,CSW24_hsp,19,19,0.178000,-2.139000,-2.317000,12k DUG
228,CSW24_hsp,20,20,0.146000,-2.386000,-2.532000,14b STUNG
228,CSW24_hsp,21,25,-0.315000,-2.801000,-2.486000,12k TUG
228,CSW24_hsp,22,21,0.082000,-2.888000,-2.970000,ex GGNTTU
228,CSW24_hsp,23,22,0.000000,-2.970000,-2.970000,ex DGGNTTU
228,CSW24_hsp,24,23,-0.109000,-3.079000,-2.970000,ex DGGTTU
228,CSW24_hsp,25,31,-1.109000,-3.246000,-2.137000,3i NUG
290,CSW24_hsp,1,1,49.557000,43.528000,-6.029000,j12 VOW
290,CSW24_hsp,2,2,43.557000,37.307000,-6.250000,5a VOW
290,CSW24_hsp,3,3,42.898000,36.595000,-6.303000,c5 VOW
290,CSW24_hsp,4,5,39.617000,33.446000,-6.171000,j12 VOM
290,CSW24_hsp,5,4,39.754000,33.377000,-6.377000,j12 MOW
290,CSW24_hsp,6,8,38.898000,33.242000,-5.656000,h7 VAW
290,CSW24_hsp,7,6,39.263000,32.373000,-6.890000,8l CLOW
290,CSW24_hsp,8,7,39.263000,32.205000,-7.058000,8l COWL
290,CSW24_hsp,9,9,38.557000,31.245000,-7.312000,d5 VROW
290,CSW24_hsp,10,10,34.964000,28.699000,-6.265000,c5 VOM
290,CSW24_hsp,11,14,34.557000,28.606000,-5.951000,h8 AVOW
290,CSW24_hsp,12,13,34.617000,28.347000,-6.270000,5a VOM
290,CSW24_hsp,13,12,34.754000,27.949000,-6.805000,5a MOW
290,CSW24_hsp,14,11,34.754000,27.691000,-7.063000,d4 WORM
290,CSW24_hsp,15,20,32.836000,27.234000,-5.602000,h7 VAC
290,CSW24_hsp,16,15,34.046000,27.152000,-6.894000,c4 CLOW
290,CSW24_hsp,17,17,33.918000,26.847000,-7.071000,c5 MOW
290,CSW24_hsp,18,19,33.250000,26.231000,-7.019000,j12 VOL
290,CSW24_hsp,19,16,34.046000,26.048000,-7.998000,c5 COWL
290,CSW24_hsp,20,18,33.617000,25.344000,-8.273000,c6 OMOV
290,CSW24_hsp,21,23,31.596000,25.226000,-6.370000,5a COW
290,CSW24_hsp,22,22,31.828000,25.171000,-6.657000,ex LVW
290,CSW24_hsp,23,21,31.918000,24.847000,-7.071000,8l CWM
290,CSW24_hsp,24,24,31.396000,24.739000,-6.657000,ex MVW
290,CSW24_hsp,25,28,30.966000,24.631000,-6.335000,j12 MOC
31,CSW24_hsp,1,1,167.000000,164.420000,-2.580000,a8 CAPSIzED
31,CSW24_hsp,2,11,95.000000,92.551000,-2.449000,a7 DISPACEs
31,CSW24_hsp,3,12,95.000000,92.551000,-2.449000,a7 DIsPACES
31,CSW24_hsp,4,13,95.000000,92.478000,-2.522000,a7 dISPACED
31,CSW24_hsp,5,10,95.000000,92.476000,-2.524000,a7 DISPACEd
31,CSW24_hsp,6,9,95.000000,92.268000,-2.732000,a6 mIDSPACE
31,CSW24_hsp,7,2,100.000000,91.907000,-8.093000,h1 DISCAgES
31,CSW24_hsp,8,3,100.000000,91.813000,-8.187000,h1 DISCAsES
31,CSW24_hsp,9,4,100.000000,91.795000,-8.205000,h1 DIsCASES
31,CSW24_hsp,10,14,92.000000,89.078000,-2.922000,a4 DIASCoPE
31,CSW24_hsp,11,8,97.000000,88.993000,-8.007000,h1 SpADICES
31,CSW24_hsp,12,5,97.000000,88.912000,-8.088000,h1 ACIDnESS
31,CSW24_hsp,13,7,97.000000,88.652000,-8.348000,h1 CAdDISES
31,CSW24_hsp,14,6,97.000000,88.244000,-8.756000,h1 ACIDoSES
31,CSW24_hsp,15,18,89.000000,85.461000,-3.539000,a7 DISPeACE
31,CSW24_hsp,16,17,89.000000,85.458000,-3.542000,a7 DISPEACe
31,CSW24_hsp,17,19,89.000000,84.336000,-4.664000,a7 DISPlACE
31,CSW24_hsp,18,16,91.000000,82.919000,-8.081000,h1 DISpACES
31,CSW24_hsp,19,15,91.000000,82.568000,-8.432000,h1 CADdISES
31,CSW24_hsp,20,20,89.000000,79.889000,-9.111000,h8 SIDECArS
31,CSW24_hsp,21,21,83.000000,74.389000,-8.611000,h8 SpADICES
31,CSW24_hsp,22,23,81.000000,72.397000,-8.603000,11d SIDECAr
31,CSW24_hsp,23,22,81.000000,71.246000,-9.754000,11d SCAIlED
31,CSW24_hsp,24,24,73.292000,69.859000,-3.433000,a7 DISPACE
31,CSW24_hsp,25,26,71.866000,68.469000,-3.397000,a8 CAPED
179,CSW24_hsp,1,1,35.355000,20.835000,-14.520000,13c HOUT
179,CSW24_hsp,2,2,29.355000,15.003000,-14.352000,j4 THUG
179,CSW24_hsp,3,3,29.310000,11.291000,-18.019000,3m HIT
179,CSW24_hsp,4,7,24.177000,10.333000,-13.844000,l4 THAE
179,CSW24_hsp,5,5,24.355000,10.239000,-14.116000,m2 CHUT
179,CSW24_hsp,6,4,28.177000,10.095000,-18.082000,3m HAT
179,CSW24_hsp,7,6,24.355000,9.051000,-15.304000,6k PHUT
179,CSW24_hsp,8,10,22.579000,8.317000,-14.262000,j6 UGH
179,CSW24_hsp,9,9,22.579000,7.716000,-14.863000,j5 HUG
179,CSW24_hsp,10,8,22.579000,7.380000,-15.199000,1n UH
179,CSW24_hsp,11,12,21.841000,6.624000,-15.217000,3m HI
179,CSW24_hsp,12,16,20.730000,5.894000,-14.836000,j5 TUG
179,CSW24_hsp,13,14,21.287000,5.804000,-15.483000,3m HA
179,CSW24_hsp,14,13,21.355000,5.462000,-15.893000,b11 THUJA
179,CSW24_hsp,15,22,19.530000,5.359000,-14.171000,e10 AHI
179,CSW24_hsp,16,15,20.854000,5.119000,-15.735000,1f HINAU
179,CSW24_hsp,17,17,20.519000,5.054000,-15.465000,j7 GHAUT
179,CSW24_hsp,18,18,20.355000,4.977000,-15.378000,11b TUSH
179,CSW24_hsp,19,24,19.287000,4.975000,-14.312000,13c HOA
179,CSW24_hsp,20,26,18.972000,4.855000,-14.117000,j5 AUGH
179,CSW24_hsp,21,40,17.177000,4.855000,-12.322000,l5 HAET
179,CSW24_hsp,22,19,20.355000,4.784000,-15.571000,11d SHUT
179,CSW24_hsp,23,11,22.418000,4.508000,-17.910000,3m HIN
179,CSW24_hsp,24,28,18.841000,4.346000,-14.495000,e11 HI
179,CSW24_hsp,25,27,18.904000,4.274000,-14.630000,13c HO
657,CSW24_hsp,1,1,41.539000,31.006000,-10.533000,12d REFECTORIAN
657,CSW24_hsp,2,2,37.723000,29.973000,-7.750000,15a ARO
657,CSW24_hsp,3,3,36.001000,28.385000,-7.616000,15a AROS
657,CSW24_hsp,4,5,35.614000,25.663000,-9.951000,12d REFECTION
657,CSW24_hsp,5,7,31.559000,23.943000,-7.616000,15a IONS
657,CSW24_hsp,6,6,31.614000,23.864000,-7.750000,15a ION
657,CSW24_hsp,7,4,35.622000,22.720000,-12.902000,12d REFECTORIANS
657,CSW24_hsp,8,10,30.286000,20.957000,-9.329000,i3 YAAR
657,CSW24_hsp,9,8,30.723000,20.786000,-9.937000,10b OAR
657,CSW24_hsp,10,9,30.539000,20.577000,-9.962000,4h PORINA
657,CSW24_hsp,11,11,28.688000,18.707000,-9.981000,4h PARIAN
657,CSW24_hsp,12,12,27.249000,17.458000,-9.791000,4h POA
657,CSW24_hsp,13,14,26.434000,16.963000,-9.471000,i2 AYIN
657,CSW24_hsp,14,19,24.411000,16.601000,-7.810000,15a AR
657,CSW24_hsp,15,13,26.559000,16.432000,-10.127000,12d REFECTIONS
657,CSW24_hsp,16,23,24.214000,16.404000,-7.810000,15a AN
657,CSW24_hsp,17,27,23.887000,16.077000,-7.810000,15a IO
657,CSW24_hsp,18,15,25.993000,15.907000,-10.086000,2b AA
657,CSW24_hsp,19,18,24.478000,15.512000,-8.966000,4c SIJO
657,CSW24_hsp,20,16,24.993000,15.252000,-9.741000,6b AA
657,CSW24_hsp,21,22,24.220000,15.173000,-9.047000,i5 ANOn
657,CSW24_hsp,22,17,24.993000,15.125000,-9.868000,10b AA
657,CSW24_hsp,23,20,24.316000,14.620000,-9.696000,4h PA
657,CSW24_hsp,24,26,23.993000,14.566000,-9.427000,7i AA
657,CSW24_hsp,25,31,23.723000,14.509000,-9.214000,i6 ROnA
215,CSW24_hsp,1,1,62.000000,52.206000,-9.794000,6d INTERNAL
215,CSW24_hsp,2,3,29.006000,19.868000,-9.138000,n1 LINEN
215,CSW24_hsp,3,2,29.214000,19.759000,-9.455000,n5 NIED
215,CSW24_hsp,4,4,28.683000,19.034000,-9.649000,n1 LATEN
215,CSW24_hsp,5,5,28.038000,18.681000,-9.357000,n3 ETNA
215,CSW24_hsp,6,6,25.337000,16.021000,-9.316000,13k GIN
215,CSW24_hsp,7,8,24.717000,15.664000,-9.053000,n3 TEN
215,CSW24_hsp,8,7,24.810000,15.232000,-9.578000,n2 INN
215,CSW24_hsp,9,9,24.580000,14.330000,-10.250000,7m ZIN
215,CSW24_hsp,10,40,21.078000,14.273000,-6.805000,15g LENITE
215,CSW24_hsp,11,48,20.428000,13.808000,-6.620000,15h LATTEN
215,CSW24_hsp,12,11,23.337000,13.792000,-9.545000,3l OWN
215,CSW24_hsp,13,14,23.249000,13.741000,-9.508000,n1 LINN
215,CSW24_hsp,14,16,23.078000,13.710000,-9.368000,n1 LINE
215,CSW24_hsp,15,13,23.337000,13.695000,-9.642000,5l YON
215,CSW24_hsp,16,46,20.444000,13.637000,-6.807000,15g NANITE
215,CSW24_hsp,17,45,20.444000,13.624000,-6.820000,15g INNATE
215,CSW24_hsp,18,12,23.337000,13.563000,-9.774000,4l WON
215,CSW24_hsp,19,10,23.337000,13.473000,-9.864000,3k NOW
215,CSW24_hsp,20,15,23.078000,13.430000,-9.648000,n1 LIEN
215,CSW24_hsp,21,56,19.981000,13.419000,-6.562000,15h LITTEN
215,CSW24_hsp,22,17,22.787000,13.261000,-9.526000,n2 INT
215,CSW24_hsp,23,50,20.215000,13.185000,-7.030000,15f LINEATE
215,CSW24_hsp,24,37,21.215000,12.799000,-8.416000,i1 ALIEN
215,CSW24_hsp,25,18,22.519000,12.781000,-9.738000,n1 LANE
979,CSW24_hsp,1,2,74.000000,67.094000,-6.906000,h1 LuNARIST
979,CSW24_hsp,2,1,74.000000,66.568000,-7.432000,h1 LARNIeST
979,CSW24_hsp,3,3,74.000000,66.278000,-7.722000,h8 TReNAILS
979,CSW24_hsp,4,4,74.000000,66.138000,-7.862000,h8 ToNSILAR
979,CSW24_hsp,5,13,66.000000,62.524000,-3.476000,i2 cARLINS
979,CSW24_hsp,6,5,70.000000,61.478000,-8.522000,e6 RAVeLINS
979,CSW24_hsp,7,19,66.000000,60.396000,-5.604000,i4 cARLINS
979,CSW24_hsp,8,29,66.000000,59.743000,-6.257000,i7 cARLINS
979,CSW24_hsp,9,6,67.000000,59.047000,-7.953000,i3 INSuLAR
979,CSW24_hsp,10,7,67.000000,58.891000,-8.109000,i3 ShRINAL
979,CSW24_hsp,11,8,67.000000,58.532000,-8.468000,i7 NAILeRS
979,CSW24_hsp,12,27,66.000000,58.421000,-7.579000,i7 RAtLINS
979,CSW24_hsp,13,30,66.000000,58.314000,-7.686000,i7 mARLINS
979,CSW24_hsp,14,32,66.000000,57.649000,-8.351000,i8 ALdRINS
979,CSW24_hsp,15,22,66.000000,57.299000,-8.701000,i5 ReNAILS
979,CSW24_hsp,16,33,66.000000,57.276000,-8.724000,i8 INSuLAR
979,CSW24_hsp,17,21,66.000000,57.261000,-8.739000,i4 uRINALS
979,CSW24_hsp,18,12,66.000000,57.115000,-8.885000,i2 RAtLINS
979,CSW24_hsp,19,23,66.000000,56.890000,-9.110000,i5 ShRINAL
979,CSW24_hsp,20,17,66.000000,56.866000,-9.134000,i4 RAtLINS
979,CSW24_hsp,21,26,66.000000,56.788000,-9.212000,i6 uRINALS
979,CSW24_hsp,22,38,65.000000,56.732000,-8.268000,7f NAILeRS
979,CSW24_hsp,23,14,66.000000,56.661000,-9.339000,i2 mARLINS
979,CSW24_hsp,24,10,66.000000,56.633000,-9.367000,i2 ALdRINS
979,CSW24_hsp,25,31,66.000000,56.503000,-9.497000,i8 ALINeRS
16,CSW24_hsp,1,1,54.953000,49.093000,-5.860000,5i RIGOL
16,CSW24_hsp,2,2,54.552000,46.600000,-7.952000,m2 JIRGA
16,CSW24_hsp,3,7,51.851000,46.325000,-5.526000,k4 GJU
16,CSW24_hsp,4,8,51.851000,46.215000,-5.636000,k5 JUG
16,CSW24_hsp,5,4,52.528000,45.348000,-7.180000,e5 GOJI
16,CSW24_hsp,6,11,51.431000,45.193000,-6.238000,k4 JOUR
16,CSW24_hsp,7,5,52.439000,44.646000,-7.793000,l3 JIGS
16,CSW24_hsp,8,3,52.528000,44.402000,-8.126000,l3 JOGS
16,CSW24_hsp,9,16,49.498000,44.210000,-5.288000,5i LIG
16,CSW24_hsp,10,12,51.431000,44.155000,-7.276000,e5 ROJI
16,CSW24_hsp,11,13,50.647000,43.997000,-6.650000,5m JOL
16,CSW24_hsp,12,14,50.528000,43.954000,-6.574000,5m JOG
16,CSW24_hsp,13,15,50.431000,43.810000,-6.621000,5m JOR
16,CSW24_hsp,14,6,51.874000,43.463000,-8.411000,l2 GOJIS
16,CSW24_hsp,15,9,51.647000,43.428000,-8.219000,l3 JOLS
16,CSW24_hsp,16,10,51.431000,43.217000,-8.214000,l3 JORS
16,CSW24_hsp,17,21,48.243000,41.700000,-6.543000,m5 RAJ
16,CSW24_hsp,18,23,47.504000,41.659000,-5.845000,5i RIG
16,CSW24_hsp,19,22,48.074000,41.515000,-6.559000,5m JO
16,CSW24_hsp,20,24,47.022000,41.048000,-5.974000,5i LOG
16,CSW24_hsp,21,17,48.796000,40.776000,-8.020000,f8 ROJI
16,CSW24_hsp,22,18,48.796000,40.438000,-8.358000,l2 ROJIS
16,CSW24_hsp,23,19,48.796000,40.291000,-8.505000,m2 RIOJA
16,CSW24_hsp,24,20,48.528000,40.068000,-8.460000,m5 GAJO
16,CSW24_hsp,25,25,44.552000,36.468000,-8.084000,m5 JAGIR
138,CSW24_hsp,1,1,59.149000,54.670000,-4.479000,d1 JIVE
138,CSW24_hsp,2,2,49.723000,48.299000,-1.424000,h1 JETE
138,CSW24_hsp,3,4,47.031000,45.646000,-1.385000,h1 JET
138,CSW24_hsp,4,3,47.981000,43.418000,-4.563000,d1 JIVES
138,CSW24_hsp,5,6,43.149000,41.394000,-1.755000,13l JIVE
138,CSW24_hsp,6,5,43.723000,40.709000,-3.014000,2e JEE
138,CSW24_hsp,7,8,41.313000,38.939000,-2.374000,2e JAI
138,CSW24_hsp,8,10,40.598000,38.735000,-1.863000,2e JA
138,CSW24_hsp,9,11,39.598000,38.265000,-1.333000,6f JAI
138,CSW24_hsp,10,12,39.598000,38.165000,-1.433000,j8 TAJ
138,CSW24_hsp,11,9,40.723000,37.850000,-2.873000,14b JEE
138,CSW24_hsp,12,14,38.598000,37.297000,-1.301000,15i JA
138,CSW24_hsp,13,7,41.413000,37.198000,-4.215000,14a AJEE
138,CSW24_hsp,14,15,37.313000,35.711000,-1.602000,12j AJI
138,CSW24_hsp,15,16,37.084000,35.647000,-1.437000,h1 JETS
138,CSW24_hsp,16,13,38.723000,35.114000,-3.609000,14a JEE
138,CSW24_hsp,17,17,36.598000,34.651000,-1.947000,14b JA
138,CSW24_hsp,18,18,35.723000,33.758000,-1.965000,e3 AJEE
138,CSW24_hsp,19,21,33.340000,31.866000,-1.474000,7j AKE
138,CSW24_hsp,20,20,33.340000,31.848000,-1.492000,4j ABYE
138,CSW24_hsp,21,24,33.313000,31.652000,-1.661000,12k JIAO
138,CSW24_hsp,22,23,33.313000,31.569000,-1.744000,m10 JAI
138,CSW24_hsp,23,22,33.313000,31.401000,-1.912000,e5 JIAO
138,CSW24_hsp,24,25,32.598000,31.027000,-1.571000,m10 JA
138,CSW24_hsp,25,26,32.530000,30.911000,-1.619000,12l JEON
744,CSW24_hsp,1,1,37.062000,33.908000,-3.154000,j10 BYs
744,CSW24_hsp,2,3,35.688000,32.185000,-3.503000,l4 BEY
744,CSW24_hsp,3,4,35.674000,32.112000,-3.562000,13g LEY
744,CSW24_hsp,4,5,34.688000,31.376000,-3.312000,f4 BYE
744,CSW24_hsp,5,2,36.854000,30.742000,-6.112000,l1 BETRAY
744,CSW24_hsp,6,6,33.690000,30.658000,-3.032000,n8 NAY
744,CSW24_hsp,7,9,33.402000,30.368000,-3.034000,f2 BARYE
744,CSW24_hsp,8,7,33.674000,30.147000,-3.527000,f5 YE
744,CSW24_hsp,9,13,32.150000,29.181000,-2.969000,11k BAC
744,CSW24_hsp,10,15,31.481000,28.928000,-2.553000,c11 YARR
744,CSW24_hsp,11,18,31.438000,28.668000,-2.770000,10j BEANY
744,CSW24_hsp,12,17,31.438000,28.109000,-3.329000,f3 BAYE
744,CSW24_hsp,13,16,31.438000,28.093000,-3.345000,f3 ABYE
744,CSW24_hsp,14,14,31.688000,27.861000,-3.827000,5k BYDE
744,CSW24_hsp,15,10,33.402000,27.565000,-5.837000,n2 BAYER
744,CSW24_hsp,16,21,30.680000,27.240000,-3.440000,l4 BAY
744,CSW24_hsp,17,8,33.402000,27.146000,-6.256000,l1 YERBA
744,CSW24_hsp,18,22,30.674000,27.103000,-3.571000,n8 NYE
744,CSW24_hsp,19,20,30.688000,26.928000,-3.760000,l3 BYE
744,CSW24_hsp,20,23,30.674000,26.882000,-3.792000,9k YEA
744,CSW24_hsp,21,24,30.402000,26.821000,-3.581000,l2 BERAY
744,CSW24_hsp,22,25,30.382000,26.772000,-3.610000,j8 STEYs
744,CSW24_hsp,23,27,29.503000,25.969000,-3.534000,15d FY
744,CSW24_hsp,24,26,29.503000,25.844000,-3.659000,10m NY
744,CSW24_hsp,25,31,29.249000,25.726000,-3.523000,l3 BREY
387,CSW24_hsp,1,1,85.402000,83.350000,-2.052000,8m CAZ
387,CSW24_hsp,2,2,65.315000,58.241000,-7.074000,o6 FAZED
387,CSW24_hsp,3,5,59.069000,52.907000,-6.162000,o8 FEZ
387,CSW24_hsp,4,4,59.681000,52.735000,-6.946000,o6 FAZE
387,CSW24_hsp,5,6,56.847000,50.517000,-6.330000,8m CAF
387,CSW24_hsp,6,3,59.681000,49.013000,-10.668000,o1 FAZE
387,CSW24_hsp,7,9,52.497000,45.155000,-7.342000,o6 DOZE
387,CSW24_hsp,8,7,53.108000,44.694000,-8.414000,o8 ZERDA
387,CSW24_hsp,9,10,52.303000,44.655000,-7.648000,o6 FAZES
387,CSW24_hsp,10,14,51.418000,44.272000,-7.146000,o6 ADZE
387,CSW24_hsp,11,15,51.418000,44.076000,-7.342000,o6 DAZE
387,CSW24_hsp,12,16,51.418000,43.970000,-7.448000,o8 ZEDA
387,CSW24_hsp,13,11,51.576000,43.023000,-8.553000,o6 DOZER
387,CSW24_hsp,14,20,48.632000,42.309000,-6.323000,o8 ZED
387,CSW24_hsp,15,8,52.497000,41.600000,-10.897000,o1 DOZE
387,CSW24_hsp,16,19,50.108000,41.581000,-8.527000,o6 RAZED
387,CSW24_hsp,17,18,50.108000,41.553000,-8.555000,o6 DAZER
387,CSW24_hsp,18,17,51.139000,40.554000,-10.585000,10h DOF
387,CSW24_hsp,19,13,51.418000,40.543000,-10.875000,o1 DAZE
387,CSW24_hsp,20,12,51.418000,40.540000,-10.878000,o1 ADZE
387,CSW24_hsp,21,22,47.686000,39.273000,-8.413000,o8 ZEDAS
387,CSW24_hsp,22,23,47.408000,38.385000,-9.023000,o8 ZERDAS
387,CSW24_hsp,23,32,44.330000,38.335000,-5.995000,8m CAD
387,CSW24_hsp,24,21,47.961000,38.311000,-9.650000,o8 FEDORA
387,CSW24_hsp,25,35,43.565000,38.163000,-5.402000,o8 ZE
1155,CSW24_hsp,1,1,36.247000,30.464000,-5.783000,c11 ABBE
1155,CSW24_hsp,2,2,35.084000,29.661000,-5.423000,c11 EBB
1155,CSW24_hsp,3,3,30.081000,24.562000,-5.519000,c11 ABB
1155,CSW24_hsp,4,4,25.084000,18.610000,-6.474000,6l EBB
1155,CSW24_hsp,5,5,24.122000,18.335000,-5.787000,m2 TEPA
1155,CSW24_hsp,6,6,24.084000,17.935000,-6.149000,g7 BLEB
1155,CSW24_hsp,7,7,22.592000,16.411000,-6.181000,g7 PLEB
1155,CSW24_hsp,8,10,21.084000,14.859000,-6.225000,13c BIBE
1155,CSW24_hsp,9,9,22.247000,14.765000,-7.482000,14h BABE
1155,CSW24_hsp,10,8,22.247000,14.688000,-7.559000,14h ABBE
1155,CSW24_hsp,11,14,19.466000,13.613000,-5.853000,m2 TAB
1155,CSW24_hsp,12,16,19.322000,13.039000,-6.283000,g7 PLEBE
1155,CSW24_hsp,13,15,19.322000,12.966000,-6.356000,g7 BLEEP
1155,CSW24_hsp,14,11,20.627000,12.951000,-7.676000,14h BEPAT
1155,CSW24_hsp,15,17,19.081000,12.880000,-6.201000,g7 BLAB
1155,CSW24_hsp,16,12,20.084000,12.765000,-7.319000,14i EBB
1155,CSW24_hsp,17,18,19.081000,12.541000,-6.540000,14h ABB
1155,CSW24_hsp,18,13,19.726000,12.318000,-7.408000,14h PEBA
1155,CSW24_hsp,19,22,17.052000,11.121000,-5.931000,m2 TAP
1155,CSW24_hsp,20,24,16.481000,10.221000,-6.260000,14h BAP
1155,CSW24_hsp,21,21,17.247000,10.188000,-7.059000,m4 BABE
1155,CSW24_hsp,22,26,16.081000,10.055000,-6.026000,c2 BARB
1155,CSW24_hsp,23,20,17.249000,9.870000,-7.379000,12a BEBOP
1155,CSW24_hsp,24,19,18.247000,9.387000,-8.860000,14i ABBE
1155,CSW24_hsp,25,31,15.052000,9.018000,-6.034000,e11 APT
936,CSW24_hsp,1,1,104.613000,98.163000,-6.450000,15f JOY
936,CSW24_hsp,2,2,103.115000,96.719000,-6.396000,15f JAY
936,CSW24_hsp,3,3,99.046000,92.860000,-6.186000,15e JASY
936,CSW24_hsp,4,4,92.780000,88.587000,-4.193000,15d JASeY
936,CSW24_hsp,5,5,83.457000,76.460000,-6.997000,15h YO
936,CSW24_hsp,6,7,82.994000,76.165000,-6.829000,15g RYA
936,CSW24_hsp,7,8,80.833000,73.794000,-7.039000,15h YA
936,CSW24_hsp,8,13,79.188000,73.295000,-5.893000,15d JORAm
936,CSW24_hsp,9,12,79.439000,73.258000,-6.181000,15d YOJAn
936,CSW24_hsp,10,10,79.474000,73.175000,-6.299000,15e JOkY
936,CSW24_hsp,11,9,79.474000,73.139000,-6.335000,15e JOeY
936,CSW24_hsp,12,6,83.115000,72.955000,-10.160000,13m JAY
936,CSW24_hsp,13,14,79.155000,72.910000,-6.245000,15g RYAS
936,CSW24_hsp,14,11,79.457000,71.979000,-7.478000,15g OY
936,CSW24_hsp,15,17,78.915000,71.652000,-7.263000,15e OARY
936,CSW24_hsp,16,15,78.994000,71.621000,-7.373000,15f ARY
936,CSW24_hsp,17,16,78.994000,71.461000,-7.533000,15f RAY
936,CSW24_hsp,18,20,77.315000,71.050000,-6.265000,15e JAxY
936,CSW24_hsp,19,21,77.315000,70.992000,-6.323000,15e JAzY
936,CSW24_hsp,20,18,77.498000,70.963000,-6.535000,15h YAS
936,CSW24_hsp,21,19,77.315000,70.937000,-6.378000,15e JAsY
936,CSW24_hsp,22,22,76.833000,69.292000,-7.541000,15g AY
936,CSW24_hsp,23,24,75.570000,68.110000,-7.460000,15e ROSY
936,CSW24_hsp,24,28,74.947000,68.096000,-6.851000,15f SOYA
936,CSW24_hsp,25,30,74.434000,67.871000,-6.563000,15f JaY
245,CSW24_hsp,1,1,25.816000,18.072000,-7.744000,13b DIVINGS
245,CSW24_hsp,2,3,20.406000,12.777000,-7.629000,12b VIFDA
245,CSW24_hsp,3,2,21.614000,12.745000,-8.869000,13b FADINGS
245,CSW24_hsp,4,4,18.876000,10.900000,-7.976000,l2 VIGIL
245,CSW24_hsp,5,5,18.654000,10.416000,-8.238000,13c VIANDS
245,CSW24_hsp,6,6,16.223000,8.988000,-7.235000,9k EGAD
245,CSW24_hsp,7,7,15.876000,8.231000,-7.645000,12b VIGIA
245,CSW24_hsp,8,8,13.767000,6.386000,-7.381000,l11 DIVI
245,CSW24_hsp,9,9,13.654000,6.256000,-7.398000,l11 DIVA
245,CSW24_hsp,10,12,12.774000,5.700000,-7.074000,12c VIGA
245,CSW24_hsp,11,13,12.654000,5.564000,-7.090000,l11 AVID
245,CSW24_hsp,12,11,13.171000,5.528000,-7.643000,l11 GIF
245,CSW24_hsp,13,14,12.654000,4.198000,-8.456000,13b DIVAN
245,CSW24_hsp,14,17,11.717000,4.146000,-7.571000,i12 FID
245,CSW24_hsp,15,16,11.717000,4.107000,-7.610000,i12 DIF
245,CSW24_hsp,16,18,11.319000,3.884000,-7.435000,l11 DIV
245,CSW24_hsp,17,19,10.319000,3.172000,-7.147000,12c DIVA
245,CSW24_hsp,18,15,12.288000,3.114000,-9.174000,13b FAGIN
245,CSW24_hsp,19,22,9.998000,2.925000,-7.073000,12c FAVA
245,CSW24_hsp,20,21,10.080000,2.417000,-7.663000,l3 VIAL
245,CSW24_hsp,21,20,10.080000,2.193000,-7.887000,l3 VAIL
245,CSW24_hsp,22,24,9.717000,2.187000,-7.530000,l11 DIF
245,CSW24_hsp,23,25,8.843000,1.875000,-6.968000,11e GRIN
245,CSW24_hsp,24,23,9.888000,1.765000,-8.123000,j4 FIZ
245,CSW24_hsp,25,26,8.717000,1.669000,-7.048000,j9 DEFI
847,CSW24_hsp,1,2,23.659000,15.798000,-7.861000,9f DIFF
847,CSW24_hsp,2,1,24.870000,15.006000,-9.864000,10f FOUTH
847,CSW24_hsp,3,3,22.047000,14.071000,-7.976000,9f DOFF
847,CSW24_hsp,4,5,20.420000,12.466000,-7.954000,9f TIFF
847,CSW24_hsp,5,11,19.625000,11.234000,-8.391000,g3 FIDO
847,CSW24_hsp,6,15,18.659000,11.155000,-7.504000,9d FID
847,CSW24_hsp,7,9,19.659000,11.122000,-8.537000,9b DIF
847,CSW24_hsp,8,10,19.659000,10.973000,-8.686000,9b FID
847,CSW24_hsp,9,13,19.625000,10.730000,-8.895000,9b FIDO
847,CSW24_hsp,10,4,20.901000,10.722000,-10.179000,5g FAITH
847,CSW24_hsp,11,6,19.901000,10.427000,-9.474000,7f FILTH
847,CSW24_hsp,12,20,18.211000,10.160000,-8.051000,9f TOFF
847,CSW24_hsp,13,12,19.625000,9.858000,-9.767000,i3 FIDO
847,CSW24_hsp,14,14,19.244000,9.783000,-9.461000,9a FOH
847,CSW24_hsp,15,17,18.426000,9.743000,-8.683000,9b FOP
847,CSW24_hsp,16,18,18.244000,9.683000,-8.561000,9b FOH
847,CSW24_hsp,17,25,17.244000,9.678000,-7.566000,9d FOH
847,CSW24_hsp,18,21,18.047000,9.476000,-8.571000,9b DOF
847,CSW24_hsp,19,7,19.870000,9.311000,-10.559000,4d THOFT
847,CSW24_hsp,20,8,19.870000,9.288000,-10.582000,4h THOFT
847,CSW24_hsp,21,28,16.305000,8.603000,-7.702000,g3 TIFO
847,CSW24_hsp,22,22,17.659000,8.602000,-9.057000,g3 DIF
847,CSW24_hsp,23,24,17.659000,8.380000,-9.279000,i3 FID
847,CSW24_hsp,24,26,17.177000,8.245000,-8.932000,9a POH
847,CSW24_hsp,25,23,17.659000,7.957000,-9.702000,g3 FID
272,CSW24_hsp,1,1,32.683000,19.505000,-13.178000,14b EVINCe
272,CSW24_hsp,2,5,26.609000,18.436000,-8.173000,15g RIVEN
272,CSW24_hsp,3,9,23.515000,15.446000,-8.069000,15c CINERIN
272,CSW24_hsp,4,4,28.609000,15.446000,-13.163000,d1 VINE
272,CSW24_hsp,5,3,28.609000,15.337000,-13.272000,d1 VEIN
272,CSW24_hsp,6,2,30.428000,14.901000,-15.527000,4a VINCA
272,CSW24_hsp,7,6,26.428000,13.460000,-12.968000,6b VINIC
272,CSW24_hsp,8,7,25.356000,12.805000,-12.551000,d1 VICE
272,CSW24_hsp,9,8,24.119000,11.026000,-13.093000,4b INCAVI
272,CSW24_hsp,10,10,23.356000,10.752000,-12.604000,d1 CIVE
272,CSW24_hsp,11,21,18.001000,9.824000,-8.177000,15g RICIN
272,CSW24_hsp,12,14,22.177000,9.565000,-12.612000,f2 VIN
272,CSW24_hsp,13,11,22.683000,9.524000,-13.159000,4b INCAVE
272,CSW24_hsp,14,13,22.177000,9.114000,-13.063000,d2 VIN
272,CSW24_hsp,15,12,22.609000,8.773000,-13.836000,k4 NEVI
272,CSW24_hsp,16,26,16.718000,8.711000,-8.007000,15e VIRE
272,CSW24_hsp,17,27,16.718000,8.525000,-8.193000,15g RIVE
272,CSW24_hsp,18,30,15.625000,7.356000,-8.269000,15f CRINE
272,CSW24_hsp,19,16,20.177000,7.250000,-12.927000,4d VAIN
272,CSW24_hsp,20,31,15.579000,6.999000,-8.580000,15f IRENIC
272,CSW24_hsp,21,15,20.177000,6.775000,-13.402000,4b VINA
272,CSW24_hsp,22,17,20.177000,6.701000,-13.476000,14f VeIN
272,CSW24_hsp,23,18,20.174000,6.563000,-13.611000,4i YONIC
272,CSW24_hsp,24,20,18.609000,6.261000,-12.348000,d11 NEVI
272,CSW24_hsp,25,19,19.386000,4.583000,-14.803000,14b VENINe
1148,CSW24_hsp,1,1,74.000000,63.956000,-10.044000,k3 MOQUETtE
1148,CSW24_hsp,2,2,74.000000,63.954000,-10.046000,k3 MOQUEtTE
1148,CSW24_hsp,3,3,67.000000,55.863000,-11.137000,6a OUTrEMER
1148,CSW24_hsp,4,4,61.000000,50.682000,-10.318000,6a MOUTErER
1148,CSW24_hsp,5,5,61.000000,49.866000,-11.134000,6a UdOMETER
1148,CSW24_hsp,6,6,57.595000,49.614000,-7.981000,m1 EMO
1148,CSW24_hsp,7,7,51.747000,44.123000,-7.624000,12c TEEM
1148,CSW24_hsp,8,9,50.751000,43.209000,-7.542000,f1 EM
1148,CSW24_hsp,9,12,49.653000,41.993000,-7.660000,m2 MOU
1148,CSW24_hsp,10,10,50.111000,41.737000,-8.374000,12b MOUE
1148,CSW24_hsp,11,11,49.751000,41.717000,-8.034000,12e EM
1148,CSW24_hsp,12,8,50.800000,41.528000,-9.272000,k3 TOQUE
1148,CSW24_hsp,13,13,48.595000,40.881000,-7.714000,m2 MOE
1148,CSW24_hsp,14,15,47.968000,40.444000,-7.524000,f1 UM
1148,CSW24_hsp,15,17,47.034000,39.814000,-7.220000,12d TOM
1148,CSW24_hsp,16,18,46.978000,39.034000,-7.944000,12c UME
1148,CSW24_hsp,17,21,46.751000,38.278000,-8.473000,m1 EM
1148,CSW24_hsp,18,19,46.800000,38.271000,-8.529000,1i TOUZE
1148,CSW24_hsp,19,22,46.391000,38.126000,-8.265000,m1 OE
1148,CSW24_hsp,20,27,45.954000,37.620000,-8.334000,9c OU
1148,CSW24_hsp,21,25,46.073000,37.486000,-8.587000,d4 MOUTH
1148,CSW24_hsp,22,32,44.595000,37.297000,-7.298000,7d EMO
1148,CSW24_hsp,23,29,45.133000,37.201000,-7.932000,12c UTE
1148,CSW24_hsp,24,28,45.257000,37.192000,-8.065000,12b MUTE
1148,CSW24_hsp,25,26,45.978000,37.029000,-8.949000,9b MEU
199,CSW24_hsp,1,2,49.107000,44.394000,-4.713000,a7 LAPJE
199,CSW24_hsp,2,1,51.323000,43.800000,-7.523000,f5 NY
199,CSW24_hsp,3,3,47.432000,42.757000,-4.675000,a7 LAPJES
199,CSW24_hsp,4,4,44.626000,40.007000,-4.619000,a8 YAJE
199,CSW24_hsp,5,5,42.743000,38.156000,-4.587000,a8 YAJES
199,CSW24_hsp,6,6,41.942000,34.826000,-7.116000,d4 AYELP
199,CSW24_hsp,7,7,41.507000,33.744000,-7.763000,f5 AY
199,CSW24_hsp,8,9,41.012000,33.348000,-7.664000,6e MY
199,CSW24_hsp,9,8,41.071000,32.836000,-8.235000,d2 PLAY
199,CSW24_hsp,10,10,40.071000,32.525000,-7.546000,6b PALMY
199,CSW24_hsp,11,14,38.926000,30.488000,-8.438000,4c PARLEY
199,CSW24_hsp,12,15,38.216000,30.244000,-7.972000,d3 PAY
199,CSW24_hsp,13,11,40.014000,29.583000,-10.431000,12a YELPS
199,CSW24_hsp,14,18,37.216000,29.498000,-7.718000,d3 YAP
199,CSW24_hsp,15,19,37.216000,29.461000,-7.755000,d5 YAPP
199,CSW24_hsp,16,12,39.322000,28.914000,-10.408000,d1 PYNE
199,CSW24_hsp,17,13,39.119000,28.630000,-10.489000,12a PLAYS
199,CSW24_hsp,18,22,35.706000,28.069000,-7.637000,4d PRY
199,CSW24_hsp,19,21,35.923000,27.778000,-8.145000,d3 NAY
199,CSW24_hsp,20,23,35.273000,27.711000,-7.562000,d3 YEP
199,CSW24_hsp,21,16,37.841000,27.410000,-10.431000,12a PYNES
199,CSW24_hsp,22,24,34.777000,26.620000,-8.157000,d3 LAY
199,CSW24_hsp,23,29,34.071000,26.573000,-7.498000,4c PYRAL
199,CSW24_hsp,24,28,34.071000,26.448000,-7.623000,4c PARLY
199,CSW24_hsp,25,36,33.119000,26.146000,-6.973000,12b PALSY
77,CSW24_hsp,1,3,131.000000,117.636000,-13.364000,a1 PyRANOSE
77,CSW24_hsp,2,1,131.000000,117.427000,-13.573000,a1 PERAeONS
77,CSW24_hsp,3,2,131.000000,117.424000,-13.576000,a1 PeRAEONS
77,CSW24_hsp,4,5,103.000000,91.474000,-11.526000,o1 OPERoNS
77,CSW24_hsp,5,4,103.000000,91.386000,-11.614000,o1 OPENeRS
77,CSW24_hsp,6,6,102.000000,90.353000,-11.647000,o1 OPeNERS
77,CSW24_hsp,7,7,100.000000,88.395000,-11.605000,o1 oPERONS
77,CSW24_hsp,8,8,98.000000,83.325000,-14.675000,o2 REPONeS
77,CSW24_hsp,9,9,97.000000,82.302000,-14.698000,o2 RePONES
77,CSW24_hsp,10,11,96.000000,80.985000,-15.015000,o3 SPOoNER
77,CSW24_hsp,11,12,96.000000,80.984000,-15.016000,o3 SPoONER
77,CSW24_hsp,12,10,96.000000,80.908000,-15.092000,o3 SPONgER
77,CSW24_hsp,13,17,94.000000,80.627000,-13.373000,o2 PEReONS
77,CSW24_hsp,14,18,94.000000,80.627000,-13.373000,o2 PERrONS
77,CSW24_hsp,15,13,94.000000,80.619000,-13.381000,o2 PERNOdS
77,CSW24_hsp,16,14,94.000000,80.501000,-13.499000,o2 PERONeS
77,CSW24_hsp,17,19,94.000000,80.483000,-13.517000,o2 PERsONS
77,CSW24_hsp,18,16,94.000000,80.475000,-13.525000,o2 PERSONs
77,CSW24_hsp,19,15,94.000000,80.339000,-13.661000,o2 PERSONa
77,CSW24_hsp,20,20,93.000000,79.584000,-13.416000,o2 PeREONS
77,CSW24_hsp,21,21,93.000000,79.466000,-13.534000,o2 PeRONES
77,CSW24_hsp,22,22,92.000000,78.458000,-13.542000,o2 REOPeNS
77,CSW24_hsp,23,23,92.000000,78.424000,-13.576000,o2 RESPONd
77,CSW24_hsp,24,24,91.000000,77.494000,-13.506000,o2 PErRONS
77,CSW24_hsp,25,25,91.000000,77.400000,-13.600000,o2 ReOPENS
2315,CSW24_hsp,1,1,35.336000,35.570000,0.234000,3b CERIPH
2315,CSW24_hsp,2,2,31.386000,31.255000,-0.131000,3c PREACH
2315,CSW24_hsp,3,3,29.966000,30.054000,0.088000,3c CREACH
2315,CSW24_hsp,4,4,29.877000,27.393000,-2.484000,3a CHARPIE
2315,CSW24_hsp,5,5,28.929000,26.774000,-2.155000,3a CAPRICE
2315,CSW24_hsp,6,6,26.853000,26.534000,-0.319000,3c CRAIC
2315,CSW24_hsp,7,12,25.929000,26.150000,0.221000,f1 PECCAVI
2315,CSW24_hsp,8,8,26.351000,25.638000,-0.713000,3c CRIPE
2315,CSW24_hsp,9,13,25.890000,25.547000,-0.343000,3c ERIACH
2315,CSW24_hsp,10,9,26.351000,25.494000,-0.857000,3c PRICE
2315,CSW24_hsp,11,14,25.682000,24.808000,-0.874000,l6 CAM
2315,CSW24_hsp,12,15,25.682000,24.752000,-0.930000,8a CAR
2315,CSW24_hsp,13,19,25.302000,24.288000,-1.014000,3b CARPI
2315,CSW24_hsp,14,20,25.302000,24.221000,-1.081000,b4 PICA
2315,CSW24_hsp,15,7,26.466000,23.906000,-2.560000,3a CAPRIC
2315,CSW24_hsp,16,22,24.523000,23.860000,-0.663000,3b PARCH
2315,CSW24_hsp,17,21,25.007000,23.710000,-1.297000,6l COKE
2315,CSW24_hsp,18,24,23.948000,23.400000,-0.548000,3b PERCH
2315,CSW24_hsp,19,10,26.323000,23.184000,-3.139000,3a CHIRP
2315,CSW24_hsp,20,28,23.301000,23.054000,-0.247000,b3 CHICA
2315,CSW24_hsp,21,25,23.781000,23.016000,-0.765000,3c CRAPE
2315,CSW24_hsp,22,26,23.601000,22.954000,-0.647000,3c ARCHI
2315,CSW24_hsp,23,23,24.178000,22.934000,-1.244000,12m PIC
2315,CSW24_hsp,24,11,26.146000,22.874000,-3.272000,2a CHIB
2315,CSW24_hsp,25,16,25.386000,22.703000,-2.683000,3a EPARCH
2379,CSW24_hsp,1,2,40.191000,39.950000,-0.241000,11b BEPAT
2379,CSW24_hsp,2,3,40.012000,39.620000,-0.392000,11b PEBA
2379,CSW24_hsp,3,1,40.451000,39.181000,-1.270000,m5 PE
2379,CSW24_hsp,4,5,37.545000,37.166000,-0.379000,15c ABET
2379,CSW24_hsp,5,4,37.928000,37.105000,-0.823000,2k BUTE
2379,CSW24_hsp,6,6,37.345000,36.877000,-0.468000,11d BAP
2379,CSW24_hsp,7,12,35.567000,36.477000,0.910000,h1 ST
2379,CSW24_hsp,8,8,36.488000,35.725000,-0.763000,m5 PET
2379,CSW24_hsp,9,10,36.370000,35.505000,-0.865000,m5 PEA
2379,CSW24_hsp,10,13,35.545000,35.177000,-0.368000,11c ABET
2379,CSW24_hsp,11,7,36.827000,35.123000,-1.704000,15d BE
2379,CSW24_hsp,12,9,36.452000,35.037000,-1.415000,15c AB
2379,CSW24_hsp,13,11,35.827000,34.175000,-1.652000,11d BE
2379,CSW24_hsp,14,15,34.445000,33.444000,-1.001000,m5 PEE
2379,CSW24_hsp,15,14,34.827000,32.979000,-1.848000,6j BODE
2379,CSW24_hsp,16,18,33.249000,32.832000,-0.417000,14j BEEPS
2379,CSW24_hsp,17,16,34.037000,32.799000,-1.238000,m5 PA
2379,CSW24_hsp,18,24,32.359000,32.461000,0.102000,m5 PETS
2379,CSW24_hsp,19,19,32.928000,31.989000,-0.939000,11d BET
2379,CSW24_hsp,20,26,31.847000,31.926000,0.079000,1a VIRANDOS
2379,CSW24_hsp,21,29,31.726000,31.829000,0.103000,m5 PEAS
2379,CSW24_hsp,22,20,32.928000,31.816000,-1.112000,15d BET
2379,CSW24_hsp,23,17,33.967000,31.815000,-2.152000,14k BEEP
2379,CSW24_hsp,24,34,31.322000,31.418000,0.096000,m5 PEES
2379,CSW24_hsp,25,28,31.747000,30.929000,-0.818000,m5 PAT
2032,CSW24_hsp,1,2,24.343000,22.843000,-1.500000,o4 CHYND
2032,CSW24_hsp,2,1,24.358000,20.026000,-4.332000,l12 RYND
2032,CSW24_hsp,3,3,20.010000,15.483000,-4.527000,12g RHYTON
2032,CSW24_hsp,4,4,10.358000,5.956000,-4.402000,3i RYND
2032,CSW24_hsp,5,5,9.006000,4.115000,-4.891000,h4 QI
2032,CSW24_hsp,6,6,7.010000,1.243000,-5.767000,f1 RHYNE
2032,CSW24_hsp,7,7,6.273000,0.676000,-5.597000,12a DRY
2032,CSW24_hsp,8,10,4.433000,-0.917000,-5.350000,3h RHY
2032,CSW24_hsp,9,8,5.282000,-0.933000,-6.215000,n3 QIN
2032,CSW24_hsp,10,9,5.010000,-1.282000,-6.292000,13g RHYTON
2032,CSW24_hsp,11,11,3.273000,-1.987000,-5.260000,l13 DRY
2032,CSW24_hsp,12,13,2.343000,-3.434000,-5.777000,f1 HYNDE
2032,CSW24_hsp,13,12,2.358000,-4.095000,-6.453000,n3 RINDY
2032,CSW24_hsp,14,14,1.260000,-5.046000,-6.306000,ex DNQR
2032,CSW24_hsp,15,15,1.229000,-5.077000,-6.306000,ex DNQRR
2032,CSW24_hsp,16,16,1.022000,-5.284000,-6.306000,ex DNQRY
2032,CSW24_hsp,17,23,0.273000,-5.337000,-5.610000,3h DRY
2032,CSW24_hsp,18,17,0.936000,-5.370000,-6.306000,ex NQR
2032,CSW24_hsp,19,18,0.929000,-5.377000,-6.306000,ex DNQRRY
2032,CSW24_hsp,20,19,0.869000,-5.437000,-6.306000,ex DHNQRY
2032,CSW24_hsp,21,20,0.639000,-5.667000,-6.306000,ex NQRR
2032,CSW24_hsp,22,21,0.499000,-5.807000,-6.306000,ex HNQRY
2032,CSW24_hsp,23,22,0.298000,-6.008000,-6.306000,ex DHNQR
2032,CSW24_hsp,24,24,0.084000,-6.222000,-6.306000,ex DQRR
2032,CSW24_hsp,25,25,0.082000,-6.224000,-6.306000,ex HNQRRY
2361,CSW24_hsp,1,1,30.203000,28.694000,-1.509000,c3 QAT
2361,CSW24_hsp,2,2,28.977000,25.971000,-3.006000,c1 QANAT
2361,CSW24_hsp,3,4,26.071000,24.475000,-1.596000,14k QI
2361,CSW24_hsp,4,3,26.355000,24.395000,-1.960000,14k QIN
2361,CSW24_hsp,5,5,24.818000,22.989000,-1.829000,14k QAT
2361,CSW24_hsp,6,6,22.818000,21.084000,-1.734000,g11 QAT
2361,CSW24_hsp,7,8,22.199000,19.806000,-2.393000,k14 QI
2361,CSW24_hsp,8,7,22.199000,19.785000,-2.414000,d3 QI
2361,CSW24_hsp,9,10,20.844000,19.084000,-1.760000,l12 QAID
2361,CSW24_hsp,10,9,21.818000,18.013000,-3.805000,7a QAT
2361,CSW24_hsp,11,11,18.203000,15.832000,-2.371000,5a QAT
2361,CSW24_hsp,12,12,17.755000,15.684000,-2.071000,c3 PAM
2361,CSW24_hsp,13,13,16.703000,14.719000,-1.984000,g11 TAMP
2361,CSW24_hsp,14,14,16.227000,14.292000,-1.935000,14i EM
2361,CSW24_hsp,15,18,15.009000,13.123000,-1.886000,g11 MAP
2361,CSW24_hsp,16,19,15.009000,13.108000,-1.901000,g11 PAM
2361,CSW24_hsp,17,17,15.703000,12.974000,-2.729000,14k TAMP
2361,CSW24_hsp,18,20,15.009000,12.845000,-2.164000,g12 AMP
2361,CSW24_hsp,19,16,15.928000,12.302000,-3.626000,2j INAPT
2361,CSW24_hsp,20,21,14.533000,12.014000,-2.519000,2j IMP
2361,CSW24_hsp,21,23,14.205000,11.371000,-2.834000,14k PINT
2361,CSW24_hsp,22,22,14.427000,11.249000,-3.178000,e8 IMPAINT
2361,CSW24_hsp,23,27,12.928000,10.604000,-2.324000,2h PAINT
2361,CSW24_hsp,24,35,11.928000,10.127000,-1.801000,g10 INAPT
2361,CSW24_hsp,25,26,13.533000,10.121000,-3.412000,14l IMP
2328,CSW24_hsp,1,1,19.885000,17.729000,-2.156000,e7 LOFTY
2328,CSW24_hsp,2,2,14.417000,12.824000,-1.593000,6m FY
2328,CSW24_hsp,3,3,12.417000,11.033000,-1.384000,15a FY
2328,CSW24_hsp,4,4,11.463000,8.451000,-3.012000,11a FIfTY
2328,CSW24_hsp,5,5,11.001000,7.879000,-3.122000,c3 FRET
2328,CSW24_hsp,6,6,10.045000,7.759000,-2.286000,m4 FITT
2328,CSW24_hsp,7,8,8.722000,6.457000,-2.265000,6m NY
2328,CSW24_hsp,8,7,9.001000,6.250000,-2.751000,j8 TEF
2328,CSW24_hsp,9,9,7.582000,5.164000,-2.418000,m4 LIFT
2328,CSW24_hsp,10,11,7.045000,4.627000,-2.418000,m4 TIFT
2328,CSW24_hsp,11,10,7.085000,4.096000,-2.989000,g2 FLY
2328,CSW24_hsp,12,12,7.001000,3.401000,-3.600000,12k EFT
2328,CSW24_hsp,13,14,6.267000,3.263000,-3.004000,11a NIfFY
2328,CSW24_hsp,14,13,6.582000,3.168000,-3.414000,e7 LOFT
2328,CSW24_hsp,15,15,6.045000,2.667000,-3.378000,e7 TOFT
2328,CSW24_hsp,16,17,5.179000,2.654000,-2.525000,m4 TIPT
2328,CSW24_hsp,17,16,6.001000,2.098000,-3.903000,m4 FIT
2328,CSW24_hsp,18,18,4.621000,1.571000,-3.050000,g2 PLY
2328,CSW24_hsp,19,21,3.722000,1.525000,-2.197000,15a NY
2328,CSW24_hsp,20,19,3.964000,1.224000,-2.740000,j8 NEF
2328,CSW24_hsp,21,22,3.001000,-0.234000,-3.235000,j8 FET
2328,CSW24_hsp,22,25,2.428000,-0.382000,-2.810000,m4 TINT
2328,CSW24_hsp,23,26,2.417000,-0.468000,-2.885000,g3 FY
2328,CSW24_hsp,24,20,3.737000,-0.636000,-4.373000,n8 PHT
2328,CSW24_hsp,25,28,1.606000,-0.662000,-2.268000,m4 TINY
2222,CSW24_hsp,1,1,68.362000,68.122000,-0.240000,15a JO
2222,CSW24_hsp,2,2,55.984000,54.974000,-1.010000,i13 JAI
2222,CSW24_hsp,3,3,51.383000,51.629000,0.246000,g7 FLOR
2222,CSW24_hsp,4,4,50.854000,51.042000,0.188000,g7 FLOE
2222,CSW24_hsp,5,6,50.224000,50.532000,0.308000,g7 FLORA
2222,CSW24_hsp,6,5,50.362000,49.384000,-0.978000,j13 JOL
2222,CSW24_hsp,7,7,50.094000,49.369000,-0.725000,3i OF
2222,CSW24_hsp,8,8,49.984000,48.902000,-1.082000,h13 JAM
2222,CSW24_hsp,9,14,48.498000,48.612000,0.114000,g7 FLEA
2222,CSW24_hsp,10,9,49.362000,48.510000,-0.852000,i6 JOT
2222,CSW24_hsp,11,15,48.155000,48.486000,0.331000,g7 FLARE
2222,CSW24_hsp,12,18,47.953000,48.390000,0.437000,g7 FLORAE
2222,CSW24_hsp,13,10,48.984000,48.049000,-0.935000,i8 TAJ
2222,CSW24_hsp,14,12,48.600000,47.890000,-0.710000,i6 JATO
2222,CSW24_hsp,15,13,48.600000,47.884000,-0.716000,i6 JOTA
2222,CSW24_hsp,16,11,48.984000,47.753000,-1.231000,i13 AJI
2222,CSW24_hsp,17,16,47.984000,47.241000,-0.743000,h6 AJI
2222,CSW24_hsp,18,17,47.984000,47.160000,-0.824000,h6 JAI
2222,CSW24_hsp,19,21,47.094000,46.619000,-0.475000,9g OF
2222,CSW24_hsp,20,20,47.234000,46.489000,-0.745000,3i EF
2222,CSW24_hsp,21,22,46.672000,46.075000,-0.597000,9h FA
2222,CSW24_hsp,22,19,47.953000,46.049000,-1.904000,14j AFORE
2222,CSW24_hsp,23,24,46.600000,45.869000,-0.731000,h7 JIAO
2222,CSW24_hsp,24,26,46.570000,45.726000,-0.844000,3j FORE
2222,CSW24_hsp,25,23,46.600000,45.679000,-0.921000,j1 JIAO
2350,CSW24_hsp,1,1,77.000000,71.268000,-5.732000,d1 GELATOS
2350,CSW24_hsp,2,2,75.000000,69.331000,-5.669000,d1 LEGATOS
2350,CSW24_hsp,3,3,41.748000,41.581000,-0.167000,o7 GO
2350,CSW24_hsp,4,4,39.748000,38.197000,-1.551000,9e GO
2350,CSW24_hsp,5,5,37.748000,36.338000,-1.410000,c12 LOGO
2350,CSW24_hsp,6,6,34.854000,36.297000,1.443000,d3 GLOATS
2350,CSW24_hsp,7,10,33.694000,34.054000,0.360000,d4 GOATS
2350,CSW24_hsp,8,29,31.522000,33.003000,1.481000,d3 AGLETS
2350,CSW24_hsp,9,9,33.748000,32.153000,-1.595000,m3 GO
2350,CSW24_hsp,10,13,33.110000,31.894000,-1.216000,k1 LEGATO
2350,CSW24_hsp,11,7,34.012000,31.890000,-2.122000,k2 GAOL
2350,CSW24_hsp,12,8,34.012000,31.883000,-2.129000,k2 GOAL
2350,CSW24_hsp,13,12,33.110000,31.853000,-1.257000,k1 GELATO
2350,CSW24_hsp,14,16,32.748000,31.257000,-1.491000,m10 GOAS
2350,CSW24_hsp,15,30,31.376000,31.189000,-0.187000,o7 TO
2350,CSW24_hsp,16,11,33.133000,31.019000,-2.114000,k3 GOA
2350,CSW24_hsp,17,17,32.748000,31.013000,-1.735000,a12 VOG
2350,CSW24_hsp,18,18,32.651000,30.819000,-1.832000,k3 GOLE
2350,CSW24_hsp,19,14,32.967000,30.777000,-2.190000,m3 LOG
2350,CSW24_hsp,20,15,32.772000,30.640000,-2.132000,k3 GOT
2350,CSW24_hsp,21,28,31.523000,30.562000,-0.961000,13b NO
2350,CSW24_hsp,22,26,31.748000,30.390000,-1.358000,14c GO
2350,CSW24_hsp,23,27,31.523000,30.320000,-1.203000,f9 OHM
2350,CSW24_hsp,24,45,29.751000,30.167000,0.416000,d4 GEATS
2350,CSW24_hsp,25,24,31.748000,30.155000,-1.593000,5j GOA
2267,CSW24_hsp,1,1,42.769000,43.414000,0.645000,1a WHY
2267,CSW24_hsp,2,2,41.774000,43.021000,1.247000,14n ZE
2267,CSW24_hsp,3,3,41.623000,42.870000,1.247000,14n ZA
2267,CSW24_hsp,4,5,35.262000,36.216000,0.954000,12k HAUTE
2267,CSW24_hsp,5,7,34.481000,35.098000,0.617000,12j TWAE
2267,CSW24_hsp,6,4,35.733000,35.091000,-0.642000,l8 WHATEN
2267,CSW24_hsp,7,6,34.937000,35.038000,0.101000,12k HAUT
2267,CSW24_hsp,8,8,32.918000,33.197000,0.279000,1a WEY
2267,CSW24_hsp,9,9,32.083000,32.451000,0.368000,12j TWA
2267,CSW24_hsp,10,10,32.048000,32.304000,0.256000,1a WAY
2267,CSW24_hsp,11,11,30.982000,31.613000,0.631000,12j THAE
2267,CSW24_hsp,12,13,30.678000,31.396000,0.718000,14m AWE
2267,CSW24_hsp,13,12,30.712000,30.995000,0.283000,12k HUE
2267,CSW24_hsp,14,14,30.478000,30.575000,0.097000,b3 WUZ
2267,CSW24_hsp,15,17,29.768000,30.041000,0.273000,1a THY
2267,CSW24_hsp,16,15,30.478000,29.907000,-0.571000,7h WUZ
2267,CSW24_hsp,17,20,28.918000,29.402000,0.484000,14n WE
2267,CSW24_hsp,18,16,30.048000,29.215000,-0.833000,b2 AW
2267,CSW24_hsp,19,18,29.678000,29.049000,-0.629000,b2 AWE
2267,CSW24_hsp,20,19,28.918000,29.021000,0.103000,14m EW
2267,CSW24_hsp,21,21,28.570000,28.800000,0.230000,1a HAY
2267,CSW24_hsp,22,22,28.420000,28.755000,0.335000,12j THE
2267,CSW24_hsp,23,24,27.982000,28.558000,0.576000,12l EATH
2267,CSW24_hsp,24,23,28.048000,28.066000,0.018000,14m AW
2267,CSW24_hsp,25,25,27.678000,27.904000,0.226000,12k WAE
2155,CSW24_hsp,1,1,62.000000,59.487000,-2.513000,4b DEBASERS
2155,CSW24_hsp,2,2,50.933000,49.910000,-1.023000,n3 DAES
2155,CSW24_hsp,3,3,50.539000,49.640000,-0.899000,n2 DREES
2155,CSW24_hsp,4,4,49.062000,48.485000,-0.577000,n5 ES
2155,CSW24_hsp,5,5,48.207000,47.436000,-0.771000,n4 EAS
2155,CSW24_hsp,6,6,47.412000,46.570000,-0.842000,n5 AS
2155,CSW24_hsp,7,7,46.474000,46.326000,-0.148000,n3 DEES
2155,CSW24_hsp,8,8,45.785000,45.797000,0.012000,9e YOKS
2155,CSW24_hsp,9,9,45.439000,44.181000,-1.258000,n4 EASED
2155,CSW24_hsp,10,10,44.989000,44.032000,-0.957000,n6 SED
2155,CSW24_hsp,11,13,42.152000,41.671000,-0.481000,c13 DEG
2155,CSW24_hsp,12,11,44.207000,41.459000,-2.748000,n6 SAE
2155,CSW24_hsp,13,16,41.785000,41.345000,-0.440000,6h FAVELAS
2155,CSW24_hsp,14,15,41.978000,41.199000,-0.779000,n6 SAD
2155,CSW24_hsp,15,14,42.074000,41.159000,-0.915000,n4 EASER
2155,CSW24_hsp,16,12,44.207000,41.159000,-3.048000,n6 SEA
2155,CSW24_hsp,17,18,41.180000,40.853000,-0.327000,n3 REES
2155,CSW24_hsp,18,17,41.447000,40.801000,-0.646000,n4 EASE
2155,CSW24_hsp,19,19,41.152000,40.718000,-0.434000,l3 DE
2155,CSW24_hsp,20,23,40.062000,39.525000,-0.537000,c13 SEG
2155,CSW24_hsp,21,24,39.987000,39.488000,-0.499000,n6 SER
2155,CSW24_hsp,22,25,39.785000,39.209000,-0.576000,8k TES
2155,CSW24_hsp,23,26,39.284000,38.989000,-0.295000,n3 SEAS
2155,CSW24_hsp,24,28,39.076000,38.909000,-0.167000,n5 ESS
2155,CSW24_hsp,25,27,39.175000,38.700000,-0.475000,c13 DAG
2293,CSW24_hsp,1,1,37.421000,35.928000,-1.493000,k3 ANIMA
2293,CSW24_hsp,2,2,32.366000,30.673000,-1.693000,k4 NOMA
2293,CSW24_hsp,3,3,26.739000,25.336000,-1.403000,k2 VENOM
2293,CSW24_hsp,4,4,24.421000,22.508000,-1.913000,k2 MANIA
2293,CSW24_hsp,5,5,24.153000,21.901000,-2.252000,h1 VAIRE
2293,CSW24_hsp,6,6,23.614000,21.772000,-1.842000,3f AMOEBA
2293,CSW24_hsp,7,7,23.522000,21.235000,-2.287000,f1 AMATIVE
2293,CSW24_hsp,8,8,22.668000,20.093000,-2.575000,h1 VOAR
2293,CSW24_hsp,9,10,21.525000,19.746000,-1.779000,k2 VINO
2293,CSW24_hsp,10,11,20.871000,18.850000,-2.021000,13h VIMANA
2293,CSW24_hsp,11,13,20.536000,18.761000,-1.775000,m7 VAMOSE
2293,CSW24_hsp,12,14,19.920000,18.582000,-1.338000,e1 AVISO
2293,CSW24_hsp,13,12,20.545000,18.251000,-2.294000,h1 VAIR
2293,CSW24_hsp,14,15,19.676000,17.792000,-1.884000,k2 MONIE
2293,CSW24_hsp,15,16,19.123000,17.344000,-1.779000,3i ABEAM
2293,CSW24_hsp,16,9,21.781000,16.825000,-4.956000,k1 AMINO
2293,CSW24_hsp,17,18,18.730000,16.707000,-2.023000,k3 ANOA
2293,CSW24_hsp,18,17,18.781000,16.443000,-2.338000,h1 MOIRA
2293,CSW24_hsp,19,22,18.366000,16.332000,-2.034000,k2 MANO
2293,CSW24_hsp,20,20,18.448000,16.064000,-2.384000,h1 AVER
2293,CSW24_hsp,21,26,18.153000,16.032000,-2.121000,13i AVINE
2293,CSW24_hsp,22,21,18.388000,15.986000,-2.402000,f2 MOTIVE
2293,CSW24_hsp,23,19,18.536000,15.950000,-2.586000,m6 AMOVES
2293,CSW24_hsp,24,25,18.153000,15.861000,-2.292000,m8 AVISE
2293,CSW24_hsp,25,24,18.153000,15.676000,-2.477000,f2 VITAE
2121,CSW24_hsp,1,1,33.010000,32.886000,-0.124000,12j YUFT
2121,CSW24_hsp,2,2,32.047000,31.275000,-0.772000,6h COFF
2121,CSW24_hsp,3,4,29.545000,30.213000,0.668000,6i OFFCUT
2121,CSW24_hsp,4,5,28.733000,29.391000,0.658000,6i OFFPUT
2121,CSW24_hsp,5,8,27.986000,28.864000,0.878000,2l PEC
2121,CSW24_hsp,6,7,27.986000,28.414000,0.428000,2l CEP
2121,CSW24_hsp,7,3,30.415000,27.340000,-3.075000,2m CUP
2121,CSW24_hsp,8,13,24.062000,26.758000,2.696000,2k SPECT
2121,CSW24_hsp,9,6,28.498000,26.171000,-2.327000,b1 FUG
2121,CSW24_hsp,10,10,25.466000,25.585000,0.119000,2l SCUP
2121,CSW24_hsp,11,15,23.601000,25.461000,1.860000,12j YUFTS
2121,CSW24_hsp,12,9,26.292000,25.204000,-1.088000,2a FUEL
2121,CSW24_hsp,13,28,21.667000,25.103000,3.436000,2k SPEC
2121,CSW24_hsp,14,11,24.797000,24.668000,-0.129000,2l TEF
2121,CSW24_hsp,15,12,24.498000,23.690000,-0.808000,c9 FLU
2121,CSW24_hsp,16,24,22.719000,23.344000,0.625000,k12 UPS
2121,CSW24_hsp,17,16,23.430000,22.926000,-0.504000,6e OF
2121,CSW24_hsp,18,14,23.726000,22.907000,-0.819000,6h TOFF
2121,CSW24_hsp,19,21,22.797000,22.534000,-0.263000,2i EFT
2121,CSW24_hsp,20,22,22.797000,22.436000,-0.361000,2j EFT
2121,CSW24_hsp,21,20,22.797000,22.431000,-0.366000,2h TEF
2121,CSW24_hsp,22,17,23.047000,22.279000,-0.768000,b9 CAF
2121,CSW24_hsp,23,27,21.720000,21.615000,-0.105000,2l PET
2121,CSW24_hsp,24,45,18.735000,21.329000,2.594000,2i EFTS
2121,CSW24_hsp,25,26,21.868000,20.959000,-0.909000,12j YUP
2304,CSW24_hsp,1,1,44.283000,43.027000,-1.256000,15a AS
2304,CSW24_hsp,2,2,44.236000,40.538000,-3.698000,10g OPS
2304,CSW24_hsp,3,3,41.605000,40.343000,-1.262000,15a ES
2304,CSW24_hsp,4,5,38.598000,38.233000,-0.365000,15a ASS
2304,CSW24_hsp,5,9,37.471000,37.106000,-0.365000,15a ESS
2304,CSW24_hsp,6,6,37.933000,36.057000,-1.876000,15f SLAG
2304,CSW24_hsp,7,4,39.104000,35.452000,-3.652000,4i SNOG
2304,CSW24_hsp,8,8,37.791000,34.496000,-3.295000,j8 RAG
2304,CSW24_hsp,9,10,37.457000,34.180000,-3.277000,j8 SAG
2304,CSW24_hsp,10,7,37.899000,33.711000,-4.188000,a3 CHORIAL
2304,CSW24_hsp,11,17,35.110000,33.500000,-1.610000,15e REGALS
2304,CSW24_hsp,12,15,36.096000,33.302000,-2.794000,j8 RAGS
2304,CSW24_hsp,13,12,37.236000,32.962000,-4.274000,7a IS
2304,CSW24_hsp,14,20,34.163000,32.833000,-1.330000,15d AGERS
2304,CSW24_hsp,15,11,37.457000,32.344000,-5.113000,15b SAG
2304,CSW24_hsp,16,14,36.168000,32.197000,-3.971000,4j NOG
2304,CSW24_hsp,17,25,33.439000,31.972000,-1.467000,15e GEALS
2304,CSW24_hsp,18,16,35.163000,31.959000,-3.204000,15b SARGE
2304,CSW24_hsp,19,23,33.474000,31.382000,-2.092000,15e LEGS
2304,CSW24_hsp,20,22,33.474000,31.345000,-2.129000,15e GELS
2304,CSW24_hsp,21,38,32.395000,30.900000,-1.495000,15e REGAL
2304,CSW24_hsp,22,24,33.457000,30.821000,-2.636000,15f SAG
2304,CSW24_hsp,23,13,37.236000,30.715000,-6.521000,b13 QIS
2304,CSW24_hsp,24,26,33.322000,30.539000,-2.783000,j8 REGS
2304,CSW24_hsp,25,33,33.110000,30.470000,-2.640000,j8 REGALS
2302,CSW24_hsp,1,1,65.000000,61.954000,-3.046000,6b OUTFEAST
2302,CSW24_hsp,2,2,37.249000,35.836000,-1.413000,14d TOFU
2302,CSW24_hsp,3,3,33.510000,32.047000,-1.463000,14d TUFA
2302,CSW24_hsp,4,4,28.510000,26.711000,-1.799000,10e TUFA
2302,CSW24_hsp,5,5,27.249000,25.875000,-1.374000,c9 FOUNT
2302,CSW24_hsp,6,7,26.579000,25.189000,-1.390000,14d AUF
2302,CSW24_hsp,7,6,26.821000,25.042000,-1.779000,1a FETWA
2302,CSW24_hsp,8,10,25.821000,24.104000,-1.717000,14f FEAT
2302,CSW24_hsp,9,13,24.511000,24.036000,-0.475000,13c OUTATE
2302,CSW24_hsp,10,14,24.511000,23.996000,-0.515000,13c OUTEAT
2302,CSW24_hsp,11,8,26.538000,23.886000,-2.652000,14f FETTA
2302,CSW24_hsp,12,11,25.821000,23.688000,-2.133000,14f FETA
2302,CSW24_hsp,13,9,25.821000,23.661000,-2.160000,14f FATE
2302,CSW24_hsp,14,15,24.272000,23.587000,-0.685000,13c OUTTA
2302,CSW24_hsp,15,12,25.390000,23.566000,-1.824000,14f FAT
2302,CSW24_hsp,16,16,24.128000,22.727000,-1.401000,14d OAF
2302,CSW24_hsp,17,17,23.579000,22.639000,-0.940000,13c AUF
2302,CSW24_hsp,18,18,22.994000,21.576000,-1.418000,14d TEF
2302,CSW24_hsp,19,19,22.994000,21.181000,-1.813000,14f FET
2302,CSW24_hsp,20,21,22.511000,21.045000,-1.466000,10c OUTATE
2302,CSW24_hsp,21,20,22.642000,20.838000,-1.804000,14e OF
2302,CSW24_hsp,22,22,22.466000,20.611000,-1.855000,10e OUTA
2302,CSW24_hsp,23,23,21.402000,20.042000,-1.360000,13e FOUAT
2302,CSW24_hsp,24,28,20.466000,19.657000,-0.809000,13c AUTO
2302,CSW24_hsp,25,27,20.571000,19.461000,-1.110000,14a BOUT
2164,CSW24_hsp,1,1,39.798000,35.052000,-4.746000,8m OWL
2164,CSW24_hsp,2,2,39.543000,34.785000,-4.758000,8m OWN
2164,CSW24_hsp,3,3,38.998000,34.251000,-4.747000,8m ORF
2164,CSW24_hsp,4,4,38.582000,32.524000,-6.058000,m7 LOWND
2164,CSW24_hsp,5,5,36.758000,30.204000,-6.554000,f5 TIND
2164,CSW24_hsp,6,6,32.543000,26.435000,-6.108000,m7 LOWN
2164,CSW24_hsp,7,7,31.976000,25.814000,-6.162000,h7 FURL
2164,CSW24_hsp,8,9,29.332000,24.272000,-5.060000,8m OLD
2164,CSW24_hsp,9,8,29.435000,23.130000,-6.305000,h7 FUND
2164,CSW24_hsp,10,18,27.989000,22.932000,-5.057000,8m ORD
2164,CSW24_hsp,11,10,29.229000,22.848000,-6.381000,ex DFLNW
2164,CSW24_hsp,12,11,29.040000,22.586000,-6.454000,7d QIN
2164,CSW24_hsp,13,12,28.697000,22.316000,-6.381000,ex FLNW
2164,CSW24_hsp,14,13,28.585000,22.204000,-6.381000,ex FLNRW
2164,CSW24_hsp,15,14,28.460000,22.079000,-6.381000,ex DFLRW
2164,CSW24_hsp,16,15,28.292000,21.911000,-6.381000,ex DFLNRW
2164,CSW24_hsp,17,16,28.149000,21.768000,-6.381000,ex FLRW
2164,CSW24_hsp,18,17,28.032000,21.651000,-6.381000,ex DFNRW
2164,CSW24_hsp,19,19,27.889000,21.508000,-6.381000,ex DLNW
2164,CSW24_hsp,20,24,26.857000,21.175000,-5.682000,m7 LOWLaND
2164,CSW24_hsp,21,23,26.998000,20.950000,-6.048000,h7 FUR
2164,CSW24_hsp,22,20,27.244000,20.863000,-6.381000,ex DFLW
2164,CSW24_hsp,23,21,27.085000,20.704000,-6.381000,ex FNRW
2164,CSW24_hsp,24,22,27.082000,20.701000,-6.381000,ex DNRW
2164,CSW24_hsp,25,25,26.747000,20.566000,-6.181000,h7 FUN
2383,CSW24_hsp,1,1,23.961000,22.372000,-1.589000,2f BOOL
2383,CSW24_hsp,2,3,23.339000,22.337000,-1.002000,j4 KAZILLIONS
2383,CSW24_hsp,3,2,23.961000,20.930000,-3.031000,b4 LOB
2383,CSW24_hsp,4,4,20.718000,18.649000,-2.069000,l4 PILL
2383,CSW24_hsp,5,5,18.480000,16.905000,-1.575000,2f BOOR
2383,CSW24_hsp,6,7,17.596000,16.014000,-1.582000,2f BOON
2383,CSW24_hsp,7,9,17.480000,15.815000,-1.665000,2d ORB
2383,CSW24_hsp,8,11,16.961000,14.846000,-2.115000,l6 LOB
2383,CSW24_hsp,9,8,17.596000,14.604000,-2.992000,b4 NOB
2383,CSW24_hsp,10,12,16.332000,14.337000,-1.995000,l6 NILL
2383,CSW24_hsp,11,6,17.969000,14.191000,-3.778000,4a BLAIN
2383,CSW24_hsp,12,10,17.223000,13.475000,-3.748000,4a BRAIL
2383,CSW24_hsp,13,15,15.430000,13.062000,-2.368000,3k ROLL
2383,CSW24_hsp,14,16,15.128000,13.033000,-2.095000,l6 NOLL
2383,CSW24_hsp,15,17,14.961000,12.924000,-2.037000,2h OBOL
2383,CSW24_hsp,16,18,14.914000,12.920000,-1.994000,l6 LIB
2383,CSW24_hsp,17,13,15.942000,12.582000,-3.360000,2j INORB
2383,CSW24_hsp,18,19,14.641000,12.566000,-2.075000,l6 LORN
2383,CSW24_hsp,19,21,14.440000,12.514000,-1.926000,l2 ORPIN
2383,CSW24_hsp,20,20,14.466000,12.461000,-2.005000,l6 NIRL
2383,CSW24_hsp,21,23,14.158000,12.155000,-2.003000,l6 LOBI
2383,CSW24_hsp,22,14,15.942000,11.751000,-4.191000,3k ROBIN
2383,CSW24_hsp,23,26,13.335000,11.272000,-2.063000,l6 NIL
2383,CSW24_hsp,24,22,14.347000,11.216000,-3.131000,b8 NOBLY
2383,CSW24_hsp,25,25,13.335000,11.203000,-2.132000,l6 LIN
2215,CSW24_hsp,1,4,41.193000,41.518000,0.325000,h4 PESAUNT
2215,CSW24_hsp,2,3,43.476000,41.145000,-2.331000,m7 SAM
2215,CSW24_hsp,3,6,39.951000,40.713000,0.762000,m7 SAMA
2215,CSW24_hsp,4,9,38.951000,40.402000,1.451000,o7 SAMA
2215,CSW24_hsp,5,16,38.461000,39.863000,1.402000,h1 STAPES
2215,CSW24_hsp,6,13,38.651000,38.948000,0.297000,o6 MNAS
2215,CSW24_hsp,7,20,37.753000,38.761000,1.008000,o7 MANA
2215,CSW24_hsp,8,19,37.753000,38.523000,0.770000,o6 NAAM
2215,CSW24_hsp,9,5,40.476000,38.367000,-2.109000,o7 SAM
2215,CSW24_hsp,10,21,36.951000,37.959000,1.008000,o7 MASA
2215,CSW24_hsp,11,8,39.476000,37.801000,-1.675000,15l MAnS
2215,CSW24_hsp,12,22,36.951000,37.328000,0.377000,11i SAMA
2215,CSW24_hsp,13,7,39.476000,36.592000,-2.884000,11i SAM
2215,CSW24_hsp,14,14,38.533000,36.429000,-2.104000,o7 NAM
2215,CSW24_hsp,15,15,38.476000,36.092000,-2.384000,o7 MAS
2215,CSW24_hsp,16,1,50.110000,35.835000,-14.275000,o4 MANTAS
2215,CSW24_hsp,17,36,34.951000,35.268000,0.317000,o6 MAAS
2215,CSW24_hsp,18,35,34.951000,35.204000,0.253000,o6 AMAS
2215,CSW24_hsp,19,34,34.951000,34.876000,-0.075000,m3 ATMAS
2215,CSW24_hsp,20,31,35.462000,34.778000,-0.684000,13k SMART
2215,CSW24_hsp,21,25,36.683000,34.577000,-2.106000,o7 TAM
2215,CSW24_hsp,22,26,36.533000,34.130000,-2.403000,o7 MAN
2215,CSW24_hsp,23,28,36.476000,33.571000,-2.905000,o6 SMA
2215,CSW24_hsp,24,44,33.753000,33.367000,-0.386000,o5 MANA
2215,CSW24_hsp,25,23,36.838000,33.196000,-3.642000,o8 AM
2236,CSW24_hsp,1,1,54.747000,50.548000,-4.199000,j12 TEF
2236,CSW24_hsp,2,2,48.747000,44.358000,-4.389000,j13 EFT
2236,CSW24_hsp,3,3,43.519000,39.456000,-4.063000,j12 TEFS
2236,CSW24_hsp,4,4,42.747000,38.039000,-4.708000,j12 FET
2236,CSW24_hsp,5,5,42.193000,37.846000,-4.347000,j12 FETT
2236,CSW24_hsp,6,6,39.658000,35.010000,-4.648000,j13 EF
2236,CSW24_hsp,7,11,36.451000,33.486000,-2.965000,g3 AFT
2236,CSW24_hsp,8,7,38.451000,32.942000,-5.509000,l1 FLAT
2236,CSW24_hsp,9,9,37.228000,32.887000,-4.341000,j12 FEAT
2236,CSW24_hsp,10,10,37.228000,32.802000,-4.426000,j12 FETA
2236,CSW24_hsp,11,8,37.892000,32.512000,-5.380000,l1 FLAM
2236,CSW24_hsp,12,16,34.747000,31.762000,-2.985000,g3 EFT
2236,CSW24_hsp,13,12,36.451000,31.097000,-5.354000,j10 FAT
2236,CSW24_hsp,14,14,35.269000,30.829000,-4.440000,j14 FA
2236,CSW24_hsp,15,15,35.228000,30.022000,-5.206000,j10 FATE
2236,CSW24_hsp,16,13,35.323000,29.763000,-5.560000,5i AFT
2236,CSW24_hsp,17,17,34.747000,29.406000,-5.341000,j10 FET
2236,CSW24_hsp,18,19,33.658000,29.225000,-4.433000,j14 FE
2236,CSW24_hsp,19,20,33.258000,29.009000,-4.249000,j10 FATES
2236,CSW24_hsp,20,18,33.747000,28.398000,-5.349000,j5 TEF
2236,CSW24_hsp,21,21,33.165000,27.834000,-5.331000,14h TEF
2236,CSW24_hsp,22,23,31.519000,27.192000,-4.327000,j12 FEST
2236,CSW24_hsp,23,24,31.519000,27.123000,-4.396000,j12 FETS
2236,CSW24_hsp,24,25,31.451000,26.802000,-4.649000,c5 AFT
2236,CSW24_hsp,25,41,28.755000,26.723000,-2.032000,h1 TREAT
2108,CSW24_hsp,1,1,35.161000,35.483000,0.322000,3i BETTA
2108,CSW24_hsp,2,2,21.215000,19.978000,-1.237000,c2 BATTED
2108,CSW24_hsp,3,3,18.718000,18.201000,-0.517000,3i DEBT
2108,CSW24_hsp,4,4,18.161000,16.716000,-1.445000,3l BATT
2108,CSW24_hsp,5,7,14.338000,13.785000,-0.553000,3i BENT
2108,CSW24_hsp,6,5,15.520000,13.639000,-1.881000,c2 BATTEN
2108,CSW24_hsp,7,6,14.854000,13.625000,-1.229000,c2 BANTED
2108,CSW24_hsp,8,8,13.881000,12.314000,-1.567000,c2 TATTED
2108,CSW24_hsp,9,9,13.450000,11.951000,-1.499000,11c BOTT
2108,CSW24_hsp,10,11,11.123000,10.156000,-0.967000,3i NETT
2108,CSW24_hsp,11,12,10.885000,9.825000,-1.060000,3i BET
2108,CSW24_hsp,12,10,11.237000,9.805000,-1.432000,c3 BATED
2108,CSW24_hsp,13,14,10.769000,9.705000,-1.064000,3i DENT
2108,CSW24_hsp,14,13,10.873000,9.416000,-1.457000,3l BANT
2108,CSW24_hsp,15,16,9.800000,9.340000,-0.460000,3i BEND
2108,CSW24_hsp,16,15,10.684000,8.958000,-1.726000,3l TATT
2108,CSW24_hsp,17,17,9.558000,8.855000,-0.703000,c9 BAT
2108,CSW24_hsp,18,18,9.127000,7.438000,-1.689000,c3 ATTED
2108,CSW24_hsp,19,19,7.558000,7.012000,-0.546000,3i BETA
2108,CSW24_hsp,20,20,7.237000,5.832000,-1.405000,11a ADBOT
2108,CSW24_hsp,21,21,7.160000,5.605000,-1.555000,3l DANT
2108,CSW24_hsp,22,22,6.504000,5.130000,-1.374000,3l BAND
2108,CSW24_hsp,23,24,5.558000,4.337000,-1.221000,c9 TAB
2108,CSW24_hsp,24,25,5.255000,4.312000,-0.943000,3i BED
2108,CSW24_hsp,25,29,4.860000,4.172000,-0.688000,c9 BAD
2234,CSW24_hsp,1,1,30.869000,26.966000,-3.903000,i7 BRUTIFY
2234,CSW24_hsp,2,3,24.062000,22.019000,-2.043000,c2 ORBITY
2234,CSW24_hsp,3,2,24.339000,20.509000,-3.830000,i7 FRUITY
2234,CSW24_hsp,4,4,21.297000,18.898000,-2.399000,i7 FRY
2234,CSW24_hsp,5,5,20.584000,17.199000,-3.385000,i7 FRUIT
2234,CSW24_hsp,6,8,19.992000,16.924000,-3.068000,f7 UNIFY
2234,CSW24_hsp,7,10,19.657000,16.794000,-2.863000,c2 OUTBY
2234,CSW24_hsp,8,6,20.199000,16.746000,-3.453000,2l TUB
2234,CSW24_hsp,9,9,19.759000,16.620000,-3.139000,i7 FRIB
2234,CSW24_hsp,10,12,19.251000,16.427000,-2.824000,c1 BOYF
2234,CSW24_hsp,11,7,20.056000,16.175000,-3.881000,2l TURF
2234,CSW24_hsp,12,13,18.555000,16.018000,-2.537000,c1 FORBY
2234,CSW24_hsp,13,11,19.506000,14.827000,-4.679000,i8 RUBIFY
2234,CSW24_hsp,14,15,17.569000,14.687000,-2.882000,i7 BRU
2234,CSW24_hsp,15,14,18.077000,14.586000,-3.491000,f8 NIFTY
2234,CSW24_hsp,16,16,17.454000,13.813000,-3.641000,i7 BRUIT
2234,CSW24_hsp,17,17,16.746000,13.420000,-3.326000,i7 FRIT
2234,CSW24_hsp,18,18,16.199000,12.647000,-3.552000,i7 BRUT
2234,CSW24_hsp,19,19,14.850000,11.816000,-3.034000,3c BI
2234,CSW24_hsp,20,20,13.862000,11.210000,-2.652000,6c RUGBY
2234,CSW24_hsp,21,23,13.297000,10.387000,-2.910000,c1 FOY
2234,CSW24_hsp,22,21,13.454000,10.277000,-3.177000,c2 OUBIT
2234,CSW24_hsp,23,22,13.297000,10.238000,-3.059000,1b FY
2234,CSW24_hsp,24,27,13.052000,10.081000,-2.971000,c1 YOB
2234,CSW24_hsp,25,26,13.052000,10.040000,-3.012000,c1 BOY
2047,CSW24_hsp,1,1,89.000000,84.904000,-4.096000,12b SHRIVEL
2047,CSW24_hsp,2,2,78.000000,74.371000,-3.629000,d6 SHELVIER
2047,CSW24_hsp,3,3,69.000000,64.662000,-4.338000,13f SHRIVELS
2047,CSW24_hsp,4,4,68.000000,64.582000,-3.418000,10g SHELVIER
2047,CSW24_hsp,5,5,49.163000,47.026000,-2.137000,a1 HIVER
2047,CSW24_hsp,6,6,42.510000,40.113000,-2.397000,a1 LIVER
2047,CSW24_hsp,7,7,42.510000,40.060000,-2.450000,a1 VILER
2047,CSW24_hsp,8,9,42.018000,39.611000,-2.407000,a1 HIVE
2047,CSW24_hsp,9,8,42.061000,37.609000,-4.452000,4a VRIL
2047,CSW24_hsp,10,10,39.510000,35.637000,-3.873000,a11 ERVIL
2047,CSW24_hsp,11,11,39.022000,35.413000,-3.609000,a11 EVILS
2047,CSW24_hsp,12,13,38.024000,35.302000,-2.722000,a1 LIVE
2047,CSW24_hsp,13,14,38.024000,35.253000,-2.771000,a1 VILE
2047,CSW24_hsp,14,12,38.131000,33.387000,-4.744000,10l LEV
2047,CSW24_hsp,15,18,34.795000,32.073000,-2.722000,a1 RIVE
2047,CSW24_hsp,16,19,34.795000,32.036000,-2.759000,a1 VIRE
2047,CSW24_hsp,17,15,36.688000,31.864000,-4.824000,10m EH
2047,CSW24_hsp,18,20,34.515000,30.291000,-4.224000,12b SHIV
2047,CSW24_hsp,19,16,35.096000,30.198000,-4.898000,10j HIVER
2047,CSW24_hsp,20,17,35.061000,30.076000,-4.985000,10j VILE
2047,CSW24_hsp,21,24,34.104000,29.798000,-4.306000,12b SHRIVE
2047,CSW24_hsp,22,23,34.104000,29.557000,-4.547000,12b SHIVER
2047,CSW24_hsp,23,29,32.430000,29.441000,-2.989000,2b VRIL
2047,CSW24_hsp,24,22,34.249000,29.230000,-5.019000,f7 JOL
2047,CSW24_hsp,25,21,34.457000,29.225000,-5.232000,10j HIVE
2226,CSW24_hsp,1,1,25.666000,23.760000,-1.906000,b5 EW
2226,CSW24_hsp,2,2,19.970000,19.068000,-0.902000,10e FEWeR
2226,CSW24_hsp,3,3,18.782000,16.670000,-2.112000,9k FEW
2226,CSW24_hsp,4,4,17.622000,15.593000,-2.029000,d2 WEIR
2226,CSW24_hsp,5,7,16.655000,15.304000,-1.351000,4b FLU
2226,CSW24_hsp,6,8,16.544000,14.939000,-1.605000,d2 NEIF
2226,CSW24_hsp,7,5,17.181000,14.889000,-2.292000,6a AWN
2226,CSW24_hsp,8,6,16.786000,14.793000,-1.993000,d2 REIF
2226,CSW24_hsp,9,9,15.782000,14.707000,-1.075000,4b FLEW
2226,CSW24_hsp,10,10,14.655000,12.384000,-2.271000,10g FeU
2226,CSW24_hsp,11,12,14.476000,12.345000,-2.131000,10g FeW
2226,CSW24_hsp,12,13,14.476000,12.068000,-2.408000,g10 FEW
2226,CSW24_hsp,13,14,14.464000,11.775000,-2.689000,f11 TURF
2226,CSW24_hsp,14,11,14.655000,11.580000,-3.075000,g10 FEU
2226,CSW24_hsp,15,19,12.547000,11.366000,-1.181000,10e FINeER
2226,CSW24_hsp,16,15,13.806000,11.039000,-2.767000,12d IWI
2226,CSW24_hsp,17,18,12.881000,10.960000,-1.921000,d4 IF
2226,CSW24_hsp,18,16,13.266000,10.881000,-2.385000,9k FEU
2226,CSW24_hsp,19,29,11.223000,10.153000,-1.070000,10e NEWeR
2226,CSW24_hsp,20,21,12.266000,9.995000,-2.271000,d5 FEU
2226,CSW24_hsp,21,25,11.666000,9.808000,-1.858000,10f EWe
2226,CSW24_hsp,22,22,12.181000,9.807000,-2.374000,10g We
2226,CSW24_hsp,23,23,12.009000,9.738000,-2.271000,j8 REWIN
2226,CSW24_hsp,24,31,11.013000,9.416000,-1.597000,10e FINe
2226,CSW24_hsp,25,24,11.786000,9.351000,-2.435000,e11 AFIRE
2094,CSW24_hsp,1,1,31.350000,29.297000,-2.053000,8l LIEU
2094,CSW24_hsp,2,5,25.047000,24.989000,-0.058000,n4 SEI
2094,CSW24_hsp,3,2,25.443000,24.959000,-0.484000,i3 IRE
2094,CSW24_hsp,4,3,25.325000,23.116000,-2.209000,13l DUI
2094,CSW24_hsp,5,4,25.312000,22.440000,-2.872000,2j URINE
2094,CSW24_hsp,6,8,20.893000,20.842000,-0.051000,n4 SEIR
2094,CSW24_hsp,7,6,23.325000,20.511000,-2.814000,2l UNI
2094,CSW24_hsp,8,7,23.312000,19.154000,-4.158000,6a IURE
2094,CSW24_hsp,9,9,20.068000,17.779000,-2.289000,13k IDE
2094,CSW24_hsp,10,10,20.068000,17.706000,-2.362000,13l DEI
2094,CSW24_hsp,11,11,20.068000,17.435000,-2.633000,13l DIE
2094,CSW24_hsp,12,12,19.350000,16.926000,-2.424000,ex EIU
2094,CSW24_hsp,13,23,15.893000,16.022000,0.129000,i2 SIRE
2094,CSW24_hsp,14,18,17.443000,15.938000,-1.505000,1l IURE
2094,CSW24_hsp,15,15,18.068000,15.791000,-2.277000,10l GIE
2094,CSW24_hsp,16,13,18.068000,15.721000,-2.347000,1h FIE
2094,CSW24_hsp,17,20,17.150000,15.699000,-1.451000,n5 SUI
2094,CSW24_hsp,18,16,17.933000,15.509000,-2.424000,ex EIIU
2094,CSW24_hsp,19,17,17.917000,15.246000,-2.671000,n5 SIEUR
2094,CSW24_hsp,20,19,17.325000,14.901000,-2.424000,ex IU
2094,CSW24_hsp,21,22,16.443000,14.655000,-1.788000,m13 IRE
2094,CSW24_hsp,22,21,16.978000,14.554000,-2.424000,ex IIU
2094,CSW24_hsp,23,32,14.893000,14.464000,-0.429000,15l SIRE
2094,CSW24_hsp,24,31,14.893000,14.460000,-0.433000,15l SEIR
2094,CSW24_hsp,25,26,15.465000,14.209000,-1.256000,13e SUITE
2036,CSW24_hsp,1,1,29.646000,26.485000,-3.161000,12h OAFS
2036,CSW24_hsp,2,2,28.630000,24.896000,-3.734000,12h OAF
2036,CSW24_hsp,3,4,25.614000,22.195000,-3.419000,m5 OON
2036,CSW24_hsp,4,3,25.630000,21.608000,-4.022000,6i VOEMA
2036,CSW24_hsp,5,5,24.614000,21.271000,-3.343000,3b NOO
2036,CSW24_hsp,6,8,23.887000,20.210000,-3.677000,3c OO
2036,CSW24_hsp,7,6,24.614000,19.926000,-4.688000,3b OON
2036,CSW24_hsp,8,7,24.614000,19.454000,-5.160000,14e NOO
2036,CSW24_hsp,9,11,22.858000,19.216000,-3.642000,3b ROO
2036,CSW24_hsp,10,14,22.434000,19.116000,-3.318000,c7 ANNO
2036,CSW24_hsp,11,15,22.398000,19.005000,-3.393000,c7 ANOA
2036,CSW24_hsp,12,13,22.612000,18.661000,-3.951000,3a ARO
2036,CSW24_hsp,13,16,21.731000,17.983000,-3.748000,3a ROON
2036,CSW24_hsp,14,19,21.614000,17.631000,-3.983000,3a ONO
2036,CSW24_hsp,15,18,21.614000,17.610000,-4.004000,3a NOO
2036,CSW24_hsp,16,10,22.887000,17.603000,-5.284000,14f OO
2036,CSW24_hsp,17,22,20.614000,17.428000,-3.186000,7a ONO
2036,CSW24_hsp,18,12,22.858000,17.269000,-5.589000,14e ROO
2036,CSW24_hsp,19,25,20.462000,16.455000,-4.007000,f10 ROOSA
2036,CSW24_hsp,20,24,20.474000,16.263000,-4.211000,a6 NAPOO
2036,CSW24_hsp,21,28,19.559000,16.216000,-3.343000,m5 OONS
2036,CSW24_hsp,22,21,20.887000,15.931000,-4.956000,3b OO
2036,CSW24_hsp,23,27,19.858000,15.906000,-3.952000,3a ROO
2036,CSW24_hsp,24,26,19.887000,15.814000,-4.073000,m5 OO
2036,CSW24_hsp,25,32,19.434000,15.757000,-3.677000,11b NONA
2266,CSW24_hsp,1,1,41.353000,33.336000,-8.017000,14a QADI
2266,CSW24_hsp,2,2,37.308000,31.511000,-5.797000,4a ZITE
2266,CSW24_hsp,3,3,33.650000,27.711000,-5.939000,f12 ADZE
2266,CSW24_hsp,4,4,32.927000,27.018000,-5.909000,f12 ADZ
2266,CSW24_hsp,5,5,31.609000,24.998000,-6.611000,4a QI
2266,CSW24_hsp,6,6,24.074000,17.905000,-6.169000,14c DITZ
2266,CSW24_hsp,7,7,23.756000,17.038000,-6.718000,2l TAD
2266,CSW24_hsp,8,9,21.258000,14.972000,-6.286000,9e LAMED
2266,CSW24_hsp,9,8,21.639000,14.792000,-6.847000,15d IDEATA
2266,CSW24_hsp,10,10,21.218000,14.477000,-6.741000,2l DAE
2266,CSW24_hsp,11,11,20.818000,13.789000,-7.029000,2m AD
2266,CSW24_hsp,12,15,19.315000,13.469000,-5.846000,4a DITZ
2266,CSW24_hsp,13,13,19.806000,13.107000,-6.699000,2l TED
2266,CSW24_hsp,14,12,19.818000,12.978000,-6.840000,a3 AD
2266,CSW24_hsp,15,14,19.756000,12.614000,-7.142000,4a DITA
2266,CSW24_hsp,16,17,18.681000,12.436000,-6.245000,9e LAMA
2266,CSW24_hsp,17,16,19.047000,12.295000,-6.752000,3b GEAT
2266,CSW24_hsp,18,19,18.258000,11.794000,-6.464000,2n DE
2266,CSW24_hsp,19,21,18.047000,11.579000,-6.468000,h5 ATOKE
2266,CSW24_hsp,20,22,17.806000,11.393000,-6.413000,h6 TOKED
2266,CSW24_hsp,21,18,18.258000,11.297000,-6.961000,2m ED
2266,CSW24_hsp,22,20,18.197000,10.753000,-7.444000,3i TEAD
2266,CSW24_hsp,23,23,17.756000,10.747000,-7.009000,f12 TAD
2266,CSW24_hsp,24,27,16.650000,10.242000,-6.408000,6i ADZE
2266,CSW24_hsp,25,24,17.047000,10.168000,-6.879000,2l TAE
2086,CSW24_hsp,1,1,87.000000,85.651000,-1.349000,c7 DEBIToR
2086,CSW24_hsp,2,2,84.000000,83.118000,-0.882000,11h BEDIRTy
2086,CSW24_hsp,3,7,84.000000,83.070000,-0.930000,11h BRuITED
2086,CSW24_hsp,4,5,84.000000,83.029000,-0.971000,11h BIRThED
2086,CSW24_hsp,5,6,84.000000,82.933000,-1.067000,11h BIsTRED
2086,CSW24_hsp,6,3,84.000000,82.789000,-1.211000,11h BEDRITe
2086,CSW24_hsp,7,8,84.000000,82.786000,-1.214000,11h BeDRITE
2086,CSW24_hsp,8,4,84.000000,82.740000,-1.260000,11h BEsTRID
2086,CSW24_hsp,9,9,83.000000,81.802000,-1.198000,c7 DRIBlET
2086,CSW24_hsp,10,10,81.000000,79.720000,-1.280000,c7 DEoRBIT
2086,CSW24_hsp,11,11,81.000000,79.493000,-1.507000,c7 REDBaIT
2086,CSW24_hsp,12,12,79.000000,77.588000,-1.412000,c7 TRIBaDE
2086,CSW24_hsp,13,13,70.000000,68.475000,-1.525000,c6 oRBITED
2086,CSW24_hsp,14,14,62.111000,63.065000,0.954000,11h BIRD
2086,CSW24_hsp,15,15,62.035000,62.908000,0.873000,11h BRIT
2086,CSW24_hsp,16,17,61.229000,62.245000,1.016000,11h BIDET
2086,CSW24_hsp,17,16,61.229000,62.240000,1.011000,11h BETID
2086,CSW24_hsp,18,20,59.906000,61.000000,1.094000,11h BRIDE
2086,CSW24_hsp,19,19,59.906000,60.997000,1.091000,11h BREID
2086,CSW24_hsp,20,18,59.906000,60.989000,1.083000,11h BIDER
2086,CSW24_hsp,21,21,59.423000,60.241000,0.818000,11h BRED
2086,CSW24_hsp,22,22,58.585000,59.643000,1.058000,11h BITER
2086,CSW24_hsp,23,24,58.264000,58.996000,0.732000,11h BIDE
2086,CSW24_hsp,24,23,58.283000,58.156000,-0.127000,11h BIT
2086,CSW24_hsp,25,26,56.697000,57.454000,0.757000,11h BITE
2221,CSW24_hsp,1,1,33.174000,27.358000,-5.816000,n6 MIX
2221,CSW24_hsp,2,2,30.974000,25.460000,-5.514000,n6 MINX
2221,CSW24_hsp,3,3,30.614000,23.937000,-6.677000,n6 MIXEN
2221,CSW24_hsp,4,4,28.945000,23.709000,-5.236000,5k VIG
2221,CSW24_hsp,5,5,27.886000,22.243000,-5.643000,n6 MI
2221,CSW24_hsp,6,6,27.234000,21.060000,-6.174000,n6 MINI
2221,CSW24_hsp,7,8,23.616000,17.377000,-6.239000,n6 MINE
2221,CSW24_hsp,8,10,22.006000,16.984000,-5.022000,b11 NEVI
2221,CSW24_hsp,9,7,23.616000,16.862000,-6.754000,n6 MIEN
2221,CSW24_hsp,10,9,22.625000,16.752000,-5.873000,12a REMIX
2221,CSW24_hsp,11,11,21.399000,15.803000,-5.596000,n2 INTI
2221,CSW24_hsp,12,17,19.604000,14.365000,-5.239000,5k VEG
2221,CSW24_hsp,13,12,20.006000,14.214000,-5.792000,e8 AVINE
2221,CSW24_hsp,14,15,19.845000,14.205000,-5.640000,j4 NIE
2221,CSW24_hsp,15,13,20.006000,13.939000,-6.067000,12a RIVEN
2221,CSW24_hsp,16,22,18.389000,13.843000,-4.546000,n2 MET
2221,CSW24_hsp,17,16,19.638000,13.736000,-5.902000,i3 DIGRESSIVE
2221,CSW24_hsp,18,14,19.945000,13.429000,-6.516000,h8 DIV
2221,CSW24_hsp,19,20,18.886000,13.307000,-5.579000,5k MIG
2221,CSW24_hsp,20,18,19.066000,12.996000,-6.070000,n2 INT
2221,CSW24_hsp,21,21,18.638000,12.873000,-5.765000,12a RIVE
2221,CSW24_hsp,22,23,18.066000,12.573000,-5.493000,j3 IN
2221,CSW24_hsp,23,24,17.945000,12.149000,-5.796000,3i DIV
2221,CSW24_hsp,24,27,16.886000,11.773000,-5.113000,o2 MIZ
2221,CSW24_hsp,25,19,18.886000,11.710000,-7.176000,2m HIM
2284,CSW24_hsp,1,1,19.476000,20.047000,0.571000,1h WITTY
2284,CSW24_hsp,2,2,15.913000,14.596000,-1.317000,1l YOWL
2284,CSW24_hsp,3,3,12.554000,8.057000,-4.497000,14i TWO
2284,CSW24_hsp,4,4,10.476000,6.639000,-3.837000,o6 TWITE
2284,CSW24_hsp,5,5,10.327000,6.526000,-3.801000,o6 TOWIE
2284,CSW24_hsp,6,9,6.824000,5.624000,-1.200000,h1 LWEI
2284,CSW24_hsp,7,10,6.824000,5.612000,-1.212000,h1 WIEL
2284,CSW24_hsp,8,11,6.734000,3.695000,-3.039000,5e WITTOL
2284,CSW24_hsp,9,6,6.913000,3.012000,-3.901000,o7 LOWE
2284,CSW24_hsp,10,8,6.913000,2.554000,-4.359000,o12 AWOL
2284,CSW24_hsp,11,7,6.913000,2.552000,-4.361000,o12 ALOW
2284,CSW24_hsp,12,12,6.278000,2.455000,-3.823000,2e QI
2284,CSW24_hsp,13,13,5.955000,2.031000,-3.924000,o7 WITE
2284,CSW24_hsp,14,14,4.921000,1.281000,-3.640000,5g TWILL
2284,CSW24_hsp,15,18,4.539000,0.860000,-3.679000,i6 OWT
2284,CSW24_hsp,16,15,4.913000,0.763000,-4.150000,f3 FLOWN
2284,CSW24_hsp,17,16,4.554000,0.182000,-4.372000,2d TWO
2284,CSW24_hsp,18,19,4.055000,0.059000,-3.996000,o6 LOTTE
2284,CSW24_hsp,19,21,3.554000,0.040000,-3.514000,6b TWO
2284,CSW24_hsp,20,20,3.824000,-0.062000,-3.886000,o7 WILE
2284,CSW24_hsp,21,17,4.554000,-0.193000,-4.747000,2g OWT
2284,CSW24_hsp,22,22,3.539000,-0.468000,-4.007000,14j WO
2284,CSW24_hsp,23,23,2.476000,-1.171000,-3.647000,5g TWILT
2284,CSW24_hsp,24,31,-0.461000,-1.366000,-0.905000,h1 WOE
2284,CSW24_hsp,25,30,-0.461000,-1.379000,-0.918000,h1 OWE
2058,CSW24_hsp,1,1,26.299000,26.497000,0.198000,10h BOH
2058,CSW24_hsp,2,2,26.140000,26.436000,0.296000,10h FOH
2058,CSW24_hsp,3,3,25.366000,26.435000,1.069000,11c VIZOR
2058,CSW24_hsp,4,4,22.554000,23.556000,1.002000,c12 ZHO
2058,CSW24_hsp,5,5,20.802000,21.332000,0.530000,5j FORB
2058,CSW24_hsp,6,7,17.909000,17.968000,0.059000,11c FIZ
2058,CSW24_hsp,7,6,20.802000,17.828000,-2.974000,c12 FORB
2058,CSW24_hsp,8,8,17.802000,17.078000,-0.724000,11c FIBRO
2058,CSW24_hsp,9,9,16.323000,16.310000,-0.013000,11c BIZ
2058,CSW24_hsp,10,12,16.058000,16.174000,0.116000,5k FOB
2058,CSW24_hsp,11,11,16.126000,15.583000,-0.543000,10i OH
2058,CSW24_hsp,12,15,15.764000,15.468000,-0.296000,11c FIB
2058,CSW24_hsp,13,16,15.299000,15.366000,0.067000,5k HOB
2058,CSW24_hsp,14,10,16.140000,15.356000,-0.784000,c12 FOH
2058,CSW24_hsp,15,14,15.791000,15.324000,-0.467000,e11 FRO
2058,CSW24_hsp,16,13,16.058000,15.313000,-0.745000,c12 FOB
2058,CSW24_hsp,17,21,14.793000,14.612000,-0.181000,m5 HALVE
2058,CSW24_hsp,18,19,15.126000,14.575000,-0.551000,10j HO
2058,CSW24_hsp,19,18,15.154000,14.367000,-0.787000,12c FAV
2058,CSW24_hsp,20,17,15.299000,14.339000,-0.960000,c12 HOB
2058,CSW24_hsp,21,20,14.858000,13.954000,-0.904000,m5 HALVER
2058,CSW24_hsp,22,24,14.299000,13.222000,-1.077000,c12 BOH
2058,CSW24_hsp,23,22,14.766000,12.829000,-1.937000,12c FAVOR
2058,CSW24_hsp,24,23,14.605000,12.790000,-1.815000,12b BRAVO
2058,CSW24_hsp,25,26,12.961000,12.689000,-0.272000,e10 OF
2013,CSW24_hsp,1,2,20.321000,15.465000,-4.856000,13k PANG
2013,CSW24_hsp,2,1,20.694000,14.071000,-6.623000,n6 STUNG
2013,CSW24_hsp,3,3,16.321000,12.320000,-4.001000,m1 TANG
2013,CSW24_hsp,4,7,13.785000,10.344000,-3.441000,m12 UTS
2013,CSW24_hsp,5,5,15.315000,10.225000,-5.090000,15e GUNITE
2013,CSW24_hsp,6,4,16.287000,9.979000,-6.308000,14e GUNK
2013,CSW24_hsp,7,6,14.321000,9.166000,-5.155000,10l ENG
2013,CSW24_hsp,8,8,12.595000,9.154000,-3.441000,m12 UNS
2013,CSW24_hsp,9,12,11.328000,7.052000,-4.276000,13g GIS
2013,CSW24_hsp,10,11,11.507000,6.320000,-5.187000,13k PANT
2013,CSW24_hsp,11,10,12.568000,6.207000,-6.361000,n6 SUNG
2013,CSW24_hsp,12,9,12.568000,6.161000,-6.407000,n6 SNUG
2013,CSW24_hsp,13,17,9.887000,5.986000,-3.901000,4k CUNT
2013,CSW24_hsp,14,15,10.248000,5.917000,-4.331000,m12 UN
2013,CSW24_hsp,15,19,9.595000,5.593000,-4.002000,m11 SUN
2013,CSW24_hsp,16,21,9.374000,5.362000,-4.012000,m1 TAG
2013,CSW24_hsp,17,16,9.970000,5.196000,-4.774000,15l ENGS
2013,CSW24_hsp,18,14,10.321000,4.705000,-5.616000,15l ENG
2013,CSW24_hsp,19,26,8.756000,4.390000,-4.366000,m12 UT
2013,CSW24_hsp,20,18,9.797000,4.360000,-5.437000,ex GGNNU
2013,CSW24_hsp,21,20,9.505000,4.279000,-5.226000,10l EGG
2013,CSW24_hsp,22,22,9.353000,4.026000,-5.327000,n4 GUST
2013,CSW24_hsp,23,23,9.110000,3.673000,-5.437000,ex GGNNTU
2013,CSW24_hsp,24,24,8.951000,3.514000,-5.437000,ex GGNU
2013,CSW24_hsp,25,25,8.926000,3.489000,-5.437000,ex GGNTU
2012,CSW24_hsp,1,1,27.854000,25.830000,-2.024000,3b CUTTOE
2012,CSW24_hsp,2,4,18.798000,17.094000,-1.704000,d8 BITOU
2012,CSW24_hsp,3,5,18.402000,15.977000,-2.425000,5b CUTTOE
2012,CSW24_hsp,4,7,17.475000,15.700000,-1.775000,14g TOUT
2012,CSW24_hsp,5,6,17.879000,15.050000,-2.829000,8k TUTEE
2012,CSW24_hsp,6,8,16.798000,14.420000,-2.378000,14h OUT
2012,CSW24_hsp,7,2,18.871000,13.952000,-4.919000,f1 TUCKET
2012,CSW24_hsp,8,9,16.020000,13.729000,-2.291000,3b CUTTO
2012,CSW24_hsp,9,10,15.935000,13.697000,-2.238000,14f UTE
2012,CSW24_hsp,10,11,15.613000,13.508000,-2.105000,9i TORTE
2012,CSW24_hsp,11,3,18.867000,13.337000,-5.530000,k1 OUTRE
2012,CSW24_hsp,12,12,14.798000,12.025000,-2.773000,3f OUT
2012,CSW24_hsp,13,21,13.475000,11.595000,-1.880000,14d TOUT
2012,CSW24_hsp,14,13,14.402000,11.553000,-2.849000,6a COTEAU
2012,CSW24_hsp,15,18,13.579000,11.492000,-2.087000,12a CRUE
2012,CSW24_hsp,16,16,13.798000,11.073000,-2.725000,5e TOUT
2012,CSW24_hsp,17,17,13.579000,11.060000,-2.519000,f2 CUKE
2012,CSW24_hsp,18,23,13.251000,10.922000,-2.329000,d2 TUTEE
2012,CSW24_hsp,19,14,13.935000,10.920000,-3.015000,a12 UTE
2012,CSW24_hsp,20,20,13.475000,10.905000,-2.570000,3e TOUT
2012,CSW24_hsp,21,26,12.774000,10.901000,-1.873000,d2 OCTET
2012,CSW24_hsp,22,19,13.510000,10.882000,-2.628000,d2 CUTE
2012,CSW24_hsp,23,30,12.613000,10.737000,-1.876000,14e TOTE
2012,CSW24_hsp,24,25,12.798000,10.444000,-2.354000,14e OUT
2012,CSW24_hsp,25,24,12.935000,10.338000,-2.597000,12a TRUE
2145,CSW24_hsp,1,1,32.439000,29.916000,-2.523000,o7 UPDRAW
2145,CSW24_hsp,2,2,29.971000,24.866000,-5.105000,8a DURUM
2145,CSW24_hsp,3,4,24.836000,21.931000,-2.905000,1l DUAR
2145,CSW24_hsp,4,3,24.836000,21.917000,-2.919000,1l DAUR
2145,CSW24_hsp,5,5,22.138000,17.017000,-5.121000,8a AURUM
2145,CSW24_hsp,6,6,18.843000,13.167000,-5.676000,14l DRAP
2145,CSW24_hsp,7,8,15.524000,11.319000,-4.205000,7k URP
2145,CSW24_hsp,8,7,16.524000,10.855000,-5.669000,2a PURE
2145,CSW24_hsp,9,9,14.858000,9.101000,-5.757000,2a RUDE
2145,CSW24_hsp,10,12,12.858000,8.681000,-4.177000,7k URD
2145,CSW24_hsp,11,10,13.858000,7.922000,-5.936000,2a DURE
2145,CSW24_hsp,12,11,13.429000,7.494000,-5.935000,2a DUPE
2145,CSW24_hsp,13,14,11.836000,6.848000,-4.988000,14b DUAR
2145,CSW24_hsp,14,15,10.842000,6.794000,-4.048000,7k UR
2145,CSW24_hsp,15,13,11.842000,6.414000,-5.428000,2b URE
2145,CSW24_hsp,16,16,10.814000,6.365000,-4.449000,12d RURP
2145,CSW24_hsp,17,17,10.596000,5.638000,-4.958000,14m PAR
2145,CSW24_hsp,18,19,9.023000,4.838000,-4.185000,i11 UREAS
2145,CSW24_hsp,19,21,8.842000,4.663000,-4.179000,3k UR
2145,CSW24_hsp,20,20,8.858000,4.566000,-4.292000,d12 RUDD
2145,CSW24_hsp,21,28,6.231000,3.730000,-2.501000,1k UP
2145,CSW24_hsp,22,18,9.836000,3.253000,-6.583000,14a DURA
2145,CSW24_hsp,23,22,8.596000,3.227000,-5.369000,14m RAP
2145,CSW24_hsp,24,34,5.842000,2.539000,-3.303000,1n UR
2145,CSW24_hsp,25,23,7.770000,2.529000,-5.241000,14m RAD
2123,CSW24_hsp,1,1,36.526000,35.842000,-0.684000,j2 PIEZO
2123,CSW24_hsp,2,2,34.063000,33.007000,-1.056000,f2 ZILA
2123,CSW24_hsp,3,3,33.473000,31.968000,-1.505000,13f DITZ
2123,CSW24_hsp,4,4,32.909000,31.317000,-1.592000,h1 DIPT
2123,CSW24_hsp,5,5,32.526000,31.098000,-1.428000,7e ZIP
2123,CSW24_hsp,6,6,31.278000,29.936000,-1.342000,7b REDD
2123,CSW24_hsp,7,8,29.832000,28.421000,-1.411000,3g DEID
2123,CSW24_hsp,8,9,29.832000,28.411000,-1.421000,3g DIED
2123,CSW24_hsp,9,7,30.189000,26.646000,-3.543000,2j DREIDL
2123,CSW24_hsp,10,10,27.490000,25.590000,-1.900000,12e DIDO
2123,CSW24_hsp,11,11,27.153000,25.492000,-1.661000,7e ZED
2123,CSW24_hsp,12,12,26.494000,24.254000,-2.240000,13h TREPID
2123,CSW24_hsp,13,13,25.879000,23.704000,-2.175000,12g DOD
2123,CSW24_hsp,14,17,24.520000,23.621000,-0.899000,f4 LAZE
2123,CSW24_hsp,15,14,25.031000,22.808000,-2.223000,3g DI
2123,CSW24_hsp,16,16,24.909000,22.599000,-2.310000,7e DIP
2123,CSW24_hsp,17,15,24.944000,22.583000,-2.361000,e11 ADZ
2123,CSW24_hsp,18,22,23.520000,22.477000,-1.043000,j2 ZEE
2123,CSW24_hsp,19,20,23.912000,22.196000,-1.716000,h1 RIPT
2123,CSW24_hsp,20,18,24.254000,22.136000,-2.118000,7d DERP
2123,CSW24_hsp,21,21,23.618000,22.076000,-1.542000,7e ZEP
2123,CSW24_hsp,22,19,23.913000,21.974000,-1.939000,h1 DIRT
2123,CSW24_hsp,23,27,23.063000,21.432000,-1.631000,9k RIZ
2123,CSW24_hsp,24,26,23.493000,21.071000,-2.422000,f4 LAD
2123,CSW24_hsp,25,28,22.680000,21.040000,-1.640000,7b RED
2113,CSW24_hsp,1,1,80.000000,79.517000,-0.483000,13c CALUMETS
2113,CSW24_hsp,2,2,76.000000,75.299000,-0.701000,12c CALUMETS
2113,CSW24_hsp,3,3,65.000000,64.290000,-0.710000,13d MUSCATEL
2113,CSW24_hsp,4,4,45.420000,43.562000,-1.858000,13l MAZE
2113,CSW24_hsp,5,5,42.065000,40.191000,-1.874000,13l MEZE
2113,CSW24_hsp,6,6,40.420000,38.661000,-1.759000,6j MAR
2113,CSW24_hsp,7,7,38.637000,36.966000,-1.671000,13k CEAZE
2113,CSW24_hsp,8,9,38.006000,36.678000,-1.328000,15l CULT
2113,CSW24_hsp,9,8,38.181000,36.546000,-1.635000,6j CAR
2113,CSW24_hsp,10,11,37.641000,35.590000,-2.051000,14f UM
2113,CSW24_hsp,11,10,37.641000,35.430000,-2.211000,14e MU
2113,CSW24_hsp,12,12,37.110000,35.267000,-1.843000,13c CALUMET
2113,CSW24_hsp,13,13,36.641000,34.799000,-1.842000,14h MeU
2113,CSW24_hsp,14,14,36.011000,34.017000,-1.994000,13l LAZE
2113,CSW24_hsp,15,16,35.539000,33.333000,-2.206000,7g CUB
2113,CSW24_hsp,16,15,35.641000,33.232000,-2.409000,h10 UMU
2113,CSW24_hsp,17,17,33.659000,31.805000,-1.854000,13k LEAZE
2113,CSW24_hsp,18,18,33.383000,31.554000,-1.829000,14e LUM
2113,CSW24_hsp,19,19,33.110000,30.726000,-2.384000,12c CALUMET
2113,CSW24_hsp,20,22,32.420000,30.702000,-1.718000,15m MAT
2113,CSW24_hsp,21,21,32.641000,30.314000,-2.327000,h13 UME
2113,CSW24_hsp,22,20,32.707000,30.311000,-2.396000,6k AR
2113,CSW24_hsp,23,24,31.984000,30.247000,-1.737000,15n ET
2113,CSW24_hsp,24,23,32.065000,30.042000,-2.023000,12l EM
2113,CSW24_hsp,25,26,31.593000,29.927000,-1.666000,13k SMAZE
2175,CSW24_hsp,1,1,54.763000,52.648000,-2.115000,9g PYX
2175,CSW24_hsp,2,2,46.138000,42.686000,-3.452000,d2 WAXY
2175,CSW24_hsp,3,3,39.967000,36.075000,-3.892000,i7 WOX
2175,CSW24_hsp,4,5,38.453000,34.279000,-4.174000,9i PWN
2175,CSW24_hsp,5,4,39.288000,33.892000,-5.396000,d1 WASPY
2175,CSW24_hsp,6,8,37.138000,33.281000,-3.857000,f2 WAXY
2175,CSW24_hsp,7,7,37.265000,33.122000,-4.143000,d7 AX
2175,CSW24_hsp,8,6,37.288000,32.559000,-4.729000,n10 UPSWAY
2175,CSW24_hsp,9,9,35.002000,31.637000,-3.365000,7g PLY
2175,CSW24_hsp,10,10,34.356000,30.338000,-4.018000,i7 POX
2175,CSW24_hsp,11,13,33.001000,30.182000,-2.819000,13c WASP
2175,CSW24_hsp,12,12,34.002000,30.031000,-3.971000,g9 PLAtY
2175,CSW24_hsp,13,11,34.220000,29.934000,-4.286000,d2 YAWP
2175,CSW24_hsp,14,16,32.376000,29.257000,-3.119000,n7 LAYUPS
2175,CSW24_hsp,15,14,32.722000,28.164000,-4.558000,d2 WALY
2175,CSW24_hsp,16,17,32.354000,28.053000,-4.301000,9i WAN
2175,CSW24_hsp,17,18,31.177000,27.932000,-3.245000,7g SWY
2175,CSW24_hsp,18,19,31.177000,27.847000,-3.330000,9g SWY
2175,CSW24_hsp,19,20,31.001000,27.653000,-3.348000,c9 WARPS
2175,CSW24_hsp,20,15,32.679000,27.396000,-5.283000,13m YAW
2175,CSW24_hsp,21,34,29.930000,27.023000,-2.907000,9e GAWSY
2175,CSW24_hsp,22,25,30.265000,26.696000,-3.569000,1n AX
2175,CSW24_hsp,23,27,30.161000,26.610000,-3.551000,c9 PARLY
2175,CSW24_hsp,24,28,30.161000,26.491000,-3.670000,c9 PYRAL
2175,CSW24_hsp,25,21,30.936000,26.447000,-4.489000,10a UP
2341,CSW24_hsp,1,1,31.267000,34.127000,2.860000,m12 TWAE
2341,CSW24_hsp,2,4,28.139000,31.305000,3.166000,m12 THAW
2341,CSW24_hsp,3,2,30.478000,30.982000,0.504000,m13 WAE
2341,CSW24_hsp,4,3,28.249000,30.535000,2.286000,d2 WHAE
2341,CSW24_hsp,5,7,26.986000,29.831000,2.845000,m12 THAE
2341,CSW24_hsp,6,9,26.392000,29.564000,3.172000,m12 THEW
2341,CSW24_hsp,7,5,27.877000,29.254000,1.377000,m13 HAW
2341,CSW24_hsp,8,13,25.362000,28.991000,3.629000,13i AWHETO
2341,CSW24_hsp,9,6,27.249000,28.689000,1.440000,b2 WHAE
2341,CSW24_hsp,10,11,25.824000,28.659000,2.835000,m12 TWEE
2341,CSW24_hsp,11,10,26.249000,28.528000,2.279000,f2 WHAE
2341,CSW24_hsp,12,8,26.877000,27.612000,0.735000,b9 WALLAH
2341,CSW24_hsp,13,12,25.756000,27.155000,1.399000,m13 HEW
2341,CSW24_hsp,14,26,22.020000,25.681000,3.661000,13i AWHATO
2341,CSW24_hsp,15,14,24.055000,25.241000,1.186000,m12 TWA
2341,CSW24_hsp,16,28,21.589000,24.440000,2.851000,m12 THEE
2341,CSW24_hsp,17,25,22.020000,24.410000,2.390000,b1 WHATA
2341,CSW24_hsp,18,18,23.249000,24.258000,1.009000,b3 WHAE
2341,CSW24_hsp,19,22,22.267000,24.020000,1.753000,f2 WETA
2341,CSW24_hsp,20,21,22.267000,23.961000,1.694000,f2 WATE
2341,CSW24_hsp,21,39,20.020000,23.909000,3.889000,f1 WHATA
2341,CSW24_hsp,22,17,23.352000,23.815000,0.463000,m13 HAE
2341,CSW24_hsp,23,40,19.910000,23.512000,3.602000,d1 EATHE
2341,CSW24_hsp,24,19,22.836000,23.362000,0.526000,m13 WEE
2341,CSW24_hsp,25,27,21.863000,23.125000,1.262000,d2 AWEE
2068,CSW24_hsp,1,1,31.388000,25.757000,-5.631000,l11 POOED
2068,CSW24_hsp,2,2,25.969000,22.063000,-3.906000,l11 POA
2068,CSW24_hsp,3,4,23.392000,19.658000,-3.734000,l11 POOD
2068,CSW24_hsp,4,5,23.105000,19.117000,-3.988000,l11 POO
2068,CSW24_hsp,5,6,22.969000,19.039000,-3.930000,l2 POA
2068,CSW24_hsp,6,3,24.439000,18.127000,-6.312000,l1 ODEA
2068,CSW24_hsp,7,7,20.105000,16.175000,-3.930000,l2 POO
2068,CSW24_hsp,8,12,17.510000,13.533000,-3.977000,l2 DOO
2068,CSW24_hsp,9,10,19.064000,13.230000,-5.834000,b10 APODE
2068,CSW24_hsp,10,11,19.064000,12.433000,-6.631000,n10 APODE
2068,CSW24_hsp,11,16,16.064000,12.103000,-3.961000,n7 ALOD
2068,CSW24_hsp,12,13,17.388000,11.855000,-5.533000,b10 OOPED
2068,CSW24_hsp,13,18,15.962000,11.791000,-4.171000,l4 OO
2068,CSW24_hsp,14,17,15.962000,11.716000,-4.246000,l3 OO
2068,CSW24_hsp,15,20,15.471000,11.310000,-4.161000,l3 AA
2068,CSW24_hsp,16,19,15.490000,10.569000,-4.921000,f1 OAR
2068,CSW24_hsp,17,25,14.188000,10.258000,-3.930000,l2 PEA
2068,CSW24_hsp,18,29,13.902000,10.202000,-3.700000,l11 POD
2068,CSW24_hsp,19,15,16.439000,9.880000,-6.559000,n3 ODEA
2068,CSW24_hsp,20,9,19.064000,9.592000,-9.472000,n1 PAEDO
2068,CSW24_hsp,21,27,13.969000,9.527000,-4.442000,10d POA
2068,CSW24_hsp,22,23,15.105000,9.521000,-5.584000,i12 POO
2068,CSW24_hsp,23,26,13.969000,9.519000,-4.450000,10d OPA
2068,CSW24_hsp,24,34,13.392000,9.472000,-3.920000,12j ISOPOD
2068,CSW24_hsp,25,35,13.230000,9.399000,-3.831000,l11 PO
2281,CSW24_hsp,1,1,24.405000,28.100000,3.695000,a10 CAT
2281,CSW24_hsp,2,3,23.159000,25.651000,2.492000,14j JA
2281,CSW24_hsp,3,2,23.159000,25.509000,2.350000,13f JAI
2281,CSW24_hsp,4,4,19.432000,22.214000,2.782000,a10 TAT
2281,CSW24_hsp,5,5,19.175000,19.883000,0.708000,12a CENT
2281,CSW24_hsp,6,7,17.432000,19.667000,2.235000,13f TAIT
2281,CSW24_hsp,7,6,17.432000,19.666000,2.234000,13c ETAT
2281,CSW24_hsp,8,14,14.882000,18.824000,3.942000,e7 TRACT
2281,CSW24_hsp,9,9,16.617000,18.809000,2.192000,13f TAIN
2281,CSW24_hsp,10,13,15.108000,18.257000,3.149000,13f CAIN
2281,CSW24_hsp,11,8,16.901000,17.467000,0.566000,a8 QAT
2281,CSW24_hsp,12,18,13.489000,17.208000,3.719000,12a TENANT
2281,CSW24_hsp,13,11,15.432000,17.087000,1.655000,5i TATAMI
2281,CSW24_hsp,14,15,14.617000,16.088000,1.471000,11b YENTA
2281,CSW24_hsp,15,12,15.159000,15.894000,0.735000,7g JA
2281,CSW24_hsp,16,16,14.405000,15.684000,1.279000,12b ENACT
2281,CSW24_hsp,17,19,13.432000,14.800000,1.368000,a11 ATT
2281,CSW24_hsp,18,38,9.895000,13.992000,4.097000,7f ACTA
2281,CSW24_hsp,19,17,13.792000,13.543000,-0.249000,11b YETT
2281,CSW24_hsp,20,29,11.108000,13.260000,2.152000,2j CAN
2281,CSW24_hsp,21,35,9.923000,13.247000,3.324000,13e ACAI
2281,CSW24_hsp,22,44,9.414000,12.813000,3.399000,e8 RAJA
2281,CSW24_hsp,23,22,12.901000,12.766000,-0.135000,14k TAO
2281,CSW24_hsp,24,20,12.901000,12.722000,-0.179000,a10 TA
2281,CSW24_hsp,25,43,9.414000,12.703000,3.289000,e5 AJAR
2381,CSW24_hsp,1,1,29.224000,31.980000,2.756000,b10 HO
2381,CSW24_hsp,2,2,25.700000,29.249000,3.549000,b10 HOE
2381,CSW24_hsp,3,3,24.346000,27.891000,3.545000,b10 HER
2381,CSW24_hsp,4,5,23.778000,27.613000,3.835000,6c LOUGH
2381,CSW24_hsp,5,4,23.852000,25.932000,2.080000,c12 HUNG
2381,CSW24_hsp,6,7,20.694000,24.532000,3.838000,6c ROUGH
2381,CSW24_hsp,7,6,20.728000,23.476000,2.748000,b10 HE
2381,CSW24_hsp,8,11,18.780000,22.603000,3.823000,6c LEUGH
2381,CSW24_hsp,9,8,20.435000,22.476000,2.041000,c12 HONG
2381,CSW24_hsp,10,9,19.852000,21.294000,1.442000,6e UGH
2381,CSW24_hsp,11,10,19.224000,20.869000,1.645000,13a RHO
2381,CSW24_hsp,12,22,14.929000,19.758000,4.829000,6b REGULO
2381,CSW24_hsp,13,15,15.969000,18.465000,2.496000,6d EUGH
2381,CSW24_hsp,14,12,17.409000,18.451000,1.042000,c12 LUNG
2381,CSW24_hsp,15,14,16.284000,17.563000,1.279000,c12 HUN
2381,CSW24_hsp,16,23,14.465000,16.960000,2.495000,13e LEHR
2381,CSW24_hsp,17,16,15.962000,16.842000,0.880000,9h GU
2381,CSW24_hsp,18,13,16.969000,16.764000,-0.205000,m1 HUGE
2381,CSW24_hsp,19,34,12.104000,16.478000,4.374000,4f ROUGHED
2381,CSW24_hsp,20,18,15.224000,16.472000,1.248000,c12 HON
2381,CSW24_hsp,21,17,15.224000,16.424000,1.200000,i11 OHO
2381,CSW24_hsp,22,19,14.970000,16.000000,1.030000,12f VOGUE
2381,CSW24_hsp,23,20,14.962000,15.706000,0.744000,13h GUP
2381,CSW24_hsp,24,27,14.224000,15.334000,1.110000,6f HO
2381,CSW24_hsp,25,37,11.751000,15.075000,3.324000,6c HUGER
2003,CSW24_hsp,1,1,82.000000,75.757000,-6.243000,4a PEPONIDA
2003,CSW24_hsp,2,2,67.000000,61.320000,-5.680000,6a PEPONIDA
2003,CSW24_hsp,3,3,42.683000,40.389000,-2.294000,15a POEPED
2003,CSW24_hsp,4,4,40.782000,37.992000,-2.790000,15a POEP
2003,CSW24_hsp,5,5,37.836000,35.256000,-2.580000,15a OPEPE
2003,CSW24_hsp,6,6,34.401000,31.566000,-2.835000,15a PEEP
2003,CSW24_hsp,7,7,33.646000,30.659000,-2.987000,7i PO
2003,CSW24_hsp,8,8,31.187000,28.182000,-3.005000,15a DEEP
2003,CSW24_hsp,9,9,30.125000,27.054000,-3.071000,15a OPED
2003,CSW24_hsp,10,10,30.056000,26.467000,-3.589000,i7 POXY
2003,CSW24_hsp,11,11,28.692000,25.653000,-3.039000,15a PIED
2003,CSW24_hsp,12,13,28.187000,25.047000,-3.140000,15a PEED
2003,CSW24_hsp,13,14,27.966000,25.039000,-2.927000,15a OPENED
2003,CSW24_hsp,14,12,28.683000,24.639000,-4.044000,13i PEAPOD
2003,CSW24_hsp,15,15,27.836000,23.730000,-4.106000,2b POEP
2003,CSW24_hsp,16,18,26.537000,23.518000,-3.019000,15a PIEND
2003,CSW24_hsp,17,16,26.854000,23.090000,-3.764000,4c OPPIDAN
2003,CSW24_hsp,18,19,26.217000,22.444000,-3.773000,g1 APP
2003,CSW24_hsp,19,20,25.966000,22.279000,-3.687000,12h PONCED
2003,CSW24_hsp,20,17,26.683000,22.277000,-4.406000,c1 BOPPED
2003,CSW24_hsp,21,21,25.257000,22.089000,-3.168000,15a NEEP
2003,CSW24_hsp,22,23,24.177000,20.808000,-3.369000,6f PIANO
2003,CSW24_hsp,23,24,23.968000,20.581000,-3.387000,15a OPEN
2003,CSW24_hsp,24,32,23.512000,20.337000,-3.175000,7i DO
2003,CSW24_hsp,25,27,23.782000,20.063000,-3.719000,3j POEP
2375,CSW24_hsp,1,1,24.079000,19.644000,-4.435000,b4 WILD
2375,CSW24_hsp,2,2,17.731000,14.758000,-2.973000,14b MID
2375,CSW24_hsp,3,5,16.731000,14.096000,-2.635000,14b DIM
2375,CSW24_hsp,4,6,15.954000,12.864000,-3.090000,14b MIR
2375,CSW24_hsp,5,4,17.136000,12.194000,-4.942000,b4 MILD
2375,CSW24_hsp,6,3,17.281000,10.895000,-6.386000,b3 MIRID
2375,CSW24_hsp,7,9,12.360000,9.218000,-3.142000,e11 LEW
2375,CSW24_hsp,8,8,13.731000,8.840000,-4.891000,b5 MID
2375,CSW24_hsp,9,7,14.537000,8.247000,-6.290000,b4 IMID
2375,CSW24_hsp,10,13,11.588000,8.173000,-3.415000,14b MI
2375,CSW24_hsp,11,12,12.074000,7.521000,-4.553000,b5 LID
2375,CSW24_hsp,12,17,10.344000,7.080000,-3.264000,5d CWM
2375,CSW24_hsp,13,20,10.074000,6.799000,-3.275000,14b LID
2375,CSW24_hsp,14,21,9.954000,6.566000,-3.388000,5d CRIM
2375,CSW24_hsp,15,23,9.588000,6.195000,-3.393000,i1 RIMU
2375,CSW24_hsp,16,26,9.145000,6.066000,-3.079000,h6 DRAW
2375,CSW24_hsp,17,10,12.281000,5.433000,-6.848000,3l WAIL
2375,CSW24_hsp,18,11,12.281000,5.362000,-6.919000,3l WALI
2375,CSW24_hsp,19,22,9.945000,5.296000,-4.649000,b5 RID
2375,CSW24_hsp,20,29,8.344000,5.246000,-3.098000,h7 MAW
2375,CSW24_hsp,21,14,11.013000,5.126000,-5.887000,b4 IRID
2375,CSW24_hsp,22,28,8.588000,5.048000,-3.540000,5g MI
2375,CSW24_hsp,23,24,9.537000,4.816000,-4.721000,13k IMID
2375,CSW24_hsp,24,31,7.944000,4.521000,-3.423000,5f IWI
2375,CSW24_hsp,25,19,10.171000,4.256000,-5.915000,b11 MILIA
2313,CSW24_hsp,1,1,35.513000,37.551000,2.038000,n12 ODAL
2313,CSW24_hsp,2,2,33.886000,35.558000,1.672000,n11 DOTAL
2313,CSW24_hsp,3,3,33.390000,35.083000,1.693000,14l DULY
2313,CSW24_hsp,4,4,31.513000,33.476000,1.963000,11j LAD
2313,CSW24_hsp,5,5,31.180000,32.660000,1.480000,14k TRULY
2313,CSW24_hsp,6,7,30.513000,32.389000,1.876000,11j DAL
2313,CSW24_hsp,7,6,30.651000,32.006000,1.355000,k9 DRUPEL
2313,CSW24_hsp,8,8,30.092000,31.416000,1.324000,14k LARDY
2313,CSW24_hsp,9,11,29.158000,30.829000,1.671000,k10 URPED
2313,CSW24_hsp,10,12,29.158000,30.826000,1.668000,14l RUDY
2313,CSW24_hsp,11,13,29.158000,30.817000,1.659000,14l URDY
2313,CSW24_hsp,12,9,29.158000,30.762000,1.604000,k9 DRUPE
2313,CSW24_hsp,13,10,29.158000,30.735000,1.577000,k10 DUPER
2313,CSW24_hsp,14,14,28.917000,30.508000,1.591000,n11 ROTAL
2313,CSW24_hsp,15,16,28.242000,29.901000,1.659000,14l DUTY
2313,CSW24_hsp,16,15,28.358000,29.710000,1.352000,14k TARDY
2313,CSW24_hsp,17,21,27.390000,29.433000,2.043000,n11 TOLA
2313,CSW24_hsp,18,20,27.390000,29.386000,1.996000,n11 LOTA
2313,CSW24_hsp,19,19,27.409000,29.372000,1.963000,11j RAD
2313,CSW24_hsp,20,18,27.627000,29.056000,1.429000,k10 DUPE
2313,CSW24_hsp,21,17,27.955000,29.054000,1.099000,15f HOKED
2313,CSW24_hsp,22,22,27.158000,29.008000,1.850000,6d DUR
2313,CSW24_hsp,23,23,26.742000,28.705000,1.963000,n12 ODA
2313,CSW24_hsp,24,24,26.513000,28.500000,1.987000,11j TAD
2313,CSW24_hsp,25,25,26.513000,28.145000,1.632000,14l LADY
2209,CSW24_hsp,1,1,36.907000,37.038000,0.131000,5j WEX
2209,CSW24_hsp,2,2,34.907000,34.538000,-0.369000,c3 WEX
2209,CSW24_hsp,3,4,31.786000,32.226000,0.440000,5i PREX
2209,CSW24_hsp,4,3,32.433000,31.964000,-0.469000,14b WAUR
2209,CSW24_hsp,5,5,29.786000,29.661000,-0.125000,c2 PREX
2209,CSW24_hsp,6,6,25.234000,24.582000,-0.652000,c6 EX
2209,CSW24_hsp,7,7,23.965000,24.024000,0.059000,5j REX
2209,CSW24_hsp,8,8,23.930000,23.711000,-0.219000,5j PEW
2209,CSW24_hsp,9,9,21.965000,21.444000,-0.521000,c3 REX
2209,CSW24_hsp,10,10,21.234000,20.980000,-0.254000,5k EX
2209,CSW24_hsp,11,11,21.111000,20.714000,-0.397000,5j NEW
2209,CSW24_hsp,12,15,20.477000,20.364000,-0.113000,5i WREN
2209,CSW24_hsp,13,12,21.101000,20.083000,-1.018000,l7 UNWIRE
2209,CSW24_hsp,14,13,21.101000,20.040000,-1.061000,m8 WUNNER
2209,CSW24_hsp,15,14,20.849000,19.534000,-1.315000,7h PWN
2209,CSW24_hsp,16,16,20.174000,19.428000,-0.746000,14b WAE
2209,CSW24_hsp,17,17,19.796000,19.406000,-0.390000,5j REW
2209,CSW24_hsp,18,22,18.111000,17.645000,-0.466000,5j WEN
2209,CSW24_hsp,19,19,18.477000,17.533000,-0.944000,c2 WREN
2209,CSW24_hsp,20,18,18.849000,17.486000,-1.363000,b6 PWN
2209,CSW24_hsp,21,24,17.826000,16.879000,-0.947000,9l XU
2209,CSW24_hsp,22,20,18.113000,16.822000,-1.291000,l9 WIPER
2209,CSW24_hsp,23,23,17.826000,16.734000,-1.092000,c5 XU
2209,CSW24_hsp,24,25,17.676000,16.519000,-1.157000,c6 UP
2209,CSW24_hsp,25,21,18.113000,16.452000,-1.661000,n10 SPREW
2090,CSW24_hsp,1,1,60.305000,58.949000,-1.356000,1l FLEA
2090,CSW24_hsp,2,2,48.739000,47.156000,-1.583000,1l PLEA
2090,CSW24_hsp,3,3,46.445000,41.038000,-5.407000,8k IF
2090,CSW24_hsp,4,4,42.545000,38.942000,-3.603000,l1 FETAL
2090,CSW24_hsp,5,5,41.967000,37.514000,-4.453000,l1 PELF
2090,CSW24_hsp,6,9,39.012000,34.847000,-4.165000,l9 FLAP
2090,CSW24_hsp,7,10,38.884000,34.209000,-4.675000,l1 FEAL
2090,CSW24_hsp,8,6,40.445000,33.995000,-6.450000,9c FAM
2090,CSW24_hsp,9,14,37.951000,33.664000,-4.287000,8m FET
2090,CSW24_hsp,10,15,37.810000,33.589000,-4.221000,l5 SPIF
2090,CSW24_hsp,11,8,39.133000,33.358000,-5.775000,13l FAP
2090,CSW24_hsp,12,11,38.859000,33.148000,-5.711000,3m FA
2090,CSW24_hsp,13,7,40.012000,32.834000,-7.178000,13l FLAP
2090,CSW24_hsp,14,18,36.928000,32.337000,-4.591000,l1 FELT
2090,CSW24_hsp,15,20,36.923000,32.275000,-4.648000,l1 FETA
2090,CSW24_hsp,16,13,38.445000,32.239000,-6.206000,m2 IF
2090,CSW24_hsp,17,19,36.923000,32.223000,-4.700000,l1 FEAT
2090,CSW24_hsp,18,12,38.445000,32.195000,-6.250000,2d OF
2090,CSW24_hsp,19,21,36.859000,31.938000,-4.921000,1l FA
2090,CSW24_hsp,20,16,37.445000,31.907000,-5.538000,l1 FE
2090,CSW24_hsp,21,17,36.951000,31.711000,-5.240000,h11 FETCH
2090,CSW24_hsp,22,35,34.249000,30.868000,-3.381000,l1 PELFS
2090,CSW24_hsp,23,23,36.012000,30.797000,-5.215000,m1 PILAF
2090,CSW24_hsp,24,24,35.972000,30.616000,-5.356000,3l EF
2090,CSW24_hsp,25,28,35.222000,30.583000,-4.639000,l1 FEEL
2061,CSW24_hsp,1,1,30.802000,27.337000,-3.465000,j10 FAA
2061,CSW24_hsp,2,2,30.512000,27.106000,-3.406000,j10 FARO
2061,CSW24_hsp,3,3,29.837000,26.480000,-3.357000,j10 FIAT
2061,CSW24_hsp,4,4,28.780000,25.254000,-3.526000,l10 TAFIA
2061,CSW24_hsp,5,5,28.546000,25.186000,-3.360000,j10 FIAR
2061,CSW24_hsp,6,6,28.443000,24.733000,-3.710000,j10 FA
2061,CSW24_hsp,7,7,27.396000,23.582000,-3.814000,4h OAF
2061,CSW24_hsp,8,10,25.185000,21.721000,-3.464000,j10 FAT
2061,CSW24_hsp,9,12,24.730000,21.188000,-3.542000,j10 FAR
2061,CSW24_hsp,10,13,24.512000,20.775000,-3.737000,l11 AFRO
2061,CSW24_hsp,11,16,23.559000,20.075000,-3.484000,l10 TIFO
2061,CSW24_hsp,12,8,25.512000,18.872000,-6.640000,l12 FARO
2061,CSW24_hsp,13,9,25.512000,18.868000,-6.644000,l12 FORA
2061,CSW24_hsp,14,19,22.802000,18.635000,-4.167000,l12 FAA
2061,CSW24_hsp,15,20,21.956000,18.581000,-3.375000,j10 FART
2061,CSW24_hsp,16,11,24.837000,18.498000,-6.339000,l12 FIAT
2061,CSW24_hsp,17,21,21.780000,17.971000,-3.809000,j10 TAFIA
2061,CSW24_hsp,18,15,24.064000,17.920000,-6.144000,l11 IFTAR
2061,CSW24_hsp,19,14,24.064000,17.901000,-6.163000,l11 AFRIT
2061,CSW24_hsp,20,24,21.396000,17.416000,-3.980000,l11 OAF
2061,CSW24_hsp,21,26,20.816000,17.381000,-3.435000,j10 FIT
2061,CSW24_hsp,22,23,21.403000,17.367000,-4.036000,l11 AFAR
2061,CSW24_hsp,23,25,21.118000,17.349000,-3.769000,d4 FRITZ
2061,CSW24_hsp,24,18,23.546000,17.344000,-6.202000,l12 FIAR
2061,CSW24_hsp,25,17,23.546000,17.276000,-6.270000,l12 FAIR
2201,CSW24_hsp,1,1,55.446000,53.117000,-2.329000,b10 JOE
2201,CSW24_hsp,2,2,41.620000,39.291000,-2.329000,b10 JO
2201,CSW24_hsp,3,3,37.902000,36.406000,-1.496000,h1 JAPE
2201,CSW24_hsp,4,4,36.293000,33.934000,-2.359000,b10 JA
2201,CSW24_hsp,5,5,35.163000,32.131000,-3.032000,b8 RAJ
2201,CSW24_hsp,6,6,34.086000,29.931000,-4.155000,b5 AJEE
2201,CSW24_hsp,7,7,33.902000,29.539000,-4.363000,12a JANE
2201,CSW24_hsp,8,8,31.902000,29.259000,-2.643000,8a AJEE
2201,CSW24_hsp,9,9,31.446000,27.132000,-4.314000,b6 JOE
2201,CSW24_hsp,10,10,30.392000,26.110000,-4.282000,b6 JEE
2201,CSW24_hsp,11,11,28.086000,25.497000,-2.589000,5d AJEE
2201,CSW24_hsp,12,12,27.086000,23.898000,-3.188000,d4 AJEE
2201,CSW24_hsp,13,13,26.086000,23.004000,-3.082000,5c AJEE
2201,CSW24_hsp,14,14,24.086000,20.519000,-3.567000,4f AJEE
2201,CSW24_hsp,15,15,23.392000,19.880000,-3.512000,5e JEE
2201,CSW24_hsp,16,17,22.184000,19.022000,-3.162000,n10 ABORE
2201,CSW24_hsp,17,21,21.322000,18.909000,-2.413000,8a JEER
2201,CSW24_hsp,18,16,22.446000,18.805000,-3.641000,5d JOE
2201,CSW24_hsp,19,18,21.531000,18.159000,-3.372000,8a JEE
2201,CSW24_hsp,20,23,20.293000,18.004000,-2.289000,h1 JAP
2201,CSW24_hsp,21,20,21.392000,17.728000,-3.664000,5d JEE
2201,CSW24_hsp,22,19,21.446000,17.484000,-3.962000,4g JOE
2201,CSW24_hsp,23,27,19.163000,17.244000,-1.919000,1j RAJ
2201,CSW24_hsp,24,22,20.392000,16.400000,-3.992000,4g JEE
2201,CSW24_hsp,25,25,19.620000,16.225000,-3.395000,8a JOE
2370,CSW24_hsp,1,1,42.586000,38.338000,-4.248000,c9 FIX
2370,CSW24_hsp,2,2,41.112000,36.864000,-4.248000,c9 FOX
2370,CSW24_hsp,3,3,39.586000,34.931000,-4.655000,10a IF
2370,CSW24_hsp,4,4,38.497000,34.378000,-4.119000,15a FOP
2370,CSW24_hsp,5,6,37.930000,34.104000,-3.826000,13b FINO
2370,CSW24_hsp,6,5,38.320000,34.064000,-4.256000,15a FOU
2370,CSW24_hsp,7,7,37.815000,33.272000,-4.543000,a6 FORPIT
2370,CSW24_hsp,8,8,37.815000,33.206000,-4.609000,a6 PROFIT
2370,CSW24_hsp,9,9,35.586000,31.484000,-4.102000,13b FIN
2370,CSW24_hsp,10,10,34.505000,30.256000,-4.249000,15a FUR
2370,CSW24_hsp,11,11,34.112000,30.010000,-4.102000,13b FON
2370,CSW24_hsp,12,15,33.887000,29.715000,-4.172000,a7 SPORTIF
2370,CSW24_hsp,13,13,33.887000,29.663000,-4.224000,a6 FORPITS
2370,CSW24_hsp,14,14,33.887000,29.597000,-4.290000,a6 PROFITS
2370,CSW24_hsp,15,12,34.020000,29.571000,-4.449000,c9 PIX
2370,CSW24_hsp,16,17,33.440000,29.103000,-4.337000,15a OUP
2370,CSW24_hsp,17,16,33.587000,28.896000,-4.691000,a7 FRUIT
2370,CSW24_hsp,18,19,32.930000,28.852000,-4.078000,13a FOIN
2370,CSW24_hsp,19,20,32.682000,28.232000,-4.450000,c9 POX
2370,CSW24_hsp,20,21,31.497000,27.210000,-4.287000,6i POOF
2370,CSW24_hsp,21,18,33.315000,26.571000,-6.744000,2i PFUI
2370,CSW24_hsp,22,22,31.325000,26.367000,-4.958000,10a UP
2370,CSW24_hsp,23,26,29.112000,24.558000,-4.554000,6i FOO
2370,CSW24_hsp,24,24,29.174000,24.474000,-4.700000,a6 ROUPIT
2370,CSW24_hsp,25,27,28.675000,24.387000,-4.288000,15a FOR
2314,CSW24_hsp,1,1,22.127000,20.183000,-1.944000,2f BOG
2314,CSW24_hsp,2,2,21.607000,19.985000,-1.622000,h1 GLED
2314,CSW24_hsp,3,3,19.901000,18.027000,-1.874000,2f BOT
2314,CSW24_hsp,4,4,19.401000,17.586000,-1.815000,i11 LIB
2314,CSW24_hsp,5,6,19.041000,16.655000,-2.386000,2f BAL
2314,CSW24_hsp,6,9,18.175000,16.629000,-1.546000,i11 GIB
2314,CSW24_hsp,7,7,18.613000,16.496000,-2.117000,2f LOG
2314,CSW24_hsp,8,8,18.416000,16.458000,-1.958000,2f BAG
2314,CSW24_hsp,9,10,18.127000,16.449000,-1.678000,2f GOB
2314,CSW24_hsp,10,11,17.935000,16.284000,-1.651000,2f GOT
2314,CSW24_hsp,11,12,17.401000,15.987000,-1.414000,h1 BLED
2314,CSW24_hsp,12,5,19.305000,15.286000,-4.019000,d1 BLAG
2314,CSW24_hsp,13,14,17.041000,15.197000,-1.844000,2d LAB
2314,CSW24_hsp,14,13,17.169000,15.051000,-2.118000,2f GAL
2314,CSW24_hsp,15,15,15.894000,14.012000,-1.882000,2f BAT
2314,CSW24_hsp,16,16,15.805000,13.786000,-2.019000,2f LOB
2314,CSW24_hsp,17,19,15.169000,13.395000,-1.774000,2d LAG
2314,CSW24_hsp,18,18,15.398000,13.363000,-2.035000,e2 GLOBAL
2314,CSW24_hsp,19,21,14.901000,13.326000,-1.575000,4d BOT
2314,CSW24_hsp,20,20,14.935000,13.094000,-1.841000,4d GOT
2314,CSW24_hsp,21,23,14.416000,12.751000,-1.665000,2f GAB
2314,CSW24_hsp,22,26,13.826000,12.202000,-1.624000,d2 BALLOT
2314,CSW24_hsp,23,25,13.894000,11.886000,-2.008000,2d TAB
2314,CSW24_hsp,24,24,13.935000,11.839000,-2.096000,2f TOG
2314,CSW24_hsp,25,17,15.613000,11.096000,-4.517000,d1 GOAL
2376,CSW24_hsp,1,1,63.924000,66.351000,2.427000,13m XI
2376,CSW24_hsp,2,2,58.010000,60.312000,2.302000,n2 WEX
2376,CSW24_hsp,3,5,53.897000,56.976000,3.079000,e9 INWIT
2376,CSW24_hsp,4,6,53.638000,56.946000,3.308000,e9 INVITE
2376,CSW24_hsp,5,4,54.312000,56.869000,2.557000,n2 VEX
2376,CSW24_hsp,6,3,54.909000,56.842000,1.933000,m3 WIVE
2376,CSW24_hsp,7,7,52.997000,55.653000,2.656000,l2 VEXIL
2376,CSW24_hsp,8,8,52.897000,55.319000,2.422000,13l IWI
2376,CSW24_hsp,9,9,49.000000,51.628000,2.628000,7l EX
2376,CSW24_hsp,10,11,48.909000,50.228000,1.319000,m4 VIEW
2376,CSW24_hsp,11,10,48.924000,50.087000,1.163000,n2 XI
2376,CSW24_hsp,12,12,47.180000,50.029000,2.849000,3f WIVE
2376,CSW24_hsp,13,14,46.010000,48.536000,2.526000,m3 WEXE
2376,CSW24_hsp,14,17,45.924000,46.836000,0.912000,13k XI
2376,CSW24_hsp,15,16,45.924000,46.795000,0.871000,13j XI
2376,CSW24_hsp,16,15,45.924000,46.590000,0.666000,n12 SIX
2376,CSW24_hsp,17,13,46.909000,45.028000,-1.881000,f1 WIVE
2376,CSW24_hsp,18,18,44.514000,44.702000,0.188000,f13 IWI
2376,CSW24_hsp,19,22,42.924000,44.148000,1.224000,m5 WEX
2376,CSW24_hsp,20,24,42.333000,43.993000,1.660000,7l EW
2376,CSW24_hsp,21,19,44.133000,43.989000,-0.144000,15d sWIVE
2376,CSW24_hsp,22,27,41.499000,43.167000,1.668000,f12 WIVE
2376,CSW24_hsp,23,28,41.333000,43.148000,1.815000,5e EW
2376,CSW24_hsp,24,25,41.897000,42.957000,1.060000,3e IWI
2376,CSW24_hsp,25,23,42.514000,42.920000,0.406000,k4 IWI
2225,CSW24_hsp,1,1,64.964000,67.028000,2.064000,14c PERM
2225,CSW24_hsp,2,3,59.974000,61.615000,1.641000,14c REAM
2225,CSW24_hsp,3,2,60.254000,60.992000,0.738000,14d ERM
2225,CSW24_hsp,4,4,58.568000,59.442000,0.874000,3k MAP
2225,CSW24_hsp,5,5,58.568000,59.331000,0.763000,3k PAM
2225,CSW24_hsp,6,8,57.340000,59.022000,1.682000,3k TAMP
2225,CSW24_hsp,7,7,58.349000,58.832000,0.483000,14f MAN
2225,CSW24_hsp,8,6,58.512000,58.825000,0.313000,b12 TEMP
2225,CSW24_hsp,9,9,57.111000,58.731000,1.620000,3k PARM
2225,CSW24_hsp,10,10,56.568000,57.411000,0.843000,c7 MAP
2225,CSW24_hsp,11,13,55.111000,56.713000,1.602000,3k RAMP
2225,CSW24_hsp,12,12,55.796000,56.272000,0.476000,14f MEN
2225,CSW24_hsp,13,11,55.865000,56.238000,0.373000,3k MAT
2225,CSW24_hsp,14,15,55.109000,55.861000,0.752000,14c PEAT
2225,CSW24_hsp,15,14,55.109000,55.392000,0.283000,3k PAT
2225,CSW24_hsp,16,16,54.493000,55.191000,0.698000,14c PERT
2225,CSW24_hsp,17,19,53.800000,55.024000,1.224000,3k PART
2225,CSW24_hsp,18,24,52.800000,54.715000,1.915000,f10 APTER
2225,CSW24_hsp,19,52,50.906000,54.559000,3.653000,f10 AMPERE
2225,CSW24_hsp,20,18,53.865000,54.265000,0.400000,c7 MAT
2225,CSW24_hsp,21,25,52.767000,54.208000,1.441000,3k MART
2225,CSW24_hsp,22,20,53.635000,54.061000,0.426000,f13 EM
2225,CSW24_hsp,23,17,53.865000,53.991000,0.126000,3k TAM
2225,CSW24_hsp,24,23,52.964000,53.806000,0.842000,f11 PREM
2225,CSW24_hsp,25,36,51.847000,53.528000,1.681000,c6 PERM
2213,CSW24_hsp,1,1,24.869000,21.969000,-2.900000,b2 OCARINAS
2213,CSW24_hsp,2,2,22.965000,21.830000,-1.135000,d11 RAI
2213,CSW24_hsp,3,3,21.512000,19.538000,-1.974000,13k CORIA
2213,CSW24_hsp,4,4,20.944000,19.285000,-1.659000,7d RIA
2213,CSW24_hsp,5,5,20.837000,19.067000,-1.770000,7d RICIN
2213,CSW24_hsp,6,6,20.584000,18.749000,-1.835000,7h ROT
2213,CSW24_hsp,7,8,20.385000,18.442000,-1.943000,k3 RECOIN
2213,CSW24_hsp,8,7,20.393000,17.864000,-2.529000,11c GREW
2213,CSW24_hsp,9,13,19.512000,17.500000,-2.012000,5k ARCO
2213,CSW24_hsp,10,25,18.584000,17.380000,-1.204000,g13 OOR
2213,CSW24_hsp,11,18,19.001000,17.249000,-1.752000,13k RORIC
2213,CSW24_hsp,12,26,18.354000,17.186000,-1.168000,d6 COAX
2213,CSW24_hsp,13,20,18.944000,17.103000,-1.841000,7h RAT
2213,CSW24_hsp,14,17,19.008000,17.081000,-1.927000,h1 CARL
2213,CSW24_hsp,15,19,18.944000,17.016000,-1.928000,5j INRO
2213,CSW24_hsp,16,15,19.393000,16.868000,-2.525000,m7 REF
2213,CSW24_hsp,17,14,19.393000,16.856000,-2.537000,g3 RAY
2213,CSW24_hsp,18,28,18.296000,16.849000,-1.447000,3k ROC
2213,CSW24_hsp,19,27,18.296000,16.836000,-1.460000,3k ORC
2213,CSW24_hsp,20,21,18.646000,16.731000,-1.915000,h1 CIRL
2213,CSW24_hsp,21,24,18.584000,16.604000,-1.980000,g12 ROO
2213,CSW24_hsp,22,23,18.584000,16.567000,-2.017000,7a OR
2213,CSW24_hsp,23,22,18.584000,16.559000,-2.025000,5j OR
2213,CSW24_hsp,24,30,18.041000,16.555000,-1.486000,7h ROTI
2213,CSW24_hsp,25,35,17.646000,16.458000,-1.188000,7g CRIT
