pos,model,pat_rank,static_rank,static_eq,pat_eq,pat_adj,move
1049,CSW24,1,1,34.576000,27.995000,-6.581000,h1 FEWER
1049,CSW24,2,2,28.746000,21.660000,-7.086000,c3 JEWIE
1049,CSW24,3,3,27.430000,20.608000,-6.822000,h1 DOWER
1049,CSW24,4,6,26.242000,19.368000,-6.874000,h1 DEFER
1049,CSW24,5,4,27.355000,19.257000,-8.098000,i1 WOF
1049,CSW24,6,5,26.355000,19.092000,-7.263000,12d WOF
1049,CSW24,7,7,25.207000,18.058000,-7.149000,12h FEOD
1049,CSW24,8,8,24.871000,17.752000,-7.119000,12k FEW
1049,CSW24,9,11,24.079000,17.297000,-6.782000,i2 EF
1049,CSW24,10,10,24.242000,17.082000,-7.160000,12h FEED
1049,CSW24,11,9,24.355000,17.082000,-7.273000,12k WOF
1049,CSW24,12,12,23.586000,16.294000,-7.292000,12h WEED
1049,CSW24,13,13,23.184000,16.112000,-7.072000,12k DOWF
1049,CSW24,14,18,21.323000,14.433000,-6.890000,i2 OF
1049,CSW24,15,14,22.079000,14.433000,-7.646000,12h FE
1049,CSW24,16,19,21.079000,14.153000,-6.926000,2n EF
1049,CSW24,17,15,21.724000,13.924000,-7.800000,i1 DEF
1049,CSW24,18,17,21.330000,13.851000,-7.479000,12h FOE
1049,CSW24,19,24,20.184000,13.345000,-6.839000,10k DOWF
1049,CSW24,20,16,21.430000,13.318000,-8.112000,c9 VOWED
1049,CSW24,21,20,20.760000,13.227000,-7.533000,12h WOE
1049,CSW24,22,23,20.386000,13.135000,-7.251000,4d JO
1049,CSW24,23,22,20.430000,12.923000,-7.507000,12j OWED
1049,CSW24,24,26,19.871000,12.814000,-7.057000,j8 WEFT
1049,CSW24,25,25,20.054000,12.680000,-7.374000,c3 JEDI
472,CSW24,1,1,27.917000,18.675000,-9.242000,f6 JOuRNO
472,CSW24,2,3,25.909000,18.223000,-7.686000,j6 JOIN
472,CSW24,3,2,26.086000,18.056000,-8.030000,k4 JOINT
472,CSW24,4,7,24.104000,16.560000,-7.544000,f6 JOuR
472,CSW24,5,6,25.103000,16.037000,-9.066000,j6 JOINER
472,CSW24,6,5,25.522000,15.982000,-9.540000,9c JOINER
472,CSW24,7,4,25.522000,15.836000,-9.686000,k4 JOINTER
472,CSW24,8,8,23.103000,14.454000,-8.649000,j4 REJOIN
472,CSW24,9,10,22.086000,12.252000,-9.834000,9c JOIN
472,CSW24,10,9,22.086000,10.700000,-11.386000,7c JOIN
472,CSW24,11,15,17.310000,10.399000,-6.911000,9h RONEO
472,CSW24,12,14,17.447000,10.182000,-7.265000,f6 JEu
472,CSW24,13,19,16.874000,9.948000,-6.926000,i6 JOL
472,CSW24,14,22,16.008000,9.346000,-6.662000,7e JOE
472,CSW24,15,25,15.680000,8.974000,-6.706000,9i ONIE
472,CSW24,16,11,21.780000,8.876000,-12.904000,g3 JOINER
472,CSW24,17,24,15.874000,8.412000,-7.462000,7e JO
472,CSW24,18,18,16.874000,8.398000,-8.476000,g6 JOR
472,CSW24,19,23,15.874000,8.297000,-7.577000,k6 JOT
472,CSW24,20,36,12.741000,6.979000,-5.762000,9h ION
472,CSW24,21,21,16.380000,6.971000,-9.409000,g8 ROJI
472,CSW24,22,17,17.036000,6.661000,-10.375000,9c JEON
472,CSW24,23,58,11.579000,6.179000,-5.400000,7g OI
472,CSW24,24,20,16.506000,6.142000,-10.364000,l8 HEROIN
472,CSW24,25,47,11.967000,6.078000,-5.889000,9h NOO
949,CSW24,1,1,28.572000,24.174000,-4.398000,h6 OUPA
949,CSW24,2,2,24.572000,19.797000,-4.775000,11k OAF
949,CSW24,3,3,24.169000,17.092000,-7.077000,n11 IOTA
949,CSW24,4,5,19.770000,15.483000,-4.287000,n11 AA
949,CSW24,5,7,18.770000,13.592000,-5.178000,6j AA
949,CSW24,6,12,17.702000,13.453000,-4.249000,n11 IO
949,CSW24,7,9,18.169000,12.869000,-5.300000,l11 IOTA
949,CSW24,8,8,18.512000,12.488000,-6.024000,n11 AERO
949,CSW24,9,14,16.698000,12.138000,-4.560000,n5 TOEA
949,CSW24,10,13,16.702000,11.410000,-5.292000,6j IO
949,CSW24,11,15,15.001000,10.825000,-4.176000,6n AM
949,CSW24,12,4,19.917000,10.719000,-9.198000,n2 AORTAE
949,CSW24,13,10,18.064000,10.704000,-7.360000,n12 AIA
949,CSW24,14,17,14.443000,10.162000,-4.281000,n11 AE
949,CSW24,15,18,14.443000,10.022000,-4.421000,n11 EA
949,CSW24,16,20,13.768000,9.616000,-4.152000,6n OM
949,CSW24,17,22,13.702000,9.520000,-4.182000,l11 OI
949,CSW24,18,21,13.702000,9.309000,-4.393000,l11 IO
949,CSW24,19,16,14.766000,9.031000,-5.735000,n12 AI
949,CSW24,20,23,13.698000,8.961000,-4.737000,l11 OAT
949,CSW24,21,11,17.871000,8.284000,-9.587000,n11 AARTI
949,CSW24,22,27,13.443000,8.038000,-5.405000,6j EA
949,CSW24,23,29,12.572000,7.982000,-4.590000,ex AO
949,CSW24,24,34,11.970000,7.486000,-4.484000,l11 OAR
949,CSW24,25,35,11.970000,7.221000,-4.749000,l11 ORA
863,CSW24,1,4,23.439000,12.928000,-10.511000,k9 WOW
863,CSW24,2,2,23.694000,12.040000,-11.654000,8m TWP
863,CSW24,3,3,23.439000,11.686000,-11.753000,4l WAW
863,CSW24,4,1,23.837000,10.732000,-13.105000,5j TWIRP
863,CSW24,5,5,23.409000,10.142000,-13.267000,n7 WITS
863,CSW24,6,6,21.837000,9.227000,-12.610000,6j TWIRP
863,CSW24,7,10,18.439000,7.165000,-11.274000,i9 WAW
863,CSW24,8,12,18.439000,6.922000,-11.517000,h10 EWW
863,CSW24,9,7,20.388000,6.898000,-13.490000,i9 WAPITI
863,CSW24,10,8,19.816000,6.809000,-13.007000,n2 WIT
863,CSW24,11,11,18.439000,6.697000,-11.742000,l9 WoW
863,CSW24,12,14,16.028000,6.005000,-10.023000,9i PIT
863,CSW24,13,19,15.694000,5.205000,-10.489000,k9 POW
863,CSW24,14,20,15.694000,4.763000,-10.931000,k9 WOP
863,CSW24,15,9,18.816000,4.683000,-14.133000,4l WAIT
863,CSW24,16,18,15.694000,4.585000,-11.109000,4l WAP
863,CSW24,17,15,16.013000,4.271000,-11.742000,4i PITSAW
863,CSW24,18,17,15.694000,4.010000,-11.684000,4l PAW
863,CSW24,19,13,17.816000,3.893000,-13.923000,n7 WIT
863,CSW24,20,28,14.167000,3.321000,-10.846000,l8 SWoPT
863,CSW24,21,27,14.397000,3.290000,-11.107000,9i PITIES
863,CSW24,22,31,13.751000,2.777000,-10.974000,l9 WoWS
863,CSW24,23,26,14.439000,2.752000,-11.687000,13c EWW
863,CSW24,24,23,14.607000,2.730000,-11.877000,4l WAI
863,CSW24,25,29,13.837000,2.349000,-11.488000,13b PEWIT
49,CSW24,1,1,32.715000,24.739000,-7.976000,h10 BULKED
49,CSW24,2,2,29.598000,23.464000,-6.134000,11i KUDU
49,CSW24,3,3,26.164000,17.860000,-8.304000,h10 BLUDIE
49,CSW24,4,4,24.885000,16.785000,-8.100000,h10 BILKED
49,CSW24,5,5,19.969000,14.623000,-5.346000,c11 KUE
49,CSW24,6,7,18.969000,12.834000,-6.135000,11i KUE
49,CSW24,7,8,18.053000,11.487000,-6.566000,11i DUKE
49,CSW24,8,6,19.598000,11.348000,-8.250000,9j KUDU
49,CSW24,9,9,16.715000,10.060000,-6.655000,13b LUSKED
49,CSW24,10,10,15.626000,9.558000,-6.068000,e11 DUI
49,CSW24,11,14,14.969000,9.061000,-5.908000,11i EUK
49,CSW24,12,12,15.193000,8.872000,-6.321000,6b KUe
49,CSW24,13,13,15.193000,8.689000,-6.504000,6d eUK
49,CSW24,14,11,15.598000,8.672000,-6.926000,c4 KUDU
49,CSW24,15,15,14.626000,8.628000,-5.998000,c11 DUI
49,CSW24,16,16,13.969000,7.659000,-6.310000,c12 EUK
49,CSW24,17,18,13.626000,7.569000,-6.057000,11i DUI
49,CSW24,18,17,13.801000,7.330000,-6.471000,11j ULU
49,CSW24,19,19,12.969000,6.483000,-6.486000,11j EUK
49,CSW24,20,20,12.969000,6.153000,-6.816000,11j UKE
49,CSW24,21,22,12.089000,5.841000,-6.248000,c11 DUEL
49,CSW24,22,27,11.619000,5.644000,-5.975000,c11 LIEU
49,CSW24,23,26,11.801000,5.611000,-6.190000,c10 ULU
49,CSW24,24,28,11.089000,5.031000,-6.058000,c11 LEUD
49,CSW24,25,35,10.893000,4.989000,-5.904000,13b LUSK
500,CSW24,1,1,38.649000,31.603000,-7.046000,g2 OXEN
500,CSW24,2,3,30.364000,23.529000,-6.835000,3i IXNAY
500,CSW24,3,2,33.457000,22.411000,-11.046000,m1 NIX
500,CSW24,4,4,28.903000,20.160000,-8.743000,m7 XI
500,CSW24,5,8,25.758000,19.639000,-6.119000,e3 NIX
500,CSW24,6,9,25.364000,16.893000,-8.471000,11f NIXY
500,CSW24,7,12,24.734000,16.551000,-8.183000,8l TYIN
500,CSW24,8,11,24.734000,16.503000,-8.231000,8l TIYN
500,CSW24,9,10,24.734000,16.485000,-8.249000,8l TINY
500,CSW24,10,6,27.649000,16.409000,-11.240000,m1 NOX
500,CSW24,11,13,23.785000,15.923000,-7.862000,g2 OYE
500,CSW24,12,5,28.364000,15.333000,-13.031000,9a NIXY
500,CSW24,13,14,23.698000,14.711000,-8.987000,m2 OX
500,CSW24,14,7,25.825000,14.393000,-11.432000,m1 OXY
500,CSW24,15,15,22.734000,14.073000,-8.661000,6b YIN
500,CSW24,16,17,21.478000,13.309000,-8.169000,5j YOGIN
500,CSW24,17,16,21.734000,13.301000,-8.433000,m2 YIN
500,CSW24,18,20,20.478000,11.308000,-9.170000,11f YONI
500,CSW24,19,23,19.825000,11.059000,-8.766000,6k ORYX
500,CSW24,20,25,19.303000,10.959000,-8.344000,8l TONY
500,CSW24,21,31,17.111000,10.501000,-6.610000,e3 YIN
500,CSW24,22,18,21.158000,10.182000,-10.976000,5j YOGINI
500,CSW24,23,32,17.111000,9.928000,-7.183000,g3 YEN
500,CSW24,24,19,20.555000,9.459000,-11.096000,k1 ONYX
500,CSW24,25,26,18.825000,9.047000,-9.778000,9b OXY
670,CSW24,1,1,31.400000,26.548000,-4.852000,f4 PIQUED
670,CSW24,2,2,30.814000,25.813000,-5.001000,f4 PIQUE
670,CSW24,3,4,26.067000,21.967000,-4.100000,f6 QUEP
670,CSW24,4,3,26.936000,21.224000,-5.712000,e3 DIQUAT
670,CSW24,5,5,25.814000,20.764000,-5.050000,7c QUIP
670,CSW24,6,7,23.049000,18.861000,-4.188000,9c QUID
670,CSW24,7,6,23.049000,18.059000,-4.990000,7c QUID
670,CSW24,8,9,20.838000,16.509000,-4.329000,9c QUAD
670,CSW24,9,10,20.651000,16.377000,-4.274000,e5 QUIT
670,CSW24,10,8,20.838000,15.859000,-4.979000,7c QUAD
670,CSW24,11,12,18.968000,14.733000,-4.235000,7d QUAI
670,CSW24,12,13,18.835000,14.152000,-4.683000,e5 QUAT
670,CSW24,13,16,17.367000,12.140000,-5.227000,7d DUP
670,CSW24,14,18,16.835000,12.044000,-4.791000,9c QUA
670,CSW24,15,20,15.933000,11.590000,-4.343000,7e UP
670,CSW24,16,17,16.835000,11.448000,-5.387000,7c QUA
670,CSW24,17,19,16.367000,11.294000,-5.073000,7d PUD
670,CSW24,18,15,17.765000,11.172000,-6.593000,f8 EUPAD
670,CSW24,19,14,17.779000,11.116000,-6.663000,g7 PFUI
670,CSW24,20,21,15.603000,10.020000,-5.583000,e8 TAPU
670,CSW24,21,23,14.367000,8.888000,-5.479000,f5 DUPE
670,CSW24,22,22,14.779000,8.884000,-5.895000,7c PIU
670,CSW24,23,11,19.853000,8.603000,-11.250000,7a QUIPU
670,CSW24,24,29,12.980000,8.385000,-4.595000,9c QAID
670,CSW24,25,25,13.192000,8.368000,-4.824000,7d PADI
626,CSW24,1,1,47.667000,44.378000,-3.289000,a13 WIZ
626,CSW24,2,2,42.384000,39.091000,-3.293000,a13 ZIT
626,CSW24,3,3,37.667000,33.568000,-4.099000,3i WIZ
626,CSW24,4,4,37.667000,30.647000,-7.020000,c13 WIZ
626,CSW24,5,5,33.384000,30.063000,-3.321000,a13 TIZ
626,CSW24,6,7,32.277000,28.575000,-3.702000,a13 WIT
626,CSW24,7,8,31.385000,27.714000,-3.671000,a13 WET
626,CSW24,8,12,30.385000,26.982000,-3.403000,3i WET
626,CSW24,9,9,31.277000,26.930000,-4.347000,3i WIT
626,CSW24,10,6,32.510000,26.257000,-6.253000,d1 WIZEN
626,CSW24,11,15,29.484000,25.908000,-3.576000,a12 ETIC
626,CSW24,12,14,29.619000,25.304000,-4.315000,3i WITE
626,CSW24,13,19,28.385000,24.618000,-3.767000,a13 TEW
626,CSW24,14,17,29.385000,24.418000,-4.967000,i11 WET
626,CSW24,15,18,28.494000,24.334000,-4.160000,k3 WAZ
626,CSW24,16,16,29.385000,24.242000,-5.143000,i11 TEW
626,CSW24,17,10,31.277000,23.814000,-7.463000,c13 WIT
626,CSW24,18,20,27.451000,23.485000,-3.966000,6i TWIT
626,CSW24,19,21,26.989000,23.080000,-3.909000,6i TWICE
626,CSW24,20,13,30.385000,22.922000,-7.463000,c13 WET
626,CSW24,21,25,26.371000,22.698000,-3.673000,3i CIT
626,CSW24,22,24,26.384000,22.198000,-4.186000,f2 ZITI
626,CSW24,23,26,25.371000,21.411000,-3.960000,a13 TIC
626,CSW24,24,11,31.104000,21.140000,-9.964000,i11 TEWIT
626,CSW24,25,27,25.104000,21.119000,-3.985000,6i TWITE
782,CSW24,1,1,98.000000,90.719000,-7.281000,o5 POTHERED
782,CSW24,2,2,95.000000,87.716000,-7.284000,o7 POTHERED
782,CSW24,3,3,86.000000,72.491000,-13.509000,m6 TROPHIED
782,CSW24,4,4,82.000000,61.572000,-20.428000,n8 POTSHERD
782,CSW24,5,5,49.438000,41.288000,-8.150000,o11 EPHOD
782,CSW24,6,6,48.974000,39.483000,-9.491000,12l DOTH
782,CSW24,7,7,46.438000,38.276000,-8.162000,o8 HOPED
782,CSW24,8,8,46.438000,38.249000,-8.189000,o8 POHED
782,CSW24,9,10,43.208000,35.014000,-8.194000,o11 EPHOR
782,CSW24,10,9,43.301000,34.836000,-8.465000,o10 DEHORT
782,CSW24,11,11,41.077000,32.862000,-8.215000,o7 THREEP
782,CSW24,12,12,39.980000,31.574000,-8.406000,o7 POTHER
782,CSW24,13,13,38.466000,29.937000,-8.529000,o10 DEPORT
782,CSW24,14,14,38.284000,29.391000,-8.893000,o7 TOPHE
782,CSW24,15,15,38.067000,29.234000,-8.833000,o6 OTHERED
782,CSW24,16,17,37.208000,28.919000,-8.289000,o8 HOPER
782,CSW24,17,16,37.301000,28.781000,-8.520000,o7 THROED
782,CSW24,18,18,36.980000,28.016000,-8.964000,o6 THORPE
782,CSW24,19,21,35.888000,27.449000,-8.439000,o8 TOPED
782,CSW24,20,20,35.888000,27.370000,-8.518000,o8 POTED
782,CSW24,21,19,35.888000,27.264000,-8.624000,o8 OPTED
782,CSW24,22,23,35.466000,27.115000,-8.351000,o7 TROPED
782,CSW24,23,22,35.466000,27.003000,-8.463000,o7 PORTED
782,CSW24,24,24,35.466000,26.877000,-8.589000,o10 REDTOP
782,CSW24,25,26,35.077000,26.689000,-8.388000,o7 PETHER
679,CSW24,1,1,27.139000,22.576000,-4.563000,f6 QADI
679,CSW24,2,2,12.102000,7.608000,-4.494000,10b AINEE
679,CSW24,3,3,8.029000,4.374000,-3.655000,10e AE
679,CSW24,4,5,6.409000,2.440000,-3.969000,10d NAE
679,CSW24,5,4,6.409000,2.033000,-4.376000,10d EAN
679,CSW24,6,7,4.298000,0.529000,-3.769000,10e EE
679,CSW24,7,11,4.029000,-0.017000,-4.046000,h7 ANE
679,CSW24,8,10,4.095000,-0.941000,-5.036000,h6 AINEE
679,CSW24,9,15,2.904000,-1.063000,-3.967000,10d NEE
679,CSW24,10,12,3.920000,-1.118000,-5.038000,h5 INANE
679,CSW24,11,9,4.095000,-1.168000,-5.263000,h6 AENEI
679,CSW24,12,16,2.428000,-1.366000,-3.794000,ex AAEQ
679,CSW24,13,14,2.904000,-1.389000,-4.293000,10d EEN
679,CSW24,14,19,2.119000,-1.675000,-3.794000,ex AAEIQ
679,CSW24,15,17,2.409000,-1.735000,-4.144000,h6 NANE
679,CSW24,16,22,1.981000,-1.813000,-3.794000,ex AEIQ
679,CSW24,17,6,5.252000,-2.047000,-7.299000,f6 AEDINE
679,CSW24,18,18,2.125000,-2.201000,-4.326000,h6 AINE
679,CSW24,19,25,1.084000,-2.710000,-3.794000,ex AEQ
679,CSW24,20,26,1.014000,-2.780000,-3.794000,ex AEEIQ
679,CSW24,21,27,1.001000,-2.793000,-3.794000,ex AEEQ
679,CSW24,22,28,0.854000,-2.940000,-3.794000,ex AAEINQ
679,CSW24,23,24,1.920000,-3.068000,-4.988000,10b EINA
679,CSW24,24,29,0.683000,-3.111000,-3.794000,ex AAEEQ
679,CSW24,25,31,0.298000,-3.517000,-3.815000,h7 ENE
942,CSW24,1,1,40.107000,30.502000,-9.605000,15a EILD
942,CSW24,2,2,39.042000,29.626000,-9.416000,15a ELF
942,CSW24,3,3,37.099000,27.726000,-9.373000,15a EW
942,CSW24,4,4,33.775000,24.426000,-9.349000,15a EF
942,CSW24,5,5,31.380000,21.708000,-9.672000,e11 FLIP
942,CSW24,6,6,30.571000,20.955000,-9.616000,15a ELD
942,CSW24,7,7,29.870000,20.056000,-9.814000,e11 FLEW
942,CSW24,8,8,28.380000,18.588000,-9.792000,k8 FLIP
942,CSW24,9,9,27.747000,18.347000,-9.400000,e2 WHIP
942,CSW24,10,10,27.644000,18.301000,-9.343000,e11 FEW
942,CSW24,11,12,26.702000,17.297000,-9.405000,15a ED
942,CSW24,12,11,26.870000,16.937000,-9.933000,k8 FLEW
942,CSW24,13,15,24.380000,14.751000,-9.629000,c12 FLIP
942,CSW24,14,13,24.644000,14.527000,-10.117000,b13 FEW
942,CSW24,15,18,23.258000,14.439000,-8.819000,f2 WOF
942,CSW24,16,19,23.101000,14.337000,-8.764000,f2 WOP
942,CSW24,17,16,23.717000,13.837000,-9.880000,e11 FELID
942,CSW24,18,17,23.717000,13.728000,-9.989000,e11 FLIED
942,CSW24,19,20,23.099000,13.632000,-9.467000,2e EW
942,CSW24,20,21,23.026000,13.578000,-9.448000,e2 WHELP
942,CSW24,21,24,22.441000,13.477000,-8.964000,11c WIFED
942,CSW24,22,22,23.026000,13.317000,-9.709000,k8 PLEW
942,CSW24,23,23,22.870000,12.797000,-10.073000,c12 FLEW
942,CSW24,24,25,22.134000,12.786000,-9.348000,15a EL
942,CSW24,25,14,24.556000,12.680000,-11.876000,o11 PEW
160,CSW24,1,1,44.180000,36.417000,-7.763000,14b JERID
160,CSW24,2,2,42.180000,35.144000,-7.036000,6b JIRD
160,CSW24,3,3,38.057000,30.411000,-7.646000,14b JEDI
160,CSW24,4,4,36.853000,28.230000,-8.623000,14b JERIDS
160,CSW24,5,6,35.180000,28.113000,-7.067000,d12 DID
160,CSW24,6,5,35.235000,27.816000,-7.419000,12b JIRD
160,CSW24,7,8,33.180000,26.769000,-6.411000,9g RAJ
160,CSW24,8,7,33.705000,25.514000,-8.191000,14b JEDIS
160,CSW24,9,10,30.820000,23.944000,-6.876000,9f DRAD
160,CSW24,10,11,30.278000,23.029000,-7.249000,d12 DAD
160,CSW24,11,12,29.689000,22.597000,-7.092000,d10 RID
160,CSW24,12,9,31.191000,22.580000,-8.611000,14b REDID
160,CSW24,13,13,29.146000,22.055000,-7.091000,d12 DARI
160,CSW24,14,16,27.211000,20.128000,-7.083000,d10 RAD
160,CSW24,15,14,28.080000,19.545000,-8.535000,6i AJI
160,CSW24,16,18,26.146000,19.359000,-6.787000,9f DARI
160,CSW24,17,19,26.069000,19.057000,-7.012000,d12 DADS
160,CSW24,18,20,25.858000,18.613000,-7.245000,d12 DI
160,CSW24,19,22,25.278000,18.414000,-6.864000,d10 SADI
160,CSW24,20,23,25.278000,18.349000,-6.929000,d10 SIDA
160,CSW24,21,15,27.820000,18.264000,-9.556000,14b READD
160,CSW24,22,17,27.057000,18.206000,-8.851000,h6 JERID
160,CSW24,23,21,25.399000,17.873000,-7.526000,12b JIRDS
160,CSW24,24,24,24.478000,17.485000,-6.993000,6b JARS
160,CSW24,25,26,23.350000,16.295000,-7.055000,d12 SARD
562,CSW24,1,1,74.000000,63.621000,-10.379000,j2 ENROOTS
562,CSW24,2,4,62.000000,51.715000,-10.285000,f3 NORTENOS
562,CSW24,3,5,59.000000,47.748000,-11.252000,h7 OUTSNORE
562,CSW24,4,2,66.000000,45.754000,-20.246000,14e ENROOTS
562,CSW24,5,3,64.000000,43.433000,-20.567000,9i ENROOTS
562,CSW24,6,11,39.197000,32.614000,-6.583000,e11 OOF
562,CSW24,7,12,38.667000,31.542000,-7.125000,9g ONO
562,CSW24,8,14,38.137000,31.525000,-6.612000,e11 ORF
562,CSW24,9,7,40.780000,30.212000,-10.568000,14b ONSET
562,CSW24,10,6,42.543000,30.139000,-12.404000,14b ON
562,CSW24,11,16,37.024000,29.521000,-7.503000,12d OO
562,CSW24,12,20,36.543000,29.403000,-7.140000,12c NOO
562,CSW24,13,10,40.024000,29.345000,-10.679000,b13 HO
562,CSW24,14,19,36.543000,29.178000,-7.365000,12b ONO
562,CSW24,15,18,36.543000,28.934000,-7.609000,9h NO
562,CSW24,16,17,36.543000,28.918000,-7.625000,7h NO
562,CSW24,17,9,40.543000,28.446000,-12.097000,14a NO
562,CSW24,18,35,34.667000,28.038000,-6.629000,9f OON
562,CSW24,19,24,35.543000,27.448000,-8.095000,9g ON
562,CSW24,20,42,34.024000,27.156000,-6.868000,11d LO
562,CSW24,21,38,34.543000,26.695000,-7.848000,12a NO
562,CSW24,22,39,34.543000,26.630000,-7.913000,12d OON
562,CSW24,23,32,35.024000,26.377000,-8.647000,i8 PO
562,CSW24,24,46,33.543000,26.360000,-7.183000,9d ONO
562,CSW24,25,31,35.024000,26.262000,-8.762000,i7 OP
244,CSW24,1,1,83.000000,79.900000,-3.100000,k2 INCASED
244,CSW24,2,2,44.014000,41.802000,-2.212000,10b CIDES
244,CSW24,3,3,43.683000,41.303000,-2.380000,10b CADES
244,CSW24,4,4,41.853000,39.595000,-2.258000,10b CINES
244,CSW24,5,5,40.394000,37.967000,-2.427000,10b CANES
244,CSW24,6,6,39.336000,36.785000,-2.551000,10b DINES
244,CSW24,7,8,38.852000,36.720000,-2.132000,10d EDS
244,CSW24,8,10,38.031000,36.189000,-1.842000,i5 CUD
244,CSW24,9,9,38.336000,35.673000,-2.663000,10b NIDES
244,CSW24,10,14,36.780000,34.724000,-2.056000,10d DESI
244,CSW24,11,7,39.110000,34.631000,-4.479000,c9 DECANI
244,CSW24,12,20,36.394000,34.363000,-2.031000,10b ACNES
244,CSW24,13,13,36.780000,34.057000,-2.723000,10c IDES
244,CSW24,14,17,36.462000,33.769000,-2.693000,10b AIDES
244,CSW24,15,22,35.134000,33.418000,-1.716000,i6 UDS
244,CSW24,16,12,36.793000,33.345000,-3.448000,f6 JAGGED
244,CSW24,17,19,36.413000,33.295000,-3.118000,10b CADE
244,CSW24,18,18,36.443000,33.195000,-3.248000,e7 BINDI
244,CSW24,19,15,36.555000,32.952000,-3.603000,c9 DANCE
244,CSW24,20,21,35.462000,32.607000,-2.855000,10b CIDE
244,CSW24,21,16,36.555000,32.453000,-4.102000,c9 DECAN
244,CSW24,22,23,35.132000,32.282000,-2.850000,f6 JAGGS
244,CSW24,23,30,34.311000,31.965000,-2.346000,h5 CREE
244,CSW24,24,24,35.117000,31.886000,-3.231000,10b CAD
244,CSW24,25,27,34.523000,31.739000,-2.784000,10c ANDS
1111,CSW24,1,1,46.347000,41.520000,-4.827000,c9 AIA
1111,CSW24,2,2,45.437000,41.162000,-4.275000,14b DARI
1111,CSW24,3,3,45.347000,40.133000,-5.214000,f11 AIA
1111,CSW24,4,4,44.094000,39.055000,-5.039000,c10 AI
1111,CSW24,5,5,44.094000,38.781000,-5.313000,f11 AI
1111,CSW24,6,6,43.450000,38.517000,-4.933000,f11 AIDA
1111,CSW24,7,10,42.347000,37.641000,-4.706000,13c ARIA
1111,CSW24,8,9,43.094000,37.368000,-5.726000,11d CHIA
1111,CSW24,9,12,42.235000,37.198000,-5.037000,f11 IDEA
1111,CSW24,10,11,42.235000,37.189000,-5.046000,f11 AIDE
1111,CSW24,11,8,43.094000,37.182000,-5.912000,11d CHAI
1111,CSW24,12,7,43.347000,36.342000,-7.005000,14c ARIA
1111,CSW24,13,16,40.094000,35.697000,-4.397000,13b AIR
1111,CSW24,14,13,41.235000,35.290000,-5.945000,13c IRADE
1111,CSW24,15,20,39.216000,34.590000,-4.626000,13c ARIE
1111,CSW24,16,19,39.235000,34.207000,-5.028000,13b AIRED
1111,CSW24,17,26,37.903000,33.671000,-4.232000,9d AUA
1111,CSW24,18,15,40.216000,33.480000,-6.736000,14c ARIE
1111,CSW24,19,32,36.437000,33.084000,-3.353000,13b DARI
1111,CSW24,20,23,38.437000,33.020000,-5.417000,f11 AID
1111,CSW24,21,18,39.347000,32.605000,-6.742000,13d RAIA
1111,CSW24,22,24,38.437000,32.467000,-5.970000,14c ARID
1111,CSW24,23,21,39.094000,32.456000,-6.638000,14d RAI
1111,CSW24,24,27,37.235000,32.415000,-4.820000,10e CADIE
1111,CSW24,25,22,39.094000,32.225000,-6.869000,14d RIA
304,CSW24,1,1,23.705000,16.162000,-7.543000,j6 VOEMA
304,CSW24,2,2,21.580000,15.307000,-6.273000,e3 ARVO
304,CSW24,3,3,21.447000,15.257000,-6.190000,e4 AVO
304,CSW24,4,4,21.447000,15.188000,-6.259000,e4 OVA
304,CSW24,5,5,20.988000,13.760000,-7.228000,j6 VAE
304,CSW24,6,6,19.448000,12.705000,-6.743000,e3 VARA
304,CSW24,7,8,18.447000,12.380000,-6.067000,e10 OVA
304,CSW24,8,7,18.527000,12.175000,-6.352000,e4 AVA
304,CSW24,9,18,16.427000,10.739000,-5.688000,9f HARAM
304,CSW24,10,20,16.197000,10.631000,-5.566000,9f HOMA
304,CSW24,11,15,17.409000,10.134000,-7.275000,j6 VOE
304,CSW24,12,13,17.447000,9.369000,-8.078000,9b AVO
304,CSW24,13,11,17.447000,9.262000,-8.185000,7b AVO
304,CSW24,14,14,17.447000,9.214000,-8.233000,9b OVA
304,CSW24,15,12,17.447000,9.136000,-8.311000,7b OVA
304,CSW24,16,9,17.496000,8.922000,-8.574000,k8 DAMAR
304,CSW24,17,23,15.580000,8.810000,-6.770000,g3 ARVO
304,CSW24,18,21,15.988000,8.654000,-7.334000,6d VAW
304,CSW24,19,10,17.496000,8.455000,-9.041000,k8 DRAMA
304,CSW24,20,19,16.258000,8.442000,-7.816000,j4 AMOVED
304,CSW24,21,26,15.447000,8.199000,-7.248000,g4 AVO
304,CSW24,22,41,13.547000,8.085000,-5.462000,9h MAD
304,CSW24,23,40,13.547000,8.001000,-5.546000,7h MAD
304,CSW24,24,31,14.736000,7.911000,-6.825000,j7 DEVA
304,CSW24,25,22,15.705000,7.739000,-7.966000,j4 AMOVE
159,CSW24,1,1,62.000000,56.065000,-5.935000,12h ASPIRANT
159,CSW24,2,4,43.535000,41.581000,-1.954000,o7 BAP
159,CSW24,3,2,46.535000,41.538000,-4.997000,6n PA
159,CSW24,4,3,45.535000,41.087000,-4.448000,a7 PA
159,CSW24,5,5,42.908000,38.014000,-4.894000,4j PEH
159,CSW24,6,9,38.813000,35.976000,-2.837000,o7 BA
159,CSW24,7,11,38.104000,35.869000,-2.235000,8n TA
159,CSW24,8,6,40.535000,35.563000,-4.972000,k11 PA
159,CSW24,9,12,38.067000,35.066000,-3.001000,12c ISTANA
159,CSW24,10,7,39.535000,34.399000,-5.136000,5i PAV
159,CSW24,11,15,36.429000,34.156000,-2.273000,8n NA
159,CSW24,12,8,38.908000,33.693000,-5.215000,a10 PREFIX
159,CSW24,13,10,38.535000,33.379000,-5.156000,k10 PA
159,CSW24,14,17,35.143000,33.067000,-2.076000,8n AI
159,CSW24,15,16,36.014000,32.444000,-3.570000,12d STIPA
159,CSW24,16,13,36.787000,32.339000,-4.448000,a7 PI
159,CSW24,17,20,34.355000,32.232000,-2.123000,8n AA
159,CSW24,18,14,36.535000,30.925000,-5.610000,2l PA
159,CSW24,19,33,33.104000,30.696000,-2.408000,o7 BAT
159,CSW24,20,19,34.651000,30.104000,-4.547000,k11 PAIN
159,CSW24,21,21,33.942000,30.003000,-3.939000,1a TAFIA
159,CSW24,22,23,33.935000,29.453000,-4.482000,k10 PAAN
159,CSW24,23,24,33.935000,29.432000,-4.503000,k11 PAAN
159,CSW24,24,18,34.651000,29.066000,-5.585000,2l PAIN
159,CSW24,25,43,31.429000,28.988000,-2.441000,o7 BAN
262,CSW24,1,1,33.552000,28.032000,-5.520000,j2 VOG
262,CSW24,2,2,26.702000,21.033000,-5.669000,j2 HOG
262,CSW24,3,3,14.744000,8.808000,-5.936000,j1 RHO
262,CSW24,4,4,13.517000,6.772000,-6.745000,j2 HO
262,CSW24,5,5,12.917000,5.878000,-7.039000,d7 HAVIOR
262,CSW24,6,6,10.092000,3.473000,-6.619000,d4 VIRGA
262,CSW24,7,7,8.702000,2.305000,-6.397000,e10 HOG
262,CSW24,8,8,7.517000,1.328000,-6.189000,j1 OH
262,CSW24,9,9,7.312000,1.232000,-6.080000,e10 RIVO
262,CSW24,10,10,7.000000,0.656000,-6.344000,1e VIVA
262,CSW24,11,11,7.000000,-0.005000,-7.005000,d5 VIVA
262,CSW24,12,13,5.092000,-1.243000,-6.335000,1d VIRGA
262,CSW24,13,14,4.999000,-1.249000,-6.248000,2h NAV
262,CSW24,14,12,5.479000,-1.439000,-6.918000,d7 VAV
262,CSW24,15,16,3.999000,-2.296000,-6.295000,3g VOW
262,CSW24,16,15,4.602000,-2.343000,-6.945000,9b VIG
262,CSW24,17,18,3.473000,-2.818000,-6.291000,2f VINA
262,CSW24,18,17,3.552000,-3.483000,-7.035000,9b VOG
262,CSW24,19,19,2.400000,-4.278000,-6.678000,j2 GO
262,CSW24,20,20,2.312000,-4.926000,-7.238000,j5 RIVO
262,CSW24,21,22,1.602000,-4.938000,-6.540000,1e VIGA
262,CSW24,22,21,1.946000,-5.017000,-6.963000,d5 VIRAGO
262,CSW24,23,24,1.602000,-5.208000,-6.810000,d7 VAGI
262,CSW24,24,23,1.602000,-5.473000,-7.075000,d5 VIGA
262,CSW24,25,25,1.459000,-5.484000,-6.943000,ex GIVV
828,CSW24,1,1,30.506000,26.345000,-4.161000,a11 ALLOW
828,CSW24,2,2,23.849000,19.844000,-4.005000,2m LOW
828,CSW24,3,3,22.127000,17.934000,-4.193000,c1 GROW
828,CSW24,4,5,21.497000,17.855000,-3.642000,2l AWOL
828,CSW24,5,4,21.497000,17.757000,-3.740000,2l ALOW
828,CSW24,6,6,19.705000,15.657000,-4.048000,2m LAW
828,CSW24,7,8,17.849000,13.665000,-4.184000,3m OWL
828,CSW24,8,7,17.849000,13.329000,-4.520000,3a WOLD
828,CSW24,9,10,17.504000,13.012000,-4.492000,a11 ATOLL
828,CSW24,10,9,17.504000,12.807000,-4.697000,a11 ALLOT
828,CSW24,11,13,15.281000,11.726000,-3.555000,2k TOLAR
828,CSW24,12,15,15.145000,11.275000,-3.870000,2m WOT
828,CSW24,13,14,15.145000,11.257000,-3.888000,2m TOW
828,CSW24,14,16,15.127000,11.025000,-4.102000,2m ROW
828,CSW24,15,11,15.849000,11.014000,-4.835000,6j JOWL
828,CSW24,16,19,14.300000,10.468000,-3.832000,2l AROW
828,CSW24,17,17,14.594000,10.071000,-4.523000,m1 aWLS
828,CSW24,18,22,13.705000,9.512000,-4.193000,3m AWL
828,CSW24,19,21,13.705000,9.413000,-4.292000,3b AWDL
828,CSW24,20,23,13.497000,9.246000,-4.251000,3a WALDO
828,CSW24,21,20,13.705000,9.183000,-4.522000,3a WALD
828,CSW24,22,26,12.882000,8.970000,-3.912000,2m WAT
828,CSW24,23,25,12.882000,8.946000,-3.936000,2m TAW
828,CSW24,24,18,14.506000,8.585000,-5.921000,m4 SALLOW
828,CSW24,25,12,15.849000,7.989000,-7.860000,b13 OWL
515,CSW24,1,3,70.000000,53.589000,-16.411000,m7 RATTLINE
515,CSW24,2,2,70.000000,52.672000,-17.328000,3a NITRATED
515,CSW24,3,1,70.000000,51.942000,-18.058000,2g INTRANET
515,CSW24,4,5,68.000000,51.891000,-16.109000,k4 TREATING
515,CSW24,5,4,68.000000,51.833000,-16.167000,k4 ARETTING
515,CSW24,6,7,62.000000,50.589000,-11.411000,j6 INTRANET
515,CSW24,7,8,59.000000,46.490000,-12.510000,1c TAINTURE
515,CSW24,8,6,62.000000,44.324000,-17.676000,2c INTRANET
515,CSW24,9,10,31.618000,18.959000,-12.659000,g10 FET
515,CSW24,10,9,31.878000,17.248000,-14.630000,h11 VITTA
515,CSW24,11,11,28.423000,16.584000,-11.839000,d10 CAT
515,CSW24,12,17,27.618000,16.294000,-11.324000,5e ET
515,CSW24,13,24,26.423000,16.184000,-10.239000,f5 TA
515,CSW24,14,22,27.618000,16.030000,-11.588000,l11 eT
515,CSW24,15,12,27.654000,15.707000,-11.947000,d10 CIT
515,CSW24,16,13,27.618000,15.687000,-11.931000,1h UT
515,CSW24,17,18,27.618000,15.638000,-11.980000,6g TE
515,CSW24,18,14,27.618000,15.485000,-12.133000,4g TE
515,CSW24,19,25,26.423000,15.418000,-11.005000,g6 TAG
515,CSW24,20,20,27.618000,15.294000,-12.324000,i10 TA
515,CSW24,21,15,27.618000,15.276000,-12.342000,4h ET
515,CSW24,22,19,27.618000,15.220000,-12.398000,6h ET
515,CSW24,23,16,27.618000,15.113000,-12.505000,5d TE
515,CSW24,24,21,27.618000,15.044000,-12.574000,i11 AT
515,CSW24,25,27,26.423000,14.729000,-11.694000,10i TA
1004,CSW24,1,1,24.158000,15.089000,-9.069000,f4 DORYMEN
1004,CSW24,2,5,14.950000,7.510000,-7.440000,f4 MORN
1004,CSW24,3,3,16.444000,6.827000,-9.617000,f8 DEXY
1004,CSW24,4,6,14.950000,6.433000,-8.517000,f4 NORM
1004,CSW24,5,4,16.113000,6.413000,-9.700000,f8 REX
1004,CSW24,6,2,16.535000,6.268000,-10.267000,4c NYM
1004,CSW24,7,7,14.774000,5.104000,-9.670000,f8 DEX
1004,CSW24,8,8,13.333000,4.145000,-9.188000,n2 MY
1004,CSW24,9,9,12.942000,2.835000,-10.107000,f8 NEMN
1004,CSW24,10,11,11.031000,2.517000,-8.514000,f4 DORM
1004,CSW24,11,10,11.350000,0.584000,-10.766000,n2 NY
1004,CSW24,12,15,10.630000,0.572000,-10.058000,f9 EX
1004,CSW24,13,14,10.631000,0.460000,-10.171000,f8 NERDY
1004,CSW24,14,13,10.631000,0.426000,-10.205000,f8 DERNY
1004,CSW24,15,16,9.840000,0.227000,-9.613000,f8 YEX
1004,CSW24,16,18,9.535000,0.143000,-9.392000,j2 MYNA
1004,CSW24,17,12,10.767000,-0.696000,-11.463000,e9 TYND
1004,CSW24,18,17,9.767000,-0.770000,-10.537000,j7 BANDY
1004,CSW24,19,40,6.602000,-0.852000,-7.454000,f4 DORY
1004,CSW24,20,20,9.092000,-0.926000,-10.018000,f2 MYXO
1004,CSW24,21,21,8.698000,-0.959000,-9.657000,f4 NOR
1004,CSW24,22,19,9.252000,-1.033000,-10.285000,f8 MEND
1004,CSW24,23,23,8.676000,-1.522000,-10.198000,f8 NERD
1004,CSW24,24,22,8.676000,-1.545000,-10.221000,f8 DERN
1004,CSW24,25,24,8.676000,-1.602000,-10.278000,f8 REND
1099,CSW24,1,2,30.323000,23.879000,-6.444000,j6 BEAKY
1099,CSW24,2,1,31.877000,23.554000,-8.323000,k3 EYEBANK
1099,CSW24,3,3,27.373000,20.830000,-6.543000,k8 NEBECK
1099,CSW24,4,4,25.086000,19.932000,-5.154000,7g BEAK
1099,CSW24,5,5,24.167000,17.110000,-7.057000,k5 BEANY
1099,CSW24,6,16,20.539000,16.753000,-3.786000,7i EYE
1099,CSW24,7,17,20.539000,16.128000,-4.411000,9i EYE
1099,CSW24,8,9,22.153000,15.775000,-6.378000,j8 ABYE
1099,CSW24,9,6,22.638000,15.508000,-7.130000,k8 NEBEK
1099,CSW24,10,18,20.331000,15.225000,-5.106000,k8 NECK
1099,CSW24,11,12,21.183000,15.170000,-6.013000,k5 BACNE
1099,CSW24,12,24,19.646000,15.159000,-4.487000,7i AYE
1099,CSW24,13,14,20.683000,15.121000,-5.562000,j6 ABACK
1099,CSW24,14,8,22.323000,15.078000,-7.245000,9e BYKE
1099,CSW24,15,10,22.086000,15.006000,-7.080000,k4 BAKEN
1099,CSW24,16,20,20.038000,14.582000,-5.456000,j7 YACKA
1099,CSW24,17,15,20.594000,14.554000,-6.040000,j6 YEA
1099,CSW24,18,19,20.311000,14.387000,-5.924000,j8 ACKEE
1099,CSW24,19,7,22.323000,14.126000,-8.197000,7e BYKE
1099,CSW24,20,43,18.646000,13.861000,-4.785000,7g YAE
1099,CSW24,21,39,18.747000,13.826000,-4.921000,7g BEE
1099,CSW24,22,41,18.664000,13.667000,-4.997000,7g BAE
1099,CSW24,23,44,18.646000,13.639000,-5.007000,7g YEA
1099,CSW24,24,52,18.078000,13.477000,-4.601000,j7 YACK
1099,CSW24,25,40,18.747000,13.383000,-5.364000,9g BEE
1112,CSW24,1,2,23.332000,18.593000,-4.739000,14g VINO
1112,CSW24,2,1,26.625000,18.342000,-8.283000,l1 BROOD
1112,CSW24,3,3,22.332000,17.042000,-5.290000,4c VINO
1112,CSW24,4,4,20.579000,15.549000,-5.030000,14j OBO
1112,CSW24,5,6,18.938000,13.874000,-5.064000,14i NOB
1112,CSW24,6,5,18.938000,13.755000,-5.183000,14i BON
1112,CSW24,7,7,18.579000,13.440000,-5.139000,14i BOO
1112,CSW24,8,8,17.511000,12.449000,-5.062000,l2 BROD
1112,CSW24,9,9,17.511000,12.300000,-5.211000,14i BOR
1112,CSW24,10,10,16.891000,11.892000,-4.999000,l3 BOD
1112,CSW24,11,14,15.891000,10.650000,-5.241000,14j OB
1112,CSW24,12,13,15.891000,10.607000,-5.284000,14i BO
1112,CSW24,13,12,16.332000,10.281000,-6.051000,4b VINO
1112,CSW24,14,17,15.577000,10.257000,-5.320000,j13 VOX
1112,CSW24,15,16,15.579000,10.168000,-5.411000,4d OBO
1112,CSW24,16,15,15.625000,9.914000,-5.711000,4c BROO
1112,CSW24,17,18,15.332000,9.448000,-5.884000,k11 OVINE
1112,CSW24,18,19,13.988000,8.345000,-5.643000,4b RIVO
1112,CSW24,19,20,13.579000,8.298000,-5.281000,j3 BOkO
1112,CSW24,20,21,13.579000,8.055000,-5.524000,4d BOO
1112,CSW24,21,11,16.614000,7.428000,-9.186000,4a BORON
1112,CSW24,22,28,11.579000,6.841000,-4.738000,7g OBO
1112,CSW24,23,27,11.713000,6.570000,-5.143000,14j ONO
1112,CSW24,24,24,12.371000,6.569000,-5.802000,4b NOOB
1112,CSW24,25,31,10.995000,5.757000,-5.238000,4k WINO
1071,CSW24,1,1,97.179000,89.995000,-7.184000,a8 BOOGY
1071,CSW24,2,2,67.437000,57.060000,-10.377000,a9 BOGY
1071,CSW24,3,3,64.251000,57.016000,-7.235000,a8 BoOGY
1071,CSW24,4,4,63.251000,55.996000,-7.255000,a8 BOoGY
1071,CSW24,5,6,58.179000,49.600000,-8.579000,7i BOOGY
1071,CSW24,6,5,59.938000,48.977000,-10.961000,12a BUOY
1071,CSW24,7,10,53.711000,46.397000,-7.314000,a8 OlOGY
1071,CSW24,8,11,53.711000,46.396000,-7.315000,a8 bOOGY
1071,CSW24,9,7,54.564000,46.011000,-8.553000,a7 GOBO
1071,CSW24,10,8,54.437000,45.473000,-8.964000,7i BOGY
1071,CSW24,11,9,54.437000,45.429000,-9.008000,7i BOYG
1071,CSW24,12,15,52.691000,45.393000,-7.298000,a8 BOOfY
1071,CSW24,13,16,52.691000,45.392000,-7.299000,a8 BOOgY
1071,CSW24,14,13,53.184000,44.840000,-8.344000,a7 BOYO
1071,CSW24,15,12,53.221000,44.420000,-8.801000,a8 YGO
1071,CSW24,16,18,51.711000,44.367000,-7.344000,a8 GOOfY
1071,CSW24,17,14,53.015000,43.588000,-9.427000,2f BOG
1071,CSW24,18,17,52.437000,43.209000,-9.228000,k3 GLOBY
1071,CSW24,19,19,51.485000,42.313000,-9.172000,2f COG
1071,CSW24,20,20,50.015000,40.768000,-9.247000,7i BOG
1071,CSW24,21,22,49.565000,40.392000,-9.173000,k2 COLBY
1071,CSW24,22,23,48.485000,39.008000,-9.477000,7i COG
1071,CSW24,23,28,46.273000,38.821000,-7.452000,a12 YeBO
1071,CSW24,24,26,47.685000,38.812000,-8.873000,a14 BY
1071,CSW24,25,25,47.741000,38.489000,-9.252000,7i COB
1026,CSW24,1,1,89.000000,86.742000,-2.258000,a6 CAESURIC
1026,CSW24,2,2,74.000000,68.291000,-5.709000,14c SAUCIER
1026,CSW24,3,3,69.000000,63.276000,-5.724000,14d SAUCIER
1026,CSW24,4,4,42.539000,40.224000,-2.315000,a8 ERUCIC
1026,CSW24,5,5,42.539000,39.970000,-2.569000,a10 ERUCIC
1026,CSW24,6,7,35.169000,32.736000,-2.433000,a11 SUCCI
1026,CSW24,7,10,33.774000,31.444000,-2.330000,a10 SICCAR
1026,CSW24,8,6,35.788000,30.677000,-5.111000,3k ICE
1026,CSW24,9,13,33.170000,29.948000,-3.222000,a13 CUE
1026,CSW24,10,20,32.362000,29.877000,-2.485000,a10 CIRCUS
1026,CSW24,11,16,32.544000,29.835000,-2.709000,a12 ECRU
1026,CSW24,12,9,35.165000,29.449000,-5.716000,13m AT
1026,CSW24,13,8,35.165000,29.071000,-6.094000,10e AY
1026,CSW24,14,34,30.887000,28.440000,-2.447000,a9 CARICES
1026,CSW24,15,12,33.408000,27.685000,-5.723000,3h AI
1026,CSW24,16,11,33.408000,27.386000,-6.022000,m1 ANI
1026,CSW24,17,18,32.497000,27.284000,-5.213000,3k ACE
1026,CSW24,18,49,29.439000,27.142000,-2.297000,a8 CASEIC
1026,CSW24,19,14,33.165000,27.060000,-6.105000,m1 ANA
1026,CSW24,20,47,29.536000,27.006000,-2.530000,a10 CERCUS
1026,CSW24,21,48,29.536000,26.970000,-2.566000,a10 CRUCES
1026,CSW24,22,17,32.536000,26.960000,-5.576000,3h AUA
1026,CSW24,23,15,33.165000,26.944000,-6.221000,d11 PITA
1026,CSW24,24,19,32.408000,26.386000,-6.022000,1h DI
1026,CSW24,25,25,31.886000,26.327000,-5.559000,3h AIA
751,CSW24,1,1,45.184000,38.303000,-6.881000,e10 EXUL
751,CSW24,2,3,44.693000,38.158000,-6.535000,9f ILEX
751,CSW24,3,2,45.184000,37.593000,-7.591000,e10 ULEX
751,CSW24,4,6,42.677000,36.184000,-6.493000,9e GI
751,CSW24,5,4,43.184000,34.838000,-8.346000,7h EXUL
751,CSW24,6,5,43.184000,34.391000,-8.793000,9h EXUL
751,CSW24,7,7,40.381000,34.221000,-6.160000,e10 UG
751,CSW24,8,8,39.663000,33.721000,-5.942000,7h EX
751,CSW24,9,10,39.663000,33.452000,-6.211000,e10 EX
751,CSW24,10,12,38.929000,33.158000,-5.771000,h6 CUDGEL
751,CSW24,11,9,39.663000,32.482000,-7.181000,9h EX
751,CSW24,12,11,39.227000,32.151000,-7.076000,10c GLUT
751,CSW24,13,14,37.381000,31.674000,-5.707000,h8 DUG
751,CSW24,14,15,37.089000,31.431000,-5.658000,9e GIE
751,CSW24,15,22,36.143000,30.459000,-5.684000,h8 DUX
751,CSW24,16,18,36.391000,30.391000,-6.000000,h4 GLUED
751,CSW24,17,21,36.381000,30.049000,-6.332000,10f TUG
751,CSW24,18,19,36.381000,30.011000,-6.370000,6f RUG
751,CSW24,19,13,37.391000,29.699000,-7.692000,10b GULET
751,CSW24,20,20,36.381000,29.387000,-6.994000,10d GUT
751,CSW24,21,24,35.391000,29.352000,-6.039000,h4 LUGED
751,CSW24,22,27,35.184000,29.147000,-6.037000,h4 LUXED
751,CSW24,23,30,35.143000,28.961000,-6.182000,10f TUX
751,CSW24,24,28,35.184000,27.903000,-7.281000,10b EXULT
751,CSW24,25,25,35.310000,27.748000,-7.562000,10b CULET
227,CSW24,1,1,24.484000,17.236000,-7.248000,g5 FRIB
227,CSW24,2,2,23.647000,16.626000,-7.021000,g6 FIB
227,CSW24,3,3,18.301000,11.317000,-6.984000,g6 RIB
227,CSW24,4,4,16.301000,9.605000,-6.696000,i5 RIBA
227,CSW24,5,7,12.072000,5.583000,-6.489000,a11 BI
227,CSW24,6,8,11.602000,5.452000,-6.150000,7i BON
227,CSW24,7,6,12.072000,5.027000,-7.045000,l4 BI
227,CSW24,8,5,12.382000,4.787000,-7.595000,10b ZIP
227,CSW24,9,9,11.301000,4.453000,-6.848000,e10 RIBA
227,CSW24,10,11,10.382000,3.889000,-6.493000,a11 PI
227,CSW24,11,13,9.982000,3.707000,-6.275000,a11 XI
227,CSW24,12,12,9.982000,3.355000,-6.627000,l4 XI
227,CSW24,13,10,10.382000,3.324000,-7.058000,l4 PI
227,CSW24,14,15,8.997000,3.295000,-5.702000,7i FON
227,CSW24,15,14,9.602000,2.938000,-6.664000,8g BOAKED
227,CSW24,16,17,8.382000,2.078000,-6.304000,i6 PIA
227,CSW24,17,16,8.419000,1.795000,-6.624000,d10 RIPp
227,CSW24,18,18,8.382000,1.646000,-6.736000,e11 PIA
227,CSW24,19,19,7.619000,0.692000,-6.927000,e10 IXIA
227,CSW24,20,20,6.517000,-0.079000,-6.596000,f12 RIPE
227,CSW24,21,24,6.382000,-0.388000,-6.770000,d11 PIp
227,CSW24,22,25,5.927000,-0.548000,-6.475000,f12 RIFE
227,CSW24,23,22,6.419000,-0.586000,-7.005000,5i RIPP
227,CSW24,24,21,6.419000,-0.683000,-7.102000,5h RIPP
227,CSW24,25,26,5.900000,-0.729000,-6.629000,e11 BRA
1090,CSW24,1,1,36.723000,31.835000,-4.888000,9e WENNY
1090,CSW24,2,2,35.979000,30.401000,-5.578000,7g WYN
1090,CSW24,3,4,31.211000,26.679000,-4.532000,9e YEW
1090,CSW24,4,5,30.729000,25.611000,-5.118000,9e NEW
1090,CSW24,5,3,32.465000,25.185000,-7.280000,7g WYNN
1090,CSW24,6,6,27.979000,21.696000,-6.283000,e8 AWNY
1090,CSW24,7,11,26.173000,21.241000,-4.932000,9e REW
1090,CSW24,8,10,26.401000,21.168000,-5.233000,9g WRY
1090,CSW24,9,9,26.401000,20.753000,-5.648000,7g WRY
1090,CSW24,10,16,24.729000,19.509000,-5.220000,9e WEN
1090,CSW24,11,8,26.723000,18.727000,-7.996000,9g WENNY
1090,CSW24,12,7,26.723000,18.540000,-8.183000,7g WENNY
1090,CSW24,13,12,25.979000,18.527000,-7.452000,7h WYN
1090,CSW24,14,13,25.979000,18.456000,-7.523000,9h WYN
1090,CSW24,15,22,22.266000,17.448000,-4.818000,9e YEN
1090,CSW24,16,15,25.891000,17.403000,-8.488000,e7 YAWNIER
1090,CSW24,17,14,25.927000,17.357000,-8.570000,f6 WIZEN
1090,CSW24,18,17,24.683000,17.101000,-7.582000,e7 YAWNER
1090,CSW24,19,31,21.211000,16.434000,-4.777000,9g WEY
1090,CSW24,20,18,23.512000,16.390000,-7.122000,e7 WANEY
1090,CSW24,21,36,20.729000,16.070000,-4.659000,9g WEN
1090,CSW24,22,30,21.211000,16.064000,-5.147000,7g YEW
1090,CSW24,23,28,21.211000,15.854000,-5.357000,7g WEY
1090,CSW24,24,27,21.271000,15.574000,-5.697000,9f EW
1090,CSW24,25,19,23.244000,15.573000,-7.671000,d4 WINERY
636,CSW24,1,3,60.107000,55.186000,-4.921000,13e KEF
636,CSW24,2,1,63.229000,54.981000,-8.248000,l1 FLUKE
636,CSW24,3,4,59.722000,54.604000,-5.118000,m13 UKE
636,CSW24,4,2,60.161000,53.051000,-7.110000,8j PILFER
636,CSW24,5,5,57.155000,51.385000,-5.770000,l4 FUR
636,CSW24,6,7,56.757000,51.309000,-5.448000,o8 FLU
636,CSW24,7,6,56.757000,50.525000,-6.232000,c7 FLU
636,CSW24,8,8,56.066000,49.514000,-6.552000,c7 KEF
636,CSW24,9,10,55.155000,48.950000,-6.205000,c7 FUR
636,CSW24,10,11,54.889000,48.651000,-6.238000,o7 LEKU
636,CSW24,11,12,54.155000,48.257000,-5.898000,c2 FUR
636,CSW24,12,14,53.230000,48.112000,-5.118000,m13 EKE
636,CSW24,13,9,55.395000,48.064000,-7.331000,l2 FLEUR
636,CSW24,14,13,54.017000,47.429000,-6.588000,c1 FURL
636,CSW24,15,16,52.757000,46.500000,-6.257000,c6 FLU
636,CSW24,16,19,51.582000,45.943000,-5.639000,m11 KUE
636,CSW24,17,15,53.229000,45.853000,-7.376000,m8 FLUKE
636,CSW24,18,18,51.600000,45.679000,-5.921000,8j PIKUL
636,CSW24,19,21,50.776000,45.438000,-5.338000,9i KAT
636,CSW24,20,20,50.776000,45.400000,-5.376000,7c KET
636,CSW24,21,17,52.183000,45.341000,-6.842000,8j PIKULs
636,CSW24,22,25,49.357000,44.498000,-4.859000,13f EF
636,CSW24,23,23,50.582000,44.223000,-6.359000,c7 KUE
636,CSW24,24,22,50.682000,43.989000,-6.693000,c1 FUEL
636,CSW24,25,24,49.757000,43.803000,-5.954000,l3 FLU
443,CSW24,1,1,80.000000,71.028000,-8.972000,14h EVECTION
443,CSW24,2,3,66.000000,59.926000,-6.074000,15d CONTRIVE
443,CSW24,3,2,67.000000,59.589000,-7.411000,14f EVECTION
443,CSW24,4,5,44.518000,41.407000,-3.111000,a9 CONVIVE
443,CSW24,5,4,44.518000,40.831000,-3.687000,a7 CONVIVE
443,CSW24,6,8,34.180000,31.774000,-2.406000,a12 VIVO
443,CSW24,7,6,35.462000,31.714000,-3.748000,a8 VOTIVE
443,CSW24,8,9,32.077000,29.612000,-2.465000,a12 VIVE
443,CSW24,9,7,34.655000,28.934000,-5.721000,4i CONI
443,CSW24,10,11,28.402000,23.167000,-5.235000,b10 OVONIC
443,CSW24,11,14,26.614000,23.138000,-3.476000,a10 COVENT
443,CSW24,12,10,28.655000,22.124000,-6.531000,n10 ZINCO
443,CSW24,13,13,27.259000,21.585000,-5.674000,4k TI
443,CSW24,14,12,27.877000,21.513000,-6.364000,c9 VIOLENT
443,CSW24,15,20,25.342000,20.786000,-4.556000,14f VOE
443,CSW24,16,22,24.035000,20.604000,-3.431000,a10 NOVICE
443,CSW24,17,21,24.035000,20.591000,-3.444000,a10 COVINE
443,CSW24,18,15,25.672000,20.554000,-5.118000,k5 COVE
443,CSW24,19,19,25.342000,20.403000,-4.939000,13f VOX
443,CSW24,20,18,25.342000,19.781000,-5.561000,j6 VOE
443,CSW24,21,17,25.462000,19.469000,-5.993000,c9 VIOLET
443,CSW24,22,26,23.643000,19.074000,-4.569000,14f VEE
443,CSW24,23,25,23.643000,18.656000,-4.987000,13f VEX
443,CSW24,24,38,21.396000,18.551000,-2.845000,a11 EVICT
443,CSW24,25,29,23.055000,18.541000,-4.514000,14f VIE
607,CSW24,1,1,27.683000,23.169000,-4.514000,2f VOX
607,CSW24,2,2,25.086000,20.192000,-4.894000,i8 LUV
607,CSW24,3,4,21.940000,17.168000,-4.772000,k4 REVUE
607,CSW24,4,5,21.940000,16.953000,-4.987000,k7 REVUE
607,CSW24,5,6,21.584000,16.718000,-4.866000,k8 ERUV
607,CSW24,6,3,22.200000,16.455000,-5.745000,7g UN
607,CSW24,7,7,19.200000,14.028000,-5.172000,ex U
607,CSW24,8,8,18.086000,12.914000,-5.172000,ex UV
607,CSW24,9,9,17.477000,12.744000,-4.733000,k5 GIVE
607,CSW24,10,10,17.162000,12.513000,-4.649000,k5 GIVEN
607,CSW24,11,16,16.887000,11.680000,-5.207000,k7 REEVING
607,CSW24,12,17,16.887000,11.452000,-5.435000,k7 REGIVEN
607,CSW24,13,13,16.887000,11.296000,-5.591000,k3 REGIVEN
607,CSW24,14,15,16.887000,11.257000,-5.630000,k6 VEERING
607,CSW24,15,20,16.366000,11.235000,-5.131000,l4 GIVED
607,CSW24,16,18,16.887000,11.154000,-5.733000,k7 VEERING
607,CSW24,17,14,16.887000,11.074000,-5.813000,k6 REEVING
607,CSW24,18,19,16.715000,10.933000,-5.782000,4d VERBING
607,CSW24,19,21,16.221000,10.931000,-5.290000,k8 ERUVIN
607,CSW24,20,25,15.599000,10.884000,-4.715000,k4 VEGIER
607,CSW24,21,32,14.857000,10.360000,-4.497000,k5 GIVER
607,CSW24,22,27,15.599000,10.334000,-5.265000,k7 REGIVE
607,CSW24,23,28,15.599000,10.268000,-5.331000,k7 VEGIER
607,CSW24,24,31,14.857000,10.267000,-4.590000,k4 VIRGE
607,CSW24,25,23,15.599000,10.154000,-5.445000,k3 GRIEVE
74,CSW24,1,1,33.095000,24.801000,-8.294000,5k WOVE
74,CSW24,2,2,22.713000,14.617000,-8.096000,5k GOV
74,CSW24,3,3,19.569000,10.703000,-8.866000,a8 VEGO
74,CSW24,4,4,18.990000,10.231000,-8.759000,5d COVINE
74,CSW24,5,5,18.215000,9.821000,-8.394000,5k WO
74,CSW24,6,8,17.303000,8.804000,-8.499000,5k WOE
74,CSW24,7,7,17.614000,8.537000,-9.077000,k1 COWAGE
74,CSW24,8,6,17.990000,8.513000,-9.477000,3c VOICED
74,CSW24,9,15,15.095000,6.931000,-8.164000,j2 WOLVE
74,CSW24,10,10,15.764000,6.914000,-8.850000,14a VOICE
74,CSW24,11,13,15.273000,6.857000,-8.416000,k3 WAIVE
74,CSW24,12,14,15.246000,6.792000,-8.454000,k4 AVOW
74,CSW24,13,9,16.095000,6.709000,-9.386000,5d WOVEN
74,CSW24,14,12,15.386000,6.077000,-9.309000,5e GWINE
74,CSW24,15,20,13.553000,5.113000,-8.440000,k3 WAVE
74,CSW24,16,18,13.888000,4.962000,-8.926000,5d COVIN
74,CSW24,17,16,14.262000,4.939000,-9.323000,j3 GLOW
74,CSW24,18,17,14.262000,4.474000,-9.788000,5e GOWN
74,CSW24,19,22,12.709000,4.448000,-8.261000,j2 WILCO
74,CSW24,20,11,15.398000,4.149000,-11.249000,14j YOGIC
74,CSW24,21,19,13.625000,4.048000,-9.577000,k7 COVET
74,CSW24,22,23,12.696000,3.844000,-8.852000,2f VIEW
74,CSW24,23,26,11.772000,3.713000,-8.059000,k3 VAW
74,CSW24,24,24,12.625000,3.597000,-9.028000,5d COVEN
74,CSW24,25,21,12.764000,3.387000,-9.377000,k7 CIVET
1033,CSW24,1,1,80.000000,70.619000,-9.381000,h1 SERAGLIO
1033,CSW24,2,3,77.000000,68.485000,-8.515000,k2 GRAILES
1033,CSW24,3,2,77.000000,68.437000,-8.563000,k2 GLAIRES
1033,CSW24,4,4,72.000000,62.351000,-9.649000,d5 GLACIERS
1033,CSW24,5,5,72.000000,62.065000,-9.935000,d5 GRACILES
1033,CSW24,6,6,65.000000,55.458000,-9.542000,j2 GASELIER
1033,CSW24,7,10,63.000000,52.989000,-10.011000,j5 GASELIER
1033,CSW24,8,19,60.000000,50.336000,-9.664000,h5 GASOLIER
1033,CSW24,9,12,63.000000,50.326000,-12.674000,g7 ENGRAILS
1033,CSW24,10,11,63.000000,50.204000,-12.796000,g6 SANGLIER
1033,CSW24,11,18,60.000000,50.083000,-9.917000,h3 GIRASOLE
1033,CSW24,12,7,63.000000,50.002000,-12.998000,g2 LASERING
1033,CSW24,13,9,63.000000,49.984000,-13.016000,g2 SALERING
1033,CSW24,14,16,62.000000,49.868000,-12.132000,g5 SLANGIER
1033,CSW24,15,8,63.000000,49.573000,-13.427000,g2 REALIGNS
1033,CSW24,16,15,62.000000,49.502000,-12.498000,g5 SIGNALER
1033,CSW24,17,14,62.000000,49.014000,-12.986000,g4 ALIGNERS
1033,CSW24,18,17,61.000000,42.597000,-18.403000,g8 NARGILES
1033,CSW24,19,13,62.000000,42.378000,-19.622000,i1 SLAIRGED
1033,CSW24,20,21,36.933000,31.749000,-5.184000,7f GILA
1033,CSW24,21,20,41.110000,31.085000,-10.025000,e5 GLARIER
1033,CSW24,22,23,34.110000,28.824000,-5.286000,7e AGILER
1033,CSW24,23,22,35.104000,28.679000,-6.425000,7h GI
1033,CSW24,24,26,32.439000,27.263000,-5.176000,7e AGILE
1033,CSW24,25,25,33.096000,27.196000,-5.900000,9f GARI
1025,CSW24,1,1,11.428000,1.977000,-9.451000,g7 UNDUE
1025,CSW24,2,2,9.885000,0.187000,-9.698000,h1 DIETINES
1025,CSW24,3,9,7.450000,0.170000,-7.280000,6d NIDE
1025,CSW24,4,10,7.386000,0.063000,-7.323000,7f DUE
1025,CSW24,5,3,8.912000,-0.370000,-9.282000,11d EMEU
1025,CSW24,6,8,7.715000,-0.652000,-8.367000,6g ENDUE
1025,CSW24,7,7,7.782000,-0.763000,-8.545000,ex EUU
1025,CSW24,8,5,7.912000,-1.686000,-9.598000,2b CUE
1025,CSW24,9,6,7.820000,-2.629000,-10.449000,2b CUNEI
1025,CSW24,10,13,5.912000,-2.675000,-8.587000,h7 USE
1025,CSW24,11,14,5.912000,-3.000000,-8.912000,h8 SUE
1025,CSW24,12,26,4.169000,-3.036000,-7.205000,7f DUI
1025,CSW24,13,18,5.399000,-3.146000,-8.545000,ex EIUU
1025,CSW24,14,11,6.917000,-3.448000,-10.365000,7h UNDUE
1025,CSW24,15,17,5.715000,-3.452000,-9.167000,6h ENDUE
1025,CSW24,16,16,5.820000,-3.698000,-9.518000,g7 ENNUI
1025,CSW24,17,15,5.857000,-3.730000,-9.587000,g7 INDUE
1025,CSW24,18,21,4.578000,-3.967000,-8.545000,ex UU
1025,CSW24,19,4,7.912000,-4.037000,-11.949000,2a ECU
1025,CSW24,20,25,4.342000,-4.039000,-8.381000,g7 UNI
1025,CSW24,21,24,4.353000,-4.192000,-8.545000,ex IUU
1025,CSW24,22,12,6.887000,-4.394000,-11.281000,g7 ENNUIED
1025,CSW24,23,27,3.980000,-4.565000,-8.545000,ex EINUU
1025,CSW24,24,38,2.439000,-4.664000,-7.103000,6f DEEN
1025,CSW24,25,39,2.439000,-4.713000,-7.152000,6f DENE
841,CSW24,1,3,23.048000,16.516000,-6.532000,7h AZO
841,CSW24,2,1,23.555000,15.269000,-8.286000,7i WOW
841,CSW24,3,2,23.555000,15.211000,-8.344000,9i WOW
841,CSW24,4,11,18.841000,14.196000,-4.645000,7h OW
841,CSW24,5,6,21.575000,14.139000,-7.436000,7i ZO
841,CSW24,6,12,18.841000,13.996000,-4.845000,9h OW
841,CSW24,7,8,20.228000,13.280000,-6.948000,7i ZA
841,CSW24,8,5,21.660000,13.106000,-8.554000,9i WAW
841,CSW24,9,4,21.660000,13.007000,-8.653000,7i WAW
841,CSW24,10,13,17.508000,12.619000,-4.889000,7h AW
841,CSW24,11,7,21.048000,11.910000,-9.138000,7i ZOA
841,CSW24,12,20,15.509000,11.404000,-4.105000,6d WIZ
841,CSW24,13,17,16.772000,11.247000,-5.525000,9i WUZ
841,CSW24,14,9,19.311000,10.175000,-9.136000,7i WAI
841,CSW24,15,22,14.306000,10.152000,-4.154000,6e IWI
841,CSW24,16,16,16.772000,9.889000,-6.883000,7i WUZ
841,CSW24,17,10,19.311000,9.744000,-9.567000,9i WAI
841,CSW24,18,19,15.628000,9.720000,-5.908000,f8 EWW
841,CSW24,19,18,16.235000,9.243000,-6.992000,5b WAUK
841,CSW24,20,21,14.841000,9.079000,-5.762000,d4 WO
841,CSW24,21,15,16.841000,8.891000,-7.950000,9i WO
841,CSW24,22,14,16.841000,8.573000,-8.268000,7i WO
841,CSW24,23,24,13.830000,7.561000,-6.269000,9i WIZ
841,CSW24,24,23,13.830000,6.430000,-7.400000,7i WIZ
841,CSW24,25,34,10.048000,5.783000,-4.265000,d4 ZOA
1153,CSW24,1,1,72.000000,59.152000,-12.848000,f1 OPHIDIAN
1153,CSW24,2,2,37.401000,27.487000,-9.914000,6f HIP
1153,CSW24,3,3,35.187000,25.312000,-9.875000,6f HID
1153,CSW24,4,4,32.401000,22.301000,-10.100000,6d HIP
1153,CSW24,5,5,32.014000,22.174000,-9.840000,6b HOP
1153,CSW24,6,6,30.434000,20.741000,-9.693000,6f HIND
1153,CSW24,7,8,30.257000,20.326000,-9.931000,6f HIN
1153,CSW24,8,7,30.281000,19.581000,-10.700000,6f HI
1153,CSW24,9,10,28.014000,18.243000,-9.771000,6b PHO
1153,CSW24,10,11,28.014000,18.187000,-9.827000,6b POH
1153,CSW24,11,9,28.014000,17.809000,-10.205000,6a PHO
1153,CSW24,12,12,27.364000,17.693000,-9.671000,6b HOD
1153,CSW24,13,13,26.187000,15.986000,-10.201000,6d HID
1153,CSW24,14,14,26.003000,15.955000,-10.048000,6d DIP
1153,CSW24,15,15,24.860000,14.731000,-10.129000,6f PIN
1153,CSW24,16,18,22.321000,14.268000,-8.053000,8a HOI
1153,CSW24,17,16,23.003000,12.936000,-10.067000,6f DIP
1153,CSW24,18,25,20.572000,12.384000,-8.188000,8a POI
1153,CSW24,19,19,22.084000,12.222000,-9.862000,6b POD
1153,CSW24,20,23,21.401000,11.552000,-9.849000,8b NIDI
1153,CSW24,21,17,22.362000,11.375000,-10.987000,6f PI
1153,CSW24,22,22,21.500000,11.317000,-10.183000,m1 EDH
1153,CSW24,23,26,20.500000,10.827000,-9.673000,6f DINO
1153,CSW24,24,24,21.057000,10.190000,-10.867000,6b HO
1153,CSW24,25,20,21.836000,9.566000,-12.270000,e7 TOPHI
760,CSW24,1,1,29.599000,23.385000,-6.214000,4c JOVIAL
760,CSW24,2,2,23.970000,16.930000,-7.040000,b6 JOUAL
760,CSW24,3,4,19.776000,15.711000,-4.065000,g7 JEU
760,CSW24,4,3,22.569000,15.011000,-7.558000,b7 OUIJA
760,CSW24,5,5,18.506000,11.907000,-6.599000,4c UNVAIL
760,CSW24,6,6,17.322000,11.217000,-6.105000,f8 TAJ
760,CSW24,7,8,14.917000,11.108000,-3.809000,6e FUJI
760,CSW24,8,7,16.159000,8.243000,-7.916000,7g OUIJA
760,CSW24,9,11,13.213000,7.952000,-5.261000,c6 NINJA
760,CSW24,10,12,12.720000,7.264000,-5.456000,7a LOUND
760,CSW24,11,10,13.560000,7.260000,-6.300000,4c ULVA
760,CSW24,12,20,11.776000,7.178000,-4.598000,c6 JUN
760,CSW24,13,9,14.001000,6.167000,-7.834000,g4 JOULE
760,CSW24,14,13,12.536000,5.881000,-6.655000,4d AVION
760,CSW24,15,40,9.506000,5.760000,-3.746000,6c INFULA
760,CSW24,16,28,10.776000,5.750000,-5.026000,h6 JUN
760,CSW24,17,16,12.233000,5.731000,-6.502000,9h AJI
760,CSW24,18,24,11.400000,5.599000,-5.801000,4c LUV
760,CSW24,19,15,12.233000,5.562000,-6.671000,7h AJI
760,CSW24,20,27,11.053000,5.550000,-5.503000,9g LOU
760,CSW24,21,21,11.768000,5.510000,-6.258000,g7 JEON
760,CSW24,22,26,11.263000,5.447000,-5.816000,f6 AITU
760,CSW24,23,23,11.496000,5.414000,-6.082000,4c NIVAL
760,CSW24,24,30,10.560000,5.341000,-5.219000,9f ALU
760,CSW24,25,31,10.053000,5.332000,-4.721000,6e FOUL
705,CSW24,1,1,36.836000,26.249000,-10.587000,l1 TWAY
705,CSW24,2,3,31.904000,23.736000,-8.168000,l2 YAW
705,CSW24,3,2,31.904000,23.509000,-8.395000,l2 WAY
705,CSW24,4,4,31.418000,20.844000,-10.574000,l1 WAID
705,CSW24,5,6,27.381000,19.571000,-7.810000,l9 TINNY
705,CSW24,6,7,26.899000,19.117000,-7.782000,l9 TINY
705,CSW24,7,8,26.853000,18.876000,-7.977000,l2 DIYA
705,CSW24,8,9,26.733000,18.135000,-8.598000,l2 DAW
705,CSW24,9,11,25.406000,17.526000,-7.880000,l10 INDY
705,CSW24,10,5,27.967000,17.101000,-10.866000,l1 WAIT
705,CSW24,11,16,23.432000,15.850000,-7.582000,4h DAWTIE
705,CSW24,12,13,24.038000,15.784000,-8.254000,4k WYE
705,CSW24,13,12,24.143000,15.441000,-8.702000,l2 TAW
705,CSW24,14,10,26.127000,15.253000,-10.874000,l1 WAIN
705,CSW24,15,14,24.000000,15.117000,-8.883000,4j WYTE
705,CSW24,16,17,23.167000,14.477000,-8.690000,l2 NAW
705,CSW24,17,18,22.805000,14.254000,-8.551000,l2 DAY
705,CSW24,18,19,22.733000,13.893000,-8.840000,l2 WAD
705,CSW24,19,20,22.295000,13.569000,-8.726000,l2 TAY
705,CSW24,20,21,21.424000,13.455000,-7.969000,l3 AW
705,CSW24,21,15,23.813000,12.473000,-11.340000,l1 TWIN
705,CSW24,22,24,20.223000,11.913000,-8.310000,l9 TIND
705,CSW24,23,23,20.905000,11.912000,-8.993000,l2 WIT
705,CSW24,24,25,19.904000,11.024000,-8.880000,h4 YAW
705,CSW24,25,29,18.637000,10.837000,-7.800000,l4 YA
148,CSW24,1,1,29.553000,22.849000,-6.704000,k5 INDITER
148,CSW24,2,12,22.423000,19.481000,-2.942000,h7 DOB
148,CSW24,3,11,22.423000,19.473000,-2.950000,h7 BOD
148,CSW24,4,4,23.381000,19.279000,-4.102000,j6 BRO
148,CSW24,5,5,23.381000,19.267000,-4.114000,j8 ORB
148,CSW24,6,8,22.927000,19.091000,-3.836000,7k DIB
148,CSW24,7,9,22.927000,19.041000,-3.886000,9k DIB
148,CSW24,8,7,22.927000,18.673000,-4.254000,7k BID
148,CSW24,9,13,22.423000,18.393000,-4.030000,j7 BOD
148,CSW24,10,14,22.423000,18.393000,-4.030000,j7 DOB
148,CSW24,11,3,23.438000,18.379000,-5.059000,k7 BINDI
148,CSW24,12,16,22.423000,18.279000,-4.144000,k7 DIB
148,CSW24,13,2,23.438000,18.168000,-5.270000,k4 BINDI
148,CSW24,14,15,22.423000,18.090000,-4.333000,k7 BID
148,CSW24,15,25,20.827000,17.737000,-3.090000,h7 BO
148,CSW24,16,28,20.827000,17.630000,-3.197000,h8 OB
148,CSW24,17,6,23.284000,17.627000,-5.657000,j6 BIONT
148,CSW24,18,19,21.927000,17.377000,-4.550000,k5 BIDI
148,CSW24,19,23,21.301000,17.294000,-4.007000,9k NIB
148,CSW24,20,26,20.827000,17.259000,-3.568000,j7 BO
148,CSW24,21,27,20.827000,17.203000,-3.624000,k7 BI
148,CSW24,22,22,21.301000,17.108000,-4.193000,7k BIN
148,CSW24,23,18,22.284000,17.087000,-5.197000,k7 BINIT
148,CSW24,24,17,22.284000,17.052000,-5.232000,k5 BINIT
148,CSW24,25,24,21.278000,17.014000,-4.264000,7k BIT
625,CSW24,1,1,40.815000,30.687000,-10.128000,h10 REGROW
625,CSW24,2,7,29.257000,22.410000,-6.847000,a12 GROW
625,CSW24,3,2,32.137000,21.543000,-10.594000,c12 VOW
625,CSW24,4,3,31.705000,21.361000,-10.344000,h10 ROWERS
625,CSW24,5,4,31.388000,21.010000,-10.378000,h10 ROGUER
625,CSW24,6,6,29.357000,20.548000,-8.809000,6e OW
625,CSW24,7,9,28.137000,20.015000,-8.122000,6e OWO
625,CSW24,8,5,30.091000,19.729000,-10.362000,c12 VUG
625,CSW24,9,8,29.137000,19.088000,-10.049000,11j OW
625,CSW24,10,20,24.661000,17.893000,-6.768000,a12 GREW
625,CSW24,11,13,26.774000,17.560000,-9.214000,14b GROWS
625,CSW24,12,10,28.137000,17.483000,-10.654000,9c WOE
625,CSW24,13,12,27.091000,17.273000,-9.818000,11j UG
625,CSW24,14,14,26.466000,17.193000,-9.273000,13e WIG
625,CSW24,15,11,27.137000,15.974000,-11.163000,13a OW
625,CSW24,16,15,26.361000,15.906000,-10.455000,g5 GOWL
625,CSW24,17,17,25.439000,15.615000,-9.824000,h6 OUTGREW
625,CSW24,18,40,23.095000,15.382000,-7.713000,a9 GOUGERS
625,CSW24,19,16,26.137000,15.258000,-10.879000,d6 WO
625,CSW24,20,34,23.538000,14.608000,-8.930000,14b GREWS
625,CSW24,21,25,24.137000,14.534000,-9.603000,h10 ROW
625,CSW24,22,19,25.091000,14.429000,-10.662000,13a UG
625,CSW24,23,22,24.137000,13.881000,-10.256000,g6 OWL
625,CSW24,24,31,24.095000,13.642000,-10.453000,14b RUGOSE
625,CSW24,25,32,24.091000,13.337000,-10.754000,d6 GU
277,CSW24,1,1,36.572000,32.192000,-4.380000,9d GINK
277,CSW24,2,2,32.799000,27.452000,-5.347000,9d MINK
277,CSW24,3,3,29.748000,24.743000,-5.005000,9d DINK
277,CSW24,4,4,27.371000,22.944000,-4.427000,9e INK
277,CSW24,5,5,26.694000,19.399000,-7.295000,7f MIKED
277,CSW24,6,14,22.721000,19.323000,-3.398000,7f KID
277,CSW24,7,7,25.599000,18.858000,-6.741000,7f KIDGE
277,CSW24,8,8,24.520000,18.834000,-5.686000,f7 GINK
277,CSW24,9,11,23.373000,18.563000,-4.810000,g8 OK
277,CSW24,10,10,23.373000,18.497000,-4.876000,g7 KO
277,CSW24,11,23,21.047000,17.731000,-3.316000,7f MIG
277,CSW24,12,15,22.244000,17.004000,-5.240000,7f MIKE
277,CSW24,13,25,20.748000,16.718000,-4.030000,9f DINK
277,CSW24,14,12,23.309000,16.682000,-6.627000,e8 HIKED
277,CSW24,15,9,24.282000,16.484000,-7.798000,g7 MOKE
277,CSW24,16,6,25.854000,16.447000,-9.407000,g3 KINGDOM
277,CSW24,17,17,21.618000,16.273000,-5.345000,7d KED
277,CSW24,18,18,21.618000,16.131000,-5.487000,9d KED
277,CSW24,19,24,20.748000,15.878000,-4.870000,9d KIND
277,CSW24,20,13,22.980000,15.787000,-7.193000,f5 MIKING
277,CSW24,21,34,20.309000,15.361000,-4.948000,7f DIKE
277,CSW24,22,16,21.791000,14.844000,-6.947000,7f MIDGE
277,CSW24,23,22,21.303000,14.652000,-6.651000,g7 MOKI
277,CSW24,24,33,20.312000,14.234000,-6.078000,f7 MINK
277,CSW24,25,44,18.452000,14.212000,-4.240000,9f DING
276,CSW24,1,1,11.035000,7.316000,-3.719000,11c FANTAD
276,CSW24,2,2,10.944000,7.233000,-3.711000,e8 VANT
276,CSW24,3,4,10.274000,6.716000,-3.558000,11c DAFT
276,CSW24,4,3,10.315000,6.604000,-3.711000,11c VANT
276,CSW24,5,5,9.885000,6.343000,-3.542000,11c FAV
276,CSW24,6,6,8.944000,5.158000,-3.786000,11b AVANT
276,CSW24,7,7,8.944000,5.031000,-3.913000,11d AVANT
276,CSW24,8,8,8.640000,4.731000,-3.909000,e8 DAFT
276,CSW24,9,9,6.964000,3.307000,-3.657000,11c VANDA
276,CSW24,10,10,6.531000,2.817000,-3.714000,11c TAV
276,CSW24,11,11,6.531000,2.802000,-3.729000,11c VAT
276,CSW24,12,12,5.558000,2.116000,-3.442000,11c FAVA
276,CSW24,13,13,5.382000,1.825000,-3.557000,e9 VAT
276,CSW24,14,14,4.641000,0.864000,-3.777000,e8 FAND
276,CSW24,15,16,3.301000,-0.301000,-3.602000,11c FAND
276,CSW24,16,15,3.382000,-0.336000,-3.718000,11c TAVA
276,CSW24,17,19,2.796000,-0.940000,-3.736000,11c FAT
276,CSW24,18,20,2.796000,-1.033000,-3.829000,11d AFT
276,CSW24,19,17,3.078000,-2.024000,-5.102000,ex DFTV
276,CSW24,20,18,2.944000,-2.193000,-5.137000,c8 VANT
276,CSW24,21,21,2.218000,-2.884000,-5.102000,ex FTTV
276,CSW24,22,23,1.382000,-3.314000,-4.696000,c9 VAT
276,CSW24,23,27,0.245000,-3.318000,-3.563000,e9 VAN
276,CSW24,24,31,0.163000,-3.528000,-3.691000,11c NAV
276,CSW24,25,32,0.163000,-3.571000,-3.734000,11c VAN
322,CSW24,1,1,35.388000,27.822000,-7.566000,9i YA
322,CSW24,2,5,30.715000,27.190000,-3.525000,7e YEAD
322,CSW24,3,3,31.388000,25.362000,-6.026000,f6 YAR
322,CSW24,4,4,31.388000,25.147000,-6.241000,f8 RAY
322,CSW24,5,2,32.178000,24.896000,-7.282000,f8 RAYA
322,CSW24,6,9,29.235000,24.651000,-4.584000,7e YAE
322,CSW24,7,16,28.355000,24.507000,-3.848000,7f AIDA
322,CSW24,8,10,29.235000,24.371000,-4.864000,7e YEA
322,CSW24,9,14,28.399000,23.933000,-4.466000,9f EASY
322,CSW24,10,8,29.388000,23.849000,-5.539000,7e YA
322,CSW24,11,19,27.059000,23.175000,-3.884000,7f AIDE
322,CSW24,12,15,28.388000,22.760000,-5.628000,i7 ANY
322,CSW24,13,11,28.715000,21.084000,-7.631000,f6 DERAY
322,CSW24,14,6,30.235000,20.979000,-9.256000,9i YAE
322,CSW24,15,7,30.235000,20.867000,-9.368000,9i YEA
322,CSW24,16,18,27.362000,20.340000,-7.022000,j8 SAYID
322,CSW24,17,23,26.277000,20.258000,-6.019000,j8 SAY
322,CSW24,18,17,27.362000,20.214000,-7.148000,j4 DIYAS
322,CSW24,19,13,28.530000,20.130000,-8.400000,9i YAD
322,CSW24,20,22,26.277000,20.020000,-6.257000,j6 YAS
322,CSW24,21,24,26.235000,19.409000,-6.826000,f6 YARE
322,CSW24,22,27,26.180000,19.303000,-6.877000,e5 AIYEE
322,CSW24,23,33,25.388000,19.035000,-6.353000,f8 RYA
322,CSW24,24,28,26.178000,18.941000,-7.237000,f5 YAAR
322,CSW24,25,29,25.715000,18.926000,-6.789000,e7 DEEYA
716,CSW24,1,2,77.000000,70.409000,-6.591000,k8 EErIEST
716,CSW24,2,1,77.000000,70.395000,-6.605000,k8 EElIEST
716,CSW24,3,3,77.000000,70.027000,-6.973000,k8 EpEEIST
716,CSW24,4,4,75.000000,62.426000,-12.574000,14h RETIrEES
716,CSW24,5,10,61.000000,56.837000,-4.163000,15d TEpEFIES
716,CSW24,6,11,61.000000,56.674000,-4.326000,15e bEEFIEST
716,CSW24,7,12,61.000000,56.641000,-4.359000,15e rEEFIEST
716,CSW24,8,5,66.000000,56.509000,-9.491000,9g STEElIE
716,CSW24,9,6,62.000000,52.034000,-9.966000,6i EElIEST
716,CSW24,10,7,62.000000,51.968000,-10.032000,6i EErIEST
716,CSW24,11,8,62.000000,51.757000,-10.243000,6i STEElIE
716,CSW24,12,16,59.000000,50.908000,-8.092000,4a ETERnISE
716,CSW24,13,9,61.000000,50.053000,-10.947000,9h STEElIE
716,CSW24,14,20,58.000000,50.043000,-7.957000,4a pEERIEST
716,CSW24,15,18,58.000000,50.021000,-7.979000,4a bEERIEST
716,CSW24,16,13,60.000000,49.987000,-10.013000,6i EpEEIST
716,CSW24,17,19,58.000000,49.971000,-8.029000,4a lEERIEST
716,CSW24,18,14,60.000000,49.673000,-10.327000,6i SwEETIE
716,CSW24,19,21,58.000000,49.642000,-8.358000,4c EREmITES
716,CSW24,20,22,58.000000,49.394000,-8.606000,4d REESTIEr
716,CSW24,21,27,55.592000,49.380000,-6.212000,14g IRE
716,CSW24,22,25,58.000000,49.356000,-8.644000,4d REEkIEST
716,CSW24,23,17,58.000000,49.237000,-8.763000,3d TEEnIEST
716,CSW24,24,24,58.000000,49.219000,-8.781000,4d REEfIEST
716,CSW24,25,23,58.000000,49.054000,-8.946000,4d REEdIEST
506,CSW24,1,1,83.000000,76.501000,-6.499000,14h GOBbLER
506,CSW24,2,2,76.000000,72.328000,-3.672000,14e BOGgLER
506,CSW24,3,3,76.000000,72.327000,-3.673000,14e BOgGLER
506,CSW24,4,4,75.000000,68.123000,-6.877000,14h GLOBiER
506,CSW24,5,5,74.000000,68.026000,-5.974000,14h OBLiGER
506,CSW24,6,10,73.000000,65.746000,-7.254000,c1 GLOBiER
506,CSW24,7,14,73.000000,65.631000,-7.369000,c1 aLBERGO
506,CSW24,8,7,73.000000,65.601000,-7.399000,c1 BLOgGER
506,CSW24,9,6,73.000000,65.594000,-7.406000,c1 BLOGgER
506,CSW24,10,9,73.000000,65.563000,-7.437000,c1 BOgGLER
506,CSW24,11,8,73.000000,65.559000,-7.441000,c1 BOGgLER
506,CSW24,12,12,73.000000,65.345000,-7.655000,c1 GObBLER
506,CSW24,13,11,73.000000,65.339000,-7.661000,c1 GOBbLER
506,CSW24,14,13,73.000000,65.100000,-7.900000,c1 OBLiGER
506,CSW24,15,15,71.000000,64.302000,-6.698000,14h GObBLER
506,CSW24,16,16,70.000000,63.342000,-6.658000,14g GObBLER
506,CSW24,17,17,69.000000,63.247000,-5.753000,14g BOgGLER
506,CSW24,18,18,68.000000,61.001000,-6.999000,b4 GOBbLERS
506,CSW24,19,25,63.552000,59.252000,-4.300000,8l BERG
506,CSW24,20,20,65.000000,59.175000,-5.825000,14g BOGgLER
506,CSW24,21,19,66.000000,58.922000,-7.078000,b4 BOGgLERS
506,CSW24,22,24,64.000000,57.275000,-6.725000,14g GOBbLER
506,CSW24,23,21,64.000000,57.010000,-6.990000,b4 BLOGgERS
506,CSW24,24,22,64.000000,56.911000,-7.089000,b4 BLOgGERS
506,CSW24,25,29,60.874000,56.405000,-4.469000,8l BEGO
671,CSW24,1,1,24.434000,19.519000,-4.915000,12a HIREE
671,CSW24,2,4,21.150000,16.223000,-4.927000,12c POI
671,CSW24,3,2,22.150000,15.717000,-6.433000,10j POI
671,CSW24,4,5,20.909000,15.373000,-5.536000,13c PIE
671,CSW24,5,3,21.909000,15.323000,-6.586000,10j PIE
671,CSW24,6,6,20.823000,15.246000,-5.577000,12d OI
671,CSW24,7,7,20.810000,15.237000,-5.573000,12a HIRE
671,CSW24,8,8,20.122000,14.521000,-5.601000,12a HOPE
671,CSW24,9,9,19.292000,14.128000,-5.164000,12a HOPER
671,CSW24,10,10,18.823000,13.272000,-5.551000,12c IO
671,CSW24,11,11,16.702000,10.247000,-6.455000,10j PERI
671,CSW24,12,12,16.702000,10.103000,-6.599000,10j PIER
671,CSW24,13,18,14.810000,9.905000,-4.905000,12c REI
671,CSW24,14,17,14.810000,8.367000,-6.443000,d11 WRITE
671,CSW24,15,16,14.823000,8.256000,-6.567000,10j OI
671,CSW24,16,13,15.150000,8.090000,-7.060000,b10 POI
671,CSW24,17,14,14.909000,8.061000,-6.848000,10b PIE
671,CSW24,18,15,14.909000,8.058000,-6.851000,b10 PIE
671,CSW24,19,20,13.207000,7.722000,-5.485000,12a HERO
671,CSW24,20,21,13.207000,7.676000,-5.531000,12a HORE
671,CSW24,21,19,13.361000,7.487000,-5.874000,d10 IWI
671,CSW24,22,24,12.824000,7.183000,-5.641000,12d OE
671,CSW24,23,22,13.101000,6.629000,-6.472000,10j PI
671,CSW24,24,26,12.823000,5.949000,-6.874000,15c IO
671,CSW24,25,25,12.823000,5.363000,-7.460000,7h OI
862,CSW24,1,1,49.928000,41.097000,-8.831000,j4 GOWD
862,CSW24,2,2,49.414000,40.368000,-9.046000,9c TOWIE
862,CSW24,3,3,46.076000,38.575000,-7.501000,7d OWT
862,CSW24,4,14,44.877000,37.604000,-7.273000,9n WO
862,CSW24,5,4,45.877000,37.601000,-8.276000,f6 WOO
862,CSW24,6,6,45.877000,37.314000,-8.563000,9d OW
862,CSW24,7,5,45.877000,37.216000,-8.661000,7d OW
862,CSW24,8,20,44.149000,37.046000,-7.103000,6i GITE
862,CSW24,9,21,44.149000,37.029000,-7.120000,6i TIGE
862,CSW24,10,10,45.076000,36.790000,-8.286000,7c WOT
862,CSW24,11,15,44.807000,36.678000,-8.129000,9d OWIE
862,CSW24,12,16,44.516000,36.555000,-7.961000,9d OWE
862,CSW24,13,18,44.516000,36.460000,-8.056000,9e WOE
862,CSW24,14,19,44.228000,36.453000,-7.775000,6i GIO
862,CSW24,15,8,45.265000,36.283000,-8.982000,j5 GODWIT
862,CSW24,16,7,45.565000,36.183000,-9.382000,d8 PEWIT
862,CSW24,17,17,44.516000,36.135000,-8.381000,9e OWE
862,CSW24,18,9,45.076000,36.093000,-8.983000,7c TOW
862,CSW24,19,11,45.076000,36.031000,-9.045000,9c TOW
862,CSW24,20,12,44.877000,36.011000,-8.866000,7c WO
862,CSW24,21,26,43.877000,35.853000,-8.024000,9e WO
862,CSW24,22,13,44.877000,35.835000,-9.042000,9c WO
862,CSW24,23,22,44.076000,35.741000,-8.335000,f6 WOOT
862,CSW24,24,24,43.877000,35.713000,-8.164000,7e WO
862,CSW24,25,34,43.143000,35.706000,-7.437000,6i GIT
821,CSW24,1,1,36.778000,30.868000,-5.910000,9e TRIDE
821,CSW24,2,2,36.438000,30.284000,-6.154000,9f RIDE
821,CSW24,3,3,32.402000,25.816000,-6.586000,9f RIDER
821,CSW24,4,4,30.680000,23.988000,-6.692000,9f RID
821,CSW24,5,5,28.719000,22.634000,-6.085000,9f TIDE
821,CSW24,6,6,27.288000,20.760000,-6.528000,9g IDE
821,CSW24,7,7,25.695000,18.773000,-6.922000,9g ID
821,CSW24,8,8,25.027000,18.222000,-6.805000,9h DE
821,CSW24,9,9,23.653000,17.044000,-6.609000,9f TID
821,CSW24,10,15,22.450000,15.113000,-7.337000,h1 FATIGAtED
821,CSW24,11,12,23.438000,14.879000,-8.559000,d8 MIRED
821,CSW24,12,11,23.440000,14.816000,-8.624000,9h DERE
821,CSW24,13,17,22.288000,14.467000,-7.821000,9h DEI
821,CSW24,14,21,21.570000,14.444000,-7.126000,i1 ER
821,CSW24,15,10,23.440000,14.437000,-9.003000,9h DEER
821,CSW24,16,36,20.053000,14.275000,-5.778000,6f READ
821,CSW24,17,22,21.284000,14.045000,-7.239000,9c TIER
821,CSW24,18,13,22.778000,13.981000,-8.797000,d8 MITRED
821,CSW24,19,20,22.284000,13.871000,-8.413000,d8 MITRE
821,CSW24,20,18,22.284000,13.764000,-8.520000,d8 MERIT
821,CSW24,21,19,22.284000,13.721000,-8.563000,d8 MITER
821,CSW24,22,23,21.053000,13.662000,-7.391000,7c RED
821,CSW24,23,24,21.053000,13.489000,-7.564000,9c RED
821,CSW24,24,38,19.570000,13.361000,-6.209000,i7 ERR
821,CSW24,25,30,20.570000,13.164000,-7.406000,9d ER
1010,CSW24,1,1,119.590000,115.102000,-4.488000,14f ZEX
1010,CSW24,2,2,101.597000,96.279000,-5.318000,14f ZE
1010,CSW24,3,4,86.747000,82.207000,-4.540000,14f ZeX
1010,CSW24,4,3,86.747000,82.190000,-4.557000,14f ZaX
1010,CSW24,5,6,75.028000,70.027000,-5.001000,14f ZEd
1010,CSW24,6,8,75.028000,70.027000,-5.001000,14f ZEl
1010,CSW24,7,9,75.028000,70.027000,-5.001000,14f ZEp
1010,CSW24,8,10,75.028000,70.027000,-5.001000,14f ZEx
1010,CSW24,9,7,75.028000,69.909000,-5.119000,14f ZEk
1010,CSW24,10,5,75.028000,69.873000,-5.155000,14f ZEa
1010,CSW24,11,11,74.358000,67.134000,-7.224000,13j IBEX
1010,CSW24,12,14,71.842000,66.485000,-5.357000,14f Za
1010,CSW24,13,15,71.842000,66.483000,-5.359000,14f Ze
1010,CSW24,14,12,72.889000,66.467000,-6.422000,f13 EXO
1010,CSW24,15,16,71.842000,66.387000,-5.455000,14f Zo
1010,CSW24,16,13,72.043000,65.230000,-6.813000,13i BIZES
1010,CSW24,17,17,70.908000,64.933000,-5.975000,f14 ZO
1010,CSW24,18,18,70.074000,63.989000,-6.085000,l2 TAX
1010,CSW24,19,19,68.740000,62.537000,-6.203000,14f BE
1010,CSW24,20,21,67.889000,61.546000,-6.343000,11c EX
1010,CSW24,21,20,68.103000,61.334000,-6.769000,14i ZEX
1010,CSW24,22,22,67.074000,60.927000,-6.147000,13i XI
1010,CSW24,23,23,66.889000,60.575000,-6.314000,14g EX
1010,CSW24,24,25,65.686000,60.536000,-5.150000,14f ZaS
1010,CSW24,25,26,65.686000,60.465000,-5.221000,14f ZoS
397,CSW24,1,1,62.929000,50.720000,-12.209000,14b DOLTS
397,CSW24,2,2,58.037000,49.739000,-8.298000,11e TAXOL
397,CSW24,3,5,55.129000,48.660000,-6.469000,11e LAX
397,CSW24,4,4,55.574000,47.876000,-7.698000,11e TAX
397,CSW24,5,7,54.189000,47.335000,-6.854000,9f WOX
397,CSW24,6,13,52.523000,46.150000,-6.373000,e10 OLD
397,CSW24,7,3,55.611000,46.009000,-9.602000,12d OXID
397,CSW24,8,6,54.585000,45.331000,-9.254000,11e TAXOLS
397,CSW24,9,8,53.939000,44.646000,-9.293000,12d OXIDS
397,CSW24,10,23,50.880000,44.614000,-6.266000,e10 OLDS
397,CSW24,11,19,51.523000,43.736000,-7.787000,9f WOLD
397,CSW24,12,14,52.082000,43.329000,-8.753000,11e SALTbOX
397,CSW24,13,11,52.880000,41.746000,-11.134000,14c OLDS
397,CSW24,14,25,50.049000,41.725000,-8.324000,h8 EXTOLD
397,CSW24,15,10,52.880000,41.379000,-11.501000,14c LODS
397,CSW24,16,9,52.880000,41.359000,-11.521000,14c DOLS
397,CSW24,17,24,50.152000,41.122000,-9.030000,14f ST
397,CSW24,18,18,51.736000,41.040000,-10.696000,14d DOST
397,CSW24,19,21,51.120000,40.928000,-10.192000,14d LOST
397,CSW24,20,15,51.867000,40.594000,-11.273000,14f SOX
397,CSW24,21,36,46.989000,40.448000,-6.541000,7e TROD
397,CSW24,22,12,52.880000,40.078000,-12.802000,14f SOLD
397,CSW24,23,17,51.736000,39.938000,-11.798000,14c TODS
397,CSW24,24,16,51.736000,39.937000,-11.799000,14c DOTS
397,CSW24,25,30,47.420000,39.774000,-7.646000,11e DALT
246,CSW24,1,1,76.000000,72.666000,-3.334000,13g ENAMELED
246,CSW24,2,2,74.000000,71.434000,-2.566000,12g ALDERMEN
246,CSW24,3,3,63.000000,58.606000,-4.394000,13e ENAMELED
246,CSW24,4,4,61.000000,57.200000,-3.800000,11f ENDEMIAL
246,CSW24,5,5,33.694000,30.051000,-3.643000,l11 DEMAN
246,CSW24,6,6,31.376000,27.333000,-4.043000,l10 ANELED
246,CSW24,7,7,30.082000,26.088000,-3.994000,j9 TELEMAN
246,CSW24,8,8,29.563000,25.609000,-3.954000,l11 NEMA
246,CSW24,9,10,29.159000,25.415000,-3.744000,l10 EDEMA
246,CSW24,10,11,28.983000,25.258000,-3.725000,l11 DEME
246,CSW24,11,9,29.399000,24.800000,-4.599000,8k REALM
246,CSW24,12,12,28.563000,23.987000,-4.576000,8k RAMEN
246,CSW24,13,13,28.563000,23.975000,-4.588000,8k REMAN
246,CSW24,14,14,27.228000,23.369000,-3.859000,l10 ENEMA
246,CSW24,15,15,27.043000,22.783000,-4.260000,e4 VEE
246,CSW24,16,16,26.461000,22.525000,-3.936000,l11 DELE
246,CSW24,17,17,26.399000,22.511000,-3.888000,j11 LAME
246,CSW24,18,18,26.274000,22.010000,-4.264000,l12 EM
246,CSW24,19,21,25.911000,21.934000,-3.977000,j9 TEL
246,CSW24,20,19,26.119000,21.876000,-4.243000,j11 MEDAL
246,CSW24,21,20,25.980000,21.584000,-4.396000,j11 LEMAN
246,CSW24,22,26,25.563000,21.547000,-4.016000,j11 MANE
246,CSW24,23,23,25.694000,21.494000,-4.200000,j11 DEMAN
246,CSW24,24,31,25.177000,20.942000,-4.235000,l11 DEL
246,CSW24,25,29,25.274000,20.924000,-4.350000,j13 ME
851,CSW24,1,1,58.668000,53.810000,-4.858000,5b ULAN
851,CSW24,2,2,51.358000,45.496000,-5.862000,e8 VULN
851,CSW24,3,4,45.722000,40.624000,-5.098000,5d AN
851,CSW24,4,3,46.460000,39.325000,-7.135000,12a YULAN
851,CSW24,5,5,44.533000,39.123000,-5.410000,5a HULA
851,CSW24,6,6,44.358000,38.332000,-6.026000,3k LUN
851,CSW24,7,13,43.272000,37.882000,-5.390000,5b UH
851,CSW24,8,12,43.366000,37.659000,-5.707000,c10 NURL
851,CSW24,9,7,44.034000,37.553000,-6.481000,b12 URN
851,CSW24,10,8,43.533000,37.517000,-6.016000,6f JHALA
851,CSW24,11,15,42.668000,37.267000,-5.401000,5a LUNA
851,CSW24,12,11,43.366000,37.263000,-6.103000,3k NURL
851,CSW24,13,16,42.436000,36.592000,-5.844000,3k LUR
851,CSW24,14,19,41.913000,36.519000,-5.394000,c7 UN
851,CSW24,15,18,42.034000,36.149000,-5.885000,3k NUR
851,CSW24,16,17,42.372000,35.935000,-6.437000,5h UHLAN
851,CSW24,17,20,41.533000,35.363000,-6.170000,3k LAH
851,CSW24,18,22,40.553000,34.981000,-5.572000,5a HUN
851,CSW24,19,23,40.533000,34.968000,-5.565000,c9 LAH
851,CSW24,20,21,41.460000,34.901000,-6.559000,3k LUNA
851,CSW24,21,25,39.602000,34.153000,-5.449000,e2 UPON
851,CSW24,22,24,40.066000,33.838000,-6.228000,3k NAH
851,CSW24,23,27,39.066000,33.577000,-5.489000,c9 NAH
851,CSW24,24,14,43.076000,33.364000,-9.712000,3k LUNAR
851,CSW24,25,26,39.137000,33.200000,-5.937000,c10 RAUN
263,CSW24,1,1,92.000000,86.671000,-5.329000,a3 aLNAGES
263,CSW24,2,2,92.000000,86.669000,-5.331000,a3 aNLAGES
263,CSW24,3,3,91.000000,85.654000,-5.346000,a3 ALNaGES
263,CSW24,4,4,91.000000,85.652000,-5.348000,a3 ANLaGES
263,CSW24,5,6,89.000000,83.652000,-5.348000,a3 LyNAGES
263,CSW24,6,5,89.000000,83.642000,-5.358000,a3 LiNAGES
263,CSW24,7,7,86.000000,76.687000,-9.313000,o1 CoNGEALS
263,CSW24,8,8,83.000000,73.732000,-9.268000,o1 CLANGErS
263,CSW24,9,11,72.000000,63.386000,-8.614000,12a GAmELANS
263,CSW24,10,12,70.000000,61.426000,-8.574000,12a LAsAGNES
263,CSW24,11,13,70.000000,61.319000,-8.681000,12a SANGrEAL
263,CSW24,12,9,72.000000,60.134000,-11.866000,l1 CLANGErS
263,CSW24,13,19,67.128000,59.941000,-7.187000,a6 EGAL
263,CSW24,14,10,72.000000,59.901000,-12.099000,l1 CoNGEALS
263,CSW24,15,20,66.720000,59.581000,-7.139000,a6 AGEN
263,CSW24,16,17,68.000000,59.355000,-8.645000,12a LASAGNEs
263,CSW24,17,18,68.000000,58.694000,-9.306000,12b AuLNAGES
263,CSW24,18,28,64.128000,56.877000,-7.251000,a5 GALE
263,CSW24,19,27,66.000000,56.562000,-9.438000,12b ALNAGErS
263,CSW24,20,29,63.930000,56.485000,-7.445000,a7 GAN
263,CSW24,21,32,63.460000,56.445000,-7.015000,a5 GALES
263,CSW24,22,31,63.866000,56.437000,-7.429000,a7 LAG
263,CSW24,23,15,68.000000,56.434000,-11.566000,m1 TrANGLES
263,CSW24,24,16,68.000000,56.399000,-11.601000,m1 TwANGLES
263,CSW24,25,30,63.866000,56.393000,-7.473000,a7 GAL
350,CSW24,1,1,38.244000,28.693000,-9.551000,3b NITRO
350,CSW24,2,2,33.471000,24.191000,-9.280000,3c INRO
350,CSW24,3,4,32.760000,23.429000,-9.331000,3b RIN
350,CSW24,4,3,33.005000,23.310000,-9.695000,3a TRIN
350,CSW24,5,5,28.327000,19.173000,-9.154000,3b TIRR
350,CSW24,6,6,25.313000,16.175000,-9.138000,3c INN
350,CSW24,7,7,24.333000,15.203000,-9.130000,3c INTO
350,CSW24,8,8,23.336000,13.780000,-9.556000,3b RIT
350,CSW24,9,11,21.774000,12.706000,-9.068000,3c INT
350,CSW24,10,10,21.774000,12.662000,-9.112000,3b TIN
350,CSW24,11,9,21.774000,12.464000,-9.310000,3b NIT
350,CSW24,12,12,19.086000,9.503000,-9.583000,k8 PERN
350,CSW24,13,13,18.519000,8.112000,-10.407000,k8 PERRON
350,CSW24,14,18,16.885000,7.590000,-9.295000,3c IN
350,CSW24,15,19,16.869000,7.301000,-9.568000,3f INTRON
350,CSW24,16,17,17.244000,7.293000,-9.951000,5g NITRO
350,CSW24,17,16,17.244000,7.283000,-9.961000,5g INTRO
350,CSW24,18,15,17.506000,7.219000,-10.287000,10k RONIN
350,CSW24,19,14,17.512000,7.118000,-10.394000,10k RONT
350,CSW24,20,20,16.512000,6.936000,-9.576000,3e RONT
350,CSW24,21,23,14.673000,5.546000,-9.127000,3g NOR
350,CSW24,22,22,14.673000,4.929000,-9.744000,3e NOR
350,CSW24,23,25,14.471000,4.796000,-9.675000,5h INRO
350,CSW24,24,27,14.244000,4.771000,-9.473000,3f INTRO
350,CSW24,25,24,14.512000,4.748000,-9.764000,3d TRON
254,CSW24,1,1,23.645000,14.218000,-9.427000,c11 WON
254,CSW24,2,2,23.061000,10.527000,-12.534000,m7 WOON
254,CSW24,3,5,16.208000,6.109000,-10.099000,8l SWOP
254,CSW24,4,4,16.208000,5.973000,-10.235000,8l SOWP
254,CSW24,5,3,18.035000,5.477000,-12.558000,m7 POON
254,CSW24,6,12,10.830000,3.162000,-7.668000,15a WOOT
254,CSW24,7,16,10.645000,3.004000,-7.641000,15a WONT
254,CSW24,8,15,10.645000,2.984000,-7.661000,15a NOWT
254,CSW24,9,8,13.403000,2.677000,-10.726000,3c PAWNOR
254,CSW24,10,6,14.035000,1.622000,-12.413000,m7 NOOP
254,CSW24,11,7,13.830000,1.606000,-12.224000,m7 WOO
254,CSW24,12,11,11.119000,1.148000,-9.971000,m10 PAWN
254,CSW24,13,17,10.148000,0.809000,-9.339000,9c QI
254,CSW24,14,10,11.181000,0.610000,-10.571000,m10 NAPOO
254,CSW24,15,13,10.645000,0.353000,-10.292000,8l SNOW
254,CSW24,16,14,10.645000,0.141000,-10.504000,8l SOWN
254,CSW24,17,23,7.446000,-0.284000,-7.730000,15a POOT
254,CSW24,18,9,11.403000,-1.755000,-13.158000,13j WEAPON
254,CSW24,19,31,5.784000,-1.924000,-7.708000,15a PONT
254,CSW24,20,20,7.743000,-2.345000,-10.088000,8l SPAW
254,CSW24,21,21,7.743000,-2.364000,-10.107000,8l SWAP
254,CSW24,22,18,9.446000,-2.864000,-12.310000,m7 POO
254,CSW24,23,43,4.673000,-2.997000,-7.670000,15a WANT
254,CSW24,24,22,7.446000,-3.021000,-10.467000,8l SOOP
254,CSW24,25,25,7.062000,-3.442000,-10.504000,13i PAEON
601,CSW24,1,1,35.582000,32.333000,-3.249000,f10 XI
601,CSW24,2,2,29.511000,25.514000,-3.997000,10b XEBEC
601,CSW24,3,3,20.756000,16.969000,-3.787000,10e EXCEL
601,CSW24,4,4,19.922000,15.834000,-4.088000,10e EXEC
601,CSW24,5,5,17.791000,13.840000,-3.951000,10b CELEB
601,CSW24,6,6,17.599000,12.648000,-4.951000,f11 IBEX
601,CSW24,7,7,16.253000,12.495000,-3.758000,10c IBEX
601,CSW24,8,9,14.173000,10.708000,-3.465000,10d LEX
601,CSW24,9,11,13.511000,9.927000,-3.584000,10d XEBEC
601,CSW24,10,12,13.140000,9.245000,-3.895000,10e EX
601,CSW24,11,8,14.599000,9.145000,-5.454000,d11 IBEX
601,CSW24,12,10,13.945000,8.992000,-4.953000,f11 ILEX
601,CSW24,13,13,12.862000,8.785000,-4.077000,d10 BICE
601,CSW24,14,14,12.098000,8.443000,-3.655000,10c ILEX
601,CSW24,15,17,11.885000,7.562000,-4.323000,d10 BEL
601,CSW24,16,16,11.945000,7.551000,-4.394000,10e EXILE
601,CSW24,17,19,9.922000,6.521000,-3.401000,10c EXEC
601,CSW24,18,18,10.032000,5.594000,-4.438000,h6 QIS
601,CSW24,19,23,8.756000,5.369000,-3.387000,10b EXCEL
601,CSW24,20,20,9.758000,4.529000,-5.229000,d10 BILE
601,CSW24,21,24,7.791000,4.289000,-3.502000,10d CELEB
601,CSW24,22,21,8.945000,3.435000,-5.510000,d11 ILEX
601,CSW24,23,25,7.595000,3.260000,-4.335000,f10 LIB
601,CSW24,24,27,6.938000,3.024000,-3.914000,10b BICE
601,CSW24,25,22,8.758000,2.873000,-5.885000,f4 LIBER
87,CSW24,1,2,32.783000,28.251000,-4.532000,c9 BEGUN
87,CSW24,2,1,32.877000,28.067000,-4.810000,c9 BUNGEE
87,CSW24,3,3,31.221000,26.742000,-4.479000,c9 BUNCE
87,CSW24,4,5,24.491000,19.596000,-4.895000,2m CUZ
87,CSW24,5,4,25.783000,17.773000,-8.010000,12a BEGUN
87,CSW24,6,7,22.405000,17.281000,-5.124000,12f GUB
87,CSW24,7,8,22.062000,17.263000,-4.799000,m8 CUB
87,CSW24,8,10,21.405000,16.749000,-4.656000,m8 GUB
87,CSW24,9,9,21.405000,16.741000,-4.664000,m8 BUG
87,CSW24,10,6,24.221000,16.264000,-7.957000,12a BUNCE
87,CSW24,11,11,20.756000,15.198000,-5.558000,2m BEZ
87,CSW24,12,15,19.793000,15.121000,-4.672000,m8 BEG
87,CSW24,13,13,20.141000,15.108000,-5.033000,14b CUBE
87,CSW24,14,12,20.141000,14.831000,-5.310000,12b CUBE
87,CSW24,15,17,18.793000,14.047000,-4.746000,f2 BEG
87,CSW24,16,14,19.856000,13.840000,-6.016000,2l GEEZ
87,CSW24,17,19,18.405000,13.824000,-4.581000,c9 BUG
87,CSW24,18,18,18.637000,13.796000,-4.841000,f2 GENE
87,CSW24,19,21,18.367000,13.577000,-4.790000,f2 BENE
87,CSW24,20,20,18.405000,13.259000,-5.146000,j10 BUGEYE
87,CSW24,21,25,16.793000,12.188000,-4.605000,c9 BEG
87,CSW24,22,23,17.062000,11.863000,-5.199000,12c CUB
87,CSW24,23,28,16.475000,11.662000,-4.813000,c9 BUNG
87,CSW24,24,30,16.405000,11.211000,-5.194000,12c GUB
87,CSW24,25,29,16.475000,11.133000,-5.342000,12c BUNG
258,CSW24,1,1,50.967000,51.073000,0.106000,13a JAG
258,CSW24,2,2,46.651000,46.162000,-0.489000,4j JAGER
258,CSW24,3,3,44.427000,44.737000,0.310000,l2 TAJ
258,CSW24,4,4,39.797000,39.586000,-0.211000,5i JAGAED
258,CSW24,5,5,39.006000,37.238000,-1.768000,4j JAGERS
258,CSW24,6,6,34.826000,34.038000,-0.788000,l2 TAJES
258,CSW24,7,7,33.810000,33.930000,0.120000,3i JATAKA
258,CSW24,8,8,32.458000,33.086000,0.628000,l2 TAG
258,CSW24,9,9,31.930000,31.885000,-0.045000,c7 JAAP
258,CSW24,10,11,30.923000,30.944000,0.021000,13b AG
258,CSW24,11,10,31.099000,30.937000,-0.162000,c8 JAP
258,CSW24,12,12,30.458000,30.897000,0.439000,13a TAG
258,CSW24,13,13,30.099000,30.251000,0.152000,13a JA
258,CSW24,14,16,28.655000,30.171000,1.516000,o1 ATE
258,CSW24,15,14,29.427000,30.041000,0.614000,6i TAJ
258,CSW24,16,15,29.191000,29.353000,0.162000,4j GATER
258,CSW24,17,20,26.655000,27.325000,0.670000,l1 ETA
258,CSW24,18,17,26.923000,27.139000,0.216000,l3 AG
258,CSW24,19,19,26.678000,27.092000,0.414000,4l GERT
258,CSW24,20,18,26.835000,26.894000,0.059000,4k AGER
258,CSW24,21,22,25.655000,26.389000,0.734000,l2 TAE
258,CSW24,22,21,25.923000,25.969000,0.046000,n14 AG
258,CSW24,23,23,25.372000,25.899000,0.527000,l3 AGA
258,CSW24,24,25,24.449000,24.869000,0.420000,l1 ETAS
258,CSW24,25,26,24.291000,24.768000,0.477000,l2 TAGS
231,CSW24,1,1,48.534000,43.261000,-5.273000,1m QAT
231,CSW24,2,2,29.263000,23.028000,-6.235000,l8 NIQAB
231,CSW24,3,3,21.324000,15.812000,-5.512000,5k BOT
231,CSW24,4,4,21.324000,15.729000,-5.595000,k5 BEAUT
231,CSW24,5,5,21.080000,15.583000,-5.497000,5k BOD
231,CSW24,6,8,19.035000,13.525000,-5.510000,5k BOR
231,CSW24,7,6,19.534000,13.496000,-6.038000,11m QAT
231,CSW24,8,7,19.116000,13.400000,-5.716000,m1 BIDI
231,CSW24,9,9,18.650000,12.812000,-5.838000,12e DRIB
231,CSW24,10,11,17.696000,12.153000,-5.543000,5k BO
231,CSW24,11,12,17.308000,11.488000,-5.820000,4a QAT
231,CSW24,12,13,17.080000,11.336000,-5.744000,m1 DIB
231,CSW24,13,15,16.193000,10.840000,-5.353000,1m BAD
231,CSW24,14,16,16.160000,10.661000,-5.499000,5k BOI
231,CSW24,15,17,16.116000,10.465000,-5.651000,o2 DIB
231,CSW24,16,22,15.187000,9.902000,-5.285000,o1 ADIT
231,CSW24,17,18,15.740000,9.882000,-5.858000,12e DARB
231,CSW24,18,20,15.193000,9.838000,-5.355000,1m DAB
231,CSW24,19,19,15.740000,9.816000,-5.924000,12e DRAB
231,CSW24,20,25,15.080000,9.345000,-5.735000,m1 BID
231,CSW24,21,26,15.035000,9.324000,-5.711000,m1 RIB
231,CSW24,22,27,14.992000,9.203000,-5.789000,o3 QADI
231,CSW24,23,29,14.955000,9.138000,-5.817000,o5 QI
231,CSW24,24,30,14.650000,9.112000,-5.538000,o2 DRIB
231,CSW24,25,23,15.132000,9.088000,-6.044000,m1 QI
439,CSW24,1,5,20.064000,16.061000,-4.003000,a13 EAU
439,CSW24,2,1,21.169000,14.906000,-6.263000,6d QUOTE
439,CSW24,3,4,20.214000,14.627000,-5.587000,b6 EA
439,CSW24,4,2,20.854000,13.689000,-7.165000,6d QUORATE
439,CSW24,5,3,20.778000,12.982000,-7.796000,12b COTEAU
439,CSW24,6,6,19.839000,12.442000,-7.397000,b4 OUTA
439,CSW24,7,10,17.766000,12.432000,-5.334000,12b CUE
439,CSW24,8,8,18.086000,11.868000,-6.218000,6d QUATE
439,CSW24,9,9,17.839000,11.576000,-6.263000,6d QUOTA
439,CSW24,10,11,17.510000,10.655000,-6.855000,b4 UREA
439,CSW24,11,12,17.249000,10.603000,-6.646000,12b COURE
439,CSW24,12,22,14.998000,10.197000,-4.801000,9d HOE
439,CSW24,13,14,16.362000,10.108000,-6.254000,6d QUOTER
439,CSW24,14,21,15.062000,10.048000,-5.014000,7h OU
439,CSW24,15,7,19.064000,10.014000,-9.050000,c13 EAU
439,CSW24,16,16,15.652000,9.998000,-5.654000,6d QUA
439,CSW24,17,17,15.510000,9.386000,-6.124000,6d QUARE
439,CSW24,18,13,17.162000,9.318000,-7.844000,b4 TOEA
439,CSW24,19,20,15.310000,8.978000,-6.332000,6d QUAERE
439,CSW24,20,15,15.839000,8.926000,-6.913000,12b COUTA
439,CSW24,21,25,14.214000,8.873000,-5.341000,c13 EA
439,CSW24,22,30,13.753000,8.618000,-5.135000,7b AZOTE
439,CSW24,23,19,15.362000,8.416000,-6.946000,12b CROUTE
439,CSW24,24,18,15.362000,8.312000,-7.050000,12b COUTER
439,CSW24,25,48,12.214000,7.982000,-4.232000,a14 EA
260,CSW24,1,1,27.057000,21.217000,-5.840000,c1 MINEVER
260,CSW24,2,2,25.365000,20.115000,-5.250000,3b EM
260,CSW24,3,6,20.542000,15.388000,-5.154000,3a REM
260,CSW24,4,3,22.878000,15.132000,-7.746000,7a MEOU
260,CSW24,5,4,21.380000,14.855000,-6.525000,7a MEU
260,CSW24,6,7,20.365000,13.959000,-6.406000,i6 EM
260,CSW24,7,16,18.697000,13.322000,-5.375000,g1 EAU
260,CSW24,8,8,20.162000,13.104000,-7.058000,c5 VENOM
260,CSW24,9,9,20.086000,12.982000,-7.104000,7a MENU
260,CSW24,10,5,20.854000,12.899000,-7.955000,12d ENAMOUR
260,CSW24,11,13,19.380000,12.868000,-6.512000,7b EMU
260,CSW24,12,10,19.697000,12.819000,-6.878000,11e ECU
260,CSW24,13,22,18.350000,12.160000,-6.190000,i6 OM
260,CSW24,14,26,17.365000,11.961000,-5.404000,4d ME
260,CSW24,15,11,19.692000,11.837000,-7.855000,11c OUNCE
260,CSW24,16,27,17.163000,11.796000,-5.367000,4d MU
260,CSW24,17,14,18.894000,11.775000,-7.119000,c5 VENUE
260,CSW24,18,12,19.522000,11.344000,-8.178000,11f CERUMEN
260,CSW24,19,23,18.195000,10.861000,-7.334000,11d UNCE
260,CSW24,20,20,18.568000,10.531000,-8.037000,11f CONURE
260,CSW24,21,18,18.568000,10.503000,-8.065000,11c OUNCER
260,CSW24,22,19,18.568000,10.395000,-8.173000,11d UNCOER
260,CSW24,23,25,17.887000,10.291000,-7.596000,c5 VENOMER
260,CSW24,24,43,15.596000,10.240000,-5.356000,d4 MEOU
260,CSW24,25,17,18.568000,10.167000,-8.401000,11b ROUNCE
389,CSW24,1,1,35.887000,29.280000,-6.607000,12a FOIN
389,CSW24,2,2,32.907000,26.203000,-6.704000,12a FAIN
389,CSW24,3,3,30.887000,24.027000,-6.860000,12b FINO
389,CSW24,4,5,30.324000,23.161000,-7.163000,3a FAY
389,CSW24,5,4,30.522000,22.610000,-7.912000,3h FAINLY
389,CSW24,6,10,27.645000,22.136000,-5.509000,e4 UFO
389,CSW24,7,8,28.779000,21.863000,-6.916000,12b YONI
389,CSW24,8,7,28.816000,21.218000,-7.598000,12d NOILY
389,CSW24,9,9,27.693000,20.764000,-6.929000,12b FANO
389,CSW24,10,13,26.566000,20.034000,-6.532000,12a FLAN
389,CSW24,11,18,25.154000,19.954000,-5.200000,5c YONI
389,CSW24,12,14,26.384000,19.122000,-7.262000,h1 FYLE
389,CSW24,13,11,27.522000,19.056000,-8.466000,3h NAIFLY
389,CSW24,14,6,29.522000,19.034000,-10.488000,b2 ANGLIFY
389,CSW24,15,15,25.793000,18.805000,-6.988000,12a AYIN
389,CSW24,16,17,25.253000,17.765000,-7.488000,3a OAF
389,CSW24,17,19,23.776000,17.758000,-6.018000,c3 FAY
389,CSW24,18,16,25.717000,17.543000,-8.174000,b2 FOGY
389,CSW24,19,21,23.645000,17.413000,-6.232000,c6 OF
389,CSW24,20,12,27.340000,17.208000,-10.132000,d11 UNIFY
389,CSW24,21,20,23.770000,17.081000,-6.689000,12b YON
389,CSW24,22,24,22.644000,17.029000,-5.615000,c3 LAYIN
389,CSW24,23,22,23.599000,16.906000,-6.693000,12b FON
389,CSW24,24,23,23.294000,16.860000,-6.434000,c6 OY
389,CSW24,25,29,21.776000,15.953000,-5.823000,7c FEY
442,CSW24,1,1,28.822000,19.630000,-9.192000,d1 DEPRIVAL
442,CSW24,2,4,18.944000,14.716000,-4.228000,h7 VEG
442,CSW24,3,6,18.153000,14.166000,-3.987000,9c VEG
442,CSW24,4,5,18.473000,12.932000,-5.541000,j5 VIGS
442,CSW24,5,3,19.255000,12.444000,-6.811000,j6 VESPID
442,CSW24,6,8,16.293000,12.391000,-3.902000,9b VIPER
442,CSW24,7,2,21.055000,11.878000,-9.177000,9a GIVED
442,CSW24,8,7,16.473000,11.766000,-4.707000,h5 GIVE
442,CSW24,9,10,15.974000,11.156000,-4.818000,h5 GIVED
442,CSW24,10,9,16.177000,11.062000,-5.115000,h4 VIRGE
442,CSW24,11,21,14.741000,10.280000,-4.461000,9b GIP
442,CSW24,12,13,15.727000,10.094000,-5.633000,d4 RIVALED
442,CSW24,13,12,15.727000,9.939000,-5.788000,e3 RIVETED
442,CSW24,14,18,15.021000,9.764000,-5.257000,e4 VERTED
442,CSW24,15,14,15.727000,9.716000,-6.011000,d6 VALIDER
442,CSW24,16,11,15.727000,9.408000,-6.319000,e2 VERDITE
442,CSW24,17,16,15.138000,9.324000,-5.814000,j4 GIVES
442,CSW24,18,17,15.067000,9.279000,-5.788000,h2 DIVERGE
442,CSW24,19,22,13.855000,9.220000,-4.635000,h7 PEG
442,CSW24,20,19,14.782000,8.952000,-5.830000,j8 SPIV
442,CSW24,21,36,12.230000,8.419000,-3.811000,9e GIED
442,CSW24,22,24,13.773000,8.224000,-5.549000,e4 EVITED
442,CSW24,23,20,14.773000,8.145000,-6.628000,j6 VISED
442,CSW24,24,23,13.822000,7.702000,-6.120000,h7 DEPRIVE
442,CSW24,25,29,12.822000,7.693000,-5.129000,h2 DEPRIVE
410,CSW24,1,1,176.000000,169.829000,-6.171000,1a ATHENEUM
410,CSW24,2,2,83.000000,68.256000,-14.744000,b2 METHANE
410,CSW24,3,3,78.000000,65.688000,-12.312000,e2 HEMATEIN
410,CSW24,4,4,68.000000,50.370000,-17.630000,9h METHANE
410,CSW24,5,5,52.402000,40.899000,-11.503000,3i MANEH
410,CSW24,6,7,45.738000,37.644000,-8.094000,h1 HE
410,CSW24,7,8,44.215000,35.259000,-8.956000,1d HEAUME
410,CSW24,8,9,41.568000,32.510000,-9.058000,1g UNEATH
410,CSW24,9,6,45.947000,32.449000,-13.498000,c9 HAVEN
410,CSW24,10,27,36.882000,28.784000,-8.098000,h1 HA
410,CSW24,11,13,40.466000,28.704000,-11.762000,3i MANET
410,CSW24,12,14,40.402000,28.550000,-11.852000,5i MANEH
410,CSW24,13,19,39.576000,27.905000,-11.671000,5i HEM
410,CSW24,14,12,40.576000,27.665000,-12.911000,5i MEH
410,CSW24,15,10,41.338000,27.654000,-13.684000,c9 MAVEN
410,CSW24,16,21,39.078000,27.467000,-11.611000,5i HEME
410,CSW24,17,16,40.102000,27.379000,-12.723000,5i HAME
410,CSW24,18,11,41.102000,27.272000,-13.830000,5j AHEM
410,CSW24,19,37,35.207000,26.737000,-8.470000,h1 ME
410,CSW24,20,17,39.978000,26.669000,-13.309000,c9 HEVEA
410,CSW24,21,34,35.466000,26.280000,-9.186000,1g UNTEAM
410,CSW24,22,35,35.402000,26.124000,-9.278000,1f HUMANE
410,CSW24,23,15,40.102000,25.984000,-14.118000,3j AHEM
410,CSW24,24,38,35.119000,25.827000,-9.292000,1f HUMATE
410,CSW24,25,20,39.576000,25.742000,-13.834000,5k HEM
867,CSW24,1,1,41.097000,37.062000,-4.035000,a4 PERFIN
867,CSW24,2,2,34.283000,27.175000,-7.108000,n8 RIF
867,CSW24,3,3,28.376000,20.509000,-7.867000,c3 PREIF
867,CSW24,4,5,24.594000,20.115000,-4.479000,a1 FIRIE
867,CSW24,5,6,24.001000,19.352000,-4.649000,a1 PINIER
867,CSW24,6,7,23.838000,16.249000,-7.589000,n8 RIP
867,CSW24,7,4,25.370000,15.758000,-9.612000,b2 RIFLIP
867,CSW24,8,9,20.549000,15.607000,-4.942000,a4 REPIN
867,CSW24,9,10,19.895000,15.277000,-4.618000,a1 RHINE
867,CSW24,10,11,19.418000,12.096000,-7.322000,6a FIN
867,CSW24,11,12,19.283000,12.044000,-7.239000,3e IF
867,CSW24,12,13,18.965000,11.604000,-7.361000,6a FIR
867,CSW24,13,8,22.554000,11.204000,-11.350000,n13 HIP
867,CSW24,14,14,18.965000,10.996000,-7.969000,6a RIF
867,CSW24,15,15,17.500000,10.143000,-7.357000,3f FIRN
867,CSW24,16,16,17.370000,9.953000,-7.417000,3f FINI
867,CSW24,17,17,16.418000,8.828000,-7.590000,3f FIN
867,CSW24,18,18,16.364000,8.826000,-7.538000,m1 FIRTHS
867,CSW24,19,19,15.965000,8.477000,-7.488000,3f FIR
867,CSW24,20,20,15.788000,7.965000,-7.823000,d2 WHIG
867,CSW24,21,22,14.771000,7.331000,-7.440000,6a HIN
867,CSW24,22,25,14.283000,6.232000,-8.051000,6b IF
867,CSW24,23,24,14.418000,6.072000,-8.346000,c3 NIEF
867,CSW24,24,21,15.097000,5.900000,-9.197000,c4 PERFIN
867,CSW24,25,26,13.965000,5.631000,-8.334000,c3 FIER
806,CSW24,1,1,29.891000,23.295000,-6.596000,c2 NURAGHI
806,CSW24,2,4,22.462000,16.474000,-5.988000,7g HAUN
806,CSW24,3,3,22.483000,15.508000,-6.975000,m12 HUN
806,CSW24,4,5,20.366000,14.420000,-5.946000,7g HANG
806,CSW24,5,6,19.644000,14.381000,-5.263000,7e NAH
806,CSW24,6,2,23.385000,13.375000,-10.010000,m12 HUNG
806,CSW24,7,8,18.644000,12.935000,-5.709000,7g HAN
806,CSW24,8,7,18.800000,12.781000,-6.019000,7g HARN
806,CSW24,9,10,18.180000,11.583000,-6.597000,8l THRU
806,CSW24,10,13,17.483000,10.903000,-6.580000,7h HUN
806,CSW24,11,12,17.644000,10.794000,-6.850000,8l THAN
806,CSW24,12,11,17.644000,10.772000,-6.872000,8l TANH
806,CSW24,13,21,15.850000,10.256000,-5.594000,7g GNU
806,CSW24,14,19,16.045000,10.236000,-5.809000,7b UH
806,CSW24,15,17,16.611000,10.076000,-6.535000,8l THUG
806,CSW24,16,16,16.850000,9.977000,-6.873000,8l TUNG
806,CSW24,17,15,17.258000,9.946000,-7.312000,g5 UNHINGe
806,CSW24,18,18,16.258000,9.749000,-6.509000,h4 HUNGAN
806,CSW24,19,9,18.462000,8.133000,-10.329000,m12 HAUN
806,CSW24,20,23,14.457000,7.522000,-6.935000,8l TURN
806,CSW24,21,30,12.644000,7.460000,-5.184000,9g NAH
806,CSW24,22,28,12.809000,7.361000,-5.448000,7g HAG
806,CSW24,23,34,12.200000,7.025000,-5.175000,h14 HA
806,CSW24,24,14,17.366000,7.010000,-10.356000,m12 HANG
806,CSW24,25,35,12.131000,6.941000,-5.190000,10f UN
336,CSW24,1,1,70.848000,57.679000,-13.169000,m3 FIGO
336,CSW24,2,4,59.848000,51.310000,-8.538000,15e FIGO
336,CSW24,3,2,61.244000,49.009000,-12.235000,11e FIDO
336,CSW24,4,7,57.244000,48.690000,-8.554000,15e FIDO
336,CSW24,5,3,60.970000,47.995000,-12.975000,j6 FOID
336,CSW24,6,5,58.848000,46.115000,-12.733000,o9 FIGO
336,CSW24,7,6,58.250000,44.880000,-13.370000,m3 FIG
336,CSW24,8,8,54.528000,42.132000,-12.396000,11e FID
336,CSW24,9,9,54.250000,41.236000,-13.014000,13e GIF
336,CSW24,10,10,52.528000,40.154000,-12.374000,11e DIF
336,CSW24,11,19,47.559000,39.323000,-8.236000,15g GIO
336,CSW24,12,11,52.262000,38.898000,-13.364000,m3 FOG
336,CSW24,13,12,50.528000,37.583000,-12.945000,13e DIF
336,CSW24,14,21,45.559000,36.951000,-8.608000,15f GIO
336,CSW24,15,33,42.238000,36.828000,-5.410000,15n DI
336,CSW24,16,13,50.250000,36.572000,-13.678000,o9 FIG
336,CSW24,17,14,49.877000,36.419000,-13.458000,m3 DIG
336,CSW24,18,16,48.229000,35.011000,-13.218000,13f IF
336,CSW24,19,18,48.005000,34.969000,-13.036000,m5 GOD
336,CSW24,20,17,48.017000,34.651000,-13.366000,m5 GO
336,CSW24,21,15,49.848000,34.046000,-15.802000,m1 FIGO
336,CSW24,22,52,39.289000,33.849000,-5.440000,15n DO
336,CSW24,23,32,42.398000,33.592000,-8.806000,15g GI
336,CSW24,24,40,41.394000,32.665000,-8.729000,15d FuGIO
336,CSW24,25,23,45.250000,32.386000,-12.864000,c11 FRIG
182,CSW24,1,1,33.277000,23.023000,-10.254000,10l GAK
182,CSW24,2,3,29.034000,18.834000,-10.200000,10j AIGA
182,CSW24,3,4,28.779000,18.464000,-10.315000,10l KADI
182,CSW24,4,11,25.643000,18.258000,-7.385000,15a KAIE
182,CSW24,5,2,29.368000,17.609000,-11.759000,l8 JAGAED
182,CSW24,6,7,27.177000,17.140000,-10.037000,10k IGAD
182,CSW24,7,6,27.406000,17.005000,-10.401000,10k AKED
182,CSW24,8,5,27.643000,16.809000,-10.834000,10l KAI
182,CSW24,9,8,26.779000,16.437000,-10.342000,10l KAID
182,CSW24,10,9,26.406000,16.006000,-10.400000,10l KADE
182,CSW24,11,10,26.177000,15.790000,-10.387000,10l GADI
182,CSW24,12,22,22.830000,15.514000,-7.316000,15a KADE
182,CSW24,13,23,22.699000,15.343000,-7.356000,15a EIKED
182,CSW24,14,24,22.699000,15.085000,-7.614000,15d EIKED
182,CSW24,15,12,25.312000,14.705000,-10.607000,10k AKA
182,CSW24,16,31,21.506000,14.154000,-7.352000,15a AKEE
182,CSW24,17,14,24.406000,14.030000,-10.376000,10l KAED
182,CSW24,18,13,24.467000,14.015000,-10.452000,10l KAIE
182,CSW24,19,15,24.368000,14.010000,-10.358000,10k AGED
182,CSW24,20,16,24.368000,13.888000,-10.480000,10k EGAD
182,CSW24,21,18,24.177000,13.794000,-10.383000,10l GAID
182,CSW24,22,20,23.506000,13.132000,-10.374000,10l KEA
182,CSW24,23,19,23.506000,13.041000,-10.465000,10l KAE
182,CSW24,24,21,23.368000,12.896000,-10.472000,10l GADE
182,CSW24,25,17,24.221000,12.225000,-11.996000,f2 KADAI
981,CSW24,1,1,44.055000,42.655000,-1.400000,f12 RIB
981,CSW24,2,2,42.193000,41.054000,-1.139000,g1 HOB
981,CSW24,3,3,41.850000,40.421000,-1.429000,4c BIN
981,CSW24,4,4,40.642000,39.440000,-1.202000,11d BREE
981,CSW24,5,7,40.193000,39.199000,-0.994000,i1 DOB
981,CSW24,6,6,40.197000,39.144000,-1.053000,11d BI
981,CSW24,7,5,40.197000,38.869000,-1.328000,3i BI
981,CSW24,8,9,39.193000,38.514000,-0.679000,e10 AB
981,CSW24,9,8,39.193000,38.054000,-1.139000,4c BI
981,CSW24,10,10,38.548000,37.133000,-1.415000,4c BIT
981,CSW24,11,11,38.193000,37.049000,-1.144000,d11 BOB
981,CSW24,12,15,37.850000,36.990000,-0.860000,e9 NAB
981,CSW24,13,14,37.850000,36.965000,-0.885000,e9 BAN
981,CSW24,14,12,38.055000,36.483000,-1.572000,14h ORB
981,CSW24,15,13,37.933000,36.317000,-1.616000,4a BINIT
981,CSW24,16,16,37.055000,36.181000,-0.874000,e9 BAR
981,CSW24,17,17,36.850000,35.472000,-1.378000,c2 NOB
981,CSW24,18,18,36.423000,35.004000,-1.419000,5j BASE
981,CSW24,19,19,36.055000,34.701000,-1.354000,c2 ROB
981,CSW24,20,25,35.193000,34.256000,-0.937000,e9 BA
981,CSW24,21,22,35.193000,34.251000,-0.942000,3n BO
981,CSW24,22,21,35.193000,34.241000,-0.952000,c2 BO
981,CSW24,23,23,35.193000,34.232000,-0.961000,5j BA
981,CSW24,24,24,35.193000,34.210000,-0.983000,8a AB
981,CSW24,25,26,35.193000,34.139000,-1.054000,j10 AB
512,CSW24,1,1,22.893000,17.326000,-5.567000,b8 LIFT
512,CSW24,2,2,19.882000,12.064000,-7.818000,b10 WILT
512,CSW24,3,3,17.932000,11.158000,-6.774000,b10 FIL
512,CSW24,4,4,17.606000,9.963000,-7.643000,b10 WIN
512,CSW24,5,5,16.893000,9.736000,-7.157000,b10 FIT
512,CSW24,6,6,16.743000,9.551000,-7.192000,11a SWIFT
512,CSW24,7,8,16.411000,9.125000,-7.286000,b10 WIT
512,CSW24,8,7,16.432000,8.918000,-7.514000,b10 FIN
512,CSW24,9,10,8.805000,2.972000,-5.833000,c6 FLIP
512,CSW24,10,9,9.665000,2.102000,-7.563000,11a SPLINT
512,CSW24,11,14,7.717000,0.904000,-6.813000,c7 FINLIT
512,CSW24,12,13,8.101000,0.834000,-7.267000,e2 FLITT
512,CSW24,13,15,7.336000,0.036000,-7.300000,e2 FLINT
512,CSW24,14,16,7.192000,-0.226000,-7.418000,11a SNIFT
512,CSW24,15,11,8.481000,-0.236000,-8.717000,b11 TWP
512,CSW24,16,20,5.252000,-0.529000,-5.781000,6a AWN
512,CSW24,17,25,4.892000,-0.610000,-5.502000,c7 LIFT
512,CSW24,18,19,5.453000,-0.734000,-6.187000,c6 TWIN
512,CSW24,19,21,5.243000,-0.907000,-6.150000,c5 INWIT
512,CSW24,20,26,4.717000,-0.979000,-5.696000,c4 FINLIT
512,CSW24,21,27,4.698000,-1.295000,-5.993000,b8 LINT
512,CSW24,22,31,4.229000,-1.299000,-5.528000,c7 WILT
512,CSW24,23,28,4.673000,-1.419000,-6.092000,10a EWT
512,CSW24,24,18,5.882000,-1.425000,-7.307000,e2 TWILT
512,CSW24,25,17,7.101000,-1.552000,-8.653000,b10 LIFT
539,CSW24,1,1,47.743000,38.256000,-9.487000,15g GUIZER
539,CSW24,2,3,35.145000,25.578000,-9.567000,15g GRIZE
539,CSW24,3,4,32.016000,22.491000,-9.525000,15g GRIZ
539,CSW24,4,2,35.723000,19.882000,-15.841000,n1 AGUIZE
539,CSW24,5,9,29.805000,19.323000,-10.482000,15g GIGUE
539,CSW24,6,8,29.805000,19.293000,-10.512000,15e GIGUE
539,CSW24,7,10,28.136000,17.792000,-10.344000,15d GURGE
539,CSW24,8,5,31.723000,15.490000,-16.233000,k8 AGUIZE
539,CSW24,9,6,30.705000,14.799000,-15.906000,12g WIZIER
539,CSW24,10,7,29.917000,14.563000,-15.354000,11c GUIZER
539,CSW24,11,21,22.030000,11.837000,-10.193000,15g GIG
539,CSW24,12,19,22.136000,11.754000,-10.382000,15g GURGE
539,CSW24,13,20,22.030000,11.628000,-10.402000,15f IGG
539,CSW24,14,11,26.715000,10.994000,-15.721000,n1 AGRIZE
539,CSW24,15,23,21.098000,10.712000,-10.386000,15g GRIG
539,CSW24,16,22,21.098000,10.518000,-10.580000,15e RIGG
539,CSW24,17,12,24.310000,8.877000,-15.433000,j8 LUZ
539,CSW24,18,13,22.850000,7.946000,-14.904000,10f UNRIG
539,CSW24,19,16,22.669000,7.321000,-15.348000,m5 GUE
539,CSW24,20,17,22.446000,7.049000,-15.397000,m5 GIE
539,CSW24,21,15,22.715000,6.479000,-16.236000,k8 AGRIZE
539,CSW24,22,18,22.308000,5.823000,-16.485000,4d REGULI
539,CSW24,23,14,22.850000,5.712000,-17.138000,14f UNRIG
539,CSW24,24,24,20.628000,5.371000,-15.257000,m1 TIZ
539,CSW24,25,57,15.876000,5.110000,-10.766000,15g GI
191,CSW24,1,1,47.861000,39.353000,-8.508000,13c YEPS
191,CSW24,2,2,46.440000,37.802000,-8.638000,13c CEPS
191,CSW24,3,4,46.207000,37.493000,-8.714000,13c YENS
191,CSW24,4,3,46.213000,37.402000,-8.811000,13c PENS
191,CSW24,5,6,45.705000,36.857000,-8.848000,13c CENS
191,CSW24,6,7,45.684000,36.750000,-8.934000,13c YEP
191,CSW24,7,8,45.438000,36.355000,-9.083000,13c CEP
191,CSW24,8,9,45.231000,36.020000,-9.211000,13c PEN
191,CSW24,9,10,45.082000,35.892000,-9.190000,13c YEN
191,CSW24,10,5,45.777000,35.297000,-10.480000,b10 CARNY
191,CSW24,11,12,44.213000,35.292000,-8.921000,13c NEPS
191,CSW24,12,14,43.207000,34.327000,-8.880000,13b SYEN
191,CSW24,13,13,43.231000,33.929000,-9.302000,13c NEP
191,CSW24,14,11,44.282000,32.329000,-11.953000,4k PENNY
191,CSW24,15,16,40.462000,32.174000,-8.288000,15g PYNES
191,CSW24,16,18,37.303000,28.678000,-8.625000,15g PYNE
191,CSW24,17,17,37.677000,27.045000,-10.632000,10a NY
191,CSW24,18,15,40.942000,26.516000,-14.426000,b10 CARNEY
191,CSW24,19,20,33.757000,23.515000,-10.242000,10a NYS
191,CSW24,20,19,35.191000,22.703000,-12.488000,f1 PYCNON
191,CSW24,21,25,29.207000,22.239000,-6.968000,15l SYEN
191,CSW24,22,24,29.207000,22.205000,-7.002000,15l NYES
191,CSW24,23,22,32.757000,21.991000,-10.766000,b10 YARNS
191,CSW24,24,21,33.303000,21.074000,-12.229000,l1 PYNES
191,CSW24,25,23,32.231000,20.880000,-11.351000,b10 PAREN
220,CSW24,1,1,26.783000,21.926000,-4.857000,j3 GAITT
220,CSW24,2,4,21.769000,16.678000,-5.091000,9f WATT
220,CSW24,3,2,23.783000,16.034000,-7.749000,9i TAG
220,CSW24,4,5,21.078000,15.899000,-5.179000,j1 TEG
220,CSW24,5,6,20.078000,14.843000,-5.235000,j1 GET
220,CSW24,6,3,22.078000,14.813000,-7.265000,9i TEG
220,CSW24,7,10,19.418000,14.399000,-5.019000,j3 GRIT
220,CSW24,8,12,18.917000,13.373000,-5.544000,3h NOG
220,CSW24,9,7,19.936000,13.263000,-6.673000,9i TACT
220,CSW24,10,11,18.917000,13.238000,-5.679000,2g GUR
220,CSW24,11,14,18.211000,13.127000,-5.084000,9f WERT
220,CSW24,12,9,19.691000,12.044000,-7.647000,9f WATTER
220,CSW24,13,15,17.917000,11.820000,-6.097000,h8 AG
220,CSW24,14,21,16.874000,11.710000,-5.164000,9f WART
220,CSW24,15,22,16.696000,11.579000,-5.117000,2g CURT
220,CSW24,16,13,18.221000,11.417000,-6.804000,9i TRACT
220,CSW24,17,25,15.789000,10.793000,-4.996000,j3 GAIT
220,CSW24,18,24,16.357000,10.757000,-5.600000,ex GT
220,CSW24,19,23,16.404000,10.440000,-5.964000,9i TEC
220,CSW24,20,20,17.255000,9.653000,-7.602000,9i TECTA
220,CSW24,21,18,17.386000,9.340000,-8.046000,k3 GAZETTE
220,CSW24,22,26,14.917000,9.317000,-5.600000,ex G
220,CSW24,23,19,17.255000,9.273000,-7.982000,9i TACET
220,CSW24,24,8,19.877000,9.043000,-10.834000,9i TARGET
220,CSW24,25,17,17.749000,8.152000,-9.597000,9i TERGA
496,CSW24,1,1,29.218000,24.641000,-4.577000,6i YAGI
496,CSW24,2,2,28.555000,23.678000,-4.877000,6i YAGIS
496,CSW24,3,3,28.218000,23.195000,-5.023000,10g YAGI
496,CSW24,4,4,27.555000,22.214000,-5.341000,10g YAGIS
496,CSW24,5,5,27.188000,20.789000,-6.399000,c9 VIGIAS
496,CSW24,6,6,25.218000,20.280000,-4.938000,8j YAGI
496,CSW24,7,8,24.555000,19.331000,-5.224000,8j YAGIS
496,CSW24,8,7,25.142000,19.140000,-6.002000,c9 VIGIA
496,CSW24,9,9,22.584000,16.598000,-5.986000,c9 VIGAS
496,CSW24,10,10,21.218000,16.213000,-5.005000,j4 GYANI
496,CSW24,11,12,20.555000,15.453000,-5.102000,j4 GYANIS
496,CSW24,12,11,20.555000,15.408000,-5.147000,j3 SAYING
496,CSW24,13,13,19.638000,14.707000,-4.931000,10g SAGY
496,CSW24,14,14,18.673000,14.453000,-4.220000,6g SAY
496,CSW24,15,15,18.604000,14.119000,-4.485000,6i YAG
496,CSW24,16,17,17.628000,13.161000,-4.467000,j5 YIN
496,CSW24,17,16,17.638000,13.110000,-4.528000,6i YAGS
496,CSW24,18,18,17.005000,11.867000,-5.138000,j4 AYINS
496,CSW24,19,19,16.744000,11.764000,-4.980000,j5 YINS
496,CSW24,20,20,16.638000,11.660000,-4.978000,10g YAGS
496,CSW24,21,21,15.858000,11.177000,-4.681000,j4 AYIN
496,CSW24,22,22,15.604000,10.600000,-5.004000,10g YAG
496,CSW24,23,24,14.604000,10.328000,-4.276000,8j YAG
496,CSW24,24,28,14.275000,9.944000,-4.331000,6i YA
496,CSW24,25,27,14.545000,9.727000,-4.818000,6i AIS
295,CSW24,1,5,31.688000,23.890000,-7.798000,5c BOI
295,CSW24,2,3,33.522000,23.724000,-9.798000,k5 BITRATE
295,CSW24,3,4,33.522000,23.716000,-9.806000,k5 RATBITE
295,CSW24,4,1,33.792000,23.694000,-10.098000,k5 BATTERO
295,CSW24,5,2,33.522000,23.494000,-10.028000,k5 BATTIER
295,CSW24,6,7,30.258000,22.021000,-8.237000,5c BOITE
295,CSW24,7,10,29.053000,21.186000,-7.867000,5c BOA
295,CSW24,8,6,31.032000,20.770000,-10.262000,8k ABORE
295,CSW24,9,9,29.438000,20.579000,-8.859000,5b OBIA
295,CSW24,10,8,29.917000,19.880000,-10.037000,8k ABORT
295,CSW24,11,12,27.465000,19.540000,-7.925000,5c BOAT
295,CSW24,12,11,28.522000,19.151000,-9.371000,8j TERBIA
295,CSW24,13,13,26.086000,18.332000,-7.754000,5c BAIT
295,CSW24,14,15,25.407000,17.130000,-8.277000,5c BOAR
295,CSW24,15,17,24.345000,16.539000,-7.806000,5c BOET
295,CSW24,16,25,23.674000,16.121000,-7.553000,5e IO
295,CSW24,17,16,25.362000,15.972000,-9.390000,8k ORBIT
295,CSW24,18,19,24.086000,15.767000,-8.319000,5i TABI
295,CSW24,19,24,23.674000,15.744000,-7.930000,5d OI
295,CSW24,20,21,23.688000,15.312000,-8.376000,e3 OBIT
295,CSW24,21,30,22.770000,15.163000,-7.607000,5e AB
295,CSW24,22,41,22.535000,14.867000,-7.668000,e5 IT
295,CSW24,23,23,23.688000,14.779000,-8.909000,k5 BITO
295,CSW24,24,28,23.522000,14.715000,-8.807000,5i TERBIA
295,CSW24,25,18,24.310000,14.638000,-9.672000,8k ERBIA
1096,CSW24,1,1,52.804000,42.226000,-10.578000,7m ZEL
1096,CSW24,2,2,48.380000,39.931000,-8.449000,7m ZE
1096,CSW24,3,3,45.204000,38.481000,-6.723000,m6 JEEZ
1096,CSW24,4,5,43.204000,36.374000,-6.830000,m7 JEEZ
1096,CSW24,5,7,40.247000,33.615000,-6.632000,9g JEEL
1096,CSW24,6,6,40.804000,32.882000,-7.922000,j6 ZEAL
1096,CSW24,7,12,38.528000,32.649000,-5.879000,7h MEZE
1096,CSW24,8,8,38.992000,31.703000,-7.289000,m7 JEEL
1096,CSW24,9,9,38.720000,31.037000,-7.683000,m6 JEEZE
1096,CSW24,10,15,36.804000,30.943000,-5.861000,7h ZEL
1096,CSW24,11,4,44.104000,30.911000,-13.193000,7m ZEE
1096,CSW24,12,14,37.528000,30.089000,-7.439000,7g MZEE
1096,CSW24,13,13,37.720000,29.876000,-7.844000,m4 JEEZE
1096,CSW24,14,16,36.720000,29.322000,-7.398000,m7 JEEZE
1096,CSW24,15,17,36.380000,28.355000,-8.025000,j6 ZEA
1096,CSW24,16,21,34.940000,28.288000,-6.652000,m7 JEE
1096,CSW24,17,19,35.737000,28.243000,-7.494000,m7 MEZE
1096,CSW24,18,27,33.036000,27.065000,-5.971000,7h JEE
1096,CSW24,19,20,35.417000,26.765000,-8.652000,j6 ZEALS
1096,CSW24,20,10,38.720000,26.556000,-12.164000,7e JEEZ
1096,CSW24,21,24,33.737000,26.212000,-7.525000,m6 MZEE
1096,CSW24,22,26,33.528000,25.632000,-7.896000,9f MZEE
1096,CSW24,23,33,31.792000,25.545000,-6.247000,7h MEL
1096,CSW24,24,30,32.036000,25.488000,-6.548000,9g JEE
1096,CSW24,25,18,36.380000,25.240000,-11.140000,n8 SEZ
612,CSW24,1,1,32.926000,33.547000,0.621000,c5 DIVS
612,CSW24,2,2,30.926000,31.664000,0.738000,c5 VIDS
612,CSW24,3,3,30.926000,31.628000,0.702000,i8 DIVS
612,CSW24,4,4,30.917000,31.337000,0.420000,9c VINS
612,CSW24,5,5,30.664000,31.124000,0.460000,i8 DIV
612,CSW24,6,6,29.940000,29.686000,-0.254000,9c VIS
612,CSW24,7,7,28.940000,29.207000,0.267000,c6 VIS
612,CSW24,8,8,28.218000,28.933000,0.715000,m11 VODUN
612,CSW24,9,11,27.917000,28.679000,0.762000,c5 VINS
612,CSW24,10,9,28.177000,28.199000,0.022000,d8 QUIDS
612,CSW24,11,10,28.150000,28.072000,-0.078000,9c VIN
612,CSW24,12,13,25.177000,25.863000,0.686000,i6 NIDUS
612,CSW24,13,12,25.610000,25.683000,0.073000,d8 QUINS
612,CSW24,14,16,25.105000,25.547000,0.442000,i8 DUNS
612,CSW24,15,15,25.140000,25.359000,0.219000,c6 UDS
612,CSW24,16,18,24.926000,25.349000,0.423000,b8 DIVS
612,CSW24,17,14,25.173000,25.343000,0.170000,i8 DUN
612,CSW24,18,17,24.940000,24.960000,0.020000,n7 SHIV
612,CSW24,19,19,24.664000,24.954000,0.290000,b8 DIV
612,CSW24,20,20,24.610000,24.780000,0.170000,9a SUNI
612,CSW24,21,23,24.105000,24.640000,0.535000,c5 DUNS
612,CSW24,22,24,23.926000,24.442000,0.516000,m11 VOIDS
612,CSW24,23,22,24.140000,24.328000,0.188000,i8 SUD
612,CSW24,24,21,24.140000,24.193000,0.053000,c8 SUD
612,CSW24,25,25,23.579000,23.668000,0.089000,d7 SQUIDS
214,CSW24,1,3,19.095000,14.285000,-4.810000,12c ED
214,CSW24,2,4,18.095000,12.557000,-5.538000,c8 GUIDED
214,CSW24,3,1,20.208000,12.464000,-7.744000,d11 INCEL
214,CSW24,4,2,20.208000,12.006000,-8.202000,d11 INCLE
214,CSW24,5,7,16.516000,11.854000,-4.662000,e7 COILS
214,CSW24,6,6,17.118000,11.392000,-5.726000,e5 ENTOILS
214,CSW24,7,12,15.714000,10.848000,-4.866000,d11 ICED
214,CSW24,8,11,15.728000,10.825000,-4.903000,12c ET
214,CSW24,9,14,14.448000,9.468000,-4.980000,12c EN
214,CSW24,10,5,18.013000,9.131000,-8.882000,d11 INTED
214,CSW24,11,13,14.563000,8.787000,-5.776000,h4 CENTO
214,CSW24,12,18,13.253000,8.642000,-4.611000,h7 LO
214,CSW24,13,16,14.180000,8.618000,-5.562000,d11 IDLE
214,CSW24,14,17,13.399000,8.173000,-5.226000,h4 TELCO
214,CSW24,15,15,14.288000,7.864000,-6.424000,b7 CALMANT
214,CSW24,16,10,15.991000,7.233000,-8.758000,d11 INTEL
214,CSW24,17,9,15.991000,7.150000,-8.841000,d11 INLET
214,CSW24,18,23,11.648000,6.936000,-4.712000,d11 ID
214,CSW24,19,8,16.013000,6.903000,-9.110000,d11 IDENT
214,CSW24,20,26,11.253000,6.393000,-4.860000,ex L
214,CSW24,21,24,11.600000,6.353000,-5.247000,7h TEC
214,CSW24,22,30,11.071000,6.087000,-4.984000,d11 ICE
214,CSW24,23,21,12.180000,5.826000,-6.354000,7h DEL
214,CSW24,24,20,12.268000,5.378000,-6.890000,7h DELT
214,CSW24,25,29,11.091000,5.033000,-6.058000,7h TEL
420,CSW24,1,1,23.103000,14.302000,-8.801000,k2 VOTEEN
420,CSW24,2,3,19.356000,11.114000,-8.242000,11e OE
420,CSW24,3,2,19.358000,10.774000,-8.584000,l11 VOGIE
420,CSW24,4,4,18.104000,9.613000,-8.491000,c1 EVO
420,CSW24,5,5,16.511000,8.279000,-8.232000,13a OGEE
420,CSW24,6,7,16.104000,8.259000,-7.845000,k2 VOTE
420,CSW24,7,6,16.356000,8.249000,-8.107000,13b GEO
420,CSW24,8,8,15.358000,7.293000,-8.065000,k10 OVINE
420,CSW24,9,9,14.364000,6.634000,-7.730000,k8 EVOE
420,CSW24,10,11,14.104000,5.887000,-8.217000,l11 VEGO
420,CSW24,11,14,12.416000,4.375000,-8.041000,c3 OO
420,CSW24,12,13,13.020000,4.217000,-8.803000,a2 OVONIC
420,CSW24,13,17,12.104000,4.189000,-7.915000,k10 OVEN
420,CSW24,14,12,13.277000,3.988000,-9.289000,l10 NOOGIE
420,CSW24,15,18,12.034000,3.928000,-8.106000,c3 ONO
420,CSW24,16,20,11.735000,3.151000,-8.584000,l11 VEGIE
420,CSW24,17,24,10.416000,2.858000,-7.558000,11d OO
420,CSW24,18,10,14.104000,2.810000,-11.294000,3m EVO
420,CSW24,19,21,10.915000,2.785000,-8.130000,c3 ONE
420,CSW24,20,25,10.304000,2.430000,-7.874000,k7 NEIVE
420,CSW24,21,26,10.304000,2.283000,-8.021000,k7 NIEVE
420,CSW24,22,23,10.416000,2.217000,-8.199000,c2 OO
420,CSW24,23,22,10.746000,2.052000,-8.694000,3a VOIP
420,CSW24,24,30,9.416000,1.911000,-7.505000,i6 OO
420,CSW24,25,27,10.034000,1.873000,-8.161000,c2 NOO
1013,CSW24,1,2,26.119000,14.453000,-11.666000,4j NIEVE
1013,CSW24,2,1,26.428000,14.110000,-12.318000,10g EEVN
1013,CSW24,3,3,24.683000,10.724000,-13.959000,4k EEVEN
1013,CSW24,4,4,22.428000,10.602000,-11.826000,4k EEVN
1013,CSW24,5,8,22.428000,10.523000,-11.905000,9b EVEN
1013,CSW24,6,9,22.119000,10.177000,-11.942000,6j NIEVE
1013,CSW24,7,13,20.428000,9.166000,-11.262000,l8 NIEVE
1013,CSW24,8,6,22.428000,8.454000,-13.974000,4l EVEN
1013,CSW24,9,12,20.428000,8.279000,-12.149000,j2 VENAE
1013,CSW24,10,5,22.428000,7.526000,-14.902000,4l EEVN
1013,CSW24,11,7,22.428000,7.349000,-15.079000,4l NEVE
1013,CSW24,12,39,15.917000,7.307000,-8.610000,l2 VENENE
1013,CSW24,13,17,19.428000,6.882000,-12.546000,10f EVEN
1013,CSW24,14,27,17.401000,6.801000,-10.600000,9c VEE
1013,CSW24,15,21,18.428000,6.456000,-11.972000,l2 EEVEN
1013,CSW24,16,47,14.192000,6.286000,-7.906000,l3 NIEVE
1013,CSW24,17,20,18.683000,5.914000,-12.769000,10e EEVEN
1013,CSW24,18,28,17.401000,5.014000,-12.387000,10f VEE
1013,CSW24,19,10,21.683000,5.010000,-16.673000,9a EEVEN
1013,CSW24,20,29,17.174000,4.824000,-12.350000,10h EEN
1013,CSW24,21,25,18.428000,4.549000,-13.879000,m9 EEVEN
1013,CSW24,22,31,17.119000,4.212000,-12.907000,10d NIEVE
1013,CSW24,23,30,17.119000,4.137000,-12.982000,10d NEIVE
1013,CSW24,24,15,19.428000,3.765000,-15.663000,6l EEVN
1013,CSW24,25,35,16.416000,3.727000,-12.689000,d6 NOPE
319,CSW24,1,1,41.869000,35.072000,-6.797000,7b RANZEL
319,CSW24,2,2,31.244000,25.928000,-5.316000,g7 RIZ
319,CSW24,3,3,30.841000,24.299000,-6.542000,e7 RONZER
319,CSW24,4,5,29.243000,23.081000,-6.162000,e5 ARROZ
319,CSW24,5,4,29.586000,22.995000,-6.591000,e7 ZONER
319,CSW24,6,6,29.243000,22.810000,-6.433000,e5 RAZOR
319,CSW24,7,9,28.158000,22.035000,-6.123000,7c RAZE
319,CSW24,8,10,27.719000,21.320000,-6.399000,e5 AZLON
319,CSW24,9,12,26.262000,21.052000,-5.210000,7e LEARN
319,CSW24,10,13,26.262000,21.034000,-5.228000,9e RENAL
319,CSW24,11,11,27.719000,20.931000,-6.788000,e7 ZONAL
319,CSW24,12,14,25.671000,20.804000,-4.867000,7e ZEL
319,CSW24,13,7,28.515000,19.552000,-8.963000,g5 NAZIR
319,CSW24,14,19,25.234000,19.251000,-5.983000,e5 ZERO
319,CSW24,15,22,24.333000,18.209000,-6.124000,7c LAZE
319,CSW24,16,24,24.202000,17.599000,-6.603000,e7 LOZEN
319,CSW24,17,27,23.226000,17.379000,-5.847000,7g LARN
319,CSW24,18,16,25.262000,17.152000,-8.110000,d3 LARNEY
319,CSW24,19,20,24.719000,16.926000,-7.793000,d3 RARELY
319,CSW24,20,15,25.262000,16.854000,-8.408000,d3 ANERLY
319,CSW24,21,29,22.496000,16.845000,-5.651000,g7 ZIN
319,CSW24,22,17,25.262000,16.828000,-8.434000,d3 NEARLY
319,CSW24,23,21,24.719000,16.561000,-8.158000,d3 REARLY
319,CSW24,24,40,21.133000,16.449000,-4.684000,7e LEAR
319,CSW24,25,23,24.247000,16.199000,-8.048000,g7 RIZA
552,CSW24,1,2,24.343000,23.615000,-0.728000,15j REH
552,CSW24,2,1,24.778000,23.528000,-1.250000,15c CHEVRE
552,CSW24,3,3,22.438000,21.387000,-1.051000,6e VERD
552,CSW24,4,4,20.865000,20.340000,-0.525000,15f CHEER
552,CSW24,5,5,20.610000,19.141000,-1.469000,10d REVEL
552,CSW24,6,9,18.768000,18.144000,-0.624000,15f CHE
552,CSW24,7,6,19.343000,18.087000,-1.256000,13e ERHU
552,CSW24,8,8,18.768000,17.376000,-1.392000,o9 CH
552,CSW24,9,11,17.873000,16.872000,-1.001000,o9 CHE
552,CSW24,10,10,17.929000,16.577000,-1.352000,9c VERREL
552,CSW24,11,12,16.865000,15.857000,-1.008000,15d CHERE
552,CSW24,12,13,16.031000,15.126000,-0.905000,4h VEG
552,CSW24,13,14,15.929000,14.488000,-1.441000,15c REVERE
552,CSW24,14,7,18.869000,14.361000,-4.508000,g1 CHEVRE
552,CSW24,15,15,15.553000,13.923000,-1.630000,7d CHEVRE
552,CSW24,16,17,14.648000,13.906000,-0.742000,15k EH
552,CSW24,17,18,14.648000,13.866000,-0.782000,15l HE
552,CSW24,18,16,14.929000,13.284000,-1.645000,10c VERREL
552,CSW24,19,22,13.031000,12.544000,-0.487000,15f VEE
552,CSW24,20,20,13.314000,12.385000,-0.929000,ex RV
552,CSW24,21,21,13.123000,12.142000,-0.981000,3k RAMIN
552,CSW24,22,19,13.610000,12.106000,-1.504000,9d REVEL
552,CSW24,23,23,12.438000,11.509000,-0.929000,ex ERV
552,CSW24,24,24,12.343000,11.113000,-1.230000,k1 HER
552,CSW24,25,25,11.873000,11.007000,-0.866000,15e ECHE
1157,CSW24,1,1,75.642000,69.275000,-6.367000,h11 AZOIC
1157,CSW24,2,2,72.523000,66.194000,-6.329000,h11 AZOLE
1157,CSW24,3,3,72.053000,65.840000,-6.213000,h12 ZOIC
1157,CSW24,4,4,71.590000,65.654000,-5.936000,h12 ZOEA
1157,CSW24,5,5,54.561000,48.575000,-5.986000,h12 COZE
1157,CSW24,6,6,50.529000,44.131000,-6.398000,i3 ZEL
1157,CSW24,7,7,49.751000,43.384000,-6.367000,i3 ZE
1157,CSW24,8,8,46.282000,40.244000,-6.038000,h11 CLOZE
1157,CSW24,9,9,43.994000,38.199000,-5.795000,12f CAZ
1157,CSW24,10,11,41.346000,35.002000,-6.344000,i3 ZA
1157,CSW24,11,10,41.615000,34.802000,-6.813000,14f ZEE
1157,CSW24,12,14,38.570000,33.136000,-5.434000,h12 COLE
1157,CSW24,13,12,40.751000,32.578000,-8.173000,14f ZE
1157,CSW24,14,19,36.048000,30.757000,-5.291000,h12 COIL
1157,CSW24,15,18,36.615000,30.525000,-6.090000,m2 ZEE
1157,CSW24,16,13,39.751000,30.114000,-9.637000,j12 ADZE
1157,CSW24,17,21,35.751000,29.550000,-6.201000,m2 ZE
1157,CSW24,18,23,35.590000,29.394000,-6.196000,m2 ZEA
1157,CSW24,19,27,33.926000,28.635000,-5.291000,h12 COAL
1157,CSW24,20,28,33.926000,28.548000,-5.378000,h12 COLA
1157,CSW24,21,16,37.523000,28.110000,-9.413000,14d LAZE
1157,CSW24,22,15,38.524000,28.044000,-10.480000,14c CEAZE
1157,CSW24,23,22,35.615000,27.883000,-7.732000,m1 ZEE
1157,CSW24,24,24,35.523000,27.511000,-8.012000,m1 ZEAL
1157,CSW24,25,26,34.524000,27.491000,-7.033000,12c CEAZE
592,CSW24,1,1,68.000000,54.882000,-13.118000,f6 BALISTAS
592,CSW24,2,4,41.539000,32.733000,-8.806000,h11 BASTI
592,CSW24,3,2,41.797000,32.601000,-9.196000,h11 BAISA
592,CSW24,4,3,41.539000,32.547000,-8.992000,h11 BAITS
592,CSW24,5,5,40.555000,31.391000,-9.164000,h11 BASTA
592,CSW24,6,6,39.539000,31.222000,-8.317000,h11 TABIS
592,CSW24,7,7,37.651000,28.332000,-9.319000,h12 ISBA
592,CSW24,8,8,36.935000,27.643000,-9.292000,h12 ABAS
592,CSW24,9,9,36.518000,27.498000,-9.020000,h10 BAISAS
592,CSW24,10,12,33.006000,24.208000,-8.798000,h11 BASSI
592,CSW24,11,11,33.006000,24.037000,-8.969000,h11 BASIS
592,CSW24,12,13,31.032000,21.877000,-9.155000,h11 BASAS
592,CSW24,13,15,29.929000,20.832000,-9.097000,h11 SATAI
592,CSW24,14,17,29.509000,20.813000,-8.696000,h10 BAA
592,CSW24,15,19,28.935000,20.259000,-8.676000,h6 BALAS
592,CSW24,16,16,29.509000,20.123000,-9.386000,7e BAA
592,CSW24,17,20,28.935000,19.984000,-8.951000,h10 BAAS
592,CSW24,18,25,28.536000,19.584000,-8.952000,h11 BASTS
592,CSW24,19,18,29.423000,19.451000,-9.972000,h11 BA
592,CSW24,20,44,27.415000,18.679000,-8.736000,h8 LABS
592,CSW24,21,30,27.875000,18.468000,-9.407000,h12 AITS
592,CSW24,22,31,27.875000,18.266000,-9.609000,h12 ITAS
592,CSW24,23,33,27.769000,18.253000,-9.516000,h10 BAIT
592,CSW24,24,14,29.935000,18.246000,-11.689000,j4 BASA
592,CSW24,25,43,27.415000,18.057000,-9.358000,h7 SLAB
750,CSW24,1,1,55.792000,52.644000,-3.148000,a1 COQUET
750,CSW24,2,2,55.402000,52.518000,-2.884000,a1 COQUI
750,CSW24,3,3,51.877000,47.232000,-4.645000,12h QUOITER
750,CSW24,4,5,46.386000,43.768000,-2.618000,a1 TOQUE
750,CSW24,5,4,46.386000,43.764000,-2.622000,a1 QUOTE
750,CSW24,6,6,46.251000,43.719000,-2.532000,a1 QUITE
750,CSW24,7,7,37.407000,34.905000,-2.502000,2d COQUI
750,CSW24,8,8,34.523000,31.654000,-2.869000,14j QUOTE
750,CSW24,9,9,33.843000,31.257000,-2.586000,14j QUITE
750,CSW24,10,11,29.843000,26.674000,-3.169000,12k QUIRT
750,CSW24,11,10,29.879000,26.585000,-3.294000,12k QUIRE
750,CSW24,12,12,29.386000,26.453000,-2.933000,12i QUOTER
750,CSW24,13,14,28.523000,26.285000,-2.238000,13j QUOTA
750,CSW24,14,13,28.935000,26.261000,-2.674000,13l QUAI
750,CSW24,15,16,26.968000,24.749000,-2.219000,13l QUA
750,CSW24,16,17,26.165000,24.191000,-1.974000,m8 ECO
750,CSW24,17,15,27.386000,24.074000,-3.312000,a2 TOQUE
750,CSW24,18,18,24.969000,24.041000,-0.928000,a6 TOE
750,CSW24,19,19,24.941000,23.150000,-1.791000,m6 ATOC
750,CSW24,20,21,24.549000,23.128000,-1.421000,a8 IO
750,CSW24,21,20,24.941000,21.677000,-3.264000,12l TORC
750,CSW24,22,25,22.941000,20.892000,-2.049000,m13 TOC
750,CSW24,23,22,23.180000,20.531000,-2.649000,13l QUAT
750,CSW24,24,24,22.992000,20.439000,-2.553000,13l OCA
750,CSW24,25,27,21.895000,20.295000,-1.600000,8a ID
804,CSW24,1,1,40.778000,27.837000,-12.941000,1a BOOAI
804,CSW24,2,2,35.698000,24.766000,-10.932000,15l BOPO
804,CSW24,3,4,28.282000,16.776000,-11.506000,1e BOOR
804,CSW24,4,3,29.778000,15.718000,-14.060000,o6 BOOAI
804,CSW24,5,6,25.702000,14.160000,-11.542000,1e BOAR
804,CSW24,6,7,24.698000,9.870000,-14.828000,1a BOO
804,CSW24,7,9,24.086000,9.836000,-14.250000,o7 OBIA
804,CSW24,8,5,27.778000,9.265000,-18.513000,d11 BOOAI
804,CSW24,9,19,21.139000,8.810000,-12.329000,1g OB
804,CSW24,10,11,22.345000,8.122000,-14.223000,o7 OBOE
804,CSW24,11,8,24.698000,8.058000,-16.640000,3a BOO
804,CSW24,12,28,20.241000,7.570000,-12.671000,1g OO
804,CSW24,13,14,21.698000,7.565000,-14.133000,o8 OBO
804,CSW24,14,13,21.698000,7.521000,-14.177000,o8 BOO
804,CSW24,15,30,19.931000,7.269000,-12.662000,1g IO
804,CSW24,16,15,21.392000,6.635000,-14.757000,1a BIO
804,CSW24,17,27,20.623000,6.561000,-14.062000,h11 OORIE
804,CSW24,18,22,20.909000,6.421000,-14.488000,1a BAO
804,CSW24,19,23,20.909000,6.318000,-14.591000,1a BOA
804,CSW24,20,33,19.103000,4.970000,-14.133000,o6 ABORE
804,CSW24,21,17,21.392000,4.894000,-16.498000,3a BOI
804,CSW24,22,16,21.392000,4.822000,-16.570000,3a BIO
804,CSW24,23,12,22.064000,4.388000,-17.676000,d1 BROIER
804,CSW24,24,24,20.909000,4.381000,-16.528000,3a BOA
804,CSW24,25,21,20.931000,4.360000,-16.571000,3b OI
251,CSW24,1,1,45.846000,36.138000,-9.708000,h1 HOPE
251,CSW24,2,4,42.863000,33.324000,-9.539000,h1 COPE
251,CSW24,3,2,44.061000,32.458000,-11.603000,j4 POH
251,CSW24,4,6,41.929000,31.683000,-10.246000,h1 POTAE
251,CSW24,5,9,41.061000,31.674000,-9.387000,h1 POH
251,CSW24,6,3,42.867000,31.395000,-11.472000,j3 OPAH
251,CSW24,7,11,40.351000,30.367000,-9.984000,h1 TOPE
251,CSW24,8,5,42.061000,30.363000,-11.698000,j2 HOP
251,CSW24,9,13,40.061000,30.093000,-9.968000,h1 HOP
251,CSW24,10,10,40.929000,29.957000,-10.972000,j2 POTAE
251,CSW24,11,7,41.470000,29.259000,-12.211000,j5 OP
251,CSW24,12,8,41.249000,29.089000,-12.160000,j1 CHOP
251,CSW24,13,15,40.061000,28.866000,-11.195000,l4 POH
251,CSW24,14,21,39.294000,28.582000,-10.712000,l1 COTH
251,CSW24,15,17,39.867000,28.473000,-11.394000,l3 OPAH
251,CSW24,16,24,38.351000,28.368000,-9.983000,h1 POTE
251,CSW24,17,16,39.935000,28.336000,-11.599000,j4 PAH
251,CSW24,18,12,40.301000,28.296000,-12.005000,j1 CHOTA
251,CSW24,19,14,40.061000,28.281000,-11.780000,j4 HOP
251,CSW24,20,29,37.687000,27.833000,-9.854000,h1 TEPA
251,CSW24,21,22,39.194000,27.637000,-11.557000,h10 TIPCAT
251,CSW24,22,18,39.470000,27.110000,-12.360000,j2 PO
251,CSW24,23,19,39.470000,27.060000,-12.410000,f5 OP
251,CSW24,24,20,39.351000,26.850000,-12.501000,h10 TIPTOE
251,CSW24,25,38,36.478000,26.580000,-9.898000,h1 COP
575,CSW24,1,1,72.000000,60.031000,-11.969000,m8 ALEATOrY
575,CSW24,2,2,34.740000,26.768000,-7.972000,c3 OATY
575,CSW24,3,3,32.028000,23.444000,-8.584000,d8 JAVEL
575,CSW24,4,4,28.305000,20.140000,-8.165000,c2 YEA
575,CSW24,5,5,26.750000,18.601000,-8.149000,c3 OAT
575,CSW24,6,6,25.469000,17.256000,-8.213000,c2 YO
575,CSW24,7,7,24.118000,16.410000,-7.708000,c2 YELT
575,CSW24,8,11,23.315000,15.221000,-8.094000,c2 LEAT
575,CSW24,9,12,23.315000,15.157000,-8.158000,c2 TEAL
575,CSW24,10,13,23.305000,14.670000,-8.635000,13k AYE
575,CSW24,11,8,23.622000,14.514000,-9.108000,12g ACOLYTE
575,CSW24,12,9,23.622000,14.343000,-9.279000,12h COTYLAE
575,CSW24,13,15,23.249000,14.135000,-9.114000,12h COALY
575,CSW24,14,17,22.546000,14.097000,-8.449000,d10 VEALY
575,CSW24,15,10,23.362000,14.027000,-9.335000,k10 LOATHY
575,CSW24,16,14,23.263000,13.998000,-9.265000,9b AY
575,CSW24,17,18,21.868000,13.540000,-8.328000,c3 EAT
575,CSW24,18,16,22.810000,13.128000,-9.682000,5h YOGA
575,CSW24,19,21,21.103000,12.495000,-8.608000,13k OYE
575,CSW24,20,20,21.469000,12.430000,-9.039000,9b OY
575,CSW24,21,19,21.522000,12.394000,-9.128000,12g ACYLATE
575,CSW24,22,22,21.037000,11.794000,-9.243000,k11 AYAH
575,CSW24,23,28,19.820000,11.683000,-8.137000,3c AFLOAT
575,CSW24,24,24,20.529000,11.590000,-8.939000,d10 VALETA
575,CSW24,25,26,20.305000,11.489000,-8.816000,13l YAE
872,CSW24,1,1,40.319000,32.074000,-8.245000,b10 OCEAN
872,CSW24,2,3,33.175000,26.974000,-6.201000,l2 EXO
872,CSW24,3,4,32.514000,25.885000,-6.629000,l5 EX
872,CSW24,4,2,33.981000,24.671000,-9.310000,4k DOXED
872,CSW24,5,6,30.443000,24.166000,-6.277000,l2 AXE
872,CSW24,6,8,30.175000,23.596000,-6.579000,d7 EXO
872,CSW24,7,7,30.218000,22.736000,-7.482000,4h EXODE
872,CSW24,8,13,27.006000,22.035000,-4.971000,12e OX
872,CSW24,9,15,26.243000,21.088000,-5.155000,d11 ROED
872,CSW24,10,12,27.443000,20.698000,-6.745000,d7 AXE
872,CSW24,11,10,27.981000,20.136000,-7.845000,12h REDOX
872,CSW24,12,16,26.006000,20.084000,-5.922000,4k DOX
872,CSW24,13,21,25.263000,19.986000,-5.277000,d11 ROAN
872,CSW24,14,14,27.006000,19.752000,-7.254000,b13 OX
872,CSW24,15,22,24.917000,19.643000,-5.274000,d11 REAN
872,CSW24,16,5,32.175000,19.455000,-12.720000,b13 EXO
872,CSW24,17,26,24.381000,19.244000,-5.137000,d11 REO
872,CSW24,18,27,24.381000,19.226000,-5.155000,d11 ROE
872,CSW24,19,30,24.191000,19.130000,-5.061000,12c TEND
872,CSW24,20,25,24.418000,18.938000,-5.480000,d11 READ
872,CSW24,21,19,25.514000,18.669000,-6.845000,b13 EX
872,CSW24,22,24,24.514000,18.592000,-5.922000,4k DEX
872,CSW24,23,17,25.721000,18.468000,-7.253000,b10 OCA
872,CSW24,24,23,24.771000,18.064000,-6.707000,9g EUOUAE
872,CSW24,25,32,23.576000,17.899000,-5.677000,d11 REED
394,CSW24,1,1,70.000000,61.906000,-8.094000,k6 GROUNDEN
394,CSW24,2,2,63.000000,51.365000,-11.635000,i3 ENDURING
394,CSW24,3,3,62.000000,50.826000,-11.174000,i5 UNRINGED
394,CSW24,4,4,35.891000,28.179000,-7.712000,k5 UNGORED
394,CSW24,5,5,28.822000,20.679000,-8.143000,k5 ENROUND
394,CSW24,6,6,24.278000,19.337000,-4.941000,7g NUG
394,CSW24,7,7,23.878000,18.366000,-5.512000,9g DUNG
394,CSW24,8,9,23.244000,18.056000,-5.188000,9g NUDGE
394,CSW24,9,11,22.278000,17.411000,-4.867000,9g GUN
394,CSW24,10,12,21.694000,17.237000,-4.457000,9g NUDER
394,CSW24,11,10,22.399000,17.177000,-5.222000,9g RUNG
394,CSW24,12,8,23.399000,16.551000,-6.848000,l8 WRUNG
394,CSW24,13,23,19.694000,15.442000,-4.252000,9g RUNED
394,CSW24,14,13,21.119000,15.366000,-5.753000,9f GRUND
394,CSW24,15,18,20.163000,14.571000,-5.592000,9g DUN
394,CSW24,16,24,19.141000,14.129000,-5.012000,9g RUND
394,CSW24,17,30,18.462000,13.652000,-4.810000,9g NUDE
394,CSW24,18,29,18.462000,13.571000,-4.891000,7g NUDE
394,CSW24,19,14,20.891000,13.316000,-7.575000,7d RUNGED
394,CSW24,20,41,17.462000,13.220000,-4.242000,9h UNDE
394,CSW24,21,28,18.612000,12.674000,-5.938000,i7 GIN
394,CSW24,22,16,20.869000,12.601000,-8.268000,7d GUNNED
394,CSW24,23,19,19.891000,12.461000,-7.430000,7d GURNED
394,CSW24,24,25,18.878000,12.381000,-6.497000,k5 UNGOD
394,CSW24,25,15,20.891000,12.023000,-8.868000,9d RUNGED
654,CSW24,1,1,66.254000,60.315000,-5.939000,h12 JILL
654,CSW24,2,2,64.223000,58.284000,-5.939000,h12 JILT
654,CSW24,3,3,62.634000,56.728000,-5.906000,h12 JARL
654,CSW24,4,4,56.151000,50.164000,-5.987000,h12 JAIL
654,CSW24,5,5,55.212000,50.036000,-5.176000,k2 TILeR
654,CSW24,6,7,52.264000,48.884000,-3.380000,h1 LILAC
654,CSW24,7,6,53.348000,47.373000,-5.975000,k2 TALeR
654,CSW24,8,8,52.223000,45.897000,-6.326000,k2 TILe
654,CSW24,9,9,49.528000,43.207000,-6.321000,k2 TALe
654,CSW24,10,10,49.032000,42.846000,-6.186000,o10 ATRIAL
654,CSW24,11,15,45.568000,42.112000,-3.456000,h1 TRIAC
654,CSW24,12,14,45.568000,42.110000,-3.458000,h1 ARTIC
654,CSW24,13,11,47.731000,41.399000,-6.332000,k2 TIRe
654,CSW24,14,12,46.634000,39.669000,-6.965000,13g LAR
654,CSW24,15,13,45.805000,39.478000,-6.327000,k2 TARe
654,CSW24,16,16,45.528000,38.546000,-6.982000,13g LAT
654,CSW24,17,17,44.847000,37.999000,-6.848000,13d RILL
654,CSW24,18,18,44.547000,37.809000,-6.738000,h5 CLOYE
654,CSW24,19,19,43.939000,37.155000,-6.784000,13f LIAR
654,CSW24,20,20,43.254000,36.184000,-7.070000,13k LILL
654,CSW24,21,23,41.568000,36.094000,-5.474000,10g TRAIN
654,CSW24,22,22,41.805000,34.828000,-6.977000,13g TAR
654,CSW24,23,21,41.805000,34.777000,-7.028000,13g RAT
654,CSW24,24,31,40.316000,34.517000,-5.799000,k2 TI
654,CSW24,25,24,41.468000,34.462000,-7.006000,k4 LeT
856,CSW24,1,1,15.956000,9.397000,-6.559000,c1 VIAE
856,CSW24,2,2,13.781000,2.928000,-10.853000,2b AIDOI
856,CSW24,3,3,13.781000,2.892000,-10.889000,2b OIDIA
856,CSW24,4,4,11.739000,2.644000,-9.095000,2b VIDEO
856,CSW24,5,6,6.776000,0.189000,-6.587000,c1 VIA
856,CSW24,6,5,6.956000,0.101000,-6.855000,e1 VIAE
856,CSW24,7,8,5.915000,-1.389000,-7.304000,c1 AIA
856,CSW24,8,18,0.971000,-4.064000,-5.035000,e4 IO
856,CSW24,9,10,3.776000,-4.152000,-7.928000,2d DIVA
856,CSW24,10,15,2.041000,-4.604000,-6.645000,c1 VIE
856,CSW24,11,13,2.698000,-5.210000,-7.908000,2d DIVO
856,CSW24,12,7,6.739000,-5.298000,-12.037000,2d DOVIE
856,CSW24,13,20,0.854000,-5.408000,-6.262000,ex AAIIOV
856,CSW24,14,16,1.956000,-5.515000,-7.471000,4d MAVIE
856,CSW24,15,14,2.366000,-5.775000,-8.141000,4d MOAI
856,CSW24,16,25,-0.029000,-5.947000,-5.918000,c2 IO
856,CSW24,17,19,0.915000,-6.039000,-6.954000,e1 AIA
856,CSW24,18,23,0.000000,-6.262000,-6.262000,ex AAEIIOV
856,CSW24,19,28,-0.378000,-6.640000,-6.262000,ex AEIIOV
856,CSW24,20,21,0.739000,-6.725000,-7.464000,4d MOVIE
856,CSW24,21,30,-0.638000,-6.900000,-6.262000,ex AIIOV
856,CSW24,22,29,-0.525000,-7.071000,-6.546000,c1 VAE
856,CSW24,23,27,-0.224000,-7.158000,-6.934000,9h AVI
856,CSW24,24,11,2.915000,-7.248000,-10.163000,2b AIDA
856,CSW24,25,26,-0.098000,-7.325000,-7.227000,2d DIVI
1063,CSW24,1,2,32.778000,27.551000,-5.227000,b2 CRAVE
1063,CSW24,2,1,32.778000,27.451000,-5.327000,b2 CARVE
1063,CSW24,3,4,28.778000,22.885000,-5.893000,e3 CRAVED
1063,CSW24,4,3,28.778000,22.827000,-5.951000,e3 CARVED
1063,CSW24,5,5,27.778000,22.412000,-5.366000,d3 CAVER
1063,CSW24,6,6,27.778000,21.965000,-5.813000,10h CAVER
1063,CSW24,7,7,25.992000,20.686000,-5.306000,11a VERRA
1063,CSW24,8,10,25.783000,20.371000,-5.412000,b2 VERRA
1063,CSW24,9,9,25.854000,20.262000,-5.592000,d2 CRAVER
1063,CSW24,10,8,25.854000,20.205000,-5.649000,d2 CARVER
1063,CSW24,11,12,25.778000,20.122000,-5.656000,d2 CRAVE
1063,CSW24,12,11,25.778000,20.065000,-5.713000,d2 CARVE
1063,CSW24,13,13,24.847000,19.114000,-5.733000,e5 VERD
1063,CSW24,14,14,24.386000,18.055000,-6.331000,b2 ARVEE
1063,CSW24,15,17,22.847000,17.971000,-4.876000,e10 EREV
1063,CSW24,16,18,22.847000,17.889000,-4.958000,e10 EVER
1063,CSW24,17,16,23.771000,17.620000,-6.151000,e4 RAVED
1063,CSW24,18,19,22.771000,17.097000,-5.674000,d4 AVER
1063,CSW24,19,22,21.778000,16.256000,-5.522000,10h CRAVE
1063,CSW24,20,23,21.719000,16.211000,-5.508000,e4 CAVED
1063,CSW24,21,21,21.778000,16.196000,-5.582000,10h CARVE
1063,CSW24,22,15,24.386000,16.190000,-8.196000,b2 REAVE
1063,CSW24,23,24,21.719000,15.919000,-5.800000,10h CAVE
1063,CSW24,24,20,21.877000,15.405000,-6.472000,e2 AVERRED
1063,CSW24,25,25,20.944000,15.327000,-5.617000,d4 EVER
126,CSW24,1,1,17.774000,10.795000,-6.979000,4k MIAOU
126,CSW24,2,3,16.477000,9.539000,-6.938000,13i ODIUM
126,CSW24,3,4,14.729000,7.321000,-7.408000,n10 MOU
126,CSW24,4,2,16.774000,6.577000,-10.197000,4a MIAOU
126,CSW24,5,5,12.582000,5.640000,-6.942000,13i ODEUM
126,CSW24,6,6,11.091000,3.709000,-7.382000,n10 MEU
126,CSW24,7,7,10.528000,3.316000,-7.212000,n9 AMIE
126,CSW24,8,9,9.572000,2.086000,-7.486000,n9 AMU
126,CSW24,9,12,7.751000,1.381000,-6.370000,6k EUOI
126,CSW24,10,15,7.582000,0.661000,-6.921000,4k MOUE
126,CSW24,11,14,7.582000,0.640000,-6.942000,4k MEOU
126,CSW24,12,10,8.091000,0.566000,-7.525000,n9 EMU
126,CSW24,13,13,7.582000,0.488000,-7.094000,4c MOUE
126,CSW24,14,11,7.751000,0.386000,-7.365000,n5 EUOI
126,CSW24,15,19,6.751000,0.189000,-6.562000,4b EUOI
126,CSW24,16,16,6.893000,-0.020000,-6.913000,4k OUMA
126,CSW24,17,21,6.513000,-0.174000,-6.687000,n10 AUE
126,CSW24,18,22,6.513000,-0.241000,-6.754000,n10 EAU
126,CSW24,19,20,6.750000,-0.357000,-7.107000,11j VAU
126,CSW24,20,8,9.893000,-0.557000,-10.450000,7a OUMA
126,CSW24,21,18,6.882000,-0.696000,-7.578000,7i EUOUAE
126,CSW24,22,17,6.885000,-0.902000,-7.787000,3g IPOMOEA
126,CSW24,23,25,4.513000,-1.611000,-6.124000,g1 EAU
126,CSW24,24,24,4.751000,-1.618000,-6.369000,6b EUOI
126,CSW24,25,23,5.439000,-1.951000,-7.390000,11j VOEMAS
849,CSW24,1,1,80.000000,73.827000,-6.173000,3a DRInKINg
849,CSW24,2,2,78.000000,73.190000,-4.810000,l2 RINKsIDE
849,CSW24,3,4,76.000000,71.287000,-4.713000,k6 KINGbIRD
849,CSW24,4,3,76.000000,69.836000,-6.164000,3a DRINKIng
849,CSW24,5,5,58.292000,53.773000,-4.519000,3b DIRKINg
849,CSW24,6,6,57.229000,52.919000,-4.310000,3c DIKINg
849,CSW24,7,8,54.292000,50.567000,-3.725000,k3 DIRKING
849,CSW24,8,7,54.585000,50.331000,-4.254000,3c IRKINg
849,CSW24,9,9,53.229000,49.579000,-3.650000,k4 DIKING
849,CSW24,10,13,52.736000,49.311000,-3.425000,12l DIRK
849,CSW24,11,10,53.229000,49.100000,-4.129000,l4 DINKIE
849,CSW24,12,11,53.229000,49.075000,-4.154000,l4 KINDIE
849,CSW24,13,12,52.790000,49.065000,-3.725000,b11 KI
849,CSW24,14,14,52.535000,48.676000,-3.859000,10l RAKI
849,CSW24,15,15,52.090000,48.118000,-3.972000,3j DIRK
849,CSW24,16,16,51.745000,47.631000,-4.114000,5h NUDNIK
849,CSW24,17,18,50.585000,47.112000,-3.473000,k4 IRKING
849,CSW24,18,17,50.745000,46.654000,-4.091000,3j DINK
849,CSW24,19,20,50.176000,46.397000,-3.779000,n10 DIN
849,CSW24,20,21,50.125000,46.365000,-3.760000,n10 DI
849,CSW24,21,19,50.477000,46.308000,-4.169000,3j DRINK
849,CSW24,22,23,49.346000,45.846000,-3.500000,12l DINK
849,CSW24,23,25,49.262000,45.775000,-3.487000,12l RINK
849,CSW24,24,24,49.289000,45.747000,-3.542000,k9 GINK
849,CSW24,25,26,49.216000,45.536000,-3.680000,4g REWIND
287,CSW24,1,1,42.225000,33.164000,-9.061000,10c GRAD
287,CSW24,2,2,40.081000,32.636000,-7.445000,e5 PAYOR
287,CSW24,3,3,38.627000,29.601000,-9.026000,10c PARD
287,CSW24,4,4,38.627000,29.518000,-9.109000,10c PRAD
287,CSW24,5,5,36.112000,28.380000,-7.732000,e5 PAYORS
287,CSW24,6,6,33.255000,24.350000,-8.905000,10b SPARD
287,CSW24,7,7,33.255000,24.249000,-9.006000,10b SPRAD
287,CSW24,8,8,33.055000,24.049000,-9.006000,10c GRADS
287,CSW24,9,11,32.255000,23.232000,-9.023000,10b PRADS
287,CSW24,10,10,32.255000,23.172000,-9.083000,10b PARDS
287,CSW24,11,12,32.176000,23.142000,-9.034000,10d GAD
287,CSW24,12,14,32.055000,23.058000,-8.997000,10b DRAGS
287,CSW24,13,15,32.055000,23.001000,-9.054000,10b GRADS
287,CSW24,14,13,32.055000,22.975000,-9.080000,10b DARGS
287,CSW24,15,16,31.865000,22.929000,-8.936000,10d ARD
287,CSW24,16,17,31.865000,22.850000,-9.015000,10d RAD
287,CSW24,17,9,32.439000,22.735000,-9.704000,12d DRAPING
287,CSW24,18,18,31.255000,22.297000,-8.958000,10c PARDS
287,CSW24,19,19,31.255000,22.196000,-9.059000,10c PRADS
287,CSW24,20,20,30.255000,21.151000,-9.104000,10b DRAPS
287,CSW24,21,21,29.499000,20.357000,-9.142000,10c GRASP
287,CSW24,22,22,29.293000,20.317000,-8.976000,10b PARRS
287,CSW24,23,28,28.057000,20.007000,-8.050000,5d PRIG
287,CSW24,24,24,29.055000,19.729000,-9.326000,j4 GRADS
287,CSW24,25,27,28.057000,19.591000,-8.466000,5d GRIP
1000,CSW24,1,1,69.868000,63.572000,-6.296000,7e MIZ
1000,CSW24,2,2,61.098000,54.403000,-6.695000,e7 VEZIR
1000,CSW24,3,3,60.596000,53.923000,-6.673000,7e RIZ
1000,CSW24,4,5,55.098000,49.855000,-5.243000,g5 VIZOR
1000,CSW24,5,4,57.078000,49.668000,-7.410000,e7 VERMIL
1000,CSW24,6,6,51.546000,45.246000,-6.300000,g7 MOZ
1000,CSW24,7,7,50.442000,45.192000,-5.250000,g7 VOM
1000,CSW24,8,8,49.687000,42.789000,-6.898000,c5 MILTZ
1000,CSW24,9,12,49.446000,42.694000,-6.752000,e5 VILER
1000,CSW24,10,11,49.446000,42.444000,-7.002000,e5 RIVEL
1000,CSW24,11,10,49.446000,42.379000,-7.067000,e5 LIVER
1000,CSW24,12,16,47.314000,42.321000,-4.993000,g7 VOL
1000,CSW24,13,9,49.446000,42.247000,-7.199000,e4 LIVRE
1000,CSW24,14,13,49.446000,42.180000,-7.266000,e8 ERVIL
1000,CSW24,15,14,48.446000,42.002000,-6.444000,9b VIRL
1000,CSW24,16,17,47.078000,40.368000,-6.710000,h7 VERMIL
1000,CSW24,17,15,47.868000,40.322000,-7.546000,7b MIZ
1000,CSW24,18,20,46.446000,40.316000,-6.130000,g5 LIVOR
1000,CSW24,19,22,46.118000,40.228000,-5.890000,g7 ZOL
1000,CSW24,20,25,44.467000,39.718000,-4.749000,g7 VOR
1000,CSW24,21,18,46.565000,39.087000,-7.478000,7h MIRV
1000,CSW24,22,19,46.565000,38.678000,-7.887000,9h MIRV
1000,CSW24,23,24,44.854000,38.443000,-6.411000,9b VIM
1000,CSW24,24,23,44.854000,38.361000,-6.493000,7b VIM
1000,CSW24,25,30,44.098000,38.156000,-5.942000,h7 VEZIR
78,CSW24,1,1,36.854000,36.211000,-0.643000,o4 INHABIT
78,CSW24,2,2,33.326000,28.678000,-4.648000,9f SH
78,CSW24,3,4,31.247000,27.659000,-3.588000,2g TITHE
78,CSW24,4,3,31.672000,27.481000,-4.191000,6k BAH
78,CSW24,5,10,28.326000,27.152000,-1.174000,o1 HI
78,CSW24,6,5,30.521000,26.465000,-4.056000,6a EH
78,CSW24,7,7,30.174000,26.111000,-4.063000,6a AH
78,CSW24,8,8,29.428000,26.043000,-3.385000,6k BAHT
78,CSW24,9,6,30.210000,25.953000,-4.257000,g7 ICH
78,CSW24,10,9,29.102000,25.436000,-3.666000,j9 BHAI
78,CSW24,11,11,28.174000,23.904000,-4.270000,g7 ACH
78,CSW24,12,13,27.428000,23.738000,-3.690000,j9 BHAT
78,CSW24,13,19,24.768000,23.430000,-1.338000,o1 BI
78,CSW24,14,12,27.672000,23.373000,-4.299000,6h BLAH
78,CSW24,15,15,26.051000,23.015000,-3.036000,j9 THINE
78,CSW24,16,14,27.326000,22.245000,-5.081000,b6 HOE
78,CSW24,17,16,25.863000,22.045000,-3.818000,j10 BINE
78,CSW24,18,17,25.592000,21.340000,-4.252000,j10 HIN
78,CSW24,19,18,25.478000,20.966000,-4.512000,j10 BIN
78,CSW24,20,20,24.694000,20.872000,-3.822000,j10 BITE
78,CSW24,21,21,24.519000,20.821000,-3.698000,15e BEATH
78,CSW24,22,23,23.748000,19.916000,-3.832000,j10 BANE
78,CSW24,23,28,23.430000,19.885000,-3.545000,j10 HATE
78,CSW24,24,32,23.126000,19.836000,-3.290000,j9 THANE
78,CSW24,25,29,23.376000,19.536000,-3.840000,j10 BATE
975,CSW24,1,2,39.651000,32.462000,-7.189000,h11 PAGED
975,CSW24,2,1,39.651000,32.457000,-7.194000,h11 GAPED
975,CSW24,3,3,39.110000,31.666000,-7.444000,c7 PORTAGED
975,CSW24,4,4,34.930000,28.927000,-6.003000,13l DAMP
975,CSW24,5,5,34.810000,28.223000,-6.587000,11k APTED
975,CSW24,6,6,34.420000,27.383000,-7.037000,10b GAP
975,CSW24,7,7,34.074000,26.635000,-7.439000,c7 PORTAGE
975,CSW24,8,9,33.084000,26.543000,-6.541000,g2 GEDS
975,CSW24,9,8,33.420000,26.283000,-7.137000,7c GAP
975,CSW24,10,12,32.884000,25.764000,-7.120000,10b DAG
975,CSW24,11,10,32.884000,25.729000,-7.155000,7c DAG
975,CSW24,12,11,32.884000,25.696000,-7.188000,7c GAD
975,CSW24,13,13,32.884000,25.455000,-7.429000,10b GAD
975,CSW24,14,14,32.827000,25.328000,-7.499000,g2 GED
975,CSW24,15,23,31.179000,25.033000,-6.146000,13l TAMP
975,CSW24,16,15,32.012000,24.891000,-7.121000,f1 PARGED
975,CSW24,17,22,31.199000,24.739000,-6.460000,g2 PEDS
975,CSW24,18,21,31.199000,24.737000,-6.462000,g2 DEPS
975,CSW24,19,16,31.968000,24.511000,-7.457000,h11 GATED
975,CSW24,20,18,31.656000,24.329000,-7.327000,h11 TAPED
975,CSW24,21,17,31.656000,24.313000,-7.343000,h11 PATED
975,CSW24,22,29,30.767000,24.091000,-6.676000,g2 GETS
975,CSW24,23,19,31.347000,23.940000,-7.407000,11m PEG
975,CSW24,24,24,31.099000,23.880000,-7.219000,g2 DEP
975,CSW24,25,20,31.222000,23.736000,-7.486000,h12 AGED
1084,CSW24,1,1,69.000000,57.775000,-11.225000,i2 MENEERS
1084,CSW24,2,2,66.000000,55.668000,-10.332000,7h MENEERS
1084,CSW24,3,4,30.071000,25.695000,-4.376000,d4 EMERG
1084,CSW24,4,3,30.191000,25.527000,-4.664000,d8 GERMEN
1084,CSW24,5,6,29.332000,25.407000,-3.925000,7h ME
1084,CSW24,6,7,28.978000,24.232000,-4.746000,e5 MENE
1084,CSW24,7,5,29.933000,22.522000,-7.411000,7h MENE
1084,CSW24,8,11,26.926000,22.425000,-4.501000,d4 EMERGE
1084,CSW24,9,9,27.978000,22.404000,-5.574000,7h MEN
1084,CSW24,10,13,26.168000,22.313000,-3.855000,d8 GENRE
1084,CSW24,11,14,26.168000,22.164000,-4.004000,d8 GERNE
1084,CSW24,12,24,25.332000,22.049000,-3.283000,d8 GEM
1084,CSW24,13,8,28.485000,22.004000,-6.481000,7h MEE
1084,CSW24,14,19,25.869000,21.938000,-3.931000,7h NE
1084,CSW24,15,21,25.332000,21.672000,-3.660000,d6 MEG
1084,CSW24,16,15,26.168000,21.549000,-4.619000,d8 GREEN
1084,CSW24,17,18,25.933000,21.418000,-4.515000,d5 MENGE
1084,CSW24,18,23,25.332000,21.342000,-3.990000,h7 METE
1084,CSW24,19,22,25.332000,21.186000,-4.146000,h6 MEET
1084,CSW24,20,12,26.332000,20.564000,-5.768000,g8 DIME
1084,CSW24,21,34,23.869000,20.524000,-3.345000,d8 GEN
1084,CSW24,22,31,23.869000,20.312000,-3.557000,d6 ENG
1084,CSW24,23,32,23.869000,20.282000,-3.587000,d6 NEG
1084,CSW24,24,33,23.869000,20.117000,-3.752000,h7 NETE
1084,CSW24,25,35,23.869000,20.107000,-3.762000,h8 ETEN
1098,CSW24,1,1,62.990000,57.371000,-5.619000,14b NYAFF
1098,CSW24,2,2,55.277000,49.594000,-5.683000,14b NYAFFS
1098,CSW24,3,3,45.540000,38.833000,-6.707000,h12 OFFY
1098,CSW24,4,4,37.851000,31.546000,-6.305000,5e EFF
1098,CSW24,5,5,37.540000,30.850000,-6.690000,14c YAFF
1098,CSW24,6,6,32.540000,25.441000,-7.099000,13l AFFY
1098,CSW24,7,7,32.540000,25.345000,-7.195000,14d AFFY
1098,CSW24,8,8,32.122000,24.927000,-7.195000,6j VIFF
1098,CSW24,9,9,32.122000,24.805000,-7.317000,m7 VIFF
1098,CSW24,10,10,30.990000,24.018000,-6.972000,6j NIFFY
1098,CSW24,11,12,29.204000,22.209000,-6.995000,14c NAFF
1098,CSW24,12,11,29.244000,22.158000,-7.086000,4a VERY
1098,CSW24,13,13,29.001000,21.786000,-7.215000,14c YAFFS
1098,CSW24,14,15,28.010000,21.352000,-6.658000,13k SAVEY
1098,CSW24,15,14,28.432000,21.228000,-7.204000,4a NERVY
1098,CSW24,16,16,27.540000,20.384000,-7.156000,6k IFFY
1098,CSW24,17,17,27.540000,20.057000,-7.483000,10k AFFY
1098,CSW24,18,18,26.694000,19.298000,-7.396000,6j VINY
1098,CSW24,19,19,26.233000,19.075000,-7.158000,h12 OFFS
1098,CSW24,20,21,25.982000,18.856000,-7.126000,14d AFF
1098,CSW24,21,20,25.990000,18.204000,-7.786000,m7 NIFFY
1098,CSW24,22,22,24.884000,17.965000,-6.919000,6j VIFFS
1098,CSW24,23,23,24.280000,16.865000,-7.415000,h12 OVEN
1098,CSW24,24,26,23.536000,16.454000,-7.082000,4a FERNY
1098,CSW24,25,24,23.694000,15.966000,-7.728000,m7 VINY
465,CSW24,1,1,22.830000,16.770000,-6.060000,j10 FIE
465,CSW24,2,2,15.683000,9.777000,-5.906000,j10 FIG
465,CSW24,3,3,14.464000,8.455000,-6.009000,1a GADI
465,CSW24,4,4,14.157000,7.971000,-6.186000,1a AIDE
465,CSW24,5,5,13.583000,7.683000,-5.900000,1a FADE
465,CSW24,6,6,13.583000,7.404000,-6.179000,j10 FAE
465,CSW24,7,7,13.121000,6.883000,-6.238000,j10 FEE
465,CSW24,8,8,12.319000,6.150000,-6.169000,1a EIDE
465,CSW24,9,9,11.778000,5.743000,-6.035000,j10 FEG
465,CSW24,10,13,11.226000,5.457000,-5.769000,j4 NEF
465,CSW24,11,10,11.548000,5.428000,-6.120000,b1 IF
465,CSW24,12,11,11.283000,5.186000,-6.097000,1a GADE
465,CSW24,13,14,10.830000,5.040000,-5.790000,o1 KIEF
465,CSW24,14,12,11.283000,4.869000,-6.414000,b5 AGE
465,CSW24,15,16,9.548000,3.780000,-5.768000,1a FID
465,CSW24,16,15,9.706000,3.776000,-5.930000,k2 ANTIFA
465,CSW24,17,17,9.226000,3.105000,-6.121000,j10 FE
465,CSW24,18,18,8.569000,2.538000,-6.031000,j10 FAG
465,CSW24,19,19,8.292000,2.361000,-5.931000,k1 FANTEEG
465,CSW24,20,20,7.830000,1.936000,-5.894000,h10 FIE
465,CSW24,21,21,6.706000,0.914000,-5.792000,o1 KAIF
465,CSW24,22,23,6.226000,0.248000,-5.978000,b1 EF
465,CSW24,23,22,6.244000,0.108000,-6.136000,j10 FA
465,CSW24,24,24,5.728000,-0.368000,-6.096000,5j AI
465,CSW24,25,25,5.157000,-0.877000,-6.034000,o1 KAIE
11,CSW24,1,1,53.413000,51.006000,-2.407000,4l HALF
11,CSW24,2,3,41.983000,39.575000,-2.408000,4l FISH
11,CSW24,3,2,42.321000,39.295000,-3.026000,4l FAH
11,CSW24,4,4,41.038000,38.630000,-2.408000,4l FASH
11,CSW24,5,5,40.413000,35.700000,-4.713000,2l HALF
11,CSW24,6,7,37.529000,34.604000,-2.925000,4l FAIL
11,CSW24,7,8,37.529000,34.604000,-2.925000,4l FILA
11,CSW24,8,6,37.666000,33.885000,-3.781000,4l FIL
11,CSW24,9,12,36.795000,33.876000,-2.919000,4l NAIF
11,CSW24,10,11,36.795000,33.870000,-2.925000,4l FAIN
11,CSW24,11,9,37.376000,33.695000,-3.681000,4l FIN
11,CSW24,12,10,37.321000,33.604000,-3.717000,2l FAH
11,CSW24,13,14,35.684000,32.880000,-2.804000,9m NAH
11,CSW24,14,18,35.038000,32.393000,-2.645000,4l FAHS
11,CSW24,15,13,35.715000,31.888000,-3.827000,n6 FID
11,CSW24,16,19,34.962000,31.749000,-3.213000,l1 FLEA
11,CSW24,17,17,35.106000,31.737000,-3.369000,l2 FEH
11,CSW24,18,15,35.555000,31.487000,-4.068000,2d FLANCH
11,CSW24,19,16,35.142000,31.416000,-3.726000,4l FAN
11,CSW24,20,20,33.942000,31.013000,-2.929000,4l HAIN
11,CSW24,21,21,33.403000,30.018000,-3.385000,4l HIN
11,CSW24,22,27,32.247000,29.322000,-2.925000,4l HAIL
11,CSW24,23,28,32.247000,29.322000,-2.925000,4l HILA
11,CSW24,24,23,32.684000,29.213000,-3.471000,4l HAN
11,CSW24,25,22,33.016000,28.988000,-4.028000,n6 HID
381,CSW24,1,2,51.663000,43.853000,-7.810000,b6 JOL
381,CSW24,2,1,51.671000,43.751000,-7.920000,7h JUG
381,CSW24,3,3,45.504000,37.906000,-7.598000,8l GURL
381,CSW24,4,4,44.346000,37.889000,-6.457000,8l JaRL
381,CSW24,5,7,42.894000,36.507000,-6.387000,8l JURy
381,CSW24,6,5,42.894000,36.497000,-6.397000,8l JURa
381,CSW24,7,6,42.894000,36.461000,-6.433000,8l JURe
381,CSW24,8,8,42.040000,34.397000,-7.643000,7f JOG
381,CSW24,9,9,41.671000,33.580000,-8.091000,m5 GJU
381,CSW24,10,11,39.799000,33.263000,-6.536000,8l JORs
381,CSW24,11,10,41.155000,32.918000,-8.237000,7h GULL
381,CSW24,12,12,39.504000,31.380000,-8.124000,7h GUL
381,CSW24,13,13,37.796000,29.360000,-8.436000,c5 JOULE
381,CSW24,14,14,37.401000,29.254000,-8.147000,b5 JOLL
381,CSW24,15,15,36.063000,28.134000,-7.929000,7f LOG
381,CSW24,16,16,35.663000,27.315000,-8.348000,c6 JOLE
381,CSW24,17,17,35.219000,27.200000,-8.019000,c7 JOE
381,CSW24,18,19,34.995000,27.109000,-7.886000,7h GU
381,CSW24,19,18,35.219000,26.559000,-8.660000,8l JOR
381,CSW24,20,20,34.504000,26.405000,-8.099000,b6 GUL
381,CSW24,21,21,34.155000,25.871000,-8.284000,b5 GULL
381,CSW24,22,24,33.504000,25.537000,-7.967000,9k UGLY
381,CSW24,23,26,33.219000,25.507000,-7.712000,7f JO
381,CSW24,24,23,33.504000,25.479000,-8.025000,9k GULY
381,CSW24,25,25,33.219000,25.092000,-8.127000,m6 JO
886,CSW24,1,1,44.093000,39.023000,-5.070000,f7 QI
886,CSW24,2,4,40.441000,35.259000,-5.182000,9c LEG
886,CSW24,3,3,40.441000,35.207000,-5.234000,9c GEL
886,CSW24,4,5,40.187000,34.778000,-5.409000,9b GLEE
886,CSW24,5,7,39.194000,34.414000,-4.780000,9c GEE
886,CSW24,6,2,41.571000,33.954000,-7.617000,d3 QAmEEZ
886,CSW24,7,6,39.764000,32.268000,-7.496000,9b EGAL
886,CSW24,8,8,38.764000,31.873000,-6.891000,9b GEAL
886,CSW24,9,12,36.319000,31.646000,-4.673000,9c GAE
886,CSW24,10,17,34.764000,30.602000,-4.162000,7f GEAL
886,CSW24,11,15,34.841000,29.831000,-5.010000,9c LAG
886,CSW24,12,14,34.841000,29.669000,-5.172000,9c GAL
886,CSW24,13,18,34.651000,29.472000,-5.179000,ex EQ
886,CSW24,14,24,33.194000,29.314000,-3.880000,7f GEE
886,CSW24,15,22,33.800000,28.621000,-5.179000,ex EGQ
886,CSW24,16,13,36.194000,28.601000,-7.593000,9b GEE
886,CSW24,17,27,33.093000,27.914000,-5.179000,ex Q
886,CSW24,18,19,34.621000,27.910000,-6.711000,9b AGEE
886,CSW24,19,44,30.621000,27.126000,-3.495000,7e AGEE
886,CSW24,20,16,34.764000,26.936000,-7.828000,d5 GLAZE
886,CSW24,21,21,34.194000,26.841000,-7.353000,d5 GEEZ
886,CSW24,22,32,31.879000,26.700000,-5.179000,ex AEGQ
886,CSW24,23,39,31.594000,26.622000,-4.972000,9c LEE
886,CSW24,24,9,38.187000,26.485000,-11.702000,9a GLEE
886,CSW24,25,47,30.319000,26.405000,-3.914000,7f GAE
665,CSW24,1,2,19.467000,8.392000,-11.075000,1k NOOIT
665,CSW24,2,1,20.032000,8.359000,-11.673000,1h BOUTON
665,CSW24,3,3,16.509000,4.271000,-12.238000,1h BOUT
665,CSW24,4,4,15.467000,3.634000,-11.833000,1a NOOIT
665,CSW24,5,5,15.467000,2.547000,-12.920000,d10 NOOIT
665,CSW24,6,8,14.364000,1.764000,-12.600000,d11 TOUT
665,CSW24,7,11,12.821000,1.556000,-11.265000,1l OINT
665,CSW24,8,9,12.970000,1.541000,-11.429000,1l OTTO
665,CSW24,9,10,12.821000,1.410000,-11.411000,1l INTO
665,CSW24,10,7,14.509000,1.372000,-13.137000,d12 OUT
665,CSW24,11,20,11.555000,0.206000,-11.349000,1l OONT
665,CSW24,12,6,15.467000,0.154000,-15.313000,d11 NOOIT
665,CSW24,13,19,11.555000,0.144000,-11.411000,1l ONTO
665,CSW24,14,15,12.403000,-0.205000,-12.608000,d11 TOUN
665,CSW24,15,14,12.403000,-0.257000,-12.660000,d11 NOUT
665,CSW24,16,23,11.177000,-1.279000,-12.456000,1h BOOT
665,CSW24,17,13,12.509000,-1.328000,-13.837000,l2 DOUT
665,CSW24,18,18,12.115000,-1.338000,-13.453000,k6 OU
665,CSW24,19,25,11.177000,-1.579000,-12.756000,d11 TOO
665,CSW24,20,24,11.177000,-1.606000,-12.783000,d10 TOO
665,CSW24,21,22,11.364000,-1.873000,-13.237000,3k TOUT
665,CSW24,22,12,12.752000,-1.987000,-14.739000,13b OUTSIT
665,CSW24,23,21,11.509000,-2.311000,-13.820000,3l OUT
665,CSW24,24,17,12.310000,-2.483000,-14.793000,13b OUTSIN
665,CSW24,25,40,9.177000,-2.608000,-11.785000,3c OTTO
962,CSW24,1,1,71.000000,62.000000,-9.000000,6i WORLDIE
962,CSW24,2,2,69.000000,60.662000,-8.338000,6i DOWLIER
962,CSW24,3,3,33.522000,25.544000,-7.978000,14f WILDER
962,CSW24,4,4,29.465000,21.577000,-7.888000,14k WOLD
962,CSW24,5,5,28.056000,21.080000,-6.976000,c11 OWL
962,CSW24,6,7,27.036000,20.630000,-6.406000,14i LEWD
962,CSW24,7,6,27.465000,19.520000,-7.945000,14k DOWL
962,CSW24,8,10,26.056000,18.738000,-7.318000,6d LOWP
962,CSW24,9,8,26.598000,18.583000,-8.015000,14k WORD
962,CSW24,10,24,24.208000,18.221000,-5.987000,10f JOW
962,CSW24,11,9,26.465000,17.930000,-8.535000,14f WOLD
962,CSW24,12,16,25.086000,17.690000,-7.396000,14f WILD
962,CSW24,13,19,24.898000,17.643000,-7.255000,14k WO
962,CSW24,14,18,24.898000,17.498000,-7.400000,c12 WO
962,CSW24,15,17,25.056000,17.274000,-7.782000,14l OWL
962,CSW24,16,38,22.898000,16.897000,-6.001000,6i WO
962,CSW24,17,15,25.303000,16.894000,-8.409000,14k WEIL
962,CSW24,18,27,23.838000,16.252000,-7.586000,10b WIG
962,CSW24,19,42,22.614000,16.094000,-6.520000,14i DEW
962,CSW24,20,39,22.838000,15.652000,-7.186000,k10 WINO
962,CSW24,21,36,22.979000,15.648000,-7.331000,6d DOWP
962,CSW24,22,37,22.898000,15.582000,-7.316000,f5 WO
962,CSW24,23,33,23.056000,15.546000,-7.510000,c12 OWL
962,CSW24,24,26,23.969000,15.385000,-8.584000,14k WEID
962,CSW24,25,40,22.780000,15.109000,-7.671000,14e DWILE
216,CSW24,1,2,74.000000,73.439000,-0.561000,5g SHAIRNS
216,CSW24,2,1,74.000000,73.313000,-0.687000,5g ARSHINS
216,CSW24,3,3,52.926000,48.152000,-4.774000,e1 HAIRSBREADTHS
216,CSW24,4,4,50.108000,48.049000,-2.059000,e2 HAIRBREADTHS
216,CSW24,5,5,47.853000,46.317000,-1.536000,10e DINS
216,CSW24,6,7,45.464000,43.928000,-1.536000,10e DANS
216,CSW24,7,6,45.474000,43.594000,-1.880000,m11 SHIN
216,CSW24,8,8,43.462000,41.638000,-1.824000,m11 SHIR
216,CSW24,9,9,43.151000,41.374000,-1.777000,m11 SHAN
216,CSW24,10,10,42.636000,40.897000,-1.739000,m11 SHA
216,CSW24,11,14,41.220000,38.711000,-2.509000,m5 NORTHS
216,CSW24,12,15,40.763000,38.292000,-2.471000,m12 HIN
216,CSW24,13,16,40.495000,38.055000,-2.440000,10e DIN
216,CSW24,14,20,39.781000,37.908000,-1.873000,m11 AHIS
216,CSW24,15,11,42.555000,37.837000,-4.718000,m11 SHARN
216,CSW24,16,18,40.138000,37.728000,-2.410000,m12 HIS
216,CSW24,17,17,40.318000,37.485000,-2.833000,12b TANH
216,CSW24,18,22,39.510000,37.431000,-2.079000,m10 NARIS
216,CSW24,19,23,39.510000,37.381000,-2.129000,m10 SARIN
216,CSW24,20,21,39.636000,37.307000,-2.329000,m12 HAS
216,CSW24,21,13,42.474000,37.043000,-5.431000,m12 HISN
216,CSW24,22,12,42.474000,36.871000,-5.603000,m12 HINS
216,CSW24,23,30,38.327000,35.846000,-2.481000,m12 HAN
216,CSW24,24,32,38.249000,35.691000,-2.558000,n2 SH
216,CSW24,25,33,37.806000,35.623000,-2.183000,10e DAN
60,CSW24,1,1,66.000000,54.017000,-11.983000,2f AUNTLIKE
60,CSW24,2,2,48.575000,38.683000,-9.892000,15l JAUK
60,CSW24,3,3,46.888000,36.891000,-9.997000,15l JUKE
60,CSW24,4,4,38.258000,28.238000,-10.020000,15l JAKE
60,CSW24,5,5,36.673000,26.705000,-9.968000,a6 KYU
60,CSW24,6,6,34.860000,24.477000,-10.383000,15l JUTE
60,CSW24,7,7,31.335000,20.778000,-10.557000,a7 YU
60,CSW24,8,9,29.324000,18.915000,-10.409000,15l JAIL
60,CSW24,9,10,28.594000,18.280000,-10.314000,15l JILT
60,CSW24,10,8,29.854000,16.494000,-13.360000,n1 LIKUTA
60,CSW24,11,11,26.832000,16.433000,-10.399000,15l JEAT
60,CSW24,12,13,26.355000,15.758000,-10.597000,a6 AYU
60,CSW24,13,15,26.164000,15.509000,-10.655000,a3 TAILYE
60,CSW24,14,12,26.673000,14.276000,-12.397000,e4 EUK
60,CSW24,15,14,26.241000,14.148000,-12.093000,9i KI
60,CSW24,16,27,23.554000,13.590000,-9.964000,a6 KYE
60,CSW24,17,16,25.740000,13.329000,-12.411000,3c KUTI
60,CSW24,18,18,25.444000,13.211000,-12.233000,5b KUIA
60,CSW24,19,19,25.006000,12.266000,-12.740000,k2 LUCKIE
60,CSW24,20,20,24.561000,12.188000,-12.373000,13c KUTu
60,CSW24,21,17,25.622000,12.113000,-13.509000,2h NUTLIKE
60,CSW24,22,22,24.053000,11.066000,-12.987000,n10 LATKE
60,CSW24,23,26,23.575000,10.868000,-12.707000,k4 CAUK
60,CSW24,24,21,24.362000,10.711000,-13.651000,5a KITUL
60,CSW24,25,24,23.740000,10.517000,-13.223000,13a KUTI
330,CSW24,1,1,84.000000,72.748000,-11.252000,j5 SEEPIER
330,CSW24,2,2,78.000000,65.332000,-12.668000,14g EMPERIES
330,CSW24,3,3,78.000000,65.231000,-12.769000,14g EMPERISE
330,CSW24,4,4,72.000000,57.937000,-14.063000,11i PEERIES
330,CSW24,5,6,70.000000,57.729000,-12.271000,14e EPIMERES
330,CSW24,6,5,70.000000,56.086000,-13.914000,11i SEEPIER
330,CSW24,7,7,66.000000,54.046000,-11.954000,14d PREEMIES
330,CSW24,8,8,49.350000,42.518000,-6.832000,1l CEPE
330,CSW24,9,9,42.378000,31.516000,-10.862000,6n EE
330,CSW24,10,10,40.378000,30.283000,-10.095000,4n EE
330,CSW24,11,11,39.780000,29.199000,-10.581000,9e DEXIE
330,CSW24,12,13,37.545000,28.741000,-8.804000,o5 FIERE
330,CSW24,13,14,37.545000,28.731000,-8.814000,o5 FIREE
330,CSW24,14,12,38.378000,28.272000,-10.106000,3l NEE
330,CSW24,15,19,35.781000,27.421000,-8.360000,o5 FEER
330,CSW24,16,20,35.781000,27.327000,-8.454000,o5 FERE
330,CSW24,17,21,35.781000,27.316000,-8.465000,o5 FREE
330,CSW24,18,29,34.378000,27.075000,-7.303000,1n EE
330,CSW24,19,22,35.580000,26.976000,-8.604000,o5 FEERIE
330,CSW24,20,18,35.854000,26.672000,-9.182000,j4 ESPIER
330,CSW24,21,15,37.350000,26.565000,-10.785000,3l NEEP
330,CSW24,22,16,36.378000,26.244000,-10.134000,i14 EE
330,CSW24,23,17,36.097000,26.205000,-9.892000,3l NE
330,CSW24,24,36,33.325000,25.998000,-7.327000,1n PE
330,CSW24,25,26,34.854000,25.757000,-9.097000,15a ESPIER
766,CSW24,1,1,58.006000,52.842000,-5.164000,9c HARDY
766,CSW24,2,2,46.672000,41.461000,-5.211000,9c TARDY
766,CSW24,3,3,42.863000,36.807000,-6.056000,9d ADRY
766,CSW24,4,4,40.806000,34.991000,-5.815000,9c HAY
766,CSW24,5,5,40.806000,34.963000,-5.843000,9c YAH
766,CSW24,6,6,39.434000,33.555000,-5.879000,9c YAD
766,CSW24,7,7,38.863000,32.848000,-6.015000,9c YARD
766,CSW24,8,8,38.230000,32.209000,-6.021000,9c HAD
766,CSW24,9,10,36.966000,30.809000,-6.157000,9c TAYRA
766,CSW24,10,12,36.138000,30.103000,-6.035000,9c HARD
766,CSW24,11,13,35.434000,29.621000,-5.813000,9c DAY
766,CSW24,12,11,36.853000,29.350000,-7.503000,9e RHYTA
766,CSW24,13,14,34.230000,28.324000,-5.906000,9c DAH
766,CSW24,14,16,33.608000,27.733000,-5.875000,9d ARHAT
766,CSW24,15,9,37.006000,27.495000,-9.511000,9f HYDRA
766,CSW24,16,15,33.806000,27.180000,-6.626000,9g YAH
766,CSW24,17,18,32.620000,26.456000,-6.164000,9c YAR
766,CSW24,18,17,32.666000,26.206000,-6.460000,9c HA
766,CSW24,19,19,32.434000,26.101000,-6.333000,9g YAD
766,CSW24,20,20,30.759000,24.818000,-5.941000,9c TAY
766,CSW24,21,21,30.553000,24.240000,-6.313000,9c YA
766,CSW24,22,23,28.813000,22.629000,-6.184000,9c TAHR
766,CSW24,23,28,27.806000,22.008000,-5.798000,9f HAY
766,CSW24,24,29,27.806000,21.853000,-5.953000,9f YAH
766,CSW24,25,22,29.863000,21.548000,-8.315000,9g YARD
288,CSW24,1,1,56.097000,55.080000,-1.017000,h1 FAKE
288,CSW24,2,2,51.108000,50.114000,-0.994000,h1 BAKE
288,CSW24,3,3,49.365000,48.003000,-1.362000,10h BOK
288,CSW24,4,4,47.730000,47.145000,-0.585000,h1 KAF
288,CSW24,5,5,45.900000,43.931000,-1.969000,j5 OF
288,CSW24,6,6,45.565000,43.697000,-1.868000,j4 OAF
288,CSW24,7,7,44.059000,43.474000,-0.585000,h1 KEF
288,CSW24,8,8,43.174000,40.075000,-3.099000,n10 BOAKED
288,CSW24,9,10,40.962000,40.027000,-0.935000,h1 FAB
288,CSW24,10,9,41.365000,39.955000,-1.410000,10h KOB
288,CSW24,11,11,40.237000,39.319000,-0.918000,h1 KAB
288,CSW24,12,13,39.727000,38.330000,-1.397000,10h OAK
288,CSW24,13,12,39.907000,37.989000,-1.918000,10i OK
288,CSW24,14,14,39.237000,37.829000,-1.408000,10h KAB
288,CSW24,15,15,39.108000,36.883000,-2.225000,14k BREAK
288,CSW24,16,16,38.758000,36.770000,-1.988000,j5 EF
288,CSW24,17,17,37.535000,35.846000,-1.689000,14k ORFE
288,CSW24,18,19,36.646000,35.740000,-0.906000,h1 KEB
288,CSW24,19,21,35.565000,34.871000,-0.694000,h1 OAF
288,CSW24,20,22,35.199000,34.708000,-0.491000,h1 SAFE
288,CSW24,21,20,35.646000,34.238000,-1.408000,10h KEB
288,CSW24,22,18,36.758000,34.021000,-2.737000,j6 FE
288,CSW24,23,23,35.067000,32.563000,-2.504000,5g BOBAK
288,CSW24,24,24,35.067000,32.539000,-2.528000,5g KABOB
288,CSW24,25,29,33.435000,32.501000,-0.934000,h1 SAKE
577,CSW24,1,1,29.522000,20.793000,-8.729000,1e VOIDEE
577,CSW24,2,2,25.871000,19.001000,-6.870000,1f DOVIE
577,CSW24,3,4,20.175000,13.973000,-6.202000,1g EVOE
577,CSW24,4,7,18.545000,13.000000,-5.545000,1h VOE
577,CSW24,5,3,20.871000,12.503000,-8.368000,j10 DOVIE
577,CSW24,6,6,18.702000,12.316000,-6.386000,1g DOVE
577,CSW24,7,5,18.871000,9.335000,-9.536000,9e DOVIE
577,CSW24,8,9,18.522000,9.151000,-9.371000,9d VOIDEE
577,CSW24,9,8,18.522000,8.808000,-9.714000,7d VOIDEE
577,CSW24,10,11,16.871000,8.425000,-8.446000,10f VOIDEE
577,CSW24,11,24,14.324000,8.228000,-6.096000,1g VIDE
577,CSW24,12,23,14.324000,8.072000,-6.252000,1g DIVE
577,CSW24,13,22,14.324000,7.979000,-6.345000,1g DEVI
577,CSW24,14,10,16.871000,7.952000,-8.919000,7e VIDEO
577,CSW24,15,30,13.186000,7.619000,-5.567000,1h VIE
577,CSW24,16,13,15.752000,7.232000,-8.520000,l8 JOE
577,CSW24,17,12,16.327000,6.732000,-9.595000,9k POO
577,CSW24,18,17,14.915000,6.516000,-8.399000,j8 LODE
577,CSW24,19,15,14.974000,6.247000,-8.727000,j8 LOOED
577,CSW24,20,21,14.327000,5.671000,-8.656000,j8 LOO
577,CSW24,21,26,13.702000,5.547000,-8.155000,j10 DEVO
577,CSW24,22,27,13.702000,5.400000,-8.302000,j10 DOVE
577,CSW24,23,28,13.702000,5.278000,-8.424000,l10 DEVO
577,CSW24,24,18,14.545000,4.851000,-9.694000,n5 EVO
577,CSW24,25,33,12.186000,4.364000,-7.822000,9g VIE
235,CSW24,1,1,66.000000,57.833000,-8.167000,i2 SECEDING
235,CSW24,2,2,31.574000,25.910000,-5.664000,9f GED
235,CSW24,3,3,31.542000,25.179000,-6.363000,9d EDGE
235,CSW24,4,5,28.733000,22.460000,-6.273000,9c GIED
235,CSW24,5,4,28.733000,22.179000,-6.554000,7c GIED
235,CSW24,6,12,26.810000,21.285000,-5.525000,9c CIDE
235,CSW24,7,9,26.810000,20.879000,-5.931000,7c CIDE
235,CSW24,8,6,26.877000,20.640000,-6.237000,9c SIEGED
235,CSW24,9,11,26.810000,20.621000,-6.189000,9c CEDI
235,CSW24,10,15,26.574000,20.096000,-6.478000,9c GED
235,CSW24,11,14,26.574000,20.004000,-6.570000,7c GED
235,CSW24,12,7,26.810000,19.656000,-7.154000,d4 CIDED
235,CSW24,13,35,25.005000,19.470000,-5.535000,9c CEDE
235,CSW24,14,8,26.810000,19.448000,-7.362000,d4 DICED
235,CSW24,15,28,25.185000,19.406000,-5.779000,9f GEE
235,CSW24,16,10,26.810000,19.321000,-7.489000,d8 DICED
235,CSW24,17,16,26.178000,19.230000,-6.948000,f7 CAGE
235,CSW24,18,26,25.542000,19.197000,-6.345000,9c GEED
235,CSW24,19,34,25.005000,19.107000,-5.898000,7c CEDE
235,CSW24,20,23,25.574000,19.066000,-6.508000,9h DEG
235,CSW24,21,25,25.542000,18.996000,-6.546000,7c GEED
235,CSW24,22,21,25.574000,18.962000,-6.612000,7h DEG
235,CSW24,23,45,24.386000,18.814000,-5.572000,9d EDGES
235,CSW24,24,17,25.763000,18.741000,-7.022000,i7 ENG
235,CSW24,25,27,25.191000,18.614000,-6.577000,i4 CEDING
1115,CSW24,1,1,80.000000,73.937000,-6.063000,3c REARMING
1115,CSW24,2,2,67.000000,62.223000,-4.777000,10i MARINER
1115,CSW24,3,3,62.000000,51.090000,-10.910000,2c MARINERA
1115,CSW24,4,4,32.778000,26.149000,-6.629000,2i MARINA
1115,CSW24,5,5,31.622000,25.037000,-6.585000,2i MARINER
1115,CSW24,6,7,29.979000,23.650000,-6.329000,9m RAM
1115,CSW24,7,6,30.258000,23.642000,-6.616000,2i MARINE
1115,CSW24,8,8,28.869000,21.421000,-7.448000,3g MANGIER
1115,CSW24,9,9,26.869000,20.154000,-6.715000,13g MORAINE
1115,CSW24,10,10,26.869000,20.154000,-6.715000,13g ROMAINE
1115,CSW24,11,11,26.296000,20.009000,-6.287000,9m REM
1115,CSW24,12,12,25.778000,19.480000,-6.298000,j10 INARM
1115,CSW24,13,14,24.788000,18.338000,-6.450000,9m RAN
1115,CSW24,14,13,25.083000,18.044000,-7.039000,9m RE
1115,CSW24,15,16,24.296000,18.037000,-6.259000,i10 RIEM
1115,CSW24,16,17,24.202000,17.908000,-6.294000,2j AMINE
1115,CSW24,17,19,23.979000,17.714000,-6.265000,15e MARY
1115,CSW24,18,21,23.895000,17.526000,-6.369000,5j UR
1115,CSW24,19,18,23.979000,17.403000,-6.576000,l1 BARM
1115,CSW24,20,23,23.895000,17.358000,-6.537000,12c ER
1115,CSW24,21,25,23.258000,17.333000,-5.925000,j10 INERM
1115,CSW24,22,15,24.778000,17.271000,-7.507000,3h INGRAM
1115,CSW24,23,22,23.895000,17.116000,-6.779000,m7 NUR
1115,CSW24,24,20,23.895000,17.021000,-6.874000,2j AR
1115,CSW24,25,24,23.313000,16.863000,-6.450000,9m REN
630,CSW24,1,2,86.000000,77.574000,-8.426000,k5 GROSErT
630,CSW24,2,3,86.000000,77.569000,-8.431000,k5 GrOSERT
630,CSW24,3,1,86.000000,77.508000,-8.492000,k5 GROSETs
630,CSW24,4,5,85.000000,76.452000,-8.548000,k5 GROsETS
630,CSW24,5,4,86.000000,76.194000,-9.806000,13i GORiEST
630,CSW24,6,12,84.000000,75.183000,-8.817000,13h GROvETS
630,CSW24,7,19,84.000000,74.912000,-9.088000,13h fORGETS
630,CSW24,8,20,84.000000,74.815000,-9.185000,13h gORGETS
630,CSW24,9,6,84.000000,74.799000,-9.201000,13h GORgETS
630,CSW24,10,17,84.000000,74.758000,-9.242000,13h TOgGERS
630,CSW24,11,15,84.000000,74.734000,-9.266000,13h TOGgERS
630,CSW24,12,8,84.000000,74.732000,-9.268000,13h GOiTRES
630,CSW24,13,9,84.000000,74.697000,-9.303000,13h GOsTERS
630,CSW24,14,16,84.000000,74.686000,-9.314000,13h TOdGERS
630,CSW24,15,18,84.000000,74.663000,-9.337000,13h TOnGERS
630,CSW24,16,7,84.000000,74.618000,-9.382000,13h GOiTERS
630,CSW24,17,11,84.000000,74.585000,-9.415000,13h GROsETS
630,CSW24,18,10,84.000000,74.568000,-9.432000,13h GROmETS
630,CSW24,19,21,84.000000,74.510000,-9.490000,13h sTORGES
630,CSW24,20,14,84.000000,74.445000,-9.555000,13h TOERaGS
630,CSW24,21,13,84.000000,74.202000,-9.798000,13h ORGEaTS
630,CSW24,22,22,83.000000,73.642000,-9.358000,13h GOSTERs
630,CSW24,23,23,83.000000,73.543000,-9.457000,13h GROSETs
630,CSW24,24,24,83.000000,73.460000,-9.540000,13h STORGEs
630,CSW24,25,25,82.000000,72.586000,-9.414000,13h GaROTES
1169,CSW24,1,2,23.677000,22.289000,-1.388000,12b ZORIL
1169,CSW24,2,1,24.251000,21.903000,-2.348000,l4 WOOSH
1169,CSW24,3,3,22.876000,21.517000,-1.359000,12b ZORI
1169,CSW24,4,6,21.975000,20.568000,-1.407000,12b ZOO
1169,CSW24,5,4,22.837000,20.512000,-2.325000,l3 LOWISH
1169,CSW24,6,5,22.837000,20.508000,-2.329000,l3 OWLISH
1169,CSW24,7,7,21.162000,19.555000,-1.607000,12b ZILA
1169,CSW24,8,9,19.959000,18.580000,-1.379000,12b ZOA
1169,CSW24,9,10,19.279000,17.925000,-1.354000,12b ZARI
1169,CSW24,10,11,18.611000,17.316000,-1.295000,12b ZOL
1169,CSW24,11,8,20.258000,17.150000,-3.108000,k2 WOOLIE
1169,CSW24,12,13,14.918000,12.533000,-2.385000,l3 RAWISH
1169,CSW24,13,14,14.918000,12.517000,-2.401000,l3 WAIRSH
1169,CSW24,14,15,14.207000,11.308000,-2.899000,k4 OWIE
1169,CSW24,15,16,13.340000,10.700000,-2.640000,k3 OWRIE
1169,CSW24,16,17,13.340000,10.561000,-2.779000,k3 ROWIE
1169,CSW24,17,12,16.345000,10.404000,-5.941000,14f WOOLS
1169,CSW24,18,18,13.064000,10.402000,-2.662000,k2 LOWRIE
1169,CSW24,19,19,13.036000,10.225000,-2.811000,k3 ALOWE
1169,CSW24,20,20,12.485000,9.815000,-2.670000,6h WO
1169,CSW24,21,22,11.712000,9.299000,-2.413000,d7 ADAGIO
1169,CSW24,22,21,12.251000,9.163000,-3.088000,14d OWO
1169,CSW24,23,23,11.485000,9.038000,-2.447000,k5 OWE
1169,CSW24,24,24,11.485000,8.974000,-2.511000,k5 WOE
1169,CSW24,25,27,10.903000,8.634000,-2.269000,m12 ROW
280,CSW24,1,1,50.074000,40.477000,-9.597000,k4 FAXES
280,CSW24,2,3,45.467000,38.322000,-7.145000,7h AXED
280,CSW24,3,2,45.475000,36.974000,-8.501000,9c FAX
280,CSW24,4,5,43.166000,36.852000,-6.314000,7h AX
280,CSW24,5,4,44.653000,36.361000,-8.292000,7i XED
280,CSW24,6,9,42.478000,35.502000,-6.976000,7h AXES
280,CSW24,7,6,42.883000,35.069000,-7.814000,i7 FIX
280,CSW24,8,10,42.475000,34.288000,-8.187000,9i FAX
280,CSW24,9,7,42.769000,33.500000,-9.269000,e7 FOXED
280,CSW24,10,8,42.622000,33.491000,-9.131000,k5 FADS
280,CSW24,11,16,39.388000,33.140000,-6.248000,7h EX
280,CSW24,12,21,38.775000,32.464000,-6.311000,7h AXE
280,CSW24,13,14,40.180000,30.905000,-9.275000,e7 FOXES
280,CSW24,14,15,39.416000,30.276000,-9.140000,k5 FEDS
280,CSW24,15,11,42.395000,29.891000,-12.504000,9i FAXED
280,CSW24,16,18,39.252000,29.512000,-9.740000,k8 SAFED
280,CSW24,17,17,39.252000,29.307000,-9.945000,k4 FADES
280,CSW24,18,25,37.739000,29.295000,-8.444000,9i FAD
280,CSW24,19,19,39.174000,28.497000,-10.677000,d8 HEXADS
280,CSW24,20,33,36.292000,28.028000,-8.264000,9i FAS
280,CSW24,21,26,37.622000,27.979000,-9.643000,9i FADS
280,CSW24,22,30,36.478000,27.486000,-8.992000,k8 SAXE
280,CSW24,23,31,36.478000,27.367000,-9.111000,k8 SEAX
280,CSW24,24,27,37.475000,27.263000,-10.212000,i6 FAIX
280,CSW24,25,29,36.478000,27.097000,-9.381000,k5 AXES
963,CSW24,1,1,40.499000,33.993000,-6.506000,o11 BRANK
963,CSW24,2,2,34.339000,27.812000,-6.527000,o11 DRANK
963,CSW24,3,3,31.157000,24.601000,-6.556000,o11 BRAND
963,CSW24,4,4,23.392000,15.682000,-7.710000,o9 BARK
963,CSW24,5,10,18.113000,11.051000,-7.062000,g13 KAB
963,CSW24,6,5,18.538000,11.005000,-7.533000,o9 KARN
963,CSW24,7,8,18.525000,10.901000,-7.624000,13g BORK
963,CSW24,8,11,18.004000,10.391000,-7.613000,o9 DARK
963,CSW24,9,14,17.244000,10.353000,-6.891000,15g DEBARK
963,CSW24,10,6,18.538000,10.297000,-8.241000,o9 NARK
963,CSW24,11,13,17.550000,9.964000,-7.586000,o9 DARB
963,CSW24,12,7,18.538000,9.931000,-8.607000,o9 RANK
963,CSW24,13,12,17.550000,9.865000,-7.685000,o9 BARD
963,CSW24,14,9,18.252000,9.457000,-8.795000,11k NIKAB
963,CSW24,15,16,16.864000,9.365000,-7.499000,o9 NABK
963,CSW24,16,15,16.864000,9.119000,-7.745000,o9 BANK
963,CSW24,17,18,16.646000,9.088000,-7.558000,13g ROK
963,CSW24,18,17,16.646000,9.085000,-7.561000,13g KOR
963,CSW24,19,22,15.505000,8.762000,-6.743000,2j QUIRED
963,CSW24,20,19,15.869000,8.641000,-7.228000,15c BRANKED
963,CSW24,21,24,15.499000,8.477000,-7.022000,15d BARKEN
963,CSW24,22,23,15.499000,8.472000,-7.027000,15d BANKER
963,CSW24,23,20,15.814000,8.467000,-7.347000,c5 BAR
963,CSW24,24,25,15.244000,8.223000,-7.021000,15d BARKED
963,CSW24,25,26,15.244000,8.223000,-7.021000,15d BRAKED
637,CSW24,1,1,27.553000,18.928000,-8.625000,e3 VENEFIC
637,CSW24,2,2,21.515000,11.448000,-10.067000,e3 BENEFIC
637,CSW24,3,5,16.145000,11.197000,-4.948000,9i BEEF
637,CSW24,4,3,18.145000,10.157000,-7.988000,6j BEEF
637,CSW24,5,4,16.242000,7.931000,-8.311000,f6 CEZVE
637,CSW24,6,6,14.823000,5.989000,-8.834000,e6 EVINCE
637,CSW24,7,8,13.726000,5.688000,-8.038000,l3 BEVEL
637,CSW24,8,7,13.726000,5.195000,-8.531000,k3 BEVEL
637,CSW24,9,9,11.272000,4.970000,-6.302000,9i BEN
637,CSW24,10,10,10.623000,2.593000,-8.030000,6j BEEN
637,CSW24,11,11,8.623000,2.217000,-6.406000,9i BEEN
637,CSW24,12,12,8.623000,1.877000,-6.746000,9i BENE
637,CSW24,13,15,8.148000,1.398000,-6.750000,9i BE
637,CSW24,14,14,8.148000,0.270000,-7.878000,6j BE
637,CSW24,15,13,8.584000,-1.069000,-9.653000,f8 ZEBEC
637,CSW24,16,16,7.569000,-1.298000,-8.867000,e7 VIBE
637,CSW24,17,17,7.525000,-1.452000,-8.977000,f6 FEZ
637,CSW24,18,18,6.200000,-1.659000,-7.859000,6j BEE
637,CSW24,19,20,6.114000,-2.161000,-8.275000,e5 NEVI
637,CSW24,20,23,5.525000,-2.427000,-7.952000,9e FE
637,CSW24,21,28,4.200000,-2.495000,-6.695000,9i BEE
637,CSW24,22,19,6.148000,-3.015000,-9.163000,f6 BEZ
637,CSW24,23,25,4.902000,-3.198000,-8.100000,l3 NEVEL
637,CSW24,24,27,4.618000,-3.217000,-7.835000,j5 EVO
637,CSW24,25,22,5.575000,-3.270000,-8.845000,e7 FIVE
566,CSW24,1,2,29.671000,21.686000,-7.985000,m12 LUES
566,CSW24,2,3,29.110000,19.069000,-10.041000,4i MULLENS
566,CSW24,3,1,30.926000,18.247000,-12.679000,14b MULLS
566,CSW24,4,8,26.926000,17.676000,-9.250000,13h MULLS
566,CSW24,5,6,27.108000,17.516000,-9.592000,13i MULL
566,CSW24,6,7,26.926000,17.466000,-9.460000,12j MULLAS
566,CSW24,7,10,25.510000,16.203000,-9.307000,13h NULLS
566,CSW24,8,9,26.163000,15.900000,-10.263000,4j LUMENS
566,CSW24,9,5,27.338000,15.791000,-11.547000,14c SLUM
566,CSW24,10,11,25.395000,15.385000,-10.010000,4i MULLEN
566,CSW24,11,14,24.461000,15.191000,-9.270000,13i NULL
566,CSW24,12,4,27.510000,15.096000,-12.414000,14b NULLS
566,CSW24,13,15,24.338000,15.039000,-9.299000,13i LUMS
566,CSW24,14,12,25.338000,14.812000,-10.526000,5i MULSH
566,CSW24,15,18,23.510000,14.059000,-9.451000,12j NULLAS
566,CSW24,16,16,23.926000,13.896000,-10.030000,13g MULLS
566,CSW24,17,19,22.866000,13.661000,-9.205000,12l SLAM
566,CSW24,18,13,24.507000,13.551000,-10.956000,14d LUM
566,CSW24,19,17,23.510000,13.308000,-10.202000,4j UNSELL
566,CSW24,20,20,22.108000,12.497000,-9.611000,12j MULLA
566,CSW24,21,23,21.720000,12.408000,-9.312000,13i LUNS
566,CSW24,22,26,21.338000,12.119000,-9.219000,12k LUMAS
566,CSW24,23,21,21.926000,11.999000,-9.927000,4k SMELL
566,CSW24,24,24,21.685000,11.604000,-10.081000,4j LUMEN
566,CSW24,25,25,21.510000,11.570000,-9.940000,4i SULLEN
511,CSW24,1,2,24.344000,21.089000,-3.255000,i7 CIG
511,CSW24,2,1,24.518000,18.447000,-6.071000,i5 CAGILY
511,CSW24,3,7,21.469000,18.348000,-3.121000,7e YAGI
511,CSW24,4,4,22.031000,17.712000,-4.319000,7e YAG
511,CSW24,5,8,21.433000,16.874000,-4.559000,i7 GI
511,CSW24,6,6,21.824000,16.490000,-5.334000,i7 CITY
511,CSW24,7,3,22.749000,16.055000,-6.694000,d8 CAGILY
511,CSW24,8,5,21.826000,15.898000,-5.928000,i5 LYTIC
511,CSW24,9,10,20.227000,15.738000,-4.489000,i7 GIT
511,CSW24,10,11,20.227000,15.650000,-4.577000,i7 TIG
511,CSW24,11,15,19.007000,15.196000,-3.811000,i7 CIT
511,CSW24,12,9,21.336000,15.167000,-6.169000,e7 GUILTY
511,CSW24,13,14,19.031000,14.955000,-4.076000,7g GAY
511,CSW24,14,16,19.007000,14.922000,-4.085000,i7 TIC
511,CSW24,15,12,19.791000,14.780000,-5.011000,e8 UGLY
511,CSW24,16,19,18.433000,14.756000,-3.677000,7g GI
511,CSW24,17,17,18.807000,14.622000,-4.185000,i7 LIG
511,CSW24,18,20,18.227000,14.050000,-4.177000,9e GIT
511,CSW24,19,29,17.227000,13.329000,-3.898000,7g GIT
511,CSW24,20,24,17.805000,13.110000,-4.695000,i8 ICY
511,CSW24,21,28,17.305000,13.080000,-4.225000,g7 GI
511,CSW24,22,18,18.638000,12.884000,-5.754000,i7 GILT
511,CSW24,23,13,19.749000,12.385000,-7.364000,i6 GAILY
511,CSW24,24,26,17.638000,12.201000,-5.437000,i6 GLIT
511,CSW24,25,42,15.614000,11.906000,-3.708000,g7 CIG
1061,CSW24,1,1,47.723000,42.451000,-5.272000,k11 ROLE
1061,CSW24,2,2,46.286000,41.128000,-5.158000,k11 RALE
1061,CSW24,3,3,42.612000,37.384000,-5.228000,k11 RILE
1061,CSW24,4,4,41.036000,34.798000,-6.238000,4d AJI
1061,CSW24,5,5,39.117000,33.610000,-5.507000,9e COARB
1061,CSW24,6,10,38.117000,32.436000,-5.681000,f4 ARO
1061,CSW24,7,11,38.117000,32.238000,-5.879000,f4 ORA
1061,CSW24,8,17,37.536000,32.059000,-5.477000,f4 ANI
1061,CSW24,9,9,38.548000,31.959000,-6.589000,9d OCA
1061,CSW24,10,12,38.071000,31.689000,-6.382000,4b RIOJA
1061,CSW24,11,20,37.001000,31.562000,-5.439000,k11 ROLES
1061,CSW24,12,13,37.989000,31.501000,-6.488000,8l CION
1061,CSW24,13,6,38.979000,31.430000,-7.549000,7i ZA
1061,CSW24,14,14,37.989000,31.428000,-6.561000,8l COIN
1061,CSW24,15,15,37.989000,31.390000,-6.599000,8l CONI
1061,CSW24,16,8,38.548000,31.197000,-7.351000,7h AZO
1061,CSW24,17,18,37.326000,31.092000,-6.234000,j6 IO
1061,CSW24,18,7,38.597000,31.073000,-7.524000,7i ZO
1061,CSW24,19,26,36.326000,30.836000,-5.490000,f10 IO
1061,CSW24,20,16,37.539000,30.775000,-6.764000,4c REJOIN
1061,CSW24,21,19,37.149000,30.766000,-6.383000,4c ROJI
1061,CSW24,22,42,34.933000,30.596000,-4.337000,h10 NAOI
1061,CSW24,23,27,36.326000,30.594000,-5.732000,f10 OI
1061,CSW24,24,21,36.979000,30.499000,-6.480000,4e JA
1061,CSW24,25,29,35.979000,30.255000,-5.724000,10e KA
581,CSW24,1,1,37.120000,27.260000,-9.860000,k10 PAISE
581,CSW24,2,2,29.396000,18.775000,-10.621000,11j PIMA
581,CSW24,3,3,27.406000,16.584000,-10.822000,11j TEMPI
581,CSW24,4,4,27.032000,15.389000,-11.643000,e2 GAPIER
581,CSW24,5,6,25.396000,15.073000,-10.323000,k10 PAIS
581,CSW24,6,5,26.512000,14.872000,-11.640000,h11 GENIP
581,CSW24,7,7,23.826000,12.112000,-11.714000,e2 PITIER
581,CSW24,8,9,22.743000,11.486000,-11.257000,e4 GAIR
581,CSW24,9,8,23.301000,10.871000,-12.430000,c10 ATIGI
581,CSW24,10,10,21.970000,10.201000,-11.769000,11h GIP
581,CSW24,11,11,21.864000,10.099000,-11.765000,h11 GENII
581,CSW24,12,16,20.646000,9.759000,-10.887000,11j TIME
581,CSW24,13,15,20.646000,9.674000,-10.972000,11i ITEM
581,CSW24,14,13,21.206000,9.499000,-11.707000,h11 PINTA
581,CSW24,15,14,21.032000,9.456000,-11.576000,5d PIPAGE
581,CSW24,16,18,20.396000,9.118000,-11.278000,e4 PAIR
581,CSW24,17,21,19.646000,8.808000,-10.838000,e10 ETIC
581,CSW24,18,17,20.583000,8.750000,-11.833000,h11 TANGI
581,CSW24,19,20,19.939000,8.631000,-11.308000,e4 PIER
581,CSW24,20,19,19.970000,7.988000,-11.982000,c11 PIG
581,CSW24,21,26,17.986000,7.532000,-10.454000,k10 TAIS
581,CSW24,22,24,18.779000,7.011000,-11.768000,e2 TIPI
581,CSW24,23,29,17.642000,6.932000,-10.710000,11j PAM
581,CSW24,24,23,18.807000,6.875000,-11.932000,h11 TINGE
581,CSW24,25,12,21.301000,6.562000,-14.739000,e1 ATIGI
908,CSW24,1,1,59.110000,46.606000,-12.504000,k1 KURVEY
908,CSW24,2,2,43.362000,30.060000,-13.302000,4j SURVEY
908,CSW24,3,4,39.813000,29.499000,-10.314000,10a KY
908,CSW24,4,3,42.362000,29.370000,-12.992000,k1 SURVEY
908,CSW24,5,5,38.268000,27.917000,-10.351000,f3 VERY
908,CSW24,6,6,36.903000,26.605000,-10.298000,k4 KEY
908,CSW24,7,7,35.049000,24.661000,-10.388000,f13 YUK
908,CSW24,8,9,33.855000,23.879000,-9.976000,h7 VAU
908,CSW24,9,8,34.098000,23.214000,-10.884000,k2 YUKE
908,CSW24,10,11,32.813000,22.708000,-10.105000,d4 KY
908,CSW24,11,10,33.217000,22.549000,-10.668000,k2 YUKES
908,CSW24,12,12,31.865000,20.804000,-11.061000,5j HUSKY
908,CSW24,13,15,30.012000,20.296000,-9.716000,d11 UKE
908,CSW24,14,14,30.049000,19.376000,-10.673000,10i YUKY
908,CSW24,15,13,30.268000,19.366000,-10.902000,d2 VERY
908,CSW24,16,18,29.268000,18.468000,-10.800000,12h LIVYER
908,CSW24,17,19,29.164000,18.428000,-10.736000,4j SYVER
908,CSW24,18,17,29.268000,18.373000,-10.895000,12h LIVERY
908,CSW24,19,20,28.903000,18.214000,-10.689000,k3 KYE
908,CSW24,20,16,29.336000,18.125000,-11.211000,14b SURGY
908,CSW24,21,22,28.412000,18.124000,-10.288000,h8 AUK
908,CSW24,22,21,28.601000,17.517000,-11.084000,k2 RYKE
908,CSW24,23,23,27.865000,17.476000,-10.389000,4g KYUS
908,CSW24,24,24,27.719000,16.836000,-10.883000,k2 RYKES
908,CSW24,25,27,26.624000,16.240000,-10.384000,k3 KYES
673,CSW24,1,1,43.885000,36.159000,-7.726000,8a PEAG
673,CSW24,2,3,38.191000,29.761000,-8.430000,12h GIDDAP
673,CSW24,3,4,37.781000,29.198000,-8.583000,e3 DAG
673,CSW24,4,5,37.426000,29.062000,-8.364000,e3 DAP
673,CSW24,5,6,37.235000,28.926000,-8.309000,e3 PEG
673,CSW24,6,7,36.631000,28.831000,-7.800000,8a SPAG
673,CSW24,7,2,40.555000,28.665000,-11.890000,e1 GAPED
673,CSW24,8,8,36.426000,28.030000,-8.396000,e3 PAD
673,CSW24,9,9,35.885000,26.906000,-8.979000,e2 PEAG
673,CSW24,10,12,35.434000,26.602000,-8.832000,e4 AG
673,CSW24,11,16,34.744000,26.567000,-8.177000,e3 DEP
673,CSW24,12,14,35.178000,26.013000,-9.165000,8b GAP
673,CSW24,13,20,33.928000,25.856000,-8.072000,l11 DIG
673,CSW24,14,13,35.178000,25.705000,-9.473000,4d GAMP
673,CSW24,15,21,33.781000,25.703000,-8.078000,l11 DAG
673,CSW24,16,11,35.539000,25.698000,-9.841000,4d GIMPED
673,CSW24,17,17,34.191000,25.567000,-8.624000,12i GIDDAP
673,CSW24,18,19,33.987000,25.502000,-8.485000,8b GIP
673,CSW24,19,15,35.005000,25.464000,-9.541000,e2 APED
673,CSW24,20,22,33.744000,25.432000,-8.312000,e3 PED
673,CSW24,21,23,33.708000,25.312000,-8.396000,e3 DEG
673,CSW24,22,24,33.700000,25.146000,-8.554000,e2 GAED
673,CSW24,23,25,33.545000,24.934000,-8.611000,12h GADDI
673,CSW24,24,18,33.987000,24.724000,-9.263000,4d GIMP
673,CSW24,25,30,32.643000,24.356000,-8.287000,8d PIS
777,CSW24,1,1,46.989000,44.140000,-2.849000,k3 VINO
777,CSW24,2,2,44.536000,41.678000,-2.858000,k3 VINA
777,CSW24,3,3,41.536000,41.452000,-0.084000,a1 NOVA
777,CSW24,4,5,38.315000,37.638000,-0.677000,a1 NOVAE
777,CSW24,5,6,37.443000,37.428000,-0.015000,a1 VOAR
777,CSW24,6,4,40.539000,36.890000,-3.649000,k1 ENVIRO
777,CSW24,7,10,36.005000,34.939000,-1.066000,a1 SOAVE
777,CSW24,8,7,37.036000,34.492000,-2.544000,k3 VIA
777,CSW24,9,11,35.536000,33.459000,-2.077000,k2 VAIN
777,CSW24,10,12,35.536000,32.842000,-2.694000,13g NAV
777,CSW24,11,8,36.169000,32.658000,-3.511000,k3 VINOS
777,CSW24,12,9,36.169000,32.609000,-3.560000,k3 VISON
777,CSW24,13,32,32.612000,32.553000,-0.059000,a1 ROVE
777,CSW24,14,14,35.149000,32.424000,-2.725000,5e VOR
777,CSW24,15,36,32.239000,32.250000,0.011000,1a ON
777,CSW24,16,13,35.474000,32.216000,-3.258000,5d OVEN
777,CSW24,17,35,32.239000,32.194000,-0.045000,1a NO
777,CSW24,18,15,34.622000,32.128000,-2.494000,k1 ENVIROS
777,CSW24,19,16,34.485000,31.748000,-2.737000,5d AVO
777,CSW24,20,41,31.630000,31.661000,0.031000,a1 VOE
777,CSW24,21,17,34.326000,31.464000,-2.862000,2m VOR
777,CSW24,22,37,32.073000,31.411000,-0.662000,a1 ROVEN
777,CSW24,23,18,34.326000,31.160000,-3.166000,3m VOE
777,CSW24,24,21,33.536000,30.711000,-2.825000,3l NAVE
777,CSW24,25,19,33.878000,30.599000,-3.279000,k2 AVISO
342,CSW24,1,1,24.683000,22.664000,-2.019000,15k GELEE
342,CSW24,2,5,22.323000,20.288000,-2.035000,15k TELEA
342,CSW24,3,4,22.323000,20.274000,-2.049000,15k TELAE
342,CSW24,4,3,22.402000,18.064000,-4.338000,n4 ETAGE
342,CSW24,5,2,23.556000,16.956000,-6.600000,12a GEAT
342,CSW24,6,6,18.199000,13.846000,-4.353000,2m TEE
342,CSW24,7,12,13.199000,9.977000,-3.222000,15k TELE
342,CSW24,8,9,14.199000,9.777000,-4.422000,10d TEE
342,CSW24,9,11,13.556000,9.010000,-4.546000,10b GETA
342,CSW24,10,10,13.556000,8.919000,-4.637000,10b GATE
342,CSW24,11,8,15.271000,8.588000,-6.683000,12a TEAT
342,CSW24,12,7,15.271000,8.540000,-6.731000,12a ETAT
342,CSW24,13,13,12.750000,8.422000,-4.328000,n6 AGE
342,CSW24,14,25,10.507000,7.608000,-2.899000,15m LEG
342,CSW24,15,30,9.779000,7.462000,-2.317000,15l ALEE
342,CSW24,16,19,11.645000,7.287000,-4.358000,2m TEA
342,CSW24,17,18,11.645000,7.272000,-4.373000,2m TAE
342,CSW24,18,27,10.209000,7.207000,-3.002000,15m LET
342,CSW24,19,15,11.912000,7.148000,-4.764000,10b GEE
342,CSW24,20,20,11.645000,7.061000,-4.584000,12b EAT
342,CSW24,21,31,9.750000,7.038000,-2.712000,15j EGAL
342,CSW24,22,14,12.402000,7.017000,-5.385000,c6 ETAGES
342,CSW24,23,23,10.750000,6.703000,-4.047000,10g AGUE
342,CSW24,24,24,10.556000,6.280000,-4.276000,n3 GETA
342,CSW24,25,17,11.854000,6.221000,-5.633000,c5 TAGETES
1100,CSW24,1,3,33.376000,27.567000,-5.809000,k9 YAOURT
1100,CSW24,2,1,37.439000,27.061000,-10.378000,k1 ATOMY
1100,CSW24,3,2,34.173000,26.943000,-7.230000,10d OUMA
1100,CSW24,4,5,31.259000,24.928000,-6.331000,k4 MY
1100,CSW24,5,6,30.821000,23.992000,-6.829000,k2 MARY
1100,CSW24,6,7,30.521000,22.952000,-7.569000,k10 YOURT
1100,CSW24,7,10,29.751000,22.746000,-7.005000,k2 TORY
1100,CSW24,8,12,29.538000,22.437000,-7.101000,10c TRYMA
1100,CSW24,9,9,29.759000,22.199000,-7.560000,10e OMA
1100,CSW24,10,14,28.842000,21.808000,-7.034000,k10 YOU
1100,CSW24,11,17,28.519000,21.318000,-7.201000,k10 YOUR
1100,CSW24,12,15,28.557000,21.115000,-7.442000,k2 OARY
1100,CSW24,13,16,28.539000,21.053000,-7.486000,10d ROMA
1100,CSW24,14,13,29.346000,20.888000,-8.458000,10f MA
1100,CSW24,15,4,31.319000,20.789000,-10.530000,k1 OTARY
1100,CSW24,16,18,28.074000,20.707000,-7.367000,10d YUM
1100,CSW24,17,25,25.751000,20.354000,-5.397000,k9 RYOT
1100,CSW24,18,21,26.776000,20.309000,-6.467000,k4 MUTI
1100,CSW24,19,22,26.751000,19.879000,-6.872000,k2 TYRO
1100,CSW24,20,20,26.929000,19.866000,-7.063000,k10 YOM
1100,CSW24,21,11,29.538000,19.858000,-9.680000,k1 TRYMA
1100,CSW24,22,19,27.173000,19.647000,-7.526000,k2 OUMA
1100,CSW24,23,8,30.376000,19.587000,-10.789000,k10 YAOURT
1100,CSW24,24,26,25.699000,19.079000,-6.620000,k3 ARY
1100,CSW24,25,23,26.214000,19.017000,-7.197000,k10 YAM
1091,CSW24,1,2,10.702000,-1.889000,-12.591000,8l NAOI
1091,CSW24,2,4,8.956000,-3.577000,-12.533000,8l ONIE
1091,CSW24,3,6,8.001000,-4.037000,-12.038000,10c OORIE
1091,CSW24,4,18,3.877000,-5.808000,-9.685000,15d AENEI
1091,CSW24,5,5,8.536000,-5.948000,-14.484000,k7 TOONIE
1091,CSW24,6,17,3.877000,-6.000000,-9.877000,15a AINEE
1091,CSW24,7,9,4.899000,-6.183000,-11.082000,d12 EOAN
1091,CSW24,8,3,9.358000,-6.528000,-15.886000,c1 AIOLI
1091,CSW24,9,16,3.877000,-6.882000,-10.759000,f11 EINA
1091,CSW24,10,7,7.084000,-6.961000,-14.045000,11e MOOI
1091,CSW24,11,1,12.536000,-6.987000,-19.523000,14a IONONE
1091,CSW24,12,10,4.538000,-7.086000,-11.624000,9b OI
1091,CSW24,13,15,3.877000,-8.323000,-12.200000,f11 AINE
1091,CSW24,14,21,2.428000,-9.804000,-12.232000,ex AIOO
1091,CSW24,15,32,1.538000,-9.815000,-11.353000,d14 IO
1091,CSW24,16,13,4.104000,-9.985000,-14.089000,11e MOAI
1091,CSW24,17,29,1.899000,-10.037000,-11.936000,f10 EOAN
1091,CSW24,18,25,2.119000,-10.113000,-12.232000,ex AIIOO
1091,CSW24,19,28,1.981000,-10.251000,-12.232000,ex IIOO
1091,CSW24,20,30,1.538000,-10.572000,-12.110000,8k IO
1091,CSW24,21,31,1.538000,-10.792000,-12.330000,f11 OI
1091,CSW24,22,33,1.084000,-11.148000,-12.232000,ex IOO
1091,CSW24,23,34,1.014000,-11.218000,-12.232000,ex EIIOO
1091,CSW24,24,35,1.001000,-11.231000,-12.232000,ex EIOO
1091,CSW24,25,37,0.854000,-11.378000,-12.232000,ex AIINOO
583,CSW24,1,3,68.000000,62.513000,-5.487000,i8 STROUDS
583,CSW24,2,1,70.000000,55.591000,-14.409000,13b OUTDRESS
583,CSW24,3,2,68.000000,54.308000,-13.692000,i2 STROUDS
583,CSW24,4,24,26.110000,20.017000,-6.093000,i8 STROUD
583,CSW24,5,16,26.886000,19.174000,-7.712000,h10 TODS
583,CSW24,6,12,26.940000,18.911000,-8.029000,i8 SUD
583,CSW24,7,4,28.940000,18.423000,-10.517000,e8 BUDS
583,CSW24,8,25,26.092000,18.248000,-7.844000,h10 RODS
583,CSW24,9,59,23.797000,16.987000,-6.810000,i8 SUDOR
583,CSW24,10,18,26.513000,16.949000,-9.564000,h11 ODS
583,CSW24,11,17,26.513000,16.740000,-9.773000,h10 SOD
583,CSW24,12,30,25.467000,16.247000,-9.220000,h10 TOD
583,CSW24,13,7,27.797000,16.109000,-11.688000,e8 BOURDS
583,CSW24,14,11,27.045000,16.084000,-10.961000,e8 BUDOS
583,CSW24,15,6,27.940000,15.967000,-11.973000,i6 UDS
583,CSW24,16,5,28.439000,15.958000,-12.481000,e5 DOUBTS
583,CSW24,17,77,23.292000,15.618000,-7.674000,i8 SURD
583,CSW24,18,39,24.618000,15.297000,-9.321000,h10 ROD
583,CSW24,19,20,26.315000,15.108000,-11.207000,f12 STUD
583,CSW24,20,22,26.292000,15.032000,-11.260000,e8 BURDS
583,CSW24,21,23,26.292000,15.024000,-11.268000,12d URSID
583,CSW24,22,15,26.940000,15.001000,-11.939000,11e SUDD
583,CSW24,23,14,26.940000,14.871000,-12.069000,11e DUDS
583,CSW24,24,27,25.753000,14.785000,-10.968000,f12 DOUR
583,CSW24,25,35,25.126000,14.770000,-10.356000,f8 ADO
540,CSW24,1,1,66.191000,55.160000,-11.031000,8l HEMP
540,CSW24,2,2,64.417000,53.489000,-10.928000,l1 PIUM
540,CSW24,3,3,63.155000,51.735000,-11.420000,8l HEME
540,CSW24,4,4,62.800000,51.031000,-11.769000,a5 OUPH
540,CSW24,5,7,61.133000,50.336000,-10.797000,1j PUH
540,CSW24,6,5,62.042000,50.272000,-11.770000,a5 OUPHE
540,CSW24,7,6,61.663000,49.996000,-11.667000,8l MEOU
540,CSW24,8,8,61.133000,49.666000,-11.467000,3h PUH
540,CSW24,9,9,60.423000,48.796000,-11.627000,13k POH
540,CSW24,10,10,59.133000,48.305000,-10.828000,1j HUP
540,CSW24,11,11,58.671000,47.300000,-11.371000,14f HOT
540,CSW24,12,13,57.832000,46.972000,-10.860000,1j HUM
540,CSW24,13,12,58.423000,46.705000,-11.718000,13k HOP
540,CSW24,14,14,57.671000,46.400000,-11.271000,14e OH
540,CSW24,15,16,57.246000,45.546000,-11.700000,l4 MU
540,CSW24,16,15,57.257000,45.214000,-12.043000,12h WHUMP
540,CSW24,17,18,56.423000,45.060000,-11.363000,9f SHOP
540,CSW24,18,17,56.423000,44.838000,-11.585000,3h POH
540,CSW24,19,22,55.704000,44.665000,-11.039000,1k UH
540,CSW24,20,25,55.620000,44.258000,-11.362000,3i MEU
540,CSW24,21,19,56.417000,44.224000,-12.193000,l6 UMP
540,CSW24,22,24,55.627000,44.170000,-11.457000,3g UPO
540,CSW24,23,23,55.671000,44.066000,-11.605000,13l OH
540,CSW24,24,29,55.246000,44.036000,-11.210000,1k UM
540,CSW24,25,26,55.529000,43.988000,-11.541000,3i MHO
104,CSW24,1,1,89.000000,81.430000,-7.570000,m9 BADDEST
104,CSW24,2,3,44.651000,38.102000,-6.549000,10e DEBuD
104,CSW24,3,4,44.259000,36.665000,-7.594000,8h CHIRKEST
104,CSW24,4,2,44.797000,36.303000,-8.494000,m9 BEDAD
104,CSW24,5,5,41.773000,35.591000,-6.182000,13c BEAD
104,CSW24,6,8,40.180000,33.593000,-6.587000,10e DEBuT
104,CSW24,7,7,40.420000,32.831000,-7.589000,14f BAND
104,CSW24,8,6,41.074000,32.408000,-8.666000,m9 BATED
104,CSW24,9,11,36.772000,30.455000,-6.317000,13c DEAD
104,CSW24,10,9,38.797000,30.355000,-8.442000,14f BANDED
104,CSW24,11,10,37.008000,30.011000,-6.997000,10e BEDu
104,CSW24,12,12,36.651000,28.810000,-7.841000,c9 BEDAD
104,CSW24,13,13,36.420000,27.851000,-8.569000,m9 BAD
104,CSW24,14,18,34.887000,27.789000,-7.098000,10e TABu
104,CSW24,15,14,36.074000,27.639000,-8.435000,14f BANTED
104,CSW24,16,23,33.548000,27.313000,-6.235000,13c BEAT
104,CSW24,17,21,34.347000,27.126000,-7.221000,10g DuB
104,CSW24,18,20,34.347000,27.098000,-7.249000,10g BuD
104,CSW24,19,19,34.773000,26.806000,-7.967000,14f BANED
104,CSW24,20,15,35.420000,26.582000,-8.838000,10l BAD
104,CSW24,21,22,34.008000,26.461000,-7.547000,14f BEND
104,CSW24,22,28,33.347000,26.303000,-7.044000,c11 DAB
104,CSW24,23,27,33.347000,26.298000,-7.049000,c11 BAD
104,CSW24,24,16,35.082000,26.250000,-8.832000,m9 BASTED
104,CSW24,25,17,35.082000,26.250000,-8.832000,m9 BESTAD
193,CSW24,1,1,24.440000,20.346000,-4.094000,9d KLAP
193,CSW24,2,2,23.849000,19.828000,-4.021000,9e KIP
193,CSW24,3,3,22.352000,19.006000,-3.346000,9e RIPT
193,CSW24,4,4,21.455000,18.082000,-3.373000,9e RAPT
193,CSW24,5,13,19.300000,16.488000,-2.812000,9f APT
193,CSW24,6,11,19.647000,15.495000,-4.152000,f6 KID
193,CSW24,7,6,21.297000,15.474000,-5.823000,7h KILP
193,CSW24,8,8,19.943000,15.436000,-4.507000,9e LIP
193,CSW24,9,7,20.352000,14.889000,-5.463000,9d TRIP
193,CSW24,10,5,21.297000,14.490000,-6.807000,g5 PIKUL
193,CSW24,11,12,19.455000,14.055000,-5.400000,9d TRAP
193,CSW24,12,18,18.112000,13.797000,-4.315000,9e TIP
193,CSW24,13,21,17.730000,13.373000,-4.357000,9e RIP
193,CSW24,14,9,19.940000,13.292000,-6.648000,9c ATRIP
193,CSW24,15,17,18.396000,12.921000,-5.475000,g7 PULK
193,CSW24,16,26,16.742000,12.846000,-3.896000,9e LAP
193,CSW24,17,14,19.297000,12.698000,-6.599000,g7 PULIK
193,CSW24,18,24,17.050000,12.682000,-4.368000,9e RAP
193,CSW24,19,22,17.300000,12.618000,-4.682000,9e TAP
193,CSW24,20,15,18.895000,12.464000,-6.431000,9c KRAIT
193,CSW24,21,20,17.849000,12.353000,-5.496000,7h KIP
193,CSW24,22,36,16.147000,12.270000,-3.877000,9e KIR
193,CSW24,23,43,15.441000,12.145000,-3.296000,9e KART
193,CSW24,24,33,16.325000,12.145000,-4.180000,9e KIT
193,CSW24,25,19,17.971000,12.067000,-5.904000,7h KILT
9,CSW24,1,1,49.750000,43.411000,-6.339000,b9 OX
9,CSW24,2,2,48.080000,40.911000,-7.169000,b8 NOX
9,CSW24,3,3,47.343000,40.643000,-6.700000,b8 LOX
9,CSW24,4,4,41.472000,34.729000,-6.743000,b8 LAX
9,CSW24,5,5,40.849000,34.355000,-6.494000,b9 AX
9,CSW24,6,7,40.166000,33.571000,-6.595000,b9 EX
9,CSW24,7,6,40.324000,32.463000,-7.861000,b7 LANX
9,CSW24,8,8,39.152000,32.374000,-6.778000,b8 LEX
9,CSW24,9,9,34.787000,28.307000,-6.480000,6i OXO
9,CSW24,10,10,28.917000,22.296000,-6.621000,6i EXO
9,CSW24,11,11,27.798000,20.707000,-7.091000,14e AXON
9,CSW24,12,15,25.849000,20.336000,-5.513000,15n AX
9,CSW24,13,16,25.750000,19.899000,-5.851000,10a EXO
9,CSW24,14,12,26.871000,19.843000,-7.028000,14d NOXAL
9,CSW24,15,17,25.166000,19.647000,-5.519000,15n EX
9,CSW24,16,14,26.340000,19.379000,-6.961000,14e OXEN
9,CSW24,17,13,26.340000,19.212000,-7.128000,14e EXON
9,CSW24,18,18,24.967000,18.965000,-6.002000,13c NOEL
9,CSW24,19,19,24.080000,18.013000,-6.067000,10a EXON
9,CSW24,20,21,22.237000,15.357000,-6.880000,6j NOO
9,CSW24,21,20,22.243000,15.319000,-6.924000,6j LOO
9,CSW24,22,22,21.418000,14.610000,-6.808000,l4 ALOOF
9,CSW24,23,23,21.297000,14.375000,-6.922000,6i ALOO
9,CSW24,24,25,20.735000,14.203000,-6.532000,14e AXLE
9,CSW24,25,24,20.735000,13.768000,-6.967000,14e AXEL
257,CSW24,1,1,30.310000,25.416000,-4.894000,2h COUCHES
257,CSW24,2,2,29.522000,22.905000,-6.617000,14i STUCCO
257,CSW24,3,3,29.522000,22.717000,-6.805000,14i SUCCOT
257,CSW24,4,5,27.467000,22.490000,-4.977000,2h COOCHES
257,CSW24,5,4,28.887000,20.071000,-8.816000,2g COOTCHES
257,CSW24,6,9,23.821000,19.996000,-3.825000,2i COCHES
257,CSW24,7,8,25.292000,19.846000,-5.446000,2h COUCHE
257,CSW24,8,6,27.251000,19.567000,-7.684000,2h TOUCHES
257,CSW24,9,7,25.879000,19.387000,-6.492000,2i OUCHES
257,CSW24,10,11,22.304000,17.612000,-4.692000,2h CUTCHES
257,CSW24,11,12,22.043000,16.906000,-5.137000,10f COB
257,CSW24,12,13,21.292000,16.618000,-4.674000,6g OCCUR
257,CSW24,13,14,20.282000,15.334000,-4.948000,6f OCTUOR
257,CSW24,14,19,19.238000,14.832000,-4.406000,6h COUR
257,CSW24,15,17,19.742000,14.817000,-4.925000,2j OCHES
257,CSW24,16,16,20.043000,14.811000,-5.232000,2j OCHE
257,CSW24,17,18,19.430000,14.407000,-5.023000,h4 COUTA
257,CSW24,18,10,22.430000,14.255000,-8.175000,2h TOUCHE
257,CSW24,19,20,19.092000,14.157000,-4.935000,h4 COCOA
257,CSW24,20,22,18.366000,13.421000,-4.945000,10f CUB
257,CSW24,21,15,20.251000,13.360000,-6.891000,14i SCOUT
257,CSW24,22,23,18.227000,12.714000,-5.513000,12e OUTBOX
257,CSW24,23,27,16.043000,12.101000,-3.942000,6i COR
257,CSW24,24,24,17.043000,11.995000,-5.048000,1j COW
257,CSW24,25,30,15.284000,10.706000,-4.578000,h5 COCA
595,CSW24,1,1,34.265000,26.228000,-8.037000,e7 VARIX
595,CSW24,2,2,26.502000,19.683000,-6.819000,7i XI
595,CSW24,3,3,24.489000,18.744000,-5.745000,7g SIX
595,CSW24,4,4,22.489000,14.458000,-8.031000,7i XIS
595,CSW24,5,6,18.757000,10.169000,-8.588000,9c TIX
595,CSW24,6,11,17.148000,10.110000,-7.038000,h7 VOX
595,CSW24,7,7,18.235000,9.990000,-8.245000,i7 TIX
595,CSW24,8,5,18.883000,9.672000,-9.211000,e6 TRAVIS
595,CSW24,9,10,17.148000,9.234000,-7.914000,e7 VAX
595,CSW24,10,9,17.470000,8.984000,-8.486000,d8 MIRVS
595,CSW24,11,8,17.730000,8.931000,-8.799000,h4 VITRO
595,CSW24,12,12,16.505000,8.051000,-8.454000,e5 RIVA
595,CSW24,13,13,15.647000,7.411000,-8.236000,e5 VITA
595,CSW24,14,16,14.607000,6.507000,-8.100000,h6 VROT
595,CSW24,15,14,15.502000,6.487000,-9.015000,f8 TIX
595,CSW24,16,15,14.694000,6.369000,-8.325000,ex JVX
595,CSW24,17,18,13.628000,5.413000,-8.215000,e5 VITAS
595,CSW24,18,20,13.470000,5.158000,-8.312000,e7 VAIRS
595,CSW24,19,17,13.628000,5.098000,-8.530000,e4 VISTA
595,CSW24,20,19,13.470000,5.086000,-8.384000,e5 RIVAS
595,CSW24,21,26,12.347000,4.718000,-7.629000,h7 JOT
595,CSW24,22,30,12.053000,4.708000,-7.345000,h7 JOR
595,CSW24,23,34,11.871000,4.660000,-7.211000,h7 VOR
595,CSW24,24,22,13.030000,4.251000,-8.779000,e8 AJIS
595,CSW24,25,35,11.757000,4.027000,-7.730000,7i TIX
903,CSW24,1,1,44.791000,43.073000,-1.718000,14j HAE
903,CSW24,2,2,38.349000,36.445000,-1.904000,14i UH
903,CSW24,3,3,35.886000,33.634000,-2.252000,k9 LAHAR
903,CSW24,4,4,32.669000,30.822000,-1.847000,14j HAES
903,CSW24,5,6,31.474000,29.088000,-2.386000,k8 HULA
903,CSW24,6,5,31.474000,28.713000,-2.761000,k8 HAUL
903,CSW24,7,7,30.791000,28.401000,-2.390000,k10 AH
903,CSW24,8,8,30.788000,28.360000,-2.428000,k9 LAH
903,CSW24,9,9,29.669000,27.035000,-2.634000,14d ASH
903,CSW24,10,11,28.349000,26.139000,-2.210000,k10 UH
903,CSW24,11,10,28.394000,26.130000,-2.264000,k9 RAH
903,CSW24,12,12,27.513000,25.105000,-2.408000,k9 AAH
903,CSW24,13,14,27.474000,24.765000,-2.709000,6k HULA
903,CSW24,14,13,27.474000,24.557000,-2.917000,6k HAUL
903,CSW24,15,16,26.841000,24.545000,-2.296000,k7 SURAH
903,CSW24,16,15,27.242000,24.434000,-2.808000,j10 HAUT
903,CSW24,17,18,26.791000,24.298000,-2.493000,6e HA
903,CSW24,18,19,26.791000,24.119000,-2.672000,14f AH
903,CSW24,19,17,26.791000,23.946000,-2.845000,d4 ACH
903,CSW24,20,20,26.258000,23.702000,-2.556000,10g SHAUL
903,CSW24,21,21,25.853000,23.433000,-2.420000,12h ALU
903,CSW24,22,23,25.513000,23.150000,-2.363000,k10 HAAR
903,CSW24,23,30,24.788000,22.618000,-2.170000,12g LAH
903,CSW24,24,29,24.788000,22.609000,-2.179000,j11 LATHE
903,CSW24,25,37,24.445000,22.480000,-1.965000,14e SH
720,CSW24,1,1,23.951000,14.980000,-8.971000,15a UTTER
720,CSW24,2,4,20.518000,12.952000,-7.566000,15d ENTRUST
720,CSW24,3,2,23.045000,11.683000,-11.362000,13b TURNT
720,CSW24,4,3,21.109000,10.460000,-10.649000,c12 TUT
720,CSW24,5,5,18.164000,9.106000,-9.058000,15a TUNER
720,CSW24,6,12,17.215000,8.480000,-8.735000,15a UTTERS
720,CSW24,7,11,17.215000,8.295000,-8.920000,15a TRUEST
720,CSW24,8,18,15.598000,7.400000,-8.198000,h12 LUNT
720,CSW24,9,7,18.007000,7.292000,-10.715000,j9 EXPORT
720,CSW24,10,10,17.598000,6.956000,-10.642000,c12 NUT
720,CSW24,11,19,15.598000,6.945000,-8.653000,15a TUNE
720,CSW24,12,8,17.951000,6.853000,-11.098000,f10 TUART
720,CSW24,13,9,17.781000,6.484000,-11.297000,14k TUTTI
720,CSW24,14,6,18.045000,6.338000,-11.707000,f11 TAUNT
720,CSW24,15,13,16.513000,5.626000,-10.887000,10c NETT
720,CSW24,16,14,16.513000,5.514000,-10.999000,10c TENT
720,CSW24,17,15,16.513000,4.994000,-11.519000,14c TINT
720,CSW24,18,16,16.092000,4.741000,-11.351000,f10 TRANT
720,CSW24,19,21,14.946000,4.493000,-10.453000,f12 ATT
720,CSW24,20,20,15.280000,4.357000,-10.923000,m12 STUN
720,CSW24,21,41,12.436000,3.752000,-8.684000,15a TRUE
720,CSW24,22,22,14.926000,3.619000,-11.307000,f10 TRATT
720,CSW24,23,25,14.299000,3.345000,-10.954000,10b TRET
720,CSW24,24,26,14.299000,3.249000,-11.050000,f10 TRAT
720,CSW24,25,23,14.513000,3.225000,-11.288000,15c NETT
693,CSW24,1,1,86.000000,84.320000,-1.680000,15h ECONOmIC
693,CSW24,2,3,62.000000,59.721000,-2.279000,15g CENOzOIC
693,CSW24,3,2,62.000000,59.472000,-2.528000,15f COErCION
693,CSW24,4,4,52.437000,47.674000,-4.763000,2i ALNICO
693,CSW24,5,5,49.017000,43.858000,-5.159000,10l LOC
693,CSW24,6,6,48.437000,43.598000,-4.839000,14f COVIN
693,CSW24,7,9,46.017000,41.363000,-4.654000,2g COAL
693,CSW24,8,11,45.017000,40.101000,-4.916000,l1 MOC
693,CSW24,9,12,44.554000,39.678000,-4.876000,j10 OBE
693,CSW24,10,13,44.554000,39.624000,-4.930000,11j BUDO
693,CSW24,11,14,43.169000,38.759000,-4.410000,m9 NOO
693,CSW24,12,17,42.657000,38.607000,-4.050000,a12 CINQ
693,CSW24,13,15,43.017000,38.238000,-4.779000,15h ECO
693,CSW24,14,7,46.437000,38.164000,-8.273000,2l ICON
693,CSW24,15,8,46.234000,38.123000,-8.111000,10l LOCO
693,CSW24,16,16,42.790000,37.589000,-5.201000,14e CONVO
693,CSW24,17,10,45.146000,37.172000,-7.974000,10l LOCI
693,CSW24,18,18,42.179000,36.632000,-5.547000,14g OVONIC
693,CSW24,19,21,41.290000,36.626000,-4.664000,4h CIRE
693,CSW24,20,19,41.554000,36.444000,-5.110000,l1 MO
693,CSW24,21,22,40.657000,36.235000,-4.422000,4i IRENIC
693,CSW24,22,20,41.554000,36.076000,-5.478000,9k NOO
693,CSW24,23,24,39.802000,34.994000,-4.808000,m10 OI
693,CSW24,24,23,39.802000,34.971000,-4.831000,m10 IO
693,CSW24,25,27,39.517000,34.622000,-4.895000,m10 OO
776,CSW24,1,1,72.000000,59.854000,-12.146000,4d BITTIEST
776,CSW24,2,2,23.407000,12.341000,-11.066000,10b BITTER
776,CSW24,3,4,20.402000,10.414000,-9.988000,d4 BITTIE
776,CSW24,4,3,20.854000,8.241000,-12.613000,4d TITBITS
776,CSW24,5,5,19.627000,7.834000,-11.793000,12b TITTISH
776,CSW24,6,8,17.987000,7.181000,-10.806000,k3 BIT
776,CSW24,7,9,17.786000,6.818000,-10.968000,k3 BITE
776,CSW24,8,10,16.987000,6.492000,-10.495000,i3 BIT
776,CSW24,9,7,19.518000,6.478000,-13.040000,4d BITTIES
776,CSW24,10,6,19.518000,6.256000,-13.262000,3h BIOTITE
776,CSW24,11,11,15.786000,5.968000,-9.818000,i3 BITE
776,CSW24,12,21,13.726000,4.708000,-9.018000,i3 TITI
776,CSW24,13,14,15.032000,4.310000,-10.722000,5i BITTIE
776,CSW24,14,15,14.987000,3.690000,-11.297000,10b BIT
776,CSW24,15,17,13.917000,3.642000,-10.275000,5i TITBIT
776,CSW24,16,22,13.627000,3.544000,-10.083000,d4 TITTIE
776,CSW24,17,13,15.032000,3.134000,-11.898000,5f BITTIE
776,CSW24,18,18,13.786000,2.674000,-11.112000,3i BOITE
776,CSW24,19,26,11.724000,2.646000,-9.078000,i7 TWIT
776,CSW24,20,16,13.917000,2.442000,-11.475000,5f TITBIT
776,CSW24,21,24,13.446000,2.196000,-11.250000,10b TITTER
776,CSW24,22,19,13.786000,1.611000,-12.175000,4h BESIT
776,CSW24,23,20,13.786000,1.512000,-12.274000,4h BESTI
776,CSW24,24,12,15.553000,1.505000,-14.048000,c9 PITTITE
776,CSW24,25,28,10.724000,1.073000,-9.651000,i3 TIT
641,CSW24,1,1,32.206000,21.138000,-11.068000,14j YAUP
641,CSW24,2,2,27.986000,17.964000,-10.022000,14i AYU
641,CSW24,3,3,25.355000,15.313000,-10.042000,14j YU
641,CSW24,4,5,24.016000,14.285000,-9.731000,14h PAY
641,CSW24,5,4,24.046000,13.593000,-10.453000,14j PIU
641,CSW24,6,6,22.965000,12.356000,-10.609000,14h YAGI
641,CSW24,7,7,22.116000,12.027000,-10.089000,14j YEA
641,CSW24,8,8,21.116000,11.071000,-10.045000,14i AYE
641,CSW24,9,9,20.016000,9.972000,-10.044000,14h YAP
641,CSW24,10,10,19.583000,8.786000,-10.797000,i8 YUGA
641,CSW24,11,12,18.828000,8.710000,-10.118000,14h YEP
641,CSW24,12,15,18.296000,8.252000,-10.044000,14i AY
641,CSW24,13,11,18.838000,8.213000,-10.625000,14h YAGE
641,CSW24,14,13,18.638000,8.113000,-10.525000,14j PIA
641,CSW24,15,16,18.296000,8.026000,-10.270000,14j YA
641,CSW24,16,18,18.136000,7.408000,-10.728000,14j GAU
641,CSW24,17,17,18.206000,7.308000,-10.898000,i8 YAUP
641,CSW24,18,14,18.441000,6.737000,-11.704000,14j GAUP
641,CSW24,19,21,16.868000,6.611000,-10.257000,i8 YUG
641,CSW24,20,20,16.868000,5.882000,-10.986000,i6 GUY
641,CSW24,21,23,15.995000,5.816000,-10.179000,14h YAG
641,CSW24,22,22,16.125000,5.736000,-10.389000,14j YE
641,CSW24,23,19,16.950000,5.699000,-11.251000,14j PEAG
641,CSW24,24,27,15.830000,5.468000,-10.362000,i8 YUP
641,CSW24,25,25,15.965000,5.099000,-10.866000,i8 YAGI
580,CSW24,1,1,23.706000,20.021000,-3.685000,7f XI
580,CSW24,2,2,21.777000,15.647000,-6.130000,d4 AXING
580,CSW24,3,3,19.602000,14.992000,-4.610000,7f BI
580,CSW24,4,7,18.620000,14.589000,-4.031000,7e AHI
580,CSW24,5,5,18.706000,13.645000,-5.061000,9c XI
580,CSW24,6,10,17.545000,12.616000,-4.929000,7f HI
580,CSW24,7,4,18.833000,12.577000,-6.256000,e7 BLINI
580,CSW24,8,15,16.920000,11.255000,-5.665000,e5 AXIL
580,CSW24,9,11,17.478000,11.185000,-6.293000,h4 HABIT
580,CSW24,10,13,17.403000,11.016000,-6.387000,d4 BHANG
580,CSW24,11,6,18.654000,11.010000,-7.644000,h2 INHABIT
580,CSW24,12,9,17.867000,10.836000,-7.031000,9b IXIA
580,CSW24,13,12,17.459000,10.757000,-6.702000,e4 NIHIL
580,CSW24,14,14,17.255000,10.581000,-6.674000,d4 AHING
580,CSW24,15,8,18.397000,10.573000,-7.824000,e6 BILIAN
580,CSW24,16,24,14.602000,9.533000,-5.069000,9c BI
580,CSW24,17,20,15.303000,9.085000,-6.218000,f5 BHAI
580,CSW24,18,19,15.691000,9.038000,-6.653000,e7 BLAIN
580,CSW24,19,23,14.833000,9.027000,-5.806000,h4 BINIT
580,CSW24,20,18,15.691000,8.860000,-6.831000,e4 BINAL
580,CSW24,21,16,16.845000,8.804000,-8.041000,g6 INFIX
580,CSW24,22,25,14.478000,8.201000,-6.277000,d6 BIGHA
580,CSW24,23,28,13.773000,7.698000,-6.075000,e5 BAIL
580,CSW24,24,26,13.965000,7.405000,-6.560000,e5 BIALI
580,CSW24,25,27,13.965000,7.303000,-6.662000,e7 ALIBI
907,CSW24,1,1,46.887000,37.527000,-9.360000,11e PITHEAD
907,CSW24,2,2,38.774000,31.965000,-6.809000,h11 APHID
907,CSW24,3,3,28.097000,21.284000,-6.813000,h11 EUPAD
907,CSW24,4,4,26.095000,19.051000,-7.044000,h11 ADIEU
907,CSW24,5,5,23.968000,17.403000,-6.565000,7e HAKU
907,CSW24,6,7,22.277000,15.420000,-6.857000,9c PUH
907,CSW24,7,8,22.077000,15.361000,-6.716000,7e PUKA
907,CSW24,8,9,21.819000,14.716000,-7.103000,7e PUKED
907,CSW24,9,10,21.767000,14.314000,-7.453000,9c HUI
907,CSW24,10,6,23.097000,13.958000,-9.139000,d8 YAUPED
907,CSW24,11,18,19.403000,12.881000,-6.522000,7e PUKE
907,CSW24,12,20,19.277000,12.235000,-7.042000,e5 PUHA
907,CSW24,13,23,19.157000,11.930000,-7.227000,f8 GAU
907,CSW24,14,17,19.594000,11.805000,-7.789000,10e APPUI
907,CSW24,15,25,18.810000,11.782000,-7.028000,9e HUM
907,CSW24,16,11,20.929000,11.688000,-9.241000,10e APPUIED
907,CSW24,17,28,18.294000,11.561000,-6.733000,7e DUKA
907,CSW24,18,34,17.949000,11.491000,-6.458000,7e DUKE
907,CSW24,19,21,19.277000,11.463000,-7.814000,11d PHUT
907,CSW24,20,35,17.810000,11.249000,-6.561000,9d UH
907,CSW24,21,19,19.294000,11.036000,-8.258000,11d DHUTI
907,CSW24,22,24,19.148000,11.022000,-8.126000,h5 PUIR
907,CSW24,23,22,19.177000,10.887000,-8.290000,11e HUTIA
907,CSW24,24,27,18.767000,10.696000,-8.071000,e5 HUIA
907,CSW24,25,14,19.887000,10.586000,-9.301000,10d HAPPIED
893,CSW24,1,3,22.763000,16.176000,-6.587000,d2 EPHA
893,CSW24,2,1,24.983000,15.645000,-9.338000,2j CHELP
893,CSW24,3,5,21.258000,14.186000,-7.072000,d2 ALP
893,CSW24,4,2,23.159000,11.914000,-11.245000,2j CHAPEL
893,CSW24,5,4,21.623000,11.211000,-10.412000,4a PLANE
893,CSW24,6,6,20.773000,10.259000,-10.514000,4a PHENE
893,CSW24,7,7,19.942000,9.769000,-10.173000,4a PEAHEN
893,CSW24,8,8,17.935000,9.615000,-8.320000,l8 UHLAN
893,CSW24,9,10,16.291000,8.826000,-7.465000,4b LAPEL
893,CSW24,10,11,16.118000,8.351000,-7.767000,3j LALL
893,CSW24,11,15,15.623000,7.996000,-7.627000,4b PANEL
893,CSW24,12,21,15.334000,7.601000,-7.733000,4c HEEL
893,CSW24,13,20,15.334000,7.539000,-7.795000,4b HELE
893,CSW24,14,13,15.623000,7.468000,-8.155000,3b LAPIN
893,CSW24,15,14,15.623000,7.445000,-8.178000,3b PLAIN
893,CSW24,16,26,14.221000,7.430000,-6.791000,4d PEL
893,CSW24,17,19,15.334000,7.375000,-7.959000,3c HEIL
893,CSW24,18,16,15.623000,7.246000,-8.377000,l8 ULPAN
893,CSW24,19,12,15.895000,7.078000,-8.817000,l8 UNHEAL
893,CSW24,20,25,14.221000,7.060000,-7.161000,4d LEP
893,CSW24,21,22,14.886000,6.908000,-7.978000,3j LAPEL
893,CSW24,22,18,15.334000,6.696000,-8.638000,3b ELHI
893,CSW24,23,27,14.083000,6.118000,-7.965000,3c HAIL
893,CSW24,24,28,14.083000,6.011000,-8.072000,4b HALE
893,CSW24,25,9,16.497000,5.985000,-10.512000,4a ALPEEN
883,CSW24,1,1,29.917000,24.735000,-5.182000,e5 FINJAN
883,CSW24,2,3,22.428000,17.654000,-4.774000,6h FAIN
883,CSW24,3,4,22.156000,17.544000,-4.612000,e5 NINJA
883,CSW24,4,2,22.521000,17.127000,-5.394000,e8 JINNI
883,CSW24,5,5,21.683000,16.484000,-5.199000,6h FAINE
883,CSW24,6,8,19.428000,14.819000,-4.609000,6h NAIF
883,CSW24,7,9,19.428000,14.567000,-4.861000,6i FAIN
883,CSW24,8,10,18.981000,14.347000,-4.634000,6i FINI
883,CSW24,9,7,19.792000,14.200000,-5.592000,6h FAINNE
883,CSW24,10,6,19.876000,14.062000,-5.814000,e8 JINNE
883,CSW24,11,13,18.072000,13.547000,-4.525000,e8 JINN
883,CSW24,12,11,18.792000,13.344000,-5.448000,6i FAINNE
883,CSW24,13,14,18.001000,13.235000,-4.766000,6i FENI
883,CSW24,14,15,18.001000,13.193000,-4.808000,6i FINE
883,CSW24,15,12,18.683000,13.037000,-5.646000,6i FAINE
883,CSW24,16,16,17.084000,12.448000,-4.636000,6i FIN
883,CSW24,17,17,16.428000,11.264000,-5.164000,6i NAIF
883,CSW24,18,18,15.917000,10.678000,-5.239000,6i FINNA
883,CSW24,19,24,15.001000,9.949000,-5.052000,6i NIFE
883,CSW24,20,20,15.060000,9.877000,-5.183000,e8 JANE
883,CSW24,21,22,15.001000,9.762000,-5.239000,6i NEIF
883,CSW24,22,21,15.060000,9.705000,-5.355000,e8 JEAN
883,CSW24,23,23,15.001000,9.656000,-5.345000,6i NIEF
883,CSW24,24,28,12.737000,8.029000,-4.708000,6i FIE
883,CSW24,25,29,12.555000,7.674000,-4.881000,6h FANE
430,CSW24,1,1,19.524000,12.628000,-6.896000,o5 DOLOUR
430,CSW24,2,4,12.614000,6.222000,-6.392000,o7 LUDO
430,CSW24,3,2,12.614000,6.218000,-6.396000,o5 OULD
430,CSW24,4,3,12.614000,6.153000,-6.461000,o7 LOUD
430,CSW24,5,9,10.355000,3.895000,-6.460000,o7 LOUR
430,CSW24,6,8,10.403000,3.660000,-6.743000,o4 DROLL
430,CSW24,7,11,10.053000,3.402000,-6.651000,o7 LOORD
430,CSW24,8,10,10.053000,3.359000,-6.694000,o5 DOLOR
430,CSW24,9,18,8.999000,3.034000,-5.965000,8n IO
430,CSW24,10,19,8.918000,2.532000,-6.386000,o7 LURID
430,CSW24,11,21,8.877000,2.369000,-6.508000,o7 LILO
430,CSW24,12,20,8.877000,2.328000,-6.549000,o5 LILO
430,CSW24,13,34,7.870000,2.077000,-5.793000,8n DO
430,CSW24,14,27,8.136000,1.567000,-6.569000,o7 LIDO
430,CSW24,15,26,8.136000,1.532000,-6.604000,o6 OLID
430,CSW24,16,28,8.136000,1.527000,-6.609000,o7 LOID
430,CSW24,17,35,7.765000,1.515000,-6.250000,o7 LOU
430,CSW24,18,40,7.130000,0.504000,-6.626000,o4 DRILL
430,CSW24,19,51,6.223000,0.372000,-5.851000,8n LO
430,CSW24,20,48,6.566000,0.081000,-6.485000,o7 LOIR
430,CSW24,21,57,5.969000,-0.592000,-6.561000,o7 LOOR
430,CSW24,22,54,6.080000,-0.706000,-6.786000,o6 OLIO
430,CSW24,23,83,4.252000,-2.411000,-6.663000,o5 DOLL
430,CSW24,24,102,3.162000,-2.628000,-5.790000,8n LI
430,CSW24,25,96,3.589000,-2.685000,-6.274000,o5 DULL
559,CSW24,1,1,17.457000,11.345000,-6.112000,k7 CULTY
559,CSW24,2,2,16.749000,8.213000,-8.536000,k5 TOLUYL
559,CSW24,3,5,13.413000,6.760000,-6.653000,k5 CLOUT
559,CSW24,4,6,12.614000,6.744000,-5.870000,k7 CULLY
559,CSW24,5,9,11.738000,5.460000,-6.278000,k7 CUTTY
559,CSW24,6,8,11.749000,4.372000,-7.377000,h7 TROLLY
559,CSW24,7,15,9.457000,3.811000,-5.646000,i7 TALCY
559,CSW24,8,17,9.049000,3.292000,-5.757000,9i LOT
559,CSW24,9,10,10.510000,3.218000,-7.292000,l8 MOLLY
559,CSW24,10,11,10.469000,2.927000,-7.542000,9k TOLT
559,CSW24,11,14,9.474000,2.590000,-6.884000,k7 CUTTO
559,CSW24,12,13,9.879000,2.577000,-7.302000,i7 TALLY
559,CSW24,13,18,8.413000,2.380000,-6.033000,i5 OCTAL
559,CSW24,14,22,7.324000,2.308000,-5.016000,i6 CLAT
559,CSW24,15,16,9.353000,2.272000,-7.081000,9k TOLL
559,CSW24,16,23,7.324000,2.125000,-5.199000,i7 TALC
559,CSW24,17,12,9.927000,2.043000,-7.884000,l8 MOTTY
559,CSW24,18,4,13.749000,1.537000,-12.212000,9k TOLYL
559,CSW24,19,7,11.877000,0.894000,-10.983000,i5 TOTALLY
559,CSW24,20,19,8.292000,0.508000,-7.784000,h7 TROTYL
559,CSW24,21,3,13.749000,0.341000,-13.408000,9k TOLLY
559,CSW24,22,26,6.155000,0.251000,-5.904000,9k TOC
559,CSW24,23,29,5.572000,-0.249000,-5.821000,i7 TACT
559,CSW24,24,34,5.196000,-0.266000,-5.462000,i7 LAT
559,CSW24,25,35,4.734000,-0.594000,-5.328000,9i TOT
837,CSW24,1,1,46.113000,39.512000,-6.601000,n11 MALVA
837,CSW24,2,3,44.463000,37.111000,-7.352000,k3 DAVIT
837,CSW24,3,2,46.042000,35.514000,-10.528000,6a VADING
837,CSW24,4,5,42.113000,35.077000,-7.036000,j10 MAVIN
837,CSW24,5,6,42.047000,34.820000,-7.227000,6c VIG
837,CSW24,6,9,41.737000,34.747000,-6.990000,m7 NAV
837,CSW24,7,7,41.890000,34.626000,-7.264000,6c DIV
837,CSW24,8,8,41.890000,34.608000,-7.282000,6c VID
837,CSW24,9,4,42.430000,34.360000,-8.070000,12f VANG
837,CSW24,10,10,40.231000,32.961000,-7.270000,6c VIM
837,CSW24,11,11,39.497000,31.824000,-7.673000,12g VAG
837,CSW24,12,12,37.737000,30.885000,-6.852000,j12 VIN
837,CSW24,13,14,36.463000,28.750000,-7.713000,6c DIVA
837,CSW24,14,13,36.463000,28.702000,-7.761000,6b AVID
837,CSW24,15,18,35.047000,28.465000,-6.582000,ex GV
837,CSW24,16,20,34.890000,28.308000,-6.582000,ex DV
837,CSW24,17,21,34.749000,28.167000,-6.582000,ex DGV
837,CSW24,18,17,35.497000,27.740000,-7.757000,6c VIGA
837,CSW24,19,19,34.985000,27.221000,-7.764000,6c MING
837,CSW24,20,25,34.318000,26.775000,-7.543000,6b VAIN
837,CSW24,21,32,33.219000,26.637000,-6.582000,ex GNV
837,CSW24,22,27,34.139000,26.552000,-7.587000,m12 DUMP
837,CSW24,23,26,34.285000,26.475000,-7.810000,k3 ADMIT
837,CSW24,24,28,33.621000,26.395000,-7.226000,6c VIN
837,CSW24,25,23,34.691000,26.272000,-8.419000,6c DIVNA
1128,CSW24,1,1,46.269000,47.682000,1.413000,l12 AWNY
1128,CSW24,2,2,34.788000,37.108000,2.320000,o4 AWA
1128,CSW24,3,3,32.269000,35.776000,3.507000,o4 AW
1128,CSW24,4,5,30.166000,32.771000,2.605000,o4 AMI
1128,CSW24,5,4,31.356000,32.441000,1.085000,o4 AWARE
1128,CSW24,6,6,27.323000,29.781000,2.458000,12l WHEW
1128,CSW24,7,7,26.788000,29.447000,2.659000,12j WAAH
1128,CSW24,8,8,26.729000,29.331000,2.602000,o4 AMA
1128,CSW24,9,9,26.698000,28.831000,2.133000,12j MWAH
1128,CSW24,10,10,25.747000,28.419000,2.672000,6i AME
1128,CSW24,11,11,25.269000,28.390000,3.121000,10m TWA
1128,CSW24,12,12,24.747000,27.694000,2.947000,j5 AMU
1128,CSW24,13,13,23.269000,26.662000,3.393000,o6 AWE
1128,CSW24,14,14,22.698000,26.086000,3.388000,o5 WAME
1128,CSW24,15,16,21.698000,24.485000,2.787000,14f MAW
1128,CSW24,16,17,21.313000,24.326000,3.013000,14f WAE
1128,CSW24,17,19,20.747000,24.306000,3.559000,o4 AM
1128,CSW24,18,18,21.269000,23.786000,2.517000,14g AW
1128,CSW24,19,20,20.564000,23.704000,3.140000,o4 AIA
1128,CSW24,20,15,21.990000,23.700000,1.710000,o4 ARAME
1128,CSW24,21,22,20.313000,23.537000,3.224000,i5 WADE
1128,CSW24,22,21,20.323000,23.291000,2.968000,m1 EWT
1128,CSW24,23,26,19.668000,23.192000,3.524000,o5 WARE
1128,CSW24,24,24,19.958000,23.158000,3.200000,4g WAI
1128,CSW24,25,23,20.166000,23.085000,2.919000,11k MICA
2017,CSW24,1,2,21.014000,18.279000,-2.735000,a1 WOF
2017,CSW24,2,3,20.622000,17.779000,-2.843000,11e FOB
2017,CSW24,3,4,20.127000,17.444000,-2.683000,13b FLOW
2017,CSW24,4,1,21.143000,16.163000,-4.980000,d1 BOWNE
2017,CSW24,5,5,19.398000,15.801000,-3.597000,14d BOWFIN
2017,CSW24,6,6,18.626000,15.695000,-2.931000,e10 FLAWN
2017,CSW24,7,7,18.579000,15.278000,-3.301000,13b BLOW
2017,CSW24,8,9,16.853000,14.176000,-2.677000,13b FLOB
2017,CSW24,9,11,16.169000,13.800000,-2.369000,3a FAWN
2017,CSW24,10,10,16.227000,13.501000,-2.726000,e10 BLAWN
2017,CSW24,11,12,16.169000,13.388000,-2.781000,e11 FAWN
2017,CSW24,12,13,16.120000,13.366000,-2.754000,e10 FLAW
2017,CSW24,13,15,15.622000,12.918000,-2.704000,a1 FOB
2017,CSW24,14,16,15.077000,12.642000,-2.435000,3a WAFT
2017,CSW24,15,18,14.932000,12.441000,-2.491000,3a BAWN
2017,CSW24,16,17,15.077000,12.292000,-2.785000,e11 WAFT
2017,CSW24,17,19,14.932000,12.058000,-2.874000,e11 BAWN
2017,CSW24,18,14,15.628000,11.443000,-4.185000,14h INFLOW
2017,CSW24,19,8,17.056000,11.346000,-5.710000,c1 BOW
2017,CSW24,20,21,14.474000,11.295000,-3.179000,e9 BOWAT
2017,CSW24,21,22,14.056000,11.072000,-2.984000,13c BOW
2017,CSW24,22,24,13.448000,10.987000,-2.461000,3a BAWL
2017,CSW24,23,28,13.144000,10.915000,-2.229000,h1 FLUOR
2017,CSW24,24,26,13.448000,10.589000,-2.859000,e11 BAWL
2017,CSW24,25,25,13.448000,10.585000,-2.863000,e10 BLAW
2216,CSW24,1,1,36.522000,38.604000,2.082000,15d EMBOLIC
2216,CSW24,2,4,29.251000,29.920000,0.669000,15d EMBOIL
2216,CSW24,3,5,29.251000,29.908000,0.657000,15d EMBOLI
2216,CSW24,4,3,29.251000,29.846000,0.595000,15c BEMOIL
2216,CSW24,5,2,31.421000,29.374000,-2.047000,c10 BOOM
2216,CSW24,6,9,26.304000,27.712000,1.408000,15d EMBLIC
2216,CSW24,7,7,27.398000,25.842000,-1.556000,c11 MOB
2216,CSW24,8,6,28.524000,25.355000,-3.169000,14f COMBO
2216,CSW24,9,8,26.355000,24.892000,-1.463000,c10 OBOLI
2216,CSW24,10,18,23.398000,24.328000,0.930000,15a MOBE
2216,CSW24,11,10,26.083000,24.261000,-1.822000,c11 LOBI
2216,CSW24,12,16,24.273000,22.022000,-2.251000,c10 OBOL
2216,CSW24,13,15,24.273000,22.017000,-2.256000,c10 BOOL
2216,CSW24,14,13,25.386000,21.902000,-3.484000,14g BLOOM
2216,CSW24,15,19,23.317000,21.821000,-1.496000,c11 LOB
2216,CSW24,16,11,25.951000,21.622000,-4.329000,d1 COMBER
2216,CSW24,17,30,20.570000,21.473000,0.903000,15a COME
2216,CSW24,18,17,24.118000,21.346000,-2.772000,14b LOTIC
2216,CSW24,19,12,25.421000,20.881000,-4.540000,d1 BOOMER
2216,CSW24,20,21,22.711000,20.806000,-1.905000,c10 MOOLI
2216,CSW24,21,14,24.421000,20.794000,-3.627000,14h BOOM
2216,CSW24,22,37,19.317000,20.255000,0.938000,15a BOLE
2216,CSW24,23,38,19.317000,20.251000,0.934000,15a LOBE
2216,CSW24,24,25,21.430000,19.696000,-1.734000,c13 MIB
2216,CSW24,25,20,23.251000,19.510000,-3.741000,14f LIMBO
2019,CSW24,1,1,60.380000,59.759000,-0.621000,j10 ZEA
2019,CSW24,2,2,58.644000,58.020000,-0.624000,j10 ZEE
2019,CSW24,3,3,54.058000,53.201000,-0.857000,j10 ZE
2019,CSW24,4,4,49.711000,48.909000,-0.802000,j10 ZA
2019,CSW24,5,7,29.538000,31.116000,1.578000,2c CEAZE
2019,CSW24,6,6,30.477000,31.040000,0.563000,3g COZIER
2019,CSW24,7,8,29.477000,29.715000,0.238000,2d COZE
2019,CSW24,8,5,32.323000,29.394000,-2.929000,12k TOUZE
2019,CSW24,9,9,28.372000,28.617000,0.245000,i1 BUAZE
2019,CSW24,10,10,27.380000,27.787000,0.407000,3b ZEA
2019,CSW24,11,12,26.671000,27.409000,0.738000,12h ACUTE
2019,CSW24,12,14,26.085000,26.453000,0.368000,g11 EAU
2019,CSW24,13,16,25.671000,26.080000,0.409000,2e ECU
2019,CSW24,14,17,25.085000,26.054000,0.969000,j10 EAU
2019,CSW24,15,18,25.085000,25.865000,0.780000,j12 EAU
2019,CSW24,16,20,24.735000,25.136000,0.401000,3b ZOA
2019,CSW24,17,19,24.735000,25.005000,0.270000,2e AZO
2019,CSW24,18,21,23.940000,24.622000,0.682000,12h AZOTE
2019,CSW24,19,22,23.735000,24.241000,0.506000,14f ZOEA
2019,CSW24,20,27,23.085000,23.803000,0.718000,j13 AUE
2019,CSW24,21,28,23.085000,23.764000,0.679000,j13 EAU
2019,CSW24,22,29,23.058000,23.650000,0.592000,2f ZE
2019,CSW24,23,13,26.613000,23.562000,-3.051000,12k TOAZE
2019,CSW24,24,32,22.530000,23.521000,0.991000,2g OU
2019,CSW24,25,25,23.085000,23.429000,0.344000,g12 AUE
2344,CSW24,1,2,30.550000,29.075000,-1.475000,11e VIBS
2344,CSW24,2,1,30.550000,28.254000,-2.296000,m1 VIBS
2344,CSW24,3,3,29.579000,27.583000,-1.996000,11d BRIKS
2344,CSW24,4,5,27.579000,25.255000,-2.324000,m1 BRISK
2344,CSW24,5,6,27.177000,24.448000,-2.729000,11d BRIK
2344,CSW24,6,8,25.704000,23.233000,-2.471000,m1 VINS
2344,CSW24,7,4,28.257000,23.220000,-5.037000,11k BLANK
2344,CSW24,8,9,24.486000,22.338000,-2.148000,m2 BISK
2344,CSW24,9,10,23.704000,21.966000,-1.738000,11e VINS
2344,CSW24,10,7,26.098000,20.160000,-5.938000,3l BINK
2344,CSW24,11,11,22.816000,20.103000,-2.713000,11e VIN
2344,CSW24,12,14,21.101000,18.781000,-2.320000,m2 VIS
2344,CSW24,13,15,20.239000,17.330000,-2.909000,l1 VIBE
2344,CSW24,14,13,22.177000,16.301000,-5.876000,3l BRIK
2344,CSW24,15,12,22.177000,16.297000,-5.880000,3l BIRK
2344,CSW24,16,16,18.379000,15.732000,-2.647000,m1 INKS
2344,CSW24,17,17,18.379000,15.718000,-2.661000,m1 KINS
2344,CSW24,18,19,17.257000,14.766000,-2.491000,11d BRINS
2344,CSW24,19,22,16.379000,14.444000,-1.935000,11e KINS
2344,CSW24,20,18,17.383000,14.438000,-2.945000,14k VID
2344,CSW24,21,25,16.201000,14.071000,-2.130000,11e NIBS
2344,CSW24,22,20,16.816000,13.857000,-2.959000,l1 VINE
2344,CSW24,23,24,16.201000,13.345000,-2.856000,m1 NIBS
2344,CSW24,24,23,16.201000,13.330000,-2.871000,m1 BINS
2344,CSW24,25,26,15.811000,13.182000,-2.629000,14k VIDS
2066,CSW24,1,1,38.086000,36.199000,-1.887000,3b YO
2066,CSW24,2,2,37.708000,35.257000,-2.451000,9i YE
2066,CSW24,3,3,36.086000,34.063000,-2.023000,c2 YOW
2066,CSW24,4,5,34.086000,31.766000,-2.320000,5f OY
2066,CSW24,5,4,34.086000,31.730000,-2.356000,f2 YOM
2066,CSW24,6,6,32.086000,30.075000,-2.011000,c9 OY
2066,CSW24,7,8,31.979000,29.801000,-2.178000,3a YGO
2066,CSW24,8,7,32.086000,29.261000,-2.825000,12g OY
2066,CSW24,9,9,31.536000,29.082000,-2.454000,3a OYE
2066,CSW24,10,11,30.242000,28.319000,-1.923000,12f NOY
2066,CSW24,11,10,30.285000,27.976000,-2.309000,3b YE
2066,CSW24,12,12,30.086000,27.830000,-2.256000,b8 YO
2066,CSW24,13,13,30.086000,27.434000,-2.652000,b10 OY
2066,CSW24,14,16,28.512000,26.543000,-1.969000,3a YGOE
2066,CSW24,15,15,29.086000,26.392000,-2.694000,e11 HOY
2066,CSW24,16,17,28.285000,26.245000,-2.040000,c2 YEW
2066,CSW24,17,18,28.086000,24.992000,-3.094000,g2 OYS
2066,CSW24,18,14,29.536000,24.470000,-5.066000,c1 YEOW
2066,CSW24,19,20,26.780000,24.225000,-2.555000,b10 EYING
2066,CSW24,20,21,26.708000,24.067000,-2.641000,4n MY
2066,CSW24,21,22,25.798000,23.505000,-2.293000,3a RYE
2066,CSW24,22,23,25.492000,22.979000,-2.513000,c3 OW
2066,CSW24,23,25,24.732000,22.816000,-1.916000,9i YER
2066,CSW24,24,24,25.492000,22.638000,-2.854000,9i OE
2066,CSW24,25,28,24.285000,22.086000,-2.199000,c4 WYLE
2159,CSW24,1,1,59.394000,57.175000,-2.219000,14m PAM
2159,CSW24,2,3,57.936000,56.066000,-1.870000,a7 IMP
2159,CSW24,3,2,58.072000,54.974000,-3.098000,5a WAP
2159,CSW24,4,4,56.312000,53.202000,-3.110000,f12 REW
2159,CSW24,5,7,53.770000,51.709000,-2.061000,13l SWAP
2159,CSW24,6,6,53.770000,51.661000,-2.109000,13l SPAW
2159,CSW24,7,8,53.548000,51.459000,-2.089000,13l SWAM
2159,CSW24,8,5,54.537000,51.229000,-3.308000,5a WAT
2159,CSW24,9,9,53.394000,50.240000,-3.154000,5a MAP
2159,CSW24,10,10,53.394000,50.221000,-3.173000,5a PAM
2159,CSW24,11,12,52.623000,50.126000,-2.497000,14m TAM
2159,CSW24,12,11,53.052000,49.728000,-3.324000,m13 TWA
2159,CSW24,13,13,52.217000,48.374000,-3.843000,n12 MAWR
2159,CSW24,14,19,50.191000,47.886000,-2.305000,13l SWAT
2159,CSW24,15,18,50.191000,47.885000,-2.306000,13l STAW
2159,CSW24,16,22,49.509000,47.881000,-1.628000,8a TA
2159,CSW24,17,16,50.537000,47.316000,-3.221000,m12 TAWA
2159,CSW24,18,15,50.623000,47.260000,-3.363000,5a TAM
2159,CSW24,19,17,50.254000,46.914000,-3.340000,5a TAP
2159,CSW24,20,20,49.663000,46.845000,-2.818000,f11 AREW
2159,CSW24,21,21,49.663000,46.620000,-3.043000,a14 AW
2159,CSW24,22,27,48.770000,46.392000,-2.378000,n10 SWAP
2159,CSW24,23,26,48.770000,46.351000,-2.419000,n10 SPAW
2159,CSW24,24,14,50.770000,46.248000,-4.522000,n6 WAPS
2159,CSW24,25,30,48.548000,46.111000,-2.437000,n10 SWAM
2016,CSW24,1,1,25.631000,25.637000,0.006000,11j AGOG
2016,CSW24,2,2,24.394000,24.295000,-0.099000,11j AGOGE
2016,CSW24,3,3,24.077000,24.164000,0.087000,11j AGGIE
2016,CSW24,4,4,23.980000,22.657000,-1.323000,14i LOGGIA
2016,CSW24,5,5,22.280000,22.396000,0.116000,3c GIGA
2016,CSW24,6,9,20.743000,20.976000,0.233000,14f GOALED
2016,CSW24,7,8,20.743000,20.945000,0.202000,14f GAOLED
2016,CSW24,8,7,20.799000,20.781000,-0.018000,11j AGIO
2016,CSW24,9,12,19.312000,19.792000,0.480000,14f GOAL
2016,CSW24,10,11,19.312000,19.761000,0.449000,14f GAOL
2016,CSW24,11,6,20.853000,19.525000,-1.328000,14i LOGGIE
2016,CSW24,12,13,19.208000,19.160000,-0.048000,1l WAGE
2016,CSW24,13,10,19.312000,19.042000,-0.270000,11j AGO
2016,CSW24,14,17,18.293000,18.717000,0.424000,14f GOALIE
2016,CSW24,15,16,18.312000,18.707000,0.395000,14e AGO
2016,CSW24,16,14,18.799000,18.667000,-0.132000,3c AGIO
2016,CSW24,17,18,18.103000,17.938000,-0.165000,12i VAGGED
2016,CSW24,18,15,18.536000,17.135000,-1.401000,14i LOGGED
2016,CSW24,19,23,16.506000,16.986000,0.480000,14f GOEL
2016,CSW24,20,20,16.635000,16.616000,-0.019000,11j AGED
2016,CSW24,21,21,16.635000,16.447000,-0.188000,11j EGAD
2016,CSW24,22,24,16.415000,16.351000,-0.064000,11j EGG
2016,CSW24,23,22,16.506000,16.136000,-0.370000,11j EGO
2016,CSW24,24,19,17.064000,16.079000,-0.985000,14i LIGGED
2016,CSW24,25,27,15.506000,15.895000,0.389000,14e EGO
2384,CSW24,1,1,38.505000,34.938000,-3.567000,d3 IAMB
2384,CSW24,2,2,35.788000,32.284000,-3.504000,d3 LAMB
2384,CSW24,3,3,35.073000,31.569000,-3.504000,d3 LIMB
2384,CSW24,4,5,33.704000,29.865000,-3.839000,i2 ABOMA
2384,CSW24,5,4,34.586000,29.791000,-4.795000,3i BOI
2384,CSW24,6,6,33.586000,28.365000,-5.221000,d6 BOG
2384,CSW24,7,7,32.337000,27.303000,-5.034000,d5 BLOG
2384,CSW24,8,9,31.586000,26.775000,-4.811000,g5 BO
2384,CSW24,9,11,30.939000,26.719000,-4.220000,d3 BAM
2384,CSW24,10,12,30.813000,26.591000,-4.222000,d3 MIB
2384,CSW24,11,10,31.058000,26.165000,-4.893000,3i MOI
2384,CSW24,12,16,29.553000,25.633000,-3.920000,4k LIDOS
2384,CSW24,13,15,29.738000,25.429000,-4.309000,d3 LIB
2384,CSW24,14,13,30.586000,25.299000,-5.287000,d5 OB
2384,CSW24,15,17,29.514000,25.205000,-4.309000,d3 LAB
2384,CSW24,16,8,31.700000,25.038000,-6.662000,4a BLOAT
2384,CSW24,17,19,29.456000,24.988000,-4.468000,d3 BIO
2384,CSW24,18,14,30.058000,24.837000,-5.221000,d6 MOG
2384,CSW24,19,18,29.514000,24.469000,-5.045000,d5 BLAG
2384,CSW24,20,24,28.702000,24.153000,-4.549000,d4 AB
2384,CSW24,21,20,29.058000,24.127000,-4.931000,i5 MO
2384,CSW24,22,23,28.704000,23.930000,-4.774000,i10 AMBO
2384,CSW24,23,25,28.586000,23.888000,-4.698000,4c BOT
2384,CSW24,24,21,28.834000,23.631000,-5.203000,d6 BIG
2384,CSW24,25,22,28.704000,23.557000,-5.147000,g10 AMBO
2038,CSW24,1,1,39.715000,34.351000,-5.364000,4a CHEF
2038,CSW24,2,2,24.728000,18.879000,-5.849000,5c CHIV
2038,CSW24,3,3,24.628000,18.757000,-5.871000,4b FEH
2038,CSW24,4,4,24.088000,17.490000,-6.598000,j13 CH
2038,CSW24,5,6,22.094000,16.314000,-5.780000,5c VIBE
2038,CSW24,6,5,22.580000,14.257000,-8.323000,d1 CHEF
2038,CSW24,7,8,19.628000,13.507000,-6.121000,4d FEH
2038,CSW24,8,15,18.628000,13.329000,-5.299000,8a FEH
2038,CSW24,9,11,18.947000,12.772000,-6.175000,4c EF
2038,CSW24,10,17,18.572000,12.655000,-5.917000,5c CHIB
2038,CSW24,11,7,20.852000,12.400000,-8.452000,d1 FEEB
2038,CSW24,12,10,19.088000,12.315000,-6.773000,j14 CH
2038,CSW24,13,13,18.828000,12.261000,-6.567000,f6 FAV
2038,CSW24,14,9,19.419000,11.965000,-7.454000,14j BOYF
2038,CSW24,15,18,17.715000,11.923000,-5.792000,5c CHEF
2038,CSW24,16,16,18.580000,11.504000,-7.076000,13j FITCH
2038,CSW24,17,19,17.419000,10.804000,-6.615000,f6 FAB
2038,CSW24,18,14,18.755000,10.609000,-8.146000,d1 BEECH
2038,CSW24,19,23,15.690000,10.307000,-5.383000,8a ICH
2038,CSW24,20,12,18.852000,10.304000,-8.548000,d1 BEEF
2038,CSW24,21,20,16.775000,10.240000,-6.535000,f6 FAVE
2038,CSW24,22,24,15.682000,9.739000,-5.943000,f5 CHAV
2038,CSW24,23,25,15.366000,9.576000,-5.790000,5c VICE
2038,CSW24,24,26,14.902000,9.289000,-5.613000,5c HIVE
2038,CSW24,25,22,16.101000,9.029000,-7.072000,13j BITCH
2220,CSW24,1,1,65.688000,65.513000,-0.175000,l10 OZEKI
2220,CSW24,2,3,58.999000,57.798000,-1.201000,h12 MOZO
2220,CSW24,3,2,59.522000,55.471000,-4.051000,l10 OZEKIS
2220,CSW24,4,4,53.355000,52.509000,-0.846000,8l SAKI
2220,CSW24,5,5,52.876000,51.668000,-1.208000,h12 MOZE
2220,CSW24,6,7,51.644000,49.076000,-2.568000,h12 MOOK
2220,CSW24,7,6,51.644000,48.969000,-2.675000,h12 MOKO
2220,CSW24,8,8,51.345000,48.781000,-2.564000,h12 MOKI
2220,CSW24,9,11,48.872000,48.354000,-0.518000,l11 ZEK
2220,CSW24,10,10,49.312000,48.015000,-1.297000,j4 KAZOO
2220,CSW24,11,12,48.823000,47.917000,-0.906000,8l SAKE
2220,CSW24,12,9,49.644000,47.722000,-1.922000,1c JOOK
2220,CSW24,13,17,46.688000,46.514000,-0.174000,k7 OZEKI
2220,CSW24,14,16,46.999000,44.929000,-2.070000,6b ZOON
2220,CSW24,15,13,47.644000,44.741000,-2.903000,4a KOLO
2220,CSW24,16,14,47.345000,44.438000,-2.907000,4a KILO
2220,CSW24,17,15,47.016000,44.307000,-2.709000,h12 MOKE
2220,CSW24,18,18,46.346000,44.025000,-2.321000,8m AZO
2220,CSW24,19,19,45.494000,42.898000,-2.596000,h12 MIKE
2220,CSW24,20,21,43.788000,42.530000,-1.258000,10i OZEKI
2220,CSW24,21,22,43.780000,42.320000,-1.460000,14j ZOOS
2220,CSW24,22,20,43.850000,41.710000,-2.140000,h11 SMOKO
2220,CSW24,23,27,42.655000,41.617000,-1.038000,4a ZOLS
2220,CSW24,24,23,43.494000,41.079000,-2.415000,g1 INKED
2220,CSW24,25,24,43.181000,40.728000,-2.453000,n1 OO
2323,CSW24,1,3,24.502000,23.515000,-0.987000,1a PRICE
2323,CSW24,2,2,24.502000,23.512000,-0.990000,1a CRIPE
2323,CSW24,3,1,26.726000,23.405000,-3.321000,8k tWERP
2323,CSW24,4,4,23.210000,22.844000,-0.366000,1a FRIG
2323,CSW24,5,7,22.043000,21.645000,-0.398000,1a GRIP
2323,CSW24,6,6,22.107000,21.135000,-0.972000,1a GRICE
2323,CSW24,7,5,22.180000,21.132000,-1.048000,1a GRIPE
2323,CSW24,8,8,20.219000,19.800000,-0.419000,1a EPIC
2323,CSW24,9,9,20.074000,18.957000,-1.117000,1a GRIEF
2323,CSW24,10,11,19.043000,18.659000,-0.384000,1a PRIG
2323,CSW24,11,10,19.156000,18.073000,-1.083000,1a PRIEF
2323,CSW24,12,12,15.070000,14.710000,-0.360000,1a REIF
2323,CSW24,13,13,9.517000,9.208000,-0.309000,1a ERIC
2323,CSW24,14,28,5.844000,5.466000,-0.378000,1a WEIR
2323,CSW24,15,14,8.264000,4.458000,-3.806000,d10 GREWS
2323,CSW24,16,15,7.422000,4.412000,-3.010000,j3 GREX
2323,CSW24,17,16,7.264000,3.502000,-3.762000,f9 GREW
2323,CSW24,18,24,6.498000,3.452000,-3.046000,f9 FEW
2323,CSW24,19,26,6.470000,3.419000,-3.051000,f9 FEG
2323,CSW24,20,19,6.824000,3.416000,-3.408000,1b WIG
2323,CSW24,21,17,7.147000,3.412000,-3.735000,d10 CREWS
2323,CSW24,22,25,6.498000,3.411000,-3.087000,d11 FEWS
2323,CSW24,23,18,7.147000,3.241000,-3.906000,e10 CREWE
2323,CSW24,24,21,6.502000,2.792000,-3.710000,d10 PERCS
2323,CSW24,25,20,6.502000,2.713000,-3.789000,d10 CREPS
2131,CSW24,1,1,23.783000,20.558000,-3.225000,h3 MORAINE
2131,CSW24,2,2,22.185000,19.615000,-2.570000,m10 CETE
2131,CSW24,3,3,21.967000,18.015000,-3.952000,4i KAIE
2131,CSW24,4,12,20.030000,17.548000,-2.482000,h12 AREA
2131,CSW24,5,14,20.001000,17.432000,-2.569000,h12 ARIE
2131,CSW24,6,4,21.030000,17.366000,-3.664000,m11 ETA
2131,CSW24,7,6,20.878000,17.095000,-3.783000,4f OE
2131,CSW24,8,8,20.878000,17.083000,-3.795000,7n OE
2131,CSW24,9,7,20.878000,16.913000,-3.965000,4h OKE
2131,CSW24,10,5,20.878000,16.896000,-3.982000,h3 MOE
2131,CSW24,11,13,20.001000,16.415000,-3.586000,4g EIK
2131,CSW24,12,11,20.323000,16.352000,-3.971000,4i KIORE
2131,CSW24,13,9,20.778000,16.320000,-4.458000,n5 AEONIC
2131,CSW24,14,10,20.523000,16.302000,-4.221000,14e OARED
2131,CSW24,15,15,19.282000,16.226000,-3.056000,n10 COyER
2131,CSW24,16,17,18.446000,14.848000,-3.598000,c3 FOCI
2131,CSW24,17,16,18.465000,14.580000,-3.885000,n6 CANOE
2131,CSW24,18,21,18.030000,14.449000,-3.581000,7n EA
2131,CSW24,19,20,18.030000,14.440000,-3.590000,7n AE
2131,CSW24,20,24,18.013000,14.439000,-3.574000,7n IO
2131,CSW24,21,25,18.013000,14.438000,-3.575000,9n OI
2131,CSW24,22,18,18.030000,14.247000,-3.783000,4f AE
2131,CSW24,23,31,17.523000,14.161000,-3.362000,d10 REALO
2131,CSW24,24,23,18.013000,14.093000,-3.920000,4f OI
2131,CSW24,25,19,18.030000,14.074000,-3.956000,4h AKE
2147,CSW24,1,1,8.285000,6.554000,-1.731000,2g VERY
2147,CSW24,2,2,3.541000,1.283000,-2.258000,2g RENY
2147,CSW24,3,3,2.693000,1.132000,-1.561000,10i TRIG
2147,CSW24,4,4,0.869000,-1.897000,-2.766000,ex GNNRVY
2147,CSW24,5,5,0.383000,-2.328000,-2.711000,2f GREN
2147,CSW24,6,6,0.298000,-2.468000,-2.766000,ex GNNRV
2147,CSW24,7,7,0.000000,-2.766000,-2.766000,ex GNNRRVY
2147,CSW24,8,8,-0.109000,-2.875000,-2.766000,ex GNRRVY
2147,CSW24,9,9,-0.306000,-3.072000,-2.766000,ex NRRVY
2147,CSW24,10,10,-0.453000,-3.219000,-2.766000,ex GNNRRV
2147,CSW24,11,11,-0.492000,-3.258000,-2.766000,ex NRV
2147,CSW24,12,12,-0.538000,-3.304000,-2.766000,ex NRVY
2147,CSW24,13,13,-0.568000,-3.334000,-2.766000,ex GNRRV
2147,CSW24,14,17,-1.484000,-3.445000,-1.961000,15h ENVY
2147,CSW24,15,14,-0.679000,-3.445000,-2.766000,ex NRRV
2147,CSW24,16,15,-0.756000,-3.522000,-2.766000,ex GNRVY
2147,CSW24,17,16,-1.073000,-3.839000,-2.766000,ex GNRV
2147,CSW24,18,18,-1.625000,-4.432000,-2.807000,15m NY
2147,CSW24,19,21,-2.667000,-4.787000,-2.120000,2e GYVE
2147,CSW24,20,20,-2.459000,-5.193000,-2.734000,3e RYND
2147,CSW24,21,19,-2.455000,-5.221000,-2.766000,ex NNRV
2147,CSW24,22,22,-2.745000,-5.511000,-2.766000,ex NNRVY
2147,CSW24,23,23,-2.930000,-5.696000,-2.766000,ex NNRRV
2147,CSW24,24,24,-3.178000,-5.944000,-2.766000,ex NNRRVY
2147,CSW24,25,25,-3.347000,-5.954000,-2.607000,2g REV
2342,CSW24,1,1,42.656000,33.254000,-9.402000,c6 GAVOT
2342,CSW24,2,2,39.826000,30.877000,-8.949000,c6 GAVOTS
2342,CSW24,3,3,31.611000,21.817000,-9.794000,c5 AGOG
2342,CSW24,4,4,28.922000,19.030000,-9.892000,c6 GOV
2342,CSW24,5,5,27.611000,18.664000,-8.947000,a12 AGOG
2342,CSW24,6,13,20.576000,16.518000,-4.058000,8a VEGO
2342,CSW24,7,7,24.633000,15.170000,-9.463000,c4 GAGA
2342,CSW24,8,6,25.257000,14.177000,-11.080000,10j AVGAS
2342,CSW24,9,8,23.109000,13.114000,-9.995000,c6 GAG
2342,CSW24,10,14,20.422000,11.155000,-9.267000,e9 GEO
2342,CSW24,11,9,21.989000,10.112000,-11.877000,c5 AGO
2342,CSW24,12,20,18.005000,9.319000,-8.686000,a12 AVOS
2342,CSW24,13,10,20.695000,8.671000,-12.024000,13c VEGA
2342,CSW24,14,15,20.257000,8.644000,-11.613000,c2 AVGAS
2342,CSW24,15,12,20.611000,8.582000,-12.029000,10j AGOG
2342,CSW24,16,11,20.695000,8.550000,-12.145000,14c GRAV
2342,CSW24,17,18,18.257000,8.416000,-9.841000,m9 AVGAS
2342,CSW24,18,16,19.695000,7.560000,-12.135000,c4 VAG
2342,CSW24,19,22,17.633000,7.398000,-10.235000,e4 GAGA
2342,CSW24,20,17,18.922000,6.932000,-11.990000,13c VEGO
2342,CSW24,21,30,15.513000,6.817000,-8.696000,a12 AVAS
2342,CSW24,22,19,18.093000,6.242000,-11.851000,c5 AGA
2342,CSW24,23,24,17.495000,5.794000,-11.701000,5b FAVA
2342,CSW24,24,28,17.300000,5.514000,-11.786000,10j AVO
2342,CSW24,25,27,17.300000,5.320000,-11.980000,e5 OVA
2333,CSW24,1,1,29.486000,29.551000,0.065000,j14 QI
2333,CSW24,2,2,20.486000,19.524000,-0.962000,g7 QAT
2333,CSW24,3,3,15.015000,15.255000,0.240000,12b TRY
2333,CSW24,4,4,11.045000,9.047000,-1.998000,ex GLQY
2333,CSW24,5,11,8.782000,9.029000,0.247000,12b SLY
2333,CSW24,6,5,10.439000,8.441000,-1.998000,ex GLQTY
2333,CSW24,7,8,9.486000,7.993000,-1.493000,l14 QI
2333,CSW24,8,7,9.486000,7.974000,-1.512000,j5 QI
2333,CSW24,9,6,9.797000,7.799000,-1.998000,ex GLQRY
2333,CSW24,10,9,9.378000,7.380000,-1.998000,ex GLQ
2333,CSW24,11,10,9.110000,7.112000,-1.998000,ex GLQRTY
2333,CSW24,12,12,8.549000,6.551000,-1.998000,ex GQR
2333,CSW24,13,13,8.163000,6.165000,-1.998000,ex GQRTY
2333,CSW24,14,14,8.034000,6.036000,-1.998000,ex GLQT
2333,CSW24,15,20,7.050000,5.976000,-1.074000,n2 TYG
2333,CSW24,16,15,7.939000,5.941000,-1.998000,ex GQRT
2333,CSW24,17,16,7.854000,5.856000,-1.998000,ex GQ
2333,CSW24,18,24,5.520000,5.760000,0.240000,12b STY
2333,CSW24,19,17,7.633000,5.635000,-1.998000,ex GLQR
2333,CSW24,20,18,7.286000,5.288000,-1.998000,ex GQRY
2333,CSW24,21,19,7.188000,5.190000,-1.998000,ex GLQRT
2333,CSW24,22,21,6.382000,4.384000,-1.998000,ex GQT
2333,CSW24,23,22,6.018000,4.020000,-1.998000,ex GQTY
2333,CSW24,24,26,5.050000,4.007000,-1.043000,7e TYG
2333,CSW24,25,23,5.627000,3.629000,-1.998000,ex LQTY
2081,CSW24,1,2,21.955000,20.554000,-1.401000,d1 MaUVER
2081,CSW24,2,3,21.309000,19.526000,-1.783000,d1 MaUVE
2081,CSW24,3,1,22.315000,19.344000,-2.971000,l1 OVUM
2081,CSW24,4,4,20.990000,18.306000,-2.684000,3m MUX
2081,CSW24,5,5,18.810000,18.222000,-0.588000,1a RUED
2081,CSW24,6,6,17.836000,14.822000,-3.014000,c2 LUV
2081,CSW24,7,7,15.948000,13.887000,-2.061000,3k MUREX
2081,CSW24,8,8,15.624000,13.881000,-1.743000,d11 FUMED
2081,CSW24,9,9,15.371000,13.170000,-2.201000,c13 EMU
2081,CSW24,10,14,14.335000,12.485000,-1.850000,c11 IDEM
2081,CSW24,11,11,14.581000,12.227000,-2.354000,15l RUDY
2081,CSW24,12,12,14.581000,12.197000,-2.384000,15l URDY
2081,CSW24,13,17,14.235000,12.084000,-2.151000,15l VERY
2081,CSW24,14,13,14.365000,11.929000,-2.436000,3m VEX
2081,CSW24,15,10,14.836000,11.817000,-3.019000,d1 VaU
2081,CSW24,16,16,14.244000,11.500000,-2.744000,3m DUX
2081,CSW24,17,18,13.895000,11.447000,-2.448000,d1 MaUD
2081,CSW24,18,19,13.810000,11.406000,-2.404000,3k REDUX
2081,CSW24,19,15,14.319000,11.169000,-3.150000,j1 CURVED
2081,CSW24,20,20,12.990000,10.991000,-1.999000,1a MU
2081,CSW24,21,21,12.990000,10.413000,-2.577000,d11 FUM
2081,CSW24,22,23,11.990000,9.631000,-2.359000,1d MU
2081,CSW24,23,22,12.401000,9.501000,-2.900000,c2 LURVE
2081,CSW24,24,26,9.948000,7.964000,-1.984000,d11 FEMUR
2081,CSW24,25,27,9.948000,7.964000,-1.984000,d11 FUMER
2067,CSW24,1,1,26.971000,27.222000,0.251000,10l OOZE
2067,CSW24,2,2,22.880000,23.497000,0.617000,14b OO
2067,CSW24,3,3,22.854000,23.098000,0.244000,4a INDOOR
2067,CSW24,4,4,22.443000,22.700000,0.257000,13k IROKO
2067,CSW24,5,7,21.971000,22.509000,0.538000,4e OO
2067,CSW24,6,6,21.971000,22.468000,0.497000,4d OO
2067,CSW24,7,5,21.979000,22.249000,0.270000,4d DOO
2067,CSW24,8,12,20.501000,21.825000,1.324000,14a ONO
2067,CSW24,9,10,20.971000,21.434000,0.463000,9b OO
2067,CSW24,10,11,20.880000,21.372000,0.492000,14e OM
2067,CSW24,11,8,21.056000,21.370000,0.314000,4d NOO
2067,CSW24,12,19,19.874000,21.295000,1.421000,h4 DOO
2067,CSW24,13,9,21.056000,21.262000,0.206000,4d OON
2067,CSW24,14,13,20.008000,20.490000,0.482000,j1 OHED
2067,CSW24,15,16,19.956000,20.233000,0.277000,4d ION
2067,CSW24,16,18,19.880000,20.216000,0.336000,6g EON
2067,CSW24,17,20,19.874000,20.182000,0.308000,10l DOZE
2067,CSW24,18,14,19.979000,20.169000,0.190000,4c DOO
2067,CSW24,19,17,19.880000,20.135000,0.255000,j1 OH
2067,CSW24,20,22,19.782000,20.108000,0.326000,4d ROO
2067,CSW24,21,21,19.782000,20.072000,0.290000,4d OOR
2067,CSW24,22,15,19.971000,19.974000,0.003000,j9 OO
2067,CSW24,23,26,19.175000,19.749000,0.574000,4d IO
2067,CSW24,24,32,18.971000,19.682000,0.711000,a13 OOP
2067,CSW24,25,30,18.971000,19.334000,0.363000,e4 OBO
2002,CSW24,1,1,31.064000,26.976000,-4.088000,2j FARRED
2002,CSW24,2,2,28.863000,24.837000,-4.026000,k10 AND
2002,CSW24,3,4,27.414000,23.816000,-3.598000,f2 DELF
2002,CSW24,4,3,27.494000,23.625000,-3.869000,k10 ARM
2002,CSW24,5,5,27.045000,23.380000,-3.665000,k10 ADMEN
2002,CSW24,6,6,27.045000,23.287000,-3.758000,k10 AMEND
2002,CSW24,7,8,25.965000,22.712000,-3.253000,o1 MEND
2002,CSW24,8,7,27.045000,22.313000,-4.732000,n10 EMEND
2002,CSW24,9,10,25.358000,21.472000,-3.886000,6a EM
2002,CSW24,10,11,24.951000,21.333000,-3.618000,k10 ARMED
2002,CSW24,11,9,25.487000,21.325000,-4.162000,2j FARREN
2002,CSW24,12,17,23.981000,20.694000,-3.287000,9e MET
2002,CSW24,13,13,24.358000,20.481000,-3.877000,h4 MUMUS
2002,CSW24,14,15,24.228000,20.417000,-3.811000,m7 DIRL
2002,CSW24,15,14,24.228000,20.275000,-3.953000,m3 YARD
2002,CSW24,16,16,24.228000,20.253000,-3.975000,k10 ARD
2002,CSW24,17,12,24.863000,20.047000,-4.816000,n10 END
2002,CSW24,18,18,23.951000,19.768000,-4.183000,n6 MENDER
2002,CSW24,19,24,23.064000,19.627000,-3.437000,o1 REDD
2002,CSW24,20,22,23.358000,19.328000,-4.030000,k10 AM
2002,CSW24,21,23,23.074000,19.277000,-3.797000,f7 TORMENT
2002,CSW24,22,21,23.358000,19.181000,-4.177000,m3 YAM
2002,CSW24,23,20,23.361000,19.134000,-4.227000,k10 ANT
2002,CSW24,24,26,22.511000,18.905000,-3.606000,k1 MANSE
2002,CSW24,25,28,22.447000,18.593000,-3.854000,k10 AMENT
2057,CSW24,1,1,71.070000,67.395000,-3.675000,h12 WIPE
2057,CSW24,2,2,65.143000,61.370000,-3.773000,h12 PIPI
2057,CSW24,3,3,62.070000,58.009000,-4.061000,8m PEW
2057,CSW24,4,4,61.007000,57.127000,-3.880000,h12 PIPE
2057,CSW24,5,5,60.350000,56.386000,-3.964000,8m HEW
2057,CSW24,6,6,59.706000,54.850000,-4.856000,n11 PHEW
2057,CSW24,7,8,55.121000,51.357000,-3.764000,7i PI
2057,CSW24,8,10,55.007000,50.879000,-4.128000,8m PEP
2057,CSW24,9,9,55.070000,50.002000,-5.068000,n12 PEW
2057,CSW24,10,7,55.706000,48.851000,-6.855000,n6 WHELP
2057,CSW24,11,11,52.227000,48.197000,-4.030000,8m HEP
2057,CSW24,12,13,51.227000,47.086000,-4.141000,8m PEH
2057,CSW24,13,14,50.232000,46.395000,-3.837000,7i HI
2057,CSW24,14,12,51.350000,46.181000,-5.169000,n12 HEW
2057,CSW24,15,15,50.007000,45.035000,-4.972000,2a PEP
2057,CSW24,16,25,47.583000,44.310000,-3.273000,h11 WHIPt
2057,CSW24,17,24,47.583000,44.291000,-3.292000,h11 WHIPs
2057,CSW24,18,16,49.029000,44.173000,-4.856000,c2 PAW
2057,CSW24,19,18,48.237000,43.671000,-4.566000,h13 IWI
2057,CSW24,20,17,49.007000,43.647000,-5.360000,n12 PEP
2057,CSW24,21,21,48.096000,43.434000,-4.662000,h11 WHIP
2057,CSW24,22,20,48.096000,43.358000,-4.738000,m7 WHAP
2057,CSW24,23,22,48.029000,43.115000,-4.914000,c2 WAP
2057,CSW24,24,26,47.237000,43.023000,-4.214000,10i WIN
2057,CSW24,25,19,48.096000,42.837000,-5.259000,c1 WHAP
2093,CSW24,1,1,81.000000,81.248000,0.248000,5b COHESION
2093,CSW24,2,2,44.555000,43.854000,-0.701000,a7 COHOE
2093,CSW24,3,4,41.574000,42.389000,0.815000,15h OOH
2093,CSW24,4,3,42.312000,42.093000,-0.219000,a7 COHO
2093,CSW24,5,5,37.836000,38.496000,0.660000,15h HOI
2093,CSW24,6,6,37.312000,37.095000,-0.217000,d4 CHOOM
2093,CSW24,7,10,36.574000,36.775000,0.201000,n10 OOH
2093,CSW24,8,9,36.574000,36.724000,0.150000,n9 HOO
2093,CSW24,9,7,36.788000,36.616000,-0.172000,a7 ECHO
2093,CSW24,10,13,35.780000,36.435000,0.655000,15f ROHE
2093,CSW24,11,12,36.312000,36.367000,0.055000,a9 COHO
2093,CSW24,12,11,36.312000,36.043000,-0.269000,5e CHOON
2093,CSW24,13,8,36.583000,35.831000,-0.752000,n10 OO
2093,CSW24,14,16,35.574000,35.644000,0.070000,a10 OHO
2093,CSW24,15,14,35.574000,35.471000,-0.103000,a8 HOO
2093,CSW24,16,15,35.574000,35.467000,-0.107000,a8 OHO
2093,CSW24,17,17,34.780000,35.440000,0.660000,15h HOE
2093,CSW24,18,18,34.746000,34.029000,-0.717000,n10 IO
2093,CSW24,19,20,33.583000,33.003000,-0.580000,15h OO
2093,CSW24,20,21,33.225000,33.002000,-0.223000,a8 COO
2093,CSW24,21,23,32.596000,32.683000,0.087000,15h HO
2093,CSW24,22,19,33.583000,32.389000,-1.194000,a14 OO
2093,CSW24,23,22,32.596000,32.107000,-0.489000,a14 OH
2093,CSW24,24,24,32.583000,31.401000,-1.182000,n11 OO
2093,CSW24,25,26,31.746000,31.166000,-0.580000,15h IO
2015,CSW24,1,1,72.000000,60.610000,-11.390000,n7 SAGINATE
2015,CSW24,2,2,60.000000,51.350000,-8.650000,l2 AGENESIA
2015,CSW24,3,5,41.771000,36.148000,-5.623000,o13 YAE
2015,CSW24,4,6,41.771000,36.058000,-5.713000,o13 YEA
2015,CSW24,5,3,42.784000,34.787000,-7.997000,9d AVA
2015,CSW24,6,7,39.413000,34.607000,-4.806000,a1 ADAGE
2015,CSW24,7,4,41.771000,33.713000,-8.058000,9d AVE
2015,CSW24,8,8,38.530000,33.339000,-5.191000,o12 GYAN
2015,CSW24,9,9,38.031000,32.780000,-5.251000,1a AG
2015,CSW24,10,10,38.031000,32.488000,-5.543000,o13 YAG
2015,CSW24,11,12,37.715000,32.375000,-5.340000,o11 GEYAN
2015,CSW24,12,14,36.842000,31.038000,-5.804000,a1 AD
2015,CSW24,13,13,36.854000,30.946000,-5.908000,o7 GAINSAY
2015,CSW24,14,21,35.572000,30.178000,-5.394000,1a AI
2015,CSW24,15,22,35.427000,29.987000,-5.440000,o12 AYIN
2015,CSW24,16,11,37.784000,29.059000,-8.725000,14n AA
2015,CSW24,17,17,36.771000,28.259000,-8.512000,14n EA
2015,CSW24,18,15,36.784000,28.180000,-8.604000,4b AVA
2015,CSW24,19,18,35.784000,27.837000,-7.947000,12n AA
2015,CSW24,20,16,36.771000,27.531000,-9.240000,14n AE
2015,CSW24,21,20,35.771000,27.300000,-8.471000,4c VAE
2015,CSW24,22,29,34.771000,26.818000,-7.953000,12n EA
2015,CSW24,23,19,35.771000,26.774000,-8.997000,4b AVE
2015,CSW24,24,25,34.784000,26.700000,-8.084000,3l AA
2015,CSW24,25,26,34.784000,26.505000,-8.279000,3m AA
2077,CSW24,1,1,19.657000,13.438000,-6.219000,c13 IWI
2077,CSW24,2,4,18.715000,12.976000,-5.739000,13h TWINED
2077,CSW24,3,2,18.970000,12.966000,-6.004000,c12 WEID
2077,CSW24,4,5,18.095000,12.831000,-5.264000,13b DISUNITE
2077,CSW24,5,3,18.970000,12.726000,-6.244000,c12 WIDE
2077,CSW24,6,6,17.715000,12.142000,-5.573000,c3 DWINE
2077,CSW24,7,8,16.912000,11.343000,-5.569000,6f WIS
2077,CSW24,8,11,15.617000,9.695000,-5.922000,c12 WUD
2077,CSW24,9,9,15.893000,9.629000,-6.264000,c12 WIN
2077,CSW24,10,12,15.041000,9.593000,-5.448000,i11 OWIE
2077,CSW24,11,16,14.733000,9.514000,-5.219000,n6 EMEU
2077,CSW24,12,10,15.792000,9.449000,-6.343000,c12 WINE
2077,CSW24,13,7,17.657000,9.117000,-8.540000,13a IWIS
2077,CSW24,14,13,14.912000,8.822000,-6.090000,g9 WIT
2077,CSW24,15,19,13.792000,8.795000,-4.997000,g11 TWINE
2077,CSW24,16,15,14.893000,8.729000,-6.164000,c12 WIND
2077,CSW24,17,14,14.912000,8.720000,-6.192000,13b WIS
2077,CSW24,18,18,14.464000,8.459000,-6.005000,c12 DUI
2077,CSW24,19,17,14.657000,8.355000,-6.302000,l8 KIWI
2077,CSW24,20,20,12.970000,7.756000,-5.214000,f10 INDEW
2077,CSW24,21,21,12.893000,7.151000,-5.742000,g11 TWIN
2077,CSW24,22,26,11.917000,6.950000,-4.967000,f10 UNWIND
2077,CSW24,23,23,12.184000,6.622000,-5.562000,6f WUS
2077,CSW24,24,22,12.225000,6.495000,-5.730000,e5 UNI
2077,CSW24,25,25,11.970000,6.295000,-5.675000,13b WISED
2372,CSW24,1,2,70.368000,68.287000,-2.081000,o8 WOX
2372,CSW24,2,1,70.368000,68.181000,-2.187000,o6 WOX
2372,CSW24,3,3,66.718000,64.537000,-2.181000,o6 WEX
2372,CSW24,4,4,60.597000,58.754000,-1.843000,o6 COX
2372,CSW24,5,5,58.878000,56.407000,-2.471000,o7 EXIT
2372,CSW24,6,7,51.694000,51.094000,-0.600000,o8 XI
2372,CSW24,7,6,52.154000,50.509000,-1.645000,o6 TIX
2372,CSW24,8,9,50.002000,49.080000,-0.922000,o14 OX
2372,CSW24,9,10,49.368000,48.918000,-0.450000,o10 WOX
2372,CSW24,10,8,50.525000,48.738000,-1.787000,o7 EXO
2372,CSW24,11,12,48.002000,47.673000,-0.329000,o7 OX
2372,CSW24,12,15,45.760000,46.859000,1.099000,o6 COW
2372,CSW24,13,11,48.260000,46.589000,-1.671000,o6 TEX
2372,CSW24,14,21,44.061000,45.311000,1.250000,o8 WOT
2372,CSW24,15,16,45.718000,45.268000,-0.450000,o10 WEX
2372,CSW24,16,13,46.002000,45.073000,-0.929000,n5 OX
2372,CSW24,17,17,45.597000,45.045000,-0.552000,8l COAX
2372,CSW24,18,24,42.909000,44.912000,2.003000,o8 WO
2372,CSW24,19,22,43.707000,44.903000,1.196000,o8 WIT
2372,CSW24,20,20,45.081000,44.764000,-0.317000,o7 EX
2372,CSW24,21,18,45.597000,44.740000,-0.857000,15l COAX
2372,CSW24,22,14,46.000000,44.625000,-1.375000,o8 WITE
2372,CSW24,23,26,41.968000,43.741000,1.773000,8m WAX
2372,CSW24,24,25,42.061000,43.546000,1.485000,o7 TWO
2372,CSW24,25,28,41.909000,43.464000,1.555000,o14 OW
2139,CSW24,1,1,33.642000,30.923000,-2.719000,a12 CLON
2139,CSW24,2,3,30.042000,27.411000,-2.631000,a12 CONN
2139,CSW24,3,7,26.338000,25.664000,-0.674000,a8 ONTIC
2139,CSW24,4,8,26.338000,25.649000,-0.689000,a8 TONIC
2139,CSW24,5,2,30.317000,25.357000,-4.960000,13g QiN
2139,CSW24,6,4,27.642000,23.424000,-4.218000,b11 LOON
2139,CSW24,7,5,27.625000,23.003000,-4.622000,b2 NO
2139,CSW24,8,9,25.785000,22.741000,-3.044000,b9 LINO
2139,CSW24,9,6,26.625000,21.661000,-4.964000,6a NO
2139,CSW24,10,15,24.205000,21.612000,-2.593000,a12 COLT
2139,CSW24,11,14,24.205000,21.451000,-2.754000,a12 CLOT
2139,CSW24,12,20,23.215000,20.932000,-2.283000,a10 NICOLS
2139,CSW24,13,10,25.338000,20.696000,-4.642000,9b NOS
2139,CSW24,14,38,21.159000,20.675000,-0.484000,a8 TONICS
2139,CSW24,15,40,21.148000,20.479000,-0.669000,a8 LOTIC
2139,CSW24,16,12,24.625000,20.265000,-4.360000,8k NOR
2139,CSW24,17,11,25.317000,19.920000,-5.397000,4d IN
2139,CSW24,18,13,24.519000,19.804000,-4.715000,b10 SNOOL
2139,CSW24,19,18,23.321000,19.103000,-4.218000,b11 TOON
2139,CSW24,20,22,23.038000,19.023000,-4.015000,i10 TONS
2139,CSW24,21,16,24.042000,18.945000,-5.097000,b11 NOON
2139,CSW24,22,39,21.159000,18.827000,-2.332000,a10 TOCSIN
2139,CSW24,23,43,20.760000,18.133000,-2.627000,a12 CLIT
2139,CSW24,24,46,20.534000,18.062000,-2.472000,a12 CION
2139,CSW24,25,47,20.534000,17.913000,-2.621000,a12 COIN
2348,CSW24,1,1,111.000000,108.869000,-2.131000,15h CRAWDAD
2348,CSW24,2,2,55.944000,55.443000,-0.501000,15l WADD
2348,CSW24,3,3,29.569000,28.731000,-0.838000,15l DADA
2348,CSW24,4,7,26.643000,24.630000,-2.013000,13g DAW
2348,CSW24,5,4,27.643000,22.806000,-4.837000,15l WAD
2348,CSW24,6,5,26.944000,22.800000,-4.144000,15k DAWD
2348,CSW24,7,10,24.128000,22.746000,-1.382000,15m ADD
2348,CSW24,8,6,26.944000,22.622000,-4.322000,15k WADD
2348,CSW24,9,9,24.233000,22.209000,-2.024000,13f DRAW
2348,CSW24,10,11,23.944000,21.876000,-2.068000,o3 DAWD
2348,CSW24,11,8,24.877000,20.637000,-4.240000,15i ADWARD
2348,CSW24,12,14,22.643000,20.373000,-2.270000,13g WAD
2348,CSW24,13,15,22.012000,19.933000,-2.079000,13f ADAW
2348,CSW24,14,16,21.655000,19.813000,-1.842000,13g CAW
2348,CSW24,15,17,21.643000,19.602000,-2.041000,o3 DAW
2348,CSW24,16,12,23.644000,18.893000,-4.751000,15l CAD
2348,CSW24,17,13,23.233000,18.647000,-4.586000,15k WARD
2348,CSW24,18,21,20.233000,17.939000,-2.294000,o3 DRAW
2348,CSW24,19,23,19.526000,17.664000,-1.862000,13f CRAW
2348,CSW24,20,19,20.336000,16.908000,-3.428000,14j WADDER
2348,CSW24,21,18,21.447000,16.786000,-4.661000,15j AWARD
2348,CSW24,22,20,20.336000,16.632000,-3.704000,14j WARDED
2348,CSW24,23,25,18.644000,16.277000,-2.367000,13g CAD
2348,CSW24,24,28,17.964000,16.159000,-1.805000,15n DA
2348,CSW24,25,26,18.098000,16.025000,-2.073000,i3 CRAW
2310,CSW24,1,1,70.000000,60.857000,-9.143000,14b RETRAITE
2310,CSW24,2,2,62.000000,52.677000,-9.323000,14e RETRAITE
2310,CSW24,3,3,42.353000,36.885000,-5.468000,8g NATHEMORE
2310,CSW24,4,4,32.688000,29.477000,-3.211000,15e YETI
2310,CSW24,5,5,32.688000,29.442000,-3.246000,15e YITE
2310,CSW24,6,6,30.053000,26.734000,-3.319000,15e YATE
2310,CSW24,7,8,29.258000,26.159000,-3.099000,15e YETTIE
2310,CSW24,8,14,28.407000,25.508000,-2.899000,15a TEARY
2310,CSW24,9,7,29.688000,24.331000,-5.357000,3h MITE
2310,CSW24,10,10,28.854000,24.250000,-4.604000,1j TERTIA
2310,CSW24,11,11,28.688000,23.566000,-5.122000,3g EMIT
2310,CSW24,12,9,29.062000,23.442000,-5.620000,j8 HIT
2310,CSW24,13,12,28.583000,23.338000,-5.245000,10a AE
2310,CSW24,14,13,28.572000,23.016000,-5.556000,e4 ET
2310,CSW24,15,15,28.102000,22.400000,-5.702000,j8 HIE
2310,CSW24,16,20,25.396000,22.118000,-3.278000,15e YEET
2310,CSW24,17,22,24.917000,21.798000,-3.119000,15e YATTER
2310,CSW24,18,16,27.053000,21.723000,-5.330000,e3 EAT
2310,CSW24,19,17,27.053000,21.720000,-5.333000,e3 TAE
2310,CSW24,20,18,26.688000,21.365000,-5.323000,i2 GITE
2310,CSW24,21,24,24.226000,21.351000,-2.875000,15a AIERY
2310,CSW24,22,25,24.226000,21.306000,-2.920000,15d AYRIE
2310,CSW24,23,31,23.698000,20.447000,-3.251000,15e YETT
2310,CSW24,24,37,23.020000,19.975000,-3.045000,15e YTTRIA
2310,CSW24,25,38,22.683000,19.754000,-2.929000,15d EYRIE
2388,CSW24,1,1,35.510000,27.421000,-8.089000,5c COX
2388,CSW24,2,2,32.680000,27.156000,-5.524000,o8 YOICK
2388,CSW24,3,5,27.890000,19.552000,-8.338000,5d OX
2388,CSW24,4,3,28.136000,19.117000,-9.019000,d8 QORMA
2388,CSW24,5,8,27.058000,18.558000,-8.500000,9g QI
2388,CSW24,6,4,28.058000,18.429000,-9.629000,n1 QIS
2388,CSW24,7,6,27.510000,18.401000,-9.109000,n6 COX
2388,CSW24,8,7,27.058000,18.367000,-8.691000,7g QI
2388,CSW24,9,11,24.885000,18.314000,-6.571000,h1 ROPEY
2388,CSW24,10,9,26.532000,17.507000,-9.025000,n11 ORYX
2388,CSW24,11,12,23.955000,17.437000,-6.518000,h1 COPER
2388,CSW24,12,14,23.283000,16.726000,-6.557000,h1 RYPE
2388,CSW24,13,10,25.155000,16.681000,-8.474000,b10 XRAY
2388,CSW24,14,13,23.852000,16.449000,-7.403000,h10 RICY
2388,CSW24,15,15,22.229000,15.808000,-6.421000,1l WIRY
2388,CSW24,16,18,21.905000,13.530000,-8.375000,5c COY
2388,CSW24,17,20,21.684000,13.441000,-8.243000,e3 COXY
2388,CSW24,18,17,22.029000,13.426000,-8.603000,9e COXY
2388,CSW24,19,23,21.161000,13.406000,-7.755000,h11 ICY
2388,CSW24,20,21,21.510000,12.605000,-8.905000,6h COXAE
2388,CSW24,21,16,22.029000,12.584000,-9.445000,7e COXY
2388,CSW24,22,19,21.905000,12.583000,-9.322000,n6 COY
2388,CSW24,23,24,20.885000,12.468000,-8.417000,b11 OARY
2388,CSW24,24,26,20.029000,12.068000,-7.961000,13d COXY
2388,CSW24,25,30,18.429000,11.848000,-6.581000,h1 COPE
2115,CSW24,1,1,46.502000,50.372000,3.870000,15a JASY
2115,CSW24,2,2,34.673000,35.487000,0.814000,b13 JAI
2115,CSW24,3,3,28.673000,28.053000,-0.620000,2f JAI
2115,CSW24,4,4,27.673000,27.184000,-0.489000,f13 AJI
2115,CSW24,5,5,27.673000,26.877000,-0.796000,14f JAI
2115,CSW24,6,6,24.080000,25.205000,1.125000,5d RAJ
2115,CSW24,7,7,22.197000,23.340000,1.143000,5d TAJ
2115,CSW24,8,8,21.634000,22.659000,1.025000,15a ARSY
2115,CSW24,9,17,15.732000,20.984000,5.252000,4c IATRIC
2115,CSW24,10,9,21.503000,20.408000,-1.095000,c3 JIRD
2115,CSW24,11,11,20.502000,19.998000,-0.504000,d3 YAJE
2115,CSW24,12,10,20.847000,19.769000,-1.078000,b13 JA
2115,CSW24,13,13,19.080000,19.304000,0.224000,b8 AJAR
2115,CSW24,14,12,20.470000,19.023000,-1.447000,14a JILT
2115,CSW24,15,15,17.235000,17.240000,0.005000,d2 YITIE
2115,CSW24,16,16,17.080000,16.892000,-0.188000,b7 RAJA
2115,CSW24,17,22,14.241000,15.893000,1.652000,f2 JARTA
2115,CSW24,18,14,17.352000,15.128000,-2.224000,7f YIP
2115,CSW24,19,60,8.310000,14.294000,5.984000,f2 RAIYAT
2115,CSW24,20,23,14.117000,14.163000,0.046000,c2 YAIRD
2115,CSW24,21,18,15.015000,14.021000,-0.994000,b7 JAI
2115,CSW24,22,20,14.637000,13.360000,-1.277000,c3 YIRD
2115,CSW24,23,21,14.300000,13.217000,-1.083000,d3 YITE
2115,CSW24,24,19,14.673000,13.161000,-1.512000,2f AJI
2115,CSW24,25,24,13.673000,12.435000,-1.238000,14f AJI
2063,CSW24,1,1,16.036000,13.328000,-2.708000,j6 LARGO
2063,CSW24,2,3,15.340000,12.536000,-2.804000,a8 RIGOR
2063,CSW24,3,4,15.036000,12.104000,-2.932000,a8 ALGOR
2063,CSW24,4,9,13.903000,11.995000,-1.908000,j11 RONG
2063,CSW24,5,8,14.485000,11.905000,-2.580000,i11 GOE
2063,CSW24,6,2,15.780000,11.666000,-4.114000,m3 ALOGIA
2063,CSW24,7,5,14.571000,11.661000,-2.910000,j8 ROO
2063,CSW24,8,6,14.548000,11.321000,-3.227000,15d DOOLE
2063,CSW24,9,7,14.485000,11.129000,-3.356000,7c GOBAN
2063,CSW24,10,10,13.571000,10.995000,-2.576000,j10 OO
2063,CSW24,11,11,13.571000,10.217000,-3.354000,15d DOO
2063,CSW24,12,12,12.969000,10.092000,-2.877000,l7 ORGIA
2063,CSW24,13,13,12.571000,9.723000,-2.848000,o14 OO
2063,CSW24,14,14,12.036000,9.153000,-2.883000,l7 ARGOL
2063,CSW24,15,15,11.571000,8.845000,-2.726000,j12 ONO
2063,CSW24,16,16,11.207000,8.007000,-3.200000,j6 GIRO
2063,CSW24,17,18,10.681000,7.722000,-2.959000,a8 GLAIR
2063,CSW24,18,19,10.571000,7.393000,-3.178000,12h MOOp
2063,CSW24,19,22,10.311000,7.360000,-2.951000,i11 ROE
2063,CSW24,20,17,11.064000,7.137000,-3.927000,m3 GLORIA
2063,CSW24,21,28,9.311000,6.659000,-2.652000,j10 OR
2063,CSW24,22,30,9.043000,6.648000,-2.395000,j11 RONA
2063,CSW24,23,20,10.571000,6.615000,-3.956000,m13 DOO
2063,CSW24,24,23,10.036000,6.206000,-3.830000,l6 LARGO
2063,CSW24,25,25,9.548000,5.921000,-3.627000,15f OLEO
2311,CSW24,1,1,28.441000,25.084000,-3.357000,8k DIVOT
2311,CSW24,2,2,23.966000,19.627000,-4.339000,14h VOLTI
2311,CSW24,3,5,21.865000,19.073000,-2.792000,j4 TOPOI
2311,CSW24,4,4,22.628000,18.992000,-3.636000,c11 VIOL
2311,CSW24,5,3,23.628000,18.689000,-4.939000,14g VIOL
2311,CSW24,6,7,17.951000,15.780000,-2.171000,j2 PIVOT
2311,CSW24,7,9,17.077000,14.529000,-2.548000,j4 TOPI
2311,CSW24,8,6,18.614000,11.987000,-6.627000,14h PILOT
2311,CSW24,9,8,17.100000,11.839000,-5.261000,14j LIPO
2311,CSW24,10,12,14.751000,10.848000,-3.903000,14h VOL
2311,CSW24,11,11,14.968000,10.700000,-4.268000,14j LIP
2311,CSW24,12,13,14.203000,10.045000,-4.158000,14h VOLT
2311,CSW24,13,10,15.272000,9.783000,-5.489000,14h PILI
2311,CSW24,14,15,12.412000,9.689000,-2.723000,j4 TOPO
2311,CSW24,15,20,11.350000,8.340000,-3.010000,3g VAIL
2311,CSW24,16,21,11.350000,8.307000,-3.043000,3g VALI
2311,CSW24,17,16,11.881000,8.295000,-3.586000,c11 TIPI
2311,CSW24,18,19,11.554000,8.013000,-3.541000,3h AVI
2311,CSW24,19,31,10.123000,7.878000,-2.245000,j2 PILOT
2311,CSW24,20,33,9.911000,7.128000,-2.783000,j3 LOOP
2311,CSW24,21,26,10.725000,6.602000,-4.123000,8k DOILT
2311,CSW24,22,27,10.558000,6.594000,-3.964000,14j LI
2311,CSW24,23,18,11.725000,6.567000,-5.158000,14j LOTI
2311,CSW24,24,32,10.077000,6.520000,-3.557000,c11 TIP
2311,CSW24,25,14,13.100000,6.356000,-6.744000,l12 LIPO
2232,CSW24,1,2,78.000000,71.017000,-6.983000,l8 COaPPEAR
2232,CSW24,2,1,78.000000,71.012000,-6.988000,l8 COAPPEaR
2232,CSW24,3,5,74.000000,69.454000,-4.546000,d2 OIlPAPER
2232,CSW24,4,3,76.000000,69.151000,-6.849000,l8 COPPERAh
2232,CSW24,5,4,76.000000,69.088000,-6.912000,l8 COPPERAs
2232,CSW24,6,7,72.000000,66.855000,-5.145000,6a APPROvE
2232,CSW24,7,6,74.000000,66.711000,-7.289000,m8 TRAPPOsE
2232,CSW24,8,9,68.510000,66.398000,-2.112000,a1 POEP
2232,CSW24,9,10,68.096000,66.080000,-2.016000,a1 OPEPE
2232,CSW24,10,8,69.000000,64.075000,-4.925000,6a POPERAs
2232,CSW24,11,12,68.000000,63.114000,-4.886000,6a PROPAgE
2232,CSW24,12,13,68.000000,63.108000,-4.892000,6a PROPAlE
2232,CSW24,13,14,68.000000,63.067000,-4.933000,6a PROPAnE
2232,CSW24,14,11,68.000000,62.466000,-5.534000,b5 APPROvE
2232,CSW24,15,21,63.452000,61.403000,-2.049000,a1 PEEP
2232,CSW24,16,15,66.000000,60.114000,-5.886000,b5 PAmPERO
2232,CSW24,17,19,63.865000,58.738000,-5.127000,2j POA
2232,CSW24,18,16,64.000000,58.331000,-5.669000,b5 PROPAgE
2232,CSW24,19,17,64.000000,58.283000,-5.717000,b5 PROPAlE
2232,CSW24,20,20,63.512000,58.143000,-5.369000,2j PO
2232,CSW24,21,18,64.000000,58.032000,-5.968000,b5 PROPAnE
2232,CSW24,22,26,59.616000,57.413000,-2.203000,a1 PREOP
2232,CSW24,23,23,62.096000,57.146000,-4.950000,2a POEP
2232,CSW24,24,22,62.375000,56.978000,-5.397000,2j PA
2232,CSW24,25,30,56.870000,54.888000,-1.982000,a1 PREP
2100,CSW24,1,1,32.416000,31.590000,-0.826000,d4 QAT
2100,CSW24,2,2,21.416000,19.752000,-1.664000,c5 QUA
2100,CSW24,3,4,19.353000,18.462000,-0.891000,5d EE
2100,CSW24,4,3,19.989000,17.991000,-1.998000,ex EEQ
2100,CSW24,5,6,17.863000,16.428000,-1.435000,d1 HEREAT
2100,CSW24,6,5,17.933000,15.935000,-1.998000,ex AEEQ
2100,CSW24,7,7,16.978000,14.980000,-1.998000,ex AEQ
2100,CSW24,8,8,16.326000,14.328000,-1.998000,ex EQ
2100,CSW24,9,9,14.804000,13.420000,-1.384000,d1 HERE
2100,CSW24,10,12,14.102000,13.202000,-0.900000,5d EA
2100,CSW24,11,11,14.102000,13.183000,-0.919000,5d AE
2100,CSW24,12,10,14.804000,12.858000,-1.946000,10d REE
2100,CSW24,13,14,13.353000,11.710000,-1.643000,e8 IDEE
2100,CSW24,14,13,13.474000,11.476000,-1.998000,ex EEEQ
2100,CSW24,15,15,12.920000,11.328000,-1.592000,10d REES
2100,CSW24,16,20,11.620000,10.846000,-0.774000,c5 SUQ
2100,CSW24,17,16,12.191000,10.193000,-1.998000,ex AEEQR
2100,CSW24,18,25,11.194000,9.474000,-1.720000,n9 SEE
2100,CSW24,19,19,11.804000,9.440000,-2.364000,2b REE
2100,CSW24,20,18,11.804000,9.401000,-2.403000,2b ERE
2100,CSW24,21,26,10.920000,9.275000,-1.645000,n9 SEER
2100,CSW24,22,22,11.415000,9.227000,-2.188000,n9 SEARE
2100,CSW24,23,24,11.197000,9.199000,-1.998000,ex EEQR
2100,CSW24,24,23,11.353000,9.172000,-2.181000,10e EE
2100,CSW24,25,27,10.920000,9.124000,-1.796000,n9 SERE
2128,CSW24,1,1,83.000000,81.745000,-1.255000,1a ALVEoLES
2128,CSW24,2,3,65.930000,66.987000,1.057000,4j LEV
2128,CSW24,3,2,66.049000,66.352000,0.303000,4j LEVEL
2128,CSW24,4,5,65.265000,65.427000,0.162000,n2 VELLS
2128,CSW24,5,10,62.720000,63.546000,0.826000,4j LEVE
2128,CSW24,6,6,63.292000,63.276000,-0.016000,4j LEVELS
2128,CSW24,7,9,63.032000,63.122000,0.090000,n2 VELES
2128,CSW24,8,7,63.032000,63.071000,0.039000,n2 ELVES
2128,CSW24,9,8,63.032000,63.062000,0.030000,n2 LEVES
2128,CSW24,10,4,65.292000,62.344000,-2.948000,n1 LEVELS
2128,CSW24,11,11,60.879000,61.758000,0.879000,4j LEVS
2128,CSW24,12,12,59.032000,59.392000,0.360000,4j LEVES
2128,CSW24,13,13,55.879000,56.439000,0.560000,n3 LEVS
2128,CSW24,14,14,55.257000,56.243000,0.986000,f8 NEVI
2128,CSW24,15,16,53.873000,54.980000,1.107000,4j SEV
2128,CSW24,16,17,53.873000,54.543000,0.670000,h13 SEV
2128,CSW24,17,15,54.123000,54.381000,0.258000,10b ZEX
2128,CSW24,18,18,53.032000,53.497000,0.465000,4k ELVES
2128,CSW24,19,20,51.475000,52.895000,1.420000,8k SEL
2128,CSW24,20,19,52.873000,51.663000,-1.210000,15b SEV
2128,CSW24,21,23,50.475000,51.358000,0.883000,4j SEL
2128,CSW24,22,21,50.985000,51.211000,0.226000,8l EL
2128,CSW24,23,24,50.393000,51.165000,0.772000,4j SELL
2128,CSW24,24,25,49.985000,49.964000,-0.021000,4h SEL
2128,CSW24,25,28,49.475000,49.903000,0.428000,n4 ELS
2078,CSW24,1,1,35.873000,35.536000,-0.337000,8k ACERB
2078,CSW24,2,2,35.381000,34.742000,-0.639000,8k AMBER
2078,CSW24,3,3,22.427000,22.105000,-0.322000,l3 CUMBER
2078,CSW24,4,5,19.430000,17.880000,-1.550000,f10 BANC
2078,CSW24,5,6,18.269000,16.935000,-1.334000,f10 MANEB
2078,CSW24,6,4,20.009000,15.994000,-4.015000,f10 MANQUE
2078,CSW24,7,8,16.070000,14.630000,-1.440000,1b CREM
2078,CSW24,8,9,16.070000,14.460000,-1.610000,l5 CREM
2078,CSW24,9,7,16.415000,14.306000,-2.109000,14f CRUMBS
2078,CSW24,10,10,14.928000,13.955000,-0.973000,l4 CUBER
2078,CSW24,11,11,14.732000,13.181000,-1.551000,b11 QUAD
2078,CSW24,12,13,13.748000,12.674000,-1.074000,l4 UMBER
2078,CSW24,13,14,13.269000,11.214000,-2.055000,b10 BEMAD
2078,CSW24,14,12,14.381000,11.187000,-3.194000,14g BERMS
2078,CSW24,15,15,12.732000,10.555000,-2.177000,14k SUQ
2078,CSW24,16,16,12.269000,10.198000,-2.071000,3h WEMB
2078,CSW24,17,19,11.684000,10.115000,-1.569000,1b REC
2078,CSW24,18,20,11.505000,9.758000,-1.747000,1c REB
2078,CSW24,19,21,11.505000,9.715000,-1.790000,l6 REB
2078,CSW24,20,17,12.070000,9.619000,-2.451000,14g CREMS
2078,CSW24,21,18,12.070000,9.061000,-3.009000,14g MERCS
2078,CSW24,22,26,9.715000,8.770000,-0.945000,3c MU
2078,CSW24,23,24,9.775000,8.159000,-1.616000,1c CUB
2078,CSW24,24,25,9.748000,8.128000,-1.620000,4h IMBRUE
2078,CSW24,25,28,9.402000,7.810000,-1.592000,f10 BAN
2129,CSW24,1,1,32.119000,32.767000,0.648000,m9 NAIAD
2129,CSW24,2,2,27.756000,28.349000,0.593000,a12 IDEA
2129,CSW24,3,3,26.631000,24.150000,-2.481000,d1 JNANA
2129,CSW24,4,5,26.000000,22.737000,-3.263000,d1 JEAN
2129,CSW24,5,4,26.000000,22.732000,-3.268000,d1 JANE
2129,CSW24,6,6,25.001000,21.964000,-3.037000,n2 DANCE
2129,CSW24,7,8,23.000000,20.641000,-2.359000,a13 NAE
2129,CSW24,8,7,23.277000,20.015000,-3.262000,d1 JANN
2129,CSW24,9,12,22.175000,19.710000,-2.465000,15a ISNA
2129,CSW24,10,10,22.428000,18.962000,-3.466000,m7 NADA
2129,CSW24,11,9,22.782000,18.866000,-3.916000,2b ANA
2129,CSW24,12,11,22.175000,18.560000,-3.615000,c11 AIN
2129,CSW24,13,14,21.631000,18.357000,-3.274000,m10 ANAN
2129,CSW24,14,16,21.399000,17.976000,-3.423000,l4 APIAN
2129,CSW24,15,19,20.218000,17.918000,-2.300000,15a ISNAE
2129,CSW24,16,13,21.782000,17.866000,-3.916000,m8 ANA
2129,CSW24,17,17,21.218000,17.800000,-3.418000,c11 AINE
2129,CSW24,18,27,19.737000,17.676000,-2.061000,a13 DAE
2129,CSW24,19,18,20.737000,17.673000,-3.064000,d1 JADE
2129,CSW24,20,44,18.756000,17.356000,-1.400000,15a ASIDE
2129,CSW24,21,15,21.428000,16.923000,-4.505000,2a NADA
2129,CSW24,22,23,19.782000,16.464000,-3.318000,a12 ANA
2129,CSW24,23,35,19.395000,16.393000,-3.002000,m12 AN
2129,CSW24,24,22,19.782000,16.332000,-3.450000,g11 ANAL
2129,CSW24,25,34,19.395000,16.319000,-3.076000,c12 AN
2158,CSW24,1,2,34.853000,31.745000,-3.108000,l8 PRIVY
2158,CSW24,2,1,35.277000,31.228000,-4.049000,3i WHIPPY
2158,CSW24,3,3,32.277000,28.455000,-3.822000,12i HIPPY
2158,CSW24,4,4,28.899000,24.897000,-4.002000,a12 TYPP
2158,CSW24,5,5,28.447000,24.582000,-3.865000,a12 TIVY
2158,CSW24,6,6,26.725000,23.121000,-3.604000,2f HIP
2158,CSW24,7,7,25.725000,22.787000,-2.938000,8m HIP
2158,CSW24,8,8,23.922000,21.073000,-2.849000,8m PIP
2158,CSW24,9,9,23.144000,19.518000,-3.626000,2f HEP
2158,CSW24,10,11,22.144000,19.232000,-2.912000,8m HEP
2158,CSW24,11,14,21.144000,18.391000,-2.753000,8m PEH
2158,CSW24,12,10,22.219000,18.322000,-3.897000,12i HIVE
2158,CSW24,13,13,21.534000,17.441000,-4.093000,l4 HIPPER
2158,CSW24,14,15,19.947000,17.098000,-2.849000,8m PEP
2158,CSW24,15,12,21.679000,17.028000,-4.651000,n6 VEINY
2158,CSW24,16,18,19.326000,16.134000,-3.192000,j6 HI
2158,CSW24,17,16,19.946000,15.895000,-4.051000,l4 YIPPER
2158,CSW24,18,19,19.027000,15.578000,-3.449000,j6 PI
2158,CSW24,19,20,18.725000,14.951000,-3.774000,12i HYPE
2158,CSW24,20,25,18.025000,14.751000,-3.274000,j6 HE
2158,CSW24,21,22,18.326000,14.742000,-3.584000,2f HI
2158,CSW24,22,28,17.946000,14.648000,-3.298000,k5 YIPPEE
2158,CSW24,23,27,17.946000,14.645000,-3.301000,k4 YIPPEE
2158,CSW24,24,17,19.534000,14.643000,-4.891000,m8 HIPPIE
2158,CSW24,25,21,18.717000,14.568000,-4.149000,6h NAVY
2105,CSW24,1,1,44.654000,40.245000,-4.409000,14i FY
2105,CSW24,2,2,41.006000,36.685000,-4.321000,14f FERNY
2105,CSW24,3,4,38.373000,36.068000,-2.305000,f4 NIFTIER
2105,CSW24,4,5,38.194000,34.144000,-4.050000,6e OF
2105,CSW24,5,3,39.215000,33.823000,-5.392000,14f FAERY
2105,CSW24,6,7,37.576000,32.960000,-4.616000,14h FRY
2105,CSW24,7,6,37.927000,32.876000,-5.051000,14h FAY
2105,CSW24,8,12,34.500000,31.161000,-3.339000,f3 NAIF
2105,CSW24,9,10,34.599000,30.916000,-3.683000,6e OFT
2105,CSW24,10,13,34.230000,30.906000,-3.324000,f3 NEIF
2105,CSW24,11,15,33.553000,30.591000,-2.962000,f2 TREIF
2105,CSW24,12,8,35.102000,30.389000,-4.713000,14g FRAY
2105,CSW24,13,9,34.984000,29.998000,-4.986000,14h FEY
2105,CSW24,14,11,34.537000,29.901000,-4.636000,14i NY
2105,CSW24,15,17,32.978000,29.834000,-3.144000,d1 TRANQ
2105,CSW24,16,14,33.654000,29.226000,-4.428000,13m FLY
2105,CSW24,17,18,32.502000,28.852000,-3.650000,f4 RIF
2105,CSW24,18,21,31.831000,28.038000,-3.793000,14j YEN
2105,CSW24,19,22,31.644000,27.856000,-3.788000,f3 REIF
2105,CSW24,20,16,33.215000,27.659000,-5.556000,14f AREFY
2105,CSW24,21,20,32.047000,26.889000,-5.158000,14h NAY
2105,CSW24,22,24,29.927000,26.832000,-3.095000,l9 FADY
2105,CSW24,23,23,30.088000,26.405000,-3.683000,14j YET
2105,CSW24,24,19,32.047000,26.365000,-5.682000,14h ANY
2105,CSW24,25,25,29.920000,25.624000,-4.296000,14j YA
2335,CSW24,1,1,54.323000,50.958000,-3.365000,f4 QI
2335,CSW24,2,2,53.096000,50.920000,-2.176000,c9 HAG
2335,CSW24,3,3,47.829000,45.389000,-2.440000,b10 HE
2335,CSW24,4,6,47.013000,44.963000,-2.050000,b10 HAE
2335,CSW24,5,4,47.414000,44.899000,-2.515000,c3 GET
2335,CSW24,6,8,46.594000,44.770000,-1.824000,c1 ASHET
2335,CSW24,7,5,47.096000,44.576000,-2.520000,9h HAG
2335,CSW24,8,7,46.829000,44.554000,-2.275000,c3 HET
2335,CSW24,9,10,45.764000,43.750000,-2.014000,c9 HAGS
2335,CSW24,10,9,45.859000,43.344000,-2.515000,c3 GAT
2335,CSW24,11,11,45.455000,42.948000,-2.507000,b10 HA
2335,CSW24,12,12,44.892000,42.208000,-2.684000,3a HAG
2335,CSW24,13,14,44.455000,42.168000,-2.287000,c3 HAT
2335,CSW24,14,16,43.409000,41.826000,-1.583000,j8 SuQ
2335,CSW24,15,15,43.764000,41.102000,-2.662000,b11 HAGS
2335,CSW24,16,13,44.880000,41.102000,-3.778000,ex GQ
2335,CSW24,17,22,42.650000,40.569000,-2.081000,b10 HAES
2335,CSW24,18,21,42.749000,40.533000,-2.216000,j6 AGS
2335,CSW24,19,20,42.764000,40.131000,-2.633000,j8 SHAG
2335,CSW24,20,19,43.096000,40.000000,-3.096000,b11 HAG
2335,CSW24,21,23,42.578000,39.722000,-2.856000,g1 AGE
2335,CSW24,22,17,43.381000,39.603000,-3.778000,ex AGQ
2335,CSW24,23,18,43.323000,39.545000,-3.778000,ex Q
2335,CSW24,24,25,41.541000,39.109000,-2.432000,11d SH
2335,CSW24,25,26,41.455000,38.904000,-2.551000,c9 HA
2184,CSW24,1,1,14.975000,12.805000,-2.170000,9a DOPY
2184,CSW24,2,3,12.397000,11.353000,-1.044000,3j DAVY
2184,CSW24,3,2,14.403000,11.202000,-3.201000,6a PAYDAY
2184,CSW24,4,4,11.604000,10.357000,-1.247000,g3 YOD
2184,CSW24,5,5,11.604000,10.355000,-1.249000,i3 YOD
2184,CSW24,6,6,10.294000,9.134000,-1.160000,g3 YAP
2184,CSW24,7,7,9.441000,9.006000,-0.435000,j10 BaLMY
2184,CSW24,8,10,8.669000,8.227000,-0.442000,15d YAPOK
2184,CSW24,9,9,9.397000,8.124000,-1.273000,g3 YAD
2184,CSW24,10,8,9.410000,7.798000,-1.612000,9k HYPO
2184,CSW24,11,12,8.055000,7.468000,-0.587000,i14 OY
2184,CSW24,12,11,8.604000,6.978000,-1.626000,9b DOY
2184,CSW24,13,15,7.192000,6.543000,-0.649000,6d YAY
2184,CSW24,14,13,7.604000,6.519000,-1.085000,c9 YOD
2184,CSW24,15,14,7.410000,6.478000,-0.932000,15f POKY
2184,CSW24,16,16,7.029000,6.326000,-0.703000,6d PAY
2184,CSW24,17,19,6.294000,5.758000,-0.536000,6c APAY
2184,CSW24,18,21,6.294000,4.919000,-1.375000,9b PYA
2184,CSW24,19,25,5.651000,4.899000,-0.752000,6d DAY
2184,CSW24,20,20,6.294000,4.828000,-1.466000,9b PAY
2184,CSW24,21,17,6.397000,4.816000,-1.581000,9b DAY
2184,CSW24,22,18,6.294000,4.696000,-1.598000,g2 PYA
2184,CSW24,23,22,6.055000,4.522000,-1.533000,g3 YO
2184,CSW24,24,24,6.055000,4.515000,-1.540000,9c OY
2184,CSW24,25,23,6.055000,4.505000,-1.550000,i3 YO
2107,CSW24,1,2,44.516000,41.625000,-2.891000,1k JIVER
2107,CSW24,2,1,45.267000,40.046000,-5.221000,o7 WHIM
2107,CSW24,3,5,34.807000,32.754000,-2.053000,o1 WIRY
2107,CSW24,4,3,37.645000,32.389000,-5.256000,o7 WHIR
2107,CSW24,5,4,35.047000,31.918000,-3.129000,1l VIEW
2107,CSW24,6,6,32.194000,29.052000,-3.142000,1k WIVER
2107,CSW24,7,7,31.987000,26.745000,-5.242000,o7 MIRV
2107,CSW24,8,8,27.539000,25.364000,-2.175000,o1 MIRY
2107,CSW24,9,9,27.393000,24.225000,-3.168000,1k HIVER
2107,CSW24,10,10,24.685000,21.355000,-3.330000,1l VIER
2107,CSW24,11,11,23.539000,21.299000,-2.240000,o1 RIMY
2107,CSW24,12,12,22.413000,16.599000,-5.814000,o8 HIM
2107,CSW24,13,13,21.401000,15.695000,-5.706000,o8 HM
2107,CSW24,14,14,18.413000,13.276000,-5.137000,o7 HIM
2107,CSW24,15,15,15.988000,12.415000,-3.573000,1m HEW
2107,CSW24,16,20,13.460000,9.828000,-3.632000,1m WEM
2107,CSW24,17,19,13.460000,9.786000,-3.674000,1m MEW
2107,CSW24,18,26,10.605000,6.769000,-3.836000,1m REV
2107,CSW24,19,32,9.633000,6.280000,-3.353000,o1 HI
2107,CSW24,20,16,15.516000,5.970000,-9.546000,7k JIVER
2107,CSW24,21,35,9.401000,5.734000,-3.667000,1m MEH
2107,CSW24,22,34,9.401000,5.635000,-3.766000,1m HEM
2107,CSW24,23,18,14.401000,5.037000,-9.364000,15d HM
2107,CSW24,24,17,14.413000,5.032000,-9.381000,15g HIM
2107,CSW24,25,33,9.539000,4.113000,-5.426000,o7 MIR
2181,CSW24,1,1,34.068000,33.605000,-0.463000,12l FOU
2181,CSW24,2,2,31.887000,32.251000,0.364000,15h FURIES
2181,CSW24,3,3,29.497000,28.599000,-0.898000,n12 FEU
2181,CSW24,4,4,28.443000,28.575000,0.132000,12l FOUR
2181,CSW24,5,5,25.626000,24.335000,-1.291000,i2 RURU
2181,CSW24,6,6,24.854000,23.534000,-1.320000,14i FURIOUS
2181,CSW24,7,9,24.061000,23.245000,-0.816000,7j PUS
2181,CSW24,8,7,24.068000,22.445000,-1.623000,9m FUM
2181,CSW24,9,8,24.068000,22.435000,-1.633000,14l FOU
2181,CSW24,10,10,23.961000,22.143000,-1.818000,1g UR
2181,CSW24,11,12,22.497000,21.386000,-1.111000,d3 ENUF
2181,CSW24,12,16,21.047000,21.167000,0.120000,12l FOUS
2181,CSW24,13,13,22.497000,21.160000,-1.337000,n8 FEU
2181,CSW24,14,11,23.361000,20.923000,-2.438000,e11 CUIF
2181,CSW24,15,14,21.961000,20.152000,-1.809000,7i UP
2181,CSW24,16,17,21.043000,19.091000,-1.952000,d8 HUI
2181,CSW24,17,18,20.961000,19.045000,-1.916000,5d UR
2181,CSW24,18,24,20.027000,18.986000,-1.041000,n13 IF
2181,CSW24,19,15,21.171000,18.973000,-2.198000,ex UU
2181,CSW24,20,20,20.961000,18.920000,-2.041000,14m OU
2181,CSW24,21,19,20.961000,18.895000,-2.066000,9n UM
2181,CSW24,22,25,19.917000,18.786000,-1.131000,14j RUFOUS
2181,CSW24,23,23,20.068000,18.539000,-1.529000,4j FUB
2181,CSW24,24,26,19.682000,18.313000,-1.369000,i2 RUE
2181,CSW24,25,27,19.497000,18.154000,-1.343000,i5 FEU
2360,CSW24,1,1,27.987000,26.861000,-1.126000,10e JUN
2360,CSW24,2,2,27.519000,26.197000,-1.322000,1d JUTES
2360,CSW24,3,3,23.128000,21.973000,-1.155000,10e JIN
2360,CSW24,4,4,22.325000,20.878000,-1.447000,10e TUN
2360,CSW24,5,5,21.689000,20.163000,-1.526000,10c ETTIN
2360,CSW24,6,7,21.322000,19.908000,-1.414000,10e TIN
2360,CSW24,7,6,21.519000,19.724000,-1.795000,10c JUTE
2360,CSW24,8,8,21.099000,19.480000,-1.619000,n13 JET
2360,CSW24,9,9,19.891000,18.415000,-1.476000,1b JUTTIES
2360,CSW24,10,10,19.550000,17.962000,-1.588000,10d TEIN
2360,CSW24,11,12,17.956000,16.452000,-1.504000,10f UN
2360,CSW24,12,11,18.428000,16.124000,-2.304000,1k JUTTY
2360,CSW24,13,13,16.657000,15.149000,-1.508000,10f IN
2360,CSW24,14,14,16.402000,14.873000,-1.529000,10e TEN
2360,CSW24,15,15,14.715000,12.970000,-1.745000,2n JA
2360,CSW24,16,17,13.972000,12.304000,-1.668000,10d JEU
2360,CSW24,17,19,13.287000,11.663000,-1.624000,n13 JEE
2360,CSW24,18,18,13.313000,11.388000,-1.925000,3j UNITER
2360,CSW24,19,20,12.813000,10.789000,-2.024000,3j UNIT
2360,CSW24,20,21,12.437000,10.201000,-2.236000,4d INTUIT
2360,CSW24,21,22,11.479000,9.851000,-1.628000,g2 WET
2360,CSW24,22,16,14.625000,9.681000,-4.944000,10a TENUTI
2360,CSW24,23,23,11.479000,9.490000,-1.989000,i2 VET
2360,CSW24,24,27,10.922000,9.371000,-1.551000,10f EN
2360,CSW24,25,25,11.313000,9.283000,-2.030000,10b UNTIE
2246,CSW24,1,2,50.323000,52.349000,2.026000,12h QUATE
2246,CSW24,2,1,51.336000,51.820000,0.484000,12g EQUATE
2246,CSW24,3,3,35.783000,38.951000,3.168000,4d AQUAE
2246,CSW24,4,4,31.783000,31.641000,-0.142000,b11 AQUAE
2246,CSW24,5,5,29.475000,31.482000,2.007000,l12 AQUA
2246,CSW24,6,6,27.475000,29.174000,1.699000,4d AQUA
2246,CSW24,7,7,25.475000,26.392000,0.917000,b11 AQUA
2246,CSW24,8,8,24.816000,23.014000,-1.802000,7i CAB
2246,CSW24,9,9,23.424000,21.134000,-2.290000,9f EA
2246,CSW24,10,10,22.093000,21.128000,-0.965000,14l QUAI
2246,CSW24,11,11,21.584000,20.591000,-0.993000,12h ACETA
2246,CSW24,12,12,21.492000,19.552000,-1.940000,4d ACE
2246,CSW24,13,13,21.492000,19.487000,-2.005000,l12 ACE
2246,CSW24,14,16,20.093000,19.270000,-0.823000,15l QUAG
2246,CSW24,15,22,18.336000,19.190000,0.854000,10g QUAERE
2246,CSW24,16,14,20.424000,18.218000,-2.206000,3m EAU
2246,CSW24,17,15,20.424000,17.927000,-2.497000,5f AE
2246,CSW24,18,30,17.362000,17.807000,0.445000,h8 SACQUE
2246,CSW24,19,18,19.492000,17.566000,-1.926000,12i CATE
2246,CSW24,20,19,19.093000,17.511000,-1.582000,12h QUAT
2246,CSW24,21,17,19.492000,16.945000,-2.547000,10i ACRE
2246,CSW24,22,23,18.323000,16.798000,-1.525000,10h QUARE
2246,CSW24,23,24,18.126000,16.402000,-1.724000,7j AB
2246,CSW24,24,68,14.415000,16.331000,1.916000,12g ACUATE
2246,CSW24,25,20,18.424000,15.970000,-2.454000,b9 EA
2006,CSW24,1,1,80.000000,75.045000,-4.955000,l8 AIRlIFTS
2006,CSW24,2,2,72.000000,65.727000,-6.273000,13h FISTIAnA
2006,CSW24,3,3,64.235000,58.561000,-5.674000,l8 FIRST
2006,CSW24,4,8,60.969000,54.486000,-6.483000,n13 FIT
2006,CSW24,5,5,62.000000,54.024000,-7.976000,5h FASCIsTI
2006,CSW24,6,6,62.000000,54.006000,-7.994000,5h FAsCISTI
2006,CSW24,7,4,62.000000,53.951000,-8.049000,5h FASCITIs
2006,CSW24,8,7,62.000000,53.951000,-8.049000,5h FAsCITIS
2006,CSW24,9,10,60.308000,53.284000,-7.024000,n14 IF
2006,CSW24,10,9,60.308000,53.001000,-7.307000,l8 FIR
2006,CSW24,11,11,59.308000,51.327000,-7.981000,14b IF
2006,CSW24,12,16,54.914000,50.207000,-4.707000,1h TAI
2006,CSW24,13,13,55.302000,49.572000,-5.730000,l8 FARTS
2006,CSW24,14,12,57.969000,49.146000,-8.823000,l1 FRIT
2006,CSW24,15,14,55.185000,48.312000,-6.873000,l8 FIRS
2006,CSW24,16,17,54.914000,48.289000,-6.625000,c2 TAI
2006,CSW24,17,46,50.981000,47.274000,-3.707000,1h TAIS
2006,CSW24,18,21,53.477000,47.033000,-6.444000,12i FASTI
2006,CSW24,19,30,52.044000,46.943000,-5.101000,1h AI
2006,CSW24,20,32,51.947000,46.930000,-5.017000,h1 FIAT
2006,CSW24,21,18,54.866000,46.494000,-8.372000,14c FIAT
2006,CSW24,22,28,52.947000,46.464000,-6.483000,n13 FAT
2006,CSW24,23,37,51.362000,46.305000,-5.057000,1h TI
2006,CSW24,24,20,53.685000,46.302000,-7.383000,n13 FA
2006,CSW24,25,25,53.185000,46.248000,-6.937000,12k SIF
2282,CSW24,1,1,108.315000,105.130000,-3.185000,h1 GEEZ
2282,CSW24,2,2,83.860000,78.205000,-5.655000,f10 ZE
2282,CSW24,3,3,79.810000,74.432000,-5.378000,f10 ZERO
2282,CSW24,4,4,77.681000,72.176000,-5.505000,f10 ZEE
2282,CSW24,5,5,72.221000,66.994000,-5.227000,f10 ZEROS
2282,CSW24,6,6,67.921000,62.582000,-5.339000,f10 ZEES
2282,CSW24,7,7,59.107000,54.544000,-4.563000,h4 ZOA
2282,CSW24,8,8,58.854000,53.676000,-5.178000,c8 GROSZE
2282,CSW24,9,9,54.722000,49.057000,-5.665000,h2 REZ
2282,CSW24,10,11,51.860000,45.951000,-5.909000,c12 ZE
2282,CSW24,11,10,52.206000,45.889000,-6.317000,n6 SOGER
2282,CSW24,12,13,51.221000,45.067000,-6.154000,n2 ZEROS
2282,CSW24,13,14,49.860000,43.941000,-5.919000,j2 ZE
2282,CSW24,14,22,47.681000,43.505000,-4.176000,h1 ZEE
2282,CSW24,15,15,49.107000,43.024000,-6.083000,j2 ZO
2282,CSW24,16,31,45.921000,42.538000,-3.383000,h1 ZEES
2282,CSW24,17,23,47.366000,42.147000,-5.219000,h2 SOZ
2282,CSW24,18,12,51.822000,42.041000,-9.781000,n1 ZEROES
2282,CSW24,19,24,46.990000,41.863000,-5.127000,h2 SEZ
2282,CSW24,20,16,48.257000,41.805000,-6.452000,n2 REZES
2282,CSW24,21,21,48.206000,41.741000,-6.465000,n2 REGOS
2282,CSW24,22,17,48.206000,41.617000,-6.589000,n2 ERGOS
2282,CSW24,23,19,48.206000,41.602000,-6.604000,n2 GORES
2282,CSW24,24,18,48.206000,41.422000,-6.784000,n2 GOERS
2282,CSW24,25,20,48.206000,41.343000,-6.863000,n2 OGRES
2097,CSW24,1,1,21.572000,17.608000,-3.964000,4d VID
2097,CSW24,2,2,17.210000,13.294000,-3.916000,4h HID
2097,CSW24,3,4,16.210000,12.198000,-4.012000,4d HID
2097,CSW24,4,3,16.591000,12.164000,-4.427000,4b DIVI
2097,CSW24,5,7,14.572000,10.499000,-4.073000,7d VID
2097,CSW24,6,6,14.572000,10.239000,-4.333000,7c VID
2097,CSW24,7,9,13.482000,10.050000,-3.432000,k3 VINA
2097,CSW24,8,10,13.244000,9.756000,-3.488000,5k DUH
2097,CSW24,9,5,14.572000,9.530000,-5.042000,7c DIV
2097,CSW24,10,8,14.288000,9.190000,-5.098000,7c HIND
2097,CSW24,11,11,12.482000,8.466000,-4.016000,4d VIN
2097,CSW24,12,13,10.795000,6.846000,-3.949000,4h HIN
2097,CSW24,13,15,10.323000,6.834000,-3.489000,5k HUN
2097,CSW24,14,12,10.937000,5.118000,-5.819000,b6 VINIC
2097,CSW24,15,20,8.570000,5.099000,-3.471000,5k HUI
2097,CSW24,16,16,9.591000,4.827000,-4.764000,7b DIVI
2097,CSW24,17,19,8.750000,4.674000,-4.076000,4d DID
2097,CSW24,18,14,10.591000,4.613000,-5.978000,15c DIVI
2097,CSW24,19,18,9.210000,4.493000,-4.717000,7d HID
2097,CSW24,20,17,9.210000,4.241000,-4.969000,7c HID
2097,CSW24,21,21,7.795000,3.558000,-4.237000,4d HIN
2097,CSW24,22,23,7.570000,3.425000,-4.145000,4h HI
2097,CSW24,23,25,7.208000,3.050000,-4.158000,4d NID
2097,CSW24,24,26,6.482000,1.953000,-4.529000,7c VIN
2097,CSW24,25,27,6.208000,1.944000,-4.264000,4d DIN
2357,CSW24,1,1,23.292000,20.139000,-3.153000,i12 EYOT
2357,CSW24,2,3,21.034000,17.376000,-3.658000,11j OYE
2357,CSW24,3,2,21.103000,16.349000,-4.754000,15a TAILYE
2357,CSW24,4,4,20.080000,16.191000,-3.889000,h4 YITIE
2357,CSW24,5,5,19.255000,15.566000,-3.689000,2i OY
2357,CSW24,6,6,18.034000,14.129000,-3.905000,11i OYE
2357,CSW24,7,8,17.292000,14.002000,-3.290000,c11 EYOT
2357,CSW24,8,9,17.292000,13.347000,-3.945000,c12 YOTE
2357,CSW24,9,7,17.441000,13.055000,-4.386000,c12 IOTA
2357,CSW24,10,10,16.255000,12.521000,-3.734000,11j OY
2357,CSW24,11,12,16.034000,12.502000,-3.532000,c11 OYE
2357,CSW24,12,15,15.778000,12.336000,-3.442000,11i TOY
2357,CSW24,13,14,15.912000,12.199000,-3.713000,2i AY
2357,CSW24,14,11,16.255000,12.153000,-4.102000,11k YO
2357,CSW24,15,17,15.292000,11.851000,-3.441000,e11 EYOT
2357,CSW24,16,13,16.034000,11.505000,-4.529000,c13 OYE
2357,CSW24,17,19,15.094000,11.165000,-3.929000,11j YAE
2357,CSW24,18,18,15.255000,11.066000,-4.189000,i13 YO
2357,CSW24,19,20,15.094000,11.032000,-4.062000,11j YEA
2357,CSW24,20,23,14.899000,10.942000,-3.957000,c12 YATE
2357,CSW24,21,26,14.094000,10.506000,-3.588000,e11 YEA
2357,CSW24,22,22,14.970000,10.432000,-4.538000,11b YONI
2357,CSW24,23,28,14.034000,10.377000,-3.657000,e11 OYE
2357,CSW24,24,27,14.094000,10.297000,-3.797000,i12 YEA
2357,CSW24,25,16,15.508000,10.121000,-5.387000,15a AIOLI
2212,CSW24,1,1,73.000000,64.856000,-8.144000,2f TROPHIES
2212,CSW24,2,2,50.694000,44.365000,-6.329000,m12 POH
2212,CSW24,3,4,42.869000,38.551000,-4.318000,1i PHOBIST
2212,CSW24,4,3,43.624000,37.094000,-6.530000,13a RIPT
2212,CSW24,5,5,41.873000,35.595000,-6.278000,m12 TORI
2212,CSW24,6,11,40.320000,35.003000,-5.317000,1l BOTH
2212,CSW24,7,6,41.244000,34.884000,-6.360000,b14 HI
2212,CSW24,8,14,39.700000,34.600000,-5.100000,1h THROB
2212,CSW24,9,7,40.950000,34.060000,-6.890000,m13 OH
2212,CSW24,10,8,40.940000,33.901000,-7.039000,c2 HIP
2212,CSW24,11,9,40.464000,33.613000,-6.851000,m12 POT
2212,CSW24,12,12,39.950000,33.588000,-6.362000,b14 HO
2212,CSW24,13,10,40.323000,33.402000,-6.921000,m12 PO
2212,CSW24,14,13,39.843000,32.853000,-6.990000,13a RIP
2212,CSW24,15,19,37.792000,31.864000,-5.928000,n9 THORPS
2212,CSW24,16,20,37.522000,31.765000,-5.757000,n9 THRIPS
2212,CSW24,17,15,38.940000,31.584000,-7.356000,13l WHIP
2212,CSW24,18,17,38.325000,31.532000,-6.793000,m12 POI
2212,CSW24,19,16,38.694000,31.224000,-7.470000,13l WHOP
2212,CSW24,20,18,37.843000,31.205000,-6.638000,b14 PI
2212,CSW24,21,21,37.323000,30.548000,-6.775000,b14 PO
2212,CSW24,22,22,37.110000,30.172000,-6.938000,n9 TROPHI
2212,CSW24,23,24,36.244000,29.252000,-6.992000,m14 HI
2212,CSW24,24,33,33.929000,29.205000,-4.724000,1i PROBITS
2212,CSW24,25,23,36.710000,29.181000,-7.529000,2j PIERT
2269,CSW24,1,1,89.000000,87.553000,-1.447000,15b SADDINg
2269,CSW24,2,2,86.000000,84.576000,-1.424000,15b SDAINeD
2269,CSW24,3,3,68.000000,67.976000,-0.024000,l2 cANDIDAS
2269,CSW24,4,5,67.090000,66.354000,-0.736000,m3 DADS
2269,CSW24,5,7,66.194000,64.369000,-1.825000,m3 DAD
2269,CSW24,6,4,67.529000,63.306000,-4.223000,c12 QADI
2269,CSW24,7,6,66.529000,62.270000,-4.259000,c12 QAID
2269,CSW24,8,8,62.848000,61.833000,-1.015000,m3 DANS
2269,CSW24,9,10,62.566000,60.925000,-1.641000,13b TIN
2269,CSW24,10,9,62.566000,60.901000,-1.665000,c12 QIN
2269,CSW24,11,12,61.848000,60.749000,-1.099000,m3 SAND
2269,CSW24,12,11,62.497000,60.482000,-2.015000,m3 DAN
2269,CSW24,13,14,59.588000,58.346000,-1.242000,13b TINS
2269,CSW24,14,13,60.049000,57.766000,-2.283000,e3 NIDATED
2269,CSW24,15,15,59.194000,56.774000,-2.420000,e5 DATED
2269,CSW24,16,16,58.605000,56.185000,-2.420000,m3 DA
2269,CSW24,17,18,57.716000,55.845000,-1.871000,13b TI
2269,CSW24,18,17,58.194000,55.780000,-2.414000,a13 ADD
2269,CSW24,19,19,57.647000,55.479000,-2.168000,13g IDS
2269,CSW24,20,21,57.535000,55.365000,-2.170000,13g ADS
2269,CSW24,21,23,56.546000,54.940000,-1.606000,13b TIS
2269,CSW24,22,22,56.546000,54.884000,-1.662000,c12 QIS
2269,CSW24,23,24,56.535000,54.445000,-2.090000,m3 SAD
2269,CSW24,24,25,56.194000,53.840000,-2.354000,m4 ADD
2269,CSW24,25,26,56.194000,53.704000,-2.490000,e11 DUAD
2194,CSW24,1,2,32.792000,33.845000,1.053000,11h WEEM
2194,CSW24,2,1,32.792000,33.325000,0.533000,c3 WEEM
2194,CSW24,3,3,30.909000,31.126000,0.217000,c3 WEED
2194,CSW24,4,4,29.909000,30.579000,0.670000,11h WEED
2194,CSW24,5,5,29.792000,30.494000,0.702000,11k WEEM
2194,CSW24,6,6,28.909000,29.402000,0.493000,11k WEED
2194,CSW24,7,7,27.642000,27.797000,0.155000,11j EWE
2194,CSW24,8,8,26.642000,26.798000,0.156000,11i EEW
2194,CSW24,9,9,26.642000,26.641000,-0.001000,11k WEE
2194,CSW24,10,11,25.760000,25.470000,-0.290000,11j EW
2194,CSW24,11,10,25.760000,25.190000,-0.570000,b10 WE
2194,CSW24,12,12,24.893000,24.557000,-0.336000,8m MEW
2194,CSW24,13,13,23.760000,23.370000,-0.390000,11k WE
2194,CSW24,14,14,22.642000,21.827000,-0.815000,c3 WEE
2194,CSW24,15,15,21.760000,20.754000,-1.006000,c3 WE
2194,CSW24,16,18,19.870000,20.357000,0.487000,11h DEEM
2194,CSW24,17,16,21.225000,20.251000,-0.974000,8m MEU
2194,CSW24,18,17,20.613000,19.675000,-0.938000,b10 MU
2194,CSW24,19,21,18.870000,19.285000,0.415000,11h MEED
2194,CSW24,20,19,19.626000,19.219000,-0.407000,8m DEW
2194,CSW24,21,20,18.870000,18.716000,-0.154000,c3 MEED
2194,CSW24,22,23,18.116000,18.068000,-0.048000,11k IDEM
2194,CSW24,23,24,17.888000,17.849000,-0.039000,11j EIDE
2194,CSW24,24,25,17.870000,17.669000,-0.201000,c3 DEEM
2194,CSW24,25,27,16.870000,17.018000,0.148000,11k MEED
