loaded config with command: set -threads 1 -savesettings false -hr false -numplays 15 -ima 0 -minp 100 -autosave false -fgrequired false
seed: 1785268284
loaded config with command: set -lex CSW24 -k1 CSW24 -k2 CSW24 -wmp true -rit true -ritmmap true -wit true -winpct winpct -s1 equity -s2 equity -r1 all -r2 all -numplays 15 -plies 2 -tlim 0.10000000000000001 -it 2147483647 -minplayiterations 100000 -sinfer false -threads 10 -pfrequency 0 -hr false -savesettings false -autosavegcg false -fgrequired false -klv3fallback -1 -seed 5425806429448716611
seed: 5425806429448716611

   ＡＢＣＤＥＦＧＨＩＪＫＬＭＮＯ  ➤ Player 1           0
  ┏━━━━━━━━━━━━━━━━━━━━━━━━━━━━━━┓   Player 2           0
 1┃＝　　＇　　　＝　　　＇　　＝┃   
 2┃　－　　　＂　　　＂　　　－　┃   Unseen: 100 (42v | 56c)
 3┃　　－　　　＇　＇　　　－　　┃   ? ? A A A A A A A A 
 4┃＇　　－　　　＇　　　－　　＇┃   A B B C C D D D D E 
 5┃　　　　－　　　　　－　　　　┃   E E E E E E E E E E 
 6┃　＂　　　＂　　　＂　　　＂　┃   E F F G G G H H I I 
 7┃　　＇　　　＇　＇　　　＇　　┃   I I I I I I I J K L 
 8┃＝　　＇　　　－　　　＇　　＝┃   L L L M M N N N N N 
 9┃　　＇　　　＇　＇　　　＇　　┃   N O O O O O O O O P 
10┃　＂　　　＂　　　＂　　　＂　┃   P Q R R R R R R S S 
11┃　　　　－　　　　　－　　　　┃   S S T T T T T T U U 
12┃＇　　－　　　＇　　　－　　＇┃   U U V V W W X Y Y Z 
13┃　　－　　　＇　＇　　　－　　┃   
14┃　－　　　＂　　　＂　　　－　┃   
15┃＝　　＇　　　＝　　　＇　　＝┃   
  ┗━━━━━━━━━━━━━━━━━━━━━━━━━━━━━━┛ 

loaded config with command: newgame
seed: 5425806429448716612
loaded config with command: rack AEINRST
seed: 5425806429448716613
   ＡＢＣＤＥＦＧＨＩＪＫＬＭＮＯ  ➤ Player 1  AEINRST  0    1:   8B ANESTRI  66 66.00 
  ┏━━━━━━━━━━━━━━━━━━━━━━━━━━━━━━┓   Player 2           0    2:   8C RATINES  66 66.00 
 1┃＝　　＇　　　＝　　　＇　　＝┃                           3:   8C RETINAS  66 66.00 
 2┃　－　　　＂　　　＂　　　－　┃   Unseen: 93 (39v | 52c)  4:   8C STAINER  66 66.00 
 3┃　　－　　　＇　＇　　　－　　┃   ? ? A A A A A A A A     5:   8C STEARIN  66 66.00 
 4┃＇　　－　　　＇　　　－　　＇┃   B B C C D D D D E E     6:   8D ANESTRI  66 66.00 
 5┃　　　　－　　　　　－　　　　┃   E E E E E E E E E F     7:   8D RETSINA  66 66.00 
 6┃　＂　　　＂　　　＂　　　＂　┃   F G G G H H I I I I     8:   8F ANESTRI  66 66.00 
 7┃　　＇　　　＇　＇　　　＇　　┃   I I I I J K L L L L     9:   8F ANTSIER  66 66.00 
 8┃＝　　＇　　　－　　　＇　　＝┃   M M N N N N N O O O     10:  8F STARNIE  66 66.00 
 9┃　　＇　　　＇　＇　　　＇　　┃   O O O O O P P Q R R     11:  8G NASTIER  66 66.00 
10┃　＂　　　＂　　　＂　　　＂　┃   R R R S S S T T T T     12:  8G RATINES  66 66.00 
11┃　　　　－　　　　　－　　　　┃   T U U U U V V W W X     13:  8G RESIANT  66 66.00 
12┃＇　　－　　　＇　　　－　　＇┃   Y Y Z                   14:  8G RETAINS  66 66.00 
13┃　　－　　　＇　＇　　　－　　┃                           15:  8G RETINAS  66 66.00 
14┃　－　　　＂　　　＂　　　－　┃                           
15┃＝　　＇　　　＝　　　＇　　＝┃                           Showing 15 of 15 plays
  ┗━━━━━━━━━━━━━━━━━━━━━━━━━━━━━━┛                           
                                                             
                                                             
loaded config with command: generate
seed: 5425806429448716614
loaded config with command: set -threads 1 -savesettings false -hr false -numplays 15 -ima 0 -minp 100 -autosave false -fgrequired false
seed: 1785268284
loaded config with command: set -lex CSW24 -k1 CSW24_klv3_ctx400 -k2 CSW24_klv3_ctx400 -wmp true -rit true -ritmmap true -wit true -winpct winpct -s1 equity -s2 equity -r1 all -r2 all -numplays 15 -plies 2 -tlim 0.10000000000000001 -it 2147483647 -minplayiterations 100000 -sinfer false -threads 10 -pfrequency 0 -hr false -savesettings false -autosavegcg false -fgrequired false -klv3fallback -1 -seed 5425806429448716611
seed: 5425806429448716611

   ＡＢＣＤＥＦＧＨＩＪＫＬＭＮＯ  ➤ Player 1           0
  ┏━━━━━━━━━━━━━━━━━━━━━━━━━━━━━━┓   Player 2           0
 1┃＝　　＇　　　＝　　　＇　　＝┃   
 2┃　－　　　＂　　　＂　　　－　┃   Unseen: 100 (42v | 56c)
 3┃　　－　　　＇　＇　　　－　　┃   ? ? A A A A A A A A 
 4┃＇　　－　　　＇　　　－　　＇┃   A B B C C D D D D E 
 5┃　　　　－　　　　　－　　　　┃   E E E E E E E E E E 
 6┃　＂　　　＂　　　＂　　　＂　┃   E F F G G G H H I I 
 7┃　　＇　　　＇　＇　　　＇　　┃   I I I I I I I J K L 
 8┃＝　　＇　　　－　　　＇　　＝┃   L L L M M N N N N N 
 9┃　　＇　　　＇　＇　　　＇　　┃   N O O O O O O O O P 
10┃　＂　　　＂　　　＂　　　＂　┃   P Q R R R R R R S S 
11┃　　　　－　　　　　－　　　　┃   S S T T T T T T U U 
12┃＇　　－　　　＇　　　－　　＇┃   U U V V W W X Y Y Z 
13┃　　－　　　＇　＇　　　－　　┃   
14┃　－　　　＂　　　＂　　　－　┃   
15┃＝　　＇　　　＝　　　＇　　＝┃   
  ┗━━━━━━━━━━━━━━━━━━━━━━━━━━━━━━┛ 

loaded config with command: newgame
seed: 5425806429448716612
loaded config with command: rack AEINRST
seed: 5425806429448716613
   ＡＢＣＤＥＦＧＨＩＪＫＬＭＮＯ  ➤ Player 1  AEINRST  0    1:   8B ANESTRI  66 66.00 
  ┏━━━━━━━━━━━━━━━━━━━━━━━━━━━━━━┓   Player 2           0    2:   8C RATINES  66 66.00 
 1┃＝　　＇　　　＝　　　＇　　＝┃                           3:   8C RETINAS  66 66.00 
 2┃　－　　　＂　　　＂　　　－　┃   Unseen: 93 (39v | 52c)  4:   8C STAINER  66 66.00 
 3┃　　－　　　＇　＇　　　－　　┃   ? ? A A A A A A A A     5:   8C STEARIN  66 66.00 
 4┃＇　　－　　　＇　　　－　　＇┃   B B C C D D D D E E     6:   8D ANESTRI  66 66.00 
 5┃　　　　－　　　　　－　　　　┃   E E E E E E E E E F     7:   8D RETSINA  66 66.00 
 6┃　＂　　　＂　　　＂　　　＂　┃   F G G G H H I I I I     8:   8F ANESTRI  66 66.00 
 7┃　　＇　　　＇　＇　　　＇　　┃   I I I I J K L L L L     9:   8F ANTSIER  66 66.00 
 8┃＝　　＇　　　－　　　＇　　＝┃   M M N N N N N O O O     10:  8F STARNIE  66 66.00 
 9┃　　＇　　　＇　＇　　　＇　　┃   O O O O O P P Q R R     11:  8G NASTIER  66 66.00 
10┃　＂　　　＂　　　＂　　　＂　┃   R R R S S S T T T T     12:  8G RATINES  66 66.00 
11┃　　　　－　　　　　－　　　　┃   T U U U U V V W W X     13:  8G RESIANT  66 66.00 
12┃＇　　－　　　＇　　　－　　＇┃   Y Y Z                   14:  8G RETAINS  66 66.00 
13┃　　－　　　＇　＇　　　－　　┃                           15:  8G RETINAS  66 66.00 
14┃　－　　　＂　　　＂　　　－　┃                           
15┃＝　　＇　　　＝　　　＇　　＝┃                           Showing 15 of 15 plays
  ┗━━━━━━━━━━━━━━━━━━━━━━━━━━━━━━┛                           
                                                             
                                                             
loaded config with command: generate
seed: 5425806429448716614
COMBINED_SWEEP_CONFIG files=obj/combined-candidates-terminal-oracle-bag50-644x60x256-fixed-20260728.log skip_positions=0 max_positions=644 node_budget_per_position=299999 total_iterations=42857 sim_plies=6 selector=klv3_plus_positional similarity_check_plays=10 adjustment_scale_thousandths=750 rollout=klv2 horizon_leave=klv2 sampling_rule=top_two_ids cells=1 wall_seconds=0.000
COMBINED_SWEEP_POSITION position=30000 game=8500 bag=86 num_plies=6 num_plays=60 min_play_iterations=71 selected_source_rank=0 oracle_best_source_rank=8 candidate_best_source_rank=8 candidate_regret=0.000000000 sampling_regret=0.042188689 total_regret=0.042188689 spread_delta=-12.812500000 iterations=42857 nodes=299999 node_shortfall=0
COMBINED_SWEEP_POSITION position=30001 game=8500 bag=81 num_plies=6 num_plays=60 min_play_iterations=71 selected_source_rank=0 oracle_best_source_rank=2 candidate_best_source_rank=2 candidate_regret=0.000000000 sampling_regret=0.023741157 total_regret=0.023741157 spread_delta=-5.585937500 iterations=42857 nodes=299999 node_shortfall=0
COMBINED_SWEEP_POSITION position=30002 game=8500 bag=74 num_plies=6 num_plays=60 min_play_iterations=71 selected_source_rank=0 oracle_best_source_rank=1 candidate_best_source_rank=1 candidate_regret=0.000000000 sampling_regret=0.016421358 total_regret=0.016421358 spread_delta=-3.699218750 iterations=42857 nodes=299999 node_shortfall=0
COMBINED_SWEEP_POSITION position=30003 game=8500 bag=73 num_plies=6 num_plays=60 min_play_iterations=71 selected_source_rank=3 oracle_best_source_rank=3 candidate_best_source_rank=3 candidate_regret=0.000000000 sampling_regret=0.000000000 total_regret=0.000000000 spread_delta=+0.000000000 iterations=42857 nodes=299999 node_shortfall=0
COMBINED_SWEEP_POSITION position=30004 game=8500 bag=69 num_plies=6 num_plays=60 min_play_iterations=71 selected_source_rank=0 oracle_best_source_rank=0 candidate_best_source_rank=0 candidate_regret=0.000000000 sampling_regret=0.000000000 total_regret=0.000000000 spread_delta=+0.000000000 iterations=42857 nodes=299999 node_shortfall=0
COMBINED_SWEEP_POSITION position=30005 game=8500 bag=62 num_plies=6 num_plays=60 min_play_iterations=71 selected_source_rank=2 oracle_best_source_rank=1 candidate_best_source_rank=1 candidate_regret=0.000000000 sampling_regret=0.027846224 total_regret=0.027846224 spread_delta=-4.230468750 iterations=42857 nodes=299999 node_shortfall=0
COMBINED_SWEEP_POSITION position=30006 game=8500 bag=59 num_plies=6 num_plays=60 min_play_iterations=71 selected_source_rank=0 oracle_best_source_rank=1 candidate_best_source_rank=1 candidate_regret=0.000000000 sampling_regret=0.006477643 total_regret=0.006477643 spread_delta=+3.136718750 iterations=42857 nodes=299999 node_shortfall=0
COMBINED_SWEEP_POSITION position=30007 game=8500 bag=55 num_plies=6 num_plays=60 min_play_iterations=71 selected_source_rank=0 oracle_best_source_rank=6 candidate_best_source_rank=6 candidate_regret=0.000000000 sampling_regret=0.002544274 total_regret=0.002544274 spread_delta=+4.089843750 iterations=42857 nodes=299999 node_shortfall=0
COMBINED_SWEEP_POSITION position=30013 game=8501 bag=86 num_plies=6 num_plays=60 min_play_iterations=71 selected_source_rank=0 oracle_best_source_rank=12 candidate_best_source_rank=12 candidate_regret=0.000000000 sampling_regret=0.037926797 total_regret=0.037926797 spread_delta=+2.687500000 iterations=42857 nodes=299999 node_shortfall=0
COMBINED_SWEEP_POSITION position=30014 game=8501 bag=81 num_plies=6 num_plays=60 min_play_iterations=71 selected_source_rank=0 oracle_best_source_rank=0 candidate_best_source_rank=0 candidate_regret=0.000000000 sampling_regret=0.000000000 total_regret=0.000000000 spread_delta=+0.000000000 iterations=42857 nodes=299999 node_shortfall=0
COMBINED_SWEEP_POSITION position=30015 game=8501 bag=74 num_plies=6 num_plays=60 min_play_iterations=71 selected_source_rank=5 oracle_best_source_rank=0 candidate_best_source_rank=0 candidate_regret=0.000000000 sampling_regret=0.024033146 total_regret=0.024033146 spread_delta=-2.960937500 iterations=42857 nodes=299999 node_shortfall=0
COMBINED_SWEEP_POSITION position=30016 game=8501 bag=70 num_plies=6 num_plays=60 min_play_iterations=71 selected_source_rank=1 oracle_best_source_rank=2 candidate_best_source_rank=2 candidate_regret=0.000000000 sampling_regret=0.029849874 total_regret=0.029849874 spread_delta=+1.238281250 iterations=42857 nodes=299999 node_shortfall=0
COMBINED_SWEEP_POSITION position=30017 game=8501 bag=67 num_plies=6 num_plays=60 min_play_iterations=71 selected_source_rank=0 oracle_best_source_rank=0 candidate_best_source_rank=0 candidate_regret=0.000000000 sampling_regret=0.000000000 total_regret=0.000000000 spread_delta=+0.000000000 iterations=42857 nodes=299999 node_shortfall=0
COMBINED_SWEEP_POSITION position=30018 game=8501 bag=64 num_plies=6 num_plays=60 min_play_iterations=71 selected_source_rank=0 oracle_best_source_rank=0 candidate_best_source_rank=0 candidate_regret=0.000000000 sampling_regret=0.000000000 total_regret=0.000000000 spread_delta=+0.000000000 iterations=42857 nodes=299999 node_shortfall=0
COMBINED_SWEEP_POSITION position=30019 game=8501 bag=57 num_plies=6 num_plays=60 min_play_iterations=71 selected_source_rank=1 oracle_best_source_rank=1 candidate_best_source_rank=1 candidate_regret=0.000000000 sampling_regret=0.000000000 total_regret=0.000000000 spread_delta=+0.000000000 iterations=42857 nodes=299999 node_shortfall=0
COMBINED_SWEEP_POSITION position=30020 game=8501 bag=55 num_plies=6 num_plays=60 min_play_iterations=71 selected_source_rank=0 oracle_best_source_rank=0 candidate_best_source_rank=0 candidate_regret=0.000000000 sampling_regret=0.000000000 total_regret=0.000000000 spread_delta=+0.000000000 iterations=42857 nodes=299999 node_shortfall=0
COMBINED_SWEEP_POSITION position=30025 game=8502 bag=86 num_plies=6 num_plays=60 min_play_iterations=71 selected_source_rank=2 oracle_best_source_rank=1 candidate_best_source_rank=1 candidate_regret=0.000000000 sampling_regret=0.004527917 total_regret=0.004527917 spread_delta=+0.683593750 iterations=42857 nodes=299999 node_shortfall=0
COMBINED_SWEEP_POSITION position=30026 game=8502 bag=81 num_plies=6 num_plays=60 min_play_iterations=71 selected_source_rank=1 oracle_best_source_rank=2 candidate_best_source_rank=2 candidate_regret=0.000000000 sampling_regret=0.031165226 total_regret=0.031165226 spread_delta=-10.898437500 iterations=42857 nodes=299999 node_shortfall=0
COMBINED_SWEEP_POSITION position=30027 game=8502 bag=74 num_plies=6 num_plays=60 min_play_iterations=71 selected_source_rank=15 oracle_best_source_rank=34 candidate_best_source_rank=34 candidate_regret=0.000000000 sampling_regret=0.037200556 total_regret=0.037200556 spread_delta=-3.007812500 iterations=42857 nodes=299999 node_shortfall=0
COMBINED_SWEEP_POSITION position=30028 game=8502 bag=70 num_plies=6 num_plays=60 min_play_iterations=71 selected_source_rank=3 oracle_best_source_rank=5 candidate_best_source_rank=5 candidate_regret=0.000000000 sampling_regret=0.064959241 total_regret=0.064959241 spread_delta=-7.972656250 iterations=42857 nodes=299999 node_shortfall=0
COMBINED_SWEEP_POSITION position=30029 game=8502 bag=67 num_plies=6 num_plays=60 min_play_iterations=71 selected_source_rank=0 oracle_best_source_rank=0 candidate_best_source_rank=0 candidate_regret=0.000000000 sampling_regret=0.000000000 total_regret=0.000000000 spread_delta=+0.000000000 iterations=42857 nodes=299999 node_shortfall=0
COMBINED_SWEEP_POSITION position=30030 game=8502 bag=64 num_plies=6 num_plays=60 min_play_iterations=71 selected_source_rank=0 oracle_best_source_rank=1 candidate_best_source_rank=1 candidate_regret=0.000000000 sampling_regret=0.026168768 total_regret=0.026168768 spread_delta=-7.339843750 iterations=42857 nodes=299999 node_shortfall=0
COMBINED_SWEEP_POSITION position=30031 game=8502 bag=57 num_plies=6 num_plays=60 min_play_iterations=71 selected_source_rank=1 oracle_best_source_rank=0 candidate_best_source_rank=0 candidate_regret=0.000000000 sampling_regret=0.019356710 total_regret=0.019356710 spread_delta=-4.621093750 iterations=42857 nodes=299999 node_shortfall=0
COMBINED_SWEEP_POSITION position=30032 game=8502 bag=52 num_plies=6 num_plays=60 min_play_iterations=71 selected_source_rank=2 oracle_best_source_rank=7 candidate_best_source_rank=7 candidate_regret=0.000000000 sampling_regret=0.025658873 total_regret=0.025658873 spread_delta=-0.066406250 iterations=42857 nodes=299999 node_shortfall=0
COMBINED_SWEEP_POSITION position=30033 game=8502 bag=50 num_plies=6 num_plays=60 min_play_iterations=71 selected_source_rank=0 oracle_best_source_rank=0 candidate_best_source_rank=0 candidate_regret=0.000000000 sampling_regret=0.000000000 total_regret=0.000000000 spread_delta=+0.000000000 iterations=42857 nodes=299999 node_shortfall=0
COMBINED_SWEEP_POSITION position=30038 game=8503 bag=86 num_plies=6 num_plays=60 min_play_iterations=71 selected_source_rank=0 oracle_best_source_rank=0 candidate_best_source_rank=0 candidate_regret=0.000000000 sampling_regret=0.000000000 total_regret=0.000000000 spread_delta=+0.000000000 iterations=42857 nodes=299999 node_shortfall=0
COMBINED_SWEEP_POSITION position=30039 game=8503 bag=81 num_plies=6 num_plays=60 min_play_iterations=71 selected_source_rank=1 oracle_best_source_rank=0 candidate_best_source_rank=0 candidate_regret=0.000000000 sampling_regret=0.004363545 total_regret=0.004363545 spread_delta=-5.722656250 iterations=42857 nodes=299999 node_shortfall=0
COMBINED_SWEEP_POSITION position=30040 game=8503 bag=78 num_plies=6 num_plays=60 min_play_iterations=71 selected_source_rank=0 oracle_best_source_rank=10 candidate_best_source_rank=10 candidate_regret=0.000000000 sampling_regret=0.050374866 total_regret=0.050374866 spread_delta=-5.226562500 iterations=42857 nodes=299999 node_shortfall=0
COMBINED_SWEEP_POSITION position=30041 game=8503 bag=76 num_plies=6 num_plays=60 min_play_iterations=71 selected_source_rank=0 oracle_best_source_rank=0 candidate_best_source_rank=0 candidate_regret=0.000000000 sampling_regret=0.000000000 total_regret=0.000000000 spread_delta=+0.000000000 iterations=42857 nodes=299999 node_shortfall=0
COMBINED_SWEEP_POSITION position=30042 game=8503 bag=69 num_plies=6 num_plays=60 min_play_iterations=71 selected_source_rank=1 oracle_best_source_rank=3 candidate_best_source_rank=3 candidate_regret=0.000000000 sampling_regret=0.066078126 total_regret=0.066078126 spread_delta=-10.539062500 iterations=42857 nodes=299999 node_shortfall=0
COMBINED_SWEEP_POSITION position=30043 game=8503 bag=62 num_plies=6 num_plays=60 min_play_iterations=71 selected_source_rank=1 oracle_best_source_rank=2 candidate_best_source_rank=2 candidate_regret=0.000000000 sampling_regret=0.047900538 total_regret=0.047900538 spread_delta=-4.781250000 iterations=42857 nodes=299999 node_shortfall=0
COMBINED_SWEEP_POSITION position=30044 game=8503 bag=58 num_plies=6 num_plays=60 min_play_iterations=71 selected_source_rank=7 oracle_best_source_rank=7 candidate_best_source_rank=7 candidate_regret=0.000000000 sampling_regret=0.000000000 total_regret=0.000000000 spread_delta=+0.000000000 iterations=42857 nodes=299999 node_shortfall=0
COMBINED_SWEEP_POSITION position=30045 game=8503 bag=52 num_plies=6 num_plays=60 min_play_iterations=71 selected_source_rank=22 oracle_best_source_rank=19 candidate_best_source_rank=19 candidate_regret=0.000000000 sampling_regret=0.045087831 total_regret=0.045087831 spread_delta=-4.339843750 iterations=42857 nodes=299999 node_shortfall=0
COMBINED_SWEEP_POSITION position=30052 game=8504 bag=86 num_plies=6 num_plays=60 min_play_iterations=71 selected_source_rank=3 oracle_best_source_rank=0 candidate_best_source_rank=0 candidate_regret=0.000000000 sampling_regret=0.003367064 total_regret=0.003367064 spread_delta=-1.160156250 iterations=42857 nodes=299999 node_shortfall=0
COMBINED_SWEEP_POSITION position=30053 game=8504 bag=83 num_plies=6 num_plays=60 min_play_iterations=71 selected_source_rank=0 oracle_best_source_rank=0 candidate_best_source_rank=0 candidate_regret=0.000000000 sampling_regret=0.000000000 total_regret=0.000000000 spread_delta=+0.000000000 iterations=42857 nodes=299999 node_shortfall=0
COMBINED_SWEEP_POSITION position=30054 game=8504 bag=81 num_plies=6 num_plays=60 min_play_iterations=71 selected_source_rank=7 oracle_best_source_rank=22 candidate_best_source_rank=22 candidate_regret=0.000000000 sampling_regret=0.030290513 total_regret=0.030290513 spread_delta=-2.507812500 iterations=42857 nodes=299999 node_shortfall=0
COMBINED_SWEEP_POSITION position=30055 game=8504 bag=77 num_plies=6 num_plays=60 min_play_iterations=71 selected_source_rank=0 oracle_best_source_rank=0 candidate_best_source_rank=0 candidate_regret=0.000000000 sampling_regret=0.000000000 total_regret=0.000000000 spread_delta=+0.000000000 iterations=42857 nodes=299999 node_shortfall=0
COMBINED_SWEEP_POSITION position=30056 game=8504 bag=73 num_plies=6 num_plays=60 min_play_iterations=71 selected_source_rank=1 oracle_best_source_rank=9 candidate_best_source_rank=9 candidate_regret=0.000000000 sampling_regret=0.037750733 total_regret=0.037750733 spread_delta=-10.242187500 iterations=42857 nodes=299999 node_shortfall=0
COMBINED_SWEEP_POSITION position=30057 game=8504 bag=68 num_plies=6 num_plays=60 min_play_iterations=71 selected_source_rank=2 oracle_best_source_rank=2 candidate_best_source_rank=2 candidate_regret=0.000000000 sampling_regret=0.000000000 total_regret=0.000000000 spread_delta=+0.000000000 iterations=42857 nodes=299999 node_shortfall=0
COMBINED_SWEEP_POSITION position=30058 game=8504 bag=65 num_plies=6 num_plays=60 min_play_iterations=71 selected_source_rank=1 oracle_best_source_rank=2 candidate_best_source_rank=2 candidate_regret=0.000000000 sampling_regret=0.008895058 total_regret=0.008895058 spread_delta=+2.128906250 iterations=42857 nodes=299999 node_shortfall=0
COMBINED_SWEEP_POSITION position=30059 game=8504 bag=61 num_plies=6 num_plays=60 min_play_iterations=71 selected_source_rank=1 oracle_best_source_rank=0 candidate_best_source_rank=0 candidate_regret=0.000000000 sampling_regret=0.012678030 total_regret=0.012678030 spread_delta=-3.539062500 iterations=42857 nodes=299999 node_shortfall=0
COMBINED_SWEEP_POSITION position=30060 game=8504 bag=54 num_plies=6 num_plays=60 min_play_iterations=71 selected_source_rank=0 oracle_best_source_rank=2 candidate_best_source_rank=2 candidate_regret=0.000000000 sampling_regret=0.053717412 total_regret=0.053717412 spread_delta=-10.128906250 iterations=42857 nodes=299999 node_shortfall=0
COMBINED_SWEEP_POSITION position=30061 game=8504 bag=50 num_plies=6 num_plays=60 min_play_iterations=71 selected_source_rank=1 oracle_best_source_rank=1 candidate_best_source_rank=1 candidate_regret=0.000000000 sampling_regret=0.000000000 total_regret=0.000000000 spread_delta=+0.000000000 iterations=42857 nodes=299999 node_shortfall=0
COMBINED_SWEEP_POSITION position=30066 game=8505 bag=86 num_plies=6 num_plays=60 min_play_iterations=71 selected_source_rank=10 oracle_best_source_rank=10 candidate_best_source_rank=10 candidate_regret=0.000000000 sampling_regret=0.000000000 total_regret=0.000000000 spread_delta=+0.000000000 iterations=42857 nodes=299999 node_shortfall=0
COMBINED_SWEEP_POSITION position=30067 game=8505 bag=81 num_plies=6 num_plays=60 min_play_iterations=71 selected_source_rank=0 oracle_best_source_rank=0 candidate_best_source_rank=0 candidate_regret=0.000000000 sampling_regret=0.000000000 total_regret=0.000000000 spread_delta=+0.000000000 iterations=42857 nodes=299999 node_shortfall=0
COMBINED_SWEEP_POSITION position=30068 game=8505 bag=74 num_plies=6 num_plays=60 min_play_iterations=71 selected_source_rank=0 oracle_best_source_rank=0 candidate_best_source_rank=0 candidate_regret=0.000000000 sampling_regret=0.000000000 total_regret=0.000000000 spread_delta=+0.000000000 iterations=42857 nodes=299999 node_shortfall=0
COMBINED_SWEEP_POSITION position=30069 game=8505 bag=67 num_plies=6 num_plays=60 min_play_iterations=71 selected_source_rank=0 oracle_best_source_rank=1 candidate_best_source_rank=1 candidate_regret=0.000000000 sampling_regret=0.018798086 total_regret=0.018798086 spread_delta=-0.335937500 iterations=42857 nodes=299999 node_shortfall=0
COMBINED_SWEEP_POSITION position=30070 game=8505 bag=60 num_plies=6 num_plays=60 min_play_iterations=71 selected_source_rank=0 oracle_best_source_rank=1 candidate_best_source_rank=1 candidate_regret=0.000000000 sampling_regret=0.017543812 total_regret=0.017543812 spread_delta=-0.484375000 iterations=42857 nodes=299999 node_shortfall=0
COMBINED_SWEEP_POSITION position=30071 game=8505 bag=56 num_plies=6 num_plays=60 min_play_iterations=71 selected_source_rank=0 oracle_best_source_rank=1 candidate_best_source_rank=1 candidate_regret=0.000000000 sampling_regret=0.039075945 total_regret=0.039075945 spread_delta=-2.824218750 iterations=42857 nodes=299999 node_shortfall=0
COMBINED_SWEEP_POSITION position=30072 game=8505 bag=52 num_plies=6 num_plays=60 min_play_iterations=71 selected_source_rank=0 oracle_best_source_rank=12 candidate_best_source_rank=12 candidate_regret=0.000000000 sampling_regret=0.030667266 total_regret=0.030667266 spread_delta=+0.734375000 iterations=42857 nodes=299999 node_shortfall=0
COMBINED_SWEEP_POSITION position=30073 game=8505 bag=51 num_plies=6 num_plays=60 min_play_iterations=71 selected_source_rank=1 oracle_best_source_rank=0 candidate_best_source_rank=0 candidate_regret=0.000000000 sampling_regret=0.009300202 total_regret=0.009300202 spread_delta=+3.734375000 iterations=42857 nodes=299999 node_shortfall=0
COMBINED_SWEEP_POSITION position=30078 game=8506 bag=86 num_plies=6 num_plays=60 min_play_iterations=71 selected_source_rank=3 oracle_best_source_rank=4 candidate_best_source_rank=4 candidate_regret=0.000000000 sampling_regret=0.011866681 total_regret=0.011866681 spread_delta=-2.335937500 iterations=42857 nodes=299999 node_shortfall=0
COMBINED_SWEEP_POSITION position=30079 game=8506 bag=81 num_plies=6 num_plays=60 min_play_iterations=71 selected_source_rank=1 oracle_best_source_rank=4 candidate_best_source_rank=4 candidate_regret=0.000000000 sampling_regret=0.088593352 total_regret=0.088593352 spread_delta=-14.171875000 iterations=42857 nodes=299999 node_shortfall=0
COMBINED_SWEEP_POSITION position=30080 game=8506 bag=76 num_plies=6 num_plays=60 min_play_iterations=71 selected_source_rank=0 oracle_best_source_rank=1 candidate_best_source_rank=1 candidate_regret=0.000000000 sampling_regret=0.033503784 total_regret=0.033503784 spread_delta=-8.050781250 iterations=42857 nodes=299999 node_shortfall=0
COMBINED_SWEEP_POSITION position=30081 game=8506 bag=72 num_plies=6 num_plays=60 min_play_iterations=71 selected_source_rank=1 oracle_best_source_rank=2 candidate_best_source_rank=2 candidate_regret=0.000000000 sampling_regret=0.004298383 total_regret=0.004298383 spread_delta=+3.300781250 iterations=42857 nodes=299999 node_shortfall=0
COMBINED_SWEEP_POSITION position=30082 game=8506 bag=65 num_plies=6 num_plays=60 min_play_iterations=71 selected_source_rank=4 oracle_best_source_rank=4 candidate_best_source_rank=4 candidate_regret=0.000000000 sampling_regret=0.000000000 total_regret=0.000000000 spread_delta=+0.000000000 iterations=42857 nodes=299999 node_shortfall=0
COMBINED_SWEEP_POSITION position=30083 game=8506 bag=60 num_plies=6 num_plays=60 min_play_iterations=71 selected_source_rank=0 oracle_best_source_rank=0 candidate_best_source_rank=0 candidate_regret=0.000000000 sampling_regret=0.000000000 total_regret=0.000000000 spread_delta=+0.000000000 iterations=42857 nodes=299999 node_shortfall=0
COMBINED_SWEEP_POSITION position=30084 game=8506 bag=57 num_plies=6 num_plays=60 min_play_iterations=71 selected_source_rank=0 oracle_best_source_rank=1 candidate_best_source_rank=1 candidate_regret=0.000000000 sampling_regret=0.018090981 total_regret=0.018090981 spread_delta=+1.863281250 iterations=42857 nodes=299999 node_shortfall=0
COMBINED_SWEEP_POSITION position=30085 game=8506 bag=52 num_plies=6 num_plays=60 min_play_iterations=71 selected_source_rank=0 oracle_best_source_rank=0 candidate_best_source_rank=0 candidate_regret=0.000000000 sampling_regret=0.000000000 total_regret=0.000000000 spread_delta=+0.000000000 iterations=42857 nodes=299999 node_shortfall=0
COMBINED_SWEEP_POSITION position=30090 game=8507 bag=86 num_plies=6 num_plays=60 min_play_iterations=71 selected_source_rank=0 oracle_best_source_rank=0 candidate_best_source_rank=0 candidate_regret=0.000000000 sampling_regret=0.000000000 total_regret=0.000000000 spread_delta=+0.000000000 iterations=42857 nodes=299999 node_shortfall=0
COMBINED_SWEEP_POSITION position=30091 game=8507 bag=80 num_plies=6 num_plays=60 min_play_iterations=71 selected_source_rank=0 oracle_best_source_rank=1 candidate_best_source_rank=1 candidate_regret=0.000000000 sampling_regret=0.017734207 total_regret=0.017734207 spread_delta=-2.066406250 iterations=42857 nodes=299999 node_shortfall=0
COMBINED_SWEEP_POSITION position=30092 game=8507 bag=76 num_plies=6 num_plays=60 min_play_iterations=71 selected_source_rank=0 oracle_best_source_rank=12 candidate_best_source_rank=12 candidate_regret=0.000000000 sampling_regret=0.030584422 total_regret=0.030584422 spread_delta=-6.113281250 iterations=42857 nodes=299999 node_shortfall=0
COMBINED_SWEEP_POSITION position=30093 game=8507 bag=72 num_plies=6 num_plays=60 min_play_iterations=71 selected_source_rank=0 oracle_best_source_rank=0 candidate_best_source_rank=0 candidate_regret=0.000000000 sampling_regret=0.000000000 total_regret=0.000000000 spread_delta=+0.000000000 iterations=42857 nodes=299999 node_shortfall=0
COMBINED_SWEEP_POSITION position=30094 game=8507 bag=65 num_plies=6 num_plays=60 min_play_iterations=71 selected_source_rank=1 oracle_best_source_rank=1 candidate_best_source_rank=1 candidate_regret=0.000000000 sampling_regret=0.000000000 total_regret=0.000000000 spread_delta=+0.000000000 iterations=42857 nodes=299999 node_shortfall=0
COMBINED_SWEEP_POSITION position=30095 game=8507 bag=58 num_plies=6 num_plays=60 min_play_iterations=71 selected_source_rank=0 oracle_best_source_rank=1 candidate_best_source_rank=1 candidate_regret=0.000000000 sampling_regret=0.037689593 total_regret=0.037689593 spread_delta=-6.562500000 iterations=42857 nodes=299999 node_shortfall=0
COMBINED_SWEEP_POSITION position=30096 game=8507 bag=53 num_plies=6 num_plays=60 min_play_iterations=71 selected_source_rank=0 oracle_best_source_rank=0 candidate_best_source_rank=0 candidate_regret=0.000000000 sampling_regret=0.000000000 total_regret=0.000000000 spread_delta=+0.000000000 iterations=42857 nodes=299999 node_shortfall=0
COMBINED_SWEEP_POSITION position=30102 game=8508 bag=86 num_plies=6 num_plays=60 min_play_iterations=71 selected_source_rank=0 oracle_best_source_rank=47 candidate_best_source_rank=47 candidate_regret=0.000000000 sampling_regret=0.021194339 total_regret=0.021194339 spread_delta=+6.457031250 iterations=42857 nodes=299999 node_shortfall=0
COMBINED_SWEEP_POSITION position=30103 game=8508 bag=80 num_plies=6 num_plays=60 min_play_iterations=71 selected_source_rank=1 oracle_best_source_rank=15 candidate_best_source_rank=15 candidate_regret=0.000000000 sampling_regret=0.055332424 total_regret=0.055332424 spread_delta=-0.058593750 iterations=42857 nodes=299999 node_shortfall=0
COMBINED_SWEEP_POSITION position=30104 game=8508 bag=76 num_plies=6 num_plays=60 min_play_iterations=71 selected_source_rank=0 oracle_best_source_rank=7 candidate_best_source_rank=7 candidate_regret=0.000000000 sampling_regret=0.029343710 total_regret=0.029343710 spread_delta=+2.324218750 iterations=42857 nodes=299999 node_shortfall=0
COMBINED_SWEEP_POSITION position=30105 game=8508 bag=74 num_plies=6 num_plays=60 min_play_iterations=71 selected_source_rank=0 oracle_best_source_rank=1 candidate_best_source_rank=1 candidate_regret=0.000000000 sampling_regret=0.019213923 total_regret=0.019213923 spread_delta=-9.574218750 iterations=42857 nodes=299999 node_shortfall=0
COMBINED_SWEEP_POSITION position=30106 game=8508 bag=68 num_plies=6 num_plays=60 min_play_iterations=71 selected_source_rank=0 oracle_best_source_rank=0 candidate_best_source_rank=0 candidate_regret=0.000000000 sampling_regret=0.000000000 total_regret=0.000000000 spread_delta=+0.000000000 iterations=42857 nodes=299999 node_shortfall=0
COMBINED_SWEEP_POSITION position=30107 game=8508 bag=61 num_plies=6 num_plays=60 min_play_iterations=71 selected_source_rank=0 oracle_best_source_rank=0 candidate_best_source_rank=0 candidate_regret=0.000000000 sampling_regret=0.000000000 total_regret=0.000000000 spread_delta=+0.000000000 iterations=42857 nodes=299999 node_shortfall=0
COMBINED_SWEEP_POSITION position=30108 game=8508 bag=54 num_plies=6 num_plays=60 min_play_iterations=71 selected_source_rank=1 oracle_best_source_rank=1 candidate_best_source_rank=1 candidate_regret=0.000000000 sampling_regret=0.000000000 total_regret=0.000000000 spread_delta=+0.000000000 iterations=42857 nodes=299999 node_shortfall=0
COMBINED_SWEEP_POSITION position=30109 game=8508 bag=51 num_plies=6 num_plays=60 min_play_iterations=71 selected_source_rank=0 oracle_best_source_rank=0 candidate_best_source_rank=0 candidate_regret=0.000000000 sampling_regret=0.000000000 total_regret=0.000000000 spread_delta=+0.000000000 iterations=42857 nodes=299999 node_shortfall=0
COMBINED_SWEEP_POSITION position=30114 game=8509 bag=86 num_plies=6 num_plays=60 min_play_iterations=71 selected_source_rank=0 oracle_best_source_rank=5 candidate_best_source_rank=5 candidate_regret=0.000000000 sampling_regret=0.003956363 total_regret=0.003956363 spread_delta=+2.820312500 iterations=42857 nodes=299999 node_shortfall=0
COMBINED_SWEEP_POSITION position=30115 game=8509 bag=82 num_plies=6 num_plays=60 min_play_iterations=71 selected_source_rank=3 oracle_best_source_rank=12 candidate_best_source_rank=12 candidate_regret=0.000000000 sampling_regret=0.050420775 total_regret=0.050420775 spread_delta=-11.613281250 iterations=42857 nodes=299999 node_shortfall=0
COMBINED_SWEEP_POSITION position=30116 game=8509 bag=78 num_plies=6 num_plays=60 min_play_iterations=71 selected_source_rank=0 oracle_best_source_rank=3 candidate_best_source_rank=3 candidate_regret=0.000000000 sampling_regret=0.003642095 total_regret=0.003642095 spread_delta=+0.984375000 iterations=42857 nodes=299999 node_shortfall=0
COMBINED_SWEEP_POSITION position=30117 game=8509 bag=75 num_plies=6 num_plays=60 min_play_iterations=71 selected_source_rank=0 oracle_best_source_rank=1 candidate_best_source_rank=1 candidate_regret=0.000000000 sampling_regret=0.060315373 total_regret=0.060315373 spread_delta=-10.476562500 iterations=42857 nodes=299999 node_shortfall=0
COMBINED_SWEEP_POSITION position=30118 game=8509 bag=70 num_plies=6 num_plays=60 min_play_iterations=71 selected_source_rank=0 oracle_best_source_rank=5 candidate_best_source_rank=5 candidate_regret=0.000000000 sampling_regret=0.044300809 total_regret=0.044300809 spread_delta=-4.765625000 iterations=42857 nodes=299999 node_shortfall=0
COMBINED_SWEEP_POSITION position=30119 game=8509 bag=65 num_plies=6 num_plays=60 min_play_iterations=71 selected_source_rank=0 oracle_best_source_rank=0 candidate_best_source_rank=0 candidate_regret=0.000000000 sampling_regret=0.000000000 total_regret=0.000000000 spread_delta=+0.000000000 iterations=42857 nodes=299999 node_shortfall=0
COMBINED_SWEEP_POSITION position=30120 game=8509 bag=58 num_plies=6 num_plays=60 min_play_iterations=71 selected_source_rank=0 oracle_best_source_rank=40 candidate_best_source_rank=40 candidate_regret=0.000000000 sampling_regret=0.043640506 total_regret=0.043640506 spread_delta=-11.195312500 iterations=42857 nodes=299999 node_shortfall=0
COMBINED_SWEEP_POSITION position=30121 game=8509 bag=55 num_plies=6 num_plays=60 min_play_iterations=71 selected_source_rank=1 oracle_best_source_rank=0 candidate_best_source_rank=0 candidate_regret=0.000000000 sampling_regret=0.034695588 total_regret=0.034695588 spread_delta=-5.707031250 iterations=42857 nodes=299999 node_shortfall=0
COMBINED_SWEEP_POSITION position=30122 game=8509 bag=52 num_plies=6 num_plays=60 min_play_iterations=71 selected_source_rank=0 oracle_best_source_rank=1 candidate_best_source_rank=1 candidate_regret=0.000000000 sampling_regret=0.019198721 total_regret=0.019198721 spread_delta=-3.125000000 iterations=42857 nodes=299999 node_shortfall=0
COMBINED_SWEEP_POSITION position=30123 game=8509 bag=50 num_plies=6 num_plays=60 min_play_iterations=71 selected_source_rank=1 oracle_best_source_rank=2 candidate_best_source_rank=2 candidate_regret=0.000000000 sampling_regret=0.017549429 total_regret=0.017549429 spread_delta=+1.605468750 iterations=42857 nodes=299999 node_shortfall=0
COMBINED_SWEEP_POSITION position=30129 game=8510 bag=86 num_plies=6 num_plays=60 min_play_iterations=71 selected_source_rank=0 oracle_best_source_rank=8 candidate_best_source_rank=8 candidate_regret=0.000000000 sampling_regret=0.020300553 total_regret=0.020300553 spread_delta=-1.050781250 iterations=42857 nodes=299999 node_shortfall=0
COMBINED_SWEEP_POSITION position=30130 game=8510 bag=81 num_plies=6 num_plays=60 min_play_iterations=71 selected_source_rank=0 oracle_best_source_rank=1 candidate_best_source_rank=1 candidate_regret=0.000000000 sampling_regret=0.015336012 total_regret=0.015336012 spread_delta=-5.039062500 iterations=42857 nodes=299999 node_shortfall=0
COMBINED_SWEEP_POSITION position=30131 game=8510 bag=77 num_plies=6 num_plays=60 min_play_iterations=71 selected_source_rank=0 oracle_best_source_rank=0 candidate_best_source_rank=0 candidate_regret=0.000000000 sampling_regret=0.000000000 total_regret=0.000000000 spread_delta=+0.000000000 iterations=42857 nodes=299999 node_shortfall=0
COMBINED_SWEEP_POSITION position=30132 game=8510 bag=75 num_plies=6 num_plays=60 min_play_iterations=71 selected_source_rank=0 oracle_best_source_rank=1 candidate_best_source_rank=1 candidate_regret=0.000000000 sampling_regret=0.037270511 total_regret=0.037270511 spread_delta=-10.867187500 iterations=42857 nodes=299999 node_shortfall=0
COMBINED_SWEEP_POSITION position=30133 game=8510 bag=73 num_plies=6 num_plays=60 min_play_iterations=71 selected_source_rank=0 oracle_best_source_rank=3 candidate_best_source_rank=3 candidate_regret=0.000000000 sampling_regret=0.042612427 total_regret=0.042612427 spread_delta=-4.593750000 iterations=42857 nodes=299999 node_shortfall=0
COMBINED_SWEEP_POSITION position=30134 game=8510 bag=68 num_plies=6 num_plays=60 min_play_iterations=71 selected_source_rank=0 oracle_best_source_rank=0 candidate_best_source_rank=0 candidate_regret=0.000000000 sampling_regret=0.000000000 total_regret=0.000000000 spread_delta=+0.000000000 iterations=42857 nodes=299999 node_shortfall=0
COMBINED_SWEEP_POSITION position=30135 game=8510 bag=61 num_plies=6 num_plays=60 min_play_iterations=71 selected_source_rank=0 oracle_best_source_rank=0 candidate_best_source_rank=0 candidate_regret=0.000000000 sampling_regret=0.000000000 total_regret=0.000000000 spread_delta=+0.000000000 iterations=42857 nodes=299999 node_shortfall=0
COMBINED_SWEEP_POSITION position=30136 game=8510 bag=57 num_plies=6 num_plays=60 min_play_iterations=71 selected_source_rank=0 oracle_best_source_rank=8 candidate_best_source_rank=8 candidate_regret=0.000000000 sampling_regret=0.025041680 total_regret=0.025041680 spread_delta=+0.375000000 iterations=42857 nodes=299999 node_shortfall=0
COMBINED_SWEEP_POSITION position=30137 game=8510 bag=52 num_plies=6 num_plays=60 min_play_iterations=71 selected_source_rank=0 oracle_best_source_rank=0 candidate_best_source_rank=0 candidate_regret=0.000000000 sampling_regret=0.000000000 total_regret=0.000000000 spread_delta=+0.000000000 iterations=42857 nodes=299999 node_shortfall=0
COMBINED_SWEEP_POSITION position=30142 game=8511 bag=86 num_plies=6 num_plays=60 min_play_iterations=71 selected_source_rank=0 oracle_best_source_rank=2 candidate_best_source_rank=2 candidate_regret=0.000000000 sampling_regret=0.019217992 total_regret=0.019217992 spread_delta=-8.480468750 iterations=42857 nodes=299999 node_shortfall=0
COMBINED_SWEEP_POSITION position=30143 game=8511 bag=81 num_plies=6 num_plays=60 min_play_iterations=71 selected_source_rank=0 oracle_best_source_rank=5 candidate_best_source_rank=5 candidate_regret=0.000000000 sampling_regret=0.053126700 total_regret=0.053126700 spread_delta=-6.449218750 iterations=42857 nodes=299999 node_shortfall=0
COMBINED_SWEEP_POSITION position=30144 game=8511 bag=76 num_plies=6 num_plays=60 min_play_iterations=71 selected_source_rank=0 oracle_best_source_rank=0 candidate_best_source_rank=0 candidate_regret=0.000000000 sampling_regret=0.000000000 total_regret=0.000000000 spread_delta=+0.000000000 iterations=42857 nodes=299999 node_shortfall=0
COMBINED_SWEEP_POSITION position=30145 game=8511 bag=69 num_plies=6 num_plays=60 min_play_iterations=71 selected_source_rank=0 oracle_best_source_rank=0 candidate_best_source_rank=0 candidate_regret=0.000000000 sampling_regret=0.000000000 total_regret=0.000000000 spread_delta=+0.000000000 iterations=42857 nodes=299999 node_shortfall=0
COMBINED_SWEEP_POSITION position=30146 game=8511 bag=64 num_plies=6 num_plays=60 min_play_iterations=71 selected_source_rank=0 oracle_best_source_rank=9 candidate_best_source_rank=9 candidate_regret=0.000000000 sampling_regret=0.031563187 total_regret=0.031563187 spread_delta=-7.871093750 iterations=42857 nodes=299999 node_shortfall=0
COMBINED_SWEEP_POSITION position=30147 game=8511 bag=60 num_plies=6 num_plays=60 min_play_iterations=71 selected_source_rank=3 oracle_best_source_rank=3 candidate_best_source_rank=3 candidate_regret=0.000000000 sampling_regret=0.000000000 total_regret=0.000000000 spread_delta=+0.000000000 iterations=42857 nodes=299999 node_shortfall=0
COMBINED_SWEEP_POSITION position=30148 game=8511 bag=55 num_plies=6 num_plays=60 min_play_iterations=71 selected_source_rank=0 oracle_best_source_rank=0 candidate_best_source_rank=0 candidate_regret=0.000000000 sampling_regret=0.000000000 total_regret=0.000000000 spread_delta=+0.000000000 iterations=42857 nodes=299999 node_shortfall=0
COMBINED_SWEEP_POSITION position=30154 game=8512 bag=86 num_plies=6 num_plays=60 min_play_iterations=71 selected_source_rank=1 oracle_best_source_rank=1 candidate_best_source_rank=1 candidate_regret=0.000000000 sampling_regret=0.000000000 total_regret=0.000000000 spread_delta=+0.000000000 iterations=42857 nodes=299999 node_shortfall=0
COMBINED_SWEEP_POSITION position=30155 game=8512 bag=83 num_plies=6 num_plays=60 min_play_iterations=71 selected_source_rank=1 oracle_best_source_rank=0 candidate_best_source_rank=0 candidate_regret=0.000000000 sampling_regret=0.054783749 total_regret=0.054783749 spread_delta=-3.906250000 iterations=42857 nodes=299999 node_shortfall=0
COMBINED_SWEEP_POSITION position=30156 game=8512 bag=79 num_plies=6 num_plays=60 min_play_iterations=71 selected_source_rank=0 oracle_best_source_rank=0 candidate_best_source_rank=0 candidate_regret=0.000000000 sampling_regret=0.000000000 total_regret=0.000000000 spread_delta=+0.000000000 iterations=42857 nodes=299999 node_shortfall=0
COMBINED_SWEEP_POSITION position=30157 game=8512 bag=73 num_plies=6 num_plays=60 min_play_iterations=71 selected_source_rank=5 oracle_best_source_rank=5 candidate_best_source_rank=5 candidate_regret=0.000000000 sampling_regret=0.000000000 total_regret=0.000000000 spread_delta=+0.000000000 iterations=42857 nodes=299999 node_shortfall=0
COMBINED_SWEEP_POSITION position=30158 game=8512 bag=71 num_plies=6 num_plays=60 min_play_iterations=71 selected_source_rank=42 oracle_best_source_rank=51 candidate_best_source_rank=51 candidate_regret=0.000000000 sampling_regret=0.013228005 total_regret=0.013228005 spread_delta=+5.503906250 iterations=42857 nodes=299999 node_shortfall=0
COMBINED_SWEEP_POSITION position=30159 game=8512 bag=65 num_plies=6 num_plays=60 min_play_iterations=71 selected_source_rank=1 oracle_best_source_rank=0 candidate_best_source_rank=0 candidate_regret=0.000000000 sampling_regret=0.014166837 total_regret=0.014166837 spread_delta=+2.777343750 iterations=42857 nodes=299999 node_shortfall=0
COMBINED_SWEEP_POSITION position=30160 game=8512 bag=58 num_plies=6 num_plays=60 min_play_iterations=71 selected_source_rank=0 oracle_best_source_rank=0 candidate_best_source_rank=0 candidate_regret=0.000000000 sampling_regret=0.000000000 total_regret=0.000000000 spread_delta=+0.000000000 iterations=42857 nodes=299999 node_shortfall=0
COMBINED_SWEEP_POSITION position=30161 game=8512 bag=54 num_plies=6 num_plays=60 min_play_iterations=71 selected_source_rank=9 oracle_best_source_rank=1 candidate_best_source_rank=1 candidate_regret=0.000000000 sampling_regret=0.020648350 total_regret=0.020648350 spread_delta=-6.914062500 iterations=42857 nodes=299999 node_shortfall=0
COMBINED_SWEEP_POSITION position=30166 game=8513 bag=86 num_plies=6 num_plays=60 min_play_iterations=71 selected_source_rank=0 oracle_best_source_rank=0 candidate_best_source_rank=0 candidate_regret=0.000000000 sampling_regret=0.000000000 total_regret=0.000000000 spread_delta=+0.000000000 iterations=42857 nodes=299999 node_shortfall=0
COMBINED_SWEEP_POSITION position=30167 game=8513 bag=81 num_plies=6 num_plays=60 min_play_iterations=71 selected_source_rank=1 oracle_best_source_rank=1 candidate_best_source_rank=1 candidate_regret=0.000000000 sampling_regret=0.000000000 total_regret=0.000000000 spread_delta=+0.000000000 iterations=42857 nodes=299999 node_shortfall=0
COMBINED_SWEEP_POSITION position=30168 game=8513 bag=75 num_plies=6 num_plays=60 min_play_iterations=71 selected_source_rank=0 oracle_best_source_rank=0 candidate_best_source_rank=0 candidate_regret=0.000000000 sampling_regret=0.000000000 total_regret=0.000000000 spread_delta=+0.000000000 iterations=42857 nodes=299999 node_shortfall=0
COMBINED_SWEEP_POSITION position=30169 game=8513 bag=73 num_plies=6 num_plays=60 min_play_iterations=71 selected_source_rank=0 oracle_best_source_rank=0 candidate_best_source_rank=0 candidate_regret=0.000000000 sampling_regret=0.000000000 total_regret=0.000000000 spread_delta=+0.000000000 iterations=42857 nodes=299999 node_shortfall=0
COMBINED_SWEEP_POSITION position=30170 game=8513 bag=71 num_plies=6 num_plays=60 min_play_iterations=71 selected_source_rank=0 oracle_best_source_rank=0 candidate_best_source_rank=0 candidate_regret=0.000000000 sampling_regret=0.000000000 total_regret=0.000000000 spread_delta=+0.000000000 iterations=42857 nodes=299999 node_shortfall=0
COMBINED_SWEEP_POSITION position=30171 game=8513 bag=64 num_plies=6 num_plays=60 min_play_iterations=71 selected_source_rank=0 oracle_best_source_rank=0 candidate_best_source_rank=0 candidate_regret=0.000000000 sampling_regret=0.000000000 total_regret=0.000000000 spread_delta=+0.000000000 iterations=42857 nodes=299999 node_shortfall=0
COMBINED_SWEEP_POSITION position=30172 game=8513 bag=60 num_plies=6 num_plays=60 min_play_iterations=71 selected_source_rank=0 oracle_best_source_rank=0 candidate_best_source_rank=0 candidate_regret=0.000000000 sampling_regret=0.000000000 total_regret=0.000000000 spread_delta=+0.000000000 iterations=42857 nodes=299999 node_shortfall=0
COMBINED_SWEEP_POSITION position=30173 game=8513 bag=56 num_plies=6 num_plays=60 min_play_iterations=71 selected_source_rank=0 oracle_best_source_rank=0 candidate_best_source_rank=0 candidate_regret=0.000000000 sampling_regret=0.000000000 total_regret=0.000000000 spread_delta=+0.000000000 iterations=42857 nodes=299999 node_shortfall=0
COMBINED_SWEEP_POSITION position=30174 game=8513 bag=53 num_plies=6 num_plays=60 min_play_iterations=71 selected_source_rank=0 oracle_best_source_rank=0 candidate_best_source_rank=0 candidate_regret=0.000000000 sampling_regret=0.000000000 total_regret=0.000000000 spread_delta=+0.000000000 iterations=42857 nodes=299999 node_shortfall=0
COMBINED_SWEEP_POSITION position=30179 game=8514 bag=86 num_plies=6 num_plays=60 min_play_iterations=71 selected_source_rank=0 oracle_best_source_rank=0 candidate_best_source_rank=0 candidate_regret=0.000000000 sampling_regret=0.000000000 total_regret=0.000000000 spread_delta=+0.000000000 iterations=42857 nodes=299999 node_shortfall=0
COMBINED_SWEEP_POSITION position=30180 game=8514 bag=81 num_plies=6 num_plays=60 min_play_iterations=71 selected_source_rank=0 oracle_best_source_rank=0 candidate_best_source_rank=0 candidate_regret=0.000000000 sampling_regret=0.000000000 total_regret=0.000000000 spread_delta=+0.000000000 iterations=42857 nodes=299999 node_shortfall=0
COMBINED_SWEEP_POSITION position=30181 game=8514 bag=74 num_plies=6 num_plays=60 min_play_iterations=71 selected_source_rank=0 oracle_best_source_rank=0 candidate_best_source_rank=0 candidate_regret=0.000000000 sampling_regret=0.000000000 total_regret=0.000000000 spread_delta=+0.000000000 iterations=42857 nodes=299999 node_shortfall=0
COMBINED_SWEEP_POSITION position=30182 game=8514 bag=72 num_plies=6 num_plays=60 min_play_iterations=71 selected_source_rank=2 oracle_best_source_rank=0 candidate_best_source_rank=0 candidate_regret=0.000000000 sampling_regret=0.033790277 total_regret=0.033790277 spread_delta=-4.175781250 iterations=42857 nodes=299999 node_shortfall=0
COMBINED_SWEEP_POSITION position=30183 game=8514 bag=66 num_plies=6 num_plays=60 min_play_iterations=71 selected_source_rank=0 oracle_best_source_rank=0 candidate_best_source_rank=0 candidate_regret=0.000000000 sampling_regret=0.000000000 total_regret=0.000000000 spread_delta=+0.000000000 iterations=42857 nodes=299999 node_shortfall=0
COMBINED_SWEEP_POSITION position=30184 game=8514 bag=59 num_plies=6 num_plays=60 min_play_iterations=71 selected_source_rank=0 oracle_best_source_rank=0 candidate_best_source_rank=0 candidate_regret=0.000000000 sampling_regret=0.000000000 total_regret=0.000000000 spread_delta=+0.000000000 iterations=42857 nodes=299999 node_shortfall=0
COMBINED_SWEEP_POSITION position=30185 game=8514 bag=52 num_plies=6 num_plays=60 min_play_iterations=71 selected_source_rank=0 oracle_best_source_rank=3 candidate_best_source_rank=3 candidate_regret=0.000000000 sampling_regret=0.004994535 total_regret=0.004994535 spread_delta=+5.414062500 iterations=42857 nodes=299999 node_shortfall=0
COMBINED_SWEEP_POSITION position=30191 game=8515 bag=86 num_plies=6 num_plays=60 min_play_iterations=71 selected_source_rank=0 oracle_best_source_rank=9 candidate_best_source_rank=9 candidate_regret=0.000000000 sampling_regret=0.008193494 total_regret=0.008193494 spread_delta=+10.507812500 iterations=42857 nodes=299999 node_shortfall=0
COMBINED_SWEEP_POSITION position=30192 game=8515 bag=84 num_plies=6 num_plays=60 min_play_iterations=71 selected_source_rank=9 oracle_best_source_rank=2 candidate_best_source_rank=2 candidate_regret=0.000000000 sampling_regret=0.003115824 total_regret=0.003115824 spread_delta=+2.187500000 iterations=42857 nodes=299999 node_shortfall=0
COMBINED_SWEEP_POSITION position=30193 game=8515 bag=78 num_plies=6 num_plays=60 min_play_iterations=71 selected_source_rank=0 oracle_best_source_rank=0 candidate_best_source_rank=0 candidate_regret=0.000000000 sampling_regret=0.000000000 total_regret=0.000000000 spread_delta=+0.000000000 iterations=42857 nodes=299999 node_shortfall=0
COMBINED_SWEEP_POSITION position=30194 game=8515 bag=71 num_plies=6 num_plays=60 min_play_iterations=71 selected_source_rank=2 oracle_best_source_rank=0 candidate_best_source_rank=0 candidate_regret=0.000000000 sampling_regret=0.016113758 total_regret=0.016113758 spread_delta=+1.859375000 iterations=42857 nodes=299999 node_shortfall=0
COMBINED_SWEEP_POSITION position=30195 game=8515 bag=68 num_plies=6 num_plays=60 min_play_iterations=71 selected_source_rank=0 oracle_best_source_rank=0 candidate_best_source_rank=0 candidate_regret=0.000000000 sampling_regret=0.000000000 total_regret=0.000000000 spread_delta=+0.000000000 iterations=42857 nodes=299999 node_shortfall=0
COMBINED_SWEEP_POSITION position=30196 game=8515 bag=61 num_plies=6 num_plays=60 min_play_iterations=71 selected_source_rank=0 oracle_best_source_rank=13 candidate_best_source_rank=13 candidate_regret=0.000000000 sampling_regret=0.011201801 total_regret=0.011201801 spread_delta=+8.652343750 iterations=42857 nodes=299999 node_shortfall=0
COMBINED_SWEEP_POSITION position=30197 game=8515 bag=56 num_plies=6 num_plays=60 min_play_iterations=71 selected_source_rank=0 oracle_best_source_rank=0 candidate_best_source_rank=0 candidate_regret=0.000000000 sampling_regret=0.000000000 total_regret=0.000000000 spread_delta=+0.000000000 iterations=42857 nodes=299999 node_shortfall=0
COMBINED_SWEEP_POSITION position=30202 game=8516 bag=86 num_plies=6 num_plays=60 min_play_iterations=71 selected_source_rank=0 oracle_best_source_rank=1 candidate_best_source_rank=1 candidate_regret=0.000000000 sampling_regret=0.061656136 total_regret=0.061656136 spread_delta=-13.148437500 iterations=42857 nodes=299999 node_shortfall=0
COMBINED_SWEEP_POSITION position=30203 game=8516 bag=81 num_plies=6 num_plays=60 min_play_iterations=71 selected_source_rank=0 oracle_best_source_rank=1 candidate_best_source_rank=1 candidate_regret=0.000000000 sampling_regret=0.023128110 total_regret=0.023128110 spread_delta=-1.335937500 iterations=42857 nodes=299999 node_shortfall=0
COMBINED_SWEEP_POSITION position=30204 game=8516 bag=74 num_plies=6 num_plays=60 min_play_iterations=71 selected_source_rank=0 oracle_best_source_rank=0 candidate_best_source_rank=0 candidate_regret=0.000000000 sampling_regret=0.000000000 total_regret=0.000000000 spread_delta=+0.000000000 iterations=42857 nodes=299999 node_shortfall=0
COMBINED_SWEEP_POSITION position=30205 game=8516 bag=70 num_plies=6 num_plays=60 min_play_iterations=71 selected_source_rank=0 oracle_best_source_rank=2 candidate_best_source_rank=2 candidate_regret=0.000000000 sampling_regret=0.026038249 total_regret=0.026038249 spread_delta=-7.382812500 iterations=42857 nodes=299999 node_shortfall=0
COMBINED_SWEEP_POSITION position=30206 game=8516 bag=70 num_plies=6 num_plays=60 min_play_iterations=71 selected_source_rank=1 oracle_best_source_rank=1 candidate_best_source_rank=1 candidate_regret=0.000000000 sampling_regret=0.000000000 total_regret=0.000000000 spread_delta=+0.000000000 iterations=42857 nodes=299999 node_shortfall=0
COMBINED_SWEEP_POSITION position=30207 game=8516 bag=67 num_plies=6 num_plays=60 min_play_iterations=71 selected_source_rank=0 oracle_best_source_rank=0 candidate_best_source_rank=0 candidate_regret=0.000000000 sampling_regret=0.000000000 total_regret=0.000000000 spread_delta=+0.000000000 iterations=42857 nodes=299999 node_shortfall=0
COMBINED_SWEEP_POSITION position=30208 game=8516 bag=60 num_plies=6 num_plays=60 min_play_iterations=71 selected_source_rank=0 oracle_best_source_rank=44 candidate_best_source_rank=44 candidate_regret=0.000000000 sampling_regret=0.000369763 total_regret=0.000369763 spread_delta=+8.000000000 iterations=42857 nodes=299999 node_shortfall=0
COMBINED_SWEEP_POSITION position=30209 game=8516 bag=56 num_plies=6 num_plays=60 min_play_iterations=71 selected_source_rank=0 oracle_best_source_rank=0 candidate_best_source_rank=0 candidate_regret=0.000000000 sampling_regret=0.000000000 total_regret=0.000000000 spread_delta=+0.000000000 iterations=42857 nodes=299999 node_shortfall=0
COMBINED_SWEEP_POSITION position=30215 game=8517 bag=86 num_plies=6 num_plays=60 min_play_iterations=71 selected_source_rank=1 oracle_best_source_rank=0 candidate_best_source_rank=0 candidate_regret=0.000000000 sampling_regret=0.026943598 total_regret=0.026943598 spread_delta=+8.476562500 iterations=42857 nodes=299999 node_shortfall=0
COMBINED_SWEEP_POSITION position=30216 game=8517 bag=79 num_plies=6 num_plays=60 min_play_iterations=71 selected_source_rank=0 oracle_best_source_rank=0 candidate_best_source_rank=0 candidate_regret=0.000000000 sampling_regret=0.000000000 total_regret=0.000000000 spread_delta=+0.000000000 iterations=42857 nodes=299999 node_shortfall=0
COMBINED_SWEEP_POSITION position=30217 game=8517 bag=72 num_plies=6 num_plays=60 min_play_iterations=71 selected_source_rank=0 oracle_best_source_rank=5 candidate_best_source_rank=5 candidate_regret=0.000000000 sampling_regret=0.005921684 total_regret=0.005921684 spread_delta=-7.554687500 iterations=42857 nodes=299999 node_shortfall=0
COMBINED_SWEEP_POSITION position=30218 game=8517 bag=66 num_plies=6 num_plays=60 min_play_iterations=71 selected_source_rank=1 oracle_best_source_rank=14 candidate_best_source_rank=14 candidate_regret=0.000000000 sampling_regret=0.048005520 total_regret=0.048005520 spread_delta=-3.371093750 iterations=42857 nodes=299999 node_shortfall=0
COMBINED_SWEEP_POSITION position=30219 game=8517 bag=62 num_plies=6 num_plays=60 min_play_iterations=71 selected_source_rank=0 oracle_best_source_rank=0 candidate_best_source_rank=0 candidate_regret=0.000000000 sampling_regret=0.000000000 total_regret=0.000000000 spread_delta=+0.000000000 iterations=42857 nodes=299999 node_shortfall=0
COMBINED_SWEEP_POSITION position=30220 game=8517 bag=55 num_plies=6 num_plays=60 min_play_iterations=71 selected_source_rank=0 oracle_best_source_rank=0 candidate_best_source_rank=0 candidate_regret=0.000000000 sampling_regret=0.000000000 total_regret=0.000000000 spread_delta=+0.000000000 iterations=42857 nodes=299999 node_shortfall=0
COMBINED_SWEEP_POSITION position=30221 game=8517 bag=50 num_plies=6 num_plays=60 min_play_iterations=71 selected_source_rank=0 oracle_best_source_rank=2 candidate_best_source_rank=2 candidate_regret=0.000000000 sampling_regret=0.016036687 total_regret=0.016036687 spread_delta=-0.585937500 iterations=42857 nodes=299999 node_shortfall=0
COMBINED_SWEEP_POSITION position=30227 game=8518 bag=86 num_plies=6 num_plays=60 min_play_iterations=71 selected_source_rank=0 oracle_best_source_rank=0 candidate_best_source_rank=0 candidate_regret=0.000000000 sampling_regret=0.000000000 total_regret=0.000000000 spread_delta=+0.000000000 iterations=42857 nodes=299999 node_shortfall=0
COMBINED_SWEEP_POSITION position=30228 game=8518 bag=81 num_plies=6 num_plays=60 min_play_iterations=71 selected_source_rank=0 oracle_best_source_rank=5 candidate_best_source_rank=5 candidate_regret=0.000000000 sampling_regret=0.053340923 total_regret=0.053340923 spread_delta=-6.339843750 iterations=42857 nodes=299999 node_shortfall=0
COMBINED_SWEEP_POSITION position=30229 game=8518 bag=76 num_plies=6 num_plays=60 min_play_iterations=71 selected_source_rank=0 oracle_best_source_rank=0 candidate_best_source_rank=0 candidate_regret=0.000000000 sampling_regret=0.000000000 total_regret=0.000000000 spread_delta=+0.000000000 iterations=42857 nodes=299999 node_shortfall=0
COMBINED_SWEEP_POSITION position=30230 game=8518 bag=72 num_plies=6 num_plays=60 min_play_iterations=71 selected_source_rank=0 oracle_best_source_rank=20 candidate_best_source_rank=20 candidate_regret=0.000000000 sampling_regret=0.021546648 total_regret=0.021546648 spread_delta=-6.339843750 iterations=42857 nodes=299999 node_shortfall=0
COMBINED_SWEEP_POSITION position=30231 game=8518 bag=69 num_plies=6 num_plays=60 min_play_iterations=71 selected_source_rank=0 oracle_best_source_rank=0 candidate_best_source_rank=0 candidate_regret=0.000000000 sampling_regret=0.000000000 total_regret=0.000000000 spread_delta=+0.000000000 iterations=42857 nodes=299999 node_shortfall=0
COMBINED_SWEEP_POSITION position=30232 game=8518 bag=62 num_plies=6 num_plays=60 min_play_iterations=71 selected_source_rank=0 oracle_best_source_rank=0 candidate_best_source_rank=0 candidate_regret=0.000000000 sampling_regret=0.000000000 total_regret=0.000000000 spread_delta=+0.000000000 iterations=42857 nodes=299999 node_shortfall=0
COMBINED_SWEEP_POSITION position=30233 game=8518 bag=57 num_plies=6 num_plays=60 min_play_iterations=71 selected_source_rank=0 oracle_best_source_rank=0 candidate_best_source_rank=0 candidate_regret=0.000000000 sampling_regret=0.000000000 total_regret=0.000000000 spread_delta=+0.000000000 iterations=42857 nodes=299999 node_shortfall=0
COMBINED_SWEEP_POSITION position=30234 game=8518 bag=54 num_plies=6 num_plays=60 min_play_iterations=71 selected_source_rank=0 oracle_best_source_rank=4 candidate_best_source_rank=4 candidate_regret=0.000000000 sampling_regret=0.010357072 total_regret=0.010357072 spread_delta=-4.738281250 iterations=42857 nodes=299999 node_shortfall=0
COMBINED_SWEEP_POSITION position=30235 game=8518 bag=50 num_plies=6 num_plays=60 min_play_iterations=71 selected_source_rank=2 oracle_best_source_rank=5 candidate_best_source_rank=5 candidate_regret=0.000000000 sampling_regret=0.043687986 total_regret=0.043687986 spread_delta=-5.132812500 iterations=42857 nodes=299999 node_shortfall=0
COMBINED_SWEEP_POSITION position=30239 game=8519 bag=86 num_plies=6 num_plays=60 min_play_iterations=71 selected_source_rank=2 oracle_best_source_rank=1 candidate_best_source_rank=1 candidate_regret=0.000000000 sampling_regret=0.010579651 total_regret=0.010579651 spread_delta=+0.925781250 iterations=42857 nodes=299999 node_shortfall=0
COMBINED_SWEEP_POSITION position=30240 game=8519 bag=79 num_plies=6 num_plays=60 min_play_iterations=71 selected_source_rank=5 oracle_best_source_rank=25 candidate_best_source_rank=25 candidate_regret=0.000000000 sampling_regret=0.035814319 total_regret=0.035814319 spread_delta=-5.062500000 iterations=42857 nodes=299999 node_shortfall=0
COMBINED_SWEEP_POSITION position=30241 game=8519 bag=76 num_plies=6 num_plays=60 min_play_iterations=71 selected_source_rank=0 oracle_best_source_rank=0 candidate_best_source_rank=0 candidate_regret=0.000000000 sampling_regret=0.000000000 total_regret=0.000000000 spread_delta=+0.000000000 iterations=42857 nodes=299999 node_shortfall=0
COMBINED_SWEEP_POSITION position=30242 game=8519 bag=72 num_plies=6 num_plays=60 min_play_iterations=71 selected_source_rank=0 oracle_best_source_rank=8 candidate_best_source_rank=8 candidate_regret=0.000000000 sampling_regret=0.024977199 total_regret=0.024977199 spread_delta=-4.355468750 iterations=42857 nodes=299999 node_shortfall=0
COMBINED_SWEEP_POSITION position=30243 game=8519 bag=69 num_plies=6 num_plays=60 min_play_iterations=71 selected_source_rank=1 oracle_best_source_rank=5 candidate_best_source_rank=5 candidate_regret=0.000000000 sampling_regret=0.078419133 total_regret=0.078419133 spread_delta=-17.824218750 iterations=42857 nodes=299999 node_shortfall=0
COMBINED_SWEEP_POSITION position=30244 game=8519 bag=64 num_plies=6 num_plays=60 min_play_iterations=71 selected_source_rank=0 oracle_best_source_rank=0 candidate_best_source_rank=0 candidate_regret=0.000000000 sampling_regret=0.000000000 total_regret=0.000000000 spread_delta=+0.000000000 iterations=42857 nodes=299999 node_shortfall=0
COMBINED_SWEEP_POSITION position=30245 game=8519 bag=57 num_plies=6 num_plays=60 min_play_iterations=71 selected_source_rank=2 oracle_best_source_rank=1 candidate_best_source_rank=1 candidate_regret=0.000000000 sampling_regret=0.003105691 total_regret=0.003105691 spread_delta=+4.628906250 iterations=42857 nodes=299999 node_shortfall=0
COMBINED_SWEEP_POSITION position=30246 game=8519 bag=54 num_plies=6 num_plays=60 min_play_iterations=71 selected_source_rank=2 oracle_best_source_rank=1 candidate_best_source_rank=1 candidate_regret=0.000000000 sampling_regret=0.045235034 total_regret=0.045235034 spread_delta=-11.046875000 iterations=42857 nodes=299999 node_shortfall=0
COMBINED_SWEEP_POSITION position=30252 game=8520 bag=86 num_plies=6 num_plays=60 min_play_iterations=71 selected_source_rank=0 oracle_best_source_rank=0 candidate_best_source_rank=0 candidate_regret=0.000000000 sampling_regret=0.000000000 total_regret=0.000000000 spread_delta=+0.000000000 iterations=42857 nodes=299999 node_shortfall=0
COMBINED_SWEEP_POSITION position=30253 game=8520 bag=80 num_plies=6 num_plays=60 min_play_iterations=71 selected_source_rank=0 oracle_best_source_rank=1 candidate_best_source_rank=1 candidate_regret=0.000000000 sampling_regret=0.022547425 total_regret=0.022547425 spread_delta=+0.882812500 iterations=42857 nodes=299999 node_shortfall=0
COMBINED_SWEEP_POSITION position=30254 game=8520 bag=74 num_plies=6 num_plays=60 min_play_iterations=71 selected_source_rank=0 oracle_best_source_rank=19 candidate_best_source_rank=19 candidate_regret=0.000000000 sampling_regret=0.022739987 total_regret=0.022739987 spread_delta=-4.054687500 iterations=42857 nodes=299999 node_shortfall=0
COMBINED_SWEEP_POSITION position=30255 game=8520 bag=71 num_plies=6 num_plays=60 min_play_iterations=71 selected_source_rank=0 oracle_best_source_rank=1 candidate_best_source_rank=1 candidate_regret=0.000000000 sampling_regret=0.013539401 total_regret=0.013539401 spread_delta=-0.304687500 iterations=42857 nodes=299999 node_shortfall=0
COMBINED_SWEEP_POSITION position=30256 game=8520 bag=69 num_plies=6 num_plays=60 min_play_iterations=71 selected_source_rank=7 oracle_best_source_rank=0 candidate_best_source_rank=0 candidate_regret=0.000000000 sampling_regret=0.010155944 total_regret=0.010155944 spread_delta=-7.042968750 iterations=42857 nodes=299999 node_shortfall=0
COMBINED_SWEEP_POSITION position=30257 game=8520 bag=63 num_plies=6 num_plays=60 min_play_iterations=71 selected_source_rank=0 oracle_best_source_rank=0 candidate_best_source_rank=0 candidate_regret=0.000000000 sampling_regret=0.000000000 total_regret=0.000000000 spread_delta=+0.000000000 iterations=42857 nodes=299999 node_shortfall=0
COMBINED_SWEEP_POSITION position=30258 game=8520 bag=56 num_plies=6 num_plays=60 min_play_iterations=71 selected_source_rank=0 oracle_best_source_rank=0 candidate_best_source_rank=0 candidate_regret=0.000000000 sampling_regret=0.000000000 total_regret=0.000000000 spread_delta=+0.000000000 iterations=42857 nodes=299999 node_shortfall=0
COMBINED_SWEEP_POSITION position=30259 game=8520 bag=51 num_plies=6 num_plays=60 min_play_iterations=71 selected_source_rank=0 oracle_best_source_rank=0 candidate_best_source_rank=0 candidate_regret=0.000000000 sampling_regret=0.000000000 total_regret=0.000000000 spread_delta=+0.000000000 iterations=42857 nodes=299999 node_shortfall=0
COMBINED_SWEEP_POSITION position=30265 game=8521 bag=86 num_plies=6 num_plays=60 min_play_iterations=71 selected_source_rank=6 oracle_best_source_rank=7 candidate_best_source_rank=7 candidate_regret=0.000000000 sampling_regret=0.006636894 total_regret=0.006636894 spread_delta=+4.019531250 iterations=42857 nodes=299999 node_shortfall=0
COMBINED_SWEEP_POSITION position=30266 game=8521 bag=81 num_plies=6 num_plays=60 min_play_iterations=71 selected_source_rank=0 oracle_best_source_rank=3 candidate_best_source_rank=3 candidate_regret=0.000000000 sampling_regret=0.032200919 total_regret=0.032200919 spread_delta=-8.171875000 iterations=42857 nodes=299999 node_shortfall=0
COMBINED_SWEEP_POSITION position=30267 game=8521 bag=74 num_plies=6 num_plays=60 min_play_iterations=71 selected_source_rank=0 oracle_best_source_rank=9 candidate_best_source_rank=9 candidate_regret=0.000000000 sampling_regret=0.046508460 total_regret=0.046508460 spread_delta=-2.101562500 iterations=42857 nodes=299999 node_shortfall=0
COMBINED_SWEEP_POSITION position=30268 game=8521 bag=68 num_plies=6 num_plays=60 min_play_iterations=71 selected_source_rank=0 oracle_best_source_rank=0 candidate_best_source_rank=0 candidate_regret=0.000000000 sampling_regret=0.000000000 total_regret=0.000000000 spread_delta=+0.000000000 iterations=42857 nodes=299999 node_shortfall=0
COMBINED_SWEEP_POSITION position=30269 game=8521 bag=61 num_plies=6 num_plays=60 min_play_iterations=71 selected_source_rank=1 oracle_best_source_rank=1 candidate_best_source_rank=1 candidate_regret=0.000000000 sampling_regret=0.000000000 total_regret=0.000000000 spread_delta=+0.000000000 iterations=42857 nodes=299999 node_shortfall=0
COMBINED_SWEEP_POSITION position=30270 game=8521 bag=58 num_plies=6 num_plays=60 min_play_iterations=71 selected_source_rank=3 oracle_best_source_rank=3 candidate_best_source_rank=3 candidate_regret=0.000000000 sampling_regret=0.000000000 total_regret=0.000000000 spread_delta=+0.000000000 iterations=42857 nodes=299999 node_shortfall=0
COMBINED_SWEEP_POSITION position=30271 game=8521 bag=54 num_plies=6 num_plays=60 min_play_iterations=71 selected_source_rank=0 oracle_best_source_rank=0 candidate_best_source_rank=0 candidate_regret=0.000000000 sampling_regret=0.000000000 total_regret=0.000000000 spread_delta=+0.000000000 iterations=42857 nodes=299999 node_shortfall=0
COMBINED_SWEEP_POSITION position=30277 game=8522 bag=86 num_plies=6 num_plays=60 min_play_iterations=71 selected_source_rank=0 oracle_best_source_rank=5 candidate_best_source_rank=5 candidate_regret=0.000000000 sampling_regret=0.002909300 total_regret=0.002909300 spread_delta=+1.703125000 iterations=42857 nodes=299999 node_shortfall=0
COMBINED_SWEEP_POSITION position=30278 game=8522 bag=83 num_plies=6 num_plays=60 min_play_iterations=71 selected_source_rank=2 oracle_best_source_rank=12 candidate_best_source_rank=12 candidate_regret=0.000000000 sampling_regret=0.042870558 total_regret=0.042870558 spread_delta=-3.316406250 iterations=42857 nodes=299999 node_shortfall=0
COMBINED_SWEEP_POSITION position=30279 game=8522 bag=76 num_plies=6 num_plays=60 min_play_iterations=71 selected_source_rank=42 oracle_best_source_rank=2 candidate_best_source_rank=2 candidate_regret=0.000000000 sampling_regret=0.039185781 total_regret=0.039185781 spread_delta=-2.953125000 iterations=42857 nodes=299999 node_shortfall=0
COMBINED_SWEEP_POSITION position=30280 game=8522 bag=73 num_plies=6 num_plays=60 min_play_iterations=71 selected_source_rank=0 oracle_best_source_rank=5 candidate_best_source_rank=5 candidate_regret=0.000000000 sampling_regret=0.040743501 total_regret=0.040743501 spread_delta=-6.453125000 iterations=42857 nodes=299999 node_shortfall=0
COMBINED_SWEEP_POSITION position=30281 game=8522 bag=69 num_plies=6 num_plays=60 min_play_iterations=71 selected_source_rank=0 oracle_best_source_rank=0 candidate_best_source_rank=0 candidate_regret=0.000000000 sampling_regret=0.000000000 total_regret=0.000000000 spread_delta=+0.000000000 iterations=42857 nodes=299999 node_shortfall=0
COMBINED_SWEEP_POSITION position=30282 game=8522 bag=62 num_plies=6 num_plays=60 min_play_iterations=71 selected_source_rank=0 oracle_best_source_rank=0 candidate_best_source_rank=0 candidate_regret=0.000000000 sampling_regret=0.000000000 total_regret=0.000000000 spread_delta=+0.000000000 iterations=42857 nodes=299999 node_shortfall=0
COMBINED_SWEEP_POSITION position=30283 game=8522 bag=55 num_plies=6 num_plays=60 min_play_iterations=71 selected_source_rank=0 oracle_best_source_rank=0 candidate_best_source_rank=0 candidate_regret=0.000000000 sampling_regret=0.000000000 total_regret=0.000000000 spread_delta=+0.000000000 iterations=42857 nodes=299999 node_shortfall=0
COMBINED_SWEEP_POSITION position=30284 game=8522 bag=51 num_plies=6 num_plays=60 min_play_iterations=71 selected_source_rank=0 oracle_best_source_rank=5 candidate_best_source_rank=5 candidate_regret=0.000000000 sampling_regret=0.025613582 total_regret=0.025613582 spread_delta=-0.894531250 iterations=42857 nodes=299999 node_shortfall=0
COMBINED_SWEEP_POSITION position=30290 game=8523 bag=86 num_plies=6 num_plays=60 min_play_iterations=71 selected_source_rank=5 oracle_best_source_rank=35 candidate_best_source_rank=35 candidate_regret=0.000000000 sampling_regret=0.043301224 total_regret=0.043301224 spread_delta=-4.578125000 iterations=42857 nodes=299999 node_shortfall=0
COMBINED_SWEEP_POSITION position=30291 game=8523 bag=83 num_plies=6 num_plays=60 min_play_iterations=71 selected_source_rank=12 oracle_best_source_rank=6 candidate_best_source_rank=6 candidate_regret=0.000000000 sampling_regret=0.004195513 total_regret=0.004195513 spread_delta=-3.441406250 iterations=42857 nodes=299999 node_shortfall=0
COMBINED_SWEEP_POSITION position=30292 game=8523 bag=78 num_plies=6 num_plays=60 min_play_iterations=71 selected_source_rank=0 oracle_best_source_rank=7 candidate_best_source_rank=7 candidate_regret=0.000000000 sampling_regret=0.006625180 total_regret=0.006625180 spread_delta=+3.632812500 iterations=42857 nodes=299999 node_shortfall=0
COMBINED_SWEEP_POSITION position=30293 game=8523 bag=71 num_plies=6 num_plays=60 min_play_iterations=71 selected_source_rank=0 oracle_best_source_rank=4 candidate_best_source_rank=4 candidate_regret=0.000000000 sampling_regret=0.018432236 total_regret=0.018432236 spread_delta=-3.988281250 iterations=42857 nodes=299999 node_shortfall=0
COMBINED_SWEEP_POSITION position=30294 game=8523 bag=67 num_plies=6 num_plays=60 min_play_iterations=71 selected_source_rank=1 oracle_best_source_rank=12 candidate_best_source_rank=12 candidate_regret=0.000000000 sampling_regret=0.010647555 total_regret=0.010647555 spread_delta=-4.191406250 iterations=42857 nodes=299999 node_shortfall=0
COMBINED_SWEEP_POSITION position=30295 game=8523 bag=64 num_plies=6 num_plays=60 min_play_iterations=71 selected_source_rank=0 oracle_best_source_rank=3 candidate_best_source_rank=3 candidate_regret=0.000000000 sampling_regret=0.023462257 total_regret=0.023462257 spread_delta=-9.796875000 iterations=42857 nodes=299999 node_shortfall=0
COMBINED_SWEEP_POSITION position=30296 game=8523 bag=62 num_plies=6 num_plays=60 min_play_iterations=71 selected_source_rank=2 oracle_best_source_rank=14 candidate_best_source_rank=14 candidate_regret=0.000000000 sampling_regret=0.048435658 total_regret=0.048435658 spread_delta=-4.105468750 iterations=42857 nodes=299999 node_shortfall=0
COMBINED_SWEEP_POSITION position=30297 game=8523 bag=58 num_plies=6 num_plays=60 min_play_iterations=71 selected_source_rank=0 oracle_best_source_rank=0 candidate_best_source_rank=0 candidate_regret=0.000000000 sampling_regret=0.000000000 total_regret=0.000000000 spread_delta=+0.000000000 iterations=42857 nodes=299999 node_shortfall=0
COMBINED_SWEEP_POSITION position=30298 game=8523 bag=51 num_plies=6 num_plays=60 min_play_iterations=71 selected_source_rank=1 oracle_best_source_rank=1 candidate_best_source_rank=1 candidate_regret=0.000000000 sampling_regret=0.000000000 total_regret=0.000000000 spread_delta=+0.000000000 iterations=42857 nodes=299999 node_shortfall=0
COMBINED_SWEEP_POSITION position=30304 game=8524 bag=86 num_plies=6 num_plays=60 min_play_iterations=71 selected_source_rank=0 oracle_best_source_rank=0 candidate_best_source_rank=0 candidate_regret=0.000000000 sampling_regret=0.000000000 total_regret=0.000000000 spread_delta=+0.000000000 iterations=42857 nodes=299999 node_shortfall=0
COMBINED_SWEEP_POSITION position=30305 game=8524 bag=81 num_plies=6 num_plays=60 min_play_iterations=71 selected_source_rank=0 oracle_best_source_rank=0 candidate_best_source_rank=0 candidate_regret=0.000000000 sampling_regret=0.000000000 total_regret=0.000000000 spread_delta=+0.000000000 iterations=42857 nodes=299999 node_shortfall=0
COMBINED_SWEEP_POSITION position=30306 game=8524 bag=74 num_plies=6 num_plays=60 min_play_iterations=71 selected_source_rank=1 oracle_best_source_rank=1 candidate_best_source_rank=1 candidate_regret=0.000000000 sampling_regret=0.000000000 total_regret=0.000000000 spread_delta=+0.000000000 iterations=42857 nodes=299999 node_shortfall=0
COMBINED_SWEEP_POSITION position=30307 game=8524 bag=72 num_plies=6 num_plays=60 min_play_iterations=71 selected_source_rank=0 oracle_best_source_rank=13 candidate_best_source_rank=13 candidate_regret=0.000000000 sampling_regret=0.017526369 total_regret=0.017526369 spread_delta=+7.816406250 iterations=42857 nodes=299999 node_shortfall=0
COMBINED_SWEEP_POSITION position=30308 game=8524 bag=68 num_plies=6 num_plays=60 min_play_iterations=71 selected_source_rank=0 oracle_best_source_rank=3 candidate_best_source_rank=3 candidate_regret=0.000000000 sampling_regret=0.016226334 total_regret=0.016226334 spread_delta=-2.667968750 iterations=42857 nodes=299999 node_shortfall=0
COMBINED_SWEEP_POSITION position=30309 game=8524 bag=65 num_plies=6 num_plays=60 min_play_iterations=71 selected_source_rank=0 oracle_best_source_rank=0 candidate_best_source_rank=0 candidate_regret=0.000000000 sampling_regret=0.000000000 total_regret=0.000000000 spread_delta=+0.000000000 iterations=42857 nodes=299999 node_shortfall=0
COMBINED_SWEEP_POSITION position=30310 game=8524 bag=59 num_plies=6 num_plays=60 min_play_iterations=71 selected_source_rank=0 oracle_best_source_rank=2 candidate_best_source_rank=2 candidate_regret=0.000000000 sampling_regret=0.026010309 total_regret=0.026010309 spread_delta=-4.101562500 iterations=42857 nodes=299999 node_shortfall=0
COMBINED_SWEEP_POSITION position=30311 game=8524 bag=56 num_plies=6 num_plays=60 min_play_iterations=71 selected_source_rank=0 oracle_best_source_rank=0 candidate_best_source_rank=0 candidate_regret=0.000000000 sampling_regret=0.000000000 total_regret=0.000000000 spread_delta=+0.000000000 iterations=42857 nodes=299999 node_shortfall=0
COMBINED_SWEEP_POSITION position=30318 game=8525 bag=86 num_plies=6 num_plays=60 min_play_iterations=71 selected_source_rank=2 oracle_best_source_rank=2 candidate_best_source_rank=2 candidate_regret=0.000000000 sampling_regret=0.000000000 total_regret=0.000000000 spread_delta=+0.000000000 iterations=42857 nodes=299999 node_shortfall=0
COMBINED_SWEEP_POSITION position=30319 game=8525 bag=81 num_plies=6 num_plays=60 min_play_iterations=71 selected_source_rank=0 oracle_best_source_rank=0 candidate_best_source_rank=0 candidate_regret=0.000000000 sampling_regret=0.000000000 total_regret=0.000000000 spread_delta=+0.000000000 iterations=42857 nodes=299999 node_shortfall=0
COMBINED_SWEEP_POSITION position=30320 game=8525 bag=74 num_plies=6 num_plays=60 min_play_iterations=71 selected_source_rank=6 oracle_best_source_rank=27 candidate_best_source_rank=27 candidate_regret=0.000000000 sampling_regret=0.029913534 total_regret=0.029913534 spread_delta=-1.375000000 iterations=42857 nodes=299999 node_shortfall=0
COMBINED_SWEEP_POSITION position=30321 game=8525 bag=69 num_plies=6 num_plays=60 min_play_iterations=71 selected_source_rank=0 oracle_best_source_rank=0 candidate_best_source_rank=0 candidate_regret=0.000000000 sampling_regret=0.000000000 total_regret=0.000000000 spread_delta=+0.000000000 iterations=42857 nodes=299999 node_shortfall=0
COMBINED_SWEEP_POSITION position=30322 game=8525 bag=65 num_plies=6 num_plays=60 min_play_iterations=71 selected_source_rank=0 oracle_best_source_rank=0 candidate_best_source_rank=0 candidate_regret=0.000000000 sampling_regret=0.000000000 total_regret=0.000000000 spread_delta=+0.000000000 iterations=42857 nodes=299999 node_shortfall=0
COMBINED_SWEEP_POSITION position=30323 game=8525 bag=63 num_plies=6 num_plays=60 min_play_iterations=71 selected_source_rank=0 oracle_best_source_rank=0 candidate_best_source_rank=0 candidate_regret=0.000000000 sampling_regret=0.000000000 total_regret=0.000000000 spread_delta=+0.000000000 iterations=42857 nodes=299999 node_shortfall=0
COMBINED_SWEEP_POSITION position=30324 game=8525 bag=60 num_plies=6 num_plays=60 min_play_iterations=71 selected_source_rank=1 oracle_best_source_rank=1 candidate_best_source_rank=1 candidate_regret=0.000000000 sampling_regret=0.000000000 total_regret=0.000000000 spread_delta=+0.000000000 iterations=42857 nodes=299999 node_shortfall=0
COMBINED_SWEEP_POSITION position=30325 game=8525 bag=56 num_plies=6 num_plays=60 min_play_iterations=71 selected_source_rank=3 oracle_best_source_rank=3 candidate_best_source_rank=3 candidate_regret=0.000000000 sampling_regret=0.000000000 total_regret=0.000000000 spread_delta=+0.000000000 iterations=42857 nodes=299999 node_shortfall=0
COMBINED_SWEEP_POSITION position=30326 game=8525 bag=52 num_plies=6 num_plays=60 min_play_iterations=71 selected_source_rank=0 oracle_best_source_rank=0 candidate_best_source_rank=0 candidate_regret=0.000000000 sampling_regret=0.000000000 total_regret=0.000000000 spread_delta=+0.000000000 iterations=42857 nodes=299999 node_shortfall=0
COMBINED_SWEEP_POSITION position=30333 game=8526 bag=86 num_plies=6 num_plays=60 min_play_iterations=71 selected_source_rank=2 oracle_best_source_rank=5 candidate_best_source_rank=5 candidate_regret=0.000000000 sampling_regret=0.019391952 total_regret=0.019391952 spread_delta=+0.085937500 iterations=42857 nodes=299999 node_shortfall=0
COMBINED_SWEEP_POSITION position=30334 game=8526 bag=81 num_plies=6 num_plays=60 min_play_iterations=71 selected_source_rank=0 oracle_best_source_rank=2 candidate_best_source_rank=2 candidate_regret=0.000000000 sampling_regret=0.046344719 total_regret=0.046344719 spread_delta=-3.375000000 iterations=42857 nodes=299999 node_shortfall=0
COMBINED_SWEEP_POSITION position=30335 game=8526 bag=77 num_plies=6 num_plays=60 min_play_iterations=71 selected_source_rank=0 oracle_best_source_rank=0 candidate_best_source_rank=0 candidate_regret=0.000000000 sampling_regret=0.000000000 total_regret=0.000000000 spread_delta=+0.000000000 iterations=42857 nodes=299999 node_shortfall=0
COMBINED_SWEEP_POSITION position=30336 game=8526 bag=73 num_plies=6 num_plays=60 min_play_iterations=71 selected_source_rank=0 oracle_best_source_rank=8 candidate_best_source_rank=8 candidate_regret=0.000000000 sampling_regret=0.035906718 total_regret=0.035906718 spread_delta=-2.574218750 iterations=42857 nodes=299999 node_shortfall=0
COMBINED_SWEEP_POSITION position=30337 game=8526 bag=67 num_plies=6 num_plays=60 min_play_iterations=71 selected_source_rank=0 oracle_best_source_rank=23 candidate_best_source_rank=23 candidate_regret=0.000000000 sampling_regret=0.019416615 total_regret=0.019416615 spread_delta=+4.679687500 iterations=42857 nodes=299999 node_shortfall=0
COMBINED_SWEEP_POSITION position=30338 game=8526 bag=62 num_plies=6 num_plays=60 min_play_iterations=71 selected_source_rank=0 oracle_best_source_rank=0 candidate_best_source_rank=0 candidate_regret=0.000000000 sampling_regret=0.000000000 total_regret=0.000000000 spread_delta=+0.000000000 iterations=42857 nodes=299999 node_shortfall=0
COMBINED_SWEEP_POSITION position=30339 game=8526 bag=60 num_plies=6 num_plays=60 min_play_iterations=71 selected_source_rank=0 oracle_best_source_rank=0 candidate_best_source_rank=0 candidate_regret=0.000000000 sampling_regret=0.000000000 total_regret=0.000000000 spread_delta=+0.000000000 iterations=42857 nodes=299999 node_shortfall=0
COMBINED_SWEEP_POSITION position=30340 game=8526 bag=54 num_plies=6 num_plays=60 min_play_iterations=71 selected_source_rank=0 oracle_best_source_rank=0 candidate_best_source_rank=0 candidate_regret=0.000000000 sampling_regret=0.000000000 total_regret=0.000000000 spread_delta=+0.000000000 iterations=42857 nodes=299999 node_shortfall=0
COMBINED_SWEEP_POSITION position=30347 game=8527 bag=86 num_plies=6 num_plays=60 min_play_iterations=71 selected_source_rank=0 oracle_best_source_rank=5 candidate_best_source_rank=5 candidate_regret=0.000000000 sampling_regret=0.019990811 total_regret=0.019990811 spread_delta=-4.480468750 iterations=42857 nodes=299999 node_shortfall=0
COMBINED_SWEEP_POSITION position=30348 game=8527 bag=81 num_plies=6 num_plays=60 min_play_iterations=71 selected_source_rank=0 oracle_best_source_rank=3 candidate_best_source_rank=3 candidate_regret=0.000000000 sampling_regret=0.007750621 total_regret=0.007750621 spread_delta=-2.316406250 iterations=42857 nodes=299999 node_shortfall=0
COMBINED_SWEEP_POSITION position=30349 game=8527 bag=74 num_plies=6 num_plays=60 min_play_iterations=71 selected_source_rank=1 oracle_best_source_rank=1 candidate_best_source_rank=1 candidate_regret=0.000000000 sampling_regret=0.000000000 total_regret=0.000000000 spread_delta=+0.000000000 iterations=42857 nodes=299999 node_shortfall=0
COMBINED_SWEEP_POSITION position=30350 game=8527 bag=70 num_plies=6 num_plays=60 min_play_iterations=71 selected_source_rank=0 oracle_best_source_rank=0 candidate_best_source_rank=0 candidate_regret=0.000000000 sampling_regret=0.000000000 total_regret=0.000000000 spread_delta=+0.000000000 iterations=42857 nodes=299999 node_shortfall=0
COMBINED_SWEEP_POSITION position=30351 game=8527 bag=65 num_plies=6 num_plays=60 min_play_iterations=71 selected_source_rank=0 oracle_best_source_rank=1 candidate_best_source_rank=1 candidate_regret=0.000000000 sampling_regret=0.008193371 total_regret=0.008193371 spread_delta=+0.437500000 iterations=42857 nodes=299999 node_shortfall=0
COMBINED_SWEEP_POSITION position=30352 game=8527 bag=61 num_plies=6 num_plays=60 min_play_iterations=71 selected_source_rank=0 oracle_best_source_rank=6 candidate_best_source_rank=6 candidate_regret=0.000000000 sampling_regret=0.013824091 total_regret=0.013824091 spread_delta=+9.593750000 iterations=42857 nodes=299999 node_shortfall=0
COMBINED_SWEEP_POSITION position=30353 game=8527 bag=59 num_plies=6 num_plays=60 min_play_iterations=71 selected_source_rank=0 oracle_best_source_rank=0 candidate_best_source_rank=0 candidate_regret=0.000000000 sampling_regret=0.000000000 total_regret=0.000000000 spread_delta=+0.000000000 iterations=42857 nodes=299999 node_shortfall=0
COMBINED_SWEEP_POSITION position=30354 game=8527 bag=52 num_plies=6 num_plays=60 min_play_iterations=71 selected_source_rank=0 oracle_best_source_rank=0 candidate_best_source_rank=0 candidate_regret=0.000000000 sampling_regret=0.000000000 total_regret=0.000000000 spread_delta=+0.000000000 iterations=42857 nodes=299999 node_shortfall=0
COMBINED_SWEEP_POSITION position=30360 game=8528 bag=86 num_plies=6 num_plays=60 min_play_iterations=71 selected_source_rank=3 oracle_best_source_rank=50 candidate_best_source_rank=50 candidate_regret=0.000000000 sampling_regret=0.055947968 total_regret=0.055947968 spread_delta=-17.167968750 iterations=42857 nodes=299999 node_shortfall=0
COMBINED_SWEEP_POSITION position=30361 game=8528 bag=81 num_plies=6 num_plays=60 min_play_iterations=71 selected_source_rank=1 oracle_best_source_rank=1 candidate_best_source_rank=1 candidate_regret=0.000000000 sampling_regret=0.000000000 total_regret=0.000000000 spread_delta=+0.000000000 iterations=42857 nodes=299999 node_shortfall=0
COMBINED_SWEEP_POSITION position=30362 game=8528 bag=76 num_plies=6 num_plays=60 min_play_iterations=71 selected_source_rank=0 oracle_best_source_rank=0 candidate_best_source_rank=0 candidate_regret=0.000000000 sampling_regret=0.000000000 total_regret=0.000000000 spread_delta=+0.000000000 iterations=42857 nodes=299999 node_shortfall=0
COMBINED_SWEEP_POSITION position=30363 game=8528 bag=71 num_plies=6 num_plays=60 min_play_iterations=71 selected_source_rank=0 oracle_best_source_rank=6 candidate_best_source_rank=6 candidate_regret=0.000000000 sampling_regret=0.011906284 total_regret=0.011906284 spread_delta=+3.312500000 iterations=42857 nodes=299999 node_shortfall=0
COMBINED_SWEEP_POSITION position=30364 game=8528 bag=66 num_plies=6 num_plays=60 min_play_iterations=71 selected_source_rank=0 oracle_best_source_rank=0 candidate_best_source_rank=0 candidate_regret=0.000000000 sampling_regret=0.000000000 total_regret=0.000000000 spread_delta=+0.000000000 iterations=42857 nodes=299999 node_shortfall=0
COMBINED_SWEEP_POSITION position=30365 game=8528 bag=59 num_plies=6 num_plays=60 min_play_iterations=71 selected_source_rank=0 oracle_best_source_rank=0 candidate_best_source_rank=0 candidate_regret=0.000000000 sampling_regret=0.000000000 total_regret=0.000000000 spread_delta=+0.000000000 iterations=42857 nodes=299999 node_shortfall=0
COMBINED_SWEEP_POSITION position=30366 game=8528 bag=56 num_plies=6 num_plays=60 min_play_iterations=71 selected_source_rank=0 oracle_best_source_rank=0 candidate_best_source_rank=0 candidate_regret=0.000000000 sampling_regret=0.000000000 total_regret=0.000000000 spread_delta=+0.000000000 iterations=42857 nodes=299999 node_shortfall=0
COMBINED_SWEEP_POSITION position=30367 game=8528 bag=52 num_plies=6 num_plays=60 min_play_iterations=71 selected_source_rank=0 oracle_best_source_rank=0 candidate_best_source_rank=0 candidate_regret=0.000000000 sampling_regret=0.000000000 total_regret=0.000000000 spread_delta=+0.000000000 iterations=42857 nodes=299999 node_shortfall=0
COMBINED_SWEEP_POSITION position=30368 game=8528 bag=50 num_plies=6 num_plays=60 min_play_iterations=71 selected_source_rank=0 oracle_best_source_rank=20 candidate_best_source_rank=20 candidate_regret=0.000000000 sampling_regret=0.003622839 total_regret=0.003622839 spread_delta=+8.652343750 iterations=42857 nodes=299999 node_shortfall=0
COMBINED_SWEEP_POSITION position=30373 game=8529 bag=86 num_plies=6 num_plays=60 min_play_iterations=71 selected_source_rank=0 oracle_best_source_rank=0 candidate_best_source_rank=0 candidate_regret=0.000000000 sampling_regret=0.000000000 total_regret=0.000000000 spread_delta=+0.000000000 iterations=42857 nodes=299999 node_shortfall=0
COMBINED_SWEEP_POSITION position=30374 game=8529 bag=81 num_plies=6 num_plays=60 min_play_iterations=71 selected_source_rank=0 oracle_best_source_rank=1 candidate_best_source_rank=1 candidate_regret=0.000000000 sampling_regret=0.012989598 total_regret=0.012989598 spread_delta=-0.371093750 iterations=42857 nodes=299999 node_shortfall=0
COMBINED_SWEEP_POSITION position=30375 game=8529 bag=74 num_plies=6 num_plays=60 min_play_iterations=71 selected_source_rank=0 oracle_best_source_rank=0 candidate_best_source_rank=0 candidate_regret=0.000000000 sampling_regret=0.000000000 total_regret=0.000000000 spread_delta=+0.000000000 iterations=42857 nodes=299999 node_shortfall=0
COMBINED_SWEEP_POSITION position=30376 game=8529 bag=67 num_plies=6 num_plays=60 min_play_iterations=71 selected_source_rank=0 oracle_best_source_rank=2 candidate_best_source_rank=2 candidate_regret=0.000000000 sampling_regret=0.007410535 total_regret=0.007410535 spread_delta=+5.921875000 iterations=42857 nodes=299999 node_shortfall=0
COMBINED_SWEEP_POSITION position=30377 game=8529 bag=60 num_plies=6 num_plays=60 min_play_iterations=71 selected_source_rank=1 oracle_best_source_rank=1 candidate_best_source_rank=1 candidate_regret=0.000000000 sampling_regret=0.000000000 total_regret=0.000000000 spread_delta=+0.000000000 iterations=42857 nodes=299999 node_shortfall=0
COMBINED_SWEEP_POSITION position=30378 game=8529 bag=56 num_plies=6 num_plays=60 min_play_iterations=71 selected_source_rank=0 oracle_best_source_rank=0 candidate_best_source_rank=0 candidate_regret=0.000000000 sampling_regret=0.000000000 total_regret=0.000000000 spread_delta=+0.000000000 iterations=42857 nodes=299999 node_shortfall=0
COMBINED_SWEEP_POSITION position=30379 game=8529 bag=51 num_plies=6 num_plays=60 min_play_iterations=71 selected_source_rank=0 oracle_best_source_rank=0 candidate_best_source_rank=0 candidate_regret=0.000000000 sampling_regret=0.000000000 total_regret=0.000000000 spread_delta=+0.000000000 iterations=42857 nodes=299999 node_shortfall=0
COMBINED_SWEEP_POSITION position=30383 game=8530 bag=86 num_plies=6 num_plays=60 min_play_iterations=71 selected_source_rank=1 oracle_best_source_rank=2 candidate_best_source_rank=2 candidate_regret=0.000000000 sampling_regret=0.033573516 total_regret=0.033573516 spread_delta=-3.703125000 iterations=42857 nodes=299999 node_shortfall=0
COMBINED_SWEEP_POSITION position=30384 game=8530 bag=81 num_plies=6 num_plays=60 min_play_iterations=71 selected_source_rank=0 oracle_best_source_rank=0 candidate_best_source_rank=0 candidate_regret=0.000000000 sampling_regret=0.000000000 total_regret=0.000000000 spread_delta=+0.000000000 iterations=42857 nodes=299999 node_shortfall=0
COMBINED_SWEEP_POSITION position=30385 game=8530 bag=75 num_plies=6 num_plays=60 min_play_iterations=71 selected_source_rank=0 oracle_best_source_rank=7 candidate_best_source_rank=7 candidate_regret=0.000000000 sampling_regret=0.013790195 total_regret=0.013790195 spread_delta=+0.363281250 iterations=42857 nodes=299999 node_shortfall=0
COMBINED_SWEEP_POSITION position=30386 game=8530 bag=71 num_plies=6 num_plays=60 min_play_iterations=71 selected_source_rank=0 oracle_best_source_rank=0 candidate_best_source_rank=0 candidate_regret=0.000000000 sampling_regret=0.000000000 total_regret=0.000000000 spread_delta=+0.000000000 iterations=42857 nodes=299999 node_shortfall=0
COMBINED_SWEEP_POSITION position=30387 game=8530 bag=68 num_plies=6 num_plays=60 min_play_iterations=71 selected_source_rank=0 oracle_best_source_rank=0 candidate_best_source_rank=0 candidate_regret=0.000000000 sampling_regret=0.000000000 total_regret=0.000000000 spread_delta=+0.000000000 iterations=42857 nodes=299999 node_shortfall=0
COMBINED_SWEEP_POSITION position=30388 game=8530 bag=61 num_plies=6 num_plays=60 min_play_iterations=71 selected_source_rank=0 oracle_best_source_rank=0 candidate_best_source_rank=0 candidate_regret=0.000000000 sampling_regret=0.000000000 total_regret=0.000000000 spread_delta=+0.000000000 iterations=42857 nodes=299999 node_shortfall=0
COMBINED_SWEEP_POSITION position=30389 game=8530 bag=57 num_plies=6 num_plays=60 min_play_iterations=71 selected_source_rank=0 oracle_best_source_rank=0 candidate_best_source_rank=0 candidate_regret=0.000000000 sampling_regret=0.000000000 total_regret=0.000000000 spread_delta=+0.000000000 iterations=42857 nodes=299999 node_shortfall=0
COMBINED_SWEEP_POSITION position=30390 game=8530 bag=50 num_plies=6 num_plays=60 min_play_iterations=71 selected_source_rank=2 oracle_best_source_rank=2 candidate_best_source_rank=2 candidate_regret=0.000000000 sampling_regret=0.000000000 total_regret=0.000000000 spread_delta=+0.000000000 iterations=42857 nodes=299999 node_shortfall=0
COMBINED_SWEEP_POSITION position=30395 game=8531 bag=86 num_plies=6 num_plays=60 min_play_iterations=71 selected_source_rank=1 oracle_best_source_rank=10 candidate_best_source_rank=10 candidate_regret=0.000000000 sampling_regret=0.042894668 total_regret=0.042894668 spread_delta=-4.136718750 iterations=42857 nodes=299999 node_shortfall=0
COMBINED_SWEEP_POSITION position=30396 game=8531 bag=79 num_plies=6 num_plays=60 min_play_iterations=71 selected_source_rank=0 oracle_best_source_rank=2 candidate_best_source_rank=2 candidate_regret=0.000000000 sampling_regret=0.012872389 total_regret=0.012872389 spread_delta=-0.121093750 iterations=42857 nodes=299999 node_shortfall=0
COMBINED_SWEEP_POSITION position=30397 game=8531 bag=74 num_plies=6 num_plays=60 min_play_iterations=71 selected_source_rank=8 oracle_best_source_rank=50 candidate_best_source_rank=50 candidate_regret=0.000000000 sampling_regret=0.034712798 total_regret=0.034712798 spread_delta=-0.015625000 iterations=42857 nodes=299999 node_shortfall=0
COMBINED_SWEEP_POSITION position=30398 game=8531 bag=69 num_plies=6 num_plays=60 min_play_iterations=71 selected_source_rank=0 oracle_best_source_rank=1 candidate_best_source_rank=1 candidate_regret=0.000000000 sampling_regret=0.000217344 total_regret=0.000217344 spread_delta=+3.121093750 iterations=42857 nodes=299999 node_shortfall=0
COMBINED_SWEEP_POSITION position=30399 game=8531 bag=62 num_plies=6 num_plays=60 min_play_iterations=71 selected_source_rank=0 oracle_best_source_rank=0 candidate_best_source_rank=0 candidate_regret=0.000000000 sampling_regret=0.000000000 total_regret=0.000000000 spread_delta=+0.000000000 iterations=42857 nodes=299999 node_shortfall=0
COMBINED_SWEEP_POSITION position=30400 game=8531 bag=58 num_plies=6 num_plays=60 min_play_iterations=71 selected_source_rank=12 oracle_best_source_rank=12 candidate_best_source_rank=12 candidate_regret=0.000000000 sampling_regret=0.000000000 total_regret=0.000000000 spread_delta=+0.000000000 iterations=42857 nodes=299999 node_shortfall=0
COMBINED_SWEEP_POSITION position=30401 game=8531 bag=54 num_plies=6 num_plays=60 min_play_iterations=71 selected_source_rank=0 oracle_best_source_rank=1 candidate_best_source_rank=1 candidate_regret=0.000000000 sampling_regret=0.002857478 total_regret=0.002857478 spread_delta=+3.261718750 iterations=42857 nodes=299999 node_shortfall=0
COMBINED_SWEEP_POSITION position=30402 game=8531 bag=50 num_plies=6 num_plays=60 min_play_iterations=71 selected_source_rank=0 oracle_best_source_rank=0 candidate_best_source_rank=0 candidate_regret=0.000000000 sampling_regret=0.000000000 total_regret=0.000000000 spread_delta=+0.000000000 iterations=42857 nodes=299999 node_shortfall=0
COMBINED_SWEEP_POSITION position=30407 game=8532 bag=86 num_plies=6 num_plays=60 min_play_iterations=71 selected_source_rank=0 oracle_best_source_rank=15 candidate_best_source_rank=15 candidate_regret=0.000000000 sampling_regret=0.024123380 total_regret=0.024123380 spread_delta=-3.753906250 iterations=42857 nodes=299999 node_shortfall=0
COMBINED_SWEEP_POSITION position=30408 game=8532 bag=79 num_plies=6 num_plays=60 min_play_iterations=71 selected_source_rank=0 oracle_best_source_rank=3 candidate_best_source_rank=3 candidate_regret=0.000000000 sampling_regret=0.003514675 total_regret=0.003514675 spread_delta=-3.222656250 iterations=42857 nodes=299999 node_shortfall=0
COMBINED_SWEEP_POSITION position=30409 game=8532 bag=72 num_plies=6 num_plays=60 min_play_iterations=71 selected_source_rank=0 oracle_best_source_rank=0 candidate_best_source_rank=0 candidate_regret=0.000000000 sampling_regret=0.000000000 total_regret=0.000000000 spread_delta=+0.000000000 iterations=42857 nodes=299999 node_shortfall=0
COMBINED_SWEEP_POSITION position=30410 game=8532 bag=69 num_plies=6 num_plays=60 min_play_iterations=71 selected_source_rank=0 oracle_best_source_rank=0 candidate_best_source_rank=0 candidate_regret=0.000000000 sampling_regret=0.000000000 total_regret=0.000000000 spread_delta=+0.000000000 iterations=42857 nodes=299999 node_shortfall=0
COMBINED_SWEEP_POSITION position=30411 game=8532 bag=62 num_plies=6 num_plays=60 min_play_iterations=71 selected_source_rank=0 oracle_best_source_rank=0 candidate_best_source_rank=0 candidate_regret=0.000000000 sampling_regret=0.000000000 total_regret=0.000000000 spread_delta=+0.000000000 iterations=42857 nodes=299999 node_shortfall=0
COMBINED_SWEEP_POSITION position=30412 game=8532 bag=59 num_plies=6 num_plays=60 min_play_iterations=71 selected_source_rank=0 oracle_best_source_rank=4 candidate_best_source_rank=4 candidate_regret=0.000000000 sampling_regret=0.031437755 total_regret=0.031437755 spread_delta=-3.664062500 iterations=42857 nodes=299999 node_shortfall=0
COMBINED_SWEEP_POSITION position=30413 game=8532 bag=53 num_plies=6 num_plays=60 min_play_iterations=71 selected_source_rank=0 oracle_best_source_rank=0 candidate_best_source_rank=0 candidate_regret=0.000000000 sampling_regret=0.000000000 total_regret=0.000000000 spread_delta=+0.000000000 iterations=42857 nodes=299999 node_shortfall=0
COMBINED_SWEEP_POSITION position=30420 game=8533 bag=86 num_plies=6 num_plays=60 min_play_iterations=71 selected_source_rank=0 oracle_best_source_rank=0 candidate_best_source_rank=0 candidate_regret=0.000000000 sampling_regret=0.000000000 total_regret=0.000000000 spread_delta=+0.000000000 iterations=42857 nodes=299999 node_shortfall=0
COMBINED_SWEEP_POSITION position=30421 game=8533 bag=81 num_plies=6 num_plays=60 min_play_iterations=71 selected_source_rank=0 oracle_best_source_rank=0 candidate_best_source_rank=0 candidate_regret=0.000000000 sampling_regret=0.000000000 total_regret=0.000000000 spread_delta=+0.000000000 iterations=42857 nodes=299999 node_shortfall=0
COMBINED_SWEEP_POSITION position=30422 game=8533 bag=79 num_plies=6 num_plays=60 min_play_iterations=71 selected_source_rank=0 oracle_best_source_rank=1 candidate_best_source_rank=1 candidate_regret=0.000000000 sampling_regret=0.053336956 total_regret=0.053336956 spread_delta=-6.101562500 iterations=42857 nodes=299999 node_shortfall=0
COMBINED_SWEEP_POSITION position=30423 game=8533 bag=75 num_plies=6 num_plays=60 min_play_iterations=71 selected_source_rank=0 oracle_best_source_rank=1 candidate_best_source_rank=1 candidate_regret=0.000000000 sampling_regret=0.011501551 total_regret=0.011501551 spread_delta=+3.109375000 iterations=42857 nodes=299999 node_shortfall=0
COMBINED_SWEEP_POSITION position=30424 game=8533 bag=72 num_plies=6 num_plays=60 min_play_iterations=71 selected_source_rank=0 oracle_best_source_rank=3 candidate_best_source_rank=3 candidate_regret=0.000000000 sampling_regret=0.014290798 total_regret=0.014290798 spread_delta=-7.835937500 iterations=42857 nodes=299999 node_shortfall=0
COMBINED_SWEEP_POSITION position=30425 game=8533 bag=66 num_plies=6 num_plays=60 min_play_iterations=71 selected_source_rank=0 oracle_best_source_rank=2 candidate_best_source_rank=2 candidate_regret=0.000000000 sampling_regret=0.029538410 total_regret=0.029538410 spread_delta=-4.984375000 iterations=42857 nodes=299999 node_shortfall=0
COMBINED_SWEEP_POSITION position=30426 game=8533 bag=63 num_plies=6 num_plays=60 min_play_iterations=71 selected_source_rank=0 oracle_best_source_rank=43 candidate_best_source_rank=43 candidate_regret=0.000000000 sampling_regret=0.010110853 total_regret=0.010110853 spread_delta=+1.765625000 iterations=42857 nodes=299999 node_shortfall=0
COMBINED_SWEEP_POSITION position=30427 game=8533 bag=58 num_plies=6 num_plays=60 min_play_iterations=71 selected_source_rank=0 oracle_best_source_rank=2 candidate_best_source_rank=2 candidate_regret=0.000000000 sampling_regret=0.020124561 total_regret=0.020124561 spread_delta=-5.312500000 iterations=42857 nodes=299999 node_shortfall=0
COMBINED_SWEEP_POSITION position=30428 game=8533 bag=54 num_plies=6 num_plays=60 min_play_iterations=71 selected_source_rank=0 oracle_best_source_rank=1 candidate_best_source_rank=1 candidate_regret=0.000000000 sampling_regret=0.024973069 total_regret=0.024973069 spread_delta=-5.710937500 iterations=42857 nodes=299999 node_shortfall=0
COMBINED_SWEEP_POSITION position=30429 game=8533 bag=51 num_plies=6 num_plays=60 min_play_iterations=71 selected_source_rank=0 oracle_best_source_rank=2 candidate_best_source_rank=2 candidate_regret=0.000000000 sampling_regret=0.012475584 total_regret=0.012475584 spread_delta=-9.527343750 iterations=42857 nodes=299999 node_shortfall=0
COMBINED_SWEEP_POSITION position=30435 game=8534 bag=86 num_plies=6 num_plays=60 min_play_iterations=71 selected_source_rank=0 oracle_best_source_rank=1 candidate_best_source_rank=1 candidate_regret=0.000000000 sampling_regret=0.027578431 total_regret=0.027578431 spread_delta=-2.929687500 iterations=42857 nodes=299999 node_shortfall=0
COMBINED_SWEEP_POSITION position=30436 game=8534 bag=83 num_plies=6 num_plays=60 min_play_iterations=71 selected_source_rank=0 oracle_best_source_rank=8 candidate_best_source_rank=8 candidate_regret=0.000000000 sampling_regret=0.016466450 total_regret=0.016466450 spread_delta=-5.097656250 iterations=42857 nodes=299999 node_shortfall=0
COMBINED_SWEEP_POSITION position=30437 game=8534 bag=79 num_plies=6 num_plays=60 min_play_iterations=71 selected_source_rank=0 oracle_best_source_rank=0 candidate_best_source_rank=0 candidate_regret=0.000000000 sampling_regret=0.000000000 total_regret=0.000000000 spread_delta=+0.000000000 iterations=42857 nodes=299999 node_shortfall=0
COMBINED_SWEEP_POSITION position=30438 game=8534 bag=72 num_plies=6 num_plays=60 min_play_iterations=71 selected_source_rank=0 oracle_best_source_rank=0 candidate_best_source_rank=0 candidate_regret=0.000000000 sampling_regret=0.000000000 total_regret=0.000000000 spread_delta=+0.000000000 iterations=42857 nodes=299999 node_shortfall=0
COMBINED_SWEEP_POSITION position=30439 game=8534 bag=65 num_plies=6 num_plays=60 min_play_iterations=71 selected_source_rank=0 oracle_best_source_rank=0 candidate_best_source_rank=0 candidate_regret=0.000000000 sampling_regret=0.000000000 total_regret=0.000000000 spread_delta=+0.000000000 iterations=42857 nodes=299999 node_shortfall=0
COMBINED_SWEEP_POSITION position=30440 game=8534 bag=58 num_plies=6 num_plays=60 min_play_iterations=71 selected_source_rank=0 oracle_best_source_rank=25 candidate_best_source_rank=25 candidate_regret=0.000000000 sampling_regret=0.009458581 total_regret=0.009458581 spread_delta=+0.421875000 iterations=42857 nodes=299999 node_shortfall=0
COMBINED_SWEEP_POSITION position=30441 game=8534 bag=56 num_plies=6 num_plays=60 min_play_iterations=71 selected_source_rank=0 oracle_best_source_rank=0 candidate_best_source_rank=0 candidate_regret=0.000000000 sampling_regret=0.000000000 total_regret=0.000000000 spread_delta=+0.000000000 iterations=42857 nodes=299999 node_shortfall=0
COMBINED_SWEEP_POSITION position=30442 game=8534 bag=52 num_plies=6 num_plays=60 min_play_iterations=71 selected_source_rank=22 oracle_best_source_rank=2 candidate_best_source_rank=2 candidate_regret=0.000000000 sampling_regret=0.029732109 total_regret=0.029732109 spread_delta=-4.371093750 iterations=42857 nodes=299999 node_shortfall=0
COMBINED_SWEEP_POSITION position=30448 game=8535 bag=86 num_plies=6 num_plays=60 min_play_iterations=71 selected_source_rank=0 oracle_best_source_rank=0 candidate_best_source_rank=0 candidate_regret=0.000000000 sampling_regret=0.000000000 total_regret=0.000000000 spread_delta=+0.000000000 iterations=42857 nodes=299999 node_shortfall=0
COMBINED_SWEEP_POSITION position=30449 game=8535 bag=82 num_plies=6 num_plays=60 min_play_iterations=71 selected_source_rank=0 oracle_best_source_rank=0 candidate_best_source_rank=0 candidate_regret=0.000000000 sampling_regret=0.000000000 total_regret=0.000000000 spread_delta=+0.000000000 iterations=42857 nodes=299999 node_shortfall=0
COMBINED_SWEEP_POSITION position=30450 game=8535 bag=75 num_plies=6 num_plays=60 min_play_iterations=71 selected_source_rank=0 oracle_best_source_rank=0 candidate_best_source_rank=0 candidate_regret=0.000000000 sampling_regret=0.000000000 total_regret=0.000000000 spread_delta=+0.000000000 iterations=42857 nodes=299999 node_shortfall=0
COMBINED_SWEEP_POSITION position=30451 game=8535 bag=71 num_plies=6 num_plays=60 min_play_iterations=71 selected_source_rank=0 oracle_best_source_rank=0 candidate_best_source_rank=0 candidate_regret=0.000000000 sampling_regret=0.000000000 total_regret=0.000000000 spread_delta=+0.000000000 iterations=42857 nodes=299999 node_shortfall=0
COMBINED_SWEEP_POSITION position=30452 game=8535 bag=67 num_plies=6 num_plays=60 min_play_iterations=71 selected_source_rank=1 oracle_best_source_rank=3 candidate_best_source_rank=3 candidate_regret=0.000000000 sampling_regret=0.010141530 total_regret=0.010141530 spread_delta=-2.406250000 iterations=42857 nodes=299999 node_shortfall=0
COMBINED_SWEEP_POSITION position=30453 game=8535 bag=63 num_plies=6 num_plays=60 min_play_iterations=71 selected_source_rank=0 oracle_best_source_rank=0 candidate_best_source_rank=0 candidate_regret=0.000000000 sampling_regret=0.000000000 total_regret=0.000000000 spread_delta=+0.000000000 iterations=42857 nodes=299999 node_shortfall=0
COMBINED_SWEEP_POSITION position=30454 game=8535 bag=58 num_plies=6 num_plays=60 min_play_iterations=71 selected_source_rank=2 oracle_best_source_rank=3 candidate_best_source_rank=3 candidate_regret=0.000000000 sampling_regret=0.014883361 total_regret=0.014883361 spread_delta=+4.078125000 iterations=42857 nodes=299999 node_shortfall=0
COMBINED_SWEEP_POSITION position=30455 game=8535 bag=55 num_plies=6 num_plays=60 min_play_iterations=71 selected_source_rank=0 oracle_best_source_rank=0 candidate_best_source_rank=0 candidate_regret=0.000000000 sampling_regret=0.000000000 total_regret=0.000000000 spread_delta=+0.000000000 iterations=42857 nodes=299999 node_shortfall=0
COMBINED_SWEEP_POSITION position=30462 game=8536 bag=86 num_plies=6 num_plays=60 min_play_iterations=71 selected_source_rank=1 oracle_best_source_rank=12 candidate_best_source_rank=12 candidate_regret=0.000000000 sampling_regret=0.013277508 total_regret=0.013277508 spread_delta=+3.539062500 iterations=42857 nodes=299999 node_shortfall=0
COMBINED_SWEEP_POSITION position=30463 game=8536 bag=83 num_plies=6 num_plays=60 min_play_iterations=71 selected_source_rank=1 oracle_best_source_rank=9 candidate_best_source_rank=9 candidate_regret=0.000000000 sampling_regret=0.008267752 total_regret=0.008267752 spread_delta=-5.578125000 iterations=42857 nodes=299999 node_shortfall=0
COMBINED_SWEEP_POSITION position=30464 game=8536 bag=80 num_plies=6 num_plays=60 min_play_iterations=71 selected_source_rank=0 oracle_best_source_rank=1 candidate_best_source_rank=1 candidate_regret=0.000000000 sampling_regret=0.032207464 total_regret=0.032207464 spread_delta=-10.710937500 iterations=42857 nodes=299999 node_shortfall=0
COMBINED_SWEEP_POSITION position=30465 game=8536 bag=78 num_plies=6 num_plays=60 min_play_iterations=71 selected_source_rank=0 oracle_best_source_rank=0 candidate_best_source_rank=0 candidate_regret=0.000000000 sampling_regret=0.000000000 total_regret=0.000000000 spread_delta=+0.000000000 iterations=42857 nodes=299999 node_shortfall=0
COMBINED_SWEEP_POSITION position=30466 game=8536 bag=74 num_plies=6 num_plays=60 min_play_iterations=71 selected_source_rank=0 oracle_best_source_rank=0 candidate_best_source_rank=0 candidate_regret=0.000000000 sampling_regret=0.000000000 total_regret=0.000000000 spread_delta=+0.000000000 iterations=42857 nodes=299999 node_shortfall=0
COMBINED_SWEEP_POSITION position=30467 game=8536 bag=67 num_plies=6 num_plays=60 min_play_iterations=71 selected_source_rank=0 oracle_best_source_rank=0 candidate_best_source_rank=0 candidate_regret=0.000000000 sampling_regret=0.000000000 total_regret=0.000000000 spread_delta=+0.000000000 iterations=42857 nodes=299999 node_shortfall=0
COMBINED_SWEEP_POSITION position=30468 game=8536 bag=60 num_plies=6 num_plays=60 min_play_iterations=71 selected_source_rank=0 oracle_best_source_rank=3 candidate_best_source_rank=3 candidate_regret=0.000000000 sampling_regret=0.023736809 total_regret=0.023736809 spread_delta=-2.195312500 iterations=42857 nodes=299999 node_shortfall=0
COMBINED_SWEEP_POSITION position=30469 game=8536 bag=57 num_plies=6 num_plays=60 min_play_iterations=71 selected_source_rank=0 oracle_best_source_rank=0 candidate_best_source_rank=0 candidate_regret=0.000000000 sampling_regret=0.000000000 total_regret=0.000000000 spread_delta=+0.000000000 iterations=42857 nodes=299999 node_shortfall=0
COMBINED_SWEEP_POSITION position=30470 game=8536 bag=54 num_plies=6 num_plays=60 min_play_iterations=71 selected_source_rank=0 oracle_best_source_rank=0 candidate_best_source_rank=0 candidate_regret=0.000000000 sampling_regret=0.000000000 total_regret=0.000000000 spread_delta=+0.000000000 iterations=42857 nodes=299999 node_shortfall=0
COMBINED_SWEEP_POSITION position=30471 game=8536 bag=51 num_plies=6 num_plays=60 min_play_iterations=71 selected_source_rank=2 oracle_best_source_rank=2 candidate_best_source_rank=2 candidate_regret=0.000000000 sampling_regret=0.000000000 total_regret=0.000000000 spread_delta=+0.000000000 iterations=42857 nodes=299999 node_shortfall=0
COMBINED_SWEEP_POSITION position=30476 game=8537 bag=86 num_plies=6 num_plays=60 min_play_iterations=71 selected_source_rank=2 oracle_best_source_rank=14 candidate_best_source_rank=14 candidate_regret=0.000000000 sampling_regret=0.040641066 total_regret=0.040641066 spread_delta=-6.164062500 iterations=42857 nodes=299999 node_shortfall=0
COMBINED_SWEEP_POSITION position=30477 game=8537 bag=83 num_plies=6 num_plays=60 min_play_iterations=71 selected_source_rank=0 oracle_best_source_rank=0 candidate_best_source_rank=0 candidate_regret=0.000000000 sampling_regret=0.000000000 total_regret=0.000000000 spread_delta=+0.000000000 iterations=42857 nodes=299999 node_shortfall=0
COMBINED_SWEEP_POSITION position=30478 game=8537 bag=79 num_plies=6 num_plays=60 min_play_iterations=71 selected_source_rank=0 oracle_best_source_rank=0 candidate_best_source_rank=0 candidate_regret=0.000000000 sampling_regret=0.000000000 total_regret=0.000000000 spread_delta=+0.000000000 iterations=42857 nodes=299999 node_shortfall=0
COMBINED_SWEEP_POSITION position=30479 game=8537 bag=72 num_plies=6 num_plays=60 min_play_iterations=71 selected_source_rank=0 oracle_best_source_rank=0 candidate_best_source_rank=0 candidate_regret=0.000000000 sampling_regret=0.000000000 total_regret=0.000000000 spread_delta=+0.000000000 iterations=42857 nodes=299999 node_shortfall=0
COMBINED_SWEEP_POSITION position=30480 game=8537 bag=68 num_plies=6 num_plays=60 min_play_iterations=71 selected_source_rank=0 oracle_best_source_rank=0 candidate_best_source_rank=0 candidate_regret=0.000000000 sampling_regret=0.000000000 total_regret=0.000000000 spread_delta=+0.000000000 iterations=42857 nodes=299999 node_shortfall=0
COMBINED_SWEEP_POSITION position=30481 game=8537 bag=61 num_plies=6 num_plays=60 min_play_iterations=71 selected_source_rank=0 oracle_best_source_rank=0 candidate_best_source_rank=0 candidate_regret=0.000000000 sampling_regret=0.000000000 total_regret=0.000000000 spread_delta=+0.000000000 iterations=42857 nodes=299999 node_shortfall=0
COMBINED_SWEEP_POSITION position=30482 game=8537 bag=54 num_plies=6 num_plays=60 min_play_iterations=71 selected_source_rank=0 oracle_best_source_rank=0 candidate_best_source_rank=0 candidate_regret=0.000000000 sampling_regret=0.000000000 total_regret=0.000000000 spread_delta=+0.000000000 iterations=42857 nodes=299999 node_shortfall=0
COMBINED_SWEEP_POSITION position=30483 game=8537 bag=51 num_plies=6 num_plays=60 min_play_iterations=71 selected_source_rank=0 oracle_best_source_rank=0 candidate_best_source_rank=0 candidate_regret=0.000000000 sampling_regret=0.000000000 total_regret=0.000000000 spread_delta=+0.000000000 iterations=42857 nodes=299999 node_shortfall=0
COMBINED_SWEEP_POSITION position=30489 game=8538 bag=86 num_plies=6 num_plays=60 min_play_iterations=71 selected_source_rank=2 oracle_best_source_rank=49 candidate_best_source_rank=49 candidate_regret=0.000000000 sampling_regret=0.059738400 total_regret=0.059738400 spread_delta=-11.730468750 iterations=42857 nodes=299999 node_shortfall=0
COMBINED_SWEEP_POSITION position=30490 game=8538 bag=84 num_plies=6 num_plays=60 min_play_iterations=71 selected_source_rank=0 oracle_best_source_rank=0 candidate_best_source_rank=0 candidate_regret=0.000000000 sampling_regret=0.000000000 total_regret=0.000000000 spread_delta=+0.000000000 iterations=42857 nodes=299999 node_shortfall=0
COMBINED_SWEEP_POSITION position=30491 game=8538 bag=77 num_plies=6 num_plays=60 min_play_iterations=71 selected_source_rank=1 oracle_best_source_rank=0 candidate_best_source_rank=0 candidate_regret=0.000000000 sampling_regret=0.020882348 total_regret=0.020882348 spread_delta=-12.210937500 iterations=42857 nodes=299999 node_shortfall=0
COMBINED_SWEEP_POSITION position=30492 game=8538 bag=70 num_plies=6 num_plays=60 min_play_iterations=71 selected_source_rank=0 oracle_best_source_rank=0 candidate_best_source_rank=0 candidate_regret=0.000000000 sampling_regret=0.000000000 total_regret=0.000000000 spread_delta=+0.000000000 iterations=42857 nodes=299999 node_shortfall=0
COMBINED_SWEEP_POSITION position=30493 game=8538 bag=67 num_plies=6 num_plays=60 min_play_iterations=71 selected_source_rank=0 oracle_best_source_rank=10 candidate_best_source_rank=10 candidate_regret=0.000000000 sampling_regret=0.007760362 total_regret=0.007760362 spread_delta=-3.175781250 iterations=42857 nodes=299999 node_shortfall=0
COMBINED_SWEEP_POSITION position=30494 game=8538 bag=65 num_plies=6 num_plays=60 min_play_iterations=71 selected_source_rank=3 oracle_best_source_rank=1 candidate_best_source_rank=1 candidate_regret=0.000000000 sampling_regret=0.059772143 total_regret=0.059772143 spread_delta=-10.031250000 iterations=42857 nodes=299999 node_shortfall=0
COMBINED_SWEEP_POSITION position=30495 game=8538 bag=62 num_plies=6 num_plays=60 min_play_iterations=71 selected_source_rank=1 oracle_best_source_rank=6 candidate_best_source_rank=6 candidate_regret=0.000000000 sampling_regret=0.007807451 total_regret=0.007807451 spread_delta=-7.246093750 iterations=42857 nodes=299999 node_shortfall=0
COMBINED_SWEEP_POSITION position=30496 game=8538 bag=60 num_plies=6 num_plays=60 min_play_iterations=71 selected_source_rank=0 oracle_best_source_rank=5 candidate_best_source_rank=5 candidate_regret=0.000000000 sampling_regret=0.006509406 total_regret=0.006509406 spread_delta=+12.328125000 iterations=42857 nodes=299999 node_shortfall=0
COMBINED_SWEEP_POSITION position=30497 game=8538 bag=57 num_plies=6 num_plays=60 min_play_iterations=71 selected_source_rank=1 oracle_best_source_rank=0 candidate_best_source_rank=0 candidate_regret=0.000000000 sampling_regret=0.014428910 total_regret=0.014428910 spread_delta=-1.640625000 iterations=42857 nodes=299999 node_shortfall=0
COMBINED_SWEEP_POSITION position=30498 game=8538 bag=50 num_plies=6 num_plays=60 min_play_iterations=71 selected_source_rank=0 oracle_best_source_rank=0 candidate_best_source_rank=0 candidate_regret=0.000000000 sampling_regret=0.000000000 total_regret=0.000000000 spread_delta=+0.000000000 iterations=42857 nodes=299999 node_shortfall=0
COMBINED_SWEEP_POSITION position=30502 game=8539 bag=86 num_plies=6 num_plays=60 min_play_iterations=71 selected_source_rank=0 oracle_best_source_rank=42 candidate_best_source_rank=42 candidate_regret=0.000000000 sampling_regret=0.029060919 total_regret=0.029060919 spread_delta=-5.765625000 iterations=42857 nodes=299999 node_shortfall=0
COMBINED_SWEEP_POSITION position=30503 game=8539 bag=82 num_plies=6 num_plays=60 min_play_iterations=71 selected_source_rank=0 oracle_best_source_rank=11 candidate_best_source_rank=11 candidate_regret=0.000000000 sampling_regret=0.021378059 total_regret=0.021378059 spread_delta=-4.445312500 iterations=42857 nodes=299999 node_shortfall=0
COMBINED_SWEEP_POSITION position=30504 game=8539 bag=77 num_plies=6 num_plays=60 min_play_iterations=71 selected_source_rank=0 oracle_best_source_rank=1 candidate_best_source_rank=1 candidate_regret=0.000000000 sampling_regret=0.016252218 total_regret=0.016252218 spread_delta=-2.144531250 iterations=42857 nodes=299999 node_shortfall=0
COMBINED_SWEEP_POSITION position=30505 game=8539 bag=70 num_plies=6 num_plays=60 min_play_iterations=71 selected_source_rank=0 oracle_best_source_rank=0 candidate_best_source_rank=0 candidate_regret=0.000000000 sampling_regret=0.000000000 total_regret=0.000000000 spread_delta=+0.000000000 iterations=42857 nodes=299999 node_shortfall=0
COMBINED_SWEEP_POSITION position=30506 game=8539 bag=63 num_plies=6 num_plays=60 min_play_iterations=71 selected_source_rank=0 oracle_best_source_rank=48 candidate_best_source_rank=48 candidate_regret=0.000000000 sampling_regret=0.003713968 total_regret=0.003713968 spread_delta=-3.375000000 iterations=42857 nodes=299999 node_shortfall=0
COMBINED_SWEEP_POSITION position=30507 game=8539 bag=59 num_plies=6 num_plays=60 min_play_iterations=71 selected_source_rank=0 oracle_best_source_rank=0 candidate_best_source_rank=0 candidate_regret=0.000000000 sampling_regret=0.000000000 total_regret=0.000000000 spread_delta=+0.000000000 iterations=42857 nodes=299999 node_shortfall=0
COMBINED_SWEEP_POSITION position=30508 game=8539 bag=56 num_plies=6 num_plays=60 min_play_iterations=71 selected_source_rank=1 oracle_best_source_rank=0 candidate_best_source_rank=0 candidate_regret=0.000000000 sampling_regret=0.015424304 total_regret=0.015424304 spread_delta=-1.390625000 iterations=42857 nodes=299999 node_shortfall=0
COMBINED_SWEEP_POSITION position=30509 game=8539 bag=54 num_plies=6 num_plays=60 min_play_iterations=71 selected_source_rank=0 oracle_best_source_rank=1 candidate_best_source_rank=1 candidate_regret=0.000000000 sampling_regret=0.033532543 total_regret=0.033532543 spread_delta=-6.730468750 iterations=42857 nodes=299999 node_shortfall=0
COMBINED_SWEEP_POSITION position=30510 game=8539 bag=51 num_plies=6 num_plays=60 min_play_iterations=71 selected_source_rank=0 oracle_best_source_rank=0 candidate_best_source_rank=0 candidate_regret=0.000000000 sampling_regret=0.000000000 total_regret=0.000000000 spread_delta=+0.000000000 iterations=42857 nodes=299999 node_shortfall=0
COMBINED_SWEEP_POSITION position=30515 game=8540 bag=86 num_plies=6 num_plays=60 min_play_iterations=71 selected_source_rank=3 oracle_best_source_rank=47 candidate_best_source_rank=47 candidate_regret=0.000000000 sampling_regret=0.042640825 total_regret=0.042640825 spread_delta=-10.585937500 iterations=42857 nodes=299999 node_shortfall=0
COMBINED_SWEEP_POSITION position=30516 game=8540 bag=86 num_plies=6 num_plays=60 min_play_iterations=71 selected_source_rank=1 oracle_best_source_rank=1 candidate_best_source_rank=1 candidate_regret=0.000000000 sampling_regret=0.000000000 total_regret=0.000000000 spread_delta=+0.000000000 iterations=42857 nodes=299997 node_shortfall=2
COMBINED_SWEEP_POSITION position=30517 game=8540 bag=83 num_plies=6 num_plays=60 min_play_iterations=71 selected_source_rank=0 oracle_best_source_rank=0 candidate_best_source_rank=0 candidate_regret=0.000000000 sampling_regret=0.000000000 total_regret=0.000000000 spread_delta=+0.000000000 iterations=42857 nodes=299999 node_shortfall=0
COMBINED_SWEEP_POSITION position=30518 game=8540 bag=76 num_plies=6 num_plays=60 min_play_iterations=71 selected_source_rank=0 oracle_best_source_rank=1 candidate_best_source_rank=1 candidate_regret=0.000000000 sampling_regret=0.004555349 total_regret=0.004555349 spread_delta=+2.121093750 iterations=42857 nodes=299999 node_shortfall=0
COMBINED_SWEEP_POSITION position=30519 game=8540 bag=69 num_plies=6 num_plays=60 min_play_iterations=71 selected_source_rank=0 oracle_best_source_rank=0 candidate_best_source_rank=0 candidate_regret=0.000000000 sampling_regret=0.000000000 total_regret=0.000000000 spread_delta=+0.000000000 iterations=42857 nodes=299999 node_shortfall=0
COMBINED_SWEEP_POSITION position=30520 game=8540 bag=65 num_plies=6 num_plays=60 min_play_iterations=71 selected_source_rank=0 oracle_best_source_rank=4 candidate_best_source_rank=4 candidate_regret=0.000000000 sampling_regret=0.010168006 total_regret=0.010168006 spread_delta=+5.000000000 iterations=42857 nodes=299999 node_shortfall=0
COMBINED_SWEEP_POSITION position=30521 game=8540 bag=60 num_plies=6 num_plays=60 min_play_iterations=71 selected_source_rank=1 oracle_best_source_rank=1 candidate_best_source_rank=1 candidate_regret=0.000000000 sampling_regret=0.000000000 total_regret=0.000000000 spread_delta=+0.000000000 iterations=42857 nodes=299999 node_shortfall=0
COMBINED_SWEEP_POSITION position=30522 game=8540 bag=53 num_plies=6 num_plays=60 min_play_iterations=71 selected_source_rank=0 oracle_best_source_rank=43 candidate_best_source_rank=43 candidate_regret=0.000000000 sampling_regret=0.020758117 total_regret=0.020758117 spread_delta=+2.488281250 iterations=42857 nodes=299999 node_shortfall=0
COMBINED_SWEEP_POSITION position=30528 game=8541 bag=86 num_plies=6 num_plays=60 min_play_iterations=71 selected_source_rank=3 oracle_best_source_rank=2 candidate_best_source_rank=2 candidate_regret=0.000000000 sampling_regret=0.030085014 total_regret=0.030085014 spread_delta=-1.355468750 iterations=42857 nodes=299999 node_shortfall=0
COMBINED_SWEEP_POSITION position=30529 game=8541 bag=81 num_plies=6 num_plays=60 min_play_iterations=71 selected_source_rank=2 oracle_best_source_rank=3 candidate_best_source_rank=3 candidate_regret=0.000000000 sampling_regret=0.023338661 total_regret=0.023338661 spread_delta=-1.042968750 iterations=42857 nodes=299999 node_shortfall=0
COMBINED_SWEEP_POSITION position=30530 game=8541 bag=74 num_plies=6 num_plays=60 min_play_iterations=71 selected_source_rank=0 oracle_best_source_rank=6 candidate_best_source_rank=6 candidate_regret=0.000000000 sampling_regret=0.009624273 total_regret=0.009624273 spread_delta=+5.835937500 iterations=42857 nodes=299999 node_shortfall=0
COMBINED_SWEEP_POSITION position=30531 game=8541 bag=71 num_plies=6 num_plays=60 min_play_iterations=71 selected_source_rank=0 oracle_best_source_rank=0 candidate_best_source_rank=0 candidate_regret=0.000000000 sampling_regret=0.000000000 total_regret=0.000000000 spread_delta=+0.000000000 iterations=42857 nodes=299999 node_shortfall=0
COMBINED_SWEEP_POSITION position=30532 game=8541 bag=64 num_plies=6 num_plays=60 min_play_iterations=71 selected_source_rank=0 oracle_best_source_rank=8 candidate_best_source_rank=8 candidate_regret=0.000000000 sampling_regret=0.007182937 total_regret=0.007182937 spread_delta=+5.503906250 iterations=42857 nodes=299999 node_shortfall=0
COMBINED_SWEEP_POSITION position=30533 game=8541 bag=60 num_plies=6 num_plays=60 min_play_iterations=71 selected_source_rank=0 oracle_best_source_rank=0 candidate_best_source_rank=0 candidate_regret=0.000000000 sampling_regret=0.000000000 total_regret=0.000000000 spread_delta=+0.000000000 iterations=42857 nodes=299999 node_shortfall=0
COMBINED_SWEEP_POSITION position=30534 game=8541 bag=53 num_plies=6 num_plays=60 min_play_iterations=71 selected_source_rank=0 oracle_best_source_rank=0 candidate_best_source_rank=0 candidate_regret=0.000000000 sampling_regret=0.000000000 total_regret=0.000000000 spread_delta=+0.000000000 iterations=42857 nodes=299999 node_shortfall=0
COMBINED_SWEEP_POSITION position=30535 game=8541 bag=51 num_plies=6 num_plays=60 min_play_iterations=71 selected_source_rank=0 oracle_best_source_rank=0 candidate_best_source_rank=0 candidate_regret=0.000000000 sampling_regret=0.000000000 total_regret=0.000000000 spread_delta=+0.000000000 iterations=42857 nodes=299999 node_shortfall=0
COMBINED_SWEEP_POSITION position=30540 game=8542 bag=86 num_plies=6 num_plays=60 min_play_iterations=71 selected_source_rank=0 oracle_best_source_rank=0 candidate_best_source_rank=0 candidate_regret=0.000000000 sampling_regret=0.000000000 total_regret=0.000000000 spread_delta=+0.000000000 iterations=42857 nodes=299999 node_shortfall=0
COMBINED_SWEEP_POSITION position=30541 game=8542 bag=81 num_plies=6 num_plays=60 min_play_iterations=71 selected_source_rank=0 oracle_best_source_rank=1 candidate_best_source_rank=1 candidate_regret=0.000000000 sampling_regret=0.030525726 total_regret=0.030525726 spread_delta=-11.449218750 iterations=42857 nodes=299999 node_shortfall=0
COMBINED_SWEEP_POSITION position=30542 game=8542 bag=79 num_plies=6 num_plays=60 min_play_iterations=71 selected_source_rank=3 oracle_best_source_rank=29 candidate_best_source_rank=29 candidate_regret=0.000000000 sampling_regret=0.056824617 total_regret=0.056824617 spread_delta=-7.562500000 iterations=42857 nodes=299999 node_shortfall=0
COMBINED_SWEEP_POSITION position=30543 game=8542 bag=77 num_plies=6 num_plays=60 min_play_iterations=71 selected_source_rank=0 oracle_best_source_rank=2 candidate_best_source_rank=2 candidate_regret=0.000000000 sampling_regret=0.009622639 total_regret=0.009622639 spread_delta=+1.597656250 iterations=42857 nodes=299999 node_shortfall=0
COMBINED_SWEEP_POSITION position=30544 game=8542 bag=72 num_plies=6 num_plays=60 min_play_iterations=71 selected_source_rank=1 oracle_best_source_rank=0 candidate_best_source_rank=0 candidate_regret=0.000000000 sampling_regret=0.002127919 total_regret=0.002127919 spread_delta=+5.207031250 iterations=42857 nodes=299999 node_shortfall=0
COMBINED_SWEEP_POSITION position=30545 game=8542 bag=65 num_plies=6 num_plays=60 min_play_iterations=71 selected_source_rank=0 oracle_best_source_rank=1 candidate_best_source_rank=1 candidate_regret=0.000000000 sampling_regret=0.004738001 total_regret=0.004738001 spread_delta=+14.417968750 iterations=42857 nodes=299999 node_shortfall=0
COMBINED_SWEEP_POSITION position=30546 game=8542 bag=63 num_plies=6 num_plays=60 min_play_iterations=71 selected_source_rank=1 oracle_best_source_rank=3 candidate_best_source_rank=3 candidate_regret=0.000000000 sampling_regret=0.018071119 total_regret=0.018071119 spread_delta=-5.503906250 iterations=42857 nodes=299999 node_shortfall=0
COMBINED_SWEEP_POSITION position=30547 game=8542 bag=58 num_plies=6 num_plays=60 min_play_iterations=71 selected_source_rank=0 oracle_best_source_rank=1 candidate_best_source_rank=1 candidate_regret=0.000000000 sampling_regret=0.005246859 total_regret=0.005246859 spread_delta=-4.390625000 iterations=42857 nodes=299999 node_shortfall=0
COMBINED_SWEEP_POSITION position=30548 game=8542 bag=54 num_plies=6 num_plays=60 min_play_iterations=71 selected_source_rank=0 oracle_best_source_rank=1 candidate_best_source_rank=1 candidate_regret=0.000000000 sampling_regret=0.005664603 total_regret=0.005664603 spread_delta=-4.863281250 iterations=42857 nodes=299999 node_shortfall=0
COMBINED_SWEEP_POSITION position=30555 game=8543 bag=86 num_plies=6 num_plays=60 min_play_iterations=71 selected_source_rank=0 oracle_best_source_rank=1 candidate_best_source_rank=1 candidate_regret=0.000000000 sampling_regret=0.055381554 total_regret=0.055381554 spread_delta=-14.070312500 iterations=42857 nodes=299999 node_shortfall=0
COMBINED_SWEEP_POSITION position=30556 game=8543 bag=80 num_plies=6 num_plays=60 min_play_iterations=71 selected_source_rank=0 oracle_best_source_rank=0 candidate_best_source_rank=0 candidate_regret=0.000000000 sampling_regret=0.000000000 total_regret=0.000000000 spread_delta=+0.000000000 iterations=42857 nodes=299999 node_shortfall=0
COMBINED_SWEEP_POSITION position=30557 game=8543 bag=76 num_plies=6 num_plays=60 min_play_iterations=71 selected_source_rank=0 oracle_best_source_rank=0 candidate_best_source_rank=0 candidate_regret=0.000000000 sampling_regret=0.000000000 total_regret=0.000000000 spread_delta=+0.000000000 iterations=42857 nodes=299999 node_shortfall=0
COMBINED_SWEEP_POSITION position=30558 game=8543 bag=69 num_plies=6 num_plays=60 min_play_iterations=71 selected_source_rank=0 oracle_best_source_rank=0 candidate_best_source_rank=0 candidate_regret=0.000000000 sampling_regret=0.000000000 total_regret=0.000000000 spread_delta=+0.000000000 iterations=42857 nodes=299999 node_shortfall=0
COMBINED_SWEEP_POSITION position=30559 game=8543 bag=65 num_plies=6 num_plays=60 min_play_iterations=71 selected_source_rank=0 oracle_best_source_rank=1 candidate_best_source_rank=1 candidate_regret=0.000000000 sampling_regret=0.022143087 total_regret=0.022143087 spread_delta=-6.195312500 iterations=42857 nodes=299999 node_shortfall=0
COMBINED_SWEEP_POSITION position=30560 game=8543 bag=61 num_plies=6 num_plays=60 min_play_iterations=71 selected_source_rank=0 oracle_best_source_rank=0 candidate_best_source_rank=0 candidate_regret=0.000000000 sampling_regret=0.000000000 total_regret=0.000000000 spread_delta=+0.000000000 iterations=42857 nodes=299999 node_shortfall=0
COMBINED_SWEEP_POSITION position=30561 game=8543 bag=57 num_plies=6 num_plays=60 min_play_iterations=71 selected_source_rank=0 oracle_best_source_rank=0 candidate_best_source_rank=0 candidate_regret=0.000000000 sampling_regret=0.000000000 total_regret=0.000000000 spread_delta=+0.000000000 iterations=42857 nodes=299999 node_shortfall=0
COMBINED_SWEEP_POSITION position=30562 game=8543 bag=50 num_plies=6 num_plays=60 min_play_iterations=71 selected_source_rank=0 oracle_best_source_rank=1 candidate_best_source_rank=1 candidate_regret=0.000000000 sampling_regret=0.030752491 total_regret=0.030752491 spread_delta=-0.738281250 iterations=42857 nodes=299999 node_shortfall=0
COMBINED_SWEEP_POSITION position=30566 game=8544 bag=86 num_plies=6 num_plays=60 min_play_iterations=71 selected_source_rank=0 oracle_best_source_rank=13 candidate_best_source_rank=13 candidate_regret=0.000000000 sampling_regret=0.031452077 total_regret=0.031452077 spread_delta=-3.058593750 iterations=42857 nodes=299999 node_shortfall=0
COMBINED_SWEEP_POSITION position=30567 game=8544 bag=80 num_plies=6 num_plays=60 min_play_iterations=71 selected_source_rank=0 oracle_best_source_rank=6 candidate_best_source_rank=6 candidate_regret=0.000000000 sampling_regret=0.076547520 total_regret=0.076547520 spread_delta=-13.363281250 iterations=42857 nodes=299999 node_shortfall=0
COMBINED_SWEEP_POSITION position=30568 game=8544 bag=77 num_plies=6 num_plays=60 min_play_iterations=71 selected_source_rank=0 oracle_best_source_rank=3 candidate_best_source_rank=3 candidate_regret=0.000000000 sampling_regret=0.019573868 total_regret=0.019573868 spread_delta=-8.675781250 iterations=42857 nodes=299999 node_shortfall=0
COMBINED_SWEEP_POSITION position=30569 game=8544 bag=73 num_plies=6 num_plays=60 min_play_iterations=71 selected_source_rank=1 oracle_best_source_rank=8 candidate_best_source_rank=8 candidate_regret=0.000000000 sampling_regret=0.047763681 total_regret=0.047763681 spread_delta=-11.003906250 iterations=42857 nodes=299999 node_shortfall=0
COMBINED_SWEEP_POSITION position=30570 game=8544 bag=68 num_plies=6 num_plays=60 min_play_iterations=71 selected_source_rank=0 oracle_best_source_rank=0 candidate_best_source_rank=0 candidate_regret=0.000000000 sampling_regret=0.000000000 total_regret=0.000000000 spread_delta=+0.000000000 iterations=42857 nodes=299999 node_shortfall=0
COMBINED_SWEEP_POSITION position=30571 game=8544 bag=63 num_plies=6 num_plays=60 min_play_iterations=71 selected_source_rank=1 oracle_best_source_rank=9 candidate_best_source_rank=9 candidate_regret=0.000000000 sampling_regret=0.021239037 total_regret=0.021239037 spread_delta=-2.066406250 iterations=42857 nodes=299999 node_shortfall=0
COMBINED_SWEEP_POSITION position=30572 game=8544 bag=60 num_plies=6 num_plays=60 min_play_iterations=71 selected_source_rank=0 oracle_best_source_rank=0 candidate_best_source_rank=0 candidate_regret=0.000000000 sampling_regret=0.000000000 total_regret=0.000000000 spread_delta=+0.000000000 iterations=42857 nodes=299999 node_shortfall=0
COMBINED_SWEEP_POSITION position=30573 game=8544 bag=57 num_plies=6 num_plays=60 min_play_iterations=71 selected_source_rank=0 oracle_best_source_rank=0 candidate_best_source_rank=0 candidate_regret=0.000000000 sampling_regret=0.000000000 total_regret=0.000000000 spread_delta=+0.000000000 iterations=42857 nodes=299999 node_shortfall=0
COMBINED_SWEEP_POSITION position=30574 game=8544 bag=55 num_plies=6 num_plays=60 min_play_iterations=71 selected_source_rank=0 oracle_best_source_rank=0 candidate_best_source_rank=0 candidate_regret=0.000000000 sampling_regret=0.000000000 total_regret=0.000000000 spread_delta=+0.000000000 iterations=42857 nodes=299999 node_shortfall=0
COMBINED_SWEEP_POSITION position=30575 game=8544 bag=52 num_plies=6 num_plays=60 min_play_iterations=71 selected_source_rank=0 oracle_best_source_rank=2 candidate_best_source_rank=2 candidate_regret=0.000000000 sampling_regret=0.039338336 total_regret=0.039338336 spread_delta=-6.460937500 iterations=42857 nodes=299999 node_shortfall=0
COMBINED_SWEEP_POSITION position=30580 game=8545 bag=86 num_plies=6 num_plays=60 min_play_iterations=71 selected_source_rank=0 oracle_best_source_rank=0 candidate_best_source_rank=0 candidate_regret=0.000000000 sampling_regret=0.000000000 total_regret=0.000000000 spread_delta=+0.000000000 iterations=42857 nodes=299999 node_shortfall=0
COMBINED_SWEEP_POSITION position=30581 game=8545 bag=81 num_plies=6 num_plays=60 min_play_iterations=71 selected_source_rank=0 oracle_best_source_rank=0 candidate_best_source_rank=0 candidate_regret=0.000000000 sampling_regret=0.000000000 total_regret=0.000000000 spread_delta=+0.000000000 iterations=42857 nodes=299999 node_shortfall=0
COMBINED_SWEEP_POSITION position=30582 game=8545 bag=74 num_plies=6 num_plays=60 min_play_iterations=71 selected_source_rank=0 oracle_best_source_rank=1 candidate_best_source_rank=1 candidate_regret=0.000000000 sampling_regret=0.043114367 total_regret=0.043114367 spread_delta=-1.707031250 iterations=42857 nodes=299999 node_shortfall=0
COMBINED_SWEEP_POSITION position=30583 game=8545 bag=71 num_plies=6 num_plays=60 min_play_iterations=71 selected_source_rank=0 oracle_best_source_rank=0 candidate_best_source_rank=0 candidate_regret=0.000000000 sampling_regret=0.000000000 total_regret=0.000000000 spread_delta=+0.000000000 iterations=42857 nodes=299999 node_shortfall=0
COMBINED_SWEEP_POSITION position=30584 game=8545 bag=69 num_plies=6 num_plays=60 min_play_iterations=71 selected_source_rank=1 oracle_best_source_rank=1 candidate_best_source_rank=1 candidate_regret=0.000000000 sampling_regret=0.000000000 total_regret=0.000000000 spread_delta=+0.000000000 iterations=42857 nodes=299999 node_shortfall=0
COMBINED_SWEEP_POSITION position=30585 game=8545 bag=65 num_plies=6 num_plays=60 min_play_iterations=71 selected_source_rank=1 oracle_best_source_rank=1 candidate_best_source_rank=1 candidate_regret=0.000000000 sampling_regret=0.000000000 total_regret=0.000000000 spread_delta=+0.000000000 iterations=42857 nodes=299999 node_shortfall=0
COMBINED_SWEEP_POSITION position=30586 game=8545 bag=62 num_plies=6 num_plays=60 min_play_iterations=71 selected_source_rank=0 oracle_best_source_rank=1 candidate_best_source_rank=1 candidate_regret=0.000000000 sampling_regret=0.056812125 total_regret=0.056812125 spread_delta=-10.023437500 iterations=42857 nodes=299999 node_shortfall=0
COMBINED_SWEEP_POSITION position=30587 game=8545 bag=58 num_plies=6 num_plays=60 min_play_iterations=71 selected_source_rank=3 oracle_best_source_rank=3 candidate_best_source_rank=3 candidate_regret=0.000000000 sampling_regret=0.000000000 total_regret=0.000000000 spread_delta=+0.000000000 iterations=42857 nodes=299999 node_shortfall=0
COMBINED_SWEEP_POSITION position=30588 game=8545 bag=54 num_plies=6 num_plays=60 min_play_iterations=71 selected_source_rank=1 oracle_best_source_rank=1 candidate_best_source_rank=1 candidate_regret=0.000000000 sampling_regret=0.000000000 total_regret=0.000000000 spread_delta=+0.000000000 iterations=42857 nodes=299999 node_shortfall=0
COMBINED_SWEEP_POSITION position=30595 game=8546 bag=86 num_plies=6 num_plays=60 min_play_iterations=71 selected_source_rank=1 oracle_best_source_rank=3 candidate_best_source_rank=3 candidate_regret=0.000000000 sampling_regret=0.025343480 total_regret=0.025343480 spread_delta=-10.128906250 iterations=42857 nodes=299999 node_shortfall=0
COMBINED_SWEEP_POSITION position=30596 game=8546 bag=83 num_plies=6 num_plays=60 min_play_iterations=71 selected_source_rank=0 oracle_best_source_rank=0 candidate_best_source_rank=0 candidate_regret=0.000000000 sampling_regret=0.000000000 total_regret=0.000000000 spread_delta=+0.000000000 iterations=42857 nodes=299999 node_shortfall=0
COMBINED_SWEEP_POSITION position=30597 game=8546 bag=83 num_plies=6 num_plays=60 min_play_iterations=71 selected_source_rank=0 oracle_best_source_rank=0 candidate_best_source_rank=0 candidate_regret=0.000000000 sampling_regret=0.000000000 total_regret=0.000000000 spread_delta=+0.000000000 iterations=42857 nodes=299999 node_shortfall=0
COMBINED_SWEEP_POSITION position=30598 game=8546 bag=80 num_plies=6 num_plays=60 min_play_iterations=71 selected_source_rank=0 oracle_best_source_rank=0 candidate_best_source_rank=0 candidate_regret=0.000000000 sampling_regret=0.000000000 total_regret=0.000000000 spread_delta=+0.000000000 iterations=42857 nodes=299999 node_shortfall=0
COMBINED_SWEEP_POSITION position=30599 game=8546 bag=76 num_plies=6 num_plays=60 min_play_iterations=71 selected_source_rank=0 oracle_best_source_rank=0 candidate_best_source_rank=0 candidate_regret=0.000000000 sampling_regret=0.000000000 total_regret=0.000000000 spread_delta=+0.000000000 iterations=42857 nodes=299999 node_shortfall=0
COMBINED_SWEEP_POSITION position=30600 game=8546 bag=74 num_plies=6 num_plays=60 min_play_iterations=71 selected_source_rank=2 oracle_best_source_rank=1 candidate_best_source_rank=1 candidate_regret=0.000000000 sampling_regret=0.038652692 total_regret=0.038652692 spread_delta=-8.500000000 iterations=42857 nodes=299999 node_shortfall=0
COMBINED_SWEEP_POSITION position=30601 game=8546 bag=70 num_plies=6 num_plays=60 min_play_iterations=71 selected_source_rank=0 oracle_best_source_rank=0 candidate_best_source_rank=0 candidate_regret=0.000000000 sampling_regret=0.000000000 total_regret=0.000000000 spread_delta=+0.000000000 iterations=42857 nodes=299999 node_shortfall=0
COMBINED_SWEEP_POSITION position=30602 game=8546 bag=63 num_plies=6 num_plays=60 min_play_iterations=71 selected_source_rank=1 oracle_best_source_rank=1 candidate_best_source_rank=1 candidate_regret=0.000000000 sampling_regret=0.000000000 total_regret=0.000000000 spread_delta=+0.000000000 iterations=42857 nodes=299999 node_shortfall=0
COMBINED_SWEEP_POSITION position=30603 game=8546 bag=60 num_plies=6 num_plays=60 min_play_iterations=71 selected_source_rank=0 oracle_best_source_rank=0 candidate_best_source_rank=0 candidate_regret=0.000000000 sampling_regret=0.000000000 total_regret=0.000000000 spread_delta=+0.000000000 iterations=42857 nodes=299999 node_shortfall=0
COMBINED_SWEEP_POSITION position=30604 game=8546 bag=53 num_plies=6 num_plays=60 min_play_iterations=71 selected_source_rank=1 oracle_best_source_rank=1 candidate_best_source_rank=1 candidate_regret=0.000000000 sampling_regret=0.000000000 total_regret=0.000000000 spread_delta=+0.000000000 iterations=42857 nodes=299999 node_shortfall=0
COMBINED_SWEEP_POSITION position=30611 game=8547 bag=86 num_plies=6 num_plays=60 min_play_iterations=71 selected_source_rank=0 oracle_best_source_rank=2 candidate_best_source_rank=2 candidate_regret=0.000000000 sampling_regret=0.011937949 total_regret=0.011937949 spread_delta=+1.093750000 iterations=42857 nodes=299999 node_shortfall=0
COMBINED_SWEEP_POSITION position=30612 game=8547 bag=81 num_plies=6 num_plays=60 min_play_iterations=71 selected_source_rank=0 oracle_best_source_rank=0 candidate_best_source_rank=0 candidate_regret=0.000000000 sampling_regret=0.000000000 total_regret=0.000000000 spread_delta=+0.000000000 iterations=42857 nodes=299999 node_shortfall=0
COMBINED_SWEEP_POSITION position=30613 game=8547 bag=74 num_plies=6 num_plays=60 min_play_iterations=71 selected_source_rank=0 oracle_best_source_rank=2 candidate_best_source_rank=2 candidate_regret=0.000000000 sampling_regret=0.066871753 total_regret=0.066871753 spread_delta=-3.683593750 iterations=42857 nodes=299999 node_shortfall=0
COMBINED_SWEEP_POSITION position=30614 game=8547 bag=67 num_plies=6 num_plays=60 min_play_iterations=71 selected_source_rank=0 oracle_best_source_rank=20 candidate_best_source_rank=20 candidate_regret=0.000000000 sampling_regret=0.008061548 total_regret=0.008061548 spread_delta=+0.156250000 iterations=42857 nodes=299999 node_shortfall=0
COMBINED_SWEEP_POSITION position=30615 game=8547 bag=63 num_plies=6 num_plays=60 min_play_iterations=71 selected_source_rank=0 oracle_best_source_rank=0 candidate_best_source_rank=0 candidate_regret=0.000000000 sampling_regret=0.000000000 total_regret=0.000000000 spread_delta=+0.000000000 iterations=42857 nodes=299999 node_shortfall=0
COMBINED_SWEEP_POSITION position=30616 game=8547 bag=60 num_plies=6 num_plays=60 min_play_iterations=71 selected_source_rank=1 oracle_best_source_rank=17 candidate_best_source_rank=17 candidate_regret=0.000000000 sampling_regret=0.012435626 total_regret=0.012435626 spread_delta=+6.023437500 iterations=42857 nodes=299999 node_shortfall=0
COMBINED_SWEEP_POSITION position=30617 game=8547 bag=57 num_plies=6 num_plays=60 min_play_iterations=71 selected_source_rank=0 oracle_best_source_rank=0 candidate_best_source_rank=0 candidate_regret=0.000000000 sampling_regret=0.000000000 total_regret=0.000000000 spread_delta=+0.000000000 iterations=42857 nodes=299999 node_shortfall=0
COMBINED_SWEEP_POSITION position=30618 game=8547 bag=53 num_plies=6 num_plays=60 min_play_iterations=71 selected_source_rank=0 oracle_best_source_rank=1 candidate_best_source_rank=1 candidate_regret=0.000000000 sampling_regret=0.010530643 total_regret=0.010530643 spread_delta=-2.839843750 iterations=42857 nodes=299999 node_shortfall=0
COMBINED_SWEEP_POSITION position=30622 game=8548 bag=86 num_plies=6 num_plays=60 min_play_iterations=71 selected_source_rank=0 oracle_best_source_rank=4 candidate_best_source_rank=4 candidate_regret=0.000000000 sampling_regret=0.001853566 total_regret=0.001853566 spread_delta=-2.316406250 iterations=42857 nodes=299999 node_shortfall=0
COMBINED_SWEEP_POSITION position=30623 game=8548 bag=79 num_plies=6 num_plays=60 min_play_iterations=71 selected_source_rank=0 oracle_best_source_rank=0 candidate_best_source_rank=0 candidate_regret=0.000000000 sampling_regret=0.000000000 total_regret=0.000000000 spread_delta=+0.000000000 iterations=42857 nodes=299999 node_shortfall=0
COMBINED_SWEEP_POSITION position=30624 game=8548 bag=74 num_plies=6 num_plays=60 min_play_iterations=71 selected_source_rank=0 oracle_best_source_rank=0 candidate_best_source_rank=0 candidate_regret=0.000000000 sampling_regret=0.000000000 total_regret=0.000000000 spread_delta=+0.000000000 iterations=42857 nodes=299999 node_shortfall=0
COMBINED_SWEEP_POSITION position=30625 game=8548 bag=67 num_plies=6 num_plays=60 min_play_iterations=71 selected_source_rank=8 oracle_best_source_rank=8 candidate_best_source_rank=8 candidate_regret=0.000000000 sampling_regret=0.000000000 total_regret=0.000000000 spread_delta=+0.000000000 iterations=42857 nodes=299999 node_shortfall=0
COMBINED_SWEEP_POSITION position=30626 game=8548 bag=64 num_plies=6 num_plays=60 min_play_iterations=71 selected_source_rank=0 oracle_best_source_rank=0 candidate_best_source_rank=0 candidate_regret=0.000000000 sampling_regret=0.000000000 total_regret=0.000000000 spread_delta=+0.000000000 iterations=42857 nodes=299999 node_shortfall=0
COMBINED_SWEEP_POSITION position=30627 game=8548 bag=60 num_plies=6 num_plays=60 min_play_iterations=71 selected_source_rank=0 oracle_best_source_rank=0 candidate_best_source_rank=0 candidate_regret=0.000000000 sampling_regret=0.000000000 total_regret=0.000000000 spread_delta=+0.000000000 iterations=42857 nodes=299999 node_shortfall=0
COMBINED_SWEEP_POSITION position=30628 game=8548 bag=53 num_plies=6 num_plays=60 min_play_iterations=71 selected_source_rank=0 oracle_best_source_rank=0 candidate_best_source_rank=0 candidate_regret=0.000000000 sampling_regret=0.000000000 total_regret=0.000000000 spread_delta=+0.000000000 iterations=42857 nodes=299999 node_shortfall=0
COMBINED_SWEEP_POSITION position=30629 game=8548 bag=52 num_plies=6 num_plays=60 min_play_iterations=71 selected_source_rank=2 oracle_best_source_rank=1 candidate_best_source_rank=1 candidate_regret=0.000000000 sampling_regret=0.030371596 total_regret=0.030371596 spread_delta=-6.988281250 iterations=42857 nodes=299999 node_shortfall=0
COMBINED_SWEEP_POSITION position=30635 game=8549 bag=86 num_plies=6 num_plays=60 min_play_iterations=71 selected_source_rank=0 oracle_best_source_rank=0 candidate_best_source_rank=0 candidate_regret=0.000000000 sampling_regret=0.000000000 total_regret=0.000000000 spread_delta=+0.000000000 iterations=42857 nodes=299999 node_shortfall=0
COMBINED_SWEEP_POSITION position=30636 game=8549 bag=79 num_plies=6 num_plays=60 min_play_iterations=71 selected_source_rank=18 oracle_best_source_rank=18 candidate_best_source_rank=18 candidate_regret=0.000000000 sampling_regret=0.000000000 total_regret=0.000000000 spread_delta=+0.000000000 iterations=42857 nodes=299999 node_shortfall=0
COMBINED_SWEEP_POSITION position=30637 game=8549 bag=72 num_plies=6 num_plays=60 min_play_iterations=71 selected_source_rank=0 oracle_best_source_rank=6 candidate_best_source_rank=6 candidate_regret=0.000000000 sampling_regret=0.041906515 total_regret=0.041906515 spread_delta=+2.085937500 iterations=42857 nodes=299999 node_shortfall=0
COMBINED_SWEEP_POSITION position=30638 game=8549 bag=68 num_plies=6 num_plays=60 min_play_iterations=71 selected_source_rank=1 oracle_best_source_rank=1 candidate_best_source_rank=1 candidate_regret=0.000000000 sampling_regret=0.000000000 total_regret=0.000000000 spread_delta=+0.000000000 iterations=42857 nodes=299999 node_shortfall=0
COMBINED_SWEEP_POSITION position=30639 game=8549 bag=61 num_plies=6 num_plays=60 min_play_iterations=71 selected_source_rank=0 oracle_best_source_rank=0 candidate_best_source_rank=0 candidate_regret=0.000000000 sampling_regret=0.000000000 total_regret=0.000000000 spread_delta=+0.000000000 iterations=42857 nodes=299999 node_shortfall=0
COMBINED_SWEEP_POSITION position=30640 game=8549 bag=57 num_plies=6 num_plays=60 min_play_iterations=71 selected_source_rank=4 oracle_best_source_rank=0 candidate_best_source_rank=0 candidate_regret=0.000000000 sampling_regret=0.033383136 total_regret=0.033383136 spread_delta=-3.644531250 iterations=42857 nodes=299999 node_shortfall=0
COMBINED_SWEEP_POSITION position=30641 game=8549 bag=53 num_plies=6 num_plays=60 min_play_iterations=71 selected_source_rank=1 oracle_best_source_rank=1 candidate_best_source_rank=1 candidate_regret=0.000000000 sampling_regret=0.000000000 total_regret=0.000000000 spread_delta=+0.000000000 iterations=42857 nodes=299999 node_shortfall=0
COMBINED_SWEEP_POSITION position=30642 game=8549 bag=50 num_plies=6 num_plays=60 min_play_iterations=71 selected_source_rank=0 oracle_best_source_rank=1 candidate_best_source_rank=1 candidate_regret=0.000000000 sampling_regret=0.004307077 total_regret=0.004307077 spread_delta=+1.894531250 iterations=42857 nodes=299999 node_shortfall=0
COMBINED_SWEEP_POSITION position=30649 game=8550 bag=86 num_plies=6 num_plays=60 min_play_iterations=71 selected_source_rank=0 oracle_best_source_rank=0 candidate_best_source_rank=0 candidate_regret=0.000000000 sampling_regret=0.000000000 total_regret=0.000000000 spread_delta=+0.000000000 iterations=42857 nodes=299999 node_shortfall=0
COMBINED_SWEEP_POSITION position=30650 game=8550 bag=82 num_plies=6 num_plays=60 min_play_iterations=71 selected_source_rank=0 oracle_best_source_rank=0 candidate_best_source_rank=0 candidate_regret=0.000000000 sampling_regret=0.000000000 total_regret=0.000000000 spread_delta=+0.000000000 iterations=42857 nodes=299999 node_shortfall=0
COMBINED_SWEEP_POSITION position=30651 game=8550 bag=78 num_plies=6 num_plays=60 min_play_iterations=71 selected_source_rank=1 oracle_best_source_rank=1 candidate_best_source_rank=1 candidate_regret=0.000000000 sampling_regret=0.000000000 total_regret=0.000000000 spread_delta=+0.000000000 iterations=42857 nodes=299999 node_shortfall=0
COMBINED_SWEEP_POSITION position=30652 game=8550 bag=72 num_plies=6 num_plays=60 min_play_iterations=71 selected_source_rank=0 oracle_best_source_rank=0 candidate_best_source_rank=0 candidate_regret=0.000000000 sampling_regret=0.000000000 total_regret=0.000000000 spread_delta=+0.000000000 iterations=42857 nodes=299999 node_shortfall=0
COMBINED_SWEEP_POSITION position=30653 game=8550 bag=65 num_plies=6 num_plays=60 min_play_iterations=71 selected_source_rank=0 oracle_best_source_rank=4 candidate_best_source_rank=4 candidate_regret=0.000000000 sampling_regret=0.041262485 total_regret=0.041262485 spread_delta=-2.531250000 iterations=42857 nodes=299999 node_shortfall=0
COMBINED_SWEEP_POSITION position=30654 game=8550 bag=60 num_plies=6 num_plays=60 min_play_iterations=71 selected_source_rank=0 oracle_best_source_rank=0 candidate_best_source_rank=0 candidate_regret=0.000000000 sampling_regret=0.000000000 total_regret=0.000000000 spread_delta=+0.000000000 iterations=42857 nodes=299999 node_shortfall=0
COMBINED_SWEEP_POSITION position=30655 game=8550 bag=55 num_plies=6 num_plays=60 min_play_iterations=71 selected_source_rank=0 oracle_best_source_rank=0 candidate_best_source_rank=0 candidate_regret=0.000000000 sampling_regret=0.000000000 total_regret=0.000000000 spread_delta=+0.000000000 iterations=42857 nodes=299999 node_shortfall=0
COMBINED_SWEEP_POSITION position=30662 game=8551 bag=86 num_plies=6 num_plays=60 min_play_iterations=71 selected_source_rank=0 oracle_best_source_rank=0 candidate_best_source_rank=0 candidate_regret=0.000000000 sampling_regret=0.000000000 total_regret=0.000000000 spread_delta=+0.000000000 iterations=42857 nodes=299999 node_shortfall=0
COMBINED_SWEEP_POSITION position=30663 game=8551 bag=81 num_plies=6 num_plays=60 min_play_iterations=71 selected_source_rank=1 oracle_best_source_rank=0 candidate_best_source_rank=0 candidate_regret=0.000000000 sampling_regret=0.022065008 total_regret=0.022065008 spread_delta=+1.078125000 iterations=42857 nodes=299999 node_shortfall=0
COMBINED_SWEEP_POSITION position=30664 game=8551 bag=78 num_plies=6 num_plays=60 min_play_iterations=71 selected_source_rank=0 oracle_best_source_rank=1 candidate_best_source_rank=1 candidate_regret=0.000000000 sampling_regret=0.019686128 total_regret=0.019686128 spread_delta=-3.632812500 iterations=42857 nodes=299999 node_shortfall=0
COMBINED_SWEEP_POSITION position=30665 game=8551 bag=71 num_plies=6 num_plays=60 min_play_iterations=71 selected_source_rank=0 oracle_best_source_rank=0 candidate_best_source_rank=0 candidate_regret=0.000000000 sampling_regret=0.000000000 total_regret=0.000000000 spread_delta=+0.000000000 iterations=42857 nodes=299999 node_shortfall=0
COMBINED_SWEEP_POSITION position=30666 game=8551 bag=64 num_plies=6 num_plays=60 min_play_iterations=71 selected_source_rank=0 oracle_best_source_rank=0 candidate_best_source_rank=0 candidate_regret=0.000000000 sampling_regret=0.000000000 total_regret=0.000000000 spread_delta=+0.000000000 iterations=42857 nodes=299999 node_shortfall=0
COMBINED_SWEEP_POSITION position=30667 game=8551 bag=57 num_plies=6 num_plays=60 min_play_iterations=71 selected_source_rank=0 oracle_best_source_rank=0 candidate_best_source_rank=0 candidate_regret=0.000000000 sampling_regret=0.000000000 total_regret=0.000000000 spread_delta=+0.000000000 iterations=42857 nodes=299999 node_shortfall=0
COMBINED_SWEEP_POSITION position=30668 game=8551 bag=53 num_plies=6 num_plays=60 min_play_iterations=71 selected_source_rank=1 oracle_best_source_rank=1 candidate_best_source_rank=1 candidate_regret=0.000000000 sampling_regret=0.000000000 total_regret=0.000000000 spread_delta=+0.000000000 iterations=42857 nodes=299999 node_shortfall=0
COMBINED_SWEEP_POSITION position=30676 game=8552 bag=86 num_plies=6 num_plays=60 min_play_iterations=71 selected_source_rank=0 oracle_best_source_rank=4 candidate_best_source_rank=4 candidate_regret=0.000000000 sampling_regret=0.051058905 total_regret=0.051058905 spread_delta=-10.601562500 iterations=42857 nodes=299999 node_shortfall=0
COMBINED_SWEEP_POSITION position=30677 game=8552 bag=81 num_plies=6 num_plays=60 min_play_iterations=71 selected_source_rank=0 oracle_best_source_rank=0 candidate_best_source_rank=0 candidate_regret=0.000000000 sampling_regret=0.000000000 total_regret=0.000000000 spread_delta=+0.000000000 iterations=42857 nodes=299999 node_shortfall=0
COMBINED_SWEEP_POSITION position=30678 game=8552 bag=74 num_plies=6 num_plays=60 min_play_iterations=71 selected_source_rank=0 oracle_best_source_rank=0 candidate_best_source_rank=0 candidate_regret=0.000000000 sampling_regret=0.000000000 total_regret=0.000000000 spread_delta=+0.000000000 iterations=42857 nodes=299999 node_shortfall=0
COMBINED_SWEEP_POSITION position=30679 game=8552 bag=67 num_plies=6 num_plays=60 min_play_iterations=71 selected_source_rank=0 oracle_best_source_rank=0 candidate_best_source_rank=0 candidate_regret=0.000000000 sampling_regret=0.000000000 total_regret=0.000000000 spread_delta=+0.000000000 iterations=42857 nodes=299999 node_shortfall=0
COMBINED_SWEEP_POSITION position=30680 game=8552 bag=60 num_plies=6 num_plays=60 min_play_iterations=71 selected_source_rank=0 oracle_best_source_rank=10 candidate_best_source_rank=10 candidate_regret=0.000000000 sampling_regret=0.022504219 total_regret=0.022504219 spread_delta=+3.117187500 iterations=42857 nodes=299999 node_shortfall=0
COMBINED_SWEEP_POSITION position=30681 game=8552 bag=55 num_plies=6 num_plays=60 min_play_iterations=71 selected_source_rank=1 oracle_best_source_rank=0 candidate_best_source_rank=0 candidate_regret=0.000000000 sampling_regret=0.029779764 total_regret=0.029779764 spread_delta=-3.527343750 iterations=42857 nodes=299999 node_shortfall=0
COMBINED_SWEEP_POSITION position=30682 game=8552 bag=52 num_plies=6 num_plays=60 min_play_iterations=71 selected_source_rank=0 oracle_best_source_rank=0 candidate_best_source_rank=0 candidate_regret=0.000000000 sampling_regret=0.000000000 total_regret=0.000000000 spread_delta=+0.000000000 iterations=42857 nodes=299999 node_shortfall=0
COMBINED_SWEEP_POSITION position=30689 game=8553 bag=86 num_plies=6 num_plays=60 min_play_iterations=71 selected_source_rank=42 oracle_best_source_rank=34 candidate_best_source_rank=34 candidate_regret=0.000000000 sampling_regret=0.028722829 total_regret=0.028722829 spread_delta=-1.429687500 iterations=42857 nodes=299999 node_shortfall=0
COMBINED_SWEEP_POSITION position=30690 game=8553 bag=80 num_plies=6 num_plays=60 min_play_iterations=71 selected_source_rank=0 oracle_best_source_rank=2 candidate_best_source_rank=2 candidate_regret=0.000000000 sampling_regret=0.046847602 total_regret=0.046847602 spread_delta=-5.910156250 iterations=42857 nodes=299999 node_shortfall=0
COMBINED_SWEEP_POSITION position=30691 game=8553 bag=73 num_plies=6 num_plays=60 min_play_iterations=71 selected_source_rank=0 oracle_best_source_rank=3 candidate_best_source_rank=3 candidate_regret=0.000000000 sampling_regret=0.007774313 total_regret=0.007774313 spread_delta=+2.796875000 iterations=42857 nodes=299999 node_shortfall=0
COMBINED_SWEEP_POSITION position=30692 game=8553 bag=68 num_plies=6 num_plays=60 min_play_iterations=71 selected_source_rank=0 oracle_best_source_rank=2 candidate_best_source_rank=2 candidate_regret=0.000000000 sampling_regret=0.011814627 total_regret=0.011814627 spread_delta=-3.527343750 iterations=42857 nodes=299999 node_shortfall=0
COMBINED_SWEEP_POSITION position=30693 game=8553 bag=64 num_plies=6 num_plays=60 min_play_iterations=71 selected_source_rank=0 oracle_best_source_rank=0 candidate_best_source_rank=0 candidate_regret=0.000000000 sampling_regret=0.000000000 total_regret=0.000000000 spread_delta=+0.000000000 iterations=42857 nodes=299999 node_shortfall=0
COMBINED_SWEEP_POSITION position=30694 game=8553 bag=58 num_plies=6 num_plays=60 min_play_iterations=71 selected_source_rank=0 oracle_best_source_rank=1 candidate_best_source_rank=1 candidate_regret=0.000000000 sampling_regret=0.008842788 total_regret=0.008842788 spread_delta=-2.785156250 iterations=42857 nodes=299999 node_shortfall=0
COMBINED_SWEEP_POSITION position=30695 game=8553 bag=51 num_plies=6 num_plays=60 min_play_iterations=71 selected_source_rank=1 oracle_best_source_rank=1 candidate_best_source_rank=1 candidate_regret=0.000000000 sampling_regret=0.000000000 total_regret=0.000000000 spread_delta=+0.000000000 iterations=42857 nodes=299999 node_shortfall=0
COMBINED_SWEEP_POSITION position=30701 game=8554 bag=86 num_plies=6 num_plays=60 min_play_iterations=71 selected_source_rank=0 oracle_best_source_rank=1 candidate_best_source_rank=1 candidate_regret=0.000000000 sampling_regret=0.036983670 total_regret=0.036983670 spread_delta=-2.769531250 iterations=42857 nodes=299999 node_shortfall=0
COMBINED_SWEEP_POSITION position=30702 game=8554 bag=81 num_plies=6 num_plays=60 min_play_iterations=71 selected_source_rank=0 oracle_best_source_rank=1 candidate_best_source_rank=1 candidate_regret=0.000000000 sampling_regret=0.058766506 total_regret=0.058766506 spread_delta=-9.562500000 iterations=42857 nodes=299999 node_shortfall=0
COMBINED_SWEEP_POSITION position=30703 game=8554 bag=79 num_plies=6 num_plays=60 min_play_iterations=71 selected_source_rank=2 oracle_best_source_rank=18 candidate_best_source_rank=18 candidate_regret=0.000000000 sampling_regret=0.047234316 total_regret=0.047234316 spread_delta=-2.515625000 iterations=42857 nodes=299999 node_shortfall=0
COMBINED_SWEEP_POSITION position=30704 game=8554 bag=74 num_plies=6 num_plays=60 min_play_iterations=71 selected_source_rank=0 oracle_best_source_rank=0 candidate_best_source_rank=0 candidate_regret=0.000000000 sampling_regret=0.000000000 total_regret=0.000000000 spread_delta=+0.000000000 iterations=42857 nodes=299999 node_shortfall=0
COMBINED_SWEEP_POSITION position=30705 game=8554 bag=70 num_plies=6 num_plays=60 min_play_iterations=71 selected_source_rank=0 oracle_best_source_rank=0 candidate_best_source_rank=0 candidate_regret=0.000000000 sampling_regret=0.000000000 total_regret=0.000000000 spread_delta=+0.000000000 iterations=42857 nodes=299999 node_shortfall=0
COMBINED_SWEEP_POSITION position=30706 game=8554 bag=68 num_plies=6 num_plays=60 min_play_iterations=71 selected_source_rank=0 oracle_best_source_rank=0 candidate_best_source_rank=0 candidate_regret=0.000000000 sampling_regret=0.000000000 total_regret=0.000000000 spread_delta=+0.000000000 iterations=42857 nodes=299999 node_shortfall=0
COMBINED_SWEEP_POSITION position=30707 game=8554 bag=63 num_plies=6 num_plays=60 min_play_iterations=71 selected_source_rank=0 oracle_best_source_rank=0 candidate_best_source_rank=0 candidate_regret=0.000000000 sampling_regret=0.000000000 total_regret=0.000000000 spread_delta=+0.000000000 iterations=42857 nodes=299999 node_shortfall=0
COMBINED_SWEEP_POSITION position=30708 game=8554 bag=57 num_plies=6 num_plays=60 min_play_iterations=71 selected_source_rank=0 oracle_best_source_rank=0 candidate_best_source_rank=0 candidate_regret=0.000000000 sampling_regret=0.000000000 total_regret=0.000000000 spread_delta=+0.000000000 iterations=42857 nodes=299999 node_shortfall=0
COMBINED_SWEEP_POSITION position=30709 game=8554 bag=52 num_plies=6 num_plays=60 min_play_iterations=71 selected_source_rank=0 oracle_best_source_rank=0 candidate_best_source_rank=0 candidate_regret=0.000000000 sampling_regret=0.000000000 total_regret=0.000000000 spread_delta=+0.000000000 iterations=42857 nodes=299999 node_shortfall=0
COMBINED_SWEEP_POSITION position=30713 game=8555 bag=86 num_plies=6 num_plays=60 min_play_iterations=71 selected_source_rank=0 oracle_best_source_rank=3 candidate_best_source_rank=3 candidate_regret=0.000000000 sampling_regret=0.052664827 total_regret=0.052664827 spread_delta=-9.722656250 iterations=42857 nodes=299999 node_shortfall=0
COMBINED_SWEEP_POSITION position=30714 game=8555 bag=82 num_plies=6 num_plays=60 min_play_iterations=71 selected_source_rank=0 oracle_best_source_rank=0 candidate_best_source_rank=0 candidate_regret=0.000000000 sampling_regret=0.000000000 total_regret=0.000000000 spread_delta=+0.000000000 iterations=42857 nodes=299999 node_shortfall=0
COMBINED_SWEEP_POSITION position=30715 game=8555 bag=78 num_plies=6 num_plays=60 min_play_iterations=71 selected_source_rank=0 oracle_best_source_rank=8 candidate_best_source_rank=8 candidate_regret=0.000000000 sampling_regret=0.015884424 total_regret=0.015884424 spread_delta=+10.359375000 iterations=42857 nodes=299999 node_shortfall=0
COMBINED_SWEEP_POSITION position=30716 game=8555 bag=75 num_plies=6 num_plays=60 min_play_iterations=71 selected_source_rank=0 oracle_best_source_rank=0 candidate_best_source_rank=0 candidate_regret=0.000000000 sampling_regret=0.000000000 total_regret=0.000000000 spread_delta=+0.000000000 iterations=42857 nodes=299999 node_shortfall=0
COMBINED_SWEEP_POSITION position=30717 game=8555 bag=75 num_plies=6 num_plays=60 min_play_iterations=71 selected_source_rank=0 oracle_best_source_rank=23 candidate_best_source_rank=23 candidate_regret=0.000000000 sampling_regret=0.006422309 total_regret=0.006422309 spread_delta=+7.832031250 iterations=42857 nodes=299999 node_shortfall=0
COMBINED_SWEEP_POSITION position=30718 game=8555 bag=72 num_plies=6 num_plays=60 min_play_iterations=71 selected_source_rank=0 oracle_best_source_rank=0 candidate_best_source_rank=0 candidate_regret=0.000000000 sampling_regret=0.000000000 total_regret=0.000000000 spread_delta=+0.000000000 iterations=42857 nodes=299999 node_shortfall=0
COMBINED_SWEEP_POSITION position=30719 game=8555 bag=69 num_plies=6 num_plays=60 min_play_iterations=71 selected_source_rank=2 oracle_best_source_rank=54 candidate_best_source_rank=54 candidate_regret=0.000000000 sampling_regret=0.014096201 total_regret=0.014096201 spread_delta=+6.753906250 iterations=42857 nodes=299999 node_shortfall=0
COMBINED_SWEEP_POSITION position=30720 game=8555 bag=65 num_plies=6 num_plays=60 min_play_iterations=71 selected_source_rank=0 oracle_best_source_rank=0 candidate_best_source_rank=0 candidate_regret=0.000000000 sampling_regret=0.000000000 total_regret=0.000000000 spread_delta=+0.000000000 iterations=42857 nodes=299999 node_shortfall=0
COMBINED_SWEEP_POSITION position=30721 game=8555 bag=58 num_plies=6 num_plays=60 min_play_iterations=71 selected_source_rank=6 oracle_best_source_rank=9 candidate_best_source_rank=9 candidate_regret=0.000000000 sampling_regret=0.055407129 total_regret=0.055407129 spread_delta=-3.082031250 iterations=42857 nodes=299999 node_shortfall=0
COMBINED_SWEEP_POSITION position=30722 game=8555 bag=53 num_plies=6 num_plays=60 min_play_iterations=71 selected_source_rank=0 oracle_best_source_rank=0 candidate_best_source_rank=0 candidate_regret=0.000000000 sampling_regret=0.000000000 total_regret=0.000000000 spread_delta=+0.000000000 iterations=42857 nodes=299999 node_shortfall=0
COMBINED_SWEEP_POSITION position=30723 game=8555 bag=51 num_plies=6 num_plays=60 min_play_iterations=71 selected_source_rank=5 oracle_best_source_rank=7 candidate_best_source_rank=7 candidate_regret=0.000000000 sampling_regret=0.051365490 total_regret=0.051365490 spread_delta=-9.359375000 iterations=42857 nodes=299999 node_shortfall=0
COMBINED_SWEEP_POSITION position=30727 game=8556 bag=86 num_plies=6 num_plays=60 min_play_iterations=71 selected_source_rank=0 oracle_best_source_rank=0 candidate_best_source_rank=0 candidate_regret=0.000000000 sampling_regret=0.000000000 total_regret=0.000000000 spread_delta=+0.000000000 iterations=42857 nodes=299999 node_shortfall=0
COMBINED_SWEEP_POSITION position=30728 game=8556 bag=80 num_plies=6 num_plays=60 min_play_iterations=71 selected_source_rank=0 oracle_best_source_rank=3 candidate_best_source_rank=3 candidate_regret=0.000000000 sampling_regret=0.010920410 total_regret=0.010920410 spread_delta=+1.742187500 iterations=42857 nodes=299999 node_shortfall=0
COMBINED_SWEEP_POSITION position=30729 game=8556 bag=73 num_plies=6 num_plays=60 min_play_iterations=71 selected_source_rank=0 oracle_best_source_rank=34 candidate_best_source_rank=34 candidate_regret=0.000000000 sampling_regret=0.028071250 total_regret=0.028071250 spread_delta=-8.722656250 iterations=42857 nodes=299999 node_shortfall=0
COMBINED_SWEEP_POSITION position=30730 game=8556 bag=69 num_plies=6 num_plays=60 min_play_iterations=71 selected_source_rank=0 oracle_best_source_rank=0 candidate_best_source_rank=0 candidate_regret=0.000000000 sampling_regret=0.000000000 total_regret=0.000000000 spread_delta=+0.000000000 iterations=42857 nodes=299999 node_shortfall=0
COMBINED_SWEEP_POSITION position=30731 game=8556 bag=62 num_plies=6 num_plays=60 min_play_iterations=71 selected_source_rank=1 oracle_best_source_rank=5 candidate_best_source_rank=5 candidate_regret=0.000000000 sampling_regret=0.011428160 total_regret=0.011428160 spread_delta=+0.824218750 iterations=42857 nodes=299999 node_shortfall=0
COMBINED_SWEEP_POSITION position=30732 game=8556 bag=57 num_plies=6 num_plays=60 min_play_iterations=71 selected_source_rank=1 oracle_best_source_rank=1 candidate_best_source_rank=1 candidate_regret=0.000000000 sampling_regret=0.000000000 total_regret=0.000000000 spread_delta=+0.000000000 iterations=42857 nodes=299999 node_shortfall=0
COMBINED_SWEEP_POSITION position=30733 game=8556 bag=52 num_plies=6 num_plays=60 min_play_iterations=71 selected_source_rank=0 oracle_best_source_rank=8 candidate_best_source_rank=8 candidate_regret=0.000000000 sampling_regret=0.020995884 total_regret=0.020995884 spread_delta=+8.414062500 iterations=42857 nodes=299999 node_shortfall=0
COMBINED_SWEEP_POSITION position=30739 game=8557 bag=86 num_plies=6 num_plays=60 min_play_iterations=71 selected_source_rank=0 oracle_best_source_rank=39 candidate_best_source_rank=39 candidate_regret=0.000000000 sampling_regret=0.035303770 total_regret=0.035303770 spread_delta=+2.457031250 iterations=42857 nodes=299999 node_shortfall=0
COMBINED_SWEEP_POSITION position=30740 game=8557 bag=80 num_plies=6 num_plays=60 min_play_iterations=71 selected_source_rank=0 oracle_best_source_rank=1 candidate_best_source_rank=1 candidate_regret=0.000000000 sampling_regret=0.011635919 total_regret=0.011635919 spread_delta=-4.117187500 iterations=42857 nodes=299999 node_shortfall=0
COMBINED_SWEEP_POSITION position=30741 game=8557 bag=76 num_plies=6 num_plays=60 min_play_iterations=71 selected_source_rank=0 oracle_best_source_rank=1 candidate_best_source_rank=1 candidate_regret=0.000000000 sampling_regret=0.060946477 total_regret=0.060946477 spread_delta=-15.921875000 iterations=42857 nodes=299999 node_shortfall=0
COMBINED_SWEEP_POSITION position=30742 game=8557 bag=72 num_plies=6 num_plays=60 min_play_iterations=71 selected_source_rank=8 oracle_best_source_rank=10 candidate_best_source_rank=10 candidate_regret=0.000000000 sampling_regret=0.045653625 total_regret=0.045653625 spread_delta=-5.347656250 iterations=42857 nodes=299999 node_shortfall=0
COMBINED_SWEEP_POSITION position=30743 game=8557 bag=67 num_plies=6 num_plays=60 min_play_iterations=71 selected_source_rank=3 oracle_best_source_rank=5 candidate_best_source_rank=5 candidate_regret=0.000000000 sampling_regret=0.026607449 total_regret=0.026607449 spread_delta=-7.453125000 iterations=42857 nodes=299999 node_shortfall=0
COMBINED_SWEEP_POSITION position=30744 game=8557 bag=65 num_plies=6 num_plays=60 min_play_iterations=71 selected_source_rank=0 oracle_best_source_rank=0 candidate_best_source_rank=0 candidate_regret=0.000000000 sampling_regret=0.000000000 total_regret=0.000000000 spread_delta=+0.000000000 iterations=42857 nodes=299999 node_shortfall=0
COMBINED_SWEEP_POSITION position=30745 game=8557 bag=60 num_plies=6 num_plays=60 min_play_iterations=71 selected_source_rank=0 oracle_best_source_rank=0 candidate_best_source_rank=0 candidate_regret=0.000000000 sampling_regret=0.000000000 total_regret=0.000000000 spread_delta=+0.000000000 iterations=42857 nodes=299999 node_shortfall=0
COMBINED_SWEEP_POSITION position=30746 game=8557 bag=53 num_plies=6 num_plays=60 min_play_iterations=71 selected_source_rank=0 oracle_best_source_rank=3 candidate_best_source_rank=3 candidate_regret=0.000000000 sampling_regret=0.027086107 total_regret=0.027086107 spread_delta=-2.296875000 iterations=42857 nodes=299999 node_shortfall=0
COMBINED_SWEEP_POSITION position=30747 game=8557 bag=50 num_plies=6 num_plays=60 min_play_iterations=71 selected_source_rank=1 oracle_best_source_rank=3 candidate_best_source_rank=3 candidate_regret=0.000000000 sampling_regret=0.014479780 total_regret=0.014479780 spread_delta=-0.339843750 iterations=42857 nodes=299999 node_shortfall=0
COMBINED_SWEEP_POSITION position=30752 game=8558 bag=86 num_plies=6 num_plays=60 min_play_iterations=71 selected_source_rank=3 oracle_best_source_rank=17 candidate_best_source_rank=17 candidate_regret=0.000000000 sampling_regret=0.026132869 total_regret=0.026132869 spread_delta=-8.519531250 iterations=42857 nodes=299999 node_shortfall=0
COMBINED_SWEEP_POSITION position=30753 game=8558 bag=81 num_plies=6 num_plays=60 min_play_iterations=71 selected_source_rank=0 oracle_best_source_rank=0 candidate_best_source_rank=0 candidate_regret=0.000000000 sampling_regret=0.000000000 total_regret=0.000000000 spread_delta=+0.000000000 iterations=42857 nodes=299999 node_shortfall=0
COMBINED_SWEEP_POSITION position=30754 game=8558 bag=77 num_plies=6 num_plays=60 min_play_iterations=71 selected_source_rank=0 oracle_best_source_rank=0 candidate_best_source_rank=0 candidate_regret=0.000000000 sampling_regret=0.000000000 total_regret=0.000000000 spread_delta=+0.000000000 iterations=42857 nodes=299999 node_shortfall=0
COMBINED_SWEEP_POSITION position=30755 game=8558 bag=70 num_plies=6 num_plays=60 min_play_iterations=71 selected_source_rank=0 oracle_best_source_rank=2 candidate_best_source_rank=2 candidate_regret=0.000000000 sampling_regret=0.004136781 total_regret=0.004136781 spread_delta=+7.882812500 iterations=42857 nodes=299999 node_shortfall=0
COMBINED_SWEEP_POSITION position=30756 game=8558 bag=68 num_plies=6 num_plays=60 min_play_iterations=71 selected_source_rank=0 oracle_best_source_rank=0 candidate_best_source_rank=0 candidate_regret=0.000000000 sampling_regret=0.000000000 total_regret=0.000000000 spread_delta=+0.000000000 iterations=42857 nodes=299999 node_shortfall=0
COMBINED_SWEEP_POSITION position=30757 game=8558 bag=64 num_plies=6 num_plays=60 min_play_iterations=71 selected_source_rank=1 oracle_best_source_rank=2 candidate_best_source_rank=2 candidate_regret=0.000000000 sampling_regret=0.025852183 total_regret=0.025852183 spread_delta=-13.812500000 iterations=42857 nodes=299999 node_shortfall=0
COMBINED_SWEEP_POSITION position=30758 game=8558 bag=60 num_plies=6 num_plays=60 min_play_iterations=71 selected_source_rank=0 oracle_best_source_rank=5 candidate_best_source_rank=5 candidate_regret=0.000000000 sampling_regret=0.005306748 total_regret=0.005306748 spread_delta=-8.082031250 iterations=42857 nodes=299999 node_shortfall=0
COMBINED_SWEEP_POSITION position=30759 game=8558 bag=57 num_plies=6 num_plays=60 min_play_iterations=71 selected_source_rank=16 oracle_best_source_rank=15 candidate_best_source_rank=15 candidate_regret=0.000000000 sampling_regret=0.006789023 total_regret=0.006789023 spread_delta=+8.722656250 iterations=42857 nodes=299999 node_shortfall=0
COMBINED_SWEEP_POSITION position=30760 game=8558 bag=53 num_plies=6 num_plays=60 min_play_iterations=71 selected_source_rank=3 oracle_best_source_rank=6 candidate_best_source_rank=6 candidate_regret=0.000000000 sampling_regret=0.010282253 total_regret=0.010282253 spread_delta=-14.613281250 iterations=42857 nodes=299999 node_shortfall=0
COMBINED_SWEEP_POSITION position=30761 game=8558 bag=51 num_plies=6 num_plays=60 min_play_iterations=71 selected_source_rank=0 oracle_best_source_rank=3 candidate_best_source_rank=3 candidate_regret=0.000000000 sampling_regret=0.002033287 total_regret=0.002033287 spread_delta=+6.082031250 iterations=42857 nodes=299999 node_shortfall=0
COMBINED_SWEEP_POSITION position=30766 game=8559 bag=86 num_plies=6 num_plays=60 min_play_iterations=71 selected_source_rank=1 oracle_best_source_rank=18 candidate_best_source_rank=18 candidate_regret=0.000000000 sampling_regret=0.080996271 total_regret=0.080996271 spread_delta=-15.398437500 iterations=42857 nodes=299999 node_shortfall=0
COMBINED_SWEEP_POSITION position=30767 game=8559 bag=81 num_plies=6 num_plays=60 min_play_iterations=71 selected_source_rank=2 oracle_best_source_rank=1 candidate_best_source_rank=1 candidate_regret=0.000000000 sampling_regret=0.046736860 total_regret=0.046736860 spread_delta=-9.464843750 iterations=42857 nodes=299999 node_shortfall=0
COMBINED_SWEEP_POSITION position=30768 game=8559 bag=77 num_plies=6 num_plays=60 min_play_iterations=71 selected_source_rank=2 oracle_best_source_rank=3 candidate_best_source_rank=3 candidate_regret=0.000000000 sampling_regret=0.033938211 total_regret=0.033938211 spread_delta=-12.539062500 iterations=42857 nodes=299999 node_shortfall=0
COMBINED_SWEEP_POSITION position=30769 game=8559 bag=70 num_plies=6 num_plays=60 min_play_iterations=71 selected_source_rank=1 oracle_best_source_rank=1 candidate_best_source_rank=1 candidate_regret=0.000000000 sampling_regret=0.000000000 total_regret=0.000000000 spread_delta=+0.000000000 iterations=42857 nodes=299999 node_shortfall=0
COMBINED_SWEEP_POSITION position=30770 game=8559 bag=63 num_plies=6 num_plays=60 min_play_iterations=71 selected_source_rank=1 oracle_best_source_rank=3 candidate_best_source_rank=3 candidate_regret=0.000000000 sampling_regret=0.020908556 total_regret=0.020908556 spread_delta=+0.449218750 iterations=42857 nodes=299999 node_shortfall=0
COMBINED_SWEEP_POSITION position=30771 game=8559 bag=60 num_plies=6 num_plays=60 min_play_iterations=71 selected_source_rank=0 oracle_best_source_rank=0 candidate_best_source_rank=0 candidate_regret=0.000000000 sampling_regret=0.000000000 total_regret=0.000000000 spread_delta=+0.000000000 iterations=42857 nodes=299999 node_shortfall=0
COMBINED_SWEEP_POSITION position=30772 game=8559 bag=53 num_plies=6 num_plays=60 min_play_iterations=71 selected_source_rank=2 oracle_best_source_rank=18 candidate_best_source_rank=18 candidate_regret=0.000000000 sampling_regret=0.001227370 total_regret=0.001227370 spread_delta=+13.757812500 iterations=42857 nodes=299999 node_shortfall=0
COMBINED_SWEEP_POSITION position=30779 game=8560 bag=86 num_plies=6 num_plays=60 min_play_iterations=71 selected_source_rank=11 oracle_best_source_rank=24 candidate_best_source_rank=24 candidate_regret=0.000000000 sampling_regret=0.046041637 total_regret=0.046041637 spread_delta=-13.195312500 iterations=42857 nodes=299999 node_shortfall=0
COMBINED_SWEEP_POSITION position=30780 game=8560 bag=80 num_plies=6 num_plays=60 min_play_iterations=71 selected_source_rank=0 oracle_best_source_rank=1 candidate_best_source_rank=1 candidate_regret=0.000000000 sampling_regret=0.012823427 total_regret=0.012823427 spread_delta=+4.128906250 iterations=42857 nodes=299999 node_shortfall=0
COMBINED_SWEEP_POSITION position=30781 game=8560 bag=77 num_plies=6 num_plays=60 min_play_iterations=71 selected_source_rank=0 oracle_best_source_rank=11 candidate_best_source_rank=11 candidate_regret=0.000000000 sampling_regret=0.021136579 total_regret=0.021136579 spread_delta=-1.507812500 iterations=42857 nodes=299999 node_shortfall=0
COMBINED_SWEEP_POSITION position=30782 game=8560 bag=73 num_plies=6 num_plays=60 min_play_iterations=71 selected_source_rank=0 oracle_best_source_rank=1 candidate_best_source_rank=1 candidate_regret=0.000000000 sampling_regret=0.004472527 total_regret=0.004472527 spread_delta=+6.453125000 iterations=42857 nodes=299999 node_shortfall=0
COMBINED_SWEEP_POSITION position=30783 game=8560 bag=69 num_plies=6 num_plays=60 min_play_iterations=71 selected_source_rank=3 oracle_best_source_rank=3 candidate_best_source_rank=3 candidate_regret=0.000000000 sampling_regret=0.000000000 total_regret=0.000000000 spread_delta=+0.000000000 iterations=42857 nodes=299999 node_shortfall=0
COMBINED_SWEEP_POSITION position=30784 game=8560 bag=62 num_plies=6 num_plays=60 min_play_iterations=71 selected_source_rank=8 oracle_best_source_rank=19 candidate_best_source_rank=19 candidate_regret=0.000000000 sampling_regret=0.016451014 total_regret=0.016451014 spread_delta=+1.027343750 iterations=42857 nodes=299999 node_shortfall=0
COMBINED_SWEEP_POSITION position=30785 game=8560 bag=60 num_plies=6 num_plays=60 min_play_iterations=71 selected_source_rank=2 oracle_best_source_rank=2 candidate_best_source_rank=2 candidate_regret=0.000000000 sampling_regret=0.000000000 total_regret=0.000000000 spread_delta=+0.000000000 iterations=42857 nodes=299999 node_shortfall=0
COMBINED_SWEEP_POSITION position=30786 game=8560 bag=56 num_plies=6 num_plays=60 min_play_iterations=71 selected_source_rank=8 oracle_best_source_rank=16 candidate_best_source_rank=16 candidate_regret=0.000000000 sampling_regret=0.020185102 total_regret=0.020185102 spread_delta=-0.839843750 iterations=42857 nodes=299999 node_shortfall=0
COMBINED_SWEEP_POSITION position=30787 game=8560 bag=56 num_plies=6 num_plays=60 min_play_iterations=71 selected_source_rank=0 oracle_best_source_rank=0 candidate_best_source_rank=0 candidate_regret=0.000000000 sampling_regret=0.000000000 total_regret=0.000000000 spread_delta=+0.000000000 iterations=42857 nodes=299999 node_shortfall=0
COMBINED_SWEEP_POSITION position=30788 game=8560 bag=52 num_plies=6 num_plays=60 min_play_iterations=71 selected_source_rank=0 oracle_best_source_rank=0 candidate_best_source_rank=0 candidate_regret=0.000000000 sampling_regret=0.000000000 total_regret=0.000000000 spread_delta=+0.000000000 iterations=42857 nodes=299999 node_shortfall=0
COMBINED_SWEEP_POSITION position=30793 game=8561 bag=86 num_plies=6 num_plays=60 min_play_iterations=71 selected_source_rank=0 oracle_best_source_rank=10 candidate_best_source_rank=10 candidate_regret=0.000000000 sampling_regret=0.047368044 total_regret=0.047368044 spread_delta=-8.906250000 iterations=42857 nodes=299999 node_shortfall=0
COMBINED_SWEEP_POSITION position=30794 game=8561 bag=83 num_plies=6 num_plays=60 min_play_iterations=71 selected_source_rank=0 oracle_best_source_rank=16 candidate_best_source_rank=16 candidate_regret=0.000000000 sampling_regret=0.024306625 total_regret=0.024306625 spread_delta=-2.183593750 iterations=42857 nodes=299999 node_shortfall=0
COMBINED_SWEEP_POSITION position=30795 game=8561 bag=80 num_plies=6 num_plays=60 min_play_iterations=71 selected_source_rank=0 oracle_best_source_rank=1 candidate_best_source_rank=1 candidate_regret=0.000000000 sampling_regret=0.010054553 total_regret=0.010054553 spread_delta=-8.734375000 iterations=42857 nodes=299999 node_shortfall=0
COMBINED_SWEEP_POSITION position=30796 game=8561 bag=76 num_plies=6 num_plays=60 min_play_iterations=71 selected_source_rank=0 oracle_best_source_rank=9 candidate_best_source_rank=9 candidate_regret=0.000000000 sampling_regret=0.032943827 total_regret=0.032943827 spread_delta=-6.582031250 iterations=42857 nodes=299999 node_shortfall=0
COMBINED_SWEEP_POSITION position=30797 game=8561 bag=72 num_plies=6 num_plays=60 min_play_iterations=71 selected_source_rank=1 oracle_best_source_rank=6 candidate_best_source_rank=6 candidate_regret=0.000000000 sampling_regret=0.017835107 total_regret=0.017835107 spread_delta=-2.296875000 iterations=42857 nodes=299999 node_shortfall=0
COMBINED_SWEEP_POSITION position=30798 game=8561 bag=66 num_plies=6 num_plays=60 min_play_iterations=71 selected_source_rank=0 oracle_best_source_rank=0 candidate_best_source_rank=0 candidate_regret=0.000000000 sampling_regret=0.000000000 total_regret=0.000000000 spread_delta=+0.000000000 iterations=42857 nodes=299999 node_shortfall=0
COMBINED_SWEEP_POSITION position=30799 game=8561 bag=61 num_plies=6 num_plays=60 min_play_iterations=71 selected_source_rank=1 oracle_best_source_rank=0 candidate_best_source_rank=0 candidate_regret=0.000000000 sampling_regret=0.025274694 total_regret=0.025274694 spread_delta=-6.878906250 iterations=42857 nodes=299999 node_shortfall=0
COMBINED_SWEEP_POSITION position=30800 game=8561 bag=59 num_plies=6 num_plays=60 min_play_iterations=71 selected_source_rank=0 oracle_best_source_rank=1 candidate_best_source_rank=1 candidate_regret=0.000000000 sampling_regret=0.001860318 total_regret=0.001860318 spread_delta=+2.195312500 iterations=42857 nodes=299999 node_shortfall=0
COMBINED_SWEEP_POSITION position=30801 game=8561 bag=52 num_plies=6 num_plays=60 min_play_iterations=71 selected_source_rank=0 oracle_best_source_rank=0 candidate_best_source_rank=0 candidate_regret=0.000000000 sampling_regret=0.000000000 total_regret=0.000000000 spread_delta=+0.000000000 iterations=42857 nodes=299999 node_shortfall=0
COMBINED_SWEEP_POSITION position=30806 game=8562 bag=86 num_plies=6 num_plays=60 min_play_iterations=71 selected_source_rank=1 oracle_best_source_rank=5 candidate_best_source_rank=5 candidate_regret=0.000000000 sampling_regret=0.027101868 total_regret=0.027101868 spread_delta=-11.222656250 iterations=42857 nodes=299999 node_shortfall=0
COMBINED_SWEEP_POSITION position=30807 game=8562 bag=84 num_plies=6 num_plays=60 min_play_iterations=71 selected_source_rank=5 oracle_best_source_rank=44 candidate_best_source_rank=44 candidate_regret=0.000000000 sampling_regret=0.026649852 total_regret=0.026649852 spread_delta=-6.539062500 iterations=42857 nodes=299999 node_shortfall=0
COMBINED_SWEEP_POSITION position=30808 game=8562 bag=78 num_plies=6 num_plays=60 min_play_iterations=71 selected_source_rank=0 oracle_best_source_rank=0 candidate_best_source_rank=0 candidate_regret=0.000000000 sampling_regret=0.000000000 total_regret=0.000000000 spread_delta=+0.000000000 iterations=42857 nodes=299999 node_shortfall=0
COMBINED_SWEEP_POSITION position=30809 game=8562 bag=71 num_plies=6 num_plays=60 min_play_iterations=71 selected_source_rank=0 oracle_best_source_rank=3 candidate_best_source_rank=3 candidate_regret=0.000000000 sampling_regret=0.005756273 total_regret=0.005756273 spread_delta=+5.300781250 iterations=42857 nodes=299999 node_shortfall=0
COMBINED_SWEEP_POSITION position=30810 game=8562 bag=67 num_plies=6 num_plays=60 min_play_iterations=71 selected_source_rank=0 oracle_best_source_rank=0 candidate_best_source_rank=0 candidate_regret=0.000000000 sampling_regret=0.000000000 total_regret=0.000000000 spread_delta=+0.000000000 iterations=42857 nodes=299999 node_shortfall=0
COMBINED_SWEEP_POSITION position=30811 game=8562 bag=62 num_plies=6 num_plays=60 min_play_iterations=71 selected_source_rank=0 oracle_best_source_rank=0 candidate_best_source_rank=0 candidate_regret=0.000000000 sampling_regret=0.000000000 total_regret=0.000000000 spread_delta=+0.000000000 iterations=42857 nodes=299999 node_shortfall=0
COMBINED_SWEEP_POSITION position=30812 game=8562 bag=58 num_plies=6 num_plays=60 min_play_iterations=71 selected_source_rank=0 oracle_best_source_rank=0 candidate_best_source_rank=0 candidate_regret=0.000000000 sampling_regret=0.000000000 total_regret=0.000000000 spread_delta=+0.000000000 iterations=42857 nodes=299999 node_shortfall=0
COMBINED_SWEEP_POSITION position=30813 game=8562 bag=55 num_plies=6 num_plays=60 min_play_iterations=71 selected_source_rank=0 oracle_best_source_rank=1 candidate_best_source_rank=1 candidate_regret=0.000000000 sampling_regret=0.015441244 total_regret=0.015441244 spread_delta=-3.710937500 iterations=42857 nodes=299999 node_shortfall=0
COMBINED_SWEEP_POSITION position=30814 game=8562 bag=52 num_plies=6 num_plays=60 min_play_iterations=71 selected_source_rank=1 oracle_best_source_rank=0 candidate_best_source_rank=0 candidate_regret=0.000000000 sampling_regret=0.026254007 total_regret=0.026254007 spread_delta=-13.238281250 iterations=42857 nodes=299999 node_shortfall=0
COMBINED_SWEEP_POSITION position=30820 game=8563 bag=86 num_plies=6 num_plays=60 min_play_iterations=71 selected_source_rank=0 oracle_best_source_rank=1 candidate_best_source_rank=1 candidate_regret=0.000000000 sampling_regret=0.024432657 total_regret=0.024432657 spread_delta=-5.703125000 iterations=42857 nodes=299999 node_shortfall=0
COMBINED_SWEEP_POSITION position=30821 game=8563 bag=81 num_plies=6 num_plays=60 min_play_iterations=71 selected_source_rank=0 oracle_best_source_rank=24 candidate_best_source_rank=24 candidate_regret=0.000000000 sampling_regret=0.011400623 total_regret=0.011400623 spread_delta=-0.582031250 iterations=42857 nodes=299999 node_shortfall=0
COMBINED_SWEEP_POSITION position=30822 game=8563 bag=76 num_plies=6 num_plays=60 min_play_iterations=71 selected_source_rank=0 oracle_best_source_rank=0 candidate_best_source_rank=0 candidate_regret=0.000000000 sampling_regret=0.000000000 total_regret=0.000000000 spread_delta=+0.000000000 iterations=42857 nodes=299999 node_shortfall=0
COMBINED_SWEEP_POSITION position=30823 game=8563 bag=70 num_plies=6 num_plays=60 min_play_iterations=71 selected_source_rank=2 oracle_best_source_rank=3 candidate_best_source_rank=3 candidate_regret=0.000000000 sampling_regret=0.013435813 total_regret=0.013435813 spread_delta=+0.718750000 iterations=42857 nodes=299999 node_shortfall=0
COMBINED_SWEEP_POSITION position=30824 game=8563 bag=67 num_plies=6 num_plays=60 min_play_iterations=71 selected_source_rank=0 oracle_best_source_rank=0 candidate_best_source_rank=0 candidate_regret=0.000000000 sampling_regret=0.000000000 total_regret=0.000000000 spread_delta=+0.000000000 iterations=42857 nodes=299999 node_shortfall=0
COMBINED_SWEEP_POSITION position=30825 game=8563 bag=65 num_plies=6 num_plays=60 min_play_iterations=71 selected_source_rank=0 oracle_best_source_rank=1 candidate_best_source_rank=1 candidate_regret=0.000000000 sampling_regret=0.006378870 total_regret=0.006378870 spread_delta=+3.617187500 iterations=42857 nodes=299999 node_shortfall=0
COMBINED_SWEEP_POSITION position=30826 game=8563 bag=61 num_plies=6 num_plays=60 min_play_iterations=71 selected_source_rank=1 oracle_best_source_rank=5 candidate_best_source_rank=5 candidate_regret=0.000000000 sampling_regret=0.017788373 total_regret=0.017788373 spread_delta=-10.683593750 iterations=42857 nodes=299999 node_shortfall=0
COMBINED_SWEEP_POSITION position=30827 game=8563 bag=60 num_plies=6 num_plays=60 min_play_iterations=71 selected_source_rank=0 oracle_best_source_rank=4 candidate_best_source_rank=4 candidate_regret=0.000000000 sampling_regret=0.011813535 total_regret=0.011813535 spread_delta=-3.761718750 iterations=42857 nodes=299999 node_shortfall=0
COMBINED_SWEEP_POSITION position=30828 game=8563 bag=57 num_plies=6 num_plays=60 min_play_iterations=71 selected_source_rank=1 oracle_best_source_rank=54 candidate_best_source_rank=54 candidate_regret=0.000000000 sampling_regret=0.019422734 total_regret=0.019422734 spread_delta=+8.300781250 iterations=42857 nodes=299999 node_shortfall=0
COMBINED_SWEEP_POSITION position=30829 game=8563 bag=54 num_plies=6 num_plays=60 min_play_iterations=71 selected_source_rank=2 oracle_best_source_rank=1 candidate_best_source_rank=1 candidate_regret=0.000000000 sampling_regret=0.016625937 total_regret=0.016625937 spread_delta=-1.507812500 iterations=42857 nodes=299999 node_shortfall=0
COMBINED_SWEEP_POSITION position=30830 game=8563 bag=50 num_plies=6 num_plays=60 min_play_iterations=71 selected_source_rank=0 oracle_best_source_rank=0 candidate_best_source_rank=0 candidate_regret=0.000000000 sampling_regret=0.000000000 total_regret=0.000000000 spread_delta=+0.000000000 iterations=42857 nodes=299999 node_shortfall=0
COMBINED_SWEEP_POSITION position=30835 game=8564 bag=86 num_plies=6 num_plays=60 min_play_iterations=71 selected_source_rank=0 oracle_best_source_rank=3 candidate_best_source_rank=3 candidate_regret=0.000000000 sampling_regret=0.050400261 total_regret=0.050400261 spread_delta=-9.605468750 iterations=42857 nodes=299999 node_shortfall=0
COMBINED_SWEEP_POSITION position=30836 game=8564 bag=83 num_plies=6 num_plays=60 min_play_iterations=71 selected_source_rank=0 oracle_best_source_rank=0 candidate_best_source_rank=0 candidate_regret=0.000000000 sampling_regret=0.000000000 total_regret=0.000000000 spread_delta=+0.000000000 iterations=42857 nodes=299999 node_shortfall=0
COMBINED_SWEEP_POSITION position=30837 game=8564 bag=76 num_plies=6 num_plays=60 min_play_iterations=71 selected_source_rank=0 oracle_best_source_rank=0 candidate_best_source_rank=0 candidate_regret=0.000000000 sampling_regret=0.000000000 total_regret=0.000000000 spread_delta=+0.000000000 iterations=42857 nodes=299999 node_shortfall=0
COMBINED_SWEEP_POSITION position=30838 game=8564 bag=69 num_plies=6 num_plays=60 min_play_iterations=71 selected_source_rank=0 oracle_best_source_rank=22 candidate_best_source_rank=22 candidate_regret=0.000000000 sampling_regret=0.023309990 total_regret=0.023309990 spread_delta=-3.722656250 iterations=42857 nodes=299999 node_shortfall=0
COMBINED_SWEEP_POSITION position=30839 game=8564 bag=63 num_plies=6 num_plays=60 min_play_iterations=71 selected_source_rank=0 oracle_best_source_rank=1 candidate_best_source_rank=1 candidate_regret=0.000000000 sampling_regret=0.005716048 total_regret=0.005716048 spread_delta=-9.011718750 iterations=42857 nodes=299999 node_shortfall=0
COMBINED_SWEEP_POSITION position=30840 game=8564 bag=60 num_plies=6 num_plays=60 min_play_iterations=71 selected_source_rank=0 oracle_best_source_rank=0 candidate_best_source_rank=0 candidate_regret=0.000000000 sampling_regret=0.000000000 total_regret=0.000000000 spread_delta=+0.000000000 iterations=42857 nodes=299999 node_shortfall=0
COMBINED_SWEEP_POSITION position=30841 game=8564 bag=53 num_plies=6 num_plays=60 min_play_iterations=71 selected_source_rank=0 oracle_best_source_rank=0 candidate_best_source_rank=0 candidate_regret=0.000000000 sampling_regret=0.000000000 total_regret=0.000000000 spread_delta=+0.000000000 iterations=42857 nodes=299999 node_shortfall=0
COMBINED_SWEEP_POSITION position=30842 game=8564 bag=51 num_plies=6 num_plays=60 min_play_iterations=71 selected_source_rank=1 oracle_best_source_rank=1 candidate_best_source_rank=1 candidate_regret=0.000000000 sampling_regret=0.000000000 total_regret=0.000000000 spread_delta=+0.000000000 iterations=42857 nodes=299999 node_shortfall=0
COMBINED_SWEEP_POSITION position=30848 game=8565 bag=86 num_plies=6 num_plays=60 min_play_iterations=71 selected_source_rank=2 oracle_best_source_rank=7 candidate_best_source_rank=7 candidate_regret=0.000000000 sampling_regret=0.013860578 total_regret=0.013860578 spread_delta=+5.164062500 iterations=42857 nodes=299999 node_shortfall=0
COMBINED_SWEEP_POSITION position=30849 game=8565 bag=82 num_plies=6 num_plays=60 min_play_iterations=71 selected_source_rank=0 oracle_best_source_rank=0 candidate_best_source_rank=0 candidate_regret=0.000000000 sampling_regret=0.000000000 total_regret=0.000000000 spread_delta=+0.000000000 iterations=42857 nodes=299999 node_shortfall=0
COMBINED_SWEEP_POSITION position=30850 game=8565 bag=78 num_plies=6 num_plays=60 min_play_iterations=71 selected_source_rank=0 oracle_best_source_rank=0 candidate_best_source_rank=0 candidate_regret=0.000000000 sampling_regret=0.000000000 total_regret=0.000000000 spread_delta=+0.000000000 iterations=42857 nodes=299999 node_shortfall=0
COMBINED_SWEEP_POSITION position=30851 game=8565 bag=75 num_plies=6 num_plays=60 min_play_iterations=71 selected_source_rank=0 oracle_best_source_rank=6 candidate_best_source_rank=6 candidate_regret=0.000000000 sampling_regret=0.022491121 total_regret=0.022491121 spread_delta=-2.542968750 iterations=42857 nodes=299999 node_shortfall=0
COMBINED_SWEEP_POSITION position=30852 game=8565 bag=72 num_plies=6 num_plays=60 min_play_iterations=71 selected_source_rank=2 oracle_best_source_rank=6 candidate_best_source_rank=6 candidate_regret=0.000000000 sampling_regret=0.051582158 total_regret=0.051582158 spread_delta=-7.742187500 iterations=42857 nodes=299999 node_shortfall=0
COMBINED_SWEEP_POSITION position=30853 game=8565 bag=65 num_plies=6 num_plays=60 min_play_iterations=71 selected_source_rank=0 oracle_best_source_rank=1 candidate_best_source_rank=1 candidate_regret=0.000000000 sampling_regret=0.017275769 total_regret=0.017275769 spread_delta=+3.347656250 iterations=42857 nodes=299999 node_shortfall=0
COMBINED_SWEEP_POSITION position=30854 game=8565 bag=62 num_plies=6 num_plays=60 min_play_iterations=71 selected_source_rank=0 oracle_best_source_rank=0 candidate_best_source_rank=0 candidate_regret=0.000000000 sampling_regret=0.000000000 total_regret=0.000000000 spread_delta=+0.000000000 iterations=42857 nodes=299999 node_shortfall=0
COMBINED_SWEEP_POSITION position=30855 game=8565 bag=59 num_plies=6 num_plays=60 min_play_iterations=71 selected_source_rank=0 oracle_best_source_rank=0 candidate_best_source_rank=0 candidate_regret=0.000000000 sampling_regret=0.000000000 total_regret=0.000000000 spread_delta=+0.000000000 iterations=42857 nodes=299999 node_shortfall=0
COMBINED_SWEEP_POSITION position=30856 game=8565 bag=52 num_plies=6 num_plays=60 min_play_iterations=71 selected_source_rank=0 oracle_best_source_rank=0 candidate_best_source_rank=0 candidate_regret=0.000000000 sampling_regret=0.000000000 total_regret=0.000000000 spread_delta=+0.000000000 iterations=42857 nodes=299999 node_shortfall=0
COMBINED_SWEEP_POSITION position=30862 game=8566 bag=86 num_plies=6 num_plays=60 min_play_iterations=71 selected_source_rank=0 oracle_best_source_rank=15 candidate_best_source_rank=15 candidate_regret=0.000000000 sampling_regret=0.014254499 total_regret=0.014254499 spread_delta=+1.269531250 iterations=42857 nodes=299999 node_shortfall=0
COMBINED_SWEEP_POSITION position=30863 game=8566 bag=86 num_plies=6 num_plays=60 min_play_iterations=71 selected_source_rank=1 oracle_best_source_rank=1 candidate_best_source_rank=1 candidate_regret=0.000000000 sampling_regret=0.000000000 total_regret=0.000000000 spread_delta=+0.000000000 iterations=42857 nodes=299999 node_shortfall=0
COMBINED_SWEEP_POSITION position=30864 game=8566 bag=79 num_plies=6 num_plays=60 min_play_iterations=71 selected_source_rank=0 oracle_best_source_rank=4 candidate_best_source_rank=4 candidate_regret=0.000000000 sampling_regret=0.009365370 total_regret=0.009365370 spread_delta=+2.441406250 iterations=42857 nodes=299999 node_shortfall=0
COMBINED_SWEEP_POSITION position=30865 game=8566 bag=72 num_plies=6 num_plays=60 min_play_iterations=71 selected_source_rank=0 oracle_best_source_rank=0 candidate_best_source_rank=0 candidate_regret=0.000000000 sampling_regret=0.000000000 total_regret=0.000000000 spread_delta=+0.000000000 iterations=42857 nodes=299999 node_shortfall=0
COMBINED_SWEEP_POSITION position=30866 game=8566 bag=65 num_plies=6 num_plays=60 min_play_iterations=71 selected_source_rank=0 oracle_best_source_rank=0 candidate_best_source_rank=0 candidate_regret=0.000000000 sampling_regret=0.000000000 total_regret=0.000000000 spread_delta=+0.000000000 iterations=42857 nodes=299999 node_shortfall=0
COMBINED_SWEEP_POSITION position=30867 game=8566 bag=58 num_plies=6 num_plays=60 min_play_iterations=71 selected_source_rank=0 oracle_best_source_rank=1 candidate_best_source_rank=1 candidate_regret=0.000000000 sampling_regret=0.007605947 total_regret=0.007605947 spread_delta=+3.601562500 iterations=42857 nodes=299999 node_shortfall=0
COMBINED_SWEEP_POSITION position=30868 game=8566 bag=54 num_plies=6 num_plays=60 min_play_iterations=71 selected_source_rank=0 oracle_best_source_rank=6 candidate_best_source_rank=6 candidate_regret=0.000000000 sampling_regret=0.031615800 total_regret=0.031615800 spread_delta=-4.023437500 iterations=42857 nodes=299999 node_shortfall=0
COMBINED_SWEEP_POSITION position=30869 game=8566 bag=51 num_plies=6 num_plays=60 min_play_iterations=71 selected_source_rank=0 oracle_best_source_rank=0 candidate_best_source_rank=0 candidate_regret=0.000000000 sampling_regret=0.000000000 total_regret=0.000000000 spread_delta=+0.000000000 iterations=42857 nodes=299999 node_shortfall=0
COMBINED_SWEEP_POSITION position=30874 game=8567 bag=86 num_plies=6 num_plays=60 min_play_iterations=71 selected_source_rank=0 oracle_best_source_rank=6 candidate_best_source_rank=6 candidate_regret=0.000000000 sampling_regret=0.051226066 total_regret=0.051226066 spread_delta=-8.375000000 iterations=42857 nodes=299999 node_shortfall=0
COMBINED_SWEEP_POSITION position=30875 game=8567 bag=80 num_plies=6 num_plays=60 min_play_iterations=71 selected_source_rank=0 oracle_best_source_rank=0 candidate_best_source_rank=0 candidate_regret=0.000000000 sampling_regret=0.000000000 total_regret=0.000000000 spread_delta=+0.000000000 iterations=42857 nodes=299999 node_shortfall=0
COMBINED_SWEEP_POSITION position=30876 game=8567 bag=75 num_plies=6 num_plays=60 min_play_iterations=71 selected_source_rank=0 oracle_best_source_rank=6 candidate_best_source_rank=6 candidate_regret=0.000000000 sampling_regret=0.036472916 total_regret=0.036472916 spread_delta=-6.894531250 iterations=42857 nodes=299999 node_shortfall=0
COMBINED_SWEEP_POSITION position=30877 game=8567 bag=72 num_plies=6 num_plays=60 min_play_iterations=71 selected_source_rank=1 oracle_best_source_rank=1 candidate_best_source_rank=1 candidate_regret=0.000000000 sampling_regret=0.000000000 total_regret=0.000000000 spread_delta=+0.000000000 iterations=42857 nodes=299999 node_shortfall=0
COMBINED_SWEEP_POSITION position=30878 game=8567 bag=68 num_plies=6 num_plays=60 min_play_iterations=71 selected_source_rank=0 oracle_best_source_rank=0 candidate_best_source_rank=0 candidate_regret=0.000000000 sampling_regret=0.000000000 total_regret=0.000000000 spread_delta=+0.000000000 iterations=42857 nodes=299999 node_shortfall=0
COMBINED_SWEEP_POSITION position=30879 game=8567 bag=63 num_plies=6 num_plays=60 min_play_iterations=71 selected_source_rank=2 oracle_best_source_rank=23 candidate_best_source_rank=23 candidate_regret=0.000000000 sampling_regret=0.043772895 total_regret=0.043772895 spread_delta=-6.136718750 iterations=42857 nodes=299999 node_shortfall=0
COMBINED_SWEEP_POSITION position=30880 game=8567 bag=58 num_plies=6 num_plays=60 min_play_iterations=71 selected_source_rank=1 oracle_best_source_rank=4 candidate_best_source_rank=4 candidate_regret=0.000000000 sampling_regret=0.022708704 total_regret=0.022708704 spread_delta=-3.367187500 iterations=42857 nodes=299999 node_shortfall=0
COMBINED_SWEEP_POSITION position=30881 game=8567 bag=56 num_plies=6 num_plays=60 min_play_iterations=71 selected_source_rank=0 oracle_best_source_rank=2 candidate_best_source_rank=2 candidate_regret=0.000000000 sampling_regret=0.027470670 total_regret=0.027470670 spread_delta=-5.679687500 iterations=42857 nodes=299999 node_shortfall=0
COMBINED_SWEEP_POSITION position=30882 game=8567 bag=56 num_plies=6 num_plays=60 min_play_iterations=71 selected_source_rank=2 oracle_best_source_rank=0 candidate_best_source_rank=0 candidate_regret=0.000000000 sampling_regret=0.037095948 total_regret=0.037095948 spread_delta=-17.375000000 iterations=42857 nodes=299999 node_shortfall=0
COMBINED_SWEEP_POSITION position=30883 game=8567 bag=52 num_plies=6 num_plays=60 min_play_iterations=71 selected_source_rank=0 oracle_best_source_rank=1 candidate_best_source_rank=1 candidate_regret=0.000000000 sampling_regret=0.007017115 total_regret=0.007017115 spread_delta=-2.367187500 iterations=42857 nodes=299999 node_shortfall=0
COMBINED_SWEEP_POSITION position=30889 game=8568 bag=86 num_plies=6 num_plays=60 min_play_iterations=71 selected_source_rank=0 oracle_best_source_rank=0 candidate_best_source_rank=0 candidate_regret=0.000000000 sampling_regret=0.000000000 total_regret=0.000000000 spread_delta=+0.000000000 iterations=42857 nodes=299999 node_shortfall=0
COMBINED_SWEEP_POSITION position=30890 game=8568 bag=81 num_plies=6 num_plays=60 min_play_iterations=71 selected_source_rank=0 oracle_best_source_rank=0 candidate_best_source_rank=0 candidate_regret=0.000000000 sampling_regret=0.000000000 total_regret=0.000000000 spread_delta=+0.000000000 iterations=42857 nodes=299999 node_shortfall=0
COMBINED_SWEEP_POSITION position=30891 game=8568 bag=76 num_plies=6 num_plays=60 min_play_iterations=71 selected_source_rank=0 oracle_best_source_rank=3 candidate_best_source_rank=3 candidate_regret=0.000000000 sampling_regret=0.012480351 total_regret=0.012480351 spread_delta=+1.710937500 iterations=42857 nodes=299999 node_shortfall=0
COMBINED_SWEEP_POSITION position=30892 game=8568 bag=69 num_plies=6 num_plays=60 min_play_iterations=71 selected_source_rank=0 oracle_best_source_rank=0 candidate_best_source_rank=0 candidate_regret=0.000000000 sampling_regret=0.000000000 total_regret=0.000000000 spread_delta=+0.000000000 iterations=42857 nodes=299999 node_shortfall=0
COMBINED_SWEEP_POSITION position=30893 game=8568 bag=66 num_plies=6 num_plays=60 min_play_iterations=71 selected_source_rank=1 oracle_best_source_rank=1 candidate_best_source_rank=1 candidate_regret=0.000000000 sampling_regret=0.000000000 total_regret=0.000000000 spread_delta=+0.000000000 iterations=42857 nodes=299999 node_shortfall=0
COMBINED_SWEEP_POSITION position=30894 game=8568 bag=62 num_plies=6 num_plays=60 min_play_iterations=71 selected_source_rank=0 oracle_best_source_rank=0 candidate_best_source_rank=0 candidate_regret=0.000000000 sampling_regret=0.000000000 total_regret=0.000000000 spread_delta=+0.000000000 iterations=42857 nodes=299999 node_shortfall=0
COMBINED_SWEEP_POSITION position=30895 game=8568 bag=57 num_plies=6 num_plays=60 min_play_iterations=71 selected_source_rank=0 oracle_best_source_rank=8 candidate_best_source_rank=8 candidate_regret=0.000000000 sampling_regret=0.008484884 total_regret=0.008484884 spread_delta=+4.773437500 iterations=42857 nodes=299999 node_shortfall=0
COMBINED_SWEEP_POSITION position=30896 game=8568 bag=51 num_plies=6 num_plays=60 min_play_iterations=71 selected_source_rank=0 oracle_best_source_rank=0 candidate_best_source_rank=0 candidate_regret=0.000000000 sampling_regret=0.000000000 total_regret=0.000000000 spread_delta=+0.000000000 iterations=42857 nodes=299999 node_shortfall=0
COMBINED_SWEEP_POSITION position=30903 game=8569 bag=86 num_plies=6 num_plays=60 min_play_iterations=71 selected_source_rank=0 oracle_best_source_rank=0 candidate_best_source_rank=0 candidate_regret=0.000000000 sampling_regret=0.000000000 total_regret=0.000000000 spread_delta=+0.000000000 iterations=42857 nodes=299999 node_shortfall=0
COMBINED_SWEEP_POSITION position=30904 game=8569 bag=81 num_plies=6 num_plays=60 min_play_iterations=71 selected_source_rank=1 oracle_best_source_rank=1 candidate_best_source_rank=1 candidate_regret=0.000000000 sampling_regret=0.000000000 total_regret=0.000000000 spread_delta=+0.000000000 iterations=42857 nodes=299999 node_shortfall=0
COMBINED_SWEEP_POSITION position=30905 game=8569 bag=77 num_plies=6 num_plays=60 min_play_iterations=71 selected_source_rank=1 oracle_best_source_rank=2 candidate_best_source_rank=2 candidate_regret=0.000000000 sampling_regret=0.010036669 total_regret=0.010036669 spread_delta=+0.558593750 iterations=42857 nodes=299999 node_shortfall=0
COMBINED_SWEEP_POSITION position=30906 game=8569 bag=70 num_plies=6 num_plays=60 min_play_iterations=71 selected_source_rank=0 oracle_best_source_rank=0 candidate_best_source_rank=0 candidate_regret=0.000000000 sampling_regret=0.000000000 total_regret=0.000000000 spread_delta=+0.000000000 iterations=42857 nodes=299999 node_shortfall=0
COMBINED_SWEEP_POSITION position=30907 game=8569 bag=63 num_plies=6 num_plays=60 min_play_iterations=71 selected_source_rank=2 oracle_best_source_rank=3 candidate_best_source_rank=3 candidate_regret=0.000000000 sampling_regret=0.018658928 total_regret=0.018658928 spread_delta=-3.792968750 iterations=42857 nodes=299999 node_shortfall=0
COMBINED_SWEEP_POSITION position=30908 game=8569 bag=60 num_plies=6 num_plays=60 min_play_iterations=71 selected_source_rank=0 oracle_best_source_rank=0 candidate_best_source_rank=0 candidate_regret=0.000000000 sampling_regret=0.000000000 total_regret=0.000000000 spread_delta=+0.000000000 iterations=42857 nodes=299999 node_shortfall=0
COMBINED_SWEEP_POSITION position=30909 game=8569 bag=56 num_plies=6 num_plays=60 min_play_iterations=71 selected_source_rank=0 oracle_best_source_rank=11 candidate_best_source_rank=11 candidate_regret=0.000000000 sampling_regret=0.001263171 total_regret=0.001263171 spread_delta=+11.191406250 iterations=42857 nodes=299999 node_shortfall=0
COMBINED_SWEEP_POSITION position=30910 game=8569 bag=53 num_plies=6 num_plays=60 min_play_iterations=71 selected_source_rank=0 oracle_best_source_rank=0 candidate_best_source_rank=0 candidate_regret=0.000000000 sampling_regret=0.000000000 total_regret=0.000000000 spread_delta=+0.000000000 iterations=42857 nodes=299999 node_shortfall=0
COMBINED_SWEEP_POSITION position=30911 game=8569 bag=51 num_plies=6 num_plays=60 min_play_iterations=71 selected_source_rank=1 oracle_best_source_rank=0 candidate_best_source_rank=0 candidate_regret=0.000000000 sampling_regret=0.023911569 total_regret=0.023911569 spread_delta=-4.035156250 iterations=42857 nodes=299999 node_shortfall=0
COMBINED_SWEEP_POSITION position=30916 game=8570 bag=86 num_plies=6 num_plays=60 min_play_iterations=71 selected_source_rank=0 oracle_best_source_rank=0 candidate_best_source_rank=0 candidate_regret=0.000000000 sampling_regret=0.000000000 total_regret=0.000000000 spread_delta=+0.000000000 iterations=42857 nodes=299999 node_shortfall=0
COMBINED_SWEEP_POSITION position=30917 game=8570 bag=79 num_plies=6 num_plays=60 min_play_iterations=71 selected_source_rank=1 oracle_best_source_rank=0 candidate_best_source_rank=0 candidate_regret=0.000000000 sampling_regret=0.022015941 total_regret=0.022015941 spread_delta=-11.871093750 iterations=42857 nodes=299999 node_shortfall=0
COMBINED_SWEEP_POSITION position=30918 game=8570 bag=74 num_plies=6 num_plays=60 min_play_iterations=71 selected_source_rank=0 oracle_best_source_rank=0 candidate_best_source_rank=0 candidate_regret=0.000000000 sampling_regret=0.000000000 total_regret=0.000000000 spread_delta=+0.000000000 iterations=42857 nodes=299999 node_shortfall=0
COMBINED_SWEEP_POSITION position=30919 game=8570 bag=67 num_plies=6 num_plays=60 min_play_iterations=71 selected_source_rank=0 oracle_best_source_rank=0 candidate_best_source_rank=0 candidate_regret=0.000000000 sampling_regret=0.000000000 total_regret=0.000000000 spread_delta=+0.000000000 iterations=42857 nodes=299999 node_shortfall=0
COMBINED_SWEEP_POSITION position=30920 game=8570 bag=60 num_plies=6 num_plays=60 min_play_iterations=71 selected_source_rank=3 oracle_best_source_rank=7 candidate_best_source_rank=7 candidate_regret=0.000000000 sampling_regret=0.042153550 total_regret=0.042153550 spread_delta=-11.660156250 iterations=42857 nodes=299999 node_shortfall=0
COMBINED_SWEEP_POSITION position=30921 game=8570 bag=56 num_plies=6 num_plays=60 min_play_iterations=71 selected_source_rank=0 oracle_best_source_rank=0 candidate_best_source_rank=0 candidate_regret=0.000000000 sampling_regret=0.000000000 total_regret=0.000000000 spread_delta=+0.000000000 iterations=42857 nodes=299999 node_shortfall=0
COMBINED_SWEEP_POSITION position=30927 game=8571 bag=86 num_plies=6 num_plays=60 min_play_iterations=71 selected_source_rank=0 oracle_best_source_rank=0 candidate_best_source_rank=0 candidate_regret=0.000000000 sampling_regret=0.000000000 total_regret=0.000000000 spread_delta=+0.000000000 iterations=42857 nodes=299999 node_shortfall=0
COMBINED_SWEEP_POSITION position=30928 game=8571 bag=81 num_plies=6 num_plays=60 min_play_iterations=71 selected_source_rank=29 oracle_best_source_rank=24 candidate_best_source_rank=24 candidate_regret=0.000000000 sampling_regret=0.023919806 total_regret=0.023919806 spread_delta=+5.605468750 iterations=42857 nodes=299999 node_shortfall=0
COMBINED_SWEEP_POSITION position=30929 game=8571 bag=76 num_plies=6 num_plays=60 min_play_iterations=71 selected_source_rank=1 oracle_best_source_rank=0 candidate_best_source_rank=0 candidate_regret=0.000000000 sampling_regret=0.058042979 total_regret=0.058042979 spread_delta=-6.085937500 iterations=42857 nodes=299999 node_shortfall=0
COMBINED_SWEEP_POSITION position=30930 game=8571 bag=70 num_plies=6 num_plays=60 min_play_iterations=71 selected_source_rank=0 oracle_best_source_rank=0 candidate_best_source_rank=0 candidate_regret=0.000000000 sampling_regret=0.000000000 total_regret=0.000000000 spread_delta=+0.000000000 iterations=42857 nodes=299999 node_shortfall=0
COMBINED_SWEEP_POSITION position=30931 game=8571 bag=66 num_plies=6 num_plays=60 min_play_iterations=71 selected_source_rank=7 oracle_best_source_rank=1 candidate_best_source_rank=1 candidate_regret=0.000000000 sampling_regret=0.064734135 total_regret=0.064734135 spread_delta=-14.453125000 iterations=42857 nodes=299999 node_shortfall=0
COMBINED_SWEEP_POSITION position=30932 game=8571 bag=61 num_plies=6 num_plays=60 min_play_iterations=71 selected_source_rank=0 oracle_best_source_rank=8 candidate_best_source_rank=8 candidate_regret=0.000000000 sampling_regret=0.004270891 total_regret=0.004270891 spread_delta=-0.753906250 iterations=42857 nodes=299999 node_shortfall=0
COMBINED_SWEEP_POSITION position=30933 game=8571 bag=57 num_plies=6 num_plays=60 min_play_iterations=71 selected_source_rank=0 oracle_best_source_rank=0 candidate_best_source_rank=0 candidate_regret=0.000000000 sampling_regret=0.000000000 total_regret=0.000000000 spread_delta=+0.000000000 iterations=42857 nodes=299999 node_shortfall=0
COMBINED_SWEEP_POSITION position=30934 game=8571 bag=55 num_plies=6 num_plays=60 min_play_iterations=71 selected_source_rank=0 oracle_best_source_rank=0 candidate_best_source_rank=0 candidate_regret=0.000000000 sampling_regret=0.000000000 total_regret=0.000000000 spread_delta=+0.000000000 iterations=42857 nodes=299999 node_shortfall=0
COMBINED_SWEEP_POSITION position=30935 game=8571 bag=52 num_plies=6 num_plays=60 min_play_iterations=71 selected_source_rank=2 oracle_best_source_rank=28 candidate_best_source_rank=28 candidate_regret=0.000000000 sampling_regret=0.004974540 total_regret=0.004974540 spread_delta=+0.773437500 iterations=42857 nodes=299999 node_shortfall=0
COMBINED_SWEEP_POSITION position=30940 game=8572 bag=86 num_plies=6 num_plays=60 min_play_iterations=71 selected_source_rank=0 oracle_best_source_rank=1 candidate_best_source_rank=1 candidate_regret=0.000000000 sampling_regret=0.035734258 total_regret=0.035734258 spread_delta=-9.156250000 iterations=42857 nodes=299999 node_shortfall=0
COMBINED_SWEEP_POSITION position=30941 game=8572 bag=82 num_plies=6 num_plays=60 min_play_iterations=71 selected_source_rank=0 oracle_best_source_rank=0 candidate_best_source_rank=0 candidate_regret=0.000000000 sampling_regret=0.000000000 total_regret=0.000000000 spread_delta=+0.000000000 iterations=42857 nodes=299999 node_shortfall=0
COMBINED_SWEEP_POSITION position=30942 game=8572 bag=75 num_plies=6 num_plays=60 min_play_iterations=71 selected_source_rank=0 oracle_best_source_rank=2 candidate_best_source_rank=2 candidate_regret=0.000000000 sampling_regret=0.011966388 total_regret=0.011966388 spread_delta=+1.437500000 iterations=42857 nodes=299999 node_shortfall=0
COMBINED_SWEEP_POSITION position=30943 game=8572 bag=70 num_plies=6 num_plays=60 min_play_iterations=71 selected_source_rank=1 oracle_best_source_rank=1 candidate_best_source_rank=1 candidate_regret=0.000000000 sampling_regret=0.000000000 total_regret=0.000000000 spread_delta=+0.000000000 iterations=42857 nodes=299999 node_shortfall=0
COMBINED_SWEEP_POSITION position=30944 game=8572 bag=67 num_plies=6 num_plays=60 min_play_iterations=71 selected_source_rank=0 oracle_best_source_rank=0 candidate_best_source_rank=0 candidate_regret=0.000000000 sampling_regret=0.000000000 total_regret=0.000000000 spread_delta=+0.000000000 iterations=42857 nodes=299999 node_shortfall=0
COMBINED_SWEEP_POSITION position=30945 game=8572 bag=60 num_plies=6 num_plays=60 min_play_iterations=71 selected_source_rank=5 oracle_best_source_rank=9 candidate_best_source_rank=9 candidate_regret=0.000000000 sampling_regret=0.061120005 total_regret=0.061120005 spread_delta=-3.824218750 iterations=42857 nodes=299999 node_shortfall=0
COMBINED_SWEEP_POSITION position=30946 game=8572 bag=58 num_plies=6 num_plays=60 min_play_iterations=71 selected_source_rank=0 oracle_best_source_rank=12 candidate_best_source_rank=12 candidate_regret=0.000000000 sampling_regret=0.012008203 total_regret=0.012008203 spread_delta=-3.964843750 iterations=42857 nodes=299999 node_shortfall=0
COMBINED_SWEEP_POSITION position=30947 game=8572 bag=55 num_plies=6 num_plays=60 min_play_iterations=71 selected_source_rank=0 oracle_best_source_rank=0 candidate_best_source_rank=0 candidate_regret=0.000000000 sampling_regret=0.000000000 total_regret=0.000000000 spread_delta=+0.000000000 iterations=42857 nodes=299999 node_shortfall=0
COMBINED_SWEEP_POSITION position=30948 game=8572 bag=52 num_plies=6 num_plays=60 min_play_iterations=71 selected_source_rank=2 oracle_best_source_rank=12 candidate_best_source_rank=12 candidate_regret=0.000000000 sampling_regret=0.025658317 total_regret=0.025658317 spread_delta=-2.972656250 iterations=42857 nodes=299999 node_shortfall=0
COMBINED_SWEEP_POSITION position=30954 game=8573 bag=86 num_plies=6 num_plays=60 min_play_iterations=71 selected_source_rank=2 oracle_best_source_rank=26 candidate_best_source_rank=26 candidate_regret=0.000000000 sampling_regret=0.039844781 total_regret=0.039844781 spread_delta=-10.015625000 iterations=42857 nodes=299999 node_shortfall=0
COMBINED_SWEEP_POSITION position=30955 game=8573 bag=83 num_plies=6 num_plays=60 min_play_iterations=71 selected_source_rank=1 oracle_best_source_rank=1 candidate_best_source_rank=1 candidate_regret=0.000000000 sampling_regret=0.000000000 total_regret=0.000000000 spread_delta=+0.000000000 iterations=42857 nodes=299999 node_shortfall=0
COMBINED_SWEEP_POSITION position=30956 game=8573 bag=79 num_plies=6 num_plays=60 min_play_iterations=71 selected_source_rank=2 oracle_best_source_rank=3 candidate_best_source_rank=3 candidate_regret=0.000000000 sampling_regret=0.012615368 total_regret=0.012615368 spread_delta=-1.109375000 iterations=42857 nodes=299999 node_shortfall=0
COMBINED_SWEEP_POSITION position=30957 game=8573 bag=76 num_plies=6 num_plays=60 min_play_iterations=71 selected_source_rank=0 oracle_best_source_rank=1 candidate_best_source_rank=1 candidate_regret=0.000000000 sampling_regret=0.037425811 total_regret=0.037425811 spread_delta=-4.304687500 iterations=42857 nodes=299999 node_shortfall=0
COMBINED_SWEEP_POSITION position=30958 game=8573 bag=71 num_plies=6 num_plays=60 min_play_iterations=71 selected_source_rank=0 oracle_best_source_rank=0 candidate_best_source_rank=0 candidate_regret=0.000000000 sampling_regret=0.000000000 total_regret=0.000000000 spread_delta=+0.000000000 iterations=42857 nodes=299999 node_shortfall=0
COMBINED_SWEEP_POSITION position=30959 game=8573 bag=69 num_plies=6 num_plays=60 min_play_iterations=71 selected_source_rank=4 oracle_best_source_rank=7 candidate_best_source_rank=7 candidate_regret=0.000000000 sampling_regret=0.002804314 total_regret=0.002804314 spread_delta=+1.101562500 iterations=42857 nodes=299999 node_shortfall=0
COMBINED_SWEEP_POSITION position=30960 game=8573 bag=64 num_plies=6 num_plays=60 min_play_iterations=71 selected_source_rank=0 oracle_best_source_rank=0 candidate_best_source_rank=0 candidate_regret=0.000000000 sampling_regret=0.000000000 total_regret=0.000000000 spread_delta=+0.000000000 iterations=42857 nodes=299999 node_shortfall=0
COMBINED_SWEEP_POSITION position=30961 game=8573 bag=62 num_plies=6 num_plays=60 min_play_iterations=71 selected_source_rank=0 oracle_best_source_rank=0 candidate_best_source_rank=0 candidate_regret=0.000000000 sampling_regret=0.000000000 total_regret=0.000000000 spread_delta=+0.000000000 iterations=42857 nodes=299999 node_shortfall=0
COMBINED_SWEEP_POSITION position=30962 game=8573 bag=55 num_plies=6 num_plays=60 min_play_iterations=71 selected_source_rank=1 oracle_best_source_rank=1 candidate_best_source_rank=1 candidate_regret=0.000000000 sampling_regret=0.000000000 total_regret=0.000000000 spread_delta=+0.000000000 iterations=42857 nodes=299999 node_shortfall=0
COMBINED_SWEEP_POSITION position=30963 game=8573 bag=52 num_plies=6 num_plays=60 min_play_iterations=71 selected_source_rank=0 oracle_best_source_rank=4 candidate_best_source_rank=4 candidate_regret=0.000000000 sampling_regret=0.039237106 total_regret=0.039237106 spread_delta=-5.054687500 iterations=42857 nodes=299999 node_shortfall=0
COMBINED_SWEEP_POSITION position=30969 game=8574 bag=86 num_plies=6 num_plays=60 min_play_iterations=71 selected_source_rank=1 oracle_best_source_rank=1 candidate_best_source_rank=1 candidate_regret=0.000000000 sampling_regret=0.000000000 total_regret=0.000000000 spread_delta=+0.000000000 iterations=42857 nodes=299999 node_shortfall=0
COMBINED_SWEEP_POSITION position=30970 game=8574 bag=79 num_plies=6 num_plays=60 min_play_iterations=71 selected_source_rank=0 oracle_best_source_rank=8 candidate_best_source_rank=8 candidate_regret=0.000000000 sampling_regret=0.007811991 total_regret=0.007811991 spread_delta=+7.609375000 iterations=42857 nodes=299999 node_shortfall=0
COMBINED_SWEEP_POSITION position=30971 game=8574 bag=75 num_plies=6 num_plays=60 min_play_iterations=71 selected_source_rank=0 oracle_best_source_rank=0 candidate_best_source_rank=0 candidate_regret=0.000000000 sampling_regret=0.000000000 total_regret=0.000000000 spread_delta=+0.000000000 iterations=42857 nodes=299999 node_shortfall=0
COMBINED_SWEEP_POSITION position=30972 game=8574 bag=73 num_plies=6 num_plays=60 min_play_iterations=71 selected_source_rank=0 oracle_best_source_rank=0 candidate_best_source_rank=0 candidate_regret=0.000000000 sampling_regret=0.000000000 total_regret=0.000000000 spread_delta=+0.000000000 iterations=42857 nodes=299999 node_shortfall=0
COMBINED_SWEEP_POSITION position=30973 game=8574 bag=66 num_plies=6 num_plays=60 min_play_iterations=71 selected_source_rank=0 oracle_best_source_rank=2 candidate_best_source_rank=2 candidate_regret=0.000000000 sampling_regret=0.025987276 total_regret=0.025987276 spread_delta=-3.550781250 iterations=42857 nodes=299999 node_shortfall=0
COMBINED_SWEEP_POSITION position=30974 game=8574 bag=61 num_plies=6 num_plays=60 min_play_iterations=71 selected_source_rank=0 oracle_best_source_rank=1 candidate_best_source_rank=1 candidate_regret=0.000000000 sampling_regret=0.012480693 total_regret=0.012480693 spread_delta=-1.472656250 iterations=42857 nodes=299999 node_shortfall=0
COMBINED_SWEEP_POSITION position=30975 game=8574 bag=59 num_plies=6 num_plays=60 min_play_iterations=71 selected_source_rank=0 oracle_best_source_rank=0 candidate_best_source_rank=0 candidate_regret=0.000000000 sampling_regret=0.000000000 total_regret=0.000000000 spread_delta=+0.000000000 iterations=42857 nodes=299999 node_shortfall=0
COMBINED_SWEEP_POSITION position=30976 game=8574 bag=55 num_plies=6 num_plays=60 min_play_iterations=71 selected_source_rank=0 oracle_best_source_rank=0 candidate_best_source_rank=0 candidate_regret=0.000000000 sampling_regret=0.000000000 total_regret=0.000000000 spread_delta=+0.000000000 iterations=42857 nodes=299999 node_shortfall=0
COMBINED_SWEEP_POSITION position=30977 game=8574 bag=52 num_plies=6 num_plays=60 min_play_iterations=71 selected_source_rank=0 oracle_best_source_rank=0 candidate_best_source_rank=0 candidate_regret=0.000000000 sampling_regret=0.000000000 total_regret=0.000000000 spread_delta=+0.000000000 iterations=42857 nodes=299999 node_shortfall=0
COMBINED_SWEEP_POSITION position=30983 game=8575 bag=86 num_plies=6 num_plays=60 min_play_iterations=71 selected_source_rank=0 oracle_best_source_rank=0 candidate_best_source_rank=0 candidate_regret=0.000000000 sampling_regret=0.000000000 total_regret=0.000000000 spread_delta=+0.000000000 iterations=42857 nodes=299999 node_shortfall=0
COMBINED_SWEEP_POSITION position=30984 game=8575 bag=83 num_plies=6 num_plays=60 min_play_iterations=71 selected_source_rank=0 oracle_best_source_rank=0 candidate_best_source_rank=0 candidate_regret=0.000000000 sampling_regret=0.000000000 total_regret=0.000000000 spread_delta=+0.000000000 iterations=42857 nodes=299999 node_shortfall=0
COMBINED_SWEEP_POSITION position=30985 game=8575 bag=76 num_plies=6 num_plays=60 min_play_iterations=71 selected_source_rank=1 oracle_best_source_rank=2 candidate_best_source_rank=2 candidate_regret=0.000000000 sampling_regret=0.024849492 total_regret=0.024849492 spread_delta=-1.578125000 iterations=42857 nodes=299999 node_shortfall=0
COMBINED_SWEEP_POSITION position=30986 game=8575 bag=73 num_plies=6 num_plays=60 min_play_iterations=71 selected_source_rank=0 oracle_best_source_rank=1 candidate_best_source_rank=1 candidate_regret=0.000000000 sampling_regret=0.014012586 total_regret=0.014012586 spread_delta=+0.222656250 iterations=42857 nodes=299999 node_shortfall=0
COMBINED_SWEEP_POSITION position=30987 game=8575 bag=66 num_plies=6 num_plays=60 min_play_iterations=71 selected_source_rank=0 oracle_best_source_rank=0 candidate_best_source_rank=0 candidate_regret=0.000000000 sampling_regret=0.000000000 total_regret=0.000000000 spread_delta=+0.000000000 iterations=42857 nodes=299999 node_shortfall=0
COMBINED_SWEEP_POSITION position=30988 game=8575 bag=61 num_plies=6 num_plays=60 min_play_iterations=71 selected_source_rank=2 oracle_best_source_rank=2 candidate_best_source_rank=2 candidate_regret=0.000000000 sampling_regret=0.000000000 total_regret=0.000000000 spread_delta=+0.000000000 iterations=42857 nodes=299999 node_shortfall=0
COMBINED_SWEEP_POSITION position=30989 game=8575 bag=57 num_plies=6 num_plays=60 min_play_iterations=71 selected_source_rank=2 oracle_best_source_rank=28 candidate_best_source_rank=28 candidate_regret=0.000000000 sampling_regret=0.012966536 total_regret=0.012966536 spread_delta=+0.351562500 iterations=42857 nodes=299999 node_shortfall=0
COMBINED_SWEEP_POSITION position=30990 game=8575 bag=53 num_plies=6 num_plays=60 min_play_iterations=71 selected_source_rank=0 oracle_best_source_rank=0 candidate_best_source_rank=0 candidate_regret=0.000000000 sampling_regret=0.000000000 total_regret=0.000000000 spread_delta=+0.000000000 iterations=42857 nodes=299999 node_shortfall=0
COMBINED_SWEEP_POSITION position=30991 game=8575 bag=50 num_plies=6 num_plays=60 min_play_iterations=71 selected_source_rank=0 oracle_best_source_rank=7 candidate_best_source_rank=7 candidate_regret=0.000000000 sampling_regret=0.013509313 total_regret=0.013509313 spread_delta=-2.777343750 iterations=42857 nodes=299999 node_shortfall=0
COMBINED_SWEEP_POSITION position=30992 game=8575 bag=50 num_plies=6 num_plays=60 min_play_iterations=71 selected_source_rank=0 oracle_best_source_rank=1 candidate_best_source_rank=1 candidate_regret=0.000000000 sampling_regret=0.001782716 total_regret=0.001782716 spread_delta=-0.093750000 iterations=42857 nodes=299999 node_shortfall=0
COMBINED_SWEEP_POSITION position=30997 game=8576 bag=86 num_plies=6 num_plays=60 min_play_iterations=71 selected_source_rank=0 oracle_best_source_rank=58 candidate_best_source_rank=58 candidate_regret=0.000000000 sampling_regret=0.023132269 total_regret=0.023132269 spread_delta=-7.859375000 iterations=42857 nodes=299999 node_shortfall=0
COMBINED_SWEEP_POSITION position=30998 game=8576 bag=81 num_plies=6 num_plays=60 min_play_iterations=71 selected_source_rank=0 oracle_best_source_rank=15 candidate_best_source_rank=15 candidate_regret=0.000000000 sampling_regret=0.059669355 total_regret=0.059669355 spread_delta=-0.367187500 iterations=42857 nodes=299999 node_shortfall=0
COMBINED_SWEEP_POSITION position=30999 game=8576 bag=78 num_plies=6 num_plays=60 min_play_iterations=71 selected_source_rank=0 oracle_best_source_rank=0 candidate_best_source_rank=0 candidate_regret=0.000000000 sampling_regret=0.000000000 total_regret=0.000000000 spread_delta=+0.000000000 iterations=42857 nodes=299999 node_shortfall=0
COMBINED_SWEEP_SUMMARY positions=644 num_plies=6 num_plays=60 min_play_iterations=71 node_budget_per_position=299999 adjustment_scale_thousandths=750 oracle_hits=318 mean_total_regret=0.012665799 total_regret_sem=0.000693519 mean_candidate_regret=0.000000000 candidate_regret_sem=0.000000000 mean_sampling_regret=0.012665799 sampling_regret_sem=0.000693519 mean_spread_delta=-1.417265140 spread_delta_sem=0.173181422 iterations=27599908 nodes=193199354 iterations_per_second=34277.402 elapsed_seconds=805.534288
COMBINED_SWEEP_DONE positions=644 target=644 cells=1 all_similar_positions=0 elapsed_seconds=805.534297 wall_limit_reached=0
