pair,game,a_seat,a_score,b_score,a_spread,a_win,turns
0,0,0,430,316,114,1.0,28
0,1,1,363,420,-57,0.0,24
8,0,0,412,429,-17,0.0,23
8,1,1,465,537,-72,0.0,26
16,0,0,446,466,-20,0.0,25
16,1,1,329,467,-138,0.0,22
24,0,0,485,404,81,1.0,25
24,1,1,310,335,-25,0.0,27
32,0,0,416,412,4,1.0,24
32,1,1,436,413,23,1.0,23
40,0,0,388,357,31,1.0,28
40,1,1,416,485,-69,0.0,23
48,0,0,478,489,-11,0.0,23
48,1,1,451,403,48,1.0,22
56,0,0,459,371,88,1.0,23
56,1,1,358,454,-96,0.0,23
64,0,0,481,357,124,1.0,23
64,1,1,493,467,26,1.0,23
72,0,0,378,411,-33,0.0,26
72,1,1,474,499,-25,0.0,24
80,0,0,469,352,117,1.0,23
80,1,1,318,456,-138,0.0,23
88,0,0,386,493,-107,0.0,20
88,1,1,407,409,-2,0.0,21
96,0,0,411,392,19,1.0,25
96,1,1,392,424,-32,0.0,23
104,0,0,429,400,29,1.0,23
104,1,1,460,300,160,1.0,27
112,0,0,510,354,156,1.0,22
112,1,1,597,458,139,1.0,23
120,0,0,420,376,44,1.0,20
120,1,1,455,430,25,1.0,23
128,0,0,465,295,170,1.0,22
128,1,1,326,409,-83,0.0,22
136,0,0,366,467,-101,0.0,25
136,1,1,440,379,61,1.0,25
144,0,0,441,423,18,1.0,25
144,1,1,443,436,7,1.0,25
152,0,0,567,302,265,1.0,23
152,1,1,329,485,-156,0.0,22
160,0,0,572,400,172,1.0,22
160,1,1,386,457,-71,0.0,25
168,0,0,436,399,37,1.0,24
168,1,1,548,316,232,1.0,26
176,0,0,366,423,-57,0.0,27
176,1,1,454,356,98,1.0,24
184,0,0,429,376,53,1.0,26
184,1,1,376,439,-63,0.0,24
192,0,0,311,493,-182,0.0,26
192,1,1,472,376,96,1.0,22
200,0,0,465,478,-13,0.0,23
200,1,1,418,387,31,1.0,23
208,0,0,438,350,88,1.0,27
208,1,1,396,571,-175,0.0,26
216,0,0,476,430,46,1.0,20
216,1,1,405,413,-8,0.0,25
224,0,0,456,391,65,1.0,30
224,1,1,395,431,-36,0.0,23
232,0,0,461,392,69,1.0,22
232,1,1,385,503,-118,0.0,21
240,0,0,460,414,46,1.0,24
240,1,1,396,471,-75,0.0,21
248,0,0,373,427,-54,0.0,25
248,1,1,421,401,20,1.0,23
256,0,0,473,403,70,1.0,22
256,1,1,457,421,36,1.0,21
264,0,0,437,353,84,1.0,37
264,1,1,442,389,53,1.0,24
272,0,0,450,452,-2,0.0,22
272,1,1,419,534,-115,0.0,23
280,0,0,416,501,-85,0.0,24
280,1,1,518,398,120,1.0,23
288,0,0,595,413,182,1.0,21
288,1,1,451,389,62,1.0,26
296,0,0,357,411,-54,0.0,25
296,1,1,450,339,111,1.0,27
304,0,0,422,437,-15,0.0,23
304,1,1,421,470,-49,0.0,23
312,0,0,450,439,11,1.0,24
312,1,1,520,473,47,1.0,22
320,0,0,432,467,-35,0.0,22
320,1,1,516,423,93,1.0,24
328,0,0,397,430,-33,0.0,25
328,1,1,495,329,166,1.0,25
336,0,0,412,320,92,1.0,24
336,1,1,369,458,-89,0.0,26
344,0,0,416,451,-35,0.0,22
344,1,1,460,358,102,1.0,26
352,0,0,379,412,-33,0.0,26
352,1,1,356,407,-51,0.0,25
360,0,0,505,361,144,1.0,26
360,1,1,385,466,-81,0.0,26
368,0,0,431,411,20,1.0,20
368,1,1,363,504,-141,0.0,23
376,0,0,420,435,-15,0.0,23
376,1,1,381,490,-109,0.0,24
384,0,0,438,388,50,1.0,24
384,1,1,393,449,-56,0.0,27
392,0,0,481,396,85,1.0,27
392,1,1,500,392,108,1.0,22
400,0,0,434,448,-14,0.0,27
400,1,1,504,370,134,1.0,25
408,0,0,414,444,-30,0.0,21
408,1,1,529,393,136,1.0,24
416,0,0,365,502,-137,0.0,20
416,1,1,497,453,44,1.0,19
424,0,0,389,407,-18,0.0,24
424,1,1,430,523,-93,0.0,23
432,0,0,438,436,2,1.0,22
432,1,1,461,315,146,1.0,22
440,0,0,460,409,51,1.0,22
440,1,1,356,490,-134,0.0,22
448,0,0,394,436,-42,0.0,27
448,1,1,485,370,115,1.0,22
456,0,0,365,610,-245,0.0,24
456,1,1,598,382,216,1.0,19
464,0,0,394,444,-50,0.0,23
464,1,1,453,332,121,1.0,26
472,0,0,494,445,49,1.0,20
472,1,1,417,414,3,1.0,20
480,0,0,373,447,-74,0.0,23
480,1,1,415,278,137,1.0,26
488,0,0,419,467,-48,0.0,23
488,1,1,487,395,92,1.0,22
496,0,0,440,365,75,1.0,25
496,1,1,405,407,-2,0.0,23
504,0,0,453,460,-7,0.0,22
504,1,1,355,412,-57,0.0,22
512,0,0,375,398,-23,0.0,25
512,1,1,435,425,10,1.0,22
520,0,0,475,431,44,1.0,22
520,1,1,359,466,-107,0.0,20
528,0,0,474,485,-11,0.0,21
528,1,1,545,447,98,1.0,20
536,0,0,492,484,8,1.0,21
536,1,1,451,404,47,1.0,20
544,0,0,378,440,-62,0.0,23
544,1,1,544,428,116,1.0,25
552,0,0,525,383,142,1.0,21
552,1,1,390,533,-143,0.0,21
560,0,0,378,471,-93,0.0,23
560,1,1,489,421,68,1.0,23
568,0,0,392,428,-36,0.0,26
568,1,1,409,380,29,1.0,28
576,0,0,401,382,19,1.0,26
576,1,1,429,505,-76,0.0,24
584,0,0,549,445,104,1.0,22
584,1,1,499,480,19,1.0,22
592,0,0,496,364,132,1.0,24
592,1,1,388,481,-93,0.0,22
600,0,0,444,315,129,1.0,21
600,1,1,527,371,156,1.0,20
608,0,0,333,470,-137,0.0,25
608,1,1,515,413,102,1.0,22
616,0,0,384,434,-50,0.0,22
616,1,1,404,438,-34,0.0,24
624,0,0,443,469,-26,0.0,21
624,1,1,495,451,44,1.0,20
632,0,0,407,431,-24,0.0,25
632,1,1,382,452,-70,0.0,25
640,0,0,371,456,-85,0.0,22
640,1,1,477,413,64,1.0,23
648,0,0,420,391,29,1.0,22
648,1,1,417,460,-43,0.0,25
656,0,0,378,370,8,1.0,23
656,1,1,359,484,-125,0.0,23
664,0,0,386,432,-46,0.0,20
664,1,1,510,392,118,1.0,24
672,0,0,383,461,-78,0.0,24
672,1,1,465,370,95,1.0,23
680,0,0,434,412,22,1.0,23
680,1,1,389,518,-129,0.0,23
688,0,0,443,380,63,1.0,23
688,1,1,440,409,31,1.0,21
696,0,0,433,430,3,1.0,24
696,1,1,404,370,34,1.0,24
704,0,0,440,333,107,1.0,25
704,1,1,448,396,52,1.0,24
712,0,0,455,329,126,1.0,31
712,1,1,515,326,189,1.0,22
720,0,0,517,459,58,1.0,22
720,1,1,404,454,-50,0.0,27
728,0,0,382,391,-9,0.0,30
728,1,1,512,374,138,1.0,24
736,0,0,414,428,-14,0.0,22
736,1,1,526,297,229,1.0,24
744,0,0,427,416,11,1.0,23
744,1,1,457,440,17,1.0,23
752,0,0,374,480,-106,0.0,24
752,1,1,342,377,-35,0.0,23
760,0,0,339,447,-108,0.0,24
760,1,1,350,479,-129,0.0,25
768,0,0,392,436,-44,0.0,24
768,1,1,481,456,25,1.0,23
776,0,0,447,410,37,1.0,20
776,1,1,484,402,82,1.0,22
784,0,0,434,430,4,1.0,24
784,1,1,381,397,-16,0.0,22
792,0,0,523,465,58,1.0,22
792,1,1,415,462,-47,0.0,25
800,0,0,402,436,-34,0.0,24
800,1,1,440,393,47,1.0,23
808,0,0,397,507,-110,0.0,22
808,1,1,444,430,14,1.0,20
816,0,0,475,410,65,1.0,22
816,1,1,469,405,64,1.0,24
824,0,0,449,408,41,1.0,26
824,1,1,518,408,110,1.0,22
832,0,0,399,414,-15,0.0,24
832,1,1,412,520,-108,0.0,23
840,0,0,420,492,-72,0.0,24
840,1,1,440,486,-46,0.0,20
848,0,0,593,326,267,1.0,25
848,1,1,374,434,-60,0.0,26
856,0,0,468,463,5,1.0,21
856,1,1,475,499,-24,0.0,25
864,0,0,445,389,56,1.0,23
864,1,1,490,438,52,1.0,21
872,0,0,397,490,-93,0.0,26
872,1,1,465,434,31,1.0,25
880,0,0,387,350,37,1.0,23
880,1,1,420,453,-33,0.0,27
888,0,0,454,393,61,1.0,23
888,1,1,422,439,-17,0.0,22
896,0,0,531,490,41,1.0,23
896,1,1,525,471,54,1.0,24
904,0,0,417,468,-51,0.0,24
904,1,1,447,386,61,1.0,22
912,0,0,380,506,-126,0.0,23
912,1,1,358,323,35,1.0,22
920,0,0,388,308,80,1.0,24
920,1,1,342,525,-183,0.0,23
928,0,0,401,470,-69,0.0,24
928,1,1,418,414,4,1.0,24
936,0,0,376,498,-122,0.0,22
936,1,1,492,424,68,1.0,24
944,0,0,498,308,190,1.0,24
944,1,1,313,453,-140,0.0,24
952,0,0,410,373,37,1.0,26
952,1,1,405,529,-124,0.0,21
960,0,0,487,371,116,1.0,25
960,1,1,380,463,-83,0.0,29
968,0,0,477,553,-76,0.0,25
968,1,1,382,430,-48,0.0,26
976,0,0,464,344,120,1.0,24
976,1,1,547,452,95,1.0,24
984,0,0,537,408,129,1.0,20
984,1,1,325,470,-145,0.0,25
992,0,0,473,470,3,1.0,26
992,1,1,500,427,73,1.0,26
1000,0,0,360,509,-149,0.0,24
1000,1,1,521,450,71,1.0,23
1008,0,0,520,495,25,1.0,25
1008,1,1,409,375,34,1.0,23
1016,0,0,444,378,66,1.0,26
1016,1,1,543,391,152,1.0,23
1024,0,0,439,444,-5,0.0,27
1024,1,1,425,454,-29,0.0,22
1032,0,0,443,338,105,1.0,27
1032,1,1,406,411,-5,0.0,29
1040,0,0,424,436,-12,0.0,26
1040,1,1,468,408,60,1.0,24
1048,0,0,412,410,2,1.0,27
1048,1,1,446,394,52,1.0,24
1056,0,0,460,418,42,1.0,26
1056,1,1,384,528,-144,0.0,23
1064,0,0,485,424,61,1.0,21
1064,1,1,421,363,58,1.0,25
1072,0,0,432,429,3,1.0,20
1072,1,1,348,398,-50,0.0,23
1080,0,0,474,353,121,1.0,22
1080,1,1,309,473,-164,0.0,22
1088,0,0,537,493,44,1.0,22
1088,1,1,461,468,-7,0.0,22
1096,0,0,596,370,226,1.0,23
1096,1,1,396,518,-122,0.0,20
1104,0,0,439,389,50,1.0,20
1104,1,1,458,398,60,1.0,25
1112,0,0,519,415,104,1.0,24
1112,1,1,449,509,-60,0.0,23
1120,0,0,410,450,-40,0.0,24
1120,1,1,434,428,6,1.0,22
1128,0,0,440,510,-70,0.0,22
1128,1,1,366,387,-21,0.0,29
1136,0,0,516,432,84,1.0,22
1136,1,1,393,391,2,1.0,22
1144,0,0,498,344,154,1.0,23
1144,1,1,373,484,-111,0.0,21
1152,0,0,398,459,-61,0.0,26
1152,1,1,381,494,-113,0.0,24
1160,0,0,434,465,-31,0.0,24
1160,1,1,393,440,-47,0.0,23
1168,0,0,477,471,6,1.0,26
1168,1,1,491,419,72,1.0,24
1176,0,0,499,436,63,1.0,26
1176,1,1,468,395,73,1.0,22
1184,0,0,449,454,-5,0.0,27
1184,1,1,354,567,-213,0.0,24
1192,0,0,473,365,108,1.0,23
1192,1,1,457,401,56,1.0,23
1200,0,0,376,438,-62,0.0,26
1200,1,1,589,345,244,1.0,20
1208,0,0,460,437,23,1.0,24
1208,1,1,385,406,-21,0.0,27
1216,0,0,372,346,26,1.0,26
1216,1,1,464,425,39,1.0,25
1224,0,0,538,430,108,1.0,20
1224,1,1,418,521,-103,0.0,23
1232,0,0,444,391,53,1.0,22
1232,1,1,440,352,88,1.0,21
1240,0,0,531,329,202,1.0,23
1240,1,1,441,474,-33,0.0,20
1248,0,0,431,399,32,1.0,24
1248,1,1,434,350,84,1.0,26
1256,0,0,331,461,-130,0.0,22
1256,1,1,455,349,106,1.0,21
1264,0,0,420,404,16,1.0,23
1264,1,1,453,415,38,1.0,22
1272,0,0,483,423,60,1.0,22
1272,1,1,410,450,-40,0.0,24
1280,0,0,427,489,-62,0.0,22
1280,1,1,414,491,-77,0.0,21
1288,0,0,451,403,48,1.0,23
1288,1,1,398,538,-140,0.0,24
1296,0,0,392,509,-117,0.0,23
1296,1,1,457,526,-69,0.0,26
1304,0,0,499,389,110,1.0,27
1304,1,1,380,515,-135,0.0,23
1312,0,0,506,401,105,1.0,21
1312,1,1,458,458,0,0.5,24
1320,0,0,451,349,102,1.0,23
1320,1,1,472,370,102,1.0,24
1328,0,0,524,396,128,1.0,24
1328,1,1,377,570,-193,0.0,23
1336,0,0,564,369,195,1.0,25
1336,1,1,442,379,63,1.0,27
1344,0,0,481,458,23,1.0,21
1344,1,1,477,475,2,1.0,23
1352,0,0,443,435,8,1.0,22
1352,1,1,423,425,-2,0.0,22
1360,0,0,362,364,-2,0.0,30
1360,1,1,399,416,-17,0.0,25
1368,0,0,417,512,-95,0.0,23
1368,1,1,520,376,144,1.0,22
1376,0,0,553,401,152,1.0,23
1376,1,1,395,457,-62,0.0,21
1384,0,0,491,403,88,1.0,26
1384,1,1,369,462,-93,0.0,27
1392,0,0,480,352,128,1.0,25
1392,1,1,375,495,-120,0.0,23
1400,0,0,434,408,26,1.0,22
1400,1,1,368,467,-99,0.0,25
1408,0,0,369,397,-28,0.0,23
1408,1,1,405,440,-35,0.0,25
1416,0,0,520,460,60,1.0,26
1416,1,1,372,485,-113,0.0,24
1424,0,0,472,560,-88,0.0,22
1424,1,1,530,458,72,1.0,23
1432,0,0,355,368,-13,0.0,28
1432,1,1,402,343,59,1.0,24
1440,0,0,448,404,44,1.0,23
1440,1,1,386,399,-13,0.0,24
1448,0,0,437,350,87,1.0,27
1448,1,1,393,493,-100,0.0,25
1456,0,0,405,418,-13,0.0,23
1456,1,1,405,383,22,1.0,28
1464,0,0,375,405,-30,0.0,23
1464,1,1,455,335,120,1.0,24
1472,0,0,515,408,107,1.0,19
1472,1,1,356,429,-73,0.0,24
1480,0,0,535,453,82,1.0,28
1480,1,1,368,425,-57,0.0,24
1488,0,0,510,368,142,1.0,22
1488,1,1,449,517,-68,0.0,26
1496,0,0,503,430,73,1.0,24
1496,1,1,340,688,-348,0.0,23
1504,0,0,360,481,-121,0.0,28
1504,1,1,409,431,-22,0.0,21
1512,0,0,399,403,-4,0.0,24
1512,1,1,368,422,-54,0.0,24
1520,0,0,457,412,45,1.0,23
1520,1,1,435,536,-101,0.0,23
1528,0,0,395,428,-33,0.0,22
1528,1,1,431,404,27,1.0,28
1536,0,0,360,435,-75,0.0,30
1536,1,1,431,339,92,1.0,23
1544,0,0,383,375,8,1.0,25
1544,1,1,341,521,-180,0.0,26
1552,0,0,409,373,36,1.0,25
1552,1,1,402,462,-60,0.0,24
1560,0,0,420,382,38,1.0,28
1560,1,1,522,381,141,1.0,24
1568,0,0,452,385,67,1.0,23
1568,1,1,430,346,84,1.0,30
1576,0,0,519,481,38,1.0,25
1576,1,1,433,463,-30,0.0,24
1584,0,0,388,402,-14,0.0,22
1584,1,1,448,346,102,1.0,28
1592,0,0,359,472,-113,0.0,23
1592,1,1,448,342,106,1.0,24
1600,0,0,458,452,6,1.0,23
1600,1,1,465,379,86,1.0,24
1608,0,0,406,449,-43,0.0,25
1608,1,1,500,402,98,1.0,22
1616,0,0,443,320,123,1.0,36
1616,1,1,422,396,26,1.0,23
1624,0,0,500,422,78,1.0,22
1624,1,1,464,409,55,1.0,21
1632,0,0,400,416,-16,0.0,26
1632,1,1,420,455,-35,0.0,24
1640,0,0,404,402,2,1.0,27
1640,1,1,394,437,-43,0.0,26
1648,0,0,510,381,129,1.0,24
1648,1,1,403,445,-42,0.0,22
1656,0,0,450,411,39,1.0,24
1656,1,1,412,457,-45,0.0,23
1664,0,0,361,472,-111,0.0,25
1664,1,1,456,370,86,1.0,25
1672,0,0,412,393,19,1.0,24
1672,1,1,480,427,53,1.0,24
1680,0,0,392,417,-25,0.0,23
1680,1,1,469,437,32,1.0,25
1688,0,0,400,508,-108,0.0,21
1688,1,1,369,361,8,1.0,25
1696,0,0,482,340,142,1.0,25
1696,1,1,432,427,5,1.0,23
1704,0,0,343,465,-122,0.0,24
1704,1,1,438,335,103,1.0,24
1712,0,0,400,441,-41,0.0,31
1712,1,1,542,340,202,1.0,25
1720,0,0,439,400,39,1.0,22
1720,1,1,341,492,-151,0.0,21
1728,0,0,449,457,-8,0.0,21
1728,1,1,463,480,-17,0.0,23
1736,0,0,579,356,223,1.0,21
1736,1,1,414,463,-49,0.0,24
1744,0,0,447,446,1,1.0,24
1744,1,1,610,379,231,1.0,21
1752,0,0,424,468,-44,0.0,22
1752,1,1,409,565,-156,0.0,21
1760,0,0,498,315,183,1.0,25
1760,1,1,343,456,-113,0.0,27
1768,0,0,451,433,18,1.0,24
1768,1,1,408,428,-20,0.0,21
1776,0,0,300,423,-123,0.0,28
1776,1,1,425,318,107,1.0,24
1784,0,0,370,437,-67,0.0,23
1784,1,1,476,370,106,1.0,26
1792,0,0,475,378,97,1.0,21
1792,1,1,489,434,55,1.0,23
1800,0,0,522,470,52,1.0,19
1800,1,1,552,341,211,1.0,22
1808,0,0,501,410,91,1.0,21
1808,1,1,357,528,-171,0.0,27
1816,0,0,348,452,-104,0.0,24
1816,1,1,461,396,65,1.0,23
1824,0,0,417,390,27,1.0,26
1824,1,1,382,513,-131,0.0,22
1832,0,0,514,409,105,1.0,24
1832,1,1,306,497,-191,0.0,30
1840,0,0,439,465,-26,0.0,23
1840,1,1,465,463,2,1.0,22
1848,0,0,427,459,-32,0.0,24
1848,1,1,332,433,-101,0.0,25
1856,0,0,441,361,80,1.0,24
1856,1,1,451,394,57,1.0,20
1864,0,0,430,431,-1,0.0,24
1864,1,1,361,408,-47,0.0,25
1872,0,0,547,365,182,1.0,23
1872,1,1,428,341,87,1.0,21
1880,0,0,420,372,48,1.0,23
1880,1,1,458,323,135,1.0,25
1888,0,0,492,333,159,1.0,28
1888,1,1,360,475,-115,0.0,25
1896,0,0,437,382,55,1.0,25
1896,1,1,327,401,-74,0.0,26
1904,0,0,347,464,-117,0.0,23
1904,1,1,456,392,64,1.0,21
1912,0,0,354,523,-169,0.0,24
1912,1,1,463,317,146,1.0,24
1920,0,0,550,348,202,1.0,24
1920,1,1,382,436,-54,0.0,23
1928,0,0,480,429,51,1.0,23
1928,1,1,458,421,37,1.0,23
1936,0,0,453,466,-13,0.0,21
1936,1,1,445,408,37,1.0,23
1944,0,0,425,442,-17,0.0,23
1944,1,1,405,445,-40,0.0,22
1952,0,0,365,359,6,1.0,21
1952,1,1,483,359,124,1.0,22
1960,0,0,523,357,166,1.0,25
1960,1,1,427,511,-84,0.0,23
1968,0,0,380,329,51,1.0,27
1968,1,1,519,464,55,1.0,25
1976,0,0,427,414,13,1.0,26
1976,1,1,429,349,80,1.0,26
1984,0,0,550,445,105,1.0,22
1984,1,1,484,460,24,1.0,24
1992,0,0,442,393,49,1.0,27
1992,1,1,472,397,75,1.0,23
pair,game,a_seat,a_score,b_score,a_spread,a_win,turns
1,0,0,576,404,172,1.0,22
1,1,1,388,582,-194,0.0,21
9,0,0,403,496,-93,0.0,20
9,1,1,538,414,124,1.0,21
17,0,0,398,496,-98,0.0,21
17,1,1,411,389,22,1.0,26
25,0,0,471,491,-20,0.0,21
25,1,1,535,446,89,1.0,25
33,0,0,389,343,46,1.0,27
33,1,1,358,413,-55,0.0,29
41,0,0,425,431,-6,0.0,20
41,1,1,489,461,28,1.0,20
49,0,0,406,539,-133,0.0,22
49,1,1,537,375,162,1.0,25
57,0,0,385,447,-62,0.0,27
57,1,1,467,360,107,1.0,25
65,0,0,418,437,-19,0.0,26
65,1,1,402,502,-100,0.0,22
73,0,0,410,448,-38,0.0,24
73,1,1,475,453,22,1.0,24
81,0,0,323,408,-85,0.0,23
81,1,1,434,344,90,1.0,27
89,0,0,541,414,127,1.0,23
89,1,1,428,472,-44,0.0,22
97,0,0,349,497,-148,0.0,23
97,1,1,502,326,176,1.0,25
105,0,0,550,345,205,1.0,26
105,1,1,477,398,79,1.0,21
113,0,0,322,437,-115,0.0,25
113,1,1,392,391,1,1.0,30
121,0,0,355,489,-134,0.0,25
121,1,1,467,394,73,1.0,21
129,0,0,351,493,-142,0.0,24
129,1,1,513,422,91,1.0,24
137,0,0,463,394,69,1.0,24
137,1,1,447,446,1,1.0,25
145,0,0,414,490,-76,0.0,21
145,1,1,479,485,-6,0.0,24
153,0,0,440,371,69,1.0,25
153,1,1,344,417,-73,0.0,28
161,0,0,401,370,31,1.0,23
161,1,1,385,403,-18,0.0,25
169,0,0,488,342,146,1.0,24
169,1,1,467,398,69,1.0,24
177,0,0,341,429,-88,0.0,23
177,1,1,417,509,-92,0.0,24
185,0,0,401,443,-42,0.0,23
185,1,1,471,566,-95,0.0,20
193,0,0,392,400,-8,0.0,24
193,1,1,363,510,-147,0.0,23
201,0,0,298,469,-171,0.0,24
201,1,1,426,378,48,1.0,24
209,0,0,416,446,-30,0.0,22
209,1,1,512,368,144,1.0,24
217,0,0,458,397,61,1.0,25
217,1,1,295,454,-159,0.0,24
225,0,0,419,405,14,1.0,25
225,1,1,461,400,61,1.0,27
233,0,0,374,430,-56,0.0,24
233,1,1,511,358,153,1.0,23
241,0,0,377,426,-49,0.0,31
241,1,1,423,392,31,1.0,25
249,0,0,491,450,41,1.0,24
249,1,1,352,448,-96,0.0,24
257,0,0,348,445,-97,0.0,23
257,1,1,492,306,186,1.0,23
265,0,0,403,426,-23,0.0,24
265,1,1,472,465,7,1.0,26
273,0,0,454,414,40,1.0,27
273,1,1,376,486,-110,0.0,23
281,0,0,362,447,-85,0.0,24
281,1,1,431,409,22,1.0,24
289,0,0,434,543,-109,0.0,22
289,1,1,430,367,63,1.0,24
297,0,0,522,400,122,1.0,22
297,1,1,422,492,-70,0.0,25
305,0,0,346,534,-188,0.0,25
305,1,1,468,384,84,1.0,27
313,0,0,462,436,26,1.0,21
313,1,1,420,446,-26,0.0,21
321,0,0,472,451,21,1.0,21
321,1,1,429,546,-117,0.0,21
329,0,0,411,340,71,1.0,24
329,1,1,488,471,17,1.0,23
337,0,0,405,398,7,1.0,28
337,1,1,496,356,140,1.0,24
345,0,0,448,370,78,1.0,23
345,1,1,406,454,-48,0.0,24
353,0,0,534,406,128,1.0,22
353,1,1,506,510,-4,0.0,22
361,0,0,444,554,-110,0.0,23
361,1,1,529,400,129,1.0,23
369,0,0,438,411,27,1.0,21
369,1,1,386,416,-30,0.0,21
377,0,0,555,416,139,1.0,20
377,1,1,412,464,-52,0.0,23
385,0,0,428,450,-22,0.0,22
385,1,1,398,423,-25,0.0,22
393,0,0,435,411,24,1.0,21
393,1,1,335,502,-167,0.0,24
401,0,0,463,404,59,1.0,25
401,1,1,438,355,83,1.0,21
409,0,0,457,445,12,1.0,27
409,1,1,507,281,226,1.0,25
417,0,0,343,443,-100,0.0,21
417,1,1,438,342,96,1.0,25
425,0,0,394,478,-84,0.0,25
425,1,1,461,448,13,1.0,26
433,0,0,448,424,24,1.0,22
433,1,1,450,424,26,1.0,24
441,0,0,444,365,79,1.0,24
441,1,1,438,424,14,1.0,24
449,0,0,337,388,-51,0.0,23
449,1,1,520,368,152,1.0,25
457,0,0,363,505,-142,0.0,26
457,1,1,431,331,100,1.0,23
465,0,0,488,416,72,1.0,26
465,1,1,441,496,-55,0.0,24
473,0,0,386,466,-80,0.0,24
473,1,1,388,481,-93,0.0,21
481,0,0,472,353,119,1.0,24
481,1,1,411,428,-17,0.0,21
489,0,0,395,423,-28,0.0,24
489,1,1,383,478,-95,0.0,22
497,0,0,426,401,25,1.0,21
497,1,1,382,408,-26,0.0,24
505,0,0,548,433,115,1.0,22
505,1,1,451,394,57,1.0,23
513,0,0,406,415,-9,0.0,25
513,1,1,399,401,-2,0.0,24
521,0,0,528,460,68,1.0,23
521,1,1,371,371,0,0.5,25
529,0,0,365,380,-15,0.0,27
529,1,1,486,502,-16,0.0,24
537,0,0,361,431,-70,0.0,26
537,1,1,529,394,135,1.0,25
545,0,0,385,443,-58,0.0,23
545,1,1,585,367,218,1.0,23
553,0,0,419,437,-18,0.0,22
553,1,1,408,393,15,1.0,26
561,0,0,465,334,131,1.0,25
561,1,1,432,512,-80,0.0,24
569,0,0,414,494,-80,0.0,23
569,1,1,433,413,20,1.0,23
577,0,0,462,449,13,1.0,24
577,1,1,410,468,-58,0.0,24
585,0,0,352,398,-46,0.0,24
585,1,1,390,455,-65,0.0,23
593,0,0,462,324,138,1.0,27
593,1,1,332,539,-207,0.0,27
601,0,0,416,463,-47,0.0,23
601,1,1,480,463,17,1.0,20
609,0,0,420,376,44,1.0,22
609,1,1,417,415,2,1.0,24
617,0,0,414,399,15,1.0,23
617,1,1,424,451,-27,0.0,21
625,0,0,385,398,-13,0.0,24
625,1,1,521,388,133,1.0,22
633,0,0,494,322,172,1.0,21
633,1,1,376,453,-77,0.0,25
641,0,0,510,414,96,1.0,22
641,1,1,382,473,-91,0.0,24
649,0,0,374,425,-51,0.0,23
649,1,1,402,398,4,1.0,26
657,0,0,331,465,-134,0.0,23
657,1,1,490,361,129,1.0,24
665,0,0,401,488,-87,0.0,23
665,1,1,429,406,23,1.0,27
673,0,0,508,412,96,1.0,27
673,1,1,409,409,0,0.5,24
681,0,0,506,352,154,1.0,32
681,1,1,444,310,134,1.0,28
689,0,0,452,512,-60,0.0,24
689,1,1,432,416,16,1.0,25
697,0,0,509,399,110,1.0,21
697,1,1,393,382,11,1.0,21
705,0,0,404,454,-50,0.0,21
705,1,1,431,487,-56,0.0,26
713,0,0,436,488,-52,0.0,20
713,1,1,365,411,-46,0.0,22
721,0,0,413,483,-70,0.0,22
721,1,1,471,439,32,1.0,22
729,0,0,398,498,-100,0.0,23
729,1,1,460,442,18,1.0,23
737,0,0,561,360,201,1.0,25
737,1,1,406,436,-30,0.0,24
745,0,0,320,542,-222,0.0,25
745,1,1,433,336,97,1.0,24
753,0,0,402,437,-35,0.0,24
753,1,1,548,470,78,1.0,24
761,0,0,357,484,-127,0.0,24
761,1,1,434,471,-37,0.0,22
769,0,0,358,408,-50,0.0,27
769,1,1,567,417,150,1.0,25
777,0,0,427,479,-52,0.0,23
777,1,1,483,492,-9,0.0,21
785,0,0,409,407,2,1.0,24
785,1,1,385,364,21,1.0,23
793,0,0,463,468,-5,0.0,24
793,1,1,450,481,-31,0.0,20
801,0,0,399,537,-138,0.0,28
801,1,1,465,398,67,1.0,26
809,0,0,388,492,-104,0.0,23
809,1,1,402,491,-89,0.0,28
817,0,0,458,408,50,1.0,21
817,1,1,374,536,-162,0.0,21
825,0,0,365,381,-16,0.0,22
825,1,1,455,413,42,1.0,22
833,0,0,293,555,-262,0.0,23
833,1,1,491,400,91,1.0,22
841,0,0,450,423,27,1.0,25
841,1,1,464,437,27,1.0,24
849,0,0,420,350,70,1.0,27
849,1,1,564,381,183,1.0,24
857,0,0,433,436,-3,0.0,25
857,1,1,476,357,119,1.0,21
865,0,0,408,423,-15,0.0,22
865,1,1,370,428,-58,0.0,26
873,0,0,460,353,107,1.0,27
873,1,1,320,468,-148,0.0,26
881,0,0,474,462,12,1.0,20
881,1,1,341,436,-95,0.0,26
889,0,0,401,430,-29,0.0,26
889,1,1,454,449,5,1.0,24
897,0,0,419,397,22,1.0,27
897,1,1,432,327,105,1.0,27
905,0,0,438,407,31,1.0,22
905,1,1,560,425,135,1.0,21
913,0,0,354,454,-100,0.0,21
913,1,1,443,314,129,1.0,25
921,0,0,374,492,-118,0.0,23
921,1,1,460,395,65,1.0,24
929,0,0,459,374,85,1.0,22
929,1,1,412,465,-53,0.0,21
937,0,0,318,440,-122,0.0,29
937,1,1,421,315,106,1.0,24
945,0,0,366,479,-113,0.0,23
945,1,1,507,255,252,1.0,21
953,0,0,400,451,-51,0.0,23
953,1,1,478,308,170,1.0,21
961,0,0,401,388,13,1.0,25
961,1,1,479,448,31,1.0,26
969,0,0,408,472,-64,0.0,23
969,1,1,407,409,-2,0.0,22
977,0,0,482,394,88,1.0,23
977,1,1,439,392,47,1.0,25
985,0,0,415,474,-59,0.0,21
985,1,1,478,486,-8,0.0,21
993,0,0,372,454,-82,0.0,23
993,1,1,444,397,47,1.0,25
1001,0,0,502,471,31,1.0,21
1001,1,1,415,485,-70,0.0,22
1009,0,0,389,462,-73,0.0,24
1009,1,1,627,382,245,1.0,24
1017,0,0,434,406,28,1.0,24
1017,1,1,456,421,35,1.0,26
1025,0,0,440,492,-52,0.0,22
1025,1,1,486,430,56,1.0,25
1033,0,0,552,354,198,1.0,25
1033,1,1,373,445,-72,0.0,22
1041,0,0,474,461,13,1.0,25
1041,1,1,506,330,176,1.0,21
1049,0,0,548,432,116,1.0,24
1049,1,1,471,480,-9,0.0,26
1057,0,0,383,500,-117,0.0,24
1057,1,1,437,376,61,1.0,23
1065,0,0,375,448,-73,0.0,22
1065,1,1,436,325,111,1.0,26
1073,0,0,441,424,17,1.0,23
1073,1,1,435,403,32,1.0,24
1081,0,0,509,336,173,1.0,24
1081,1,1,455,341,114,1.0,28
1089,0,0,392,489,-97,0.0,22
1089,1,1,427,365,62,1.0,23
1097,0,0,399,392,7,1.0,23
1097,1,1,466,338,128,1.0,22
1105,0,0,332,447,-115,0.0,27
1105,1,1,483,411,72,1.0,23
1113,0,0,468,440,28,1.0,22
1113,1,1,346,534,-188,0.0,26
1121,0,0,363,507,-144,0.0,22
1121,1,1,443,355,88,1.0,26
1129,0,0,439,375,64,1.0,27
1129,1,1,375,398,-23,0.0,25
1137,0,0,455,365,90,1.0,25
1137,1,1,429,475,-46,0.0,24
1145,0,0,461,342,119,1.0,24
1145,1,1,357,574,-217,0.0,23
1153,0,0,517,475,42,1.0,21
1153,1,1,448,445,3,1.0,27
1161,0,0,417,489,-72,0.0,23
1161,1,1,409,463,-54,0.0,25
1169,0,0,489,361,128,1.0,23
1169,1,1,360,459,-99,0.0,26
1177,0,0,316,509,-193,0.0,21
1177,1,1,464,316,148,1.0,23
1185,0,0,481,416,65,1.0,23
1185,1,1,492,357,135,1.0,25
1193,0,0,514,395,119,1.0,21
1193,1,1,427,371,56,1.0,25
1201,0,0,452,447,5,1.0,21
1201,1,1,522,424,98,1.0,23
1209,0,0,405,401,4,1.0,25
1209,1,1,444,441,3,1.0,25
1217,0,0,434,427,7,1.0,23
1217,1,1,438,409,29,1.0,25
1225,0,0,497,343,154,1.0,26
1225,1,1,404,408,-4,0.0,25
1233,0,0,435,402,33,1.0,21
1233,1,1,477,365,112,1.0,21
1241,0,0,361,438,-77,0.0,24
1241,1,1,463,448,15,1.0,22
1249,0,0,358,540,-182,0.0,22
1249,1,1,451,403,48,1.0,24
1257,0,0,434,427,7,1.0,22
1257,1,1,451,481,-30,0.0,22
1265,0,0,400,376,24,1.0,25
1265,1,1,385,423,-38,0.0,27
1273,0,0,431,623,-192,0.0,23
1273,1,1,558,412,146,1.0,23
1281,0,0,373,380,-7,0.0,25
1281,1,1,357,493,-136,0.0,26
1289,0,0,431,600,-169,0.0,25
1289,1,1,398,385,13,1.0,22
1297,0,0,453,316,137,1.0,22
1297,1,1,429,409,20,1.0,22
1305,0,0,438,462,-24,0.0,23
1305,1,1,488,378,110,1.0,25
1313,0,0,556,434,122,1.0,22
1313,1,1,443,461,-18,0.0,23
1321,0,0,445,502,-57,0.0,25
1321,1,1,419,353,66,1.0,24
1329,0,0,423,491,-68,0.0,24
1329,1,1,494,421,73,1.0,26
1337,0,0,457,507,-50,0.0,23
1337,1,1,416,443,-27,0.0,25
1345,0,0,355,422,-67,0.0,26
1345,1,1,430,409,21,1.0,26
1353,0,0,510,482,28,1.0,21
1353,1,1,455,526,-71,0.0,23
1361,0,0,405,404,1,1.0,29
1361,1,1,480,381,99,1.0,27
1369,0,0,463,393,70,1.0,25
1369,1,1,483,408,75,1.0,21
1377,0,0,492,380,112,1.0,21
1377,1,1,369,435,-66,0.0,24
1385,0,0,415,477,-62,0.0,21
1385,1,1,268,453,-185,0.0,26
1393,0,0,396,476,-80,0.0,22
1393,1,1,439,380,59,1.0,21
1401,0,0,398,512,-114,0.0,23
1401,1,1,557,328,229,1.0,29
1409,0,0,442,525,-83,0.0,22
1409,1,1,430,463,-33,0.0,28
1417,0,0,509,396,113,1.0,20
1417,1,1,419,324,95,1.0,23
1425,0,0,452,438,14,1.0,22
1425,1,1,440,351,89,1.0,22
1433,0,0,395,472,-77,0.0,22
1433,1,1,436,466,-30,0.0,20
1441,0,0,335,327,8,1.0,26
1441,1,1,406,344,62,1.0,23
1449,0,0,325,377,-52,0.0,22
1449,1,1,368,324,44,1.0,32
1457,0,0,405,465,-60,0.0,21
1457,1,1,403,389,14,1.0,23
1465,0,0,380,494,-114,0.0,24
1465,1,1,551,390,161,1.0,24
1473,0,0,538,376,162,1.0,24
1473,1,1,379,420,-41,0.0,27
1481,0,0,458,402,56,1.0,24
1481,1,1,484,420,64,1.0,23
1489,0,0,400,386,14,1.0,24
1489,1,1,411,361,50,1.0,24
1497,0,0,383,327,56,1.0,21
1497,1,1,457,462,-5,0.0,22
1505,0,0,381,431,-50,0.0,25
1505,1,1,541,335,206,1.0,25
1513,0,0,537,387,150,1.0,26
1513,1,1,338,470,-132,0.0,25
1521,0,0,412,470,-58,0.0,22
1521,1,1,496,404,92,1.0,24
1529,0,0,441,538,-97,0.0,23
1529,1,1,430,465,-35,0.0,20
1537,0,0,558,374,184,1.0,22
1537,1,1,317,543,-226,0.0,24
1545,0,0,533,368,165,1.0,22
1545,1,1,392,384,8,1.0,22
1553,0,0,465,409,56,1.0,22
1553,1,1,378,388,-10,0.0,21
1561,0,0,427,342,85,1.0,25
1561,1,1,308,471,-163,0.0,26
1569,0,0,428,542,-114,0.0,23
1569,1,1,482,418,64,1.0,23
1577,0,0,503,455,48,1.0,24
1577,1,1,460,409,51,1.0,22
1585,0,0,457,419,38,1.0,27
1585,1,1,415,445,-30,0.0,22
1593,0,0,452,429,23,1.0,22
1593,1,1,391,416,-25,0.0,22
1601,0,0,299,512,-213,0.0,24
1601,1,1,439,466,-27,0.0,24
1609,0,0,571,417,154,1.0,23
1609,1,1,406,467,-61,0.0,22
1617,0,0,441,384,57,1.0,22
1617,1,1,437,314,123,1.0,25
1625,0,0,506,426,80,1.0,25
1625,1,1,499,422,77,1.0,27
1633,0,0,338,392,-54,0.0,27
1633,1,1,449,472,-23,0.0,24
1641,0,0,390,434,-44,0.0,19
1641,1,1,503,413,90,1.0,21
1649,0,0,443,447,-4,0.0,21
1649,1,1,378,368,10,1.0,23
1657,0,0,392,388,4,1.0,24
1657,1,1,369,504,-135,0.0,26
1665,0,0,333,423,-90,0.0,25
1665,1,1,436,374,62,1.0,24
1673,0,0,374,468,-94,0.0,27
1673,1,1,459,415,44,1.0,23
1681,0,0,286,507,-221,0.0,24
1681,1,1,423,339,84,1.0,25
1689,0,0,413,420,-7,0.0,26
1689,1,1,418,287,131,1.0,25
1697,0,0,403,407,-4,0.0,25
1697,1,1,501,409,92,1.0,21
1705,0,0,462,321,141,1.0,22
1705,1,1,396,371,25,1.0,25
1713,0,0,402,447,-45,0.0,26
1713,1,1,419,394,25,1.0,23
1721,0,0,352,464,-112,0.0,22
1721,1,1,377,501,-124,0.0,23
1729,0,0,496,375,121,1.0,22
1729,1,1,419,325,94,1.0,21
1737,0,0,455,387,68,1.0,24
1737,1,1,384,522,-138,0.0,22
1745,0,0,372,429,-57,0.0,21
1745,1,1,400,457,-57,0.0,26
1753,0,0,441,422,19,1.0,28
1753,1,1,396,434,-38,0.0,23
1761,0,0,385,357,28,1.0,25
1761,1,1,473,392,81,1.0,25
1769,0,0,374,440,-66,0.0,25
1769,1,1,431,422,9,1.0,25
1777,0,0,357,458,-101,0.0,24
1777,1,1,477,424,53,1.0,25
1785,0,0,524,348,176,1.0,23
1785,1,1,350,421,-71,0.0,21
1793,0,0,451,404,47,1.0,24
1793,1,1,393,406,-13,0.0,24
1801,0,0,438,412,26,1.0,22
1801,1,1,429,473,-44,0.0,23
1809,0,0,525,433,92,1.0,23
1809,1,1,531,358,173,1.0,23
1817,0,0,462,409,53,1.0,28
1817,1,1,423,404,19,1.0,25
1825,0,0,374,488,-114,0.0,20
1825,1,1,584,301,283,1.0,22
1833,0,0,550,309,241,1.0,23
1833,1,1,325,439,-114,0.0,25
1841,0,0,363,389,-26,0.0,26
1841,1,1,352,385,-33,0.0,23
1849,0,0,383,488,-105,0.0,23
1849,1,1,433,371,62,1.0,22
1857,0,0,385,486,-101,0.0,23
1857,1,1,493,440,53,1.0,24
1865,0,0,390,423,-33,0.0,25
1865,1,1,452,475,-23,0.0,24
1873,0,0,444,405,39,1.0,31
1873,1,1,381,390,-9,0.0,26
1881,0,0,431,545,-114,0.0,21
1881,1,1,476,417,59,1.0,21
1889,0,0,412,425,-13,0.0,26
1889,1,1,459,416,43,1.0,25
1897,0,0,454,372,82,1.0,23
1897,1,1,474,361,113,1.0,27
1905,0,0,400,460,-60,0.0,21
1905,1,1,405,372,33,1.0,26
1913,0,0,382,412,-30,0.0,23
1913,1,1,393,341,52,1.0,23
1921,0,0,411,403,8,1.0,24
1921,1,1,472,407,65,1.0,25
1929,0,0,322,451,-129,0.0,29
1929,1,1,413,320,93,1.0,25
1937,0,0,389,439,-50,0.0,26
1937,1,1,378,396,-18,0.0,26
1945,0,0,471,380,91,1.0,26
1945,1,1,431,431,0,0.5,23
1953,0,0,381,420,-39,0.0,23
1953,1,1,460,447,13,1.0,21
1961,0,0,467,323,144,1.0,22
1961,1,1,411,453,-42,0.0,23
1969,0,0,391,451,-60,0.0,25
1969,1,1,608,491,117,1.0,23
1977,0,0,461,361,100,1.0,24
1977,1,1,489,416,73,1.0,23
1985,0,0,358,353,5,1.0,26
1985,1,1,445,380,65,1.0,22
1993,0,0,314,424,-110,0.0,23
1993,1,1,395,447,-52,0.0,22
pair,game,a_seat,a_score,b_score,a_spread,a_win,turns
2,0,0,452,337,115,1.0,23
2,1,1,381,455,-74,0.0,22
10,0,0,405,405,0,0.5,25
10,1,1,451,414,37,1.0,25
18,0,0,411,358,53,1.0,25
18,1,1,474,396,78,1.0,26
26,0,0,460,341,119,1.0,24
26,1,1,305,521,-216,0.0,23
34,0,0,452,401,51,1.0,21
34,1,1,391,434,-43,0.0,23
42,0,0,483,372,111,1.0,25
42,1,1,349,417,-68,0.0,27
50,0,0,425,485,-60,0.0,24
50,1,1,356,381,-25,0.0,29
58,0,0,406,382,24,1.0,23
58,1,1,446,393,53,1.0,22
66,0,0,413,444,-31,0.0,25
66,1,1,471,428,43,1.0,22
74,0,0,407,450,-43,0.0,26
74,1,1,429,417,12,1.0,23
82,0,0,473,426,47,1.0,22
82,1,1,399,442,-43,0.0,23
90,0,0,387,415,-28,0.0,25
90,1,1,443,298,145,1.0,27
98,0,0,375,355,20,1.0,27
98,1,1,435,377,58,1.0,24
106,0,0,465,443,22,1.0,22
106,1,1,398,543,-145,0.0,21
114,0,0,531,370,161,1.0,24
114,1,1,387,529,-142,0.0,23
122,0,0,440,441,-1,0.0,23
122,1,1,433,416,17,1.0,21
130,0,0,396,338,58,1.0,24
130,1,1,537,440,97,1.0,27
138,0,0,454,381,73,1.0,24
138,1,1,411,485,-74,0.0,22
146,0,0,491,356,135,1.0,26
146,1,1,330,554,-224,0.0,21
154,0,0,495,397,98,1.0,25
154,1,1,508,399,109,1.0,24
162,0,0,541,326,215,1.0,27
162,1,1,391,442,-51,0.0,23
170,0,0,455,376,79,1.0,23
170,1,1,357,533,-176,0.0,21
178,0,0,412,526,-114,0.0,25
178,1,1,505,334,171,1.0,24
186,0,0,436,446,-10,0.0,22
186,1,1,313,606,-293,0.0,21
194,0,0,406,429,-23,0.0,29
194,1,1,413,427,-14,0.0,29
202,0,0,365,389,-24,0.0,26
202,1,1,464,380,84,1.0,20
210,0,0,439,419,20,1.0,30
210,1,1,463,355,108,1.0,26
218,0,0,356,469,-113,0.0,20
218,1,1,428,388,40,1.0,24
226,0,0,539,368,171,1.0,23
226,1,1,429,518,-89,0.0,23
234,0,0,460,426,34,1.0,25
234,1,1,405,420,-15,0.0,27
242,0,0,366,449,-83,0.0,23
242,1,1,410,345,65,1.0,26
250,0,0,456,388,68,1.0,24
250,1,1,299,440,-141,0.0,24
258,0,0,424,484,-60,0.0,23
258,1,1,436,364,72,1.0,22
266,0,0,428,482,-54,0.0,24
266,1,1,462,450,12,1.0,21
274,0,0,451,469,-18,0.0,25
274,1,1,319,468,-149,0.0,26
282,0,0,484,411,73,1.0,23
282,1,1,468,367,101,1.0,23
290,0,0,521,364,157,1.0,21
290,1,1,308,513,-205,0.0,23
298,0,0,482,361,121,1.0,24
298,1,1,457,430,27,1.0,23
306,0,0,312,422,-110,0.0,23
306,1,1,448,399,49,1.0,25
314,0,0,409,269,140,1.0,23
314,1,1,322,520,-198,0.0,22
322,0,0,523,344,179,1.0,22
322,1,1,394,435,-41,0.0,24
330,0,0,341,485,-144,0.0,23
330,1,1,527,336,191,1.0,22
338,0,0,411,444,-33,0.0,20
338,1,1,423,392,31,1.0,22
346,0,0,445,289,156,1.0,27
346,1,1,395,487,-92,0.0,22
354,0,0,457,442,15,1.0,25
354,1,1,364,511,-147,0.0,22
362,0,0,494,441,53,1.0,23
362,1,1,358,445,-87,0.0,26
370,0,0,524,350,174,1.0,29
370,1,1,351,525,-174,0.0,25
378,0,0,477,363,114,1.0,24
378,1,1,364,463,-99,0.0,31
386,0,0,473,434,39,1.0,26
386,1,1,377,426,-49,0.0,26
394,0,0,356,479,-123,0.0,23
394,1,1,375,385,-10,0.0,22
402,0,0,403,586,-183,0.0,20
402,1,1,475,397,78,1.0,22
410,0,0,389,456,-67,0.0,22
410,1,1,456,359,97,1.0,22
418,0,0,490,350,140,1.0,24
418,1,1,400,485,-85,0.0,25
426,0,0,467,307,160,1.0,25
426,1,1,466,369,97,1.0,25
434,0,0,494,527,-33,0.0,21
434,1,1,478,326,152,1.0,22
442,0,0,411,305,106,1.0,25
442,1,1,401,470,-69,0.0,25
450,0,0,420,375,45,1.0,23
450,1,1,353,385,-32,0.0,25
458,0,0,498,358,140,1.0,21
458,1,1,446,532,-86,0.0,22
466,0,0,429,380,49,1.0,25
466,1,1,413,385,28,1.0,22
474,0,0,423,389,34,1.0,21
474,1,1,407,380,27,1.0,23
482,0,0,391,367,24,1.0,27
482,1,1,472,400,72,1.0,24
490,0,0,447,393,54,1.0,22
490,1,1,289,493,-204,0.0,31
498,0,0,386,441,-55,0.0,25
498,1,1,382,372,10,1.0,26
506,0,0,390,464,-74,0.0,21
506,1,1,369,465,-96,0.0,24
514,0,0,336,428,-92,0.0,24
514,1,1,499,338,161,1.0,27
522,0,0,403,372,31,1.0,28
522,1,1,453,425,28,1.0,24
530,0,0,471,383,88,1.0,26
530,1,1,397,447,-50,0.0,23
538,0,0,453,422,31,1.0,21
538,1,1,446,422,24,1.0,26
546,0,0,476,390,86,1.0,29
546,1,1,342,409,-67,0.0,26
554,0,0,458,399,59,1.0,22
554,1,1,433,452,-19,0.0,22
562,0,0,456,420,36,1.0,26
562,1,1,465,379,86,1.0,22
570,0,0,408,404,4,1.0,24
570,1,1,417,507,-90,0.0,26
578,0,0,507,315,192,1.0,23
578,1,1,416,455,-39,0.0,21
586,0,0,461,382,79,1.0,24
586,1,1,396,457,-61,0.0,22
594,0,0,488,354,134,1.0,21
594,1,1,421,424,-3,0.0,28
602,0,0,443,451,-8,0.0,22
602,1,1,430,474,-44,0.0,22
610,0,0,452,367,85,1.0,22
610,1,1,348,462,-114,0.0,25
618,0,0,371,363,8,1.0,25
618,1,1,379,424,-45,0.0,27
626,0,0,475,358,117,1.0,25
626,1,1,345,413,-68,0.0,27
634,0,0,484,407,77,1.0,23
634,1,1,428,422,6,1.0,25
642,0,0,403,397,6,1.0,24
642,1,1,460,476,-16,0.0,23
650,0,0,422,377,45,1.0,25
650,1,1,336,356,-20,0.0,23
658,0,0,432,396,36,1.0,21
658,1,1,398,478,-80,0.0,21
666,0,0,469,367,102,1.0,22
666,1,1,455,391,64,1.0,22
674,0,0,494,446,48,1.0,23
674,1,1,477,473,4,1.0,24
682,0,0,484,435,49,1.0,24
682,1,1,408,307,101,1.0,29
690,0,0,490,387,103,1.0,22
690,1,1,445,451,-6,0.0,22
698,0,0,405,438,-33,0.0,25
698,1,1,436,399,37,1.0,24
706,0,0,402,453,-51,0.0,26
706,1,1,465,416,49,1.0,24
714,0,0,482,428,54,1.0,22
714,1,1,461,422,39,1.0,22
722,0,0,374,537,-163,0.0,24
722,1,1,415,370,45,1.0,22
730,0,0,368,423,-55,0.0,22
730,1,1,426,473,-47,0.0,22
738,0,0,458,347,111,1.0,24
738,1,1,337,482,-145,0.0,23
746,0,0,463,379,84,1.0,23
746,1,1,480,473,7,1.0,25
754,0,0,424,364,60,1.0,21
754,1,1,433,469,-36,0.0,24
762,0,0,407,492,-85,0.0,24
762,1,1,434,448,-14,0.0,22
770,0,0,323,436,-113,0.0,24
770,1,1,487,345,142,1.0,24
778,0,0,461,433,28,1.0,23
778,1,1,384,444,-60,0.0,24
786,0,0,498,426,72,1.0,25
786,1,1,370,382,-12,0.0,28
794,0,0,624,312,312,1.0,19
794,1,1,355,622,-267,0.0,21
802,0,0,428,317,111,1.0,25
802,1,1,396,474,-78,0.0,22
810,0,0,490,287,203,1.0,27
810,1,1,418,433,-15,0.0,23
818,0,0,381,521,-140,0.0,22
818,1,1,461,421,40,1.0,25
826,0,0,570,530,40,1.0,23
826,1,1,303,406,-103,0.0,25
834,0,0,424,335,89,1.0,24
834,1,1,333,578,-245,0.0,25
842,0,0,513,428,85,1.0,20
842,1,1,438,391,47,1.0,26
850,0,0,374,367,7,1.0,27
850,1,1,577,354,223,1.0,24
858,0,0,533,406,127,1.0,19
858,1,1,352,497,-145,0.0,27
866,0,0,391,379,12,1.0,24
866,1,1,400,490,-90,0.0,21
874,0,0,500,417,83,1.0,22
874,1,1,471,475,-4,0.0,23
882,0,0,370,475,-105,0.0,26
882,1,1,541,409,132,1.0,28
890,0,0,398,406,-8,0.0,24
890,1,1,474,419,55,1.0,24
898,0,0,567,436,131,1.0,23
898,1,1,411,449,-38,0.0,24
906,0,0,509,386,123,1.0,21
906,1,1,351,523,-172,0.0,26
914,0,0,438,373,65,1.0,27
914,1,1,466,450,16,1.0,24
922,0,0,317,487,-170,0.0,24
922,1,1,472,387,85,1.0,23
930,0,0,418,433,-15,0.0,23
930,1,1,340,376,-36,0.0,21
938,0,0,460,430,30,1.0,23
938,1,1,474,401,73,1.0,25
946,0,0,418,459,-41,0.0,21
946,1,1,500,406,94,1.0,23
954,0,0,374,466,-92,0.0,23
954,1,1,475,379,96,1.0,23
962,0,0,353,406,-53,0.0,23
962,1,1,393,348,45,1.0,24
970,0,0,455,403,52,1.0,26
970,1,1,432,422,10,1.0,21
978,0,0,397,487,-90,0.0,24
978,1,1,412,372,40,1.0,25
986,0,0,412,334,78,1.0,26
986,1,1,558,467,91,1.0,27
994,0,0,408,451,-43,0.0,25
994,1,1,477,397,80,1.0,24
1002,0,0,415,357,58,1.0,24
1002,1,1,364,440,-76,0.0,25
1010,0,0,504,346,158,1.0,21
1010,1,1,326,469,-143,0.0,23
1018,0,0,450,437,13,1.0,27
1018,1,1,354,542,-188,0.0,19
1026,0,0,412,427,-15,0.0,24
1026,1,1,436,411,25,1.0,25
1034,0,0,471,355,116,1.0,23
1034,1,1,359,500,-141,0.0,23
1042,0,0,539,422,117,1.0,23
1042,1,1,387,436,-49,0.0,24
1050,0,0,570,314,256,1.0,24
1050,1,1,363,492,-129,0.0,22
1058,0,0,398,414,-16,0.0,25
1058,1,1,487,374,113,1.0,25
1066,0,0,494,428,66,1.0,21
1066,1,1,407,396,11,1.0,22
1074,0,0,466,324,142,1.0,25
1074,1,1,502,379,123,1.0,30
1082,0,0,420,507,-87,0.0,27
1082,1,1,433,399,34,1.0,25
1090,0,0,335,501,-166,0.0,26
1090,1,1,523,378,145,1.0,20
1098,0,0,508,407,101,1.0,23
1098,1,1,419,433,-14,0.0,21
1106,0,0,538,419,119,1.0,21
1106,1,1,305,488,-183,0.0,25
1114,0,0,387,431,-44,0.0,22
1114,1,1,482,447,35,1.0,26
1122,0,0,381,433,-52,0.0,26
1122,1,1,537,369,168,1.0,22
1130,0,0,408,411,-3,0.0,23
1130,1,1,368,424,-56,0.0,27
1138,0,0,455,426,29,1.0,24
1138,1,1,415,423,-8,0.0,20
1146,0,0,407,360,47,1.0,27
1146,1,1,494,393,101,1.0,24
1154,0,0,495,419,76,1.0,24
1154,1,1,438,456,-18,0.0,23
1162,0,0,394,509,-115,0.0,24
1162,1,1,486,389,97,1.0,25
1170,0,0,403,429,-26,0.0,26
1170,1,1,460,378,82,1.0,25
1178,0,0,449,380,69,1.0,21
1178,1,1,419,501,-82,0.0,24
1186,0,0,352,555,-203,0.0,25
1186,1,1,518,443,75,1.0,22
1194,0,0,406,424,-18,0.0,26
1194,1,1,463,347,116,1.0,26
1202,0,0,436,367,69,1.0,24
1202,1,1,311,479,-168,0.0,23
1210,0,0,423,327,96,1.0,21
1210,1,1,470,463,7,1.0,22
1218,0,0,401,419,-18,0.0,25
1218,1,1,437,465,-28,0.0,25
1226,0,0,422,487,-65,0.0,19
1226,1,1,509,348,161,1.0,24
1234,0,0,467,417,50,1.0,18
1234,1,1,393,466,-73,0.0,20
1242,0,0,409,464,-55,0.0,25
1242,1,1,356,343,13,1.0,35
1250,0,0,423,507,-84,0.0,22
1250,1,1,412,437,-25,0.0,24
1258,0,0,476,363,113,1.0,23
1258,1,1,393,358,35,1.0,28
1266,0,0,458,401,57,1.0,19
1266,1,1,486,404,82,1.0,21
1274,0,0,452,432,20,1.0,26
1274,1,1,485,396,89,1.0,23
1282,0,0,485,427,58,1.0,21
1282,1,1,432,353,79,1.0,26
1290,0,0,411,360,51,1.0,22
1290,1,1,397,413,-16,0.0,23
1298,0,0,432,427,5,1.0,24
1298,1,1,421,372,49,1.0,24
1306,0,0,406,366,40,1.0,26
1306,1,1,419,389,30,1.0,24
1314,0,0,357,474,-117,0.0,24
1314,1,1,427,405,22,1.0,24
1322,0,0,429,374,55,1.0,22
1322,1,1,400,391,9,1.0,26
1330,0,0,409,480,-71,0.0,23
1330,1,1,474,532,-58,0.0,20
1338,0,0,531,368,163,1.0,23
1338,1,1,381,499,-118,0.0,25
1346,0,0,412,472,-60,0.0,24
1346,1,1,443,407,36,1.0,24
1354,0,0,348,447,-99,0.0,23
1354,1,1,430,413,17,1.0,23
1362,0,0,413,453,-40,0.0,23
1362,1,1,442,498,-56,0.0,21
1370,0,0,484,421,63,1.0,25
1370,1,1,491,454,37,1.0,25
1378,0,0,450,393,57,1.0,27
1378,1,1,301,491,-190,0.0,27
1386,0,0,568,327,241,1.0,22
1386,1,1,317,458,-141,0.0,31
1394,0,0,291,452,-161,0.0,22
1394,1,1,452,400,52,1.0,22
1402,0,0,396,492,-96,0.0,23
1402,1,1,467,454,13,1.0,24
1410,0,0,563,365,198,1.0,21
1410,1,1,369,472,-103,0.0,23
1418,0,0,449,297,152,1.0,23
1418,1,1,363,347,16,1.0,24
1426,0,0,399,513,-114,0.0,24
1426,1,1,423,387,36,1.0,24
1434,0,0,490,427,63,1.0,22
1434,1,1,409,432,-23,0.0,32
1442,0,0,381,496,-115,0.0,23
1442,1,1,488,338,150,1.0,22
1450,0,0,489,342,147,1.0,26
1450,1,1,302,505,-203,0.0,23
1458,0,0,492,434,58,1.0,21
1458,1,1,526,428,98,1.0,20
1466,0,0,446,470,-24,0.0,20
1466,1,1,396,476,-80,0.0,21
1474,0,0,453,416,37,1.0,28
1474,1,1,384,418,-34,0.0,27
1482,0,0,412,441,-29,0.0,24
1482,1,1,388,454,-66,0.0,26
1490,0,0,463,303,160,1.0,35
1490,1,1,523,417,106,1.0,23
1498,0,0,440,436,4,1.0,24
1498,1,1,434,415,19,1.0,24
1506,0,0,395,297,98,1.0,23
1506,1,1,428,397,31,1.0,24
1514,0,0,402,337,65,1.0,29
1514,1,1,352,493,-141,0.0,26
1522,0,0,398,537,-139,0.0,26
1522,1,1,464,355,109,1.0,24
1530,0,0,434,394,40,1.0,25
1530,1,1,416,448,-32,0.0,23
1538,0,0,359,394,-35,0.0,23
1538,1,1,318,432,-114,0.0,26
1546,0,0,434,356,78,1.0,24
1546,1,1,370,463,-93,0.0,24
1554,0,0,435,328,107,1.0,23
1554,1,1,427,406,21,1.0,23
1562,0,0,464,396,68,1.0,23
1562,1,1,414,436,-22,0.0,25
1570,0,0,538,421,117,1.0,19
1570,1,1,414,491,-77,0.0,23
1578,0,0,491,359,132,1.0,23
1578,1,1,355,497,-142,0.0,23
1586,0,0,443,398,45,1.0,25
1586,1,1,458,437,21,1.0,24
1594,0,0,405,423,-18,0.0,23
1594,1,1,318,446,-128,0.0,23
1602,0,0,357,375,-18,0.0,27
1602,1,1,445,401,44,1.0,30
1610,0,0,344,502,-158,0.0,22
1610,1,1,466,317,149,1.0,24
1618,0,0,430,413,17,1.0,22
1618,1,1,368,334,34,1.0,26
1626,0,0,444,410,34,1.0,22
1626,1,1,315,357,-42,0.0,27
1634,0,0,433,421,12,1.0,25
1634,1,1,538,384,154,1.0,26
1642,0,0,366,512,-146,0.0,26
1642,1,1,588,442,146,1.0,24
1650,0,0,517,333,184,1.0,29
1650,1,1,265,488,-223,0.0,23
1658,0,0,442,533,-91,0.0,27
1658,1,1,616,490,126,1.0,23
1666,0,0,487,437,50,1.0,24
1666,1,1,474,395,79,1.0,23
1674,0,0,426,430,-4,0.0,24
1674,1,1,484,321,163,1.0,22
1682,0,0,384,522,-138,0.0,20
1682,1,1,469,353,116,1.0,24
1690,0,0,413,503,-90,0.0,21
1690,1,1,472,374,98,1.0,24
1698,0,0,583,372,211,1.0,21
1698,1,1,409,386,23,1.0,21
1706,0,0,411,444,-33,0.0,24
1706,1,1,400,394,6,1.0,23
1714,0,0,434,429,5,1.0,26
1714,1,1,393,416,-23,0.0,23
1722,0,0,455,295,160,1.0,26
1722,1,1,413,464,-51,0.0,22
1730,0,0,496,413,83,1.0,26
1730,1,1,430,427,3,1.0,24
1738,0,0,509,407,102,1.0,24
1738,1,1,515,467,48,1.0,27
1746,0,0,456,466,-10,0.0,22
1746,1,1,345,406,-61,0.0,26
1754,0,0,347,422,-75,0.0,25
1754,1,1,497,366,131,1.0,23
1762,0,0,454,447,7,1.0,27
1762,1,1,354,474,-120,0.0,24
1770,0,0,308,432,-124,0.0,26
1770,1,1,421,362,59,1.0,22
1778,0,0,453,391,62,1.0,22
1778,1,1,370,506,-136,0.0,23
1786,0,0,453,297,156,1.0,21
1786,1,1,415,388,27,1.0,25
1794,0,0,398,437,-39,0.0,22
1794,1,1,426,506,-80,0.0,26
1802,0,0,423,404,19,1.0,23
1802,1,1,377,459,-82,0.0,22
1810,0,0,595,462,133,1.0,22
1810,1,1,453,470,-17,0.0,22
1818,0,0,404,372,32,1.0,27
1818,1,1,376,398,-22,0.0,26
1826,0,0,475,373,102,1.0,25
1826,1,1,410,494,-84,0.0,21
1834,0,0,395,435,-40,0.0,27
1834,1,1,591,297,294,1.0,22
1842,0,0,529,390,139,1.0,23
1842,1,1,411,410,1,1.0,25
1850,0,0,418,384,34,1.0,22
1850,1,1,462,312,150,1.0,28
1858,0,0,433,465,-32,0.0,24
1858,1,1,410,486,-76,0.0,23
1866,0,0,318,376,-58,0.0,26
1866,1,1,436,272,164,1.0,24
1874,0,0,486,496,-10,0.0,21
1874,1,1,510,388,122,1.0,22
1882,0,0,395,416,-21,0.0,23
1882,1,1,407,444,-37,0.0,28
1890,0,0,529,395,134,1.0,23
1890,1,1,317,431,-114,0.0,28
1898,0,0,532,431,101,1.0,22
1898,1,1,348,474,-126,0.0,25
1906,0,0,430,526,-96,0.0,24
1906,1,1,490,426,64,1.0,23
1914,0,0,430,385,45,1.0,22
1914,1,1,439,384,55,1.0,27
1922,0,0,382,351,31,1.0,25
1922,1,1,374,390,-16,0.0,23
1930,0,0,490,325,165,1.0,27
1930,1,1,321,434,-113,0.0,35
1938,0,0,510,375,135,1.0,22
1938,1,1,320,517,-197,0.0,26
1946,0,0,435,424,11,1.0,29
1946,1,1,372,438,-66,0.0,25
1954,0,0,333,414,-81,0.0,23
1954,1,1,472,400,72,1.0,21
1962,0,0,400,381,19,1.0,26
1962,1,1,432,435,-3,0.0,24
1970,0,0,449,357,92,1.0,30
1970,1,1,429,338,91,1.0,26
1978,0,0,442,372,70,1.0,23
1978,1,1,347,435,-88,0.0,24
1986,0,0,385,531,-146,0.0,23
1986,1,1,485,353,132,1.0,24
1994,0,0,436,399,37,1.0,25
1994,1,1,407,492,-85,0.0,23
pair,game,a_seat,a_score,b_score,a_spread,a_win,turns
3,0,0,513,447,66,1.0,25
3,1,1,298,681,-383,0.0,22
11,0,0,487,502,-15,0.0,19
11,1,1,386,489,-103,0.0,24
19,0,0,392,352,40,1.0,25
19,1,1,377,381,-4,0.0,24
27,0,0,399,366,33,1.0,26
27,1,1,522,373,149,1.0,23
35,0,0,436,418,18,1.0,23
35,1,1,484,351,133,1.0,23
43,0,0,457,385,72,1.0,21
43,1,1,487,397,90,1.0,21
51,0,0,372,478,-106,0.0,23
51,1,1,349,406,-57,0.0,23
59,0,0,438,475,-37,0.0,22
59,1,1,445,491,-46,0.0,20
67,0,0,485,408,77,1.0,23
67,1,1,392,480,-88,0.0,24
75,0,0,372,487,-115,0.0,23
75,1,1,492,423,69,1.0,24
83,0,0,364,455,-91,0.0,25
83,1,1,485,382,103,1.0,28
91,0,0,474,374,100,1.0,23
91,1,1,433,481,-48,0.0,23
99,0,0,389,376,13,1.0,24
99,1,1,366,423,-57,0.0,24
107,0,0,450,477,-27,0.0,23
107,1,1,402,444,-42,0.0,22
115,0,0,413,469,-56,0.0,25
115,1,1,501,397,104,1.0,24
123,0,0,407,410,-3,0.0,22
123,1,1,416,418,-2,0.0,21
131,0,0,419,422,-3,0.0,21
131,1,1,484,498,-14,0.0,23
139,0,0,437,345,92,1.0,23
139,1,1,482,392,90,1.0,23
147,0,0,332,409,-77,0.0,23
147,1,1,422,365,57,1.0,27
155,0,0,310,468,-158,0.0,23
155,1,1,493,363,130,1.0,21
163,0,0,302,435,-133,0.0,23
163,1,1,425,390,35,1.0,27
171,0,0,352,444,-92,0.0,25
171,1,1,359,382,-23,0.0,23
179,0,0,368,366,2,1.0,24
179,1,1,354,373,-19,0.0,24
187,0,0,325,484,-159,0.0,23
187,1,1,416,363,53,1.0,21
195,0,0,385,464,-79,0.0,26
195,1,1,373,455,-82,0.0,23
203,0,0,335,499,-164,0.0,24
203,1,1,368,513,-145,0.0,24
211,0,0,300,426,-126,0.0,23
211,1,1,389,457,-68,0.0,26
219,0,0,508,384,124,1.0,24
219,1,1,364,537,-173,0.0,22
227,0,0,417,434,-17,0.0,31
227,1,1,424,422,2,1.0,25
235,0,0,400,491,-91,0.0,25
235,1,1,401,488,-87,0.0,23
243,0,0,404,424,-20,0.0,27
243,1,1,590,384,206,1.0,21
251,0,0,400,429,-29,0.0,21
251,1,1,554,434,120,1.0,22
259,0,0,403,342,61,1.0,24
259,1,1,417,574,-157,0.0,24
267,0,0,361,425,-64,0.0,24
267,1,1,438,381,57,1.0,24
275,0,0,403,506,-103,0.0,23
275,1,1,419,396,23,1.0,25
283,0,0,425,454,-29,0.0,27
283,1,1,348,391,-43,0.0,22
291,0,0,486,335,151,1.0,24
291,1,1,422,498,-76,0.0,24
299,0,0,497,485,12,1.0,21
299,1,1,408,439,-31,0.0,25
307,0,0,351,386,-35,0.0,26
307,1,1,462,315,147,1.0,27
315,0,0,430,603,-173,0.0,24
315,1,1,519,314,205,1.0,21
323,0,0,533,447,86,1.0,23
323,1,1,401,467,-66,0.0,24
331,0,0,394,307,87,1.0,32
331,1,1,414,433,-19,0.0,24
339,0,0,411,389,22,1.0,23
339,1,1,492,395,97,1.0,24
347,0,0,394,369,25,1.0,29
347,1,1,434,422,12,1.0,23
355,0,0,413,371,42,1.0,23
355,1,1,410,466,-56,0.0,25
363,0,0,429,353,76,1.0,26
363,1,1,363,394,-31,0.0,27
371,0,0,447,396,51,1.0,25
371,1,1,439,361,78,1.0,27
379,0,0,452,457,-5,0.0,24
379,1,1,337,473,-136,0.0,23
387,0,0,453,415,38,1.0,21
387,1,1,533,359,174,1.0,21
395,0,0,383,474,-91,0.0,23
395,1,1,440,344,96,1.0,23
403,0,0,544,375,169,1.0,22
403,1,1,393,535,-142,0.0,25
411,0,0,365,561,-196,0.0,27
411,1,1,523,278,245,1.0,24
419,0,0,422,392,30,1.0,23
419,1,1,351,450,-99,0.0,25
427,0,0,386,365,21,1.0,25
427,1,1,428,384,44,1.0,27
435,0,0,418,378,40,1.0,22
435,1,1,451,437,14,1.0,22
443,0,0,520,349,171,1.0,23
443,1,1,411,345,66,1.0,27
451,0,0,445,445,0,0.5,23
451,1,1,496,402,94,1.0,25
459,0,0,392,415,-23,0.0,22
459,1,1,396,330,66,1.0,26
467,0,0,417,441,-24,0.0,23
467,1,1,533,432,101,1.0,23
475,0,0,414,475,-61,0.0,24
475,1,1,436,357,79,1.0,27
483,0,0,563,441,122,1.0,22
483,1,1,504,406,98,1.0,22
491,0,0,471,520,-49,0.0,21
491,1,1,451,457,-6,0.0,22
499,0,0,420,415,5,1.0,27
499,1,1,476,363,113,1.0,26
507,0,0,475,358,117,1.0,22
507,1,1,368,280,88,1.0,21
515,0,0,428,368,60,1.0,25
515,1,1,389,497,-108,0.0,24
523,0,0,425,344,81,1.0,24
523,1,1,425,368,57,1.0,23
531,0,0,411,479,-68,0.0,26
531,1,1,426,356,70,1.0,26
539,0,0,379,454,-75,0.0,24
539,1,1,496,383,113,1.0,22
547,0,0,377,418,-41,0.0,22
547,1,1,382,398,-16,0.0,22
555,0,0,384,492,-108,0.0,22
555,1,1,620,342,278,1.0,22
563,0,0,490,457,33,1.0,22
563,1,1,489,408,81,1.0,21
571,0,0,372,541,-169,0.0,20
571,1,1,396,488,-92,0.0,26
579,0,0,462,441,21,1.0,24
579,1,1,469,430,39,1.0,23
587,0,0,385,471,-86,0.0,24
587,1,1,428,325,103,1.0,22
595,0,0,479,468,11,1.0,24
595,1,1,456,367,89,1.0,25
603,0,0,433,419,14,1.0,22
603,1,1,435,454,-19,0.0,21
611,0,0,359,404,-45,0.0,23
611,1,1,471,451,20,1.0,24
619,0,0,369,452,-83,0.0,23
619,1,1,471,409,62,1.0,25
627,0,0,542,380,162,1.0,20
627,1,1,380,563,-183,0.0,24
635,0,0,428,449,-21,0.0,24
635,1,1,424,531,-107,0.0,24
643,0,0,527,346,181,1.0,22
643,1,1,373,494,-121,0.0,22
651,0,0,430,450,-20,0.0,23
651,1,1,486,400,86,1.0,23
659,0,0,403,382,21,1.0,20
659,1,1,520,383,137,1.0,25
667,0,0,456,448,8,1.0,20
667,1,1,391,395,-4,0.0,23
675,0,0,407,567,-160,0.0,21
675,1,1,479,447,32,1.0,22
683,0,0,474,467,7,1.0,25
683,1,1,462,437,25,1.0,24
691,0,0,423,380,43,1.0,29
691,1,1,403,380,23,1.0,24
699,0,0,429,450,-21,0.0,22
699,1,1,497,376,121,1.0,21
707,0,0,522,320,202,1.0,24
707,1,1,377,456,-79,0.0,21
715,0,0,443,430,13,1.0,25
715,1,1,400,443,-43,0.0,22
723,0,0,439,347,92,1.0,26
723,1,1,380,396,-16,0.0,23
731,0,0,349,448,-99,0.0,23
731,1,1,440,380,60,1.0,23
739,0,0,423,526,-103,0.0,23
739,1,1,445,429,16,1.0,21
747,0,0,485,309,176,1.0,24
747,1,1,487,403,84,1.0,23
755,0,0,338,465,-127,0.0,26
755,1,1,468,340,128,1.0,25
763,0,0,479,309,170,1.0,24
763,1,1,502,409,93,1.0,25
771,0,0,306,464,-158,0.0,23
771,1,1,499,360,139,1.0,26
779,0,0,430,458,-28,0.0,19
779,1,1,486,449,37,1.0,23
787,0,0,502,390,112,1.0,20
787,1,1,419,386,33,1.0,23
795,0,0,479,372,107,1.0,24
795,1,1,409,396,13,1.0,33
803,0,0,494,384,110,1.0,24
803,1,1,523,419,104,1.0,24
811,0,0,429,464,-35,0.0,25
811,1,1,443,423,20,1.0,23
819,0,0,388,454,-66,0.0,24
819,1,1,395,386,9,1.0,27
827,0,0,441,395,46,1.0,24
827,1,1,390,495,-105,0.0,24
835,0,0,433,318,115,1.0,27
835,1,1,352,466,-114,0.0,28
843,0,0,444,413,31,1.0,25
843,1,1,525,355,170,1.0,26
851,0,0,511,337,174,1.0,20
851,1,1,364,484,-120,0.0,22
859,0,0,429,344,85,1.0,25
859,1,1,343,489,-146,0.0,28
867,0,0,408,423,-15,0.0,27
867,1,1,430,523,-93,0.0,23
875,0,0,286,476,-190,0.0,26
875,1,1,531,360,171,1.0,21
883,0,0,415,401,14,1.0,23
883,1,1,444,437,7,1.0,23
891,0,0,391,467,-76,0.0,21
891,1,1,346,359,-13,0.0,26
899,0,0,424,411,13,1.0,24
899,1,1,426,415,11,1.0,22
907,0,0,498,376,122,1.0,24
907,1,1,354,401,-47,0.0,25
915,0,0,544,405,139,1.0,26
915,1,1,484,470,14,1.0,20
923,0,0,467,461,6,1.0,27
923,1,1,359,397,-38,0.0,25
931,0,0,351,411,-60,0.0,26
931,1,1,400,427,-27,0.0,24
939,0,0,476,364,112,1.0,26
939,1,1,406,436,-30,0.0,25
947,0,0,365,458,-93,0.0,27
947,1,1,365,540,-175,0.0,20
955,0,0,401,411,-10,0.0,24
955,1,1,452,483,-31,0.0,22
963,0,0,446,455,-9,0.0,23
963,1,1,585,391,194,1.0,22
971,0,0,416,432,-16,0.0,24
971,1,1,402,430,-28,0.0,23
979,0,0,337,575,-238,0.0,25
979,1,1,464,370,94,1.0,22
987,0,0,394,442,-48,0.0,23
987,1,1,501,424,77,1.0,25
995,0,0,358,456,-98,0.0,29
995,1,1,425,339,86,1.0,25
1003,0,0,380,406,-26,0.0,26
1003,1,1,383,346,37,1.0,23
1011,0,0,420,431,-11,0.0,25
1011,1,1,383,351,32,1.0,26
1019,0,0,355,414,-59,0.0,23
1019,1,1,406,410,-4,0.0,31
1027,0,0,552,373,179,1.0,20
1027,1,1,417,454,-37,0.0,22
1035,0,0,429,381,48,1.0,23
1035,1,1,384,428,-44,0.0,24
1043,0,0,252,462,-210,0.0,25
1043,1,1,409,419,-10,0.0,23
1051,0,0,389,420,-31,0.0,25
1051,1,1,374,449,-75,0.0,28
1059,0,0,452,353,99,1.0,24
1059,1,1,393,450,-57,0.0,29
1067,0,0,435,423,12,1.0,22
1067,1,1,527,397,130,1.0,24
1075,0,0,453,499,-46,0.0,23
1075,1,1,426,368,58,1.0,30
1083,0,0,363,392,-29,0.0,25
1083,1,1,396,281,115,1.0,32
1091,0,0,514,512,2,1.0,22
1091,1,1,468,370,98,1.0,24
1099,0,0,423,415,8,1.0,25
1099,1,1,442,459,-17,0.0,23
1107,0,0,506,477,29,1.0,24
1107,1,1,487,543,-56,0.0,22
1115,0,0,362,453,-91,0.0,23
1115,1,1,357,445,-88,0.0,23
1123,0,0,408,405,3,1.0,23
1123,1,1,433,432,1,1.0,24
1131,0,0,423,498,-75,0.0,23
1131,1,1,502,357,145,1.0,23
1139,0,0,463,417,46,1.0,24
1139,1,1,559,408,151,1.0,23
1147,0,0,309,516,-207,0.0,31
1147,1,1,420,392,28,1.0,21
1155,0,0,447,409,38,1.0,22
1155,1,1,449,391,58,1.0,24
1163,0,0,457,360,97,1.0,30
1163,1,1,365,428,-63,0.0,25
1171,0,0,393,405,-12,0.0,27
1171,1,1,376,353,23,1.0,26
1179,0,0,529,484,45,1.0,23
1179,1,1,548,376,172,1.0,27
1187,0,0,368,397,-29,0.0,25
1187,1,1,403,366,37,1.0,24
1195,0,0,395,439,-44,0.0,24
1195,1,1,491,369,122,1.0,24
1203,0,0,504,459,45,1.0,22
1203,1,1,501,374,127,1.0,22
1211,0,0,345,476,-131,0.0,24
1211,1,1,509,409,100,1.0,23
1219,0,0,425,405,20,1.0,22
1219,1,1,524,340,184,1.0,31
1227,0,0,351,532,-181,0.0,24
1227,1,1,483,365,118,1.0,24
1235,0,0,406,542,-136,0.0,25
1235,1,1,437,414,23,1.0,21
1243,0,0,482,421,61,1.0,27
1243,1,1,522,397,125,1.0,22
1251,0,0,437,318,119,1.0,22
1251,1,1,377,423,-46,0.0,26
1259,0,0,276,560,-284,0.0,23
1259,1,1,466,322,144,1.0,26
1267,0,0,333,452,-119,0.0,25
1267,1,1,412,362,50,1.0,24
1275,0,0,435,460,-25,0.0,23
1275,1,1,443,438,5,1.0,23
1283,0,0,442,344,98,1.0,25
1283,1,1,423,425,-2,0.0,22
1291,0,0,433,414,19,1.0,25
1291,1,1,413,413,0,0.5,23
1299,0,0,452,355,97,1.0,19
1299,1,1,421,449,-28,0.0,22
1307,0,0,466,421,45,1.0,25
1307,1,1,428,477,-49,0.0,24
1315,0,0,394,436,-42,0.0,26
1315,1,1,448,452,-4,0.0,21
1323,0,0,475,441,34,1.0,21
1323,1,1,470,486,-16,0.0,23
1331,0,0,358,489,-131,0.0,23
1331,1,1,387,502,-115,0.0,24
1339,0,0,406,413,-7,0.0,28
1339,1,1,401,403,-2,0.0,24
1347,0,0,395,340,55,1.0,27
1347,1,1,430,419,11,1.0,24
1355,0,0,386,463,-77,0.0,25
1355,1,1,432,434,-2,0.0,23
1363,0,0,496,395,101,1.0,22
1363,1,1,478,456,22,1.0,24
1371,0,0,419,519,-100,0.0,22
1371,1,1,555,405,150,1.0,24
1379,0,0,388,522,-134,0.0,24
1379,1,1,445,325,120,1.0,25
1387,0,0,429,490,-61,0.0,22
1387,1,1,480,521,-41,0.0,22
1395,0,0,521,475,46,1.0,20
1395,1,1,569,434,135,1.0,22
1403,0,0,368,554,-186,0.0,21
1403,1,1,486,497,-11,0.0,22
1411,0,0,428,421,7,1.0,20
1411,1,1,514,396,118,1.0,23
1419,0,0,342,458,-116,0.0,24
1419,1,1,461,294,167,1.0,25
1427,0,0,433,439,-6,0.0,23
1427,1,1,566,342,224,1.0,23
1435,0,0,354,430,-76,0.0,25
1435,1,1,470,308,162,1.0,27
1443,0,0,361,514,-153,0.0,21
1443,1,1,501,372,129,1.0,21
1451,0,0,444,402,42,1.0,25
1451,1,1,429,374,55,1.0,24
1459,0,0,404,389,15,1.0,21
1459,1,1,407,511,-104,0.0,23
1467,0,0,390,438,-48,0.0,25
1467,1,1,390,395,-5,0.0,25
1475,0,0,487,424,63,1.0,20
1475,1,1,499,379,120,1.0,22
1483,0,0,485,338,147,1.0,22
1483,1,1,339,553,-214,0.0,24
1491,0,0,471,386,85,1.0,22
1491,1,1,526,395,131,1.0,21
1499,0,0,382,518,-136,0.0,25
1499,1,1,516,369,147,1.0,24
1507,0,0,486,384,102,1.0,26
1507,1,1,381,492,-111,0.0,25
1515,0,0,422,438,-16,0.0,24
1515,1,1,455,484,-29,0.0,22
1523,0,0,340,463,-123,0.0,25
1523,1,1,390,314,76,1.0,24
1531,0,0,445,436,9,1.0,23
1531,1,1,407,431,-24,0.0,33
1539,0,0,508,409,99,1.0,21
1539,1,1,416,463,-47,0.0,20
1547,0,0,334,369,-35,0.0,24
1547,1,1,348,463,-115,0.0,25
1555,0,0,440,449,-9,0.0,21
1555,1,1,414,544,-130,0.0,21
1563,0,0,422,397,25,1.0,22
1563,1,1,477,367,110,1.0,26
1571,0,0,349,456,-107,0.0,23
1571,1,1,506,393,113,1.0,21
1579,0,0,328,432,-104,0.0,27
1579,1,1,386,344,42,1.0,24
1587,0,0,491,338,153,1.0,22
1587,1,1,429,440,-11,0.0,24
1595,0,0,378,556,-178,0.0,21
1595,1,1,428,549,-121,0.0,24
1603,0,0,507,449,58,1.0,26
1603,1,1,423,416,7,1.0,21
1611,0,0,452,394,58,1.0,22
1611,1,1,396,353,43,1.0,24
1619,0,0,426,491,-65,0.0,22
1619,1,1,410,417,-7,0.0,21
1627,0,0,356,355,1,1.0,24
1627,1,1,413,448,-35,0.0,24
1635,0,0,411,471,-60,0.0,25
1635,1,1,462,384,78,1.0,23
1643,0,0,407,406,1,1.0,25
1643,1,1,395,452,-57,0.0,22
1651,0,0,372,460,-88,0.0,25
1651,1,1,469,378,91,1.0,21
1659,0,0,467,327,140,1.0,23
1659,1,1,379,474,-95,0.0,24
1667,0,0,359,457,-98,0.0,25
1667,1,1,515,287,228,1.0,23
1675,0,0,356,470,-114,0.0,25
1675,1,1,409,452,-43,0.0,23
1683,0,0,404,339,65,1.0,23
1683,1,1,419,440,-21,0.0,25
1691,0,0,443,491,-48,0.0,22
1691,1,1,442,453,-11,0.0,18
1699,0,0,359,453,-94,0.0,20
1699,1,1,361,435,-74,0.0,22
1707,0,0,377,423,-46,0.0,26
1707,1,1,443,327,116,1.0,25
1715,0,0,338,557,-219,0.0,21
1715,1,1,417,469,-52,0.0,24
1723,0,0,388,408,-20,0.0,24
1723,1,1,342,456,-114,0.0,27
1731,0,0,472,431,41,1.0,21
1731,1,1,495,392,103,1.0,24
1739,0,0,304,525,-221,0.0,27
1739,1,1,435,492,-57,0.0,24
1747,0,0,436,495,-59,0.0,24
1747,1,1,432,400,32,1.0,22
1755,0,0,430,510,-80,0.0,21
1755,1,1,386,393,-7,0.0,23
1763,0,0,400,315,85,1.0,25
1763,1,1,378,381,-3,0.0,24
1771,0,0,392,445,-53,0.0,23
1771,1,1,483,402,81,1.0,22
1779,0,0,319,443,-124,0.0,30
1779,1,1,529,376,153,1.0,28
1787,0,0,449,325,124,1.0,24
1787,1,1,386,454,-68,0.0,22
1795,0,0,409,499,-90,0.0,25
1795,1,1,500,368,132,1.0,23
1803,0,0,381,456,-75,0.0,23
1803,1,1,459,432,27,1.0,24
1811,0,0,503,460,43,1.0,20
1811,1,1,485,373,112,1.0,21
1819,0,0,347,377,-30,0.0,22
1819,1,1,436,368,68,1.0,26
1827,0,0,401,418,-17,0.0,25
1827,1,1,413,420,-7,0.0,24
1835,0,0,466,482,-16,0.0,23
1835,1,1,563,449,114,1.0,21
1843,0,0,309,475,-166,0.0,27
1843,1,1,331,356,-25,0.0,25
1851,0,0,281,498,-217,0.0,25
1851,1,1,420,363,57,1.0,25
1859,0,0,505,352,153,1.0,22
1859,1,1,413,415,-2,0.0,25
1867,0,0,500,378,122,1.0,21
1867,1,1,343,474,-131,0.0,23
1875,0,0,388,419,-31,0.0,22
1875,1,1,513,369,144,1.0,20
1883,0,0,367,545,-178,0.0,23
1883,1,1,460,382,78,1.0,27
1891,0,0,415,341,74,1.0,22
1891,1,1,392,397,-5,0.0,23
1899,0,0,528,391,137,1.0,23
1899,1,1,467,438,29,1.0,23
1907,0,0,432,403,29,1.0,28
1907,1,1,399,415,-16,0.0,23
1915,0,0,424,431,-7,0.0,21
1915,1,1,476,345,131,1.0,24
1923,0,0,439,370,69,1.0,24
1923,1,1,331,432,-101,0.0,21
1931,0,0,449,425,24,1.0,20
1931,1,1,334,421,-87,0.0,24
1939,0,0,378,429,-51,0.0,26
1939,1,1,469,387,82,1.0,29
1947,0,0,413,372,41,1.0,25
1947,1,1,377,513,-136,0.0,24
1955,0,0,452,417,35,1.0,21
1955,1,1,374,395,-21,0.0,25
1963,0,0,360,423,-63,0.0,24
1963,1,1,477,502,-25,0.0,20
1971,0,0,436,502,-66,0.0,23
1971,1,1,451,373,78,1.0,22
1979,0,0,411,470,-59,0.0,21
1979,1,1,526,502,24,1.0,21
1987,0,0,445,434,11,1.0,23
1987,1,1,386,539,-153,0.0,25
1995,0,0,394,485,-91,0.0,23
1995,1,1,485,558,-73,0.0,22
pair,game,a_seat,a_score,b_score,a_spread,a_win,turns
4,0,0,439,460,-21,0.0,25
4,1,1,396,378,18,1.0,24
12,0,0,398,422,-24,0.0,19
12,1,1,409,461,-52,0.0,25
20,0,0,422,426,-4,0.0,23
20,1,1,463,435,28,1.0,23
28,0,0,307,484,-177,0.0,24
28,1,1,451,377,74,1.0,23
36,0,0,448,501,-53,0.0,27
36,1,1,532,412,120,1.0,22
44,0,0,478,396,82,1.0,23
44,1,1,364,482,-118,0.0,26
52,0,0,404,393,11,1.0,24
52,1,1,500,351,149,1.0,23
60,0,0,412,443,-31,0.0,23
60,1,1,451,319,132,1.0,22
68,0,0,432,357,75,1.0,24
68,1,1,337,442,-105,0.0,25
76,0,0,348,489,-141,0.0,24
76,1,1,476,416,60,1.0,22
84,0,0,383,478,-95,0.0,21
84,1,1,447,372,75,1.0,26
92,0,0,385,396,-11,0.0,23
92,1,1,485,423,62,1.0,24
100,0,0,453,393,60,1.0,23
100,1,1,417,357,60,1.0,23
108,0,0,406,465,-59,0.0,25
108,1,1,457,346,111,1.0,25
116,0,0,458,409,49,1.0,21
116,1,1,384,404,-20,0.0,20
124,0,0,416,510,-94,0.0,22
124,1,1,491,499,-8,0.0,23
132,0,0,380,448,-68,0.0,26
132,1,1,403,500,-97,0.0,26
140,0,0,468,400,68,1.0,23
140,1,1,409,484,-75,0.0,24
148,0,0,345,516,-171,0.0,26
148,1,1,568,342,226,1.0,23
156,0,0,468,448,20,1.0,22
156,1,1,488,417,71,1.0,24
164,0,0,432,409,23,1.0,21
164,1,1,429,480,-51,0.0,26
172,0,0,459,473,-14,0.0,19
172,1,1,451,496,-45,0.0,19
180,0,0,475,399,76,1.0,23
180,1,1,367,476,-109,0.0,23
188,0,0,413,461,-48,0.0,23
188,1,1,501,393,108,1.0,22
196,0,0,375,450,-75,0.0,21
196,1,1,343,590,-247,0.0,21
204,0,0,471,452,19,1.0,21
204,1,1,497,474,23,1.0,20
212,0,0,396,381,15,1.0,29
212,1,1,480,493,-13,0.0,26
220,0,0,429,412,17,1.0,25
220,1,1,356,548,-192,0.0,24
228,0,0,490,356,134,1.0,23
228,1,1,390,536,-146,0.0,22
236,0,0,437,372,65,1.0,21
236,1,1,389,393,-4,0.0,24
244,0,0,550,419,131,1.0,23
244,1,1,434,457,-23,0.0,24
252,0,0,459,323,136,1.0,29
252,1,1,460,495,-35,0.0,22
260,0,0,440,441,-1,0.0,22
260,1,1,491,401,90,1.0,22
268,0,0,375,426,-51,0.0,24
268,1,1,443,372,71,1.0,22
276,0,0,480,445,35,1.0,20
276,1,1,397,458,-61,0.0,20
284,0,0,480,352,128,1.0,25
284,1,1,364,451,-87,0.0,29
292,0,0,451,410,41,1.0,25
292,1,1,429,458,-29,0.0,25
300,0,0,532,423,109,1.0,25
300,1,1,444,447,-3,0.0,27
308,0,0,374,453,-79,0.0,23
308,1,1,395,497,-102,0.0,19
316,0,0,470,445,25,1.0,23
316,1,1,424,545,-121,0.0,21
324,0,0,383,311,72,1.0,26
324,1,1,389,444,-55,0.0,24
332,0,0,442,428,14,1.0,22
332,1,1,412,361,51,1.0,22
340,0,0,368,415,-47,0.0,26
340,1,1,476,300,176,1.0,23
348,0,0,481,400,81,1.0,23
348,1,1,401,442,-41,0.0,22
356,0,0,388,349,39,1.0,25
356,1,1,493,324,169,1.0,25
364,0,0,419,431,-12,0.0,27
364,1,1,364,534,-170,0.0,25
372,0,0,334,342,-8,0.0,29
372,1,1,366,427,-61,0.0,25
380,0,0,338,475,-137,0.0,31
380,1,1,414,411,3,1.0,23
388,0,0,402,374,28,1.0,22
388,1,1,453,520,-67,0.0,23
396,0,0,524,314,210,1.0,23
396,1,1,343,492,-149,0.0,24
404,0,0,471,417,54,1.0,23
404,1,1,528,466,62,1.0,24
412,0,0,461,290,171,1.0,27
412,1,1,338,459,-121,0.0,29
420,0,0,426,370,56,1.0,24
420,1,1,357,393,-36,0.0,25
428,0,0,566,331,235,1.0,25
428,1,1,350,427,-77,0.0,23
436,0,0,483,385,98,1.0,23
436,1,1,361,358,3,1.0,23
444,0,0,391,360,31,1.0,23
444,1,1,369,351,18,1.0,24
452,0,0,559,397,162,1.0,21
452,1,1,396,409,-13,0.0,24
460,0,0,401,367,34,1.0,23
460,1,1,493,432,61,1.0,23
468,0,0,392,388,4,1.0,27
468,1,1,388,396,-8,0.0,30
476,0,0,421,352,69,1.0,25
476,1,1,309,372,-63,0.0,25
484,0,0,451,355,96,1.0,22
484,1,1,374,425,-51,0.0,29
492,0,0,562,340,222,1.0,21
492,1,1,314,530,-216,0.0,21
500,0,0,371,449,-78,0.0,22
500,1,1,388,464,-76,0.0,23
508,0,0,429,407,22,1.0,29
508,1,1,352,424,-72,0.0,26
516,0,0,380,457,-77,0.0,26
516,1,1,385,430,-45,0.0,24
524,0,0,391,346,45,1.0,27
524,1,1,374,513,-139,0.0,22
532,0,0,372,455,-83,0.0,20
532,1,1,475,412,63,1.0,18
540,0,0,437,388,49,1.0,19
540,1,1,429,496,-67,0.0,26
548,0,0,374,507,-133,0.0,24
548,1,1,455,397,58,1.0,27
556,0,0,419,366,53,1.0,24
556,1,1,329,530,-201,0.0,21
564,0,0,360,426,-66,0.0,22
564,1,1,369,381,-12,0.0,29
572,0,0,575,339,236,1.0,21
572,1,1,307,423,-116,0.0,27
580,0,0,399,432,-33,0.0,25
580,1,1,415,347,68,1.0,24
588,0,0,501,350,151,1.0,21
588,1,1,365,506,-141,0.0,22
596,0,0,488,362,126,1.0,27
596,1,1,333,379,-46,0.0,28
604,0,0,416,491,-75,0.0,25
604,1,1,425,357,68,1.0,26
612,0,0,497,411,86,1.0,25
612,1,1,451,487,-36,0.0,23
620,0,0,491,370,121,1.0,26
620,1,1,417,445,-28,0.0,27
628,0,0,487,401,86,1.0,21
628,1,1,537,431,106,1.0,18
636,0,0,496,438,58,1.0,23
636,1,1,392,349,43,1.0,27
644,0,0,490,367,123,1.0,26
644,1,1,423,425,-2,0.0,26
652,0,0,426,352,74,1.0,24
652,1,1,330,486,-156,0.0,30
660,0,0,439,341,98,1.0,21
660,1,1,407,520,-113,0.0,24
668,0,0,400,371,29,1.0,27
668,1,1,458,364,94,1.0,21
676,0,0,428,445,-17,0.0,25
676,1,1,432,414,18,1.0,24
684,0,0,328,520,-192,0.0,25
684,1,1,500,326,174,1.0,24
692,0,0,517,431,86,1.0,23
692,1,1,424,428,-4,0.0,21
700,0,0,372,407,-35,0.0,28
700,1,1,425,366,59,1.0,24
708,0,0,547,337,210,1.0,21
708,1,1,446,473,-27,0.0,21
716,0,0,498,369,129,1.0,28
716,1,1,437,389,48,1.0,22
724,0,0,517,475,42,1.0,25
724,1,1,421,496,-75,0.0,26
732,0,0,381,429,-48,0.0,20
732,1,1,392,381,11,1.0,24
740,0,0,436,518,-82,0.0,22
740,1,1,446,446,0,0.5,23
748,0,0,508,411,97,1.0,24
748,1,1,410,448,-38,0.0,26
756,0,0,494,291,203,1.0,26
756,1,1,462,506,-44,0.0,22
764,0,0,461,387,74,1.0,25
764,1,1,403,348,55,1.0,21
772,0,0,420,411,9,1.0,34
772,1,1,438,470,-32,0.0,24
780,0,0,524,360,164,1.0,23
780,1,1,329,541,-212,0.0,24
788,0,0,465,449,16,1.0,25
788,1,1,414,430,-16,0.0,24
796,0,0,483,369,114,1.0,21
796,1,1,328,508,-180,0.0,23
804,0,0,488,442,46,1.0,26
804,1,1,445,511,-66,0.0,19
812,0,0,517,474,43,1.0,25
812,1,1,453,467,-14,0.0,23
820,0,0,455,461,-6,0.0,21
820,1,1,510,436,74,1.0,24
828,0,0,521,447,74,1.0,20
828,1,1,575,473,102,1.0,22
836,0,0,497,421,76,1.0,25
836,1,1,405,413,-8,0.0,25
844,0,0,340,441,-101,0.0,26
844,1,1,420,524,-104,0.0,22
852,0,0,412,443,-31,0.0,23
852,1,1,476,394,82,1.0,25
860,0,0,474,435,39,1.0,20
860,1,1,450,535,-85,0.0,23
868,0,0,483,403,80,1.0,23
868,1,1,359,445,-86,0.0,20
876,0,0,405,388,17,1.0,26
876,1,1,399,386,13,1.0,27
884,0,0,359,458,-99,0.0,23
884,1,1,500,383,117,1.0,22
892,0,0,421,465,-44,0.0,23
892,1,1,420,412,8,1.0,21
900,0,0,455,323,132,1.0,22
900,1,1,432,378,54,1.0,23
908,0,0,485,333,152,1.0,22
908,1,1,397,464,-67,0.0,27
916,0,0,404,402,2,1.0,25
916,1,1,432,415,17,1.0,22
924,0,0,545,352,193,1.0,22
924,1,1,375,469,-94,0.0,23
932,0,0,496,434,62,1.0,24
932,1,1,393,441,-48,0.0,24
940,0,0,468,437,31,1.0,24
940,1,1,357,404,-47,0.0,26
948,0,0,428,358,70,1.0,26
948,1,1,391,452,-61,0.0,21
956,0,0,466,389,77,1.0,23
956,1,1,443,368,75,1.0,26
964,0,0,445,376,69,1.0,24
964,1,1,435,469,-34,0.0,24
972,0,0,473,440,33,1.0,24
972,1,1,424,401,23,1.0,28
980,0,0,365,439,-74,0.0,26
980,1,1,410,439,-29,0.0,21
988,0,0,485,375,110,1.0,22
988,1,1,370,430,-60,0.0,23
996,0,0,482,455,27,1.0,22
996,1,1,408,399,9,1.0,24
1004,0,0,401,484,-83,0.0,23
1004,1,1,462,399,63,1.0,24
1012,0,0,463,456,7,1.0,22
1012,1,1,391,397,-6,0.0,24
1020,0,0,406,298,108,1.0,23
1020,1,1,427,375,52,1.0,23
1028,0,0,501,331,170,1.0,17
1028,1,1,448,424,24,1.0,20
1036,0,0,412,395,17,1.0,23
1036,1,1,499,398,101,1.0,22
1044,0,0,520,295,225,1.0,24
1044,1,1,390,479,-89,0.0,24
1052,0,0,443,415,28,1.0,21
1052,1,1,342,543,-201,0.0,25
1060,0,0,372,433,-61,0.0,22
1060,1,1,401,386,15,1.0,22
1068,0,0,513,391,122,1.0,25
1068,1,1,382,449,-67,0.0,29
1076,0,0,389,393,-4,0.0,23
1076,1,1,506,314,192,1.0,27
1084,0,0,482,312,170,1.0,30
1084,1,1,440,381,59,1.0,27
1092,0,0,427,358,69,1.0,28
1092,1,1,356,490,-134,0.0,30
1100,0,0,416,438,-22,0.0,25
1100,1,1,375,498,-123,0.0,23
1108,0,0,527,508,19,1.0,21
1108,1,1,444,394,50,1.0,21
1116,0,0,515,341,174,1.0,24
1116,1,1,382,373,9,1.0,26
1124,0,0,469,466,3,1.0,23
1124,1,1,419,448,-29,0.0,22
1132,0,0,455,433,22,1.0,22
1132,1,1,372,404,-32,0.0,25
1140,0,0,401,394,7,1.0,24
1140,1,1,358,440,-82,0.0,21
1148,0,0,383,430,-47,0.0,28
1148,1,1,539,391,148,1.0,22
1156,0,0,496,379,117,1.0,25
1156,1,1,333,501,-168,0.0,25
1164,0,0,410,457,-47,0.0,22
1164,1,1,398,479,-81,0.0,24
1172,0,0,449,373,76,1.0,23
1172,1,1,337,449,-112,0.0,24
1180,0,0,506,422,84,1.0,20
1180,1,1,463,442,21,1.0,22
1188,0,0,464,446,18,1.0,24
1188,1,1,439,429,10,1.0,22
1196,0,0,530,448,82,1.0,23
1196,1,1,423,452,-29,0.0,22
1204,0,0,465,359,106,1.0,23
1204,1,1,487,396,91,1.0,24
1212,0,0,407,377,30,1.0,28
1212,1,1,501,405,96,1.0,23
1220,0,0,491,418,73,1.0,21
1220,1,1,421,539,-118,0.0,23
1228,0,0,510,393,117,1.0,25
1228,1,1,305,496,-191,0.0,23
1236,0,0,489,457,32,1.0,23
1236,1,1,427,458,-31,0.0,25
1244,0,0,294,448,-154,0.0,28
1244,1,1,430,410,20,1.0,25
1252,0,0,340,451,-111,0.0,25
1252,1,1,461,336,125,1.0,24
1260,0,0,501,388,113,1.0,22
1260,1,1,470,426,44,1.0,22
1268,0,0,370,532,-162,0.0,24
1268,1,1,463,489,-26,0.0,22
1276,0,0,401,385,16,1.0,24
1276,1,1,455,425,30,1.0,22
1284,0,0,417,508,-91,0.0,24
1284,1,1,392,419,-27,0.0,25
1292,0,0,541,347,194,1.0,21
1292,1,1,364,502,-138,0.0,25
1300,0,0,448,465,-17,0.0,21
1300,1,1,466,460,6,1.0,20
1308,0,0,443,405,38,1.0,23
1308,1,1,389,495,-106,0.0,22
1316,0,0,547,409,138,1.0,21
1316,1,1,317,511,-194,0.0,23
1324,0,0,401,475,-74,0.0,24
1324,1,1,474,466,8,1.0,22
1332,0,0,365,390,-25,0.0,28
1332,1,1,238,489,-251,0.0,25
1340,0,0,419,413,6,1.0,23
1340,1,1,446,459,-13,0.0,27
1348,0,0,554,353,201,1.0,28
1348,1,1,421,501,-80,0.0,25
1356,0,0,423,392,31,1.0,26
1356,1,1,404,472,-68,0.0,22
1364,0,0,355,458,-103,0.0,23
1364,1,1,422,360,62,1.0,26
1372,0,0,467,385,82,1.0,22
1372,1,1,417,489,-72,0.0,22
1380,0,0,395,491,-96,0.0,24
1380,1,1,416,391,25,1.0,26
1388,0,0,386,328,58,1.0,24
1388,1,1,415,444,-29,0.0,25
1396,0,0,356,418,-62,0.0,23
1396,1,1,398,386,12,1.0,25
1404,0,0,449,389,60,1.0,21
1404,1,1,332,405,-73,0.0,25
1412,0,0,560,359,201,1.0,26
1412,1,1,346,452,-106,0.0,22
1420,0,0,432,434,-2,0.0,24
1420,1,1,348,457,-109,0.0,29
1428,0,0,397,446,-49,0.0,25
1428,1,1,378,431,-53,0.0,22
1436,0,0,450,304,146,1.0,25
1436,1,1,348,529,-181,0.0,24
1444,0,0,386,368,18,1.0,26
1444,1,1,394,453,-59,0.0,23
1452,0,0,360,429,-69,0.0,24
1452,1,1,452,396,56,1.0,22
1460,0,0,495,333,162,1.0,26
1460,1,1,393,469,-76,0.0,24
1468,0,0,421,425,-4,0.0,21
1468,1,1,567,383,184,1.0,26
1476,0,0,365,352,13,1.0,26
1476,1,1,433,353,80,1.0,25
1484,0,0,423,448,-25,0.0,24
1484,1,1,468,419,49,1.0,22
1492,0,0,488,379,109,1.0,26
1492,1,1,401,467,-66,0.0,22
1500,0,0,413,393,20,1.0,23
1500,1,1,385,458,-73,0.0,21
1508,0,0,387,361,26,1.0,28
1508,1,1,470,374,96,1.0,25
1516,0,0,482,430,52,1.0,21
1516,1,1,323,499,-176,0.0,21
1524,0,0,465,403,62,1.0,23
1524,1,1,576,386,190,1.0,27
1532,0,0,383,504,-121,0.0,22
1532,1,1,434,370,64,1.0,23
1540,0,0,490,350,140,1.0,24
1540,1,1,390,453,-63,0.0,23
1548,0,0,425,444,-19,0.0,22
1548,1,1,416,347,69,1.0,28
1556,0,0,321,410,-89,0.0,26
1556,1,1,448,399,49,1.0,25
1564,0,0,428,410,18,1.0,25
1564,1,1,411,390,21,1.0,25
1572,0,0,555,374,181,1.0,23
1572,1,1,390,491,-101,0.0,27
1580,0,0,433,414,19,1.0,22
1580,1,1,386,386,0,0.5,23
1588,0,0,477,439,38,1.0,24
1588,1,1,435,423,12,1.0,22
1596,0,0,364,497,-133,0.0,24
1596,1,1,427,391,36,1.0,25
1604,0,0,423,482,-59,0.0,22
1604,1,1,530,507,23,1.0,20
1612,0,0,452,427,25,1.0,25
1612,1,1,365,413,-48,0.0,25
1620,0,0,396,420,-24,0.0,22
1620,1,1,427,396,31,1.0,23
1628,0,0,363,436,-73,0.0,25
1628,1,1,320,377,-57,0.0,27
1636,0,0,500,301,199,1.0,22
1636,1,1,334,447,-113,0.0,28
1644,0,0,413,477,-64,0.0,24
1644,1,1,369,393,-24,0.0,27
1652,0,0,342,481,-139,0.0,27
1652,1,1,410,350,60,1.0,22
1660,0,0,440,402,38,1.0,24
1660,1,1,430,416,14,1.0,22
1668,0,0,446,385,61,1.0,25
1668,1,1,410,411,-1,0.0,28
1676,0,0,357,418,-61,0.0,24
1676,1,1,403,331,72,1.0,24
1684,0,0,450,412,38,1.0,23
1684,1,1,476,373,103,1.0,24
1692,0,0,428,459,-31,0.0,23
1692,1,1,554,382,172,1.0,22
1700,0,0,533,333,200,1.0,23
1700,1,1,367,505,-138,0.0,23
1708,0,0,343,402,-59,0.0,23
1708,1,1,291,479,-188,0.0,23
1716,0,0,462,370,92,1.0,23
1716,1,1,337,403,-66,0.0,25
1724,0,0,459,373,86,1.0,27
1724,1,1,483,405,78,1.0,23
1732,0,0,463,379,84,1.0,27
1732,1,1,534,374,160,1.0,24
1740,0,0,424,431,-7,0.0,21
1740,1,1,386,440,-54,0.0,22
1748,0,0,571,395,176,1.0,27
1748,1,1,586,458,128,1.0,23
1756,0,0,432,366,66,1.0,25
1756,1,1,387,330,57,1.0,23
1764,0,0,415,364,51,1.0,23
1764,1,1,445,390,55,1.0,23
1772,0,0,425,491,-66,0.0,24
1772,1,1,519,392,127,1.0,24
1780,0,0,459,392,67,1.0,27
1780,1,1,354,413,-59,0.0,27
1788,0,0,446,428,18,1.0,21
1788,1,1,427,485,-58,0.0,26
1796,0,0,463,535,-72,0.0,24
1796,1,1,438,457,-19,0.0,24
1804,0,0,458,383,75,1.0,23
1804,1,1,361,516,-155,0.0,23
1812,0,0,350,388,-38,0.0,24
1812,1,1,305,394,-89,0.0,27
1820,0,0,434,330,104,1.0,26
1820,1,1,398,350,48,1.0,24
1828,0,0,422,402,20,1.0,23
1828,1,1,344,430,-86,0.0,23
1836,0,0,486,337,149,1.0,25
1836,1,1,445,529,-84,0.0,25
1844,0,0,467,449,18,1.0,23
1844,1,1,395,440,-45,0.0,23
1852,0,0,494,334,160,1.0,25
1852,1,1,392,460,-68,0.0,23
1860,0,0,510,366,144,1.0,23
1860,1,1,375,447,-72,0.0,23
1868,0,0,376,402,-26,0.0,24
1868,1,1,415,453,-38,0.0,25
1876,0,0,498,344,154,1.0,22
1876,1,1,410,448,-38,0.0,22
1884,0,0,502,371,131,1.0,23
1884,1,1,285,506,-221,0.0,23
1892,0,0,325,439,-114,0.0,25
1892,1,1,492,396,96,1.0,25
1900,0,0,453,459,-6,0.0,24
1900,1,1,380,390,-10,0.0,25
1908,0,0,299,472,-173,0.0,26
1908,1,1,468,412,56,1.0,23
1916,0,0,311,609,-298,0.0,22
1916,1,1,429,361,68,1.0,24
1924,0,0,467,481,-14,0.0,24
1924,1,1,372,384,-12,0.0,21
1932,0,0,395,381,14,1.0,22
1932,1,1,399,448,-49,0.0,26
1940,0,0,465,310,155,1.0,23
1940,1,1,358,538,-180,0.0,21
1948,0,0,468,387,81,1.0,25
1948,1,1,428,432,-4,0.0,22
1956,0,0,458,399,59,1.0,22
1956,1,1,399,516,-117,0.0,21
1964,0,0,393,427,-34,0.0,25
1964,1,1,400,440,-40,0.0,22
1972,0,0,423,411,12,1.0,26
1972,1,1,372,447,-75,0.0,30
1980,0,0,391,467,-76,0.0,30
1980,1,1,450,421,29,1.0,26
1988,0,0,391,444,-53,0.0,22
1988,1,1,455,412,43,1.0,22
1996,0,0,545,367,178,1.0,26
1996,1,1,416,398,18,1.0,22
pair,game,a_seat,a_score,b_score,a_spread,a_win,turns
5,0,0,375,419,-44,0.0,22
5,1,1,451,406,45,1.0,29
13,0,0,530,372,158,1.0,20
13,1,1,391,512,-121,0.0,24
21,0,0,349,488,-139,0.0,21
21,1,1,387,448,-61,0.0,27
29,0,0,435,366,69,1.0,22
29,1,1,448,449,-1,0.0,24
37,0,0,451,382,69,1.0,23
37,1,1,454,536,-82,0.0,22
45,0,0,443,443,0,0.5,24
45,1,1,492,383,109,1.0,22
53,0,0,478,387,91,1.0,21
53,1,1,463,424,39,1.0,21
61,0,0,511,343,168,1.0,22
61,1,1,367,419,-52,0.0,22
69,0,0,421,419,2,1.0,24
69,1,1,426,415,11,1.0,27
77,0,0,426,364,62,1.0,26
77,1,1,425,341,84,1.0,21
85,0,0,449,478,-29,0.0,23
85,1,1,369,350,19,1.0,32
93,0,0,442,467,-25,0.0,22
93,1,1,498,377,121,1.0,24
101,0,0,341,408,-67,0.0,25
101,1,1,458,330,128,1.0,24
109,0,0,472,430,42,1.0,27
109,1,1,434,339,95,1.0,21
117,0,0,461,469,-8,0.0,21
117,1,1,427,442,-15,0.0,21
125,0,0,401,334,67,1.0,22
125,1,1,413,474,-61,0.0,23
133,0,0,422,396,26,1.0,26
133,1,1,503,462,41,1.0,23
141,0,0,499,296,203,1.0,23
141,1,1,372,487,-115,0.0,28
149,0,0,430,466,-36,0.0,24
149,1,1,428,395,33,1.0,27
157,0,0,477,369,108,1.0,25
157,1,1,467,362,105,1.0,24
165,0,0,386,471,-85,0.0,25
165,1,1,412,526,-114,0.0,26
173,0,0,483,461,22,1.0,23
173,1,1,413,474,-61,0.0,22
181,0,0,401,425,-24,0.0,26
181,1,1,464,428,36,1.0,24
189,0,0,432,433,-1,0.0,22
189,1,1,413,424,-11,0.0,26
197,0,0,436,404,32,1.0,21
197,1,1,431,479,-48,0.0,24
205,0,0,397,380,17,1.0,22
205,1,1,395,412,-17,0.0,22
213,0,0,411,380,31,1.0,24
213,1,1,461,413,48,1.0,23
221,0,0,411,404,7,1.0,24
221,1,1,433,424,9,1.0,27
229,0,0,392,479,-87,0.0,22
229,1,1,530,387,143,1.0,21
237,0,0,338,433,-95,0.0,29
237,1,1,339,354,-15,0.0,24
245,0,0,512,478,34,1.0,22
245,1,1,533,492,41,1.0,20
253,0,0,436,413,23,1.0,23
253,1,1,548,360,188,1.0,23
261,0,0,438,417,21,1.0,23
261,1,1,444,480,-36,0.0,24
269,0,0,515,539,-24,0.0,22
269,1,1,438,408,30,1.0,22
277,0,0,411,410,1,1.0,24
277,1,1,436,397,39,1.0,24
285,0,0,524,378,146,1.0,21
285,1,1,332,349,-17,0.0,24
293,0,0,469,489,-20,0.0,23
293,1,1,564,339,225,1.0,20
301,0,0,506,414,92,1.0,21
301,1,1,414,471,-57,0.0,20
309,0,0,477,398,79,1.0,22
309,1,1,477,474,3,1.0,23
317,0,0,398,439,-41,0.0,22
317,1,1,483,425,58,1.0,21
325,0,0,503,340,163,1.0,24
325,1,1,372,513,-141,0.0,25
333,0,0,384,417,-33,0.0,28
333,1,1,458,423,35,1.0,23
341,0,0,395,631,-236,0.0,21
341,1,1,520,351,169,1.0,25
349,0,0,451,374,77,1.0,25
349,1,1,406,420,-14,0.0,25
357,0,0,471,539,-68,0.0,22
357,1,1,547,422,125,1.0,23
365,0,0,368,433,-65,0.0,22
365,1,1,465,382,83,1.0,24
373,0,0,420,408,12,1.0,23
373,1,1,378,412,-34,0.0,23
381,0,0,402,361,41,1.0,24
381,1,1,471,383,88,1.0,21
389,0,0,463,419,44,1.0,25
389,1,1,463,489,-26,0.0,21
397,0,0,579,299,280,1.0,22
397,1,1,430,410,20,1.0,23
405,0,0,461,375,86,1.0,25
405,1,1,348,440,-92,0.0,28
413,0,0,465,365,100,1.0,23
413,1,1,449,399,50,1.0,21
421,0,0,425,386,39,1.0,24
421,1,1,427,504,-77,0.0,24
429,0,0,399,477,-78,0.0,26
429,1,1,521,347,174,1.0,22
437,0,0,531,402,129,1.0,23
437,1,1,413,459,-46,0.0,23
445,0,0,474,430,44,1.0,22
445,1,1,412,419,-7,0.0,24
453,0,0,413,463,-50,0.0,24
453,1,1,432,403,29,1.0,25
461,0,0,454,407,47,1.0,22
461,1,1,447,415,32,1.0,22
469,0,0,386,480,-94,0.0,23
469,1,1,386,369,17,1.0,26
477,0,0,440,404,36,1.0,24
477,1,1,392,449,-57,0.0,24
485,0,0,447,456,-9,0.0,21
485,1,1,409,574,-165,0.0,25
493,0,0,391,544,-153,0.0,24
493,1,1,398,442,-44,0.0,22
501,0,0,405,407,-2,0.0,22
501,1,1,534,321,213,1.0,23
509,0,0,415,367,48,1.0,29
509,1,1,402,435,-33,0.0,30
517,0,0,410,380,30,1.0,27
517,1,1,416,353,63,1.0,26
525,0,0,315,479,-164,0.0,25
525,1,1,400,382,18,1.0,21
533,0,0,416,442,-26,0.0,26
533,1,1,454,501,-47,0.0,23
541,0,0,403,422,-19,0.0,25
541,1,1,306,465,-159,0.0,27
549,0,0,414,464,-50,0.0,19
549,1,1,461,445,16,1.0,25
557,0,0,469,470,-1,0.0,20
557,1,1,436,408,28,1.0,24
565,0,0,432,506,-74,0.0,21
565,1,1,473,410,63,1.0,24
573,0,0,395,508,-113,0.0,25
573,1,1,523,400,123,1.0,23
581,0,0,492,349,143,1.0,22
581,1,1,486,374,112,1.0,21
589,0,0,447,381,66,1.0,23
589,1,1,417,437,-20,0.0,23
597,0,0,498,368,130,1.0,20
597,1,1,402,378,24,1.0,21
605,0,0,558,324,234,1.0,21
605,1,1,375,451,-76,0.0,24
613,0,0,369,486,-117,0.0,23
613,1,1,492,328,164,1.0,22
621,0,0,529,505,24,1.0,25
621,1,1,438,494,-56,0.0,25
629,0,0,504,455,49,1.0,24
629,1,1,391,447,-56,0.0,22
637,0,0,345,454,-109,0.0,26
637,1,1,495,424,71,1.0,23
645,0,0,412,428,-16,0.0,24
645,1,1,566,422,144,1.0,21
653,0,0,427,476,-49,0.0,23
653,1,1,425,458,-33,0.0,24
661,0,0,529,463,66,1.0,25
661,1,1,428,426,2,1.0,30
669,0,0,364,399,-35,0.0,22
669,1,1,427,385,42,1.0,24
677,0,0,362,413,-51,0.0,26
677,1,1,431,303,128,1.0,23
685,0,0,544,335,209,1.0,26
685,1,1,353,469,-116,0.0,23
693,0,0,543,429,114,1.0,21
693,1,1,380,496,-116,0.0,24
701,0,0,499,404,95,1.0,24
701,1,1,382,407,-25,0.0,25
709,0,0,512,425,87,1.0,22
709,1,1,479,441,38,1.0,22
717,0,0,438,410,28,1.0,24
717,1,1,439,389,50,1.0,26
725,0,0,369,440,-71,0.0,28
725,1,1,419,312,107,1.0,27
733,0,0,470,356,114,1.0,25
733,1,1,450,445,5,1.0,20
741,0,0,392,388,4,1.0,27
741,1,1,394,405,-11,0.0,24
749,0,0,427,443,-16,0.0,26
749,1,1,500,394,106,1.0,23
757,0,0,619,287,332,1.0,25
757,1,1,339,469,-130,0.0,24
765,0,0,423,566,-143,0.0,23
765,1,1,721,437,284,1.0,23
773,0,0,351,571,-220,0.0,23
773,1,1,469,352,117,1.0,21
781,0,0,492,356,136,1.0,22
781,1,1,367,511,-144,0.0,21
789,0,0,421,507,-86,0.0,21
789,1,1,515,368,147,1.0,21
797,0,0,455,462,-7,0.0,21
797,1,1,399,401,-2,0.0,26
805,0,0,331,481,-150,0.0,23
805,1,1,454,365,89,1.0,25
813,0,0,407,538,-131,0.0,24
813,1,1,359,457,-98,0.0,26
821,0,0,403,420,-17,0.0,20
821,1,1,420,467,-47,0.0,24
829,0,0,588,446,142,1.0,20
829,1,1,382,483,-101,0.0,23
837,0,0,360,499,-139,0.0,23
837,1,1,528,500,28,1.0,21
845,0,0,384,500,-116,0.0,27
845,1,1,445,379,66,1.0,23
853,0,0,390,440,-50,0.0,26
853,1,1,472,404,68,1.0,22
861,0,0,426,412,14,1.0,26
861,1,1,499,429,70,1.0,24
869,0,0,564,350,214,1.0,22
869,1,1,393,339,54,1.0,25
877,0,0,377,493,-116,0.0,22
877,1,1,440,339,101,1.0,28
885,0,0,379,387,-8,0.0,26
885,1,1,428,310,118,1.0,23
893,0,0,354,502,-148,0.0,23
893,1,1,513,444,69,1.0,22
901,0,0,348,389,-41,0.0,24
901,1,1,452,427,25,1.0,24
909,0,0,356,507,-151,0.0,22
909,1,1,425,429,-4,0.0,22
917,0,0,362,489,-127,0.0,24
917,1,1,387,408,-21,0.0,22
925,0,0,398,454,-56,0.0,21
925,1,1,438,388,50,1.0,25
933,0,0,423,351,72,1.0,27
933,1,1,413,435,-22,0.0,23
941,0,0,403,417,-14,0.0,22
941,1,1,419,416,3,1.0,22
949,0,0,432,354,78,1.0,22
949,1,1,341,427,-86,0.0,23
957,0,0,367,410,-43,0.0,25
957,1,1,489,350,139,1.0,22
965,0,0,379,330,49,1.0,24
965,1,1,446,375,71,1.0,21
973,0,0,409,479,-70,0.0,23
973,1,1,454,416,38,1.0,24
981,0,0,398,470,-72,0.0,23
981,1,1,440,386,54,1.0,26
989,0,0,350,482,-132,0.0,21
989,1,1,407,379,28,1.0,23
997,0,0,478,476,2,1.0,24
997,1,1,619,356,263,1.0,25
1005,0,0,369,454,-85,0.0,22
1005,1,1,480,359,121,1.0,26
1013,0,0,400,427,-27,0.0,24
1013,1,1,441,400,41,1.0,24
1021,0,0,400,413,-13,0.0,26
1021,1,1,370,348,22,1.0,26
1029,0,0,510,545,-35,0.0,23
1029,1,1,442,450,-8,0.0,21
1037,0,0,331,417,-86,0.0,29
1037,1,1,457,414,43,1.0,26
1045,0,0,339,536,-197,0.0,22
1045,1,1,372,393,-21,0.0,25
1053,0,0,549,404,145,1.0,24
1053,1,1,390,382,8,1.0,22
1061,0,0,479,359,120,1.0,24
1061,1,1,331,422,-91,0.0,25
1069,0,0,488,357,131,1.0,24
1069,1,1,379,513,-134,0.0,27
1077,0,0,502,389,113,1.0,23
1077,1,1,340,491,-151,0.0,22
1085,0,0,378,366,12,1.0,23
1085,1,1,489,451,38,1.0,21
1093,0,0,378,415,-37,0.0,26
1093,1,1,319,462,-143,0.0,22
1101,0,0,498,424,74,1.0,22
1101,1,1,484,549,-65,0.0,23
1109,0,0,431,440,-9,0.0,23
1109,1,1,445,497,-52,0.0,21
1117,0,0,405,426,-21,0.0,23
1117,1,1,465,487,-22,0.0,23
1125,0,0,375,467,-92,0.0,23
1125,1,1,464,512,-48,0.0,21
1133,0,0,439,389,50,1.0,26
1133,1,1,478,451,27,1.0,25
1141,0,0,370,521,-151,0.0,23
1141,1,1,361,443,-82,0.0,26
1149,0,0,414,452,-38,0.0,23
1149,1,1,398,360,38,1.0,21
1157,0,0,416,427,-11,0.0,23
1157,1,1,382,412,-30,0.0,23
1165,0,0,368,425,-57,0.0,24
1165,1,1,469,379,90,1.0,24
1173,0,0,468,429,39,1.0,24
1173,1,1,476,340,136,1.0,24
1181,0,0,398,456,-58,0.0,23
1181,1,1,412,397,15,1.0,26
1189,0,0,367,408,-41,0.0,27
1189,1,1,409,431,-22,0.0,20
1197,0,0,432,347,85,1.0,23
1197,1,1,436,436,0,0.5,23
1205,0,0,494,407,87,1.0,23
1205,1,1,355,459,-104,0.0,22
1213,0,0,339,458,-119,0.0,25
1213,1,1,438,368,70,1.0,25
1221,0,0,501,396,105,1.0,21
1221,1,1,348,499,-151,0.0,26
1229,0,0,388,428,-40,0.0,23
1229,1,1,471,298,173,1.0,25
1237,0,0,468,474,-6,0.0,22
1237,1,1,478,446,32,1.0,20
1245,0,0,501,358,143,1.0,28
1245,1,1,449,304,145,1.0,21
1253,0,0,394,470,-76,0.0,25
1253,1,1,461,363,98,1.0,25
1261,0,0,376,384,-8,0.0,27
1261,1,1,422,354,68,1.0,25
1269,0,0,440,404,36,1.0,24
1269,1,1,376,508,-132,0.0,21
1277,0,0,454,490,-36,0.0,24
1277,1,1,431,476,-45,0.0,24
1285,0,0,425,449,-24,0.0,23
1285,1,1,401,467,-66,0.0,26
1293,0,0,471,398,73,1.0,22
1293,1,1,405,459,-54,0.0,23
1301,0,0,553,382,171,1.0,20
1301,1,1,392,427,-35,0.0,22
1309,0,0,376,440,-64,0.0,22
1309,1,1,534,347,187,1.0,23
1317,0,0,448,356,92,1.0,22
1317,1,1,408,374,34,1.0,25
1325,0,0,504,343,161,1.0,26
1325,1,1,551,469,82,1.0,22
1333,0,0,380,378,2,1.0,27
1333,1,1,473,389,84,1.0,24
1341,0,0,407,486,-79,0.0,23
1341,1,1,367,452,-85,0.0,25
1349,0,0,341,544,-203,0.0,23
1349,1,1,460,414,46,1.0,21
1357,0,0,376,506,-130,0.0,22
1357,1,1,595,385,210,1.0,25
1365,0,0,417,367,50,1.0,33
1365,1,1,368,384,-16,0.0,30
1373,0,0,481,377,104,1.0,20
1373,1,1,411,472,-61,0.0,23
1381,0,0,395,438,-43,0.0,26
1381,1,1,449,396,53,1.0,20
1389,0,0,369,443,-74,0.0,24
1389,1,1,462,326,136,1.0,28
1397,0,0,448,407,41,1.0,23
1397,1,1,455,379,76,1.0,23
1405,0,0,444,457,-13,0.0,22
1405,1,1,384,409,-25,0.0,22
1413,0,0,456,292,164,1.0,22
1413,1,1,360,466,-106,0.0,25
1421,0,0,400,356,44,1.0,22
1421,1,1,409,527,-118,0.0,27
1429,0,0,424,372,52,1.0,26
1429,1,1,352,376,-24,0.0,25
1437,0,0,469,362,107,1.0,24
1437,1,1,538,410,128,1.0,24
1445,0,0,248,436,-188,0.0,26
1445,1,1,514,323,191,1.0,25
1453,0,0,406,495,-89,0.0,23
1453,1,1,500,378,122,1.0,24
1461,0,0,420,374,46,1.0,26
1461,1,1,520,343,177,1.0,23
1469,0,0,387,497,-110,0.0,24
1469,1,1,495,381,114,1.0,24
1477,0,0,547,462,85,1.0,22
1477,1,1,464,380,84,1.0,24
1485,0,0,380,527,-147,0.0,20
1485,1,1,469,400,69,1.0,22
1493,0,0,461,465,-4,0.0,23
1493,1,1,495,384,111,1.0,23
1501,0,0,423,465,-42,0.0,23
1501,1,1,494,511,-17,0.0,26
1509,0,0,374,417,-43,0.0,23
1509,1,1,448,361,87,1.0,25
1517,0,0,470,356,114,1.0,22
1517,1,1,373,481,-108,0.0,24
1525,0,0,542,323,219,1.0,21
1525,1,1,344,526,-182,0.0,22
1533,0,0,393,356,37,1.0,21
1533,1,1,476,366,110,1.0,27
1541,0,0,350,517,-167,0.0,25
1541,1,1,468,307,161,1.0,23
1549,0,0,397,407,-10,0.0,21
1549,1,1,465,429,36,1.0,23
1557,0,0,435,398,37,1.0,26
1557,1,1,486,397,89,1.0,24
1565,0,0,456,425,31,1.0,23
1565,1,1,353,421,-68,0.0,26
1573,0,0,372,403,-31,0.0,22
1573,1,1,459,360,99,1.0,24
1581,0,0,418,367,51,1.0,22
1581,1,1,444,481,-37,0.0,22
1589,0,0,466,354,112,1.0,20
1589,1,1,407,397,10,1.0,22
1597,0,0,509,401,108,1.0,24
1597,1,1,447,463,-16,0.0,25
1605,0,0,456,384,72,1.0,20
1605,1,1,515,507,8,1.0,23
1613,0,0,339,529,-190,0.0,21
1613,1,1,498,445,53,1.0,23
1621,0,0,356,499,-143,0.0,23
1621,1,1,492,497,-5,0.0,22
1629,0,0,400,454,-54,0.0,23
1629,1,1,525,353,172,1.0,23
1637,0,0,431,468,-37,0.0,22
1637,1,1,480,392,88,1.0,24
1645,0,0,353,462,-109,0.0,24
1645,1,1,535,315,220,1.0,20
1653,0,0,467,468,-1,0.0,24
1653,1,1,415,492,-77,0.0,26
1661,0,0,499,450,49,1.0,23
1661,1,1,433,424,9,1.0,20
1669,0,0,424,421,3,1.0,23
1669,1,1,499,384,115,1.0,23
1677,0,0,398,461,-63,0.0,25
1677,1,1,405,459,-54,0.0,21
1685,0,0,423,393,30,1.0,27
1685,1,1,536,407,129,1.0,22
1693,0,0,467,426,41,1.0,25
1693,1,1,466,386,80,1.0,27
1701,0,0,309,483,-174,0.0,25
1701,1,1,473,284,189,1.0,22
1709,0,0,288,463,-175,0.0,27
1709,1,1,366,404,-38,0.0,22
1717,0,0,497,365,132,1.0,22
1717,1,1,386,457,-71,0.0,24
1725,0,0,324,491,-167,0.0,23
1725,1,1,508,297,211,1.0,29
1733,0,0,519,413,106,1.0,23
1733,1,1,345,492,-147,0.0,22
1741,0,0,473,396,77,1.0,24
1741,1,1,460,489,-29,0.0,23
1749,0,0,480,323,157,1.0,22
1749,1,1,379,501,-122,0.0,23
1757,0,0,403,363,40,1.0,25
1757,1,1,352,419,-67,0.0,27
1765,0,0,583,349,234,1.0,21
1765,1,1,393,537,-144,0.0,24
1773,0,0,390,335,55,1.0,25
1773,1,1,431,376,55,1.0,26
1781,0,0,437,406,31,1.0,23
1781,1,1,397,473,-76,0.0,22
1789,0,0,374,382,-8,0.0,26
1789,1,1,423,368,55,1.0,26
1797,0,0,394,362,32,1.0,23
1797,1,1,378,450,-72,0.0,28
1805,0,0,443,446,-3,0.0,21
1805,1,1,444,394,50,1.0,20
1813,0,0,417,356,61,1.0,26
1813,1,1,444,424,20,1.0,26
1821,0,0,410,481,-71,0.0,23
1821,1,1,596,394,202,1.0,23
1829,0,0,430,462,-32,0.0,23
1829,1,1,484,298,186,1.0,23
1837,0,0,369,371,-2,0.0,27
1837,1,1,365,439,-74,0.0,26
1845,0,0,448,442,6,1.0,21
1845,1,1,441,458,-17,0.0,22
1853,0,0,378,506,-128,0.0,22
1853,1,1,515,415,100,1.0,23
1861,0,0,390,405,-15,0.0,27
1861,1,1,477,394,83,1.0,26
1869,0,0,447,427,20,1.0,21
1869,1,1,443,439,4,1.0,24
1877,0,0,355,582,-227,0.0,25
1877,1,1,494,404,90,1.0,26
1885,0,0,344,535,-191,0.0,29
1885,1,1,444,363,81,1.0,25
1893,0,0,460,459,1,1.0,20
1893,1,1,487,429,58,1.0,23
1901,0,0,412,443,-31,0.0,26
1901,1,1,347,379,-32,0.0,29
1909,0,0,331,414,-83,0.0,23
1909,1,1,348,418,-70,0.0,25
1917,0,0,388,456,-68,0.0,22
1917,1,1,353,359,-6,0.0,24
1925,0,0,458,337,121,1.0,24
1925,1,1,396,358,38,1.0,25
1933,0,0,406,523,-117,0.0,23
1933,1,1,534,382,152,1.0,20
1941,0,0,383,393,-10,0.0,27
1941,1,1,391,313,78,1.0,27
1949,0,0,421,359,62,1.0,27
1949,1,1,305,401,-96,0.0,26
1957,0,0,402,436,-34,0.0,28
1957,1,1,494,371,123,1.0,26
1965,0,0,341,495,-154,0.0,21
1965,1,1,493,379,114,1.0,23
1973,0,0,438,351,87,1.0,26
1973,1,1,407,445,-38,0.0,24
1981,0,0,351,363,-12,0.0,25
1981,1,1,402,389,13,1.0,27
1989,0,0,464,390,74,1.0,25
1989,1,1,307,505,-198,0.0,29
1997,0,0,337,507,-170,0.0,23
1997,1,1,539,426,113,1.0,23
pair,game,a_seat,a_score,b_score,a_spread,a_win,turns
6,0,0,438,393,45,1.0,23
6,1,1,376,462,-86,0.0,26
14,0,0,411,385,26,1.0,24
14,1,1,340,426,-86,0.0,24
22,0,0,445,442,3,1.0,21
22,1,1,397,487,-90,0.0,22
30,0,0,444,376,68,1.0,23
30,1,1,360,394,-34,0.0,25
38,0,0,539,404,135,1.0,23
38,1,1,572,327,245,1.0,25
46,0,0,458,510,-52,0.0,22
46,1,1,443,413,30,1.0,24
54,0,0,370,434,-64,0.0,25
54,1,1,464,429,35,1.0,24
62,0,0,486,379,107,1.0,25
62,1,1,419,396,23,1.0,22
70,0,0,449,322,127,1.0,23
70,1,1,389,375,14,1.0,21
78,0,0,386,369,17,1.0,23
78,1,1,438,450,-12,0.0,21
86,0,0,392,425,-33,0.0,25
86,1,1,432,396,36,1.0,27
94,0,0,491,362,129,1.0,23
94,1,1,452,486,-34,0.0,25
102,0,0,468,441,27,1.0,24
102,1,1,402,454,-52,0.0,25
110,0,0,453,422,31,1.0,25
110,1,1,378,404,-26,0.0,25
118,0,0,417,368,49,1.0,25
118,1,1,387,542,-155,0.0,24
126,0,0,427,446,-19,0.0,24
126,1,1,508,457,51,1.0,20
134,0,0,537,317,220,1.0,24
134,1,1,394,504,-110,0.0,27
142,0,0,373,483,-110,0.0,23
142,1,1,469,402,67,1.0,23
150,0,0,446,338,108,1.0,24
150,1,1,401,492,-91,0.0,21
158,0,0,453,455,-2,0.0,23
158,1,1,431,456,-25,0.0,21
166,0,0,422,351,71,1.0,21
166,1,1,466,405,61,1.0,21
174,0,0,371,459,-88,0.0,24
174,1,1,473,388,85,1.0,27
182,0,0,509,396,113,1.0,24
182,1,1,439,447,-8,0.0,26
190,0,0,376,558,-182,0.0,25
190,1,1,438,368,70,1.0,24
198,0,0,557,326,231,1.0,24
198,1,1,330,548,-218,0.0,22
206,0,0,548,340,208,1.0,27
206,1,1,373,493,-120,0.0,22
214,0,0,410,432,-22,0.0,21
214,1,1,466,517,-51,0.0,21
222,0,0,434,370,64,1.0,25
222,1,1,426,431,-5,0.0,24
230,0,0,461,411,50,1.0,21
230,1,1,459,436,23,1.0,23
238,0,0,359,531,-172,0.0,21
238,1,1,518,383,135,1.0,22
246,0,0,387,440,-53,0.0,22
246,1,1,511,341,170,1.0,24
254,0,0,449,356,93,1.0,27
254,1,1,455,497,-42,0.0,26
262,0,0,508,424,84,1.0,23
262,1,1,472,457,15,1.0,24
270,0,0,407,385,22,1.0,23
270,1,1,293,568,-275,0.0,28
278,0,0,398,492,-94,0.0,23
278,1,1,447,384,63,1.0,23
286,0,0,379,341,38,1.0,29
286,1,1,353,546,-193,0.0,23
294,0,0,385,404,-19,0.0,25
294,1,1,397,456,-59,0.0,21
302,0,0,371,451,-80,0.0,26
302,1,1,493,321,172,1.0,26
310,0,0,545,438,107,1.0,22
310,1,1,400,461,-61,0.0,23
318,0,0,525,339,186,1.0,23
318,1,1,377,572,-195,0.0,26
326,0,0,332,493,-161,0.0,20
326,1,1,440,367,73,1.0,18
334,0,0,487,383,104,1.0,22
334,1,1,382,376,6,1.0,24
342,0,0,380,493,-113,0.0,24
342,1,1,329,485,-156,0.0,24
350,0,0,484,394,90,1.0,23
350,1,1,387,398,-11,0.0,26
358,0,0,453,486,-33,0.0,23
358,1,1,425,388,37,1.0,23
366,0,0,330,452,-122,0.0,22
366,1,1,468,289,179,1.0,22
374,0,0,421,487,-66,0.0,20
374,1,1,394,510,-116,0.0,26
382,0,0,424,420,4,1.0,22
382,1,1,340,491,-151,0.0,22
390,0,0,482,372,110,1.0,21
390,1,1,341,559,-218,0.0,24
398,0,0,448,487,-39,0.0,23
398,1,1,453,417,36,1.0,22
406,0,0,539,439,100,1.0,26
406,1,1,466,457,9,1.0,21
414,0,0,370,446,-76,0.0,26
414,1,1,483,414,69,1.0,21
422,0,0,463,399,64,1.0,21
422,1,1,350,502,-152,0.0,23
430,0,0,332,448,-116,0.0,26
430,1,1,421,418,3,1.0,29
438,0,0,427,505,-78,0.0,22
438,1,1,527,375,152,1.0,21
446,0,0,558,338,220,1.0,20
446,1,1,376,455,-79,0.0,22
454,0,0,451,400,51,1.0,23
454,1,1,418,423,-5,0.0,21
462,0,0,461,498,-37,0.0,23
462,1,1,569,390,179,1.0,20
470,0,0,402,472,-70,0.0,22
470,1,1,444,398,46,1.0,22
478,0,0,418,468,-50,0.0,20
478,1,1,456,287,169,1.0,26
486,0,0,335,496,-161,0.0,26
486,1,1,430,383,47,1.0,23
494,0,0,455,429,26,1.0,22
494,1,1,358,648,-290,0.0,24
502,0,0,606,446,160,1.0,20
502,1,1,406,491,-85,0.0,25
510,0,0,463,493,-30,0.0,20
510,1,1,387,338,49,1.0,25
518,0,0,481,382,99,1.0,23
518,1,1,379,465,-86,0.0,22
526,0,0,470,417,53,1.0,22
526,1,1,359,448,-89,0.0,25
534,0,0,294,486,-192,0.0,24
534,1,1,384,347,37,1.0,27
542,0,0,356,513,-157,0.0,22
542,1,1,490,377,113,1.0,25
550,0,0,349,377,-28,0.0,28
550,1,1,363,397,-34,0.0,25
558,0,0,469,486,-17,0.0,30
558,1,1,562,455,107,1.0,22
566,0,0,521,415,106,1.0,27
566,1,1,514,422,92,1.0,20
574,0,0,385,397,-12,0.0,26
574,1,1,385,435,-50,0.0,23
582,0,0,401,426,-25,0.0,24
582,1,1,428,404,24,1.0,23
590,0,0,510,460,50,1.0,20
590,1,1,526,413,113,1.0,22
598,0,0,324,503,-179,0.0,28
598,1,1,542,323,219,1.0,24
606,0,0,333,379,-46,0.0,24
606,1,1,370,397,-27,0.0,25
614,0,0,445,534,-89,0.0,23
614,1,1,517,424,93,1.0,22
622,0,0,527,301,226,1.0,23
622,1,1,367,542,-175,0.0,25
630,0,0,465,417,48,1.0,25
630,1,1,460,479,-19,0.0,22
638,0,0,597,446,151,1.0,24
638,1,1,402,405,-3,0.0,21
646,0,0,470,413,57,1.0,22
646,1,1,393,442,-49,0.0,24
654,0,0,403,411,-8,0.0,28
654,1,1,424,437,-13,0.0,20
662,0,0,363,445,-82,0.0,21
662,1,1,461,390,71,1.0,23
670,0,0,479,377,102,1.0,28
670,1,1,499,423,76,1.0,20
678,0,0,444,454,-10,0.0,24
678,1,1,418,375,43,1.0,21
686,0,0,432,510,-78,0.0,24
686,1,1,385,452,-67,0.0,23
694,0,0,469,294,175,1.0,27
694,1,1,366,487,-121,0.0,27
702,0,0,378,324,54,1.0,25
702,1,1,410,379,31,1.0,22
710,0,0,452,375,77,1.0,21
710,1,1,546,374,172,1.0,22
718,0,0,456,449,7,1.0,20
718,1,1,353,496,-143,0.0,22
726,0,0,552,476,76,1.0,23
726,1,1,404,443,-39,0.0,24
734,0,0,417,581,-164,0.0,22
734,1,1,439,416,23,1.0,21
742,0,0,408,464,-56,0.0,22
742,1,1,403,489,-86,0.0,21
750,0,0,354,483,-129,0.0,24
750,1,1,410,405,5,1.0,21
758,0,0,395,445,-50,0.0,24
758,1,1,542,380,162,1.0,22
766,0,0,423,544,-121,0.0,20
766,1,1,452,415,37,1.0,26
774,0,0,362,490,-128,0.0,28
774,1,1,456,375,81,1.0,30
782,0,0,340,459,-119,0.0,22
782,1,1,448,381,67,1.0,22
790,0,0,363,427,-64,0.0,24
790,1,1,482,435,47,1.0,23
798,0,0,321,336,-15,0.0,20
798,1,1,489,393,96,1.0,20
806,0,0,364,440,-76,0.0,22
806,1,1,427,497,-70,0.0,23
814,0,0,486,431,55,1.0,25
814,1,1,447,539,-92,0.0,24
822,0,0,503,430,73,1.0,26
822,1,1,648,347,301,1.0,22
830,0,0,346,431,-85,0.0,24
830,1,1,406,465,-59,0.0,21
838,0,0,487,512,-25,0.0,22
838,1,1,373,397,-24,0.0,25
846,0,0,431,449,-18,0.0,25
846,1,1,427,405,22,1.0,26
854,0,0,422,444,-22,0.0,21
854,1,1,429,431,-2,0.0,21
862,0,0,376,520,-144,0.0,24
862,1,1,496,448,48,1.0,23
870,0,0,468,418,50,1.0,28
870,1,1,412,457,-45,0.0,22
878,0,0,387,457,-70,0.0,24
878,1,1,438,352,86,1.0,24
886,0,0,398,310,88,1.0,29
886,1,1,363,423,-60,0.0,28
894,0,0,458,344,114,1.0,24
894,1,1,319,449,-130,0.0,23
902,0,0,409,380,29,1.0,25
902,1,1,374,374,0,0.5,25
910,0,0,476,395,81,1.0,20
910,1,1,411,449,-38,0.0,24
918,0,0,354,486,-132,0.0,25
918,1,1,412,389,23,1.0,23
926,0,0,387,422,-35,0.0,24
926,1,1,470,515,-45,0.0,21
934,0,0,489,493,-4,0.0,25
934,1,1,400,395,5,1.0,27
942,0,0,383,426,-43,0.0,22
942,1,1,396,455,-59,0.0,21
950,0,0,553,402,151,1.0,24
950,1,1,435,465,-30,0.0,22
958,0,0,453,406,47,1.0,22
958,1,1,303,564,-261,0.0,23
966,0,0,537,352,185,1.0,24
966,1,1,335,524,-189,0.0,23
974,0,0,451,423,28,1.0,21
974,1,1,482,429,53,1.0,22
982,0,0,459,441,18,1.0,26
982,1,1,410,434,-24,0.0,24
990,0,0,474,388,86,1.0,22
990,1,1,315,496,-181,0.0,21
998,0,0,387,492,-105,0.0,26
998,1,1,415,322,93,1.0,23
1006,0,0,524,378,146,1.0,22
1006,1,1,354,465,-111,0.0,21
1014,0,0,385,462,-77,0.0,22
1014,1,1,535,435,100,1.0,24
1022,0,0,400,432,-32,0.0,26
1022,1,1,455,385,70,1.0,22
1030,0,0,404,345,59,1.0,25
1030,1,1,416,379,37,1.0,24
1038,0,0,363,511,-148,0.0,24
1038,1,1,528,379,149,1.0,23
1046,0,0,372,384,-12,0.0,26
1046,1,1,392,382,10,1.0,24
1054,0,0,429,384,45,1.0,23
1054,1,1,471,375,96,1.0,22
1062,0,0,605,412,193,1.0,23
1062,1,1,357,466,-109,0.0,25
1070,0,0,341,479,-138,0.0,22
1070,1,1,434,399,35,1.0,28
1078,0,0,427,445,-18,0.0,25
1078,1,1,475,452,23,1.0,22
1086,0,0,380,368,12,1.0,23
1086,1,1,486,368,118,1.0,23
1094,0,0,455,404,51,1.0,21
1094,1,1,411,528,-117,0.0,23
1102,0,0,462,431,31,1.0,23
1102,1,1,467,422,45,1.0,23
1110,0,0,452,400,52,1.0,22
1110,1,1,387,574,-187,0.0,23
1118,0,0,432,356,76,1.0,24
1118,1,1,414,410,4,1.0,23
1126,0,0,442,507,-65,0.0,21
1126,1,1,511,392,119,1.0,24
1134,0,0,438,402,36,1.0,27
1134,1,1,457,509,-52,0.0,23
1142,0,0,426,528,-102,0.0,21
1142,1,1,395,430,-35,0.0,25
1150,0,0,449,519,-70,0.0,22
1150,1,1,471,524,-53,0.0,21
1158,0,0,333,535,-202,0.0,26
1158,1,1,443,328,115,1.0,23
1166,0,0,350,412,-62,0.0,23
1166,1,1,489,442,47,1.0,22
1174,0,0,412,513,-101,0.0,27
1174,1,1,438,420,18,1.0,25
1182,0,0,471,373,98,1.0,22
1182,1,1,275,466,-191,0.0,21
1190,0,0,433,409,24,1.0,22
1190,1,1,482,410,72,1.0,23
1198,0,0,536,330,206,1.0,26
1198,1,1,335,450,-115,0.0,27
1206,0,0,392,446,-54,0.0,22
1206,1,1,436,390,46,1.0,28
1214,0,0,427,430,-3,0.0,24
1214,1,1,384,457,-73,0.0,25
1222,0,0,479,428,51,1.0,21
1222,1,1,442,413,29,1.0,21
1230,0,0,405,353,52,1.0,23
1230,1,1,356,495,-139,0.0,23
1238,0,0,443,402,41,1.0,26
1238,1,1,377,437,-60,0.0,27
1246,0,0,514,328,186,1.0,25
1246,1,1,530,425,105,1.0,24
1254,0,0,437,405,32,1.0,25
1254,1,1,459,450,9,1.0,22
1262,0,0,384,329,55,1.0,26
1262,1,1,373,460,-87,0.0,25
1270,0,0,465,397,68,1.0,23
1270,1,1,348,454,-106,0.0,23
1278,0,0,370,513,-143,0.0,22
1278,1,1,526,335,191,1.0,22
1286,0,0,401,494,-93,0.0,20
1286,1,1,467,408,59,1.0,24
1294,0,0,414,408,6,1.0,25
1294,1,1,429,392,37,1.0,25
1302,0,0,436,368,68,1.0,24
1302,1,1,363,389,-26,0.0,24
1310,0,0,468,519,-51,0.0,23
1310,1,1,418,395,23,1.0,27
1318,0,0,373,383,-10,0.0,26
1318,1,1,395,390,5,1.0,31
1326,0,0,410,352,58,1.0,25
1326,1,1,358,420,-62,0.0,25
1334,0,0,468,349,119,1.0,29
1334,1,1,336,474,-138,0.0,25
1342,0,0,465,407,58,1.0,21
1342,1,1,428,511,-83,0.0,26
1350,0,0,468,550,-82,0.0,21
1350,1,1,439,445,-6,0.0,22
1358,0,0,480,437,43,1.0,24
1358,1,1,489,418,71,1.0,22
1366,0,0,437,432,5,1.0,22
1366,1,1,463,456,7,1.0,24
1374,0,0,465,464,1,1.0,22
1374,1,1,412,515,-103,0.0,21
1382,0,0,427,597,-170,0.0,22
1382,1,1,423,439,-16,0.0,21
1390,0,0,426,395,31,1.0,27
1390,1,1,407,416,-9,0.0,23
1398,0,0,477,419,58,1.0,22
1398,1,1,477,446,31,1.0,24
1406,0,0,363,404,-41,0.0,24
1406,1,1,537,306,231,1.0,26
1414,0,0,433,463,-30,0.0,24
1414,1,1,504,393,111,1.0,23
1422,0,0,357,489,-132,0.0,25
1422,1,1,397,395,2,1.0,25
1430,0,0,484,378,106,1.0,22
1430,1,1,430,488,-58,0.0,20
1438,0,0,409,433,-24,0.0,24
1438,1,1,413,414,-1,0.0,22
1446,0,0,509,310,199,1.0,19
1446,1,1,423,474,-51,0.0,24
1454,0,0,377,393,-16,0.0,25
1454,1,1,487,378,109,1.0,24
1462,0,0,363,423,-60,0.0,25
1462,1,1,401,349,52,1.0,24
1470,0,0,349,328,21,1.0,26
1470,1,1,365,479,-114,0.0,27
1478,0,0,487,364,123,1.0,23
1478,1,1,414,432,-18,0.0,28
1486,0,0,540,458,82,1.0,23
1486,1,1,385,581,-196,0.0,23
1494,0,0,313,584,-271,0.0,21
1494,1,1,649,373,276,1.0,22
1502,0,0,374,454,-80,0.0,19
1502,1,1,462,445,17,1.0,23
1510,0,0,435,393,42,1.0,28
1510,1,1,359,446,-87,0.0,22
1518,0,0,447,472,-25,0.0,20
1518,1,1,427,451,-24,0.0,22
1526,0,0,375,492,-117,0.0,24
1526,1,1,450,480,-30,0.0,24
1534,0,0,413,422,-9,0.0,22
1534,1,1,465,395,70,1.0,20
1542,0,0,404,419,-15,0.0,28
1542,1,1,436,349,87,1.0,24
1550,0,0,540,418,122,1.0,23
1550,1,1,426,419,7,1.0,24
1558,0,0,390,470,-80,0.0,24
1558,1,1,403,480,-77,0.0,22
1566,0,0,423,482,-59,0.0,20
1566,1,1,400,407,-7,0.0,22
1574,0,0,446,351,95,1.0,25
1574,1,1,321,504,-183,0.0,24
1582,0,0,386,427,-41,0.0,24
1582,1,1,438,487,-49,0.0,22
1590,0,0,541,515,26,1.0,22
1590,1,1,462,515,-53,0.0,23
1598,0,0,569,409,160,1.0,24
1598,1,1,338,521,-183,0.0,23
1606,0,0,536,395,141,1.0,22
1606,1,1,372,573,-201,0.0,26
1614,0,0,529,344,185,1.0,23
1614,1,1,324,485,-161,0.0,25
1622,0,0,449,384,65,1.0,24
1622,1,1,476,426,50,1.0,23
1630,0,0,410,563,-153,0.0,20
1630,1,1,410,463,-53,0.0,24
1638,0,0,489,397,92,1.0,25
1638,1,1,372,483,-111,0.0,25
1646,0,0,389,491,-102,0.0,23
1646,1,1,490,410,80,1.0,25
1654,0,0,475,391,84,1.0,23
1654,1,1,483,418,65,1.0,23
1662,0,0,518,509,9,1.0,21
1662,1,1,447,463,-16,0.0,21
1670,0,0,434,427,7,1.0,25
1670,1,1,328,447,-119,0.0,22
1678,0,0,318,452,-134,0.0,26
1678,1,1,435,338,97,1.0,24
1686,0,0,310,518,-208,0.0,22
1686,1,1,450,354,96,1.0,21
1694,0,0,409,472,-63,0.0,25
1694,1,1,368,377,-9,0.0,23
1702,0,0,455,427,28,1.0,24
1702,1,1,589,344,245,1.0,24
1710,0,0,364,376,-12,0.0,27
1710,1,1,452,469,-17,0.0,21
1718,0,0,335,416,-81,0.0,23
1718,1,1,400,431,-31,0.0,23
1726,0,0,418,465,-47,0.0,23
1726,1,1,344,539,-195,0.0,26
1734,0,0,525,471,54,1.0,21
1734,1,1,530,406,124,1.0,20
1742,0,0,433,464,-31,0.0,25
1742,1,1,436,355,81,1.0,25
1750,0,0,479,423,56,1.0,25
1750,1,1,440,395,45,1.0,25
1758,0,0,374,432,-58,0.0,23
1758,1,1,395,407,-12,0.0,24
1766,0,0,479,402,77,1.0,28
1766,1,1,330,457,-127,0.0,26
1774,0,0,421,429,-8,0.0,21
1774,1,1,383,388,-5,0.0,26
1782,0,0,346,480,-134,0.0,25
1782,1,1,489,361,128,1.0,26
1790,0,0,470,427,43,1.0,23
1790,1,1,462,394,68,1.0,22
1798,0,0,391,448,-57,0.0,26
1798,1,1,335,488,-153,0.0,28
1806,0,0,362,429,-67,0.0,23
1806,1,1,591,503,88,1.0,21
1814,0,0,470,397,73,1.0,25
1814,1,1,367,427,-60,0.0,25
1822,0,0,457,404,53,1.0,24
1822,1,1,601,364,237,1.0,22
1830,0,0,350,337,13,1.0,21
1830,1,1,332,436,-104,0.0,23
1838,0,0,492,401,91,1.0,27
1838,1,1,293,483,-190,0.0,23
1846,0,0,529,296,233,1.0,23
1846,1,1,251,557,-306,0.0,23
1854,0,0,512,404,108,1.0,21
1854,1,1,442,430,12,1.0,22
1862,0,0,689,333,356,1.0,25
1862,1,1,400,455,-55,0.0,25
1870,0,0,426,454,-28,0.0,22
1870,1,1,403,410,-7,0.0,27
1878,0,0,450,391,59,1.0,26
1878,1,1,458,433,25,1.0,21
1886,0,0,410,368,42,1.0,24
1886,1,1,362,420,-58,0.0,24
1894,0,0,509,449,60,1.0,23
1894,1,1,437,340,97,1.0,24
1902,0,0,418,358,60,1.0,25
1902,1,1,480,436,44,1.0,22
1910,0,0,461,438,23,1.0,22
1910,1,1,397,392,5,1.0,23
1918,0,0,502,407,95,1.0,25
1918,1,1,416,421,-5,0.0,26
1926,0,0,495,379,116,1.0,26
1926,1,1,436,417,19,1.0,22
1934,0,0,395,516,-121,0.0,24
1934,1,1,374,443,-69,0.0,25
1942,0,0,485,456,29,1.0,21
1942,1,1,380,402,-22,0.0,26
1950,0,0,406,445,-39,0.0,24
1950,1,1,454,449,5,1.0,22
1958,0,0,447,364,83,1.0,24
1958,1,1,472,421,51,1.0,24
1966,0,0,438,421,17,1.0,28
1966,1,1,398,356,42,1.0,20
1974,0,0,519,466,53,1.0,23
1974,1,1,381,486,-105,0.0,21
1982,0,0,374,411,-37,0.0,24
1982,1,1,437,416,21,1.0,25
1990,0,0,446,470,-24,0.0,22
1990,1,1,477,446,31,1.0,22
1998,0,0,511,388,123,1.0,21
1998,1,1,419,527,-108,0.0,22
pair,game,a_seat,a_score,b_score,a_spread,a_win,turns
7,0,0,439,464,-25,0.0,23
7,1,1,492,352,140,1.0,25
15,0,0,548,378,170,1.0,25
15,1,1,496,506,-10,0.0,23
23,0,0,388,488,-100,0.0,21
23,1,1,536,381,155,1.0,21
31,0,0,525,416,109,1.0,20
31,1,1,473,432,41,1.0,24
39,0,0,449,354,95,1.0,23
39,1,1,394,339,55,1.0,24
47,0,0,424,409,15,1.0,28
47,1,1,354,456,-102,0.0,27
55,0,0,442,490,-48,0.0,22
55,1,1,471,394,77,1.0,23
63,0,0,467,486,-19,0.0,27
63,1,1,429,382,47,1.0,24
71,0,0,419,420,-1,0.0,21
71,1,1,496,305,191,1.0,23
79,0,0,418,385,33,1.0,22
79,1,1,500,389,111,1.0,24
87,0,0,424,376,48,1.0,22
87,1,1,478,370,108,1.0,24
95,0,0,412,419,-7,0.0,25
95,1,1,401,325,76,1.0,28
103,0,0,486,448,38,1.0,23
103,1,1,405,470,-65,0.0,22
111,0,0,459,389,70,1.0,26
111,1,1,370,348,22,1.0,24
119,0,0,563,462,101,1.0,22
119,1,1,402,481,-79,0.0,23
127,0,0,451,381,70,1.0,22
127,1,1,505,333,172,1.0,23
135,0,0,441,549,-108,0.0,21
135,1,1,500,332,168,1.0,21
143,0,0,396,392,4,1.0,24
143,1,1,500,314,186,1.0,22
151,0,0,413,463,-50,0.0,25
151,1,1,443,462,-19,0.0,25
159,0,0,470,484,-14,0.0,25
159,1,1,499,430,69,1.0,21
167,0,0,446,460,-14,0.0,28
167,1,1,546,444,102,1.0,21
175,0,0,458,331,127,1.0,28
175,1,1,370,465,-95,0.0,22
183,0,0,391,575,-184,0.0,23
183,1,1,531,296,235,1.0,21
191,0,0,338,389,-51,0.0,21
191,1,1,617,451,166,1.0,25
199,0,0,377,460,-83,0.0,25
199,1,1,375,409,-34,0.0,26
207,0,0,394,458,-64,0.0,23
207,1,1,460,371,89,1.0,25
215,0,0,463,423,40,1.0,25
215,1,1,381,482,-101,0.0,25
223,0,0,468,374,94,1.0,26
223,1,1,413,535,-122,0.0,22
231,0,0,405,448,-43,0.0,26
231,1,1,427,384,43,1.0,25
239,0,0,458,424,34,1.0,22
239,1,1,422,375,47,1.0,23
247,0,0,490,467,23,1.0,23
247,1,1,461,421,40,1.0,25
255,0,0,450,440,10,1.0,23
255,1,1,439,409,30,1.0,23
263,0,0,384,513,-129,0.0,26
263,1,1,524,299,225,1.0,23
271,0,0,478,423,55,1.0,22
271,1,1,459,348,111,1.0,22
279,0,0,613,372,241,1.0,22
279,1,1,414,410,4,1.0,26
287,0,0,398,406,-8,0.0,24
287,1,1,401,413,-12,0.0,22
295,0,0,475,331,144,1.0,22
295,1,1,378,434,-56,0.0,24
303,0,0,346,420,-74,0.0,27
303,1,1,395,417,-22,0.0,26
311,0,0,411,433,-22,0.0,25
311,1,1,472,415,57,1.0,25
319,0,0,467,448,19,1.0,21
319,1,1,489,458,31,1.0,21
327,0,0,355,454,-99,0.0,24
327,1,1,429,398,31,1.0,24
335,0,0,469,340,129,1.0,25
335,1,1,400,479,-79,0.0,23
343,0,0,383,411,-28,0.0,23
343,1,1,375,485,-110,0.0,24
351,0,0,382,487,-105,0.0,25
351,1,1,427,479,-52,0.0,24
359,0,0,397,417,-20,0.0,24
359,1,1,418,478,-60,0.0,24
367,0,0,537,379,158,1.0,22
367,1,1,478,378,100,1.0,23
375,0,0,345,463,-118,0.0,25
375,1,1,434,377,57,1.0,27
383,0,0,499,429,70,1.0,24
383,1,1,509,405,104,1.0,23
391,0,0,346,466,-120,0.0,25
391,1,1,454,315,139,1.0,25
399,0,0,291,476,-185,0.0,21
399,1,1,553,340,213,1.0,27
407,0,0,429,417,12,1.0,22
407,1,1,423,385,38,1.0,23
415,0,0,489,421,68,1.0,24
415,1,1,475,352,123,1.0,30
423,0,0,316,418,-102,0.0,31
423,1,1,377,325,52,1.0,25
431,0,0,410,412,-2,0.0,24
431,1,1,435,397,38,1.0,23
439,0,0,476,338,138,1.0,24
439,1,1,389,408,-19,0.0,26
447,0,0,429,482,-53,0.0,22
447,1,1,469,415,54,1.0,25
455,0,0,467,502,-35,0.0,21
455,1,1,506,447,59,1.0,24
463,0,0,431,352,79,1.0,24
463,1,1,374,417,-43,0.0,26
471,0,0,476,412,64,1.0,22
471,1,1,543,398,145,1.0,24
479,0,0,414,401,13,1.0,25
479,1,1,394,417,-23,0.0,24
487,0,0,465,449,16,1.0,25
487,1,1,413,426,-13,0.0,23
495,0,0,420,360,60,1.0,23
495,1,1,506,467,39,1.0,23
503,0,0,493,372,121,1.0,22
503,1,1,291,414,-123,0.0,24
511,0,0,313,497,-184,0.0,27
511,1,1,450,330,120,1.0,23
519,0,0,449,507,-58,0.0,22
519,1,1,445,451,-6,0.0,26
527,0,0,470,387,83,1.0,27
527,1,1,450,352,98,1.0,25
535,0,0,386,475,-89,0.0,25
535,1,1,507,474,33,1.0,23
543,0,0,355,431,-76,0.0,22
543,1,1,449,388,61,1.0,21
551,0,0,473,397,76,1.0,23
551,1,1,491,414,77,1.0,24
559,0,0,346,408,-62,0.0,25
559,1,1,386,363,23,1.0,24
567,0,0,584,395,189,1.0,24
567,1,1,367,561,-194,0.0,22
575,0,0,362,487,-125,0.0,26
575,1,1,416,397,19,1.0,27
583,0,0,387,479,-92,0.0,23
583,1,1,445,423,22,1.0,22
591,0,0,345,294,51,1.0,27
591,1,1,318,485,-167,0.0,23
599,0,0,456,443,13,1.0,20
599,1,1,452,465,-13,0.0,22
607,0,0,433,549,-116,0.0,22
607,1,1,560,441,119,1.0,19
615,0,0,426,369,57,1.0,24
615,1,1,359,524,-165,0.0,24
623,0,0,413,422,-9,0.0,24
623,1,1,466,409,57,1.0,26
631,0,0,440,441,-1,0.0,27
631,1,1,502,392,110,1.0,23
639,0,0,473,405,68,1.0,26
639,1,1,362,431,-69,0.0,22
647,0,0,422,487,-65,0.0,25
647,1,1,546,379,167,1.0,24
655,0,0,475,467,8,1.0,23
655,1,1,423,383,40,1.0,23
663,0,0,471,375,96,1.0,24
663,1,1,398,365,33,1.0,37
671,0,0,483,421,62,1.0,23
671,1,1,437,442,-5,0.0,25
679,0,0,379,395,-16,0.0,24
679,1,1,391,385,6,1.0,24
687,0,0,340,548,-208,0.0,22
687,1,1,425,366,59,1.0,25
695,0,0,373,414,-41,0.0,29
695,1,1,454,424,30,1.0,25
703,0,0,425,408,17,1.0,22
703,1,1,445,421,24,1.0,26
711,0,0,480,438,42,1.0,19
711,1,1,409,520,-111,0.0,21
719,0,0,374,412,-38,0.0,25
719,1,1,495,402,93,1.0,23
727,0,0,362,413,-51,0.0,24
727,1,1,413,337,76,1.0,32
735,0,0,348,425,-77,0.0,25
735,1,1,455,444,11,1.0,21
743,0,0,420,384,36,1.0,27
743,1,1,392,381,11,1.0,26
751,0,0,364,494,-130,0.0,23
751,1,1,525,422,103,1.0,20
759,0,0,406,455,-49,0.0,26
759,1,1,543,326,217,1.0,22
767,0,0,520,349,171,1.0,23
767,1,1,458,355,103,1.0,26
775,0,0,431,403,28,1.0,22
775,1,1,362,430,-68,0.0,23
783,0,0,417,469,-52,0.0,28
783,1,1,379,445,-66,0.0,22
791,0,0,359,322,37,1.0,26
791,1,1,442,368,74,1.0,25
799,0,0,500,372,128,1.0,22
799,1,1,454,557,-103,0.0,22
807,0,0,440,327,113,1.0,26
807,1,1,410,403,7,1.0,23
815,0,0,439,415,24,1.0,29
815,1,1,498,361,137,1.0,23
823,0,0,435,462,-27,0.0,22
823,1,1,396,400,-4,0.0,28
831,0,0,449,478,-29,0.0,22
831,1,1,428,438,-10,0.0,26
839,0,0,572,411,161,1.0,22
839,1,1,355,452,-97,0.0,26
847,0,0,536,472,64,1.0,21
847,1,1,611,431,180,1.0,22
855,0,0,463,349,114,1.0,24
855,1,1,482,406,76,1.0,25
863,0,0,379,423,-44,0.0,26
863,1,1,361,405,-44,0.0,26
871,0,0,350,409,-59,0.0,22
871,1,1,489,379,110,1.0,21
879,0,0,415,404,11,1.0,19
879,1,1,359,411,-52,0.0,24
887,0,0,343,506,-163,0.0,24
887,1,1,457,377,80,1.0,25
895,0,0,368,493,-125,0.0,23
895,1,1,491,361,130,1.0,26
903,0,0,430,471,-41,0.0,23
903,1,1,496,331,165,1.0,25
911,0,0,356,445,-89,0.0,24
911,1,1,476,256,220,1.0,28
919,0,0,455,466,-11,0.0,25
919,1,1,406,465,-59,0.0,25
927,0,0,402,427,-25,0.0,24
927,1,1,451,371,80,1.0,23
935,0,0,337,432,-95,0.0,24
935,1,1,421,395,26,1.0,29
943,0,0,387,442,-55,0.0,27
943,1,1,442,409,33,1.0,25
951,0,0,446,406,40,1.0,22
951,1,1,440,455,-15,0.0,21
959,0,0,534,349,185,1.0,24
959,1,1,477,412,65,1.0,28
967,0,0,446,368,78,1.0,24
967,1,1,373,578,-205,0.0,26
975,0,0,379,375,4,1.0,25
975,1,1,378,426,-48,0.0,25
983,0,0,392,448,-56,0.0,27
983,1,1,402,321,81,1.0,28
991,0,0,406,513,-107,0.0,23
991,1,1,543,395,148,1.0,21
999,0,0,591,391,200,1.0,22
999,1,1,453,378,75,1.0,27
1007,0,0,357,427,-70,0.0,31
1007,1,1,420,344,76,1.0,25
1015,0,0,457,340,117,1.0,26
1015,1,1,459,376,83,1.0,23
1023,0,0,401,459,-58,0.0,24
1023,1,1,532,279,253,1.0,25
1031,0,0,399,446,-47,0.0,22
1031,1,1,534,405,129,1.0,24
1039,0,0,385,552,-167,0.0,22
1039,1,1,532,323,209,1.0,21
1047,0,0,438,590,-152,0.0,21
1047,1,1,462,371,91,1.0,24
1055,0,0,396,368,28,1.0,23
1055,1,1,340,466,-126,0.0,24
1063,0,0,405,588,-183,0.0,21
1063,1,1,439,426,13,1.0,21
1071,0,0,576,420,156,1.0,22
1071,1,1,479,391,88,1.0,24
1079,0,0,379,440,-61,0.0,25
1079,1,1,500,340,160,1.0,23
1087,0,0,393,453,-60,0.0,24
1087,1,1,455,421,34,1.0,21
1095,0,0,383,436,-53,0.0,23
1095,1,1,358,401,-43,0.0,25
1103,0,0,485,496,-11,0.0,22
1103,1,1,475,427,48,1.0,23
1111,0,0,466,424,42,1.0,22
1111,1,1,462,466,-4,0.0,25
1119,0,0,427,415,12,1.0,28
1119,1,1,377,488,-111,0.0,24
1127,0,0,432,480,-48,0.0,25
1127,1,1,434,392,42,1.0,24
1135,0,0,398,467,-69,0.0,28
1135,1,1,413,491,-78,0.0,26
1143,0,0,406,450,-44,0.0,20
1143,1,1,532,385,147,1.0,23
1151,0,0,402,482,-80,0.0,20
1151,1,1,446,465,-19,0.0,22
1159,0,0,504,440,64,1.0,24
1159,1,1,405,501,-96,0.0,25
1167,0,0,401,527,-126,0.0,23
1167,1,1,402,403,-1,0.0,21
1175,0,0,301,465,-164,0.0,25
1175,1,1,396,460,-64,0.0,25
1183,0,0,408,452,-44,0.0,23
1183,1,1,459,513,-54,0.0,22
1191,0,0,432,466,-34,0.0,21
1191,1,1,453,390,63,1.0,22
1199,0,0,376,374,2,1.0,26
1199,1,1,351,460,-109,0.0,22
1207,0,0,482,352,130,1.0,25
1207,1,1,403,495,-92,0.0,24
1215,0,0,475,450,25,1.0,23
1215,1,1,446,426,20,1.0,24
1223,0,0,429,333,96,1.0,26
1223,1,1,322,533,-211,0.0,24
1231,0,0,325,450,-125,0.0,29
1231,1,1,503,416,87,1.0,27
1239,0,0,398,440,-42,0.0,25
1239,1,1,365,380,-15,0.0,21
1247,0,0,441,345,96,1.0,24
1247,1,1,417,404,13,1.0,27
1255,0,0,422,491,-69,0.0,24
1255,1,1,388,372,16,1.0,26
1263,0,0,344,450,-106,0.0,29
1263,1,1,339,397,-58,0.0,27
1271,0,0,405,490,-85,0.0,23
1271,1,1,538,446,92,1.0,22
1279,0,0,433,421,12,1.0,23
1279,1,1,478,424,54,1.0,22
1287,0,0,352,478,-126,0.0,26
1287,1,1,520,454,66,1.0,23
1295,0,0,464,444,20,1.0,23
1295,1,1,470,481,-11,0.0,27
1303,0,0,458,433,25,1.0,21
1303,1,1,457,383,74,1.0,20
1311,0,0,410,331,79,1.0,30
1311,1,1,448,424,24,1.0,25
1319,0,0,374,493,-119,0.0,21
1319,1,1,546,425,121,1.0,22
1327,0,0,454,382,72,1.0,24
1327,1,1,454,392,62,1.0,25
1335,0,0,409,440,-31,0.0,21
1335,1,1,334,534,-200,0.0,22
1343,0,0,511,348,163,1.0,22
1343,1,1,338,621,-283,0.0,22
1351,0,0,568,354,214,1.0,23
1351,1,1,414,582,-168,0.0,21
1359,0,0,334,398,-64,0.0,25
1359,1,1,412,325,87,1.0,21
1367,0,0,500,281,219,1.0,24
1367,1,1,414,506,-92,0.0,23
1375,0,0,407,458,-51,0.0,21
1375,1,1,465,382,83,1.0,21
1383,0,0,344,511,-167,0.0,23
1383,1,1,538,344,194,1.0,21
1391,0,0,537,367,170,1.0,24
1391,1,1,456,423,33,1.0,24
1399,0,0,462,375,87,1.0,22
1399,1,1,419,408,11,1.0,22
1407,0,0,383,529,-146,0.0,28
1407,1,1,489,385,104,1.0,24
1415,0,0,405,382,23,1.0,27
1415,1,1,434,392,42,1.0,21
1423,0,0,451,471,-20,0.0,24
1423,1,1,431,417,14,1.0,26
1431,0,0,340,482,-142,0.0,22
1431,1,1,367,433,-66,0.0,23
1439,0,0,372,463,-91,0.0,25
1439,1,1,484,378,106,1.0,24
1447,0,0,387,477,-90,0.0,22
1447,1,1,566,374,192,1.0,20
1455,0,0,463,420,43,1.0,23
1455,1,1,479,393,86,1.0,26
1463,0,0,381,422,-41,0.0,22
1463,1,1,470,351,119,1.0,24
1471,0,0,499,343,156,1.0,24
1471,1,1,435,389,46,1.0,26
1479,0,0,437,419,18,1.0,28
1479,1,1,345,488,-143,0.0,24
1487,0,0,327,417,-90,0.0,23
1487,1,1,473,403,70,1.0,20
1495,0,0,404,311,93,1.0,27
1495,1,1,457,403,54,1.0,27
1503,0,0,456,489,-33,0.0,23
1503,1,1,513,440,73,1.0,22
1511,0,0,394,349,45,1.0,30
1511,1,1,331,388,-57,0.0,36
1519,0,0,397,421,-24,0.0,21
1519,1,1,488,323,165,1.0,27
1527,0,0,448,442,6,1.0,25
1527,1,1,549,386,163,1.0,23
1535,0,0,386,454,-68,0.0,23
1535,1,1,494,498,-4,0.0,23
1543,0,0,486,371,115,1.0,23
1543,1,1,339,456,-117,0.0,22
1551,0,0,407,481,-74,0.0,27
1551,1,1,435,376,59,1.0,22
1559,0,0,454,447,7,1.0,24
1559,1,1,409,474,-65,0.0,22
1567,0,0,519,367,152,1.0,28
1567,1,1,353,452,-99,0.0,25
1575,0,0,414,472,-58,0.0,20
1575,1,1,447,505,-58,0.0,22
1583,0,0,488,461,27,1.0,20
1583,1,1,446,433,13,1.0,24
1591,0,0,428,357,71,1.0,22
1591,1,1,384,409,-25,0.0,25
1599,0,0,461,509,-48,0.0,20
1599,1,1,512,347,165,1.0,28
1607,0,0,454,429,25,1.0,27
1607,1,1,424,486,-62,0.0,24
1615,0,0,384,361,23,1.0,21
1615,1,1,382,496,-114,0.0,24
1623,0,0,492,416,76,1.0,22
1623,1,1,410,423,-13,0.0,23
1631,0,0,427,512,-85,0.0,18
1631,1,1,433,431,2,1.0,21
1639,0,0,464,346,118,1.0,20
1639,1,1,417,442,-25,0.0,22
1647,0,0,412,434,-22,0.0,23
1647,1,1,416,383,33,1.0,25
1655,0,0,424,417,7,1.0,24
1655,1,1,265,450,-185,0.0,20
1663,0,0,417,430,-13,0.0,25
1663,1,1,360,437,-77,0.0,25
1671,0,0,401,407,-6,0.0,24
1671,1,1,497,364,133,1.0,23
1679,0,0,322,493,-171,0.0,27
1679,1,1,372,288,84,1.0,27
1687,0,0,382,415,-33,0.0,24
1687,1,1,387,385,2,1.0,26
1695,0,0,321,513,-192,0.0,21
1695,1,1,477,391,86,1.0,25
1703,0,0,397,450,-53,0.0,32
1703,1,1,423,432,-9,0.0,24
1711,0,0,403,393,10,1.0,21
1711,1,1,409,438,-29,0.0,23
1719,0,0,429,366,63,1.0,23
1719,1,1,385,410,-25,0.0,26
1727,0,0,492,511,-19,0.0,20
1727,1,1,543,412,131,1.0,21
1735,0,0,274,471,-197,0.0,22
1735,1,1,479,427,52,1.0,24
1743,0,0,442,425,17,1.0,21
1743,1,1,462,518,-56,0.0,24
1751,0,0,445,340,105,1.0,23
1751,1,1,420,440,-20,0.0,22
1759,0,0,475,453,22,1.0,24
1759,1,1,460,428,32,1.0,22
1767,0,0,438,440,-2,0.0,22
1767,1,1,505,353,152,1.0,24
1775,0,0,371,456,-85,0.0,24
1775,1,1,409,381,28,1.0,26
1783,0,0,460,469,-9,0.0,22
1783,1,1,462,438,24,1.0,25
1791,0,0,432,371,61,1.0,22
1791,1,1,557,430,127,1.0,26
1799,0,0,407,406,1,1.0,27
1799,1,1,454,370,84,1.0,24
1807,0,0,364,472,-108,0.0,26
1807,1,1,453,364,89,1.0,26
1815,0,0,331,440,-109,0.0,25
1815,1,1,370,459,-89,0.0,25
1823,0,0,424,425,-1,0.0,26
1823,1,1,557,398,159,1.0,23
1831,0,0,365,504,-139,0.0,23
1831,1,1,483,429,54,1.0,23
1839,0,0,449,322,127,1.0,24
1839,1,1,323,450,-127,0.0,24
1847,0,0,495,451,44,1.0,22
1847,1,1,530,476,54,1.0,21
1855,0,0,476,410,66,1.0,22
1855,1,1,427,445,-18,0.0,22
1863,0,0,439,342,97,1.0,24
1863,1,1,457,369,88,1.0,21
1871,0,0,368,467,-99,0.0,24
1871,1,1,499,379,120,1.0,22
1879,0,0,343,453,-110,0.0,22
1879,1,1,489,408,81,1.0,22
1887,0,0,413,536,-123,0.0,21
1887,1,1,529,315,214,1.0,22
1895,0,0,397,464,-67,0.0,26
1895,1,1,451,375,76,1.0,25
1903,0,0,392,390,2,1.0,22
1903,1,1,467,427,40,1.0,23
1911,0,0,420,507,-87,0.0,23
1911,1,1,352,459,-107,0.0,24
1919,0,0,376,399,-23,0.0,32
1919,1,1,386,386,0,0.5,25
1927,0,0,468,410,58,1.0,21
1927,1,1,324,501,-177,0.0,24
1935,0,0,398,457,-59,0.0,22
1935,1,1,511,379,132,1.0,28
1943,0,0,452,483,-31,0.0,22
1943,1,1,432,412,20,1.0,24
1951,0,0,454,422,32,1.0,22
1951,1,1,514,392,122,1.0,22
1959,0,0,477,339,138,1.0,25
1959,1,1,492,375,117,1.0,22
1967,0,0,431,434,-3,0.0,22
1967,1,1,486,395,91,1.0,21
1975,0,0,411,403,8,1.0,25
1975,1,1,371,432,-61,0.0,32
1983,0,0,388,388,0,0.5,27
1983,1,1,452,391,61,1.0,23
1991,0,0,478,407,71,1.0,24
1991,1,1,386,511,-125,0.0,21
1999,0,0,351,436,-85,0.0,27
1999,1,1,468,305,163,1.0,26
