pair,game,a_seat,a_score,b_score,a_spread,a_win,turns
0,0,0,442,619,-177,0.0,24
0,1,1,495,557,-62,0.0,24
8,0,0,522,436,86,1.0,22
8,1,1,408,525,-117,0.0,20
16,0,0,884,248,636,1.0,19
16,1,1,370,610,-240,0.0,19
24,0,0,459,386,73,1.0,22
24,1,1,595,464,131,1.0,23
32,0,0,517,574,-57,0.0,21
32,1,1,584,512,72,1.0,23
40,0,0,457,470,-13,0.0,23
40,1,1,453,506,-53,0.0,25
48,0,0,424,499,-75,0.0,24
48,1,1,568,374,194,1.0,28
56,0,0,484,453,31,1.0,22
56,1,1,455,407,48,1.0,26
64,0,0,581,336,245,1.0,25
64,1,1,360,575,-215,0.0,25
72,0,0,492,359,133,1.0,24
72,1,1,508,492,16,1.0,24
80,0,0,502,475,27,1.0,23
80,1,1,461,472,-11,0.0,20
88,0,0,406,506,-100,0.0,20
88,1,1,626,424,202,1.0,20
96,0,0,605,440,165,1.0,21
96,1,1,472,531,-59,0.0,21
104,0,0,423,449,-26,0.0,22
104,1,1,505,454,51,1.0,24
112,0,0,437,481,-44,0.0,24
112,1,1,447,428,19,1.0,31
120,0,0,522,423,99,1.0,21
120,1,1,348,570,-222,0.0,22
128,0,0,397,587,-190,0.0,24
128,1,1,598,391,207,1.0,22
136,0,0,529,583,-54,0.0,21
136,1,1,568,421,147,1.0,21
144,0,0,593,515,78,1.0,23
144,1,1,471,538,-67,0.0,18
152,0,0,500,586,-86,0.0,22
152,1,1,479,461,18,1.0,23
160,0,0,445,454,-9,0.0,23
160,1,1,547,413,134,1.0,23
168,0,0,418,518,-100,0.0,22
168,1,1,552,449,103,1.0,24
176,0,0,589,474,115,1.0,24
176,1,1,578,466,112,1.0,22
184,0,0,554,387,167,1.0,24
184,1,1,397,391,6,1.0,24
192,0,0,464,516,-52,0.0,22
192,1,1,415,495,-80,0.0,26
200,0,0,507,506,1,1.0,25
200,1,1,485,453,32,1.0,23
208,0,0,455,446,9,1.0,24
208,1,1,545,460,85,1.0,20
216,0,0,571,379,192,1.0,24
216,1,1,427,569,-142,0.0,23
224,0,0,408,577,-169,0.0,24
224,1,1,497,428,69,1.0,20
232,0,0,451,343,108,1.0,30
232,1,1,488,376,112,1.0,22
240,0,0,401,481,-80,0.0,23
240,1,1,529,412,117,1.0,23
248,0,0,400,472,-72,0.0,22
248,1,1,400,499,-99,0.0,22
256,0,0,481,377,104,1.0,24
256,1,1,418,475,-57,0.0,23
264,0,0,583,473,110,1.0,20
264,1,1,428,601,-173,0.0,23
272,0,0,597,442,155,1.0,23
272,1,1,416,516,-100,0.0,25
280,0,0,540,392,148,1.0,24
280,1,1,366,504,-138,0.0,23
288,0,0,447,508,-61,0.0,23
288,1,1,434,419,15,1.0,24
296,0,0,538,376,162,1.0,23
296,1,1,425,568,-143,0.0,20
304,0,0,522,540,-18,0.0,22
304,1,1,541,510,31,1.0,21
312,0,0,443,465,-22,0.0,22
312,1,1,499,466,33,1.0,26
320,0,0,448,370,78,1.0,22
320,1,1,436,410,26,1.0,23
328,0,0,516,445,71,1.0,20
328,1,1,435,510,-75,0.0,21
336,0,0,434,403,31,1.0,24
336,1,1,501,485,16,1.0,25
344,0,0,470,489,-19,0.0,22
344,1,1,442,436,6,1.0,24
352,0,0,523,488,35,1.0,21
352,1,1,583,533,50,1.0,25
360,0,0,393,462,-69,0.0,22
360,1,1,517,523,-6,0.0,23
368,0,0,478,461,17,1.0,20
368,1,1,451,423,28,1.0,22
376,0,0,427,505,-78,0.0,26
376,1,1,604,434,170,1.0,24
384,0,0,563,470,93,1.0,24
384,1,1,470,424,46,1.0,23
392,0,0,410,557,-147,0.0,28
392,1,1,563,466,97,1.0,22
400,0,0,466,448,18,1.0,23
400,1,1,380,452,-72,0.0,21
408,0,0,450,470,-20,0.0,25
408,1,1,423,452,-29,0.0,23
416,0,0,508,320,188,1.0,31
416,1,1,406,432,-26,0.0,22
424,0,0,577,466,111,1.0,21
424,1,1,392,592,-200,0.0,24
432,0,0,443,518,-75,0.0,26
432,1,1,676,517,159,1.0,24
440,0,0,434,490,-56,0.0,21
440,1,1,491,381,110,1.0,24
448,0,0,505,474,31,1.0,21
448,1,1,501,456,45,1.0,21
456,0,0,510,495,15,1.0,22
456,1,1,454,503,-49,0.0,21
464,0,0,450,491,-41,0.0,21
464,1,1,491,453,38,1.0,20
472,0,0,548,423,125,1.0,24
472,1,1,374,567,-193,0.0,25
480,0,0,452,477,-25,0.0,23
480,1,1,516,445,71,1.0,28
488,0,0,458,519,-61,0.0,22
488,1,1,539,519,20,1.0,22
496,0,0,513,457,56,1.0,23
496,1,1,517,488,29,1.0,21
504,0,0,464,449,15,1.0,22
504,1,1,494,497,-3,0.0,21
512,0,0,538,534,4,1.0,23
512,1,1,438,537,-99,0.0,25
520,0,0,531,406,125,1.0,23
520,1,1,447,505,-58,0.0,22
528,0,0,603,457,146,1.0,21
528,1,1,407,572,-165,0.0,28
536,0,0,482,506,-24,0.0,21
536,1,1,585,423,162,1.0,22
544,0,0,517,400,117,1.0,24
544,1,1,415,453,-38,0.0,22
552,0,0,614,400,214,1.0,25
552,1,1,389,523,-134,0.0,25
560,0,0,429,386,43,1.0,26
560,1,1,326,579,-253,0.0,27
568,0,0,498,410,88,1.0,28
568,1,1,376,616,-240,0.0,26
576,0,0,494,345,149,1.0,22
576,1,1,395,433,-38,0.0,24
584,0,0,515,402,113,1.0,21
584,1,1,381,567,-186,0.0,22
592,0,0,553,520,33,1.0,23
592,1,1,390,553,-163,0.0,23
600,0,0,516,417,99,1.0,21
600,1,1,423,511,-88,0.0,21
608,0,0,505,412,93,1.0,25
608,1,1,456,512,-56,0.0,20
616,0,0,453,491,-38,0.0,26
616,1,1,557,412,145,1.0,24
624,0,0,405,417,-12,0.0,22
624,1,1,474,533,-59,0.0,23
632,0,0,424,443,-19,0.0,31
632,1,1,443,580,-137,0.0,26
640,0,0,488,426,62,1.0,25
640,1,1,441,547,-106,0.0,23
648,0,0,405,474,-69,0.0,23
648,1,1,487,420,67,1.0,20
656,0,0,466,513,-47,0.0,22
656,1,1,507,404,103,1.0,26
664,0,0,387,494,-107,0.0,28
664,1,1,517,496,21,1.0,25
672,0,0,447,527,-80,0.0,24
672,1,1,493,508,-15,0.0,21
680,0,0,388,464,-76,0.0,23
680,1,1,490,418,72,1.0,27
688,0,0,551,421,130,1.0,24
688,1,1,370,510,-140,0.0,21
696,0,0,387,504,-117,0.0,25
696,1,1,514,449,65,1.0,21
704,0,0,404,460,-56,0.0,25
704,1,1,287,554,-267,0.0,23
712,0,0,755,410,345,1.0,22
712,1,1,375,634,-259,0.0,21
720,0,0,432,462,-30,0.0,24
720,1,1,468,498,-30,0.0,24
728,0,0,514,404,110,1.0,24
728,1,1,383,520,-137,0.0,22
736,0,0,534,415,119,1.0,21
736,1,1,445,597,-152,0.0,27
744,0,0,632,329,303,1.0,22
744,1,1,362,480,-118,0.0,25
752,0,0,519,470,49,1.0,22
752,1,1,631,470,161,1.0,25
760,0,0,459,407,52,1.0,24
760,1,1,488,472,16,1.0,24
768,0,0,342,540,-198,0.0,28
768,1,1,451,452,-1,0.0,23
776,0,0,566,401,165,1.0,27
776,1,1,554,510,44,1.0,24
784,0,0,410,523,-113,0.0,23
784,1,1,475,459,16,1.0,27
792,0,0,403,529,-126,0.0,22
792,1,1,471,427,44,1.0,26
800,0,0,460,587,-127,0.0,23
800,1,1,513,511,2,1.0,19
808,0,0,512,394,118,1.0,22
808,1,1,416,406,10,1.0,27
816,0,0,505,476,29,1.0,24
816,1,1,490,404,86,1.0,23
824,0,0,621,351,270,1.0,19
824,1,1,414,573,-159,0.0,22
832,0,0,523,487,36,1.0,24
832,1,1,435,529,-94,0.0,25
840,0,0,555,426,129,1.0,25
840,1,1,354,519,-165,0.0,21
848,0,0,403,515,-112,0.0,26
848,1,1,440,450,-10,0.0,25
856,0,0,547,405,142,1.0,22
856,1,1,375,499,-124,0.0,25
864,0,0,436,566,-130,0.0,25
864,1,1,687,397,290,1.0,24
872,0,0,462,500,-38,0.0,23
872,1,1,611,443,168,1.0,20
880,0,0,411,556,-145,0.0,20
880,1,1,461,465,-4,0.0,22
888,0,0,563,487,76,1.0,23
888,1,1,528,451,77,1.0,23
896,0,0,458,482,-24,0.0,23
896,1,1,538,461,77,1.0,24
904,0,0,364,447,-83,0.0,23
904,1,1,456,463,-7,0.0,22
912,0,0,466,512,-46,0.0,25
912,1,1,533,419,114,1.0,21
920,0,0,586,409,177,1.0,21
920,1,1,415,476,-61,0.0,24
928,0,0,391,606,-215,0.0,21
928,1,1,543,461,82,1.0,21
936,0,0,473,407,66,1.0,25
936,1,1,421,405,16,1.0,27
944,0,0,416,561,-145,0.0,24
944,1,1,471,478,-7,0.0,27
952,0,0,507,392,115,1.0,24
952,1,1,412,478,-66,0.0,24
960,0,0,427,493,-66,0.0,25
960,1,1,395,494,-99,0.0,31
968,0,0,526,538,-12,0.0,22
968,1,1,546,446,100,1.0,25
976,0,0,419,465,-46,0.0,24
976,1,1,491,441,50,1.0,27
984,0,0,521,451,70,1.0,23
984,1,1,510,417,93,1.0,25
992,0,0,403,445,-42,0.0,21
992,1,1,446,503,-57,0.0,25
1000,0,0,500,473,27,1.0,20
1000,1,1,462,490,-28,0.0,23
1008,0,0,481,529,-48,0.0,22
1008,1,1,465,514,-49,0.0,21
1016,0,0,467,433,34,1.0,30
1016,1,1,428,499,-71,0.0,24
1024,0,0,526,446,80,1.0,25
1024,1,1,598,404,194,1.0,22
1032,0,0,457,428,29,1.0,27
1032,1,1,436,462,-26,0.0,26
1040,0,0,412,591,-179,0.0,20
1040,1,1,609,345,264,1.0,20
1048,0,0,603,277,326,1.0,23
1048,1,1,338,724,-386,0.0,22
1056,0,0,501,434,67,1.0,22
1056,1,1,537,444,93,1.0,22
1064,0,0,440,495,-55,0.0,24
1064,1,1,456,458,-2,0.0,25
1072,0,0,431,487,-56,0.0,21
1072,1,1,500,428,72,1.0,20
1080,0,0,384,466,-82,0.0,23
1080,1,1,509,483,26,1.0,21
1088,0,0,481,385,96,1.0,23
1088,1,1,345,519,-174,0.0,23
1096,0,0,526,405,121,1.0,22
1096,1,1,431,548,-117,0.0,20
1104,0,0,462,443,19,1.0,23
1104,1,1,357,445,-88,0.0,23
1112,0,0,484,397,87,1.0,24
1112,1,1,506,363,143,1.0,26
1120,0,0,445,620,-175,0.0,21
1120,1,1,458,536,-78,0.0,24
1128,0,0,521,402,119,1.0,27
1128,1,1,494,522,-28,0.0,21
1136,0,0,474,450,24,1.0,22
1136,1,1,437,511,-74,0.0,30
1144,0,0,418,508,-90,0.0,24
1144,1,1,472,428,44,1.0,22
1152,0,0,510,502,8,1.0,24
1152,1,1,648,481,167,1.0,20
1160,0,0,413,441,-28,0.0,23
1160,1,1,407,470,-63,0.0,26
1168,0,0,475,532,-57,0.0,30
1168,1,1,502,402,100,1.0,23
1176,0,0,452,448,4,1.0,21
1176,1,1,549,420,129,1.0,24
1184,0,0,407,442,-35,0.0,25
1184,1,1,497,447,50,1.0,23
1192,0,0,470,505,-35,0.0,21
1192,1,1,500,513,-13,0.0,20
1200,0,0,535,508,27,1.0,23
1200,1,1,432,407,25,1.0,25
1208,0,0,528,389,139,1.0,23
1208,1,1,470,439,31,1.0,27
1216,0,0,463,556,-93,0.0,25
1216,1,1,571,431,140,1.0,26
1224,0,0,542,491,51,1.0,21
1224,1,1,506,520,-14,0.0,22
1232,0,0,517,435,82,1.0,22
1232,1,1,465,477,-12,0.0,21
1240,0,0,526,540,-14,0.0,22
1240,1,1,465,625,-160,0.0,23
1248,0,0,555,394,161,1.0,23
1248,1,1,468,497,-29,0.0,24
1256,0,0,485,418,67,1.0,29
1256,1,1,433,517,-84,0.0,24
1264,0,0,614,455,159,1.0,25
1264,1,1,519,599,-80,0.0,22
1272,0,0,526,437,89,1.0,26
1272,1,1,457,403,54,1.0,24
1280,0,0,482,495,-13,0.0,23
1280,1,1,508,485,23,1.0,22
1288,0,0,381,494,-113,0.0,22
1288,1,1,556,407,149,1.0,22
1296,0,0,555,426,129,1.0,21
1296,1,1,526,471,55,1.0,21
1304,0,0,328,526,-198,0.0,34
1304,1,1,531,416,115,1.0,22
1312,0,0,466,436,30,1.0,21
1312,1,1,502,479,23,1.0,24
1320,0,0,428,550,-122,0.0,24
1320,1,1,560,342,218,1.0,24
1328,0,0,411,527,-116,0.0,23
1328,1,1,542,469,73,1.0,23
1336,0,0,524,457,67,1.0,22
1336,1,1,433,453,-20,0.0,21
1344,0,0,548,446,102,1.0,22
1344,1,1,437,533,-96,0.0,25
1352,0,0,510,479,31,1.0,23
1352,1,1,396,502,-106,0.0,21
1360,0,0,501,484,17,1.0,23
1360,1,1,505,503,2,1.0,23
1368,0,0,600,457,143,1.0,24
1368,1,1,526,476,50,1.0,24
1376,0,0,518,397,121,1.0,25
1376,1,1,450,506,-56,0.0,26
1384,0,0,473,519,-46,0.0,22
1384,1,1,527,366,161,1.0,21
1392,0,0,447,430,17,1.0,24
1392,1,1,498,541,-43,0.0,23
1400,0,0,461,419,42,1.0,27
1400,1,1,467,552,-85,0.0,24
1408,0,0,475,452,23,1.0,26
1408,1,1,488,386,102,1.0,20
1416,0,0,510,459,51,1.0,24
1416,1,1,377,514,-137,0.0,25
1424,0,0,513,462,51,1.0,27
1424,1,1,568,424,144,1.0,27
1432,0,0,572,468,104,1.0,24
1432,1,1,437,537,-100,0.0,21
1440,0,0,484,541,-57,0.0,23
1440,1,1,539,434,105,1.0,26
1448,0,0,504,402,102,1.0,23
1448,1,1,477,500,-23,0.0,26
1456,0,0,451,634,-183,0.0,20
1456,1,1,488,466,22,1.0,23
1464,0,0,431,526,-95,0.0,26
1464,1,1,604,422,182,1.0,23
1472,0,0,518,530,-12,0.0,26
1472,1,1,483,452,31,1.0,25
1480,0,0,591,492,99,1.0,23
1480,1,1,391,565,-174,0.0,24
1488,0,0,473,501,-28,0.0,22
1488,1,1,423,506,-83,0.0,21
1496,0,0,446,473,-27,0.0,29
1496,1,1,600,406,194,1.0,29
1504,0,0,508,534,-26,0.0,24
1504,1,1,582,397,185,1.0,22
1512,0,0,405,485,-80,0.0,23
1512,1,1,504,441,63,1.0,22
1520,0,0,477,391,86,1.0,27
1520,1,1,404,507,-103,0.0,25
1528,0,0,557,515,42,1.0,21
1528,1,1,466,585,-119,0.0,24
1536,0,0,478,443,35,1.0,26
1536,1,1,413,567,-154,0.0,25
1544,0,0,453,401,52,1.0,22
1544,1,1,339,505,-166,0.0,21
1552,0,0,487,639,-152,0.0,23
1552,1,1,525,446,79,1.0,21
1560,0,0,442,418,24,1.0,27
1560,1,1,465,464,1,1.0,25
1568,0,0,477,453,24,1.0,21
1568,1,1,493,408,85,1.0,23
1576,0,0,368,474,-106,0.0,26
1576,1,1,447,452,-5,0.0,21
1584,0,0,504,431,73,1.0,27
1584,1,1,447,464,-17,0.0,25
1592,0,0,523,486,37,1.0,27
1592,1,1,524,495,29,1.0,24
1600,0,0,497,465,32,1.0,23
1600,1,1,479,475,4,1.0,24
1608,0,0,517,407,110,1.0,24
1608,1,1,395,435,-40,0.0,25
1616,0,0,513,458,55,1.0,21
1616,1,1,425,456,-31,0.0,23
1624,0,0,513,472,41,1.0,22
1624,1,1,648,522,126,1.0,23
1632,0,0,545,510,35,1.0,24
1632,1,1,414,474,-60,0.0,22
1640,0,0,484,494,-10,0.0,20
1640,1,1,451,600,-149,0.0,25
1648,0,0,477,414,63,1.0,24
1648,1,1,517,496,21,1.0,25
1656,0,0,396,475,-79,0.0,26
1656,1,1,418,445,-27,0.0,22
1664,0,0,365,511,-146,0.0,27
1664,1,1,530,391,139,1.0,23
1672,0,0,524,355,169,1.0,23
1672,1,1,507,525,-18,0.0,24
1680,0,0,429,555,-126,0.0,21
1680,1,1,569,498,71,1.0,21
1688,0,0,406,383,23,1.0,26
1688,1,1,444,492,-48,0.0,23
1696,0,0,339,507,-168,0.0,26
1696,1,1,559,473,86,1.0,22
1704,0,0,453,457,-4,0.0,23
1704,1,1,393,457,-64,0.0,21
1712,0,0,495,521,-26,0.0,20
1712,1,1,518,501,17,1.0,20
1720,0,0,569,499,70,1.0,24
1720,1,1,348,574,-226,0.0,22
1728,0,0,544,482,62,1.0,22
1728,1,1,514,485,29,1.0,20
1736,0,0,408,584,-176,0.0,24
1736,1,1,609,418,191,1.0,24
1744,0,0,441,640,-199,0.0,25
1744,1,1,395,464,-69,0.0,29
1752,0,0,459,649,-190,0.0,22
1752,1,1,584,494,90,1.0,23
1760,0,0,489,470,19,1.0,21
1760,1,1,626,384,242,1.0,22
1768,0,0,628,425,203,1.0,21
1768,1,1,519,502,17,1.0,22
1776,0,0,441,502,-61,0.0,21
1776,1,1,502,542,-40,0.0,25
1784,0,0,569,444,125,1.0,22
1784,1,1,457,534,-77,0.0,23
1792,0,0,470,542,-72,0.0,21
1792,1,1,406,485,-79,0.0,28
1800,0,0,477,510,-33,0.0,23
1800,1,1,468,446,22,1.0,21
1808,0,0,421,509,-88,0.0,21
1808,1,1,496,493,3,1.0,25
1816,0,0,407,463,-56,0.0,22
1816,1,1,556,397,159,1.0,22
1824,0,0,414,549,-135,0.0,21
1824,1,1,453,443,10,1.0,26
1832,0,0,432,558,-126,0.0,22
1832,1,1,468,472,-4,0.0,23
1840,0,0,501,554,-53,0.0,22
1840,1,1,470,488,-18,0.0,25
1848,0,0,457,512,-55,0.0,23
1848,1,1,511,382,129,1.0,23
1856,0,0,394,462,-68,0.0,24
1856,1,1,428,506,-78,0.0,23
1864,0,0,356,457,-101,0.0,23
1864,1,1,413,518,-105,0.0,24
1872,0,0,487,559,-72,0.0,24
1872,1,1,525,515,10,1.0,25
1880,0,0,474,471,3,1.0,22
1880,1,1,611,438,173,1.0,24
1888,0,0,568,438,130,1.0,20
1888,1,1,379,445,-66,0.0,24
1896,0,0,368,481,-113,0.0,22
1896,1,1,537,422,115,1.0,28
1904,0,0,504,436,68,1.0,22
1904,1,1,390,530,-140,0.0,25
1912,0,0,442,471,-29,0.0,22
1912,1,1,435,533,-98,0.0,25
1920,0,0,415,590,-175,0.0,22
1920,1,1,590,393,197,1.0,22
1928,0,0,448,565,-117,0.0,22
1928,1,1,623,416,207,1.0,21
1936,0,0,459,544,-85,0.0,18
1936,1,1,565,599,-34,0.0,21
1944,0,0,481,413,68,1.0,23
1944,1,1,451,495,-44,0.0,22
1952,0,0,535,377,158,1.0,23
1952,1,1,352,531,-179,0.0,24
1960,0,0,520,464,56,1.0,25
1960,1,1,501,578,-77,0.0,27
1968,0,0,512,465,47,1.0,21
1968,1,1,458,509,-51,0.0,23
1976,0,0,470,487,-17,0.0,26
1976,1,1,469,462,7,1.0,23
1984,0,0,500,372,128,1.0,20
1984,1,1,437,443,-6,0.0,28
1992,0,0,487,521,-34,0.0,23
1992,1,1,473,400,73,1.0,26
pair,game,a_seat,a_score,b_score,a_spread,a_win,turns
1,0,0,402,484,-82,0.0,23
1,1,1,585,377,208,1.0,23
9,0,0,449,438,11,1.0,24
9,1,1,597,464,133,1.0,21
17,0,0,476,568,-92,0.0,19
17,1,1,500,486,14,1.0,23
25,0,0,481,477,4,1.0,18
25,1,1,580,534,46,1.0,21
33,0,0,558,537,21,1.0,23
33,1,1,428,491,-63,0.0,24
41,0,0,424,430,-6,0.0,22
41,1,1,471,439,32,1.0,22
49,0,0,548,455,93,1.0,22
49,1,1,372,468,-96,0.0,25
57,0,0,499,440,59,1.0,23
57,1,1,479,466,13,1.0,22
65,0,0,583,521,62,1.0,23
65,1,1,575,436,139,1.0,25
73,0,0,475,429,46,1.0,22
73,1,1,360,521,-161,0.0,22
81,0,0,594,413,181,1.0,25
81,1,1,357,535,-178,0.0,23
89,0,0,467,368,99,1.0,25
89,1,1,530,489,41,1.0,23
97,0,0,492,480,12,1.0,24
97,1,1,462,430,32,1.0,24
105,0,0,513,564,-51,0.0,29
105,1,1,580,411,169,1.0,23
113,0,0,425,565,-140,0.0,25
113,1,1,540,482,58,1.0,21
121,0,0,400,566,-166,0.0,21
121,1,1,450,352,98,1.0,25
129,0,0,466,424,42,1.0,24
129,1,1,472,432,40,1.0,23
137,0,0,402,458,-56,0.0,22
137,1,1,475,447,28,1.0,22
145,0,0,425,465,-40,0.0,22
145,1,1,393,489,-96,0.0,23
153,0,0,494,470,24,1.0,24
153,1,1,494,523,-29,0.0,24
161,0,0,594,427,167,1.0,22
161,1,1,379,511,-132,0.0,25
169,0,0,379,537,-158,0.0,23
169,1,1,655,389,266,1.0,20
177,0,0,407,481,-74,0.0,22
177,1,1,428,439,-11,0.0,24
185,0,0,463,426,37,1.0,25
185,1,1,466,499,-33,0.0,22
193,0,0,368,461,-93,0.0,26
193,1,1,469,419,50,1.0,22
201,0,0,494,481,13,1.0,21
201,1,1,518,439,79,1.0,24
209,0,0,451,442,9,1.0,22
209,1,1,496,569,-73,0.0,24
217,0,0,435,444,-9,0.0,22
217,1,1,478,490,-12,0.0,23
225,0,0,413,318,95,1.0,26
225,1,1,634,435,199,1.0,19
233,0,0,516,533,-17,0.0,22
233,1,1,507,511,-4,0.0,23
241,0,0,452,590,-138,0.0,23
241,1,1,516,461,55,1.0,23
249,0,0,547,464,83,1.0,20
249,1,1,489,517,-28,0.0,24
257,0,0,578,396,182,1.0,21
257,1,1,358,481,-123,0.0,22
265,0,0,405,498,-93,0.0,22
265,1,1,574,436,138,1.0,20
273,0,0,460,472,-12,0.0,23
273,1,1,444,510,-66,0.0,30
281,0,0,374,465,-91,0.0,23
281,1,1,471,430,41,1.0,23
289,0,0,440,561,-121,0.0,23
289,1,1,555,434,121,1.0,23
297,0,0,517,422,95,1.0,22
297,1,1,465,546,-81,0.0,20
305,0,0,532,429,103,1.0,24
305,1,1,433,475,-42,0.0,21
313,0,0,433,501,-68,0.0,26
313,1,1,427,409,18,1.0,24
321,0,0,450,281,169,1.0,27
321,1,1,437,456,-19,0.0,25
329,0,0,498,556,-58,0.0,21
329,1,1,636,412,224,1.0,22
337,0,0,539,420,119,1.0,38
337,1,1,459,398,61,1.0,23
345,0,0,540,502,38,1.0,22
345,1,1,479,515,-36,0.0,23
353,0,0,547,510,37,1.0,20
353,1,1,470,463,7,1.0,23
361,0,0,478,559,-81,0.0,23
361,1,1,439,427,12,1.0,25
369,0,0,459,434,25,1.0,23
369,1,1,496,433,63,1.0,25
377,0,0,402,541,-139,0.0,25
377,1,1,594,390,204,1.0,23
385,0,0,465,445,20,1.0,23
385,1,1,396,456,-60,0.0,24
393,0,0,593,374,219,1.0,23
393,1,1,564,480,84,1.0,19
401,0,0,477,488,-11,0.0,26
401,1,1,566,409,157,1.0,27
409,0,0,515,379,136,1.0,25
409,1,1,416,491,-75,0.0,23
417,0,0,499,412,87,1.0,22
417,1,1,423,553,-130,0.0,22
425,0,0,576,544,32,1.0,23
425,1,1,492,560,-68,0.0,23
433,0,0,469,323,146,1.0,25
433,1,1,343,573,-230,0.0,26
441,0,0,323,519,-196,0.0,22
441,1,1,445,401,44,1.0,25
449,0,0,499,493,6,1.0,23
449,1,1,534,461,73,1.0,22
457,0,0,497,477,20,1.0,19
457,1,1,404,502,-98,0.0,24
465,0,0,431,519,-88,0.0,27
465,1,1,450,619,-169,0.0,22
473,0,0,420,558,-138,0.0,22
473,1,1,603,462,141,1.0,24
481,0,0,371,635,-264,0.0,21
481,1,1,520,368,152,1.0,21
489,0,0,504,514,-10,0.0,22
489,1,1,530,491,39,1.0,22
497,0,0,369,533,-164,0.0,25
497,1,1,556,491,65,1.0,24
505,0,0,346,495,-149,0.0,27
505,1,1,457,375,82,1.0,25
513,0,0,619,334,285,1.0,22
513,1,1,343,487,-144,0.0,28
521,0,0,501,508,-7,0.0,23
521,1,1,505,463,42,1.0,24
529,0,0,456,521,-65,0.0,23
529,1,1,536,432,104,1.0,22
537,0,0,460,438,22,1.0,24
537,1,1,437,499,-62,0.0,23
545,0,0,457,486,-29,0.0,23
545,1,1,480,507,-27,0.0,26
553,0,0,470,558,-88,0.0,21
553,1,1,484,562,-78,0.0,21
561,0,0,506,501,5,1.0,24
561,1,1,630,321,309,1.0,21
569,0,0,431,350,81,1.0,24
569,1,1,381,480,-99,0.0,25
577,0,0,521,478,43,1.0,22
577,1,1,470,577,-107,0.0,23
585,0,0,499,414,85,1.0,25
585,1,1,597,475,122,1.0,22
593,0,0,400,515,-115,0.0,25
593,1,1,473,472,1,1.0,21
601,0,0,462,415,47,1.0,23
601,1,1,417,502,-85,0.0,25
609,0,0,432,536,-104,0.0,22
609,1,1,472,543,-71,0.0,24
617,0,0,561,329,232,1.0,22
617,1,1,463,532,-69,0.0,22
625,0,0,353,518,-165,0.0,21
625,1,1,475,429,46,1.0,24
633,0,0,454,498,-44,0.0,22
633,1,1,454,450,4,1.0,21
641,0,0,482,527,-45,0.0,24
641,1,1,550,451,99,1.0,22
649,0,0,431,555,-124,0.0,26
649,1,1,500,521,-21,0.0,27
657,0,0,414,468,-54,0.0,25
657,1,1,473,494,-21,0.0,21
665,0,0,455,655,-200,0.0,29
665,1,1,622,419,203,1.0,24
673,0,0,513,448,65,1.0,22
673,1,1,490,501,-11,0.0,19
681,0,0,396,565,-169,0.0,22
681,1,1,628,347,281,1.0,23
689,0,0,435,587,-152,0.0,23
689,1,1,390,463,-73,0.0,22
697,0,0,514,500,14,1.0,22
697,1,1,523,448,75,1.0,22
705,0,0,475,521,-46,0.0,24
705,1,1,610,404,206,1.0,22
713,0,0,529,492,37,1.0,23
713,1,1,429,510,-81,0.0,22
721,0,0,436,471,-35,0.0,23
721,1,1,565,489,76,1.0,25
729,0,0,410,567,-157,0.0,24
729,1,1,607,397,210,1.0,25
737,0,0,645,369,276,1.0,24
737,1,1,498,463,35,1.0,21
745,0,0,515,445,70,1.0,23
745,1,1,401,469,-68,0.0,24
753,0,0,492,514,-22,0.0,25
753,1,1,411,505,-94,0.0,23
761,0,0,319,601,-282,0.0,21
761,1,1,598,404,194,1.0,21
769,0,0,503,522,-19,0.0,26
769,1,1,506,517,-11,0.0,26
777,0,0,452,442,10,1.0,26
777,1,1,520,483,37,1.0,22
785,0,0,502,381,121,1.0,22
785,1,1,451,536,-85,0.0,23
793,0,0,397,424,-27,0.0,25
793,1,1,441,509,-68,0.0,24
801,0,0,419,517,-98,0.0,24
801,1,1,582,319,263,1.0,21
809,0,0,532,626,-94,0.0,20
809,1,1,439,464,-25,0.0,24
817,0,0,585,390,195,1.0,23
817,1,1,410,562,-152,0.0,30
825,0,0,600,407,193,1.0,20
825,1,1,519,434,85,1.0,23
833,0,0,542,384,158,1.0,26
833,1,1,431,542,-111,0.0,23
841,0,0,406,586,-180,0.0,25
841,1,1,453,331,122,1.0,23
849,0,0,507,501,6,1.0,22
849,1,1,538,518,20,1.0,22
857,0,0,521,538,-17,0.0,22
857,1,1,450,573,-123,0.0,22
865,0,0,502,485,17,1.0,24
865,1,1,468,454,14,1.0,22
873,0,0,513,516,-3,0.0,20
873,1,1,468,494,-26,0.0,20
881,0,0,568,375,193,1.0,18
881,1,1,524,540,-16,0.0,21
889,0,0,414,535,-121,0.0,24
889,1,1,530,400,130,1.0,23
897,0,0,569,453,116,1.0,23
897,1,1,447,602,-155,0.0,26
905,0,0,456,566,-110,0.0,26
905,1,1,504,400,104,1.0,28
913,0,0,502,423,79,1.0,22
913,1,1,335,515,-180,0.0,28
921,0,0,489,548,-59,0.0,23
921,1,1,517,485,32,1.0,21
929,0,0,389,532,-143,0.0,24
929,1,1,591,324,267,1.0,24
937,0,0,546,404,142,1.0,24
937,1,1,387,609,-222,0.0,24
945,0,0,431,642,-211,0.0,21
945,1,1,498,490,8,1.0,22
953,0,0,476,493,-17,0.0,22
953,1,1,484,404,80,1.0,26
961,0,0,503,623,-120,0.0,17
961,1,1,581,560,21,1.0,21
969,0,0,360,524,-164,0.0,23
969,1,1,471,424,47,1.0,22
977,0,0,416,511,-95,0.0,22
977,1,1,592,378,214,1.0,21
985,0,0,449,517,-68,0.0,21
985,1,1,491,391,100,1.0,24
993,0,0,410,421,-11,0.0,23
993,1,1,392,481,-89,0.0,24
1001,0,0,463,471,-8,0.0,24
1001,1,1,488,413,75,1.0,23
1009,0,0,437,554,-117,0.0,22
1009,1,1,507,437,70,1.0,22
1017,0,0,411,530,-119,0.0,22
1017,1,1,318,608,-290,0.0,24
1025,0,0,552,427,125,1.0,19
1025,1,1,474,605,-131,0.0,21
1033,0,0,517,526,-9,0.0,20
1033,1,1,475,461,14,1.0,24
1041,0,0,443,460,-17,0.0,22
1041,1,1,470,376,94,1.0,25
1049,0,0,499,496,3,1.0,27
1049,1,1,481,510,-29,0.0,24
1057,0,0,476,458,18,1.0,21
1057,1,1,466,362,104,1.0,23
1065,0,0,493,317,176,1.0,25
1065,1,1,378,456,-78,0.0,27
1073,0,0,462,626,-164,0.0,22
1073,1,1,472,425,47,1.0,24
1081,0,0,472,524,-52,0.0,23
1081,1,1,582,418,164,1.0,22
1089,0,0,504,544,-40,0.0,21
1089,1,1,519,444,75,1.0,22
1097,0,0,365,581,-216,0.0,22
1097,1,1,564,317,247,1.0,22
1105,0,0,448,380,68,1.0,22
1105,1,1,515,418,97,1.0,28
1113,0,0,473,480,-7,0.0,30
1113,1,1,590,400,190,1.0,24
1121,0,0,452,372,80,1.0,23
1121,1,1,471,467,4,1.0,24
1129,0,0,516,331,185,1.0,22
1129,1,1,535,436,99,1.0,25
1137,0,0,540,401,139,1.0,24
1137,1,1,514,544,-30,0.0,24
1145,0,0,548,370,178,1.0,27
1145,1,1,404,392,12,1.0,22
1153,0,0,511,447,64,1.0,20
1153,1,1,497,553,-56,0.0,22
1161,0,0,448,438,10,1.0,24
1161,1,1,506,408,98,1.0,27
1169,0,0,541,463,78,1.0,23
1169,1,1,508,551,-43,0.0,25
1177,0,0,507,386,121,1.0,22
1177,1,1,469,516,-47,0.0,21
1185,0,0,380,562,-182,0.0,21
1185,1,1,559,383,176,1.0,22
1193,0,0,600,453,147,1.0,23
1193,1,1,487,540,-53,0.0,25
1201,0,0,510,429,81,1.0,23
1201,1,1,414,508,-94,0.0,21
1209,0,0,459,456,3,1.0,23
1209,1,1,508,448,60,1.0,21
1217,0,0,530,480,50,1.0,22
1217,1,1,519,530,-11,0.0,22
1225,0,0,527,453,74,1.0,21
1225,1,1,485,436,49,1.0,24
1233,0,0,427,585,-158,0.0,21
1233,1,1,546,584,-38,0.0,21
1241,0,0,422,574,-152,0.0,22
1241,1,1,602,356,246,1.0,23
1249,0,0,399,515,-116,0.0,24
1249,1,1,547,478,69,1.0,22
1257,0,0,324,560,-236,0.0,22
1257,1,1,539,397,142,1.0,21
1265,0,0,510,572,-62,0.0,23
1265,1,1,652,364,288,1.0,22
1273,0,0,574,532,42,1.0,20
1273,1,1,486,484,2,1.0,24
1281,0,0,416,519,-103,0.0,21
1281,1,1,410,458,-48,0.0,23
1289,0,0,406,393,13,1.0,23
1289,1,1,482,487,-5,0.0,27
1297,0,0,559,518,41,1.0,24
1297,1,1,519,630,-111,0.0,19
1305,0,0,397,466,-69,0.0,23
1305,1,1,586,437,149,1.0,22
1313,0,0,397,437,-40,0.0,22
1313,1,1,624,391,233,1.0,25
1321,0,0,494,532,-38,0.0,22
1321,1,1,562,502,60,1.0,23
1329,0,0,522,512,10,1.0,25
1329,1,1,461,427,34,1.0,25
1337,0,0,398,553,-155,0.0,24
1337,1,1,510,454,56,1.0,25
1345,0,0,519,499,20,1.0,22
1345,1,1,423,454,-31,0.0,24
1353,0,0,510,562,-52,0.0,21
1353,1,1,448,519,-71,0.0,25
1361,0,0,420,458,-38,0.0,25
1361,1,1,556,474,82,1.0,26
1369,0,0,471,385,86,1.0,27
1369,1,1,398,559,-161,0.0,26
1377,0,0,547,469,78,1.0,20
1377,1,1,495,454,41,1.0,27
1385,0,0,460,436,24,1.0,20
1385,1,1,487,583,-96,0.0,22
1393,0,0,427,564,-137,0.0,23
1393,1,1,543,458,85,1.0,23
1401,0,0,469,567,-98,0.0,19
1401,1,1,520,374,146,1.0,22
1409,0,0,521,512,9,1.0,22
1409,1,1,530,432,98,1.0,23
1417,0,0,574,437,137,1.0,21
1417,1,1,536,474,62,1.0,23
1425,0,0,454,545,-91,0.0,25
1425,1,1,559,500,59,1.0,22
1433,0,0,490,438,52,1.0,24
1433,1,1,372,519,-147,0.0,24
1441,0,0,470,550,-80,0.0,19
1441,1,1,482,549,-67,0.0,25
1449,0,0,566,469,97,1.0,21
1449,1,1,538,596,-58,0.0,20
1457,0,0,504,536,-32,0.0,21
1457,1,1,480,494,-14,0.0,23
1465,0,0,611,464,147,1.0,24
1465,1,1,509,471,38,1.0,24
1473,0,0,440,471,-31,0.0,25
1473,1,1,395,495,-100,0.0,24
1481,0,0,522,376,146,1.0,25
1481,1,1,421,501,-80,0.0,23
1489,0,0,498,423,75,1.0,24
1489,1,1,478,403,75,1.0,28
1497,0,0,531,391,140,1.0,22
1497,1,1,425,465,-40,0.0,23
1505,0,0,447,648,-201,0.0,22
1505,1,1,583,479,104,1.0,22
1513,0,0,501,471,30,1.0,21
1513,1,1,448,458,-10,0.0,22
1521,0,0,480,461,19,1.0,21
1521,1,1,437,520,-83,0.0,25
1529,0,0,513,413,100,1.0,22
1529,1,1,440,566,-126,0.0,24
1537,0,0,426,449,-23,0.0,25
1537,1,1,370,517,-147,0.0,22
1545,0,0,472,478,-6,0.0,24
1545,1,1,405,433,-28,0.0,26
1553,0,0,455,413,42,1.0,30
1553,1,1,491,365,126,1.0,27
1561,0,0,429,597,-168,0.0,23
1561,1,1,547,355,192,1.0,22
1569,0,0,609,439,170,1.0,23
1569,1,1,457,494,-37,0.0,21
1577,0,0,517,369,148,1.0,24
1577,1,1,468,455,13,1.0,23
1585,0,0,434,442,-8,0.0,24
1585,1,1,549,442,107,1.0,24
1593,0,0,384,527,-143,0.0,21
1593,1,1,507,488,19,1.0,20
1601,0,0,451,511,-60,0.0,20
1601,1,1,688,470,218,1.0,24
1609,0,0,383,578,-195,0.0,21
1609,1,1,542,549,-7,0.0,20
1617,0,0,514,425,89,1.0,26
1617,1,1,546,413,133,1.0,24
1625,0,0,368,505,-137,0.0,25
1625,1,1,454,369,85,1.0,25
1633,0,0,498,378,120,1.0,22
1633,1,1,383,465,-82,0.0,23
1641,0,0,450,532,-82,0.0,22
1641,1,1,529,351,178,1.0,31
1649,0,0,517,431,86,1.0,26
1649,1,1,481,502,-21,0.0,20
1657,0,0,486,397,89,1.0,22
1657,1,1,476,511,-35,0.0,20
1665,0,0,461,460,1,1.0,23
1665,1,1,595,487,108,1.0,25
1673,0,0,549,406,143,1.0,22
1673,1,1,357,595,-238,0.0,24
1681,0,0,472,475,-3,0.0,28
1681,1,1,394,526,-132,0.0,24
1689,0,0,412,491,-79,0.0,25
1689,1,1,412,532,-120,0.0,22
1697,0,0,345,507,-162,0.0,24
1697,1,1,469,508,-39,0.0,20
1705,0,0,376,538,-162,0.0,23
1705,1,1,459,451,8,1.0,25
1713,0,0,394,429,-35,0.0,24
1713,1,1,563,445,118,1.0,25
1721,0,0,494,473,21,1.0,25
1721,1,1,510,499,11,1.0,27
1729,0,0,567,481,86,1.0,25
1729,1,1,366,551,-185,0.0,24
1737,0,0,488,437,51,1.0,23
1737,1,1,452,434,18,1.0,23
1745,0,0,592,456,136,1.0,22
1745,1,1,469,547,-78,0.0,21
1753,0,0,431,391,40,1.0,23
1753,1,1,478,396,82,1.0,22
1761,0,0,493,508,-15,0.0,25
1761,1,1,530,424,106,1.0,25
1769,0,0,392,516,-124,0.0,20
1769,1,1,508,342,166,1.0,25
1777,0,0,400,590,-190,0.0,26
1777,1,1,420,377,43,1.0,29
1785,0,0,427,483,-56,0.0,27
1785,1,1,385,445,-60,0.0,26
1793,0,0,488,395,93,1.0,22
1793,1,1,462,495,-33,0.0,23
1801,0,0,374,571,-197,0.0,25
1801,1,1,606,448,158,1.0,25
1809,0,0,551,484,67,1.0,23
1809,1,1,430,567,-137,0.0,22
1817,0,0,417,526,-109,0.0,23
1817,1,1,389,549,-160,0.0,23
1825,0,0,555,471,84,1.0,26
1825,1,1,414,459,-45,0.0,23
1833,0,0,384,581,-197,0.0,22
1833,1,1,629,302,327,1.0,25
1841,0,0,434,483,-49,0.0,19
1841,1,1,461,638,-177,0.0,20
1849,0,0,556,456,100,1.0,25
1849,1,1,494,516,-22,0.0,20
1857,0,0,490,473,17,1.0,21
1857,1,1,434,470,-36,0.0,25
1865,0,0,460,477,-17,0.0,22
1865,1,1,574,491,83,1.0,25
1873,0,0,492,573,-81,0.0,20
1873,1,1,684,385,299,1.0,19
1881,0,0,480,543,-63,0.0,20
1881,1,1,506,457,49,1.0,25
1889,0,0,384,410,-26,0.0,24
1889,1,1,472,441,31,1.0,24
1897,0,0,585,473,112,1.0,22
1897,1,1,483,369,114,1.0,28
1905,0,0,428,436,-8,0.0,22
1905,1,1,442,467,-25,0.0,26
1913,0,0,409,429,-20,0.0,23
1913,1,1,452,453,-1,0.0,24
1921,0,0,528,483,45,1.0,23
1921,1,1,487,456,31,1.0,26
1929,0,0,373,488,-115,0.0,23
1929,1,1,449,375,74,1.0,25
1937,0,0,543,366,177,1.0,24
1937,1,1,380,510,-130,0.0,22
1945,0,0,406,476,-70,0.0,23
1945,1,1,538,407,131,1.0,23
1953,0,0,470,465,5,1.0,23
1953,1,1,428,441,-13,0.0,24
1961,0,0,423,369,54,1.0,23
1961,1,1,393,564,-171,0.0,24
1969,0,0,553,415,138,1.0,23
1969,1,1,446,484,-38,0.0,24
1977,0,0,548,368,180,1.0,25
1977,1,1,434,499,-65,0.0,23
1985,0,0,504,539,-35,0.0,22
1985,1,1,460,587,-127,0.0,20
1993,0,0,414,483,-69,0.0,21
1993,1,1,446,527,-81,0.0,22
pair,game,a_seat,a_score,b_score,a_spread,a_win,turns
2,0,0,437,366,71,1.0,23
2,1,1,431,445,-14,0.0,23
10,0,0,551,490,61,1.0,25
10,1,1,430,446,-16,0.0,24
18,0,0,483,505,-22,0.0,24
18,1,1,402,610,-208,0.0,23
26,0,0,548,435,113,1.0,26
26,1,1,563,391,172,1.0,22
34,0,0,541,574,-33,0.0,20
34,1,1,489,489,0,0.5,23
42,0,0,384,486,-102,0.0,22
42,1,1,438,515,-77,0.0,28
50,0,0,436,467,-31,0.0,22
50,1,1,488,519,-31,0.0,23
58,0,0,513,388,125,1.0,24
58,1,1,360,498,-138,0.0,26
66,0,0,431,541,-110,0.0,27
66,1,1,372,457,-85,0.0,23
74,0,0,495,464,31,1.0,21
74,1,1,548,540,8,1.0,21
82,0,0,590,380,210,1.0,23
82,1,1,446,546,-100,0.0,24
90,0,0,487,456,31,1.0,22
90,1,1,376,489,-113,0.0,20
98,0,0,542,474,68,1.0,22
98,1,1,415,562,-147,0.0,23
106,0,0,497,421,76,1.0,21
106,1,1,485,476,9,1.0,23
114,0,0,551,517,34,1.0,22
114,1,1,479,506,-27,0.0,21
122,0,0,559,312,247,1.0,25
122,1,1,450,526,-76,0.0,24
130,0,0,583,400,183,1.0,26
130,1,1,521,459,62,1.0,24
138,0,0,452,405,47,1.0,25
138,1,1,501,408,93,1.0,24
146,0,0,394,488,-94,0.0,22
146,1,1,423,453,-30,0.0,29
154,0,0,637,379,258,1.0,24
154,1,1,342,586,-244,0.0,26
162,0,0,407,442,-35,0.0,26
162,1,1,443,515,-72,0.0,23
170,0,0,471,484,-13,0.0,22
170,1,1,466,463,3,1.0,23
178,0,0,544,432,112,1.0,22
178,1,1,460,526,-66,0.0,20
186,0,0,566,438,128,1.0,26
186,1,1,371,414,-43,0.0,26
194,0,0,396,586,-190,0.0,22
194,1,1,592,426,166,1.0,28
202,0,0,391,507,-116,0.0,31
202,1,1,505,449,56,1.0,22
210,0,0,571,380,191,1.0,27
210,1,1,415,561,-146,0.0,24
218,0,0,524,447,77,1.0,23
218,1,1,473,433,40,1.0,23
226,0,0,522,355,167,1.0,23
226,1,1,429,550,-121,0.0,22
234,0,0,546,553,-7,0.0,19
234,1,1,524,526,-2,0.0,22
242,0,0,532,372,160,1.0,24
242,1,1,438,432,6,1.0,22
250,0,0,478,501,-23,0.0,21
250,1,1,432,493,-61,0.0,23
258,0,0,579,371,208,1.0,21
258,1,1,369,489,-120,0.0,25
266,0,0,362,620,-258,0.0,22
266,1,1,591,562,29,1.0,24
274,0,0,610,446,164,1.0,22
274,1,1,458,558,-100,0.0,20
282,0,0,415,652,-237,0.0,20
282,1,1,541,481,60,1.0,22
290,0,0,456,480,-24,0.0,24
290,1,1,474,460,14,1.0,24
298,0,0,541,425,116,1.0,24
298,1,1,427,462,-35,0.0,25
306,0,0,567,428,139,1.0,20
306,1,1,493,519,-26,0.0,23
314,0,0,553,489,64,1.0,24
314,1,1,412,474,-62,0.0,28
322,0,0,520,463,57,1.0,23
322,1,1,544,374,170,1.0,22
330,0,0,554,513,41,1.0,22
330,1,1,480,546,-66,0.0,24
338,0,0,511,426,85,1.0,22
338,1,1,365,617,-252,0.0,25
346,0,0,501,454,47,1.0,25
346,1,1,468,388,80,1.0,29
354,0,0,587,389,198,1.0,23
354,1,1,481,446,35,1.0,22
362,0,0,439,486,-47,0.0,22
362,1,1,397,486,-89,0.0,26
370,0,0,419,444,-25,0.0,24
370,1,1,549,506,43,1.0,26
378,0,0,533,500,33,1.0,28
378,1,1,467,416,51,1.0,25
386,0,0,445,476,-31,0.0,22
386,1,1,487,501,-14,0.0,22
394,0,0,552,398,154,1.0,23
394,1,1,408,569,-161,0.0,23
402,0,0,477,411,66,1.0,23
402,1,1,550,546,4,1.0,26
410,0,0,419,523,-104,0.0,25
410,1,1,442,457,-15,0.0,20
418,0,0,547,440,107,1.0,21
418,1,1,498,524,-26,0.0,19
426,0,0,574,445,129,1.0,22
426,1,1,404,464,-60,0.0,27
434,0,0,446,444,2,1.0,26
434,1,1,443,395,48,1.0,23
442,0,0,515,480,35,1.0,20
442,1,1,479,535,-56,0.0,21
450,0,0,543,517,26,1.0,23
450,1,1,425,560,-135,0.0,23
458,0,0,592,431,161,1.0,24
458,1,1,460,523,-63,0.0,22
466,0,0,423,430,-7,0.0,22
466,1,1,436,470,-34,0.0,24
474,0,0,471,618,-147,0.0,24
474,1,1,436,457,-21,0.0,28
482,0,0,526,394,132,1.0,25
482,1,1,312,533,-221,0.0,25
490,0,0,466,468,-2,0.0,25
490,1,1,501,529,-28,0.0,21
498,0,0,523,559,-36,0.0,22
498,1,1,545,534,11,1.0,20
506,0,0,582,442,140,1.0,20
506,1,1,402,729,-327,0.0,25
514,0,0,458,643,-185,0.0,22
514,1,1,422,435,-13,0.0,25
522,0,0,618,446,172,1.0,19
522,1,1,547,455,92,1.0,21
530,0,0,575,386,189,1.0,23
530,1,1,452,422,30,1.0,23
538,0,0,615,451,164,1.0,21
538,1,1,379,525,-146,0.0,21
546,0,0,497,480,17,1.0,25
546,1,1,577,503,74,1.0,20
554,0,0,444,529,-85,0.0,23
554,1,1,613,351,262,1.0,24
562,0,0,453,429,24,1.0,29
562,1,1,500,373,127,1.0,31
570,0,0,504,557,-53,0.0,22
570,1,1,525,515,10,1.0,20
578,0,0,422,473,-51,0.0,27
578,1,1,455,405,50,1.0,21
586,0,0,512,522,-10,0.0,23
586,1,1,465,469,-4,0.0,22
594,0,0,470,489,-19,0.0,23
594,1,1,530,432,98,1.0,24
602,0,0,445,506,-61,0.0,23
602,1,1,655,377,278,1.0,24
610,0,0,478,383,95,1.0,25
610,1,1,513,400,113,1.0,27
618,0,0,576,468,108,1.0,21
618,1,1,452,450,2,1.0,21
626,0,0,589,390,199,1.0,21
626,1,1,364,585,-221,0.0,24
634,0,0,493,452,41,1.0,25
634,1,1,455,423,32,1.0,26
642,0,0,461,438,23,1.0,24
642,1,1,469,438,31,1.0,21
650,0,0,596,519,77,1.0,23
650,1,1,500,585,-85,0.0,23
658,0,0,433,403,30,1.0,24
658,1,1,369,433,-64,0.0,23
666,0,0,575,393,182,1.0,28
666,1,1,476,492,-16,0.0,24
674,0,0,567,473,94,1.0,22
674,1,1,596,478,118,1.0,21
682,0,0,660,445,215,1.0,27
682,1,1,410,575,-165,0.0,23
690,0,0,440,435,5,1.0,24
690,1,1,379,425,-46,0.0,29
698,0,0,410,499,-89,0.0,26
698,1,1,545,414,131,1.0,24
706,0,0,477,510,-33,0.0,21
706,1,1,557,585,-28,0.0,19
714,0,0,442,434,8,1.0,23
714,1,1,442,527,-85,0.0,22
722,0,0,515,528,-13,0.0,21
722,1,1,443,579,-136,0.0,24
730,0,0,465,419,46,1.0,24
730,1,1,550,454,96,1.0,25
738,0,0,572,426,146,1.0,21
738,1,1,367,571,-204,0.0,22
746,0,0,531,376,155,1.0,22
746,1,1,456,539,-83,0.0,26
754,0,0,532,520,12,1.0,26
754,1,1,508,375,133,1.0,26
762,0,0,472,490,-18,0.0,25
762,1,1,435,519,-84,0.0,24
770,0,0,475,453,22,1.0,20
770,1,1,638,383,255,1.0,22
778,0,0,512,497,15,1.0,22
778,1,1,448,546,-98,0.0,21
786,0,0,566,464,102,1.0,23
786,1,1,452,456,-4,0.0,26
794,0,0,528,502,26,1.0,20
794,1,1,517,466,51,1.0,22
802,0,0,514,436,78,1.0,24
802,1,1,459,419,40,1.0,22
810,0,0,463,534,-71,0.0,25
810,1,1,584,461,123,1.0,27
818,0,0,474,581,-107,0.0,24
818,1,1,496,442,54,1.0,23
826,0,0,530,520,10,1.0,23
826,1,1,513,505,8,1.0,23
834,0,0,593,357,236,1.0,25
834,1,1,419,562,-143,0.0,23
842,0,0,531,476,55,1.0,21
842,1,1,550,419,131,1.0,24
850,0,0,521,514,7,1.0,20
850,1,1,538,499,39,1.0,23
858,0,0,521,557,-36,0.0,19
858,1,1,492,401,91,1.0,27
866,0,0,532,527,5,1.0,22
866,1,1,667,467,200,1.0,18
874,0,0,469,384,85,1.0,21
874,1,1,434,500,-66,0.0,20
882,0,0,410,457,-47,0.0,24
882,1,1,395,498,-103,0.0,29
890,0,0,504,459,45,1.0,22
890,1,1,468,472,-4,0.0,22
898,0,0,515,426,89,1.0,23
898,1,1,548,418,130,1.0,24
906,0,0,475,402,73,1.0,25
906,1,1,348,491,-143,0.0,26
914,0,0,508,529,-21,0.0,20
914,1,1,457,464,-7,0.0,23
922,0,0,434,509,-75,0.0,23
922,1,1,491,478,13,1.0,23
930,0,0,511,377,134,1.0,23
930,1,1,492,444,48,1.0,23
938,0,0,465,420,45,1.0,26
938,1,1,456,486,-30,0.0,25
946,0,0,504,534,-30,0.0,26
946,1,1,554,495,59,1.0,23
954,0,0,578,441,137,1.0,24
954,1,1,511,470,41,1.0,22
962,0,0,526,569,-43,0.0,21
962,1,1,469,490,-21,0.0,23
970,0,0,469,438,31,1.0,26
970,1,1,453,432,21,1.0,26
978,0,0,393,593,-200,0.0,25
978,1,1,445,443,2,1.0,23
986,0,0,400,543,-143,0.0,22
986,1,1,434,412,22,1.0,28
994,0,0,436,465,-29,0.0,24
994,1,1,563,464,99,1.0,22
1002,0,0,533,441,92,1.0,22
1002,1,1,509,510,-1,0.0,22
1010,0,0,534,470,64,1.0,24
1010,1,1,389,469,-80,0.0,21
1018,0,0,443,441,2,1.0,23
1018,1,1,432,466,-34,0.0,23
1026,0,0,365,440,-75,0.0,22
1026,1,1,599,441,158,1.0,21
1034,0,0,402,436,-34,0.0,24
1034,1,1,351,455,-104,0.0,25
1042,0,0,512,515,-3,0.0,22
1042,1,1,515,468,47,1.0,20
1050,0,0,573,450,123,1.0,19
1050,1,1,444,615,-171,0.0,23
1058,0,0,584,429,155,1.0,23
1058,1,1,441,495,-54,0.0,25
1066,0,0,489,424,65,1.0,22
1066,1,1,554,488,66,1.0,21
1074,0,0,517,408,109,1.0,25
1074,1,1,551,620,-69,0.0,20
1082,0,0,492,454,38,1.0,28
1082,1,1,537,487,50,1.0,26
1090,0,0,528,510,18,1.0,23
1090,1,1,447,597,-150,0.0,23
1098,0,0,539,437,102,1.0,20
1098,1,1,649,476,173,1.0,26
1106,0,0,492,493,-1,0.0,22
1106,1,1,530,484,46,1.0,20
1114,0,0,430,509,-79,0.0,22
1114,1,1,511,392,119,1.0,24
1122,0,0,480,447,33,1.0,24
1122,1,1,518,367,151,1.0,25
1130,0,0,380,517,-137,0.0,26
1130,1,1,482,494,-12,0.0,26
1138,0,0,434,656,-222,0.0,23
1138,1,1,448,481,-33,0.0,25
1146,0,0,593,464,129,1.0,22
1146,1,1,482,533,-51,0.0,21
1154,0,0,524,473,51,1.0,21
1154,1,1,455,482,-27,0.0,23
1162,0,0,553,435,118,1.0,23
1162,1,1,488,596,-108,0.0,19
1170,0,0,499,346,153,1.0,26
1170,1,1,440,469,-29,0.0,29
1178,0,0,556,484,72,1.0,21
1178,1,1,465,506,-41,0.0,23
1186,0,0,472,424,48,1.0,23
1186,1,1,463,574,-111,0.0,21
1194,0,0,442,474,-32,0.0,21
1194,1,1,511,409,102,1.0,22
1202,0,0,436,426,10,1.0,24
1202,1,1,417,490,-73,0.0,23
1210,0,0,430,435,-5,0.0,22
1210,1,1,333,536,-203,0.0,24
1218,0,0,424,487,-63,0.0,26
1218,1,1,456,490,-34,0.0,27
1226,0,0,421,341,80,1.0,22
1226,1,1,332,545,-213,0.0,23
1234,0,0,419,496,-77,0.0,24
1234,1,1,478,400,78,1.0,23
1242,0,0,553,424,129,1.0,24
1242,1,1,493,553,-60,0.0,22
1250,0,0,575,449,126,1.0,21
1250,1,1,477,542,-65,0.0,21
1258,0,0,510,412,98,1.0,23
1258,1,1,339,431,-92,0.0,25
1266,0,0,495,513,-18,0.0,22
1266,1,1,540,472,68,1.0,24
1274,0,0,575,488,87,1.0,28
1274,1,1,519,545,-26,0.0,23
1282,0,0,509,364,145,1.0,28
1282,1,1,346,475,-129,0.0,25
1290,0,0,397,604,-207,0.0,23
1290,1,1,492,370,122,1.0,22
1298,0,0,561,455,106,1.0,26
1298,1,1,466,589,-123,0.0,25
1306,0,0,479,411,68,1.0,23
1306,1,1,465,401,64,1.0,26
1314,0,0,615,505,110,1.0,23
1314,1,1,539,506,33,1.0,21
1322,0,0,458,528,-70,0.0,26
1322,1,1,389,528,-139,0.0,23
1330,0,0,598,462,136,1.0,21
1330,1,1,481,509,-28,0.0,22
1338,0,0,449,617,-168,0.0,22
1338,1,1,509,498,11,1.0,26
1346,0,0,494,501,-7,0.0,20
1346,1,1,476,529,-53,0.0,23
1354,0,0,450,454,-4,0.0,25
1354,1,1,539,408,131,1.0,24
1362,0,0,365,490,-125,0.0,22
1362,1,1,565,483,82,1.0,24
1370,0,0,332,555,-223,0.0,23
1370,1,1,535,318,217,1.0,22
1378,0,0,474,437,37,1.0,25
1378,1,1,458,494,-36,0.0,22
1386,0,0,539,415,124,1.0,22
1386,1,1,450,512,-62,0.0,23
1394,0,0,615,425,190,1.0,26
1394,1,1,383,638,-255,0.0,25
1402,0,0,502,566,-64,0.0,18
1402,1,1,502,549,-47,0.0,21
1410,0,0,425,444,-19,0.0,24
1410,1,1,500,377,123,1.0,26
1418,0,0,449,455,-6,0.0,23
1418,1,1,468,526,-58,0.0,23
1426,0,0,506,389,117,1.0,22
1426,1,1,421,603,-182,0.0,21
1434,0,0,465,563,-98,0.0,23
1434,1,1,480,527,-47,0.0,21
1442,0,0,434,343,91,1.0,23
1442,1,1,374,478,-104,0.0,29
1450,0,0,555,384,171,1.0,27
1450,1,1,488,382,106,1.0,24
1458,0,0,393,512,-119,0.0,24
1458,1,1,529,439,90,1.0,21
1466,0,0,551,474,77,1.0,25
1466,1,1,548,550,-2,0.0,24
1474,0,0,363,503,-140,0.0,24
1474,1,1,575,503,72,1.0,23
1482,0,0,481,466,15,1.0,22
1482,1,1,456,392,64,1.0,22
1490,0,0,423,522,-99,0.0,21
1490,1,1,522,409,113,1.0,24
1498,0,0,476,491,-15,0.0,25
1498,1,1,503,556,-53,0.0,21
1506,0,0,525,483,42,1.0,21
1506,1,1,477,489,-12,0.0,21
1514,0,0,442,497,-55,0.0,24
1514,1,1,465,390,75,1.0,22
1522,0,0,534,440,94,1.0,22
1522,1,1,463,531,-68,0.0,24
1530,0,0,464,391,73,1.0,21
1530,1,1,456,489,-33,0.0,25
1538,0,0,458,528,-70,0.0,24
1538,1,1,520,409,111,1.0,20
1546,0,0,516,506,10,1.0,25
1546,1,1,493,542,-49,0.0,22
1554,0,0,483,481,2,1.0,22
1554,1,1,469,431,38,1.0,23
1562,0,0,584,522,62,1.0,22
1562,1,1,439,494,-55,0.0,23
1570,0,0,506,465,41,1.0,22
1570,1,1,418,534,-116,0.0,22
1578,0,0,424,453,-29,0.0,20
1578,1,1,430,472,-42,0.0,23
1586,0,0,515,459,56,1.0,23
1586,1,1,569,487,82,1.0,21
1594,0,0,516,485,31,1.0,23
1594,1,1,569,510,59,1.0,20
1602,0,0,598,401,197,1.0,21
1602,1,1,489,464,25,1.0,23
1610,0,0,494,469,25,1.0,23
1610,1,1,511,466,45,1.0,21
1618,0,0,389,507,-118,0.0,22
1618,1,1,405,450,-45,0.0,25
1626,0,0,412,479,-67,0.0,22
1626,1,1,561,346,215,1.0,20
1634,0,0,553,441,112,1.0,23
1634,1,1,482,467,15,1.0,24
1642,0,0,503,389,114,1.0,24
1642,1,1,385,545,-160,0.0,25
1650,0,0,633,486,147,1.0,23
1650,1,1,573,411,162,1.0,24
1658,0,0,431,597,-166,0.0,22
1658,1,1,623,365,258,1.0,23
1666,0,0,423,480,-57,0.0,22
1666,1,1,389,450,-61,0.0,24
1674,0,0,616,459,157,1.0,23
1674,1,1,429,476,-47,0.0,22
1682,0,0,454,406,48,1.0,24
1682,1,1,386,544,-158,0.0,23
1690,0,0,437,482,-45,0.0,21
1690,1,1,561,420,141,1.0,21
1698,0,0,583,433,150,1.0,19
1698,1,1,471,500,-29,0.0,23
1706,0,0,476,462,14,1.0,24
1706,1,1,532,473,59,1.0,24
1714,0,0,348,496,-148,0.0,26
1714,1,1,501,417,84,1.0,29
1722,0,0,479,392,87,1.0,26
1722,1,1,415,509,-94,0.0,23
1730,0,0,549,440,109,1.0,22
1730,1,1,459,596,-137,0.0,21
1738,0,0,486,406,80,1.0,26
1738,1,1,433,501,-68,0.0,23
1746,0,0,628,410,218,1.0,20
1746,1,1,447,600,-153,0.0,21
1754,0,0,537,490,47,1.0,25
1754,1,1,454,630,-176,0.0,25
1762,0,0,446,525,-79,0.0,25
1762,1,1,448,516,-68,0.0,25
1770,0,0,460,470,-10,0.0,32
1770,1,1,366,509,-143,0.0,21
1778,0,0,545,433,112,1.0,20
1778,1,1,551,456,95,1.0,20
1786,0,0,500,512,-12,0.0,24
1786,1,1,512,512,0,0.5,19
1794,0,0,596,463,133,1.0,20
1794,1,1,478,432,46,1.0,24
1802,0,0,498,353,145,1.0,24
1802,1,1,367,535,-168,0.0,26
1810,0,0,393,525,-132,0.0,24
1810,1,1,520,430,90,1.0,26
1818,0,0,525,507,18,1.0,20
1818,1,1,476,523,-47,0.0,20
1826,0,0,443,542,-99,0.0,24
1826,1,1,573,440,133,1.0,24
1834,0,0,422,518,-96,0.0,23
1834,1,1,538,432,106,1.0,21
1842,0,0,556,426,130,1.0,22
1842,1,1,501,497,4,1.0,24
1850,0,0,433,512,-79,0.0,22
1850,1,1,527,450,77,1.0,23
1858,0,0,467,549,-82,0.0,24
1858,1,1,454,421,33,1.0,28
1866,0,0,535,288,247,1.0,22
1866,1,1,352,488,-136,0.0,23
1874,0,0,459,517,-58,0.0,24
1874,1,1,476,411,65,1.0,29
1882,0,0,564,487,77,1.0,21
1882,1,1,532,412,120,1.0,23
1890,0,0,471,419,52,1.0,24
1890,1,1,429,376,53,1.0,23
1898,0,0,532,369,163,1.0,29
1898,1,1,346,526,-180,0.0,25
1906,0,0,443,502,-59,0.0,24
1906,1,1,485,460,25,1.0,25
1914,0,0,439,355,84,1.0,26
1914,1,1,365,461,-96,0.0,23
1922,0,0,502,377,125,1.0,24
1922,1,1,416,619,-203,0.0,25
1930,0,0,474,482,-8,0.0,24
1930,1,1,477,491,-14,0.0,27
1938,0,0,400,593,-193,0.0,21
1938,1,1,434,465,-31,0.0,22
1946,0,0,395,525,-130,0.0,24
1946,1,1,553,398,155,1.0,24
1954,0,0,555,432,123,1.0,31
1954,1,1,435,582,-147,0.0,25
1962,0,0,448,550,-102,0.0,22
1962,1,1,528,411,117,1.0,22
1970,0,0,564,448,116,1.0,23
1970,1,1,508,442,66,1.0,24
1978,0,0,356,586,-230,0.0,23
1978,1,1,647,364,283,1.0,24
1986,0,0,496,495,1,1.0,24
1986,1,1,494,462,32,1.0,27
1994,0,0,604,398,206,1.0,20
1994,1,1,485,583,-98,0.0,21
pair,game,a_seat,a_score,b_score,a_spread,a_win,turns
3,0,0,408,556,-148,0.0,25
3,1,1,612,442,170,1.0,25
11,0,0,683,452,231,1.0,25
11,1,1,497,475,22,1.0,25
19,0,0,393,494,-101,0.0,22
19,1,1,528,499,29,1.0,27
27,0,0,524,488,36,1.0,23
27,1,1,542,449,93,1.0,22
35,0,0,603,459,144,1.0,20
35,1,1,486,588,-102,0.0,21
43,0,0,533,390,143,1.0,27
43,1,1,472,573,-101,0.0,24
51,0,0,529,404,125,1.0,23
51,1,1,440,586,-146,0.0,27
59,0,0,448,394,54,1.0,29
59,1,1,344,510,-166,0.0,23
67,0,0,502,489,13,1.0,23
67,1,1,452,485,-33,0.0,24
75,0,0,526,463,63,1.0,21
75,1,1,597,410,187,1.0,24
83,0,0,461,483,-22,0.0,23
83,1,1,519,478,41,1.0,22
91,0,0,418,428,-10,0.0,20
91,1,1,514,568,-54,0.0,23
99,0,0,422,608,-186,0.0,24
99,1,1,683,486,197,1.0,23
107,0,0,425,496,-71,0.0,28
107,1,1,504,522,-18,0.0,23
115,0,0,645,469,176,1.0,23
115,1,1,439,496,-57,0.0,21
123,0,0,461,425,36,1.0,22
123,1,1,545,445,100,1.0,26
131,0,0,453,406,47,1.0,22
131,1,1,567,511,56,1.0,24
139,0,0,452,418,34,1.0,23
139,1,1,604,342,262,1.0,24
147,0,0,575,476,99,1.0,25
147,1,1,507,442,65,1.0,23
155,0,0,525,434,91,1.0,26
155,1,1,399,510,-111,0.0,23
163,0,0,448,556,-108,0.0,23
163,1,1,597,341,256,1.0,28
171,0,0,460,489,-29,0.0,25
171,1,1,446,491,-45,0.0,26
179,0,0,464,498,-34,0.0,21
179,1,1,525,490,35,1.0,22
187,0,0,484,463,21,1.0,23
187,1,1,448,498,-50,0.0,27
195,0,0,364,524,-160,0.0,20
195,1,1,526,448,78,1.0,20
203,0,0,461,536,-75,0.0,25
203,1,1,478,483,-5,0.0,24
211,0,0,385,561,-176,0.0,22
211,1,1,538,465,73,1.0,23
219,0,0,450,531,-81,0.0,23
219,1,1,585,457,128,1.0,23
227,0,0,490,439,51,1.0,22
227,1,1,529,463,66,1.0,24
235,0,0,493,434,59,1.0,22
235,1,1,420,477,-57,0.0,25
243,0,0,438,479,-41,0.0,23
243,1,1,456,484,-28,0.0,23
251,0,0,501,540,-39,0.0,24
251,1,1,510,441,69,1.0,27
259,0,0,447,661,-214,0.0,23
259,1,1,547,507,40,1.0,21
267,0,0,445,482,-37,0.0,23
267,1,1,485,489,-4,0.0,20
275,0,0,406,492,-86,0.0,23
275,1,1,559,506,53,1.0,23
283,0,0,447,461,-14,0.0,23
283,1,1,504,490,14,1.0,25
291,0,0,481,514,-33,0.0,22
291,1,1,477,532,-55,0.0,22
299,0,0,419,385,34,1.0,25
299,1,1,529,473,56,1.0,21
307,0,0,477,470,7,1.0,24
307,1,1,597,476,121,1.0,22
315,0,0,511,418,93,1.0,26
315,1,1,537,473,64,1.0,22
323,0,0,341,583,-242,0.0,25
323,1,1,556,410,146,1.0,28
331,0,0,516,512,4,1.0,21
331,1,1,444,492,-48,0.0,25
339,0,0,517,595,-78,0.0,23
339,1,1,567,496,71,1.0,21
347,0,0,374,507,-133,0.0,20
347,1,1,483,477,6,1.0,27
355,0,0,488,578,-90,0.0,22
355,1,1,439,523,-84,0.0,23
363,0,0,495,481,14,1.0,21
363,1,1,487,517,-30,0.0,21
371,0,0,525,516,9,1.0,25
371,1,1,460,445,15,1.0,28
379,0,0,427,593,-166,0.0,24
379,1,1,530,513,17,1.0,24
387,0,0,534,443,91,1.0,24
387,1,1,534,549,-15,0.0,27
395,0,0,480,628,-148,0.0,21
395,1,1,467,544,-77,0.0,27
403,0,0,436,521,-85,0.0,21
403,1,1,489,508,-19,0.0,25
411,0,0,408,492,-84,0.0,22
411,1,1,551,421,130,1.0,24
419,0,0,430,406,24,1.0,21
419,1,1,461,440,21,1.0,22
427,0,0,593,332,261,1.0,22
427,1,1,483,532,-49,0.0,21
435,0,0,400,465,-65,0.0,26
435,1,1,651,309,342,1.0,23
443,0,0,416,485,-69,0.0,25
443,1,1,551,362,189,1.0,25
451,0,0,410,455,-45,0.0,22
451,1,1,492,525,-33,0.0,23
459,0,0,450,542,-92,0.0,22
459,1,1,432,470,-38,0.0,22
467,0,0,626,418,208,1.0,21
467,1,1,451,606,-155,0.0,24
475,0,0,483,529,-46,0.0,24
475,1,1,423,555,-132,0.0,22
483,0,0,480,438,42,1.0,22
483,1,1,457,509,-52,0.0,21
491,0,0,398,547,-149,0.0,24
491,1,1,472,323,149,1.0,26
499,0,0,583,465,118,1.0,21
499,1,1,533,505,28,1.0,22
507,0,0,479,559,-80,0.0,21
507,1,1,496,534,-38,0.0,23
515,0,0,434,559,-125,0.0,24
515,1,1,574,396,178,1.0,23
523,0,0,393,540,-147,0.0,23
523,1,1,602,378,224,1.0,24
531,0,0,560,439,121,1.0,25
531,1,1,517,514,3,1.0,21
539,0,0,582,378,204,1.0,22
539,1,1,497,554,-57,0.0,24
547,0,0,484,531,-47,0.0,20
547,1,1,610,371,239,1.0,25
555,0,0,383,568,-185,0.0,23
555,1,1,525,419,106,1.0,20
563,0,0,527,447,80,1.0,27
563,1,1,471,475,-4,0.0,28
571,0,0,523,468,55,1.0,20
571,1,1,479,431,48,1.0,21
579,0,0,517,583,-66,0.0,21
579,1,1,528,464,64,1.0,24
587,0,0,391,430,-39,0.0,26
587,1,1,382,581,-199,0.0,24
595,0,0,455,520,-65,0.0,24
595,1,1,479,475,4,1.0,23
603,0,0,408,517,-109,0.0,20
603,1,1,499,407,92,1.0,29
611,0,0,436,538,-102,0.0,24
611,1,1,542,354,188,1.0,30
619,0,0,432,396,36,1.0,28
619,1,1,477,441,36,1.0,24
627,0,0,617,314,303,1.0,27
627,1,1,421,564,-143,0.0,23
635,0,0,438,448,-10,0.0,26
635,1,1,450,431,19,1.0,25
643,0,0,522,474,48,1.0,21
643,1,1,412,483,-71,0.0,24
651,0,0,462,389,73,1.0,22
651,1,1,410,507,-97,0.0,24
659,0,0,493,468,25,1.0,20
659,1,1,511,604,-93,0.0,20
667,0,0,476,474,2,1.0,22
667,1,1,467,478,-11,0.0,21
675,0,0,414,489,-75,0.0,27
675,1,1,416,555,-139,0.0,22
683,0,0,571,476,95,1.0,20
683,1,1,425,354,71,1.0,28
691,0,0,443,534,-91,0.0,23
691,1,1,492,526,-34,0.0,24
699,0,0,472,521,-49,0.0,21
699,1,1,438,395,43,1.0,26
707,0,0,472,523,-51,0.0,25
707,1,1,555,467,88,1.0,21
715,0,0,444,497,-53,0.0,26
715,1,1,564,406,158,1.0,26
723,0,0,366,404,-38,0.0,31
723,1,1,506,478,28,1.0,24
731,0,0,487,497,-10,0.0,22
731,1,1,520,546,-26,0.0,19
739,0,0,505,336,169,1.0,27
739,1,1,416,499,-83,0.0,26
747,0,0,395,335,60,1.0,24
747,1,1,399,424,-25,0.0,24
755,0,0,549,479,70,1.0,22
755,1,1,381,535,-154,0.0,28
763,0,0,517,475,42,1.0,23
763,1,1,625,471,154,1.0,21
771,0,0,495,379,116,1.0,22
771,1,1,518,449,69,1.0,22
779,0,0,403,539,-136,0.0,22
779,1,1,533,471,62,1.0,22
787,0,0,589,434,155,1.0,22
787,1,1,478,501,-23,0.0,21
795,0,0,402,531,-129,0.0,21
795,1,1,492,453,39,1.0,21
803,0,0,490,534,-44,0.0,25
803,1,1,513,500,13,1.0,25
811,0,0,486,431,55,1.0,24
811,1,1,402,542,-140,0.0,24
819,0,0,416,430,-14,0.0,28
819,1,1,468,474,-6,0.0,25
827,0,0,515,471,44,1.0,24
827,1,1,715,443,272,1.0,23
835,0,0,560,435,125,1.0,23
835,1,1,534,460,74,1.0,26
843,0,0,430,475,-45,0.0,22
843,1,1,387,426,-39,0.0,23
851,0,0,383,442,-59,0.0,24
851,1,1,427,500,-73,0.0,24
859,0,0,481,548,-67,0.0,22
859,1,1,515,514,1,1.0,22
867,0,0,468,410,58,1.0,22
867,1,1,501,427,74,1.0,23
875,0,0,464,407,57,1.0,25
875,1,1,608,478,130,1.0,21
883,0,0,476,487,-11,0.0,26
883,1,1,602,354,248,1.0,24
891,0,0,416,537,-121,0.0,21
891,1,1,462,470,-8,0.0,22
899,0,0,363,574,-211,0.0,19
899,1,1,540,506,34,1.0,22
907,0,0,504,439,65,1.0,25
907,1,1,381,409,-28,0.0,24
915,0,0,462,470,-8,0.0,23
915,1,1,426,500,-74,0.0,25
923,0,0,587,472,115,1.0,19
923,1,1,491,521,-30,0.0,21
931,0,0,528,512,16,1.0,24
931,1,1,525,587,-62,0.0,24
939,0,0,471,462,9,1.0,23
939,1,1,509,501,8,1.0,20
947,0,0,332,581,-249,0.0,23
947,1,1,390,456,-66,0.0,27
955,0,0,426,396,30,1.0,23
955,1,1,415,462,-47,0.0,21
963,0,0,466,569,-103,0.0,23
963,1,1,334,398,-64,0.0,25
971,0,0,405,468,-63,0.0,28
971,1,1,489,518,-29,0.0,20
979,0,0,510,442,68,1.0,22
979,1,1,548,472,76,1.0,23
987,0,0,482,431,51,1.0,22
987,1,1,463,464,-1,0.0,23
995,0,0,533,515,18,1.0,25
995,1,1,572,477,95,1.0,21
1003,0,0,398,500,-102,0.0,25
1003,1,1,568,485,83,1.0,26
1011,0,0,468,492,-24,0.0,22
1011,1,1,544,469,75,1.0,23
1019,0,0,461,505,-44,0.0,24
1019,1,1,471,514,-43,0.0,20
1027,0,0,387,477,-90,0.0,22
1027,1,1,536,356,180,1.0,26
1035,0,0,517,378,139,1.0,22
1035,1,1,429,511,-82,0.0,23
1043,0,0,509,604,-95,0.0,20
1043,1,1,502,518,-16,0.0,20
1051,0,0,337,569,-232,0.0,26
1051,1,1,476,456,20,1.0,23
1059,0,0,536,450,86,1.0,25
1059,1,1,470,512,-42,0.0,23
1067,0,0,460,532,-72,0.0,22
1067,1,1,492,371,121,1.0,20
1075,0,0,434,589,-155,0.0,25
1075,1,1,530,420,110,1.0,22
1083,0,0,504,467,37,1.0,25
1083,1,1,559,492,67,1.0,24
1091,0,0,481,462,19,1.0,25
1091,1,1,646,344,302,1.0,25
1099,0,0,574,460,114,1.0,21
1099,1,1,484,484,0,0.5,23
1107,0,0,456,533,-77,0.0,25
1107,1,1,523,343,180,1.0,23
1115,0,0,373,687,-314,0.0,21
1115,1,1,547,397,150,1.0,24
1123,0,0,403,595,-192,0.0,23
1123,1,1,563,484,79,1.0,23
1131,0,0,477,424,53,1.0,22
1131,1,1,595,475,120,1.0,21
1139,0,0,510,504,6,1.0,23
1139,1,1,479,503,-24,0.0,22
1147,0,0,560,537,23,1.0,23
1147,1,1,557,448,109,1.0,23
1155,0,0,354,480,-126,0.0,29
1155,1,1,485,421,64,1.0,23
1163,0,0,486,459,27,1.0,24
1163,1,1,452,458,-6,0.0,23
1171,0,0,429,499,-70,0.0,24
1171,1,1,544,365,179,1.0,25
1179,0,0,361,498,-137,0.0,23
1179,1,1,517,465,52,1.0,21
1187,0,0,368,499,-131,0.0,24
1187,1,1,432,523,-91,0.0,25
1195,0,0,513,532,-19,0.0,20
1195,1,1,513,474,39,1.0,21
1203,0,0,477,485,-8,0.0,23
1203,1,1,460,459,1,1.0,22
1211,0,0,430,444,-14,0.0,27
1211,1,1,493,299,194,1.0,25
1219,0,0,407,507,-100,0.0,23
1219,1,1,488,449,39,1.0,22
1227,0,0,516,405,111,1.0,25
1227,1,1,458,421,37,1.0,25
1235,0,0,345,586,-241,0.0,25
1235,1,1,468,435,33,1.0,22
1243,0,0,349,541,-192,0.0,23
1243,1,1,442,424,18,1.0,29
1251,0,0,491,443,48,1.0,24
1251,1,1,585,493,92,1.0,24
1259,0,0,448,499,-51,0.0,25
1259,1,1,466,478,-12,0.0,22
1267,0,0,530,517,13,1.0,24
1267,1,1,543,427,116,1.0,20
1275,0,0,443,555,-112,0.0,24
1275,1,1,503,512,-9,0.0,26
1283,0,0,435,490,-55,0.0,23
1283,1,1,483,329,154,1.0,29
1291,0,0,423,431,-8,0.0,23
1291,1,1,458,474,-16,0.0,23
1299,0,0,586,457,129,1.0,24
1299,1,1,498,445,53,1.0,22
1307,0,0,368,536,-168,0.0,23
1307,1,1,567,371,196,1.0,21
1315,0,0,500,458,42,1.0,28
1315,1,1,545,468,77,1.0,23
1323,0,0,404,520,-116,0.0,27
1323,1,1,448,322,126,1.0,24
1331,0,0,475,540,-65,0.0,21
1331,1,1,546,442,104,1.0,22
1339,0,0,497,483,14,1.0,26
1339,1,1,566,507,59,1.0,23
1347,0,0,563,452,111,1.0,24
1347,1,1,668,324,344,1.0,23
1355,0,0,401,492,-91,0.0,26
1355,1,1,478,452,26,1.0,26
1363,0,0,604,345,259,1.0,24
1363,1,1,481,451,30,1.0,22
1371,0,0,528,417,111,1.0,22
1371,1,1,486,511,-25,0.0,21
1379,0,0,587,413,174,1.0,24
1379,1,1,438,601,-163,0.0,21
1387,0,0,457,441,16,1.0,25
1387,1,1,431,443,-12,0.0,24
1395,0,0,454,568,-114,0.0,22
1395,1,1,430,413,17,1.0,22
1403,0,0,431,544,-113,0.0,22
1403,1,1,629,544,85,1.0,21
1411,0,0,466,566,-100,0.0,23
1411,1,1,577,386,191,1.0,23
1419,0,0,499,526,-27,0.0,21
1419,1,1,479,434,45,1.0,23
1427,0,0,482,464,18,1.0,23
1427,1,1,483,473,10,1.0,24
1435,0,0,378,603,-225,0.0,21
1435,1,1,548,398,150,1.0,19
1443,0,0,511,491,20,1.0,20
1443,1,1,440,592,-152,0.0,24
1451,0,0,442,423,19,1.0,22
1451,1,1,448,482,-34,0.0,21
1459,0,0,476,473,3,1.0,24
1459,1,1,528,442,86,1.0,24
1467,0,0,409,468,-59,0.0,24
1467,1,1,559,463,96,1.0,23
1475,0,0,341,542,-201,0.0,28
1475,1,1,557,419,138,1.0,20
1483,0,0,405,584,-179,0.0,22
1483,1,1,515,478,37,1.0,28
1491,0,0,476,393,83,1.0,22
1491,1,1,477,489,-12,0.0,22
1499,0,0,450,505,-55,0.0,21
1499,1,1,587,413,174,1.0,25
1507,0,0,520,421,99,1.0,26
1507,1,1,501,443,58,1.0,21
1515,0,0,462,494,-32,0.0,21
1515,1,1,469,571,-102,0.0,23
1523,0,0,413,367,46,1.0,28
1523,1,1,485,420,65,1.0,28
1531,0,0,388,412,-24,0.0,25
1531,1,1,470,580,-110,0.0,21
1539,0,0,479,532,-53,0.0,22
1539,1,1,440,407,33,1.0,23
1547,0,0,475,450,25,1.0,25
1547,1,1,540,460,80,1.0,24
1555,0,0,480,387,93,1.0,22
1555,1,1,415,544,-129,0.0,23
1563,0,0,483,489,-6,0.0,27
1563,1,1,557,419,138,1.0,23
1571,0,0,573,431,142,1.0,23
1571,1,1,418,465,-47,0.0,26
1579,0,0,553,532,21,1.0,27
1579,1,1,485,410,75,1.0,25
1587,0,0,538,412,126,1.0,20
1587,1,1,432,599,-167,0.0,21
1595,0,0,426,487,-61,0.0,26
1595,1,1,579,407,172,1.0,23
1603,0,0,469,414,55,1.0,28
1603,1,1,568,376,192,1.0,27
1611,0,0,454,559,-105,0.0,28
1611,1,1,480,450,30,1.0,25
1619,0,0,491,378,113,1.0,24
1619,1,1,467,492,-25,0.0,24
1627,0,0,495,485,10,1.0,23
1627,1,1,498,475,23,1.0,23
1635,0,0,514,436,78,1.0,21
1635,1,1,565,562,3,1.0,21
1643,0,0,471,478,-7,0.0,26
1643,1,1,462,491,-29,0.0,25
1651,0,0,530,447,83,1.0,26
1651,1,1,410,392,18,1.0,22
1659,0,0,550,427,123,1.0,23
1659,1,1,400,530,-130,0.0,22
1667,0,0,520,456,64,1.0,22
1667,1,1,465,491,-26,0.0,22
1675,0,0,534,411,123,1.0,22
1675,1,1,478,537,-59,0.0,22
1683,0,0,367,430,-63,0.0,23
1683,1,1,590,400,190,1.0,25
1691,0,0,627,459,168,1.0,24
1691,1,1,579,498,81,1.0,21
1699,0,0,467,410,57,1.0,25
1699,1,1,341,474,-133,0.0,20
1707,0,0,418,586,-168,0.0,24
1707,1,1,487,473,14,1.0,22
1715,0,0,490,432,58,1.0,24
1715,1,1,468,515,-47,0.0,24
1723,0,0,555,424,131,1.0,21
1723,1,1,444,504,-60,0.0,22
1731,0,0,496,507,-11,0.0,25
1731,1,1,509,433,76,1.0,23
1739,0,0,437,450,-13,0.0,26
1739,1,1,553,470,83,1.0,23
1747,0,0,457,506,-49,0.0,21
1747,1,1,451,550,-99,0.0,25
1755,0,0,468,583,-115,0.0,26
1755,1,1,513,530,-17,0.0,24
1763,0,0,386,489,-103,0.0,22
1763,1,1,490,398,92,1.0,26
1771,0,0,400,421,-21,0.0,23
1771,1,1,442,428,14,1.0,25
1779,0,0,606,467,139,1.0,20
1779,1,1,407,540,-133,0.0,23
1787,0,0,474,462,12,1.0,29
1787,1,1,484,521,-37,0.0,26
1795,0,0,497,381,116,1.0,22
1795,1,1,531,554,-23,0.0,25
1803,0,0,592,477,115,1.0,26
1803,1,1,532,475,57,1.0,25
1811,0,0,634,377,257,1.0,24
1811,1,1,544,459,85,1.0,25
1819,0,0,527,532,-5,0.0,22
1819,1,1,511,475,36,1.0,21
1827,0,0,526,401,125,1.0,24
1827,1,1,583,407,176,1.0,25
1835,0,0,441,522,-81,0.0,25
1835,1,1,316,559,-243,0.0,24
1843,0,0,530,605,-75,0.0,22
1843,1,1,521,485,36,1.0,25
1851,0,0,448,443,5,1.0,23
1851,1,1,486,493,-7,0.0,26
1859,0,0,458,529,-71,0.0,21
1859,1,1,417,529,-112,0.0,23
1867,0,0,479,487,-8,0.0,24
1867,1,1,462,489,-27,0.0,22
1875,0,0,435,418,17,1.0,23
1875,1,1,445,504,-59,0.0,25
1883,0,0,444,422,22,1.0,20
1883,1,1,513,470,43,1.0,24
1891,0,0,395,542,-147,0.0,23
1891,1,1,421,460,-39,0.0,25
1899,0,0,480,443,37,1.0,23
1899,1,1,391,537,-146,0.0,24
1907,0,0,425,490,-65,0.0,26
1907,1,1,378,443,-65,0.0,30
1915,0,0,579,469,110,1.0,24
1915,1,1,509,529,-20,0.0,29
1923,0,0,416,456,-40,0.0,24
1923,1,1,465,500,-35,0.0,24
1931,0,0,512,440,72,1.0,21
1931,1,1,605,444,161,1.0,23
1939,0,0,469,468,1,1.0,24
1939,1,1,551,457,94,1.0,23
1947,0,0,547,477,70,1.0,23
1947,1,1,548,518,30,1.0,22
1955,0,0,467,590,-123,0.0,21
1955,1,1,582,448,134,1.0,23
1963,0,0,529,425,104,1.0,23
1963,1,1,476,485,-9,0.0,22
1971,0,0,410,442,-32,0.0,23
1971,1,1,449,442,7,1.0,22
1979,0,0,378,494,-116,0.0,26
1979,1,1,513,315,198,1.0,25
1987,0,0,516,425,91,1.0,23
1987,1,1,446,472,-26,0.0,28
1995,0,0,456,447,9,1.0,28
1995,1,1,446,504,-58,0.0,22
pair,game,a_seat,a_score,b_score,a_spread,a_win,turns
4,0,0,602,428,174,1.0,21
4,1,1,429,534,-105,0.0,24
12,0,0,569,400,169,1.0,26
12,1,1,424,522,-98,0.0,31
20,0,0,450,513,-63,0.0,23
20,1,1,468,521,-53,0.0,23
28,0,0,553,396,157,1.0,22
28,1,1,426,615,-189,0.0,22
36,0,0,539,493,46,1.0,23
36,1,1,517,539,-22,0.0,23
44,0,0,590,356,234,1.0,25
44,1,1,362,455,-93,0.0,28
52,0,0,555,330,225,1.0,27
52,1,1,451,524,-73,0.0,25
60,0,0,528,592,-64,0.0,20
60,1,1,579,465,114,1.0,18
68,0,0,466,459,7,1.0,29
68,1,1,460,471,-11,0.0,21
76,0,0,469,417,52,1.0,26
76,1,1,491,530,-39,0.0,24
84,0,0,412,517,-105,0.0,21
84,1,1,421,516,-95,0.0,22
92,0,0,432,442,-10,0.0,24
92,1,1,402,517,-115,0.0,23
100,0,0,529,490,39,1.0,20
100,1,1,461,414,47,1.0,23
108,0,0,486,464,22,1.0,25
108,1,1,451,419,32,1.0,23
116,0,0,416,487,-71,0.0,23
116,1,1,616,449,167,1.0,22
124,0,0,438,363,75,1.0,22
124,1,1,483,557,-74,0.0,25
132,0,0,470,403,67,1.0,23
132,1,1,528,435,93,1.0,24
140,0,0,332,419,-87,0.0,22
140,1,1,430,520,-90,0.0,23
148,0,0,458,486,-28,0.0,22
148,1,1,579,542,37,1.0,20
156,0,0,497,462,35,1.0,27
156,1,1,453,481,-28,0.0,26
164,0,0,426,630,-204,0.0,23
164,1,1,493,535,-42,0.0,21
172,0,0,570,376,194,1.0,27
172,1,1,368,516,-148,0.0,25
180,0,0,435,501,-66,0.0,21
180,1,1,567,510,57,1.0,24
188,0,0,494,486,8,1.0,25
188,1,1,566,518,48,1.0,22
196,0,0,544,432,112,1.0,23
196,1,1,486,500,-14,0.0,25
204,0,0,372,520,-148,0.0,34
204,1,1,381,539,-158,0.0,24
212,0,0,458,558,-100,0.0,22
212,1,1,564,497,67,1.0,24
220,0,0,424,586,-162,0.0,23
220,1,1,482,532,-50,0.0,21
228,0,0,512,451,61,1.0,22
228,1,1,439,564,-125,0.0,20
236,0,0,514,449,65,1.0,27
236,1,1,406,385,21,1.0,25
244,0,0,533,427,106,1.0,23
244,1,1,506,353,153,1.0,25
252,0,0,583,417,166,1.0,25
252,1,1,404,436,-32,0.0,21
260,0,0,487,545,-58,0.0,22
260,1,1,454,563,-109,0.0,24
268,0,0,451,522,-71,0.0,24
268,1,1,564,459,105,1.0,23
276,0,0,346,370,-24,0.0,25
276,1,1,436,396,40,1.0,24
284,0,0,487,526,-39,0.0,19
284,1,1,528,370,158,1.0,21
292,0,0,517,420,97,1.0,22
292,1,1,478,568,-90,0.0,21
300,0,0,474,530,-56,0.0,22
300,1,1,371,413,-42,0.0,25
308,0,0,493,464,29,1.0,24
308,1,1,545,600,-55,0.0,19
316,0,0,451,391,60,1.0,22
316,1,1,357,484,-127,0.0,26
324,0,0,542,510,32,1.0,23
324,1,1,478,551,-73,0.0,25
332,0,0,532,364,168,1.0,21
332,1,1,459,417,42,1.0,21
340,0,0,532,450,82,1.0,20
340,1,1,441,551,-110,0.0,21
348,0,0,543,419,124,1.0,23
348,1,1,493,555,-62,0.0,21
356,0,0,454,449,5,1.0,22
356,1,1,480,440,40,1.0,23
364,0,0,529,433,96,1.0,23
364,1,1,516,580,-64,0.0,25
372,0,0,453,519,-66,0.0,28
372,1,1,473,440,33,1.0,25
380,0,0,405,496,-91,0.0,24
380,1,1,510,452,58,1.0,24
388,0,0,571,381,190,1.0,26
388,1,1,415,470,-55,0.0,25
396,0,0,606,413,193,1.0,24
396,1,1,426,495,-69,0.0,22
404,0,0,554,484,70,1.0,21
404,1,1,439,542,-103,0.0,23
412,0,0,644,542,102,1.0,23
412,1,1,486,533,-47,0.0,21
420,0,0,614,502,112,1.0,21
420,1,1,475,584,-109,0.0,23
428,0,0,516,477,39,1.0,25
428,1,1,438,428,10,1.0,22
436,0,0,444,489,-45,0.0,23
436,1,1,482,438,44,1.0,22
444,0,0,696,407,289,1.0,20
444,1,1,460,505,-45,0.0,20
452,0,0,405,447,-42,0.0,27
452,1,1,532,443,89,1.0,26
460,0,0,452,430,22,1.0,26
460,1,1,422,475,-53,0.0,24
468,0,0,461,450,11,1.0,23
468,1,1,409,466,-57,0.0,21
476,0,0,401,482,-81,0.0,25
476,1,1,636,418,218,1.0,20
484,0,0,379,425,-46,0.0,23
484,1,1,564,420,144,1.0,24
492,0,0,477,386,91,1.0,21
492,1,1,409,531,-122,0.0,20
500,0,0,527,437,90,1.0,23
500,1,1,380,428,-48,0.0,23
508,0,0,516,415,101,1.0,22
508,1,1,488,459,29,1.0,23
516,0,0,641,396,245,1.0,21
516,1,1,468,517,-49,0.0,26
524,0,0,473,421,52,1.0,26
524,1,1,508,427,81,1.0,27
532,0,0,491,455,36,1.0,22
532,1,1,464,472,-8,0.0,21
540,0,0,479,507,-28,0.0,24
540,1,1,388,505,-117,0.0,22
548,0,0,667,403,264,1.0,25
548,1,1,460,410,50,1.0,24
556,0,0,548,424,124,1.0,23
556,1,1,385,491,-106,0.0,21
564,0,0,377,529,-152,0.0,18
564,1,1,496,482,14,1.0,21
572,0,0,475,377,98,1.0,21
572,1,1,506,518,-12,0.0,28
580,0,0,464,570,-106,0.0,22
580,1,1,477,617,-140,0.0,23
588,0,0,552,504,48,1.0,21
588,1,1,512,511,1,1.0,24
596,0,0,474,440,34,1.0,21
596,1,1,293,516,-223,0.0,25
604,0,0,619,371,248,1.0,25
604,1,1,492,467,25,1.0,26
612,0,0,386,479,-93,0.0,22
612,1,1,483,457,26,1.0,22
620,0,0,523,398,125,1.0,19
620,1,1,448,550,-102,0.0,23
628,0,0,456,512,-56,0.0,20
628,1,1,531,497,34,1.0,22
636,0,0,467,539,-72,0.0,22
636,1,1,512,590,-78,0.0,21
644,0,0,419,405,14,1.0,24
644,1,1,555,486,69,1.0,23
652,0,0,503,437,66,1.0,23
652,1,1,405,548,-143,0.0,23
660,0,0,454,449,5,1.0,28
660,1,1,491,440,51,1.0,26
668,0,0,489,525,-36,0.0,24
668,1,1,512,500,12,1.0,22
676,0,0,394,517,-123,0.0,21
676,1,1,520,471,49,1.0,22
684,0,0,589,576,13,1.0,22
684,1,1,569,434,135,1.0,25
692,0,0,472,468,4,1.0,26
692,1,1,477,423,54,1.0,25
700,0,0,409,397,12,1.0,20
700,1,1,406,415,-9,0.0,26
708,0,0,486,530,-44,0.0,25
708,1,1,543,484,59,1.0,27
716,0,0,443,399,44,1.0,23
716,1,1,431,436,-5,0.0,22
724,0,0,544,440,104,1.0,20
724,1,1,350,580,-230,0.0,23
732,0,0,510,416,94,1.0,25
732,1,1,456,565,-109,0.0,22
740,0,0,627,396,231,1.0,22
740,1,1,536,488,48,1.0,21
748,0,0,451,502,-51,0.0,21
748,1,1,501,542,-41,0.0,21
756,0,0,396,552,-156,0.0,24
756,1,1,567,394,173,1.0,21
764,0,0,509,414,95,1.0,23
764,1,1,474,515,-41,0.0,22
772,0,0,420,533,-113,0.0,22
772,1,1,545,380,165,1.0,24
780,0,0,568,454,114,1.0,23
780,1,1,352,471,-119,0.0,24
788,0,0,515,437,78,1.0,23
788,1,1,497,463,34,1.0,22
796,0,0,495,468,27,1.0,22
796,1,1,537,380,157,1.0,24
804,0,0,456,410,46,1.0,22
804,1,1,403,508,-105,0.0,27
812,0,0,455,460,-5,0.0,22
812,1,1,522,552,-30,0.0,22
820,0,0,573,474,99,1.0,20
820,1,1,560,807,-247,0.0,23
828,0,0,523,451,72,1.0,23
828,1,1,411,512,-101,0.0,23
836,0,0,601,460,141,1.0,21
836,1,1,541,500,41,1.0,23
844,0,0,443,544,-101,0.0,23
844,1,1,493,380,113,1.0,27
852,0,0,477,460,17,1.0,26
852,1,1,493,404,89,1.0,21
860,0,0,426,501,-75,0.0,26
860,1,1,479,396,83,1.0,24
868,0,0,426,482,-56,0.0,24
868,1,1,449,458,-9,0.0,23
876,0,0,498,386,112,1.0,27
876,1,1,447,512,-65,0.0,23
884,0,0,465,520,-55,0.0,24
884,1,1,584,409,175,1.0,24
892,0,0,497,499,-2,0.0,20
892,1,1,435,441,-6,0.0,23
900,0,0,517,479,38,1.0,24
900,1,1,549,461,88,1.0,23
908,0,0,580,444,136,1.0,20
908,1,1,377,538,-161,0.0,22
916,0,0,522,374,148,1.0,23
916,1,1,517,454,63,1.0,22
924,0,0,580,444,136,1.0,18
924,1,1,382,674,-292,0.0,19
932,0,0,481,319,162,1.0,23
932,1,1,280,582,-302,0.0,21
940,0,0,501,505,-4,0.0,22
940,1,1,546,523,23,1.0,23
948,0,0,405,551,-146,0.0,28
948,1,1,556,360,196,1.0,25
956,0,0,463,446,17,1.0,23
956,1,1,416,467,-51,0.0,24
964,0,0,408,382,26,1.0,28
964,1,1,494,482,12,1.0,20
972,0,0,543,437,106,1.0,28
972,1,1,433,548,-115,0.0,28
980,0,0,425,479,-54,0.0,25
980,1,1,541,439,102,1.0,25
988,0,0,308,490,-182,0.0,25
988,1,1,538,416,122,1.0,23
996,0,0,495,450,45,1.0,24
996,1,1,503,420,83,1.0,23
1004,0,0,576,335,241,1.0,22
1004,1,1,373,541,-168,0.0,23
1012,0,0,548,334,214,1.0,21
1012,1,1,371,641,-270,0.0,24
1020,0,0,430,363,67,1.0,24
1020,1,1,401,468,-67,0.0,24
1028,0,0,523,407,116,1.0,28
1028,1,1,581,492,89,1.0,26
1036,0,0,558,372,186,1.0,25
1036,1,1,443,463,-20,0.0,23
1044,0,0,526,495,31,1.0,20
1044,1,1,483,605,-122,0.0,22
1052,0,0,469,361,108,1.0,21
1052,1,1,418,440,-22,0.0,28
1060,0,0,631,410,221,1.0,23
1060,1,1,462,573,-111,0.0,21
1068,0,0,564,548,16,1.0,23
1068,1,1,527,514,13,1.0,21
1076,0,0,498,442,56,1.0,27
1076,1,1,506,497,9,1.0,22
1084,0,0,538,378,160,1.0,24
1084,1,1,429,517,-88,0.0,21
1092,0,0,439,481,-42,0.0,23
1092,1,1,637,473,164,1.0,22
1100,0,0,485,609,-124,0.0,21
1100,1,1,607,526,81,1.0,21
1108,0,0,466,506,-40,0.0,23
1108,1,1,500,414,86,1.0,24
1116,0,0,523,416,107,1.0,25
1116,1,1,397,541,-144,0.0,26
1124,0,0,425,562,-137,0.0,24
1124,1,1,558,385,173,1.0,24
1132,0,0,527,480,47,1.0,25
1132,1,1,510,336,174,1.0,21
1140,0,0,623,404,219,1.0,22
1140,1,1,385,543,-158,0.0,21
1148,0,0,504,508,-4,0.0,23
1148,1,1,609,390,219,1.0,26
1156,0,0,655,562,93,1.0,22
1156,1,1,553,548,5,1.0,21
1164,0,0,619,355,264,1.0,25
1164,1,1,425,633,-208,0.0,22
1172,0,0,551,392,159,1.0,23
1172,1,1,436,543,-107,0.0,21
1180,0,0,531,500,31,1.0,22
1180,1,1,530,592,-62,0.0,25
1188,0,0,490,398,92,1.0,21
1188,1,1,449,446,3,1.0,23
1196,0,0,452,493,-41,0.0,24
1196,1,1,522,518,4,1.0,23
1204,0,0,474,475,-1,0.0,21
1204,1,1,463,518,-55,0.0,24
1212,0,0,491,335,156,1.0,23
1212,1,1,407,524,-117,0.0,23
1220,0,0,471,536,-65,0.0,21
1220,1,1,520,393,127,1.0,22
1228,0,0,423,590,-167,0.0,25
1228,1,1,527,415,112,1.0,22
1236,0,0,470,451,19,1.0,24
1236,1,1,460,470,-10,0.0,23
1244,0,0,429,421,8,1.0,27
1244,1,1,424,561,-137,0.0,23
1252,0,0,565,430,135,1.0,19
1252,1,1,438,393,45,1.0,25
1260,0,0,487,497,-10,0.0,21
1260,1,1,543,532,11,1.0,21
1268,0,0,355,456,-101,0.0,25
1268,1,1,404,408,-4,0.0,25
1276,0,0,413,513,-100,0.0,26
1276,1,1,474,538,-64,0.0,25
1284,0,0,454,490,-36,0.0,20
1284,1,1,540,457,83,1.0,23
1292,0,0,445,386,59,1.0,27
1292,1,1,454,537,-83,0.0,21
1300,0,0,646,413,233,1.0,24
1300,1,1,425,529,-104,0.0,20
1308,0,0,394,522,-128,0.0,23
1308,1,1,569,631,-62,0.0,25
1316,0,0,467,417,50,1.0,22
1316,1,1,372,501,-129,0.0,24
1324,0,0,462,443,19,1.0,27
1324,1,1,411,398,13,1.0,29
1332,0,0,493,384,109,1.0,22
1332,1,1,459,420,39,1.0,23
1340,0,0,478,502,-24,0.0,23
1340,1,1,513,465,48,1.0,22
1348,0,0,509,422,87,1.0,25
1348,1,1,497,425,72,1.0,22
1356,0,0,472,433,39,1.0,21
1356,1,1,396,450,-54,0.0,31
1364,0,0,505,436,69,1.0,27
1364,1,1,441,663,-222,0.0,23
1372,0,0,420,506,-86,0.0,21
1372,1,1,387,525,-138,0.0,23
1380,0,0,534,499,35,1.0,22
1380,1,1,572,455,117,1.0,24
1388,0,0,568,572,-4,0.0,22
1388,1,1,501,419,82,1.0,22
1396,0,0,448,513,-65,0.0,25
1396,1,1,516,387,129,1.0,27
1404,0,0,529,553,-24,0.0,18
1404,1,1,540,446,94,1.0,18
1412,0,0,398,440,-42,0.0,26
1412,1,1,355,624,-269,0.0,21
1420,0,0,427,525,-98,0.0,21
1420,1,1,494,402,92,1.0,22
1428,0,0,399,539,-140,0.0,26
1428,1,1,457,336,121,1.0,23
1436,0,0,588,398,190,1.0,21
1436,1,1,343,433,-90,0.0,25
1444,0,0,480,397,83,1.0,26
1444,1,1,527,312,215,1.0,23
1452,0,0,521,468,53,1.0,23
1452,1,1,510,510,0,0.5,21
1460,0,0,516,487,29,1.0,24
1460,1,1,464,363,101,1.0,23
1468,0,0,413,498,-85,0.0,27
1468,1,1,499,383,116,1.0,23
1476,0,0,464,575,-111,0.0,26
1476,1,1,548,424,124,1.0,21
1484,0,0,440,502,-62,0.0,24
1484,1,1,569,419,150,1.0,22
1492,0,0,512,466,46,1.0,20
1492,1,1,461,475,-14,0.0,22
1500,0,0,388,461,-73,0.0,23
1500,1,1,483,515,-32,0.0,28
1508,0,0,453,573,-120,0.0,23
1508,1,1,534,400,134,1.0,21
1516,0,0,658,348,310,1.0,24
1516,1,1,418,572,-154,0.0,26
1524,0,0,503,475,28,1.0,23
1524,1,1,583,466,117,1.0,20
1532,0,0,408,512,-104,0.0,23
1532,1,1,509,500,9,1.0,21
1540,0,0,626,381,245,1.0,25
1540,1,1,512,547,-35,0.0,23
1548,0,0,541,318,223,1.0,23
1548,1,1,514,441,73,1.0,26
1556,0,0,451,469,-18,0.0,24
1556,1,1,405,400,5,1.0,25
1564,0,0,458,574,-116,0.0,23
1564,1,1,506,434,72,1.0,26
1572,0,0,469,481,-12,0.0,23
1572,1,1,544,425,119,1.0,22
1580,0,0,504,510,-6,0.0,20
1580,1,1,427,485,-58,0.0,22
1588,0,0,509,431,78,1.0,21
1588,1,1,524,513,11,1.0,24
1596,0,0,535,560,-25,0.0,25
1596,1,1,416,664,-248,0.0,23
1604,0,0,389,438,-49,0.0,26
1604,1,1,445,451,-6,0.0,25
1612,0,0,462,478,-16,0.0,25
1612,1,1,498,520,-22,0.0,25
1620,0,0,449,398,51,1.0,25
1620,1,1,472,435,37,1.0,24
1628,0,0,436,477,-41,0.0,22
1628,1,1,425,477,-52,0.0,21
1636,0,0,571,365,206,1.0,23
1636,1,1,460,392,68,1.0,23
1644,0,0,548,448,100,1.0,19
1644,1,1,491,540,-49,0.0,23
1652,0,0,480,429,51,1.0,23
1652,1,1,483,545,-62,0.0,23
1660,0,0,559,462,97,1.0,24
1660,1,1,383,503,-120,0.0,23
1668,0,0,501,629,-128,0.0,23
1668,1,1,476,630,-154,0.0,23
1676,0,0,575,333,242,1.0,29
1676,1,1,535,497,38,1.0,24
1684,0,0,555,430,125,1.0,25
1684,1,1,468,340,128,1.0,25
1692,0,0,363,485,-122,0.0,26
1692,1,1,524,368,156,1.0,26
1700,0,0,420,442,-22,0.0,22
1700,1,1,520,434,86,1.0,20
1708,0,0,509,497,12,1.0,21
1708,1,1,447,519,-72,0.0,28
1716,0,0,610,368,242,1.0,25
1716,1,1,390,505,-115,0.0,22
1724,0,0,464,495,-31,0.0,22
1724,1,1,378,604,-226,0.0,21
1732,0,0,565,454,111,1.0,28
1732,1,1,522,470,52,1.0,24
1740,0,0,486,394,92,1.0,24
1740,1,1,461,468,-7,0.0,22
1748,0,0,434,592,-158,0.0,26
1748,1,1,473,492,-19,0.0,20
1756,0,0,516,470,46,1.0,22
1756,1,1,487,465,22,1.0,25
1764,0,0,593,434,159,1.0,22
1764,1,1,373,565,-192,0.0,21
1772,0,0,478,464,14,1.0,24
1772,1,1,429,480,-51,0.0,29
1780,0,0,491,563,-72,0.0,21
1780,1,1,458,415,43,1.0,22
1788,0,0,481,429,52,1.0,24
1788,1,1,494,519,-25,0.0,24
1796,0,0,441,491,-50,0.0,26
1796,1,1,475,433,42,1.0,23
1804,0,0,413,460,-47,0.0,25
1804,1,1,409,438,-29,0.0,24
1812,0,0,479,549,-70,0.0,25
1812,1,1,481,447,34,1.0,22
1820,0,0,543,472,71,1.0,21
1820,1,1,417,434,-17,0.0,24
1828,0,0,522,387,135,1.0,21
1828,1,1,484,418,66,1.0,21
1836,0,0,397,523,-126,0.0,28
1836,1,1,619,426,193,1.0,23
1844,0,0,558,439,119,1.0,21
1844,1,1,400,624,-224,0.0,21
1852,0,0,397,492,-95,0.0,22
1852,1,1,520,354,166,1.0,21
1860,0,0,591,444,147,1.0,21
1860,1,1,423,510,-87,0.0,25
1868,0,0,519,556,-37,0.0,24
1868,1,1,464,508,-44,0.0,23
1876,0,0,436,508,-72,0.0,24
1876,1,1,586,343,243,1.0,24
1884,0,0,489,474,15,1.0,26
1884,1,1,450,565,-115,0.0,21
1892,0,0,505,432,73,1.0,24
1892,1,1,473,459,14,1.0,22
1900,0,0,590,584,6,1.0,22
1900,1,1,424,533,-109,0.0,25
1908,0,0,520,595,-75,0.0,24
1908,1,1,549,459,90,1.0,20
1916,0,0,515,454,61,1.0,25
1916,1,1,543,493,50,1.0,23
1924,0,0,415,406,9,1.0,22
1924,1,1,486,491,-5,0.0,24
1932,0,0,369,408,-39,0.0,24
1932,1,1,488,456,32,1.0,24
1940,0,0,557,502,55,1.0,21
1940,1,1,523,458,65,1.0,24
1948,0,0,431,483,-52,0.0,22
1948,1,1,558,529,29,1.0,20
1956,0,0,433,569,-136,0.0,23
1956,1,1,558,461,97,1.0,23
1964,0,0,436,543,-107,0.0,23
1964,1,1,458,436,22,1.0,25
1972,0,0,475,403,72,1.0,23
1972,1,1,416,542,-126,0.0,23
1980,0,0,630,482,148,1.0,24
1980,1,1,452,515,-63,0.0,23
1988,0,0,528,489,39,1.0,19
1988,1,1,401,503,-102,0.0,26
1996,0,0,481,554,-73,0.0,28
1996,1,1,546,475,71,1.0,23
pair,game,a_seat,a_score,b_score,a_spread,a_win,turns
5,0,0,527,489,38,1.0,24
5,1,1,429,542,-113,0.0,28
13,0,0,465,517,-52,0.0,24
13,1,1,550,457,93,1.0,23
21,0,0,491,488,3,1.0,24
21,1,1,509,573,-64,0.0,24
29,0,0,476,423,53,1.0,27
29,1,1,465,469,-4,0.0,23
37,0,0,485,467,18,1.0,23
37,1,1,484,422,62,1.0,26
45,0,0,455,566,-111,0.0,23
45,1,1,549,438,111,1.0,24
53,0,0,462,363,99,1.0,26
53,1,1,446,511,-65,0.0,24
61,0,0,475,522,-47,0.0,22
61,1,1,614,464,150,1.0,21
69,0,0,379,515,-136,0.0,26
69,1,1,549,489,60,1.0,23
77,0,0,607,431,176,1.0,21
77,1,1,646,451,195,1.0,21
85,0,0,494,436,58,1.0,23
85,1,1,443,502,-59,0.0,26
93,0,0,555,380,175,1.0,32
93,1,1,475,512,-37,0.0,28
101,0,0,497,439,58,1.0,23
101,1,1,504,423,81,1.0,23
109,0,0,394,477,-83,0.0,25
109,1,1,579,347,232,1.0,23
117,0,0,454,409,45,1.0,22
117,1,1,476,456,20,1.0,23
125,0,0,499,436,63,1.0,24
125,1,1,506,523,-17,0.0,24
133,0,0,417,680,-263,0.0,19
133,1,1,504,457,47,1.0,22
141,0,0,424,564,-140,0.0,23
141,1,1,539,394,145,1.0,25
149,0,0,503,442,61,1.0,27
149,1,1,437,483,-46,0.0,22
157,0,0,490,517,-27,0.0,21
157,1,1,572,467,105,1.0,23
165,0,0,394,572,-178,0.0,20
165,1,1,561,475,86,1.0,21
173,0,0,543,329,214,1.0,26
173,1,1,447,466,-19,0.0,23
181,0,0,644,457,187,1.0,21
181,1,1,475,558,-83,0.0,24
189,0,0,435,419,16,1.0,21
189,1,1,454,420,34,1.0,23
197,0,0,453,377,76,1.0,26
197,1,1,291,576,-285,0.0,24
205,0,0,452,537,-85,0.0,24
205,1,1,413,400,13,1.0,29
213,0,0,595,374,221,1.0,25
213,1,1,464,472,-8,0.0,19
221,0,0,427,438,-11,0.0,26
221,1,1,411,491,-80,0.0,27
229,0,0,487,568,-81,0.0,20
229,1,1,493,455,38,1.0,20
237,0,0,510,378,132,1.0,24
237,1,1,491,496,-5,0.0,19
245,0,0,564,443,121,1.0,25
245,1,1,426,518,-92,0.0,21
253,0,0,440,409,31,1.0,28
253,1,1,402,550,-148,0.0,24
261,0,0,526,563,-37,0.0,25
261,1,1,549,488,61,1.0,22
269,0,0,429,501,-72,0.0,22
269,1,1,537,384,153,1.0,21
277,0,0,331,559,-228,0.0,24
277,1,1,624,409,215,1.0,20
285,0,0,435,470,-35,0.0,23
285,1,1,464,541,-77,0.0,21
293,0,0,483,411,72,1.0,21
293,1,1,430,497,-67,0.0,23
301,0,0,481,461,20,1.0,24
301,1,1,397,551,-154,0.0,22
309,0,0,534,414,120,1.0,34
309,1,1,402,516,-114,0.0,22
317,0,0,470,477,-7,0.0,27
317,1,1,533,414,119,1.0,25
325,0,0,493,502,-9,0.0,26
325,1,1,461,472,-11,0.0,27
333,0,0,541,422,119,1.0,21
333,1,1,437,467,-30,0.0,23
341,0,0,434,675,-241,0.0,23
341,1,1,430,446,-16,0.0,26
349,0,0,456,507,-51,0.0,23
349,1,1,596,486,110,1.0,19
357,0,0,562,399,163,1.0,20
357,1,1,464,515,-51,0.0,23
365,0,0,437,446,-9,0.0,26
365,1,1,368,471,-103,0.0,21
373,0,0,416,417,-1,0.0,26
373,1,1,440,428,12,1.0,25
381,0,0,440,500,-60,0.0,21
381,1,1,642,351,291,1.0,23
389,0,0,493,518,-25,0.0,21
389,1,1,455,537,-82,0.0,24
397,0,0,358,478,-120,0.0,26
397,1,1,461,453,8,1.0,28
405,0,0,425,553,-128,0.0,22
405,1,1,529,441,88,1.0,24
413,0,0,492,426,66,1.0,27
413,1,1,486,482,4,1.0,24
421,0,0,433,408,25,1.0,24
421,1,1,522,462,60,1.0,25
429,0,0,494,461,33,1.0,23
429,1,1,584,378,206,1.0,23
437,0,0,403,483,-80,0.0,29
437,1,1,514,418,96,1.0,22
445,0,0,324,546,-222,0.0,25
445,1,1,487,464,23,1.0,21
453,0,0,570,405,165,1.0,24
453,1,1,480,616,-136,0.0,23
461,0,0,614,469,145,1.0,20
461,1,1,497,515,-18,0.0,20
469,0,0,405,598,-193,0.0,18
469,1,1,567,382,185,1.0,23
477,0,0,481,504,-23,0.0,20
477,1,1,486,511,-25,0.0,20
485,0,0,701,441,260,1.0,20
485,1,1,394,555,-161,0.0,20
493,0,0,571,409,162,1.0,22
493,1,1,492,437,55,1.0,23
501,0,0,542,484,58,1.0,25
501,1,1,504,495,9,1.0,24
509,0,0,523,469,54,1.0,24
509,1,1,424,417,7,1.0,26
517,0,0,419,505,-86,0.0,23
517,1,1,428,558,-130,0.0,24
525,0,0,676,419,257,1.0,25
525,1,1,503,520,-17,0.0,24
533,0,0,406,550,-144,0.0,24
533,1,1,557,428,129,1.0,25
541,0,0,451,478,-27,0.0,25
541,1,1,445,417,28,1.0,23
549,0,0,445,483,-38,0.0,28
549,1,1,564,406,158,1.0,22
557,0,0,425,423,2,1.0,27
557,1,1,520,551,-31,0.0,20
565,0,0,545,449,96,1.0,23
565,1,1,477,472,5,1.0,21
573,0,0,591,341,250,1.0,28
573,1,1,484,448,36,1.0,31
581,0,0,437,427,10,1.0,25
581,1,1,425,502,-77,0.0,26
589,0,0,413,534,-121,0.0,19
589,1,1,539,505,34,1.0,21
597,0,0,483,546,-63,0.0,24
597,1,1,537,509,28,1.0,21
605,0,0,456,413,43,1.0,26
605,1,1,481,465,16,1.0,26
613,0,0,426,506,-80,0.0,21
613,1,1,409,528,-119,0.0,24
621,0,0,582,354,228,1.0,25
621,1,1,407,590,-183,0.0,23
629,0,0,423,475,-52,0.0,26
629,1,1,512,470,42,1.0,28
637,0,0,530,440,90,1.0,22
637,1,1,475,518,-43,0.0,26
645,0,0,408,462,-54,0.0,24
645,1,1,445,659,-214,0.0,22
653,0,0,538,406,132,1.0,22
653,1,1,483,547,-64,0.0,27
661,0,0,561,467,94,1.0,22
661,1,1,564,394,170,1.0,25
669,0,0,336,493,-157,0.0,25
669,1,1,457,511,-54,0.0,26
677,0,0,518,544,-26,0.0,23
677,1,1,475,468,7,1.0,23
685,0,0,545,525,20,1.0,22
685,1,1,424,439,-15,0.0,23
693,0,0,468,474,-6,0.0,26
693,1,1,501,369,132,1.0,21
701,0,0,667,460,207,1.0,23
701,1,1,392,436,-44,0.0,20
709,0,0,377,567,-190,0.0,23
709,1,1,475,407,68,1.0,22
717,0,0,592,511,81,1.0,25
717,1,1,444,496,-52,0.0,23
725,0,0,314,454,-140,0.0,23
725,1,1,495,386,109,1.0,22
733,0,0,496,429,67,1.0,21
733,1,1,446,487,-41,0.0,24
741,0,0,526,507,19,1.0,23
741,1,1,442,431,11,1.0,22
749,0,0,541,443,98,1.0,22
749,1,1,463,497,-34,0.0,24
757,0,0,463,435,28,1.0,23
757,1,1,506,483,23,1.0,22
765,0,0,470,435,35,1.0,22
765,1,1,414,627,-213,0.0,27
773,0,0,440,479,-39,0.0,25
773,1,1,370,408,-38,0.0,25
781,0,0,549,471,78,1.0,21
781,1,1,451,490,-39,0.0,25
789,0,0,375,471,-96,0.0,21
789,1,1,521,441,80,1.0,23
797,0,0,548,411,137,1.0,24
797,1,1,290,491,-201,0.0,23
805,0,0,527,481,46,1.0,21
805,1,1,403,510,-107,0.0,23
813,0,0,442,533,-91,0.0,24
813,1,1,488,549,-61,0.0,22
821,0,0,571,459,112,1.0,23
821,1,1,446,508,-62,0.0,23
829,0,0,433,565,-132,0.0,19
829,1,1,438,577,-139,0.0,20
837,0,0,533,494,39,1.0,23
837,1,1,491,529,-38,0.0,22
845,0,0,635,470,165,1.0,26
845,1,1,553,511,42,1.0,22
853,0,0,496,403,93,1.0,26
853,1,1,499,406,93,1.0,25
861,0,0,520,464,56,1.0,22
861,1,1,556,508,48,1.0,24
869,0,0,416,482,-66,0.0,24
869,1,1,499,481,18,1.0,23
877,0,0,375,589,-214,0.0,21
877,1,1,626,426,200,1.0,25
885,0,0,428,476,-48,0.0,24
885,1,1,406,378,28,1.0,24
893,0,0,414,488,-74,0.0,22
893,1,1,464,451,13,1.0,22
901,0,0,488,501,-13,0.0,28
901,1,1,465,413,52,1.0,24
909,0,0,452,486,-34,0.0,21
909,1,1,465,447,18,1.0,21
917,0,0,432,508,-76,0.0,25
917,1,1,490,496,-6,0.0,23
925,0,0,465,529,-64,0.0,21
925,1,1,553,535,18,1.0,20
933,0,0,512,611,-99,0.0,23
933,1,1,436,532,-96,0.0,22
941,0,0,543,501,42,1.0,21
941,1,1,491,453,38,1.0,23
949,0,0,517,438,79,1.0,26
949,1,1,540,506,34,1.0,25
957,0,0,411,391,20,1.0,25
957,1,1,504,520,-16,0.0,26
965,0,0,424,451,-27,0.0,26
965,1,1,487,459,28,1.0,25
973,0,0,395,532,-137,0.0,20
973,1,1,547,421,126,1.0,22
981,0,0,545,485,60,1.0,22
981,1,1,392,560,-168,0.0,22
989,0,0,399,498,-99,0.0,23
989,1,1,431,462,-31,0.0,26
997,0,0,377,588,-211,0.0,21
997,1,1,554,376,178,1.0,26
1005,0,0,556,437,119,1.0,24
1005,1,1,499,513,-14,0.0,23
1013,0,0,538,500,38,1.0,25
1013,1,1,488,493,-5,0.0,22
1021,0,0,526,424,102,1.0,21
1021,1,1,297,631,-334,0.0,22
1029,0,0,664,342,322,1.0,21
1029,1,1,501,475,26,1.0,23
1037,0,0,410,526,-116,0.0,22
1037,1,1,543,434,109,1.0,22
1045,0,0,454,639,-185,0.0,23
1045,1,1,492,411,81,1.0,25
1053,0,0,412,496,-84,0.0,23
1053,1,1,398,564,-166,0.0,23
1061,0,0,466,527,-61,0.0,22
1061,1,1,530,368,162,1.0,21
1069,0,0,403,536,-133,0.0,25
1069,1,1,500,443,57,1.0,25
1077,0,0,499,428,71,1.0,25
1077,1,1,427,490,-63,0.0,27
1085,0,0,654,477,177,1.0,21
1085,1,1,414,499,-85,0.0,22
1093,0,0,469,468,1,1.0,22
1093,1,1,619,332,287,1.0,23
1101,0,0,452,476,-24,0.0,23
1101,1,1,535,470,65,1.0,24
1109,0,0,501,433,68,1.0,23
1109,1,1,475,596,-121,0.0,24
1117,0,0,375,510,-135,0.0,25
1117,1,1,641,424,217,1.0,21
1125,0,0,491,551,-60,0.0,23
1125,1,1,535,389,146,1.0,22
1133,0,0,558,514,44,1.0,21
1133,1,1,555,543,12,1.0,25
1141,0,0,376,523,-147,0.0,25
1141,1,1,641,465,176,1.0,19
1149,0,0,617,395,222,1.0,22
1149,1,1,461,592,-131,0.0,23
1157,0,0,565,517,48,1.0,25
1157,1,1,531,511,20,1.0,25
1165,0,0,507,451,56,1.0,25
1165,1,1,498,504,-6,0.0,23
1173,0,0,433,490,-57,0.0,23
1173,1,1,503,510,-7,0.0,23
1181,0,0,497,540,-43,0.0,21
1181,1,1,584,506,78,1.0,27
1189,0,0,537,404,133,1.0,24
1189,1,1,318,505,-187,0.0,27
1197,0,0,551,404,147,1.0,20
1197,1,1,537,417,120,1.0,22
1205,0,0,446,512,-66,0.0,23
1205,1,1,579,428,151,1.0,22
1213,0,0,478,542,-64,0.0,20
1213,1,1,510,471,39,1.0,23
1221,0,0,515,428,87,1.0,23
1221,1,1,419,462,-43,0.0,21
1229,0,0,468,524,-56,0.0,23
1229,1,1,524,466,58,1.0,24
1237,0,0,329,542,-213,0.0,24
1237,1,1,617,360,257,1.0,21
1245,0,0,473,444,29,1.0,23
1245,1,1,488,536,-48,0.0,24
1253,0,0,461,526,-65,0.0,24
1253,1,1,581,499,82,1.0,24
1261,0,0,429,470,-41,0.0,21
1261,1,1,453,453,0,0.5,24
1269,0,0,564,407,157,1.0,21
1269,1,1,490,560,-70,0.0,24
1277,0,0,394,495,-101,0.0,25
1277,1,1,566,466,100,1.0,25
1285,0,0,531,461,70,1.0,23
1285,1,1,468,482,-14,0.0,24
1293,0,0,474,385,89,1.0,25
1293,1,1,436,498,-62,0.0,23
1301,0,0,494,477,17,1.0,24
1301,1,1,521,433,88,1.0,23
1309,0,0,502,419,83,1.0,20
1309,1,1,489,463,26,1.0,20
1317,0,0,500,530,-30,0.0,25
1317,1,1,480,463,17,1.0,26
1325,0,0,502,369,133,1.0,27
1325,1,1,407,467,-60,0.0,23
1333,0,0,507,495,12,1.0,22
1333,1,1,522,534,-12,0.0,22
1341,0,0,539,376,163,1.0,21
1341,1,1,411,604,-193,0.0,23
1349,0,0,458,445,13,1.0,25
1349,1,1,560,442,118,1.0,23
1357,0,0,440,504,-64,0.0,23
1357,1,1,446,537,-91,0.0,20
1365,0,0,431,572,-141,0.0,20
1365,1,1,449,415,34,1.0,21
1373,0,0,499,559,-60,0.0,25
1373,1,1,538,434,104,1.0,27
1381,0,0,512,525,-13,0.0,26
1381,1,1,519,435,84,1.0,24
1389,0,0,476,376,100,1.0,23
1389,1,1,553,482,71,1.0,21
1397,0,0,386,512,-126,0.0,28
1397,1,1,512,426,86,1.0,21
1405,0,0,439,547,-108,0.0,24
1405,1,1,545,509,36,1.0,23
1413,0,0,429,574,-145,0.0,23
1413,1,1,634,420,214,1.0,25
1421,0,0,541,367,174,1.0,25
1421,1,1,435,523,-88,0.0,20
1429,0,0,407,481,-74,0.0,28
1429,1,1,511,491,20,1.0,21
1437,0,0,550,385,165,1.0,27
1437,1,1,489,552,-63,0.0,22
1445,0,0,501,394,107,1.0,23
1445,1,1,484,561,-77,0.0,25
1453,0,0,395,477,-82,0.0,24
1453,1,1,495,406,89,1.0,24
1461,0,0,465,603,-138,0.0,27
1461,1,1,578,523,55,1.0,27
1469,0,0,460,486,-26,0.0,28
1469,1,1,511,465,46,1.0,23
1477,0,0,320,544,-224,0.0,27
1477,1,1,602,406,196,1.0,23
1485,0,0,466,420,46,1.0,23
1485,1,1,420,437,-17,0.0,24
1493,0,0,427,474,-47,0.0,21
1493,1,1,569,381,188,1.0,23
1501,0,0,500,470,30,1.0,24
1501,1,1,473,400,73,1.0,20
1509,0,0,453,544,-91,0.0,26
1509,1,1,548,441,107,1.0,27
1517,0,0,459,511,-52,0.0,21
1517,1,1,606,427,179,1.0,23
1525,0,0,373,540,-167,0.0,21
1525,1,1,648,406,242,1.0,24
1533,0,0,572,411,161,1.0,24
1533,1,1,495,401,94,1.0,21
1541,0,0,493,542,-49,0.0,23
1541,1,1,570,395,175,1.0,20
1549,0,0,565,411,154,1.0,23
1549,1,1,458,476,-18,0.0,25
1557,0,0,353,524,-171,0.0,25
1557,1,1,556,366,190,1.0,21
1565,0,0,636,506,130,1.0,24
1565,1,1,438,551,-113,0.0,24
1573,0,0,523,356,167,1.0,25
1573,1,1,410,436,-26,0.0,24
1581,0,0,382,488,-106,0.0,25
1581,1,1,548,473,75,1.0,25
1589,0,0,544,563,-19,0.0,21
1589,1,1,448,540,-92,0.0,20
1597,0,0,408,588,-180,0.0,21
1597,1,1,511,441,70,1.0,28
1605,0,0,526,437,89,1.0,23
1605,1,1,447,419,28,1.0,23
1613,0,0,514,501,13,1.0,22
1613,1,1,476,404,72,1.0,23
1621,0,0,483,514,-31,0.0,22
1621,1,1,459,520,-61,0.0,26
1629,0,0,518,432,86,1.0,23
1629,1,1,368,427,-59,0.0,22
1637,0,0,412,407,5,1.0,25
1637,1,1,353,480,-127,0.0,23
1645,0,0,418,453,-35,0.0,24
1645,1,1,429,413,16,1.0,26
1653,0,0,537,517,20,1.0,20
1653,1,1,487,417,70,1.0,20
1661,0,0,601,398,203,1.0,23
1661,1,1,374,524,-150,0.0,25
1669,0,0,426,480,-54,0.0,22
1669,1,1,453,403,50,1.0,26
1677,0,0,403,523,-120,0.0,18
1677,1,1,509,507,2,1.0,20
1685,0,0,499,396,103,1.0,24
1685,1,1,470,486,-16,0.0,24
1693,0,0,495,561,-66,0.0,23
1693,1,1,519,480,39,1.0,24
1701,0,0,492,559,-67,0.0,20
1701,1,1,565,474,91,1.0,22
1709,0,0,389,501,-112,0.0,23
1709,1,1,552,477,75,1.0,22
1717,0,0,456,481,-25,0.0,22
1717,1,1,476,367,109,1.0,30
1725,0,0,409,479,-70,0.0,22
1725,1,1,455,398,57,1.0,24
1733,0,0,489,544,-55,0.0,21
1733,1,1,420,509,-89,0.0,22
1741,0,0,548,508,40,1.0,23
1741,1,1,597,464,133,1.0,22
1749,0,0,535,484,51,1.0,23
1749,1,1,442,566,-124,0.0,24
1757,0,0,552,507,45,1.0,21
1757,1,1,481,476,5,1.0,26
1765,0,0,547,469,78,1.0,22
1765,1,1,449,566,-117,0.0,22
1773,0,0,517,504,13,1.0,21
1773,1,1,466,463,3,1.0,20
1781,0,0,590,506,84,1.0,22
1781,1,1,503,533,-30,0.0,24
1789,0,0,454,641,-187,0.0,21
1789,1,1,590,458,132,1.0,19
1797,0,0,428,560,-132,0.0,20
1797,1,1,576,489,87,1.0,22
1805,0,0,450,504,-54,0.0,22
1805,1,1,516,470,46,1.0,20
1813,0,0,389,590,-201,0.0,23
1813,1,1,569,377,192,1.0,24
1821,0,0,342,543,-201,0.0,22
1821,1,1,549,364,185,1.0,22
1829,0,0,492,387,105,1.0,22
1829,1,1,455,460,-5,0.0,23
1837,0,0,564,449,115,1.0,22
1837,1,1,443,422,21,1.0,27
1845,0,0,556,407,149,1.0,22
1845,1,1,535,510,25,1.0,25
1853,0,0,449,578,-129,0.0,25
1853,1,1,482,470,12,1.0,28
1861,0,0,458,476,-18,0.0,23
1861,1,1,405,511,-106,0.0,22
1869,0,0,589,437,152,1.0,22
1869,1,1,387,510,-123,0.0,25
1877,0,0,376,466,-90,0.0,21
1877,1,1,451,545,-94,0.0,24
1885,0,0,533,353,180,1.0,20
1885,1,1,438,488,-50,0.0,20
1893,0,0,510,353,157,1.0,25
1893,1,1,481,480,1,1.0,23
1901,0,0,501,407,94,1.0,22
1901,1,1,446,527,-81,0.0,22
1909,0,0,268,584,-316,0.0,23
1909,1,1,595,347,248,1.0,26
1917,0,0,423,482,-59,0.0,25
1917,1,1,466,521,-55,0.0,23
1925,0,0,462,489,-27,0.0,21
1925,1,1,472,443,29,1.0,22
1933,0,0,426,486,-60,0.0,25
1933,1,1,598,439,159,1.0,22
1941,0,0,505,510,-5,0.0,22
1941,1,1,465,587,-122,0.0,23
1949,0,0,429,495,-66,0.0,24
1949,1,1,503,426,77,1.0,22
1957,0,0,412,463,-51,0.0,25
1957,1,1,427,441,-14,0.0,25
1965,0,0,458,523,-65,0.0,22
1965,1,1,402,487,-85,0.0,22
1973,0,0,473,375,98,1.0,24
1973,1,1,543,604,-61,0.0,25
1981,0,0,550,355,195,1.0,22
1981,1,1,412,552,-140,0.0,21
1989,0,0,469,404,65,1.0,22
1989,1,1,513,405,108,1.0,25
1997,0,0,542,515,27,1.0,20
1997,1,1,510,536,-26,0.0,20
pair,game,a_seat,a_score,b_score,a_spread,a_win,turns
6,0,0,494,568,-74,0.0,22
6,1,1,527,567,-40,0.0,22
14,0,0,412,576,-164,0.0,26
14,1,1,534,405,129,1.0,22
22,0,0,551,333,218,1.0,22
22,1,1,407,564,-157,0.0,25
30,0,0,578,577,1,1.0,25
30,1,1,465,534,-69,0.0,21
38,0,0,601,420,181,1.0,26
38,1,1,399,474,-75,0.0,25
46,0,0,513,444,69,1.0,24
46,1,1,503,478,25,1.0,19
54,0,0,461,615,-154,0.0,23
54,1,1,485,437,48,1.0,21
62,0,0,471,429,42,1.0,24
62,1,1,470,456,14,1.0,22
70,0,0,561,487,74,1.0,22
70,1,1,415,501,-86,0.0,24
78,0,0,474,480,-6,0.0,21
78,1,1,443,457,-14,0.0,24
86,0,0,364,482,-118,0.0,22
86,1,1,543,474,69,1.0,22
94,0,0,542,427,115,1.0,18
94,1,1,342,547,-205,0.0,22
102,0,0,440,444,-4,0.0,23
102,1,1,473,412,61,1.0,21
110,0,0,391,483,-92,0.0,22
110,1,1,442,371,71,1.0,20
118,0,0,486,559,-73,0.0,21
118,1,1,461,459,2,1.0,23
126,0,0,501,509,-8,0.0,26
126,1,1,437,493,-56,0.0,22
134,0,0,504,467,37,1.0,23
134,1,1,578,493,85,1.0,23
142,0,0,434,479,-45,0.0,22
142,1,1,565,398,167,1.0,24
150,0,0,482,466,16,1.0,24
150,1,1,511,442,69,1.0,23
158,0,0,501,515,-14,0.0,25
158,1,1,519,589,-70,0.0,26
166,0,0,479,434,45,1.0,21
166,1,1,423,377,46,1.0,25
174,0,0,601,371,230,1.0,25
174,1,1,395,558,-163,0.0,21
182,0,0,432,414,18,1.0,19
182,1,1,447,528,-81,0.0,21
190,0,0,453,357,96,1.0,28
190,1,1,395,468,-73,0.0,24
198,0,0,499,494,5,1.0,28
198,1,1,455,509,-54,0.0,22
206,0,0,478,410,68,1.0,24
206,1,1,346,578,-232,0.0,21
214,0,0,462,452,10,1.0,22
214,1,1,548,437,111,1.0,26
222,0,0,471,461,10,1.0,24
222,1,1,520,463,57,1.0,22
230,0,0,444,479,-35,0.0,24
230,1,1,447,522,-75,0.0,23
238,0,0,533,393,140,1.0,22
238,1,1,396,524,-128,0.0,23
246,0,0,547,513,34,1.0,21
246,1,1,498,336,162,1.0,25
254,0,0,392,516,-124,0.0,20
254,1,1,544,576,-32,0.0,20
262,0,0,410,462,-52,0.0,24
262,1,1,446,460,-14,0.0,19
270,0,0,523,392,131,1.0,23
270,1,1,595,364,231,1.0,20
278,0,0,515,402,113,1.0,24
278,1,1,361,518,-157,0.0,24
286,0,0,531,512,19,1.0,22
286,1,1,570,488,82,1.0,20
294,0,0,556,446,110,1.0,23
294,1,1,399,556,-157,0.0,25
302,0,0,501,482,19,1.0,25
302,1,1,531,488,43,1.0,21
310,0,0,360,496,-136,0.0,24
310,1,1,416,490,-74,0.0,28
318,0,0,585,389,196,1.0,23
318,1,1,404,508,-104,0.0,23
326,0,0,519,501,18,1.0,29
326,1,1,492,402,90,1.0,29
334,0,0,515,459,56,1.0,24
334,1,1,475,489,-14,0.0,23
342,0,0,416,478,-62,0.0,22
342,1,1,408,462,-54,0.0,25
350,0,0,492,361,131,1.0,22
350,1,1,415,481,-66,0.0,21
358,0,0,470,450,20,1.0,23
358,1,1,462,630,-168,0.0,28
366,0,0,444,399,45,1.0,25
366,1,1,503,470,33,1.0,25
374,0,0,522,433,89,1.0,23
374,1,1,448,471,-23,0.0,21
382,0,0,498,496,2,1.0,21
382,1,1,427,526,-99,0.0,22
390,0,0,381,482,-101,0.0,22
390,1,1,459,445,14,1.0,21
398,0,0,543,550,-7,0.0,22
398,1,1,429,473,-44,0.0,21
406,0,0,402,566,-164,0.0,25
406,1,1,516,326,190,1.0,24
414,0,0,491,552,-61,0.0,20
414,1,1,587,433,154,1.0,22
422,0,0,400,548,-148,0.0,22
422,1,1,398,498,-100,0.0,25
430,0,0,544,549,-5,0.0,20
430,1,1,583,582,1,1.0,20
438,0,0,561,396,165,1.0,21
438,1,1,462,572,-110,0.0,22
446,0,0,559,512,47,1.0,24
446,1,1,512,479,33,1.0,25
454,0,0,641,473,168,1.0,24
454,1,1,498,484,14,1.0,23
462,0,0,481,405,76,1.0,23
462,1,1,427,500,-73,0.0,31
470,0,0,486,449,37,1.0,26
470,1,1,614,382,232,1.0,25
478,0,0,526,505,21,1.0,22
478,1,1,417,439,-22,0.0,23
486,0,0,538,404,134,1.0,25
486,1,1,471,431,40,1.0,23
494,0,0,525,535,-10,0.0,22
494,1,1,482,598,-116,0.0,21
502,0,0,513,458,55,1.0,24
502,1,1,443,533,-90,0.0,23
510,0,0,569,444,125,1.0,21
510,1,1,478,536,-58,0.0,21
518,0,0,481,530,-49,0.0,22
518,1,1,374,610,-236,0.0,23
526,0,0,479,546,-67,0.0,22
526,1,1,540,527,13,1.0,28
534,0,0,528,474,54,1.0,24
534,1,1,514,598,-84,0.0,22
542,0,0,602,416,186,1.0,20
542,1,1,481,474,7,1.0,25
550,0,0,514,504,10,1.0,22
550,1,1,446,500,-54,0.0,24
558,0,0,534,419,115,1.0,23
558,1,1,428,411,17,1.0,27
566,0,0,435,544,-109,0.0,23
566,1,1,499,426,73,1.0,26
574,0,0,414,500,-86,0.0,24
574,1,1,480,510,-30,0.0,26
582,0,0,536,415,121,1.0,24
582,1,1,355,543,-188,0.0,21
590,0,0,530,576,-46,0.0,20
590,1,1,518,434,84,1.0,20
598,0,0,485,485,0,0.5,21
598,1,1,473,366,107,1.0,23
606,0,0,463,466,-3,0.0,24
606,1,1,443,477,-34,0.0,23
614,0,0,455,448,7,1.0,23
614,1,1,450,576,-126,0.0,24
622,0,0,510,439,71,1.0,27
622,1,1,399,434,-35,0.0,24
630,0,0,402,495,-93,0.0,24
630,1,1,636,487,149,1.0,24
638,0,0,415,553,-138,0.0,20
638,1,1,552,525,27,1.0,23
646,0,0,419,459,-40,0.0,22
646,1,1,508,551,-43,0.0,23
654,0,0,464,436,28,1.0,25
654,1,1,527,452,75,1.0,25
662,0,0,511,373,138,1.0,24
662,1,1,520,446,74,1.0,22
670,0,0,485,427,58,1.0,22
670,1,1,307,597,-290,0.0,21
678,0,0,509,372,137,1.0,21
678,1,1,499,499,0,0.5,22
686,0,0,465,480,-15,0.0,22
686,1,1,453,436,17,1.0,25
694,0,0,658,329,329,1.0,21
694,1,1,261,582,-321,0.0,23
702,0,0,491,566,-75,0.0,22
702,1,1,454,459,-5,0.0,29
710,0,0,469,427,42,1.0,25
710,1,1,449,390,59,1.0,29
718,0,0,540,439,101,1.0,24
718,1,1,418,598,-180,0.0,23
726,0,0,529,449,80,1.0,26
726,1,1,511,397,114,1.0,28
734,0,0,436,501,-65,0.0,20
734,1,1,602,380,222,1.0,20
742,0,0,547,531,16,1.0,23
742,1,1,540,529,11,1.0,22
750,0,0,518,502,16,1.0,21
750,1,1,582,503,79,1.0,21
758,0,0,403,512,-109,0.0,23
758,1,1,651,411,240,1.0,20
766,0,0,445,439,6,1.0,27
766,1,1,451,415,36,1.0,24
774,0,0,531,479,52,1.0,23
774,1,1,403,455,-52,0.0,20
782,0,0,501,401,100,1.0,25
782,1,1,439,501,-62,0.0,21
790,0,0,449,551,-102,0.0,21
790,1,1,577,322,255,1.0,24
798,0,0,451,448,3,1.0,22
798,1,1,495,450,45,1.0,26
806,0,0,416,422,-6,0.0,28
806,1,1,427,483,-56,0.0,21
814,0,0,535,510,25,1.0,24
814,1,1,386,594,-208,0.0,21
822,0,0,439,484,-45,0.0,22
822,1,1,413,550,-137,0.0,24
830,0,0,467,561,-94,0.0,23
830,1,1,542,454,88,1.0,22
838,0,0,553,417,136,1.0,24
838,1,1,476,577,-101,0.0,23
846,0,0,420,497,-77,0.0,26
846,1,1,463,489,-26,0.0,22
854,0,0,507,363,144,1.0,23
854,1,1,343,498,-155,0.0,25
862,0,0,455,483,-28,0.0,22
862,1,1,658,478,180,1.0,22
870,0,0,496,308,188,1.0,25
870,1,1,443,471,-28,0.0,23
878,0,0,431,575,-144,0.0,19
878,1,1,528,506,22,1.0,21
886,0,0,405,443,-38,0.0,27
886,1,1,464,463,1,1.0,25
894,0,0,483,414,69,1.0,23
894,1,1,443,501,-58,0.0,25
902,0,0,385,501,-116,0.0,25
902,1,1,445,524,-79,0.0,25
910,0,0,431,457,-26,0.0,23
910,1,1,508,481,27,1.0,26
918,0,0,576,529,47,1.0,24
918,1,1,486,551,-65,0.0,24
926,0,0,651,476,175,1.0,22
926,1,1,444,621,-177,0.0,23
934,0,0,546,556,-10,0.0,22
934,1,1,551,478,73,1.0,24
942,0,0,525,519,6,1.0,20
942,1,1,557,478,79,1.0,24
950,0,0,544,478,66,1.0,23
950,1,1,353,573,-220,0.0,22
958,0,0,501,446,55,1.0,24
958,1,1,349,479,-130,0.0,24
966,0,0,520,512,8,1.0,25
966,1,1,505,494,11,1.0,21
974,0,0,520,471,49,1.0,21
974,1,1,450,394,56,1.0,25
982,0,0,584,471,113,1.0,23
982,1,1,519,409,110,1.0,24
990,0,0,511,417,94,1.0,20
990,1,1,481,433,48,1.0,21
998,0,0,466,460,6,1.0,22
998,1,1,486,463,23,1.0,24
1006,0,0,484,381,103,1.0,31
1006,1,1,435,490,-55,0.0,24
1014,0,0,467,535,-68,0.0,20
1014,1,1,521,455,66,1.0,23
1022,0,0,534,410,124,1.0,21
1022,1,1,450,558,-108,0.0,24
1030,0,0,562,375,187,1.0,23
1030,1,1,546,446,100,1.0,24
1038,0,0,493,452,41,1.0,24
1038,1,1,394,522,-128,0.0,23
1046,0,0,524,382,142,1.0,22
1046,1,1,474,536,-62,0.0,22
1054,0,0,536,433,103,1.0,22
1054,1,1,466,429,37,1.0,26
1062,0,0,517,459,58,1.0,24
1062,1,1,394,544,-150,0.0,21
1070,0,0,462,523,-61,0.0,22
1070,1,1,523,469,54,1.0,21
1078,0,0,486,424,62,1.0,25
1078,1,1,480,462,18,1.0,23
1086,0,0,596,424,172,1.0,29
1086,1,1,420,452,-32,0.0,22
1094,0,0,479,472,7,1.0,21
1094,1,1,519,425,94,1.0,23
1102,0,0,546,439,107,1.0,27
1102,1,1,483,468,15,1.0,23
1110,0,0,566,370,196,1.0,23
1110,1,1,473,463,10,1.0,22
1118,0,0,617,423,194,1.0,22
1118,1,1,428,528,-100,0.0,24
1126,0,0,490,489,1,1.0,22
1126,1,1,541,466,75,1.0,24
1134,0,0,403,427,-24,0.0,27
1134,1,1,381,391,-10,0.0,24
1142,0,0,534,492,42,1.0,24
1142,1,1,561,444,117,1.0,22
1150,0,0,583,363,220,1.0,22
1150,1,1,452,618,-166,0.0,23
1158,0,0,396,562,-166,0.0,22
1158,1,1,471,555,-84,0.0,24
1166,0,0,489,415,74,1.0,28
1166,1,1,458,588,-130,0.0,22
1174,0,0,552,414,138,1.0,23
1174,1,1,395,516,-121,0.0,22
1182,0,0,663,441,222,1.0,19
1182,1,1,487,556,-69,0.0,22
1190,0,0,560,341,219,1.0,24
1190,1,1,475,513,-38,0.0,20
1198,0,0,427,444,-17,0.0,25
1198,1,1,508,476,32,1.0,25
1206,0,0,443,551,-108,0.0,25
1206,1,1,477,380,97,1.0,27
1214,0,0,347,415,-68,0.0,30
1214,1,1,514,335,179,1.0,24
1222,0,0,586,324,262,1.0,23
1222,1,1,477,558,-81,0.0,22
1230,0,0,479,497,-18,0.0,27
1230,1,1,471,409,62,1.0,21
1238,0,0,520,425,95,1.0,23
1238,1,1,497,484,13,1.0,21
1246,0,0,493,464,29,1.0,21
1246,1,1,459,531,-72,0.0,24
1254,0,0,367,488,-121,0.0,24
1254,1,1,485,480,5,1.0,24
1262,0,0,401,501,-100,0.0,30
1262,1,1,476,482,-6,0.0,22
1270,0,0,513,459,54,1.0,23
1270,1,1,525,440,85,1.0,22
1278,0,0,463,443,20,1.0,24
1278,1,1,483,526,-43,0.0,23
1286,0,0,635,358,277,1.0,21
1286,1,1,367,645,-278,0.0,21
1294,0,0,420,570,-150,0.0,23
1294,1,1,447,474,-27,0.0,20
1302,0,0,490,510,-20,0.0,24
1302,1,1,455,592,-137,0.0,22
1310,0,0,454,482,-28,0.0,21
1310,1,1,529,372,157,1.0,21
1318,0,0,636,373,263,1.0,27
1318,1,1,464,500,-36,0.0,22
1326,0,0,577,425,152,1.0,26
1326,1,1,482,499,-17,0.0,23
1334,0,0,500,391,109,1.0,25
1334,1,1,450,338,112,1.0,23
1342,0,0,594,479,115,1.0,23
1342,1,1,446,544,-98,0.0,22
1350,0,0,612,483,129,1.0,21
1350,1,1,461,550,-89,0.0,20
1358,0,0,448,657,-209,0.0,22
1358,1,1,615,471,144,1.0,26
1366,0,0,561,437,124,1.0,28
1366,1,1,419,580,-161,0.0,22
1374,0,0,579,455,124,1.0,21
1374,1,1,393,504,-111,0.0,21
1382,0,0,461,445,16,1.0,24
1382,1,1,470,595,-125,0.0,25
1390,0,0,527,355,172,1.0,28
1390,1,1,426,513,-87,0.0,27
1398,0,0,588,532,56,1.0,22
1398,1,1,488,540,-52,0.0,22
1406,0,0,436,499,-63,0.0,24
1406,1,1,381,498,-117,0.0,22
1414,0,0,498,452,46,1.0,21
1414,1,1,366,481,-115,0.0,23
1422,0,0,497,463,34,1.0,22
1422,1,1,483,479,4,1.0,22
1430,0,0,443,453,-10,0.0,23
1430,1,1,467,447,20,1.0,25
1438,0,0,508,379,129,1.0,23
1438,1,1,422,485,-63,0.0,23
1446,0,0,542,396,146,1.0,25
1446,1,1,416,582,-166,0.0,24
1454,0,0,569,427,142,1.0,23
1454,1,1,494,540,-46,0.0,22
1462,0,0,417,460,-43,0.0,27
1462,1,1,425,466,-41,0.0,25
1470,0,0,472,379,93,1.0,26
1470,1,1,394,533,-139,0.0,25
1478,0,0,465,470,-5,0.0,22
1478,1,1,452,527,-75,0.0,21
1486,0,0,456,363,93,1.0,23
1486,1,1,396,491,-95,0.0,38
1494,0,0,558,466,92,1.0,23
1494,1,1,479,504,-25,0.0,24
1502,0,0,549,473,76,1.0,23
1502,1,1,524,431,93,1.0,29
1510,0,0,555,431,124,1.0,23
1510,1,1,299,614,-315,0.0,23
1518,0,0,559,453,106,1.0,22
1518,1,1,402,502,-100,0.0,24
1526,0,0,417,451,-34,0.0,22
1526,1,1,548,418,130,1.0,21
1534,0,0,522,539,-17,0.0,20
1534,1,1,369,491,-122,0.0,22
1542,0,0,473,494,-21,0.0,21
1542,1,1,370,451,-81,0.0,28
1550,0,0,518,476,42,1.0,22
1550,1,1,404,568,-164,0.0,23
1558,0,0,519,432,87,1.0,23
1558,1,1,516,400,116,1.0,25
1566,0,0,486,475,11,1.0,23
1566,1,1,474,352,122,1.0,22
1574,0,0,381,468,-87,0.0,25
1574,1,1,444,439,5,1.0,25
1582,0,0,449,425,24,1.0,23
1582,1,1,416,540,-124,0.0,23
1590,0,0,482,464,18,1.0,23
1590,1,1,518,399,119,1.0,26
1598,0,0,461,505,-44,0.0,24
1598,1,1,556,468,88,1.0,26
1606,0,0,442,511,-69,0.0,26
1606,1,1,454,506,-52,0.0,22
1614,0,0,535,440,95,1.0,24
1614,1,1,325,608,-283,0.0,19
1622,0,0,502,357,145,1.0,25
1622,1,1,526,488,38,1.0,23
1630,0,0,461,541,-80,0.0,19
1630,1,1,504,485,19,1.0,20
1638,0,0,542,428,114,1.0,23
1638,1,1,401,544,-143,0.0,25
1646,0,0,547,462,85,1.0,22
1646,1,1,479,591,-112,0.0,25
1654,0,0,370,504,-134,0.0,25
1654,1,1,515,460,55,1.0,22
1662,0,0,581,359,222,1.0,24
1662,1,1,347,667,-320,0.0,19
1670,0,0,408,390,18,1.0,22
1670,1,1,479,344,135,1.0,25
1678,0,0,547,445,102,1.0,23
1678,1,1,500,491,9,1.0,21
1686,0,0,487,408,79,1.0,25
1686,1,1,446,482,-36,0.0,23
1694,0,0,469,506,-37,0.0,24
1694,1,1,629,405,224,1.0,21
1702,0,0,490,479,11,1.0,22
1702,1,1,421,513,-92,0.0,23
1710,0,0,478,542,-64,0.0,23
1710,1,1,458,508,-50,0.0,22
1718,0,0,486,417,69,1.0,24
1718,1,1,456,477,-21,0.0,23
1726,0,0,404,614,-210,0.0,24
1726,1,1,417,425,-8,0.0,25
1734,0,0,572,303,269,1.0,23
1734,1,1,362,479,-117,0.0,21
1742,0,0,473,554,-81,0.0,24
1742,1,1,485,500,-15,0.0,21
1750,0,0,439,456,-17,0.0,23
1750,1,1,398,468,-70,0.0,27
1758,0,0,378,509,-131,0.0,22
1758,1,1,449,436,13,1.0,22
1766,0,0,507,412,95,1.0,23
1766,1,1,602,419,183,1.0,25
1774,0,0,415,515,-100,0.0,23
1774,1,1,564,431,133,1.0,24
1782,0,0,485,435,50,1.0,22
1782,1,1,445,619,-174,0.0,21
1790,0,0,515,450,65,1.0,24
1790,1,1,483,508,-25,0.0,23
1798,0,0,391,511,-120,0.0,28
1798,1,1,374,419,-45,0.0,25
1806,0,0,562,468,94,1.0,22
1806,1,1,459,562,-103,0.0,23
1814,0,0,421,585,-164,0.0,22
1814,1,1,572,435,137,1.0,29
1822,0,0,466,459,7,1.0,23
1822,1,1,436,591,-155,0.0,25
1830,0,0,493,472,21,1.0,23
1830,1,1,437,384,53,1.0,25
1838,0,0,445,430,15,1.0,27
1838,1,1,502,485,17,1.0,22
1846,0,0,454,401,53,1.0,23
1846,1,1,445,530,-85,0.0,23
1854,0,0,465,543,-78,0.0,22
1854,1,1,543,439,104,1.0,23
1862,0,0,588,502,86,1.0,21
1862,1,1,452,502,-50,0.0,21
1870,0,0,416,429,-13,0.0,24
1870,1,1,556,441,115,1.0,22
1878,0,0,469,569,-100,0.0,20
1878,1,1,431,473,-42,0.0,25
1886,0,0,488,530,-42,0.0,18
1886,1,1,544,454,90,1.0,23
1894,0,0,507,402,105,1.0,24
1894,1,1,392,669,-277,0.0,22
1902,0,0,402,420,-18,0.0,28
1902,1,1,486,388,98,1.0,24
1910,0,0,570,406,164,1.0,25
1910,1,1,480,508,-28,0.0,21
1918,0,0,371,476,-105,0.0,23
1918,1,1,403,492,-89,0.0,26
1926,0,0,517,453,64,1.0,28
1926,1,1,535,614,-79,0.0,23
1934,0,0,527,417,110,1.0,24
1934,1,1,421,429,-8,0.0,26
1942,0,0,429,493,-64,0.0,20
1942,1,1,568,415,153,1.0,22
1950,0,0,428,398,30,1.0,24
1950,1,1,445,489,-44,0.0,23
1958,0,0,433,502,-69,0.0,23
1958,1,1,525,448,77,1.0,22
1966,0,0,577,432,145,1.0,26
1966,1,1,478,581,-103,0.0,22
1974,0,0,466,468,-2,0.0,24
1974,1,1,475,610,-135,0.0,21
1982,0,0,393,458,-65,0.0,24
1982,1,1,569,424,145,1.0,22
1990,0,0,469,505,-36,0.0,26
1990,1,1,488,491,-3,0.0,24
1998,0,0,550,374,176,1.0,21
1998,1,1,392,417,-25,0.0,22
pair,game,a_seat,a_score,b_score,a_spread,a_win,turns
7,0,0,492,444,48,1.0,25
7,1,1,490,480,10,1.0,21
15,0,0,437,534,-97,0.0,25
15,1,1,558,402,156,1.0,25
23,0,0,458,494,-36,0.0,24
23,1,1,414,476,-62,0.0,22
31,0,0,414,515,-101,0.0,25
31,1,1,469,443,26,1.0,28
39,0,0,375,572,-197,0.0,26
39,1,1,585,395,190,1.0,24
47,0,0,553,394,159,1.0,32
47,1,1,314,636,-322,0.0,23
55,0,0,426,418,8,1.0,27
55,1,1,436,570,-134,0.0,24
63,0,0,455,420,35,1.0,27
63,1,1,478,430,48,1.0,25
71,0,0,520,463,57,1.0,20
71,1,1,548,517,31,1.0,21
79,0,0,499,355,144,1.0,27
79,1,1,368,535,-167,0.0,25
87,0,0,502,527,-25,0.0,25
87,1,1,498,439,59,1.0,23
95,0,0,456,432,24,1.0,22
95,1,1,525,381,144,1.0,19
103,0,0,569,475,94,1.0,23
103,1,1,513,478,35,1.0,22
111,0,0,446,513,-67,0.0,23
111,1,1,471,447,24,1.0,23
119,0,0,389,563,-174,0.0,24
119,1,1,476,437,39,1.0,22
127,0,0,678,471,207,1.0,22
127,1,1,419,572,-153,0.0,22
135,0,0,513,516,-3,0.0,25
135,1,1,578,398,180,1.0,24
143,0,0,499,526,-27,0.0,22
143,1,1,459,604,-145,0.0,24
151,0,0,589,431,158,1.0,23
151,1,1,522,483,39,1.0,23
159,0,0,536,439,97,1.0,23
159,1,1,374,566,-192,0.0,23
167,0,0,472,522,-50,0.0,21
167,1,1,509,491,18,1.0,22
175,0,0,477,419,58,1.0,24
175,1,1,510,352,158,1.0,25
183,0,0,362,517,-155,0.0,21
183,1,1,556,345,211,1.0,22
191,0,0,473,422,51,1.0,23
191,1,1,487,501,-14,0.0,19
199,0,0,438,531,-93,0.0,23
199,1,1,483,441,42,1.0,23
207,0,0,597,433,164,1.0,21
207,1,1,442,481,-39,0.0,21
215,0,0,575,338,237,1.0,22
215,1,1,439,529,-90,0.0,24
223,0,0,505,432,73,1.0,24
223,1,1,412,555,-143,0.0,23
231,0,0,536,464,72,1.0,18
231,1,1,457,547,-90,0.0,18
239,0,0,624,466,158,1.0,24
239,1,1,571,475,96,1.0,22
247,0,0,559,480,79,1.0,20
247,1,1,514,429,85,1.0,22
255,0,0,413,422,-9,0.0,20
255,1,1,424,441,-17,0.0,23
263,0,0,406,643,-237,0.0,22
263,1,1,578,418,160,1.0,24
271,0,0,428,494,-66,0.0,23
271,1,1,582,400,182,1.0,19
279,0,0,523,492,31,1.0,21
279,1,1,510,461,49,1.0,23
287,0,0,413,603,-190,0.0,21
287,1,1,595,453,142,1.0,19
295,0,0,593,385,208,1.0,23
295,1,1,460,612,-152,0.0,24
303,0,0,560,447,113,1.0,19
303,1,1,475,545,-70,0.0,20
311,0,0,410,535,-125,0.0,26
311,1,1,504,482,22,1.0,23
319,0,0,561,400,161,1.0,23
319,1,1,559,592,-33,0.0,22
327,0,0,373,521,-148,0.0,25
327,1,1,438,403,35,1.0,24
335,0,0,403,507,-104,0.0,24
335,1,1,517,381,136,1.0,28
343,0,0,458,465,-7,0.0,23
343,1,1,472,435,37,1.0,22
351,0,0,463,494,-31,0.0,22
351,1,1,457,562,-105,0.0,23
359,0,0,464,470,-6,0.0,24
359,1,1,487,616,-129,0.0,22
367,0,0,428,456,-28,0.0,21
367,1,1,408,538,-130,0.0,22
375,0,0,353,442,-89,0.0,23
375,1,1,523,418,105,1.0,20
383,0,0,396,453,-57,0.0,25
383,1,1,616,461,155,1.0,21
391,0,0,425,600,-175,0.0,23
391,1,1,509,422,87,1.0,24
399,0,0,448,524,-76,0.0,24
399,1,1,433,451,-18,0.0,24
407,0,0,338,597,-259,0.0,21
407,1,1,660,474,186,1.0,24
415,0,0,432,430,2,1.0,25
415,1,1,438,499,-61,0.0,23
423,0,0,366,485,-119,0.0,25
423,1,1,556,464,92,1.0,23
431,0,0,501,316,185,1.0,21
431,1,1,455,456,-1,0.0,25
439,0,0,515,462,53,1.0,22
439,1,1,532,502,30,1.0,22
447,0,0,448,534,-86,0.0,22
447,1,1,560,434,126,1.0,24
455,0,0,461,507,-46,0.0,22
455,1,1,463,470,-7,0.0,24
463,0,0,429,476,-47,0.0,23
463,1,1,397,551,-154,0.0,20
471,0,0,438,522,-84,0.0,24
471,1,1,524,510,14,1.0,26
479,0,0,404,475,-71,0.0,22
479,1,1,532,371,161,1.0,24
487,0,0,501,417,84,1.0,22
487,1,1,388,487,-99,0.0,23
495,0,0,359,643,-284,0.0,19
495,1,1,614,394,220,1.0,21
503,0,0,560,456,104,1.0,22
503,1,1,474,490,-16,0.0,24
511,0,0,568,533,35,1.0,22
511,1,1,526,354,172,1.0,28
519,0,0,572,439,133,1.0,23
519,1,1,601,554,47,1.0,20
527,0,0,448,477,-29,0.0,26
527,1,1,476,530,-54,0.0,26
535,0,0,482,526,-44,0.0,24
535,1,1,519,458,61,1.0,22
543,0,0,504,543,-39,0.0,21
543,1,1,450,539,-89,0.0,24
551,0,0,437,495,-58,0.0,23
551,1,1,468,464,4,1.0,28
559,0,0,514,488,26,1.0,22
559,1,1,451,537,-86,0.0,27
567,0,0,533,447,86,1.0,23
567,1,1,416,589,-173,0.0,22
575,0,0,539,485,54,1.0,23
575,1,1,451,507,-56,0.0,21
583,0,0,503,500,3,1.0,24
583,1,1,472,523,-51,0.0,23
591,0,0,445,569,-124,0.0,22
591,1,1,585,405,180,1.0,23
599,0,0,409,575,-166,0.0,22
599,1,1,568,413,155,1.0,21
607,0,0,437,521,-84,0.0,24
607,1,1,497,424,73,1.0,24
615,0,0,387,399,-12,0.0,24
615,1,1,526,365,161,1.0,23
623,0,0,438,493,-55,0.0,22
623,1,1,475,418,57,1.0,23
631,0,0,537,408,129,1.0,21
631,1,1,390,482,-92,0.0,23
639,0,0,483,480,3,1.0,25
639,1,1,517,490,27,1.0,23
647,0,0,463,491,-28,0.0,21
647,1,1,451,354,97,1.0,23
655,0,0,478,465,13,1.0,24
655,1,1,402,587,-185,0.0,24
663,0,0,398,580,-182,0.0,23
663,1,1,523,497,26,1.0,26
671,0,0,485,572,-87,0.0,22
671,1,1,451,587,-136,0.0,22
679,0,0,451,548,-97,0.0,23
679,1,1,628,526,102,1.0,19
687,0,0,465,517,-52,0.0,28
687,1,1,351,506,-155,0.0,26
695,0,0,450,489,-39,0.0,23
695,1,1,471,504,-33,0.0,25
703,0,0,598,501,97,1.0,25
703,1,1,456,421,35,1.0,22
711,0,0,504,448,56,1.0,23
711,1,1,417,563,-146,0.0,20
719,0,0,491,456,35,1.0,24
719,1,1,449,635,-186,0.0,22
727,0,0,509,422,87,1.0,21
727,1,1,387,495,-108,0.0,22
735,0,0,473,517,-44,0.0,23
735,1,1,450,466,-16,0.0,22
743,0,0,549,380,169,1.0,23
743,1,1,409,499,-90,0.0,21
751,0,0,463,507,-44,0.0,23
751,1,1,440,428,12,1.0,27
759,0,0,456,512,-56,0.0,24
759,1,1,441,544,-103,0.0,22
767,0,0,592,449,143,1.0,24
767,1,1,449,427,22,1.0,27
775,0,0,372,624,-252,0.0,21
775,1,1,626,409,217,1.0,21
783,0,0,418,589,-171,0.0,23
783,1,1,462,466,-4,0.0,26
791,0,0,464,401,63,1.0,23
791,1,1,458,565,-107,0.0,22
799,0,0,467,544,-77,0.0,21
799,1,1,528,504,24,1.0,25
807,0,0,346,564,-218,0.0,24
807,1,1,640,375,265,1.0,23
815,0,0,581,427,154,1.0,23
815,1,1,468,522,-54,0.0,24
823,0,0,465,469,-4,0.0,23
823,1,1,383,490,-107,0.0,22
831,0,0,408,560,-152,0.0,22
831,1,1,532,409,123,1.0,21
839,0,0,466,424,42,1.0,24
839,1,1,409,452,-43,0.0,26
847,0,0,448,489,-41,0.0,24
847,1,1,527,428,99,1.0,24
855,0,0,484,464,20,1.0,23
855,1,1,441,436,5,1.0,24
863,0,0,471,538,-67,0.0,23
863,1,1,556,408,148,1.0,23
871,0,0,549,575,-26,0.0,21
871,1,1,504,552,-48,0.0,26
879,0,0,286,573,-287,0.0,25
879,1,1,537,373,164,1.0,25
887,0,0,523,454,69,1.0,25
887,1,1,512,460,52,1.0,25
895,0,0,348,541,-193,0.0,22
895,1,1,651,427,224,1.0,25
903,0,0,570,524,46,1.0,25
903,1,1,582,484,98,1.0,25
911,0,0,474,439,35,1.0,22
911,1,1,489,477,12,1.0,24
919,0,0,479,437,42,1.0,25
919,1,1,452,438,14,1.0,25
927,0,0,429,483,-54,0.0,24
927,1,1,473,328,145,1.0,26
935,0,0,468,564,-96,0.0,24
935,1,1,568,426,142,1.0,21
943,0,0,514,563,-49,0.0,25
943,1,1,567,316,251,1.0,25
951,0,0,276,492,-216,0.0,24
951,1,1,499,408,91,1.0,26
959,0,0,480,453,27,1.0,21
959,1,1,452,337,115,1.0,31
967,0,0,480,503,-23,0.0,19
967,1,1,505,466,39,1.0,22
975,0,0,483,417,66,1.0,22
975,1,1,375,450,-75,0.0,24
983,0,0,517,462,55,1.0,19
983,1,1,555,483,72,1.0,23
991,0,0,444,618,-174,0.0,24
991,1,1,562,559,3,1.0,26
999,0,0,325,614,-289,0.0,25
999,1,1,489,401,88,1.0,22
1007,0,0,529,507,22,1.0,21
1007,1,1,596,457,139,1.0,19
1015,0,0,613,366,247,1.0,24
1015,1,1,439,424,15,1.0,28
1023,0,0,489,494,-5,0.0,22
1023,1,1,496,478,18,1.0,22
1031,0,0,514,491,23,1.0,21
1031,1,1,574,542,32,1.0,22
1039,0,0,511,489,22,1.0,28
1039,1,1,564,458,106,1.0,26
1047,0,0,399,529,-130,0.0,26
1047,1,1,528,436,92,1.0,27
1055,0,0,386,485,-99,0.0,25
1055,1,1,486,502,-16,0.0,22
1063,0,0,451,428,23,1.0,23
1063,1,1,508,460,48,1.0,23
1071,0,0,458,473,-15,0.0,26
1071,1,1,546,367,179,1.0,23
1079,0,0,514,520,-6,0.0,24
1079,1,1,535,533,2,1.0,23
1087,0,0,333,477,-144,0.0,23
1087,1,1,495,398,97,1.0,26
1095,0,0,515,520,-5,0.0,22
1095,1,1,526,526,0,0.5,22
1103,0,0,468,578,-110,0.0,23
1103,1,1,522,426,96,1.0,22
1111,0,0,467,545,-78,0.0,20
1111,1,1,666,306,360,1.0,21
1119,0,0,454,476,-22,0.0,22
1119,1,1,495,477,18,1.0,24
1127,0,0,444,473,-29,0.0,23
1127,1,1,478,525,-47,0.0,25
1135,0,0,452,557,-105,0.0,23
1135,1,1,502,501,1,1.0,23
1143,0,0,533,398,135,1.0,22
1143,1,1,428,453,-25,0.0,26
1151,0,0,500,574,-74,0.0,21
1151,1,1,528,496,32,1.0,22
1159,0,0,461,579,-118,0.0,24
1159,1,1,445,481,-36,0.0,25
1167,0,0,558,511,47,1.0,23
1167,1,1,461,515,-54,0.0,24
1175,0,0,476,349,127,1.0,21
1175,1,1,379,563,-184,0.0,28
1183,0,0,575,490,85,1.0,24
1183,1,1,544,513,31,1.0,22
1191,0,0,599,386,213,1.0,23
1191,1,1,387,601,-214,0.0,25
1199,0,0,474,616,-142,0.0,23
1199,1,1,566,441,125,1.0,23
1207,0,0,436,553,-117,0.0,22
1207,1,1,444,575,-131,0.0,24
1215,0,0,495,523,-28,0.0,22
1215,1,1,639,498,141,1.0,26
1223,0,0,413,547,-134,0.0,23
1223,1,1,591,406,185,1.0,23
1231,0,0,612,452,160,1.0,20
1231,1,1,471,505,-34,0.0,25
1239,0,0,498,506,-8,0.0,21
1239,1,1,638,481,157,1.0,25
1247,0,0,461,421,40,1.0,22
1247,1,1,545,430,115,1.0,23
1255,0,0,548,455,93,1.0,25
1255,1,1,504,504,0,0.5,24
1263,0,0,540,470,70,1.0,26
1263,1,1,429,422,7,1.0,26
1271,0,0,394,480,-86,0.0,27
1271,1,1,436,458,-22,0.0,22
1279,0,0,558,508,50,1.0,23
1279,1,1,467,489,-22,0.0,22
1287,0,0,530,497,33,1.0,22
1287,1,1,532,572,-40,0.0,22
1295,0,0,506,529,-23,0.0,23
1295,1,1,522,436,86,1.0,24
1303,0,0,544,454,90,1.0,24
1303,1,1,466,621,-155,0.0,20
1311,0,0,369,557,-188,0.0,21
1311,1,1,613,456,157,1.0,21
1319,0,0,554,447,107,1.0,24
1319,1,1,425,542,-117,0.0,25
1327,0,0,445,535,-90,0.0,22
1327,1,1,531,449,82,1.0,22
1335,0,0,462,433,29,1.0,19
1335,1,1,438,550,-112,0.0,23
1343,0,0,486,462,24,1.0,21
1343,1,1,496,468,28,1.0,24
1351,0,0,395,458,-63,0.0,27
1351,1,1,443,486,-43,0.0,24
1359,0,0,508,322,186,1.0,27
1359,1,1,374,483,-109,0.0,24
1367,0,0,600,403,197,1.0,24
1367,1,1,423,566,-143,0.0,29
1375,0,0,630,468,162,1.0,21
1375,1,1,421,562,-141,0.0,20
1383,0,0,489,508,-19,0.0,27
1383,1,1,456,462,-6,0.0,28
1391,0,0,465,487,-22,0.0,22
1391,1,1,438,459,-21,0.0,22
1399,0,0,487,459,28,1.0,23
1399,1,1,398,464,-66,0.0,24
1407,0,0,396,510,-114,0.0,22
1407,1,1,512,438,74,1.0,22
1415,0,0,413,474,-61,0.0,23
1415,1,1,498,455,43,1.0,23
1423,0,0,433,460,-27,0.0,22
1423,1,1,481,489,-8,0.0,23
1431,0,0,573,500,73,1.0,22
1431,1,1,435,452,-17,0.0,24
1439,0,0,516,416,100,1.0,24
1439,1,1,579,403,176,1.0,21
1447,0,0,404,428,-24,0.0,25
1447,1,1,463,473,-10,0.0,27
1455,0,0,546,540,6,1.0,26
1455,1,1,562,499,63,1.0,22
1463,0,0,389,552,-163,0.0,24
1463,1,1,493,489,4,1.0,24
1471,0,0,586,598,-12,0.0,21
1471,1,1,476,496,-20,0.0,21
1479,0,0,477,465,12,1.0,23
1479,1,1,465,507,-42,0.0,22
1487,0,0,409,494,-85,0.0,24
1487,1,1,570,486,84,1.0,25
1495,0,0,456,415,41,1.0,21
1495,1,1,344,465,-121,0.0,24
1503,0,0,520,579,-59,0.0,23
1503,1,1,488,456,32,1.0,28
1511,0,0,392,619,-227,0.0,23
1511,1,1,506,431,75,1.0,25
1519,0,0,468,406,62,1.0,20
1519,1,1,498,466,32,1.0,21
1527,0,0,499,529,-30,0.0,23
1527,1,1,601,498,103,1.0,21
1535,0,0,544,469,75,1.0,22
1535,1,1,532,472,60,1.0,26
1543,0,0,515,407,108,1.0,29
1543,1,1,385,543,-158,0.0,23
1551,0,0,350,477,-127,0.0,26
1551,1,1,455,486,-31,0.0,23
1559,0,0,432,513,-81,0.0,22
1559,1,1,499,429,70,1.0,23
1567,0,0,386,465,-79,0.0,26
1567,1,1,460,379,81,1.0,29
1575,0,0,494,486,8,1.0,21
1575,1,1,425,525,-100,0.0,25
1583,0,0,417,484,-67,0.0,24
1583,1,1,575,361,214,1.0,22
1591,0,0,444,382,62,1.0,21
1591,1,1,487,466,21,1.0,23
1599,0,0,479,524,-45,0.0,23
1599,1,1,600,410,190,1.0,20
1607,0,0,386,490,-104,0.0,25
1607,1,1,498,352,146,1.0,25
1615,0,0,489,655,-166,0.0,20
1615,1,1,415,559,-144,0.0,23
1623,0,0,495,550,-55,0.0,19
1623,1,1,601,497,104,1.0,24
1631,0,0,526,469,57,1.0,22
1631,1,1,458,514,-56,0.0,28
1639,0,0,539,506,33,1.0,21
1639,1,1,384,447,-63,0.0,23
1647,0,0,464,456,8,1.0,27
1647,1,1,513,361,152,1.0,23
1655,0,0,449,425,24,1.0,24
1655,1,1,472,475,-3,0.0,25
1663,0,0,414,465,-51,0.0,21
1663,1,1,452,505,-53,0.0,23
1671,0,0,413,565,-152,0.0,23
1671,1,1,532,388,144,1.0,22
1679,0,0,457,455,2,1.0,22
1679,1,1,569,435,134,1.0,25
1687,0,0,526,462,64,1.0,23
1687,1,1,545,546,-1,0.0,24
1695,0,0,451,435,16,1.0,25
1695,1,1,325,610,-285,0.0,27
1703,0,0,520,553,-33,0.0,22
1703,1,1,494,406,88,1.0,27
1711,0,0,521,442,79,1.0,22
1711,1,1,456,456,0,0.5,26
1719,0,0,579,432,147,1.0,22
1719,1,1,459,526,-67,0.0,20
1727,0,0,481,415,66,1.0,25
1727,1,1,419,521,-102,0.0,23
1735,0,0,507,421,86,1.0,23
1735,1,1,489,450,39,1.0,23
1743,0,0,329,559,-230,0.0,21
1743,1,1,484,399,85,1.0,26
1751,0,0,455,527,-72,0.0,21
1751,1,1,462,446,16,1.0,22
1759,0,0,490,523,-33,0.0,24
1759,1,1,596,426,170,1.0,22
1767,0,0,446,599,-153,0.0,22
1767,1,1,612,413,199,1.0,23
1775,0,0,507,529,-22,0.0,23
1775,1,1,525,461,64,1.0,24
1783,0,0,439,471,-32,0.0,23
1783,1,1,524,468,56,1.0,23
1791,0,0,446,468,-22,0.0,19
1791,1,1,476,450,26,1.0,22
1799,0,0,524,420,104,1.0,22
1799,1,1,409,453,-44,0.0,26
1807,0,0,299,574,-275,0.0,23
1807,1,1,517,315,202,1.0,25
1815,0,0,378,614,-236,0.0,24
1815,1,1,606,375,231,1.0,23
1823,0,0,477,472,5,1.0,22
1823,1,1,480,550,-70,0.0,22
1831,0,0,401,522,-121,0.0,20
1831,1,1,506,375,131,1.0,21
1839,0,0,494,432,62,1.0,24
1839,1,1,514,613,-99,0.0,23
1847,0,0,376,540,-164,0.0,25
1847,1,1,601,420,181,1.0,22
1855,0,0,492,505,-13,0.0,23
1855,1,1,531,434,97,1.0,25
1863,0,0,434,507,-73,0.0,31
1863,1,1,503,408,95,1.0,23
1871,0,0,483,384,99,1.0,20
1871,1,1,497,445,52,1.0,27
1879,0,0,406,580,-174,0.0,26
1879,1,1,530,383,147,1.0,20
1887,0,0,471,514,-43,0.0,29
1887,1,1,390,489,-99,0.0,24
1895,0,0,352,604,-252,0.0,21
1895,1,1,524,331,193,1.0,27
1903,0,0,480,429,51,1.0,22
1903,1,1,484,477,7,1.0,22
1911,0,0,497,475,22,1.0,21
1911,1,1,444,482,-38,0.0,19
1919,0,0,445,434,11,1.0,21
1919,1,1,473,527,-54,0.0,23
1927,0,0,530,468,62,1.0,24
1927,1,1,504,464,40,1.0,21
1935,0,0,475,416,59,1.0,27
1935,1,1,463,474,-11,0.0,24
1943,0,0,431,458,-27,0.0,23
1943,1,1,489,365,124,1.0,22
1951,0,0,497,513,-16,0.0,19
1951,1,1,448,503,-55,0.0,20
1959,0,0,465,459,6,1.0,21
1959,1,1,477,542,-65,0.0,22
1967,0,0,590,523,67,1.0,18
1967,1,1,569,482,87,1.0,20
1975,0,0,557,450,107,1.0,23
1975,1,1,507,461,46,1.0,24
1983,0,0,428,562,-134,0.0,22
1983,1,1,590,348,242,1.0,21
1991,0,0,522,522,0,0.5,23
1991,1,1,475,464,11,1.0,23
1999,0,0,503,474,29,1.0,24
1999,1,1,399,487,-88,0.0,22
