pair,game,a_seat,a_score,b_score,a_spread,a_win,turns
0,0,0,493,483,10,1.0,22
0,1,1,513,480,33,1.0,23
8,0,0,424,346,78,1.0,28
8,1,1,469,461,8,1.0,29
16,0,0,432,481,-49,0.0,24
16,1,1,480,394,86,1.0,28
24,0,0,507,432,75,1.0,25
24,1,1,482,411,71,1.0,28
32,0,0,498,453,45,1.0,22
32,1,1,522,518,4,1.0,22
40,0,0,404,412,-8,0.0,22
40,1,1,464,613,-149,0.0,25
48,0,0,484,432,52,1.0,23
48,1,1,373,480,-107,0.0,22
56,0,0,553,503,50,1.0,22
56,1,1,404,513,-109,0.0,24
64,0,0,497,500,-3,0.0,28
64,1,1,408,481,-73,0.0,23
72,0,0,391,460,-69,0.0,29
72,1,1,490,437,53,1.0,25
80,0,0,493,433,60,1.0,25
80,1,1,482,458,24,1.0,27
88,0,0,474,536,-62,0.0,26
88,1,1,385,540,-155,0.0,30
96,0,0,357,507,-150,0.0,27
96,1,1,514,474,40,1.0,24
104,0,0,501,474,27,1.0,28
104,1,1,427,483,-56,0.0,23
112,0,0,418,555,-137,0.0,20
112,1,1,481,522,-41,0.0,25
120,0,0,564,485,79,1.0,28
120,1,1,451,465,-14,0.0,23
128,0,0,517,393,124,1.0,22
128,1,1,439,564,-125,0.0,23
136,0,0,523,348,175,1.0,27
136,1,1,432,514,-82,0.0,29
144,0,0,451,456,-5,0.0,24
144,1,1,438,479,-41,0.0,23
152,0,0,471,411,60,1.0,32
152,1,1,419,427,-8,0.0,32
160,0,0,603,474,129,1.0,21
160,1,1,593,427,166,1.0,22
168,0,0,589,346,243,1.0,26
168,1,1,447,507,-60,0.0,20
176,0,0,450,471,-21,0.0,28
176,1,1,529,320,209,1.0,24
184,0,0,420,474,-54,0.0,25
184,1,1,440,511,-71,0.0,25
192,0,0,521,386,135,1.0,20
192,1,1,470,423,47,1.0,26
200,0,0,429,457,-28,0.0,24
200,1,1,504,371,133,1.0,31
208,0,0,482,337,145,1.0,24
208,1,1,422,457,-35,0.0,26
216,0,0,518,337,181,1.0,23
216,1,1,334,477,-143,0.0,24
224,0,0,441,402,39,1.0,24
224,1,1,486,381,105,1.0,26
232,0,0,452,455,-3,0.0,27
232,1,1,465,378,87,1.0,28
240,0,0,502,404,98,1.0,28
240,1,1,549,378,171,1.0,30
248,0,0,431,591,-160,0.0,28
248,1,1,467,524,-57,0.0,24
256,0,0,480,500,-20,0.0,24
256,1,1,450,392,58,1.0,24
264,0,0,406,425,-19,0.0,24
264,1,1,471,572,-101,0.0,27
272,0,0,577,356,221,1.0,24
272,1,1,271,586,-315,0.0,23
280,0,0,425,562,-137,0.0,28
280,1,1,458,425,33,1.0,25
288,0,0,621,440,181,1.0,25
288,1,1,409,520,-111,0.0,27
296,0,0,384,486,-102,0.0,28
296,1,1,482,400,82,1.0,26
304,0,0,503,479,24,1.0,27
304,1,1,426,499,-73,0.0,26
312,0,0,477,363,114,1.0,25
312,1,1,456,480,-24,0.0,27
320,0,0,688,419,269,1.0,25
320,1,1,405,540,-135,0.0,27
328,0,0,639,496,143,1.0,20
328,1,1,415,618,-203,0.0,24
336,0,0,383,468,-85,0.0,25
336,1,1,497,490,7,1.0,23
344,0,0,464,457,7,1.0,23
344,1,1,415,610,-195,0.0,23
352,0,0,641,359,282,1.0,25
352,1,1,407,371,36,1.0,30
360,0,0,428,430,-2,0.0,26
360,1,1,438,496,-58,0.0,24
368,0,0,550,505,45,1.0,21
368,1,1,519,496,23,1.0,24
376,0,0,561,440,121,1.0,21
376,1,1,414,516,-102,0.0,32
384,0,0,531,446,85,1.0,25
384,1,1,430,522,-92,0.0,23
392,0,0,481,405,76,1.0,37
392,1,1,411,499,-88,0.0,21
400,0,0,539,465,74,1.0,21
400,1,1,513,436,77,1.0,25
408,0,0,601,420,181,1.0,24
408,1,1,328,580,-252,0.0,26
416,0,0,497,482,15,1.0,31
416,1,1,461,488,-27,0.0,22
424,0,0,595,305,290,1.0,23
424,1,1,377,600,-223,0.0,24
432,0,0,462,457,5,1.0,23
432,1,1,445,424,21,1.0,28
440,0,0,505,484,21,1.0,27
440,1,1,427,527,-100,0.0,23
448,0,0,550,537,13,1.0,22
448,1,1,489,530,-41,0.0,23
456,0,0,387,533,-146,0.0,24
456,1,1,460,388,72,1.0,25
464,0,0,365,539,-174,0.0,25
464,1,1,526,397,129,1.0,21
472,0,0,370,505,-135,0.0,22
472,1,1,476,473,3,1.0,23
480,0,0,478,468,10,1.0,23
480,1,1,506,515,-9,0.0,22
488,0,0,476,564,-88,0.0,23
488,1,1,585,465,120,1.0,21
496,0,0,457,381,76,1.0,23
496,1,1,397,484,-87,0.0,26
504,0,0,557,504,53,1.0,21
504,1,1,484,492,-8,0.0,22
512,0,0,377,642,-265,0.0,26
512,1,1,526,431,95,1.0,28
520,0,0,438,359,79,1.0,26
520,1,1,372,473,-101,0.0,26
528,0,0,440,459,-19,0.0,23
528,1,1,467,485,-18,0.0,23
536,0,0,519,374,145,1.0,23
536,1,1,374,568,-194,0.0,23
544,0,0,438,478,-40,0.0,24
544,1,1,504,517,-13,0.0,24
552,0,0,548,400,148,1.0,23
552,1,1,334,486,-152,0.0,31
560,0,0,483,410,73,1.0,25
560,1,1,412,436,-24,0.0,24
568,0,0,455,514,-59,0.0,22
568,1,1,473,469,4,1.0,22
576,0,0,425,545,-120,0.0,25
576,1,1,564,433,131,1.0,24
584,0,0,430,454,-24,0.0,26
584,1,1,515,435,80,1.0,31
592,0,0,396,426,-30,0.0,25
592,1,1,497,448,49,1.0,26
600,0,0,472,428,44,1.0,24
600,1,1,431,582,-151,0.0,25
608,0,0,570,432,138,1.0,23
608,1,1,412,535,-123,0.0,23
616,0,0,432,401,31,1.0,30
616,1,1,417,469,-52,0.0,24
624,0,0,472,437,35,1.0,36
624,1,1,368,482,-114,0.0,28
632,0,0,482,444,38,1.0,29
632,1,1,526,414,112,1.0,25
640,0,0,526,510,16,1.0,21
640,1,1,373,498,-125,0.0,21
648,0,0,499,490,9,1.0,24
648,1,1,435,565,-130,0.0,21
656,0,0,525,573,-48,0.0,24
656,1,1,425,641,-216,0.0,19
664,0,0,511,419,92,1.0,26
664,1,1,381,477,-96,0.0,26
672,0,0,493,367,126,1.0,22
672,1,1,379,498,-119,0.0,22
680,0,0,504,464,40,1.0,27
680,1,1,482,610,-128,0.0,23
688,0,0,416,498,-82,0.0,24
688,1,1,411,456,-45,0.0,25
696,0,0,559,363,196,1.0,25
696,1,1,470,515,-45,0.0,24
704,0,0,474,505,-31,0.0,29
704,1,1,469,531,-62,0.0,25
712,0,0,452,484,-32,0.0,28
712,1,1,537,367,170,1.0,26
720,0,0,488,510,-22,0.0,20
720,1,1,512,485,27,1.0,22
728,0,0,421,457,-36,0.0,20
728,1,1,485,415,70,1.0,25
736,0,0,569,360,209,1.0,23
736,1,1,417,438,-21,0.0,27
744,0,0,438,542,-104,0.0,28
744,1,1,451,514,-63,0.0,26
752,0,0,466,445,21,1.0,29
752,1,1,480,449,31,1.0,25
760,0,0,519,301,218,1.0,29
760,1,1,335,543,-208,0.0,25
768,0,0,578,404,174,1.0,23
768,1,1,472,539,-67,0.0,21
776,0,0,519,500,19,1.0,21
776,1,1,670,443,227,1.0,23
784,0,0,462,479,-17,0.0,28
784,1,1,494,455,39,1.0,24
792,0,0,430,502,-72,0.0,24
792,1,1,520,397,123,1.0,22
800,0,0,490,458,32,1.0,26
800,1,1,372,510,-138,0.0,25
808,0,0,762,352,410,1.0,25
808,1,1,303,669,-366,0.0,23
816,0,0,500,453,47,1.0,27
816,1,1,448,532,-84,0.0,29
824,0,0,497,566,-69,0.0,22
824,1,1,450,525,-75,0.0,19
832,0,0,380,481,-101,0.0,18
832,1,1,543,410,133,1.0,24
840,0,0,449,328,121,1.0,26
840,1,1,457,418,39,1.0,24
848,0,0,482,490,-8,0.0,20
848,1,1,417,512,-95,0.0,21
856,0,0,429,510,-81,0.0,26
856,1,1,516,350,166,1.0,23
864,0,0,448,504,-56,0.0,25
864,1,1,447,538,-91,0.0,24
872,0,0,485,373,112,1.0,28
872,1,1,290,580,-290,0.0,28
880,0,0,476,400,76,1.0,26
880,1,1,418,425,-7,0.0,22
888,0,0,377,424,-47,0.0,25
888,1,1,501,467,34,1.0,22
896,0,0,417,574,-157,0.0,22
896,1,1,590,370,220,1.0,22
904,0,0,543,410,133,1.0,23
904,1,1,557,421,136,1.0,23
912,0,0,533,412,121,1.0,32
912,1,1,399,504,-105,0.0,23
920,0,0,487,505,-18,0.0,22
920,1,1,493,563,-70,0.0,23
928,0,0,508,496,12,1.0,26
928,1,1,490,423,67,1.0,23
936,0,0,416,524,-108,0.0,30
936,1,1,429,487,-58,0.0,29
944,0,0,543,399,144,1.0,23
944,1,1,416,468,-52,0.0,26
952,0,0,444,511,-67,0.0,22
952,1,1,552,518,34,1.0,20
960,0,0,399,518,-119,0.0,26
960,1,1,534,442,92,1.0,23
968,0,0,429,444,-15,0.0,26
968,1,1,486,415,71,1.0,29
976,0,0,544,492,52,1.0,25
976,1,1,367,502,-135,0.0,29
984,0,0,591,445,146,1.0,23
984,1,1,407,517,-110,0.0,24
992,0,0,422,566,-144,0.0,22
992,1,1,520,439,81,1.0,23
1000,0,0,393,385,8,1.0,26
1000,1,1,348,460,-112,0.0,27
1008,0,0,406,405,1,1.0,29
1008,1,1,473,451,22,1.0,23
1016,0,0,506,471,35,1.0,23
1016,1,1,421,528,-107,0.0,23
1024,0,0,407,446,-39,0.0,23
1024,1,1,508,356,152,1.0,25
1032,0,0,549,316,233,1.0,33
1032,1,1,437,461,-24,0.0,28
1040,0,0,437,470,-33,0.0,29
1040,1,1,604,357,247,1.0,25
1048,0,0,350,491,-141,0.0,24
1048,1,1,506,464,42,1.0,24
1056,0,0,568,383,185,1.0,23
1056,1,1,537,388,149,1.0,24
1064,0,0,424,449,-25,0.0,27
1064,1,1,542,485,57,1.0,29
1072,0,0,518,486,32,1.0,30
1072,1,1,472,444,28,1.0,26
1080,0,0,408,529,-121,0.0,25
1080,1,1,525,356,169,1.0,26
1088,0,0,423,455,-32,0.0,22
1088,1,1,460,604,-144,0.0,21
1096,0,0,500,428,72,1.0,26
1096,1,1,445,496,-51,0.0,27
1104,0,0,526,505,21,1.0,20
1104,1,1,506,551,-45,0.0,20
1112,0,0,417,651,-234,0.0,23
1112,1,1,582,497,85,1.0,26
1120,0,0,479,419,60,1.0,25
1120,1,1,398,499,-101,0.0,27
1128,0,0,495,377,118,1.0,21
1128,1,1,442,473,-31,0.0,24
1136,0,0,490,363,127,1.0,31
1136,1,1,347,444,-97,0.0,24
1144,0,0,506,400,106,1.0,24
1144,1,1,436,512,-76,0.0,23
1152,0,0,489,421,68,1.0,27
1152,1,1,380,530,-150,0.0,27
1160,0,0,451,441,10,1.0,22
1160,1,1,494,357,137,1.0,24
1168,0,0,500,422,78,1.0,27
1168,1,1,414,524,-110,0.0,24
1176,0,0,405,605,-200,0.0,24
1176,1,1,403,509,-106,0.0,26
1184,0,0,492,476,16,1.0,26
1184,1,1,372,612,-240,0.0,23
1192,0,0,598,377,221,1.0,26
1192,1,1,475,538,-63,0.0,26
1200,0,0,471,493,-22,0.0,24
1200,1,1,527,543,-16,0.0,23
1208,0,0,455,487,-32,0.0,24
1208,1,1,363,489,-126,0.0,29
1216,0,0,439,476,-37,0.0,28
1216,1,1,527,479,48,1.0,26
1224,0,0,508,479,29,1.0,23
1224,1,1,420,515,-95,0.0,21
1232,0,0,414,475,-61,0.0,27
1232,1,1,478,354,124,1.0,27
1240,0,0,503,467,36,1.0,21
1240,1,1,527,513,14,1.0,24
1248,0,0,511,440,71,1.0,24
1248,1,1,452,660,-208,0.0,21
1256,0,0,374,457,-83,0.0,24
1256,1,1,489,422,67,1.0,22
1264,0,0,466,447,19,1.0,27
1264,1,1,516,565,-49,0.0,21
1272,0,0,477,385,92,1.0,22
1272,1,1,448,549,-101,0.0,21
1280,0,0,596,346,250,1.0,22
1280,1,1,396,423,-27,0.0,25
1288,0,0,460,502,-42,0.0,24
1288,1,1,410,542,-132,0.0,22
1296,0,0,579,402,177,1.0,25
1296,1,1,397,601,-204,0.0,23
1304,0,0,422,541,-119,0.0,26
1304,1,1,546,369,177,1.0,22
1312,0,0,404,615,-211,0.0,22
1312,1,1,442,466,-24,0.0,23
1320,0,0,554,445,109,1.0,24
1320,1,1,486,706,-220,0.0,21
1328,0,0,592,350,242,1.0,25
1328,1,1,401,526,-125,0.0,24
1336,0,0,427,495,-68,0.0,27
1336,1,1,489,389,100,1.0,27
1344,0,0,421,355,66,1.0,32
1344,1,1,386,438,-52,0.0,32
1352,0,0,438,517,-79,0.0,22
1352,1,1,450,413,37,1.0,34
1360,0,0,450,418,32,1.0,24
1360,1,1,483,477,6,1.0,22
1368,0,0,521,476,45,1.0,20
1368,1,1,478,460,18,1.0,24
1376,0,0,555,451,104,1.0,23
1376,1,1,426,520,-94,0.0,23
1384,0,0,468,512,-44,0.0,23
1384,1,1,377,589,-212,0.0,21
1392,0,0,444,507,-63,0.0,23
1392,1,1,579,631,-52,0.0,21
1400,0,0,461,523,-62,0.0,22
1400,1,1,507,454,53,1.0,22
1408,0,0,498,433,65,1.0,25
1408,1,1,508,502,6,1.0,24
1416,0,0,472,486,-14,0.0,28
1416,1,1,495,530,-35,0.0,24
1424,0,0,586,339,247,1.0,23
1424,1,1,431,569,-138,0.0,23
1432,0,0,477,538,-61,0.0,25
1432,1,1,441,389,52,1.0,27
1440,0,0,491,480,11,1.0,22
1440,1,1,467,453,14,1.0,24
1448,0,0,332,482,-150,0.0,26
1448,1,1,474,412,62,1.0,24
1456,0,0,537,500,37,1.0,20
1456,1,1,460,469,-9,0.0,22
1464,0,0,472,497,-25,0.0,21
1464,1,1,517,465,52,1.0,21
1472,0,0,430,446,-16,0.0,30
1472,1,1,447,454,-7,0.0,29
1480,0,0,487,408,79,1.0,23
1480,1,1,475,463,12,1.0,26
1488,0,0,459,445,14,1.0,27
1488,1,1,531,564,-33,0.0,29
1496,0,0,502,476,26,1.0,21
1496,1,1,429,430,-1,0.0,31
1504,0,0,444,484,-40,0.0,22
1504,1,1,484,550,-66,0.0,22
1512,0,0,490,504,-14,0.0,26
1512,1,1,513,434,79,1.0,27
1520,0,0,451,481,-30,0.0,22
1520,1,1,541,404,137,1.0,25
1528,0,0,431,534,-103,0.0,24
1528,1,1,456,511,-55,0.0,27
1536,0,0,597,442,155,1.0,19
1536,1,1,313,595,-282,0.0,21
1544,0,0,346,391,-45,0.0,29
1544,1,1,418,427,-9,0.0,23
1552,0,0,556,413,143,1.0,25
1552,1,1,406,470,-64,0.0,23
1560,0,0,591,389,202,1.0,24
1560,1,1,434,612,-178,0.0,21
1568,0,0,424,427,-3,0.0,25
1568,1,1,478,456,22,1.0,26
1576,0,0,497,454,43,1.0,24
1576,1,1,447,507,-60,0.0,32
1584,0,0,440,496,-56,0.0,22
1584,1,1,474,514,-40,0.0,23
1592,0,0,484,694,-210,0.0,29
1592,1,1,643,369,274,1.0,24
1600,0,0,549,438,111,1.0,24
1600,1,1,476,454,22,1.0,25
1608,0,0,454,615,-161,0.0,23
1608,1,1,548,506,42,1.0,25
1616,0,0,606,435,171,1.0,23
1616,1,1,568,604,-36,0.0,22
1624,0,0,448,391,57,1.0,29
1624,1,1,428,334,94,1.0,28
1632,0,0,526,409,117,1.0,25
1632,1,1,441,461,-20,0.0,25
1640,0,0,535,354,181,1.0,25
1640,1,1,331,484,-153,0.0,25
1648,0,0,342,452,-110,0.0,31
1648,1,1,433,453,-20,0.0,27
1656,0,0,409,487,-78,0.0,30
1656,1,1,507,455,52,1.0,26
1664,0,0,483,439,44,1.0,22
1664,1,1,450,466,-16,0.0,24
1672,0,0,471,425,46,1.0,24
1672,1,1,471,410,61,1.0,22
1680,0,0,480,360,120,1.0,29
1680,1,1,548,402,146,1.0,28
1688,0,0,395,437,-42,0.0,26
1688,1,1,376,434,-58,0.0,26
1696,0,0,525,292,233,1.0,23
1696,1,1,374,470,-96,0.0,26
1704,0,0,535,448,87,1.0,26
1704,1,1,469,449,20,1.0,25
1712,0,0,461,434,27,1.0,24
1712,1,1,377,540,-163,0.0,21
1720,0,0,388,549,-161,0.0,26
1720,1,1,516,423,93,1.0,23
1728,0,0,453,470,-17,0.0,21
1728,1,1,427,405,22,1.0,27
1736,0,0,492,377,115,1.0,28
1736,1,1,361,500,-139,0.0,28
1744,0,0,502,480,22,1.0,23
1744,1,1,531,538,-7,0.0,23
1752,0,0,454,368,86,1.0,30
1752,1,1,465,411,54,1.0,25
1760,0,0,553,526,27,1.0,20
1760,1,1,434,601,-167,0.0,24
1768,0,0,430,345,85,1.0,23
1768,1,1,378,463,-85,0.0,28
1776,0,0,515,330,185,1.0,23
1776,1,1,406,433,-27,0.0,25
1784,0,0,561,387,174,1.0,22
1784,1,1,373,450,-77,0.0,23
1792,0,0,410,538,-128,0.0,23
1792,1,1,471,563,-92,0.0,22
1800,0,0,543,338,205,1.0,27
1800,1,1,348,660,-312,0.0,29
1808,0,0,507,433,74,1.0,25
1808,1,1,458,468,-10,0.0,22
1816,0,0,571,433,138,1.0,25
1816,1,1,507,456,51,1.0,27
1824,0,0,548,330,218,1.0,21
1824,1,1,409,550,-141,0.0,26
1832,0,0,477,398,79,1.0,25
1832,1,1,529,430,99,1.0,22
1840,0,0,403,448,-45,0.0,33
1840,1,1,545,296,249,1.0,28
1848,0,0,500,380,120,1.0,23
1848,1,1,496,496,0,0.5,20
1856,0,0,476,545,-69,0.0,25
1856,1,1,521,529,-8,0.0,21
1864,0,0,486,400,86,1.0,27
1864,1,1,543,549,-6,0.0,22
1872,0,0,451,399,52,1.0,28
1872,1,1,499,506,-7,0.0,21
1880,0,0,534,541,-7,0.0,24
1880,1,1,359,497,-138,0.0,23
1888,0,0,425,562,-137,0.0,22
1888,1,1,443,420,23,1.0,24
1896,0,0,350,464,-114,0.0,26
1896,1,1,555,360,195,1.0,27
1904,0,0,448,401,47,1.0,26
1904,1,1,445,449,-4,0.0,24
1912,0,0,604,339,265,1.0,26
1912,1,1,308,595,-287,0.0,27
1920,0,0,340,583,-243,0.0,20
1920,1,1,468,411,57,1.0,21
1928,0,0,428,479,-51,0.0,25
1928,1,1,437,419,18,1.0,25
1936,0,0,579,383,196,1.0,21
1936,1,1,386,529,-143,0.0,23
1944,0,0,474,447,27,1.0,27
1944,1,1,425,473,-48,0.0,26
1952,0,0,480,395,85,1.0,24
1952,1,1,526,479,47,1.0,25
1960,0,0,396,412,-16,0.0,23
1960,1,1,530,401,129,1.0,29
1968,0,0,473,432,41,1.0,23
1968,1,1,518,473,45,1.0,22
1976,0,0,478,552,-74,0.0,20
1976,1,1,482,439,43,1.0,26
1984,0,0,431,489,-58,0.0,25
1984,1,1,461,508,-47,0.0,24
1992,0,0,619,377,242,1.0,25
1992,1,1,435,463,-28,0.0,26
pair,game,a_seat,a_score,b_score,a_spread,a_win,turns
1,0,0,477,325,152,1.0,24
1,1,1,482,387,95,1.0,30
9,0,0,420,614,-194,0.0,23
9,1,1,432,431,1,1.0,20
17,0,0,503,356,147,1.0,31
17,1,1,504,456,48,1.0,26
25,0,0,348,518,-170,0.0,30
25,1,1,478,403,75,1.0,30
33,0,0,474,408,66,1.0,21
33,1,1,401,566,-165,0.0,22
41,0,0,325,594,-269,0.0,25
41,1,1,514,410,104,1.0,26
49,0,0,588,406,182,1.0,21
49,1,1,533,473,60,1.0,21
57,0,0,490,303,187,1.0,27
57,1,1,460,502,-42,0.0,22
65,0,0,408,486,-78,0.0,24
65,1,1,494,431,63,1.0,25
73,0,0,488,429,59,1.0,23
73,1,1,397,491,-94,0.0,27
81,0,0,486,480,6,1.0,25
81,1,1,530,486,44,1.0,25
89,0,0,512,482,30,1.0,24
89,1,1,517,567,-50,0.0,22
97,0,0,371,532,-161,0.0,24
97,1,1,453,507,-54,0.0,29
105,0,0,425,441,-16,0.0,28
105,1,1,522,521,1,1.0,26
113,0,0,401,494,-93,0.0,30
113,1,1,540,479,61,1.0,24
121,0,0,431,508,-77,0.0,25
121,1,1,510,448,62,1.0,21
129,0,0,540,401,139,1.0,40
129,1,1,398,439,-41,0.0,32
137,0,0,419,440,-21,0.0,25
137,1,1,427,453,-26,0.0,23
145,0,0,462,335,127,1.0,27
145,1,1,326,441,-115,0.0,27
153,0,0,303,526,-223,0.0,27
153,1,1,414,388,26,1.0,26
161,0,0,369,460,-91,0.0,28
161,1,1,516,416,100,1.0,28
169,0,0,468,428,40,1.0,27
169,1,1,456,454,2,1.0,23
177,0,0,461,655,-194,0.0,21
177,1,1,566,369,197,1.0,26
185,0,0,557,434,123,1.0,26
185,1,1,471,593,-122,0.0,23
193,0,0,470,489,-19,0.0,22
193,1,1,459,399,60,1.0,26
201,0,0,412,551,-139,0.0,26
201,1,1,575,451,124,1.0,22
209,0,0,500,497,3,1.0,24
209,1,1,474,508,-34,0.0,26
217,0,0,455,423,32,1.0,25
217,1,1,594,432,162,1.0,24
225,0,0,572,410,162,1.0,20
225,1,1,518,569,-51,0.0,25
233,0,0,406,469,-63,0.0,26
233,1,1,663,412,251,1.0,24
241,0,0,457,482,-25,0.0,27
241,1,1,428,558,-130,0.0,23
249,0,0,453,474,-21,0.0,25
249,1,1,442,434,8,1.0,28
257,0,0,502,522,-20,0.0,22
257,1,1,514,475,39,1.0,20
265,0,0,520,517,3,1.0,27
265,1,1,470,553,-83,0.0,25
273,0,0,415,464,-49,0.0,26
273,1,1,378,401,-23,0.0,26
281,0,0,389,440,-51,0.0,23
281,1,1,510,407,103,1.0,22
289,0,0,521,385,136,1.0,29
289,1,1,442,507,-65,0.0,31
297,0,0,447,566,-119,0.0,23
297,1,1,545,474,71,1.0,22
305,0,0,433,476,-43,0.0,27
305,1,1,536,383,153,1.0,24
313,0,0,435,621,-186,0.0,23
313,1,1,543,467,76,1.0,24
321,0,0,387,504,-117,0.0,25
321,1,1,466,423,43,1.0,24
329,0,0,534,405,129,1.0,24
329,1,1,363,517,-154,0.0,22
337,0,0,459,387,72,1.0,27
337,1,1,515,399,116,1.0,24
345,0,0,474,422,52,1.0,28
345,1,1,465,456,9,1.0,31
353,0,0,538,476,62,1.0,27
353,1,1,420,459,-39,0.0,26
361,0,0,487,633,-146,0.0,21
361,1,1,495,490,5,1.0,25
369,0,0,462,473,-11,0.0,24
369,1,1,490,492,-2,0.0,21
377,0,0,450,511,-61,0.0,27
377,1,1,420,478,-58,0.0,26
385,0,0,373,493,-120,0.0,27
385,1,1,544,349,195,1.0,28
393,0,0,541,419,122,1.0,27
393,1,1,449,445,4,1.0,30
401,0,0,436,499,-63,0.0,23
401,1,1,536,517,19,1.0,23
409,0,0,477,397,80,1.0,25
409,1,1,440,505,-65,0.0,31
417,0,0,423,403,20,1.0,30
417,1,1,469,350,119,1.0,32
425,0,0,463,357,106,1.0,27
425,1,1,445,473,-28,0.0,23
433,0,0,419,559,-140,0.0,25
433,1,1,538,484,54,1.0,23
441,0,0,350,469,-119,0.0,27
441,1,1,438,396,42,1.0,38
449,0,0,463,494,-31,0.0,22
449,1,1,493,428,65,1.0,23
457,0,0,428,543,-115,0.0,23
457,1,1,523,494,29,1.0,23
465,0,0,555,371,184,1.0,24
465,1,1,402,580,-178,0.0,26
473,0,0,335,483,-148,0.0,24
473,1,1,538,342,196,1.0,25
481,0,0,466,323,143,1.0,25
481,1,1,458,571,-113,0.0,27
489,0,0,401,550,-149,0.0,24
489,1,1,506,442,64,1.0,24
497,0,0,552,453,99,1.0,24
497,1,1,463,492,-29,0.0,22
505,0,0,469,447,22,1.0,24
505,1,1,472,482,-10,0.0,24
513,0,0,449,378,71,1.0,24
513,1,1,532,461,71,1.0,23
521,0,0,425,501,-76,0.0,21
521,1,1,515,489,26,1.0,26
529,0,0,498,490,8,1.0,24
529,1,1,420,474,-54,0.0,22
537,0,0,505,519,-14,0.0,21
537,1,1,541,443,98,1.0,24
545,0,0,551,318,233,1.0,27
545,1,1,462,551,-89,0.0,26
553,0,0,483,467,16,1.0,25
553,1,1,358,499,-141,0.0,26
561,0,0,429,520,-91,0.0,23
561,1,1,470,442,28,1.0,28
569,0,0,416,501,-85,0.0,26
569,1,1,472,473,-1,0.0,25
577,0,0,511,399,112,1.0,24
577,1,1,371,412,-41,0.0,24
585,0,0,479,459,20,1.0,28
585,1,1,545,480,65,1.0,21
593,0,0,541,429,112,1.0,25
593,1,1,377,538,-161,0.0,23
601,0,0,352,508,-156,0.0,27
601,1,1,587,452,135,1.0,24
609,0,0,372,467,-95,0.0,20
609,1,1,512,399,113,1.0,23
617,0,0,489,557,-68,0.0,27
617,1,1,483,437,46,1.0,26
625,0,0,452,428,24,1.0,30
625,1,1,504,516,-12,0.0,22
633,0,0,500,431,69,1.0,23
633,1,1,379,533,-154,0.0,26
641,0,0,545,431,114,1.0,24
641,1,1,532,520,12,1.0,20
649,0,0,372,476,-104,0.0,25
649,1,1,484,469,15,1.0,26
657,0,0,325,419,-94,0.0,34
657,1,1,524,413,111,1.0,27
665,0,0,519,306,213,1.0,24
665,1,1,395,549,-154,0.0,23
673,0,0,470,494,-24,0.0,26
673,1,1,579,483,96,1.0,25
681,0,0,385,507,-122,0.0,28
681,1,1,505,398,107,1.0,31
689,0,0,625,554,71,1.0,20
689,1,1,445,514,-69,0.0,25
697,0,0,504,454,50,1.0,23
697,1,1,507,532,-25,0.0,22
705,0,0,589,449,140,1.0,22
705,1,1,434,400,34,1.0,26
713,0,0,369,569,-200,0.0,25
713,1,1,479,444,35,1.0,22
721,0,0,549,401,148,1.0,22
721,1,1,507,479,28,1.0,28
729,0,0,508,464,44,1.0,27
729,1,1,422,489,-67,0.0,23
737,0,0,399,569,-170,0.0,23
737,1,1,556,457,99,1.0,23
745,0,0,473,540,-67,0.0,26
745,1,1,505,394,111,1.0,26
753,0,0,438,549,-111,0.0,26
753,1,1,447,515,-68,0.0,28
761,0,0,439,507,-68,0.0,24
761,1,1,501,396,105,1.0,26
769,0,0,560,506,54,1.0,24
769,1,1,527,447,80,1.0,21
777,0,0,356,482,-126,0.0,23
777,1,1,551,419,132,1.0,22
785,0,0,534,422,112,1.0,29
785,1,1,534,405,129,1.0,27
793,0,0,357,467,-110,0.0,29
793,1,1,491,402,89,1.0,25
801,0,0,396,419,-23,0.0,24
801,1,1,463,504,-41,0.0,27
809,0,0,479,492,-13,0.0,24
809,1,1,456,461,-5,0.0,24
817,0,0,354,535,-181,0.0,24
817,1,1,552,372,180,1.0,19
825,0,0,478,451,27,1.0,25
825,1,1,451,571,-120,0.0,24
833,0,0,396,380,16,1.0,31
833,1,1,514,390,124,1.0,27
841,0,0,552,484,68,1.0,24
841,1,1,357,496,-139,0.0,22
849,0,0,459,583,-124,0.0,25
849,1,1,522,440,82,1.0,23
857,0,0,396,486,-90,0.0,25
857,1,1,421,482,-61,0.0,30
865,0,0,441,468,-27,0.0,24
865,1,1,503,403,100,1.0,22
873,0,0,428,385,43,1.0,28
873,1,1,459,439,20,1.0,23
881,0,0,550,335,215,1.0,22
881,1,1,397,551,-154,0.0,28
889,0,0,451,500,-49,0.0,24
889,1,1,464,484,-20,0.0,21
897,0,0,383,559,-176,0.0,23
897,1,1,518,375,143,1.0,28
905,0,0,530,473,57,1.0,25
905,1,1,437,470,-33,0.0,26
913,0,0,408,414,-6,0.0,24
913,1,1,533,397,136,1.0,27
921,0,0,500,364,136,1.0,27
921,1,1,409,436,-27,0.0,24
929,0,0,440,418,22,1.0,29
929,1,1,399,511,-112,0.0,25
937,0,0,484,488,-4,0.0,25
937,1,1,475,432,43,1.0,21
945,0,0,452,537,-85,0.0,23
945,1,1,547,580,-33,0.0,25
953,0,0,488,520,-32,0.0,33
953,1,1,601,355,246,1.0,24
961,0,0,363,467,-104,0.0,27
961,1,1,458,511,-53,0.0,24
969,0,0,492,495,-3,0.0,24
969,1,1,469,468,1,1.0,22
977,0,0,401,510,-109,0.0,24
977,1,1,444,542,-98,0.0,23
985,0,0,490,431,59,1.0,26
985,1,1,659,412,247,1.0,27
993,0,0,500,469,31,1.0,23
993,1,1,460,513,-53,0.0,22
1001,0,0,397,511,-114,0.0,25
1001,1,1,412,320,92,1.0,30
1009,0,0,576,412,164,1.0,24
1009,1,1,375,619,-244,0.0,24
1017,0,0,400,675,-275,0.0,21
1017,1,1,615,394,221,1.0,22
1025,0,0,451,593,-142,0.0,27
1025,1,1,631,437,194,1.0,27
1033,0,0,381,519,-138,0.0,29
1033,1,1,555,389,166,1.0,22
1041,0,0,372,565,-193,0.0,25
1041,1,1,479,387,92,1.0,23
1049,0,0,504,431,73,1.0,24
1049,1,1,501,300,201,1.0,22
1057,0,0,467,435,32,1.0,25
1057,1,1,427,520,-93,0.0,22
1065,0,0,498,469,29,1.0,32
1065,1,1,439,560,-121,0.0,23
1073,0,0,442,503,-61,0.0,24
1073,1,1,559,463,96,1.0,23
1081,0,0,522,469,53,1.0,29
1081,1,1,381,471,-90,0.0,24
1089,0,0,449,486,-37,0.0,28
1089,1,1,396,572,-176,0.0,22
1097,0,0,476,441,35,1.0,23
1097,1,1,430,442,-12,0.0,21
1105,0,0,414,453,-39,0.0,23
1105,1,1,486,441,45,1.0,26
1113,0,0,483,466,17,1.0,27
1113,1,1,415,485,-70,0.0,26
1121,0,0,485,387,98,1.0,24
1121,1,1,440,413,27,1.0,23
1129,0,0,474,505,-31,0.0,24
1129,1,1,580,326,254,1.0,29
1137,0,0,431,591,-160,0.0,21
1137,1,1,545,402,143,1.0,27
1145,0,0,501,400,101,1.0,26
1145,1,1,532,533,-1,0.0,24
1153,0,0,624,493,131,1.0,24
1153,1,1,431,527,-96,0.0,25
1161,0,0,470,612,-142,0.0,25
1161,1,1,529,308,221,1.0,21
1169,0,0,451,533,-82,0.0,20
1169,1,1,413,444,-31,0.0,24
1177,0,0,424,538,-114,0.0,21
1177,1,1,511,498,13,1.0,22
1185,0,0,529,462,67,1.0,26
1185,1,1,365,580,-215,0.0,24
1193,0,0,439,485,-46,0.0,26
1193,1,1,570,428,142,1.0,25
1201,0,0,452,422,30,1.0,26
1201,1,1,434,461,-27,0.0,28
1209,0,0,489,521,-32,0.0,26
1209,1,1,525,410,115,1.0,29
1217,0,0,515,475,40,1.0,20
1217,1,1,445,445,0,0.5,24
1225,0,0,488,358,130,1.0,27
1225,1,1,487,444,43,1.0,22
1233,0,0,445,500,-55,0.0,24
1233,1,1,549,377,172,1.0,23
1241,0,0,518,456,62,1.0,24
1241,1,1,501,425,76,1.0,22
1249,0,0,576,518,58,1.0,20
1249,1,1,447,496,-49,0.0,23
1257,0,0,494,370,124,1.0,20
1257,1,1,421,472,-51,0.0,28
1265,0,0,452,461,-9,0.0,22
1265,1,1,446,464,-18,0.0,24
1273,0,0,397,488,-91,0.0,21
1273,1,1,464,401,63,1.0,23
1281,0,0,496,500,-4,0.0,27
1281,1,1,458,457,1,1.0,25
1289,0,0,397,419,-22,0.0,23
1289,1,1,427,514,-87,0.0,22
1297,0,0,546,425,121,1.0,31
1297,1,1,467,504,-37,0.0,29
1305,0,0,393,551,-158,0.0,23
1305,1,1,469,464,5,1.0,23
1313,0,0,360,549,-189,0.0,25
1313,1,1,508,414,94,1.0,21
1321,0,0,475,558,-83,0.0,27
1321,1,1,375,449,-74,0.0,29
1329,0,0,343,508,-165,0.0,29
1329,1,1,515,329,186,1.0,24
1337,0,0,480,426,54,1.0,24
1337,1,1,426,478,-52,0.0,21
1345,0,0,400,529,-129,0.0,26
1345,1,1,532,456,76,1.0,25
1353,0,0,354,529,-175,0.0,22
1353,1,1,549,333,216,1.0,25
1361,0,0,452,452,0,0.5,27
1361,1,1,415,340,75,1.0,27
1369,0,0,477,557,-80,0.0,24
1369,1,1,531,510,21,1.0,23
1377,0,0,498,392,106,1.0,23
1377,1,1,394,485,-91,0.0,24
1385,0,0,414,387,27,1.0,30
1385,1,1,410,389,21,1.0,25
1393,0,0,585,491,94,1.0,23
1393,1,1,435,520,-85,0.0,24
1401,0,0,527,511,16,1.0,21
1401,1,1,463,538,-75,0.0,19
1409,0,0,526,435,91,1.0,23
1409,1,1,432,519,-87,0.0,23
1417,0,0,346,494,-148,0.0,26
1417,1,1,560,288,272,1.0,35
1425,0,0,423,501,-78,0.0,23
1425,1,1,489,461,28,1.0,26
1433,0,0,552,435,117,1.0,27
1433,1,1,509,539,-30,0.0,23
1441,0,0,417,507,-90,0.0,34
1441,1,1,593,405,188,1.0,25
1449,0,0,408,512,-104,0.0,28
1449,1,1,554,422,132,1.0,24
1457,0,0,406,482,-76,0.0,27
1457,1,1,601,406,195,1.0,25
1465,0,0,418,528,-110,0.0,25
1465,1,1,544,413,131,1.0,24
1473,0,0,550,436,114,1.0,28
1473,1,1,517,548,-31,0.0,24
1481,0,0,499,445,54,1.0,22
1481,1,1,402,476,-74,0.0,26
1489,0,0,485,384,101,1.0,28
1489,1,1,498,514,-16,0.0,26
1497,0,0,383,537,-154,0.0,26
1497,1,1,484,478,6,1.0,24
1505,0,0,502,489,13,1.0,25
1505,1,1,464,459,5,1.0,21
1513,0,0,358,601,-243,0.0,22
1513,1,1,444,347,97,1.0,25
1521,0,0,376,579,-203,0.0,21
1521,1,1,511,555,-44,0.0,22
1529,0,0,594,428,166,1.0,28
1529,1,1,447,518,-71,0.0,22
1537,0,0,463,515,-52,0.0,22
1537,1,1,550,475,75,1.0,22
1545,0,0,433,438,-5,0.0,25
1545,1,1,508,391,117,1.0,37
1553,0,0,449,463,-14,0.0,23
1553,1,1,513,365,148,1.0,28
1561,0,0,406,493,-87,0.0,29
1561,1,1,569,456,113,1.0,26
1569,0,0,388,390,-2,0.0,27
1569,1,1,452,533,-81,0.0,27
1577,0,0,511,392,119,1.0,28
1577,1,1,476,439,37,1.0,28
1585,0,0,426,492,-66,0.0,27
1585,1,1,460,473,-13,0.0,29
1593,0,0,511,416,95,1.0,24
1593,1,1,469,360,109,1.0,30
1601,0,0,517,367,150,1.0,22
1601,1,1,475,516,-41,0.0,29
1609,0,0,331,591,-260,0.0,26
1609,1,1,568,362,206,1.0,24
1617,0,0,451,502,-51,0.0,27
1617,1,1,527,459,68,1.0,22
1625,0,0,508,526,-18,0.0,25
1625,1,1,521,448,73,1.0,23
1633,0,0,461,453,8,1.0,29
1633,1,1,409,467,-58,0.0,26
1641,0,0,560,414,146,1.0,24
1641,1,1,489,509,-20,0.0,24
1649,0,0,549,345,204,1.0,23
1649,1,1,422,593,-171,0.0,25
1657,0,0,444,455,-11,0.0,23
1657,1,1,450,497,-47,0.0,23
1665,0,0,468,420,48,1.0,28
1665,1,1,496,422,74,1.0,26
1673,0,0,372,555,-183,0.0,28
1673,1,1,536,511,25,1.0,26
1681,0,0,429,444,-15,0.0,25
1681,1,1,403,495,-92,0.0,25
1689,0,0,321,628,-307,0.0,25
1689,1,1,560,285,275,1.0,25
1697,0,0,511,457,54,1.0,23
1697,1,1,455,510,-55,0.0,20
1705,0,0,563,448,115,1.0,26
1705,1,1,452,517,-65,0.0,24
1713,0,0,395,499,-104,0.0,24
1713,1,1,538,422,116,1.0,24
1721,0,0,449,518,-69,0.0,25
1721,1,1,506,434,72,1.0,26
1729,0,0,469,526,-57,0.0,21
1729,1,1,476,491,-15,0.0,22
1737,0,0,534,468,66,1.0,24
1737,1,1,458,497,-39,0.0,24
1745,0,0,504,486,18,1.0,24
1745,1,1,487,385,102,1.0,24
1753,0,0,440,464,-24,0.0,29
1753,1,1,446,402,44,1.0,29
1761,0,0,365,570,-205,0.0,23
1761,1,1,464,463,1,1.0,22
1769,0,0,413,468,-55,0.0,33
1769,1,1,448,308,140,1.0,42
1777,0,0,428,456,-28,0.0,25
1777,1,1,465,404,61,1.0,33
1785,0,0,452,596,-144,0.0,22
1785,1,1,495,498,-3,0.0,21
1793,0,0,370,595,-225,0.0,23
1793,1,1,620,400,220,1.0,23
1801,0,0,451,419,32,1.0,22
1801,1,1,473,451,22,1.0,24
1809,0,0,485,465,20,1.0,23
1809,1,1,496,474,22,1.0,23
1817,0,0,487,577,-90,0.0,27
1817,1,1,410,463,-53,0.0,29
1825,0,0,437,499,-62,0.0,27
1825,1,1,428,441,-13,0.0,33
1833,0,0,488,438,50,1.0,27
1833,1,1,523,504,19,1.0,25
1841,0,0,547,312,235,1.0,31
1841,1,1,396,465,-69,0.0,29
1849,0,0,469,435,34,1.0,26
1849,1,1,418,415,3,1.0,27
1857,0,0,417,542,-125,0.0,23
1857,1,1,529,341,188,1.0,26
1865,0,0,470,467,3,1.0,23
1865,1,1,472,397,75,1.0,27
1873,0,0,465,452,13,1.0,28
1873,1,1,583,485,98,1.0,26
1881,0,0,567,462,105,1.0,25
1881,1,1,429,471,-42,0.0,24
1889,0,0,400,460,-60,0.0,23
1889,1,1,410,496,-86,0.0,36
1897,0,0,453,468,-15,0.0,24
1897,1,1,542,379,163,1.0,27
1905,0,0,513,405,108,1.0,26
1905,1,1,389,546,-157,0.0,26
1913,0,0,458,406,52,1.0,28
1913,1,1,322,556,-234,0.0,24
1921,0,0,509,487,22,1.0,25
1921,1,1,474,477,-3,0.0,23
1929,0,0,394,501,-107,0.0,27
1929,1,1,453,364,89,1.0,26
1937,0,0,464,578,-114,0.0,22
1937,1,1,622,459,163,1.0,19
1945,0,0,571,483,88,1.0,22
1945,1,1,463,452,11,1.0,22
1953,0,0,452,454,-2,0.0,26
1953,1,1,543,427,116,1.0,29
1961,0,0,400,462,-62,0.0,24
1961,1,1,470,505,-35,0.0,20
1969,0,0,511,568,-57,0.0,29
1969,1,1,467,506,-39,0.0,24
1977,0,0,490,558,-68,0.0,25
1977,1,1,600,421,179,1.0,24
1985,0,0,518,547,-29,0.0,22
1985,1,1,566,334,232,1.0,23
1993,0,0,473,569,-96,0.0,20
1993,1,1,485,405,80,1.0,24
pair,game,a_seat,a_score,b_score,a_spread,a_win,turns
2,0,0,420,546,-126,0.0,26
2,1,1,511,376,135,1.0,26
10,0,0,363,473,-110,0.0,23
10,1,1,490,401,89,1.0,29
18,0,0,476,471,5,1.0,27
18,1,1,487,504,-17,0.0,27
26,0,0,400,518,-118,0.0,28
26,1,1,579,382,197,1.0,30
34,0,0,466,420,46,1.0,22
34,1,1,497,469,28,1.0,24
42,0,0,572,489,83,1.0,23
42,1,1,493,531,-38,0.0,36
50,0,0,401,562,-161,0.0,24
50,1,1,582,382,200,1.0,25
58,0,0,494,417,77,1.0,25
58,1,1,468,530,-62,0.0,27
66,0,0,431,508,-77,0.0,23
66,1,1,471,701,-230,0.0,23
74,0,0,391,407,-16,0.0,25
74,1,1,525,460,65,1.0,25
82,0,0,400,522,-122,0.0,23
82,1,1,557,496,61,1.0,24
90,0,0,424,473,-49,0.0,27
90,1,1,381,491,-110,0.0,29
98,0,0,551,476,75,1.0,23
98,1,1,484,495,-11,0.0,23
106,0,0,406,558,-152,0.0,25
106,1,1,480,421,59,1.0,22
114,0,0,487,465,22,1.0,24
114,1,1,471,448,23,1.0,26
122,0,0,527,504,23,1.0,24
122,1,1,356,569,-213,0.0,26
130,0,0,429,539,-110,0.0,30
130,1,1,451,591,-140,0.0,25
138,0,0,419,461,-42,0.0,24
138,1,1,487,432,55,1.0,26
146,0,0,498,399,99,1.0,24
146,1,1,495,509,-14,0.0,23
154,0,0,429,544,-115,0.0,24
154,1,1,546,338,208,1.0,24
162,0,0,592,394,198,1.0,23
162,1,1,347,601,-254,0.0,22
170,0,0,499,501,-2,0.0,23
170,1,1,565,496,69,1.0,24
178,0,0,585,551,34,1.0,30
178,1,1,536,360,176,1.0,27
186,0,0,432,534,-102,0.0,26
186,1,1,493,494,-1,0.0,23
194,0,0,447,613,-166,0.0,21
194,1,1,496,475,21,1.0,22
202,0,0,485,501,-16,0.0,20
202,1,1,456,514,-58,0.0,24
210,0,0,432,427,5,1.0,25
210,1,1,396,407,-11,0.0,26
218,0,0,458,528,-70,0.0,25
218,1,1,501,481,20,1.0,24
226,0,0,490,403,87,1.0,23
226,1,1,486,566,-80,0.0,20
234,0,0,510,359,151,1.0,24
234,1,1,446,449,-3,0.0,28
242,0,0,542,492,50,1.0,23
242,1,1,474,481,-7,0.0,23
250,0,0,429,417,12,1.0,24
250,1,1,392,528,-136,0.0,22
258,0,0,411,600,-189,0.0,22
258,1,1,380,428,-48,0.0,29
266,0,0,376,450,-74,0.0,27
266,1,1,490,380,110,1.0,27
274,0,0,348,440,-92,0.0,25
274,1,1,467,582,-115,0.0,19
282,0,0,569,261,308,1.0,29
282,1,1,325,517,-192,0.0,25
290,0,0,443,450,-7,0.0,23
290,1,1,436,441,-5,0.0,20
298,0,0,481,422,59,1.0,28
298,1,1,424,452,-28,0.0,27
306,0,0,515,398,117,1.0,21
306,1,1,362,509,-147,0.0,22
314,0,0,466,486,-20,0.0,23
314,1,1,489,452,37,1.0,23
322,0,0,522,461,61,1.0,22
322,1,1,359,495,-136,0.0,22
330,0,0,390,462,-72,0.0,24
330,1,1,509,499,10,1.0,35
338,0,0,452,344,108,1.0,31
338,1,1,417,479,-62,0.0,24
346,0,0,398,541,-143,0.0,26
346,1,1,466,422,44,1.0,24
354,0,0,395,509,-114,0.0,27
354,1,1,577,429,148,1.0,31
362,0,0,543,525,18,1.0,20
362,1,1,365,490,-125,0.0,27
370,0,0,455,619,-164,0.0,22
370,1,1,521,496,25,1.0,19
378,0,0,398,593,-195,0.0,22
378,1,1,471,539,-68,0.0,23
386,0,0,453,542,-89,0.0,26
386,1,1,489,435,54,1.0,24
394,0,0,693,358,335,1.0,25
394,1,1,452,495,-43,0.0,23
402,0,0,455,482,-27,0.0,26
402,1,1,382,482,-100,0.0,54
410,0,0,484,459,25,1.0,25
410,1,1,469,499,-30,0.0,24
418,0,0,411,554,-143,0.0,24
418,1,1,476,477,-1,0.0,23
426,0,0,525,498,27,1.0,21
426,1,1,508,491,17,1.0,23
434,0,0,459,462,-3,0.0,24
434,1,1,505,472,33,1.0,22
442,0,0,403,402,1,1.0,21
442,1,1,473,433,40,1.0,24
450,0,0,377,492,-115,0.0,22
450,1,1,534,448,86,1.0,25
458,0,0,529,310,219,1.0,23
458,1,1,303,618,-315,0.0,24
466,0,0,534,440,94,1.0,21
466,1,1,470,521,-51,0.0,23
474,0,0,469,442,27,1.0,25
474,1,1,556,522,34,1.0,25
482,0,0,550,404,146,1.0,21
482,1,1,448,451,-3,0.0,26
490,0,0,388,465,-77,0.0,24
490,1,1,538,525,13,1.0,25
498,0,0,468,364,104,1.0,26
498,1,1,402,384,18,1.0,31
506,0,0,475,492,-17,0.0,23
506,1,1,504,415,89,1.0,24
514,0,0,421,335,86,1.0,20
514,1,1,390,416,-26,0.0,20
522,0,0,353,527,-174,0.0,27
522,1,1,552,379,173,1.0,30
530,0,0,500,491,9,1.0,25
530,1,1,605,456,149,1.0,29
538,0,0,451,569,-118,0.0,18
538,1,1,408,488,-80,0.0,26
546,0,0,509,458,51,1.0,22
546,1,1,477,433,44,1.0,22
554,0,0,466,536,-70,0.0,23
554,1,1,551,322,229,1.0,22
562,0,0,368,453,-85,0.0,24
562,1,1,417,410,7,1.0,30
570,0,0,546,387,159,1.0,24
570,1,1,537,410,127,1.0,24
578,0,0,538,402,136,1.0,21
578,1,1,406,507,-101,0.0,23
586,0,0,548,482,66,1.0,23
586,1,1,604,468,136,1.0,24
594,0,0,443,388,55,1.0,27
594,1,1,426,436,-10,0.0,25
602,0,0,601,389,212,1.0,32
602,1,1,572,454,118,1.0,21
610,0,0,471,449,22,1.0,23
610,1,1,418,466,-48,0.0,31
618,0,0,454,584,-130,0.0,21
618,1,1,607,409,198,1.0,21
626,0,0,504,315,189,1.0,28
626,1,1,478,592,-114,0.0,22
634,0,0,539,436,103,1.0,21
634,1,1,399,517,-118,0.0,21
642,0,0,534,464,70,1.0,26
642,1,1,490,409,81,1.0,27
650,0,0,480,573,-93,0.0,23
650,1,1,506,539,-33,0.0,24
658,0,0,378,509,-131,0.0,26
658,1,1,461,473,-12,0.0,25
666,0,0,486,408,78,1.0,24
666,1,1,345,510,-165,0.0,28
674,0,0,410,512,-102,0.0,30
674,1,1,462,449,13,1.0,26
682,0,0,487,468,19,1.0,23
682,1,1,475,478,-3,0.0,22
690,0,0,451,401,50,1.0,26
690,1,1,419,347,72,1.0,31
698,0,0,337,467,-130,0.0,30
698,1,1,437,494,-57,0.0,27
706,0,0,362,581,-219,0.0,24
706,1,1,570,393,177,1.0,24
714,0,0,497,420,77,1.0,23
714,1,1,468,471,-3,0.0,22
722,0,0,459,452,7,1.0,23
722,1,1,420,419,1,1.0,28
730,0,0,484,413,71,1.0,27
730,1,1,566,386,180,1.0,24
738,0,0,471,443,28,1.0,24
738,1,1,438,430,8,1.0,23
746,0,0,546,406,140,1.0,27
746,1,1,379,476,-97,0.0,30
754,0,0,398,518,-120,0.0,28
754,1,1,387,436,-49,0.0,25
762,0,0,479,395,84,1.0,28
762,1,1,449,485,-36,0.0,22
770,0,0,433,349,84,1.0,31
770,1,1,352,439,-87,0.0,27
778,0,0,453,670,-217,0.0,20
778,1,1,571,395,176,1.0,22
786,0,0,507,638,-131,0.0,24
786,1,1,397,450,-53,0.0,30
794,0,0,662,387,275,1.0,27
794,1,1,481,457,24,1.0,23
802,0,0,412,587,-175,0.0,20
802,1,1,480,418,62,1.0,24
810,0,0,539,466,73,1.0,24
810,1,1,387,547,-160,0.0,23
818,0,0,418,499,-81,0.0,24
818,1,1,349,542,-193,0.0,23
826,0,0,488,515,-27,0.0,25
826,1,1,524,530,-6,0.0,25
834,0,0,420,541,-121,0.0,20
834,1,1,481,475,6,1.0,22
842,0,0,426,559,-133,0.0,22
842,1,1,419,464,-45,0.0,23
850,0,0,401,527,-126,0.0,24
850,1,1,450,563,-113,0.0,21
858,0,0,454,556,-102,0.0,22
858,1,1,509,449,60,1.0,24
866,0,0,515,476,39,1.0,26
866,1,1,278,558,-280,0.0,25
874,0,0,340,448,-108,0.0,26
874,1,1,386,435,-49,0.0,23
882,0,0,395,460,-65,0.0,23
882,1,1,448,496,-48,0.0,28
890,0,0,470,532,-62,0.0,24
890,1,1,464,417,47,1.0,25
898,0,0,469,459,10,1.0,24
898,1,1,294,544,-250,0.0,27
906,0,0,442,458,-16,0.0,23
906,1,1,374,548,-174,0.0,21
914,0,0,508,479,29,1.0,22
914,1,1,491,508,-17,0.0,23
922,0,0,472,510,-38,0.0,24
922,1,1,470,467,3,1.0,24
930,0,0,491,473,18,1.0,20
930,1,1,492,422,70,1.0,22
938,0,0,413,391,22,1.0,28
938,1,1,470,401,69,1.0,26
946,0,0,525,399,126,1.0,25
946,1,1,465,481,-16,0.0,24
954,0,0,504,403,101,1.0,25
954,1,1,400,505,-105,0.0,27
962,0,0,548,379,169,1.0,28
962,1,1,403,546,-143,0.0,23
970,0,0,479,568,-89,0.0,23
970,1,1,545,423,122,1.0,22
978,0,0,474,410,64,1.0,26
978,1,1,575,358,217,1.0,27
986,0,0,425,466,-41,0.0,27
986,1,1,462,465,-3,0.0,36
994,0,0,476,431,45,1.0,22
994,1,1,304,376,-72,0.0,38
1002,0,0,654,329,325,1.0,26
1002,1,1,320,586,-266,0.0,23
1010,0,0,509,324,185,1.0,31
1010,1,1,468,481,-13,0.0,27
1018,0,0,532,350,182,1.0,22
1018,1,1,408,575,-167,0.0,21
1026,0,0,584,503,81,1.0,21
1026,1,1,494,504,-10,0.0,22
1034,0,0,487,494,-7,0.0,24
1034,1,1,424,592,-168,0.0,25
1042,0,0,356,598,-242,0.0,25
1042,1,1,560,462,98,1.0,22
1050,0,0,472,393,79,1.0,30
1050,1,1,504,394,110,1.0,26
1058,0,0,445,466,-21,0.0,25
1058,1,1,587,475,112,1.0,27
1066,0,0,482,483,-1,0.0,22
1066,1,1,554,514,40,1.0,24
1074,0,0,398,482,-84,0.0,24
1074,1,1,503,483,20,1.0,26
1082,0,0,506,492,14,1.0,24
1082,1,1,462,494,-32,0.0,27
1090,0,0,524,435,89,1.0,31
1090,1,1,465,456,9,1.0,27
1098,0,0,423,489,-66,0.0,27
1098,1,1,501,466,35,1.0,26
1106,0,0,460,592,-132,0.0,24
1106,1,1,505,368,137,1.0,27
1114,0,0,427,468,-41,0.0,23
1114,1,1,469,500,-31,0.0,31
1122,0,0,649,461,188,1.0,21
1122,1,1,514,477,37,1.0,20
1130,0,0,445,417,28,1.0,26
1130,1,1,464,356,108,1.0,28
1138,0,0,489,517,-28,0.0,23
1138,1,1,520,425,95,1.0,25
1146,0,0,530,500,30,1.0,22
1146,1,1,531,497,34,1.0,22
1154,0,0,459,554,-95,0.0,24
1154,1,1,426,511,-85,0.0,26
1162,0,0,461,393,68,1.0,24
1162,1,1,546,528,18,1.0,23
1170,0,0,546,442,104,1.0,29
1170,1,1,362,476,-114,0.0,25
1178,0,0,597,428,169,1.0,22
1178,1,1,442,536,-94,0.0,31
1186,0,0,440,529,-89,0.0,26
1186,1,1,558,387,171,1.0,24
1194,0,0,538,490,48,1.0,20
1194,1,1,444,483,-39,0.0,18
1202,0,0,534,466,68,1.0,21
1202,1,1,575,474,101,1.0,21
1210,0,0,506,394,112,1.0,21
1210,1,1,451,496,-45,0.0,22
1218,0,0,505,613,-108,0.0,24
1218,1,1,430,483,-53,0.0,25
1226,0,0,523,331,192,1.0,34
1226,1,1,475,456,19,1.0,31
1234,0,0,509,448,61,1.0,30
1234,1,1,431,473,-42,0.0,29
1242,0,0,326,513,-187,0.0,24
1242,1,1,544,425,119,1.0,20
1250,0,0,440,380,60,1.0,27
1250,1,1,372,417,-45,0.0,25
1258,0,0,495,432,63,1.0,24
1258,1,1,426,470,-44,0.0,25
1266,0,0,467,577,-110,0.0,25
1266,1,1,500,455,45,1.0,26
1274,0,0,467,494,-27,0.0,26
1274,1,1,525,452,73,1.0,26
1282,0,0,548,489,59,1.0,21
1282,1,1,410,514,-104,0.0,25
1290,0,0,494,407,87,1.0,29
1290,1,1,323,508,-185,0.0,26
1298,0,0,438,412,26,1.0,23
1298,1,1,446,553,-107,0.0,21
1306,0,0,421,468,-47,0.0,26
1306,1,1,480,441,39,1.0,24
1314,0,0,468,434,34,1.0,26
1314,1,1,503,467,36,1.0,23
1322,0,0,427,472,-45,0.0,26
1322,1,1,436,473,-37,0.0,28
1330,0,0,564,334,230,1.0,23
1330,1,1,443,459,-16,0.0,24
1338,0,0,465,565,-100,0.0,20
1338,1,1,489,542,-53,0.0,23
1346,0,0,442,405,37,1.0,28
1346,1,1,384,558,-174,0.0,25
1354,0,0,410,515,-105,0.0,27
1354,1,1,593,428,165,1.0,26
1362,0,0,582,483,99,1.0,25
1362,1,1,581,484,97,1.0,19
1370,0,0,439,472,-33,0.0,25
1370,1,1,400,456,-56,0.0,27
1378,0,0,428,545,-117,0.0,23
1378,1,1,478,323,155,1.0,24
1386,0,0,525,446,79,1.0,20
1386,1,1,433,665,-232,0.0,21
1394,0,0,574,489,85,1.0,24
1394,1,1,485,440,45,1.0,27
1402,0,0,581,419,162,1.0,21
1402,1,1,392,516,-124,0.0,24
1410,0,0,440,477,-37,0.0,25
1410,1,1,369,376,-7,0.0,26
1418,0,0,517,357,160,1.0,24
1418,1,1,361,509,-148,0.0,28
1426,0,0,429,499,-70,0.0,20
1426,1,1,369,511,-142,0.0,29
1434,0,0,434,522,-88,0.0,25
1434,1,1,519,375,144,1.0,34
1442,0,0,640,489,151,1.0,23
1442,1,1,397,572,-175,0.0,24
1450,0,0,436,467,-31,0.0,22
1450,1,1,515,351,164,1.0,32
1458,0,0,441,435,6,1.0,27
1458,1,1,341,600,-259,0.0,25
1466,0,0,635,482,153,1.0,23
1466,1,1,559,424,135,1.0,23
1474,0,0,559,499,60,1.0,22
1474,1,1,407,441,-34,0.0,22
1482,0,0,584,433,151,1.0,25
1482,1,1,417,540,-123,0.0,23
1490,0,0,397,503,-106,0.0,26
1490,1,1,462,447,15,1.0,25
1498,0,0,461,461,0,0.5,26
1498,1,1,387,421,-34,0.0,23
1506,0,0,548,440,108,1.0,27
1506,1,1,464,536,-72,0.0,21
1514,0,0,557,489,68,1.0,21
1514,1,1,408,547,-139,0.0,23
1522,0,0,439,448,-9,0.0,34
1522,1,1,438,473,-35,0.0,30
1530,0,0,475,410,65,1.0,27
1530,1,1,490,477,13,1.0,25
1538,0,0,549,421,128,1.0,26
1538,1,1,425,550,-125,0.0,24
1546,0,0,339,523,-184,0.0,28
1546,1,1,538,455,83,1.0,24
1554,0,0,534,374,160,1.0,29
1554,1,1,417,358,59,1.0,38
1562,0,0,408,454,-46,0.0,27
1562,1,1,560,418,142,1.0,23
1570,0,0,310,532,-222,0.0,22
1570,1,1,432,444,-12,0.0,25
1578,0,0,471,343,128,1.0,29
1578,1,1,478,424,54,1.0,38
1586,0,0,313,413,-100,0.0,27
1586,1,1,423,388,35,1.0,23
1594,0,0,483,470,13,1.0,21
1594,1,1,416,443,-27,0.0,31
1602,0,0,371,669,-298,0.0,26
1602,1,1,546,329,217,1.0,25
1610,0,0,449,450,-1,0.0,25
1610,1,1,474,426,48,1.0,25
1618,0,0,547,399,148,1.0,24
1618,1,1,339,605,-266,0.0,24
1626,0,0,575,482,93,1.0,23
1626,1,1,440,549,-109,0.0,23
1634,0,0,458,402,56,1.0,28
1634,1,1,419,465,-46,0.0,26
1642,0,0,384,478,-94,0.0,23
1642,1,1,498,368,130,1.0,23
1650,0,0,403,569,-166,0.0,25
1650,1,1,591,349,242,1.0,24
1658,0,0,451,461,-10,0.0,24
1658,1,1,536,476,60,1.0,24
1666,0,0,471,421,50,1.0,25
1666,1,1,432,530,-98,0.0,23
1674,0,0,464,437,27,1.0,28
1674,1,1,388,411,-23,0.0,24
1682,0,0,547,419,128,1.0,25
1682,1,1,473,449,24,1.0,20
1690,0,0,408,496,-88,0.0,25
1690,1,1,489,427,62,1.0,31
1698,0,0,533,333,200,1.0,31
1698,1,1,346,578,-232,0.0,23
1706,0,0,353,525,-172,0.0,26
1706,1,1,342,507,-165,0.0,21
1714,0,0,346,608,-262,0.0,24
1714,1,1,625,432,193,1.0,21
1722,0,0,502,350,152,1.0,31
1722,1,1,338,385,-47,0.0,37
1730,0,0,337,580,-243,0.0,20
1730,1,1,546,392,154,1.0,20
1738,0,0,534,472,62,1.0,20
1738,1,1,474,504,-30,0.0,25
1746,0,0,429,615,-186,0.0,24
1746,1,1,477,491,-14,0.0,20
1754,0,0,517,533,-16,0.0,27
1754,1,1,450,474,-24,0.0,30
1762,0,0,458,425,33,1.0,26
1762,1,1,406,439,-33,0.0,26
1770,0,0,501,516,-15,0.0,25
1770,1,1,489,536,-47,0.0,24
1778,0,0,485,417,68,1.0,24
1778,1,1,493,515,-22,0.0,22
1786,0,0,393,544,-151,0.0,26
1786,1,1,573,456,117,1.0,26
1794,0,0,380,390,-10,0.0,25
1794,1,1,397,578,-181,0.0,21
1802,0,0,526,341,185,1.0,34
1802,1,1,350,541,-191,0.0,29
1810,0,0,543,382,161,1.0,27
1810,1,1,413,508,-95,0.0,29
1818,0,0,451,396,55,1.0,27
1818,1,1,492,415,77,1.0,26
1826,0,0,374,554,-180,0.0,27
1826,1,1,568,312,256,1.0,22
1834,0,0,416,490,-74,0.0,24
1834,1,1,476,538,-62,0.0,26
1842,0,0,443,555,-112,0.0,21
1842,1,1,556,448,108,1.0,26
1850,0,0,493,518,-25,0.0,29
1850,1,1,505,412,93,1.0,25
1858,0,0,367,590,-223,0.0,22
1858,1,1,635,451,184,1.0,22
1866,0,0,380,513,-133,0.0,20
1866,1,1,516,504,12,1.0,20
1874,0,0,529,348,181,1.0,23
1874,1,1,354,530,-176,0.0,24
1882,0,0,578,511,67,1.0,22
1882,1,1,468,664,-196,0.0,23
1890,0,0,482,456,26,1.0,26
1890,1,1,558,467,91,1.0,25
1898,0,0,554,383,171,1.0,24
1898,1,1,455,443,12,1.0,30
1906,0,0,455,418,37,1.0,27
1906,1,1,357,539,-182,0.0,23
1914,0,0,475,457,18,1.0,28
1914,1,1,434,419,15,1.0,27
1922,0,0,467,442,25,1.0,20
1922,1,1,531,554,-23,0.0,23
1930,0,0,532,443,89,1.0,22
1930,1,1,529,534,-5,0.0,25
1938,0,0,468,377,91,1.0,37
1938,1,1,406,552,-146,0.0,30
1946,0,0,510,381,129,1.0,23
1946,1,1,367,515,-148,0.0,21
1954,0,0,434,551,-117,0.0,25
1954,1,1,451,530,-79,0.0,26
1962,0,0,426,503,-77,0.0,26
1962,1,1,513,408,105,1.0,22
1970,0,0,562,404,158,1.0,28
1970,1,1,464,484,-20,0.0,27
1978,0,0,439,517,-78,0.0,24
1978,1,1,494,370,124,1.0,27
1986,0,0,497,481,16,1.0,23
1986,1,1,475,498,-23,0.0,21
1994,0,0,523,406,117,1.0,26
1994,1,1,355,488,-133,0.0,23
pair,game,a_seat,a_score,b_score,a_spread,a_win,turns
3,0,0,370,582,-212,0.0,29
3,1,1,609,421,188,1.0,27
11,0,0,492,442,50,1.0,24
11,1,1,489,477,12,1.0,29
19,0,0,473,517,-44,0.0,21
19,1,1,426,551,-125,0.0,24
27,0,0,472,353,119,1.0,26
27,1,1,501,464,37,1.0,25
35,0,0,541,477,64,1.0,23
35,1,1,483,473,10,1.0,24
43,0,0,551,462,89,1.0,30
43,1,1,410,546,-136,0.0,24
51,0,0,546,465,81,1.0,22
51,1,1,412,552,-140,0.0,30
59,0,0,442,519,-77,0.0,24
59,1,1,536,473,63,1.0,27
67,0,0,537,555,-18,0.0,26
67,1,1,407,640,-233,0.0,26
75,0,0,462,483,-21,0.0,24
75,1,1,553,367,186,1.0,25
83,0,0,576,387,189,1.0,27
83,1,1,335,510,-175,0.0,33
91,0,0,585,412,173,1.0,26
91,1,1,386,455,-69,0.0,24
99,0,0,402,484,-82,0.0,24
99,1,1,428,377,51,1.0,22
107,0,0,481,512,-31,0.0,21
107,1,1,424,536,-112,0.0,24
115,0,0,460,543,-83,0.0,21
115,1,1,410,526,-116,0.0,22
123,0,0,481,398,83,1.0,25
123,1,1,448,508,-60,0.0,24
131,0,0,518,504,14,1.0,22
131,1,1,460,478,-18,0.0,26
139,0,0,342,563,-221,0.0,29
139,1,1,509,477,32,1.0,27
147,0,0,437,474,-37,0.0,26
147,1,1,431,417,14,1.0,25
155,0,0,434,564,-130,0.0,27
155,1,1,465,414,51,1.0,28
163,0,0,505,406,99,1.0,27
163,1,1,504,437,67,1.0,21
171,0,0,479,420,59,1.0,21
171,1,1,467,479,-12,0.0,19
179,0,0,382,579,-197,0.0,28
179,1,1,396,504,-108,0.0,25
187,0,0,378,478,-100,0.0,28
187,1,1,548,434,114,1.0,29
195,0,0,509,459,50,1.0,24
195,1,1,486,442,44,1.0,23
203,0,0,409,413,-4,0.0,22
203,1,1,497,464,33,1.0,24
211,0,0,300,505,-205,0.0,25
211,1,1,473,538,-65,0.0,30
219,0,0,373,495,-122,0.0,23
219,1,1,511,427,84,1.0,26
227,0,0,493,485,8,1.0,26
227,1,1,465,452,13,1.0,23
235,0,0,387,559,-172,0.0,28
235,1,1,445,456,-11,0.0,26
243,0,0,482,478,4,1.0,22
243,1,1,513,502,11,1.0,21
251,0,0,407,566,-159,0.0,30
251,1,1,481,511,-30,0.0,26
259,0,0,448,444,4,1.0,24
259,1,1,493,536,-43,0.0,27
267,0,0,518,449,69,1.0,24
267,1,1,513,498,15,1.0,20
275,0,0,521,369,152,1.0,23
275,1,1,453,444,9,1.0,24
283,0,0,538,414,124,1.0,22
283,1,1,438,573,-135,0.0,25
291,0,0,508,419,89,1.0,28
291,1,1,436,383,53,1.0,34
299,0,0,475,539,-64,0.0,25
299,1,1,496,417,79,1.0,22
307,0,0,553,404,149,1.0,24
307,1,1,509,532,-23,0.0,27
315,0,0,484,382,102,1.0,27
315,1,1,463,412,51,1.0,25
323,0,0,487,454,33,1.0,21
323,1,1,441,535,-94,0.0,22
331,0,0,472,460,12,1.0,27
331,1,1,549,425,124,1.0,21
339,0,0,420,304,116,1.0,32
339,1,1,346,494,-148,0.0,36
347,0,0,461,368,93,1.0,26
347,1,1,446,475,-29,0.0,25
355,0,0,539,474,65,1.0,24
355,1,1,437,459,-22,0.0,23
363,0,0,465,513,-48,0.0,21
363,1,1,460,406,54,1.0,24
371,0,0,412,463,-51,0.0,26
371,1,1,555,433,122,1.0,23
379,0,0,451,471,-20,0.0,27
379,1,1,463,527,-64,0.0,26
387,0,0,534,542,-8,0.0,20
387,1,1,526,441,85,1.0,24
395,0,0,372,446,-74,0.0,30
395,1,1,452,361,91,1.0,27
403,0,0,437,495,-58,0.0,30
403,1,1,532,338,194,1.0,23
411,0,0,455,539,-84,0.0,24
411,1,1,526,439,87,1.0,24
419,0,0,450,460,-10,0.0,26
419,1,1,495,460,35,1.0,26
427,0,0,420,578,-158,0.0,23
427,1,1,529,336,193,1.0,28
435,0,0,347,561,-214,0.0,23
435,1,1,491,345,146,1.0,28
443,0,0,407,422,-15,0.0,26
443,1,1,563,425,138,1.0,25
451,0,0,407,522,-115,0.0,25
451,1,1,664,478,186,1.0,23
459,0,0,468,480,-12,0.0,21
459,1,1,649,468,181,1.0,24
467,0,0,538,463,75,1.0,24
467,1,1,330,531,-201,0.0,26
475,0,0,498,410,88,1.0,31
475,1,1,372,515,-143,0.0,23
483,0,0,537,446,91,1.0,23
483,1,1,371,588,-217,0.0,24
491,0,0,470,401,69,1.0,25
491,1,1,457,399,58,1.0,25
499,0,0,441,397,44,1.0,23
499,1,1,472,397,75,1.0,26
507,0,0,468,467,1,1.0,26
507,1,1,450,436,14,1.0,21
515,0,0,548,412,136,1.0,20
515,1,1,463,452,11,1.0,25
523,0,0,409,422,-13,0.0,25
523,1,1,402,375,27,1.0,27
531,0,0,448,411,37,1.0,25
531,1,1,459,431,28,1.0,24
539,0,0,445,478,-33,0.0,21
539,1,1,504,488,16,1.0,20
547,0,0,509,461,48,1.0,25
547,1,1,520,506,14,1.0,22
555,0,0,468,481,-13,0.0,22
555,1,1,429,458,-29,0.0,22
563,0,0,455,399,56,1.0,24
563,1,1,453,454,-1,0.0,25
571,0,0,492,542,-50,0.0,19
571,1,1,463,597,-134,0.0,25
579,0,0,455,425,30,1.0,26
579,1,1,520,388,132,1.0,29
587,0,0,372,572,-200,0.0,23
587,1,1,601,419,182,1.0,23
595,0,0,395,567,-172,0.0,23
595,1,1,499,360,139,1.0,27
603,0,0,437,393,44,1.0,28
603,1,1,456,443,13,1.0,27
611,0,0,487,387,100,1.0,32
611,1,1,312,531,-219,0.0,26
619,0,0,496,476,20,1.0,22
619,1,1,473,438,35,1.0,23
627,0,0,368,450,-82,0.0,27
627,1,1,488,418,70,1.0,32
635,0,0,412,565,-153,0.0,22
635,1,1,492,509,-17,0.0,22
643,0,0,423,445,-22,0.0,21
643,1,1,506,499,7,1.0,23
651,0,0,519,528,-9,0.0,22
651,1,1,559,435,124,1.0,24
659,0,0,550,366,184,1.0,27
659,1,1,629,448,181,1.0,25
667,0,0,521,461,60,1.0,21
667,1,1,593,467,126,1.0,22
675,0,0,363,444,-81,0.0,27
675,1,1,466,437,29,1.0,21
683,0,0,405,468,-63,0.0,29
683,1,1,578,426,152,1.0,25
691,0,0,519,540,-21,0.0,25
691,1,1,393,445,-52,0.0,22
699,0,0,477,466,11,1.0,23
699,1,1,393,542,-149,0.0,22
707,0,0,586,343,243,1.0,20
707,1,1,454,502,-48,0.0,20
715,0,0,420,610,-190,0.0,24
715,1,1,595,434,161,1.0,24
723,0,0,445,577,-132,0.0,26
723,1,1,597,420,177,1.0,22
731,0,0,535,352,183,1.0,24
731,1,1,472,399,73,1.0,21
739,0,0,482,350,132,1.0,30
739,1,1,418,533,-115,0.0,28
747,0,0,490,421,69,1.0,29
747,1,1,499,408,91,1.0,21
755,0,0,432,475,-43,0.0,20
755,1,1,509,412,97,1.0,25
763,0,0,341,450,-109,0.0,31
763,1,1,383,438,-55,0.0,32
771,0,0,479,410,69,1.0,21
771,1,1,474,456,18,1.0,24
779,0,0,423,480,-57,0.0,23
779,1,1,454,413,41,1.0,30
787,0,0,421,499,-78,0.0,23
787,1,1,522,520,2,1.0,21
795,0,0,518,510,8,1.0,25
795,1,1,549,486,63,1.0,21
803,0,0,401,399,2,1.0,27
803,1,1,475,532,-57,0.0,25
811,0,0,459,467,-8,0.0,26
811,1,1,491,394,97,1.0,25
819,0,0,516,427,89,1.0,26
819,1,1,425,359,66,1.0,35
827,0,0,533,286,247,1.0,27
827,1,1,515,460,55,1.0,26
835,0,0,379,620,-241,0.0,25
835,1,1,494,337,157,1.0,23
843,0,0,442,542,-100,0.0,25
843,1,1,473,461,12,1.0,27
851,0,0,432,536,-104,0.0,22
851,1,1,506,328,178,1.0,35
859,0,0,461,475,-14,0.0,31
859,1,1,406,512,-106,0.0,24
867,0,0,400,610,-210,0.0,23
867,1,1,562,404,158,1.0,23
875,0,0,361,473,-112,0.0,26
875,1,1,375,428,-53,0.0,24
883,0,0,521,368,153,1.0,28
883,1,1,374,418,-44,0.0,26
891,0,0,444,497,-53,0.0,23
891,1,1,377,455,-78,0.0,30
899,0,0,427,590,-163,0.0,23
899,1,1,564,380,184,1.0,24
907,0,0,395,514,-119,0.0,23
907,1,1,417,476,-59,0.0,24
915,0,0,558,401,157,1.0,24
915,1,1,382,561,-179,0.0,25
923,0,0,512,558,-46,0.0,24
923,1,1,462,415,47,1.0,30
931,0,0,514,427,87,1.0,32
931,1,1,451,485,-34,0.0,22
939,0,0,476,480,-4,0.0,23
939,1,1,389,510,-121,0.0,25
947,0,0,567,426,141,1.0,24
947,1,1,401,455,-54,0.0,32
955,0,0,654,489,165,1.0,24
955,1,1,387,532,-145,0.0,24
963,0,0,425,508,-83,0.0,23
963,1,1,504,478,26,1.0,22
971,0,0,468,502,-34,0.0,25
971,1,1,532,488,44,1.0,22
979,0,0,470,407,63,1.0,31
979,1,1,530,537,-7,0.0,23
987,0,0,386,577,-191,0.0,24
987,1,1,574,304,270,1.0,24
995,0,0,426,396,30,1.0,33
995,1,1,369,455,-86,0.0,27
1003,0,0,476,431,45,1.0,22
1003,1,1,527,425,102,1.0,28
1011,0,0,581,411,170,1.0,22
1011,1,1,569,379,190,1.0,22
1019,0,0,486,366,120,1.0,28
1019,1,1,460,429,31,1.0,23
1027,0,0,489,455,34,1.0,23
1027,1,1,503,411,92,1.0,22
1035,0,0,389,513,-124,0.0,39
1035,1,1,457,450,7,1.0,23
1043,0,0,405,468,-63,0.0,23
1043,1,1,442,434,8,1.0,25
1051,0,0,489,414,75,1.0,27
1051,1,1,490,502,-12,0.0,27
1059,0,0,508,550,-42,0.0,22
1059,1,1,516,540,-24,0.0,25
1067,0,0,379,542,-163,0.0,34
1067,1,1,622,290,332,1.0,25
1075,0,0,396,389,7,1.0,28
1075,1,1,460,480,-20,0.0,26
1083,0,0,454,465,-11,0.0,23
1083,1,1,450,503,-53,0.0,24
1091,0,0,489,549,-60,0.0,24
1091,1,1,536,420,116,1.0,22
1099,0,0,438,493,-55,0.0,23
1099,1,1,526,488,38,1.0,23
1107,0,0,402,469,-67,0.0,22
1107,1,1,510,479,31,1.0,23
1115,0,0,476,474,2,1.0,29
1115,1,1,578,446,132,1.0,27
1123,0,0,599,409,190,1.0,21
1123,1,1,375,558,-183,0.0,23
1131,0,0,502,514,-12,0.0,24
1131,1,1,570,501,69,1.0,27
1139,0,0,401,614,-213,0.0,22
1139,1,1,508,430,78,1.0,29
1147,0,0,500,504,-4,0.0,24
1147,1,1,368,533,-165,0.0,22
1155,0,0,405,502,-97,0.0,25
1155,1,1,420,537,-117,0.0,22
1163,0,0,437,403,34,1.0,22
1163,1,1,423,440,-17,0.0,25
1171,0,0,460,397,63,1.0,29
1171,1,1,490,387,103,1.0,29
1179,0,0,540,415,125,1.0,25
1179,1,1,382,445,-63,0.0,26
1187,0,0,481,466,15,1.0,24
1187,1,1,495,399,96,1.0,29
1195,0,0,498,407,91,1.0,26
1195,1,1,446,445,1,1.0,24
1203,0,0,491,506,-15,0.0,25
1203,1,1,486,475,11,1.0,22
1211,0,0,528,420,108,1.0,24
1211,1,1,442,539,-97,0.0,24
1219,0,0,402,702,-300,0.0,25
1219,1,1,560,383,177,1.0,24
1227,0,0,489,412,77,1.0,21
1227,1,1,562,492,70,1.0,21
1235,0,0,470,283,187,1.0,33
1235,1,1,475,441,34,1.0,27
1243,0,0,440,422,18,1.0,27
1243,1,1,533,427,106,1.0,27
1251,0,0,449,491,-42,0.0,22
1251,1,1,572,398,174,1.0,26
1259,0,0,403,555,-152,0.0,22
1259,1,1,531,430,101,1.0,21
1267,0,0,474,422,52,1.0,27
1267,1,1,378,420,-42,0.0,32
1275,0,0,428,502,-74,0.0,27
1275,1,1,543,377,166,1.0,25
1283,0,0,397,463,-66,0.0,25
1283,1,1,430,404,26,1.0,24
1291,0,0,475,563,-88,0.0,23
1291,1,1,497,434,63,1.0,24
1299,0,0,509,484,25,1.0,24
1299,1,1,477,502,-25,0.0,23
1307,0,0,417,636,-219,0.0,22
1307,1,1,526,425,101,1.0,25
1315,0,0,381,408,-27,0.0,29
1315,1,1,600,447,153,1.0,23
1323,0,0,456,535,-79,0.0,23
1323,1,1,553,624,-71,0.0,28
1331,0,0,503,502,1,1.0,24
1331,1,1,472,498,-26,0.0,21
1339,0,0,395,528,-133,0.0,25
1339,1,1,517,424,93,1.0,23
1347,0,0,374,542,-168,0.0,27
1347,1,1,443,422,21,1.0,26
1355,0,0,408,504,-96,0.0,25
1355,1,1,455,426,29,1.0,26
1363,0,0,487,491,-4,0.0,22
1363,1,1,493,485,8,1.0,23
1371,0,0,423,448,-25,0.0,25
1371,1,1,479,400,79,1.0,24
1379,0,0,488,436,52,1.0,25
1379,1,1,362,532,-170,0.0,30
1387,0,0,411,438,-27,0.0,31
1387,1,1,424,380,44,1.0,29
1395,0,0,441,486,-45,0.0,22
1395,1,1,510,404,106,1.0,21
1403,0,0,457,502,-45,0.0,25
1403,1,1,465,440,25,1.0,27
1411,0,0,426,469,-43,0.0,27
1411,1,1,369,537,-168,0.0,24
1419,0,0,477,490,-13,0.0,26
1419,1,1,408,609,-201,0.0,23
1427,0,0,484,465,19,1.0,24
1427,1,1,523,462,61,1.0,24
1435,0,0,379,611,-232,0.0,24
1435,1,1,490,558,-68,0.0,24
1443,0,0,461,522,-61,0.0,27
1443,1,1,604,443,161,1.0,23
1451,0,0,512,350,162,1.0,26
1451,1,1,373,495,-122,0.0,24
1459,0,0,547,406,141,1.0,21
1459,1,1,443,505,-62,0.0,24
1467,0,0,357,598,-241,0.0,25
1467,1,1,575,480,95,1.0,25
1475,0,0,378,525,-147,0.0,20
1475,1,1,630,389,241,1.0,26
1483,0,0,397,539,-142,0.0,23
1483,1,1,538,543,-5,0.0,23
1491,0,0,448,526,-78,0.0,23
1491,1,1,500,414,86,1.0,24
1499,0,0,525,558,-33,0.0,27
1499,1,1,459,438,21,1.0,20
1507,0,0,422,601,-179,0.0,22
1507,1,1,634,379,255,1.0,23
1515,0,0,442,465,-23,0.0,26
1515,1,1,440,543,-103,0.0,21
1523,0,0,581,401,180,1.0,23
1523,1,1,440,472,-32,0.0,19
1531,0,0,405,605,-200,0.0,21
1531,1,1,465,393,72,1.0,24
1539,0,0,445,594,-149,0.0,27
1539,1,1,433,399,34,1.0,26
1547,0,0,455,481,-26,0.0,20
1547,1,1,555,409,146,1.0,21
1555,0,0,446,304,142,1.0,40
1555,1,1,384,428,-44,0.0,25
1563,0,0,429,413,16,1.0,21
1563,1,1,518,425,93,1.0,21
1571,0,0,405,370,35,1.0,28
1571,1,1,359,380,-21,0.0,34
1579,0,0,488,471,17,1.0,27
1579,1,1,440,537,-97,0.0,26
1587,0,0,483,443,40,1.0,27
1587,1,1,409,578,-169,0.0,26
1595,0,0,261,536,-275,0.0,29
1595,1,1,558,419,139,1.0,23
1603,0,0,504,443,61,1.0,25
1603,1,1,472,541,-69,0.0,25
1611,0,0,484,547,-63,0.0,24
1611,1,1,402,386,16,1.0,24
1619,0,0,482,530,-48,0.0,23
1619,1,1,427,464,-37,0.0,29
1627,0,0,506,453,53,1.0,24
1627,1,1,413,606,-193,0.0,27
1635,0,0,394,452,-58,0.0,21
1635,1,1,460,407,53,1.0,25
1643,0,0,383,502,-119,0.0,24
1643,1,1,482,512,-30,0.0,24
1651,0,0,403,503,-100,0.0,26
1651,1,1,489,387,102,1.0,28
1659,0,0,425,497,-72,0.0,27
1659,1,1,595,466,129,1.0,21
1667,0,0,511,536,-25,0.0,22
1667,1,1,526,507,19,1.0,22
1675,0,0,473,493,-20,0.0,25
1675,1,1,429,399,30,1.0,26
1683,0,0,606,480,126,1.0,22
1683,1,1,514,403,111,1.0,21
1691,0,0,381,493,-112,0.0,26
1691,1,1,500,326,174,1.0,25
1699,0,0,594,479,115,1.0,22
1699,1,1,490,466,24,1.0,27
1707,0,0,433,391,42,1.0,34
1707,1,1,366,580,-214,0.0,22
1715,0,0,425,372,53,1.0,29
1715,1,1,446,421,25,1.0,28
1723,0,0,457,452,5,1.0,27
1723,1,1,362,461,-99,0.0,26
1731,0,0,634,468,166,1.0,23
1731,1,1,432,608,-176,0.0,25
1739,0,0,418,587,-169,0.0,23
1739,1,1,503,351,152,1.0,22
1747,0,0,571,346,225,1.0,26
1747,1,1,374,504,-130,0.0,23
1755,0,0,503,471,32,1.0,22
1755,1,1,439,513,-74,0.0,24
1763,0,0,546,473,73,1.0,29
1763,1,1,450,464,-14,0.0,24
1771,0,0,489,494,-5,0.0,27
1771,1,1,426,425,1,1.0,24
1779,0,0,327,541,-214,0.0,21
1779,1,1,459,470,-11,0.0,29
1787,0,0,557,505,52,1.0,25
1787,1,1,402,505,-103,0.0,25
1795,0,0,468,474,-6,0.0,22
1795,1,1,486,499,-13,0.0,27
1803,0,0,531,470,61,1.0,25
1803,1,1,515,476,39,1.0,22
1811,0,0,411,469,-58,0.0,25
1811,1,1,510,493,17,1.0,27
1819,0,0,494,435,59,1.0,25
1819,1,1,499,433,66,1.0,27
1827,0,0,399,447,-48,0.0,26
1827,1,1,557,391,166,1.0,23
1835,0,0,473,550,-77,0.0,24
1835,1,1,506,431,75,1.0,33
1843,0,0,581,377,204,1.0,30
1843,1,1,393,602,-209,0.0,23
1851,0,0,405,360,45,1.0,25
1851,1,1,488,602,-114,0.0,30
1859,0,0,615,418,197,1.0,23
1859,1,1,357,537,-180,0.0,23
1867,0,0,557,352,205,1.0,24
1867,1,1,302,634,-332,0.0,20
1875,0,0,413,470,-57,0.0,29
1875,1,1,485,464,21,1.0,34
1883,0,0,460,445,15,1.0,30
1883,1,1,375,553,-178,0.0,26
1891,0,0,386,468,-82,0.0,21
1891,1,1,422,435,-13,0.0,26
1899,0,0,598,535,63,1.0,23
1899,1,1,490,585,-95,0.0,22
1907,0,0,551,481,70,1.0,25
1907,1,1,517,431,86,1.0,24
1915,0,0,518,551,-33,0.0,20
1915,1,1,515,458,57,1.0,22
1923,0,0,507,475,32,1.0,22
1923,1,1,499,539,-40,0.0,18
1931,0,0,484,480,4,1.0,24
1931,1,1,476,537,-61,0.0,24
1939,0,0,489,521,-32,0.0,23
1939,1,1,560,445,115,1.0,24
1947,0,0,410,500,-90,0.0,23
1947,1,1,624,389,235,1.0,22
1955,0,0,517,496,21,1.0,23
1955,1,1,515,447,68,1.0,28
1963,0,0,539,401,138,1.0,23
1963,1,1,438,553,-115,0.0,25
1971,0,0,557,468,89,1.0,28
1971,1,1,455,468,-13,0.0,27
1979,0,0,506,396,110,1.0,30
1979,1,1,572,497,75,1.0,27
1987,0,0,606,323,283,1.0,26
1987,1,1,565,504,61,1.0,21
1995,0,0,390,393,-3,0.0,34
1995,1,1,450,412,38,1.0,26
pair,game,a_seat,a_score,b_score,a_spread,a_win,turns
4,0,0,475,634,-159,0.0,23
4,1,1,503,621,-118,0.0,24
12,0,0,641,411,230,1.0,29
12,1,1,455,535,-80,0.0,28
20,0,0,449,548,-99,0.0,23
20,1,1,454,437,17,1.0,23
28,0,0,449,436,13,1.0,33
28,1,1,411,498,-87,0.0,21
36,0,0,484,585,-101,0.0,23
36,1,1,456,466,-10,0.0,23
44,0,0,583,352,231,1.0,25
44,1,1,348,539,-191,0.0,28
52,0,0,641,520,121,1.0,21
52,1,1,458,467,-9,0.0,26
60,0,0,405,430,-25,0.0,27
60,1,1,455,432,23,1.0,23
68,0,0,518,472,46,1.0,24
68,1,1,545,383,162,1.0,23
76,0,0,411,526,-115,0.0,24
76,1,1,587,462,125,1.0,26
84,0,0,505,426,79,1.0,24
84,1,1,338,452,-114,0.0,28
92,0,0,486,459,27,1.0,20
92,1,1,406,500,-94,0.0,29
100,0,0,488,439,49,1.0,24
100,1,1,423,457,-34,0.0,25
108,0,0,487,475,12,1.0,23
108,1,1,542,442,100,1.0,23
116,0,0,472,538,-66,0.0,25
116,1,1,565,493,72,1.0,20
124,0,0,399,443,-44,0.0,34
124,1,1,533,490,43,1.0,23
132,0,0,529,307,222,1.0,25
132,1,1,395,545,-150,0.0,26
140,0,0,456,470,-14,0.0,26
140,1,1,456,546,-90,0.0,21
148,0,0,418,503,-85,0.0,23
148,1,1,450,481,-31,0.0,22
156,0,0,505,406,99,1.0,22
156,1,1,422,475,-53,0.0,30
164,0,0,485,377,108,1.0,25
164,1,1,375,612,-237,0.0,26
172,0,0,358,525,-167,0.0,25
172,1,1,446,436,10,1.0,26
180,0,0,574,363,211,1.0,23
180,1,1,479,487,-8,0.0,27
188,0,0,571,460,111,1.0,25
188,1,1,500,536,-36,0.0,25
196,0,0,482,457,25,1.0,24
196,1,1,419,426,-7,0.0,24
204,0,0,394,456,-62,0.0,26
204,1,1,508,486,22,1.0,22
212,0,0,509,345,164,1.0,25
212,1,1,425,408,17,1.0,24
220,0,0,442,458,-16,0.0,22
220,1,1,479,453,26,1.0,23
228,0,0,534,388,146,1.0,31
228,1,1,563,489,74,1.0,25
236,0,0,429,514,-85,0.0,23
236,1,1,597,564,33,1.0,22
244,0,0,397,439,-42,0.0,25
244,1,1,452,418,34,1.0,23
252,0,0,371,503,-132,0.0,22
252,1,1,464,487,-23,0.0,27
260,0,0,493,438,55,1.0,24
260,1,1,430,376,54,1.0,27
268,0,0,475,402,73,1.0,27
268,1,1,407,558,-151,0.0,29
276,0,0,375,497,-122,0.0,24
276,1,1,555,441,114,1.0,22
284,0,0,383,499,-116,0.0,26
284,1,1,449,349,100,1.0,24
292,0,0,362,456,-94,0.0,24
292,1,1,471,389,82,1.0,21
300,0,0,486,481,5,1.0,22
300,1,1,522,551,-29,0.0,20
308,0,0,503,527,-24,0.0,21
308,1,1,422,569,-147,0.0,23
316,0,0,557,520,37,1.0,24
316,1,1,526,489,37,1.0,25
324,0,0,440,489,-49,0.0,23
324,1,1,526,425,101,1.0,22
332,0,0,464,440,24,1.0,25
332,1,1,468,497,-29,0.0,22
340,0,0,518,447,71,1.0,23
340,1,1,554,418,136,1.0,22
348,0,0,505,485,20,1.0,23
348,1,1,663,433,230,1.0,20
356,0,0,439,456,-17,0.0,27
356,1,1,401,509,-108,0.0,21
364,0,0,489,507,-18,0.0,24
364,1,1,495,466,29,1.0,21
372,0,0,421,425,-4,0.0,24
372,1,1,501,474,27,1.0,23
380,0,0,554,384,170,1.0,26
380,1,1,517,460,57,1.0,20
388,0,0,502,453,49,1.0,23
388,1,1,434,577,-143,0.0,22
396,0,0,401,477,-76,0.0,26
396,1,1,491,459,32,1.0,25
404,0,0,375,559,-184,0.0,20
404,1,1,543,470,73,1.0,21
412,0,0,515,420,95,1.0,23
412,1,1,439,535,-96,0.0,25
420,0,0,518,410,108,1.0,28
420,1,1,414,613,-199,0.0,28
428,0,0,504,448,56,1.0,32
428,1,1,367,552,-185,0.0,20
436,0,0,419,436,-17,0.0,30
436,1,1,511,426,85,1.0,29
444,0,0,423,460,-37,0.0,25
444,1,1,412,412,0,0.5,27
452,0,0,500,474,26,1.0,25
452,1,1,442,517,-75,0.0,22
460,0,0,539,523,16,1.0,21
460,1,1,554,561,-7,0.0,25
468,0,0,534,391,143,1.0,27
468,1,1,367,587,-220,0.0,27
476,0,0,535,532,3,1.0,28
476,1,1,412,455,-43,0.0,24
484,0,0,526,431,95,1.0,24
484,1,1,527,451,76,1.0,24
492,0,0,534,452,82,1.0,23
492,1,1,533,492,41,1.0,24
500,0,0,496,414,82,1.0,26
500,1,1,480,419,61,1.0,25
508,0,0,420,463,-43,0.0,24
508,1,1,519,484,35,1.0,26
516,0,0,528,440,88,1.0,20
516,1,1,435,518,-83,0.0,21
524,0,0,467,516,-49,0.0,24
524,1,1,585,365,220,1.0,30
532,0,0,518,463,55,1.0,24
532,1,1,468,475,-7,0.0,26
540,0,0,604,437,167,1.0,24
540,1,1,465,578,-113,0.0,21
548,0,0,473,388,85,1.0,24
548,1,1,347,465,-118,0.0,23
556,0,0,329,491,-162,0.0,30
556,1,1,444,530,-86,0.0,29
564,0,0,567,457,110,1.0,25
564,1,1,423,543,-120,0.0,23
572,0,0,518,510,8,1.0,26
572,1,1,425,559,-134,0.0,24
580,0,0,488,528,-40,0.0,26
580,1,1,524,416,108,1.0,23
588,0,0,499,452,47,1.0,21
588,1,1,436,614,-178,0.0,27
596,0,0,540,418,122,1.0,24
596,1,1,414,503,-89,0.0,22
604,0,0,515,561,-46,0.0,22
604,1,1,490,522,-32,0.0,22
612,0,0,493,475,18,1.0,25
612,1,1,389,518,-129,0.0,28
620,0,0,576,489,87,1.0,21
620,1,1,528,466,62,1.0,24
628,0,0,561,445,116,1.0,26
628,1,1,494,506,-12,0.0,22
636,0,0,434,475,-41,0.0,26
636,1,1,527,421,106,1.0,23
644,0,0,517,432,85,1.0,23
644,1,1,379,461,-82,0.0,23
652,0,0,659,361,298,1.0,23
652,1,1,381,648,-267,0.0,28
660,0,0,483,400,83,1.0,22
660,1,1,481,426,55,1.0,24
668,0,0,555,513,42,1.0,25
668,1,1,525,510,15,1.0,27
676,0,0,440,506,-66,0.0,25
676,1,1,505,310,195,1.0,28
684,0,0,448,559,-111,0.0,20
684,1,1,504,522,-18,0.0,22
692,0,0,575,510,65,1.0,25
692,1,1,505,483,22,1.0,22
700,0,0,497,370,127,1.0,22
700,1,1,414,401,13,1.0,29
708,0,0,330,467,-137,0.0,30
708,1,1,501,444,57,1.0,25
716,0,0,574,494,80,1.0,21
716,1,1,486,588,-102,0.0,22
724,0,0,449,538,-89,0.0,23
724,1,1,469,404,65,1.0,29
732,0,0,452,437,15,1.0,28
732,1,1,508,465,43,1.0,30
740,0,0,303,602,-299,0.0,24
740,1,1,368,382,-14,0.0,29
748,0,0,432,485,-53,0.0,25
748,1,1,517,420,97,1.0,27
756,0,0,479,473,6,1.0,22
756,1,1,435,399,36,1.0,26
764,0,0,547,458,89,1.0,22
764,1,1,397,677,-280,0.0,22
772,0,0,374,463,-89,0.0,25
772,1,1,557,378,179,1.0,24
780,0,0,466,423,43,1.0,29
780,1,1,365,427,-62,0.0,25
788,0,0,439,397,42,1.0,27
788,1,1,517,458,59,1.0,33
796,0,0,494,440,54,1.0,24
796,1,1,489,392,97,1.0,24
804,0,0,494,396,98,1.0,26
804,1,1,414,540,-126,0.0,23
812,0,0,489,466,23,1.0,27
812,1,1,356,534,-178,0.0,24
820,0,0,454,401,53,1.0,21
820,1,1,421,455,-34,0.0,21
828,0,0,507,340,167,1.0,26
828,1,1,422,500,-78,0.0,26
836,0,0,574,429,145,1.0,24
836,1,1,408,552,-144,0.0,26
844,0,0,461,415,46,1.0,28
844,1,1,359,509,-150,0.0,32
852,0,0,586,499,87,1.0,20
852,1,1,464,590,-126,0.0,25
860,0,0,578,512,66,1.0,27
860,1,1,485,407,78,1.0,22
868,0,0,518,474,44,1.0,20
868,1,1,459,512,-53,0.0,23
876,0,0,450,496,-46,0.0,29
876,1,1,536,583,-47,0.0,22
884,0,0,500,533,-33,0.0,26
884,1,1,528,560,-32,0.0,24
892,0,0,292,493,-201,0.0,29
892,1,1,470,386,84,1.0,31
900,0,0,437,499,-62,0.0,25
900,1,1,485,456,29,1.0,22
908,0,0,382,495,-113,0.0,26
908,1,1,430,455,-25,0.0,24
916,0,0,463,449,14,1.0,26
916,1,1,459,481,-22,0.0,25
924,0,0,478,436,42,1.0,23
924,1,1,481,505,-24,0.0,23
932,0,0,609,382,227,1.0,27
932,1,1,318,646,-328,0.0,25
940,0,0,479,487,-8,0.0,24
940,1,1,403,528,-125,0.0,21
948,0,0,546,501,45,1.0,22
948,1,1,485,516,-31,0.0,21
956,0,0,524,474,50,1.0,24
956,1,1,367,479,-112,0.0,29
964,0,0,501,436,65,1.0,23
964,1,1,459,560,-101,0.0,26
972,0,0,430,446,-16,0.0,27
972,1,1,404,401,3,1.0,26
980,0,0,493,379,114,1.0,30
980,1,1,264,478,-214,0.0,33
988,0,0,519,481,38,1.0,29
988,1,1,584,409,175,1.0,30
996,0,0,505,468,37,1.0,26
996,1,1,557,414,143,1.0,24
1004,0,0,485,436,49,1.0,23
1004,1,1,442,641,-199,0.0,21
1012,0,0,523,473,50,1.0,26
1012,1,1,440,475,-35,0.0,26
1020,0,0,540,481,59,1.0,25
1020,1,1,396,555,-159,0.0,19
1028,0,0,482,491,-9,0.0,23
1028,1,1,456,474,-18,0.0,29
1036,0,0,588,399,189,1.0,21
1036,1,1,398,453,-55,0.0,24
1044,0,0,579,378,201,1.0,21
1044,1,1,395,474,-79,0.0,21
1052,0,0,459,432,27,1.0,24
1052,1,1,454,477,-23,0.0,23
1060,0,0,630,347,283,1.0,25
1060,1,1,508,385,123,1.0,22
1068,0,0,474,536,-62,0.0,23
1068,1,1,483,523,-40,0.0,22
1076,0,0,447,508,-61,0.0,24
1076,1,1,522,447,75,1.0,21
1084,0,0,485,530,-45,0.0,27
1084,1,1,457,458,-1,0.0,24
1092,0,0,646,396,250,1.0,24
1092,1,1,518,525,-7,0.0,25
1100,0,0,548,346,202,1.0,21
1100,1,1,432,577,-145,0.0,21
1108,0,0,441,379,62,1.0,30
1108,1,1,437,487,-50,0.0,27
1116,0,0,467,493,-26,0.0,25
1116,1,1,432,463,-31,0.0,28
1124,0,0,491,460,31,1.0,23
1124,1,1,308,454,-146,0.0,29
1132,0,0,511,546,-35,0.0,24
1132,1,1,508,409,99,1.0,23
1140,0,0,557,489,68,1.0,24
1140,1,1,532,443,89,1.0,23
1148,0,0,566,340,226,1.0,27
1148,1,1,267,605,-338,0.0,29
1156,0,0,426,657,-231,0.0,25
1156,1,1,620,456,164,1.0,23
1164,0,0,643,342,301,1.0,28
1164,1,1,526,460,66,1.0,29
1172,0,0,438,492,-54,0.0,24
1172,1,1,411,532,-121,0.0,22
1180,0,0,428,573,-145,0.0,26
1180,1,1,620,436,184,1.0,25
1188,0,0,458,551,-93,0.0,20
1188,1,1,552,444,108,1.0,23
1196,0,0,470,407,63,1.0,28
1196,1,1,499,516,-17,0.0,22
1204,0,0,526,512,14,1.0,20
1204,1,1,445,532,-87,0.0,20
1212,0,0,491,483,8,1.0,23
1212,1,1,497,468,29,1.0,23
1220,0,0,437,484,-47,0.0,24
1220,1,1,533,490,43,1.0,21
1228,0,0,403,443,-40,0.0,24
1228,1,1,545,481,64,1.0,26
1236,0,0,501,471,30,1.0,27
1236,1,1,406,528,-122,0.0,23
1244,0,0,451,433,18,1.0,31
1244,1,1,486,396,90,1.0,30
1252,0,0,627,338,289,1.0,23
1252,1,1,342,628,-286,0.0,23
1260,0,0,555,465,90,1.0,22
1260,1,1,446,592,-146,0.0,22
1268,0,0,505,485,20,1.0,22
1268,1,1,460,528,-68,0.0,23
1276,0,0,372,488,-116,0.0,28
1276,1,1,482,461,21,1.0,22
1284,0,0,420,362,58,1.0,31
1284,1,1,633,446,187,1.0,24
1292,0,0,521,369,152,1.0,26
1292,1,1,464,525,-61,0.0,24
1300,0,0,411,422,-11,0.0,28
1300,1,1,465,491,-26,0.0,27
1308,0,0,286,516,-230,0.0,27
1308,1,1,489,350,139,1.0,34
1316,0,0,559,527,32,1.0,24
1316,1,1,488,500,-12,0.0,26
1324,0,0,509,505,4,1.0,25
1324,1,1,479,469,10,1.0,24
1332,0,0,423,509,-86,0.0,30
1332,1,1,468,458,10,1.0,33
1340,0,0,452,392,60,1.0,26
1340,1,1,441,489,-48,0.0,29
1348,0,0,559,423,136,1.0,21
1348,1,1,435,546,-111,0.0,30
1356,0,0,411,379,32,1.0,26
1356,1,1,453,434,19,1.0,29
1364,0,0,528,486,42,1.0,24
1364,1,1,376,576,-200,0.0,24
1372,0,0,435,479,-44,0.0,24
1372,1,1,483,444,39,1.0,23
1380,0,0,521,341,180,1.0,28
1380,1,1,328,551,-223,0.0,29
1388,0,0,538,499,39,1.0,22
1388,1,1,510,489,21,1.0,22
1396,0,0,467,530,-63,0.0,23
1396,1,1,494,431,63,1.0,21
1404,0,0,472,407,65,1.0,23
1404,1,1,487,449,38,1.0,24
1412,0,0,418,485,-67,0.0,26
1412,1,1,516,462,54,1.0,24
1420,0,0,457,437,20,1.0,24
1420,1,1,399,474,-75,0.0,23
1428,0,0,416,474,-58,0.0,27
1428,1,1,512,435,77,1.0,24
1436,0,0,465,576,-111,0.0,23
1436,1,1,508,587,-79,0.0,22
1444,0,0,502,494,8,1.0,25
1444,1,1,471,465,6,1.0,21
1452,0,0,476,473,3,1.0,24
1452,1,1,551,383,168,1.0,24
1460,0,0,429,614,-185,0.0,25
1460,1,1,394,480,-86,0.0,28
1468,0,0,612,312,300,1.0,26
1468,1,1,484,535,-51,0.0,27
1476,0,0,443,427,16,1.0,30
1476,1,1,483,401,82,1.0,24
1484,0,0,554,312,242,1.0,33
1484,1,1,285,603,-318,0.0,22
1492,0,0,494,426,68,1.0,27
1492,1,1,426,436,-10,0.0,27
1500,0,0,385,534,-149,0.0,35
1500,1,1,391,505,-114,0.0,23
1508,0,0,418,489,-71,0.0,24
1508,1,1,400,441,-41,0.0,27
1516,0,0,524,473,51,1.0,24
1516,1,1,403,504,-101,0.0,26
1524,0,0,321,603,-282,0.0,26
1524,1,1,569,355,214,1.0,26
1532,0,0,526,394,132,1.0,25
1532,1,1,378,576,-198,0.0,23
1540,0,0,497,476,21,1.0,25
1540,1,1,428,563,-135,0.0,24
1548,0,0,517,434,83,1.0,31
1548,1,1,395,387,8,1.0,24
1556,0,0,467,472,-5,0.0,23
1556,1,1,541,465,76,1.0,25
1564,0,0,499,343,156,1.0,31
1564,1,1,424,476,-52,0.0,25
1572,0,0,504,461,43,1.0,22
1572,1,1,499,343,156,1.0,23
1580,0,0,493,492,1,1.0,27
1580,1,1,458,484,-26,0.0,26
1588,0,0,514,458,56,1.0,22
1588,1,1,412,483,-71,0.0,23
1596,0,0,409,524,-115,0.0,24
1596,1,1,557,462,95,1.0,24
1604,0,0,454,483,-29,0.0,26
1604,1,1,422,477,-55,0.0,26
1612,0,0,530,355,175,1.0,27
1612,1,1,495,577,-82,0.0,24
1620,0,0,488,514,-26,0.0,25
1620,1,1,487,506,-19,0.0,23
1628,0,0,432,494,-62,0.0,21
1628,1,1,491,402,89,1.0,27
1636,0,0,579,446,133,1.0,25
1636,1,1,515,534,-19,0.0,23
1644,0,0,421,386,35,1.0,26
1644,1,1,353,490,-137,0.0,23
1652,0,0,656,454,202,1.0,25
1652,1,1,464,430,34,1.0,30
1660,0,0,529,489,40,1.0,24
1660,1,1,526,386,140,1.0,27
1668,0,0,454,481,-27,0.0,26
1668,1,1,603,409,194,1.0,28
1676,0,0,447,485,-38,0.0,25
1676,1,1,473,515,-42,0.0,27
1684,0,0,509,494,15,1.0,20
1684,1,1,390,475,-85,0.0,22
1692,0,0,646,433,213,1.0,22
1692,1,1,408,590,-182,0.0,34
1700,0,0,558,435,123,1.0,30
1700,1,1,459,510,-51,0.0,26
1708,0,0,534,500,34,1.0,22
1708,1,1,449,430,19,1.0,27
1716,0,0,555,538,17,1.0,25
1716,1,1,581,422,159,1.0,29
1724,0,0,565,459,106,1.0,21
1724,1,1,478,421,57,1.0,28
1732,0,0,613,479,134,1.0,23
1732,1,1,430,618,-188,0.0,21
1740,0,0,360,558,-198,0.0,22
1740,1,1,401,473,-72,0.0,22
1748,0,0,355,401,-46,0.0,33
1748,1,1,388,518,-130,0.0,23
1756,0,0,602,433,169,1.0,20
1756,1,1,397,502,-105,0.0,27
1764,0,0,456,406,50,1.0,29
1764,1,1,621,373,248,1.0,22
1772,0,0,412,427,-15,0.0,29
1772,1,1,472,430,42,1.0,28
1780,0,0,395,540,-145,0.0,30
1780,1,1,463,472,-9,0.0,21
1788,0,0,487,500,-13,0.0,23
1788,1,1,670,469,201,1.0,20
1796,0,0,407,421,-14,0.0,26
1796,1,1,490,408,82,1.0,24
1804,0,0,568,469,99,1.0,21
1804,1,1,405,548,-143,0.0,21
1812,0,0,401,459,-58,0.0,24
1812,1,1,393,513,-120,0.0,23
1820,0,0,505,402,103,1.0,25
1820,1,1,377,522,-145,0.0,23
1828,0,0,374,481,-107,0.0,25
1828,1,1,507,292,215,1.0,32
1836,0,0,396,544,-148,0.0,24
1836,1,1,419,518,-99,0.0,26
1844,0,0,423,485,-62,0.0,24
1844,1,1,510,433,77,1.0,23
1852,0,0,432,391,41,1.0,31
1852,1,1,520,466,54,1.0,28
1860,0,0,527,354,173,1.0,23
1860,1,1,324,515,-191,0.0,24
1868,0,0,437,486,-49,0.0,26
1868,1,1,442,664,-222,0.0,21
1876,0,0,373,407,-34,0.0,35
1876,1,1,381,496,-115,0.0,24
1884,0,0,586,485,101,1.0,21
1884,1,1,494,640,-146,0.0,22
1892,0,0,534,501,33,1.0,23
1892,1,1,497,510,-13,0.0,21
1900,0,0,419,505,-86,0.0,23
1900,1,1,611,353,258,1.0,26
1908,0,0,405,402,3,1.0,31
1908,1,1,339,429,-90,0.0,33
1916,0,0,549,451,98,1.0,24
1916,1,1,382,521,-139,0.0,25
1924,0,0,445,512,-67,0.0,24
1924,1,1,477,480,-3,0.0,28
1932,0,0,512,477,35,1.0,23
1932,1,1,437,633,-196,0.0,21
1940,0,0,463,482,-19,0.0,20
1940,1,1,479,532,-53,0.0,19
1948,0,0,465,449,16,1.0,32
1948,1,1,473,572,-99,0.0,23
1956,0,0,385,543,-158,0.0,24
1956,1,1,505,506,-1,0.0,25
1964,0,0,492,551,-59,0.0,24
1964,1,1,457,535,-78,0.0,21
1972,0,0,434,548,-114,0.0,23
1972,1,1,523,419,104,1.0,23
1980,0,0,495,450,45,1.0,23
1980,1,1,533,443,90,1.0,25
1988,0,0,449,394,55,1.0,27
1988,1,1,368,600,-232,0.0,27
1996,0,0,490,479,11,1.0,25
1996,1,1,606,369,237,1.0,26
pair,game,a_seat,a_score,b_score,a_spread,a_win,turns
5,0,0,519,422,97,1.0,24
5,1,1,449,475,-26,0.0,23
13,0,0,418,547,-129,0.0,21
13,1,1,501,388,113,1.0,23
21,0,0,513,483,30,1.0,22
21,1,1,375,460,-85,0.0,23
29,0,0,410,503,-93,0.0,23
29,1,1,589,354,235,1.0,19
37,0,0,402,574,-172,0.0,26
37,1,1,580,394,186,1.0,25
45,0,0,546,359,187,1.0,27
45,1,1,449,612,-163,0.0,28
53,0,0,476,420,56,1.0,27
53,1,1,543,425,118,1.0,24
61,0,0,480,429,51,1.0,23
61,1,1,488,470,18,1.0,21
69,0,0,535,492,43,1.0,22
69,1,1,517,479,38,1.0,24
77,0,0,502,426,76,1.0,24
77,1,1,489,407,82,1.0,24
85,0,0,433,444,-11,0.0,27
85,1,1,463,471,-8,0.0,25
93,0,0,602,380,222,1.0,20
93,1,1,417,500,-83,0.0,27
101,0,0,516,345,171,1.0,24
101,1,1,274,536,-262,0.0,26
109,0,0,451,504,-53,0.0,25
109,1,1,452,457,-5,0.0,25
117,0,0,458,457,1,1.0,25
117,1,1,445,447,-2,0.0,23
125,0,0,457,414,43,1.0,24
125,1,1,535,500,35,1.0,21
133,0,0,497,469,28,1.0,20
133,1,1,652,493,159,1.0,24
141,0,0,473,448,25,1.0,28
141,1,1,505,250,255,1.0,33
149,0,0,476,427,49,1.0,24
149,1,1,487,490,-3,0.0,25
157,0,0,444,474,-30,0.0,25
157,1,1,445,479,-34,0.0,29
165,0,0,575,392,183,1.0,22
165,1,1,383,611,-228,0.0,26
173,0,0,597,473,124,1.0,24
173,1,1,354,563,-209,0.0,27
181,0,0,381,506,-125,0.0,27
181,1,1,426,427,-1,0.0,28
189,0,0,367,543,-176,0.0,23
189,1,1,548,391,157,1.0,19
197,0,0,552,445,107,1.0,25
197,1,1,556,454,102,1.0,25
205,0,0,381,471,-90,0.0,27
205,1,1,476,348,128,1.0,22
213,0,0,405,463,-58,0.0,26
213,1,1,482,410,72,1.0,29
221,0,0,543,459,84,1.0,23
221,1,1,422,541,-119,0.0,26
229,0,0,527,422,105,1.0,24
229,1,1,314,444,-130,0.0,24
237,0,0,473,484,-11,0.0,24
237,1,1,375,461,-86,0.0,24
245,0,0,439,498,-59,0.0,27
245,1,1,473,537,-64,0.0,22
253,0,0,515,461,54,1.0,24
253,1,1,436,417,19,1.0,24
261,0,0,575,430,145,1.0,25
261,1,1,411,470,-59,0.0,23
269,0,0,463,467,-4,0.0,27
269,1,1,454,490,-36,0.0,24
277,0,0,357,567,-210,0.0,21
277,1,1,525,431,94,1.0,21
285,0,0,509,435,74,1.0,24
285,1,1,523,496,27,1.0,26
293,0,0,601,457,144,1.0,22
293,1,1,450,618,-168,0.0,23
301,0,0,435,547,-112,0.0,22
301,1,1,600,356,244,1.0,29
309,0,0,565,476,89,1.0,24
309,1,1,443,465,-22,0.0,23
317,0,0,452,493,-41,0.0,23
317,1,1,501,461,40,1.0,24
325,0,0,592,409,183,1.0,23
325,1,1,528,514,14,1.0,20
333,0,0,403,431,-28,0.0,26
333,1,1,499,432,67,1.0,23
341,0,0,414,417,-3,0.0,26
341,1,1,412,480,-68,0.0,24
349,0,0,462,468,-6,0.0,26
349,1,1,507,510,-3,0.0,23
357,0,0,505,400,105,1.0,33
357,1,1,479,465,14,1.0,28
365,0,0,531,542,-11,0.0,23
365,1,1,514,507,7,1.0,25
373,0,0,720,269,451,1.0,27
373,1,1,281,790,-509,0.0,26
381,0,0,695,352,343,1.0,28
381,1,1,433,477,-44,0.0,29
389,0,0,356,507,-151,0.0,25
389,1,1,509,376,133,1.0,28
397,0,0,475,360,115,1.0,25
397,1,1,423,356,67,1.0,33
405,0,0,433,387,46,1.0,33
405,1,1,402,464,-62,0.0,32
413,0,0,498,341,157,1.0,40
413,1,1,349,505,-156,0.0,24
421,0,0,474,594,-120,0.0,27
421,1,1,490,429,61,1.0,28
429,0,0,427,500,-73,0.0,23
429,1,1,531,392,139,1.0,25
437,0,0,522,482,40,1.0,25
437,1,1,466,456,10,1.0,24
445,0,0,469,477,-8,0.0,24
445,1,1,494,436,58,1.0,24
453,0,0,410,408,2,1.0,25
453,1,1,477,356,121,1.0,29
461,0,0,380,542,-162,0.0,26
461,1,1,543,343,200,1.0,22
469,0,0,573,441,132,1.0,27
469,1,1,397,518,-121,0.0,26
477,0,0,481,539,-58,0.0,23
477,1,1,579,530,49,1.0,23
485,0,0,381,424,-43,0.0,24
485,1,1,568,425,143,1.0,25
493,0,0,504,532,-28,0.0,27
493,1,1,412,423,-11,0.0,29
501,0,0,514,487,27,1.0,26
501,1,1,480,499,-19,0.0,26
509,0,0,419,473,-54,0.0,25
509,1,1,541,389,152,1.0,26
517,0,0,406,538,-132,0.0,24
517,1,1,502,352,150,1.0,27
525,0,0,374,443,-69,0.0,25
525,1,1,627,519,108,1.0,25
533,0,0,246,533,-287,0.0,35
533,1,1,483,444,39,1.0,32
541,0,0,494,455,39,1.0,22
541,1,1,535,479,56,1.0,29
549,0,0,427,479,-52,0.0,26
549,1,1,419,394,25,1.0,24
557,0,0,486,449,37,1.0,26
557,1,1,531,419,112,1.0,24
565,0,0,502,361,141,1.0,22
565,1,1,488,591,-103,0.0,27
573,0,0,377,438,-61,0.0,27
573,1,1,552,421,131,1.0,27
581,0,0,494,556,-62,0.0,24
581,1,1,655,469,186,1.0,21
589,0,0,378,495,-117,0.0,28
589,1,1,513,389,124,1.0,21
597,0,0,452,488,-36,0.0,24
597,1,1,492,470,22,1.0,23
605,0,0,509,433,76,1.0,23
605,1,1,405,456,-51,0.0,25
613,0,0,459,593,-134,0.0,23
613,1,1,464,413,51,1.0,23
621,0,0,374,450,-76,0.0,26
621,1,1,524,432,92,1.0,26
629,0,0,424,501,-77,0.0,25
629,1,1,408,382,26,1.0,34
637,0,0,455,529,-74,0.0,23
637,1,1,490,405,85,1.0,25
645,0,0,430,432,-2,0.0,25
645,1,1,457,524,-67,0.0,22
653,0,0,427,471,-44,0.0,28
653,1,1,427,513,-86,0.0,23
661,0,0,369,418,-49,0.0,29
661,1,1,443,349,94,1.0,24
669,0,0,394,457,-63,0.0,24
669,1,1,375,416,-41,0.0,35
677,0,0,471,410,61,1.0,24
677,1,1,432,449,-17,0.0,22
685,0,0,516,400,116,1.0,22
685,1,1,481,360,121,1.0,27
693,0,0,457,450,7,1.0,25
693,1,1,594,534,60,1.0,25
701,0,0,412,476,-64,0.0,25
701,1,1,486,476,10,1.0,29
709,0,0,497,555,-58,0.0,23
709,1,1,409,500,-91,0.0,24
717,0,0,383,422,-39,0.0,27
717,1,1,381,521,-140,0.0,26
725,0,0,522,394,128,1.0,25
725,1,1,407,554,-147,0.0,26
733,0,0,606,390,216,1.0,26
733,1,1,439,511,-72,0.0,26
741,0,0,435,463,-28,0.0,21
741,1,1,503,434,69,1.0,23
749,0,0,437,531,-94,0.0,21
749,1,1,597,456,141,1.0,21
757,0,0,519,405,114,1.0,30
757,1,1,456,417,39,1.0,32
765,0,0,416,480,-64,0.0,23
765,1,1,487,469,18,1.0,23
773,0,0,480,398,82,1.0,26
773,1,1,474,533,-59,0.0,22
781,0,0,463,383,80,1.0,25
781,1,1,473,409,64,1.0,31
789,0,0,418,466,-48,0.0,25
789,1,1,314,475,-161,0.0,30
797,0,0,460,421,39,1.0,25
797,1,1,477,512,-35,0.0,28
805,0,0,397,659,-262,0.0,21
805,1,1,537,403,134,1.0,21
813,0,0,525,505,20,1.0,24
813,1,1,413,492,-79,0.0,26
821,0,0,435,422,13,1.0,24
821,1,1,468,368,100,1.0,26
829,0,0,575,419,156,1.0,23
829,1,1,379,519,-140,0.0,21
837,0,0,422,408,14,1.0,26
837,1,1,549,419,130,1.0,23
845,0,0,413,399,14,1.0,23
845,1,1,431,521,-90,0.0,25
853,0,0,297,590,-293,0.0,27
853,1,1,655,386,269,1.0,23
861,0,0,366,483,-117,0.0,27
861,1,1,448,511,-63,0.0,22
869,0,0,438,491,-53,0.0,26
869,1,1,516,429,87,1.0,26
877,0,0,436,388,48,1.0,35
877,1,1,438,474,-36,0.0,25
885,0,0,480,484,-4,0.0,27
885,1,1,405,513,-108,0.0,25
893,0,0,557,478,79,1.0,23
893,1,1,430,514,-84,0.0,22
901,0,0,544,496,48,1.0,20
901,1,1,476,507,-31,0.0,22
909,0,0,501,503,-2,0.0,24
909,1,1,505,470,35,1.0,21
917,0,0,440,433,7,1.0,29
917,1,1,444,589,-145,0.0,26
925,0,0,509,577,-68,0.0,29
925,1,1,587,375,212,1.0,25
933,0,0,490,501,-11,0.0,25
933,1,1,425,460,-35,0.0,25
941,0,0,483,508,-25,0.0,21
941,1,1,475,446,29,1.0,24
949,0,0,440,385,55,1.0,28
949,1,1,497,461,36,1.0,29
957,0,0,519,433,86,1.0,25
957,1,1,442,469,-27,0.0,25
965,0,0,465,452,13,1.0,21
965,1,1,418,525,-107,0.0,39
973,0,0,497,452,45,1.0,27
973,1,1,463,531,-68,0.0,24
981,0,0,441,398,43,1.0,25
981,1,1,358,477,-119,0.0,23
989,0,0,423,596,-173,0.0,27
989,1,1,468,469,-1,0.0,29
997,0,0,408,504,-96,0.0,23
997,1,1,492,437,55,1.0,25
1005,0,0,536,376,160,1.0,28
1005,1,1,388,506,-118,0.0,28
1013,0,0,449,471,-22,0.0,25
1013,1,1,563,434,129,1.0,24
1021,0,0,398,510,-112,0.0,23
1021,1,1,447,545,-98,0.0,24
1029,0,0,485,493,-8,0.0,26
1029,1,1,356,456,-100,0.0,24
1037,0,0,420,550,-130,0.0,25
1037,1,1,516,476,40,1.0,24
1045,0,0,444,469,-25,0.0,27
1045,1,1,431,416,15,1.0,28
1053,0,0,395,580,-185,0.0,25
1053,1,1,464,470,-6,0.0,22
1061,0,0,392,535,-143,0.0,27
1061,1,1,509,360,149,1.0,30
1069,0,0,440,498,-58,0.0,26
1069,1,1,463,410,53,1.0,27
1077,0,0,287,512,-225,0.0,25
1077,1,1,390,408,-18,0.0,23
1085,0,0,445,530,-85,0.0,24
1085,1,1,508,385,123,1.0,26
1093,0,0,417,527,-110,0.0,25
1093,1,1,416,367,49,1.0,23
1101,0,0,434,548,-114,0.0,26
1101,1,1,478,359,119,1.0,26
1109,0,0,508,445,63,1.0,22
1109,1,1,495,453,42,1.0,27
1117,0,0,453,491,-38,0.0,25
1117,1,1,411,419,-8,0.0,28
1125,0,0,588,407,181,1.0,23
1125,1,1,394,452,-58,0.0,23
1133,0,0,496,480,16,1.0,22
1133,1,1,409,481,-72,0.0,24
1141,0,0,670,364,306,1.0,26
1141,1,1,423,480,-57,0.0,28
1149,0,0,376,698,-322,0.0,23
1149,1,1,495,345,150,1.0,27
1157,0,0,359,593,-234,0.0,24
1157,1,1,506,277,229,1.0,24
1165,0,0,498,550,-52,0.0,21
1165,1,1,632,418,214,1.0,23
1173,0,0,456,542,-86,0.0,21
1173,1,1,559,395,164,1.0,24
1181,0,0,369,463,-94,0.0,27
1181,1,1,544,373,171,1.0,21
1189,0,0,310,478,-168,0.0,29
1189,1,1,435,458,-23,0.0,28
1197,0,0,509,507,2,1.0,26
1197,1,1,418,387,31,1.0,26
1205,0,0,395,516,-121,0.0,27
1205,1,1,462,414,48,1.0,27
1213,0,0,551,403,148,1.0,25
1213,1,1,440,558,-118,0.0,25
1221,0,0,421,437,-16,0.0,29
1221,1,1,415,551,-136,0.0,27
1229,0,0,440,472,-32,0.0,28
1229,1,1,460,425,35,1.0,28
1237,0,0,562,473,89,1.0,27
1237,1,1,471,573,-102,0.0,23
1245,0,0,412,464,-52,0.0,24
1245,1,1,481,461,20,1.0,31
1253,0,0,434,523,-89,0.0,29
1253,1,1,572,395,177,1.0,25
1261,0,0,432,453,-21,0.0,23
1261,1,1,410,484,-74,0.0,26
1269,0,0,523,423,100,1.0,27
1269,1,1,422,612,-190,0.0,26
1277,0,0,443,467,-24,0.0,31
1277,1,1,558,309,249,1.0,27
1285,0,0,454,491,-37,0.0,21
1285,1,1,480,552,-72,0.0,22
1293,0,0,453,452,1,1.0,24
1293,1,1,564,470,94,1.0,24
1301,0,0,490,496,-6,0.0,24
1301,1,1,539,453,86,1.0,23
1309,0,0,514,505,9,1.0,26
1309,1,1,435,451,-16,0.0,23
1317,0,0,531,442,89,1.0,37
1317,1,1,375,450,-75,0.0,31
1325,0,0,450,425,25,1.0,25
1325,1,1,553,480,73,1.0,21
1333,0,0,448,409,39,1.0,26
1333,1,1,482,420,62,1.0,26
1341,0,0,397,554,-157,0.0,23
1341,1,1,467,447,20,1.0,30
1349,0,0,481,446,35,1.0,24
1349,1,1,483,465,18,1.0,23
1357,0,0,521,422,99,1.0,23
1357,1,1,474,538,-64,0.0,23
1365,0,0,483,349,134,1.0,23
1365,1,1,295,487,-192,0.0,24
1373,0,0,430,647,-217,0.0,23
1373,1,1,527,514,13,1.0,22
1381,0,0,386,464,-78,0.0,29
1381,1,1,517,449,68,1.0,34
1389,0,0,374,523,-149,0.0,24
1389,1,1,477,434,43,1.0,25
1397,0,0,385,636,-251,0.0,23
1397,1,1,609,403,206,1.0,25
1405,0,0,416,546,-130,0.0,25
1405,1,1,470,426,44,1.0,26
1413,0,0,446,512,-66,0.0,23
1413,1,1,514,459,55,1.0,24
1421,0,0,487,422,65,1.0,28
1421,1,1,442,537,-95,0.0,22
1429,0,0,451,476,-25,0.0,22
1429,1,1,490,404,86,1.0,24
1437,0,0,405,454,-49,0.0,23
1437,1,1,572,386,186,1.0,26
1445,0,0,392,543,-151,0.0,26
1445,1,1,483,423,60,1.0,23
1453,0,0,601,351,250,1.0,26
1453,1,1,414,571,-157,0.0,28
1461,0,0,588,369,219,1.0,22
1461,1,1,486,512,-26,0.0,23
1469,0,0,415,493,-78,0.0,30
1469,1,1,441,508,-67,0.0,27
1477,0,0,609,512,97,1.0,23
1477,1,1,405,519,-114,0.0,24
1485,0,0,553,353,200,1.0,27
1485,1,1,430,447,-17,0.0,25
1493,0,0,408,520,-112,0.0,22
1493,1,1,506,471,35,1.0,23
1501,0,0,548,450,98,1.0,24
1501,1,1,409,512,-103,0.0,22
1509,0,0,528,493,35,1.0,22
1509,1,1,442,547,-105,0.0,24
1517,0,0,417,432,-15,0.0,28
1517,1,1,399,489,-90,0.0,26
1525,0,0,433,449,-16,0.0,25
1525,1,1,453,538,-85,0.0,28
1533,0,0,515,414,101,1.0,24
1533,1,1,422,621,-199,0.0,24
1541,0,0,534,458,76,1.0,22
1541,1,1,464,426,38,1.0,25
1549,0,0,420,519,-99,0.0,27
1549,1,1,371,452,-81,0.0,24
1557,0,0,445,512,-67,0.0,21
1557,1,1,559,451,108,1.0,23
1565,0,0,355,542,-187,0.0,26
1565,1,1,483,439,44,1.0,24
1573,0,0,527,494,33,1.0,23
1573,1,1,467,445,22,1.0,25
1581,0,0,420,515,-95,0.0,24
1581,1,1,504,486,18,1.0,23
1589,0,0,444,443,1,1.0,23
1589,1,1,489,593,-104,0.0,23
1597,0,0,577,389,188,1.0,23
1597,1,1,409,556,-147,0.0,22
1605,0,0,378,498,-120,0.0,27
1605,1,1,492,366,126,1.0,23
1613,0,0,411,518,-107,0.0,27
1613,1,1,543,387,156,1.0,31
1621,0,0,431,524,-93,0.0,28
1621,1,1,526,345,181,1.0,27
1629,0,0,452,546,-94,0.0,27
1629,1,1,590,397,193,1.0,25
1637,0,0,531,389,142,1.0,23
1637,1,1,453,414,39,1.0,38
1645,0,0,469,437,32,1.0,28
1645,1,1,483,546,-63,0.0,22
1653,0,0,560,549,11,1.0,22
1653,1,1,549,560,-11,0.0,22
1661,0,0,520,460,60,1.0,22
1661,1,1,573,422,151,1.0,22
1669,0,0,431,550,-119,0.0,22
1669,1,1,517,402,115,1.0,22
1677,0,0,570,437,133,1.0,22
1677,1,1,593,443,150,1.0,25
1685,0,0,515,499,16,1.0,22
1685,1,1,548,523,25,1.0,24
1693,0,0,548,532,16,1.0,22
1693,1,1,492,425,67,1.0,25
1701,0,0,456,475,-19,0.0,25
1701,1,1,467,527,-60,0.0,26
1709,0,0,551,404,147,1.0,23
1709,1,1,395,448,-53,0.0,22
1717,0,0,504,391,113,1.0,21
1717,1,1,556,439,117,1.0,24
1725,0,0,464,598,-134,0.0,22
1725,1,1,505,455,50,1.0,25
1733,0,0,459,536,-77,0.0,24
1733,1,1,562,371,191,1.0,25
1741,0,0,372,647,-275,0.0,21
1741,1,1,577,386,191,1.0,22
1749,0,0,439,463,-24,0.0,25
1749,1,1,413,422,-9,0.0,22
1757,0,0,493,510,-17,0.0,24
1757,1,1,519,485,34,1.0,23
1765,0,0,491,396,95,1.0,25
1765,1,1,452,545,-93,0.0,25
1773,0,0,434,309,125,1.0,27
1773,1,1,421,398,23,1.0,24
1781,0,0,424,492,-68,0.0,25
1781,1,1,369,540,-171,0.0,30
1789,0,0,359,555,-196,0.0,27
1789,1,1,448,433,15,1.0,29
1797,0,0,466,496,-30,0.0,22
1797,1,1,471,424,47,1.0,29
1805,0,0,338,422,-84,0.0,29
1805,1,1,414,327,87,1.0,27
1813,0,0,502,521,-19,0.0,25
1813,1,1,392,493,-101,0.0,24
1821,0,0,429,395,34,1.0,27
1821,1,1,437,418,19,1.0,25
1829,0,0,476,529,-53,0.0,22
1829,1,1,490,482,8,1.0,25
1837,0,0,575,390,185,1.0,24
1837,1,1,381,501,-120,0.0,26
1845,0,0,497,468,29,1.0,20
1845,1,1,425,484,-59,0.0,32
1853,0,0,492,461,31,1.0,26
1853,1,1,421,511,-90,0.0,24
1861,0,0,552,364,188,1.0,28
1861,1,1,392,463,-71,0.0,22
1869,0,0,488,486,2,1.0,22
1869,1,1,433,482,-49,0.0,25
1877,0,0,449,459,-10,0.0,24
1877,1,1,479,471,8,1.0,20
1885,0,0,471,471,0,0.5,25
1885,1,1,515,444,71,1.0,21
1893,0,0,504,455,49,1.0,22
1893,1,1,380,439,-59,0.0,24
1901,0,0,563,472,91,1.0,25
1901,1,1,549,439,110,1.0,25
1909,0,0,488,384,104,1.0,27
1909,1,1,446,387,59,1.0,32
1917,0,0,438,512,-74,0.0,27
1917,1,1,524,466,58,1.0,27
1925,0,0,458,459,-1,0.0,25
1925,1,1,645,403,242,1.0,25
1933,0,0,439,499,-60,0.0,25
1933,1,1,451,526,-75,0.0,28
1941,0,0,407,443,-36,0.0,26
1941,1,1,440,428,12,1.0,22
1949,0,0,483,494,-11,0.0,27
1949,1,1,497,450,47,1.0,26
1957,0,0,431,474,-43,0.0,24
1957,1,1,469,470,-1,0.0,28
1965,0,0,408,420,-12,0.0,22
1965,1,1,421,468,-47,0.0,26
1973,0,0,389,466,-77,0.0,27
1973,1,1,495,331,164,1.0,27
1981,0,0,435,440,-5,0.0,23
1981,1,1,474,419,55,1.0,21
1989,0,0,387,476,-89,0.0,27
1989,1,1,503,469,34,1.0,21
1997,0,0,487,397,90,1.0,29
1997,1,1,408,739,-331,0.0,24
pair,game,a_seat,a_score,b_score,a_spread,a_win,turns
6,0,0,396,434,-38,0.0,24
6,1,1,475,319,156,1.0,40
14,0,0,574,408,166,1.0,21
14,1,1,456,461,-5,0.0,24
22,0,0,432,443,-11,0.0,26
22,1,1,441,458,-17,0.0,29
30,0,0,537,436,101,1.0,20
30,1,1,587,561,26,1.0,23
38,0,0,442,453,-11,0.0,22
38,1,1,423,544,-121,0.0,25
46,0,0,468,559,-91,0.0,24
46,1,1,466,495,-29,0.0,22
54,0,0,415,430,-15,0.0,26
54,1,1,367,423,-56,0.0,26
62,0,0,394,407,-13,0.0,23
62,1,1,393,529,-136,0.0,26
70,0,0,414,563,-149,0.0,22
70,1,1,431,484,-53,0.0,24
78,0,0,522,413,109,1.0,26
78,1,1,482,537,-55,0.0,24
86,0,0,436,413,23,1.0,29
86,1,1,386,417,-31,0.0,24
94,0,0,389,460,-71,0.0,29
94,1,1,438,407,31,1.0,26
102,0,0,357,373,-16,0.0,27
102,1,1,501,427,74,1.0,20
110,0,0,502,398,104,1.0,23
110,1,1,386,474,-88,0.0,31
118,0,0,452,397,55,1.0,43
118,1,1,387,469,-82,0.0,29
126,0,0,433,421,12,1.0,37
126,1,1,425,528,-103,0.0,25
134,0,0,432,418,14,1.0,26
134,1,1,454,422,32,1.0,25
142,0,0,546,445,101,1.0,25
142,1,1,339,543,-204,0.0,23
150,0,0,487,393,94,1.0,27
150,1,1,394,454,-60,0.0,28
158,0,0,444,401,43,1.0,23
158,1,1,443,428,15,1.0,22
166,0,0,524,354,170,1.0,26
166,1,1,353,586,-233,0.0,21
174,0,0,446,309,137,1.0,35
174,1,1,404,536,-132,0.0,29
182,0,0,496,480,16,1.0,25
182,1,1,627,433,194,1.0,25
190,0,0,467,500,-33,0.0,21
190,1,1,481,459,22,1.0,22
198,0,0,506,455,51,1.0,25
198,1,1,402,523,-121,0.0,23
206,0,0,329,574,-245,0.0,24
206,1,1,542,359,183,1.0,25
214,0,0,534,393,141,1.0,25
214,1,1,345,583,-238,0.0,25
222,0,0,436,552,-116,0.0,20
222,1,1,489,482,7,1.0,25
230,0,0,535,428,107,1.0,24
230,1,1,388,527,-139,0.0,25
238,0,0,460,503,-43,0.0,23
238,1,1,537,567,-30,0.0,23
246,0,0,540,405,135,1.0,21
246,1,1,406,552,-146,0.0,23
254,0,0,418,728,-310,0.0,31
254,1,1,431,465,-34,0.0,23
262,0,0,431,405,26,1.0,26
262,1,1,383,452,-69,0.0,31
270,0,0,550,463,87,1.0,22
270,1,1,377,448,-71,0.0,29
278,0,0,350,559,-209,0.0,24
278,1,1,542,384,158,1.0,23
286,0,0,521,495,26,1.0,24
286,1,1,419,511,-92,0.0,25
294,0,0,445,467,-22,0.0,28
294,1,1,397,503,-106,0.0,26
302,0,0,488,436,52,1.0,26
302,1,1,386,485,-99,0.0,24
310,0,0,503,430,73,1.0,20
310,1,1,448,451,-3,0.0,24
318,0,0,370,457,-87,0.0,29
318,1,1,578,429,149,1.0,26
326,0,0,489,461,28,1.0,21
326,1,1,557,524,33,1.0,23
334,0,0,446,510,-64,0.0,19
334,1,1,480,434,46,1.0,21
342,0,0,470,486,-16,0.0,23
342,1,1,421,476,-55,0.0,24
350,0,0,455,480,-25,0.0,28
350,1,1,601,431,170,1.0,29
358,0,0,670,411,259,1.0,23
358,1,1,377,591,-214,0.0,22
366,0,0,485,402,83,1.0,28
366,1,1,337,516,-179,0.0,26
374,0,0,558,436,122,1.0,26
374,1,1,430,527,-97,0.0,25
382,0,0,482,401,81,1.0,36
382,1,1,388,505,-117,0.0,35
390,0,0,487,525,-38,0.0,29
390,1,1,474,510,-36,0.0,22
398,0,0,455,472,-17,0.0,25
398,1,1,492,519,-27,0.0,23
406,0,0,539,544,-5,0.0,24
406,1,1,517,493,24,1.0,27
414,0,0,493,390,103,1.0,24
414,1,1,427,566,-139,0.0,24
422,0,0,521,441,80,1.0,27
422,1,1,461,637,-176,0.0,25
430,0,0,428,486,-58,0.0,28
430,1,1,412,445,-33,0.0,25
438,0,0,526,549,-23,0.0,20
438,1,1,522,552,-30,0.0,21
446,0,0,448,456,-8,0.0,24
446,1,1,462,441,21,1.0,26
454,0,0,506,432,74,1.0,29
454,1,1,436,442,-6,0.0,33
462,0,0,419,548,-129,0.0,28
462,1,1,460,516,-56,0.0,25
470,0,0,394,521,-127,0.0,26
470,1,1,515,426,89,1.0,29
478,0,0,326,558,-232,0.0,28
478,1,1,552,352,200,1.0,24
486,0,0,405,508,-103,0.0,24
486,1,1,492,409,83,1.0,21
494,0,0,452,367,85,1.0,33
494,1,1,390,447,-57,0.0,28
502,0,0,442,458,-16,0.0,21
502,1,1,481,470,11,1.0,24
510,0,0,421,453,-32,0.0,26
510,1,1,452,479,-27,0.0,21
518,0,0,438,557,-119,0.0,24
518,1,1,523,499,24,1.0,24
526,0,0,384,559,-175,0.0,22
526,1,1,431,385,46,1.0,26
534,0,0,487,422,65,1.0,25
534,1,1,457,430,27,1.0,29
542,0,0,625,429,196,1.0,21
542,1,1,508,583,-75,0.0,21
550,0,0,688,448,240,1.0,24
550,1,1,426,516,-90,0.0,27
558,0,0,470,438,32,1.0,21
558,1,1,555,468,87,1.0,23
566,0,0,437,408,29,1.0,29
566,1,1,467,391,76,1.0,25
574,0,0,476,384,92,1.0,28
574,1,1,462,410,52,1.0,27
582,0,0,468,420,48,1.0,25
582,1,1,512,409,103,1.0,24
590,0,0,463,564,-101,0.0,22
590,1,1,440,457,-17,0.0,27
598,0,0,362,506,-144,0.0,27
598,1,1,512,391,121,1.0,27
606,0,0,391,407,-16,0.0,30
606,1,1,617,344,273,1.0,24
614,0,0,454,468,-14,0.0,27
614,1,1,564,282,282,1.0,40
622,0,0,356,450,-94,0.0,28
622,1,1,476,464,12,1.0,23
630,0,0,410,426,-16,0.0,32
630,1,1,448,379,69,1.0,27
638,0,0,589,460,129,1.0,21
638,1,1,518,450,68,1.0,27
646,0,0,479,548,-69,0.0,22
646,1,1,470,536,-66,0.0,27
654,0,0,705,365,340,1.0,25
654,1,1,399,562,-163,0.0,21
662,0,0,551,472,79,1.0,27
662,1,1,478,375,103,1.0,31
670,0,0,410,477,-67,0.0,30
670,1,1,460,568,-108,0.0,26
678,0,0,526,460,66,1.0,21
678,1,1,458,448,10,1.0,21
686,0,0,512,299,213,1.0,30
686,1,1,395,497,-102,0.0,23
694,0,0,541,571,-30,0.0,21
694,1,1,447,492,-45,0.0,31
702,0,0,430,351,79,1.0,25
702,1,1,372,576,-204,0.0,25
710,0,0,511,438,73,1.0,24
710,1,1,441,420,21,1.0,30
718,0,0,511,586,-75,0.0,21
718,1,1,521,478,43,1.0,22
726,0,0,446,417,29,1.0,28
726,1,1,433,498,-65,0.0,30
734,0,0,429,432,-3,0.0,26
734,1,1,458,459,-1,0.0,24
742,0,0,506,441,65,1.0,27
742,1,1,414,540,-126,0.0,25
750,0,0,524,451,73,1.0,21
750,1,1,513,629,-116,0.0,23
758,0,0,499,435,64,1.0,25
758,1,1,400,464,-64,0.0,22
766,0,0,474,348,126,1.0,27
766,1,1,456,479,-23,0.0,27
774,0,0,527,601,-74,0.0,29
774,1,1,448,402,46,1.0,25
782,0,0,493,536,-43,0.0,28
782,1,1,499,490,9,1.0,22
790,0,0,606,439,167,1.0,21
790,1,1,402,581,-179,0.0,21
798,0,0,555,544,11,1.0,19
798,1,1,587,504,83,1.0,21
806,0,0,573,516,57,1.0,22
806,1,1,443,531,-88,0.0,22
814,0,0,495,421,74,1.0,28
814,1,1,421,575,-154,0.0,25
822,0,0,512,514,-2,0.0,23
822,1,1,443,452,-9,0.0,25
830,0,0,621,346,275,1.0,25
830,1,1,647,442,205,1.0,22
838,0,0,644,413,231,1.0,27
838,1,1,421,499,-78,0.0,23
846,0,0,535,475,60,1.0,26
846,1,1,501,639,-138,0.0,24
854,0,0,513,381,132,1.0,25
854,1,1,386,495,-109,0.0,28
862,0,0,474,409,65,1.0,24
862,1,1,447,487,-40,0.0,25
870,0,0,480,441,39,1.0,25
870,1,1,492,409,83,1.0,24
878,0,0,479,487,-8,0.0,29
878,1,1,499,427,72,1.0,23
886,0,0,411,406,5,1.0,25
886,1,1,430,450,-20,0.0,22
894,0,0,472,474,-2,0.0,20
894,1,1,534,418,116,1.0,25
902,0,0,491,511,-20,0.0,21
902,1,1,454,489,-35,0.0,26
910,0,0,484,384,100,1.0,26
910,1,1,429,532,-103,0.0,23
918,0,0,412,502,-90,0.0,28
918,1,1,537,454,83,1.0,22
926,0,0,546,470,76,1.0,22
926,1,1,424,521,-97,0.0,23
934,0,0,438,467,-29,0.0,22
934,1,1,427,423,4,1.0,24
942,0,0,521,304,217,1.0,26
942,1,1,405,486,-81,0.0,28
950,0,0,446,479,-33,0.0,22
950,1,1,466,454,12,1.0,21
958,0,0,576,433,143,1.0,25
958,1,1,411,563,-152,0.0,26
966,0,0,509,543,-34,0.0,24
966,1,1,525,491,34,1.0,26
974,0,0,556,500,56,1.0,24
974,1,1,355,562,-207,0.0,20
982,0,0,494,477,17,1.0,27
982,1,1,376,389,-13,0.0,29
990,0,0,499,430,69,1.0,26
990,1,1,484,548,-64,0.0,25
998,0,0,521,474,47,1.0,22
998,1,1,411,509,-98,0.0,21
1006,0,0,459,494,-35,0.0,24
1006,1,1,571,383,188,1.0,20
1014,0,0,469,478,-9,0.0,24
1014,1,1,498,411,87,1.0,23
1022,0,0,544,464,80,1.0,24
1022,1,1,472,515,-43,0.0,23
1030,0,0,520,533,-13,0.0,24
1030,1,1,422,527,-105,0.0,24
1038,0,0,562,418,144,1.0,21
1038,1,1,501,473,28,1.0,20
1046,0,0,480,542,-62,0.0,24
1046,1,1,590,365,225,1.0,25
1054,0,0,549,526,23,1.0,24
1054,1,1,525,518,7,1.0,25
1062,0,0,518,382,136,1.0,22
1062,1,1,430,591,-161,0.0,26
1070,0,0,453,402,51,1.0,26
1070,1,1,444,550,-106,0.0,26
1078,0,0,595,469,126,1.0,24
1078,1,1,478,650,-172,0.0,24
1086,0,0,563,460,103,1.0,24
1086,1,1,455,521,-66,0.0,26
1094,0,0,402,462,-60,0.0,26
1094,1,1,551,412,139,1.0,20
1102,0,0,501,422,79,1.0,27
1102,1,1,402,513,-111,0.0,24
1110,0,0,640,419,221,1.0,23
1110,1,1,357,470,-113,0.0,27
1118,0,0,439,484,-45,0.0,23
1118,1,1,453,533,-80,0.0,21
1126,0,0,431,477,-46,0.0,30
1126,1,1,470,373,97,1.0,25
1134,0,0,603,315,288,1.0,31
1134,1,1,497,523,-26,0.0,24
1142,0,0,457,469,-12,0.0,24
1142,1,1,491,445,46,1.0,22
1150,0,0,497,432,65,1.0,23
1150,1,1,512,414,98,1.0,26
1158,0,0,348,494,-146,0.0,41
1158,1,1,488,523,-35,0.0,23
1166,0,0,436,457,-21,0.0,27
1166,1,1,466,509,-43,0.0,24
1174,0,0,456,580,-124,0.0,23
1174,1,1,534,419,115,1.0,25
1182,0,0,469,432,37,1.0,24
1182,1,1,530,456,74,1.0,24
1190,0,0,385,509,-124,0.0,26
1190,1,1,498,432,66,1.0,27
1198,0,0,420,503,-83,0.0,25
1198,1,1,423,421,2,1.0,25
1206,0,0,537,508,29,1.0,23
1206,1,1,494,555,-61,0.0,24
1214,0,0,496,419,77,1.0,22
1214,1,1,582,498,84,1.0,26
1222,0,0,497,461,36,1.0,24
1222,1,1,498,431,67,1.0,28
1230,0,0,429,491,-62,0.0,22
1230,1,1,451,411,40,1.0,24
1238,0,0,452,575,-123,0.0,22
1238,1,1,396,567,-171,0.0,21
1246,0,0,577,492,85,1.0,24
1246,1,1,492,530,-38,0.0,23
1254,0,0,513,378,135,1.0,25
1254,1,1,450,481,-31,0.0,23
1262,0,0,418,452,-34,0.0,27
1262,1,1,509,407,102,1.0,30
1270,0,0,481,417,64,1.0,30
1270,1,1,515,509,6,1.0,22
1278,0,0,499,384,115,1.0,24
1278,1,1,350,613,-263,0.0,24
1286,0,0,477,435,42,1.0,23
1286,1,1,493,411,82,1.0,25
1294,0,0,507,532,-25,0.0,23
1294,1,1,455,334,121,1.0,28
1302,0,0,415,576,-161,0.0,23
1302,1,1,427,497,-70,0.0,26
1310,0,0,455,365,90,1.0,24
1310,1,1,499,506,-7,0.0,24
1318,0,0,562,420,142,1.0,22
1318,1,1,418,488,-70,0.0,22
1326,0,0,458,391,67,1.0,24
1326,1,1,434,507,-73,0.0,27
1334,0,0,432,498,-66,0.0,31
1334,1,1,489,433,56,1.0,23
1342,0,0,434,386,48,1.0,29
1342,1,1,439,506,-67,0.0,29
1350,0,0,415,560,-145,0.0,30
1350,1,1,481,480,1,1.0,26
1358,0,0,479,426,53,1.0,26
1358,1,1,492,473,19,1.0,22
1366,0,0,514,427,87,1.0,21
1366,1,1,442,449,-7,0.0,25
1374,0,0,497,515,-18,0.0,22
1374,1,1,508,429,79,1.0,21
1382,0,0,484,420,64,1.0,25
1382,1,1,434,463,-29,0.0,27
1390,0,0,560,490,70,1.0,24
1390,1,1,501,493,8,1.0,26
1398,0,0,483,490,-7,0.0,28
1398,1,1,560,470,90,1.0,26
1406,0,0,431,469,-38,0.0,25
1406,1,1,506,449,57,1.0,24
1414,0,0,595,450,145,1.0,23
1414,1,1,401,574,-173,0.0,27
1422,0,0,445,452,-7,0.0,26
1422,1,1,456,536,-80,0.0,24
1430,0,0,502,449,53,1.0,24
1430,1,1,425,497,-72,0.0,28
1438,0,0,496,367,129,1.0,30
1438,1,1,508,507,1,1.0,21
1446,0,0,409,517,-108,0.0,25
1446,1,1,542,453,89,1.0,21
1454,0,0,353,393,-40,0.0,24
1454,1,1,508,453,55,1.0,22
1462,0,0,514,278,236,1.0,35
1462,1,1,402,523,-121,0.0,29
1470,0,0,444,396,48,1.0,31
1470,1,1,511,429,82,1.0,23
1478,0,0,469,531,-62,0.0,23
1478,1,1,434,594,-160,0.0,21
1486,0,0,429,490,-61,0.0,26
1486,1,1,486,424,62,1.0,24
1494,0,0,489,401,88,1.0,25
1494,1,1,400,380,20,1.0,27
1502,0,0,426,414,12,1.0,24
1502,1,1,550,373,177,1.0,24
1510,0,0,458,433,25,1.0,26
1510,1,1,396,436,-40,0.0,30
1518,0,0,443,513,-70,0.0,25
1518,1,1,498,377,121,1.0,26
1526,0,0,644,515,129,1.0,21
1526,1,1,495,490,5,1.0,23
1534,0,0,442,444,-2,0.0,24
1534,1,1,455,463,-8,0.0,23
1542,0,0,519,457,62,1.0,26
1542,1,1,491,500,-9,0.0,25
1550,0,0,480,433,47,1.0,24
1550,1,1,385,456,-71,0.0,23
1558,0,0,475,431,44,1.0,22
1558,1,1,513,518,-5,0.0,21
1566,0,0,483,400,83,1.0,25
1566,1,1,481,434,47,1.0,30
1574,0,0,455,410,45,1.0,23
1574,1,1,484,456,28,1.0,25
1582,0,0,435,622,-187,0.0,20
1582,1,1,513,375,138,1.0,28
1590,0,0,405,435,-30,0.0,26
1590,1,1,503,509,-6,0.0,22
1598,0,0,393,489,-96,0.0,31
1598,1,1,368,472,-104,0.0,43
1606,0,0,459,518,-59,0.0,26
1606,1,1,509,421,88,1.0,26
1614,0,0,558,319,239,1.0,24
1614,1,1,439,548,-109,0.0,26
1622,0,0,407,395,12,1.0,26
1622,1,1,451,435,16,1.0,24
1630,0,0,322,452,-130,0.0,45
1630,1,1,573,294,279,1.0,28
1638,0,0,422,483,-61,0.0,24
1638,1,1,420,471,-51,0.0,27
1646,0,0,468,485,-17,0.0,24
1646,1,1,577,351,226,1.0,23
1654,0,0,557,380,177,1.0,29
1654,1,1,382,565,-183,0.0,23
1662,0,0,522,349,173,1.0,26
1662,1,1,365,501,-136,0.0,21
1670,0,0,494,402,92,1.0,25
1670,1,1,455,480,-25,0.0,21
1678,0,0,481,510,-29,0.0,25
1678,1,1,341,417,-76,0.0,27
1686,0,0,618,365,253,1.0,23
1686,1,1,313,552,-239,0.0,23
1694,0,0,503,408,95,1.0,23
1694,1,1,426,469,-43,0.0,23
1702,0,0,484,341,143,1.0,26
1702,1,1,395,393,2,1.0,24
1710,0,0,446,508,-62,0.0,20
1710,1,1,472,460,12,1.0,23
1718,0,0,308,543,-235,0.0,26
1718,1,1,492,326,166,1.0,27
1726,0,0,455,479,-24,0.0,24
1726,1,1,528,470,58,1.0,24
1734,0,0,461,436,25,1.0,27
1734,1,1,448,554,-106,0.0,23
1742,0,0,429,467,-38,0.0,26
1742,1,1,477,495,-18,0.0,30
1750,0,0,470,440,30,1.0,23
1750,1,1,598,498,100,1.0,22
1758,0,0,485,398,87,1.0,21
1758,1,1,429,479,-50,0.0,25
1766,0,0,481,591,-110,0.0,23
1766,1,1,486,425,61,1.0,25
1774,0,0,505,352,153,1.0,31
1774,1,1,344,434,-90,0.0,26
1782,0,0,535,419,116,1.0,27
1782,1,1,447,481,-34,0.0,27
1790,0,0,466,435,31,1.0,23
1790,1,1,490,500,-10,0.0,21
1798,0,0,479,370,109,1.0,28
1798,1,1,540,420,120,1.0,26
1806,0,0,477,597,-120,0.0,21
1806,1,1,572,421,151,1.0,25
1814,0,0,338,535,-197,0.0,29
1814,1,1,520,554,-34,0.0,23
1822,0,0,431,559,-128,0.0,25
1822,1,1,561,511,50,1.0,22
1830,0,0,373,740,-367,0.0,21
1830,1,1,571,372,199,1.0,26
1838,0,0,611,294,317,1.0,24
1838,1,1,348,524,-176,0.0,23
1846,0,0,538,343,195,1.0,24
1846,1,1,363,575,-212,0.0,25
1854,0,0,466,459,7,1.0,22
1854,1,1,385,430,-45,0.0,27
1862,0,0,458,471,-13,0.0,27
1862,1,1,555,438,117,1.0,22
1870,0,0,433,437,-4,0.0,32
1870,1,1,415,453,-38,0.0,30
1878,0,0,441,495,-54,0.0,25
1878,1,1,435,429,6,1.0,24
1886,0,0,468,423,45,1.0,26
1886,1,1,552,448,104,1.0,23
1894,0,0,549,437,112,1.0,22
1894,1,1,431,430,1,1.0,24
1902,0,0,371,425,-54,0.0,29
1902,1,1,438,367,71,1.0,28
1910,0,0,398,397,1,1.0,25
1910,1,1,547,375,172,1.0,42
1918,0,0,393,448,-55,0.0,27
1918,1,1,480,454,26,1.0,26
1926,0,0,492,409,83,1.0,31
1926,1,1,443,517,-74,0.0,23
1934,0,0,559,484,75,1.0,26
1934,1,1,413,566,-153,0.0,28
1942,0,0,495,564,-69,0.0,22
1942,1,1,511,427,84,1.0,25
1950,0,0,483,381,102,1.0,25
1950,1,1,528,438,90,1.0,29
1958,0,0,526,422,104,1.0,35
1958,1,1,419,475,-56,0.0,23
1966,0,0,447,406,41,1.0,33
1966,1,1,544,406,138,1.0,24
1974,0,0,508,332,176,1.0,29
1974,1,1,559,410,149,1.0,26
1982,0,0,394,532,-138,0.0,27
1982,1,1,503,480,23,1.0,27
1990,0,0,424,478,-54,0.0,21
1990,1,1,440,519,-79,0.0,27
1998,0,0,395,515,-120,0.0,25
1998,1,1,544,347,197,1.0,29
pair,game,a_seat,a_score,b_score,a_spread,a_win,turns
7,0,0,560,491,69,1.0,20
7,1,1,413,554,-141,0.0,24
15,0,0,447,542,-95,0.0,26
15,1,1,458,445,13,1.0,28
23,0,0,382,578,-196,0.0,25
23,1,1,579,393,186,1.0,27
31,0,0,528,459,69,1.0,26
31,1,1,510,539,-29,0.0,24
39,0,0,372,550,-178,0.0,23
39,1,1,598,304,294,1.0,21
47,0,0,439,523,-84,0.0,23
47,1,1,467,462,5,1.0,24
55,0,0,458,511,-53,0.0,28
55,1,1,561,494,67,1.0,23
63,0,0,340,556,-216,0.0,29
63,1,1,496,445,51,1.0,26
71,0,0,392,506,-114,0.0,29
71,1,1,465,507,-42,0.0,22
79,0,0,499,538,-39,0.0,25
79,1,1,594,492,102,1.0,26
87,0,0,440,396,44,1.0,26
87,1,1,440,436,4,1.0,27
95,0,0,429,500,-71,0.0,21
95,1,1,484,434,50,1.0,21
103,0,0,503,386,117,1.0,25
103,1,1,425,431,-6,0.0,26
111,0,0,546,382,164,1.0,23
111,1,1,572,434,138,1.0,22
119,0,0,517,391,126,1.0,24
119,1,1,439,503,-64,0.0,22
127,0,0,406,501,-95,0.0,29
127,1,1,500,514,-14,0.0,23
135,0,0,558,563,-5,0.0,24
135,1,1,388,478,-90,0.0,36
143,0,0,472,540,-68,0.0,23
143,1,1,527,496,31,1.0,29
151,0,0,496,450,46,1.0,25
151,1,1,443,547,-104,0.0,27
159,0,0,459,521,-62,0.0,22
159,1,1,495,445,50,1.0,23
167,0,0,493,463,30,1.0,26
167,1,1,435,369,66,1.0,34
175,0,0,532,440,92,1.0,24
175,1,1,522,394,128,1.0,21
183,0,0,427,488,-61,0.0,25
183,1,1,422,427,-5,0.0,27
191,0,0,542,537,5,1.0,27
191,1,1,513,412,101,1.0,29
199,0,0,517,381,136,1.0,27
199,1,1,385,529,-144,0.0,25
207,0,0,420,402,18,1.0,29
207,1,1,476,447,29,1.0,22
215,0,0,563,470,93,1.0,25
215,1,1,366,558,-192,0.0,22
223,0,0,496,473,23,1.0,28
223,1,1,481,513,-32,0.0,24
231,0,0,454,553,-99,0.0,22
231,1,1,485,379,106,1.0,24
239,0,0,399,572,-173,0.0,26
239,1,1,556,331,225,1.0,21
247,0,0,515,421,94,1.0,27
247,1,1,437,506,-69,0.0,24
255,0,0,421,542,-121,0.0,21
255,1,1,426,487,-61,0.0,22
263,0,0,394,451,-57,0.0,37
263,1,1,510,476,34,1.0,25
271,0,0,528,332,196,1.0,30
271,1,1,326,508,-182,0.0,28
279,0,0,446,486,-40,0.0,23
279,1,1,578,398,180,1.0,21
287,0,0,521,381,140,1.0,23
287,1,1,460,499,-39,0.0,22
295,0,0,454,551,-97,0.0,30
295,1,1,549,407,142,1.0,23
303,0,0,373,482,-109,0.0,26
303,1,1,552,496,56,1.0,22
311,0,0,455,458,-3,0.0,26
311,1,1,549,394,155,1.0,33
319,0,0,434,559,-125,0.0,22
319,1,1,550,524,26,1.0,20
327,0,0,538,441,97,1.0,24
327,1,1,321,517,-196,0.0,27
335,0,0,491,463,28,1.0,23
335,1,1,482,457,25,1.0,23
343,0,0,377,516,-139,0.0,22
343,1,1,585,432,153,1.0,21
351,0,0,412,439,-27,0.0,23
351,1,1,383,548,-165,0.0,25
359,0,0,506,536,-30,0.0,23
359,1,1,426,548,-122,0.0,21
367,0,0,370,404,-34,0.0,27
367,1,1,526,428,98,1.0,25
375,0,0,517,407,110,1.0,22
375,1,1,384,487,-103,0.0,26
383,0,0,581,510,71,1.0,24
383,1,1,382,557,-175,0.0,20
391,0,0,457,383,74,1.0,23
391,1,1,351,565,-214,0.0,27
399,0,0,305,496,-191,0.0,27
399,1,1,590,358,232,1.0,26
407,0,0,419,502,-83,0.0,24
407,1,1,441,445,-4,0.0,26
415,0,0,356,553,-197,0.0,25
415,1,1,595,483,112,1.0,23
423,0,0,440,561,-121,0.0,21
423,1,1,425,535,-110,0.0,26
431,0,0,469,594,-125,0.0,23
431,1,1,520,460,60,1.0,22
439,0,0,471,423,48,1.0,26
439,1,1,509,431,78,1.0,28
447,0,0,509,460,49,1.0,24
447,1,1,443,530,-87,0.0,26
455,0,0,554,470,84,1.0,21
455,1,1,507,434,73,1.0,23
463,0,0,389,527,-138,0.0,27
463,1,1,476,397,79,1.0,23
471,0,0,402,407,-5,0.0,26
471,1,1,511,419,92,1.0,28
479,0,0,471,410,61,1.0,26
479,1,1,439,588,-149,0.0,22
487,0,0,558,402,156,1.0,23
487,1,1,492,345,147,1.0,29
495,0,0,492,431,61,1.0,22
495,1,1,521,416,105,1.0,27
503,0,0,383,516,-133,0.0,23
503,1,1,412,382,30,1.0,25
511,0,0,465,435,30,1.0,32
511,1,1,463,462,1,1.0,22
519,0,0,556,412,144,1.0,22
519,1,1,581,410,171,1.0,23
527,0,0,475,556,-81,0.0,24
527,1,1,512,419,93,1.0,22
535,0,0,466,501,-35,0.0,26
535,1,1,415,416,-1,0.0,25
543,0,0,563,438,125,1.0,25
543,1,1,413,532,-119,0.0,22
551,0,0,561,470,91,1.0,22
551,1,1,448,551,-103,0.0,21
559,0,0,401,567,-166,0.0,27
559,1,1,506,465,41,1.0,23
567,0,0,520,437,83,1.0,24
567,1,1,453,624,-171,0.0,26
575,0,0,491,443,48,1.0,20
575,1,1,515,504,11,1.0,23
583,0,0,416,506,-90,0.0,31
583,1,1,453,425,28,1.0,23
591,0,0,505,497,8,1.0,25
591,1,1,519,523,-4,0.0,23
599,0,0,537,388,149,1.0,26
599,1,1,462,480,-18,0.0,24
607,0,0,475,371,104,1.0,25
607,1,1,410,431,-21,0.0,23
615,0,0,463,481,-18,0.0,25
615,1,1,476,449,27,1.0,22
623,0,0,478,442,36,1.0,33
623,1,1,390,502,-112,0.0,28
631,0,0,507,440,67,1.0,20
631,1,1,392,510,-118,0.0,22
639,0,0,528,469,59,1.0,24
639,1,1,509,430,79,1.0,28
647,0,0,387,482,-95,0.0,37
647,1,1,436,400,36,1.0,24
655,0,0,479,442,37,1.0,24
655,1,1,465,421,44,1.0,25
663,0,0,432,648,-216,0.0,24
663,1,1,575,455,120,1.0,25
671,0,0,397,581,-184,0.0,28
671,1,1,431,431,0,0.5,24
679,0,0,476,396,80,1.0,26
679,1,1,429,489,-60,0.0,25
687,0,0,501,432,69,1.0,24
687,1,1,465,451,14,1.0,22
695,0,0,442,445,-3,0.0,23
695,1,1,466,424,42,1.0,27
703,0,0,383,424,-41,0.0,25
703,1,1,506,403,103,1.0,25
711,0,0,434,543,-109,0.0,25
711,1,1,428,408,20,1.0,21
719,0,0,390,483,-93,0.0,24
719,1,1,449,537,-88,0.0,23
727,0,0,450,502,-52,0.0,27
727,1,1,492,564,-72,0.0,22
735,0,0,513,439,74,1.0,26
735,1,1,404,556,-152,0.0,22
743,0,0,424,538,-114,0.0,23
743,1,1,414,486,-72,0.0,23
751,0,0,419,350,69,1.0,34
751,1,1,399,493,-94,0.0,31
759,0,0,403,563,-160,0.0,21
759,1,1,544,431,113,1.0,23
767,0,0,513,480,33,1.0,24
767,1,1,474,471,3,1.0,23
775,0,0,358,551,-193,0.0,25
775,1,1,550,396,154,1.0,25
783,0,0,456,494,-38,0.0,22
783,1,1,510,527,-17,0.0,21
791,0,0,434,523,-89,0.0,27
791,1,1,417,413,4,1.0,30
799,0,0,431,525,-94,0.0,23
799,1,1,519,473,46,1.0,25
807,0,0,580,417,163,1.0,25
807,1,1,409,553,-144,0.0,24
815,0,0,404,652,-248,0.0,21
815,1,1,396,514,-118,0.0,24
823,0,0,425,471,-46,0.0,25
823,1,1,492,506,-14,0.0,23
831,0,0,435,510,-75,0.0,29
831,1,1,451,480,-29,0.0,25
839,0,0,535,492,43,1.0,27
839,1,1,427,497,-70,0.0,27
847,0,0,534,516,18,1.0,21
847,1,1,440,473,-33,0.0,25
855,0,0,393,459,-66,0.0,30
855,1,1,522,420,102,1.0,24
863,0,0,468,444,24,1.0,21
863,1,1,464,458,6,1.0,26
871,0,0,461,389,72,1.0,26
871,1,1,542,519,23,1.0,24
879,0,0,373,450,-77,0.0,22
879,1,1,415,476,-61,0.0,24
887,0,0,581,418,163,1.0,28
887,1,1,449,521,-72,0.0,24
895,0,0,469,463,6,1.0,25
895,1,1,496,472,24,1.0,27
903,0,0,482,495,-13,0.0,21
903,1,1,478,503,-25,0.0,21
911,0,0,465,438,27,1.0,26
911,1,1,399,491,-92,0.0,24
919,0,0,480,460,20,1.0,23
919,1,1,543,422,121,1.0,24
927,0,0,490,526,-36,0.0,26
927,1,1,544,454,90,1.0,23
935,0,0,424,383,41,1.0,27
935,1,1,370,448,-78,0.0,31
943,0,0,402,498,-96,0.0,35
943,1,1,492,469,23,1.0,24
951,0,0,391,408,-17,0.0,27
951,1,1,550,388,162,1.0,21
959,0,0,357,541,-184,0.0,23
959,1,1,540,423,117,1.0,27
967,0,0,408,502,-94,0.0,26
967,1,1,374,532,-158,0.0,27
975,0,0,433,441,-8,0.0,30
975,1,1,417,508,-91,0.0,23
983,0,0,509,475,34,1.0,22
983,1,1,533,492,41,1.0,22
991,0,0,442,478,-36,0.0,22
991,1,1,382,448,-66,0.0,24
999,0,0,468,488,-20,0.0,23
999,1,1,595,557,38,1.0,23
1007,0,0,429,488,-59,0.0,28
1007,1,1,536,394,142,1.0,23
1015,0,0,388,441,-53,0.0,28
1015,1,1,536,436,100,1.0,25
1023,0,0,475,539,-64,0.0,21
1023,1,1,479,491,-12,0.0,24
1031,0,0,475,492,-17,0.0,21
1031,1,1,621,454,167,1.0,22
1039,0,0,469,484,-15,0.0,26
1039,1,1,574,434,140,1.0,28
1047,0,0,450,518,-68,0.0,20
1047,1,1,538,476,62,1.0,21
1055,0,0,342,489,-147,0.0,23
1055,1,1,511,375,136,1.0,24
1063,0,0,521,545,-24,0.0,22
1063,1,1,505,441,64,1.0,23
1071,0,0,481,492,-11,0.0,27
1071,1,1,459,443,16,1.0,26
1079,0,0,535,414,121,1.0,23
1079,1,1,400,498,-98,0.0,24
1087,0,0,397,547,-150,0.0,22
1087,1,1,475,431,44,1.0,22
1095,0,0,339,461,-122,0.0,27
1095,1,1,393,453,-60,0.0,33
1103,0,0,523,520,3,1.0,21
1103,1,1,423,508,-85,0.0,25
1111,0,0,371,484,-113,0.0,24
1111,1,1,546,338,208,1.0,22
1119,0,0,370,608,-238,0.0,23
1119,1,1,450,532,-82,0.0,29
1127,0,0,528,527,1,1.0,24
1127,1,1,520,537,-17,0.0,25
1135,0,0,442,446,-4,0.0,23
1135,1,1,464,473,-9,0.0,27
1143,0,0,382,454,-72,0.0,29
1143,1,1,476,456,20,1.0,24
1151,0,0,445,397,48,1.0,27
1151,1,1,412,481,-69,0.0,26
1159,0,0,589,498,91,1.0,24
1159,1,1,460,471,-11,0.0,26
1167,0,0,513,480,33,1.0,31
1167,1,1,468,493,-25,0.0,21
1175,0,0,453,392,61,1.0,26
1175,1,1,470,470,0,0.5,25
1183,0,0,439,593,-154,0.0,23
1183,1,1,442,381,61,1.0,31
1191,0,0,452,476,-24,0.0,23
1191,1,1,465,453,12,1.0,23
1199,0,0,500,515,-15,0.0,23
1199,1,1,483,468,15,1.0,23
1207,0,0,415,522,-107,0.0,25
1207,1,1,514,408,106,1.0,27
1215,0,0,576,459,117,1.0,29
1215,1,1,455,400,55,1.0,28
1223,0,0,425,646,-221,0.0,25
1223,1,1,426,412,14,1.0,25
1231,0,0,520,631,-111,0.0,19
1231,1,1,521,495,26,1.0,24
1239,0,0,487,431,56,1.0,24
1239,1,1,565,504,61,1.0,23
1247,0,0,504,497,7,1.0,27
1247,1,1,497,468,29,1.0,26
1255,0,0,460,442,18,1.0,26
1255,1,1,423,486,-63,0.0,24
1263,0,0,618,492,126,1.0,22
1263,1,1,568,431,137,1.0,23
1271,0,0,509,351,158,1.0,32
1271,1,1,438,361,77,1.0,33
1279,0,0,430,524,-94,0.0,26
1279,1,1,465,471,-6,0.0,41
1287,0,0,405,585,-180,0.0,22
1287,1,1,475,407,68,1.0,24
1295,0,0,464,542,-78,0.0,20
1295,1,1,555,424,131,1.0,21
1303,0,0,546,342,204,1.0,31
1303,1,1,438,515,-77,0.0,24
1311,0,0,498,503,-5,0.0,26
1311,1,1,351,418,-67,0.0,30
1319,0,0,376,531,-155,0.0,27
1319,1,1,477,368,109,1.0,26
1327,0,0,436,536,-100,0.0,22
1327,1,1,550,441,109,1.0,21
1335,0,0,528,479,49,1.0,21
1335,1,1,502,411,91,1.0,28
1343,0,0,375,627,-252,0.0,21
1343,1,1,513,357,156,1.0,26
1351,0,0,483,498,-15,0.0,23
1351,1,1,495,477,18,1.0,23
1359,0,0,503,486,17,1.0,25
1359,1,1,474,524,-50,0.0,23
1367,0,0,444,579,-135,0.0,23
1367,1,1,553,451,102,1.0,23
1375,0,0,521,373,148,1.0,32
1375,1,1,498,404,94,1.0,23
1383,0,0,380,598,-218,0.0,29
1383,1,1,517,445,72,1.0,28
1391,0,0,549,469,80,1.0,22
1391,1,1,504,590,-86,0.0,24
1399,0,0,539,426,113,1.0,22
1399,1,1,518,692,-174,0.0,22
1407,0,0,370,625,-255,0.0,25
1407,1,1,494,391,103,1.0,31
1415,0,0,480,498,-18,0.0,28
1415,1,1,499,541,-42,0.0,24
1423,0,0,355,504,-149,0.0,28
1423,1,1,512,342,170,1.0,31
1431,0,0,397,485,-88,0.0,25
1431,1,1,570,462,108,1.0,26
1439,0,0,498,416,82,1.0,24
1439,1,1,408,437,-29,0.0,30
1447,0,0,465,502,-37,0.0,23
1447,1,1,456,453,3,1.0,27
1455,0,0,505,425,80,1.0,23
1455,1,1,375,623,-248,0.0,26
1463,0,0,445,530,-85,0.0,22
1463,1,1,507,432,75,1.0,21
1471,0,0,378,412,-34,0.0,31
1471,1,1,535,354,181,1.0,27
1479,0,0,547,391,156,1.0,26
1479,1,1,450,511,-61,0.0,22
1487,0,0,550,365,185,1.0,22
1487,1,1,474,371,103,1.0,29
1495,0,0,470,462,8,1.0,23
1495,1,1,413,543,-130,0.0,20
1503,0,0,435,525,-90,0.0,23
1503,1,1,528,388,140,1.0,26
1511,0,0,583,496,87,1.0,24
1511,1,1,473,384,89,1.0,34
1519,0,0,489,615,-126,0.0,26
1519,1,1,528,470,58,1.0,22
1527,0,0,471,519,-48,0.0,22
1527,1,1,508,489,19,1.0,22
1535,0,0,417,543,-126,0.0,21
1535,1,1,453,492,-39,0.0,23
1543,0,0,407,396,11,1.0,27
1543,1,1,495,396,99,1.0,28
1551,0,0,411,555,-144,0.0,21
1551,1,1,463,465,-2,0.0,24
1559,0,0,538,457,81,1.0,24
1559,1,1,512,543,-31,0.0,23
1567,0,0,495,400,95,1.0,23
1567,1,1,502,487,15,1.0,24
1575,0,0,522,455,67,1.0,20
1575,1,1,441,493,-52,0.0,22
1583,0,0,503,382,121,1.0,26
1583,1,1,399,508,-109,0.0,24
1591,0,0,517,412,105,1.0,25
1591,1,1,548,413,135,1.0,22
1599,0,0,445,401,44,1.0,28
1599,1,1,373,350,23,1.0,26
1607,0,0,525,415,110,1.0,30
1607,1,1,453,436,17,1.0,22
1615,0,0,474,503,-29,0.0,21
1615,1,1,512,419,93,1.0,26
1623,0,0,461,506,-45,0.0,25
1623,1,1,526,393,133,1.0,29
1631,0,0,409,417,-8,0.0,25
1631,1,1,576,472,104,1.0,21
1639,0,0,488,457,31,1.0,27
1639,1,1,508,407,101,1.0,26
1647,0,0,460,520,-60,0.0,22
1647,1,1,537,610,-73,0.0,21
1655,0,0,319,452,-133,0.0,28
1655,1,1,463,442,21,1.0,22
1663,0,0,531,428,103,1.0,24
1663,1,1,529,470,59,1.0,27
1671,0,0,454,482,-28,0.0,24
1671,1,1,528,414,114,1.0,27
1679,0,0,469,416,53,1.0,23
1679,1,1,443,428,15,1.0,26
1687,0,0,520,379,141,1.0,25
1687,1,1,388,479,-91,0.0,22
1695,0,0,511,390,121,1.0,32
1695,1,1,334,494,-160,0.0,25
1703,0,0,468,433,35,1.0,25
1703,1,1,553,340,213,1.0,27
1711,0,0,411,566,-155,0.0,21
1711,1,1,584,417,167,1.0,19
1719,0,0,392,525,-133,0.0,24
1719,1,1,480,452,28,1.0,26
1727,0,0,485,495,-10,0.0,26
1727,1,1,317,511,-194,0.0,24
1735,0,0,433,495,-62,0.0,26
1735,1,1,458,429,29,1.0,28
1743,0,0,456,496,-40,0.0,27
1743,1,1,555,498,57,1.0,26
1751,0,0,503,524,-21,0.0,25
1751,1,1,441,476,-35,0.0,23
1759,0,0,491,466,25,1.0,22
1759,1,1,499,421,78,1.0,20
1767,0,0,432,425,7,1.0,34
1767,1,1,513,296,217,1.0,41
1775,0,0,455,571,-116,0.0,24
1775,1,1,564,480,84,1.0,22
1783,0,0,567,400,167,1.0,22
1783,1,1,300,554,-254,0.0,25
1791,0,0,445,478,-33,0.0,23
1791,1,1,469,509,-40,0.0,22
1799,0,0,481,446,35,1.0,27
1799,1,1,515,423,92,1.0,27
1807,0,0,569,480,89,1.0,24
1807,1,1,534,541,-7,0.0,21
1815,0,0,532,398,134,1.0,31
1815,1,1,481,454,27,1.0,25
1823,0,0,547,452,95,1.0,24
1823,1,1,429,507,-78,0.0,20
1831,0,0,383,536,-153,0.0,24
1831,1,1,555,462,93,1.0,21
1839,0,0,314,584,-270,0.0,27
1839,1,1,554,323,231,1.0,28
1847,0,0,444,575,-131,0.0,27
1847,1,1,548,384,164,1.0,25
1855,0,0,479,437,42,1.0,28
1855,1,1,425,494,-69,0.0,28
1863,0,0,521,472,49,1.0,26
1863,1,1,487,506,-19,0.0,26
1871,0,0,432,466,-34,0.0,24
1871,1,1,496,392,104,1.0,23
1879,0,0,481,345,136,1.0,27
1879,1,1,496,493,3,1.0,22
1887,0,0,655,461,194,1.0,24
1887,1,1,499,447,52,1.0,23
1895,0,0,516,557,-41,0.0,22
1895,1,1,609,479,130,1.0,25
1903,0,0,491,397,94,1.0,27
1903,1,1,449,500,-51,0.0,25
1911,0,0,456,493,-37,0.0,26
1911,1,1,570,478,92,1.0,26
1919,0,0,487,400,87,1.0,32
1919,1,1,397,520,-123,0.0,25
1927,0,0,479,459,20,1.0,34
1927,1,1,431,530,-99,0.0,26
1935,0,0,390,381,9,1.0,39
1935,1,1,484,450,34,1.0,34
1943,0,0,506,449,57,1.0,28
1943,1,1,361,544,-183,0.0,23
1951,0,0,440,365,75,1.0,31
1951,1,1,391,443,-52,0.0,28
1959,0,0,557,327,230,1.0,22
1959,1,1,368,629,-261,0.0,22
1967,0,0,499,447,52,1.0,27
1967,1,1,511,424,87,1.0,28
1975,0,0,614,342,272,1.0,30
1975,1,1,470,476,-6,0.0,25
1983,0,0,415,512,-97,0.0,27
1983,1,1,579,369,210,1.0,28
1991,0,0,527,515,12,1.0,22
1991,1,1,480,443,37,1.0,23
1999,0,0,669,341,328,1.0,24
1999,1,1,442,421,21,1.0,28
