pair,game,a_seat,a_score,b_score,a_spread,a_win,turns
0,0,0,532,336,196,1.0,22
0,1,1,462,521,-59,0.0,23
8,0,0,469,476,-7,0.0,22
8,1,1,348,397,-49,0.0,24
16,0,0,523,434,89,1.0,23
16,1,1,404,468,-64,0.0,22
24,0,0,527,389,138,1.0,23
24,1,1,425,427,-2,0.0,28
32,0,0,468,540,-72,0.0,24
32,1,1,468,409,59,1.0,21
40,0,0,380,422,-42,0.0,25
40,1,1,404,371,33,1.0,23
48,0,0,387,407,-20,0.0,23
48,1,1,435,315,120,1.0,25
56,0,0,452,528,-76,0.0,25
56,1,1,412,441,-29,0.0,24
64,0,0,402,485,-83,0.0,20
64,1,1,430,487,-57,0.0,30
72,0,0,349,627,-278,0.0,20
72,1,1,483,341,142,1.0,25
80,0,0,404,475,-71,0.0,21
80,1,1,546,435,111,1.0,22
88,0,0,458,433,25,1.0,22
88,1,1,513,424,89,1.0,24
96,0,0,393,399,-6,0.0,24
96,1,1,466,427,39,1.0,22
104,0,0,399,496,-97,0.0,25
104,1,1,404,437,-33,0.0,24
112,0,0,442,370,72,1.0,23
112,1,1,438,482,-44,0.0,28
120,0,0,489,275,214,1.0,25
120,1,1,437,493,-56,0.0,29
128,0,0,470,393,77,1.0,23
128,1,1,326,398,-72,0.0,25
136,0,0,412,408,4,1.0,25
136,1,1,404,439,-35,0.0,26
144,0,0,459,344,115,1.0,27
144,1,1,401,470,-69,0.0,25
152,0,0,427,354,73,1.0,26
152,1,1,291,528,-237,0.0,29
160,0,0,512,338,174,1.0,25
160,1,1,324,479,-155,0.0,21
168,0,0,417,536,-119,0.0,22
168,1,1,464,433,31,1.0,23
176,0,0,451,452,-1,0.0,22
176,1,1,349,378,-29,0.0,24
184,0,0,429,360,69,1.0,29
184,1,1,440,412,28,1.0,23
192,0,0,551,415,136,1.0,25
192,1,1,437,430,7,1.0,23
200,0,0,397,381,16,1.0,23
200,1,1,422,458,-36,0.0,27
208,0,0,413,467,-54,0.0,21
208,1,1,502,432,70,1.0,22
216,0,0,540,469,71,1.0,25
216,1,1,419,519,-100,0.0,23
224,0,0,509,478,31,1.0,27
224,1,1,433,412,21,1.0,23
232,0,0,464,407,57,1.0,22
232,1,1,457,400,57,1.0,23
240,0,0,481,446,35,1.0,26
240,1,1,264,439,-175,0.0,28
248,0,0,479,365,114,1.0,29
248,1,1,400,427,-27,0.0,27
256,0,0,442,399,43,1.0,29
256,1,1,325,466,-141,0.0,28
264,0,0,532,388,144,1.0,22
264,1,1,358,433,-75,0.0,29
272,0,0,476,395,81,1.0,21
272,1,1,498,449,49,1.0,23
280,0,0,391,484,-93,0.0,26
280,1,1,516,386,130,1.0,24
288,0,0,420,414,6,1.0,26
288,1,1,449,397,52,1.0,25
296,0,0,485,429,56,1.0,22
296,1,1,442,437,5,1.0,23
304,0,0,417,461,-44,0.0,21
304,1,1,478,361,117,1.0,22
312,0,0,391,388,3,1.0,26
312,1,1,423,523,-100,0.0,21
320,0,0,345,421,-76,0.0,25
320,1,1,455,366,89,1.0,24
328,0,0,432,466,-34,0.0,26
328,1,1,442,513,-71,0.0,21
336,0,0,354,558,-204,0.0,24
336,1,1,539,507,32,1.0,24
344,0,0,424,603,-179,0.0,22
344,1,1,513,406,107,1.0,23
352,0,0,384,511,-127,0.0,24
352,1,1,414,480,-66,0.0,25
360,0,0,386,359,27,1.0,30
360,1,1,423,430,-7,0.0,29
368,0,0,415,352,63,1.0,21
368,1,1,389,453,-64,0.0,21
376,0,0,514,384,130,1.0,21
376,1,1,468,449,19,1.0,24
384,0,0,630,463,167,1.0,22
384,1,1,527,402,125,1.0,20
392,0,0,405,447,-42,0.0,24
392,1,1,488,391,97,1.0,23
400,0,0,404,527,-123,0.0,23
400,1,1,487,461,26,1.0,22
408,0,0,439,409,30,1.0,22
408,1,1,465,429,36,1.0,23
416,0,0,392,495,-103,0.0,22
416,1,1,460,445,15,1.0,23
424,0,0,460,421,39,1.0,23
424,1,1,398,533,-135,0.0,21
432,0,0,371,421,-50,0.0,28
432,1,1,392,399,-7,0.0,23
440,0,0,587,499,88,1.0,22
440,1,1,449,391,58,1.0,22
448,0,0,450,360,90,1.0,22
448,1,1,341,448,-107,0.0,25
456,0,0,354,379,-25,0.0,26
456,1,1,474,371,103,1.0,20
464,0,0,465,351,114,1.0,28
464,1,1,435,500,-65,0.0,25
472,0,0,448,479,-31,0.0,26
472,1,1,524,440,84,1.0,24
480,0,0,339,546,-207,0.0,21
480,1,1,495,349,146,1.0,25
488,0,0,506,470,36,1.0,20
488,1,1,464,461,3,1.0,22
496,0,0,446,412,34,1.0,22
496,1,1,414,348,66,1.0,22
504,0,0,459,499,-40,0.0,25
504,1,1,443,369,74,1.0,22
512,0,0,463,415,48,1.0,23
512,1,1,383,460,-77,0.0,24
520,0,0,442,368,74,1.0,27
520,1,1,486,274,212,1.0,24
528,0,0,501,379,122,1.0,21
528,1,1,419,520,-101,0.0,25
536,0,0,351,454,-103,0.0,23
536,1,1,423,439,-16,0.0,28
544,0,0,389,398,-9,0.0,25
544,1,1,528,345,183,1.0,28
552,0,0,434,429,5,1.0,21
552,1,1,442,413,29,1.0,23
560,0,0,488,411,77,1.0,19
560,1,1,463,464,-1,0.0,24
568,0,0,483,373,110,1.0,23
568,1,1,492,409,83,1.0,26
576,0,0,452,420,32,1.0,23
576,1,1,364,463,-99,0.0,24
584,0,0,453,436,17,1.0,21
584,1,1,292,497,-205,0.0,23
592,0,0,366,458,-92,0.0,27
592,1,1,367,405,-38,0.0,28
600,0,0,385,438,-53,0.0,27
600,1,1,448,493,-45,0.0,29
608,0,0,397,391,6,1.0,26
608,1,1,413,430,-17,0.0,26
616,0,0,401,458,-57,0.0,26
616,1,1,358,437,-79,0.0,27
624,0,0,466,498,-32,0.0,19
624,1,1,409,541,-132,0.0,22
632,0,0,319,510,-191,0.0,28
632,1,1,542,378,164,1.0,21
640,0,0,522,511,11,1.0,21
640,1,1,393,396,-3,0.0,25
648,0,0,437,494,-57,0.0,24
648,1,1,391,469,-78,0.0,21
656,0,0,432,437,-5,0.0,23
656,1,1,390,399,-9,0.0,28
664,0,0,486,421,65,1.0,23
664,1,1,419,495,-76,0.0,27
672,0,0,429,403,26,1.0,23
672,1,1,277,413,-136,0.0,31
680,0,0,497,431,66,1.0,24
680,1,1,447,368,79,1.0,23
688,0,0,510,470,40,1.0,23
688,1,1,457,539,-82,0.0,21
696,0,0,387,392,-5,0.0,27
696,1,1,478,452,26,1.0,22
704,0,0,442,436,6,1.0,26
704,1,1,429,395,34,1.0,26
712,0,0,378,415,-37,0.0,26
712,1,1,444,613,-169,0.0,22
720,0,0,409,579,-170,0.0,20
720,1,1,473,456,17,1.0,24
728,0,0,404,456,-52,0.0,22
728,1,1,363,393,-30,0.0,24
736,0,0,493,337,156,1.0,27
736,1,1,385,547,-162,0.0,24
744,0,0,412,449,-37,0.0,26
744,1,1,400,419,-19,0.0,26
752,0,0,388,437,-49,0.0,26
752,1,1,416,335,81,1.0,25
760,0,0,362,549,-187,0.0,22
760,1,1,490,407,83,1.0,23
768,0,0,439,506,-67,0.0,25
768,1,1,459,489,-30,0.0,21
776,0,0,483,402,81,1.0,27
776,1,1,397,427,-30,0.0,25
784,0,0,443,477,-34,0.0,24
784,1,1,403,496,-93,0.0,23
792,0,0,429,397,32,1.0,24
792,1,1,445,450,-5,0.0,24
800,0,0,376,447,-71,0.0,24
800,1,1,442,382,60,1.0,20
808,0,0,528,337,191,1.0,23
808,1,1,326,427,-101,0.0,22
816,0,0,434,502,-68,0.0,25
816,1,1,402,383,19,1.0,23
824,0,0,360,519,-159,0.0,24
824,1,1,539,309,230,1.0,28
832,0,0,523,393,130,1.0,24
832,1,1,388,526,-138,0.0,26
840,0,0,394,407,-13,0.0,33
840,1,1,358,395,-37,0.0,29
848,0,0,549,415,134,1.0,23
848,1,1,487,526,-39,0.0,21
856,0,0,403,424,-21,0.0,22
856,1,1,413,539,-126,0.0,22
864,0,0,487,440,47,1.0,23
864,1,1,435,504,-69,0.0,24
872,0,0,368,488,-120,0.0,28
872,1,1,414,421,-7,0.0,23
880,0,0,447,388,59,1.0,20
880,1,1,369,550,-181,0.0,23
888,0,0,459,420,39,1.0,25
888,1,1,362,404,-42,0.0,28
896,0,0,427,487,-60,0.0,20
896,1,1,480,401,79,1.0,22
904,0,0,432,353,79,1.0,26
904,1,1,353,473,-120,0.0,27
912,0,0,373,439,-66,0.0,22
912,1,1,482,518,-36,0.0,22
920,0,0,580,538,42,1.0,19
920,1,1,483,553,-70,0.0,19
928,0,0,359,494,-135,0.0,18
928,1,1,508,445,63,1.0,24
936,0,0,425,382,43,1.0,25
936,1,1,360,437,-77,0.0,28
944,0,0,463,428,35,1.0,25
944,1,1,397,478,-81,0.0,24
952,0,0,488,445,43,1.0,22
952,1,1,317,439,-122,0.0,31
960,0,0,399,441,-42,0.0,22
960,1,1,429,425,4,1.0,25
968,0,0,403,430,-27,0.0,26
968,1,1,388,498,-110,0.0,25
976,0,0,378,453,-75,0.0,24
976,1,1,545,422,123,1.0,22
984,0,0,510,341,169,1.0,25
984,1,1,371,446,-75,0.0,27
992,0,0,645,340,305,1.0,19
992,1,1,390,524,-134,0.0,23
1000,0,0,490,392,98,1.0,23
1000,1,1,468,618,-150,0.0,19
1008,0,0,486,506,-20,0.0,23
1008,1,1,469,442,27,1.0,21
1016,0,0,391,491,-100,0.0,20
1016,1,1,511,537,-26,0.0,20
1024,0,0,416,422,-6,0.0,26
1024,1,1,467,381,86,1.0,24
1032,0,0,371,485,-114,0.0,24
1032,1,1,437,400,37,1.0,25
1040,0,0,465,428,37,1.0,23
1040,1,1,421,467,-46,0.0,23
1048,0,0,436,474,-38,0.0,25
1048,1,1,480,432,48,1.0,24
1056,0,0,467,375,92,1.0,21
1056,1,1,473,504,-31,0.0,24
1064,0,0,471,377,94,1.0,25
1064,1,1,337,435,-98,0.0,26
1072,0,0,479,393,86,1.0,24
1072,1,1,388,484,-96,0.0,23
1080,0,0,408,453,-45,0.0,25
1080,1,1,449,459,-10,0.0,19
1088,0,0,388,486,-98,0.0,24
1088,1,1,465,391,74,1.0,22
1096,0,0,310,338,-28,0.0,24
1096,1,1,438,390,48,1.0,28
1104,0,0,462,436,26,1.0,27
1104,1,1,498,415,83,1.0,21
1112,0,0,501,428,73,1.0,22
1112,1,1,358,518,-160,0.0,21
1120,0,0,443,386,57,1.0,23
1120,1,1,529,466,63,1.0,22
1128,0,0,455,425,30,1.0,20
1128,1,1,372,548,-176,0.0,19
1136,0,0,523,443,80,1.0,22
1136,1,1,343,456,-113,0.0,29
1144,0,0,398,481,-83,0.0,27
1144,1,1,498,421,77,1.0,26
1152,0,0,471,390,81,1.0,22
1152,1,1,381,503,-122,0.0,23
1160,0,0,465,356,109,1.0,24
1160,1,1,386,515,-129,0.0,21
1168,0,0,483,392,91,1.0,30
1168,1,1,414,520,-106,0.0,25
1176,0,0,418,596,-178,0.0,20
1176,1,1,347,440,-93,0.0,26
1184,0,0,469,329,140,1.0,28
1184,1,1,306,531,-225,0.0,22
1192,0,0,365,359,6,1.0,33
1192,1,1,433,477,-44,0.0,22
1200,0,0,455,406,49,1.0,24
1200,1,1,317,486,-169,0.0,26
1208,0,0,446,396,50,1.0,27
1208,1,1,404,470,-66,0.0,23
1216,0,0,432,381,51,1.0,24
1216,1,1,459,428,31,1.0,21
1224,0,0,463,389,74,1.0,24
1224,1,1,336,512,-176,0.0,25
1232,0,0,411,409,2,1.0,25
1232,1,1,434,395,39,1.0,26
1240,0,0,470,404,66,1.0,21
1240,1,1,434,456,-22,0.0,23
1248,0,0,452,475,-23,0.0,21
1248,1,1,386,412,-26,0.0,21
1256,0,0,438,443,-5,0.0,25
1256,1,1,384,437,-53,0.0,23
1264,0,0,457,380,77,1.0,24
1264,1,1,445,388,57,1.0,25
1272,0,0,598,389,209,1.0,20
1272,1,1,463,494,-31,0.0,22
1280,0,0,529,442,87,1.0,26
1280,1,1,473,482,-9,0.0,24
1288,0,0,431,412,19,1.0,28
1288,1,1,476,425,51,1.0,21
1296,0,0,592,377,215,1.0,21
1296,1,1,424,570,-146,0.0,24
1304,0,0,436,437,-1,0.0,23
1304,1,1,397,522,-125,0.0,27
1312,0,0,414,510,-96,0.0,24
1312,1,1,537,390,147,1.0,24
1320,0,0,333,526,-193,0.0,25
1320,1,1,435,348,87,1.0,26
1328,0,0,441,478,-37,0.0,24
1328,1,1,432,444,-12,0.0,25
1336,0,0,461,445,16,1.0,34
1336,1,1,325,461,-136,0.0,29
1344,0,0,569,350,219,1.0,23
1344,1,1,362,551,-189,0.0,27
1352,0,0,447,431,16,1.0,20
1352,1,1,330,390,-60,0.0,27
1360,0,0,528,393,135,1.0,25
1360,1,1,456,460,-4,0.0,24
1368,0,0,364,434,-70,0.0,24
1368,1,1,350,479,-129,0.0,24
1376,0,0,413,518,-105,0.0,22
1376,1,1,450,426,24,1.0,23
1384,0,0,373,418,-45,0.0,27
1384,1,1,439,436,3,1.0,23
1392,0,0,496,342,154,1.0,24
1392,1,1,486,541,-55,0.0,23
1400,0,0,378,458,-80,0.0,24
1400,1,1,419,385,34,1.0,25
1408,0,0,401,426,-25,0.0,22
1408,1,1,474,442,32,1.0,24
1416,0,0,453,425,28,1.0,23
1416,1,1,422,430,-8,0.0,23
1424,0,0,407,411,-4,0.0,25
1424,1,1,370,416,-46,0.0,28
1432,0,0,520,488,32,1.0,21
1432,1,1,415,509,-94,0.0,23
1440,0,0,445,413,32,1.0,24
1440,1,1,504,438,66,1.0,22
1448,0,0,517,501,16,1.0,21
1448,1,1,436,512,-76,0.0,21
1456,0,0,417,437,-20,0.0,26
1456,1,1,475,512,-37,0.0,23
1464,0,0,512,378,134,1.0,23
1464,1,1,408,550,-142,0.0,21
1472,0,0,371,473,-102,0.0,22
1472,1,1,522,380,142,1.0,20
1480,0,0,351,563,-212,0.0,24
1480,1,1,427,361,66,1.0,27
1488,0,0,481,393,88,1.0,24
1488,1,1,315,470,-155,0.0,23
1496,0,0,442,501,-59,0.0,23
1496,1,1,480,449,31,1.0,23
1504,0,0,365,414,-49,0.0,25
1504,1,1,443,400,43,1.0,30
1512,0,0,554,330,224,1.0,23
1512,1,1,395,412,-17,0.0,26
1520,0,0,451,423,28,1.0,22
1520,1,1,451,505,-54,0.0,20
1528,0,0,376,419,-43,0.0,27
1528,1,1,377,403,-26,0.0,30
1536,0,0,343,343,0,0.5,28
1536,1,1,439,382,57,1.0,25
1544,0,0,379,423,-44,0.0,24
1544,1,1,387,356,31,1.0,34
1552,0,0,415,338,77,1.0,28
1552,1,1,459,388,71,1.0,23
1560,0,0,429,433,-4,0.0,23
1560,1,1,434,489,-55,0.0,21
1568,0,0,399,333,66,1.0,34
1568,1,1,438,374,64,1.0,22
1576,0,0,480,371,109,1.0,27
1576,1,1,434,397,37,1.0,25
1584,0,0,387,506,-119,0.0,25
1584,1,1,524,322,202,1.0,22
1592,0,0,454,372,82,1.0,26
1592,1,1,347,593,-246,0.0,23
1600,0,0,490,403,87,1.0,23
1600,1,1,421,434,-13,0.0,23
1608,0,0,353,543,-190,0.0,24
1608,1,1,446,464,-18,0.0,20
1616,0,0,450,460,-10,0.0,23
1616,1,1,449,490,-41,0.0,21
1624,0,0,592,375,217,1.0,22
1624,1,1,355,508,-153,0.0,20
1632,0,0,459,394,65,1.0,21
1632,1,1,453,468,-15,0.0,26
1640,0,0,466,377,89,1.0,26
1640,1,1,389,634,-245,0.0,21
1648,0,0,464,396,68,1.0,27
1648,1,1,337,366,-29,0.0,34
1656,0,0,382,462,-80,0.0,24
1656,1,1,560,406,154,1.0,23
1664,0,0,456,507,-51,0.0,21
1664,1,1,514,415,99,1.0,24
1672,0,0,402,470,-68,0.0,26
1672,1,1,434,474,-40,0.0,25
1680,0,0,405,420,-15,0.0,23
1680,1,1,425,416,9,1.0,28
1688,0,0,443,362,81,1.0,25
1688,1,1,461,367,94,1.0,26
1696,0,0,443,428,15,1.0,25
1696,1,1,435,369,66,1.0,28
1704,0,0,479,495,-16,0.0,23
1704,1,1,481,400,81,1.0,23
1712,0,0,395,575,-180,0.0,24
1712,1,1,522,429,93,1.0,22
1720,0,0,519,377,142,1.0,21
1720,1,1,399,529,-130,0.0,25
1728,0,0,447,444,3,1.0,27
1728,1,1,415,418,-3,0.0,27
1736,0,0,421,400,21,1.0,21
1736,1,1,395,408,-13,0.0,20
1744,0,0,307,394,-87,0.0,25
1744,1,1,436,358,78,1.0,27
1752,0,0,420,402,18,1.0,26
1752,1,1,499,466,33,1.0,20
1760,0,0,465,319,146,1.0,21
1760,1,1,508,427,81,1.0,20
1768,0,0,422,494,-72,0.0,25
1768,1,1,499,519,-20,0.0,20
1776,0,0,384,477,-93,0.0,26
1776,1,1,355,435,-80,0.0,28
1784,0,0,469,367,102,1.0,24
1784,1,1,360,545,-185,0.0,25
1792,0,0,427,515,-88,0.0,28
1792,1,1,393,479,-86,0.0,25
1800,0,0,452,387,65,1.0,25
1800,1,1,394,370,24,1.0,27
1808,0,0,512,443,69,1.0,22
1808,1,1,425,462,-37,0.0,22
1816,0,0,484,492,-8,0.0,21
1816,1,1,435,430,5,1.0,23
1824,0,0,443,369,74,1.0,25
1824,1,1,464,404,60,1.0,24
1832,0,0,563,446,117,1.0,21
1832,1,1,411,548,-137,0.0,19
1840,0,0,362,463,-101,0.0,21
1840,1,1,380,465,-85,0.0,23
1848,0,0,492,325,167,1.0,23
1848,1,1,349,432,-83,0.0,26
1856,0,0,551,389,162,1.0,25
1856,1,1,388,560,-172,0.0,23
1864,0,0,556,448,108,1.0,26
1864,1,1,433,405,28,1.0,25
1872,0,0,439,387,52,1.0,25
1872,1,1,528,414,114,1.0,22
1880,0,0,436,409,27,1.0,24
1880,1,1,389,417,-28,0.0,23
1888,0,0,422,388,34,1.0,23
1888,1,1,392,462,-70,0.0,26
1896,0,0,484,385,99,1.0,30
1896,1,1,404,468,-64,0.0,24
1904,0,0,395,515,-120,0.0,22
1904,1,1,470,450,20,1.0,21
1912,0,0,488,400,88,1.0,23
1912,1,1,449,442,7,1.0,21
1920,0,0,453,467,-14,0.0,31
1920,1,1,379,448,-69,0.0,25
1928,0,0,443,476,-33,0.0,22
1928,1,1,451,347,104,1.0,34
1936,0,0,437,355,82,1.0,25
1936,1,1,466,389,77,1.0,24
1944,0,0,498,318,180,1.0,24
1944,1,1,457,503,-46,0.0,22
1952,0,0,425,468,-43,0.0,27
1952,1,1,386,418,-32,0.0,28
1960,0,0,303,498,-195,0.0,24
1960,1,1,389,405,-16,0.0,23
1968,0,0,382,392,-10,0.0,24
1968,1,1,380,441,-61,0.0,27
1976,0,0,331,499,-168,0.0,26
1976,1,1,417,450,-33,0.0,21
1984,0,0,534,430,104,1.0,22
1984,1,1,461,534,-73,0.0,22
1992,0,0,561,400,161,1.0,23
1992,1,1,331,498,-167,0.0,23
pair,game,a_seat,a_score,b_score,a_spread,a_win,turns
1,0,0,400,432,-32,0.0,23
1,1,1,401,362,39,1.0,22
9,0,0,329,365,-36,0.0,28
9,1,1,338,396,-58,0.0,26
17,0,0,391,385,6,1.0,25
17,1,1,497,363,134,1.0,25
25,0,0,385,484,-99,0.0,23
25,1,1,385,485,-100,0.0,21
33,0,0,409,538,-129,0.0,21
33,1,1,592,386,206,1.0,21
41,0,0,422,458,-36,0.0,21
41,1,1,488,390,98,1.0,21
49,0,0,434,439,-5,0.0,23
49,1,1,400,444,-44,0.0,21
57,0,0,447,522,-75,0.0,22
57,1,1,393,510,-117,0.0,26
65,0,0,444,452,-8,0.0,22
65,1,1,521,560,-39,0.0,21
73,0,0,416,491,-75,0.0,25
73,1,1,406,387,19,1.0,24
81,0,0,373,449,-76,0.0,22
81,1,1,438,346,92,1.0,24
89,0,0,387,499,-112,0.0,21
89,1,1,506,303,203,1.0,25
97,0,0,380,387,-7,0.0,25
97,1,1,417,383,34,1.0,26
105,0,0,511,347,164,1.0,25
105,1,1,339,493,-154,0.0,25
113,0,0,278,521,-243,0.0,23
113,1,1,472,420,52,1.0,20
121,0,0,471,498,-27,0.0,23
121,1,1,563,420,143,1.0,23
129,0,0,381,411,-30,0.0,26
129,1,1,402,399,3,1.0,25
137,0,0,364,439,-75,0.0,26
137,1,1,449,382,67,1.0,25
145,0,0,333,378,-45,0.0,24
145,1,1,416,490,-74,0.0,25
153,0,0,445,457,-12,0.0,23
153,1,1,386,455,-69,0.0,26
161,0,0,421,467,-46,0.0,21
161,1,1,422,476,-54,0.0,24
169,0,0,524,416,108,1.0,23
169,1,1,426,515,-89,0.0,20
177,0,0,435,456,-21,0.0,23
177,1,1,483,474,9,1.0,22
185,0,0,444,400,44,1.0,28
185,1,1,398,444,-46,0.0,25
193,0,0,365,439,-74,0.0,26
193,1,1,489,332,157,1.0,23
201,0,0,396,445,-49,0.0,25
201,1,1,485,406,79,1.0,25
209,0,0,480,475,5,1.0,24
209,1,1,459,447,12,1.0,23
217,0,0,420,367,53,1.0,24
217,1,1,422,393,29,1.0,22
225,0,0,447,473,-26,0.0,23
225,1,1,529,459,70,1.0,23
233,0,0,419,443,-24,0.0,23
233,1,1,507,357,150,1.0,29
241,0,0,401,455,-54,0.0,24
241,1,1,460,442,18,1.0,21
249,0,0,519,403,116,1.0,22
249,1,1,365,503,-138,0.0,21
257,0,0,525,384,141,1.0,24
257,1,1,343,465,-122,0.0,26
265,0,0,366,444,-78,0.0,22
265,1,1,469,370,99,1.0,23
273,0,0,544,458,86,1.0,21
273,1,1,448,543,-95,0.0,21
281,0,0,359,421,-62,0.0,24
281,1,1,360,484,-124,0.0,25
289,0,0,467,445,22,1.0,22
289,1,1,493,354,139,1.0,19
297,0,0,494,444,50,1.0,23
297,1,1,436,455,-19,0.0,22
305,0,0,440,427,13,1.0,23
305,1,1,467,445,22,1.0,23
313,0,0,349,534,-185,0.0,24
313,1,1,469,456,13,1.0,24
321,0,0,414,522,-108,0.0,31
321,1,1,552,384,168,1.0,21
329,0,0,392,497,-105,0.0,24
329,1,1,549,322,227,1.0,25
337,0,0,319,453,-134,0.0,25
337,1,1,561,430,131,1.0,23
345,0,0,309,505,-196,0.0,24
345,1,1,499,446,53,1.0,20
353,0,0,422,481,-59,0.0,25
353,1,1,588,487,101,1.0,20
361,0,0,426,525,-99,0.0,21
361,1,1,525,426,99,1.0,21
369,0,0,356,438,-82,0.0,22
369,1,1,457,434,23,1.0,24
377,0,0,468,463,5,1.0,22
377,1,1,409,417,-8,0.0,24
385,0,0,513,372,141,1.0,32
385,1,1,377,457,-80,0.0,26
393,0,0,526,417,109,1.0,24
393,1,1,564,548,16,1.0,22
401,0,0,373,439,-66,0.0,24
401,1,1,411,427,-16,0.0,23
409,0,0,436,418,18,1.0,26
409,1,1,464,438,26,1.0,24
417,0,0,398,438,-40,0.0,23
417,1,1,502,479,23,1.0,25
425,0,0,465,406,59,1.0,26
425,1,1,406,476,-70,0.0,22
433,0,0,470,424,46,1.0,24
433,1,1,365,495,-130,0.0,28
441,0,0,369,505,-136,0.0,23
441,1,1,469,387,82,1.0,23
449,0,0,514,353,161,1.0,21
449,1,1,427,482,-55,0.0,21
457,0,0,445,443,2,1.0,24
457,1,1,403,408,-5,0.0,23
465,0,0,439,530,-91,0.0,28
465,1,1,425,424,1,1.0,27
473,0,0,409,367,42,1.0,30
473,1,1,433,456,-23,0.0,24
481,0,0,387,588,-201,0.0,21
481,1,1,489,505,-16,0.0,21
489,0,0,460,470,-10,0.0,25
489,1,1,418,470,-52,0.0,22
497,0,0,466,455,11,1.0,20
497,1,1,437,475,-38,0.0,26
505,0,0,388,503,-115,0.0,26
505,1,1,401,455,-54,0.0,24
513,0,0,385,355,30,1.0,28
513,1,1,453,401,52,1.0,21
521,0,0,436,436,0,0.5,23
521,1,1,396,404,-8,0.0,23
529,0,0,435,445,-10,0.0,24
529,1,1,469,412,57,1.0,22
537,0,0,438,454,-16,0.0,23
537,1,1,495,481,14,1.0,24
545,0,0,565,448,117,1.0,24
545,1,1,408,511,-103,0.0,24
553,0,0,386,457,-71,0.0,24
553,1,1,516,426,90,1.0,24
561,0,0,372,352,20,1.0,30
561,1,1,525,433,92,1.0,26
569,0,0,487,347,140,1.0,18
569,1,1,451,499,-48,0.0,22
577,0,0,435,397,38,1.0,24
577,1,1,311,476,-165,0.0,26
585,0,0,553,436,117,1.0,26
585,1,1,410,408,2,1.0,25
593,0,0,492,401,91,1.0,23
593,1,1,311,479,-168,0.0,26
601,0,0,493,431,62,1.0,22
601,1,1,474,472,2,1.0,21
609,0,0,399,531,-132,0.0,27
609,1,1,422,345,77,1.0,30
617,0,0,461,376,85,1.0,24
617,1,1,481,471,10,1.0,27
625,0,0,358,540,-182,0.0,22
625,1,1,373,462,-89,0.0,22
633,0,0,470,445,25,1.0,27
633,1,1,408,388,20,1.0,26
641,0,0,344,545,-201,0.0,21
641,1,1,407,506,-99,0.0,21
649,0,0,437,497,-60,0.0,26
649,1,1,455,451,4,1.0,28
657,0,0,393,501,-108,0.0,25
657,1,1,400,672,-272,0.0,24
665,0,0,470,423,47,1.0,23
665,1,1,301,503,-202,0.0,22
673,0,0,458,449,9,1.0,22
673,1,1,454,446,8,1.0,24
681,0,0,449,554,-105,0.0,21
681,1,1,440,470,-30,0.0,23
689,0,0,409,479,-70,0.0,23
689,1,1,450,487,-37,0.0,26
697,0,0,400,570,-170,0.0,20
697,1,1,554,377,177,1.0,23
705,0,0,498,479,19,1.0,21
705,1,1,475,436,39,1.0,25
713,0,0,516,383,133,1.0,23
713,1,1,425,514,-89,0.0,20
721,0,0,380,441,-61,0.0,26
721,1,1,483,415,68,1.0,22
729,0,0,529,342,187,1.0,24
729,1,1,327,543,-216,0.0,27
737,0,0,438,367,71,1.0,26
737,1,1,409,461,-52,0.0,24
745,0,0,351,493,-142,0.0,24
745,1,1,466,350,116,1.0,24
753,0,0,495,400,95,1.0,26
753,1,1,393,447,-54,0.0,29
761,0,0,358,381,-23,0.0,30
761,1,1,391,414,-23,0.0,24
769,0,0,453,427,26,1.0,25
769,1,1,418,382,36,1.0,24
777,0,0,425,428,-3,0.0,25
777,1,1,399,452,-53,0.0,37
785,0,0,414,422,-8,0.0,30
785,1,1,431,495,-64,0.0,30
793,0,0,462,493,-31,0.0,23
793,1,1,473,493,-20,0.0,21
801,0,0,527,338,189,1.0,22
801,1,1,381,407,-26,0.0,24
809,0,0,460,428,32,1.0,23
809,1,1,476,491,-15,0.0,28
817,0,0,408,359,49,1.0,25
817,1,1,400,453,-53,0.0,28
825,0,0,511,393,118,1.0,26
825,1,1,492,495,-3,0.0,22
833,0,0,384,457,-73,0.0,23
833,1,1,415,389,26,1.0,24
841,0,0,499,444,55,1.0,18
841,1,1,323,409,-86,0.0,25
849,0,0,466,501,-35,0.0,22
849,1,1,412,392,20,1.0,28
857,0,0,333,529,-196,0.0,29
857,1,1,389,501,-112,0.0,22
865,0,0,358,469,-111,0.0,28
865,1,1,558,401,157,1.0,23
873,0,0,389,496,-107,0.0,22
873,1,1,499,349,150,1.0,23
881,0,0,526,417,109,1.0,24
881,1,1,517,455,62,1.0,23
889,0,0,518,406,112,1.0,23
889,1,1,376,443,-67,0.0,26
897,0,0,494,324,170,1.0,23
897,1,1,322,532,-210,0.0,25
905,0,0,510,444,66,1.0,27
905,1,1,390,448,-58,0.0,37
913,0,0,452,472,-20,0.0,22
913,1,1,542,365,177,1.0,21
921,0,0,478,399,79,1.0,24
921,1,1,446,465,-19,0.0,25
929,0,0,364,451,-87,0.0,24
929,1,1,429,483,-54,0.0,27
937,0,0,429,434,-5,0.0,21
937,1,1,461,467,-6,0.0,25
945,0,0,492,378,114,1.0,23
945,1,1,364,523,-159,0.0,25
953,0,0,393,469,-76,0.0,24
953,1,1,482,442,40,1.0,23
961,0,0,269,486,-217,0.0,26
961,1,1,626,368,258,1.0,23
969,0,0,345,402,-57,0.0,28
969,1,1,480,307,173,1.0,21
977,0,0,420,515,-95,0.0,21
977,1,1,513,367,146,1.0,24
985,0,0,430,437,-7,0.0,21
985,1,1,486,468,18,1.0,23
993,0,0,495,489,6,1.0,22
993,1,1,381,497,-116,0.0,22
1001,0,0,407,512,-105,0.0,23
1001,1,1,485,442,43,1.0,25
1009,0,0,492,438,54,1.0,24
1009,1,1,486,400,86,1.0,30
1017,0,0,486,492,-6,0.0,20
1017,1,1,449,506,-57,0.0,22
1025,0,0,433,481,-48,0.0,21
1025,1,1,384,482,-98,0.0,20
1033,0,0,404,448,-44,0.0,24
1033,1,1,429,551,-122,0.0,24
1041,0,0,513,442,71,1.0,24
1041,1,1,437,473,-36,0.0,23
1049,0,0,417,409,8,1.0,24
1049,1,1,353,396,-43,0.0,28
1057,0,0,381,523,-142,0.0,29
1057,1,1,454,357,97,1.0,23
1065,0,0,403,385,18,1.0,25
1065,1,1,398,421,-23,0.0,23
1073,0,0,378,463,-85,0.0,24
1073,1,1,533,416,117,1.0,26
1081,0,0,539,566,-27,0.0,22
1081,1,1,551,465,86,1.0,19
1089,0,0,493,468,25,1.0,23
1089,1,1,442,436,6,1.0,22
1097,0,0,370,540,-170,0.0,22
1097,1,1,455,333,122,1.0,26
1105,0,0,460,358,102,1.0,24
1105,1,1,407,394,13,1.0,26
1113,0,0,410,412,-2,0.0,21
1113,1,1,453,447,6,1.0,24
1121,0,0,508,414,94,1.0,25
1121,1,1,475,492,-17,0.0,22
1129,0,0,481,363,118,1.0,24
1129,1,1,411,525,-114,0.0,23
1137,0,0,438,414,24,1.0,22
1137,1,1,377,469,-92,0.0,26
1145,0,0,542,411,131,1.0,21
1145,1,1,403,607,-204,0.0,23
1153,0,0,474,436,38,1.0,29
1153,1,1,441,434,7,1.0,22
1161,0,0,408,467,-59,0.0,27
1161,1,1,474,458,16,1.0,28
1169,0,0,442,475,-33,0.0,22
1169,1,1,455,391,64,1.0,27
1177,0,0,314,503,-189,0.0,27
1177,1,1,545,276,269,1.0,23
1185,0,0,432,534,-102,0.0,24
1185,1,1,527,427,100,1.0,22
1193,0,0,342,495,-153,0.0,25
1193,1,1,435,356,79,1.0,28
1201,0,0,411,386,25,1.0,26
1201,1,1,393,478,-85,0.0,22
1209,0,0,627,407,220,1.0,24
1209,1,1,435,506,-71,0.0,23
1217,0,0,496,367,129,1.0,22
1217,1,1,395,483,-88,0.0,21
1225,0,0,436,376,60,1.0,20
1225,1,1,446,453,-7,0.0,23
1233,0,0,426,445,-19,0.0,24
1233,1,1,480,370,110,1.0,22
1241,0,0,391,496,-105,0.0,21
1241,1,1,497,404,93,1.0,21
1249,0,0,430,439,-9,0.0,29
1249,1,1,367,436,-69,0.0,26
1257,0,0,458,435,23,1.0,23
1257,1,1,407,473,-66,0.0,25
1265,0,0,399,442,-43,0.0,23
1265,1,1,436,356,80,1.0,29
1273,0,0,343,438,-95,0.0,26
1273,1,1,522,387,135,1.0,28
1281,0,0,472,368,104,1.0,26
1281,1,1,411,441,-30,0.0,24
1289,0,0,417,446,-29,0.0,25
1289,1,1,431,365,66,1.0,24
1297,0,0,556,449,107,1.0,25
1297,1,1,407,561,-154,0.0,23
1305,0,0,364,428,-64,0.0,25
1305,1,1,420,378,42,1.0,23
1313,0,0,434,457,-23,0.0,25
1313,1,1,449,405,44,1.0,24
1321,0,0,429,420,9,1.0,24
1321,1,1,492,522,-30,0.0,22
1329,0,0,455,413,42,1.0,25
1329,1,1,447,385,62,1.0,21
1337,0,0,452,430,22,1.0,24
1337,1,1,528,377,151,1.0,23
1345,0,0,411,418,-7,0.0,26
1345,1,1,399,443,-44,0.0,28
1353,0,0,452,420,32,1.0,23
1353,1,1,394,472,-78,0.0,24
1361,0,0,505,444,61,1.0,23
1361,1,1,379,466,-87,0.0,24
1369,0,0,400,481,-81,0.0,23
1369,1,1,474,497,-23,0.0,20
1377,0,0,479,495,-16,0.0,24
1377,1,1,448,459,-11,0.0,22
1385,0,0,404,485,-81,0.0,23
1385,1,1,560,398,162,1.0,23
1393,0,0,423,454,-31,0.0,23
1393,1,1,414,433,-19,0.0,28
1401,0,0,433,399,34,1.0,25
1401,1,1,368,478,-110,0.0,27
1409,0,0,525,383,142,1.0,22
1409,1,1,380,538,-158,0.0,20
1417,0,0,355,464,-109,0.0,22
1417,1,1,435,363,72,1.0,25
1425,0,0,542,439,103,1.0,20
1425,1,1,478,430,48,1.0,22
1433,0,0,425,432,-7,0.0,22
1433,1,1,501,425,76,1.0,26
1441,0,0,480,437,43,1.0,22
1441,1,1,452,436,16,1.0,25
1449,0,0,316,551,-235,0.0,29
1449,1,1,479,448,31,1.0,23
1457,0,0,475,510,-35,0.0,25
1457,1,1,477,422,55,1.0,22
1465,0,0,404,432,-28,0.0,25
1465,1,1,483,460,23,1.0,20
1473,0,0,420,425,-5,0.0,23
1473,1,1,478,429,49,1.0,24
1481,0,0,403,481,-78,0.0,28
1481,1,1,485,429,56,1.0,25
1489,0,0,438,340,98,1.0,28
1489,1,1,355,504,-149,0.0,23
1497,0,0,457,461,-4,0.0,22
1497,1,1,402,463,-61,0.0,25
1505,0,0,384,452,-68,0.0,20
1505,1,1,419,442,-23,0.0,22
1513,0,0,360,469,-109,0.0,22
1513,1,1,544,369,175,1.0,28
1521,0,0,507,448,59,1.0,19
1521,1,1,406,489,-83,0.0,21
1529,0,0,395,487,-92,0.0,29
1529,1,1,530,308,222,1.0,25
1537,0,0,433,495,-62,0.0,22
1537,1,1,553,432,121,1.0,21
1545,0,0,410,472,-62,0.0,26
1545,1,1,457,421,36,1.0,26
1553,0,0,320,409,-89,0.0,26
1553,1,1,439,396,43,1.0,25
1561,0,0,509,483,26,1.0,23
1561,1,1,435,530,-95,0.0,22
1569,0,0,393,498,-105,0.0,24
1569,1,1,450,485,-35,0.0,24
1577,0,0,463,447,16,1.0,22
1577,1,1,420,356,64,1.0,23
1585,0,0,380,436,-56,0.0,26
1585,1,1,496,431,65,1.0,26
1593,0,0,426,439,-13,0.0,24
1593,1,1,388,450,-62,0.0,22
1601,0,0,462,407,55,1.0,27
1601,1,1,393,489,-96,0.0,23
1609,0,0,342,486,-144,0.0,26
1609,1,1,440,374,66,1.0,28
1617,0,0,464,359,105,1.0,22
1617,1,1,372,460,-88,0.0,26
1625,0,0,428,368,60,1.0,28
1625,1,1,328,447,-119,0.0,31
1633,0,0,367,415,-48,0.0,20
1633,1,1,492,438,54,1.0,24
1641,0,0,407,399,8,1.0,25
1641,1,1,338,435,-97,0.0,26
1649,0,0,381,492,-111,0.0,22
1649,1,1,474,437,37,1.0,26
1657,0,0,473,486,-13,0.0,26
1657,1,1,360,496,-136,0.0,24
1665,0,0,471,386,85,1.0,22
1665,1,1,456,438,18,1.0,23
1673,0,0,511,443,68,1.0,22
1673,1,1,427,375,52,1.0,23
1681,0,0,388,471,-83,0.0,23
1681,1,1,445,383,62,1.0,21
1689,0,0,363,443,-80,0.0,25
1689,1,1,376,351,25,1.0,31
1697,0,0,527,408,119,1.0,22
1697,1,1,462,453,9,1.0,26
1705,0,0,448,465,-17,0.0,24
1705,1,1,511,495,16,1.0,23
1713,0,0,495,540,-45,0.0,21
1713,1,1,516,446,70,1.0,25
1721,0,0,434,408,26,1.0,24
1721,1,1,381,402,-21,0.0,25
1729,0,0,454,526,-72,0.0,21
1729,1,1,451,523,-72,0.0,21
1737,0,0,414,514,-100,0.0,21
1737,1,1,385,382,3,1.0,27
1745,0,0,357,448,-91,0.0,28
1745,1,1,449,400,49,1.0,23
1753,0,0,388,469,-81,0.0,26
1753,1,1,436,442,-6,0.0,22
1761,0,0,479,502,-23,0.0,22
1761,1,1,471,482,-11,0.0,20
1769,0,0,463,442,21,1.0,24
1769,1,1,485,433,52,1.0,24
1777,0,0,430,472,-42,0.0,25
1777,1,1,355,455,-100,0.0,32
1785,0,0,374,524,-150,0.0,23
1785,1,1,517,367,150,1.0,21
1793,0,0,301,541,-240,0.0,25
1793,1,1,523,353,170,1.0,24
1801,0,0,395,502,-107,0.0,25
1801,1,1,387,373,14,1.0,25
1809,0,0,366,561,-195,0.0,23
1809,1,1,528,387,141,1.0,23
1817,0,0,409,451,-42,0.0,24
1817,1,1,579,484,95,1.0,24
1825,0,0,481,487,-6,0.0,22
1825,1,1,435,415,20,1.0,25
1833,0,0,491,374,117,1.0,21
1833,1,1,390,470,-80,0.0,34
1841,0,0,463,477,-14,0.0,26
1841,1,1,436,371,65,1.0,24
1849,0,0,424,462,-38,0.0,24
1849,1,1,516,434,82,1.0,22
1857,0,0,464,456,8,1.0,26
1857,1,1,497,555,-58,0.0,19
1865,0,0,357,516,-159,0.0,23
1865,1,1,553,374,179,1.0,23
1873,0,0,281,533,-252,0.0,25
1873,1,1,528,311,217,1.0,23
1881,0,0,535,428,107,1.0,21
1881,1,1,449,571,-122,0.0,20
1889,0,0,469,463,6,1.0,22
1889,1,1,462,485,-23,0.0,22
1897,0,0,396,470,-74,0.0,25
1897,1,1,495,422,73,1.0,19
1905,0,0,379,537,-158,0.0,19
1905,1,1,530,335,195,1.0,23
1913,0,0,436,466,-30,0.0,26
1913,1,1,433,490,-57,0.0,21
1921,0,0,427,418,9,1.0,25
1921,1,1,414,449,-35,0.0,23
1929,0,0,327,560,-233,0.0,34
1929,1,1,502,245,257,1.0,25
1937,0,0,389,396,-7,0.0,27
1937,1,1,404,330,74,1.0,28
1945,0,0,462,431,31,1.0,24
1945,1,1,368,394,-26,0.0,26
1953,0,0,475,476,-1,0.0,25
1953,1,1,552,500,52,1.0,27
1961,0,0,391,419,-28,0.0,34
1961,1,1,414,424,-10,0.0,24
1969,0,0,470,450,20,1.0,24
1969,1,1,469,452,17,1.0,25
1977,0,0,442,410,32,1.0,22
1977,1,1,436,468,-32,0.0,23
1985,0,0,346,433,-87,0.0,22
1985,1,1,532,323,209,1.0,22
1993,0,0,456,443,13,1.0,23
1993,1,1,395,467,-72,0.0,29
pair,game,a_seat,a_score,b_score,a_spread,a_win,turns
2,0,0,392,478,-86,0.0,21
2,1,1,568,341,227,1.0,22
10,0,0,446,446,0,0.5,28
10,1,1,437,500,-63,0.0,25
18,0,0,355,465,-110,0.0,27
18,1,1,416,274,142,1.0,28
26,0,0,453,427,26,1.0,22
26,1,1,451,418,33,1.0,26
34,0,0,484,371,113,1.0,22
34,1,1,395,522,-127,0.0,23
42,0,0,391,512,-121,0.0,26
42,1,1,574,384,190,1.0,24
50,0,0,420,566,-146,0.0,20
50,1,1,555,456,99,1.0,21
58,0,0,474,426,48,1.0,22
58,1,1,404,399,5,1.0,24
66,0,0,486,493,-7,0.0,22
66,1,1,481,396,85,1.0,30
74,0,0,395,366,29,1.0,25
74,1,1,444,491,-47,0.0,25
82,0,0,432,507,-75,0.0,24
82,1,1,394,422,-28,0.0,25
90,0,0,525,464,61,1.0,27
90,1,1,478,359,119,1.0,30
98,0,0,436,440,-4,0.0,21
98,1,1,530,412,118,1.0,23
106,0,0,438,364,74,1.0,22
106,1,1,450,514,-64,0.0,24
114,0,0,513,385,128,1.0,27
114,1,1,308,470,-162,0.0,28
122,0,0,368,516,-148,0.0,23
122,1,1,519,375,144,1.0,27
130,0,0,423,500,-77,0.0,22
130,1,1,396,504,-108,0.0,19
138,0,0,566,400,166,1.0,24
138,1,1,433,531,-98,0.0,20
146,0,0,482,363,119,1.0,29
146,1,1,419,463,-44,0.0,23
154,0,0,492,397,95,1.0,23
154,1,1,352,490,-138,0.0,23
162,0,0,446,372,74,1.0,23
162,1,1,396,529,-133,0.0,25
170,0,0,421,421,0,0.5,29
170,1,1,386,463,-77,0.0,26
178,0,0,401,525,-124,0.0,22
178,1,1,522,388,134,1.0,22
186,0,0,501,361,140,1.0,24
186,1,1,350,570,-220,0.0,25
194,0,0,395,451,-56,0.0,26
194,1,1,424,439,-15,0.0,26
202,0,0,516,378,138,1.0,23
202,1,1,351,508,-157,0.0,24
210,0,0,593,394,199,1.0,22
210,1,1,396,505,-109,0.0,21
218,0,0,489,441,48,1.0,22
218,1,1,374,411,-37,0.0,24
226,0,0,382,464,-82,0.0,24
226,1,1,466,452,14,1.0,25
234,0,0,348,433,-85,0.0,27
234,1,1,427,477,-50,0.0,23
242,0,0,491,475,16,1.0,22
242,1,1,497,484,13,1.0,22
250,0,0,453,464,-11,0.0,25
250,1,1,475,538,-63,0.0,23
258,0,0,404,395,9,1.0,26
258,1,1,414,492,-78,0.0,25
266,0,0,469,412,57,1.0,30
266,1,1,430,450,-20,0.0,24
274,0,0,359,465,-106,0.0,26
274,1,1,449,314,135,1.0,24
282,0,0,432,422,10,1.0,25
282,1,1,450,354,96,1.0,24
290,0,0,549,407,142,1.0,24
290,1,1,413,489,-76,0.0,22
298,0,0,531,335,196,1.0,23
298,1,1,524,450,74,1.0,22
306,0,0,498,444,54,1.0,24
306,1,1,390,431,-41,0.0,25
314,0,0,420,536,-116,0.0,24
314,1,1,484,369,115,1.0,25
322,0,0,458,425,33,1.0,21
322,1,1,352,545,-193,0.0,21
330,0,0,376,404,-28,0.0,27
330,1,1,469,302,167,1.0,26
338,0,0,354,464,-110,0.0,24
338,1,1,412,401,11,1.0,24
346,0,0,424,434,-10,0.0,25
346,1,1,413,461,-48,0.0,24
354,0,0,496,451,45,1.0,26
354,1,1,428,485,-57,0.0,22
362,0,0,351,548,-197,0.0,22
362,1,1,400,391,9,1.0,28
370,0,0,367,394,-27,0.0,24
370,1,1,408,432,-24,0.0,23
378,0,0,525,393,132,1.0,23
378,1,1,296,517,-221,0.0,21
386,0,0,490,384,106,1.0,26
386,1,1,402,383,19,1.0,24
394,0,0,344,452,-108,0.0,27
394,1,1,422,519,-97,0.0,26
402,0,0,528,445,83,1.0,23
402,1,1,470,534,-64,0.0,22
410,0,0,387,409,-22,0.0,22
410,1,1,340,386,-46,0.0,24
418,0,0,379,406,-27,0.0,27
418,1,1,447,463,-16,0.0,27
426,0,0,519,356,163,1.0,22
426,1,1,335,594,-259,0.0,23
434,0,0,386,347,39,1.0,39
434,1,1,344,485,-141,0.0,26
442,0,0,469,376,93,1.0,21
442,1,1,484,476,8,1.0,23
450,0,0,387,408,-21,0.0,22
450,1,1,459,488,-29,0.0,23
458,0,0,468,385,83,1.0,25
458,1,1,312,359,-47,0.0,29
466,0,0,407,480,-73,0.0,34
466,1,1,410,430,-20,0.0,25
474,0,0,427,480,-53,0.0,23
474,1,1,381,498,-117,0.0,25
482,0,0,461,498,-37,0.0,23
482,1,1,505,394,111,1.0,30
490,0,0,360,521,-161,0.0,26
490,1,1,496,435,61,1.0,21
498,0,0,449,420,29,1.0,20
498,1,1,356,505,-149,0.0,22
506,0,0,402,510,-108,0.0,20
506,1,1,475,501,-26,0.0,23
514,0,0,363,464,-101,0.0,22
514,1,1,494,417,77,1.0,20
522,0,0,461,359,102,1.0,21
522,1,1,406,489,-83,0.0,25
530,0,0,410,426,-16,0.0,26
530,1,1,498,345,153,1.0,24
538,0,0,398,512,-114,0.0,21
538,1,1,495,394,101,1.0,20
546,0,0,444,425,19,1.0,24
546,1,1,343,468,-125,0.0,24
554,0,0,486,429,57,1.0,21
554,1,1,379,399,-20,0.0,24
562,0,0,478,462,16,1.0,25
562,1,1,489,424,65,1.0,27
570,0,0,556,355,201,1.0,23
570,1,1,411,448,-37,0.0,25
578,0,0,491,514,-23,0.0,23
578,1,1,446,543,-97,0.0,22
586,0,0,436,516,-80,0.0,24
586,1,1,443,495,-52,0.0,24
594,0,0,426,389,37,1.0,30
594,1,1,400,462,-62,0.0,26
602,0,0,393,349,44,1.0,25
602,1,1,445,511,-66,0.0,24
610,0,0,496,492,4,1.0,22
610,1,1,451,379,72,1.0,24
618,0,0,409,430,-21,0.0,25
618,1,1,422,356,66,1.0,28
626,0,0,381,420,-39,0.0,28
626,1,1,426,469,-43,0.0,23
634,0,0,596,482,114,1.0,22
634,1,1,390,526,-136,0.0,25
642,0,0,531,441,90,1.0,21
642,1,1,504,511,-7,0.0,20
650,0,0,446,517,-71,0.0,19
650,1,1,513,386,127,1.0,22
658,0,0,626,501,125,1.0,20
658,1,1,462,558,-96,0.0,20
666,0,0,452,509,-57,0.0,22
666,1,1,372,460,-88,0.0,22
674,0,0,455,508,-53,0.0,24
674,1,1,504,418,86,1.0,24
682,0,0,294,465,-171,0.0,25
682,1,1,483,284,199,1.0,25
690,0,0,494,330,164,1.0,21
690,1,1,396,468,-72,0.0,22
698,0,0,443,474,-31,0.0,23
698,1,1,425,468,-43,0.0,24
706,0,0,393,416,-23,0.0,26
706,1,1,428,450,-22,0.0,36
714,0,0,403,438,-35,0.0,28
714,1,1,420,440,-20,0.0,26
722,0,0,430,415,15,1.0,22
722,1,1,409,539,-130,0.0,23
730,0,0,431,395,36,1.0,28
730,1,1,327,456,-129,0.0,26
738,0,0,461,372,89,1.0,26
738,1,1,412,488,-76,0.0,24
746,0,0,505,439,66,1.0,19
746,1,1,488,555,-67,0.0,20
754,0,0,504,439,65,1.0,20
754,1,1,391,578,-187,0.0,21
762,0,0,447,359,88,1.0,24
762,1,1,379,413,-34,0.0,28
770,0,0,485,350,135,1.0,23
770,1,1,615,403,212,1.0,20
778,0,0,427,531,-104,0.0,20
778,1,1,493,407,86,1.0,25
786,0,0,497,379,118,1.0,24
786,1,1,503,460,43,1.0,26
794,0,0,446,439,7,1.0,24
794,1,1,417,396,21,1.0,29
802,0,0,340,471,-131,0.0,26
802,1,1,431,434,-3,0.0,25
810,0,0,505,356,149,1.0,26
810,1,1,348,524,-176,0.0,26
818,0,0,466,437,29,1.0,23
818,1,1,440,444,-4,0.0,25
826,0,0,426,470,-44,0.0,24
826,1,1,430,434,-4,0.0,24
834,0,0,468,474,-6,0.0,25
834,1,1,444,403,41,1.0,28
842,0,0,407,521,-114,0.0,28
842,1,1,419,392,27,1.0,26
850,0,0,455,423,32,1.0,24
850,1,1,417,453,-36,0.0,22
858,0,0,400,573,-173,0.0,26
858,1,1,439,355,84,1.0,27
866,0,0,426,446,-20,0.0,24
866,1,1,431,390,41,1.0,27
874,0,0,360,583,-223,0.0,24
874,1,1,502,310,192,1.0,22
882,0,0,438,467,-29,0.0,21
882,1,1,376,464,-88,0.0,23
890,0,0,485,497,-12,0.0,25
890,1,1,409,426,-17,0.0,25
898,0,0,459,474,-15,0.0,24
898,1,1,386,492,-106,0.0,27
906,0,0,360,544,-184,0.0,26
906,1,1,486,368,118,1.0,23
914,0,0,466,347,119,1.0,25
914,1,1,419,394,25,1.0,31
922,0,0,513,331,182,1.0,27
922,1,1,366,610,-244,0.0,27
930,0,0,396,571,-175,0.0,22
930,1,1,491,420,71,1.0,22
938,0,0,440,398,42,1.0,22
938,1,1,285,463,-178,0.0,23
946,0,0,449,331,118,1.0,35
946,1,1,350,404,-54,0.0,29
954,0,0,427,482,-55,0.0,22
954,1,1,409,456,-47,0.0,24
962,0,0,386,475,-89,0.0,20
962,1,1,403,491,-88,0.0,22
970,0,0,361,503,-142,0.0,30
970,1,1,467,345,122,1.0,22
978,0,0,416,423,-7,0.0,24
978,1,1,398,448,-50,0.0,27
986,0,0,459,464,-5,0.0,22
986,1,1,406,544,-138,0.0,22
994,0,0,474,438,36,1.0,23
994,1,1,404,494,-90,0.0,23
1002,0,0,496,406,90,1.0,22
1002,1,1,475,418,57,1.0,22
1010,0,0,369,503,-134,0.0,25
1010,1,1,432,413,19,1.0,25
1018,0,0,411,497,-86,0.0,22
1018,1,1,444,359,85,1.0,24
1026,0,0,420,435,-15,0.0,22
1026,1,1,504,448,56,1.0,29
1034,0,0,398,505,-107,0.0,22
1034,1,1,413,368,45,1.0,24
1042,0,0,449,450,-1,0.0,24
1042,1,1,330,477,-147,0.0,22
1050,0,0,454,474,-20,0.0,24
1050,1,1,418,388,30,1.0,28
1058,0,0,475,348,127,1.0,23
1058,1,1,492,527,-35,0.0,23
1066,0,0,422,435,-13,0.0,26
1066,1,1,499,432,67,1.0,25
1074,0,0,411,546,-135,0.0,25
1074,1,1,508,492,16,1.0,20
1082,0,0,402,451,-49,0.0,23
1082,1,1,484,322,162,1.0,28
1090,0,0,494,415,79,1.0,23
1090,1,1,491,429,62,1.0,23
1098,0,0,368,500,-132,0.0,22
1098,1,1,428,470,-42,0.0,21
1106,0,0,482,375,107,1.0,27
1106,1,1,387,490,-103,0.0,24
1114,0,0,412,433,-21,0.0,24
1114,1,1,477,434,43,1.0,21
1122,0,0,469,497,-28,0.0,23
1122,1,1,404,523,-119,0.0,22
1130,0,0,395,486,-91,0.0,22
1130,1,1,469,361,108,1.0,24
1138,0,0,441,443,-2,0.0,24
1138,1,1,415,524,-109,0.0,22
1146,0,0,315,431,-116,0.0,26
1146,1,1,345,377,-32,0.0,22
1154,0,0,481,492,-11,0.0,22
1154,1,1,430,528,-98,0.0,20
1162,0,0,466,408,58,1.0,24
1162,1,1,474,399,75,1.0,22
1170,0,0,413,298,115,1.0,36
1170,1,1,427,414,13,1.0,25
1178,0,0,439,406,33,1.0,24
1178,1,1,310,348,-38,0.0,32
1186,0,0,468,438,30,1.0,25
1186,1,1,423,440,-17,0.0,25
1194,0,0,468,537,-69,0.0,22
1194,1,1,397,397,0,0.5,23
1202,0,0,376,461,-85,0.0,24
1202,1,1,483,468,15,1.0,23
1210,0,0,374,476,-102,0.0,26
1210,1,1,447,489,-42,0.0,20
1218,0,0,444,387,57,1.0,22
1218,1,1,378,520,-142,0.0,21
1226,0,0,483,326,157,1.0,29
1226,1,1,387,594,-207,0.0,23
1234,0,0,438,449,-11,0.0,26
1234,1,1,410,431,-21,0.0,25
1242,0,0,395,366,29,1.0,31
1242,1,1,436,437,-1,0.0,26
1250,0,0,466,397,69,1.0,23
1250,1,1,448,366,82,1.0,24
1258,0,0,477,452,25,1.0,24
1258,1,1,419,411,8,1.0,24
1266,0,0,395,397,-2,0.0,24
1266,1,1,388,496,-108,0.0,23
1274,0,0,397,418,-21,0.0,28
1274,1,1,419,433,-14,0.0,24
1282,0,0,400,473,-73,0.0,22
1282,1,1,417,458,-41,0.0,21
1290,0,0,392,496,-104,0.0,20
1290,1,1,502,393,109,1.0,20
1298,0,0,508,346,162,1.0,25
1298,1,1,502,477,25,1.0,24
1306,0,0,421,418,3,1.0,22
1306,1,1,499,443,56,1.0,23
1314,0,0,385,477,-92,0.0,24
1314,1,1,463,473,-10,0.0,24
1322,0,0,484,424,60,1.0,21
1322,1,1,427,432,-5,0.0,24
1330,0,0,461,417,44,1.0,26
1330,1,1,376,504,-128,0.0,23
1338,0,0,357,415,-58,0.0,25
1338,1,1,529,400,129,1.0,22
1346,0,0,514,411,103,1.0,22
1346,1,1,437,608,-171,0.0,21
1354,0,0,359,533,-174,0.0,22
1354,1,1,429,420,9,1.0,26
1362,0,0,495,369,126,1.0,25
1362,1,1,364,527,-163,0.0,27
1370,0,0,481,397,84,1.0,22
1370,1,1,486,437,49,1.0,24
1378,0,0,405,326,79,1.0,33
1378,1,1,422,472,-50,0.0,22
1386,0,0,557,402,155,1.0,21
1386,1,1,501,439,62,1.0,26
1394,0,0,479,326,153,1.0,25
1394,1,1,360,437,-77,0.0,27
1402,0,0,453,428,25,1.0,24
1402,1,1,387,437,-50,0.0,24
1410,0,0,453,414,39,1.0,28
1410,1,1,391,519,-128,0.0,34
1418,0,0,469,418,51,1.0,23
1418,1,1,424,471,-47,0.0,23
1426,0,0,455,465,-10,0.0,24
1426,1,1,480,364,116,1.0,23
1434,0,0,322,427,-105,0.0,28
1434,1,1,507,445,62,1.0,22
1442,0,0,545,432,113,1.0,21
1442,1,1,410,583,-173,0.0,22
1450,0,0,467,375,92,1.0,26
1450,1,1,365,554,-189,0.0,23
1458,0,0,427,477,-50,0.0,27
1458,1,1,408,496,-88,0.0,28
1466,0,0,489,323,166,1.0,22
1466,1,1,347,469,-122,0.0,27
1474,0,0,471,392,79,1.0,22
1474,1,1,302,479,-177,0.0,27
1482,0,0,419,481,-62,0.0,24
1482,1,1,422,459,-37,0.0,22
1490,0,0,545,303,242,1.0,27
1490,1,1,338,545,-207,0.0,25
1498,0,0,469,582,-113,0.0,22
1498,1,1,485,453,32,1.0,21
1506,0,0,304,443,-139,0.0,25
1506,1,1,421,405,16,1.0,21
1514,0,0,429,456,-27,0.0,21
1514,1,1,491,361,130,1.0,22
1522,0,0,471,427,44,1.0,22
1522,1,1,344,456,-112,0.0,29
1530,0,0,439,411,28,1.0,25
1530,1,1,389,579,-190,0.0,23
1538,0,0,405,466,-61,0.0,23
1538,1,1,422,455,-33,0.0,22
1546,0,0,421,421,0,0.5,23
1546,1,1,409,499,-90,0.0,23
1554,0,0,496,408,88,1.0,25
1554,1,1,402,485,-83,0.0,26
1562,0,0,433,436,-3,0.0,22
1562,1,1,420,499,-79,0.0,25
1570,0,0,370,367,3,1.0,26
1570,1,1,411,397,14,1.0,23
1578,0,0,427,532,-105,0.0,23
1578,1,1,480,419,61,1.0,21
1586,0,0,365,395,-30,0.0,22
1586,1,1,481,571,-90,0.0,24
1594,0,0,461,431,30,1.0,28
1594,1,1,445,372,73,1.0,25
1602,0,0,485,430,55,1.0,27
1602,1,1,411,385,26,1.0,26
1610,0,0,433,405,28,1.0,22
1610,1,1,430,546,-116,0.0,21
1618,0,0,447,475,-28,0.0,23
1618,1,1,474,440,34,1.0,25
1626,0,0,521,450,71,1.0,25
1626,1,1,448,432,16,1.0,22
1634,0,0,380,442,-62,0.0,24
1634,1,1,435,536,-101,0.0,21
1642,0,0,414,450,-36,0.0,24
1642,1,1,455,466,-11,0.0,23
1650,0,0,442,421,21,1.0,24
1650,1,1,347,463,-116,0.0,26
1658,0,0,500,351,149,1.0,22
1658,1,1,424,470,-46,0.0,20
1666,0,0,408,372,36,1.0,27
1666,1,1,454,394,60,1.0,23
1674,0,0,516,447,69,1.0,26
1674,1,1,457,363,94,1.0,24
1682,0,0,471,371,100,1.0,26
1682,1,1,419,378,41,1.0,24
1690,0,0,590,356,234,1.0,23
1690,1,1,406,494,-88,0.0,26
1698,0,0,424,474,-50,0.0,26
1698,1,1,343,426,-83,0.0,25
1706,0,0,427,383,44,1.0,25
1706,1,1,351,441,-90,0.0,24
1714,0,0,399,497,-98,0.0,24
1714,1,1,435,443,-8,0.0,23
1722,0,0,501,391,110,1.0,23
1722,1,1,468,438,30,1.0,22
1730,0,0,497,392,105,1.0,21
1730,1,1,427,406,21,1.0,23
1738,0,0,444,398,46,1.0,24
1738,1,1,400,460,-60,0.0,24
1746,0,0,381,388,-7,0.0,35
1746,1,1,426,393,33,1.0,29
1754,0,0,482,384,98,1.0,26
1754,1,1,395,484,-89,0.0,23
1762,0,0,364,484,-120,0.0,25
1762,1,1,473,352,121,1.0,24
1770,0,0,455,441,14,1.0,25
1770,1,1,416,467,-51,0.0,25
1778,0,0,307,549,-242,0.0,20
1778,1,1,485,433,52,1.0,21
1786,0,0,469,447,22,1.0,20
1786,1,1,485,527,-42,0.0,20
1794,0,0,475,519,-44,0.0,22
1794,1,1,462,503,-41,0.0,25
1802,0,0,432,493,-61,0.0,26
1802,1,1,487,506,-19,0.0,22
1810,0,0,491,419,72,1.0,25
1810,1,1,448,442,6,1.0,27
1818,0,0,516,357,159,1.0,24
1818,1,1,419,473,-54,0.0,24
1826,0,0,432,323,109,1.0,23
1826,1,1,496,369,127,1.0,24
1834,0,0,396,484,-88,0.0,25
1834,1,1,407,440,-33,0.0,23
1842,0,0,464,469,-5,0.0,23
1842,1,1,344,490,-146,0.0,26
1850,0,0,505,547,-42,0.0,21
1850,1,1,480,367,113,1.0,21
1858,0,0,409,474,-65,0.0,24
1858,1,1,457,489,-32,0.0,23
1866,0,0,387,410,-23,0.0,30
1866,1,1,437,387,50,1.0,27
1874,0,0,495,443,52,1.0,27
1874,1,1,457,303,154,1.0,26
1882,0,0,487,483,4,1.0,22
1882,1,1,433,451,-18,0.0,23
1890,0,0,415,324,91,1.0,25
1890,1,1,363,473,-110,0.0,27
1898,0,0,399,430,-31,0.0,27
1898,1,1,474,412,62,1.0,25
1906,0,0,385,500,-115,0.0,25
1906,1,1,379,359,20,1.0,28
1914,0,0,463,369,94,1.0,23
1914,1,1,426,437,-11,0.0,28
1922,0,0,481,339,142,1.0,25
1922,1,1,464,396,68,1.0,28
1930,0,0,482,503,-21,0.0,22
1930,1,1,369,493,-124,0.0,25
1938,0,0,313,428,-115,0.0,26
1938,1,1,396,497,-101,0.0,26
1946,0,0,393,525,-132,0.0,22
1946,1,1,465,377,88,1.0,23
1954,0,0,446,485,-39,0.0,21
1954,1,1,482,359,123,1.0,25
1962,0,0,453,493,-40,0.0,20
1962,1,1,478,463,15,1.0,23
1970,0,0,394,434,-40,0.0,25
1970,1,1,443,343,100,1.0,31
1978,0,0,416,492,-76,0.0,25
1978,1,1,429,316,113,1.0,22
1986,0,0,375,459,-84,0.0,28
1986,1,1,420,564,-144,0.0,21
1994,0,0,462,422,40,1.0,25
1994,1,1,398,440,-42,0.0,23
pair,game,a_seat,a_score,b_score,a_spread,a_win,turns
3,0,0,398,446,-48,0.0,30
3,1,1,410,347,63,1.0,24
11,0,0,511,389,122,1.0,24
11,1,1,439,477,-38,0.0,23
19,0,0,397,470,-73,0.0,23
19,1,1,497,436,61,1.0,26
27,0,0,464,421,43,1.0,27
27,1,1,466,367,99,1.0,24
35,0,0,395,530,-135,0.0,23
35,1,1,568,375,193,1.0,21
43,0,0,370,480,-110,0.0,25
43,1,1,439,335,104,1.0,28
51,0,0,380,456,-76,0.0,27
51,1,1,387,485,-98,0.0,27
59,0,0,362,527,-165,0.0,24
59,1,1,490,394,96,1.0,22
67,0,0,432,429,3,1.0,25
67,1,1,471,454,17,1.0,22
75,0,0,390,412,-22,0.0,30
75,1,1,326,400,-74,0.0,30
83,0,0,461,486,-25,0.0,22
83,1,1,452,416,36,1.0,26
91,0,0,337,420,-83,0.0,25
91,1,1,380,349,31,1.0,33
99,0,0,400,450,-50,0.0,24
99,1,1,441,371,70,1.0,24
107,0,0,449,417,32,1.0,23
107,1,1,466,446,20,1.0,24
115,0,0,392,442,-50,0.0,22
115,1,1,436,394,42,1.0,23
123,0,0,477,502,-25,0.0,23
123,1,1,491,409,82,1.0,19
131,0,0,465,434,31,1.0,20
131,1,1,511,420,91,1.0,23
139,0,0,553,394,159,1.0,24
139,1,1,426,525,-99,0.0,26
147,0,0,443,435,8,1.0,22
147,1,1,434,466,-32,0.0,23
155,0,0,365,474,-109,0.0,22
155,1,1,551,307,244,1.0,23
163,0,0,500,403,97,1.0,26
163,1,1,438,426,12,1.0,24
171,0,0,307,503,-196,0.0,23
171,1,1,611,297,314,1.0,21
179,0,0,445,461,-16,0.0,22
179,1,1,429,479,-50,0.0,27
187,0,0,461,386,75,1.0,23
187,1,1,349,530,-181,0.0,30
195,0,0,535,442,93,1.0,26
195,1,1,480,460,20,1.0,27
203,0,0,421,424,-3,0.0,24
203,1,1,402,474,-72,0.0,23
211,0,0,365,491,-126,0.0,24
211,1,1,368,404,-36,0.0,28
219,0,0,370,524,-154,0.0,24
219,1,1,458,465,-7,0.0,28
227,0,0,507,397,110,1.0,24
227,1,1,425,377,48,1.0,25
235,0,0,375,400,-25,0.0,31
235,1,1,338,366,-28,0.0,40
243,0,0,291,595,-304,0.0,25
243,1,1,455,338,117,1.0,25
251,0,0,425,316,109,1.0,28
251,1,1,313,448,-135,0.0,26
259,0,0,410,427,-17,0.0,25
259,1,1,404,491,-87,0.0,26
267,0,0,423,476,-53,0.0,29
267,1,1,426,464,-38,0.0,23
275,0,0,366,514,-148,0.0,24
275,1,1,562,264,298,1.0,26
283,0,0,432,374,58,1.0,24
283,1,1,463,417,46,1.0,24
291,0,0,444,394,50,1.0,25
291,1,1,440,431,9,1.0,23
299,0,0,519,390,129,1.0,22
299,1,1,399,391,8,1.0,28
307,0,0,488,490,-2,0.0,25
307,1,1,427,422,5,1.0,26
315,0,0,306,590,-284,0.0,25
315,1,1,564,394,170,1.0,27
323,0,0,463,467,-4,0.0,24
323,1,1,448,495,-47,0.0,22
331,0,0,327,478,-151,0.0,23
331,1,1,557,346,211,1.0,22
339,0,0,409,431,-22,0.0,21
339,1,1,455,446,9,1.0,22
347,0,0,312,487,-175,0.0,27
347,1,1,468,331,137,1.0,29
355,0,0,399,513,-114,0.0,23
355,1,1,509,425,84,1.0,23
363,0,0,413,464,-51,0.0,24
363,1,1,470,433,37,1.0,23
371,0,0,494,414,80,1.0,21
371,1,1,501,462,39,1.0,19
379,0,0,415,435,-20,0.0,25
379,1,1,449,452,-3,0.0,23
387,0,0,391,348,43,1.0,28
387,1,1,455,474,-19,0.0,23
395,0,0,463,402,61,1.0,23
395,1,1,363,413,-50,0.0,29
403,0,0,475,399,76,1.0,25
403,1,1,450,484,-34,0.0,25
411,0,0,501,339,162,1.0,23
411,1,1,324,448,-124,0.0,25
419,0,0,491,446,45,1.0,22
419,1,1,497,489,8,1.0,20
427,0,0,498,423,75,1.0,21
427,1,1,449,568,-119,0.0,24
435,0,0,427,428,-1,0.0,28
435,1,1,403,370,33,1.0,19
443,0,0,451,465,-14,0.0,20
443,1,1,412,499,-87,0.0,26
451,0,0,454,530,-76,0.0,25
451,1,1,325,510,-185,0.0,24
459,0,0,502,583,-81,0.0,19
459,1,1,534,412,122,1.0,23
467,0,0,441,438,3,1.0,26
467,1,1,366,506,-140,0.0,24
475,0,0,427,517,-90,0.0,23
475,1,1,458,452,6,1.0,25
483,0,0,470,445,25,1.0,24
483,1,1,353,431,-78,0.0,24
491,0,0,413,500,-87,0.0,26
491,1,1,409,361,48,1.0,25
499,0,0,397,438,-41,0.0,23
499,1,1,403,443,-40,0.0,23
507,0,0,420,449,-29,0.0,25
507,1,1,379,539,-160,0.0,25
515,0,0,519,493,26,1.0,23
515,1,1,547,445,102,1.0,24
523,0,0,333,530,-197,0.0,25
523,1,1,526,415,111,1.0,24
531,0,0,432,436,-4,0.0,27
531,1,1,428,453,-25,0.0,28
539,0,0,461,467,-6,0.0,22
539,1,1,421,456,-35,0.0,23
547,0,0,450,435,15,1.0,22
547,1,1,348,475,-127,0.0,26
555,0,0,503,463,40,1.0,22
555,1,1,415,523,-108,0.0,22
563,0,0,435,491,-56,0.0,23
563,1,1,405,351,54,1.0,25
571,0,0,571,440,131,1.0,20
571,1,1,504,452,52,1.0,21
579,0,0,445,438,7,1.0,24
579,1,1,431,397,34,1.0,24
587,0,0,413,465,-52,0.0,23
587,1,1,529,434,95,1.0,25
595,0,0,454,403,51,1.0,28
595,1,1,412,345,67,1.0,25
603,0,0,355,556,-201,0.0,25
603,1,1,488,412,76,1.0,19
611,0,0,428,454,-26,0.0,24
611,1,1,452,437,15,1.0,23
619,0,0,441,432,9,1.0,28
619,1,1,423,394,29,1.0,26
627,0,0,372,439,-67,0.0,26
627,1,1,518,429,89,1.0,23
635,0,0,390,409,-19,0.0,30
635,1,1,418,393,25,1.0,25
643,0,0,485,355,130,1.0,23
643,1,1,415,492,-77,0.0,23
651,0,0,422,552,-130,0.0,21
651,1,1,396,440,-44,0.0,28
659,0,0,338,548,-210,0.0,23
659,1,1,433,297,136,1.0,25
667,0,0,417,519,-102,0.0,30
667,1,1,480,445,35,1.0,23
675,0,0,491,385,106,1.0,24
675,1,1,418,499,-81,0.0,22
683,0,0,552,381,171,1.0,24
683,1,1,378,521,-143,0.0,19
691,0,0,481,463,18,1.0,20
691,1,1,466,384,82,1.0,28
699,0,0,425,320,105,1.0,23
699,1,1,350,467,-117,0.0,23
707,0,0,453,395,58,1.0,29
707,1,1,425,442,-17,0.0,27
715,0,0,414,459,-45,0.0,27
715,1,1,483,468,15,1.0,29
723,0,0,403,482,-79,0.0,24
723,1,1,411,477,-66,0.0,23
731,0,0,501,409,92,1.0,24
731,1,1,496,478,18,1.0,21
739,0,0,467,447,20,1.0,23
739,1,1,449,440,9,1.0,24
747,0,0,513,342,171,1.0,24
747,1,1,463,450,13,1.0,25
755,0,0,431,489,-58,0.0,34
755,1,1,461,417,44,1.0,24
763,0,0,414,379,35,1.0,28
763,1,1,346,429,-83,0.0,24
771,0,0,382,415,-33,0.0,22
771,1,1,345,461,-116,0.0,23
779,0,0,378,404,-26,0.0,25
779,1,1,512,482,30,1.0,24
787,0,0,414,426,-12,0.0,29
787,1,1,397,457,-60,0.0,25
795,0,0,405,385,20,1.0,28
795,1,1,395,390,5,1.0,25
803,0,0,404,506,-102,0.0,23
803,1,1,504,327,177,1.0,27
811,0,0,425,401,24,1.0,24
811,1,1,505,417,88,1.0,24
819,0,0,378,436,-58,0.0,24
819,1,1,422,406,16,1.0,25
827,0,0,474,474,0,0.5,22
827,1,1,422,433,-11,0.0,22
835,0,0,382,470,-88,0.0,26
835,1,1,407,490,-83,0.0,24
843,0,0,392,427,-35,0.0,24
843,1,1,406,438,-32,0.0,24
851,0,0,307,596,-289,0.0,27
851,1,1,517,375,142,1.0,24
859,0,0,420,537,-117,0.0,22
859,1,1,505,480,25,1.0,22
867,0,0,468,488,-20,0.0,23
867,1,1,349,341,8,1.0,27
875,0,0,431,433,-2,0.0,26
875,1,1,502,422,80,1.0,23
883,0,0,441,481,-40,0.0,24
883,1,1,476,458,18,1.0,22
891,0,0,485,484,1,1.0,23
891,1,1,499,469,30,1.0,25
899,0,0,348,501,-153,0.0,29
899,1,1,478,418,60,1.0,26
907,0,0,377,438,-61,0.0,22
907,1,1,473,443,30,1.0,20
915,0,0,479,379,100,1.0,25
915,1,1,393,423,-30,0.0,25
923,0,0,566,470,96,1.0,20
923,1,1,682,433,249,1.0,22
931,0,0,408,348,60,1.0,27
931,1,1,477,393,84,1.0,25
939,0,0,486,502,-16,0.0,18
939,1,1,418,567,-149,0.0,21
947,0,0,376,505,-129,0.0,22
947,1,1,388,423,-35,0.0,29
955,0,0,413,411,2,1.0,27
955,1,1,403,469,-66,0.0,26
963,0,0,502,406,96,1.0,20
963,1,1,476,471,5,1.0,22
971,0,0,423,394,29,1.0,23
971,1,1,365,531,-166,0.0,21
979,0,0,467,550,-83,0.0,22
979,1,1,547,361,186,1.0,22
987,0,0,366,378,-12,0.0,23
987,1,1,427,439,-12,0.0,22
995,0,0,396,433,-37,0.0,21
995,1,1,479,441,38,1.0,26
1003,0,0,575,476,99,1.0,22
1003,1,1,452,490,-38,0.0,21
1011,0,0,370,606,-236,0.0,21
1011,1,1,573,389,184,1.0,23
1019,0,0,439,518,-79,0.0,22
1019,1,1,500,366,134,1.0,22
1027,0,0,362,409,-47,0.0,22
1027,1,1,467,403,64,1.0,24
1035,0,0,435,392,43,1.0,24
1035,1,1,485,427,58,1.0,21
1043,0,0,450,462,-12,0.0,22
1043,1,1,417,532,-115,0.0,21
1051,0,0,496,445,51,1.0,23
1051,1,1,427,522,-95,0.0,21
1059,0,0,352,463,-111,0.0,24
1059,1,1,400,378,22,1.0,25
1067,0,0,367,371,-4,0.0,28
1067,1,1,466,395,71,1.0,26
1075,0,0,335,393,-58,0.0,34
1075,1,1,479,348,131,1.0,23
1083,0,0,404,427,-23,0.0,29
1083,1,1,454,370,84,1.0,23
1091,0,0,434,419,15,1.0,22
1091,1,1,464,436,28,1.0,24
1099,0,0,319,408,-89,0.0,29
1099,1,1,517,461,56,1.0,23
1107,0,0,451,489,-38,0.0,22
1107,1,1,519,364,155,1.0,22
1115,0,0,488,486,2,1.0,23
1115,1,1,501,463,38,1.0,23
1123,0,0,416,461,-45,0.0,26
1123,1,1,482,449,33,1.0,22
1131,0,0,365,436,-71,0.0,26
1131,1,1,488,363,125,1.0,21
1139,0,0,397,482,-85,0.0,29
1139,1,1,530,379,151,1.0,25
1147,0,0,304,454,-150,0.0,26
1147,1,1,462,368,94,1.0,25
1155,0,0,503,496,7,1.0,21
1155,1,1,441,394,47,1.0,26
1163,0,0,479,473,6,1.0,21
1163,1,1,430,494,-64,0.0,23
1171,0,0,401,491,-90,0.0,24
1171,1,1,456,393,63,1.0,25
1179,0,0,504,432,72,1.0,23
1179,1,1,401,535,-134,0.0,23
1187,0,0,436,473,-37,0.0,21
1187,1,1,482,430,52,1.0,22
1195,0,0,465,529,-64,0.0,23
1195,1,1,475,416,59,1.0,25
1203,0,0,370,435,-65,0.0,26
1203,1,1,501,453,48,1.0,21
1211,0,0,379,525,-146,0.0,25
1211,1,1,535,417,118,1.0,23
1219,0,0,405,536,-131,0.0,22
1219,1,1,505,484,21,1.0,25
1227,0,0,511,400,111,1.0,25
1227,1,1,397,429,-32,0.0,30
1235,0,0,393,485,-92,0.0,22
1235,1,1,437,337,100,1.0,25
1243,0,0,385,534,-149,0.0,23
1243,1,1,528,352,176,1.0,24
1251,0,0,443,541,-98,0.0,19
1251,1,1,528,366,162,1.0,26
1259,0,0,473,537,-64,0.0,27
1259,1,1,449,432,17,1.0,22
1267,0,0,323,495,-172,0.0,25
1267,1,1,446,391,55,1.0,23
1275,0,0,453,372,81,1.0,22
1275,1,1,410,490,-80,0.0,22
1283,0,0,351,487,-136,0.0,28
1283,1,1,466,360,106,1.0,23
1291,0,0,418,393,25,1.0,23
1291,1,1,449,384,65,1.0,25
1299,0,0,527,405,122,1.0,22
1299,1,1,359,415,-56,0.0,24
1307,0,0,492,460,32,1.0,25
1307,1,1,506,485,21,1.0,18
1315,0,0,492,513,-21,0.0,19
1315,1,1,522,554,-32,0.0,22
1323,0,0,499,539,-40,0.0,20
1323,1,1,523,464,59,1.0,25
1331,0,0,470,403,67,1.0,24
1331,1,1,426,370,56,1.0,26
1339,0,0,479,458,21,1.0,23
1339,1,1,517,431,86,1.0,22
1347,0,0,425,472,-47,0.0,25
1347,1,1,477,310,167,1.0,24
1355,0,0,383,501,-118,0.0,23
1355,1,1,471,432,39,1.0,25
1363,0,0,501,400,101,1.0,22
1363,1,1,383,485,-102,0.0,23
1371,0,0,479,458,21,1.0,22
1371,1,1,537,588,-51,0.0,18
1379,0,0,420,381,39,1.0,24
1379,1,1,373,408,-35,0.0,33
1387,0,0,354,481,-127,0.0,23
1387,1,1,342,394,-52,0.0,29
1395,0,0,413,435,-22,0.0,22
1395,1,1,418,449,-31,0.0,24
1403,0,0,382,531,-149,0.0,22
1403,1,1,413,413,0,0.5,22
1411,0,0,412,386,26,1.0,26
1411,1,1,484,404,80,1.0,21
1419,0,0,398,341,57,1.0,26
1419,1,1,463,400,63,1.0,29
1427,0,0,399,406,-7,0.0,25
1427,1,1,392,332,60,1.0,26
1435,0,0,407,464,-57,0.0,23
1435,1,1,469,463,6,1.0,19
1443,0,0,462,333,129,1.0,24
1443,1,1,364,469,-105,0.0,24
1451,0,0,447,381,66,1.0,24
1451,1,1,496,441,55,1.0,22
1459,0,0,388,547,-159,0.0,25
1459,1,1,422,339,83,1.0,25
1467,0,0,543,384,159,1.0,25
1467,1,1,450,422,28,1.0,23
1475,0,0,308,382,-74,0.0,27
1475,1,1,333,500,-167,0.0,24
1483,0,0,382,439,-57,0.0,23
1483,1,1,484,474,10,1.0,20
1491,0,0,369,524,-155,0.0,25
1491,1,1,496,469,27,1.0,20
1499,0,0,501,432,69,1.0,21
1499,1,1,437,633,-196,0.0,23
1507,0,0,460,456,4,1.0,24
1507,1,1,396,408,-12,0.0,28
1515,0,0,404,442,-38,0.0,25
1515,1,1,449,490,-41,0.0,24
1523,0,0,431,394,37,1.0,25
1523,1,1,365,550,-185,0.0,22
1531,0,0,438,456,-18,0.0,25
1531,1,1,467,366,101,1.0,24
1539,0,0,432,523,-91,0.0,22
1539,1,1,464,391,73,1.0,22
1547,0,0,433,562,-129,0.0,23
1547,1,1,430,483,-53,0.0,23
1555,0,0,539,300,239,1.0,30
1555,1,1,386,526,-140,0.0,22
1563,0,0,405,477,-72,0.0,20
1563,1,1,444,430,14,1.0,22
1571,0,0,408,457,-49,0.0,25
1571,1,1,496,412,84,1.0,19
1579,0,0,514,319,195,1.0,24
1579,1,1,497,468,29,1.0,23
1587,0,0,448,373,75,1.0,26
1587,1,1,472,405,67,1.0,26
1595,0,0,539,479,60,1.0,21
1595,1,1,532,507,25,1.0,22
1603,0,0,430,502,-72,0.0,20
1603,1,1,482,466,16,1.0,25
1611,0,0,314,504,-190,0.0,27
1611,1,1,450,451,-1,0.0,23
1619,0,0,387,458,-71,0.0,25
1619,1,1,368,527,-159,0.0,20
1627,0,0,504,386,118,1.0,28
1627,1,1,453,372,81,1.0,26
1635,0,0,494,505,-11,0.0,20
1635,1,1,528,489,39,1.0,25
1643,0,0,486,500,-14,0.0,23
1643,1,1,438,435,3,1.0,23
1651,0,0,452,520,-68,0.0,23
1651,1,1,482,390,92,1.0,19
1659,0,0,448,350,98,1.0,22
1659,1,1,356,493,-137,0.0,23
1667,0,0,413,412,1,1.0,24
1667,1,1,390,412,-22,0.0,22
1675,0,0,429,448,-19,0.0,24
1675,1,1,566,306,260,1.0,19
1683,0,0,523,457,66,1.0,22
1683,1,1,418,411,7,1.0,28
1691,0,0,496,395,101,1.0,26
1691,1,1,367,431,-64,0.0,22
1699,0,0,434,400,34,1.0,25
1699,1,1,379,418,-39,0.0,22
1707,0,0,412,525,-113,0.0,23
1707,1,1,532,425,107,1.0,22
1715,0,0,423,488,-65,0.0,23
1715,1,1,574,337,237,1.0,21
1723,0,0,357,515,-158,0.0,21
1723,1,1,427,438,-11,0.0,26
1731,0,0,466,526,-60,0.0,21
1731,1,1,412,443,-31,0.0,21
1739,0,0,489,440,49,1.0,27
1739,1,1,477,379,98,1.0,26
1747,0,0,422,440,-18,0.0,20
1747,1,1,537,420,117,1.0,21
1755,0,0,410,452,-42,0.0,23
1755,1,1,537,494,43,1.0,25
1763,0,0,448,517,-69,0.0,19
1763,1,1,445,370,75,1.0,26
1771,0,0,379,504,-125,0.0,23
1771,1,1,497,499,-2,0.0,22
1779,0,0,548,455,93,1.0,22
1779,1,1,402,405,-3,0.0,31
1787,0,0,498,509,-11,0.0,23
1787,1,1,390,539,-149,0.0,20
1795,0,0,493,409,84,1.0,24
1795,1,1,351,529,-178,0.0,21
1803,0,0,442,390,52,1.0,20
1803,1,1,363,543,-180,0.0,21
1811,0,0,395,433,-38,0.0,29
1811,1,1,425,480,-55,0.0,29
1819,0,0,465,526,-61,0.0,25
1819,1,1,596,362,234,1.0,23
1827,0,0,454,402,52,1.0,24
1827,1,1,438,441,-3,0.0,27
1835,0,0,412,320,92,1.0,24
1835,1,1,338,388,-50,0.0,27
1843,0,0,457,408,49,1.0,22
1843,1,1,441,438,3,1.0,22
1851,0,0,432,513,-81,0.0,23
1851,1,1,482,388,94,1.0,23
1859,0,0,420,467,-47,0.0,23
1859,1,1,354,488,-134,0.0,19
1867,0,0,331,456,-125,0.0,23
1867,1,1,511,383,128,1.0,28
1875,0,0,321,471,-150,0.0,24
1875,1,1,469,421,48,1.0,23
1883,0,0,354,504,-150,0.0,25
1883,1,1,503,371,132,1.0,25
1891,0,0,316,415,-99,0.0,23
1891,1,1,457,348,109,1.0,23
1899,0,0,436,536,-100,0.0,21
1899,1,1,510,373,137,1.0,23
1907,0,0,485,567,-82,0.0,24
1907,1,1,436,389,47,1.0,26
1915,0,0,556,357,199,1.0,28
1915,1,1,437,564,-127,0.0,23
1923,0,0,482,435,47,1.0,22
1923,1,1,420,564,-144,0.0,26
1931,0,0,403,496,-93,0.0,25
1931,1,1,450,404,46,1.0,23
1939,0,0,377,525,-148,0.0,25
1939,1,1,558,375,183,1.0,24
1947,0,0,440,505,-65,0.0,23
1947,1,1,516,437,79,1.0,23
1955,0,0,420,505,-85,0.0,24
1955,1,1,468,443,25,1.0,23
1963,0,0,445,563,-118,0.0,23
1963,1,1,410,448,-38,0.0,29
1971,0,0,448,469,-21,0.0,24
1971,1,1,433,480,-47,0.0,23
1979,0,0,461,417,44,1.0,28
1979,1,1,463,418,45,1.0,21
1987,0,0,392,470,-78,0.0,23
1987,1,1,518,356,162,1.0,26
1995,0,0,394,458,-64,0.0,23
1995,1,1,465,432,33,1.0,27
pair,game,a_seat,a_score,b_score,a_spread,a_win,turns
4,0,0,452,489,-37,0.0,20
4,1,1,514,439,75,1.0,23
12,0,0,466,470,-4,0.0,22
12,1,1,340,429,-89,0.0,25
20,0,0,397,413,-16,0.0,22
20,1,1,338,472,-134,0.0,29
28,0,0,563,395,168,1.0,21
28,1,1,509,584,-75,0.0,21
36,0,0,461,303,158,1.0,25
36,1,1,478,474,4,1.0,25
44,0,0,409,364,45,1.0,22
44,1,1,362,479,-117,0.0,23
52,0,0,492,363,129,1.0,23
52,1,1,333,521,-188,0.0,24
60,0,0,429,400,29,1.0,22
60,1,1,386,461,-75,0.0,23
68,0,0,461,448,13,1.0,22
68,1,1,391,479,-88,0.0,22
76,0,0,595,392,203,1.0,23
76,1,1,421,471,-50,0.0,22
84,0,0,404,439,-35,0.0,26
84,1,1,387,422,-35,0.0,27
92,0,0,435,450,-15,0.0,24
92,1,1,454,588,-134,0.0,21
100,0,0,421,416,5,1.0,23
100,1,1,405,446,-41,0.0,22
108,0,0,521,406,115,1.0,22
108,1,1,360,517,-157,0.0,26
116,0,0,411,466,-55,0.0,23
116,1,1,471,403,68,1.0,23
124,0,0,445,451,-6,0.0,25
124,1,1,403,528,-125,0.0,28
132,0,0,539,328,211,1.0,22
132,1,1,339,542,-203,0.0,26
140,0,0,425,447,-22,0.0,25
140,1,1,451,495,-44,0.0,21
148,0,0,446,433,13,1.0,24
148,1,1,406,498,-92,0.0,23
156,0,0,386,394,-8,0.0,25
156,1,1,425,439,-14,0.0,25
164,0,0,400,440,-40,0.0,20
164,1,1,502,370,132,1.0,23
172,0,0,410,504,-94,0.0,24
172,1,1,452,468,-16,0.0,30
180,0,0,416,528,-112,0.0,24
180,1,1,485,384,101,1.0,22
188,0,0,455,482,-27,0.0,24
188,1,1,391,501,-110,0.0,23
196,0,0,512,412,100,1.0,22
196,1,1,474,412,62,1.0,23
204,0,0,465,445,20,1.0,23
204,1,1,449,423,26,1.0,21
212,0,0,498,521,-23,0.0,24
212,1,1,463,494,-31,0.0,24
220,0,0,426,419,7,1.0,25
220,1,1,447,395,52,1.0,24
228,0,0,387,465,-78,0.0,21
228,1,1,445,503,-58,0.0,23
236,0,0,469,380,89,1.0,23
236,1,1,375,440,-65,0.0,25
244,0,0,470,482,-12,0.0,19
244,1,1,477,461,16,1.0,22
252,0,0,411,480,-69,0.0,22
252,1,1,437,363,74,1.0,26
260,0,0,415,456,-41,0.0,24
260,1,1,492,411,81,1.0,24
268,0,0,601,360,241,1.0,23
268,1,1,389,576,-187,0.0,23
276,0,0,447,482,-35,0.0,23
276,1,1,429,401,28,1.0,29
284,0,0,476,360,116,1.0,27
284,1,1,340,499,-159,0.0,25
292,0,0,390,482,-92,0.0,23
292,1,1,496,406,90,1.0,23
300,0,0,450,448,2,1.0,23
300,1,1,437,393,44,1.0,23
308,0,0,473,295,178,1.0,26
308,1,1,307,442,-135,0.0,37
316,0,0,457,348,109,1.0,24
316,1,1,436,388,48,1.0,23
324,0,0,407,416,-9,0.0,21
324,1,1,480,395,85,1.0,22
332,0,0,412,486,-74,0.0,22
332,1,1,495,441,54,1.0,25
340,0,0,417,505,-88,0.0,20
340,1,1,430,449,-19,0.0,26
348,0,0,497,462,35,1.0,20
348,1,1,469,439,30,1.0,21
356,0,0,392,439,-47,0.0,24
356,1,1,329,538,-209,0.0,23
364,0,0,408,457,-49,0.0,22
364,1,1,432,412,20,1.0,20
372,0,0,438,416,22,1.0,28
372,1,1,450,422,28,1.0,21
380,0,0,366,359,7,1.0,30
380,1,1,336,592,-256,0.0,25
388,0,0,375,372,3,1.0,38
388,1,1,452,423,29,1.0,23
396,0,0,409,360,49,1.0,25
396,1,1,355,503,-148,0.0,24
404,0,0,425,460,-35,0.0,25
404,1,1,406,446,-40,0.0,28
412,0,0,480,523,-43,0.0,20
412,1,1,488,441,47,1.0,20
420,0,0,382,462,-80,0.0,26
420,1,1,481,407,74,1.0,22
428,0,0,335,444,-109,0.0,24
428,1,1,343,460,-117,0.0,24
436,0,0,477,419,58,1.0,24
436,1,1,377,479,-102,0.0,26
444,0,0,392,348,44,1.0,26
444,1,1,388,377,11,1.0,25
452,0,0,473,401,72,1.0,23
452,1,1,380,457,-77,0.0,27
460,0,0,516,414,102,1.0,22
460,1,1,440,481,-41,0.0,20
468,0,0,470,434,36,1.0,23
468,1,1,415,354,61,1.0,33
476,0,0,439,460,-21,0.0,22
476,1,1,391,338,53,1.0,21
484,0,0,383,520,-137,0.0,24
484,1,1,432,417,15,1.0,28
492,0,0,355,480,-125,0.0,23
492,1,1,448,442,6,1.0,24
500,0,0,546,338,208,1.0,29
500,1,1,366,506,-140,0.0,23
508,0,0,429,429,0,0.5,23
508,1,1,285,508,-223,0.0,27
516,0,0,514,360,154,1.0,26
516,1,1,373,514,-141,0.0,25
524,0,0,392,467,-75,0.0,26
524,1,1,398,515,-117,0.0,23
532,0,0,406,471,-65,0.0,22
532,1,1,426,411,15,1.0,23
540,0,0,371,411,-40,0.0,27
540,1,1,375,401,-26,0.0,27
548,0,0,466,438,28,1.0,21
548,1,1,500,420,80,1.0,20
556,0,0,418,350,68,1.0,29
556,1,1,350,463,-113,0.0,24
564,0,0,488,514,-26,0.0,25
564,1,1,443,389,54,1.0,26
572,0,0,435,356,79,1.0,22
572,1,1,378,548,-170,0.0,22
580,0,0,392,463,-71,0.0,25
580,1,1,460,382,78,1.0,24
588,0,0,365,455,-90,0.0,27
588,1,1,508,450,58,1.0,24
596,0,0,337,466,-129,0.0,30
596,1,1,460,412,48,1.0,28
604,0,0,421,401,20,1.0,25
604,1,1,408,522,-114,0.0,22
612,0,0,626,441,185,1.0,21
612,1,1,447,525,-78,0.0,19
620,0,0,459,493,-34,0.0,23
620,1,1,483,536,-53,0.0,23
628,0,0,450,511,-61,0.0,22
628,1,1,550,455,95,1.0,26
636,0,0,510,412,98,1.0,28
636,1,1,464,445,19,1.0,28
644,0,0,427,496,-69,0.0,20
644,1,1,423,375,48,1.0,26
652,0,0,456,466,-10,0.0,23
652,1,1,425,486,-61,0.0,23
660,0,0,406,441,-35,0.0,25
660,1,1,452,455,-3,0.0,24
668,0,0,344,487,-143,0.0,23
668,1,1,397,449,-52,0.0,32
676,0,0,315,560,-245,0.0,20
676,1,1,494,332,162,1.0,24
684,0,0,416,376,40,1.0,30
684,1,1,452,474,-22,0.0,25
692,0,0,469,366,103,1.0,24
692,1,1,470,486,-16,0.0,25
700,0,0,422,481,-59,0.0,28
700,1,1,494,333,161,1.0,24
708,0,0,452,388,64,1.0,26
708,1,1,378,521,-143,0.0,22
716,0,0,337,459,-122,0.0,24
716,1,1,383,421,-38,0.0,26
724,0,0,304,457,-153,0.0,28
724,1,1,384,421,-37,0.0,24
732,0,0,519,415,104,1.0,24
732,1,1,387,523,-136,0.0,27
740,0,0,372,443,-71,0.0,28
740,1,1,422,424,-2,0.0,27
748,0,0,469,444,25,1.0,25
748,1,1,294,531,-237,0.0,23
756,0,0,456,420,36,1.0,24
756,1,1,445,456,-11,0.0,22
764,0,0,406,447,-41,0.0,22
764,1,1,483,426,57,1.0,27
772,0,0,362,423,-61,0.0,27
772,1,1,424,475,-51,0.0,22
780,0,0,419,468,-49,0.0,22
780,1,1,383,375,8,1.0,26
788,0,0,410,382,28,1.0,27
788,1,1,355,475,-120,0.0,26
796,0,0,412,608,-196,0.0,20
796,1,1,528,461,67,1.0,21
804,0,0,443,437,6,1.0,21
804,1,1,441,329,112,1.0,25
812,0,0,479,393,86,1.0,20
812,1,1,394,490,-96,0.0,25
820,0,0,494,353,141,1.0,21
820,1,1,438,510,-72,0.0,21
828,0,0,341,379,-38,0.0,26
828,1,1,466,395,71,1.0,22
836,0,0,406,405,1,1.0,24
836,1,1,486,409,77,1.0,25
844,0,0,326,441,-115,0.0,36
844,1,1,495,447,48,1.0,21
852,0,0,365,388,-23,0.0,24
852,1,1,509,343,166,1.0,20
860,0,0,562,375,187,1.0,19
860,1,1,365,490,-125,0.0,22
868,0,0,458,407,51,1.0,24
868,1,1,372,475,-103,0.0,23
876,0,0,449,469,-20,0.0,28
876,1,1,344,513,-169,0.0,25
884,0,0,360,497,-137,0.0,24
884,1,1,481,341,140,1.0,25
892,0,0,414,412,2,1.0,29
892,1,1,469,394,75,1.0,24
900,0,0,405,502,-97,0.0,25
900,1,1,393,487,-94,0.0,21
908,0,0,410,379,31,1.0,23
908,1,1,454,435,19,1.0,24
916,0,0,446,430,16,1.0,22
916,1,1,457,466,-9,0.0,21
924,0,0,531,499,32,1.0,27
924,1,1,359,492,-133,0.0,24
932,0,0,506,327,179,1.0,23
932,1,1,430,487,-57,0.0,23
940,0,0,434,425,9,1.0,22
940,1,1,373,407,-34,0.0,22
948,0,0,381,517,-136,0.0,25
948,1,1,449,490,-41,0.0,22
956,0,0,443,409,34,1.0,23
956,1,1,496,436,60,1.0,24
964,0,0,474,391,83,1.0,29
964,1,1,382,455,-73,0.0,25
972,0,0,490,379,111,1.0,24
972,1,1,309,459,-150,0.0,24
980,0,0,394,423,-29,0.0,31
980,1,1,300,435,-135,0.0,24
988,0,0,386,468,-82,0.0,23
988,1,1,376,455,-79,0.0,25
996,0,0,442,494,-52,0.0,23
996,1,1,536,448,88,1.0,25
1004,0,0,417,432,-15,0.0,26
1004,1,1,456,489,-33,0.0,23
1012,0,0,443,377,66,1.0,22
1012,1,1,446,465,-19,0.0,27
1020,0,0,560,510,50,1.0,24
1020,1,1,528,443,85,1.0,25
1028,0,0,428,468,-40,0.0,23
1028,1,1,522,398,124,1.0,29
1036,0,0,428,349,79,1.0,27
1036,1,1,341,511,-170,0.0,28
1044,0,0,456,366,90,1.0,23
1044,1,1,493,451,42,1.0,22
1052,0,0,415,440,-25,0.0,24
1052,1,1,429,400,29,1.0,27
1060,0,0,454,450,4,1.0,26
1060,1,1,493,571,-78,0.0,22
1068,0,0,364,384,-20,0.0,23
1068,1,1,523,479,44,1.0,24
1076,0,0,384,391,-7,0.0,24
1076,1,1,478,401,77,1.0,22
1084,0,0,588,301,287,1.0,23
1084,1,1,367,511,-144,0.0,23
1092,0,0,420,338,82,1.0,45
1092,1,1,379,458,-79,0.0,25
1100,0,0,431,514,-83,0.0,22
1100,1,1,518,397,121,1.0,23
1108,0,0,461,453,8,1.0,24
1108,1,1,420,440,-20,0.0,27
1116,0,0,462,573,-111,0.0,21
1116,1,1,561,431,130,1.0,18
1124,0,0,470,417,53,1.0,23
1124,1,1,437,497,-60,0.0,22
1132,0,0,409,456,-47,0.0,24
1132,1,1,466,382,84,1.0,23
1140,0,0,439,387,52,1.0,26
1140,1,1,451,400,51,1.0,26
1148,0,0,368,447,-79,0.0,21
1148,1,1,558,388,170,1.0,24
1156,0,0,384,440,-56,0.0,26
1156,1,1,348,478,-130,0.0,21
1164,0,0,494,406,88,1.0,25
1164,1,1,385,528,-143,0.0,25
1172,0,0,377,525,-148,0.0,20
1172,1,1,411,466,-55,0.0,23
1180,0,0,562,376,186,1.0,21
1180,1,1,469,458,11,1.0,22
1188,0,0,409,540,-131,0.0,20
1188,1,1,550,389,161,1.0,21
1196,0,0,578,306,272,1.0,23
1196,1,1,382,467,-85,0.0,29
1204,0,0,487,521,-34,0.0,23
1204,1,1,393,481,-88,0.0,21
1212,0,0,412,491,-79,0.0,23
1212,1,1,500,451,49,1.0,20
1220,0,0,444,486,-42,0.0,24
1220,1,1,466,415,51,1.0,22
1228,0,0,485,551,-66,0.0,21
1228,1,1,477,472,5,1.0,22
1236,0,0,435,340,95,1.0,30
1236,1,1,385,415,-30,0.0,29
1244,0,0,325,561,-236,0.0,24
1244,1,1,581,358,223,1.0,23
1252,0,0,377,434,-57,0.0,28
1252,1,1,381,388,-7,0.0,22
1260,0,0,449,449,0,0.5,24
1260,1,1,445,394,51,1.0,24
1268,0,0,531,461,70,1.0,25
1268,1,1,443,605,-162,0.0,19
1276,0,0,306,522,-216,0.0,29
1276,1,1,636,403,233,1.0,22
1284,0,0,434,465,-31,0.0,21
1284,1,1,399,572,-173,0.0,25
1292,0,0,556,372,184,1.0,23
1292,1,1,379,441,-62,0.0,23
1300,0,0,466,476,-10,0.0,21
1300,1,1,465,438,27,1.0,23
1308,0,0,517,428,89,1.0,27
1308,1,1,344,437,-93,0.0,30
1316,0,0,506,424,82,1.0,23
1316,1,1,397,461,-64,0.0,25
1324,0,0,516,372,144,1.0,29
1324,1,1,500,423,77,1.0,24
1332,0,0,494,349,145,1.0,27
1332,1,1,498,647,-149,0.0,21
1340,0,0,420,330,90,1.0,23
1340,1,1,495,449,46,1.0,24
1348,0,0,472,389,83,1.0,21
1348,1,1,467,431,36,1.0,23
1356,0,0,432,543,-111,0.0,26
1356,1,1,548,390,158,1.0,20
1364,0,0,369,444,-75,0.0,25
1364,1,1,409,463,-54,0.0,24
1372,0,0,390,524,-134,0.0,24
1372,1,1,443,321,122,1.0,26
1380,0,0,278,460,-182,0.0,24
1380,1,1,475,417,58,1.0,23
1388,0,0,421,488,-67,0.0,24
1388,1,1,425,474,-49,0.0,23
1396,0,0,395,425,-30,0.0,23
1396,1,1,462,408,54,1.0,23
1404,0,0,416,464,-48,0.0,22
1404,1,1,453,480,-27,0.0,21
1412,0,0,436,388,48,1.0,23
1412,1,1,475,464,11,1.0,25
1420,0,0,466,376,90,1.0,23
1420,1,1,421,493,-72,0.0,25
1428,0,0,417,490,-73,0.0,22
1428,1,1,455,491,-36,0.0,22
1436,0,0,422,430,-8,0.0,26
1436,1,1,449,410,39,1.0,28
1444,0,0,499,454,45,1.0,22
1444,1,1,506,330,176,1.0,27
1452,0,0,458,427,31,1.0,24
1452,1,1,535,387,148,1.0,23
1460,0,0,294,457,-163,0.0,28
1460,1,1,462,407,55,1.0,24
1468,0,0,479,555,-76,0.0,22
1468,1,1,408,492,-84,0.0,24
1476,0,0,436,414,22,1.0,25
1476,1,1,369,548,-179,0.0,24
1484,0,0,496,390,106,1.0,25
1484,1,1,447,452,-5,0.0,22
1492,0,0,394,406,-12,0.0,27
1492,1,1,523,427,96,1.0,22
1500,0,0,414,432,-18,0.0,20
1500,1,1,501,474,27,1.0,22
1508,0,0,432,508,-76,0.0,22
1508,1,1,483,475,8,1.0,20
1516,0,0,509,505,4,1.0,23
1516,1,1,427,509,-82,0.0,22
1524,0,0,426,484,-58,0.0,22
1524,1,1,442,475,-33,0.0,22
1532,0,0,499,382,117,1.0,26
1532,1,1,427,517,-90,0.0,23
1540,0,0,470,310,160,1.0,31
1540,1,1,300,461,-161,0.0,25
1548,0,0,453,391,62,1.0,22
1548,1,1,435,462,-27,0.0,21
1556,0,0,462,474,-12,0.0,25
1556,1,1,432,468,-36,0.0,25
1564,0,0,506,407,99,1.0,25
1564,1,1,472,411,61,1.0,22
1572,0,0,553,303,250,1.0,22
1572,1,1,359,539,-180,0.0,21
1580,0,0,424,499,-75,0.0,21
1580,1,1,517,379,138,1.0,22
1588,0,0,470,412,58,1.0,26
1588,1,1,458,490,-32,0.0,24
1596,0,0,405,448,-43,0.0,24
1596,1,1,346,492,-146,0.0,29
1604,0,0,435,392,43,1.0,29
1604,1,1,388,489,-101,0.0,25
1612,0,0,483,441,42,1.0,21
1612,1,1,496,398,98,1.0,22
1620,0,0,464,441,23,1.0,24
1620,1,1,460,417,43,1.0,22
1628,0,0,423,465,-42,0.0,24
1628,1,1,465,478,-13,0.0,25
1636,0,0,401,403,-2,0.0,28
1636,1,1,401,420,-19,0.0,26
1644,0,0,480,484,-4,0.0,19
1644,1,1,499,448,51,1.0,21
1652,0,0,393,434,-41,0.0,25
1652,1,1,458,385,73,1.0,21
1660,0,0,427,418,9,1.0,25
1660,1,1,591,440,151,1.0,20
1668,0,0,417,473,-56,0.0,24
1668,1,1,448,460,-12,0.0,30
1676,0,0,388,416,-28,0.0,25
1676,1,1,408,436,-28,0.0,22
1684,0,0,419,488,-69,0.0,22
1684,1,1,422,491,-69,0.0,21
1692,0,0,477,356,121,1.0,24
1692,1,1,397,462,-65,0.0,22
1700,0,0,443,409,34,1.0,32
1700,1,1,352,509,-157,0.0,23
1708,0,0,482,435,47,1.0,19
1708,1,1,439,473,-34,0.0,22
1716,0,0,298,442,-144,0.0,30
1716,1,1,416,496,-80,0.0,23
1724,0,0,403,440,-37,0.0,22
1724,1,1,439,491,-52,0.0,23
1732,0,0,435,399,36,1.0,25
1732,1,1,427,424,3,1.0,26
1740,0,0,414,332,82,1.0,24
1740,1,1,478,337,141,1.0,24
1748,0,0,481,428,53,1.0,23
1748,1,1,397,578,-181,0.0,23
1756,0,0,516,397,119,1.0,23
1756,1,1,461,478,-17,0.0,23
1764,0,0,527,389,138,1.0,28
1764,1,1,459,444,15,1.0,28
1772,0,0,434,507,-73,0.0,21
1772,1,1,353,411,-58,0.0,27
1780,0,0,404,412,-8,0.0,28
1780,1,1,410,449,-39,0.0,25
1788,0,0,405,477,-72,0.0,22
1788,1,1,444,402,42,1.0,33
1796,0,0,516,467,49,1.0,27
1796,1,1,350,483,-133,0.0,21
1804,0,0,510,505,5,1.0,22
1804,1,1,426,479,-53,0.0,21
1812,0,0,389,388,1,1.0,25
1812,1,1,370,495,-125,0.0,21
1820,0,0,366,494,-128,0.0,22
1820,1,1,555,328,227,1.0,25
1828,0,0,573,379,194,1.0,22
1828,1,1,382,540,-158,0.0,22
1836,0,0,448,423,25,1.0,24
1836,1,1,433,428,5,1.0,23
1844,0,0,396,451,-55,0.0,24
1844,1,1,414,449,-35,0.0,25
1852,0,0,347,361,-14,0.0,26
1852,1,1,382,506,-124,0.0,23
1860,0,0,1,13,-12,0.0,8
1860,1,1,13,1,12,1.0,8
1868,0,0,451,450,1,1.0,23
1868,1,1,423,407,16,1.0,20
1876,0,0,503,413,90,1.0,22
1876,1,1,434,456,-22,0.0,23
1884,0,0,574,560,14,1.0,21
1884,1,1,478,523,-45,0.0,24
1892,0,0,519,340,179,1.0,23
1892,1,1,330,510,-180,0.0,23
1900,0,0,348,511,-163,0.0,24
1900,1,1,338,440,-102,0.0,26
1908,0,0,514,456,58,1.0,20
1908,1,1,440,442,-2,0.0,24
1916,0,0,474,409,65,1.0,21
1916,1,1,417,527,-110,0.0,23
1924,0,0,433,467,-34,0.0,26
1924,1,1,435,406,29,1.0,24
1932,0,0,396,443,-47,0.0,25
1932,1,1,394,433,-39,0.0,27
1940,0,0,435,430,5,1.0,24
1940,1,1,599,447,152,1.0,22
1948,0,0,423,501,-78,0.0,26
1948,1,1,377,442,-65,0.0,24
1956,0,0,407,389,18,1.0,22
1956,1,1,433,429,4,1.0,26
1964,0,0,538,379,159,1.0,22
1964,1,1,474,358,116,1.0,24
1972,0,0,447,408,39,1.0,27
1972,1,1,391,391,0,0.5,25
1980,0,0,437,322,115,1.0,25
1980,1,1,427,440,-13,0.0,24
1988,0,0,451,413,38,1.0,20
1988,1,1,479,418,61,1.0,24
1996,0,0,399,443,-44,0.0,28
1996,1,1,331,495,-164,0.0,21
pair,game,a_seat,a_score,b_score,a_spread,a_win,turns
5,0,0,463,542,-79,0.0,22
5,1,1,541,514,27,1.0,27
13,0,0,410,365,45,1.0,24
13,1,1,436,459,-23,0.0,24
21,0,0,438,402,36,1.0,25
21,1,1,455,448,7,1.0,21
29,0,0,414,529,-115,0.0,23
29,1,1,510,429,81,1.0,22
37,0,0,301,490,-189,0.0,25
37,1,1,525,458,67,1.0,22
45,0,0,428,467,-39,0.0,21
45,1,1,453,387,66,1.0,21
53,0,0,500,451,49,1.0,23
53,1,1,442,383,59,1.0,30
61,0,0,394,411,-17,0.0,26
61,1,1,497,420,77,1.0,25
69,0,0,429,475,-46,0.0,27
69,1,1,513,373,140,1.0,25
77,0,0,344,555,-211,0.0,22
77,1,1,551,355,196,1.0,23
85,0,0,331,475,-144,0.0,27
85,1,1,468,358,110,1.0,24
93,0,0,370,531,-161,0.0,23
93,1,1,591,503,88,1.0,20
101,0,0,478,511,-33,0.0,27
101,1,1,539,436,103,1.0,23
109,0,0,407,356,51,1.0,28
109,1,1,376,447,-71,0.0,24
117,0,0,357,544,-187,0.0,24
117,1,1,503,350,153,1.0,26
125,0,0,446,480,-34,0.0,24
125,1,1,423,345,78,1.0,27
133,0,0,457,459,-2,0.0,22
133,1,1,432,459,-27,0.0,23
141,0,0,372,504,-132,0.0,28
141,1,1,388,407,-19,0.0,27
149,0,0,446,436,10,1.0,24
149,1,1,415,370,45,1.0,28
157,0,0,517,392,125,1.0,26
157,1,1,461,417,44,1.0,23
165,0,0,405,518,-113,0.0,22
165,1,1,441,400,41,1.0,23
173,0,0,337,587,-250,0.0,17
173,1,1,528,323,205,1.0,26
181,0,0,450,537,-87,0.0,24
181,1,1,434,493,-59,0.0,22
189,0,0,458,314,144,1.0,26
189,1,1,468,448,20,1.0,29
197,0,0,364,462,-98,0.0,25
197,1,1,391,430,-39,0.0,24
205,0,0,562,486,76,1.0,20
205,1,1,517,534,-17,0.0,20
213,0,0,419,481,-62,0.0,25
213,1,1,525,384,141,1.0,27
221,0,0,562,523,39,1.0,23
221,1,1,360,481,-121,0.0,24
229,0,0,441,387,54,1.0,22
229,1,1,400,447,-47,0.0,27
237,0,0,454,554,-100,0.0,20
237,1,1,496,430,66,1.0,23
245,0,0,474,462,12,1.0,24
245,1,1,520,508,12,1.0,21
253,0,0,398,400,-2,0.0,30
253,1,1,390,494,-104,0.0,25
261,0,0,360,502,-142,0.0,22
261,1,1,500,311,189,1.0,25
269,0,0,338,519,-181,0.0,24
269,1,1,387,482,-95,0.0,22
277,0,0,422,467,-45,0.0,24
277,1,1,391,426,-35,0.0,24
285,0,0,374,404,-30,0.0,24
285,1,1,474,415,59,1.0,21
293,0,0,494,410,84,1.0,21
293,1,1,422,560,-138,0.0,21
301,0,0,413,411,2,1.0,22
301,1,1,464,400,64,1.0,22
309,0,0,383,437,-54,0.0,29
309,1,1,471,441,30,1.0,22
317,0,0,518,317,201,1.0,22
317,1,1,424,478,-54,0.0,37
325,0,0,326,465,-139,0.0,25
325,1,1,516,398,118,1.0,23
333,0,0,372,555,-183,0.0,22
333,1,1,555,372,183,1.0,22
341,0,0,410,369,41,1.0,24
341,1,1,488,371,117,1.0,26
349,0,0,294,481,-187,0.0,26
349,1,1,541,371,170,1.0,21
357,0,0,424,367,57,1.0,22
357,1,1,545,576,-31,0.0,26
365,0,0,433,413,20,1.0,25
365,1,1,449,445,4,1.0,21
373,0,0,473,368,105,1.0,24
373,1,1,341,464,-123,0.0,22
381,0,0,463,443,20,1.0,26
381,1,1,445,488,-43,0.0,22
389,0,0,370,456,-86,0.0,25
389,1,1,447,381,66,1.0,26
397,0,0,398,480,-82,0.0,25
397,1,1,527,348,179,1.0,32
405,0,0,385,435,-50,0.0,24
405,1,1,437,330,107,1.0,25
413,0,0,357,490,-133,0.0,28
413,1,1,495,371,124,1.0,24
421,0,0,452,461,-9,0.0,25
421,1,1,460,489,-29,0.0,25
429,0,0,525,426,99,1.0,20
429,1,1,393,545,-152,0.0,24
437,0,0,485,418,67,1.0,22
437,1,1,322,457,-135,0.0,26
445,0,0,358,450,-92,0.0,23
445,1,1,493,434,59,1.0,28
453,0,0,458,368,90,1.0,24
453,1,1,355,394,-39,0.0,24
461,0,0,422,437,-15,0.0,27
461,1,1,446,430,16,1.0,22
469,0,0,407,435,-28,0.0,26
469,1,1,449,382,67,1.0,24
477,0,0,447,447,0,0.5,25
477,1,1,438,441,-3,0.0,23
485,0,0,437,362,75,1.0,25
485,1,1,428,430,-2,0.0,25
493,0,0,469,519,-50,0.0,23
493,1,1,480,543,-63,0.0,27
501,0,0,438,562,-124,0.0,23
501,1,1,450,525,-75,0.0,22
509,0,0,489,443,46,1.0,21
509,1,1,447,424,23,1.0,23
517,0,0,414,453,-39,0.0,25
517,1,1,496,390,106,1.0,24
525,0,0,477,438,39,1.0,21
525,1,1,486,403,83,1.0,27
533,0,0,346,424,-78,0.0,30
533,1,1,468,439,29,1.0,22
541,0,0,425,426,-1,0.0,22
541,1,1,467,355,112,1.0,24
549,0,0,404,415,-11,0.0,27
549,1,1,389,470,-81,0.0,28
557,0,0,379,459,-80,0.0,24
557,1,1,539,381,158,1.0,22
565,0,0,478,493,-15,0.0,29
565,1,1,535,409,126,1.0,21
573,0,0,369,428,-59,0.0,23
573,1,1,525,442,83,1.0,25
581,0,0,488,497,-9,0.0,24
581,1,1,494,522,-28,0.0,20
589,0,0,545,403,142,1.0,26
589,1,1,432,535,-103,0.0,25
597,0,0,472,546,-74,0.0,24
597,1,1,534,466,68,1.0,26
605,0,0,409,458,-49,0.0,21
605,1,1,383,406,-23,0.0,25
613,0,0,422,565,-143,0.0,25
613,1,1,411,553,-142,0.0,24
621,0,0,451,476,-25,0.0,21
621,1,1,491,447,44,1.0,24
629,0,0,474,371,103,1.0,22
629,1,1,324,413,-89,0.0,32
637,0,0,512,307,205,1.0,26
637,1,1,465,366,99,1.0,23
645,0,0,380,525,-145,0.0,28
645,1,1,583,348,235,1.0,22
653,0,0,374,476,-102,0.0,23
653,1,1,519,478,41,1.0,23
661,0,0,418,418,0,0.5,22
661,1,1,463,405,58,1.0,21
669,0,0,458,499,-41,0.0,24
669,1,1,457,401,56,1.0,22
677,0,0,428,454,-26,0.0,28
677,1,1,475,382,93,1.0,23
685,0,0,372,454,-82,0.0,25
685,1,1,402,492,-90,0.0,25
693,0,0,380,458,-78,0.0,31
693,1,1,477,454,23,1.0,23
701,0,0,412,457,-45,0.0,27
701,1,1,494,375,119,1.0,24
709,0,0,465,417,48,1.0,31
709,1,1,442,474,-32,0.0,22
717,0,0,415,370,45,1.0,29
717,1,1,495,450,45,1.0,25
725,0,0,374,516,-142,0.0,28
725,1,1,575,349,226,1.0,31
733,0,0,438,405,33,1.0,26
733,1,1,466,442,24,1.0,28
741,0,0,406,477,-71,0.0,22
741,1,1,434,528,-94,0.0,21
749,0,0,389,462,-73,0.0,23
749,1,1,409,425,-16,0.0,24
757,0,0,496,421,75,1.0,22
757,1,1,410,446,-36,0.0,24
765,0,0,609,424,185,1.0,22
765,1,1,375,500,-125,0.0,23
773,0,0,501,343,158,1.0,23
773,1,1,409,469,-60,0.0,24
781,0,0,420,414,6,1.0,26
781,1,1,417,468,-51,0.0,23
789,0,0,474,489,-15,0.0,25
789,1,1,469,408,61,1.0,27
797,0,0,314,491,-177,0.0,23
797,1,1,521,376,145,1.0,27
805,0,0,349,577,-228,0.0,21
805,1,1,506,352,154,1.0,24
813,0,0,477,383,94,1.0,25
813,1,1,391,468,-77,0.0,25
821,0,0,531,381,150,1.0,20
821,1,1,363,470,-107,0.0,22
829,0,0,414,442,-28,0.0,26
829,1,1,532,467,65,1.0,21
837,0,0,476,469,7,1.0,24
837,1,1,482,366,116,1.0,27
845,0,0,415,547,-132,0.0,21
845,1,1,518,344,174,1.0,23
853,0,0,494,404,90,1.0,26
853,1,1,296,471,-175,0.0,26
861,0,0,434,573,-139,0.0,22
861,1,1,425,448,-23,0.0,22
869,0,0,409,458,-49,0.0,23
869,1,1,392,423,-31,0.0,22
877,0,0,442,550,-108,0.0,21
877,1,1,422,430,-8,0.0,28
885,0,0,392,384,8,1.0,23
885,1,1,323,415,-92,0.0,25
893,0,0,429,542,-113,0.0,23
893,1,1,503,312,191,1.0,25
901,0,0,459,472,-13,0.0,23
901,1,1,489,552,-63,0.0,22
909,0,0,474,477,-3,0.0,23
909,1,1,416,498,-82,0.0,21
917,0,0,410,379,31,1.0,27
917,1,1,510,344,166,1.0,27
925,0,0,318,521,-203,0.0,28
925,1,1,474,382,92,1.0,22
933,0,0,422,576,-154,0.0,21
933,1,1,382,473,-91,0.0,22
941,0,0,447,497,-50,0.0,25
941,1,1,459,386,73,1.0,25
949,0,0,453,476,-23,0.0,21
949,1,1,390,372,18,1.0,24
957,0,0,414,425,-11,0.0,27
957,1,1,460,413,47,1.0,24
965,0,0,427,529,-102,0.0,23
965,1,1,554,438,116,1.0,22
973,0,0,466,415,51,1.0,21
973,1,1,399,466,-67,0.0,22
981,0,0,510,275,235,1.0,20
981,1,1,299,420,-121,0.0,29
989,0,0,402,512,-110,0.0,27
989,1,1,451,448,3,1.0,22
997,0,0,350,443,-93,0.0,29
997,1,1,419,544,-125,0.0,22
1005,0,0,528,417,111,1.0,24
1005,1,1,441,440,1,1.0,25
1013,0,0,516,378,138,1.0,25
1013,1,1,472,460,12,1.0,28
1021,0,0,402,463,-61,0.0,25
1021,1,1,405,472,-67,0.0,25
1029,0,0,374,569,-195,0.0,25
1029,1,1,440,375,65,1.0,23
1037,0,0,295,428,-133,0.0,28
1037,1,1,463,444,19,1.0,24
1045,0,0,489,537,-48,0.0,20
1045,1,1,529,402,127,1.0,20
1053,0,0,462,378,84,1.0,22
1053,1,1,381,570,-189,0.0,22
1061,0,0,566,464,102,1.0,23
1061,1,1,448,515,-67,0.0,24
1069,0,0,474,428,46,1.0,23
1069,1,1,441,351,90,1.0,23
1077,0,0,434,509,-75,0.0,24
1077,1,1,489,467,22,1.0,22
1085,0,0,431,445,-14,0.0,23
1085,1,1,474,431,43,1.0,23
1093,0,0,395,381,14,1.0,20
1093,1,1,408,377,31,1.0,25
1101,0,0,350,478,-128,0.0,27
1101,1,1,516,355,161,1.0,24
1109,0,0,412,501,-89,0.0,23
1109,1,1,434,310,124,1.0,27
1117,0,0,420,392,28,1.0,28
1117,1,1,403,405,-2,0.0,23
1125,0,0,406,498,-92,0.0,23
1125,1,1,477,453,24,1.0,22
1133,0,0,344,413,-69,0.0,29
1133,1,1,384,487,-103,0.0,25
1141,0,0,451,500,-49,0.0,19
1141,1,1,419,394,25,1.0,29
1149,0,0,453,396,57,1.0,21
1149,1,1,541,424,117,1.0,20
1157,0,0,309,424,-115,0.0,37
1157,1,1,458,356,102,1.0,27
1165,0,0,420,401,19,1.0,27
1165,1,1,268,587,-319,0.0,23
1173,0,0,366,429,-63,0.0,27
1173,1,1,514,478,36,1.0,22
1181,0,0,548,404,144,1.0,22
1181,1,1,340,687,-347,0.0,24
1189,0,0,255,588,-333,0.0,21
1189,1,1,522,285,237,1.0,21
1197,0,0,419,427,-8,0.0,25
1197,1,1,428,335,93,1.0,29
1205,0,0,475,408,67,1.0,24
1205,1,1,393,461,-68,0.0,24
1213,0,0,353,459,-106,0.0,31
1213,1,1,486,464,22,1.0,26
1221,0,0,393,405,-12,0.0,26
1221,1,1,453,406,47,1.0,23
1229,0,0,462,406,56,1.0,26
1229,1,1,314,418,-104,0.0,26
1237,0,0,420,508,-88,0.0,27
1237,1,1,499,437,62,1.0,23
1245,0,0,403,413,-10,0.0,24
1245,1,1,415,322,93,1.0,30
1253,0,0,371,473,-102,0.0,26
1253,1,1,409,455,-46,0.0,24
1261,0,0,444,493,-49,0.0,21
1261,1,1,444,440,4,1.0,25
1269,0,0,365,480,-115,0.0,24
1269,1,1,433,469,-36,0.0,26
1277,0,0,333,508,-175,0.0,23
1277,1,1,417,405,12,1.0,23
1285,0,0,399,441,-42,0.0,27
1285,1,1,457,466,-9,0.0,23
1293,0,0,436,365,71,1.0,25
1293,1,1,541,461,80,1.0,25
1301,0,0,486,416,70,1.0,23
1301,1,1,383,546,-163,0.0,20
1309,0,0,358,538,-180,0.0,24
1309,1,1,381,512,-131,0.0,33
1317,0,0,341,457,-116,0.0,25
1317,1,1,424,421,3,1.0,24
1325,0,0,419,468,-49,0.0,24
1325,1,1,394,428,-34,0.0,23
1333,0,0,516,383,133,1.0,23
1333,1,1,398,471,-73,0.0,20
1341,0,0,504,336,168,1.0,25
1341,1,1,347,603,-256,0.0,20
1349,0,0,357,391,-34,0.0,24
1349,1,1,460,385,75,1.0,25
1357,0,0,512,426,86,1.0,23
1357,1,1,362,493,-131,0.0,24
1365,0,0,470,369,101,1.0,24
1365,1,1,552,434,118,1.0,22
1373,0,0,400,439,-39,0.0,23
1373,1,1,353,360,-7,0.0,23
1381,0,0,453,565,-112,0.0,22
1381,1,1,452,436,16,1.0,20
1389,0,0,456,515,-59,0.0,24
1389,1,1,438,508,-70,0.0,24
1397,0,0,365,490,-125,0.0,21
1397,1,1,417,397,20,1.0,24
1405,0,0,449,394,55,1.0,24
1405,1,1,351,425,-74,0.0,20
1413,0,0,343,481,-138,0.0,22
1413,1,1,448,333,115,1.0,26
1421,0,0,401,419,-18,0.0,25
1421,1,1,455,419,36,1.0,28
1429,0,0,432,434,-2,0.0,24
1429,1,1,443,321,122,1.0,26
1437,0,0,424,431,-7,0.0,25
1437,1,1,432,454,-22,0.0,22
1445,0,0,512,411,101,1.0,24
1445,1,1,422,453,-31,0.0,26
1453,0,0,512,359,153,1.0,32
1453,1,1,429,437,-8,0.0,22
1461,0,0,355,411,-56,0.0,27
1461,1,1,357,475,-118,0.0,24
1469,0,0,445,501,-56,0.0,31
1469,1,1,469,313,156,1.0,24
1477,0,0,484,437,47,1.0,23
1477,1,1,474,454,20,1.0,20
1485,0,0,433,406,27,1.0,24
1485,1,1,493,450,43,1.0,27
1493,0,0,399,420,-21,0.0,21
1493,1,1,412,468,-56,0.0,24
1501,0,0,362,424,-62,0.0,25
1501,1,1,378,382,-4,0.0,32
1509,0,0,434,369,65,1.0,24
1509,1,1,384,507,-123,0.0,24
1517,0,0,378,377,1,1.0,24
1517,1,1,337,397,-60,0.0,33
1525,0,0,346,467,-121,0.0,23
1525,1,1,464,425,39,1.0,25
1533,0,0,417,468,-51,0.0,23
1533,1,1,430,434,-4,0.0,25
1541,0,0,425,485,-60,0.0,19
1541,1,1,555,434,121,1.0,21
1549,0,0,470,449,21,1.0,23
1549,1,1,477,455,22,1.0,22
1557,0,0,416,370,46,1.0,24
1557,1,1,461,426,35,1.0,25
1565,0,0,464,481,-17,0.0,22
1565,1,1,542,410,132,1.0,23
1573,0,0,472,493,-21,0.0,23
1573,1,1,393,432,-39,0.0,24
1581,0,0,359,442,-83,0.0,22
1581,1,1,414,284,130,1.0,26
1589,0,0,445,458,-13,0.0,22
1589,1,1,449,484,-35,0.0,22
1597,0,0,361,380,-19,0.0,25
1597,1,1,440,477,-37,0.0,23
1605,0,0,408,493,-85,0.0,22
1605,1,1,411,408,3,1.0,25
1613,0,0,381,375,6,1.0,30
1613,1,1,484,583,-99,0.0,20
1621,0,0,337,592,-255,0.0,25
1621,1,1,475,453,22,1.0,27
1629,0,0,443,416,27,1.0,24
1629,1,1,445,478,-33,0.0,24
1637,0,0,383,376,7,1.0,25
1637,1,1,376,385,-9,0.0,23
1645,0,0,433,426,7,1.0,27
1645,1,1,399,372,27,1.0,22
1653,0,0,382,410,-28,0.0,27
1653,1,1,489,344,145,1.0,23
1661,0,0,428,363,65,1.0,22
1661,1,1,433,575,-142,0.0,25
1669,0,0,487,417,70,1.0,22
1669,1,1,542,434,108,1.0,19
1677,0,0,527,359,168,1.0,24
1677,1,1,415,378,37,1.0,26
1685,0,0,399,512,-113,0.0,25
1685,1,1,433,471,-38,0.0,21
1693,0,0,341,462,-121,0.0,25
1693,1,1,384,491,-107,0.0,28
1701,0,0,452,426,26,1.0,24
1701,1,1,462,478,-16,0.0,22
1709,0,0,318,563,-245,0.0,24
1709,1,1,457,406,51,1.0,26
1717,0,0,435,351,84,1.0,24
1717,1,1,406,433,-27,0.0,23
1725,0,0,386,481,-95,0.0,30
1725,1,1,450,383,67,1.0,24
1733,0,0,472,404,68,1.0,31
1733,1,1,399,435,-36,0.0,26
1741,0,0,475,451,24,1.0,20
1741,1,1,450,449,1,1.0,23
1749,0,0,412,465,-53,0.0,21
1749,1,1,511,474,37,1.0,24
1757,0,0,432,453,-21,0.0,27
1757,1,1,413,400,13,1.0,30
1765,0,0,447,490,-43,0.0,22
1765,1,1,420,439,-19,0.0,28
1773,0,0,478,468,10,1.0,23
1773,1,1,447,372,75,1.0,30
1781,0,0,425,321,104,1.0,28
1781,1,1,341,406,-65,0.0,24
1789,0,0,477,293,184,1.0,24
1789,1,1,327,451,-124,0.0,28
1797,0,0,360,477,-117,0.0,27
1797,1,1,504,365,139,1.0,25
1805,0,0,403,451,-48,0.0,22
1805,1,1,492,394,98,1.0,26
1813,0,0,396,511,-115,0.0,19
1813,1,1,460,465,-5,0.0,26
1821,0,0,489,475,14,1.0,26
1821,1,1,511,368,143,1.0,26
1829,0,0,470,437,33,1.0,27
1829,1,1,379,474,-95,0.0,22
1837,0,0,447,444,3,1.0,21
1837,1,1,366,401,-35,0.0,24
1845,0,0,420,507,-87,0.0,24
1845,1,1,445,502,-57,0.0,20
1853,0,0,276,436,-160,0.0,25
1853,1,1,433,384,49,1.0,21
1861,0,0,432,426,6,1.0,25
1861,1,1,404,492,-88,0.0,25
1869,0,0,425,375,50,1.0,22
1869,1,1,408,454,-46,0.0,29
1877,0,0,533,423,110,1.0,22
1877,1,1,375,406,-31,0.0,23
1885,0,0,312,513,-201,0.0,24
1885,1,1,509,334,175,1.0,27
1893,0,0,377,557,-180,0.0,22
1893,1,1,463,507,-44,0.0,22
1901,0,0,398,546,-148,0.0,24
1901,1,1,493,380,113,1.0,26
1909,0,0,455,347,108,1.0,28
1909,1,1,333,513,-180,0.0,22
1917,0,0,429,517,-88,0.0,25
1917,1,1,461,445,16,1.0,23
1925,0,0,446,467,-21,0.0,23
1925,1,1,384,558,-174,0.0,23
1933,0,0,509,414,95,1.0,24
1933,1,1,410,440,-30,0.0,21
1941,0,0,452,380,72,1.0,21
1941,1,1,344,362,-18,0.0,26
1949,0,0,418,395,23,1.0,28
1949,1,1,366,479,-113,0.0,22
1957,0,0,393,507,-114,0.0,21
1957,1,1,437,377,60,1.0,25
1965,0,0,390,452,-62,0.0,25
1965,1,1,407,398,9,1.0,25
1973,0,0,417,363,54,1.0,26
1973,1,1,480,455,25,1.0,23
1981,0,0,439,434,5,1.0,24
1981,1,1,442,386,56,1.0,26
1989,0,0,444,543,-99,0.0,19
1989,1,1,501,457,44,1.0,21
1997,0,0,432,366,66,1.0,26
1997,1,1,517,303,214,1.0,21
pair,game,a_seat,a_score,b_score,a_spread,a_win,turns
6,0,0,512,465,47,1.0,22
6,1,1,398,418,-20,0.0,24
14,0,0,466,397,69,1.0,24
14,1,1,456,532,-76,0.0,23
22,0,0,464,430,34,1.0,25
22,1,1,519,410,109,1.0,20
30,0,0,510,350,160,1.0,22
30,1,1,314,492,-178,0.0,21
38,0,0,491,380,111,1.0,24
38,1,1,381,466,-85,0.0,23
46,0,0,497,472,25,1.0,21
46,1,1,423,449,-26,0.0,24
54,0,0,517,439,78,1.0,21
54,1,1,441,495,-54,0.0,21
62,0,0,475,463,12,1.0,24
62,1,1,428,410,18,1.0,25
70,0,0,333,574,-241,0.0,20
70,1,1,509,366,143,1.0,22
78,0,0,429,474,-45,0.0,19
78,1,1,510,466,44,1.0,24
86,0,0,404,381,23,1.0,22
86,1,1,491,377,114,1.0,26
94,0,0,475,410,65,1.0,23
94,1,1,467,454,13,1.0,23
102,0,0,495,364,131,1.0,19
102,1,1,513,382,131,1.0,20
110,0,0,541,381,160,1.0,29
110,1,1,387,559,-172,0.0,25
118,0,0,457,554,-97,0.0,21
118,1,1,517,436,81,1.0,23
126,0,0,519,458,61,1.0,23
126,1,1,461,457,4,1.0,25
134,0,0,416,468,-52,0.0,25
134,1,1,407,470,-63,0.0,29
142,0,0,364,490,-126,0.0,23
142,1,1,416,414,2,1.0,32
150,0,0,413,424,-11,0.0,22
150,1,1,433,477,-44,0.0,24
158,0,0,475,380,95,1.0,23
158,1,1,428,458,-30,0.0,24
166,0,0,377,371,6,1.0,31
166,1,1,413,449,-36,0.0,25
174,0,0,337,523,-186,0.0,24
174,1,1,498,442,56,1.0,26
182,0,0,429,522,-93,0.0,22
182,1,1,435,497,-62,0.0,26
190,0,0,343,398,-55,0.0,26
190,1,1,541,256,285,1.0,26
198,0,0,404,479,-75,0.0,24
198,1,1,391,411,-20,0.0,23
206,0,0,522,428,94,1.0,26
206,1,1,447,444,3,1.0,23
214,0,0,519,496,23,1.0,23
214,1,1,446,460,-14,0.0,22
222,0,0,396,472,-76,0.0,23
222,1,1,440,400,40,1.0,25
230,0,0,490,487,3,1.0,20
230,1,1,487,490,-3,0.0,20
238,0,0,395,441,-46,0.0,26
238,1,1,460,520,-60,0.0,22
246,0,0,511,379,132,1.0,22
246,1,1,473,531,-58,0.0,22
254,0,0,488,409,79,1.0,21
254,1,1,497,548,-51,0.0,24
262,0,0,454,372,82,1.0,26
262,1,1,425,495,-70,0.0,25
270,0,0,567,434,133,1.0,23
270,1,1,425,531,-106,0.0,23
278,0,0,451,347,104,1.0,26
278,1,1,404,379,25,1.0,24
286,0,0,437,430,7,1.0,19
286,1,1,519,505,14,1.0,22
294,0,0,405,393,12,1.0,29
294,1,1,425,431,-6,0.0,23
302,0,0,393,511,-118,0.0,22
302,1,1,395,450,-55,0.0,26
310,0,0,371,401,-30,0.0,30
310,1,1,514,392,122,1.0,24
318,0,0,452,344,108,1.0,23
318,1,1,341,551,-210,0.0,25
326,0,0,382,523,-141,0.0,21
326,1,1,506,431,75,1.0,24
334,0,0,389,474,-85,0.0,20
334,1,1,422,462,-40,0.0,20
342,0,0,475,392,83,1.0,25
342,1,1,387,464,-77,0.0,23
350,0,0,494,400,94,1.0,20
350,1,1,476,487,-11,0.0,20
358,0,0,450,420,30,1.0,23
358,1,1,383,531,-148,0.0,22
366,0,0,432,373,59,1.0,25
366,1,1,395,504,-109,0.0,23
374,0,0,332,574,-242,0.0,26
374,1,1,406,435,-29,0.0,31
382,0,0,493,462,31,1.0,22
382,1,1,364,469,-105,0.0,23
390,0,0,404,532,-128,0.0,25
390,1,1,439,410,29,1.0,21
398,0,0,437,469,-32,0.0,25
398,1,1,436,464,-28,0.0,21
406,0,0,516,378,138,1.0,23
406,1,1,302,506,-204,0.0,24
414,0,0,411,461,-50,0.0,20
414,1,1,554,465,89,1.0,22
422,0,0,524,475,49,1.0,20
422,1,1,504,465,39,1.0,23
430,0,0,457,469,-12,0.0,22
430,1,1,441,332,109,1.0,28
438,0,0,453,531,-78,0.0,23
438,1,1,463,438,25,1.0,23
446,0,0,466,472,-6,0.0,24
446,1,1,464,465,-1,0.0,22
454,0,0,411,446,-35,0.0,22
454,1,1,347,438,-91,0.0,21
462,0,0,367,444,-77,0.0,26
462,1,1,270,503,-233,0.0,27
470,0,0,502,371,131,1.0,27
470,1,1,415,509,-94,0.0,30
478,0,0,436,420,16,1.0,26
478,1,1,417,482,-65,0.0,24
486,0,0,525,381,144,1.0,21
486,1,1,533,452,81,1.0,27
494,0,0,543,396,147,1.0,23
494,1,1,457,452,5,1.0,26
502,0,0,457,426,31,1.0,24
502,1,1,316,449,-133,0.0,25
510,0,0,365,501,-136,0.0,25
510,1,1,509,455,54,1.0,24
518,0,0,437,378,59,1.0,28
518,1,1,277,458,-181,0.0,41
526,0,0,505,414,91,1.0,23
526,1,1,415,454,-39,0.0,25
534,0,0,411,442,-31,0.0,27
534,1,1,431,436,-5,0.0,26
542,0,0,469,440,29,1.0,23
542,1,1,443,442,1,1.0,28
550,0,0,461,382,79,1.0,25
550,1,1,375,434,-59,0.0,23
558,0,0,482,390,92,1.0,25
558,1,1,357,403,-46,0.0,36
566,0,0,456,420,36,1.0,29
566,1,1,452,428,24,1.0,25
574,0,0,592,407,185,1.0,22
574,1,1,383,569,-186,0.0,23
582,0,0,377,402,-25,0.0,25
582,1,1,472,409,63,1.0,26
590,0,0,431,560,-129,0.0,21
590,1,1,452,441,11,1.0,24
598,0,0,522,395,127,1.0,24
598,1,1,416,422,-6,0.0,25
606,0,0,433,433,0,0.5,24
606,1,1,448,410,38,1.0,25
614,0,0,424,371,53,1.0,27
614,1,1,396,506,-110,0.0,23
622,0,0,470,384,86,1.0,23
622,1,1,391,446,-55,0.0,25
630,0,0,414,394,20,1.0,25
630,1,1,338,532,-194,0.0,23
638,0,0,532,352,180,1.0,27
638,1,1,452,403,49,1.0,24
646,0,0,417,515,-98,0.0,28
646,1,1,422,428,-6,0.0,22
654,0,0,501,480,21,1.0,23
654,1,1,396,543,-147,0.0,26
662,0,0,375,505,-130,0.0,21
662,1,1,520,399,121,1.0,21
670,0,0,460,501,-41,0.0,21
670,1,1,479,494,-15,0.0,22
678,0,0,319,425,-106,0.0,34
678,1,1,390,374,16,1.0,31
686,0,0,405,469,-64,0.0,24
686,1,1,522,411,111,1.0,26
694,0,0,461,461,0,0.5,23
694,1,1,488,540,-52,0.0,23
702,0,0,504,428,76,1.0,24
702,1,1,456,443,13,1.0,23
710,0,0,462,440,22,1.0,22
710,1,1,374,517,-143,0.0,22
718,0,0,575,350,225,1.0,19
718,1,1,419,481,-62,0.0,27
726,0,0,353,408,-55,0.0,29
726,1,1,385,444,-59,0.0,24
734,0,0,418,459,-41,0.0,25
734,1,1,522,449,73,1.0,20
742,0,0,454,441,13,1.0,22
742,1,1,444,469,-25,0.0,28
750,0,0,374,474,-100,0.0,28
750,1,1,367,488,-121,0.0,25
758,0,0,337,344,-7,0.0,27
758,1,1,386,477,-91,0.0,23
766,0,0,438,460,-22,0.0,25
766,1,1,415,451,-36,0.0,27
774,0,0,558,386,172,1.0,23
774,1,1,388,497,-109,0.0,20
782,0,0,465,456,9,1.0,22
782,1,1,522,430,92,1.0,22
790,0,0,398,446,-48,0.0,27
790,1,1,320,525,-205,0.0,24
798,0,0,583,344,239,1.0,25
798,1,1,383,439,-56,0.0,25
806,0,0,442,441,1,1.0,23
806,1,1,406,416,-10,0.0,27
814,0,0,488,410,78,1.0,19
814,1,1,428,511,-83,0.0,21
822,0,0,349,504,-155,0.0,22
822,1,1,425,470,-45,0.0,19
830,0,0,470,335,135,1.0,27
830,1,1,399,448,-49,0.0,21
838,0,0,510,385,125,1.0,19
838,1,1,385,509,-124,0.0,24
846,0,0,407,479,-72,0.0,21
846,1,1,373,566,-193,0.0,23
854,0,0,397,453,-56,0.0,25
854,1,1,459,479,-20,0.0,25
862,0,0,411,476,-65,0.0,23
862,1,1,516,462,54,1.0,23
870,0,0,399,371,28,1.0,27
870,1,1,428,435,-7,0.0,24
878,0,0,416,429,-13,0.0,25
878,1,1,481,363,118,1.0,20
886,0,0,436,429,7,1.0,23
886,1,1,412,466,-54,0.0,27
894,0,0,408,417,-9,0.0,23
894,1,1,439,455,-16,0.0,23
902,0,0,392,492,-100,0.0,22
902,1,1,515,438,77,1.0,24
910,0,0,386,495,-109,0.0,23
910,1,1,448,431,17,1.0,26
918,0,0,387,337,50,1.0,22
918,1,1,331,533,-202,0.0,25
926,0,0,416,368,48,1.0,24
926,1,1,463,446,17,1.0,26
934,0,0,531,444,87,1.0,22
934,1,1,438,477,-39,0.0,23
942,0,0,420,419,1,1.0,25
942,1,1,348,453,-105,0.0,23
950,0,0,433,453,-20,0.0,24
950,1,1,355,436,-81,0.0,28
958,0,0,408,422,-14,0.0,24
958,1,1,388,419,-31,0.0,26
966,0,0,557,361,196,1.0,24
966,1,1,412,512,-100,0.0,23
974,0,0,407,508,-101,0.0,24
974,1,1,433,429,4,1.0,27
982,0,0,446,411,35,1.0,22
982,1,1,461,427,34,1.0,25
990,0,0,395,466,-71,0.0,25
990,1,1,411,457,-46,0.0,23
998,0,0,499,348,151,1.0,19
998,1,1,439,395,44,1.0,24
1006,0,0,446,456,-10,0.0,20
1006,1,1,387,531,-144,0.0,23
1014,0,0,489,419,70,1.0,24
1014,1,1,410,505,-95,0.0,25
1022,0,0,426,457,-31,0.0,29
1022,1,1,406,413,-7,0.0,26
1030,0,0,418,452,-34,0.0,24
1030,1,1,434,373,61,1.0,25
1038,0,0,488,348,140,1.0,21
1038,1,1,542,380,162,1.0,18
1046,0,0,416,436,-20,0.0,21
1046,1,1,333,540,-207,0.0,19
1054,0,0,375,442,-67,0.0,22
1054,1,1,417,434,-17,0.0,21
1062,0,0,520,395,125,1.0,22
1062,1,1,380,500,-120,0.0,21
1070,0,0,382,500,-118,0.0,24
1070,1,1,467,389,78,1.0,26
1078,0,0,462,470,-8,0.0,24
1078,1,1,404,389,15,1.0,32
1086,0,0,590,382,208,1.0,23
1086,1,1,440,494,-54,0.0,22
1094,0,0,404,337,67,1.0,28
1094,1,1,384,446,-62,0.0,30
1102,0,0,512,470,42,1.0,23
1102,1,1,483,539,-56,0.0,22
1110,0,0,418,417,1,1.0,36
1110,1,1,472,486,-14,0.0,23
1118,0,0,528,412,116,1.0,19
1118,1,1,343,551,-208,0.0,22
1126,0,0,352,374,-22,0.0,24
1126,1,1,511,384,127,1.0,28
1134,0,0,517,437,80,1.0,24
1134,1,1,433,566,-133,0.0,25
1142,0,0,459,339,120,1.0,28
1142,1,1,361,453,-92,0.0,23
1150,0,0,471,415,56,1.0,25
1150,1,1,430,434,-4,0.0,20
1158,0,0,441,431,10,1.0,25
1158,1,1,459,414,45,1.0,23
1166,0,0,456,412,44,1.0,24
1166,1,1,478,469,9,1.0,23
1174,0,0,467,437,30,1.0,28
1174,1,1,425,340,85,1.0,32
1182,0,0,494,403,91,1.0,21
1182,1,1,398,524,-126,0.0,26
1190,0,0,402,502,-100,0.0,25
1190,1,1,420,467,-47,0.0,24
1198,0,0,515,505,10,1.0,25
1198,1,1,445,442,3,1.0,30
1206,0,0,308,550,-242,0.0,24
1206,1,1,544,361,183,1.0,25
1214,0,0,408,410,-2,0.0,24
1214,1,1,439,511,-72,0.0,21
1222,0,0,393,502,-109,0.0,22
1222,1,1,457,414,43,1.0,22
1230,0,0,419,410,9,1.0,24
1230,1,1,350,453,-103,0.0,25
1238,0,0,454,380,74,1.0,35
1238,1,1,351,533,-182,0.0,26
1246,0,0,561,348,213,1.0,23
1246,1,1,446,495,-49,0.0,23
1254,0,0,445,358,87,1.0,26
1254,1,1,335,471,-136,0.0,25
1262,0,0,498,430,68,1.0,21
1262,1,1,481,472,9,1.0,20
1270,0,0,449,511,-62,0.0,21
1270,1,1,489,425,64,1.0,27
1278,0,0,415,414,1,1.0,24
1278,1,1,440,448,-8,0.0,24
1286,0,0,513,474,39,1.0,25
1286,1,1,451,413,38,1.0,24
1294,0,0,423,401,22,1.0,24
1294,1,1,468,423,45,1.0,23
1302,0,0,431,493,-62,0.0,21
1302,1,1,439,366,73,1.0,24
1310,0,0,447,541,-94,0.0,21
1310,1,1,398,538,-140,0.0,21
1318,0,0,478,486,-8,0.0,22
1318,1,1,397,414,-17,0.0,19
1326,0,0,529,359,170,1.0,24
1326,1,1,380,391,-11,0.0,24
1334,0,0,433,496,-63,0.0,21
1334,1,1,562,444,118,1.0,23
1342,0,0,396,491,-95,0.0,24
1342,1,1,459,423,36,1.0,24
1350,0,0,429,387,42,1.0,26
1350,1,1,446,470,-24,0.0,25
1358,0,0,418,438,-20,0.0,25
1358,1,1,410,447,-37,0.0,24
1366,0,0,336,363,-27,0.0,23
1366,1,1,395,377,18,1.0,30
1374,0,0,429,348,81,1.0,23
1374,1,1,453,595,-142,0.0,23
1382,0,0,503,570,-67,0.0,22
1382,1,1,453,427,26,1.0,20
1390,0,0,495,475,20,1.0,22
1390,1,1,414,527,-113,0.0,22
1398,0,0,476,341,135,1.0,27
1398,1,1,401,446,-45,0.0,23
1406,0,0,425,347,78,1.0,27
1406,1,1,362,426,-64,0.0,27
1414,0,0,451,389,62,1.0,29
1414,1,1,450,375,75,1.0,25
1422,0,0,406,463,-57,0.0,28
1422,1,1,430,347,83,1.0,25
1430,0,0,353,501,-148,0.0,25
1430,1,1,431,536,-105,0.0,22
1438,0,0,431,464,-33,0.0,22
1438,1,1,377,410,-33,0.0,22
1446,0,0,496,440,56,1.0,23
1446,1,1,419,515,-96,0.0,23
1454,0,0,425,429,-4,0.0,23
1454,1,1,485,428,57,1.0,23
1462,0,0,437,415,22,1.0,24
1462,1,1,494,474,20,1.0,22
1470,0,0,417,488,-71,0.0,22
1470,1,1,425,487,-62,0.0,25
1478,0,0,416,458,-42,0.0,22
1478,1,1,519,499,20,1.0,22
1486,0,0,440,376,64,1.0,29
1486,1,1,364,522,-158,0.0,21
1494,0,0,436,325,111,1.0,27
1494,1,1,355,435,-80,0.0,25
1502,0,0,498,430,68,1.0,23
1502,1,1,362,490,-128,0.0,22
1510,0,0,402,515,-113,0.0,21
1510,1,1,409,480,-71,0.0,23
1518,0,0,358,448,-90,0.0,22
1518,1,1,442,572,-130,0.0,21
1526,0,0,351,543,-192,0.0,22
1526,1,1,482,394,88,1.0,23
1534,0,0,408,515,-107,0.0,20
1534,1,1,389,468,-79,0.0,25
1542,0,0,492,551,-59,0.0,23
1542,1,1,433,504,-71,0.0,27
1550,0,0,438,443,-5,0.0,26
1550,1,1,435,409,26,1.0,26
1558,0,0,405,464,-59,0.0,31
1558,1,1,543,487,56,1.0,24
1566,0,0,600,507,93,1.0,21
1566,1,1,411,431,-20,0.0,21
1574,0,0,356,388,-32,0.0,33
1574,1,1,444,413,31,1.0,31
1582,0,0,400,490,-90,0.0,25
1582,1,1,535,379,156,1.0,23
1590,0,0,463,441,22,1.0,27
1590,1,1,381,412,-31,0.0,22
1598,0,0,527,429,98,1.0,25
1598,1,1,405,463,-58,0.0,25
1606,0,0,505,407,98,1.0,21
1606,1,1,401,483,-82,0.0,25
1614,0,0,355,507,-152,0.0,22
1614,1,1,417,424,-7,0.0,23
1622,0,0,418,446,-28,0.0,23
1622,1,1,409,474,-65,0.0,24
1630,0,0,522,375,147,1.0,24
1630,1,1,458,454,4,1.0,22
1638,0,0,381,581,-200,0.0,20
1638,1,1,446,371,75,1.0,24
1646,0,0,562,422,140,1.0,23
1646,1,1,380,511,-131,0.0,25
1654,0,0,415,545,-130,0.0,25
1654,1,1,484,449,35,1.0,22
1662,0,0,471,367,104,1.0,23
1662,1,1,517,510,7,1.0,23
1670,0,0,442,391,51,1.0,27
1670,1,1,453,436,17,1.0,23
1678,0,0,464,481,-17,0.0,23
1678,1,1,419,455,-36,0.0,25
1686,0,0,374,453,-79,0.0,20
1686,1,1,375,428,-53,0.0,23
1694,0,0,513,382,131,1.0,26
1694,1,1,427,440,-13,0.0,26
1702,0,0,459,405,54,1.0,24
1702,1,1,369,397,-28,0.0,24
1710,0,0,456,467,-11,0.0,28
1710,1,1,476,398,78,1.0,24
1718,0,0,433,464,-31,0.0,28
1718,1,1,477,498,-21,0.0,23
1726,0,0,518,352,166,1.0,23
1726,1,1,408,361,47,1.0,33
1734,0,0,570,375,195,1.0,24
1734,1,1,522,486,36,1.0,21
1742,0,0,477,413,64,1.0,23
1742,1,1,404,452,-48,0.0,22
1750,0,0,422,484,-62,0.0,24
1750,1,1,452,399,53,1.0,24
1758,0,0,470,428,42,1.0,22
1758,1,1,485,459,26,1.0,18
1766,0,0,459,450,9,1.0,23
1766,1,1,499,459,40,1.0,24
1774,0,0,481,473,8,1.0,22
1774,1,1,489,445,44,1.0,23
1782,0,0,506,382,124,1.0,27
1782,1,1,369,529,-160,0.0,20
1790,0,0,642,503,139,1.0,22
1790,1,1,519,590,-71,0.0,20
1798,0,0,406,412,-6,0.0,21
1798,1,1,461,423,38,1.0,22
1806,0,0,460,368,92,1.0,24
1806,1,1,429,453,-24,0.0,23
1814,0,0,487,450,37,1.0,21
1814,1,1,378,489,-111,0.0,23
1822,0,0,537,362,175,1.0,27
1822,1,1,321,443,-122,0.0,26
1830,0,0,480,373,107,1.0,24
1830,1,1,501,464,37,1.0,22
1838,0,0,505,447,58,1.0,21
1838,1,1,491,514,-23,0.0,21
1846,0,0,413,440,-27,0.0,22
1846,1,1,486,437,49,1.0,23
1854,0,0,494,426,68,1.0,23
1854,1,1,402,446,-44,0.0,27
1862,0,0,464,369,95,1.0,22
1862,1,1,311,458,-147,0.0,26
1870,0,0,548,392,156,1.0,21
1870,1,1,383,510,-127,0.0,25
1878,0,0,485,441,44,1.0,22
1878,1,1,377,502,-125,0.0,21
1886,0,0,447,488,-41,0.0,22
1886,1,1,416,414,2,1.0,25
1894,0,0,514,422,92,1.0,24
1894,1,1,362,494,-132,0.0,22
1902,0,0,500,409,91,1.0,22
1902,1,1,397,482,-85,0.0,22
1910,0,0,368,482,-114,0.0,24
1910,1,1,547,388,159,1.0,22
1918,0,0,328,575,-247,0.0,24
1918,1,1,557,453,104,1.0,24
1926,0,0,434,372,62,1.0,30
1926,1,1,478,335,143,1.0,24
1934,0,0,481,426,55,1.0,26
1934,1,1,415,438,-23,0.0,24
1942,0,0,406,452,-46,0.0,25
1942,1,1,418,432,-14,0.0,23
1950,0,0,439,438,1,1.0,24
1950,1,1,391,456,-65,0.0,22
1958,0,0,449,418,31,1.0,22
1958,1,1,391,482,-91,0.0,24
1966,0,0,432,357,75,1.0,24
1966,1,1,346,520,-174,0.0,26
1974,0,0,469,429,40,1.0,23
1974,1,1,390,436,-46,0.0,34
1982,0,0,433,557,-124,0.0,23
1982,1,1,552,395,157,1.0,23
1990,0,0,453,468,-15,0.0,23
1990,1,1,436,404,32,1.0,23
1998,0,0,572,427,145,1.0,24
1998,1,1,374,556,-182,0.0,25
pair,game,a_seat,a_score,b_score,a_spread,a_win,turns
7,0,0,375,593,-218,0.0,22
7,1,1,589,386,203,1.0,23
15,0,0,385,506,-121,0.0,24
15,1,1,542,372,170,1.0,21
23,0,0,377,457,-80,0.0,28
23,1,1,404,448,-44,0.0,25
31,0,0,386,434,-48,0.0,26
31,1,1,438,405,33,1.0,21
39,0,0,511,333,178,1.0,25
39,1,1,414,391,23,1.0,27
47,0,0,462,415,47,1.0,23
47,1,1,454,506,-52,0.0,20
55,0,0,354,640,-286,0.0,21
55,1,1,484,458,26,1.0,26
63,0,0,415,521,-106,0.0,23
63,1,1,441,490,-49,0.0,19
71,0,0,417,389,28,1.0,23
71,1,1,480,459,21,1.0,23
79,0,0,404,459,-55,0.0,25
79,1,1,439,430,9,1.0,30
87,0,0,402,426,-24,0.0,25
87,1,1,401,443,-42,0.0,30
95,0,0,553,465,88,1.0,25
95,1,1,379,521,-142,0.0,22
103,0,0,454,461,-7,0.0,22
103,1,1,466,429,37,1.0,21
111,0,0,482,339,143,1.0,24
111,1,1,350,452,-102,0.0,25
119,0,0,506,478,28,1.0,23
119,1,1,487,455,32,1.0,21
127,0,0,426,459,-33,0.0,26
127,1,1,566,385,181,1.0,24
135,0,0,435,398,37,1.0,28
135,1,1,379,514,-135,0.0,24
143,0,0,433,510,-77,0.0,22
143,1,1,520,424,96,1.0,23
151,0,0,423,425,-2,0.0,26
151,1,1,427,455,-28,0.0,21
159,0,0,375,475,-100,0.0,21
159,1,1,457,470,-13,0.0,23
167,0,0,474,514,-40,0.0,29
167,1,1,437,388,49,1.0,23
175,0,0,431,367,64,1.0,25
175,1,1,409,441,-32,0.0,25
183,0,0,454,432,22,1.0,24
183,1,1,424,421,3,1.0,23
191,0,0,363,486,-123,0.0,23
191,1,1,396,408,-12,0.0,23
199,0,0,303,433,-130,0.0,27
199,1,1,433,405,28,1.0,24
207,0,0,492,405,87,1.0,21
207,1,1,517,425,92,1.0,21
215,0,0,438,415,23,1.0,30
215,1,1,412,504,-92,0.0,25
223,0,0,584,435,149,1.0,20
223,1,1,475,386,89,1.0,28
231,0,0,415,389,26,1.0,25
231,1,1,332,496,-164,0.0,26
239,0,0,442,381,61,1.0,30
239,1,1,440,443,-3,0.0,22
247,0,0,518,480,38,1.0,22
247,1,1,421,392,29,1.0,26
255,0,0,390,474,-84,0.0,21
255,1,1,410,469,-59,0.0,26
263,0,0,503,433,70,1.0,23
263,1,1,379,503,-124,0.0,23
271,0,0,433,530,-97,0.0,25
271,1,1,429,431,-2,0.0,25
279,0,0,366,453,-87,0.0,23
279,1,1,640,391,249,1.0,21
287,0,0,349,415,-66,0.0,26
287,1,1,438,398,40,1.0,29
295,0,0,437,434,3,1.0,24
295,1,1,424,428,-4,0.0,24
303,0,0,567,404,163,1.0,24
303,1,1,540,427,113,1.0,19
311,0,0,420,458,-38,0.0,25
311,1,1,456,406,50,1.0,25
319,0,0,417,486,-69,0.0,24
319,1,1,572,415,157,1.0,24
327,0,0,390,482,-92,0.0,24
327,1,1,518,379,139,1.0,20
335,0,0,336,358,-22,0.0,25
335,1,1,377,453,-76,0.0,22
343,0,0,480,427,53,1.0,22
343,1,1,472,461,11,1.0,23
351,0,0,398,472,-74,0.0,26
351,1,1,447,500,-53,0.0,24
359,0,0,430,462,-32,0.0,21
359,1,1,406,458,-52,0.0,24
367,0,0,490,507,-17,0.0,26
367,1,1,470,416,54,1.0,22
375,0,0,352,332,20,1.0,25
375,1,1,379,431,-52,0.0,24
383,0,0,439,474,-35,0.0,23
383,1,1,498,418,80,1.0,23
391,0,0,391,403,-12,0.0,39
391,1,1,482,457,25,1.0,24
399,0,0,426,454,-28,0.0,28
399,1,1,468,443,25,1.0,26
407,0,0,385,543,-158,0.0,21
407,1,1,433,522,-89,0.0,22
415,0,0,469,464,5,1.0,26
415,1,1,461,415,46,1.0,23
423,0,0,394,486,-92,0.0,30
423,1,1,413,366,47,1.0,24
431,0,0,362,479,-117,0.0,30
431,1,1,517,417,100,1.0,28
439,0,0,397,537,-140,0.0,21
439,1,1,477,439,38,1.0,23
447,0,0,366,516,-150,0.0,24
447,1,1,548,375,173,1.0,23
455,0,0,490,453,37,1.0,23
455,1,1,487,479,8,1.0,20
463,0,0,482,400,82,1.0,26
463,1,1,284,534,-250,0.0,26
471,0,0,402,581,-179,0.0,19
471,1,1,463,379,84,1.0,24
479,0,0,565,465,100,1.0,22
479,1,1,392,564,-172,0.0,20
487,0,0,470,374,96,1.0,23
487,1,1,558,417,141,1.0,23
495,0,0,510,396,114,1.0,24
495,1,1,423,446,-23,0.0,24
503,0,0,483,413,70,1.0,23
503,1,1,413,472,-59,0.0,23
511,0,0,480,505,-25,0.0,21
511,1,1,560,365,195,1.0,22
519,0,0,428,419,9,1.0,22
519,1,1,398,403,-5,0.0,26
527,0,0,398,516,-118,0.0,23
527,1,1,411,504,-93,0.0,24
535,0,0,503,486,17,1.0,21
535,1,1,417,481,-64,0.0,21
543,0,0,441,509,-68,0.0,21
543,1,1,501,455,46,1.0,20
551,0,0,424,509,-85,0.0,22
551,1,1,504,381,123,1.0,23
559,0,0,431,478,-47,0.0,21
559,1,1,562,466,96,1.0,20
567,0,0,520,468,52,1.0,21
567,1,1,462,468,-6,0.0,22
575,0,0,476,506,-30,0.0,20
575,1,1,513,388,125,1.0,26
583,0,0,404,510,-106,0.0,34
583,1,1,463,430,33,1.0,21
591,0,0,345,471,-126,0.0,26
591,1,1,445,405,40,1.0,24
599,0,0,407,345,62,1.0,28
599,1,1,355,385,-30,0.0,25
607,0,0,454,568,-114,0.0,23
607,1,1,540,444,96,1.0,22
615,0,0,572,295,277,1.0,23
615,1,1,373,508,-135,0.0,25
623,0,0,361,489,-128,0.0,26
623,1,1,520,417,103,1.0,22
631,0,0,353,504,-151,0.0,22
631,1,1,421,502,-81,0.0,22
639,0,0,382,410,-28,0.0,24
639,1,1,421,410,11,1.0,26
647,0,0,509,385,124,1.0,19
647,1,1,429,478,-49,0.0,22
655,0,0,356,554,-198,0.0,27
655,1,1,404,425,-21,0.0,26
663,0,0,312,445,-133,0.0,24
663,1,1,524,398,126,1.0,23
671,0,0,524,378,146,1.0,23
671,1,1,427,559,-132,0.0,26
679,0,0,401,582,-181,0.0,25
679,1,1,554,355,199,1.0,30
687,0,0,495,394,101,1.0,24
687,1,1,429,417,12,1.0,25
695,0,0,468,524,-56,0.0,22
695,1,1,534,438,96,1.0,21
703,0,0,571,342,229,1.0,27
703,1,1,395,436,-41,0.0,30
711,0,0,489,406,83,1.0,22
711,1,1,533,383,150,1.0,28
719,0,0,431,487,-56,0.0,25
719,1,1,500,500,0,0.5,23
727,0,0,504,435,69,1.0,23
727,1,1,389,464,-75,0.0,21
735,0,0,481,459,22,1.0,20
735,1,1,486,511,-25,0.0,23
743,0,0,429,589,-160,0.0,23
743,1,1,507,370,137,1.0,24
751,0,0,398,363,35,1.0,24
751,1,1,362,426,-64,0.0,25
759,0,0,381,415,-34,0.0,23
759,1,1,458,436,22,1.0,27
767,0,0,580,565,15,1.0,18
767,1,1,510,421,89,1.0,20
775,0,0,481,495,-14,0.0,23
775,1,1,388,363,25,1.0,29
783,0,0,437,558,-121,0.0,22
783,1,1,554,449,105,1.0,20
791,0,0,414,497,-83,0.0,25
791,1,1,445,493,-48,0.0,27
799,0,0,430,409,21,1.0,20
799,1,1,446,390,56,1.0,24
807,0,0,474,384,90,1.0,23
807,1,1,433,528,-95,0.0,21
815,0,0,453,427,26,1.0,22
815,1,1,481,504,-23,0.0,23
823,0,0,474,399,75,1.0,23
823,1,1,346,517,-171,0.0,24
831,0,0,401,385,16,1.0,25
831,1,1,433,363,70,1.0,24
839,0,0,569,455,114,1.0,24
839,1,1,390,479,-89,0.0,25
847,0,0,423,521,-98,0.0,24
847,1,1,456,454,2,1.0,21
855,0,0,453,355,98,1.0,28
855,1,1,399,461,-62,0.0,25
863,0,0,527,458,69,1.0,24
863,1,1,414,410,4,1.0,25
871,0,0,410,444,-34,0.0,30
871,1,1,555,483,72,1.0,21
879,0,0,448,368,80,1.0,22
879,1,1,459,465,-6,0.0,22
887,0,0,406,549,-143,0.0,22
887,1,1,557,442,115,1.0,19
895,0,0,482,388,94,1.0,23
895,1,1,452,463,-11,0.0,28
903,0,0,386,403,-17,0.0,30
903,1,1,576,391,185,1.0,21
911,0,0,358,496,-138,0.0,25
911,1,1,505,324,181,1.0,29
919,0,0,442,525,-83,0.0,23
919,1,1,368,434,-66,0.0,22
927,0,0,364,572,-208,0.0,20
927,1,1,454,480,-26,0.0,22
935,0,0,352,406,-54,0.0,23
935,1,1,407,367,40,1.0,23
943,0,0,365,463,-98,0.0,24
943,1,1,468,449,19,1.0,22
951,0,0,585,431,154,1.0,24
951,1,1,410,479,-69,0.0,25
959,0,0,395,537,-142,0.0,20
959,1,1,549,436,113,1.0,24
967,0,0,333,498,-165,0.0,30
967,1,1,478,323,155,1.0,25
975,0,0,358,371,-13,0.0,23
975,1,1,437,442,-5,0.0,21
983,0,0,450,496,-46,0.0,23
983,1,1,437,461,-24,0.0,23
991,0,0,374,404,-30,0.0,23
991,1,1,510,372,138,1.0,24
999,0,0,402,441,-39,0.0,19
999,1,1,483,375,108,1.0,21
1007,0,0,367,529,-162,0.0,26
1007,1,1,610,244,366,1.0,29
1015,0,0,534,377,157,1.0,25
1015,1,1,441,396,45,1.0,24
1023,0,0,355,395,-40,0.0,37
1023,1,1,511,405,106,1.0,23
1031,0,0,423,365,58,1.0,25
1031,1,1,409,439,-30,0.0,27
1039,0,0,480,329,151,1.0,20
1039,1,1,398,431,-33,0.0,23
1047,0,0,429,468,-39,0.0,21
1047,1,1,373,468,-95,0.0,29
1055,0,0,487,526,-39,0.0,24
1055,1,1,466,404,62,1.0,24
1063,0,0,489,473,16,1.0,22
1063,1,1,368,365,3,1.0,26
1071,0,0,462,548,-86,0.0,25
1071,1,1,515,414,101,1.0,25
1079,0,0,423,406,17,1.0,23
1079,1,1,437,431,6,1.0,22
1087,0,0,399,491,-92,0.0,24
1087,1,1,516,397,119,1.0,23
1095,0,0,512,506,6,1.0,21
1095,1,1,458,489,-31,0.0,24
1103,0,0,344,431,-87,0.0,23
1103,1,1,473,339,134,1.0,25
1111,0,0,386,386,0,0.5,29
1111,1,1,338,428,-90,0.0,23
1119,0,0,457,453,4,1.0,23
1119,1,1,522,376,146,1.0,33
1127,0,0,345,414,-69,0.0,27
1127,1,1,456,407,49,1.0,27
1135,0,0,356,420,-64,0.0,23
1135,1,1,485,343,142,1.0,23
1143,0,0,481,401,80,1.0,24
1143,1,1,351,476,-125,0.0,31
1151,0,0,417,521,-104,0.0,24
1151,1,1,423,500,-77,0.0,24
1159,0,0,369,449,-80,0.0,21
1159,1,1,447,397,50,1.0,24
1167,0,0,419,392,27,1.0,26
1167,1,1,468,446,22,1.0,24
1175,0,0,495,602,-107,0.0,21
1175,1,1,510,434,76,1.0,21
1183,0,0,419,396,23,1.0,25
1183,1,1,523,369,154,1.0,23
1191,0,0,495,410,85,1.0,20
1191,1,1,524,450,74,1.0,23
1199,0,0,396,453,-57,0.0,23
1199,1,1,438,448,-10,0.0,24
1207,0,0,455,398,57,1.0,20
1207,1,1,402,418,-16,0.0,22
1215,0,0,416,412,4,1.0,21
1215,1,1,509,365,144,1.0,21
1223,0,0,481,388,93,1.0,23
1223,1,1,431,498,-67,0.0,22
1231,0,0,355,406,-51,0.0,26
1231,1,1,434,366,68,1.0,23
1239,0,0,319,574,-255,0.0,23
1239,1,1,649,282,367,1.0,27
1247,0,0,528,288,240,1.0,22
1247,1,1,342,524,-182,0.0,29
1255,0,0,540,532,8,1.0,23
1255,1,1,501,370,131,1.0,25
1263,0,0,440,451,-11,0.0,27
1263,1,1,492,497,-5,0.0,25
1271,0,0,370,397,-27,0.0,24
1271,1,1,540,357,183,1.0,22
1279,0,0,431,447,-16,0.0,23
1279,1,1,408,391,17,1.0,27
1287,0,0,400,505,-105,0.0,23
1287,1,1,421,469,-48,0.0,28
1295,0,0,486,382,104,1.0,25
1295,1,1,382,508,-126,0.0,30
1303,0,0,429,351,78,1.0,26
1303,1,1,399,463,-64,0.0,25
1311,0,0,395,483,-88,0.0,28
1311,1,1,437,428,9,1.0,30
1319,0,0,385,575,-190,0.0,22
1319,1,1,532,392,140,1.0,23
1327,0,0,466,493,-27,0.0,23
1327,1,1,401,451,-50,0.0,21
1335,0,0,470,376,94,1.0,23
1335,1,1,512,533,-21,0.0,22
1343,0,0,401,423,-22,0.0,22
1343,1,1,583,343,240,1.0,26
1351,0,0,450,363,87,1.0,26
1351,1,1,410,427,-17,0.0,23
1359,0,0,430,446,-16,0.0,23
1359,1,1,472,471,1,1.0,23
1367,0,0,517,324,193,1.0,21
1367,1,1,335,438,-103,0.0,24
1375,0,0,347,586,-239,0.0,24
1375,1,1,598,310,288,1.0,25
1383,0,0,406,476,-70,0.0,24
1383,1,1,403,504,-101,0.0,26
1391,0,0,473,389,84,1.0,22
1391,1,1,414,545,-131,0.0,24
1399,0,0,587,404,183,1.0,22
1399,1,1,331,560,-229,0.0,27
1407,0,0,338,467,-129,0.0,24
1407,1,1,419,397,22,1.0,22
1415,0,0,394,421,-27,0.0,24
1415,1,1,470,500,-30,0.0,22
1423,0,0,496,366,130,1.0,27
1423,1,1,427,457,-30,0.0,23
1431,0,0,423,489,-66,0.0,23
1431,1,1,380,497,-117,0.0,20
1439,0,0,508,466,42,1.0,23
1439,1,1,439,468,-29,0.0,23
1447,0,0,444,361,83,1.0,28
1447,1,1,422,441,-19,0.0,23
1455,0,0,390,496,-106,0.0,23
1455,1,1,435,461,-26,0.0,24
1463,0,0,330,530,-200,0.0,19
1463,1,1,525,495,30,1.0,22
1471,0,0,427,507,-80,0.0,28
1471,1,1,462,494,-32,0.0,19
1479,0,0,378,375,3,1.0,22
1479,1,1,442,491,-49,0.0,24
1487,0,0,404,405,-1,0.0,25
1487,1,1,450,401,49,1.0,22
1495,0,0,441,388,53,1.0,28
1495,1,1,422,419,3,1.0,22
1503,0,0,483,487,-4,0.0,23
1503,1,1,404,509,-105,0.0,24
1511,0,0,391,432,-41,0.0,23
1511,1,1,446,517,-71,0.0,23
1519,0,0,416,412,4,1.0,30
1519,1,1,408,502,-94,0.0,21
1527,0,0,327,554,-227,0.0,21
1527,1,1,540,321,219,1.0,21
1535,0,0,432,377,55,1.0,27
1535,1,1,368,499,-131,0.0,23
1543,0,0,382,469,-87,0.0,23
1543,1,1,397,455,-58,0.0,26
1551,0,0,456,417,39,1.0,24
1551,1,1,436,410,26,1.0,27
1559,0,0,429,471,-42,0.0,23
1559,1,1,478,349,129,1.0,27
1567,0,0,444,377,67,1.0,26
1567,1,1,510,399,111,1.0,27
1575,0,0,428,442,-14,0.0,25
1575,1,1,505,473,32,1.0,25
1583,0,0,421,535,-114,0.0,24
1583,1,1,503,399,104,1.0,24
1591,0,0,383,419,-36,0.0,26
1591,1,1,397,477,-80,0.0,22
1599,0,0,356,493,-137,0.0,23
1599,1,1,402,459,-57,0.0,22
1607,0,0,413,375,38,1.0,28
1607,1,1,473,475,-2,0.0,22
1615,0,0,410,471,-61,0.0,23
1615,1,1,448,419,29,1.0,31
1623,0,0,328,487,-159,0.0,25
1623,1,1,450,356,94,1.0,27
1631,0,0,507,456,51,1.0,22
1631,1,1,516,298,218,1.0,23
1639,0,0,478,390,88,1.0,26
1639,1,1,411,497,-86,0.0,23
1647,0,0,432,430,2,1.0,22
1647,1,1,529,455,74,1.0,22
1655,0,0,529,425,104,1.0,24
1655,1,1,407,500,-93,0.0,21
1663,0,0,485,367,118,1.0,23
1663,1,1,438,487,-49,0.0,24
1671,0,0,375,511,-136,0.0,28
1671,1,1,401,468,-67,0.0,26
1679,0,0,329,402,-73,0.0,29
1679,1,1,500,391,109,1.0,24
1687,0,0,495,388,107,1.0,28
1687,1,1,559,406,153,1.0,27
1695,0,0,435,410,25,1.0,25
1695,1,1,470,450,20,1.0,24
1703,0,0,399,422,-23,0.0,24
1703,1,1,441,398,43,1.0,23
1711,0,0,476,417,59,1.0,21
1711,1,1,403,550,-147,0.0,22
1719,0,0,394,507,-113,0.0,24
1719,1,1,424,422,2,1.0,26
1727,0,0,404,358,46,1.0,30
1727,1,1,385,387,-2,0.0,25
1735,0,0,506,370,136,1.0,24
1735,1,1,378,420,-42,0.0,21
1743,0,0,462,417,45,1.0,22
1743,1,1,484,513,-29,0.0,24
1751,0,0,345,426,-81,0.0,21
1751,1,1,422,384,38,1.0,23
1759,0,0,451,460,-9,0.0,20
1759,1,1,495,477,18,1.0,23
1767,0,0,497,511,-14,0.0,19
1767,1,1,434,359,75,1.0,28
1775,0,0,395,545,-150,0.0,22
1775,1,1,504,441,63,1.0,23
1783,0,0,442,502,-60,0.0,23
1783,1,1,507,435,72,1.0,21
1791,0,0,444,394,50,1.0,24
1791,1,1,407,535,-128,0.0,24
1799,0,0,476,402,74,1.0,24
1799,1,1,598,432,166,1.0,21
1807,0,0,420,411,9,1.0,27
1807,1,1,445,435,10,1.0,21
1815,0,0,311,493,-182,0.0,24
1815,1,1,501,417,84,1.0,20
1823,0,0,408,473,-65,0.0,24
1823,1,1,484,352,132,1.0,22
1831,0,0,317,453,-136,0.0,26
1831,1,1,435,427,8,1.0,26
1839,0,0,368,495,-127,0.0,24
1839,1,1,482,448,34,1.0,21
1847,0,0,371,445,-74,0.0,21
1847,1,1,380,424,-44,0.0,34
1855,0,0,332,365,-33,0.0,27
1855,1,1,390,432,-42,0.0,24
1863,0,0,515,413,102,1.0,23
1863,1,1,494,487,7,1.0,24
1871,0,0,368,461,-93,0.0,26
1871,1,1,374,416,-42,0.0,29
1879,0,0,401,408,-7,0.0,26
1879,1,1,512,329,183,1.0,23
1887,0,0,346,458,-112,0.0,24
1887,1,1,518,353,165,1.0,23
1895,0,0,451,498,-47,0.0,22
1895,1,1,565,349,216,1.0,24
1903,0,0,460,462,-2,0.0,25
1903,1,1,406,460,-54,0.0,21
1911,0,0,376,429,-53,0.0,26
1911,1,1,447,391,56,1.0,24
1919,0,0,347,481,-134,0.0,25
1919,1,1,433,461,-28,0.0,25
1927,0,0,386,506,-120,0.0,23
1927,1,1,430,397,33,1.0,23
1935,0,0,465,391,74,1.0,23
1935,1,1,384,468,-84,0.0,23
1943,0,0,533,493,40,1.0,21
1943,1,1,391,520,-129,0.0,22
1951,0,0,459,384,75,1.0,24
1951,1,1,461,401,60,1.0,24
1959,0,0,410,466,-56,0.0,24
1959,1,1,465,448,17,1.0,22
1967,0,0,397,450,-53,0.0,26
1967,1,1,491,444,47,1.0,23
1975,0,0,355,397,-42,0.0,26
1975,1,1,414,322,92,1.0,23
1983,0,0,365,484,-119,0.0,24
1983,1,1,480,413,67,1.0,22
1991,0,0,482,439,43,1.0,22
1991,1,1,461,449,12,1.0,22
1999,0,0,352,430,-78,0.0,29
1999,1,1,417,472,-55,0.0,25
