# position_id	bag_size	CGP
admission-20260730-b1-p001	1	3WEIRDO6/2JO9S1/2IO9U1/2V10C1/2E10C1/2SALFERNS3IF/2T6E4E/6DALE4N/7SALARIAT/5OO2I2OH1/4UNWAGED4/3RHY1X1R2T2/PAK4I4Y2/1MOI1BANTZ2T2/VENDUE1G1EUGE2 BIILNQR/EMOPT?? 354/347 0 -lex CSW24
admission-20260730-b1-p002	1	AG5PLAN1IWI/YA7MUNTED/1P9O3/WE1I6NY3/A1NOG5U4/LOADOuT3T4/K2I2AITUS4/E2Z3FOREX3/R2E6D4/7V2g4/4BLUIDIER3/7M7/Q1BLASHIER5/A3THON7/TERFE2A7 CEEGINS/CEOORSV 403/373 0 -lex CSW24
admission-20260730-b1-p003	1	7NE2VILD/6QIN3C2/6IN2W1K2/3I3JAPANS2/2CORDIAl1N4/1FAD4TET4/1ALOO3ONY4/ZE1FURRY7/O1BO3UWU1T3/I1ER1BUG1HAE3/S1HMM5XI3/I1OS3GAVEL3/T1T7L4/E1E12/s14 ADEGORS/AEEIPRT 347/468 0 -lex CSW24
admission-20260730-b1-p004	1	15/15/7QUAILING/V2Z2GIRL1E3/O2O1RONDEAUX2/IF1O7K3/COVELET3FE3/EH1Y1SUBATOMS2/6GET1RIP2/10SAI2/3WHItECAP1N2/10E1O2/10N1D2/7NOWTIER1/2TYrANED6 AABELTU/DIJMRRS 424/541 0 -lex CSW24
admission-20260730-b1-p005	1	10ADOBO/13E1/2LAGGY1VEALER1/PUIR1R2E1KO1c1/4CALORIE2E1/5V2B4A1/5S2I4US/JOCO2QIN5A/3FUMINg1PIU1N/1LATTEN1SNIFTED/14W/13ZO/13OR/13ET/9TAYRAS DEEEGTX/DHHIMNW 373/396 0 -lex CSW24
admission-20260730-b1-p006	1	3Q3BURFI3/3O5E5/3R2A1JOG4/3M2R1URE1P2/BANAK1C1GIO1E2/1XU3h2E2E2/2TAV1ANANA1P2/3YAwIEST1FE2/2VUG1Z4ID2/5WE1W2L3/4TID1I2L3/4IT2N2E3/5CHADDORS2/5H2L6/5YORE6 EINNOST/ILMOOST 358/331 0 -lex CSW24
admission-20260730-b1-p007	1	15/2G1H10/2O1A5V4/1MOPE2VOCABS2/1ANAN1A3I1I1U/1KEX1QUEUER1T1L/2Y1RAD3Y1Z1T/2SUETIER5I/4B1O7M/4O1t6JA/4R1AGO4I1/4N1PIC4N1/5WEFT4g1/5H1TEW3L1/5O1STEADIED EFNNORS/DEGILLR 314/403 0 -lex CSW24
admission-20260730-b1-p008	1	A13P/T8J1KAZI/E7LUCID1G/BUOY5BOPO1L/R2UNDERMAN3E/IS8F3T/NO8E1W2/sI1INDRAFTS1O2/1L6Y1TEX2/1U9D3/1R9I3/WE9T3/I5HEMATINE1/V10O3/E4bEHOVING2 AAACOQS/AEGLRRS 461/524 0 -lex CSW24
admission-20260730-b1-p009	1	15/15/9ZITI2/5DULIA1R3/10COXY1/11OI2/7BUG1L3/6QI1L1I2R/5JIG1IDE1FE/4FON2BA2AL/1NEPERS3V1THe/COMETS4YEW1T/1TUNA6HE1T/EASElED5R1E/5DOUN1VAPOR AGIMNOW/AEKNORS 414/325 0 -lex CSW24
admission-20260730-b1-p010	1	7D7/2TROLLING5/7A7/3BY2Z7/4ACROLECt2J/4R5L2NA/7HOMA1MAN/7OKAY1INT/6QI1PEER1E/5VIS1AD1VEE/9U5/9SPAG2/6FOX1OWIE1/1WHIT1ABUTTeD2/SOONERS8 EEEFITU/DEGINRU 424/355 0 -lex CSW24
admission-20260730-b1-p011	1	7C6Q/3FIZ1UN4DA/1KOAN2PO1G2UT/JOWS3PUGAREES/1BOHEmIAN1T2L1/8Y1C4/1BATTERS2H4/FONIO2IVIED3/1WIENIE3RE3/5DAUR1SO3/11D3/11A3/11R3/11A3/5LYNAGEs3 EILLMOT/EEIRTVX 378/408 0 -lex CSW24
admission-20260730-b1-p012	1	ED5E7/EA3K1M1FAQIRS/NY3E1O2R3T/1M3V1JUCOS2O/1A2PI1I2I2WO/1R2AL1S2N2OP/DE2T5T2WE/U2BE1FIGOS3R/COVERLET7/I2jA1YAE4ZA/3AE3NOINTED/3D11/3i11/3N11/3G11 AGHIRTU/BILLNUX 432/445 0 -lex CSW24
admission-20260730-b1-p013	1	14S/13WO/7F2L1BIZ/5VERJuICED1/7A2L1PE1/7U2A1ERF/7G2C1L1A/6PHT3T1I/7A6R/1DONAH1NIX3QI/4DEASOIl3E/2ANOMY7R/2WO3BEAUTER1/3OUTRING5/TINK3DEEV4 GIMNOSY/AEELOSU 458/470 0 -lex CSW24
admission-20260730-b1-p014	1	COP3LIQUaTE2/1WANDOO2N5/3A1U3D5/3I1G3e5/2EVOHE2R5/3E1L3W5/5I3AM4/1LATHEES1YE4/FOG1AD1U2T4/AX1OB2G2I4/T2NU2A2S4/B2O3R2S4/I5JIN1E4/R3MZEE7/D1SKIATRON5 CEILNTV/AEFIPRY 368/519 0 -lex CSW24
admission-20260730-b1-p015	1	O6T7/U4F1I7/T3JO1R3L2P/RENEAGUE2QAT1U/E3WE1L1NIDORS/5Y1E3I2L/7S3F2I/3U3SKIVY2k/3N6I3E/3H5HE4/3I5AWN3/3V3BANDOG2/2READMIT1AXE2/4LOON2t1O2/7GAZAR3 CCDEMOT/ABEPRST 353/450 0 -lex CSW24
admission-20260730-b1-p016	1	BODGIE1I2HEAVE/3Y1TOnALITE2/CRIM3CRAM4/L2P3H7/U3KAZOO6/I2FEW1A1Q5/E1JOE2T1I5/R2UNITE1N5/5DADOS5/GREYEsT8/N1FAX10/A2POUND7/W14/EVIL11/R14 AERSSST/BILNNOU 370/359 0 -lex CSW24
admission-20260730-b1-p017	1	M14/OH7L5/ZORRO3QI5/Et4BLASTOID1/1L2CLOOT1EF1I1/1I11X1/AN10FY1/NE1JERKY4A2/A3M2UWU2I2/l3P2PEND1T2/O3T3BIACH2/GARNER6E2/U3D7D2/E4WO8/SAVVIEST7 AEEGNNS/EGIIRTU 413/362 0 -lex CSW24
admission-20260730-b1-p018	1	7FINNAC1F/12AGO/12PUH/11ZEL1/8TAXA1L1/11N1E1/7GAROTED1/6QI3E3/5BIOTA5/1J3Y3HINT2/1E2GLIOMAS1O2/UREA1I6W1C/1REWOVE1VOE1T1U/1Y3E1BIPRISmS/6LID5K EMNRSTU/DDENOR? 342/449 0 -lex CSW24
admission-20260730-b1-p019	1	3QuEUE3BOND/1D2L1SEAWEEDy1/1O2T3C6/XU2R2PARGO3/ER2A3N2WINN/NAM1L3T6/I1A1EIK1H6/A1TOFFIEST5/2ZIT4R5/1PA1S4IT4/1O7MAG3/1L8JOG2/1L9BO2/1Y7VAIRY1/12E2 DEIIRSV/CEEHNOU 374/443 0 -lex CSW24
admission-20260730-b1-p020	1	7AARGH1R1/5QIN3ARO1/11ZEN1/11ETAT/12R1A/12I1K/2C9M1I/ALEYED1VROUWs1N/2N3POEP1A3/2T2JILT2G1B1/2R5I2G1E1/2INDAMINS1EHS1/2S5OI1DOE1/OUTBOX2IF2UT1/8C3F2 DELLOUY/AEEESW? 436/361 0 -lex CSW24
admission-20260730-b1-p021	1	7BEZ4N/1LOVIE1A1IDEE1U/ROKE1sTIBNItE1T/1PERI2L2FAN1C/3D3O2F3A/6GRUM1CAYS/9AGO2E/7AGLOW1IS/2D1JAXY1AT2N1/2R2WUS5V1/2I1EE7I1/2PRAD7T1/2T10E1/13R1/15 EIMNOQU/HHLOOST 339/387 0 -lex CSW24
admission-20260730-b1-p022	1	5OOLOgIES2/1IDLED1O3N3/6MU3A3/VARACTOR3C3/6TI3T3/6TEW2U3/2PEGH2O2r3/1RAX1MEEK2E3/2YON3E6/4AY2R6/3ONE2I6/3ID2PE6/4I1QIS3FAW/4N1UR2BHUT1/5JANGLIER2 ABDFNSV/AEGILST 422/318 0 -lex CSW24
admission-20260730-b1-p023	1	3O1LAMiNAE3/RADULATE7/3T5HAKU2/3B1S1DHUTI3/2ALLUVION5/3E1Q7J1/3AG2GRIESIE1/3TOPOI5TO/4WOXEN5N/4N9E/4B9I/2PROW1DETERGER/4Y9I/1AVISE8C/15 ACFOSYZ/DEFINR? 424/409 0 -lex CSW24
admission-20260730-b1-p024	1	3COAITA5B/1CROWD5GIBE/2UN3MI1WOF1g/2LI2JOKIER2G/2YAG2VADE2NA/4E1TIT5R/2Q1r1OOSE2PRY/2AXONAL1A5/2T1N1ZA1UN4/3PILES2E4/3EMU4R4/3HOD4V4/10E4/10D4/15 EEFHRST/EIILNSU 390/329 0 -lex CSW24
admission-20260730-b1-p025	1	7OUTFENCE/1TWIRP5L3/2OS2DOTTLER2/2KO7g2H/3G6tI2A/3R6AE1MU/3I2HAZELS1AT/2OVERATE1A2RE/4Q1WEX1R2C1/4UG3JINGO1/4AA4A2N1/4LI6BI1/4ID6ES1/12V2/11PYIN DEFMNNO/BDIOSUY 473/355 0 -lex CSW24
admission-20260730-b1-p026	1	5WAFT1EXEcS/2Q1JAI6HA/1NINON3BUGLET/3AWESOME1O1MI/1CIEL5ZO1IN/5CARDIOIDs1/11L1ER/6OOGENY2O/6FY4V1V/12UTE/12GUR/11KHI1/8BUDA1NA/13AL/14P EEERSST/ADIRRTT 288/427 0 -lex CSW24
admission-20260730-b1-p027	1	11C3/3S5QUOTA1/2GUN6I1G1/2AME6T1NA/2LIP6A1IN/2O2VINT2L1ZE/2C5HAULIER/BUHR1AJEE2Y2L/2E3ORF5Y/2DEWIEST6/3WOO9/1BAT11/VAX12/1RETtING7/OPS2DEIF6 EMNORS?/ADDEIKO 395/519 0 -lex CSW24
admission-20260730-b1-p028	1	1c5J2NOT1O/1O4MARSUPIAL/BRACK1AVE5D/1N1OAF1E2PUGH1/1I1SNARLIER4/1C1TEX3WEND2/1L1U11/1E1M2QI7/2FE1BIDI6/1ZESTY9/RAW12/I1EUOI9/VERGED9/EL13/T14 AHNOTY?/AGINOST 454/383 0 -lex CSW24
admission-20260730-b1-p029	1	VOLT11/3HUI1FAV1C3/2TERNION2a3/3A2THEM1R3/3T4WUDDY2/3R7I3/3I4T2O3/3C3LIBRI3/FANSITE1XI1D3/7G1ZA4/5PROKED4/7B2OP3/7O3I3/1GEAL2E1JONES1/QUAyAGES3Y3 AEELNNS/AEEMOUW 357/464 0 -lex CSW24
admission-20260730-b1-p030	1	V2J3V7/i2E3A5C1/SERA3K4UH1/I2T3I3GREW/O3DILLIS2IF1/N8Q2N2/E1GOEY1TAUREAN1/DOUP1APO1I2T2/4OBOE1Z1DO2/5AA4UR2/1BICES4MO3/10Ad3/10REF2/9GENET1/10SAW2 EHILLNY/DMNRTTX 347/388 0 -lex CSW24
admission-20260730-b1-p031	1	12PAV/1G7J2O2/LO2Y4OB1L2/AD1QAT3GIST2/IO2U5DE1E1/tWILT4MIC1M1/IN2I1ZATI1HAO1/E2VAPORERS1b1F/S7DEL1ANE/9XU1SUR/10R1H1R/10BYE1I/11OD1A/11U2G/11KNEE ACEINRT/EFNNOTW 400/430 0 -lex CSW24
admission-20260730-b1-p032	1	15/2N5O6/2A5A6/2I5TREZ3/2VENTErS1MOHO1/2E6QUOAD1/2T6A2WAT/LIEVE2UNDUG2I/2S4R1I2WEX/3JOY1O2F1AH1/4BUGBANE1I2/2CROP1I2T1N2/7L2T4/6pICKEREL1/7N2D1DIG AELPRSS/AFIMORY 387/410 0 -lex CSW24
admission-20260730-b1-p033	1	7SCANTeST/4MY5E3/4OE2DUOLOGS/3PAW5L2I/3SI5JAR1A/3Y6ERE1L/3C2VAE1TEX1O/3HM2HAZED1Bi/4EUOI5ID/4N8G1/4T1ARIKI2U1/3PANTO4QI1/7G4IN1/6DUFF2NE1/7E7 AELNORW/EIORRTV 344/458 0 -lex CSW24
admission-20260730-b1-p034	1	CAGS10H/1LAT9HI/1PRE7V1ID/3N7I1OE/3N7R1IO/2Qi7I2U/2IN3KNEADERs/3GAMBIER3E1/4GUY5ZA1/2BOOM6ID1/2EONS6TO1/1DEF4CUTLER1/13N1/6ASEXUALS1/4JEAT7 AFLOOVW/EIPRTWY 370/474 0 -lex CSW24
admission-20260730-b1-p035	1	AGEE1GEEZ6/RuELLIA2Y2JEU/6TRIELLAS1/H4C3V5/O2BROMIDES4/AQUA1W4T4/SINE1M4O1P2/T4ADRY1UPO2/5NO3NOX2/6I4U3/6T4F3/6ID3F3/4INTONATED2/7V4A2/7E4W2 AEHINOR/BCGIRS? 375/356 0 -lex CSW24
admission-20260730-b1-p036	1	7COVENT2/1w8N1A2/1OW7G1l2/1OI7R1A1Q/1TRUTH4O1R1U/1ZE2AYRIES1I1E/2D2KEY2S1A1N/5AWEEL3DA/7SMARTIE1/8OM3V1/9P3IF/9I3LA/9N2FEN/5XI2G2UDO/3LAITIES2D1N BGHJLRT/CEEOOPU 458/412 0 -lex CSW24
admission-20260730-b1-p037	1	15/5Q9/4GUTROT5/5I2n2V3/5CISLUNAR2/5H2O2W3/7FAT1T3/I2JOULED1FEAZE/M2E1N2S1ADMIX/P2W1Y7B1/R2I1E7E1/OB1E1A7T1/VARS1N9/1C3E3UREDIA/OKAY1DROOP1LING AEEHILN/EGINOT? 341/389 0 -lex CSW24
admission-20260730-b1-p038	1	7S2AZIDE/7U3A3/2O3SQUIRTeD1/2V6G1I3/2US5AB4/2LA1W3PI4/2EL1O3OF4/3MORRA2OVINE/2PO1D4C4/1FEN1GENERATE2/1ARE1AN3L4/1HET1MU3sI3/2I2ER4N3/1JOCOSE4K3/2N8Y3 ADGILXY/BHITTTW 455/427 0 -lex CSW24
admission-20260730-b1-p039	1	A14/L14/T1C12/E1AY1G9/ZONURE5P3/AIDS1C2HOOEY2/2I2K1BOD1T3/O1E3JAW2aM2/UGS2GOIER1NA2/1H2FULL3QI2/1E1FEE4VUM2/PREEN5Ae3/AAL2BINDERS3/WOT7I4/A9X4 EIINRTV/DINORST 380/370 0 -lex CSW24
admission-20260730-b1-p040	1	7T3WICE/7E5A1/7E5R1/7N5O1/7E2FIAT1/4SHADILY2E1/2JET8N1/3MAILED1G1PeA/2FEW3I1Y1U1U/8C1PRE1B/8K1SER1U/7DI2LI1R/7ON2ON1N/1TORII1UG1BAGHS/4DOOMSmAN3 AELQTVZ/AEOORTX 433/300 0 -lex CSW24
admission-20260730-b1-p041	1	2G4I7/2OB3N7/2BO3SURVEY2/3G3N1I1HURT/3G3A1T4A/3L3R1ZA3W/3EW1FE2b3I/4HAUD2L1E1E/4O1J2KA1C2/4M1IF1AT1L2/4P2A1TE1O2/3R3R1ID1S2/2QI3A1P2I2/1CIVIE1N1O2O2/3O1LODESMEN2 EENNRST/ADETXY? 343/341 0 -lex CSW24
admission-20260730-b1-p042	1	12J2/8O3UH1/8U3GOA/5V2T2MAWK/4BE2S1QI2I/4AX2M2L2N/4N3IS1T3/EARED2PLOTZING/2E1E3ER4A/2C1A2L1D4I/2R1U1WEBIFY2T/PRESsION1N4E/L1A4I1E4R/O1N4T1S4E/D1T4Y6D FGHIRU?/AACEOOV 444/446 0 -lex CSW24
admission-20260730-b1-p043	1	15/15/3H5QUIZ2/3UP5ROANS/3LO5A3P/2SELF3ME3R/4KUEH1OI2GI/3BANDITO3ON/2WOE8IT/1TARDIER5ES/2D4A5R1/JAGA2EXTINCT2/1BEVVY1I7/3O3N7/3W3GENOCIDE AEFLT??/ELMRSUY 364/392 0 -lex CSW24
admission-20260730-b1-p044	1	PEG4S7/1FUTZ2P7/3AORTITIS1R2/VIAE3V1v2E2/8WOK1A2/5ETHERION2/2OE4DIF1N2/2DHYANA1E1JEON/5BYDED1AX1O/1QORMA5G2M/1U7LUG2B/WALIE9R/1I12I/1L12l/14S ACCELST/EINNOTU 387/413 0 -lex CSW24
admission-20260730-b1-p045	1	rODEOING7/O6EE6/S6OM6/A6DI6/R6ET1C4/i4W1S1JAB3/ADZ2A1I1OPE3/N2FRUICT1EM2I/5G2ENLINKS/2R2HWYL1AX2O/1VERBS4N3H/PIG11Y/UTA7OVULE/LAR11T/E14 AEFIOQT/ADEIRTU 412/344 0 -lex CSW24
admission-20260730-b1-p046	1	GUESSING7/7OK6/7AE6/6OFT6/4T3T6/1V2IF2L6/1O2MAARE6/TI1PENNEd6/OP2O2L3CH2/R2WUZ1O3AY2/d3T1CALENDRY1/I6D3EA2/O1ARRIVED2EX2/NAMU2IRID5/3EQUES7 ABHIJST/BEGLNOW 362/443 0 -lex CSW24
admission-20260730-b1-p047	1	O6J7/u6E7/T4TREAsURE2/VERITIES7/A14/UM13/NO8L2S1/TOZIE1MIKVEH1C1/1PO1FAENA1I1FA1/2N4GYPS1OW1/2U7U1L2/2L4ACARID2/2A4R2E1E2/4BOOGIED1R2/DOWNY2H7 ABDGILX/ENNQSTT 411/313 0 -lex CSW24
admission-20260730-b1-p048	1	3VICES3Z3/5O2JA1AD2/5A1TOM1XU2/5T1YEA1EM2/2R2T1I1UGS3/1HO2AWN1TI3P/1OO1BIO2IF3U/2THALWEGs4G/2S1L1FEU5A/1BI1K3LADDIER/1RE11E/1OR11E/1N13/1D13/RELYINg8 CENNOQS/AEINRTV 460/379 0 -lex CSW24
admission-20260730-b1-p049	1	12k2/9JAGAED/12U2/7Q4R2/7IO3I2/V7T3E1F/I4C2A3SEA/B2WEAVERS3UN/EM3R2YU3LO/DAL2R3P3O1/1ZINGY1GLEBE1g1/COTE3A5I1/1UH3WIRINESS1/1TOPKNOT1FOX1E1/7A7 ADDHIIM/LNNORTT 322/407 0 -lex CSW24
admission-20260730-b1-p050	1	7F3KUNA/6DA1CRIPE1/5LEX3W3/5IF3AI3/4TRITENEsS2/5AA3R4/V5N2LO4/I5COMODO3/REZ3E2BY4/GRAITHS2ON2V1/U9e2I1/L2DUN1LEASOWS1/EQUITY5BOI1/13EH/14M AEGGJOP/AEENRTT 423/426 0 -lex CSW24
admission-20260730-b1-p051	1	15/2J12/2A1B1OUD6/2WAUCHT3FAE1/1TEHR2ANTIAIR1/mEDIGAP3NERF1/6EXO1N4/Q2PARTIERS4/I1COL10/NO1UKULELES4/1VETO3AMOVED1/YO1Y9I1/EL11G1/OI11S1/W14 ADMNRT?/BEGIINS 289/427 0 -lex CSW24
admission-20260730-b1-p052	1	11YORE/13E1/12OF1/ZLOTE3N1H1TEE/4S3A1E1TET/4Q3VAX1ADO/4U4M2V1I/SHOJI2AGYRIA1L/2CARBINOL4E/2T1E4O4S/2U1D4IF4/2P4MIDRIB2/2L4U1SO4/2E4I2W4/2D4R1UNWoNT ACEGGR?/AEIKNNP 386/476 0 -lex CSW24
admission-20260730-b1-p053	1	11JORS/1C2P8E1/PAH1I8W1/UMU1V6FLOB/REM1O2FIQUE1R1/1L2T2I5K1/1I2I1ELITE4/tA2NOWL2ACTIN/A3g2I7/G4HOBO6/G1T1RAXED6/AIYEE2G7/N1D12/TEENTY9/S4UVA7 ADENORZ/ADENORS 346/452 0 -lex CSW24
admission-20260730-b1-p054	1	WAMPEE1L7/1D3TRANQS4/1VIFF2D2U4/NE5D2L4/AWA3PI2D4/R1I2JOE2a4/K1Y2ER3N4/I1E2UTU2S4/E1E3I8/R4HO8/4GUNS7/4IT1H7/VEG1OI1O7/1MOZ1A1GELATIOn/BOXERS1I7 ACLNTTY/AABENOR 372/376 0 -lex CSW24
admission-20260730-b1-p055	1	BEDBUG1F3P3/1FOEN2A2LA3/2C2POULTER3/2KAWA1X2NE3/1QI7IO3/1UN1S5E4/SAG1T3I1N4/A1sHIVOOs1C4/L3D3O1Y4/L3D3G6/O3I3R6/W3E2ZITHERN1/I3S1JAVA5/E8MOURN1/R14 DEEIRTT/AEEIMTY 477/346 0 -lex CSW24
admission-20260730-b1-p056	1	15/15/12W2/11QI1G/10BUNDH/9WOE2A/8KORMA1Z/T5FAIX1ER1I/H3UEYS4R2/I6s3PEE1/V1GYRAtION1TEL1/E6E3ODA1/LIDO1JANN2TETS/2UNCOATED1I1EE/LIPO3O3C2V AABLRSU/FGIMNRS 403/388 0 -lex CSW24
admission-20260730-b1-p057	1	7OUIJA1ZE/1O9BAE1/1P10G2/TEGG6L1L2/1R8U1O2/1A5F1VROWS1/1T5L2V2I1/TE5UNMEW1R1/A5QI5I1/KY2ACIDIEST1H1/1BODY2R7/CONI2LANDMEN2/AR5m1AIDOI1/FE7EX4/E14 EHNOPRS/AESTTU? 337/375 0 -lex CSW24
admission-20260730-b1-p058	1	3VISCOID2CAW/2QI1W5Oh2/2UR1ILEX2BI2/2AL1G1MI1GAR2/2K7R1R2/2I6JAPED1/1FEEDLOT2V1NU1/YERD2HAAFS2IN/1N1HELO1BY3TA/1T12M/10TOUZE/9POUTER/12AN1/15/15 AENOSS?/EEGINOT 345/353 0 -lex CSW24
admission-20260730-b1-p059	1	1VINEGARY3FAB/7U1JAGER1/2LOCOED2CIT2/3FAINEANTS3/4n2R7/4D1T1PHO4/3vIEWSHEDS3/4D1POI2MIRV/3YAW5O3/3OSE5O3/3K1B5G3/2QUA6E3/2ILIUM8/5TE8/6LINN5 AELORTX/EENRTUZ 372/371 0 -lex CSW24
admission-20260730-b1-p060	1	3V2POUF2B2/1A1I1FORTY2OH1/1ZINCY6HA1/1U1AI7OR1/1R2L8IT/1E2I8JO/4AM7AE/3UTILE1S3nA/4ED1EMUNGES1/5W3Q5/4DaTER6/3BETAXED5/1CLAVE1I7/5R1N7/PANKOS1G7 ILNNSTW/DEEIOOR 462/325 0 -lex CSW24
admission-20260730-b1-p061	1	AD1FAINTS6/HA1I3AL6/1V1E3BY6/OYER11/P1L12/T1L2Z9/I1W2OP8/O1AXENIC1D5/N1N2AE1QI5/1OD1FER1UT5/1J2I1O1AT5/GIRRS1G1R6/UME1C1EWE6/BEN3NO7/S1K4OUTcUrVE DGHIMOS/AAEILRT 401/314 0 -lex CSW24
admission-20260730-b1-p062	1	5PINKO3XI/LEVITE3BROMID/O9I1A2/R9V1U2/E9U1S2/T9L1Y2/t6JANES2b/E5CALATHI1R/5THRU2OFFA/4TOIL3W2N/1GIGOTS3AD2N/10ZE2E/9BODGED/10N4/7POISE3 ACEEMRU/AAENRWY 342/387 0 -lex CSW24
admission-20260730-b1-p063	1	14D/BOH11U/1WIDGIE4COVE/3R3F2LO2N/SPOOfIER2EX1UN/QI1S3I1MAY1NA/UR1E3P1ON2F1/EL1R2VOLAE2A1/G1JA3N1ID2If/1WAS9TO/1AY10HA/1T12M/ZED11I/ER12N/K13G BCEILTU/EERSTTT 348/442 0 -lex CSW24
admission-20260730-b1-p064	1	1J3VRIL6/1U6AD3c1/1I6WE3OR/1CAAS4R3ME/AY1BEL3PLACIT/W1HALOGENS3XI/O4BANI5N/K2FOOTED5E/E1GO11/1FUR11/1EVET10/HM1SI10/E1QAT10/N2YU10/D2SPRITZ6 AEGINNO/EIORTU? 434/294 0 -lex CSW24
admission-20260730-b1-p065	1	7UNROVE2/11E1J1/11R1I1/10AR1V1/10CANY1/1COYDOG3H1U2/6ADZ3B2/5AWEEL2B2/4TSK2O1QIN1/7REGAINED/9OU3E/L4DATiNGS2F/WHImPER3I3O/E5MOTETTS1A/I6XI1E3M AFLNPTU/AEIILOS 373/382 0 -lex CSW24
admission-20260730-b1-p066	1	1BABYISH5G1/1E1EUOI3P1AH1/1D4CARNY1DI1/GERLE5R1D2/1R2FLECK1OMS2/VAUNTIE1R2O3/AL6E2T3/W5QIN2TOFU/8G4I1/5VErSANT1X1/7E7/5I1Z7/2JOANNES6/5I1R7/5A1O7 DLMOOU?/AEEIPTW 378/255 0 -lex CSW24
admission-20260730-b1-p067	1	L4BROOL3S1/O1V6E3Y1/M1I6AW2N1/EAR6FAT1D1/1NA6YEW1E1/1AG8I1T1/1PO6VAN1O1/1H5PRANKING/BO7UN4/AR8U4/U6Q2L4/X5JUICED3/I6O2TI3/TREMORED2ST3/E6S3ZIGS ADEEIT?/CEEHIL? 398/384 0 -lex CSW24
admission-20260730-b1-p068	1	5SOCIETAL2/1WINNER2WADIS1/5m4IDPOL/5I2Z6/4RHEMATIC3/5O2S6/5B2T6/5O1PRANKY2/2Q5U3G2/2A1VOULGE1VOX1/2N1ARMOIRE4/2ANTEED2LINGY/2T7FOU1A/14J/14E BDEFSTU/AEEEIR? 350/421 0 -lex CSW24
admission-20260730-b1-p069	1	15/13S1/FIZ10C1/2ALDOLASE3R1/4I8A1/L1ABSENTED3W1/O3U4U3BE/I3N2AXE1Q2V/P3I4T1U2a/EF2OK3T1I2N/1L2NO3OHM2E/1I3R4U3S/1RORTING2M3C/1T7JAYGEE/6PIRANA1ED ADEEGIV/HOORTY? 406/449 0 -lex CSW24
admission-20260730-b1-p070	1	UGLY10V/1A12E/1M7M4l/1BAD5U4C/2DAK4R4R/P1ONO4R3JO/E1P1B4H3US/N1THORIA1I3T1/T1I4GANOINS1/AZO1WEY2E5/cONFEREE2DOCS1/L6WILIS3/E1TALENT7/4IF9/15 EEIQRTX/AADEIUV 352/458 0 -lex CSW24
admission-20260730-b1-p071	1	HARTBEES7/2O4E5J1/1PA4ARGUFIED/LUR4Z1R3TI/OHM1C2E1ED3S/TAI1O3OXO3P/t1N1V3I1W3O/E1G1YOWED1F3R/R3N3I5T/Y3EM1NAV4S/4SI9/5L9/5L9/1QUAKED8/BiNGO10 AEIINTU/AACEILN 314/565 0 -lex CSW24
admission-20260730-b1-p072	1	G4H6Q1F/R3JO1SABOtIER/I1FAUCETrY4O/E1AIM2O1ENVY1R/V3P2L6N/AGUISE1I3LUXE/N6D7/T2ZLOTE7/2B2WORK6/1OUTIE9/2N4MOWRA3/2DERACINE5/2T2AH8/15/15 DEIPSST/ADEGILN 402/340 0 -lex CSW24
admission-20260730-b1-p073	1	7G7/7O7/O1ABSENTEr5/I2L3H7/D1LIVERY7/I2N11/U2T2AMU4C1/MAIZE1LOR4RE/4FILED3KOA/1JAPS7ERR/3A8WET/3D8P1H/FOND8I2/1NOYAU1ETOIlES1/VOX1BRIN7 ACEGITU/EGNQSTW 421/282 0 -lex CSW24
admission-20260730-b1-p074	1	12LAG/11QIN1/10MIDI1/9WOS2M/9I4A/3REZ3F4N/2JAW3DE4R/D2DEARNEd4O/I7N5P/A3OYE1OF3He/L3KERATIN2U1/Y1ULEX1BITOU1G1/TOPOS3V4G1/I7EH3E1/C8INVERT ACEORST/AABELST 354/604 0 -lex CSW24
admission-20260730-b1-p075	1	6HORNLETS1/8A4C1/8T3GU1/8I1PYAT1/8N1ROHE1/8G1ANN2/8SOU1I2/4DERV1L2T2/3RIF3E1DE2/3AY4OBI3/3ZA5LA3/3O2PIU1ElD2/2TROKED2WOE2/1JaSMINE3GI2/CAB4MOWAS3 AEEFQRT/EILNUVX 393/370 0 -lex CSW24
admission-20260730-b1-p076	1	C4MISWEEN3/RIVERY3WHORT1/A1L12/V1OF11/E1GU11/D2R3FEZ5/3AB1XED6/G2LOUIE7/A3N1STOT5/N3D10/I3U5JOBE1/S1HOC1AGAPAI3/T1MISkENT6/E6A7/RETAILOR7 EKNNPQ?/ADIILOU 440/343 0 -lex CSW24
admission-20260730-b1-p077	1	11JOLT/11ONE1/8B4G1/7MULTIdAY/7OBI3L1/5QATS4I1/6V6S1/3AECIA4KEF/5OD5E1A/5Z4ANY1X/3ODEA3HOS2/2TRADERs2PEW1/1NOGG2I3ETHE/7V4SIM/3INFLATOR2NU CDEINRW/EIPRRUU 380/492 0 -lex CSW24
admission-20260730-b1-p078	1	AGA1PUMIE2B2F/HOTTeRED3I2O/5A2QUOAD1R/5N5C2E/4BI4CH2L/4ON2F1L1R1A/4W2JO1I1E1I/WUNNER1AGENISED/4R2P2T1O2/1ILEITIS4A2/4n7K2/4G1MUENSTER1/12D2/15/15 EOSVXYZ/AAELOTY 344/445 0 -lex CSW24
admission-20260730-b1-p079	1	6DELTIC3/11L3/11AA2/5TAV3Di2/4MOWA2f1E2/3FIREREEL1R2/10U1I2/5PUH2X1E2/4BO4IOS2/4OK4OP3/4AI1A1GNAW2/3FREEZER1QI2/VARY3I1O1UN2/4LOAD1T1ED2/3GINHOUSES3 CEGJMNT/INNSTTY 316/506 0 -lex CSW24
admission-20260730-b1-p080	1	15/14I/2M1T7D1N/2I1H6JEAT/2AGE3LAVAL1E/2ORT2POW2E1R/2WOE1XI1ET1G1F/3V1QIN2ZOaEA/3E1U4A1C1c/3T1A4D1Y1E/3SMIGHT1D4/4OLIO2IF3/2ONUS2BISON2/11R3/9REBIND AACENRS/EKLPRUU 300/410 0 -lex CSW24
admission-20260730-b1-p081	1	VENIRE1S6Q/2O4N6U/2YAW1CIG5O/3GU2FOUTERED/3ID2F2S4/3T5HOTLY1/3AB3JAR4/3TRIVIA1IZARD/2POI2OBES4/2R1G4XED3/2O1U5s4/2L1E10/2A1SCANNEd4/2T12/WHELK10 AAENNPT/EEIILMM 422/429 0 -lex CSW24
admission-20260730-b1-p082	1	3SBIRRO6/3T3E5V1/2TRANQS5E1/3A3E3FAIX/3I3E5N1/3T1J7UP/1SPEWING5LI/3D1L1IVY3EN/5L2A5O/8N5T/W3ARcHAEUs2A/HOODY3D2TEGG/O7O5E/O5BAUK5/F2ZANIES6 CDEIMMR/CEILORU 404/437 0 -lex CSW24
admission-20260730-b1-p083	1	11POCO/11A1R1/4ABOHM2R1Y1/3GLORIES1E1P1/9ALU1T1/9XI3Q/6C3T2FA/6HEDGE2LI/6E3r2AD/3W2MU1DO2K1/3E2IN1US2I1/3Z2sI1REV1E1/3A2T1JO1UGS1/3N4AY1LOT1/3DONAIRS1NE2 BEFINTV/EEINRTW 378/456 0 -lex CSW24
admission-20260730-b1-p084	1	4NOVA6M/1RUPIA1N4N1E/2ROTTEnER2I1O/3T3I4Q1W/3T2SCOREPADS/2DOCK1U4A2/7T4B2/3JUDOS7/2VENEY8/3U1YEGG6/3NA2A1AHA3/2FEH1TWIBIL3/2L1I10/2I12/GIRDLER8 EEFIOXZ/AEMNOS? 342/332 0 -lex CSW24
admission-20260730-b1-p085	1	3FRORY7/6E2BELCH1/4ORB3N1U2/4XI2CITIZEN/4OM4R4/5P4U2W1/5L1QATS1JO1/4LIVID1TAIKO/2M2n6NE1/2OUTGNAWS2N2/2H4GOEY1E2/2R4G1DOVED1/2S4A7/7DIETINEs/7A7 AEEELRS/AAAFIPU 351/376 0 -lex CSW24
admission-20260730-b1-p086	1	14B/13DA/12JOR/12IFF/10V1B2/3GLIT2ZEES2/2YO2HOYAS4/2AXONEME1TUNIC/10I4/6RETINOIDS/2AQUAE3G3A/1GRUNTERs5L/3O10V/1DWALM2KAPH2O/3D3CAREENER EIINSTU/ELOPTW? 471/430 0 -lex CSW24
admission-20260730-b1-p087	1	15/9FRO3/11LAR1/11EEEW/10JA1PA/10A2EW/6VOG4N1/3KAY1BITOU1TO/1OXO4FOHN1ED/2UNLIVEs1MILDS/11T3/3TEUGH3YA2/2BARMIER3I2/1QIN3SECTILE1/PIZE1RUT7 ACDNRS?/ADGINOS 408/415 0 -lex CSW24
admission-20260730-b1-p088	1	14J/11Q1DO/11U1EE/11I1FY/4ZEX4M1I1/3PARIETALS1C1/2HI5G3I1/2ENTHRALLMENTs/N8O5/EW7O5/ER1ADIPOUS5/DIVNA1OK7/ITA4ABDUCE2/EEW4Y7/R6SUTORIAN BEGGOOT/FLNRSV? 487/349 0 -lex CSW24
admission-20260730-b1-p089	1	3ANTIQUED1KAB/4I2U1NAVAR1/2L1C1GELD1UFO1/2ECH2R3G3/2IRE1VIZIRS3/3E1J1S7/2FE1I1T7/1ORPhANS7/2OI1O9/T2E11/AWMRY3P6/W7O6/T7X6/I1NOAH2E6/ELONGaTED6 BEILTUY/ADEMNOS 304/458 0 -lex CSW24
admission-20260730-b1-p090	1	6AB7/6DO7/2Y3ZO7/MIRV2ER7/2N4KA6/1FE3TAPA4G/1EH3U1EA4J/ST3GREX4MU/HA2QIN6Y1/R2DIGIT5C1/O1LOS1POULT2E1/fLOB3W5L1/FATE3N5I1/EW5I5A1/D6ENDERONS ACIRUV?/EEINOST 498/375 0 -lex CSW24
admission-20260730-b1-p091	1	15/4TUPELOS4/10N3T/3D6OP2R/3O6TI1JA/3C7Z1UM/3E3WINGE1G1/3N1OXO5AB/3T2UFO4TA/3SOB2FY3EW/4DERV1AMAH1K/3VAG1INgENERS/7NY1LITU1/5HAE5E1/7DELICES1 AADILQR/IIIORR? 356/373 0 -lex CSW24
admission-20260730-b1-p092	1	15/2C6XU4/2A5JUnTA1W/2GLAZY3RADIO/4SEEMLIER2O/5KAM1FANG1P/10V3I/6TWP1EH2E/8AIDOI2/5FLIRT1R3/2COVE5N2G/2I8ET1O/2N8DABS/2Q1OO6YEH/2SNIRTLE5T BDENSU?/EEINORU 417/375 0 -lex CSW24
admission-20260730-b1-p093	1	12COZ/3D7GOO1/3U3T2JAYS1/3AB2H1TEW1EL/3LO2R1OUP2I/4R2A1O4N/4I2V1T4E/BORIC1TEFS4R/4uG3EL4/4AY3DI4/5V4N3H/3UNEXPIATED1I/10i3K/5QUA1WEENIE/7INERM2D AAILNOS/AEFMRST 350/408 0 -lex CSW24
admission-20260730-b1-p094	1	3GOURMAND4/7A7/7U7/7B7/P3ECTyPAL4/R7I6/O5QIN6/I2HOAING1TREIF/N1CODEN1OOR4/EW1V5XI4/SO1E6ET3/1L1A3B3R2J/1VIsITEE3I2E/ZE5AUGMENTS/OD5K3R2S AADLSTW/EFHLUYY 475/388 0 -lex CSW24
admission-20260730-b1-p095	1	4F9W/4E7OOH/2K1A7B1Y/2A1T6TAPS/2Z1U7N2/1QI1O1BOEP1AG2/1U1lURIDER1V3/DIVIs1SELENIC2/1N4HA3F3/TED7WO3/O1I3NATTERING/O1X7MM3/L1I12/I1T12/E1SUNCARE6 AEJLLRY/ADEEORS 376/384 0 -lex CSW24
admission-20260730-b1-p096	1	2Q2AXED2ZEAL/V1U5AWRONG1/O1I7I4/MEnSHING2FY3/I1O1Y5LA2D/CH1GARROTTED2E/AA2C5M3F/EE1PIVOT1BAWTIE/4N5N3R/2BLERT7R/4S1INUKSUk1E/14D/15/15/15 EIIJPSU/AELNOOT 436/434 0 -lex CSW24
admission-20260730-b1-p097	1	M5DUMPING2/U4RORIE2OB1/SEAPLANE4AE1/H2AIGA3FUTZ1/I8NY4/E8I5/R1R6Q5/2A3VIGA5/2C6B5/2K2JOINS1A3/2E1WOOD3C3/2THEY5E3/2S2SEEDpOD3/11I3/7NONFATaL ILORTVW/EELRTUX 355/457 0 -lex CSW24
admission-20260730-b1-p098	1	2SHLONG7/1K1A1X1OUZO1UR1/1NAV8WE1/1ERE8UT1/1AR3T6I1/1DAB1QI2JOG1MA/2HE1I1DIORITES/C2PUNGA6O/AY1E10C/BO1L10I/iD1TO9A/N1FEY9L/E1ID11/T1V12/SMEWS10 EFINNP?/AEILRRT 374/458 0 -lex CSW24
admission-20260730-b1-p099	1	3HENRY7/BLOOD1E8/1IWI2COEXTENdS/6A7E/4L1P3F3G/2P1O1T3I3U/2U1R1O3ZO2E/JIN1DARB3U2D/2ANY6T3/3A7F1W1/3T6QI1R1/3U6Es1I1/3R5VEHME1/1GLAIK4M2R1/3E1ATONIAS3 DINOSTV/AACEEGS 469/331 0 -lex CSW24
admission-20260730-b1-p100	1	BIER2FOALED3/2ROOSERS1LINT1/3V2DAH2D3/3I5LAY3/3N5UP4/3G5ZEP3/DIB7RE3/ONYX1AMAUTIK3/CH2OGEE2EE3/OU2WAE1QIN4/1MITER4T4/JATOS10/UT13/RE13/A14 ACINOSV/GILNW?? 361/499 0 -lex CSW24
admission-20260730-b1-p101	1	15/13V1/4DEAW4FAG/3AIRBAG2WERO/7TUTMEN1N/2SUETIER1AD1HO/9VUG1OF/7EPONYMY1/9L3ET/5CLEIK2UDO/7X4N1L/7HO1NERTZ/6JOB3E1E/6AR1QADI1y/6IT4N1S ACIIPS?/AEIILOS 404/314 0 -lex CSW24
admission-20260730-b1-p102	1	14L/9PICOTE/1MOReSQUE5V/3E6NOILY/NIACIN3PUD3/3A2LOMA4U/3U1JABOTS1FER/3G2WOE1N1R1V/3H1ENE2O1I1A/3TAX3ZO1G2/9EL1I2/9TE1D2/8FADGE2/12S2/7BANKIT2 ADHIRRS/EEIRWY? 399/385 0 -lex CSW24
admission-20260730-b1-p103	1	6VELUM2T1/7TOPOI1R1/10N2A1/10TA1C1/10AB1T1/10R2I1/1E8I2V1/1N1POOJA1LABNEH/1A1U1DOGIE5/1R1C1DYE1XU4/1G1K6HAFIZ/QI1E7WASE/1TURION1WITED2/1E2NY3FIDOS1/1S13 EEGORS?/AELLMR? 412/382 0 -lex CSW24
admission-20260730-b1-p104	1	MAUT3Q6R/2RIGIdITY4E/4L2N1OXALIC/VOLVA9O/4N9U/2RECANING4P/4E7U1E/1ESTREAT2JINKS/2A1S1WAHOO1L2/2W4OOFY1ER1/2P9AH1/2I9DIM/2T9ENE/12DOE/14D ABEFRTU/BDEGSZ? 420/398 0 -lex CSW24
admission-20260730-b1-p105	1	7J2MAVIE/1Q4FURZY4/1URTICATE6/1A1A2TEDDING2/DI1I11/EL1H1F7B1/G2O1A2U4OW/R2A1WOON4XI/E2SON2D5N/E3OY2R4PE/8AKEBIAS/4OUTSwORE2A/2GLIM2N5P/15/15 CEHSTV?/EILLNRT 363/395 0 -lex CSW24
admission-20260730-b1-p106	1	VIA9B2/1OUT8ET1/2FE8YO1/3R9UT/3MeH7ZO/4TE7ER/4IN2E5R/3WONGAS4QI/2DALE2C3KID/2OLID1PAP2I2/3IN3R3N2/2FES3O2AGON/2U2ELfLANDS2/2J1AX2EWE4/CHIVY10 BEGIMOU/AAERSTT 427/359 0 -lex CSW24
admission-20260730-b1-p107	1	2NEONATE2V3/6LInKROTS1/6PEG2L3/10RE3/9AA4/9MI4/9NA1L2/1TAX2DUPE1QUIM/2V2BOH1SH1C2/1FORDID2IO1I2/2W6AY1G2/EJECT5AWE2/1ED8In2/1U5URB1L3/7SEARINGS EEOOTTY/AFINORZ 415/461 0 -lex CSW24
admission-20260730-b1-p108	1	WAB2OUK3QUAG/1LYNcH5U3/4R5FA3/3ZEN3LAR2U/3OWE3EXED1N/1V2MO3V2I1T/TIMPAnI1PO2E1I/1L2T1DOY3G1E/1L2E3O3E1I/5FIRTH2T1N/INBREED1SOARING/12C2/15/15/15 CDERSST/AAEIJOS 428/448 0 -lex CSW24
admission-20260730-b1-p109	1	7O3JOWL/T1Q4L3O3/A1A4E3ED2/I1D4N3YU2/RAI2OUTWREST2/AX1E1HM3N1Y2/1I1U6G4/CLIPE1BUPKIS3/1E1N5AN4/3E5FE4/1AVIZED3R4/3cORACLeS4/6G8/ENTOMBS8/REIF11 AEGNTTV/ADIIOOR 357/443 0 -lex CSW24
admission-20260730-b1-p110	1	11EUOI/13R1/10D1uR1/D9Z1PA1/I8GOER2/V6C1J1WOK1/NAV4L1U1WOOT/ANE3QINS2T1E/1OX2AITU3S1A/1D2DEN7R/AIOLI1SHAMBA2I/1S5E1MEN2L/1E5R2TALCY/1R3HEBE6/7Y7 EFIINP?/EFGGOTU 343/400 0 -lex CSW24
admission-20260730-b1-p111	1	5AIGA6/RIPING2RETEARS/2L12/ROILIEST7/2C12/2A12/2LAY7KO1/3HOXED3JOHN/2QI1UME2DORM1/1WIN3PAVID3/CEsTOdE3DEFY1/O6V3L3/U4TOEBIES3/R6N7/B6A7 AEFNSTU/AEGNTUW 418/355 0 -lex CSW24
admission-20260730-b1-p112	1	1F1BEAUX1REVUES/1AMI1GRIKE5/1DAG11/2NA11/2TEC10/2L12/2E1Q1V8/2tWINIER6/2R3N8/1BEAMISH7/JEELY2O7/U3COOLAnTS3/GOWF3D7/AH5U1YO1AA1/LO5PROPINED IOSTTTZ/DEIINNR 503/334 0 -lex CSW24
admission-20260730-b1-p113	1	JOW4AVO1N3/1REPOSED1KIEVES/2NAOI5R2O/MWAH6BI2l/I9EN2U/D1THRUM3FE2T/D4GIG1BO3A/Y5DIRIGES1L/6IN4TO1/12EX1/12A2/12L2/12E2/10FURZY/4CUTLINE2AA AEENQST/ALOPRT? 338/453 0 -lex CSW24
admission-20260730-b1-p114	1	E6B1OREIDE/M4FLAWN5/E4YARE6/UP5G7/1A2UNHURT5/1V1R3E7/TININESS7/IO1L1BOTT6/XU1L1I1S1A5/1R2YO3C5/4ON3C5/H1MAKI3e5/A1AWES3P5/JIG1DEF2T5/I4DERVs5 AADEELZ/INOOOQT 321/414 0 -lex CSW24
admission-20260730-b1-p115	1	3J3B1REMBLE/3O3E3O1I1/3U3VAHANAs1/3R3U3T1T1/1AUSPICES1AH1I1/10N2N1/1PRINCES2K2GO/7OGEE3V/6QI2R3E/5OIL2I3R/2LAX5T3F/3AUTOLYZES2E/11O2d/11F3/7GODDAM2 EEINNTY/DDIRTWW 314/532 0 -lex CSW24
admission-20260730-b1-p116	1	3BECOWArD4/3O3H7/2YA2QIS6/2UT3NA6/2LI3EM6/1PEE1J1REZ5/1O3A2CETE2R/1R3PUGH1ODYLE/1T2FEM6ET/1E3REX5KA/1N4SIBLINg1I/1T12L/10VAV1O/9FON2R/8WARAGIS DNNOSTU/DGIIIOU 483/390 0 -lex CSW24
admission-20260730-b1-p117	1	YARCO2SMOWT1U1/4RADIUM1WOK1/1JILT5sAXES/BUNA6HEH1O/1N8E1I1L/1C8E1d1E/1O5PARP1E1R/6GIB1IFS1E/7NAVE3T/1V3QAT2S4/1IN1ZIG3T4/1LIRA10/FEE12/OR13/Y14 DDEGINT/ADENOOU 390/408 0 -lex CSW24
admission-20260730-b1-p118	1	14C/13DO/13ER/11RINK/10O2I1/5QIS1PUT1ZA/7ECOTONE1/3JOUAL2AYONT/3A2HE2R4/2LYNX4G2D1/2UG2VAT1U2ID/2ME3MINEABLE/2PEG2O2S1ALA/1RESOW1V4FIT/2R4E4F1H EEIST??/ABDIINR 415/442 0 -lex CSW24
admission-20260730-b1-p119	1	F14/E14/YOGA6B4/3PEW1F2U4/2pEYOTISMS4/3DENARIUS4/7K7/3CALVED3B2/7DI3A2/1VITEX2M3N2/3WRINGERS1D2/J1QI8E2/I1IN8L2/LING4OOTHECA/T2EARtHPEA1T2 ANOOOUZ/AELORTU 351/575 0 -lex CSW24
admission-20260730-b1-p120	1	BEVY3b1UMPING/3A3I3A3/3R3SO2R3/3DEL1QI2G3/4EA1U2DO3/4WHAE2A4/6U3Y4/3W2DATOS4/2JOE1I3IT3/1ZOO1BO3DE3/LARNIEST2EL3/OX3G5N3/4FARNARkEL2/5T5T3/7FIVES3 CEEIINR/CHKMNTU 341/493 0 -lex CSW24
admission-20260730-b1-p121	1	3C3HAFTOROT/2NONQUOTA3F1/3R3W2JILT1/3KA1BE7/4G1L8/2N1E1Y7C/2Y1N1P7A/2SWIVED6S/4ZO1ARMHOLES/3VEX3AMIA1O/3IS9N/3R4OGEE2E/3L4PIETIEs/5TRIAD5/15 EGINRUU/ADDEIU? 518/340 0 -lex CSW24
admission-20260730-b1-p122	1	14C/14A/14P/13FE/13L1/5VIEW3NE1/2QAT3U2NAG1/3MOBLED2AR2/2HUE3U1YUKO1/1FE7OS1IT/2HOLMIAS1WE2A/3YAE1ZOOEAS1P/2JET1DIXI1N2I/GIO4N3T2N/3LARDEReR3G CDNORTV/BEIRST? 350/373 0 -lex CSW24
admission-20260730-b1-p123	1	7P7/7U7/7I2V4/5DERELiCT2/4O5BE3/3SUQ1MAZER3/4T1HOX2T2C/4WAAH1J1I2O/4E1DODO1E2N/3YAM2EW4T/3URE2S5A/3KYU1DINGdONG/1OF5R2IF1I/1BAAL3E5A/1INTONERS6 EIINPST/AEGILRV 505/401 0 -lex CSW24
admission-20260730-b1-p124	1	11V3/1A7CRESOL/1D9EL2/1N9PO2/1E8V1J2/1X2YEARN1ORD2/1AGNOSIA2MU2H/7SQUIB2O/6sHITTED1M/1KUIA6L1BO/4STERICAL1E1/7I3A1ID/7F5GI/7T5EN/6EYEWATERs GINOTUW/AEFNORZ 429/334 0 -lex CSW24
admission-20260730-b1-p125	1	3N3J7/3EL2U7/1THEONOMY3N2/1O1ZO2P3LI1A/1U1EN3CODEX1N/1R1DIF5AY1T/GI2E1FERVID2L/OS2sCAW3I2E/AT2TUB3GET1R/1A3R3KASHAs/5L4ITA2/1WOOPIE3D1I2/12M2/15/15 AENRRSV/BEEGQSU 349/455 0 -lex CSW24
admission-20260730-b1-p126	1	10Q2AT/4G4JA2AH/4R4AD1R1I/3NE2REVISION/3OX4AS1B1G/3T8L1Y/2MIC7I2/BIOFACTS1FUNKED/a1PIR1IOTA2E2/TWEEL4YUG3/OO1RE5MOU2/OW8ERHU1/NE13/ED13/d14 AEEILST/DLNNPVZ 355/450 0 -lex CSW24
admission-20260730-b1-p127	1	7HOUsESAT/6RAMP4R/7T6I/3NO2BURNT2T/2DOWD1o6O/5ZEX6N/5HA7I/U1PYLORI6A/VIAE4INJURES/E2AIYEE2A4/A3CELT2C4/SINGERS3K4/1FOO11/1FOVEAL8/15 BDEEGIQ/DGIMNTW 313/462 0 -lex CSW24
admission-20260730-b1-p128	1	12KAB/9CAVEL1/11IF2/10TA3/10HEM2/8FEU1U1B/5DEMY1m1R1E/5IWI2P1R1N/5TELA1e1ADD/3AIT1I1ER2RE/7T1US2OR/2W4A1O1QINS/2H2NONLIVING1/TRIPLY1C5O1/2G4E3GEST AEEJNOZ/AOOOSUX 325/399 0 -lex CSW24
admission-20260730-b1-p129	1	14Q/13TI/10LIVEN/1TOE5DIF1N1/MOUTH3COG2N1/B3EINA5I1/I6BAJREES1/R1DIGONAL2WATE/A2FORESaW5/1G2ACKER6/MOUND2RYOT4/OX1A11/V2ZUPA8/E2I11/S2R11 DEELUY?/AEHILST 371/316 0 -lex CSW24
admission-20260730-b1-p130	1	4CELERIAC2V/11O2O/11OM1G/11FaGS/12NE1/10G1REZ/10U1IDE/5FUN2N1D1L/6TOWABLE1S/8OXO1R2/1RUBIED3AR3/3ASWIM2TAT1V/6TIK2JO1A/4YE2EQUAtOR/3PANTED5Y EEIILST/AHHINNP 370/482 0 -lex CSW24
admission-20260730-b1-p131	1	P1Y11O/O1AW9MY/S1EH9A1/T2I9L1/h1UPHURlED3A1/EF1TIG4CRUX1/AE1A2GOOROO3/TABID2INERM3/1RULINGS2V4/2N6QI4/1VILD5DEB2/2O8FEZ1/2N8TEEK/12TIE/13NA AEILNST/ACEJORS 326/426 0 -lex CSW24
admission-20260730-b1-p132	1	2FUNKIA1LOVAGE/2I8A3/2V8NA1a/2ED7GU1N/3R8R1A/3I1Q3JETE1T/3B1I6O1M/3BONDED3L1A/2GEY1OXO3A1N/3R1MU1SIPPERS/3SWERF1WAE3/7EDICTAL1/1OUTCITY7/15/15 HNOORT?/EEIILSZ 370/392 0 -lex CSW24
admission-20260730-b1-p133	1	7W7/7A1A5/6PROUDISH1/JEWEL2P1T5/E3A2E1O5/N3VERrUCAE3/N3A4AD4/Y2OBOLI1DO3U/4O4ER3n/10N3F/10I3A/10N3S/BUNTIER1GIGOT1T/6ALIF4E/TICKETS2SAZHEN EIILMOY/DGMQRVX 344/473 0 -lex CSW24
admission-20260730-b1-p134	1	G6F7/E1U2ANALCIMES1/E1N4V5I1/ZARI3O1EMU1T1/2O1Q1PROXY2T1/2OUIJA5BE1/2F2E6ER1/EASY1AVO4EsT/N4T6P1H/R12BE/I12UN/C12TA/H13R/E8DITALS/DIsLODGE7 GINOOWW/ADKLNRS 386/446 0 -lex CSW24
admission-20260730-b1-p135	1	15/15/12V2/11AI2/11GO2/3GAUD4AL2/1SNORTED3ME2/PION2WOX1LIt2/7YUKY1S2/1DAWTIeS1EN4/REBAIT3REC3/U2Z2LIEF1O2G/R10N2E/A2BEEF2HAVOCS/L4HAPTERON1T ADEIMQT/EIINORU 299/430 0 -lex CSW24
admission-20260730-b1-p136	1	10BLIMP/3U1K3ZO4/3N1A3EWW3/3VUGHIER1U3/1PROMO3DID3/3I1O2HAN4/3C1L2O1C4/FRYER1QIN1I4/3S2A1E1T4/6T2YE4/4BESTIES4/2FLOX3N5/JIAO11/1DATARIA7/7RELiVED1 AEGGNST/AEENTU? 332/445 0 -lex CSW24
admission-20260730-b1-p137	1	7T7/5JOIN6/1NEF3ZOMBIE2/2WELT2x2FAX1/4AIRLIKE3O/2TORC2O5V/8U5E/4QADIS5R/3PILIS6D/2GEN1TOMENTA1R/7P2YAH1A/7H3VIEW/6LONGCASE1/5BITOU5/7E7 DENRSUY/AADEGRU 389/445 0 -lex CSW24
admission-20260730-b1-p138	1	15/12JO1/2C8WAB1/2IMPROV3U1E1/2C8Z1AD/2U2GNARL3HE/ASTERIA7P/HOI2FLUX5O/2N3AMIE3UN/1YE6FEG1NE/1As6TWOERS/1N5VISED1E1/1K10ID1/1I10OY1/RESINIzE7 BDLQTTT/AAGLORT 474/370 0 -lex CSW24
admission-20260730-b1-p139	1	10U4/3R6N4/2SAV5B4/HEAVEN1W2A4/2BIG2I2L4/1QIN1Z1C2E4/2N2A1CUPs4/1REMIgRATE5/1OS4N7/1O3FISTY1D3/1TEMPED1IO1O3/OLEA7G3/1E2OIL1JOYS3/1DRIFTAGE6/6WITH5 AADKLUX/EENORTU 401/373 0 -lex CSW24
admission-20260730-b1-p140	1	B13W/I12ZA/O11FEr/T10QADI/AL1T8V1M/1ICH4OUPA2E/1MOE2NEURINE1N/1PHONIER3EXIT/2OD2KeWL2O2/1VEILS6R2/3C8D2/3Y2AUA3ID1/7GYTTJAS1/1BUNGIES5O1/15 AEFGLOR/AEERRST 443/358 0 -lex CSW24
admission-20260730-b1-p141	1	2DOTTEREL4A/7E6G/5zELATRIX1U/7i6I/2DOGFACE5S/7T5ZE/4H1QINDAR1O1/3POLIO3EUOI/4W2N2P2T1/4K4VARDY1/3HE5V4/3ER5AM3/3N6NO3/1GENIC3BEMAS1/WIRY7I3 EJLNOST/ABFISUU 360/322 0 -lex CSW24
admission-20260730-b1-p142	1	15/5K3BLUR2/5A3OUTA2/C4L1OdONATES/ALGICIDE6N/H3IF6U1I/O3N7N1F/O3E1JIG3H1T/TO2R1ATOP2A1Y/1X2IWI2EA1I2/1T2N1LEARY1R2/VERBS2V2EPEE1/1R5A4D2/1S5D7/7E7 EGQUWZ?/DEIMNOS 242/451 0 -lex CSW24
admission-20260730-b1-p143	1	7V7/5KAI1X5/7F1EW1JA1/3B1Q1FURANE1R/CISELURE1AB1H1O/L2L1E1D1N2UMS/I2L1Y2OS3AI/P2Y3THEOW1UT/E5NAMs1A1R1/DICT1VOG3N1I1/11T3/11O3/11N3/9ZEE3/7PREwRITE AADGINT/EGIOOOS 385/440 0 -lex CSW24
admission-20260730-b1-p144	1	15/6YAP3N2/6OBA1BREN1/6GUV3R2/6IT1CLEFT1/7I1HIT3/6OLEA5/R3W1NOX6/E1Q1H2N7/D1UTILISED5/I1O1M3FORKY2/VATU5WOO3/I1A3SEITENS2/DAShCAM8/E5APAGE4 EEGILN?/DEJORRZ 292/490 0 -lex CSW24
admission-20260730-b1-p145	1	STILTIER7/2N4O7/2D4U7/1BAG3X7/1ABET3I6/1NAMU3R6/1C1MY3O6/S2YEEDINg5/K3R3I6/O6OS4Z1/F2AEGROTAT2A1/FUDGE2IS4N1/1PIE3D5I1/WOVE3A5E1/ONE4LIgATURE ACEHLNW/HJLOPQV 427/428 0 -lex CSW24
admission-20260730-b1-p146	1	E6O7/PoNTIFEX5Q1/E6I5A1/I1ENhARMONIC1I1/R3U2E5D1/A2JIRD2GLUGS1/1V2P1ALOO5/DARZI1HABU5/1W2L2VAT5/3TEF3YAE3/3ISO9/3N1R9/1ONCET9/1WETLY9/BEES11 EKOORST/ADGHIMN 505/292 0 -lex CSW24
admission-20260730-b1-p147	1	11FLOC/4G5LO3/1MUIR3DRANT2/3DEVO3TE3/4V1MOLAR4/4E2U1XI3Z/5JAP1EA2WO/6BAWLs2ES/4GUYSE3BA1/5HE5OK1/6DaNCERS2/7F4I2/6QAT3E2/5DIRIGE4/6NAT1HUTIA EEOPRSY/IINNNOT 332/372 0 -lex CSW24
admission-20260730-b1-p148	1	15/3N11/2LO11/1WOX11/1ER3DESTINE2/1BEAUFIN7/2L2A9/3MAIZE3S2P/5TOMB2T2R/5H1P1G1E1GO/4QI1A1U1N1OK/3LIN1I1R1T1EE/3Y1G1rEDFOOtS/1HANTS1E1Y1U1I1/CADEE2D3R1C1 AAIIJLV/AORRTVW 372/411 0 -lex CSW24
admission-20260730-b1-p149	1	7N6R/3PENTADS2I1A/7V1T2W1N/2AIRWAY1R1QI1C/5I3AHA2h/5Z3PITH1E/8K1J1END/7VEGA1XU1/8GUB2L1/9Y3L1/9ODA3/9TOE3/10O1ARO/1MUlTURE1BLINI1/OOS4FOE1FENT EEIMOSS/CDEEILR 300/412 0 -lex CSW24
admission-20260730-b1-p150	1	7H7/5QUA1K2D2/2C4LAVABO2/2LI3L1A1AT2/1cOLTHOODS1Y3/2WE3WE2O3/1R1U1F2I2UM2/BESMEaRED2SOFT/1T3I6RE1/1I3X6AZO/1E12R/1INVADERS5G/1N4TETANIC1O/1G12N/14E AEINPPU/EGIJNRY 417/373 0 -lex CSW24
admission-20260730-b1-p151	1	14N/11S2A/9D1HOTE/7JOULED2/9R1R1F1/9Z1WEY1/3P4OI1AM2/CADIE1VUM2NE1T/3c4B1QIS1E/2LO4UPAS2L/2AL5UT3E/2XI5R4G/1HIn4FIB3A/1IT4TANAGERS/2YWROKE1EGO3 EEINRTV/ACDINOO 387/409 0 -lex CSW24
admission-20260730-b1-p152	1	NEOPHOBIA6/5X3P5/3OWO3R5/3DI2QUALE3/3EN4N5/3AN4K4G/4L4F4I/3JEWIE1uVA2U/7FILIBEgS/3G6SO2T/3ROYSTERER1ZE/3A6DE1OD/3V9R1/MATY9I1/UH5TURMOIL1 AACGNNS/CDEEITT 536/327 0 -lex CSW24
admission-20260730-b1-p153	1	12E1f/9COAXER/12I1U/3T8L1I/3A8E1T/1F1T8D1I/TOCO10V/1G1U2DZHO1JAPE/1ED5MOWA1R1/1YA2QUIM2D1I1/2I1WIN3FE1N1/GOLPE5IS1T1/R1Y7R2E1/A2ALOE3N2R1/V3AKEBIAS2S1 BNNORSU/EEGHLT? 324/402 0 -lex CSW24
admission-20260730-b1-p154	1	F6G7/O6L2F4/RECCO2U2I4/G2INARMING4/E2DYE4j4/R8JA4/8lAM4/3KEISTERS4/2HI4V6/2UN4OBO4/1BLIT3DOY4/1EEN3HOWES1Q1/1AS4APERT1U1/1U5VAT1O1I1/1X5E2WANZE AEIIPRT/ADDLLNO 343/554 0 -lex CSW24
admission-20260730-b1-p155	1	15/5Z9/2G2O9/1JA2N4O4/1EL1GU4P1A2/1He1AL2V1T1FY1/1UT1DEW1E1I1FOR/2T1I1ABLOOM1WE/2EM1DI1U1N2EA/3IRID1R1E3D/3X1V2I1E3I/3T4N2N2E/6LEGATIONS/5QI2BAPU2/7CRANS3 CEHOOSY/EKRRST? 385/377 0 -lex CSW24
admission-20260730-b1-p156	1	12K1D/12EGO/12LAR/12TUT/13C1/TOMBOYs6I1/6TUP4ED/7REGEX2I/2TAUON1LIAISON/1VUG10N/2MEZE2FARINHA/3DEEDIER4E/5WAFT1Q4/JOY5AVI4/2AWmRIES1N4 CILOOPR/ABEHNSS 370/343 0 -lex CSW24
admission-20260730-b1-p157	1	hEAVIEST7/4TWIER3L2/7E4A2/7PIVOTS2/4W2E4T2/3FUGGED3I2/4R7N2/3ALULAR2AGRO/4IT1N7/3ZEE1T5F1/3ES2HOMY2L1/3N3O5Y1/2OD3d5M1/2XI1QUINE3A1/JOOK3A1RUBINE DDEINPR/ABCCHOS 265/466 0 -lex CSW24
admission-20260730-b1-p158	1	13S1/2Q6H3T1/2A1EL3A3u1/2TOCO3Y3B1/3GOT3ES2B1/3E1A3YE2I1/1AXE6N1RE1/CRUDS1WUZ1AGORA/O3W1ETAERIO2/N2VIFDA2I1N2/T3V5U4/I2PENK3S4/NITID10/U14/ERMELINs7 AEGJLPR/DFHIMOO 373/409 0 -lex CSW24
admission-20260730-b1-p159	1	3REFLY7/1COO11/1RUM11/1ITA11/1TEND10/AHA1E4K5/V1T1V3ZO5/O1SLOUGHI3FRO/W3T2IN2POA1/7N1BEAUX1/3STRIATED4/3Q3h7/3U2JIRD5/3E3N4YOM/WINGE2AIRPLAnE DEEEGLN/ABCEIIS 344/471 0 -lex CSW24
admission-20260730-b1-p160	1	15/3C11/2WHANG4V3/3A7IT2/3L7GU2/3L8R2/3ADZ2OI2D2/2CHIEFRY2JIVE/4MNA5O1p/6TRUEMAN1O/1DUBBO3WISS1P/KOTO1SIFtERS1YO/1EAGLE1I5EE/7T5XI/3QANAT6A ENOPRTU/EEEILNR 500/334 0 -lex CSW24
admission-20260730-b1-p161	1	7I3CUSK/2GLOZED5Q1/4FA1E3AGUE/7A3F1I1/4U2TANDOORI/4P2I3R1E1/4S1JO3EW2/3WOXEN1ECHINI/4A1O4AT2/4R1N4NED1/3VIBS4D1I1/Y3N7HM1/ARPEgGIO4EL1/A11BY1/R11E2 ALORTU?/ELMSTTT 355/469 0 -lex CSW24
admission-20260730-b1-p162	1	15/3f11/2WUDDY3U4/3G4CARFAX1/3I6V4/3TA1F2JAB3/2QIN1E2U1EM2/3VIOLETS1DORP/2ZEL1L4OW2/2E2HA4U3/2T1KET4I3/2ATOPIC3N3/2S1I1OR7/5ANERGIA3/NONOBESE3YATE GILMNR?/DEEIORS 458/376 0 -lex CSW24
admission-20260730-b1-p163	1	12F1A/3FLANERIE1ICH/10T1ROO/9TWANGY/9RE2I1/5Q2BYE2Ed/5U2L5R/5I1AARGH2u/5M2G2O2N/2COSSETS2R2K/11N1OE/3DUD5L1IN/5OPA2MELD1/3VIXEN3T1I1/6WAIVES1A1 BDEJTTZ/AEIOOPU 323/395 0 -lex CSW24
admission-20260730-b1-p164	1	7X2BURQA/4T2E3N1U1/2A1I2N3R1A1/IONIC2O3A1T1/D1V1C2T2MI3/E1I1E2I2OS3/a1L1DRUM2WE2T/l1I3RELENDS1E/O1N9H1E/G1G6K1JOWL/Y8H1ADO1/9A1BEEF/9Z2R1L/8VIRUS1A/14G AAEPPST/EFIOOTY 469/280 0 -lex CSW24
admission-20260730-b1-p165	1	5EF2OVENED/5GI2HALOS1/5OX3C1C2/3JITTER1A1T1O/5I4T1U1V/5S4E1A1E/4BE2ENDURER/4R1QIN3Y1T/3KALI7A/2GOWAN6HM/4L8OE/BAPUS3TIND1A1/11ZURF/10IO1YO/14G EEIPRW?/ADLMNS? 397/395 0 -lex CSW24
admission-20260730-b1-p166	1	TIDY11/2A9V2/2HO8I2/3X1W3A1ADIT/3OBA1JENNY3/4AH3T5/4LIP2I2C2/3FANUM1W1BOND/4NEG2E2L2/1V2C4A2L2/1E1FE2KORORA2/1R1O8T2/1SQUIRE5e2/1O1L3UPGIRDS1/2GEEZER7 AEINST?/EEIMOST 359/353 0 -lex CSW24
admission-20260730-b1-p167	1	ABAC8D2/1O2C7Y2/OOM1O6PE2/WHIRLY5AD2/1O2O6G1Q1/KO1PUNT2Z1I1ID/E2UR4I1N2E/B2HENNA1L1A2V/4R2DILUTERS/5EGoTISE3/3WEX3O1S3/JuVE5N5/A14/FIAUNT9/A14 AEEEGIL/FIRRSTT 314/393 0 -lex CSW24
admission-20260730-b1-p168	1	2QUINIE7/1PIP1A9/VEND1O9/3OBI9/4O10/2RONZ9/2O1DEX8/2THEEiNG2KEMB/2A1R2OUTFIRE1/2T7ADAW1/2I1V2W2L4/1ENSUITES1AT3/2G1M2L2JOG2/7L3DA2/FATHERLY3YE2 AEIIRSU/ACCNORS 512/430 0 -lex CSW24
admission-20260730-b1-p169	1	14F/JaSMINES6A/OBOE3OUTWON1K/GAPE3L3U2E/7DRANGWAY/7E3LODS/5Q1R3I3/1ALANInE2FE3/PYOT1SUD2I4/R5R3V4/E5A3E4/M5G1DARZI2/I5H8/X5I8/T5CURVET3 BEIINOT/ACEHLNO 337/433 0 -lex CSW24
admission-20260730-b1-p170	1	3JUMAR3TACO/3I1OWE3U3/1DEBARK3ORAD1/VOTE3IMPINGES/3RAX5E3/4QI3BURNT1/4U3FEGS3/3FAnTAIL5/2PO1YEED6/1SHOVEL1OWL4/1HIT11/ZA1Y11/ER13/IN13/N14 AEILNN?/CDEGIST 400/408 0 -lex CSW24
admission-20260730-b1-p171	1	7REoRIENT/10E4/2G7V4/2A7O3B/2I7L3I/ADD7V3T/ZAS1COX1OPERANT/OU1PUKIER5E/1BIOTA2CIG4/AE3YOU1FUMED1/J8FROW2/IT13/SETENANt7/1W1LEHAIMS5/15 ADGHINS/ELNOQRY 484/296 0 -lex CSW24
admission-20260730-b1-p172	1	7F4Q2/7LEALTIES/7ORDO1N2/7C2GI3/10OS3/5J4IO3/5U5BAT1/3MANUL2AUREI/2WIG3DEBT1N1/3COHUNE2E1I1/5EPOXY1N1A1/4ANOW3EFS1/1HAZED6YE1/VOM10S1/1TARdIER7 IKPRTTV/ADEILR? 411/329 0 -lex CSW24
admission-20260730-b1-p173	1	14T/11V2O/11I2R/9W1V2C/9ATE2H/9ZA3I/4BOX3L3E/2SOOMInG1EYRIR/1QUEP5N4/2B2M4T4/2d1NAARTJE4/POWN1R3ADAGIO/2A2T9/CURATING1FILED1/H1F2NOUNY1IDES EEILSSU/AEEEKLO 389/455 0 -lex CSW24
admission-20260730-b1-p174	1	15/15/15/5P2BOARISH/5A1M5I1/5l1E1C1U1FE/5A1G1O1N2U/3A1T1ADZED2O/2LURE1V1Y1E1TI/2ITAS1O3R1R1/2NOX2L3L1AB/3S3t3I1GI/2KOJI5PRIG/3M1FEEN4CH/WAVE3WOULDEST AENNNRT/DEEIOQT 417/395 0 -lex CSW24
admission-20260730-b1-p175	1	3W3Q3AMID/3A2DA1BELON1/2RIsPETTI1EWT1/3F2A8/2MUZHIK7/4O1R2F5/4O1I2O5/CARDI1NIXY5/4DAG1ULE1B2/4AY1G1E2U2/4L1GROSETS2/7O3OHO1/7V4I2/7E1JURE2/7T2NERVE AACENP?/EILNNSS 357/376 0 -lex CSW24
admission-20260730-b1-p176	1	OD12B/YOOF4GUAC2A/2KACHERIS4R/7I2MULED/1L1kNiTBONE4/1A1N1FES2WHIPT/1T1E3T2LINER/LEVA2ROJI4E/1R1D3N6Z/1I1E1VIEW6/1T1R3SEXY4/AE1S11/G14/I14/O14 AGINOTU/AADMPQU 292/435 0 -lex CSW24
admission-20260730-b1-p177	1	15/13R1/7SKItChED/13S1/10V2O1/7MOZE2N1/3C1WHOP1L1QAT/3O3BEAUXITE/2INDITED1M2E1/1JOG1FAY5D1/NONE4FOG4/1W1R3HEY5/1L5ATEBRIN1/LEVELING7/1R5SUPRA3 AIIRSTT/AAAEIUU 367/515 0 -lex CSW24
admission-20260730-b1-p178	1	P10JOB1/L9F1BAN/O9R1OWO/A8HET1NO/T8YEA2D/I8D1I2G/N8R4E/GALEA2FLATCARS/4D2U1N1HYE1/4E2T1T1I1V1/4n2u1SAM1O1/3ZO2R2UP1I1/3EM1QI2E2C1/4AXIS5E1/5I1T2WORD1 EEGINRV/EIKLNUU 356/600 0 -lex CSW24
admission-20260730-b1-p179	1	13PE/13AX/13TE/7KEYBOARD/10L2OR/1FET5JOG1NA/NEROLIS1BAWL1N1/A2PODITIC1I1EM/T1QI4ZE1O2O/I4HAVEN1S2U/V8T1e2C/EE9S2H/LA12O/YU12I/1SINEWED6R DGGRRTU/AFIMNU? 436/572 0 -lex CSW24
admission-20260730-b1-p180	1	AMBEROID7/1O5I2D4/1OH4c2E4/1PEE3R2L4/FEW4O2V4/ID5T1QI4/C1JOGS1AYIN4/EF1KITTLE1G4/1E3A2XU5/1Z3N3HA4/2PYONER7/4MESARAIC3/5L1V7/1BOURSIER6/NOUT3D7 EINSTTU/AAGLNW? 420/426 0 -lex CSW24
admission-20260730-b1-p181	1	15/5MERSION1R1/11EUOI/9CAF1T1/13A1/13T1/2LAURA6eL/4NEWB5DI/5FEEN5D/3PHT1DOX3JO/1KNEE3TITI1A1/VIEWY6OUPH/O13A/TRANQUIl1CANIER/E2OI1SAZ5D BEEGGOR/LLMSSVY 420/301 0 -lex CSW24
admission-20260730-b1-p182	1	1J13/1OB1N8A1/GRUME8L1/I1DAM8L1/B1GUN8O1/1ZINS8T1/GAE8FET1/L1sPOKED2FEWER/O3NALED1A1WE1/P2TOY1NIXY4/5OUTVIE4/CHIAOS1A2R4/7R7/2COVARIED5/7A7 EENSSTT/HIIIQU? 440/283 0 -lex CSW24
admission-20260730-b1-p183	1	11BOPO/9CEE1A1/13R1/9C3IT/8FAH2TO/5J2AZO2YA/5O3HEW2D/KINA1BUGS1REM1I/3TIEPIN2LO1E/7DEX1LUVS/3YALE1DIVIS2/2FENiNGS2EE2/1QAT3U4D2/LIRI3R7/7U7 MOORTW?/AAEGNRT 493/279 0 -lex CSW24
admission-20260730-b1-p184	1	11V3/10BAJU1/11LOTH/10DI3/10I4/9ZA4/4POUF1ES3K/3QuOTES1T3N/2GIG2Y2O3I/2R2ROsEOLA2V/W1AWE5E3E/A1FED6GOAD/L1T4PUNNIER1/DESCRIBE5MY/O5ANNATES2 HIMNRTU/CEIILRX 443/414 0 -lex CSW24
admission-20260730-b1-p185	1	3FACIA7/1GOETH1INCENTS1/QUIT11/3T5PAV3/3LABELLED4/W2E5HOO3/I2DIRDUM6/N4O1MIREX3/D4A4NIP2/SWAINS9/3TUTELAGE4/JURA1E2BONK3/I4R9/A4Y9/O14 EFRSV??/EEGOORY 399/386 0 -lex CSW24
admission-20260730-b1-p186	1	6SETTING2/CAMBOgE8/1BOEP1WOURALI2/PALE3V2LATEX/7E7/7R1G5/7W1U5/7ERICK3/5QAT1DA4/7S1ER3T/10D1L1I/10I1O1F/10O1R1O/1FUJI4HINAUS/YAG1DOVENED1N1O AEINRTZ/EHINSY? 314/406 0 -lex CSW24
admission-20260730-b1-p187	1	R14/ID7V5/FEEB5A5/1SWErFED1R1S3/1E2E2IODIC1C1/AX2G4Y1O1H1/G3A1EUK2I1O1/E2GLOSsAE1N1L1/E3INT3US1I1/2R1T5NO1N1/2ABY5ANTE1/2PI6U1O2/1ZIT8L2/1ADO8L2/3UMIAQ7 AENORTT/HJMPRVW 338/413 0 -lex CSW24
admission-20260730-b1-p188	1	dULCIANS7/O3FREIT3p2/OE5P2T1O2/LA5H2E1MM1/ERUVIN1O1DI1PA1/ED5N1EL1OWT/6JA1T2N1A/7TRAWLS1B/6FE1I3OI/5ZA2NU2C1/5OI2EN2R1/6K2E3E1/6SUQ4A1/7GIVER1E1/15 DGIOSXY/ABDGRTY 309/401 0 -lex CSW24
admission-20260730-b1-p189	1	7BENDIEST/7E7/7N3R3/7G3E3/4COPARENTS2/9MORT2/4T1FEZ2AY2/3BALAfON1T3/2GOX2FOULE3/1AUREI3TIDAL1/2PAD5N4/5H4KIWI1/5ALGICIDE2/5J4E4/6INSUrERS1 AMORUVY/EHIOQVW 554/383 0 -lex CSW24
admission-20260730-b1-p190	1	P1B4LEECH3/R1L6U5/O1E1G4m1AITU/FIMBLE1ZOOEY3/2I1I2AINE4/2S1DEN2G5/1UH2TEAMS5/1N4FAY6/1P13/TAV6Q1W3/AI7AXE3/KNOT5NUR3/It7A1O3/1SWIG4T5/3DODDERS5 ACEJOTV/EINORRR 297/380 0 -lex CSW24
admission-20260730-b1-p191	1	14J/9FELINE/2EaRSTONE4u/4U2OUTED2X/4N10/4KABLOOIE3/4L3RUDD3/3FERVID2HOME/5U4E1WIT/5B3PRANG1/5A4G4/4QI4A4/GHAZI5T4/1IRONY1PAVE4/ECCO1AWA7 IMSSTTY/AEILNRS 347/370 0 -lex CSW24
admission-20260730-b1-p192	1	7LoRDINGS/1P12W/1E12A/PREMEN8T/1V2FAH2O2W1T/AY3BEAUX2ANE/R3J4y2ZED/I2BEIGEST3T1/A1CARFUL1O3T1/4R4C3I1/3KYE2QI3E1/3O1O2INDIES1/3N1A3SITH2/3D1N9/15 EGMOOOV/AILLORU 295/484 0 -lex CSW24
admission-20260730-b1-p193	1	11JURE/13E1/13B1/13R1/13A1/3R1W5G1C1/PIKE1O5A1E1/1DAPSONe3ZEDA/3T1FAX3OM2/V2I1Y5OI2/I2L8s1F/R2I2HAUBOIS1R/TYRANNED4I1O/U7NEG1L1W/ETTLED1TELOGENS IMNSTUV/ACEHIOQ 454/394 0 -lex CSW24
admission-20260730-b1-p194	1	11V1OF/11A1DA/3V4QUaRTES/3OR2JIG1I2H/3XU2O2MA1AE/4BEAKY1I1WAD/4D2EA1N1H2/3LO1TYG1I1O2/3OW3I3P2/2FINNANS4ZE/2ARSENO2PUBE1/2T2TINGLES3/2E12/2DIRL9/15 EEMORTU/CCEILRT 443/272 0 -lex CSW24
admission-20260730-b1-p195	1	7W7/1TAPIROID6/HIYA3N7/4QINS7/4AMA1L6/3STIE1IF5/3L1N2ER1WUZ1/GAPE1OBOVATE1I1/R1OD4EN3N1/O1OD5CEE1G1/w1REH3VOX2i1/A1IDE8E1/B3R3GRAFTS1/L3L8T1/E14 EIKOSUY/ACJMNUU 409/317 0 -lex CSW24
admission-20260730-b1-p196	1	15/15/11T3/C10W3/R3SOLuTIVE3/EX3KOTO2E3/SI2A6D3/T1E1T1MAUNDY3/I1D1R1ARMY5/NEGRONIS5V1/G1I1P1E5JAB/2E1I1U5OPA/2R1N1T5HEW/4E1I2GLEN1N/HAFFS1CUBOID3 AEELOQZ/AALORU? 354/448 0 -lex CSW24
admission-20260730-b1-p197	1	MOXA1VIEWY2SHA/3V4A3YON/JUGATE2K1C1NA1/3I4EQUIDs1/TALLOWIER1Z1ET1/R2I3DIG2DEF/U2N4F4DE/T2GOOnIER4E/HM2R9B/1O2L10/1UR1O10/1TI1P10/1OB12/1NA12/1S13 ACEENPS/AEINRST 514/264 0 -lex CSW24
admission-20260730-b1-p198	1	CANOE2WAREZ2N/3EROTEME1E2O/9WIRILY/2BRAP5O2A/4DISHINgS2U/6P8/6A1V6/6SKIFFLInG/6M1N1E4/5BELT1T4/5ODA2C4/5O1T2HIYA1/5R1T3DUX1/7I4GEE/7N3GALA EINORUV/DJOQSTU 405/390 0 -lex CSW24
admission-20260730-b1-p199	1	AVOWRY1C3BENJ/1O5AW2R3/1L3EBRIATED2/QUOIF2EM2NE2/1T6P3A2/1E6L3L2/1DI1OUPHe3A2/2SOUTIES3T2/2O9Es1/2G9ST1/2R1V8O1/2ARE8N1/2MIX7DIF/3T8ALA/KANZU8YE CEEGHIO/DGIINNR 366/544 0 -lex CSW24
admission-20260730-b1-p200	1	3O3F6T/3X3I6I/3L3N2Q3d/3I1GUESTING1e/3PSI1L2N2AW/4HO1Y5MA/4A5C3V/3PIEZO2OUTIE/4T2KHUD1R2/3JAB4D1A2/3ONE4L1N2/3W1A4E1C2/3L1V4R1I2/5E2MY2E2/TOOTER1GIAOUR2 ABDEEFR/ADENRSS 328/336 0 -lex CSW24
admission-20260730-b1-p201	1	7W7/7A1Q5/7D1ID1O2/7GENETS2/7E2C1T2/1W7KO1I2/1I4C2NY1A2/GLIFF1AUNE2t2/1I2R1R2AT1ES1/3LIMB2DA2O1/4ZAYIN1JA1V1/PENIE6U1I1/1MOOD6A1EH/RUG10TE/2SORRELs4SH EENOPTX/ABLORUV 424/303 0 -lex CSW24
admission-20260730-b1-p202	1	D14/EM7F5/XI7O5/INCONY3L5/EN1DOUANIER4/1O7YE4/1W2Q1ABUSAGE2/3VITRO2V1FEZ/10A4/9KIP1H1/7L1ALT1E1/3OJIME1I1O1A1/7ABeTTOR1/7P3I1E1/SALTIEST3CURR ADDGSUW/EEGNNR? 425/342 0 -lex CSW24
admission-20260730-b1-p203	1	JOT4AIGRETTE/1BETIMES4I2/WAGED7D2/11FER1/11ALU1/9g1PIC1/9I2N2/7sPRAYEY1/1SKIRRET1L5/9H3V1/4FLUB1O3I1/1VIGA1HONOUREE1/9D3N1/3COXLESS3N1/6OW5A1 AAIMNQT/ADENOUZ 534/410 0 -lex CSW24
admission-20260730-b1-p204	1	14Q/9CH2KI/9hE2N1/4U3ZOMBOID/4L4OE2V1/1J2V1R2F3EF/1I1GALENOID3O/IGLU2DONNATS1X/4C1R2G2A2/4OBA5UP1/4WAW5LI1/5OE4TIN1/6R4REE1/2PARASITE1E1S1/2AYE6Y3 ADIMNST/EHRTTU? 446/330 0 -lex CSW24
admission-20260730-b1-p205	1	11BICE/3T9A1/3A3bENEFIT1/3L1VOITURE1H1/3KHI4ADVEW/4UMM6D1/4G1E1ZOA3P/5FLUOrIC2A/6E7N/5WEY6N/4QI1A5PI/3JIG1O5L1/2DONA1U2BOXY1/5N1ROSARIES/7T5R1 ELNORST/ADEEGST 416/344 0 -lex CSW24
admission-20260730-b1-p206	1	15/15/15/BUISTEd4AZAN/6ENGLOBES1/2F7V1EHS/2A2ADJURE3U/WINNED1ONERY2Q/2C7L4/2Y6VOLTA1/2I7R4/2N5FIDO3/2G3PIA6/3HOM1TWP2XED/1COOKIeS1AMAUTI EEILORR/EEGIRTT 330/485 0 -lex CSW24
admission-20260730-b1-p207	1	7THIEF2w/10N3A/8KITBAGS/10I2UT/2OOZED3R2LA/1QI2NON1XED1AG/6BAJUs3E/3PAVEN3WOES/5U4YOWL1/5G3NEELDS/2ARCHAISER3U/ONIE10M/DERV10P/14I/14T CEIILOT/AFMRRTY 335/475 0 -lex CSW24
admission-20260730-b1-p208	1	THRAWN1J7/4O1TA7/2LOURINGS5/4L1NE7/4DEY8/1p3V9/WIKI1O5L3/ER1FOLIAR1VADED/BO3U5C3/1Q3E4UT3/1U8PO3/FE1E7N3/IS1G2BOEP1E3/A2G1DIOXANS3/TREYbITS7 EIMMRTZ/AACEHIN 467/304 0 -lex CSW24
admission-20260730-b1-p209	1	9MEADOW/8IO1r3/6Q1LO1INN1/W5U1ERRs3/A5A1U1IT3/GEEP2V1S1ZA3/E1TET1E1E1AE3/R2HOURIS6/6I8/5JERIDS4/4VARE2M4/7G1TOFT2/2CLOD1N2G4/4BANALISE3/7L3HOYA BCIKPTY/DFINNOU 402/254 0 -lex CSW24
admission-20260730-b1-p210	1	3P1E8F/3O1ER6BA/3U1WE2QORMAS/O2R2FINI3sH/T1YEZ1U1ONO2I1/AMORETTI5JA/L5I7L/G1ED2NU6O/I1YO2G6BE/AXEL8CID/1EWT8AG1/1DA8KNAP/2l9N2/VELDTS9/15 EEHINRT/ACIRSUV 396/373 0 -lex CSW24
admission-20260730-b1-p211	1	7CAUSERIE/1BOBAK1IMPONE2/S1R4L4ZO1/TREYF1QI7/O1A1A1AAL6/D1D1L1N1ATRIUM1/G1E1T1A1W6/I1SWEETEN6/l3R3I6/Y3EH2N6/4DI2G6/5N9/1VOLVA9/5U2GIFT3/5SOJU6 EHOPRT?/DEEINOX 343/435 0 -lex CSW24
admission-20260730-b1-p212	1	3Q3P7/1SCUzZ1ET6/2AA2BROWNS3/2LI3IN2T3/2K5N2A3/1JET4EH1R3/1IDEE3aI1T3/1G1XI1PIU2L3/WO2GOOFS2EH2/AT2N7O2/R2FE7R2/M2A3VAGUER2/3N8I2/1AINEE6D2/CLOY1LAV7 DEORSTU/ABDEIMO 374/322 0 -lex CSW24
admission-20260730-b1-p213	1	7W7/7A7/2lONGERON5/3B3B7/3E9P1/3L9R1/2DIGNITY1MYXO1/DIAZO2AECIA1M1/3EE5C1QI1/3ST5H2N1/4H5T2ER/J2KI8SO/U2UT1DOWSETS1U/PIFFERO7E/E2I2bRAVADO1N AEEGLNU/AALLRTV 426/510 0 -lex CSW24
admission-20260730-b1-p214	1	1O2OLID7/1OM1G10/1ROBE10/2ZEE10/2END4AMIGO1/3N1TARTLY4/U1JETON8/N4FUB7/POCKETS2A5/I1H6V5/L1ERA3FEG4/E1NOW1PEANUTtY1/D1ITA4I5/2XI5R5/3SQUAILS5 DEHIRS?/AACEIRW 366/322 0 -lex CSW24
admission-20260730-b1-p215	1	6CLONED3/5JA8/5UP8/3LOgIA7/5U9/4MM8N/1C2E9E/VIAND1GAWS4T/1N2FRIB1I4R/1Q1ALEE2ZAS1Wo/4I4YUP1HO/4E5KORAT/2ROSEOLAR1DAN1/5XU4EGGY/4OORIE3I1E BEFHTTT/EIINSTV 421/354 0 -lex CSW24
admission-20260730-b1-p216	1	R14/I4V9/N4O9/G2PAL5P3/T2UR5gU3/O2DO4FEH3/N1QI1ZIMBIS4/EVACUATE1ET4/2I2GAW2A4/2D7N4/JASEY5T4/AX1DOLOR3FA1H/GI4KEROgEN1I/ES5L1BUMALO/R6Y6I EEINSTT/CDEEORW 348/493 0 -lex CSW24
admission-20260730-b1-p217	1	6MU3PREZ/5JEMBE1HELO/2KUIA3T1O3/9H1T3/4YAR1QINS3/3VEG3O5/4SOYA1P5/CLIFT1GIES5/5LODE6/1BRINIES7/3N11/3V11/3E11/1WANDOO1DAURED1/3TORULINs1FAX AAEIRTT/CEGINW? 377/349 0 -lex CSW24
admission-20260730-b1-p218	1	7P1DICKEY/4V2A1I1I1N1/3TE2L1ABA1G1/1PRATT1U1ZOO1U1/3NO2D1IN2L1/3A1Q1O1NET1FA/U2G1I1S1E1O2F/M2RENDERS1X2R/R1BAWS5I1NO/AVIS7C1E1/H10A1T1/11L1R1/13OW/13oE/13TE DEEEHIO/GILMUY? 403/424 0 -lex CSW24
admission-20260730-b1-p219	1	7TRAYF1M1/1ZINCODE1J1ABA1/6EW1I1MEU1/9V1EST1/9A1DI2/5TOFTS2G2/4DOULA3H2/3XU2ENVOYS2/2CINEREA6/2H10Q1/1PIGOUT1AERObIA/2N2PIgWEED3/2K6LIER2/15/15 BENORRS/AGILLNT 376/421 0 -lex CSW24
admission-20260730-b1-p220	1	12FOH/10MZEE1/10A4/10TRONC/10I3H/10C2PE/4L5O2EA/3DIALINgS2ET/2Q1TI1N5DE/1Ja1EM1G6R/1OI1R1URENA3S/2DYAD1OE6/2SATE1OW5G/3WOX1V3BUBA/FLIP2REGULI2K EIORSTU/AAINNTV 510/367 0 -lex CSW24
admission-20260730-b1-p221	1	3UNDATE1C3I/1FOH4FAIBLEs/ILK7N3L/1I8QEEMA/1NOUT5S3N/AGO2JUICY4d/ZEP2I8E/OR1PAVEN2AVOID/1SWORE9/T2TID9/H2GO10/W1GUT10/AEON11/RAX12/T14 BEIRSSY/ADEELMR 330/473 0 -lex CSW24
admission-20260730-b1-p222	1	7DJEMBE1H/3UNCtION1RE1A/10YIN1R/B9UG2I/e2L4A1KA1EM/P2OAF2IF1LOX1/I2CLEW1YU1ODE1/T2A2OVERAWED1/I2T4ET3R1/ENSILING1H3A1/D2N9ST/3G10Z/14A/14R/14S EEIOQTV/AOOPRST 503/429 0 -lex CSW24
admission-20260730-b1-p223	1	NONGUEST7/7O7/2OBVIATE6/C6T7/H6E7/A2REZ1DEW3J1/CINEREA1XU3A1/K1YEA1GIES3AN/8Q4PO/8U2V2N/PROUD2EYElINER/3MOTIF3D2I/1BLeWITS3S2G/14I/14D AHILMRR/AAFLLOT 322/459 0 -lex CSW24
admission-20260730-b1-p224	1	1BoVINELY2Z3/1O8GOAT1/1DUN3AROINTED/JEHU3R3E3/AG1SERIATES4/FA5N1WIT3/F6E7/A5PI1LOUVRE/5CADIE1P3/7S1WIG1KI/11aNAL/11TOME/11HOAX/11E1S1/11R3 CDEMRUY/BILNOQT 391/461 0 -lex CSW24
admission-20260730-b1-p225	1	TREFA1OIL6/3ANTEDATE4/1WUD5E1R3/HONES4AGIO2/Y8DUMP2/L9BOA2/E10UH2/G6GOJIS3/6PaWA5/7V3T3/7EN1QI3/7lOTI4/7OXY5/MUTI3C1E5/IRONBARK1ENCAVE EFINRSZ/AEILLRS 380/388 0 -lex CSW24
admission-20260730-b1-p226	1	7G7/NONMAJOR1T5/1FOO2HADRONIC1/4V2P1A5/4E1ALUNITE2/4R2E1Q1A3/4G6IF2/3WEEKE1ANTLIA/4D1YEOW2O2/5XU5T2/3MOU5Za2/1BLIP6AG2/11TE2/6BRED1IS2/5EYElIDS3 EHINRSV/AILRSTU 394/440 0 -lex CSW24
admission-20260730-b1-p227	1	GEEK11/ANXIOUS4J3/R9GUT2/VIROSE4ICH2/E3A5BOI2/Y3N4U2OP1/4G1QUINTALS1/3BAVIN1F1YITE/4R4L2C1N/4E4AM3F/4E4WO3L/1mANSARD1EH2DO/9DO2AW/13ZE/13ER DEELTT?/AIMOPRT 480/398 0 -lex CSW24
admission-20260730-b1-p228	1	WILD3BA5U/3I2JAY5T/3V1QAT6T/3OW2HM5E/4O2LARRUPER/4r2ET2REX1/2OORIEST1CEP2/C2KYNDS7/O3I5F4/l2INFAUNAE4/O3G5ZO3/GLADS6G3/N10I3/E9OVULE/D10E3 AABENNR/EHIIMST 348/455 0 -lex CSW24
admission-20260730-b1-p229	1	14E/14U/5Y7LO/5U5I1AI/5T1SHOUNEN1/5ZITE2T1D1/7AX2E1D1/3J2QI3R1R1/3A1BIN3V1O1/3RAY4GAGS1/3P2AUREOLA2/2KIDLIT2NEMNS/OHOnE9E/3G5WOWSER/4BRaCTED3F ACMNOPV/AEFIILT 443/344 0 -lex CSW24
admission-20260730-b1-p230	1	RELaTING2AD2M/2E7WEX1E/W1F8LI1N/H1T8P2Y/INOCULA4H2I/R1V3TROG1I1NE/R1E5BIEN1I1/S1R3COOF1I1D1/11ABA1/12IT1/12TE1/11MODE/11OU1N/5JAK3T2V/7OPAQUeLY AAEOSUZ/ADEEGSS 485/308 0 -lex CSW24
admission-20260730-b1-p231	1	2NEUTER6P/1LA11A/GOWD2Q2T4C/L4SIgNORY1IO/A1DICTS2W3N1/ROO6Z3L1/I1BUN4E3A1/E2HAKEEMS3c1/RE2BITTE4E1/1Y3FAAN1AVID1/1E6UPGO3/JILT7XU2/1N13/1G13/15 ADEIMSV/EFHIORR 278/426 0 -lex CSW24
admission-20260730-b1-p232	1	3v11/3E11/2VIS10/2ANE6DOWF/2GUM8O1/3LI4DI1IF1/3ER2EBOOKS2/4OWCHE2INTI/2JEU5YEA1N/2A1N5UR1ZE/A1C1D5PI1OR/P1A8E2T/G1L10QI/ARSENAl6AA/R6LOVEBITE DLMOUXY/GHRSTTT 371/462 0 -lex CSW24
admission-20260730-b1-p233	1	7G7/5ETA3T1D1/5ARE3OYE1/5VID3REV1/5EA3GUE2/6Z3ELT2/6I3nA3/2B1FAND1GIE3/2H1A1E1WAT4/1QI1UR2OWO4/1UN1XI1B2R3Y/1ID2LEUCISMS1A/1TICKLER3MOOP/1S5S6O/7T6N EHILNO?/AFJNOPR 316/449 0 -lex CSW24
admission-20260730-b1-p234	1	5ANYHOO1V2/4BY6I2/4R1FUM3C2/3LAtERAD1TA2/4W3LOSER2/4L3IDEA3/8N1NE3/B3JEEZE1ID3/R2GOTTA2O4/I9R2Q1/N2nOWCASTS2U1/KAGU3U5I1/7DIATREME/7I1XI2S1/7T7 EGHNOPV/EEFILOP 375/439 0 -lex CSW24
admission-20260730-b1-p235	1	3JOSHEd2DIGS/5T7A1/5R7U1/5A7Z1/4QI3DORTY1/4IN3OO4/5E2FURL3/3WORMIEr1AITU/2F3ANN6/2O1EVET6V/2UTE9A/2ER7IBEX/2TA4HANDY1I/3COB1PAW4N/3KEIRIN5G DEELPSS/ACEGLMO 282/458 0 -lex CSW24
admission-20260730-b1-p236	1	7J6D/5Q1UN4MO/5U1TI3BAC/4FIB1C3OI1/4ANYROAD1AZO/8T2GREX/W7I5A/A6UNETH2L/T4VINEW2P1I/T8KAHALS/L2GOITERs1UR2/EPEE2IF3ID2/1OREADES4S2/15/15 ELMNRSV/EEGNOOY 291/447 0 -lex CSW24
admission-20260730-b1-p237	1	1J5K7/1A1T1P1U7/1YOW1OWE7/2MI1OE8/3THEY8/4ED9/4m1ERELONg2/3FARTED5R/4TE6F1E/4OX1BRAINIAC/A2QI7C1T/V2ID6ZA1O/I2N7AI1R/OUTSOLE5N1A/N5DELUGES1L ABGIINP/HMRSSUV 569/378 0 -lex CSW24
admission-20260730-b1-p238	1	WHATA10/1OU12/1Or12/1KI12/2F8A1C1/2I8V1O1/1NEUTRAL2MI1GO/2D4ARROZ1GI/10OE1IN/10L1PET/3DYNEL2V1I2/6RAW1I1Q2/1MY4BODEFUL1/PEAN1JEST1SEE2/ANGoRAS4UT2 BDEHIIS/CEENORT 365/318 0 -lex CSW24
admission-20260730-b1-p239	1	15/15/15/10b4/5SPONDAIC2/10R4/4TEMP2R3E/3HOLME2I2TO/2TIC2J2Q1ZEA/3N3OD1U1EEN/3SUBtRADE2N1/7AB4I1/2OUTFIT2WEXED/1KUTI2E1GAW1RE/HORA1AASVOGEL1N AILORYY/GIILNSV 444/377 0 -lex CSW24
admission-20260730-b1-p240	1	2DAROGA7/1FAD11/POMO1INtENDER2/EEN7I4/ET8T4/BIFTERS3T4/ED4MOLLY4/E2JOWARI1I4/N1COP5N4/1XU7G4/BUT12/W1CH11/A1HE11/Z1ARIA1AUE5/I2Y1SiSTERS3 AILLNOV/EGIKQUV 327/440 0 -lex CSW24
admission-20260730-b1-p241	1	15/5Q9/5I4F4/5N4UP3/X1AIRSTOP1ZE3/EW6OREADES/NA4JAI2V2H/Is1CELOM2BY2A/UH1OD1TAU1A3L/ME1UG5N3L/1R1NY5K3O/1E1T6I3W/1DRIFT4N3E/3E6G3S/COOSINED6T AEGIRV?/ABILORT 327/595 0 -lex CSW24
admission-20260730-b1-p242	1	15/15/2L9T2/QUEAN7R2/U1T9O2/A1T1C4JIAO2/L1E1O4U2Z2/I1ROOMIEST5/APE1E1FEH2B3/1OR1E6R1W1/1R2I5DIXIT/UG1AnTIPODEs1N1/LI2G3WALKED1/NE6NY1E1AS/AS9D1CH BEMOVVY/AFGINRS 432/491 0 -lex CSW24
admission-20260730-b1-p243	1	6OUtEATS2/5JUG1FLIED1/2WHIO6P2/1WOOFER4QI2/10MICA1/9RAN1D1/10Z2E1/6VAMPY2N1/7U4AI1/7R4IN1/1AXEL2E4NED/1ARNOTTOS3E1I/2A4L4E1C/2Y2OBEAH4E/BISK3S6D GINRTTV/EGLORT? 380/431 0 -lex CSW24
admission-20260730-b1-p244	1	7OR2GERE/7PETrONEL/6GIN1U4/6YOD1MM3/6TI2NO3/3IVIED2EL3/8L1ST3/7VACS4/8XU2J1C/9F2E1H/7A1FIAT1E/6BIZONAL1A/5BYDE2HANT/UNWARE1O4G1E/7I1ROWS1R ADIIKOQ/AERSTU? 394/363 0 -lex CSW24
admission-20260730-b1-p245	1	DEALATE3VULNS/6APODE4/5I1UNITION1/3BROGH7/5L9/5I9/5TOUK6/3FREEGAn1S3/ER1E4WAFTINg/NA1N7R3/JUICY6I3/OP1E7M3/YO1D4QEEMA2/ES9E3/R6BOVID3 GHLOSTW/ACIRTXZ 342/421 0 -lex CSW24
admission-20260730-b1-p246	1	C2W3OVEREAT1/HEGEMoNY1Q1FLIT/O1OF5U5/O1AT2OX1I1AJI1/N1DEW2IMPALA2/3DIVOS1SLAG2/4Z5UNAI1/3DEEDEST3OK/4N2N7/4E2T7/4R2I7/7R7/1REUNiTER6/7L7/7Y7 BBCEHOU/AAIIPRS 382/470 0 -lex CSW24
admission-20260730-b1-p247	1	7H3Q3/7A3U1P1/7UNTEaMED/7F3E1r1/11R1S1/11E1OB/5WE6NO/4FIVES4AG/5ZE1T3C1U/8Y3OPE/3AMARELLE1NE1/JOUR3XI1TRILD/I2KIWI1N3NO1/V7G4T1/Y2BOOAIS1OCTAD ADGHLRS/AAIINRT 338/459 0 -lex CSW24
admission-20260730-b1-p248	1	11V3/11R3/10KOS2/F9OUk2/IGNORAMI1ER1A2/T2U5XU1I2/C2T5UN1L2/HO1PLAcARD1BE2/YO1R5E1AD2/3I7N3/1BOZO6D3/JEFE6QI3/6PROTATIC1/1LEDGY4T4/WAME1ANGLIST3 AEEENSW/EHIINSV 400/420 0 -lex CSW24
admission-20260730-b1-p249	1	7N3L3/6QI2BO3/2ZA3V2OUD2/1JACKY1A2UPO2/2SHEERLEGS1UN1/4E4HE1MY1/3AVAL2I3M1/3BEGOT3N2C/7O3I1OR/7r3D1WE/7T3A2S/2RETAXING1T2T/7E3I2A/7R3O2L/7EFFENDIS AINRRTW/DEIIOP? 433/432 0 -lex CSW24
admission-20260730-b1-p250	1	15/15/10V1C2/10AYU1W/6P3LOR1A/6O2MIDI1I/6R1PI1ET1F/6COO2LEST/2N3HEWN2SO1/1BOBAK3U3J1/RAV1HAMLETS1NU1/1RATIFY5O2/2T9X2/1RERIG1DIZEN3/GED1DUNITES4 AAGILO?/AEEENQ? 365/438 0 -lex CSW24
admission-20260730-b1-p251	1	COOPTING5Q1/H2A8TI1/A1OU8U1A/M1TAB6TREZ/M1A1A2L2L1G1O/I1RAW2O1JEDI1T/E1YIN1PO2I1D1E/s2DEFINERS3S/4e1XI1UTA3/4N1YE1EEL3/4SH4REV2/5U5FA2/5C6W2/5K9/15 BEEGNOV/DLNORRS 309/480 0 -lex CSW24
admission-20260730-b1-p252	1	15/4UNEVEN3E1/2PHLOX6N1/4T8D1/3DIG4C2O1/3EMO3FRITZ1/3GOB3AA1IO1/3R3PRATY1AW/3E6U4/C2A1VIBIER4/O2S3A2S4/D1FErTILER1Q3/LEE4I3AUE1/I5UNWoRTHS1/N6G7 ADEKLST/AIJMOOY 310/388 0 -lex CSW24
admission-20260730-b1-p253	1	14O/11O2R/7NONRUN1O/2RIANCY3T1DI/8MATWEeD/7VOX1R1FE/8L2I1I1/3FOVEAE2T3/2GYBE5E3/5TIPPETS3/2W4E7/1BAULKIER5J/2L4N4GHI/2D4GAZANIAS/RESH3E6M DIQSTU?/AACELOU 352/463 0 -lex CSW24
admission-20260730-b1-p254	1	3INDICTED4/7I5H1/7N3POUF/7QUESO1R1/10A2L1/5G3KIF1Y1/5O3OMA3/5JURAL1V3/5I1E1A1E3/7S3R3/4UNMOVED4/7R7/1WHA1BECRAWlS2/GOALIE1I1GEIT2/OX3TINTED1YEZ AEELORT/ABNPST? 399/368 0 -lex CSW24
admission-20260730-b1-p255	1	NAVY1CARNIED3/3O7I3/3D4HELVE2/3EAT5I3/4pI4FE3/1A1KEX3YAD3/1G1UR3JAW4/FUMET1NOOPS4/1I2U3W6/1Z2R3L6/BE1PENGeST5/E1IODOUS3L3/R6TARTINE1/T10M3/H10B3 ACEGILR/AINOOOQ 371/418 0 -lex CSW24
admission-20260730-b1-p256	1	8VELAMEN/12A2/10H1J2/10UPO2/GOONDA4MIR2/1SWEALED1VAC3/6LOBI1C3/U6PERRY3/R7ZEE2F1/IF7OB2r1/NU8A2I1/EN5K1GIRLS1/m6E2T2T1/I3SITTARS2E1/ANIGH2O5D1 EINOUWY/ADEOQTX 353/369 0 -lex CSW24
admission-20260730-b1-p257	1	2N1ABREAST4/1ROILY5V3/2I7KOS2/2N2R3TAXI2/2T1HA3OD1J2/1Ze1OW3QI1O2/NID1O1HM1U5/OP2L2EPEE4/1SCAILED1TUT3/4c5G2V1/4A5EF1E1/FICIN6O1N1/11R1T1/11U1R1/9GAMGEE DEERUWY/AABEILN 368/430 0 -lex CSW24
admission-20260730-b1-p258	1	7L7/3A3E7/3E1TWP7/3G3T7/3I3I7/3R1VINT6/3I4AFT4/3N3SHOOK3/2VEGO2AYRIE2/2I1ABBES2LEX1/1CRONIES1JANN2/2TO7E3/2UMIAQ1DIRDUM1/WEEP8GAL/EF1HAULD5YA CNOTUZ?/DEORRS? 288/389 0 -lex CSW24
admission-20260730-b1-p259	1	7B3T1L1/6FAVE1A1O1/2Q4N1l1U1G1/2UP2ID1L1I1A1/2OE2NY1AJWAN1/2DOB1T2G1I1I1/3NO1E2I3AD/3YOURN1C3SO/4K1M7U/G1S1I1AL6R/O1I1E1TA7/WEXES2T7/L1T4R7/E1H3RITZ5/D6A1ORC3 EEFMNP?/EEEIRSV 376/274 0 -lex CSW24
admission-20260730-b1-p260	1	15/15/15/6CLOG4Z/3ER3HORNITO/2LEAF1VOX4N/4PUKE6D/Y2AERIEST3JA/E2s9I1/OF1P9G1/WAVEY1EDUCATES1/3RUIN8/WHIG11/3E3AMNIOTE1/BLADDINg3ROTO BIIMSSU/AAELQRT 416/503 0 -lex CSW24
admission-20260730-b1-p261	1	J1O3AIGA3P1/OVERAWED3W1R1/Y1S8HOYS/2T8IO1I/2R8N1ZE/2U5FAVE1ON/2A5AB3LI/CALPAS1THAGI2T/5EXO2L2FE/4GRIN1QI2U1/3TIK3UM2N1/9aE2D1/9L3I1/8CENDRE1/15 EEMRSTU/BDNOOT? 322/396 0 -lex CSW24
admission-20260730-b1-p262	1	D2C3H7/RERACK1A1QIN3/O1UG2LAPIDATES/W1REM2FE2V2H/1BA1O3ON4E/1AL1D3NE4E/1B2G1JOYS4T/TA2EUOI1t3NE/R1MIDGE1ZO3AR/I7OR3U1/N7AS3T1/11FLIX/13L1/13I1/15 EIPTTWY/INOSUV? 370/486 0 -lex CSW24
admission-20260730-b1-p263	1	J12BY/I1SACHeMS3POO/M1H8FAX1/PLED7ET2/2L2CURARIZE2/2V9N2/2I9T2/1INDEWED2KNOWE/2G3FOULE1R2/10L3A/10T3V/7QUAIR2O/10E3S/7ARISTATE/1INNERlY6T ADGINOO/ABEEGIU 417/480 0 -lex CSW24
admission-20260730-b1-p264	1	4BROnCHIA2G/4L9Y/2DRINK3JAM1R/4G4GALEAE/4H3MOWA2N/4T2LOU4E/4E2OUTADD2/4DOUX3EINA/2B7YEVEN/1QI2TERSION3/2FLAIR8/2F2ZEP7/2S4ECOnUTS1/15/15 AENPRTV/EIIOSTW 341/393 0 -lex CSW24
admission-20260730-b1-p265	1	TRANSFeR3KOW1/3I3I2JAPE1/3Q3C2AIT2/3A3IS1WE3/3BY2NE1H4/4U2GAVOT3/2H1M3L1LUZ1F/2Y4VITEX2A/2P5O3C1B/2O3MANDORLAS/2I1GOATEE2U2/1ENROOTED3E2/2G9D2/15/15 EEIIIN?/DELRRSU 347/433 0 -lex CSW24
admission-20260730-b1-p266	1	BONK3U4PUY/E1OOH2RATTLINE/I1RAW1QI4RIZ/G2PAVID7/E3NU1y3C3/5M1L1W1O3/6GI1H1N3/6AChIEVERS/6N2FLOX2/5ST2FOY3/5AL3DE3/3JOBED2ED3/5ETA2A4/6ST7/7O7 AEEIIRR/AEGNSTU 495/460 0 -lex CSW24
admission-20260730-b1-p267	1	CODETTAS4E2/HUIA3I2E1P2/7N2X1A2/7F2O1T2/4P2OY1T1A2/4I2NE1I1N2/4Q1BIZ1CUT2/3KUBIE2AN2R/4E1L4d2a/6L4R2G/3WOOF4I2L/6I4V2A/4DESOLATER1N/6H2MONADS/7GRAY1J2 DEEIRRV/EEGMSUW 464/456 0 -lex CSW24
admission-20260730-b1-p268	1	14W/1J2T6QOPH/SUBTONE1KEA1B1O/OD2W1DUI1V1L1R/AY2N5E1O1E/P3L1ENGINING1/E3I5T1G2/D3ET1ILIADS2/3ORE4I4/3S1X4l1M2/3T1T3FEME2/3R1U3A1IO2/3I1A3A1NU2/3C1l5Y3/3H11 AAELRSZ/ACEFORV 414/338 0 -lex CSW24
admission-20260730-b1-p269	1	7E1CURVEY/5QIN1O5/1ZIP3G1W5/BoNAMANO1P5/O6R1A5/O6g1T5/D6EFS5/I3VILDE6/E7G6/3HARNESS5/G1LOX10/A2METIF1LUAU2/DROOL1TABINET2/J4KAWED5/O6NE6 EHIRTUY/ACEIIST 483/383 0 -lex CSW24
admission-20260730-b1-p270	1	11W3/7CoRSAGES/10OI2H/9FIT2I/3NONVITAL3R/9XI1T1T/10E1R1E/VUGS2TOLARJi1D/3U1TODAY2A2/1KIDGIE5ZA1/3DE6HIN1/3EN6ENE1/3NOO5MEL1/3LAB5P1E1/PACY1O9 BFORRUW/AEEIMQS 353/444 0 -lex CSW24
admission-20260730-b1-p271	1	15/11i3/9VROW1T/10EN1DE/10ZO1ID/7NAE1N1PI/6FOY2E2O/3B2EXEATS1GU/3A6U2IS/3V3W2TREF1/2QI3R2EAU2/2IN3EMULSOID/2B1PRAAM1AHI2/2L4T2R4/COALfISH2YOJAN CDEKNRT/EEGILOT 387/441 0 -lex CSW24
admission-20260730-b1-p272	1	6MIME1O3/9WEDELN/11O3/11R3/9D1A2O/8BI1T2R/6T1UVAE2I/5VAUS1u3O/5AX1KAT1L1L/1QI2U3PO1AWE/1INFUSED1AG1TIs/3R2DIOCESES1/2PILCH2EN1EH1/3T6Y1NA1/GRIZ11 BEEFORT/AGJNNRY 399/475 0 -lex CSW24
admission-20260730-b1-p273	1	E12CH/R12L1/UR11E1/VIFDA6B1U1/1PA1V5JONG1/1P1GOX4AG1HM/3AW1BURD1E2E/K1SMEW1DEITY2L/ISO1rISOTTO3T/NOD2ZA3CINQS/ANA3R3ON3/1LI3E8/1IN3E8/1EE12/1R13 EIRTTY?/AAEFILU 312/446 0 -lex CSW24
admission-20260730-b1-p274	1	1QUINOIDS2FEUD/1U4SOILURES1/1O5R3A3/1T4OP3G3/OE4R4m3/V5I4E3/A5E4N3/R3JONG3T3/YE2A1T8/1V2N1A8/1O1TA1L4R3/3ET2Z3A3/3CALCEATED3/3H3D2WIKI1/GABY3S2EXINE FLMMOPW/BHIINR? 442/381 0 -lex CSW24
admission-20260730-b1-p275	1	15/1A13/1HAZAN9/FA1AB6C1V1/A2GU4RELIE1/R3s6E1XU/O3I6V1T1/SO1HOTLY3EW1Q/1P2N7I1U/1I1OS7L1O/FA1U8D1N/AT1T7JERK/ME1B3ONAGER2/ED1I5PETS2/D2DROOLIER4 EEIMNS?/GIINTWY 381/419 0 -lex CSW24
admission-20260730-b1-p276	1	G10E3/o10C3/UP9H3/KYNE7I3/1LEASABLE2N3/1O3GOA2QI3/AR8I4/XU1COVET2N4/EST3WAURST3/2AVOWED3I3/2R1FOR4D3/2D8I3/2I6POEM2/1BLAZED2EERIE1/JAY2FIRTH5 GINNST?/ALMNOTU 354/410 0 -lex CSW24
admission-20260730-b1-p277	1	15/15/11BOP1/7F2BARIC/1M5O1GODET1/1e5R2V4/AT5H2I4/GO4JO1ADVERT/ANY2LOWND4E/PYE4I1ZEL2S/EME4N1EXO2T/2L4G3U2A/2I5QUONK1T/1ENDURES6e/7TWISCARS AEEIINR/AAHIILU 485/389 0 -lex CSW24
admission-20260730-b1-p278	1	15/9B2D2/4V3TOM1I2/3FE2WHOoNGAS/3AE3AKA1I1A/3U4EEN1TEL/3C2Q2R1BARP/3ENOUGHS1ET1I/3T2AJI2WE1N/3R2DUTY1A1EX/3YO6I1U1/2I1L6L1OF/2Z1D6S1IO/1PAREV8I/2R11L GIMOST?/CEENNOR 417/385 0 -lex CSW24
admission-20260730-b1-p279	1	ATHROB5H3/2I8E3/2O8A3/2ID7V3/3ER5FE3/3MU4PA4/1SWANNED1AY3J/3R3INDEX2I/3K5IN3A/10C2ZO/4EMPaRLED1O1/2ACTUATe4B1/8WAITRON/2LEGGIES4S1/REIF1OON7 EGILLVY/EOQSTUU 489/333 0 -lex CSW24
admission-20260730-b1-p280	1	9cAVIAR/9O3S1/1JIG5N3I1/3I5V3N1/3FE4E3I1/4R4N3N1/4OYEZ1O2PE1/4D1hEUREKA1D/2TREF4TIX1O/5Y1EUPAD2L/2TOW2THETE2M/3WELCH3L2A/3ODA1I3SUQS/5BROG3MI1/7N7 AGILNOU/AABCERT 364/401 0 -lex CSW24
admission-20260730-b1-p281	1	5DRAGON4/7tIMARIOT/14R/14i/6J7F/5WOULDA1OIL/6B3YEX1E/7ILEUM2R/2QIS1HOOF4S/3TIKI2TARRY1/4DOCO7/2VIEW1B3C3/1ZA4A3U3/1EVENT1N3P3/3HEADGATES3 EEILNTU/AEEGNPS 383/311 0 -lex CSW24
admission-20260730-b1-p282	1	2D4POUNCE1c/1HERBAGES4AL/2N10XI/QAT4J2T2OF/1DARG2I2O2IT/2L4BYKED1DI/2I3ZEE1NAY1E/2AWAREsT1AMOUR/4NEP1THIN3/1FOGIE4L4/6OVERSMAN1/15/15/15/15 CILORSW/EIOTUUV 341/513 0 -lex CSW24
admission-20260730-b1-p283	1	15/1TAIKO9/R4HONCHOeD2/E7U6/M7T5D/U7T1C2QI/D7L1I2IF/AG5GENNELS1/1R2GOB3E4/1E3FILTERER2/1A8E2Y1/1S5V1JAMBO1/1I4NIVAL2OP/NEXT1ZEE5PI/1R1OWO1W6U AAETUY?/AADINSS 307/344 0 -lex CSW24
admission-20260730-b1-p284	1	2Y9B1H/1HE9APO/1AZO8URE/1J1U1UEY1D1IRID/3TENTORIAL1E1/3R5V1I1V1/3O2WALE1ATE1/3CUBED3COSE/3K3R4N2/3i2FE4L2/3N2AA4E2/3G2ID4T2/6XI4S2/7N1MNA3/4TWIGlOOS3 EGIIMNP/AFLORST 385/477 0 -lex CSW24
admission-20260730-b1-p285	1	7D7/1W3Q1I7/1R2YA1A7/GERMED1C7/AN1AVIATEs5/N3E4HERTZ1/G4OF2A1O1AI/S4BLUNGER2N/ME3LI3UT1OF/EX3AR2KO2WE/nO3S3OIL2S/5T3N1O2T/5I3DEVI2/11E3/7CUSPY3 AEILOTU/DHIJNPR 331/408 0 -lex CSW24
admission-20260730-b1-p286	1	11Q3/W10U3/A10I3/I4E5N2V/L3CULVERTS2E/S4P8N/O4h7LI/MZEE1O1APAID1IN/E2HANuMAN1OFF1/5I2NY1OOT1/4JAB4BE2/2GHI1O4I2W/2RUG1G4EX1I/2AL7SURD/TRYKE9E CDERRST/ADEOOTT 382/454 0 -lex CSW24
admission-20260730-b1-p287	1	11ZATI/9F1I3/9R1N3/3L3V1A1G3/3I3O1POA3/3R3L2UrE2/2SI3T2TAX2/QAT3YIRRS4/2E7AH3/2N6EWE3/2O1JEED1G1R3/2SPOTTING1EH1V/OBE9M1A/NUS5ADWOMAn/OB1FICKLE5E DEIINRU/CDLNOUY 372/416 0 -lex CSW24
admission-20260730-b1-p288	1	6REQUITING/8I6/6WON6/5COY7/5LEE7/5OF8/5NUB1E1C2J/2L2ELEVATOR1O/2AVID1D1U1WOST/2R6X1MAK1/7M2YETI1/1POUF2E1BANED1/3GARISHEs4/1ETHNE1A1Z5/4DI1L7 AIOPRS?/AAGINST 289/448 0 -lex CSW24
admission-20260730-b1-p289	1	MIND3I7/1M3QIN7/1PILEI1H3T3/1R5O1O1R3/1O2DE1l1NYE3/1V1JOWED1YUKS2/4W2EF1C1P2/GITANA1RIZA1O2/4I3BA2S2/4N4XU1h2/3AG7E2/3V8S2/2BAL10/1TONAL9/COOT1ALERTED3 AGHIRSU/EEEFRTU 340/406 0 -lex CSW24
admission-20260730-b1-p290	1	7PiNNACLE/12I2/9J2T2/9O2R2/9UH1O2/9KI1U2/10SOS2/C4B1TUFTY3/A4R1R2R1B2/R3AA1A1QI1O2/T2OWE1IF1OPT2/L2REH1NE2LAG1/O2GEE1EW2ONE1/ADZ2I1E3NYE1/DIAMIDeS3G3 ADESUVV/EIIMNTX 528/414 0 -lex CSW24
admission-20260730-b1-p291	1	7P7/EQUITY1O1V5/WING3GOODIE2/3AL2G1U5/3PANDERLY4/3OB4U5/4R1I8/3VITRO7/4DAK5C2/5X6A2/4MELANITES2/WIENER1BOSONS2/H6R4E2/O4J1I4N2/A2FLATMATE1A2 CITUZ??/EEEFHRS 444/269 0 -lex CSW24
admission-20260730-b1-p292	1	7A6P/4HI1E3T1WO/3JAK1G3R1AW/3ODA1Y1L1I1R1/3HET1OMA1T1L1/3N4EX1O1o1/3N4A2N1R1/2EYLIADS2END1/8U3A2/1SNOUTIER3U2/7FE3P2/7FRIVOL2/2DEBtEES3I2/7T1VOMICA/7E7 CEIIQSU/BGGNORT 411/410 0 -lex CSW24
admission-20260730-b1-p293	1	15/5T9/5HARDNOSE2/5I4NIMB1/5G4ONE1X/5SPRAY3ZE/8MEGARON/4QI1KUTU2LI/3JIFFY6C/3O3EVHOE1G1/1BIVIA3EWW1R1/3I3CATTERy1/3A2LODES1UP1/3L3L4IT1/7E4N2 ADEOOS?/AAENRTU 320/436 0 -lex CSW24
admission-20260730-b1-p294	1	3COONS1ENWALL/3HUH1NAV1E3/TAPU2dETOXING1/1GIRDLED3R3/10ED3/7PRATY3/M5JAI1a4/I4GOWF1E4/L5EA2R4/K8QIS3/I7BIO4/E4BAVINS4/ROSINED8/3FEY9/15 AMOTTUU/ACEEORT 451/365 0 -lex CSW24
admission-20260730-b1-p295	1	INCITERS5MA/2O1OW1Y5OB/2V4m1POKALS/1TE1S2BEEDIE1E/FAN1E1QI1WET2Y/OH2A1IO7/EA2H2T7/T3O1ZEX6/I1GOURA8/DJINN1GUV6/4d2N7/DURRS2GU6/7AM6/7I7/7N7 EEFLLPR/AACILRT 351/411 0 -lex CSW24
admission-20260730-b1-p296	1	3F7PFUI/3R6N1L2/3IS1U3E1A2/3SENT3WOX2/4ZEE3BO3/5U5G3/5R5A3/R4O1ODEUM3/A1J2S1BITTY3/N1AVIATED6/D1N2L1YOGIC3/O1G8R3/MAL8O3/1WE6QIN3/REDEsCENd2KAPH AAEIIRT/EHILSTV 478/333 0 -lex CSW24
admission-20260730-b1-p297	1	R5ANCONE3/E2VILL1OXO4/c5TUTOYED2/C4T2T6/E3EW1QIVIUT2/I3PI1ES6/N3IN1EE6/GLIFT1HM7/4O2A7/1GRAmMES7/3FEE9/2JA1D1O7/1WARRANDS6/1U3K1O7/DZOS1A1R7 AAEGIIN/BBHLRUY 467/321 0 -lex CSW24
admission-20260730-b1-p298	1	1NOCTuLE3AREW/YOU4RANDIER1/2PUTLOG2I4/9DOZY2/10X4/5D3QIN3/3P1A2V1N4/3FITCHETS4/3F1A2HO5/3TAB2MO5/4JA2ELOIGN1/3KIS9/2DISENtAIL4/3E11/OEUVRE9 AAEMRSW/BEGIRTU 391/369 0 -lex CSW24
admission-20260730-b1-p299	1	7C4YAR/6FONTANEL1/7N2BOW2/7G7/7O1CINQ2/5KLUGE5/8REOILED/7OU1EDILE/6VIMS5/3AT4EE2J1/3TI4AX1YO1/3OB4m1HAUF/3PI3ZIRAMs1/4A4E1GUT1/2OVERSTIR2N2 AAEPRSW/DDEHIST 445/369 0 -lex CSW24
admission-20260730-b1-p300	1	1A1XI1BE7/1cOINVEST6/1T4STEADIED1/1U1O4G6/1A1VROU1M6/1TWEEP2EF5/PO1R4NA5/OR1GOGLETs5/IS1A1U2A6/3L1YO8/1MILD1EH7/FITS3E7/ANA4D7/1C4BENJ5/OYEZ3R7 ACKLNUW/HIIIQRR 368/495 0 -lex CSW24
admission-20260730-b1-p301	1	H14/O8D5/L2GOAF2I1V3/KUTI1WuZ1C1I2G/5ANAPHORS1O/MUNIFY3T1A2U/O10N2G/A5DOILED1WE/2CRIVENS2AYE1/11SOX1/EMERITI5N2/Q5OBJURED2/u6E7/A6T7/L6E7 AABELRS/EEINPRT 340/460 0 -lex CSW24
admission-20260730-b1-p302	1	3J2GAK6/GO1U1BAA1QuEUES/1WURLEYS4N1T/3E8W1O/2ILIA6R1T/4MZEE4a1T/2DIPOLAR3P1I/OCA1A2NIDORS1E/4I3FIFE3/4N2GEM1VAX1/4T10/4SHIRTED4/9LANCH1/15/15 DEIORUV/ENNOOTY 450/392 0 -lex CSW24
admission-20260730-b1-p303	1	LATHY10/3E1A9/1IDLING8/3I1T9/3P1I7G1/3O1D1BEBOP1OU/3R1UFO3A1OM/3TONANT2T1RE/2J1WEX4C1i1/1WAMES5H1E1/2R6QAIDS1/C1GI7L3/AZON7YE2/FEN9V2/E1SLINKER3E2 AIRRSTV/DEIOUU? 508/340 0 -lex CSW24
admission-20260730-b1-p304	1	14D/9H4E/9O2A1F/4R2FINDaBLE/BO2U4O2I1R/EW2T4R2E1M/A3T1JaKE2T1E/U2ZYGON1D2I1N/I2O2WEM3CAT/SPRONG7US/H2N9R1/3I6COVEY/3T9O1/3E1ALA5LA/3SIXAIN4EA LPQRSUV/ADEGIIT 354/552 0 -lex CSW24
admission-20260730-b1-p305	1	7CELLING1/12U2/4V7M2/3SO2IVORIER1/3HI7r2/3OP2FAZE1A2/3P2GONADIC2/3BEAUX4Y2/2TO11/1JAy11/1AN3MEASURE2/NITERIES7/2O4TREBLED1/2N6FOID2/GUY8DHAL EEINRTW/AKQSTTW 406/498 0 -lex CSW24
admission-20260730-b1-p306	1	7R7/5LIONLIER2/2QADI1R7/7I7/4J1FE2T4/Z3IDE3Ug3/E3AWE3XI3/AB1COARB3N3/1U1R1U5G3/1N1O1M1F2PE3/1O1O1STOICAL3/1D1V3U2MEH1W/POGEY2L3YA1I/1N5E1VISTOS/1T5D6H AAEGNS?/AEKNRTT 385/354 0 -lex CSW24
admission-20260730-b1-p307	1	15/5J9/1CoEQUATE4T1/3FIB7R1/5I4A2OW/5L3IN2PE/1GENNELS1OO3X/VINY3PINEY1DE/6OAF1S2ID/3HAKU3T2S1/3MEASURER2T1/1VIM5WITCH1/13E1/8GOGO1N1/9RUDDER ALLORT?/AABEIOZ 350/475 0 -lex CSW24
admission-20260730-b1-p308	1	7J2Q4/3T1WRIT1U1W2/B1GO3V2A1O2/R1UG2ZENDIKS2/ORIENTER2N4/I1M7T4/E1PANADA7/R2HOIED7/1EMIR1FOB6/THO2AY8/U1V2G9/FLEY1EA8/O1D2EX8/L5L8/ISATINES7 AELOPSU/ACEIN?? 342/349 0 -lex CSW24
admission-20260730-b1-p309	1	14B/2C11E/2U11T/MINoRING6C/2D4A2s3H/2U4R2P2FA/2M4R1ZILLA1/6GONER1AVO/4Q2T2O2O1/4U2TOPI2U1/4I2EKED2R1/1JADE3AW3IF/2RETOX1YE3TI/3NEB3E3ES/4NAVEWS3ST AIILLNY/ADEGHOO 350/445 0 -lex CSW24
admission-20260730-b1-p310	1	2g12/2O12/2DIE10/2ERR10/2TIK10/2ID1P9/2AI1U9/1C1CUSTOdY3WO/1OP2L3EN1HER/1GI1BE3ZO1AM1/2O1AD4N1B2/VINEW2H3FUGU/2E1TOLERATES2/1TRAYF1A1XI4/QIS4L2NOVAE ADEGINT/AELMNRS 369/427 0 -lex CSW24
admission-20260730-b1-p311	1	3V3V7/3I2DIANTHUS1/3N3R3A3/3OP2G3J3/4I2A7/4TE1T7/4FA1E4O2/1INFAREs3CRON/4L7G2/4L6AA1Q/1BLESSER2DUN1U/Z1OX3H2RAI1I/EWW4Y2O1T1T/NEE4MEIOCYTE/s6E2P3D ABDIMOR/EGILOSU 503/420 0 -lex CSW24
admission-20260730-b1-p312	1	6KIAUGH3/5QI4EFT1/6FEW2BEE1/ANAGENS4REN1/10MAND1/10MI1SH/11S2O/7ULNAE1eT/10I2P1/1J7WO2I1/DOTTY4EL2C1/1L5C1TI2A1/1T2hARIRAS2R1/1E1GOX1A5P1/UREIDE1O7 ILNOORU/BDEOVVZ 364/433 0 -lex CSW24
admission-20260730-b1-p313	1	LEAVIER4F3/1U1E7Y3/1T1R3OYsTRIGE/1R1BA6D3/1O2VESTINGS3/1P2AX9/1I2LO1TONNISH1/1C1WEDGE2ADHAN/5O6OE1/4QI6U2/C3U7T2/R3A6MONK/A3I7U2/MABELAS5T2/P14 EEEFIOR/DIJLNWZ 292/450 0 -lex CSW24
admission-20260730-b1-p314	1	GUILT1BIOTIC2L/4AVI3DAGGA/11RE1Z/5W4HOY1O/4PA4aBA1E/4OK4N1N1D/HAN1WAFT2D2T1/MIEVE1YEX1SPOUT/4R2FILII1M1/1JUREL4E2O1/4D5R2R1/13O1/10ROQUE/13S1/15 AEEINST/ACENNS? 322/395 0 -lex CSW24
admission-20260730-b1-p315	1	R2C3P3PEAN/E2H3LOQUATS1/W1YE2Me7/O1OM1WEX1U5/V1BIVIA2N5/EF1C1ST2I5/1R2N1H2T5/1INJUREr1I5/1G2D1A1AS5/4DOD1RE5/3AYU2I6/3L1K1ZE6/3L3ET6/3O4T6/BANDEROLE6 AEFGGRS/AIINOOT 439/480 0 -lex CSW24
admission-20260730-b1-p316	1	DItTOING6G/E2ERF1L1J3PA/S6EMO3OB/O6NAT1FUMY/l7NADA1E1/A7N6/T1VOL1N1I6/E2WAZIRS6/5EX1H6/3QUAYS7/BRUIN2T7/O6E7/WELD2TRICKISH1/EE5V7/R6E7 AACEIRT/DGILOPU 446/374 0 -lex CSW24
admission-20260730-b1-p317	1	OE13/UN13/1D10Q2/1I1EE6VAV1/1TOWHEE3M1T2/DE3FRANIONS2/R9N4/U2BIDET2ACARI/MOE1OOHINGS2O1/1FLANE4E2J1/3P6s1KIT/3P8U1Y/2ASWAY5T1R/5SUI4I1E/6GOX5D ABCGIZ?/AELLRRT 277/334 0 -lex CSW24
admission-20260730-b1-p318	1	3HYLEGS6/2EE4O6/2Um4N6/2OI4DEBTEE1/2IO4E1A2N1/D2P1W2L1I2Q1/R2I1I2I1Z2U1/A2COPRA2A2IT/G3RE7RE/OK1CAD6VET/NO1AT2B4ISH/1T1UR2U4L2/ROLFINGS4D2/1W2X2T7/7Y7 AEFMMNO/AEJNSV? 381/334 0 -lex CSW24
admission-20260730-b1-p319	1	7E7/7N7/7T7/7A3LUTZ/7S5R1/5W1T4JOT/4CH1I1I1NAGA/3POONCED1U2b/3EVOE1YEAN2O/3TEFF1REM1W1U/4T3I1B1A1L/3OI2PE1LUV1I/2QIn2R2E1E2/1DINGY1E2DISH1/GINK1A1X7 AABDLOS/AEMRRRS 349/453 0 -lex CSW24
admission-20260730-b1-p320	1	6VIZIR4/6A6U1/6R6T1/6D6IT/6I6LO/1TRUDGE6EF/6SMEW2B1T/7OLESTRAS/5OVUM3A2/2PIOY6N2/1HIOI4EOAN2/7PlEDGING/2AREACH4N1Y/1KNEAD1E4gIB/FA5W5OE CEENORX/AJLLSTU 379/354 0 -lex CSW24
admission-20260730-b2-p001	2	3JOLLED6/1BRaW2RAGULED1/3Y11/3G1A9/2TE1VICUNA4/2RE1I9/2I2A1PANTINE1/2DHURNA3FEWS/2A2Y8O/2R11U/1ENOKI1C6B/2SMOOTHIE4I/7I1FIXT1S/7V6E/7E3ZAPS EENOOOQ/ADGMRT? 444/378 0 -lex CSW24
admission-20260730-b2-p002	2	7NEARER1W/5COOMB2E1O/3Q8L1R/3IT5FLECK/4I2VINY1V1D/4m7A1A/4E5G1N1Y/4O2BEWEPT1S/3GURGE1IN4/3AT4ZED3/3IS2N1ITA3/3D3A1E1M3/6UPFRONT2/4EX1O7/3TAUHOU6 ADEIJRS/AHILOS? 345/356 0 -lex CSW24
admission-20260730-b2-p003	2	TRANSMeW3Z3/4TYRE3E3/6AEONIAN2/2RIF2P3L3/3SAUCEPOT4/AGOOD2R1G5/C8E5/U2U2BODED4/M2N2YEA1I4/EH1V6X1G2/NO1e6I1R2/1V1I3KILTIE2/1E1L2JOT3W2/QATS11/15 BDFHINU/AAEILOR 390/354 0 -lex CSW24
admission-20260730-b2-p004	2	9BABACO/1U9U3/1POO2DAUDiNG2/1TEMPTED3G3/1R2R10/1ALLOD9/MI2R9V/In1GECKO6E/L1QI1RIF6N/1WITTY1FAX3JA/1A5AHIS2E1/1I8HERTZ/1V7WYN1OE/1E11NA/14L EEENNST/EIORSSU 427/310 0 -lex CSW24
admission-20260730-b2-p005	2	13C1/9V3A1/9I1F1P1/9NAY1I1/10U2ZA/9JAB2L/9A2FEG/2D3kIBITKA1O/2E6L1OXO1/2T3VUMS3YA/2E1U6D2C/EURONOTES1NINTH/2G1W6N1WE/1DELIRIA5IN/2S1T2HARdEDGE ELOOPRR/EMOQRST 313/473 0 -lex CSW24
admission-20260730-b2-p006	2	7L7/7Y1F1O3/7N1U1L3/4Q2C1E1I3/3CANTHARID3/3AT4O5/3S2UME6/3KIDGE6P/2WE3WAX2ZEA/J1AT4BINDERS/I1BEVVY7T/L1AD10E/G1I11R/IONISE3MEU2N/E4AGOROTH2s EIPRRTU/ALOOOS? 527/366 0 -lex CSW24
admission-20260730-b2-p007	2	15/1REJIG9/3E11/2KEF10/2AREW4C4/1PI1ZA4A4/HON2XU3N1U2/OR2VINO2GAMIC/ATS2L1FOGS1U1E/1YE1BY3W4N/2R1O4I4T/2RET4N4A/2ATT4I4V/2N6A4O/QUOTED1MIDsHIPS BDEEIRS/ADEELO? 312/417 0 -lex CSW24
admission-20260730-b2-p008	2	ZO1Q3REGRATOr/1BEATH1U7/CELT3G2PAW2/R2SO2OREODONT/E1L1X2S1HAO2U/AWA1EM1I6R/SIP1YA1t4JUG/EL1VEALY4A1I/SI1I8M1D/3V8B2/2KIF7U2/2IDE10/2F12/15/15 CDEINNR/EINNNTT 442/370 0 -lex CSW24
admission-20260730-b2-p009	2	PI2J2V3L3/US1QI2O2TO1E1/LO1AN2G2ORYX1/AG1D2GU2NA1AT/SOLIDARE2IN1ME/1N3WADI1T2IN/WE4V3E2NU/OS4YIKEs2EE/R6OO4R1/T7ABBE3/H3TRAMPIER3/15/15/15/15 EEFHSTU/ACCDFLZ 294/440 0 -lex CSW24
admission-20260730-b2-p010	2	15/1V9F3/MaNPOWER3U3/UN1A7L3/G2RITORNELL3/G2I5N1E2B/A2AD4Q1S2I/S2HAIKU1U1T2O/4Y2N1I4T/3ABY1E1R3JA/3ROO1L1E3I1/3CAW1A1S3V1/4T2T2OOZE1/4S1MEAGErER1/7D7 CDEHIIN/DEFIOTX 445/397 0 -lex CSW24
admission-20260730-b2-p011	2	15/15/15/15/T3BaRQUES4/O2GOX4OVUM1/YA7DOUP2/OP1B3TRANGLEs/1TZARINA4I1W/1E1N1FON4N1I/1R1AH5J1K1V/1O1LI5OWE1E/AURIC5LAD1D/1S1T6TA3/3YITIE3CHEF AEEEIRS/DEGILMN 441/444 0 -lex CSW24
admission-20260730-b2-p012	2	JAB12/ALIBIED8/2O2MISGRADE2/7H2NAEVI/4M1DEFRAG3/4U2LO6/C3Z2TO6/U2CHAFES6/T1R1I2R7/EXO1K2Y7/YOWLs10/1AI12/1NE12/1O2PRIVATE4/ENTIA3TENTIGO DELQUUW/ENNORS? 440/428 0 -lex CSW24
admission-20260730-b2-p013	2	W6T1PLANCH/H4V1O4IO1/AVIATIONS3FE1/U4B1D1B2EN1/POXIER1I1R3AA/3FRAY1MATRICS/5TOYON3LI/3WEEKE1D3ED/1SJOE9E/1Q13/1u13/ZIGS11/EL13/1L13/MAUT11 EGORTUU/ADEINR? 379/375 0 -lex CSW24
admission-20260730-b2-p014	2	3BOXED4F1J/3O8OWE/3NA7GEE/3AL8ID/4F2MILTING1/4ATRESIA2H1/4Q5AA3/PREVUE1SHYLY3/2R1I1RIME5/1VAUS4POUT2/2D12/2I12/2A5ZOWIE2/2T4BOK5/dUECENTO7 CINNOR?/AEGLRST 363/558 0 -lex CSW24
admission-20260730-b2-p015	2	3WALES5OO/5IDIOM3NE/8PIROGI1/11U1O1/8VERMINS/7KEF1A1YU/6ZEX5A/3CURET6V/2QI2I1J5E/3B2N1U6/3A4R1DANG1/3T3HOTEL3/2DIASPORE5/3o5FETCH1/3NAWAB7 AEORTY?/DEGILNS 377/334 0 -lex CSW24
admission-20260730-b2-p016	2	5SCALEUP2G/5Q4HEAVY/5U8N/4LI8I/3BERIMING3E/4AE9/4R5NOYAU/3JIVER2AWAIT/4E1FELON4/4s2A1XED2R/4T2R6E/6MO3T2I/6OUTCRoWDS/5ZOS3O2H/5APE3K2I ABDFIOS/ELNNOTT 347/519 0 -lex CSW24
admission-20260730-b2-p017	2	7B7/7E2A4/6GAIETIES1/D6K1WOOF2/I2PUNTER1m4/V6R1TI4/E3DEF2RE4/DO1HINAU1IS4/1UME2Q2L5/1POM2I2L5/1STINGRAYS5/2ZO3V7/2Al3ALEATORY/3I3L7/BUNCO2E7 ACEHJNR/DEGNOTW 411/363 0 -lex CSW24
admission-20260730-b2-p018	2	RHY3ZIG6/1E3JA8/BANDBOX8/1R7W1A3/1T2D4O1N3/1I2I4O1L3/1EL1S4F1A3/1REQUIEM1I1C3/2G1N2O1E1EW2/1PA1I2N1S2A2/CUT1t1VOLTI1I2/AGO1E2p4N2/U1R1DETONATES2/L6D7/K6Y7 AEFOPTU/EEMRRSV 426/449 0 -lex CSW24
admission-20260730-b2-p019	2	7A7/7P7/R6A7/AMAZE2rEREMIND/O1YOLKIER6/U6J7/L3F2O7/I2VROWS3L2Q/A3I5TEX1U/4G3D2N2B/4O3R2D2Y/3ATROPINES2T/6DIF5E/SULCATE1THEAVEs/8SONG3 AEEGINU/BCHINOW 506/327 0 -lex CSW24
admission-20260730-b2-p020	2	12W2/9QUEER1/12E2/5SERIATED2/10I1L2/3LEA1PAVE1I2/5PIA4N2/4JOLL2THEGN/4I1K8/4G10/3NO1V8/1FOOTRaCE2CUZ1/DAUDS1X1MIRI3/OH5ROSEOlA1/N2MUDGE3NAIF AAIOTTW/BBNRSYY 303/467 0 -lex CSW24
admission-20260730-b2-p021	2	3B3G5C1/1STOWABLE3JA1/3G3I3PIE1/3I3M2QINS1/3EM5IN1A1/4I6O1R1/1AYIN6L3/3FANTOD2E3/4R1ODOURS3/3HEW9/3UTA9/2ZEsT9/2O12/1GURDY1HEXoNES1/PUKE1OTARID4 AEEFLTV/AEILNRV 530/316 0 -lex CSW24
admission-20260730-b2-p022	2	15/PRAUNCeD7/5A9/5T5B3/4FA5R3/4ET1B1W1O2V/4DO1L1U1O2O/3PENCILS1M2I/2MIXY1N1STY2d/1ZEA2QI2U3E/1EW1F5R3E/GALEA1ORGANDIES/4V5O4/LUNGER4N4/10SHAKT DEEHORT/EIIIJOT 305/415 0 -lex CSW24
admission-20260730-b2-p023	2	1A12R/1N7X4U/1T7R2E1D/1E6TALAQ1D/1L2B4YA1U1L/1OU1O5E1I1I/1PROOFED2T1P1N/ZEA1B2OHIA1ENG/E1E1I1CWM1R4/2I1N4Fe2J1/4G4OS2O1/9N3U1/7SWELTERS/13N1/7MIGrATOR EEIKTVY/AADHISV 455/474 0 -lex CSW24
admission-20260730-b2-p024	2	11C3/1RAINY5O3/2D8W2C/2ZuFFOLI1HA2O/3REEMITTING1Q/10V1UWU/5NIDATED2I/7OXO1E2N/7TEE1T2A/5JEELY1A3/5O5I3/5U5N3/2VIOLABLE1E3/5E5R3/2MANDIR3SOGS GKPRTU?/AAEHPSS 388/454 0 -lex CSW24
admission-20260730-b2-p025	2	3C11/2ZA11/2AN8D2/3N1O5AE2/2PELVIC3XI2/3L1E5ED2/5RHY1GI1E2/AITU1LeUKOMAS2/3PHAT2OB1T2/4OR3GU4/4ED4EF3/11L2V/3QI6IF1E/WARISON2OORIER/OR3YAMUN2N1B EEGJNT?/AESSTTW 333/406 0 -lex CSW24
admission-20260730-b2-p026	2	3FOGIE1ODDEST/7DIYA2L1/11K1I1/11I1D1/2B8P1I1/2O8P1N1/WOX5ZETA1GU/OU4BEENAHS1N/STRAYVE3L3R/THO6VAUNCE/1EW7Q3I/JAI2CARIOsE2N/aRE12/IS13/L14 EELMMNT/AFGORTU 337/516 0 -lex CSW24
admission-20260730-b2-p027	2	3H2BA2CLANG/3A2EM4IO1/3D2DA1FISTY1/3JO2U1L1U3/3EW2TRANQ3/2WET2I1C1SIX1/2R6K5/2I1V1FIGS5/2EME1EN7/2REN1EH1O5/3OD1TE1V5/3U3A1A5/3I3R1R5/3N1ZESTY5/APOGEE1e7 ABILTU?/DILNOPR 322/320 0 -lex CSW24
admission-20260730-b2-p028	2	15/13W1/2T10I1/2H8V1s1/2U3SHORTAGE1/2J2C5U1G1/2AE1L2C2R1U1/3BRILLO2I1YA/2WO1M2V2EF1G/2AN1B1TEF1NU1i/2KI3ODEA1N1S/2ET3O1EA1N1T/2DE3T4I1E/7L1YIPE1R/7EXODERMS AAIINOZ/ADINORS 362/330 0 -lex CSW24
admission-20260730-b2-p029	2	E2FARCY7/RUELLE3H1W3/U2I5I1E2B/V2XU4DOF2R/4N5UT2O/4I3ENTERON/4T1ZOA1D3c/3JIVEST1O3H/3AS5I3I/1Q1WE5N2PA/1AKAS5g1COL/1TAN9D1/2N10G1/2G10Y1/DISMAL9 BEEIOOT/AEIMPRR 479/360 0 -lex CSW24
admission-20260730-b2-p030	2	15/1PADSAWS1GEL3/7MOORAGES/3C2EAUX3P1/3L6HELIO/3I4TOAD1G1/3Q1V1THEN2OB/3UREDIA4NY/3E1R1TWIN1KIT/3DOBIE1FAVE1E/12N2/11YA2/11OF2/11U3/5TRACtOR3 EIJNNSU/EILRTZ? 336/388 0 -lex CSW24
admission-20260730-b2-p031	2	15/15/2BE11/2OE1W9/2HERE7V1/3WOX2GUY1PI1/4T3AGA1AA1/4GUQIN1MOLLY/4U3KI2ME1/1JO1T4FRIED1/CANISTER2A1T2/L9TAT1F/E9OPE1U/V8COOSIN/E2RASpISH1D2D BDELNNN/AEIIRZ? 400/386 0 -lex CSW24
admission-20260730-b2-p032	2	R14/OS13/LI7TALAQ1/FE9A3/1C9N2Y/1L9G1JO/rE9R1ID/US1KANDY3E1NE/B1DOW6LOX1/I3ENTREZ2N2/FAUVE3HARMS2/I2I7UTU1/E2V8E2/S2O3CRANIATE/9HOOdIE DEIMOPT/ABGIPRT 444/345 0 -lex CSW24
admission-20260730-b2-p033	2	15/6BRAVOES2/2RIFTY8/4LO9/4INVaLIDS3/4NY9/4C10/QUA1HOUF3GRIZ/2BI1WHAE2R1TO/1PATIO1GEOdATA1/4N6M3/4D6A3/LOADOUTS7/4W2INTERNE1/GEEKS1EX7 ADEELNR/CEEIIMP 383/418 0 -lex CSW24
admission-20260730-b2-p034	2	11Z3/11OU2/6R4ON1E/6I4ET1X/6L3CAR1I/5QI3U1EWT/5UN1D1R1N1I/3BOOGIE1A1D1N/5P2FATTY1G/1JONES2AMI4/H1KOW3TIN4/EPATERS3GILLY/L14/E3FUR8/DEfOAMED7 ACEIOSV/AEHRSV? 378/423 0 -lex CSW24
admission-20260730-b2-p035	2	7P3WILY/7R3A3/6QUINTINs1/7H3T3/10OE3/10V2K1/5TIERCET1OP/4JANN2R2AI/3ROM4F3q/1GREWS3HE2MU/4L4ADS1AE/2GUY4L1I1AT/5OD1TOUZE1E/5BO1ANGELED/6FAX6 BEIINSV/ACEIORS 377/481 0 -lex CSW24
admission-20260730-b2-p036	2	3F2UNPINKT2/2LI7I3/H1AL7V3/E1NOD5EA3/l1U1R5Q4/LAG1A4BURB2/OWO1Y2TOEA4/EAS1MZEE2TELOI/SI1PE1FEG1E4/1T1ANY4DICH1/3V1U9/3I1R9/3O1T9/3u11/1WORDAGES6 CEJNNRS/ADIMORX 358/403 0 -lex CSW24
admission-20260730-b2-p037	2	12I2/12G2/10J1N2/3WHOM3E1A2/3OORALI1H1T2/1Q4VODOU1I2/1ANAEMIC4A2/ET4ShRINKS2/T9U4/E9F4/S2C3P2F4/I2R1BARGEsT3/A1IODINE7/N2WAZ1V7/1LEDGE1EXERTION LLPRTUY/ABDEOSU 302/537 0 -lex CSW24
admission-20260730-b2-p038	2	7OBVERT1A/3K1ZANY2Ar1D/2CYMAR4GI1O/3D7UP1B/1VISITE5L1E/3T5JEWIES/4NIFE3AT2/7CHAUFERS/7HM2T2O/1TREILLE3U2L/11R2E/11E2N/14O/13QI/7SPONgOID AENNOWX/ADGIORU 306/468 0 -lex CSW24
admission-20260730-b2-p039	2	2BOOHED3KRAI/1CREWES4YEW1/2U3T5F2/1OVATOR5O2/5PILSENER2/6D2XU1M2/6G5A2/6EUOI2T1Q/3Z3MUN4I/1FRIABLE1GARTHS/1J1N9I1/1E1G9O1/1L1Y9I1/1D13/1SCALPeD7 AEENNTT/AIINOV? 372/443 0 -lex CSW24
admission-20260730-b2-p040	2	14A/4G6V2I/4U5JAWED/3TI4C1U2A/3ELM3ART3/1K1REI3ZEE3/1O1C3BUHL4/PA1E2QI2ADDIO/L2T1FIG1EXO3/A2SNY3HIE3/N3E2N2N4/T3W1POTAGE3/E3B2U7/R6N7/SOVRaNTY7 FMORRS?/AEIILOS 375/394 0 -lex CSW24
admission-20260730-b2-p041	2	1BIFORaTE6/1O9W3/1D3V3D1HI2/PERIGEAN1A1IF2/1M2ORLE1UPO3/1EA2J3BE4/1NY2U2C1E4/UTU2SEALINE3/L7A1G4/T7r1ED3/I7K1DO3/M7I2I2Z/O7AW1T2E/8SALIVAS/9X1T2T AGHNQRR/CENNRSY 395/372 0 -lex CSW24
admission-20260730-b2-p042	2	7R6B/QUaT3A5PI/1PHRASING4LO/3I3K5AN/3FE1OE5IT/3LI1O6C1/3ID1HEW2B1E1/JEUNE2RANDANs1/3G4XU1W3/3S1ZE4D3/4RELOADER3/3REAME3YU2/12V2/12A2/8VIOLENT CIIMOOT/AFGOSST 375/493 0 -lex CSW24
admission-20260730-b2-p043	2	7L6B/7O5PI/2RAINDATE3LA/7VARiATES/7E5N1/13I1/10JUTS1/6NONCOM1T1/7V7/7E2DIDY1/3WASTRiFE4/2GOX2L1I5/1MIKE1ZO1QUOP2/RIFE2EA1H2EAN/6ED1SCUNGY AEEGIRW/BHILRTU 405/440 0 -lex CSW24
admission-20260730-b2-p044	2	3BEGORED3NE/2ZA8YAE/2OR7FEN1/2AI1LAW1ORYXES/3CHAPATI4A/5HOI2C3N/8UNOAKeD/6TUMOUR2A/5TEGU1P1JIB/3QI5L3L/4NOVITIES2E/GIVEN5D4/15/15/15 EIRRST?/EFLMOST 377/339 0 -lex CSW24
admission-20260730-b2-p045	2	2P12/1MU12/1AG12/1T13/1O13/1O3QIS7/1K5POZ5/JEAN2MOIETY2F/1SHUNTED1LEED1I/2ARIA2W1GRINS/4EVITINg1V1C/1FYRDS2L2UN2/REE5D1BLAH1/10RE1OO/7UNTAX1AW AEELOOR/ACEGIT? 356/357 0 -lex CSW24
admission-20260730-b2-p046	2	7F3VIVO/3DRY1A3E3/2TOUGHED1TED2/2INTO2U1URE2/8L1L1B2/4H3C1W1U2/4A3O1A1N2/3PLACES1R1K2/4O2METS4/4G2a1O5/4E2N1M5/2QIN2A1BIZJET/4S2T1I5/1XI4E1N5/DIORAmAS1G5 AEFIOPR/AEILNRY 379/419 0 -lex CSW24
admission-20260730-b2-p047	2	10COVET/3G1YA2JOKOL1/2PRIEDIEUX1G2/3A5R1QUAI/3N5EH1I2/3N5LA1E2/3I3S2F1S2/ABBEY2PUTT1T1F/2AD3I2I3I/2R1C2DARNEDER/2LOU2E2G3T/2OWN2r6H/2WOT2M7/7E7/7N7 ELMNRZ?/AAEIOSS 425/395 0 -lex CSW24
admission-20260730-b2-p048	2	14E/14N/11A2O/11L2W/1R3FROSTBITES/1E9YA2/1Q7S1AW1R/1U5BROTHA1E/1I5I1L2I1D/1N5O1U3JO/1T2TOCCATE2EX/MOPPED1I1I3A1/7DEVILING/1ANONYMA1E3S1/GEEK3L7 DEGUUVZ/AHINRR? 426/395 0 -lex CSW24
admission-20260730-b2-p049	2	14P/5B3PUGGIE/5AZO6R/3KOTOW6I/5COOFs4G/1Q3H3E1R2E/1U3ET1VENOM1A/TA1CURIO1DEMAIN/A4ST2I1N3/m8E1E3/A8R1Y3/R6F3A3/I4DULLIEST2/N6A7/DROWSILY7 EEEILNS/ADHJNVX 409/457 0 -lex CSW24
admission-20260730-b2-p050	2	7Z6L/7I5PE/7N4LIE/1VeNDAGE3KAE1/2EUOI4LEIR1/3GONAD1DITT2/6GIO1B1Y2/7THREW3/6FAM1R1I2/1B3Q4TON2/1A1JEU1W2YON2/PRAO1O1A3H3/1F3TUSSARS3/1E3A1T7/1D5E7 EILMRS?/CEINUVX 245/402 0 -lex CSW24
admission-20260730-b2-p051	2	B14/U8Q5/N1BEATH1JAWED2/GOODIE3I5/Y3DEVILdOM3/6A2SUI3/6U8/6DIF6/6O3G3A/1P3ZOO2R3T/1E2FE1C2A3O/1R2L2H2VOX1N/1INSECURITY3I/1L2G2E6A/6PATINATES EEELMS?/AKRRRTW 392/430 0 -lex CSW24
admission-20260730-b2-p052	2	VOG10C1/1ROQUETED3tI1/2XI3S3OUS1/M2NEE1T2PHAT1/O6E2A1TE1/WRIGGLER2V1UR1/E6I2A1AND/D6FLaNKS1U/7YA1E3B/8IF4B/8CAZH1PO/7LIT3O1/7IT4O1/7MY4J1/7O5A1 EILNNRR/AADEISW 423/384 0 -lex CSW24
admission-20260730-b2-p053	2	7O7/1E5V5F1/1PETROLIC4U1/1H5N3D1J1/1A2ExTENSOR1I1/1H1IWI4WABS1/11G3/2TRULLS3G3/1OE2A4AY3/1BAY1X4Q4/OOZED5U4/2LA3K1MARD2/2ENTRANCES4/7I7/OVEREDIT7 AGINOTU/EIIMNP? 350/398 0 -lex CSW24
admission-20260730-b2-p054	2	DISCOuNT7/4OPAH7/7O7/4INTRIGUE3/2F4O1I5/1JETLAG2OE4/2R7p1E2/2V3NUCLEAR2/2I7N1I2/2D7D1N2/2E7Y1U2/ZERK3QORMAS2/E4PLIM1A1EF1/SWITHE6SO1/T4WAXY4U1 ABEILRV/ABDEGNT 453/409 0 -lex CSW24
admission-20260730-b2-p055	2	10POMMY/6PUBCO4/10k4/10E4/10F4/T9U4/UR2FOAL1ELT3/XI1JARGONY1H3/1N1AA1OGEE1I3/1DWINE3R1N3/OI9K3/BEWAIL1V3E3/ISO3DITHERER1/ATE4N7/S5RACQuETS1 DGNOSUV/ADEILTZ 395/383 0 -lex CSW24
admission-20260730-b2-p056	2	7bREENGEd/5ZOA1FA1A1A/U1POTE1R4I1U/PLED3C2BAJAN/K1WARMTH1QI1I1D/NY5AY3NIE/IO5NE4OR/T2CREWEL5S/8T6/3BALDISH5/2VOX10/3REVUE7/2FED10/15/15 GIILMOS/GINSTTU 394/428 0 -lex CSW24
admission-20260730-b2-p057	2	9A5/9U5/9FA4/10UT3/B9LO3/EX7JAR3/TI3VAV1U4R/C5BONGED2u/H5YEAS4C/AT3ZE5L1H/1WINOES5I1I/MA1OWL1Q4PEN/OI1ROSEATE2PIG/ON5T1FUMED1/R9RENEY AIKLOST/DEGIINR 369/384 0 -lex CSW24
admission-20260730-b2-p058	2	6CURLI1FIZ/9A2ETA/ABY2J3O1AH1I/WOE2I3GAGS1R/AN3g3AWE2E/1NU2G3ION3/1ER2I2Q1R4/ITEM1E1CAUK4/1sI1US2T6/2DENTILS6/2E1P10/3HOVED7/4P10/3DEFT8/4SYEN7 ABOOORT/DLMNOVX 258/399 0 -lex CSW24
admission-20260730-b2-p059	2	AURAL10/B2GAY2V6/j3YOWIE2OF2/U4DISTHENE2/r5TOTAL4/I7E1LUTZ1/N7R4I1/G2ADAPTS4R1/4IWI5QI1/2COPEN6C1/1KIRS8O1/2AGONISED3T1/1JO4OXEN2E1/1U13/1D13 AEEFLNR/AEEHMRV 350/414 0 -lex CSW24
admission-20260730-b2-p060	2	15/15/12O2/12XU1/2ABA4FUJI2/2GONG1ITEM1MYC/5UNDONE4/3C2OO3QAdI/3R2OLEARIA2/2VIVE2AW5/3N1WHEREIN3/2HI3T2TUP2/2IT1RITZ2DEEP/2DE2FLAcKERS1/3S3E7 ADEGOST/ALNORSY 456/320 0 -lex CSW24
admission-20260730-b2-p061	2	AGLOW2H7/1E5A7/1N5U7/QORMa2Y3M1P1/1C2BRUNETTE1E1/1I5E3R1S1/1D6E2I1H1/JEON1GLiNTED1WE/8D2I1AX/8O1KAFS1/3DIVOTS1UNI2/8T1I1N2/8E1A1IF1/8A4OP/7CLARY1BO EEGIILV/ORRSTUZ 488/359 0 -lex CSW24
admission-20260730-b2-p062	2	15/13F1/10VETO1/9JAKEY1/9AXED1C/9V1DI1O/9A2S1N/6QINS1HO1G/3P1GIT3AM1E/1F1ULU3O1ReHS/1O1BIRLE1R1L1IT/1R1I3D1A1E1N1/1MACAW1I1T1DUG1/1EA4L1O2WE1/7E1RAZURe BENOPST/EEINNOT 281/524 0 -lex CSW24
admission-20260730-b2-p063	2	7D7/7O2B1PEG/7V1VITEX1/3D3I2G3W/2EYELINERS3A/3S3G3R1QI/3C7E1U1/3HOTEN1KILLER/3R2HAJI1U1M1/3OP2YOD1M1E1/2FaA6I1DA/2A1OF5N2B/2C1LA5E2O/2I1OW8U/TZAR10T AENNTU?/AINORSS 347/368 0 -lex CSW24
admission-20260730-b2-p064	2	L2FRAILTY5/O2A3AIA5/UM1X11/NA1E11/1U1DO10/1D2V10/1L2ET9/PI1KRENG7/ON2JA6Q2/n3OP6U2/T3YOB2HAVER1/AGNOSTIC4R2/G6H4I2/E2ELM1I3BEZ1/SCOW3DARNEDEr EFIOTUW/EEIINRT 468/398 0 -lex CSW24
admission-20260730-b2-p065	2	13L1/12FAW/12OBE/11GRIT/11NEAt/11UG1I/3L5Q2ORE/WAVIER1PRIEF1ES/EGIS3e2TAVS1/1ANTIDOTE4T1/3E3A5U1/2AR3L2BOND1/2DI2MOUJIK1YO/2ZA3UPON3X/2E4S6Y EEHHLNO/ACCDIRT 339/423 0 -lex CSW24
admission-20260730-b2-p066	2	7E6F/1A3I1NOY3BA/1ZIP1J1U1EMOVED/1U1ENTIRETY2AE/1r3I1N4LUR/QIS2H5COX1/INT1LAIK3EW2/NE1GADDI3IT2/1SCOWS5L3/11i3/11N3/11G3/5UPTEARS3/1FOREGO8/15 AADEEMV/AHLOORT 355/433 0 -lex CSW24
admission-20260730-b2-p067	2	7OUBIT2M/9A4A/9N2Q1M/3XU4D1FUTZ/3IN4E2A1E/4L4R4r/A3I2PrOJECTS/D3VIBE1L1N3/D3E1I4G3/IF3YO3NA3/OO3OW3AG3/1CHINWAG2TE3/1A4S4R3/1L4T2HOSEL1/3PRIERS6 EEORRUV/AEIKNTY 407/394 0 -lex CSW24
admission-20260730-b2-p068	2	A6F7/VUGG3RAJ4B/E1OUVRIER3T1E/7N4e1T/2CADENZAS2L1O/3TIX1I1HUIA1I/7e4M1L/3BOUNDS3ORS/2QI4T3NO1/3D1POWRE3M1/2IDEA2I4N1/3E4G4EH/3N4I4YO/8L4AW/14F AAELPRT/CEEKOST 553/327 0 -lex CSW24
admission-20260730-b2-p069	2	11E3/11M3/2J2AUGUR1O3/1PIRAI3OFT3/2N1I4TOE3/4R4UG4/4l4LI4/1FEMINAL1AE4/2WINO1EWE5/1REGEX1NO6/4R2TE6/KAPHS2OSTRACON/V5QI2ELHI1/A5ID1OCTAL1/S6S7 BDTUVY?/ABDEENZ 482/325 0 -lex CSW24
admission-20260730-b2-p070	2	7O7/7V7/2CLOTBUR1P4/7MEWS4/8MET4/8OX2G1H/8AE2N1E/2CHIRREN2JO1N/3U4E2OW1B/1F1I4R2Y1QI/1L1P4STEEKIT/1A1I7DO2/1RULERING3G2/1Y6OFfhAND/6AIDA1OLEA DEEISTT/AAINSUZ 492/380 0 -lex CSW24
admission-20260730-b2-p071	2	W6D1I2VIA/EF5JUMARING/BA1T3I1P1ON2/1S1A3N1u1OE2/1HuRTERS1T1K3/3NOX3E1E1U1/3A2GIED1R1M1/3T1WOOD1LYRIC/3I1I7A1/3OUZO1PYA2Q1/3N3LEANERS1/8CHAT3/15/15/15 BEEILLV/DEFGOSU 451/398 0 -lex CSW24
admission-20260730-b2-p072	2	9GANOFS/9O3U1/9U3J1/9R1E1I1/1EE5FAWNY2/1XANTHATES1D3/4R6OP2/3CONCUR2WEMB/4V7DE1/1HAZEL6AD1/3ERE6LI1/2MI1U7A1/2IN2POI4T1/2G2QIN5O1/1EGOTISE3VARY DIKLST?/ABEILR? 403/307 0 -lex CSW24
admission-20260730-b2-p073	2	5ARENE1W2W/4C4FLITCH/3TARGeTS1N2A/2QIN6D2U/4U3AIRSTOP/4L8B1/4A7DI1/GLEETY1OMOV1A1K/4E4U1EH1A/9ZOA2N/9EF3J/9L1G2U/7DISPREDs/7I3E3/7V2OXTER AEIIORS/BEINNOY 351/441 0 -lex CSW24
admission-20260730-b2-p074	2	3QUEME7/3u11/2VOLVE4M3/3T7I3/3ED1HALFAS3/4APOD1AID3/5OWO3IT2/3HOGEN3ER2/5O1I3TI2/5N1S4AX1/4BIDE4BIG/C3EAUS3AL1I/UPRUN1I4WE1G/R3JA5O2O/F4YEZ3L2T EEKRSTY/ACNNRR? 403/356 0 -lex CSW24
admission-20260730-b2-p075	2	15/15/15/15/4V3P6/1GLAIK1JANN2L1/4T1QIN2T1E1/O2MERiNGS1WHIO/B3X6I1S1/L1RHEUMIER1N1U1/A3S2O2BE1R1/T2T3D2AD1E1/O1ArTIFICER2S1/R2Y3Z2D4/YAUPON1E2OVULE ACDIOTW/AAEEFIO 395/415 0 -lex CSW24
admission-20260730-b2-p076	2	LIMY3W7/2O4A1I3O1/2ZA2AD1R3U1/3U2LI1R3T1/3EF1B1TUFTED1/4L1A2P1E1I1/M3A1C2T1N1D1/O1NONPOOrS1E3/X3E1R4B3/AW2UKE4R3/1IT1RE5I3/1SARSDEN3O3/1EN12/2G2QI8/2YEVING7 ACEGHJO/EHLSTV? 462/337 0 -lex CSW24
admission-20260730-b2-p077	2	INTERNED1EMBLEM/7A3I3/7W1G1P3/3QAT1E1L1O3/4bIRDCALL3/9B1A3/5O3R1R3/5U1KRAY2TE/5PAY1T3AX/5H3E3NO/4FE7N1/F3U8E1/U3C1ASTOUNdS1/JAGGIER6T1/I5DHOW5 DEIIIIS/OOOSVVZ 350/422 0 -lex CSW24
admission-20260730-b2-p078	2	8L5t/8OZONATE/8U5R/9B1T2P/9OMA2E/9WEB1EN/10V2AE/3Q2CONFIDeS1/2JUT5N2I1/G2I2ALMSGIVER/ALIENER6S1/W2T4FLIGHTS/PA6AIDOI1C/EH11XU/DA11UR ADNORRY/EEIKOOT 471/355 0 -lex CSW24
admission-20260730-b2-p079	2	3SWABbED4O/5G2MALEFIC/3B1R4IRE1C/3UME3INK2Y/3DAG2UFO4/3ONE9/4G2THORITE1/4OOZE7/4N1AXE6/4EH2AVA4/4lI9/2POSTEEN1JAP1V/1QIN4URALITE/14I/14N ADDORSU/LLSTTWY 516/380 0 -lex CSW24
admission-20260730-b2-p080	2	VULN3F5B1/1T5IT4E1/1ET3ZOOGLEAE1/BROD2ARM2WASE/AIN1D2I7/J1EPITONIC5/R1Y1L10/E3LARNT6/EM1NIXY8/1A4ED7/1e5U7/UNIQUE1C7/1A5A7/1D5T7/ISOGRIVS7 EGHOPRW/AEHKOO? 374/311 0 -lex CSW24
admission-20260730-b2-p081	2	7L5OU/7A1MATAI1/7BOOGIE2/7r7/7U1TA4/3FEH1S1AW2D1/4R2C1NE2I1/3FORZA1NEP1R1/4D4E1OPT1/3VERVENS1TAY1/4N4T1AE2/JIGOTS5GO2/U4U5EN2/R4I5SI2/Y1LOAtHED3C2 DEEIINR/BKLMQWX 307/456 0 -lex CSW24
admission-20260730-b2-p082	2	4QUIPOS1KBAR/9H2U1E/9AWED1P/10HOO1L/9LOC1AY/9UTE1XI/9T1N1EN/7ULZIE2G/10N1V2/3VIM4T1OF1/4FANG2I1TA1/3C2AErIfIES1/2ROSETTE1A1D2/3N6D4/3D3GLEAMY2 ABEIORS/EJNORRW 426/363 0 -lex CSW24
admission-20260730-b2-p083	2	7T2F4/5QuEERITY2/6PRE1COOM1/1MONOLOG1BAGUIO/7A2I3N/3B4PENT1AW/3L3ARES2HA/KIWI1CAJON3ER/3N2HAD2V1AD/3T1FIR3OUDS/1ULZIES4G3/3E7U3/11E3/11Y3/15 DIINSTX/AELRTV? 324/321 0 -lex CSW24
admission-20260730-b2-p084	2	7T3CAUF/7O4G2/2O4K4R2/2GU2lECTURED1/2EN1V1NA3M2/2EW1O2U3E2/2DI1R2T3N2/1c1VITTAE1POSEY/1OBE1E2R1W4/1ZO2X1FY1N4/2L4R2I4/JOLL3E2N4/A6M2G4/R4QADI6/P1AALIIS7 AHHISST/AEEIINO 394/323 0 -lex CSW24
admission-20260730-b2-p085	2	11Q2F/2F2L5A1JA/2U1PiG4IZAR/2CLOVE4DE1C/2O1METAYERS1BI/AHI2T1TAX3ON/RED2R2WOODeNS/GISM1AWA5U1/UN3P1IONONES1/TI6KYBO3/EE8ERUV1/15/15/15/15 EHIILRT/ADEEGIL 457/378 0 -lex CSW24
admission-20260730-b2-p086	2	6WAIRED3/CATLIKE4Y3/E6HOWZAT2/R6O2ID3/U6N2L4/M6D1JAP3/E1B4L1O1IT2/N1E2STIVY1AR2/s1B2U1N2P1u2/2E2Q1G2O1D2/2EFFS4O1G2/VIRE6HAE2/2U8IN2/5EXTRAITS2/11U3 CGILORS/AEMNNOO 448/351 0 -lex CSW24
admission-20260730-b2-p087	2	10ROB1W/9A1PACE/8JURAL1I/7U1GEL2Z/7T1IT3E/5KYU1TE1COD/5EA2EM1I2/G4THEWS2N2/A3FE2I3Q2/D3A3S1D4/F3V3H1U4/LIAISOn1BARM3/Y6NO1E4/1INVOIcINGS4/7PE6 NORRTTX/DEELNOR 450/323 0 -lex CSW24
admission-20260730-b2-p088	2	H4MARTAgON2/I3C3AW5/POZ1A3IF5/P1AERIAlLY5/YUG1B3E6/4EX2R6/N2OE3O6/E2IN1QIN6/W1M3IO7/TREASONS7/2T1HOS8/2I12/2C1VUG8/1SALUTED7/TIL1GENERAL4 BDFKOUV/DEEIJRT 476/393 0 -lex CSW24
admission-20260730-b2-p089	2	14N/14U/14L/F10JAIL/R9MORNS/O5COURIE3/T2V5E1YAK1/HEBE1AVOWs1SNOG/I2R3DITA1EAU/N2T4ZAX2PE/G2I5TE4/3C3RUEDA3/1AGENiSE1D5/YWIS1FOB7/OLE12 AIMNOQT/DEHILRT 429/345 0 -lex CSW24
admission-20260730-b2-p090	2	7H7/7A3B3/7U3IT2/7L3OO1R/4cHEMITyPE1O/11LAWN/3V7A1ID/J2E3ANNOY1LO/O2N6X1BI1/CASEATES1EF1E2/K2E5TO1R2/Y2R5UR1C2/3E5ID1EF1/3REMUDAS2AE1/6TAW2VUGG IIILNOZ/DGIPQST 385/418 0 -lex CSW24
admission-20260730-b2-p091	2	E14/M14/E8S5/R5REVALUE2/GU7L5/1P2CHAUFING3/1B1O5N5/1RIVuLET1A5/TA1E2FONT5/OY1R5E1E3/N2SO5IXIA1/G2IN6O3/MO1ZE4QATS2/EW1E3TRIlITH1/NE1DAIKO3C3 DDIJLRU/ABDOSWY 328/457 0 -lex CSW24
admission-20260730-b2-p092	2	15/3Z11/3O8P2/3I2FOREVERS1/1lOCOMAN4U2/12T2/12A2/6GANG1EH2/8YUNX3/7RETAiLS1/4JETE2ILIA1/3FAW1BUTLING1/2DAK1QI3C3/1BOA1DIDIE2TYE/4WONS1HOMIER DELNORT/AEEIRSU 350/363 0 -lex CSW24
admission-20260730-b2-p093	2	15/5BUY5I1/2DOJO1ANTHOID1/3FAINT1WOX1I1/4C2EUOI2OR/4K8tA/4E1BEEP3IF/2CAROUSER3ST/2L1SETtLER2M1/2I6PEDI2/2N7ZING1/2G8V1EN/2E8E1LA/2R8R1DA/11T2M AEGHLNY/AAOQSUV 455/341 0 -lex CSW24
admission-20260730-b2-p094	2	15/15/2HOMIE8/TOOK6O4/A3A5V4/X3S5E4/IS2T1CAZ1R4/TE1CUBANE1T4/ER2N1MADWORTS1/1F2NY4I2E1/1H2EE4l2G1/WOULD2FAB3G1/1O5EGYPTIAN/1D11R1/1sILURID3JASP AEEIIRU/EILNNQV 497/468 0 -lex CSW24
admission-20260730-b2-p095	2	5I9/5Z3JOG3/2U1TA2PODESTA/1INTERTIE2N2U/2M1F3AWEE1AB/1QI1F6V1UR/2XU2PIE2A1AI/2THEREON5E/14t/7D5KA/7O2GYAN1/7SCHIEDAm/7I3WORM/7N5L1/7G3DOYS BCEINSV/ELLORRT 433/421 0 -lex CSW24
admission-20260730-b2-p096	2	15/2N12/2IF1L9/2XI1O9/FAINER9/1ZEK1D3G1H1C1/JO4YOUR1E1L1/U2HILAR1i1MEOU/R1QAT1PEAT1A1W1/ONIE5T1T1NO/R1B6E1I2C/2L2AVOiDING1T/2A4V3E2O/2SNEB1U6P/7M6I AADETWY/EEIRSSS 380/339 0 -lex CSW24
admission-20260730-b2-p097	2	3JERKS7/1V1E11/GANT11/1U1O11/1CINQ5I4/1H2IODISING3/F9L4/E1I4OGHAM3/E1M3PIU1YA3/NEBULAE2WEN3/1AILED3ORT3/FUZED4A1Y3/2O6D5/TASkBAR8/5TESTRIL3 AOOVWX?/CENOPRR 334/443 0 -lex CSW24
admission-20260730-b2-p098	2	15/1J7VIRID1/1I2ANNOY1N4/1R5WAMeD3/1GuMLIKE2A4/DA8R4/R5HA2T4/O4QIN1CHEGOE/V3P2EXO2L2/EF2L4P2I2/DE2ACINOSE1N2/1T2T2UEY2T2/1W1UTU6I2/1A10E2/7LABOUR2 BEIRSST/EEFGOOZ 311/406 0 -lex CSW24
admission-20260730-b2-p099	2	AB6FONE3/MAC6PUTID1/OHO1INTENTS1R2/V1N9O2/E1E6Op1NOW/DISEDGE2XU1EWE/6MIZ1P1R1E/7TALAQS1N/10R4/9KI4/7D1YA4/1H4LIGULAR2/1AVIATIC7/1O5T7/7Y7 AEEEJU?/BFGIORR 380/445 0 -lex CSW24
admission-20260730-b2-p100	2	4N2W7/2SCAUPINg5/4R2T1R5/4G2H1Y5/4I4FY4/4L4OO4/4E4NU2M1/CAVAS1JOGS3IT/6AE5NA/4FOB6IT/3REO2ILKA1AH/3O1REDTAIL1T1/3O2XI5E1/1QIN4MEOWED1/3SUBEDIt5 EEELPTV/ADENRRU 355/434 0 -lex CSW24
admission-20260730-b2-p101	2	7R3BONY/7E3O3/7L3NY2/7EA2DO1J/7gU3U1A/7AA3N1I/4R2T4G1L/3FERREL1C1E1E/4C3AROUSED/4OH4W1T2/3ODA1B2P4/3KID1U2LIMAX/2GANEVS2O4/1QI1G2T2P4/WIFE3I2SEAME IORSTV?/EINNTTZ 343/431 0 -lex CSW24
admission-20260730-b2-p102	2	FLOC3K1MAVIES/2AHOY1U1E5/2REfUELED2T2/3F3A1I2R2/1JUST3RETTED1/4R4V2Z2/4OB1Q1A5/4MI1UNLID3/4PO1O7/4IT1I7/4NA1N2G4/4G2I2A4/7N2WHAE1/7G3OWLY/7sOREX1DA AEINNRS/BCEIPST 367/433 0 -lex CSW24
admission-20260730-b2-p103	2	7ANNO4/3J1FADEOUT3/2PODEX8/3W3S7/2FLEMIT2R4/3SWY1O2E4/7V2O4/1s2EPHA2B4/1UVULA1I2T4/1QI3UNITARDS1/2G1CIRE2I4/1LITHOES2N4/2A5EAsTING/4BROODY5/15 ACEIMNZ/AEEGKLR 405/430 0 -lex CSW24
admission-20260730-b2-p104	2	12COX/9GONOF1/12U2/12R1J/10LIB1U/9DO3M/8MOBY2p/7AIYEE2E/6ADZ2V1UR/3N5T1ETHS/1KIEF1ACEROSE2/GADWaLL2A2NA1/1VET5N2TI1/1A7Q2HAP/ELIDE2NISEI2A EOOPRTW/GINRRTU 454/360 0 -lex CSW24
admission-20260730-b2-p105	2	13QI/12DA1/12oD1/6ENOL2LI1/8BAGIE2/7FIZ2ROM/6XU1OI1IVY/5BURP3TEC/3OW2REENTERS/3HA2SAD1U1E1/3IN6K1D1/3AT6T2P/4YEH3JUGAL/5MESETAS2O/4RORIE5W ACGNNOT/AEFLNV? 372/389 0 -lex CSW24
admission-20260730-b2-p106	2	3CHAFT7/1ZA2BRITT5/1OW3E8/1RE3M4S3/QI4I4I3/ALONE1T1V2L3/P1HOG1U1e2I3/I2MORSELS1C3/K7U2A3/6BARYEs3/4IVORIED4/JAPED1DYNAST3/A7G6/REUNION8/L14 EEEFGNO/ADENOUX 356/415 0 -lex CSW24
admission-20260730-b2-p107	2	LOVAT2F7/3l3O7/2AVIDIN7/3E3E7/L2A11/I2R1WOOSE5/G1DYE2BEAU1QI1/H1U1p1NOX1TRAWL/T1C1I7TI1/SKI1C1PHONERS2/1I2OGAM7/1N2T10/1D2Y2BUNJIE2/1A1ELPEE7/7Z7 EMNRRSU/AADEFOR 272/393 0 -lex CSW24
admission-20260730-b2-p108	2	11JIVY/11I3/11A1G1/4E5iO1R1/1C2A5N2AB/1O2L5C2PO/1M1FE4TUFTED/1P1L2UNWARY2I/WAHINES3R3K/OD1TAX3ZE3I/OR1E5AD2EN/DEVS5G3US/B1U10O1/I1M10I1/N1SLAnGER6 AEEIOOR/EHINTTT 386/462 0 -lex CSW24
admission-20260730-b2-p109	2	7M3P1BY/6MO1JARVIE/6AD1U1E3/6WE1T1V3/6KNUT1E3/7ANY5/8W5C/T6LOTAH2R/A7NO4E/R4BE2X4C/I3QI3OI3H/F2PINDARIS3E/FALL5DIZENS/3AqUARIST4/LOOT11 DEEEGR?/GINOOSU 398/358 0 -lex CSW24
admission-20260730-b2-p110	2	7W6F/7Y1VAW2U/7T2NERTZ/6LENTEN2I/9R4L/8JA3OS/2A5ID3A1/1OU3QIN2HYTE/1OD4OXO3M1/1PI2C3KIEVE1/2T1bEGORED2A1/BIOGEN7LA/2R2T8R/5U8C/3DUMAIStS3H BEIILOR/EEFGNPS 302/404 0 -lex CSW24
admission-20260730-b2-p111	2	P6G7/R2T3O1FOE3/I1ERASABLE5/Z2AW2O3V3/eD1INN4GI3/1J1NYE2F1AG3/1EME1U2Y1L4/1BAE1T1TRILD3/1EXSERTED1I4/1L3A4P4/5l4O4/5S1QUATCH2/6VINTS1O2/12C2/10INKER DEIINOU/AHMORUW 464/361 0 -lex CSW24
admission-20260730-b2-p112	2	K14/E8JEEPS1/VROT8O2/I2ADVEW1TABUED/L2BA1SOLANINE1/8AXE1C2/3L1GHEE3E2/3I2MARTYRs2/3O5O5/3N1Z3Q5/3I1AG2U5/3SPRINGED4/3E1IF2T5/3D2T2STOLN1/10AIA2 CHIMRUW/FINORU? 405/336 0 -lex CSW24
admission-20260730-b2-p113	2	4OLINGOs4/1HALFA3FIBRO1/10GREWS/2BOWAT4I2C/4EtAMINES2L/3V2S4T2A/2QI2K1E2O2T/2UMPTEEN2L2E/2R3R1JAY3D/2S5OXO4/2H4DI1U4/7IN6/3ECTOGENY4/7ID6/7T7 AEENPRU/ADEIRUZ 383/504 0 -lex CSW24
admission-20260730-b2-p114	2	2T3BIGHAS3/1JAM7C3/1AVOW6I3/1N1ZIT5E3/FE2PO5N3/O3EW5C3/U4E1TINDERY1/T1OVERHoT2D2R/R4I8E/E4E1FENLANDS/D2QORMA5UT/1AGIO1UPBORE1KY/13A1/13S1/15 AEGILLS/ILNOUX? 426/438 0 -lex CSW24
admission-20260730-b2-p115	2	7C7/7A3B3/7N2DOWNY/7D3R3/6NOUNAL3/1CUBIFORM2o3/5I5T3/3JALOPY2T3/4AIDOI2I3/5I2R1V2Q1/7OK1E2A1/7G1EXEATS/6VETTERS1L/HUGE3E1US2OE/AnIMATED1I3OW EEEHNSZ/AGILNPR 305/365 0 -lex CSW24
admission-20260730-b2-p116	2	RUCKSEAT2G4/I4FE2QI2A1/D3V3BIRDER1/GERMAINE2N2G1/Y2AW5E2O1/1W1N1JOLE1L2N1/EH1I3OYES2A1/XI1FONdUED3UN/1PHO9TO/1TORIC8B/2Om10L/2D11E/2S11S/14T/15 AILRTUV/AAAEIPT 433/490 0 -lex CSW24
admission-20260730-b2-p117	2	CLEM2L8/1EM2ZO8/1AB1WEY8/1KOPHS3W5/2GOAT3UP4/3O5DI4/2THANX3E4/5oILBIRDS1F/7A2C1A1E/5FOVEAE1L1Y/7A1ERUV1E/3UN2T3ROID/1RIGAUDON3R2/7R1QINS2/7y7 AEIJNOT/EEIINST 464/348 0 -lex CSW24
admission-20260730-b2-p118	2	7T7/1V1B3H7/1O1O3R7/1E1X1TRACeUR3/1M1THE1V7/DA1YAW1E7/E1F1I3B6/N1AERADIO1N4/T1Q1P3N1E4/AMI1I1P1NOW4/LUR1N1A1IDE4/1G4IDEAL4/6KOSS5/1JAI3UT6/cORSELET7 EEFOOSU/CGIILNY 282/442 0 -lex CSW24
admission-20260730-b2-p119	2	D1DOMATIA1Q1p2/ES2OPEN1CULLET/INVITE4A1U2/DO8N1M2/1OY7N1O2/APER1J1DAZERS2/W1XI1O1OW1T1E2/A2FAUGH7/IN1FER9/TI1AR10/1T1GI10/1R1EE10/KEBS11/Y14/U14 BEGHLRV/ACILNS? 409/273 0 -lex CSW24
admission-20260730-b2-p120	2	15/15/15/15/15/3CIG7B1/4OUPA1V3EF/FEME3PLACKs1U/1TAMABLE1XI1U1R/2NEREID2N1G1R/TOISONs3Q1A1O/10SHROW/VATU8E2/1GYNNIES1ZONDA1/JOE3RILEY2HE DDIIIOT/AELRTTW 435/376 0 -lex CSW24
admission-20260730-b2-p121	2	7PI6/1FOH1BEING5/2PUNA1XI6/1WAGER1EA5J/7L2C1AZO/5B1ARROWIER/5R1T2FETED/3GLUTEI1T3A/3A1V1DO3QIN/3IO4VENIN1/2HEY5DOS2/2IT1OULDESt3/2MY11/15/15 EKLMNSS/AACERT? 357/368 0 -lex CSW24
admission-20260730-b2-p122	2	7C3Z3/7A3ED2/FLOB3L3ER2/O1PIEDMONT1SOMA/V6R4NUG/E6I4EXO/A4FISC3R1N/E2R3TAROKS1E/2GEODEsY2I3/3D7W3/3a6AI3/3T5WUS3/2JILT3AA4/1TON5V5/3G3ULYIE3 AAEHNRT/EHINPQU 373/438 0 -lex CSW24
admission-20260730-b2-p123	2	6NIKAUS3/10ROQUE/11C3/10JA3/4V5E1L2/4IFFY2W1I2/2OYE4GI1T2/3AWATO1LEGEND/4I1EUOI2R2/4E4B2AD1/1BAPS2P4TOR/2HOTELIEr1DONA/1VIM3N3I1OX/7T3T1RE/7A3Z2S DEGHMSU/ACELRR? 311/336 0 -lex CSW24
admission-20260730-b2-p124	2	7L7/5Q1E7/2BOVINITy5/2EH3P7/7O2UTUS1/7AL2I1E1/8OD1D1R1/7IVORY1MA/2W5IT2SOX/2A4REH2ANE/2GUDDLE4OS1/2E4P4L2/2R3WET3A2/3mAJORING4/BANYA1EKE1INCUT EEFFMRZ/AGINOST 347/347 0 -lex CSW24
admission-20260730-b2-p125	2	7STROWING/7T7/7R7/7O1BLOKEY/7A4L2/7m4U2/1A4FEW3T2/1T1EUPAD4ZAX/1MANTID1GON1I2/1O2EPODIC2EF1/1L5I1HEARE1/1y5V3G3/1S4QI2HUB2/1E4IN1JETES1/7E2NIDOR ACIRRUY/AELMOSV 406/413 0 -lex CSW24
admission-20260730-b2-p126	2	15/6GAINLIER1/12FON/3R9R1/3Uh3TOC2I1/3BEZ2OBA1ME1/4A2TWELVE2/1CIRRATE4I1T/4K7O1i/2GAE5R1N1M/2YIN5H1I1P/2VAS2ENDOSTEA/2E2QUEY3E1N/UPDO9JA/13OS AFLOSUX/DDGHIIT 416/423 0 -lex CSW24
admission-20260730-b2-p127	2	7M6E/R2QI2A4JOL/AGOING1R1V1ZOUK/D3T2S1OBEYS1/I2NEOPHILE2EW/O3R2Y1T3LA/I2HIED2A4V/N2MONIC5AE/G3R2a5b1/4S2N5U1/7F5T1/7I5T1/7E5E1/1SWAPFILE4D1/7D7 ACENTUX/AABERRT 429/408 0 -lex CSW24
admission-20260730-b2-p128	2	FORPINES7/AB5HEX5/WEY2BEANIEST2/3M3M2AIOLI/1DRAG2I7/3C3S1DUD3/3c2PETITION1/3HIZEN3VOAR/2KITER8/3A1LECTERN3/3t11/2JOURNALS5/7Q7/7U7/7A7 EFLOTUV/ADEGOOY 376/549 0 -lex CSW24
admission-20260730-b2-p129	2	14C/2F5F4ZO/2I5L4OU/2N5E5P/B1I4JADERIES/E1T5W4N1/l1U3POO1S2T1/A1D3AIRBAG1EL/CLEARER1T1V2RE/I2DEX2S1V2iD/N3HOE3EM1N1/G9YA1G1/11T3/9QUAKY1/6WILI1I3 AHIOSTU/AEMNNOR 454/402 0 -lex CSW24
admission-20260730-b2-p130	2	7SUETY3/1DEfUNCTS6/WOF3OO7/H5OP2W4/O5EE2E4/L4PED1QI4/I3DE3ID4/S2BARNETS5/M3FAUX4V2/4TE1T4I2/3BAA1E4K2/2VAR2R4I1Z/2EL3N4N1I/2GO3AMIRIGHt/3O3L6E AACGNRU/AIJLNOR 436/290 0 -lex CSW24
admission-20260730-b2-p131	2	4WATERISH1U1/5V5i1P1/4DI2CONNED1/3XU2ZA1ED1OR/3UM2AR1EF2A/4B2PO2OI1T/1QIBLA2U2oW1T/KIF1YAJES2TI1L/8E5I/7CRAGSMEN/7A6E/6EVENSONG1/7O7/7R7/7T7 EEGHOTY/AIILLNO 436/407 0 -lex CSW24
admission-20260730-b2-p132	2	GHIBLI9/3R11/3A11/3Z1BATWOMEN2/2pEROGIE2M3/1C1N5HEP3/PUNSTER1XI1A3/AD5JIN1I3/ED3UVAS2r3/OY9E3/N8FED3/Y3SKITTER4/3GOAF8/1CLOUT9/4RAVENER4 DEIOOQU/AILLOST 412/421 0 -lex CSW24
admission-20260730-b2-p133	2	15/15/15/4P10/1G2O2r2KOEL1/1HIST2E1CIRRI1/1AMIA2T1O5/1TINE1CALX4F/2DI2AG6O/1HES1JUG1V3BE/1A1TRAPEZED2L1/YU1E1W1D1I3I1/AD1R4UNWORN1/ES3BUNNY3I1/5ENE7 AAFMOOT/ELORSV? 279/427 0 -lex CSW24
admission-20260730-b2-p134	2	6ENVOI2Q1/9W3I1/8COWBANE/14M/4B1FRILL3A/3FIKY7N/3AGO6n1A/3POILU3HAUT/4T7A1E/3DEXIE4R1S/4DI1RACHETS1/12JO1/2ERUPTING2IO1/5U6eN1/5GROOMERS2 ADEELNS/ADEETTZ 367/402 0 -lex CSW24
admission-20260730-b2-p135	2	2C6GIGMEN/1QUILT6O2/O1B1OAK5U2/U2GREAVED1TE2/TAwIEsT2ABA3/L8WEM3/A3V4NEP3/I2FINLIT1R4/N1WADY4I4/2I2SHOUTERS2/2FEZ5R1O2/2EXON6J2/2YO8A2/15/15 ACDEPRS/DEILNRS 348/340 0 -lex CSW24
admission-20260730-b2-p136	2	7W2LUXER/5HOH1GONIA1/2ARGININE1W3/VADE3FERRIC2/7T3S3/SPASTIC4E3/T4DONATES3/A5YAY2t3/POL4NUMB4/LOO6EAU3/ERF4MOUE4/DITZ11/1E1E11/1R1D11/15 AIIKLNT/BGIJQV? 351/378 0 -lex CSW24
admission-20260730-b2-p137	2	HANDS10/3REFT4Y3/3ALAY4EE2/3TENE4ZA2/4C7R2/4t7D2/4O1J5R2/3PROUD3KUFI/2QIS1BI4MA1/1VIE2AG5S1/M6I5C1/U1POWN1T5I1/N1AREOLAE4O1/GOX4THWARTLy/O6E5E1 DEINOTU/BEGILNV 319/495 0 -lex CSW24
admission-20260730-b2-p138	2	3Q2JET1BRONC/3U4OXO3O/3INFAMOUS3q/3R2V7U/3EL1I7E/3DA1D7T/4T1I7R/3RAINE3T2Y/4K6E3/4I6M3/3TAW5P3/3O1I5L3/1GAZAL1AWhEELS1/DORISING3D3/EVOE3ECHT4 EEIPRSU/AAGHNNY 282/463 0 -lex CSW24
admission-20260730-b2-p139	2	15/13C1/2B10U1/2E10N1/2W1L8TA/1JERID8N/2T1MOBLING3O/3KAROO6D/2ZAX1DURO2F1I/1FEM1AE2PIRAIS/1EA1HIDAGeS1I1E/YULE8T2/6TORGOCHS1/1TRUSTEE7/VOE12 EEINQWY/AANNPV? 467/288 0 -lex CSW24
admission-20260730-b2-p140	2	TElECINE1UMPIRE/7YAH5/5A1OX6/5G1TEF5/4JETS1E5/4ONE2Z3KI/4L1EF5IN/4SODA6D/B6V6O/U4COARB4R/R8OVA2S/G2PInTADA1WAWE/HIOI3GERMEN2/U14/L14 ILNNOQU/ADLRTTY 392/334 0 -lex CSW24
admission-20260730-b2-p141	2	2THRILL7/3O11/3S11/3T3DOwNIER1/3LUMBAR6/2DE11/2ER11/2S3UWU6/1JOIN1PO4V2/2l2BOTA2AA2/1FAQIR2MARCH2/YETI1A1GUE1KI2/1GEN1IF5N2/5ZE2WOOED1/3GOETY2EX3 AACEINV/DENPSST 342/379 0 -lex CSW24
admission-20260730-b2-p142	2	U4QUAD1LITHE/RADON2NOMiNEE1/B1AWA1KIP6/EDGEWAYS7/X4L9/4TI2V6/4RE2I6/3CONVERT5/4FA2T6/2GAIT2UH5/2AJEE2OI5/2LI4SO5/8AI5/3RoDLESS5/4BOOR7 FGIMOPR/CENNTUZ 511/340 0 -lex CSW24
admission-20260730-b2-p143	2	15/11T3/1WETLY2W2R3/3O1uNFAMOUS2/2QUEP2L2D3/1G1R4T2G3/XI1A4I2E3/UG1CANNAE1HOB2/1OHO3ER1ANE2/1TO4R2J1L2/2M3LA2I1l2/2IF2OD4I2/1ZEE2BI4N2/1I1DIV1O1VAPID1/1T5S7 ACEERSY/EEKNRSU 401/368 0 -lex CSW24
admission-20260730-b2-p144	2	7TOUSTIER/6VANT5/3Q3L2PA3/2JUD1GO1YAG3/T2I1HUN1ADO3/EA1N1MI1EW1U3/AG1I2ZEP2T3/EL1COVERS2I3/DOW1BAR1I6/1OH1OX2L6/F1I1E3O6/ACRASIN1N6/K1L12/E14/Y14 DEENRT?/BEEFMR? 315/414 0 -lex CSW24
admission-20260730-b2-p145	2	3WHIRR7/3I11/3N11/3C10J/ZOOEY9A/U2R9QI/LEV10U1/U1AEDINE2OBIIT/1AXLE2HOGMANE1/1D11T1/1V13/MEATLOaF5W1/1R6OUTA1A1/1B4FORPINES1/1SLAGGeD3YEET CEKNNST/ADEIPRS 323/467 0 -lex CSW24
admission-20260730-b2-p146	2	2SARDINE6/6DURAtIVE1/12L2/12O2/10B1G2/5QAT1ZEES2/6PACOS4/GUV1MEOW2O4/R1AGUED2AN4/O1U2KEF1XI4/W1N7a4/LITAI2Y2N4/I1Y1THIBLES4/E6E7/R5ATROPHIC1 ADLNNOT/EEFIJMO 460/430 0 -lex CSW24
admission-20260730-b2-p147	2	3CRABBY6/1F1A1XI8/JARVIE9/1V1E1LILL6/3DE10/4Q10/4U9N/3PILOT2WAHOO/2IODID3E1A1N/4SPAG1WAUK1R/6HUGER1E1U/7TOTS1E1R/12M1A/6NATTERS1l/1DIdICOY7 EGNNOOT/EEIMNSZ 335/400 0 -lex CSW24
admission-20260730-b2-p148	2	6UM3KAIL/6VINIFIED1/2GARGETY2V3/6AH3A3/7E7/3F2TREZ5/1L1AS1I5W2/1e1UH1COBBY1O2/1N1NO1E3O1W2/1T1AA5G1E2/1i2L1REJOINED1/1S1TI2DOUN4/1CEREALS7/1S1AR10/3M11 EEINQUX/DOOPRTT 415/326 0 -lex CSW24
admission-20260730-b2-p149	2	1M5C7/1U5H2C4/1TARTANE2L4/1T2W2F2O4/1E2I4AY4/1R2GIF2U5/1E3OI1OX5/PRIMI1DIVIED3/R5S1EN1E3/O4Z2R2R3/P3QIBLA1KA3/H4N1UG1OY3/A4E1TE1W4/S4B1ED1SOJA1/E6A3IOTA DLLOT??/EEGNNSV 350/405 0 -lex CSW24
admission-20260730-b2-p150	2	15/10B4/8L1R4/8ISO4/8EWK4/8NAE3G/6H1END3A/B4PAVEN4U/L4ON1SI4J/U4IT2E3WE/D2MM2ATRESIA1/G1HYEnINE2U1I1/ERECT5DRIFT/REP6FOG1T1/SO2ChRONAXY3 ADIIOQV/AALOOUZ 384/488 0 -lex CSW24
admission-20260730-b2-p151	2	1ROMNEYAS2R1RE/7G3I1OX/4LAZO3V1J1/4AI1OB1TE1AW/4G2DEMON1KA/8LO3SI/8ID4T/6DIVI1N1PE/7WEFTE1r1/7I1YUG1U1/10T2N1/7STUSHIE1/3COmFIER3L1/13L1/11HAAR ABEEPQR/ACNNOTU 327/399 0 -lex CSW24
admission-20260730-b2-p152	2	8ROUTINE/6RUED1E3/10UNITY/CINQ5H1T3/O8AHA3/D2F5JAGS2/I1FACIAE2ReW2/f2V2YAUPS1E2/INTENTS3L1E2/E8ZE1R2/R1VOILA2ET4/1GAW2PLEX5/2GOMBO8/15/15 BDEIOOS/ADKMNOR 402/359 0 -lex CSW24
admission-20260730-b2-p153	2	15/4B10/4I10/4R9W/4KA6FAA/5CRUDY1FAGS/4YA2AAHED1T/4AI1OGEED1TE/4O7VOL/1C1MU8W1/1O1ORTHOPTERON1/1L1IT7U2/QI1L8PIU/ANNEXES2ZEE3/T2R1MINDERS3 EILNO??/EGIINSV 308/366 0 -lex CSW24
admission-20260730-b2-p154	2	7BLAW3G/5H3MEROME/4LUZ5BAC/5I4FROCK/4FA3QI3O/AXIAL2TRINGLES/4O1JOE6/3DOUANE6/4d10/4ENNUI6/4R10/3ES10/3N7YU2/3VAG1TRIVETS1/2PYROPE3HATE DDEIINW/ADOSTT? 331/434 0 -lex CSW24
admission-20260730-b2-p155	2	7ABA5/1G3R1VEX5/1O3O1OWE5/1E3S1SAD5/AT3I2I6/CH3N2L6/E4I1OS5A/q2KREEP6U/U4R1T6T/IF5I1F3JO/AI5M1A3EE/1N5I1WOLVED/1CHINARS1N3L1/1A3POTTY3E1/3QUODs5D1 EGLMNUZ/BEGNRRT 483/395 0 -lex CSW24
admission-20260730-b2-p156	2	h2B11/EF1U1AT4B3/MILDEWY4ID2/IN1ALAP3WOO2/OK1SO1P3I1U2/l3Q5V1R2/I1VAUT2JEER3/A2HEIRDOM1YEAH/2F1N2OROGEN2/1CITTERNS6/2C12/TZIGANES7/2N12/15/15 DILSTUX/AEEGLOR 490/357 0 -lex CSW24
admission-20260730-b2-p157	2	PERK3H7/3A1U1U7/3L1N1I7/E1QIBLAS7/PA1U1A2TEW4/IF1MEW3V5/ST2X4O5/C2GUANAsE5/I3V10/AG2IF9/1L2AI8B/CAROlED4TITI/ON3RONDELET1D/OD3Y3HOG2O/T13N EORSSYZ/EIJMNRR 336/408 0 -lex CSW24
admission-20260730-b2-p158	2	15/15/12D2/10MEU2/9PEDI2/9HAH1V1/7N1EN2O1/5ALIENEE1UP/4V2Q1GRANGE/1BINIT1A1I3EL/4T2B1t4F/J1DRACK2E1FOYS/I5AGISTED2/sOUTANE3ORAL1/M3WEST4LOX IORRSUY/ACORTWZ 300/429 0 -lex CSW24
admission-20260730-b2-p159	2	10DODGE/9ZEE3/9IT4/3OOH3GIB3/2UNPENT2NA3/5J4UR3/5R2FOEN3/3KLAVIEr1E3/2BAAS1DEI1T3/2u4E1X5/2R1C2A1AY4/2R1A2L2I3H/2I1N1QI2P3A/2T1G1IS1VEDUTA/CROWS2E6F IMOOTWY/ELLNORS 452/378 0 -lex CSW24
admission-20260730-b2-p160	2	PRIVADOS3TEAK/1I4WITCHIER1/1T2FLORAE5/ZONDA2I1E5/1R2GUT8/1N3HE8/TEX12/1LIMACON7/1S5I7/7Q7/4DONAtORY3/1FAY3B7/1ELOGIES7/GEUM11/1L1POWND7 AAJRSUV/BEEITU? 472/422 0 -lex CSW24
admission-20260730-b2-p161	2	QI4BOEUF4/1ORRICE8/2O3ZILL5/1HM7g4/1APNOEA3L4/AME2XED2y4/G1DOF5C1AD1/G2WAITE2E1BIS/Y1JOE2WARRAYS1/2U7I4/2V7N4/2E7EUK2/2N8GOD1/2A12/1OLESTRAS6 IINNTTV/HINPRTT 367/370 0 -lex CSW24
admission-20260730-b2-p162	2	7C7/7R1A2MIZ/7U1R4E/7D1N3OB/7EPILATOR/7R1C3HI/9A2P1N/6KIFS2I1E/V4WANY3VIS/A1ALLEE5OX1/U1WOON6TI1/LEAT9AH/T1YEED8O/E3FINJaNS3E/R4BEAM5R DEGIOQU/GGOTTU? 377/484 0 -lex CSW24
admission-20260730-b2-p163	2	2O4H3VIBE/2B4A1ZO2U1/2ON1SUNDERERS1/2EE3A2AX1h1/3S3MOWN2I1/3COQUI2G2NY/3I1A4I2GO/3E1TWIG1E3K/3N2I3R4/3T2F8/4RETROACT3/FOAL2I8/2HALVED7/6S8/3PARTY7 DIJLNPT/AEEELMU 432/422 0 -lex CSW24
admission-20260730-b2-p164	2	11KULA/3HENNAED1E3/8HAULD2/3B7V3/3A5m1I3/3L4NANNA2/3D3GIE5/3I2MOCS1JIVE/2ZED2TET3O1/1YORE4R3W1/2P1U3FIQUES1/2PECTISe2N3/2O1E3GAMBIR1/11O3/10IXORA ALORRST/EFOTTWY 391/348 0 -lex CSW24
admission-20260730-b2-p165	2	15/5UP8/3FARO8/2HEND9/2URDE7C1/1QINS8L1/1I4WOO4A1/AN5WOX1DAVY/S7BINE1I1/S4ZARIS1G1G1/E3VALET2O1E1/R10U1R1/T4BIjUGATE2/E3FY2HIN4/DOOLE5TOPEK EEIRTT?/AACILMN 394/343 0 -lex CSW24
admission-20260730-b2-p166	2	LAPIDIsT7/1R2OD9/1G2U10/PI1JAG9/EL1UNI2M6/R2TIE2E6/S3E3V5C/T2FRORNE4MA/3U9ON/3BY8ST/3BE4DOW1TO/3YAW4CAF1N/4HA1INThRALS/5K2OI1EGO1/5EAUX2Z3 DEEIIQS/AEEHLNR 463/376 0 -lex CSW24
admission-20260730-b2-p167	2	1L13/1U13/1VOGUED8/1V1U5ABA3/1Y1G5JAI3/3g3RAIN4/3L3OE1YEW2/3EH2OREADES1/3DE2MO1N1XI1/2F1M2E5Z1/2I1I2T2G2A1/2N1O2T1NIQAB1/2C1l2E2F2LA/1THRID4T2EW/4CAPTORS3K EINNOST/EILORSU 395/420 0 -lex CSW24
admission-20260730-b2-p168	2	7U7/2E4R7/2R3HAJ1D4/2GAUFER2U1G2/1MONTY1ER1D1U2/NOTA4E1D1T2/2I5F1I1T1C/2z4SINEWY1a/2E5XI4N/9Q4I/8KALPA1N/7BABOO2E/6VOMS1AIAS/2ALEW1I7/2GIROLLES5 DEEHORT/CEINOPT 319/332 0 -lex CSW24
admission-20260730-b2-p169	2	3M11/1DAYBOATS4V1/2ETIOLATe3E1/3H7U1G1/3I5FINNED/3COZ1KRANSES1/5EXO3O3/3MODII2DULCE/2QIN6R3/2U2YOU1JEER2/1FIGWORT1ALdEAS/2E11W/2T11I/14V/14E AABGILT/AEHNNPR 344/417 0 -lex CSW24
admission-20260730-b2-p170	2	FADE3WOE1V1YE/1SOLVATED2A1OB/2HM3I1U1P1dO/7ZINCO1EN/7E1T1R1L1/7D1E1E1I1/9A1R1N1/3CURIA1M1SAGY/2Oh2FIBS5/2PITA9/2AGON9/2HEWN9/3TI10/3AE10/3IRKING6 DELRSTU/EJOQRUX 405/392 0 -lex CSW24
admission-20260730-b2-p171	2	7D3OS2/7E1JUBA2/1C5X3OB2/1O1UPDRY3LO2/1L2I7T2/1LINgERER3I2/FA2M7E2/UG1PAGED2MERIT/DE1Oe1HEFTY4/1N1WAW2I1CAVA1/3ANA2Q6/Z2N1N2H6/I4T9/GOOIEST8/S14 EIKNRSV/AEEILTU 355/446 0 -lex CSW24
admission-20260730-b2-p172	2	14Q/14U/8R5E/8I5S/8SPIV1GO/8A4I1/1G6L3KA1/1L1CYANIDE1BAO1/1EWHOW1NA2UMU1/1N5AR2R1R1/1T2YEAR1OOP3/3RATICIDES3/JIVE3H4DOX/I5GELATION1/B6D3TEEL EEEMSU?/FNNOTZ? 427/358 0 -lex CSW24
admission-20260730-b2-p173	2	3AWAIT3CHAP/1GUV5JEE1XI/1ONO2AURALLy2/UPSWUNG4LARN/1IT1MEED7/1KA12/2R2B1V7/1TRIzONE7/2Y2L1G7/5D9/4ESCOTED4/7BARITES1/6FIE1FINO1/12DZO/15 AIMNOOQ/EEHIRST 536/335 0 -lex CSW24
admission-20260730-b2-p174	2	8ROUGHEN/8EW1L3/11A3/10TIT2/1R8EVO2/1O8MEN2/1T8P1A1Q/BI4NUcLEAL1A/ON3VOM2R1I1I/PI7ZE1TAD/1SCOG4ID1EX1/3FILIBEG3I1/7R5O1/1cAUSEWAY4N1/7N2CHOSE ADRRSTY/ADEFJKU 340/473 0 -lex CSW24
admission-20260730-b2-p175	2	2AXENIC7/2U3N8/2AI2T8/3S2E1ZERDA2/3O2R3HOI2/3L2W2POP3/3A2E2L5/3T2BUBO1CYME/2JEERS2O2I2/4V4K2E2/4H2VISUAL1A/TENNO7d1W/4E7I1D/5MIAOU2N1L/6FrOTTAGES FGGIRRY/ADENQRT 449/323 0 -lex CSW24
admission-20260730-b2-p176	2	7REGREW1T/12OBE/8B3EEW/4S3I4TI/4T2FE5N/4AVAUNT1CHUG/4M2N2FOE2/4M1UNLOAD2Q/4e2I1YAE2U/4LAVERS1COHO/5RES6D/4PINT2APAYS/4OKA1RIGID2/4XI9/15 EIIJLNO/DELORT? 340/263 0 -lex CSW24
admission-20260730-b2-p177	2	15/13V1/12FE1/11BON1/4LEI4OAT1/3DAY6LOP/2VOTED6SI/3XENIAS4ER/8K5A/2CORAGgIO4R/8R5U/7DREAM2c/3LEAGUE1WAIFU/4THIRTEEN3/COBZA1TEST1YOMP GIJLNNS/EHIINQU 489/357 0 -lex CSW24
admission-20260730-b2-p178	2	15/15/15/9GAG3/4BEASTIE4/7C7/6JUT6/HEBE3PIOYE3/1mIDDAYS1EURO2/3HOD5REZ1/1VISTO3VAS1OU/7QI3LAG/3R4FAENA2/1KNITTLE2FOXED/PIUM2AWAIT2WO CNNNNRR/EEILMR? 428/308 0 -lex CSW24
admission-20260730-b2-p179	2	2C11D/2H6V4E/2E6I1L2N/2M6G1A2T/T1I5FOES2I/OPs5OR1E2C/ART3JAB2R2L/DI3SUQ2PEIZE/1V4GU2AD3/KY5IN1T4/U6LOWE4/BOOGIE1OWED4/A6NYE5/SENARIEs1N5/A14 FHINRSX/ALMORTT 359/440 0 -lex CSW24
admission-20260730-b2-p180	2	5OESTROUS2/1RATOO1u7/2F3ABY6/J1ROUPET7/IDENT2R7/B1ST1G1EW6/I1HI1L1NY6/N2CHILDER5/G3ED3A5/3DA4V5/2FEM4E5/2OPE4NEANIC/2E12/MASTING8/EX4ULU6 AAIKOQR/AIILOV? 285/407 0 -lex CSW24
admission-20260730-b2-p181	2	3N7C1A1/3E7OFT1/3P7TAE1/3E1V5TI2/3RAI4DAK2/4UG4EE3/4R1HOWLS4/3BERME2IT3/4L5NO3/1JIBING1OYeZ1Q1/4A3VIDE1U1/1AEONIC1AR1DUO1/MIX6T3P1/1ROULE3H3S1/WYN12 AFGIOR?/DELNSST 362/385 0 -lex CSW24
admission-20260730-b2-p182	2	7G7/2J2VALID5/2AME1XI1U5/2PAR2A1IF4/3C3D2l4/2PA1QUIZ1O4/2OWO2N2U4/2L1REKE2R4/2OWO4NE4/3EM4ID2Y1/3BE4T3T1/2FEt4R3O1/1HORE1GENISTAS1/1OH1R4L3T1/VIN3AGUED4 AINSSTY/ABCEILT 396/381 0 -lex CSW24
admission-20260730-b2-p183	2	6M8/5DOH5T1/5AZO1T3I1/3VUG1N1ABLET1/6COYLY2U1/4F2U1C3P1/2J1L2R1O2S2/2AWAITERS2OXO/2G1N2DIED1A2/4EM2G1R1P2/4RE4I1I2/2AHI4UVAE2/2WOE5E1R2/1Q1I6N4/1INKsTAnD6 ABEEEIN/ELNRSST 464/339 0 -lex CSW24
admission-20260730-b2-p184	2	TAR1VOERTSEK3/AXE7WULL1/NEB8D3/G1U7DO3/I1Y7e4/EN5TEHR4/SUP1DOJO2I4/2W2BOFF1SIZER/1uNDEALT2I4/MM8V4/U9ET3/R10R3/AA5ALICANTS/GI9N3/E10Q3 AAHINOP/CEGIIOY 382/454 0 -lex CSW24
admission-20260730-b2-p185	2	7T7/2YOGA1I4C2/2EXOGAMY3R2/2HORE1B4U2/7OW3C2/8A3KA1/8Q4R1/WIZ2TEFFS1VAIN/1NEURONE1H1U1L1/2ARERE2O1L1L1/4G4N1V1O1/4A4E1I1I1/4T3JESTED1/4T4N1I3/AMEBAE5S3 DDDIINT/ILPSU?? 296/417 0 -lex CSW24
admission-20260730-b2-p186	2	7C7/6TRANQ2T1/7E5R1/K1RAJ2O3FAIX/E3APOLOGIa1L1/E6I5DI/NUMERALS6N/O2V3ENDEW2E/3I1UNSOULED1A/1BODEGA2C4R/3E5EFT2T/3N6AH2H/3T6GIB2/3S7OU2/12M2 EOTVWYY/AIIRSZ? 286/524 0 -lex CSW24
admission-20260730-b2-p187	2	7BREVIERS/10A3E/9TI3A/9ERM2H/4E4NYE2O/1FILTRATED1N2G/4H1CWM2T3/3PIETA2VODKA/2GOO6R3/1COIN6S3/2L1S9W/2P10AA/2SONLY2BIJOUX/6ETUI3Fe/6ZIN5R AADDEE?/EGILOQU 382/416 0 -lex CSW24
admission-20260730-b2-p188	2	7B7/7IF6/2GU3BAY2C2/2ON4TO1YU2/2OM3WINGER2/2FET3GI1OI2/3ER3U2WE2/3KANDIEs2TOE/4N3S5N/1J2Q8LA/1AXIS7DOM/1R10UTE/1L10PAL/1SOsATIE5HE/5ENDSHIP2R AALORTV/CDEIRVZ 502/321 0 -lex CSW24
admission-20260730-b2-p189	2	1R3STREETY1CH/1U3WO5MU1/1B2VINT2A1IT1/1I1ZOL4DAB2/1FLOREAT2MIS2/NY4V2FID3/E5OP1AXE3/N5WACKER3/E6N1ESS3/7G1E2OH1/7AUREOLA1/12ED1/12OI1/13N1/11JaGG DIILPT?/AAEINQU 433/378 0 -lex CSW24
admission-20260730-b2-p190	2	3O11/3P6U4/3P4WANLY2/2tOlUENE1C4/3S5BIZ3/3I5R1I3/3T3Q1O1N1R1/3E1BRUVS1EVET/4JA1A1I3T1/3OOH1G1EN2A1/2GALA1G1RE2I1/1WORLD1Y2OF1N1/2RE1A4NU1E1/1HIDES5C1D1/XI9I3 EEFKMMO/AAILSTT 313/341 0 -lex CSW24
admission-20260730-b2-p191	2	15/9BI4/5HOOVE1V3/3ANOW4A3/2CLADODE1OWED1/S6JEFES3/U5XI7/PANFRYING6/E4E9/R2LIZARDS5/M6E1O5/AT1QI2G1N5/NY2THRUM6/1K5L1GOTTA1/1E1BANLIEUE4 IOPRTU?/EIIRST? 360/339 0 -lex CSW24
admission-20260730-b2-p192	2	BEVY3M1HOOFED/3UNTAILED3I/7S6T/2LAMENTER4H/3WOX1R6E/5C1A6c/5E1CANOE2A/5SWEY5L/5S1DUG5/1K2QI3ORB3/1N2In5UT2/PIZING5JA2/1TO8OF2/1S10I2/11PAIR ADEORTU/AEEGILR 393/468 0 -lex CSW24
admission-20260730-b2-p193	2	P14/R14/O14/B13E/EF9JURA/1A6WAKANeS/1R5LOX1Z2T/VAC3QIN1WET1L/1DHOOLIES1ARO1I/1I8MAP1N/IS2OBIA2ENE1G/DELUDInG3T1T1/I10SURF/OY11YO/ME12N DEEERTU/AEGHINT 453/354 0 -lex CSW24
admission-20260730-b2-p194	2	15/15/15/13G1/3Q1RETILED1o1/1IMINE7L1/2E10DE/FUTON1JAKS3EM/1NE2RADIO3S1/1BO3WO1ZA1UT1/1OR7TAV2/1XI4V2URE2/2CHAO1L2AIA2/3EmPLOYE1O3/NACH3G1FETING ABDINRW/EIRSSTY 476/256 0 -lex CSW24
admission-20260730-b2-p195	2	D9D4/O8GO4/R7JUREL2/IDIOCY3AM4/Z8NY4/ES7g5/1T6BO5/PO1BRAVERS1QUIT/AN2E3O2I3/LI2P3G2N3/ME2L2WHIOS3/AD2E10/T3V3FETAL2/EUK1I2WOX5/1GAUNTREE6 AFHINT?/ACEINRS 360/403 0 -lex CSW24
admission-20260730-b2-p196	2	GOJI8N2/l1O2W5HET1/I1YAGI5OKE1/D2GOR4AM3/D2AXE4LI3/E2P6DE3/S2A2Q3OR3/T1NIOBATE1L4/6T1WEAVEd1/7NEFS2I1/3TUCHUS1E2L1/FLAIR8U1/11NAV1/13I1/10MOCAP BEORRUY/DINRSTZ 339/454 0 -lex CSW24
admission-20260730-b2-p197	2	WEBER2R7/1WO4I7/2OP3G7/2NU3A6R/3PI2T6E/3AVE1O6A/4O2N6R/3URANITE4I/3NY9S/3G1ZA1QI3FE/3ReADVISE2O1/2HA1SO1SOLUbLY/1FICE8I1/MENE9O1/ME1DUCKED6 AGHNTTX/ABDJLTT 343/549 0 -lex CSW24
admission-20260730-b2-p198	2	5LOFTERS3/4V4G1HIP1/2I1A1QI1I5/1GNATHIONS5/B1D1M10/AVITAL3Z5/C1c1N4E5/K1AR3AWA5/2NO1BUDO1T4/3UEY2EEW4/3N2O3IF3/3D2A3GO3/3E2R4U3/1UNSEXY1OCREAE1/3T7R3 DEEIRST/EIJLMP? 304/434 0 -lex CSW24
admission-20260730-b2-p199	2	14Z/13NE/12DIN/10GLUM1/7CHOU1ABA/6FAIX2LIT/4OVUM4I1T/L3R1REDTOPs1O/E1JAGIR5E1N/ADO1I2C1QINS1E/D3A2H1IF4/Y1ENSURER6/2WOT2A7/7P7/5STOOLING2 AEEKRST/BEEEWY? 383/379 0 -lex CSW24
admission-20260730-b2-p200	2	7S3Q3/7I1HOUND1/7DUMPEE2/1FALTERER2N3/7L2JA3/3E3I2O4/3X3n2Y4/2UPVOTE2SCOUG/3I11/2GRIMOIRE5/3ANOW8/3N5ZENDIK/2ATABRINE5/CLY6DOBLA1/6TAVAH4 EEIOSTW/AEGIRT? 402/424 0 -lex CSW24
admission-20260730-b2-p201	2	LOBED2T6O/1DERaILED5E/7R2JoCOS/4Q2A3U2T/4I2P3G1ER/4NA1HAW1U1XU/5W2ZE1I2M/5ALOO2Y3/5V5A3/1Y2FENITARS3/LOCIE10/1U13/INARMING7/1G2IF9/5STOOPER3 BEINNTV/ADEEKST 503/344 0 -lex CSW24
admission-20260730-b2-p202	2	BENJ3ANGRY3/ANEURINS3OVA1/3V11/3I11/3ED10/4AZYM7/4t3R6/3OUTGOES5/4R3FAP4/2QUILL2BI4/4N4OX4/W2HE1OW1TEF3/I2E2KI1ALL3/CORRODES1G1I3/H2D3P1E1MAUT ADEEIN?/CEIOTTT 399/466 0 -lex CSW24
admission-20260730-b2-p203	2	1G9FAVA/1UP10O1/1BURKITES4L1/2R1E8TA/2V1LAWNIEST2I/2E1P8ZE/2YAY7FAR/3T3HM3I1I/3O2QAID2C1E/3M1JIG1ENDEWs/BEnISON2NOO3/R2S11/U1DETOX8/N2D11/G14 AILNOOU/ACELRRT 446/387 0 -lex CSW24
admission-20260730-b2-p204	2	DEFINE1C6T/5TRANQ4Z/1SKAW2L6E/1T1NONSLIp2G1T/1U3O1O4R1S/1P2AH1P4ONE/AI2C7WO1/In1BRERES4U1/AG2I3HOOVEN1/4D2JEDI2Y1/3MI10/BEAUTIFUL6/3MY10/15/15 AAEILRT/ADEORVX 296/378 0 -lex CSW24
admission-20260730-b2-p205	2	T1Y4G3V3/ETA3PO3As2/LAW3OR3NU2/EL4AD3ED1R/AA2U1KIDVIDS1O/1QI1N1ATE3I1Z/2FOB2AX2NE1I/3HOWFS3ERST/2JOR6U1E1/2E1N6M1P1/2B1E6I1T1/2E8C1AY/2L10GU/13eL/14E HIIMORS/CEGINOR 456/337 0 -lex CSW24
admission-20260730-b2-p206	2	2THIOUREA5/VAROOM3DIPPY1/O1AW11/C1NEK9B/A1S1I9U/L1E1D2VUM4N/I1SOG1JO6T/s2ZEROES2W2E/T1AA4TRIACID/1GREIGE4N3/2ON7T3/2BARTENDS1Y3/2A12/15/15 EFLLNUX/EFHIILQ 417/367 0 -lex CSW24
admission-20260730-b2-p207	2	7P7/7A7/7Y2C4/4INTERLINE2/7E2AA3/9JOE3/2G6O1V3/1GOX2PFFT1E3/2DURZI2U5/2e1E1TWINGED2/2T1I10/QuICKLY3AH3/U1A1I3MORAL2/ABS1SOILURE4/TO4DAN1WOMBS EEEHRTV/ADEINRS 370/383 0 -lex CSW24
admission-20260730-b2-p208	2	1BRANTLE7/1EEW3WIVE3G/10FUZIl/7G6I/7A2O3D/5J1L1QI3D/K4EEL1I4E/OB3UPO1NIPTER/ROM3HOES4Y/1XU2FAN7/2C2A5V3/2INTERNES1L2C/2D5THROATY/11G2M/14A AEINOST/AADOSU? 395/330 0 -lex CSW24
admission-20260730-b2-p209	2	1DEVIATOR4JA/1E1A1HOPE1TOQUE/1B1P4FLORIN1/1ATE2IWI1WANKS/1TED11/1ET12/2R1C1EnVIOUS2/1HAZElLY3MOFO/2D1N10/2INT10/2COR10/3YU10/2NEMN9/BLADS10/15 EGGGIRR/AEIILUX 399/401 0 -lex CSW24
admission-20260730-b2-p210	2	FOLLIS1A2EQUES/1WAI1TEPOY1U2H/7PYEMIC1E/7O2ANA1H/7R2V1B1I/7T1ZE1R1T/8EEN1I1A/6GOWD2OMS/8KA1ALU1/11TEX1/9F1O3/9J1N3/5TELSONIC2/9R1N3/4BURIED1G3 AADDRV?/EGINOT? 421/394 0 -lex CSW24
admission-20260730-b2-p211	2	BAIRN1KELP5/1V2OXID7/1Os12/1WOOPIE8/1EL1INTUIT5/1DI12/2D2MAG4U2/2ARCADES1R1N2/2R2GORI1A1H2/2E7C1e2/2STAITHE1E1R2/3INFO1LOWNS2/GLOZE4AA1T2/9FY4/15 AENQSUV/BEEJMTY 271/434 0 -lex CSW24
admission-20260730-b2-p212	2	CUBE3SHTUP3/1RINGLET1A1O3/3O5W1O3/3R5P1J2F/3M1GRAVIDAE1L/9E2X1Y/5HOKAS2I1T/5EUOI2BlEE/4ESTrADE1I2/2RORT6N2/2O7VUG2/QINS11/2ZOEAE8/3DAYNT7/15 AEIILNR/ACDFIMN 326/363 0 -lex CSW24
admission-20260730-b2-p213	2	15/5Q9/4GI1A7/3MO2P1h5/3OOF1O1OF4/2T1KO1S1YAD3/2A2C1T1D1I3/1BE2AXILE1E2R/1UN2L1L1N1T2E/1MI2I1S1S1E2D/2AVIZE4T2A/2TE1E1U2HIGHT/2ER1DULOtIC2I/3R3V6N/PUNY3A6G AEEJNOR/ABNRRSW 392/505 0 -lex CSW24
admission-20260730-b2-p214	2	FEY4M1t4G/1ROQUE1A1I1NONA/C4RETINUED1R/L1JUBE1H1E1WEND/O2RIVE2I3AA/CLANG4D3PI/H5KOWS3O1/E5YO3VROU/5BETTA1A1I1/4LIS1OX1P1N1/11I1G1/11D3/15/15/15 AEFRSTT/AEMSTZ? 384/348 0 -lex CSW24
admission-20260730-b2-p215	2	E2M5DITTAY/X2Z2C5A2/OBOE2L5R2/DElE2O4ARCH/EMO3SQUALLY1A/1UG3I7B/1DI1W1N7I/2SKEGGER4IT/2T1A1S6n1/4V8V1/3PEW7IF/2FURR7TO/2AL1E7EN/2NU1N7DI/14O AEIJOOT/AEINNRS 260/436 0 -lex CSW24
admission-20260730-b2-p216	2	7ZE6/1VOL1Q1IT6/2BEJANT3C3/1VOW1T1IS2L2B/8AWNY2A/7EMEU3N/8O3CID/6GAySOME1E/8E1OIL1A/8D5U/5REASTIER1X/7I1AFFY2/7R4A2/1SPRUG1T1KO4/5UNHAIRER2 DHINOT?/DEGILNO 341/452 0 -lex CSW24
admission-20260730-b2-p217	2	5OXO1BUTENE/3TROUBLES1FEW/3E9T1/3N7RITZ/1YORKED6L1/1OYE1FAAN4I1/3C3MUGG1HE1/JIGS2QIN1OVERT/5VIE2W1C1U/10PAH1A/10EL2T/10NA1DA/11E1OR/13PA/14S ADIILM?/ADNORS? 379/398 0 -lex CSW24
admission-20260730-b2-p218	2	15/9D5/3D4NARE3/3O2CHOLERIc1/3XI1A1YAH4/1Q2BUDO1P1l3/1UVAE1MO1O1I3/TE1BRUIT1NONAGE/AR2I1C4G3/NYE1S6U3/T1A8IT2/I1LIVEWELL1NE2/2E8EMO1/12PO1/11JIFF AAEKRSS/DGNRTTZ 283/395 0 -lex CSW24
admission-20260730-b2-p219	2	7D5N1/6LO4PI1/6OB4ET1/GIgHE1OB1IGAPO1/2OMNIFIED2INT/2U4N4T1R/2AWAVE1FETTA1U/ONCE1AWRY3S1L/1EH2G8Y/1DE2U9/4ME9/4E10/2RACA9/1JERK10/LAX1SQUiZ6 DEIIRRS/ILNOOST 477/285 0 -lex CSW24
admission-20260730-b2-p220	2	L6H3QOPH/O6O6A/AM2a2O6L/VICARY1R6I/EN2R2DEMANDED/1K2E5T1OX1/3OSSIFY1T4/EEJIT1TEACUP3/2U1AB3UN4/W1N1Ne3ZE4/I1G1TI4D4/VOLA1G9/I1E2I9/N4E9/G4R9 AEEFILU/ARRSSTW 365/349 0 -lex CSW24
admission-20260730-b2-p221	2	4I2CRUD1EWW/4ART1ETOILE1/2BEMOUTH6/2INBOX4NAVE/4IS2EGGY2Q/5T3J4U/2LOTION1U3DI/3FENDERS3OP/5G4ADORE/7HAZY2P1/5CROMES1FE1/12Ar1/12AS1/15/15 AAILNRT/AEILNV? 330/355 0 -lex CSW24
admission-20260730-b2-p222	2	7T4A2/5A1A4XU1/5G1F3TIN1/5I1F3ROM1/4JO1REMAINED/4U2A3L1WO/4D1QI3ON1U/3COWAL3BE1K/5AT3BeG2/1PONTY3HOD3/9ED4/9AG4/6PECTIZES1/1ArRIVES1HE4/10SYVER EIINRRU/EELNOST 437/411 0 -lex CSW24
admission-20260730-b2-p223	2	15/15/15/7K1UH4/3QUALE1nU4/E1LITH1FAREd2B/X7IO1ER1O/P5MENU1MO1Z/I7EN1OP1O/AG2C2TED1TEFS/TI2R2A2VERA1/O3I2J2AS1V1/RAW1N2I2N4/1BAYE2N2G4/2TODDLED6 AGINOST/CEILSWY 382/332 0 -lex CSW24
admission-20260730-b2-p224	2	7W6V/7R5ZE/6DI5ER/6ON1WEAVED/4MANGOES3I/5JA7N/5E3C5/4DEFT1A1BERE/6YOOP3E1/9O3S1/4FLOATERS1I1/2MOAI1X1I1HUNH/1BURP2I1R3I1/7L1A3N1/uNAKITES5G1 CDGILOU/ALTTUY? 426/421 0 -lex CSW24
admission-20260730-b2-p225	2	6FLIC1OBOE/9HUDUD1/8QI2L2/9CHOKO1/4V4SAV3/1W2E6E2Z/1A2T2OOP1R2E/FRONT1LUNYIE2N/1A2E2READAPTS/1G2DJIN3T3/OI6LEiSTER/X2RiNGTAW5/I14/M14/E14 BGIIMNU/AAEEISY 408/325 0 -lex CSW24
admission-20260730-b2-p226	2	6ZE3BIEN/4SPANDREL1V1/11UTE1/11EWT1/3R6IWI2/3U1JA4ON2/3C2GAD1IO3/3K3gOONDAS1/3S4FEE1VAC/3E6PEAGE/3AnTIRUST3D/3T3H6R/7Y5TI/1FOURGON5AN/7E5YE IILMOQR/ABILLMX 339/422 0 -lex CSW24
admission-20260730-b2-p227	2	15/13U1/13M1/13B1/13L1/10V1DE1/5QI1ZOO1R2/3FLITTERS1AJI/3R2AIN1T1P2/2HOUF4R1I1L/3T6OWN1E/POSTcODE3AG1N/1KAE2ANOA1G2T/1EDUCE2BRASSIE/WHIR1MOXIE4N CEEGIVY/AADENY? 361/421 0 -lex CSW24
admission-20260730-b2-p228	2	15/15/15/11B3/11E1NO/D8JOE1EX/E5GIAOUR1UT/N2PUTID3I1RE/N2A7L1UR/ET1W1V5Y1L1/TI1ABYSM5A1/1R1W1I1ANLACES1/1ROSINED7/QI3G3ZOETIC/IT1GAStREA3OH DEEFOP?/AFHKMNV 317/487 0 -lex CSW24
admission-20260730-b2-p229	2	7CAESURIC/14O/14N/14G/13OR/11h1YU/2R8E2e/1FE1VOLK1PREBID/1ANE3AJI1L1N1/1BAY1WERO2T1V1/2GOGO1R3AMI1/D1UT3ID2PET1/E1E5Z2SHA1/EASIED2O4L1/N3WAQFS6 AHIINTT/EILMOTU 284/460 0 -lex CSW24
admission-20260730-b2-p230	2	15/3G1Q9/T1HA1I9/Z1APOS9/I1W1U5M4/GYM1T4WIN3/A3HOAGIES1T1E/N2CEILIS1T1R1r/EA2A5Y1E1O/1U2R5P1N1D/1R2S5E1I1E/1I6JUDOs1N/1C10EFT/1L3REBUKED1A1/1E8LAEVO BDFINOX/LNOORRV 351/536 0 -lex CSW24
admission-20260730-b2-p231	2	7J7/7E7/FLATBROD7/I2R2MILNEB3/L1REX10/I2K11/U2SEAHOG6/S3FLAY6V/4TATE6O/6ERENOW2R/3GIED3DUMPS/3E7ZO2/3N4QAT1T2/3I5HENT2/VIGIA2ChANOYUS AACOORW/DEEIPU? 451/277 0 -lex CSW24
admission-20260730-b2-p232	2	F2V7W2G/O1LI7I1JA/N1IN7LOOT/D1TA7GUYS/ENE1F5BARE1/DARTLED3O1ID1/1BA1A1OOH1N1E2/EST1V1WIMPS4/M1I1O5A4/O3U4HI2Q1/N3R4Us2u1/G8I3A1/7CUSPIER1/13E1/15 CEELNTX/AEEKRTZ 361/432 0 -lex CSW24
admission-20260730-b2-p233	2	3POTAGES1P3/9KEREL1/8VIXEN2/3DUH5E3/4MIDBRAIN3/2sRUTI4E3/2A6JORS2/2L4ECO1SCUM/2V2GATH3A2/1ZAFFIR5N2/2G1ANOW2YON2/2E7OBE2/2D7NID2/11A3/7QUITS3 EEILLOY/AORTTW? 507/318 0 -lex CSW24
admission-20260730-b2-p234	2	15/11B1C1/7QAT1I1U1/4HIOI1AUDIt1/8M1PINON/1HAT1JOBE1L2F1/R1ZONA1AENEI1F1/EVOE2CASEATES1/S9D1X2/I11T2/N9KNOT1/I7EPAULET/E1GRAYLES3D1Y/R13G/15 GMORRVW/DLORUW? 299/383 0 -lex CSW24
admission-20260730-b2-p235	2	13N1/13O1/2QAT2OPTIMAL1/3NITRILES2O1/8I3G2/8m2TUX1/6V1M3Y2/3FACIAE2CLIT/6Z1D3I2/6I2FOEN2/1J2SHREWED1E2/VAUDOOS2EAU3/1BREY10/1sPEAKER7/6WEALTH3 DNOORRU/ABGGINS 471/391 0 -lex CSW24
admission-20260730-b2-p236	2	7W1UPBOIL/5J1I5C1/3Y1E1L3PAK1/3E1R1GADGETY1/3OBI1A1UR4/3WED2AHA4/4I2QI1ZO3/4NANUA1IF2C/7I2E2TI/5VOLE1R1GEM/7L2SHONE/2MANNoSE3VEX/13T1/9DIDOS1/15 EFOORS?/ANRRTTU 453/295 0 -lex CSW24
admission-20260730-b2-p237	2	2A1TOPAZ6/2XU2E1I6/2ER1EW1G6/3A1V9/3OBI1MATH4/3SACRARIA4/2J1IT1WENT4/1LeCTINS1KENDOS/2A2n6O2/2L2G6UR1/2O1E7GI1/2UNI6OHM1/2SOL6RYU1/1FEND6E3/PEDI11 ABEFNQY/DEILORV 380/339 0 -lex CSW24
admission-20260730-b2-p238	2	11MICA/13O1/8Q1BEAUX/5RETILED1R1/4C4UGH1A1/3ZILLIONs2N1/3EVO7T1/3KETMIA1PRIOR/1YEST1YOWIE4/5ON3GADJE/4DIALERS3N/3VANS6PO/5T7OU/13AG/14H DEFRSUW/ABEEINT 311/437 0 -lex CSW24
admission-20260730-b2-p239	2	11V1PO/11I1OB/2J8TAG1/R1AS7ANY1/E1UT8N2/s1KA4AREAE2/ED1R5U2X2/IO1T2FORB1FEAL/ZO1I2AWEE3P1/E2N1WHOM4A1/DINGIES6T1/3SOY1CERVINE1/13T1/13I1/10MULCH DDIIOQ?/ELLRSTU 377/402 0 -lex CSW24
admission-20260730-b2-p240	2	2C4BEGNAW2/1GOB5I5/FUZE4HALLOS1/1PEN5O3I1/3JAY3U3N1/4TORY1R3C1/3O1WAIFS3E1/3VIENNA3OR1/3E8RET/3R8A1I/3T8R1G/2QI8I1H/2AM8A1T/PODEX9E/1KiDULTs6N DEEIMSU/DELOSTV 507/352 0 -lex CSW24
admission-20260730-b2-p241	2	15/8QI3I1/4G1CAITIVEs1/1PLEACHES2A1OU/1E2L5EW1AW/1N2V5X2MU/1G2O5T2y1/NORMS2APEEK1LI/5OLIO1N3Z/3NEB4T3A/4HIYA2S3R/7D6D/2UNRIDDEN5/7I1OUTGO1/7O7 AAEEFRT/BEFJRSY 359/340 0 -lex CSW24
admission-20260730-b2-p242	2	15/15/9BYTE2/10OH3/10BE3/T10O3/ET4DEFT1R3/XU1FORANE2I3/1PREMED1U2S3/3L1TONSURED2/1AMICI8R/2ON1A5WINO/1AWE1REVENGeD1J/1V1L1I1ALA3ZA/PIOY1I1C5OK EIQSTU?/AAGHINS 353/467 0 -lex CSW24
admission-20260730-b2-p243	2	QI1PECHING5/1FrUSH3I5/3R5FAVA2/3R7I3/2AS2V1GREBO2/2N2MINUETED2/2D3cAME5/LEAL1CAYS6/2N2OR8/2T2XI8/2E1KAED7/W2T2SO7/O1ORZO1Y7/RIDEABLE7/T2W3N7 EIOPTUU/AEGIJLT 423/374 0 -lex CSW24
admission-20260730-b2-p244	2	3PROYNE3DOF/3R5STAID1/2ReQUIEM1WICE1/3V3MONETH2/3eF1TUBAE4/3NOW2OGLED2/3ER10/4EUOI7/4B3L6/3KY2LI6/3AE2AN6/Z2V3XI6/E1JA3IN6/SCALADES7/T1G4T7 AHIOOSU/AEINPRT 436/336 0 -lex CSW24
admission-20260730-b2-p245	2	7REPULSEd/7H7/1Q5O7/PULIK2M7/1A2N2BOAT4/1Y1CARRIOLE4/ED2V3FENS3/J2BENTO3E3/I4I5G3/D3AX5M1C1/O3V5ZE1A1/3LOGGIE1UN1U1/4W1INTORTED1/10F2A1/7AWASH3 AEINORS/DEIIRY? 331/429 0 -lex CSW24
admission-20260730-b2-p246	2	MATZO1MOWA5/3E4OW1JUS1/GRADINE1U1HOGHS/3A2FERLIE2P/4C3A1PYX1A/1FUEL3L4BY/4O3I4EE/3QUERNS2L1ED/2CIT6I1T1/3NEVI4T3/4D1NINNIEs2/11R3/11A3/11T3/11O3 ADERTV?/ABGIKOS 401/436 0 -lex CSW24
admission-20260730-b2-p247	2	U2QUENA3P3/N2U1MOTIONING1/D1WE3EFF1LI2/E1OR6GIB2/AVANT5OE3/L1D1OPT2YES3/T4IO2ATt3/2C3RAVEY4/1CHAIRED7/2E4ORG5/2n12/BLIND10/1AX12/1ZE12/JOSH11 AIKMRSU/AEEIRTW 494/392 0 -lex CSW24
admission-20260730-b2-p248	2	WOLVE9F/3E10O/3R10O/3R10T/2AA5F4N/2T2PINWEEDS1O/2H6C2QAT/U1EX2KAGU1HUGE/PEREIRA2N2aG1/C1ID5D2NY1/O1N9D2/M1E8BE2/I10ER2/NAVALISM1JOYS2/g6AUA5 EILOOTZ/BIILRTT 535/450 0 -lex CSW24
admission-20260730-b2-p249	2	7W2MAURI/3LINGERIE4/3U3L7/3N3K7/3EF9F/3TAP1POZ3DA/3TRILOBED2US/3ERN1HELIX1CH/2V1AY4W2T1/1MA1G4JA2I1/1OR1O4EN2N1/1ErOSIVE1A3G1/2O4DETESTS1/2A12/15 ACEIOO?/BDINQRT 344/508 0 -lex CSW24
admission-20260730-b2-p250	2	15/9QUATS1/12H2/11DE2/11RE2/9AGED2/9NAW3/3FIGMEnTS2V1/3R1OYE1AT1EL1/2LOME2PERTLY1/3WO5E1U2/2HIC4VAUT1D/1FAE8I1I/1OK1NOX2JINNIS/TRUCE1ILIAD1G1A BENOPRZ/ABINORS 390/367 0 -lex CSW24
admission-20260730-b2-p251	2	WEX12/1RICHED6V1/5LUKE3ZEP/3T2HOASTMEN1/3R4VIAE1T1/2WAIF1GENTLER1/3N1YGO5O1/3Q2IO2A2UP/4ESTRUAL2SI/9JA3G/9IN2OM/10EF1BY/11O1I1/8ODOrISE/11A3 ABCDDIR/AENNTU? 406/421 0 -lex CSW24
admission-20260730-b2-p252	2	7YOURSELF/14R/12P1I/11NEWB/11AWe1/11MIX1/11AT2/3V3GONKS2D/3O2GOO1IT2E/3I6NE2A/3COALIZED1T1R/3E6AHA1N/3REAROSE1OB1F/1EISEL3MANITU/6UPHUNG2L ACDETY?/DIIJQTV 498/408 0 -lex CSW24
admission-20260730-b2-p253	2	2L1DOGATE5/1CIDED3WALTZ1/2GU6M4/3R5VEX3/NONNIES2OI4/9LO4/2COP1JERKS4/3BOEUF1SITREP/2VOMER3s4/5WET7/2AHA2I7/BEHOTING7/ALAY3E7/N6R7/I6Y7 DIQRTU?/AAAEINU 257/481 0 -lex CSW24
admission-20260730-b2-p254	2	1DAP7V1S1/GIBE1D4DEFY1/3AMU4EXON1/4NU4HEN2/4AM3KORE2/5V3AR4/1bAGUIOS2N4/RET2R1IWIS4/1N1RAIA8/1Z1E2THEW5/1Y1TOG1A7/1L1OBO1F7/1I1TOO1T7/1c1ALP1E7/3L3R7 DEINQTU/CEEIJLS 357/419 0 -lex CSW24
admission-20260730-b2-p255	2	3K3P2R1FY1/1A1I3A2E1RE1/1DUVeTyNS1I1OXO/1EGAL2I2ROW1U/FE5N2DUN2/OM3MAIRE1T3/R4OH4L2A/B4DIVI2E1SI/2JUTE2NETTLED/1CAPER3HAS1ZO/2WOE9I/15/15/15/15 ABCEGNY/GILNOQS 373/316 0 -lex CSW24
admission-20260730-b2-p256	2	RUNG2PACEY3H/1GOUTTE6FE/2STRADIOT3EE/4A3RIPENED/4V2QADI2NY/4I1FILE5/1OW1S10/O1AVERAGE1C4/WOX1S1BULLA4/I4BANK1M4/ER8A4/1O8I4/1N8L4/1Z8S4/15 DOOTT??/HIIJNRU 336/460 0 -lex CSW24
admission-20260730-b2-p257	2	7OVERPAID/5JEE1R5/8WITHY2/2VANMEN1N1AUE1/3DUELINGS4/5F1T1O5/3d1F1R1E5/3I2CAWS4G/3A3T6A/3COZIE1XU3R/2TOKO1DRUMLIER/3N10i/3A6BIGOS/3L9YO/13EN AEEHLPT/ABDIQST 520/496 0 -lex CSW24
admission-20260730-b2-p258	2	K11AUF/I4HUT1JIBER1/M2PAISANO1E3/COOEY6D3/H3U6D3/I5F4I3/6L4N3/5EARRInG3/4N1X4ST2/1V2ABY5R2/1E2R7a2/1G2G2MANIOCAS/1E2I7T2/1T2L1TRAWLNET1/DEEVE7D2 AENOSUZ/EIOOPQW 412/463 0 -lex CSW24
admission-20260730-b2-p259	2	14M/8VIBS2U/10O3X/10VEGIE/10I3S/5Q1FOHN4/4TALA2E4/3BOWIE2SPRUE/5W6I2/5A3PIED1H/4CLATTED1D1I/JOLE1IRE3YEAD/3TUSK4ONY1/1CZAR6N1U1/5mOONGATE2 FLMNORT/AEINRR? 330/320 0 -lex CSW24
admission-20260730-b2-p260	2	7T7/2D4R5R1/2a4A5E1/2U4Y2PUNJI/2T1TORNADE2I1/2I1AKEE5GO/2E11V/2SWALIEST4E/3R3X6R/2MO1YAHOO4B/2AN3O2MILLE/2UG1FIREPIT2D/2N4t7/2N4E1Q5/2A1GOLDSIZE3 ABHOTUV/ACCEFNS 326/434 0 -lex CSW24
admission-20260730-b2-p261	2	7L5EW/7I5AE/5AYE5tI/4UTA6ER/4DAP6R1/4OX7I1/5I6BEE/3HOAxING1SI1P/7N3ET1H/2J4FAW1DE1O/1CANALLER1OI2R/2VETO1C2UT3/1DAB2UTENSIL2/5GRODY1O3/7R3N3 GKOQSUZ/FIMMSTV 312/417 0 -lex CSW24
admission-20260730-b2-p262	2	14B/11V2U/2V8L2T/2I7FY2C/2E7O3H/2W7N3I/2E6ET3N/T1DUM1LANX1JONG/O2PIPI2E1AROS/h8Q1G3/E3C2FLUNG3/R2KHAZI1Y1EA2/O3I2T3DIB1/A1DORM1T4AE1/SNARLIEST6 ADEISU?/AEEOORR 405/307 0 -lex CSW24
admission-20260730-b2-p263	2	6WIVE5/9N5/8MOFETTE/7FURAN2N/1PLAQUE2MI2OD/5P3OR2DI/3B1B3U4T/3HALVERS4E/3A1E1X4ZAS/3N1W1O4OY1/3G3E4A2/3R2GRECISED1/2JA3G4A2/2IS3I7/2N4COTINInE EHLOTUY/DILORT? 463/438 0 -lex CSW24
admission-20260730-b2-p264	2	15/15/15/3E11/3N11/1VIE5Q1I1T1/3R4NA1N1O1/R2G1DIVOT1cAPO/UNTILeD1Y2L1A1/N2DOX1RAH1OOZE/I6HUMAS3/C2BILGY2WE2F/2A4T2E3U/SOJA3O1WEBERS/1FIGULINE5K ACEERST/AEEMPRT 409/367 0 -lex CSW24
admission-20260730-b2-p265	2	E6FOOTLERs/R6U1YEAD2/E1C4G3E3/COHO3L3V3/T1IDEATES2U3/I1M1AHI1T2L3/O1BI3JA1GI3/N2R2QIN1IN3/3I3N1PE4/1ZAS1FAX1A5/BOWERED2V5/U1AD11/L1T12/KNOW11/Y14 EIORST?/AEMNPSU 367/490 0 -lex CSW24
admission-20260730-b2-p266	2	12T2/12H2/11LI2/U9TEN1V/R9uM2I/A6PUBBED1R/NY5I2ID1FA/IO5PROF2AL/AG5I2O2R1/sHE1JOLT2R2I1/2Q1A5MY1N1/2U1C6O1O1/2I1K2SERANGS1/2D1ENZONES2E1/2SETUALE6 ADEETVX/ACEIOTW 293/466 0 -lex CSW24
admission-20260730-b2-p267	2	3J3B7/3H3UNSTOWED/S2A3C4I2/T2L3A4R2/r1PACKETEd2I2/O6I4E2/N6N4R2/T2BARFI7/I2U4G6/AZOLE3U6/3L3VELUM3/3I4S2MIRV/3N4T6/1TOGAE1DEWDROP1/GAYS1HOED6 AEEIINY/AFNOQRX 356/412 0 -lex CSW24
admission-20260730-b2-p268	2	13BY/13RE/2R7H2AT/2O7OR1Y1/2U7IO1E1/1NEALED1CINQ1R1/2N2WEKA1GUNS1/D5MAGG1EA2/O3VLEI4N2/OF5DOWP4/1AcEDIAS2I4/1V1XI5U4/1I1I11/ES1T1BET7/HM1STANIEL5 ACOPRTZ/EFJORU? 320/372 0 -lex CSW24
admission-20260730-b2-p269	2	FLOX4G6/2S5US5/2M5ME5/2O5PI5/2L5EDITOR1/2A2WOODENED2/1UR6L4C/1V4QATS4R/1E5c6A/ZA5R6N/A5JiTNEY2N/R6D3OKAY/I4PHEW2BA1I/BONITOES6N/A2FIL1T6G EEGHRTV/ACEEIIU 382/449 0 -lex CSW24
admission-20260730-b2-p270	2	10CAMAN/12U2/12M2/11YU2/4C5NO3/3JIGS1WOOBUT1/2FAVA1DAFT3L/3BEEPER1I3E/4T1EX2o3A/1DRUSY3ONO1OK/9WaG1PI/7A2LI1TE/7N3VEER/5QIN1HOARD1/6DARIOLE2 EIINRST/EEGILST 367/299 0 -lex CSW24
admission-20260730-b2-p271	2	12Q1G/5T3B2ARY/5R3L2TAN/5I3APO1IO/4JO3TOD1L1/4AX4ME1B1/4GI2KO1URE1/PYNE1D1INFAMED1/A1ALTESSE3C2/EW4HOWRE1U2/SI8HUI2/AG10L2/N11E2/O14/SCIAENID7 FIRRTTV/EENOUV? 366/440 0 -lex CSW24
admission-20260730-b2-p272	2	14I/13hO/7TURNIPED/13JA/13IT/2COOEE6RE/4WANZE3BA1/CHIRO2EWT2OSE/OU3ANATA2R1L/SH1VEX3BIGa1F/I6RAIN1T1I/G6U3YE1N/N6M3OD2/E6M3L3/R6Y3KVAS AEGIPSU/DDEFLOT 302/483 0 -lex CSW24
admission-20260730-b2-p273	2	7PEEKABOS/7ORF4U/6Q4EXON/6A1OUGLIED/3CATTING4E/CHAO5HUB2R/1INYALAS5YE/JETS1IWI5AR/ODE4MEVED1R1/13R1/12DI1/11FON1/12UG1/12T2/6WINNERs2 AAIOTVZ/EIMPST? 544/387 0 -lex CSW24
admission-20260730-b2-p274	2	14O/14P/5L8T/4LISPUNDS2E/5N4Y1MAD/5N1GOVs1AS1/6FIX1U1IT1/4BOYO1GRAZED/2VROW2GUIDER1/3OW5C2N1/3OI8A1/3ME6TALK/2QI11/1AUE2JETLINER1/2ARCHAEI6 ABEEFOR/EINSTT? 322/364 0 -lex CSW24
admission-20260730-b2-p275	2	14T/1U12U/1N12B/1P2W6U1DA/1I2O6N1EL/1L2L6L1C1/1ER1V5BA1K1/1SADE1QAT1AW1HO/2HI1DINO1C1FAG/3VAIN1EXTERNE/10E1IDE/3fOOTGEAR1S2/2GYM5I1T2/9ZA4/8ROsIERE EIISTUY/FJNOPRS 484/344 0 -lex CSW24
admission-20260730-b2-p276	2	9EA3J/9XI1U1O/9E2TUG/8BEATEN1/4V4MI2L1/3WIZ4R2EF/4L7BAA/3FLONGS2LOrN/5WAIn1KIRN1/4CONDO1ATS2/4O3T1YE3/4V3T1OD3/GUP1E1QAIDS4/1HAIRY2E6/6DURR5 ACEEHMP/EIIORST 351/309 0 -lex CSW24
admission-20260730-b2-p277	2	13AW/7DIRECTS1/4Q1ZONED1I2/N2JuLEP4T2/O3I1AE4MU1/V3C7OHM/E3H6NU1A/N1AREOLA3IS1R/ABYED6FE1L/SOUP1W5T2I/3STOKInG1I2N/5O5E2G/1AGRAFE4R3/5Y9/15 BDEEORX/AIILTUV 320/507 0 -lex CSW24
admission-20260730-b2-p278	2	14G/14L/12OVA/3P10C/3ADEEM5DE/3V1FRAG4I1/7NEON2R1/2H4ALOUD1IF/2OUTEAtS4MA/2N2XI2Q3eT/2OY1ORBLIKE1N1/2RE7DITZ/1PEA3B6I/1WE1YOUR6T/UNSTOW1R6I ACEEJLS/EGIINST 398/388 0 -lex CSW24
admission-20260730-b2-p279	2	15/GNATTY9/5EqUATION2/1JIRD2N7/IO2OPORICE4/1WAGE1BE7/R5EA7/U1IMPULSED5/BUFO2IO1O5/AH3VAN1N5/T3ZE3G5/I2DEE3L5/2WELSH1FETAL2/3M5S5/COKY11 DEINRS?/AAQRTVX 299/483 0 -lex CSW24
admission-20260730-b2-p280	2	11FRUG/12O1E/12J1N/8LUNGI1E/4VUTTY4AR/8EARD1WO/9POA2U/7LOOEYS1s/6QIN3A2/4IF1GOA2L2/1TANDEMS2RETIE/KETA7XI2/I10ER2/L7CHIDED1/N5VEHM2SAZ BINOPT?/BEIORSW 423/340 0 -lex CSW24
admission-20260730-b2-p281	2	JIAO3T1REVEUR/3DISFAMES4/7W3R3/5A1AG2E3/3TINNIE2L3/5A2R2I3/5b2O2S3/5aGUNOTH3/4RE2T2EH2/4EN1BIZ1DOF1/4TA2C3NO1/4Y7KI1/4PO6ED1/1CIMEX3WALDS1/6VEGO5 BLNOQTY/AEIPRUU 338/457 0 -lex CSW24
admission-20260730-b2-p282	2	F1ANOREXY6/I7AGAPAE1/R1LURIDER2I3/MI3FAWNY1AG2/1N2S6NO2/1V2T5LIB2/CONVERT3E1L2/1K2A1OUZOS1E2/1E2D3O1B1T2/1R2E3WHIGS2/IS2D2QI1C4/M6AE6/P6T7/O14/T14 EEIJLT?/ADENUU? 270/470 0 -lex CSW24
admission-20260730-b2-p283	2	15/15/6RAX2S3/3CAN1BUGLET2/V2UNI5R3/E2LAT5I3/L1EL1H5A3/i1NY1E1OWO1T3/G1O2R1FEHME3/EQUIPE3I5/r1N1ADSPEAKS3/2C8W3/1TETANOID2A1J1/1ADOBE5R1I1/11FOZY IIMRTUV/DGINORS 438/387 0 -lex CSW24
admission-20260730-b2-p284	2	A2F7QOpH/ZEDONK7A1/U2R5PIP1R1/R2D5UNI1A1/E2OU4LIT1N1/4N4LAY1O1/4C4I3E1/3MUFTI1ENDEAR/2pERAEONS1I3/1HOWBE5V3/1MILS6V3/11I3/8JETES2/5CITATOR3/15 AEGLOSY/ABEGTWX 319/438 0 -lex CSW24
admission-20260730-b2-p285	2	OULD11/3AAH9/BILGIEST7/O6I7/W1FIGJAM7/SH1N3E1T5/EA1N3W1R2V2/DE1a3ONOS1A2/3T3R1AT1P2/1B1I3N1KAYO2/1O1V6NOR2/1S1E3P2NO3/1Q5R2IF3/1U1GLYCERIC4/MEDIA2Z7 ADERTUX/EEEEIU? 322/443 0 -lex CSW24
admission-20260730-b2-p286	2	6F4JAMB/4B1L4E3/4OHO4TE2/4YAR4OX2/4OU5NU2/5R6V2/2QI1I6I2/3FLEETEd1GAMP/4IN2WADI3/C3ET3KAGU2/I3V10/AGAZE3PINDERS/O1WARLIkE6/8HOARSEN/12ONY DLNRSTU/CDEEITT 437/401 0 -lex CSW24
admission-20260730-b2-p287	2	GADJO2M7/3AE1VOULU4/3M3C3T3/3B3K3R3/1EQUAL1A3Y3/OX3O1b3S3/W4I1L3T3/T2FIDGED1BE3/2CAFE4ES3/2O2D4W4/2UPO5a4/2ZEN2VERRA3/2I1Y5I4/2N4ATONIES1/2SOPRANI1G4 AEELRTT/EHHIINR 363/478 0 -lex CSW24
admission-20260730-b2-p288	2	3O11/3L11/1GAITERED6/3OH2TACTIC2/4E10/1QUIRT7V1/4E8I1/3BOOHAIS1JUNK/3AFOOT1W3YU/5FA2E4M/1REPLY2BAVIN1A/PENI5L1DOER/OXES1LANNEREt1I/9D5/15 DGNRUWZ/AEGIST? 303/356 0 -lex CSW24
admission-20260730-b2-p289	2	15/12G2/12HM1/12IO1/4U5T2N1/3INFaUNAE1HE1/4h5X1AT1/3BEAUT2TOZIE/2V1R1MOLDS1ES1/1JALOP7ET/LEI1I7D1A/AURICLED3YO1B/E1Y3WANK1OF1A/V6P1IGG2R/O6S3I2D EEIQRRS/ACENNRT 308/381 0 -lex CSW24
admission-20260730-b2-p290	2	MABE1UVEITIS3/1GOTCHA8/2U3X8/2GI11/1AIN11/EYEN3ANIL4/NE1A1GAPED5/T1STROWER6/E2I1BARFS5/r2V5KHOR2/I2EUPEpSIA4/C6O1DOZY2/7W3OU2/7N2ELM2/7D7 AEIJOOT/FLLNQRT 476/320 0 -lex CSW24
admission-20260730-b2-p291	2	14R/14O/14Q/7C6U/7E6E/4C2I3GAWS/4H2LINGUAE1/F2ZOONITE1SHMO/L3R4R4R/OK2DO3V3ID/EN1JAY3E3NA/1O1IT4R3EL/FUBBED1OX4PI/AT3AERIALS1Ta/V4EWE6N AADIPT?/EGIMSUY 448/401 0 -lex CSW24
admission-20260730-b2-p292	2	5G1AB2PLUM/5A1nU1QUINO/5U1OD2N3/5C1DO1GI3/5I1I2NE3/1P2Be1S1JAR3/1A2ES1E1ET4/1NOVATED1AT4/1A2M4TI4/1X2L2Y2E4/3RETRACER4/4S2W3RONG/4S1HIKOIED2/7E1WO4/7R7 EFILOYZ/AFHILNV 418/346 0 -lex CSW24
admission-20260730-b2-p293	2	15/15/8WRONG2/7ZE6/6TE1GILA2/5HIE1OF1L2/5OE2IT1A2/4HORK1TA1N2/5V2FERMS2/5E1YER1A3/2QUINONeS1U3/DAINT2AB2V3/ODS4M2WEX1T/5JIB1EERILY/ACEDIA1U6G DIOOPP?/ACELSTU 387/333 0 -lex CSW24
admission-20260730-b2-p294	2	pORTOLAN3JOHN/1DEAF1D3DURO1/BAW2OVERPART2/3UVEA4A3/4O1N3ST3/1B2M1CULCH4/1E3QI3O4/1AtTAINS2T4/1N4GIP1T4/WYLING4EL3/10DI3/11G3/11U3/9YORKIE/11E3 AEFMRSX/EEIIISZ 374/386 0 -lex CSW24
admission-20260730-b2-p295	2	11F1D1/2V8A1I1/2I3CENTRUMS1/2G1A6V1B1/2OOR2Q2BE1UH/2RAI2U2A2DO/2OKA2I2T3W/3I3NERTZ2R/3N3O2I1C1E/3E1DELE1E1L2/3SEAFOWLS1O2/3S3N2TAN2/7E3PE2/11E3/7ADMIXING AILOPTY/HJRTUY? 382/385 0 -lex CSW24
admission-20260730-b2-p296	2	4MARINES3Q/3VOX4T3I/8PLIGHTS/10N4/5c4KY3/5Z5E3/5AB4L1O1/3JORAMS2DAVY/3A1IN1NE1R1E1/3GAT2AW1I1R1/3EDS2I2N1W1/3RIA1CLUNG1E1/4E2OE3REH/4U2ID3OnO/7T4B1O ACEFOPT/DEFLTUU 498/337 0 -lex CSW24
admission-20260730-b2-p297	2	7TrOOZ2R/9BOODIE/6PURI1NU1G/3ELDER2HAS1I/10YEH1L/10P3T/7FAMED3/6VAGI1E2W/7NARIC2I/5VIG1KOTWAL/11E2E/7JAUNT2D/6CONTUSES1/7L4XI1/7T3NORI AAEFNRS/ABEMOQ? 349/387 0 -lex CSW24
admission-20260730-b2-p298	2	D1F3BO3PA2/E1A3OW1POYNT1/M1T1A1HI3LO2/ATTICISE2LOR2/G1E1I5ANE2/O1N1D5T1x2/G1E1I3U1E1i2/U1R1FIVER1N1A2/ES1MY3AGE4/1W1O4OUD4/1I1C5V5/1L1K11/BEL12/ERE12/Z1X12 AIJQRRS/ADHNSTU 337/388 0 -lex CSW24
admission-20260730-b2-p299	2	7TOQUE3/8HIN4/10C4/10l4/10E4/9JA2P1/4GOB2OR2I1/3WIFED1R1ZEAL/2DANT3U3N1/1B1G1EE2M3I1/AA1WARDReSS2S1/XI1A6ISIT1/1LUNACY1VIG2EF/1O3HOY6E/ORTOLAN7U DEELNOR/EEIMPTV 347/390 0 -lex CSW24
admission-20260730-b2-p300	2	H8COOKIE/I10U3/R7TOITED1/E4MORAINAL2/DILUTOR4G3/9B1E3/3U2PAREOS3/3POLED1N5/2ZA5EH4/2ED5FEW3/2EA5AXE3/3I3F1C1B3/3SOVRANTY4/3Y3N7/4LInGUINI3 AEGMQTW/AJNRSV? 363/387 0 -lex CSW24
admission-20260730-b2-p301	2	RISK3L7/2Q3POP6/2U3OMA2E3/2I3WEN2V3/1BRAE1N1T1WO3/GITANAS1I1RE3/U7E1E4/Y2BLINDS1N4/6I3C4/6T3H4/4LARvATED3/2ZO2O1AIDA3/CHENETS8/OU4Y8/GI1FOGLE7 DEJORTU/AIMRVX? 422/335 0 -lex CSW24
admission-20260730-b2-p302	2	JA4TID6/AgGRACE1OXO4/5INTWINES2/5L9/4SI9/4LA9/4A1Q5WO1/4VOIPS1HOOVE/4E3K1U1FE1/3TRENDIER2R1/4Y3R1L2H1/8LOY2UG/7ZEP3NE/7IDE3GU/REOBTAiN6M AACMNST/ABDEFIT 474/466 0 -lex CSW24
admission-20260730-b2-p303	2	11AGHA/9ZANIED/9I2V2/5NATaTORIUM/10L1N2/6JaPED1GI1/7KORE2NO/6VAX4OB/6E1YOU2SI/6L6I1/6ED3C1N1/1REALISE3R1EW/2LEAF1BY1QAT1H/7IO2M2O/7TWITS2P ADEORST/CEEFGRU 364/365 0 -lex CSW24
admission-20260730-b2-p304	2	15/9V5/9OW4/9GID3/10ZE3/8UP1C1W1/7DHOLL1E1/3JIRRE3INN1/2FAD6NET1/1TAKEOUT2BEg2/GIG1EERIE1ORA2/A8FIST2/YE2SOMITAL1O2/LA5TAV2R2/YU1HAINS4SOX NOPQRU?/ABCDEEM 418/371 0 -lex CSW24
admission-20260730-b2-p305	2	15/13R1/13E1/6mILESIAN1/4E5E2A1/2POUPT3D2Y1/4G2V2U4/3MACRO2C3B/3ARO1D2E2JA/3TIX1ULTRALOW/F2ZE2N2s2R1/I1OO9D1/T1UT1MISGAVE1AB/LETHEES6NO/Y4DOG6W EHINNRS/EFIIKNQ 346/424 0 -lex CSW24
admission-20260730-b2-p306	2	7P4T2/7I3BI2/1ACADEMEs1QIN2/7R1PICE2/7O1ANE3/5VIGORS4/9I4M/3ViLLANS4U/2Z6H4L/1FONDUES1E4E/1OW2THIONATE1Y/1REX6BAWKS/1TEE1TEGULAR3/1Y1D11/15 DGIIJOO/AFNORRU 404/448 0 -lex CSW24
admission-20260730-b2-p307	2	V14/OI8LOOEY/EN5ATTAINS1/1E1Q1LAP7/FRIULANO7/AM1I11/K2N2V8/ER1TUTUS7/RAH3G8/1JOBE1HEEZE4/2WADTS8/GIDS11/2I1UPON7/CREW2NORI5/2DOGFoX7 DEIILR?/ABCEEMT 286/364 0 -lex CSW24
admission-20260730-b2-p308	2	G1T8WIND/UPO6B1A3/GID5JEWIE2/ANY6I1V3/1K7GREX2/1OE6E1DUH1/E1T6L5/V1U3QINS5/OBI5O6/EA3FOUL6/1T2TEMPLAR4/1AFOOT9/1TYINS9/1A4ZORI5/ESCApEE8 ACDLNR?/AEHIMNS 312/389 0 -lex CSW24
admission-20260730-b2-p309	2	15/15/8KHAN3/6OLEO5/8TOG1QI1/9FRUITS/10O3P/7IMAUM1DE/6POI1C2OU/8DZHO1UG/5AERIE3C1/VELARIA2NEB3/E2WEANERs1YWIS/G1VEX7EFT/A5LAbROID1Y ADINNTT/EJLNRSS 245/440 0 -lex CSW24
admission-20260730-b2-p310	2	5O1D2SYCON/5L1EM1QI3/4RE1NO1UR3/3HAO1IN1ID3/2AIT2TO1R4/2LEA2R2E4/2B1P1JAUKS4/3GLOAT1I5/4A1WEY6/4N3AB5/4sWIVELs4/7E1I5/VAG4N1N5/1ZED1X1U1I5/HOMESITE7 EFOPTTU/ACFGRRS 446/440 0 -lex CSW24
admission-20260730-b2-p311	2	1D13/1I3S6G2/1C3E6O2/1KEPPIT4FY2/GI3T4JOLL1/RE3EH3AREA1/O4NU2MIDST1/M4sHAYA1S1U1/E8I5/T1VROW1D1Z5/4BONEBED4/2UVAE1F7/WIG4I7/3NOXAL7/fLUORINE7 ACEINNT/AAEQRRT 367/322 0 -lex CSW24
admission-20260730-b2-p312	2	T14/I7L6/N7I6/G7NOX4/L7TAU4/e7EF5/DEW5R5O/1NA3QIS5U/BOS3IF6T/EWE1VIN1LUZ2HA/A5SMARAgDE1/CIAO3A2N2P1/H1RIGOUT2T1JAK/E5PERVE1ORE/D6D4E1N BEGMSTY/EIILOOR 340/424 0 -lex CSW24
admission-20260730-b2-p313	2	SCRAB2ECLOGITE/2ED3O7/2AN3L7/2MEH1BIDDInGS1/3XU2A7/2QAT1EN7/4I1V8/3PAEON7/3R2V8/3E1FA8/2OU1RET7/2UN1A1A3D3/2TI2PURFlING1/1WITTY1O3R3/2EE3N3KAZI HOOORWY/EEIJLMS 369/333 0 -lex CSW24
admission-20260730-b2-p314	2	15/15/15/9SOZ3/10WAP2/7HARO4/5DOOB6/3QUIRKY6/2VIG1FAERY4/1V3EE1sEELIER/PATINES2THON1E/UN9W2C/N4ALMUD3GI/J1LOAdOUT4AT/I2FID1SEABORNE GILMNRX/ACDISTT 418/385 0 -lex CSW24
admission-20260730-b2-p315	2	4JUGAL3VOE/5N3MUCID1/5P6Z2/5A1PARODY2/3BAINITES3G/5R8L/5E8U/3WIDOW6T/1T4HOLO4E/1H5NIFE3N/1RAGMANS2FETES/1A9XI2/1V7BROKED/1E1OSTiOLE5/15 AENRRT?/AEIIQUY 354/445 0 -lex CSW24
admission-20260730-b2-p316	2	4OUtSWEAR3/10R4/9QADI2/10I4/FANBOYED2S4/1G8EN3/1A8DE3/1R3PHIZ2KUTU/1OW1VIM4T3/1SILEX5O3/1ET1G2BARONETS/2AGIOTAgE1I2I/2N1E2R1DUCTAL/7F6V/7I6A CEHJLOR/EELNNOP 462/382 0 -lex CSW24
admission-20260730-b2-p317	2	PA5A6J/OW5N6U/U2Q2OE6D/FETICHES6G/3NYE8E/4SH2OUNDIER/2L1T1BAWN5/1CAKEBOx2GOMPA/1OR1I5U2O1/1R2n5R2Z1/1M2E5G4/1L2SITTINE4/1EA7D4/1TI12/2AVITAL7 DEILRRX/AEFINSV 343/421 0 -lex CSW24
admission-20260730-b2-p318	2	11HAAF/10NA1V1/6DIXIE1KA1/11ZOS1/10REB2/5Q2TWAL3/5I4S4/5sCRUMPY3/10I4/5RHYTINAS2/1BUNJEE3G4/2GOO2FRUST3/7O3EE2/ANGEL1TOPLINED1/LAIRIsED5OU EEMORVW/ACDENTT 392/344 0 -lex CSW24
admission-20260730-b2-p319	2	ROLF4UWU1NOY/1PAEONICS2COB1/2HEW2E2H1V2/3DEI1R1JAVA2/7e2MOE2/2T2Q1B1ZAX3/2O2A1R1IT4/2N2DRAnTED3/2G1OI1L7/1MENUS9/2D1T2P7/3TIKIING5/4EA1L7/5Y1E7/5O1R7 AEEGRSS/AEIINTU 328/353 0 -lex CSW24
admission-20260730-b2-p320	2	GEO7TILAK/IMPROV3R2Y2/3A5E2T2/3JO4L2h2/4UR3I2r2/4TE1C1E2U2/4FE1O1R1EM2/3CODEIAS1Q3/2BOXY1N3U3/2AG2THRAWING1/2PIA2E3D3/3EWE1R3S3/4NA1E7/7DIVO4/10BONZA AEFHIIN/DLLSSTT 430/324 0 -lex CSW24
admission-20260730-b3-p001	3	RICHED9/A4OF4A3/D4PUR3V3/I3KAGO3O3/A3E2BYLAW3/T2NEF1U3R3/E3TEAR3I3/S4WHIZ1VENIN/7TO2S3/5PAEDO5/4RAIsINS4/QUEME3A6/8C6/8SLOOmED/11BYRE GGILNTX/IJLMNTT 420/399 0 -lex CSW24
admission-20260730-b3-p002	3	2D4PHANG2A/1YOW5T4N/2JO5T3NE/2OOF2C1EH2AW/4O2U1NU2V1/4V2R1DE2E1/4E2LIS3TA/3MARRIS4TA/2NEE3O3BeL/5QAID3R1I/8I1F1I1I/5fULCRUMS2/8A1T1K2/10Z1YEA/13EX DEGILOT/BEGIOPR 423/331 0 -lex CSW24
admission-20260730-b3-p003	3	7U7/1A5d2Q4/1E5O2U4/1R5M2ED3/GI5E2PI3/RE5T3L3/A6E3A3/F2CUBERS2T3/TIZ1MAX1A1NE3/1TONEY2R1OD3/8N1O4/3FLANGERs4/1WHEAT2Y1I4/4PST1S1N1OBI/VELDS5GLUON CIJOORV/ADEIIIW 344/365 0 -lex CSW24
admission-20260730-b3-p004	3	7P7/7R7/7O7/7FLUORENE/9N5/7QAT5/8ZA4J/7BOXED2o/5GIO2TAVAH/7GYM3UN/1MERLONs1YO2R1/WITE6OW1A1/1BAGH2AIRSOFTS/4A6CEE1/TELEDU2DINKEST AEILNSV/CEIIPRU 283/504 0 -lex CSW24
admission-20260730-b3-p005	3	5JOE2TOFTS/4VAUNTIER3/10A4/2hEPATOMAS4/4I3O1E4/1C2Q3N1R4/1R2U3O1S4/BE1PERKING5/AW2T3YE5/RE2I3MY5/L3N10/O2AGUIZED5/WULL2FIXED4/SNOB3N1V5/7G1A5 AEEIILT/ADHIOR? 379/374 0 -lex CSW24
admission-20260730-b3-p006	3	4pAROEMIAC2/4AH2DONGLES/1PINXIT5A1H/4I5FEW1A/4U1TUSKERS1L/4B6U2L/4AR1T3V2O/5IVY3I2N/5TAM3N3/5ZEP7/1GOODY9/1OWE3B7/JEE4I7/ArRAIGNS7/I6E7 CELNOTT/DEFOQRU 474/374 0 -lex CSW24
admission-20260730-b3-p007	3	15/15/12Q2/2EF7MI2/3AURATEs1O3/1FAT5KAB2U/6HIOI1I2N/3BOLINES1E2C/3O10A/1PRUNT8G/3L1ALGINIC2E/1T1D7HELD/WINEY10/OX1R3EnPRINT1/O2YAJES3DUED AEERSSV/AGMORTW 396/373 0 -lex CSW24
admission-20260730-b3-p008	3	GRIM1CARTAGES2/2N4A1BOH3/2V4U4KI1/1YA4PULDROn1/1ED4O2JO3/1ZE2T3QIN3/2ROBE3ANE3/3HELIAST1O3/3EWE9/1V1DEX9/1I2P2C7/1AGITAtOR6/1N5Y7/1D1INFRA7/7U7 EEFILLN/IMOSTUW 375/477 0 -lex CSW24
admission-20260730-b3-p009	3	3INUTILE4I/3FOP3MAIDEN/6JABOT1A1D/6OBO3L1E/4QAT5G1N/8FUGIO1E/2C3OPA3N2/CHOW2MIXY1HAIR/2V8ES2/1REfUTAL3E3/2R1RELIStED3/3UNWET3Y3/15/15/15 EIKRSST/ADEGNRZ 350/378 0 -lex CSW24
admission-20260730-b3-p010	3	7WAStERED/4FOUETTE4/7I7/7D7/1BICHIRS7/3OOF9/3N11/3Q2MIZ2G3/3U1LYNE2O3/3E4PLUMY2/A1BRENNES2PE2/W6X3AG2/A1OVERRACk2G2/TIKA3L7/O2VOLITATE4 AADENNS/HIIJOTU 341/411 0 -lex CSW24
admission-20260730-b3-p011	3	5MERC6/OUTFLY2UT2L2/8Ko2ER1/8ER2WOS/9P2DOH/9I3FA/9D1R1IN/6QINS1ABED/5WITE2JAR1/4ZA2V2AL2/3DAG2I3E2/3I1G4PIERT/2UNLAY5N2/3I3OUBITS2/3CHEMO7 EEEGNOS/AANOTV? 296/415 0 -lex CSW24
admission-20260730-b3-p012	3	UREMIA9/TOLING9/1m6BRIBE2/JAUNT7L2/1N6GEOID1O/1C5NIXE1EWK/HE10SOT/E2D3VIZY1T1A/MUCOSAE1TOURS2/A2R1GAYAL5/T2P11/O14/INVADERs7/D14/15 EEFFIPW/AEHOQRS 424/327 0 -lex CSW24
admission-20260730-b3-p013	3	6tONNELLS1/1PIGMEAN3E1H1/8QUINTA1/11I1MU/6D3VEX1N/6I4N2F/6C2F1c2I/6TOWERY2T/6YU1A5/7T1ZO4/7R1EH4/7ADD5/1KOORI1V7/2BOOSTERS5/AGAPE2D1TOLUIC AABEIJW/EEGIRRS 423/357 0 -lex CSW24
admission-20260730-b3-p014	3	7T7/1V3P1E1O5/1IF2A1D1U2G1E/1OR2N1I1RUBRIC/1LINHAYS1E2O1O/2T2X1O1B2W1N/2Z1J2M1I2L1U/3DUMPERS2E1T/4G7R2/4A2O4S2/4T2F7/3NECKLETs4/1OVA3AWA5/7G7/2LAIRISED5 AHNOTY?/DEEIINQ 259/418 0 -lex CSW24
admission-20260730-b3-p015	3	A2J1AXED6/GRAITH2U6/A2A4N6/Z2OF3CILIUM1/E3e3H6/1Q2N10/1APOCOPE7/1TOKENED7/2N1R10/2D1OWL8/1BE1WEE8/GER2BI8/UVA4RESALES1/SYLVIINE7/T4TOFU6 GIIRRST/ADIMOO? 406/468 0 -lex CSW24
admission-20260730-b3-p016	3	7FREEMIUm/7I7/7T2JAIL1/4TRACHEAS3/6UH7/6EE1W5/2QADI1T1A5/3WENDS1N5/5N3G5/3TRULL1A5/5E2ON5/2BLINTZE1VIM2/COY2D3FADO2/OX3O2PUG4/BO1KISsIER5 AEGIPRR/AENOSTY 487/328 0 -lex CSW24
admission-20260730-b3-p017	3	12W2/2N9AD1/2A9NA1/1VIEWING4DUH/2FLED1A5BE/2L4V5EM/2Y4OX3Q1P/7TREAGUES/8A3A2/8Y3R2/3GORIEsT2T2/11MILF/12C1R/AUTOPEN2KOIS1I/BRED1TaCTION2Z EHIJNOO/AELRSSU 439/378 0 -lex CSW24
admission-20260730-b3-p018	3	7C7/R6AG6/A6KA6/T1TORULINS5/OH5EN6/OY3F1REV5/NE1FRAB1T6/EDGE1MYCS6/R4E1I4QI1/1PATED1cONDUITS/7L6I/3OUIJA6Z/1VOX2IT6I/6BO1HEALEE/7N6R ADEGPW?/AIMNOSW 412/388 0 -lex CSW24
admission-20260730-b3-p019	3	U6B7/N6O7/D6O7/E3H1VIOLATES1/R3U2N7/ARCADING1GO4/g3N3FUBS3/E2WANTIES1O3/5YODH2R3/3WIMP4N3/3R7E3/2PA3J3R3/2EX2ZEK2S3/1TALAYOT1Q5/3E3EpILATOR ACDEELU/FGIIITV 378/526 0 -lex CSW24
admission-20260730-b3-p020	3	6AGER5/4SAMISEN4/2BAH10/3LOG9/3APAY1FIZ4/5GUQIN5/8V6/4PECKER5/2FALL2RAT4/2EDIT3N5/2DIN2DOCO2V1/3ET3MOWBURN/3UH4U3O1/5DEE1R3WO/3JAILeRS4X AEIOOTY/EINSTT? 459/262 0 -lex CSW24
admission-20260730-b3-p021	3	5EEEW6/GRAVID1FENTHION/2B10R1/2J7ZINES/1nU4CETE2IT/1AR5MOLL1DE/1NE3OXO3YEA/1OD2PHI3FA1R/1O2BIOS3AW1I/1K2U6I2N/1S2M6N3/4P6T3/4Y3CORsAIR/15/15 AAAETUV/EGLLSTU 325/383 0 -lex CSW24
admission-20260730-b3-p022	3	2T4MuLTITON/2E4E3B3/2N2F1t3EN1G/2N2O1R3XU1U/2E1GUQIN3D1I/2R1A2CYCLIZES/2SER1LA4H1E/3VOWEL6R/3OU1N8/4PAD8/3BAW2KOP4/2JO1ARAISES3/2OR11/3T11/DAVY11 DEEFIMO/AEHIITT 450/345 0 -lex CSW24
admission-20260730-b3-p023	3	3WaNDS3FOrT/7LUV3A1/6ZAP1DEVI1/7BOSIE1L1/3C5P3A1/2OH5A3G1/A1OI2BEFIT2ED/Q2G3EYRIE2O/U2N5G4N/AW1O1XU2E4N/1E1NOUNIEST3A/MERER9T/1KID11/1ST12/15 ACELLRR/AIJMOTY 292/473 0 -lex CSW24
admission-20260730-b3-p024	3	3O2MY6B/3U2EAT5E/SWIZ2HAH2MARL/U2ODA1REDLEG1G/I3OU2E5A/T3OX2L6/e4IF1I6/R2BANYAN6/S6R7/7m1Q5/6VINIC4/2JEAT1G1N5/DEADLINE7/7R7/5KNOTTERS2 CEEOPSV/EFIIOTW 369/406 0 -lex CSW24
admission-20260730-b3-p025	3	N2FLINT7/AA1I11/RITE11/CORN11/1LOT3FUNG4/BIO1GYRE5Q1/O1ZONAE6E1/L2PURDA3BOEP/U4DEADEYE1M1/S8XU2AI/7WHOM3N/7H6C/1TIGRIDIA5A/7O6V/7S6E AEERSTT/EIKLSV? 367/365 0 -lex CSW24
admission-20260730-b3-p026	3	7U7/6CH7/6L8/4AMORANCE2B/6T1YEH3O/1Qi3B6KO/2FOP1U1A4IT/3WARrANS4I/2POX1S1N1RE1FE/8E1AT1US/8A1JA1M1/3D4L2E1I1/3I3DESIRING/1ENTITLED2I1G1/3Z2AW3O3 DINRVVY/EEELRTU 407/469 0 -lex CSW24
admission-20260730-b3-p027	3	ABA8WAID/DOC5MELOID1/ZEE1URN1I2EL2/1PREPAYINg5/3HOI2N1BEEN1/7VIVE4/5G2E6/3ATOLLS6/5U1I7/5JAGGY5/3TWO1H7/3RAN1T7/3OI2e7/1X1ARK1R7/QUID1O1S7 ACEFOTU/EMNRSTT 415/346 0 -lex CSW24
admission-20260730-b3-p028	3	7T4Y2/4L2A3DO2/2REIVINGS1UG2/4N2G3CH2/4ET2DOEK3/4AW1EAU1I3/4TO1TWP1E3/3BE1QI2PROOF/3A1BICE5L/3REIN6Ze/2AY9Eh/2IT9EM/2MA10E/6FOLX4N/7ROUNDERS AIJLRSU/AADINOS 338/467 0 -lex CSW24
admission-20260730-b3-p029	3	7WEB1DURA/8WAHINE1/2KID4LET1A1/2ODE4MET1C1/2LOX5Z2T1/2ON6I2I1/3E5BE2V1/3O2YUGAS2EA/1GAUDIER1G4L/3S5HM2PO/10A2IO/10N2E1/8JITTER1/9FY2S1/3PaRRaLS5 EFIOOQV/ACNNRTU 340/451 0 -lex CSW24
admission-20260730-b3-p030	3	7N7/5UMIAQ5/4B2D7/4H1NORITES2/2FRAGOR1TOMO2/4KINS7/4T3V4I1/3PAREVE4NY/3O4T4FE/1JINX3C4ET/1A1CIG1OH4SI/1G1Y3W5T1/ORB4L5E1/DAE4EmPANADa/D1E4R7 AEEELLO/AIILUUW 292/370 0 -lex CSW24
admission-20260730-b3-p031	3	3D3Z3J3/1ANA3OI2I3/1MOU4O2N3/1TOT4D2N3/uR2LIVEYERS3/NA6R6/sCRAP3I5W/T2WIGLET5E/A7E5X/T4VUGS4FE/E6A5O1/7U5G1/6APHORISE1/6MEEK3Y1/FORELAID7 BDENOQT/ABIILNU 393/420 0 -lex CSW24
admission-20260730-b3-p032	3	11V3/11O3/11L3/11T3/V9LA3/EL7ZO3R/NO7ID2FA/OR2N2AENEI1LI/MI2U1WEXE3AY/1K2N1A1OBIA1PA/1E2N1U7T/dECAYERS3FIBS/1TA3SHEElED2/1SPROD3WIT3/2O4JUT5 GGMORRU/CDGHNQT 399/397 0 -lex CSW24
admission-20260730-b3-p033	3	2FA11/2OB11/A1IS11/N1NO10W/T2L4BURQA1E/E1MUSICIAN4I/R2T5H4G/INJERA1KIEVE1CH/O8A1AMA1/RE3ZED1R2UG1/1N2POLOIST1XI1/1V4FY1E3E1/1O6ADOPTS1/1Y11t1/15 DEILNT?/DEELOUW 380/409 0 -lex CSW24
admission-20260730-b3-p034	3	3RONDuRES2ZA/2N2YAG1FAUVE1/2I7N4/2DO6D4/2OWE5L4/2ROM2SEMITAR1/4B2Q2K4/b2VOULU2ET3/I1JOW2I3E3/T1AG1NORTHERN2/TAXITE1E3B3/A1YE3D3I3/C10C3/L14/E14 EIIILSS/AAGHNOU 408/415 0 -lex CSW24
admission-20260730-b3-p035	3	SERMONeR7/3I9R1/3A6C1JO1/3O6AREW1/3W6ZEDA1/3ET6BINE/3DA1CAY2U2M/4I2LAVVY2U/4LOIPE2IFF1/4B6NEE1/4O6GINS/4N7N1H/1LAKESIDE3T1I/GOX11R/OPED10T EISTTU?/AGLOQTU 410/488 0 -lex CSW24
admission-20260730-b3-p036	3	Z14/O14/R11E2/R11O2/OS10C2/1U10E1P/1N8JUN1I/SPAWL2UVEA1E1N/1r7AIA2T/1O3FIRER1RIVO/1O2BANED4EE/1FOGEY1H3EGIS/2KIT1MIXT1WAN1/5LARIAT1MYC/7E4B1H ADDEINT/GLLOQST 328/259 0 -lex CSW24
admission-20260730-b3-p037	3	REEFER1I5TO/3L3O4TEW/2POUSADAS2UN1/3X3I3PARK/1O5DIEtINE1/1GOLDENED4C1/1H2O10/ZA1MUTING3BAW/AM2G1NAIlERY2/1I1OH7E2/1S1FY10/UT1T11/V14/A14/E14 BIJLNOR/AEILRSV 399/369 0 -lex CSW24
admission-20260730-b3-p038	3	7C6W/6DURZI3O/7RHETOR1A/6ANOA1HEED/7I1LOOP2/7EF6/5J1sO5B/3QUANTA2GYVE/5R2M2R2G/5K2I2E2I/8N1AE2F/3D4G1EN2T/3I2UNSINEW2/3VOX4ES3/4MULTISITE2 ADILLSY/AAEPRT? 390/448 0 -lex CSW24
admission-20260730-b3-p039	3	FA13/AAH1N4Q5/1SABE4I5/2DEV4N1E3/2JAI4SAW3/2ID6C4/3I1GUGA1L4/3E2TURGID3/1sPRAYER1ON4/OHO6XI4/2TOLLMEN1C4/KETO2UEY6/A1SPOUT8/I14/MOdERNER7 BEFOTVW/DEILRTZ 414/337 0 -lex CSW24
admission-20260730-b3-p040	3	6QAT1C2V1/7kAROSHI1/1AURELIA1EMO1N1/9MEH1I1/3KURU2ET2F1/6NOWN3I1/5JIBED3EW/2TROATED4dI/3U10F/3PAV7ZE/3EXO7A1/3E1LONGLISTS1/1GESTAPO7/15/15 ABDLNNY/CDGIIRR 453/404 0 -lex CSW24
admission-20260730-b3-p041	3	10LOGIN/9YU4/8HAT4/4C3ORE4/4O3OR5/4U3TA3L1/4V3EN2KID/2EXALtERS2EME/4d2P4NEB/3FEW1I4OY1/2WISH1Z4T2/2IF1O1OUTDRIVE/2TI3A4C2/5JANE3S2/NEUTRALS7 AABEGGM/ADIIOPQ 508/436 0 -lex CSW24
admission-20260730-b3-p042	3	J6C7/I6ORA5/MEDIATIZED1OO2/S7CREWMEN/O2cOAGULASE2U/N3EX2ID4K/8N5I/5UVAE5N/8ST4G/9H5/8QuBIT2/9L5/6VAPID4/7RATIONAL/3BOGUE1E1PYRO AEFLRRW/EFHINTT 441/404 0 -lex CSW24
admission-20260730-b3-p043	3	7Q7/7A2W4/7I1MA4/2MEOU1DHOLL3/1SUNDRIS1OK4/9N5/7Z1S4F/6FAVER3A/4ORYX1TI3C/1V8C3E/1O5DEWITTED/1GALAtEA2E4/1U6BUSHTIT/1E6OPTION1/2tELERGY6 AAEGINR/BIINNOP 420/390 0 -lex CSW24
admission-20260730-b3-p044	3	7B7/6NERK2C2/1TON3M4O2/2METOpAE2OW2/3DEY2NAVVY2/1W9E3/1A5SQUIRL2/EA3JEU3L3/AH2TONNE2A3/g3I1SITZ1I3/E3P3HOON3/R2RIGID7/E4I1U7/S4B1C7/TRUDGE1I7 AAEILOX/DFLPRST 346/287 0 -lex CSW24
admission-20260730-b3-p045	3	B6L7/IF3HOARD5/GLIDdERY4P2/AE1E8L2/1AIA5QI1U2/1MOWED1TUIS1N2/3I1UPO1NA1G2/MOKE1HIE2TAE2/A1E3RYU1ITS2/S1R7NO3/T1N7EN3/O1E8I3/DOL7VAV2/oX13/N14 CERTTWZ/ACEJORS 351/365 0 -lex CSW24
admission-20260730-b3-p046	3	3J2INCIVIL2/1KLUTZ2OF5/3G4P6/1A1U4L6/1R1MEDITATE4/1V6N5Q/GO1F4A5U/I2I2SERRANO1E/TOADISH3MEH1R/AXED7GOWN/N2L11/O2E11/1ABY11/1WE12/RETiNOIC7 AEORTU?/BEIPSSY 458/401 0 -lex CSW24
admission-20260730-b3-p047	3	7Z2TYRED/7I1J2A2/7T1O2R2/5CLEANLIER1/9GURn2/10NAE2/4Q3I1ADS2/F2VIDEOS1TES2/I3NOM1O1E4/BAL2BUMPHS4/1WINGY2A6/WENA4CORNO2/O1KEX2OH6/V6U7/E6T7 AEIPRU?/DEFGIIL 366/384 0 -lex CSW24
admission-20260730-b3-p048	3	7P3AZON/6TURGIDER1/7N4EFS/7C3T2O/7E3W2O/5INDUCTEE1t/11L2I/3P1BLAH2V2L/3E2ALIENER1Y/2TANtRUM1I4/3T6Q4/2FY6AGO2/2A7BOK2/2VIEW5OE2/4DEHAIRED3 AJNORSX/AIMOSTU 476/362 0 -lex CSW24
admission-20260730-b3-p049	3	7RANGIEST/5F2AYIN2A/5I8L/2FELLOE1LAUD1U/1VAW1U1ABoRTERS/5M8E/6HOOT1VORS/6ENDOGEN2/9NIXY2/5JEWIE5/2BISON2T5/3DIG3I5/6TROChAIC1/15/15 ADEHMOP/AEPQRTZ 317/381 0 -lex CSW24
admission-20260730-b3-p050	3	15/2Y10G1/2OP9A1/2WOF5D2L1/2EME2B2r2E1/2DOEK1E2A2N1/1Y2Z1AR2F1JA1/1UNBEING2T1U2/1N1I2AM2I1V1O/1X1O3E2EWE1R/3C3HURRA2N/2QI3L3I2I/1GAD3STILTERS/1UTA10E/1V1L10S DIORTT?/ACEINOS 437/365 0 -lex CSW24
admission-20260730-b3-p051	3	3PINTO3T3/2J3aNTHERID1/2OY7E3/2YEA6A2K/3LI6S2N/3LA5COBZA/3O7NO1R/1S1WAUGhED2R1L/1W6REGENTS/1A5FAP2I2/1SOUTANE4T2/1H9QI2/1I9ICE1/1E13/ERUVIM9 DILOOUV/ABDFMRX 319/529 0 -lex CSW24
admission-20260730-b3-p052	3	6PROD1V2P/5B3UTE2L/4GI3MAG2A/3TENCH2KAT1Q/4ED4I1H1u/1Z2DI6EWE/1O3N1LUXE1MAS/1R3gLORIFY1R1/1G8FONT1/1I2TROJANS4/1TICE2I7/1E5VAURIENS/7Y7/15/15 ABEEILO/ADOOSUW 389/344 0 -lex CSW24
admission-20260730-b3-p053	3	U2F1GLAUMING1A/RObINIA5I1V/B2R8R1I/I2K8T1Z/A3L7HOE/4E6WEB1/4C1NAT2ADO1/JOUST2GOX1V1E1/4E3YIPE3/2NORTENO2R3/4N2O7/3Q3W7/2HUMEFIED5/3A3S7/3Y3E7 ADDLPSS/ACEEIT? 428/403 0 -lex CSW24
admission-20260730-b3-p054	3	A6R3JUPE/B6U5H1/AB3L1CLITORIS/YE1X1E1H1OAF1ZO/ANNULaTE6R/SI3V8D/1T2TEGG5QI/PI1FONIOS4IN/RE1O1E2W5E/Ar1U1D2A5S/T2E4C6/3T3OK6/7ME6/7ED6/7R7 AADILNW/AGMNRVY 418/417 0 -lex CSW24
admission-20260730-b3-p055	3	3W3C7/3E1QUOD1PUHA1/2VAGI1PAKORA2/3M3e2HEW2/3BA1OMITS4/4B2A7/4S1UTE6/3YENNED6/3GIO9/2FOLX4R4/2Y1e5I4/2T1REEFINGS3/2T7O4/2E2ZEN1DRUID1/2STEALER6 ILLNORT/ACEIJNO 407/378 0 -lex CSW24
admission-20260730-b3-p056	3	15/13I1/1GU10C1/2TETRODe1JUVIE/6PODIA2L1/12FY1/7HOTTIE2/5AZINE1FAWN/6ANOA2T2/4HOX4YUG1/4O6ERE1/4I6BEL1/2Q1K6ODE1/1PARELLA5E1/WITED2NUNcIOS1 ABMMRSV/AEGINRS 433/340 0 -lex CSW24
admission-20260730-b3-p057	3	9V4C/9EW2ZO/9RET1OU/3T5TEE1ON/1TRAcKAGE1MA2T/3C7B2I/3T7O1AE/3I2QI2EXULS/3O2IODIN2t1/3NEMN6A1/3S6G2R1/10Y2A1/1WHINERS2V2G1/7UPLEAPED/3FLYER2D4 ABHLNOU/DFIIIOR 335/452 0 -lex CSW24
admission-20260730-b3-p058	3	14J/14I/11V2R/7SALAAMED/2ZEP6P3/1DELEING3I3/7OOF1N3/6COXALGIEs/2M5OWO4/1QUITE3NU4/2C4BAYS4/2ARRIDES1I4/2T2TATH1ERF2/1NEUK1BEY1R4/NASHI2L7 AGNOTV?/DEIORTU 359/444 0 -lex CSW24
admission-20260730-b3-p059	3	2V4I7/LOADENED7/2L4I7/2O3WO7/2R3AT7/5QI8/5U1OOR5/3BLEND7/2HA1NOAH6/1VATIC1LEX5/2N2h2MICS3/1NAY7E3/ROPE1UpBRAIDS2/IT1P1GEO1W1GAE1/AT5G1K1YUFT EEEIJRR/EIMNSTU 293/340 0 -lex CSW24
admission-20260730-b3-p060	3	3JAGRA7/3O11/3Y7N3/2DE7A3/L1AD7V3/I1E3NATTIER2/n1M2OY4W2B/K1O1QUAI4T1A/R1N1U1HOE3H1N/OBS1I3FLEMING/TE2D3FIX1A1E/1VOWS4TOAZED/1E10I2/1L10d2/11CEPE EILNPSU/CGORRST 388/458 0 -lex CSW24
admission-20260730-b3-p061	3	3CAMPO7/3OGEE5V2/3Q8I2/3U8V2/3ID5C1I2/3TA4BEEFY1/3OU1ALIeNLY2/ZAX1P1WON1O2DA/1TUGHRAS2B2UM/4I4JINNEE/4N5T4/4E5E4/1OLDsTER7/6AEROSAT2/4FISH7 ADEKORW/EGINRRT 483/466 0 -lex CSW24
admission-20260730-b3-p062	3	14P/14o/3U2ROSaRIANS/3L7N2T/3V4TIGHT1D/3ALB5U2O/4EE5M2C/3ZAMIA3E3/2DEVI1F2ED3/1QI1EXOGENS4/3UN2H2T4/3FEY1A2R4/2BODE1N2O4/2U2W1I2N4/JAGIR2S2ECLAT EIKORRT/AEIOOPY 432/388 0 -lex CSW24
admission-20260730-b3-p063	3	14O/14O/14R/1V12I/1E11LA/EN3J7AL/XI3A5O1T1/IT2SWIZ3N1IF/TE2E1FEM2D1NU/1STONK1PIU1A1ID/4H3B2TES1/3VOG2sEARCED/4R6AH2/1TALAQ2PERSON1/CID2INGO6 AMORUWY/BEEGRU? 445/371 0 -lex CSW24
admission-20260730-b3-p064	3	M1V4D7/OBA2V1I7/TuP2A1D7/URE2C1D3E3/1T2JA1E2EX3/1H1TOYER2N4/TE1OI1U3L4/ON1UN1OOF1I4/E2R2I1I1s4/AW6N1T4/1O1EGGHEADS4/COIF4L6/AL5SIS5/MY5ASK5/P6ZEA5 GILNQRT/ABEEIRR 403/389 0 -lex CSW24
admission-20260730-b3-p065	3	P6L7/A6E7/N6M7/AD5M7/DIF3TA7/AXE2JO8/1IWI1OOR6S/UT1OCULI6E/5R1O6D/2VOLS1T5YE/1QI1O2REHEaTER/FIL1W1AI5NU/A1E1P1HE6N/VERB1GIS6T/E4O5DAKS BCGGINN/AANRUY? 379/362 0 -lex CSW24
admission-20260730-b3-p066	3	1T7FINITO/1H3MED5R1/1R1POUTINE1GLAM/JO5DURZI1V1/AB11I1/Y4TALUKAS1S1/GENTIER3NABE1/E6RETAXES1/EE6WINE3/1C4LOWP5/1L13/VOUCH10/1G13/1u13/1e13 DEIOOQR/ADINOSY 485/344 0 -lex CSW24
admission-20260730-b3-p067	3	AVOID2WINdLASS/1I3G1A7/1BOP1U1EL3C2/BEFORE2E1ROOPY/AY2ENDGATE1N2/G2RHO1ILIA1V2/F2E1N2E1R1E2/UT1T2QIs3X2/LA1I4T6/1J1N11/W2U11/O2E11/KOND11/E14/R14 ADEIIMS/CHMRTUZ 278/389 0 -lex CSW24
admission-20260730-b3-p068	3	7D4W1G/7E4R1I/5W1S3FY1G/4Eh1C3L2A/4ME1A2JERKS/4EA1N3A3/5T1TI2D3/NOODLE1SMITHIED/1OBO1NA1B6/6GHI2V3/4VOLATILE3/5NOUT2X3/6ONE6/3FOU2R6/2CAPPERS6 AEIRRUY/EIINQT? 426/315 0 -lex CSW24
admission-20260730-b3-p069	3	7P7/7L7/6BE3A3/6AD2QI3/6R2GI4/5YE2ON4/W4OF2D4O/U4GOUKS4c/X4ION4P1H/IF4To4O1R/AE2V2R4U1E/1M2I2N2CARTA/1A2V2ADMITS1E/1L1JAUNTIER4/ZERO3E1HENLEY BEGILST/DINOSTW 350/417 0 -lex CSW24
admission-20260730-b3-p070	3	JIB3QI3H3/1NURDLING1TO3/W1N6FAH3/OUTPREEN1OMA3/O1YA5UP4/D2L3L1S5/C2A2KANT5/U2MIAOW1I5/T2A3G1E5/3T3I1R5/3E3V2D4/6FEIRIE3/7R2V4/9ZOEAS1/5BEIGES4 DLNOSY?/ACEEET? 382/399 0 -lex CSW24
admission-20260730-b3-p071	3	ADOZE1TAV2G2P/MESEEMED1U1O2A/3R2ESTRIoL1W/3D5B1PARK/3AW3BENE2Y/4H2FAXED3/1GAJO2LI1R4/2NOSTRIL1V4/1CYTE2TI1E4/7EF6/8f6/7OS6/7H7/3COQUI7/7A7 AILNNRU/GIIINOU 422/393 0 -lex CSW24
admission-20260730-b3-p072	3	7CLOP4/5A3PAINTS/5IF5A1T/5AR3F1L1O/6I3EWE1o/6TA2GID1Z/5THE1G1R1HE/5O1GROVY1ER/5M1I1N3D1/5B1R1K3O1/6BID2T1N1/6ONOS1E1I1/6WEXE1N1C1/2QUILL2V1T3/7JASEY3 AEEMSUU/AEINOR? 352/330 0 -lex CSW24
admission-20260730-b3-p073	3	1V9D3/1OK6T1U3/1MA1O3FRATI2/2ZEE4I1C3/2IN5N1H3/3D1JEATS5/1A1L4W6/UMIAQ1PIPE4B/TOON1FAD1m4O/1V1GUY3I4r/NE7G4N/I8R4Y/R8E4L/L5EARSTONES/S2CORER7 ADEELTW/AEGHIIO 364/296 0 -lex CSW24
admission-20260730-b3-p074	3	1TETRAPLA6/5REORG5/2NEUK1G7/DIYA3O7/4U2IO6/2CiNQ2G6/4I2VIM5/4P1WAVY5/4O2WEER4/1CATLINS1LI4/3EA3OOF4/2JARL2UME4/2OD1E2TaR4/2BE1F2AS5/ZEE2TIX7 AEHHINN/BDINSTU 276/437 0 -lex CSW24
admission-20260730-b3-p075	3	5MEU3BOLA/7PRIVADOs/5UH2NOLE2/4ANALYTEs3/9I5/4VOM2N5/5WEX1E5/3D2CIGS5/2TEUGH8/2ZA2SIENITE2/1QADI3EUOI1JO/2RE2O4CRAW/2SNARF6IO/3S2T8/15 BDEFNPR/AEKLRTT 356/442 0 -lex CSW24
admission-20260730-b3-p076	3	10DINAR/9JA4/8ZONULA1/7R3N2C/4BLOOSMED2O/5AUDIO1O2R/7E6G/6TWP4GI/2Q3AA5I1/2U3KY5B1/2ATAVISMS3L1/FUTON1N6E1/I1C3G6T1/FEH3SPENDERs1/IT5EWE5 EIRTVXY/AEILOR? 439/370 0 -lex CSW24
admission-20260730-b3-p077	3	15/7STEARIN1/10L4/10ED3/10WO3/5F5Z1Y1/5R1RONDEAU1/3PIOYE3N1GO/3O1W5T2B/1QAT1N1G3H2E/R1GJUS1U7/I2I2INCUDATE1/CHIEFdOM2EXAM1/KET4A2LEVO1/S6N1TID3 AABEEIL/AILORV? 318/440 0 -lex CSW24
admission-20260730-b3-p078	3	15/15/3JA10/3OY10/3AE8G1/3N5H2QI1/3N5O1HIT1/3AB2ALWAY2I/4R4L1D1ZO/4UP3E1R1ID/4CONVERSO1GU/2AMIDO4G2R/1PRETAX1VIDEO1E/1E2EL3FIN2T/WAMUS2KEF1SIBS ENOTT??/ACEILNT 418/356 0 -lex CSW24
admission-20260730-b3-p079	3	15/15/15/15/10W3O/C9h3R/H4R2J1I3D/O2GOOGLE1T1V1I/K4N2UME1A1N/OONT1Z3EN1THE/1FAUX4ASP1YE/3PILAF1N1W1D1/6TAVERNERS/TARAIRE2S1E1OU/IDEM3QAT1D2I AGIILOU/BBCEIL? 434/381 0 -lex CSW24
admission-20260730-b3-p080	3	2Q2TAJ7/1DICIER1L6/EA3FOYER5/XU4MOVANTS2/1N2DHAK1I2U2/AT7S2B2/ME7I2T2/eR3FLAWN2YIN/B6L1S2P2/OH5I4e1R/IO5G6U/DO5N6G/1V5E6A/1E5RELEARNT/7S6E CDGIOTZ/AEIOOPW 332/489 0 -lex CSW24
admission-20260730-b3-p081	3	6KAIL2P2/1V3QI5OM1/rINGTAWS4ZO1/1T3TIE5OF/AE5DURE2BO/EXO4U4MIL/R1R4C4WED/A1R4TINAJAs1/T1A3PIOY1EH2/EF5O3E3/DE3RUNCIBLE2/1E5S3Y3/1N13/1S13/15 ADGLNUV/AGHIORT 464/376 0 -lex CSW24
admission-20260730-b3-p082	3	7V5P1/1B2C2A5I1/1ROGUIEST4O1/1O2L2T5n1/1L2M2Y5E1/1G2ER2TE3E1/1A2NAM1UR3RE/5YOURN4V/4WAX1B5A/2W1AHA1I5D/2A1T3T5E/L1QAT1OCHIdORES/I1F4O7/EOSINE1N7/U6K7 DEIIJPS/DEFILNZ 314/413 0 -lex CSW24
admission-20260730-b3-p083	3	15/13V1/13I1/4G6C1N1/3WO4A1O1E1/1B1HA4I1D1W1/1R1O3TERCETS1/TI1OBOLI1P1DE1U/UNIFY4L2M1N/TE1I5A2P1A/OR1N5NA1L1I/Y2G5EXEATS/E11t2/rEALIA3JURES1/S6KHOR4 DDIOQTZ/AEFMRUV 283/487 0 -lex CSW24
admission-20260730-b3-p084	3	13MU/12QIN/9U1CIDs/9FOHN1T/9OBI2I/10E3N/8FILA1AT/7PYOID1RE/6ZEK4ED/5METE4O1/4WENTS4L1/3CON1A5A1/3ROD1BROUGHS1/3U2ALAP5/ATAXY2EJEcTIVE EEGLORS/GIINRSW 424/492 0 -lex CSW24
admission-20260730-b3-p085	3	11KAPA/13R1/11T1OF/4V5DA1ME/4I5EX1OI/4OH2RAJ2IN/4LOC1ELEGANT/5WHID1U2Gi/2V2EE3N3N/1ZA3F2WE3G/TAITS2B1UR4/A1RETINOID5/R1Y3ErOSELY2/P6I7/S6C7 EIMNRST/BELOOUU 456/438 0 -lex CSW24
admission-20260730-b3-p086	3	1P5Z7/1UG4Hi6/1KI4ON6/WEDGED2T6/AD2GURNEYS4/I1BOOH2R1E4/T5JUN1A1C2/EF1XYLANs1L1O2/1I3AW2QI1P2/1L1FOBS2IN1T2/1E1O5NE1E2/1T1E6SIR2/1E9OS2/1D9T3/10VATIC AIILMRU/AEEORRV 362/438 0 -lex CSW24
admission-20260730-b3-p087	3	C14/O4M9/I1P2EW8/F1HE1TA8/E1OVOIDS7/DITA1F1N7/1BON2JO1ZINCY1/RANGI1EUGE2A1U/1D1E2UT4R1V/1A1L4Q3OKA/EH1SEREnITy1LO1/A7N3EAT/G11R1U/E11S1M/R13P ADELRTW/BIIOSXY 306/337 0 -lex CSW24
admission-20260730-b3-p088	3	7PETITIOS/7H6E/7Y6C/YUGA3L2QI2T/3BEENAH1IO2O/5RERIG1D2R/8N2I2A/3AWAKED2N2L/8G2A3/1F3W1Nu2T3/1R2DuVETINES2/JUICED1T7/1M5F7/1P5U7/5BILEVELS2 AAORRSX/MNOOOUZ 339/478 0 -lex CSW24
admission-20260730-b3-p089	3	RHEA3BA6/1U1DOGDOM3I2/1E5LI3N2/7DA3V2/4C2L4E2/3LOWRY4N2/4V7T2/3PILUM3POCK/2QIN1NOUNIEr2/1ZITE9G/4SWERF5Y/7AERATION/7J6I/7A6E/6SHOETREES ADFIRTX/AEGOTU? 327/377 0 -lex CSW24
admission-20260730-b3-p090	3	7Y6U/7E1V4N/7AZO4M/8ID4U/H7NU4T/I4Q3N3TE/L2AVIATES2JO1/L5IO3DOP1/O1PRODDER2EWE1/i3HIE4C1E1/N1AIM1SALTERN2/GOWN7I3/1FETA6A3/11L3/5CUBAGES3 BIKRRS?/AEGIRTY 411/343 0 -lex CSW24
admission-20260730-b3-p091	3	AVOID2K1D5/4O2O1O5/2B1O2JUGATE2/2RECCEING5/2U1E4EL4/2V6DI4/10R4/6BATTIER2/10O4/10P2F1/3PENALiZES1I1/FUME7M1N1/A1INNARdS2O1I1/U8Q1R1T1/X6SWINGLES EEHHOWY/ADILRTY 429/425 0 -lex CSW24
admission-20260730-b3-p092	3	10JO2H/9GOPURA/14V/KITTEL3COWAGE/R3MIZ3WEN1O/U4TALAQ2T1U/B5YOM1D1I1R/I2OREIDE1E1BAS/6NENES1I2/10C1A2/5SHELVERS2/10N4/7GEOTAXIs/12IF1/15 DEFNOP?/AAILNTY 408/342 0 -lex CSW24
admission-20260730-b3-p093	3	QIN8HAIK/1TEPAL1STORMED1/1ADYNAmIA6/3R2EXODES3/3U11/3VIFF1BLOC3/3I1EUOUAE4/MINCY1JIG6/6I8/3OUPS8/3W11/3L11/2ZED10/GOATIEsT7/OW5ELVER3 ENNORRT/AAEGNST 388/371 0 -lex CSW24
admission-20260730-b3-p094	3	7B7/6DO1QEEmA1/5FEN3N3/5REZ3T3/3GLOVER1LA3/5C4ES3/5KAID1AI3/6HOUFfS3/2BETTA1X1I4/2R6DEW3/2I6ORA3/2G6I1UP2/2H2R3L1LO2/1ATOPY3Y2W2/MIS1OUTIE1VINCA AEIJMNN/DENORST 380/324 0 -lex CSW24
admission-20260730-b3-p095	3	3VOTARESS4/1MOUP10/3L11/3N11/3ST10/4W4J1COZE/4E2OPIOID2/3HELLO1B1DEGU/2QIN1A2BI4/1VICE1A3R4/2N1R1G3IS3/2D2TEA2DA3/2A2ART1HEX3/2R2WEM1YA4/FUsK2dA1EL4 EIINNOT/FGINRTU 387/369 0 -lex CSW24
admission-20260730-b3-p096	3	15/12C2/10AHI2/10RET2/2G6FAW3/1JURaL3URN3/2V1HOTDOGS4/3TIBIA1U1M3/4SOZ1YETI3/11S3/4VINDICATES1/PLOW3E3I3/3OEDEMA2EXO1/1ANKLE1O1PORIER/ABY4I7 EEGLTU?/AENNNQR 319/360 0 -lex CSW24
admission-20260730-b3-p097	3	F3L9N/L1R1I4C4E/OPE1N3FORBADE/TEG1K4D4L/ARO1REAVAIL3E/1M1JOW3n5/1I1ET4G5/BA1US1QINS5/IN3AI1O6/S1TODY2XU5/OW1DIET2EH4/MICE5YU4/1G8N4/1H13/1T13 ANPRSVZ/AAEIRU? 373/303 0 -lex CSW24
admission-20260730-b3-p098	3	15/15/10F1U2/T2K4MEAGRER/A2I6L1B2/r2ER5C1I2/SATRAPY3OVA2/I2IF1ENZONES2/O1HET5EX3/I1Y5POTT3/D1O2VODOUS4/1HI4R7/1AD4U7/1J3QUIM6/BING1INDAGAtE2 EEELLNW/ACLNORT 322/394 0 -lex CSW24
admission-20260730-b3-p099	3	11O3/9VAUNT1/2S8T3/2O8F3/2F7PO3/2R6ZAX3/2I3HEMIN4/2t2GARAGEY2R/1TOUTIE3L1P1A/1ES7L1A1J/1N5H2E1DIE/UNAI2MELODEONS/1I4YAAR2UT1/1s5V4KI1/ETOILE1E7 BBDINRW/CCEGOQR 333/472 0 -lex CSW24
admission-20260730-b3-p100	3	VENVILLE7/3I11/3T1AWK7/2FE1BOY7/2AX1T1U7/2N2H3W5/2C2A3I5/1LIGANDS1N5/2E2E1E1G2Z2/2S2S1q1L2O2/2T4U1ENJOYS/7OOT2I1M/DRAM3IF3D1I/1APOOP1A6R/THERIANs6R ACEEIUU/BDEGOQR 620/350 0 -lex CSW24
admission-20260730-b3-p101	3	7W7/3Q3H1BEDDER/3I2MICE5/3N2OPINABLE1/3SLAIsTERY3/7T2M4/6WE2I4/2SAGUARO1G4/2T3V3Ew3/1FAN1FY3RE3/1ITA1O4OI3/1TIP1E5G3/2V8E3/1NERTZ3JELLS1/5OUD3A3 AADHIKU/CNORSUX 451/433 0 -lex CSW24
admission-20260730-b3-p102	3	F6d7/I6I3VADE/BOK2GRAMPIES2/1WOAH2B3N3/3PENCEL2D3/2HOMY1T7/7I1W5/TERN3CRAIG3/2YEZ4I5/1JUTE2O1R5/4DRILLS5/1ATUA2E7/7F7/7INSOULED/7N3NIXE EGOOQUV/AAORST? 346/357 0 -lex CSW24
admission-20260730-b3-p103	3	D14/A14/CAB9A2/HAUF8G2/A1RID5T1O2/3NOTIFIER1N2/4MOOI2U1I2/SEIZE2LOVEYS2/1S4WAX1L1E2/1Q8O4/1U8V4/1I8eA2G/1REGREW4B2O/1E7JOULES/IDENT2PLANT2H AEIMNRT/CDNPRTY 426/403 0 -lex CSW24
admission-20260730-b3-p104	3	6AVOIdING1/7O7/2STRATIFy5/K6D3T3/O3MAWS3R3/IMAGO4QUIZ2/N1YIPE5C3/E1UNEARED1HE3/6E1E1UP3/5JA1OWT4/4GOD1DOS4/4YEA1AE5/4N1B1R6/4I1L1A6/3BEVELS6 CFIILOU/EHNRRTX 339/439 0 -lex CSW24
admission-20260730-b3-p105	3	3C4BOMBING/2GU4OLEA3/2ET5E5/1WOW3TUITION1/1IDOLISE1N5/1FER5E5/ST1M1DUKAS5/AY1S2TIX6/R4GARE6/N4O9/E2COLEADEr4/Y4I9/2AFLAJ8/5R9/2ZAIDEH7 EHIPTV?/AOQRRUV 367/413 0 -lex CSW24
admission-20260730-b3-p106	3	13F1/13AT/13HO/10MUT1A/4CIAO2OGEES/7KOJI1EFT/2P2CHAO5I/WALDS1EYRIE3E/2I1TUX3L4/2o7V4/2T7A4/2R2sUBZONES2/2O12/2N4REGINAE1/DISPELLED1NUDER AAIMOQR/GINNRVW 439/360 0 -lex CSW24
admission-20260730-b3-p107	3	15/3S3CERvELAS/2GALAX5O1C/3T8AMA/3I8FOp/3N9ZA/3I5W4I/GHEE3UVAE1VIN/2TROTH2U1PO1G/6YOUK1LA2/2QUOTE2EWER2/1RIPIENO1DIB3/2N7N4/9AY4/6JILT5 DDEIMRT/BEEFORS 397/354 0 -lex CSW24
admission-20260730-b3-p108	3	T4TORTIES3/R8FEMME1/E1N2T4WOAH1/FrIULANO3U3/A1V2E5C3/1VAX1N5H3/2L2IGAPO1E3/4DO1PAUAS3/4RILEY1T1Z2/4OD3QI1E2/4W5G1R2/4N3BLIND2/RIGaDOON4A2/15/15 BEEKRTY/ACEEJSS 392/375 0 -lex CSW24
admission-20260730-b3-p109	3	14W/14A/1HIERATIC3O1G/8O1PORNY/8I3O1U/5H2S3p2/5U2T1R1E1I/5N1ORLOPS1X/5G2I1A1A1T/4JA2L1D3L/4UN4S3E/4V4NIQABS/3DEAFENED1MY1/1TIE2ETUDE4/RANGIER8 BCEMTZ?/AEFKOVW 366/388 0 -lex CSW24
admission-20260730-b3-p110	3	6ADVOcAATS/7I1COW2L/5TUNEAGES1E/5I1N3DOTY/4EXTeRNS4/7R7/7E7/3GRUND7/4I7F2/1WHAP2B1FAVE2/3EPULIDES1I2/7ZONK1R2/6MOG3I2/5QIN4E2/6BE2JURAT ACEHLOO/AEIMORT 428/420 0 -lex CSW24
admission-20260730-b3-p111	3	3NEREID6/8AZO4/8DEITY2/7LOX1R3/10PI3/5W3QINS2/5U3AE1t2/5DRIPT1TEGG/7N4L2/5WASE3L2/4COINAGE1IF1/7A3TOO1/5BUROO1H1V1/6RENY1I1EM/STRAIKED3O1AM AEEFLTU/BCJNSV? 374/358 0 -lex CSW24
admission-20260730-b3-p112	3	AGs7WYNNS/YOD6H1I3/1AA6OFT3/1TI6WOE3/1EN6LI4/MEE5DEN4/IdS5AR5/C5JORS5/R7K6/OD6L1Q4/NU6I1I4/1O5TERBIC2/1MUTTERER1L4/1I2AX4A4/3EPODE2SABAL FGGHOUV/EINPTVZ 403/400 0 -lex CSW24
admission-20260730-b3-p113	3	7T3QuEP/3NUDZh6R/4NE1R2JOULE/4AA1O1RAW2V/4UT1S2V2MI/5HET1MAL1IS/6CLOY1I1XI/6REBOOK2T/6U1LI1EH2/8ID1NE2/8G1YEW2/7PA1AD3/6FET1G4/5ROBINS4/6NA7 AEEGIOT/ADENORS 431/327 0 -lex CSW24
admission-20260730-b3-p114	3	EPEES2G7/1R2W2I5F1/1U1CISTVAEN2O1/1S2R2E1R3R1/1I2L1ADAGE2AL/OK7O3Ma/I6PHT4U/D5VOMITY2G/I8Z4H/AX1BEDEAFEN3I/1Y5BASELINE/1l5D6R/1A5U7/1N5C7/7T7 AILOQUW/ENNOORT 414/350 0 -lex CSW24
admission-20260730-b3-p115	3	CALX11/1V13/BID12/1DE1Q10/2V1U10/1HADEAN7B/2L1R2W5YE/1GLINTIER4OW/EE3A1L5OH/AN3JUKU4PO/ST5T6r/I13E/E1ZOA5MUCID/SPONGE2AGA4/T1OY1NETSuRF3 FIINORR/EIIMRST 452/309 0 -lex CSW24
admission-20260730-b3-p116	3	F9P4/ID7BY4/TeX5QiN4/1RIF3AINEE3/1T1OR4N5/1H1BELT2A5/4D2G1C5/3VULGO1L4W/4COULEE4A/1K2T2D6W/1I2O5GYTES/1NITREOUS1IO3/1D6HAOMA2/EA3JIVER5/E8M5 AAEEIPR/INNORUZ 298/422 0 -lex CSW24
admission-20260730-b3-p117	3	14R/13SI/13TE/7BICCY1EM/10h2E1/4FAB2JET1R1/4ELODEAS2I1/AZURN1WEX1TALEA/NEG6QI2S1/1PHO1VAUTING3/10GO3/7I3L3/1VITRO1U3P3/5WARTIME3/INDOLE1E7 AFHKRU?/DDNOOSY 384/376 0 -lex CSW24
admission-20260730-b3-p118	3	15/1S13/1T13/1O9A3/1O2hALIEROV3/1Z9O3/1E6KNAWE2/FRUG1OORIE2T1R/2PINNY5I1E/1F1B1YEWS3O1L/1AME8L1A/1GUDESIRE1THANX/QIN9T2/IN7PURED1/7GHAT1DIB AIJLSU?/ACDEEMT 336/400 0 -lex CSW24
admission-20260730-b3-p119	3	14L/1RETAINS4P1O/6YEX3L1W/7DIF2A1N/9AA1I1E/7TORNADES/5KEA4I1S/3MOOLI4N2/2YOU1U5G2/1C4T2FIG3/1O1OUTRACED4/JUVE2I2GELD2/OR4A8/1I4T8/1EVZoNES7 ABBHMQ?/EEINRRW 304/513 0 -lex CSW24
admission-20260730-b3-p120	3	1j5S1ANTRUM/1EX3BORM5/1TIP3W7/1L1L3B2GO3/VINED2R1FAN3/ON1N3E1AWE3/DE1C2PAKS1L3/UR1HOIED1T1Y3/N1V1FOE1YE5/1QI5AS5/2STRAUCHT5/2I4OO6/2E4GO6/7I7/7E7 AADGIIZ/EEIJLR? 273/417 0 -lex CSW24
admission-20260730-b3-p121	3	H6WO6/OH2J1COUPE4/BEY1I1A1PER4/1FAWN1L1ATE4/AT1OXIDE1aD4/LEVO2R2R5/U5O2D5/M2QUINCES5/I2U2SO7/N2EF2I7/E2NA2S7/3AT2T7/7R7/1BAG1KYE7/ReMIGIAL7 ADEGNRV/EILNTTZ 435/413 0 -lex CSW24
admission-20260730-b3-p122	3	13HA/3P9OR/2BRAXY5AIR/3O7DIKE/1BEVVY4QIS1S/3I1AN1AJI1L1T/2LA1MEOW3E1E/2EN2FOE4OE/2ST4DOC2f1/2T10F1/1DIATOMiC4L1/2N9LI1/2G5UNGUENT/12HEW/12R1P AGINUUZ/ADEERST 417/407 0 -lex CSW24
admission-20260730-b3-p123	3	15/3T5K5/3I5L5/3N1G3E5/3DZO1A1T4V/4IO1EFT4R/4N2QI4SO/3VELOURS3OW/4B2OMA3I1/7REGINAL1/3MANTiDS3U1/JAGA3N5R1/E2N7AWEE/UPHILD1FORTIES1/X2C1ICY7 ABEIPUY/ADEEHO? 365/327 0 -lex CSW24
admission-20260730-b3-p124	3	4PROW7/1ORZO8J1/GUY2T7ED/1PAY1I7RE/3OSTOMaTE2It/5HI6DA/4GELEE2R2I/6FAX1COVEN/6I4U2E/5ORATIONS1E/6E4D3/6DA3L3/7N3E3/3BIGHA3T3/MILESIAN7 BCLQSVW/AFKRTUU 336/420 0 -lex CSW24
admission-20260730-b3-p125	3	LORNEST8/5JO1IF5/4DOW1NUS4/4EEN1AGEN3/4K1W1C1XU3/4E1E1T1T4/4D1a1I1I4/5BRUV1L4/5I2E1e4/1Z3G9/1O2OHIA7/1AHINT1BLOTTO2/8AREAE2/5MISSEEN3/4QADI3GORP ACDFPRU/AAELRVY 370/354 0 -lex CSW24
admission-20260730-b3-p126	3	AW5TUPIK2T/MEM1b6A2R/2EIRENIC1VITAE/3DOD5N2Z/4A5QI3/4D6T3/4L1NOOSEs3/3FY1EUOI5/3A3PHT5/1U1V1FEASE5/AREOLAR8/XI1R2GJU6/IT4OOH6/OE5N7/N6G7 EEGLNSS/ABDILRW 306/468 0 -lex CSW24
admission-20260730-b3-p127	3	6TABID4/7T3c3/INTERWAR3E3/7O3N3/6OPIUMS3/5V1H3U2G/5O1I3R2R/3FIDGE2OE2I/5O1S2U3P/5U4I2FE/4ANAS2J2R1/3T3WAXABLE1/1TREENAIL4E1/3C3V5Z1/TACH3E3YLEM ADILOQS/DGNNOO? 377/342 0 -lex CSW24
admission-20260730-b3-p128	3	3F11/2FA11/2EN11/2IO7C3/2J8L3/2O3DUMB1A3/2AT4ZIGS3/2sHOOTIE1UP3/3IDEATE1I4/3C6R2V1/1LAKEBEDS1O2I1/3L9R1/2PYREX1MOWN1O1/1Q3HUGER3S1/DIWANS2NETTLER AEGNOR?/AIINTUV 377/340 0 -lex CSW24
admission-20260730-b3-p129	3	15/9WRAPT1/8Q3A2/8ILEITIS/9OFFA2/7DEW2G2/12I2/PHUT2JIZ2GAUM/2N3ONO1VULN1/L1B1OUTGONE4/EYRIE5XI3/V1E12/I1E5HOARD2/T1CONELRAD5/E1h4EMACS3 AEORRS?/BDIKNST 377/349 0 -lex CSW24
admission-20260730-b3-p130	3	BLEW7V3/1E9I3/1QUIM6D3/BuRD5INS3/1E7NA4/1A7KY4/UR7S5/P1EOCENE1T5/HOX2WOF1O4E/A2ARETTING2JA/N2M4OEUVRES/G2I9HI/3C8FAE/LOGILY6EDS/12U1T ADIORTZ/ALNOPR? 484/313 0 -lex CSW24
admission-20260730-b3-p131	3	11FOID/13N1/2M5PIONIC1/1BUDGIE6A1/2R1A8V1/1FE1J8E1/1AX1OE1V2GAKS1/1A3THORNILY1U/5U1W1ATE2G/5I1SAZ4L/8LEWDSbY/3NATURES5/1LIONET8/3METErED5/15 BOOOPRT/ACEHIQR 363/416 0 -lex CSW24
admission-20260730-b3-p132	3	CINEOLES3J3/3D2WORKBAGS1/3I7Z1I1/3T7Y1F1/3O6V2T1/3ROWME1HI4/3I1AUREITY3/2DACITE2R4/3LO5A4/4N4QI4/4D4AL4/4E4T5/2OUMA9/4N3EXPLORE/2UNSAFER2OPEN AEINV??/ABDEGHS 450/506 0 -lex CSW24
admission-20260730-b3-p133	3	15/1I13/1NA12/LAZuRITE3K3/1NO8V3/1G8AERO1/FA5DOUBLERS/A2BEgRIMS1L2P/MUNIFIED6R/I12QI/N12UG/GELATION4JO1/6YATE2OD1/9HOVES1/3ECONUTS5 ADEEHRY/ACEPTWX 347/521 0 -lex CSW24
admission-20260730-b3-p134	3	7R4ZIN/7E3REGO/7Q3INGo/7U3V2K/7I2WE1AI/5JUT2H2YE/2YABA2OCULI1S/2AROINTS1MIDST/2WEB2R2M4/4AXOID1L4/7F2eA3/CHEEP2O3L3/2ETAGERE2O3/7I3O3/7A3F3 ADLNPSU/DENOTTV 420/296 0 -lex CSW24
admission-20260730-b3-p135	3	13EH/1K10BAM/1N9MEU1/1A3FEG2SIG2/1V1JOE4IN3/1ELOINED2XI3/6WOODS4/2WHIP1ORACY3/1PEATIER2O4/VID7R4/4BAA3E4/4ANLACES4/2NUDITY7/5LOU7/7sQuEG3 FORTTTU/EILRRST 438/342 0 -lex CSW24
admission-20260730-b3-p136	3	VIFDA3DEAWING/3ENCOLORS4/2METOPOnS5/5D9/4TE9/4AB9/4UT9/4BOYF7/3HER3G5/3A5U5/3l3VELD4/3O5LAZO1C/2TUPIK1HETAIRA/3MENILITE3N/JAXIE9N EEGOQRU/ANRRSWY 370/541 0 -lex CSW24
admission-20260730-b3-p137	3	2F12/1JO12/1ON12/1R12T/1A9S2I/1MORGAN4E2T/2HOON5C2R/1LOMEnTA3O1EE/1U3E1INDENTS1/1V2ZAS4D1P1/3BALK4L1I1/2GUP1A4Y1E1/2AD9g1/FRUICT7L1/YER2OBIA1IVIED EEIINRT/AEGHQSW 377/337 0 -lex CSW24
admission-20260730-b3-p138	3	FOH3JAMON1ZEN/1DELATOR2UVAE1/1AX3WEM1SIGLA/11V3/10TA3/9DITTY1/10N1O2/6BLINd1W1H/6R3E1EAU/5QI3R1LIE/6E3Y1IT1/1COUPER5NU1/6I5G2/6E8/1BAGARREs6 CKNOSST/DDEFIIP 450/366 0 -lex CSW24
admission-20260730-b3-p139	3	AQUAShOW7/N5DORP5/T1AGIO1R4T2/HOTE3C4A2/E2TENDERLY1I2/R6sEI2L2/A4PITIED1Z2/L1U4EFFIGIAL/1UNCOVERS3E2/2W12/KNOBBED8/2V12/G1E12/JIN12/U14 HIORSTX/AAAEMSY 307/459 0 -lex CSW24
admission-20260730-b3-p140	3	7CURRAGHS/14O/14L/9FUEL1I/5REWRAPT2d/4QI7BI/5TOYO1M1DOF/JUG4AXIALItY/1NOVENAE2N1PE1/1K8D1S1L/1I8A1AWE/1N8T1DIV/1G8O1ET1/1E8R1SH1/ADOZE10 AEEEIIN/CMNORTT 455/433 0 -lex CSW24
admission-20260730-b3-p141	3	14R/9VAGILE/14E/11LOCK/10PI2I/4B1R1DUITS1E/4U1AYONT1O2/4F1RAX3C1Q/4F1E5I1I/4EVENT3AHS/4T3W3TO1/1WAZ3HI3ERG/2BONDMAN4AE/5EERY4LO/JOLING1P6S ADOTU??/DEEMNRS 269/403 0 -lex CSW24
admission-20260730-b3-p142	3	15/15/11APE1/7ThONGING/11O3/9Q1U3/4N3AI1TERF/3JEERED2Y2A/2MOW3O5X/1BOUT3R4RE/1ERAS3N1BIZES/1DeL3WIVED1I1/2N4AN4V1/EIDOLA1AG4E1/ATOK3H2MAUSY FHILLPR/CEIOSTT 385/373 0 -lex CSW24
admission-20260730-b3-p143	3	3B3V7/2DE3I7/2OE3R4Q2/2UP3T3GI1W/I1R1Z1NUCLEON1a/M1I1OF5D2B/MONGOES4L2A/O1E1N1TEAPOY2I/R1S5XI4N/T6ReCHARTS/A8KAIE2/L9JAW2/IF6DUI4/TA13/YE13 AEEHLNS/ADEEGRV 444/430 0 -lex CSW24
admission-20260730-b3-p144	3	15/12P2/7FUGU1E1D/9R1pE1I/7UNITARDS/9Z1GI1O/7MM2OE1R/U5JIAO1D2B/N7YOWIE1e/R8HET2D/A10E3/KETO4OBVS2Q/E1EXALTER5A/2COHO2CINEAST/4AYIN6S GILLNNP/AEFITVW 432/381 0 -lex CSW24
admission-20260730-b3-p145	3	7D7/2V4O1U5/2A4W1T1ACK1/QIN4PITAYA2/2G1J4EEEW2/ZOS1UH3r5/AB2NU1BELIEF2/GO1A1GOODY1FERN/1I1m1E9/1S1MURRIES5/1THON3DIMP3/1SIN11/2DI11/3A11/EXACT10 EILNOTV/AELORRR 312/462 0 -lex CSW24
admission-20260730-b3-p146	3	11ZURF/11I3/2OUP3FJELDS1/2UME4O1L1A1/2NUB2I1K3D1/2C1A2N1I3D1/2E2QAT1E3L1/2SPOIlERs3EH/3A3R1T2ARE/3V3V4C1R/3EME1I4O1O/3NOG1E4L1N/4HO1W4Y2/1EX1R7T2/TWIGS7E2 AGINNSY/AABDITT 490/313 0 -lex CSW24
admission-20260730-b3-p147	3	11WIFE/2F6V3E1/2I5VIGILS1/2ZO5M1DOT1/3v9IT/3E4AA2PEE/3R2GOBY2URD/3N3KYUS1N1D/3E2WAE1T1C1I/3A1JO2HE1H1E/1CORNO1B1MAGE2/7A2LOR2/7NONETS2/7I1AD4/7A1T5 INQSTU?/AEILPRU 433/335 0 -lex CSW24
admission-20260730-b3-p148	3	3FLOOEY2P3/7HAURIANt/11V3/10JOW2/10UTA2/1DESCENT2M1REG/REX3AWA1PIKAU/2I3BOLLS2UN/2G11D/1ZE11Y/1EA12/2N4BODGERS1/2T3QI7/1HEDONISM6/3IRONE7 AEIRTV?/ACFLOTT 412/481 0 -lex CSW24
admission-20260730-b3-p149	3	1T1FIPPLE6/1R1R11/VIDEO7C2/1B1EM3ZOOTY2/1A1DE1ACErBITY1/1D2N1V5A2/KEA2NEUROIDS2/y1AWRONG4E2/O5T8/G4GU1OF5/E3NARTHEX4/N4WE2AIA3/S5SLUR5/15/15 AIILQSU/EHJMNOT 443/342 0 -lex CSW24
admission-20260730-b3-p150	3	ZO1FREED6Q/1BLUEY3R4U/2ANSERINE1PO1A/9L1YEGG/4RESONaTE2g/5LINUX1TIKI/9E2DAE/VANDA1JAWS4R/4GIO8/5OTIC6/3PUNA8/HOME11/1MICHT9/15/15 AADIOST/BEFLOTV 469/397 0 -lex CSW24
admission-20260730-b3-p151	3	EN1FEYEST6/XI1I11/OO1B1G9/1B1R1L9/GI1OHO1H7/AT2UP1O7/ZEA1R2M7/I1TITULE7/E1T1L2S7/R1A1EW1P4A2/2I1DO1U4V2/2NA1R1N3DI2/2ED1K5JA2/2DA3FONnING1/3WAVEYS2N3 CLORRST/CEEIMQ? 374/367 0 -lex CSW24
admission-20260730-b3-p152	3	T3JOIN6R/HANDAX3N4I/E7WODGE1C/BEGO1DIP1n1OATY/E1UNEASIER5/2TONDO2U1V3/8AR1I3/6ROTATES2/8AL1W3/5QUEP2I3/10FEY2/10ERA2/10C1G2/10K1I2/5FORMES4 ILMSTVZ/EHILLU? 362/330 0 -lex CSW24
admission-20260730-b3-p153	3	1DAYGIRL4HUM/1A7KATI2/1P4UNGOREd2/1SEJANT8/1O5C7/1N3CROOL5/AE5GU6/X5QI7/IO3DIEB6/OW5SOV5/N1NAH3L6/SEAMAID1LIRI3/2BITTERS6/1VEE3E7/7Z7 AFOPRUY/DEENTT? 371/368 0 -lex CSW24
admission-20260730-b3-p154	3	15/AB13/NE8QAT2/TE9G3/IN9A3/P4F3J1M2L/O3MI2GULAR1A/DUX1OB1KINES2t/E1INTROIT1A1F1T/4HO4V1A1I/4E5E1E1N/2CURNEY2DERVS/4E7I2/4D1TARROWED1/5COW7 EHLOPSS/AGIIOY? 369/377 0 -lex CSW24
admission-20260730-b3-p155	3	14D/13KI/11GOOG/11LAW1/11iF2/9ZIT1S1/1P9T1C1/FY3JOE1PREMAN/OX2BOUrGIER1N1/V2LIB1NOAH1ADS/E1QIS7REH/ALINE2DATURINE/E1NY2CAW3ETA/14V/14E AEORTUU/DEILMOS 393/414 0 -lex CSW24
admission-20260730-b3-p156	3	AM12J/WE1A9PA/ER1I9IN/DE1T1H5WIPE/1N1U1O4ZITE1/1G1SOX3KET1R1/1U2C3QIN4/REFACE1YITIE3/3GALVOS1T4/OF2M5H4/BO1BY5S4/EN1L11/1D1A11/1L1N11/READOUts7 IIORSUV/ADEGLNO 469/337 0 -lex CSW24
admission-20260730-b3-p157	3	6HAHA5/5EMBAYING2/12R2/12A2/9QUIZ2/12I1W/12E1A/B6GJU1ARTI/O6O1PEW1OF/TREENAIL5UT/T2RELOCATES1S1/I6O3E1L1/N1TRIGONIC1N1eD/E6D3V1SI/S6a3Y2V EKLMORU/ADEEFOX 539/428 0 -lex CSW24
admission-20260730-b3-p158	3	7D3JOOK/1ZIMBI1O1BLAIN1/5NUCLEINS2/3M3H3T3/1PEARLITE2I3/AR1C5FIERY1/WE1A2URVA1S3/EL1WEDGE3TOPE/1U2FOH6I1/1d11Q1/DE11U1/ER11E1/V9GNAT1/O14/N14 AINOST?/AADOSTX 357/402 0 -lex CSW24
admission-20260730-b3-p159	3	15/11J3/11ABA1/4G6KIT1/4A5T1LOP/3ET1W3R1OPA/3EH1Y3I1BYS/3VEINLETS1A1H/3ER1D3EaR2/3NEF3AMU3/4DIM2GER3/5DA2O1I2F/2QI1OX2N1C2U/1VINOS5L2G/6CAmELEONS ADEINTU/EORTUWZ 455/469 0 -lex CSW24
admission-20260730-b3-p160	3	DOgSLEEP7/5U1ENTAMES1/5T9/3V1E9/3I1x9/3S1I5JAI1/S2C1AD3BOHO1/NAZE2OUAKARI2/O2R1FE1WOW4/T2AGEN1AILING1/T1BLUR5NY2/I3L2QUIRT3/E1HOAX9/R14/15 EEFNRTY/DDGMOPV 369/430 0 -lex CSW24
admission-20260730-b3-p161	3	3Q7L3/3U4COVERT1/3A7X3/3K6WEM1A/3E6ISO1N/OVERHIGH2N1OPE/6I3D1DEL/A5BAFFY1I1E/N5E5E2/ThIAZOL5S2/E1OBA2PRECUTS1/N6I7/A4DILUTION2/T6O7/I6W7 ENRRSTU/AAGJRY? 428/408 0 -lex CSW24
admission-20260730-b3-p162	3	11MODI/13I1/9TIFOSI/8Q2L1C1/4D3I1PE1R1/1ANGINOUS1EX1E1/2EINA4Y2T1/BOP1OVUM2OCREA/E3S2EW1T4/D2ZA2AH1L4/A2OU2NYEs4/R2ER2IDE5/K2A3NA6/E2L2UGH6/N6S7 EFGLTTW/AIORRT? 340/495 0 -lex CSW24
admission-20260730-b3-p163	3	7V7/7O1V5/GUY3NASALISE1/1TAJ3R1T2l2/2DOD4I2O2/4OX3C2T2/2ALPINES3H2/ZAG4FIB2E2/8FAURD2/4QUIETEN4/4U10/3BEE9/2MARMOT7/1LANNERET6/LACES2WOKE4 EGHIIOY/DIIOPRW 489/373 0 -lex CSW24
admission-20260730-b3-p164	3	6CORNEAL2/5Ye5IF1/5ID5NA1/5NA3RUKH1/6R8/5BE2V5/5AD2I5/MATJEs1AVO5/5QIS1LO4/5U1P1OWT3/4BI1E1NOY3/4EN1C1E1G3/4FE1TO2ST2/1UPDOS1EWT2I2/UH2G2DOE1AXIL AAEGINR/EELRSTZ 362/374 0 -lex CSW24
admission-20260730-b3-p165	3	7CEMENTED/14R/12A1U/12NOB/4U7ON1/1TOON7MY1/2WET6XI2/3SHOJI3YER1/4ABAFT2L1I1/3TWIG4O1V1/2KIS1GUANOS1EL/1FAE7E1TO/1AI10eH/1ZE10DA/1ESPIEGlE5N ADDIPRU/ACIQRRR 384/419 0 -lex CSW24
admission-20260730-b3-p166	3	KNIVE2T3F1AX/3I3O1JOLTY1/GEOThERM1I1O3/ULNA3BEZ1W3/3L4Q2N2V/5SCOUP4R/4GHI1I4NO/3FIATED4EW/5GEM5U1/1CLADS1ORBITAS1/3R9T1/3U9O1/3A9N1/3N9S1/3A11 AEEHIIR/ADEEPRY 373/298 0 -lex CSW24
admission-20260730-b3-p167	3	6AKIMBO2J/6R2E2QUA/6FOUNdlING/9T3DA/8PHIZ1U1/9E3L1/7PANEITY1/7OGEE1R1O/5VOTES2U1O/6NED1I1T1M/LANIARY3FOH1I/A10XI1A/V11E1C/E8CLAROS/D14 EEGNRTW/BDEILSW 452/382 0 -lex CSW24
admission-20260730-b3-p168	3	VOX4H7/1BuCARDOS6/7N7/1EUKARYOT1GON2/7U1ZIP2A/5JArTA4V/1S5E6O/1L5EPHEBI1W/1A1GRIESIE1AFAR/1L1U5WOT2Y/1O1Q3DONDER2/1M1I11/1E1N11/1RESLATE7/15 CDEGILM/EIIINTT 364/447 0 -lex CSW24
admission-20260730-b3-p169	3	3DOZIER6/8O1C4/5R2E1U4/4JOE1N1b4/4OBA1T1A4/4BOT1G1G2EL/5R1WE1E2Mo/3WEAVINGS2UM/5N1V6P/4ETAERIOS2I/1LYNX2R2KHAFS/8FIERY1H/11O3/9SQUAD1/10IDIOT ACINPTU/AADEILN 446/386 0 -lex CSW24
admission-20260730-b3-p170	3	4JUVES3QUA/8MAFTIR1/6LEU3N1D/5PATTIES2I/4OO4WINOs/3POKIER5C/2BITE1GI3D1A/1VOG2WOF3R1N/GOX9YET/EL11N1/NE11A1/UR11B1/1IDYL8l1/ZE11E1/AS11R1 AEILMNO/AACDHRS 370/404 0 -lex CSW24
admission-20260730-b3-p171	3	FOUAT2R6L/R1sTAGGERY4U/I1EEW2S6R/A5BI6C/N2REMINTED1NOH/D5ZA4AX1/E4FET2N1BOD/S4U1EPHOD2O/5T4U1V1J/4QI3INCAVO/4AL4YAK1S/4TE5AI2/12L2/15/15 EEGIMPS/EINOORW 380/322 0 -lex CSW24
admission-20260730-b3-p172	3	3P5T5/2JA5H5/2AN4QI5/2MI3BIN5/3COGIE7/7GOX5/5F1U7/4RORID6/5O1L7/3WIZIER2NOWT/5L1R2FUB2/1AYU1E1SOLATES1/1MANTRA8/LEG3PEcCANT2/2EARDED3YESK DINOSU?/AEEEOTV 370/312 0 -lex CSW24
admission-20260730-b3-p173	3	2T11F/1ZE10OI/1AA7INURN/2L3NEUK3N1/2I5DIDDLER/2G2FAGOT3R1/2H3YU5IO/1AtMOSES4DEX/3A8ER1/3R8P2/3L4QIVIUTS/3I8TOC/3N8EWE/3G1HAO5IN/3SCAMP5EE AEJORTT/ABELWY? 393/399 0 -lex CSW24
admission-20260730-b3-p174	3	15/9C1J3/8QANAT2/9NUR3/9N2R2/1Z7AT1E2/1O8I1G2/PO5IrIDIAL1/OM2PUFF2E1L2/I9L1ER1/T2BUT4I1RE1/REGINAE1BUNG1OK/E4HEMATEIN1E/L3VAW1CASTORS/S13H DDOVWXY/ADEEOSY 358/473 0 -lex CSW24
admission-20260730-b3-p175	3	Q1VIRGER7/U1I12/A1V12/KNAP5FOX3/E2ALEWIfE5/1LORIMeR7/2FAP2AJEE4/7TOTTY3/2CHANNEL6/4AYU1EBB4/1DOGS3DAINT2/2MU11/2SEALINE6/8SHORTED/15 CGINOSZ/EIIORUW 410/404 0 -lex CSW24
admission-20260730-b3-p176	3	7G7/7R7/1NAV3O4Q2/2WOOD1V4I1C/1FERMATE1BARN1I/5BALTI1E2d/U10T2A/P5XU3C2R/S4ZITS2H2I/W1LIMO1UNDoINGS/A3OLE1I2N3/YODEL3F2G3/1HEED3T2S3/JO6Y6/15 AAEINPU/AEEORRT 335/428 0 -lex CSW24
admission-20260730-b3-p177	3	15/3S1B9/3c1e9/3O1D9/3T1W9/3O1A9/3MURLY1D5/3I1F1UNROVE2/2JA1S2EA2PI1/1HO5EM2ION/1AT1Q3D1H1T1I/2TRUNCAL1AZO1X/2E1A3I1GENII/2R1Y3E2KITE/GASP1BURROW1C1S AEEGLNV/EEFILOT 394/362 0 -lex CSW24
admission-20260730-b3-p178	3	4REIF6D/3MOY8O/1ZAIDEH2AQUA1G/GEIT1NIXIE1V1TE/3TI6U1H1/4M6L1YU/4p3BLEAK1N/4O2RAIAS2L/4R4N4O/4T4E3PO/4S3PARLORS/9G2VEE/8OE2AN1/8US3T1/6JAR6 CDDNOT?/CEEIINW 366/303 0 -lex CSW24
admission-20260730-b3-p179	3	WEFT3MIDWIVE1/2A9E1I/2N3MOZE2N1N/2FUDGY3S1T1K/2O7E1A1B/2L5cAPTIVe/2D3UGH1T1L1R/2SOLARIA1O1S1R/10R2OY/9QI2P1/8CAA2HI/7RUT3IN/7ED4TO/7E5ER/7N6B ACJNOUX/EEEEGIS 392/462 0 -lex CSW24
admission-20260730-b3-p180	3	7C3GRIZ/5POO2JEED1/6KUNA1N3/7R1B1N3/7B1ARE3/5W3FET3/5HOASTS4/C2QUERY2I4/RAW2L4L4/OYE2P3XI4/MUDFISH2ING3/O10O3/R10VAUT/N6ELDESTs1/e2VOMIT7 AAEGILT/ADEEINO 502/377 0 -lex CSW24
admission-20260730-b3-p181	3	HADJI6EWER/2AE7NOX1/2UT8O2/2REF6GLIB/4I7s2/W3V5P1K2/I3E4TO1I2/N2FRATI1AZONAL/D1V2MONITOR3/ARAISED2EL3C/C1L7E3A/2G7SNOOD/2U10HE/2S10MA/14U GIPRUY?/BEEESTT 369/376 0 -lex CSW24
admission-20260730-b3-p182	3	10T4/9POULE1/3P6G4/3IF5A4/3XI3HIE4/1B2N3OW5/WE2E3OI1R3/ID1BRUtERS1E3/C1YAY6V3/ET1J1ZOL3I3/1HARIANAS2V3/1U1E7i3/INTERLOAN2N3/1K5TANAGER1/3CULET7 ADFGIOS/EMMOOQT 248/505 0 -lex CSW24
admission-20260730-b3-p183	3	6BONDLESS1/7V7/6HIRLING2/6IN7/6OE6A/5BI7G/5A8I/5TYPPS3GO/2CUITER1ET2E1/5Y1E1XU2O1/1F5H1TAW1D1/QUILL1VERONICA1/1Z5N3D1T1/1E5d3O1A1/1DUSKIEsT2W3 AAEFNRR/AAEEMMR 296/307 0 -lex CSW24
admission-20260730-b3-p184	3	10VIRGE/13O1/13L1/13PA/14U/2THINNER5D/1F6OI1O2I/1a4JAW2V2N/1C3KAIE2E2G/1E2OY2DHURNAS/1M2PEBA3E3/1AULA4IODATE/1I5OUTSIDES/1L9TOFT/5wAXEYES3 CEGILNQ/BNRRTWZ 304/478 0 -lex CSW24
admission-20260730-b3-p185	3	1T12A/1R8B3J/1E7EOSINE/1M8UH2E/1O8NE3/1R1MIX3H1L3/1ELUTION1E1V3/1D5UPTIES1O/9T2N1W/9I2A1R/6CIVET1R1I/12F1E/1YOCK1FILAGReES/ZEDOArY5D1T/ORAD11 ABNPSUW/AAGILNQ 446/361 0 -lex CSW24
admission-20260730-b3-p186	3	15/15/15/5WAITLIsT2/8RETIE2/7GAK5/6FUD2R3/5JAPER1E3/4ZAX1DI1W3/2QUAY1T1V1E3/E3T2O1OMA3/M1DEIFIC2OR3/BOONS2HO1E4/O6ENPRINT1/G1ACqUIREES1YEH AGLLNOU/ABDLNNS 390/314 0 -lex CSW24
admission-20260730-b3-p187	3	10NITRE/9K2WE1/9OB1OD1/9POW1ED/10OH1FA/7MINTAGES/4MOJO3U1CH/3NOYAUX2P1TE/2LUGER1I5E/AFAR1Z7AN/E12L1/D9BIVIA/I7QAID1V1/L12E1/EGoITIES7 ACORSS?/LNNRTUY 346/389 0 -lex CSW24
admission-20260730-b3-p188	3	1G1I3R7/1L1N1B1e7/1U1U1LANTERNED1/1T1L1E1O7/1A1AWN1V7/PE2OD1A7/HID1O1AT7/I1EFFACE7/Z1U1I1E5V2/2T1E1t4ROJI/2E1R1O5G2/MURK2X4GI2/2O3Y4OE2/QIN3L4B3/6SHIRTY3 DENPSTW/ACEIMSS 433/347 0 -lex CSW24
admission-20260730-b3-p189	3	13FE/12BYE/2R9U1N/2OP6JOY2/2WAB1PWN1AX3/2THIG2AZIONE1/4T1DOGE5/3CUVEE1ATONAL/4M4LAH2A/3REFLETS4M/4D8QI/13IT/11RINE/3ARIKI6R/7SEDuCErS EILRTUV/DGINOOS 359/326 0 -lex CSW24
admission-20260730-b3-p190	3	12Q2/1H9KIP1/RETRIEVE2FANO1/1k8AW1N1/1E8N2G1/1TULIP4D2O1/ZA3UFO2O1D2/ER1JEHAD1SMIRRY/NA1U2GEITS1A2/3L8c2/3I3COMBLE2/3E3O1AEONIC/3T3V4A2/7E4S2/7Y7 BEGIILT/DORTUWX 366/406 0 -lex CSW24
admission-20260730-b3-p191	3	3YAUTIA6/1B4R5V2/1E4O5I2/1A4E5M2/1T4L4DE2/CH3QI2K1ENG1/L5EW1O1L1A1/I6AJI1I1RE/PA5W3C1OX/ID5E3T1TO/NOR1OUTsOlES1E1/GROVY8SH/1EN11U/1DA6PURFLE/14D ABEGNNZ/AIMNSST 420/307 0 -lex CSW24
admission-20260730-b3-p192	3	7B6B/7U6L/7F6E/7O5NY/FIDDLERS5O1/O12MA/C3G1JOE5U/IT2L1OURARIs1L/1AVOiDED4T1O/1X2T4MAGICS/4Z2WEEK1R2/7I2AERIE/7P4A1N/3PIQUE4H1V/2NAOI1R6Y AEEGNSS/AEHINTW 314/399 0 -lex CSW24
admission-20260730-b3-p193	3	3N3C7/2DO3R1VOMER1/2RUT2E4LO1/2APO1wE3NUN1/2V1WAID2TITI1/2E1SIF2HALON1/4YAE2AX1R2/6LIPOIDS2/4TRINE1C4/6K2JANTY1/6EL1OB4/7O3EE2/6QUAIGHS2/7I7/7E7 AAGMUWZ/BDEERT? 355/342 0 -lex CSW24
admission-20260730-b3-p194	3	15/5BATHEtIC2/12O2/7QUOTER2/3WOT6O2/VALONEA5N2/2ArEFIED3I2/LEPT3NOYAUS2/1P6HOI4/1I7BAG3/1C1AZYMS7/VERGE2K7/ID5I7/DE5RAJ5/ES5TRAINFUL EMNORRW/DEGILNX 445/444 0 -lex CSW24
admission-20260730-b3-p195	3	5PARAFOIl2/5A7G1/5N4AUTO1/5N4L2W1/4Si4O2L1/4PEH3N2EM/4ARM1JOE2DE/4N2NOILY2R/4D1FAE1YO2K/2VERDIT3WUZ1/4E1T3XI3/2ISLETED1EE3/10N4/9QI1TAG/10CHIAO CIOSTUV/ABBEIRU 414/313 0 -lex CSW24
admission-20260730-b3-p196	3	3KI2B7/QUINO1FAIX5/3ON2n7/3S3D7/3PROMISEE4/7T7/4GOURA4A1/3JUDGY2M2GU/2VAT5O2AR/3I3LAYIN1TO/3LATHERED2ID/3O3C2O2zE/3R3H2R2EL/7W2E3E/7E2SPIFS ABENTVW/ACEENTZ 439/417 0 -lex CSW24
admission-20260730-b3-p197	3	5O9/3FAM9/2JOY10/2UNI10/2T1N10/2T2COTE5S/2YOB1PErGOLA1L/XI1HAKEA3ALAE/UNSOLID2ORRA1I/1C7BEN2G/FAVOR3QiN1R1H/1N10AWE/IT10VID/WE10EM1/ID11P1 DEEGRSU/IIRSTTZ 366/348 0 -lex CSW24
admission-20260730-b3-p198	3	1G11S1/1U11W1/1AZOLlAS5I1/FRAU3HALO2N1/OD1KOND1TAPU1E1/NE6OBA2R1/NE3VAMP4YU/E5XI3M2N/D6BARRIcOS/10IN2H/10FE1JO/10ET1OW/11T1LI/11E1TE/7CLEGS2R CDEIIRT/AEGIQTV 381/387 0 -lex CSW24
admission-20260730-b3-p199	3	E6O5O1/P6U5XI/I4JUCO5N/G3WASHRAGS2V/ELUDER4R3E/N1TITLE2KABABs/I7DIF3T/c5FIZ1TE2S/5RATO2T3/10RYND1/10EM3/10MO3/8PIONEY1/10L1HUI/7VANDA3 AACEGLN/EIOOQSW 285/527 0 -lex CSW24
admission-20260730-b3-p200	3	7N5JA/7E5AI/5ARRIVES1PA/7K3Q1O1/11U1N1/1GUNBOAT1ZOA1I1/7UVEITIC1/3DOYEN5A1/3O3ELOPERS1/1T1G5YEDE2/1I1SoRDINES4/1T1T11/1CHA11/1HOI11/2BLoWDART5 GIMNUWX/EEEFLLR 465/477 0 -lex CSW24
admission-20260730-b3-p201	3	13B1/9F1TAYS/8YUPON1T/9GORI1E/10MUS1R/9PELE1I/6QI1R1I2L/JAW4FROWN2E/1DEBTEEs1N5/9K5/3REGIVEs5/4HOO3AUA2/1MOZ2NOTAIRE2/IODATES8/SEAX11 AGHNTUV/ACDDIIN 486/392 0 -lex CSW24
admission-20260730-b3-p202	3	7SHOVELED/7E2R4/7L2O4/3QUOIF2U4/9AW4/9B5/3X5A2R2/WADY3UNCUTE2/1TILLIER1A2N2/3OO7m2/2MID3FAPPING/2IDS6ON2/2N8AB2/OHIA4OZEKIS1/REMAsTER3A3 CEEGNST/EEIRTTY 436/370 0 -lex CSW24
admission-20260730-b3-p203	3	2H4EBRIAtED/1CONSERVE6/2W4OTTAVA2/2L3wE7/2I2OO8/2N2YO8/2G2ER1PHT4/2S3AGAMIC3/5IRIS2U3/5KI4NO2/4JO4FEW2/4AN4EAN2/2B1R5ATE2/1GUILTS3LED2/QIN8D3 AEMPRTX/DFLOUYZ 359/431 0 -lex CSW24
admission-20260730-b3-p204	3	ANELED1A3B2S/1E5t1VAUNCE/1MUG3H3R2I/1N1R2FE3P2Z/TE1A1JARFULS2E/OD1V2XI4PUD/E2I3N7/A2TATIE7/2MYC10/1KO1ORALISTS3/HOO1R10/O1L1N10/G1v12/E1I12/N1E12 EGIOTWW/ABDIQRT 279/397 0 -lex CSW24
admission-20260730-b3-p205	3	11WARM/10G2E1/8QUIRTS1/5FUCI1N2T1/4GI4G2O1/1V2AX3JAY1C1/1A2L3ZOL2KO/OP1BLINdER4R/FE2E2ED5I/1DOUT9B/2ODE9I/2ROD10/2I12/1NEWSMAN1HENTAI/7OVARY3 AAEHNT?/EEEIPST 430/422 0 -lex CSW24
admission-20260730-b3-p206	3	15/13V1/10R1JO1/10IBEX1/10V1R2/9FADS1B/6Y2I1AE1R/5TOLLs1NY1A/4GOD2T1ES1C/T2NOM3I1L1WE/O1LEDE3E1A1I1/QUIT4PRAWNS1/U1GEPIK4S1H1/E12E1/TORNADIC3FERM AENOTUU/AAGINZ? 448/314 0 -lex CSW24
admission-20260730-b3-p207	3	12N2/8ABELIA1/4F7t2/4I1HAULYARD1/4D7I2/TRIGGED1OUBIT2/H3E1OAK3E2/E3T2GALVOS1J/F3E1MOYA4O/T3R3SCROD1U/9EERIER/3EVZONeS5/1MIX2WIT6/7P7/7A7 AEENOPS/CLNNTUW 398/336 0 -lex CSW24
admission-20260730-b3-p208	3	14Y/14U/8V5N/4CLOZE2APEX/6MENDIGOS1/4O1AEDINE3/4U3E5H/KRAFT1QAT5A/4FLINT1Y3R/3DI3ABA3R/3In4EW3I/3OD4V4E/3B4HUNGERS/3O1JAR1E5/STILLAGE7 CORTTUW/EIIMNOO 465/430 0 -lex CSW24
admission-20260730-b3-p209	3	3FlETTON1Q2V/3I3ERASAbLE/3R1FANCY1DO1X/3I7ID2/3E8E2/5W6G2/2WASHPOT2JA2/5I1PARVOS2/2HAULIER2U3/1ZE2O5N1B1/4MM5C1L1/4U6E1I1/4G5UDON1/4GLORIES2Y1/15 ABDENOT/AEEKNRT 438/389 0 -lex CSW24
admission-20260730-b3-p210	3	15/9Q5/9U5/5V3E5/4GO3PI2R1/4UM4M2E1/4C2F2A2s1/4KOHL2G2I1/4I2U2I2DA/3TEW1O2N2UG/A2IRE1R2E2Ee/B2N1F1INWRAP1L/OXIC1T1D3NADA/VISTO2E1HOYLES/E4ZESTER3T AAEILTY/ABDNORS 302/500 0 -lex CSW24
admission-20260730-b3-p211	3	5ETTLE4F/4OHO2WHIMSY/10A2I1/10VOUGE/1T8O4/1R5RIBCaGES/1A4QAT3R1I/1P3FIX4A1K/1E3U6N2/1Z1ENGINERS1U2/1I1WAIDE4L2/JADE1O5OE2/11IS2/11L3/4NONpARTY3 CDEMOTV/AADLNRU 387/425 0 -lex CSW24
admission-20260730-b3-p212	3	11URD1/11MAE1/11UNI1/12c2/10BOHO1/8KOINE2/3QI2JAW2R2/3ITERATE1TAMP/5R5E3/5I1R1ZOA3/4OCTAGONS3/1HUTIA1W3E1Y1/VIN3XI3L1E1/EN3FUN5V1/ED3Y1GRACILES DEFGOP?/BDELLST 395/417 0 -lex CSW24
admission-20260730-b3-p213	3	3BOO1P1OUTRIG/2BROODIER5/2AI3a7/1CATAGENS6/4DUNE7/1SANDY1T1W5/7T1A5/4LOWE1I5/3EE2SONLIKE1/3VAV7J1/3IF8E1/3TI5LURCH/2ZEN8T1/AME1G8A1/ROPY11 DEEIQX?/AFILNRS 384/387 0 -lex CSW24
admission-20260730-b3-p214	3	3O8VIG/3U1G5FAN1/3T1O4RETE1/3S1E4AD1R1/3E1T4YA1T1/2PECH5R1I1/2W1U6I1AN/QIN1ROJIS1FE1LA/4I3HOI3T/4U3OKE3U/4M3A1N3R/3B3ZLOTE2E/3L3OE6/CALORISED6/3W3A7 ADDEGP?/BINSVXY 386/378 0 -lex CSW24
admission-20260730-b3-p215	3	6RANTINGS1/5D1U5W1/1FEG1I1R2V2E1/JAXIES1E2IT1E1/O4R1l2ZA1P1/Y4A1I1BOOKY1/E4T1A1OR1U2/D2BEERNUTS1T2/5D3A1AI2/9R1L3/9G1U3/9O1N3/11I3/5CHAMP1T3/7LOOSENEd ACEFHMV/DEIILLW 361/478 0 -lex CSW24
admission-20260730-b3-p216	3	9Q3FA/1E6GI2TOD/1N6R2FAX1/1D5JO1POT2/1I5EA1RET2/1V5UN1O1i2/DECIARE1I1S1E2/H1A3LeNVOYS2/OWL5G1MOTU1/BAO6ZA4/IN7EL4/1D7E5/4BARGEST4/3NAW9/KUTU11 EEINPRS/CEHIILR 390/474 0 -lex CSW24
admission-20260730-b3-p217	3	3F1DIDIE2GOX/3A5NOVUM1/3B6O4/E2U6L4/R2L6O4/A1DA6G4/SMITHERS1BI1J2/I1OE3TROCHaL1/O1R6U2NA1/N1I6T2NY1/2T5WIFE1E1/2I6QANATS/2c6U3TE/9E3EE/8EYNE2P ADORSWZ/ACILPRV 387/334 0 -lex CSW24
admission-20260730-b3-p218	3	7BEESTInG/7E7/7H1GYPO2/7O1A1O3/7L1R1N3/7DOM1G3/I7HE1Y3/N6QIN5/C5FIAT5/AW1TIZ3ST4/VALIDER3U4/ON4O3R1JAB/1I4KAM1FEU2/1E1TEX1PAESANi1/1R2LURER6 EILOOSU/ADEINTV 320/480 0 -lex CSW24
admission-20260730-b3-p219	3	5N1N7/5YAY7/4E1ZEN6/4V1ODA6/4OU2R6/4EN2R6/G1OO1T2A4R1/L1EXTRAITS3O1/U4U2EW2BI1/EF3S2DA2ED1/1IS2T3L2T2/CLONUS1FLICKED1/HIP4I1n2E2/OI5V1G2M2/W6E3HERB AEINOPR/AAIJMQ? 358/436 0 -lex CSW24
admission-20260730-b3-p220	3	A6C3K3/M6READAPTS/O5ZE3N2A/OvERCRAWED1T2L/V7PO3AT/E7IF3XI/4N3G5E/3QUALMY5R/4T2AN5S/4J2LEA5/3DO2I1ID4/3OBO1h1YU4/3V1OBI1EN4/3E1FEN1ET4/3R2LI7 GINOSSW/EHHIITU 476/379 0 -lex CSW24
admission-20260730-b3-p221	3	FRICOT8A/1O12N/1V5U6t/TILTH2N3KUTI/EN2A2ROGUY2Q/AG2mM1O6U/P3BI1V5RE/OH1RONDELS3IS/YAP1NE7N1/1JA1ED7G1/2W1S8T1/1BEZ9A1/AIDE9W1/8EMCEES1/15 AEIILOR/AFILRTX 487/363 0 -lex CSW24
admission-20260730-b3-p222	3	G6F4K1T/O6I4EYE/N6B2A1WAN/Z6UNCURLED/OESTRIOL2R3R/7A1BA2JO/9E3AN/6VEXT1YOWs/9I5/7D1M3Q1/4COVETED2I1/7M1DAHLS1/7A7/1SANtERIA6/TOGUE2N7 EGIOPRU/EFHIIPT 429/419 0 -lex CSW24
admission-20260730-b3-p223	3	15/5V3K3P1/2L2OR2A3R1/2I2WEM1U2ZE1/2C3GARROTED1/E1H2FAX1Y2PYA/OWT2LI4IS1I/AA1JEUNE3S2R/NIDE1BE4A2H/1FOU2D4G2E/2EN7O1TA/3E7G1ID/11E1T1/13I1/7OUReBIS1 AMNNNV?/CILLOOT 335/438 0 -lex CSW24
admission-20260730-b3-p224	3	7OF6/5UNBID5/VaPOURY1TALAQ2/10I4/8JINX3/5CRIA1G3L/4TAO2HUNGRY/3DIACT1OI3M/1BOO2HOWKS4/1E1N1I3AA4/PA1ZEN9/EM1EFT9/WE1L11/ED1SNARiER5/E14 DEIILTV/EORSSTU 389/345 0 -lex CSW24
admission-20260730-b3-p225	3	15/11R3/11E3/11E3/11C3/10SH3/3FEG4HO2Q/2LATIGO1XU1MOI/2AWA1INERTLY2/9AD2ZA/9YOB1oP/1TONGUEs2WE1IT/DIB3MELANINS1/1CONIFER3N1T1/VEE4AJAR1OSE DIIKPTV/ADORRSU 285/508 0 -lex CSW24
admission-20260730-b3-p226	3	1B5GROUF3/1O2m6R3/1DIXIT4POA2/1I1IN5AWA1F/1L2I5V3R/1Y2D4TA3E/3QIN1MARGENTS/ZUPAS2OGEE3C/3tHEREON4O/1U7D5/1H2TOEIEST4/1L1JABS8/1AWAVE9/1N13/15 CIKLLOT/DEMNRUY 352/425 0 -lex CSW24
admission-20260730-b3-p227	3	DEVILkIN1N1PLEB/R8ITA3/ICE6LOR3/P1WUDU4GUT2/4U5ARE2/4CH3ZEES2/2D1TI1AIA2T2/2AWANTING1VoID/2K1L7N1E/12S1B/14A/14T/10FOO1E/9HOOFER/7JOEY3S MMNORSX/AEEGIRY 374/426 0 -lex CSW24
admission-20260730-b3-p228	3	5DEMIGODs2/1ANGLO1O2B4/7U2J4/2CLOVES2EF3/3OK2E2TA3/1Z5PIX1V3/1A5A3EW2/1N1POUND2WRITE/1T1R8L2/1EME8I2/2US11/2TI11/2ED2AGONIES2/3I1FAIR6/REtOTALS7 ABHNQUY/EHNRRTY 352/401 0 -lex CSW24
admission-20260730-b3-p229	3	3C11/1DROOL3KAM3/3OU3WIRIER1/3ET5R4/3ES2INNATIVE/4A5s4/4N1ZEE1E4/4GREAVING2T/3Y1EX1O1EA2A/1WHOOF5UN1D/1A1BITT4JOGS/1I1B7ELL1/1R1Y8LI1/1U11N1/1A11T1 CDEFPQS/ADIPSU? 337/388 0 -lex CSW24
admission-20260730-b3-p230	3	AEROBIA4F3/4R4Q1O3/3FORM1GUNNY2/4N2G1E1T3/4C2J1R5/4SPOUTY5/5I9/5KUTU6/5A9/3hISTOID3V1/7I5O1/4VILLEINS1L1/1ABA3I5AD/1WAW3E2HENGE/3EPHORATE2EX DLNRSZ?/ACDIMOT 228/358 0 -lex CSW24
admission-20260730-b3-p231	3	IMPI11/1MINGLE5P2/4E1V2O2R2/3FE1U2U2O2/3OK1L2ID1N1V/3R2G2JETE1a/3E1TANTARA2W/3HOOTY2ADOWN/3E2E3I2aT/C1ZA6L2QI/O1ED2XRAYS2FE/BIBS10R/R1U12/I14/C14 AAEGHLS/DEINNOU 356/404 0 -lex CSW24
admission-20260730-b3-p232	3	ODEA11/1IDENTiTY6/7E7/3ANOXEMIC4/2CLY2N7/7y1L5/7BAO5/6GOWF4P/7PAT4R/2SOAK2V4HE/4WILIER3EE/2NIED5JINN/1VAT1SUMATRA1G1/7O3GIED/5ULZIE5 AFHIQRS/EOORSTU 386/324 0 -lex CSW24
admission-20260730-b3-p233	3	4MALINES1UFO/5XI2DODGER/11R3/10ZA3/4UlTRAHIP3/10T4/V8BI4/O5YUKO5/L8V5/AH6QIN4/1E1FLEAM1DEWANI/CREE2WEBSTEr2/LO5T7/ON5I7/Y6CAROTINS ADGORST/AEGINPU 254/507 0 -lex CSW24
admission-20260730-b3-p234	3	3qUIETUDE2EW/7R5XI/7I1FIEF1N/7P1A1WAGE/7O1EREV2/7DAN1RETS/8MA4P/6QIN5E/8I1M3C/8ABA3T/9IN4/7ZOOEAL2/7E1G1HAG1/CH3J1R2DIDO1/1OUTTaLKS3YOU LNORSVY/BEIORST 357/346 0 -lex CSW24
admission-20260730-b3-p235	3	15/5V9/5A3ST4/3B1T3EH4/1ZERKS3RE4/IO1U5ME4/1OUTA4O4C/3IMAGO1N4O/2EF1BOWRS2J1P/AWFY8E1I/2T1InTRADA1L1E/VISTO3DANGLER/O11Y2/I2QI10/PUNIsHED7 ADEGLNN/ACEEIRU 299/433 0 -lex CSW24
admission-20260730-b3-p236	3	7J7/7E4WIG/2NONREACTIVE2/1LUM3T3O3/11R3/PREALTER1Q1R3/7AZINES2/HAG2FAVAS1DA2/1WINCEY5D2/2GOITER4D2/4A7O2/3DO10/3U2BULB5/3M1HOT7/1LIPEmIAS6 EFINSTX/EKNOUY? 309/402 0 -lex CSW24
admission-20260730-b3-p237	3	7V7/7E5O1/7N3G1O1/7O3R1R1/4SkIMPILY1I1/3C7D1E1/2EROTEmE1PETS1/FLEAM2UNBID1TE/3N5OR3A/2OK5Y4T/2AL5OB3C/2RE6LUZ1H/2ID4QUOTA1E/2N7G4/AIGA1WUXIAS4 ADNNTVW/EEIIJRS 422/317 0 -lex CSW24
admission-20260730-b3-p238	3	7J7/7E7/7E7/5I1P7/GUAYULEs2V4/r4I3QAT3/U1S1BA4GAW2/N1EVICTOR2BO2/T1I1R3A2OX2/L1G1T3M2REZ1/E1N1H3I1MENO1/D1I4OF1IT1N1/2O4KI1N2A1/2R3CREWE2T1/7AS1DYNEL AADFHOS/DELORSU 479/402 0 -lex CSW24
admission-20260730-b3-p239	3	15/2BITTE8/6R8/5DE8/4GOV8/1Q1WEX9/AI2R1U1W6/S3MINION4C/T2GI1I1R5R/U2AN3MY4U/N2ZA2EYEbOLTs/N2OLEO2A1FIAT/E2N4PROF2I/DEASIUL1ODD3E/5HAJ6S AEGHKRT/BCEEOPS 403/468 0 -lex CSW24
admission-20260730-b3-p240	3	15/4LONGuEUR1I1/11I1V1/11C1I1/11K1E1/7BANTERS1/5BOI3T3/5OWO3YOUS/3CERT8/3LAM3JUG3/2TON6L3/3V6YARD1/3EX1FRENUM1AR/FANSITE4P1NE/EW3ADDEnDS1GI EHHILOO/AAEIPTZ 339/348 0 -lex CSW24
admission-20260730-b3-p241	3	PIEING8R/4AINE6E/2COESITE3WEX/6SALVAGER1/3TIGHT3A3/10QUA2/7KOB1Z3/5VLY1OLEFIN/14O/14R/4UREMIAS3L/10OH2A/10DOO1N/9FAWNED/3NATTERY4S BCDEJOP/DIMRTU? 388/387 0 -lex CSW24
admission-20260730-b3-p242	3	GAOL1FEW7/1TROTYL2HARNS1/3U9h1/3I4CORBEAU/3ER8V1/4OF7I1/4JA7NY/3GATVOL4GO/4K9N/3ISLEMEN3QI/7O1UH2A1/7P1TE1ZIP/7AWARDED1/7NUT1OES1/7IDE5 DEEEINT/BCIRSX? 338/340 0 -lex CSW24
admission-20260730-b3-p243	3	15/12R2/8QUA1E2/5DOMINaTE2/12A2/12R1D/12N1J/BASK2RAMILIE1I/2C5I1O1DON/1BOlONEYS1V2U1/2WIFE2G1I2G1/2P5A1EH1L1/2S3FAUR1W1I1/4AVENGE1A1E1/TAXOL1HYED1N3 ILOOPST/ERRTTTZ 372/406 0 -lex CSW24
admission-20260730-b3-p244	3	1FRIENDS7/1R13/1OBDURInG6/EW13/T1P12/A1A1W10/GUV1O1ZOO1F4/EN1JO2UNHIP2V/1COORIES2Q3O/1R1YAD3CHITAL/1E1EL3MAsTIX1/LA1DI4L1ATE1/UT7S5/BE13/E14 AEIKMNS/AEEGINR 379/345 0 -lex CSW24
admission-20260730-b3-p245	3	7PIRNS3/11T3/4P6E3/3FA6E3/3OWE2NAIN3/3O1V1VOX1I3/3T1OBA3N3/3BELIE3G3/2RE1UR8/1TED1EL2K5/1Uh5ZIRAM2/1IO6T1DOWF/GNU6T5/EAS3DATURINE1/Y1ECOCiDAL5 EGHJMQY/AHIILRS 380/292 0 -lex CSW24
admission-20260730-b3-p246	3	ROJI3G4G1C/2A1AH1OW1VERTU/2YARE1OE1I1I1S/3WON1DAMS1E1K/3LIT2POA1C2/4N3OY2E2/4T1QIN6/3BEFITs6/3OD10/3U11/3N11/3T11/3I4GAZED2/1PLEX3ABATER1/3DUEFUL6 INORRS?/AEHLMSV 279/511 0 -lex CSW24
admission-20260730-b3-p247	3	7F5OO/5C1I1VOICED/5A1V4o2/5R1ED1JIMMY/5A2R3B2/5PREORDAIN1/8W3E1L/6NONANES1I/3GROYNE3TOG/3LI3R4XU/2TIP9L/1LUTE9E/1AT1D6AIAS/1HE12/2EZINES7 ABGHTU?/AFOQSTW 320/338 0 -lex CSW24
admission-20260730-b3-p248	3	6FEW6/8HA3Q1/7TOP2DAL/6FETA1V1TA/6IN1GUR2N/6Z1BENI2D/8O1AL1ME/7ROJIS1AD/8GU2AT1/8ECH1YU1/8ROE1ER1/10LO1E1/8KEMBOS1/7NOX1I3/fELINITY2VAGUE DINORSW/CEIRST? 396/281 0 -lex CSW24
admission-20260730-b3-p249	3	7O7/1QAPIK1S6p/BIG2I1T2NYALA/5D1E1GOOL1S/5G1IRoNWARE/1JEMBE1TEX3YA/4R2I5OR/3ZURFS4UTE/2VAV7N1D/2O1STINTER1N2/2U9O2/1FLEECIE4T2/2U9E2/12D2/15 AEIILNO/AACHHOW 398/379 0 -lex CSW24
admission-20260730-b3-p250	3	14B/10C3Y/10O3T/10NY1DE/9ADO1I1/5F2KNOUTS1/2VIAE1HIES2L1/3FITTE1R1OVER/I1J2A3g3A1/SHENDS1R1I3L1/O1E3NIQAB4/G1ZA2OM3G3/o1EA2XI3U3/N6ENWRAPT1/E6R3C3 DGORTUU/AEELLMO 347/369 0 -lex CSW24
admission-20260730-b3-p251	3	9T1A3/9A1Z3/9N1OH2/9G1TI2/9I1IT2/5J2FE1S3/5OF1AR1ET2/5BRUV2DERO/6A2R2S2/1P3UP2E2t2/1AMBERITES2O2/AVAIL1N2C1WO2/HAD3G2i1IN2/1N1ELM3N1C3/YEOW1ALLEDGES2 IKNQRUX/DEIITUY 425/390 0 -lex CSW24
admission-20260730-b3-p252	3	V14/E14/N14/I14/NU13/1L11PI/1TE1RIF1Y4IN/FIVE2AJAR3AT/1MO1LEX1WO4I/1A2AG2YU4f/1TOAZe3PECS1A/1E1BOND3WOULD/5CONQUERS1A/1DROKE1AIT5/3HISTS7 EEEGNOR/BDEHIRT 373/422 0 -lex CSW24
admission-20260730-b3-p253	3	7U3PUYS/5VINEW1E1A1/7D3W1R1/7E3I1D1/4GOURA1AT1AL/3DUH1L2B2NO/2JOE2I2R2GI/ATOP3EMBOX2R/8O1A2Z1/6fErOCITY1/4CLEFT1H2M1/7FAV3I1/7EL4T1/7R5E1/7E3DISK AAENNNR/GINOQSS 337/362 0 -lex CSW24
admission-20260730-b3-p254	3	7FOHN4/1FRAILTEE6/2E12/1ICESTONE6/2U12/2L2KANT5Y/1QI1VOM7M/1UNWIReD6P/1AG1R2E3AX1E/4G2R1BEWIGS/2BAA1DAVIT4/2OUT2T1ZHO3/2NEE2I7/2D4O7/JASY3n7 CEILORS/ADEILNR 413/413 0 -lex CSW24
admission-20260730-b3-p255	3	WANZES1A3QI2/5I1REEDITED/5G1G6i/1tORCHIER2N2P/5L1N2BE1OS/5I1T1JAW1FA/5K1U1A4D/5E1MUX3TE/9I3AS/3LOHAN1E3I1/4PINONS3L1/7V5A1/2OUREBI5R1/7T5D1/7Y7 AEEGLTY/CFOOORU 336/540 0 -lex CSW24
admission-20260730-b3-p256	3	F2MOIRE7/IS1O11/BAWK11/1dIE11/1IT12/1RE2JAY7/CODA2ZEL6/UN1WHOOT7/L2AMEN8/V2r11/E2DIXY8/R1DI2ANICUTS2/T1UN11/1TAGAREEN1HEVEA/QIN3ELOGE4 DILORRS/ABFGOPP 452/380 0 -lex CSW24
admission-20260730-b3-p257	3	3F11/2PI11/2ON11/2HE7P3/2I3gOOSERY2/R1R2FID1Q1E3/ACID5U1ZA2/KA1E2GOJI2L2/ER1N4IT2M2/EA1O1Y2L3U2/1V1TrEMATIC1G2/BE1I1HOX7/AL1N2AERATES2/W2G5BANT2/D14 LOSTUVW/DEENNRS 396/417 0 -lex CSW24
admission-20260730-b3-p258	3	7PRETENcE/9FA3L/1JOY7G2O/2FOX2ZE2ID1Q/4IGUANID1R1U/9COWAGE/5BETTOR1MAN/3CLARIOn3IT/2W2HELP4D1/1NO3VEER5/BUREAUS8/L1T12/I1H12/V1Y12/E14 AIKMOSS/AEIINST 377/624 0 -lex CSW24
admission-20260730-b3-p259	3	pISCINES6Q/7P5SI/2HO3L5T1/E1OF3IT4AN/X1O4COURTING/OPE4eR4ZA/DAY3URN4ET/ER1JOWLS6I/1KRAI1U8/1YEW2L8/2AB2A8/2TO2T8/2AN2EH7/3E2DI7/FOUD3E7 BEEEGIV/AAMMNRV 413/418 0 -lex CSW24
admission-20260730-b3-p260	3	14T/14R/14A/7PEKOE2H/4ANTIRAPE2I/4D1WARB4s/3UVEA6MO/Q2RELLIES1BRIN/I3C3HIOI1D1/NUTATION1FOO1C1/3VeND6A1/3EDGEWAYS2L1/9U3F1/9Z5/7JEUNE3 EEMORXY/AILSSTT 288/555 0 -lex CSW24
admission-20260730-b3-p261	3	3ALLOT2AZURN/7O1Q1I3/2M2OUTFIELD2/JEERS2T3C3/A1a1W2e2SH3/D1T1I1ORD1E4/E1H1V1BIO1C4/R1OVENING1R4/Y1O3AGE1E4/2KEG3Y1T4/2SAUBAS2E4/7W7/7A7/5FLIP6/7N7 ADIIMNU/EINOPTX 442/413 0 -lex CSW24
admission-20260730-b3-p262	3	2C3LAPpETS1V/2A9C1A/2WAY7ONE/3DOB5ZOA1/3OUR4DITT1/5R3QIN1T1/4UR2KIF2I1/VOM1n1PUYS3E1/1HURDLES5RE/HM2E9N/4R9S/G2AW9I/A2LI9L/JIGOT9E/O2E10D AEGINNT/EEFINOX 272/551 0 -lex CSW24
admission-20260730-b3-p263	3	13V1/12LAH/11MACA/11OW1J/11NYE1/1UWU7KEX1/1ROTULAE4R2/7PREOPS2/3DOTTIER5/6EcOGIFT2/2BLENT4L2Y/2AITU5AG1C/FADE7BO1O/AI10VIN/A5DoRIZES1D EHIINRS/EGIMNNS 304/512 0 -lex CSW24
admission-20260730-b3-p264	3	B2Q3GLINT3/RECORK5E3/U2PE6F3/X2HM5IF3/E3O5N4/S3lEMONADE3/4A5R4/4DERV1ZEATIN/3EEW4N4/3L1W4c1C2/2JUG5H1U2/3V8B2/3I3AYU2I2/3A3DESALTS1/2ELYTRON3I2 AADPSTT/AGIIIOO 371/453 0 -lex CSW24
admission-20260730-b3-p265	3	10WHEAR/10O4/8Q1ODS2/4AUBRIeTIA2/8N1ZAG2/11GO2/8PAWN2F/5LEVY2O2E/4PIX1ELUSION/4IDOL3E2D/4U9Y/FRoGMEN4JEE1/R5AEROSAT2/A2LATHEES5/T6KI6 BCDIMNR/EINOTTV 410/447 0 -lex CSW24
admission-20260730-b3-p266	3	7F5NA/7O4HUH/7EQUIPE2/5L5O2F/3ACUATED1O2O/3I1Z2YARKiNG/3R2BAE2A2I/3W1TIX5ME/2COVID5PA1/3M3I3JIn1/2SELLINGS1EEW1/3N3V3A1AB/7E3T1RE/7R5DI/7T6N GNORSSY/EELORTU 330/470 0 -lex CSW24
admission-20260730-b3-p267	3	4MONTEITH3/4EXO4U3/11G3/10TE3/4KAMA2A4/4YEARLONG2Z/2R3PIU1D2GI/2U4ENVOY1oP/2B7O2L1/1QI7R2L1/DIF1JA1RATIONAL/U1IVORIED4R1/N1E10EW/C1S10DA/H13B AEENOSS/CEFITT? 501/456 0 -lex CSW24
admission-20260730-b3-p268	3	Y6U4AVI/OW5R1WEN1O1/UR5E1EPATER/SI5M1BIDE1e/ET5I2NAN1M/1EH3JA2A1D1I/2A3I2SO1U1X/TONKA1REGOS3T/2D3D2P5/2C6H5/2ALLEGROS5/2r4E7/2T3QI7/6IF7/6NYE6 ACFLNOV/EGILORZ 255/453 0 -lex CSW24
admission-20260730-b3-p269	3	15/12A1G/12C1H/12A1O/10NURDs/5W1SOJU1I1T/4WEEPY5I/3KORAI2ADOZE/4pENNILL2ER/L10DEX1/I2QI3NEPIT2/F2AD2MOA1NU2/T2N2FAH2OI2/ERRABLE8/R2T2GOVS5 ACMOSTV/EEEGSTU 284/413 0 -lex CSW24
admission-20260730-b3-p270	3	12K2/12IF1/12NU1/9VELETA/3D9IN/3REN3QUELLS/2VIG1OB5EW/3FORDO2O1PRE/3T2AIA1E1H1R/1GIS4MADRONE/6PA1WE1B1D/5SYE2MOI2/5EXCITANCy1/5Z1I3O1UH/7A7 AAEGLST/IJNORT? 287/339 0 -lex CSW24
admission-20260730-b3-p271	3	13T1/3BEZ2COURIE1/2RETAILOR2FAV/FOEN4R4R1/U7D4S1/M2E1VARIX3T1/A2U4T4A1/G1SPUrIAE4I1/E2L4ST3N1/3O5H5/2HIANT2I5/1QADI4M5/2WYNN3B5/9L5/2COmEDDLE5 AEJKOSW/EEGGIPY 372/439 0 -lex CSW24
admission-20260730-b3-p272	3	FINCH9D/3O5CIAO1E/2PLEON4MEGA/3U1HYPNONE2W/3G3A6I/3O1BARAZA3N/7R1AY3G/6QAT6/7L2N4/5LISTEES1J1/4TID2FETTA1/10M2DO/10B1VEX/12IDE/7UVEOUS1R ILRSTW?/EEIKOR? 335/333 0 -lex CSW24
admission-20260730-b3-p273	3	2CRAMPON6/5O1HOOLIER1/3B1O9/3L1N8V/3I1I4HOURI/3N1E2ZEA3A/3D1SAGA1I3D/QI1EW1PAX1R3u/1STRAFER2L3C/3SKY3BIO2T/4F4ANY3/1GIUsTED1DEE3/6EAVE5/15/15 IJOSTUW/EGLMNNT 356/555 0 -lex CSW24
admission-20260730-b3-p274	3	AVI4HAH5/Q1FLAWIER2G3/U4ONSETTER2/A2LEX5C3/C10K3/A8ZOON2/d8OU1U2/EE1B2GOBO1WRAP/1R1R5ED4/1M1a5YO4/1E1T6M4/1L1T6I4/1I1L6N4/1N1E5FIR3/TSADI2AIYEE3 DGIISSU/DENNPTV 346/520 0 -lex CSW24
admission-20260730-b3-p275	3	2P2ALFAQUi2Y/TRITIDE5BIG/U1R3AULOI1ONO/R1OX3HERDICS1/B1GO4N3KAM/o1HA3TIZ3NU/N1IN4T2C1EL/D2A3JIG1E1RE/S7V2N2Y/8EMOS3/9OWE3/9POD3/15/15/15 AAEILRW/EEEEFSV 364/452 0 -lex CSW24
admission-20260730-b3-p276	3	FLAVA2i2DWEEB/1A3C1COZY4/1VISIONER1E4/LOTH1GAW1BIONT1/1L4OO2n4/IT3PIRL1G4/NA3U1MI1S4/D2JUKES7/R3REX8/IF3YO8/1ROAM1N8/TUNEUPS8/1I13/1T13/15 ADEEGHR/DEEINQT 411/402 0 -lex CSW24
admission-20260730-b3-p277	3	5ANTINODE2/7O4N2/JAK1D1LUZ3T2/2IRISATED2R2/4L1GIP3A2/1V2U2E4N2/1O2T7C2/1C1HOVEA4E2/1A1ER2G7/1BAA3i7/2ERF2T7/2OE2WAFERY3/2N4T7/6DOUX5/MISNOMEr1UEY3 BHIOPQW/EIILRSS 309/394 0 -lex CSW24
admission-20260730-b3-p278	3	Q6S7/U1D4I7/I1E4G2V1J2/PUCES2N2ITA2/P1L1T2o2NAM2/I1AIRY1R1ZEX3/E1W1A2ICED4/R2BIFTAHS5/4KO2IT5/3FEH1NAY5/2MOD2E7/1TOO3R7/1ON3OVERLoNG1/1LO4A7/1U5L7 EGIOSTU/AADEEEW 393/445 0 -lex CSW24
admission-20260730-b3-p279	3	7FLAVINES/12UWU/14N/14C/3GOOG7A/1TRIDUuM1D4R/7ZERIBA1E/7EXO1YAHS/5VIE1PO2A1/9TO2J1/3HYE3oFT1I1/3OUTLEAP1R3/10WAME1/5KNITBONE2/3GROAN3Q3 AEILLSS/DDEIINR 440/393 0 -lex CSW24
admission-20260730-b3-p280	3	APACHE1D3BOGS/5VIE3ODE1/4WOFS3PEN1/3FEE1I2KO1T1/3AX2N2I4/3WEM1E2T4/5I1N2T4/3DILAtORY3M/5T3I2R1A/5Z3VIGOUR/8RE2U1A/8AR2G1B/8JA2H1O/9I4u/9NICEST ELLSTUY/ADLNORU 307/475 0 -lex CSW24
admission-20260730-b3-p281	3	P10V3/Y1Q7BI3/REI5BEING2/AR5WEENY3/NU2F5D4/1CUNIT3MIG3/1T2LAZO1O1U3/AA1HEXADES1E3/IT4PAVENS3/RE6ODE4/L9T4/OOT4AIRSOME1/cHI12/KORA11/2L12 AEGITU?/DLNORSW 324/448 0 -lex CSW24
admission-20260730-b3-p282	3	CINQ3C4N2/3U2NA4UH1/2LOADINGS2RYE/3L1OXO3D1PE/3L1WYE3r1AR/5N5E1TI/5B4FA1eE/APOGEE1DEGAMIS1/RAKI1AVOW1DIF2/1HEN1T3VEE3/9OOS3/9MUT3/10T4/15/15 AIJLSTU/BEIIRRZ 375/415 0 -lex CSW24
admission-20260730-b3-p283	3	7t7/6FEW6/6ONY3C2/6BAE2PO2/2TUM2I2REV2/1HOPAK1L1RARED1/1A3O1L1AXITE1/HI1CURIETS1Q1IT/Ar3U5U3/EW3STERILE3/DI2V10/1N1JISM8/1G2B10/1SYREN9/4DANG7 AEFGLNO/DEINOOZ 442/324 0 -lex CSW24
admission-20260730-b3-p284	3	15/2F12/2U12/2JIVE8C/2I1O9O/4MU5HOGG/5ED4E2N/3BUYER2QUINA/2W3B4R2C/1DeTRITAL1ZEE2/R1X7OKE2/ARIsTATE3A3/V1N1ISOLEADS3/I1GIPPY8/N5SHADERS2 AELNTTW/FILMNOO 361/396 0 -lex CSW24
admission-20260730-b3-p285	3	7DURATIVE/4AW1A5A1/4ZO1ME4E1/3BI2PE6/3AN1US7/G2WE1N8/O1IT2S8/O1CYCLED7/DAH3X1VOLK3/1G3GYRO6/1E1TUI2MOOI3/QI1ERN3PUNA2/ISH12/1TO12/1SEDaTELy6 EFLNRRR/ABEIINT 349/361 0 -lex CSW24
admission-20260730-b3-p286	3	4SALTATED2K/5HIoI1WOVEN/1YEGGS1X6O/BUFO3O6W/O3LAICITY4/N6A1EURO2/N6R7/I5QAID1U3/e5U1FIRN3/S5E4D1Z1/T5L3AR1E1/6L3NABE1/9POPE2/9HAEN2/9T2S2 ACEEMOV/DEIJRRT 407/355 0 -lex CSW24
admission-20260730-b3-p287	3	15/15/11FAP1/10HUMIC/4DELETION2o/1GORAL1A6R/VOWED2R4QAT/1DEMAINS6E/7T4C1G/1W1ISOGONAL1OPE/1E5N4YAS/1YEX3E1UNKET1/2RILIEST3DIF/13OU/14R AABIJNV/BEHORU? 440/366 0 -lex CSW24
admission-20260730-b3-p288	3	6YA7/5ZOBU6/1CURFEW1HALTED1/3O10C/3GNASHERS3l/3U10I/F1PE10E/O1ADjIGOS5N/V1V4R6T/EWE4E1YAMUNS/AI2PERONEI4/1R5D7/1R5O7/1A3QIN7/7TOILINET BGIIJKO/AADLMTX 481/349 0 -lex CSW24
admission-20260730-b3-p289	3	EF4c8/TO3ZINGY5/1REGRET2U5/ED3ARCOS5/X1EMU1I8/T1WAGONERS5/O1TA2I8/L4KNOWS5/DI7AH4/1F2J4PAV3/4A1I2AHI3/3CLOVE1jAM3/4E1I2O5/4B1E2U5/3BINDLES5 DEOPRTU/AENNQRT 399/340 0 -lex CSW24
admission-20260730-b3-p290	3	2G2YOU3BIBE/2IF2DRAcAENA1/2MET5ALCOS/2PUH7L1A/3DI2FRoNTIER/1Q2N2E1KOINES/1U2C2V4E1A/1E1ZLOTE4D1R/1T2A2R7/1HUNDO1I7/TEMES2N7/W6G7/I14/R14/L14 AAIIOSX/EGOOPVW 418/370 0 -lex CSW24
admission-20260730-b3-p291	3	6RIDDER2A/5FE7J/4WEB4PE1I/3TON5UN1E/3OK3IAMBICS/2DWELLING1EA2/3Z4GO2CH1/3YRIVD5OP/5N7AR/5F7GO/5A7IT/5U7EE/5N7sI/5A8N/SITTELLA2HOURS AMORTTY/AEEQVX? 324/512 0 -lex CSW24
admission-20260730-b3-p292	3	15/9BEETLE/2R1D6N3/2ENE6V3/2PIX6I3/2OP6RONZ1/2R5F2u3/WITHAL1GAJOS2I/2E5YA4N/1IDEATED1M4S/5U3BOUK1C/3OcTANTS2A1R/5U6I1O/9FOVEAL/3REWRITE4L AGGIQSY/ADEHMNO 504/368 0 -lex CSW24
admission-20260730-b3-p293	3	GUTZER1CONSTATE/3E2JOEY5/IMARI1AH7/3D2YE7/3AR2S2N4/3sUBLINEAR3/1T2M2V2E4/1ATTONcE2V4/1LO1R5O4/1KO1EW3QI4/1EN1DA3ID4/1DIB1U3N5/2EL1R9/3I11/COUP11 EFFGILS/AHIOSWX 414/401 0 -lex CSW24
admission-20260730-b3-p294	3	OD1J5GOVErN/RAMI1K7I1/FLEA1H6OP1/2DOBE6WAX/1QI1ET2WINDORE/2U1THOUED3IN/2M1T8AI/E2COPYInG3LA/V3N10/EL2G10/NE1AS10/NU1B11/E2R11/S2A11/SCRY11 AEILRSU/AEFIRTT 441/429 0 -lex CSW24
admission-20260730-b3-p295	3	13DE/10V2AN/10APORT/10rE1KI/10EEL1A/5B3LUREX1/5E1C2SIG2/3HODJA2EE3/3E1U1R3S3/1QIN1M1E1OOT3/1U1NOB1WADI4/1R1YO2O7/1ST1F2R4L2/1HIN1GENTRIFY2/2ZO6TAMAL ADIPUVW/ACEINST 361/349 0 -lex CSW24
admission-20260730-b3-p296	3	14O/14V/7D5JA/3I3E4TAT/3N3B4IRE/3E3T1V2NO1/3R3L1I2KO1/3T1DREdGED1L1/3EMU1S2FONs1/3RAX1S1B5/4N1C2O5/GONIDIAL1UPGROW/4I1MAWS5/UNCART1ZEE5/PAH4YE6 FIILSUY/AAEHIOQ 427/342 0 -lex CSW24
admission-20260730-b3-p297	3	4LEADIEST3/3GALIoTS1O3/1FEOD5DOGS1/FEARE6T3/10YE3/10UR3/C6RAMPS3/H2C2JAZY5/A1VAW1OXO2B3/PlUVIAL2HAILER/2GIN1TOQUET3/3ED2KIN1O3/11U3/15/15 EEMNNNO/BEIINRW 369/422 0 -lex CSW24
admission-20260730-b3-p298	3	15/10R4/10E4/R3WAID2G4/E2JIZ4I4/P1MONODIC1N2C1/LUMEN3U1A2AG/O5BITTE2NU/WREATHY2I2ANT/1E7F2LA1/1L7FY1PEE/1I8UGH1X/1E8KOA1T/1V8OB2R/1E5ORISON1A ADELST?/DIQRSSV 379/329 0 -lex CSW24
admission-20260730-b3-p299	3	11CAYS/2M6J2GAN/2IO5E1HA1O/2XI2C2ErE1OB/2U3R2ZED1AB/2PODGIER1AG1Fe/2S3M1UNLED1R/6PWN1T1IVY/10O2A1/4Q5N2U1/4I5E2L1/4STONIEST1T1/6KADE3I1/5FAH5E1/13R1 AEEINRT/LORTUVW 384/419 0 -lex CSW24
admission-20260730-b3-p300	3	5POX2R4/6U2ZAIRE1/4BOT3N4/3HOYA3I4/3EWE3AD3C/1WULL4L4I/3V2AUDItEE1N/3EVENT1E4Q/3D2SAINFOINS/4FA3E5/3TOGEThER4/G1JOY2H1S5/RIAD3R7/I6O7/M6B7 ACELMRS/AGKNOTT 369/399 0 -lex CSW24
admission-20260730-b3-p301	3	1AYU9L1/1EAN8ZE1/2GID6TAK1/2ErR5VAX2/3OY4L1E3/1QIn5I1N3/3I2FOEN1I3/3CHIAO1N1A2V/4I3WEBS2O/4OP2ETA1FEM/3BIO1J1ST1EA1/3O1O1U4G2/3T1RUDERALS2/3C3G7/3H3E7 DNPRSTU/DEILRTW 404/379 0 -lex CSW24
admission-20260730-b3-p302	3	10DARCY/13A1/13V1/13E1/L8PIP1S1/I6LEI3S1/N5TOW4O1/D1B2JOW1EQUANT/I1I2AHENT5/EMo2IO8/SUG3sHOALER2/1RE4AURAR3/1ANGUINE2VEXT1/1LI2FED1ZED3/2C12 GKMNORY/AEFIOOS 397/399 0 -lex CSW24
admission-20260730-b3-p303	3	13F1/9PUPAL1/4WUZ4R1A1/2TEENAgED1O1T1/1LANX3MORT1F1/2IDEA3G1R1It/3O3G1G1A1SH/3R2BEVY1C1HE/C2S1QIN3T2R/O1ME3N3I2O/J1ER3Y3V2I/OUDS7E2D/N1I12/E1A12/S1L12 ABEEIKO/AIILNTU 362/410 0 -lex CSW24
admission-20260730-b3-p304	3	7Q3UR2/7e3GO1D/6WED2HATE/3GUP1M4NOX/3ONE1AA4Y1/2CABA1SIF3L1/2H1U3N4S1/2I1ROJIS4OD/2V1Y3E4MI/1FEE4L5V/7ALBUGO1N/1TORTILE3INIA/2WE4KITTED1/15/15 AOPRST?/ACEINRZ 345/320 0 -lex CSW24
admission-20260730-b3-p305	3	14J/11G2E/11EM1E/3V6CRIOS/3OE5L1LO1/3IN3V1E1IF1/2APEEK1O1A1T2/ZEL1WHINY1R1A1B/2U1I1DUELIST1O/1Q2N3U1N1EWT/1A2G3R1G1DOO/1N5PI4EX/1ARCADIAs6/1T5UM6/7A7 BDFISTT/EHNORS? 330/567 0 -lex CSW24
admission-20260730-b3-p306	3	4W2U7/1INCHTAPE6/3HI2D6M/3UN2OD5O/3MY3O5I/8L5L/8c3V1E/NINJA1ELEgIZE1R/4GOX1TE1ORBS/5FORTY1OBA1/1WAIFT2I2E1L1/9G1AIA1/8CODERS1/9V2EE1/7QIS3S1 AAERRUU/ADEGNNT 428/446 0 -lex CSW24
admission-20260730-b3-p307	3	tIMARIOT2MENED/7E5E1/3LIFELINE1WE1/4N2C3PEW1/4C2OUTJUT2/4U4EAR3/4B6L3/4I2BRAVO3/6Q2D1I3/6U1AZAN3/4GROuSER4/6P3KAGO1/1FONDAS4GIEN/4AX8T/14H ILORTVY/ADEHIST 328/352 0 -lex CSW24
admission-20260730-b3-p308	3	15/12FAD/12ATE/2KAIS6YOB/FROWNY4M2nU/5EULOGIA1ED/9IN2R1/H5PIDGEONS1/OCULATE2UR4/H2OR4EA4/I1ZOL5L4/N1ENE2V7/G1XI2QI7/3E2AD7/AMORISTs7 BEEENTW/ACIJPRS 361/429 0 -lex CSW24
admission-20260730-b3-p309	3	MIMEO2A7/O1E1UPGROW2Q2/c1A4EXON1UG1/K1NE3I1EYRIR1/T1EL1WICE3TI1/A2FOH7Z1/iT2BUG8/LA1VAPID4FOB/1T4DARIOLE2/1T13/1L2IVY8/JEERS10/AD13/N14/N14 CEHISST/AENNOSU 378/348 0 -lex CSW24
admission-20260730-b3-p310	3	7C7/7U7/6QI7/6IT7/7E7/5JAR1V1TOP1/4HOY2A2WO1/2AMATED1N1COMB/S1B1L3EE1U3/wHA1V3U1GREX1/AIT1I3O2N3/ROE1N2KIRNS3/FID1G2A7/E3SILLIlY1OF1/D6I2OLPAE DEENNTW/AEGRTUZ 437/279 0 -lex CSW24
admission-20260730-b3-p311	3	11F3/5O5L3/5B5ID2/1TORPEDO3TA2/4AA4WEY2/4UH2ECOD3/4P1NIX1M1E1R/3AEGYO1AB1N1E/4R4LI1M1T/4EW2CUe1I1O/4dI2R1S1T1O/5V1ZA1THINK/5I1UN3E2/5N1REALISES/5G1F7 AAGQRUV/EEIJNST 411/354 0 -lex CSW24
admission-20260730-b3-p312	3	7A5WO/5W1V5OE/5A1O3JAM1/5U1Y3AGAR/5F1E1G1BENI/5FORME2n1C/8IO1DI1H/6QIN2IS1T/5LI1U2NED1/1CASTANEt2G1R1/8I2E1A1/7BAN1R1P1/5DRYLOTS1P1/7T1X3I1/7E3KEET LOORSUV/DEHLNTU 360/459 0 -lex CSW24
admission-20260730-b3-p313	3	I6EF2EVEN/N3MOULINET3/t1SO3EX1WHIG1/E1WE3C7/R1A1A2T7/I1P1E1QI7/O1F1R2OR6/REIMAGINE6/2L1T3C6/1YE1I3T6/DA1TO1APATHY3/UG1AN3L2U3/D2J4L2Z3/E7y2U3/S14 ABDIRRS/ABDKNOO 517/338 0 -lex CSW24
admission-20260730-b3-p314	3	15/9O5/5N2HOAED2/4PI1tIRAMISU/4IF3I5/1GURNET2A5/4W4L5/3WETTIES5/2J1E10/1QAID10/2L1S2NANDOOS1/2E2PAAL6/2B1FOB4GUV1/1CIMEX2ORNATER/5YEVE2YATE KLNORU?/CEGHIRT 450/367 0 -lex CSW24
admission-20260730-b3-p315	3	6FORDO3A/10UG2R/5HAEMATEINs/4C5RE2H/4AM3TIZ2E/4NY2DAG2BE/4K2QINS2IN/3WELLIES1GOOS/4R2ST4N1/4EXO6T1/4dIPT7/7I7/2NEVOID7/7ALVAR3/3JOUAL7 EFIRTUY/BCDEPUW 380/473 0 -lex CSW24
admission-20260730-b3-p316	3	6DAUB1MUST/5PE2YOUTH1/5EX8/5N7QI/1UNLACE2G3uN/OHO1SEABORNE1AW/5L3O3KI/6NEVOID1ET/9V3R1/5FoGEYISMS1/11P3/4RECANTER3/10WILD1/11T3/11ZARF AAAGIJO/EIIIORT 411/327 0 -lex CSW24
admission-20260730-b3-p317	3	3DANDLER1VINT/6I6A1/6MONETISE1/6P6T1/6L6H1/5MI6I1/5AE6N1/3INDRI3YOGA/5A4BOX2/1Z3F2JEON3/1A2OUTWALK4/GRUFE2OGLERS2/1E1I1CUPS3E2/1B1Q8V2/RACH11 EESUW??/IOORTTY 345/407 0 -lex CSW24
admission-20260730-b3-p318	3	7V7/1A5I7/1L5V1PUTZ2/1MIX3E1A5/1U1ISOTRONS2C1/1C2P4F3I1/WE2a4R3T1/E1ROTINI1I3O1/D3U4ET2L1/3AL4DAG1E1/3NA5BOHS1/3OS4HIDE2/2YA5OD1B2/EMO6N2E2/FAW4QUERN3 AEGJKT?/AEEGINY 389/329 0 -lex CSW24
admission-20260730-b3-p319	3	6QIN2VIBE/5RIN5E1/7F5F1/7ICEBOxES/4G2R2O2L1/4R2M2G2D1/2W1U5H4/OXIME1RAKEE4/2ZOL1I1U1AW3/3N2P1I1DA3/3T2PEA2T3/3I3AS2T3/3E3N3L3/3STYTE2JEAN1/7DINOSAUr EOOORRU/ACGLTVY 357/320 0 -lex CSW24
admission-20260730-b3-p320	3	11PREX/10HAAF1/8MYOPS2/7LO1OE3/10V4/9FE4/6BOWR5/3VENIN1UG1CAY/4U1OO1NU1U2/3DOH3KA1T2/3OI5R1E2/3W4JEDIs2/3L2BAA3I2/1GEEZ3DIT1EN1/QI1SATIRES1CRAN DEGLRT?/AIILNST 365/352 0 -lex CSW24
admission-20260730-b4-p001	4	3J3HEtAIRAS/1QUAKE1A7/3MINORED5/3B3M1R5/4U2S1IF4/2PONZU2FACTA1/4H4TAO1G1/YUP1O1WIRY1X1L1/1GILLIE4AVO1/2ROID6EW1/3TEENIEST1R2/4r7D2/12I2/12N2/15 BEEEGNT/ACNOOTV 383/357 0 -lex CSW24
admission-20260730-b4-p002	4	11G3/9VIAND1/3E7R3/3Y6DI3/3ET5U4/3SH5C4/1V2R4QI4/RE1JO1KAZI5/UT1A1TYTE6/BO1L4ACH1WOO/E1sEXFOIL1MEOW1/L2B1AUF3DOEN/LIPID10/ANI12/s1PREEING6 AEMNRST/AEGNRSS 450/308 0 -lex CSW24
admission-20260730-b4-p003	4	1WOODNOTES5/VEX4H1T2P2/2ODA1JA1R2H1F/6AW1UNGYVE/4A1GI1T2L1L/3EE2E4A1I/3BOR1S4E1C/1IrONIsT6I/2EN1T8A/2GI1ZA8/1BIS2R8/RUME2I8/AMES2K8/UP4I8/N14 DEFLNOR/ACDELRT 322/386 0 -lex CSW24
admission-20260730-b4-p004	4	AKEE3BLInDGuT/1I5E7/1WEEL2LUMINAL1/MIXTE2I7/O1T1D2V7/NARCEINE7/G1AA4U6/S2PRIZER6/T1JO1OOF7/1GANTS9/3IO10/1THEW10/1OURN10/1PI1Y10/DEAD11 ABENQRS/CFHORUV 376/369 0 -lex CSW24
admission-20260730-b4-p005	4	7UNLOVE1W/10BATTU/1GAZUMP4C2D/3OR6A2D/3RELiQUARY2Y/3IT5E4/4E3PHT4/3FROWIE1I4/4A4OE4/4L4KI4/10N4/7JINGO3/2OCTAVE7/7FORELAID/HARAmBEE7 DEINNST/EGNOSSX 442/349 0 -lex CSW24
admission-20260730-b4-p006	4	7S7/7H3Q3/A1STARNING1U3/D6V1L1A3/E7HACKLY1/R8B1Y3/m8R3I1/I6MIAOWING/NU5O1T3D1/1P3ZANTES2U1/1WhERESO2A2C1/VAIN3P2DE1T1/OF5O3A1E1/IT5L3U1E1/D6E3X3 EFILORT/BEEEIJR 428/385 0 -lex CSW24
admission-20260730-b4-p007	4	7W4F1O/7A4LAX/2LURVES3JAW1/4E1ME2HOPES/4D1I3MY2P/4S1C4R2A/4H1A4I2C/3QI1TANNED2I/3uR1I3RE2A/3OE1N2ZO3l/3N2GI1OD4/3K3N1LI4/7BO1B4/7YU1L4/1GARROTED1E4 FGITTTT/EEIOSUV 425/416 0 -lex CSW24
admission-20260730-b4-p008	4	15/15/3T11/3U3DOUGHIER/2ETUI4R4/3R5QUEYN1/3I3s2N4/3XOANA2GADJO/5LEI2I4/1GONEF1N1ZEP3/4DAWTIES4/CLEM3L2T4/2DATARIAS5/7K1HAPLY1/1INFORMER6 AEIOVW?/BBCEOOS 414/375 0 -lex CSW24
admission-20260730-b4-p009	4	15/15/2L12/2E8C3/2N7WO3/2T5PRIOR2/2A2TOLUENE3/MANI2YUG1EDS2/2D1FEEN2S1A2/1VOGUE1GOWK1L2/4B4HI1T2/3OBA2JInNI2/2NOYAUS1L2E2/1COT3A1E2R2/4AVIZED2SIX EHMQRRR/AFIITT? 374/340 0 -lex CSW24
admission-20260730-b4-p010	4	F5ZAIDY3F/OB3VEX1I1W2A/REP3N1ORIHOUS/LARiATS2T1I3/EME5PINT3/N1B5REO2V1/D1O5ORD2E1/SCOW2QIS1AHENT/2K5Y1t2U1/9JEU1E1/9AD4/9G5/8MAILL2/15/15 ACLNOTT/AEGINRU 322/530 0 -lex CSW24
admission-20260730-b4-p011	4	7L5O1/7A5U1/7I5t1/7KNIVE1G1/4H2A1W3OU/4EW2QI3EN/J3TE2E4SI/OP2AL1REMEX2P/ROB1ET2MIHIS1O/1ZE1R2AA3TOD/2G1A2N4OIS/DiERETIC4N2/2T4O4I2/7R4N2/7A4GUY BCDFLUV/ADFLNST 407/421 0 -lex CSW24
admission-20260730-b4-p012	4	J6H7/AB5I7/MISEATEN7/1O5N1T1R3/1T5I1APE3/QI3C1E1BUT3/uN3U2F1Ka3/O4L1FOREX3/PA3L2V1DIM2/1D3YRNEH1NO2/1V6OO1GU2/AERATES1LI2L2/1C4AWE3D2/1T4YUS6/7Z7 AEIINOR/EEGIORS 405/362 0 -lex CSW24
admission-20260730-b4-p013	4	1Q13/1IO12/2T12/FLAB11/2REDUCToRS4/1HI6E3W1/1EN4OYS3A1/1PE2G1FAIRY1IT/ST3AG2d2V1E/I4PUH1U2O1W/Z5BO1U2T1E/I6LIMNAEID/E6I4D2/S4JOE7/T3MOORLAND3 CEKORVX/AAELNNR 388/420 0 -lex CSW24
admission-20260730-b4-p014	4	V10RARE/EX7Q2T1N/NU7A2R1t/T7FITTE1R/AB5JEDI1T1A/gU3P1O4I1I/ED3A1W4C1N/1G3VULN5S/1I2FE1YELM4/ZE1GAM3OYE3/I2OBE4O4/N2W1N4I4/CHALOTH3D4/O14/S14 AEEILPR/AGIKORS 348/331 0 -lex CSW24
admission-20260730-b4-p015	4	7BOOAY3/10V1E2/10E1X2/10R1I2/8MIAUL2/5FATING1E2/1V3AZO2E1R2/FORESHOWN1R2T1/1I1A6S1JA1/1P1sH7OW1/3TIC6UT1/3LEI6R1Y/3A1N6N1E/3N1Q1NOTEPADS/3DISBUD3L1K DEEIRTU/ACGGMO? 340/457 0 -lex CSW24
admission-20260730-b4-p016	4	7A7/5A1U1YUNX2/5MIRROR1IF1/5O1E7/5T1I7/5I9/5O1TALLIED1/2THINGO3DREG/1JAM1S5EA2/1E2B2V5B1/1T2A2I4QAT/1W2U2V5C1/WAULK2R1ZENDO1/OY2SPIEGEl2N1/OS5S7 EFILNOT/ACEENR? 353/343 0 -lex CSW24
admission-20260730-b4-p017	4	4RETOUReD3/1LONER4WOLD1/MIB1T3QAT4/3BANTY7/4P10/1ZITE10/4SPOD7/3A1UWU7/1JAb1HEH7/2ILIA9/1RAUN7V2/3E8Y2/3N8I2/1RETOX1FINGANS1/VERS1ICED3G2 EEFIIKL/CEGMOOS 371/343 0 -lex CSW24
admission-20260730-b4-p018	4	7CITRATES/1N5O7/1ENGLOOMS6/KRAI3P3T3/1V5E1WOOF2/1Y4BRUH1L1ZA/2I2TI2AGLEE1/ADNATE1PUREE1AX/1EF5HELD3/1WE6ST4/2C7SAI2/JOUR11/I1n12/B1d12/E14 DIIINQV/ADGORUY 396/387 0 -lex CSW24
admission-20260730-b4-p019	4	3B11/3O5JA4/3U1T3UG1F2/3G1E3DITA2/3EME4LAT1P/4OK3EARL1A/4C1FEET1BY1V/4HOAX1U1O2I/3SI3QI1YEAN/3WE2MI2SOW1/3AR2A4L2/3D3G4I2/3D3P4T2/3L3I4H2/1OVERSEERS2s2 CDINNRT/INNNORU 378/404 0 -lex CSW24
admission-20260730-b4-p020	4	7N4D2/1BAWK1EARHOLES1/2YO3N4V2/1FEELGOOD2WE2/7w3AL2/6TIG2DOM1/6ERA3PA1/2AVIATES2MERC/Q5A1T1BURD1/U2J2N1R6/I2Y2I1E6/N2N2S1A6/ZEUXITE8/IF13/E14 INOORTU/GHIIOP? 416/450 0 -lex CSW24
admission-20260730-b4-p021	4	15/15/15/PORN3Q7/3UPbOILED4/S8Y5/A3WOF2E5/G2FOUET1L1COZY/I1VEE1HAJI1A1I1/T1E6f1U1G1/T1N1RABATTED3/AIDA7A3/L1SIGHERS2LUV1/3NOM9/2ISOMERE6 DKNNORX/CEIINRT 434/382 0 -lex CSW24
admission-20260730-b4-p022	4	12Q2/12AL1/12DI1/9MIRInG/8TOD2TO/9N3ER/9TWOER1/7NYAH2SH/3F4AGAVE1I/2ILEUM2E4V/2NARrOWED4E/3N2ZAX1FLIER/1PUEBLOS2YOND1/4OOSE7/7SUCRE3 AIJPTTU/ACEGINT 380/331 0 -lex CSW24
admission-20260730-b4-p023	4	4FIQUE6/4U8V1/4N7PO1/4K5T1AL1/3GI5W1IT1/3EA5A1SIB/3E3POWN1A1O/3COOZE2G1N1Y/2Uh1YAH2ESS2/2ME2R3Do2L/2ME2ID3R2I/2AS3I3B2N/2H4R1ILEA1T/7E1FONDUE/7R3T2L CDNORTV/EEIJRTX 362/337 0 -lex CSW24
admission-20260730-b4-p024	4	15/15/15/4D10/4W7G1P/1VAREC6UDO/4E5O1VAT/K3BAWNS1A1SIT/E7CAT2N1/AZO1JO2oHm2T1/1OLEASTER1E2I1/PRIMY3N1ABYE1/1IO4HELLIER1/1N3QUOD1S4/GORM2GI7 EILNNTU/ADEEFIX 394/375 0 -lex CSW24
admission-20260730-b4-p025	4	6AL3V3/2V3PA3I3/2IO1WOX3R3/2PO1ORE3T3/2E1KEIRETSU3/1GRR1FA5A2/1HIE1U6C2/1INDUlGED1WARBY/2E5O1E1O2/8OMA1L2/8BIN1E2/7Y1G1QI2/6JUTS1IN2/1NuTMEAT7/7Z7 DEFILLS/AACNNOT 353/427 0 -lex CSW24
admission-20260730-b4-p026	4	15/11F3/4R6U3/3BI6C3/3EM6O3/3LA1DITZ1U2H/2QI2JOUALS1IO/2OE1VINT4LA/2P3N5DE1/1CHITINS4EX1/1O5K4v2/1G5Y2GEODE/AWA4M4TI1/LAG4A4ED1/BYE1FRONTIERS2 AORRST?/AEENRUV 370/367 0 -lex CSW24
admission-20260730-b4-p027	4	R1UH1OOZE1FACET/ENRANKS2POW1M1/T1SJOE4YODEL/A1AI7LI1I/r1E9A1T/G11R1H/E3VIVO1Q2I1I/TUNE3UNIONS1U/1GAWCIER4E1M/5FENT2AD2/11L3/11B3/15/15/15 ADIOPR?/AELRSTY 447/288 0 -lex CSW24
admission-20260730-b4-p028	4	15/9C3I1/9R1L1N1/3OUT2GO1U1F1/4POBLANOS1EH/5MEANY1T1LO/8N2E1TA/5JIBED1R2R/5I2DO1S2I/5ZA2U3DE/6I2C3ER/2ASTATINE1Q1G1/1AHI3nUTLIkE1/1XI10R1/11WEMS ADENOWY/AEFGKPR 282/479 0 -lex CSW24
admission-20260730-b4-p029	4	3T10O/3A9OR/3I2Q6BA/3l2U1L4ED/3CHROMInG2L1/3O2N1N4ID/3A2K1E1F3I/3T3UNLIT2P/8I1N3H/8E1F2JA/8R1O2AS/10OW1YE/1APEX1BOASTING1/1SEDUCER3T1EE/7GYM3EW AAIIORZ/DEENRTU 516/336 0 -lex CSW24
admission-20260730-b4-p030	4	FAAN10I/1GLAIRES1M4N/7OKE2E1B/4a2WANGUN1Y/4R4G2TOE/1JOnCANOES2AB1/DOH1H7YO1/U3I1ZITE1CLEF/I3V1ATE3E2/3WELP1TREADLE/3AD5U4/3I6O4/10I4/15/15 DIORRTV/IMPQSTU 351/453 0 -lex CSW24
admission-20260730-b4-p031	4	7Q4PUH/7U1SAMAN1/7I2GOR2/7N3BEDU/7TEXTED2/1F2TALEA6/1R1BIGA8/CIVE2WIMP5/1T1GOUK8/1T1O4AZOLE2/3NOVITIEs4/C2I3Y1DEW3/RISALDaR7/O6A7/N6N7 EENORRS/AEIJLSY 271/411 0 -lex CSW24
admission-20260730-b4-p032	4	PLOUK1BACH5/1ARSINES1ERICA1/4DUG3U4/10T4/9AT4/9BY4/3ELODEAs5/3LOUIE1TOYMEN/4W4A4E/4D4I1V1JA/4O2GENII1AR/4W1AIRSOFT1L/2aNNEX4F2I/14E/14R ENORSVZ/DEHOPQT 325/377 0 -lex CSW24
admission-20260730-b4-p033	4	4POOTER5/3OOF9/2W1T10/2E1P4A5/2L1I4UR4/2KAE4EE4/2EMS5B4/T2B1gOOFILY3/I2AVOW1L1E4/M2R4A1N2J1/I1QI4N1T2I1/D1US4C4N1/E1A5HUNTING/RADAR3E4I1/5GIUSTED3 AADHLV?/ENORSXZ 346/347 0 -lex CSW24
admission-20260730-b4-p034	4	15/15/3GENTLED5/9OPIUM1/10A4/10L4/8U1T2AB/6QIN1E2NA/2F2GITS1R2OH/1LAARIS1EJECTA1/D1C4HE1DOYS1/U1EmBOXING1WE2/R1T2OIK3PE2/OWE4O3E3/Y6I2NAVAR DIMNRRS/FILTVZ? 273/373 0 -lex CSW24
admission-20260730-b4-p035	4	14W/8D5E/B5WHIG2FOX/R6OZAENA1E/I3PRETELL3D/DORkIER1N6/E3C3I6/MOOLA1VANTS4/A7GOA4/NY5C1QI4/1I1JOG1I1UM4/1P2NiFTIEST3/1ED4R7/1SI4A7/2V4L7 BKNOTUU/AEERTUY 376/365 0 -lex CSW24
admission-20260730-b4-p036	4	BENJ11/3I11/3B9Q1/3E1K2CATCLAW/3RYA7IO/4EF7DO/4ST8D/3WHATEN2L2E/4IN5I2N/4V6TUPS/4A5FUME1/3GHERAO1L1MAT/8OVUlARY/2GRAPIER1X2EN/4GITE6D DEORSU?/IIINOOS 365/366 0 -lex CSW24
admission-20260730-b4-p037	4	13HO/12MAD/12APE/12R1O/10T1GEN/3C6H2X1/3O4U1E1KI1/3D3UNROVEN1/3E4FER1WED/3I3OOFY1L1A/3N3BOI4U/2RE2VITTLE2B/2Y5E2LUNE/1ZAP1QAIDS4R/1ALAlIAS1I4S GINRST?/CGJMOTW 311/460 0 -lex CSW24
admission-20260730-b4-p038	4	15/1C9F3/WHEAR3VAULT2/OOTHEcAE3O3/1U6N2A3/1S6U2T2D/KED5C2I2A/IRE1JUGAL2N1PI/N1V1I2REFuGEES/1POWNY2I4TI/2NOX8TE/1BIO9OS/1AAL11/ZANY11/E14 BELORST/DGIMMQR 330/457 0 -lex CSW24
admission-20260730-b4-p039	4	7A7/1G5B7/1L4TORQUERS1/1E5V6C/1N2BEPElTS3O/1O7HOURIS/LI4MOUE4E/ED1PAVIN6D/I2L11/DA1A1ZE8/GWINIAdS7/EE1T3K7/R2A2CORNIFY2/1FAITH1O7/3N3L7 GIMNTTU/AAEEOWY 391/404 0 -lex CSW24
admission-20260730-b4-p040	4	11BODY/9Y1A3/9L1N3/8QINS3/4p1V1OKE4/4U1I1PEN4/4T1T1H1ED3/3FACETS2E3/4MAX4V3/4IF5OW1A/4N6UH1R/3JAG1COOPTING/2BI1R2DUO1N1A/2AR1R6E1L/GOWD1LEETLE3A AIMORSS/EEIRTU? 382/299 0 -lex CSW24
admission-20260730-b4-p041	4	3W3H7/BIVIA2ET6/2EF2VAR2HIOI/2NE1SAPIDNESS1/2T3T1L6/J1I5L1R4/O1LA4i1E4/R2U3ONERY3/D2G4G1O4/AB1U6U4/NO1S6T4/1X1T2OKAYED3/1ICECAP3D4/1N1R1WAFT6/1G13 EILMORU/EEMNQZ? 319/353 0 -lex CSW24
admission-20260730-b4-p042	4	F1T4SQUIZ3/ODA6L1O3/PAW5ET1ET2/1C6BI1AI2/1T1E4BOH1E2/1Y1U1JAM1NA4/1LOCKAGE2R4/AI1R3WOOs1R2/V2I6H1E2/I2T3VIXENS2/N2E3O2D1E2/E2S3Y3PA2/7E3OU2/7U3N3/7R3G3 AEGLMT?/DDILNNS 283/497 0 -lex CSW24
admission-20260730-b4-p043	4	LIRK6DICTY/3O1WO5U2/3U1EX5B2/N2R1DO5E2/o2A1G3VAGS2/C2SOY1PIA5/E3U1JEON5/N3THORN6/T1B1HARM7/SQUAIL9/2I1TI9/VELL1D9/2D12/FESTIER8/AW2FEET7 AEEGOZ?/AAIINNP 340/373 0 -lex CSW24
admission-20260730-b4-p044	4	VAIRE10/4SADDLES2R1/9WILGA1/13C1/10BEFIT/6ACARINES1/4F1HUN4T1/3MOVER1DIKAST/4G1MEN2OX2/3JOY9/3OU10/3E1Q9/1BEsAINT7/TYE4WIPEOUT1/7P1OLD3 AEIILNR/AGNRUZ? 370/369 0 -lex CSW24
admission-20260730-b4-p045	4	15/15/12E2/12N2/12G2/1V10L1C/1O4RATOO1i1H/TALEA2WIFEYS1I/OR1LIMBED2AH1R/p4U4XU1LO/O2N1D4IT1I1/N2E1B1Q3I1V1/Y2R1U1I2JAPED/M2T1G1N1FA2NA/S2ZESTS1AWE2G EIIKORU/ACENOPT 363/325 0 -lex CSW24
admission-20260730-b4-p046	4	5VAPERS4/4JA4I4/4IN4N4/QUERN5F4/4K5U4/4EBB3L4/1SeNRYUS2L4/ZIT3THEWY3M/OCHER1TOME4E/4AWEE1XI2AR/4N5OVOLI/1GAUD8Os/2GRAFT6ET/4N8DI/14C AIILOST/ADDEIOP 371/444 0 -lex CSW24
admission-20260730-b4-p047	4	6PA7/5JAW7/3V1OYER6/3A1B1EH1A4/3GOE2EFT4/4V3XI5/2LEUGH1ID5/1QI1MUMUS6/8E6/2TrIALIST3ZO/4TWO3GYNO1/1UDO2CONNIE1I1/3PONK3FABS1/13T1/7NEREIDS1 ACELNRR/ADEEIL? 382/338 0 -lex CSW24
admission-20260730-b4-p048	4	15/15/5R9/5OI8/4TOM8/5KI1V6/D4ID1R2I3/E1N1BE1COWED3/T1U1A2AW2I3/OPT1IF1p1ZOOEY1/XU2nA1T3G3/1R1QIN1C3R3/1I1UT1EH2BAP2/1N1AE1EA1GEMEL1/REVISALS3SHAY LLNORST/ADEEJNO 397/387 0 -lex CSW24
admission-20260730-b4-p049	4	6ANY6/5M2EAU4/5IChNITES2/5R4EE3/4LETCH6/5D1L7/6DIVS5/4HOON6A/3WAIFT6J/4P8GI/3MU8L1/3I9I1/1LUZ3RETUNDS1/ROPEABlE1IRE1K1/EBONY2FAX1WIST DEGOORV/AAAEOQT 386/355 0 -lex CSW24
admission-20260730-b4-p050	4	7I3Z3/7NEGLECTs/2PINWALE2THO1/7O3A3/2RUGA1C1BYS3/5JAK7/2G2EF3B4/1lIVIERS1NO4/2D3O1QIN4/2D5AXE4/2I5T1R4/PREUNITES6/O1R12/O3WAME7/FALTERED7 HLNOUVY/ADIIMSU 453/351 0 -lex CSW24
admission-20260730-b4-p051	4	12T2/12AT1/6JUG3BO1/3KETOSIS1LIEF/2DIF4AMA1AR/1VOR5DOWD1O/6PAX1ONO1N/6UBIETY2T/5RHY6E/7EMIGREES/1NATuRED3E3/QUAI7C3/11A3/9VINEAL/11E3 CGIILNS/ELNOPW? 440/345 0 -lex CSW24
admission-20260730-b4-p052	4	7U6O/PUH2B1N1WInCED/E1U1MO1D3O2E/R1L1AH1EXERT2U/I1L1NE1R3I2M/O1O1NA1L3T3/S1OKE2I3I3/T2ADAGE3A3/2OW6ZE3/2FA5JO4/2LIP4Es4/2AIA4ET4/2G1Y4REVS2/10R4/10S4 ABGNRTV/CINNQST 383/310 0 -lex CSW24
admission-20260730-b4-p053	4	12T2/1A10R2/1M10U2/1O10S2/1R10T2/1I3L4B1I2/1N2QI2ZOO1E2/WO1JUNGLE1YIRTH/O1BOI1AUK1s2O1/ORIENTER2I2A1/P3C5EF1d1/I2CH2D2RE1F1/E1SLEAVED2G1L1/3A3W5AD/3G3Y5XI EMPSTTV/AANNNSU 454/444 0 -lex CSW24
admission-20260730-b4-p054	4	3BAVIN7/2DE8R2/2UH7OY2/2GO7OK2/3T4FAM1E2/1FRITZ3PEED2/3N4VENT3/3GOODIE1TAWAI/7OX3R2/7STRUMAE1/4JAR3P1W2/3CAnEGRUB1L2/1LAH6Y1S2/4NIcOISE4/15 CDEEILT/ALNNQSU 439/315 0 -lex CSW24
admission-20260730-b4-p055	4	4BLACKOUTS2/5AGO4QI1/7P4UR1/5T1ES3EE1/4LOIDING1G2/5F2D6/5T2E6/6FAP6/2VROW2A6/I2URALITE4E/M2NEWISHlY3N/BURD5MATRIC/IDE11A/ZOO11V/ON12E AHIJOX?/AEEENNS 331/390 0 -lex CSW24
admission-20260730-b4-p056	4	15/11L3/5COPREMIA1C/11N2U/11D2R/2N6W1I2V/2I3G2O1E2E/ZINGS1NOVUMS2T/2J3U2L3IS/1QAID2B1D3X1/N3ARsENATE1I1/ELOGE2E3DEAF/W6P7/T6EUTHYmIA/S6R5OB AEELOOR/AAHIORT 371/363 0 -lex CSW24
admission-20260730-b4-p057	4	QI1OZoNISE2VAE/1OLIO4DURIAN/4OU6V2/11FA2/10HUT2/9HEM1JA/9O1EMU1/7BLONDER1/9RE1WED/9OW3E/9OBEY1P/11XI1I/12T1C/1REALISE4I1T/5STAGNATE1S ADFIKRY/GGLNPRT 389/406 0 -lex CSW24
admission-20260730-b4-p058	4	D6A1SEXIST/OP5EDH5/AL1C3R1U5/BETA3YON5/1WARP3G1A4/2NA1Q2I1R4/2GU1U2V1I4/3n1OWIE1ED3/3AMI4TI3/4OFF3TO3/4E1U3eL3/3CREMONAS4/4I1Y2D5/4N4Z5/2HAGLIKE6 EEILNST/EJORRTV 386/354 0 -lex CSW24
admission-20260730-b4-p059	4	3J3POUKE2V/1LAICISE3S1HA/3A7t1AW/3O7O1H1/10DIVA1/3U6aLES1/3NGRAM2YEX2/3W2GORPS1T2/2BI6M4/2URE4FA4/2FEE4IN4/2OD5T5/7CATTLE2/2ERIONITE5/ZIN4G7 DLNORUY/BEEINQR 473/331 0 -lex CSW24
admission-20260730-b4-p060	4	15/5R3M5/5E3ARF3/5P3LOU3/5L3TOM3/5I3E1A1C1/5E3D1G1OD/YAPONS1AIS1E1NU/2E4N5DI/1BEG1KNIVED1JOT/2WILY1mAHA1UR1/2I3QAT3V1B/2T4T4I1U/6COSIGNERS/7R6T AEEFOWX/AENORZ? 335/325 0 -lex CSW24
admission-20260730-b4-p061	4	Z14/A14/K1J12/ALIENING1E4F/T1V1E4C4O/2Y1U4HE3G/4R3YEX3I/3FUNDIE1O2RE/2VALUE1P1R1MA1/3TABI3D1OW1/4E5I1W2/6COGNATES1/7DOOL1R2/1PLINTHS7/RAITA10 AENORS?/BDIMQSU 306/484 0 -lex CSW24
admission-20260730-b4-p062	4	I5GLOBIEST1/V6I7/I6T7/E4R1E7/DO2mA1R7/1C2AX1A7/1A2NE1T6T/PREJuDGER5U/1I2C3U5N/1N1WOF2G2OOFY/1A1ODE1LATRINE1/1S1MEH1I3KED1/3E3P7/3R3I7/TALAQ2N7 AIMNOUY/EHLOSWZ 424/405 0 -lex CSW24
admission-20260730-b4-p063	4	6BEZ3TI1/6A1OE2UN1/6U5IF1/6L6AG/4V1K6ME/TANNERIES4EM/4N1e2PLOWS1/1V1JA1RADII4/1A1E3BAE5/1CORONIS7/1U1Q11/DI1u11/IT1E1FOE7/OY1SPARGED5/L6OXO5 AGHINTT/CDELRRU 240/498 0 -lex CSW24
admission-20260730-b4-p064	4	15/9A5/3B2FUMED4/2BIVIA2NO4/1WANE3MEH4/1EN1R3AI5/1ECOD3W6/AT1VIcTORS5/Y2ET10/I2ReDLINERS3/N2L4EXEC3/2ZA7O3/2AT7U3/AUNE7GOO1/RHY5PRESIFT IKLOPQS/DEGIOTU 411/321 0 -lex CSW24
admission-20260730-b4-p065	4	14Q/12OBI/2TUATH5WON/4REAEDIFY1L1/2LEONE3O2I1/7VIVE2X1/10T1ZE1/6GERMINESS/5RIF1Ad1A1E/9YE2JA/8TORC1AW/7BUR1HM1O/7ER2OI1m/7AD2ON1A/7T3KI1N CDILSTU/GGLNPPU 322/530 0 -lex CSW24
admission-20260730-b4-p066	4	10VIGIL/12R2/11BA2/11AN1C/10PHT1O/9ZITE1N/5VOIP1N1D1G/5I1OE1T2RE/4ED2CLAYIER/3ODE7F1/3RHO4TOQUE/2FY1c6UT1/1RAX1AG5AA1/2U2MI2KUE1L1/JETON6WASM AEINOS?/BEILNRS 408/380 0 -lex CSW24
admission-20260730-b4-p067	4	11YEVE/13E1/2B10N1/1GLuTEAL3T1G1/2O3BOUdERIE1/2T8A1R1/2C3I1WAIN3/2H3MPOX1QUIT/2Y3I1FETS2R/6D7I/3JODEL6D/2WAP9E/1VOR10N/3LEK8T/ZAGS3DONARIES CEFHNSU/AIMNOOR 415/409 0 -lex CSW24
admission-20260730-b4-p068	4	11ZARI/5J7U1/2NGRAMS5G1/5F7OD/4OF7LI/B1EQUAlITY3AS/LEX1T9P/E2AWAKE6U/N2DEWIER5T/D3E3ENGRACE/4P3VAU2O1/6VOSTRO1L1/13L1/13I1/7ENMITIEs BDEIORT/ACHINOY 451/285 0 -lex CSW24
admission-20260730-b4-p069	4	14L/14A/2OUTACTED1GIEN/5wHEREOUT1C/6I7H/5OVERKING2/2WAW1A8/F2ZABRA7/AULOI1E8/G5EF5M1/7O2BOXY1/7MISERIES/1UNVeSTED4L1/7N5I1/7T3POND DIINPRS/AAEJLOT 394/417 0 -lex CSW24
admission-20260730-b4-p070	4	3V6R1FIG/3A5JOMON1/3R2HELICoNS1/3V1O1DINKY1TA/3EGO4E2AD/4UP4T2LA/4A5EEN1P/LUZERN1LATEX2T/4A1FOB1R4/1SIGNIORY6/4I1E3UWU2/5OSMIATE3/15/15/15 DEHIOS?/ACDEIRT 384/407 0 -lex CSW24
admission-20260730-b4-p071	4	3XYLOL7/1AWE11/1MAN2VENTROUS1/1OBI5O1PHT1/OK1cAPROATE4/W8A5/I6ZOL5/E4R1AHI4T/1GUNNERS1S4U/5J3EF2AT/5I3SIF1IT/5G4BE1AI/11Y2E/9QUEENs/11D3 CDDEMNV/ACEIIOR 441/380 0 -lex CSW24
admission-20260730-b4-p072	4	R14/E4BUG7/F1D2I9/L1I1JO9/O1A1I10/A1G1L10/t1RATTY5L1P/SPIM1AUA4OBI/1OD1UNGYVED1REX/1Z3KAE1HOE1WE/2NONA4CHIEL/1VENUS7T1/2WET2TIERCEs1/15/15 ADEIORS/AIMNORT 375/369 0 -lex CSW24
admission-20260730-b4-p073	4	LOAMY2l1MEDICO/4OH1E3O1L1/2RAKIJA3R1I1/6ODA2R1N1/4GREENTHS1T1/7n2U4/4WIPED1G4/3GEOID1PELVIS/4N4OO4/4N4XU4/3BY5ST3/3U7A3/3R7W3/3Q5VITE2/3A7SAFT BEELNTZ/AACIINR 365/280 0 -lex CSW24
admission-20260730-b4-p074	4	1G13/1Id12/1FE12/2L1S10/2I1T5VAU2/2M1R4HIE1F1/2E1A3YON2U1/2DEW1GOOK3R1/3mE3MAAR1C1/3ID1BAPS1E1A1/3C7NOT1/3T1LAX3EWE1/2SIZAR4GI2/3O1BIT3EE2/JINNI1DELVED3 HNOOPTU/ALNQSTU 411/342 0 -lex CSW24
admission-20260730-b4-p075	4	14T/14R/1h12O/1Y12W/1A11rE/AL7C3ED/GI4Q2U3F1/UN3ZIMBI1PILI/TEF1RANI1TOO1A1/I1R1EX4MU1G1/2A7ORES1/JINGO5V1V2/2I1BOLEROS1E2/1NOWAY6T2/2N4DEATHS2 AEEHKPS/ACDDENR 348/364 0 -lex CSW24
admission-20260730-b4-p076	4	7D7/4T2I7/4R2TREADLeR/3HAFIZ3A3/4M5WIPED/6CUVEES2J/4GNU4Y1MI/3FOOTmAN3EN/3O4XU3ON/3OE2REBAR1W1/1QADI5N4/2BINE4V4/2YEAR4I4/2E2G4L4/TASH1O9 EILLOPT/ACEKSST 389/281 0 -lex CSW24
admission-20260730-b4-p077	4	11JObE/13E1/1C4COBIA2G1/1L1D3FOOTlING/SATE9A1/AYIN9W1/U1XI8EST/L2ZONKED3N1R/I1FE4H3G1A/E1UN4UH2R1M/2TE4RE2A1P/2ID1OUVRIERS1Y/2L5AL2P2/2E12/15 BEIORVW/AAIMNTT 388/366 0 -lex CSW24
admission-20260730-b4-p078	4	7FEASTiNG/5ZEE1N5/2INIA1WINTRY2/9E5/7DELETION/3BIB3I5/5ALOED3Q1/3VALOR2TAWAI/5UPSOArS1T1/3JUN2EXO4/10C1G2/10KYU2/11OR2/8OH1G3/5PRUDISH3 AEILMRT/ACEEFRV 447/367 0 -lex CSW24
admission-20260730-b4-p079	4	7C7/7R7/7Y7/7E1I1U3/5OARSMAN3/4GUES1I1T3/2WOOT3D1AL2/3PEAGE3XI1L/7u6O/3PREFREEZE1ST/3O3O5AH/3O1VALETINGS1/7AVO3I1/2TURBINED3N1/AHI4D3FLEW ABEQRU?/CIIJKNN 396/315 0 -lex CSW24
admission-20260730-b4-p080	4	N6OVA5/E8R5/A1B6c5/TOILET3S5/H1OOTID2I5/1MM3R2N5/JOE2QI1FE5/UN3UVAE6/N4AE1ZOA4/C4I3UR4/O4R3REX3/STILTS3AGEN2/9R1DE2/1CLOUD3I2P2/4GAWKIsH4 AADELPT/BFGINSW 340/293 0 -lex CSW24
admission-20260730-b4-p081	4	7N6N/5B1O1BYRNIE/5I1U6G/2VIZORS5DA/4IF7UT/4NU1FAV3PO/5E2S5R/3HOLIEsT1PIOY/3E4O2E3/3R1TRANQ1L3/3L4A2L3/3I4T2A3/3N3RECOCK2/3g6DHOW1/3S3JETE1WEM ADDGITU/AAEGISX 416/333 0 -lex CSW24
admission-20260730-b4-p082	4	12H2/2U3C2O2e2/2N3OB1U2R2/2T3LO1T2N1V/2R3OW1AB1I1I/1CINQ1RE1GO1A1V/2M1U2R1ED1LED/3PONGIDS3NA/4TI1E5T1/3KEXES5A1/3ER1E6Y1/2JA1TWP5L1/2A4INFULAE1/2M12/ZAS12 EEFGIS?/DEIORTY 401/313 0 -lex CSW24
admission-20260730-b4-p083	4	B1Z4M7/ODA4ERF5/GIP3JO7/AHS3EW7/NE2BOT3R4/1D2YU1YEVE4/1R2C1QI2c4/NONFADING1L4/1N2T5O4/4c5SI3/3UH5EXO2/3V6DIT2/3A7AI2/KEGELERS4C2/AMI4TUILE3 AEEIOPR/ALNRSTW 441/363 0 -lex CSW24
admission-20260730-b4-p084	4	WAIVE2A7/3I1D1ZEP5/3T1A1OMA1GO2/3T1R2PHLOX2/3AMA2U6/4EF2S6/4T3E2V3/4E1QIS2I3/1KOUROI4N3/NYE1EW5o3/O3D6L3/B10E3/L5BIrLINN2/E4HA2IFTAR1/RECURING7 ACDEGTT/DEJRSSU 416/396 0 -lex CSW24
admission-20260730-b4-p085	4	ALGESIAS7/7KI6/6QIN2P3/6ADD2E3/4C1T1O2R3/3COWS1L2O3/4R6N3/3VERRY3E3/4MEE3BA3/2WHIFTS1JELL2/2O1A2O2V4/2M4R2U4/2B3UNGUEnTA1/4APNEA4ID/7REINFUsE AGHINTZ/DIOOTTY 332/357 0 -lex CSW24
admission-20260730-b4-p086	4	3C2B8/3O1TUP7/3Y1EYE1G5/3AIM1N1U5/3UNS1T1N5/4FE1O1G5/4L2DAE5/3MOILED6/3EW2SO6/3D5HAN3/3INVERTER3R/K2C10E/I1GO10W/ELASTIN2JAmPOT/V1U3OLEARIA1H ABEIQX?/ADFIOSZ 412/321 0 -lex CSW24
admission-20260730-b4-p087	4	3PANGA7/1ITA11/1GOV11/1nOS11/1IN12/1T11J1/1E10FOH/UR5VINT1L1U/N7DOO1AMI/C8BORTY1/H3ABLEIST1l2/ADAGIO1Q3MI2/SEI4U3EN2/TYDE3E3OE2/E1EX3S3WRAP ADEEKLW/CEFRRRZ 419/448 0 -lex CSW24
admission-20260730-b4-p088	4	DRIP3A2OPTED/3LEANINGS4/2JOEY1L5B1/TWAY3E1KIEVE1/1OI1LOURIER2R1/Q2FAX1O1FEH1GU/ILIA3N3O2R/1ONBeAtS3W2D/10TEGU1/12OHM/14A/14Z/14U/14T/14S ACCEEIR/AEINNTT 349/403 0 -lex CSW24
admission-20260730-b4-p089	4	2TURTLER5T/5R7GO/5O6WAY/5P6OU1/3BLEAREST2c1/5D2MHO1UH1/10R1RE1/6LOWAN1ASK/10A1N1E/3FID1A2D1Y1X/TABEFIED2I1L2/7JUICES2/6ZIP6/7G7/6NOVITIES1 AGIMNV?/ACEEINO 389/453 0 -lex CSW24
admission-20260730-b4-p090	4	OUGLIE1R6B/2L4A2N3A/2O1THORITES2N/FOVEA2K2WILJA/R1E7M3l/A1b7O3E/G1OD6W3S/I1XI3TRANQS1T/L2G8T2/E2I3OOP2U2/R2T4PUY1D2/3S3MENACED1/6FID6/15/15 ABEIRUZ/ACEEINV 383/418 0 -lex CSW24
admission-20260730-b4-p091	4	7B7/4Q2OD6/4U2KO6/MIHIED1OU5L/4Y3A5I/4N3N5C/2P1I3E2E1MI/1HAVEOUrS2X1UT/1AR8C1L1/1JAPE6I1L1/2NOW6T1e1/2OW7E1R1/1VEE2FRIANDES1/1EAR1ZA8/1G1STANDEN5 ABIRSTT/FGGIOTY 522/375 0 -lex CSW24
admission-20260730-b4-p092	4	10JIBER/1A4BRACONID1/1PA3E8/1ID3SQUITS3/1ON3H2FITT2/1LA3R8/2TRADEOFf1E3/2I3WHEELY3/2O3S3OI1O1/2N6WONKY1/3ZAG3ERGO2/3ELUViUM2A2/VITE8N2/15/15 ACEILPT/AEEMNRS 339/478 0 -lex CSW24
admission-20260730-b4-p093	4	CAF12/1BAJRI2V6/2XU4I6/3D2C1T6/3G2O1T6/3EF1L1L6/4R1O1E6/3HEAREs5D/E3M1I7I/PENSIONE6s/I3T1G7A/G1AYU1ST4R1B/O1WOS2W4O1L/N1NU1QUASH2N1E/I6Y1AVIZED AAEINOR/DEKLMPT 372/423 0 -lex CSW24
admission-20260730-b4-p094	4	10OXBOW/13B1/12QI1/13ED/13DI/3ANURA6V/1AZIONE6WO/PYA3HOUF3IT/OUPED3HALVER1/11I1ET/4SNACKIER1MA/3S7I1AY/3C7N1N1/cLAUTED4O3/3G1REJOnES3 EINRSTT/EEGILLM 296/469 0 -lex CSW24
admission-20260730-b4-p095	4	15/5C9/2JO1O9/2AGUNAH1WEE3/2UR1d1OVEN4/2PE1Y3M5/5L3BA4/3FOETID1VIGIL/3ARSINE1I4/2W4T2D4/1QUITTOR2I4/2X4O2N4/1OI4N7/1PA2CLIFT3YA/DESK3c1ENGRAM ABEORSU/ADEERSZ 321/274 0 -lex CSW24
admission-20260730-b4-p096	4	A14/H14/OR13/YE12T/1F12I/OI3Q8B/AL2JAK7I/FE1AUTEUR5A/1DO1V1B3DILLS/2PHIZ1V1OUR3/2I1EOLIeNNE2N/GNATS2X3DUCI/2T3MEW5M/2E4N6P/ENDGATEs6S CEEERTW/AGIOORR 374/375 0 -lex CSW24
admission-20260730-b4-p097	4	R6O1ANTIFA/U6U1BE2I1/MOULDING3BOKE/E2AE2L1HOODIE/N2TE2I1EWT1E1/1QUIM2E1F3R1/3G5T5/JATO1PEAVY5/1TAENIAS4V2/3SOX1PLANuRY1/12O2/12W2/12S2/15/15 ADELRS?/CCDGHNR 393/349 0 -lex CSW24
admission-20260730-b4-p098	4	15/9Q3C1/7FLAG1IO1/9N2FUM/9AL2PO/5JET1TI2ES/1ARENOSE2V1REE/IDEM3AGUIZE1Y/10D1C2/2K9k2/2N5VIABLE1/2OI8I2/2WO1AEqUORIN2/3TOW3HEDGY1/3A1NAOI6 EHLNRTU/ABDPRST 333/363 0 -lex CSW24
admission-20260730-b4-p099	4	7T7/7E7/7R7/1Q5M7/1U5E7/JA1DRUIDIc5/ANNA11/ST1GOUGE6G/PiA2HIE3F1BA/1FA4LEVEE1OP/AY1IVORY2WHIOS/C10M1L1/O1RAND1OBITER2/R4ZEK7/N3WOXEN6 AEINTTU/CDEIOSS 315/360 0 -lex CSW24
admission-20260730-b4-p100	4	15/4EF9/3SNEEING5/JACK11/1HOAX10/2O11B/2FAT9A/3VOULU4C1R/2POP4T2E1D/2EWE4H2R1I/2ARD4RAVENS/2NY4QI2MEM/2E6m1ZOA1/1IDOLATORS1InT1/4IWIS1A1NY2 EGIILNT/BEELOTU 417/388 0 -lex CSW24
admission-20260730-b4-p101	4	7T7/7H7/2S4Y7/2CLEARING5/2O4N7/1sLEAZIER6/GoDHEAD8/A1I3EQUES4/WAN3AIM1O4/PUG2V3FAB3/1E3R4K4/4DOWNIEST3/5O1OFT1E3/5M5N3/PREVISOR1COTIJA BIILLNU/AEEORTX 463/347 0 -lex CSW24
admission-20260730-b4-p102	4	7VIABLE2/9HOING1/10R4/10ET3/4NEEM2ER3/3AuREITY1A3/8WORN3/4RAZOO2QUAD/5PEH2C4/4LOAMIEr4/2WEIDS3U4/1FONDS4FAUX1/GEO7T4/IDLY11/3AVENGES5 ABIJKRT/CLNOPTU 407/359 0 -lex CSW24
admission-20260730-b4-p103	4	15/15/15/15/1CORNROW6A/7H1T2AHI/6FE1W2GUR/7FRIG1EEN/7T1NE1U1S/1Q1OUZOS1YEPS2/1ABOMA4POI2/1p9DA1J/BID1LADENING2E/OK5METEYArD/X2VOILE6I EILRTTV/CEIRSTU 385/388 0 -lex CSW24
admission-20260730-b4-p104	4	10S1F2/9JARLS1/10L1O2/10V1ON1/E9O1REC/D8WE1IVY/I3AUK2AD1NIB/TOUZE1YUFT2G1R/I8A3Qi/O6A1P2HID/N6BEEDIE1s/S6U3OXO1/6OLEA2I2/5WHIN3N2/7C2TEGGS AERRRTT/AEILMPT 385/378 0 -lex CSW24
admission-20260730-b4-p105	4	7D7/7R3B1C1/6DENTaRIA1/3J1N1G3I1L1/3AMA3QIN1I1/3PIN3I1YEX1/4S1BOKS2R2/3HETERO2POUF/4R7T2/3CLEAVAGE1E2/3OY3HOWES2/3U4ANELE2/3L8s2/1UNDUG9/4TOFT7 AADIOVZ/EIIMRST 365/383 0 -lex CSW24
admission-20260730-b4-p106	4	7BARRACeS/7O4O2/7R4D2/5V1AW2ZEA1/5A1GI1TAXI1/5GIEN1O2N1/6M1K1I2E1/4OUPA2T4/4B1EL7/1D2JOLL7/1R2EE9/FOUAT10/APHESES1WENNY2/UT3FIVE6/T7THIONyL DEIINQR/DEIMRSU 384/358 0 -lex CSW24
admission-20260730-b4-p107	4	13V1/2TRIOLETS3O1/2R9OU1/1GAZY7ICH/2N1OP7HI/2Q1WAD7S/5NE1C5T/3MIDIrON3LO/5EF1B1G2AN/5I2W1JA1EE/4TRUMEAUX1T1/5O1AB2E1A1/7V1EIDER1/5DRENT3E1/7N7 FIKLOSU/AEILRS? 392/355 0 -lex CSW24
admission-20260730-b4-p108	4	CREW3BRANzINO/3O3EE3FY1/3V2JAI6/3ES1OUK6/4A1ET7/1QUALE1E7/DIGIT2S7/3DAVIT7/4T4C5/4EH3O5/4DE3N5/5L3G5/GEY2L2POWIN2/1MELTONS1U5/NORIA1AHIs5 FMOPRTZ/ADRRSUX 453/341 0 -lex CSW24
admission-20260730-b4-p109	4	14D/4NAV1HIM3I/JUCO1PALETOT2V/U2FLEX3WIRRA/M13N/A7ATOnIAS/R6EYE1OOT1/T6LUACH1EE/SAINING7R/14G/12R1O/7BLENDE1T/12SKI/12OES/12WYE BDEEGRU/ANOPQZ? 266/435 0 -lex CSW24
admission-20260730-b4-p110	4	ENTAIL8T/3P10I/2FA8R1L/2AY7ZELS/2V8ONO1/2AB7EEW1/3R2JUD2AG2/3AERATOR2U2/3H3UNEDGED1/3M4EGO1R2/3I5OBVS2/3N11/1QIS2CREMAnT2/OI3WO8/UNmETED8 CHIIKNT/ILOPSXY 461/377 0 -lex CSW24
admission-20260730-b4-p111	4	1PIVOTED6s/3A2ROOFING1C/2ET10A/2YUP9R/2E1U9I/4J8KO/4A8AS/4HAHA2BOITE/7L2O2I1/3OUTFLOWN4/1QUEME1N2ZE3/BIRSE2I1WEX2R/7G3C2A/7h3ENVY/7T3L2A ADDEGIN/DEILRSS 280/411 0 -lex CSW24
admission-20260730-b4-p112	4	7K5D1/O1G4N4LI1/R1R3BO2t1OB1/N1OUTJET2AWA2/A1U2ED3QIN2/TAPADERO1MUTE2/E1I2ZE2OE1E2/L1E3SHERRY3/YAS3T2PI4/1X7HA2F1/1O8SAVE1/1N11C1/1I10GI1/1C10UT1/12V2 ELLNOSW/DIIINR? 418/432 0 -lex CSW24
admission-20260730-b4-p113	4	8D6/5J1MO6/5E1EW6/3APAID7/4IN1I7/4C2A7/4O2T7/4T1FORD4H/3TEE1REI4I/3REX2BOW3L/3oS3UTA1Q1L/3L4KAURU1I/2VAIN2I1L1AGE/1NANNY2n3GUR/HEED2ZYGOSE1V1 CEMNORT/AEFIPSS 533/282 0 -lex CSW24
admission-20260730-b4-p114	4	H14/U14/M7Q6/F2q3BILGE3/E2U4NY5/DILATED2C5/1FORERAN1H5/3R2LOGGIA3/2PI5A5/2EE5T5/2ER5E2J2/V1R3OWNS2I2/ADYNAmIA4V2/U6BOWSMEN1/S3TUTS2TIRED AAIKLOO/CEEIOTZ 353/385 0 -lex CSW24
admission-20260730-b4-p115	4	13LO/13EH/11d1AI/3A6JIB1A/3L6OMOVS/3BAPU4E3/1FEUdING3R3/GERM3OCULI3/1NEE7ZO2/3N1PANFRIED2/4WAXY3SEVS/3TOTES6Y/2TOWEL7N/QAID10C/ID12H DEIORTU/AEGIRRT 378/395 0 -lex CSW24
admission-20260730-b4-p116	4	11W3/3A3SUBVERT1/2RE5L1D3/1FORNICATE1G3/2OI5ANY3/2FE5KA4/1GI1NOUN2O4/ZOEAE1HADJI1T2/EE5HAO1QI2/NY7EAUX2/I10B3/T10I3/h10T3/a4ORDURES3/L3IDEE7 CNOSSTV/AGILMMW 302/390 0 -lex CSW24
admission-20260730-b4-p117	4	9TWEELY/13U1/10A2R1/7TREMbLED/9NA2XI/9V4S/9O4A/B6UEY4S/EQUATION6T/C2WOF1H5ZE/A6I5OR/P2COVING4N1/1OBI3G4FA1/1MISTUNeD3OE1/PANTER1S4G2 ADIJKLR/ADEEILR 443/361 0 -lex CSW24
admission-20260730-b4-p118	4	7PArASITE/7O7/1D5LA6/1O5YE6/1D6QUIP3/1G6U6/1I3D1WOW2G2/TE2VIVER2COLD/ER3T2I3T2/R4Z2N3C2/A3BYKE4H2/FLITE2HEMINA2/L7XU2S2/O6ROMAN3/p1AGUISE7 ABFNNRR/EEINOOT 468/388 0 -lex CSW24
admission-20260730-b4-p119	4	7W1O5/7OHM3C1/8AA3HE/7ENSIGNED/6F1T4AG/4T1U1L4PE/4I1J1E3BY1/3GEOIDS3A1R/4R7U1I/4COMANAgED1T/4E4WUD2Z/2QAT2U3SKRY/1RINSIBLE6/7VEINLET1/7A7 ALOOPTV/EIINORR 376/376 0 -lex CSW24
admission-20260730-b4-p120	4	15/TUFF11/2O9c2/1CAZ7BOLT/2MOBLOG2C1E2/2L3DIEHARDS1/2I5KEN1I2/2k4VEXT1T2/2E7I1O2/4Q2G1HOARY1/4UNPAYING1A1/3DA2U1L1E1R1/3R3J1I1E1E1/1SPAVINED4R1/3W3S7 AENOOSW/AEIINRT 381/407 0 -lex CSW24
admission-20260730-b4-p121	4	4I2L3QUAG/1VEINY1O2DINGO/4B2U1GO4/4RECREANT3/4E2I1ME4/4EX1E1PET3/4DI3i1R3/FILLS1JAWS1I3/5RAY1H1D3/OBTUSER4U3/10PaM2/10ANI2/10V1R2/11ZINE/11ADAW CEHNOOO/AAEFOTT 434/370 0 -lex CSW24
admission-20260730-b4-p122	4	s1Q2BURITI4/CLAMBE2OY5/A1TO1NURSERY3/T2T11/H2HM5I4/I3E2LEVO4/N3W1ZAX1D4/GI1PIKER2U4/1OF1NAN3R4/1DO1G4FE4/1AL6ET4/1TIG3JAWS4/1EAU3A7/1S1E3P7/7E7 CDENNRS/EIILOOV 493/331 0 -lex CSW24
admission-20260730-b4-p123	4	1VENTOSE3AURA/4OX1SPAIRGED/9D5/HOME5VIFFED/1CORKS3E4U/GHI2P3N4L/5A3T4I/2lEARNERS3AA/5R7U1/4MY7D1/3ZE8i1/3OW8E1/2JILT7N1/BLOC9T1/AIL12 AEIOOUW/BEGNNTT 367/432 0 -lex CSW24
admission-20260730-b4-p124	4	15/15/12O2/12R2/2F7OBE2/1JO4G2BAA2/HAE4R2AID1P/OI1C2WIZ2N2R/U2o1ROTAN1I2U/S2S3T1AUTUMN/EVITE1LI3E1EE/2DANDELIoNS1NY/3R2KY5G1/1MEDIC7E1/POHS11 GLOQRWX/AEFIOTV 276/421 0 -lex CSW24
admission-20260730-b4-p125	4	D5ELASTANES/O3V2E6I/Z1KHANDA2G3B/ETOILE1C2UM2B/4V2h2LAH2/4E2O1PACO2/2QIS2U1O2Y2/U2N1TARRIED3/N2F5N5/W2I5D5/R2REGULOS5/A2M11/PIAsTER8/15/15 EGIIRTT/EJNOWXY 338/410 0 -lex CSW24
admission-20260730-b4-p126	4	2RAILLIES5/3U11/2UN5JEUX2/2ME7N3/2B1Q2YIRRs2A/1TREAGUEs2H2F/2A1D1EVO2OB1I/3PIOYE3OE1R/3I7TASE/3R8DE1/1PLATT7N1/3I3CONVO1D1/11WHIZ/13N1/11WAGS AADIKLT/CEFNOST 387/276 0 -lex CSW24
admission-20260730-b4-p127	4	15/15/15/7S1YAARS1/7HOAX2I1/7O1W3M1/6HAZED2I1/VATU1JOLED3T1/3NOOGIE4AG/1G5E5RE/1L1ANTIRAPE3O/CUIT5IWI2S/1T3BLUNTeD2M/PERFAY7QI/ONE10In DEKNRRV/EEFLOSU 393/435 0 -lex CSW24
admission-20260730-b4-p128	4	10GID2/10ODAL1/10OOM2/3CHARGED1L3/9OWO3/2C6FENT2/2U7I1R2/NErK1APPS1R1E2/2VIFDA1HId1Z2/1QI2OY2XI4/2E5VOE4/2STUBBIER5/2T2AA1LA5/4UTE1L6/STRINES8 AEEGNUW/AEIJNNR 366/454 0 -lex CSW24
admission-20260730-b4-p129	4	3FORAY7/4BE9/3FIT1M7/3UTA1O2QI3/3REX1L2IN2G/4RE1E3V2A/5DAH3OW1L/6VUMS1KA1o/5ION1ARET1P/5C1T1ZA1EWE/1GORhENS2I2AD/5C4N2I1/5A3DYNEL1/5P7E1/11GURU DEHLOST/EIIJNST 242/510 0 -lex CSW24
admission-20260730-b4-p130	4	13AD/5J7XU/5E8C/V4R8A/R3VROW2FAA1T/OK3Y1INLAYERS/UNZIP1UDO6/WE1DISGEST2QIN/1EH5HAFTInG/1LA6TEEN1A/2M2GIBBET3T/2A1COOEE5I/2L12/15/15 ILMOPRR/DINNOU? 415/330 0 -lex CSW24
admission-20260730-b4-p131	4	7SUNBeAM1/13O1/13O1/13R1/13I1/5C3V1D1E1/5L1HAILERS1/5AHI1FOX1TA/2Z1IWI2F1T2G/1BATTS5R1QI/2N4P2GI1IT/2JO3E2IN1NA/1MAW3RENDERS1/PE1O3V2D4/OU5O2YCLED EEGKLRU/AAEENUY 345/393 0 -lex CSW24
admission-20260730-b4-p132	4	15/15/15/Q14/IO13/1N13/PA2OUTRAVED3/AG1MIHIED1HOWKS/TE1A2XIS2Y2E/1R1NA6L2T/1sNUB5FE2T/2ORAL3COY1RE/2PICE3UG1FAR/1WEASEL2Z2ANE/JO1l1R6TID BEILNSU/DEGIIMO 421/364 0 -lex CSW24
admission-20260730-b4-p133	4	1COMPTER2BETHS/1O7G1WOOT/1R7ER1W2/1D6PLOTZ2/1O2U4ER1E2/1VEINY2TEA4/NA2HOX1U1L4/IN1BAbUISm5/E3N3K6/V2AD2FY6/E2US2A7/3L3R7/2JA3C7/2I4E7/LOGIE2D7 ADFIIIM/AEGINQS 318/337 0 -lex CSW24
admission-20260730-b4-p134	4	14G/14O/12V1O/10TRILL/9LEED1Y/8FAWN3/6FLAX1E1V1/Q2ZOEAE2JASEY/IS1AHEAD2UG1R1/1tEA6NU1BI/1RIT6TE2W/1OKA3PINAS2I/1BOR2HOD6/1IN2MOTEN5/1C5T7 CGIMNOR/DEPRSTU 393/318 0 -lex CSW24
admission-20260730-b4-p135	4	2STEEVED6/1QI3ELOGIST2/2FAITH5A2/3BO1MU4R2/7N4A2/7C1F1PI2/X6L1R1UR2/Y6AGO1PE2/L5UDON2S2/E5R2D5/MOWA2E8/1WAZ2D8/2TOCKIEST5/6A2HOI3/3OUTLInER4 EGIJNR?/BEINNNV 367/424 0 -lex CSW24
admission-20260730-b4-p136	4	5BUSY6/7TAJ1G3/8DOOLY2/2CAMLETS1AE3/10KEX2/11T3/10BING1/6PUTURE2E/9NOR2N/5Q4T2AG/5I1F2H1DEI/5sWOONIER1L/6EVO1E1A1D/7E1PROWLs/1TIDESMAN2F3 AHINOUZ/AACIRSV 321/473 0 -lex CSW24
admission-20260730-b4-p137	4	14H/5P3J3IO/3POETISER2DO/5R3L2GEE/4LAIRDLY1LAY/5C6IT1/5U6TAI/3OUTwENT4O/5E1f6N/7F5ZO/7A2WOVEN/4TEACAKES1AE/5MNEMON4/7R7/3BRAISING4 DFIRSUV/DEHIQWX 409/359 0 -lex CSW24
admission-20260730-b4-p138	4	6VISARD2P/9C1INFO/8QI4O/9EFS2N/9RET2A/9AYU2C/9G1D3/1V5ONERY3/1E5U7/1N5TAJ2HUB/1T5LAOGAI2/BANT3I2OI2G/1y4ZE1PODIAL/1L4ER5XU/KERMIsES6E DEEILOR/AEHNOTW 416/361 0 -lex CSW24
admission-20260730-b4-p139	4	3W9h1/3I9A1/2IT9L1/2NE7B1L1/2G8U1I1/2R8R1AB/1SODIUMS3G1NE/2O4AZOTH2D/2V3MEOW4U/2E6ECU2N/3HALVA2O3G/JOTA2EYEPOINTS/1FEDAyEE2R4/IF8I4/7RILEY3 ADNPRRS/ACEIKOX 347/452 0 -lex CSW24
admission-20260730-b4-p140	4	13EF/9YA2AL/2Q1V3CURVATE/2AWE6U1HM/2THE3NOILY1E/3OP1ALOO1NE2/3O6dEX2/3PEWIT2ID3/6FAUNA4/3JORS3MI3/3O6ID3/3U6DA3/3K4GRENS2/3E7T3/3D1TINGLES3 BCGIRR?/AEIORSZ 324/321 0 -lex CSW24
admission-20260730-b4-p141	4	7C7/1J5AT6/1U5PE6/1N5ELS5/1C6LAH4/ZO2LA2EXO4/O3AR2NET4/W2QUIRKs1D4/I1VIGA4O4/ET2H5G4/1ON1E3INSTEAD/FEYER10/RAMUS10/E2O3ORIGINS1/T1BIFOLD7 BDIMRVY/AAEITW? 393/418 0 -lex CSW24
admission-20260730-b4-p142	4	15/2V12/2I12/2T8F3/2A1U6L3/1JEON4SNELL1/MI1SACKBUT1A3/AG2G2AMOEBaE1/AG2ID2UNFAIR1/1Y2LO3ETNA2/3WEN3R1E3/T2I3C1N1S3/I2PARVO7/PHEEZE1X7/I2DOWDY7 DEHRSU?/EIOORRT 290/375 0 -lex CSW24
admission-20260730-b4-p143	4	15/6CAREFUL2/9MAGOT1/3UPLOOkED4/4HE9/4AG1JOTS4/4S1XI2W4/4EZINE1ICHOR/2PYRE2G1V4/1QI1SERMONET3/1U5I2T4/1A5KAISER2/1L4VAW6/1E5D7/7OvERFUND BEIINTT/AABDINO 288/485 0 -lex CSW24
admission-20260730-b4-p144	4	14C/14L/11T1DO/11R1UN/10VOWS1/11P1KA/GALILEE4I2b/6HMM2C2U/7EEVNS2T/5PIT6T/3BRINERS1Q1YA/GIGA7A1AL/1FODDER1FOETORs/2BEE8T1/4WAZIR2JEAN ADHOOSU/EINOUXY 357/409 0 -lex CSW24
admission-20260730-b4-p145	4	V14/O13F/X13A/E4DOUTING2K/LAYERING6I/SHARED4Y2ZE/4W2NOnETTES/3JOLLOP1AHA1T/4R5LIB2/1PIEDFORT1MOU2/4S5EN2R/10DI2U/11N2A/9CRETIN/14A ABEGIUW/CIMOSV? 470/393 0 -lex CSW24
admission-20260730-b4-p146	4	15/13K1/11W1N1/10TO1AB/10HE1PE/9QIS2R/9IN3L/6GOVs4I/5AUE3C2N/5J5R1BE/4XI4ZO1O1/1U1OU1EF1HENDS1/1VOW1TEARIlY1IF/MEALIE1CAL3EA/OATY1STEPDAD2M DGILNRU/AGNRRTT 384/409 0 -lex CSW24
admission-20260730-b4-p147	4	3FARInHA5/8ORIGANE/12PIE/6BESLAVED1/2CUDDEN2k4/9QAT3/10R4/CIEL3WAXY3A/2HOODIER1O3U/10T3T/1J1TENTLIKE1G1O/ZINE6STOMP/1V10W1E/1Y10F1N/15 ABGORSS/AILMNOU 413/406 0 -lex CSW24
admission-20260730-b4-p148	4	6AAH3DEN/8ICEBOX1/2REFLATE2Y3/11R3/11L3/2T1CHUT3A3/2R4RIGIDER1/2EQUINE3Y3/2W3UFO3GOV/3NIMB2APOOP1/4OUSTITi3A/3AND2SENSInG/14L/13JO/13AW DEEIOTV/EIKMNRS 372/335 0 -lex CSW24
admission-20260730-b4-p149	4	3ABOIDEAuS3/3E1BOIL2A3/2JOW6N3/2UNI6p3/2V1T5UR3/2EF4E1MO3/3R3DELES3/2GO2KAVAS4/2ON3INN5/1QAT3N1XI4/1U1L3T2F4/1E1E3I3C3/1RETAGGED2L3/1Y5REWRAPT1/11M3 ACEHIPY/DIIRTUZ 387/382 0 -lex CSW24
admission-20260730-b4-p150	4	M14/W9C4/Ag8EFF2/HA8LIE2/1N8EXO2/1G8R1D2/1P3S1J1GI4/PLANTA1AIYEE2O/1O3U1R1OS3R/AW3T3Z4B/V3COeQUAL3I/O4I5BLIT/S4R2MEDII2/E4E3YU4/T4STONERN3 AEIKOTV/DEGHNNR 387/358 0 -lex CSW24
admission-20260730-b4-p151	4	ANY4B2HOMIE/GOAD1FRITZ2I1N/1WHINE1L2LOX1D/3NUR1K2OPE1U/2LOT2E2PEN1R/5GADSMEN1BE/2JATO5W1AR/3GAUFRES1O1IS/2VASTY4R1L1/11k1I1/13E1/15/15/15/15 ACEEIOT/CDEIQTV 370/395 0 -lex CSW24
admission-20260730-b4-p152	4	ET4PLOTTAGES/XU3V1O4I1O/EMO1LIQUEUR1B1V/DEP2N1N2A4/1ST1JO1D2I4/1C2A2E2N4/1ER1p2R2O4/1DEKARES2U4/2WYN5T4/2E1IFF3S4/2I1ZEA8/2G1ERR8/2H2MOB7/5I1O7/7I7 AGILNW?/AADHNTY 505/349 0 -lex CSW24
admission-20260730-b4-p153	4	3R1FOGIE1UDAL/1JEELY3HAMAL1/DODS11/E2I6P4/V2T6A4/O2E1REUNITE3/U2SLAY3H1M2/T4WAI2EXERT/6SOU1T1G2/9Qi1A2/10C1R2/12O1W/12N1A/7IBERIsES/6ZOON4P FGIIKNR/ACDINOV 426/429 0 -lex CSW24
admission-20260730-b4-p154	4	FOH4G7/1MADOQUA7/7B4C2/7I3KIEV/2A4O4T2/2U3AN4A2/2D3J1FUMET2/2I2RICY2NOGG/2TAHa1I4R2/3NED1N7/3OBI1E7/3LEX1O7/1AWE1E1L7/1IO2S1E3LUNT/1DE3ASPERITY1 ALPRRTV/EOSSWZ? 392/293 0 -lex CSW24
admission-20260730-b4-p155	4	13A1/12QI1/12U2/12ANA/10JODEL/9ZAX1FE/4R1OAK5G/3MALOTI1F1VIG/3OH3RELEASE/1C1OU4WANT1D/1T1PI5B4/1EMES3INSHORE/1NID1WARTY5/1ER12/1SEVeRINg6 DEILOPT/BCGIOTY 373/346 0 -lex CSW24
admission-20260730-b4-p156	4	O2VOUGE4YAH/R6C1VIZOR1/INJECTORS2E3/E1OF3AE1QI3/L6SI1ING2/L5BERMS1O2/E6U4X2/d4PIRN6/2FLUID8/5PEH7/1BATTS9/KADAI2Y7/1TONETTE7/7O7/7W7 AAADDNN/AEEIRU? 471/353 0 -lex CSW24
admission-20260730-b4-p157	4	3Q2ECAUDATE1/1OLIVARY4OX1/TRON2MAWKIER2/7N7/4VISITED4/7T7/1A3PYE2D4/1NIOBOUS2E4/1O3UM3B4/1I3F3DUI3/1N2ESCOLAr4/ET8R4/PEH7I4/ERA7N4/E1J7G4 EFGILOT/AGHLNW? 445/318 0 -lex CSW24
admission-20260730-b4-p158	4	14Z/12C1A/11LYNX/12T2/10TRONC/12K1A/2UTOPIAS3I1G/ORPIN2GOTTEN1E/7OBI2Ea1/5JA6D1/4DARkLIER1V1/QUESO6EME1/IGNITE5VAW1/N4WAIR3YE1/S10MODS ABEFFLU/DEILORU 455/356 0 -lex CSW24
admission-20260730-b4-p159	4	7LANDGRAB/7E7/7T2FIQH1/7H2U4/4C2AGONS3/4O2LIB1W3/2JOEYS1LI1O3/3EXACTA2PUKA/4T1OO3P1R1/3ZE1GU3E1E1/2WON2T3R1A1/2RAD8T1/2Y1SURLoIN2I1/13N1/9ENVIER DEFOST?/AEEEIIM 372/412 0 -lex CSW24
admission-20260730-b4-p160	4	FALLOW1UKE3B1/4DENTINS2R1/10O2I1/10DOWT1/10ANA2/11ES2/12P2/6GUVS1JINX/7N1EH1E2/4CHUB1ZAGS2/4U2o2OE3/3OR2O3Y3/3GI2T7/3EA1AERY1QI2/RAVEL1IDEATION1 AILMPRT/CDEFMR? 419/342 0 -lex CSW24
admission-20260730-b4-p161	4	7U7/7P7/2KIBBIS1C5/PLOT1E1Y1AA4/4AN3NU4/1JIVED3DE4/4Q4I5/M2FUGLIER1W3/I3O4U1E3/ZO2R4S1A3/1V2I6N3/OE2N6I2O/DROWseD1SLINTER/AG3FART2G2Y/HO9S2X AEELNTT/AACEEOT 426/462 0 -lex CSW24
admission-20260730-b4-p162	4	7Q7/7U7/2DEVI1A6P/1KINASeS6L/4TOXIC1NOO1E/8AVERRED/2S3JOY5G/2PHYLAE6E/2I2AI7R/2N2Z3FANONS/T1D1REWATER4/O1l4BATCH3/OWE4R7/TID4I7/1G5N7 EGILMOU/ABEFLMU 319/444 0 -lex CSW24
admission-20260730-b4-p163	4	T2H3W3B3/UP1O1Q1A3U3/REFRAINS3AW2/BE1M1N1H3TI2/ON1EX7LO1/C2TI1YAGI2IF1/A2I1MONOSKIS2/r2CAUDAE2n3/11V3/11O3/11L3/11V3/3PRETELL1E3/9YURTA1/7DREGS3 EIINNOT/DEEGORZ 518/406 0 -lex CSW24
admission-20260730-b4-p164	4	7Y3MUIL/7E5N1/7V3YAD1/3OK2E3AHA1/3ON1ENFOLDER1/1J1HI3I3AT1/1E2V3B3PE1/1OsSETRAS4DE/AN6T3P1M/C2COXA1e3I1B/E3FIGURAL1I1O/Q7SWORN1G/U11G2/I14/A14 DEILOUZ/EINRTTW 343/509 0 -lex CSW24
admission-20260730-b4-p165	4	3FAXES4V1Y/LUTANIST4AGO/2E9GAW/CURBED7DE/O1R2EPITRITES1/V1I1TWO3NEEM1/E1F1O2HIOI2aB/Y1I1N1LINEAL1NA/2C1S9P/3LUZ6GJU/4R10/4E10/4D10/15/15 AIKOOQT/DEHNRR? 347/441 0 -lex CSW24
admission-20260730-b4-p166	4	S4DROPSHOT1Q/A8HIS2U/n10S1MO/GENTEEL1GLAIKIT/U5LEI2F1RE/IF3VAV3I1Y1/NA2J1MOP2E3/EW1COBAEA1CRINE/4T10/4UG9/4NU9/1DRANTeD7/6WAB6/15/15 ELOORXY/DINORTZ 471/366 0 -lex CSW24
admission-20260730-b4-p167	4	6SAVVEYING/L4ZO6O1/A4AL3B2N1/TOAD2F3A2U1/I1HINDERERS2p1/T5G3I1EL1/A5G3C1RE1/T5IBEX2AT1/S3ARO1MILKS2/1QADI6OUP1/3E7ORE1/3U7REN1/3C7I1N1/3E9Y1/15 EEFNOO?/DHJMTUW 365/442 0 -lex CSW24
admission-20260730-b4-p168	4	AMIE3W6L/EUTHyMIA5DA/7G5ER/4G2E5OE/3NACARATS1OX1/4D7NY1/4J7E2/3POLLUTED1r2/5O4O1I2/5V4U1ET1/5E4PARR1/3INVOKER1I1A1/5I1IF2T1N1/5N5C1Q1/4NEWBS2H3 BDEORUZ/AFGLSST 406/342 0 -lex CSW24
admission-20260730-b4-p169	4	14R/13HI/12BEG/11MAXI/10JOG1D/4V3HWAN1BI/4A1UKE4ET/3DUNNINg1C1AY/2F1L6A1U1/1ALATE5D3/2A1I1QI3A3/2PrEVISIT1S3/2P1R3FOETOR1/2Y2CUT3E3/6MONGERED1 EENRRST/ELOOSWZ 351/457 0 -lex CSW24
admission-20260730-b4-p170	4	15/15/1PUBE3WRANG2/2RETICLE2YONI/8DUX4/9VIRID1/2MEL2G1A5/QUOD2ZITE5/2BIRLES7/1JOTA1ATOC5/4F3WHOA3/2KET2V3U3/1PIASTRE3G3/1OF4I3H3/EASY3N7 EILNNNS/AAEEMO? 339/391 0 -lex CSW24
admission-20260730-b4-p171	4	7J5OY/7I5BE/7GAMAY1EN/6COBaEA1L1/5PUT1U2QI1/5AT2V1LISP/5ID2E1U1ER/5SOAKINGS1E/4CAW2N1WO1E/4H1N2S1OF1D/4O5ORA1I/3ZO5UM2T/3EF5R4/3N6I4/6RETTED3 AEHLNV?/EGIILRR 316/386 0 -lex CSW24
admission-20260730-b4-p172	4	7B1UmFAZI/3VALUERS2MI1/7N3QIN1/7D3U1CH/7Y3AG1A/1JOG7TO1U/ROKIEST3TEX1F/E3THEWY1W3S/C3AI2O1E4/O4TRENDED3/L9R4/O7BLIND2/R7AINEE2/s9G4/15 EILNOPR/AAAEIMT 469/372 0 -lex CSW24
admission-20260730-b4-p173	4	7W7/7I4QI1/7N4AB1/7N2M1TEF/7EH1E2XI/7DA1ZA2B/6L1JOE2OE/5GIG1A1L1uR/6DISTRICT1/5HOG1YEN1V1/10AD1O1/F9MY1TA/O9E2EL/UNPOPE2RURU1SO/R2KINASE5E AELORTT/ACINSU? 396/295 0 -lex CSW24
admission-20260730-b4-p174	4	7A3N3/3DOG1R3E3/2VIBING3W3/3VOE1E3I3/7M3S3/7O3H3/1QUAD2N3L3/KA4PELF1YIRD/HI7U3A1/OD7Z3T1/T2MORTICER2E1/BAPU9E1/A1ENURE6N1/h5TOWROpES1/S4CAF7 AEEGLNT/IIJOSTX 335/602 0 -lex CSW24
admission-20260730-b4-p175	4	11GEUM/5J2CHOUTS1/5U2O3c2/3FUND1R3E2/5T2R3T2/5OF1I3E2/6A1E3R2/3PALKIs2WALI/2VIE1E8/6REPLEAD2/4Q2NEINEIS1/1LORIOTS4N2/VIM1N7G2/1BAO8H2/9BARYTA ADSWXYZ/ADEINOT 327/389 0 -lex CSW24
admission-20260730-b4-p176	4	B13R/A4F3Q4O/J4R2GI4O/UP3YO1R5N/1OWT2A1O1VENTS/1ZA2IT1V1E4/2XU1OI1E1N4/3BEDELL1T4/3I1IRES1A4/2NE1C1G2I4/2UT3AA1L4/2MY3TIDS4/2E2CHIAO5/2N2HON1D5/5EWE7 AFGMPS?/DEELRRU 441/281 0 -lex CSW24
admission-20260730-b4-p177	4	11GOUT/1T7PREEN1/1R8EN3/1O3V4FEH2/TA2QI4A1I2/OK3V4C1r2/R3SAW3E1E2/N3U1HIOIS1A2/A3BOI5G2/D3SWOT4EM1/I3I2AA4I1/CLOUD1ABY4L1/4y1ZEE4T1/6OF5E1/7Y3JURA GILMNPT/DEELNRX 415/392 0 -lex CSW24
admission-20260730-b4-p178	4	T6EINA4/ER4AFTERSUNS/TE4P4Q2C/EW3GIF3U2A/1A3OPE2MA2N/1K3THUG1OD2d/1EW3O1Y1L3I/1DI1JIBER1TI2C/2ZOA1E1I2S3/2A8O3/VARIX6T3/U1D8R3/L1S8O3/V10N3/A14 EHILLMO/BDEGNR? 460/327 0 -lex CSW24
admission-20260730-b4-p179	4	3R11/INVENT4G4/3J4COREY2/3OR4WAWE2/3NA5Y4/4D5L3M/4I1V3E3A/3AALII1ES3T/2F1B1G2T3QI/1FOULEST1H3OP/2N1E2A1O3PO/2D4K1G3H1/2S3CITRaTES1/7E1A5/7R1MURLIN DEINUX?/ABEEOUZ 344/315 0 -lex CSW24
admission-20260730-b4-p180	4	7TEETHERs/5F1OWN5/1MERCURY1DJINNS/5G1O2OF2L/2N1QI4L3I/1GI1AE8C/VAXED9E/OU1PIErAGE4R/L2I11/AW1DITOKOUS4/RATO2HADST4/1BIT11/2ZE11/15/15 BIMPSUY/AAAENRV 402/343 0 -lex CSW24
admission-20260730-b4-p181	4	ZOS4A7/2U2KART3O2/2N4R3QI2/2R4A1L1I3/2O3VIVATS3/1BORN2G1H4E/2FOOTINgS4N/3EXODE6C/5WEDGY2B1A/2JANN2OUTHAUL/1MAGE7R1M/LYRE8I1E/2PST7C1D/15/15 AEFIILU/DEEEIW? 335/388 0 -lex CSW24
admission-20260730-b4-p182	4	WERE3G7/1MAROONED6/2HERN1R3F3/7B2MY3/4CAKED1I4/3RIZ4R4/TAV1SOJA2V4/UWU3OLLIED3/TEGULAE3DI3/3GOX5S3/4PEH4t3/11Y3/11L3/6CaBINETS1/7TIFOSO2 AEINPTT/AAAINOQ 386/435 0 -lex CSW24
admission-20260730-b4-p183	4	C1F4T4W2/OnO4R1MAVIE1/LIB3DEKE2Z2/LA4AVOWER3/1I5I2HEMP1/1S1PUBES7/1EAU7A3/1REHINGE3R3/OI1AFOOT3D3/OE4TAIGLED2/C10N3/Y10T3/T10L3/E9SYND1/s14 AGJNNOU/ANQRRSX 415/341 0 -lex CSW24
admission-20260730-b4-p184	4	7B7/SUBNODaL3V1T1/6HEATHERY1/7N3T1G1/7DAWK4/9OI4/7MEW3A1/6QIN4L1/5F2V2A1L1/1P3U2O2I1E1/1R1ORGANIZED1G1/JATO1I5O1E1/1N3O2MAFICS1/1C5TIX5/1EUgARIE7 EEEEPSU/ADILRTY 522/293 0 -lex CSW24
admission-20260730-b4-p185	4	2KEMPLE7/CHID2O8/6Y1G6/2UNWEApON5/6L1V6/1FUGAZI8/6S8/3FITTE3DOIT/3R3EVILEST1/3U11/2BITCOINS5/3T11/1RAILHeAD6/3E5BAJRA1/2PRODROME2EXO ENNSUWY/AAEEINO 428/363 0 -lex CSW24
admission-20260730-b4-p186	4	6JOY2K2S/4ZO1HUMANEST/1NIXE1FOP2UM1R/2OIDIA4BO1A/12T1I/12E1N/5C2GORED1E/5L1AINEE2R/5A1WOOF4/3T1VIE2L4/3A1I4Y4/3L1G1B7/2PARETIC6/3Q1R1R7/VATS3D7 EEHUW??/ADEGIST 343/419 0 -lex CSW24
admission-20260730-b4-p187	4	8P6/8U6/8R6/A7T6/N7I1B4/T3R3E1E2QI/I2GAWK1S1L1TIN/AVOID1OuTGAZES1/C3I4OYE3/N2NOMBLES1PEW1/E2AGA1I5OR/3YO2V5FE/4l2I5UT/ED2D2E5LA/HOURS2R6X ACDFHNU/AEEIMNT 460/321 0 -lex CSW24
admission-20260730-b4-p188	4	15/15/1CAGILY8/5I3V5/4RE1TRIGON1Q/4OF3BUREAU/4U1ZINEBS2A/3ELUATE3P1D/3LANX5A2/4D7T2/3HE1FORWEARy1/3A8O2/2IDIOM5N2/3JOKE2HOAS2/3I1EMInENT3 CELRTVW/GINPSSY 426/296 0 -lex CSW24
admission-20260730-b4-p189	4	7J7/6TO7/5FILS6/6T2MIRV2/4V1HOIED1I2/4EXOPOD2R2/R3G1N5A2/E2HELIO2AYGRE/P3T1A5O1A/AN1FAW1U4E1S/YU1ALA1N4S1E/1NOB1G1C6M/2U2eQUINIA2E/2D4T6N/7E6T BEEIRZ?/EIKLOSW 380/314 0 -lex CSW24
admission-20260730-b4-p190	4	KNITCH1A7/1A5GUVS4/1PLENTIES1W1R2/1E5E2I1O2/1R2G4AT1U2/1Y2R4UH1T2/J2FE2B1RESh2/A2AX1FAVE1OI2/M2Y3N1I1RE2/B2A3D3D3/UTILIZES3O3/3I3M3R3/3T3E3s3/3E1QIN7/15 DEGLLOO/CDNNOOW 385/381 0 -lex CSW24
admission-20260730-b4-p191	4	6GANTELOPE/13A1/9WAVEY1/11E1i1/8JIBE1N1/10O2G1/6ZARNICHS1/4HIOI2TO3/5DANK1EMO2/11MA2/4WUD1QANAT1V/3PEROGIE1N2A/6XU3D2R/1DIRELY2FUsILE/14C EIORSTU/EFILSST 432/363 0 -lex CSW24
admission-20260730-b4-p192	4	BEGONIaS4J1s/7ET2COTT/7GU2RE1A/6FOX1FA2R/6EL2AM2L/7A1HUP2I/5QAT1AN3N/6BEDLAM2G/4P4VEE3/4A3ZE1AY2/4N2IODINE2/4D3O2IO2/4E3N2EW2/4R3I6/4STRICK5 DIORSTY/EHIORUV 329/426 0 -lex CSW24
admission-20260730-b4-p193	4	13FA/13RE/13O1/13I1/1N11NE/1E9B1GU/MU9ODsO/ET2DERN3XI1U/TE1WIFEY4V1A/1R1A3SOZ3PE/1SKAIL2MEAD1I1/2OH3SANtOOR1/2L9HAJ/QUOIT8I1/IT2ALEYING4 BCELRTV/ACDEPRS 391/373 0 -lex CSW24
admission-20260730-b4-p194	4	1V13/1OK12/1LI12/2DOUANIEr5/2L12/2E4BLUNT2Z/2T1A1DUO5I/2SWIPER6T/4RAX6GI/1MERCH7O1/4R2T2BOPO1/4ENGRACES1NY/4W2AMOLE1DA/1GlISTENED3AA/7Q6R EEJSTVY/AFHIINU 462/307 0 -lex CSW24
admission-20260730-b4-p195	4	N6T2ABLOW/AT5R5V1/KA4MISFALNE1/EXUDATES5R1/DO5E5BY/1L3FACING2YO/2JADE1T6G/3GISMS6I/4V10/4OH7Q1/4TE7u1/5W2HORDEIN/2PRONATE4R1/7I5E1/7Z7 AEEIPRU/CEIINOU 422/420 0 -lex CSW24
admission-20260730-b4-p196	4	A3BEDiZEN4/TRAGAL3HAUDS1/O1T12/C1T12/2A12/2C6F5/2K4OOR1A3/OPEN2PIXY1U3/pIROGIE2I1D3/3NODAL1N1I3/MALATE3GUL3/I9NEW2/E9ISO2/V9F1W2/E5JUTTY4 EEIQRRS/EEIMORS 336/348 0 -lex CSW24
admission-20260730-b4-p197	4	7BEDIgHTS/2M4L7/1NOR2XI7/1EWE1QIN7/1VAT1U1G5F1/1I1A1O7R1/3I1T7A1/ZILL1ANELE3N1/3O2EMONG2K1/1OCREAE6E1/4FADY5R1/COUPS2OUReBIS1/I4GAWP6/D14/E14 EJSTUVY/AADHNOT 238/414 0 -lex CSW24
admission-20260730-b4-p198	4	5LOWERING2/7A4UH1/7Q3GIO1/1B5F3ODA1/1I1POZ2OLEO1I1/CRUISEY1pANDANI/1D4ENE4G1/1L4HUNT5/SI7A5/EM7J5/TE13/U2T11/A1KEX10/LAIRIEST7/E2F3AMBRY3 AORTVW?/DENPSTV 419/370 0 -lex CSW24
admission-20260730-b4-p199	4	6MICO2O1L/1DUENDES1WARBLE/12T1F/11QUIT/12N1Y/4P4HELD2/4I3FORA1B1/4T2VAX1WORK/4Y6S1A1/4I6U1V1/4N5PI1I1/4GRECE1At3/8NURSLEs/5JAI2G2HA/6RONEO3Z AGMNOTT/DEEIIST 295/396 0 -lex CSW24
admission-20260730-b4-p200	4	13LA/R4ZE1U3BEL/E1ILIAD1N3AGE/CHOIR3h1FAVAS/OU1DELEGACY1IT1/UM4TOSH2NOD/R7T5I/E2JAPERY5K/4GIF6TE/3WOX7I1/13P1/13T1/13O1/6OVeRTAME1/15 AEINOQS/DEINRSW 357/425 0 -lex CSW24
admission-20260730-b4-p201	4	VRIL3E7/2NOLE1P7/3BINMAN2C3/7C3R3/2SERIATE2U3/1ZA5REPINES/2GOX1BOMA1V2H/Q2FUGIO3E2R/A5DHUTI1T1E/TOLLAGE5YOW/S10ARID/11YOD1/11U1I1/13A1/15 EEFNTW?/DIJNOT? 335/298 0 -lex CSW24
admission-20260730-b4-p202	4	5FlEDGES3/3FAY3O3A1/9O1LEI1/6NEARLIER1/3CAPEX1I3S1/8WE3H1/5G2A3JO1/5ABORT1MOWN/4AT2BIN1L2/4UH3ZEPS2/4D5UR3/3QI5KO3/2GIO6T3/2ON7E3/2E4MINCIEST DEILNRT/ADUVVY? 270/525 0 -lex CSW24
admission-20260730-b4-p203	4	15/15/11TA2/JOIN6AAH2/O1DUKE3DEVA2/L2GOEY1QINS3/L4WUZ1DE4/S6AWAIT3/3F1VAX1C5/3L5T5/3INFAMES5/3R11/BLETTiNG1POGY2/3E4IONIUM1/COURIERED6 ENOPRRT/ABEIOS? 336/316 0 -lex CSW24
admission-20260730-b4-p204	4	OLEA3FAYING2/1AXInITE4NU1/11JAM1/11OWE1/9U1R3/9N1D3/9R1AT2/R2V3ZHO1NY2/I2A5O2P2/V2L5T2T2/U1BOCCE2EF1O2/L2N5DIME2/U2E6BAd2/STRAIKS4R3/3S2HEEDED3 AEGGOPQ/EIILNST 421/366 0 -lex CSW24
admission-20260730-b4-p205	4	1V9W3/1R7T1A3/1OD1B4E1G3/QUERY2N1L1E3/OWT1K1CIVETS3/R1O1EF1T1G5/MAX2LIT1O5/AL1FAIRY1N5/1A1I1PO2y5/RE1NO1N8/E2JOLE8/M1HAHA9/E1UNSUIT7/A1N2D1I7/D6Z7 ACEIISU/BEGIOR? 310/330 0 -lex CSW24
admission-20260730-b4-p206	4	1T13/1R7Q5/1I7A5/1F7T1C2M/1O2V4SOH2O/PRUNEY4XI2B/1I2E3F2MU1I/DA1PREtELL1ON1L/E3YAE1U3E1E/T6DEVIANTS/R11D2/A10DiTZ/I11N1I/N8BOWGET/5GURRAH3I AAACINS/EJKLOSW 417/401 0 -lex CSW24
admission-20260730-b4-p207	4	13QI/9KADAI1/12R2/7V2JAG2/4ATROPIA1U2/7G4F2/7U4I1H/3MaNRENT1BEAU/1FOODY6S1L/LEPT1SENECiO2L/1R12O/1V2ZEATINS3O/WERGELD6WE/ON11AD/ET11I1 CEHIIUX/ABEOSTY 352/360 0 -lex CSW24
admission-20260730-b4-p208	4	3C3A7/1UNHIVED1B5/UNAI2HOYA5/1P1L3WENGE3/1O1DJINN1TORR2/1T7I5/1T3OATIER4/BE2FONIOS5/OD1DEFY8/L3V10/I3E3MUGG3/X1AURoREAn1L3/1KAM7I3/11T3/11Z3 AEEISST/CELPRSW 393/317 0 -lex CSW24
admission-20260730-b4-p209	4	15/13W1/13A1/3U5NIX1L1/3MISfIRES2K1/3M5FOULE1/3AB8R1/3HAVOC1NOWISE/2Z1T2O7/1JOTTY1E7/2NYE2NIQAB3/2ORD2A7/1PIE2OCULATED1/1ED4L2TITER/1G5E3GAVE AEFIRU?/AGHNNPS 254/519 0 -lex CSW24
admission-20260730-b4-p210	4	5EUOUAES3/6HERY1P3/11R3/1GIGUE1P3O3/4STRAYVED3/7N7/7T7/3HIJRA3Q3/7L3IF2/6COMMO1R2/2ZEBRINE1BOUK1/1WOX2SENDING1W/12A1A/7DEVALLED/4ACAI6T AINOTT?/EEFINT? 388/382 0 -lex CSW24
admission-20260730-b4-p211	4	V13C/AA12I/RIF7A1G1G/EYEN1tRUCKLOADS/1EME6A1U2/PE1I6N1D2/R2F4DEITY2/E5JIZ1N4/XU3MONO1E4/1P2LOWTS1S4/AW1QAT1R7/BAVIN2I7/OR2T2G7/ID5U7/L6E7 EILNOOT/ABEHORS 321/400 0 -lex CSW24
admission-20260730-b4-p212	4	L2FADING2J3/A1QI3OUTROPE1/R1UN7N3/G1ED2EF3G3/ONY3HAZEL4/1UN6V5/1T7I5/ORBY2DIPT5/1I3MINAE5/1A1WRAST7/1SMOOT9/2OXO10/2B12/1SELECTA7/7AUREI3 ACDIKRW/EEEHIV? 347/365 0 -lex CSW24
admission-20260730-b4-p213	4	7T7/7R4UP1/6FE4NU1/5VAW2TRANQ/6C5IN1/5AT6E1/3H1AI5IRE/3A2SOLERETS1/3H1BE8/2JA1OS8/2O2U2FAVOUR1/2CLERIhEW5/2KILD9/2O2e2OGDOAD1/3MEDLEY2BEIN AEGINOT/GIIMNXY 358/341 0 -lex CSW24
admission-20260730-b4-p214	4	7Z7/7O4C2/7O4A2/7SQUADS2/4E5T1T2/4n5O1I1f/2F1D5N1N1R/2OHO1BAWDY1G1E/2PUR1U2I4T/3ES1C2XI3T/2M1ETA2IN3I/1BERRET2EVO2N/2W2AI3A1KEG/2L2EN2FRAIL1/3JEDIS7 AAEGHMP/ELLNRUY 370/398 0 -lex CSW24
admission-20260730-b4-p215	4	15/9P5/9I2B2/3U4POLLEN1/3MUEDDIN2JOY/9I2AXE/6ETHE2N1W/3FORDO1ST1T1S/3R6A4/3O1VAWNTIER1H/3G6V3O/3B3MOZE3A/2Qi4KERFING/2IT1AUREATE2I/3S5L4E AACDILU/ACGINRS 405/333 0 -lex CSW24
admission-20260730-b4-p216	4	3K11/3H8B2/3I8L2/3L7WADT/C2A6Q1D2/U1ST4AZURY2/R1C3TUI1I4/L1O1VOIP2M4/I1L3GOS6/E1IF1FENI6/STOOPER1BENJ3/T1MY5REAN2/2A5ANEROId/4WAGERED4/6OX7 DGINST?/EEEEHOU 291/494 0 -lex CSW24
admission-20260730-b4-p217	4	14P/8V3FOH/8A3ODA/8U3NOR/8TEF1TUM/9WO2RE/9WoP2R/D5QIN1ZEROS/E4RITUAL1I2/v7R1E1M2/I6AL1D1I2/A1BOAK1E4N2/N1A1DITCH3E2/C1E4IO3S2/YBLENT1AG3S2 AIJSUVX/EGINOTY 369/367 0 -lex CSW24
admission-20260730-b4-p218	4	14T/14W/3Q10A/3O6RUMLY/3R6E3S/3MOLINETS4/3A6I4/4JAUP2G4/3IO2R2N2T1/1K3CLUE1E2W1/1E2HOARDED2i1/1L1EON1I3V1G1/1PEC2REBATING1/1S1HOX1n3V1Y1/4DIATRIBE3 AAEEOST/DFINNUZ 327/431 0 -lex CSW24
admission-20260730-b4-p219	4	2wHIRLIES5/5E6C2/2ORRAMEN2TOY1/5S5OWE1/3QAT5FAX1/5I5UG2/5N2AHI1E2/5GEEZ2AS2/6FlOW1B3/7O3B3/6DILDOE3/3TE2G3D3/2VIRION7/5TYE3UNAU/7RETINOLS AADIKLR/ACENPPT 305/401 0 -lex CSW24
admission-20260730-b4-p220	4	15/3F11/2JILLET7/3Q7HOOR/3US2C1OVARY1/3ET1DORP5/4R2X5O1/3TANNA5R1/2WOWEE3P1DI1/1FONE1BILLY1oB1/METED5A1GI1/A6COVENS2/R9M1K2/G9I1I2/S5ZAIDA1N2 EETUUU?/AEEHINS 333/270 0 -lex CSW24
admission-20260730-b4-p221	4	7STROWN2/7A1EF4/7L4C1E/6DA3LINN/3F1DUR4BYE/3I1OBIT1C1OM1/3l1P1eR1H1L2/3I1I1DADAHS2/3G1N2N1M4/3R1G2Q1E4/2JEES4T4/2OE6ZA3/2U8XU2/2K9VAU/2SENARII2YAWP EGLORTV/EEEIIOO 303/400 0 -lex CSW24
admission-20260730-b4-p222	4	15/13N1/7H3H1U1/7O3A1R1/5PErVIATED1/2NENE1I3B3/5COZY2OB2/6FOGY1XI2/7NO3O2/7A1QI2W1/4SKELPInG1E1/1AUDIAL1ENSURER/3EMETICS3V1/JONG9E1/OM9FART AAAILLS/DDEIRTW 471/408 0 -lex CSW24
admission-20260730-b4-p223	4	7L7/1OB4E7/1BY2CINQ6/1OR2U1T7/1LO1KI1O7/1IO1EF9/2M1T10/2SWAGES6F/4I2T6R/4N1PREX4U/2ERE2U2DAWNS/2OU1GENoCIDE1H/1JAG3T7/1ANA1OVERPAsT2/3L3D3HILI AADEMST/AEEIRVZ 353/382 0 -lex CSW24
admission-20260730-b4-p224	4	6WYNNS4/BOA7K4/2G7R4/2L7E4/2E1HOVEN1E4/1JALOP4N4/D1MI3FEWS4/E2PODIA7/R2U1IO8/R1DRUB9/I1OI5C5/C1TA5I1V3/k1T3HORNIER2/STYlIZED1Q1X3/4FATAL2T3 AEGMNOU/AEEELST 363/414 0 -lex CSW24
admission-20260730-b4-p225	4	7M7/7U7/7S7/7I7/7CORNREnT/5Q7AR/4FAw7I/3VITRO6J/4L1I1KARN1PE/4ING2ZEE1ET/4CIG1HOMEYS1/3DILL1U3AE1/2BID1ENG3EW1/1HIVE1DOY4A1/WENA3X3FUSS AABEORT/ALNOOPU 357/465 0 -lex CSW24
admission-20260730-b4-p226	4	ZARF11/3U7TONK/2AM3R2B1UEY/2RE2HEAVIEST1/MOE1WE1C2G4/OBO1EH1O1AGS3/X1L1A2I1P1N3/A1ACRAWL1I1O3/3LI2E1c1D3/3EL2D1I1D3/3FY4A1E3/3T3QIN1R3/GURS11/J14/U14 EOOTTV?/DEIINNT 360/384 0 -lex CSW24
admission-20260730-b4-p227	4	T13T/U2C1M7AE/R1WOMEN5TEF/F2ROD4W2G1/E2D3A2OB1I1/DIRIGENT1JEE1R1/3A3R1A1L1I1/KOHL2VOX1CLUNG/3s3P3I1E1/7I1BYE3/4QUINZIES3/5TOSA6/8PAVEN2/15/15 AILSTU?/ADENORS 413/410 0 -lex CSW24
admission-20260730-b4-p228	4	5OXIdASE3/1TWIRP2EMONGEs/3G11/3UP6G3/2FAYS5L3/1CONEY5O3/LOBI1CAUK2R3/OI1DUETTI2I3/1T6W1HAJ2/MA3BRAIZES3/AL7EH4/N4RIVEN5/N6I7/E6D7/R6E7 ADEOOTU/ADENQRT 378/373 0 -lex CSW24
admission-20260730-b4-p229	4	12U2/5TENORMAN2/12F2/5R5QI2/4ZE4AIT1f/4AB4S3R/5AVAILS3I/4AI1IF1U3G/VOW1IT4R3H/1WOLDS3ME3T/3YE4UR3E/2ON3B1C1EKED/2OX2REGIONAL1/2H4E1CODED1/7P7 AEJLNOT/AEGNSUY 451/331 0 -lex CSW24
admission-20260730-b4-p230	4	14F/8GOA2JO/6THUMB2UN/1qUACKIER2N1V1/4L1EX2NAVEW/4AW3ZOL2I/4YO1DIEHARDS/3GENII6P/2B1Y2MOONLIT1/2E4POI5/1LARIATs7/2R12/2E12/2R12/2SEANED7 CFOQRST/ADEESTU 330/394 0 -lex CSW24
admission-20260730-b4-p231	4	7W3G3/1ECTOZOAn2R3/S6I3A3/T6F3V3/R3DHOURRAS3/O3AME3X4/BEWIG5I4/I5KAVAL4/L1Q2FIN3D3/E1U3TAUPIE3/1LIROTH4G3/2P3SLY2U3/2O5OJIME2/TEsTIER8/15 ABDEENN/ACDENOS 342/348 0 -lex CSW24
admission-20260730-b4-p232	4	15/15/15/FAbBIEST7/4N4OR4/AUDITEES1WO4/4R5L4/QUINA1CABALLERO/4D2VOX5/3HAZMAT6/3ES1ELT6/3N7YACK/1VINIFERA1GOGO1/3I4EJIDOS1/TWINGE9 EEMNPRU/DEOPRT? 459/311 0 -lex CSW24
admission-20260730-b4-p233	4	J14/UP8C4/GRIZE5AD3/1E1YO5NU3/HI1MAG4KIF2/IF1ONO4L1AG1/S1QI1V4E1AR1/HO1DiSTUNES2eW/1L11ER/1E11BY/1A5B5O1/ER5ROILIEST/XI3UNAPT5/EA5V7/C6I7 DDEEOTW/AALMORT 404/424 0 -lex CSW24
admission-20260730-b4-p234	4	5VRIL2IURE/7DISPONES/10O2F1/3ST5O1QI1/3AH5DA1N1/3TUG5M1A1/3IDEE4E1B1/WAKE1OVA3L1L1/3T1DO4C1e1/3Y1E1R3O3/5sNIFTER3/1JANTY1G3N3/CAB4O7/HIS4U7/AL5R7 EEEPTUW/EGIMNRX 417/337 0 -lex CSW24
admission-20260730-b4-p235	4	1E1V2AW7/1A1U2PI1J5/HUlLOOED1O4L/EX1N2RE1E4A/M3TWINKY4D/I5T7L/P5I3A3e/O3BUFO2E3R/D6BOURGIES/SH8O4/1O8D4/1I8AY3/1STEEVING1RE3/1E8TA3/11RITZ ACELNNR/ACGMNQT 439/411 0 -lex CSW24
admission-20260730-b4-p236	4	13R1/12WE1/6Q4MYC1/3ULTION2ONO1/7COOST1I1/T4AJAR1AH1N1/O5I3YEX2/T2VERBS1A1DEEK/E1Z4l1R2D2/M1O4IFS5/I1A1BINGOED4/TURFED1HEN5/e1I4T1A5/2A4E1L5/7R7 AEGINPP/AEGLSUV 358/358 0 -lex CSW24
admission-20260730-b4-p237	4	B14/E8A5/E1B1ELM1DEAVE2/PYRITOUS1OF4/E1A2U3NO4/D1CLIP2GIO4/2K2E2EAT4/GUS2DJINN4F/8I3T1O/5UNWIVE1A1R/3QIN4WAX1Z/1sCIsSEL1REMORA/12R2/15/15 AEGNOOS/HHILRTT 375/312 0 -lex CSW24
admission-20260730-b4-p238	4	MA5V7/EL4RED6/1A1S2YGO6/1T1U2A1W6/1I1B4D6/GO1R4I6/EN1A4E6/E2C1HUER6/PiKELET8/2AS1TARTING3/2Z6FAUX2/2OW10J/2OI2ICY5O/3LIONHEAD3L/3I3INgENUES BDFOPQR/EINRSTV 443/419 0 -lex CSW24
admission-20260730-b4-p239	4	11FRUG/1PHENOMS1UVEA2/2o4WYTING2/2OB3I2N4/2KO3N2A4/2IO3D7/R1NA3L7/E1GIT1FELLA4/ZOS1AXED2U4/1R2W5T4/1N1AT5O4/DI1BI5C4/US1EE4QADI2/PE1AR5r4/ES1R11 CEJOTVY/EEHIMOT 351/405 0 -lex CSW24
admission-20260730-b4-p240	4	7T7/5C1R7/5EMO7/4SNOWFLEaS2/2BAHT4FRUIT/1Y1AEROBIA2R2/DO3I6V2/AM3EVOS2JEEZ/T3Us6I2/I3W7L2/N2QUERN7/G1KO3E7/SOOP2NEGLIGEE1/1DAH3L7/1A5D7 AAINTTU/AEIINRX 427/347 0 -lex CSW24
admission-20260730-b4-p241	4	7UNCOLT2/11U3/9W1T3/5D2POPE3/5O2OXO4/5L2R1U2F1/5MI1K1R2O1/3TWANGY1INULA/3R2F3E2I1/3A1REJIGS2OR/3N2C7A/3Q2T7Y/4AGEMATES2L/1HOD1ARIE5E/AIDANTs7D EEHIIS?/BBENSVV 371/273 0 -lex CSW24
admission-20260730-b4-p242	4	7LINENIER/8TYTE3/11OB2/11NU2/10C1J2/10EUOI1/6V2ZA4/5DIOCESE1AH/6GU1BI2TE/5QAT1Un2OD/1AWAY2L2G2PE/3REFLEW1S3R/7A4KOA/6MpOX1GEO1/7TRILITHS IMNNORV/AAFINPS 431/413 0 -lex CSW24
admission-20260730-b4-p243	4	1eRGATOID2WEID/AXE5EQUALS1/2DURN2M2I3/8E2T3/TRUING1WANLE1FE/5OHONE3YA/8O3Z1U/7BRECHaNS/12M2/11PAK1/10IONIC/12G1O/8JILTS1V/7VAT4E/14Y AEIILPS/ADEORRT 388/386 0 -lex CSW24
admission-20260730-b4-p244	4	10OGEES/7T1HOUND1/B2MUDIRIA5/ONLY2OUTWRITES/T6E2E3C/F4Y1B2P2AA/L4AVO2A2XI/I2HUGER2c1ZEL/E4INN1OI1EME/S5A2OF1DAD/3VAPER2y2N1/15/15/15/15 GIJNRST/ACEOQRT 300/443 0 -lex CSW24
admission-20260730-b4-p245	4	ACOLD10/1A3Q9/1HIPPIC7F/1I1EE4S1R2L/WEIGH4O1O2O/AR3F3J1O2U/W4U1VAUNTIER/ES1MAGGIES1E2Y/1ELAtION3D3/1X1T1E5L3/1T1T7Y3/BOKE11/ANN12/USE12/R1E12 DNORTTV/AADNRZ? 372/374 0 -lex CSW24
admission-20260730-b4-p246	4	15/13A1/11BEZ1/9ADO1I1/9URN1D1/4V4FAE1O1/2JAAP1Q2G4/4WIKI1HOGTIE/3LACY2EMU3/1C2R1EXILERs2/1I1AD4INN3/GROW5O1E3/1LUN5S1Y3/1STEDE2FIB4/2ARIETTAS5 EHLPTV?/MNOOOSU 403/362 0 -lex CSW24
admission-20260730-b4-p247	4	15/15/15/WATTER3BOOAI1/4DOCTRINE2G/5WOOED3HA/6M5PAR/QUAIL1PREZ2ANT/3N2L1XED1N1e/3C2I2KIFF1R/3L2N3BAITS/2VOGUEY4S2/3S8H2/3E11/sMIDGINS7 AEELOOY/AEEIJRU 383/544 0 -lex CSW24
admission-20260730-b4-p248	4	7PrEUNION/5G1I7/SKELLY1P7/5M1U2BROGH/4INGLOBE4/5A9/5S2QUOD3/3WAIVE3ZOIC/2JETE1ANTHOID1/1YAMEN9/2W12/TRAD11/EERIE10/1VIFF10/4TEXTED5 AAALNSU/CIORRST 379/354 0 -lex CSW24
admission-20260730-b4-p249	4	9DUCKIE/11AA2/11PIR1/10BINE1/10H2X1/5G3FAA3/5R3OIL3/3CROTTlE1I3/5OO2N1EM2/5FEG3NOB1/7A2VERA1/3ZEE1W2ODAL1/1LOATHEST1L1IS1/7I4NA1/2PURVIEW2JEsT DNOQRTU/EIMNSSU 456/311 0 -lex CSW24
admission-20260730-b4-p250	4	DARG10D/1V12R/1I11FE/KANT7BLEW/1T8QI1I1/PEC10G1/ISO10NE/C1OF2TAJ4EW/2ZA2EBONIzED1/1TeNSITY4U2/3GI3LUMMOX1/2VOR6YU2/2A1E7AA1/2N1D7EH1/URE10I1 EHOPRRT/AAELNSS 390/383 0 -lex CSW24
admission-20260730-b4-p251	4	JOE12/1PHYLA2I3T2/UTS2U2N3R2/3C1T2DAUBY2/3H1O2O3S2/3A1G2W3A2/V2F1I2E3I2/I2FORCED2VLEI/B1ZE1oI4AS2/EGER2N4L3/1OPE2QI3O3/1N1R3X3r3/1K5T3I3/7L3S3/3GUTTED2E3 AMNNORR/AEIMNOW 345/396 0 -lex CSW24
admission-20260730-b4-p252	4	7OM2C2L/7KI2R1AY/6BEZ2OpEN/6EH3WAGE/6L5gI1/5BI1QUIPOS1/5OE2N2D2/5AVOWS1GAOL/6E2EF1S2/4GYRE1XI4/3PIU4NUN2/10ODA2/11OD2/4CRENATE1A2/6RATINES2 EILMRTV/AHIJRTU 354/422 0 -lex CSW24
admission-20260730-b4-p253	4	13QI/13AD/2I8JUD1/1AROW3ANOETIC/2O1REAMIEST2R/1IN1I9U/WOE1C9Z/E3KAGU6A/B1F2LUGS5D/FlEETER1H4BO/E1N5O4L1/D1N5V4E1/1MY5I4R1/HI6N4TE/AG6g5X ALNSTTV/AEILOPS 399/368 0 -lex CSW24
admission-20260730-b4-p254	4	3T7B3/2WO5QUIMS1/2ON7V3/2NY6PI3/2N7AA3/1NEROLIS2r4/2R4ELOGE3/6GRIPED3/10T4/5J2EYE2N1/4RAGWEeDS1A1/1MOZ1I5K1T1/2FOIL2CUBICA1/VITA7E1L1/6EXITED3 EFNORST/ADEHHOU 339/383 0 -lex CSW24
admission-20260730-b4-p255	4	W5TUM2COON/AZO2JAM1G2U2/BaNDROL2A2T2/3I2AVOYERS2/3X2QI1D2E2/2BY3E1A1RE2/2E6R1EN2/DEvO1WHIOS1P3/R1V8L3/AHI8A3/FAE1PANTSUIT3/FID8E3/1N13/1T13/15 EEGIKLT/CEILNOU 535/370 0 -lex CSW24
admission-20260730-b4-p256	4	3B3G2D4/3UP2O1GAVOT1/1ARBORIST1N1YES/3OU1NHANDU2L/4L5E3I/4A5R3C/4I1ZINES3E/2MANOAO6R/2I1E9S/2R10F1/2C4LEAsOWED/2HErEDITY3MI/2I10AX/13LI/14T AEFJRTV/EEKNOUW 382/423 0 -lex CSW24
admission-20260730-b4-p257	4	1CELOSIA3JAVA/1O5GAZOON2/1C9TI2/1O7REALMS/1T8p3P/1T2B4FE3R/1E2L1ANELING1E/4AUNE1UR1R1N/4WRY3I1A1T/3REB4D1T2/4D5S1E2/11IF1G/11XU1O/9VOIlES/11A2H EIMPTUW/DDIIKOQ 419/341 0 -lex CSW24
admission-20260730-b4-p258	4	7B7/7E1Z2OI1/7S1EA1JO1/7P1NE1IT1/7O2O1MA1/7U2NYE2/5ROTI2A1V1/3WAIDE2ACKEE/5FADDIsH1R1/11T1Y1/GARDANTS2XI3/U9EE3/L9N4/PrIVETS3I4/H5OUTLAWING BFGMNOO/CEEQRRU 419/324 0 -lex CSW24
admission-20260730-b4-p259	4	UDON3W7/sIDALCEA7/1MEW3YA6/8N6/8T1R4/1C6i1E4/OH6R1T4/IO3L1OURIER2/KA2FIVES1E4/1N1PIG2T1I4/DA1OX5N4/HE1PI5G4/O3V10/BANNERET1DOTAL1/I5MOTIF4 AEELSSU/BGRSUYZ 394/372 0 -lex CSW24
admission-20260730-b4-p260	4	7IDEAlOGy/7FOX3A1/13L1/8PUNCTUM/9RYU1T1/11PAH1/V11I2/I6GUENON2/E7R3ED1/W7A4O1/A2FANTEEGS2W1/BOLA3EMOTE1N1/L6NID3I1/E4Q2A4E1/3BRIKIS2VEST AIILORT/CJORRYZ 409/427 0 -lex CSW24
admission-20260730-b4-p261	4	DEEK11/2ROSEATE6/6MU3NU2/2LISPING2OH2/4W5cH3/3QAT3FOO3/4R4YAW3/3STUNT2L4/2JAI5I4/3VEININGS4/4R2M2E4/1GOB3B2D4/2DELTAIC6/7ZARF4/1RECAPTOR6 AADEINY/EELUVX? 356/401 0 -lex CSW24
admission-20260730-b4-p262	4	14G/14R/14I/14P/8TEABOWL/8OLEO1OE/13V1/3QI1VENT1AHEM/2JIN3YAUD1Ne/1ZA2FORME4R/CAmAIEU7G/LI1YOUK7I/ID4SEPTATE1N/NA12G/T6HEADLESS CORRSTW/BDFIIOX 364/429 0 -lex CSW24
admission-20260730-b4-p263	4	10FEZES/12I2/10QAT2/1GUAN6LI2/3GOLP3bO1AI/1MAINOUR2LO1JO/CAMO2NOH1A1EE1/A6OUKS1EEW/L7HIT3A/Y8FEEING/X9R4/4TRIVeTS4/1VIBE2E1W5/7N1P5/7D7 ADEIRST/CDENRTU 309/396 0 -lex CSW24
admission-20260730-b4-p264	4	7S3B3/7E3O3/6AILANTOS1/QuOP3Z3U3/2HESITANT1L3/6W4I3/4G1A4N3/3PRUNE3S2M/4E1G7E/4V1I6DA/3FE1ER2J2Is/2BI2RE2I2MU/2OK3L2VOWER/2OY1GLANCER1RE/2H4X6D AAFITTY/ACDEINT 346/487 0 -lex CSW24
admission-20260730-b4-p265	4	KOAP1THARM1G2U/1pRIDIAN1YBOUND/5GOER2N2A/10WE2L/9DE4/1VOLTA3IN4/5YUFTS4O/7AAS4R/6WEXED3C/9AE2FE/9TE2LI/10V2IN/10EBONS/13G1/7ETOILeS1 EEIPRRZ/AIJMOQT 317/431 0 -lex CSW24
admission-20260730-b4-p266	4	VEGIER4DZHOS/2U7A1APO/1PE7DEUS1/1I7JANN2/1G7OH4/1F2F4K5/1A2L3COVER2/1C1MATINAL4Q/1ET1N1OUR5I/2EAN3BORIDES/2WAY1BIOME4/1GAL11/1UR12/1IT12/1D13 EIRSTTX/IOTWY?? 263/433 0 -lex CSW24
admission-20260730-b4-p267	4	5JADED5/2BLOOIE7/2EAU9M/1FEZ1W4I3I/3ORATIONS3L/5V4O3T/5E4G2HE/V6TRIOR1UR/U9N2m1/MU7HA2O1/1N7EL2R1/1SPECKED1F3I1/BA4LENTISCS1/AW7Y3T1/EN13 AAGNPQT/ADEGOX? 366/386 0 -lex CSW24
admission-20260730-b4-p268	4	CARD2ROVE4G/3EUOI4MAYA/6FETERITAs/4T3U2ZE1O/4REJONEO3L/1PILAF2ID3KI/4N3EH3NE/4C1XIS3PUr/4H1U1T3AR1/4EW6V2/4SO6A2/5O6N2/2Q2L6E2/1SILTY6S2/15 ADDGINN/AGMORTW 437/448 0 -lex CSW24
admission-20260730-b4-p269	4	13ST/9C3TO/8IO3ET/7JOW3RE/3PIQUE2H1TAD/1WAIN2L1KY1AN1/7L1RE1MED/7EGO2B1O/7D1N1FE1U/6V2E1UR1X/4cHIMERIdS2/6BA3G3/6EN3Y3/6DOLL2ZAP/7R1INCAGE AAIORST/EFINOUV 284/389 0 -lex CSW24
admission-20260730-b4-p270	4	3L11/3A11/3I5COMET1/3RUPIA3USED/3A1INAPTEST2/3G6l4/3E6I4/3S2JOBED4/4F2V2I4/4A2E2N4/2V1r2R2G4/2IURE1C7/2Z1AFORE3KO1/1HI1N1BALM2YOW/HERETO1W1ENDURO AEILQST/ADGINOY 327/402 0 -lex CSW24
admission-20260730-b4-p271	4	3V10W/3E5IT3A/1B1G5OO3F/1E1I6L2AT/1N1EM5L2U1/1JA1A3AWEE1D1/2U1L4OR2I1/2X1A2BYES2T1/2E1I2IO3FE1/2T1SOLD1Q2AE1/2I1E2ERUVIN2/YOCKS4I2G2/2S6N2A2/9I5/5GRoUNDER2 HMPPTZ?/CDNNORT 340/409 0 -lex CSW24
admission-20260730-b4-p272	4	2TRIPLANE5/5A2AXES3/4GROVY2AE2/5O4QIN2/5C4I1G2/5H4N1U2/5I1MORSELS1/3BANGED3F1E/4MEOW6T/1JOKES1LEFTY2C/8NAIAD1E/3TaLONED1DITT/14e/14R/14A AIOOUUZ/BIPRRUV 363/451 0 -lex CSW24
admission-20260730-b4-p273	4	15/1V2kARAOKE4/1EUOI10/1I1UNGUES6/1L5WILD4/FY7YIRR2/O5OGEE5/U5PIX1ABATE/N5APORT1MEW/D10NICE/E5SNIRTED2/R6I2ATOC1/7Q7/7ASTHENIA/7B7 AEFGHLO/DJNOSTV 294/406 0 -lex CSW24
admission-20260730-b4-p274	4	15/15/15/1B1PUG9/FATIGUED7/EW3Y9/N4L8M/N2AcEROlA4A/E5EXO1NOM1L/CH4P2FEW2L/1U1CORRODED1J1E/KI4I4QUIT/I1NERTZ5V2/T5E2BAAED1/S5SAVINGS2 EHINOTY/AILORST 320/449 0 -lex CSW24
admission-20260730-b4-p275	4	2P3TRIADISM1/2O4E1XI3O/2U4N6U/2DZHO1E6T/2REASSAIL4F/1PENE2G1OO2QI/7u1OVA1IT/6sERFAGES1/10LEA2/5CUTICLE3/5U1H1AY4/5E1EEN5/6WOW6/5JARK6/6BY7 INNNORR/ADDGMTV 269/502 0 -lex CSW24
admission-20260730-b4-p276	4	CLIQUE1P7/3u3I7/3EH2N3F3/3Yo2D3R3/4R2A2GI3/3INDENTORS3/4D5AT3/3BOYAU2F4/4GAWP2T4/3ES1NOWN5/3V8O2/3O6JIZ1C/2DEVALL4E1A/5XI2MERKIN/4BEGORAH1I1T EMOORSU/AEELSTT 323/435 0 -lex CSW24
admission-20260730-b4-p277	4	MYNAH2B2W1D1E/4IXIA1FETIAL/1YOOP2J2T1F1A/HOED1WAULINGS1P/4Q5E2GI/4A1TOTES1TOD/4TOUK2S1ZO1/5UGALI1NAb1/11ERE1/11R1R1/8CRUVES1/11I3/11N3/11E3/15 ACEILV?/DEINORR 294/332 0 -lex CSW24
admission-20260730-b4-p278	4	3COZIER2HYeN/3RIOT1E4U1/3O4G1TRIP1/3W1E4HENNA/3DUG4R2O1/4NO3JOB1E1/3IWI3E1U1A1/3FEStIVE1L1SO/4AT3L1LA1I/4V4S2N1K/4E7G2/12L2/12I2/9ABAFT1/8DAIMYOS DDEENRT/ACEQRUX 403/311 0 -lex CSW24
admission-20260730-b4-p279	4	EF5E3V3/1EQUINAL3R1A1/ANI4U1TROGs1/3DZO1V3W1TA/4ARTICLES1UG/1JONG2A5TI/7T5EL/6WEB3IRE/1CONINES4M1R/1L10P2/1U10E2/BI10D2/HE10E2/AR7FONDA1/T14 IIOOSY?/EHKMOPY 361/388 0 -lex CSW24
admission-20260730-b4-p280	4	7U3YITE/7NONMeTAL/7C7/7O7/4RELIGION3/7N7/6ZEALOUS2/3PAVED3MILK/3E1A2DRIER2/3G1X9/1QATS10/2BO6FY3/2UP4ARIOSI1/2T1REFUGED4/JOSHER1HOT5 AADEIVW/ABEINNT 423/356 0 -lex CSW24
admission-20260730-b4-p281	4	MIAOU1APOLOGS2/4NITERY1R3/7ECESIC2/10HM3/4LIVEYERE3/3TIT3WIDE2/2NONART2V4/DZO4ADIEU3/1ABATiNG2R4/AX13/F14/F6B7/E6U7/EGOTISES7/R6H7 AILLNP?/DJNOOQW 320/430 0 -lex CSW24
admission-20260730-b4-p282	4	7CHINTZES/6MAA3I2/3I2ALT3M2/2UNDECK4B2/3T2R1ONESIES/P2I1JOHN5T/R5L7A/O2FOXIE6R/N1W1PUDDY5R/AVANT1E7I/T1G11L/EYED10y/1URE11/1G1U11/WAES11 ABOOQR?/EEILOOV 388/347 0 -lex CSW24
admission-20260730-b4-p283	4	14O/14U/3S10A/3EF9K/3ZE9A/4R1R7R/4B1E3W3I/3JAAPS1COMPTS/3AM1T3O1OR1/3U1FIL2N1OY1/1BENgALINES1TEE/Q2T2I5L1G/A2I2A5I1G/DATELINE4N1E/i2R3DUCT1G1R EOUVVWX/DDEHHNO 393/472 0 -lex CSW24
admission-20260730-b4-p284	4	2R12/1GI10G1/1AA10OU/1UTE9UM/1PAW9AE/1U11C1/1SLINTER5H1/3DOOFER1TYLER/2JET2mOAI2S1/1V1A2MINX5/1ANTIGENE6/1V1I3D7/3O1OBE7/1PINAFORE6/HODS2AS7 BCEILTY/EILNRW? 376/320 0 -lex CSW24
admission-20260730-b4-p285	4	INTEL1FERMI4/2R2PONE6/2UNCAPED3F2/2T1O7L2/2H1R2BIGGIE2/4OK6W2/2TUNER1JIAOS2/3MATELOtE4/5AHOY1O4/10N4/7V1QIN3/6DEVICE3/7X3D3/2WEBSTERS5/7R7 AAADGLU/IOSTUYZ 288/339 0 -lex CSW24
admission-20260730-b4-p286	4	7B7/2FOO2E1GROUT1/1CAPIZES4N2/2HE3P1FAVA2/4AQuIVER1I2/4DITTAY5/3B4R6/1LIONISED6/1O1U3NYE5/1G1J3G1X5/1SKELL1I1I5/3E3N1T5/7E7/1UNCOLTED6/AMAH3R7 IMORRS?/AAEENTU 320/414 0 -lex CSW24
admission-20260730-b4-p287	4	11Z3/11I3/6CARLINS2/1IcEBOAT3G3/3LINNET1V4/8R1A4/7GU1VOL2/O5FOLDS4/U4DOXY6/T4OR8/R1AJI1G2FECK2/U2ATTESTER4/NIMB2D2MAIN2/1OOSE10/4HAINED5 AEHPUWY/EEEIRW? 288/358 0 -lex CSW24
admission-20260730-b4-p288	4	11QATS/13A1/2N10T1/DoUCEUR2BEZ1U1/E1T2REGIONALS1/V1T7E4/O1Y3I1PURE3/I4ONIE1VAKIL/C5DOWLE4/E4BI8/4GRAFTER4/5E1O7/5A1R7/5M1TONISHLY/7H4MOE AAGISW?/DFIJNNO 303/413 0 -lex CSW24
admission-20260730-b4-p289	4	11CITY/11U2o/11T2N/11I2D/10ME2E/9PE3R/5B3IT3L/3JERKINGS2AY/3ARUANA4m1/1Z1DOX7B1/1EVET3QUINOA1/1LODE8G1/1OW1MI6HEW/1S2EF6ASH/COLDS2NATIVE1O EFILNOR/AGOPRTU 408/405 0 -lex CSW24
admission-20260730-b4-p290	4	DA13/AG13/nO2F10/CRUZIE9/EA2L1RONEO4/T3M4COWP2/T3I2JAAP4/E2BELgARD5/4S10/4TENSIBLE1G1/9YOW1R1/3AENEOUS1KHAN/6HIM4V1/8EQUINE1/6VISIT2R1 DEINRTU/DILOOTY 361/467 0 -lex CSW24
admission-20260730-b4-p291	4	6IBIDEM2S/11EA1C/P2PAV4JAG1a/ROWEN5ONO1N/I2LYCH5U1N/V4HAW1GUTTAE/E1QI2MAGI2I1R/T2FIRED3FEES/4TEDDER1OS2/5Z5L3/11I3/11A3/6UNITaRY2/15/15 ABEKSTX/ELLNOOO 342/364 0 -lex CSW24
admission-20260730-b4-p292	4	15/15/8J6/8EF1G3/2A5TOHO3/1QIN5BOOM2/2E8FuD1/DERV3URANYLIC/2YA5WE1C1O/3L5HI1T1L/2KOA4EN1I1O/2URP4EE1N1n/1AR1G4LI1G1I/1XI1AMOWTS4S/BESTRIDE6E ADINSTU/AANRTVZ 410/326 0 -lex CSW24
admission-20260730-b4-p293	4	3CEROON2F3/E2U3BANTERED/T2R2JOW2A3/I2V7T3/O2Y7I3/L4NTH1QIn3/AG2AUA1KING3/TIMID1WOE1C4/EL1TOLA1X1E1B2/1L8D1U2/1E8E1R2/1R5ZAIDAS2/12A2/12r2/11HYPO EFNOPRU/EEIIMNV 468/327 0 -lex CSW24
admission-20260730-b4-p294	4	5C7GO/5U7Ar/2QI1B2FAV2MI/2INTERLAY1W1YE/3TO6H2N/3EN3WANIEST/O1ERG2IO2Z2A/C1ER1MPOX5L/T1KO1AA8/AB1wORDIER5/DI2DEID7/1JUPE10/NOH12/1U13/15 EGLSTTV/EEINRSS 467/359 0 -lex CSW24
admission-20260730-b4-p295	4	13C1/12QI1/11DIVA/11O1EL/5TUTeNAGS1T/11E2E/6BAM2A2R/C5YAYS1R1DE/O2PIPE2EHS1UR/H3OE1L1NE2X1/O1JIN2O1AW4/GOAF3V1R5/SUK4A1I5/3INTEGRIN4/FOID3E7 BDEILN?/LORTTWZ 411/404 0 -lex CSW24
admission-20260730-b4-p296	4	F10COcO/O12H1/R1W7UNJAM/BHAI3MILPA1T1/1AI6IO2T1/1OF9BE1/2E8GED1/WEDGE1VAX2ET2/4A2YU2ET2/3USQUE3PI2/4I7E2/3ALLEGIANTS2/3NY10/3N11/2COONSKIN5 DDLRRZ?/AEIRRST 343/356 0 -lex CSW24
admission-20260730-b4-p297	4	7C3B3/7H3U3/4COVARIED3/3YA2P2EAN2/3AB5R1E2/3P6I1A2/3OR2QI1E1L2/3KAOlINES1I1D/4G5T1N1O/1Z2T7G1M/1O2A9I/1R2I3FENURON/1ROULETtE5A/1O3XI7T/6STUDIES1E DEHLSVW/AFJLMWY 496/450 0 -lex CSW24
admission-20260730-b4-p298	4	15/2C12/2O12/2V12/2ID11/2DUMPS8/1L1RARK8/1AGREEING6/1M3G5Q2F/1BAD1RETINOIC1L/1EN1JO2SIR3O/1NO1OwT2FAX2B/UTA1ETHANEDIOLS/W4HA5YO1/U5TWEELY3 EEEINV?/AAPRSTZ 436/335 0 -lex CSW24
admission-20260730-b4-p299	4	6VAPID4/5QI4U1R1/6SUIVANTE1/5REGO1EM1I1/4C5RE1N1/4UH3KOW1F1/4NO3ABS1E1/4DITA2O2CH/4Y2WOOT2TE/5ZEA6D/2LITED2BIGEYE/3OILS7R/1JANNS9/PAL12/15 EEGLTU?/AMNORR? 353/383 0 -lex CSW24
admission-20260730-b4-p300	4	R13C/U13E/G1I2QaWWALIS1P/GUNK4ELATIVE/Y1DOGFaCE1ZAS2/1ME6JO4/VOX1EPEIRA5/IO2FANO1BENDAY/DI11R1/E12N1/O12A1/9LID1T1/6HUMANIST1/13O1/15 EHINRTU/ABELRST 420/361 0 -lex CSW24
admission-20260730-b4-p301	4	15/12D2/8QUiPU2/11AX1M/11N2I/5V3VAKILS/5E5O2L/5GLIT1A3E/4TO2ENPRINT/1YEOW2B1EE3O/4I1EE1AD2Fe/3GLITZ1FOR1U1/4T1HA1EM1GJU/7N5I1/2CARDITIS1WASE ADEERRS/ABCHNOO 324/344 0 -lex CSW24
admission-20260730-b4-p302	4	1Q5G7/JIZ4R5V1/2EUsOCIAl2LI1/1LAME1IS3BOG1/4TIVY3OU2/6I3DUNGS/6CHAFERS1H/7ELAND2O/5PYRAN3EW/6ABED3X1/1TONNERS5O1/EINA9P1/1LEW9O1/13D1/15 EEEFIOR/AIKRTTU 289/394 0 -lex CSW24
admission-20260730-b4-p303	4	GOTHY6BEGO/OX2EVE1C1QI2E/2ABRAM1L1UR2S/PITY1SUPERADD1T/8A1I3R/8N1L3O/8O4AN/7CUFFO1NE/8T1O1JA1/10L1UN1/10DEN2/11W3/8KNAWEL1/5ZETA4I1/11MIDI AEEGORT/IIRSV?? 371/381 0 -lex CSW24
admission-20260730-b4-p304	4	7Q7/7U7/2U3MINGIER2/PING3C3C3/2S4k2JAK2/2T6MODI1R/2A6OE3O/2IN2GOLDY1N1U/2DOY1UFO3ERE/3VIBE1OAT1SEN/3AL4HE1HE1/3ELT2VAWTED1/5I6REZ/5X7NA/14P AAELRSW/BIORST? 341/342 0 -lex CSW24
admission-20260730-b4-p305	4	V2DIgITRON4/AW2C4XED3/LI2K10/EN2I10/R3L10/AYU1YU9/T1V2N9/E1ABATTU7/1BE1GU9/1E1FANTASIED3/1H2ZE3OHIA2/1O1ME6G3/1W1O3SEROSAE1/1L1J1Q9/1SCORIAE7 DILNOPT/GINORR? 448/410 0 -lex CSW24
admission-20260730-b4-p306	4	3TIBIA3PHOT/6DROOLIER1/10E3T/8GLIFF1I/10S3D/9PUNNED/8JOR3L/7KAMES2I/5AVOW1DE1AE/5ZENS2A1UR/4WOX4M1r1/3RONT4I1O1/11N1RE/11G1AT/7CULTS1EH AABCEGY/IINQUV? 432/422 0 -lex CSW24
admission-20260730-b4-p307	4	3CYMAE7/3O3HEAtHER1/3P7AX2/3A6NOOIT/3YA2U7/OW2L2N7/EEW1I2G7/SEAQuAKE7/2BUNION7/1V1AD2U1B5/1I1FERTILIZED2/1T1F3N1VAN3/ORDS2REJIG4/1O7U5/9M5 CELRSTT/EGOPRST 372/382 0 -lex CSW24
admission-20260730-b4-p308	4	7HEREINTO/1GLOAM1O7/3V3L3ZEIN/3I3A2BATTY/3STEARaTE4/3A3D7/1Q1CLOW5F2/YUKS1DOO2JERID/1OE3EBRIOsE2/1PA9N2/2V8DE2/2I8UM2/2E8XI2/12E2/10UNSAW AFGIPSU/GHNNRRT 399/353 0 -lex CSW24
admission-20260730-b4-p309	4	JANE11/1REDIRECT6/8A6/3S4WAVILY1/3T4N1O4/3A1B2I1u4/3R1OR1E1C4/3TUTEES1H4/2EL1HM3I4/1GLEBY4n4/2OD6G4/2P8PUNK/2E3LIAISON2/1ASIAGO2NOOIT1/4DOWAR6 EEFIMRU/AEFNQTV 300/418 0 -lex CSW24
admission-20260730-b4-p310	4	7E7/7X7/2Q2STOURIER2/MAUVIN1N7/O1E2A4D4/O1S2R3KI3P/V1O2F3NA3R/E4I1PEAZED1O/4UNDERGO1URN/5G6LIE/12CAL/7BINATELY/12T2/7wHEYISH1/2BIFACE7 AAGJOSW/DILMOTT 408/346 0 -lex CSW24
admission-20260730-b4-p311	4	N14/A1G12/ADO8C3/MUX6L1R3/1P2C4UmE3/TA2A4ZED1F1/IT2R5N2A1/ET2B1FRIBS2AG/1EQUINE3h3L/2O1D4WE3I/2P1E4ON3D/2HM3K1O1YEVE/2SI2LAWNIER2/3N3R7/YAHOO2T7 EGIIRTT/AEJLOSU 406/311 0 -lex CSW24
admission-20260730-b4-p312	4	15/13T1/12ZO1/11LID1/10JOTA1/10IO1YE/10G1W1L/UNRIG2QINS1O1M/3NUCLIDE2U1Y/9FOEn2/3KHARIFs2D2/VELA7HE2/5ANIMATER2/BANDITO1EX1R3/AWEE2OOSE1B3 GIPPRSU/AACERST 454/405 0 -lex CSW24
admission-20260730-b4-p313	4	15/1T13/1R13/1U9O3/1E2I6V1I1/AD2N4JEEPS1/C1G1I1HAPU1R2O/A1A1T1ERENOW1OM/R1L1I1YEN1REVS1/OILCANS3ZA1T1/I1I1L5OK1I1/D1UNSHARED2FAW/2M9UTA/12BED/14Y EGILOOQ/FGNTT?? 457/375 0 -lex CSW24
admission-20260730-b4-p314	4	1T5B1SUIVEZ/1O4TOFTS4/aG5R7/PA5E7/IT5E7/ME3B1NOM5/A4L2WAUL3/N2PIERCED1AGUE/I1W2N1I7/AQUA1D1RIVALISE/2R1J2R7/2STANDING5/2T1C10/4K10/4YONI7 AEHLORY/EEHOOX? 275/400 0 -lex CSW24
admission-20260730-b4-p315	4	3F3Q7/3I1V1I7/1PILLARS7/3T1R9/3H1D9/1V3I3N4C/1OW2E3I4O/OMEGAs1OYEZ3O/2I3UDO1i1WEE/2G3TAU1N1AXE/1CERISES2KAB2/J1L7ID3/O1A7EME2/HASTY5REG2/N10NO2 DEINRRT/BFLNPTT 421/337 0 -lex CSW24
admission-20260730-b4-p316	4	7T7/7A7/1TRILOBE7/5HANGNEST2/7I3C3/5V1A3O3/5A5T3/EF1W1l1AGLOO3/1EPICENE2UMU2/WHIT1R5I3/A1RADIAL2DeX2/Q2N1A1E2USE2/F1G2N1V2I1D2/1JEELS1I7/ZOO4N7 EEORSTY/DIMOPRR 271/425 0 -lex CSW24
admission-20260730-b4-p317	4	15/15/2BUPLEvER5/1VOR4G6/3NoNANOIC4/8T6/6TWILT4/3COOEES3SOZ/2H1YUM1E2QIN1/1JA2PEG4D2/1OI4A3FE2/2REHEATED1AS2/1KI3DIXI2M2/1OF4N1BOYAU1/1R5G4N2 AEILRST/AELTUVW 395/414 0 -lex CSW24
admission-20260730-b4-p318	4	15/15/NEUM11/1TROOLIE7/2EPHA1U2G2G1/4OD1T1ZINCO1/6QAT1F2U1/6IXIAS2RE/5F1I5DE/1JIVEY1A4G1W/BO2ALIsONs1L2/ON3E6A2/UT3SERIATED2/NY7METER1/D14 BCEKOPV/AALNRRS 370/316 0 -lex CSW24
admission-20260730-b4-p319	4	11PAWA/8KABELE1/2V1SIXTY1AWE2/QUOIT5NEF2/U1D7DE3/I1U6FE3M/N1N6LI3I/A6INORB2G/9RAI2R/9E1S2a/3LAmAISTIC2T/11O2O/11TZAR/9MUTER1/5CHODE1O3 HNNPRVY/EEGLOOS 340/448 0 -lex CSW24
admission-20260730-b4-p320	4	BUY12/1MOW4S6/2G5E6/2EF4R6/2EE1I2O2B3/3ZOO2O2A3/4X3N2N1I1/4HAHAS2D1OR/4E2N3O1DE/4AY1A3L1AL/4DE1L3I1TI/3J1A1C3EREV/2QI2PICTURE1I/1LUM3T6n/DIAPENTE6G NNRRTTU/AFGISS? 371/471 0 -lex CSW24
